playerID,awardID,yearID,lgID,tie,notes
abramcj01,Player of the Week,2023,NL,,Week of 2023-07-15
abreubo01,Gold Glove,2005,NL,,OF
abreubo01,Player of the Month,2005,NL,,May
abreubo01,Player of the Month,2009,AL,,July
abreubo01,Player of the Week,2001,NL,,Week of 2001-06-02
abreubo01,Player of the Week,2004,NL,,Week of 2004-07-03
abreubo01,Player of the Week,2005,NL,,Week of 2005-05-14
abreubo01,Player of the Week,2010,AL,,Week of 2010-08-15
abreubo01,Silver Slugger,2004,NL,,OF
abreujo02,All-MLB Team - Second Team,2020,ML,,1B
abreujo02,Hank Aaron Award,2020,AL,,
abreujo02,MLB Players Choice Outstanding Player,2020,AL,,
abreujo02,MLB Players Choice Outstanding Rookie,2014,AL,,
abreujo02,Most Valuable Player,2020,AL,,
abreujo02,Player of the Month,2014,AL,,April
abreujo02,Player of the Month,2014,AL,,July
abreujo02,Player of the Month,2020,AL,,August
abreujo02,Player of the Month,2021,AL,,August
abreujo02,Player of the Week,2014,AL,Y,Week of 2014-04-27
abreujo02,Player of the Week,2015,AL,Y,Week of 2015-08-02
abreujo02,Player of the Week,2015,AL,Y,Week of 2015-09-20
abreujo02,Player of the Week,2017,AL,,Week of 2017-05-27
abreujo02,Player of the Week,2020,AL,,Week of 2020-08-22
abreujo02,Player of the Week,2021,AL,,Week of 2021-05-29
abreujo02,Rookie of the Month,2014,AL,,April
abreujo02,Rookie of the Month,2014,AL,,July
abreujo02,Rookie of the Month,2014,AL,,June
abreujo02,Rookie of the Year,2014,AL,,
abreujo02,Silver Slugger,2014,AL,,1B
abreujo02,Silver Slugger,2018,AL,,1B
abreujo02,Silver Slugger,2020,AL,,1B
abreujo02,This Year in Baseball Rookie of the Year,2014,ML,,MLB.com GIBBY
abreujo02,TSN All-Star,2020,AL,,1B
abreujo02,TSN All-Star,2022,AL,,1B
abreujo02,TSN Major League Player of the Year,2020,ML,,
abreujo02,TSN Rookie of the Year,2014,AL,,
abreuwi02,Gold Glove,2024,AL,,RF
abreuwi02,Gold Glove,2025,AL,,RF
acunaro01,All-MLB Team - First Team,2023,ML,,OF
acunaro01,All-MLB Team - Second Team,2019,ML,,OF
acunaro01,All-MLB Team - Second Team,2020,ML,,OF
acunaro01,Comeback Player of the Year,2025,NL,,
acunaro01,Hank Aaron Award,2023,NL,,
acunaro01,MLB Players Choice Comeback Player,2022,NL,,
acunaro01,MLB Players Choice Outstanding Player,2023,NL,,
acunaro01,MLB Players Choice Outstanding Rookie,2018,NL,,
acunaro01,MLB Players Choice Player of the Year,2023,ML,,
acunaro01,Most Valuable Player,2023,NL,,
acunaro01,Player of the Month,2021,NL,,April
acunaro01,Player of the Month,2023,NL,,April
acunaro01,Player of the Month,2023,NL,,June
acunaro01,Player of the Month,2023,NL,,September
acunaro01,Player of the Week,2018,NL,,Week of 2018-08-18
acunaro01,Player of the Week,2019,NL,,Week of 2019-04-13
acunaro01,Player of the Week,2021,NL,,Week of 2021-04-17
acunaro01,Player of the Week,2023,NL,,Week of 2023-07-01
acunaro01,Player of the Week,2025,NL,,Week of 2025-06-14
acunaro01,Rookie of the Month,2018,NL,,August
acunaro01,Rookie of the Year,2018,NL,,
acunaro01,Silver Slugger,2019,NL,,OF
acunaro01,Silver Slugger,2020,NL,,OF
acunaro01,Silver Slugger,2023,NL,,OF
acunaro01,TSN All-Star,2018,NL,,OF
acunaro01,TSN All-Star,2019,NL,,OF
acunaro01,TSN All-Star,2020,NL,,OF
acunaro01,TSN All-Star,2023,NL,,OF
acunaro01,TSN Major League Player of the Year,2023,ML,,
acunaro01,TSN Rookie of the Year,2018,NL,,
adamewi01,Player of the Week,2021,NL,,Week of 2021-07-17
adamewi01,Player of the Week,2022,NL,,Week of 2022-04-30
adamewi01,Player of the Week,2024,NL,,Week of 2024-06-01
adelljo01,Player of the Week,2025,AL,,Week of 2025-09-06
affelje01,This Year in Baseball Setup Man of the Year,2009,ML,,MLB.com GIBBY
ahmedni01,Gold Glove,2018,NL,,SS
ahmedni01,Gold Glove,2019,NL,,SS
ahmedni01,Player of the Month,2019,NL,Y,August
albieoz01,All-MLB Team - Second Team,2021,ML,,2B
albieoz01,All-MLB Team - Second Team,2023,ML,,2B
albieoz01,Player of the Week,2021,NL,,Week of 2021-07-03
albieoz01,Silver Slugger,2019,NL,,2B
albieoz01,Silver Slugger,2021,NL,,2B
albieoz01,TSN All-Star,2021,NL,,2B
albieoz01,TSN All-Star,2023,NL,,2B
alcansa01,All-MLB Team - First Team,2022,ML,,SP
alcansa01,Cy Young Award,2022,NL,,
alcansa01,MLB Players Choice Outstanding Pitcher,2022,NL,,
alcansa01,Pitcher of the Month,2022,NL,,June
alcansa01,Player of the Week,2022,NL,,Week of 2022-05-21
alcansa01,TSN All-Star,2022,NL,,SP
alcansa01,TSN Pitcher of the Year,2022,NL,,
alfonan01,Reliever of the Year Award,2000,NL,,
alfonan01,TSN Fireman of the Year,2000,NL,,
allenco01,Reliever of the Month,2017,AL,,April
alomaro01,Gold Glove,2000,AL,,2B
alomaro01,Gold Glove,2001,AL,,2B
alomaro01,Silver Slugger,2000,AL,,2B
alomaro01,TSN All-Star,2000,AL,,2B
alonspe01,All-MLB Team - First Team,2019,ML,,1B
alonspe01,MLB Players Choice Outstanding Rookie,2019,NL,,
alonspe01,Player of the Week,2019,NL,,Week of 2019-06-22
alonspe01,Player of the Week,2022,NL,Y,Week of 2022-09-24
alonspe01,Player of the Week,2023,NL,,Week of 2023-07-29
alonspe01,Player of the Week,2024,NL,,Week of 2024-04-13
alonspe01,Player of the Week,2025,NL,,Week of 2025-06-07
alonspe01,Rookie of the Month,2019,NL,,April
alonspe01,Rookie of the Month,2019,NL,,June
alonspe01,Rookie of the Month,2019,NL,,September
alonspe01,Rookie of the Year,2019,NL,,
alonspe01,Silver Slugger,2025,NL,,1B
alonspe01,TSN All-Star,2025,NL,,1B
alonspe01,TSN Rookie of the Year,2019,NL,,
alonsyo01,Player of the Week,2017,AL,,Week of 2017-05-06
aloumo01,Player of the Week,2002,NL,,Week of 2002-09-07
altuvjo01,ALCS MVP,2019,AL,,
altuvjo01,All-MLB Team - First Team,2022,ML,,2B
altuvjo01,All-MLB Team - Second Team,2019,ML,,2B
altuvjo01,All-MLB Team - Second Team,2024,ML,,2B
altuvjo01,Babe Ruth Award,2017,ML,Y,
altuvjo01,Gold Glove,2015,AL,,2B
altuvjo01,Hank Aaron Award,2017,AL,,
altuvjo01,Lou Gehrig Memorial Award,2016,ML,,
altuvjo01,Majestic Athletic Always Game Award,2015,ML,,
altuvjo01,Majestic Athletic Always Game Award,2016,ML,,
altuvjo01,MLB Players Choice Outstanding Player,2016,AL,,
altuvjo01,MLB Players Choice Outstanding Player,2017,AL,,
altuvjo01,MLB Players Choice Player of the Year,2016,ML,,
altuvjo01,MLB Players Choice Player of the Year,2017,ML,,
altuvjo01,Most Valuable Player,2017,AL,,
altuvjo01,Player of the Month,2016,AL,,June
altuvjo01,Player of the Month,2017,AL,,July
altuvjo01,Player of the Week,2015,AL,Y,Week of 2015-05-03
altuvjo01,Player of the Week,2016,AL,Y,Week of 2016-04-16
altuvjo01,Player of the Week,2017,AL,,Week of 2017-07-08
altuvjo01,Player of the Week,2023,AL,,Week of 2023-08-12
altuvjo01,Player of the Week,2023,AL,,Week of 2023-09-09
altuvjo01,Silver Slugger,2014,AL,,2B
altuvjo01,Silver Slugger,2015,AL,,2B
altuvjo01,Silver Slugger,2016,AL,,2B
altuvjo01,Silver Slugger,2017,AL,,2B
altuvjo01,Silver Slugger,2018,AL,,2B
altuvjo01,Silver Slugger,2022,AL,,2B
altuvjo01,Silver Slugger,2024,AL,,2B
altuvjo01,This Year in Baseball Best Major Leaguer,2017,ML,,Esurance
altuvjo01,This Year in Baseball Best Major Leaguer - Postseason,2017,ML,Y,Esurance
altuvjo01,This Year in Baseball Breakout Hitter of the Year,2014,ML,,MLB.com GIBBY
altuvjo01,This Year in Baseball Breakout Player of the Year,2014,ML,,MLB.com GIBBY
altuvjo01,TSN All-Star,2016,AL,,2B
altuvjo01,TSN All-Star,2017,AL,,2B
altuvjo01,TSN All-Star,2018,AL,,2B
altuvjo01,TSN All-Star,2024,AL,,2B
altuvjo01,TSN Major League Player of the Year,2016,ML,,
altuvjo01,TSN Major League Player of the Year,2017,ML,,
alvarfr01,Rookie of the Month,2023,NL,,July
alvarhe01,Player of the Week,2013,NL,,Week of 2013-09-29
alvarpe01,Player of the Week,2010,NL,,Week of 2010-09-26
alvarpe01,Player of the Week,2012,NL,,Week of 2012-09-03
alvarpe01,Player of the Week,2013,NL,,Week of 2013-06-23
alvarpe01,Rookie of the Month,2010,NL,,September
alvarpe01,Silver Slugger,2013,NL,,3B
alvaryo01,ALCS MVP,2021,AL,,
alvaryo01,All-MLB Team - First Team,2022,ML,,DH
alvaryo01,All-MLB Team - Second Team,2019,ML,,DH
alvaryo01,All-MLB Team - Second Team,2021,ML,,DH
alvaryo01,All-MLB Team - Second Team,2023,ML,,DH
alvaryo01,All-MLB Team - Second Team,2024,ML,,DH
alvaryo01,MLB Players Choice Outstanding Rookie,2019,AL,,
alvaryo01,Player of the Month,2022,AL,,June
alvaryo01,Player of the Month,2023,AL,,September
alvaryo01,Player of the Week,2022,AL,,Week of 2022-06-04
alvaryo01,Player of the Week,2022,AL,,Week of 2022-09-17
alvaryo01,Player of the Week,2024,AL,,Week of 2024-08-10
alvaryo01,Rookie of the Month,2019,AL,,August
alvaryo01,Rookie of the Month,2019,AL,,July
alvaryo01,Rookie of the Month,2019,AL,,June
alvaryo01,Rookie of the Year,2019,AL,,
alvaryo01,Silver Slugger,2022,AL,,DH
alvaryo01,TSN All-Star,2022,AL,,DH
alvaryo01,TSN All-Star,2024,AL,,DH
alvaryo01,TSN Rookie of the Year,2019,AL,,
anderbr04,Rookie of the Month,2009,AL,,September
anderco01,Pitcher of the Month,2015,AL,,September
anderga01,All-Star Game MVP,2003,ML,,
anderga01,Player of the Week,2003,AL,,Week of 2003-06-07
anderga01,Player of the Week,2003,AL,,Week of 2003-07-12
anderga01,Silver Slugger,2002,AL,,OF
anderga01,Silver Slugger,2003,AL,,OF
anderga01,TSN All-Star,2002,AL,,OF
anderga01,TSN All-Star,2003,AL,,OF
anderni01,All-MLB Team - First Team,2020,ML,,RP
anderti01,Player of the Month,2019,AL,,April
anderti01,Silver Slugger,2020,AL,,SS
anderti01,TSN All-Star,2020,AL,,SS
andruel01,This Year in Baseball Defensive Player of the Year,2010,ML,,MLB.com GIBBY
andujmi01,MLB Players Choice Outstanding Rookie,2018,AL,,
andujmi01,Rookie of the Month,2018,AL,,August
andujmi01,Rookie of the Month,2018,AL,,June
andujmi01,TSN Rookie of the Year,2018,AL,,
ankieri01,TSN Rookie Pitcher of the Year,2000,NL,,
aquinar01,Player of the Month,2019,NL,Y,August
aquinar01,Player of the Week,2019,NL,,Week of 2019-08-10
aquinar01,Rookie of the Month,2019,NL,,August
archech01,Pitcher of the Month,2013,AL,,July
archech01,Player of the Week,2015,AL,,Week of 2015-06-07
archech01,Rookie of the Month,2013,AL,,July
archech01,This Year in Baseball Best Social Media Personality,2015,ML,,Esurance
arenano01,All-MLB Team - Second Team,2022,ML,,3B
arenano01,Gold Glove,2013,NL,,3B
arenano01,Gold Glove,2014,NL,,3B
arenano01,Gold Glove,2015,NL,,3B
arenano01,Gold Glove,2016,NL,,3B
arenano01,Gold Glove,2017,NL,,3B
arenano01,Gold Glove,2018,NL,,3B
arenano01,Gold Glove,2019,NL,,3B
arenano01,Gold Glove,2020,NL,,3B
arenano01,Gold Glove,2021,NL,,3B
arenano01,Gold Glove,2022,NL,,3B
arenano01,Majestic Athletic Always Game Award,2017,ML,,
arenano01,Platinum Glove,2017,NL,,
arenano01,Platinum Glove,2018,NL,,
arenano01,Platinum Glove,2019,NL,,
arenano01,Platinum Glove,2020,NL,,
arenano01,Platinum Glove,2021,NL,,
arenano01,Platinum Glove,2022,NL,,
arenano01,Player of the Month,2015,NL,,September
arenano01,Player of the Month,2017,NL,,July
arenano01,Player of the Month,2022,NL,,April
arenano01,Player of the Month,2022,NL,,August
arenano01,Player of the Week,2014,NL,,Week of 2014-08-24
arenano01,Player of the Week,2015,NL,,Week of 2015-06-28
arenano01,Player of the Week,2016,NL,Y,Week of 2016-04-16
arenano01,Player of the Week,2017,NL,,Week of 2017-07-22
arenano01,Player of the Week,2018,NL,,Week of 2018-06-23
arenano01,Player of the Week,2019,NL,,Week of 2019-05-25
arenano01,Player of the Week,2022,NL,,Week of 2022-04-09
arenano01,Player of the Week,2022,NL,,Week of 2022-08-06
arenano01,Silver Slugger,2015,NL,,3B
arenano01,Silver Slugger,2016,NL,,3B
arenano01,Silver Slugger,2017,NL,,3B
arenano01,Silver Slugger,2018,NL,,3B
arenano01,Silver Slugger,2022,NL,,3B
arenano01,This Year in Baseball Best Defensive Player,2017,ML,,Esurance
arenano01,This Year in Baseball Best Play - Offense,2017,ML,,Esurance
arenano01,TSN All-Star,2018,NL,,3B
arenano01,TSN All-Star,2022,NL,,3B
arencjp01,Player of the Week,2012,AL,,Week of 2012-05-20
arozara01,ALCS MVP,2020,AL,,
arozara01,Babe Ruth Award,2020,ML,,
arozara01,Rookie of the Year,2021,AL,,
arraelu01,Player of the Week,2024,NL,,Week of 2024-05-25
arraelu01,Silver Slugger,2022,AL,,UT
arraelu01,Silver Slugger,2023,NL,,2B
arrieja01,Cy Young Award,2015,NL,,
arrieja01,Pitcher of the Month,2015,NL,,August
arrieja01,Pitcher of the Month,2015,NL,,September
arrieja01,Pitcher of the Month,2016,NL,,April
arrieja01,Pitcher of the Month,2017,NL,,August
arrieja01,Player of the Week,2015,NL,,Week of 2015-07-12
arrieja01,Player of the Week,2015,NL,,Week of 2015-08-30
arrieja01,Player of the Week,2015,NL,,Week of 2015-09-27
arrieja01,Player of the Week,2016,NL,,Week of 2016-04-23
arrieja01,Silver Slugger,2016,NL,,P
arrieja01,This Year in Baseball Best Breakout Player,2015,ML,,Esurance
arrieja01,This Year in Baseball Best Pitcher,2015,ML,,Esurance
arrigsp01,Rookie of the Month,2024,AL,,August
arroybr01,Gold Glove,2010,NL,,P
arroybr01,Player of the Week,2008,NL,Y,Week of 2008-08-30
atkinga01,Player of the Week,2006,NL,,Week of 2006-04-08
atkinga01,Player of the Week,2006,NL,,Week of 2006-09-30
atkinga01,Rookie of the Month,2005,NL,,June
aurilri01,Player of the Week,2001,NL,,Week of 2001-07-28
aurilri01,Player of the Week,2003,NL,,Week of 2003-07-19
aurilri01,Silver Slugger,2001,NL,,SS
aurilri01,TSN All-Star,2001,NL,,SS
ausmubr01,Gold Glove,2001,NL,,C
ausmubr01,Gold Glove,2002,NL,,C
ausmubr01,Gold Glove,2006,NL,,C
avilaal01,Silver Slugger,2011,AL,,C
avilemi01,Player of the Week,2008,AL,Y,Week of 2008-08-02
axforjo01,Reliever of the Month,2011,ML,,July
axforjo01,Reliever of the Year Award,2011,NL,,
aybarer01,Gold Glove,2011,AL,,SS
aybarer01,Player of the Week,2011,AL,Y,Week of 2011-09-18
baderha01,Gold Glove,2021,NL,,RF
baderha01,Player of the Week,2021,NL,,Week of 2021-09-25
baezja01,Gold Glove,2020,NL,,SS
baezja01,NLCS MVP,2016,NL,Y,Co-MVP
baezja01,Player of the Week,2018,NL,,Week of 2018-06-30
baezja01,Silver Slugger,2018,NL,,2B
baezja01,TSN All-Star,2018,NL,,2B
bagweje01,Player of the Month,2001,NL,,July
bagweje01,Player of the Week,2000,NL,,Week of 2000-08-12
bailean01,Player of the Week,2013,AL,Y,Week of 2013-04-21
bailean01,Rookie of the Month,2009,AL,,August
bailean01,Rookie of the Year,2009,AL,,
baileho02,Player of the Week,2009,NL,,Week of 2009-10-04
baileho02,Player of the Week,2012,NL,,Week of 2012-09-28
baileho02,Player of the Week,2013,NL,Y,Week of 2013-07-07
bailepa01,Gold Glove,2024,NL,,C
bailepa01,Gold Glove,2025,NL,,C
bakerje03,Player of the Week,2008,NL,,Week of 2008-06-21
baldero01,Rookie of the Month,2003,AL,,April
baldero01,Rookie of the Month,2003,AL,,May
baldwdr01,Rookie of the Year,2025,NL,,
baldwja01,Pitcher of the Month,2000,AL,,May
bannibr01,Player of the Week,2008,AL,Y,Week of 2008-04-12
bannibr01,Rookie of the Month,2007,AL,,August
bannibr01,Rookie of the Month,2007,AL,,June
bardda01,MLB Players Choice Comeback Player,2020,NL,,
bardda01,TSN Comeback Player of the Year,2020,NL,,
bardebr01,Rookie of the Month,2009,NL,,April
barfijo02,Rookie of the Month,2006,NL,,July
barmecl01,Rookie of the Month,2005,NL,,April
barneda01,Gold Glove,2012,NL,,2B
barneda01,Rookie of the Month,2011,NL,,April
barnema01,Reliever of the Month,2021,AL,,April
barnhtu01,Gold Glove,2017,NL,,C
barnhtu01,Gold Glove,2020,NL,,C
barraky01,Reliever of the Month,2018,NL,,June
barremi01,Player of the Week,2002,NL,Y,Week of 2002-04-14
barremi01,Silver Slugger,2005,NL,,C
bassich01,Pitcher of the Month,2020,AL,,September
batisto01,Player of the Week,2004,NL,,Week of 2004-09-18
bauertr01,All-MLB Team - First Team,2020,ML,,SP
bauertr01,Cy Young Award,2020,NL,,
bauertr01,MLB Players Choice Outstanding Pitcher,2020,NL,,
bauertr01,Pitcher of the Month,2020,NL,,September
bauertr01,Player of the Week,2019,AL,,Week of 2019-06-15
bautida01,Player of the Week,2004,NL,,Week of 2004-04-24
bautife01,All-MLB Team - First Team,2023,ML,,RP
bautife01,Reliever of the Month,2023,AL,,April
bautife01,Reliever of the Month,2023,AL,,July
bautife01,Reliever of the Month,2023,AL,,June
bautife01,Reliever of the Year Award,2023,AL,,
bautife01,TSN All-Star,2023,AL,,RP
bautife01,TSN Reliever of the Year,2023,AL,,
bautijo02,Hank Aaron Award,2010,AL,,
bautijo02,Hank Aaron Award,2011,AL,,
bautijo02,Player of the Month,2010,AL,,August
bautijo02,Player of the Month,2010,AL,Y,July
bautijo02,Player of the Month,2011,AL,,April
bautijo02,Player of the Month,2011,AL,,May
bautijo02,Player of the Month,2012,AL,,June
bautijo02,Player of the Week,2010,AL,,Week of 2010-05-16
bautijo02,Player of the Week,2010,AL,,Week of 2010-08-29
bautijo02,Player of the Week,2010,AL,Y,Week of 2010-08-01
bautijo02,Player of the Week,2011,AL,Y,Week of 2011-07-04
bautijo02,Silver Slugger,2010,AL,,OF
bautijo02,Silver Slugger,2011,AL,,OF
bautijo02,Silver Slugger,2014,AL,,OF
bautijo02,This Year in Baseball Best Play - Offense,2015,ML,,Esurance
bayja01,MLB Players Choice Outstanding Rookie,2004,NL,,
bayja01,Player of the Month,2006,NL,,May
bayja01,Player of the Week,2005,NL,,Week of 2005-08-13
bayja01,Player of the Week,2006,NL,,Week of 2006-05-27
bayja01,Player of the Week,2006,NL,Y,Week of 2006-05-20
bayja01,Player of the Week,2007,NL,,Week of 2007-05-26
bayja01,Player of the Week,2011,NL,,Week of 2011-09-11
bayja01,Rookie of the Month,2004,NL,,July
bayja01,Rookie of the Month,2004,NL,,June
bayja01,Rookie of the Month,2004,NL,,September
bayja01,Rookie of the Year,2004,NL,,
bayja01,Silver Slugger,2009,AL,,OF
bayja01,TSN Rookie of the Year,2004,NL,,
beckejo02,ALCS MVP,2007,AL,,
beckejo02,Babe Ruth Award,2003,NL,,P
beckejo02,Player of the Week,2009,AL,,Week of 2009-07-11
beckejo02,Player of the Week,2014,NL,Y,Week of 2014-05-25
beckejo02,This Year in Baseball Starter of the Year,2007,ML,,MLB.com GIBBY
beckejo02,World Series MVP,2003,ML,,
beckhgo01,MLB Players Choice Outstanding Rookie,2009,AL,,
beckhgo01,Rookie of the Month,2009,AL,,July
beckhgo01,TSN Rookie of the Year,2009,AL,,
beckhti01,Player of the Week,2017,AL,,Week of 2017-08-05
beckhti01,Player of the Week,2019,AL,,Week of 2019-03-30
beckro01,MLB Players Choice Comeback Player,2003,NL,,
bedarer01,Pitcher of the Month,2007,AL,,July
bednada01,Reliever of the Month,2022,NL,,May
bednada01,Reliever of the Month,2025,NL,,June
belanma01,MLB Players Curt Flood Award,2021,ML,,
bellde01,Player of the Week,2000,NL,,Week of 2000-04-22
belleal01,Player of the Month,2000,AL,,June
bellhe01,Reliever of the Month,2009,ML,,April
bellhe01,Reliever of the Year Award,2009,NL,,
bellhe01,Reliever of the Year Award,2010,NL,,
bellhe01,TSN Reliever of the Year,2010,NL,,
bellico01,All-MLB Team - First Team,2019,ML,,OF
bellico01,All-MLB Team - Second Team,2025,ML,,OF
bellico01,Comeback Player of the Year,2023,NL,,
bellico01,Gold Glove,2019,NL,,CF
bellico01,MLB Players Choice Comeback Player,2023,NL,,
bellico01,MLB Players Choice Outstanding Rookie,2017,NL,,
bellico01,Most Valuable Player,2019,NL,,
bellico01,NLCS MVP,2018,NL,,
bellico01,Player of the Month,2019,NL,,April
bellico01,Player of the Month,2023,NL,,July
bellico01,Player of the Week,2017,NL,,Week of 2017-05-06
bellico01,Player of the Week,2017,NL,,Week of 2017-06-24
bellico01,Player of the Week,2019,NL,,Week of 2019-04-06
bellico01,Player of the Week,2022,NL,,Week of 2022-04-23
bellico01,Player of the Week,2025,AL,,Week of 2025-08-30
bellico01,Rookie of the Month,2017,NL,,June
bellico01,Rookie of the Month,2017,NL,,May
bellico01,Rookie of the Year,2017,NL,,
bellico01,Silver Slugger,2019,NL,,OF
bellico01,Silver Slugger,2023,NL,,UT
bellico01,TSN All-Star,2019,NL,,OF
bellico01,TSN All-Star,2023,NL,Y,OF
bellico01,TSN Comeback Player of the Year,2023,NL,,
bellico01,TSN Rookie of the Year,2017,NL,,
belljo02,Player of the Month,2019,NL,,May
belljo02,Player of the Week,2019,NL,,Week of 2019-05-18
belljo02,Silver Slugger,2022,NL,,DH
beltbr01,Player of the Week,2013,NL,,Week of 2013-08-11
beltbr01,Player of the Week,2018,NL,,Week of 2018-05-19
beltrad01,Gold Glove,2007,AL,,3B
beltrad01,Gold Glove,2008,AL,,3B
beltrad01,Gold Glove,2011,AL,,3B
beltrad01,Gold Glove,2012,AL,,3B
beltrad01,Gold Glove,2016,AL,,3B
beltrad01,Lou Gehrig Memorial Award,2014,ML,,
beltrad01,Platinum Glove,2011,AL,,
beltrad01,Platinum Glove,2012,AL,,
beltrad01,Player of the Month,2004,NL,,September
beltrad01,Player of the Month,2011,AL,,September
beltrad01,Player of the Month,2012,AL,,September
beltrad01,Player of the Month,2013,AL,,July
beltrad01,Player of the Week,2000,NL,,Week of 2000-08-26
beltrad01,Player of the Week,2004,NL,Y,Week of 2004-06-26
beltrad01,Player of the Week,2012,AL,,Week of 2012-08-26
beltrad01,Player of the Week,2013,AL,,Week of 2013-07-07
beltrad01,Player of the Week,2015,AL,,Week of 2015-10-04
beltrad01,Player of the Week,2017,AL,Y,Week of 2017-07-29
beltrad01,Silver Slugger,2004,NL,,3B
beltrad01,Silver Slugger,2010,AL,,3B
beltrad01,Silver Slugger,2011,AL,,3B
beltrad01,Silver Slugger,2014,AL,,3B
beltrca01,Gold Glove,2006,NL,,OF
beltrca01,Gold Glove,2007,NL,,OF
beltrca01,Gold Glove,2008,NL,,OF
beltrca01,Player of the Month,2004,AL,,April
beltrca01,Player of the Week,2001,AL,Y,Week of 2001-08-25
beltrca01,Player of the Week,2002,AL,Y,Week of 2002-07-20
beltrca01,Player of the Week,2004,AL,,Week of 2004-04-17
beltrca01,Player of the Week,2004,NL,,Week of 2004-08-28
beltrca01,Player of the Week,2006,NL,,Week of 2006-06-10
beltrca01,Player of the Week,2006,NL,Y,Week of 2006-07-29
beltrca01,Player of the Week,2007,NL,,Week of 2007-04-21
beltrca01,Player of the Week,2007,NL,,Week of 2007-08-18
beltrca01,Player of the Week,2012,NL,,Week of 2012-05-13
beltrca01,Player of the Week,2014,AL,,Week of 2014-04-13
beltrca01,Roberto Clemente Award,2013,ML,,
beltrca01,Silver Slugger,2006,NL,,OF
beltrca01,Silver Slugger,2007,NL,,OF
beltrca01,TSN All-Star,2006,NL,,OF
benchjo01,Bob Feller Act of Valor Award - HOF Player,2018,ML,,
beninan01,Gold Glove,2021,AL,,RF
beninan01,Player of the Week,2021,AL,,Week of 2021-09-11
beninan01,Rookie of the Month,2017,AL,,August
benitar01,Reliever of the Year Award,2001,NL,,
benitar01,TSN Reliever of the Year,2001,NL,Y,
benoijo01,This Year in Baseball Setup Man of the Year,2010,ML,,MLB.com GIBBY
bensowi01,Player of the Week,2025,NL,,Week of 2025-05-17
berkmla01,Comeback Player of the Year,2011,NL,,
berkmla01,MLB Players Choice Comeback Player,2011,NL,,
berkmla01,Player of the Month,2004,NL,,May
berkmla01,Player of the Month,2008,NL,,May
berkmla01,Player of the Week,2001,NL,Y,Week of 2001-06-23
berkmla01,Player of the Week,2002,NL,,Week of 2002-05-04
berkmla01,Player of the Week,2008,NL,,Week of 2008-05-10
berkmla01,Player of the Week,2008,NL,,Week of 2008-04-26
berkmla01,Player of the Week,2011,NL,,Week of 2011-04-17
berkmla01,Player of the Week,2011,NL,,Week of 2011-05-01
berkmla01,TSN All-Star,2006,NL,Y,OF
berkmla01,TSN Comeback Player of the Year,2011,NL,,
bernawa01,Player of the Week,2025,NL,,Week of 2025-08-02
berrayo01,Bob Feller Act of Valor Award - HOF Player,2013,ML,,
berrijo01,Gold Glove,2023,AL,,P
berrijo01,Pitcher of the Month,2024,AL,,April
berroan01,MLB Players Choice Outstanding Rookie,2003,AL,,
berroan01,Rookie of the Month,2003,AL,,July
berroan01,Rookie of the Year,2003,AL,,
bettsmo01,All-MLB Team - First Team,2020,ML,,OF
bettsmo01,All-MLB Team - First Team,2022,ML,,OF
bettsmo01,All-MLB Team - First Team,2023,ML,,OF
bettsmo01,All-MLB Team - First Team,2024,ML,,OF
bettsmo01,All-MLB Team - Second Team,2019,ML,,OF
bettsmo01,Gold Glove,2016,AL,,OF
bettsmo01,Gold Glove,2017,AL,,RF
bettsmo01,Gold Glove,2018,AL,,RF
bettsmo01,Gold Glove,2019,AL,,RF
bettsmo01,Gold Glove,2020,NL,,RF
bettsmo01,Gold Glove,2022,NL,,OF
bettsmo01,MLB Players Choice Outstanding Player,2018,AL,,
bettsmo01,Most Valuable Player,2018,AL,,
bettsmo01,Player of the Month,2016,AL,,July
bettsmo01,Player of the Month,2023,NL,,August
bettsmo01,Player of the Month,2024,NL,,April
bettsmo01,Player of the Week,2015,AL,,Week of 2015-06-21
bettsmo01,Player of the Week,2017,AL,,Week of 2017-05-13
bettsmo01,Player of the Week,2017,AL,,Week of 2017-07-01
bettsmo01,Player of the Week,2022,NL,,Week of 2022-08-27
bettsmo01,Player of the Week,2023,NL,,Week of 2023-08-26
bettsmo01,Player of the Week,2025,NL,,Week of 2025-09-13
bettsmo01,Roberto Clemente Award,2025,ML,,
bettsmo01,Silver Slugger,2016,AL,,OF
bettsmo01,Silver Slugger,2018,AL,,OF
bettsmo01,Silver Slugger,2019,AL,,OF
bettsmo01,Silver Slugger,2020,NL,,OF
bettsmo01,Silver Slugger,2022,NL,,OF
bettsmo01,Silver Slugger,2023,NL,,OF
bettsmo01,TSN All-Star,2016,AL,,OF
bettsmo01,TSN All-Star,2017,AL,,OF
bettsmo01,TSN All-Star,2018,AL,,OF
bettsmo01,TSN All-Star,2019,AL,,OF
bettsmo01,TSN All-Star,2020,NL,,OF
bettsmo01,TSN All-Star,2022,NL,,OF
bettsmo01,TSN All-Star,2023,NL,,OF
bettsmo01,TSN All-Star,2024,NL,Y,OF
bettsmo01,TSN Major League Player of the Year,2018,ML,,
bichebo01,All-MLB Team - Second Team,2025,ML,,SS
bichebo01,Player of the Week,2022,AL,,Week of 2022-09-10
bicheda01,Player of the Week,2000,NL,,Week of 2000-06-03
biebesh01,All-MLB Team - First Team,2020,ML,,SP
biebesh01,All-Star Game MVP,2019,AL,,
biebesh01,Cy Young Award,2020,AL,,
biebesh01,Gold Glove,2022,AL,,P
biebesh01,MLB Players Choice Outstanding Pitcher,2020,AL,,
biebesh01,Pitcher of the Month,2020,AL,,August
biebesh01,Pitching Triple Crown,2020,AL,,
biebesh01,TSN All-Star,2020,AL,,SP
biebesh01,TSN Pitcher of the Year,2020,AL,,
biggicr01,Hutch Award,2005,ML,,
biggicr01,Player of the Week,2007,NL,,Week of 2007-06-30
biggicr01,Roberto Clemente Award,2007,ML,,
biggicr01,This Year in Baseball Moment of the Year,2007,ML,,MLB.com GIBBY
biggicr01,TSN All-Star,2001,NL,,2B
blackch02,Player of the Month,2017,NL,,May
blackch02,Player of the Month,2019,NL,,June
blackch02,Player of the Week,2013,NL,,Week of 2013-09-22
blackch02,Player of the Week,2014,NL,Y,Week of 2014-04-06
blackch02,Player of the Week,2016,NL,,Week of 2016-06-25
blackch02,Player of the Week,2016,NL,,Week of 2016-08-13
blackch02,Player of the Week,2017,NL,,Week of 2017-05-27
blackch02,Player of the Week,2019,NL,,Week of 2019-06-15
blackch02,Silver Slugger,2016,NL,,OF
blackch02,Silver Slugger,2017,NL,,OF
blackch02,TSN All-Star,2017,NL,,OF
blakeca01,Player of the Week,2003,AL,,Week of 2003-07-05
blakeca01,Player of the Week,2007,AL,,Week of 2007-05-26
blaloha01,Player of the Week,2008,AL,Y,Week of 2008-09-27
blancro01,Player of the Week,2024,AL,,Week of 2024-04-06
blantjo01,Rookie of the Month,2005,AL,,August
blantjo01,Rookie of the Month,2005,AL,,June
boescbr01,Rookie of the Month,2010,AL,,June
boescbr01,Rookie of the Month,2010,AL,,May
bogaexa01,All-MLB Team - First Team,2019,ML,,SS
bogaexa01,Player of the Week,2018,AL,,Week of 2018-07-07
bogaexa01,Player of the Week,2022,AL,,Week of 2022-09-03
bogaexa01,Silver Slugger,2015,AL,,SS
bogaexa01,Silver Slugger,2016,AL,,SS
bogaexa01,Silver Slugger,2019,AL,,SS
bogaexa01,Silver Slugger,2021,AL,,SS
bogaexa01,Silver Slugger,2022,AL,,SS
bogaexa01,TSN All-Star,2022,AL,,SS
bohmal01,Player of the Week,2024,NL,,Week of 2024-04-27
bondsba01,Hank Aaron Award,2001,NL,,OF
bondsba01,Hank Aaron Award,2002,NL,,OF
bondsba01,Hank Aaron Award,2004,NL,,
bondsba01,MLB Players Choice Outstanding Player,2001,NL,,
bondsba01,MLB Players Choice Outstanding Player,2002,NL,,
bondsba01,MLB Players Choice Outstanding Player,2004,NL,,
bondsba01,MLB Players Choice Player of the Year,2001,ML,,
bondsba01,MLB Players Choice Player of the Year,2004,ML,,
bondsba01,Most Valuable Player,2001,NL,,
bondsba01,Most Valuable Player,2002,NL,,
bondsba01,Most Valuable Player,2003,NL,,
bondsba01,Most Valuable Player,2004,NL,,
bondsba01,Player of the Month,2001,NL,,May
bondsba01,Player of the Month,2001,NL,,September
bondsba01,Player of the Month,2002,NL,,August
bondsba01,Player of the Month,2003,NL,,July
bondsba01,Player of the Month,2004,NL,,April
bondsba01,Player of the Month,2004,NL,,August
bondsba01,Player of the Week,2000,NL,,Week of 2000-05-27
bondsba01,Player of the Week,2001,NL,,Week of 2001-05-19
bondsba01,Player of the Week,2001,NL,,Week of 2001-10-06
bondsba01,Player of the Week,2002,NL,,Week of 2002-04-06
bondsba01,Player of the Week,2002,NL,,Week of 2002-05-18
bondsba01,Player of the Week,2002,NL,,Week of 2002-08-30
bondsba01,Player of the Week,2004,NL,,Week of 2004-04-17
bondsba01,Player of the Week,2004,NL,,Week of 2004-08-21
bondsba01,Silver Slugger,2000,NL,,OF
bondsba01,Silver Slugger,2001,NL,,OF
bondsba01,Silver Slugger,2002,NL,,OF
bondsba01,Silver Slugger,2003,NL,,OF
bondsba01,Silver Slugger,2004,NL,,OF
bondsba01,TSN All-Star,2000,NL,,OF
bondsba01,TSN All-Star,2001,NL,,OF
bondsba01,TSN All-Star,2002,NL,,OF
bondsba01,TSN All-Star,2003,NL,,OF
bondsba01,TSN All-Star,2004,NL,,OF
bondsba01,TSN Major League Player of the Year,2001,ML,,
bondsba01,TSN Major League Player of the Year,2004,ML,,
bonifem01,Player of the Month,2011,NL,,July
bonsebo01,Rookie of the Month,2006,AL,,September
booneaa01,Player of the Week,2003,NL,,Week of 2003-05-10
booneaa01,Player of the Week,2003,NL,,Week of 2003-06-14
boonebr01,Gold Glove,2002,AL,,2B
boonebr01,Gold Glove,2003,AL,,2B
boonebr01,Gold Glove,2004,AL,,2B
boonebr01,Silver Slugger,2001,AL,,2B
boonebr01,Silver Slugger,2003,AL,,2B
boonebr01,TSN All-Star,2001,AL,,2B
boonebr01,TSN All-Star,2003,AL,,2B
borowjo01,TSN All-Star,2007,AL,,RP
borowjo01,TSN Reliever of the Year,2007,AL,,
bourju01,Rookie of the Month,2015,NL,,September
bournmi01,Gold Glove,2009,NL,,OF
bournmi01,Gold Glove,2010,NL,,OF
bradeda01,Player of the Week,2010,AL,,Week of 2010-05-09
bradeda01,This Year in Baseball Moment of the Year,2010,ML,,MLB.com GIBBY
bradiky01,All-MLB Team - Second Team,2023,ML,,SP
bradlja02,ALCS MVP,2018,AL,,
bradlja02,Gold Glove,2018,AL,,CF
bradlja02,Player of the Month,2016,AL,,May
bradlja02,Player of the Week,2016,AL,,Week of 2016-05-14
bradlja02,TSN All-Star,2016,AL,,OF
bradlmi01,Player of the Week,2008,AL,Y,Week of 2008-06-07
bradlph01,MLB Players Curt Flood Award,2023,ML,,
bradlta01,Pitcher of the Month,2024,AL,,July
brantmi02,MLB Players Choice Comeback Player,2018,AL,,
brantmi02,Player of the Week,2014,AL,,Week of 2014-06-15
brantmi02,Silver Slugger,2014,AL,,OF
braunry02,MLB Players Choice Outstanding Rookie,2007,NL,,
braunry02,Most Valuable Player,2011,NL,,
braunry02,Player of the Month,2007,NL,,July
braunry02,Player of the Month,2008,NL,,July
braunry02,Player of the Month,2011,NL,,April
braunry02,Player of the Month,2011,NL,,September
braunry02,Player of the Week,2009,NL,,Week of 2009-05-09
braunry02,Player of the Week,2010,NL,,Week of 2010-08-08
braunry02,Player of the Week,2011,NL,,Week of 2011-04-24
braunry02,Player of the Week,2015,NL,,Week of 2015-05-23
braunry02,Rookie of the Month,2007,NL,,July
braunry02,Rookie of the Month,2007,NL,,June
braunry02,Rookie of the Year,2007,NL,,
braunry02,Silver Slugger,2008,NL,,OF
braunry02,Silver Slugger,2009,NL,,OF
braunry02,Silver Slugger,2010,NL,,OF
braunry02,Silver Slugger,2011,NL,,OF
braunry02,Silver Slugger,2012,NL,,OF
braunry02,This Year in Baseball Oddity of the Year,2011,ML,,MLB.com GIBBY
braunry02,TSN Rookie of the Year,2007,NL,,
bregmal01,All-MLB Team - Second Team,2019,ML,,3B
bregmal01,All-Star Game MVP,2018,AL,,
bregmal01,Gold Glove,2024,AL,,3B
bregmal01,Player of the Month,2018,AL,,June
bregmal01,Player of the Month,2019,AL,,August
bregmal01,Player of the Month,2022,AL,,August
bregmal01,Player of the Week,2018,AL,,Week of 2018-06-30
bregmal01,Player of the Week,2022,AL,,Week of 2022-04-09
bregmal01,Player of the Week,2025,AL,,Week of 2025-04-05
bregmal01,Silver Slugger,2019,AL,,3B
bregmal01,TSN All-Star,2019,AL,,3B
brettge01,Bob Feller Act of Valor Award - HOF Player,2015,ML,,
brittza01,Reliever of the Year Award,2016,AL,,
brittza01,TSN All-Star,2016,AL,,RP
brittza01,TSN Reliever of the Year,2016,AL,,
brousbe01,Player of the Week,2006,AL,Y,Week of 2006-04-29
brownde02,Rookie of the Month,2011,NL,,September
browndo01,Player of the Month,2013,NL,,May
browndo01,Player of the Week,2013,NL,,Week of 2013-05-27
browndo01,Player of the Week,2013,NL,,Week of 2013-06-02
brownhu01,All-MLB Team - Second Team,2025,ML,,SP
brownhu01,Pitcher of the Month,2025,AL,,June
brownke01,Pitcher of the Month,2003,NL,,May
brownke01,Pitcher of the Month,2004,AL,,April
bruceja01,Player of the Month,2011,NL,,May
bruceja01,Player of the Week,2010,NL,,Week of 2010-10-03
bruceja01,Player of the Week,2011,NL,,Week of 2011-05-30
bruceja01,Player of the Week,2011,NL,,Week of 2011-08-14
bruceja01,Player of the Week,2012,NL,,Week of 2012-04-29
bruceja01,Player of the Week,2012,NL,Y,Week of 2012-09-09
bruceja01,Player of the Week,2019,NL,,Week of 2019-06-08
bruceja01,Silver Slugger,2012,NL,,OF
bruceja01,Silver Slugger,2013,NL,,OF
bryankr01,Hank Aaron Award,2016,NL,,3B
bryankr01,MLB Players Choice Outstanding Rookie,2015,NL,,
bryankr01,Most Valuable Player,2016,NL,,
bryankr01,Player of the Month,2016,NL,,August
bryankr01,Player of the Week,2019,NL,,Week of 2019-09-14
bryankr01,Player of the Week,2021,NL,,Week of 2021-05-01
bryankr01,Rookie of the Month,2015,NL,,August
bryankr01,Rookie of the Month,2015,NL,,May
bryankr01,Rookie of the Year,2015,NL,,
bryankr01,This Year in Baseball Best Rookie,2015,ML,,Esurance
bryankr01,TSN All-Star,2016,NL,,3B
bryankr01,TSN Rookie of the Year,2015,NL,,
bubickr01,Pitcher of the Month,2025,AL,,May
buchhcl01,Pitcher of the Month,2010,AL,,August
buchhcl01,Pitcher of the Month,2013,AL,,April
buchhcl01,Player of the Week,2007,AL,,Week of 2007-09-01
buchhcl01,This Year in Baseball Performance of the Year,2007,ML,,MLB.com GIBBY
buehlwa01,All-MLB Team - First Team,2021,ML,,SP
buehlwa01,Pitcher of the Month,2021,NL,,July
buehrma01,Gold Glove,2009,AL,,P
buehrma01,Gold Glove,2010,AL,,P
buehrma01,Gold Glove,2011,AL,,P
buehrma01,Gold Glove,2012,NL,,P
buehrma01,Pitcher of the Month,2004,AL,,May
buehrma01,Pitcher of the Month,2005,AL,,June
buehrma01,Player of the Week,2007,AL,,Week of 2007-04-21
buehrma01,Player of the Week,2009,AL,,Week of 2009-07-25
buehrma01,This Year in Baseball Performance of the Year,2009,ML,,MLB.com GIBBY
buehrma01,This Year in Baseball Play of the Year,2010,ML,,MLB.com GIBBY
bumbral01,Bob Feller Act of Valor Award - Patriot Award,2024,ML,,
bumgama01,Babe Ruth Award,2014,NL,,
bumgama01,NLCS MVP,2014,NL,,
bumgama01,Pitcher of the Month,2014,NL,,August
bumgama01,Pitcher of the Month,2014,NL,,May
bumgama01,Player of the Week,2015,NL,,Week of 2015-08-16
bumgama01,Player of the Week,2021,NL,Y,Week of 2021-04-24
bumgama01,Silver Slugger,2014,NL,,P
bumgama01,Silver Slugger,2015,NL,,P
bumgama01,This Year in Baseball Postseason MVP,2014,ML,,MLB.com GIBBY
bumgama01,World Series MVP,2014,ML,,
burksel01,Outstanding DH Award,2002,AL,,
burksel01,Player of the Week,2001,AL,,Week of 2001-06-23
burneaj01,Player of the Week,2001,NL,Y,Week of 2001-05-12
burneaj01,Player of the Week,2002,NL,,Week of 2002-08-17
burneaj01,Player of the Week,2005,NL,,Week of 2005-04-16
burneaj01,Player of the Week,2012,NL,,Week of 2012-08-05
burneco01,All-MLB Team - First Team,2021,ML,,SP
burneco01,All-MLB Team - First Team,2024,ML,,SP
burneco01,Cy Young Award,2021,NL,,
burneco01,Pitcher of the Month,2023,NL,,July
burneco01,Pitcher of the Month,2024,AL,,September
burnije01,Player of the Week,2001,NL,,Week of 2001-09-29
burrepa01,Player of the Week,2005,NL,,Week of 2005-04-09
burrepa01,Player of the Week,2005,NL,,Week of 2005-05-21
buschmi02,Player of the Week,2024,NL,,Week of 2024-09-14
buschmi02,Player of the Week,2025,NL,Y,Week of 2025-07-05
butlebi03,Hutch Award,2011,ML,,
butlebi03,Outstanding DH Award,2012,AL,,
butlebi03,Player of the Month,2009,AL,,September
butlebi03,Player of the Week,2009,AL,,Week of 2009-08-09
butlebi03,Player of the Week,2009,AL,,Week of 2009-09-13
butlebi03,Player of the Week,2011,AL,Y,Week of 2011-07-31
butlebi03,Player of the Week,2012,AL,,Week of 2012-07-29
butlebi03,Player of the Week,2014,AL,,Week of 2014-08-10
butlebi03,Rookie of the Month,2007,AL,,July
butlebi03,Silver Slugger,2012,AL,,DH
butlela01,Player of the Week,2024,AL,,Week of 2024-07-13
butlela01,Player of the Week,2024,AL,,Week of 2024-08-31
buxtoby01,Bob Feller Act of Valor Award - MLB Player,2022,ML,,
buxtoby01,Gold Glove,2017,AL,,CF
buxtoby01,Platinum Glove,2017,AL,,
buxtoby01,Player of the Month,2021,AL,,April
buxtoby01,Player of the Week,2017,AL,,Week of 2017-08-26
buxtoby01,Player of the Week,2022,AL,,Week of 2022-06-11
buxtoby01,Silver Slugger,2025,AL,,OF
buxtoby01,TSN All-Star,2025,AL,,OF
byrdma01,Player of the Week,2008,AL,,Week of 2008-08-09
byrdma01,Player of the Week,2009,AL,,Week of 2009-09-27
byrneer01,Player of the Week,2004,AL,,Week of 2004-07-31
cabreas01,Player of the Week,2008,AL,Y,Week of 2008-09-13
cabreas01,Player of the Week,2011,AL,Y,Week of 2011-04-10
cabreas01,Player of the Week,2016,NL,,Week of 2016-08-27
cabreas01,Silver Slugger,2011,AL,,SS
cabreas01,This Year in Baseball Defensive Player of the Year,2011,ML,,MLB.com GIBBY
cabreme01,All-Star Game MVP,2012,NL,,
cabreme01,This Year in Baseball Play of the Year,2006,ML,,MLB.com GIBBY
cabremi01,Hank Aaron Award,2012,AL,,
cabremi01,Hank Aaron Award,2013,AL,,
cabremi01,MLB Players Choice Outstanding Player,2012,AL,,
cabremi01,MLB Players Choice Outstanding Player,2013,AL,,
cabremi01,MLB Players Choice Player of the Year,2012,ML,,
cabremi01,MLB Players Choice Player of the Year,2013,ML,,
cabremi01,Most Valuable Player,2012,AL,,
cabremi01,Most Valuable Player,2013,AL,,
cabremi01,Player of the Month,2008,AL,,July
cabremi01,Player of the Month,2012,AL,,August
cabremi01,Player of the Month,2013,AL,,August
cabremi01,Player of the Month,2013,AL,,May
cabremi01,Player of the Month,2014,AL,,September
cabremi01,Player of the Month,2016,AL,,September
cabremi01,Player of the Week,2005,NL,Y,Week of 2005-07-23
cabremi01,Player of the Week,2006,NL,Y,Week of 2006-08-26
cabremi01,Player of the Week,2007,NL,,Week of 2007-04-07
cabremi01,Player of the Week,2007,NL,,Week of 2007-06-09
cabremi01,Player of the Week,2008,AL,,Week of 2008-07-26
cabremi01,Player of the Week,2008,AL,Y,Week of 2008-04-19
cabremi01,Player of the Week,2010,AL,,Week of 2010-04-11
cabremi01,Player of the Week,2010,AL,,Week of 2010-07-11
cabremi01,Player of the Week,2012,AL,,Week of 2012-04-08
cabremi01,Player of the Week,2012,AL,,Week of 2012-09-16
cabremi01,Player of the Week,2013,AL,Y,Week of 2013-08-11
cabremi01,Player of the Week,2014,AL,Y,Week of 2014-09-07
cabremi01,Player of the Week,2015,AL,,Week of 2015-04-12
cabremi01,Player of the Week,2016,AL,Y,Week of 2016-05-21
cabremi01,Player of the Week,2016,AL,,Week of 2016-10-01
cabremi01,Player of the Week,2022,AL,Y,Week of 2022-04-23
cabremi01,Rookie of the Month,2003,NL,,July
cabremi01,Rookie of the Month,2003,NL,,September
cabremi01,Silver Slugger,2005,NL,,OF
cabremi01,Silver Slugger,2006,NL,,3B
cabremi01,Silver Slugger,2010,AL,,1B
cabremi01,Silver Slugger,2012,AL,,3B
cabremi01,Silver Slugger,2013,AL,,3B
cabremi01,Silver Slugger,2015,AL,,1B
cabremi01,Silver Slugger,2016,AL,,1B
cabremi01,This Year in Baseball Hitter of the Year,2012,ML,,MLB.com GIBBY
cabremi01,This Year in Baseball Hitter of the Year,2013,ML,,MLB.com GIBBY
cabremi01,Triple Crown,2012,AL,,
cabremi01,TSN All-Star,2005,NL,,OF
cabremi01,TSN All-Star,2016,AL,,1B
cabremi01,TSN Major League Player of the Year,2012,ML,,
cabremi01,TSN Major League Player of the Year,2013,ML,,
cabreor01,Gold Glove,2001,NL,,SS
cabreor01,Gold Glove,2007,AL,,SS
cabreor01,This Year in Baseball Defensive Player of the Year,2008,ML,,MLB.com GIBBY
cahiltr01,Player of the Week,2010,AL,,Week of 2010-08-08
cainlo01,ALCS MVP,2014,AL,,
cainlo01,Gold Glove,2019,NL,,LF
cainlo01,Player of the Week,2015,AL,Y,Week of 2015-07-19
cainlo01,TSN All-Star,2018,NL,,OF
cainma01,Player of the Week,2012,NL,,Week of 2012-06-17
cainma01,This Year in Baseball Pitching Performance of the Year,2012,ML,,MLB.com GIBBY
calhoko01,Gold Glove,2015,AL,,RF
calhoko01,Player of the Week,2020,NL,,Week of 2020-09-19
camermi01,Gold Glove,2001,AL,,OF
camermi01,Gold Glove,2003,AL,,OF
camermi01,Gold Glove,2006,NL,,OF
camermi01,Player of the Week,2001,AL,,Week of 2001-08-18
camermi01,Player of the Week,2002,AL,Y,Week of 2002-05-04
caminju01,All-MLB Team - Second Team,2025,ML,,3B
caminju01,Player of the Week,2025,AL,Y,Week of 2025-05-31
candeje01,Player of the Week,2020,AL,,Week of 2020-09-12
canhama01,Player of the Week,2019,AL,,Week of 2019-08-24
cannigr01,Gold Glove,2020,AL,,P
canoro01,All-Star Game MVP,2017,AL,,
canoro01,Gold Glove,2010,AL,,2B
canoro01,Gold Glove,2012,AL,,2B
canoro01,Player of the Month,2006,AL,,September
canoro01,Player of the Month,2010,AL,,April
canoro01,Player of the Week,2005,AL,Y,Week of 2005-09-17
canoro01,Player of the Week,2007,AL,Y,Week of 2007-07-21
canoro01,Player of the Week,2007,AL,Y,Week of 2007-08-04
canoro01,Player of the Week,2010,AL,,Week of 2010-05-31
canoro01,Player of the Week,2010,AL,Y,Week of 2010-08-22
canoro01,Player of the Week,2012,AL,,Week of 2012-07-01
canoro01,Player of the Week,2016,AL,,Week of 2016-05-07
canoro01,Rookie of the Month,2005,AL,,September
canoro01,Silver Slugger,2006,AL,,2B
canoro01,Silver Slugger,2010,AL,,2B
canoro01,Silver Slugger,2011,AL,,2B
canoro01,Silver Slugger,2012,AL,,2B
canoro01,Silver Slugger,2013,AL,,2B
canoro01,This Year in Baseball Rookie of the Year,2005,ML,,MLB.com GIBBY
canoro01,TSN All-Star,2006,AL,,2B
cantujo01,Player of the Week,2009,NL,,Week of 2009-05-02
cappsma01,Reliever of the Month,2010,ML,,April
capuach01,Player of the Week,2006,NL,,Week of 2006-04-29
carewro01,Bob Feller Act of Valor Award - HOF Player,2016,ML,,
carmofa01,Pitcher of the Month,2007,AL,,September
carmofa01,Player of the Week,2007,AL,Y,Week of 2007-09-15
carpech01,Cy Young Award,2005,NL,,
carpech01,MLB Players Choice Comeback Player,2004,NL,,
carpech01,MLB Players Choice Comeback Player,2009,NL,,
carpech01,MLB Players Choice Outstanding Pitcher,2005,NL,,
carpech01,MLB Players Choice Outstanding Pitcher,2006,NL,,
carpech01,Pitcher of the Month,2009,NL,,August
carpech01,Player of the Week,2005,NL,,Week of 2005-09-03
carpech01,Player of the Week,2006,NL,,Week of 2006-07-15
carpech01,Player of the Week,2006,NL,,Week of 2006-09-16
carpech01,Player of the Week,2006,NL,Y,Week of 2006-08-19
carpech01,This Year in Baseball Starter of the Year,2005,ML,,MLB.com GIBBY
carpech01,TSN Comeback Player of the Year,2004,NL,,
carpech01,TSN Comeback Player of the Year,2009,NL,,
carpech01,TSN Pitcher of the Year,2005,NL,,
carpech01,TSN Pitcher of the Year,2006,NL,,
carpech02,Comeback Player of the Year,2009,NL,,
carpema01,Player of the Month,2018,NL,,July
carpema01,Player of the Week,2015,NL,,Week of 2015-04-19
carpema01,Player of the Week,2016,NL,,Week of 2016-06-04
carpema01,Player of the Week,2018,NL,,Week of 2018-07-21
carpema01,Player of the Week,2018,NL,,Week of 2018-08-04
carpema01,Player of the Week,2022,AL,,Week of 2022-07-16
carpema01,Silver Slugger,2013,NL,,2B
carpmi01,Rookie of the Month,2011,AL,,August
carraca01,Comeback Player of the Year,2019,AL,,
carraca01,MLB Players Choice Comeback Player,2020,AL,,
carraca01,Roberto Clemente Award,2019,ML,,
carraca01,TSN Comeback Player of the Year,2020,AL,,
carroco02,All-MLB Team - First Team,2023,ML,,OF
carroco02,All-MLB Team - Second Team,2025,ML,,OF
carroco02,MLB Players Choice Outstanding Rookie,2023,NL,,
carroco02,Player of the Month,2024,NL,,August
carroco02,Player of the Week,2023,NL,,Week of 2023-06-10
carroco02,Player of the Week,2024,NL,,Week of 2024-08-31
carroco02,Rookie of the Month,2023,NL,,June
carroco02,Rookie of the Year,2023,NL,,
carroco02,Silver Slugger,2025,NL,,OF
carroco02,TSN All-Star,2024,NL,Y,OF
carroco02,TSN All-Star,2025,NL,,OF
carroco02,TSN Rookie of the Year,2023,NL,,
cartech02,Player of the Week,2014,AL,,Week of 2014-08-17
casastr01,Rookie of the Month,2023,AL,,July
caseyse01,This Year in Baseball Oddity of the Year,2006,ML,,MLB.com GIBBY
cashnan01,Player of the Week,2014,NL,,Week of 2014-09-21
casteni01,All-MLB Team - Second Team,2021,ML,,OF
casteni01,Player of the Week,2018,AL,,Week of 2018-08-18
casteni01,Player of the Week,2020,NL,,Week of 2020-08-01
casteni01,Silver Slugger,2021,NL,,OF
castijo02,Player of the Week,2006,NL,,Week of 2006-06-03
castilu01,Gold Glove,2003,NL,,2B
castilu01,Gold Glove,2004,NL,,2B
castilu01,Gold Glove,2005,NL,,2B
castilu01,Player of the Week,2002,NL,,Week of 2002-06-21
castilu02,Pitcher of the Month,2019,NL,,April
castivi02,Player of the Week,2004,NL,,Week of 2004-07-24
castrja01,Player of the Week,2013,AL,,Week of 2013-05-27
castrja01,Player of the Week,2013,AL,,Week of 2013-08-25
castrst01,Player of the Week,2011,NL,,Week of 2011-08-07
castrst01,Player of the Week,2011,NL,Y,Week of 2011-04-03
catalfr01,Player of the Week,2005,AL,,Week of 2005-07-23
catalfr01,Player of the Week,2005,AL,,Week of 2005-10-01
ceasedy01,All-MLB Team - Second Team,2022,ML,,SP
ceasedy01,All-MLB Team - Second Team,2024,ML,,SP
ceasedy01,Pitcher of the Month,2022,AL,,July
ceasedy01,Pitcher of the Month,2022,AL,,June
ceasedy01,Pitcher of the Month,2024,NL,,July
ceasedy01,Player of the Week,2024,NL,,Week of 2024-07-27
cespeyo01,Gold Glove,2015,AL,,LF
cespeyo01,Player of the Week,2012,AL,,Week of 2012-07-15
cespeyo01,Player of the Week,2015,NL,,Week of 2015-09-13
cespeyo01,Rookie of the Month,2012,AL,,September
cespeyo01,Silver Slugger,2016,NL,,OF
cespeyo01,TSN All-Star,2016,NL,,OF
chacigu01,Rookie of the Month,2005,AL,,April
chacigu01,Rookie of the Month,2005,AL,,July
chacosh01,Pitcher of the Month,2003,NL,,April
chacosh01,Player of the Week,2003,NL,Y,Week of 2003-04-19
chapmar01,All-MLB Team - First Team,2025,ML,,RP
chapmar01,All-MLB Team - Second Team,2019,ML,,RP
chapmar01,Reliever of the Month,2012,ML,,August
chapmar01,Reliever of the Month,2012,ML,,July
chapmar01,Reliever of the Month,2017,AL,,September
chapmar01,Reliever of the Month,2019,AL,,August
chapmar01,Reliever of the Month,2019,AL,,May
chapmar01,Reliever of the Month,2025,AL,,August
chapmar01,Reliever of the Year Award,2019,AL,,
chapmar01,Reliever of the Year Award,2025,AL,,
chapmar01,TSN All-Star,2025,AL,,RP
chapmma01,Gold Glove,2018,AL,,3B
chapmma01,Gold Glove,2019,AL,,3B
chapmma01,Gold Glove,2021,AL,,3B
chapmma01,Gold Glove,2023,AL,,3B
chapmma01,Gold Glove,2024,NL,,3B
chapmma01,Platinum Glove,2018,AL,,
chapmma01,Platinum Glove,2019,AL,,
chapmma01,Player of the Month,2023,AL,,April
chapmma01,Player of the Week,2023,AL,,Week of 2023-04-08
chapmma01,TSN All-Star,2024,NL,,3B
chaveen01,Rookie of the Month,2002,NL,,September
chaveen01,This Year in Baseball Postseason Moment of the Year,2006,ML,,MLB.com GIBBY
chaveer01,Gold Glove,2001,AL,,3B
chaveer01,Gold Glove,2002,AL,,3B
chaveer01,Gold Glove,2003,AL,,3B
chaveer01,Gold Glove,2004,AL,,3B
chaveer01,Gold Glove,2005,AL,,3B
chaveer01,Gold Glove,2006,AL,,3B
chaveer01,Player of the Month,2001,AL,,September
chaveer01,Player of the Week,2002,AL,,Week of 2002-08-24
chaveer01,Player of the Week,2005,AL,,Week of 2005-06-05
chaveer01,Silver Slugger,2002,AL,,3B
chaveer01,TSN All-Star,2002,AL,,3B
chavimi01,Rookie of the Month,2019,AL,,May
chiselo01,This Year in Baseball Hitting Performance of the Year,2014,ML,,MLB.com GIBBY
chishja01,Silver Slugger,2025,AL,,2B
chishja01,TSN All-Star,2025,AL,,2B
choihe01,Rookie of the Month,2003,NL,,April
choosh01,Player of the Month,2008,AL,,September
choosh01,Player of the Month,2015,AL,,September
choosh01,Player of the Week,2010,AL,,Week of 2010-04-18
choosh01,Player of the Week,2010,AL,,Week of 2010-09-19
churcry01,Rookie of the Month,2005,NL,,May
cirilje01,Player of the Week,2000,NL,,Week of 2000-07-01
cishest01,Player of the Week,2013,NL,Y,Week of 2013-07-28
cishest01,Player of the Week,2014,NL,Y,Week of 2014-07-27
clarkto02,Player of the Week,2000,AL,,Week of 2000-06-24
clarkwi02,Player of the Week,2000,NL,Y,Week of 2000-08-05
claseem01,All-MLB Team - First Team,2022,ML,,RP
claseem01,All-MLB Team - First Team,2024,ML,,RP
claseem01,All-MLB Team - Second Team,2023,ML,,RP
claseem01,Reliever of the Month,2021,AL,,August
claseem01,Reliever of the Month,2022,AL,,August
claseem01,Reliever of the Month,2022,AL,,June
claseem01,Reliever of the Month,2022,AL,,September
claseem01,Reliever of the Month,2024,AL,,July
claseem01,Reliever of the Month,2024,AL,,May
claseem01,Reliever of the Month,2024,AL,,September
claseem01,Reliever of the Year,2024,AL,,
claseem01,Reliever of the Year Award,2022,AL,,
claseem01,TSN All-Star,2022,AL,,RP
claseem01,TSN All-Star,2024,AL,,RP
claseem01,TSN Reliever of the Year,2022,AL,,
claseem01,TSN Reliever of the Year,2024,AL,,
clemema01,Player of the Week,2002,NL,,Week of 2002-06-01
clemema01,Player of the Week,2003,NL,,Week of 2003-08-02
clemero02,Cy Young Award,2001,AL,,
clemero02,Cy Young Award,2004,NL,,
clemero02,MLB Players Choice Outstanding Pitcher,2001,AL,,
clemero02,Pitcher of the Month,2000,AL,,July
clemero02,Pitcher of the Month,2001,AL,,June
clemero02,Pitcher of the Month,2004,NL,,April
clemero02,Player of the Week,2002,AL,,Week of 2002-05-18
clemero02,Player of the Week,2003,AL,,Week of 2003-06-14
clemero02,TSN All-Star,2001,AL,,RHP
clemero02,TSN Pitcher of the Year,2001,AL,,
clevimi01,Pitcher of the Month,2019,AL,,August
clippty01,Reliever of the Month,2012,ML,,June
cobbal01,Player of the Week,2013,AL,,Week of 2013-09-22
coghlch01,Rookie of the Month,2009,NL,,August
coghlch01,Rookie of the Year,2009,NL,,
colabch01,Player of the Week,2014,AL,Y,Week of 2014-04-06
colege01,All-MLB Team - First Team,2019,ML,,SP
colege01,All-MLB Team - First Team,2021,ML,,SP
colege01,All-MLB Team - First Team,2023,ML,,SP
colege01,All-MLB Team - Second Team,2020,ML,,SP
colege01,Cy Young Award,2023,AL,,
colege01,MLB Players Choice Outstanding Pitcher,2023,AL,,
colege01,Pitcher of the Month,2015,NL,,April
colege01,Pitcher of the Month,2019,AL,,July
colege01,Pitcher of the Month,2019,AL,,June
colege01,Pitcher of the Month,2019,AL,,September
colege01,Pitcher of the Month,2021,AL,,April
colege01,Pitcher of the Month,2023,AL,,April
colege01,Player of the Week,2019,AL,,Week of 2019-09-28
colege01,Player of the Week,2023,AL,,Week of 2023-04-15
colege01,Rookie of the Month,2013,NL,,September
colege01,TSN All-Star,2019,AL,,SP
colege01,TSN All-Star,2021,AL,,SP
colege01,TSN All-Star,2023,AL,,SP
colege01,TSN Pitcher of the Year,2019,AL,,
colege01,TSN Pitcher of the Year,2021,AL,,
colege01,TSN Pitcher of the Year,2023,AL,,
colliis01,Player of the Week,2025,NL,,Week of 2025-08-09
colomal01,Reliever of the Month,2017,AL,,August
colonba01,Cy Young Award,2005,AL,,
colonba01,MLB Players Choice Outstanding Pitcher,2005,AL,,
colonba01,Pitcher of the Month,2002,AL,,May
colonba01,Pitcher of the Month,2005,AL,,August
colonba01,Pitcher of the Month,2013,AL,,June
colonba01,Player of the Week,2000,AL,,Week of 2000-09-23
colonba01,Player of the Week,2003,AL,,Week of 2003-09-13
colonba01,Player of the Week,2015,NL,,Week of 2015-09-06
colonba01,Player of the Week,2016,NL,Y,Week of 2016-05-07
colonba01,TSN Pitcher of the Year,2005,AL,,
confomi01,All-MLB Team - Second Team,2020,ML,,OF
coninje01,Player of the Week,2002,AL,,Week of 2002-06-01
contrjo01,Pitcher of the Month,2005,AL,,September
contrjo01,Pitcher of the Month,2006,AL,,April
contrjo01,Player of the Week,2009,AL,,Week of 2009-06-13
contrwi01,Player of the Week,2017,NL,,Week of 2017-08-05
contrwi02,All-MLB Team - First Team,2024,ML,,C
contrwi02,Player of the Week,2025,NL,,Week of 2025-04-12
contrwi02,Silver Slugger,2023,NL,,C
contrwi02,Silver Slugger,2024,NL,,C
contrwi02,TSN All-Star,2023,NL,Y,C
contrwi02,TSN All-Star,2024,NL,,C
corbipa01,Pitcher of the Month,2013,NL,,May
corbipa01,Player of the Week,2018,NL,,Week of 2018-04-21
cordech01,Pitcher of the Month,2005,NL,,June
cordech01,Reliever of the Month,2005,ML,,June
cordech01,Reliever of the Year Award,2005,NL,,
cordech01,TSN All-Star,2005,NL,,RP
cordech01,TSN Reliever of the Year,2005,NL,,
cordefr01,Reliever of the Month,2007,ML,,April
corpama01,Reliever of the Month,2007,ML,,September
correca01,Gold Glove,2021,AL,,SS
correca01,MLB Players Choice Outstanding Rookie,2015,AL,,
correca01,Platinum Glove,2021,AL,,
correca01,Player of the Month,2017,AL,,May
correca01,Player of the Week,2016,AL,,Week of 2016-06-25
correca01,Player of the Week,2016,AL,,Week of 2016-08-13
correca01,Player of the Week,2017,AL,,Week of 2017-09-30
correca01,Player of the Week,2024,AL,,Week of 2024-06-16
correca01,Rookie of the Month,2015,AL,,June
correca01,Rookie of the Year,2015,AL,,
correca01,TSN All-Star,2021,AL,,SS
correca01,TSN Rookie of the Year,2015,AL,,
cottsne01,This Year in Baseball Setup Man of the Year,2005,ML,,MLB.com GIBBY
counscr01,NLCS MVP,2001,NL,,
cowseco01,MLB Players Choice Outstanding Rookie,2024,AL,,
cowseco01,Player of the Week,2024,AL,,Week of 2024-04-13
cowseco01,Rookie of the Month,2024,AL,,April
craigal01,This Year in Baseball Postseason Moment of the Year,2013,ML,,MLB.com GIBBY
crawfbr01,Gold Glove,2015,NL,,SS
crawfbr01,Gold Glove,2016,NL,,SS
crawfbr01,Gold Glove,2017,NL,,SS
crawfbr01,Gold Glove,2021,NL,,SS
crawfbr01,Lou Gehrig Memorial Award,2022,ML,,
crawfbr01,Silver Slugger,2015,NL,,SS
crawfca02,All-Star Game MVP,2009,ML,,
crawfca02,Gold Glove,2010,AL,,OF
crawfca02,Player of the Week,2006,AL,Y,Week of 2006-05-27
crawfca02,Player of the Week,2007,AL,Y,Week of 2007-08-04
crawfca02,Player of the Week,2010,AL,,Week of 2010-06-20
crawfca02,Player of the Week,2011,AL,,Week of 2011-05-30
crawfca02,Silver Slugger,2010,AL,,OF
crawfjp01,Gold Glove,2020,AL,,SS
credejo01,Player of the Week,2002,AL,,Week of 2002-08-31
credejo01,Player of the Week,2006,AL,,Week of 2006-06-24
credejo01,Player of the Week,2008,AL,Y,Week of 2008-06-07
credejo01,Silver Slugger,2006,AL,,3B
credejo01,TSN All-Star,2006,AL,,3B
crispco01,Player of the Week,2005,AL,,Week of 2005-09-10
crochga01,All-MLB Team - First Team,2025,ML,,SP
crochga01,Comeback Player of the Year,2024,AL,,
crochga01,Pitcher of the Month,2024,AL,,June
croncj01,Player of the Month,2021,NL,,August
croncj01,Player of the Week,2021,NL,,Week of 2021-08-07
croncj01,Player of the Week,2023,NL,,Week of 2023-04-01
croneja01,MLB Players Choice Outstanding Rookie,2020,NL,,
croneja01,Player of the Week,2021,NL,,Week of 2021-06-26
croneja01,Rookie of the Month,2020,NL,,July-August
croneja01,TSN Rookie of the Year,2020,NL,,
crosbbo01,MLB Players Choice Outstanding Rookie,2004,AL,,
crosbbo01,Rookie of the Month,2004,AL,,June
crosbbo01,Rookie of the Year,2004,AL,,
crosbbo01,TSN Rookie of the Year,2004,AL,,
crowape01,All-MLB Team - Second Team,2025,ML,,OF
crowape01,Gold Glove,2025,NL,,CF
cruzjo02,Gold Glove,2003,NL,,OF
cruzjo02,Player of the Week,2000,AL,,Week of 2000-05-06
cruzjo02,Player of the Week,2001,AL,,Week of 2001-10-06
cruzjo02,Player of the Week,2004,AL,,Week of 2004-05-22
cruzne02,ALCS MVP,2011,AL,,
cruzne02,All-MLB Team - First Team,2019,ML,,DH
cruzne02,All-MLB Team - Second Team,2020,ML,,DH
cruzne02,MLB Players Choice Man of the Year,2020,ML,,
cruzne02,Outstanding DH Award,2017,AL,,
cruzne02,Outstanding DH Award,2019,ML,,
cruzne02,Player of the Month,2015,AL,,April
cruzne02,Player of the Week,2010,AL,,Week of 2010-05-23
cruzne02,Player of the Week,2014,AL,,Week of 2014-06-01
cruzne02,Player of the Week,2014,AL,Y,Week of 2014-09-07
cruzne02,Player of the Week,2015,AL,,Week of 2015-04-19
cruzne02,Player of the Week,2018,AL,,Week of 2018-06-23
cruzne02,Player of the Week,2019,AL,,Week of 2019-07-27
cruzne02,Player of the Week,2020,AL,,Week of 2020-07-25
cruzne02,Roberto Clemente Award,2021,ML,,
cruzne02,Silver Slugger,2015,AL,,OF
cruzne02,Silver Slugger,2017,AL,,DH
cruzne02,Silver Slugger,2019,AL,,DH
cruzne02,Silver Slugger,2020,AL,,DH
cruzne02,TSN All-Star,2017,AL,,DH
cruzne02,TSN All-Star,2019,AL,,DH
cruzne02,TSN All-Star,2020,AL,,DH
cuddymi01,Player of the Week,2009,AL,,Week of 2009-09-20
cuddymi01,Silver Slugger,2013,NL,,OF
cuetojo01,Player of the Week,2014,NL,,Week of 2014-08-10
cuetojo01,Player of the Week,2016,NL,,Week of 2016-05-28
cuetojo01,Player of the Week,2022,AL,,Week of 2022-08-20
custja01,Player of the Week,2007,AL,Y,Week of 2007-05-12
custja01,Player of the Week,2008,AL,,Week of 2008-05-03
dahlda01,Player of the Week,2018,NL,,Week of 2018-09-29
dalbebo01,Rookie of the Month,2021,AL,,August
damicje02,Pitcher of the Month,2000,NL,,July
damonjo01,Player of the Month,2000,AL,,July
damonjo01,Player of the Week,2006,AL,,Week of 2006-08-19
damonjo01,Player of the Week,2009,AL,,Week of 2009-05-09
damonjo01,Player of the Week,2011,AL,Y,Week of 2011-04-17
damonjo01,This Year in Baseball Oddity of the Year,2008,ML,,MLB.com GIBBY
damonjo01,This Year in Baseball Postseason Moment of the Year,2009,ML,,MLB.com GIBBY
damonjo01,TSN All-Star,2005,AL,,OF
darnatr01,Silver Slugger,2020,NL,,C
darviyu01,All-MLB Team - First Team,2020,ML,,SP
darviyu01,Pitcher of the Month,2020,NL,,August
darviyu01,Pitcher of the Month,2022,NL,,September
darviyu01,Player of the Week,2022,NL,,Week of 2022-09-17
darviyu01,Rookie of the Month,2012,AL,,April
davisch02,Player of the Month,2013,AL,,April
davisch02,Player of the Week,2012,AL,Y,Week of 2012-09-28
davisch02,Player of the Week,2013,AL,,Week of 2013-04-07
davisch02,Player of the Week,2013,AL,,Week of 2013-06-02
davisch02,Player of the Week,2016,AL,,Week of 2016-06-11
davisch02,Rookie of the Month,2008,AL,,July
davisch02,Silver Slugger,2013,AL,,1B
davisch02,This Year in Baseball Breakout Hitter of the Year,2013,ML,,MLB.com GIBBY
daviser01,MLB Players Choice Man of the Year,2000,ML,,
daviskh01,Outstanding DH Award,2018,ML,,
daviskh01,Player of the Week,2016,AL,Y,Week of 2016-09-17
daviswa01,Babe Ruth Award,2015,AL,,
daviswa01,Rookie of the Month,2010,AL,,July
daviswa01,This Year in Baseball Best Major Leaguer - Postseason,2015,ML,,Esurance
daviswa01,This Year in Baseball Setup Man of the Year,2014,ML,,MLB.com GIBBY
dawsoan01,MLB Players Curt Flood Award,2020,ML,,
deazaal01,Player of the Week,2013,AL,,Week of 2013-07-12
degroja01,All-MLB Team - First Team,2019,ML,,SP
degroja01,All-MLB Team - First Team,2020,ML,,SP
degroja01,Comeback Player of the Year,2025,AL,,
degroja01,Cy Young Award,2018,NL,,
degroja01,Cy Young Award,2019,NL,,
degroja01,MLB Players Choice Outstanding Pitcher,2018,NL,,
degroja01,MLB Players Choice Outstanding Pitcher,2019,NL,,
degroja01,MLB Players Choice Outstanding Rookie,2014,NL,,
degroja01,Pitcher of the Month,2021,NL,,April
degroja01,Pitcher of the Month,2021,NL,,June
degroja01,Player of the Week,2014,NL,Y,Week of 2014-07-27
degroja01,Player of the Week,2015,NL,Y,Week of 2015-06-07
degroja01,Player of the Week,2017,NL,,Week of 2017-06-17
degroja01,Rookie of the Month,2014,NL,,July
degroja01,Rookie of the Month,2014,NL,,September
degroja01,Rookie of the Year,2014,NL,,
degroja01,TSN All-Star,2018,NL,,SP
degroja01,TSN All-Star,2019,NL,,SP
degroja01,TSN All-Star,2020,NL,,SP
degroja01,TSN Comeback Player of the Year,2025,AL,,
degroja01,TSN Pitcher of the Year,2018,NL,,
degroja01,TSN Pitcher of the Year,2019,NL,,
degroja01,TSN Pitcher of the Year,2020,NL,,
degroja01,TSN Rookie of the Year,2014,NL,,
dejeami01,Player of the Week,2003,NL,,Week of 2003-05-31
dejesda01,Player of the Week,2005,AL,Y,Week of 2005-07-16
dejonpa01,Rookie of the Month,2017,NL,,July
delacel01,Player of the Week,2023,NL,,Week of 2023-06-24
delgaca01,Hank Aaron Award,2000,AL,,1B
delgaca01,MLB Players Choice Outstanding Player,2000,AL,,
delgaca01,MLB Players Choice Player of the Year,2000,ML,,
delgaca01,Player of the Week,2000,AL,,Week of 2000-06-10
delgaca01,Player of the Week,2000,AL,Y,Week of 2000-04-22
delgaca01,Player of the Week,2000,AL,Y,Week of 2000-07-08
delgaca01,Player of the Week,2001,AL,Y,Week of 2001-04-07
delgaca01,Player of the Week,2002,AL,,Week of 2002-09-28
delgaca01,Player of the Week,2003,AL,,Week of 2003-09-27
delgaca01,Player of the Week,2004,AL,,Week of 2004-09-04
delgaca01,Roberto Clemente Award,2006,ML,,
delgaca01,Silver Slugger,2000,AL,,1B
delgaca01,Silver Slugger,2003,AL,,1B
delgaca01,TSN All-Star,2000,AL,,1B
delgaca01,TSN All-Star,2003,AL,,1B
delgaca01,TSN Major League Player of the Year,2000,ML,,
dempsry01,Player of the Week,2001,NL,,Week of 2001-07-07
dempsry01,Player of the Week,2012,NL,Y,Week of 2012-06-10
dempsry01,Reliever of the Month,2005,ML,,September
derosma01,Player of the Week,2006,AL,,Week of 2006-08-12
deshide02,Rookie of the Month,2015,AL,,May
desmoia01,Silver Slugger,2012,NL,,SS
desmoia01,Silver Slugger,2013,NL,,SS
desmoia01,Silver Slugger,2014,NL,,SS
detmere01,Player of the Week,2022,AL,,Week of 2022-05-14
deverra01,All-MLB Team - Second Team,2021,ML,,3B
deverra01,Player of the Month,2019,AL,,May
deverra01,Player of the Week,2019,AL,,Week of 2019-08-17
deverra01,Player of the Week,2023,AL,,Week of 2023-09-16
deverra01,Player of the Week,2025,AL,,Week of 2025-05-10
deverra01,Silver Slugger,2021,AL,,3B
deverra01,Silver Slugger,2023,AL,,3B
dewitbl01,Rookie of the Month,2008,NL,,May
diazed04,All-MLB Team - First Team,2022,ML,,RP
diazed04,All-MLB Team - Second Team,2025,ML,,RP
diazed04,Reliever of the Month,2017,AL,,July
diazed04,Reliever of the Month,2018,AL,,April
diazed04,Reliever of the Month,2018,AL,,August
diazed04,Reliever of the Month,2018,AL,,July
diazed04,Reliever of the Month,2018,AL,,June
diazed04,Reliever of the Month,2022,NL,,August
diazed04,Reliever of the Month,2022,NL,,July
diazed04,Reliever of the Month,2022,NL,,June
diazed04,Reliever of the Month,2025,NL,,July
diazed04,Reliever of the Month,2025,NL,,May
diazed04,Reliever of the Year Award,2018,AL,,
diazed04,Reliever of the Year Award,2022,NL,,
diazed04,Reliever of the Year Award,2025,NL,,
diazed04,TSN All-Star,2018,AL,,RP
diazed04,TSN All-Star,2022,NL,,RP
diazed04,TSN All-Star,2025,NL,,RP
diazed04,TSN Reliever of the Year,2018,AL,,
diazed04,TSN Reliever of the Year,2022,NL,,
diazel01,All-Star Game MVP,2023,NL,,
diazya01,Player of the Week,2025,AL,,Week of 2025-09-20
diazya01,Silver Slugger,2023,AL,,1B
diazya01,TSN All-Star,2023,AL,,1B
dickeco01,Gold Glove,2018,NL,,LF
dickeco01,Player of the Week,2014,NL,,Week of 2014-08-17
dickera01,Branch Rickey Award,2012,ML,,
dickera01,Cy Young Award,2012,NL,,
dickera01,Gold Glove,2013,AL,,P
dickera01,MLB Players Choice Outstanding Pitcher,2012,NL,,
dickera01,Pitcher of the Month,2012,NL,,June
dickera01,Player of the Week,2012,NL,,Week of 2012-05-28
dickera01,This Year in Baseball Breakout Pitcher of the Year,2012,ML,,MLB.com GIBBY
dickera01,This Year in Baseball Starter of the Year,2012,ML,,MLB.com GIBBY
dickera01,TSN Pitcher of the Year,2012,NL,,
diekmja01,Hutch Award,2017,ML,,
dingldi01,Gold Glove,2025,AL,,C
donaljo02,Comeback Player of the Year,2019,NL,,
donaljo02,Hank Aaron Award,2015,AL,,
donaljo02,MLB Players Choice Comeback Player,2019,NL,,
donaljo02,MLB Players Choice Outstanding Player,2015,AL,,
donaljo02,MLB Players Choice Player of the Year,2015,ML,,
donaljo02,Most Valuable Player,2015,AL,,
donaljo02,Player of the Month,2013,AL,,September
donaljo02,Player of the Week,2013,AL,,Week of 2013-04-28
donaljo02,Player of the Week,2015,AL,,Week of 2015-05-31
donaljo02,Player of the Week,2015,AL,Y,Week of 2015-08-09
donaljo02,Player of the Week,2016,AL,,Week of 2016-06-18
donaljo02,Silver Slugger,2015,AL,,3B
donaljo02,Silver Slugger,2016,AL,,3B
donaljo02,This Year in Baseball Best Play - Defense,2015,ML,,Esurance
donaljo02,TSN All-Star,2016,AL,,3B
donaljo02,TSN Comeback Player of the Year,2019,NL,,
donaljo02,TSN Major League Player of the Year,2015,ML,,
donnebr01,This Year in Baseball Setup Man of the Year,2003,ML,,MLB.com GIBBY
donovbr01,Gold Glove,2022,NL,,UT
doolise01,Bob Feller Act of Valor Award - MLB Player,2018,ML,,
doolise01,Reliever of the Month,2017,NL,,September
doumiry01,Player of the Week,2008,NL,Y,Week of 2008-06-14
dovalca01,Reliever of the Month,2021,NL,,September
dovalca01,Reliever of the Month,2022,NL,,September
dovalca01,Reliever of the Month,2023,NL,,May
doylebr02,Gold Glove,2023,NL,,OF
doylebr02,Gold Glove,2024,NL,,CF
doylebr02,Player of the Month,2024,NL,,July
doylebr02,Player of the Week,2024,NL,,Week of 2024-07-06
doziebr01,Gold Glove,2017,AL,,2B
dresery01,Rookie of the Month,2002,AL,,May
drewjd01,All-Star Game MVP,2008,ML,,
drewjd01,Player of the Month,2008,AL,,June
drewjd01,This Year in Baseball Postseason Moment of the Year,2007,ML,,MLB.com GIBBY
drewjd01,TSN All-Star,2004,NL,,OF
drurybr01,Player of the Week,2016,NL,Y,Week of 2016-09-17
drurybr01,Silver Slugger,2022,NL,,UT
drurybr01,TSN Comeback Player of the Year,2022,NL,,
dubonma01,Gold Glove,2023,AL,,UT
dubonma01,Gold Glove,2025,AL,,UT
dudalu01,Player of the Week,2015,NL,Y,Week of 2015-08-02
dukeza01,Rookie of the Month,2005,NL,,August
dukeza01,Rookie of the Month,2005,NL,,July
duncach01,Player of the Week,2006,NL,Y,Week of 2006-08-19
duncach01,Rookie of the Month,2006,NL,,August
dunnad01,MLB Players Choice Comeback Player,2012,AL,,
dunnad01,Player of the Month,2005,NL,,July
dunnad01,Player of the Week,2002,NL,,Week of 2002-05-11
dunnad01,Player of the Week,2007,NL,,Week of 2007-06-16
dunnad01,TSN Comeback Player of the Year,2012,AL,,
duranja01,All-MLB Team - Second Team,2024,ML,,OF
duranja01,All-Star Game MVP,2024,AL,,
duranja01,TSN All-Star,2024,AL,,OF
duranjh01,All-MLB Team - First Team,2025,ML,,RP
duranjh01,Reliever of the Month,2025,AL,,May
durazer01,Player of the Week,2004,AL,Y,Week of 2004-06-12
durhara01,Player of the Week,2001,AL,,Week of 2001-05-26
duvalad01,Gold Glove,2021,NL,,CF
duvalad01,Player of the Week,2023,AL,,Week of 2023-08-26
duvalad01,Player of the Week,2023,AL,,Week of 2023-04-01
dyeje01,Babe Ruth Award,2005,AL,,OF
dyeje01,Gold Glove,2000,AL,,OF
dyeje01,MLB Players Choice Outstanding Player,2006,AL,,
dyeje01,Player of the Month,2000,AL,,April
dyeje01,Player of the Month,2001,AL,,August
dyeje01,Player of the Week,2000,AL,,Week of 2000-04-29
dyeje01,Player of the Week,2006,AL,,Week of 2006-07-08
dyeje01,Player of the Week,2006,AL,,Week of 2006-08-26
dyeje01,Player of the Week,2008,AL,,Week of 2008-06-21
dyeje01,Player of the Week,2009,AL,Y,Week of 2009-06-27
dyeje01,Silver Slugger,2006,AL,,OF
dyeje01,TSN All-Star,2006,AL,,OF
dyeje01,World Series MVP,2005,ML,,
eatonad02,Player of the Week,2015,AL,Y,Week of 2015-08-02
eatonad02,Player of the Week,2018,NL,,Week of 2018-03-31
eckstda01,Babe Ruth Award,2006,AL,,SS
eckstda01,World Series MVP,2006,ML,,
edmanto01,Gold Glove,2021,NL,,2B
edmanto01,NLCS MVP,2024,NL,,
edmanto01,Player of the Week,2021,NL,,Week of 2021-08-28
edmonji01,Gold Glove,2000,NL,,OF
edmonji01,Gold Glove,2001,NL,,OF
edmonji01,Gold Glove,2002,NL,,OF
edmonji01,Gold Glove,2003,NL,,OF
edmonji01,Gold Glove,2004,NL,,OF
edmonji01,Gold Glove,2005,NL,,OF
edmonji01,Player of the Month,2004,NL,,July
edmonji01,Player of the Week,2003,NL,,Week of 2003-04-12
edmonji01,Player of the Week,2003,NL,,Week of 2003-06-28
edmonji01,Player of the Week,2004,NL,,Week of 2004-09-04
edmonji01,Player of the Week,2004,NL,Y,Week of 2004-07-31
edmonji01,Silver Slugger,2004,NL,,OF
edmonji01,This Year in Baseball Defensive Player of the Year,2003,ML,,MLB.com GIBBY
edmonji01,This Year in Baseball Defensive Player of the Year,2004,ML,,MLB.com GIBBY
edmonji01,TSN All-Star,2004,NL,,OF
elartsc01,Player of the Week,2000,NL,Y,Week of 2000-08-05
eldreca01,Pitcher of the Month,2000,AL,,June
ellisma01,Player of the Week,2009,AL,,Week of 2009-08-16
ellsbja01,Comeback Player of the Year,2011,AL,,
ellsbja01,Gold Glove,2011,AL,,CF
ellsbja01,MLB Players Choice Comeback Player,2011,AL,,
ellsbja01,Player of the Week,2011,AL,,Week of 2011-06-12
ellsbja01,Player of the Week,2014,AL,,Week of 2014-09-01
ellsbja01,Rookie of the Month,2007,AL,,September
ellsbja01,Silver Slugger,2011,AL,,OF
ellsbja01,This Year in Baseball Defensive Player of the Year,2009,ML,,MLB.com GIBBY
ellsbja01,TSN Comeback Player of the Year,2011,AL,,
encared01,Player of the Month,2014,AL,,May
encared01,Player of the Month,2015,AL,,August
encared01,Player of the Week,2006,NL,,Week of 2006-08-12
encared01,Player of the Week,2010,AL,,Week of 2010-10-03
encared01,Player of the Week,2013,AL,,Week of 2013-07-28
encared01,Player of the Week,2014,AL,,Week of 2014-05-11
encared01,Player of the Week,2015,AL,,Week of 2015-08-30
encared01,Player of the Week,2018,AL,,Week of 2018-06-02
ensbemo01,Player of the Week,2003,NL,,Week of 2003-06-07
ensbemo01,Player of the Week,2005,NL,,Week of 2005-07-02
ensbemo01,Silver Slugger,2005,NL,,3B
ensbemo01,TSN All-Star,2005,NL,,3B
eovalna01,All-MLB Team - Second Team,2023,ML,,SP
eovalna01,Pitcher of the Month,2023,AL,,May
eovalna01,Pitcher of the Month,2025,AL,,July
erstada01,Gold Glove,2000,AL,,OF
erstada01,Gold Glove,2002,AL,,OF
erstada01,Gold Glove,2004,AL,,1B
erstada01,Player of the Week,2000,AL,,Week of 2000-05-27
erstada01,Player of the Week,2000,AL,Y,Week of 2000-07-08
erstada01,Silver Slugger,2000,AL,,OF
erstada01,TSN All-Star,2000,AL,,OF
escobal02,ALCS MVP,2015,AL,,
escobal02,Gold Glove,2015,AL,,SS
escobed01,Player of the Month,2022,NL,Y,September
escobed01,Player of the Week,2018,AL,,Week of 2018-06-09
escobed01,Player of the Week,2019,NL,,Week of 2019-04-27
escobke01,Player of the Week,2001,AL,Y,Week of 2001-08-25
escobyu01,Player of the Week,2009,NL,,Week of 2009-07-18
espinda01,Player of the Week,2016,NL,,Week of 2016-07-02
estevca01,Reliever of the Month,2024,AL,,June
estrajo01,Silver Slugger,2004,NL,,C
estrajo01,TSN All-Star,2004,NL,,C
ethiean01,Gold Glove,2011,NL,,RF
ethiean01,Player of the Week,2006,NL,,Week of 2006-07-07
ethiean01,Player of the Week,2008,NL,Y,Week of 2008-09-06
ethiean01,Player of the Week,2009,NL,,Week of 2009-04-18
ethiean01,Player of the Week,2009,NL,,Week of 2009-07-25
ethiean01,Silver Slugger,2009,NL,,OF
evereca01,Player of the Week,2003,AL,,Week of 2003-04-19
felizne01,Rookie of the Month,2010,AL,,September
felizne01,Rookie of the Year,2010,AL,,
felizpe01,Player of the Week,2006,NL,Y,Week of 2006-05-20
felizpe01,Rookie of the Month,2001,NL,,July
fernajo02,MLB Players Choice Comeback Player,2016,NL,,
fernajo02,MLB Players Choice Outstanding Rookie,2013,NL,,
fernajo02,Pitcher of the Month,2014,NL,,April
fernajo02,Player of the Week,2013,NL,Y,Week of 2013-07-28
fernajo02,Player of the Week,2013,NL,Y,Week of 2013-08-25
fernajo02,Player of the Week,2014,NL,Y,Week of 2014-04-06
fernajo02,Player of the Week,2016,NL,,Week of 2016-05-14
fernajo02,Rookie of the Month,2013,NL,,August
fernajo02,Rookie of the Month,2013,NL,,July
fernajo02,Rookie of the Year,2013,NL,,
fernajo02,This Year in Baseball Rookie of the Year,2013,ML,,MLB.com GIBBY
fernajo02,TSN Comeback Player of the Year,2016,NL,,
fernajo02,TSN Rookie of the Year,2013,NL,,
fickro01,Player of the Week,2002,AL,Y,Week of 2002-06-15
fieldjo02,Player of the Week,2007,AL,,Week of 2007-09-22
fieldpr01,All-Star Game MVP,2011,NL,,
fieldpr01,Comeback Player of the Year,2015,AL,,
fieldpr01,Hank Aaron Award,2007,NL,,
fieldpr01,MLB Players Choice Comeback Player,2015,AL,,
fieldpr01,MLB Players Choice Outstanding Player,2007,NL,,
fieldpr01,Player of the Month,2007,NL,,May
fieldpr01,Player of the Month,2011,NL,,June
fieldpr01,Player of the Week,2007,NL,,Week of 2007-05-05
fieldpr01,Player of the Week,2008,NL,,Week of 2008-09-20
fieldpr01,Player of the Week,2011,NL,,Week of 2011-04-10
fieldpr01,Player of the Week,2011,NL,,Week of 2011-06-12
fieldpr01,Player of the Week,2013,AL,,Week of 2013-04-14
fieldpr01,Player of the Week,2015,AL,Y,Week of 2015-09-20
fieldpr01,Rookie of the Month,2006,NL,,April
fieldpr01,Silver Slugger,2007,NL,,1B
fieldpr01,Silver Slugger,2011,NL,,1B
fieldpr01,Silver Slugger,2012,AL,,1B
fieldpr01,This Year in Baseball Best Bounceback Player,2015,ML,,Esurance
fieldpr01,TSN All-Star,2007,NL,,1B
fieldpr01,TSN Comeback Player of the Year,2015,AL,,
fiersmi01,Player of the Week,2015,AL,,Week of 2015-08-23
fiersmi01,Player of the Week,2019,AL,Y,Week of 2019-05-11
finlest01,Gold Glove,2000,NL,,OF
finlest01,Gold Glove,2004,NL,,OF
finlest01,Player of the Week,2004,NL,,Week of 2004-09-11
fiskca01,Bob Feller Act of Valor Award - HOF Player,2023,ML,,
fistedo01,Pitcher of the Month,2011,AL,,September
fitzgty01,Rookie of the Month,2024,NL,,July
flaheja01,All-MLB Team - Second Team,2019,ML,,SP
flaheja01,Pitcher of the Month,2019,NL,,August
flaheja01,Pitcher of the Month,2019,NL,,September
fletcda02,Player of the Week,2021,AL,Y,Week of 2021-07-10
floydcl01,Player of the Week,2000,NL,,Week of 2000-09-30
floydcl01,Player of the Week,2001,NL,Y,Week of 2001-07-21
floydga01,Pitcher of the Month,2010,AL,,July
fordle01,Player of the Week,2005,AL,,Week of 2005-08-20
forsylo01,Player of the Week,2015,AL,,Week of 2015-09-06
foulkke01,Babe Ruth Award,2004,AL,,P
foulkke01,Reliever of the Year Award,2003,AL,,
foulkke01,TSN Reliever of the Year,2003,AL,,
francbo01,Pitcher of the Month,2024,AL,,August
francbo01,Player of the Week,2024,AL,,Week of 2024-08-17
francfr01,Rookie of the Month,2004,AL,,August
francje02,Gold Glove,2007,NL,,OF
francjo01,Lou Gehrig Memorial Award,2001,ML,,
francma02,Rookie of the Month,2015,NL,,June
francty01,Gold Glove,2025,AL,,1B
francty01,Player of the Week,2022,AL,Y,Week of 2022-04-23
francty01,Player of the Week,2025,AL,,Week of 2025-04-12
frankry01,Reliever of the Month,2009,ML,,August
frankry01,TSN Reliever of the Year,2009,NL,,
fraziad01,Player of the Week,2019,NL,,Week of 2019-07-06
frazito01,MLB Players Choice Outstanding Rookie,2012,NL,,
frazito01,Player of the Week,2015,NL,,Week of 2015-05-31
frazito01,Rookie of the Month,2012,NL,,August
freemfr01,All-MLB Team - First Team,2020,ML,,1B
freemfr01,All-MLB Team - First Team,2023,ML,,1B
freemfr01,All-MLB Team - Second Team,2019,ML,,1B
freemfr01,All-MLB Team - Second Team,2021,ML,,1B
freemfr01,All-MLB Team - Second Team,2022,ML,,1B
freemfr01,Babe Ruth Award,2021,ML,,
freemfr01,Gold Glove,2018,NL,Y,1B
freemfr01,Hank Aaron Award,2020,NL,,
freemfr01,MLB Players Choice Outstanding Player,2020,NL,,
freemfr01,MLB Players Choice Player of the Year,2020,ML,,
freemfr01,Most Valuable Player,2020,NL,,
freemfr01,Player of the Month,2016,NL,,September
freemfr01,Player of the Month,2020,NL,,September
freemfr01,Player of the Month,2022,NL,Y,September
freemfr01,Player of the Month,2023,NL,,May
freemfr01,Player of the Week,2012,NL,,Week of 2012-04-22
freemfr01,Player of the Week,2012,NL,,Week of 2012-05-06
freemfr01,Player of the Week,2016,NL,,Week of 2016-06-18
freemfr01,Player of the Week,2016,NL,,Week of 2016-09-03
freemfr01,Player of the Week,2016,NL,,Week of 2016-09-24
freemfr01,Player of the Week,2022,NL,,Week of 2022-06-25
freemfr01,Player of the Week,2022,NL,,Week of 2022-07-16
freemfr01,Player of the Week,2022,NL,,Week of 2022-09-10
freemfr01,Player of the Week,2023,NL,,Week of 2023-08-05
freemfr01,Player of the Week,2025,NL,,Week of 2025-05-10
freemfr01,Rookie of the Month,2011,NL,,July
freemfr01,Silver Slugger,2019,NL,,1B
freemfr01,Silver Slugger,2020,NL,,1B
freemfr01,Silver Slugger,2021,NL,,1B
freemfr01,TSN All-Star,2016,NL,,1B
freemfr01,TSN All-Star,2018,NL,,1B
freemfr01,TSN All-Star,2019,NL,,1B
freemfr01,TSN All-Star,2020,NL,,1B
freemfr01,TSN All-Star,2021,NL,,1B
freemfr01,TSN All-Star,2023,NL,,1B
freemfr01,World Series MVP,2024,ML,,
freesda01,Babe Ruth Award,2011,NL,,P
freesda01,NLCS MVP,2011,NL,,
freesda01,Player of the Week,2010,NL,,Week of 2010-05-02
freesda01,This Year in Baseball Postseason Moment of the Year,2011,ML,,MLB.com GIBBY
freesda01,This Year in Baseball Postseason MVP,2011,ML,,MLB.com GIBBY
freesda01,World Series MVP,2011,ML,,
freimna01,Rookie of the Month,2013,AL,,May
frelisa01,Gold Glove,2024,NL,,RF
friedma01,All-MLB Team - First Team,2020,ML,,SP
friedma01,All-MLB Team - First Team,2025,ML,,SP
friedma01,All-MLB Team - Second Team,2021,ML,,SP
friedma01,All-MLB Team - Second Team,2022,ML,,SP
friedma01,Gold Glove,2020,NL,,P
friedma01,Gold Glove,2021,NL,,P
friedma01,Gold Glove,2022,NL,,P
friedma01,Gold Glove,2025,AL,,P
friedma01,Pitcher of the Month,2021,NL,,October
friedma01,Pitcher of the Month,2025,AL,,September
friedma01,Pitcher of the Month,2025,AL,,April
friedma01,Silver Slugger,2021,NL,,P
frymatr01,Gold Glove,2000,AL,,3B
frymatr01,Player of the Week,2000,AL,,Week of 2000-08-19
frymatr01,TSN All-Star,2000,AL,,3B
fuentjo01,Player of the Week,2021,NL,,Week of 2021-05-15
fulmemi01,MLB Players Choice Outstanding Rookie,2016,AL,,
fulmemi01,Rookie of the Year,2016,AL,,
fulmemi01,TSN Rookie of the Year,2016,AL,,
furcara01,MLB Players Choice Outstanding Rookie,2000,NL,,
furcara01,Player of the Week,2004,NL,,Week of 2004-07-09
furcara01,Player of the Week,2010,NL,,Week of 2010-07-05
furcara01,Rookie of the Year,2000,NL,,
furcara01,This Year in Baseball Play of the Year,2003,ML,,MLB.com GIBBY
furcara01,TSN Rookie Player of the Year,2000,NL,,
gagneer01,Cy Young Award,2003,NL,,
gagneer01,MLB Players Choice Outstanding Pitcher,2003,NL,,
gagneer01,Pitcher of the Month,2002,NL,,June
gagneer01,Player of the Week,2003,NL,,Week of 2003-08-09
gagneer01,Reliever of the Year Award,2003,NL,,
gagneer01,Reliever of the Year Award,2004,NL,,
gagneer01,TSN All-Star,2003,NL,,RHP
gagneer01,TSN Pitcher of the Year,2003,NL,,
gagneer01,TSN Reliever of the Year,2003,NL,,
galaran01,MLB Players Choice Comeback Player,2000,NL,,
galaran01,TSN Comeback Player of the Year,2000,NL,,
galarar01,Player of the Week,2010,AL,,Week of 2010-06-06
galarar01,This Year in Baseball Performance of the Year,2010,ML,,MLB.com GIBBY
gallayo01,Silver Slugger,2010,NL,,P
galleza01,All-MLB Team - First Team,2023,ML,,SP
galleza01,Pitcher of the Month,2022,NL,,August
galleza01,Player of the Week,2022,NL,,Week of 2022-09-03
galleza01,Player of the Week,2023,NL,,Week of 2023-04-15
gallojo01,Gold Glove,2020,AL,,RF
gallojo01,Gold Glove,2021,AL,,CF
gallojo01,Player of the Week,2019,AL,,Week of 2019-04-20
garciad02,ALCS MVP,2023,AL,,
garciad02,All-MLB Team - Second Team,2023,ML,,OF
garciad02,Babe Ruth Award,2023,ML,,
garciad02,Gold Glove,2023,AL,,OF
garciad02,Player of the Week,2021,AL,,Week of 2021-04-24
garciad02,Player of the Week,2023,AL,,Week of 2023-04-22
garciad02,Rookie of the Month,2021,AL,,May
garciad02,TSN Rookie of the Year,2021,AL,,
garcifr02,Pitcher of the Month,2003,AL,,June
garcija02,Player of the Week,2011,NL,Y,Week of 2011-04-03
garcika01,Player of the Week,2002,AL,,Week of 2002-09-07
garcima01,Gold Glove,2025,AL,,3B
garcino01,Comeback Player of the Year,2006,NL,,
garcino01,MLB Players Choice Comeback Player,2006,NL,,
garcino01,Player of the Week,2000,AL,,Week of 2000-06-03
garcino01,Player of the Week,2003,AL,,Week of 2003-08-09
garcino01,Player of the Week,2006,NL,Y,Week of 2006-05-13
garcino01,TSN Comeback Player of the Year,2006,NL,,
gardnbr01,Gold Glove,2016,AL,,OF
gardnbr01,Player of the Week,2013,AL,,Week of 2013-06-09
gardnbr01,Player of the Week,2014,AL,,Week of 2014-08-03
gardnbr01,Player of the Week,2015,AL,,Week of 2015-06-28
garlajo01,Pitcher of the Month,2005,AL,,April
garlajo01,Player of the Week,2005,AL,Y,Week of 2005-04-30
garvemi01,Silver Slugger,2019,AL,,C
garzama01,ALCS MVP,2008,AL,,
garzama01,Player of the Week,2010,AL,Y,Week of 2010-08-01
gattiev01,Player of the Week,2018,AL,,Week of 2018-06-16
gattiev01,Rookie of the Month,2013,NL,,April
gattiev01,Rookie of the Month,2013,NL,,May
gaudich01,Player of the Week,2009,NL,Y,Week of 2009-06-27
gausmke01,All-MLB Team - Second Team,2021,ML,,SP
gausmke01,All-MLB Team - Second Team,2023,ML,,SP
gausmke01,Pitcher of the Month,2021,NL,,May
gausmke01,Player of the Week,2022,AL,,Week of 2022-08-06
gelofza01,Rookie of the Month,2023,AL,,August
gennesc01,Player of the Month,2018,NL,,May
gennesc01,Player of the Week,2017,NL,,Week of 2017-06-10
gennesc01,Player of the Week,2018,NL,,Week of 2018-05-12
gennesc01,Player of the Week,2018,NL,,Week of 2018-05-26
germado01,Player of the Week,2023,AL,Y,Week of 2023-07-01
gerutjo01,TSN Rookie Player of the Year,2003,AL,,
giambja01,Comeback Player of the Year,2005,AL,,
giambja01,Hutch Award,2000,ML,,
giambja01,MLB Players Choice Comeback Player,2005,AL,,
giambja01,Most Valuable Player,2000,AL,,
giambja01,Player of the Month,2000,AL,,September
giambja01,Player of the Month,2001,AL,,May
giambja01,Player of the Month,2002,AL,,May
giambja01,Player of the Month,2003,AL,,June
giambja01,Player of the Month,2005,AL,,July
giambja01,Player of the Month,2006,AL,,April
giambja01,Player of the Week,2000,AL,Y,Week of 2000-09-16
giambja01,Player of the Week,2006,AL,,Week of 2006-04-15
giambja01,Silver Slugger,2001,AL,,1B
giambja01,Silver Slugger,2002,AL,,1B
giambja01,TSN All-Star,2002,AL,,1B
giambja01,TSN Comeback Player of the Year,2005,AL,,
gilbelo01,Pitcher of the Month,2022,AL,,April
gilbelo01,Player of the Week,2023,AL,,Week of 2023-07-08
gilbety01,Player of the Week,2021,NL,,Week of 2021-08-14
gilesbr02,Player of the Week,2000,NL,,Week of 2000-05-06
gilesbr02,Player of the Week,2000,NL,Y,Week of 2000-08-19
gilesbr02,Player of the Week,2004,NL,,Week of 2004-05-01
gilesma01,TSN All-Star,2003,NL,,2B
gillu01,Pitcher of the Month,2024,AL,,May
gillu01,Rookie of the Month,2024,AL,,May
gillu01,Rookie of the Year,2024,AL,,
gimenan01,All-MLB Team - Second Team,2022,ML,,2B
gimenan01,Gold Glove,2022,AL,,2B
gimenan01,Gold Glove,2023,AL,,2B
gimenan01,Gold Glove,2024,AL,,2B
gimenan01,Platinum Glove,2023,AL,,
gimenan01,TSN All-Star,2022,AL,,2B
ginteke01,Player of the Week,2004,NL,,Week of 2004-10-02
giolilu01,Pitcher of the Month,2019,AL,,May
giolilu01,Player of the Week,2019,AL,,Week of 2019-06-01
giolilu01,Player of the Week,2020,AL,,Week of 2020-08-29
glasnty01,Pitcher of the Month,2019,AL,,April
glasnty01,Pitcher of the Month,2023,AL,,July
glasnty01,TSN Comeback Player of the Year,2023,AL,,
glaustr01,Babe Ruth Award,2002,AL,,3B
glaustr01,Player of the Month,2010,NL,,May
glaustr01,Player of the Week,2001,AL,,Week of 2001-09-29
glaustr01,Player of the Week,2003,AL,Y,Week of 2003-05-24
glaustr01,Player of the Week,2007,AL,,Week of 2007-05-05
glaustr01,Silver Slugger,2000,AL,,3B
glaustr01,Silver Slugger,2001,AL,,3B
glaustr01,TSN All-Star,2001,AL,,3B
glaustr01,World Series MVP,2002,ML,,
glavito02,Player of the Week,2000,NL,,Week of 2000-04-29
glavito02,TSN All-Star,2000,NL,,LHP
glavito02,TSN Pitcher of the Year,2000,NL,,
gloadro01,Rookie of the Month,2004,AL,,September
goldspa01,All-MLB Team - First Team,2022,ML,,1B
goldspa01,Gold Glove,2013,NL,,1B
goldspa01,Gold Glove,2015,NL,,1B
goldspa01,Gold Glove,2017,NL,,1B
goldspa01,Gold Glove,2021,NL,,1B
goldspa01,Hank Aaron Award,2013,NL,,
goldspa01,Hank Aaron Award,2022,NL,,
goldspa01,Lou Gehrig Memorial Award,2023,ML,,
goldspa01,MLB Players Choice Outstanding Player,2022,NL,,
goldspa01,Most Valuable Player,2022,NL,,
goldspa01,Player of the Month,2018,NL,,June
goldspa01,Player of the Month,2019,NL,,July
goldspa01,Player of the Month,2022,NL,,May
goldspa01,Player of the Week,2015,NL,,Week of 2015-05-03
goldspa01,Player of the Week,2018,NL,,Week of 2018-06-09
goldspa01,Player of the Week,2019,NL,,Week of 2019-07-27
goldspa01,Player of the Week,2022,NL,,Week of 2022-06-18
goldspa01,Player of the Week,2022,NL,,Week of 2022-07-23
goldspa01,Player of the Week,2022,NL,Y,Week of 2022-08-20
goldspa01,Silver Slugger,2013,NL,,1B
goldspa01,Silver Slugger,2015,NL,,1B
goldspa01,Silver Slugger,2017,NL,,1B
goldspa01,Silver Slugger,2018,NL,,1B
goldspa01,Silver Slugger,2022,NL,,1B
goldspa01,TSN All-Star,2022,NL,,1B
gomesya01,Silver Slugger,2014,AL,,C
gomesya01,TSN All-Star,2018,AL,,C
gomezca01,Gold Glove,2013,NL,,CF
gomezca01,Player of the Week,2008,AL,Y,Week of 2008-09-13
gomezca01,Player of the Week,2012,NL,Y,Week of 2012-07-29
gomezca01,Player of the Week,2013,NL,,Week of 2013-04-21
gonzaad01,Gold Glove,2008,NL,,1B
gonzaad01,Gold Glove,2009,NL,,1B
gonzaad01,Gold Glove,2011,AL,,1B
gonzaad01,Gold Glove,2014,NL,,1B
gonzaad01,Player of the Month,2011,AL,,June
gonzaad01,Player of the Month,2015,NL,,April
gonzaad01,Player of the Week,2006,NL,,Week of 2006-07-22
gonzaad01,Player of the Week,2009,NL,,Week of 2009-08-16
gonzaad01,Player of the Week,2009,NL,Y,Week of 2009-05-30
gonzaad01,Player of the Week,2010,NL,,Week of 2010-05-23
gonzaad01,Player of the Week,2011,AL,,Week of 2011-08-28
gonzaad01,Player of the Week,2012,AL,,Week of 2012-07-22
gonzaad01,Player of the Week,2012,AL,Y,Week of 2012-08-12
gonzaad01,Player of the Week,2015,NL,,Week of 2015-04-12
gonzaad01,Silver Slugger,2011,AL,,1B
gonzaad01,Silver Slugger,2014,NL,,1B
gonzaal02,Player of the Week,2007,NL,Y,Week of 2007-04-28
gonzaca01,Gold Glove,2010,NL,,OF
gonzaca01,Gold Glove,2012,NL,,LF
gonzaca01,Gold Glove,2013,NL,,LF
gonzaca01,MLB Players Choice Outstanding Player,2010,NL,,
gonzaca01,MLB Players Choice Player of the Year,2010,ML,,
gonzaca01,Player of the Month,2015,NL,,July
gonzaca01,Player of the Week,2010,NL,,Week of 2010-08-01
gonzaca01,Player of the Week,2010,NL,,Week of 2010-08-29
gonzaca01,Player of the Week,2011,NL,,Week of 2011-08-28
gonzaca01,Player of the Week,2013,NL,,Week of 2013-06-16
gonzaca01,Player of the Week,2015,NL,Y,Week of 2015-07-26
gonzaca01,Silver Slugger,2010,NL,,OF
gonzaca01,Silver Slugger,2015,NL,,OF
gonzaca01,This Year in Baseball Breakout Player of the Year,2010,ML,,MLB.com GIBBY
gonzagi01,Pitcher of the Month,2012,NL,,May
gonzagi01,Player of the Week,2011,AL,Y,Week of 2011-07-04
gonzaju03,Player of the Week,2001,AL,,Week of 2001-09-08
gonzaju03,Player of the Week,2003,AL,Y,Week of 2003-05-03
gonzaju03,Silver Slugger,2001,AL,,OF
gonzaju03,TSN All-Star,2001,AL,,OF
gonzalu01,Branch Rickey Award,2005,ML,,
gonzalu01,Player of the Month,2001,NL,,April
gonzalu01,Player of the Month,2001,NL,,June
gonzalu01,Player of the Week,2000,NL,,Week of 2000-06-10
gonzalu01,Player of the Week,2000,NL,Y,Week of 2000-07-29
gonzalu01,Player of the Week,2001,NL,Y,Week of 2001-06-23
gonzalu01,Player of the Week,2004,NL,,Week of 2004-06-05
gonzalu01,Silver Slugger,2001,NL,,OF
gonzalu01,TSN All-Star,2001,NL,,OF
gonzalu03,Rookie of the Month,2022,NL,,May
goodmhu01,Player of the Week,2025,NL,,Week of 2025-09-06
goodmhu01,Silver Slugger,2025,NL,,C
gordoal01,Gold Glove,2011,AL,,LF
gordoal01,Gold Glove,2012,AL,,LF
gordoal01,Gold Glove,2013,AL,,LF
gordoal01,Gold Glove,2014,AL,,LF
gordoal01,Gold Glove,2017,AL,,LF
gordoal01,Gold Glove,2018,AL,,LF
gordoal01,Gold Glove,2019,AL,,LF
gordoal01,Gold Glove,2020,AL,,CF
gordoal01,Hutch Award,2014,ML,,
gordoal01,Platinum Glove,2014,AL,,
gordoal01,Platinum Glove,2020,AL,,
gordode01,Gold Glove,2015,NL,,2B
gordode01,Hutch Award,2019,ML,,
gordode01,Silver Slugger,2015,NL,,2B
gormano01,Player of the Week,2023,NL,,Week of 2023-05-20
gorzeto01,Player of the Week,2007,NL,Y,Week of 2007-08-11
gourryu01,Gold Glove,2021,AL,,1B
gourryu01,Player of the Month,2019,AL,,July
gourryu01,Player of the Week,2018,AL,,Week of 2018-09-22
gourryu01,Player of the Week,2019,AL,,Week of 2019-07-06
gourryu01,Rookie of the Month,2017,AL,,July
gracema01,This Year in Baseball Oddity of the Year,2002,ML,,MLB.com GIBBY
grandcu01,Lou Gehrig Memorial Award,2015,ML,,
grandcu01,MLB Players Choice Man of the Year,2009,ML,,
grandcu01,MLB Players Choice Man of the Year,2016,ML,,
grandcu01,MLB Players Choice Man of the Year,2018,ML,,
grandcu01,MLB Players Choice Man of the Year,2019,ML,,
grandcu01,MLB Players Choice Outstanding Player,2011,AL,,
grandcu01,Player of the Month,2011,AL,,August
grandcu01,Player of the Week,2007,AL,,Week of 2007-07-14
grandcu01,Roberto Clemente Award,2016,ML,,
grandcu01,Silver Slugger,2011,AL,,OF
grandcu01,This Year in Baseball Play of the Year,2007,ML,,MLB.com GIBBY
grandya01,All-MLB Team - Second Team,2019,ML,,C
graveda01,Lou Gehrig Memorial Award,2002,ML,,
grayjo02,Bob Feller Act of Valor Award - MLB Player,2023,ML,,
grayso01,All-MLB Team - Second Team,2023,ML,,SP
grayso01,Pitcher of the Month,2014,AL,,April
grayso01,Pitcher of the Month,2014,AL,,July
grayso01,Player of the Week,2014,AL,Y,Week of 2014-09-28
greenhu01,Player of the Week,2022,NL,,Week of 2022-06-11
greenkh01,Rookie of the Month,2004,NL,,April
greenkh01,Rookie of the Month,2004,NL,,August
greenri02,Player of the Week,2025,AL,,Week of 2025-05-03
greenri02,Silver Slugger,2025,AL,,OF
greensh01,Player of the Week,2002,NL,,Week of 2002-05-25
greensh01,Player of the Week,2005,NL,,Week of 2005-06-12
greensh02,Reliever of the Month,2019,AL,,March-April
gregodi01,Player of the Month,2018,AL,,April
gregodi01,Player of the Week,2018,AL,,Week of 2018-04-28
greinza01,All-MLB Team - Second Team,2019,ML,,SP
greinza01,Cy Young Award,2009,AL,,
greinza01,Gold Glove,2014,NL,,P
greinza01,Gold Glove,2015,NL,,P
greinza01,Gold Glove,2016,NL,,P
greinza01,Gold Glove,2017,NL,,P
greinza01,Gold Glove,2018,NL,,P
greinza01,Gold Glove,2019,NL,,P
greinza01,MLB Players Choice Outstanding Pitcher,2009,AL,,
greinza01,MLB Players Choice Outstanding Pitcher,2015,NL,,
greinza01,Pitcher of the Month,2009,AL,,April
greinza01,Pitcher of the Month,2013,NL,,August
greinza01,Pitcher of the Month,2018,NL,,July
greinza01,Player of the Week,2009,AL,,Week of 2009-08-30
greinza01,Player of the Week,2009,AL,Y,Week of 2009-04-18
greinza01,Player of the Week,2015,NL,Y,Week of 2015-07-19
greinza01,Silver Slugger,2013,NL,,P
greinza01,Silver Slugger,2019,NL,,P
greinza01,This Year in Baseball Starter of the Year,2009,ML,,MLB.com GIBBY
greinza01,TSN Pitcher of the Year,2009,AL,,
griffke02,Comeback Player of the Year,2005,NL,,
griffke02,MLB Players Choice Comeback Player,2005,NL,,
griffke02,Player of the Week,2007,NL,,Week of 2007-05-12
griffke02,TSN All-Star,2005,NL,,OF
griffke02,TSN Comeback Player of the Year,2005,NL,,
grillja01,Reliever of the Month,2013,ML,,April
grillja01,Reliever of the Month,2013,ML,,May
grimmju01,Rookie of the Month,2013,AL,,April
grishtr01,Gold Glove,2020,NL,,CF
grishtr01,Gold Glove,2022,NL,,OF
grudzma01,Gold Glove,2006,AL,,2B
guerral01,Rookie of the Month,2015,NL,,April
guerrvl01,MLB Players Choice Comeback Player,2010,AL,,
guerrvl01,Most Valuable Player,2004,AL,,
guerrvl01,Outstanding DH Award,2010,AL,,
guerrvl01,Player of the Month,2000,NL,,April
guerrvl01,Player of the Month,2002,NL,,April
guerrvl01,Player of the Month,2003,NL,,August
guerrvl01,Player of the Month,2004,AL,,September
guerrvl01,Player of the Week,2000,NL,Y,Week of 2000-04-08
guerrvl01,Player of the Week,2001,NL,,Week of 2001-06-30
guerrvl01,Player of the Week,2002,NL,,Week of 2002-04-27
guerrvl01,Player of the Week,2003,NL,,Week of 2003-08-29
guerrvl01,Player of the Week,2004,AL,,Week of 2004-10-02
guerrvl01,Player of the Week,2005,AL,,Week of 2005-08-13
guerrvl01,Player of the Week,2007,AL,Y,Week of 2007-04-07
guerrvl01,Silver Slugger,2000,NL,,OF
guerrvl01,Silver Slugger,2002,NL,,OF
guerrvl01,Silver Slugger,2004,AL,,OF
guerrvl01,Silver Slugger,2005,AL,,OF
guerrvl01,Silver Slugger,2006,AL,,OF
guerrvl01,Silver Slugger,2007,AL,,OF
guerrvl01,Silver Slugger,2010,AL,,DH
guerrvl01,TSN All-Star,2000,NL,,OF
guerrvl01,TSN All-Star,2002,NL,,OF
guerrvl01,TSN All-Star,2004,AL,,OF
guerrvl01,TSN All-Star,2005,AL,,OF
guerrvl01,TSN All-Star,2007,AL,,OF
guerrvl01,TSN Comeback Player of the Year,2010,AL,,
guerrvl02,ALCS MVP,2025,AL,,
guerrvl02,All-MLB Team - First Team,2021,ML,,1B
guerrvl02,All-MLB Team - First Team,2024,ML,,1B
guerrvl02,All-MLB Team - First Team,2025,ML,,1B
guerrvl02,All-Star Game MVP,2021,AL,,
guerrvl02,Gold Glove,2022,AL,,1B
guerrvl02,Hank Aaron Award,2021,AL,,
guerrvl02,Player of the Week,2019,AL,,Week of 2019-05-18
guerrvl02,Player of the Week,2019,AL,,Week of 2019-08-03
guerrvl02,Player of the Week,2021,AL,,Week of 2021-06-26
guerrvl02,Player of the Week,2022,AL,,Week of 2022-06-18
guerrvl02,Player of the Week,2024,AL,,Week of 2024-06-29
guerrvl02,Player of the Week,2024,AL,,Week of 2024-08-03
guerrvl02,Silver Slugger,2021,AL,,1B
guerrvl02,Silver Slugger,2024,AL,,1B
guerrvl02,TSN All-Star,2021,AL,,1B
guerrvl02,TSN All-Star,2024,AL,,1B
guerrvl02,TSN All-Star,2025,AL,,1B
guerrvl02,TSN Comeback Player of the Year,2024,AL,,
guillca01,Player of the Week,2007,AL,,Week of 2007-06-23
guilljo01,Player of the Week,2004,AL,,Week of 2004-05-08
guilljo01,Player of the Week,2008,AL,,Week of 2008-05-17
gurrilo01,Player of the Week,2020,AL,,Week of 2020-09-05
gurrilo01,Player of the Week,2024,NL,,Week of 2024-03-30
gurrilo01,Rookie of the Month,2018,AL,,July
gutiefr01,Gold Glove,2010,AL,,OF
guzmacr01,Player of the Week,2008,NL,Y,Week of 2008-08-30
haaseer01,Rookie of the Month,2021,AL,,July
haderjo01,All-MLB Team - First Team,2019,ML,,RP
haderjo01,All-MLB Team - First Team,2021,ML,,RP
haderjo01,All-MLB Team - First Team,2023,ML,,RP
haderjo01,Reliever of the Month,2018,NL,,April
haderjo01,Reliever of the Month,2019,NL,,June
haderjo01,Reliever of the Month,2019,NL,,May
haderjo01,Reliever of the Month,2021,NL,,June
haderjo01,Reliever of the Month,2022,NL,,April
haderjo01,Reliever of the Month,2023,NL,,April
haderjo01,Reliever of the Month,2024,AL,,August
haderjo01,Reliever of the Month,2025,AL,,June
haderjo01,Reliever of the Year Award,2018,NL,,
haderjo01,Reliever of the Year Award,2019,NL,,
haderjo01,Reliever of the Year Award,2021,NL,,
haderjo01,TSN All-Star,2018,NL,,RP
haderjo01,TSN All-Star,2021,NL,,RP
haderjo01,TSN Reliever of the Year,2018,NL,,
haderjo01,TSN Reliever of the Year,2021,NL,,
hafnetr01,Player of the Month,2005,AL,,June
hafnetr01,Player of the Month,2006,AL,,August
hafnetr01,Player of the Week,2005,AL,,Week of 2005-07-09
hafnetr01,Player of the Week,2005,AL,,Week of 2005-09-24
hafnetr01,Player of the Week,2006,AL,Y,Week of 2006-08-05
hallaro01,Cy Young Award,2003,AL,,
hallaro01,Cy Young Award,2010,NL,,
hallaro01,MLB Players Choice Outstanding Pitcher,2003,AL,,
hallaro01,MLB Players Choice Outstanding Pitcher,2010,NL,,
hallaro01,Pitcher of the Month,2003,AL,,May
hallaro01,Pitcher of the Month,2003,AL,,September
hallaro01,Pitcher of the Month,2007,AL,,April
hallaro01,Pitcher of the Month,2010,NL,,July
hallaro01,Player of the Week,2003,AL,,Week of 2003-09-06
hallaro01,Player of the Week,2006,AL,,Week of 2006-05-13
hallaro01,Player of the Week,2009,AL,,Week of 2009-05-16
hallaro01,Player of the Week,2010,NL,,Week of 2010-04-11
hallaro01,Player of the Week,2010,NL,,Week of 2010-05-31
hallaro01,This Year in Baseball Postseason Moment of the Year,2010,ML,,MLB.com GIBBY
hallaro01,This Year in Baseball Starter of the Year,2010,ML,,MLB.com GIBBY
hallaro01,TSN All-Star,2003,AL,,RHP
hallaro01,TSN Pitcher of the Year,2003,AL,,
hallaro01,TSN Pitcher of the Year,2010,NL,,
hamelco01,Babe Ruth Award,2008,NL,,P
hamelco01,NLCS MVP,2008,NL,,
hamelco01,Pitcher of the Month,2018,NL,,August
hamelco01,Player of the Week,2012,NL,,Week of 2012-08-19
hamelco01,Player of the Week,2015,NL,Y,Week of 2015-07-26
hamelco01,World Series MVP,2008,ML,,
hamilbi02,Rookie of the Month,2014,NL,,June
hamiljo03,ALCS MVP,2010,AL,,
hamiljo03,Lou Gehrig Memorial Award,2013,ML,,
hamiljo03,MLB Players Choice Outstanding Player,2008,AL,,
hamiljo03,MLB Players Choice Outstanding Player,2010,AL,,
hamiljo03,Most Valuable Player,2010,AL,,
hamiljo03,Player of the Month,2008,AL,,April
hamiljo03,Player of the Month,2008,AL,,May
hamiljo03,Player of the Month,2010,AL,,June
hamiljo03,Player of the Month,2012,AL,,April
hamiljo03,Player of the Month,2012,AL,,May
hamiljo03,Player of the Week,2010,AL,Y,Week of 2010-06-13
hamiljo03,Player of the Week,2012,AL,,Week of 2012-05-13
hamiljo03,Player of the Week,2014,AL,Y,Week of 2014-04-06
hamiljo03,Rookie of the Month,2007,NL,,April
hamiljo03,Silver Slugger,2008,AL,,OF
hamiljo03,Silver Slugger,2010,AL,,OF
hamiljo03,Silver Slugger,2012,AL,,OF
hamiljo03,This Year in Baseball Hitting Performance of the Year,2012,ML,,MLB.com GIBBY
hamiljo03,This Year in Baseball Player of the Year,2010,ML,,MLB.com GIBBY
hamiljo03,TSN Major League Player of the Year,2010,ML,,
hammoch01,This Year in Baseball Setup Man of the Year,2002,ML,,MLB.com GIBBY
hammoje01,Player of the Week,2000,NL,Y,Week of 2000-07-29
hamptmi01,Gold Glove,2003,NL,,P
hamptmi01,NLCS MVP,2000,NL,,
hamptmi01,Silver Slugger,2000,NL,,P
hamptmi01,Silver Slugger,2001,NL,,P
hamptmi01,Silver Slugger,2002,NL,,P
hamptmi01,Silver Slugger,2003,NL,,P
handbr01,All-MLB Team - Second Team,2020,ML,,RP
handbr01,Reliever of the Month,2017,NL,,July
handbr01,Reliever of the Month,2018,NL,,May
hanigmi01,Player of the Week,2021,AL,,Week of 2021-07-17
hanrajo01,Reliever of the Month,2011,ML,,June
hansoto01,Rookie of the Month,2009,NL,,June
happia01,Gold Glove,2022,NL,,OF
happia01,Gold Glove,2023,NL,,OF
happia01,Gold Glove,2024,NL,,LF
happia01,Gold Glove,2025,NL,,LF
happia01,Player of the Week,2019,NL,,Week of 2019-09-28
happja01,MLB Players Choice Outstanding Rookie,2009,NL,,
happja01,This Year in Baseball Rookie of the Year,2009,ML,,MLB.com GIBBY
happja01,TSN Rookie of the Year,2009,NL,,
hardyjj01,Gold Glove,2012,AL,,SS
hardyjj01,Gold Glove,2013,AL,,SS
hardyjj01,Gold Glove,2014,AL,,SS
hardyjj01,Player of the Week,2008,NL,,Week of 2008-07-05
hardyjj01,Player of the Week,2011,AL,,Week of 2011-08-14
hardyjj01,Silver Slugger,2013,AL,,SS
harenda01,Pitcher of the Month,2007,AL,,May
harenda01,Pitcher of the Month,2008,NL,,June
harenda01,Player of the Week,2011,AL,Y,Week of 2011-04-17
harpebr03,All-MLB Team - First Team,2021,ML,,OF
harpebr03,All-MLB Team - Second Team,2024,ML,,1B
harpebr03,Hank Aaron Award,2015,ML,,
harpebr03,Hank Aaron Award,2021,NL,,
harpebr03,MLB Players Choice Outstanding Player,2015,NL,,
harpebr03,MLB Players Choice Outstanding Player,2021,NL,,
harpebr03,Most Valuable Player,2015,NL,,
harpebr03,Most Valuable Player,2021,NL,,
harpebr03,NLCS MVP,2022,NL,,
harpebr03,Player of the Month,2015,NL,,May
harpebr03,Player of the Month,2016,NL,,April
harpebr03,Player of the Month,2024,NL,,June
harpebr03,Player of the Month,2024,NL,,May
harpebr03,Player of the Week,2015,NL,,Week of 2015-05-10
harpebr03,Player of the Week,2015,NL,,Week of 2015-05-17
harpebr03,Player of the Week,2015,NL,Y,Week of 2015-09-20
harpebr03,Player of the Week,2016,NL,Y,Week of 2016-04-16
harpebr03,Player of the Week,2017,NL,,Week of 2017-04-22
harpebr03,Player of the Week,2018,NL,,Week of 2018-09-08
harpebr03,Player of the Week,2022,NL,,Week of 2022-05-14
harpebr03,Rookie of the Month,2012,NL,,May
harpebr03,Rookie of the Month,2012,NL,,September
harpebr03,Rookie of the Year,2012,NL,,
harpebr03,Silver Slugger,2015,NL,,OF
harpebr03,Silver Slugger,2021,NL,,OF
harpebr03,Silver Slugger,2023,NL,,DH
harpebr03,Silver Slugger,2024,NL,,1B
harpebr03,This Year in Baseball Best Major Leaguer,2015,ML,,Esurance
harpebr03,This Year in Baseball Best Player,2015,ML,,Esurance
harpebr03,TSN All-Star,2021,NL,,OF
harpebr03,TSN All-Star,2022,NL,,DH
harpebr03,TSN All-Star,2023,NL,,DH
harpebr03,TSN All-Star,2024,NL,,1B
harrijo05,Player of the Month,2014,NL,,August
harrima01,Pitcher of the Month,2012,AL,,June
harrimi04,Player of the Week,2023,NL,,Week of 2023-06-17
harrimi04,Player of the Week,2025,NL,,Week of 2025-07-26
harrimi04,Rookie of the Month,2022,NL,,August
harrimi04,Rookie of the Month,2022,NL,,June
harrimi04,Rookie of the Month,2022,NL,,September
harrimi04,Rookie of the Year,2022,NL,,
harrimi04,TSN All-Star,2022,NL,,OF
harriwi01,Player of the Week,2008,NL,,Week of 2008-07-19
harvema01,Comeback Player of the Year,2015,NL,,
harvema01,MLB Players Choice Comeback Player,2015,NL,,
harvema01,Pitcher of the Month,2013,NL,,April
harvema01,Player of the Week,2013,NL,,Week of 2013-04-14
harvema01,This Year in Baseball Breakout Pitcher of the Year,2013,ML,,MLB.com GIBBY
harvema01,TSN Comeback Player of the Year,2015,NL,,
hattesc01,Player of the Week,2003,AL,,Week of 2003-04-12
hattesc01,Player of the Week,2004,AL,Y,Week of 2004-06-12
hawpebr01,Player of the Week,2007,NL,,Week of 2007-06-02
hawpebr01,Player of the Week,2007,NL,,Week of 2007-09-22
hayeske01,Gold Glove,2023,NL,,3B
hayeske01,Gold Glove,2025,NL,,3B
hayeske01,Rookie of the Month,2020,NL,,September
headlch01,Gold Glove,2012,NL,,3B
headlch01,Player of the Month,2012,NL,,August
headlch01,Player of the Month,2012,NL,,September
headlch01,Player of the Week,2012,NL,,Week of 2012-08-12
headlch01,Silver Slugger,2012,NL,,3B
headlch01,This Year in Baseball Breakout Hitter of the Year,2012,ML,,MLB.com GIBBY
healyry01,Rookie of the Month,2016,AL,,September
heanean01,Rookie of the Month,2015,AL,,July
hechaad01,Player of the Week,2015,NL,,Week of 2015-04-26
heimjo01,All-MLB Team - Second Team,2023,ML,,C
heimjo01,Gold Glove,2023,AL,,C
hellije01,Gold Glove,2012,AL,,P
hellije01,Pitcher of the Month,2011,AL,,May
hellije01,Rookie of the Month,2011,AL,,May
hellije01,Rookie of the Year,2011,AL,,
helslry01,All-MLB Team - First Team,2024,ML,,RP
helslry01,All-MLB Team - Second Team,2022,ML,,RP
helslry01,Reliever of the Month,2024,NL,,April
helslry01,Reliever of the Month,2024,NL,,June
helslry01,Reliever of the Month,2024,NL,,September
helslry01,Reliever of the Year,2024,NL,,
helslry01,TSN All-Star,2024,NL,Y,RP
helslry01,TSN Reliever of the Year,2024,NL,Y,
heltoto01,Gold Glove,2001,NL,,1B
heltoto01,Gold Glove,2002,NL,,1B
heltoto01,Gold Glove,2004,NL,,1B
heltoto01,Hank Aaron Award,2000,NL,,1B
heltoto01,MLB Players Choice Outstanding Player,2000,NL,,
heltoto01,Player of the Month,2000,NL,,August
heltoto01,Player of the Month,2000,NL,,May
heltoto01,Player of the Month,2002,NL,,May
heltoto01,Player of the Month,2003,NL,,April
heltoto01,Player of the Week,2000,NL,,Week of 2000-05-13
heltoto01,Player of the Week,2000,NL,Y,Week of 2000-07-22
heltoto01,Player of the Week,2000,NL,Y,Week of 2000-08-19
heltoto01,Player of the Week,2005,NL,,Week of 2005-07-08
heltoto01,Player of the Week,2005,NL,,Week of 2005-09-24
heltoto01,Silver Slugger,2000,NL,,1B
heltoto01,Silver Slugger,2001,NL,,1B
heltoto01,Silver Slugger,2002,NL,,1B
heltoto01,Silver Slugger,2003,NL,,1B
heltoto01,This Year in Baseball Oddity of the Year,2013,ML,,MLB.com GIBBY
heltoto01,TSN All-Star,2000,NL,,1B
heltoto01,TSN All-Star,2001,NL,,1B
heltoto01,TSN All-Star,2002,NL,,1B
heltoto01,TSN All-Star,2003,NL,,1B
hemonro99,Branch Rickey Award,2003,ML,,
hendegu01,MLB Players Choice Outstanding Rookie,2023,AL,,
hendegu01,Player of the Month,2024,AL,,April
hendegu01,Player of the Week,2023,AL,,Week of 2023-06-10
hendegu01,Player of the Week,2024,AL,,Week of 2024-09-07
hendegu01,Rookie of the Month,2023,AL,,June
hendegu01,Rookie of the Year,2023,AL,,
hendegu01,Silver Slugger,2023,AL,,UT
hendegu01,TSN Rookie of the Year,2023,AL,,
hendrky01,MLB Players Choice Outstanding Pitcher,2016,NL,,
hendrky01,Pitcher of the Month,2016,NL,,August
hendrky01,Player of the Week,2016,NL,Y,Week of 2016-08-06
hendrky01,Player of the Week,2020,NL,,Week of 2020-07-25
hendrky01,Rookie of the Month,2014,NL,,August
hendrli01,All-MLB Team - First Team,2020,ML,,RP
hendrli01,All-MLB Team - First Team,2021,ML,,RP
hendrli01,All-MLB Team - Second Team,2019,ML,,RP
hendrli01,Comeback Player of the Year,2023,AL,,
hendrli01,MLB Players Choice Comeback Player,2023,AL,,
hendrli01,Reliever of the Month,2019,AL,,June
hendrli01,Reliever of the Month,2020,AL,,July-August
hendrli01,Reliever of the Month,2021,AL,,May
hendrli01,Reliever of the Month,2021,AL,,September
hendrli01,Reliever of the Year Award,2020,AL,,
hendrli01,Reliever of the Year Award,2021,AL,,
hendrli01,TSN All-Star,2019,AL,,RP
hendrli01,TSN All-Star,2020,AL,,RP
hendrli01,TSN All-Star,2021,AL,,RP
hendrli01,TSN Reliever of the Year,2019,AL,,
hendrli01,TSN Reliever of the Year,2020,AL,,
hendrli01,TSN Reliever of the Year,2021,AL,,
hernace02,Gold Glove,2020,AL,,2B
hernaen02,Player of the Week,2021,AL,,Week of 2021-07-24
hernafe02,Cy Young Award,2010,AL,,
hernafe02,MLB Players Choice Outstanding Pitcher,2014,AL,,
hernafe02,Pitcher of the Month,2009,AL,,June
hernafe02,Pitcher of the Month,2009,AL,,September
hernafe02,Pitcher of the Month,2012,AL,,August
hernafe02,Pitcher of the Month,2014,AL,,June
hernafe02,Player of the Week,2012,AL,,Week of 2012-08-19
hernafe02,Player of the Week,2014,AL,,Week of 2014-06-08
hernafe02,TSN Pitcher of the Year,2010,AL,,
hernali01,Pitcher of the Month,2003,NL,,July
hernali01,Player of the Week,2003,NL,Y,Week of 2003-07-12
hernali01,Silver Slugger,2004,NL,,P
hernaor01,MLB Players Choice Comeback Player,2004,AL,,
hernate01,All-MLB Team - Second Team,2021,ML,,OF
hernate01,All-MLB Team - Second Team,2024,ML,,OF
hernate01,Player of the Week,2021,AL,,Week of 2021-08-14
hernate01,Player of the Week,2024,NL,,Week of 2024-06-08
hernate01,Silver Slugger,2020,AL,,OF
hernate01,Silver Slugger,2021,AL,,OF
hernate01,Silver Slugger,2024,NL,,OF
hernate01,TSN All-Star,2020,AL,,OF
hestoch01,Player of the Week,2015,NL,Y,Week of 2015-06-14
heywaja01,Gold Glove,2012,NL,,RF
heywaja01,Gold Glove,2014,NL,,RF
heywaja01,Gold Glove,2015,NL,,RF
heywaja01,Gold Glove,2016,NL,,OF
heywaja01,Gold Glove,2017,NL,,RF
heywaja01,Player of the Week,2012,NL,,Week of 2012-06-24
heywaja01,Rookie of the Month,2010,NL,,April
heywaja01,Rookie of the Month,2010,NL,,May
heywaja01,TSN Rookie of the Year,2010,NL,,
hidalri01,Player of the Month,2000,NL,,September
hidalri01,Player of the Week,2000,NL,Y,Week of 2000-09-09
hidalri01,Player of the Week,2004,NL,,Week of 2004-04-10
higgibo02,Player of the Week,2000,AL,,Week of 2000-06-17
higgibo02,Player of the Week,2000,AL,,Week of 2000-09-30
higgibo02,Player of the Week,2001,AL,,Week of 2001-07-13
higgibo02,Player of the Week,2004,AL,,Week of 2004-08-21
hillaa01,Comeback Player of the Year,2009,AL,,
hillaa01,MLB Players Choice Comeback Player,2009,AL,,
hillaa01,Silver Slugger,2009,AL,,2B
hillaa01,Silver Slugger,2012,NL,,2B
hillaa01,TSN Comeback Player of the Year,2009,AL,,
hillgl01,Player of the Month,2000,AL,,August
hillri01,Pitcher of the Month,2016,AL,,May
hillri01,Pitcher of the Month,2017,NL,,July
hillri01,Pitcher of the Month,2021,AL,,May
hindsre01,Player of the Week,2024,NL,,Week of 2024-07-13
hinsker01,MLB Players Choice Outstanding Rookie,2002,AL,,
hinsker01,Rookie of the Month,2002,AL,,June
hinsker01,Rookie of the Year,2002,AL,,
hinsker01,TSN Rookie Player of the Year,2002,AL,,
hiurake01,Player of the Week,2019,NL,,Week of 2019-07-20
hiurake01,Rookie of the Month,2019,NL,,July
hoernni01,Gold Glove,2023,NL,,2B
hoernni01,Gold Glove,2025,NL,,2B
hoffmtr01,Bob Feller Act of Valor Award - HOF Player,2022,ML,,
hoffmtr01,Branch Rickey Award,2008,ML,,
hoffmtr01,Hutch Award,2004,ML,,
hoffmtr01,Lou Gehrig Memorial Award,2006,ML,,
hoffmtr01,Pitcher of the Month,2005,NL,,May
hoffmtr01,Pitcher of the Month,2009,NL,,May
hoffmtr01,Reliever of the Month,2005,ML,,May
hoffmtr01,Reliever of the Month,2006,ML,,September
hoffmtr01,Reliever of the Month,2007,ML,,May
hoffmtr01,Reliever of the Month,2009,ML,,May
hoffmtr01,Reliever of the Year Award,2006,NL,,
hoffmtr01,TSN Reliever of the Year,2006,NL,,
hollagr01,Reliever of the Month,2013,ML,,July
hollagr01,Reliever of the Month,2013,ML,,September
hollagr01,Reliever of the Month,2017,NL,,April
hollagr01,Reliever of the Month,2017,NL,,May
hollagr01,Reliever of the Year Award,2014,AL,,
hollagr01,This Year in Baseball Closer of the Year,2014,ML,,MLB.com GIBBY
hollagr01,TSN Comeback Player of the Year,2017,NL,,
hollida02,Rookie of the Month,2005,AL,,May
hollima01,NLCS MVP,2007,NL,,
hollima01,Player of the Month,2007,NL,,September
hollima01,Player of the Week,2005,NL,,Week of 2005-07-30
hollima01,Player of the Week,2006,NL,Y,Week of 2006-09-23
hollima01,Player of the Week,2007,NL,,Week of 2007-07-28
hollima01,Player of the Week,2007,NL,,Week of 2007-09-15
hollima01,Player of the Week,2008,NL,,Week of 2008-04-12
hollima01,Player of the Week,2010,NL,,Week of 2010-06-20
hollima01,Player of the Week,2014,NL,,Week of 2014-09-01
hollima01,Silver Slugger,2006,NL,,OF
hollima01,Silver Slugger,2007,NL,,OF
hollima01,Silver Slugger,2008,NL,,OF
hollima01,Silver Slugger,2010,NL,,OF
hollima01,TSN All-Star,2007,NL,,OF
holmecl01,Reliever of the Month,2022,AL,,May
holmecl01,Reliever of the Month,2023,AL,,September
hortoca01,TSN Rookie of the Year,2025,NL,,
hoskirh01,MLB Players Choice Man of the Year,2024,ML,,
hoskirh01,Player of the Week,2022,NL,,Week of 2022-07-02
hoskirh01,Rookie of the Month,2017,NL,,August
hosmeer01,All-Star Game MVP,2016,AL,,
hosmeer01,Gold Glove,2013,AL,,1B
hosmeer01,Gold Glove,2014,AL,,1B
hosmeer01,Gold Glove,2015,AL,,1B
hosmeer01,Gold Glove,2017,AL,,1B
hosmeer01,Player of the Week,2017,AL,,Week of 2017-09-09
hosmeer01,Player of the Week,2021,NL,,Week of 2021-04-03
hosmeer01,Rookie of the Month,2011,AL,,July
hosmeer01,Rookie of the Month,2011,AL,,September
hosmeer01,Silver Slugger,2017,AL,,1B
hosmeer01,This Year in Baseball Best Moment,2015,ML,,Esurance
hosmeer01,TSN All-Star,2017,AL,,1B
howarry01,Hank Aaron Award,2006,NL,,
howarry01,MLB Players Choice Outstanding Player,2006,NL,,
howarry01,MLB Players Choice Player of the Year,2006,ML,,
howarry01,Most Valuable Player,2006,NL,,
howarry01,NLCS MVP,2009,NL,,
howarry01,Player of the Month,2006,NL,,August
howarry01,Player of the Month,2006,NL,,September
howarry01,Player of the Month,2008,NL,,September
howarry01,Player of the Month,2009,NL,,August
howarry01,Player of the Week,2006,NL,,Week of 2006-09-02
howarry01,Player of the Week,2007,NL,,Week of 2007-07-21
howarry01,Player of the Week,2007,NL,,Week of 2007-09-29
howarry01,Player of the Week,2009,NL,,Week of 2009-08-30
howarry01,Player of the Week,2009,NL,Y,Week of 2009-05-30
howarry01,Player of the Week,2010,NL,,Week of 2010-07-18
howarry01,Rookie of the Month,2005,NL,,September
howarry01,Rookie of the Year,2005,NL,,
howarry01,Silver Slugger,2006,NL,,1B
howarry01,TSN All-Star,2006,NL,,1B
howarry01,TSN Major League Player of the Year,2006,ML,,
hudsoda01,Player of the Week,2011,NL,Y,Week of 2011-05-22
hudsoda01,Rookie of the Month,2010,NL,,August
hudsoda01,Silver Slugger,2011,NL,,P
hudsoor01,Gold Glove,2005,AL,,2B
hudsoor01,Gold Glove,2006,NL,,2B
hudsoor01,Gold Glove,2007,NL,,2B
hudsoor01,Gold Glove,2009,NL,,2B
hudsoor01,Player of the Week,2006,NL,,Week of 2006-08-05
hudsoti01,Comeback Player of the Year,2010,NL,,
hudsoti01,Hutch Award,2010,ML,,
hudsoti01,MLB Players Choice Comeback Player,2010,NL,,
hudsoti01,Pitcher of the Month,2000,AL,,September
hudsoti01,Pitcher of the Month,2010,NL,,August
hudsoti01,Player of the Week,2002,AL,Y,Week of 2002-09-14
hudsoti01,Player of the Week,2007,NL,,Week of 2007-04-14
hudsoti01,Player of the Week,2013,NL,,Week of 2013-05-05
hudsoti01,TSN Comeback Player of the Year,2010,NL,,
huffau01,Outstanding DH Award,2008,AL,,
huffau01,Player of the Week,2005,AL,,Week of 2005-07-30
huffau01,Player of the Week,2008,AL,,Week of 2008-07-05
huffau01,Player of the Week,2008,AL,,Week of 2008-08-30
huffau01,Silver Slugger,2008,AL,,DH
humbeph01,Player of the Week,2012,AL,,Week of 2012-04-22
hundlni01,Player of the Week,2011,NL,Y,Week of 2011-08-21
hunteto01,Branch Rickey Award,2009,ML,,
hunteto01,Gold Glove,2001,AL,,OF
hunteto01,Gold Glove,2002,AL,,OF
hunteto01,Gold Glove,2003,AL,,OF
hunteto01,Gold Glove,2004,AL,,OF
hunteto01,Gold Glove,2005,AL,,OF
hunteto01,Gold Glove,2006,AL,,OF
hunteto01,Gold Glove,2007,AL,,OF
hunteto01,Gold Glove,2008,AL,,OF
hunteto01,Gold Glove,2009,AL,,OF
hunteto01,MLB Players Choice Man of the Year,2007,ML,,
hunteto01,Player of the Month,2002,AL,,April
hunteto01,Player of the Week,2005,AL,,Week of 2005-06-12
hunteto01,Player of the Week,2006,AL,Y,Week of 2006-09-23
hunteto01,Player of the Week,2012,AL,Y,Week of 2012-06-10
hunteto01,Silver Slugger,2009,AL,,OF
hunteto01,Silver Slugger,2013,AL,,OF
hunteto01,This Year in Baseball Defensive Player of the Year,2002,ML,,MLB.com GIBBY
hunteto01,This Year in Baseball Play of the Year,2002,ML,,MLB.com GIBBY
hunteto01,TSN All-Star,2002,AL,,OF
hyzduad01,Player of the Week,2002,NL,,Week of 2002-07-20
iannech01,Player of the Week,2013,AL,,Week of 2013-09-15
ibanera01,Hutch Award,2013,ML,,
ibanera01,Player of the Week,2002,AL,Y,Week of 2002-07-20
ibanera01,Player of the Week,2006,AL,Y,Week of 2006-09-23
ibanera01,Player of the Week,2007,AL,,Week of 2007-08-11
ibanera01,Player of the Week,2008,AL,Y,Week of 2008-04-12
ibanera01,Player of the Week,2009,NL,,Week of 2009-05-16
ibanera01,Player of the Week,2011,NL,,Week of 2011-07-10
ibanera01,This Year in Baseball Postseason Moment of the Year,2012,ML,,MLB.com GIBBY
iglesjo01,Rookie of the Month,2013,AL,,June
iglesra01,All-MLB Team - Second Team,2021,ML,,RP
iglesra01,Reliever of the Month,2021,AL,,July
iglesra01,Reliever of the Month,2023,NL,,August
iglesra01,Reliever of the Month,2024,NL,,August
iglesra01,Reliever of the Month,2025,NL,,August
iglesra01,TSN All-Star,2024,NL,Y,RP
iglesra01,TSN Reliever of the Year,2024,NL,Y,
imanash01,All-MLB Team - Second Team,2024,ML,,SP
imanash01,Rookie of the Month,2024,NL,,April
inciaen01,Gold Glove,2016,NL,,OF
inciaen01,Gold Glove,2017,NL,,CF
inciaen01,Gold Glove,2018,NL,,CF
indiajo01,MLB Players Choice Outstanding Rookie,2021,NL,,
indiajo01,Player of the Week,2024,NL,,Week of 2024-06-29
indiajo01,Rookie of the Month,2021,NL,,July
indiajo01,Rookie of the Year,2021,NL,,
indiajo01,TSN Rookie of the Year,2021,NL,,
infanom01,Player of the Week,2010,NL,,Week of 2010-08-22
ingebr01,MLB Players Choice Man of the Year,2010,ML,,
ishiika01,Rookie of the Month,2002,NL,,April
isrinja01,Player of the Week,2007,NL,Y,Week of 2007-08-25
isrinja01,Reliever of the Month,2006,ML,,May
iwakuhi01,Player of the Week,2015,AL,,Week of 2015-08-16
izturce01,Gold Glove,2004,NL,,SS
jacksau01,MLB Players Choice Outstanding Rookie,2010,AL,,
jacksau01,Player of the Week,2011,AL,,Week of 2011-09-05
jacksau01,Player of the Week,2013,AL,Y,Week of 2013-08-11
jacksau01,Rookie of the Month,2010,AL,,April
jacksau01,This Year in Baseball Best Play - Defense,2017,ML,,Esurance
jacksau01,TSN Rookie of the Year,2010,AL,,
jacksco01,Player of the Week,2008,NL,,Week of 2008-04-19
jacksco01,Player of the Week,2008,NL,,Week of 2008-07-26
jacksed01,Player of the Week,2010,NL,,Week of 2010-06-27
janseke01,All-MLB Team - Second Team,2021,ML,,RP
janseke01,Reliever of the Month,2017,NL,,June
janseke01,Reliever of the Month,2020,NL,,July-August
janseke01,Reliever of the Month,2025,AL,,July
janseke01,Reliever of the Year Award,2016,NL,,
janseke01,Reliever of the Year Award,2017,NL,,
janseke01,TSN All-Star,2016,NL,,RP
janseke01,TSN All-Star,2017,NL,,RP
janseke01,TSN Reliever of the Year,2016,NL,,
janseke01,TSN Reliever of the Year,2017,NL,,
jaxgr01,Bob Feller Act of Valor Award - MLB Player,2021,ML,,
jenkige01,Player of the Week,2001,NL,,Week of 2001-04-28
jenksbo01,Reliever of the Month,2006,ML,,June
jenksbo01,Reliever of the Month,2010,ML,,June
jennide01,Player of the Week,2014,AL,,Week of 2014-05-04
jennija01,MLB Players Choice Outstanding Rookie,2002,NL,,
jennija01,Rookie of the Month,2002,NL,,August
jennija01,Rookie of the Year,2002,NL,,
jennija01,TSN Rookie Pitcher of the Year,2002,NL,,
jeterde01,All-Star Game MVP,2000,ML,,
jeterde01,Babe Ruth Award,2000,AL,,SS
jeterde01,Gold Glove,2004,AL,,SS
jeterde01,Gold Glove,2005,AL,,SS
jeterde01,Gold Glove,2006,AL,,SS
jeterde01,Gold Glove,2009,AL,,SS
jeterde01,Gold Glove,2010,AL,,SS
jeterde01,Hank Aaron Award,2006,AL,,
jeterde01,Hank Aaron Award,2009,AL,,
jeterde01,Lou Gehrig Memorial Award,2010,ML,,
jeterde01,Player of the Week,2001,AL,,Week of 2001-08-04
jeterde01,Player of the Week,2004,AL,,Week of 2004-09-11
jeterde01,Player of the Week,2011,AL,,Week of 2011-07-10
jeterde01,Roberto Clemente Award,2009,ML,,
jeterde01,Silver Slugger,2006,AL,,SS
jeterde01,Silver Slugger,2007,AL,,SS
jeterde01,Silver Slugger,2008,AL,,SS
jeterde01,Silver Slugger,2009,AL,,SS
jeterde01,Silver Slugger,2012,AL,,SS
jeterde01,This Year in Baseball Hitter of the Year,2006,ML,,MLB.com GIBBY
jeterde01,This Year in Baseball Moment of the Year,2008,ML,,MLB.com GIBBY
jeterde01,This Year in Baseball Moment of the Year,2009,ML,,MLB.com GIBBY
jeterde01,This Year in Baseball Moment of the Year,2014,ML,,MLB.com GIBBY
jeterde01,This Year in Baseball Performance of the Year,2011,ML,,MLB.com GIBBY
jeterde01,This Year in Baseball Play of the Year,2004,ML,,MLB.com GIBBY
jeterde01,TSN All-Star,2006,AL,,SS
jeterde01,TSN All-Star,2007,AL,,SS
jeterde01,World Series MVP,2000,ML,,
jimenel02,Player of the Week,2019,AL,,Week of 2019-09-14
jimenel02,Rookie of the Month,2019,AL,,September
jimenel02,Silver Slugger,2020,AL,,OF
jimenub01,Pitcher of the Month,2010,NL,,April
jimenub01,Pitcher of the Month,2010,NL,,May
jimenub01,Pitcher of the Month,2013,AL,,September
jimenub01,Player of the Week,2010,NL,,Week of 2010-04-18
johnsda06,Player of the Week,2007,AL,Y,Week of 2007-05-12
johnsda06,This Year in Baseball Moment of the Year,2011,ML,,MLB.com GIBBY
johnsja02,Player of the Week,2004,AL,,Week of 2004-07-09
johnsji04,Comeback Player of the Year,2006,AL,,
johnsji04,Player of the Week,2016,NL,,Week of 2016-07-30
johnsji04,Reliever of the Month,2012,ML,,May
johnsji04,Reliever of the Year Award,2012,AL,,
johnsjo09,Pitcher of the Month,2010,NL,,June
johnsjo09,Pitcher of the Month,2011,NL,,April
johnsjo09,Player of the Week,2009,NL,,Week of 2009-04-11
johnsjo09,Rookie of the Month,2006,NL,,May
johnsjo09,Rookie of the Month,2006,NL,Y,June
johnske05,Player of the Month,2010,NL,,April
johnske05,Player of the Week,2005,NL,,Week of 2005-06-19
johnsni01,Player of the Week,2004,NL,,Week of 2004-08-14
johnsni01,Player of the Week,2005,NL,Y,Week of 2005-06-05
johnsra05,Babe Ruth Award,2001,NL,Y,P
johnsra05,Bob Feller Act of Valor Award - HOF Player,2019,ML,,
johnsra05,Cy Young Award,2000,NL,,
johnsra05,Cy Young Award,2001,NL,,
johnsra05,Cy Young Award,2002,NL,,
johnsra05,MLB Players Choice Outstanding Pitcher,2000,NL,,
johnsra05,Pitcher of the Month,2000,NL,,April
johnsra05,Pitcher of the Month,2002,NL,,April
johnsra05,Pitcher of the Month,2002,NL,,September
johnsra05,Pitching Triple Crown,2002,NL,,
johnsra05,Player of the Week,2000,NL,Y,Week of 2000-04-08
johnsra05,Player of the Week,2001,NL,Y,Week of 2001-05-12
johnsra05,Player of the Week,2002,NL,Y,Week of 2002-08-10
johnsra05,Player of the Week,2004,NL,,Week of 2004-05-22
johnsra05,This Year in Baseball Performance of the Year,2004,ML,,MLB.com GIBBY
johnsra05,TSN All-Star,2001,NL,,LHP
johnsra05,TSN All-Star,2002,NL,,LHP
johnsra05,World Series MVP,2001,ML,Y,
johnsre02,Rookie of the Month,2003,AL,,September
jonesad01,Gold Glove,2009,AL,,OF
jonesad01,Gold Glove,2012,AL,,CF
jonesad01,Gold Glove,2013,AL,,CF
jonesad01,Gold Glove,2014,AL,,RF
jonesad01,MLB Players Choice Man of the Year,2015,ML,,
jonesad01,Player of the Week,2014,AL,Y,Week of 2014-07-06
jonesad01,Silver Slugger,2013,AL,,OF
jonesan01,Gold Glove,2000,NL,,OF
jonesan01,Gold Glove,2001,NL,,OF
jonesan01,Gold Glove,2002,NL,,OF
jonesan01,Gold Glove,2003,NL,,OF
jonesan01,Gold Glove,2004,NL,,OF
jonesan01,Gold Glove,2005,NL,,OF
jonesan01,Gold Glove,2006,NL,,OF
jonesan01,Gold Glove,2007,NL,,OF
jonesan01,Hank Aaron Award,2005,NL,,
jonesan01,MLB Players Choice Outstanding Player,2005,NL,,
jonesan01,MLB Players Choice Player of the Year,2005,ML,,
jonesan01,Player of the Month,2005,NL,,August
jonesan01,Player of the Month,2005,NL,,June
jonesan01,Player of the Week,2002,NL,,Week of 2002-06-08
jonesan01,Player of the Week,2005,NL,,Week of 2005-09-10
jonesan01,Player of the Week,2005,NL,Y,Week of 2005-06-25
jonesan01,Player of the Week,2006,NL,Y,Week of 2006-09-23
jonesan01,Silver Slugger,2005,NL,,OF
jonesan01,TSN All-Star,2005,NL,,OF
jonesan01,TSN All-Star,2006,NL,Y,OF
jonesan01,TSN Major League Player of the Year,2005,ML,,
jonesch06,MLB Players Choice Man of the Year,2012,ML,,
jonesch06,Player of the Week,2002,NL,,Week of 2002-08-03
jonesch06,Player of the Week,2006,NL,,Week of 2006-07-01
jonesch06,Player of the Week,2008,NL,,Week of 2008-06-07
jonesch06,Silver Slugger,2000,NL,,3B
jonesch06,TSN All-Star,2000,NL,,3B
jonesch06,TSN All-Star,2001,NL,,3B
jonesga02,Rookie of the Month,2009,NL,,July
jonesja04,Player of the Week,2002,AL,,Week of 2002-06-08
jonesja04,Player of the Week,2003,AL,,Week of 2003-05-10
jonesno01,Player of the Week,2023,NL,,Week of 2023-09-30
jonesno01,Rookie of the Month,2023,NL,,September
jonesto02,Reliever of the Month,2005,ML,,August
jonesto02,Reliever of the Year Award,2000,AL,,
jonesto02,TSN Fireman of the Year,2000,AL,,
jordabr01,Player of the Month,2002,NL,,September
joycema01,Player of the Week,2008,AL,,Week of 2008-07-12
judgeaa01,All-MLB Team - First Team,2021,ML,,OF
judgeaa01,All-MLB Team - First Team,2022,ML,,OF
judgeaa01,All-MLB Team - First Team,2024,ML,,OF
judgeaa01,All-MLB Team - First Team,2025,ML,,OF
judgeaa01,All-MLB Team - Second Team,2023,ML,,OF
judgeaa01,Hank Aaron Award,2022,AL,,
judgeaa01,Hank Aaron Award,2024,AL,,
judgeaa01,Hank Aaron Award,2025,AL,,
judgeaa01,MLB Players Choice Outstanding Player,2022,AL,,
judgeaa01,MLB Players Choice Outstanding Player,2024,AL,,
judgeaa01,MLB Players Choice Outstanding Rookie,2017,AL,,
judgeaa01,MLB Players Choice Player of the Year,2022,ML,,
judgeaa01,MLB Players Choice Player of the Year,2024,ML,,
judgeaa01,Most Valuable Player,2022,AL,,
judgeaa01,Most Valuable Player,2024,AL,,
judgeaa01,Most Valuable Player,2025,AL,,
judgeaa01,Player of the Month,2017,AL,,June
judgeaa01,Player of the Month,2017,AL,,September
judgeaa01,Player of the Month,2022,AL,,July
judgeaa01,Player of the Month,2022,AL,,May
judgeaa01,Player of the Month,2022,AL,,September
judgeaa01,Player of the Month,2023,AL,,May
judgeaa01,Player of the Month,2024,AL,,August
judgeaa01,Player of the Month,2024,AL,,June
judgeaa01,Player of the Month,2024,AL,,May
judgeaa01,Player of the Month,2025,AL,,September
judgeaa01,Player of the Month,2025,AL,,May
judgeaa01,Player of the Month,2025,AL,,April
judgeaa01,Player of the Week,2017,AL,,Week of 2017-06-10
judgeaa01,Player of the Week,2017,AL,,Week of 2017-09-23
judgeaa01,Player of the Week,2020,AL,,Week of 2020-08-01
judgeaa01,Player of the Week,2021,AL,,Week of 2021-05-15
judgeaa01,Player of the Week,2022,AL,,Week of 2022-07-23
judgeaa01,Player of the Week,2022,AL,,Week of 2022-07-30
judgeaa01,Player of the Week,2022,AL,Y,Week of 2022-10-04
judgeaa01,Player of the Week,2023,AL,,Week of 2023-05-20
judgeaa01,Player of the Week,2023,AL,,Week of 2023-09-23
judgeaa01,Player of the Week,2024,AL,,Week of 2024-05-18
judgeaa01,Player of the Week,2024,AL,,Week of 2024-06-08
judgeaa01,Player of the Week,2024,AL,,Week of 2024-08-24
judgeaa01,Player of the Week,2025,AL,,Week of 2025-09-27
judgeaa01,Player of the Week,2025,AL,,Week of 2025-09-13
judgeaa01,Player of the Week,2025,AL,,Week of 2025-03-29
judgeaa01,Roberto Clemente Award,2023,ML,,
judgeaa01,Rookie of the Month,2017,AL,,April
judgeaa01,Rookie of the Month,2017,AL,,June
judgeaa01,Rookie of the Month,2017,AL,,May
judgeaa01,Rookie of the Month,2017,AL,,September
judgeaa01,Rookie of the Year,2017,AL,,
judgeaa01,Silver Slugger,2017,AL,,OF
judgeaa01,Silver Slugger,2021,AL,,OF
judgeaa01,Silver Slugger,2022,AL,,OF
judgeaa01,Silver Slugger,2024,AL,,OF
judgeaa01,Silver Slugger,2025,AL,,OF
judgeaa01,This Year in Baseball Best Rookie,2017,ML,,Esurance
judgeaa01,TSN All-Star,2017,AL,,OF
judgeaa01,TSN All-Star,2018,AL,,OF
judgeaa01,TSN All-Star,2021,AL,,OF
judgeaa01,TSN All-Star,2022,AL,,OF
judgeaa01,TSN All-Star,2024,AL,,OF
judgeaa01,TSN All-Star,2025,AL,,OF
judgeaa01,TSN Major League Player of the Year,2022,ML,,
judgeaa01,TSN Rookie of the Year,2017,AL,,
jungjo01,Rookie of the Month,2023,AL,,April
jungjo01,Rookie of the Month,2023,AL,,May
jurrjja01,Pitcher of the Month,2009,NL,,September
jurrjja01,Pitcher of the Month,2011,NL,,May
jurrjja01,Rookie of the Month,2008,NL,,June
justida01,ALCS MVP,2000,AL,,
justida01,Player of the Week,2002,AL,,Week of 2002-04-06
kahnlto01,Reliever of the Month,2019,AL,,July
kangju01,Player of the Week,2016,NL,,Week of 2016-09-10
kangju01,Rookie of the Month,2015,NL,,July
kaplega01,Player of the Week,2000,AL,,Week of 2000-07-29
kaplega01,This Year in Baseball Play of the Year,2008,ML,,MLB.com GIBBY
karstje01,Player of the Week,2011,NL,,Week of 2011-07-17
kazmisc01,Pitcher of the Month,2008,AL,,May
kazmisc01,Pitcher of the Month,2015,AL,,July
kazmisc01,Player of the Week,2006,AL,,Week of 2006-05-20
kazmisc01,Player of the Week,2007,AL,Y,Week of 2007-09-15
kearnau01,Rookie of the Month,2002,NL,,May
keasclu01,Player of the Week,2025,AL,,Week of 2025-08-09
keithco01,Rookie of the Month,2024,AL,,July
kellemi03,Player of the Week,2023,NL,,Week of 2023-05-13
kellyme01,Pitcher of the Month,2022,NL,,July
kellyme01,Player of the Week,2022,NL,,Week of 2022-07-30
kempma01,Gold Glove,2009,NL,,OF
kempma01,Gold Glove,2011,NL,,CF
kempma01,Hank Aaron Award,2011,NL,,
kempma01,MLB Players Choice Comeback Player,2018,NL,,
kempma01,MLB Players Choice Outstanding Player,2011,NL,,
kempma01,Player of the Month,2012,NL,,April
kempma01,Player of the Month,2014,NL,,September
kempma01,Player of the Week,2008,NL,,Week of 2008-05-03
kempma01,Player of the Week,2011,NL,,Week of 2011-09-25
kempma01,Player of the Week,2012,NL,,Week of 2012-04-08
kempma01,Player of the Week,2012,NL,,Week of 2012-04-15
kempma01,Player of the Week,2014,NL,,Week of 2014-08-03
kempma01,Player of the Week,2018,NL,,Week of 2018-06-02
kempma01,Silver Slugger,2009,NL,,OF
kempma01,Silver Slugger,2011,NL,,OF
kempma01,This Year in Baseball Player of the Year,2011,ML,,MLB.com GIBBY
kempma01,TSN Comeback Player of the Year,2018,NL,,
kendrho01,NLCS MVP,2019,NL,,
kennead01,ALCS MVP,2002,AL,,
kennead01,Player of the Week,2004,AL,,Week of 2004-08-28
kenneia01,Bob Feller Act of Valor Award - MLB Player,2019,ML,,
kenneia01,This Year in Baseball Breakout Player of the Year,2011,ML,,MLB.com GIBBY
kentje01,Most Valuable Player,2000,NL,,
kentje01,Player of the Month,2000,NL,,June
kentje01,Player of the Month,2002,NL,,June
kentje01,Player of the Week,2002,NL,,Week of 2002-06-29
kentje01,Silver Slugger,2000,NL,,2B
kentje01,Silver Slugger,2001,NL,,2B
kentje01,Silver Slugger,2002,NL,,2B
kentje01,Silver Slugger,2005,NL,,2B
kentje01,TSN All-Star,2000,NL,,2B
kentje01,TSN All-Star,2002,NL,,2B
kentje01,TSN All-Star,2005,NL,,2B
keplema01,Player of the Week,2016,AL,Y,Week of 2016-08-06
keplema01,Player of the Week,2019,AL,,Week of 2019-05-25
kershcl01,All-MLB Team - Second Team,2020,ML,,SP
kershcl01,Branch Rickey Award,2013,ML,,
kershcl01,Cy Young Award,2011,NL,,
kershcl01,Cy Young Award,2013,NL,,
kershcl01,Cy Young Award,2014,NL,,
kershcl01,Gold Glove,2011,NL,,P
kershcl01,MLB Players Choice Man of the Year,2014,ML,,
kershcl01,MLB Players Choice Outstanding Pitcher,2011,NL,,
kershcl01,MLB Players Choice Outstanding Pitcher,2013,NL,,
kershcl01,MLB Players Choice Outstanding Pitcher,2014,NL,,
kershcl01,MLB Players Choice Player of the Year,2014,ML,,
kershcl01,Most Valuable Player,2014,NL,,
kershcl01,Pitcher of the Month,2011,NL,,July
kershcl01,Pitcher of the Month,2013,NL,,July
kershcl01,Pitcher of the Month,2014,NL,,July
kershcl01,Pitcher of the Month,2014,NL,,June
kershcl01,Pitcher of the Month,2015,NL,,July
kershcl01,Pitcher of the Month,2016,NL,,May
kershcl01,Pitcher of the Month,2023,NL,,April
kershcl01,Pitching Triple Crown,2011,NL,,
kershcl01,Player of the Week,2011,NL,,Week of 2011-06-26
kershcl01,Player of the Week,2012,NL,,Week of 2012-05-20
kershcl01,Player of the Week,2013,NL,,Week of 2013-04-07
kershcl01,Player of the Week,2014,NL,,Week of 2014-06-22
kershcl01,Player of the Week,2014,NL,,Week of 2014-09-14
kershcl01,Player of the Week,2015,NL,Y,Week of 2015-06-07
kershcl01,Player of the Week,2015,NL,Y,Week of 2015-07-19
kershcl01,Player of the Week,2017,NL,,Week of 2017-07-08
kershcl01,Roberto Clemente Award,2012,ML,,
kershcl01,This Year in Baseball Pitching Performance of the Year,2014,ML,,MLB.com GIBBY
kershcl01,This Year in Baseball Starter of the Year,2013,ML,,MLB.com GIBBY
kershcl01,This Year in Baseball Starter of the Year,2014,ML,,MLB.com GIBBY
kershcl01,TSN Major League Player of the Year,2014,ML,,
kershcl01,TSN Pitcher of the Year,2011,NL,,
keuchda01,Cy Young Award,2015,AL,,
keuchda01,Gold Glove,2014,AL,,P
keuchda01,Gold Glove,2015,AL,,P
keuchda01,Gold Glove,2016,AL,,P
keuchda01,Gold Glove,2018,AL,,P
keuchda01,Gold Glove,2021,AL,,P
keuchda01,MLB Players Choice Outstanding Pitcher,2015,AL,,
keuchda01,Pitcher of the Month,2015,AL,,April
keuchda01,Pitcher of the Month,2015,AL,,August
keuchda01,Pitcher of the Month,2015,AL,,May
keuchda01,Pitcher of the Month,2017,AL,,April
keuchda01,Player of the Week,2014,AL,,Week of 2014-05-25
keuchda01,Player of the Week,2015,AL,Y,Week of 2015-07-19
kiermke01,Gold Glove,2015,AL,,CF
kiermke01,Gold Glove,2016,AL,,OF
kiermke01,Gold Glove,2019,AL,,CF
kiermke01,Gold Glove,2023,AL,,OF
kiermke01,Platinum Glove,2015,AL,,
kiermke01,This Year in Baseball Best Defensive Player,2015,ML,,Esurance
kimbrcr01,MLB Players Choice Outstanding Rookie,2011,NL,,
kimbrcr01,Reliever of the Month,2011,ML,,August
kimbrcr01,Reliever of the Month,2012,ML,,September
kimbrcr01,Reliever of the Month,2013,ML,,August
kimbrcr01,Reliever of the Month,2017,AL,,May
kimbrcr01,Reliever of the Month,2023,NL,,June
kimbrcr01,Reliever of the Year Award,2012,NL,,
kimbrcr01,Reliever of the Year Award,2014,NL,,
kimbrcr01,Reliever of the Year Award,2017,AL,,
kimbrcr01,Rookie of the Month,2011,NL,,August
kimbrcr01,Rookie of the Month,2011,NL,,June
kimbrcr01,Rookie of the Year,2011,NL,,
kimbrcr01,This Year in Baseball Closer of the Year,2013,ML,,MLB.com GIBBY
kimbrcr01,This Year in Baseball Rookie of the Year,2011,ML,,MLB.com GIBBY
kimbrcr01,TSN All-Star,2017,AL,,RP
kimbrcr01,TSN Reliever of the Year,2017,AL,,
kimbrcr01,TSN Rookie of the Year,2011,NL,,
kimby01,Player of the Week,2002,NL,,Week of 2002-07-13
kimha01,Gold Glove,2023,NL,,UT
kineris01,Gold Glove,2020,AL,,3B
kingmi01,All-MLB Team - Second Team,2024,ML,,SP
kinslia01,Gold Glove,2016,AL,,2B
kinslia01,Gold Glove,2018,AL,,2B
kinslia01,Player of the Week,2007,AL,,Week of 2007-04-14
kinslia01,Player of the Week,2009,AL,Y,Week of 2009-04-18
kipnija01,Player of the Month,2013,AL,,June
kipnija01,Player of the Month,2015,AL,,May
kipnija01,Player of the Week,2013,AL,,Week of 2013-06-30
kipnija01,Player of the Week,2013,AL,Y,Week of 2013-06-16
kipnija01,Player of the Week,2014,AL,,Week of 2014-07-20
kirbyge01,Rookie of the Month,2022,AL,,August
kirilal01,Player of the Week,2023,AL,,Week of 2023-07-22
kirkal01,Silver Slugger,2022,AL,,C
kirkal01,TSN All-Star,2022,AL,,C
kleskry01,Player of the Week,2000,NL,Y,Week of 2000-07-22
kleskry01,Player of the Week,2001,NL,,Week of 2001-09-01
klubeco01,Cy Young Award,2014,AL,,
klubeco01,Cy Young Award,2017,AL,,
klubeco01,Lou Gehrig Memorial Award,2018,ML,,
klubeco01,MLB Players Choice Outstanding Pitcher,2017,AL,,
klubeco01,Pitcher of the Month,2014,AL,,September
klubeco01,Pitcher of the Month,2016,AL,,August
klubeco01,Pitcher of the Month,2017,AL,,August
klubeco01,Pitcher of the Month,2017,AL,,June
klubeco01,Pitcher of the Month,2017,AL,,September
klubeco01,Player of the Week,2013,AL,Y,Week of 2013-06-16
klubeco01,Player of the Week,2014,AL,,Week of 2014-09-21
klubeco01,Player of the Week,2017,AL,,Week of 2017-06-24
klubeco01,Player of the Week,2017,AL,,Week of 2017-09-16
klubeco01,Player of the Week,2021,AL,,Week of 2021-05-01
klubeco01,Player of the Week,2021,AL,Y,Week of 2021-05-22
klubeco01,This Year in Baseball Best Pitcher,2017,ML,,Esurance
klubeco01,This Year in Baseball Breakout Pitcher of the Year,2014,ML,,MLB.com GIBBY
klubeco01,TSN All-Star,2016,AL,,SP
klubeco01,TSN Pitcher of the Year,2016,AL,,
knebeco01,Reliever of the Month,2017,NL,,August
knebeco01,Reliever of the Month,2018,NL,,September
kochbi01,Reliever of the Year Award,2002,AL,,
kochbi01,TSN Reliever of the Year,2002,AL,,
konerpa01,ALCS MVP,2005,AL,,
konerpa01,Player of the Month,2002,AL,,June
konerpa01,Player of the Week,2003,AL,,Week of 2003-08-29
konerpa01,Player of the Week,2006,AL,,Week of 2006-06-17
konerpa01,Player of the Week,2010,AL,,Week of 2010-05-02
konerpa01,Player of the Week,2011,AL,Y,Week of 2011-04-10
konerpa01,Player of the Week,2012,AL,,Week of 2012-04-29
konerpa01,Player of the Week,2012,AL,,Week of 2012-05-28
konerpa01,Roberto Clemente Award,2014,AL,,
konerpa01,TSN All-Star,2004,AL,,1B
konerpa01,TSN Comeback Player of the Year,2004,AL,,
koskico01,Player of the Week,2003,AL,Y,Week of 2003-06-21
kotsama01,Player of the Week,2006,AL,,Week of 2006-07-15
kouzmke01,Player of the Week,2014,AL,,Week of 2014-04-20
kubelja01,Player of the Week,2009,AL,Y,Week of 2009-10-04
kubelja01,Player of the Week,2012,NL,Y,Week of 2012-06-10
kuoho01,This Year in Baseball Setup Man of the Year,2008,ML,,MLB.com GIBBY
kurtzni01,All-MLB Team - Second Team,2025,ML,,1B
kurtzni01,Player of the Month,2025,AL,,July
kurtzni01,Player of the Week,2025,AL,,Week of 2025-07-26
kurtzni01,Player of the Week,2025,AL,,Week of 2025-07-19
kurtzni01,Rookie of the Year,2025,AL,,
kurtzni01,Silver Slugger,2025,AL,,1B
kurtzni01,TSN Rookie of the Year,2025,AL,,
kwanst01,Gold Glove,2022,AL,,OF
kwanst01,Gold Glove,2023,AL,,OF
kwanst01,Gold Glove,2024,AL,,LF
kwanst01,Gold Glove,2025,AL,,LF
kwanst01,Player of the Week,2022,AL,,Week of 2022-09-24
kwanst01,Rookie of the Month,2022,AL,,April
kwanst01,Rookie of the Month,2022,AL,,September
lackejo01,Pitcher of the Month,2006,AL,,July
lackejo01,Pitcher of the Month,2008,AL,,June
laffeaa01,Rookie of the Month,2008,AL,,May
lagarju01,Gold Glove,2014,NL,,CF
lagarju01,Player of the Week,2013,NL,,Week of 2013-07-21
lairdge01,Rookie of the Month,2004,AL,,April
lambja01,Player of the Week,2016,NL,,Week of 2016-07-16
lambja01,Player of the Week,2017,NL,,Week of 2017-05-20
lametdi01,All-MLB Team - Second Team,2020,ML,,SP
langeal01,Reliever of the Month,2023,AL,,May
langesh01,Player of the Month,2025,AL,,August
langfwy01,Player of the Month,2024,AL,,September
langfwy01,Rookie of the Month,2024,AL,,June
langfwy01,Rookie of the Month,2024,AL,,September
larocad01,Gold Glove,2012,NL,,1B
larocad01,Player of the Week,2014,NL,Y,Week of 2014-09-07
larocad01,Silver Slugger,2012,NL,,1B
lasorto01,Bob Feller Act of Valor Award - HOF Player,2014,ML,,
lasorto01,Branch Rickey Award,2006,ML,,
latosma01,Player of the Week,2012,NL,,Week of 2012-07-01
laurera01,Player of the Week,2019,AL,,Week of 2019-07-20
lawrebr02,Player of the Week,2002,NL,Y,Week of 2002-04-14
lawtoma02,Player of the Week,2001,AL,,Week of 2001-07-06
leakemi01,Gold Glove,2019,AL,,P
leeca01,Player of the Week,2000,AL,Y,Week of 2000-09-09
leeca01,Player of the Week,2005,NL,,Week of 2005-05-07
leeca01,Player of the Week,2008,NL,,Week of 2008-08-09
leeca01,Silver Slugger,2005,NL,,OF
leeca01,Silver Slugger,2007,NL,,OF
leeca01,TSN All-Star,2007,NL,,OF
leecl02,Comeback Player of the Year,2008,AL,,
leecl02,Cy Young Award,2008,AL,,
leecl02,MLB Players Choice Comeback Player,2008,AL,,
leecl02,MLB Players Choice Outstanding Pitcher,2008,AL,,
leecl02,Pitcher of the Month,2008,AL,,April
leecl02,Pitcher of the Month,2008,AL,,August
leecl02,Pitcher of the Month,2010,AL,,June
leecl02,Pitcher of the Month,2011,NL,,August
leecl02,Pitcher of the Month,2011,NL,,June
leecl02,TSN Comeback Player of the Year,2008,AL,,
leecl02,TSN Pitcher of the Year,2008,AL,,
leede02,Gold Glove,2003,NL,,1B
leede02,Gold Glove,2005,NL,,1B
leede02,Gold Glove,2007,NL,,1B
leede02,Player of the Month,2005,NL,,April
leede02,Player of the Month,2009,NL,,September
leede02,Player of the Week,2005,NL,,Week of 2005-04-30
leede02,Player of the Week,2005,NL,,Week of 2005-05-28
leede02,Silver Slugger,2005,NL,,1B
leiteal01,Pitcher of the Month,2000,NL,,June
leiteal01,Roberto Clemente Award,2000,ML,,
lemahdj01,All-MLB Team - First Team,2019,ML,,2B
lemahdj01,All-MLB Team - First Team,2020,ML,,2B
lemahdj01,Gold Glove,2014,NL,,2B
lemahdj01,Gold Glove,2017,NL,,2B
lemahdj01,Gold Glove,2018,NL,,2B
lemahdj01,Gold Glove,2022,AL,,UT
lemahdj01,Player of the Month,2019,AL,,June
lemahdj01,Player of the Week,2019,AL,,Week of 2019-06-29
lemahdj01,Player of the Week,2020,AL,,Week of 2020-09-19
lemahdj01,Silver Slugger,2019,AL,,2B
lemahdj01,Silver Slugger,2020,AL,,2B
lemahdj01,TSN All-Star,2019,AL,,2B
lemahdj01,TSN All-Star,2020,AL,,2B
lestejo01,Babe Ruth Award,2016,ML,,
lestejo01,Hutch Award,2008,ML,,
lestejo01,NLCS MVP,2016,NL,Y,Co-MVP
lestejo01,Pitcher of the Month,2008,AL,,July
lestejo01,Pitcher of the Month,2008,AL,,September
lestejo01,Pitcher of the Month,2010,AL,,May
lestejo01,Pitcher of the Month,2016,NL,,June
lestejo01,Pitcher of the Month,2016,NL,,September
lestejo01,Pitcher of the Month,2018,NL,,June
lestejo01,Player of the Week,2008,AL,Y,Week of 2008-05-24
lestejo01,Player of the Week,2014,AL,,Week of 2014-09-14
lestejo01,Player of the Week,2016,NL,,Week of 2016-06-11
lestejo01,This Year in Baseball Performance of the Year,2008,ML,,MLB.com GIBBY
lewisco01,Player of the Week,2010,AL,Y,Week of 2010-06-13
lewisky01,MLB Players Choice Outstanding Rookie,2020,AL,,
lewisky01,Rookie of the Year,2020,AL,,
lewisky01,TSN Rookie of the Year,2020,AL,,
lewisro02,Rookie of the Month,2023,AL,,September
lewissc02,Rookie of the Month,2008,AL,,September
lidgebr01,Comeback Player of the Year,2008,NL,,
lidgebr01,Reliever of the Month,2005,ML,,July
lidgebr01,Reliever of the Year Award,2008,NL,,
lidgebr01,This Year in Baseball Closer of the Year,2008,ML,,MLB.com GIBBY
lidgebr01,TSN Reliever of the Year,2008,NL,,
lidleco01,Pitcher of the Month,2002,AL,,August
liebejo01,Player of the Week,2000,NL,,Week of 2000-07-08
liebemi01,MLB Players Choice Comeback Player,2002,NL,,
liebemi01,TSN Comeback Player of the Year,2002,NL,,
limajo01,Pitcher of the Month,2003,AL,,July
linceti01,Babe Ruth Award,2010,NL,,P
linceti01,Cy Young Award,2008,NL,,
linceti01,Cy Young Award,2009,NL,,
linceti01,MLB Players Choice Outstanding Pitcher,2008,NL,,
linceti01,Pitcher of the Month,2009,NL,,June
linceti01,Player of the Week,2009,NL,Y,Week of 2009-08-02
linceti01,Player of the Week,2013,NL,,Week of 2013-07-12
linceti01,Player of the Week,2014,NL,,Week of 2014-06-29
linceti01,This Year in Baseball Pitching Performance of the Year,2013,ML,,MLB.com GIBBY
linceti01,This Year in Baseball Postseason MVP,2010,ML,,MLB.com GIBBY
linceti01,This Year in Baseball Starter of the Year,2008,ML,,MLB.com GIBBY
linceti01,TSN Pitcher of the Year,2008,NL,,
linceti01,TSN Pitcher of the Year,2009,NL,,
lindad01,Outstanding DH Award,2009,AL,,
lindad01,Player of the Week,2009,AL,Y,Week of 2009-09-07
lindad01,Silver Slugger,2009,AL,,DH
lindofr01,All-MLB Team - Second Team,2022,ML,,SS
lindofr01,All-MLB Team - Second Team,2023,ML,,SS
lindofr01,All-MLB Team - Second Team,2024,ML,,SS
lindofr01,Gold Glove,2016,AL,,SS
lindofr01,Gold Glove,2019,AL,,SS
lindofr01,MLB Players Choice Man of the Year,2022,ML,,
lindofr01,Platinum Glove,2016,AL,,
lindofr01,Player of the Month,2018,AL,,May
lindofr01,Player of the Week,2018,AL,,Week of 2018-05-05
lindofr01,Player of the Week,2018,AL,Y,Week of 2018-05-12
lindofr01,Player of the Week,2022,NL,,Week of 2022-05-28
lindofr01,Player of the Week,2024,NL,,Week of 2024-08-24
lindofr01,Player of the Week,2025,NL,,Week of 2025-08-16
lindofr01,Rookie of the Month,2015,AL,,September
lindofr01,Silver Slugger,2017,AL,,SS
lindofr01,Silver Slugger,2018,AL,,SS
lindofr01,Silver Slugger,2023,NL,,SS
lindofr01,Silver Slugger,2024,NL,,SS
lindofr01,This Year in Baseball Best Defensive Player,2016,ML,,Esurance
lindofr01,TSN All-Star,2016,AL,,SS
lindofr01,TSN All-Star,2017,AL,,SS
lindofr01,TSN All-Star,2018,AL,,SS
lindofr01,TSN All-Star,2024,NL,,SS
liriafr01,Comeback Player of the Year,2010,AL,,
liriafr01,Comeback Player of the Year,2013,NL,,
liriafr01,MLB Players Choice Comeback Player,2013,NL,,
liriafr01,Pitcher of the Month,2010,AL,,April
liriafr01,Player of the Week,2011,AL,Y,Week of 2011-05-08
liriafr01,Player of the Week,2013,NL,,Week of 2013-08-04
liriafr01,Rookie of the Month,2006,AL,,July
liriafr01,Rookie of the Month,2006,AL,,June
liriafr01,This Year in Baseball Rookie of the Year,2006,ML,,MLB.com GIBBY
liriafr01,TSN Comeback Player of the Year,2013,NL,,
loaizes01,MLB Players Choice Comeback Player,2003,AL,,
loaizes01,Pitcher of the Month,2003,AL,,April
loaizes01,Pitcher of the Month,2006,AL,,August
loaizes01,Player of the Week,2003,AL,,Week of 2003-04-26
loducpa01,TSN All-Star,2005,NL,,C
loftoke01,Player of the Week,2000,AL,,Week of 2000-09-02
loneyja01,Player of the Week,2013,AL,Y,Week of 2013-09-29
loneyja01,Rookie of the Month,2007,NL,,September
longoev01,Gold Glove,2009,AL,,3B
longoev01,Gold Glove,2010,AL,,3B
longoev01,Gold Glove,2017,AL,,3B
longoev01,MLB Players Choice Outstanding Rookie,2008,AL,,
longoev01,Player of the Month,2009,AL,,April
longoev01,Player of the Week,2008,AL,,Week of 2008-06-28
longoev01,Player of the Week,2009,AL,,Week of 2009-04-11
longoev01,Player of the Week,2009,AL,,Week of 2009-05-02
longoev01,Player of the Week,2009,AL,Y,Week of 2009-09-07
longoev01,Player of the Week,2010,AL,Y,Week of 2010-08-22
longoev01,Player of the Week,2013,AL,,Week of 2013-05-12
longoev01,Player of the Week,2016,AL,,Week of 2016-06-04
longoev01,Rookie of the Month,2008,AL,,June
longoev01,Rookie of the Year,2008,AL,,
longoev01,Silver Slugger,2009,AL,,3B
longoev01,This Year in Baseball Oddity of the Year,2013,ML,,MLB.com GIBBY
longoev01,This Year in Baseball Rookie of the Year,2008,ML,,MLB.com GIBBY
longoev01,TSN Rookie of the Year,2008,AL,,
longte01,MLB Players Choice Outstanding Rookie,2000,AL,,
lopezal02,Player of the Week,2000,AL,,Week of 2000-08-12
lopezfe01,Player of the Week,2005,NL,,Week of 2005-08-20
lopezfe01,Silver Slugger,2005,NL,,SS
lopezfe01,TSN All-Star,2005,NL,,SS
lopezja01,Player of the Week,2003,NL,,Week of 2003-07-26
lopezja01,Silver Slugger,2003,NL,,C
lopezja01,TSN All-Star,2003,NL,,C
lopezja01,TSN Comeback Player of the Year,2003,NL,,
lopezpa01,Pitcher of the Month,2022,NL,,April
lopezro01,Rookie of the Month,2002,AL,,July
lopezro01,TSN Rookie Pitcher of the Year,2002,AL,,
lorenmi01,Player of the Week,2023,NL,Y,Week of 2023-08-12
loretma01,Hutch Award,2006,ML,,
loretma01,Silver Slugger,2004,NL,,2B
loretma01,TSN All-Star,2004,NL,,2B
lowebr01,All-MLB Team - Second Team,2020,ML,,2B
lowebr01,Player of the Week,2020,AL,,Week of 2020-08-15
lowebr01,Rookie of the Month,2019,AL,,April
lowede01,Pitcher of the Month,2002,AL,,April
lowede01,Pitcher of the Month,2006,NL,,August
lowede01,Pitcher of the Month,2010,NL,,September
lowede01,Player of the Week,2002,AL,,Week of 2002-04-27
lowede01,TSN All-Star,2002,AL,,RHP
lowelmi01,Gold Glove,2005,NL,,3B
lowelmi01,Player of the Week,2000,NL,,Week of 2000-09-02
lowelmi01,Player of the Week,2002,NL,,Week of 2002-09-28
lowelmi01,Player of the Week,2007,AL,Y,Week of 2007-08-25
lowelmi01,Player of the Week,2009,AL,,Week of 2009-04-25
lowelmi01,Silver Slugger,2003,NL,,3B
lowelmi01,This Year in Baseball Defensive Player of the Year,2006,ML,,MLB.com GIBBY
lowelmi01,World Series MVP,2007,ML,,
lowena01,Gold Glove,2023,AL,,1B
lowena01,Player of the Week,2019,AL,,Week of 2019-07-13
lowena01,Player of the Week,2022,AL,,Week of 2022-08-27
lowena01,Silver Slugger,2022,AL,,1B
lowryno01,Pitcher of the Month,2005,NL,,August
lowryno01,Player of the Week,2004,NL,,Week of 2004-08-07
lowryno01,Player of the Week,2006,NL,Y,Week of 2006-08-26
lucrojo01,Bob Feller Act of Valor Award - MLB Player,2015,ML,,
ludwiry01,Player of the Month,2009,NL,,July
ludwiry01,Player of the Week,2008,NL,,Week of 2008-08-02
ludwiry01,Player of the Week,2009,NL,Y,Week of 2009-07-11
ludwiry01,Silver Slugger,2008,NL,,OF
lugoju01,Player of the Week,2000,NL,Y,Week of 2000-09-09
lugose01,All-MLB Team - Second Team,2024,ML,,SP
lugose01,Gold Glove,2024,AL,,P
lugose01,Reliever of the Month,2019,NL,,July
luxga01,Player of the Week,2024,NL,,Week of 2024-07-20
machama01,All-MLB Team - First Team,2020,ML,,3B
machama01,All-MLB Team - First Team,2022,ML,,3B
machama01,All-MLB Team - Second Team,2024,ML,,3B
machama01,Gold Glove,2013,AL,,3B
machama01,Gold Glove,2015,AL,,3B
machama01,Platinum Glove,2013,AL,,
machama01,Player of the Month,2016,AL,,April
machama01,Player of the Month,2017,AL,,August
machama01,Player of the Week,2012,AL,Y,Week of 2012-08-12
machama01,Player of the Week,2015,AL,,Week of 2015-06-14
machama01,Player of the Week,2017,AL,,Week of 2017-08-19
machama01,Player of the Week,2018,AL,Y,Week of 2018-04-21
machama01,Player of the Week,2020,NL,,Week of 2020-08-22
machama01,Player of the Week,2020,NL,,Week of 2020-08-29
machama01,Player of the Week,2022,NL,,Week of 2022-08-13
machama01,Player of the Week,2023,NL,,Week of 2023-07-08
machama01,Silver Slugger,2020,NL,,3B
machama01,Silver Slugger,2024,NL,,3B
machama01,Silver Slugger,2025,NL,,3B
machama01,This Year in Baseball Play of the Year,2013,ML,,MLB.com GIBBY
machama01,TSN All-Star,2020,NL,,3B
machama01,TSN All-Star,2021,NL,,3B
machama01,TSN All-Star,2025,NL,,3B
mackoro01,Player of the Week,2004,NL,Y,Week of 2004-05-29
maddugr01,Gold Glove,2000,NL,,P
maddugr01,Gold Glove,2001,NL,,P
maddugr01,Gold Glove,2002,NL,,P
maddugr01,Gold Glove,2004,NL,,P
maddugr01,Gold Glove,2005,NL,,P
maddugr01,Gold Glove,2006,NL,,P
maddugr01,Gold Glove,2007,NL,,P
maddugr01,Gold Glove,2008,NL,,P
maddugr01,Pitcher of the Month,2000,NL,,September
maddugr01,Pitcher of the Month,2001,NL,,July
maddugr01,Pitcher of the Month,2001,NL,,June
maddugr01,Pitcher of the Month,2006,NL,,April
maddugr01,Player of the Week,2001,NL,Y,Week of 2001-07-21
maddugr01,TSN All-Star,2000,NL,,RHP
maedake01,All-MLB Team - Second Team,2020,ML,,SP
mainejo01,Pitcher of the Month,2007,NL,,April
maldoma01,Gold Glove,2017,AL,,C
manaese01,Pitcher of the Month,2018,AL,,April
manaese01,Pitcher of the Month,2021,AL,,June
manaese01,Player of the Week,2018,AL,Y,Week of 2018-04-21
mancitr01,Comeback Player of the Year,2021,AL,,
mancitr01,MLB Players Choice Comeback Player,2021,AL,,
mancitr01,Player of the Week,2019,AL,,Week of 2019-09-21
mancitr01,TSN Comeback Player of the Year,2021,AL,,
manoaal01,All-MLB Team - First Team,2022,ML,,SP
manoaal01,Pitcher of the Month,2022,AL,,September
manoaal01,Rookie of the Month,2021,AL,,September
marcush01,Player of the Week,2011,NL,Y,Week of 2011-05-22
margoma01,Player of the Week,2017,NL,,Week of 2017-07-29
margoma01,Player of the Week,2022,AL,,Week of 2022-05-07
markani01,Gold Glove,2011,AL,,RF
markani01,Gold Glove,2014,AL,,CF
markani01,Gold Glove,2018,NL,,RF
markani01,Player of the Week,2011,AL,,Week of 2011-07-17
markani01,Rookie of the Month,2006,AL,,August
markani01,Silver Slugger,2018,NL,,OF
marmoca01,Reliever of the Month,2010,ML,,September
marquge01,Pitcher of the Month,2018,NL,,September
marquge01,Silver Slugger,2018,NL,,P
marquja01,Silver Slugger,2005,NL,,P
marteke01,All-MLB Team - First Team,2024,ML,,2B
marteke01,All-MLB Team - First Team,2025,ML,,2B
marteke01,NLCS MVP,2023,NL,,
marteke01,Player of the Week,2019,NL,,Week of 2019-09-07
marteke01,Silver Slugger,2024,NL,,2B
marteke01,Silver Slugger,2025,NL,,2B
marteke01,TSN All-Star,2019,NL,,2B
marteke01,TSN All-Star,2024,NL,,2B
martest01,Gold Glove,2015,NL,,LF
martest01,Gold Glove,2016,NL,,OF
martest01,Player of the Week,2021,NL,,Week of 2021-06-12
martest01,TSN All-Star,2016,NL,,OF
martied01,Outstanding DH Award,2000,AL,,
martied01,Outstanding DH Award,2001,AL,,
martied01,Player of the Month,2000,AL,,May
martied01,Player of the Month,2003,AL,,May
martied01,Player of the Week,2000,AL,,Week of 2000-05-20
martied01,Player of the Week,2002,AL,,Week of 2002-08-03
martied01,Roberto Clemente Award,2004,ML,,
martied01,Silver Slugger,2001,AL,,DH
martied01,Silver Slugger,2003,AL,,DH
martied01,TSN All-Star,2001,AL,,DH
martijd02,Hank Aaron Award,2018,AL,,
martijd02,MLB Players Choice Player of the Year,2018,ML,,
martijd02,Player of the Month,2017,NL,,September
martijd02,Player of the Month,2018,AL,,August
martijd02,Player of the Week,2014,AL,,Week of 2014-06-22
martijd02,Player of the Week,2015,AL,,Week of 2015-07-05
martijd02,Player of the Week,2017,AL,,Week of 2017-05-20
martijd02,Player of the Week,2017,AL,,Week of 2017-07-15
martijd02,Player of the Week,2017,NL,,Week of 2017-09-09
martijd02,Player of the Week,2017,NL,,Week of 2017-09-16
martijd02,Player of the Week,2018,AL,,Week of 2018-05-19
martijd02,Player of the Week,2018,AL,,Week of 2018-08-11
martijd02,Player of the Week,2021,AL,,Week of 2021-04-10
martijd02,Player of the Week,2022,AL,Y,Week of 2022-10-04
martijd02,Player of the Week,2023,NL,,Week of 2023-09-23
martijd02,Player of the Week,2024,NL,,Week of 2024-06-16
martijd02,Silver Slugger,2015,AL,,OF
martijd02,Silver Slugger,2018,AL,,DH
martijd02,Silver Slugger,2018,AL,,OF
martijd02,TSN All-Star,2018,AL,,DH
martijo08,Rookie of the Month,2017,NL,,September
martini01,Pitcher of the Month,2024,NL,,September
martipe02,Cy Young Award,2000,AL,,
martipe02,TSN All-Star,2000,AL,,RHP
martipe02,TSN Pitcher of the Year,2000,AL,,
martipe03,Bob Feller Act of Valor Award - HOF Player,2024,ML,,
martipe03,MLB Players Choice Outstanding Pitcher,2000,AL,,
martipe03,Pitcher of the Month,2000,AL,,April
martipe03,Pitcher of the Month,2001,AL,,May
martipe03,Pitcher of the Month,2002,AL,,July
martipe03,Player of the Week,2000,AL,Y,Week of 2000-07-22
martipe03,Player of the Week,2002,AL,Y,Week of 2002-07-06
martipe03,This Year in Baseball Oddity of the Year,2005,ML,,MLB.com GIBBY
martiru01,Gold Glove,2007,NL,,C
martiru01,Player of the Week,2013,NL,,Week of 2013-04-28
martiru01,Silver Slugger,2007,NL,,C
martiru01,TSN All-Star,2007,NL,,C
martiti02,Player of the Week,2005,AL,,Week of 2005-05-14
martivi01,Outstanding DH Award,2014,AL,,
martivi01,Player of the Month,2014,AL,,August
martivi01,Player of the Week,2004,AL,,Week of 2004-07-17
martivi01,Player of the Week,2004,AL,Y,Week of 2004-05-15
martivi01,Player of the Week,2005,AL,,Week of 2005-08-27
martivi01,Player of the Week,2011,AL,,Week of 2011-05-15
martivi01,Player of the Week,2016,AL,,Week of 2016-04-30
martivi01,Silver Slugger,2004,AL,Y,C
martivi01,Silver Slugger,2014,AL,,DH
masteju01,Player of the Week,2013,AL,,Week of 2013-05-19
mathemi01,Gold Glove,2000,NL,,C
mathemi01,Gold Glove,2003,NL,,C
mathemi01,Gold Glove,2004,NL,,C
mathemi01,Gold Glove,2005,NL,,C
matoslu01,Player of the Week,2003,AL,,Week of 2003-07-19
matoslu02,Player of the Week,2024,NL,,Week of 2024-05-18
matsuda01,Player of the Week,2007,AL,,Week of 2007-05-19
matsuhi01,Player of the Month,2007,AL,,July
matsuhi01,Player of the Week,2003,AL,,Week of 2003-06-28
matsuhi01,Player of the Week,2004,AL,,Week of 2004-05-29
matsuhi01,Player of the Week,2005,AL,,Week of 2005-06-19
matsuhi01,Player of the Week,2011,AL,,Week of 2011-07-24
matsuhi01,Rookie of the Month,2003,AL,,June
matsuhi01,World Series MVP,2009,ML,,
matthga01,Player of the Week,2006,AL,,Week of 2006-09-16
matusbr01,Rookie of the Month,2010,AL,,August
matzst01,Rookie of the Month,2016,NL,,May
mauerjo01,Gold Glove,2008,AL,,C
mauerjo01,Gold Glove,2009,AL,,C
mauerjo01,Gold Glove,2010,AL,,C
mauerjo01,MLB Players Choice Outstanding Player,2009,AL,,
mauerjo01,Most Valuable Player,2009,AL,,
mauerjo01,Player of the Month,2006,AL,,June
mauerjo01,Player of the Month,2009,AL,,May
mauerjo01,Player of the Week,2006,AL,,Week of 2006-06-10
mauerjo01,Player of the Week,2009,AL,,Week of 2009-05-23
mauerjo01,Player of the Week,2016,AL,,Week of 2016-05-28
mauerjo01,Player of the Week,2016,AL,Y,Week of 2016-08-06
mauerjo01,Silver Slugger,2006,AL,,C
mauerjo01,Silver Slugger,2008,AL,,C
mauerjo01,Silver Slugger,2009,AL,,C
mauerjo01,Silver Slugger,2010,AL,,C
mauerjo01,Silver Slugger,2013,AL,,C
mauerjo01,This Year in Baseball Hitter of the Year,2009,ML,,MLB.com GIBBY
mauerjo01,TSN All-Star,2006,AL,,C
maybica01,Player of the Week,2011,NL,Y,Week of 2011-07-24
maybica01,Player of the Week,2016,AL,Y,Week of 2016-05-21
mayermi01,Reliever of the Month,2020,AL,,September
mazarno01,Player of the Week,2017,AL,,Week of 2017-04-08
mazarno01,Rookie of the Month,2016,AL,,April
mazarno01,Rookie of the Month,2016,AL,,May
mccanbr01,All-Star Game MVP,2010,NL,,
mccanbr01,Player of the Week,2013,NL,Y,Week of 2013-07-07
mccanbr01,Silver Slugger,2006,NL,,C
mccanbr01,Silver Slugger,2008,NL,,C
mccanbr01,Silver Slugger,2009,NL,,C
mccanbr01,Silver Slugger,2010,NL,,C
mccanbr01,Silver Slugger,2011,NL,,C
mccanbr01,Silver Slugger,2015,AL,,C
mccanbr01,TSN All-Star,2006,NL,,C
mccorch01,Player of the Week,2023,AL,,Week of 2023-07-15
mcculla02,Pitcher of the Month,2017,AL,,May
mccutan01,Gold Glove,2012,NL,,CF
mccutan01,MLB Players Choice Outstanding Player,2012,NL,,
mccutan01,MLB Players Choice Outstanding Player,2013,NL,,
mccutan01,Most Valuable Player,2013,NL,,
mccutan01,Player of the Month,2012,NL,,July
mccutan01,Player of the Month,2012,NL,,June
mccutan01,Player of the Month,2014,NL,,June
mccutan01,Player of the Month,2015,NL,,August
mccutan01,Player of the Month,2017,NL,,June
mccutan01,Player of the Week,2012,NL,,Week of 2012-07-08
mccutan01,Player of the Week,2012,NL,,Week of 2012-07-15
mccutan01,Player of the Week,2014,NL,,Week of 2014-06-15
mccutan01,Player of the Week,2014,NL,,Week of 2014-07-13
mccutan01,Player of the Week,2015,NL,,Week of 2015-05-24
mccutan01,Player of the Week,2015,NL,,Week of 2015-08-09
mccutan01,Player of the Week,2017,NL,,Week of 2017-09-30
mccutan01,Roberto Clemente Award,2015,ML,,
mccutan01,Silver Slugger,2012,NL,,OF
mccutan01,Silver Slugger,2013,NL,,OF
mccutan01,Silver Slugger,2014,NL,,OF
mccutan01,Silver Slugger,2015,NL,,OF
mcgeeja01,Reliever of the Month,2021,NL,,July
mcgehca01,Comeback Player of the Year,2014,NL,,
mcgehca01,MLB Players Choice Comeback Player,2014,NL,,
mcgehca01,Rookie of the Month,2009,NL,,September
mcgehca01,TSN Comeback Player of the Year,2014,NL,,
mcgowdu01,Hutch Award,2016,ML,,
mchugco01,Rookie of the Month,2014,AL,,September
mclaima01,Player of the Week,2023,NL,Y,Week of 2023-05-27
mclouna01,Gold Glove,2008,NL,,OF
mcneije01,Silver Slugger,2022,NL,,2B
mcneije01,TSN All-Star,2022,NL,,2B
meadoau01,Player of the Month,2019,AL,,September
meadoau01,Player of the Week,2019,AL,,Week of 2019-04-13
meadoau01,Player of the Week,2019,AL,,Week of 2019-09-07
meadoau01,Rookie of the Month,2018,NL,,May
meansjo01,Player of the Week,2021,AL,,Week of 2021-05-08
mechegi01,TSN Comeback Player of the Year,2003,AL,,
medlekr01,Pitcher of the Month,2012,NL,,August
medlekr01,Pitcher of the Month,2012,NL,,September
medlekr01,Pitcher of the Month,2013,NL,,September
melanma01,Reliever of the Month,2021,NL,,April
melanma01,Reliever of the Year Award,2015,NL,,
melanma01,This Year in Baseball Setup Man of the Year,2013,ML,,MLB.com GIBBY
menchke01,Player of the Week,2006,AL,Y,Week of 2006-04-29
merceye01,Player of the Week,2021,AL,,Week of 2021-04-03
merceye01,Rookie of the Month,2021,AL,,April
merrija01,All-MLB Team - Second Team,2024,ML,,OF
merrija01,MLB Players Choice Outstanding Rookie,2024,NL,,
merrija01,Player of the Week,2024,NL,,Week of 2024-08-10
merrija01,Rookie of the Month,2024,NL,,August
merrija01,Rookie of the Month,2024,NL,,June
merrija01,Silver Slugger,2024,NL,,OF
merrija01,TSN All-Star,2024,NL,,OF
merrija01,TSN Rookie of the Year,2024,NL,,
mesajo01,Player of the Week,2001,NL,Y,Week of 2001-09-22
mesajo01,Reliever of the Month,2005,ML,,April
meyerja02,Player of the Week,2023,NL,Y,Week of 2023-05-27
michaja01,This Year in Baseball Oddity of the Year,2004,ML,,MLB.com GIBBY
middlwi01,Player of the Week,2012,AL,,Week of 2012-06-24
middlwi01,Player of the Week,2013,AL,Y,Week of 2013-09-08
mientdo01,Gold Glove,2001,AL,,1B
mileywa01,Player of the Week,2021,NL,,Week of 2021-05-08
mileywa01,Rookie of the Month,2012,NL,,April
mileywa01,TSN Rookie of the Year,2012,NL,,
millake01,Player of the Week,2001,NL,,Week of 2001-07-14
millake01,Player of the Week,2004,AL,Y,Week of 2004-07-24
millean01,ALCS MVP,2016,AL,,
millean01,Reliever of the Year Award,2015,AL,,
millean01,This Year in Baseball Best Major Leaguer - Postseason,2016,ML,,Esurance
millebr02,Player of the Week,2013,AL,,Week of 2013-07-21
millebr02,Player of the Week,2015,AL,,Week of 2015-05-17
millema03,All-MLB Team - Second Team,2024,ML,,RP
millema03,Reliever of the Month,2024,AL,,April
millema03,Reliever of the Month,2025,NL,,September
millema03,TSN Rookie of the Year,2024,AL,,
millewa04,Pitcher of the Month,2001,NL,,April
millsal02,Player of the Week,2020,NL,,Week of 2020-09-12
millwke01,Player of the Week,2003,NL,,Week of 2003-04-26
miranjo01,Player of the Week,2024,AL,,Week of 2024-07-06
miranjo01,Rookie of the Month,2022,AL,,July
molinbe01,Gold Glove,2002,AL,,C
molinbe01,Gold Glove,2003,AL,,C
molinbe01,Player of the Week,2008,NL,,Week of 2008-05-24
molinbe01,Player of the Week,2010,AL,,Week of 2010-07-18
molinya01,Gold Glove,2008,NL,,C
molinya01,Gold Glove,2009,NL,,C
molinya01,Gold Glove,2010,NL,,C
molinya01,Gold Glove,2011,NL,,C
molinya01,Gold Glove,2012,NL,,C
molinya01,Gold Glove,2013,NL,,C
molinya01,Gold Glove,2014,NL,,C
molinya01,Gold Glove,2015,NL,,C
molinya01,Gold Glove,2018,NL,,C
molinya01,Platinum Glove,2011,NL,,
molinya01,Platinum Glove,2012,NL,,
molinya01,Platinum Glove,2014,NL,,
molinya01,Platinum Glove,2015,NL,,
molinya01,Player of the Week,2019,NL,,Week of 2019-08-31
molinya01,Roberto Clemente Award,2018,ML,,
molinya01,Silver Slugger,2013,NL,,C
molinya01,This Year in Baseball Defensive Player of the Year,2012,ML,,MLB.com GIBBY
molinya01,This Year in Baseball Defensive Player of the Year,2013,ML,,MLB.com GIBBY
mondera01,Player of the Week,2001,AL,Y,Week of 2001-05-05
mondera02,Player of the Week,2020,AL,,Week of 2020-09-26
montafr01,Pitcher of the Month,2021,AL,,October
montafr01,Player of the Week,2020,AL,,Week of 2020-08-08
monteke01,Player of the Week,2024,AL,,Week of 2024-09-14
montgjo01,All-MLB Team - Second Team,2023,ML,,SP
mooredy01,Gold Glove,2024,AL,,UT
mooredy01,Player of the Week,2025,AL,,Week of 2025-04-19
moralke01,Outstanding DH Award,2015,AL,,
moralke01,Player of the Month,2009,AL,,August
moralke01,Player of the Week,2009,AL,,Week of 2009-08-02
moralke01,Player of the Week,2010,AL,,Week of 2010-04-25
moralke01,Player of the Week,2016,AL,,Week of 2016-09-10
moralke01,Player of the Week,2016,AL,,Week of 2016-07-02
moralke01,Player of the Week,2018,AL,,Week of 2018-08-25
moralke01,Silver Slugger,2015,AL,,DH
morame01,Player of the Month,2004,AL,,May
morame01,Player of the Month,2008,AL,,August
morame01,Player of the Week,2003,AL,Y,Week of 2003-05-24
morame01,Player of the Week,2008,AL,Y,Week of 2008-08-16
morame01,Silver Slugger,2004,AL,,3B
morame01,TSN All-Star,2004,AL,,3B
morelmi01,Gold Glove,2016,AL,,1B
morelmi01,Player of the Week,2016,AL,,Week of 2016-07-30
morenga01,Gold Glove,2023,NL,,C
morneju01,Most Valuable Player,2006,AL,,
morneju01,Player of the Month,2007,AL,,May
morneju01,Player of the Week,2007,AL,,Week of 2007-07-07
morneju01,Player of the Week,2009,AL,,Week of 2009-07-04
morneju01,Player of the Week,2014,NL,,Week of 2014-04-20
morneju01,Silver Slugger,2006,AL,,1B
morneju01,Silver Slugger,2008,AL,,1B
morneju01,TSN All-Star,2006,AL,,1B
morrima01,MLB Players Choice Comeback Player,2001,NL,,
morrima01,Player of the Week,2001,NL,,Week of 2001-08-18
morrima01,Player of the Week,2003,NL,,Week of 2003-05-24
morrima01,TSN Comeback Player of the Year,2001,NL,,
morsemi01,This Year in Baseball Oddity of the Year,2012,ML,,MLB.com GIBBY
mortoch02,All-MLB Team - Second Team,2019,ML,,SP
mossbr01,Player of the Week,2012,AL,,Week of 2012-06-17
mossbr01,Player of the Week,2013,AL,,Week of 2013-09-01
mossbr01,Player of the Week,2014,AL,,Week of 2014-05-18
motteja01,Player of the Week,2012,NL,,Week of 2012-09-21
mountry01,MLB Players Choice Outstanding Rookie,2021,AL,,
mountry01,Player of the Week,2021,AL,,Week of 2021-06-05
mountry01,Rookie of the Month,2021,AL,,June
moustmi01,Comeback Player of the Year,2017,AL,,
moustmi01,MLB Players Choice Comeback Player,2017,AL,,
moustmi01,TSN Comeback Player of the Year,2017,AL,,
moyerja01,Branch Rickey Award,2004,ML,,
moyerja01,Hutch Award,2003,ML,,
moyerja01,Lou Gehrig Memorial Award,2003,ML,,
moyerja01,Roberto Clemente Award,2003,ML,,
muellbi02,Silver Slugger,2003,AL,,3B
muellbi02,This Year in Baseball Performance of the Year,2003,ML,,MLB.com GIBBY
muellbi02,TSN All-Star,2003,AL,,3B
muldema01,Pitcher of the Month,2001,AL,,July
muldema01,Pitcher of the Month,2002,AL,,June
muldema01,Pitcher of the Month,2004,AL,,June
muldema01,Player of the Week,2001,AL,,Week of 2001-08-11
muldema01,Player of the Week,2003,AL,,Week of 2003-08-02
muldema01,Player of the Week,2005,NL,,Week of 2005-04-23
muldema01,TSN All-Star,2001,AL,,LHP
mullice01,Silver Slugger,2021,AL,,OF
mullice01,TSN All-Star,2021,AL,,OF
muncyma01,Player of the Week,2023,NL,,Week of 2023-04-22
munozan01,All-MLB Team - Second Team,2025,ML,,RP
munozan01,Reliever of the Month,2023,AL,,August
munozan01,Reliever of the Month,2025,AL,,April
murphda07,Rookie of the Month,2008,AL,,April
murphda08,MLB Players Choice Outstanding Player,2016,NL,,
murphda08,NLCS MVP,2015,NL,,
murphda08,Player of the Month,2016,NL,,July
murphda08,Player of the Month,2016,NL,,May
murphda08,Player of the Week,2013,NL,,Week of 2013-09-01
murphda08,Player of the Week,2019,NL,,Week of 2019-07-13
murphda08,Silver Slugger,2016,NL,,2B
murphda08,Silver Slugger,2017,NL,,2B
murphda08,TSN All-Star,2016,NL,,2B
murphda08,TSN All-Star,2017,NL,,2B
murphse01,Gold Glove,2021,AL,,C
murphse01,Player of the Week,2023,NL,,Week of 2023-05-06
murphse01,TSN All-Star,2023,NL,Y,C
musgrjo01,Player of the Week,2021,NL,,Week of 2021-04-10
mussimi01,Gold Glove,2001,AL,,P
mussimi01,Gold Glove,2003,AL,,P
mussimi01,Gold Glove,2008,AL,,P
mussimi01,Player of the Week,2001,AL,,Week of 2001-09-01
mussimi01,Player of the Week,2001,AL,Y,Week of 2001-05-05
mussimi01,Player of the Week,2003,AL,,Week of 2003-08-16
myerswi01,MLB Players Choice Outstanding Rookie,2013,AL,,
myerswi01,Player of the Month,2016,NL,,June
myerswi01,Rookie of the Month,2013,AL,,September
myerswi01,Rookie of the Year,2013,AL,,
myerswi01,TSN Rookie of the Year,2013,AL,,
nadyxa01,Player of the Week,2008,AL,Y,Week of 2008-08-02
nadyxa01,Player of the Week,2008,NL,,Week of 2008-04-05
nadyxa01,Rookie of the Month,2003,NL,,May
napolmi01,Player of the Week,2013,AL,Y,Week of 2013-04-21
napolmi01,Player of the Week,2013,AL,Y,Week of 2013-09-08
napolmi01,Player of the Week,2015,AL,,Week of 2015-05-24
naquity01,Player of the Week,2021,NL,,Week of 2021-08-21
naquity01,Rookie of the Month,2016,AL,,July
naquity01,Rookie of the Month,2016,AL,,June
naquity01,This Year in Baseball Best Play - Offense,2016,ML,,Esurance
nathajo01,Player of the Week,2004,AL,Y,Week of 2004-05-15
nathajo01,Player of the Week,2005,AL,,Week of 2005-07-02
nathajo01,Reliever of the Month,2006,ML,,July
nathajo01,Reliever of the Month,2008,ML,,July
nathajo01,Reliever of the Month,2009,ML,,June
nathajo01,Reliever of the Month,2013,ML,,June
nathajo01,TSN All-Star,2005,AL,Y,RP
nathajo01,TSN Reliever of the Year,2004,AL,Y,
naylojo01,Player of the Week,2024,AL,,Week of 2024-06-22
nelsoch01,Player of the Week,2012,NL,,Week of 2012-09-16
nenro01,TSN Reliever of the Year,2001,NL,Y,
nerishe01,Reliever of the Month,2018,NL,,August
netoza01,Player of the Week,2025,AL,,Week of 2025-08-16
nevinph01,Player of the Week,2000,NL,,Week of 2000-05-20
nevinph01,Player of the Week,2001,NL,,Week of 2001-04-07
nevinph01,Player of the Week,2003,NL,,Week of 2003-09-06
nixontr01,Player of the Week,2002,AL,Y,Week of 2002-07-06
nolaaa01,All-MLB Team - Second Team,2022,ML,,SP
nolasri01,Player of the Week,2008,NL,Y,Week of 2008-06-14
nolasri01,Player of the Week,2012,NL,Y,Week of 2012-09-09
nomohi01,Player of the Week,2001,AL,Y,Week of 2001-04-07
nortogr01,Player of the Week,2006,AL,,Week of 2006-09-30
novaiv01,Pitcher of the Month,2013,AL,,August
novaiv01,Pitcher of the Month,2017,NL,,April
ochoaal01,Player of the Week,2000,NL,,Week of 2000-09-16
odayda01,Bob Feller Act of Valor Award - MLB Player,2017,ML,,
odorija01,Player of the Week,2019,AL,,Week of 2019-05-04
odorro01,Player of the Week,2015,AL,,Week of 2015-07-26
odorro01,Player of the Week,2016,AL,,Week of 2016-09-03
odorro01,Player of the Week,2018,AL,,Week of 2018-07-21
odorro01,Player of the Week,2018,AL,,Week of 2018-08-04
ohtansh01,All-MLB Team - First Team,2021,ML,,DH
ohtansh01,All-MLB Team - First Team,2022,ML,,SP
ohtansh01,All-MLB Team - First Team,2023,ML,,DH
ohtansh01,All-MLB Team - First Team,2023,ML,,SP
ohtansh01,All-MLB Team - First Team,2024,ML,,DH
ohtansh01,All-MLB Team - First Team,2025,ML,,DH
ohtansh01,All-MLB Team - Second Team,2021,ML,,SP
ohtansh01,All-MLB Team - Second Team,2022,ML,,DH
ohtansh01,Hank Aaron Award,2023,AL,,
ohtansh01,Hank Aaron Award,2024,NL,,
ohtansh01,Hank Aaron Award,2025,NL,,
ohtansh01,MLB Players Choice Outstanding Player,2021,AL,,
ohtansh01,MLB Players Choice Outstanding Player,2023,AL,,
ohtansh01,MLB Players Choice Outstanding Player,2024,NL,,
ohtansh01,MLB Players Choice Player of the Year,2021,ML,,
ohtansh01,Most Valuable Player,2021,AL,,
ohtansh01,Most Valuable Player,2023,AL,,
ohtansh01,Most Valuable Player,2024,NL,,
ohtansh01,Most Valuable Player,2025,NL,,
ohtansh01,NLCS MVP,2025,NL,,
ohtansh01,Outstanding DH Award,2021,ML,,
ohtansh01,Outstanding DH Award,2022,ML,,
ohtansh01,Outstanding DH Award,2023,ML,,
ohtansh01,Outstanding DH Award,2024,ML,,
ohtansh01,Outstanding DH Award,2025,ML,,
ohtansh01,Player of the Month,2021,AL,,July
ohtansh01,Player of the Month,2021,AL,,June
ohtansh01,Player of the Month,2023,AL,,July
ohtansh01,Player of the Month,2023,AL,,June
ohtansh01,Player of the Month,2024,NL,,September
ohtansh01,Player of the Week,2018,AL,,Week of 2018-04-07
ohtansh01,Player of the Week,2018,AL,,Week of 2018-09-08
ohtansh01,Player of the Week,2021,AL,,Week of 2021-06-19
ohtansh01,Player of the Week,2021,AL,,Week of 2021-07-03
ohtansh01,Player of the Week,2023,AL,,Week of 2023-06-17
ohtansh01,Player of the Week,2023,AL,,Week of 2023-07-29
ohtansh01,Player of the Week,2023,AL,Y,Week of 2023-07-01
ohtansh01,Player of the Week,2024,NL,,Week of 2024-05-04
ohtansh01,Player of the Week,2024,NL,,Week of 2024-06-22
ohtansh01,Player of the Week,2024,NL,,Week of 2024-09-21
ohtansh01,Player of the Week,2024,NL,,Week of 2024-09-28
ohtansh01,Rookie of the Month,2018,AL,,April
ohtansh01,Rookie of the Month,2018,AL,,September
ohtansh01,Rookie of the Year,2018,AL,,
ohtansh01,Silver Slugger,2021,AL,,DH
ohtansh01,Silver Slugger,2023,AL,,DH
ohtansh01,Silver Slugger,2024,NL,,DH
ohtansh01,Silver Slugger,2025,NL,,DH
ohtansh01,TSN All-Star,2021,AL,,DH
ohtansh01,TSN All-Star,2023,AL,,DH
ohtansh01,TSN All-Star,2024,NL,,DH
ohtansh01,TSN All-Star,2025,NL,,DH
ohtansh01,TSN Major League Player of the Year,2021,ML,,
ohtansh01,TSN Major League Player of the Year,2024,ML,,
okajihi01,Rookie of the Month,2007,AL,,April
okajihi01,This Year in Baseball Setup Man of the Year,2007,ML,,MLB.com GIBBY
olerujo01,Gold Glove,2000,AL,,1B
olerujo01,Gold Glove,2002,AL,,1B
olerujo01,Gold Glove,2003,AL,,1B
olsonma02,All-MLB Team - Second Team,2023,ML,,1B
olsonma02,Gold Glove,2018,AL,,1B
olsonma02,Gold Glove,2019,AL,,1B
olsonma02,Gold Glove,2025,NL,,1B
olsonma02,Player of the Week,2022,NL,,Week of 2022-10-04
olsonma02,Player of the Week,2023,NL,,Week of 2023-09-09
olsonma02,Player of the Week,2023,NL,Y,Week of 2023-08-12
olsonma02,Player of the Week,2025,NL,,Week of 2025-09-20
olsonma02,Silver Slugger,2023,NL,,1B
olsonma02,TSN All-Star,2018,AL,,1B
olsonma02,TSN All-Star,2019,AL,Y,1B
oneilpa01,Player of the Week,2001,AL,,Week of 2001-07-28
oneilty01,Gold Glove,2020,NL,,LF
oneilty01,Gold Glove,2021,NL,,LF
oneilty01,MLB Players Choice Comeback Player,2024,AL,,
oneilty01,Player of the Month,2021,NL,,October
oneilty01,Player of the Week,2021,NL,,Week of 2021-09-18
oneilty01,Player of the Week,2024,AL,,Week of 2024-07-27
ordonma01,Player of the Month,2003,AL,,July
ordonma01,Player of the Month,2007,AL,,August
ordonma01,Player of the Week,2000,AL,,Week of 2000-07-01
ordonma01,Player of the Week,2001,AL,,Week of 2001-06-16
ordonma01,Player of the Week,2002,AL,,Week of 2002-05-11
ordonma01,Player of the Week,2002,AL,,Week of 2002-08-10
ordonma01,Player of the Week,2002,AL,,Week of 2002-09-21
ordonma01,Player of the Week,2004,AL,,Week of 2004-04-10
ordonma01,Player of the Week,2007,AL,,Week of 2007-04-28
ordonma01,Player of the Week,2008,AL,Y,Week of 2008-05-24
ordonma01,Silver Slugger,2000,AL,,OF
ordonma01,Silver Slugger,2002,AL,,OF
ordonma01,Silver Slugger,2007,AL,,OF
ordonma01,TSN All-Star,2000,AL,,OF
ordonma01,TSN All-Star,2003,AL,,OF
ordonma01,TSN All-Star,2007,AL,,OF
ortizda01,ALCS MVP,2004,AL,,
ortizda01,Babe Ruth Award,2013,AL,,
ortizda01,Hank Aaron Award,2005,AL,,
ortizda01,Hank Aaron Award,2016,AL,,DH
ortizda01,MLB Players Choice Outstanding Player,2005,AL,,
ortizda01,Outstanding DH Award,2003,AL,,
ortizda01,Outstanding DH Award,2004,AL,,
ortizda01,Outstanding DH Award,2005,AL,,
ortizda01,Outstanding DH Award,2006,AL,,
ortizda01,Outstanding DH Award,2007,AL,,
ortizda01,Outstanding DH Award,2011,AL,,
ortizda01,Outstanding DH Award,2013,AL,,
ortizda01,Outstanding DH Award,2016,AL,,
ortizda01,Player of the Month,2005,AL,,September
ortizda01,Player of the Month,2006,AL,,July
ortizda01,Player of the Month,2007,AL,,September
ortizda01,Player of the Month,2010,AL,,May
ortizda01,Player of the Week,2004,AL,,Week of 2004-06-26
ortizda01,Player of the Week,2005,AL,Y,Week of 2005-09-17
ortizda01,Player of the Week,2006,AL,Y,Week of 2006-08-05
ortizda01,Player of the Week,2007,AL,Y,Week of 2007-08-25
ortizda01,Player of the Week,2011,AL,,Week of 2011-06-05
ortizda01,Player of the Week,2015,AL,,Week of 2015-09-13
ortizda01,Roberto Clemente Award,2011,ML,,
ortizda01,Silver Slugger,2004,AL,,DH
ortizda01,Silver Slugger,2005,AL,,DH
ortizda01,Silver Slugger,2006,AL,,DH
ortizda01,Silver Slugger,2007,AL,,DH
ortizda01,Silver Slugger,2011,AL,,DH
ortizda01,Silver Slugger,2013,AL,,DH
ortizda01,Silver Slugger,2016,AL,,DH
ortizda01,This Year in Baseball Best Player,2016,ML,,Esurance
ortizda01,This Year in Baseball Hitter of the Year,2004,ML,,MLB.com GIBBY
ortizda01,This Year in Baseball Hitter of the Year,2005,ML,,MLB.com GIBBY
ortizda01,This Year in Baseball Postseason MVP,2013,ML,,MLB.com GIBBY
ortizda01,TSN All-Star,2004,AL,,DH
ortizda01,TSN All-Star,2005,AL,,DH
ortizda01,TSN All-Star,2006,AL,,DH
ortizda01,TSN All-Star,2007,AL,,DH
ortizda01,TSN All-Star,2016,AL,,DH
ortizda01,World Series MVP,2013,ML,,
ortizjo06,Rookie of the Month,2024,NL,,May
ortizru01,Pitcher of the Month,2000,NL,,August
ortizru01,Pitcher of the Month,2004,NL,,July
osunaro01,Reliever of the Month,2017,AL,,June
oswalro01,NLCS MVP,2005,NL,,
oswalro01,Pitcher of the Month,2002,NL,,August
oswalro01,Pitcher of the Month,2006,NL,,September
oswalro01,Player of the Week,2004,NL,Y,Week of 2004-06-26
oswalro01,Player of the Week,2008,NL,Y,Week of 2008-09-06
oswalro01,Rookie of the Month,2001,NL,,August
oswalro01,This Year in Baseball Oddity of the Year,2010,ML,,MLB.com GIBBY
oswalro01,TSN Rookie Pitcher of the Year,2001,NL,,
outmaja01,Rookie of the Month,2023,NL,,April
outmaja01,Rookie of the Month,2023,NL,,August
overbly01,Player of the Week,2004,NL,,Week of 2004-05-08
overbly01,Player of the Week,2006,AL,,Week of 2006-07-01
overbly01,Player of the Week,2009,AL,,Week of 2009-06-06
owingch01,Rookie of the Month,2014,NL,,April
owingmi01,Silver Slugger,2007,NL,,P
ozunama01,All-MLB Team - First Team,2020,ML,,DH
ozunama01,Gold Glove,2017,NL,,LF
ozunama01,Outstanding DH Award,2020,ML,,
ozunama01,Player of the Week,2017,NL,,Week of 2017-04-15
ozunama01,Player of the Week,2017,NL,Y,Week of 2017-09-23
ozunama01,Player of the Week,2018,NL,,Week of 2018-06-16
ozunama01,Player of the Week,2020,NL,,Week of 2020-09-05
ozunama01,Player of the Week,2020,NL,,Week of 2020-09-26
ozunama01,Silver Slugger,2017,NL,,OF
ozunama01,Silver Slugger,2020,NL,,DH
ozunama01,TSN All-Star,2017,NL,,OF
ozunama01,TSN All-Star,2020,NL,,DH
pagesan01,Player of the Week,2025,NL,Y,Week of 2025-04-26
panikjo01,Gold Glove,2016,NL,,2B
panikjo01,This Year in Baseball Postseason Moment of the Year,2014,ML,,MLB.com GIBBY
papeljo01,Babe Ruth Award,2007,AL,,P
papeljo01,Reliever of the Month,2006,ML,,April
papeljo01,Reliever of the Month,2012,ML,,April
papeljo01,Rookie of the Month,2006,AL,,April
papeljo01,This Year in Baseball Closer of the Year,2007,ML,,MLB.com GIBBY
paredis01,Player of the Week,2022,AL,,Week of 2022-06-25
parkch01,Player of the Week,2000,NL,,Week of 2000-09-23
parrage01,Gold Glove,2011,NL,,LF
parrage01,Gold Glove,2013,NL,,RF
parrage01,Rookie of the Month,2009,NL,,May
pasquvi01,Player of the Week,2022,AL,,Week of 2022-08-13
pasquvi01,Player of the Week,2025,AL,,Week of 2025-08-23
pasquvi01,Player of the Week,2025,AL,,Week of 2025-06-07
pavanca01,Pitcher of the Month,2004,NL,,June
paxtoja01,Pitcher of the Month,2017,AL,,July
paxtoja01,Pitcher of the Month,2023,AL,,June
paxtoja01,Player of the Week,2017,AL,,Week of 2017-04-15
paxtoja01,Player of the Week,2017,AL,Y,Week of 2017-07-29
paxtoja01,Player of the Week,2018,AL,Y,Week of 2018-05-12
paytoja01,Player of the Week,2002,NL,Y,Week of 2002-08-24
pearcst01,Player of the Week,2014,AL,Y,Week of 2014-07-06
pearcst01,World Series MVP,2018,ML,,
peavyja01,Cy Young Award,2007,NL,,
peavyja01,MLB Players Choice Outstanding Pitcher,2007,NL,,
peavyja01,Pitcher of the Month,2004,NL,,August
peavyja01,Pitcher of the Month,2007,NL,,August
peavyja01,Pitcher of the Month,2007,NL,,May
peavyja01,Pitcher of the Month,2007,NL,,September
peavyja01,Pitcher of the Month,2012,AL,,April
peavyja01,Pitching Triple Crown,2007,NL,,
peavyja01,Player of the Week,2004,NL,,Week of 2004-09-25
peavyja01,Player of the Week,2005,NL,,Week of 2005-08-06
peavyja01,TSN All-Star,2007,NL,,SP
peavyja01,TSN Pitcher of the Year,2007,NL,,
pedrodu01,Gold Glove,2008,AL,,2B
pedrodu01,Gold Glove,2011,AL,,2B
pedrodu01,Gold Glove,2013,AL,,2B
pedrodu01,Gold Glove,2014,AL,,2B
pedrodu01,MLB Players Choice Outstanding Rookie,2007,AL,,
pedrodu01,Most Valuable Player,2008,AL,,
pedrodu01,Player of the Month,2011,AL,,July
pedrodu01,Player of the Week,2007,AL,,Week of 2007-06-02
pedrodu01,Rookie of the Month,2007,AL,,May
pedrodu01,Rookie of the Year,2007,AL,,
pedrodu01,Silver Slugger,2008,AL,,2B
pedrodu01,TSN Rookie of the Year,2007,AL,,
pelfrmi01,Player of the Week,2008,NL,,Week of 2008-07-12
penabr01,Player of the Week,2010,AL,,Week of 2010-09-12
penaca01,Comeback Player of the Year,2007,AL,,
penaca01,Gold Glove,2008,AL,,1B
penaca01,MLB Players Choice Comeback Player,2007,AL,,
penaca01,Player of the Week,2007,AL,,Week of 2007-09-29
penaca01,Player of the Week,2008,AL,,Week of 2008-09-20
penaca01,Rookie of the Month,2002,AL,,April
penaca01,Silver Slugger,2007,AL,,1B
penaca01,TSN All-Star,2007,AL,,1B
penaca01,TSN Comeback Player of the Year,2007,AL,,
penaje02,ALCS MVP,2022,AL,,
penaje02,Babe Ruth Award,2022,ML,,
penaje02,Gold Glove,2022,AL,,SS
penaje02,World Series MVP,2022,ML,,
penawi01,Player of the Week,2004,NL,,Week of 2004-07-17
pencehu01,MLB Players Choice Comeback Player,2019,AL,,
pencehu01,Player of the Month,2013,NL,,September
pencehu01,Player of the Week,2007,NL,Y,Week of 2007-05-19
pencehu01,Player of the Week,2010,NL,,Week of 2010-09-05
pencehu01,Player of the Week,2013,NL,,Week of 2013-09-15
pencehu01,Player of the Week,2016,NL,,Week of 2016-04-30
pencehu01,Rookie of the Month,2007,NL,,May
pencehu01,TSN Comeback Player of the Year,2019,AL,,
peralda01,Gold Glove,2019,NL,,RF
peralda01,Silver Slugger,2018,NL,,OF
peralfr01,All-MLB Team - Second Team,2025,ML,,SP
peralfr01,Pitcher of the Month,2023,NL,,August
peralfr01,Pitcher of the Month,2025,NL,,August
perdoge01,Silver Slugger,2025,NL,,SS
perezma02,Pitcher of the Month,2022,AL,,May
perezma02,Rookie of the Month,2013,AL,,August
perezne01,Gold Glove,2000,NL,,SS
perezod01,Player of the Week,2002,NL,,Week of 2002-04-20
perezro02,Gold Glove,2019,AL,,C
perezro02,Gold Glove,2020,AL,,C
perezsa02,All-MLB Team - First Team,2020,ML,,C
perezsa02,All-MLB Team - First Team,2021,ML,,C
perezsa02,All-MLB Team - Second Team,2024,ML,,C
perezsa02,Gold Glove,2013,AL,,C
perezsa02,Gold Glove,2014,AL,,C
perezsa02,Gold Glove,2015,AL,,C
perezsa02,Gold Glove,2016,AL,,C
perezsa02,Gold Glove,2018,AL,,C
perezsa02,Lou Gehrig Memorial Award,2021,ML,,
perezsa02,Player of the Week,2021,AL,,Week of 2021-08-28
perezsa02,Roberto Clemente Award,2024,ML,,
perezsa02,Silver Slugger,2016,AL,,C
perezsa02,Silver Slugger,2018,AL,,C
perezsa02,Silver Slugger,2020,AL,,C
perezsa02,Silver Slugger,2021,AL,,C
perezsa02,Silver Slugger,2024,AL,,C
perezsa02,TSN All-Star,2016,AL,,C
perezsa02,TSN All-Star,2020,AL,,C
perezsa02,TSN All-Star,2021,AL,,C
perezsa02,World Series MVP,2015,ML,,
pettian01,ALCS MVP,2001,AL,,
pettian01,Pitcher of the Month,2002,AL,,September
pettian01,Pitcher of the Month,2005,NL,,July
pettian01,Pitcher of the Month,2005,NL,,September
pettian01,Pitcher of the Month,2007,AL,,August
pettian01,TSN All-Star,2003,AL,,LHP
phelpjo01,Rookie of the Month,2002,AL,,August
phelpjo01,Rookie of the Month,2002,AL,,September
phillbr01,Gold Glove,2008,NL,,2B
phillbr01,Gold Glove,2010,NL,,2B
phillbr01,Gold Glove,2011,NL,,2B
phillbr01,Gold Glove,2013,NL,,2B
phillbr01,Player of the Week,2006,NL,,Week of 2006-04-22
phillbr01,Silver Slugger,2011,NL,,2B
piazzmi01,Player of the Week,2000,NL,,Week of 2000-04-15
piazzmi01,Player of the Week,2002,NL,,Week of 2002-09-14
piazzmi01,Silver Slugger,2000,NL,,C
piazzmi01,Silver Slugger,2001,NL,,C
piazzmi01,Silver Slugger,2002,NL,,C
piazzmi01,TSN All-Star,2000,NL,,C
piazzmi01,TSN All-Star,2001,NL,,C
piazzmi01,TSN All-Star,2002,NL,,C
pierzaj01,Player of the Week,2008,AL,,Week of 2008-04-05
pierzaj01,Silver Slugger,2012,AL,,C
pillake01,Player of the Week,2015,AL,,Week of 2015-09-27
pinedmi01,Player of the Week,2015,AL,,Week of 2015-05-10
pinedmi01,Rookie of the Month,2011,AL,,April
pineijo01,Player of the Week,2006,AL,,Week of 2006-05-06
piscost01,Hutch Award,2018,ML,,
piscost01,Lou Gehrig Memorial Award,2020,ML,,
plouftr01,Player of the Week,2014,AL,Y,Week of 2014-08-24
podsesc01,MLB Players Choice Outstanding Rookie,2003,NL,,
podsesc01,Rookie of the Month,2003,NL,,August
podsesc01,This Year in Baseball Rookie of the Year,2003,ML,,MLB.com GIBBY
podsesc01,TSN Rookie Player of the Year,2003,NL,,
polanjo01,Player of the Week,2025,AL,,Week of 2025-04-26
polanpl01,ALCS MVP,2006,AL,,
polanpl01,Gold Glove,2007,AL,,2B
polanpl01,Gold Glove,2009,AL,,2B
polanpl01,Gold Glove,2011,NL,,3B
polanpl01,Silver Slugger,2007,AL,,2B
polanpl01,This Year in Baseball Defensive Player of the Year,2007,ML,,MLB.com GIBBY
polanpl01,TSN All-Star,2007,AL,,2B
polloaj01,Gold Glove,2015,NL,,CF
polloaj01,Player of the Month,2018,NL,,April
polloaj01,Player of the Week,2014,NL,,Week of 2014-06-01
polloaj01,Player of the Week,2014,NL,Y,Week of 2014-05-18
polloaj01,Player of the Week,2015,NL,,Week of 2015-08-23
polloaj01,Player of the Week,2018,NL,,Week of 2018-05-05
polloaj01,Player of the Week,2021,AL,Y,Week of 2021-07-10
polloaj01,Player of the Week,2021,NL,,Week of 2021-07-10
porceri01,Comeback Player of the Year,2016,AL,,
porceri01,Cy Young Award,2016,AL,,
porceri01,MLB Players Choice Outstanding Pitcher,2016,AL,,
porceri01,Pitcher of the Month,2016,AL,,September
porceri01,Rookie of the Month,2009,AL,,May
posadjo01,Silver Slugger,2000,AL,,C
posadjo01,Silver Slugger,2001,AL,,C
posadjo01,Silver Slugger,2002,AL,,C
posadjo01,Silver Slugger,2003,AL,,C
posadjo01,Silver Slugger,2007,AL,,C
posadjo01,TSN All-Star,2000,AL,,C
posadjo01,TSN All-Star,2001,AL,,C
posadjo01,TSN All-Star,2002,AL,,C
posadjo01,TSN All-Star,2003,AL,,C
posadjo01,TSN All-Star,2007,AL,,C
poseybu01,All-MLB Team - Second Team,2021,ML,,C
poseybu01,Comeback Player of the Year,2012,NL,,
poseybu01,Comeback Player of the Year,2021,NL,,
poseybu01,Gold Glove,2016,NL,,C
poseybu01,Hank Aaron Award,2012,NL,,
poseybu01,Lou Gehrig Memorial Award,2019,ML,,
poseybu01,MLB Players Choice Comeback Player,2012,NL,,
poseybu01,MLB Players Choice Comeback Player,2021,NL,,
poseybu01,MLB Players Choice Outstanding Rookie,2010,NL,,
poseybu01,Most Valuable Player,2012,NL,,
poseybu01,Player of the Month,2010,NL,,July
poseybu01,Player of the Week,2010,NL,,Week of 2010-07-11
poseybu01,Player of the Week,2013,NL,,Week of 2013-06-30
poseybu01,Player of the Week,2014,NL,Y,Week of 2014-09-07
poseybu01,Rookie of the Month,2010,NL,,July
poseybu01,Rookie of the Year,2010,NL,,
poseybu01,Silver Slugger,2012,NL,,C
poseybu01,Silver Slugger,2014,NL,,C
poseybu01,Silver Slugger,2015,NL,,C
poseybu01,Silver Slugger,2017,NL,,C
poseybu01,Silver Slugger,2021,NL,,C
poseybu01,This Year in Baseball Rookie of the Year,2010,ML,,MLB.com GIBBY
poseybu01,TSN All-Star,2016,NL,,C
poseybu01,TSN All-Star,2017,NL,,C
poseybu01,TSN Comeback Player of the Year,2012,NL,,
poseybu01,TSN Comeback Player of the Year,2021,NL,,
pradoma01,Player of the Month,2013,NL,,August
pradoma01,Player of the Week,2009,NL,,Week of 2009-07-04
pradoma01,Player of the Week,2010,NL,,Week of 2010-05-16
pradoma01,Player of the Week,2011,NL,,Week of 2011-05-15
pressry01,All-MLB Team - Second Team,2022,ML,,RP
priceda01,Babe Ruth Award,2018,ML,,
priceda01,Comeback Player of the Year,2018,AL,,
priceda01,Cy Young Award,2012,AL,,
priceda01,MLB Players Choice Outstanding Pitcher,2010,AL,,
priceda01,MLB Players Choice Outstanding Pitcher,2012,AL,,
priceda01,Pitcher of the Month,2010,AL,,September
priceda01,Player of the Week,2015,AL,Y,Week of 2015-08-09
priceda01,TSN Comeback Player of the Year,2018,AL,,
priceda01,TSN Pitcher of the Year,2012,AL,Y,
priorma01,Pitcher of the Month,2003,NL,,August
priorma01,Pitcher of the Month,2003,NL,,September
priorma01,Player of the Week,2003,NL,Y,Week of 2003-09-20
priorma01,This Year in Baseball Starter of the Year,2003,ML,,MLB.com GIBBY
profaju01,Silver Slugger,2024,NL,,OF
profaju01,TSN All-Star,2024,NL,,OF
puigya01,Player of the Month,2013,NL,,June
puigya01,Player of the Month,2014,NL,,May
puigya01,Player of the Week,2013,NL,,Week of 2013-06-09
puigya01,Player of the Week,2014,NL,Y,Week of 2014-05-18
puigya01,Player of the Week,2018,NL,,Week of 2018-09-15
puigya01,Rookie of the Month,2013,NL,,June
pujolal01,Comeback Player of the Year,2022,NL,,
pujolal01,Gold Glove,2006,NL,,1B
pujolal01,Gold Glove,2010,NL,,1B
pujolal01,Hank Aaron Award,2003,NL,,
pujolal01,Hank Aaron Award,2009,NL,,
pujolal01,Lou Gehrig Memorial Award,2009,ML,,
pujolal01,MLB Players Choice Man of the Year,2006,ML,,
pujolal01,MLB Players Choice Outstanding Player,2003,NL,,
pujolal01,MLB Players Choice Outstanding Player,2008,NL,,
pujolal01,MLB Players Choice Outstanding Player,2009,NL,,
pujolal01,MLB Players Choice Outstanding Rookie,2001,NL,,
pujolal01,MLB Players Choice Player of the Year,2003,ML,,
pujolal01,MLB Players Choice Player of the Year,2008,ML,,
pujolal01,MLB Players Choice Player of the Year,2009,ML,,
pujolal01,Most Valuable Player,2005,NL,,
pujolal01,Most Valuable Player,2008,NL,,
pujolal01,Most Valuable Player,2009,NL,,
pujolal01,NLCS MVP,2004,NL,,
pujolal01,Player of the Month,2003,NL,,June
pujolal01,Player of the Month,2003,NL,,May
pujolal01,Player of the Month,2006,NL,,April
pujolal01,Player of the Month,2009,NL,,April
pujolal01,Player of the Month,2009,NL,,June
pujolal01,Player of the Month,2010,NL,,August
pujolal01,Player of the Month,2015,AL,,June
pujolal01,Player of the Week,2001,NL,Y,Week of 2001-09-22
pujolal01,Player of the Week,2002,NL,,Week of 2002-07-06
pujolal01,Player of the Week,2003,NL,,Week of 2003-05-03
pujolal01,Player of the Week,2005,NL,Y,Week of 2005-06-05
pujolal01,Player of the Week,2006,NL,Y,Week of 2006-05-13
pujolal01,Player of the Week,2007,NL,,Week of 2007-07-14
pujolal01,Player of the Week,2008,NL,,Week of 2008-08-23
pujolal01,Player of the Week,2008,NL,,Week of 2008-09-27
pujolal01,Player of the Week,2009,NL,,Week of 2009-04-25
pujolal01,Player of the Week,2009,NL,,Week of 2009-06-20
pujolal01,Player of the Week,2011,NL,,Week of 2011-06-05
pujolal01,Player of the Week,2012,AL,,Week of 2012-08-05
pujolal01,Player of the Week,2022,NL,Y,Week of 2022-08-20
pujolal01,Player of the Week,2022,NL,Y,Week of 2022-09-24
pujolal01,Roberto Clemente Award,2008,NL,,
pujolal01,Rookie of the Month,2001,NL,,April
pujolal01,Rookie of the Month,2001,NL,,May
pujolal01,Rookie of the Year,2001,NL,,
pujolal01,Silver Slugger,2001,NL,,3B
pujolal01,Silver Slugger,2003,NL,,OF
pujolal01,Silver Slugger,2004,NL,,1B
pujolal01,Silver Slugger,2008,NL,,1B
pujolal01,Silver Slugger,2009,NL,,1B
pujolal01,Silver Slugger,2010,NL,,1B
pujolal01,This Year in Baseball Hitter of the Year,2003,ML,,MLB.com GIBBY
pujolal01,This Year in Baseball Hitter of the Year,2008,ML,,MLB.com GIBBY
pujolal01,This Year in Baseball Performance of the Year,2006,ML,,MLB.com GIBBY
pujolal01,TSN All-Star,2003,NL,,OF
pujolal01,TSN All-Star,2004,NL,,1B
pujolal01,TSN All-Star,2005,NL,,1B
pujolal01,TSN Major League Player of the Year,2003,ML,,
pujolal01,TSN Major League Player of the Year,2008,ML,,
pujolal01,TSN Major League Player of the Year,2009,ML,,
pujolal01,TSN Rookie Player of the Year,2001,NL,,
putzjj01,Pitcher of the Month,2007,AL,,June
putzjj01,Reliever of the Month,2007,ML,,June
putzjj01,Reliever of the Month,2011,ML,,May
putzjj01,Reliever of the Month,2011,ML,,September
putzjj01,Reliever of the Year Award,2007,AL,,
quentca01,Player of the Week,2010,AL,,Week of 2010-06-27
quentca01,Player of the Week,2011,AL,,Week of 2011-04-03
quentca01,Silver Slugger,2008,AL,,OF
quinlro01,Rookie of the Month,2004,AL,,July
quinnma01,TSN Rookie Player of the Year,2000,AL,,
raburry01,Player of the Week,2013,AL,,Week of 2013-05-05
radkebr01,Pitcher of the Month,2001,AL,,April
rafaece01,Gold Glove,2025,AL,,CF
raganco01,Pitcher of the Month,2023,AL,,August
raleica01,All-MLB Team - First Team,2025,ML,,C
raleica01,Gold Glove,2024,AL,,C
raleica01,Platinum Glove,2024,AL,,C
raleica01,Player of the Month,2025,AL,,June
raleica01,Player of the Week,2025,AL,,Week of 2025-06-21
raleica01,Player of the Week,2025,AL,Y,Week of 2025-05-31
raleica01,Silver Slugger,2025,AL,,C
raleica01,TSN All-Star,2023,AL,Y,C
raleica01,TSN All-Star,2024,AL,,C
raleica01,TSN All-Star,2025,AL,,C
raleica01,TSN Major League Player of the Year,2025,ML,,
raleica01,TSN Player of the Year,2025,ML,,
ramiral03,Player of the Week,2011,AL,,Week of 2011-05-22
ramiral03,Rookie of the Month,2008,AL,,August
ramiral03,Silver Slugger,2010,AL,,SS
ramiral03,Silver Slugger,2014,AL,,SS
ramirar01,Hank Aaron Award,2008,NL,,
ramirar01,Player of the Week,2001,NL,,Week of 2001-05-05
ramirar01,Player of the Week,2005,NL,Y,Week of 2005-07-23
ramirar01,Player of the Week,2010,NL,,Week of 2010-07-25
ramirar01,Player of the Week,2011,NL,,Week of 2011-07-04
ramirar01,Player of the Week,2015,NL,,Week of 2015-07-05
ramirar01,Silver Slugger,2011,NL,,3B
ramirha01,Player of the Month,2008,NL,,June
ramirha01,Player of the Week,2007,NL,,Week of 2007-07-07
ramirha01,Player of the Week,2009,NL,Y,Week of 2009-06-27
ramirha01,Player of the Week,2016,AL,,Week of 2016-07-23
ramirha01,Player of the Week,2016,AL,Y,Week of 2016-09-17
ramirha01,Rookie of the Year,2006,NL,,
ramirha01,Silver Slugger,2008,NL,,SS
ramirha01,Silver Slugger,2009,NL,,SS
ramirha01,TSN All-Star,2007,NL,,SS
ramirjo01,All-MLB Team - First Team,2024,ML,,3B
ramirjo01,All-MLB Team - First Team,2025,ML,,3B
ramirjo01,All-MLB Team - Second Team,2020,ML,,3B
ramirjo01,All-MLB Team - Second Team,2023,ML,,3B
ramirjo01,Player of the Month,2018,AL,,July
ramirjo01,Player of the Month,2020,AL,,September
ramirjo01,Player of the Month,2022,AL,,April
ramirjo01,Player of the Week,2017,AL,,Week of 2017-06-17
ramirjo01,Player of the Week,2017,AL,,Week of 2017-09-02
ramirjo01,Player of the Week,2018,AL,,Week of 2018-07-14
ramirjo01,Player of the Week,2021,AL,,Week of 2021-09-18
ramirjo01,Player of the Week,2022,AL,,Week of 2022-04-16
ramirjo01,Player of the Week,2022,AL,,Week of 2022-05-28
ramirjo01,Player of the Week,2024,AL,,Week of 2024-09-28
ramirjo01,Player of the Week,2025,AL,,Week of 2025-07-12
ramirjo01,Silver Slugger,2017,AL,,3B
ramirjo01,Silver Slugger,2018,AL,,3B
ramirjo01,Silver Slugger,2020,AL,,3B
ramirjo01,Silver Slugger,2022,AL,,3B
ramirjo01,Silver Slugger,2024,AL,,3B
ramirjo01,Silver Slugger,2025,AL,,3B
ramirjo01,TSN All-Star,2018,AL,,3B
ramirjo01,TSN All-Star,2020,AL,,3B
ramirjo01,TSN All-Star,2021,AL,,3B
ramirjo01,TSN All-Star,2022,AL,,3B
ramirjo01,TSN All-Star,2023,AL,,3B
ramirjo01,TSN All-Star,2024,AL,,3B
ramirjo01,TSN All-Star,2025,AL,,3B
ramirma02,Hank Aaron Award,2004,AL,,
ramirma02,Player of the Month,2001,AL,,April
ramirma02,Player of the Month,2002,AL,,September
ramirma02,Player of the Month,2008,NL,,August
ramirma02,Player of the Week,2000,AL,Y,Week of 2000-07-22
ramirma02,Player of the Week,2000,AL,Y,Week of 2000-09-16
ramirma02,Player of the Week,2001,AL,,Week of 2001-04-21
ramirma02,Player of the Week,2001,AL,,Week of 2001-05-12
ramirma02,Player of the Week,2002,AL,,Week of 2002-04-20
ramirma02,Player of the Week,2002,AL,Y,Week of 2002-09-14
ramirma02,Player of the Week,2003,AL,,Week of 2003-07-26
ramirma02,Player of the Week,2005,AL,,Week of 2005-04-23
ramirma02,Player of the Week,2005,AL,,Week of 2005-06-25
ramirma02,Player of the Week,2005,AL,,Week of 2005-08-06
ramirma02,Player of the Week,2007,AL,,Week of 2007-07-28
ramirma02,Player of the Week,2008,AL,Y,Week of 2008-04-19
ramirma02,Silver Slugger,2000,AL,,OF
ramirma02,Silver Slugger,2001,AL,,OF
ramirma02,Silver Slugger,2002,AL,,DH
ramirma02,Silver Slugger,2003,AL,,OF
ramirma02,Silver Slugger,2004,AL,,OF
ramirma02,Silver Slugger,2005,AL,,OF
ramirma02,Silver Slugger,2006,AL,,OF
ramirma02,TSN All-Star,2001,AL,,OF
ramirma02,TSN All-Star,2002,AL,,DH
ramirma02,TSN All-Star,2004,AL,,OF
ramirma02,TSN All-Star,2005,AL,,OF
ramirma02,TSN All-Star,2006,AL,,OF
ramirma02,World Series MVP,2004,ML,,
ramoswi01,Silver Slugger,2016,NL,,C
rasmuco01,Player of the Week,2010,NL,,Week of 2010-06-06
rasmuco01,Player of the Week,2016,AL,,Week of 2016-04-23
rasmudr01,Pitcher of the Month,2022,AL,,August
rayro02,All-MLB Team - First Team,2021,ML,,SP
rayro02,Cy Young Award,2021,AL,,
rayro02,MLB Players Choice Outstanding Pitcher,2021,AL,,
rayro02,Pitcher of the Month,2021,AL,,August
rayro02,Pitcher of the Month,2025,NL,,May
rayro02,Player of the Week,2016,NL,,Week of 2016-08-20
rayro02,Player of the Week,2021,AL,,Week of 2021-09-04
realmjt01,All-MLB Team - First Team,2019,ML,,C
realmjt01,All-MLB Team - First Team,2022,ML,,C
realmjt01,All-MLB Team - Second Team,2020,ML,,C
realmjt01,Gold Glove,2019,NL,,C
realmjt01,Gold Glove,2022,NL,,C
realmjt01,Player of the Week,2017,NL,,Week of 2017-04-08
realmjt01,Silver Slugger,2018,NL,,C
realmjt01,Silver Slugger,2019,NL,,C
realmjt01,Silver Slugger,2022,NL,,C
realmjt01,TSN All-Star,2018,NL,,C
realmjt01,TSN All-Star,2019,NL,,C
realmjt01,TSN All-Star,2020,NL,,C
realmjt01,TSN All-Star,2021,NL,,C
realmjt01,TSN All-Star,2022,NL,,C
reddijo01,Gold Glove,2012,AL,,RF
reddijo01,Player of the Week,2012,AL,,Week of 2012-09-03
reddijo01,Player of the Week,2014,AL,Y,Week of 2014-09-28
reddijo01,Player of the Week,2015,AL,Y,Week of 2015-05-03
redmama01,Player of the Week,2003,NL,,Week of 2003-07-05
reesepo01,Gold Glove,2000,NL,,2B
reidfse01,Bob Feller Act of Valor Award - MLB Player,2024,ML,,
reimono01,Rookie of the Month,2009,AL,,June
reitsch01,Player of the Week,2001,NL,Y,Week of 2001-04-14
rendoan01,All-MLB Team - First Team,2019,ML,,3B
rendoan01,Comeback Player of the Year,2016,NL,,
rendoan01,MLB Players Choice Outstanding Player,2019,NL,,
rendoan01,Player of the Week,2017,NL,,Week of 2017-07-15
rendoan01,Player of the Week,2019,NL,,Week of 2019-08-24
rendoan01,Silver Slugger,2014,NL,,3B
rendoan01,Silver Slugger,2019,NL,,3B
rendoan01,This Year in Baseball Best Performance,2017,ML,,Esurance
rendoan01,TSN All-Star,2017,NL,,3B
rendoan01,TSN All-Star,2019,NL,,3B
renfrhu01,Player of the Week,2016,NL,,Week of 2016-10-01
rengilu01,Player of the Week,2023,AL,,Week of 2023-09-02
renteed01,Gold Glove,2002,NL,,SS
renteed01,Gold Glove,2003,NL,,SS
renteed01,Player of the Week,2003,NL,Y,Week of 2003-09-20
renteed01,Player of the Week,2005,AL,,Week of 2005-05-28
renteed01,Silver Slugger,2000,NL,,SS
renteed01,Silver Slugger,2002,NL,,SS
renteed01,Silver Slugger,2003,NL,,SS
renteed01,TSN All-Star,2000,NL,,SS
renteed01,TSN All-Star,2002,NL,,SS
renteed01,TSN All-Star,2003,NL,,SS
renteed01,TSN All-Star,2004,NL,,SS
renteed01,World Series MVP,2010,ML,,
reverbe01,Rookie of the Month,2011,AL,Y,June
reverbe01,This Year in Baseball Play of the Year,2011,ML,,MLB.com GIBBY
reyesjo01,Player of the Month,2007,NL,,April
reyesjo01,Player of the Week,2006,NL,,Week of 2006-06-24
reyesjo01,Player of the Week,2006,NL,Y,Week of 2006-06-17
reyesjo01,Silver Slugger,2006,NL,,SS
reyesjo01,TSN All-Star,2006,NL,,SS
reynobr01,Player of the Week,2023,NL,,Week of 2023-04-08
reynobr01,TSN All-Star,2021,NL,,OF
reynoma01,Player of the Week,2009,NL,,Week of 2009-08-09
reynoma01,Player of the Week,2009,NL,Y,Week of 2009-06-13
reynoma01,Player of the Week,2010,NL,,Week of 2010-04-25
reynoma01,Player of the Week,2018,NL,,Week of 2018-07-07
richmsc01,Rookie of the Month,2009,AL,,April
rileyau01,All-MLB Team - First Team,2021,ML,,3B
rileyau01,All-MLB Team - First Team,2023,ML,,3B
rileyau01,Player of the Month,2022,NL,,July
rileyau01,Player of the Week,2021,NL,,Week of 2021-05-22
rileyau01,Player of the Week,2022,NL,,Week of 2022-07-09
rileyau01,Player of the Week,2023,NL,,Week of 2023-07-22
rileyau01,Rookie of the Month,2019,NL,,May
rileyau01,Silver Slugger,2021,NL,,3B
rileyau01,Silver Slugger,2023,NL,,3B
rileyau01,TSN All-Star,2023,NL,,SS
riosal01,Player of the Week,2008,AL,,Week of 2008-09-06
riosal01,Player of the Week,2013,AL,Y,Week of 2013-09-29
ripkeca01,All-Star Game MVP,2001,ML,,
ritchto01,Player of the Week,2001,NL,,Week of 2001-06-16
riverfe01,Reliever of the Month,2018,NL,,July
riverfe01,Reliever of the Month,2019,NL,,August
riverma01,ALCS MVP,2003,AL,,
riverma01,All-Star Game MVP,2013,NL,,
riverma01,Comeback Player of the Year,2013,AL,,
riverma01,MLB Players Choice Comeback Player,2013,AL,,
riverma01,MLB Players Choice Man of the Year,2013,ML,,
riverma01,Player of the Week,2008,AL,,Week of 2008-05-31
riverma01,Player of the Week,2009,AL,Y,Week of 2009-06-27
riverma01,Player of the Week,2011,AL,,Week of 2011-09-25
riverma01,Reliever of the Month,2008,ML,,April
riverma01,Reliever of the Month,2009,ML,,July
riverma01,Reliever of the Year Award,2001,AL,,
riverma01,Reliever of the Year Award,2004,AL,,
riverma01,Reliever of the Year Award,2005,AL,,
riverma01,Reliever of the Year Award,2009,AL,,
riverma01,This Year in Baseball Closer of the Year,2004,ML,,MLB.com GIBBY
riverma01,This Year in Baseball Closer of the Year,2005,ML,,MLB.com GIBBY
riverma01,This Year in Baseball Closer of the Year,2006,ML,,MLB.com GIBBY
riverma01,This Year in Baseball Closer of the Year,2009,ML,,MLB.com GIBBY
riverma01,TSN All-Star,2005,AL,Y,RP
riverma01,TSN Comeback Player of the Year,2013,AL,,
riverma01,TSN Reliever of the Year,2001,AL,,
riverma01,TSN Reliever of the Year,2004,AL,Y,
riverma01,TSN Reliever of the Year,2009,AL,,
rizzoan01,Branch Rickey Award,2014,ML,,
rizzoan01,Gold Glove,2016,NL,,1B
rizzoan01,Gold Glove,2018,NL,Y,1B
rizzoan01,Gold Glove,2019,NL,,1B
rizzoan01,Gold Glove,2020,NL,,1B
rizzoan01,MLB Players Choice Man of the Year,2017,ML,,
rizzoan01,Platinum Glove,2016,NL,,
rizzoan01,Player of the Week,2014,NL,,Week of 2014-07-20
rizzoan01,Player of the Week,2017,NL,,Week of 2017-08-19
rizzoan01,Player of the Week,2018,NL,,Week of 2018-08-27
rizzoan01,Player of the Week,2023,AL,,Week of 2023-05-13
rizzoan01,Player of the Week,2024,AL,,Week of 2024-04-27
rizzoan01,Roberto Clemente Award,2017,ML,,
rizzoan01,Rookie of the Month,2012,NL,,July
rizzoan01,Silver Slugger,2016,NL,,1B
rizzoan01,This Year in Baseball Best Play - Defense,2016,ML,,Esurance
rizzoan01,This Year in Baseball Best Social Media Personality,2016,ML,,Esurance
roberbr01,Player of the Month,2005,AL,,April
roberbr01,Player of the Week,2004,AL,,Week of 2004-08-14
roberbr01,Player of the Week,2005,AL,,Week of 2005-04-16
roberbr01,TSN All-Star,2005,AL,,2B
roberda08,This Year in Baseball Setup Man of the Year,2011,ML,,MLB.com GIBBY
roberlu01,Gold Glove,2020,AL,,LF
roberlu01,Player of the Week,2023,AL,,Week of 2023-06-24
roberlu01,Rookie of the Month,2020,AL,,July-August
roberlu01,Silver Slugger,2023,AL,,OF
roberlu01,TSN All-Star,2023,AL,,OF
robinbr01,Bob Feller Act of Valor Award - HOF Player,2020,ML,,
rodgebr02,Gold Glove,2022,NL,,2B
rodgebr02,Player of the Week,2022,NL,,Week of 2022-06-04
rodnefe01,Comeback Player of the Year,2012,AL,,
rodnefe01,This Year in Baseball Closer of the Year,2012,ML,,MLB.com GIBBY
rodonca01,Player of the Week,2021,AL,,Week of 2021-04-17
rodrial01,Babe Ruth Award,2009,AL,,3B
rodrial01,Gold Glove,2002,AL,,SS
rodrial01,Gold Glove,2003,AL,,SS
rodrial01,Hank Aaron Award,2001,AL,,SS
rodrial01,Hank Aaron Award,2002,AL,,SS
rodrial01,Hank Aaron Award,2003,AL,,
rodrial01,Hank Aaron Award,2007,AL,,
rodrial01,MLB Players Choice Outstanding Player,2001,AL,,
rodrial01,MLB Players Choice Outstanding Player,2002,AL,,
rodrial01,MLB Players Choice Outstanding Player,2003,AL,,
rodrial01,MLB Players Choice Outstanding Player,2007,AL,,
rodrial01,MLB Players Choice Player of the Year,2002,ML,,
rodrial01,MLB Players Choice Player of the Year,2007,ML,,
rodrial01,Most Valuable Player,2003,AL,,
rodrial01,Most Valuable Player,2005,AL,,
rodrial01,Most Valuable Player,2007,AL,,
rodrial01,Player of the Month,2002,AL,,August
rodrial01,Player of the Month,2002,AL,,July
rodrial01,Player of the Month,2003,AL,,August
rodrial01,Player of the Month,2005,AL,,August
rodrial01,Player of the Month,2005,AL,,May
rodrial01,Player of the Month,2006,AL,,May
rodrial01,Player of the Month,2007,AL,,April
rodrial01,Player of the Month,2007,AL,,June
rodrial01,Player of the Month,2010,AL,,September
rodrial01,Player of the Week,2000,AL,,Week of 2000-04-15
rodrial01,Player of the Week,2001,AL,,Week of 2001-04-14
rodrial01,Player of the Week,2001,AL,,Week of 2001-09-22
rodrial01,Player of the Week,2002,AL,,Week of 2002-07-13
rodrial01,Player of the Week,2002,AL,Y,Week of 2002-08-17
rodrial01,Player of the Week,2005,AL,Y,Week of 2005-04-30
rodrial01,Player of the Week,2006,AL,,Week of 2006-09-02
rodrial01,Player of the Week,2007,AL,,Week of 2007-09-08
rodrial01,Player of the Week,2007,AL,Y,Week of 2007-04-07
rodrial01,Player of the Week,2007,AL,Y,Week of 2007-06-09
rodrial01,Silver Slugger,2000,AL,,SS
rodrial01,Silver Slugger,2001,AL,,SS
rodrial01,Silver Slugger,2002,AL,,SS
rodrial01,Silver Slugger,2003,AL,,SS
rodrial01,Silver Slugger,2005,AL,,3B
rodrial01,Silver Slugger,2007,AL,,3B
rodrial01,Silver Slugger,2008,AL,,3B
rodrial01,This Year in Baseball Hitter of the Year,2002,ML,,MLB.com GIBBY
rodrial01,This Year in Baseball Hitter of the Year,2007,ML,,MLB.com GIBBY
rodrial01,This Year in Baseball Performance of the Year,2005,ML,,MLB.com GIBBY
rodrial01,TSN All-Star,2000,AL,,SS
rodrial01,TSN All-Star,2001,AL,,SS
rodrial01,TSN All-Star,2002,AL,,SS
rodrial01,TSN All-Star,2003,AL,,SS
rodrial01,TSN All-Star,2005,AL,,3B
rodrial01,TSN All-Star,2007,AL,,3B
rodrial01,TSN Major League Player of the Year,2002,ML,,
rodrial01,TSN Major League Player of the Year,2007,ML,,
rodrifr03,Player of the Week,2008,AL,,Week of 2008-08-23
rodrifr03,Reliever of the Month,2006,ML,,August
rodrifr03,Reliever of the Month,2008,ML,,June
rodrifr03,Reliever of the Year Award,2006,AL,,
rodrifr03,Reliever of the Year Award,2008,AL,,
rodrifr03,This Year in Baseball Setup Man of the Year,2004,ML,,MLB.com GIBBY
rodrifr03,TSN Reliever of the Year,2006,AL,,
rodrifr03,TSN Reliever of the Year,2008,AL,,
rodriiv01,Gold Glove,2000,AL,,C
rodriiv01,Gold Glove,2001,AL,,C
rodriiv01,Gold Glove,2004,AL,,C
rodriiv01,Gold Glove,2006,AL,,C
rodriiv01,Gold Glove,2007,AL,,C
rodriiv01,NLCS MVP,2003,NL,,
rodriiv01,Player of the Month,2004,AL,,June
rodriiv01,Silver Slugger,2004,AL,Y,C
rodriiv01,TSN All-Star,2004,AL,,C
rodriju01,All-MLB Team - First Team,2025,ML,,OF
rodriju01,All-MLB Team - Second Team,2022,ML,,OF
rodriju01,MLB Players Choice Outstanding Rookie,2022,AL,,
rodriju01,Player of the Month,2023,AL,,August
rodriju01,Player of the Week,2022,AL,,Week of 2022-07-02
rodriju01,Player of the Week,2023,AL,,Week of 2023-05-27
rodriju01,Player of the Week,2023,AL,,Week of 2023-08-19
rodriju01,Player of the Week,2024,AL,,Week of 2024-09-21
rodriju01,Rookie of the Month,2022,AL,,June
rodriju01,Rookie of the Month,2022,AL,,May
rodriju01,Rookie of the Year,2022,AL,,
rodriju01,Silver Slugger,2022,AL,,OF
rodriju01,Silver Slugger,2023,AL,,OF
rodriju01,TSN All-Star,2022,AL,,OF
rodriju01,TSN All-Star,2023,AL,,OF
rodriju01,TSN All-Star,2025,AL,,OF
rodriju01,TSN Rookie of the Year,2022,AL,,
rodrise01,Player of the Week,2016,NL,Y,Week of 2016-09-17
rodriwa01,Pitcher of the Month,2009,NL,,July
rogerke01,Gold Glove,2000,AL,,P
rogerke01,Gold Glove,2002,AL,,P
rogerke01,Gold Glove,2004,AL,,P
rogerke01,Gold Glove,2005,AL,,P
rogerke01,Gold Glove,2006,AL,,P
rogerke01,Pitcher of the Month,2005,AL,,May
rogerst01,MLB Players Curt Flood Award,2022,ML,,
rogertr01,Pitcher of the Month,2025,AL,,August
rogertr01,Rookie of the Month,2021,NL,,April
rogertr01,Rookie of the Month,2021,NL,,May
rolensc01,Gold Glove,2000,NL,,3B
rolensc01,Gold Glove,2001,NL,,3B
rolensc01,Gold Glove,2002,NL,,3B
rolensc01,Gold Glove,2003,NL,,3B
rolensc01,Gold Glove,2004,NL,,3B
rolensc01,Gold Glove,2006,NL,,3B
rolensc01,Gold Glove,2010,NL,,3B
rolensc01,Player of the Week,2001,NL,,Week of 2001-08-11
rolensc01,Player of the Week,2002,NL,,Week of 2002-09-21
rolensc01,Player of the Week,2004,NL,,Week of 2004-06-12
rolensc01,Silver Slugger,2002,NL,,3B
rolensc01,TSN All-Star,2002,NL,,3B
rolensc01,TSN All-Star,2003,NL,,3B
rolensc01,TSN All-Star,2004,NL,,3B
rolliji01,Gold Glove,2007,NL,,SS
rolliji01,Gold Glove,2008,NL,,SS
rolliji01,Gold Glove,2009,NL,,SS
rolliji01,Gold Glove,2012,NL,,SS
rolliji01,Most Valuable Player,2007,NL,,
rolliji01,Player of the Week,2005,NL,,Week of 2005-09-17
rolliji01,Player of the Week,2007,NL,,Week of 2007-09-01
rolliji01,Roberto Clemente Award,2014,NL,,
rolliji01,Silver Slugger,2007,NL,,SS
romanjo03,Reliever of the Month,2022,AL,,April
romanjo03,Reliever of the Month,2022,AL,,July
romerri01,Pitcher of the Month,2011,AL,,August
romerri01,Player of the Week,2011,AL,,Week of 2011-08-07
romose01,This Year in Baseball Setup Man of the Year,2012,ML,,MLB.com GIBBY
rookebr01,Player of the Week,2023,AL,,Week of 2023-04-29
rookebr01,Player of the Week,2024,AL,,Week of 2024-05-04
rookebr01,Silver Slugger,2024,AL,,DH
rosared01,NLCS MVP,2021,NL,,
rosared01,Player of the Week,2017,AL,,Week of 2017-08-12
rosared01,Player of the Week,2023,NL,,Week of 2023-08-19
rosared01,Player of the Week,2024,NL,,Week of 2024-05-11
rossco01,NLCS MVP,2010,NL,,
rowanaa01,Gold Glove,2007,NL,,OF
rowanaa01,TSN All-Star,2007,NL,,OF
ruizca01,Player of the Week,2014,NL,,Week of 2014-04-27
ruizca01,This Year in Baseball X-Factor Player of the Year,2010,ML,,MLB.com GIBBY
rutscad01,All-MLB Team - First Team,2023,ML,,C
rutscad01,Silver Slugger,2023,AL,,C
rutscad01,TSN All-Star,2023,AL,Y,C
ryanbj01,Reliever of the Month,2008,ML,,May
ryuhy01,All-MLB Team - Second Team,2019,ML,,SP
ryuhy01,All-MLB Team - Second Team,2020,ML,,SP
ryuhy01,Pitcher of the Month,2019,NL,,May
ryuhy01,Player of the Week,2019,NL,,Week of 2019-05-11
saarlki01,Rookie of the Month,2002,NL,,July
sabatcc01,ALCS MVP,2009,AL,,
sabatcc01,Cy Young Award,2007,AL,,
sabatcc01,MLB Players Choice Outstanding Pitcher,2007,AL,,
sabatcc01,Pitcher of the Month,2006,AL,,May
sabatcc01,Pitcher of the Month,2008,NL,,August
sabatcc01,Pitcher of the Month,2008,NL,,July
sabatcc01,Pitcher of the Month,2009,AL,,August
sabatcc01,Pitcher of the Month,2011,AL,,July
sabatcc01,Player of the Week,2007,AL,,Week of 2007-06-30
sabatcc01,Player of the Week,2008,AL,,Week of 2008-06-14
sabatcc01,Rookie of the Month,2001,AL,,July
sabatcc01,TSN All-Star,2007,AL,,SP
sabatcc01,TSN Pitcher of the Year,2007,AL,,
sabatcc01,TSN Rookie Pitcher of the Year,2001,AL,,
saitota01,Reliever of the Month,2007,ML,,August
salazda01,Pitcher of the Month,2016,AL,,June
salech01,All-MLB Team - First Team,2024,ML,,SP
salech01,Comeback Player of the Year,2024,NL,,
salech01,Cy Young Award,2024,NL,,
salech01,Gold Glove,2024,NL,,P
salech01,Lou Gehrig Memorial Award,2024,ML,,
salech01,MLB Players Choice Comeback Player,2024,NL,,
salech01,MLB Players Choice Outstanding Pitcher,2024,NL,,
salech01,Pitcher of the Month,2012,AL,,May
salech01,Pitcher of the Month,2015,AL,,June
salech01,Pitcher of the Month,2018,AL,,July
salech01,Pitcher of the Month,2018,AL,,June
salech01,Pitcher of the Month,2024,NL,,May
salech01,Triple Crown,2024,AL,,
salech01,TSN All-Star,2017,AL,,SP
salech01,TSN All-Star,2018,AL,,SP
salech01,TSN All-Star,2024,NL,,SP
salech01,TSN Comeback Player of the Year,2024,NL,,
salech01,TSN Pitcher of the Year,2017,AL,,
salech01,TSN Pitcher of the Year,2018,AL,,
salech01,TSN Pitcher of the Year,2024,NL,,
salmoti01,Hutch Award,2002,ML,,
salmoti01,MLB Players Choice Comeback Player,2002,AL,,
salmoti01,Player of the Week,2000,AL,,Week of 2000-08-05
salmoti01,Player of the Week,2000,AL,,Week of 2000-08-26
salmoti01,TSN Comeback Player of the Year,2002,AL,,
samarje01,Player of the Week,2013,NL,Y,Week of 2013-08-25
samarje01,Player of the Week,2017,NL,,Week of 2017-09-02
sanchan01,Player of the Week,2006,NL,,Week of 2006-09-09
sanchan01,Rookie of the Month,2006,NL,,September
sanchca01,Gold Glove,2019,AL,,2B
sanchcr01,All-MLB Team - Second Team,2025,ML,,SP
sanchcr01,Pitcher of the Month,2024,NL,,June
sanchga01,Player of the Week,2011,NL,,Week of 2011-05-08
sanchga01,Rookie of the Month,2010,NL,,June
sanchga02,Player of the Month,2016,AL,,August
sanchga02,Player of the Week,2016,AL,,Week of 2016-08-20
sanchga02,Player of the Week,2016,AL,,Week of 2016-08-27
sanchga02,Rookie of the Month,2016,AL,,August
sanchga02,Silver Slugger,2017,AL,,C
sanchga02,TSN All-Star,2017,AL,,C
sanchjo01,Player of the Week,2008,NL,,Week of 2008-06-28
sanchjo01,Player of the Week,2009,NL,Y,Week of 2009-07-11
sandere02,Player of the Week,2001,NL,,Week of 2001-04-21
sandere02,Player of the Week,2003,NL,,Week of 2003-04-05
sandopa01,Babe Ruth Award,2012,NL,,
sandopa01,Babe Ruth Award,2012,NL,,P
sandopa01,Player of the Week,2011,NL,,Week of 2011-09-18
sandopa01,This Year in Baseball Postseason MVP,2012,ML,,MLB.com GIBBY
sandopa01,World Series MVP,2012,ML,,
sanojja01,Gold Glove,2025,NL,,UT
sanomi01,Player of the Week,2017,AL,,Week of 2017-04-29
sanomi01,Rookie of the Month,2015,AL,,August
santaan02,Silver Slugger,2024,AL,,OF
santaca01,Gold Glove,2024,AL,,1B
santaca01,Player of the Week,2014,AL,,Week of 2014-07-27
santaca01,Player of the Week,2016,AL,Y,Week of 2016-09-24
santaca01,Silver Slugger,2019,AL,,1B
santaca01,TSN All-Star,2019,AL,Y,1B
santada01,Player of the Week,2014,AL,Y,Week of 2014-08-24
santaer01,Player of the Week,2011,AL,Y,Week of 2011-07-31
santajo01,Cy Young Award,2004,AL,,
santajo01,Cy Young Award,2006,AL,,
santajo01,Gold Glove,2007,AL,,P
santajo01,MLB Players Choice Outstanding Pitcher,2004,AL,,
santajo01,MLB Players Choice Outstanding Pitcher,2006,AL,,
santajo01,Pitcher of the Month,2003,AL,,August
santajo01,Pitcher of the Month,2004,AL,,August
santajo01,Pitcher of the Month,2004,AL,,July
santajo01,Pitcher of the Month,2004,AL,,September
santajo01,Pitcher of the Month,2006,AL,,June
santajo01,Pitcher of the Month,2006,AL,,September
santajo01,Pitcher of the Month,2008,NL,,September
santajo01,Pitcher of the Month,2009,NL,,April
santajo01,Pitching Triple Crown,2006,AL,,
santajo01,Player of the Week,2004,AL,,Week of 2004-06-19
santajo01,Player of the Week,2004,AL,,Week of 2004-09-18
santajo01,Player of the Week,2007,AL,,Week of 2007-08-18
santajo01,Player of the Week,2008,NL,Y,Week of 2008-08-16
santajo01,Player of the Week,2012,NL,,Week of 2012-06-03
santajo01,This Year in Baseball Starter of the Year,2004,ML,,MLB.com GIBBY
santajo01,TSN All-Star,2004,AL,,P
santajo01,TSN Pitcher of the Year,2004,AL,,
santajo01,TSN Pitcher of the Year,2006,AL,,
santibe01,NLCS MVP,2002,NL,,
sasakka01,Player of the Week,2001,AL,,Week of 2001-04-28
sasakka01,Rookie of the Year,2000,AL,,
sasakka01,TSN Rookie Pitcher of the Year,2000,AL,,
scherma01,All-MLB Team - First Team,2019,ML,,SP
scherma01,All-MLB Team - First Team,2021,ML,,SP
scherma01,All-MLB Team - Second Team,2022,ML,,SP
scherma01,Cy Young Award,2013,AL,,
scherma01,Cy Young Award,2016,NL,,
scherma01,Cy Young Award,2017,NL,,
scherma01,MLB Players Choice Outstanding Pitcher,2013,AL,,
scherma01,MLB Players Choice Outstanding Pitcher,2017,NL,,
scherma01,MLB Players Choice Outstanding Pitcher,2021,NL,,
scherma01,Pitcher of the Month,2015,NL,,June
scherma01,Pitcher of the Month,2015,NL,,May
scherma01,Pitcher of the Month,2017,NL,,June
scherma01,Pitcher of the Month,2018,NL,,April
scherma01,Pitcher of the Month,2018,NL,,May
scherma01,Pitcher of the Month,2019,NL,,June
scherma01,Player of the Week,2013,AL,,Week of 2013-06-23
scherma01,Player of the Week,2015,NL,,Week of 2015-06-21
scherma01,Player of the Week,2015,NL,,Week of 2015-10-04
scherma01,Player of the Week,2018,NL,,Week of 2018-04-14
scherma01,Player of the Week,2019,NL,,Week of 2019-06-29
scherma01,Player of the Week,2021,NL,,Week of 2021-09-11
scherma01,This Year in Baseball Best Performance,2015,ML,,Esurance
scherma01,This Year in Baseball Best Performance,2016,ML,,Esurance
scherma01,This Year in Baseball Best Pitcher,2016,ML,,Esurance
scherma01,TSN All-Star,2016,NL,,SP
scherma01,TSN All-Star,2017,NL,,SP
scherma01,TSN All-Star,2021,NL,,SP
scherma01,TSN Pitcher of the Year,2016,NL,,
scherma01,TSN Pitcher of the Year,2017,NL,,
scherma01,TSN Pitcher of the Year,2021,NL,,
schilcu01,Babe Ruth Award,2001,NL,Y,P
schilcu01,Branch Rickey Award,2001,ML,,
schilcu01,Hutch Award,2001,ML,,
schilcu01,MLB Players Choice Outstanding Pitcher,2001,NL,,
schilcu01,MLB Players Choice Outstanding Pitcher,2002,NL,,
schilcu01,Pitcher of the Month,2001,NL,,May
schilcu01,Pitcher of the Month,2002,NL,,July
schilcu01,Pitcher of the Month,2002,NL,,May
schilcu01,Player of the Week,2001,NL,,Week of 2001-05-26
schilcu01,Player of the Week,2001,NL,,Week of 2001-08-04
schilcu01,Player of the Week,2003,NL,Y,Week of 2003-08-16
schilcu01,Roberto Clemente Award,2001,ML,,
schilcu01,TSN All-Star,2001,NL,,RHP
schilcu01,TSN All-Star,2002,NL,,RHP
schilcu01,TSN Pitcher of the Year,2001,NL,,
schilcu01,TSN Pitcher of the Year,2002,NL,,
schilcu01,World Series MVP,2001,ML,Y,
schimry01,Rookie of the Month,2016,NL,,July
schmija01,MLB Players Choice Outstanding Pitcher,2004,NL,,
schmija01,Pitcher of the Month,2004,NL,,May
schmija01,Pitcher of the Month,2006,NL,,May
schmija01,Player of the Week,2002,NL,Y,Week of 2002-08-24
schmija01,TSN All-Star,2004,NL,,P
schmija01,TSN Pitcher of the Year,2004,NL,,
schoojo01,Player of the Week,2017,AL,,Week of 2017-07-22
schoojo01,Player of the Week,2018,AL,,Week of 2018-07-28
schwaky01,All-MLB Team - Second Team,2022,ML,,OF
schwaky01,All-MLB Team - Second Team,2025,ML,,DH
schwaky01,All-Star Game MVP,2025,ML,,
schwaky01,Player of the Month,2021,NL,,June
schwaky01,Player of the Month,2022,NL,,June
schwaky01,Player of the Week,2021,NL,,Week of 2021-06-19
schwaky01,Player of the Week,2024,NL,,Week of 2024-09-07
schwaky01,Player of the Week,2025,NL,,Week of 2025-08-30
schwaky01,Silver Slugger,2022,NL,,OF
schwifr01,Player of the Week,2021,NL,,Week of 2021-09-04
schwifr01,Rookie of the Month,2021,NL,,August
schwifr01,Rookie of the Month,2021,NL,,September
scottlu01,Player of the Week,2008,AL,,Week of 2008-07-19
scottlu01,Player of the Week,2009,AL,,Week of 2009-05-30
scottlu01,Player of the Week,2010,AL,,Week of 2010-07-25
scottta01,Reliever of the Month,2023,NL,,September
scottta01,Reliever of the Month,2024,NL,,July
scutama01,NLCS MVP,2012,NL,,
seageco01,All-MLB Team - First Team,2023,ML,,SS
seageco01,All-MLB Team - Second Team,2020,ML,,SS
seageco01,MLB Players Choice Outstanding Rookie,2016,NL,,
seageco01,NLCS MVP,2020,NL,,
seageco01,Player of the Week,2019,NL,,Week of 2019-09-21
seageco01,Player of the Week,2022,AL,,Week of 2022-07-09
seageco01,Player of the Week,2023,NL,,Week of 2023-06-03
seageco01,Rookie of the Month,2016,NL,,June
seageco01,Rookie of the Year,2016,NL,,Unanimous
seageco01,Silver Slugger,2016,NL,,SS
seageco01,Silver Slugger,2017,NL,,SS
seageco01,Silver Slugger,2023,AL,,SS
seageco01,This Year in Baseball Best Rookie,2016,ML,,Esurance
seageco01,TSN All-Star,2016,NL,,SS
seageco01,TSN All-Star,2017,NL,,SS
seageco01,TSN All-Star,2023,AL,,SS
seageco01,TSN Rookie of the Year,2016,NL,,
seageco01,World Series MVP,2020,ML,,
seageco01,World Series MVP,2023,ML,,
seageky01,Gold Glove,2014,AL,,3B
seageky01,Player of the Week,2014,AL,,Week of 2014-06-29
seageky01,Player of the Week,2014,AL,Y,Week of 2014-04-27
seaveto01,Bob Feller Act of Valor Award - HOF Player,2017,ML,,
segurje01,Player of the Week,2013,NL,,Week of 2013-05-12
semiema01,All-MLB Team - First Team,2021,ML,,2B
semiema01,All-MLB Team - First Team,2023,ML,,2B
semiema01,All-MLB Team - Second Team,2019,ML,,SS
semiema01,Gold Glove,2021,AL,,2B
semiema01,Gold Glove,2025,AL,,2B
semiema01,MLB Players Choice Man of the Year,2021,ML,,
semiema01,MLB Players Choice Man of the Year,2023,ML,,
semiema01,Player of the Month,2021,AL,,May
semiema01,Player of the Week,2019,AL,,Week of 2019-06-08
semiema01,Player of the Week,2024,AL,,Week of 2024-05-11
semiema01,Silver Slugger,2021,AL,,2B
semiema01,Silver Slugger,2023,AL,,2B
semiema01,TSN All-Star,2019,AL,,SS
semiema01,TSN All-Star,2021,AL,,2B
semiema01,TSN All-Star,2023,AL,,2B
senzaan01,Rookie of the Month,2017,NL,,April
senzeni01,Player of the Week,2023,NL,,Week of 2023-04-29
sexsori01,Player of the Week,2002,NL,,Week of 2002-07-27
sheetbe01,Pitcher of the Month,2007,NL,,June
sheetbe01,Player of the Week,2004,NL,,Week of 2004-05-15
sheetbe01,Rookie of the Month,2001,NL,,June
sheffga01,Player of the Week,2000,NL,,Week of 2000-06-17
sheffga01,Player of the Week,2000,NL,,Week of 2000-07-15
sheffga01,Player of the Week,2001,NL,Y,Week of 2001-04-14
sheffga01,Player of the Week,2003,NL,,Week of 2003-05-17
sheffga01,Player of the Week,2004,AL,,Week of 2004-06-05
sheffga01,Player of the Week,2005,AL,Y,Week of 2005-07-16
sheffga01,Player of the Week,2007,AL,Y,Week of 2007-06-09
sheffga01,Silver Slugger,2003,NL,,OF
sheffga01,Silver Slugger,2004,AL,,OF
sheffga01,Silver Slugger,2005,AL,,OF
sheffga01,TSN All-Star,2003,NL,,OF
sheltch01,Player of the Week,2006,AL,,Week of 2006-04-08
shielja02,Player of the Week,2008,AL,,Week of 2008-04-26
shielja02,Player of the Week,2011,AL,,Week of 2011-04-24
shielja02,Player of the Week,2011,AL,Y,Week of 2011-06-19
shielja02,Player of the Week,2012,AL,Y,Week of 2012-09-09
shoemma01,Pitcher of the Month,2014,AL,,August
shoemma01,Player of the Week,2016,AL,,Week of 2016-07-16
shoemma01,Rookie of the Month,2014,AL,,August
sierrru01,MLB Players Choice Comeback Player,2001,AL,,
sierrru01,Player of the Week,2004,AL,,Week of 2004-05-01
sierrru01,TSN Comeback Player of the Year,2001,AL,,
simmoan01,Gold Glove,2013,NL,,SS
simmoan01,Gold Glove,2014,NL,,SS
simmoan01,Gold Glove,2017,AL,,SS
simmoan01,Gold Glove,2018,AL,,SS
simmoan01,Platinum Glove,2013,NL,,
simmoan01,Rookie of the Month,2012,NL,,June
simmoan01,This Year in Baseball Defensive Player of the Year,2014,ML,,MLB.com GIBBY
simonja01,Rookie of the Month,2002,NL,,June
simonra01,Player of the Week,2002,AL,,Week of 2002-07-27
singlch01,Player of the Week,2000,AL,Y,Week of 2000-04-22
sizemgr01,Gold Glove,2007,AL,,OF
sizemgr01,Gold Glove,2008,AL,,OF
sizemgr01,Silver Slugger,2008,AL,,OF
skenepa01,All-MLB Team - First Team,2024,ML,,SP
skenepa01,All-MLB Team - First Team,2025,ML,,SP
skenepa01,Cy Young Award,2025,NL,,
skenepa01,Pitcher of the Month,2025,NL,,July
skenepa01,Rookie of the Month,2024,NL,,September
skenepa01,Rookie of the Year,2024,NL,,
skenepa01,TSN All-Star,2025,NL,,SP
skubata01,All-MLB Team - First Team,2024,ML,,SP
skubata01,All-MLB Team - First Team,2025,ML,,SP
skubata01,Cy Young Award,2024,AL,,
skubata01,Cy Young Award,2025,AL,,
skubata01,MLB Players Choice Outstanding Pitcher,2024,AL,,
skubata01,Pitcher of the Month,2023,AL,,September
skubata01,Player of the Week,2025,AL,,Week of 2025-06-28
skubata01,Triple Crown,2024,NL,,
skubata01,TSN All-Star,2024,AL,,SP
skubata01,TSN All-Star,2025,AL,,SP
skubata01,TSN Pitcher of the Year,2024,AL,,
sledgte01,Rookie of the Month,2004,NL,,May
smithbu02,Player of the Week,2001,NL,,Week of 2001-09-08
smithbu02,Rookie of the Month,2001,NL,,September
smithca05,Reliever of the Month,2025,AL,,September
smithjo09,Player of the Week,2025,AL,,Week of 2025-06-14
smithse01,Player of the Week,2009,NL,,Week of 2009-09-07
smithse01,Player of the Week,2014,NL,,Week of 2014-05-11
smithwi05,All-MLB Team - Second Team,2022,ML,,C
smithwi05,All-MLB Team - Second Team,2025,ML,,C
smithwi05,TSN All-Star,2023,NL,Y,C
smithwi05,TSN All-Star,2025,NL,,C
smoakju01,Player of the Week,2012,AL,,Week of 2012-06-03
smoakju01,Player of the Week,2018,AL,,Week of 2018-03-31
smoltjo01,Branch Rickey Award,2007,ML,,
smoltjo01,Lou Gehrig Memorial Award,2005,ML,,
smoltjo01,MLB Players Choice Comeback Player,2002,NL,,
smoltjo01,MLB Players Choice Man of the Year,2002,ML,,
smoltjo01,MLB Players Choice Man of the Year,2003,ML,,
smoltjo01,Player of the Week,2004,NL,Y,Week of 2004-07-31
smoltjo01,Player of the Week,2005,NL,Y,Week of 2005-06-25
smoltjo01,Reliever of the Year Award,2002,NL,,
smoltjo01,Roberto Clemente Award,2005,ML,,
smoltjo01,This Year in Baseball Closer of the Year,2002,ML,,MLB.com GIBBY
smoltjo01,TSN Reliever of the Year,2002,NL,,
snellbl01,All-MLB Team - First Team,2023,ML,,SP
snellbl01,Cy Young Award,2018,AL,,
snellbl01,Cy Young Award,2023,NL,,
snellbl01,MLB Players Choice Outstanding Pitcher,2018,AL,,
snellbl01,MLB Players Choice Outstanding Pitcher,2023,NL,,
snellbl01,Pitcher of the Month,2018,AL,,August
snellbl01,Pitcher of the Month,2018,AL,,September
snellbl01,Pitcher of the Month,2023,NL,,June
snellbl01,Pitcher of the Month,2023,NL,,September
snellbl01,Pitcher of the Month,2024,NL,,August
snellbl01,Player of the Week,2024,NL,,Week of 2024-08-03
snellbl01,TSN All-Star,2023,NL,,SP
snellbl01,TSN Pitcher of the Year,2023,NL,,
snowjt01,Gold Glove,2000,NL,,1B
solando01,Silver Slugger,2020,NL,,2B
solando01,TSN All-Star,2020,NL,,2B
solerjo01,Player of the Week,2019,AL,,Week of 2019-08-10
solerjo01,World Series MVP,2021,ML,,
soriaal01,All-Star Game MVP,2004,ML,,
soriaal01,Player of the Month,2003,AL,,April
soriaal01,Player of the Month,2003,AL,,September
soriaal01,Player of the Month,2007,NL,,June
soriaal01,Player of the Week,2002,AL,,Week of 2002-06-22
soriaal01,Player of the Week,2003,AL,,Week of 2003-04-05
soriaal01,Player of the Week,2003,AL,,Week of 2003-09-20
soriaal01,Player of the Week,2005,AL,,Week of 2005-05-07
soriaal01,Player of the Week,2007,NL,,Week of 2007-06-23
soriaal01,Player of the Week,2008,NL,,Week of 2008-05-17
soriaal01,Player of the Week,2013,AL,,Week of 2013-08-18
soriaal01,Silver Slugger,2002,AL,,2B
soriaal01,Silver Slugger,2004,AL,,2B
soriaal01,Silver Slugger,2005,AL,,2B
soriaal01,Silver Slugger,2006,NL,,OF
soriaal01,TSN All-Star,2002,AL,,2B
soriaal01,TSN All-Star,2004,AL,,2B
soriaal01,TSN All-Star,2006,NL,,OF
soriajo01,Reliever of the Month,2008,ML,,September
soriajo01,Reliever of the Month,2009,ML,,September
soriara01,Reliever of the Month,2010,ML,,August
soriara01,Reliever of the Month,2010,ML,,July
soriara01,Reliever of the Month,2010,ML,,May
soriara01,Reliever of the Year Award,2010,AL,,
soriara01,Rookie of the Month,2003,AL,,August
soriara01,TSN Reliever of the Year,2010,AL,,
soriara01,TSN Rookie Pitcher of the Year,2003,AL,,
sorokmi01,All-MLB Team - Second Team,2019,ML,,SP
sosasa01,Player of the Month,2000,NL,,July
sosasa01,Player of the Month,2001,NL,,August
sosasa01,Player of the Week,2001,NL,,Week of 2001-08-25
sosasa01,Player of the Week,2002,NL,Y,Week of 2002-08-10
sosasa01,Player of the Week,2003,NL,Y,Week of 2003-04-19
sosasa01,Silver Slugger,2000,NL,,OF
sosasa01,Silver Slugger,2001,NL,,OF
sosasa01,Silver Slugger,2002,NL,,OF
sosasa01,TSN All-Star,2000,NL,,OF
sosasa01,TSN All-Star,2001,NL,,OF
sosasa01,TSN All-Star,2002,NL,,OF
sotoge01,MLB Players Choice Outstanding Rookie,2008,NL,,
sotoge01,Rookie of the Month,2008,NL,,April
sotoge01,Rookie of the Month,2008,NL,,August
sotoge01,Rookie of the Year,2008,NL,,
sotoge01,TSN Rookie of the Year,2008,NL,,
sotoju01,All-MLB Team - First Team,2020,ML,,OF
sotoju01,All-MLB Team - First Team,2021,ML,,OF
sotoju01,All-MLB Team - First Team,2024,ML,,OF
sotoju01,All-MLB Team - First Team,2025,ML,,OF
sotoju01,All-MLB Team - Second Team,2019,ML,,OF
sotoju01,Babe Ruth Award,2019,ML,Y,
sotoju01,Player of the Week,2020,NL,,Week of 2020-08-15
sotoju01,Player of the Week,2023,NL,,Week of 2023-09-16
sotoju01,Player of the Week,2024,AL,,Week of 2024-03-30
sotoju01,Player of the Week,2024,AL,,Week of 2024-06-01
sotoju01,Rookie of the Month,2018,NL,,July
sotoju01,Rookie of the Month,2018,NL,,June
sotoju01,Rookie of the Month,2018,NL,,September
sotoju01,Silver Slugger,2020,NL,,OF
sotoju01,Silver Slugger,2021,NL,,OF
sotoju01,Silver Slugger,2022,NL,,OF
sotoju01,Silver Slugger,2023,NL,,OF
sotoju01,Silver Slugger,2024,AL,,OF
sotoju01,Silver Slugger,2025,NL,,OF
sotoju01,TSN All-Star,2020,NL,,OF
sotoju01,TSN All-Star,2021,NL,,OF
sotoju01,TSN All-Star,2022,NL,,OF
sotoju01,TSN All-Star,2023,NL,Y,OF
sotoju01,TSN All-Star,2024,AL,,OF
sotoju01,TSN All-Star,2025,NL,,OF
souzast01,Player of the Week,2017,AL,,Week of 2017-04-22
souzast01,This Year in Baseball Play of the Year,2014,ML,,MLB.com GIBBY
sparkst02,Pitcher of the Month,2000,AL,,August
spiezsc01,Player of the Week,2003,AL,,Week of 2003-05-17
springe01,Player of the Week,2017,AL,,Week of 2017-06-03
springe01,Player of the Week,2019,AL,Y,Week of 2019-05-11
springe01,Player of the Week,2021,AL,,Week of 2021-07-31
springe01,Player of the Week,2021,AL,,Week of 2021-08-07
springe01,Player of the Week,2021,AL,,Week of 2021-10-02
springe01,Player of the Week,2025,AL,,Week of 2025-07-05
springe01,Rookie of the Month,2014,AL,,May
springe01,Silver Slugger,2017,AL,,OF
springe01,Silver Slugger,2019,AL,,OF
springe01,Silver Slugger,2025,AL,,DH
springe01,TSN All-Star,2019,AL,,OF
springe01,TSN All-Star,2020,AL,,OF
springe01,TSN All-Star,2025,AL,,DH
springe01,World Series MVP,2017,ML,,
stallja01,Gold Glove,2021,NL,,C
stammcr01,Bob Feller Act of Valor Award - MLB Player,2020,ML,,
stantmi03,ALCS MVP,2024,AL,,
stantmi03,All-Star Game MVP,2022,AL,,
stantmi03,Hank Aaron Award,2014,NL,,
stantmi03,Hank Aaron Award,2017,NL,,
stantmi03,MLB Players Choice Outstanding Player,2014,NL,,
stantmi03,MLB Players Choice Outstanding Player,2017,NL,,
stantmi03,Most Valuable Player,2017,NL,,
stantmi03,Player of the Month,2012,NL,,May
stantmi03,Player of the Month,2015,NL,,June
stantmi03,Player of the Month,2017,NL,,August
stantmi03,Player of the Week,2010,NL,,Week of 2010-08-15
stantmi03,Player of the Week,2012,NL,,Week of 2012-08-26
stantmi03,Player of the Week,2015,NL,Y,Week of 2015-06-14
stantmi03,Player of the Week,2016,NL,,Week of 2016-07-09
stantmi03,Player of the Week,2017,NL,,Week of 2017-08-12
stantmi03,Player of the Week,2017,NL,,Week of 2017-08-26
stantmi03,Player of the Week,2017,NL,Y,Week of 2017-09-23
stantmi03,Player of the Week,2021,AL,,Week of 2021-09-25
stantmi03,Silver Slugger,2014,NL,,OF
stantmi03,Silver Slugger,2017,NL,,OF
stantmi03,TSN All-Star,2017,NL,,OF
stassma01,Player of the Week,2021,AL,,Week of 2021-06-12
steersp01,Player of the Week,2024,NL,,Week of 2024-04-06
steersp01,Player of the Week,2025,NL,,Week of 2025-06-28
steersp01,Rookie of the Month,2023,NL,,May
stephga01,Pitcher of the Month,2000,NL,,May
stewaia01,Player of the Week,2009,NL,,Week of 2009-06-06
stewaia01,Rookie of the Month,2008,NL,,July
storytr01,Player of the Week,2016,NL,,Week of 2016-04-09
storytr01,Player of the Week,2016,NL,,Week of 2016-07-23
storytr01,Player of the Week,2019,NL,,Week of 2019-06-01
storytr01,Player of the Week,2022,AL,,Week of 2022-05-21
storytr01,Player of the Week,2025,AL,,Week of 2025-08-02
storytr01,Rookie of the Month,2016,NL,,April
storytr01,Silver Slugger,2018,NL,,SS
storytr01,Silver Slugger,2019,NL,,SS
storytr01,TSN All-Star,2018,NL,,SS
storytr01,TSN All-Star,2019,NL,,SS
stottto01,Branch Rickey Award,2000,ML,,
stottto01,Lou Gehrig Memorial Award,2000,ML,,
stoweky01,Player of the Week,2025,NL,,Week of 2025-07-12
stoweky01,Player of the Week,2025,NL,,Week of 2025-05-03
strasst01,All-MLB Team - First Team,2019,ML,,SP
strasst01,Babe Ruth Award,2019,ML,Y,
strasst01,Pitcher of the Month,2012,NL,,April
strasst01,Pitcher of the Month,2016,NL,,July
strasst01,Pitcher of the Month,2017,NL,,September
strasst01,Pitcher of the Month,2019,NL,,July
strasst01,Player of the Week,2010,NL,,Week of 2010-06-13
strasst01,Player of the Week,2015,NL,Y,Week of 2015-09-20
strasst01,Silver Slugger,2012,NL,,P
strasst01,World Series MVP,2019,ML,,
strawmy01,Gold Glove,2022,AL,,OF
streehu01,MLB Players Choice Outstanding Rookie,2005,AL,,
streehu01,Player of the Week,2009,NL,Y,Week of 2009-06-13
streehu01,Player of the Week,2013,NL,,Week of 2013-09-08
streehu01,Reliever of the Month,2011,ML,,April
streehu01,Rookie of the Year,2005,AL,,
streehu01,TSN Rookie of the Year,2005,AL,,
stridsp01,All-MLB Team - First Team,2023,ML,,SP
stridsp01,MLB Players Choice Outstanding Rookie,2022,NL,,
stridsp01,Rookie of the Month,2022,NL,,July
stridsp01,TSN Rookie of the Year,2022,NL,,
stromma01,Gold Glove,2017,AL,,P
stromma01,Player of the Week,2023,AL,,Week of 2023-06-03
stubbdr01,Player of the Week,2012,NL,Y,Week of 2012-07-29
suareeu01,Player of the Month,2019,NL,,September
suareeu01,Player of the Week,2025,NL,,Week of 2025-07-19
suareeu01,Player of the Week,2025,NL,,Week of 2025-06-21
suareeu01,Player of the Week,2025,NL,Y,Week of 2025-04-26
suareeu01,Player of the Week,2025,NL,,Week of 2025-03-29
suarera01,Pitcher of the Month,2024,NL,,April
suarera01,Player of the Week,2025,NL,,Week of 2025-08-23
suarero01,Reliever of the Month,2024,NL,,May
suarero01,Reliever of the Month,2025,NL,,April
suppaje01,NLCS MVP,2006,NL,,
suterbr01,Reliever of the Month,2019,NL,,September
suzukic01,All-Star Game MVP,2007,ML,,
suzukic01,Gold Glove,2001,AL,,OF
suzukic01,Gold Glove,2002,AL,,OF
suzukic01,Gold Glove,2003,AL,,OF
suzukic01,Gold Glove,2004,AL,,OF
suzukic01,Gold Glove,2005,AL,,OF
suzukic01,Gold Glove,2006,AL,,OF
suzukic01,Gold Glove,2007,AL,,OF
suzukic01,Gold Glove,2008,AL,,OF
suzukic01,Gold Glove,2009,AL,,OF
suzukic01,Gold Glove,2010,AL,,OF
suzukic01,MLB Players Choice Outstanding Player,2004,AL,,
suzukic01,MLB Players Choice Outstanding Rookie,2001,AL,,
suzukic01,Most Valuable Player,2001,AL,,
suzukic01,Player of the Month,2004,AL,,August
suzukic01,Player of the Week,2004,AL,,Week of 2004-08-07
suzukic01,Player of the Week,2006,AL,,Week of 2006-06-03
suzukic01,Player of the Week,2010,AL,,Week of 2010-09-26
suzukic01,Player of the Week,2012,AL,,Week of 2012-09-21
suzukic01,Player of the Week,2016,NL,Y,Week of 2016-08-06
suzukic01,Rookie of the Month,2001,AL,,April
suzukic01,Rookie of the Month,2001,AL,,August
suzukic01,Rookie of the Month,2001,AL,,May
suzukic01,Rookie of the Month,2001,AL,,September
suzukic01,Rookie of the Year,2001,AL,,
suzukic01,Silver Slugger,2001,AL,,OF
suzukic01,Silver Slugger,2007,AL,,OF
suzukic01,Silver Slugger,2009,AL,,OF
suzukic01,This Year in Baseball Defensive Player of the Year,2005,ML,,MLB.com GIBBY
suzukic01,This Year in Baseball Dependable Player of the Year,2010,ML,,MLB.com GIBBY
suzukic01,TSN All-Star,2001,AL,,OF
suzukic01,TSN All-Star,2004,AL,,OF
suzukic01,TSN All-Star,2007,AL,,OF
suzukic01,TSN Rookie Player of the Year,2001,AL,,
suzukse01,Player of the Week,2022,NL,,Week of 2022-04-16
suzukse01,Player of the Week,2025,NL,,Week of 2025-09-27
suzukse01,Player of the Week,2025,NL,,Week of 2025-05-24
suzukse01,Rookie of the Month,2022,NL,,April
swansda01,Gold Glove,2022,NL,,SS
swansda01,Gold Glove,2023,NL,,SS
swansda01,TSN All-Star,2023,NL,,3B
sweenmi01,Hutch Award,2007,ML,,
sweenmi01,MLB Players Choice Man of the Year,2005,ML,,
sweenmi01,Player of the Month,2001,AL,,June
sweenmi01,Player of the Week,2001,AL,,Week of 2001-06-30
sweenmi01,Player of the Week,2002,AL,,Week of 2002-05-25
sweenmi01,Player of the Week,2002,AL,,Week of 2002-06-29
swishni01,Bob Feller Act of Valor Award - MLB Player,2014,ML,,
syndeno01,Player of the Week,2015,NL,Y,Week of 2015-08-02
syndeno01,Player of the Week,2016,NL,,Week of 2016-05-21
syndeno01,Player of the Week,2019,NL,,Week of 2019-05-04
syndeno01,Player of the Week,2019,NL,,Week of 2019-08-03
taillja01,Pitcher of the Month,2021,AL,,July
taillja01,Player of the Week,2018,NL,,Week of 2018-04-07
tanakma01,Pitcher of the Month,2014,AL,,May
tatisfe01,MLB Players Choice Comeback Player,2008,NL,,
tatisfe01,TSN Comeback Player of the Year,2008,NL,,
tatisfe02,All-MLB Team - First Team,2020,ML,,SS
tatisfe02,All-MLB Team - First Team,2021,ML,,SS
tatisfe02,Gold Glove,2023,NL,,OF
tatisfe02,Gold Glove,2025,NL,,RF
tatisfe02,Platinum Glove,2023,NL,,
tatisfe02,Platinum Glove,2025,NL,,
tatisfe02,Player of the Month,2020,NL,,August
tatisfe02,Player of the Month,2021,NL,,May
tatisfe02,Player of the Week,2020,NL,,Week of 2020-08-08
tatisfe02,Player of the Week,2021,NL,Y,Week of 2021-04-24
tatisfe02,Player of the Week,2025,NL,,Week of 2025-04-19
tatisfe02,Silver Slugger,2020,NL,,SS
tatisfe02,Silver Slugger,2021,NL,,SS
tatisfe02,TSN All-Star,2020,NL,,SS
tatisfe02,TSN All-Star,2021,NL,,SS
tatisfe02,TSN All-Star,2025,NL,,OF
taverwi01,MLB Players Choice Outstanding Rookie,2005,NL,,
taverwi01,TSN Rookie of the Year,2005,NL,,
tayloch03,NLCS MVP,2017,NL,Y,Co-MVP
tayloch03,Player of the Week,2021,NL,,Week of 2021-07-24
taylomi02,Gold Glove,2021,AL,,LF
teahema01,Hutch Award,2009,ML,,
teahema01,Player of the Week,2006,AL,,Week of 2006-07-29
teixema01,Gold Glove,2005,AL,,1B
teixema01,Gold Glove,2006,AL,,1B
teixema01,Gold Glove,2009,AL,,1B
teixema01,Gold Glove,2010,AL,,1B
teixema01,Gold Glove,2012,AL,,1B
teixema01,Player of the Month,2004,AL,,July
teixema01,Player of the Month,2007,NL,,August
teixema01,Player of the Week,2004,AL,,Week of 2004-07-03
teixema01,Player of the Week,2005,AL,,Week of 2005-05-21
teixema01,Player of the Week,2005,AL,,Week of 2005-09-03
teixema01,Player of the Week,2007,NL,Y,Week of 2007-08-25
teixema01,Player of the Week,2010,AL,,Week of 2010-09-05
teixema01,Player of the Week,2015,AL,,Week of 2015-04-26
teixema01,Silver Slugger,2004,AL,,1B
teixema01,Silver Slugger,2005,AL,,1B
teixema01,Silver Slugger,2009,AL,,1B
teixema01,TSN All-Star,2005,AL,,1B
tejadmi01,All-Star Game MVP,2005,ML,,
tejadmi01,Most Valuable Player,2002,AL,,
tejadmi01,Player of the Week,2003,AL,Y,Week of 2003-08-23
tejadmi01,Player of the Week,2004,AL,,Week of 2004-09-25
tejadmi01,Player of the Week,2004,AL,Y,Week of 2004-07-24
tejadmi01,Player of the Week,2006,AL,,Week of 2006-04-22
tejadmi01,Player of the Week,2009,NL,,Week of 2009-05-23
tejadmi01,Silver Slugger,2004,AL,,SS
tejadmi01,Silver Slugger,2005,AL,,SS
tejadmi01,TSN All-Star,2004,AL,,SS
tellero01,Player of the Week,2022,NL,,Week of 2022-05-07
teperry01,Reliever of the Month,2021,NL,,May
thomafr04,MLB Players Choice Comeback Player,2000,AL,,
thomafr04,MLB Players Choice Comeback Player,2006,AL,,
thomafr04,Player of the Week,2000,AL,,Week of 2000-04-08
thomafr04,Player of the Week,2000,AL,,Week of 2000-07-15
thomafr04,Player of the Week,2003,AL,Y,Week of 2003-08-23
thomafr04,Player of the Week,2006,AL,,Week of 2006-09-09
thomafr04,Silver Slugger,2000,AL,,DH
thomafr04,TSN All-Star,2003,AL,,DH
thomafr04,TSN Comeback Player of the Year,2000,AL,,
thomeji01,Lou Gehrig Memorial Award,2004,ML,,
thomeji01,MLB Players Choice Man of the Year,2001,ML,,
thomeji01,MLB Players Choice Man of the Year,2004,ML,,
thomeji01,Player of the Month,2001,AL,,July
thomeji01,Player of the Month,2003,NL,,September
thomeji01,Player of the Month,2004,NL,,June
thomeji01,Player of the Week,2001,AL,,Week of 2001-06-02
thomeji01,Player of the Week,2001,AL,,Week of 2001-07-21
thomeji01,Player of the Week,2002,AL,,Week of 2002-04-14
thomeji01,Player of the Week,2003,NL,Y,Week of 2003-08-16
thomeji01,Player of the Week,2004,NL,,Week of 2004-06-19
thomeji01,Player of the Week,2009,AL,,Week of 2009-07-18
thomeji01,Player of the Week,2010,AL,,Week of 2010-07-05
thomeji01,Player of the Week,2011,AL,,Week of 2011-08-21
thomeji01,Roberto Clemente Award,2002,ML,,
thomeji01,TSN All-Star,2001,AL,,1B
thomeji01,TSN Comeback Player of the Year,2006,AL,,
timlimi01,Lou Gehrig Memorial Award,2007,ML,,
tollbbr01,Player of the Week,2000,NL,,Week of 2000-06-24
torregl01,Player of the Week,2018,AL,,Week of 2018-05-26
torregl01,Player of the Week,2018,AL,,Week of 2018-09-01
torregl01,Rookie of the Month,2018,AL,,May
torrejo01,Bob Feller Act of Valor Award - HOF Player,2021,ML,,
tovarez01,Gold Glove,2024,NL,,SS
towerjo01,Rookie of the Month,2001,AL,,June
trachst01,Player of the Week,2003,NL,,Week of 2003-08-23
travide01,Rookie of the Month,2015,AL,,April
treinbl01,Reliever of the Month,2018,AL,,May
treinbl01,Reliever of the Month,2018,AL,,September
trevijo01,Gold Glove,2022,AL,,C
trevijo01,Platinum Glove,2022,AL,,
triolja01,Gold Glove,2024,NL,,UT
trivilo01,Reliever of the Month,2021,AL,,June
troutmi01,All-MLB Team - First Team,2019,ML,,OF
troutmi01,All-MLB Team - First Team,2020,ML,,OF
troutmi01,All-MLB Team - First Team,2022,ML,,OF
troutmi01,All-Star Game MVP,2014,AL,,
troutmi01,All-Star Game MVP,2015,AL,,
troutmi01,Hank Aaron Award,2014,AL,,
troutmi01,Hank Aaron Award,2019,AL,,
troutmi01,MLB Players Choice Outstanding Player,2014,AL,,
troutmi01,MLB Players Choice Outstanding Player,2019,AL,,
troutmi01,MLB Players Choice Outstanding Rookie,2012,AL,,
troutmi01,MLB Players Choice Player of the Year,2019,ML,,
troutmi01,Most Valuable Player,2014,AL,,
troutmi01,Most Valuable Player,2016,AL,,
troutmi01,Most Valuable Player,2019,AL,,
troutmi01,Player of the Month,2012,AL,,July
troutmi01,Player of the Month,2014,AL,,June
troutmi01,Player of the Month,2015,AL,,July
troutmi01,Player of the Month,2017,AL,,April
troutmi01,Player of the Month,2018,AL,,September
troutmi01,Player of the Week,2012,AL,Y,Week of 2012-06-10
troutmi01,Player of the Week,2014,AL,,Week of 2014-07-13
troutmi01,Player of the Week,2015,AL,,Week of 2015-07-12
troutmi01,Player of the Week,2019,AL,,Week of 2019-04-06
troutmi01,Player of the Week,2019,AL,,Week of 2019-06-22
troutmi01,Rookie of the Month,2012,AL,,August
troutmi01,Rookie of the Month,2012,AL,,July
troutmi01,Rookie of the Month,2012,AL,,June
troutmi01,Rookie of the Month,2012,AL,,May
troutmi01,Rookie of the Year,2012,AL,,
troutmi01,Silver Slugger,2012,AL,,OF
troutmi01,Silver Slugger,2013,AL,,OF
troutmi01,Silver Slugger,2014,AL,,OF
troutmi01,Silver Slugger,2015,AL,,OF
troutmi01,Silver Slugger,2016,AL,,OF
troutmi01,Silver Slugger,2018,AL,,OF
troutmi01,Silver Slugger,2019,AL,,OF
troutmi01,Silver Slugger,2020,AL,,OF
troutmi01,Silver Slugger,2022,AL,,OF
troutmi01,This Year in Baseball Best Major Leaguer,2016,ML,,Esurance
troutmi01,This Year in Baseball Hitting Performance of the Year,2013,ML,,MLB.com GIBBY
troutmi01,This Year in Baseball Play of the Year,2012,ML,,MLB.com GIBBY
troutmi01,This Year in Baseball Rookie of the Year,2012,ML,,MLB.com GIBBY
troutmi01,TSN All-Star,2016,AL,,OF
troutmi01,TSN All-Star,2017,AL,,OF
troutmi01,TSN All-Star,2018,AL,,OF
troutmi01,TSN All-Star,2019,AL,,OF
troutmi01,TSN All-Star,2020,AL,,OF
troutmi01,TSN All-Star,2022,AL,,OF
troutmi01,TSN Major League Player of the Year,2019,ML,,
troutmi01,TSN Rookie of the Year,2012,AL,,
trumbma01,MLB Players Choice Comeback Player,2016,AL,,
trumbma01,MLB Players Choice Outstanding Rookie,2011,AL,,
trumbma01,Player of the Week,2016,AL,Y,Week of 2016-04-16
trumbma01,Silver Slugger,2016,AL,,OF
trumbma01,TSN Comeback Player of the Year,2016,AL,,
trumbma01,TSN Rookie of the Year,2011,AL,,
tuckeky01,All-MLB Team - Second Team,2021,ML,,OF
tuckeky01,All-MLB Team - Second Team,2022,ML,,OF
tuckeky01,All-MLB Team - Second Team,2023,ML,,OF
tuckeky01,Gold Glove,2022,AL,,OF
tuckeky01,Player of the Month,2021,AL,,October
tuckeky01,Player of the Week,2025,NL,,Week of 2025-04-05
tuckeky01,Silver Slugger,2023,AL,,OF
tuckeky01,Silver Slugger,2025,NL,,OF
tuckeky01,TSN All-Star,2021,AL,,OF
tuckeky01,TSN All-Star,2023,AL,,OF
tulowtr01,Gold Glove,2010,NL,,SS
tulowtr01,Gold Glove,2011,NL,,SS
tulowtr01,Player of the Month,2010,NL,,September
tulowtr01,Player of the Month,2014,NL,,April
tulowtr01,Player of the Week,2007,NL,Y,Week of 2007-08-11
tulowtr01,Player of the Week,2009,NL,,Week of 2009-09-20
tulowtr01,Player of the Week,2010,NL,,Week of 2010-09-12
tulowtr01,Player of the Week,2010,NL,,Week of 2010-09-19
tulowtr01,Player of the Week,2014,NL,,Week of 2014-05-04
tulowtr01,Rookie of the Month,2007,NL,,August
tulowtr01,Silver Slugger,2010,NL,,SS
tulowtr01,Silver Slugger,2011,NL,,SS
tulowtr01,This Year in Baseball Rookie of the Year,2007,ML,,MLB.com GIBBY
turanbr02,All-MLB Team - Second Team,2025,ML,,2B
turanbr02,Gold Glove,2024,NL,,2B
turanbr02,Platinum Glove,2024,NL,,2B
turanbr02,TSN All-Star,2025,NL,,2B
turnbsp01,Player of the Week,2021,AL,Y,Week of 2021-05-22
turneju01,NLCS MVP,2017,NL,Y,Co-MVP
turneju01,Player of the Month,2018,NL,,August
turneju01,Roberto Clemente Award,2022,ML,,
turneju01,Rookie of the Month,2011,NL,,May
turnetr01,All-MLB Team - First Team,2022,ML,,SS
turnetr01,All-MLB Team - Second Team,2021,ML,,SS
turnetr01,Player of the Week,2021,NL,,Week of 2021-10-02
turnetr01,Player of the Week,2023,NL,,Week of 2023-09-02
turnetr01,Player of the Week,2024,NL,,Week of 2024-04-20
turnetr01,Player of the Week,2024,NL,,Week of 2024-08-17
turnetr01,Rookie of the Month,2016,NL,,August
turnetr01,Rookie of the Month,2016,NL,,September
turnetr01,Silver Slugger,2022,NL,,SS
turnetr01,TSN All-Star,2022,NL,,SS
turnetr01,TSN All-Star,2025,NL,,SS
ueharko01,ALCS MVP,2013,AL,,
ugglada01,MLB Players Choice Outstanding Rookie,2006,NL,,
ugglada01,Player of the Month,2011,NL,,August
ugglada01,Rookie of the Month,2006,NL,Y,June
ugglada01,Silver Slugger,2010,NL,,2B
ugglada01,TSN Rookie of the Year,2006,NL,,
uptonbj01,Player of the Month,2009,AL,,June
uptonbj01,Player of the Week,2007,AL,Y,Week of 2007-07-21
uptonbj01,Player of the Week,2009,AL,,Week of 2009-06-20
uptonbj01,Player of the Week,2012,AL,Y,Week of 2012-09-09
uptonju01,Player of the Month,2009,NL,,May
uptonju01,Player of the Month,2013,NL,,April
uptonju01,Player of the Week,2011,NL,,Week of 2011-06-19
uptonju01,Player of the Week,2011,NL,Y,Week of 2011-07-24
uptonju01,Player of the Week,2014,NL,,Week of 2014-04-13
uptonju01,Player of the Week,2016,AL,Y,Week of 2016-09-24
uptonju01,Silver Slugger,2011,NL,,OF
uptonju01,Silver Slugger,2014,NL,,OF
uptonju01,Silver Slugger,2017,AL,,OF
urbinug01,Player of the Week,2003,NL,,Week of 2003-09-27
uriasju01,All-MLB Team - Second Team,2021,ML,,SP
uriasju01,All-MLB Team - Second Team,2022,ML,,SP
uriasra01,Gold Glove,2022,AL,,3B
utleych01,Player of the Month,2006,NL,,July
utleych01,Player of the Month,2008,NL,,April
utleych01,Player of the Week,2005,NL,,Week of 2005-07-16
utleych01,Player of the Week,2006,NL,,Week of 2006-05-06
utleych01,Player of the Week,2006,NL,Y,Week of 2006-07-29
utleych01,Player of the Week,2007,NL,Y,Week of 2007-04-28
utleych01,Player of the Week,2008,NL,,Week of 2008-05-31
utleych01,Silver Slugger,2006,NL,,2B
utleych01,Silver Slugger,2007,NL,,2B
utleych01,Silver Slugger,2008,NL,,2B
utleych01,Silver Slugger,2009,NL,,2B
utleych01,This Year in Baseball Postseason Moment of the Year,2008,ML,,MLB.com GIBBY
utleych01,TSN All-Star,2006,NL,,2B
utleych01,TSN All-Star,2007,NL,,2B
valdefr01,All-MLB Team - First Team,2022,ML,,SP
valdefr01,All-MLB Team - Second Team,2024,ML,,SP
valdefr01,Player of the Week,2023,AL,,Week of 2023-08-05
valenbo02,Branch Rickey Award,2002,ML,,
valvejo01,Player of the Week,2003,NL,Y,Week of 2003-06-21
valvejo01,Player of the Week,2007,NL,Y,Week of 2007-05-19
valvejo01,Reliever of the Month,2008,ML,,August
valvejo01,Reliever of the Year Award,2007,NL,,
valvejo01,Reliever of the Year Award,2011,AL,,
valvejo01,This Year in Baseball Closer of the Year,2011,ML,,MLB.com GIBBY
valvejo01,TSN All-Star,2007,NL,,RP
valvejo01,TSN Reliever of the Year,2007,NL,,
vargaja01,Pitcher of the Month,2012,AL,,July
vargaja01,Pitcher of the Month,2013,AL,,May
vargake01,Player of the Week,2016,AL,,Week of 2016-07-09
vargami01,Player of the Week,2025,AL,,Week of 2025-05-17
varitja01,Gold Glove,2005,AL,,C
varitja01,Player of the Week,2001,AL,,Week of 2001-05-19
varitja01,Silver Slugger,2005,AL,,C
varitja01,TSN All-Star,2005,AL,,C
varshda01,Gold Glove,2024,AL,,CF
vaughgr01,Player of the Week,2001,AL,Y,Week of 2001-06-09
vaughmo01,Player of the Week,2000,AL,,Week of 2000-05-13
vazquch01,TSN All-Star,2019,AL,,C
vazquja01,Pitcher of the Month,2001,NL,,August
vazquja01,Pitcher of the Month,2011,NL,,September
vazquja01,Player of the Week,2008,AL,Y,Week of 2008-08-16
vazquja01,Player of the Week,2009,NL,,Week of 2009-09-13
venabwi01,Player of the Week,2013,NL,,Week of 2013-08-18
ventejo01,Comeback Player of the Year,2018,NL,,
verlaju01,ALCS MVP,2017,AL,,
verlaju01,All-MLB Team - First Team,2019,ML,,SP
verlaju01,All-MLB Team - First Team,2022,ML,,SP
verlaju01,Babe Ruth Award,2017,ML,Y,
verlaju01,Bob Feller Act of Valor Award - MLB Player,2013,ML,,
verlaju01,Comeback Player of the Year,2022,AL,,
verlaju01,Cy Young Award,2011,AL,,
verlaju01,Cy Young Award,2019,AL,,
verlaju01,Cy Young Award,2022,AL,,
verlaju01,MLB Players Choice Comeback Player,2022,AL,,
verlaju01,MLB Players Choice Outstanding Pitcher,2011,AL,,
verlaju01,MLB Players Choice Outstanding Pitcher,2019,AL,,
verlaju01,MLB Players Choice Outstanding Pitcher,2022,AL,,
verlaju01,MLB Players Choice Outstanding Rookie,2006,AL,,
verlaju01,MLB Players Choice Player of the Year,2011,ML,,
verlaju01,Most Valuable Player,2011,AL,,
verlaju01,Pitcher of the Month,2009,AL,,May
verlaju01,Pitcher of the Month,2011,AL,,June
verlaju01,Pitcher of the Month,2012,AL,,September
verlaju01,Pitcher of the Month,2016,AL,,July
verlaju01,Pitcher of the Month,2018,AL,,May
verlaju01,Pitching Triple Crown,2011,AL,,
verlaju01,Player of the Week,2006,AL,Y,Week of 2006-05-27
verlaju01,Player of the Week,2007,AL,,Week of 2007-06-16
verlaju01,Player of the Week,2011,AL,Y,Week of 2011-05-08
verlaju01,Player of the Week,2011,AL,Y,Week of 2011-06-19
verlaju01,Player of the Week,2011,AL,Y,Week of 2011-09-18
verlaju01,Player of the Week,2012,AL,Y,Week of 2012-09-28
verlaju01,Player of the Week,2018,AL,,Week of 2018-04-14
verlaju01,Player of the Week,2018,AL,,Week of 2018-09-15
verlaju01,Player of the Week,2019,AL,,Week of 2019-08-31
verlaju01,Player of the Week,2023,AL,,Week of 2023-09-30
verlaju01,Rookie of the Month,2006,AL,,May
verlaju01,Rookie of the Year,2006,AL,,
verlaju01,This Year in Baseball Best Major Leaguer - Postseason,2017,ML,Y,Esurance
verlaju01,This Year in Baseball Starter of the Year,2011,ML,,MLB.com GIBBY
verlaju01,TSN All-Star,2022,AL,,SP
verlaju01,TSN Comeback Player of the Year,2022,AL,,
verlaju01,TSN Major League Player of the Year,2011,ML,,
verlaju01,TSN Pitcher of the Year,2011,AL,,
verlaju01,TSN Pitcher of the Year,2012,AL,Y,
verlaju01,TSN Pitcher of the Year,2022,AL,,
verlaju01,TSN Rookie of the Year,2006,AL,,
victosh01,Branch Rickey Award,2011,ML,,
victosh01,Gold Glove,2008,NL,,OF
victosh01,Gold Glove,2009,NL,,OF
victosh01,Gold Glove,2010,NL,,OF
victosh01,Gold Glove,2013,AL,,RF
victosh01,Lou Gehrig Memorial Award,2008,ML,,
victosh01,Player of the Week,2013,AL,,Week of 2013-08-04
vidrojo01,Silver Slugger,2003,NL,,2B
villach01,Rookie of the Month,2018,NL,,April
vinafe01,Gold Glove,2001,NL,,2B
vinafe01,Gold Glove,2002,NL,,2B
vizquom01,Gold Glove,2000,AL,,SS
vizquom01,Gold Glove,2001,AL,,SS
vizquom01,Gold Glove,2005,NL,,SS
vizquom01,Gold Glove,2006,NL,,SS
vizquom01,Player of the Week,2002,AL,Y,Week of 2002-05-04
voitlu01,Player of the Week,2018,AL,,Week of 2018-09-29
voitlu01,Player of the Week,2019,AL,,Week of 2019-04-27
voitlu01,Player of the Week,2021,AL,,Week of 2021-08-21
volpean01,Gold Glove,2023,AL,,SS
volqued01,Player of the Week,2017,NL,,Week of 2017-06-03
vottojo01,Gold Glove,2011,NL,,1B
vottojo01,Hank Aaron Award,2010,NL,,
vottojo01,Lou Gehrig Memorial Award,2017,ML,,
vottojo01,Most Valuable Player,2010,NL,,
vottojo01,Player of the Month,2021,NL,,July
vottojo01,Player of the Week,2009,NL,,Week of 2009-09-27
vottojo01,Player of the Week,2011,NL,,Week of 2011-07-31
vottojo01,Player of the Week,2013,NL,,Week of 2013-05-17
vottojo01,Player of the Week,2017,NL,,Week of 2017-07-01
vottojo01,Player of the Week,2018,NL,,Week of 2018-04-28
vottojo01,Player of the Week,2021,NL,,Week of 2021-07-31
vottojo01,Rookie of the Month,2008,NL,,September
vottojo01,TSN All-Star,2017,NL,,1B
wachami01,NLCS MVP,2013,NL,,
wachami01,Pitcher of the Month,2023,NL,,May
wagnebi02,Reliever of the Month,2007,ML,,July
wainwad01,Gold Glove,2009,NL,,P
wainwad01,Gold Glove,2013,NL,,P
wainwad01,Hutch Award,2015,ML,,
wainwad01,MLB Players Choice Outstanding Pitcher,2009,NL,,
wainwad01,Pitcher of the Month,2013,NL,,June
wainwad01,Pitcher of the Month,2014,NL,,September
wainwad01,Pitcher of the Month,2021,NL,,August
wainwad01,Player of the Week,2014,NL,Y,Week of 2014-05-25
wainwad01,Roberto Clemente Award,2020,ML,,
wainwad01,Silver Slugger,2017,NL,,P
wakefti01,Roberto Clemente Award,2010,ML,,
walkech02,Gold Glove,2022,NL,,1B
walkech02,Gold Glove,2023,NL,,1B
walkech02,Gold Glove,2024,NL,,1B
walkela01,Gold Glove,2001,NL,,OF
walkela01,Gold Glove,2002,NL,,OF
walkela01,Player of the Month,2002,NL,,July
walkene01,Silver Slugger,2014,NL,,2B
walshja01,Rookie of the Month,2020,AL,,September
wangch01,This Year in Baseball Starter of the Year,2006,ML,,MLB.com GIBBY
wardda01,Player of the Week,2004,NL,Y,Week of 2004-05-29
wardta01,Player of the Week,2022,AL,,Week of 2022-04-30
wardta01,Player of the Week,2025,AL,,Week of 2025-05-24
washbja01,Pitcher of the Month,2009,AL,,July
weaveje02,Pitcher of the Month,2011,AL,,April
weaveje02,Player of the Week,2012,AL,,Week of 2012-05-06
webbbr01,Cy Young Award,2006,NL,,
webbbr01,Pitcher of the Month,2008,NL,,April
webbbr01,Player of the Week,2007,NL,Y,Week of 2007-08-04
webblo01,Gold Glove,2025,NL,,P
weeksje01,Rookie of the Month,2011,AL,Y,June
welleto01,Pitcher of the Month,2008,NL,,May
wellsda01,TSN All-Star,2000,AL,,LHP
wellsve01,Branch Rickey Award,2010,ML,,
wellsve01,Gold Glove,2004,AL,,OF
wellsve01,Gold Glove,2005,AL,,OF
wellsve01,Gold Glove,2006,AL,,OF
wellsve01,Player of the Week,2003,AL,Y,Week of 2003-06-21
wellsve01,Player of the Week,2006,AL,,Week of 2006-07-22
wellsve01,Silver Slugger,2003,AL,,OF
wellsve01,TSN All-Star,2003,AL,,OF
wellsve01,TSN All-Star,2006,AL,,OF
werthja01,Player of the Month,2013,NL,,July
werthja01,Player of the Month,2014,NL,,July
werthja01,Player of the Week,2009,NL,,Week of 2009-08-23
werthja01,Player of the Week,2010,NL,,Week of 2010-05-09
werthja01,Player of the Week,2014,NL,,Week of 2014-07-06
westbja01,Player of the Week,2004,AL,,Week of 2004-04-24
westbjo01,Player of the Week,2024,AL,,Week of 2024-04-20
wheelza01,All-MLB Team - First Team,2024,ML,,SP
wheelza01,All-MLB Team - Second Team,2021,ML,,SP
wheelza01,All-MLB Team - Second Team,2025,ML,,SP
wheelza01,Gold Glove,2023,NL,,P
wheelza01,Pitcher of the Month,2022,NL,,May
wheelza01,Pitcher of the Month,2025,NL,,June
wheelza01,Player of the Week,2025,NL,Y,Week of 2025-07-05
whiteev01,Gold Glove,2020,AL,,1B
whitero02,Player of the Week,2001,NL,,Week of 2001-06-09
whitety01,Player of the Week,2016,AL,,Week of 2016-04-09
wietema01,Gold Glove,2011,AL,,C
wietema01,Gold Glove,2012,AL,,C
wiggity01,Player of the Week,2008,NL,Y,Week of 2008-08-16
wilkebr01,TSN Rookie Player of the Year,2002,NL,,
willibe02,Gold Glove,2000,AL,,OF
willibe02,Player of the Week,2001,AL,Y,Week of 2001-06-09
willibe02,Player of the Week,2002,AL,Y,Week of 2002-08-17
willibe02,Silver Slugger,2002,AL,,OF
willibe02,TSN All-Star,2000,AL,,OF
willibe02,TSN All-Star,2002,AL,,OF
willide03,All-MLB Team - Second Team,2020,ML,,RP
willide03,All-MLB Team - Second Team,2023,ML,,RP
willide03,Reliever of the Month,2020,NL,,September
willide03,Reliever of the Month,2021,NL,,August
willide03,Reliever of the Month,2023,NL,,July
willide03,Reliever of the Year Award,2020,NL,,
willide03,Reliever of the Year Award,2023,NL,,
willide03,Rookie of the Year,2020,NL,,
willide03,TSN All-Star,2020,NL,,RP
willide03,TSN All-Star,2023,NL,,RP
willide03,TSN Reliever of the Year,2020,NL,,
willide03,TSN Reliever of the Year,2023,NL,,
willido03,Pitcher of the Month,2003,NL,,June
willido03,Pitcher of the Month,2005,NL,,April
willido03,Player of the Week,2003,NL,Y,Week of 2003-06-21
willido03,Rookie of the Month,2003,NL,,June
willido03,Rookie of the Year,2003,NL,,
willido03,TSN Rookie Pitcher of the Year,2003,NL,,
willijo03,Player of the Week,2009,NL,Y,Week of 2009-08-02
willijo03,Player of the Week,2012,AL,,Week of 2012-04-15
willijo03,Silver Slugger,2012,AL,,OF
williwo02,Pitcher of the Month,2001,NL,,September
wilsobr01,This Year in Baseball Closer of the Year,2010,ML,,MLB.com GIBBY
wilsocj01,Player of the Week,2011,AL,,Week of 2011-09-11
wilsocr03,Player of the Week,2002,NL,,Week of 2002-06-15
wilsocr03,Player of the Week,2003,NL,,Week of 2003-09-13
wilsocr03,Player of the Week,2006,NL,,Week of 2006-04-15
wilsoja02,Player of the Week,2007,NL,,Week of 2007-09-08
wilsoja02,Silver Slugger,2004,NL,,SS
wilsopr01,Player of the Week,2003,NL,Y,Week of 2003-07-12
winfida01,MLB Players Curt Flood Award,2024,ML,,
winnma01,Gold Glove,2025,NL,,SS
winnra01,Player of the Month,2005,NL,,September
winnra01,Player of the Week,2005,NL,,Week of 2005-10-01
wisdopa01,Player of the Week,2021,NL,,Week of 2021-06-05
wisdopa01,Rookie of the Month,2021,NL,,June
wisede01,This Year in Baseball Play of the Year,2009,ML,,MLB.com GIBBY
wittbo02,All-MLB Team - First Team,2024,ML,,SS
wittbo02,All-MLB Team - First Team,2025,ML,,SS
wittbo02,Gold Glove,2024,AL,,SS
wittbo02,Gold Glove,2025,AL,,SS
wittbo02,Platinum Glove,2025,AL,,
wittbo02,Player of the Month,2024,AL,,July
wittbo02,Player of the Week,2024,AL,,Week of 2024-05-25
wittbo02,Player of the Week,2024,AL,,Week of 2024-07-20
wittbo02,Silver Slugger,2024,AL,,SS
wittbo02,Silver Slugger,2025,AL,,SS
wittbo02,TSN All-Star,2024,AL,,SS
wittbo02,TSN All-Star,2025,AL,,SS
wolfra02,TSN All-Star,2003,NL,,LHP
wongko01,Gold Glove,2019,NL,,2B
wongko01,Gold Glove,2020,NL,,2B
wongko01,Rookie of the Month,2014,NL,,May
woobr01,All-MLB Team - Second Team,2025,ML,,SP
woodal02,Pitcher of the Month,2017,NL,,May
woodal02,Player of the Week,2017,NL,,Week of 2017-05-13
woodrbr01,Player of the Week,2021,NL,,Week of 2021-05-29
workmbr01,Reliever of the Month,2019,AL,,September
wrighda03,Gold Glove,2007,NL,,3B
wrighda03,Gold Glove,2008,NL,,3B
wrighda03,Player of the Month,2006,NL,,June
wrighda03,Player of the Month,2010,NL,,June
wrighda03,Player of the Week,2005,NL,,Week of 2005-08-27
wrighda03,Player of the Week,2006,NL,Y,Week of 2006-06-17
wrighda03,Player of the Week,2011,NL,,Week of 2011-09-05
wrighda03,Silver Slugger,2007,NL,,3B
wrighda03,Silver Slugger,2008,NL,,3B
wrighda03,This Year in Baseball Play of the Year,2005,ML,,MLB.com GIBBY
wrighda03,This Year in Baseball Rookie of the Year,2004,ML,,MLB.com GIBBY
wrighda03,TSN All-Star,2006,NL,,3B
wrighda03,TSN All-Star,2007,NL,,3B
yamamyo01,All-MLB Team - First Team,2025,ML,,SP
yamamyo01,Pitcher of the Month,2025,NL,,September
yamamyo01,Pitcher of the Month,2025,NL,,April
yamamyo01,World Series MVP,2025,ML,,
yastrmi01,All-MLB Team - Second Team,2020,ML,,OF
yateski01,All-MLB Team - First Team,2019,ML,,RP
yateski01,All-MLB Team - Second Team,2024,ML,,RP
yateski01,Reliever of the Month,2019,NL,,March-April
yateski01,TSN All-Star,2019,NL,,RP
yateski01,TSN Reliever of the Year,2019,NL,,
yelicch01,All-MLB Team - First Team,2019,ML,,OF
yelicch01,Gold Glove,2014,NL,,LF
yelicch01,Hank Aaron Award,2018,NL,,
yelicch01,Hank Aaron Award,2019,NL,,
yelicch01,MLB Players Choice Outstanding Player,2018,NL,,
yelicch01,Most Valuable Player,2018,NL,,
yelicch01,Player of the Month,2018,NL,,September
yelicch01,Player of the Week,2018,NL,,Week of 2018-07-28
yelicch01,Player of the Week,2018,NL,,Week of 2018-09-01
yelicch01,Player of the Week,2018,NL,,Week of 2018-09-22
yelicch01,Player of the Week,2019,NL,,Week of 2019-03-30
yelicch01,Player of the Week,2019,NL,,Week of 2019-04-20
yelicch01,Player of the Week,2025,NL,,Week of 2025-05-31
yelicch01,Silver Slugger,2016,NL,,OF
yelicch01,Silver Slugger,2018,NL,,OF
yelicch01,Silver Slugger,2019,NL,,OF
yelicch01,TSN All-Star,2016,NL,,OF
yelicch01,TSN All-Star,2018,NL,,OF
yelicch01,TSN All-Star,2019,NL,,OF
yelicch01,TSN Comeback Player of the Year,2025,NL,,
yoshima02,Player of the Week,2023,AL,,Week of 2023-05-06
youklke01,Gold Glove,2007,AL,,1B
youklke01,Hank Aaron Award,2008,AL,,
youklke01,Player of the Week,2008,AL,,Week of 2008-05-10
youklke01,Player of the Week,2012,AL,,Week of 2012-07-08
youklke01,Rookie of the Month,2004,AL,,May
youngch03,Comeback Player of the Year,2014,AL,,
youngch04,MLB Players Choice Comeback Player,2014,AL,,
youngch04,Pitcher of the Month,2006,NL,,June
youngch04,TSN Comeback Player of the Year,2014,AL,,
youngde03,ALCS MVP,2012,AL,,
youngde03,Player of the Month,2010,AL,Y,July
youngde03,Player of the Week,2009,AL,Y,Week of 2009-10-04
youngdm01,Comeback Player of the Year,2007,NL,,
youngdm01,MLB Players Choice Comeback Player,2007,NL,,
youngdm01,Player of the Week,2003,AL,,Week of 2003-05-31
youngdm01,Player of the Week,2005,AL,,Week of 2005-04-09
youngdm01,TSN Comeback Player of the Year,2007,NL,,
youngmi02,All-Star Game MVP,2006,ML,,
youngmi02,Gold Glove,2008,AL,,SS
youngmi02,MLB Players Choice Man of the Year,2008,ML,,
youngmi02,MLB Players Choice Man of the Year,2011,ML,,
youngmi02,Player of the Week,2002,AL,Y,Week of 2002-06-15
youngmi02,Player of the Week,2009,AL,,Week of 2009-08-23
youngmi02,Player of the Week,2011,AL,,Week of 2011-06-26
youngmi02,TSN All-Star,2005,AL,,SS
zambrca01,Pitcher of the Month,2004,NL,,September
zambrca01,Pitcher of the Month,2006,NL,,July
zambrca01,Pitcher of the Month,2007,NL,,July
zambrca01,Player of the Week,2008,NL,,Week of 2008-09-13
zambrca01,Silver Slugger,2006,NL,,P
zambrca01,Silver Slugger,2008,NL,,P
zambrca01,Silver Slugger,2009,NL,,P
zieglbr01,Bob Feller Act of Valor Award - MLB Player,2016,ML,,
zimmejo02,Pitcher of the Month,2012,NL,,July
zimmejo02,Pitcher of the Month,2016,AL,,April
zimmejo02,Player of the Week,2014,NL,,Week of 2014-06-08
zimmejo02,Player of the Week,2014,NL,,Week of 2014-09-28
zimmery01,Comeback Player of the Year,2017,NL,,
zimmery01,Gold Glove,2009,NL,,3B
zimmery01,Lou Gehrig Memorial Award,2011,ML,,
zimmery01,MLB Players Choice Comeback Player,2017,NL,,
zimmery01,Player of the Month,2017,NL,,April
zimmery01,Player of the Week,2007,NL,Y,Week of 2007-08-04
zimmery01,Player of the Week,2011,NL,Y,Week of 2011-08-21
zimmery01,Player of the Week,2012,NL,,Week of 2012-07-22
zimmery01,Player of the Week,2017,NL,,Week of 2017-04-29
zimmery01,Player of the Week,2018,NL,,Week of 2018-08-11
zimmery01,Silver Slugger,2009,NL,,3B
zimmery01,Silver Slugger,2010,NL,,3B
zitoba01,Cy Young Award,2002,AL,,
zitoba01,Hutch Award,2012,ML,,
zitoba01,Lou Gehrig Memorial Award,2012,ML,,
zitoba01,MLB Players Choice Outstanding Pitcher,2002,AL,,
zitoba01,Pitcher of the Month,2001,AL,,August
zitoba01,Pitcher of the Month,2001,AL,,September
zitoba01,Pitcher of the Month,2005,AL,,July
zitoba01,Player of the Week,2000,AL,Y,Week of 2000-09-09
zitoba01,Player of the Week,2003,AL,Y,Week of 2003-05-03
zitoba01,TSN All-Star,2002,AL,,LHP
zitoba01,TSN Pitcher of the Year,2002,AL,,
zobribe01,Player of the Week,2008,AL,Y,Week of 2008-09-27
zobribe01,Player of the Week,2011,AL,,Week of 2011-05-01
zobribe01,Player of the Week,2016,NL,Y,Week of 2016-05-07
zobribe01,World Series MVP,2016,ML,,
zumayjo01,This Year in Baseball Setup Man of the Year,2006,ML,,MLB.com GIBBY
