yearID,round,playerID,teamID,lgID,G,AB,R,H,2B,3B,HR,RBI,SB,CS,BB,SO,IBB,HBP,SH,SF,GIDP
2000,ALCS,abbotpa01,SEA,AL,1,0,0,0,0,0,0,0,0,0.0,0,0.0,0.0,0.0,0.0,0.0,0.0
2000,ALCS,bellda01,SEA,AL,5,18,0,4,0,0,0,0,0,0.0,0,0.0,0.0,0.0,0.0,0.0,0.0
2000,ALCS,bellicl01,NYA,AL,5,0,0,0,0,0,0,0,0,0.0,0,0.0,0.0,0.0,0.0,0.0,0.0
2000,ALCS,brosisc01,NYA,AL,6,18,2,4,0,0,0,0,0,1.0,2,3.0,0.0,0.0,0.0,0.0,1.0
2000,ALCS,buhneja01,SEA,AL,4,11,0,2,0,0,0,0,0,0.0,1,6.0,0.0,0.0,0.0,0.0,0.0
2000,ALCS,camermi01,SEA,AL,6,18,3,2,0,0,0,1,1,0.0,2,7.0,0.0,0.0,1.0,0.0,0.0
2000,ALCS,choatra01,NYA,AL,1,0,0,0,0,0,0,0,0,0.0,0,0.0,0.0,0.0,0.0,0.0,0.0
2000,ALCS,clemero02,NYA,AL,1,0,0,0,0,0,0,0,0,0.0,0,0.0,0.0,0.0,0.0,0.0,0.0
2000,ALCS,coneda01,NYA,AL,1,0,0,0,0,0,0,0,0,0.0,0,0.0,0.0,0.0,0.0,0.0,0.0
2000,ALCS,garcifr02,SEA,AL,2,0,0,0,0,0,0,0,0,0.0,0,0.0,0.0,0.0,0.0,0.0,0.0
2000,ALCS,gipsoch01,SEA,AL,2,0,0,0,0,0,0,0,0,0.0,0,0.0,0.0,0.0,0.0,0.0,0.0
2000,ALCS,goodedw01,NYA,AL,1,0,0,0,0,0,0,0,0,0.0,0,0.0,0.0,0.0,0.0,0.0,0.0
2000,ALCS,grimsja01,NYA,AL,2,0,0,0,0,0,0,0,0,0.0,0,0.0,0.0,0.0,0.0,0.0,0.0
2000,ALCS,guillca01,SEA,AL,2,5,1,1,0,0,1,2,0,1.0,2,2.0,0.0,0.0,0.0,0.0,0.0
2000,ALCS,halamjo01,SEA,AL,2,0,0,0,0,0,0,0,0,0.0,0,0.0,0.0,0.0,0.0,0.0,0.0
2000,ALCS,henderi01,SEA,AL,3,9,2,2,1,0,0,1,0,1.0,2,2.0,0.0,0.0,0.0,0.0,0.0
2000,ALCS,hernaor01,NYA,AL,2,0,0,0,0,0,0,0,0,0.0,0,0.0,0.0,0.0,0.0,0.0,0.0
2000,ALCS,hillgl01,NYA,AL,2,2,0,0,0,0,0,0,0,0.0,0,2.0,0.0,0.0,0.0,0.0,0.0
2000,ALCS,ibanera01,SEA,AL,6,9,0,0,0,0,0,0,0,0.0,0,2.0,0.0,0.0,0.0,0.0,0.0
2000,ALCS,javiest01,SEA,AL,4,14,0,1,0,0,0,1,0,0.0,0,4.0,0.0,0.0,0.0,0.0,0.0
2000,ALCS,jeterde01,NYA,AL,6,22,6,7,0,0,2,5,1,0.0,6,7.0,0.0,0.0,0.0,0.0,0.0
2000,ALCS,justida01,NYA,AL,6,26,4,6,2,0,2,8,0,0.0,2,7.0,0.0,0.0,0.0,0.0,1.0
2000,ALCS,knoblch01,NYA,AL,6,23,3,6,2,0,0,2,0,0.0,3,4.0,0.0,1.0,1.0,0.0,0.0
2000,ALCS,martial03,SEA,AL,4,11,1,2,2,0,0,0,0,0.0,2,3.0,1.0,0.0,0.0,0.0,0.0
2000,ALCS,martied01,SEA,AL,6,21,2,5,1,0,1,4,0,0.0,3,5.0,0.0,0.0,0.0,0.0,0.0
2000,ALCS,martiti02,NYA,AL,6,25,5,8,2,0,1,1,0,0.0,2,4.0,0.0,0.0,0.0,0.0,1.0
2000,ALCS,mclemma01,SEA,AL,5,16,2,4,3,0,0,2,0,0.0,2,1.0,0.0,0.0,1.0,0.0,0.0
2000,ALCS,mesajo01,SEA,AL,3,0,0,0,0,0,0,0,0,0.0,0,0.0,0.0,0.0,0.0,0.0,0.0
2000,ALCS,neaglde01,NYA,AL,2,0,0,0,0,0,0,0,0,0.0,0,0.0,0.0,0.0,0.0,0.0,0.0
2000,ALCS,nelsoje01,NYA,AL,3,0,0,0,0,0,0,0,0,0.0,0,0.0,0.0,0.0,0.0,0.0,0.0
2000,ALCS,olerujo01,SEA,AL,6,20,3,7,3,0,1,2,1,0.0,2,2.0,1.0,0.0,0.0,1.0,1.0
2000,ALCS,olivejo01,SEA,AL,4,6,0,1,0,0,0,0,0,0.0,1,1.0,0.0,0.0,0.0,0.0,1.0
2000,ALCS,oneilpa01,NYA,AL,6,20,0,5,0,0,0,5,0,0.0,1,2.0,0.0,0.0,0.0,1.0,0.0
2000,ALCS,paniajo01,SEA,AL,5,0,0,0,0,0,0,0,0,0.0,0,0.0,0.0,0.0,0.0,0.0,0.0
2000,ALCS,pettian01,NYA,AL,1,0,0,0,0,0,0,0,0,0.0,0,0.0,0.0,0.0,0.0,0.0,0.0
2000,ALCS,polonlu01,NYA,AL,1,1,0,0,0,0,0,0,0,0.0,0,1.0,0.0,0.0,0.0,0.0,0.0
2000,ALCS,posadjo01,NYA,AL,6,19,2,3,1,0,0,3,0,1.0,5,5.0,1.0,1.0,0.0,0.0,0.0
2000,ALCS,ramsaro01,SEA,AL,2,0,0,0,0,0,0,0,0,0.0,0,0.0,0.0,0.0,0.0,0.0,0.0
2000,ALCS,rhodear01,SEA,AL,4,0,0,0,0,0,0,0,0,0.0,0,0.0,0.0,0.0,0.0,0.0,0.0
2000,ALCS,riverma01,NYA,AL,3,0,0,0,0,0,0,0,0,0.0,0,0.0,0.0,0.0,0.0,0.0,0.0
2000,ALCS,rodrial01,SEA,AL,6,22,4,9,2,0,2,5,1,0.0,3,8.0,0.0,0.0,0.0,0.0,0.0
2000,ALCS,sasakka01,SEA,AL,2,0,0,0,0,0,0,0,0,0.0,0,0.0,0.0,0.0,0.0,0.0,0.0
2000,ALCS,seleaa01,SEA,AL,1,0,0,0,0,0,0,0,0,0.0,0,0.0,0.0,0.0,0.0,0.0,0.0
2000,ALCS,sojolu01,NYA,AL,6,23,1,6,1,0,0,2,0,0.0,2,3.0,0.0,0.0,0.0,0.0,0.0
2000,ALCS,tomkobr01,SEA,AL,2,0,0,0,0,0,0,0,0,0.0,0,0.0,0.0,0.0,0.0,0.0,0.0
2000,ALCS,vizcajo01,NYA,AL,4,2,3,2,1,0,0,2,2,0.0,0,0.0,0.0,0.0,0.0,1.0,0.0
2000,ALCS,willibe02,NYA,AL,6,23,5,10,1,0,1,3,1,0.0,2,3.0,1.0,1.0,0.0,1.0,1.0
2000,ALCS,wilsoda01,SEA,AL,4,11,0,1,0,0,0,0,0,0.0,1,5.0,0.0,0.0,0.0,0.0,0.0
2000,ALDS1,appieke01,OAK,AL,2,0,0,0,0,0,0,0,0,0.0,0,0.0,0.0,0.0,0.0,0.0,0.0
2000,ALDS1,bellicl01,NYA,AL,2,1,0,1,1,0,0,1,0,0.0,0,0.0,0.0,0.0,0.0,0.0,0.0
2000,ALDS1,brosisc01,NYA,AL,5,17,0,3,1,0,0,1,0,0.0,1,4.0,0.0,0.0,1.0,0.0,0.0
2000,ALDS1,chaveer01,OAK,AL,5,21,4,7,3,0,0,4,0,0.0,0,5.0,0.0,0.0,0.0,0.0,1.0
2000,ALDS1,choatra01,NYA,AL,1,0,0,0,0,0,0,0,0,0.0,0,0.0,0.0,0.0,0.0,0.0,0.0
2000,ALDS1,chrisry01,OAK,AL,2,2,0,1,0,0,0,1,0,0.0,0,1.0,0.0,0.0,0.0,0.0,0.0
2000,ALDS1,clemero02,NYA,AL,2,0,0,0,0,0,0,0,0,0.0,0,0.0,0.0,0.0,0.0,0.0,0.0
2000,ALDS1,fasansa01,OAK,AL,1,0,0,0,0,0,0,0,0,0.0,0,0.0,0.0,0.0,0.0,0.0,0.0
2000,ALDS1,giambja01,OAK,AL,5,14,2,4,0,0,0,1,0,0.0,7,2.0,1.0,0.0,0.0,1.0,0.0
2000,ALDS1,giambje01,OAK,AL,4,9,1,3,0,0,0,1,0,0.0,2,2.0,0.0,0.0,0.0,0.0,0.0
2000,ALDS1,goodedw01,NYA,AL,1,0,0,0,0,0,0,0,0,0.0,0,0.0,0.0,0.0,0.0,0.0,0.0
2000,ALDS1,grievbe01,OAK,AL,5,17,1,2,0,0,0,2,0,0.0,3,7.0,0.0,0.0,0.0,0.0,2.0
2000,ALDS1,heredgi01,OAK,AL,2,0,0,0,0,0,0,0,0,0.0,0,0.0,0.0,0.0,0.0,0.0,0.0
2000,ALDS1,hernaor01,NYA,AL,2,0,0,0,0,0,0,0,0,0.0,0,0.0,0.0,0.0,0.0,0.0,0.0
2000,ALDS1,hernara02,OAK,AL,5,16,3,6,2,0,0,3,0,0.0,0,3.0,0.0,1.0,1.0,0.0,0.0
2000,ALDS1,hillgl01,NYA,AL,4,12,1,1,0,0,0,2,0,0.0,1,5.0,0.0,0.0,0.0,0.0,0.0
2000,ALDS1,hudsoti01,OAK,AL,1,0,0,0,0,0,0,0,0,0.0,0,0.0,0.0,0.0,0.0,0.0,0.0
2000,ALDS1,isrinja01,OAK,AL,2,0,0,0,0,0,0,0,0,0.0,0,0.0,0.0,0.0,0.0,0.0,0.0
2000,ALDS1,jeterde01,NYA,AL,5,19,1,4,0,0,0,2,0,1.0,2,3.0,0.0,1.0,0.0,0.0,0.0
2000,ALDS1,jonesdo01,OAK,AL,2,0,0,0,0,0,0,0,0,0.0,0,0.0,0.0,0.0,0.0,0.0,0.0
2000,ALDS1,justida01,NYA,AL,5,18,2,4,0,0,1,1,0,0.0,3,4.0,0.0,0.0,0.0,0.0,0.0
2000,ALDS1,knoblch01,NYA,AL,3,9,1,3,0,0,0,1,1,0.0,0,2.0,0.0,0.0,0.0,0.0,0.0
2000,ALDS1,longte01,OAK,AL,5,19,2,3,0,0,1,1,0,0.0,3,2.0,0.0,0.0,0.0,0.0,2.0
2000,ALDS1,magnami01,OAK,AL,2,0,0,0,0,0,0,0,0,0.0,0,0.0,0.0,0.0,0.0,0.0,0.0
2000,ALDS1,martiti02,NYA,AL,5,19,2,8,2,0,0,4,0,0.0,1,3.0,0.0,0.0,0.0,1.0,0.0
2000,ALDS1,mecirji01,OAK,AL,3,0,0,0,0,0,0,0,0,0.0,0,0.0,0.0,0.0,0.0,0.0,0.0
2000,ALDS1,menecfr01,OAK,AL,1,0,0,0,0,0,0,0,0,0.0,0,0.0,0.0,0.0,0.0,0.0,0.0
2000,ALDS1,nelsoje01,NYA,AL,2,0,0,0,0,0,0,0,0,0.0,0,0.0,0.0,0.0,0.0,0.0,0.0
2000,ALDS1,oneilpa01,NYA,AL,5,19,4,4,1,0,0,0,0,0.0,2,4.0,1.0,0.0,0.0,0.0,2.0
2000,ALDS1,pettian01,NYA,AL,2,0,0,0,0,0,0,0,0,0.0,0,0.0,0.0,0.0,0.0,0.0,0.0
2000,ALDS1,piattad01,OAK,AL,3,6,2,1,0,0,0,0,0,0.0,0,1.0,0.0,0.0,0.0,0.0,0.0
2000,ALDS1,polonlu01,NYA,AL,1,1,0,1,0,0,0,0,0,0.0,0,0.0,0.0,0.0,0.0,0.0,0.0
2000,ALDS1,portebo03,OAK,AL,2,1,0,1,0,0,0,1,0,0.0,0,0.0,0.0,0.0,0.0,0.0,0.0
2000,ALDS1,posadjo01,NYA,AL,5,17,2,4,2,0,0,1,0,0.0,3,5.0,1.0,0.0,0.0,0.0,0.0
2000,ALDS1,riverma01,NYA,AL,3,0,0,0,0,0,0,0,0,0.0,0,0.0,0.0,0.0,0.0,0.0,0.0
2000,ALDS1,saenzol01,OAK,AL,4,13,1,3,0,0,1,4,0,0.0,0,2.0,0.0,1.0,0.0,1.0,1.0
2000,ALDS1,sojolu01,NYA,AL,5,16,2,3,2,0,0,5,0,0.0,2,1.0,0.0,0.0,0.0,1.0,1.0
2000,ALDS1,stairma01,OAK,AL,3,9,0,1,1,0,0,0,0,0.0,0,1.0,0.0,0.0,0.0,0.0,0.0
2000,ALDS1,stantmi02,NYA,AL,3,0,0,0,0,0,0,0,0,0.0,0,0.0,0.0,0.0,0.0,0.0,0.0
2000,ALDS1,tamje01,OAK,AL,3,0,0,0,0,0,0,0,0,0.0,0,0.0,0.0,0.0,0.0,0.0,0.0
2000,ALDS1,tejadmi01,OAK,AL,5,20,5,7,2,0,0,1,1,0.0,2,2.0,0.0,0.0,0.0,0.0,0.0
2000,ALDS1,velarra01,OAK,AL,5,20,2,5,1,0,0,3,1,0.0,2,3.0,0.0,0.0,0.0,0.0,0.0
2000,ALDS1,vizcajo01,NYA,AL,1,0,1,0,0,0,0,0,0,0.0,0,0.0,0.0,0.0,0.0,0.0,0.0
2000,ALDS1,willibe02,NYA,AL,5,20,3,5,3,0,0,1,0,1.0,1,4.0,0.0,0.0,0.0,1.0,0.0
2000,ALDS1,zitoba01,OAK,AL,1,0,0,0,0,0,0,0,0,0.0,0,0.0,0.0,0.0,0.0,0.0,0.0
2000,ALDS2,abbotje01,CHA,AL,1,1,0,0,0,0,0,0,0,0.0,0,0.0,0.0,0.0,0.0,0.0,0.0
2000,ALDS2,abbotpa01,SEA,AL,1,0,0,0,0,0,0,0,0,0.0,0,0.0,0.0,0.0,0.0,0.0,0.0
2000,ALDS2,baineha01,CHA,AL,2,4,1,1,1,0,0,0,0,0.0,0,1.0,0.0,0.0,0.0,0.0,1.0
2000,ALDS2,baldwja01,CHA,AL,1,0,0,0,0,0,0,0,0,0.0,0,0.0,0.0,0.0,0.0,0.0,0.0
2000,ALDS2,barcelo01,CHA,AL,1,0,0,0,0,0,0,0,0,0.0,0,0.0,0.0,0.0,0.0,0.0,0.0
2000,ALDS2,bellda01,SEA,AL,3,11,0,4,1,0,0,1,0,0.0,2,2.0,0.0,0.0,0.0,0.0,0.0
2000,ALDS2,bradfch01,CHA,AL,1,0,0,0,0,0,0,0,0,0.0,0,0.0,0.0,0.0,0.0,0.0,0.0
2000,ALDS2,buehrma01,CHA,AL,1,0,0,0,0,0,0,0,0,0.0,0,0.0,0.0,0.0,0.0,0.0,0.0
2000,ALDS2,buhneja01,SEA,AL,2,5,1,1,0,0,1,1,0,0.0,2,0.0,0.0,0.0,0.0,0.0,1.0
2000,ALDS2,camermi01,SEA,AL,3,12,2,3,0,0,0,2,1,0.0,0,0.0,0.0,1.0,1.0,0.0,1.0
2000,ALDS2,chrismc01,CHA,AL,1,0,0,0,0,0,0,0,0,0.0,0,0.0,0.0,0.0,0.0,0.0,0.0
2000,ALDS2,durhara01,CHA,AL,3,10,2,2,1,0,1,1,0,0.0,3,3.0,0.0,0.0,1.0,0.0,2.0
2000,ALDS2,foulkke01,CHA,AL,2,0,0,0,0,0,0,0,0,0.0,0,0.0,0.0,0.0,0.0,0.0,0.0
2000,ALDS2,garcifr02,SEA,AL,1,0,0,0,0,0,0,0,0,0.0,0,0.0,0.0,0.0,0.0,0.0,0.0
2000,ALDS2,graffto01,CHA,AL,1,0,0,0,0,0,0,0,0,0.0,0,0.0,0.0,0.0,0.0,0.0,0.0
2000,ALDS2,guillca01,SEA,AL,1,1,0,1,0,0,0,1,0,0.0,0,0.0,0.0,0.0,0.0,0.0,0.0
2000,ALDS2,henderi01,SEA,AL,3,5,3,2,0,0,0,0,1,0.0,1,0.0,0.0,0.0,0.0,0.0,0.0
2000,ALDS2,howrybo01,CHA,AL,2,0,0,0,0,0,0,0,0,0.0,0,0.0,0.0,0.0,0.0,0.0,0.0
2000,ALDS2,ibanera01,SEA,AL,3,8,2,3,0,0,0,0,0,0.0,0,0.0,0.0,0.0,0.0,0.0,0.0
2000,ALDS2,javiest01,SEA,AL,3,6,0,1,0,0,0,1,0,0.0,0,3.0,0.0,0.0,1.0,0.0,0.0
2000,ALDS2,johnsch04,CHA,AL,3,9,0,3,0,0,0,0,0,0.0,1,1.0,0.0,1.0,0.0,0.0,0.0
2000,ALDS2,konerpa01,CHA,AL,3,9,1,0,0,0,0,0,0,0.0,1,1.0,0.0,0.0,0.0,0.0,1.0
2000,ALDS2,leeca01,CHA,AL,3,11,0,1,1,0,0,1,0,0.0,0,2.0,0.0,0.0,0.0,1.0,0.0
2000,ALDS2,martial03,SEA,AL,1,1,0,0,0,0,0,0,0,0.0,0,0.0,0.0,0.0,0.0,0.0,0.0
2000,ALDS2,martied01,SEA,AL,3,11,2,4,1,0,1,2,0,0.0,2,1.0,0.0,0.0,0.0,0.0,1.0
2000,ALDS2,mclemma01,SEA,AL,3,9,1,1,0,0,0,0,0,0.0,2,1.0,0.0,0.0,0.0,0.0,0.0
2000,ALDS2,mesajo01,SEA,AL,2,0,0,0,0,0,0,0,0,0.0,0,0.0,0.0,0.0,0.0,0.0,0.0
2000,ALDS2,olerujo01,SEA,AL,3,10,2,3,0,0,1,2,0,0.0,2,1.0,0.0,1.0,0.0,0.0,1.0
2000,ALDS2,olivejo01,SEA,AL,3,4,1,1,0,0,1,1,0,0.0,0,1.0,0.0,0.0,1.0,0.0,0.0
2000,ALDS2,ordonma01,CHA,AL,3,11,0,2,0,1,0,1,1,0.0,2,2.0,0.0,0.0,0.0,0.0,1.0
2000,ALDS2,paniajo01,SEA,AL,2,0,0,0,0,0,0,0,0,0.0,0,0.0,0.0,0.0,0.0,0.0,0.0
2000,ALDS2,parquji01,CHA,AL,1,0,0,0,0,0,0,0,0,0.0,0,0.0,0.0,0.0,0.0,0.0,0.0
2000,ALDS2,pauljo01,CHA,AL,1,0,0,0,0,0,0,0,0,0.0,0,0.0,0.0,0.0,0.0,0.0,0.0
2000,ALDS2,perryhe01,CHA,AL,3,9,0,4,1,0,0,1,0,0.0,2,2.0,0.0,0.0,0.0,1.0,0.0
2000,ALDS2,rhodear01,SEA,AL,3,0,0,0,0,0,0,0,0,0.0,0,0.0,0.0,0.0,0.0,0.0,0.0
2000,ALDS2,rodrial01,SEA,AL,3,13,0,4,0,0,0,2,0,1.0,0,2.0,0.0,0.0,1.0,0.0,1.0
2000,ALDS2,sasakka01,SEA,AL,2,0,0,0,0,0,0,0,0,0.0,0,0.0,0.0,0.0,0.0,0.0,0.0
2000,ALDS2,seleaa01,SEA,AL,1,0,0,0,0,0,0,0,0,0.0,0,0.0,0.0,0.0,0.0,0.0,0.0
2000,ALDS2,simasbi01,CHA,AL,2,0,0,0,0,0,0,0,0,0.0,0,0.0,0.0,0.0,0.0,0.0,0.0
2000,ALDS2,singlch01,CHA,AL,3,9,1,1,0,1,0,1,0,0.0,0,2.0,0.0,0.0,0.0,0.0,0.0
2000,ALDS2,sirotmi01,CHA,AL,1,0,0,0,0,0,0,0,0,0.0,0,0.0,0.0,0.0,0.0,0.0,0.0
2000,ALDS2,thomafr04,CHA,AL,3,9,0,0,0,0,0,0,0,0.0,4,0.0,1.0,0.0,0.0,0.0,0.0
2000,ALDS2,tomkobr01,SEA,AL,1,0,0,0,0,0,0,0,0,0.0,0,0.0,0.0,0.0,0.0,0.0,0.0
2000,ALDS2,valenjo03,CHA,AL,3,10,2,3,2,0,0,1,3,0.0,2,2.0,0.0,0.0,1.0,0.0,0.0
2000,ALDS2,wilsoda01,SEA,AL,2,3,0,0,0,0,0,1,0,0.0,1,2.0,0.0,0.0,0.0,1.0,0.0
2000,ALDS2,wunscke01,CHA,AL,3,0,0,0,0,0,0,0,0,0.0,0,0.0,0.0,0.0,0.0,0.0,0.0
2000,NLCS,abbotku01,NYN,NL,2,3,0,0,0,0,0,0,0,0.0,0,2.0,0.0,0.0,0.0,0.0,0.0
2000,NLCS,agbaybe01,NYN,NL,5,17,0,6,2,0,0,3,0,0.0,4,0.0,0.0,0.0,1.0,0.0,0.0
2000,NLCS,alfoned01,NYN,NL,5,18,5,8,1,1,0,4,0,0.0,4,1.0,0.0,1.0,0.0,0.0,0.0
2000,NLCS,ankieri01,SLN,NL,2,0,0,0,0,0,0,0,0,0.0,0,0.0,0.0,0.0,0.0,0.0,0.0
2000,NLCS,benesan01,SLN,NL,1,3,1,1,0,0,0,0,0,0.0,0,2.0,0.0,0.0,1.0,0.0,0.0
2000,NLCS,benitar01,NYN,NL,3,0,0,0,0,0,0,0,0,0.0,0,0.0,0.0,0.0,0.0,0.0,0.0
2000,NLCS,bordimi01,NYN,NL,5,13,2,1,0,0,0,0,0,0.0,3,1.0,0.0,1.0,0.0,0.0,0.0
2000,NLCS,chrisja01,SLN,NL,2,0,0,0,0,0,0,0,0,0.0,0,0.0,0.0,0.0,0.0,0.0,0.0
2000,NLCS,clarkwi02,SLN,NL,5,17,3,7,2,0,1,1,0,0.0,2,1.0,0.0,1.0,0.0,0.0,0.0
2000,NLCS,cookde01,NYN,NL,1,0,0,0,0,0,0,0,0,0.0,0,0.0,0.0,0.0,0.0,0.0,0.0
2000,NLCS,daviser01,SLN,NL,4,10,1,2,1,0,0,1,0,0.0,0,2.0,0.0,0.0,0.0,0.0,0.0
2000,NLCS,drewjd01,SLN,NL,5,12,2,4,1,0,0,1,0,0.0,0,3.0,0.0,0.0,0.0,0.0,0.0
2000,NLCS,dunstsh01,SLN,NL,4,6,1,2,1,0,0,0,0,0.0,0,0.0,0.0,0.0,1.0,0.0,0.0
2000,NLCS,edmonji01,SLN,NL,5,22,1,5,1,0,1,5,0,0.0,1,9.0,0.0,0.0,0.0,0.0,0.0
2000,NLCS,francjo01,NYN,NL,3,0,0,0,0,0,0,0,0,0.0,0,0.0,0.0,0.0,0.0,0.0,0.0
2000,NLCS,francma01,NYN,NL,2,3,0,0,0,0,0,0,0,0.0,0,1.0,0.0,0.0,0.0,0.0,0.0
2000,NLCS,hamilda02,NYN,NL,3,2,0,0,0,0,0,0,0,0.0,0,0.0,0.0,0.0,0.0,0.0,0.0
2000,NLCS,hamptmi01,NYN,NL,2,6,1,1,0,0,0,0,0,0.0,0,1.0,0.0,0.0,1.0,0.0,0.0
2000,NLCS,harrile01,NYN,NL,2,1,0,0,0,0,0,0,0,0.0,0,1.0,0.0,0.0,0.0,0.0,0.0
2000,NLCS,hentgpa01,SLN,NL,1,1,0,1,0,0,0,0,0,0.0,0,0.0,0.0,0.0,0.0,0.0,0.0
2000,NLCS,hernaca01,SLN,NL,5,16,3,4,0,0,0,1,0,0.0,1,1.0,0.0,0.0,0.0,0.0,0.0
2000,NLCS,jamesmi01,SLN,NL,4,0,0,0,0,0,0,0,0,0.0,0,0.0,0.0,0.0,0.0,0.0,0.0
2000,NLCS,jonesbo03,NYN,NL,1,2,0,0,0,0,0,0,0,0.0,0,1.0,0.0,0.0,0.0,0.0,0.0
2000,NLCS,kileda01,SLN,NL,3,2,0,0,0,0,0,0,0,0.0,1,0.0,0.0,0.0,0.0,0.0,0.0
2000,NLCS,lankfra01,SLN,NL,5,12,1,4,1,0,0,1,0,0.0,1,5.0,0.0,0.0,0.0,0.0,0.0
2000,NLCS,leiteal01,NYN,NL,1,3,0,0,0,0,0,0,0,0.0,0,2.0,0.0,0.0,0.0,0.0,0.0
2000,NLCS,marreel01,SLN,NL,4,4,0,0,0,0,0,1,0,0.0,0,1.0,0.0,0.0,0.0,0.0,0.0
2000,NLCS,mcewijo01,NYN,NL,4,0,2,0,0,0,0,0,0,0.0,0,0.0,0.0,0.0,0.0,0.0,0.0
2000,NLCS,mcgwima01,SLN,NL,3,2,0,0,0,0,0,0,0,0.0,1,0.0,1.0,0.0,0.0,0.0,0.0
2000,NLCS,morrima01,SLN,NL,2,0,0,0,0,0,0,0,0,0.0,0,0.0,0.0,0.0,0.0,0.0,0.0
2000,NLCS,paquecr01,SLN,NL,4,6,0,1,0,0,0,0,0,0.0,0,2.0,0.0,0.0,0.0,0.0,0.0
2000,NLCS,paytoja01,NYN,NL,5,19,1,3,0,0,1,3,0,0.0,2,5.0,0.0,1.0,0.0,0.0,1.0
2000,NLCS,perezti01,NYN,NL,5,23,8,7,2,0,0,0,2,1.0,1,3.0,0.0,0.0,0.0,0.0,1.0
2000,NLCS,piazzmi01,NYN,NL,5,17,7,7,3,0,2,4,0,0.0,5,0.0,3.0,0.0,0.0,0.0,1.0
2000,NLCS,polanpl01,SLN,NL,4,5,0,1,0,0,0,0,0,0.0,2,1.0,0.0,0.0,0.0,0.0,0.0
2000,NLCS,reamebr01,SLN,NL,2,1,0,0,0,0,0,0,0,0.0,0,1.0,0.0,0.0,0.0,0.0,0.0
2000,NLCS,reedri01,NYN,NL,1,1,0,0,0,0,0,0,0,0.0,0,0.0,0.0,0.0,0.0,0.0,0.0
2000,NLCS,renteed01,SLN,NL,5,20,4,6,1,0,0,4,3,0.0,0,2.0,0.0,0.0,2.0,1.0,0.0
2000,NLCS,ruschgl01,NYN,NL,2,0,0,0,0,0,0,0,0,0.0,0,0.0,0.0,0.0,1.0,0.0,0.0
2000,NLCS,tatisfe01,SLN,NL,5,13,1,3,2,0,0,2,0,0.0,1,5.0,0.0,0.0,0.0,1.0,0.0
2000,NLCS,timlimi01,SLN,NL,3,0,0,0,0,0,0,0,0,0.0,0,0.0,0.0,0.0,0.0,0.0,0.0
2000,NLCS,trammbu01,NYN,NL,3,3,0,0,0,0,0,0,0,0.0,0,2.0,0.0,0.0,0.0,0.0,0.0
2000,NLCS,venturo01,NYN,NL,5,14,4,3,1,0,0,5,0,0.0,6,0.0,0.0,0.0,0.0,2.0,0.0
2000,NLCS,veresda01,SLN,NL,3,0,0,0,0,0,0,0,0,0.0,0,0.0,0.0,0.0,0.0,0.0,0.0
2000,NLCS,vinafe01,SLN,NL,5,23,3,6,1,0,0,1,0,0.0,1,4.0,0.0,0.0,0.0,0.0,0.0
2000,NLCS,wendetu01,NYN,NL,2,0,0,0,0,0,0,0,0,0.0,0,0.0,0.0,0.0,0.0,0.0,0.0
2000,NLCS,whiteri01,NYN,NL,1,0,0,0,0,0,0,0,0,0.0,0,0.0,0.0,0.0,0.0,0.0,0.0
2000,NLCS,wilkiri01,SLN,NL,2,2,0,0,0,0,0,0,0,0.0,0,0.0,0.0,0.0,0.0,0.0,0.0
2000,NLCS,zeileto01,NYN,NL,5,19,1,7,3,0,1,8,0,0.0,2,4.0,0.0,0.0,0.0,1.0,0.0
2000,NLDS1,ankieri01,SLN,NL,1,1,0,0,0,0,0,0,0,0.0,0,0.0,0.0,0.0,0.0,0.0,0.0
2000,NLDS1,ashbyan01,ATL,NL,2,0,0,0,0,0,0,0,0,0.0,0,0.0,0.0,0.0,0.0,0.0,0.0
2000,NLDS1,bakopa01,ATL,NL,2,1,0,0,0,0,0,0,0,0.0,0,1.0,0.0,0.0,0.0,0.0,0.0
2000,NLDS1,bonilbo01,ATL,NL,3,2,0,0,0,0,0,0,0,0.0,2,0.0,0.0,0.0,0.0,0.0,0.0
2000,NLDS1,burkejo03,ATL,NL,1,0,0,0,0,0,0,0,0,0.0,0,0.0,0.0,0.0,0.0,0.0,0.0
2000,NLDS1,chrisja01,SLN,NL,1,0,0,0,0,0,0,0,0,0.0,0,0.0,0.0,0.0,0.0,0.0,0.0
2000,NLDS1,clarkwi02,SLN,NL,3,12,3,3,0,0,1,4,0,0.0,1,3.0,1.0,1.0,0.0,0.0,0.0
2000,NLDS1,daviser01,SLN,NL,2,4,0,0,0,0,0,1,0,0.0,0,2.0,0.0,0.0,0.0,1.0,0.0
2000,NLDS1,drewjd01,SLN,NL,2,6,1,1,0,0,0,0,2,0.0,2,1.0,0.0,0.0,1.0,0.0,0.0
2000,NLDS1,dunstsh01,SLN,NL,1,1,0,1,0,0,0,0,0,0.0,0,0.0,0.0,0.0,0.0,0.0,0.0
2000,NLDS1,edmonji01,SLN,NL,3,14,5,8,4,0,2,7,1,0.0,1,2.0,0.0,0.0,0.0,0.0,0.0
2000,NLDS1,furcara01,ATL,NL,3,11,2,1,0,0,0,0,1,1.0,3,0.0,0.0,0.0,0.0,0.0,0.0
2000,NLDS1,galaran01,ATL,NL,3,10,1,2,1,0,0,1,0,0.0,2,4.0,0.0,1.0,0.0,0.0,0.0
2000,NLDS1,glavito02,ATL,NL,1,1,0,0,0,0,0,0,0,0.0,0,1.0,0.0,0.0,0.0,0.0,0.0
2000,NLDS1,hernaca01,SLN,NL,3,11,3,3,0,0,1,1,0,0.0,1,2.0,1.0,0.0,0.0,0.0,0.0
2000,NLDS1,jamesmi01,SLN,NL,2,1,0,0,0,0,0,0,0,0.0,0,1.0,0.0,0.0,0.0,0.0,0.0
2000,NLDS1,jonesan01,ATL,NL,3,9,3,1,0,0,1,1,0,1.0,4,1.0,0.0,0.0,0.0,0.0,1.0
2000,NLDS1,jonesch06,ATL,NL,3,12,2,4,1,0,0,1,0,0.0,1,4.0,0.0,0.0,0.0,0.0,0.0
2000,NLDS1,jordabr01,ATL,NL,3,11,1,4,1,0,0,4,0,0.0,1,1.0,0.0,0.0,0.0,0.0,0.0
2000,NLDS1,joynewa01,ATL,NL,3,3,0,1,1,0,0,0,0,0.0,0,0.0,0.0,0.0,0.0,0.0,0.0
2000,NLDS1,kileda01,SLN,NL,2,3,0,0,0,0,0,0,0,0.0,0,1.0,0.0,0.0,0.0,0.0,0.0
2000,NLDS1,lankfra01,SLN,NL,3,10,2,2,1,0,0,3,0,0.0,2,5.0,1.0,0.0,0.0,0.0,0.0
2000,NLDS1,ligteke01,ATL,NL,3,0,0,0,0,0,0,0,0,0.0,0,0.0,0.0,0.0,0.0,0.0,0.0
2000,NLDS1,lockhke01,ATL,NL,3,8,0,1,0,0,0,0,0,0.0,0,1.0,0.0,0.0,0.0,0.0,0.0
2000,NLDS1,lopezja01,ATL,NL,3,11,0,1,0,0,0,0,0,1.0,0,1.0,0.0,0.0,0.0,0.0,0.0
2000,NLDS1,maddugr01,ATL,NL,2,1,1,0,0,0,0,0,0,0.0,1,0.0,0.0,0.0,0.0,0.0,0.0
2000,NLDS1,mcgwima01,SLN,NL,3,2,1,1,0,0,1,1,0,0.0,1,0.0,1.0,0.0,0.0,0.0,0.0
2000,NLDS1,millwke01,ATL,NL,1,1,0,0,0,0,0,0,0,0.0,0,1.0,0.0,0.0,0.0,0.0,0.0
2000,NLDS1,morrima01,SLN,NL,2,0,0,0,0,0,0,0,0,0.0,0,0.0,0.0,0.0,0.0,0.0,0.0
2000,NLDS1,mulhote01,ATL,NL,3,0,0,0,0,0,0,0,0,0.0,0,0.0,0.0,0.0,0.0,0.0,0.0
2000,NLDS1,paquecr01,SLN,NL,2,2,0,0,0,0,0,0,0,0.0,0,0.0,0.0,0.0,0.0,0.0,0.0
2000,NLDS1,polanpl01,SLN,NL,3,10,1,3,0,0,0,3,1,0.0,1,0.0,1.0,0.0,0.0,0.0,0.0
2000,NLDS1,reamebr01,SLN,NL,2,1,0,0,0,0,0,0,0,0.0,0,0.0,0.0,0.0,0.0,0.0,0.0
2000,NLDS1,remlimi01,ATL,NL,3,0,0,0,0,0,0,0,0,0.0,0,0.0,0.0,0.0,0.0,0.0,0.0
2000,NLDS1,renteed01,SLN,NL,3,10,5,2,0,0,0,0,2,0.0,4,1.0,0.0,0.0,1.0,0.0,0.0
2000,NLDS1,rockejo01,ATL,NL,1,0,0,0,0,0,0,0,0,0.0,0,0.0,0.0,0.0,0.0,0.0,0.0
2000,NLDS1,sandere02,ATL,NL,3,9,0,0,0,0,0,0,0,0.0,2,5.0,0.0,0.0,0.0,0.0,0.0
2000,NLDS1,stephga01,SLN,NL,1,1,0,0,0,0,0,0,0,0.0,0,0.0,0.0,0.0,0.0,0.0,0.0
2000,NLDS1,surhobj01,ATL,NL,2,2,0,1,0,0,0,0,0,0.0,0,0.0,0.0,0.0,0.0,0.0,0.0
2000,NLDS1,timlimi01,SLN,NL,2,0,0,0,0,0,0,0,0,0.0,0,0.0,0.0,0.0,0.0,0.0,0.0
2000,NLDS1,veresda01,SLN,NL,2,0,0,0,0,0,0,0,0,0.0,0,0.0,0.0,0.0,0.0,0.0,0.0
2000,NLDS1,vinafe01,SLN,NL,3,13,3,4,0,0,1,3,0,1.0,1,1.0,0.0,1.0,0.0,0.0,0.0
2000,NLDS1,weisswa01,ATL,NL,1,3,0,2,1,0,0,2,0,0.0,0,0.0,0.0,0.0,0.0,0.0,0.0
2000,NLDS2,abbotku01,NYN,NL,1,2,0,0,0,0,0,0,0,0.0,0,1.0,0.0,0.0,0.0,0.0,0.0
2000,NLDS2,agbaybe01,NYN,NL,4,15,1,5,1,0,1,1,0,0.0,3,3.0,0.0,0.0,0.0,0.0,0.0
2000,NLDS2,alfoned01,NYN,NL,4,18,1,5,2,0,1,5,0,1.0,1,2.0,0.0,0.0,0.0,0.0,0.0
2000,NLDS2,aurilri01,SFN,NL,4,15,0,2,1,0,0,0,0,0.0,0,3.0,0.0,0.0,0.0,0.0,0.0
2000,NLDS2,bellde01,NYN,NL,1,1,0,0,0,0,0,0,0,0.0,0,0.0,0.0,0.0,0.0,0.0,0.0
2000,NLDS2,benarma01,SFN,NL,4,14,0,1,0,0,0,1,0,0.0,1,7.0,0.0,0.0,1.0,0.0,0.0
2000,NLDS2,benitar01,NYN,NL,2,0,0,0,0,0,0,0,0,0.0,0,0.0,0.0,0.0,0.0,0.0,0.0
2000,NLDS2,bondsba01,SFN,NL,4,17,2,3,1,1,0,1,1,0.0,3,4.0,1.0,0.0,0.0,0.0,0.0
2000,NLDS2,bordimi01,NYN,NL,4,12,3,2,0,0,0,0,0,0.0,3,4.0,0.0,2.0,0.0,0.0,0.0
2000,NLDS2,burksel01,SFN,NL,4,13,2,3,1,0,1,4,0,0.0,4,2.0,0.0,0.0,0.0,0.0,0.0
2000,NLDS2,cookde01,NYN,NL,2,0,0,0,0,0,0,0,0,0.0,0,0.0,0.0,0.0,0.0,0.0,0.0
2000,NLDS2,crespfe01,SFN,NL,4,4,0,1,0,0,0,0,0,0.0,0,0.0,0.0,0.0,0.0,0.0,0.0
2000,NLDS2,davisru01,SFN,NL,2,2,0,0,0,0,0,0,0,0.0,0,1.0,0.0,0.0,0.0,0.0,0.0
2000,NLDS2,deltomi01,SFN,NL,1,0,0,0,0,0,0,0,0,0.0,0,0.0,0.0,0.0,0.0,0.0,0.0
2000,NLDS2,embreal01,SFN,NL,2,0,0,0,0,0,0,0,0,0.0,0,0.0,0.0,0.0,0.0,0.0,0.0
2000,NLDS2,estalbo02,SFN,NL,4,12,1,1,0,0,0,1,0,0.0,0,2.0,0.0,0.0,0.0,0.0,0.0
2000,NLDS2,estessh01,SFN,NL,1,0,0,0,0,0,0,0,0,0.0,1,0.0,0.0,0.0,0.0,0.0,0.0
2000,NLDS2,francjo01,NYN,NL,2,0,0,0,0,0,0,0,0,0.0,0,0.0,0.0,0.0,0.0,0.0,0.0
2000,NLDS2,fultzaa01,SFN,NL,1,0,0,0,0,0,0,0,0,0.0,0,0.0,0.0,0.0,0.0,0.0,0.0
2000,NLDS2,gardnma01,SFN,NL,1,2,0,0,0,0,0,0,0,0.0,0,1.0,0.0,0.0,0.0,0.0,0.0
2000,NLDS2,hamilda02,NYN,NL,3,4,1,2,1,0,0,0,0,0.0,1,1.0,0.0,0.0,0.0,0.0,0.0
2000,NLDS2,hamptmi01,NYN,NL,1,2,0,1,0,0,0,0,0,0.0,0,1.0,0.0,0.0,0.0,0.0,0.0
2000,NLDS2,harrile01,NYN,NL,2,2,1,0,0,0,0,0,1,0.0,0,0.0,0.0,0.0,0.0,0.0,0.0
2000,NLDS2,henrydo01,SFN,NL,3,0,0,0,0,0,0,0,0,0.0,0,0.0,0.0,0.0,0.0,0.0,0.0
2000,NLDS2,hernali01,SFN,NL,1,3,0,0,0,0,0,0,0,0.0,0,1.0,0.0,0.0,0.0,0.0,0.0
2000,NLDS2,jonesbo03,NYN,NL,1,4,1,0,0,0,0,0,0,0.0,0,3.0,0.0,0.0,0.0,0.0,0.0
2000,NLDS2,kentje01,SFN,NL,4,16,3,6,1,0,0,1,1,0.0,1,3.0,0.0,0.0,0.0,0.0,0.0
2000,NLDS2,leiteal01,NYN,NL,1,4,0,0,0,0,0,0,0,0.0,0,2.0,0.0,0.0,0.0,0.0,1.0
2000,NLDS2,martira03,SFN,NL,2,6,0,2,0,0,0,0,0,0.0,0,2.0,0.0,0.0,0.0,0.0,0.0
2000,NLDS2,mcewijo01,NYN,NL,4,1,0,1,0,0,0,0,0,0.0,0,0.0,0.0,0.0,0.0,0.0,0.0
2000,NLDS2,mirabdo01,SFN,NL,2,2,0,0,0,0,0,0,0,0.0,1,1.0,0.0,0.0,0.0,0.0,0.0
2000,NLDS2,muellbi02,SFN,NL,4,20,2,5,2,0,0,0,0,0.0,0,4.0,0.0,0.0,1.0,0.0,1.0
2000,NLDS2,murraca01,SFN,NL,3,5,0,1,0,0,0,0,0,0.0,0,3.0,0.0,0.0,0.0,0.0,0.0
2000,NLDS2,nenro01,SFN,NL,2,0,0,0,0,0,0,0,0,0.0,0,0.0,0.0,0.0,0.0,0.0,0.0
2000,NLDS2,ortizru01,SFN,NL,1,3,0,0,0,0,0,0,0,0.0,0,1.0,0.0,0.0,0.0,0.0,0.0
2000,NLDS2,paytoja01,NYN,NL,4,17,1,3,0,0,0,2,1,1.0,0,4.0,0.0,0.0,0.0,1.0,1.0
2000,NLDS2,perezti01,NYN,NL,4,17,2,5,1,0,0,3,1,0.0,0,2.0,0.0,0.0,0.0,0.0,0.0
2000,NLDS2,piazzmi01,NYN,NL,4,14,1,3,1,0,0,0,0,0.0,4,3.0,1.0,0.0,0.0,0.0,0.0
2000,NLDS2,prattto02,NYN,NL,1,1,0,0,0,0,0,0,0,0.0,0,0.0,0.0,0.0,0.0,0.0,0.0
2000,NLDS2,reedri01,NYN,NL,1,1,0,0,0,0,0,0,0,0.0,0,0.0,0.0,0.0,0.0,0.0,0.0
2000,NLDS2,riosar01,SFN,NL,2,2,0,1,0,0,0,0,0,0.0,0,0.0,0.0,0.0,0.0,0.0,0.0
2000,NLDS2,rodrife01,SFN,NL,3,0,0,0,0,0,0,0,0,0.0,0,0.0,0.0,0.0,0.0,0.0,0.0
2000,NLDS2,rueteki01,SFN,NL,1,0,0,0,0,0,0,0,0,0.0,1,0.0,0.0,0.0,0.0,0.0,0.0
2000,NLDS2,ruschgl01,NYN,NL,1,0,0,0,0,0,0,0,0,0.0,0,0.0,0.0,0.0,0.0,0.0,0.0
2000,NLDS2,snowjt01,SFN,NL,4,10,1,4,0,0,1,3,0,0.0,4,1.0,2.0,0.0,0.0,0.0,0.0
2000,NLDS2,venturo01,NYN,NL,4,14,1,2,0,0,1,2,0,0.0,4,1.0,1.0,1.0,0.0,0.0,1.0
2000,NLDS2,wendetu01,NYN,NL,2,0,0,0,0,0,0,0,0,0.0,0,0.0,0.0,0.0,0.0,0.0,0.0
2000,NLDS2,whiteri01,NYN,NL,2,0,0,0,0,0,0,0,0,0.0,0,0.0,0.0,0.0,0.0,0.0,0.0
2000,NLDS2,zeileto01,NYN,NL,4,14,0,1,1,0,0,0,0,0.0,4,3.0,0.0,0.0,0.0,0.0,0.0
2000,WS,abbotku01,NYN,NL,5,8,0,2,1,0,0,0,0,0.0,1,3.0,0.0,0.0,0.0,0.0,0.0
2000,WS,agbaybe01,NYN,NL,5,18,2,5,2,0,0,2,0,0.0,3,6.0,0.0,0.0,0.0,0.0,0.0
2000,WS,alfoned01,NYN,NL,5,21,1,3,0,0,0,1,0,0.0,1,5.0,0.0,1.0,0.0,0.0,0.0
2000,WS,bellicl01,NYA,AL,4,0,0,0,0,0,0,0,0,0.0,0,0.0,0.0,0.0,0.0,0.0,0.0
2000,WS,benitar01,NYN,NL,3,0,0,0,0,0,0,0,0,0.0,0,0.0,0.0,0.0,0.0,0.0,0.0
2000,WS,bordimi01,NYN,NL,4,8,0,1,0,0,0,0,0,0.0,0,3.0,0.0,0.0,1.0,0.0,0.0
2000,WS,brosisc01,NYA,AL,5,13,2,4,0,0,1,3,0,0.0,2,2.0,1.0,1.0,0.0,2.0,0.0
2000,WS,cansejo01,NYA,AL,1,1,0,0,0,0,0,0,0,0.0,0,1.0,0.0,0.0,0.0,0.0,0.0
2000,WS,clemero02,NYA,AL,1,0,0,0,0,0,0,0,0,0.0,0,0.0,0.0,0.0,0.0,0.0,0.0
2000,WS,coneda01,NYA,AL,1,0,0,0,0,0,0,0,0,0.0,0,0.0,0.0,0.0,0.0,0.0,0.0
2000,WS,cookde01,NYN,NL,3,0,0,0,0,0,0,0,0,0.0,0,0.0,0.0,0.0,0.0,0.0,0.0
2000,WS,francjo01,NYN,NL,4,0,0,0,0,0,0,0,0,0.0,0,0.0,0.0,0.0,0.0,0.0,0.0
2000,WS,francma01,NYN,NL,1,1,0,0,0,0,0,0,0,0.0,0,1.0,0.0,0.0,0.0,0.0,0.0
2000,WS,hamilda02,NYN,NL,4,3,0,0,0,0,0,0,0,0.0,0,2.0,0.0,0.0,0.0,0.0,0.0
2000,WS,hamptmi01,NYN,NL,1,0,0,0,0,0,0,0,0,0.0,0,0.0,0.0,0.0,0.0,0.0,0.0
2000,WS,harrile01,NYN,NL,3,4,1,0,0,0,0,0,0,0.0,1,1.0,0.0,0.0,0.0,0.0,0.0
2000,WS,hernaor01,NYA,AL,1,2,0,0,0,0,0,0,0,0.0,0,2.0,0.0,0.0,1.0,0.0,0.0
2000,WS,hillgl01,NYA,AL,3,3,0,0,0,0,0,0,0,0.0,0,0.0,0.0,0.0,0.0,0.0,0.0
2000,WS,jeterde01,NYA,AL,5,22,6,9,2,1,2,2,0,0.0,3,8.0,0.0,0.0,0.0,0.0,0.0
2000,WS,jonesbo03,NYN,NL,1,2,0,0,0,0,0,0,0,0.0,0,1.0,0.0,0.0,0.0,0.0,0.0
2000,WS,justida01,NYA,AL,5,19,1,3,2,0,0,3,0,0.0,3,2.0,0.0,2.0,0.0,0.0,0.0
2000,WS,knoblch01,NYA,AL,4,10,1,1,0,0,0,1,0,1.0,2,1.0,0.0,0.0,0.0,1.0,0.0
2000,WS,leiteal01,NYN,NL,2,2,0,0,0,0,0,0,0,0.0,0,0.0,0.0,0.0,1.0,0.0,0.0
2000,WS,martiti02,NYA,AL,5,22,3,8,1,0,0,2,0,0.0,1,4.0,0.0,0.0,0.0,0.0,0.0
2000,WS,mcewijo01,NYN,NL,3,1,1,0,0,0,0,0,0,0.0,0,0.0,0.0,0.0,0.0,0.0,0.0
2000,WS,neaglde01,NYA,AL,1,2,0,0,0,0,0,0,0,0.0,0,1.0,0.0,0.0,0.0,0.0,0.0
2000,WS,nelsoje01,NYA,AL,3,0,0,0,0,0,0,0,0,0.0,0,0.0,0.0,0.0,0.0,0.0,0.0
2000,WS,oneilpa01,NYA,AL,5,19,2,9,2,2,0,2,0,0.0,3,4.0,1.0,0.0,0.0,0.0,2.0
2000,WS,paytoja01,NYN,NL,5,21,3,7,0,0,1,3,0,0.0,0,5.0,0.0,0.0,0.0,0.0,0.0
2000,WS,perezti01,NYN,NL,5,16,1,2,0,0,0,0,0,0.0,1,4.0,0.0,0.0,0.0,0.0,0.0
2000,WS,pettian01,NYA,AL,2,3,0,0,0,0,0,0,0,0.0,0,1.0,0.0,0.0,0.0,0.0,0.0
2000,WS,piazzmi01,NYN,NL,5,22,3,6,2,0,2,4,0,1.0,0,4.0,0.0,0.0,0.0,0.0,0.0
2000,WS,polonlu01,NYA,AL,2,2,0,1,0,0,0,0,0,0.0,0,0.0,0.0,0.0,0.0,0.0,0.0
2000,WS,posadjo01,NYA,AL,5,18,2,4,1,0,0,1,0,0.0,5,4.0,3.0,0.0,0.0,0.0,1.0
2000,WS,prattto02,NYN,NL,1,2,1,0,0,0,0,0,0,0.0,1,2.0,0.0,2.0,0.0,0.0,0.0
2000,WS,reedri01,NYN,NL,1,1,0,1,0,0,0,0,0,0.0,0,0.0,0.0,0.0,1.0,0.0,0.0
2000,WS,riverma01,NYA,AL,4,1,0,0,0,0,0,0,0,0.0,0,0.0,0.0,0.0,0.0,0.0,0.0
2000,WS,ruschgl01,NYN,NL,3,0,0,0,0,0,0,0,0,0.0,0,0.0,0.0,0.0,0.0,0.0,0.0
2000,WS,sojolu01,NYA,AL,4,7,0,2,0,0,0,2,1,0.0,1,0.0,0.0,0.0,0.0,0.0,0.0
2000,WS,stantmi02,NYA,AL,4,0,0,0,0,0,0,0,0,0.0,0,0.0,0.0,0.0,0.0,0.0,0.0
2000,WS,trammbu01,NYN,NL,4,5,1,2,0,0,0,3,0,0.0,1,1.0,0.0,0.0,0.0,1.0,0.0
2000,WS,venturo01,NYN,NL,5,20,1,3,1,0,1,1,0,0.0,1,5.0,0.0,0.0,0.0,0.0,0.0
2000,WS,vizcajo01,NYA,AL,4,17,0,4,0,0,0,1,0,1.0,0,5.0,0.0,0.0,0.0,0.0,0.0
2000,WS,wendetu01,NYN,NL,2,0,0,0,0,0,0,0,0,0.0,0,0.0,0.0,0.0,0.0,0.0,0.0
2000,WS,whiteri01,NYN,NL,1,0,0,0,0,0,0,0,0,0.0,0,0.0,0.0,0.0,0.0,0.0,0.0
2000,WS,willibe02,NYA,AL,5,18,2,2,0,0,1,1,0,0.0,5,5.0,2.0,0.0,0.0,0.0,0.0
2000,WS,zeileto01,NYN,NL,5,20,1,8,2,0,0,1,0,0.0,1,5.0,1.0,0.0,0.0,0.0,0.0
2001,ALCS,abbotpa01,SEA,AL,1,0,0,0,0,0,0,0,0,0.0,0,0.0,0.0,0.0,0.0,0.0,0.0
2001,ALCS,bellda01,SEA,AL,5,16,1,3,0,0,0,4,0,0.0,0,3.0,0.0,0.0,1.0,0.0,0.0
2001,ALCS,bellicl01,NYA,AL,1,1,0,0,0,0,0,0,0,0.0,0,0.0,0.0,0.0,0.0,0.0,0.0
2001,ALCS,boonebr01,SEA,AL,5,19,2,6,0,0,2,6,0,0.0,2,2.0,0.0,0.0,0.0,0.0,0.0
2001,ALCS,brosisc01,NYA,AL,5,16,3,3,2,0,0,2,0,0.0,0,6.0,0.0,0.0,2.0,0.0,1.0
2001,ALCS,buhneja01,SEA,AL,3,6,2,2,0,0,1,1,0,0.0,1,3.0,0.0,0.0,0.0,0.0,0.0
2001,ALCS,camermi01,SEA,AL,5,17,3,3,2,0,0,0,0,0.0,4,4.0,0.0,1.0,0.0,0.0,1.0
2001,ALCS,charlno01,SEA,AL,2,0,0,0,0,0,0,0,0,0.0,0,0.0,0.0,0.0,0.0,0.0,0.0
2001,ALCS,clemero02,NYA,AL,1,0,0,0,0,0,0,0,0,0.0,0,0.0,0.0,0.0,0.0,0.0,0.0
2001,ALCS,garcifr02,SEA,AL,1,0,0,0,0,0,0,0,0,0.0,0,0.0,0.0,0.0,0.0,0.0,0.0
2001,ALCS,gipsoch01,SEA,AL,2,1,1,0,0,0,0,0,0,0.0,0,0.0,0.0,0.0,0.0,0.0,0.0
2001,ALCS,greento02,NYA,AL,1,1,0,0,0,0,0,0,0,0.0,0,0.0,0.0,0.0,0.0,0.0,0.0
2001,ALCS,guillca01,SEA,AL,3,8,1,2,0,0,0,0,0,0.0,0,1.0,0.0,0.0,0.0,0.0,0.0
2001,ALCS,halamjo01,SEA,AL,2,0,0,0,0,0,0,0,0,0.0,0,0.0,0.0,0.0,0.0,0.0,0.0
2001,ALCS,hernaor01,NYA,AL,1,0,0,0,0,0,0,0,0,0.0,0,0.0,0.0,0.0,0.0,0.0,0.0
2001,ALCS,javiest01,SEA,AL,5,14,2,3,0,0,1,2,1,0.0,1,3.0,0.0,0.0,0.0,0.0,0.0
2001,ALCS,jeterde01,NYA,AL,5,17,0,2,0,0,0,2,0,0.0,2,2.0,0.0,0.0,1.0,1.0,0.0
2001,ALCS,justida01,NYA,AL,5,18,3,5,1,0,0,4,0,0.0,3,1.0,0.0,1.0,0.0,0.0,1.0
2001,ALCS,knoblch01,NYA,AL,5,18,0,6,1,0,0,3,0,1.0,2,3.0,0.0,0.0,1.0,0.0,1.0
2001,ALCS,lampkto01,SEA,AL,2,4,0,1,0,0,0,0,0,0.0,1,2.0,0.0,0.0,0.0,0.0,0.0
2001,ALCS,martial03,SEA,AL,2,2,1,1,0,1,0,0,0,0.0,0,0.0,0.0,0.0,0.0,0.0,0.0
2001,ALCS,martied01,SEA,AL,5,20,1,3,1,0,0,0,0,0.0,1,6.0,0.0,0.0,0.0,0.0,1.0
2001,ALCS,martiti02,NYA,AL,5,20,3,5,1,0,1,3,0,1.0,0,4.0,0.0,0.0,0.0,0.0,0.0
2001,ALCS,mclemma01,SEA,AL,5,14,1,2,0,1,0,3,0,0.0,2,2.0,0.0,0.0,0.0,0.0,0.0
2001,ALCS,mendora01,NYA,AL,3,0,0,0,0,0,0,0,0,0.0,0,0.0,0.0,0.0,0.0,0.0,0.0
2001,ALCS,moyerja01,SEA,AL,1,0,0,0,0,0,0,0,0,0.0,0,0.0,0.0,0.0,0.0,0.0,0.0
2001,ALCS,mussimi01,NYA,AL,1,0,0,0,0,0,0,0,0,0.0,0,0.0,0.0,0.0,0.0,0.0,0.0
2001,ALCS,nelsoje01,SEA,AL,2,0,0,0,0,0,0,0,0,0.0,0,0.0,0.0,0.0,0.0,0.0,0.0
2001,ALCS,olerujo01,SEA,AL,5,19,2,4,0,0,1,3,0,0.0,2,4.0,0.0,0.0,0.0,0.0,1.0
2001,ALCS,oneilpa01,NYA,AL,5,12,2,5,0,0,2,3,0,0.0,1,0.0,0.0,0.0,0.0,0.0,0.0
2001,ALCS,paniajo01,SEA,AL,3,0,0,0,0,0,0,0,0,0.0,0,0.0,0.0,0.0,0.0,0.0,0.0
2001,ALCS,pettian01,NYA,AL,2,0,0,0,0,0,0,0,0,0.0,0,0.0,0.0,0.0,0.0,0.0,0.0
2001,ALCS,pineijo01,SEA,AL,1,0,0,0,0,0,0,0,0,0.0,0,0.0,0.0,0.0,0.0,0.0,0.0
2001,ALCS,posadjo01,NYA,AL,5,14,4,3,1,0,0,0,0,0.0,6,7.0,1.0,0.0,0.0,0.0,0.0
2001,ALCS,rhodear01,SEA,AL,2,0,0,0,0,0,0,0,0,0.0,0,0.0,0.0,0.0,0.0,0.0,0.0
2001,ALCS,riverma01,NYA,AL,4,0,0,0,0,0,0,0,0,0.0,0,0.0,0.0,0.0,0.0,0.0,0.0
2001,ALCS,sasakka01,SEA,AL,1,0,0,0,0,0,0,0,0,0.0,0,0.0,0.0,0.0,0.0,0.0,0.0
2001,ALCS,seleaa01,SEA,AL,2,0,0,0,0,0,0,0,0,0.0,0,0.0,0.0,0.0,0.0,0.0,0.0
2001,ALCS,sojolu01,NYA,AL,1,1,0,0,0,0,0,0,0,0.0,0,0.0,0.0,0.0,0.0,0.0,0.0
2001,ALCS,soriaal01,NYA,AL,5,15,5,6,0,0,1,2,2,0.0,3,3.0,0.0,1.0,0.0,0.0,0.0
2001,ALCS,spencsh01,NYA,AL,5,7,1,2,1,0,0,0,1,0.0,1,1.0,0.0,0.0,0.0,0.0,0.0
2001,ALCS,stantmi02,NYA,AL,2,0,0,0,0,0,0,0,0,0.0,0,0.0,0.0,0.0,0.0,0.0,0.0
2001,ALCS,suzukic01,SEA,AL,5,18,3,4,1,0,0,1,2,0.0,4,4.0,2.0,0.0,0.0,0.0,0.0
2001,ALCS,velarra01,NYA,AL,1,1,0,0,0,0,0,0,0,0.0,0,0.0,0.0,0.0,0.0,0.0,0.0
2001,ALCS,willibe02,NYA,AL,5,17,4,4,0,0,3,5,0,1.0,5,4.0,0.0,0.0,0.0,0.0,1.0
2001,ALCS,wilsoda01,SEA,AL,4,13,2,2,0,0,0,0,0,0.0,0,1.0,0.0,0.0,0.0,0.0,0.0
2001,ALCS,wilsoen01,NYA,AL,1,1,0,1,0,0,0,0,0,0.0,0,0.0,0.0,0.0,0.0,0.0,0.0
2001,ALCS,witasja01,NYA,AL,1,0,0,0,0,0,0,0,0,0.0,0,0.0,0.0,0.0,0.0,0.0,0.0
2001,ALCS,wohlema01,NYA,AL,1,0,0,0,0,0,0,0,0,0.0,0,0.0,0.0,0.0,0.0,0.0,0.0
2001,ALDS1,abbotpa01,SEA,AL,1,0,0,0,0,0,0,0,0,0.0,0,0.0,0.0,0.0,0.0,0.0,0.0
2001,ALDS1,alomaro01,CLE,AL,5,21,3,4,3,0,0,3,0,0.0,2,5.0,0.0,0.0,0.0,0.0,2.0
2001,ALDS1,baezda01,CLE,AL,3,0,0,0,0,0,0,0,0,0.0,0,0.0,0.0,0.0,0.0,0.0,0.0
2001,ALDS1,bellda01,SEA,AL,5,16,2,5,1,0,1,2,0,0.0,1,6.0,0.0,0.0,0.0,1.0,0.0
2001,ALDS1,boonebr01,SEA,AL,5,21,1,2,0,0,0,0,1,0.0,1,11.0,0.0,0.0,0.0,0.0,1.0
2001,ALDS1,branyru01,CLE,AL,2,3,1,1,0,0,0,0,0,0.0,0,1.0,0.0,0.0,0.0,0.0,0.0
2001,ALDS1,buhneja01,SEA,AL,2,3,0,0,0,0,0,0,0,0.0,2,1.0,0.0,0.0,0.0,0.0,0.0
2001,ALDS1,burbada01,CLE,AL,1,0,0,0,0,0,0,0,0,0.0,0,0.0,0.0,0.0,0.0,0.0,0.0
2001,ALDS1,burksel01,CLE,AL,5,19,4,6,1,0,1,1,0,0.0,1,3.0,0.0,0.0,0.0,0.0,0.0
2001,ALDS1,cabrejo02,CLE,AL,2,1,1,1,0,0,0,1,0,0.0,0,0.0,0.0,1.0,0.0,0.0,0.0
2001,ALDS1,camermi01,SEA,AL,5,18,2,4,3,0,1,3,0,1.0,2,7.0,0.0,1.0,0.0,0.0,0.0
2001,ALDS1,charlno01,SEA,AL,1,0,0,0,0,0,0,0,0,0.0,0,0.0,0.0,0.0,0.0,0.0,0.0
2001,ALDS1,colonba01,CLE,AL,2,0,0,0,0,0,0,0,0,0.0,0,0.0,0.0,0.0,0.0,0.0,0.0
2001,ALDS1,cordewi01,CLE,AL,1,1,0,0,0,0,0,0,0,0.0,0,0.0,0.0,0.0,0.0,0.0,0.0
2001,ALDS1,cordoma01,CLE,AL,4,12,0,3,0,0,0,1,0,0.0,0,5.0,0.0,0.0,0.0,0.0,1.0
2001,ALDS1,diazei01,CLE,AL,5,16,3,5,0,0,0,2,0,0.0,2,1.0,0.0,0.0,0.0,0.0,0.0
2001,ALDS1,finlech01,CLE,AL,2,0,0,0,0,0,0,0,0,0.0,0,0.0,0.0,0.0,0.0,0.0,0.0
2001,ALDS1,frymatr01,CLE,AL,5,17,4,3,1,0,0,2,0,0.0,2,7.0,0.0,0.0,0.0,0.0,0.0
2001,ALDS1,garcifr02,SEA,AL,2,0,0,0,0,0,0,0,0,0.0,0,0.0,0.0,0.0,0.0,0.0,0.0
2001,ALDS1,gipsoch01,SEA,AL,1,1,0,0,0,0,0,0,0,0.0,0,0.0,0.0,0.0,0.0,0.0,0.0
2001,ALDS1,gonzaju03,CLE,AL,5,23,4,8,3,0,2,5,0,0.0,0,7.0,0.0,0.0,0.0,0.0,1.0
2001,ALDS1,halamjo01,SEA,AL,2,0,0,0,0,0,0,0,0,0.0,0,0.0,0.0,0.0,0.0,0.0,0.0
2001,ALDS1,javiest01,SEA,AL,4,8,2,2,1,0,0,0,0,0.0,2,1.0,0.0,0.0,2.0,0.0,0.0
2001,ALDS1,lampkto01,SEA,AL,2,2,0,0,0,0,0,0,0,0.0,0,2.0,0.0,0.0,0.0,0.0,0.0
2001,ALDS1,loftoke01,CLE,AL,5,19,2,2,0,0,1,3,0,0.0,3,5.0,0.0,0.0,0.0,1.0,1.0
2001,ALDS1,martial03,SEA,AL,3,2,1,0,0,0,0,0,0,0.0,0,0.0,0.0,0.0,0.0,0.0,0.0
2001,ALDS1,martied01,SEA,AL,5,16,3,5,1,0,2,5,1,0.0,5,2.0,1.0,0.0,0.0,0.0,0.0
2001,ALDS1,mclemma01,SEA,AL,5,18,0,3,0,0,0,3,0,0.0,1,8.0,0.0,0.0,0.0,0.0,1.0
2001,ALDS1,moyerja01,SEA,AL,2,0,0,0,0,0,0,0,0,0.0,0,0.0,0.0,0.0,0.0,0.0,0.0
2001,ALDS1,nelsoje01,SEA,AL,3,0,0,0,0,0,0,0,0,0.0,0,0.0,0.0,0.0,0.0,0.0,0.0
2001,ALDS1,olerujo01,SEA,AL,5,17,1,3,0,0,0,1,0,0.0,3,5.0,0.0,0.0,0.0,0.0,1.0
2001,ALDS1,paniajo01,SEA,AL,2,0,0,0,0,0,0,0,0,0.0,0,0.0,0.0,0.0,0.0,0.0,0.0
2001,ALDS1,rhodear01,SEA,AL,3,0,0,0,0,0,0,0,0,0.0,0,0.0,0.0,0.0,0.0,0.0,0.0
2001,ALDS1,rincori01,CLE,AL,3,0,0,0,0,0,0,0,0,0.0,0,0.0,0.0,0.0,0.0,0.0,0.0
2001,ALDS1,riskeda01,CLE,AL,3,0,0,0,0,0,0,0,0,0.0,0,0.0,0.0,0.0,0.0,0.0,0.0
2001,ALDS1,rockejo01,CLE,AL,1,0,0,0,0,0,0,0,0,0.0,0,0.0,0.0,0.0,0.0,0.0,0.0
2001,ALDS1,sabatcc01,CLE,AL,1,0,0,0,0,0,0,0,0,0.0,0,0.0,0.0,0.0,0.0,0.0,0.0
2001,ALDS1,sasakka01,SEA,AL,3,0,0,0,0,0,0,0,0,0.0,0,0.0,0.0,0.0,0.0,0.0,0.0
2001,ALDS1,seleaa01,SEA,AL,1,0,0,0,0,0,0,0,0,0.0,0,0.0,0.0,0.0,0.0,0.0,0.0
2001,ALDS1,shueypa01,CLE,AL,2,0,0,0,0,0,0,0,0,0.0,0,0.0,0.0,0.0,0.0,0.0,0.0
2001,ALDS1,spraged02,SEA,AL,1,1,0,0,0,0,0,0,0,0.0,0,0.0,0.0,0.0,0.0,0.0,0.0
2001,ALDS1,suzukic01,SEA,AL,5,20,4,12,1,0,0,2,1,2.0,1,0.0,0.0,0.0,0.0,0.0,0.0
2001,ALDS1,thomeji01,CLE,AL,5,19,2,3,0,0,1,1,0,0.0,2,8.0,0.0,0.0,0.0,0.0,0.0
2001,ALDS1,vazqura01,SEA,AL,1,0,0,0,0,0,0,0,0,0.0,0,0.0,0.0,0.0,0.0,0.0,0.0
2001,ALDS1,vizquom01,CLE,AL,5,22,2,9,1,1,0,6,1,0.0,1,1.0,0.0,0.0,0.0,0.0,0.0
2001,ALDS1,wickmbo01,CLE,AL,1,0,0,0,0,0,0,0,0,0.0,0,0.0,0.0,0.0,0.0,0.0,0.0
2001,ALDS1,wilsoda01,SEA,AL,5,15,0,3,1,0,0,0,0,0.0,0,5.0,0.0,0.0,0.0,0.0,1.0
2001,ALDS2,bellicl01,NYA,AL,1,0,0,0,0,0,0,0,0,0.0,0,0.0,0.0,0.0,0.0,0.0,0.0
2001,ALDS2,bradfch01,OAK,AL,1,0,0,0,0,0,0,0,0,0.0,0,0.0,0.0,0.0,0.0,0.0,0.0
2001,ALDS2,brosisc01,NYA,AL,5,17,0,1,0,0,0,1,0,0.0,0,3.0,0.0,1.0,1.0,0.0,0.0
2001,ALDS2,byrneer01,OAK,AL,2,2,0,0,0,0,0,0,0,0.0,0,1.0,0.0,0.0,0.0,0.0,0.0
2001,ALDS2,chaveer01,OAK,AL,5,21,0,3,1,0,0,0,0,0.0,0,5.0,0.0,0.0,0.0,0.0,1.0
2001,ALDS2,clemero02,NYA,AL,2,0,0,0,0,0,0,0,0,0.0,0,0.0,0.0,0.0,0.0,0.0,0.0
2001,ALDS2,damonjo01,OAK,AL,5,22,3,9,2,1,0,0,2,0.0,1,1.0,0.0,0.0,0.0,0.0,0.0
2001,ALDS2,dyeje01,OAK,AL,4,13,0,3,2,0,0,0,0,0.0,2,2.0,0.0,0.0,0.0,0.0,0.0
2001,ALDS2,gantro01,OAK,AL,4,11,1,2,0,0,1,1,0,0.0,0,3.0,0.0,0.0,0.0,0.0,0.0
2001,ALDS2,giambja01,OAK,AL,5,17,2,6,0,0,1,4,0,0.0,4,2.0,1.0,0.0,0.0,1.0,1.0
2001,ALDS2,giambje01,OAK,AL,5,13,0,4,1,0,0,2,1,0.0,1,0.0,0.0,0.0,0.0,0.0,0.0
2001,ALDS2,guthrma01,OAK,AL,2,0,0,0,0,0,0,0,0,0.0,0,0.0,0.0,0.0,0.0,0.0,0.0
2001,ALDS2,hernaor01,NYA,AL,1,0,0,0,0,0,0,0,0,0.0,0,0.0,0.0,0.0,0.0,0.0,0.0
2001,ALDS2,hernara02,OAK,AL,5,10,0,0,0,0,0,0,0,0.0,1,4.0,0.0,1.0,0.0,0.0,0.0
2001,ALDS2,hiljuer01,OAK,AL,1,0,0,0,0,0,0,0,0,0.0,0,0.0,0.0,0.0,0.0,0.0,0.0
2001,ALDS2,hitchst01,NYA,AL,1,0,0,0,0,0,0,0,0,0.0,0,0.0,0.0,0.0,0.0,0.0,0.0
2001,ALDS2,hudsoti01,OAK,AL,2,0,0,0,0,0,0,0,0,0.0,0,0.0,0.0,0.0,0.0,0.0,0.0
2001,ALDS2,isrinja01,OAK,AL,2,0,0,0,0,0,0,0,0,0.0,0,0.0,0.0,0.0,0.0,0.0,0.0
2001,ALDS2,jeterde01,NYA,AL,5,18,2,8,1,0,0,1,0,1.0,1,0.0,0.0,1.0,0.0,1.0,0.0
2001,ALDS2,justida01,NYA,AL,4,13,3,3,0,1,1,1,0,0.0,2,5.0,0.0,0.0,0.0,0.0,0.0
2001,ALDS2,knoblch01,NYA,AL,5,22,1,6,1,0,0,1,1,1.0,0,0.0,0.0,0.0,0.0,0.0,0.0
2001,ALDS2,lidleco01,OAK,AL,1,0,0,0,0,0,0,0,0,0.0,0,0.0,0.0,0.0,0.0,0.0,0.0
2001,ALDS2,longte01,OAK,AL,5,18,3,7,3,0,2,3,0,0.0,1,2.0,0.0,0.0,0.0,0.0,0.0
2001,ALDS2,magnami01,OAK,AL,1,0,0,0,0,0,0,0,0,0.0,0,0.0,0.0,0.0,0.0,0.0,0.0
2001,ALDS2,martiti02,NYA,AL,5,18,1,2,0,0,1,2,0,0.0,1,6.0,0.0,2.0,0.0,0.0,0.0
2001,ALDS2,mecirji01,OAK,AL,2,0,0,0,0,0,0,0,0,0.0,0,0.0,0.0,0.0,0.0,0.0,0.0
2001,ALDS2,mendora01,NYA,AL,3,0,0,0,0,0,0,0,0,0.0,0,0.0,0.0,0.0,0.0,0.0,0.0
2001,ALDS2,menecfr01,OAK,AL,4,12,2,1,0,0,0,0,0,0.0,1,4.0,0.0,0.0,0.0,0.0,0.0
2001,ALDS2,muldema01,OAK,AL,2,0,0,0,0,0,0,0,0,0.0,0,0.0,0.0,0.0,0.0,0.0,0.0
2001,ALDS2,mussimi01,NYA,AL,1,0,0,0,0,0,0,0,0,0.0,0,0.0,0.0,0.0,0.0,0.0,0.0
2001,ALDS2,myersgr01,OAK,AL,3,7,0,1,0,0,0,0,0,0.0,0,3.0,0.0,0.0,0.0,0.0,1.0
2001,ALDS2,oneilpa01,NYA,AL,3,11,1,1,1,0,0,0,0,0.0,0,0.0,0.0,0.0,0.0,0.0,0.0
2001,ALDS2,pettian01,NYA,AL,1,0,0,0,0,0,0,0,0,0.0,0,0.0,0.0,0.0,0.0,0.0,0.0
2001,ALDS2,posadjo01,NYA,AL,5,18,3,8,1,0,1,2,1,0.0,2,2.0,0.0,0.0,0.0,0.0,1.0
2001,ALDS2,riverma01,NYA,AL,3,0,0,0,0,0,0,0,0,0.0,0,0.0,0.0,0.0,0.0,0.0,0.0
2001,ALDS2,saenzol01,OAK,AL,3,4,0,0,0,0,0,0,0,0.0,0,1.0,0.0,0.0,0.0,0.0,0.0
2001,ALDS2,santafp01,OAK,AL,2,3,0,1,1,0,0,0,0,0.0,0,0.0,0.0,1.0,0.0,0.0,0.0
2001,ALDS2,soriaal01,NYA,AL,5,18,2,4,0,0,0,3,2,1.0,1,5.0,0.0,0.0,0.0,0.0,0.0
2001,ALDS2,spencsh01,NYA,AL,3,8,1,2,1,0,0,0,0,0.0,1,4.0,0.0,0.0,0.0,0.0,0.0
2001,ALDS2,stantmi02,NYA,AL,3,0,0,0,0,0,0,0,0,0.0,0,0.0,0.0,0.0,0.0,0.0,0.0
2001,ALDS2,tamje01,OAK,AL,1,0,0,0,0,0,0,0,0,0.0,0,0.0,0.0,0.0,0.0,0.0,0.0
2001,ALDS2,tejadmi01,OAK,AL,5,21,1,6,3,0,0,1,0,0.0,0,3.0,0.0,1.0,0.0,1.0,0.0
2001,ALDS2,velarra01,NYA,AL,2,5,0,1,0,0,0,0,0,0.0,0,1.0,0.0,0.0,1.0,0.0,0.0
2001,ALDS2,willibe02,NYA,AL,5,18,4,4,3,0,0,5,0,1.0,3,3.0,0.0,0.0,0.0,0.0,2.0
2001,ALDS2,witasja01,NYA,AL,1,0,0,0,0,0,0,0,0,0.0,0,0.0,0.0,0.0,0.0,0.0,0.0
2001,ALDS2,zitoba01,OAK,AL,1,0,0,0,0,0,0,0,0,0.0,0,0.0,0.0,0.0,0.0,0.0,0.0
2001,NLCS,anderbr02,ARI,NL,1,1,0,0,0,0,0,0,0,0.0,0,1.0,0.0,0.0,0.0,0.0,0.0
2001,NLCS,bakopa01,ATL,NL,3,3,0,0,0,0,0,0,0,0.0,0,0.0,0.0,0.0,0.0,0.0,0.0
2001,NLCS,batismi01,ARI,NL,2,2,0,0,0,0,0,0,0,0.0,0,1.0,0.0,0.0,0.0,0.0,0.0
2001,NLCS,bautida01,ARI,NL,2,4,1,1,0,0,0,1,0,0.0,1,1.0,0.0,0.0,0.0,0.0,0.0
2001,NLCS,bellja01,ARI,NL,1,4,0,0,0,0,0,0,0,0.0,0,0.0,0.0,0.0,0.0,0.0,0.0
2001,NLCS,burkejo03,ATL,NL,1,1,0,0,0,0,0,0,0,0.0,0,1.0,0.0,0.0,0.0,0.0,0.0
2001,NLCS,colbrgr01,ARI,NL,1,1,0,0,0,0,0,0,0,0.0,0,0.0,0.0,0.0,0.0,0.0,0.0
2001,NLCS,counscr01,ARI,NL,5,21,5,8,3,0,0,4,1,0.0,0,3.0,0.0,0.0,2.0,0.0,0.0
2001,NLCS,cummimi01,ARI,NL,1,1,0,0,0,0,0,0,0,0.0,0,0.0,0.0,0.0,0.0,0.0,0.0
2001,NLCS,delluda01,ARI,NL,2,2,1,1,0,0,0,0,0,0.0,0,0.0,0.0,0.0,0.0,0.0,0.0
2001,NLCS,derosma01,ATL,NL,4,4,0,0,0,0,0,0,0,0.0,0,0.0,0.0,0.0,0.0,0.0,0.0
2001,NLCS,durazer01,ARI,NL,2,3,1,1,0,0,1,2,0,0.0,0,1.0,0.0,0.0,0.0,0.0,0.0
2001,NLCS,finlest01,ARI,NL,5,14,1,4,1,0,0,4,1,0.0,3,1.0,2.0,0.0,0.0,0.0,1.0
2001,NLCS,francju01,ATL,NL,5,23,2,6,0,0,1,2,0,0.0,0,2.0,0.0,0.0,0.0,0.0,0.0
2001,NLCS,gilesma01,ATL,NL,5,20,4,4,1,0,1,1,0,0.0,3,4.0,0.0,0.0,0.0,0.0,1.0
2001,NLCS,gilkebe01,ATL,NL,3,5,0,1,0,0,0,0,0,0.0,2,1.0,0.0,0.0,0.0,0.0,0.0
2001,NLCS,glavito02,ATL,NL,2,3,0,0,0,0,0,0,0,0.0,0,2.0,0.0,0.0,0.0,0.0,0.0
2001,NLCS,gonzalu01,ARI,NL,5,19,4,4,0,0,1,4,0,0.0,3,3.0,2.0,1.0,0.0,0.0,0.0
2001,NLCS,gracema01,ARI,NL,5,16,1,6,0,0,0,1,0,0.0,2,1.0,1.0,0.0,0.0,0.0,2.0
2001,NLCS,johnsra05,ARI,NL,2,6,0,0,0,0,0,0,0,0.0,0,2.0,0.0,0.0,0.0,0.0,0.0
2001,NLCS,jonesan01,ATL,NL,5,17,4,3,0,0,1,1,0,0.0,1,5.0,0.0,0.0,0.0,0.0,0.0
2001,NLCS,jonesch06,ATL,NL,5,19,1,5,1,0,0,2,0,0.0,3,6.0,0.0,0.0,0.0,0.0,0.0
2001,NLCS,jordabr01,ATL,NL,5,21,1,4,2,0,0,3,0,0.0,0,6.0,0.0,0.0,0.0,0.0,1.0
2001,NLCS,karsast01,ATL,NL,4,0,0,0,0,0,0,0,0,0.0,0,0.0,0.0,0.0,0.0,0.0,0.0
2001,NLCS,kimby01,ARI,NL,3,1,0,0,0,0,0,0,0,0.0,0,0.0,0.0,0.0,0.0,0.0,0.0
2001,NLCS,ligteke01,ATL,NL,2,0,0,0,0,0,0,0,0,0.0,0,0.0,0.0,0.0,0.0,0.0,0.0
2001,NLCS,lockhke01,ATL,NL,2,1,0,0,0,0,0,0,0,0.0,1,0.0,0.0,0.0,0.0,0.0,0.0
2001,NLCS,lopezal02,ARI,NL,1,1,0,0,0,0,0,0,0,0.0,0,1.0,0.0,0.0,0.0,0.0,0.0
2001,NLCS,lopezja01,ATL,NL,5,14,1,2,0,0,1,2,0,0.0,1,4.0,0.0,0.0,0.0,0.0,1.0
2001,NLCS,maddugr01,ATL,NL,2,3,0,1,1,0,0,0,0,0.0,0,2.0,0.0,0.0,0.0,0.0,0.0
2001,NLCS,marquja01,ATL,NL,4,0,0,0,0,0,0,0,0,0.0,0,0.0,0.0,0.0,0.0,0.0,0.0
2001,NLCS,martida01,ATL,NL,4,5,0,1,0,0,0,0,0,0.0,0,1.0,0.0,0.0,0.0,0.0,0.0
2001,NLCS,milleda02,ARI,NL,5,17,0,3,0,0,0,0,0,0.0,2,5.0,0.0,0.0,0.0,0.0,2.0
2001,NLCS,millwke01,ATL,NL,1,0,0,0,0,0,0,0,0,0.0,0,0.0,0.0,0.0,0.0,0.0,0.0
2001,NLCS,morgami01,ARI,NL,2,0,0,0,0,0,0,0,0,0.0,0,0.0,0.0,0.0,0.0,0.0,0.0
2001,NLCS,reedst01,ATL,NL,1,0,0,0,0,0,0,0,0,0.0,0,0.0,0.0,0.0,0.0,0.0,0.0
2001,NLCS,remlimi01,ATL,NL,3,0,0,0,0,0,0,0,0,0.0,0,0.0,0.0,0.0,0.0,0.0,0.0
2001,NLCS,sanchre01,ATL,NL,5,17,1,5,1,0,0,1,0,0.0,0,4.0,0.0,0.0,0.0,0.0,0.0
2001,NLCS,sandere02,ARI,NL,5,17,2,2,0,0,0,1,1,0.0,5,5.0,0.0,0.0,0.0,0.0,0.0
2001,NLCS,schilcu01,ARI,NL,1,4,1,1,0,0,0,0,0,0.0,0,2.0,0.0,0.0,0.0,0.0,0.0
2001,NLCS,seaneru01,ATL,NL,2,0,0,0,0,0,0,0,0,0.0,0,0.0,0.0,0.0,0.0,0.0,0.0
2001,NLCS,smoltjo01,ATL,NL,2,0,0,0,0,0,0,0,0,0.0,0,0.0,0.0,0.0,0.0,0.0,0.0
2001,NLCS,surhobj01,ATL,NL,4,13,1,3,0,0,1,2,0,1.0,0,1.0,0.0,0.0,0.0,0.0,0.0
2001,NLCS,swindgr01,ARI,NL,2,0,0,0,0,0,0,0,0,0.0,0,0.0,0.0,0.0,0.0,0.0,0.0
2001,NLCS,willima04,ARI,NL,5,18,1,5,1,0,0,2,0,0.0,2,3.0,0.0,0.0,0.0,0.0,0.0
2001,NLCS,wittbo01,ARI,NL,1,0,0,0,0,0,0,0,0,0.0,0,0.0,0.0,0.0,0.0,0.0,0.0
2001,NLCS,womacto01,ARI,NL,4,20,4,4,1,0,0,0,0,1.0,0,2.0,0.0,0.0,0.0,0.0,0.0
2001,NLDS1,aloumo01,HOU,NL,3,12,0,2,1,0,0,1,0,0.0,0,1.0,0.0,0.0,0.0,0.0,0.0
2001,NLDS1,ausmubr01,HOU,NL,3,8,1,2,0,0,1,2,0,0.0,0,0.0,0.0,0.0,0.0,0.0,1.0
2001,NLDS1,bagweje01,HOU,NL,3,7,0,3,0,0,0,0,0,1.0,5,1.0,0.0,0.0,0.0,0.0,0.0
2001,NLDS1,bakopa01,ATL,NL,3,7,1,2,1,0,1,3,0,0.0,1,0.0,0.0,0.0,1.0,0.0,0.0
2001,NLDS1,berkmla01,HOU,NL,3,12,0,2,0,0,0,0,0,0.0,0,4.0,0.0,0.0,0.0,0.0,2.0
2001,NLDS1,biggicr01,HOU,NL,3,12,0,2,0,0,0,0,0,0.0,0,1.0,0.0,0.0,0.0,0.0,0.0
2001,NLDS1,burkejo03,ATL,NL,1,2,0,0,0,0,0,0,0,0.0,0,1.0,0.0,0.0,0.0,0.0,0.0
2001,NLDS1,caminke01,ATL,NL,2,2,0,0,0,0,0,0,0,0.0,0,1.0,0.0,0.0,0.0,0.0,0.0
2001,NLDS1,castivi02,HOU,NL,3,11,1,3,0,0,1,1,0,0.0,0,3.0,0.0,0.0,0.0,0.0,1.0
2001,NLDS1,cruzne01,HOU,NL,2,0,0,0,0,0,0,0,0,0.0,0,0.0,0.0,0.0,0.0,0.0,0.0
2001,NLDS1,derosma01,ATL,NL,1,1,0,1,0,0,0,0,0,0.0,0,0.0,0.0,0.0,0.0,0.0,0.0
2001,NLDS1,doteloc01,HOU,NL,2,0,0,0,0,0,0,0,0,0.0,0,0.0,0.0,0.0,0.0,0.0,0.0
2001,NLDS1,eusebto01,HOU,NL,1,3,1,2,1,0,0,0,0,0.0,0,0.0,0.0,0.0,0.0,0.0,0.0
2001,NLDS1,francju01,ATL,NL,3,13,3,4,0,0,1,1,0,1.0,0,1.0,0.0,0.0,0.0,0.0,0.0
2001,NLDS1,gilesma01,ATL,NL,3,12,2,3,1,0,0,1,0,0.0,0,3.0,0.0,0.0,0.0,0.0,0.0
2001,NLDS1,glavito02,ATL,NL,1,3,0,1,0,0,0,0,0,0.0,0,0.0,0.0,0.0,0.0,0.0,0.0
2001,NLDS1,hidalri01,HOU,NL,3,8,1,1,0,0,0,0,0,0.0,3,2.0,0.0,0.0,0.0,0.0,0.0
2001,NLDS1,jacksmi02,HOU,NL,2,0,0,0,0,0,0,0,0,0.0,0,0.0,0.0,0.0,0.0,0.0,0.0
2001,NLDS1,jonesan01,ATL,NL,3,12,2,6,0,0,1,1,0,0.0,0,3.0,0.0,0.0,0.0,0.0,0.0
2001,NLDS1,jonesch06,ATL,NL,3,9,2,4,0,0,2,5,0,1.0,3,1.0,1.0,0.0,0.0,0.0,0.0
2001,NLDS1,jordabr01,ATL,NL,3,11,1,2,0,0,1,2,0,1.0,0,5.0,0.0,0.0,0.0,1.0,0.0
2001,NLDS1,karsast01,ATL,NL,1,0,0,0,0,0,0,0,0,0.0,0,0.0,0.0,0.0,0.0,0.0,0.0
2001,NLDS1,lockhke01,ATL,NL,1,2,1,1,1,0,0,0,0,0.0,0,0.0,0.0,0.0,0.0,0.0,0.0
2001,NLDS1,lugoju01,HOU,NL,3,8,1,0,0,0,0,0,0,0.0,0,2.0,0.0,0.0,0.0,0.0,1.0
2001,NLDS1,maddugr01,ATL,NL,1,2,0,0,0,0,0,0,0,0.0,0,1.0,0.0,0.0,0.0,0.0,0.0
2001,NLDS1,martida01,ATL,NL,1,1,0,0,0,0,0,0,0,0.0,0,0.0,0.0,0.0,0.0,0.0,1.0
2001,NLDS1,merceor01,HOU,NL,1,1,0,0,0,0,0,0,0,0.0,0,0.0,0.0,0.0,0.0,0.0,0.0
2001,NLDS1,millewa04,HOU,NL,1,2,0,0,0,0,0,0,0,0.0,0,0.0,0.0,0.0,0.0,0.0,0.0
2001,NLDS1,mlickda01,HOU,NL,1,1,0,0,0,0,0,0,0,0.0,0,0.0,0.0,0.0,0.0,0.0,0.0
2001,NLDS1,reedst01,ATL,NL,1,0,0,0,0,0,0,0,0,0.0,0,0.0,0.0,0.0,0.0,0.0,0.0
2001,NLDS1,remlimi01,ATL,NL,1,0,0,0,0,0,0,0,0,0.0,0,0.0,0.0,0.0,0.0,0.0,0.0
2001,NLDS1,reynosh01,HOU,NL,1,1,0,0,0,0,0,0,0,0.0,0,0.0,0.0,0.0,0.0,0.0,0.0
2001,NLDS1,sanchre01,ATL,NL,3,9,1,2,1,0,0,0,0,0.0,0,2.0,0.0,0.0,0.0,0.0,1.0
2001,NLDS1,seaneru01,ATL,NL,1,0,0,0,0,0,0,0,0,0.0,0,0.0,0.0,0.0,0.0,0.0,0.0
2001,NLDS1,smoltjo01,ATL,NL,3,1,0,0,0,0,0,0,0,0.0,0,0.0,0.0,0.0,0.0,0.0,0.0
2001,NLDS1,surhobj01,ATL,NL,3,11,1,3,1,0,0,0,1,0.0,0,0.0,0.0,1.0,0.0,0.0,1.0
2001,NLDS1,torrest01,ATL,NL,1,1,0,1,1,0,0,0,0,0.0,0,0.0,0.0,0.0,0.0,0.0,0.0
2001,NLDS1,trubych01,HOU,NL,1,1,0,0,0,0,0,0,0,0.0,0,1.0,0.0,0.0,0.0,0.0,0.0
2001,NLDS1,villoro01,HOU,NL,1,0,0,0,0,0,0,0,0,0.0,0,0.0,0.0,0.0,0.0,0.0,0.0
2001,NLDS1,vizcajo01,HOU,NL,3,6,0,1,0,0,0,0,0,0.0,0,1.0,0.0,0.0,0.0,0.0,0.0
2001,NLDS1,wagnebi02,HOU,NL,2,0,0,0,0,0,0,0,0,0.0,0,0.0,0.0,0.0,0.0,0.0,0.0
2001,NLDS1,wardda01,HOU,NL,2,2,1,1,0,0,1,2,0,0.0,0,0.0,0.0,0.0,0.0,0.0,0.0
2001,NLDS1,willimi03,HOU,NL,1,0,0,0,0,0,0,0,0,0.0,0,0.0,0.0,0.0,0.0,0.0,0.0
2001,NLDS2,anderbr02,ARI,NL,2,0,0,0,0,0,0,0,0,0.0,0,0.0,0.0,0.0,0.0,0.0,0.0
2001,NLDS2,barajro01,ARI,NL,1,0,0,0,0,0,0,0,0,0.0,0,0.0,0.0,0.0,0.0,0.0,0.0
2001,NLDS2,batismi01,ARI,NL,2,1,0,0,0,0,0,0,0,0.0,0,0.0,0.0,0.0,1.0,0.0,0.0
2001,NLDS2,bautida01,ARI,NL,3,6,1,0,0,0,0,1,0,0.0,0,1.0,0.0,0.0,0.0,0.0,0.0
2001,NLDS2,bellja01,ARI,NL,2,4,0,1,0,0,0,0,0,0.0,0,1.0,0.0,0.0,0.0,0.0,0.0
2001,NLDS2,cairomi01,SLN,NL,3,5,0,1,0,0,0,0,1,0.0,0,1.0,0.0,0.0,0.0,0.0,0.0
2001,NLDS2,colbrgr01,ARI,NL,4,6,0,2,0,0,0,1,0,0.0,1,0.0,1.0,0.0,0.0,0.0,1.0
2001,NLDS2,counscr01,ARI,NL,5,16,2,3,0,0,1,3,0,0.0,2,2.0,0.0,0.0,0.0,0.0,1.0
2001,NLDS2,cummimi01,ARI,NL,2,0,1,0,0,0,0,0,0,1.0,0,0.0,0.0,0.0,0.0,0.0,0.0
2001,NLDS2,delluda01,ARI,NL,2,0,0,0,0,0,0,0,0,0.0,0,0.0,0.0,0.0,0.0,0.0,0.0
2001,NLDS2,drewjd01,SLN,NL,5,13,1,2,0,0,1,2,0,0.0,3,1.0,0.0,0.0,1.0,0.0,0.0
2001,NLDS2,durazer01,ARI,NL,1,1,0,0,0,0,0,0,0,0.0,0,0.0,0.0,0.0,0.0,0.0,0.0
2001,NLDS2,edmonji01,SLN,NL,5,17,3,4,1,0,2,3,0,0.0,3,6.0,0.0,0.0,0.0,0.0,0.0
2001,NLDS2,finlest01,ARI,NL,5,19,1,8,1,0,0,2,0,0.0,0,2.0,0.0,0.0,0.0,0.0,0.0
2001,NLDS2,gonzalu01,ARI,NL,5,19,1,5,0,0,1,1,0,0.0,2,4.0,0.0,0.0,0.0,0.0,0.0
2001,NLDS2,gracema01,ARI,NL,4,14,0,3,1,0,0,0,0,0.0,2,3.0,0.0,0.0,0.0,0.0,1.0
2001,NLDS2,hermadu01,SLN,NL,1,1,0,0,0,0,0,0,0,0.0,0,1.0,0.0,0.0,0.0,0.0,0.0
2001,NLDS2,johnsra05,ARI,NL,1,2,0,0,0,0,0,0,0,0.0,0,2.0,0.0,0.0,0.0,0.0,0.0
2001,NLDS2,kileda01,SLN,NL,1,2,0,0,0,0,0,0,0,0.0,0,2.0,0.0,0.0,0.0,0.0,0.0
2001,NLDS2,kimby01,ARI,NL,1,0,0,0,0,0,0,0,0,0.0,0,0.0,0.0,0.0,0.0,0.0,0.0
2001,NLDS2,klinest02,SLN,NL,4,0,0,0,0,0,0,0,0,0.0,0,0.0,0.0,0.0,1.0,0.0,0.0
2001,NLDS2,lopezal02,ARI,NL,1,1,0,0,0,0,0,0,0,0.0,0,0.0,0.0,0.0,0.0,0.0,0.0
2001,NLDS2,marreel01,SLN,NL,3,7,0,0,0,0,0,0,0,0.0,0,0.0,0.0,0.0,0.0,0.0,0.0
2001,NLDS2,mathemi01,SLN,NL,4,10,0,2,0,0,0,0,0,0.0,0,3.0,0.0,0.0,0.0,0.0,0.0
2001,NLDS2,matthmi01,SLN,NL,1,0,0,0,0,0,0,0,0,0.0,0,0.0,0.0,0.0,0.0,0.0,0.0
2001,NLDS2,mcgwima01,SLN,NL,4,11,0,1,0,0,0,0,0,0.0,0,6.0,0.0,0.0,0.0,0.0,1.0
2001,NLDS2,milleda02,ARI,NL,5,15,1,4,0,0,0,0,0,0.0,1,3.0,1.0,1.0,1.0,0.0,0.0
2001,NLDS2,morgami01,ARI,NL,3,0,0,0,0,0,0,0,0,0.0,0,0.0,0.0,0.0,0.0,0.0,0.0
2001,NLDS2,morrima01,SLN,NL,2,4,0,0,0,0,0,0,0,0.0,0,3.0,0.0,0.0,1.0,0.0,0.0
2001,NLDS2,paquecr01,SLN,NL,2,7,0,1,0,0,0,0,0,0.0,0,5.0,0.0,0.0,0.0,0.0,0.0
2001,NLDS2,polanpl01,SLN,NL,5,15,1,4,0,0,0,1,1,0.0,1,1.0,0.0,0.0,3.0,1.0,1.0
2001,NLDS2,pujolal01,SLN,NL,5,18,1,2,0,0,1,2,0,0.0,2,2.0,0.0,0.0,0.0,0.0,1.0
2001,NLDS2,renteed01,SLN,NL,5,17,2,4,1,0,1,1,0,0.0,2,4.0,0.0,0.0,0.0,0.0,1.0
2001,NLDS2,robinke02,SLN,NL,4,2,0,1,0,0,0,1,0,0.0,0,0.0,0.0,0.0,1.0,0.0,0.0
2001,NLDS2,sandere02,ARI,NL,5,14,2,5,1,0,1,1,1,0.0,3,3.0,0.0,0.0,0.0,0.0,0.0
2001,NLDS2,schilcu01,ARI,NL,2,5,0,0,0,0,0,0,0,0.0,0,2.0,0.0,0.0,2.0,0.0,0.0
2001,NLDS2,smithbu02,SLN,NL,1,1,1,0,0,0,0,0,0,0.0,1,1.0,0.0,0.0,0.0,0.0,0.0
2001,NLDS2,stechge01,SLN,NL,2,0,0,0,0,0,0,0,0,0.0,0,0.0,0.0,0.0,0.0,0.0,0.0
2001,NLDS2,swindgr01,ARI,NL,2,0,0,0,0,0,0,0,0,0.0,0,0.0,0.0,0.0,0.0,0.0,0.0
2001,NLDS2,timlimi01,SLN,NL,1,0,0,0,0,0,0,0,0,0.0,0,0.0,0.0,0.0,0.0,0.0,0.0
2001,NLDS2,veresda01,SLN,NL,2,0,0,0,0,0,0,0,0,0.0,0,0.0,0.0,0.0,0.0,0.0,0.0
2001,NLDS2,vinafe01,SLN,NL,5,19,2,6,0,0,1,2,1,0.0,0,1.0,0.0,1.0,1.0,0.0,0.0
2001,NLDS2,willima04,ARI,NL,5,16,0,1,1,0,0,0,0,0.0,4,4.0,0.0,0.0,0.0,0.0,1.0
2001,NLDS2,williwo02,SLN,NL,1,3,1,1,1,0,0,0,0,0.0,0,1.0,0.0,0.0,0.0,0.0,0.0
2001,NLDS2,womacto01,ARI,NL,5,17,1,5,1,0,0,1,0,1.0,3,2.0,0.0,0.0,2.0,0.0,0.0
2001,WS,anderbr02,ARI,NL,1,0,0,0,0,0,0,0,0,0.0,0,0.0,0.0,0.0,0.0,0.0,0.0
2001,WS,barajro01,ARI,NL,2,5,1,2,0,0,1,1,0,0.0,0,0.0,0.0,0.0,0.0,0.0,0.0
2001,WS,batismi01,ARI,NL,2,0,0,0,0,0,0,0,0,0.0,0,0.0,0.0,0.0,0.0,0.0,0.0
2001,WS,bautida01,ARI,NL,5,12,1,7,2,0,0,7,0,0.0,1,1.0,0.0,0.0,0.0,0.0,0.0
2001,WS,bellicl01,NYA,AL,2,2,0,0,0,0,0,0,0,0.0,0,2.0,0.0,0.0,0.0,0.0,0.0
2001,WS,bellja01,ARI,NL,3,7,3,1,0,0,0,1,0,0.0,0,2.0,0.0,0.0,0.0,0.0,0.0
2001,WS,brohatr01,ARI,NL,1,0,0,0,0,0,0,0,0,0.0,0,0.0,0.0,0.0,0.0,0.0,0.0
2001,WS,brosisc01,NYA,AL,7,24,1,4,2,0,1,3,0,0.0,0,8.0,0.0,0.0,1.0,0.0,0.0
2001,WS,choatra01,NYA,AL,2,1,0,0,0,0,0,0,0,0.0,0,1.0,0.0,0.0,0.0,0.0,0.0
2001,WS,clemero02,NYA,AL,2,2,0,0,0,0,0,0,0,0.0,0,1.0,0.0,0.0,0.0,0.0,0.0
2001,WS,colbrgr01,ARI,NL,1,5,2,2,0,0,0,1,0,0.0,1,1.0,0.0,0.0,0.0,0.0,0.0
2001,WS,counscr01,ARI,NL,6,24,1,2,0,0,1,1,0,0.0,0,7.0,0.0,1.0,4.0,0.0,0.0
2001,WS,cummimi01,ARI,NL,2,0,2,0,0,0,0,0,0,0.0,0,0.0,0.0,0.0,0.0,0.0,0.0
2001,WS,delluda01,ARI,NL,2,2,0,1,0,0,0,0,0,0.0,0,0.0,0.0,0.0,0.0,0.0,0.0
2001,WS,durazer01,ARI,NL,4,11,0,4,1,0,0,1,0,0.0,3,4.0,1.0,0.0,0.0,0.0,0.0
2001,WS,finlest01,ARI,NL,7,19,5,7,0,0,1,2,0,1.0,4,5.0,1.0,0.0,0.0,0.0,0.0
2001,WS,gonzalu01,ARI,NL,7,27,4,7,2,0,1,5,0,0.0,1,11.0,0.0,2.0,0.0,0.0,1.0
2001,WS,gracema01,ARI,NL,6,19,1,5,1,0,1,3,0,0.0,4,1.0,2.0,0.0,0.0,0.0,1.0
2001,WS,greento02,NYA,AL,1,2,1,1,1,0,0,0,0,0.0,0,0.0,0.0,0.0,0.0,0.0,1.0
2001,WS,hernaor01,NYA,AL,1,0,0,0,0,0,0,0,0,0.0,0,0.0,0.0,0.0,0.0,0.0,0.0
2001,WS,hitchst01,NYA,AL,2,0,0,0,0,0,0,0,0,0.0,0,0.0,0.0,0.0,0.0,0.0,0.0
2001,WS,jeterde01,NYA,AL,7,27,3,4,0,0,1,1,0,0.0,0,6.0,0.0,1.0,0.0,0.0,0.0
2001,WS,johnsra05,ARI,NL,3,7,2,1,0,0,0,1,0,0.0,0,2.0,0.0,0.0,0.0,0.0,0.0
2001,WS,justida01,NYA,AL,5,12,0,2,0,0,0,0,0,0.0,1,9.0,0.0,0.0,0.0,0.0,0.0
2001,WS,kimby01,ARI,NL,2,0,0,0,0,0,0,0,0,0.0,0,0.0,0.0,0.0,0.0,0.0,0.0
2001,WS,knoblch01,NYA,AL,6,18,1,1,0,0,0,0,0,0.0,1,2.0,0.0,0.0,0.0,0.0,0.0
2001,WS,lopezal02,ARI,NL,1,0,0,0,0,0,0,0,0,0.0,0,0.0,0.0,0.0,0.0,0.0,0.0
2001,WS,martiti02,NYA,AL,6,21,1,4,0,0,1,3,0,0.0,2,2.0,0.0,0.0,0.0,0.0,0.0
2001,WS,mendora01,NYA,AL,2,0,0,0,0,0,0,0,0,0.0,0,0.0,0.0,0.0,0.0,0.0,0.0
2001,WS,milleda02,ARI,NL,6,21,3,4,2,0,0,2,0,0.0,1,11.0,1.0,1.0,0.0,0.0,1.0
2001,WS,morgami01,ARI,NL,3,0,0,0,0,0,0,0,0,0.0,0,0.0,0.0,0.0,0.0,0.0,0.0
2001,WS,mussimi01,NYA,AL,2,1,0,0,0,0,0,0,0,0.0,0,1.0,0.0,0.0,0.0,0.0,0.0
2001,WS,oneilpa01,NYA,AL,5,15,1,5,1,0,0,0,1,0.0,2,2.0,0.0,0.0,0.0,0.0,2.0
2001,WS,pettian01,NYA,AL,2,3,0,1,0,0,0,0,0,0.0,0,1.0,0.0,0.0,0.0,0.0,0.0
2001,WS,posadjo01,NYA,AL,7,23,2,4,1,0,1,1,0,0.0,3,8.0,0.0,0.0,0.0,0.0,2.0
2001,WS,riverma01,NYA,AL,4,0,0,0,0,0,0,0,0,0.0,0,0.0,0.0,0.0,0.0,0.0,0.0
2001,WS,sandere02,ARI,NL,6,23,6,7,1,0,0,1,1,0.0,1,7.0,1.0,1.0,0.0,0.0,1.0
2001,WS,schilcu01,ARI,NL,3,6,0,0,0,0,0,0,0,0.0,0,5.0,0.0,0.0,0.0,0.0,0.0
2001,WS,sojolu01,NYA,AL,2,3,0,1,0,0,0,1,0,0.0,0,0.0,0.0,0.0,0.0,0.0,1.0
2001,WS,soriaal01,NYA,AL,7,25,1,6,0,0,1,2,0,1.0,0,7.0,0.0,0.0,0.0,0.0,0.0
2001,WS,spencsh01,NYA,AL,7,20,1,4,0,0,1,2,0,0.0,2,6.0,0.0,0.0,0.0,0.0,0.0
2001,WS,stantmi02,NYA,AL,5,0,0,0,0,0,0,0,0,0.0,0,0.0,0.0,0.0,0.0,0.0,0.0
2001,WS,swindgr01,ARI,NL,3,0,0,0,0,0,0,0,0,0.0,0,0.0,0.0,0.0,0.0,0.0,0.0
2001,WS,velarra01,NYA,AL,1,3,0,0,0,0,0,0,0,0.0,1,1.0,0.0,0.0,0.0,0.0,0.0
2001,WS,willibe02,NYA,AL,7,24,2,5,1,0,0,1,0,0.0,4,6.0,0.0,0.0,0.0,0.0,0.0
2001,WS,willima04,ARI,NL,7,26,3,7,2,0,1,7,0,0.0,0,6.0,0.0,0.0,1.0,2.0,0.0
2001,WS,wilsoen01,NYA,AL,2,3,0,0,0,0,0,0,0,0.0,0,0.0,0.0,0.0,0.0,0.0,0.0
2001,WS,witasja01,NYA,AL,1,0,0,0,0,0,0,0,0,0.0,0,0.0,0.0,0.0,0.0,0.0,0.0
2001,WS,wittbo01,ARI,NL,1,0,0,0,0,0,0,0,0,0.0,0,0.0,0.0,0.0,0.0,0.0,0.0
2001,WS,womacto01,ARI,NL,7,32,3,8,3,0,0,3,1,1.0,1,7.0,0.0,1.0,0.0,0.0,1.0
2002,ALCS,anderga01,ANA,AL,5,20,3,5,1,0,1,3,0,1.0,1,0.0,0.0,0.0,0.0,0.0,0.0
2002,ALCS,appieke01,ANA,AL,2,0,0,0,0,0,0,0,0,0.0,0,0.0,0.0,0.0,0.0,0.0,0.0
2002,ALCS,cuddymi01,MIN,AL,3,5,0,1,0,0,0,0,0,0.0,1,1.0,0.0,0.0,0.0,0.0,0.0
2002,ALCS,donnebr01,ANA,AL,3,0,0,0,0,0,0,0,0,0.0,0,0.0,0.0,0.0,0.0,0.0,0.0
2002,ALCS,eckstda01,ANA,AL,5,21,1,6,0,0,0,2,0,0.0,0,2.0,0.0,1.0,0.0,0.0,0.0
2002,ALCS,erstada01,ANA,AL,5,22,4,8,0,0,1,2,1,0.0,0,3.0,0.0,0.0,0.0,0.0,0.0
2002,ALCS,figgich01,ANA,AL,3,1,2,1,0,0,0,0,0,0.0,0,0.0,0.0,0.0,0.0,0.0,0.0
2002,ALCS,fullmbr01,ANA,AL,4,12,2,4,2,0,1,4,0,0.0,0,2.0,0.0,0.0,0.0,0.0,1.0
2002,ALCS,gilbe01,ANA,AL,1,2,0,0,0,0,0,0,0,0.0,0,1.0,0.0,0.0,1.0,0.0,0.0
2002,ALCS,glaustr01,ANA,AL,5,19,4,6,0,1,1,2,0,0.0,2,5.0,0.0,0.0,0.0,0.0,0.0
2002,ALCS,guarded01,MIN,AL,1,0,0,0,0,0,0,0,0,0.0,0,0.0,0.0,0.0,0.0,0.0,0.0
2002,ALCS,guzmacr01,MIN,AL,5,18,1,3,1,0,0,0,0,0.0,0,3.0,0.0,1.0,1.0,0.0,0.0
2002,ALCS,hawkila01,MIN,AL,4,0,0,0,0,0,0,0,0,0.0,0,0.0,0.0,0.0,0.0,0.0,0.0
2002,ALCS,hunteto01,MIN,AL,5,18,2,3,2,0,0,0,0,0.0,1,3.0,0.0,0.0,1.0,0.0,2.0
2002,ALCS,jacksmi02,MIN,AL,3,0,0,0,0,0,0,0,0,0.0,0,0.0,0.0,0.0,0.0,0.0,0.0
2002,ALCS,jonesja04,MIN,AL,5,20,0,2,1,0,0,2,0,0.0,0,4.0,0.0,0.0,0.0,1.0,0.0
2002,ALCS,kennead01,ANA,AL,4,14,5,5,0,0,3,5,0,0.0,0,2.0,0.0,0.0,1.0,0.0,0.0
2002,ALCS,kieltbo01,MIN,AL,4,3,0,0,0,0,0,1,0,0.0,1,2.0,0.0,0.0,0.0,0.0,0.0
2002,ALCS,koskico01,MIN,AL,5,18,3,5,2,0,0,2,0,0.0,2,8.0,0.0,0.0,0.0,0.0,0.0
2002,ALCS,lackejo01,ANA,AL,1,0,0,0,0,0,0,0,0,0.0,0,0.0,0.0,0.0,0.0,0.0,0.0
2002,ALCS,lambda01,MIN,AL,2,0,0,0,0,0,0,0,0,0.0,0,0.0,0.0,0.0,0.0,0.0,0.0
2002,ALCS,lecroma01,MIN,AL,1,3,0,1,0,0,0,0,0,0.0,0,1.0,0.0,0.0,0.0,0.0,0.0
2002,ALCS,lohseky01,MIN,AL,1,0,0,0,0,0,0,0,0,0.0,0,0.0,0.0,0.0,0.0,0.0,0.0
2002,ALCS,maysjo01,MIN,AL,2,0,0,0,0,0,0,0,0,0.0,0,0.0,0.0,0.0,0.0,0.0,0.0
2002,ALCS,mientdo01,MIN,AL,5,18,1,5,1,0,0,2,0,0.0,1,2.0,0.0,0.0,0.0,0.0,0.0
2002,ALCS,miltoer01,MIN,AL,1,0,0,0,0,0,0,0,0,0.0,0,0.0,0.0,0.0,0.0,0.0,0.0
2002,ALCS,mohrdu01,MIN,AL,5,12,3,5,1,0,0,0,1,0.0,0,4.0,0.0,0.0,0.0,0.0,0.0
2002,ALCS,molinbe01,ANA,AL,5,14,0,3,0,1,0,2,0,0.0,1,2.0,0.0,1.0,0.0,0.0,0.0
2002,ALCS,molinjo01,ANA,AL,3,1,0,0,0,0,0,0,0,0.0,0,0.0,0.0,0.0,0.0,0.0,0.0
2002,ALCS,ochoaal01,ANA,AL,4,4,2,0,0,0,0,0,0,0.0,0,3.0,0.0,0.0,0.0,0.0,0.0
2002,ALCS,ortizda01,MIN,AL,5,16,0,5,1,0,0,2,0,0.0,0,5.0,0.0,0.0,0.0,0.0,0.0
2002,ALCS,ortizra01,ANA,AL,1,0,0,0,0,0,0,0,0,0.0,0,0.0,0.0,0.0,0.0,0.0,0.0
2002,ALCS,palmeor01,ANA,AL,2,2,0,0,0,0,0,0,0,0.0,0,1.0,0.0,0.0,0.0,0.0,0.0
2002,ALCS,percitr01,ANA,AL,3,0,0,0,0,0,0,0,0,0.0,0,0.0,0.0,0.0,0.0,0.0,0.0
2002,ALCS,pierzaj01,MIN,AL,5,16,1,4,0,0,0,2,0,1.0,0,2.0,0.0,0.0,0.0,1.0,0.0
2002,ALCS,princto01,MIN,AL,1,1,0,0,0,0,0,0,0,0.0,0,0.0,0.0,0.0,0.0,0.0,0.0
2002,ALCS,radkebr01,MIN,AL,1,0,0,0,0,0,0,0,0,0.0,0,0.0,0.0,0.0,0.0,0.0,0.0
2002,ALCS,reedri01,MIN,AL,1,0,0,0,0,0,0,0,0,0.0,0,0.0,0.0,0.0,0.0,0.0,0.0
2002,ALCS,rivaslu01,MIN,AL,5,12,1,3,0,0,0,0,0,0.0,1,3.0,0.0,0.0,0.0,0.0,2.0
2002,ALCS,rodrifr03,ANA,AL,4,0,0,0,0,0,0,0,0,0.0,0,0.0,0.0,0.0,0.0,0.0,0.0
2002,ALCS,romerjc01,MIN,AL,4,0,0,0,0,0,0,0,0,0.0,0,0.0,0.0,0.0,0.0,0.0,0.0
2002,ALCS,salmoti01,ANA,AL,5,14,0,3,0,0,0,0,0,0.0,3,1.0,0.0,0.0,0.0,0.0,1.0
2002,ALCS,santajo01,MIN,AL,4,0,0,0,0,0,0,0,0,0.0,0,0.0,0.0,0.0,0.0,0.0,0.0
2002,ALCS,schoesc01,ANA,AL,1,0,0,0,0,0,0,0,0,0.0,0,0.0,0.0,0.0,0.0,0.0,0.0
2002,ALCS,spiezsc01,ANA,AL,5,17,5,6,2,0,1,5,0,1.0,2,1.0,1.0,0.0,0.0,0.0,0.0
2002,ALCS,washbja01,ANA,AL,1,0,0,0,0,0,0,0,0,0.0,0,0.0,0.0,0.0,0.0,0.0,0.0
2002,ALCS,weberbe01,ANA,AL,3,0,0,0,0,0,0,0,0,0.0,0,0.0,0.0,0.0,0.0,0.0,0.0
2002,ALCS,wellsbo01,MIN,AL,2,0,0,0,0,0,0,0,0,0.0,0,0.0,0.0,0.0,0.0,0.0,0.0
2002,ALCS,wootesh01,ANA,AL,3,8,1,2,0,0,0,1,0,0.0,0,3.0,0.0,0.0,0.0,0.0,0.0
2002,ALDS1,anderga01,ANA,AL,4,18,5,7,2,0,1,4,0,0.0,1,3.0,0.0,0.0,0.0,0.0,1.0
2002,ALDS1,appieke01,ANA,AL,1,0,0,0,0,0,0,0,0,0.0,0,0.0,0.0,0.0,0.0,0.0,0.0
2002,ALDS1,clemero02,NYA,AL,1,0,0,0,0,0,0,0,0,0.0,0,0.0,0.0,0.0,0.0,0.0,0.0
2002,ALDS1,coomero01,NYA,AL,1,2,0,1,0,0,0,0,0,0.0,0,0.0,0.0,0.0,0.0,0.0,0.0
2002,ALDS1,donnebr01,ANA,AL,3,0,0,0,0,0,0,0,0,0.0,0,0.0,0.0,0.0,0.0,0.0,0.0
2002,ALDS1,eckstda01,ANA,AL,4,18,2,5,0,0,0,1,1,0.0,0,0.0,0.0,1.0,1.0,0.0,0.0
2002,ALDS1,erstada01,ANA,AL,4,19,4,8,2,0,0,2,1,0.0,0,1.0,0.0,0.0,1.0,0.0,2.0
2002,ALDS1,figgich01,ANA,AL,1,0,1,0,0,0,0,0,1,0.0,0,0.0,0.0,0.0,0.0,0.0,0.0
2002,ALDS1,fullmbr01,ANA,AL,3,7,1,2,1,0,0,0,0,0.0,1,1.0,1.0,0.0,0.0,0.0,1.0
2002,ALDS1,giambja01,NYA,AL,4,14,5,5,0,0,1,3,0,0.0,4,1.0,0.0,1.0,0.0,0.0,1.0
2002,ALDS1,gilbe01,ANA,AL,2,5,1,4,0,0,0,1,0,0.0,0,0.0,0.0,0.0,0.0,0.0,0.0
2002,ALDS1,glaustr01,ANA,AL,4,16,4,5,0,0,3,3,0,0.0,1,3.0,1.0,1.0,0.0,0.0,0.0
2002,ALDS1,hernaor01,NYA,AL,2,0,0,0,0,0,0,0,0,0.0,0,0.0,0.0,0.0,0.0,0.0,0.0
2002,ALDS1,jeterde01,NYA,AL,4,16,6,8,0,0,2,3,0,0.0,2,3.0,0.0,0.0,0.0,1.0,0.0
2002,ALDS1,johnsni01,NYA,AL,3,11,1,2,0,0,0,1,0,0.0,1,5.0,0.0,0.0,0.0,0.0,0.0
2002,ALDS1,karsast01,NYA,AL,4,0,0,0,0,0,0,0,0,0.0,0,0.0,0.0,0.0,0.0,0.0,0.0
2002,ALDS1,kennead01,ANA,AL,4,8,4,4,1,0,1,3,1,0.0,1,2.0,0.0,0.0,0.0,2.0,0.0
2002,ALDS1,lackejo01,ANA,AL,1,0,0,0,0,0,0,0,0,0.0,0,0.0,0.0,0.0,0.0,0.0,0.0
2002,ALDS1,mendora01,NYA,AL,2,0,0,0,0,0,0,0,0,0.0,0,0.0,0.0,0.0,0.0,0.0,0.0
2002,ALDS1,molinbe01,ANA,AL,4,15,0,4,2,0,0,2,0,0.0,0,1.0,0.0,0.0,2.0,0.0,1.0
2002,ALDS1,mondera01,NYA,AL,4,12,1,3,0,0,0,1,0,0.0,3,1.0,0.0,2.0,0.0,0.0,0.0
2002,ALDS1,mussimi01,NYA,AL,1,0,0,0,0,0,0,0,0,0.0,0,0.0,0.0,0.0,0.0,0.0,0.0
2002,ALDS1,ochoaal01,ANA,AL,3,0,0,0,0,0,0,0,0,0.0,0,0.0,0.0,0.0,0.0,0.0,0.0
2002,ALDS1,ortizra01,ANA,AL,1,0,0,0,0,0,0,0,0,0.0,0,0.0,0.0,0.0,0.0,0.0,0.0
2002,ALDS1,percitr01,ANA,AL,3,0,0,0,0,0,0,0,0,0.0,0,0.0,0.0,0.0,0.0,0.0,0.0
2002,ALDS1,pettian01,NYA,AL,1,0,0,0,0,0,0,0,0,0.0,0,0.0,0.0,0.0,0.0,0.0,0.0
2002,ALDS1,posadjo01,NYA,AL,4,17,2,4,0,0,1,3,0,0.0,0,3.0,0.0,0.0,0.0,1.0,1.0
2002,ALDS1,riverju01,NYA,AL,4,12,2,3,0,0,0,3,0,0.0,1,3.0,0.0,0.0,0.0,0.0,0.0
2002,ALDS1,riverma01,NYA,AL,1,0,0,0,0,0,0,0,0,0.0,0,0.0,0.0,0.0,0.0,0.0,0.0
2002,ALDS1,rodrifr03,ANA,AL,3,0,0,0,0,0,0,0,0,0.0,0,0.0,0.0,0.0,0.0,0.0,0.0
2002,ALDS1,salmoti01,ANA,AL,4,19,3,5,1,0,2,7,0,0.0,1,5.0,0.0,0.0,0.0,0.0,0.0
2002,ALDS1,schoesc01,ANA,AL,3,0,0,0,0,0,0,0,0,0.0,0,0.0,0.0,0.0,0.0,0.0,0.0
2002,ALDS1,soriaal01,NYA,AL,4,17,2,2,1,0,1,2,1,0.0,1,4.0,0.0,1.0,0.0,0.0,1.0
2002,ALDS1,spencsh01,NYA,AL,1,0,0,0,0,0,0,0,0,0.0,0,0.0,0.0,0.0,0.0,0.0,0.0
2002,ALDS1,spiezsc01,ANA,AL,4,15,2,6,1,0,1,6,0,0.0,2,1.0,0.0,0.0,0.0,0.0,0.0
2002,ALDS1,stantmi02,NYA,AL,3,0,0,0,0,0,0,0,0,0.0,0,0.0,0.0,0.0,0.0,0.0,0.0
2002,ALDS1,vandejo02,NYA,AL,2,2,0,0,0,0,0,0,0,0.0,0,1.0,0.0,0.0,0.0,0.0,0.0
2002,ALDS1,venturo01,NYA,AL,4,14,1,4,2,0,0,4,0,0.0,1,2.0,0.0,0.0,0.0,1.0,1.0
2002,ALDS1,washbja01,ANA,AL,2,0,0,0,0,0,0,0,0,0.0,0,0.0,0.0,0.0,0.0,0.0,0.0
2002,ALDS1,weaveje01,NYA,AL,2,0,0,0,0,0,0,0,0,0.0,0,0.0,0.0,0.0,0.0,0.0,0.0
2002,ALDS1,weberbe01,ANA,AL,2,0,0,0,0,0,0,0,0,0.0,0,0.0,0.0,0.0,0.0,0.0,0.0
2002,ALDS1,wellsda01,NYA,AL,1,0,0,0,0,0,0,0,0,0.0,0,0.0,0.0,0.0,0.0,0.0,0.0
2002,ALDS1,whitero02,NYA,AL,1,3,1,1,0,0,1,1,0,0.0,0,0.0,0.0,0.0,0.0,0.0,0.0
2002,ALDS1,willibe02,NYA,AL,4,15,4,5,1,0,1,3,0,0.0,3,2.0,0.0,0.0,0.0,0.0,2.0
2002,ALDS1,wilsoen01,NYA,AL,1,0,0,0,0,0,0,0,0,0.0,0,0.0,0.0,0.0,0.0,0.0,0.0
2002,ALDS1,wootesh01,ANA,AL,3,9,4,6,0,0,1,2,0,0.0,0,1.0,0.0,0.0,0.0,0.0,0.0
2002,ALDS2,bowiemi01,OAK,AL,1,0,0,0,0,0,0,0,0,0.0,0,0.0,0.0,0.0,0.0,0.0,0.0
2002,ALDS2,bradfch01,OAK,AL,2,0,0,0,0,0,0,0,0,0.0,0,0.0,0.0,0.0,0.0,0.0,0.0
2002,ALDS2,byrneer01,OAK,AL,2,1,0,0,0,0,0,0,0,0.0,0,1.0,0.0,0.0,0.0,0.0,0.0
2002,ALDS2,chaveer01,OAK,AL,5,21,3,8,0,0,1,5,0,0.0,2,1.0,1.0,0.0,0.0,0.0,0.0
2002,ALDS2,cuddymi01,MIN,AL,5,13,1,5,1,0,0,1,0,0.0,3,3.0,1.0,0.0,0.0,0.0,0.0
2002,ALDS2,durhara01,OAK,AL,5,21,7,7,3,0,2,2,1,0.0,2,4.0,0.0,1.0,0.0,0.0,0.0
2002,ALDS2,dyeje01,OAK,AL,5,20,3,8,2,0,1,1,0,0.0,1,5.0,0.0,0.0,0.0,0.0,0.0
2002,ALDS2,ellisma01,OAK,AL,5,19,1,7,2,0,1,4,0,0.0,1,2.0,0.0,0.0,0.0,0.0,0.0
2002,ALDS2,fioreto01,MIN,AL,1,0,0,0,0,0,0,0,0,0.0,0,0.0,0.0,0.0,0.0,0.0,0.0
2002,ALDS2,guarded01,MIN,AL,2,0,0,0,0,0,0,0,0,0.0,0,0.0,0.0,0.0,0.0,0.0,0.0
2002,ALDS2,guzmacr01,MIN,AL,5,21,5,6,2,0,1,2,2,0.0,2,4.0,0.0,0.0,1.0,0.0,0.0
2002,ALDS2,hattesc01,OAK,AL,5,14,5,7,2,0,1,3,0,0.0,3,0.0,0.0,0.0,0.0,0.0,0.0
2002,ALDS2,hawkila01,MIN,AL,3,0,0,0,0,0,0,0,0,0.0,0,0.0,0.0,0.0,0.0,0.0,0.0
2002,ALDS2,hernara02,OAK,AL,5,17,0,1,0,0,0,0,0,0.0,0,4.0,0.0,0.0,0.0,0.0,1.0
2002,ALDS2,hockide01,MIN,AL,3,6,0,3,1,0,0,1,0,0.0,0,1.0,0.0,0.0,0.0,0.0,0.0
2002,ALDS2,hudsoti01,OAK,AL,2,0,0,0,0,0,0,0,0,0.0,0,0.0,0.0,0.0,0.0,0.0,0.0
2002,ALDS2,hunteto01,MIN,AL,5,20,4,6,4,0,0,2,0,0.0,1,4.0,0.0,0.0,0.0,0.0,0.0
2002,ALDS2,jacksmi02,MIN,AL,1,0,0,0,0,0,0,0,0,0.0,0,0.0,0.0,0.0,0.0,0.0,0.0
2002,ALDS2,jonesja04,MIN,AL,5,20,3,5,3,0,0,1,0,0.0,1,8.0,0.0,1.0,0.0,0.0,1.0
2002,ALDS2,justida01,OAK,AL,5,21,2,5,1,1,0,4,0,0.0,0,4.0,0.0,0.0,0.0,0.0,0.0
2002,ALDS2,kieltbo01,MIN,AL,3,4,0,0,0,0,0,0,0,0.0,0,1.0,0.0,0.0,0.0,0.0,0.0
2002,ALDS2,kochbi01,OAK,AL,3,0,0,0,0,0,0,0,0,0.0,0,0.0,0.0,0.0,0.0,0.0,0.0
2002,ALDS2,koskico01,MIN,AL,5,21,3,3,0,1,1,5,0,0.0,2,6.0,0.0,1.0,0.0,0.0,0.0
2002,ALDS2,lecroma01,MIN,AL,3,9,1,4,0,0,0,1,0,0.0,0,3.0,0.0,0.0,0.0,0.0,1.0
2002,ALDS2,lidleco01,OAK,AL,1,0,0,0,0,0,0,0,0,0.0,0,0.0,0.0,0.0,0.0,0.0,0.0
2002,ALDS2,lillyte01,OAK,AL,2,0,0,0,0,0,0,0,0,0.0,0,0.0,0.0,0.0,0.0,0.0,0.0
2002,ALDS2,lohseky01,MIN,AL,2,0,0,0,0,0,0,0,0,0.0,0,0.0,0.0,0.0,0.0,0.0,0.0
2002,ALDS2,longte01,OAK,AL,5,18,1,3,0,0,1,1,0,0.0,1,2.0,0.0,0.0,0.0,0.0,0.0
2002,ALDS2,mabryjo01,OAK,AL,2,2,0,0,0,0,0,0,0,0.0,0,1.0,0.0,0.0,0.0,0.0,0.0
2002,ALDS2,maysjo01,MIN,AL,1,0,0,0,0,0,0,0,0,0.0,0,0.0,0.0,0.0,0.0,0.0,0.0
2002,ALDS2,mecirji01,OAK,AL,1,0,0,0,0,0,0,0,0,0.0,0,0.0,0.0,0.0,0.0,0.0,0.0
2002,ALDS2,mientdo01,MIN,AL,5,20,3,5,0,0,2,4,0,0.0,1,1.0,0.0,0.0,0.0,0.0,0.0
2002,ALDS2,miltoer01,MIN,AL,1,0,0,0,0,0,0,0,0,0.0,0,0.0,0.0,0.0,0.0,0.0,0.0
2002,ALDS2,mohrdu01,MIN,AL,4,2,1,2,1,0,0,0,0,0.0,1,0.0,0.0,0.0,0.0,0.0,0.0
2002,ALDS2,muldema01,OAK,AL,2,0,0,0,0,0,0,0,0,0.0,0,0.0,0.0,0.0,0.0,0.0,0.0
2002,ALDS2,myersgr01,OAK,AL,2,1,0,0,0,0,0,0,0,0.0,0,1.0,0.0,0.0,0.0,0.0,0.0
2002,ALDS2,ortizda01,MIN,AL,4,13,0,3,2,0,0,2,0,0.0,0,5.0,0.0,0.0,0.0,0.0,0.0
2002,ALDS2,piattad01,OAK,AL,3,3,0,1,1,0,0,0,0,0.0,0,1.0,0.0,0.0,0.0,0.0,0.0
2002,ALDS2,pierzaj01,MIN,AL,5,16,4,7,0,1,1,4,0,0.0,2,2.0,0.0,0.0,0.0,0.0,0.0
2002,ALDS2,princto01,MIN,AL,1,2,0,0,0,0,0,0,0,0.0,0,2.0,0.0,0.0,0.0,0.0,0.0
2002,ALDS2,radkebr01,MIN,AL,2,0,0,0,0,0,0,0,0,0.0,0,0.0,0.0,0.0,0.0,0.0,0.0
2002,ALDS2,reedri01,MIN,AL,1,0,0,0,0,0,0,0,0,0.0,0,0.0,0.0,0.0,0.0,0.0,0.0
2002,ALDS2,rincori01,OAK,AL,2,0,0,0,0,0,0,0,0,0.0,0,0.0,0.0,0.0,0.0,0.0,0.0
2002,ALDS2,rivaslu01,MIN,AL,4,12,2,3,1,0,0,0,0,0.0,1,2.0,0.0,0.0,1.0,0.0,2.0
2002,ALDS2,romerjc01,MIN,AL,3,0,0,0,0,0,0,0,0,0.0,0,0.0,0.0,0.0,0.0,0.0,0.0
2002,ALDS2,saenzol01,OAK,AL,1,0,0,0,0,0,0,0,0,0.0,1,0.0,0.0,0.0,0.0,0.0,0.0
2002,ALDS2,santajo01,MIN,AL,2,0,0,0,0,0,0,0,0,0.0,0,0.0,0.0,0.0,0.0,0.0,0.0
2002,ALDS2,tejadmi01,OAK,AL,5,21,3,3,1,0,1,4,0,0.0,1,7.0,0.0,0.0,0.0,1.0,0.0
2002,ALDS2,velarra01,OAK,AL,4,5,1,3,1,0,0,1,0,0.0,0,1.0,0.0,0.0,0.0,0.0,0.0
2002,ALDS2,zitoba01,OAK,AL,1,0,0,0,0,0,0,0,0,0.0,0,0.0,0.0,0.0,0.0,0.0,0.0
2002,NLCS,aurilri01,SFN,NL,5,15,4,5,1,0,2,5,0,0.0,2,2.0,0.0,1.0,3.0,1.0,0.0
2002,NLCS,bellda01,SFN,NL,5,17,4,7,1,0,1,1,0,0.0,2,3.0,1.0,0.0,0.0,0.0,0.0
2002,NLCS,benesan01,SLN,NL,1,2,0,0,0,0,0,0,0,0.0,0,0.0,0.0,0.0,1.0,0.0,0.0
2002,NLCS,bondsba01,SFN,NL,5,11,5,3,0,1,1,6,0,0.0,10,2.0,3.0,0.0,0.0,1.0,0.0
2002,NLCS,cairomi01,SLN,NL,3,13,2,5,0,0,1,2,0,0.0,0,2.0,0.0,0.0,0.0,0.0,0.0
2002,NLCS,crudami01,SLN,NL,1,0,0,0,0,0,0,0,0,0.0,0,0.0,0.0,0.0,0.0,0.0,0.0
2002,NLCS,difelmi01,SLN,NL,1,1,0,0,0,0,0,0,0,0.0,0,0.0,0.0,0.0,0.0,0.0,0.0
2002,NLCS,drewjd01,SLN,NL,5,13,1,5,0,0,1,1,0,0.0,1,2.0,0.0,0.0,0.0,0.0,1.0
2002,NLCS,dunstsh01,SFN,NL,2,2,0,1,0,0,0,0,0,0.0,0,1.0,0.0,0.0,1.0,0.0,0.0
2002,NLCS,edmonji01,SLN,NL,5,20,2,8,2,0,1,4,0,0.0,2,5.0,0.0,0.0,0.0,0.0,0.0
2002,NLCS,eyresc01,SFN,NL,4,0,0,0,0,0,0,0,0,0.0,0,0.0,0.0,0.0,0.0,0.0,0.0
2002,NLCS,fasseje01,SLN,NL,1,0,0,0,0,0,0,0,0,0.0,0,0.0,0.0,0.0,0.0,0.0,0.0
2002,NLCS,felizpe01,SFN,NL,1,1,0,0,0,0,0,0,0,0.0,0,0.0,0.0,0.0,0.0,0.0,0.0
2002,NLCS,finlech01,SLN,NL,1,2,1,0,0,0,0,0,0,0.0,0,1.0,0.0,0.0,0.0,0.0,0.0
2002,NLCS,fultzaa01,SFN,NL,1,0,0,0,0,0,0,0,0,0.0,0,0.0,0.0,0.0,0.0,0.0,0.0
2002,NLCS,goodwto01,SFN,NL,2,3,0,0,0,0,0,0,0,0.0,0,2.0,0.0,0.0,0.0,0.0,0.0
2002,NLCS,hernali01,SFN,NL,1,1,0,0,0,0,0,0,0,0.0,0,1.0,0.0,0.0,1.0,0.0,0.0
2002,NLCS,isrinja01,SLN,NL,2,0,0,0,0,0,0,0,0,0.0,0,0.0,0.0,0.0,0.0,0.0,0.0
2002,NLCS,kentje01,SFN,NL,5,19,3,5,0,0,0,0,0,0.0,2,4.0,0.0,1.0,0.0,0.0,1.0
2002,NLCS,klinest02,SLN,NL,4,0,0,0,0,0,0,0,0,0.0,0,0.0,0.0,0.0,0.0,0.0,0.0
2002,NLCS,loftoke01,SFN,NL,5,21,4,5,0,0,1,2,1,0.0,2,4.0,1.0,1.0,0.0,0.0,0.0
2002,NLCS,marreel01,SLN,NL,4,16,1,3,1,0,1,1,0,0.0,1,1.0,0.0,0.0,0.0,0.0,0.0
2002,NLCS,martira03,SFN,NL,2,1,0,0,0,0,0,1,0,0.0,0,0.0,0.0,0.0,1.0,0.0,0.0
2002,NLCS,martiti02,SLN,NL,4,14,1,2,0,0,0,1,1,0.0,2,1.0,0.0,0.0,0.0,0.0,0.0
2002,NLCS,mathemi01,SLN,NL,5,19,2,6,2,0,1,1,0,0.0,0,2.0,0.0,0.0,0.0,0.0,0.0
2002,NLCS,morrima01,SLN,NL,2,4,0,0,0,0,0,0,0,0.0,0,1.0,0.0,0.0,2.0,0.0,0.0
2002,NLCS,nenro01,SFN,NL,3,1,0,0,0,0,0,0,0,0.0,0,1.0,0.0,0.0,0.0,0.0,0.0
2002,NLCS,ortizru01,SFN,NL,1,1,0,1,0,0,0,0,0,0.0,0,0.0,0.0,0.0,1.0,0.0,0.0
2002,NLCS,perezed01,SLN,NL,3,4,1,1,0,0,1,1,0,0.0,1,0.0,0.0,0.0,0.0,0.0,0.0
2002,NLCS,pujolal01,SLN,NL,5,19,2,5,1,0,1,2,0,0.0,2,5.0,0.0,1.0,0.0,0.0,0.0
2002,NLCS,renteed01,SLN,NL,5,19,0,3,0,0,0,1,0,0.0,0,2.0,0.0,1.0,1.0,1.0,1.0
2002,NLCS,robinke02,SLN,NL,3,2,1,0,0,0,0,0,0,1.0,1,1.0,0.0,0.0,0.0,0.0,0.0
2002,NLCS,rodrife01,SFN,NL,4,1,0,0,0,0,0,0,0,0.0,0,1.0,0.0,0.0,0.0,0.0,0.0
2002,NLCS,rueteki01,SFN,NL,2,5,0,0,0,0,0,0,0,0.0,0,1.0,0.0,0.0,0.0,0.0,0.0
2002,NLCS,sandere02,SFN,NL,4,16,0,1,0,0,0,0,0,0.0,0,4.0,0.0,0.0,0.0,0.0,0.0
2002,NLCS,santibe01,SFN,NL,5,20,2,6,0,0,2,6,0,0.0,2,4.0,0.0,0.0,0.0,0.0,1.0
2002,NLCS,schmija01,SFN,NL,1,2,0,0,0,0,0,0,0,0.0,0,2.0,0.0,0.0,1.0,0.0,0.0
2002,NLCS,shinjts01,SFN,NL,1,1,0,0,0,0,0,0,0,0.0,0,0.0,0.0,0.0,0.0,0.0,0.0
2002,NLCS,snowjt01,SFN,NL,5,20,1,5,1,1,0,2,0,0.0,1,4.0,0.0,0.0,0.0,0.0,1.0
2002,NLCS,veresda01,SLN,NL,2,0,0,0,0,0,0,0,0,0.0,0,0.0,0.0,0.0,0.0,0.0,0.0
2002,NLCS,vinafe01,SLN,NL,5,23,2,6,2,0,0,2,0,0.0,0,0.0,0.0,0.0,0.0,1.0,1.0
2002,NLCS,whiteri01,SLN,NL,3,0,0,0,0,0,0,0,0,0.0,0,0.0,0.0,0.0,0.0,0.0,0.0
2002,NLCS,williwo02,SLN,NL,1,0,0,0,0,0,0,0,0,0.0,0,0.0,0.0,0.0,1.0,0.0,0.0
2002,NLCS,witasja01,SFN,NL,1,0,0,0,0,0,0,0,0,0.0,0,0.0,0.0,0.0,0.0,0.0,0.0
2002,NLCS,worreti01,SFN,NL,4,0,0,0,0,0,0,0,0,0.0,0,0.0,0.0,0.0,0.0,0.0,0.0
2002,NLDS1,aurilri01,SFN,NL,5,21,4,5,1,0,2,7,0,0.0,1,5.0,0.0,0.0,0.0,0.0,0.0
2002,NLDS1,aybarma01,SFN,NL,2,0,0,0,0,0,0,0,0,0.0,0,0.0,0.0,0.0,0.0,0.0,0.0
2002,NLDS1,bellda01,SFN,NL,5,16,3,3,0,0,0,1,0,0.0,3,4.0,1.0,0.0,0.0,0.0,0.0
2002,NLDS1,blanche01,ATL,NL,2,6,0,1,0,0,0,0,0,0.0,0,2.0,0.0,0.0,0.0,0.0,0.0
2002,NLDS1,bondsba01,SFN,NL,5,17,5,5,0,0,3,4,0,1.0,4,1.0,3.0,0.0,0.0,1.0,0.0
2002,NLDS1,braggda01,ATL,NL,4,3,0,0,0,0,0,0,0,0.0,0,0.0,0.0,0.0,0.0,0.0,1.0
2002,NLDS1,castivi02,ATL,NL,5,18,5,7,0,0,1,4,0,0.0,2,2.0,0.0,0.0,0.0,0.0,0.0
2002,NLDS1,derosma01,ATL,NL,4,7,2,3,1,1,0,3,0,0.0,1,1.0,0.0,0.0,0.0,0.0,0.0
2002,NLDS1,dunstsh01,SFN,NL,2,1,0,0,0,0,0,0,0,0.0,0,1.0,0.0,0.0,0.0,0.0,0.0
2002,NLDS1,eyresc01,SFN,NL,3,0,0,0,0,0,0,0,0,0.0,0,0.0,0.0,0.0,0.0,0.0,0.0
2002,NLDS1,felizpe01,SFN,NL,1,1,0,0,0,0,0,0,0,0.0,0,1.0,0.0,0.0,0.0,0.0,0.0
2002,NLDS1,francju01,ATL,NL,5,22,2,4,0,0,0,1,1,0.0,2,3.0,0.0,0.0,0.0,0.0,1.0
2002,NLDS1,francma01,ATL,NL,4,2,0,0,0,0,0,0,0,0.0,0,0.0,0.0,0.0,0.0,0.0,0.0
2002,NLDS1,fultzaa01,SFN,NL,2,0,0,0,0,0,0,0,0,0.0,0,0.0,0.0,0.0,0.0,0.0,0.0
2002,NLDS1,furcara01,ATL,NL,5,24,2,6,1,1,0,2,1,1.0,0,5.0,0.0,0.0,0.0,0.0,0.0
2002,NLDS1,gilesma01,ATL,NL,3,2,0,1,0,0,0,0,0,0.0,0,0.0,0.0,0.0,0.0,0.0,0.0
2002,NLDS1,glavito02,ATL,NL,2,2,0,1,0,0,0,2,0,0.0,0,1.0,0.0,0.0,0.0,0.0,0.0
2002,NLDS1,goodwto01,SFN,NL,2,2,0,0,0,0,0,0,0,0.0,0,2.0,0.0,0.0,0.0,0.0,0.0
2002,NLDS1,gryboke01,ATL,NL,3,0,0,0,0,0,0,0,0,0.0,0,0.0,0.0,0.0,0.0,0.0,0.0
2002,NLDS1,hammoch01,ATL,NL,3,0,0,0,0,0,0,0,0,0.0,0,0.0,0.0,0.0,0.0,0.0,0.0
2002,NLDS1,helmswe01,ATL,NL,1,0,0,0,0,0,0,0,0,0.0,0,0.0,0.0,0.0,0.0,0.0,0.0
2002,NLDS1,hernali01,SFN,NL,1,2,0,0,0,0,0,0,0,0.0,0,0.0,0.0,0.0,2.0,0.0,0.0
2002,NLDS1,holmeda01,ATL,NL,3,0,0,0,0,0,0,0,0,0.0,0,0.0,0.0,0.0,0.0,0.0,0.0
2002,NLDS1,jonesan01,ATL,NL,5,19,4,6,1,0,0,2,0,0.0,2,3.0,0.0,0.0,0.0,0.0,0.0
2002,NLDS1,jonesch06,ATL,NL,5,17,3,5,0,0,0,2,0,0.0,5,2.0,1.0,0.0,0.0,0.0,1.0
2002,NLDS1,kentje01,SFN,NL,5,19,1,5,2,0,0,1,0,0.0,2,7.0,0.0,1.0,0.0,0.0,0.0
2002,NLDS1,ligteke01,ATL,NL,1,0,0,0,0,0,0,0,0,0.0,0,0.0,0.0,0.0,0.0,0.0,0.0
2002,NLDS1,lockhke01,ATL,NL,5,12,1,4,0,0,1,4,0,0.0,2,4.0,1.0,1.0,0.0,0.0,0.0
2002,NLDS1,loftoke01,SFN,NL,5,20,5,7,1,0,0,2,1,0.0,2,3.0,0.0,0.0,0.0,1.0,0.0
2002,NLDS1,lopezja01,ATL,NL,4,15,4,5,1,0,2,4,0,0.0,1,3.0,0.0,0.0,0.0,0.0,1.0
2002,NLDS1,maddugr01,ATL,NL,1,3,0,0,0,0,0,0,0,0.0,0,1.0,0.0,0.0,0.0,0.0,0.0
2002,NLDS1,martira03,SFN,NL,1,0,0,0,0,0,0,0,0,0.0,1,0.0,0.0,0.0,0.0,0.0,0.0
2002,NLDS1,millwke01,ATL,NL,2,2,0,0,0,0,0,0,0,0.0,0,0.0,0.0,0.0,1.0,0.0,0.0
2002,NLDS1,mossda01,ATL,NL,2,0,0,0,0,0,0,0,0,0.0,0,0.0,0.0,0.0,0.0,0.0,0.0
2002,NLDS1,nenro01,SFN,NL,4,0,0,0,0,0,0,0,0,0.0,0,0.0,0.0,0.0,0.0,0.0,0.0
2002,NLDS1,ortizru01,SFN,NL,2,6,1,1,0,0,0,0,0,0.0,0,4.0,0.0,0.0,0.0,0.0,0.0
2002,NLDS1,remlimi01,ATL,NL,3,0,0,0,0,0,0,0,0,0.0,0,0.0,0.0,0.0,0.0,0.0,0.0
2002,NLDS1,rodrife01,SFN,NL,3,0,0,0,0,0,0,0,0,0.0,0,0.0,0.0,0.0,0.0,0.0,0.0
2002,NLDS1,rueteki01,SFN,NL,1,1,0,0,0,0,0,0,0,0.0,0,1.0,0.0,0.0,0.0,0.0,0.0
2002,NLDS1,sandere02,SFN,NL,5,18,1,4,1,0,0,1,0,0.0,3,5.0,1.0,0.0,0.0,0.0,1.0
2002,NLDS1,santibe01,SFN,NL,5,21,1,5,2,0,0,5,0,0.0,1,5.0,0.0,0.0,0.0,0.0,1.0
2002,NLDS1,schmija01,SFN,NL,1,2,0,0,0,0,0,0,0,0.0,0,1.0,0.0,0.0,0.0,0.0,0.0
2002,NLDS1,sheffga01,ATL,NL,5,16,3,1,0,0,1,1,0,0.0,7,3.0,0.0,0.0,0.0,0.0,1.0
2002,NLDS1,smoltjo01,ATL,NL,2,0,0,0,0,0,0,0,0,0.0,0,0.0,0.0,0.0,0.0,0.0,0.0
2002,NLDS1,snowjt01,SFN,NL,5,19,3,6,2,0,1,3,0,0.0,1,5.0,1.0,0.0,0.0,0.0,0.0
2002,NLDS1,witasja01,SFN,NL,2,0,0,0,0,0,0,0,0,0.0,0,0.0,0.0,0.0,0.0,0.0,0.0
2002,NLDS1,worreti01,SFN,NL,3,0,0,0,0,0,0,0,0,0.0,0,0.0,0.0,0.0,0.0,0.0,0.0
2002,NLDS2,barajro01,ARI,NL,2,4,1,1,0,0,1,1,0,0.0,0,1.0,0.0,0.0,0.0,0.0,0.0
2002,NLDS2,batismi01,ARI,NL,1,1,0,0,0,0,0,0,0,0.0,0,1.0,0.0,0.0,0.0,0.0,0.0
2002,NLDS2,benesan01,SLN,NL,1,1,0,0,0,0,0,1,0,0.0,0,0.0,0.0,0.0,1.0,0.0,0.0
2002,NLDS2,cairomi01,SLN,NL,2,4,2,4,1,0,0,3,0,1.0,0,0.0,0.0,1.0,0.0,0.0,0.0
2002,NLDS2,cintral01,ARI,NL,2,0,0,0,0,0,0,0,0,0.0,0,0.0,0.0,0.0,0.0,0.0,0.0
2002,NLDS2,colbrgr01,ARI,NL,1,3,1,0,0,0,0,0,0,0.0,1,1.0,0.0,0.0,0.0,0.0,0.0
2002,NLDS2,crudami01,SLN,NL,1,0,0,0,0,0,0,0,0,0.0,0,0.0,0.0,0.0,0.0,0.0,0.0
2002,NLDS2,delluda01,ARI,NL,3,7,1,2,0,0,1,2,0,0.0,0,1.0,0.0,0.0,0.0,0.0,0.0
2002,NLDS2,donnech01,ARI,NL,3,2,0,0,0,0,0,0,0,0.0,1,0.0,0.0,0.0,0.0,0.0,0.0
2002,NLDS2,drewjd01,SLN,NL,2,9,1,2,0,0,1,1,0,0.0,1,2.0,0.0,0.0,0.0,0.0,0.0
2002,NLDS2,durazer01,ARI,NL,2,4,0,0,0,0,0,0,0,0.0,1,1.0,0.0,0.0,0.0,0.0,0.0
2002,NLDS2,edmonji01,SLN,NL,3,11,1,3,0,0,1,2,0,1.0,2,4.0,0.0,0.0,0.0,0.0,0.0
2002,NLDS2,fasseje01,SLN,NL,3,0,0,0,0,0,0,0,0,0.0,0,0.0,0.0,0.0,0.0,0.0,0.0
2002,NLDS2,fettemi01,ARI,NL,1,0,0,0,0,0,0,0,0,0.0,0,0.0,0.0,0.0,0.0,0.0,0.0
2002,NLDS2,finlech01,SLN,NL,1,3,0,0,0,0,0,0,0,0.0,0,2.0,0.0,0.0,0.0,0.0,0.0
2002,NLDS2,finlest01,ARI,NL,3,9,1,2,0,0,0,1,1,0.0,2,2.0,0.0,0.0,0.0,1.0,0.0
2002,NLDS2,gracema01,ARI,NL,2,4,0,1,0,0,0,0,0,0.0,1,0.0,0.0,0.0,0.0,0.0,0.0
2002,NLDS2,helliri01,ARI,NL,2,0,0,0,0,0,0,0,0,0.0,0,0.0,0.0,0.0,0.0,0.0,0.0
2002,NLDS2,isrinja01,SLN,NL,2,0,0,0,0,0,0,0,0,0.0,0,0.0,0.0,0.0,0.0,0.0,0.0
2002,NLDS2,johnsra05,ARI,NL,1,2,0,0,0,0,0,0,0,0.0,0,2.0,0.0,0.0,0.0,0.0,0.0
2002,NLDS2,kimby01,ARI,NL,1,0,0,0,0,0,0,0,0,0.0,0,0.0,0.0,0.0,0.0,0.0,0.0
2002,NLDS2,klinest02,SLN,NL,2,0,0,0,0,0,0,0,0,0.0,0,0.0,0.0,0.0,0.0,0.0,0.0
2002,NLDS2,koplomi01,ARI,NL,1,0,0,0,0,0,0,0,0,0.0,0,0.0,0.0,0.0,0.0,0.0,0.0
2002,NLDS2,littlma01,ARI,NL,2,4,0,0,0,0,0,0,0,0.0,0,2.0,0.0,0.0,0.0,0.0,0.0
2002,NLDS2,mantema01,ARI,NL,1,0,0,0,0,0,0,0,0,0.0,0,0.0,0.0,0.0,0.0,0.0,0.0
2002,NLDS2,marreel01,SLN,NL,2,6,0,0,0,0,0,1,0,0.0,0,1.0,0.0,0.0,0.0,1.0,0.0
2002,NLDS2,martiti02,SLN,NL,3,11,2,0,0,0,0,0,0,0.0,2,1.0,0.0,0.0,0.0,0.0,0.0
2002,NLDS2,mathemi01,SLN,NL,3,9,3,4,1,0,0,2,0,0.0,2,1.0,1.0,0.0,2.0,0.0,0.0
2002,NLDS2,mccraqu01,ARI,NL,3,11,1,4,1,0,0,2,0,0.0,1,2.0,0.0,0.0,0.0,0.0,0.0
2002,NLDS2,milleda02,ARI,NL,1,2,0,1,1,0,0,0,0,0.0,2,0.0,0.0,0.0,0.0,0.0,0.0
2002,NLDS2,moellch01,ARI,NL,3,5,0,2,0,0,0,0,0,0.0,0,1.0,0.0,0.0,0.0,0.0,0.0
2002,NLDS2,morrima01,SLN,NL,1,4,1,1,0,0,0,2,0,0.0,0,2.0,0.0,0.0,0.0,0.0,0.0
2002,NLDS2,myersmi01,ARI,NL,2,0,0,0,0,0,0,0,0,0.0,0,0.0,0.0,0.0,0.0,0.0,0.0
2002,NLDS2,perezed01,SLN,NL,1,1,0,0,0,0,0,0,0,0.0,0,0.0,0.0,0.0,0.0,0.0,0.0
2002,NLDS2,pujolal01,SLN,NL,3,10,3,3,0,1,0,3,0,0.0,3,1.0,0.0,0.0,0.0,0.0,0.0
2002,NLDS2,renteed01,SLN,NL,3,12,3,3,0,0,0,0,2,0.0,1,1.0,1.0,0.0,0.0,0.0,1.0
2002,NLDS2,robinke02,SLN,NL,2,2,0,1,0,0,0,1,0,0.0,0,0.0,0.0,0.0,0.0,0.0,0.0
2002,NLDS2,rolensc01,SLN,NL,2,7,1,3,0,0,1,2,0,0.0,0,2.0,0.0,1.0,0.0,0.0,0.0
2002,NLDS2,schilcu01,ARI,NL,1,2,0,0,0,0,0,0,0,0.0,0,0.0,0.0,0.0,0.0,0.0,0.0
2002,NLDS2,spiveju01,ARI,NL,3,13,0,2,0,0,0,0,0,0.0,1,3.0,0.0,0.0,0.0,0.0,0.0
2002,NLDS2,swindgr01,ARI,NL,2,0,0,0,0,0,0,0,0,0.0,0,0.0,0.0,0.0,0.0,0.0,0.0
2002,NLDS2,vinafe01,SLN,NL,3,15,3,9,0,0,0,1,0,1.0,1,0.0,0.0,0.0,0.0,0.0,0.0
2002,NLDS2,whiteri01,SLN,NL,2,0,0,0,0,0,0,0,0,0.0,0,0.0,0.0,0.0,0.0,0.0,0.0
2002,NLDS2,willima04,ARI,NL,3,12,0,1,0,0,0,0,0,0.0,0,3.0,0.0,0.0,0.0,0.0,0.0
2002,NLDS2,womacto01,ARI,NL,3,13,1,2,0,0,0,0,0,0.0,1,1.0,0.0,0.0,0.0,0.0,0.0
2002,WS,anderga01,ANA,AL,7,32,3,9,1,0,0,6,0,0.0,0,3.0,0.0,0.0,0.0,0.0,1.0
2002,WS,appieke01,ANA,AL,2,0,0,0,0,0,0,0,0,0.0,0,0.0,0.0,0.0,0.0,0.0,0.0
2002,WS,aurilri01,SFN,NL,7,32,5,8,2,0,2,5,0,0.0,1,9.0,0.0,0.0,0.0,0.0,0.0
2002,WS,bellda01,SFN,NL,7,23,4,7,0,0,1,4,0,1.0,5,4.0,0.0,1.0,0.0,0.0,1.0
2002,WS,bondsba01,SFN,NL,7,17,8,8,2,0,4,6,0,0.0,13,3.0,7.0,0.0,0.0,0.0,0.0
2002,WS,donnebr01,ANA,AL,5,0,0,0,0,0,0,0,0,0.0,0,0.0,0.0,0.0,0.0,0.0,0.0
2002,WS,dunstsh01,SFN,NL,4,9,1,2,0,0,1,3,0,0.0,0,1.0,0.0,0.0,0.0,0.0,0.0
2002,WS,eckstda01,ANA,AL,7,29,6,9,0,0,0,3,1,0.0,3,2.0,0.0,0.0,0.0,1.0,0.0
2002,WS,erstada01,ANA,AL,7,30,6,9,3,0,1,3,1,0.0,1,4.0,0.0,0.0,1.0,1.0,0.0
2002,WS,eyresc01,SFN,NL,3,0,0,0,0,0,0,0,0,0.0,0,0.0,0.0,0.0,0.0,0.0,0.0
2002,WS,felizpe01,SFN,NL,3,5,0,0,0,0,0,0,0,0.0,0,2.0,0.0,0.0,0.0,0.0,0.0
2002,WS,figgich01,ANA,AL,2,0,1,0,0,0,0,0,0,0.0,0,0.0,0.0,0.0,0.0,0.0,0.0
2002,WS,fullmbr01,ANA,AL,5,15,3,4,0,0,0,1,2,0.0,2,2.0,0.0,0.0,0.0,0.0,1.0
2002,WS,fultzaa01,SFN,NL,2,0,0,0,0,0,0,0,0,0.0,0,0.0,0.0,0.0,0.0,0.0,0.0
2002,WS,gilbe01,ANA,AL,3,5,1,4,1,0,0,0,0,0.0,0,1.0,0.0,0.0,0.0,0.0,0.0
2002,WS,glaustr01,ANA,AL,7,26,7,10,3,0,3,8,0,0.0,4,6.0,1.0,0.0,0.0,0.0,1.0
2002,WS,goodwto01,SFN,NL,5,4,0,0,0,0,0,0,1,0.0,1,2.0,0.0,0.0,0.0,0.0,0.0
2002,WS,hernali01,SFN,NL,2,0,0,0,0,0,0,0,0,0.0,0,0.0,0.0,0.0,1.0,0.0,0.0
2002,WS,kennead01,ANA,AL,7,25,1,7,2,0,0,2,0,0.0,0,7.0,0.0,1.0,0.0,0.0,0.0
2002,WS,kentje01,SFN,NL,7,29,6,8,1,0,3,7,0,0.0,1,7.0,0.0,0.0,0.0,1.0,0.0
2002,WS,lackejo01,ANA,AL,3,2,0,1,0,0,0,0,0,0.0,0,0.0,0.0,0.0,0.0,0.0,0.0
2002,WS,loftoke01,SFN,NL,7,31,7,9,1,1,0,2,3,0.0,2,2.0,0.0,0.0,1.0,0.0,0.0
2002,WS,martira03,SFN,NL,2,2,0,0,0,0,0,0,0,0.0,0,2.0,0.0,0.0,0.0,0.0,0.0
2002,WS,molinbe01,ANA,AL,7,21,2,6,2,0,0,2,0,0.0,3,1.0,2.0,0.0,0.0,0.0,2.0
2002,WS,molinjo01,ANA,AL,3,0,0,0,0,0,0,0,0,0.0,0,0.0,0.0,0.0,1.0,0.0,0.0
2002,WS,nenro01,SFN,NL,3,0,0,0,0,0,0,0,0,0.0,0,0.0,0.0,0.0,0.0,0.0,0.0
2002,WS,ochoaal01,ANA,AL,5,1,0,0,0,0,0,0,0,0.0,0,0.0,0.0,0.0,0.0,0.0,0.0
2002,WS,ortizra01,ANA,AL,1,3,0,0,0,0,0,0,0,0.0,0,2.0,0.0,0.0,0.0,0.0,0.0
2002,WS,ortizru01,SFN,NL,2,0,0,0,0,0,0,0,0,0.0,0,0.0,0.0,0.0,0.0,0.0,0.0
2002,WS,palmeor01,ANA,AL,4,4,1,1,1,0,0,0,0,0.0,0,2.0,0.0,0.0,0.0,0.0,0.0
2002,WS,percitr01,ANA,AL,3,0,0,0,0,0,0,0,0,0.0,0,0.0,0.0,0.0,0.0,0.0,0.0
2002,WS,rodrife01,SFN,NL,6,0,0,0,0,0,0,0,0,0.0,0,0.0,0.0,0.0,0.0,0.0,0.0
2002,WS,rodrifr03,ANA,AL,4,0,0,0,0,0,0,0,0,0.0,0,0.0,0.0,0.0,0.0,0.0,0.0
2002,WS,rueteki01,SFN,NL,2,2,1,1,0,0,0,0,0,0.0,0,0.0,0.0,0.0,0.0,0.0,0.0
2002,WS,salmoti01,ANA,AL,7,26,7,9,1,0,2,5,1,0.0,4,7.0,1.0,1.0,0.0,0.0,0.0
2002,WS,sandere02,SFN,NL,7,21,3,5,0,0,2,6,1,0.0,2,9.0,1.0,0.0,0.0,2.0,0.0
2002,WS,santibe01,SFN,NL,7,26,2,6,0,0,0,5,0,0.0,3,4.0,1.0,0.0,0.0,1.0,3.0
2002,WS,schmija01,SFN,NL,2,1,0,0,0,0,0,0,0,0.0,0,1.0,0.0,0.0,1.0,0.0,0.0
2002,WS,schoesc01,ANA,AL,2,0,0,0,0,0,0,0,0,0.0,0,0.0,0.0,0.0,0.0,0.0,0.0
2002,WS,shielsc01,ANA,AL,1,0,0,0,0,0,0,0,0,0.0,0,0.0,0.0,0.0,0.0,0.0,0.0
2002,WS,shinjts01,SFN,NL,3,6,1,1,0,0,0,0,0,0.0,0,3.0,0.0,0.0,1.0,0.0,0.0
2002,WS,snowjt01,SFN,NL,7,27,6,11,1,0,1,4,0,0.0,2,1.0,0.0,0.0,0.0,0.0,0.0
2002,WS,spiezsc01,ANA,AL,7,23,3,6,1,1,1,8,1,0.0,6,1.0,1.0,0.0,0.0,1.0,1.0
2002,WS,washbja01,ANA,AL,2,1,0,0,0,0,0,0,0,0.0,0,0.0,0.0,0.0,0.0,0.0,0.0
2002,WS,weberbe01,ANA,AL,4,0,0,0,0,0,0,0,0,0.0,0,0.0,0.0,0.0,0.0,0.0,0.0
2002,WS,witasja01,SFN,NL,2,0,0,0,0,0,0,0,0,0.0,0,0.0,0.0,0.0,0.0,0.0,0.0
2002,WS,wootesh01,ANA,AL,3,2,0,1,0,0,0,0,0,0.0,0,0.0,0.0,0.0,0.0,0.0,0.0
2002,WS,worreti01,SFN,NL,6,0,0,0,0,0,0,0,0,0.0,0,0.0,0.0,0.0,0.0,0.0,0.0
2002,WS,zerbech01,SFN,NL,3,0,0,0,0,0,0,0,0,0.0,0,0.0,0.0,0.0,0.0,0.0,0.0
2003,ALCS,arroybr01,BOS,AL,3,0,0,0,0,0,0,0,0,0.0,0,0.0,0.0,0.0,0.0,0.0,0.0
2003,ALCS,booneaa01,NYA,AL,7,17,2,3,0,0,1,2,1,1.0,1,6.0,0.0,1.0,0.0,0.0,0.0
2003,ALCS,burkejo03,BOS,AL,1,0,0,0,0,0,0,0,0,0.0,0,0.0,0.0,0.0,0.0,0.0,0.0
2003,ALCS,clemero02,NYA,AL,2,0,0,0,0,0,0,0,0,0.0,0,0.0,0.0,0.0,0.0,0.0,0.0
2003,ALCS,contrjo01,NYA,AL,4,0,0,0,0,0,0,0,0,0.0,0,0.0,0.0,0.0,0.0,0.0,0.0
2003,ALCS,damonjo01,BOS,AL,5,20,1,4,1,0,0,1,1,0.0,3,3.0,0.0,0.0,0.0,0.0,1.0
2003,ALCS,delluda01,NYA,AL,3,3,2,1,0,0,0,0,1,0.0,0,1.0,0.0,1.0,0.0,0.0,0.0
2003,ALCS,embreal01,BOS,AL,5,0,0,0,0,0,0,0,0,0.0,0,0.0,0.0,0.0,0.0,0.0,0.0
2003,ALCS,garcika01,NYA,AL,5,16,1,4,0,0,0,3,0,0.0,2,4.0,0.0,1.0,0.0,0.0,0.0
2003,ALCS,garcino01,BOS,AL,7,29,2,7,0,1,0,1,0,0.0,2,8.0,0.0,0.0,0.0,0.0,1.0
2003,ALCS,giambja01,NYA,AL,7,26,4,6,0,0,3,3,0,0.0,4,7.0,0.0,0.0,0.0,0.0,0.0
2003,ALCS,heredfe01,NYA,AL,5,0,0,0,0,0,0,0,0,0.0,0,0.0,0.0,0.0,0.0,0.0,0.0
2003,ALCS,jacksda04,BOS,AL,5,3,0,1,0,0,0,1,0,1.0,0,1.0,0.0,0.0,0.0,0.0,0.0
2003,ALCS,jeterde01,NYA,AL,7,30,3,7,2,0,1,2,1,0.0,2,4.0,0.0,0.0,0.0,0.0,0.0
2003,ALCS,johnsni01,NYA,AL,7,26,4,6,1,0,1,3,0,0.0,2,4.0,1.0,0.0,0.0,0.0,1.0
2003,ALCS,jonesto02,BOS,AL,1,0,0,0,0,0,0,0,0,0.0,0,0.0,0.0,0.0,0.0,0.0,0.0
2003,ALCS,kaplega01,BOS,AL,3,8,0,1,0,0,0,0,0,1.0,0,3.0,0.0,0.0,0.0,0.0,1.0
2003,ALCS,lowede01,BOS,AL,2,0,0,0,0,0,0,0,0,0.0,0,0.0,0.0,0.0,0.0,0.0,0.0
2003,ALCS,martipe02,BOS,AL,2,0,0,0,0,0,0,0,0,0.0,0,0.0,0.0,0.0,0.0,0.0,0.0
2003,ALCS,matsuhi01,NYA,AL,7,26,3,8,3,0,0,4,0,0.0,1,3.0,0.0,0.0,0.0,1.0,1.0
2003,ALCS,mccarda01,BOS,AL,1,1,0,0,0,0,0,0,0,0.0,0,1.0,0.0,0.0,0.0,0.0,0.0
2003,ALCS,millake01,BOS,AL,7,29,3,7,0,0,1,3,0,0.0,1,9.0,0.0,0.0,0.0,0.0,1.0
2003,ALCS,mirabdo01,BOS,AL,3,7,0,2,0,0,0,0,0,0.0,0,2.0,0.0,0.0,0.0,0.0,0.0
2003,ALCS,muellbi02,BOS,AL,7,27,1,6,2,0,0,0,0,0.0,2,7.0,1.0,0.0,0.0,0.0,1.0
2003,ALCS,mussimi01,NYA,AL,3,0,0,0,0,0,0,0,0,0.0,0,0.0,0.0,0.0,0.0,0.0,0.0
2003,ALCS,nelsoje01,NYA,AL,4,0,0,0,0,0,0,0,0,0.0,0,0.0,0.0,0.0,0.0,0.0,0.0
2003,ALCS,nixontr01,BOS,AL,7,24,3,8,1,0,3,5,1,2.0,3,7.0,0.0,1.0,0.0,0.0,1.0
2003,ALCS,ortizda01,BOS,AL,7,26,4,7,1,0,2,6,0,0.0,3,8.0,0.0,1.0,0.0,0.0,1.0
2003,ALCS,pettian01,NYA,AL,2,0,0,0,0,0,0,0,0,0.0,0,0.0,0.0,0.0,0.0,0.0,0.0
2003,ALCS,posadjo01,NYA,AL,7,27,5,8,4,0,1,6,0,0.0,3,4.0,0.0,0.0,0.0,0.0,1.0
2003,ALCS,ramirma02,BOS,AL,7,29,6,9,1,0,2,4,0,1.0,1,4.0,0.0,0.0,0.0,0.0,2.0
2003,ALCS,riverju01,NYA,AL,2,2,0,0,0,0,0,0,0,0.0,0,1.0,0.0,0.0,0.0,0.0,0.0
2003,ALCS,riverma01,NYA,AL,4,0,0,0,0,0,0,0,0,0.0,0,0.0,0.0,0.0,0.0,0.0,0.0
2003,ALCS,sauersc01,BOS,AL,1,0,0,0,0,0,0,0,0,0.0,0,0.0,0.0,0.0,0.0,0.0,0.0
2003,ALCS,sierrru01,NYA,AL,3,2,1,1,0,0,1,1,0,0.0,1,0.0,1.0,0.0,0.0,0.0,0.0
2003,ALCS,soriaal01,NYA,AL,7,30,0,4,1,0,0,3,2,0.0,1,11.0,0.0,1.0,0.0,0.0,1.0
2003,ALCS,timlimi01,BOS,AL,5,0,0,0,0,0,0,0,0,0.0,0,0.0,0.0,0.0,0.0,0.0,0.0
2003,ALCS,varitja01,BOS,AL,6,20,4,6,2,0,2,3,0,0.0,1,5.0,1.0,0.0,0.0,0.0,0.0
2003,ALCS,wakefti01,BOS,AL,3,0,0,0,0,0,0,0,0,0.0,0,0.0,0.0,0.0,0.0,0.0,0.0
2003,ALCS,walketo04,BOS,AL,7,27,5,10,1,1,2,2,0,0.0,1,2.0,0.0,1.0,0.0,0.0,0.0
2003,ALCS,wellsda01,NYA,AL,2,0,0,0,0,0,0,0,0,0.0,0,0.0,0.0,0.0,0.0,0.0,0.0
2003,ALCS,whitega01,NYA,AL,2,0,0,0,0,0,0,0,0,0.0,0,0.0,0.0,0.0,0.0,0.0,0.0
2003,ALCS,willibe02,NYA,AL,7,26,5,5,1,0,0,2,0,0.0,4,3.0,0.0,0.0,0.0,0.0,0.0
2003,ALCS,willisc01,BOS,AL,3,0,0,0,0,0,0,0,0,0.0,0,0.0,0.0,0.0,0.0,0.0,0.0
2003,ALCS,wilsoen01,NYA,AL,2,7,0,1,0,0,0,0,0,0.0,0,1.0,0.0,0.0,0.0,0.0,0.0
2003,ALDS1,booneaa01,NYA,AL,4,15,1,3,1,0,0,0,1,0.0,0,3.0,0.0,0.0,1.0,0.0,0.0
2003,ALDS1,clemero02,NYA,AL,1,0,0,0,0,0,0,0,0,0.0,0,0.0,0.0,0.0,0.0,0.0,0.0
2003,ALDS1,cuddymi01,MIN,AL,1,4,0,1,0,0,0,1,0,0.0,0,3.0,0.0,0.0,0.0,0.0,0.0
2003,ALDS1,delluda01,NYA,AL,1,0,0,0,0,0,0,0,0,0.0,0,0.0,0.0,0.0,0.0,0.0,0.0
2003,ALDS1,fordle01,MIN,AL,1,1,0,0,0,0,0,0,0,0.0,0,1.0,0.0,0.0,0.0,0.0,0.0
2003,ALDS1,giambja01,NYA,AL,4,16,1,4,2,0,0,2,0,0.0,2,5.0,0.0,0.0,0.0,0.0,0.0
2003,ALDS1,gomezch02,MIN,AL,1,0,0,0,0,0,0,0,0,0.0,0,0.0,0.0,0.0,0.0,0.0,0.0
2003,ALDS1,guarded01,MIN,AL,2,0,0,0,0,0,0,0,0,0.0,0,0.0,0.0,0.0,0.0,0.0,0.0
2003,ALDS1,guzmacr01,MIN,AL,4,13,1,2,0,0,0,0,0,0.0,1,2.0,0.0,0.0,0.0,0.0,0.0
2003,ALDS1,hawkila01,MIN,AL,3,0,0,0,0,0,0,0,0,0.0,0,0.0,0.0,0.0,0.0,0.0,0.0
2003,ALDS1,heredfe01,NYA,AL,1,0,0,0,0,0,0,0,0,0.0,0,0.0,0.0,0.0,0.0,0.0,0.0
2003,ALDS1,hockide01,MIN,AL,1,0,0,0,0,0,0,0,0,0.0,0,0.0,0.0,0.0,0.0,0.0,0.0
2003,ALDS1,hunteto01,MIN,AL,4,14,3,6,0,1,1,2,0,0.0,2,2.0,1.0,0.0,0.0,0.0,0.0
2003,ALDS1,jeterde01,NYA,AL,4,14,2,6,0,0,1,1,1,0.0,4,2.0,1.0,0.0,0.0,0.0,0.0
2003,ALDS1,johnsni01,NYA,AL,4,13,2,1,1,0,0,2,0,0.0,3,2.0,0.0,1.0,0.0,0.0,0.0
2003,ALDS1,jonesja04,MIN,AL,4,16,0,2,0,0,0,0,0,0.0,0,5.0,0.0,0.0,0.0,0.0,0.0
2003,ALDS1,koskico01,MIN,AL,4,15,0,3,1,0,0,0,0,1.0,0,5.0,0.0,0.0,0.0,0.0,0.0
2003,ALDS1,lecroma01,MIN,AL,3,11,1,1,0,0,0,0,0,0.0,1,4.0,0.0,0.0,0.0,0.0,0.0
2003,ALDS1,lohseky01,MIN,AL,1,0,0,0,0,0,0,0,0,0.0,0,0.0,0.0,0.0,0.0,0.0,0.0
2003,ALDS1,matsuhi01,NYA,AL,4,15,2,4,1,0,1,3,0,0.0,2,3.0,0.0,0.0,0.0,0.0,1.0
2003,ALDS1,mientdo01,MIN,AL,4,15,0,2,0,0,0,0,0,0.0,1,2.0,0.0,0.0,0.0,0.0,0.0
2003,ALDS1,miltoer01,MIN,AL,1,0,0,0,0,0,0,0,0,0.0,0,0.0,0.0,0.0,0.0,0.0,0.0
2003,ALDS1,mussimi01,NYA,AL,1,0,0,0,0,0,0,0,0,0.0,0,0.0,0.0,0.0,0.0,0.0,0.0
2003,ALDS1,nelsoje01,NYA,AL,1,0,0,0,0,0,0,0,0,0.0,0,0.0,0.0,0.0,0.0,0.0,0.0
2003,ALDS1,pettian01,NYA,AL,1,0,0,0,0,0,0,0,0,0.0,0,0.0,0.0,0.0,0.0,0.0,0.0
2003,ALDS1,pierzaj01,MIN,AL,4,13,1,3,0,0,1,1,0,0.0,2,0.0,1.0,0.0,0.0,0.0,1.0
2003,ALDS1,posadjo01,NYA,AL,4,17,1,3,1,0,0,0,0,0.0,0,6.0,0.0,0.0,0.0,0.0,0.0
2003,ALDS1,radkebr01,MIN,AL,1,0,0,0,0,0,0,0,0,0.0,0,0.0,0.0,0.0,0.0,0.0,0.0
2003,ALDS1,reedri01,MIN,AL,1,0,0,0,0,0,0,0,0,0.0,0,0.0,0.0,0.0,0.0,0.0,0.0
2003,ALDS1,rincoju01,MIN,AL,3,0,0,0,0,0,0,0,0,0.0,0,0.0,0.0,0.0,0.0,0.0,0.0
2003,ALDS1,rivaslu01,MIN,AL,4,13,0,0,0,0,0,1,0,0.0,0,4.0,0.0,0.0,1.0,1.0,1.0
2003,ALDS1,riverju01,NYA,AL,4,12,2,4,0,0,0,0,0,0.0,1,0.0,1.0,0.0,1.0,0.0,1.0
2003,ALDS1,riverma01,NYA,AL,2,0,0,0,0,0,0,0,0,0.0,0,0.0,0.0,0.0,0.0,0.0,0.0
2003,ALDS1,rogerke01,MIN,AL,1,0,0,0,0,0,0,0,0,0.0,0,0.0,0.0,0.0,0.0,0.0,0.0
2003,ALDS1,romerjc01,MIN,AL,3,0,0,0,0,0,0,0,0,0.0,0,0.0,0.0,0.0,0.0,0.0,0.0
2003,ALDS1,ryanmi03,MIN,AL,1,1,0,0,0,0,0,0,0,0.0,0,1.0,0.0,0.0,0.0,0.0,0.0
2003,ALDS1,santajo01,MIN,AL,2,0,0,0,0,0,0,0,0,0.0,0,0.0,0.0,0.0,0.0,0.0,0.0
2003,ALDS1,sierrru01,NYA,AL,1,2,0,0,0,0,0,0,0,0.0,0,0.0,0.0,0.0,0.0,0.0,0.0
2003,ALDS1,soriaal01,NYA,AL,4,19,2,7,1,0,0,4,2,0.0,0,6.0,0.0,0.0,0.0,0.0,0.0
2003,ALDS1,stewash01,MIN,AL,4,15,0,6,2,0,0,0,1,0.0,2,4.0,0.0,0.0,0.0,0.0,0.0
2003,ALDS1,wellsda01,NYA,AL,1,0,0,0,0,0,0,0,0,0.0,0,0.0,0.0,0.0,0.0,0.0,0.0
2003,ALDS1,whitega01,NYA,AL,1,0,0,0,0,0,0,0,0,0.0,0,0.0,0.0,0.0,0.0,0.0,0.0
2003,ALDS1,willibe02,NYA,AL,4,15,3,6,2,0,0,3,0,0.0,2,2.0,1.0,0.0,0.0,1.0,0.0
2003,ALDS2,bradfch01,OAK,AL,4,0,0,0,0,0,0,0,0,0.0,0,0.0,0.0,0.0,0.0,0.0,0.0
2003,ALDS2,brownad01,BOS,AL,4,2,0,0,0,0,0,0,0,0.0,0,1.0,0.0,0.0,0.0,0.0,0.0
2003,ALDS2,burkejo03,BOS,AL,1,0,0,0,0,0,0,0,0,0.0,0,0.0,0.0,0.0,0.0,0.0,0.0
2003,ALDS2,byrneer01,OAK,AL,5,13,2,6,1,0,0,2,1,0.0,0,5.0,0.0,0.0,0.0,0.0,0.0
2003,ALDS2,chaveer01,OAK,AL,5,22,1,1,1,0,0,0,1,0.0,1,3.0,1.0,0.0,0.0,0.0,0.0
2003,ALDS2,damonjo01,BOS,AL,5,19,2,6,2,0,1,3,2,0.0,2,1.0,0.0,1.0,0.0,0.0,1.0
2003,ALDS2,durazer01,OAK,AL,5,21,3,5,2,0,0,3,0,0.0,3,4.0,0.0,0.0,0.0,0.0,0.0
2003,ALDS2,dyeje01,OAK,AL,4,13,2,3,0,0,1,3,0,0.0,0,2.0,0.0,1.0,0.0,0.0,0.0
2003,ALDS2,ellisma01,OAK,AL,5,17,2,2,0,0,0,0,0,0.0,4,7.0,0.0,1.0,0.0,0.0,0.0
2003,ALDS2,embreal01,BOS,AL,3,0,0,0,0,0,0,0,0,0.0,0,0.0,0.0,0.0,0.0,0.0,0.0
2003,ALDS2,foulkke01,OAK,AL,3,0,0,0,0,0,0,0,0,0.0,0,0.0,0.0,0.0,0.0,0.0,0.0
2003,ALDS2,garcino01,BOS,AL,5,20,2,6,1,0,0,0,1,0.0,3,2.0,1.0,0.0,0.0,0.0,1.0
2003,ALDS2,guilljo01,OAK,AL,4,11,1,5,1,0,0,1,0,0.0,3,2.0,0.0,0.0,0.0,0.0,0.0
2003,ALDS2,harderi01,OAK,AL,2,0,0,0,0,0,0,0,0,0.0,0,0.0,0.0,0.0,0.0,0.0,0.0
2003,ALDS2,hattesc01,OAK,AL,5,17,3,3,0,0,0,0,0,0.0,5,3.0,0.0,0.0,0.0,0.0,0.0
2003,ALDS2,hernara02,OAK,AL,4,15,1,3,0,0,0,2,0,0.0,2,1.0,0.0,1.0,1.0,0.0,0.0
2003,ALDS2,hudsoti01,OAK,AL,2,0,0,0,0,0,0,0,0,0.0,0,0.0,0.0,0.0,0.0,0.0,0.0
2003,ALDS2,jacksda04,BOS,AL,4,5,0,0,0,0,0,0,0,0.0,0,2.0,0.0,0.0,0.0,0.0,0.0
2003,ALDS2,kaplega01,BOS,AL,4,9,0,0,0,0,0,0,0,0.0,0,3.0,0.0,0.0,0.0,0.0,1.0
2003,ALDS2,kimby01,BOS,AL,1,0,0,0,0,0,0,0,0,0.0,0,0.0,0.0,0.0,0.0,0.0,0.0
2003,ALDS2,lillyte01,OAK,AL,2,0,0,0,0,0,0,0,0,0.0,0,0.0,0.0,0.0,0.0,0.0,0.0
2003,ALDS2,longte01,OAK,AL,4,8,0,2,0,0,0,0,0,0.0,1,3.0,1.0,0.0,0.0,0.0,0.0
2003,ALDS2,lowede01,BOS,AL,3,0,0,0,0,0,0,0,0,0.0,0,0.0,0.0,0.0,0.0,0.0,0.0
2003,ALDS2,martipe02,BOS,AL,2,0,0,0,0,0,0,0,0,0.0,0,0.0,0.0,0.0,0.0,0.0,0.0
2003,ALDS2,mccarda01,BOS,AL,1,0,0,0,0,0,0,0,0,0.0,0,0.0,0.0,0.0,0.0,0.0,0.0
2003,ALDS2,mcmilbi01,OAK,AL,3,6,0,1,0,0,0,1,0,0.0,1,1.0,0.0,0.0,0.0,0.0,0.0
2003,ALDS2,mecirji01,OAK,AL,1,0,0,0,0,0,0,0,0,0.0,0,0.0,0.0,0.0,0.0,0.0,0.0
2003,ALDS2,melhuad01,OAK,AL,2,5,1,3,0,1,0,1,0,0.0,0,1.0,0.0,0.0,0.0,0.0,0.0
2003,ALDS2,menecfr01,OAK,AL,1,0,0,0,0,0,0,0,0,0.0,0,0.0,0.0,0.0,0.0,0.0,0.0
2003,ALDS2,millake01,BOS,AL,5,21,0,5,0,0,0,0,0,0.0,2,4.0,0.0,0.0,0.0,0.0,0.0
2003,ALDS2,mirabdo01,BOS,AL,2,4,2,2,1,0,0,0,0,0.0,0,2.0,0.0,0.0,0.0,0.0,0.0
2003,ALDS2,muellbi02,BOS,AL,5,19,0,2,1,0,0,0,0,0.0,3,4.0,1.0,0.0,0.0,0.0,1.0
2003,ALDS2,nixontr01,BOS,AL,4,10,1,2,0,0,1,2,0,0.0,1,3.0,0.0,0.0,0.0,0.0,0.0
2003,ALDS2,ortizda01,BOS,AL,5,21,0,2,1,0,0,2,0,0.0,2,7.0,1.0,0.0,0.0,0.0,0.0
2003,ALDS2,ramirma02,BOS,AL,5,20,2,4,0,0,1,3,0,0.0,3,7.0,1.0,0.0,0.0,0.0,0.0
2003,ALDS2,rincori01,OAK,AL,4,0,0,0,0,0,0,0,0,0.0,0,0.0,0.0,0.0,0.0,0.0,0.0
2003,ALDS2,singlch01,OAK,AL,2,7,2,2,2,0,0,0,1,0.0,1,1.0,0.0,1.0,0.0,0.0,0.0
2003,ALDS2,sparkst01,OAK,AL,1,0,0,0,0,0,0,0,0,0.0,0,0.0,0.0,0.0,0.0,0.0,0.0
2003,ALDS2,tejadmi01,OAK,AL,5,23,0,2,1,0,0,2,0,0.0,0,4.0,0.0,0.0,0.0,0.0,0.0
2003,ALDS2,timlimi01,BOS,AL,3,0,0,0,0,0,0,0,0,0.0,0,0.0,0.0,0.0,0.0,0.0,0.0
2003,ALDS2,varitja01,BOS,AL,5,14,4,4,0,0,2,2,0,0.0,2,2.0,1.0,0.0,0.0,0.0,0.0
2003,ALDS2,wakefti01,BOS,AL,2,0,0,0,0,0,0,0,0,0.0,0,0.0,0.0,0.0,0.0,0.0,0.0
2003,ALDS2,walketo04,BOS,AL,5,16,4,5,0,0,3,4,0,0.0,0,1.0,0.0,1.0,0.0,0.0,0.0
2003,ALDS2,willisc01,BOS,AL,5,0,0,0,0,0,0,0,0,0.0,0,0.0,0.0,0.0,0.0,0.0,0.0
2003,ALDS2,zitoba01,OAK,AL,2,0,0,0,0,0,0,0,0,0.0,0,0.0,0.0,0.0,0.0,0.0,0.0
2003,NLCS,alfonan01,CHN,NL,3,0,0,0,0,0,0,0,0,0.0,0,0.0,0.0,0.0,0.0,0.0,0.0
2003,NLCS,aloumo01,CHN,NL,7,29,4,9,1,0,2,5,0,0.0,2,1.0,0.0,0.0,0.0,0.0,2.0
2003,NLCS,bakopa01,CHN,NL,6,16,4,4,1,0,0,1,0,0.0,1,7.0,0.0,0.0,0.0,0.0,0.0
2003,NLCS,banksbr01,FLO,NL,2,1,1,0,0,0,0,0,0,0.0,1,0.0,0.0,0.0,0.0,0.0,0.0
2003,NLCS,beckejo02,FLO,NL,3,8,0,2,0,0,0,0,0,0.0,1,3.0,0.0,0.0,0.0,0.0,0.0
2003,NLCS,borowjo01,CHN,NL,3,0,0,0,0,0,0,0,0,0.0,0,0.0,0.0,0.0,0.0,0.0,0.0
2003,NLCS,bumpna01,FLO,NL,2,0,0,0,0,0,0,0,0,0.0,0,0.0,0.0,0.0,0.0,0.0,0.0
2003,NLCS,cabremi01,FLO,NL,7,30,9,10,0,0,3,6,0,0.0,2,6.0,0.0,1.0,0.0,0.0,1.0
2003,NLCS,castilu01,FLO,NL,7,28,3,6,1,0,0,2,2,0.0,5,2.0,0.0,0.0,1.0,0.0,0.0
2003,NLCS,clemema01,CHN,NL,1,4,0,0,0,0,0,0,0,0.0,0,1.0,0.0,0.0,0.0,0.0,0.0
2003,NLCS,coninje01,FLO,NL,7,24,4,11,1,1,1,3,0,0.0,4,2.0,0.0,0.0,0.0,2.0,0.0
2003,NLCS,encarju01,FLO,NL,5,12,1,3,1,0,1,1,0,0.0,0,4.0,0.0,0.0,0.0,0.0,1.0
2003,NLCS,farnsky01,CHN,NL,5,0,0,0,0,0,0,0,0,0.0,0,0.0,0.0,0.0,0.0,0.0,0.0
2003,NLCS,foxch02,FLO,NL,3,0,0,0,0,0,0,0,0,0.0,0,0.0,0.0,0.0,0.0,0.0,0.0
2003,NLCS,glanvdo01,CHN,NL,1,1,0,1,0,1,0,1,0,0.0,0,0.0,0.0,0.0,0.0,0.0,0.0
2003,NLCS,gonzaal01,CHN,NL,7,28,5,8,2,0,3,7,0,0.0,2,7.0,0.0,0.0,0.0,0.0,0.0
2003,NLCS,gonzaal02,FLO,NL,7,24,1,3,2,0,0,4,0,0.0,0,6.0,0.0,0.0,0.0,0.0,0.0
2003,NLCS,goodwto01,CHN,NL,5,4,1,1,0,1,0,0,0,0.0,0,3.0,0.0,0.0,0.0,0.0,0.0
2003,NLCS,grudzma01,CHN,NL,7,30,2,6,1,1,0,3,0,0.0,0,5.0,0.0,0.0,2.0,0.0,0.0
2003,NLCS,guthrma01,CHN,NL,2,0,0,0,0,0,0,0,0,0.0,0,0.0,0.0,0.0,0.0,0.0,0.0
2003,NLCS,harrile01,FLO,NL,3,2,0,0,0,0,0,0,0,0.0,1,0.0,0.0,0.0,0.0,0.0,0.0
2003,NLCS,helliri01,FLO,NL,2,1,0,0,0,0,0,0,0,0.0,0,0.0,0.0,0.0,0.0,0.0,0.0
2003,NLCS,hollato01,FLO,NL,4,3,2,3,1,0,0,2,0,0.0,1,0.0,1.0,0.0,0.0,0.0,0.0
2003,NLCS,karroer01,CHN,NL,5,13,2,3,0,0,0,0,0,0.0,2,3.0,0.0,0.0,0.0,0.0,0.0
2003,NLCS,leede02,FLO,NL,7,32,2,6,2,0,1,4,1,0.0,1,8.0,0.0,1.0,0.0,0.0,2.0
2003,NLCS,loftoke01,CHN,NL,7,31,8,10,1,0,0,2,1,0.0,3,4.0,0.0,0.0,1.0,0.0,0.0
2003,NLCS,loopebr01,FLO,NL,2,0,0,0,0,0,0,0,0,0.0,0,0.0,0.0,0.0,0.0,0.0,0.0
2003,NLCS,lowelmi01,FLO,NL,7,20,5,4,0,0,2,3,0,0.0,3,4.0,1.0,0.0,0.0,0.0,0.0
2003,NLCS,martira03,CHN,NL,4,4,0,0,0,0,0,0,0,0.0,0,1.0,0.0,0.0,0.0,0.0,0.0
2003,NLCS,milleda02,CHN,NL,4,10,0,2,1,0,0,1,0,0.0,2,2.0,0.0,0.0,0.0,0.0,0.0
2003,NLCS,mordemi01,FLO,NL,3,5,1,1,1,0,0,3,0,0.0,0,0.0,0.0,0.0,1.0,0.0,0.0
2003,NLCS,oleartr01,CHN,NL,3,3,1,1,0,0,1,1,0,0.0,0,0.0,0.0,0.0,0.0,0.0,0.0
2003,NLCS,pavanca01,FLO,NL,3,2,0,0,0,0,0,0,0,0.0,0,1.0,0.0,0.0,0.0,0.0,0.0
2003,NLCS,pennybr01,FLO,NL,3,1,0,0,0,0,0,0,0,0.0,0,1.0,0.0,0.0,0.0,0.0,0.0
2003,NLCS,pierrju01,FLO,NL,7,33,5,10,1,2,0,1,1,3.0,2,1.0,0.0,0.0,1.0,0.0,0.0
2003,NLCS,priorma01,CHN,NL,2,4,0,0,0,0,0,0,0,0.0,0,2.0,0.0,0.0,3.0,0.0,0.0
2003,NLCS,ramirar01,CHN,NL,7,26,4,6,0,1,3,7,0,0.0,5,6.0,0.0,1.0,0.0,0.0,1.0
2003,NLCS,redmama01,FLO,NL,2,2,0,0,0,0,0,0,0,0.0,1,0.0,0.0,0.0,0.0,0.0,0.0
2003,NLCS,redmomi01,FLO,NL,1,0,1,0,0,0,0,0,0,0.0,1,0.0,0.0,0.0,0.0,0.0,0.0
2003,NLCS,remlimi01,CHN,NL,5,0,0,0,0,0,0,0,0,0.0,0,0.0,0.0,0.0,0.0,0.0,0.0
2003,NLCS,rodriiv01,FLO,NL,7,28,5,9,2,0,2,10,0,0.0,5,7.0,2.0,0.0,0.0,0.0,0.0
2003,NLCS,simonra01,CHN,NL,6,17,3,5,2,0,1,4,0,0.0,0,3.0,0.0,0.0,0.0,0.0,1.0
2003,NLCS,sosasa01,CHN,NL,7,26,7,8,1,0,2,6,0,0.0,6,9.0,3.0,1.0,0.0,0.0,0.0
2003,NLCS,tejermi01,FLO,NL,2,0,0,0,0,0,0,0,0,0.0,0,0.0,0.0,0.0,0.0,0.0,0.0
2003,NLCS,urbinug01,FLO,NL,4,0,0,0,0,0,0,0,0,0.0,0,0.0,0.0,0.0,0.0,0.0,0.0
2003,NLCS,veresda01,CHN,NL,3,0,0,0,0,0,0,0,0,0.0,0,0.0,0.0,0.0,0.0,0.0,0.0
2003,NLCS,willido03,FLO,NL,2,0,0,0,0,0,0,0,0,0.0,0,0.0,0.0,0.0,0.0,0.0,0.0
2003,NLCS,woodke02,CHN,NL,2,3,1,1,0,0,1,3,0,0.0,0,0.0,0.0,0.0,1.0,1.0,0.0
2003,NLCS,zambrca01,CHN,NL,2,3,0,0,0,0,0,0,0,0.0,0,3.0,0.0,0.0,0.0,0.0,0.0
2003,NLDS1,alfoned01,SFN,NL,4,17,3,9,4,0,0,5,0,0.0,1,1.0,0.0,0.0,0.0,0.0,0.0
2003,NLDS1,aurilri01,SFN,NL,4,15,4,2,1,0,0,1,0,0.0,3,3.0,0.0,0.0,0.0,0.0,0.0
2003,NLDS1,banksbr01,FLO,NL,2,2,0,0,0,0,0,0,0,0.0,0,0.0,0.0,0.0,0.0,0.0,0.0
2003,NLDS1,beckejo02,FLO,NL,1,1,0,0,0,0,0,0,0,0.0,0,1.0,0.0,0.0,1.0,0.0,0.0
2003,NLDS1,bondsba01,SFN,NL,4,9,3,2,1,0,0,2,1,0.0,8,0.0,6.0,0.0,0.0,1.0,0.0
2003,NLDS1,broweji01,SFN,NL,2,0,0,0,0,0,0,0,0,0.0,0,0.0,0.0,0.0,0.0,0.0,0.0
2003,NLDS1,cabremi01,FLO,NL,4,14,1,4,2,0,0,3,0,0.0,1,6.0,0.0,0.0,1.0,0.0,0.0
2003,NLDS1,castilu01,FLO,NL,4,17,2,5,3,0,0,1,0,0.0,3,3.0,0.0,0.0,0.0,0.0,0.0
2003,NLDS1,chrisja01,SFN,NL,1,0,0,0,0,0,0,0,0,0.0,0,0.0,0.0,0.0,0.0,0.0,0.0
2003,NLDS1,coninje01,FLO,NL,4,15,2,4,0,0,0,2,0,0.0,2,1.0,1.0,0.0,0.0,0.0,0.0
2003,NLDS1,cruzjo02,SFN,NL,4,11,0,0,0,0,0,1,0,0.0,2,4.0,1.0,0.0,1.0,0.0,0.0
2003,NLDS1,durhara01,SFN,NL,4,17,2,4,0,0,0,0,0,0.0,1,5.0,0.0,1.0,0.0,0.0,0.0
2003,NLDS1,encarju01,FLO,NL,4,15,1,2,0,0,1,1,0,0.0,2,3.0,1.0,0.0,1.0,0.0,1.0
2003,NLDS1,eyresc01,SFN,NL,1,0,0,0,0,0,0,0,0,0.0,0,0.0,0.0,0.0,0.0,0.0,0.0
2003,NLDS1,felizpe01,SFN,NL,3,3,1,2,0,1,0,1,0,0.0,0,1.0,0.0,0.0,0.0,0.0,0.0
2003,NLDS1,foxch02,FLO,NL,3,0,0,0,0,0,0,0,0,0.0,0,0.0,0.0,0.0,0.0,0.0,0.0
2003,NLDS1,galaran01,SFN,NL,2,5,0,0,0,0,0,0,0,0.0,0,1.0,0.0,0.0,0.0,0.0,0.0
2003,NLDS1,gonzaal02,FLO,NL,4,16,2,1,0,0,0,0,0,0.0,1,3.0,0.0,0.0,0.0,0.0,1.0
2003,NLDS1,grissma02,SFN,NL,4,14,1,2,0,0,0,1,0,1.0,2,5.0,0.0,0.0,0.0,0.0,0.0
2003,NLDS1,hammoje01,SFN,NL,3,5,1,2,0,0,0,0,0,0.0,1,0.0,0.0,1.0,0.0,0.0,0.0
2003,NLDS1,harrile01,FLO,NL,2,2,0,1,0,0,0,0,0,0.0,0,0.0,0.0,0.0,0.0,0.0,0.0
2003,NLDS1,helliri01,FLO,NL,1,0,0,0,0,0,0,0,0,0.0,0,0.0,0.0,0.0,0.0,0.0,0.0
2003,NLDS1,hergema01,SFN,NL,3,0,0,0,0,0,0,0,0,0.0,0,0.0,0.0,0.0,0.0,0.0,0.0
2003,NLDS1,hermadu01,SFN,NL,1,0,0,0,0,0,0,0,0,0.0,0,0.0,0.0,0.0,0.0,0.0,0.0
2003,NLDS1,hollato01,FLO,NL,3,3,1,1,0,0,0,0,0,0.0,0,2.0,0.0,0.0,0.0,0.0,0.0
2003,NLDS1,leede02,FLO,NL,4,16,2,4,1,0,0,2,1,0.0,1,2.0,0.0,2.0,0.0,0.0,0.0
2003,NLDS1,loopebr01,FLO,NL,2,0,0,0,0,0,0,0,0,0.0,0,0.0,0.0,0.0,0.0,0.0,0.0
2003,NLDS1,lowelmi01,FLO,NL,2,3,0,0,0,0,0,0,0,0.0,0,1.0,0.0,0.0,0.0,0.0,0.0
2003,NLDS1,nathajo01,SFN,NL,2,0,0,0,0,0,0,0,0,0.0,0,0.0,0.0,0.0,0.0,0.0,0.0
2003,NLDS1,pavanca01,FLO,NL,3,0,0,0,0,0,0,0,0,0.0,0,0.0,0.0,0.0,0.0,0.0,0.0
2003,NLDS1,pennybr01,FLO,NL,2,1,0,1,0,0,0,0,0,0.0,0,0.0,0.0,0.0,0.0,0.0,0.0
2003,NLDS1,perezne01,SFN,NL,3,3,1,1,1,0,0,0,0,0.0,1,0.0,1.0,0.0,0.0,0.0,0.0
2003,NLDS1,pierrju01,FLO,NL,4,19,5,5,1,0,0,3,1,0.0,1,1.0,1.0,0.0,0.0,0.0,0.0
2003,NLDS1,ponsosi01,SFN,NL,1,1,0,0,0,0,0,0,0,0.0,0,0.0,0.0,0.0,0.0,0.0,0.0
2003,NLDS1,redmama01,FLO,NL,1,2,0,0,0,0,0,0,0,0.0,0,1.0,0.0,0.0,0.0,0.0,0.0
2003,NLDS1,rodrife01,SFN,NL,3,0,0,0,0,0,0,0,0,0.0,0,0.0,0.0,0.0,0.0,0.0,0.0
2003,NLDS1,rodriiv01,FLO,NL,4,17,3,6,1,0,1,6,0,0.0,3,1.0,0.0,0.0,0.0,0.0,0.0
2003,NLDS1,rueteki01,SFN,NL,1,2,0,1,0,0,0,0,0,0.0,0,0.0,0.0,0.0,0.0,0.0,0.0
2003,NLDS1,santibe01,SFN,NL,4,11,0,2,0,0,0,0,0,0.0,1,2.0,0.0,0.0,1.0,0.0,0.0
2003,NLDS1,schmija01,SFN,NL,1,3,0,0,0,0,0,0,0,0.0,0,2.0,0.0,0.0,0.0,0.0,0.0
2003,NLDS1,snowjt01,SFN,NL,4,16,0,5,0,0,0,3,0,0.0,0,3.0,0.0,0.0,0.0,0.0,0.0
2003,NLDS1,torreyo01,SFN,NL,2,3,0,0,0,0,0,1,0,0.0,0,0.0,0.0,0.0,1.0,1.0,0.0
2003,NLDS1,urbinug01,FLO,NL,3,0,0,0,0,0,0,0,0,0.0,0,0.0,0.0,0.0,0.0,0.0,0.0
2003,NLDS1,willido03,FLO,NL,2,3,1,3,0,1,0,0,0,0.0,0,0.0,0.0,0.0,0.0,0.0,0.0
2003,NLDS1,willije02,SFN,NL,1,1,0,0,0,0,0,0,0,0.0,0,1.0,0.0,0.0,0.0,0.0,0.0
2003,NLDS1,worreti01,SFN,NL,2,0,0,0,0,0,0,0,0,0.0,0,0.0,0.0,0.0,0.0,0.0,0.0
2003,NLDS2,alfonan01,CHN,NL,1,0,0,0,0,0,0,0,0,0.0,0,0.0,0.0,0.0,0.0,0.0,0.0
2003,NLDS2,aloumo01,CHN,NL,5,20,3,10,1,0,0,3,1,0.0,1,4.0,0.0,0.0,0.0,0.0,1.0
2003,NLDS2,bakopa01,CHN,NL,3,4,0,0,0,0,0,1,0,0.0,2,2.0,0.0,0.0,0.0,0.0,0.0
2003,NLDS2,borowjo01,CHN,NL,2,0,0,0,0,0,0,0,0,0.0,0,0.0,0.0,0.0,0.0,0.0,0.0
2003,NLDS2,braggda01,ATL,NL,2,5,0,0,0,0,0,1,0,0.0,0,1.0,0.0,0.0,0.0,0.0,0.0
2003,NLDS2,castivi02,ATL,NL,5,16,0,4,0,0,0,1,0,0.0,3,6.0,0.0,0.0,0.0,0.0,0.0
2003,NLDS2,clemema01,CHN,NL,1,2,0,0,0,0,0,0,0,0.0,0,1.0,0.0,0.0,0.0,0.0,0.0
2003,NLDS2,cruzju02,CHN,NL,1,0,0,0,0,0,0,0,0,0.0,0,0.0,0.0,0.0,0.0,0.0,0.0
2003,NLDS2,cunnawi01,ATL,NL,2,0,0,0,0,0,0,0,0,0.0,0,0.0,0.0,0.0,0.0,0.0,0.0
2003,NLDS2,derosma01,ATL,NL,4,7,1,3,2,0,0,2,0,0.0,1,2.0,0.0,0.0,0.0,0.0,0.0
2003,NLDS2,farnsky01,CHN,NL,3,0,0,0,0,0,0,0,0,0.0,0,0.0,0.0,0.0,0.0,0.0,0.0
2003,NLDS2,fickro01,ATL,NL,4,11,0,0,0,0,0,0,0,0.0,1,2.0,0.0,0.0,0.0,0.0,1.0
2003,NLDS2,francju01,ATL,NL,4,8,1,4,1,0,0,0,0,0.0,2,2.0,0.0,0.0,0.0,0.0,0.0
2003,NLDS2,francma01,ATL,NL,2,2,1,0,0,0,0,0,0,0.0,0,1.0,0.0,0.0,0.0,0.0,0.0
2003,NLDS2,furcara01,ATL,NL,5,19,3,4,0,0,0,0,1,0.0,3,5.0,1.0,0.0,1.0,0.0,0.0
2003,NLDS2,garcije01,ATL,NL,2,0,1,0,0,0,0,0,0,0.0,0,0.0,0.0,0.0,0.0,0.0,0.0
2003,NLDS2,gilesma01,ATL,NL,5,14,3,5,0,0,1,3,0,0.0,2,2.0,0.0,0.0,0.0,1.0,0.0
2003,NLDS2,glanvdo01,CHN,NL,2,1,1,0,0,0,0,0,0,0.0,0,0.0,0.0,0.0,0.0,0.0,1.0
2003,NLDS2,gonzaal01,CHN,NL,5,12,1,3,0,0,1,1,0,1.0,2,3.0,1.0,0.0,0.0,0.0,0.0
2003,NLDS2,goodwto01,CHN,NL,2,1,0,1,1,0,0,2,0,0.0,0,0.0,0.0,0.0,0.0,1.0,0.0
2003,NLDS2,grudzma01,CHN,NL,5,20,2,3,0,0,0,0,0,0.0,3,4.0,0.0,0.0,0.0,0.0,1.0
2003,NLDS2,gryboke01,ATL,NL,5,0,0,0,0,0,0,0,0,0.0,0,0.0,0.0,0.0,0.0,0.0,0.0
2003,NLDS2,guthrma01,CHN,NL,1,0,0,0,0,0,0,0,0,0.0,0,0.0,0.0,0.0,0.0,0.0,0.0
2003,NLDS2,hamptmi01,ATL,NL,2,4,0,1,0,0,0,0,0,0.0,0,2.0,0.0,0.0,0.0,0.0,0.0
2003,NLDS2,hernaro01,ATL,NL,1,0,0,0,0,0,0,0,0,0.0,0,0.0,0.0,0.0,0.0,0.0,0.0
2003,NLDS2,jonesan01,ATL,NL,5,17,1,1,0,0,0,1,0,0.0,4,7.0,0.0,0.0,0.0,0.0,0.0
2003,NLDS2,jonesch06,ATL,NL,5,18,3,3,0,0,2,6,0,0.0,3,4.0,0.0,0.0,0.0,0.0,1.0
2003,NLDS2,karroer01,CHN,NL,4,16,4,6,0,0,2,2,0,0.0,0,3.0,0.0,0.0,0.0,0.0,1.0
2003,NLDS2,kingra01,ATL,NL,4,0,0,0,0,0,0,0,0,0.0,0,0.0,0.0,0.0,0.0,0.0,0.0
2003,NLDS2,loftoke01,CHN,NL,5,21,3,6,1,0,0,1,3,1.0,2,2.0,0.0,0.0,0.0,0.0,1.0
2003,NLDS2,lopezja01,ATL,NL,5,21,1,7,2,0,0,0,0,0.0,0,6.0,0.0,0.0,0.0,0.0,0.0
2003,NLDS2,maddugr01,ATL,NL,1,2,0,0,0,0,0,0,0,0.0,0,0.0,0.0,0.0,0.0,0.0,0.0
2003,NLDS2,martira03,CHN,NL,2,4,0,0,0,0,0,0,0,0.0,0,2.0,0.0,0.0,0.0,0.0,0.0
2003,NLDS2,merckke01,ATL,NL,1,0,0,0,0,0,0,0,0,0.0,0,0.0,0.0,0.0,0.0,0.0,0.0
2003,NLDS2,milleda02,CHN,NL,4,11,0,1,1,0,0,1,0,0.0,2,5.0,0.0,0.0,0.0,0.0,0.0
2003,NLDS2,oleartr01,CHN,NL,1,1,0,0,0,0,0,0,0,0.0,0,0.0,0.0,0.0,0.0,0.0,0.0
2003,NLDS2,ortizru01,ATL,NL,2,5,0,1,0,0,0,0,0,0.0,0,2.0,0.0,0.0,0.0,0.0,0.0
2003,NLDS2,priorma01,CHN,NL,1,3,0,0,0,0,0,0,0,0.0,0,0.0,0.0,0.0,0.0,0.0,0.0
2003,NLDS2,ramirar01,CHN,NL,5,18,2,5,1,0,1,3,0,0.0,2,2.0,0.0,0.0,0.0,0.0,1.0
2003,NLDS2,remlimi01,CHN,NL,2,0,0,0,0,0,0,0,0,0.0,0,0.0,0.0,0.0,0.0,0.0,0.0
2003,NLDS2,sheffga01,ATL,NL,4,14,0,2,0,0,0,1,0,0.0,2,0.0,0.0,1.0,0.0,0.0,0.0
2003,NLDS2,simonra01,CHN,NL,4,7,1,3,1,0,0,2,0,0.0,0,2.0,0.0,0.0,0.0,0.0,0.0
2003,NLDS2,smoltjo01,ATL,NL,2,0,0,0,0,0,0,0,0,0.0,0,0.0,0.0,0.0,1.0,0.0,0.0
2003,NLDS2,sosasa01,CHN,NL,5,16,1,3,1,0,0,1,1,0.0,6,4.0,1.0,0.0,0.0,0.0,1.0
2003,NLDS2,veresda01,CHN,NL,2,0,0,0,0,0,0,0,0,0.0,0,0.0,0.0,0.0,0.0,0.0,0.0
2003,NLDS2,woodke02,CHN,NL,2,7,1,2,1,0,0,2,0,0.0,0,2.0,0.0,0.0,0.0,0.0,0.0
2003,NLDS2,wrighja02,ATL,NL,4,0,0,0,0,0,0,0,0,0.0,0,0.0,0.0,0.0,0.0,0.0,0.0
2003,NLDS2,zambrca01,CHN,NL,1,3,0,0,0,0,0,0,0,0.0,0,2.0,0.0,0.0,0.0,0.0,0.0
2003,WS,beckejo02,FLO,NL,2,2,0,0,0,0,0,0,0,0.0,0,2.0,0.0,0.0,1.0,0.0,0.0
2003,WS,booneaa01,NYA,AL,6,21,1,3,0,0,1,2,0,0.0,0,6.0,0.0,0.0,1.0,1.0,0.0
2003,WS,cabremi01,FLO,NL,6,24,1,4,0,0,1,3,0,0.0,1,7.0,0.0,0.0,0.0,0.0,1.0
2003,WS,castilu01,FLO,NL,6,26,1,4,0,0,0,1,1,1.0,0,7.0,0.0,0.0,1.0,0.0,0.0
2003,WS,clemero02,NYA,AL,1,2,0,1,0,0,0,0,0,0.0,0,0.0,0.0,0.0,0.0,0.0,0.0
2003,WS,coninje01,FLO,NL,6,21,4,7,1,0,0,0,0,0.0,3,2.0,0.0,0.0,0.0,0.0,0.0
2003,WS,contrjo01,NYA,AL,4,0,0,0,0,0,0,0,0,0.0,0,0.0,0.0,0.0,0.0,0.0,0.0
2003,WS,delluda01,NYA,AL,4,2,1,0,0,0,0,0,0,0.0,0,0.0,0.0,0.0,1.0,0.0,0.0
2003,WS,encarju01,FLO,NL,6,11,1,2,0,0,0,1,0,0.0,1,5.0,0.0,0.0,0.0,1.0,0.0
2003,WS,flahejo01,NYA,AL,1,2,0,0,0,0,0,0,0,0.0,0,0.0,0.0,0.0,0.0,0.0,0.0
2003,WS,foxch02,FLO,NL,3,0,0,0,0,0,0,0,0,0.0,0,0.0,0.0,0.0,0.0,0.0,0.0
2003,WS,garcika01,NYA,AL,5,14,1,4,0,0,0,0,0,0.0,0,3.0,0.0,0.0,0.0,0.0,0.0
2003,WS,giambja01,NYA,AL,6,17,2,4,1,0,1,1,0,0.0,4,3.0,0.0,1.0,0.0,0.0,1.0
2003,WS,gonzaal02,FLO,NL,6,22,3,6,2,0,1,2,0,1.0,0,7.0,0.0,0.0,1.0,0.0,1.0
2003,WS,hammoch01,NYA,AL,1,0,0,0,0,0,0,0,0,0.0,0,0.0,0.0,0.0,0.0,0.0,0.0
2003,WS,helliri01,FLO,NL,1,0,0,0,0,0,0,0,0,0.0,0,0.0,0.0,0.0,0.0,0.0,0.0
2003,WS,hollato01,FLO,NL,2,2,0,0,0,0,0,0,0,0.0,0,1.0,0.0,0.0,0.0,0.0,0.0
2003,WS,jeterde01,NYA,AL,6,26,5,9,3,0,0,2,0,0.0,1,7.0,0.0,1.0,0.0,0.0,2.0
2003,WS,johnsni01,NYA,AL,6,17,3,5,1,0,0,0,0,0.0,2,3.0,0.0,0.0,0.0,0.0,1.0
2003,WS,leede02,FLO,NL,6,24,2,5,0,0,0,2,0,0.0,1,7.0,0.0,0.0,0.0,0.0,1.0
2003,WS,loopebr01,FLO,NL,4,0,0,0,0,0,0,0,0,0.0,0,0.0,0.0,0.0,0.0,0.0,0.0
2003,WS,lowelmi01,FLO,NL,6,23,1,5,1,0,0,2,0,0.0,2,3.0,0.0,0.0,0.0,0.0,0.0
2003,WS,matsuhi01,NYA,AL,6,23,1,6,0,0,1,4,0,0.0,3,2.0,0.0,1.0,0.0,0.0,0.0
2003,WS,mussimi01,NYA,AL,1,3,0,0,0,0,0,0,0,0.0,0,3.0,0.0,0.0,0.0,0.0,0.0
2003,WS,nelsoje01,NYA,AL,3,0,0,0,0,0,0,0,0,0.0,0,0.0,0.0,0.0,0.0,0.0,0.0
2003,WS,pavanca01,FLO,NL,2,2,0,0,0,0,0,0,0,0.0,0,1.0,0.0,0.0,1.0,0.0,0.0
2003,WS,pennybr01,FLO,NL,2,2,0,1,0,0,0,2,0,0.0,0,0.0,0.0,0.0,1.0,0.0,0.0
2003,WS,pettian01,NYA,AL,2,0,0,0,0,0,0,0,0,0.0,0,0.0,0.0,0.0,0.0,0.0,0.0
2003,WS,pierrju01,FLO,NL,6,21,2,7,2,0,0,3,1,1.0,5,2.0,1.0,1.0,0.0,0.0,0.0
2003,WS,posadjo01,NYA,AL,6,19,0,3,1,0,0,1,1,1.0,5,7.0,0.0,0.0,0.0,0.0,0.0
2003,WS,redmama01,FLO,NL,1,0,0,0,0,0,0,0,0,0.0,0,0.0,0.0,0.0,0.0,0.0,0.0
2003,WS,redmomi01,FLO,NL,1,1,0,0,0,0,0,0,0,0.0,0,0.0,0.0,0.0,0.0,0.0,0.0
2003,WS,riverju01,NYA,AL,4,6,0,1,1,0,0,1,0,0.0,1,1.0,1.0,0.0,0.0,0.0,0.0
2003,WS,riverma01,NYA,AL,2,0,0,0,0,0,0,0,0,0.0,0,0.0,0.0,0.0,0.0,0.0,0.0
2003,WS,rodriiv01,FLO,NL,6,22,2,6,2,0,0,1,0,0.0,1,4.0,1.0,0.0,0.0,1.0,1.0
2003,WS,sierrru01,NYA,AL,5,4,0,1,0,1,0,2,0,0.0,1,3.0,0.0,0.0,0.0,0.0,0.0
2003,WS,soriaal01,NYA,AL,6,22,2,5,0,0,1,2,1,1.0,2,9.0,0.0,0.0,0.0,0.0,1.0
2003,WS,urbinug01,FLO,NL,3,0,0,0,0,0,0,0,0,0.0,0,0.0,0.0,0.0,0.0,0.0,0.0
2003,WS,weaveje01,NYA,AL,1,0,0,0,0,0,0,0,0,0.0,0,0.0,0.0,0.0,0.0,0.0,0.0
2003,WS,wellsda01,NYA,AL,2,0,0,0,0,0,0,0,0,0.0,0,0.0,0.0,0.0,0.0,0.0,0.0
2003,WS,willibe02,NYA,AL,6,25,5,10,2,0,2,5,0,0.0,2,2.0,0.0,0.0,0.0,1.0,1.0
2003,WS,willido03,FLO,NL,3,0,0,0,0,0,0,0,0,0.0,0,0.0,0.0,0.0,0.0,0.0,0.0
2003,WS,wilsoen01,NYA,AL,2,4,0,2,1,0,0,1,0,0.0,1,0.0,0.0,0.0,0.0,0.0,1.0
2004,ALCS,arroybr01,BOS,AL,3,0,0,0,0,0,0,0,0,0.0,0,0.0,0.0,0.0,0.0,0.0,0.0
2004,ALCS,bellhma01,BOS,AL,7,26,3,5,2,0,2,4,0,0.0,5,11.0,0.0,0.0,0.0,0.0,1.0
2004,ALCS,brownke01,NYA,AL,2,0,0,0,0,0,0,0,0,0.0,0,0.0,0.0,0.0,0.0,0.0,0.0
2004,ALCS,cabreor01,BOS,AL,7,29,5,11,2,0,0,5,1,0.0,3,5.0,0.0,0.0,0.0,1.0,1.0
2004,ALCS,cairomi01,NYA,AL,7,25,4,7,3,0,0,0,1,0.0,2,4.0,0.0,4.0,1.0,0.0,0.0
2004,ALCS,clarkto02,NYA,AL,5,21,0,3,1,0,0,1,0,0.0,0,9.0,0.0,0.0,0.0,0.0,0.0
2004,ALCS,crosbbu01,NYA,AL,1,0,1,0,0,0,0,0,0,0.0,0,0.0,0.0,0.0,0.0,0.0,0.0
2004,ALCS,damonjo01,BOS,AL,7,35,5,6,0,0,2,7,2,1.0,2,8.0,0.0,0.0,0.0,0.0,1.0
2004,ALCS,embreal01,BOS,AL,6,0,0,0,0,0,0,0,0,0.0,0,0.0,0.0,0.0,0.0,0.0,0.0
2004,ALCS,foulkke01,BOS,AL,5,0,0,0,0,0,0,0,0,0.0,0,0.0,0.0,0.0,0.0,0.0,0.0
2004,ALCS,gordoto01,NYA,AL,6,0,0,0,0,0,0,0,0,0.0,0,0.0,0.0,0.0,0.0,0.0,0.0
2004,ALCS,heredfe01,NYA,AL,3,0,0,0,0,0,0,0,0,0.0,0,0.0,0.0,0.0,0.0,0.0,0.0
2004,ALCS,hernaor01,NYA,AL,1,0,0,0,0,0,0,0,0,0.0,0,0.0,0.0,0.0,0.0,0.0,0.0
2004,ALCS,jeterde01,NYA,AL,7,30,5,6,1,0,0,5,1,0.0,6,2.0,0.0,0.0,2.0,0.0,0.0
2004,ALCS,kaplega01,BOS,AL,2,3,0,1,0,0,0,0,0,0.0,0,0.0,0.0,0.0,0.0,0.0,0.0
2004,ALCS,leskacu01,BOS,AL,3,0,0,0,0,0,0,0,0,0.0,0,0.0,0.0,0.0,0.0,0.0,0.0
2004,ALCS,liebejo01,NYA,AL,2,0,0,0,0,0,0,0,0,0.0,0,0.0,0.0,0.0,0.0,0.0,0.0
2004,ALCS,loaizes01,NYA,AL,2,0,0,0,0,0,0,0,0,0.0,0,0.0,0.0,0.0,0.0,0.0,0.0
2004,ALCS,loftoke01,NYA,AL,3,10,1,3,0,0,1,2,1,0.0,2,3.0,0.0,0.0,0.0,0.0,0.0
2004,ALCS,lowede01,BOS,AL,2,0,0,0,0,0,0,0,0,0.0,0,0.0,0.0,0.0,0.0,0.0,0.0
2004,ALCS,martipe02,BOS,AL,3,0,0,0,0,0,0,0,0,0.0,0,0.0,0.0,0.0,0.0,0.0,0.0
2004,ALCS,matsuhi01,NYA,AL,7,34,9,14,6,1,2,10,0,0.0,2,4.0,0.0,0.0,0.0,0.0,0.0
2004,ALCS,mendora01,BOS,AL,2,0,0,0,0,0,0,0,0,0.0,0,0.0,0.0,0.0,0.0,0.0,0.0
2004,ALCS,mientdo01,BOS,AL,4,4,0,2,1,0,0,0,0,0.0,0,1.0,0.0,0.0,1.0,0.0,0.0
2004,ALCS,millake01,BOS,AL,7,24,4,6,3,0,0,2,0,0.0,5,4.0,0.0,0.0,0.0,0.0,1.0
2004,ALCS,mirabdo01,BOS,AL,1,1,0,0,0,0,0,0,0,0.0,0,0.0,0.0,0.0,0.0,0.0,0.0
2004,ALCS,muellbi02,BOS,AL,7,30,4,8,1,0,0,1,0,0.0,2,1.0,0.0,1.0,0.0,0.0,3.0
2004,ALCS,mussimi01,NYA,AL,2,0,0,0,0,0,0,0,0,0.0,0,0.0,0.0,0.0,0.0,0.0,0.0
2004,ALCS,myersmi01,BOS,AL,3,0,0,0,0,0,0,0,0,0.0,0,0.0,0.0,0.0,0.0,0.0,0.0
2004,ALCS,nixontr01,BOS,AL,7,29,4,6,1,0,1,3,0,0.0,0,5.0,0.0,0.0,0.0,0.0,0.0
2004,ALCS,olerujo01,NYA,AL,4,12,1,2,0,0,1,2,0,0.0,1,1.0,0.0,0.0,0.0,0.0,0.0
2004,ALCS,ortizda01,BOS,AL,7,31,6,12,0,1,3,11,0,1.0,4,7.0,0.0,0.0,0.0,0.0,0.0
2004,ALCS,posadjo01,NYA,AL,7,27,4,7,1,0,0,2,0,0.0,7,1.0,2.0,1.0,0.0,1.0,1.0
2004,ALCS,quantpa01,NYA,AL,4,0,0,0,0,0,0,0,0,0.0,0,0.0,0.0,0.0,0.0,0.0,0.0
2004,ALCS,ramirma02,BOS,AL,7,30,3,9,1,0,0,0,0,0.0,5,4.0,0.0,0.0,0.0,0.0,1.0
2004,ALCS,reesepo01,BOS,AL,3,1,0,0,0,0,0,0,0,0.0,0,1.0,0.0,0.0,0.0,0.0,0.0
2004,ALCS,riverma01,NYA,AL,5,0,0,0,0,0,0,0,0,0.0,0,0.0,0.0,0.0,0.0,0.0,0.0
2004,ALCS,roberda07,BOS,AL,2,0,2,0,0,0,0,0,1,0.0,0,0.0,0.0,0.0,0.0,0.0,0.0
2004,ALCS,rodrial01,NYA,AL,7,31,8,8,2,0,2,5,0,0.0,4,6.0,0.0,2.0,0.0,0.0,1.0
2004,ALCS,schilcu01,BOS,AL,2,0,0,0,0,0,0,0,0,0.0,0,0.0,0.0,0.0,0.0,0.0,0.0
2004,ALCS,sheffga01,NYA,AL,7,30,7,10,3,0,1,5,0,0.0,6,8.0,1.0,0.0,0.0,0.0,1.0
2004,ALCS,sierrru01,NYA,AL,5,21,1,7,1,1,0,2,0,0.0,3,8.0,0.0,0.0,0.0,0.0,0.0
2004,ALCS,sturtta01,NYA,AL,4,0,0,0,0,0,0,0,0,0.0,0,0.0,0.0,0.0,0.0,0.0,0.0
2004,ALCS,timlimi01,BOS,AL,5,0,0,0,0,0,0,0,0,0.0,0,0.0,0.0,0.0,0.0,0.0,0.0
2004,ALCS,varitja01,BOS,AL,7,28,5,9,1,0,2,7,0,0.0,2,6.0,0.0,0.0,0.0,1.0,0.0
2004,ALCS,vazquja01,NYA,AL,2,0,0,0,0,0,0,0,0,0.0,0,0.0,0.0,0.0,0.0,0.0,0.0
2004,ALCS,wakefti01,BOS,AL,3,0,0,0,0,0,0,0,0,0.0,0,0.0,0.0,0.0,0.0,0.0,0.0
2004,ALCS,willibe02,NYA,AL,7,36,4,11,3,0,2,10,0,0.0,0,5.0,0.0,0.0,0.0,0.0,0.0
2004,ALDS1,amezaal01,ANA,AL,2,2,0,0,0,0,0,0,0,0.0,0,2.0,0.0,0.0,1.0,0.0,0.0
2004,ALDS1,anderga01,ANA,AL,3,13,1,2,0,0,0,0,0,0.0,0,3.0,0.0,0.0,0.0,0.0,0.0
2004,ALDS1,arroybr01,BOS,AL,1,0,0,0,0,0,0,0,0,0.0,0,0.0,0.0,0.0,0.0,0.0,0.0
2004,ALDS1,bellhma01,BOS,AL,3,11,2,1,0,0,0,0,0,0.0,5,4.0,0.0,0.0,0.0,0.0,0.0
2004,ALDS1,cabreor01,BOS,AL,3,13,1,2,1,0,0,3,0,0.0,2,2.0,0.0,0.0,0.0,0.0,0.0
2004,ALDS1,colonba01,ANA,AL,1,0,0,0,0,0,0,0,0,0.0,0,0.0,0.0,0.0,0.0,0.0,0.0
2004,ALDS1,damonjo01,BOS,AL,3,15,4,7,1,0,0,0,3,0.0,1,2.0,0.0,0.0,0.0,0.0,0.0
2004,ALDS1,davanje02,ANA,AL,3,10,1,2,0,0,0,0,0,1.0,2,1.0,0.0,0.0,0.0,0.0,0.0
2004,ALDS1,donnebr01,ANA,AL,2,0,0,0,0,0,0,0,0,0.0,0,0.0,0.0,0.0,0.0,0.0,0.0
2004,ALDS1,eckstda01,ANA,AL,3,12,2,4,0,0,0,0,0,0.0,0,1.0,0.0,0.0,0.0,0.0,0.0
2004,ALDS1,embreal01,BOS,AL,2,0,0,0,0,0,0,0,0,0.0,0,0.0,0.0,0.0,0.0,0.0,0.0
2004,ALDS1,erstada01,ANA,AL,3,10,2,5,1,0,1,2,0,0.0,3,1.0,0.0,1.0,0.0,0.0,0.0
2004,ALDS1,escobke01,ANA,AL,1,0,0,0,0,0,0,0,0,0.0,0,0.0,0.0,0.0,0.0,0.0,0.0
2004,ALDS1,figgich01,ANA,AL,3,14,0,2,0,0,0,0,1,0.0,0,5.0,0.0,1.0,0.0,0.0,0.0
2004,ALDS1,foulkke01,BOS,AL,2,0,0,0,0,0,0,0,0,0.0,0,0.0,0.0,0.0,0.0,0.0,0.0
2004,ALDS1,glaustr01,ANA,AL,3,11,3,4,2,0,2,3,0,0.0,2,4.0,0.0,0.0,0.0,0.0,0.0
2004,ALDS1,greggke01,ANA,AL,1,0,0,0,0,0,0,0,0,0.0,0,0.0,0.0,0.0,0.0,0.0,0.0
2004,ALDS1,guerrvl01,ANA,AL,3,12,1,2,0,0,1,6,0,0.0,2,4.0,1.0,0.0,0.0,0.0,0.0
2004,ALDS1,kaplega01,BOS,AL,2,5,2,1,0,0,0,0,0,0.0,0,0.0,0.0,0.0,0.0,0.0,0.0
2004,ALDS1,kotchca01,ANA,AL,2,1,0,0,0,0,0,0,0,0.0,0,0.0,0.0,0.0,0.0,0.0,0.0
2004,ALDS1,lowede01,BOS,AL,1,0,0,0,0,0,0,0,0,0.0,0,0.0,0.0,0.0,0.0,0.0,0.0
2004,ALDS1,martipe02,BOS,AL,1,0,0,0,0,0,0,0,0,0.0,0,0.0,0.0,0.0,0.0,0.0,0.0
2004,ALDS1,mcpheda01,ANA,AL,3,9,0,1,0,0,0,1,0,0.0,0,4.0,0.0,0.0,0.0,0.0,0.0
2004,ALDS1,mientdo01,BOS,AL,3,4,0,2,0,0,0,1,0,0.0,0,0.0,0.0,0.0,0.0,0.0,0.0
2004,ALDS1,millake01,BOS,AL,3,10,2,3,0,0,1,4,0,0.0,1,1.0,0.0,0.0,0.0,0.0,0.0
2004,ALDS1,molinbe01,ANA,AL,3,6,0,1,0,0,0,0,0,0.0,0,2.0,0.0,0.0,0.0,0.0,0.0
2004,ALDS1,molinjo01,ANA,AL,2,3,2,1,0,0,0,0,0,0.0,2,0.0,0.0,0.0,0.0,0.0,0.0
2004,ALDS1,muellbi02,BOS,AL,3,12,3,4,0,0,0,0,0,0.0,1,1.0,0.0,0.0,0.0,0.0,0.0
2004,ALDS1,myersmi01,BOS,AL,2,0,0,0,0,0,0,0,0,0.0,0,0.0,0.0,0.0,0.0,0.0,0.0
2004,ALDS1,nixontr01,BOS,AL,2,8,0,2,0,0,0,2,0,0.0,2,1.0,1.0,0.0,0.0,0.0,1.0
2004,ALDS1,ortizda01,BOS,AL,3,11,4,6,2,0,1,4,0,0.0,5,2.0,3.0,0.0,0.0,0.0,0.0
2004,ALDS1,ortizra01,ANA,AL,1,0,0,0,0,0,0,0,0,0.0,0,0.0,0.0,0.0,0.0,0.0,0.0
2004,ALDS1,pridecu01,ANA,AL,2,2,0,0,0,0,0,0,0,0.0,0,1.0,0.0,0.0,0.0,0.0,0.0
2004,ALDS1,ramirma02,BOS,AL,3,13,3,5,2,0,1,7,0,0.0,1,4.0,0.0,0.0,0.0,2.0,0.0
2004,ALDS1,reesepo01,BOS,AL,3,0,1,0,0,0,0,0,0,0.0,0,0.0,0.0,0.0,0.0,0.0,0.0
2004,ALDS1,riggsad01,ANA,AL,2,1,0,0,0,0,0,0,0,0.0,0,0.0,0.0,0.0,0.0,0.0,0.0
2004,ALDS1,roberda07,BOS,AL,1,0,0,0,0,0,0,0,0,0.0,0,0.0,0.0,0.0,0.0,0.0,0.0
2004,ALDS1,rodrifr03,ANA,AL,2,0,0,0,0,0,0,0,0,0.0,0,0.0,0.0,0.0,0.0,0.0,0.0
2004,ALDS1,schilcu01,BOS,AL,1,0,0,0,0,0,0,0,0,0.0,0,0.0,0.0,0.0,0.0,0.0,0.0
2004,ALDS1,shielsc01,ANA,AL,2,0,0,0,0,0,0,0,0,0.0,0,0.0,0.0,0.0,0.0,0.0,0.0
2004,ALDS1,timlimi01,BOS,AL,3,0,0,0,0,0,0,0,0,0.0,0,0.0,0.0,0.0,0.0,0.0,0.0
2004,ALDS1,varitja01,BOS,AL,3,12,3,2,0,0,1,2,0,0.0,2,5.0,2.0,1.0,0.0,0.0,1.0
2004,ALDS1,washbja01,ANA,AL,2,0,0,0,0,0,0,0,0,0.0,0,0.0,0.0,0.0,0.0,0.0,0.0
2004,ALDS1,youklke01,BOS,AL,1,2,0,0,0,0,0,0,0,0.0,0,1.0,0.0,0.0,0.0,0.0,0.0
2004,ALDS2,balfogr01,MIN,AL,2,0,0,0,0,0,0,0,0,0.0,0,0.0,0.0,0.0,0.0,0.0,0.0
2004,ALDS2,blanche01,MIN,AL,4,8,1,2,0,0,1,2,0,0.0,0,2.0,0.0,0.0,1.0,1.0,1.0
2004,ALDS2,bordepa01,MIN,AL,2,2,0,0,0,0,0,0,0,0.0,0,1.0,0.0,0.0,0.0,0.0,0.0
2004,ALDS2,brownke01,NYA,AL,1,0,0,0,0,0,0,0,0,0.0,0,0.0,0.0,0.0,0.0,0.0,0.0
2004,ALDS2,cairomi01,NYA,AL,4,14,3,3,1,0,0,1,0,0.0,2,5.0,0.0,0.0,1.0,0.0,0.0
2004,ALDS2,clarkto02,NYA,AL,1,1,0,0,0,0,0,0,0,0.0,0,1.0,0.0,0.0,0.0,0.0,0.0
2004,ALDS2,crainje01,MIN,AL,1,0,0,0,0,0,0,0,0,0.0,0,0.0,0.0,0.0,0.0,0.0,0.0
2004,ALDS2,crosbbu01,NYA,AL,2,0,0,0,0,0,0,0,0,0.0,0,0.0,0.0,0.0,0.0,0.0,0.0
2004,ALDS2,cuddymi01,MIN,AL,4,15,1,7,0,0,0,2,0,2.0,0,3.0,0.0,0.0,0.0,0.0,0.0
2004,ALDS2,fordle01,MIN,AL,3,11,1,3,1,0,0,2,1,1.0,0,2.0,0.0,2.0,0.0,0.0,0.0
2004,ALDS2,gordoto01,NYA,AL,3,0,0,0,0,0,0,0,0,0.0,0,0.0,0.0,0.0,0.0,0.0,0.0
2004,ALDS2,guzmacr01,MIN,AL,4,15,2,5,0,0,0,0,1,0.0,2,3.0,0.0,0.0,0.0,0.0,0.0
2004,ALDS2,heredfe01,NYA,AL,1,0,0,0,0,0,0,0,0,0.0,0,0.0,0.0,0.0,0.0,0.0,0.0
2004,ALDS2,hunteto01,MIN,AL,4,17,5,6,1,0,1,2,2,0.0,1,1.0,0.0,0.0,0.0,1.0,0.0
2004,ALDS2,jeterde01,NYA,AL,4,19,3,6,1,0,1,4,1,0.0,1,4.0,0.0,0.0,1.0,0.0,1.0
2004,ALDS2,jonesja04,MIN,AL,4,20,3,6,1,0,2,2,0,1.0,0,6.0,0.0,0.0,0.0,0.0,2.0
2004,ALDS2,koskico01,MIN,AL,4,13,2,4,1,0,0,2,0,0.0,3,2.0,0.0,2.0,0.0,1.0,0.0
2004,ALDS2,kubelja01,MIN,AL,2,7,0,1,1,0,0,0,0,0.0,0,2.0,0.0,0.0,0.0,0.0,0.0
2004,ALDS2,lecroma01,MIN,AL,3,3,0,1,0,0,0,0,0,0.0,1,1.0,0.0,0.0,0.0,0.0,0.0
2004,ALDS2,liebejo01,NYA,AL,1,0,0,0,0,0,0,0,0,0.0,0,0.0,0.0,0.0,0.0,0.0,0.0
2004,ALDS2,loaizes01,NYA,AL,1,0,0,0,0,0,0,0,0,0.0,0,0.0,0.0,0.0,0.0,0.0,0.0
2004,ALDS2,loftoke01,NYA,AL,1,4,0,1,0,0,0,1,0,0.0,0,1.0,0.0,0.0,0.0,0.0,0.0
2004,ALDS2,lohseky01,MIN,AL,1,0,0,0,0,0,0,0,0,0.0,0,0.0,0.0,0.0,0.0,0.0,0.0
2004,ALDS2,matsuhi01,NYA,AL,4,17,3,7,1,0,1,3,0,0.0,3,4.0,1.0,0.0,0.0,1.0,0.0
2004,ALDS2,morneju01,MIN,AL,4,17,1,4,2,0,0,2,0,0.0,0,3.0,0.0,0.0,0.0,0.0,0.0
2004,ALDS2,mulhote01,MIN,AL,1,0,0,0,0,0,0,0,0,0.0,0,0.0,0.0,0.0,0.0,0.0,0.0
2004,ALDS2,mussimi01,NYA,AL,1,0,0,0,0,0,0,0,0,0.0,0,0.0,0.0,0.0,0.0,0.0,0.0
2004,ALDS2,nathajo01,MIN,AL,3,0,0,0,0,0,0,0,0,0.0,0,0.0,0.0,0.0,0.0,0.0,0.0
2004,ALDS2,offerjo01,MIN,AL,3,3,0,0,0,0,0,1,0,0.0,0,0.0,0.0,0.0,0.0,0.0,0.0
2004,ALDS2,olerujo01,NYA,AL,4,14,2,3,2,0,0,0,0,0.0,1,2.0,0.0,1.0,0.0,0.0,0.0
2004,ALDS2,posadjo01,NYA,AL,4,18,2,4,0,0,0,0,0,0.0,0,6.0,0.0,0.0,0.0,0.0,1.0
2004,ALDS2,quantpa01,NYA,AL,2,0,0,0,0,0,0,0,0,0.0,0,0.0,0.0,0.0,0.0,0.0,0.0
2004,ALDS2,radkebr01,MIN,AL,1,0,0,0,0,0,0,0,0,0.0,0,0.0,0.0,0.0,0.0,0.0,0.0
2004,ALDS2,rincoju01,MIN,AL,3,0,0,0,0,0,0,0,0,0.0,0,0.0,0.0,0.0,0.0,0.0,0.0
2004,ALDS2,rivaslu01,MIN,AL,3,1,0,0,0,0,0,0,0,0.0,0,0.0,0.0,0.0,0.0,0.0,0.0
2004,ALDS2,riverma01,NYA,AL,4,0,0,0,0,0,0,0,0,0.0,0,0.0,0.0,0.0,0.0,0.0,0.0
2004,ALDS2,rodrial01,NYA,AL,4,19,3,8,3,0,1,3,2,1.0,2,1.0,0.0,0.0,0.0,0.0,0.0
2004,ALDS2,romerjc01,MIN,AL,2,0,0,0,0,0,0,0,0,0.0,0,0.0,0.0,0.0,0.0,0.0,0.0
2004,ALDS2,santajo01,MIN,AL,2,0,0,0,0,0,0,0,0,0.0,0,0.0,0.0,0.0,0.0,0.0,0.0
2004,ALDS2,sheffga01,NYA,AL,4,18,2,4,1,0,1,2,0,1.0,3,1.0,1.0,0.0,0.0,0.0,1.0
2004,ALDS2,sierrru01,NYA,AL,3,12,1,2,0,0,1,3,1,0.0,2,3.0,0.0,0.0,0.0,0.0,0.0
2004,ALDS2,silvaca01,MIN,AL,1,0,0,0,0,0,0,0,0,0.0,0,0.0,0.0,0.0,0.0,0.0,0.0
2004,ALDS2,stewash01,MIN,AL,4,20,1,4,0,0,0,2,0,0.0,0,2.0,0.0,0.0,0.0,1.0,0.0
2004,ALDS2,sturtta01,NYA,AL,2,0,0,0,0,0,0,0,0,0.0,0,0.0,0.0,0.0,0.0,0.0,0.0
2004,ALDS2,vazquja01,NYA,AL,1,0,0,0,0,0,0,0,0,0.0,0,0.0,0.0,0.0,0.0,0.0,0.0
2004,ALDS2,willibe02,NYA,AL,4,18,2,5,1,0,1,3,0,0.0,1,2.0,0.0,0.0,0.0,0.0,4.0
2004,NLCS,anderma02,SLN,NL,5,3,1,1,1,0,0,0,0,0.0,1,0.0,0.0,1.0,0.0,0.0,0.0
2004,NLCS,ausmubr01,HOU,NL,7,19,0,2,0,0,0,0,0,0.0,2,8.0,1.0,0.0,0.0,0.0,0.0
2004,NLCS,backebr01,HOU,NL,3,5,0,0,0,0,0,0,0,0.0,0,3.0,0.0,0.0,0.0,0.0,0.0
2004,NLCS,bagweje01,HOU,NL,7,27,1,7,2,0,0,3,1,1.0,4,5.0,0.0,0.0,0.0,0.0,1.0
2004,NLCS,beltrca01,HOU,NL,7,24,12,10,1,0,4,5,4,0.0,8,4.0,1.0,0.0,0.0,0.0,0.0
2004,NLCS,berkmla01,HOU,NL,7,24,7,7,2,0,3,9,1,0.0,5,4.0,2.0,0.0,0.0,1.0,0.0
2004,NLCS,biggicr01,HOU,NL,7,32,3,6,1,0,1,1,0,1.0,0,4.0,0.0,0.0,0.0,0.0,0.0
2004,NLCS,brunter01,HOU,NL,4,2,0,0,0,0,0,0,0,0.0,0,0.0,0.0,0.0,1.0,0.0,0.0
2004,NLCS,calerki01,SLN,NL,5,0,0,0,0,0,0,0,0,0.0,0,0.0,0.0,0.0,0.0,0.0,0.0
2004,NLCS,cedenro01,SLN,NL,6,6,1,1,0,0,0,1,0,0.0,0,2.0,0.0,0.0,0.0,0.0,0.0
2004,NLCS,chavera01,HOU,NL,2,4,0,1,0,0,0,1,0,0.0,0,1.0,0.0,0.0,0.0,0.0,0.0
2004,NLCS,clemero02,HOU,NL,2,4,0,0,0,0,0,0,0,0.0,0,3.0,0.0,0.0,0.0,0.0,0.0
2004,NLCS,edmonji01,SLN,NL,7,24,2,7,2,0,2,7,0,0.0,2,6.0,0.0,1.0,0.0,1.0,0.0
2004,NLCS,eldreca01,SLN,NL,1,0,0,0,0,0,0,0,0,0.0,0,0.0,0.0,0.0,0.0,0.0,0.0
2004,NLCS,ensbemo01,HOU,NL,7,22,2,3,0,0,1,2,0,1.0,1,3.0,0.0,2.0,0.0,0.0,1.0
2004,NLCS,everead01,HOU,NL,3,1,0,0,0,0,0,0,0,0.0,0,0.0,0.0,0.0,0.0,0.0,0.0
2004,NLCS,harenda01,SLN,NL,2,0,0,0,0,0,0,0,0,0.0,0,0.0,0.0,0.0,0.0,0.0,0.0
2004,NLCS,harvich01,HOU,NL,3,0,0,0,0,0,0,0,0,0.0,0,0.0,0.0,0.0,0.0,0.0,0.0
2004,NLCS,isrinja01,SLN,NL,6,0,0,0,0,0,0,0,0,0.0,0,0.0,0.0,0.0,0.0,0.0,0.0
2004,NLCS,kentje01,HOU,NL,7,25,3,6,2,0,3,7,0,0.0,3,5.0,0.0,2.0,0.0,0.0,0.0
2004,NLCS,kingra01,SLN,NL,4,0,0,0,0,0,0,0,0,0.0,0,0.0,0.0,0.0,0.0,0.0,0.0
2004,NLCS,klinest02,SLN,NL,1,0,0,0,0,0,0,0,0,0.0,0,0.0,0.0,0.0,0.0,0.0,0.0
2004,NLCS,lambmi01,HOU,NL,2,5,2,2,0,0,2,2,0,0.0,1,1.0,0.0,0.0,0.0,0.0,1.0
2004,NLCS,laneja01,HOU,NL,2,1,0,0,0,0,0,0,0,0.0,0,0.0,0.0,0.0,0.0,0.0,0.0
2004,NLCS,lidgebr01,HOU,NL,4,0,0,0,0,0,0,0,0,0.0,0,0.0,0.0,0.0,0.0,0.0,0.0
2004,NLCS,lunahe01,SLN,NL,2,4,0,0,0,0,0,0,0,0.0,0,2.0,0.0,0.0,0.0,0.0,0.0
2004,NLCS,mabryjo01,SLN,NL,4,6,0,1,0,0,0,1,0,0.0,0,3.0,0.0,0.0,0.0,0.0,0.0
2004,NLCS,marquja01,SLN,NL,1,2,0,1,0,0,0,0,0,0.0,0,0.0,0.0,0.0,0.0,0.0,0.0
2004,NLCS,mathemi01,SLN,NL,7,19,0,2,0,0,0,0,0,0.0,1,8.0,1.0,0.0,1.0,0.0,0.0
2004,NLCS,micelda01,HOU,NL,2,0,0,0,0,0,0,0,0,0.0,0,0.0,0.0,0.0,0.0,0.0,0.0
2004,NLCS,molinya01,SLN,NL,1,4,0,1,0,0,0,0,0,0.0,0,0.0,0.0,0.0,0.0,0.0,0.0
2004,NLCS,morrima01,SLN,NL,2,2,0,0,0,0,0,0,0,0.0,0,1.0,0.0,0.0,1.0,0.0,0.0
2004,NLCS,munrope01,HOU,NL,2,2,0,0,0,0,0,0,0,0.0,1,0.0,0.0,0.0,0.0,0.0,0.0
2004,NLCS,oswalro01,HOU,NL,2,2,0,0,0,0,0,0,0,0.0,0,0.0,0.0,0.0,0.0,0.0,0.0
2004,NLCS,palmeor01,HOU,NL,7,6,0,2,1,0,0,0,0,0.0,0,0.0,0.0,1.0,0.0,0.0,0.0
2004,NLCS,pujolal01,SLN,NL,7,28,10,14,2,0,4,9,0,0.0,4,3.0,0.0,0.0,0.0,0.0,0.0
2004,NLCS,quallch01,HOU,NL,2,0,0,0,0,0,0,0,0,0.0,0,0.0,0.0,0.0,0.0,0.0,0.0
2004,NLCS,renteed01,SLN,NL,7,24,1,4,0,0,0,2,0,0.0,2,5.0,0.0,0.0,2.0,0.0,0.0
2004,NLCS,rolensc01,SLN,NL,7,29,6,9,2,0,3,6,0,0.0,2,9.0,0.0,0.0,0.0,0.0,1.0
2004,NLCS,sandere02,SLN,NL,6,21,1,4,2,0,0,0,0,0.0,1,5.0,0.0,0.0,0.0,0.0,1.0
2004,NLCS,suppaje01,SLN,NL,2,2,0,0,0,0,0,1,0,0.0,0,0.0,0.0,0.0,1.0,0.0,0.0
2004,NLCS,tagucso01,SLN,NL,3,2,0,0,0,0,0,0,0,0.0,0,1.0,0.0,0.0,1.0,0.0,0.0
2004,NLCS,tavarju01,SLN,NL,5,0,0,0,0,0,0,0,0,0.0,0,0.0,0.0,0.0,0.0,0.0,0.0
2004,NLCS,vizcajo01,HOU,NL,7,28,1,7,1,0,0,0,0,1.0,0,1.0,0.0,0.0,0.0,0.0,0.0
2004,NLCS,walkela01,SLN,NL,7,29,6,7,1,1,2,5,0,0.0,3,8.0,0.0,0.0,0.0,0.0,0.0
2004,NLCS,wheelda01,HOU,NL,4,0,0,0,0,0,0,0,0,0.0,0,0.0,0.0,0.0,0.0,0.0,0.0
2004,NLCS,williwo02,SLN,NL,2,4,1,1,1,0,0,0,0,0.0,0,0.0,0.0,0.0,0.0,0.0,0.0
2004,NLCS,womacto01,SLN,NL,7,26,5,7,1,0,0,1,2,0.0,1,3.0,0.0,0.0,0.0,0.0,0.0
2004,NLDS1,alvarwi01,LAN,NL,2,0,0,0,0,0,0,0,0,0.0,0,0.0,0.0,0.0,0.0,0.0,0.0
2004,NLDS1,anderma02,SLN,NL,3,3,0,0,0,0,0,0,0,0.0,0,1.0,0.0,0.0,0.0,0.0,0.0
2004,NLDS1,beltrad01,LAN,NL,4,15,1,4,0,0,0,1,0,0.0,0,3.0,0.0,0.0,0.0,1.0,0.0
2004,NLDS1,bradlmi01,LAN,NL,4,11,1,3,1,0,1,1,2,0.0,5,2.0,0.0,0.0,0.0,0.0,1.0
2004,NLDS1,brazoyh01,LAN,NL,2,0,0,0,0,0,0,0,0,0.0,0,0.0,0.0,0.0,0.0,0.0,0.0
2004,NLDS1,calerki01,SLN,NL,1,0,0,0,0,0,0,0,0,0.0,0,0.0,0.0,0.0,0.0,0.0,0.0
2004,NLDS1,carragi01,LAN,NL,3,0,0,0,0,0,0,0,0,0.0,0,0.0,0.0,0.0,0.0,0.0,0.0
2004,NLDS1,cedenro01,SLN,NL,2,2,0,1,0,0,0,0,0,0.0,0,0.0,0.0,0.0,0.0,0.0,0.0
2004,NLDS1,choihe01,LAN,NL,1,1,0,0,0,0,0,0,0,0.0,0,0.0,0.0,0.0,0.0,0.0,0.0
2004,NLDS1,coraal01,LAN,NL,4,15,1,2,0,1,0,1,0,0.0,0,3.0,0.0,1.0,0.0,0.0,2.0
2004,NLDS1,desseel01,LAN,NL,1,0,0,0,0,0,0,0,0,0.0,0,0.0,0.0,0.0,0.0,0.0,0.0
2004,NLDS1,edmonji01,SLN,NL,4,15,1,4,0,0,1,2,0,1.0,1,9.0,0.0,0.0,0.0,0.0,0.0
2004,NLDS1,eldreca01,SLN,NL,2,0,0,0,0,0,0,0,0,0.0,0,0.0,0.0,0.0,0.0,0.0,0.0
2004,NLDS1,finlest01,LAN,NL,4,16,0,2,1,0,0,2,0,0.0,1,0.0,0.0,0.0,0.0,0.0,0.0
2004,NLDS1,gagneer01,LAN,NL,2,0,0,0,0,0,0,0,0,0.0,0,0.0,0.0,0.0,0.0,0.0,0.0
2004,NLDS1,graboja01,LAN,NL,3,2,0,0,0,0,0,0,0,0.0,1,0.0,0.0,0.0,0.0,0.0,0.0
2004,NLDS1,greensh01,LAN,NL,4,16,3,4,0,0,3,3,0,0.0,0,3.0,0.0,0.0,0.0,0.0,0.0
2004,NLDS1,harenda01,SLN,NL,1,1,0,0,0,0,0,0,0,0.0,0,0.0,0.0,0.0,0.0,0.0,0.0
2004,NLDS1,hernajo01,LAN,NL,1,0,0,0,0,0,0,0,0,0.0,1,0.0,0.0,0.0,0.0,0.0,0.0
2004,NLDS1,isrinja01,SLN,NL,2,0,0,0,0,0,0,0,0,0.0,0,0.0,0.0,0.0,0.0,0.0,0.0
2004,NLDS1,izturce01,LAN,NL,4,17,1,3,1,0,0,0,0,0.0,1,2.0,0.0,0.0,0.0,0.0,0.0
2004,NLDS1,kingra01,SLN,NL,3,0,0,0,0,0,0,0,0,0.0,0,0.0,0.0,0.0,0.0,0.0,0.0
2004,NLDS1,klinest02,SLN,NL,2,0,0,0,0,0,0,0,0,0.0,0,0.0,0.0,0.0,0.0,0.0,0.0
2004,NLDS1,limajo01,LAN,NL,1,2,0,0,0,0,0,0,0,0.0,0,2.0,0.0,0.0,1.0,0.0,0.0
2004,NLDS1,mabryjo01,SLN,NL,1,1,0,0,0,0,0,0,0,0.0,0,1.0,0.0,0.0,0.0,0.0,0.0
2004,NLDS1,marquja01,SLN,NL,1,1,0,0,0,0,0,0,0,0.0,0,0.0,0.0,0.0,0.0,0.0,0.0
2004,NLDS1,mathemi01,SLN,NL,4,14,1,4,0,0,1,5,0,0.0,0,2.0,0.0,0.0,1.0,0.0,0.0
2004,NLDS1,maynebr01,LAN,NL,4,6,1,2,0,0,0,0,0,0.0,2,0.0,1.0,0.0,0.0,0.0,0.0
2004,NLDS1,morrima01,SLN,NL,1,2,0,0,0,0,0,0,0,0.0,0,0.0,0.0,0.0,0.0,0.0,0.0
2004,NLDS1,perezod01,LAN,NL,2,2,0,0,0,0,0,0,0,0.0,0,0.0,0.0,0.0,0.0,0.0,0.0
2004,NLDS1,pujolal01,SLN,NL,4,15,4,5,0,0,2,5,0,0.0,3,0.0,0.0,0.0,0.0,0.0,1.0
2004,NLDS1,renteed01,SLN,NL,4,11,4,5,2,0,0,4,1,1.0,3,1.0,0.0,1.0,0.0,0.0,0.0
2004,NLDS1,rolensc01,SLN,NL,4,12,1,0,0,0,0,0,0,0.0,6,3.0,0.0,0.0,0.0,0.0,0.0
2004,NLDS1,rossda01,LAN,NL,2,3,0,0,0,0,0,0,0,0.0,1,0.0,0.0,0.0,0.0,0.0,0.0
2004,NLDS1,sanchdu01,LAN,NL,2,0,0,0,0,0,0,0,0,0.0,0,0.0,0.0,0.0,0.0,0.0,0.0
2004,NLDS1,sandere02,SLN,NL,4,14,3,4,0,0,1,1,1,0.0,0,2.0,0.0,1.0,0.0,0.0,2.0
2004,NLDS1,suppaje01,SLN,NL,1,3,0,2,0,0,0,0,0,0.0,0,0.0,0.0,0.0,0.0,0.0,0.0
2004,NLDS1,tagucso01,SLN,NL,1,0,0,0,0,0,0,0,0,0.0,0,0.0,0.0,0.0,0.0,0.0,0.0
2004,NLDS1,tavarju01,SLN,NL,2,0,0,0,0,0,0,0,0,0.0,0,0.0,0.0,0.0,0.0,0.0,0.0
2004,NLDS1,venafmi01,LAN,NL,2,0,0,0,0,0,0,0,0,0.0,0,0.0,0.0,0.0,0.0,0.0,0.0
2004,NLDS1,venturo01,LAN,NL,3,3,0,0,0,0,0,0,0,0.0,0,1.0,0.0,0.0,0.0,0.0,0.0
2004,NLDS1,walkela01,SLN,NL,4,15,6,5,1,0,2,3,1,0.0,2,5.0,0.0,1.0,0.0,0.0,0.0
2004,NLDS1,weaveje01,LAN,NL,1,2,0,0,0,0,0,0,0,0.0,0,0.0,0.0,0.0,0.0,0.0,0.0
2004,NLDS1,werthja01,LAN,NL,4,14,3,4,1,0,2,3,0,0.0,3,4.0,0.0,0.0,0.0,0.0,0.0
2004,NLDS1,williwo02,SLN,NL,1,2,0,0,0,0,0,0,0,0.0,0,0.0,0.0,0.0,0.0,0.0,0.0
2004,NLDS1,wilsoto02,LAN,NL,2,1,1,1,0,0,1,1,0,0.0,0,0.0,0.0,0.0,0.0,0.0,0.0
2004,NLDS1,womacto01,SLN,NL,4,19,2,3,0,1,0,1,1,0.0,0,2.0,0.0,0.0,0.0,0.0,0.0
2004,NLDS2,alfonan01,ATL,NL,4,0,0,0,0,0,0,0,0,0.0,0,0.0,0.0,0.0,0.0,0.0,0.0
2004,NLDS2,ausmubr01,HOU,NL,5,9,3,3,0,0,1,1,0,0.0,3,3.0,0.0,0.0,0.0,0.0,0.0
2004,NLDS2,backebr01,HOU,NL,1,1,0,0,0,0,0,0,0,0.0,0,0.0,0.0,0.0,1.0,0.0,0.0
2004,NLDS2,bagweje01,HOU,NL,5,22,5,7,2,0,2,5,0,0.0,3,3.0,0.0,0.0,0.0,0.0,1.0
2004,NLDS2,beltrca01,HOU,NL,5,22,9,10,2,0,4,9,2,0.0,1,4.0,0.0,1.0,0.0,0.0,0.0
2004,NLDS2,berkmla01,HOU,NL,5,22,5,9,1,0,1,3,0,1.0,3,6.0,0.0,0.0,0.0,0.0,0.0
2004,NLDS2,betemwi01,ATL,NL,1,0,0,0,0,0,0,0,0,0.0,0,0.0,0.0,0.0,0.0,0.0,0.0
2004,NLDS2,biggicr01,HOU,NL,5,20,5,8,2,0,1,4,1,0.0,2,4.0,0.0,0.0,0.0,0.0,1.0
2004,NLDS2,brunter01,HOU,NL,2,1,0,0,0,0,0,0,0,0.0,1,0.0,0.0,0.0,0.0,0.0,0.0
2004,NLDS2,byrdpa01,ATL,NL,2,2,0,1,0,0,0,1,0,0.0,0,1.0,0.0,0.0,0.0,0.0,0.0
2004,NLDS2,chavera01,HOU,NL,2,5,1,3,0,0,1,1,0,0.0,0,0.0,0.0,0.0,1.0,0.0,0.0
2004,NLDS2,clemero02,HOU,NL,2,3,0,0,0,0,0,1,0,0.0,1,1.0,0.0,0.0,0.0,1.0,0.0
2004,NLDS2,cruzju02,ATL,NL,3,0,0,0,0,0,0,0,0,0.0,0,0.0,0.0,0.0,0.0,0.0,0.0
2004,NLDS2,drewjd01,ATL,NL,5,20,1,4,0,0,0,1,1,1.0,4,7.0,0.0,0.0,0.0,0.0,0.0
2004,NLDS2,ensbemo01,HOU,NL,5,19,1,7,2,0,0,5,0,1.0,3,1.0,0.0,0.0,0.0,0.0,1.0
2004,NLDS2,estrajo01,ATL,NL,5,17,3,6,0,0,2,4,0,0.0,3,3.0,0.0,0.0,0.0,1.0,0.0
2004,NLDS2,everead01,HOU,NL,2,0,0,0,0,0,0,0,0,0.0,0,0.0,0.0,0.0,0.0,0.0,0.0
2004,NLDS2,francju01,ATL,NL,3,4,0,0,0,0,0,0,0,0.0,0,1.0,0.0,0.0,0.0,0.0,0.0
2004,NLDS2,furcara01,ATL,NL,5,21,5,8,0,1,2,4,3,0.0,3,3.0,0.0,1.0,1.0,0.0,0.0
2004,NLDS2,gallomi01,HOU,NL,3,0,0,0,0,0,0,0,0,0.0,0,0.0,0.0,0.0,0.0,0.0,0.0
2004,NLDS2,gilesma01,ATL,NL,5,24,1,3,0,0,0,1,1,0.0,0,6.0,0.0,0.0,0.0,0.0,0.0
2004,NLDS2,greenni01,ATL,NL,2,0,0,0,0,0,0,0,0,0.0,0,0.0,0.0,0.0,0.0,0.0,0.0
2004,NLDS2,gryboke01,ATL,NL,5,0,0,0,0,0,0,0,0,0.0,0,0.0,0.0,0.0,0.0,0.0,0.0
2004,NLDS2,hamptmi01,ATL,NL,2,2,0,1,0,0,0,0,0,0.0,0,1.0,0.0,0.0,0.0,0.0,0.0
2004,NLDS2,harvich01,HOU,NL,1,0,0,0,0,0,0,0,0,0.0,0,0.0,0.0,0.0,0.0,0.0,0.0
2004,NLDS2,jonesan01,ATL,NL,5,19,4,10,2,0,2,5,1,0.0,2,3.0,0.0,0.0,0.0,0.0,1.0
2004,NLDS2,jonesch06,ATL,NL,5,20,4,4,0,0,0,0,0,0.0,3,2.0,0.0,0.0,0.0,0.0,1.0
2004,NLDS2,kentje01,HOU,NL,5,22,3,5,3,0,0,3,0,0.0,2,5.0,0.0,0.0,0.0,0.0,2.0
2004,NLDS2,lambmi01,HOU,NL,4,3,0,0,0,0,0,1,0,0.0,0,0.0,0.0,0.0,0.0,1.0,0.0
2004,NLDS2,laneja01,HOU,NL,5,5,2,3,0,0,1,2,0,0.0,0,1.0,0.0,0.0,0.0,0.0,0.0
2004,NLDS2,larocad01,ATL,NL,5,17,1,4,1,0,1,4,0,0.0,2,5.0,0.0,0.0,0.0,0.0,1.0
2004,NLDS2,lidgebr01,HOU,NL,3,0,0,0,0,0,0,0,0,0.0,0,0.0,0.0,0.0,0.0,0.0,0.0
2004,NLDS2,marreel01,ATL,NL,3,5,0,1,0,0,0,0,0,0.0,0,2.0,0.0,0.0,0.0,0.0,0.0
2004,NLDS2,martito02,ATL,NL,2,0,0,0,0,0,0,0,0,0.0,0,0.0,0.0,0.0,0.0,0.0,0.0
2004,NLDS2,micelda01,HOU,NL,3,0,0,0,0,0,0,0,0,0.0,0,0.0,0.0,0.0,0.0,0.0,0.0
2004,NLDS2,ortizru01,ATL,NL,1,1,0,0,0,0,0,0,0,0.0,0,1.0,0.0,0.0,0.0,0.0,0.0
2004,NLDS2,oswalro01,HOU,NL,2,3,0,0,0,0,0,0,0,0.0,1,0.0,0.0,0.0,0.0,0.0,0.0
2004,NLDS2,palmeor01,HOU,NL,5,4,0,1,0,0,0,0,0,0.0,0,0.0,0.0,0.0,1.0,0.0,0.0
2004,NLDS2,perezed02,ATL,NL,3,3,0,0,0,0,0,0,0,0.0,0,1.0,0.0,0.0,0.0,0.0,0.0
2004,NLDS2,quallch01,HOU,NL,4,0,0,0,0,0,0,0,0,0.0,0,0.0,0.0,0.0,0.0,0.0,0.0
2004,NLDS2,reitsch01,ATL,NL,3,0,0,0,0,0,0,0,0,0.0,0,0.0,0.0,0.0,0.0,0.0,0.0
2004,NLDS2,smoltjo01,ATL,NL,2,1,0,1,0,0,0,0,0,0.0,0,0.0,0.0,0.0,0.0,0.0,0.0
2004,NLDS2,sprinru01,HOU,NL,2,0,0,0,0,0,0,0,0,0.0,0,0.0,0.0,0.0,0.0,0.0,0.0
2004,NLDS2,thomach01,ATL,NL,5,16,1,4,0,0,0,0,1,0.0,2,5.0,1.0,1.0,0.0,0.0,0.0
2004,NLDS2,thomsjo01,ATL,NL,1,0,0,0,0,0,0,0,0,0.0,0,0.0,0.0,0.0,0.0,0.0,0.0
2004,NLDS2,vizcajo01,HOU,NL,5,19,2,2,0,0,0,1,0,0.0,1,2.0,1.0,0.0,0.0,1.0,1.0
2004,NLDS2,wheelda01,HOU,NL,1,0,0,0,0,0,0,0,0,0.0,0,0.0,0.0,0.0,0.0,0.0,0.0
2004,NLDS2,wisede01,ATL,NL,5,5,1,1,1,0,0,0,0,0.0,0,2.0,0.0,0.0,0.0,0.0,0.0
2004,NLDS2,wrighja02,ATL,NL,2,3,0,0,0,0,0,0,0,0.0,0,2.0,0.0,0.0,1.0,0.0,0.0
2004,WS,anderma02,SLN,NL,4,6,0,1,1,0,0,0,0,0.0,0,1.0,0.0,0.0,0.0,0.0,0.0
2004,WS,arroybr01,BOS,AL,2,0,0,0,0,0,0,0,0,0.0,0,0.0,0.0,0.0,0.0,0.0,0.0
2004,WS,bellhma01,BOS,AL,4,10,3,3,1,0,1,4,0,0.0,5,2.0,1.0,1.0,0.0,0.0,1.0
2004,WS,cabreor01,BOS,AL,4,17,3,4,1,0,0,3,0,0.0,3,1.0,0.0,1.0,0.0,0.0,0.0
2004,WS,calerki01,SLN,NL,2,0,0,0,0,0,0,0,0,0.0,0,0.0,0.0,0.0,0.0,0.0,0.0
2004,WS,cedenro01,SLN,NL,3,4,1,1,0,0,0,0,0,0.0,0,1.0,0.0,0.0,0.0,0.0,0.0
2004,WS,damonjo01,BOS,AL,4,21,4,6,2,1,1,2,0,0.0,0,1.0,0.0,0.0,0.0,0.0,1.0
2004,WS,edmonji01,SLN,NL,4,15,2,1,0,0,0,0,0,0.0,1,6.0,0.0,0.0,0.0,0.0,0.0
2004,WS,eldreca01,SLN,NL,2,0,0,0,0,0,0,0,0,0.0,0,0.0,0.0,0.0,0.0,0.0,0.0
2004,WS,embreal01,BOS,AL,3,0,0,0,0,0,0,0,0,0.0,0,0.0,0.0,0.0,0.0,0.0,0.0
2004,WS,foulkke01,BOS,AL,4,0,0,0,0,0,0,0,0,0.0,0,0.0,0.0,0.0,0.0,0.0,0.0
2004,WS,harenda01,SLN,NL,2,0,0,0,0,0,0,0,0,0.0,0,0.0,0.0,0.0,0.0,0.0,0.0
2004,WS,isrinja01,SLN,NL,1,0,0,0,0,0,0,0,0,0.0,0,0.0,0.0,0.0,0.0,0.0,0.0
2004,WS,kaplega01,BOS,AL,4,2,0,0,0,0,0,0,0,0.0,0,1.0,0.0,0.0,0.0,0.0,0.0
2004,WS,kingra01,SLN,NL,3,0,0,0,0,0,0,0,0,0.0,0,0.0,0.0,0.0,0.0,0.0,0.0
2004,WS,lowede01,BOS,AL,1,2,0,0,0,0,0,0,0,0.0,0,1.0,0.0,0.0,1.0,0.0,0.0
2004,WS,lunahe01,SLN,NL,1,1,0,0,0,0,0,0,0,0.0,0,1.0,0.0,0.0,0.0,0.0,0.0
2004,WS,mabryjo01,SLN,NL,2,4,0,0,0,0,0,0,0,0.0,0,2.0,0.0,0.0,0.0,0.0,0.0
2004,WS,marquja01,SLN,NL,3,1,1,0,0,0,0,0,0,0.0,0,0.0,0.0,0.0,0.0,0.0,0.0
2004,WS,martipe02,BOS,AL,1,2,0,0,0,0,0,0,0,0.0,1,2.0,0.0,0.0,0.0,0.0,0.0
2004,WS,mathemi01,SLN,NL,4,8,0,2,0,0,0,2,0,0.0,0,3.0,0.0,0.0,0.0,2.0,0.0
2004,WS,mientdo01,BOS,AL,4,1,0,0,0,0,0,0,0,0.0,0,0.0,0.0,0.0,0.0,0.0,0.0
2004,WS,millake01,BOS,AL,4,8,2,1,1,0,0,0,0,0.0,2,2.0,0.0,1.0,0.0,0.0,0.0
2004,WS,mirabdo01,BOS,AL,1,3,1,1,0,0,0,0,0,0.0,0,1.0,0.0,0.0,0.0,0.0,0.0
2004,WS,molinya01,SLN,NL,3,3,0,0,0,0,0,0,0,0.0,0,1.0,0.0,0.0,0.0,0.0,0.0
2004,WS,morrima01,SLN,NL,1,0,0,0,0,0,0,0,0,0.0,0,0.0,0.0,0.0,0.0,0.0,0.0
2004,WS,muellbi02,BOS,AL,4,14,3,6,2,0,0,2,0,0.0,4,0.0,0.0,0.0,0.0,0.0,1.0
2004,WS,nixontr01,BOS,AL,4,14,1,5,3,0,0,3,0,0.0,1,1.0,0.0,0.0,0.0,0.0,0.0
2004,WS,ortizda01,BOS,AL,4,13,3,4,1,0,1,4,0,0.0,4,1.0,0.0,0.0,0.0,0.0,0.0
2004,WS,pujolal01,SLN,NL,4,15,1,5,2,0,0,0,0,0.0,1,3.0,1.0,1.0,0.0,0.0,0.0
2004,WS,ramirma02,BOS,AL,4,17,2,7,0,0,1,4,0,0.0,3,3.0,0.0,0.0,0.0,0.0,0.0
2004,WS,reesepo01,BOS,AL,4,1,0,0,0,0,0,0,0,0.0,0,0.0,0.0,0.0,0.0,0.0,0.0
2004,WS,renteed01,SLN,NL,4,15,2,5,3,0,0,1,0,0.0,2,2.0,0.0,0.0,0.0,0.0,1.0
2004,WS,reyesal01,SLN,NL,2,0,0,0,0,0,0,0,0,0.0,0,0.0,0.0,0.0,0.0,0.0,0.0
2004,WS,rolensc01,SLN,NL,4,15,0,0,0,0,0,1,0,0.0,1,1.0,0.0,0.0,0.0,1.0,1.0
2004,WS,sandere02,SLN,NL,4,9,1,0,0,0,0,0,1,0.0,4,5.0,0.0,0.0,0.0,0.0,0.0
2004,WS,schilcu01,BOS,AL,1,0,0,0,0,0,0,0,0,0.0,0,0.0,0.0,0.0,0.0,0.0,0.0
2004,WS,suppaje01,SLN,NL,1,1,0,1,0,0,0,0,0,0.0,0,0.0,0.0,0.0,0.0,0.0,0.0
2004,WS,tagucso01,SLN,NL,2,4,1,1,0,0,0,1,0,0.0,0,2.0,0.0,0.0,0.0,0.0,0.0
2004,WS,tavarju01,SLN,NL,2,0,0,0,0,0,0,0,0,0.0,0,0.0,0.0,0.0,0.0,0.0,0.0
2004,WS,timlimi01,BOS,AL,3,0,0,0,0,0,0,0,0,0.0,0,0.0,0.0,0.0,0.0,0.0,0.0
2004,WS,varitja01,BOS,AL,4,13,2,2,0,1,0,2,0,0.0,1,4.0,0.0,1.0,0.0,0.0,0.0
2004,WS,wakefti01,BOS,AL,1,0,0,0,0,0,0,0,0,0.0,0,0.0,0.0,0.0,0.0,0.0,0.0
2004,WS,walkela01,SLN,NL,4,14,2,5,2,0,2,3,0,0.0,2,2.0,0.0,0.0,1.0,0.0,0.0
2004,WS,williwo02,SLN,NL,1,0,0,0,0,0,0,0,0,0.0,0,0.0,0.0,0.0,0.0,0.0,0.0
2004,WS,womacto01,SLN,NL,4,11,1,2,0,0,0,0,0,0.0,1,2.0,0.0,0.0,1.0,0.0,0.0
2005,ALCS,anderga01,LAA,AL,5,17,2,3,0,0,1,2,0,0.0,1,5.0,0.0,0.0,0.0,1.0,0.0
2005,ALCS,buehrma01,CHA,AL,1,0,0,0,0,0,0,0,0,0.0,0,0.0,0.0,0.0,0.0,0.0,0.0
2005,ALCS,byrdpa01,LAA,AL,2,0,0,0,0,0,0,0,0,0.0,0,0.0,0.0,0.0,0.0,0.0,0.0
2005,ALCS,cabreor01,LAA,AL,5,20,1,4,1,0,1,3,0,0.0,0,2.0,0.0,0.0,0.0,0.0,0.0
2005,ALCS,contrjo01,CHA,AL,2,0,0,0,0,0,0,0,0,0.0,0,0.0,0.0,0.0,0.0,0.0,0.0
2005,ALCS,cottsne01,CHA,AL,1,0,0,0,0,0,0,0,0,0.0,0,0.0,0.0,0.0,0.0,0.0,0.0
2005,ALCS,credejo01,CHA,AL,5,19,2,7,2,0,2,7,0,1.0,0,3.0,0.0,0.0,0.0,1.0,0.0
2005,ALCS,davanje02,LAA,AL,3,1,0,0,0,0,0,0,0,0.0,0,0.0,0.0,0.0,0.0,0.0,0.0
2005,ALCS,donnebr01,LAA,AL,3,0,0,0,0,0,0,0,0,0.0,0,0.0,0.0,0.0,0.0,0.0,0.0
2005,ALCS,dyeje01,CHA,AL,5,19,3,5,2,0,0,3,1,0.0,3,3.0,0.0,0.0,0.0,0.0,0.0
2005,ALCS,erstada01,LAA,AL,5,17,1,4,1,0,0,0,1,0.0,1,2.0,0.0,0.0,0.0,0.0,0.0
2005,ALCS,escobke01,LAA,AL,2,0,0,0,0,0,0,0,0,0.0,0,0.0,0.0,0.0,0.0,0.0,0.0
2005,ALCS,evereca01,CHA,AL,5,20,2,5,0,0,0,3,0,0.0,1,4.0,0.0,0.0,0.0,0.0,0.0
2005,ALCS,figgich01,LAA,AL,5,17,1,2,1,0,0,1,1,0.0,1,3.0,0.0,0.0,2.0,0.0,0.0
2005,ALCS,finlest01,LAA,AL,3,9,1,2,0,0,0,0,0,0.0,0,2.0,0.0,0.0,0.0,0.0,1.0
2005,ALCS,garcifr02,CHA,AL,1,0,0,0,0,0,0,0,0,0.0,0,0.0,0.0,0.0,0.0,0.0,0.0
2005,ALCS,garlajo01,CHA,AL,1,0,0,0,0,0,0,0,0,0.0,0,0.0,0.0,0.0,0.0,0.0,0.0
2005,ALCS,greggke01,LAA,AL,1,0,0,0,0,0,0,0,0,0.0,0,0.0,0.0,0.0,0.0,0.0,0.0
2005,ALCS,guerrvl01,LAA,AL,5,20,0,1,0,0,0,1,0,0.0,0,1.0,0.0,0.0,0.0,0.0,2.0
2005,ALCS,iguchta01,CHA,AL,5,17,4,3,1,0,0,0,0,1.0,1,6.0,0.0,3.0,2.0,0.0,0.0
2005,ALCS,izturma01,LAA,AL,1,0,0,0,0,0,0,0,0,0.0,0,0.0,0.0,0.0,0.0,0.0,0.0
2005,ALCS,kennead01,LAA,AL,5,14,3,4,0,0,0,1,0,0.0,0,1.0,0.0,0.0,1.0,0.0,1.0
2005,ALCS,konerpa01,CHA,AL,5,21,2,6,1,0,2,7,0,0.0,1,4.0,1.0,0.0,0.0,0.0,0.0
2005,ALCS,kotchca01,LAA,AL,2,7,0,2,1,0,0,1,0,0.0,1,1.0,0.0,0.0,0.0,0.0,0.0
2005,ALCS,lackejo01,LAA,AL,1,0,0,0,0,0,0,0,0,0.0,0,0.0,0.0,0.0,0.0,0.0,0.0
2005,ALCS,molinbe01,LAA,AL,5,17,0,2,0,0,0,1,0,0.0,0,2.0,0.0,1.0,0.0,0.0,0.0
2005,ALCS,molinjo01,LAA,AL,1,3,0,1,0,0,0,0,0,0.0,0,0.0,0.0,0.0,0.0,0.0,0.0
2005,ALCS,ozunapa01,CHA,AL,2,0,1,0,0,0,0,0,1,0.0,0,0.0,0.0,0.0,0.0,0.0,0.0
2005,ALCS,pauljo01,LAA,AL,1,0,0,0,0,0,0,0,0,0.0,0,0.0,0.0,0.0,0.0,0.0,0.0
2005,ALCS,pierzaj01,CHA,AL,5,18,1,3,0,0,1,2,0,1.0,1,6.0,0.0,0.0,1.0,0.0,0.0
2005,ALCS,podsesc01,CHA,AL,5,17,4,5,0,1,0,0,3,1.0,6,5.0,0.0,0.0,0.0,0.0,0.0
2005,ALCS,quinlro01,LAA,AL,1,3,1,1,0,0,1,1,0,0.0,0,2.0,0.0,0.0,0.0,0.0,0.0
2005,ALCS,riverju01,LAA,AL,3,9,1,1,1,0,0,0,0,0.0,0,1.0,0.0,0.0,0.0,0.0,0.0
2005,ALCS,rodrifr03,LAA,AL,2,0,0,0,0,0,0,0,0,0.0,0,0.0,0.0,0.0,0.0,0.0,0.0
2005,ALCS,rowanaa01,CHA,AL,5,18,3,3,3,0,0,1,0,0.0,1,2.0,0.0,1.0,0.0,1.0,1.0
2005,ALCS,santaer01,LAA,AL,1,0,0,0,0,0,0,0,0,0.0,0,0.0,0.0,0.0,0.0,0.0,0.0
2005,ALCS,shielsc01,LAA,AL,4,0,0,0,0,0,0,0,0,0.0,0,0.0,0.0,0.0,0.0,0.0,0.0
2005,ALCS,uribeju01,CHA,AL,5,16,1,4,1,0,0,0,0,0.0,2,3.0,0.0,0.0,0.0,0.0,1.0
2005,ALCS,washbja01,LAA,AL,1,0,0,0,0,0,0,0,0,0.0,0,0.0,0.0,0.0,0.0,0.0,0.0
2005,ALCS,yanes01,LAA,AL,1,0,0,0,0,0,0,0,0,0.0,0,0.0,0.0,0.0,0.0,0.0,0.0
2005,ALDS1,arroybr01,BOS,AL,1,0,0,0,0,0,0,0,0,0.0,0,0.0,0.0,0.0,0.0,0.0,0.0
2005,ALDS1,blumge01,CHA,AL,1,1,0,0,0,0,0,0,0,0.0,0,0.0,0.0,0.0,0.0,0.0,0.0
2005,ALDS1,bradfch01,BOS,AL,2,0,0,0,0,0,0,0,0,0.0,0,0.0,0.0,0.0,0.0,0.0,0.0
2005,ALDS1,buehrma01,CHA,AL,1,0,0,0,0,0,0,0,0,0.0,0,0.0,0.0,0.0,0.0,0.0,0.0
2005,ALDS1,clemema01,BOS,AL,1,0,0,0,0,0,0,0,0,0.0,0,0.0,0.0,0.0,0.0,0.0,0.0
2005,ALDS1,contrjo01,CHA,AL,1,0,0,0,0,0,0,0,0,0.0,0,0.0,0.0,0.0,0.0,0.0,0.0
2005,ALDS1,coraal01,BOS,AL,1,0,0,0,0,0,0,0,0,0.0,0,0.0,0.0,0.0,0.0,0.0,0.0
2005,ALDS1,cottsne01,CHA,AL,1,0,0,0,0,0,0,0,0,0.0,0,0.0,0.0,0.0,0.0,0.0,0.0
2005,ALDS1,credejo01,CHA,AL,3,9,2,1,0,0,0,1,0,0.0,1,1.0,0.0,0.0,1.0,0.0,0.0
2005,ALDS1,damonjo01,BOS,AL,3,13,2,3,1,0,0,0,0,0.0,1,4.0,0.0,0.0,0.0,0.0,1.0
2005,ALDS1,dyeje01,CHA,AL,3,10,1,2,0,0,0,0,0,0.0,1,2.0,0.0,1.0,0.0,0.0,0.0
2005,ALDS1,evereca01,CHA,AL,3,11,2,3,0,0,0,0,0,0.0,0,0.0,0.0,1.0,0.0,0.0,1.0
2005,ALDS1,garcifr02,CHA,AL,1,0,0,0,0,0,0,0,0,0.0,0,0.0,0.0,0.0,0.0,0.0,0.0
2005,ALDS1,gonzaje01,BOS,AL,1,0,0,0,0,0,0,0,0,0.0,0,0.0,0.0,0.0,0.0,0.0,0.0
2005,ALDS1,graffto01,BOS,AL,3,12,0,3,2,0,0,0,0,0.0,0,0.0,0.0,0.0,0.0,0.0,0.0
2005,ALDS1,harriwi01,CHA,AL,1,1,0,1,0,0,0,1,0,0.0,0,0.0,0.0,0.0,0.0,0.0,0.0
2005,ALDS1,hernaor01,CHA,AL,1,0,0,0,0,0,0,0,0,0.0,0,0.0,0.0,0.0,0.0,0.0,0.0
2005,ALDS1,hyzduad01,BOS,AL,1,0,0,0,0,0,0,0,0,0.0,0,0.0,0.0,0.0,0.0,0.0,0.0
2005,ALDS1,iguchta01,CHA,AL,3,12,1,3,0,0,1,4,0,0.0,0,3.0,0.0,0.0,1.0,0.0,0.0
2005,ALDS1,jenksbo01,CHA,AL,2,0,0,0,0,0,0,0,0,0.0,0,0.0,0.0,0.0,0.0,0.0,0.0
2005,ALDS1,konerpa01,CHA,AL,3,12,3,3,0,0,2,4,0,0.0,0,1.0,0.0,0.0,0.0,0.0,0.0
2005,ALDS1,machaal01,BOS,AL,1,0,0,0,0,0,0,0,0,0.0,0,0.0,0.0,0.0,0.0,0.0,0.0
2005,ALDS1,marteda01,CHA,AL,1,0,0,0,0,0,0,0,0,0.0,0,0.0,0.0,0.0,0.0,0.0,0.0
2005,ALDS1,millake01,BOS,AL,2,3,0,1,1,0,0,1,0,0.0,0,1.0,0.0,0.0,0.0,0.0,0.0
2005,ALDS1,mirabdo01,BOS,AL,1,2,0,0,0,0,0,0,0,0.0,0,0.0,0.0,0.0,0.0,0.0,0.0
2005,ALDS1,muellbi02,BOS,AL,3,11,0,0,0,0,0,0,0,0.0,1,2.0,0.0,0.0,0.0,0.0,0.0
2005,ALDS1,myersmi01,BOS,AL,1,0,0,0,0,0,0,0,0,0.0,0,0.0,0.0,0.0,0.0,0.0,0.0
2005,ALDS1,nixontr01,BOS,AL,3,11,1,3,0,0,0,1,0,0.0,1,1.0,0.0,0.0,0.0,0.0,0.0
2005,ALDS1,olerujo01,BOS,AL,3,7,0,2,1,0,0,0,0,0.0,2,0.0,0.0,0.0,0.0,0.0,0.0
2005,ALDS1,ortizda01,BOS,AL,3,12,2,4,2,0,1,1,0,0.0,0,3.0,0.0,0.0,0.0,0.0,0.0
2005,ALDS1,papeljo01,BOS,AL,2,0,0,0,0,0,0,0,0,0.0,0,0.0,0.0,0.0,0.0,0.0,0.0
2005,ALDS1,perezti01,CHA,AL,1,1,0,0,0,0,0,0,0,0.0,0,0.0,0.0,0.0,0.0,0.0,0.0
2005,ALDS1,pierzaj01,CHA,AL,3,9,5,4,2,0,2,4,1,0.0,1,0.0,0.0,1.0,0.0,0.0,0.0
2005,ALDS1,podsesc01,CHA,AL,3,11,3,3,1,0,1,4,1,2.0,1,1.0,0.0,2.0,0.0,0.0,0.0
2005,ALDS1,politcl01,CHA,AL,1,0,0,0,0,0,0,0,0,0.0,0,0.0,0.0,0.0,0.0,0.0,0.0
2005,ALDS1,ramirma02,BOS,AL,3,10,2,3,0,0,2,4,0,0.0,2,0.0,1.0,0.0,0.0,0.0,0.0
2005,ALDS1,renteed01,BOS,AL,3,13,1,3,2,0,0,0,0,0.0,1,1.0,0.0,0.0,0.0,0.0,0.0
2005,ALDS1,rowanaa01,CHA,AL,3,10,3,4,2,0,0,2,1,0.0,1,1.0,0.0,0.0,0.0,0.0,2.0
2005,ALDS1,timlimi01,BOS,AL,1,0,0,0,0,0,0,0,0,0.0,0,0.0,0.0,0.0,0.0,0.0,0.0
2005,ALDS1,uribeju01,CHA,AL,3,10,4,4,1,0,1,4,0,0.0,0,2.0,0.0,0.0,1.0,0.0,0.0
2005,ALDS1,varitja01,BOS,AL,3,10,1,3,0,0,0,1,0,0.0,0,2.0,0.0,0.0,0.0,0.0,0.0
2005,ALDS1,wakefti01,BOS,AL,1,0,0,0,0,0,0,0,0,0.0,0,0.0,0.0,0.0,0.0,0.0,0.0
2005,ALDS1,wellsda01,BOS,AL,1,0,0,0,0,0,0,0,0,0.0,0,0.0,0.0,0.0,0.0,0.0,0.0
2005,ALDS2,anderga01,LAA,AL,5,19,2,5,0,1,2,7,0,0.0,0,0.0,0.0,0.0,0.0,1.0,0.0
2005,ALDS2,bellhma01,NYA,AL,1,0,0,0,0,0,0,0,0,0.0,0,0.0,0.0,0.0,0.0,0.0,0.0
2005,ALDS2,byrdpa01,LAA,AL,1,0,0,0,0,0,0,0,0,0.0,0,0.0,0.0,0.0,0.0,0.0,0.0
2005,ALDS2,cabreor01,LAA,AL,5,21,3,5,2,0,0,3,0,0.0,0,1.0,0.0,0.0,0.0,0.0,0.0
2005,ALDS2,canoro01,NYA,AL,5,19,3,5,3,0,0,5,0,1.0,2,4.0,0.0,0.0,0.0,0.0,0.0
2005,ALDS2,chacosh01,NYA,AL,1,0,0,0,0,0,0,0,0,0.0,0,0.0,0.0,0.0,0.0,0.0,0.0
2005,ALDS2,colonba01,LAA,AL,2,0,0,0,0,0,0,0,0,0.0,0,0.0,0.0,0.0,0.0,0.0,0.0
2005,ALDS2,crosbbu01,NYA,AL,3,8,0,2,0,0,0,1,1,0.0,0,1.0,0.0,0.0,1.0,0.0,0.0
2005,ALDS2,davanje02,LAA,AL,1,0,1,0,0,0,0,0,0,0.0,0,0.0,0.0,0.0,0.0,0.0,0.0
2005,ALDS2,donnebr01,LAA,AL,1,0,0,0,0,0,0,0,0,0.0,0,0.0,0.0,0.0,0.0,0.0,0.0
2005,ALDS2,erstada01,LAA,AL,5,20,1,6,2,0,0,3,0,0.0,0,6.0,0.0,0.0,0.0,0.0,1.0
2005,ALDS2,escobke01,LAA,AL,4,0,0,0,0,0,0,0,0,0.0,0,0.0,0.0,0.0,0.0,0.0,0.0
2005,ALDS2,figgich01,LAA,AL,5,21,2,3,1,1,0,2,0,1.0,1,8.0,0.0,0.0,0.0,0.0,1.0
2005,ALDS2,finlest01,LAA,AL,5,11,2,1,1,0,0,1,0,0.0,1,4.0,0.0,0.0,4.0,0.0,0.0
2005,ALDS2,flahejo01,NYA,AL,1,0,0,0,0,0,0,0,0,0.0,1,0.0,0.0,0.0,0.0,0.0,0.0
2005,ALDS2,giambja01,NYA,AL,5,19,1,8,3,0,0,2,0,0.0,3,4.0,0.0,0.0,0.0,0.0,0.0
2005,ALDS2,gordoto01,NYA,AL,3,0,0,0,0,0,0,0,0,0.0,0,0.0,0.0,0.0,0.0,0.0,0.0
2005,ALDS2,guerrvl01,LAA,AL,5,18,5,6,0,0,0,0,1,1.0,2,2.0,1.0,1.0,0.0,0.0,0.0
2005,ALDS2,jeterde01,NYA,AL,5,21,4,7,0,0,2,5,1,0.0,1,5.0,0.0,0.0,0.0,1.0,0.0
2005,ALDS2,johnsra05,NYA,AL,2,0,0,0,0,0,0,0,0,0.0,0,0.0,0.0,0.0,0.0,0.0,0.0
2005,ALDS2,kennead01,LAA,AL,5,17,0,4,0,1,0,2,0,2.0,0,3.0,0.0,0.0,1.0,0.0,0.0
2005,ALDS2,kotchca01,LAA,AL,2,2,0,0,0,0,0,0,0,0.0,0,0.0,0.0,0.0,0.0,0.0,0.0
2005,ALDS2,lackejo01,LAA,AL,2,0,0,0,0,0,0,0,0,0.0,0,0.0,0.0,0.0,0.0,0.0,0.0
2005,ALDS2,leiteal01,NYA,AL,4,0,0,0,0,0,0,0,0,0.0,0,0.0,0.0,0.0,0.0,0.0,0.0
2005,ALDS2,martiti02,NYA,AL,4,8,0,0,0,0,0,0,0,0.0,1,2.0,0.0,0.0,0.0,0.0,0.0
2005,ALDS2,matsuhi01,NYA,AL,5,20,4,4,1,0,1,1,0,0.0,2,3.0,0.0,0.0,0.0,0.0,2.0
2005,ALDS2,molinbe01,LAA,AL,5,18,5,8,0,0,3,5,0,0.0,0,0.0,0.0,1.0,0.0,0.0,0.0
2005,ALDS2,molinjo01,LAA,AL,1,1,1,1,0,0,0,1,0,0.0,0,0.0,0.0,0.0,0.0,0.0,0.0
2005,ALDS2,mussimi01,NYA,AL,2,0,0,0,0,0,0,0,0,0.0,0,0.0,0.0,0.0,0.0,0.0,0.0
2005,ALDS2,pauljo01,LAA,AL,1,0,0,0,0,0,0,0,0,0.0,0,0.0,0.0,0.0,0.0,0.0,0.0
2005,ALDS2,posadjo01,NYA,AL,5,13,3,3,1,0,1,2,0,0.0,6,2.0,0.0,0.0,0.0,0.0,0.0
2005,ALDS2,proctsc01,NYA,AL,2,0,0,0,0,0,0,0,0,0.0,0,0.0,0.0,0.0,0.0,0.0,0.0
2005,ALDS2,quinlro01,LAA,AL,2,2,0,1,0,0,0,0,0,0.0,0,0.0,0.0,0.0,0.0,0.0,0.0
2005,ALDS2,riverju01,LAA,AL,5,17,3,6,1,0,1,1,0,0.0,1,2.0,0.0,0.0,0.0,0.0,0.0
2005,ALDS2,riverma01,NYA,AL,2,0,0,0,0,0,0,0,0,0.0,0,0.0,0.0,0.0,0.0,0.0,0.0
2005,ALDS2,rodrial01,NYA,AL,5,15,2,2,1,0,0,0,1,1.0,6,5.0,0.0,2.0,0.0,0.0,2.0
2005,ALDS2,rodrifr03,LAA,AL,3,0,0,0,0,0,0,0,0,0.0,0,0.0,0.0,0.0,0.0,0.0,0.0
2005,ALDS2,santaer01,LAA,AL,1,0,0,0,0,0,0,0,0,0.0,0,0.0,0.0,0.0,0.0,0.0,0.0
2005,ALDS2,sheffga01,NYA,AL,5,21,1,6,0,0,0,2,0,0.0,1,2.0,0.0,0.0,0.0,0.0,0.0
2005,ALDS2,shielsc01,LAA,AL,4,0,0,0,0,0,0,0,0,0.0,0,0.0,0.0,0.0,0.0,0.0,0.0
2005,ALDS2,sierrru01,NYA,AL,3,3,0,1,0,0,0,1,0,0.0,0,1.0,0.0,0.0,0.0,0.0,0.0
2005,ALDS2,smallaa01,NYA,AL,1,0,0,0,0,0,0,0,0,0.0,0,0.0,0.0,0.0,0.0,0.0,0.0
2005,ALDS2,sturtta01,NYA,AL,2,0,0,0,0,0,0,0,0,0.0,0,0.0,0.0,0.0,0.0,0.0,0.0
2005,ALDS2,wangch01,NYA,AL,1,0,0,0,0,0,0,0,0,0.0,0,0.0,0.0,0.0,0.0,0.0,0.0
2005,ALDS2,willibe02,NYA,AL,5,19,2,4,2,0,0,1,0,0.0,1,3.0,0.0,0.0,0.0,1.0,0.0
2005,ALDS2,womacto01,NYA,AL,2,0,0,0,0,0,0,0,0,0.0,0,0.0,0.0,0.0,0.0,0.0,0.0
2005,NLCS,astacez01,HOU,NL,1,0,0,0,0,0,0,0,0,0.0,0,0.0,0.0,0.0,0.0,0.0,0.0
2005,NLCS,ausmubr01,HOU,NL,6,22,3,7,2,0,0,1,1,0.0,1,6.0,1.0,0.0,0.0,1.0,0.0
2005,NLCS,backebr01,HOU,NL,1,2,0,0,0,0,0,0,0,0.0,0,1.0,0.0,0.0,0.0,0.0,0.0
2005,NLCS,bagweje01,HOU,NL,1,1,0,0,0,0,0,0,0,0.0,0,0.0,0.0,0.0,0.0,0.0,0.0
2005,NLCS,berkmla01,HOU,NL,6,21,2,6,2,0,1,3,0,0.0,4,3.0,0.0,0.0,0.0,0.0,1.0
2005,NLCS,biggicr01,HOU,NL,6,24,2,8,0,0,0,3,0,0.0,2,3.0,0.0,0.0,1.0,0.0,0.0
2005,NLCS,brunter01,HOU,NL,5,1,0,0,0,0,0,0,0,0.0,0,1.0,0.0,0.0,0.0,0.0,0.0
2005,NLCS,burkech01,HOU,NL,6,20,5,6,0,1,1,3,0,0.0,1,3.0,0.0,0.0,1.0,0.0,0.0
2005,NLCS,carpech01,SLN,NL,2,4,0,0,0,0,0,1,0,0.0,0,1.0,0.0,0.0,2.0,0.0,0.0
2005,NLCS,clemero02,HOU,NL,1,2,0,1,0,0,0,0,0,0.0,0,1.0,0.0,0.0,0.0,0.0,0.0
2005,NLCS,eckstda01,SLN,NL,6,20,5,4,0,0,0,2,1,1.0,3,2.0,0.0,2.0,0.0,1.0,0.0
2005,NLCS,edmonji01,SLN,NL,6,19,2,4,1,0,0,0,1,0.0,5,5.0,0.0,0.0,0.0,0.0,1.0
2005,NLCS,ensbemo01,HOU,NL,6,21,1,5,1,0,0,2,0,0.0,2,2.0,0.0,0.0,0.0,1.0,1.0
2005,NLCS,everead01,HOU,NL,6,23,2,7,1,1,0,2,0,0.0,0,4.0,0.0,0.0,1.0,0.0,0.0
2005,NLCS,florera01,SLN,NL,2,0,0,0,0,0,0,0,0,0.0,0,0.0,0.0,0.0,0.0,0.0,0.0
2005,NLCS,gallomi01,HOU,NL,2,0,0,0,0,0,0,0,0,0.0,0,0.0,0.0,0.0,0.0,0.0,0.0
2005,NLCS,grudzma01,SLN,NL,6,22,2,5,0,0,0,2,0,0.0,0,3.0,0.0,1.0,0.0,0.0,0.0
2005,NLCS,isrinja01,SLN,NL,3,0,0,0,0,0,0,0,0,0.0,0,0.0,0.0,0.0,0.0,0.0,0.0
2005,NLCS,lambmi01,HOU,NL,4,16,3,3,1,0,1,2,0,0.0,0,3.0,0.0,0.0,0.0,0.0,0.0
2005,NLCS,laneja01,HOU,NL,6,21,3,5,0,0,2,3,0,0.0,2,4.0,0.0,1.0,0.0,0.0,0.0
2005,NLCS,lidgebr01,HOU,NL,4,0,0,0,0,0,0,0,0,0.0,0,0.0,0.0,0.0,0.0,0.0,0.0
2005,NLCS,lunahe01,SLN,NL,2,4,0,0,0,0,0,0,0,0.0,0,2.0,0.0,0.0,0.0,0.0,0.0
2005,NLCS,mabryjo01,SLN,NL,5,8,0,1,1,0,0,1,0,0.0,0,3.0,0.0,0.0,0.0,0.0,1.0
2005,NLCS,marquja01,SLN,NL,3,1,0,0,0,0,0,0,0,0.0,0,0.0,0.0,0.0,0.0,0.0,0.0
2005,NLCS,molinya01,SLN,NL,6,22,1,7,3,0,0,0,0,0.0,0,2.0,0.0,0.0,0.0,0.0,1.0
2005,NLCS,morrima01,SLN,NL,1,1,0,0,0,0,0,0,0,0.0,0,0.0,0.0,0.0,1.0,0.0,0.0
2005,NLCS,muldema01,SLN,NL,2,3,0,0,0,0,0,0,0,0.0,0,3.0,0.0,0.0,0.0,0.0,0.0
2005,NLCS,nunezab01,SLN,NL,4,13,1,5,0,0,0,0,0,0.0,0,1.0,0.0,0.0,0.0,0.0,0.0
2005,NLCS,oswalro01,HOU,NL,2,3,0,1,0,0,0,0,0,0.0,1,1.0,0.0,0.0,2.0,0.0,0.0
2005,NLCS,palmeor01,HOU,NL,4,3,0,1,0,0,0,0,0,0.0,1,0.0,0.0,0.0,0.0,0.0,0.0
2005,NLCS,pettian01,HOU,NL,2,2,0,0,0,0,0,0,0,0.0,0,0.0,0.0,0.0,2.0,0.0,0.0
2005,NLCS,pujolal01,SLN,NL,6,23,3,7,0,0,2,6,0,0.0,1,3.0,0.0,0.0,0.0,1.0,0.0
2005,NLCS,quallch01,HOU,NL,4,0,0,0,0,0,0,0,0,0.0,0,0.0,0.0,0.0,0.0,0.0,0.0
2005,NLCS,rodrijo03,SLN,NL,5,2,1,0,0,0,0,1,0,0.0,2,1.0,0.0,0.0,0.0,1.0,0.0
2005,NLCS,sandere02,SLN,NL,5,18,1,3,0,0,1,2,1,0.0,1,8.0,0.0,0.0,0.0,0.0,1.0
2005,NLCS,sprinru01,HOU,NL,1,0,0,0,0,0,0,0,0,0.0,0,0.0,0.0,0.0,0.0,0.0,0.0
2005,NLCS,suppaje01,SLN,NL,1,2,0,0,0,0,0,0,0,0.0,0,1.0,0.0,0.0,0.0,0.0,0.0
2005,NLCS,tagucso01,SLN,NL,6,6,0,0,0,0,0,0,0,0.0,0,3.0,0.0,0.0,0.0,0.0,0.0
2005,NLCS,tavarju01,SLN,NL,3,0,0,0,0,0,0,0,0,0.0,0,0.0,0.0,0.0,0.0,0.0,0.0
2005,NLCS,taverwi01,HOU,NL,6,14,1,5,0,0,0,0,0,1.0,1,1.0,0.0,0.0,1.0,0.0,0.0
2005,NLCS,thompbr01,SLN,NL,2,0,0,0,0,0,0,0,0,0.0,0,0.0,0.0,0.0,0.0,0.0,0.0
2005,NLCS,vizcajo01,HOU,NL,2,2,0,0,0,0,0,0,0,0.0,0,0.0,0.0,0.0,0.0,0.0,0.0
2005,NLCS,walkela01,SLN,NL,6,19,0,3,1,0,0,1,0,0.0,4,4.0,0.0,0.0,0.0,1.0,0.0
2005,NLCS,wheelda01,HOU,NL,3,0,0,0,0,0,0,0,0,0.0,0,0.0,0.0,0.0,0.0,0.0,0.0
2005,NLDS1,astacpe01,SDN,NL,1,1,0,0,0,0,0,0,0,0.0,0,0.0,0.0,0.0,0.0,0.0,0.0
2005,NLDS1,burrose01,SDN,NL,2,1,0,0,0,0,0,0,0,0.0,0,0.0,0.0,0.0,0.0,0.0,0.0
2005,NLDS1,carpech01,SLN,NL,1,3,0,0,0,0,0,0,0,0.0,0,1.0,0.0,0.0,0.0,0.0,0.0
2005,NLDS1,eckstda01,SLN,NL,3,13,3,5,0,0,1,4,0,0.0,1,1.0,0.0,0.0,1.0,0.0,0.0
2005,NLDS1,edmonji01,SLN,NL,3,11,5,4,2,0,1,1,0,0.0,2,2.0,0.0,0.0,0.0,0.0,0.0
2005,NLDS1,eldreca01,SLN,NL,1,0,0,0,0,0,0,0,0,0.0,0,0.0,0.0,0.0,0.0,0.0,0.0
2005,NLDS1,fickro01,SDN,NL,2,5,0,1,0,0,0,0,0,0.0,1,0.0,0.0,0.0,0.0,0.0,0.0
2005,NLDS1,florera01,SLN,NL,3,0,0,0,0,0,0,0,0,0.0,0,0.0,0.0,0.0,0.0,0.0,0.0
2005,NLDS1,galljo01,SLN,NL,1,1,0,0,0,0,0,0,0,0.0,0,0.0,0.0,0.0,0.0,0.0,0.0
2005,NLDS1,gilesbr02,SDN,NL,3,13,0,3,0,0,0,1,1,0.0,1,2.0,0.0,0.0,0.0,0.0,1.0
2005,NLDS1,greenkh01,SDN,NL,3,10,2,4,2,0,0,1,0,0.0,1,2.0,0.0,0.0,0.0,1.0,0.0
2005,NLDS1,grudzma01,SLN,NL,3,13,2,2,0,0,0,0,0,0.0,0,1.0,0.0,0.0,0.0,0.0,1.0
2005,NLDS1,henslcl01,SDN,NL,3,0,0,0,0,0,0,0,0,0.0,0,0.0,0.0,0.0,0.0,0.0,0.0
2005,NLDS1,hernara02,SDN,NL,3,11,2,5,0,0,1,1,0,0.0,2,1.0,0.0,0.0,0.0,0.0,1.0
2005,NLDS1,hoffmtr01,SDN,NL,1,0,0,0,0,0,0,0,0,0.0,0,0.0,0.0,0.0,0.0,0.0,0.0
2005,NLDS1,isrinja01,SLN,NL,3,0,0,0,0,0,0,0,0,0.0,0,0.0,0.0,0.0,0.0,0.0,0.0
2005,NLDS1,jacksda04,SDN,NL,3,3,1,2,0,0,0,0,1,0.0,0,1.0,0.0,1.0,0.0,0.0,0.0
2005,NLDS1,johnsbe02,SDN,NL,2,2,0,0,0,0,0,0,0,0.0,0,2.0,0.0,0.0,0.0,0.0,0.0
2005,NLDS1,kleskry01,SDN,NL,3,10,1,2,0,0,0,0,0,0.0,2,4.0,0.0,0.0,0.0,0.0,0.0
2005,NLDS1,lawrebr02,SDN,NL,2,0,0,0,0,0,0,0,0,0.0,0,0.0,0.0,0.0,0.0,0.0,0.0
2005,NLDS1,linebsc01,SDN,NL,1,0,0,0,0,0,0,0,0,0.0,0,0.0,0.0,0.0,0.0,0.0,0.0
2005,NLDS1,loretma01,SDN,NL,3,15,0,4,0,0,0,2,0,0.0,0,0.0,0.0,0.0,0.0,0.0,1.0
2005,NLDS1,mabryjo01,SLN,NL,2,2,0,1,0,0,0,0,0,0.0,0,0.0,0.0,0.0,0.0,0.0,0.0
2005,NLDS1,molinya01,SLN,NL,3,13,1,3,0,0,0,3,0,0.0,0,1.0,0.0,0.0,0.0,0.0,0.0
2005,NLDS1,morrima01,SLN,NL,1,2,1,1,0,0,0,0,0,0.0,0,0.0,0.0,0.0,1.0,0.0,0.0
2005,NLDS1,muldema01,SLN,NL,1,1,0,0,0,0,0,0,0,0.0,1,1.0,0.0,0.0,1.0,0.0,0.0
2005,NLDS1,nadyxa01,SDN,NL,2,3,0,1,0,0,0,2,0,0.0,0,1.0,0.0,2.0,0.0,0.0,0.0
2005,NLDS1,nunezab01,SLN,NL,3,11,3,4,1,0,0,0,1,0.0,2,3.0,0.0,0.0,0.0,0.0,0.0
2005,NLDS1,olivomi01,SDN,NL,1,1,0,0,0,0,0,0,0,0.0,0,0.0,0.0,0.0,0.0,0.0,1.0
2005,NLDS1,otsukak01,SDN,NL,3,0,0,0,0,0,0,0,0,0.0,0,0.0,0.0,0.0,0.0,0.0,0.0
2005,NLDS1,peavyja01,SDN,NL,1,2,0,0,0,0,0,0,0,0.0,0,2.0,0.0,0.0,0.0,0.0,0.0
2005,NLDS1,pujolal01,SLN,NL,3,9,4,5,2,0,0,2,0,0.0,4,0.0,3.0,0.0,0.0,0.0,1.0
2005,NLDS1,randajo01,SDN,NL,3,11,1,4,1,0,0,0,0,0.0,1,0.0,0.0,0.0,0.0,0.0,2.0
2005,NLDS1,roberda07,SDN,NL,3,9,1,2,0,0,1,1,0,0.0,0,1.0,0.0,0.0,0.0,0.0,0.0
2005,NLDS1,rodrijo03,SLN,NL,1,1,0,0,0,0,0,0,0,0.0,0,0.0,0.0,0.0,0.0,0.0,0.0
2005,NLDS1,sandere02,SLN,NL,3,12,1,4,2,0,1,10,0,0.0,1,2.0,0.0,0.0,0.0,0.0,0.0
2005,NLDS1,seaneru01,SDN,NL,2,0,0,0,0,0,0,0,0,0.0,0,0.0,0.0,0.0,0.0,0.0,0.0
2005,NLDS1,sweenma01,SDN,NL,3,3,1,2,1,0,0,0,0,0.0,2,1.0,0.0,0.0,0.0,0.0,0.0
2005,NLDS1,tagucso01,SLN,NL,3,1,0,0,0,0,0,0,0,0.0,0,0.0,0.0,0.0,0.0,0.0,0.0
2005,NLDS1,tavarju01,SLN,NL,2,0,0,0,0,0,0,0,0,0.0,0,0.0,0.0,0.0,0.0,0.0,0.0
2005,NLDS1,thompbr01,SLN,NL,2,0,0,0,0,0,0,0,0,0.0,0,0.0,0.0,0.0,0.0,0.0,0.0
2005,NLDS1,walkela01,SLN,NL,3,9,1,0,0,0,0,0,0,0.0,2,5.0,1.0,1.0,0.0,0.0,0.0
2005,NLDS1,williwo02,SDN,NL,1,0,0,0,0,0,0,0,0,0.0,0,0.0,0.0,0.0,0.0,0.0,0.0
2005,NLDS1,younger01,SDN,NL,3,6,2,2,0,0,1,3,0,0.0,0,0.0,0.0,0.0,0.0,0.0,1.0
2005,NLDS2,ausmubr01,HOU,NL,4,18,3,4,1,0,1,1,0,0.0,2,4.0,1.0,0.0,0.0,0.0,2.0
2005,NLDS2,backebr01,HOU,NL,2,1,0,0,0,0,0,0,0,0.0,0,0.0,0.0,0.0,0.0,0.0,0.0
2005,NLDS2,bagweje01,HOU,NL,2,2,1,1,0,0,0,1,0,0.0,0,0.0,0.0,0.0,0.0,0.0,0.0
2005,NLDS2,berkmla01,HOU,NL,4,14,4,5,1,0,1,5,0,0.0,3,4.0,1.0,1.0,0.0,0.0,1.0
2005,NLDS2,betemwi01,ATL,NL,2,2,0,1,0,0,0,0,0,0.0,0,1.0,0.0,0.0,0.0,0.0,0.0
2005,NLDS2,biggicr01,HOU,NL,4,19,6,6,4,0,0,1,1,0.0,2,5.0,1.0,0.0,1.0,1.0,0.0
2005,NLDS2,broweji01,ATL,NL,3,0,0,0,0,0,0,0,0,0.0,0,0.0,0.0,0.0,0.0,0.0,0.0
2005,NLDS2,brunter01,HOU,NL,3,6,1,1,0,0,0,0,1,0.0,0,4.0,0.0,0.0,0.0,0.0,0.0
2005,NLDS2,burkech01,HOU,NL,3,3,1,2,1,0,1,1,0,0.0,1,0.0,0.0,0.0,0.0,0.0,0.0
2005,NLDS2,chavera01,HOU,NL,1,1,0,0,0,0,0,0,0,0.0,1,0.0,0.0,0.0,0.0,0.0,0.0
2005,NLDS2,clemero02,HOU,NL,2,3,0,0,0,0,0,0,0,0.0,0,2.0,0.0,0.0,1.0,0.0,0.0
2005,NLDS2,devinjo01,ATL,NL,3,0,0,0,0,0,0,0,0,0.0,0,0.0,0.0,0.0,0.0,0.0,0.0
2005,NLDS2,ensbemo01,HOU,NL,4,18,2,5,2,0,0,7,0,0.0,2,3.0,1.0,0.0,0.0,0.0,1.0
2005,NLDS2,estrajo01,ATL,NL,1,4,0,1,0,0,0,1,0,0.0,0,2.0,0.0,0.0,0.0,0.0,0.0
2005,NLDS2,everead01,HOU,NL,4,14,1,3,0,0,0,1,0,0.0,1,1.0,0.0,0.0,0.0,1.0,1.0
2005,NLDS2,farnsky01,ATL,NL,2,0,0,0,0,0,0,0,0,0.0,0,0.0,0.0,0.0,0.0,0.0,0.0
2005,NLDS2,fostejo01,ATL,NL,2,0,0,0,0,0,0,0,0,0.0,0,0.0,0.0,0.0,0.0,0.0,0.0
2005,NLDS2,francje02,ATL,NL,4,17,2,4,1,1,0,1,0,0.0,2,4.0,1.0,1.0,1.0,0.0,1.0
2005,NLDS2,francju01,ATL,NL,3,9,0,2,0,0,0,0,0,0.0,1,3.0,0.0,0.0,0.0,0.0,0.0
2005,NLDS2,furcara01,ATL,NL,4,20,1,3,0,0,0,0,3,0.0,3,2.0,0.0,0.0,1.0,0.0,1.0
2005,NLDS2,gallomi01,HOU,NL,3,0,0,0,0,0,0,0,0,0.0,0,0.0,0.0,0.0,0.0,0.0,0.0
2005,NLDS2,gilesma01,ATL,NL,4,20,5,4,1,0,0,0,0,0.0,2,5.0,0.0,1.0,0.0,0.0,0.0
2005,NLDS2,hudsoti01,ATL,NL,2,6,0,2,1,0,0,0,0,0.0,0,1.0,0.0,0.0,0.0,0.0,0.0
2005,NLDS2,johnske05,ATL,NL,4,2,0,0,0,0,0,0,0,0.0,1,0.0,0.0,0.0,0.0,0.0,0.0
2005,NLDS2,jonesan01,ATL,NL,4,17,5,8,3,0,1,5,0,0.0,2,3.0,0.0,1.0,0.0,1.0,1.0
2005,NLDS2,jonesch06,ATL,NL,4,17,3,3,2,0,1,2,0,0.0,4,4.0,0.0,0.0,0.0,0.0,1.0
2005,NLDS2,jordabr01,ATL,NL,3,5,0,1,1,0,0,0,0,0.0,0,0.0,0.0,0.0,0.0,0.0,1.0
2005,NLDS2,lambmi01,HOU,NL,2,6,1,3,0,0,1,1,0,0.0,2,0.0,2.0,0.0,0.0,0.0,0.0
2005,NLDS2,laneja01,HOU,NL,4,17,1,4,1,0,0,3,0,0.0,1,3.0,1.0,1.0,0.0,1.0,1.0
2005,NLDS2,langery01,ATL,NL,4,12,1,4,1,0,0,0,1,0.0,3,3.0,1.0,1.0,0.0,0.0,0.0
2005,NLDS2,larocad01,ATL,NL,3,8,2,4,1,0,1,6,0,0.0,3,1.0,1.0,0.0,1.0,0.0,0.0
2005,NLDS2,lidgebr01,HOU,NL,3,0,0,0,0,0,0,0,0,0.0,0,0.0,0.0,0.0,0.0,0.0,0.0
2005,NLDS2,mcbrima01,ATL,NL,1,0,0,0,0,0,0,0,0,0.0,0,0.0,0.0,0.0,0.0,0.0,0.0
2005,NLDS2,mccanbr01,ATL,NL,3,16,2,3,0,0,2,5,0,0.0,0,6.0,0.0,0.0,0.0,0.0,0.0
2005,NLDS2,orrpe01,ATL,NL,3,2,0,0,0,0,0,0,0,0.0,0,0.0,0.0,0.0,0.0,0.0,0.0
2005,NLDS2,oswalro01,HOU,NL,1,3,0,0,0,0,0,0,0,0.0,0,0.0,0.0,0.0,0.0,0.0,1.0
2005,NLDS2,palmeor01,HOU,NL,4,7,0,1,0,0,0,3,0,0.0,2,0.0,1.0,1.0,0.0,1.0,0.0
2005,NLDS2,pettian01,HOU,NL,1,2,1,1,1,0,0,0,0,0.0,0,1.0,0.0,0.0,2.0,0.0,0.0
2005,NLDS2,quallch01,HOU,NL,2,0,0,0,0,0,0,0,0,0.0,0,0.0,0.0,0.0,0.0,0.0,0.0
2005,NLDS2,reitsch01,ATL,NL,4,0,0,0,0,0,0,0,0,0.0,0,0.0,0.0,0.0,0.0,0.0,0.0
2005,NLDS2,rodriwa01,HOU,NL,1,0,0,0,0,0,0,0,0,0.0,0,0.0,0.0,0.0,0.0,0.0,0.0
2005,NLDS2,scottlu01,HOU,NL,2,2,1,0,0,0,0,0,0,0.0,1,1.0,0.0,0.0,0.0,0.0,0.0
2005,NLDS2,smoltjo01,ATL,NL,1,2,0,0,0,0,0,0,0,0.0,0,0.0,0.0,0.0,1.0,0.0,1.0
2005,NLDS2,sosajo02,ATL,NL,1,2,0,1,0,0,0,1,0,0.0,0,1.0,0.0,0.0,0.0,0.0,0.0
2005,NLDS2,sprinru01,HOU,NL,2,0,0,0,0,0,0,0,0,0.0,0,0.0,0.0,0.0,0.0,0.0,0.0
2005,NLDS2,taverwi01,HOU,NL,4,14,2,5,1,0,0,0,0,0.0,1,1.0,0.0,0.0,1.0,0.0,0.0
2005,NLDS2,thomsjo01,ATL,NL,1,0,0,0,0,0,0,0,0,0.0,0,0.0,0.0,0.0,0.0,0.0,0.0
2005,NLDS2,vizcajo01,HOU,NL,2,5,0,0,0,0,0,0,0,0.0,0,1.0,0.0,0.0,0.0,0.0,0.0
2005,NLDS2,wheelda01,HOU,NL,3,0,0,0,0,0,0,0,0,0.0,0,0.0,0.0,0.0,0.0,0.0,0.0
2005,WS,astacez01,HOU,NL,1,0,0,0,0,0,0,0,0,0.0,0,0.0,0.0,0.0,0.0,0.0,0.0
2005,WS,ausmubr01,HOU,NL,4,16,1,4,1,0,0,0,0,0.0,1,3.0,0.0,1.0,1.0,0.0,1.0
2005,WS,backebr01,HOU,NL,1,2,0,0,0,0,0,0,0,0.0,0,1.0,0.0,0.0,0.0,0.0,0.0
2005,WS,bagweje01,HOU,NL,4,8,1,1,0,0,0,0,0,0.0,0,1.0,0.0,2.0,0.0,0.0,0.0
2005,WS,berkmla01,HOU,NL,4,13,0,5,2,0,0,6,1,0.0,5,5.0,2.0,0.0,0.0,1.0,0.0
2005,WS,biggicr01,HOU,NL,4,18,3,4,1,0,0,1,0,0.0,1,4.0,0.0,0.0,0.0,0.0,0.0
2005,WS,blumge01,CHA,AL,1,1,1,1,0,0,1,1,0,0.0,0,0.0,0.0,0.0,0.0,0.0,0.0
2005,WS,brunter01,HOU,NL,2,0,0,0,0,0,0,0,0,0.0,0,0.0,0.0,0.0,0.0,0.0,0.0
2005,WS,buehrma01,CHA,AL,2,0,0,0,0,0,0,0,0,0.0,0,0.0,0.0,0.0,0.0,0.0,0.0
2005,WS,burkech01,HOU,NL,4,5,1,0,0,0,0,0,2,0.0,2,0.0,0.0,0.0,0.0,0.0,0.0
2005,WS,clemero02,HOU,NL,1,0,0,0,0,0,0,0,0,0.0,0,0.0,0.0,0.0,0.0,0.0,0.0
2005,WS,contrjo01,CHA,AL,1,0,0,0,0,0,0,0,0,0.0,0,0.0,0.0,0.0,0.0,0.0,0.0
2005,WS,cottsne01,CHA,AL,4,0,0,0,0,0,0,0,0,0.0,0,0.0,0.0,0.0,0.0,0.0,0.0
2005,WS,credejo01,CHA,AL,4,17,2,5,1,0,2,3,0,0.0,1,2.0,0.0,1.0,0.0,0.0,0.0
2005,WS,dyeje01,CHA,AL,4,16,3,7,1,0,1,3,0,0.0,2,2.0,0.0,1.0,0.0,0.0,1.0
2005,WS,ensbemo01,HOU,NL,4,18,2,2,0,0,1,2,0,0.0,1,7.0,0.0,0.0,0.0,0.0,1.0
2005,WS,everead01,HOU,NL,4,15,2,1,0,0,0,0,0,1.0,1,4.0,0.0,0.0,1.0,0.0,1.0
2005,WS,evereca01,CHA,AL,4,9,1,4,0,0,0,0,0,1.0,0,2.0,0.0,0.0,1.0,0.0,0.0
2005,WS,gallomi01,HOU,NL,2,0,0,0,0,0,0,0,0,0.0,0,0.0,0.0,0.0,0.0,0.0,0.0
2005,WS,garcifr02,CHA,AL,1,2,0,0,0,0,0,0,0,0.0,0,0.0,0.0,0.0,0.0,0.0,0.0
2005,WS,garlajo01,CHA,AL,1,3,0,0,0,0,0,0,0,0.0,0,2.0,0.0,0.0,0.0,0.0,0.0
2005,WS,harriwi01,CHA,AL,2,1,1,1,0,0,0,0,1,0.0,0,0.0,0.0,0.0,0.0,0.0,0.0
2005,WS,hermadu01,CHA,AL,1,0,0,0,0,0,0,0,0,0.0,0,0.0,0.0,0.0,0.0,0.0,0.0
2005,WS,hernaor01,CHA,AL,1,0,0,0,0,0,0,0,0,0.0,0,0.0,0.0,0.0,0.0,0.0,0.0
2005,WS,iguchta01,CHA,AL,4,18,2,3,0,0,0,1,0,0.0,1,3.0,0.0,0.0,0.0,0.0,1.0
2005,WS,jenksbo01,CHA,AL,4,0,0,0,0,0,0,0,0,0.0,0,0.0,0.0,0.0,0.0,0.0,0.0
2005,WS,konerpa01,CHA,AL,4,16,1,4,1,0,1,4,0,0.0,2,3.0,1.0,1.0,0.0,0.0,1.0
2005,WS,lambmi01,HOU,NL,4,10,1,2,1,0,1,1,0,0.0,2,3.0,1.0,0.0,0.0,0.0,0.0
2005,WS,laneja01,HOU,NL,4,18,1,4,1,0,1,2,1,0.0,1,5.0,0.0,0.0,0.0,0.0,1.0
2005,WS,lidgebr01,HOU,NL,3,0,0,0,0,0,0,0,0,0.0,0,0.0,0.0,0.0,0.0,0.0,0.0
2005,WS,marteda01,CHA,AL,1,0,0,0,0,0,0,0,0,0.0,0,0.0,0.0,0.0,0.0,0.0,0.0
2005,WS,oswalro01,HOU,NL,1,1,0,0,0,0,0,0,0,0.0,0,0.0,0.0,0.0,1.0,0.0,0.0
2005,WS,palmeor01,HOU,NL,2,2,0,0,0,0,0,0,0,0.0,2,0.0,0.0,0.0,0.0,0.0,0.0
2005,WS,perezti01,CHA,AL,1,1,0,0,0,0,0,0,0,0.0,0,0.0,0.0,0.0,0.0,0.0,0.0
2005,WS,pettian01,HOU,NL,1,0,0,0,0,0,0,0,0,0.0,0,0.0,0.0,0.0,0.0,0.0,0.0
2005,WS,pierzaj01,CHA,AL,4,15,3,4,2,0,0,3,1,0.0,2,2.0,0.0,0.0,0.0,0.0,1.0
2005,WS,podsesc01,CHA,AL,4,21,2,6,0,2,1,2,2,0.0,0,4.0,0.0,0.0,1.0,0.0,1.0
2005,WS,politcl01,CHA,AL,3,0,0,0,0,0,0,0,0,0.0,0,0.0,0.0,0.0,0.0,0.0,0.0
2005,WS,quallch01,HOU,NL,3,0,0,0,0,0,0,0,0,0.0,0,0.0,0.0,0.0,0.0,0.0,0.0
2005,WS,rodriwa01,HOU,NL,2,0,0,0,0,0,0,0,0,0.0,0,0.0,0.0,0.0,0.0,0.0,0.0
2005,WS,rowanaa01,CHA,AL,4,17,2,5,1,0,0,0,0,0.0,2,6.0,1.0,0.0,0.0,0.0,0.0
2005,WS,sprinru01,HOU,NL,2,0,0,0,0,0,0,0,0,0.0,0,0.0,0.0,0.0,0.0,0.0,0.0
2005,WS,taverwi01,HOU,NL,4,15,2,5,2,1,0,0,1,0.0,0,3.0,0.0,2.0,2.0,0.0,0.0
2005,WS,uribeju01,CHA,AL,4,16,2,4,3,0,0,2,1,0.0,3,3.0,0.0,0.0,0.0,0.0,0.0
2005,WS,vizcajo01,HOU,NL,3,2,0,1,0,0,0,2,0,0.0,1,0.0,0.0,0.0,0.0,0.0,0.0
2005,WS,vizcalu01,CHA,AL,1,0,0,0,0,0,0,0,0,0.0,0,0.0,0.0,0.0,0.0,0.0,0.0
2005,WS,wheelda01,HOU,NL,2,0,0,0,0,0,0,0,0,0.0,0,0.0,0.0,0.0,0.0,0.0,0.0
2005,WS,widgech01,CHA,AL,1,1,0,0,0,0,0,1,0,0.0,2,1.0,0.0,0.0,0.0,0.0,0.0
2006,ALCS,blantjo01,OAK,AL,1,0,0,0,0,0,0,0,0,0.0,0,0.0,0.0,0.0,0.0,0.0,0.0
2006,ALCS,bondeje01,DET,AL,1,0,0,0,0,0,0,0,0,0.0,0,0.0,0.0,0.0,0.0,0.0,0.0
2006,ALCS,bradlmi01,OAK,AL,4,18,4,9,2,0,2,5,0,0.0,0,2.0,0.0,0.0,0.0,0.0,1.0
2006,ALCS,calerki01,OAK,AL,3,0,0,0,0,0,0,0,0,0.0,0,0.0,0.0,0.0,0.0,0.0,0.0
2006,ALCS,caseyse01,DET,AL,1,3,0,1,0,0,0,0,0,0.0,1,0.0,0.0,0.0,0.0,0.0,0.0
2006,ALCS,chaveer01,OAK,AL,4,13,1,3,1,0,1,2,0,0.0,2,4.0,0.0,0.0,0.0,0.0,0.0
2006,ALCS,gaudich01,OAK,AL,3,0,0,0,0,0,0,0,0,0.0,0,0.0,0.0,0.0,0.0,0.0,0.0
2006,ALCS,gomezal01,DET,AL,3,9,1,4,0,0,1,4,0,0.0,0,2.0,0.0,0.0,0.0,0.0,0.0
2006,ALCS,grandcu01,DET,AL,4,15,4,5,2,0,1,2,1,0.0,4,2.0,0.0,0.0,0.0,0.0,0.0
2006,ALCS,grillja01,DET,AL,2,0,0,0,0,0,0,0,0,0.0,0,0.0,0.0,0.0,0.0,0.0,0.0
2006,ALCS,guillca01,DET,AL,4,16,1,3,1,0,0,0,0,0.0,1,4.0,0.0,0.0,0.0,0.0,2.0
2006,ALCS,harderi01,OAK,AL,1,0,0,0,0,0,0,0,0,0.0,0,0.0,0.0,0.0,0.0,0.0,0.0
2006,ALCS,harenda01,OAK,AL,1,0,0,0,0,0,0,0,0,0.0,0,0.0,0.0,0.0,0.0,0.0,0.0
2006,ALCS,infanom01,DET,AL,1,2,0,1,0,0,0,0,1,0.0,1,1.0,0.0,0.0,0.0,0.0,0.0
2006,ALCS,ingebr01,DET,AL,4,12,3,4,1,0,1,3,0,0.0,3,3.0,1.0,0.0,0.0,1.0,0.0
2006,ALCS,jimenda01,OAK,AL,4,12,0,2,0,0,0,0,0,0.0,0,2.0,0.0,0.0,0.0,0.0,1.0
2006,ALCS,jonesto02,DET,AL,3,0,0,0,0,0,0,0,0,0.0,0,0.0,0.0,0.0,0.0,0.0,0.0
2006,ALCS,kendaja01,OAK,AL,4,17,0,5,0,0,0,0,0,0.0,2,2.0,0.0,0.0,0.0,0.0,0.0
2006,ALCS,kennejo04,OAK,AL,4,0,0,0,0,0,0,0,0,0.0,0,0.0,0.0,0.0,0.0,0.0,0.0
2006,ALCS,kieltbo01,OAK,AL,2,2,0,0,0,0,0,0,0,0.0,0,0.0,0.0,0.0,0.0,0.0,1.0
2006,ALCS,kigerma01,OAK,AL,2,0,0,0,0,0,0,0,0,0.0,0,0.0,0.0,0.0,0.0,0.0,0.0
2006,ALCS,kotsama01,OAK,AL,4,16,3,4,2,0,0,0,0,0.0,2,3.0,0.0,0.0,0.0,0.0,2.0
2006,ALCS,ledezwi01,DET,AL,2,0,0,0,0,0,0,0,0,0.0,0,0.0,0.0,0.0,0.0,0.0,0.0
2006,ALCS,loaizes01,OAK,AL,1,0,0,0,0,0,0,0,0,0.0,0,0.0,0.0,0.0,0.0,0.0,0.0
2006,ALCS,melhuad01,OAK,AL,1,1,0,0,0,0,0,0,0,0.0,0,1.0,0.0,0.0,0.0,0.0,0.0
2006,ALCS,monrocr01,DET,AL,4,14,5,6,2,0,1,4,0,0.0,3,4.0,0.0,0.0,0.0,1.0,0.0
2006,ALCS,ordonma01,DET,AL,4,17,3,4,0,0,2,6,0,0.0,2,2.0,0.0,0.0,0.0,0.0,1.0
2006,ALCS,paytoja01,OAK,AL,4,14,1,4,2,0,1,2,0,0.0,1,2.0,0.0,0.0,0.0,0.0,0.0
2006,ALCS,perezne01,DET,AL,1,4,0,0,0,0,0,0,0,0.0,0,1.0,0.0,0.0,1.0,0.0,0.0
2006,ALCS,polanpl01,DET,AL,4,17,2,9,1,0,0,2,0,0.0,2,1.0,1.0,0.0,0.0,0.0,0.0
2006,ALCS,roberna01,DET,AL,1,0,0,0,0,0,0,0,0,0.0,0,0.0,0.0,0.0,0.0,0.0,0.0
2006,ALCS,rodnefe01,DET,AL,3,0,0,0,0,0,0,0,0,0.0,0,0.0,0.0,0.0,0.0,0.0,0.0
2006,ALCS,rodriiv01,DET,AL,4,16,2,2,0,0,1,1,0,0.0,1,4.0,0.0,0.0,0.0,0.0,0.0
2006,ALCS,rogerke01,DET,AL,1,0,0,0,0,0,0,0,0,0.0,0,0.0,0.0,0.0,0.0,0.0,0.0
2006,ALCS,santira01,DET,AL,3,7,0,0,0,0,0,0,0,0.0,1,0.0,0.0,0.0,0.0,0.0,0.0
2006,ALCS,scutama01,OAK,AL,4,15,0,1,0,0,0,0,0,0.0,0,3.0,0.0,0.0,0.0,0.0,1.0
2006,ALCS,streehu01,OAK,AL,2,0,0,0,0,0,0,0,0,0.0,0,0.0,0.0,0.0,0.0,0.0,0.0
2006,ALCS,swishni01,OAK,AL,4,10,0,1,0,0,0,0,0,0.0,5,5.0,0.0,0.0,0.0,0.0,0.0
2006,ALCS,thamema01,DET,AL,2,5,1,0,0,0,0,0,0,0.0,0,1.0,0.0,0.0,0.0,0.0,0.0
2006,ALCS,thomafr04,OAK,AL,4,13,0,0,0,0,0,0,0,0.0,2,4.0,0.0,1.0,0.0,0.0,1.0
2006,ALCS,verlaju01,DET,AL,1,0,0,0,0,0,0,0,0,0.0,0,0.0,0.0,0.0,0.0,0.0,0.0
2006,ALCS,walkeja01,DET,AL,1,0,0,0,0,0,0,0,0,0.0,0,0.0,0.0,0.0,0.0,0.0,0.0
2006,ALCS,zitoba01,OAK,AL,1,0,0,0,0,0,0,0,0,0.0,0,0.0,0.0,0.0,0.0,0.0,0.0
2006,ALCS,zumayjo01,DET,AL,1,0,0,0,0,0,0,0,0,0.0,0,0.0,0.0,0.0,0.0,0.0,0.0
2006,ALDS1,abreubo01,NYA,AL,4,15,2,5,1,0,0,4,0,0.0,2,2.0,0.0,0.0,0.0,0.0,0.0
2006,ALDS1,bondeje01,DET,AL,1,0,0,0,0,0,0,0,0,0.0,0,0.0,0.0,0.0,0.0,0.0,0.0
2006,ALDS1,brunebr01,NYA,AL,3,0,0,0,0,0,0,0,0,0.0,0,0.0,0.0,0.0,0.0,0.0,0.0
2006,ALDS1,cabreme01,NYA,AL,2,3,0,0,0,0,0,0,0,0.0,0,0.0,0.0,0.0,0.0,0.0,0.0
2006,ALDS1,canoro01,NYA,AL,4,15,0,2,0,0,0,0,0,0.0,0,1.0,0.0,0.0,0.0,0.0,1.0
2006,ALDS1,caseyse01,DET,AL,4,17,1,6,3,0,0,4,0,0.0,0,0.0,0.0,0.0,0.0,0.0,0.0
2006,ALDS1,damonjo01,NYA,AL,4,17,3,4,0,0,1,3,0,0.0,1,2.0,0.0,0.0,0.0,0.0,0.0
2006,ALDS1,farnsky01,NYA,AL,2,0,0,0,0,0,0,0,0,0.0,0,0.0,0.0,0.0,0.0,0.0,0.0
2006,ALDS1,giambja01,NYA,AL,3,8,1,1,0,0,1,2,1,0.0,2,3.0,0.0,2.0,0.0,0.0,0.0
2006,ALDS1,grandcu01,DET,AL,4,17,3,5,0,1,2,5,1,0.0,0,1.0,0.0,0.0,0.0,1.0,0.0
2006,ALDS1,grillja01,DET,AL,1,0,0,0,0,0,0,0,0,0.0,0,0.0,0.0,0.0,0.0,0.0,0.0
2006,ALDS1,guillca01,DET,AL,4,14,3,8,3,0,1,2,0,0.0,2,1.0,0.0,0.0,0.0,0.0,0.0
2006,ALDS1,ingebr01,DET,AL,4,15,1,2,0,0,0,0,0,0.0,0,6.0,0.0,0.0,1.0,0.0,0.0
2006,ALDS1,jeterde01,NYA,AL,4,16,4,8,4,0,1,1,0,1.0,1,2.0,0.0,0.0,0.0,0.0,1.0
2006,ALDS1,johnsra05,NYA,AL,1,0,0,0,0,0,0,0,0,0.0,0,0.0,0.0,0.0,0.0,0.0,0.0
2006,ALDS1,jonesto02,DET,AL,2,0,0,0,0,0,0,0,0,0.0,0,0.0,0.0,0.0,0.0,0.0,0.0
2006,ALDS1,lidleco01,NYA,AL,1,0,0,0,0,0,0,0,0,0.0,0,0.0,0.0,0.0,0.0,0.0,0.0
2006,ALDS1,matsuhi01,NYA,AL,4,16,1,4,1,0,0,1,0,0.0,0,2.0,0.0,0.0,0.0,0.0,0.0
2006,ALDS1,monrocr01,DET,AL,4,16,3,3,1,0,2,3,0,0.0,0,3.0,0.0,0.0,0.0,0.0,0.0
2006,ALDS1,mussimi01,NYA,AL,1,0,0,0,0,0,0,0,0,0.0,0,0.0,0.0,0.0,0.0,0.0,0.0
2006,ALDS1,myersmi01,NYA,AL,1,0,0,0,0,0,0,0,0,0.0,0,0.0,0.0,0.0,0.0,0.0,0.0
2006,ALDS1,ordonma01,DET,AL,4,15,3,4,1,0,1,2,0,1.0,1,2.0,0.0,0.0,0.0,0.0,1.0
2006,ALDS1,phillan01,NYA,AL,1,1,0,0,0,0,0,0,0,0.0,0,0.0,0.0,0.0,0.0,0.0,0.0
2006,ALDS1,polanpl01,DET,AL,4,17,3,7,1,0,0,2,0,1.0,1,1.0,0.0,0.0,0.0,0.0,2.0
2006,ALDS1,posadjo01,NYA,AL,4,14,2,7,1,0,1,2,0,0.0,2,2.0,0.0,0.0,0.0,0.0,0.0
2006,ALDS1,proctsc01,NYA,AL,3,0,0,0,0,0,0,0,0,0.0,0,0.0,0.0,0.0,0.0,0.0,0.0
2006,ALDS1,riverma01,NYA,AL,1,0,0,0,0,0,0,0,0,0.0,0,0.0,0.0,0.0,0.0,0.0,0.0
2006,ALDS1,roberna01,DET,AL,1,0,0,0,0,0,0,0,0,0.0,0,0.0,0.0,0.0,0.0,0.0,0.0
2006,ALDS1,rodrial01,NYA,AL,4,14,0,1,0,0,0,0,0,0.0,0,4.0,0.0,1.0,0.0,0.0,0.0
2006,ALDS1,rodriiv01,DET,AL,4,13,3,3,1,0,0,3,0,0.0,2,3.0,0.0,0.0,0.0,1.0,0.0
2006,ALDS1,rogerke01,DET,AL,1,0,0,0,0,0,0,0,0,0.0,0,0.0,0.0,0.0,0.0,0.0,0.0
2006,ALDS1,sheffga01,NYA,AL,3,12,1,1,0,0,0,1,0,0.0,0,4.0,0.0,0.0,0.0,0.0,1.0
2006,ALDS1,thamema01,DET,AL,4,15,2,5,2,0,0,1,0,0.0,1,5.0,0.0,0.0,0.0,0.0,0.0
2006,ALDS1,verlaju01,DET,AL,1,0,0,0,0,0,0,0,0,0.0,0,0.0,0.0,0.0,0.0,0.0,0.0
2006,ALDS1,villoro01,NYA,AL,1,0,0,0,0,0,0,0,0,0.0,0,0.0,0.0,0.0,0.0,0.0,0.0
2006,ALDS1,walkeja01,DET,AL,3,0,0,0,0,0,0,0,0,0.0,0,0.0,0.0,0.0,0.0,0.0,0.0
2006,ALDS1,wangch01,NYA,AL,1,0,0,0,0,0,0,0,0,0.0,0,0.0,0.0,0.0,0.0,0.0,0.0
2006,ALDS1,willibe02,NYA,AL,1,3,0,0,0,0,0,0,0,0.0,0,2.0,0.0,0.0,0.0,0.0,0.0
2006,ALDS1,wrighja02,NYA,AL,1,0,0,0,0,0,0,0,0,0.0,0,0.0,0.0,0.0,0.0,0.0,0.0
2006,ALDS1,zumayjo01,DET,AL,2,0,0,0,0,0,0,0,0,0.0,0,0.0,0.0,0.0,0.0,0.0,0.0
2006,ALDS2,bartlja01,MIN,AL,3,11,0,3,1,0,0,0,0,0.0,0,2.0,0.0,0.0,0.0,0.0,0.0
2006,ALDS2,bonsebo01,MIN,AL,1,0,0,0,0,0,0,0,0,0.0,0,0.0,0.0,0.0,0.0,0.0,0.0
2006,ALDS2,bradlmi01,OAK,AL,3,13,1,1,0,0,1,2,0,0.0,0,1.0,0.0,0.0,0.0,0.0,1.0
2006,ALDS2,calerki01,OAK,AL,1,0,0,0,0,0,0,0,0,0.0,0,0.0,0.0,0.0,0.0,0.0,0.0
2006,ALDS2,castilu01,MIN,AL,3,11,0,3,0,0,0,0,0,1.0,3,3.0,0.0,0.0,0.0,0.0,0.0
2006,ALDS2,chaveer01,OAK,AL,3,10,2,2,1,0,1,1,0,0.0,2,4.0,0.0,0.0,0.0,0.0,0.0
2006,ALDS2,crainje01,MIN,AL,2,0,0,0,0,0,0,0,0,0.0,0,0.0,0.0,0.0,0.0,0.0,0.0
2006,ALDS2,cuddymi01,MIN,AL,3,12,2,3,0,1,1,1,0,0.0,0,2.0,0.0,0.0,0.0,0.0,1.0
2006,ALDS2,duchsju01,OAK,AL,2,0,0,0,0,0,0,0,0,0.0,0,0.0,0.0,0.0,0.0,0.0,0.0
2006,ALDS2,ellisma01,OAK,AL,2,7,0,2,0,0,0,0,0,0.0,0,2.0,0.0,0.0,0.0,0.0,0.0
2006,ALDS2,fordle01,MIN,AL,1,0,0,0,0,0,0,0,0,0.0,0,0.0,0.0,0.0,0.0,0.0,0.0
2006,ALDS2,guerrma02,MIN,AL,1,0,0,0,0,0,0,0,0,0.0,0,0.0,0.0,0.0,0.0,0.0,0.0
2006,ALDS2,harenda01,OAK,AL,1,0,0,0,0,0,0,0,0,0.0,0,0.0,0.0,0.0,0.0,0.0,0.0
2006,ALDS2,hunteto01,MIN,AL,3,11,1,3,1,0,1,2,0,0.0,0,1.0,0.0,0.0,1.0,0.0,0.0
2006,ALDS2,jimenda01,OAK,AL,2,4,0,0,0,0,0,0,0,0.0,0,1.0,0.0,0.0,0.0,0.0,0.0
2006,ALDS2,kendaja01,OAK,AL,3,14,1,3,1,0,0,1,0,0.0,0,4.0,0.0,0.0,0.0,0.0,0.0
2006,ALDS2,kotsama01,OAK,AL,3,14,2,2,0,0,1,2,0,0.0,0,2.0,0.0,0.0,0.0,0.0,1.0
2006,ALDS2,loaizes01,OAK,AL,1,0,0,0,0,0,0,0,0,0.0,0,0.0,0.0,0.0,0.0,0.0,0.0
2006,ALDS2,mauerjo01,MIN,AL,3,11,0,2,0,0,0,0,0,0.0,1,0.0,0.0,0.0,0.0,0.0,0.0
2006,ALDS2,morneju01,MIN,AL,3,12,3,5,1,0,2,2,0,0.0,0,0.0,0.0,0.0,0.0,0.0,0.0
2006,ALDS2,nathajo01,MIN,AL,1,0,0,0,0,0,0,0,0,0.0,0,0.0,0.0,0.0,0.0,0.0,0.0
2006,ALDS2,neshepa01,MIN,AL,2,0,0,0,0,0,0,0,0,0.0,0,0.0,0.0,0.0,0.0,0.0,0.0
2006,ALDS2,nevinph01,MIN,AL,1,3,0,0,0,0,0,0,0,0.0,0,0.0,0.0,0.0,0.0,0.0,0.0
2006,ALDS2,paytoja01,OAK,AL,3,12,3,4,0,0,0,0,0,0.0,0,1.0,0.0,0.0,0.0,0.0,0.0
2006,ALDS2,perkigl01,MIN,AL,1,0,0,0,0,0,0,0,0,0.0,0,0.0,0.0,0.0,0.0,0.0,0.0
2006,ALDS2,puntoni01,MIN,AL,3,12,0,2,0,0,0,0,0,0.0,0,1.0,0.0,0.0,1.0,0.0,0.0
2006,ALDS2,radkebr01,MIN,AL,1,0,0,0,0,0,0,0,0,0.0,0,0.0,0.0,0.0,0.0,0.0,0.0
2006,ALDS2,reyesde01,MIN,AL,2,0,0,0,0,0,0,0,0,0.0,0,0.0,0.0,0.0,0.0,0.0,0.0
2006,ALDS2,rincoju01,MIN,AL,2,0,0,0,0,0,0,0,0,0.0,0,0.0,0.0,0.0,0.0,0.0,0.0
2006,ALDS2,santajo01,MIN,AL,1,0,0,0,0,0,0,0,0,0.0,0,0.0,0.0,0.0,0.0,0.0,0.0
2006,ALDS2,scutama01,OAK,AL,3,12,1,4,4,0,0,6,0,0.0,0,1.0,0.0,0.0,0.0,0.0,0.0
2006,ALDS2,streehu01,OAK,AL,3,0,0,0,0,0,0,0,0,0.0,0,0.0,0.0,0.0,0.0,0.0,0.0
2006,ALDS2,swishni01,OAK,AL,3,10,3,3,2,0,0,1,0,0.0,2,2.0,0.0,0.0,0.0,0.0,0.0
2006,ALDS2,thomafr04,OAK,AL,3,10,3,5,1,0,2,2,0,0.0,2,1.0,1.0,0.0,0.0,0.0,0.0
2006,ALDS2,tynerja01,MIN,AL,2,6,0,0,0,0,0,0,1,0.0,2,2.0,0.0,0.0,0.0,0.0,1.0
2006,ALDS2,whitero02,MIN,AL,3,12,1,5,1,0,1,2,0,0.0,0,0.0,0.0,0.0,0.0,0.0,0.0
2006,ALDS2,zitoba01,OAK,AL,1,0,0,0,0,0,0,0,0,0.0,0,0.0,0.0,0.0,0.0,0.0,0.0
2006,NLCS,belliro01,SLN,NL,7,25,0,6,0,0,0,2,1,0.0,2,3.0,0.0,0.0,1.0,0.0,0.0
2006,NLCS,beltrca01,NYN,NL,7,27,8,8,1,0,3,4,1,0.0,4,3.0,0.0,0.0,0.0,0.0,1.0
2006,NLCS,bennega01,SLN,NL,2,1,0,0,0,0,0,0,0,0.0,0,1.0,0.0,0.0,0.0,0.0,0.0
2006,NLCS,bradfch01,NYN,NL,5,0,0,0,0,0,0,0,0,0.0,0,0.0,0.0,0.0,0.0,0.0,0.0
2006,NLCS,carpech01,SLN,NL,2,4,0,0,0,0,0,0,0,0.0,0,1.0,0.0,0.0,0.0,0.0,0.0
2006,NLCS,chaveen01,NYN,NL,7,27,1,5,2,0,0,0,0,0.0,0,1.0,0.0,0.0,0.0,0.0,0.0
2006,NLCS,delgaca01,NYN,NL,7,23,5,7,3,0,3,9,0,0.0,6,3.0,0.0,0.0,0.0,0.0,0.0
2006,NLCS,duncach01,SLN,NL,5,8,1,1,0,0,1,1,0,0.0,0,2.0,0.0,0.0,0.0,0.0,1.0
2006,NLCS,eckstda01,SLN,NL,7,26,3,6,1,0,1,1,3,0.0,4,0.0,0.0,2.0,0.0,0.0,0.0
2006,NLCS,edmonji01,SLN,NL,7,22,5,5,0,0,2,4,0,0.0,5,5.0,1.0,0.0,0.0,0.0,0.0
2006,NLCS,encarju01,SLN,NL,6,22,1,4,0,1,0,2,0,0.0,2,3.0,0.0,1.0,0.0,0.0,2.0
2006,NLCS,felicpe01,NYN,NL,3,0,0,0,0,0,0,0,0,0.0,0,0.0,0.0,0.0,0.0,0.0,0.0
2006,NLCS,florera01,SLN,NL,4,0,0,0,0,0,0,0,0,0.0,0,0.0,0.0,0.0,0.0,0.0,0.0
2006,NLCS,floydcl01,NYN,NL,3,3,0,0,0,0,0,0,0,0.0,0,1.0,0.0,0.0,0.0,0.0,0.0
2006,NLCS,francju01,NYN,NL,2,2,0,0,0,0,0,0,0,0.0,0,2.0,0.0,0.0,0.0,0.0,0.0
2006,NLCS,glavito02,NYN,NL,2,4,0,0,0,0,0,0,0,0.0,0,0.0,0.0,0.0,0.0,0.0,0.0
2006,NLCS,greensh01,NYN,NL,7,23,2,7,1,0,0,2,1,0.0,4,3.0,1.0,1.0,0.0,0.0,0.0
2006,NLCS,hancojo01,SLN,NL,2,0,0,0,0,0,0,0,0,0.0,0,0.0,0.0,0.0,0.0,0.0,0.0
2006,NLCS,heilmaa01,NYN,NL,3,0,0,0,0,0,0,0,0,0.0,0,0.0,0.0,0.0,0.0,0.0,0.0
2006,NLCS,hernaan01,NYN,NL,2,1,0,0,0,0,0,0,0,0.0,0,1.0,0.0,0.0,0.0,0.0,0.0
2006,NLCS,hernaro01,NYN,NL,3,0,0,0,0,0,0,0,0,0.0,0,0.0,0.0,0.0,0.0,0.0,0.0
2006,NLCS,johnsty01,SLN,NL,4,0,0,0,0,0,0,0,0,0.0,0,0.0,0.0,0.0,0.0,0.0,0.0
2006,NLCS,kinnejo01,SLN,NL,3,0,0,0,0,0,0,0,0,0.0,0,0.0,0.0,0.0,0.0,0.0,0.0
2006,NLCS,loducpa01,NYN,NL,7,29,3,6,1,0,0,3,0,0.0,2,2.0,0.0,0.0,1.0,0.0,0.0
2006,NLCS,loopebr01,SLN,NL,3,0,0,0,0,0,0,0,0,0.0,0,0.0,0.0,0.0,0.0,0.0,0.0
2006,NLCS,mainejo01,NYN,NL,2,2,0,0,0,0,0,0,0,0.0,0,2.0,0.0,0.0,1.0,0.0,0.0
2006,NLCS,milesaa01,SLN,NL,3,3,0,2,0,1,0,0,0,0.0,0,0.0,0.0,0.0,0.0,0.0,0.0
2006,NLCS,molinya01,SLN,NL,7,23,2,8,1,0,2,6,0,0.0,3,2.0,0.0,0.0,0.0,0.0,0.0
2006,NLCS,motagu01,NYN,NL,5,0,0,0,0,0,0,0,0,0.0,0,0.0,0.0,0.0,0.0,0.0,0.0
2006,NLCS,oliveda02,NYN,NL,1,2,0,0,0,0,0,0,0,0.0,0,2.0,0.0,0.0,0.0,0.0,0.0
2006,NLCS,perezol01,NYN,NL,2,5,0,0,0,0,0,0,0,0.0,1,3.0,0.0,0.0,0.0,0.0,0.0
2006,NLCS,pujolal01,SLN,NL,7,22,5,7,1,0,1,1,0,0.0,7,3.0,4.0,0.0,0.0,0.0,0.0
2006,NLCS,reyesan01,SLN,NL,1,1,0,0,0,0,0,0,0,0.0,0,0.0,0.0,0.0,0.0,0.0,0.0
2006,NLCS,reyesjo01,NYN,NL,7,32,5,9,1,1,1,2,2,0.0,1,3.0,0.0,0.0,0.0,0.0,0.0
2006,NLCS,rodrijo03,SLN,NL,4,4,0,0,0,0,0,0,0,0.0,0,1.0,0.0,0.0,0.0,0.0,1.0
2006,NLCS,rolensc01,SLN,NL,7,21,4,5,1,0,0,0,0,1.0,3,1.0,0.0,0.0,0.0,0.0,1.0
2006,NLCS,spiezsc01,SLN,NL,6,17,3,4,1,2,0,5,0,0.0,2,5.0,0.0,0.0,0.0,0.0,1.0
2006,NLCS,suppaje01,SLN,NL,2,3,1,1,0,0,1,1,0,0.0,0,1.0,0.0,0.0,3.0,0.0,0.0
2006,NLCS,tagucso01,SLN,NL,5,3,1,3,1,0,1,3,0,0.0,0,0.0,0.0,0.0,0.0,0.0,0.0
2006,NLCS,thompbr01,SLN,NL,2,0,0,0,0,0,0,0,0,0.0,0,0.0,0.0,0.0,0.0,0.0,0.0
2006,NLCS,trachst01,NYN,NL,1,0,0,0,0,0,0,0,0,0.0,0,0.0,0.0,0.0,0.0,0.0,0.0
2006,NLCS,tuckemi01,NYN,NL,6,5,1,2,0,0,0,0,1,0.0,0,1.0,0.0,1.0,0.0,0.0,0.0
2006,NLCS,valenjo03,NYN,NL,7,24,0,6,2,0,0,5,0,0.0,2,5.0,0.0,1.0,0.0,0.0,2.0
2006,NLCS,wagnebi02,NYN,NL,3,0,0,0,0,0,0,0,0,0.0,0,0.0,0.0,0.0,0.0,0.0,0.0
2006,NLCS,wainwad01,SLN,NL,3,0,0,0,0,0,0,0,0,0.0,0,0.0,0.0,0.0,0.0,0.0,0.0
2006,NLCS,weaveje01,SLN,NL,2,4,0,1,0,0,0,0,0,0.0,0,1.0,0.0,0.0,0.0,0.0,0.0
2006,NLCS,wilsopr01,SLN,NL,6,17,2,3,1,0,0,1,0,0.0,1,4.0,0.0,0.0,0.0,0.0,0.0
2006,NLCS,wrighda03,NYN,NL,7,25,2,4,1,0,1,2,0,0.0,4,4.0,1.0,0.0,0.0,0.0,0.0
2006,NLDS1,anderma02,LAN,NL,3,13,2,4,1,0,0,1,0,0.0,0,1.0,0.0,0.0,0.0,0.0,0.0
2006,NLDS1,beltrca01,NYN,NL,3,9,2,2,0,0,0,1,1,0.0,5,2.0,0.0,0.0,0.0,0.0,0.0
2006,NLDS1,betemwi01,LAN,NL,3,8,3,4,1,0,1,1,0,0.0,2,1.0,1.0,0.0,0.0,0.0,0.0
2006,NLDS1,billich01,LAN,NL,2,0,0,0,0,0,0,0,0,0.0,0,0.0,0.0,0.0,0.0,0.0,0.0
2006,NLDS1,bradfch01,NYN,NL,2,0,0,0,0,0,0,0,0,0.0,0,0.0,0.0,0.0,0.0,0.0,0.0
2006,NLDS1,broxtjo01,LAN,NL,2,0,0,0,0,0,0,0,0,0.0,0,0.0,0.0,0.0,0.0,0.0,0.0
2006,NLDS1,chaveen01,NYN,NL,3,8,1,3,0,0,0,0,0,0.0,0,0.0,0.0,0.0,0.0,0.0,1.0
2006,NLDS1,delgaca01,NYN,NL,3,14,3,6,0,0,1,2,0,0.0,0,3.0,0.0,0.0,0.0,0.0,0.0
2006,NLDS1,drewjd01,LAN,NL,3,13,1,2,0,0,0,0,0,0.0,0,3.0,0.0,0.0,0.0,0.0,0.0
2006,NLDS1,ethiean01,LAN,NL,2,1,0,0,0,0,0,0,0,0.0,0,0.0,0.0,0.0,0.0,0.0,0.0
2006,NLDS1,felicpe01,NYN,NL,3,0,0,0,0,0,0,0,0,0.0,0,0.0,0.0,0.0,0.0,0.0,0.0
2006,NLDS1,floydcl01,NYN,NL,3,9,3,4,0,0,1,2,0,0.0,1,2.0,1.0,0.0,0.0,0.0,0.0
2006,NLDS1,francju01,NYN,NL,2,2,0,0,0,0,0,1,0,0.0,0,1.0,0.0,0.0,0.0,0.0,0.0
2006,NLDS1,furcara01,LAN,NL,3,11,1,2,0,0,0,1,2,0.0,3,2.0,0.0,0.0,0.0,0.0,0.0
2006,NLDS1,garcino01,LAN,NL,3,9,0,2,1,0,0,2,0,0.0,0,1.0,0.0,0.0,0.0,0.0,0.0
2006,NLDS1,glavito02,NYN,NL,1,1,0,0,0,0,0,0,0,0.0,0,0.0,0.0,0.0,1.0,0.0,0.0
2006,NLDS1,greensh01,NYN,NL,2,9,1,3,2,0,0,2,0,0.0,0,2.0,0.0,0.0,0.0,0.0,1.0
2006,NLDS1,heilmaa01,NYN,NL,3,0,0,0,0,0,0,0,0,0.0,0,0.0,0.0,0.0,0.0,0.0,0.0
2006,NLDS1,hendrma01,LAN,NL,3,0,0,0,0,0,0,0,0,0.0,0,0.0,0.0,0.0,0.0,0.0,0.0
2006,NLDS1,kentje01,LAN,NL,3,13,2,8,1,0,1,2,0,0.0,0,1.0,0.0,0.0,0.0,0.0,0.0
2006,NLDS1,kuoho01,LAN,NL,1,2,0,0,0,0,0,0,0,0.0,0,1.0,0.0,0.0,0.0,0.0,0.0
2006,NLDS1,loducpa01,NYN,NL,3,11,2,5,1,0,0,3,0,0.0,1,1.0,0.0,1.0,0.0,1.0,0.0
2006,NLDS1,loftoke01,LAN,NL,3,13,0,1,0,0,0,0,0,0.0,0,4.0,0.0,0.0,0.0,0.0,0.0
2006,NLDS1,loneyja01,LAN,NL,1,4,0,3,0,0,0,3,0,0.0,1,0.0,0.0,0.0,0.0,0.0,1.0
2006,NLDS1,lowede01,LAN,NL,1,1,0,0,0,0,0,0,0,0.0,0,1.0,0.0,0.0,1.0,0.0,0.0
2006,NLDS1,lugoju01,LAN,NL,2,4,0,1,1,0,0,0,0,0.0,1,1.0,0.0,0.0,0.0,0.0,0.0
2006,NLDS1,maddugr01,LAN,NL,1,1,0,0,0,0,0,0,0,0.0,0,1.0,0.0,0.0,0.0,0.0,0.0
2006,NLDS1,mainejo01,NYN,NL,1,1,0,0,0,0,0,0,0,0.0,0,1.0,0.0,0.0,0.0,0.0,0.0
2006,NLDS1,martira03,LAN,NL,3,3,0,1,1,0,0,1,0,0.0,0,1.0,0.0,0.0,0.0,0.0,0.0
2006,NLDS1,martiru01,LAN,NL,3,12,2,4,0,0,0,0,0,0.0,1,2.0,0.0,0.0,0.0,0.0,0.0
2006,NLDS1,motagu01,NYN,NL,2,1,0,0,0,0,0,0,0,0.0,0,0.0,0.0,0.0,0.0,0.0,0.0
2006,NLDS1,oliveda02,NYN,NL,1,0,0,0,0,0,0,0,0,0.0,0,0.0,0.0,0.0,0.0,0.0,0.0
2006,NLDS1,pennybr01,LAN,NL,1,0,0,0,0,0,0,0,0,0.0,0,0.0,0.0,0.0,0.0,0.0,0.0
2006,NLDS1,repkoja01,LAN,NL,1,0,0,0,0,0,0,0,0,0.0,0,0.0,0.0,0.0,0.0,0.0,0.0
2006,NLDS1,reyesjo01,NYN,NL,3,12,2,2,0,0,0,3,1,1.0,2,2.0,1.0,0.0,0.0,0.0,0.0
2006,NLDS1,saenzol01,LAN,NL,2,2,0,0,0,0,0,0,0,0.0,0,1.0,0.0,0.0,0.0,0.0,0.0
2006,NLDS1,saitota01,LAN,NL,2,0,0,0,0,0,0,0,0,0.0,0,0.0,0.0,0.0,0.0,0.0,0.0
2006,NLDS1,tomkobr01,LAN,NL,2,0,0,0,0,0,0,0,0,0.0,0,0.0,0.0,0.0,0.0,0.0,0.0
2006,NLDS1,trachst01,NYN,NL,1,2,0,0,0,0,0,0,0,0.0,0,0.0,0.0,0.0,0.0,0.0,0.0
2006,NLDS1,tuckemi01,NYN,NL,2,1,1,0,0,0,0,0,0,0.0,1,0.0,0.0,0.0,0.0,0.0,0.0
2006,NLDS1,valenjo03,NYN,NL,3,9,2,0,0,0,0,0,0,0.0,2,4.0,1.0,1.0,1.0,0.0,0.0
2006,NLDS1,wagnebi02,NYN,NL,3,0,0,0,0,0,0,0,0,0.0,0,0.0,0.0,0.0,0.0,0.0,0.0
2006,NLDS1,woodwch01,NYN,NL,1,1,1,1,1,0,0,0,0,0.0,0,0.0,0.0,0.0,0.0,0.0,0.0
2006,NLDS1,wrighda03,NYN,NL,3,12,1,4,2,0,0,4,0,0.0,1,4.0,0.0,0.0,0.0,0.0,0.0
2006,NLDS2,bardjo01,SDN,NL,3,7,0,1,0,0,0,0,0,0.0,1,2.0,0.0,1.0,0.0,0.0,0.0
2006,NLDS2,barfijo02,SDN,NL,4,8,0,2,1,0,0,0,0,0.0,1,2.0,0.0,0.0,0.0,0.0,0.0
2006,NLDS2,bellhma01,SDN,NL,2,1,0,0,0,0,0,0,0,0.0,0,1.0,0.0,0.0,0.0,0.0,0.0
2006,NLDS2,belliro01,SLN,NL,4,13,2,6,1,0,0,2,1,0.0,1,0.0,1.0,1.0,0.0,0.0,1.0
2006,NLDS2,bennega01,SLN,NL,1,0,0,0,0,0,0,0,0,0.0,0,0.0,0.0,0.0,0.0,0.0,0.0
2006,NLDS2,blumge01,SDN,NL,4,8,0,1,1,0,0,1,0,0.0,4,1.0,1.0,0.0,0.0,1.0,1.0
2006,NLDS2,bowenro01,SDN,NL,1,1,0,1,0,0,0,0,0,0.0,0,0.0,0.0,0.0,0.0,0.0,0.0
2006,NLDS2,branyru01,SDN,NL,4,13,1,3,1,1,0,3,0,0.0,1,5.0,0.0,0.0,0.0,0.0,0.0
2006,NLDS2,camermi01,SDN,NL,4,14,1,2,1,0,0,1,1,0.0,3,7.0,0.0,0.0,0.0,0.0,0.0
2006,NLDS2,carpech01,SLN,NL,2,5,0,1,0,0,0,0,0,0.0,0,2.0,0.0,0.0,1.0,0.0,0.0
2006,NLDS2,duncach01,SLN,NL,2,6,1,1,0,0,0,0,0,0.0,2,2.0,0.0,0.0,0.0,0.0,0.0
2006,NLDS2,eckstda01,SLN,NL,4,15,1,2,0,0,0,1,1,0.0,0,0.0,0.0,1.0,1.0,0.0,1.0
2006,NLDS2,edmonji01,SLN,NL,4,13,2,4,0,0,0,2,0,0.0,2,3.0,1.0,1.0,0.0,0.0,0.0
2006,NLDS2,embreal01,SDN,NL,1,0,0,0,0,0,0,0,0,0.0,0,0.0,0.0,0.0,0.0,0.0,0.0
2006,NLDS2,encarju01,SLN,NL,4,14,1,4,0,1,0,2,0,1.0,1,2.0,0.0,0.0,0.0,1.0,0.0
2006,NLDS2,florera01,SLN,NL,2,0,0,0,0,0,0,0,0,0.0,0,0.0,0.0,0.0,0.0,0.0,0.0
2006,NLDS2,gilesbr02,SDN,NL,4,14,1,4,1,0,0,1,0,0.0,2,3.0,0.0,0.0,0.0,1.0,1.0
2006,NLDS2,gonzaad01,SDN,NL,4,14,2,5,0,0,0,0,0,0.0,3,3.0,0.0,0.0,0.0,0.0,0.0
2006,NLDS2,greenkh01,SDN,NL,3,4,0,0,0,0,0,0,0,0.0,0,2.0,0.0,0.0,0.0,0.0,0.0
2006,NLDS2,hancojo01,SLN,NL,1,0,0,0,0,0,0,0,0,0.0,0,0.0,0.0,0.0,0.0,0.0,0.0
2006,NLDS2,henslcl01,SDN,NL,2,0,0,0,0,0,0,0,0,0.0,0,0.0,0.0,0.0,0.0,0.0,0.0
2006,NLDS2,hoffmtr01,SDN,NL,1,0,0,0,0,0,0,0,0,0.0,0,0.0,0.0,0.0,0.0,0.0,0.0
2006,NLDS2,johnsty01,SLN,NL,4,0,0,0,0,0,0,0,0,0.0,0,0.0,0.0,0.0,0.0,0.0,0.0
2006,NLDS2,kinnejo01,SLN,NL,2,0,0,0,0,0,0,0,0,0.0,0,0.0,0.0,0.0,0.0,0.0,0.0
2006,NLDS2,kleskry01,SDN,NL,3,3,0,2,1,0,0,0,0,0.0,0,0.0,0.0,0.0,0.0,0.0,0.0
2006,NLDS2,linebsc01,SDN,NL,2,0,0,0,0,0,0,0,0,0.0,0,0.0,0.0,0.0,0.0,0.0,0.0
2006,NLDS2,loopebr01,SLN,NL,1,0,0,0,0,0,0,0,0,0.0,0,0.0,0.0,0.0,0.0,0.0,0.0
2006,NLDS2,meredcl01,SDN,NL,2,0,0,0,0,0,0,0,0,0.0,0,0.0,0.0,0.0,0.0,0.0,0.0
2006,NLDS2,milesaa01,SLN,NL,2,2,0,1,0,0,0,0,0,0.0,0,0.0,0.0,0.0,0.0,0.0,0.0
2006,NLDS2,molinya01,SLN,NL,4,13,0,4,1,0,0,1,0,1.0,0,2.0,0.0,0.0,0.0,0.0,2.0
2006,NLDS2,parkch01,SDN,NL,1,0,0,0,0,0,0,0,0,0.0,0,0.0,0.0,0.0,0.0,0.0,0.0
2006,NLDS2,peavyja01,SDN,NL,1,1,0,0,0,0,0,0,0,0.0,0,1.0,0.0,0.0,0.0,0.0,0.0
2006,NLDS2,piazzmi01,SDN,NL,4,10,0,1,1,0,0,0,0,0.0,0,1.0,0.0,0.0,0.0,0.0,1.0
2006,NLDS2,pujolal01,SLN,NL,4,15,3,5,1,0,1,3,0,0.0,1,4.0,0.0,0.0,0.0,0.0,2.0
2006,NLDS2,roberda07,SDN,NL,4,16,1,7,0,1,0,0,1,1.0,1,4.0,0.0,0.0,1.0,0.0,0.0
2006,NLDS2,rodrijo03,SLN,NL,1,1,0,0,0,0,0,0,0,0.0,0,0.0,0.0,0.0,0.0,0.0,0.0
2006,NLDS2,rolensc01,SLN,NL,3,11,0,1,1,0,0,0,0,0.0,0,2.0,0.0,1.0,0.0,0.0,1.0
2006,NLDS2,seaneru01,SDN,NL,1,0,0,0,0,0,0,0,0,0.0,0,0.0,0.0,0.0,0.0,0.0,0.0
2006,NLDS2,spiezsc01,SLN,NL,2,5,1,1,0,0,0,1,0,0.0,0,1.0,0.0,0.0,0.0,0.0,0.0
2006,NLDS2,suppaje01,SLN,NL,1,1,0,0,0,0,0,0,0,0.0,0,1.0,0.0,0.0,0.0,0.0,0.0
2006,NLDS2,tagucso01,SLN,NL,2,1,1,1,0,0,1,1,0,0.0,0,0.0,0.0,0.0,0.0,0.0,0.0
2006,NLDS2,thompbr01,SLN,NL,1,0,0,0,0,0,0,0,0,0.0,0,0.0,0.0,0.0,0.0,0.0,0.0
2006,NLDS2,wainwad01,SLN,NL,3,0,0,0,0,0,0,0,0,0.0,0,0.0,0.0,0.0,0.0,0.0,0.0
2006,NLDS2,walketo04,SDN,NL,3,9,0,0,0,0,0,0,0,0.0,0,0.0,0.0,0.0,0.0,0.0,1.0
2006,NLDS2,weaveje01,SLN,NL,1,2,0,1,0,0,0,0,0,0.0,0,1.0,0.0,0.0,0.0,0.0,0.0
2006,NLDS2,wellsda01,SDN,NL,1,1,0,0,0,0,0,0,0,0.0,0,0.0,0.0,0.0,0.0,0.0,0.0
2006,NLDS2,williwo02,SDN,NL,1,2,0,0,0,0,0,0,0,0.0,0,0.0,0.0,0.0,0.0,0.0,0.0
2006,NLDS2,wilsopr01,SLN,NL,2,8,2,2,1,0,0,0,0,0.0,0,1.0,0.0,0.0,0.0,0.0,0.0
2006,NLDS2,youngch03,SDN,NL,1,3,0,0,0,0,0,0,0,0.0,0,2.0,0.0,0.0,0.0,0.0,0.0
2006,WS,belliro01,SLN,NL,3,12,0,0,0,0,0,0,0,0.0,0,3.0,0.0,0.0,0.0,0.0,0.0
2006,WS,bondeje01,DET,AL,1,2,0,0,0,0,0,0,0,0.0,0,1.0,0.0,0.0,1.0,0.0,0.0
2006,WS,carpech01,SLN,NL,1,3,0,0,0,0,0,0,0,0.0,0,0.0,0.0,0.0,1.0,0.0,0.0
2006,WS,caseyse01,DET,AL,5,17,2,9,2,0,2,5,0,0.0,0,2.0,0.0,1.0,0.0,0.0,0.0
2006,WS,duncach01,SLN,NL,3,8,1,1,1,0,0,1,0,0.0,2,3.0,0.0,0.0,0.0,0.0,1.0
2006,WS,eckstda01,SLN,NL,5,22,3,8,3,0,0,4,0,0.0,1,1.0,0.0,0.0,0.0,0.0,1.0
2006,WS,edmonji01,SLN,NL,5,17,1,4,2,0,0,4,0,0.0,3,8.0,1.0,0.0,0.0,0.0,0.0
2006,WS,encarju01,SLN,NL,3,8,0,0,0,0,0,0,0,0.0,1,2.0,0.0,0.0,0.0,0.0,0.0
2006,WS,florera01,SLN,NL,1,0,0,0,0,0,0,0,0,0.0,0,0.0,0.0,0.0,0.0,0.0,0.0
2006,WS,gomezal01,DET,AL,3,3,0,0,0,0,0,0,0,0.0,0,1.0,0.0,0.0,0.0,0.0,0.0
2006,WS,grandcu01,DET,AL,5,21,1,2,1,0,0,0,0,0.0,1,7.0,0.0,0.0,0.0,0.0,1.0
2006,WS,grillja01,DET,AL,2,0,0,0,0,0,0,0,0,0.0,0,0.0,0.0,0.0,0.0,0.0,0.0
2006,WS,guillca01,DET,AL,5,17,2,6,1,1,0,2,1,0.0,3,4.0,0.0,0.0,0.0,0.0,0.0
2006,WS,infanom01,DET,AL,1,1,0,0,0,0,0,0,0,0.0,0,0.0,0.0,0.0,0.0,0.0,0.0
2006,WS,ingebr01,DET,AL,5,17,0,6,2,0,0,1,0,0.0,1,6.0,1.0,0.0,0.0,0.0,1.0
2006,WS,johnsty01,SLN,NL,2,0,0,0,0,0,0,0,0,0.0,0,0.0,0.0,0.0,0.0,0.0,0.0
2006,WS,jonesto02,DET,AL,2,0,0,0,0,0,0,0,0,0.0,0,0.0,0.0,0.0,0.0,0.0,0.0
2006,WS,kinnejo01,SLN,NL,2,0,0,0,0,0,0,0,0,0.0,0,0.0,0.0,0.0,0.0,0.0,0.0
2006,WS,ledezwi01,DET,AL,2,0,0,0,0,0,0,0,0,0.0,0,0.0,0.0,0.0,0.0,0.0,0.0
2006,WS,loopebr01,SLN,NL,3,0,0,0,0,0,0,0,0,0.0,0,0.0,0.0,0.0,0.0,0.0,0.0
2006,WS,milesaa01,SLN,NL,2,6,2,1,0,0,0,0,1,0.0,1,2.0,1.0,0.0,0.0,0.0,0.0
2006,WS,minerza01,DET,AL,1,0,0,0,0,0,0,0,0,0.0,0,0.0,0.0,0.0,0.0,0.0,0.0
2006,WS,molinya01,SLN,NL,5,17,3,7,2,0,0,1,0,0.0,3,1.0,1.0,0.0,0.0,0.0,0.0
2006,WS,monrocr01,DET,AL,5,20,3,3,1,0,2,2,0,0.0,1,5.0,0.0,0.0,0.0,0.0,0.0
2006,WS,ordonma01,DET,AL,5,19,2,2,0,0,0,0,0,0.0,1,4.0,0.0,0.0,0.0,0.0,0.0
2006,WS,perezne01,DET,AL,2,0,0,0,0,0,0,0,0,0.0,0,0.0,0.0,0.0,0.0,0.0,0.0
2006,WS,polanpl01,DET,AL,5,17,0,0,0,0,0,0,0,0.0,1,1.0,0.0,1.0,0.0,0.0,0.0
2006,WS,pujolal01,SLN,NL,5,15,3,3,1,0,1,2,0,1.0,5,3.0,1.0,1.0,0.0,0.0,0.0
2006,WS,reyesan01,SLN,NL,1,0,0,0,0,0,0,0,0,0.0,0,0.0,0.0,0.0,0.0,0.0,0.0
2006,WS,roberna01,DET,AL,1,0,0,0,0,0,0,0,0,0.0,0,0.0,0.0,0.0,1.0,0.0,0.0
2006,WS,rodnefe01,DET,AL,4,0,0,0,0,0,0,0,0,0.0,0,0.0,0.0,0.0,0.0,0.0,0.0
2006,WS,rodriiv01,DET,AL,5,19,1,3,1,0,0,1,0,0.0,0,3.0,0.0,0.0,0.0,0.0,1.0
2006,WS,rodrijo03,SLN,NL,1,1,0,0,0,0,0,0,0,0.0,0,1.0,0.0,0.0,0.0,0.0,0.0
2006,WS,rogerke01,DET,AL,1,0,0,0,0,0,0,0,0,0.0,0,0.0,0.0,0.0,0.0,0.0,0.0
2006,WS,rolensc01,SLN,NL,5,19,5,8,3,0,1,2,0,0.0,2,4.0,0.0,0.0,0.0,0.0,1.0
2006,WS,santira01,DET,AL,3,5,0,1,0,0,0,0,0,0.0,0,2.0,0.0,0.0,1.0,0.0,0.0
2006,WS,spiezsc01,SLN,NL,2,4,0,0,0,0,0,0,0,0.0,1,1.0,0.0,0.0,0.0,0.0,0.0
2006,WS,suppaje01,SLN,NL,1,2,0,0,0,0,0,0,0,0.0,0,1.0,0.0,0.0,0.0,0.0,0.0
2006,WS,tagucso01,SLN,NL,4,11,3,2,0,0,0,0,0,0.0,1,2.0,0.0,0.0,2.0,0.0,0.0
2006,WS,thamema01,DET,AL,2,1,0,0,0,0,0,0,0,0.0,0,0.0,0.0,0.0,0.0,0.0,0.0
2006,WS,thompbr01,SLN,NL,1,0,0,0,0,0,0,0,0,0.0,0,0.0,0.0,0.0,0.0,0.0,0.0
2006,WS,verlaju01,DET,AL,2,2,0,0,0,0,0,0,0,0.0,0,1.0,0.0,0.0,0.0,0.0,0.0
2006,WS,wainwad01,SLN,NL,3,0,0,0,0,0,0,0,0,0.0,0,0.0,0.0,0.0,0.0,0.0,0.0
2006,WS,walkeja01,DET,AL,1,0,0,0,0,0,0,0,0,0.0,0,0.0,0.0,0.0,0.0,0.0,0.0
2006,WS,weaveje01,SLN,NL,2,3,0,0,0,0,0,0,0,0.0,0,0.0,0.0,0.0,0.0,0.0,0.0
2006,WS,wilsopr01,SLN,NL,5,10,1,2,0,0,0,1,0,0.0,3,2.0,0.0,1.0,1.0,0.0,0.0
2006,WS,zumayjo01,DET,AL,3,0,0,0,0,0,0,0,0,0.0,0,0.0,0.0,0.0,0.0,0.0,0.0
2007,ALCS,barfijo02,CLE,AL,1,0,0,0,0,0,0,0,1,0.0,0,0.0,0.0,0.0,0.0,0.0,0.0
2007,ALCS,beckejo02,BOS,AL,2,0,0,0,0,0,0,0,0,0.0,0,0.0,0.0,0.0,0.0,0.0,0.0
2007,ALCS,betanra01,CLE,AL,5,0,0,0,0,0,0,0,0,0.0,0,0.0,0.0,0.0,0.0,0.0,0.0
2007,ALCS,blakeca01,CLE,AL,7,26,4,9,2,0,1,2,0,0.0,1,7.0,0.0,0.0,0.0,0.0,1.0
2007,ALCS,borowjo01,CLE,AL,4,0,0,0,0,0,0,0,0,0.0,0,0.0,0.0,0.0,0.0,0.0,0.0
2007,ALCS,byrdpa01,CLE,AL,1,0,0,0,0,0,0,0,0,0.0,0,0.0,0.0,0.0,0.0,0.0,0.0
2007,ALCS,cabreas01,CLE,AL,7,29,2,7,0,0,0,4,0,0.0,1,8.0,0.0,0.0,0.0,1.0,0.0
2007,ALCS,carmofa01,CLE,AL,2,0,0,0,0,0,0,0,0,0.0,0,0.0,0.0,0.0,0.0,0.0,0.0
2007,ALCS,coraal01,BOS,AL,2,0,0,0,0,0,0,0,0,0.0,0,0.0,0.0,0.0,0.0,0.0,0.0
2007,ALCS,crispco01,BOS,AL,7,21,2,3,1,0,0,0,1,0.0,0,6.0,0.0,0.0,0.0,0.0,1.0
2007,ALCS,delcama01,BOS,AL,3,0,0,0,0,0,0,0,0,0.0,0,0.0,0.0,0.0,0.0,0.0,0.0
2007,ALCS,drewjd01,BOS,AL,7,25,5,9,1,0,1,6,0,0.0,1,2.0,0.0,0.0,0.0,0.0,1.0
2007,ALCS,ellsbja01,BOS,AL,5,8,3,2,0,0,0,1,1,0.0,1,1.0,1.0,0.0,0.0,0.0,0.0
2007,ALCS,fultzaa01,CLE,AL,1,0,0,0,0,0,0,0,0,0.0,0,0.0,0.0,0.0,0.0,0.0,0.0
2007,ALCS,gagneer01,BOS,AL,3,0,0,0,0,0,0,0,0,0.0,0,0.0,0.0,0.0,0.0,0.0,0.0
2007,ALCS,garkory01,CLE,AL,6,24,4,7,2,1,0,2,0,0.0,0,5.0,0.0,1.0,0.0,0.0,0.0
2007,ALCS,gomezch02,CLE,AL,1,1,0,0,0,0,0,0,0,0.0,0,1.0,0.0,0.0,0.0,0.0,0.0
2007,ALCS,gutiefr01,CLE,AL,6,19,3,4,0,0,1,4,0,0.0,3,6.0,0.0,0.0,0.0,0.0,1.0
2007,ALCS,hafnetr01,CLE,AL,7,27,2,4,1,0,1,2,0,0.0,2,12.0,0.0,0.0,0.0,0.0,1.0
2007,ALCS,hinsker01,BOS,AL,1,0,1,0,0,0,0,0,0,0.0,0,0.0,0.0,0.0,0.0,0.0,0.0
2007,ALCS,kieltbo01,BOS,AL,2,5,1,2,0,0,0,2,0,0.0,1,2.0,1.0,0.0,0.0,0.0,0.0
2007,ALCS,laffeaa01,CLE,AL,1,0,0,0,0,0,0,0,0,0.0,0,0.0,0.0,0.0,0.0,0.0,0.0
2007,ALCS,lestejo01,BOS,AL,2,0,0,0,0,0,0,0,0,0.0,0,0.0,0.0,0.0,0.0,0.0,0.0
2007,ALCS,lewisje01,CLE,AL,5,0,0,0,0,0,0,0,0,0.0,0,0.0,0.0,0.0,0.0,0.0,0.0
2007,ALCS,loftoke01,CLE,AL,7,27,2,6,2,0,1,2,1,0.0,1,3.0,0.0,0.0,0.0,0.0,0.0
2007,ALCS,lopezja02,BOS,AL,3,0,0,0,0,0,0,0,0,0.0,0,0.0,0.0,0.0,0.0,0.0,0.0
2007,ALCS,lowelmi01,BOS,AL,7,27,3,9,2,0,1,8,0,0.0,2,3.0,0.0,1.0,0.0,2.0,1.0
2007,ALCS,lugoju01,BOS,AL,7,25,3,5,2,0,0,2,0,0.0,1,5.0,0.0,0.0,1.0,0.0,4.0
2007,ALCS,martivi01,CLE,AL,7,27,4,8,1,0,1,3,0,0.0,3,5.0,2.0,0.0,0.0,0.0,0.0
2007,ALCS,mastnto01,CLE,AL,3,0,0,0,0,0,0,0,0,0.0,0,0.0,0.0,0.0,0.0,0.0,0.0
2007,ALCS,matsuda01,BOS,AL,2,0,0,0,0,0,0,0,0,0.0,0,0.0,0.0,0.0,0.0,0.0,0.0
2007,ALCS,michaja01,CLE,AL,1,0,1,0,0,0,0,0,0,0.0,0,0.0,0.0,0.0,0.0,0.0,0.0
2007,ALCS,mirabdo01,BOS,AL,1,2,0,0,0,0,0,0,0,0.0,0,1.0,0.0,0.0,0.0,0.0,0.0
2007,ALCS,nixontr01,CLE,AL,3,7,0,3,0,0,0,1,0,0.0,0,1.0,0.0,0.0,0.0,0.0,0.0
2007,ALCS,okajihi01,BOS,AL,3,0,0,0,0,0,0,0,0,0.0,0,0.0,0.0,0.0,0.0,0.0,0.0
2007,ALCS,ortizda01,BOS,AL,7,24,7,7,3,0,1,3,0,0.0,6,5.0,0.0,1.0,0.0,2.0,2.0
2007,ALCS,papeljo01,BOS,AL,3,0,0,0,0,0,0,0,0,0.0,0,0.0,0.0,0.0,0.0,0.0,0.0
2007,ALCS,pedrodu01,BOS,AL,7,29,8,10,3,0,1,5,0,0.0,3,5.0,0.0,0.0,1.0,0.0,1.0
2007,ALCS,peraljh01,CLE,AL,7,27,4,7,2,0,2,8,0,0.0,1,8.0,0.0,0.0,0.0,1.0,1.0
2007,ALCS,perezra01,CLE,AL,3,0,0,0,0,0,0,0,0,0.0,0,0.0,0.0,0.0,0.0,0.0,0.0
2007,ALCS,ramirma02,BOS,AL,7,22,5,9,1,0,2,10,0,0.0,9,5.0,1.0,0.0,0.0,1.0,2.0
2007,ALCS,sabatcc01,CLE,AL,2,0,0,0,0,0,0,0,0,0.0,0,0.0,0.0,0.0,0.0,0.0,0.0
2007,ALCS,schilcu01,BOS,AL,2,0,0,0,0,0,0,0,0,0.0,0,0.0,0.0,0.0,0.0,0.0,0.0
2007,ALCS,shoppke01,CLE,AL,1,3,0,1,0,0,0,0,0,0.0,0,2.0,0.0,1.0,0.0,0.0,0.0
2007,ALCS,sizemgr01,CLE,AL,7,27,6,6,2,0,1,2,1,0.0,4,5.0,1.0,0.0,0.0,1.0,1.0
2007,ALCS,timlimi01,BOS,AL,3,0,0,0,0,0,0,0,0,0.0,0,0.0,0.0,0.0,0.0,0.0,0.0
2007,ALCS,varitja01,BOS,AL,7,26,3,7,3,0,1,4,0,0.0,2,5.0,0.0,1.0,0.0,0.0,1.0
2007,ALCS,wakefti01,BOS,AL,1,0,0,0,0,0,0,0,0,0.0,0,0.0,0.0,0.0,0.0,0.0,0.0
2007,ALCS,westbja01,CLE,AL,2,0,0,0,0,0,0,0,0,0.0,0,0.0,0.0,0.0,0.0,0.0,0.0
2007,ALCS,youklke01,BOS,AL,7,28,10,14,1,1,3,7,0,0.0,5,3.0,0.0,0.0,0.0,0.0,1.0
2007,ALDS1,anderga01,LAA,AL,3,9,0,2,1,0,0,0,0,0.0,1,2.0,0.0,0.0,0.0,0.0,0.0
2007,ALDS1,aybarer01,LAA,AL,1,1,0,0,0,0,0,0,0,0.0,0,0.0,0.0,0.0,0.0,0.0,0.0
2007,ALDS1,beckejo02,BOS,AL,1,0,0,0,0,0,0,0,0,0.0,0,0.0,0.0,0.0,0.0,0.0,0.0
2007,ALDS1,cabreor01,LAA,AL,3,12,0,3,1,0,0,1,0,0.0,1,1.0,0.0,0.0,0.0,0.0,0.0
2007,ALDS1,crispco01,BOS,AL,3,10,0,2,0,0,0,2,1,0.0,1,3.0,0.0,0.0,0.0,0.0,1.0
2007,ALDS1,delcama01,BOS,AL,1,0,0,0,0,0,0,0,0,0.0,0,0.0,0.0,0.0,0.0,0.0,0.0
2007,ALDS1,drewjd01,BOS,AL,3,11,1,2,0,0,0,3,0,0.0,0,1.0,0.0,0.0,0.0,0.0,1.0
2007,ALDS1,ellsbja01,BOS,AL,2,1,1,0,0,0,0,0,0,0.0,0,0.0,0.0,0.0,0.0,0.0,1.0
2007,ALDS1,escobke01,LAA,AL,1,0,0,0,0,0,0,0,0,0.0,0,0.0,0.0,0.0,0.0,0.0,0.0
2007,ALDS1,figgich01,LAA,AL,3,13,1,3,2,0,0,1,0,0.0,0,4.0,0.0,0.0,0.0,0.0,0.0
2007,ALDS1,gagneer01,BOS,AL,1,0,0,0,0,0,0,0,0,0.0,0,0.0,0.0,0.0,0.0,0.0,0.0
2007,ALDS1,guerrvl01,LAA,AL,3,10,0,2,0,0,0,0,0,0.0,1,0.0,0.0,1.0,0.0,0.0,0.0
2007,ALDS1,haynena01,LAA,AL,1,1,0,0,0,0,0,0,0,0.0,0,1.0,0.0,0.0,0.0,0.0,0.0
2007,ALDS1,hinsker01,BOS,AL,1,1,0,0,0,0,0,0,0,0.0,0,1.0,0.0,0.0,0.0,0.0,0.0
2007,ALDS1,izturma01,LAA,AL,3,12,1,4,2,0,0,0,2,0.0,0,2.0,0.0,0.0,0.0,0.0,0.0
2007,ALDS1,kendrho01,LAA,AL,3,10,0,2,0,0,0,1,2,0.0,0,1.0,0.0,0.0,0.0,1.0,1.0
2007,ALDS1,kotchca01,LAA,AL,2,5,1,0,0,0,0,0,0,0.0,2,1.0,0.0,0.0,0.0,0.0,0.0
2007,ALDS1,lackejo01,LAA,AL,1,0,0,0,0,0,0,0,0,0.0,0,0.0,0.0,0.0,0.0,0.0,0.0
2007,ALDS1,lopezja02,BOS,AL,1,0,0,0,0,0,0,0,0,0.0,0,0.0,0.0,0.0,0.0,0.0,0.0
2007,ALDS1,lowelmi01,BOS,AL,3,9,1,3,2,0,0,3,0,0.0,1,0.0,0.0,0.0,0.0,1.0,1.0
2007,ALDS1,lugoju01,BOS,AL,3,10,2,3,0,0,0,0,1,1.0,1,4.0,0.0,0.0,0.0,0.0,0.0
2007,ALDS1,mathije01,LAA,AL,2,3,0,0,0,0,0,1,0,0.0,0,0.0,0.0,0.0,0.0,0.0,0.0
2007,ALDS1,matsuda01,BOS,AL,1,0,0,0,0,0,0,0,0,0.0,0,0.0,0.0,0.0,0.0,0.0,0.0
2007,ALDS1,moralke01,LAA,AL,3,9,1,1,0,0,0,0,0,0.0,0,2.0,0.0,0.0,0.0,0.0,0.0
2007,ALDS1,moseldu01,LAA,AL,1,0,0,0,0,0,0,0,0,0.0,0,0.0,0.0,0.0,0.0,0.0,0.0
2007,ALDS1,napolmi01,LAA,AL,3,6,0,1,0,0,0,0,0,0.0,0,3.0,0.0,0.0,0.0,0.0,0.0
2007,ALDS1,okajihi01,BOS,AL,2,0,0,0,0,0,0,0,0,0.0,0,0.0,0.0,0.0,0.0,0.0,0.0
2007,ALDS1,oliveda02,LAA,AL,1,0,0,0,0,0,0,0,0,0.0,0,0.0,0.0,0.0,0.0,0.0,0.0
2007,ALDS1,ortizda01,BOS,AL,3,7,5,5,0,0,2,3,0,0.0,6,1.0,2.0,0.0,0.0,0.0,0.0
2007,ALDS1,papeljo01,BOS,AL,1,0,0,0,0,0,0,0,0,0.0,0,0.0,0.0,0.0,0.0,0.0,0.0
2007,ALDS1,pedrodu01,BOS,AL,3,13,2,2,2,0,0,1,0,0.0,1,2.0,0.0,0.0,0.0,0.0,0.0
2007,ALDS1,quinlro01,LAA,AL,1,1,0,0,0,0,0,0,0,0.0,0,0.0,0.0,0.0,0.0,0.0,0.0
2007,ALDS1,ramirma02,BOS,AL,3,8,3,3,0,0,2,4,0,0.0,5,2.0,0.0,0.0,0.0,0.0,0.0
2007,ALDS1,riverju01,LAA,AL,2,3,0,1,0,0,0,0,0,0.0,1,1.0,0.0,0.0,0.0,0.0,0.0
2007,ALDS1,rodrifr03,LAA,AL,1,0,0,0,0,0,0,0,0,0.0,0,0.0,0.0,0.0,0.0,0.0,0.0
2007,ALDS1,santaer01,LAA,AL,1,0,0,0,0,0,0,0,0,0.0,0,0.0,0.0,0.0,0.0,0.0,0.0
2007,ALDS1,schilcu01,BOS,AL,1,0,0,0,0,0,0,0,0,0.0,0,0.0,0.0,0.0,0.0,0.0,0.0
2007,ALDS1,shielsc01,LAA,AL,2,0,0,0,0,0,0,0,0,0.0,0,0.0,0.0,0.0,0.0,0.0,0.0
2007,ALDS1,speieju01,LAA,AL,2,0,0,0,0,0,0,0,0,0.0,0,0.0,0.0,0.0,0.0,0.0,0.0
2007,ALDS1,varitja01,BOS,AL,3,11,1,2,1,0,0,1,0,0.0,0,4.0,0.0,0.0,0.0,0.0,1.0
2007,ALDS1,weaveje02,LAA,AL,1,0,0,0,0,0,0,0,0,0.0,0,0.0,0.0,0.0,0.0,0.0,0.0
2007,ALDS1,willire03,LAA,AL,3,4,0,0,0,0,0,0,1,0.0,1,2.0,0.0,0.0,0.0,0.0,0.0
2007,ALDS1,youklke01,BOS,AL,3,12,3,3,1,0,1,2,0,0.0,1,4.0,0.0,0.0,0.0,1.0,1.0
2007,ALDS2,abreubo01,NYA,AL,4,15,1,4,1,0,1,2,1,0.0,2,3.0,0.0,0.0,0.0,0.0,0.0
2007,ALDS2,betanra01,CLE,AL,2,0,0,0,0,0,0,0,0,0.0,0,0.0,0.0,0.0,0.0,0.0,0.0
2007,ALDS2,blakeca01,CLE,AL,4,17,1,2,1,0,0,2,0,0.0,0,5.0,0.0,0.0,1.0,0.0,0.0
2007,ALDS2,borowjo01,CLE,AL,2,0,0,0,0,0,0,0,0,0.0,0,0.0,0.0,0.0,0.0,0.0,0.0
2007,ALDS2,byrdpa01,CLE,AL,1,0,0,0,0,0,0,0,0,0.0,0,0.0,0.0,0.0,0.0,0.0,0.0
2007,ALDS2,cabreas01,CLE,AL,4,17,3,3,0,0,1,2,0,0.0,1,4.0,0.0,0.0,3.0,0.0,2.0
2007,ALDS2,cabreme01,NYA,AL,4,16,2,3,0,0,1,2,0,0.0,0,1.0,0.0,0.0,0.0,0.0,0.0
2007,ALDS2,canoro01,NYA,AL,4,15,3,5,1,0,2,3,0,1.0,1,1.0,0.0,0.0,0.0,0.0,1.0
2007,ALDS2,carmofa01,CLE,AL,1,0,0,0,0,0,0,0,0,0.0,0,0.0,0.0,0.0,0.0,0.0,0.0
2007,ALDS2,chambjo03,NYA,AL,2,0,0,0,0,0,0,0,0,0.0,0,0.0,0.0,0.0,0.0,0.0,0.0
2007,ALDS2,clemero02,NYA,AL,1,0,0,0,0,0,0,0,0,0.0,0,0.0,0.0,0.0,0.0,0.0,0.0
2007,ALDS2,damonjo01,NYA,AL,4,18,2,5,0,0,2,5,0,0.0,1,5.0,0.0,0.0,0.0,0.0,0.0
2007,ALDS2,duncash01,NYA,AL,3,4,1,2,0,0,0,0,0,0.0,0,1.0,0.0,0.0,0.0,0.0,0.0
2007,ALDS2,farnsky01,NYA,AL,1,0,0,0,0,0,0,0,0,0.0,0,0.0,0.0,0.0,0.0,0.0,0.0
2007,ALDS2,fultzaa01,CLE,AL,1,0,0,0,0,0,0,0,0,0.0,0,0.0,0.0,0.0,0.0,0.0,0.0
2007,ALDS2,garkory01,CLE,AL,3,11,3,4,0,0,1,3,0,0.0,1,1.0,0.0,2.0,0.0,0.0,1.0
2007,ALDS2,giambja01,NYA,AL,3,4,0,1,0,0,0,0,0,0.0,0,2.0,0.0,0.0,0.0,0.0,0.0
2007,ALDS2,gutiefr01,CLE,AL,4,10,2,2,0,0,0,0,0,0.0,2,5.0,0.0,0.0,0.0,0.0,0.0
2007,ALDS2,hafnetr01,CLE,AL,4,16,4,4,0,0,1,2,0,0.0,5,3.0,1.0,0.0,0.0,0.0,0.0
2007,ALDS2,hugheph01,NYA,AL,2,0,0,0,0,0,0,0,0,0.0,0,0.0,0.0,0.0,0.0,0.0,0.0
2007,ALDS2,jeterde01,NYA,AL,4,17,0,3,0,0,0,1,0,0.0,0,4.0,0.0,0.0,0.0,0.0,3.0
2007,ALDS2,lewisje01,CLE,AL,2,0,0,0,0,0,0,0,0,0.0,0,0.0,0.0,0.0,0.0,0.0,0.0
2007,ALDS2,loftoke01,CLE,AL,4,16,2,6,1,0,0,4,1,1.0,2,1.0,0.0,0.0,0.0,0.0,0.0
2007,ALDS2,martivi01,CLE,AL,4,17,2,6,1,0,1,4,0,0.0,1,3.0,1.0,1.0,0.0,0.0,0.0
2007,ALDS2,matsuhi01,NYA,AL,4,11,4,2,0,0,0,0,0,0.0,5,2.0,1.0,0.0,0.0,0.0,0.0
2007,ALDS2,michaja01,CLE,AL,1,1,0,1,1,0,0,0,0,0.0,0,0.0,0.0,0.0,1.0,0.0,0.0
2007,ALDS2,mientdo01,NYA,AL,4,6,0,0,0,0,0,0,0,0.0,1,0.0,0.0,0.0,1.0,0.0,0.0
2007,ALDS2,mussimi01,NYA,AL,1,0,0,0,0,0,0,0,0,0.0,0,0.0,0.0,0.0,0.0,0.0,0.0
2007,ALDS2,nixontr01,CLE,AL,1,4,1,2,1,0,1,2,0,0.0,0,1.0,0.0,0.0,0.0,0.0,0.0
2007,ALDS2,ohlenro01,NYA,AL,1,0,0,0,0,0,0,0,0,0.0,0,0.0,0.0,0.0,0.0,0.0,0.0
2007,ALDS2,peraljh01,CLE,AL,4,15,2,7,3,0,0,2,1,0.0,4,3.0,0.0,0.0,0.0,0.0,1.0
2007,ALDS2,perezra01,CLE,AL,3,0,0,0,0,0,0,0,0,0.0,0,0.0,0.0,0.0,0.0,0.0,0.0
2007,ALDS2,pettian01,NYA,AL,1,0,0,0,0,0,0,0,0,0.0,0,0.0,0.0,0.0,0.0,0.0,0.0
2007,ALDS2,posadjo01,NYA,AL,4,15,1,2,1,0,0,0,0,0.0,2,3.0,0.0,0.0,0.0,0.0,2.0
2007,ALDS2,riverma01,NYA,AL,3,0,0,0,0,0,0,0,0,0.0,0,0.0,0.0,0.0,0.0,0.0,0.0
2007,ALDS2,rodrial01,NYA,AL,4,15,2,4,0,0,1,1,0,0.0,2,6.0,1.0,0.0,0.0,0.0,0.0
2007,ALDS2,sabatcc01,CLE,AL,1,0,0,0,0,0,0,0,0,0.0,0,0.0,0.0,0.0,0.0,0.0,0.0
2007,ALDS2,sardibr01,NYA,AL,1,0,0,0,0,0,0,0,0,0.0,0,0.0,0.0,0.0,0.0,0.0,0.0
2007,ALDS2,shoppke01,CLE,AL,1,3,1,2,2,0,0,0,0,0.0,0,0.0,0.0,1.0,0.0,0.0,0.0
2007,ALDS2,sizemgr01,CLE,AL,4,16,3,6,0,1,1,1,1,1.0,4,4.0,2.0,1.0,0.0,0.0,1.0
2007,ALDS2,verasjo01,NYA,AL,2,0,0,0,0,0,0,0,0,0.0,0,0.0,0.0,0.0,0.0,0.0,0.0
2007,ALDS2,villoro01,NYA,AL,1,0,0,0,0,0,0,0,0,0.0,0,0.0,0.0,0.0,0.0,0.0,0.0
2007,ALDS2,vizcalu01,NYA,AL,1,0,0,0,0,0,0,0,0,0.0,0,0.0,0.0,0.0,0.0,0.0,0.0
2007,ALDS2,wangch01,NYA,AL,2,0,0,0,0,0,0,0,0,0.0,0,0.0,0.0,0.0,0.0,0.0,0.0
2007,ALDS2,westbja01,CLE,AL,1,0,0,0,0,0,0,0,0,0.0,0,0.0,0.0,0.0,0.0,0.0,0.0
2007,NLCS,affelje01,COL,NL,2,0,0,0,0,0,0,0,0,0.0,0,0.0,0.0,0.0,0.0,0.0,0.0
2007,NLCS,atkinga01,COL,NL,4,14,0,2,0,0,0,0,0,0.0,2,2.0,1.0,0.0,0.0,0.0,0.0
2007,NLCS,bakerje03,COL,NL,2,2,0,1,0,0,0,0,0,0.0,0,1.0,0.0,0.0,0.0,0.0,0.0
2007,NLCS,byrneer01,ARI,NL,4,17,0,3,1,0,0,2,0,0.0,1,3.0,0.0,0.0,0.0,0.0,0.0
2007,NLCS,callaal01,ARI,NL,2,2,0,0,0,0,0,0,0,0.0,0,0.0,0.0,0.0,0.0,0.0,0.0
2007,NLCS,carroja01,COL,NL,2,1,0,0,0,0,0,0,0,0.0,1,0.0,0.0,0.0,0.0,0.0,0.0
2007,NLCS,cirilje01,ARI,NL,3,5,0,2,0,0,0,0,0,0.0,0,0.0,0.0,0.0,0.0,0.0,0.0
2007,NLCS,clarkto02,ARI,NL,3,9,0,2,1,0,0,0,0,0.0,1,1.0,1.0,0.0,0.0,0.0,0.0
2007,NLCS,corpama01,COL,NL,4,0,0,0,0,0,0,0,0,0.0,0,0.0,0.0,0.0,0.0,0.0,0.0
2007,NLCS,cruzju02,ARI,NL,3,0,0,0,0,0,0,0,0,0.0,0,0.0,0.0,0.0,0.0,0.0,0.0
2007,NLCS,davisdo02,ARI,NL,1,1,1,1,1,0,0,0,0,0.0,0,0.0,0.0,0.0,0.0,0.0,0.0
2007,NLCS,drewst01,ARI,NL,4,17,2,5,0,0,0,0,0,0.0,1,2.0,0.0,0.0,0.0,0.0,1.0
2007,NLCS,foggjo01,COL,NL,1,1,0,0,0,0,0,0,0,0.0,1,0.0,0.0,0.0,0.0,0.0,0.0
2007,NLCS,francje01,COL,NL,1,2,0,0,0,0,0,0,0,0.0,0,0.0,0.0,0.0,1.0,0.0,0.0
2007,NLCS,fuentbr01,COL,NL,4,0,0,0,0,0,0,0,0,0.0,0,0.0,0.0,0.0,0.0,0.0,0.0
2007,NLCS,hawkila01,COL,NL,2,0,0,0,0,0,0,0,0,0.0,0,0.0,0.0,0.0,0.0,0.0,0.0
2007,NLCS,hawpebr01,COL,NL,4,12,2,4,0,0,0,2,0,0.0,5,3.0,0.0,0.0,0.0,0.0,0.0
2007,NLCS,heltoto01,COL,NL,4,14,3,3,0,0,0,1,0,0.0,2,4.0,0.0,0.0,0.0,1.0,0.0
2007,NLCS,hergema01,COL,NL,3,0,0,0,0,0,0,0,0,0.0,0,0.0,0.0,0.0,0.0,0.0,0.0
2007,NLCS,hernali01,ARI,NL,1,2,0,1,0,0,0,0,0,0.0,0,0.0,0.0,0.0,0.0,0.0,0.0
2007,NLCS,hollima01,COL,NL,4,15,3,5,0,0,2,4,0,0.0,1,6.0,0.0,1.0,0.0,0.0,0.0
2007,NLCS,jacksco01,ARI,NL,3,9,1,3,0,0,0,1,0,0.0,0,0.0,0.0,0.0,0.0,0.0,1.0
2007,NLCS,jimenub01,COL,NL,1,2,0,0,0,0,0,0,0,0.0,0,2.0,0.0,0.0,0.0,0.0,0.0
2007,NLCS,lyonbr01,ARI,NL,2,0,0,0,0,0,0,0,0,0.0,0,0.0,0.0,0.0,0.0,0.0,0.0
2007,NLCS,matsuka01,COL,NL,4,17,2,4,0,0,0,2,1,0.0,1,5.0,0.0,0.0,1.0,0.0,0.0
2007,NLCS,montemi01,ARI,NL,3,5,0,2,0,0,0,0,0,0.0,0,0.0,0.0,0.0,0.0,0.0,0.0
2007,NLCS,moralfr01,COL,NL,1,1,0,0,0,0,0,0,0,0.0,0,0.0,0.0,0.0,0.0,0.0,0.0
2007,NLCS,nippedu01,ARI,NL,2,0,0,0,0,0,0,0,0,0.0,0,0.0,0.0,0.0,0.0,0.0,0.0
2007,NLCS,ojedaau01,ARI,NL,4,12,0,2,0,0,0,0,0,0.0,0,2.0,0.0,0.0,0.0,0.0,1.0
2007,NLCS,owingmi01,ARI,NL,2,3,1,1,0,0,0,0,0,0.0,0,1.0,0.0,0.0,0.0,0.0,0.0
2007,NLCS,penato03,ARI,NL,3,0,0,0,0,0,0,0,0,0.0,0,0.0,0.0,0.0,0.0,0.0,0.0
2007,NLCS,reynoma01,ARI,NL,4,16,1,2,0,0,1,1,0,0.0,0,5.0,0.0,1.0,0.0,0.0,0.0
2007,NLCS,salazje01,ARI,NL,4,7,0,1,0,0,0,0,0,0.0,0,1.0,0.0,0.0,0.0,0.0,0.0
2007,NLCS,slatedo01,ARI,NL,3,0,0,0,0,0,0,0,0,0.0,0,0.0,0.0,0.0,0.0,0.0,0.0
2007,NLCS,smithse01,COL,NL,2,2,1,1,1,0,0,2,0,0.0,0,0.0,0.0,0.0,0.0,0.0,0.0
2007,NLCS,snydech02,ARI,NL,3,12,1,4,2,0,1,3,0,0.0,1,4.0,0.0,0.0,0.0,0.0,1.0
2007,NLCS,speiery01,COL,NL,1,0,0,0,0,0,0,0,0,0.0,0,0.0,0.0,0.0,0.0,0.0,0.0
2007,NLCS,spilbry01,COL,NL,2,2,1,1,0,0,0,0,0,0.0,0,0.0,0.0,0.0,0.0,0.0,0.0
2007,NLCS,sullico01,COL,NL,1,1,0,0,0,0,0,0,0,0.0,0,1.0,0.0,0.0,0.0,0.0,0.0
2007,NLCS,taverwi01,COL,NL,4,18,3,3,1,0,0,1,1,0.0,2,5.0,0.0,0.0,0.0,0.0,0.0
2007,NLCS,torreyo01,COL,NL,4,15,2,3,1,0,1,4,0,0.0,2,5.0,0.0,0.0,0.0,0.0,0.0
2007,NLCS,tulowtr01,COL,NL,4,16,1,3,0,0,0,0,0,0.0,1,5.0,0.0,0.0,0.0,0.0,1.0
2007,NLCS,uptonju01,ARI,NL,4,9,0,2,1,1,0,0,0,0.0,0,3.0,0.0,2.0,0.0,0.0,0.0
2007,NLCS,valvejo01,ARI,NL,1,0,0,0,0,0,0,0,0,0.0,0,0.0,0.0,0.0,0.0,0.0,0.0
2007,NLCS,webbbr01,ARI,NL,1,2,0,1,0,0,0,0,0,0.0,0,1.0,0.0,0.0,0.0,0.0,0.0
2007,NLCS,youngch04,ARI,NL,4,14,1,4,1,0,0,1,0,2.0,4,5.0,0.0,1.0,0.0,0.0,0.0
2007,NLDS1,byrneer01,ARI,NL,3,12,1,3,0,1,1,3,1,0.0,1,4.0,0.0,0.0,0.0,0.0,0.0
2007,NLDS1,cedenro02,CHN,NL,2,0,0,0,0,0,0,0,0,0.0,0,0.0,0.0,0.0,0.0,0.0,0.0
2007,NLDS1,cirilje01,ARI,NL,1,1,0,0,0,0,0,0,0,0.0,0,0.0,0.0,0.0,0.0,0.0,0.0
2007,NLDS1,clarkto02,ARI,NL,3,6,0,0,0,0,0,0,0,0.0,0,2.0,0.0,0.0,0.0,0.0,0.0
2007,NLDS1,cruzju02,ARI,NL,1,0,0,0,0,0,0,0,0,0.0,0,0.0,0.0,0.0,0.0,0.0,0.0
2007,NLDS1,davisdo02,ARI,NL,1,1,0,0,0,0,0,1,0,0.0,0,1.0,0.0,0.0,2.0,0.0,0.0
2007,NLDS1,dempsry01,CHN,NL,1,0,0,0,0,0,0,0,0,0.0,0,0.0,0.0,0.0,0.0,0.0,0.0
2007,NLDS1,derosma01,CHN,NL,3,9,2,3,0,0,0,0,0,0.0,2,2.0,0.0,1.0,0.0,0.0,1.0
2007,NLDS1,drewst01,ARI,NL,3,14,4,7,1,1,2,4,1,0.0,0,5.0,0.0,0.0,0.0,0.0,0.0
2007,NLDS1,eyresc01,CHN,NL,1,0,0,0,0,0,0,0,0,0.0,0,0.0,0.0,0.0,0.0,0.0,0.0
2007,NLDS1,floydcl01,CHN,NL,2,5,0,0,0,0,0,0,0,0.0,2,2.0,0.0,1.0,0.0,0.0,0.0
2007,NLDS1,fontemi01,CHN,NL,2,2,0,0,0,0,0,0,0,0.0,0,1.0,0.0,0.0,0.0,0.0,0.0
2007,NLDS1,hartke01,CHN,NL,1,0,0,0,0,0,0,0,0,0.0,0,0.0,0.0,0.0,0.0,0.0,0.0
2007,NLDS1,hernali01,ARI,NL,1,3,0,1,0,0,0,0,0,0.0,0,1.0,0.0,0.0,0.0,0.0,0.0
2007,NLDS1,hillri01,CHN,NL,1,1,0,0,0,0,0,0,0,0.0,0,0.0,0.0,0.0,0.0,0.0,0.0
2007,NLDS1,howrybo01,CHN,NL,2,0,0,0,0,0,0,0,0,0.0,0,0.0,0.0,0.0,0.0,0.0,0.0
2007,NLDS1,jacksco01,ARI,NL,3,8,0,1,1,0,0,1,0,0.0,0,3.0,0.0,0.0,0.0,1.0,0.0
2007,NLDS1,jonesja04,CHN,NL,3,9,1,2,1,0,0,0,0,0.0,3,1.0,0.0,0.0,0.0,0.0,0.0
2007,NLDS1,kendaja01,CHN,NL,1,4,0,1,0,0,0,1,0,0.0,0,1.0,0.0,0.0,0.0,0.0,0.0
2007,NLDS1,leede02,CHN,NL,3,12,1,4,0,0,0,0,0,0.0,1,4.0,0.0,0.0,0.0,0.0,1.0
2007,NLDS1,lillyte01,CHN,NL,1,2,0,0,0,0,0,0,0,0.0,0,2.0,0.0,0.0,0.0,0.0,0.0
2007,NLDS1,lyonbr01,ARI,NL,3,0,0,0,0,0,0,0,0,0.0,0,0.0,0.0,0.0,0.0,0.0,0.0
2007,NLDS1,marmoca01,CHN,NL,2,0,0,0,0,0,0,0,0,0.0,0,0.0,0.0,0.0,0.0,0.0,0.0
2007,NLDS1,montemi01,ARI,NL,1,2,1,0,0,0,0,0,0,0.0,1,0.0,0.0,0.0,0.0,0.0,0.0
2007,NLDS1,murtoma01,CHN,NL,1,4,1,1,0,0,0,0,0,0.0,0,0.0,0.0,0.0,0.0,0.0,0.0
2007,NLDS1,ojedaau01,ARI,NL,3,9,1,4,1,0,0,1,0,0.0,1,1.0,0.0,1.0,0.0,0.0,2.0
2007,NLDS1,penato03,ARI,NL,2,0,0,0,0,0,0,0,0,0.0,0,0.0,0.0,0.0,0.0,0.0,0.0
2007,NLDS1,piefe01,CHN,NL,1,1,0,0,0,0,0,0,0,0.0,0,1.0,0.0,0.0,0.0,0.0,0.0
2007,NLDS1,ramirar01,CHN,NL,3,12,0,0,0,0,0,0,0,0.0,1,5.0,0.0,0.0,0.0,0.0,2.0
2007,NLDS1,reynoma01,ARI,NL,3,10,2,2,0,0,1,1,0,0.0,2,4.0,0.0,0.0,0.0,0.0,0.0
2007,NLDS1,salazje01,ARI,NL,2,3,0,0,0,0,0,0,0,0.0,1,2.0,0.0,0.0,0.0,0.0,0.0
2007,NLDS1,snydech02,ARI,NL,3,7,2,1,0,0,0,0,0,0.0,1,2.0,0.0,0.0,0.0,0.0,2.0
2007,NLDS1,soriaal01,CHN,NL,3,14,0,2,0,0,0,0,0,0.0,1,4.0,0.0,0.0,0.0,0.0,0.0
2007,NLDS1,sotoge01,CHN,NL,2,6,1,1,0,0,1,2,0,0.0,2,1.0,0.0,0.0,0.0,0.0,0.0
2007,NLDS1,theriry01,CHN,NL,3,12,0,3,0,0,0,1,1,0.0,1,1.0,0.0,0.0,0.0,0.0,1.0
2007,NLDS1,uptonju01,ARI,NL,2,5,2,3,0,0,0,1,1,0.0,3,0.0,0.0,0.0,0.0,0.0,0.0
2007,NLDS1,valvejo01,ARI,NL,3,0,0,0,0,0,0,0,0,0.0,0,0.0,0.0,0.0,0.0,0.0,0.0
2007,NLDS1,wardda01,CHN,NL,3,2,0,1,1,0,0,2,0,0.0,1,1.0,0.0,0.0,0.0,0.0,0.0
2007,NLDS1,webbbr01,ARI,NL,1,2,0,0,0,0,0,0,0,0.0,0,2.0,0.0,0.0,0.0,0.0,0.0
2007,NLDS1,woodke02,CHN,NL,2,0,0,0,0,0,0,0,0,0.0,0,0.0,0.0,0.0,0.0,0.0,0.0
2007,NLDS1,wuertmi01,CHN,NL,2,0,0,0,0,0,0,0,0,0.0,0,0.0,0.0,0.0,0.0,0.0,0.0
2007,NLDS1,youngch04,ARI,NL,3,11,3,3,0,0,2,4,1,0.0,3,8.0,0.0,0.0,0.0,0.0,0.0
2007,NLDS1,zambrca01,CHN,NL,1,3,0,1,1,0,0,0,0,0.0,0,1.0,0.0,0.0,0.0,0.0,0.0
2007,NLDS2,affelje01,COL,NL,1,0,0,0,0,0,0,0,0,0.0,0,0.0,0.0,0.0,0.0,0.0,0.0
2007,NLDS2,alfonan01,PHI,NL,1,0,0,0,0,0,0,0,0,0.0,0,0.0,0.0,0.0,0.0,0.0,0.0
2007,NLDS2,atkinga01,COL,NL,3,13,3,3,2,0,0,1,0,0.0,0,1.0,0.0,0.0,0.0,0.0,0.0
2007,NLDS2,bakerje03,COL,NL,1,1,0,1,0,0,0,1,0,0.0,0,0.0,0.0,0.0,0.0,0.0,0.0
2007,NLDS2,bournmi01,PHI,NL,2,1,0,0,0,0,0,0,0,0.0,0,0.0,0.0,0.0,0.0,0.0,0.0
2007,NLDS2,burrepa01,PHI,NL,3,11,1,2,0,0,1,1,0,0.0,2,3.0,0.0,0.0,0.0,0.0,0.0
2007,NLDS2,carroja01,COL,NL,1,0,0,0,0,0,0,0,0,0.0,0,0.0,0.0,0.0,0.0,0.0,0.0
2007,NLDS2,condrcl01,PHI,NL,1,0,0,0,0,0,0,0,0,0.0,0,0.0,0.0,0.0,0.0,0.0,0.0
2007,NLDS2,corpama01,COL,NL,3,0,0,0,0,0,0,0,0,0.0,0,0.0,0.0,0.0,0.0,0.0,0.0
2007,NLDS2,costech01,PHI,NL,1,1,0,0,0,0,0,0,0,0.0,0,0.0,0.0,0.0,0.0,0.0,0.0
2007,NLDS2,dobbsgr01,PHI,NL,3,3,0,0,0,0,0,0,0,0.0,1,1.0,0.0,0.0,0.0,0.0,0.0
2007,NLDS2,foggjo01,COL,NL,1,1,0,0,0,0,0,0,0,0.0,0,0.0,0.0,0.0,0.0,0.0,0.0
2007,NLDS2,francje01,COL,NL,1,2,0,0,0,0,0,0,0,0.0,0,0.0,0.0,0.0,1.0,0.0,0.0
2007,NLDS2,fuentbr01,COL,NL,3,0,0,0,0,0,0,0,0,0.0,0,0.0,0.0,0.0,0.0,0.0,0.0
2007,NLDS2,gordoto01,PHI,NL,2,0,0,0,0,0,0,0,0,0.0,0,0.0,0.0,0.0,0.0,0.0,0.0
2007,NLDS2,hamelco01,PHI,NL,1,2,0,1,0,0,0,0,0,0.0,0,0.0,0.0,0.0,0.0,0.0,0.0
2007,NLDS2,hawkila01,COL,NL,1,0,0,0,0,0,0,0,0,0.0,0,0.0,0.0,0.0,0.0,0.0,0.0
2007,NLDS2,hawpebr01,COL,NL,3,11,1,3,0,0,0,0,0,0.0,2,5.0,0.0,0.0,0.0,0.0,0.0
2007,NLDS2,helmswe01,PHI,NL,2,2,1,0,0,0,0,0,0,0.0,1,0.0,0.0,0.0,0.0,0.0,0.0
2007,NLDS2,heltoto01,COL,NL,3,12,1,1,0,1,0,0,0,0.0,1,2.0,0.0,0.0,0.0,0.0,0.0
2007,NLDS2,hergema01,COL,NL,1,0,0,0,0,0,0,0,0,0.0,0,0.0,0.0,0.0,0.0,0.0,0.0
2007,NLDS2,hollima01,COL,NL,3,13,2,3,0,0,2,3,0,0.0,0,3.0,0.0,0.0,0.0,0.0,0.0
2007,NLDS2,howarry01,PHI,NL,3,12,1,3,0,0,1,1,0,0.0,0,7.0,0.0,1.0,0.0,0.0,0.0
2007,NLDS2,iguchta01,PHI,NL,3,1,0,0,0,0,0,0,0,0.0,2,0.0,0.0,0.0,0.0,0.0,0.0
2007,NLDS2,jimenub01,COL,NL,1,1,0,0,0,0,0,0,0,0.0,0,0.0,0.0,0.0,1.0,0.0,0.0
2007,NLDS2,kendrky01,PHI,NL,1,1,0,0,0,0,0,0,0,0.0,0,0.0,0.0,0.0,0.0,0.0,0.0
2007,NLDS2,lohseky01,PHI,NL,1,0,0,0,0,0,0,0,0,0.0,0,0.0,0.0,0.0,0.0,0.0,0.0
2007,NLDS2,matsuka01,COL,NL,3,12,2,5,1,2,1,6,0,0.0,2,2.0,1.0,0.0,0.0,0.0,0.0
2007,NLDS2,mesajo01,PHI,NL,1,0,0,0,0,0,0,0,0,0.0,0,0.0,0.0,0.0,0.0,0.0,0.0
2007,NLDS2,moralfr01,COL,NL,1,1,0,0,0,0,0,0,0,0.0,0,1.0,0.0,0.0,0.0,0.0,0.0
2007,NLDS2,moyerja01,PHI,NL,1,2,0,0,0,0,0,0,0,0.0,0,0.0,0.0,0.0,0.0,0.0,0.0
2007,NLDS2,myersbr01,PHI,NL,2,0,0,0,0,0,0,0,0,0.0,0,0.0,0.0,0.0,0.0,0.0,0.0
2007,NLDS2,nunezab01,PHI,NL,3,2,0,0,0,0,0,0,0,0.0,0,0.0,0.0,0.0,0.0,0.0,1.0
2007,NLDS2,rolliji01,PHI,NL,3,11,1,2,0,1,1,4,1,0.0,2,3.0,0.0,0.0,0.0,0.0,1.0
2007,NLDS2,romerjc01,PHI,NL,3,0,0,0,0,0,0,0,0,0.0,0,0.0,0.0,0.0,0.0,0.0,0.0
2007,NLDS2,rowanaa01,PHI,NL,3,12,1,1,0,0,1,1,0,0.0,0,4.0,0.0,0.0,0.0,0.0,0.0
2007,NLDS2,ruizca01,PHI,NL,3,9,1,3,1,0,0,0,1,0.0,1,1.0,0.0,0.0,0.0,0.0,1.0
2007,NLDS2,smithse01,COL,NL,2,2,1,1,0,0,0,0,0,0.0,0,0.0,0.0,0.0,0.0,0.0,0.0
2007,NLDS2,speiery01,COL,NL,1,0,0,0,0,0,0,0,0,0.0,0,0.0,0.0,0.0,0.0,0.0,0.0
2007,NLDS2,spilbry01,COL,NL,3,8,2,2,0,0,0,0,0,0.0,3,3.0,0.0,0.0,0.0,0.0,0.0
2007,NLDS2,sullico01,COL,NL,3,2,0,1,0,0,0,0,0,0.0,0,0.0,0.0,0.0,0.0,0.0,0.0
2007,NLDS2,torreyo01,COL,NL,3,10,3,5,1,0,0,3,0,0.0,2,0.0,1.0,0.0,0.0,0.0,1.0
2007,NLDS2,tulowtr01,COL,NL,3,12,1,2,1,0,1,2,0,1.0,1,5.0,0.0,0.0,0.0,0.0,0.0
2007,NLDS2,utleych01,PHI,NL,3,11,0,2,0,0,0,0,0,0.0,2,5.0,0.0,0.0,0.0,0.0,0.0
2007,NLDS2,victosh01,PHI,NL,3,9,2,2,0,0,1,1,1,0.0,0,1.0,0.0,0.0,0.0,0.0,0.0
2007,NLDS2,werthja01,PHI,NL,2,3,0,0,0,0,0,0,0,0.0,1,1.0,0.0,0.0,0.0,0.0,0.0
2007,WS,affelje01,COL,NL,4,0,0,0,0,0,0,0,0,0.0,0,0.0,0.0,0.0,0.0,0.0,0.0
2007,WS,atkinga01,COL,NL,4,13,3,2,1,0,1,2,0,0.0,3,2.0,0.0,1.0,0.0,0.0,0.0
2007,WS,bakerje03,COL,NL,1,1,0,0,0,0,0,0,0,0.0,0,0.0,0.0,0.0,0.0,0.0,0.0
2007,WS,beckejo02,BOS,AL,1,0,0,0,0,0,0,0,0,0.0,0,0.0,0.0,0.0,0.0,0.0,0.0
2007,WS,carroja01,COL,NL,1,1,0,0,0,0,0,0,0,0.0,0,0.0,0.0,0.0,0.0,0.0,0.0
2007,WS,cookaa01,COL,NL,1,2,0,1,0,0,0,0,0,0.0,0,0.0,0.0,0.0,0.0,0.0,0.0
2007,WS,coraal01,BOS,AL,2,0,0,0,0,0,0,0,0,0.0,0,0.0,0.0,0.0,1.0,0.0,0.0
2007,WS,corpama01,COL,NL,2,0,0,0,0,0,0,0,0,0.0,0,0.0,0.0,0.0,0.0,0.0,0.0
2007,WS,crispco01,BOS,AL,3,2,1,1,0,0,0,0,0,0.0,0,0.0,0.0,0.0,0.0,0.0,0.0
2007,WS,delcama01,BOS,AL,2,0,0,0,0,0,0,0,0,0.0,0,0.0,0.0,0.0,0.0,0.0,0.0
2007,WS,drewjd01,BOS,AL,4,15,1,5,2,0,0,2,0,0.0,1,3.0,0.0,1.0,0.0,0.0,0.0
2007,WS,ellsbja01,BOS,AL,4,16,4,7,4,0,0,3,1,0.0,2,2.0,0.0,0.0,0.0,0.0,0.0
2007,WS,foggjo01,COL,NL,1,0,0,0,0,0,0,0,0,0.0,0,0.0,0.0,0.0,0.0,0.0,0.0
2007,WS,francje01,COL,NL,1,0,0,0,0,0,0,0,0,0.0,0,0.0,0.0,0.0,0.0,0.0,0.0
2007,WS,fuentbr01,COL,NL,3,0,0,0,0,0,0,0,0,0.0,0,0.0,0.0,0.0,0.0,0.0,0.0
2007,WS,gagneer01,BOS,AL,1,0,0,0,0,0,0,0,0,0.0,0,0.0,0.0,0.0,0.0,0.0,0.0
2007,WS,hawkila01,COL,NL,2,0,0,0,0,0,0,0,0,0.0,0,0.0,0.0,0.0,0.0,0.0,0.0
2007,WS,hawpebr01,COL,NL,4,16,1,4,0,1,1,2,0,0.0,1,8.0,0.0,0.0,0.0,0.0,0.0
2007,WS,heltoto01,COL,NL,4,15,2,5,2,0,0,1,0,0.0,2,3.0,0.0,0.0,0.0,0.0,0.0
2007,WS,hergema01,COL,NL,3,0,0,0,0,0,0,0,0,0.0,0,0.0,0.0,0.0,0.0,0.0,0.0
2007,WS,hinsker01,BOS,AL,1,1,0,0,0,0,0,0,0,0.0,0,1.0,0.0,0.0,0.0,0.0,0.0
2007,WS,hollima01,COL,NL,4,17,1,5,0,0,1,3,0,0.0,0,3.0,0.0,0.0,0.0,0.0,1.0
2007,WS,jimenub01,COL,NL,1,0,0,0,0,0,0,0,0,0.0,0,0.0,0.0,0.0,0.0,0.0,0.0
2007,WS,kieltbo01,BOS,AL,1,1,1,1,0,0,1,1,0,0.0,0,0.0,0.0,0.0,0.0,0.0,0.0
2007,WS,lestejo01,BOS,AL,1,2,0,0,0,0,0,0,0,0.0,0,1.0,0.0,0.0,0.0,0.0,0.0
2007,WS,lopezja02,BOS,AL,1,0,0,0,0,0,0,0,0,0.0,0,0.0,0.0,0.0,0.0,0.0,0.0
2007,WS,lowelmi01,BOS,AL,4,15,6,6,3,0,1,4,1,0.0,3,1.0,1.0,0.0,0.0,0.0,0.0
2007,WS,lugoju01,BOS,AL,4,13,2,5,1,0,0,1,0,0.0,3,0.0,0.0,0.0,1.0,0.0,1.0
2007,WS,matsuda01,BOS,AL,1,3,0,1,0,0,0,2,0,0.0,0,1.0,0.0,0.0,0.0,0.0,0.0
2007,WS,matsuka01,COL,NL,4,17,1,5,1,0,0,0,1,0.0,0,5.0,0.0,0.0,0.0,0.0,0.0
2007,WS,moralfr01,COL,NL,2,1,0,0,0,0,0,0,0,0.0,0,1.0,0.0,0.0,0.0,0.0,0.0
2007,WS,okajihi01,BOS,AL,3,0,0,0,0,0,0,0,0,0.0,0,0.0,0.0,0.0,0.0,0.0,0.0
2007,WS,ortizda01,BOS,AL,4,15,4,5,3,0,0,4,0,0.0,2,3.0,0.0,0.0,0.0,0.0,0.0
2007,WS,papeljo01,BOS,AL,3,0,0,0,0,0,0,0,0,0.0,0,0.0,0.0,0.0,0.0,0.0,0.0
2007,WS,pedrodu01,BOS,AL,4,18,2,5,1,0,1,4,0,0.0,2,0.0,0.0,0.0,0.0,0.0,1.0
2007,WS,ramirma02,BOS,AL,4,16,3,4,1,0,0,2,0,0.0,2,2.0,2.0,0.0,0.0,0.0,1.0
2007,WS,schilcu01,BOS,AL,1,0,0,0,0,0,0,0,0,0.0,0,0.0,0.0,0.0,0.0,0.0,0.0
2007,WS,smithse01,COL,NL,2,2,0,1,0,0,0,0,0,0.0,0,1.0,0.0,0.0,0.0,0.0,0.0
2007,WS,speiery01,COL,NL,1,0,0,0,0,0,0,0,0,0.0,0,0.0,0.0,0.0,0.0,0.0,0.0
2007,WS,spilbry01,COL,NL,4,10,0,0,0,0,0,0,0,0.0,2,4.0,0.0,0.0,0.0,0.0,0.0
2007,WS,sullico01,COL,NL,2,3,0,1,0,0,0,0,0,0.0,0,0.0,0.0,0.0,0.0,0.0,0.0
2007,WS,taverwi01,COL,NL,3,8,1,0,0,0,0,0,0,0.0,0,3.0,0.0,1.0,0.0,0.0,0.0
2007,WS,timlimi01,BOS,AL,3,0,0,0,0,0,0,0,0,0.0,0,0.0,0.0,0.0,0.0,0.0,0.0
2007,WS,torreyo01,COL,NL,4,14,0,2,0,0,0,1,0,0.0,0,1.0,0.0,0.0,1.0,0.0,1.0
2007,WS,tulowtr01,COL,NL,4,13,1,3,2,0,0,1,0,0.0,2,5.0,0.0,0.0,0.0,0.0,0.0
2007,WS,varitja01,BOS,AL,4,15,2,5,1,0,0,5,0,0.0,1,5.0,0.0,0.0,0.0,2.0,0.0
2007,WS,youklke01,BOS,AL,4,9,3,2,2,0,0,1,0,0.0,3,1.0,0.0,0.0,0.0,0.0,0.0
2008,ALCS,aybarwi01,TBA,AL,6,19,3,8,1,0,2,6,0,0.0,0,3.0,0.0,0.0,0.0,0.0,0.0
2008,ALCS,baldero01,TBA,AL,2,6,1,2,0,0,1,4,0,0.0,1,3.0,0.0,0.0,0.0,0.0,0.0
2008,ALCS,balfogr01,TBA,AL,4,0,0,0,0,0,0,0,0,0.0,0,0.0,0.0,0.0,0.0,0.0,0.0
2008,ALCS,bartlja01,TBA,AL,7,23,4,5,0,1,1,1,1,0.0,1,5.0,0.0,2.0,0.0,0.0,0.0
2008,ALCS,bayja01,BOS,AL,7,24,3,7,1,0,1,4,0,0.0,7,8.0,1.0,1.0,0.0,0.0,0.0
2008,ALCS,beckejo02,BOS,AL,2,0,0,0,0,0,0,0,0,0.0,0,0.0,0.0,0.0,0.0,0.0,0.0
2008,ALCS,bradfch01,TBA,AL,3,0,0,0,0,0,0,0,0,0.0,0,0.0,0.0,0.0,0.0,0.0,0.0
2008,ALCS,byrdpa01,BOS,AL,1,0,0,0,0,0,0,0,0,0.0,0,0.0,0.0,0.0,0.0,0.0,0.0
2008,ALCS,caseyse01,BOS,AL,2,2,0,0,0,0,0,0,0,0.0,0,2.0,0.0,0.0,0.0,0.0,0.0
2008,ALCS,cashke01,BOS,AL,3,3,1,1,0,0,1,1,0,0.0,0,1.0,0.0,0.0,0.0,0.0,0.0
2008,ALCS,coraal01,BOS,AL,2,7,0,1,0,0,0,0,0,0.0,0,1.0,0.0,0.0,0.0,0.0,0.0
2008,ALCS,crawfca02,TBA,AL,7,29,3,10,2,1,0,4,3,0.0,1,7.0,0.0,0.0,0.0,0.0,0.0
2008,ALCS,crispco01,BOS,AL,5,20,2,9,2,0,0,1,0,0.0,4,3.0,0.0,0.0,0.0,0.0,1.0
2008,ALCS,delcama01,BOS,AL,3,0,0,0,0,0,0,0,0,0.0,0,0.0,0.0,0.0,0.0,0.0,0.0
2008,ALCS,drewjd01,BOS,AL,7,24,1,6,1,0,1,3,0,0.0,4,6.0,0.0,1.0,0.0,0.0,1.0
2008,ALCS,ellsbja01,BOS,AL,4,14,0,0,0,0,0,1,0,0.0,1,3.0,0.0,0.0,0.0,1.0,0.0
2008,ALCS,floydcl01,TBA,AL,4,10,1,2,0,0,1,1,0,0.0,0,4.0,0.0,0.0,0.0,0.0,0.0
2008,ALCS,garzama01,TBA,AL,2,0,0,0,0,0,0,0,0,0.0,0,0.0,0.0,0.0,0.0,0.0,0.0
2008,ALCS,grossga01,TBA,AL,6,10,0,0,0,0,0,0,1,0.0,1,5.0,0.0,0.0,0.0,0.0,0.0
2008,ALCS,howeljp01,TBA,AL,6,0,0,0,0,0,0,0,0,0.0,0,0.0,0.0,0.0,0.0,0.0,0.0
2008,ALCS,iwamuak01,TBA,AL,7,29,4,6,2,0,0,0,2,0.0,5,5.0,1.0,0.0,0.0,0.0,0.0
2008,ALCS,jacksed01,TBA,AL,2,0,0,0,0,0,0,0,0,0.0,0,0.0,0.0,0.0,0.0,0.0,0.0
2008,ALCS,kazmisc01,TBA,AL,2,0,0,0,0,0,0,0,0,0.0,0,0.0,0.0,0.0,0.0,0.0,0.0
2008,ALCS,kotsama01,BOS,AL,7,30,1,7,3,0,0,0,0,0.0,0,4.0,0.0,0.0,0.0,0.0,0.0
2008,ALCS,lestejo01,BOS,AL,2,0,0,0,0,0,0,0,0,0.0,0,0.0,0.0,0.0,0.0,0.0,0.0
2008,ALCS,longoev01,TBA,AL,7,27,8,7,3,0,4,8,0,0.0,3,5.0,0.0,0.0,0.0,0.0,3.0
2008,ALCS,lopezja02,BOS,AL,2,0,0,0,0,0,0,0,0,0.0,0,0.0,0.0,0.0,0.0,0.0,0.0
2008,ALCS,lowrije01,BOS,AL,6,18,2,2,1,0,0,1,0,0.0,4,4.0,0.0,0.0,0.0,1.0,0.0
2008,ALCS,masteju01,BOS,AL,5,0,0,0,0,0,0,0,0,0.0,0,0.0,0.0,0.0,0.0,0.0,0.0
2008,ALCS,matsuda01,BOS,AL,2,0,0,0,0,0,0,0,0,0.0,0,0.0,0.0,0.0,0.0,0.0,0.0
2008,ALCS,milletr02,TBA,AL,3,0,0,0,0,0,0,0,0,0.0,0,0.0,0.0,0.0,0.0,0.0,0.0
2008,ALCS,navardi01,TBA,AL,7,26,1,5,0,0,0,2,0,1.0,2,4.0,0.0,0.0,0.0,0.0,1.0
2008,ALCS,okajihi01,BOS,AL,5,0,0,0,0,0,0,0,0,0.0,0,0.0,0.0,0.0,0.0,0.0,0.0
2008,ALCS,ortizda01,BOS,AL,7,26,3,4,1,1,1,4,0,0.0,6,9.0,1.0,0.0,0.0,0.0,0.0
2008,ALCS,papeljo01,BOS,AL,4,0,0,0,0,0,0,0,0,0.0,0,0.0,0.0,0.0,0.0,0.0,0.0
2008,ALCS,pedrodu01,BOS,AL,7,26,9,9,1,0,3,5,2,1.0,5,3.0,0.0,1.0,0.0,0.0,1.0
2008,ALCS,penaca01,TBA,AL,7,26,8,7,1,0,3,6,1,0.0,6,7.0,1.0,0.0,0.0,0.0,1.0
2008,ALCS,perezfe01,TBA,AL,3,5,2,0,0,0,0,0,0,0.0,0,2.0,0.0,0.0,0.0,0.0,0.0
2008,ALCS,priceda01,TBA,AL,3,0,0,0,0,0,0,0,0,0.0,0,0.0,0.0,0.0,0.0,0.0,0.0
2008,ALCS,shielja02,TBA,AL,2,0,0,0,0,0,0,0,0,0.0,0,0.0,0.0,0.0,0.0,0.0,0.0
2008,ALCS,sonnaan01,TBA,AL,1,0,0,0,0,0,0,0,0,0.0,0,0.0,0.0,0.0,0.0,0.0,0.0
2008,ALCS,timlimi01,BOS,AL,2,0,0,0,0,0,0,0,0,0.0,0,0.0,0.0,0.0,0.0,0.0,0.0
2008,ALCS,uptonbj01,TBA,AL,7,28,8,9,1,0,4,11,2,0.0,4,7.0,0.0,0.0,0.0,1.0,0.0
2008,ALCS,varitja01,BOS,AL,6,20,2,1,0,0,1,1,0,0.0,2,8.0,0.0,1.0,0.0,0.0,0.0
2008,ALCS,wakefti01,BOS,AL,1,0,0,0,0,0,0,0,0,0.0,0,0.0,0.0,0.0,0.0,0.0,0.0
2008,ALCS,wheelda01,TBA,AL,3,0,0,0,0,0,0,0,0,0.0,0,0.0,0.0,0.0,0.0,0.0,0.0
2008,ALCS,youklke01,BOS,AL,7,30,4,10,3,0,2,6,0,0.0,2,4.0,0.0,0.0,0.0,0.0,2.0
2008,ALCS,zobribe01,TBA,AL,3,4,0,0,0,0,0,0,0,0.0,1,0.0,0.0,0.0,0.0,0.0,0.0
2008,ALDS1,anderga01,LAA,AL,4,19,1,3,0,0,0,0,0,0.0,1,4.0,0.0,0.0,0.0,0.0,0.0
2008,ALDS1,arredjo01,LAA,AL,3,0,0,0,0,0,0,0,0,0.0,0,0.0,0.0,0.0,0.0,0.0,0.0
2008,ALDS1,aybarer01,LAA,AL,4,18,0,2,0,0,0,1,0,0.0,0,2.0,0.0,0.0,0.0,0.0,0.0
2008,ALDS1,bayja01,BOS,AL,4,17,3,7,2,0,2,5,0,0.0,2,4.0,0.0,0.0,0.0,0.0,0.0
2008,ALDS1,beckejo02,BOS,AL,1,0,0,0,0,0,0,0,0,0.0,0,0.0,0.0,0.0,0.0,0.0,0.0
2008,ALDS1,cashke01,BOS,AL,1,0,0,0,0,0,0,0,0,0.0,0,0.0,0.0,0.0,0.0,0.0,0.0
2008,ALDS1,coraal01,BOS,AL,2,4,1,1,1,0,0,0,0,0.0,1,1.0,0.0,0.0,0.0,0.0,0.0
2008,ALDS1,crispco01,BOS,AL,2,4,2,1,0,0,0,0,1,0.0,1,0.0,0.0,0.0,0.0,0.0,0.0
2008,ALDS1,delcama01,BOS,AL,2,0,0,0,0,0,0,0,0,0.0,0,0.0,0.0,0.0,0.0,0.0,0.0
2008,ALDS1,drewjd01,BOS,AL,4,14,2,4,1,0,1,3,0,0.0,0,4.0,0.0,0.0,0.0,0.0,0.0
2008,ALDS1,ellsbja01,BOS,AL,4,18,2,6,3,0,0,6,3,1.0,2,2.0,0.0,0.0,0.0,0.0,1.0
2008,ALDS1,figgich01,LAA,AL,4,21,2,7,1,1,0,1,1,0.0,0,6.0,0.0,0.0,0.0,0.0,0.0
2008,ALDS1,guerrvl01,LAA,AL,4,15,2,7,1,0,0,0,1,0.0,4,1.0,0.0,0.0,0.0,0.0,0.0
2008,ALDS1,hunteto01,LAA,AL,4,18,0,7,0,0,0,5,0,0.0,1,3.0,0.0,0.0,0.0,0.0,0.0
2008,ALDS1,kendrho01,LAA,AL,4,17,0,2,0,0,0,0,0,0.0,0,7.0,0.0,0.0,2.0,0.0,0.0
2008,ALDS1,kotsama01,BOS,AL,3,10,1,3,0,0,0,0,0,0.0,0,1.0,0.0,0.0,0.0,0.0,1.0
2008,ALDS1,lackejo01,LAA,AL,2,0,0,0,0,0,0,0,0,0.0,0,0.0,0.0,0.0,0.0,0.0,0.0
2008,ALDS1,lestejo01,BOS,AL,2,0,0,0,0,0,0,0,0,0.0,0,0.0,0.0,0.0,0.0,0.0,0.0
2008,ALDS1,lopezja02,BOS,AL,1,0,0,0,0,0,0,0,0,0.0,0,0.0,0.0,0.0,0.0,0.0,0.0
2008,ALDS1,lowelmi01,BOS,AL,2,8,0,0,0,0,0,0,0,0.0,1,3.0,0.0,0.0,0.0,0.0,0.0
2008,ALDS1,lowrije01,BOS,AL,3,11,2,4,0,0,0,1,0,0.0,1,3.0,0.0,1.0,0.0,0.0,0.0
2008,ALDS1,masteju01,BOS,AL,4,0,0,0,0,0,0,0,0,0.0,0,0.0,0.0,0.0,0.0,0.0,0.0
2008,ALDS1,mathije01,LAA,AL,1,2,0,1,0,0,0,0,0,0.0,0,1.0,0.0,0.0,0.0,0.0,0.0
2008,ALDS1,matsuda01,BOS,AL,1,0,0,0,0,0,0,0,0,0.0,0,0.0,0.0,0.0,0.0,0.0,0.0
2008,ALDS1,matthga02,LAA,AL,3,5,0,0,0,0,0,0,0,0.0,0,2.0,0.0,0.0,0.0,0.0,0.0
2008,ALDS1,moralke01,LAA,AL,4,4,0,2,1,0,0,0,0,0.0,0,0.0,0.0,0.0,0.0,0.0,0.0
2008,ALDS1,napolmi01,LAA,AL,4,12,3,3,0,0,2,4,0,0.0,2,3.0,0.0,1.0,0.0,0.0,0.0
2008,ALDS1,okajihi01,BOS,AL,3,0,0,0,0,0,0,0,0,0.0,0,0.0,0.0,0.0,0.0,0.0,0.0
2008,ALDS1,oliveda02,LAA,AL,2,0,0,0,0,0,0,0,0,0.0,0,0.0,0.0,0.0,0.0,0.0,0.0
2008,ALDS1,ortizda01,BOS,AL,4,17,1,4,1,0,0,1,0,0.0,3,4.0,0.0,0.0,0.0,0.0,0.0
2008,ALDS1,papeljo01,BOS,AL,3,0,0,0,0,0,0,0,0,0.0,0,0.0,0.0,0.0,0.0,0.0,0.0
2008,ALDS1,pedrodu01,BOS,AL,4,17,0,1,1,0,0,1,0,0.0,2,2.0,0.0,1.0,0.0,0.0,0.0
2008,ALDS1,riverju01,LAA,AL,3,8,1,1,0,0,0,1,0,0.0,3,2.0,0.0,0.0,0.0,0.0,0.0
2008,ALDS1,rodrifr03,LAA,AL,2,0,0,0,0,0,0,0,0,0.0,0,0.0,0.0,0.0,0.0,0.0,0.0
2008,ALDS1,rossda01,BOS,AL,1,0,0,0,0,0,0,0,0,0.0,0,0.0,0.0,0.0,0.0,0.0,0.0
2008,ALDS1,santaer01,LAA,AL,1,0,0,0,0,0,0,0,0,0.0,0,0.0,0.0,0.0,0.0,0.0,0.0
2008,ALDS1,saundjo01,LAA,AL,1,0,0,0,0,0,0,0,0,0.0,0,0.0,0.0,0.0,0.0,0.0,0.0
2008,ALDS1,shielsc01,LAA,AL,4,0,0,0,0,0,0,0,0,0.0,0,0.0,0.0,0.0,0.0,0.0,0.0
2008,ALDS1,teixema01,LAA,AL,4,15,4,7,0,0,0,1,0,0.0,4,3.0,0.0,0.0,0.0,1.0,0.0
2008,ALDS1,varitja01,BOS,AL,4,14,2,3,0,0,0,0,0,0.0,0,1.0,0.0,0.0,1.0,0.0,2.0
2008,ALDS1,weaveje02,LAA,AL,1,0,0,0,0,0,0,0,0,0.0,0,0.0,0.0,0.0,0.0,0.0,0.0
2008,ALDS1,willire03,LAA,AL,3,0,0,0,0,0,0,0,0,1.0,0,0.0,0.0,0.0,0.0,0.0,0.0
2008,ALDS1,youklke01,BOS,AL,4,18,2,4,1,0,0,1,0,0.0,2,3.0,0.0,0.0,0.0,0.0,0.0
2008,ALDS2,anderbr03,CHA,AL,3,5,1,0,0,0,0,0,1,0.0,0,4.0,0.0,0.0,1.0,0.0,0.0
2008,ALDS2,aybarwi01,TBA,AL,4,11,2,3,1,0,0,1,0,0.0,0,2.0,0.0,0.0,1.0,1.0,0.0
2008,ALDS2,baldero01,TBA,AL,3,8,2,1,0,0,0,1,0,0.0,1,0.0,0.0,0.0,0.0,0.0,0.0
2008,ALDS2,balfogr01,TBA,AL,3,0,0,0,0,0,0,0,0,0.0,0,0.0,0.0,0.0,0.0,0.0,0.0
2008,ALDS2,bartlja01,TBA,AL,4,14,3,4,1,0,0,0,0,0.0,1,3.0,0.0,0.0,0.0,0.0,1.0
2008,ALDS2,bradfch01,TBA,AL,2,0,0,0,0,0,0,0,0,0.0,0,0.0,0.0,0.0,0.0,0.0,0.0
2008,ALDS2,buehrma01,CHA,AL,1,0,0,0,0,0,0,0,0,0.0,0,0.0,0.0,0.0,0.0,0.0,0.0
2008,ALDS2,cabreor01,CHA,AL,4,16,1,2,0,0,0,0,0,0.0,0,3.0,0.0,1.0,0.0,0.0,0.0
2008,ALDS2,crawfca02,TBA,AL,4,14,2,3,0,0,0,2,3,0.0,2,2.0,0.0,0.0,0.0,0.0,0.0
2008,ALDS2,danksjo01,CHA,AL,1,0,0,0,0,0,0,0,0,0.0,0,0.0,0.0,0.0,0.0,0.0,0.0
2008,ALDS2,doteloc01,CHA,AL,4,0,0,0,0,0,0,0,0,0.0,0,0.0,0.0,0.0,0.0,0.0,0.0
2008,ALDS2,dyeje01,CHA,AL,4,16,1,6,1,0,1,1,0,0.0,1,3.0,0.0,0.0,0.0,0.0,1.0
2008,ALDS2,floydcl01,TBA,AL,2,5,1,1,1,0,0,1,0,0.0,0,3.0,0.0,0.0,0.0,0.0,0.0
2008,ALDS2,floydga01,CHA,AL,1,0,0,0,0,0,0,0,0,0.0,0,0.0,0.0,0.0,0.0,0.0,0.0
2008,ALDS2,garzama01,TBA,AL,1,0,0,0,0,0,0,0,0,0.0,0,0.0,0.0,0.0,0.0,0.0,0.0
2008,ALDS2,griffke02,CHA,AL,3,10,1,2,0,0,0,0,0,0.0,1,5.0,0.0,0.0,0.0,0.0,0.0
2008,ALDS2,grossga01,TBA,AL,3,6,0,1,0,0,0,0,1,0.0,2,2.0,0.0,0.0,0.0,0.0,1.0
2008,ALDS2,howeljp01,TBA,AL,3,0,0,0,0,0,0,0,0,0.0,0,0.0,0.0,0.0,0.0,0.0,0.0
2008,ALDS2,iwamuak01,TBA,AL,4,18,3,7,1,1,1,4,0,0.0,1,4.0,0.0,0.0,0.0,0.0,0.0
2008,ALDS2,jenksbo01,CHA,AL,1,0,0,0,0,0,0,0,0,0.0,0,0.0,0.0,0.0,0.0,0.0,0.0
2008,ALDS2,kazmisc01,TBA,AL,1,0,0,0,0,0,0,0,0,0.0,0,0.0,0.0,0.0,0.0,0.0,0.0
2008,ALDS2,konerpa01,CHA,AL,4,16,3,5,0,0,2,2,0,0.0,1,1.0,0.0,0.0,0.0,0.0,2.0
2008,ALDS2,linebsc01,CHA,AL,1,0,0,0,0,0,0,0,0,0.0,0,0.0,0.0,0.0,0.0,0.0,0.0
2008,ALDS2,longoev01,TBA,AL,4,15,2,4,0,0,2,3,1,0.0,2,6.0,0.0,0.0,0.0,0.0,0.0
2008,ALDS2,milletr02,TBA,AL,1,0,0,0,0,0,0,0,0,0.0,0,0.0,0.0,0.0,0.0,0.0,0.0
2008,ALDS2,navardi01,TBA,AL,4,15,1,6,3,0,0,3,0,0.0,1,2.0,0.0,0.0,0.0,0.0,0.0
2008,ALDS2,penaca01,TBA,AL,3,10,0,5,0,0,0,2,2,1.0,1,4.0,1.0,0.0,0.0,0.0,0.0
2008,ALDS2,perezfe01,TBA,AL,1,4,0,1,0,0,0,0,0,0.0,0,0.0,0.0,0.0,0.0,0.0,0.0
2008,ALDS2,pierzaj01,CHA,AL,4,13,1,5,1,0,0,1,0,1.0,2,1.0,0.0,1.0,0.0,0.0,0.0
2008,ALDS2,ramiral03,CHA,AL,4,12,1,3,0,0,0,2,0,0.0,1,1.0,0.0,0.0,0.0,2.0,0.0
2008,ALDS2,richacl01,CHA,AL,2,0,0,0,0,0,0,0,0,0.0,0,0.0,0.0,0.0,0.0,0.0,0.0
2008,ALDS2,shielja02,TBA,AL,1,0,0,0,0,0,0,0,0,0.0,0,0.0,0.0,0.0,0.0,0.0,0.0
2008,ALDS2,sonnaan01,TBA,AL,1,0,0,0,0,0,0,0,0,0.0,0,0.0,0.0,0.0,0.0,0.0,0.0
2008,ALDS2,swishni01,CHA,AL,3,4,1,1,0,0,0,0,0,0.0,2,1.0,0.0,0.0,0.0,0.0,0.0
2008,ALDS2,thomeji01,CHA,AL,4,16,1,2,1,0,0,1,0,0.0,1,3.0,0.0,0.0,0.0,0.0,0.0
2008,ALDS2,thornma01,CHA,AL,3,0,0,0,0,0,0,0,0,0.0,0,0.0,0.0,0.0,0.0,0.0,0.0
2008,ALDS2,uptonbj01,TBA,AL,4,18,5,5,0,1,3,4,0,0.0,1,5.0,1.0,0.0,0.0,0.0,0.0
2008,ALDS2,uribeju01,CHA,AL,4,12,0,2,0,0,0,1,1,0.0,0,5.0,0.0,0.0,1.0,0.0,0.0
2008,ALDS2,vazquja01,CHA,AL,1,0,0,0,0,0,0,0,0,0.0,0,0.0,0.0,0.0,0.0,0.0,0.0
2008,ALDS2,wheelda01,TBA,AL,1,0,0,0,0,0,0,0,0,0.0,0,0.0,0.0,0.0,0.0,0.0,0.0
2008,ALDS2,wisede01,CHA,AL,3,7,2,2,1,0,1,5,1,0.0,1,2.0,0.0,0.0,0.0,0.0,0.0
2008,NLCS,beimejo01,LAN,NL,3,0,0,0,0,0,0,0,0,0.0,0,0.0,0.0,0.0,0.0,0.0,0.0
2008,NLCS,berroan01,LAN,NL,2,1,0,0,0,0,0,0,0,0.0,0,0.0,0.0,0.0,0.0,0.0,0.0
2008,NLCS,billich01,LAN,NL,2,1,0,0,0,0,0,0,0,0.0,0,0.0,0.0,0.0,0.0,0.0,0.0
2008,NLCS,blakeca01,LAN,NL,5,19,2,5,0,0,1,2,0,0.0,2,4.0,1.0,0.0,0.0,0.0,0.0
2008,NLCS,blantjo01,PHI,NL,1,2,0,0,0,0,0,0,0,0.0,0,2.0,0.0,0.0,0.0,0.0,0.0
2008,NLCS,broxtjo01,LAN,NL,2,0,0,0,0,0,0,0,0,0.0,0,0.0,0.0,0.0,0.0,0.0,0.0
2008,NLCS,brunter01,PHI,NL,4,2,0,0,0,0,0,0,0,1.0,1,0.0,0.0,0.0,0.0,0.0,1.0
2008,NLCS,burrepa01,PHI,NL,5,18,1,6,0,0,1,3,0,0.0,1,7.0,0.0,0.0,0.0,0.0,0.0
2008,NLCS,condrcl01,PHI,NL,1,0,0,0,0,0,0,0,0,0.0,0,0.0,0.0,0.0,0.0,0.0,0.0
2008,NLCS,costech01,PHI,NL,1,1,0,1,0,0,0,0,0,0.0,0,0.0,0.0,0.0,0.0,0.0,0.0
2008,NLCS,dewitbl01,LAN,NL,5,13,0,1,0,1,0,5,0,0.0,1,4.0,0.0,0.0,0.0,1.0,3.0
2008,NLCS,dobbsgr01,PHI,NL,3,6,2,3,1,0,0,0,0,0.0,1,1.0,1.0,0.0,0.0,0.0,0.0
2008,NLCS,durbich01,PHI,NL,3,0,0,0,0,0,0,0,0,0.0,0,0.0,0.0,0.0,0.0,0.0,0.0
2008,NLCS,ethiean01,LAN,NL,5,22,4,5,1,0,0,0,0,0.0,1,6.0,0.0,0.0,0.0,0.0,1.0
2008,NLCS,eyresc01,PHI,NL,2,0,0,0,0,0,0,0,0,0.0,0,0.0,0.0,0.0,0.0,0.0,0.0
2008,NLCS,felizpe01,PHI,NL,5,13,0,2,0,0,0,1,0,0.0,1,2.0,0.0,0.0,0.0,0.0,0.0
2008,NLCS,furcara01,LAN,NL,5,19,5,4,0,0,1,1,0,0.0,3,2.0,0.0,0.0,1.0,0.0,0.0
2008,NLCS,garcino01,LAN,NL,4,7,0,3,0,0,0,1,0,0.0,1,2.0,0.0,0.0,0.0,0.0,0.0
2008,NLCS,hamelco01,PHI,NL,2,5,0,1,0,0,0,0,0,0.0,0,2.0,0.0,0.0,0.0,0.0,0.0
2008,NLCS,happja01,PHI,NL,1,0,0,0,0,0,0,0,0,0.0,0,0.0,0.0,0.0,0.0,0.0,0.0
2008,NLCS,howarry01,PHI,NL,5,20,4,6,1,0,0,2,0,0.0,3,2.0,0.0,0.0,0.0,0.0,0.0
2008,NLCS,jenkige01,PHI,NL,2,1,0,0,0,0,0,0,0,0.0,0,0.0,0.0,0.0,0.0,0.0,0.0
2008,NLCS,kempma01,LAN,NL,5,15,1,5,1,0,0,0,0,1.0,4,4.0,0.0,0.0,0.0,0.0,1.0
2008,NLCS,kentje01,LAN,NL,5,8,0,0,0,0,0,0,0,0.0,0,4.0,0.0,0.0,0.0,0.0,1.0
2008,NLCS,kershcl01,LAN,NL,2,0,0,0,0,0,0,0,0,0.0,0,0.0,0.0,0.0,0.0,0.0,0.0
2008,NLCS,kuoho01,LAN,NL,3,0,0,0,0,0,0,0,0,0.0,0,0.0,0.0,0.0,1.0,0.0,0.0
2008,NLCS,kurodhi01,LAN,NL,1,3,0,0,0,0,0,0,0,0.0,0,1.0,0.0,0.0,0.0,0.0,0.0
2008,NLCS,lidgebr01,PHI,NL,4,0,0,0,0,0,0,0,0,0.0,0,0.0,0.0,0.0,0.0,0.0,0.0
2008,NLCS,loneyja01,LAN,NL,5,16,0,7,2,0,0,2,0,0.0,3,5.0,1.0,0.0,0.0,0.0,0.0
2008,NLCS,lowede01,LAN,NL,2,4,0,1,0,0,0,0,0,0.0,0,2.0,0.0,0.0,0.0,0.0,0.0
2008,NLCS,maddugr01,LAN,NL,2,0,0,0,0,0,0,0,0,0.0,0,0.0,0.0,0.0,0.0,0.0,0.0
2008,NLCS,madsory01,PHI,NL,4,0,0,0,0,0,0,0,0,0.0,0,0.0,0.0,0.0,0.0,0.0,0.0
2008,NLCS,martiru01,LAN,NL,5,17,3,2,0,0,0,1,1,0.0,3,7.0,0.0,2.0,0.0,0.0,1.0
2008,NLCS,mcdonja03,LAN,NL,2,1,0,0,0,0,0,0,0,0.0,0,0.0,0.0,0.0,0.0,0.0,0.0
2008,NLCS,moyerja01,PHI,NL,1,0,0,0,0,0,0,0,0,0.0,0,0.0,0.0,0.0,0.0,0.0,0.0
2008,NLCS,myersbr01,PHI,NL,1,3,2,3,0,0,0,3,0,0.0,0,0.0,0.0,0.0,0.0,0.0,0.0
2008,NLCS,ozunapa01,LAN,NL,1,1,0,0,0,0,0,0,0,0.0,0,0.0,0.0,0.0,0.0,0.0,0.0
2008,NLCS,parkch01,LAN,NL,4,0,0,0,0,0,0,0,0,0.0,0,0.0,0.0,0.0,0.0,0.0,0.0
2008,NLCS,pierrju01,LAN,NL,1,3,1,2,1,0,0,0,0,1.0,0,0.0,0.0,0.0,0.0,0.0,0.0
2008,NLCS,ramirma02,LAN,NL,5,15,4,8,2,0,2,7,0,0.0,7,1.0,2.0,0.0,0.0,0.0,0.0
2008,NLCS,rolliji01,PHI,NL,5,21,4,3,0,0,1,1,2,0.0,2,8.0,0.0,0.0,0.0,0.0,1.0
2008,NLCS,romerjc01,PHI,NL,3,0,0,0,0,0,0,0,0,0.0,0,0.0,0.0,0.0,0.0,0.0,0.0
2008,NLCS,ruizca01,PHI,NL,5,16,3,5,1,0,0,1,0,0.0,1,0.0,0.0,0.0,0.0,0.0,0.0
2008,NLCS,stairma01,PHI,NL,1,1,1,1,0,0,1,2,0,0.0,0,0.0,0.0,0.0,0.0,0.0,0.0
2008,NLCS,tagucso01,PHI,NL,4,4,0,0,0,0,0,0,0,0.0,0,0.0,0.0,0.0,0.0,0.0,0.0
2008,NLCS,utleych01,PHI,NL,5,17,4,6,2,0,1,3,0,1.0,6,5.0,0.0,0.0,0.0,0.0,1.0
2008,NLCS,victosh01,PHI,NL,5,18,2,4,0,1,1,6,0,0.0,2,1.0,2.0,0.0,1.0,0.0,1.0
2008,NLCS,wadeco01,LAN,NL,4,0,0,0,0,0,0,0,0,0.0,0,0.0,0.0,0.0,0.0,0.0,0.0
2008,NLCS,werthja01,PHI,NL,5,21,2,4,1,0,0,0,0,0.0,1,7.0,0.0,0.0,0.0,0.0,1.0
2008,NLDS1,berroan01,LAN,NL,3,1,0,1,0,0,0,0,0,0.0,0,0.0,0.0,0.0,1.0,0.0,0.0
2008,NLDS1,billich01,LAN,NL,1,3,0,0,0,0,0,0,0,0.0,0,1.0,0.0,0.0,0.0,0.0,0.0
2008,NLDS1,blakeca01,LAN,NL,3,11,2,3,0,0,0,2,0,0.0,0,1.0,0.0,1.0,0.0,0.0,0.0
2008,NLDS1,broxtjo01,LAN,NL,3,0,0,0,0,0,0,0,0,0.0,0,0.0,0.0,0.0,0.0,0.0,0.0
2008,NLDS1,cedenro02,CHN,NL,1,0,0,0,0,0,0,0,1,0.0,0,0.0,0.0,0.0,0.0,0.0,0.0
2008,NLDS1,cottsne01,CHN,NL,2,0,0,0,0,0,0,0,0,0.0,0,0.0,0.0,0.0,0.0,0.0,0.0
2008,NLDS1,dempsry01,CHN,NL,1,2,0,1,0,0,0,0,0,0.0,0,1.0,0.0,0.0,0.0,0.0,0.0
2008,NLDS1,derosma01,CHN,NL,3,12,2,4,2,0,1,4,0,0.0,0,1.0,0.0,0.0,0.0,0.0,1.0
2008,NLDS1,dewitbl01,LAN,NL,3,11,2,3,2,0,0,1,0,0.0,0,2.0,0.0,0.0,0.0,0.0,0.0
2008,NLDS1,edmonji01,CHN,NL,3,10,1,2,1,0,0,1,0,0.0,0,2.0,0.0,0.0,0.0,0.0,0.0
2008,NLDS1,ethiean01,LAN,NL,3,10,2,1,0,0,0,0,0,0.0,4,4.0,0.0,0.0,0.0,0.0,0.0
2008,NLDS1,fontemi01,CHN,NL,3,6,0,2,0,0,0,0,0,0.0,0,0.0,0.0,0.0,0.0,0.0,0.0
2008,NLDS1,fukudko01,CHN,NL,3,10,0,1,0,0,0,0,0,0.0,0,4.0,0.0,0.0,0.0,0.0,0.0
2008,NLDS1,furcara01,LAN,NL,3,12,4,4,0,0,0,2,0,0.0,3,2.0,0.0,0.0,0.0,0.0,0.0
2008,NLDS1,harderi01,CHN,NL,1,2,0,0,0,0,0,0,0,0.0,0,1.0,0.0,0.0,0.0,0.0,0.0
2008,NLDS1,kempma01,LAN,NL,3,13,0,2,2,0,0,1,0,0.0,0,5.0,0.0,0.0,0.0,0.0,1.0
2008,NLDS1,kentje01,LAN,NL,1,1,0,0,0,0,0,0,0,0.0,0,0.0,0.0,0.0,0.0,0.0,1.0
2008,NLDS1,kurodhi01,LAN,NL,1,3,0,0,0,0,0,0,0,0.0,0,2.0,0.0,0.0,0.0,0.0,0.0
2008,NLDS1,leede02,CHN,NL,3,11,2,6,3,0,0,0,0,0.0,1,2.0,0.0,0.0,0.0,0.0,1.0
2008,NLDS1,loneyja01,LAN,NL,3,14,2,3,1,0,1,6,0,0.0,0,2.0,0.0,0.0,0.0,0.0,0.0
2008,NLDS1,lowede01,LAN,NL,1,1,0,0,0,0,0,0,0,0.0,2,0.0,0.0,0.0,0.0,0.0,0.0
2008,NLDS1,maddugr01,LAN,NL,1,0,0,0,0,0,0,0,0,0.0,0,0.0,0.0,0.0,0.0,0.0,0.0
2008,NLDS1,marmoca01,CHN,NL,2,0,0,0,0,0,0,0,0,0.0,0,0.0,0.0,0.0,0.0,0.0,0.0
2008,NLDS1,marquja01,CHN,NL,1,0,0,0,0,0,0,0,0,0.0,0,0.0,0.0,0.0,0.0,0.0,0.0
2008,NLDS1,marshse01,CHN,NL,2,0,0,0,0,0,0,0,0,0.0,0,0.0,0.0,0.0,0.0,0.0,0.0
2008,NLDS1,martiru01,LAN,NL,3,13,2,4,3,0,1,5,0,0.0,1,3.0,0.0,0.0,0.0,0.0,0.0
2008,NLDS1,piefe01,CHN,NL,1,0,0,0,0,0,0,0,0,0.0,1,0.0,0.0,0.0,0.0,0.0,0.0
2008,NLDS1,pierrju01,LAN,NL,1,1,1,0,0,0,0,0,0,0.0,0,0.0,0.0,0.0,0.0,0.0,0.0
2008,NLDS1,ramirar01,CHN,NL,3,11,1,2,1,0,0,0,0,0.0,1,2.0,0.0,0.0,0.0,0.0,1.0
2008,NLDS1,ramirma02,LAN,NL,3,10,5,5,0,0,2,3,0,0.0,4,3.0,2.0,0.0,0.0,0.0,1.0
2008,NLDS1,saitota01,LAN,NL,1,0,0,0,0,0,0,0,0,0.0,0,0.0,0.0,0.0,0.0,0.0,0.0
2008,NLDS1,samarje01,CHN,NL,1,0,0,0,0,0,0,0,0,0.0,0,0.0,0.0,0.0,0.0,0.0,0.0
2008,NLDS1,soriaal01,CHN,NL,3,14,0,1,0,0,0,0,0,0.0,0,4.0,0.0,0.0,0.0,0.0,0.0
2008,NLDS1,sotoge01,CHN,NL,3,11,0,2,1,0,0,0,0,0.0,1,3.0,0.0,0.0,0.0,0.0,0.0
2008,NLDS1,theriry01,CHN,NL,3,11,0,3,0,0,0,0,0,0.0,1,3.0,1.0,0.0,0.0,0.0,0.0
2008,NLDS1,wadeco01,LAN,NL,3,0,0,0,0,0,0,0,0,0.0,0,0.0,0.0,0.0,0.0,0.0,0.0
2008,NLDS1,wardda01,CHN,NL,3,3,0,1,0,0,0,1,0,0.0,0,1.0,0.0,0.0,0.0,0.0,0.0
2008,NLDS1,woodke02,CHN,NL,1,0,0,0,0,0,0,0,0,0.0,0,0.0,0.0,0.0,0.0,0.0,0.0
2008,NLDS1,zambrca01,CHN,NL,1,1,0,0,0,0,0,0,0,0.0,1,0.0,0.0,0.0,0.0,0.0,0.0
2008,NLDS2,blantjo01,PHI,NL,1,3,0,0,0,0,0,0,0,0.0,0,3.0,0.0,0.0,0.0,0.0,0.0
2008,NLDS2,braunry02,MIL,NL,4,16,0,5,2,0,0,2,0,0.0,0,4.0,0.0,0.0,0.0,1.0,0.0
2008,NLDS2,brunter01,PHI,NL,3,1,0,1,0,0,0,0,0,0.0,0,0.0,0.0,0.0,0.0,0.0,0.0
2008,NLDS2,burrepa01,PHI,NL,4,12,2,3,0,0,2,4,0,0.0,2,1.0,0.0,0.0,0.0,0.0,1.0
2008,NLDS2,bushda01,MIL,NL,1,1,0,0,0,0,0,0,0,0.0,0,0.0,0.0,0.0,1.0,0.0,0.0
2008,NLDS2,camermi01,MIL,NL,4,13,3,2,0,0,0,0,0,0.0,3,4.0,0.0,1.0,0.0,0.0,0.0
2008,NLDS2,condrcl01,PHI,NL,1,0,0,0,0,0,0,0,0,0.0,0,0.0,0.0,0.0,0.0,0.0,0.0
2008,NLDS2,counscr01,MIL,NL,4,12,0,2,0,0,0,1,0,0.0,0,3.0,0.0,0.0,0.0,0.0,0.0
2008,NLDS2,dobbsgr01,PHI,NL,3,5,0,3,0,0,0,0,0,0.0,0,1.0,0.0,0.0,0.0,0.0,0.0
2008,NLDS2,durbich01,PHI,NL,1,0,0,0,0,0,0,0,0,0.0,0,0.0,0.0,0.0,0.0,0.0,0.0
2008,NLDS2,durhara01,MIL,NL,3,8,2,1,0,0,0,0,0,0.0,1,2.0,0.0,0.0,0.0,0.0,0.0
2008,NLDS2,eyresc01,PHI,NL,1,0,0,0,0,0,0,0,0,0.0,0,0.0,0.0,0.0,0.0,0.0,0.0
2008,NLDS2,felizpe01,PHI,NL,4,13,1,3,1,0,0,1,0,0.0,0,1.0,0.0,0.0,0.0,0.0,0.0
2008,NLDS2,fieldpr01,MIL,NL,4,14,1,1,0,0,1,2,0,0.0,2,5.0,2.0,0.0,0.0,1.0,0.0
2008,NLDS2,gagneer01,MIL,NL,2,0,0,0,0,0,0,0,0,0.0,0,0.0,0.0,0.0,0.0,0.0,0.0
2008,NLDS2,gallayo01,MIL,NL,2,1,0,0,0,0,0,0,0,0.0,0,0.0,0.0,0.0,0.0,0.0,0.0
2008,NLDS2,gwynnto02,MIL,NL,3,3,0,1,0,0,0,0,0,0.0,0,1.0,0.0,0.0,0.0,0.0,0.0
2008,NLDS2,hallbi03,MIL,NL,3,8,1,2,0,0,0,0,0,0.0,1,3.0,0.0,0.0,0.0,0.0,0.0
2008,NLDS2,hamelco01,PHI,NL,1,2,1,0,0,0,0,0,0,0.0,0,2.0,0.0,0.0,1.0,0.0,0.0
2008,NLDS2,hardyjj01,MIL,NL,4,14,2,6,1,0,0,2,0,0.0,2,0.0,0.0,0.0,0.0,0.0,0.0
2008,NLDS2,hartco01,MIL,NL,4,13,0,3,0,0,0,0,0,0.0,1,3.0,0.0,1.0,1.0,0.0,1.0
2008,NLDS2,howarry01,PHI,NL,4,11,1,2,1,0,0,1,0,0.0,5,5.0,3.0,0.0,0.0,0.0,1.0
2008,NLDS2,jenkige01,PHI,NL,1,1,0,0,0,0,0,0,0,0.0,0,0.0,0.0,0.0,0.0,0.0,0.0
2008,NLDS2,kendaja01,MIL,NL,4,14,0,2,0,0,0,1,0,0.0,0,2.0,0.0,0.0,0.0,0.0,0.0
2008,NLDS2,lidgebr01,PHI,NL,3,0,0,0,0,0,0,0,0,0.0,0,0.0,0.0,0.0,0.0,0.0,0.0
2008,NLDS2,madsory01,PHI,NL,3,0,0,0,0,0,0,0,0,0.0,0,0.0,0.0,0.0,0.0,0.0,0.0
2008,NLDS2,mccluse01,MIL,NL,1,0,0,0,0,0,0,0,0,0.0,0,0.0,0.0,0.0,0.0,0.0,0.0
2008,NLDS2,motagu01,MIL,NL,2,0,0,0,0,0,0,0,0,0.0,0,0.0,0.0,0.0,0.0,0.0,0.0
2008,NLDS2,moyerja01,PHI,NL,1,1,0,0,0,0,0,0,0,0.0,0,0.0,0.0,0.0,0.0,0.0,0.0
2008,NLDS2,myersbr01,PHI,NL,1,2,1,1,0,0,0,0,0,0.0,1,0.0,0.0,0.0,0.0,0.0,0.0
2008,NLDS2,nelsobr02,MIL,NL,2,2,0,0,0,0,0,0,0,0.0,0,2.0,0.0,0.0,0.0,0.0,0.0
2008,NLDS2,parrama01,MIL,NL,2,0,0,0,0,0,0,0,0,0.0,0,0.0,0.0,0.0,0.0,0.0,0.0
2008,NLDS2,rolliji01,PHI,NL,4,16,2,6,2,0,1,1,1,1.0,1,2.0,0.0,0.0,0.0,0.0,0.0
2008,NLDS2,romerjc01,PHI,NL,1,0,0,0,0,0,0,0,0,0.0,0,0.0,0.0,0.0,0.0,0.0,0.0
2008,NLDS2,ruizca01,PHI,NL,4,14,1,1,0,0,0,0,0,0.0,1,1.0,0.0,0.0,0.0,0.0,0.0
2008,NLDS2,sabatcc01,MIL,NL,2,2,0,0,0,0,0,0,0,0.0,0,1.0,0.0,0.0,0.0,0.0,0.0
2008,NLDS2,stairma01,PHI,NL,2,2,0,0,0,0,0,0,0,0.0,0,0.0,0.0,0.0,0.0,0.0,1.0
2008,NLDS2,stettmi01,MIL,NL,3,0,0,0,0,0,0,0,0,0.0,0,0.0,0.0,0.0,0.0,0.0,0.0
2008,NLDS2,suppaje01,MIL,NL,1,0,0,0,0,0,0,0,0,0.0,0,0.0,0.0,0.0,0.0,0.0,0.0
2008,NLDS2,torresa01,MIL,NL,2,0,0,0,0,0,0,0,0,0.0,0,0.0,0.0,0.0,0.0,0.0,0.0
2008,NLDS2,utleych01,PHI,NL,4,15,1,2,1,0,0,2,0,0.0,2,4.0,0.0,0.0,0.0,0.0,0.0
2008,NLDS2,victosh01,PHI,NL,4,14,2,5,3,0,1,5,3,0.0,3,0.0,1.0,0.0,0.0,0.0,1.0
2008,NLDS2,villaca01,MIL,NL,2,1,0,1,0,0,0,0,0,0.0,0,0.0,0.0,0.0,0.0,0.0,0.0
2008,NLDS2,weeksri01,MIL,NL,3,4,0,0,0,0,0,0,0,0.0,0,2.0,0.0,0.0,0.0,0.0,0.0
2008,NLDS2,werthja01,PHI,NL,4,16,3,5,3,1,1,1,1,0.0,0,6.0,0.0,0.0,0.0,0.0,0.0
2008,WS,aybarwi01,TBA,AL,4,4,0,1,0,0,0,0,0,0.0,1,1.0,0.0,0.0,0.0,0.0,0.0
2008,WS,baldero01,TBA,AL,3,6,1,1,0,0,1,1,0,0.0,1,2.0,0.0,0.0,0.0,0.0,0.0
2008,WS,balfogr01,TBA,AL,3,0,0,0,0,0,0,0,0,0.0,0,0.0,0.0,0.0,0.0,0.0,0.0
2008,WS,bartlja01,TBA,AL,5,14,1,3,0,0,0,2,1,0.0,2,2.0,0.0,0.0,1.0,0.0,1.0
2008,WS,blantjo01,PHI,NL,1,3,1,1,0,0,1,1,0,0.0,0,1.0,0.0,0.0,0.0,0.0,0.0
2008,WS,bradfch01,TBA,AL,2,0,0,0,0,0,0,0,0,0.0,0,0.0,0.0,0.0,0.0,0.0,0.0
2008,WS,brunter01,PHI,NL,5,3,3,1,0,0,1,1,0,0.0,0,0.0,0.0,1.0,0.0,0.0,0.0
2008,WS,burrepa01,PHI,NL,5,14,0,1,1,0,0,1,0,0.0,5,5.0,0.0,0.0,0.0,0.0,1.0
2008,WS,costech01,PHI,NL,1,4,0,0,0,0,0,0,0,0.0,0,0.0,0.0,0.0,0.0,0.0,0.0
2008,WS,crawfca02,TBA,AL,5,19,4,5,1,0,2,2,1,0.0,0,1.0,0.0,1.0,0.0,0.0,0.0
2008,WS,dobbsgr01,PHI,NL,2,3,0,1,0,0,0,0,0,0.0,1,2.0,1.0,0.0,0.0,0.0,0.0
2008,WS,durbich01,PHI,NL,2,0,0,0,0,0,0,0,0,0.0,0,0.0,0.0,0.0,0.0,0.0,0.0
2008,WS,eyresc01,PHI,NL,2,0,0,0,0,0,0,0,0,0.0,0,0.0,0.0,0.0,0.0,0.0,0.0
2008,WS,felizpe01,PHI,NL,5,18,0,6,0,0,0,2,0,0.0,1,3.0,0.0,0.0,0.0,0.0,0.0
2008,WS,floydcl01,TBA,AL,1,3,1,1,0,0,0,0,0,0.0,0,0.0,0.0,0.0,0.0,0.0,0.0
2008,WS,garzama01,TBA,AL,1,2,0,0,0,0,0,0,0,0.0,0,0.0,0.0,0.0,0.0,0.0,0.0
2008,WS,grossga01,TBA,AL,1,3,0,0,0,0,0,2,0,0.0,0,0.0,0.0,0.0,0.0,1.0,0.0
2008,WS,hamelco01,PHI,NL,2,2,0,0,0,0,0,0,0,0.0,0,1.0,0.0,0.0,0.0,0.0,0.0
2008,WS,hinsker01,TBA,AL,2,2,1,1,0,0,1,1,0,0.0,0,1.0,0.0,0.0,0.0,0.0,0.0
2008,WS,howarry01,PHI,NL,5,21,3,6,1,0,3,6,0,0.0,3,9.0,1.0,0.0,0.0,0.0,0.0
2008,WS,howeljp01,TBA,AL,3,0,0,0,0,0,0,0,0,0.0,0,0.0,0.0,0.0,1.0,0.0,0.0
2008,WS,iwamuak01,TBA,AL,5,19,1,5,1,0,0,1,0,0.0,1,3.0,0.0,0.0,0.0,0.0,0.0
2008,WS,jacksed01,TBA,AL,1,0,0,0,0,0,0,0,0,0.0,0,0.0,0.0,0.0,0.0,0.0,0.0
2008,WS,jenkige01,PHI,NL,2,2,1,1,1,0,0,0,0,0.0,0,0.0,0.0,0.0,0.0,0.0,0.0
2008,WS,kazmisc01,TBA,AL,2,2,0,0,0,0,0,0,0,0.0,0,2.0,0.0,0.0,0.0,0.0,0.0
2008,WS,lidgebr01,PHI,NL,2,0,0,0,0,0,0,0,0,0.0,0,0.0,0.0,0.0,0.0,0.0,0.0
2008,WS,longoev01,TBA,AL,5,20,0,1,0,0,0,2,0,0.0,0,9.0,0.0,0.0,0.0,0.0,0.0
2008,WS,madsory01,PHI,NL,4,0,0,0,0,0,0,0,0,0.0,0,0.0,0.0,0.0,0.0,0.0,0.0
2008,WS,milletr02,TBA,AL,2,0,0,0,0,0,0,0,0,0.0,0,0.0,0.0,0.0,0.0,0.0,0.0
2008,WS,moyerja01,PHI,NL,1,2,0,0,0,0,0,0,0,0.0,0,1.0,0.0,0.0,0.0,0.0,0.0
2008,WS,myersbr01,PHI,NL,1,0,0,0,0,0,0,0,0,0.0,0,0.0,0.0,0.0,0.0,0.0,0.0
2008,WS,navardi01,TBA,AL,5,17,2,6,1,0,0,0,0,0.0,1,5.0,0.0,0.0,0.0,0.0,1.0
2008,WS,penaca01,TBA,AL,5,17,1,2,1,0,0,2,0,1.0,3,6.0,0.0,0.0,0.0,0.0,0.0
2008,WS,perezfe01,TBA,AL,1,0,0,0,0,0,0,0,1,0.0,0,0.0,0.0,0.0,0.0,0.0,0.0
2008,WS,priceda01,TBA,AL,2,0,0,0,0,0,0,0,0,0.0,0,0.0,0.0,0.0,0.0,0.0,0.0
2008,WS,rolliji01,PHI,NL,5,22,4,5,2,0,0,0,0,1.0,1,3.0,0.0,0.0,1.0,0.0,0.0
2008,WS,romerjc01,PHI,NL,4,1,0,0,0,0,0,0,0,0.0,0,0.0,0.0,0.0,0.0,0.0,0.0
2008,WS,ruizca01,PHI,NL,5,16,2,6,2,0,1,3,1,0.0,4,0.0,0.0,0.0,0.0,0.0,0.0
2008,WS,shielja02,TBA,AL,1,0,0,0,0,0,0,0,0,0.0,0,0.0,0.0,0.0,0.0,0.0,0.0
2008,WS,sonnaan01,TBA,AL,1,1,0,1,0,0,0,0,0,0.0,0,0.0,0.0,0.0,0.0,0.0,0.0
2008,WS,stairma01,PHI,NL,1,1,0,0,0,0,0,0,0,0.0,0,1.0,0.0,0.0,0.0,0.0,0.0
2008,WS,uptonbj01,TBA,AL,5,20,3,5,0,0,0,1,4,0.0,0,4.0,0.0,0.0,0.0,0.0,4.0
2008,WS,utleych01,PHI,NL,5,18,5,3,0,0,2,4,3,0.0,5,5.0,1.0,1.0,0.0,0.0,0.0
2008,WS,victosh01,PHI,NL,5,20,1,5,0,0,0,2,0,0.0,1,3.0,1.0,0.0,0.0,0.0,0.0
2008,WS,werthja01,PHI,NL,5,18,4,8,3,0,1,3,3,0.0,6,4.0,0.0,0.0,0.0,0.0,0.0
2008,WS,wheelda01,TBA,AL,3,0,0,0,0,0,0,0,0,0.0,0,0.0,0.0,0.0,0.0,0.0,0.0
2008,WS,zobribe01,TBA,AL,4,7,0,1,0,0,0,0,0,0.0,1,0.0,0.0,0.0,0.0,0.0,0.0
2009,ALCS,abreubo01,LAA,AL,6,25,2,4,2,0,0,2,0,0.0,4,8.0,3.0,0.0,0.0,0.0,0.0
2009,ALCS,aceveal01,NYA,AL,2,0,0,0,0,0,0,0,0,0.0,0,0.0,0.0,0.0,0.0,0.0,0.0
2009,ALCS,aybarer01,LAA,AL,6,20,2,5,1,0,0,1,3,0.0,1,1.0,0.0,0.0,2.0,0.0,2.0
2009,ALCS,bulgeja01,LAA,AL,3,0,0,0,0,0,0,0,0,0.0,0,0.0,0.0,0.0,0.0,0.0,0.0
2009,ALCS,burneaj01,NYA,AL,2,0,0,0,0,0,0,0,0,0.0,0,0.0,0.0,0.0,0.0,0.0,0.0
2009,ALCS,cabreme01,NYA,AL,6,23,3,9,2,0,0,4,0,0.0,3,6.0,0.0,0.0,2.0,0.0,0.0
2009,ALCS,canoro01,NYA,AL,6,23,4,6,1,2,0,4,0,0.0,4,3.0,1.0,2.0,0.0,0.0,1.0
2009,ALCS,cervefr01,NYA,AL,1,1,0,0,0,0,0,0,0,0.0,0,1.0,0.0,0.0,0.0,0.0,0.0
2009,ALCS,chambjo03,NYA,AL,4,0,0,0,0,0,0,0,0,0.0,0,0.0,0.0,0.0,0.0,0.0,0.0
2009,ALCS,cokeph01,NYA,AL,2,0,0,0,0,0,0,0,0,0.0,0,0.0,0.0,0.0,0.0,0.0,0.0
2009,ALCS,damonjo01,NYA,AL,6,30,4,9,1,0,2,5,0,0.0,1,2.0,0.0,0.0,0.0,0.0,0.0
2009,ALCS,figgich01,LAA,AL,6,23,2,3,0,0,0,1,0,0.0,3,3.0,0.0,1.0,2.0,0.0,0.0
2009,ALCS,fuentbr01,LAA,AL,3,0,0,0,0,0,0,0,0,0.0,0,0.0,0.0,0.0,0.0,0.0,0.0
2009,ALCS,gardnbr01,NYA,AL,6,3,2,2,0,0,0,0,0,2.0,0,0.0,0.0,0.0,1.0,0.0,0.0
2009,ALCS,gaudich01,NYA,AL,1,0,0,0,0,0,0,0,0,0.0,0,0.0,0.0,0.0,0.0,0.0,0.0
2009,ALCS,guerrvl01,LAA,AL,6,27,3,10,3,0,1,5,0,0.0,1,5.0,0.0,0.0,0.0,0.0,0.0
2009,ALCS,guzmafr01,NYA,AL,2,1,0,0,0,0,0,0,0,0.0,0,1.0,0.0,0.0,0.0,0.0,0.0
2009,ALCS,hairsje02,NYA,AL,2,2,1,1,0,0,0,0,0,0.0,0,1.0,0.0,0.0,0.0,0.0,0.0
2009,ALCS,hugheph01,NYA,AL,3,0,0,0,0,0,0,0,0,0.0,0,0.0,0.0,0.0,0.0,0.0,0.0
2009,ALCS,hunteto01,LAA,AL,6,23,2,7,1,0,0,2,1,1.0,5,4.0,0.0,0.0,0.0,0.0,2.0
2009,ALCS,izturma01,LAA,AL,4,10,1,1,1,0,0,1,0,0.0,1,1.0,1.0,0.0,0.0,1.0,0.0
2009,ALCS,jepseke01,LAA,AL,3,0,0,0,0,0,0,0,0,0.0,0,0.0,0.0,0.0,0.0,0.0,0.0
2009,ALCS,jeterde01,NYA,AL,6,27,5,7,0,0,2,3,0,1.0,6,5.0,1.0,0.0,0.0,0.0,1.0
2009,ALCS,kazmisc01,LAA,AL,2,0,0,0,0,0,0,0,0,0.0,0,0.0,0.0,0.0,0.0,0.0,0.0
2009,ALCS,kendrho01,LAA,AL,4,14,3,4,0,1,1,1,0,0.0,1,1.0,0.0,0.0,0.0,0.0,0.0
2009,ALCS,lackejo01,LAA,AL,2,0,0,0,0,0,0,0,0,0.0,0,0.0,0.0,0.0,0.0,0.0,0.0
2009,ALCS,marteda01,NYA,AL,3,0,0,0,0,0,0,0,0,0.0,0,0.0,0.0,0.0,0.0,0.0,0.0
2009,ALCS,mathije01,LAA,AL,5,12,2,7,5,0,0,1,0,0.0,0,2.0,0.0,0.0,0.0,0.0,0.0
2009,ALCS,matsuhi01,NYA,AL,6,21,1,5,1,0,0,3,0,0.0,5,4.0,0.0,0.0,0.0,0.0,1.0
2009,ALCS,matthga02,LAA,AL,3,4,1,0,0,0,0,0,0,0.0,1,3.0,0.0,0.0,0.0,0.0,0.0
2009,ALCS,molinjo01,NYA,AL,2,3,0,1,0,0,0,0,0,0.0,0,1.0,0.0,0.0,0.0,0.0,0.0
2009,ALCS,moralke01,LAA,AL,6,24,1,4,0,0,1,4,0,0.0,1,6.0,0.0,1.0,0.0,0.0,1.0
2009,ALCS,napolmi01,LAA,AL,5,9,0,1,0,0,0,0,0,0.0,0,3.0,0.0,0.0,0.0,0.0,0.0
2009,ALCS,oliveda02,LAA,AL,5,0,0,0,0,0,0,0,0,0.0,0,0.0,0.0,0.0,0.0,0.0,0.0
2009,ALCS,palmema01,LAA,AL,2,0,0,0,0,0,0,0,0,0.0,0,0.0,0.0,0.0,0.0,0.0,0.0
2009,ALCS,pettian01,NYA,AL,2,0,0,0,0,0,0,0,0,0.0,0,0.0,0.0,0.0,0.0,0.0,0.0
2009,ALCS,posadjo01,NYA,AL,6,20,3,4,1,0,1,1,1,0.0,5,5.0,0.0,0.0,0.0,0.0,2.0
2009,ALCS,riverju01,LAA,AL,6,25,0,5,1,0,0,0,0,0.0,0,1.0,0.0,0.0,0.0,0.0,2.0
2009,ALCS,riverma01,NYA,AL,5,0,0,0,0,0,0,0,0,0.0,0,0.0,0.0,0.0,0.0,0.0,0.0
2009,ALCS,roberda08,NYA,AL,2,0,0,0,0,0,0,0,0,0.0,0,0.0,0.0,0.0,0.0,0.0,0.0
2009,ALCS,rodrial01,NYA,AL,6,21,6,9,2,0,3,6,1,0.0,8,3.0,3.0,0.0,0.0,1.0,0.0
2009,ALCS,sabatcc01,NYA,AL,2,0,0,0,0,0,0,0,0,0.0,0,0.0,0.0,0.0,0.0,0.0,0.0
2009,ALCS,santaer01,LAA,AL,4,0,0,0,0,0,0,0,0,0.0,0,0.0,0.0,0.0,0.0,0.0,0.0
2009,ALCS,saundjo01,LAA,AL,2,0,0,0,0,0,0,0,0,0.0,0,0.0,0.0,0.0,0.0,0.0,0.0
2009,ALCS,swishni01,NYA,AL,6,20,2,3,0,0,0,0,0,0.0,3,7.0,0.0,1.0,1.0,0.0,0.0
2009,ALCS,teixema01,NYA,AL,6,27,2,6,1,0,0,4,0,0.0,3,8.0,0.0,0.0,0.0,1.0,1.0
2009,ALCS,weaveje02,LAA,AL,3,0,0,0,0,0,0,0,0,0.0,0,0.0,0.0,0.0,0.0,0.0,0.0
2009,ALCS,willire03,LAA,AL,3,0,0,0,0,0,0,0,0,0.0,0,0.0,0.0,0.0,0.0,0.0,0.0
2009,ALDS1,aceveal01,NYA,AL,1,0,0,0,0,0,0,0,0,0.0,0,0.0,0.0,0.0,0.0,0.0,0.0
2009,ALDS1,blackni01,MIN,AL,1,0,0,0,0,0,0,0,0,0.0,0,0.0,0.0,0.0,0.0,0.0,0.0
2009,ALDS1,burneaj01,NYA,AL,1,0,0,0,0,0,0,0,0,0.0,0,0.0,0.0,0.0,0.0,0.0,0.0
2009,ALDS1,cabreme01,NYA,AL,3,12,1,2,0,0,0,0,0,0.0,0,5.0,0.0,0.0,0.0,0.0,0.0
2009,ALDS1,cabreor01,MIN,AL,3,13,1,2,0,0,0,0,1,0.0,2,3.0,0.0,0.0,0.0,0.0,0.0
2009,ALDS1,canoro01,NYA,AL,3,12,1,2,0,0,0,1,0,0.0,0,1.0,0.0,0.0,0.0,0.0,1.0
2009,ALDS1,cervefr01,NYA,AL,1,0,0,0,0,0,0,0,0,0.0,0,0.0,0.0,0.0,0.0,0.0,0.0
2009,ALDS1,chambjo03,NYA,AL,3,0,0,0,0,0,0,0,0,0.0,0,0.0,0.0,0.0,0.0,0.0,0.0
2009,ALDS1,cokeph01,NYA,AL,2,0,0,0,0,0,0,0,0,0.0,0,0.0,0.0,0.0,0.0,0.0,0.0
2009,ALDS1,cuddymi01,MIN,AL,3,14,0,6,0,0,0,1,0,0.0,0,2.0,0.0,0.0,0.0,0.0,0.0
2009,ALDS1,damonjo01,NYA,AL,3,12,0,1,0,0,0,0,0,0.0,1,4.0,0.0,0.0,0.0,0.0,0.0
2009,ALDS1,duensbr01,MIN,AL,1,0,0,0,0,0,0,0,0,0.0,0,0.0,0.0,0.0,0.0,0.0,0.0
2009,ALDS1,gardnbr01,NYA,AL,3,0,0,0,0,0,0,0,1,0.0,0,0.0,0.0,0.0,0.0,0.0,0.0
2009,ALDS1,gomezca01,MIN,AL,1,4,1,0,0,0,0,0,0,0.0,1,2.0,0.0,1.0,0.0,0.0,0.0
2009,ALDS1,guerrma02,MIN,AL,2,0,0,0,0,0,0,0,0,0.0,0,0.0,0.0,0.0,0.0,0.0,0.0
2009,ALDS1,hairsje02,NYA,AL,1,0,0,0,0,0,0,0,0,0.0,0,0.0,0.0,0.0,0.0,0.0,0.0
2009,ALDS1,harribr01,MIN,AL,3,12,1,3,0,1,0,1,0,0.0,0,3.0,0.0,0.0,0.0,0.0,0.0
2009,ALDS1,hugheph01,NYA,AL,3,0,0,0,0,0,0,0,0,0.0,0,0.0,0.0,0.0,0.0,0.0,0.0
2009,ALDS1,jeterde01,NYA,AL,3,10,4,4,2,0,1,2,0,0.0,3,0.0,1.0,0.0,0.0,0.0,0.0
2009,ALDS1,kubelja01,MIN,AL,3,14,0,1,0,0,0,0,0,0.0,0,9.0,0.0,0.0,0.0,0.0,0.0
2009,ALDS1,liriafr01,MIN,AL,1,0,0,0,0,0,0,0,0,0.0,0,0.0,0.0,0.0,0.0,0.0,0.0
2009,ALDS1,mahayro01,MIN,AL,3,0,0,0,0,0,0,0,0,0.0,0,0.0,0.0,0.0,0.0,0.0,0.0
2009,ALDS1,marteda01,NYA,AL,1,0,0,0,0,0,0,0,0,0.0,0,0.0,0.0,0.0,0.0,0.0,0.0
2009,ALDS1,matsuhi01,NYA,AL,3,9,1,2,0,0,1,2,0,0.0,3,3.0,0.0,0.0,0.0,0.0,0.0
2009,ALDS1,mauerjo01,MIN,AL,3,12,1,5,1,0,0,1,0,0.0,2,4.0,0.0,0.0,0.0,0.0,0.0
2009,ALDS1,mijarjo01,MIN,AL,2,0,0,0,0,0,0,0,0,0.0,0,0.0,0.0,0.0,0.0,0.0,0.0
2009,ALDS1,molinjo01,NYA,AL,1,1,0,0,0,0,0,0,0,0.0,0,0.0,0.0,0.0,0.0,0.0,0.0
2009,ALDS1,moraljo02,MIN,AL,1,3,0,0,0,0,0,0,0,0.0,0,2.0,0.0,0.0,0.0,0.0,0.0
2009,ALDS1,nathajo01,MIN,AL,2,0,0,0,0,0,0,0,0,0.0,0,0.0,0.0,0.0,0.0,0.0,0.0
2009,ALDS1,pavanca01,MIN,AL,1,0,0,0,0,0,0,0,0,0.0,0,0.0,0.0,0.0,0.0,0.0,0.0
2009,ALDS1,pettian01,NYA,AL,1,0,0,0,0,0,0,0,0,0.0,0,0.0,0.0,0.0,0.0,0.0,0.0
2009,ALDS1,posadjo01,NYA,AL,3,11,1,4,0,0,1,2,0,0.0,0,2.0,0.0,0.0,0.0,0.0,0.0
2009,ALDS1,puntoni01,MIN,AL,3,9,0,4,1,0,0,1,0,0.0,3,1.0,0.0,0.0,0.0,0.0,0.0
2009,ALDS1,rauchjo01,MIN,AL,3,0,0,0,0,0,0,0,0,0.0,0,0.0,0.0,0.0,0.0,0.0,0.0
2009,ALDS1,riverma01,NYA,AL,3,0,0,0,0,0,0,0,0,0.0,0,0.0,0.0,0.0,0.0,0.0,0.0
2009,ALDS1,roberda08,NYA,AL,1,0,0,0,0,0,0,0,0,0.0,0,0.0,0.0,0.0,0.0,0.0,0.0
2009,ALDS1,rodrial01,NYA,AL,3,11,4,5,0,0,2,6,0,0.0,1,2.0,0.0,0.0,0.0,0.0,0.0
2009,ALDS1,sabatcc01,NYA,AL,1,0,0,0,0,0,0,0,0,0.0,0,0.0,0.0,0.0,0.0,0.0,0.0
2009,ALDS1,spande01,MIN,AL,3,15,1,6,1,0,0,1,1,0.0,0,2.0,0.0,0.0,0.0,0.0,1.0
2009,ALDS1,swishni01,NYA,AL,3,12,0,1,1,0,0,1,0,0.0,0,4.0,0.0,0.0,0.0,0.0,0.0
2009,ALDS1,teixema01,NYA,AL,3,12,3,2,0,0,1,1,0,0.0,1,1.0,0.0,0.0,0.0,0.0,1.0
2009,ALDS1,tolbema01,MIN,AL,2,5,0,1,0,0,0,0,0,0.0,0,1.0,0.0,1.0,0.0,0.0,0.0
2009,ALDS1,youngde03,MIN,AL,3,12,1,1,1,0,0,0,1,0.0,1,5.0,0.0,1.0,0.0,0.0,0.0
2009,ALDS2,abreubo01,LAA,AL,3,9,4,5,2,0,0,1,0,1.0,4,0.0,0.0,0.0,0.0,0.0,0.0
2009,ALDS2,anderbr03,BOS,AL,1,0,0,0,0,0,0,0,0,0.0,0,0.0,0.0,0.0,0.0,0.0,0.0
2009,ALDS2,aybarer01,LAA,AL,3,11,2,4,1,1,0,2,0,0.0,0,1.0,0.0,0.0,0.0,0.0,0.0
2009,ALDS2,bardda01,BOS,AL,2,0,0,0,0,0,0,0,0,0.0,0,0.0,0.0,0.0,0.0,0.0,0.0
2009,ALDS2,bayja01,BOS,AL,3,8,0,1,0,0,0,0,0,0.0,3,3.0,0.0,0.0,0.0,0.0,0.0
2009,ALDS2,beckejo02,BOS,AL,1,0,0,0,0,0,0,0,0,0.0,0,0.0,0.0,0.0,0.0,0.0,0.0
2009,ALDS2,buchhcl01,BOS,AL,1,0,0,0,0,0,0,0,0,0.0,0,0.0,0.0,0.0,0.0,0.0,0.0
2009,ALDS2,bulgeja01,LAA,AL,1,0,0,0,0,0,0,0,0,0.0,0,0.0,0.0,0.0,0.0,0.0,0.0
2009,ALDS2,drewjd01,BOS,AL,3,9,1,2,0,0,1,2,0,0.0,1,1.0,0.0,0.0,0.0,0.0,0.0
2009,ALDS2,ellsbja01,BOS,AL,3,12,2,3,0,1,0,0,0,0.0,0,2.0,0.0,0.0,0.0,0.0,0.0
2009,ALDS2,figgich01,LAA,AL,3,12,1,0,0,0,0,0,0,0.0,1,6.0,0.0,0.0,1.0,0.0,0.0
2009,ALDS2,fuentbr01,LAA,AL,2,0,0,0,0,0,0,0,0,0.0,0,0.0,0.0,0.0,0.0,0.0,0.0
2009,ALDS2,gathrjo01,BOS,AL,1,0,1,0,0,0,0,0,1,0.0,0,0.0,0.0,0.0,0.0,0.0,0.0
2009,ALDS2,gonzaal02,BOS,AL,3,6,1,1,0,0,0,0,0,0.0,1,1.0,0.0,0.0,0.0,0.0,0.0
2009,ALDS2,guerrvl01,LAA,AL,3,10,2,4,0,0,0,2,0,0.0,2,1.0,0.0,0.0,0.0,0.0,0.0
2009,ALDS2,hunteto01,LAA,AL,3,10,2,2,1,0,1,3,0,0.0,2,1.0,1.0,1.0,0.0,0.0,0.0
2009,ALDS2,izturma01,LAA,AL,2,7,1,1,0,0,0,1,1,0.0,0,2.0,0.0,0.0,0.0,0.0,0.0
2009,ALDS2,jepseke01,LAA,AL,2,0,0,0,0,0,0,0,0,0.0,0,0.0,0.0,0.0,0.0,0.0,0.0
2009,ALDS2,kazmisc01,LAA,AL,1,0,0,0,0,0,0,0,0,0.0,0,0.0,0.0,0.0,0.0,0.0,0.0
2009,ALDS2,kendrho01,LAA,AL,2,5,1,1,0,0,0,0,1,0.0,0,2.0,0.0,0.0,0.0,0.0,0.0
2009,ALDS2,kotchca01,BOS,AL,3,1,0,0,0,0,0,0,0,0.0,0,0.0,0.0,0.0,0.0,0.0,0.0
2009,ALDS2,lackejo01,LAA,AL,1,0,0,0,0,0,0,0,0,0.0,0,0.0,0.0,0.0,0.0,0.0,0.0
2009,ALDS2,lestejo01,BOS,AL,1,0,0,0,0,0,0,0,0,0.0,0,0.0,0.0,0.0,0.0,0.0,0.0
2009,ALDS2,lowelmi01,BOS,AL,3,10,1,2,0,0,0,1,0,0.0,1,0.0,0.0,0.0,0.0,0.0,1.0
2009,ALDS2,lowrije01,BOS,AL,3,2,0,0,0,0,0,0,0,0.0,0,1.0,0.0,0.0,0.0,0.0,0.0
2009,ALDS2,martivi01,BOS,AL,3,11,0,2,0,0,0,2,0,0.0,1,2.0,0.0,0.0,0.0,0.0,0.0
2009,ALDS2,mathije01,LAA,AL,2,3,0,1,0,0,0,0,0,0.0,0,2.0,0.0,0.0,1.0,0.0,0.0
2009,ALDS2,matthga02,LAA,AL,1,1,0,0,0,0,0,0,0,0.0,0,0.0,0.0,0.0,0.0,0.0,0.0
2009,ALDS2,moralke01,LAA,AL,3,10,1,2,0,0,1,3,0,0.0,1,0.0,0.0,0.0,0.0,1.0,0.0
2009,ALDS2,napolmi01,LAA,AL,2,4,1,1,1,0,0,0,0,0.0,0,1.0,0.0,2.0,0.0,0.0,0.0
2009,ALDS2,okajihi01,BOS,AL,1,0,0,0,0,0,0,0,0,0.0,0,0.0,0.0,0.0,0.0,0.0,0.0
2009,ALDS2,oliveda02,LAA,AL,3,0,0,0,0,0,0,0,0,0.0,0,0.0,0.0,0.0,0.0,0.0,0.0
2009,ALDS2,ortizda01,BOS,AL,3,12,0,1,0,0,0,0,0,0.0,0,4.0,0.0,0.0,0.0,0.0,0.0
2009,ALDS2,papeljo01,BOS,AL,2,0,0,0,0,0,0,0,0,0.0,0,0.0,0.0,0.0,0.0,0.0,0.0
2009,ALDS2,pedrodu01,BOS,AL,3,12,1,2,1,0,0,2,0,0.0,1,0.0,0.0,0.0,0.0,0.0,0.0
2009,ALDS2,ramirra02,BOS,AL,1,0,0,0,0,0,0,0,0,0.0,0,0.0,0.0,0.0,0.0,0.0,0.0
2009,ALDS2,riverju01,LAA,AL,3,11,1,3,1,0,0,2,1,0.0,0,2.0,0.0,0.0,0.0,0.0,2.0
2009,ALDS2,saitota01,BOS,AL,1,0,0,0,0,0,0,0,0,0.0,0,0.0,0.0,0.0,0.0,0.0,0.0
2009,ALDS2,wagnebi02,BOS,AL,2,0,0,0,0,0,0,0,0,0.0,0,0.0,0.0,0.0,0.0,0.0,0.0
2009,ALDS2,weaveje02,LAA,AL,1,0,0,0,0,0,0,0,0,0.0,0,0.0,0.0,0.0,0.0,0.0,0.0
2009,ALDS2,willire03,LAA,AL,1,0,0,0,0,0,0,0,0,0.0,0,0.0,0.0,0.0,0.0,0.0,0.0
2009,ALDS2,youklke01,BOS,AL,3,12,0,1,1,0,0,0,0,0.0,0,2.0,0.0,0.0,0.0,0.0,0.0
2009,NLCS,bastaan01,PHI,NL,1,0,0,0,0,0,0,0,0,0.0,0,0.0,0.0,0.0,0.0,0.0,0.0
2009,NLCS,belisro01,LAN,NL,4,0,0,0,0,0,0,0,0,0.0,0,0.0,0.0,0.0,0.0,0.0,0.0
2009,NLCS,belliro01,LAN,NL,5,19,2,6,0,0,0,0,1,0.0,2,1.0,0.0,0.0,0.0,0.0,0.0
2009,NLCS,billich01,LAN,NL,1,1,0,0,0,0,0,0,0,0.0,0,1.0,0.0,0.0,0.0,0.0,0.0
2009,NLCS,blakeca01,LAN,NL,5,19,0,2,0,0,0,1,1,0.0,0,5.0,0.0,0.0,0.0,0.0,1.0
2009,NLCS,blantjo01,PHI,NL,1,2,0,0,0,0,0,0,0,0.0,0,0.0,0.0,0.0,0.0,0.0,0.0
2009,NLCS,broxtjo01,LAN,NL,3,0,0,0,0,0,0,0,0,0.0,0,0.0,0.0,0.0,0.0,0.0,0.0
2009,NLCS,brunter01,PHI,NL,1,0,1,0,0,0,0,0,0,0.0,0,0.0,0.0,0.0,0.0,0.0,0.0
2009,NLCS,cairomi01,PHI,NL,2,2,0,0,0,0,0,0,0,0.0,0,1.0,0.0,0.0,0.0,0.0,0.0
2009,NLCS,castrju01,LAN,NL,1,0,0,0,0,0,0,0,0,0.0,0,0.0,0.0,0.0,0.0,0.0,0.0
2009,NLCS,dobbsgr01,PHI,NL,2,1,0,0,0,0,0,0,0,0.0,0,0.0,0.0,0.0,0.0,0.0,0.0
2009,NLCS,durbich01,PHI,NL,4,0,0,0,0,0,0,0,0,0.0,0,0.0,0.0,0.0,0.0,0.0,0.0
2009,NLCS,elbersc01,LAN,NL,1,0,0,0,0,0,0,0,0,0.0,0,0.0,0.0,0.0,0.0,0.0,0.0
2009,NLCS,ethiean01,LAN,NL,5,19,2,5,1,0,1,3,0,1.0,2,4.0,0.0,0.0,0.0,0.0,0.0
2009,NLCS,eyresc01,PHI,NL,2,0,0,0,0,0,0,0,0,0.0,0,0.0,0.0,0.0,0.0,0.0,0.0
2009,NLCS,felizpe01,PHI,NL,5,17,3,2,0,1,1,2,0,0.0,1,4.0,0.0,0.0,0.0,0.0,1.0
2009,NLCS,francbe01,PHI,NL,4,3,0,0,0,0,0,0,0,0.0,0,0.0,0.0,0.0,0.0,0.0,1.0
2009,NLCS,furcara01,LAN,NL,5,21,0,3,1,0,0,1,1,0.0,1,3.0,0.0,0.0,0.0,1.0,0.0
2009,NLCS,hamelco01,PHI,NL,2,1,0,0,0,0,0,0,0,0.0,1,1.0,0.0,0.0,2.0,0.0,0.0
2009,NLCS,happja01,PHI,NL,3,0,0,0,0,0,0,0,0,0.0,0,0.0,0.0,0.0,0.0,0.0,0.0
2009,NLCS,howarry01,PHI,NL,5,15,5,5,1,1,2,8,0,0.0,6,4.0,0.0,0.0,0.0,0.0,0.0
2009,NLCS,hudsoor01,LAN,NL,5,4,1,1,0,0,1,1,0,0.0,0,1.0,0.0,0.0,0.0,0.0,0.0
2009,NLCS,ibanera01,PHI,NL,5,18,4,3,1,0,1,4,0,0.0,1,6.0,0.0,0.0,0.0,0.0,0.0
2009,NLCS,kempma01,LAN,NL,5,20,2,5,0,0,1,2,0,1.0,1,8.0,0.0,0.0,0.0,0.0,0.0
2009,NLCS,kershcl01,LAN,NL,2,0,0,0,0,0,0,0,0,0.0,1,0.0,0.0,0.0,0.0,0.0,0.0
2009,NLCS,kuoho01,LAN,NL,4,0,0,0,0,0,0,0,0,0.0,0,0.0,0.0,0.0,0.0,0.0,0.0
2009,NLCS,kurodhi01,LAN,NL,1,0,0,0,0,0,0,0,0,0.0,0,0.0,0.0,0.0,0.0,0.0,0.0
2009,NLCS,leecl02,PHI,NL,1,3,1,1,0,0,0,0,0,0.0,0,1.0,0.0,0.0,1.0,0.0,0.0
2009,NLCS,lidgebr01,PHI,NL,3,0,0,0,0,0,0,0,0,0.0,0,0.0,0.0,0.0,0.0,0.0,0.0
2009,NLCS,loneyja01,LAN,NL,5,17,3,6,0,0,2,3,0,0.0,2,2.0,0.0,0.0,0.0,0.0,1.0
2009,NLCS,loretma01,LAN,NL,2,2,0,0,0,0,0,0,0,0.0,0,1.0,0.0,0.0,0.0,0.0,0.0
2009,NLCS,madsory01,PHI,NL,4,0,0,0,0,0,0,0,0,0.0,0,0.0,0.0,0.0,0.0,0.0,0.0
2009,NLCS,martipe02,PHI,NL,1,2,0,0,0,0,0,0,0,0.0,0,0.0,0.0,0.0,0.0,0.0,0.0
2009,NLCS,martiru01,LAN,NL,5,16,2,4,1,0,0,2,0,0.0,1,3.0,0.0,1.0,0.0,0.0,0.0
2009,NLCS,padilvi01,LAN,NL,2,1,0,0,0,0,0,0,0,0.0,0,0.0,0.0,0.0,2.0,0.0,0.0
2009,NLCS,parkch01,PHI,NL,4,0,0,0,0,0,0,0,0,0.0,0,0.0,0.0,0.0,0.0,0.0,0.0
2009,NLCS,pierrju01,LAN,NL,4,2,1,0,0,0,0,0,0,0.0,0,0.0,0.0,0.0,0.0,0.0,0.0
2009,NLCS,ramirma02,LAN,NL,5,19,3,5,0,0,1,2,0,0.0,1,4.0,0.0,0.0,0.0,0.0,0.0
2009,NLCS,rolliji01,PHI,NL,5,22,5,5,2,0,0,3,0,0.0,0,3.0,0.0,2.0,0.0,0.0,0.0
2009,NLCS,ruizca01,PHI,NL,5,13,4,5,1,0,1,4,1,0.0,5,0.0,0.0,1.0,0.0,0.0,0.0
2009,NLCS,sherrge01,LAN,NL,3,0,0,0,0,0,0,0,0,0.0,0,0.0,0.0,0.0,0.0,0.0,0.0
2009,NLCS,stairma01,PHI,NL,2,1,0,0,0,0,0,0,0,0.0,1,0.0,0.0,0.0,0.0,0.0,0.0
2009,NLCS,thomeji01,LAN,NL,2,1,0,1,0,0,0,0,0,0.0,1,0.0,0.0,0.0,0.0,0.0,0.0
2009,NLCS,troncra01,LAN,NL,3,0,0,0,0,0,0,0,0,0.0,0,0.0,0.0,0.0,0.0,0.0,0.0
2009,NLCS,utleych01,PHI,NL,5,19,3,4,0,0,0,1,0,0.0,4,4.0,0.0,0.0,0.0,0.0,0.0
2009,NLCS,victosh01,PHI,NL,5,19,4,7,1,1,2,6,1,1.0,2,2.0,0.0,2.0,0.0,0.0,0.0
2009,NLCS,werthja01,PHI,NL,5,18,5,4,0,0,3,6,0,0.0,2,7.0,0.0,0.0,0.0,0.0,1.0
2009,NLCS,wolfra02,LAN,NL,2,3,0,0,0,0,0,0,0,0.0,0,0.0,0.0,0.0,0.0,0.0,0.0
2009,NLDS1,ankieri01,SLN,NL,2,2,0,0,0,0,0,0,0,0.0,0,2.0,0.0,0.0,0.0,0.0,0.0
2009,NLDS1,belisro01,LAN,NL,2,0,0,0,0,0,0,0,0,0.0,0,0.0,0.0,0.0,0.0,0.0,0.0
2009,NLDS1,belliro01,LAN,NL,3,11,2,3,0,0,0,1,0,0.0,2,5.0,0.0,0.0,0.0,0.0,0.0
2009,NLDS1,blakeca01,LAN,NL,3,11,1,3,0,0,0,1,0,0.0,2,1.0,0.0,0.0,0.0,0.0,0.0
2009,NLDS1,boggsmi01,SLN,NL,1,0,0,0,0,0,0,0,0,0.0,0,0.0,0.0,0.0,0.0,0.0,0.0
2009,NLDS1,broxtjo01,LAN,NL,3,1,0,0,0,0,0,0,0,0.0,0,1.0,0.0,0.0,0.0,0.0,0.0
2009,NLDS1,carpech01,SLN,NL,1,2,0,0,0,0,0,0,0,0.0,0,2.0,0.0,0.0,1.0,0.0,0.0
2009,NLDS1,derosma01,SLN,NL,3,13,1,5,1,0,0,1,0,0.0,0,2.0,0.0,0.0,0.0,0.0,0.0
2009,NLDS1,ethiean01,LAN,NL,3,12,5,6,2,1,2,3,0,0.0,1,2.0,0.0,1.0,0.0,0.0,0.0
2009,NLDS1,frankry01,SLN,NL,2,0,0,0,0,0,0,0,0,0.0,0,0.0,0.0,0.0,0.0,0.0,0.0
2009,NLDS1,furcara01,LAN,NL,3,12,2,6,0,1,0,2,0,0.0,1,1.0,0.0,0.0,0.0,1.0,0.0
2009,NLDS1,glaustr01,SLN,NL,2,2,0,0,0,0,0,0,0,0.0,0,1.0,0.0,0.0,0.0,0.0,0.0
2009,NLDS1,hawksbl01,SLN,NL,1,0,0,0,0,0,0,0,0,0.0,0,0.0,0.0,0.0,0.0,0.0,0.0
2009,NLDS1,hollima01,SLN,NL,3,12,1,2,0,0,1,1,0,0.0,0,2.0,0.0,1.0,0.0,0.0,0.0
2009,NLDS1,hudsoor01,LAN,NL,3,0,0,0,0,0,0,0,0,0.0,0,0.0,0.0,0.0,0.0,0.0,0.0
2009,NLDS1,kempma01,LAN,NL,3,14,2,2,0,0,1,2,0,0.0,0,8.0,0.0,0.0,0.0,0.0,0.0
2009,NLDS1,kershcl01,LAN,NL,1,2,0,0,0,0,0,0,0,0.0,0,0.0,0.0,0.0,0.0,0.0,0.0
2009,NLDS1,kuoho01,LAN,NL,1,0,0,0,0,0,0,0,0,0.0,0,0.0,0.0,0.0,0.0,0.0,0.0
2009,NLDS1,larueja01,SLN,NL,1,1,0,0,0,0,0,0,0,0.0,0,0.0,0.0,0.0,0.0,0.0,0.0
2009,NLDS1,loneyja01,LAN,NL,3,12,0,3,0,0,0,0,0,0.0,1,1.0,0.0,0.0,0.0,0.0,0.0
2009,NLDS1,loretma01,LAN,NL,1,1,0,1,0,0,0,1,0,0.0,0,0.0,0.0,0.0,0.0,0.0,0.0
2009,NLDS1,ludwiry01,SLN,NL,3,12,1,4,0,0,0,1,0,0.0,1,0.0,0.0,0.0,0.0,0.0,0.0
2009,NLDS1,lugoju01,SLN,NL,3,5,1,2,1,0,0,0,2,0.0,1,1.0,0.0,0.0,0.0,0.0,0.0
2009,NLDS1,martiru01,LAN,NL,3,9,0,1,0,0,0,1,0,0.0,3,1.0,0.0,1.0,0.0,0.0,0.0
2009,NLDS1,mccleky01,SLN,NL,1,0,0,0,0,0,0,0,0,0.0,0,0.0,0.0,0.0,0.0,0.0,0.0
2009,NLDS1,milletr02,SLN,NL,2,0,0,0,0,0,0,0,0,0.0,0,0.0,0.0,0.0,0.0,0.0,0.0
2009,NLDS1,molinya01,SLN,NL,3,13,0,4,1,0,0,0,0,0.0,0,1.0,0.0,0.0,0.0,0.0,1.0
2009,NLDS1,motteja01,SLN,NL,1,0,0,0,0,0,0,0,0,0.0,0,0.0,0.0,0.0,0.0,0.0,0.0
2009,NLDS1,padilvi01,LAN,NL,1,3,0,0,0,0,0,0,0,0.0,0,1.0,0.0,0.0,0.0,0.0,0.0
2009,NLDS1,pierrju01,LAN,NL,3,0,1,0,0,0,0,0,0,0.0,0,0.0,0.0,0.0,1.0,0.0,0.0
2009,NLDS1,pineijo01,SLN,NL,1,1,0,0,0,0,0,0,0,0.0,0,1.0,0.0,0.0,0.0,0.0,0.0
2009,NLDS1,pujolal01,SLN,NL,3,10,0,3,0,0,0,1,0,0.0,3,1.0,3.0,0.0,0.0,0.0,0.0
2009,NLDS1,ramirma02,LAN,NL,3,13,0,4,3,0,0,2,0,0.0,1,2.0,0.0,0.0,0.0,0.0,1.0
2009,NLDS1,rasmuco01,SLN,NL,3,9,1,4,3,0,0,1,0,0.0,2,1.0,0.0,0.0,0.0,0.0,1.0
2009,NLDS1,reyesde01,SLN,NL,2,0,0,0,0,0,0,0,0,0.0,0,0.0,0.0,0.0,0.0,0.0,0.0
2009,NLDS1,ryanbr01,SLN,NL,3,12,0,1,1,0,0,0,0,0.0,0,2.0,0.0,0.0,0.0,0.0,0.0
2009,NLDS1,schumsk01,SLN,NL,2,6,1,2,1,0,0,1,0,0.0,1,0.0,0.0,1.0,0.0,0.0,0.0
2009,NLDS1,sherrge01,LAN,NL,3,0,0,0,0,0,0,0,0,0.0,0,0.0,0.0,0.0,0.0,0.0,0.0
2009,NLDS1,smoltjo01,SLN,NL,1,0,0,0,0,0,0,0,0,0.0,0,0.0,0.0,0.0,0.0,0.0,0.0
2009,NLDS1,thomeji01,LAN,NL,3,2,0,0,0,0,0,0,0,0.0,0,1.0,0.0,1.0,0.0,0.0,0.0
2009,NLDS1,thursjo01,SLN,NL,1,1,0,0,0,0,0,0,0,0.0,0,1.0,0.0,0.0,0.0,0.0,0.0
2009,NLDS1,wainwad01,SLN,NL,1,2,0,0,0,0,0,0,0,0.0,0,0.0,0.0,0.0,1.0,0.0,0.0
2009,NLDS1,weaveje01,LAN,NL,1,0,0,0,0,0,0,0,0,0.0,0,0.0,0.0,0.0,0.0,0.0,0.0
2009,NLDS1,wolfra02,LAN,NL,1,2,0,0,0,0,0,0,0,0.0,0,0.0,0.0,0.0,0.0,0.0,0.0
2009,NLDS2,atkinga01,COL,NL,4,13,0,3,2,0,0,2,0,0.0,0,3.0,0.0,0.0,0.0,0.0,0.0
2009,NLDS2,barmecl01,COL,NL,4,14,0,0,0,0,0,0,0,0.0,0,2.0,0.0,0.0,1.0,0.0,0.0
2009,NLDS2,bastaan01,PHI,NL,1,0,0,0,0,0,0,0,0,0.0,0,0.0,0.0,0.0,0.0,0.0,0.0
2009,NLDS2,beimejo01,COL,NL,3,0,0,0,0,0,0,0,0,0.0,0,0.0,0.0,0.0,0.0,0.0,0.0
2009,NLDS2,belisma01,COL,NL,2,1,0,0,0,0,0,0,0,0.0,0,0.0,0.0,0.0,0.0,0.0,0.0
2009,NLDS2,betanra01,COL,NL,3,0,0,0,0,0,0,0,0,0.0,0,0.0,0.0,0.0,0.0,0.0,0.0
2009,NLDS2,blantjo01,PHI,NL,2,1,0,0,0,0,0,0,0,0.0,0,1.0,0.0,0.0,0.0,0.0,0.0
2009,NLDS2,cairomi01,PHI,NL,2,3,0,0,0,0,0,0,0,0.0,0,0.0,0.0,0.0,0.0,0.0,0.0
2009,NLDS2,contrjo01,COL,NL,2,0,0,0,0,0,0,0,0,0.0,0,0.0,0.0,0.0,0.0,0.0,0.0
2009,NLDS2,cookaa01,COL,NL,1,2,1,1,0,0,0,0,0,0.0,0,1.0,0.0,0.0,0.0,0.0,0.0
2009,NLDS2,daleyma01,COL,NL,1,0,0,0,0,0,0,0,0,0.0,0,0.0,0.0,0.0,0.0,0.0,0.0
2009,NLDS2,dobbsgr01,PHI,NL,3,3,0,0,0,0,0,0,0,0.0,0,1.0,0.0,0.0,0.0,0.0,0.0
2009,NLDS2,durbich01,PHI,NL,1,0,0,0,0,0,0,0,0,0.0,0,0.0,0.0,0.0,0.0,0.0,0.0
2009,NLDS2,eyresc01,PHI,NL,3,0,0,0,0,0,0,0,0,0.0,0,0.0,0.0,0.0,0.0,0.0,0.0
2009,NLDS2,felizpe01,PHI,NL,4,14,0,3,1,0,0,0,0,0.0,1,3.0,0.0,0.0,0.0,0.0,1.0
2009,NLDS2,fowlede01,COL,NL,4,14,1,3,0,0,0,2,0,0.0,1,3.0,0.0,0.0,1.0,2.0,1.0
2009,NLDS2,francbe01,PHI,NL,3,1,0,0,0,0,0,0,0,0.0,0,0.0,0.0,0.0,0.0,0.0,0.0
2009,NLDS2,giambja01,COL,NL,3,3,1,1,0,0,0,1,0,0.0,0,1.0,0.0,0.0,0.0,0.0,0.0
2009,NLDS2,gonzaca01,COL,NL,4,17,5,10,2,0,1,1,2,1.0,2,1.0,0.0,0.0,0.0,0.0,0.0
2009,NLDS2,hamelco01,PHI,NL,1,0,0,0,0,0,0,0,0,0.0,1,0.0,0.0,0.0,0.0,0.0,0.0
2009,NLDS2,hammeja01,COL,NL,1,0,0,0,0,0,0,0,0,0.0,1,0.0,0.0,0.0,0.0,0.0,0.0
2009,NLDS2,happja01,PHI,NL,2,1,0,0,0,0,0,0,0,0.0,0,1.0,0.0,0.0,0.0,0.0,0.0
2009,NLDS2,hawpebr01,COL,NL,2,4,0,0,0,0,0,0,0,0.0,0,1.0,0.0,0.0,0.0,0.0,0.0
2009,NLDS2,heltoto01,COL,NL,4,16,5,3,0,0,0,2,0,0.0,3,2.0,0.0,0.0,0.0,0.0,0.0
2009,NLDS2,howarry01,PHI,NL,4,16,3,6,3,0,0,6,0,1.0,1,4.0,1.0,0.0,0.0,1.0,0.0
2009,NLDS2,ibanera01,PHI,NL,4,13,2,4,1,0,0,5,0,0.0,4,2.0,0.0,0.0,0.0,0.0,1.0
2009,NLDS2,jimenub01,COL,NL,2,4,0,1,0,0,0,0,0,0.0,0,2.0,0.0,0.0,0.0,0.0,0.0
2009,NLDS2,leecl02,PHI,NL,3,5,0,1,0,0,0,0,1,0.0,0,2.0,0.0,0.0,1.0,0.0,0.0
2009,NLDS2,lidgebr01,PHI,NL,2,0,0,0,0,0,0,0,0,0.0,0,0.0,0.0,0.0,0.0,0.0,0.0
2009,NLDS2,madsory01,PHI,NL,3,0,0,0,0,0,0,0,0,0.0,0,0.0,0.0,0.0,0.0,0.0,0.0
2009,NLDS2,marquja01,COL,NL,1,0,0,0,0,0,0,0,0,0.0,0,0.0,0.0,0.0,0.0,0.0,0.0
2009,NLDS2,moralfr01,COL,NL,4,0,0,0,0,0,0,0,0,0.0,0,0.0,0.0,0.0,0.0,0.0,0.0
2009,NLDS2,myersbr01,PHI,NL,1,0,0,0,0,0,0,0,0,0.0,0,0.0,0.0,0.0,0.0,0.0,0.0
2009,NLDS2,rolliji01,PHI,NL,4,19,1,5,1,0,0,0,0,0.0,0,5.0,0.0,0.0,0.0,0.0,1.0
2009,NLDS2,ruizca01,PHI,NL,4,13,0,4,0,0,0,3,0,0.0,2,2.0,0.0,0.0,0.0,0.0,1.0
2009,NLDS2,smithse01,COL,NL,3,5,0,1,0,0,0,0,0,0.0,1,1.0,1.0,0.0,0.0,0.0,0.0
2009,NLDS2,spilbry01,COL,NL,4,9,1,2,1,0,0,0,0,0.0,1,2.0,1.0,0.0,0.0,0.0,0.0
2009,NLDS2,stairma01,PHI,NL,2,1,0,0,0,0,0,0,0,0.0,1,1.0,0.0,0.0,0.0,0.0,0.0
2009,NLDS2,stewaia01,COL,NL,2,1,0,0,0,0,0,0,0,0.0,1,1.0,0.0,0.0,0.0,0.0,0.0
2009,NLDS2,streehu01,COL,NL,3,0,0,0,0,0,0,0,0,0.0,0,0.0,0.0,0.0,0.0,0.0,0.0
2009,NLDS2,torreyo01,COL,NL,4,14,1,5,2,0,1,4,0,0.0,0,5.0,0.0,0.0,1.0,0.0,0.0
2009,NLDS2,tulowtr01,COL,NL,4,16,0,4,2,0,0,3,0,0.0,0,2.0,0.0,1.0,0.0,1.0,2.0
2009,NLDS2,utleych01,PHI,NL,4,14,5,6,0,0,1,1,2,0.0,4,3.0,0.0,0.0,0.0,0.0,0.0
2009,NLDS2,victosh01,PHI,NL,4,17,4,6,1,0,1,1,1,0.0,1,1.0,0.0,0.0,1.0,0.0,0.0
2009,NLDS2,werthja01,PHI,NL,4,14,5,5,0,1,2,4,0,0.0,4,4.0,1.0,0.0,0.0,0.0,1.0
2009,NLDS2,younger03,COL,NL,2,1,0,0,0,0,0,0,0,0.0,0,0.0,0.0,0.0,0.0,0.0,0.0
2009,WS,aceveal01,NYA,AL,1,0,0,0,0,0,0,0,0,0.0,0,0.0,0.0,0.0,0.0,0.0,0.0
2009,WS,blantjo01,PHI,NL,1,2,0,0,0,0,0,0,0,0.0,0,2.0,0.0,0.0,0.0,0.0,0.0
2009,WS,brunebr01,NYA,AL,1,0,0,0,0,0,0,0,0,0.0,0,0.0,0.0,0.0,0.0,0.0,0.0
2009,WS,brunter01,PHI,NL,1,1,0,0,0,0,0,0,0,0.0,0,0.0,0.0,0.0,0.0,0.0,0.0
2009,WS,burneaj01,NYA,AL,2,1,0,0,0,0,0,0,0,0.0,0,1.0,0.0,0.0,0.0,0.0,0.0
2009,WS,cabreme01,NYA,AL,4,13,1,2,0,0,0,0,0,0.0,0,3.0,0.0,0.0,0.0,0.0,0.0
2009,WS,canoro01,NYA,AL,6,22,0,3,0,0,0,1,0,0.0,0,5.0,0.0,0.0,0.0,1.0,0.0
2009,WS,chambjo03,NYA,AL,3,0,0,0,0,0,0,0,0,0.0,0,0.0,0.0,0.0,0.0,0.0,0.0
2009,WS,cokeph01,NYA,AL,2,0,0,0,0,0,0,0,0,0.0,0,0.0,0.0,0.0,0.0,0.0,0.0
2009,WS,damonjo01,NYA,AL,6,22,6,8,2,0,0,4,3,0.0,3,3.0,0.0,0.0,0.0,0.0,0.0
2009,WS,durbich01,PHI,NL,2,0,0,0,0,0,0,0,0,0.0,0,0.0,0.0,0.0,0.0,0.0,0.0
2009,WS,eyresc01,PHI,NL,2,0,0,0,0,0,0,0,0,0.0,0,0.0,0.0,0.0,0.0,0.0,0.0
2009,WS,felizpe01,PHI,NL,6,23,2,4,1,0,1,2,0,0.0,0,4.0,0.0,0.0,0.0,0.0,1.0
2009,WS,francbe01,PHI,NL,4,7,0,0,0,0,0,0,0,0.0,1,2.0,0.0,0.0,0.0,0.0,0.0
2009,WS,gardnbr01,NYA,AL,5,10,1,0,0,0,0,0,0,0.0,0,4.0,0.0,0.0,0.0,0.0,0.0
2009,WS,hairsje02,NYA,AL,3,6,0,1,0,0,0,0,0,0.0,0,1.0,0.0,0.0,1.0,0.0,0.0
2009,WS,hamelco01,PHI,NL,1,1,0,1,0,0,0,0,0,0.0,0,0.0,0.0,0.0,1.0,0.0,0.0
2009,WS,happja01,PHI,NL,2,0,0,0,0,0,0,0,0,0.0,0,0.0,0.0,0.0,0.0,0.0,0.0
2009,WS,hinsker01,NYA,AL,1,0,1,0,0,0,0,0,0,0.0,1,0.0,0.0,0.0,0.0,0.0,0.0
2009,WS,howarry01,PHI,NL,6,23,3,4,2,0,1,3,1,0.0,2,13.0,0.0,0.0,0.0,0.0,0.0
2009,WS,hugheph01,NYA,AL,3,0,0,0,0,0,0,0,0,0.0,0,0.0,0.0,0.0,0.0,0.0,0.0
2009,WS,ibanera01,PHI,NL,6,23,2,7,4,0,1,4,0,0.0,1,9.0,0.0,0.0,0.0,0.0,0.0
2009,WS,jeterde01,NYA,AL,6,27,5,11,3,0,0,1,0,0.0,1,6.0,0.0,0.0,0.0,0.0,1.0
2009,WS,leecl02,PHI,NL,2,3,0,1,0,0,0,0,0,0.0,0,1.0,0.0,0.0,0.0,0.0,0.0
2009,WS,lidgebr01,PHI,NL,1,0,0,0,0,0,0,0,0,0.0,0,0.0,0.0,0.0,0.0,0.0,0.0
2009,WS,madsory01,PHI,NL,5,0,0,0,0,0,0,0,0,0.0,0,0.0,0.0,0.0,0.0,0.0,0.0
2009,WS,marteda01,NYA,AL,4,0,0,0,0,0,0,0,0,0.0,0,0.0,0.0,0.0,0.0,0.0,0.0
2009,WS,martipe02,PHI,NL,2,0,0,0,0,0,0,0,0,0.0,0,0.0,0.0,0.0,0.0,0.0,0.0
2009,WS,matsuhi01,NYA,AL,6,13,3,8,1,0,3,8,0,0.0,1,3.0,0.0,0.0,0.0,0.0,0.0
2009,WS,molinjo01,NYA,AL,2,2,0,0,0,0,0,0,0,0.0,1,0.0,0.0,0.0,0.0,0.0,0.0
2009,WS,myersbr01,PHI,NL,1,0,0,0,0,0,0,0,0,0.0,0,0.0,0.0,0.0,0.0,0.0,0.0
2009,WS,parkch01,PHI,NL,4,0,0,0,0,0,0,0,0,0.0,0,0.0,0.0,0.0,0.0,0.0,0.0
2009,WS,pettian01,NYA,AL,2,3,1,1,0,0,0,1,0,0.0,0,1.0,0.0,0.0,0.0,0.0,0.0
2009,WS,posadjo01,NYA,AL,6,19,1,5,1,0,0,5,0,0.0,2,7.0,1.0,0.0,0.0,1.0,0.0
2009,WS,riverma01,NYA,AL,4,0,0,0,0,0,0,0,0,0.0,0,0.0,0.0,0.0,0.0,0.0,0.0
2009,WS,roberda08,NYA,AL,2,0,0,0,0,0,0,0,0,0.0,0,0.0,0.0,0.0,0.0,0.0,0.0
2009,WS,rodrial01,NYA,AL,6,20,5,5,3,0,1,6,1,0.0,3,8.0,0.0,3.0,0.0,0.0,0.0
2009,WS,rolliji01,PHI,NL,6,23,3,5,0,0,0,2,3,0.0,5,2.0,0.0,0.0,0.0,1.0,1.0
2009,WS,ruizca01,PHI,NL,6,18,4,6,2,1,1,2,0,0.0,5,2.0,1.0,0.0,0.0,0.0,0.0
2009,WS,sabatcc01,NYA,AL,2,3,0,0,0,0,0,0,0,0.0,0,2.0,0.0,0.0,0.0,0.0,0.0
2009,WS,stairma01,PHI,NL,5,8,0,1,0,0,0,1,0,0.0,0,2.0,0.0,0.0,0.0,0.0,1.0
2009,WS,swishni01,NYA,AL,5,15,3,2,1,0,1,1,0,0.0,4,4.0,0.0,0.0,0.0,0.0,0.0
2009,WS,teixema01,NYA,AL,6,22,5,3,1,0,1,3,0,0.0,2,8.0,0.0,3.0,0.0,0.0,0.0
2009,WS,utleych01,PHI,NL,6,21,7,6,1,0,5,8,1,0.0,4,5.0,1.0,0.0,0.0,0.0,2.0
2009,WS,victosh01,PHI,NL,6,22,3,4,1,0,0,2,0,0.0,3,1.0,0.0,1.0,0.0,1.0,0.0
2009,WS,werthja01,PHI,NL,6,19,3,5,0,0,2,3,0,0.0,5,7.0,1.0,0.0,0.0,0.0,0.0
2010,ALCS,andruel01,TEX,AL,6,27,4,9,2,0,0,2,4,0.0,2,3.0,0.0,0.0,1.0,0.0,0.0
2010,ALCS,berkmla01,NYA,AL,4,12,1,3,0,1,0,2,0,0.0,2,2.0,0.0,0.0,0.0,1.0,0.0
2010,ALCS,borboju01,TEX,AL,3,1,2,0,0,0,0,0,0,0.0,0,1.0,0.0,0.0,0.0,0.0,0.0
2010,ALCS,burneaj01,NYA,AL,1,0,0,0,0,0,0,0,0,0.0,0,0.0,0.0,0.0,0.0,0.0,0.0
2010,ALCS,canoro01,NYA,AL,6,23,5,8,1,0,4,5,0,0.0,1,3.0,0.0,0.0,0.0,0.0,1.0
2010,ALCS,cantujo01,TEX,AL,1,3,0,0,0,0,0,0,0,0.0,0,0.0,0.0,0.0,0.0,0.0,0.0
2010,ALCS,cervefr01,NYA,AL,1,2,0,0,0,0,0,0,0,0.0,0,1.0,0.0,0.0,0.0,0.0,0.0
2010,ALCS,chambjo03,NYA,AL,3,0,0,0,0,0,0,0,0,0.0,0,0.0,0.0,0.0,0.0,0.0,0.0
2010,ALCS,cruzne02,TEX,AL,6,20,6,7,3,0,2,5,0,0.0,3,6.0,1.0,0.0,0.0,0.0,0.0
2010,ALCS,felizne01,TEX,AL,3,0,0,0,0,0,0,0,0,0.0,0,0.0,0.0,0.0,0.0,0.0,0.0
2010,ALCS,francje02,TEX,AL,4,10,0,2,0,0,0,0,0,0.0,0,0.0,0.0,0.0,0.0,0.0,0.0
2010,ALCS,gardnbr01,NYA,AL,6,17,1,3,0,0,0,1,1,0.0,2,5.0,0.0,0.0,1.0,0.0,0.0
2010,ALCS,golsogr01,NYA,AL,1,0,0,0,0,0,0,0,0,0.0,0,0.0,0.0,0.0,0.0,0.0,0.0
2010,ALCS,grandcu01,NYA,AL,6,17,1,5,1,0,1,3,0,1.0,7,4.0,0.0,1.0,0.0,0.0,0.0
2010,ALCS,guerrvl01,TEX,AL,6,26,2,7,2,0,0,3,0,0.0,0,8.0,0.0,0.0,0.0,0.0,0.0
2010,ALCS,hamiljo03,TEX,AL,6,20,6,7,1,0,4,7,3,0.0,8,4.0,5.0,0.0,0.0,0.0,1.0
2010,ALCS,hollade01,TEX,AL,2,0,0,0,0,0,0,0,0,0.0,0,0.0,0.0,0.0,0.0,0.0,0.0
2010,ALCS,hugheph01,NYA,AL,2,0,0,0,0,0,0,0,0,0.0,0,0.0,0.0,0.0,0.0,0.0,0.0
2010,ALCS,hunteto02,TEX,AL,1,0,0,0,0,0,0,0,0,0.0,0,0.0,0.0,0.0,0.0,0.0,0.0
2010,ALCS,jeterde01,NYA,AL,6,26,2,6,3,1,0,1,0,0.0,2,7.0,0.0,0.0,0.0,0.0,1.0
2010,ALCS,kinslia01,TEX,AL,6,20,1,5,1,1,0,3,2,1.0,3,3.0,0.0,0.0,1.0,1.0,0.0
2010,ALCS,kirkmmi01,TEX,AL,1,0,0,0,0,0,0,0,0,0.0,0,0.0,0.0,0.0,0.0,0.0,0.0
2010,ALCS,leecl02,TEX,AL,1,0,0,0,0,0,0,0,0,0.0,0,0.0,0.0,0.0,0.0,0.0,0.0
2010,ALCS,lewisco01,TEX,AL,2,0,0,0,0,0,0,0,0,0.0,0,0.0,0.0,0.0,0.0,0.0,0.0
2010,ALCS,loganbo02,NYA,AL,3,0,0,0,0,0,0,0,0,0.0,0,0.0,0.0,0.0,0.0,0.0,0.0
2010,ALCS,mitrese01,NYA,AL,3,0,0,0,0,0,0,0,0,0.0,0,0.0,0.0,0.0,0.0,0.0,0.0
2010,ALCS,molinbe01,TEX,AL,5,16,3,5,1,0,1,5,0,0.0,0,4.0,0.0,1.0,0.0,0.0,1.0
2010,ALCS,morelmi01,TEX,AL,6,18,3,7,0,0,0,3,0,0.0,2,2.0,0.0,0.0,1.0,0.0,1.0
2010,ALCS,moseldu01,NYA,AL,1,0,0,0,0,0,0,0,0,0.0,0,0.0,0.0,0.0,0.0,0.0,0.0
2010,ALCS,murphda07,TEX,AL,6,13,6,3,1,0,1,2,0,0.0,4,4.0,2.0,0.0,0.0,0.0,0.0
2010,ALCS,odayda01,TEX,AL,3,0,0,0,0,0,0,0,0,0.0,0,0.0,0.0,0.0,0.0,0.0,0.0
2010,ALCS,ogandal01,TEX,AL,2,0,0,0,0,0,0,0,0,0.0,0,0.0,0.0,0.0,0.0,0.0,0.0
2010,ALCS,oliveda02,TEX,AL,3,0,0,0,0,0,0,0,0,0.0,0,0.0,0.0,0.0,0.0,0.0,0.0
2010,ALCS,pettian01,NYA,AL,1,0,0,0,0,0,0,0,0,0.0,0,0.0,0.0,0.0,0.0,0.0,0.0
2010,ALCS,posadjo01,NYA,AL,6,19,1,5,2,0,0,1,0,0.0,1,8.0,0.0,0.0,0.0,0.0,0.0
2010,ALCS,rapadcl01,TEX,AL,3,0,0,0,0,0,0,0,0,0.0,0,0.0,0.0,0.0,0.0,0.0,0.0
2010,ALCS,riverma01,NYA,AL,3,0,0,0,0,0,0,0,0,0.0,0,0.0,0.0,0.0,0.0,0.0,0.0
2010,ALCS,roberda08,NYA,AL,4,0,0,0,0,0,0,0,0,0.0,0,0.0,0.0,0.0,0.0,0.0,0.0
2010,ALCS,rodrial01,NYA,AL,6,21,4,4,2,0,0,2,1,0.0,3,4.0,0.0,1.0,0.0,0.0,1.0
2010,ALCS,sabatcc01,NYA,AL,2,0,0,0,0,0,0,0,0,0.0,0,0.0,0.0,0.0,0.0,0.0,0.0
2010,ALCS,swishni01,NYA,AL,6,22,3,2,1,0,1,1,0,0.0,3,7.0,0.0,0.0,0.0,0.0,1.0
2010,ALCS,teixema01,NYA,AL,4,14,1,0,0,0,0,0,0,0.0,3,4.0,0.0,0.0,0.0,0.0,0.0
2010,ALCS,thamema01,NYA,AL,6,16,0,2,0,0,0,1,0,0.0,1,7.0,1.0,0.0,0.0,0.0,0.0
2010,ALCS,treanma01,TEX,AL,2,6,2,2,0,0,1,2,0,0.0,1,1.0,0.0,0.0,0.0,0.0,0.0
2010,ALCS,wilsocj01,TEX,AL,2,0,0,0,0,0,0,0,0,0.0,0,0.0,0.0,0.0,0.0,0.0,0.0
2010,ALCS,woodke02,NYA,AL,4,0,0,0,0,0,0,0,0,0.0,0,0.0,0.0,0.0,0.0,0.0,0.0
2010,ALCS,youngmi02,TEX,AL,6,27,3,9,3,0,0,4,0,0.0,1,7.0,0.0,0.0,0.0,0.0,2.0
2010,ALDS1,andruel01,TEX,AL,5,24,2,8,1,0,0,1,3,1.0,0,2.0,0.0,0.0,0.0,0.0,2.0
2010,ALDS1,aybarwi01,TBA,AL,3,6,0,1,1,0,0,0,0,0.0,0,2.0,0.0,0.0,0.0,0.0,0.0
2010,ALDS1,baldero01,TBA,AL,1,3,0,0,0,0,0,0,0,0.0,0,2.0,0.0,0.0,0.0,0.0,0.0
2010,ALDS1,balfogr01,TBA,AL,3,0,0,0,0,0,0,0,0,0.0,0,0.0,0.0,0.0,0.0,0.0,0.0
2010,ALDS1,bartlja01,TBA,AL,5,15,0,6,1,0,0,0,0,0.0,1,1.0,0.0,1.0,0.0,0.0,0.0
2010,ALDS1,benoijo01,TBA,AL,3,0,0,0,0,0,0,0,0,0.0,0,0.0,0.0,0.0,0.0,0.0,0.0
2010,ALDS1,borboju01,TEX,AL,3,6,1,0,0,0,0,0,0,0.0,0,2.0,0.0,0.0,0.0,0.0,0.0
2010,ALDS1,brignre01,TBA,AL,2,3,0,0,0,0,0,0,0,0.0,0,3.0,0.0,0.0,0.0,0.0,0.0
2010,ALDS1,cantujo01,TEX,AL,1,4,0,0,0,0,0,0,0,0.0,0,3.0,0.0,0.0,0.0,0.0,0.0
2010,ALDS1,choatra01,TBA,AL,3,0,0,0,0,0,0,0,0,0.0,0,0.0,0.0,0.0,0.0,0.0,0.0
2010,ALDS1,crawfca02,TBA,AL,5,21,1,3,0,0,1,1,1,0.0,0,4.0,0.0,0.0,0.0,0.0,1.0
2010,ALDS1,cruzne02,TEX,AL,5,20,5,8,2,0,3,3,1,0.0,0,6.0,0.0,0.0,0.0,0.0,1.0
2010,ALDS1,daviswa01,TBA,AL,1,0,0,0,0,0,0,0,0,0.0,0,0.0,0.0,0.0,0.0,0.0,0.0
2010,ALDS1,felizne01,TEX,AL,2,0,0,0,0,0,0,0,0,0.0,0,0.0,0.0,0.0,0.0,0.0,0.0
2010,ALDS1,francje02,TEX,AL,2,8,1,1,1,0,0,1,0,0.0,0,2.0,0.0,0.0,0.0,0.0,1.0
2010,ALDS1,garzama01,TBA,AL,1,0,0,0,0,0,0,0,0,0.0,0,0.0,0.0,0.0,0.0,0.0,0.0
2010,ALDS1,guerrvl01,TEX,AL,5,19,2,5,1,0,0,1,0,0.0,1,3.0,0.0,0.0,0.0,0.0,2.0
2010,ALDS1,hamiljo03,TEX,AL,5,18,1,2,0,0,0,1,1,0.0,2,6.0,0.0,0.0,0.0,0.0,0.0
2010,ALDS1,hollade01,TEX,AL,2,0,0,0,0,0,0,0,0,0.0,0,0.0,0.0,0.0,0.0,0.0,0.0
2010,ALDS1,hunteto02,TEX,AL,1,0,0,0,0,0,0,0,0,0.0,0,0.0,0.0,0.0,0.0,0.0,0.0
2010,ALDS1,jasojo01,TBA,AL,3,10,0,3,0,0,0,1,0,0.0,1,2.0,0.0,0.0,0.0,0.0,0.0
2010,ALDS1,jennide01,TBA,AL,2,2,1,0,0,0,0,0,0,0.0,0,1.0,0.0,0.0,0.0,0.0,0.0
2010,ALDS1,johnsda06,TBA,AL,5,9,1,2,1,0,0,0,0,0.0,3,4.0,0.0,0.0,0.0,0.0,1.0
2010,ALDS1,joycema01,TBA,AL,4,9,0,2,0,0,0,0,1,0.0,0,4.0,0.0,0.0,0.0,0.0,0.0
2010,ALDS1,kinslia01,TEX,AL,5,18,5,8,0,0,3,6,0,0.0,2,2.0,0.0,0.0,0.0,0.0,0.0
2010,ALDS1,leecl02,TEX,AL,2,0,0,0,0,0,0,0,0,0.0,0,0.0,0.0,0.0,0.0,0.0,0.0
2010,ALDS1,lewisco01,TEX,AL,1,0,0,0,0,0,0,0,0,0.0,0,0.0,0.0,0.0,0.0,0.0,0.0
2010,ALDS1,longoev01,TBA,AL,5,20,2,4,2,0,1,2,0,0.0,1,4.0,0.0,0.0,0.0,0.0,0.0
2010,ALDS1,molinbe01,TEX,AL,4,14,1,5,0,0,1,2,1,0.0,0,1.0,0.0,0.0,0.0,0.0,0.0
2010,ALDS1,morelmi01,TEX,AL,4,15,1,3,3,0,0,1,0,0.0,0,3.0,0.0,0.0,0.0,0.0,0.0
2010,ALDS1,murphda07,TEX,AL,2,7,0,1,0,0,0,0,0,0.0,0,1.0,0.0,0.0,0.0,0.0,0.0
2010,ALDS1,niemaje01,TBA,AL,1,0,0,0,0,0,0,0,0,0.0,0,0.0,0.0,0.0,0.0,0.0,0.0
2010,ALDS1,nippedu01,TEX,AL,1,0,0,0,0,0,0,0,0,0.0,0,0.0,0.0,0.0,0.0,0.0,0.0
2010,ALDS1,odayda01,TEX,AL,4,0,0,0,0,0,0,0,0,0.0,0,0.0,0.0,0.0,0.0,0.0,0.0
2010,ALDS1,ogandal01,TEX,AL,1,0,0,0,0,0,0,0,0,0.0,0,0.0,0.0,0.0,0.0,0.0,0.0
2010,ALDS1,oliveda02,TEX,AL,3,0,0,0,0,0,0,0,0,0.0,0,0.0,0.0,0.0,0.0,0.0,0.0
2010,ALDS1,penaca01,TBA,AL,4,14,4,4,1,1,1,4,0,0.0,3,7.0,0.0,0.0,0.0,0.0,0.0
2010,ALDS1,priceda01,TBA,AL,2,0,0,0,0,0,0,0,0,0.0,0,0.0,0.0,0.0,0.0,0.0,0.0
2010,ALDS1,quallch01,TBA,AL,2,0,0,0,0,0,0,0,0,0.0,0,0.0,0.0,0.0,0.0,0.0,0.0
2010,ALDS1,rodrise01,TBA,AL,4,10,2,2,0,0,0,0,0,0.0,0,5.0,0.0,0.0,0.0,0.0,0.0
2010,ALDS1,shielja02,TBA,AL,1,0,0,0,0,0,0,0,0,0.0,0,0.0,0.0,0.0,0.0,0.0,0.0
2010,ALDS1,shoppke01,TBA,AL,3,9,0,0,0,0,0,0,0,0.0,1,3.0,0.0,0.0,0.0,0.0,0.0
2010,ALDS1,soriara01,TBA,AL,3,0,0,0,0,0,0,0,0,0.0,0,0.0,0.0,0.0,0.0,0.0,0.0
2010,ALDS1,treanma01,TEX,AL,1,1,1,0,0,0,0,0,0,0.0,1,1.0,0.0,2.0,0.0,0.0,0.0
2010,ALDS1,uptonbj01,TBA,AL,5,21,0,4,2,0,0,2,2,0.0,0,7.0,0.0,0.0,0.0,0.0,0.0
2010,ALDS1,wheelda01,TBA,AL,1,0,0,0,0,0,0,0,0,0.0,0,0.0,0.0,0.0,0.0,0.0,0.0
2010,ALDS1,wilsocj01,TEX,AL,1,0,0,0,0,0,0,0,0,0.0,0,0.0,0.0,0.0,0.0,0.0,0.0
2010,ALDS1,youngmi02,TEX,AL,5,20,1,3,0,0,1,3,0,0.0,0,6.0,0.0,0.0,0.0,0.0,0.0
2010,ALDS1,zobribe01,TBA,AL,5,20,2,6,2,0,1,2,0,0.0,2,6.0,0.0,0.0,0.0,0.0,0.0
2010,ALDS2,bakersc02,MIN,AL,1,0,0,0,0,0,0,0,0,0.0,0,0.0,0.0,0.0,0.0,0.0,0.0
2010,ALDS2,berkmla01,NYA,AL,1,4,2,2,1,0,1,2,0,0.0,0,1.0,0.0,0.0,0.0,0.0,0.0
2010,ALDS2,canoro01,NYA,AL,3,12,3,4,0,1,0,1,0,0.0,0,0.0,0.0,0.0,0.0,0.0,1.0
2010,ALDS2,cappsma01,MIN,AL,1,0,0,0,0,0,0,0,0,0.0,0,0.0,0.0,0.0,0.0,0.0,0.0
2010,ALDS2,crainje01,MIN,AL,1,0,0,0,0,0,0,0,0,0.0,0,0.0,0.0,0.0,0.0,0.0,0.0
2010,ALDS2,cuddymi01,MIN,AL,3,11,1,2,1,0,1,2,0,0.0,0,4.0,0.0,0.0,0.0,0.0,0.0
2010,ALDS2,duensbr01,MIN,AL,1,0,0,0,0,0,0,0,0,0.0,0,0.0,0.0,0.0,0.0,0.0,0.0
2010,ALDS2,fuentbr01,MIN,AL,2,0,0,0,0,0,0,0,0,0.0,0,0.0,0.0,0.0,0.0,0.0,0.0
2010,ALDS2,gardnbr01,NYA,AL,3,10,1,2,0,0,0,1,1,0.0,1,3.0,0.0,0.0,0.0,1.0,0.0
2010,ALDS2,golsogr01,NYA,AL,2,0,0,0,0,0,0,0,0,0.0,0,0.0,0.0,0.0,0.0,0.0,0.0
2010,ALDS2,grandcu01,NYA,AL,3,11,2,5,1,1,0,3,1,0.0,1,1.0,0.0,0.0,1.0,0.0,1.0
2010,ALDS2,guerrma02,MIN,AL,2,0,0,0,0,0,0,0,0,0.0,0,0.0,0.0,0.0,0.0,0.0,0.0
2010,ALDS2,hardyjj01,MIN,AL,3,10,0,1,1,0,0,0,0,0.0,0,2.0,0.0,0.0,0.0,0.0,0.0
2010,ALDS2,hudsoor01,MIN,AL,3,12,2,4,0,0,1,2,0,0.0,0,2.0,0.0,0.0,1.0,0.0,2.0
2010,ALDS2,hugheph01,NYA,AL,1,0,0,0,0,0,0,0,0,0.0,0,0.0,0.0,0.0,0.0,0.0,0.0
2010,ALDS2,jeterde01,NYA,AL,3,14,0,4,0,0,0,1,1,0.0,0,3.0,0.0,0.0,0.0,0.0,0.0
2010,ALDS2,kubelja01,MIN,AL,3,8,0,0,0,0,0,0,0,0.0,3,2.0,0.0,0.0,0.0,0.0,0.0
2010,ALDS2,liriafr01,MIN,AL,1,0,0,0,0,0,0,0,0,0.0,0,0.0,0.0,0.0,0.0,0.0,0.0
2010,ALDS2,loganbo02,NYA,AL,2,0,0,0,0,0,0,0,0,0.0,0,0.0,0.0,0.0,0.0,0.0,0.0
2010,ALDS2,mauerjo01,MIN,AL,3,12,0,3,0,0,0,0,0,0.0,1,3.0,0.0,0.0,0.0,0.0,0.0
2010,ALDS2,mijarjo01,MIN,AL,3,0,0,0,0,0,0,0,0,0.0,0,0.0,0.0,0.0,0.0,0.0,0.0
2010,ALDS2,pavanca01,MIN,AL,1,0,0,0,0,0,0,0,0,0.0,0,0.0,0.0,0.0,0.0,0.0,0.0
2010,ALDS2,pettian01,NYA,AL,1,0,0,0,0,0,0,0,0,0.0,0,0.0,0.0,0.0,0.0,0.0,0.0
2010,ALDS2,posadjo01,NYA,AL,3,11,2,3,0,0,0,2,0,0.0,1,4.0,0.0,0.0,0.0,0.0,0.0
2010,ALDS2,rauchjo01,MIN,AL,2,0,0,0,0,0,0,0,0,0.0,0,0.0,0.0,0.0,0.0,0.0,0.0
2010,ALDS2,repkoja01,MIN,AL,1,0,0,0,0,0,0,0,0,0.0,0,0.0,0.0,0.0,0.0,0.0,0.0
2010,ALDS2,riverma01,NYA,AL,3,0,0,0,0,0,0,0,0,0.0,0,0.0,0.0,0.0,0.0,0.0,0.0
2010,ALDS2,roberda08,NYA,AL,2,0,0,0,0,0,0,0,0,0.0,0,0.0,0.0,0.0,0.0,0.0,0.0
2010,ALDS2,rodrial01,NYA,AL,3,11,1,3,0,0,0,1,1,0.0,1,2.0,0.0,0.0,0.0,1.0,0.0
2010,ALDS2,sabatcc01,NYA,AL,1,0,0,0,0,0,0,0,0,0.0,0,0.0,0.0,0.0,0.0,0.0,0.0
2010,ALDS2,spande01,MIN,AL,3,13,0,4,0,0,0,0,0,0.0,0,0.0,0.0,0.0,0.0,0.0,0.0
2010,ALDS2,swishni01,NYA,AL,3,12,3,4,2,0,1,1,0,0.0,1,1.0,0.0,0.0,0.0,0.0,1.0
2010,ALDS2,teixema01,NYA,AL,3,13,2,4,1,0,1,3,0,0.0,1,2.0,1.0,0.0,0.0,0.0,0.0
2010,ALDS2,thamema01,NYA,AL,2,7,1,2,0,0,1,2,0,0.0,1,1.0,0.0,0.0,0.0,0.0,0.0
2010,ALDS2,thomeji01,MIN,AL,3,10,2,1,0,0,0,0,0,0.0,2,3.0,0.0,1.0,0.0,0.0,0.0
2010,ALDS2,tolbema01,MIN,AL,1,0,0,0,0,0,0,0,0,0.0,0,0.0,0.0,0.0,0.0,0.0,0.0
2010,ALDS2,valenda01,MIN,AL,3,9,1,2,1,0,0,2,0,0.0,1,3.0,0.0,0.0,0.0,1.0,0.0
2010,ALDS2,woodke02,NYA,AL,3,0,0,0,0,0,0,0,0,0.0,0,0.0,0.0,0.0,0.0,0.0,0.0
2010,ALDS2,youngde03,MIN,AL,3,12,1,4,0,1,0,0,0,0.0,1,1.0,0.0,0.0,0.0,0.0,1.0
2010,NLCS,affelje01,SFN,NL,3,0,0,0,0,0,0,0,0,0.0,0,0.0,0.0,0.0,0.0,0.0,0.0
2010,NLCS,bastaan01,PHI,NL,1,0,0,0,0,0,0,0,0,0.0,0,0.0,0.0,0.0,0.0,0.0,0.0
2010,NLCS,blantjo01,PHI,NL,1,1,0,0,0,0,0,0,0,0.0,0,1.0,0.0,0.0,1.0,0.0,0.0
2010,NLCS,browndo01,PHI,NL,2,2,0,0,0,0,0,0,0,0.0,0,0.0,0.0,0.0,0.0,0.0,0.0
2010,NLCS,bumgama01,SFN,NL,2,1,0,0,0,0,0,0,0,0.0,0,1.0,0.0,0.0,0.0,0.0,0.0
2010,NLCS,burrepa01,SFN,NL,6,19,3,4,2,0,0,1,0,0.0,3,7.0,0.0,0.0,0.0,0.0,0.0
2010,NLCS,cainma01,SFN,NL,1,2,0,0,0,0,0,0,0,0.0,0,2.0,0.0,0.0,0.0,0.0,0.0
2010,NLCS,contrjo01,PHI,NL,3,0,0,0,0,0,0,0,0,0.0,0,0.0,0.0,0.0,0.0,0.0,0.0
2010,NLCS,durbich01,PHI,NL,1,0,0,0,0,0,0,0,0,0.0,0,0.0,0.0,0.0,0.0,0.0,0.0
2010,NLCS,fontemi01,SFN,NL,4,8,0,2,0,0,0,0,1,0.0,1,2.0,0.0,0.0,0.0,0.0,0.0
2010,NLCS,francbe01,PHI,NL,3,6,1,1,0,0,0,0,0,0.0,0,3.0,0.0,0.0,0.0,0.0,0.0
2010,NLCS,garcija01,SFN,NL,2,0,0,0,0,0,0,0,0,0.0,0,0.0,0.0,0.0,0.0,0.0,0.0
2010,NLCS,gloadro01,PHI,NL,6,5,0,0,0,0,0,0,0,0.0,1,1.0,0.0,0.0,0.0,0.0,0.0
2010,NLCS,hallaro01,PHI,NL,2,3,0,1,0,0,0,0,0,0.0,0,2.0,0.0,0.0,1.0,0.0,0.0
2010,NLCS,hamelco01,PHI,NL,1,2,0,0,0,0,0,0,0,0.0,0,1.0,0.0,0.0,0.0,0.0,0.0
2010,NLCS,howarry01,PHI,NL,6,22,1,7,4,0,0,0,0,0.0,3,12.0,1.0,0.0,0.0,0.0,0.0
2010,NLCS,huffau01,SFN,NL,6,24,3,6,0,0,0,3,0,0.0,1,3.0,1.0,0.0,0.0,0.0,0.0
2010,NLCS,ibanera01,PHI,NL,5,19,1,4,1,0,0,0,0,0.0,1,6.0,0.0,0.0,0.0,0.0,1.0
2010,NLCS,ishiktr01,SFN,NL,5,4,0,1,0,0,0,0,0,0.0,0,3.0,0.0,1.0,0.0,0.0,0.0
2010,NLCS,lidgebr01,PHI,NL,3,0,0,0,0,0,0,0,0,0.0,0,0.0,0.0,0.0,0.0,0.0,0.0
2010,NLCS,linceti01,SFN,NL,3,5,0,0,0,0,0,0,0,0.0,0,3.0,0.0,0.0,0.0,0.0,0.0
2010,NLCS,lopezja02,SFN,NL,5,0,0,0,0,0,0,0,0,0.0,0,0.0,0.0,0.0,0.0,0.0,0.0
2010,NLCS,madsory01,PHI,NL,5,0,0,0,0,0,0,0,0,0.0,0,0.0,0.0,0.0,0.0,0.0,0.0
2010,NLCS,oswalro01,PHI,NL,3,5,1,1,0,0,0,0,0,0.0,0,0.0,0.0,0.0,0.0,0.0,0.0
2010,NLCS,polanpl01,PHI,NL,6,20,3,5,2,0,0,5,1,0.0,3,1.0,0.0,1.0,0.0,1.0,1.0
2010,NLCS,poseybu01,SFN,NL,6,23,1,5,2,0,0,3,0,0.0,3,7.0,1.0,0.0,0.0,0.0,0.0
2010,NLCS,ramirra02,SFN,NL,2,0,0,0,0,0,0,0,0,0.0,0,0.0,0.0,0.0,0.0,0.0,0.0
2010,NLCS,renteed01,SFN,NL,4,16,1,1,0,0,0,0,0,0.0,1,2.0,0.0,0.0,0.0,0.0,1.0
2010,NLCS,rolliji01,PHI,NL,6,23,0,6,1,0,0,4,2,1.0,2,7.0,0.0,0.0,0.0,0.0,0.0
2010,NLCS,romerjc01,PHI,NL,1,0,0,0,0,0,0,0,0,0.0,0,0.0,0.0,0.0,0.0,0.0,0.0
2010,NLCS,romose01,SFN,NL,3,0,0,0,0,0,0,0,0,0.0,0,0.0,0.0,0.0,0.0,0.0,0.0
2010,NLCS,rossco01,SFN,NL,6,20,4,7,3,0,3,5,0,0.0,2,5.0,0.0,1.0,0.0,0.0,1.0
2010,NLCS,rowanaa01,SFN,NL,3,5,1,1,1,0,0,0,0,0.0,0,3.0,0.0,0.0,0.0,0.0,0.0
2010,NLCS,ruizca01,PHI,NL,6,18,2,3,0,0,1,1,0,0.0,1,7.0,0.0,3.0,1.0,0.0,0.0
2010,NLCS,sanchfr01,SFN,NL,6,25,1,8,1,0,0,0,0,0.0,0,3.0,0.0,0.0,2.0,0.0,0.0
2010,NLCS,sanchjo01,SFN,NL,2,3,1,1,0,0,0,0,0,0.0,0,2.0,0.0,0.0,0.0,0.0,0.0
2010,NLCS,sandopa01,SFN,NL,3,8,0,2,1,0,0,2,0,0.0,1,0.0,0.0,0.0,0.0,0.0,1.0
2010,NLCS,schiena01,SFN,NL,4,3,1,0,0,0,0,0,0,0.0,0,3.0,0.0,0.0,0.0,0.0,0.0
2010,NLCS,torrean02,SFN,NL,6,20,2,7,0,0,0,0,0,1.0,2,8.0,0.0,0.0,0.0,0.0,0.0
2010,NLCS,uribeju01,SFN,NL,5,14,1,3,0,0,1,3,0,0.0,0,2.0,0.0,1.0,0.0,1.0,0.0
2010,NLCS,utleych01,PHI,NL,6,22,5,4,1,0,0,1,3,0.0,4,2.0,1.0,1.0,0.0,0.0,0.0
2010,NLCS,valdewi01,PHI,NL,2,0,0,0,0,0,0,0,0,0.0,0,0.0,0.0,0.0,0.0,0.0,0.0
2010,NLCS,victosh01,PHI,NL,6,24,3,5,1,0,0,2,1,0.0,2,6.0,0.0,1.0,1.0,0.0,1.0
2010,NLCS,werthja01,PHI,NL,6,18,3,4,1,0,2,5,0,0.0,4,7.0,2.0,1.0,0.0,1.0,0.0
2010,NLCS,wilsobr01,SFN,NL,4,1,0,0,0,0,0,0,0,0.0,0,0.0,0.0,0.0,0.0,0.0,0.0
2010,NLDS1,arroybr01,CIN,NL,2,2,0,0,0,0,0,0,0,0.0,0,1.0,0.0,0.0,0.0,0.0,0.0
2010,NLDS1,baileho02,CIN,NL,1,0,0,0,0,0,0,0,0,0.0,0,0.0,0.0,0.0,0.0,0.0,0.0
2010,NLDS1,braybi01,CIN,NL,2,0,0,0,0,0,0,0,0,0.0,0,0.0,0.0,0.0,0.0,0.0,0.0
2010,NLDS1,browndo01,PHI,NL,1,1,1,0,0,0,0,0,0,0.0,0,0.0,0.0,0.0,0.0,0.0,0.0
2010,NLDS1,bruceja01,CIN,NL,3,8,1,2,0,0,1,1,0,0.0,2,0.0,0.0,0.0,0.0,0.0,0.0
2010,NLDS1,cabreor01,CIN,NL,3,8,0,1,0,0,0,0,0,0.0,0,2.0,0.0,0.0,0.0,0.0,0.0
2010,NLDS1,cairomi01,CIN,NL,3,3,0,0,0,0,0,0,0,0.0,0,1.0,0.0,0.0,0.0,0.0,0.0
2010,NLDS1,chapmar01,CIN,NL,2,0,0,0,0,0,0,0,0,0.0,0,0.0,0.0,0.0,0.0,0.0,0.0
2010,NLDS1,contrjo01,PHI,NL,1,0,0,0,0,0,0,0,0,0.0,0,0.0,0.0,0.0,0.0,0.0,0.0
2010,NLDS1,cuetojo01,CIN,NL,1,1,0,0,0,0,0,0,0,0.0,0,0.0,0.0,0.0,0.0,0.0,0.0
2010,NLDS1,durbich01,PHI,NL,1,0,0,0,0,0,0,0,0,0.0,0,0.0,0.0,0.0,0.0,0.0,0.0
2010,NLDS1,francbe01,PHI,NL,1,0,0,0,0,0,0,0,0,0.0,0,0.0,0.0,1.0,0.0,0.0,0.0
2010,NLDS1,francju02,CIN,NL,1,1,0,0,0,0,0,0,0,0.0,0,0.0,0.0,0.0,0.0,0.0,0.0
2010,NLDS1,gomesjo01,CIN,NL,2,6,0,0,0,0,0,0,0,0.0,0,3.0,0.0,0.0,0.0,0.0,0.0
2010,NLDS1,hallaro01,PHI,NL,1,3,1,1,0,0,0,1,0,0.0,0,0.0,0.0,0.0,0.0,0.0,0.0
2010,NLDS1,hamelco01,PHI,NL,1,3,0,0,0,0,0,0,0,0.0,0,0.0,0.0,0.0,1.0,0.0,0.0
2010,NLDS1,hanigry01,CIN,NL,2,4,0,0,0,0,0,0,0,0.0,0,0.0,0.0,0.0,0.0,0.0,0.0
2010,NLDS1,heisech01,CIN,NL,1,2,0,0,0,0,0,0,0,0.0,0,1.0,0.0,0.0,0.0,0.0,0.0
2010,NLDS1,hernara02,CIN,NL,3,7,0,1,1,0,0,0,0,0.0,0,0.0,0.0,0.0,0.0,0.0,0.0
2010,NLDS1,howarry01,PHI,NL,3,11,0,3,0,0,0,0,0,0.0,2,5.0,1.0,0.0,0.0,0.0,0.0
2010,NLDS1,ibanera01,PHI,NL,3,12,0,3,1,0,0,0,0,0.0,1,2.0,1.0,0.0,0.0,0.0,0.0
2010,NLDS1,janispa01,CIN,NL,1,1,0,0,0,0,0,0,0,0.0,0,0.0,0.0,0.0,1.0,0.0,0.0
2010,NLDS1,lidgebr01,PHI,NL,1,0,0,0,0,0,0,0,0,0.0,0,0.0,0.0,0.0,0.0,0.0,0.0
2010,NLDS1,madsory01,PHI,NL,1,0,0,0,0,0,0,0,0,0.0,0,0.0,0.0,0.0,0.0,0.0,0.0
2010,NLDS1,masseni01,CIN,NL,2,0,0,0,0,0,0,0,0,0.0,0,0.0,0.0,0.0,0.0,0.0,0.0
2010,NLDS1,nixla01,CIN,NL,1,3,1,0,0,0,0,0,0,0.0,0,1.0,0.0,0.0,0.0,0.0,0.0
2010,NLDS1,ondrulo01,CIN,NL,2,0,0,0,0,0,0,0,0,0.0,0,0.0,0.0,0.0,0.0,0.0,0.0
2010,NLDS1,oswalro01,PHI,NL,1,1,0,0,0,0,0,0,0,0.0,0,0.0,0.0,0.0,0.0,0.0,0.0
2010,NLDS1,phillbr01,CIN,NL,3,12,2,4,1,0,1,1,0,0.0,0,1.0,0.0,0.0,0.0,0.0,0.0
2010,NLDS1,polanpl01,PHI,NL,2,9,1,1,0,0,0,0,0,0.0,0,0.0,0.0,0.0,0.0,0.0,1.0
2010,NLDS1,rhodear01,CIN,NL,1,0,0,0,0,0,0,0,0,0.0,0,0.0,0.0,0.0,0.0,0.0,0.0
2010,NLDS1,rolensc01,CIN,NL,3,11,0,1,0,0,0,0,0,0.0,0,8.0,0.0,0.0,0.0,0.0,0.0
2010,NLDS1,rolliji01,PHI,NL,3,11,1,1,0,0,0,0,0,0.0,2,0.0,0.0,0.0,0.0,0.0,1.0
2010,NLDS1,romerjc01,PHI,NL,1,0,0,0,0,0,0,0,0,0.0,0,0.0,0.0,0.0,0.0,0.0,0.0
2010,NLDS1,ruizca01,PHI,NL,3,8,1,2,1,0,0,1,0,0.0,3,0.0,1.0,1.0,0.0,0.0,0.0
2010,NLDS1,stubbdr01,CIN,NL,3,9,0,1,0,0,0,0,0,0.0,2,4.0,0.0,0.0,0.0,0.0,0.0
2010,NLDS1,sweenmi01,PHI,NL,1,1,0,1,0,0,0,0,0,0.0,0,0.0,0.0,0.0,0.0,0.0,0.0
2010,NLDS1,utleych01,PHI,NL,3,11,3,3,0,0,1,4,1,0.0,0,2.0,0.0,1.0,0.0,1.0,0.0
2010,NLDS1,valdewi01,PHI,NL,1,3,1,1,0,0,0,0,0,0.0,0,0.0,0.0,0.0,0.0,0.0,0.0
2010,NLDS1,victosh01,PHI,NL,3,13,2,3,1,0,0,3,1,0.0,1,0.0,0.0,0.0,0.0,0.0,0.0
2010,NLDS1,volqued01,CIN,NL,1,0,0,0,0,0,0,0,0,0.0,0,0.0,0.0,0.0,0.0,0.0,0.0
2010,NLDS1,vottojo01,CIN,NL,3,10,0,1,0,0,0,1,0,0.0,0,2.0,0.0,0.0,0.0,1.0,1.0
2010,NLDS1,werthja01,PHI,NL,3,12,2,2,0,0,0,1,1,0.0,1,5.0,0.0,0.0,0.0,0.0,0.0
2010,NLDS1,woodtr01,CIN,NL,1,1,0,0,0,0,0,0,0,0.0,0,0.0,0.0,0.0,0.0,0.0,0.0
2010,NLDS2,ankieri01,ATL,NL,4,12,1,2,0,0,1,1,0,0.0,2,4.0,0.0,0.0,0.0,0.0,0.0
2010,NLDS2,bumgama01,SFN,NL,1,2,0,0,0,0,0,0,0,0.0,0,1.0,0.0,0.0,0.0,0.0,0.0
2010,NLDS2,burrepa01,SFN,NL,4,10,1,2,1,0,1,3,0,0.0,2,4.0,0.0,0.0,0.0,0.0,0.0
2010,NLDS2,cabreme01,ATL,NL,3,8,1,0,0,0,0,1,0,0.0,0,1.0,0.0,0.0,0.0,0.0,0.0
2010,NLDS2,cainma01,SFN,NL,1,2,0,1,0,0,0,1,0,0.0,0,1.0,0.0,0.0,0.0,0.0,0.0
2010,NLDS2,conrabr01,ATL,NL,4,11,0,1,0,0,0,0,0,0.0,0,4.0,0.0,0.0,1.0,0.0,0.0
2010,NLDS2,diazma02,ATL,NL,4,10,0,1,0,0,0,0,0,0.0,0,2.0,0.0,0.0,0.0,0.0,0.0
2010,NLDS2,dunnmi01,ATL,NL,3,0,0,0,0,0,0,0,0,0.0,0,0.0,0.0,0.0,0.0,0.0,0.0
2010,NLDS2,farnsky01,ATL,NL,2,0,0,0,0,0,0,0,0,0.0,0,0.0,0.0,0.0,0.0,0.0,0.0
2010,NLDS2,fontemi01,SFN,NL,3,6,1,1,0,1,0,0,0,0.0,0,2.0,0.0,0.0,0.0,0.0,0.0
2010,NLDS2,garcija01,SFN,NL,1,0,0,0,0,0,0,0,0,0.0,0,0.0,0.0,0.0,0.0,0.0,0.0
2010,NLDS2,glaustr01,ATL,NL,3,4,0,0,0,0,0,0,0,0.0,0,1.0,0.0,0.0,0.0,0.0,0.0
2010,NLDS2,gonzaal02,ATL,NL,4,15,1,3,1,0,0,2,0,0.0,0,5.0,0.0,0.0,0.0,0.0,0.0
2010,NLDS2,hansoto01,ATL,NL,1,1,0,0,0,0,0,0,0,0.0,0,1.0,0.0,0.0,0.0,0.0,0.0
2010,NLDS2,hernadi01,ATL,NL,2,1,0,0,0,0,0,0,0,0.0,0,1.0,0.0,0.0,0.0,0.0,0.0
2010,NLDS2,heywaja01,ATL,NL,4,16,0,2,0,0,0,0,0,0.0,1,8.0,0.0,0.0,0.0,0.0,1.0
2010,NLDS2,hinsker01,ATL,NL,4,3,1,1,0,0,1,2,0,0.0,1,1.0,0.0,0.0,0.0,0.0,0.0
2010,NLDS2,hudsoti01,ATL,NL,2,2,0,1,0,0,0,0,0,0.0,0,1.0,0.0,0.0,0.0,0.0,0.0
2010,NLDS2,huffau01,SFN,NL,4,15,1,4,0,0,0,1,0,1.0,3,6.0,0.0,0.0,0.0,0.0,0.0
2010,NLDS2,infanom01,ATL,NL,4,18,1,4,1,0,0,0,0,0.0,1,5.0,0.0,0.0,0.0,0.0,0.0
2010,NLDS2,ishiktr01,SFN,NL,3,2,1,0,0,0,0,0,0,0.0,1,0.0,0.0,0.0,0.0,0.0,1.0
2010,NLDS2,kimbrcr01,ATL,NL,4,0,0,0,0,0,0,0,0,0.0,0,0.0,0.0,0.0,0.0,0.0,0.0
2010,NLDS2,leede02,ATL,NL,4,16,2,2,0,0,0,0,0,0.0,1,6.0,0.0,0.0,0.0,0.0,0.0
2010,NLDS2,linceti01,SFN,NL,1,2,0,0,0,0,0,0,0,0.0,0,2.0,0.0,0.0,1.0,0.0,0.0
2010,NLDS2,lopezja02,SFN,NL,2,0,0,0,0,0,0,0,0,0.0,0,0.0,0.0,0.0,0.0,0.0,0.0
2010,NLDS2,lowede01,ATL,NL,2,4,0,0,0,0,0,0,0,0.0,0,2.0,0.0,0.0,0.0,0.0,0.0
2010,NLDS2,mccanbr01,ATL,NL,4,14,2,6,1,0,1,3,0,0.0,1,4.0,0.0,0.0,0.0,1.0,0.0
2010,NLDS2,mclouna01,ATL,NL,3,2,0,1,0,0,0,0,0,0.0,0,0.0,0.0,0.0,0.0,0.0,0.0
2010,NLDS2,moylape01,ATL,NL,4,0,0,0,0,0,0,0,0,0.0,0,0.0,0.0,0.0,0.0,0.0,0.0
2010,NLDS2,poseybu01,SFN,NL,4,16,3,6,1,0,0,0,1,0.0,2,5.0,0.0,0.0,0.0,0.0,1.0
2010,NLDS2,ramirra02,SFN,NL,1,0,0,0,0,0,0,0,0,0.0,0,0.0,0.0,0.0,0.0,0.0,0.0
2010,NLDS2,renteed01,SFN,NL,2,2,0,2,0,0,0,0,0,0.0,0,0.0,0.0,0.0,0.0,0.0,0.0
2010,NLDS2,romose01,SFN,NL,2,0,0,0,0,0,0,0,0,0.0,0,0.0,0.0,0.0,0.0,0.0,0.0
2010,NLDS2,rossco01,SFN,NL,4,14,2,4,1,0,1,3,0,0.0,1,2.0,0.0,0.0,0.0,0.0,0.0
2010,NLDS2,rossda01,ATL,NL,2,0,0,0,0,0,0,0,0,0.0,0,0.0,0.0,0.0,0.0,0.0,0.0
2010,NLDS2,rowanaa01,SFN,NL,2,2,0,1,0,0,0,0,0,0.0,0,1.0,0.0,0.0,0.0,0.0,0.0
2010,NLDS2,sanchfr01,SFN,NL,4,16,2,2,0,0,0,0,0,0.0,1,3.0,0.0,1.0,0.0,0.0,2.0
2010,NLDS2,sanchjo01,SFN,NL,1,3,0,0,0,0,0,0,0,0.0,0,2.0,0.0,0.0,0.0,0.0,0.0
2010,NLDS2,sandopa01,SFN,NL,2,6,0,1,0,0,0,0,0,0.0,1,2.0,1.0,0.0,0.0,0.0,1.0
2010,NLDS2,schiena01,SFN,NL,4,4,0,1,0,0,0,0,0,0.0,0,1.0,0.0,0.0,0.0,0.0,0.0
2010,NLDS2,torrean02,SFN,NL,4,16,0,2,0,0,0,0,1,2.0,1,6.0,0.0,0.0,1.0,0.0,0.0
2010,NLDS2,uribeju01,SFN,NL,4,14,0,1,0,0,0,1,0,0.0,1,5.0,0.0,0.0,0.0,0.0,1.0
2010,NLDS2,ventejo01,ATL,NL,4,0,0,0,0,0,0,0,0,0.0,0,0.0,0.0,0.0,0.0,0.0,0.0
2010,NLDS2,wagnebi02,ATL,NL,1,0,0,0,0,0,0,0,0,0.0,0,0.0,0.0,0.0,0.0,0.0,0.0
2010,NLDS2,wilsobr01,SFN,NL,3,0,0,0,0,0,0,0,0,0.0,0,0.0,0.0,0.0,0.0,0.0,0.0
2010,WS,affelje01,SFN,NL,2,0,0,0,0,0,0,0,0,0.0,0,0.0,0.0,0.0,0.0,0.0,0.0
2010,WS,andruel01,TEX,AL,5,17,2,3,0,0,0,1,1,0.0,3,3.0,0.0,0.0,0.0,1.0,1.0
2010,WS,borboju01,TEX,AL,2,2,1,1,0,0,0,0,0,0.0,0,0.0,0.0,0.0,0.0,0.0,0.0
2010,WS,bumgama01,SFN,NL,1,0,0,0,0,0,0,0,0,0.0,0,0.0,0.0,0.0,0.0,0.0,0.0
2010,WS,burrepa01,SFN,NL,4,13,1,0,0,0,0,0,0,0.0,2,11.0,0.0,0.0,0.0,0.0,0.0
2010,WS,cainma01,SFN,NL,1,3,0,1,0,0,0,0,0,0.0,0,1.0,0.0,0.0,0.0,0.0,0.0
2010,WS,cantujo01,TEX,AL,1,1,0,0,0,0,0,0,0,0.0,0,0.0,0.0,0.0,0.0,0.0,0.0
2010,WS,cruzne02,TEX,AL,5,20,2,4,2,0,1,3,0,0.0,0,5.0,0.0,0.0,0.0,0.0,0.0
2010,WS,felizne01,TEX,AL,2,0,0,0,0,0,0,0,0,0.0,0,0.0,0.0,0.0,0.0,0.0,0.0
2010,WS,fontemi01,SFN,NL,1,0,0,0,0,0,0,0,0,0.0,0,0.0,0.0,0.0,0.0,0.0,0.0
2010,WS,francje02,TEX,AL,3,6,0,0,0,0,0,0,0,0.0,1,1.0,0.0,0.0,0.0,0.0,0.0
2010,WS,garcija01,SFN,NL,1,0,0,0,0,0,0,0,0,0.0,0,0.0,0.0,0.0,0.0,0.0,0.0
2010,WS,guerrvl01,TEX,AL,4,14,0,1,0,0,0,2,0,1.0,1,5.0,0.0,0.0,0.0,1.0,0.0
2010,WS,hamiljo03,TEX,AL,5,20,2,2,0,0,1,1,0,1.0,1,3.0,0.0,0.0,0.0,0.0,1.0
2010,WS,hollade01,TEX,AL,2,0,0,0,0,0,0,0,0,0.0,0,0.0,0.0,0.0,0.0,0.0,0.0
2010,WS,huffau01,SFN,NL,5,17,3,5,2,0,1,4,0,1.0,1,1.0,0.0,1.0,1.0,0.0,0.0
2010,WS,hunteto02,TEX,AL,1,0,0,0,0,0,0,0,0,0.0,0,0.0,0.0,0.0,0.0,0.0,0.0
2010,WS,ishiktr01,SFN,NL,2,4,1,1,1,0,0,1,0,0.0,1,1.0,0.0,0.0,0.0,0.0,0.0
2010,WS,kinslia01,TEX,AL,5,16,1,3,1,0,0,0,1,0.0,3,2.0,0.0,0.0,0.0,0.0,1.0
2010,WS,kirkmmi01,TEX,AL,2,0,0,0,0,0,0,0,0,0.0,0,0.0,0.0,0.0,0.0,0.0,0.0
2010,WS,leecl02,TEX,AL,2,2,0,1,1,0,0,0,0,0.0,0,0.0,0.0,0.0,0.0,0.0,0.0
2010,WS,lewisco01,TEX,AL,1,0,0,0,0,0,0,0,0,0.0,0,0.0,0.0,0.0,0.0,0.0,0.0
2010,WS,linceti01,SFN,NL,2,3,0,0,0,0,0,0,0,0.0,0,0.0,0.0,0.0,0.0,0.0,0.0
2010,WS,lopezja02,SFN,NL,2,0,0,0,0,0,0,0,0,0.0,0,0.0,0.0,0.0,0.0,0.0,0.0
2010,WS,lowema01,TEX,AL,2,0,0,0,0,0,0,0,0,0.0,0,0.0,0.0,0.0,0.0,0.0,0.0
2010,WS,molinbe01,TEX,AL,4,11,3,2,1,0,0,1,0,0.0,2,3.0,0.0,0.0,0.0,0.0,1.0
2010,WS,morelmi01,TEX,AL,5,13,1,6,1,0,1,3,0,0.0,2,4.0,1.0,0.0,0.0,0.0,0.0
2010,WS,motagu01,SFN,NL,2,0,0,0,0,0,0,0,0,0.0,0,0.0,0.0,0.0,0.0,0.0,0.0
2010,WS,murphda07,TEX,AL,3,7,0,1,0,0,0,1,0,0.0,1,3.0,0.0,0.0,0.0,0.0,0.0
2010,WS,odayda01,TEX,AL,4,0,0,0,0,0,0,0,0,0.0,0,0.0,0.0,0.0,0.0,0.0,0.0
2010,WS,ogandal01,TEX,AL,2,0,0,0,0,0,0,0,0,0.0,0,0.0,0.0,0.0,0.0,0.0,0.0
2010,WS,oliveda02,TEX,AL,2,0,0,0,0,0,0,0,0,0.0,0,0.0,0.0,0.0,0.0,0.0,0.0
2010,WS,poseybu01,SFN,NL,5,20,2,6,0,0,1,2,0,0.0,1,6.0,0.0,0.0,0.0,0.0,0.0
2010,WS,ramirra02,SFN,NL,2,0,0,0,0,0,0,0,0,0.0,0,0.0,0.0,0.0,0.0,0.0,0.0
2010,WS,renteed01,SFN,NL,5,17,6,7,0,0,2,6,0,0.0,0,3.0,0.0,1.0,0.0,0.0,1.0
2010,WS,romose01,SFN,NL,1,0,0,0,0,0,0,0,0,0.0,0,0.0,0.0,0.0,0.0,0.0,0.0
2010,WS,rossco01,SFN,NL,5,17,5,4,1,0,1,2,0,0.0,4,4.0,0.0,0.0,0.0,0.0,0.0
2010,WS,rowanaa01,SFN,NL,2,4,1,1,0,1,0,2,0,0.0,0,1.0,0.0,0.0,0.0,0.0,0.0
2010,WS,sanchfr01,SFN,NL,5,22,2,6,3,0,0,3,0,0.0,0,2.0,0.0,0.0,0.0,0.0,0.0
2010,WS,sanchjo01,SFN,NL,1,0,0,0,0,0,0,0,0,0.0,0,0.0,0.0,0.0,0.0,0.0,0.0
2010,WS,sandopa01,SFN,NL,1,3,0,0,0,0,0,0,0,0.0,0,1.0,0.0,0.0,0.0,0.0,1.0
2010,WS,schiena01,SFN,NL,3,5,1,1,0,0,0,1,0,0.0,1,1.0,0.0,0.0,0.0,0.0,0.0
2010,WS,torrean02,SFN,NL,5,22,4,7,4,0,1,3,1,0.0,0,4.0,0.0,1.0,0.0,0.0,0.0
2010,WS,treanma01,TEX,AL,1,3,0,0,0,0,0,0,0,0.0,0,0.0,0.0,0.0,0.0,0.0,0.0
2010,WS,uribeju01,SFN,NL,5,19,3,3,0,0,1,5,0,0.0,1,7.0,0.0,0.0,0.0,0.0,0.0
2010,WS,wilsobr01,SFN,NL,3,0,0,0,0,0,0,0,0,0.0,0,0.0,0.0,0.0,0.0,0.0,0.0
2010,WS,wilsocj01,TEX,AL,1,1,0,0,0,0,0,0,0,0.0,0,0.0,0.0,0.0,1.0,0.0,0.0
2010,WS,youngmi02,TEX,AL,5,20,0,5,0,0,0,0,0,0.0,1,2.0,0.0,0.0,0.0,0.0,2.0
2011,ALCS,adamsmi03,TEX,AL,5,0,0,0,0,0,0,0,0,0.0,0,0.0,0.0,0.0,0.0,0.0,0.0
2011,ALCS,albural01,DET,AL,2,0,0,0,0,0,0,0,0,0.0,0,0.0,0.0,0.0,0.0,0.0,0.0
2011,ALCS,andruel01,TEX,AL,6,25,4,6,0,0,0,1,1,1.0,3,2.0,0.0,0.0,1.0,0.0,1.0
2011,ALCS,avilaal01,DET,AL,6,25,1,2,0,0,1,1,0,0.0,0,9.0,0.0,0.0,0.0,0.0,1.0
2011,ALCS,beltrad01,TEX,AL,6,27,4,6,3,0,0,2,0,0.0,2,10.0,1.0,0.0,0.0,0.0,0.0
2011,ALCS,benoijo01,DET,AL,3,0,0,0,0,0,0,0,0,0.0,0,0.0,0.0,0.0,0.0,0.0,0.0
2011,ALCS,betemwi01,DET,AL,1,1,0,0,0,0,0,0,0,0.0,0,1.0,0.0,0.0,0.0,0.0,0.0
2011,ALCS,cabremi01,DET,AL,6,20,5,8,4,0,3,7,1,0.0,7,6.0,2.0,0.0,0.0,0.0,0.0
2011,ALCS,chaveen01,TEX,AL,2,4,0,0,0,0,0,0,0,0.0,0,0.0,0.0,0.0,0.0,0.0,0.0
2011,ALCS,cokeph01,DET,AL,4,0,0,0,0,0,0,0,0,0.0,0,0.0,0.0,0.0,0.0,0.0,0.0
2011,ALCS,cruzne02,TEX,AL,6,22,7,8,2,0,6,13,0,1.0,2,4.0,0.0,1.0,0.0,0.0,1.0
2011,ALCS,dirksan01,DET,AL,2,5,1,1,0,0,0,0,1,0.0,0,1.0,0.0,0.0,0.0,0.0,0.0
2011,ALCS,feldmsc01,TEX,AL,3,0,0,0,0,0,0,0,0,0.0,0,0.0,0.0,0.0,0.0,0.0,0.0
2011,ALCS,felizne01,TEX,AL,4,0,0,0,0,0,0,0,0,0.0,0,0.0,0.0,0.0,0.0,0.0,0.0
2011,ALCS,fistedo01,DET,AL,1,0,0,0,0,0,0,0,0,0.0,0,0.0,0.0,0.0,0.0,0.0,0.0
2011,ALCS,gentrcr01,TEX,AL,3,5,0,2,0,0,0,1,0,0.0,0,0.0,0.0,0.0,0.0,0.0,0.0
2011,ALCS,gonzami02,TEX,AL,3,0,0,0,0,0,0,0,0,0.0,0,0.0,0.0,0.0,0.0,0.0,0.0
2011,ALCS,hamiljo03,TEX,AL,6,26,4,8,4,0,0,5,0,0.0,1,4.0,1.0,0.0,0.0,2.0,0.0
2011,ALCS,harrima01,TEX,AL,1,0,0,0,0,0,0,0,0,0.0,0,0.0,0.0,0.0,0.0,0.0,0.0
2011,ALCS,hollade01,TEX,AL,2,0,0,0,0,0,0,0,0,0.0,0,0.0,0.0,0.0,0.0,0.0,0.0
2011,ALCS,ingebr01,DET,AL,6,15,3,4,0,0,1,1,0,0.0,3,3.0,0.0,0.0,1.0,0.0,0.0
2011,ALCS,jacksau01,DET,AL,6,25,3,6,1,0,1,4,0,1.0,3,11.0,0.0,1.0,0.0,0.0,0.0
2011,ALCS,kellydo01,DET,AL,5,9,0,2,1,0,0,0,0,0.0,0,0.0,0.0,0.0,0.0,0.0,0.0
2011,ALCS,kinslia01,TEX,AL,6,24,6,7,2,0,0,6,1,1.0,4,2.0,0.0,1.0,0.0,0.0,1.0
2011,ALCS,lewisco01,TEX,AL,1,0,0,0,0,0,0,0,0,0.0,0,0.0,0.0,0.0,0.0,0.0,0.0
2011,ALCS,martivi01,DET,AL,6,22,3,6,0,1,1,2,0,0.0,3,1.0,0.0,1.0,0.0,0.0,2.0
2011,ALCS,morelmi01,TEX,AL,3,9,0,1,0,0,0,0,0,0.0,1,5.0,0.0,0.0,0.0,0.0,1.0
2011,ALCS,murphda07,TEX,AL,5,17,4,7,2,1,0,3,1,0.0,3,2.0,1.0,0.0,0.0,0.0,0.0
2011,ALCS,napolmi01,TEX,AL,6,24,6,7,0,0,0,1,0,0.0,3,4.0,1.0,0.0,0.0,0.0,0.0
2011,ALCS,ogandal01,TEX,AL,4,0,0,0,0,0,0,0,0,0.0,0,0.0,0.0,0.0,0.0,0.0,0.0
2011,ALCS,oliveda02,TEX,AL,3,0,0,0,0,0,0,0,0,0.0,0,0.0,0.0,0.0,0.0,0.0,0.0
2011,ALCS,ordonma01,DET,AL,1,2,0,0,0,0,0,0,0,0.0,1,1.0,1.0,0.0,0.0,0.0,1.0
2011,ALCS,pennybr01,DET,AL,1,0,0,0,0,0,0,0,0,0.0,0,0.0,0.0,0.0,0.0,0.0,0.0
2011,ALCS,peraljh01,DET,AL,6,23,2,5,1,0,2,2,0,0.0,1,4.0,0.0,0.0,1.0,0.0,0.0
2011,ALCS,perryry01,DET,AL,3,0,0,0,0,0,0,0,0,0.0,0,0.0,0.0,0.0,0.0,0.0,0.0
2011,ALCS,porceri01,DET,AL,3,0,0,0,0,0,0,0,0,0.0,0,0.0,0.0,0.0,0.0,0.0,0.0
2011,ALCS,raburry01,DET,AL,6,23,4,6,1,0,2,4,0,0.0,4,4.0,0.0,0.0,0.0,0.0,3.0
2011,ALCS,santira01,DET,AL,6,24,1,9,1,0,0,0,0,0.0,0,4.0,0.0,0.0,0.0,0.0,0.0
2011,ALCS,scherma01,DET,AL,2,0,0,0,0,0,0,0,0,0.0,0,0.0,0.0,0.0,0.0,0.0,0.0
2011,ALCS,schleda01,DET,AL,1,0,0,0,0,0,0,0,0,0.0,0,0.0,0.0,0.0,0.0,0.0,0.0
2011,ALCS,tateyyo01,TEX,AL,1,0,0,0,0,0,0,0,0,0.0,0,0.0,0.0,0.0,0.0,0.0,0.0
2011,ALCS,torreyo01,TEX,AL,3,9,1,4,1,0,0,0,0,0.0,0,3.0,0.0,0.0,0.0,0.0,0.0
2011,ALCS,ueharko01,TEX,AL,2,0,0,0,0,0,0,0,0,0.0,0,0.0,0.0,0.0,0.0,0.0,0.0
2011,ALCS,valvejo01,DET,AL,3,0,0,0,0,0,0,0,0,0.0,0,0.0,0.0,0.0,0.0,0.0,0.0
2011,ALCS,verlaju01,DET,AL,2,0,0,0,0,0,0,0,0,0.0,0,0.0,0.0,0.0,0.0,0.0,0.0
2011,ALCS,wilsocj01,TEX,AL,2,0,0,0,0,0,0,0,0,0.0,0,0.0,0.0,0.0,0.0,0.0,0.0
2011,ALCS,worthda01,DET,AL,1,0,0,0,0,0,0,0,0,0.0,0,0.0,0.0,0.0,0.0,0.0,0.0
2011,ALCS,youngde03,DET,AL,4,15,2,2,0,0,2,3,0,0.0,0,5.0,0.0,0.0,0.0,0.0,0.0
2011,ALCS,youngmi02,TEX,AL,6,28,3,7,3,0,1,7,0,0.0,1,6.0,0.0,0.0,0.0,0.0,1.0
2011,ALDS1,albural01,DET,AL,2,0,0,0,0,0,0,0,0,0.0,0,0.0,0.0,0.0,0.0,0.0,0.0
2011,ALDS1,avilaal01,DET,AL,5,16,0,1,0,0,0,1,0,0.0,2,7.0,0.0,0.0,1.0,0.0,0.0
2011,ALDS1,ayalalu01,NYA,AL,2,0,0,0,0,0,0,0,0,0.0,0,0.0,0.0,0.0,0.0,0.0,0.0
2011,ALDS1,benoijo01,DET,AL,2,0,0,0,0,0,0,0,0,0.0,0,0.0,0.0,0.0,0.0,0.0,0.0
2011,ALDS1,betemwi01,DET,AL,3,8,0,0,0,0,0,0,0,0.0,0,4.0,0.0,0.0,0.0,0.0,0.0
2011,ALDS1,burneaj01,NYA,AL,1,0,0,0,0,0,0,0,0,0.0,0,0.0,0.0,0.0,0.0,0.0,0.0
2011,ALDS1,cabremi01,DET,AL,5,15,2,3,0,0,1,3,1,0.0,5,5.0,3.0,0.0,0.0,0.0,1.0
2011,ALDS1,canoro01,NYA,AL,5,22,2,7,2,0,2,9,0,0.0,2,4.0,1.0,0.0,0.0,0.0,0.0
2011,ALDS1,chaveer01,NYA,AL,1,1,0,0,0,0,0,0,0,0.0,0,1.0,0.0,0.0,0.0,0.0,0.0
2011,ALDS1,cokeph01,DET,AL,1,0,0,0,0,0,0,0,0,0.0,0,0.0,0.0,0.0,0.0,0.0,0.0
2011,ALDS1,dickech01,NYA,AL,1,1,1,0,0,0,0,0,0,0.0,0,0.0,0.0,0.0,0.0,0.0,0.0
2011,ALDS1,fistedo01,DET,AL,2,0,0,0,0,0,0,0,0,0.0,0,0.0,0.0,0.0,0.0,0.0,0.0
2011,ALDS1,garcifr02,NYA,AL,1,0,0,0,0,0,0,0,0,0.0,0,0.0,0.0,0.0,0.0,0.0,0.0
2011,ALDS1,gardnbr01,NYA,AL,5,17,3,7,1,0,0,5,0,0.0,1,4.0,0.0,0.0,0.0,0.0,0.0
2011,ALDS1,grandcu01,NYA,AL,5,20,4,5,1,1,1,3,0,0.0,4,7.0,0.0,0.0,0.0,0.0,0.0
2011,ALDS1,hugheph01,NYA,AL,2,0,0,0,0,0,0,0,0,0.0,0,0.0,0.0,0.0,0.0,0.0,0.0
2011,ALDS1,ingebr01,DET,AL,4,7,3,3,1,0,0,0,0,0.0,0,0.0,0.0,1.0,0.0,0.0,0.0
2011,ALDS1,jacksau01,DET,AL,5,16,3,2,1,0,0,0,1,0.0,4,8.0,0.0,0.0,1.0,0.0,0.0
2011,ALDS1,jeterde01,NYA,AL,5,24,6,6,1,0,0,2,1,0.0,1,8.0,0.0,0.0,0.0,0.0,1.0
2011,ALDS1,jonesan01,NYA,AL,1,0,0,0,0,0,0,1,0,0.0,0,0.0,0.0,0.0,0.0,1.0,0.0
2011,ALDS1,kellydo01,DET,AL,4,11,3,4,0,0,1,2,0,0.0,0,4.0,0.0,0.0,0.0,0.0,0.0
2011,ALDS1,loganbo02,NYA,AL,3,0,0,0,0,0,0,0,0,0.0,0,0.0,0.0,0.0,0.0,0.0,0.0
2011,ALDS1,martiru01,NYA,AL,5,17,3,3,1,0,0,0,0,0.0,2,4.0,0.0,2.0,0.0,0.0,2.0
2011,ALDS1,martivi01,DET,AL,5,18,1,4,0,0,1,3,0,0.0,2,5.0,0.0,0.0,0.0,0.0,0.0
2011,ALDS1,monteje01,NYA,AL,1,2,1,2,0,0,0,1,0,0.0,0,0.0,0.0,0.0,0.0,0.0,0.0
2011,ALDS1,novaiv01,NYA,AL,2,0,0,0,0,0,0,0,0,0.0,0,0.0,0.0,0.0,0.0,0.0,0.0
2011,ALDS1,nunezed02,NYA,AL,1,0,0,0,0,0,0,0,1,0.0,0,0.0,0.0,0.0,0.0,0.0,0.0
2011,ALDS1,ordonma01,DET,AL,4,11,1,5,1,0,0,0,0,0.0,1,2.0,0.0,0.0,0.0,0.0,1.0
2011,ALDS1,peraljh01,DET,AL,5,18,0,4,2,0,0,1,0,0.0,1,4.0,0.0,1.0,0.0,0.0,1.0
2011,ALDS1,perryry01,DET,AL,2,0,0,0,0,0,0,0,0,0.0,0,0.0,0.0,0.0,0.0,0.0,0.0
2011,ALDS1,porceri01,DET,AL,1,0,0,0,0,0,0,0,0,0.0,0,0.0,0.0,0.0,0.0,0.0,0.0
2011,ALDS1,posadjo01,NYA,AL,5,14,4,6,0,1,0,0,0,0.0,4,6.0,0.0,1.0,0.0,0.0,0.0
2011,ALDS1,raburry01,DET,AL,3,5,0,2,0,0,0,1,0,0.0,0,3.0,0.0,0.0,0.0,0.0,0.0
2011,ALDS1,riverma01,NYA,AL,2,0,0,0,0,0,0,0,0,0.0,0,0.0,0.0,0.0,0.0,0.0,0.0
2011,ALDS1,roberda08,NYA,AL,2,0,0,0,0,0,0,0,0,0.0,0,0.0,0.0,0.0,0.0,0.0,0.0
2011,ALDS1,rodrial01,NYA,AL,5,18,1,2,0,0,0,3,0,0.0,4,6.0,0.0,0.0,0.0,1.0,0.0
2011,ALDS1,sabatcc01,NYA,AL,3,0,0,0,0,0,0,0,0,0.0,0,0.0,0.0,0.0,0.0,0.0,0.0
2011,ALDS1,santira01,DET,AL,4,14,0,2,1,0,0,2,0,0.0,0,3.0,0.0,0.0,2.0,0.0,3.0
2011,ALDS1,santoom01,DET,AL,1,0,0,0,0,0,0,0,0,0.0,0,0.0,0.0,0.0,0.0,0.0,0.0
2011,ALDS1,scherma01,DET,AL,2,0,0,0,0,0,0,0,0,0.0,0,0.0,0.0,0.0,0.0,0.0,0.0
2011,ALDS1,schleda01,DET,AL,2,0,0,0,0,0,0,0,0,0.0,0,0.0,0.0,0.0,0.0,0.0,0.0
2011,ALDS1,soriara01,NYA,AL,3,0,0,0,0,0,0,0,0,0.0,0,0.0,0.0,0.0,0.0,0.0,0.0
2011,ALDS1,swishni01,NYA,AL,5,19,1,4,0,0,1,1,0,0.0,1,5.0,0.0,0.0,0.0,0.0,0.0
2011,ALDS1,teixema01,NYA,AL,5,18,2,3,2,0,0,1,0,0.0,2,5.0,0.0,1.0,0.0,0.0,0.0
2011,ALDS1,valvejo01,DET,AL,3,0,0,0,0,0,0,0,0,0.0,0,0.0,0.0,0.0,0.0,0.0,0.0
2011,ALDS1,verlaju01,DET,AL,2,0,0,0,0,0,0,0,0,0.0,0,0.0,0.0,0.0,0.0,0.0,0.0
2011,ALDS1,wadeco01,NYA,AL,1,0,0,0,0,0,0,0,0,0.0,0,0.0,0.0,0.0,0.0,0.0,0.0
2011,ALDS1,youngde03,DET,AL,5,19,4,6,0,0,3,3,0,0.0,2,2.0,0.0,0.0,0.0,0.0,0.0
2011,ALDS2,adamsmi03,TEX,AL,3,0,0,0,0,0,0,0,0,0.0,0,0.0,0.0,0.0,0.0,0.0,0.0
2011,ALDS2,andruel01,TEX,AL,4,14,1,2,0,0,0,0,0,1.0,3,3.0,0.0,1.0,0.0,0.0,0.0
2011,ALDS2,beltrad01,TEX,AL,4,15,5,4,0,0,3,4,0,0.0,0,1.0,0.0,1.0,0.0,0.0,0.0
2011,ALDS2,brignre01,TBA,AL,3,1,0,0,0,0,0,0,0,0.0,1,0.0,0.0,0.0,0.0,0.0,0.0
2011,ALDS2,cruzju02,TBA,AL,2,0,0,0,0,0,0,0,0,0.0,0,0.0,0.0,0.0,0.0,0.0,0.0
2011,ALDS2,cruzne02,TEX,AL,4,15,1,1,0,0,0,0,0,0.0,0,5.0,0.0,0.0,0.0,0.0,1.0
2011,ALDS2,damonjo01,TBA,AL,4,17,3,4,0,0,1,3,0,0.0,0,4.0,0.0,0.0,0.0,0.0,0.0
2011,ALDS2,daviswa01,TBA,AL,2,0,0,0,0,0,0,0,0,0.0,0,0.0,0.0,0.0,0.0,0.0,0.0
2011,ALDS2,feldmsc01,TEX,AL,1,0,0,0,0,0,0,0,0,0.0,0,0.0,0.0,0.0,0.0,0.0,0.0
2011,ALDS2,felizne01,TEX,AL,3,0,0,0,0,0,0,0,0,0.0,0,0.0,0.0,0.0,0.0,0.0,0.0
2011,ALDS2,fuldsa01,TBA,AL,3,3,0,0,0,0,0,0,0,0.0,0,1.0,0.0,0.0,0.0,0.0,0.0
2011,ALDS2,gentrcr01,TEX,AL,4,5,1,2,0,0,0,0,2,1.0,1,1.0,0.0,1.0,1.0,0.0,0.0
2011,ALDS2,gomesbr01,TBA,AL,3,0,0,0,0,0,0,0,0,0.0,0,0.0,0.0,0.0,0.0,0.0,0.0
2011,ALDS2,gonzami02,TEX,AL,2,0,0,0,0,0,0,0,0,0.0,0,0.0,0.0,0.0,0.0,0.0,0.0
2011,ALDS2,hamiljo03,TEX,AL,4,15,1,4,1,0,0,2,0,0.0,1,0.0,1.0,0.0,0.0,0.0,0.0
2011,ALDS2,harrima01,TEX,AL,2,0,0,0,0,0,0,0,0,0.0,0,0.0,0.0,0.0,0.0,0.0,0.0
2011,ALDS2,hellije01,TBA,AL,1,0,0,0,0,0,0,0,0,0.0,0,0.0,0.0,0.0,0.0,0.0,0.0
2011,ALDS2,hollade01,TEX,AL,2,0,0,0,0,0,0,0,0,0.0,0,0.0,0.0,0.0,0.0,0.0,0.0
2011,ALDS2,howeljp01,TBA,AL,1,0,0,0,0,0,0,0,0,0.0,0,0.0,0.0,0.0,0.0,0.0,0.0
2011,ALDS2,jasojo01,TBA,AL,2,4,0,0,0,0,0,0,0,0.0,0,1.0,0.0,0.0,0.0,0.0,0.0
2011,ALDS2,jennide01,TBA,AL,4,15,3,5,1,0,2,2,0,0.0,3,1.0,0.0,0.0,0.0,0.0,0.0
2011,ALDS2,johnsel02,TBA,AL,1,0,0,0,0,0,0,0,0,0.0,0,0.0,0.0,0.0,0.0,0.0,0.0
2011,ALDS2,joycema01,TBA,AL,4,15,1,3,1,0,1,4,0,0.0,1,5.0,0.0,0.0,0.0,0.0,0.0
2011,ALDS2,kinslia01,TEX,AL,4,16,2,4,2,0,1,3,1,0.0,3,3.0,0.0,0.0,0.0,0.0,0.0
2011,ALDS2,kotchca01,TBA,AL,4,16,1,4,1,0,0,2,0,0.0,0,1.0,0.0,0.0,0.0,0.0,0.0
2011,ALDS2,lewisco01,TEX,AL,1,0,0,0,0,0,0,0,0,0.0,0,0.0,0.0,0.0,0.0,0.0,0.0
2011,ALDS2,longoev01,TBA,AL,4,16,2,3,0,0,1,3,0,0.0,2,8.0,0.0,0.0,0.0,0.0,0.0
2011,ALDS2,mcgeeja01,TBA,AL,1,0,0,0,0,0,0,0,0,0.0,0,0.0,0.0,0.0,0.0,0.0,0.0
2011,ALDS2,moorema02,TBA,AL,2,0,0,0,0,0,0,0,0,0.0,0,0.0,0.0,0.0,0.0,0.0,0.0
2011,ALDS2,morelmi01,TEX,AL,3,10,1,1,0,0,1,2,0,0.0,1,1.0,0.0,1.0,0.0,0.0,0.0
2011,ALDS2,murphda07,TEX,AL,3,6,0,2,0,0,0,0,0,0.0,1,3.0,0.0,0.0,0.0,0.0,0.0
2011,ALDS2,napolmi01,TEX,AL,4,14,3,5,0,0,1,4,1,0.0,1,5.0,0.0,0.0,0.0,0.0,0.0
2011,ALDS2,ogandal01,TEX,AL,3,0,0,0,0,0,0,0,0,0.0,0,0.0,0.0,0.0,0.0,0.0,0.0
2011,ALDS2,oliveda02,TEX,AL,2,0,0,0,0,0,0,0,0,0.0,0,0.0,0.0,0.0,0.0,0.0,0.0
2011,ALDS2,peraljo01,TBA,AL,3,0,0,0,0,0,0,0,0,0.0,0,0.0,0.0,0.0,0.0,0.0,0.0
2011,ALDS2,priceda01,TBA,AL,1,0,0,0,0,0,0,0,0,0.0,0,0.0,0.0,0.0,0.0,0.0,0.0
2011,ALDS2,rodrise01,TBA,AL,4,12,3,2,1,0,0,1,0,0.0,2,0.0,0.0,0.0,0.0,0.0,0.0
2011,ALDS2,shielja02,TBA,AL,1,0,0,0,0,0,0,0,0,0.0,0,0.0,0.0,0.0,0.0,0.0,0.0
2011,ALDS2,shoppke01,TBA,AL,4,10,3,4,0,0,2,6,0,0.0,1,4.0,0.0,0.0,0.0,0.0,1.0
2011,ALDS2,torreyo01,TEX,AL,1,3,0,0,0,0,0,0,0,0.0,0,0.0,0.0,0.0,0.0,0.0,0.0
2011,ALDS2,ueharko01,TEX,AL,1,0,0,0,0,0,0,0,0,0.0,0,0.0,0.0,0.0,0.0,0.0,0.0
2011,ALDS2,uptonbj01,TBA,AL,4,14,3,4,3,0,0,0,1,2.0,4,6.0,0.0,0.0,0.0,0.0,0.0
2011,ALDS2,wilsocj01,TEX,AL,1,0,0,0,0,0,0,0,0,0.0,0,0.0,0.0,0.0,0.0,0.0,0.0
2011,ALDS2,youngmi02,TEX,AL,4,15,1,2,0,0,0,0,0,0.0,1,2.0,0.0,0.0,0.0,0.0,0.0
2011,ALDS2,zobribe01,TBA,AL,4,17,2,4,0,0,0,0,0,0.0,0,4.0,0.0,1.0,0.0,0.0,0.0
2011,NLCS,axforjo01,MIL,NL,3,0,0,0,0,0,0,0,0,0.0,0,0.0,0.0,0.0,0.0,0.0,0.0
2011,NLCS,berkmla01,SLN,NL,6,20,4,6,0,0,0,2,1,0.0,2,2.0,0.0,1.0,0.0,0.0,0.0
2011,NLCS,betanyu01,MIL,NL,6,24,2,8,2,0,1,5,0,0.0,0,3.0,0.0,0.0,0.0,0.0,0.0
2011,NLCS,boggsmi01,SLN,NL,3,0,0,0,0,0,0,0,0,0.0,0,0.0,0.0,0.0,0.0,0.0,0.0
2011,NLCS,braunry02,MIL,NL,6,24,2,8,3,0,1,6,0,0.0,1,6.0,0.0,1.0,0.0,0.0,0.0
2011,NLCS,carpech01,SLN,NL,1,2,0,1,0,0,0,0,0,0.0,0,0.0,0.0,0.0,0.0,0.0,0.0
2011,NLCS,chambad01,SLN,NL,5,3,1,0,0,0,0,1,0,0.0,0,3.0,0.0,0.0,0.0,1.0,0.0
2011,NLCS,counscr01,MIL,NL,4,2,0,0,0,0,0,0,0,0.0,0,0.0,0.0,0.0,0.0,0.0,0.0
2011,NLCS,craigal01,SLN,NL,5,8,1,3,0,0,1,3,0,0.0,0,1.0,0.0,0.0,0.0,0.0,0.0
2011,NLCS,descada01,SLN,NL,4,3,1,1,0,0,0,0,0,0.0,0,0.0,0.0,0.0,0.0,0.0,0.0
2011,NLCS,doteloc01,SLN,NL,4,0,0,0,0,0,0,0,0,0.0,0,0.0,0.0,0.0,0.0,0.0,0.0
2011,NLCS,estrama01,MIL,NL,2,0,0,0,0,0,0,0,0,0.0,0,0.0,0.0,0.0,0.0,0.0,0.0
2011,NLCS,fieldpr01,MIL,NL,6,20,4,4,2,0,2,3,0,0.0,4,4.0,2.0,1.0,0.0,0.0,2.0
2011,NLCS,freesda01,SLN,NL,6,22,7,12,3,0,3,9,0,0.0,2,2.0,0.0,1.0,0.0,0.0,2.0
2011,NLCS,furcara01,SLN,NL,6,27,5,5,2,0,1,1,0,0.0,1,3.0,0.0,0.0,2.0,0.0,0.0
2011,NLCS,gallayo01,MIL,NL,1,1,0,0,0,0,0,1,0,0.0,0,0.0,0.0,0.0,0.0,1.0,0.0
2011,NLCS,garcija02,SLN,NL,2,4,0,0,0,0,0,1,0,0.0,0,2.0,0.0,0.0,0.0,0.0,0.0
2011,NLCS,gomezca01,MIL,NL,5,10,1,2,0,0,0,0,0,1.0,0,2.0,0.0,1.0,1.0,0.0,0.0
2011,NLCS,greenta01,MIL,NL,2,1,0,0,0,0,0,0,0,0.0,0,0.0,0.0,0.0,0.0,0.0,0.0
2011,NLCS,greinza01,MIL,NL,2,4,0,1,0,0,0,0,0,0.0,0,0.0,0.0,0.0,1.0,0.0,0.0
2011,NLCS,hairsje02,MIL,NL,6,23,6,9,4,0,0,1,0,0.0,2,3.0,0.0,0.0,0.0,0.0,0.0
2011,NLCS,hartco01,MIL,NL,5,20,2,5,0,0,1,2,0,0.0,2,5.0,0.0,0.0,0.0,0.0,0.0
2011,NLCS,hawkila01,MIL,NL,3,0,0,0,0,0,0,0,0,0.0,0,0.0,0.0,0.0,0.0,0.0,0.0
2011,NLCS,hollima01,SLN,NL,6,23,6,10,2,0,1,5,0,1.0,3,7.0,0.0,0.0,0.0,0.0,0.0
2011,NLCS,jacksed01,SLN,NL,2,2,1,1,0,0,0,0,0,0.0,0,1.0,0.0,0.0,1.0,0.0,0.0
2011,NLCS,jayjo02,SLN,NL,6,25,7,6,2,0,0,1,1,0.0,3,2.0,0.0,0.0,0.0,0.0,1.0
2011,NLCS,kotsama01,MIL,NL,5,9,1,1,0,0,1,1,0,0.0,2,2.0,0.0,0.0,0.0,0.0,0.0
2011,NLCS,kottage01,MIL,NL,2,5,0,0,0,0,0,1,0,0.0,0,1.0,0.0,0.0,0.0,0.0,0.0
2011,NLCS,lairdge01,SLN,NL,1,1,0,0,0,0,0,0,0,0.0,0,1.0,0.0,0.0,0.0,0.0,0.0
2011,NLCS,loeka01,MIL,NL,3,0,0,0,0,0,0,0,0,0.0,0,0.0,0.0,0.0,0.0,0.0,0.0
2011,NLCS,lohseky01,SLN,NL,2,3,0,0,0,0,0,0,0,0.0,0,2.0,0.0,0.0,0.0,0.0,0.0
2011,NLCS,lucrojo01,MIL,NL,6,17,2,5,1,0,1,3,0,0.0,0,3.0,0.0,0.0,0.0,0.0,0.0
2011,NLCS,lynnla01,SLN,NL,5,1,0,0,0,0,0,0,0,0.0,0,1.0,0.0,0.0,0.0,0.0,0.0
2011,NLCS,marcush01,MIL,NL,2,1,0,0,0,0,0,0,0,0.0,0,0.0,0.0,0.0,0.0,0.0,0.0
2011,NLCS,mccleky01,SLN,NL,1,0,0,0,0,0,0,0,0,0.0,0,0.0,0.0,0.0,0.0,0.0,0.0
2011,NLCS,mcgehca01,MIL,NL,3,2,0,0,0,0,0,0,0,0.0,1,1.0,0.0,0.0,0.0,0.0,0.0
2011,NLCS,molinya01,SLN,NL,6,24,5,8,3,0,0,2,0,0.0,2,3.0,1.0,0.0,0.0,0.0,1.0
2011,NLCS,morgany01,MIL,NL,6,12,1,2,1,0,0,0,0,0.0,1,4.0,0.0,1.0,0.0,0.0,1.0
2011,NLCS,motteja01,SLN,NL,4,0,0,0,0,0,0,0,0,0.0,0,0.0,0.0,0.0,0.0,0.0,0.0
2011,NLCS,narvech01,MIL,NL,4,1,0,0,0,0,0,0,0,0.0,0,1.0,0.0,0.0,0.0,0.0,0.0
2011,NLCS,pujolal01,SLN,NL,6,23,5,11,4,0,2,9,0,0.0,4,4.0,2.0,0.0,0.0,0.0,1.0
2011,NLCS,puntoni01,SLN,NL,6,15,0,2,0,0,0,3,0,0.0,2,8.0,1.0,0.0,1.0,1.0,0.0
2011,NLCS,rhodear01,SLN,NL,2,0,0,0,0,0,0,0,0,0.0,0,0.0,0.0,0.0,0.0,0.0,0.0
2011,NLCS,rodrifr03,MIL,NL,3,0,0,0,0,0,0,0,0,0.0,0,0.0,0.0,0.0,0.0,0.0,0.0
2011,NLCS,rzepcma01,SLN,NL,5,0,0,0,0,0,0,0,0,0.0,0,0.0,0.0,0.0,0.0,0.0,0.0
2011,NLCS,saitota01,MIL,NL,3,0,0,0,0,0,0,0,0,0.0,0,0.0,0.0,0.0,0.0,0.0,0.0
2011,NLCS,salasfe01,SLN,NL,4,0,0,0,0,0,0,0,0,0.0,0,0.0,0.0,0.0,0.0,0.0,0.0
2011,NLCS,theriry01,SLN,NL,4,10,0,1,0,0,0,0,0,0.0,0,1.0,0.0,0.0,0.0,0.0,0.0
2011,NLCS,weeksri01,MIL,NL,6,23,5,5,1,0,2,3,0,0.0,1,5.0,0.0,0.0,0.0,0.0,2.0
2011,NLCS,wolfra02,MIL,NL,1,2,0,1,1,0,0,0,0,0.0,0,0.0,0.0,0.0,1.0,0.0,0.0
2011,NLDS1,bastaan01,PHI,NL,2,0,0,0,0,0,0,0,0,0.0,0,0.0,0.0,0.0,0.0,0.0,0.0
2011,NLDS1,berkmla01,SLN,NL,5,18,4,3,1,0,1,4,1,0.0,2,3.0,0.0,1.0,0.0,0.0,0.0
2011,NLDS1,blantjo01,PHI,NL,1,0,0,0,0,0,0,0,0,0.0,0,0.0,0.0,0.0,0.0,0.0,0.0
2011,NLDS1,boggsmi01,SLN,NL,2,0,0,0,0,0,0,0,0,0.0,0,0.0,0.0,0.0,0.0,0.0,0.0
2011,NLDS1,carpech01,SLN,NL,2,4,0,1,0,0,0,0,0,0.0,0,0.0,0.0,0.0,0.0,0.0,1.0
2011,NLDS1,chambad01,SLN,NL,5,2,1,1,0,0,0,1,0,0.0,0,1.0,0.0,0.0,0.0,0.0,0.0
2011,NLDS1,craigal01,SLN,NL,3,10,3,1,0,1,0,0,0,0.0,4,4.0,0.0,0.0,0.0,0.0,1.0
2011,NLDS1,descada01,SLN,NL,4,3,0,0,0,0,0,0,0,0.0,0,2.0,0.0,0.0,1.0,0.0,0.0
2011,NLDS1,doteloc01,SLN,NL,3,0,0,0,0,0,0,0,0,0.0,0,0.0,0.0,0.0,0.0,0.0,0.0
2011,NLDS1,francbe01,PHI,NL,2,2,1,1,0,0,1,3,0,0.0,0,0.0,0.0,0.0,0.0,0.0,0.0
2011,NLDS1,freesda01,SLN,NL,5,18,1,5,2,0,1,5,0,0.0,0,9.0,0.0,0.0,0.0,0.0,0.0
2011,NLDS1,furcara01,SLN,NL,5,22,2,5,0,2,0,1,1,0.0,0,3.0,0.0,0.0,0.0,0.0,0.0
2011,NLDS1,garcija02,SLN,NL,1,3,0,0,0,0,0,0,0,0.0,0,2.0,0.0,0.0,0.0,0.0,0.0
2011,NLDS1,gloadro01,PHI,NL,3,2,0,1,0,0,0,0,0,0.0,0,1.0,0.0,0.0,0.0,0.0,0.0
2011,NLDS1,hallaro01,PHI,NL,2,6,0,1,0,0,0,0,0,0.0,0,2.0,0.0,0.0,0.0,0.0,0.0
2011,NLDS1,hamelco01,PHI,NL,1,2,0,0,0,0,0,0,0,0.0,0,0.0,0.0,0.0,0.0,0.0,0.0
2011,NLDS1,hollima01,SLN,NL,4,9,2,2,0,0,0,0,0,0.0,0,3.0,0.0,1.0,0.0,0.0,0.0
2011,NLDS1,howarry01,PHI,NL,5,19,1,2,0,0,1,6,0,0.0,1,6.0,0.0,0.0,0.0,1.0,0.0
2011,NLDS1,ibanera01,PHI,NL,4,15,1,3,0,0,1,4,0,0.0,0,5.0,0.0,0.0,0.0,0.0,0.0
2011,NLDS1,jacksed01,SLN,NL,1,2,0,0,0,0,0,0,0,0.0,0,1.0,0.0,0.0,0.0,0.0,0.0
2011,NLDS1,jayjo02,SLN,NL,5,12,0,2,0,0,0,2,0,0.0,3,3.0,1.0,0.0,1.0,0.0,0.0
2011,NLDS1,lairdge01,SLN,NL,1,0,0,0,0,0,0,0,0,0.0,0,0.0,0.0,0.0,0.0,0.0,0.0
2011,NLDS1,leecl02,PHI,NL,1,2,0,0,0,0,0,0,0,0.0,0,1.0,0.0,0.0,0.0,0.0,0.0
2011,NLDS1,lidgebr01,PHI,NL,3,0,0,0,0,0,0,0,0,0.0,0,0.0,0.0,0.0,0.0,0.0,0.0
2011,NLDS1,lohseky01,SLN,NL,2,2,0,0,0,0,0,0,0,0.0,0,1.0,0.0,0.0,0.0,0.0,0.0
2011,NLDS1,madsory01,PHI,NL,4,1,0,0,0,0,0,0,0,0.0,0,1.0,0.0,0.0,0.0,0.0,0.0
2011,NLDS1,martimi02,PHI,NL,2,0,1,0,0,0,0,0,0,0.0,0,0.0,0.0,0.0,0.0,0.0,0.0
2011,NLDS1,maybejo02,PHI,NL,2,4,0,0,0,0,0,0,0,0.0,0,1.0,0.0,0.0,0.0,0.0,0.0
2011,NLDS1,molinya01,SLN,NL,5,19,1,4,0,0,0,1,1,0.0,1,5.0,1.0,0.0,0.0,0.0,0.0
2011,NLDS1,motteja01,SLN,NL,3,0,0,0,0,0,0,0,0,0.0,0,0.0,0.0,0.0,0.0,0.0,0.0
2011,NLDS1,oswalro01,PHI,NL,1,1,0,0,0,0,0,0,0,0.0,0,0.0,0.0,0.0,1.0,0.0,0.0
2011,NLDS1,pencehu01,PHI,NL,5,19,3,4,0,0,0,4,0,1.0,2,2.0,1.0,0.0,0.0,0.0,0.0
2011,NLDS1,polanpl01,PHI,NL,5,19,0,2,0,0,0,0,0,0.0,0,3.0,0.0,0.0,0.0,0.0,1.0
2011,NLDS1,pujolal01,SLN,NL,5,20,2,7,3,0,0,1,1,1.0,2,4.0,1.0,0.0,0.0,0.0,0.0
2011,NLDS1,puntoni01,SLN,NL,3,6,0,1,0,0,0,0,0,0.0,0,3.0,0.0,0.0,0.0,0.0,0.0
2011,NLDS1,rhodear01,SLN,NL,3,0,0,0,0,0,0,0,0,0.0,0,0.0,0.0,0.0,0.0,0.0,0.0
2011,NLDS1,rolliji01,PHI,NL,5,20,6,9,4,0,0,0,2,1.0,1,1.0,0.0,0.0,0.0,0.0,0.0
2011,NLDS1,ruizca01,PHI,NL,5,17,1,1,0,0,0,0,0,0.0,1,3.0,1.0,0.0,0.0,0.0,0.0
2011,NLDS1,rzepcma01,SLN,NL,3,0,0,0,0,0,0,0,0,0.0,0,0.0,0.0,0.0,0.0,0.0,0.0
2011,NLDS1,salasfe01,SLN,NL,3,0,0,0,0,0,0,0,0,0.0,0,0.0,0.0,0.0,0.0,0.0,0.0
2011,NLDS1,schumsk01,SLN,NL,5,10,1,6,2,0,0,3,0,0.0,0,0.0,0.0,0.0,0.0,0.0,0.0
2011,NLDS1,stutemi01,PHI,NL,1,0,0,0,0,0,0,0,0,0.0,0,0.0,0.0,0.0,0.0,0.0,0.0
2011,NLDS1,theriry01,SLN,NL,3,10,2,6,2,0,0,1,1,0.0,0,1.0,0.0,0.0,0.0,0.0,1.0
2011,NLDS1,utleych01,PHI,NL,5,16,5,7,2,1,0,1,0,1.0,3,3.0,0.0,2.0,0.0,0.0,0.0
2011,NLDS1,victosh01,PHI,NL,5,19,2,6,1,0,0,2,0,0.0,0,0.0,0.0,0.0,0.0,0.0,0.0
2011,NLDS1,worleva01,PHI,NL,2,0,0,0,0,0,0,0,0,0.0,0,0.0,0.0,0.0,0.0,0.0,0.0
2011,NLDS2,axforjo01,MIL,NL,3,0,0,0,0,0,0,0,0,0.0,0,0.0,0.0,0.0,0.0,0.0,0.0
2011,NLDS2,betanyu01,MIL,NL,5,18,5,5,1,1,0,1,0,0.0,1,1.0,0.0,0.0,0.0,0.0,1.0
2011,NLDS2,blanche01,ARI,NL,1,1,0,0,0,0,0,0,0,0.0,0,0.0,0.0,0.0,0.0,0.0,0.0
2011,NLDS2,bloomwi01,ARI,NL,5,22,3,7,0,0,0,1,3,0.0,1,3.0,0.0,0.0,0.0,0.0,2.0
2011,NLDS2,blumge01,ARI,NL,2,2,0,0,0,0,0,0,0,0.0,0,2.0,0.0,0.0,0.0,0.0,0.0
2011,NLDS2,braunry02,MIL,NL,5,18,5,9,4,0,1,4,1,0.0,3,3.0,0.0,0.0,0.0,0.0,0.0
2011,NLDS2,burrose01,ARI,NL,3,3,0,1,0,0,0,0,0,0.0,0,2.0,0.0,0.0,0.0,0.0,0.0
2011,NLDS2,collmjo01,ARI,NL,1,3,1,1,0,0,0,0,0,0.0,0,1.0,0.0,0.0,0.0,0.0,0.0
2011,NLDS2,counscr01,MIL,NL,2,2,0,0,0,0,0,0,0,0.0,0,0.0,0.0,0.0,0.0,0.0,0.0
2011,NLDS2,cowgico01,ARI,NL,2,1,0,1,0,0,0,2,0,0.0,0,0.0,0.0,0.0,0.0,0.0,0.0
2011,NLDS2,estrama01,MIL,NL,2,0,0,0,0,0,0,0,0,0.0,0,0.0,0.0,0.0,0.0,0.0,0.0
2011,NLDS2,fieldpr01,MIL,NL,5,18,2,5,2,0,1,3,0,0.0,2,5.0,0.0,1.0,0.0,0.0,0.0
2011,NLDS2,gallayo01,MIL,NL,2,5,0,0,0,0,0,0,0,0.0,0,1.0,0.0,0.0,0.0,0.0,0.0
2011,NLDS2,goldspa01,ARI,NL,4,16,4,7,0,0,2,6,1,0.0,2,5.0,0.0,1.0,0.0,0.0,0.0
2011,NLDS2,gomezca01,MIL,NL,3,4,2,3,0,0,1,2,2,0.0,0,0.0,0.0,0.0,1.0,0.0,0.0
2011,NLDS2,greenta01,MIL,NL,1,1,0,0,0,0,0,0,0,0.0,0,0.0,0.0,0.0,0.0,0.0,0.0
2011,NLDS2,greinza01,MIL,NL,1,2,0,1,0,0,0,0,0,0.0,0,1.0,0.0,0.0,0.0,0.0,0.0
2011,NLDS2,hairsje02,MIL,NL,5,16,2,6,2,0,0,3,0,0.0,2,1.0,0.0,0.0,0.0,2.0,0.0
2011,NLDS2,hartco01,MIL,NL,5,21,4,5,0,0,1,3,0,0.0,0,3.0,0.0,0.0,0.0,1.0,0.0
2011,NLDS2,hawkila01,MIL,NL,1,0,0,0,0,0,0,0,0,0.0,0,0.0,0.0,0.0,0.0,0.0,0.0
2011,NLDS2,hernada01,ARI,NL,4,0,0,0,0,0,0,0,0,0.0,0,0.0,0.0,0.0,0.0,0.0,0.0
2011,NLDS2,hillaa01,ARI,NL,5,18,3,5,0,0,1,1,0,0.0,5,3.0,0.0,0.0,0.0,0.0,1.0
2011,NLDS2,hudsoda01,ARI,NL,1,2,0,0,0,0,0,0,0,0.0,0,1.0,0.0,0.0,0.0,0.0,0.0
2011,NLDS2,kenneia01,ARI,NL,2,4,0,1,0,0,0,0,0,0.0,0,2.0,0.0,0.0,0.0,0.0,0.0
2011,NLDS2,kotsama01,MIL,NL,4,3,1,0,0,0,0,0,0,0.0,1,0.0,1.0,0.0,0.0,0.0,0.0
2011,NLDS2,kottage01,MIL,NL,1,3,0,0,0,0,0,1,0,0.0,1,1.0,0.0,0.0,0.0,0.0,0.0
2011,NLDS2,loeka01,MIL,NL,2,0,0,0,0,0,0,0,0,0.0,0,0.0,0.0,0.0,0.0,0.0,0.0
2011,NLDS2,lucrojo01,MIL,NL,4,15,1,3,0,0,0,2,0,0.0,0,5.0,0.0,0.0,0.0,0.0,0.0
2011,NLDS2,marcush01,MIL,NL,1,2,0,0,0,0,0,0,0,0.0,0,1.0,0.0,0.0,0.0,0.0,0.0
2011,NLDS2,mcdonjo03,ARI,NL,2,2,0,0,0,0,0,0,0,0.0,0,0.0,0.0,0.0,0.0,0.0,0.0
2011,NLDS2,mcgehca01,MIL,NL,3,3,0,1,0,0,0,0,0,0.0,0,1.0,0.0,0.0,0.0,0.0,0.0
2011,NLDS2,montemi01,ARI,NL,5,20,3,6,2,0,0,2,0,0.0,2,6.0,1.0,0.0,0.0,0.0,0.0
2011,NLDS2,morgany01,MIL,NL,4,16,1,3,1,0,0,3,0,0.0,1,7.0,0.0,1.0,0.0,0.0,0.0
2011,NLDS2,narvech01,MIL,NL,2,0,0,0,0,0,0,0,0,0.0,0,0.0,0.0,0.0,0.0,0.0,0.0
2011,NLDS2,overbly01,ARI,NL,2,4,0,0,0,0,0,0,0,0.0,0,2.0,0.0,0.0,0.0,0.0,0.0
2011,NLDS2,owingmi01,ARI,NL,2,1,0,0,0,0,0,0,0,0.0,0,0.0,0.0,0.0,0.0,0.0,0.0
2011,NLDS2,parkeja02,ARI,NL,1,0,0,0,0,0,0,0,0,0.0,0,0.0,0.0,0.0,0.0,0.0,0.0
2011,NLDS2,parrage01,ARI,NL,5,18,1,1,1,0,0,0,0,0.0,1,7.0,0.0,0.0,0.0,0.0,0.0
2011,NLDS2,paterjo01,ARI,NL,1,0,0,0,0,0,0,0,0,0.0,0,0.0,0.0,0.0,0.0,0.0,0.0
2011,NLDS2,putzjj01,ARI,NL,3,0,0,0,0,0,0,0,0,0.0,0,0.0,0.0,0.0,0.0,0.0,0.0
2011,NLDS2,roberry01,ARI,NL,5,20,2,7,1,0,2,6,0,1.0,0,4.0,0.0,0.0,0.0,0.0,0.0
2011,NLDS2,rodrifr03,MIL,NL,2,0,0,0,0,0,0,0,0,0.0,0,0.0,0.0,0.0,0.0,0.0,0.0
2011,NLDS2,saitota01,MIL,NL,3,0,0,0,0,0,0,0,0,0.0,0,0.0,0.0,0.0,0.0,0.0,0.0
2011,NLDS2,saundjo01,ARI,NL,1,0,0,0,0,0,0,0,0,0.0,1,0.0,0.0,0.0,0.0,0.0,0.0
2011,NLDS2,shawbr01,ARI,NL,4,0,0,0,0,0,0,0,0,0.0,0,0.0,0.0,0.0,0.0,0.0,0.0
2011,NLDS2,uptonju01,ARI,NL,5,20,3,4,0,0,2,3,0,0.0,3,6.0,0.0,0.0,0.0,0.0,0.0
2011,NLDS2,weeksri01,MIL,NL,5,18,0,1,0,1,0,1,0,0.0,1,1.0,0.0,2.0,0.0,0.0,1.0
2011,NLDS2,wolfra02,MIL,NL,1,1,0,0,0,0,0,0,0,0.0,0,0.0,0.0,0.0,0.0,0.0,0.0
2011,NLDS2,youngch04,ARI,NL,5,18,5,7,1,0,3,4,2,0.0,2,5.0,0.0,0.0,0.0,0.0,0.0
2011,NLDS2,zieglbr01,ARI,NL,2,0,0,0,0,0,0,0,0,0.0,0,0.0,0.0,0.0,0.0,0.0,0.0
2011,WS,adamsmi03,TEX,AL,3,0,0,0,0,0,0,0,0,0.0,0,0.0,0.0,0.0,0.0,0.0,0.0
2011,WS,andruel01,TEX,AL,7,29,5,8,1,0,0,0,0,0.0,1,7.0,0.0,0.0,2.0,0.0,1.0
2011,WS,beltrad01,TEX,AL,7,30,5,9,2,0,2,3,0,0.0,0,8.0,0.0,1.0,0.0,0.0,1.0
2011,WS,berkmla01,SLN,NL,7,26,9,11,1,0,1,5,0,0.0,5,7.0,1.0,0.0,0.0,0.0,0.0
2011,WS,boggsmi01,SLN,NL,2,0,0,0,0,0,0,0,0,0.0,0,0.0,0.0,0.0,0.0,0.0,0.0
2011,WS,carpech01,SLN,NL,3,5,0,0,0,0,0,0,0,0.0,0,3.0,0.0,0.0,0.0,0.0,0.0
2011,WS,chaveen01,TEX,AL,3,1,0,0,0,0,0,0,0,0.0,0,0.0,0.0,0.0,0.0,0.0,0.0
2011,WS,craigal01,SLN,NL,7,19,5,5,0,0,3,5,0,2.0,4,8.0,0.0,1.0,1.0,0.0,0.0
2011,WS,cruzne02,TEX,AL,7,25,5,5,0,0,2,3,0,0.0,5,5.0,1.0,0.0,0.0,0.0,0.0
2011,WS,descada01,SLN,NL,5,3,2,2,0,0,0,0,0,0.0,0,0.0,0.0,0.0,1.0,0.0,0.0
2011,WS,doteloc01,SLN,NL,5,0,0,0,0,0,0,0,0,0.0,0,0.0,0.0,0.0,0.0,0.0,0.0
2011,WS,feldmsc01,TEX,AL,5,0,0,0,0,0,0,0,0,0.0,0,0.0,0.0,0.0,0.0,0.0,0.0
2011,WS,felizne01,TEX,AL,4,0,0,0,0,0,0,0,0,0.0,0,0.0,0.0,0.0,0.0,0.0,0.0
2011,WS,freesda01,SLN,NL,7,23,4,8,3,1,1,7,0,0.0,5,3.0,1.0,0.0,0.0,0.0,1.0
2011,WS,furcara01,SLN,NL,7,28,1,5,1,0,0,1,0,0.0,3,3.0,0.0,1.0,1.0,0.0,1.0
2011,WS,garcija02,SLN,NL,2,2,0,0,0,0,0,0,0,0.0,1,0.0,0.0,0.0,0.0,0.0,0.0
2011,WS,gentrcr01,TEX,AL,6,5,1,1,0,0,0,0,0,0.0,0,3.0,0.0,0.0,0.0,0.0,0.0
2011,WS,germaes01,TEX,AL,3,3,0,0,0,0,0,0,0,0.0,0,1.0,0.0,0.0,0.0,0.0,0.0
2011,WS,gonzami02,TEX,AL,3,0,0,0,0,0,0,0,0,0.0,0,0.0,0.0,0.0,0.0,0.0,0.0
2011,WS,hamiljo03,TEX,AL,7,29,4,7,2,0,1,6,0,0.0,1,4.0,0.0,0.0,0.0,1.0,1.0
2011,WS,harrima01,TEX,AL,2,1,0,0,0,0,0,0,0,0.0,0,1.0,0.0,0.0,1.0,0.0,0.0
2011,WS,hollade01,TEX,AL,2,1,1,0,0,0,0,0,0,0.0,0,0.0,0.0,0.0,0.0,0.0,0.0
2011,WS,hollima01,SLN,NL,6,19,5,3,1,0,0,0,0,0.0,7,4.0,0.0,0.0,0.0,0.0,3.0
2011,WS,jacksed01,SLN,NL,2,0,0,0,0,0,0,0,0,0.0,0,0.0,0.0,0.0,0.0,0.0,0.0
2011,WS,jayjo02,SLN,NL,7,18,1,2,0,0,0,0,0,1.0,0,1.0,0.0,0.0,1.0,0.0,1.0
2011,WS,kinslia01,TEX,AL,7,25,2,9,1,0,0,2,1,3.0,7,4.0,1.0,0.0,0.0,0.0,0.0
2011,WS,lairdge01,SLN,NL,2,0,0,0,0,0,0,0,0,0.0,0,0.0,0.0,0.0,0.0,0.0,0.0
2011,WS,lewisco01,TEX,AL,2,5,0,0,0,0,0,0,0,0.0,0,2.0,0.0,0.0,0.0,0.0,1.0
2011,WS,lohseky01,SLN,NL,2,0,0,0,0,0,0,0,0,0.0,0,0.0,0.0,0.0,1.0,0.0,0.0
2011,WS,lowema01,TEX,AL,2,0,0,0,0,0,0,0,0,0.0,0,0.0,0.0,0.0,0.0,0.0,0.0
2011,WS,lynnla01,SLN,NL,5,0,0,0,0,0,0,0,0,0.0,0,0.0,0.0,0.0,0.0,0.0,0.0
2011,WS,molinya01,SLN,NL,7,24,1,8,2,0,0,9,0,0.0,4,3.0,1.0,0.0,0.0,1.0,0.0
2011,WS,morelmi01,TEX,AL,3,10,1,1,0,0,1,1,0,0.0,0,2.0,0.0,0.0,0.0,0.0,1.0
2011,WS,motteja01,SLN,NL,5,0,0,0,0,0,0,0,0,0.0,0,0.0,0.0,0.0,0.0,0.0,0.0
2011,WS,murphda07,TEX,AL,7,18,1,4,1,0,0,0,0,0.0,4,1.0,0.0,0.0,0.0,0.0,0.0
2011,WS,napolmi01,TEX,AL,7,20,2,7,1,0,2,10,0,0.0,6,4.0,1.0,0.0,0.0,2.0,1.0
2011,WS,ogandal01,TEX,AL,6,0,0,0,0,0,0,0,0,0.0,0,0.0,0.0,0.0,0.0,0.0,0.0
2011,WS,oliveda02,TEX,AL,3,0,0,0,0,0,0,0,0,0.0,0,0.0,0.0,0.0,0.0,0.0,0.0
2011,WS,pujolal01,SLN,NL,7,25,8,6,1,0,3,6,0,0.0,6,3.0,5.0,2.0,0.0,0.0,0.0
2011,WS,puntoni01,SLN,NL,6,14,0,3,0,0,0,0,0,0.0,5,6.0,1.0,0.0,0.0,0.0,0.0
2011,WS,rhodear01,SLN,NL,3,0,0,0,0,0,0,0,0,0.0,0,0.0,0.0,0.0,0.0,0.0,0.0
2011,WS,rzepcma01,SLN,NL,4,0,0,0,0,0,0,0,0,0.0,0,0.0,0.0,0.0,0.0,0.0,0.0
2011,WS,salasfe01,SLN,NL,4,0,0,0,0,0,0,0,0,0.0,0,0.0,0.0,0.0,0.0,0.0,0.0
2011,WS,schumsk01,SLN,NL,6,11,1,2,0,0,0,1,0,0.0,0,3.0,0.0,0.0,0.0,0.0,1.0
2011,WS,theriry01,SLN,NL,5,13,1,1,0,0,0,2,0,0.0,1,3.0,0.0,0.0,1.0,0.0,0.0
2011,WS,torreyo01,TEX,AL,3,5,0,2,0,0,0,0,0,0.0,1,2.0,0.0,0.0,0.0,0.0,0.0
2011,WS,westbja01,SLN,NL,2,0,0,0,0,0,0,0,0,0.0,0,0.0,0.0,0.0,0.0,0.0,0.0
2011,WS,wilsocj01,TEX,AL,3,2,0,0,0,0,0,0,0,0.0,0,0.0,0.0,0.0,0.0,0.0,0.0
2011,WS,youngmi02,TEX,AL,7,27,3,7,4,0,1,5,0,0.0,1,7.0,0.0,0.0,0.0,1.0,0.0
2012,ALCS,avilaal01,DET,AL,3,10,0,2,0,0,0,0,0,0.0,0,4.0,0.0,0.0,0.0,0.0,0.0
2012,ALCS,benoijo01,DET,AL,1,0,0,0,0,0,0,0,0,0.0,0,0.0,0.0,0.0,0.0,0.0,0.0
2012,ALCS,berryqu01,DET,AL,3,8,2,2,1,0,0,0,1,0.0,0,1.0,0.0,0.0,0.0,0.0,0.0
2012,ALCS,cabremi01,DET,AL,4,16,3,5,1,0,1,4,0,0.0,3,2.0,1.0,0.0,0.0,0.0,1.0
2012,ALCS,canoro01,NYA,AL,4,18,0,1,0,0,0,0,0,0.0,0,3.0,0.0,0.0,0.0,0.0,0.0
2012,ALCS,chambjo03,NYA,AL,3,0,0,0,0,0,0,0,0,0.0,0,0.0,0.0,0.0,0.0,0.0,0.0
2012,ALCS,chaveer01,NYA,AL,3,8,0,0,0,0,0,0,0,0.0,0,4.0,0.0,0.0,0.0,0.0,0.0
2012,ALCS,cokeph01,DET,AL,4,0,0,0,0,0,0,0,0,0.0,0,0.0,0.0,0.0,0.0,0.0,0.0
2012,ALCS,dirksan01,DET,AL,4,18,0,4,1,0,0,1,0,0.0,1,2.0,0.0,0.0,0.0,0.0,0.0
2012,ALCS,doteloc01,DET,AL,2,0,0,0,0,0,0,0,0,0.0,0,0.0,0.0,0.0,0.0,0.0,0.0
2012,ALCS,eppleco01,NYA,AL,4,0,0,0,0,0,0,0,0,0.0,0,0.0,0.0,0.0,0.0,0.0,0.0
2012,ALCS,fieldpr01,DET,AL,4,17,1,4,0,0,0,1,0,0.0,2,5.0,0.0,0.0,0.0,0.0,0.0
2012,ALCS,fistedo01,DET,AL,1,0,0,0,0,0,0,0,0,0.0,0,0.0,0.0,0.0,0.0,0.0,0.0
2012,ALCS,garciav01,DET,AL,4,11,0,5,1,0,0,3,1,0.0,0,1.0,0.0,0.0,0.0,0.0,0.0
2012,ALCS,gardnbr01,NYA,AL,3,8,0,0,0,0,0,0,2,0.0,0,1.0,0.0,0.0,0.0,0.0,0.0
2012,ALCS,grandcu01,NYA,AL,4,11,0,0,0,0,0,0,1,0.0,2,7.0,0.0,0.0,0.0,0.0,0.0
2012,ALCS,hugheph01,NYA,AL,1,0,0,0,0,0,0,0,0,0.0,0,0.0,0.0,0.0,0.0,0.0,0.0
2012,ALCS,ibanera01,NYA,AL,4,13,1,3,1,0,1,2,0,1.0,3,4.0,1.0,0.0,0.0,0.0,0.0
2012,ALCS,infanom01,DET,AL,4,18,3,4,0,0,0,0,1,0.0,1,3.0,0.0,0.0,0.0,0.0,0.0
2012,ALCS,jacksau01,DET,AL,4,17,3,6,1,1,1,1,0,0.0,2,3.0,0.0,0.0,0.0,0.0,1.0
2012,ALCS,jeterde01,NYA,AL,1,5,0,1,0,0,0,0,0,0.0,1,2.0,0.0,0.0,0.0,0.0,0.0
2012,ALCS,kellydo01,DET,AL,1,0,1,0,0,0,0,0,0,0.0,0,0.0,0.0,0.0,0.0,0.0,0.0
2012,ALCS,kurodhi01,NYA,AL,1,0,0,0,0,0,0,0,0,0.0,0,0.0,0.0,0.0,0.0,0.0,0.0
2012,ALCS,lairdge01,DET,AL,2,8,0,1,0,0,0,0,0,0.0,0,1.0,0.0,0.0,0.0,0.0,0.0
2012,ALCS,loganbo02,NYA,AL,3,0,0,0,0,0,0,0,0,0.0,0,0.0,0.0,0.0,0.0,0.0,0.0
2012,ALCS,lowede01,NYA,AL,2,0,0,0,0,0,0,0,0,0.0,0,0.0,0.0,0.0,0.0,0.0,0.0
2012,ALCS,martiru01,NYA,AL,4,14,1,2,0,0,0,0,0,0.0,0,3.0,0.0,0.0,0.0,0.0,0.0
2012,ALCS,nixja01,NYA,AL,4,4,0,0,0,0,0,0,0,0.0,1,1.0,0.0,0.0,0.0,0.0,0.0
2012,ALCS,nunezed02,NYA,AL,2,6,2,2,0,1,1,1,1,0.0,0,0.0,0.0,0.0,0.0,0.0,0.0
2012,ALCS,peraljh01,DET,AL,4,18,3,7,1,0,2,3,0,0.0,1,3.0,0.0,0.0,0.0,0.0,0.0
2012,ALCS,pettian01,NYA,AL,1,0,0,0,0,0,0,0,0,0.0,0,0.0,0.0,0.0,0.0,0.0,0.0
2012,ALCS,phelpda01,NYA,AL,2,0,0,0,0,0,0,0,0,0.0,0,0.0,0.0,0.0,0.0,0.0,0.0
2012,ALCS,rapadcl01,NYA,AL,4,0,0,0,0,0,0,0,0,0.0,0,0.0,0.0,0.0,0.0,0.0,0.0
2012,ALCS,roberda08,NYA,AL,2,0,0,0,0,0,0,0,0,0.0,0,0.0,0.0,0.0,0.0,0.0,0.0
2012,ALCS,rodrial01,NYA,AL,3,9,0,1,0,0,0,0,0,0.0,0,3.0,0.0,0.0,0.0,0.0,1.0
2012,ALCS,sabatcc01,NYA,AL,1,0,0,0,0,0,0,0,0,0.0,0,0.0,0.0,0.0,0.0,0.0,0.0
2012,ALCS,sanchan01,DET,AL,1,0,0,0,0,0,0,0,0,0.0,0,0.0,0.0,0.0,0.0,0.0,0.0
2012,ALCS,scherma01,DET,AL,1,0,0,0,0,0,0,0,0,0.0,0,0.0,0.0,0.0,0.0,0.0,0.0
2012,ALCS,smylydr01,DET,AL,2,0,0,0,0,0,0,0,0,0.0,0,0.0,0.0,0.0,0.0,0.0,0.0
2012,ALCS,soriara01,NYA,AL,1,0,0,0,0,0,0,0,0,0.0,0,0.0,0.0,0.0,0.0,0.0,0.0
2012,ALCS,stewach01,NYA,AL,1,0,0,0,0,0,0,0,0,0.0,0,0.0,0.0,0.0,0.0,0.0,0.0
2012,ALCS,suzukic01,NYA,AL,4,17,1,6,0,0,1,2,0,0.0,1,2.0,0.0,0.0,0.0,0.0,0.0
2012,ALCS,swishni01,NYA,AL,3,12,0,3,2,0,0,1,0,0.0,1,5.0,0.0,0.0,0.0,0.0,0.0
2012,ALCS,teixema01,NYA,AL,4,15,1,3,1,0,0,0,0,0.0,3,1.0,0.0,0.0,0.0,0.0,0.0
2012,ALCS,valvejo01,DET,AL,1,0,0,0,0,0,0,0,0,0.0,0,0.0,0.0,0.0,0.0,0.0,0.0
2012,ALCS,verlaju01,DET,AL,1,0,0,0,0,0,0,0,0,0.0,0,0.0,0.0,0.0,0.0,0.0,0.0
2012,ALCS,youngde03,DET,AL,4,17,3,6,1,0,2,6,0,0.0,2,5.0,1.0,0.0,0.0,0.0,0.0
2012,ALDS1,andinro01,BAL,AL,5,11,1,4,0,0,0,0,0,0.0,0,2.0,0.0,0.0,1.0,0.0,0.0
2012,ALDS1,ayalalu01,BAL,AL,1,0,0,0,0,0,0,0,0,0.0,0,0.0,0.0,0.0,0.0,0.0,0.0
2012,ALDS1,canoro01,NYA,AL,5,22,1,2,2,0,0,4,0,0.0,1,3.0,1.0,0.0,0.0,0.0,1.0
2012,ALDS1,chambjo03,NYA,AL,1,0,0,0,0,0,0,0,0,0.0,0,0.0,0.0,0.0,0.0,0.0,0.0
2012,ALDS1,chaveen01,BAL,AL,3,1,0,0,0,0,0,0,0,0.0,0,1.0,0.0,0.0,0.0,0.0,0.0
2012,ALDS1,chaveer01,NYA,AL,3,8,0,0,0,0,0,0,0,0.0,0,4.0,0.0,0.0,0.0,0.0,0.0
2012,ALDS1,chenwe02,BAL,AL,1,0,0,0,0,0,0,0,0,0.0,0,0.0,0.0,0.0,0.0,0.0,0.0
2012,ALDS1,davisch02,BAL,AL,5,20,1,4,0,0,0,2,0,0.0,1,6.0,0.0,1.0,0.0,0.0,0.0
2012,ALDS1,flahery01,BAL,AL,3,8,1,2,0,0,1,1,0,0.0,0,1.0,0.0,0.0,0.0,0.0,0.0
2012,ALDS1,fordle01,BAL,AL,3,8,1,3,1,0,0,1,0,0.0,0,0.0,0.0,0.0,0.0,0.0,0.0
2012,ALDS1,gardnbr01,NYA,AL,2,0,0,0,0,0,0,0,0,0.0,0,0.0,0.0,0.0,0.0,0.0,0.0
2012,ALDS1,gonzami03,BAL,AL,1,0,0,0,0,0,0,0,0,0.0,0,0.0,0.0,0.0,0.0,0.0,0.0
2012,ALDS1,grandcu01,NYA,AL,5,19,1,3,0,0,1,1,1,0.0,1,9.0,1.0,0.0,0.0,0.0,0.0
2012,ALDS1,hammeja01,BAL,AL,2,0,0,0,0,0,0,0,0,0.0,0,0.0,0.0,0.0,0.0,0.0,0.0
2012,ALDS1,hardyjj01,BAL,AL,5,22,0,3,2,0,0,1,0,0.0,1,4.0,0.0,0.0,0.0,0.0,1.0
2012,ALDS1,hugheph01,NYA,AL,1,0,0,0,0,0,0,0,0,0.0,0,0.0,0.0,0.0,0.0,0.0,0.0
2012,ALDS1,hunteto02,BAL,AL,2,0,0,0,0,0,0,0,0,0.0,0,0.0,0.0,0.0,0.0,0.0,0.0
2012,ALDS1,ibanera01,NYA,AL,4,9,2,4,0,0,2,3,0,0.0,1,2.0,0.0,0.0,0.0,0.0,0.0
2012,ALDS1,jeterde01,NYA,AL,5,22,4,8,1,1,0,2,0,0.0,1,8.0,0.0,0.0,1.0,0.0,0.0
2012,ALDS1,johnsji04,BAL,AL,4,0,0,0,0,0,0,0,0,0.0,0,0.0,0.0,0.0,0.0,0.0,0.0
2012,ALDS1,jonesad01,BAL,AL,5,23,0,2,0,0,0,0,0,0.0,0,6.0,0.0,0.0,0.0,0.0,0.0
2012,ALDS1,kurodhi01,NYA,AL,1,0,0,0,0,0,0,0,0,0.0,0,0.0,0.0,0.0,0.0,0.0,0.0
2012,ALDS1,loganbo02,NYA,AL,2,0,0,0,0,0,0,0,0,0.0,0,0.0,0.0,0.0,0.0,0.0,0.0
2012,ALDS1,lowede01,NYA,AL,1,0,0,0,0,0,0,0,0,0.0,0,0.0,0.0,0.0,0.0,0.0,0.0
2012,ALDS1,machama01,BAL,AL,5,16,2,2,1,0,1,1,0,0.0,2,5.0,0.0,0.0,1.0,0.0,1.0
2012,ALDS1,martiru01,NYA,AL,5,17,2,3,1,0,1,1,0,0.0,3,2.0,0.0,0.0,0.0,0.0,0.0
2012,ALDS1,matusbr01,BAL,AL,5,0,0,0,0,0,0,0,0,0.0,0,0.0,0.0,0.0,0.0,0.0,0.0
2012,ALDS1,mclouna01,BAL,AL,5,22,2,7,1,0,1,3,2,1.0,1,3.0,0.0,0.0,0.0,0.0,0.0
2012,ALDS1,nixja01,NYA,AL,2,4,0,2,1,0,0,0,0,0.0,0,0.0,0.0,0.0,0.0,0.0,0.0
2012,ALDS1,nunezed02,NYA,AL,3,5,2,1,1,0,0,0,0,0.0,0,0.0,0.0,0.0,0.0,0.0,0.0
2012,ALDS1,odayda01,BAL,AL,4,0,0,0,0,0,0,0,0,0.0,0,0.0,0.0,0.0,0.0,0.0,0.0
2012,ALDS1,pattotr01,BAL,AL,3,0,0,0,0,0,0,0,0,0.0,0,0.0,0.0,0.0,0.0,0.0,0.0
2012,ALDS1,pettian01,NYA,AL,1,0,0,0,0,0,0,0,0,0.0,0,0.0,0.0,0.0,0.0,0.0,0.0
2012,ALDS1,phelpda01,NYA,AL,1,0,0,0,0,0,0,0,0,0.0,0,0.0,0.0,0.0,0.0,0.0,0.0
2012,ALDS1,rapadcl01,NYA,AL,1,0,0,0,0,0,0,0,0,0.0,0,0.0,0.0,0.0,0.0,0.0,0.0
2012,ALDS1,reynoma01,BAL,AL,5,19,0,3,0,0,0,1,0,0.0,1,8.0,0.0,1.0,0.0,0.0,1.0
2012,ALDS1,roberda08,NYA,AL,4,0,0,0,0,0,0,0,0,0.0,0,0.0,0.0,0.0,0.0,0.0,0.0
2012,ALDS1,rodrial01,NYA,AL,4,16,1,2,0,0,0,0,0,0.0,2,9.0,0.0,0.0,0.0,0.0,0.0
2012,ALDS1,sabatcc01,NYA,AL,2,0,0,0,0,0,0,0,0,0.0,0,0.0,0.0,0.0,0.0,0.0,0.0
2012,ALDS1,saundjo01,BAL,AL,1,0,0,0,0,0,0,0,0,0.0,0,0.0,0.0,0.0,0.0,0.0,0.0
2012,ALDS1,soriara01,NYA,AL,2,0,0,0,0,0,0,0,0,0.0,0,0.0,0.0,0.0,0.0,0.0,0.0
2012,ALDS1,stroppe01,BAL,AL,2,0,0,0,0,0,0,0,0,0.0,0,0.0,0.0,0.0,0.0,0.0,0.0
2012,ALDS1,suzukic01,NYA,AL,5,23,2,5,2,0,0,3,1,1.0,1,3.0,0.0,0.0,1.0,0.0,0.0
2012,ALDS1,swishni01,NYA,AL,5,18,0,2,0,0,0,1,0,0.0,2,5.0,0.0,0.0,0.0,1.0,2.0
2012,ALDS1,teixema01,NYA,AL,5,17,1,6,0,0,0,1,1,0.0,5,2.0,1.0,0.0,0.0,0.0,1.0
2012,ALDS1,thomeji01,BAL,AL,3,12,0,1,0,0,0,0,0,0.0,0,4.0,0.0,0.0,0.0,0.0,0.0
2012,ALDS1,wietema01,BAL,AL,5,20,2,3,1,0,0,0,0,0.0,2,2.0,0.0,0.0,0.0,0.0,0.0
2012,ALDS2,albural01,DET,AL,2,0,0,0,0,0,0,0,0,0.0,0,0.0,0.0,0.0,0.0,0.0,0.0
2012,ALDS2,anderbr04,OAK,AL,1,0,0,0,0,0,0,0,0,0.0,0,0.0,0.0,0.0,0.0,0.0,0.0
2012,ALDS2,avilaal01,DET,AL,4,12,2,3,1,0,1,1,0,0.0,0,6.0,0.0,0.0,0.0,0.0,0.0
2012,ALDS2,balfogr01,OAK,AL,2,0,0,0,0,0,0,0,0,0.0,0,0.0,0.0,0.0,0.0,0.0,0.0
2012,ALDS2,benoijo01,DET,AL,3,0,0,0,0,0,0,0,0,0.0,0,0.0,0.0,0.0,0.0,0.0,0.0
2012,ALDS2,berryqu01,DET,AL,4,10,1,3,1,0,0,0,1,0.0,1,3.0,0.0,0.0,1.0,0.0,0.0
2012,ALDS2,blevije01,OAK,AL,3,0,0,0,0,0,0,0,0,0.0,0,0.0,0.0,0.0,0.0,0.0,0.0
2012,ALDS2,cabremi01,DET,AL,5,20,1,5,2,0,0,1,0,0.0,1,1.0,0.0,1.0,0.0,0.0,1.0
2012,ALDS2,cespeyo01,OAK,AL,5,19,1,6,1,0,0,2,2,0.0,2,2.0,0.0,0.0,0.0,0.0,0.0
2012,ALDS2,cokeph01,DET,AL,3,0,0,0,0,0,0,0,0,0.0,0,0.0,0.0,0.0,0.0,0.0,0.0
2012,ALDS2,cookry01,OAK,AL,4,0,0,0,0,0,0,0,0,0.0,0,0.0,0.0,0.0,0.0,0.0,0.0
2012,ALDS2,crispco01,OAK,AL,5,22,3,4,0,0,1,2,0,0.0,0,2.0,0.0,0.0,0.0,0.0,0.0
2012,ALDS2,dirksan01,DET,AL,5,17,0,5,1,0,0,0,1,0.0,0,3.0,0.0,0.0,1.0,0.0,0.0
2012,ALDS2,donaljo02,OAK,AL,5,17,1,5,1,0,0,0,0,0.0,1,4.0,0.0,0.0,0.0,0.0,1.0
2012,ALDS2,doolise01,OAK,AL,3,0,0,0,0,0,0,0,0,0.0,0,0.0,0.0,0.0,0.0,0.0,0.0
2012,ALDS2,doteloc01,DET,AL,2,0,0,0,0,0,0,0,0,0.0,0,0.0,0.0,0.0,0.0,0.0,0.0
2012,ALDS2,drewst01,OAK,AL,5,19,0,4,2,0,0,1,0,0.0,2,7.0,0.0,0.0,0.0,0.0,0.0
2012,ALDS2,fieldpr01,DET,AL,5,21,1,4,0,0,1,2,0,0.0,1,2.0,1.0,0.0,0.0,0.0,2.0
2012,ALDS2,fistedo01,DET,AL,1,0,0,0,0,0,0,0,0,0.0,0,0.0,0.0,0.0,0.0,0.0,0.0
2012,ALDS2,garciav01,DET,AL,5,7,0,1,0,0,0,1,0,0.0,1,2.0,0.0,0.0,0.0,0.0,0.0
2012,ALDS2,gomesjo01,OAK,AL,1,1,0,0,0,0,0,0,0,0.0,0,0.0,0.0,0.0,0.0,0.0,0.0
2012,ALDS2,griffaj01,OAK,AL,1,0,0,0,0,0,0,0,0,0.0,0,0.0,0.0,0.0,0.0,0.0,0.0
2012,ALDS2,infanom01,DET,AL,5,17,6,6,1,0,0,0,1,0.0,1,6.0,0.0,0.0,1.0,0.0,1.0
2012,ALDS2,jacksau01,DET,AL,5,20,4,5,2,0,0,3,0,0.0,1,7.0,0.0,0.0,1.0,0.0,0.0
2012,ALDS2,kellydo01,DET,AL,1,0,1,0,0,0,0,1,0,0.0,0,0.0,0.0,0.0,0.0,1.0,0.0
2012,ALDS2,kottage01,OAK,AL,4,4,0,0,0,0,0,0,0,0.0,0,2.0,0.0,0.0,1.0,0.0,0.0
2012,ALDS2,lairdge01,DET,AL,2,5,0,0,0,0,0,0,0,0.0,0,3.0,0.0,1.0,0.0,0.0,0.0
2012,ALDS2,milonto01,OAK,AL,1,0,0,0,0,0,0,0,0,0.0,0,0.0,0.0,0.0,0.0,0.0,0.0
2012,ALDS2,mossbr01,OAK,AL,5,15,0,2,0,0,0,0,0,0.0,2,7.0,0.0,1.0,0.0,0.0,0.0
2012,ALDS2,neshepa01,OAK,AL,1,0,0,0,0,0,0,0,0,0.0,0,0.0,0.0,0.0,0.0,0.0,0.0
2012,ALDS2,norride01,OAK,AL,5,12,0,1,0,0,0,0,0,1.0,0,6.0,0.0,0.0,0.0,0.0,0.0
2012,ALDS2,parkeja02,OAK,AL,2,0,0,0,0,0,0,0,0,0.0,0,0.0,0.0,0.0,0.0,0.0,0.0
2012,ALDS2,pennicl01,OAK,AL,5,14,1,4,0,0,0,1,0,0.0,3,4.0,0.0,0.0,0.0,0.0,0.0
2012,ALDS2,peraljh01,DET,AL,5,17,1,5,0,0,0,0,1,0.0,1,3.0,0.0,0.0,0.0,0.0,1.0
2012,ALDS2,porceri01,DET,AL,1,0,0,0,0,0,0,0,0,0.0,0,0.0,0.0,0.0,0.0,0.0,0.0
2012,ALDS2,reddijo01,OAK,AL,5,17,2,2,0,0,1,1,0,0.0,1,10.0,0.0,0.0,0.0,0.0,1.0
2012,ALDS2,sanchan01,DET,AL,1,0,0,0,0,0,0,0,0,0.0,0,0.0,0.0,0.0,0.0,0.0,0.0
2012,ALDS2,scherma01,DET,AL,1,0,0,0,0,0,0,0,0,0.0,0,0.0,0.0,0.0,0.0,0.0,0.0
2012,ALDS2,scribev01,OAK,AL,1,0,0,0,0,0,0,0,0,0.0,0,0.0,0.0,0.0,0.0,0.0,0.0
2012,ALDS2,smithse01,OAK,AL,5,15,3,2,1,0,1,3,0,0.0,3,6.0,0.0,1.0,0.0,0.0,0.0
2012,ALDS2,valvejo01,DET,AL,2,0,0,0,0,0,0,0,0,0.0,0,0.0,0.0,0.0,0.0,0.0,0.0
2012,ALDS2,verlaju01,DET,AL,2,0,0,0,0,0,0,0,0,0.0,0,0.0,0.0,0.0,0.0,0.0,0.0
2012,ALDS2,worthda01,DET,AL,1,0,0,0,0,0,0,0,0,0.0,0,0.0,0.0,0.0,0.0,0.0,0.0
2012,ALDS2,youngde03,DET,AL,5,17,0,4,0,0,0,2,0,1.0,0,3.0,0.0,1.0,0.0,0.0,0.0
2012,ALWC,andinro01,BAL,AL,1,1,2,1,1,0,0,0,0,0.0,0,0.0,0.0,0.0,0.0,0.0,0.0
2012,ALWC,andruel01,TEX,AL,1,4,0,2,0,0,0,0,0,0.0,0,0.0,0.0,0.0,0.0,0.0,1.0
2012,ALWC,beltrad01,TEX,AL,1,4,0,0,0,0,0,0,0,0.0,0,0.0,0.0,0.0,0.0,0.0,0.0
2012,ALWC,chaveen01,BAL,AL,1,0,0,0,0,0,0,0,0,0.0,0,0.0,0.0,0.0,0.0,0.0,0.0
2012,ALWC,cruzne02,TEX,AL,1,4,0,2,0,0,0,0,0,0.0,0,0.0,0.0,0.0,0.0,0.0,0.0
2012,ALWC,darviyu01,TEX,AL,1,0,0,0,0,0,0,0,0,0.0,0,0.0,0.0,0.0,0.0,0.0,0.0
2012,ALWC,davisch02,BAL,AL,1,4,0,1,0,0,0,0,0,0.0,0,3.0,0.0,0.0,0.0,0.0,0.0
2012,ALWC,flahery01,BAL,AL,1,3,0,1,0,0,0,0,0,0.0,0,1.0,0.0,0.0,0.0,0.0,0.0
2012,ALWC,fordle01,BAL,AL,1,0,1,0,0,0,0,0,0,0.0,0,0.0,0.0,0.0,0.0,0.0,0.0
2012,ALWC,gentrcr01,TEX,AL,1,2,0,0,0,0,0,0,0,0.0,0,0.0,0.0,0.0,0.0,0.0,0.0
2012,ALWC,hamiljo03,TEX,AL,1,4,0,0,0,0,0,0,0,0.0,0,2.0,0.0,0.0,0.0,0.0,1.0
2012,ALWC,hardyjj01,BAL,AL,1,5,1,2,0,0,0,1,0,0.0,0,1.0,0.0,0.0,0.0,0.0,0.0
2012,ALWC,hollade01,TEX,AL,1,0,0,0,0,0,0,0,0,0.0,0,0.0,0.0,0.0,0.0,0.0,0.0
2012,ALWC,johnsji04,BAL,AL,1,0,0,0,0,0,0,0,0,0.0,0,0.0,0.0,0.0,0.0,0.0,0.0
2012,ALWC,jonesad01,BAL,AL,1,3,0,0,0,0,0,1,0,0.0,0,1.0,0.0,0.0,0.0,1.0,0.0
2012,ALWC,kinslia01,TEX,AL,1,3,1,2,0,0,0,0,0,0.0,1,0.0,0.0,0.0,0.0,0.0,1.0
2012,ALWC,machama01,BAL,AL,1,3,0,1,0,0,0,1,0,0.0,0,1.0,0.0,0.0,1.0,0.0,0.0
2012,ALWC,matusbr01,BAL,AL,1,0,0,0,0,0,0,0,0,0.0,0,0.0,0.0,0.0,0.0,0.0,0.0
2012,ALWC,mclouna01,BAL,AL,1,4,1,1,0,0,0,2,1,0.0,0,0.0,0.0,0.0,0.0,1.0,0.0
2012,ALWC,morelmi01,TEX,AL,1,1,0,0,0,0,0,0,0,0.0,0,1.0,0.0,0.0,0.0,0.0,0.0
2012,ALWC,murphda07,TEX,AL,1,2,0,0,0,0,0,0,0,0.0,0,0.0,0.0,0.0,0.0,0.0,0.0
2012,ALWC,napolmi01,TEX,AL,1,3,0,0,0,0,0,0,0,0.0,1,2.0,0.0,0.0,0.0,0.0,0.0
2012,ALWC,nathajo01,TEX,AL,1,0,0,0,0,0,0,0,0,0.0,0,0.0,0.0,0.0,0.0,0.0,0.0
2012,ALWC,odayda01,BAL,AL,1,0,0,0,0,0,0,0,0,0.0,0,0.0,0.0,0.0,0.0,0.0,0.0
2012,ALWC,profaju01,TEX,AL,1,1,0,1,0,0,0,0,0,0.0,0,0.0,0.0,0.0,0.0,0.0,0.0
2012,ALWC,reynoma01,BAL,AL,1,3,0,0,0,0,0,0,1,0.0,0,2.0,0.0,1.0,0.0,0.0,0.0
2012,ALWC,saundjo01,BAL,AL,1,0,0,0,0,0,0,0,0,0.0,0,0.0,0.0,0.0,0.0,0.0,0.0
2012,ALWC,sotoge01,TEX,AL,1,2,0,0,0,0,0,0,0,0.0,0,1.0,0.0,0.0,0.0,0.0,0.0
2012,ALWC,thomeji01,BAL,AL,1,3,0,1,0,0,0,0,0,0.0,1,1.0,0.0,0.0,0.0,0.0,0.0
2012,ALWC,ueharko01,TEX,AL,1,0,0,0,0,0,0,0,0,0.0,0,0.0,0.0,0.0,0.0,0.0,0.0
2012,ALWC,wietema01,BAL,AL,1,4,0,0,0,0,0,0,0,0.0,0,2.0,0.0,0.0,0.0,0.0,0.0
2012,ALWC,youngmi02,TEX,AL,1,4,0,2,0,0,0,0,0,0.0,0,0.0,0.0,0.0,0.0,0.0,0.0
2012,NLCS,affelje01,SFN,NL,5,0,0,0,0,0,0,0,0,0.0,0,0.0,0.0,0.0,0.0,0.0,0.0
2012,NLCS,ariasjo01,SFN,NL,4,2,0,0,0,0,0,0,0,0.0,0,0.0,0.0,0.0,0.0,0.0,0.0
2012,NLCS,beltbr01,SFN,NL,6,23,6,7,1,1,1,2,1,0.0,2,5.0,0.0,0.0,0.0,0.0,0.0
2012,NLCS,beltrca01,SLN,NL,6,20,2,6,3,0,1,2,2,0.0,2,3.0,0.0,0.0,0.0,0.0,1.0
2012,NLCS,blancgr01,SFN,NL,7,22,6,4,1,1,0,2,0,0.0,6,3.0,0.0,0.0,0.0,0.0,0.0
2012,NLCS,boggsmi01,SLN,NL,4,0,0,0,0,0,0,0,0,0.0,0,0.0,0.0,0.0,0.0,0.0,0.0
2012,NLCS,bumgama01,SFN,NL,1,1,0,0,0,0,0,0,0,0.0,0,1.0,0.0,0.0,0.0,0.0,0.0
2012,NLCS,cainma01,SFN,NL,2,5,0,2,0,0,0,1,0,0.0,0,3.0,0.0,0.0,1.0,0.0,0.0
2012,NLCS,carpech01,SLN,NL,2,2,0,1,1,0,0,1,0,0.0,0,1.0,0.0,0.0,0.0,0.0,0.0
2012,NLCS,carpema01,SLN,NL,3,9,3,3,1,0,1,2,0,0.0,3,2.0,0.0,0.0,0.0,0.0,0.0
2012,NLCS,chambad01,SLN,NL,4,2,0,0,0,0,0,0,0,0.0,1,0.0,0.0,0.0,0.0,0.0,0.0
2012,NLCS,craigal01,SLN,NL,7,24,1,3,1,0,0,2,0,0.0,1,6.0,0.0,1.0,0.0,1.0,0.0
2012,NLCS,crawfbr01,SFN,NL,7,23,2,5,1,0,0,5,0,0.0,3,7.0,1.0,0.0,0.0,0.0,0.0
2012,NLCS,cruzto03,SLN,NL,1,1,0,0,0,0,0,0,0,0.0,0,1.0,0.0,0.0,0.0,0.0,0.0
2012,NLCS,descada01,SLN,NL,7,25,2,5,1,0,0,0,1,0.0,1,7.0,1.0,0.0,0.0,0.0,0.0
2012,NLCS,freesda01,SLN,NL,7,26,2,5,2,0,1,2,0,0.0,1,7.0,0.0,0.0,0.0,0.0,1.0
2012,NLCS,garcija01,SFN,NL,4,0,0,0,0,0,0,0,0,0.0,0,0.0,0.0,0.0,0.0,0.0,0.0
2012,NLCS,hollima01,SLN,NL,6,25,1,5,0,0,0,2,1,0.0,0,4.0,0.0,1.0,0.0,0.0,0.0
2012,NLCS,huffau01,SFN,NL,6,5,1,1,0,0,0,0,0,0.0,1,1.0,0.0,0.0,0.0,0.0,1.0
2012,NLCS,jayjo02,SLN,NL,7,29,3,6,1,0,0,3,0,0.0,1,5.0,0.0,1.0,0.0,0.0,0.0
2012,NLCS,kellyjo05,SLN,NL,4,0,0,0,0,0,0,0,0,0.0,0,0.0,0.0,0.0,0.0,0.0,0.0
2012,NLCS,kontoge01,SFN,NL,3,0,0,0,0,0,0,0,0,0.0,0,0.0,0.0,0.0,0.0,0.0,0.0
2012,NLCS,kozmape01,SLN,NL,7,22,3,5,1,0,0,2,1,1.0,3,7.0,1.0,0.0,0.0,0.0,0.0
2012,NLCS,linceti01,SFN,NL,2,1,0,0,0,0,0,0,0,0.0,0,1.0,0.0,0.0,0.0,0.0,0.0
2012,NLCS,lohseky01,SLN,NL,2,3,0,0,0,0,0,0,0,0.0,0,0.0,0.0,0.0,0.0,0.0,0.0
2012,NLCS,lopezja02,SFN,NL,3,0,0,0,0,0,0,0,0,0.0,0,0.0,0.0,0.0,0.0,0.0,0.0
2012,NLCS,lynnla01,SLN,NL,2,2,0,0,0,0,0,0,0,0.0,1,1.0,0.0,0.0,0.0,0.0,1.0
2012,NLCS,mijarjo01,SFN,NL,3,0,0,0,0,0,0,0,0,0.0,0,0.0,0.0,0.0,0.0,0.0,0.0
2012,NLCS,millesh01,SLN,NL,2,0,0,0,0,0,0,0,0,0.0,0,0.0,0.0,0.0,0.0,0.0,0.0
2012,NLCS,molinya01,SLN,NL,7,28,2,11,1,0,0,2,0,0.0,0,1.0,0.0,0.0,0.0,0.0,0.0
2012,NLCS,motagu01,SFN,NL,1,0,0,0,0,0,0,0,0,0.0,0,0.0,0.0,0.0,0.0,0.0,0.0
2012,NLCS,motteja01,SLN,NL,3,0,0,0,0,0,0,0,0,0.0,0,0.0,0.0,0.0,0.0,0.0,0.0
2012,NLCS,mujiced01,SLN,NL,5,0,0,0,0,0,0,0,0,0.0,0,0.0,0.0,0.0,0.0,0.0,0.0
2012,NLCS,paganan01,SFN,NL,7,33,4,8,0,1,1,2,0,0.0,1,5.0,0.0,0.0,0.0,0.0,0.0
2012,NLCS,pencehu01,SFN,NL,7,28,4,5,1,0,1,4,0,0.0,1,8.0,0.0,0.0,0.0,0.0,1.0
2012,NLCS,poseybu01,SFN,NL,7,26,1,4,0,0,0,1,0,0.0,4,6.0,1.0,0.0,0.0,0.0,0.0
2012,NLCS,robinsh01,SLN,NL,6,6,0,0,0,0,0,1,0,0.0,0,2.0,0.0,0.0,0.0,0.0,0.0
2012,NLCS,romose01,SFN,NL,4,0,0,0,0,0,0,0,0,0.0,0,0.0,0.0,0.0,0.0,0.0,0.0
2012,NLCS,rosentr01,SLN,NL,4,0,0,0,0,0,0,0,0,0.0,0,0.0,0.0,0.0,0.0,0.0,0.0
2012,NLCS,rzepcma01,SLN,NL,3,0,0,0,0,0,0,0,0,0.0,0,0.0,0.0,0.0,0.0,0.0,0.0
2012,NLCS,salasfe01,SLN,NL,4,0,0,0,0,0,0,0,0,0.0,0,0.0,0.0,0.0,0.0,0.0,0.0
2012,NLCS,sanchhe01,SFN,NL,2,5,0,0,0,0,0,0,0,0.0,0,3.0,0.0,0.0,0.0,0.0,0.0
2012,NLCS,sandopa01,SFN,NL,7,29,4,9,2,0,2,6,0,0.0,2,4.0,0.0,0.0,0.0,0.0,1.0
2012,NLCS,schumsk01,SLN,NL,5,5,0,0,0,0,0,0,0,0.0,0,2.0,0.0,0.0,0.0,0.0,0.0
2012,NLCS,scutama01,SFN,NL,7,28,6,14,3,0,0,4,0,0.0,2,1.0,0.0,0.0,0.0,0.0,0.0
2012,NLCS,theriry01,SFN,NL,3,3,0,2,0,0,0,3,0,0.0,1,0.0,0.0,0.0,0.0,0.0,0.0
2012,NLCS,vogelry01,SFN,NL,2,5,1,1,1,0,0,1,0,0.0,0,2.0,0.0,0.0,1.0,0.0,0.0
2012,NLCS,wainwad01,SLN,NL,1,1,0,0,0,0,0,0,0,0.0,1,0.0,0.0,0.0,1.0,0.0,0.0
2012,NLCS,zitoba01,SFN,NL,1,2,0,1,0,0,0,1,0,0.0,0,1.0,0.0,0.0,1.0,0.0,0.0
2012,NLDS1,beltrca01,SLN,NL,5,18,5,8,3,0,2,4,1,0.0,5,1.0,0.0,0.0,0.0,1.0,0.0
2012,NLDS1,bernaro01,WAS,NL,4,2,0,0,0,0,0,0,0,0.0,2,1.0,0.0,0.0,0.0,0.0,0.0
2012,NLDS1,boggsmi01,SLN,NL,4,0,0,0,0,0,0,0,0,0.0,0,0.0,0.0,0.0,0.0,0.0,0.0
2012,NLDS1,burnese01,WAS,NL,2,0,0,0,0,0,0,0,0,0.0,0,0.0,0.0,0.0,0.0,0.0,0.0
2012,NLDS1,carpech01,SLN,NL,1,3,0,2,1,0,0,0,0,0.0,0,1.0,0.0,0.0,0.0,0.0,0.0
2012,NLDS1,carpema01,SLN,NL,5,4,0,0,0,0,0,0,0,0.0,0,3.0,0.0,0.0,0.0,0.0,0.0
2012,NLDS1,chambad01,SLN,NL,2,0,1,0,0,0,0,0,0,0.0,0,0.0,0.0,0.0,0.0,0.0,0.0
2012,NLDS1,clippty01,WAS,NL,3,0,0,0,0,0,0,0,0,0.0,0,0.0,0.0,0.0,0.0,0.0,0.0
2012,NLDS1,craigal01,SLN,NL,5,19,2,6,2,0,1,3,0,0.0,4,6.0,1.0,0.0,0.0,0.0,0.0
2012,NLDS1,cruzto03,SLN,NL,1,0,0,0,0,0,0,0,0,0.0,0,0.0,0.0,0.0,0.0,0.0,0.0
2012,NLDS1,descada01,SLN,NL,5,19,7,6,1,0,2,6,1,0.0,1,5.0,0.0,0.0,1.0,1.0,1.0
2012,NLDS1,desmoia01,WAS,NL,5,19,2,7,1,0,0,0,0,0.0,0,3.0,0.0,0.0,0.0,0.0,0.0
2012,NLDS1,detwiro01,WAS,NL,1,1,0,0,0,0,0,0,0,0.0,0,1.0,0.0,0.0,0.0,0.0,0.0
2012,NLDS1,espinda01,WAS,NL,5,15,0,1,0,0,0,0,0,0.0,2,7.0,0.0,0.0,2.0,0.0,0.0
2012,NLDS1,freesda01,SLN,NL,5,19,3,8,3,0,0,1,0,1.0,3,5.0,1.0,0.0,0.0,0.0,0.0
2012,NLDS1,garcich02,WAS,NL,2,0,0,0,0,0,0,0,0,0.0,0,0.0,0.0,0.0,0.0,0.0,0.0
2012,NLDS1,garcija02,SLN,NL,1,0,0,0,0,0,0,0,0,0.0,0,0.0,0.0,0.0,0.0,0.0,0.0
2012,NLDS1,gonzagi01,WAS,NL,2,3,0,0,0,0,0,0,0,0.0,1,2.0,0.0,0.0,0.0,0.0,0.0
2012,NLDS1,gonzami02,WAS,NL,1,0,0,0,0,0,0,0,0,0.0,0,0.0,0.0,0.0,0.0,0.0,0.0
2012,NLDS1,gorzeto01,WAS,NL,1,0,0,0,0,0,0,0,0,0.0,0,0.0,0.0,0.0,0.0,0.0,0.0
2012,NLDS1,harpebr03,WAS,NL,5,23,2,3,1,1,1,2,0,0.0,0,8.0,0.0,0.0,0.0,0.0,0.0
2012,NLDS1,hollima01,SLN,NL,5,21,2,4,1,0,0,4,0,0.0,2,6.0,0.0,1.0,0.0,0.0,0.0
2012,NLDS1,jacksed01,WAS,NL,2,1,0,0,0,0,0,0,0,0.0,0,0.0,0.0,0.0,0.0,0.0,0.0
2012,NLDS1,jayjo02,SLN,NL,5,20,4,4,0,1,0,4,2,0.0,2,5.0,0.0,0.0,1.0,1.0,1.0
2012,NLDS1,kellyjo05,SLN,NL,3,0,0,0,0,0,0,0,0,0.0,0,0.0,0.0,0.0,0.0,0.0,0.0
2012,NLDS1,kozmape01,SLN,NL,5,16,4,4,1,0,1,5,0,0.0,5,5.0,0.0,1.0,0.0,0.0,1.0
2012,NLDS1,larocad01,WAS,NL,5,17,4,3,0,0,2,2,0,0.0,4,3.0,0.0,0.0,0.0,0.0,0.0
2012,NLDS1,lohseky01,SLN,NL,1,2,0,0,0,0,0,0,0,0.0,0,1.0,0.0,0.0,1.0,0.0,0.0
2012,NLDS1,lombast02,WAS,NL,3,3,0,1,0,0,0,0,0,0.0,0,0.0,0.0,0.0,0.0,0.0,0.0
2012,NLDS1,lynnla01,SLN,NL,3,0,0,0,0,0,0,0,0,0.0,0,0.0,0.0,0.0,1.0,0.0,0.0
2012,NLDS1,matthry01,WAS,NL,3,0,0,0,0,0,0,0,0,0.0,0,0.0,0.0,0.0,0.0,0.0,0.0
2012,NLDS1,molinya01,SLN,NL,5,17,3,2,0,0,0,1,0,0.0,5,1.0,0.0,1.0,0.0,0.0,2.0
2012,NLDS1,moorety01,WAS,NL,1,1,0,1,0,0,0,2,0,0.0,0,0.0,0.0,0.0,0.0,0.0,0.0
2012,NLDS1,morsemi01,WAS,NL,5,19,2,5,0,0,1,2,0,0.0,0,4.0,0.0,0.0,0.0,0.0,1.0
2012,NLDS1,motteja01,SLN,NL,2,1,0,0,0,0,0,0,0,0.0,0,1.0,0.0,0.0,0.0,0.0,0.0
2012,NLDS1,mujiced01,SLN,NL,3,0,0,0,0,0,0,0,0,0.0,0,0.0,0.0,0.0,0.0,0.0,0.0
2012,NLDS1,robinsh01,SLN,NL,3,1,1,0,0,0,0,0,0,0.0,1,0.0,0.0,0.0,0.0,0.0,0.0
2012,NLDS1,rosentr01,SLN,NL,3,0,0,0,0,0,0,0,0,0.0,0,0.0,0.0,0.0,0.0,0.0,0.0
2012,NLDS1,rzepcma01,SLN,NL,1,0,0,0,0,0,0,0,0,0.0,0,0.0,0.0,0.0,0.0,0.0,0.0
2012,NLDS1,salasfe01,SLN,NL,1,0,0,0,0,0,0,0,0,0.0,0,0.0,0.0,0.0,0.0,0.0,0.0
2012,NLDS1,schumsk01,SLN,NL,4,4,0,0,0,0,0,1,0,0.0,0,1.0,0.0,0.0,0.0,0.0,0.0
2012,NLDS1,stammcr01,WAS,NL,4,0,0,0,0,0,0,0,0,0.0,0,0.0,0.0,0.0,0.0,0.0,0.0
2012,NLDS1,storedr01,WAS,NL,4,0,0,0,0,0,0,0,0,0.0,0,0.0,0.0,0.0,0.0,0.0,0.0
2012,NLDS1,suzukku01,WAS,NL,5,17,0,4,0,0,0,2,0,0.0,2,4.0,0.0,0.0,0.0,0.0,0.0
2012,NLDS1,tracych01,WAS,NL,5,4,0,0,0,0,0,0,0,0.0,0,1.0,0.0,0.0,0.0,0.0,0.0
2012,NLDS1,wainwad01,SLN,NL,2,2,0,0,0,0,0,0,0,0.0,1,2.0,0.0,0.0,0.0,0.0,0.0
2012,NLDS1,werthja01,WAS,NL,5,21,3,5,1,0,1,1,0,0.0,3,6.0,0.0,0.0,0.0,0.0,0.0
2012,NLDS1,zimmejo02,WAS,NL,2,1,0,1,0,0,0,1,0,0.0,0,0.0,0.0,0.0,0.0,0.0,0.0
2012,NLDS1,zimmery01,WAS,NL,5,21,3,8,1,0,2,4,0,0.0,0,6.0,0.0,0.0,0.0,1.0,0.0
2012,NLDS2,affelje01,SFN,NL,3,0,0,0,0,0,0,0,0,0.0,0,0.0,0.0,0.0,0.0,0.0,0.0
2012,NLDS2,ariasjo01,SFN,NL,4,6,3,3,2,0,0,0,0,0.0,0,1.0,0.0,0.0,0.0,0.0,0.0
2012,NLDS2,arredjo01,CIN,NL,2,0,0,0,0,0,0,0,0,0.0,0,0.0,0.0,0.0,0.0,0.0,0.0
2012,NLDS2,arroybr01,CIN,NL,1,4,0,0,0,0,0,0,0,0.0,0,2.0,0.0,0.0,0.0,0.0,0.0
2012,NLDS2,baileho02,CIN,NL,2,3,0,0,0,0,0,0,0,0.0,0,2.0,0.0,0.0,0.0,0.0,0.0
2012,NLDS2,beltbr01,SFN,NL,5,13,0,1,0,0,0,0,0,0.0,2,7.0,0.0,0.0,0.0,0.0,0.0
2012,NLDS2,blancgr01,SFN,NL,5,14,3,4,1,0,1,2,0,0.0,1,5.0,0.0,1.0,0.0,0.0,0.0
2012,NLDS2,broxtjo01,CIN,NL,3,0,0,0,0,0,0,0,0,0.0,0,0.0,0.0,0.0,0.0,0.0,0.0
2012,NLDS2,bruceja01,CIN,NL,5,19,2,5,2,0,1,4,0,1.0,2,2.0,0.0,1.0,0.0,0.0,0.0
2012,NLDS2,bumgama01,SFN,NL,1,1,0,0,0,0,0,0,0,0.0,0,1.0,0.0,0.0,0.0,0.0,0.0
2012,NLDS2,cainma01,SFN,NL,2,4,0,0,0,0,0,0,0,0.0,0,2.0,0.0,0.0,0.0,0.0,0.0
2012,NLDS2,cairomi01,CIN,NL,3,2,0,0,0,0,0,0,0,0.0,0,0.0,0.0,0.0,0.0,0.0,0.0
2012,NLDS2,chapmar01,CIN,NL,3,0,0,0,0,0,0,0,0,0.0,0,0.0,0.0,0.0,0.0,0.0,0.0
2012,NLDS2,cozarza01,CIN,NL,5,21,2,5,0,0,0,0,0,0.0,2,5.0,0.0,1.0,0.0,0.0,0.0
2012,NLDS2,crawfbr01,SFN,NL,5,11,1,2,0,1,0,1,0,0.0,3,4.0,1.0,0.0,0.0,0.0,0.0
2012,NLDS2,cuetojo01,CIN,NL,1,0,0,0,0,0,0,0,0,0.0,0,0.0,0.0,0.0,0.0,0.0,0.0
2012,NLDS2,frazito01,CIN,NL,4,6,0,1,0,0,0,1,0,0.0,1,2.0,0.0,0.0,0.0,0.0,0.0
2012,NLDS2,garcija01,SFN,NL,5,0,0,0,0,0,0,0,0,0.0,0,0.0,0.0,0.0,0.0,0.0,0.0
2012,NLDS2,hanigry01,CIN,NL,4,15,3,3,0,0,0,3,0,0.0,0,3.0,0.0,1.0,0.0,0.0,1.0
2012,NLDS2,heisech01,CIN,NL,4,3,1,0,0,0,0,0,0,0.0,0,1.0,0.0,0.0,0.0,0.0,0.0
2012,NLDS2,hoovejj01,CIN,NL,2,0,0,0,0,0,0,0,0,0.0,0,0.0,0.0,0.0,0.0,0.0,0.0
2012,NLDS2,huffau01,SFN,NL,3,3,0,0,0,0,0,0,0,0.0,0,1.0,0.0,0.0,0.0,0.0,0.0
2012,NLDS2,kontoge01,SFN,NL,4,0,0,0,0,0,0,0,0,0.0,0,0.0,0.0,0.0,0.0,0.0,0.0
2012,NLDS2,latosma01,CIN,NL,2,2,0,0,0,0,0,0,0,0.0,0,1.0,0.0,0.0,0.0,0.0,0.0
2012,NLDS2,leakemi01,CIN,NL,1,2,0,1,0,0,0,0,0,0.0,0,1.0,0.0,0.0,0.0,0.0,0.0
2012,NLDS2,lecursa01,CIN,NL,3,0,0,0,0,0,0,0,0,0.0,0,0.0,0.0,0.0,0.0,0.0,0.0
2012,NLDS2,linceti01,SFN,NL,2,2,0,0,0,0,0,0,0,0.0,0,1.0,0.0,0.0,0.0,0.0,1.0
2012,NLDS2,lopezja02,SFN,NL,2,0,0,0,0,0,0,0,0,0.0,0,0.0,0.0,0.0,0.0,0.0,0.0
2012,NLDS2,ludwiry01,CIN,NL,5,18,4,6,0,0,3,4,0,0.0,4,5.0,1.0,0.0,0.0,0.0,2.0
2012,NLDS2,marshse01,CIN,NL,3,0,0,0,0,0,0,0,0,0.0,0,0.0,0.0,0.0,0.0,0.0,0.0
2012,NLDS2,mijarjo01,SFN,NL,2,0,0,0,0,0,0,0,0,0.0,0,0.0,0.0,0.0,0.0,0.0,0.0
2012,NLDS2,motagu01,SFN,NL,2,0,0,0,0,0,0,0,0,0.0,0,0.0,0.0,0.0,0.0,0.0,0.0
2012,NLDS2,nadyxa01,SFN,NL,4,5,0,0,0,0,0,0,0,0.0,1,3.0,0.0,0.0,0.0,0.0,0.0
2012,NLDS2,navardi01,CIN,NL,2,4,0,1,0,0,0,0,0,0.0,1,2.0,0.0,0.0,0.0,0.0,0.0
2012,NLDS2,paganan01,SFN,NL,5,20,3,3,1,0,1,4,0,1.0,2,3.0,0.0,0.0,0.0,1.0,0.0
2012,NLDS2,paulxa01,CIN,NL,3,3,1,1,0,0,0,0,0,0.0,0,1.0,0.0,0.0,0.0,0.0,0.0
2012,NLDS2,pencehu01,SFN,NL,5,20,0,4,0,0,0,0,1,0.0,0,3.0,0.0,0.0,0.0,0.0,1.0
2012,NLDS2,phillbr01,CIN,NL,5,24,1,9,3,0,1,7,1,0.0,0,4.0,0.0,0.0,0.0,1.0,0.0
2012,NLDS2,poseybu01,SFN,NL,5,19,3,4,0,0,2,5,0,0.0,3,4.0,0.0,0.0,0.0,0.0,0.0
2012,NLDS2,rolensc01,CIN,NL,4,16,1,4,0,0,0,1,0,0.0,1,4.0,0.0,0.0,0.0,0.0,0.0
2012,NLDS2,romose01,SFN,NL,3,1,0,0,0,0,0,0,0,0.0,0,1.0,0.0,0.0,0.0,0.0,0.0
2012,NLDS2,sanchhe01,SFN,NL,1,2,1,1,0,0,0,0,0,0.0,2,1.0,0.0,0.0,0.0,0.0,0.0
2012,NLDS2,sandopa01,SFN,NL,5,21,2,7,2,0,1,3,0,0.0,0,2.0,0.0,0.0,0.0,1.0,0.0
2012,NLDS2,scutama01,SFN,NL,5,20,2,3,1,0,0,1,0,0.0,2,0.0,0.0,0.0,1.0,0.0,0.0
2012,NLDS2,simonal01,CIN,NL,1,0,0,0,0,0,0,0,0,0.0,0,0.0,0.0,0.0,0.0,0.0,0.0
2012,NLDS2,stubbdr01,CIN,NL,5,19,4,4,1,1,0,1,0,0.0,0,3.0,0.0,0.0,0.0,0.0,0.0
2012,NLDS2,theriry01,SFN,NL,2,2,0,0,0,0,0,0,0,0.0,0,0.0,0.0,0.0,0.0,0.0,0.0
2012,NLDS2,valdewi01,CIN,NL,2,1,0,0,0,0,0,0,0,0.0,0,0.0,0.0,0.0,0.0,0.0,0.0
2012,NLDS2,vogelry01,SFN,NL,1,0,0,0,0,0,0,0,0,0.0,0,0.0,0.0,0.0,1.0,0.0,0.0
2012,NLDS2,vottojo01,CIN,NL,5,18,3,7,0,0,0,0,0,0.0,4,5.0,0.0,0.0,0.0,0.0,0.0
2012,NLDS2,zitoba01,SFN,NL,1,1,0,0,0,0,0,0,0,0.0,0,0.0,0.0,0.0,0.0,0.0,0.0
2012,NLWC,beltrca01,SLN,NL,1,4,1,1,0,0,0,0,0,0.0,0,1.0,0.0,0.0,0.0,0.0,0.0
2012,NLWC,boggsmi01,SLN,NL,1,0,0,0,0,0,0,0,0,0.0,0,0.0,0.0,0.0,0.0,0.0,0.0
2012,NLWC,bournmi01,ATL,NL,1,5,0,1,0,0,0,1,0,0.0,0,2.0,0.0,0.0,0.0,0.0,0.0
2012,NLWC,carpema01,SLN,NL,1,1,0,1,0,0,0,1,0,0.0,0,0.0,0.0,0.0,0.0,0.0,0.0
2012,NLWC,chambad01,SLN,NL,1,0,1,0,0,0,0,0,0,0.0,0,0.0,0.0,0.0,0.0,0.0,0.0
2012,NLWC,constjo01,ATL,NL,1,1,1,1,0,1,0,0,0,0.0,0,0.0,0.0,0.0,0.0,0.0,0.0
2012,NLWC,craigal01,SLN,NL,1,4,1,2,1,0,0,1,0,0.0,0,0.0,0.0,0.0,0.0,0.0,0.0
2012,NLWC,descada01,SLN,NL,1,3,0,0,0,0,0,0,0,0.0,0,0.0,0.0,0.0,1.0,0.0,0.0
2012,NLWC,durbich01,ATL,NL,1,0,0,0,0,0,0,0,0,0.0,0,0.0,0.0,0.0,0.0,0.0,0.0
2012,NLWC,freemfr01,ATL,NL,1,4,0,3,1,0,0,0,0,0.0,1,1.0,0.0,0.0,0.0,0.0,0.0
2012,NLWC,freesda01,SLN,NL,1,2,0,0,0,0,0,1,0,0.0,0,1.0,0.0,0.0,0.0,1.0,0.0
2012,NLWC,heywaja01,ATL,NL,1,5,0,1,1,0,0,0,0,0.0,0,1.0,0.0,0.0,0.0,0.0,0.0
2012,NLWC,hollima01,SLN,NL,1,3,2,2,0,0,1,1,0,0.0,0,0.0,0.0,1.0,0.0,0.0,0.0
2012,NLWC,jayjo02,SLN,NL,1,4,0,0,0,0,0,0,0,0.0,0,1.0,0.0,0.0,0.0,0.0,1.0
2012,NLWC,jonesch06,ATL,NL,1,5,0,1,0,0,0,0,0,0.0,0,1.0,0.0,0.0,0.0,0.0,0.0
2012,NLWC,kimbrcr01,ATL,NL,1,0,0,0,0,0,0,0,0,0.0,0,0.0,0.0,0.0,0.0,0.0,0.0
2012,NLWC,kozmape01,SLN,NL,1,4,1,0,0,0,0,0,0,0.0,0,2.0,0.0,0.0,0.0,0.0,0.0
2012,NLWC,lohseky01,SLN,NL,1,2,0,0,0,0,0,0,0,0.0,0,0.0,0.0,0.0,0.0,0.0,0.0
2012,NLWC,lynnla01,SLN,NL,1,0,0,0,0,0,0,0,0,0.0,0,0.0,0.0,0.0,0.0,0.0,0.0
2012,NLWC,mccanbr01,ATL,NL,1,0,0,0,0,0,0,0,0,0.0,1,0.0,0.0,0.0,0.0,0.0,0.0
2012,NLWC,medlekr01,ATL,NL,1,2,0,0,0,0,0,0,0,0.0,0,1.0,0.0,0.0,0.0,0.0,0.0
2012,NLWC,molinya01,SLN,NL,1,4,0,0,0,0,0,1,0,0.0,0,0.0,0.0,0.0,0.0,0.0,1.0
2012,NLWC,motteja01,SLN,NL,1,0,0,0,0,0,0,0,0,0.0,0,0.0,0.0,0.0,0.0,0.0,0.0
2012,NLWC,mujiced01,SLN,NL,1,0,0,0,0,0,0,0,0,0.0,0,0.0,0.0,0.0,0.0,0.0,0.0
2012,NLWC,oflaher01,ATL,NL,1,0,0,0,0,0,0,0,0,0.0,0,0.0,0.0,0.0,0.0,0.0,0.0
2012,NLWC,pastoty01,ATL,NL,1,0,0,0,0,0,0,0,0,0.0,0,0.0,0.0,0.0,0.0,0.0,0.0
2012,NLWC,pradoma01,ATL,NL,1,5,0,1,0,0,0,0,0,0.0,0,1.0,0.0,0.0,0.0,0.0,0.0
2012,NLWC,robinsh01,SLN,NL,1,1,0,0,0,0,0,0,0,0.0,0,0.0,0.0,0.0,0.0,0.0,0.0
2012,NLWC,rossda01,ATL,NL,1,4,1,3,0,0,1,2,0,0.0,0,0.0,0.0,0.0,0.0,0.0,0.0
2012,NLWC,rzepcma01,SLN,NL,1,0,0,0,0,0,0,0,0,0.0,0,0.0,0.0,0.0,0.0,0.0,0.0
2012,NLWC,simmoan01,ATL,NL,1,4,0,1,0,0,0,0,0,0.0,0,0.0,0.0,0.0,0.0,0.0,0.0
2012,NLWC,ugglada01,ATL,NL,1,4,1,0,0,0,0,0,0,0.0,1,0.0,0.0,0.0,0.0,0.0,0.0
2012,NLWC,ventejo01,ATL,NL,1,0,0,0,0,0,0,0,0,0.0,0,0.0,0.0,0.0,0.0,0.0,0.0
2012,WS,affelje01,SFN,NL,2,0,0,0,0,0,0,0,0,0.0,0,0.0,0.0,0.0,0.0,0.0,0.0
2012,WS,albural01,DET,AL,1,0,0,0,0,0,0,0,0,0.0,0,0.0,0.0,0.0,0.0,0.0,0.0
2012,WS,ariasjo01,SFN,NL,4,0,0,0,0,0,0,0,0,0.0,0,0.0,0.0,0.0,0.0,0.0,0.0
2012,WS,avilaal01,DET,AL,2,7,0,1,0,0,0,0,0,0.0,1,2.0,0.0,0.0,0.0,0.0,0.0
2012,WS,beltbr01,SFN,NL,4,13,1,1,0,1,0,1,0,1.0,3,7.0,0.0,0.0,0.0,0.0,0.0
2012,WS,benoijo01,DET,AL,2,0,0,0,0,0,0,0,0,0.0,0,0.0,0.0,0.0,0.0,0.0,0.0
2012,WS,berryqu01,DET,AL,4,8,0,0,0,0,0,0,0,0.0,1,2.0,0.0,0.0,0.0,0.0,1.0
2012,WS,blancgr01,SFN,NL,4,15,1,4,0,1,0,1,0,0.0,0,6.0,0.0,0.0,0.0,0.0,0.0
2012,WS,bumgama01,SFN,NL,1,2,0,0,0,0,0,0,0,0.0,0,1.0,0.0,0.0,0.0,0.0,0.0
2012,WS,cabremi01,DET,AL,4,13,1,3,0,0,1,3,0,0.0,3,4.0,0.0,0.0,0.0,0.0,0.0
2012,WS,cainma01,SFN,NL,1,0,0,0,0,0,0,0,0,0.0,0,0.0,0.0,0.0,0.0,0.0,0.0
2012,WS,cokeph01,DET,AL,3,0,0,0,0,0,0,0,0,0.0,0,0.0,0.0,0.0,0.0,0.0,0.0
2012,WS,crawfbr01,SFN,NL,4,12,0,3,0,0,0,1,1,0.0,1,1.0,0.0,0.0,1.0,0.0,1.0
2012,WS,dirksan01,DET,AL,4,9,0,1,0,0,0,0,0,0.0,1,2.0,0.0,0.0,0.0,0.0,0.0
2012,WS,doteloc01,DET,AL,2,0,0,0,0,0,0,0,0,0.0,0,0.0,0.0,0.0,0.0,0.0,0.0
2012,WS,fieldpr01,DET,AL,4,14,0,1,0,0,0,0,0,0.0,0,4.0,0.0,1.0,0.0,0.0,2.0
2012,WS,fistedo01,DET,AL,1,2,0,0,0,0,0,0,0,0.0,0,1.0,0.0,0.0,0.0,0.0,0.0
2012,WS,garciav01,DET,AL,3,5,0,0,0,0,0,0,0,0.0,1,2.0,0.0,0.0,0.0,0.0,0.0
2012,WS,garcija01,SFN,NL,2,0,0,0,0,0,0,0,0,0.0,0,0.0,0.0,0.0,0.0,0.0,0.0
2012,WS,huffau01,SFN,NL,1,1,0,0,0,0,0,0,0,0.0,0,0.0,0.0,0.0,0.0,0.0,0.0
2012,WS,infanom01,DET,AL,4,15,0,5,0,0,0,0,0,1.0,0,4.0,0.0,1.0,0.0,0.0,0.0
2012,WS,jacksau01,DET,AL,4,13,2,3,1,0,0,0,0,0.0,4,6.0,0.0,0.0,0.0,0.0,0.0
2012,WS,kellydo01,DET,AL,2,1,0,0,0,0,0,0,0,0.0,0,1.0,0.0,0.0,0.0,0.0,0.0
2012,WS,kontoge01,SFN,NL,1,0,0,0,0,0,0,0,0,0.0,0,0.0,0.0,0.0,0.0,0.0,0.0
2012,WS,lairdge01,DET,AL,2,7,0,0,0,0,0,0,0,0.0,0,1.0,0.0,0.0,0.0,0.0,0.0
2012,WS,linceti01,SFN,NL,2,1,0,0,0,0,0,0,0,0.0,0,1.0,0.0,0.0,0.0,0.0,0.0
2012,WS,mijarjo01,SFN,NL,1,0,0,0,0,0,0,0,0,0.0,0,0.0,0.0,0.0,0.0,0.0,0.0
2012,WS,paganan01,SFN,NL,4,16,3,2,2,0,0,0,1,0.0,1,4.0,0.0,0.0,0.0,0.0,0.0
2012,WS,pencehu01,SFN,NL,4,14,3,4,1,0,0,1,1,0.0,1,6.0,0.0,0.0,0.0,1.0,0.0
2012,WS,peraljh01,DET,AL,4,15,1,1,0,0,1,2,0,0.0,0,3.0,0.0,0.0,0.0,0.0,0.0
2012,WS,porceri01,DET,AL,1,0,0,0,0,0,0,0,0,0.0,0,0.0,0.0,0.0,0.0,0.0,0.0
2012,WS,poseybu01,SFN,NL,4,15,1,4,0,0,1,3,0,0.0,1,5.0,0.0,0.0,0.0,0.0,0.0
2012,WS,romose01,SFN,NL,3,0,0,0,0,0,0,0,0,0.0,0,0.0,0.0,0.0,0.0,0.0,0.0
2012,WS,sanchan01,DET,AL,1,0,0,0,0,0,0,0,0,0.0,0,0.0,0.0,0.0,0.0,0.0,0.0
2012,WS,sanchhe01,SFN,NL,1,4,0,0,0,0,0,0,0,0.0,0,3.0,0.0,0.0,0.0,0.0,0.0
2012,WS,sandopa01,SFN,NL,4,16,3,8,1,0,3,4,0,0.0,1,2.0,1.0,0.0,0.0,0.0,1.0
2012,WS,santira01,DET,AL,1,1,0,0,0,0,0,0,0,0.0,0,0.0,0.0,0.0,0.0,0.0,0.0
2012,WS,scherma01,DET,AL,1,0,0,0,0,0,0,0,0,0.0,0,0.0,0.0,0.0,0.0,0.0,0.0
2012,WS,scutama01,SFN,NL,4,16,3,4,0,0,0,3,0,0.0,1,2.0,0.0,0.0,0.0,0.0,0.0
2012,WS,smylydr01,DET,AL,2,0,0,0,0,0,0,0,0,0.0,0,0.0,0.0,0.0,0.0,0.0,0.0
2012,WS,theriry01,SFN,NL,2,5,1,1,0,0,0,0,0,0.0,0,2.0,0.0,0.0,0.0,0.0,0.0
2012,WS,valvejo01,DET,AL,1,0,0,0,0,0,0,0,0,0.0,0,0.0,0.0,0.0,0.0,0.0,0.0
2012,WS,verlaju01,DET,AL,1,1,0,0,0,0,0,0,0,0.0,0,0.0,0.0,0.0,0.0,0.0,0.0
2012,WS,vogelry01,SFN,NL,1,0,0,0,0,0,0,0,0,0.0,0,0.0,0.0,0.0,0.0,0.0,0.0
2012,WS,worthda01,DET,AL,2,1,0,0,0,0,0,0,0,0.0,0,1.0,0.0,0.0,0.0,0.0,0.0
2012,WS,youngde03,DET,AL,4,14,2,5,1,0,1,1,0,0.0,1,3.0,0.0,0.0,0.0,0.0,1.0
2012,WS,zitoba01,SFN,NL,1,2,0,1,0,0,0,1,0,0.0,0,1.0,0.0,0.0,0.0,0.0,0.0
2013,ALCS,albural01,DET,AL,6,0,0,0,0,0,0,0,0,0.0,0,0.0,0.0,0.0,0.0,0.0,0.0
2013,ALCS,avilaal01,DET,AL,6,16,2,3,0,0,1,3,0,0.0,4,6.0,0.0,1.0,0.0,0.0,0.0
2013,ALCS,benoijo01,DET,AL,3,0,0,0,0,0,0,0,0,0.0,0,0.0,0.0,0.0,0.0,0.0,0.0
2013,ALCS,berryqu01,BOS,AL,1,0,0,0,0,0,0,0,1,0.0,0,0.0,0.0,0.0,0.0,0.0,0.0
2013,ALCS,bogaexa01,BOS,AL,4,6,4,3,3,0,0,0,0,0.0,3,1.0,0.0,0.0,0.0,0.0,0.0
2013,ALCS,breslcr01,BOS,AL,4,0,0,0,0,0,0,0,0,0.0,0,0.0,0.0,0.0,0.0,0.0,0.0
2013,ALCS,buchhcl01,BOS,AL,2,0,0,0,0,0,0,0,0,0.0,0,0.0,0.0,0.0,0.0,0.0,0.0
2013,ALCS,cabremi01,DET,AL,6,22,3,6,0,0,1,4,1,0.0,2,7.0,0.0,0.0,0.0,0.0,1.0
2013,ALCS,carpmi01,BOS,AL,3,5,0,0,0,0,0,0,0,0.0,0,2.0,0.0,0.0,0.0,0.0,1.0
2013,ALCS,cokeph01,DET,AL,4,0,0,0,0,0,0,0,0,0.0,0,0.0,0.0,0.0,0.0,0.0,0.0
2013,ALCS,dempsry01,BOS,AL,1,0,0,0,0,0,0,0,0,0.0,0,0.0,0.0,0.0,0.0,0.0,0.0
2013,ALCS,dirksan01,DET,AL,1,2,0,0,0,0,0,0,0,0.0,0,1.0,0.0,0.0,0.0,0.0,0.0
2013,ALCS,doubrfe01,BOS,AL,2,0,0,0,0,0,0,0,0,0.0,0,0.0,0.0,0.0,0.0,0.0,0.0
2013,ALCS,drewst01,BOS,AL,6,20,0,1,0,0,0,0,0,0.0,1,10.0,0.0,0.0,0.0,0.0,0.0
2013,ALCS,ellsbja01,BOS,AL,6,22,3,7,1,1,0,3,2,1.0,4,6.0,1.0,0.0,0.0,0.0,1.0
2013,ALCS,fieldpr01,DET,AL,6,22,1,4,1,0,0,0,0,0.0,2,5.0,0.0,1.0,0.0,0.0,0.0
2013,ALCS,fistedo01,DET,AL,1,0,0,0,0,0,0,0,0,0.0,0,0.0,0.0,0.0,0.0,0.0,0.0
2013,ALCS,gomesjo01,BOS,AL,5,16,3,3,1,0,0,0,0,0.0,0,7.0,0.0,0.0,0.0,0.0,0.0
2013,ALCS,hunteto01,DET,AL,6,26,2,6,2,0,0,2,0,0.0,1,5.0,0.0,0.0,0.0,0.0,2.0
2013,ALCS,iglesjo01,DET,AL,6,14,2,5,0,0,0,1,0,0.0,0,3.0,0.0,1.0,2.0,0.0,1.0
2013,ALCS,infanom01,DET,AL,6,21,1,4,1,0,0,0,0,0.0,2,4.0,1.0,0.0,0.0,0.0,2.0
2013,ALCS,jacksau01,DET,AL,6,22,2,7,0,0,0,2,1,0.0,4,5.0,0.0,0.0,0.0,0.0,1.0
2013,ALCS,kellydo01,DET,AL,6,6,0,0,0,0,0,0,0,0.0,1,2.0,0.0,0.0,0.0,0.0,0.0
2013,ALCS,lackejo01,BOS,AL,1,0,0,0,0,0,0,0,0,0.0,0,0.0,0.0,0.0,0.0,0.0,0.0
2013,ALCS,lestejo01,BOS,AL,2,0,0,0,0,0,0,0,0,0.0,0,0.0,0.0,0.0,0.0,0.0,0.0
2013,ALCS,martivi01,DET,AL,6,22,4,8,2,0,0,3,0,0.0,1,1.0,0.0,1.0,0.0,0.0,0.0
2013,ALCS,middlwi01,BOS,AL,5,10,1,1,1,0,0,0,0,0.0,0,5.0,0.0,0.0,0.0,0.0,0.0
2013,ALCS,moralfr01,BOS,AL,2,0,0,0,0,0,0,0,0,0.0,0,0.0,0.0,0.0,0.0,0.0,0.0
2013,ALCS,napolmi01,BOS,AL,6,20,4,6,2,0,2,2,0,0.0,1,11.0,0.0,0.0,0.0,0.0,0.0
2013,ALCS,navada01,BOS,AL,2,6,0,2,0,0,0,0,0,0.0,1,3.0,0.0,0.0,0.0,0.0,0.0
2013,ALCS,ortizda01,BOS,AL,6,22,1,2,0,0,1,4,0,0.0,3,4.0,0.0,0.0,0.0,0.0,0.0
2013,ALCS,peavyja01,BOS,AL,1,0,0,0,0,0,0,0,0,0.0,0,0.0,0.0,0.0,0.0,0.0,0.0
2013,ALCS,pedrodu01,BOS,AL,6,22,1,6,1,0,0,1,1,0.0,4,6.0,0.0,0.0,0.0,0.0,1.0
2013,ALCS,penabr01,DET,AL,1,3,0,1,0,0,0,1,0,0.0,0,0.0,0.0,0.0,0.0,0.0,1.0
2013,ALCS,peraljh01,DET,AL,6,21,1,6,3,0,0,1,0,0.0,1,3.0,0.0,0.0,0.0,0.0,1.0
2013,ALCS,perezhe01,DET,AL,1,0,0,0,0,0,0,0,0,0.0,0,0.0,0.0,0.0,0.0,0.0,0.0
2013,ALCS,porceri01,DET,AL,1,0,0,0,0,0,0,0,0,0.0,0,0.0,0.0,0.0,0.0,0.0,0.0
2013,ALCS,rossda01,BOS,AL,2,4,0,2,1,0,0,1,0,0.0,1,1.0,0.0,0.0,1.0,0.0,0.0
2013,ALCS,saltaja01,BOS,AL,5,16,0,3,0,0,0,2,0,0.0,0,8.0,0.0,0.0,0.0,0.0,0.0
2013,ALCS,sanchan01,DET,AL,2,0,0,0,0,0,0,0,0,0.0,0,0.0,0.0,0.0,0.0,0.0,0.0
2013,ALCS,santira01,DET,AL,2,0,0,0,0,0,0,0,0,0.0,0,0.0,0.0,0.0,0.0,0.0,0.0
2013,ALCS,scherma01,DET,AL,2,0,0,0,0,0,0,0,0,0.0,0,0.0,0.0,0.0,0.0,0.0,0.0
2013,ALCS,smylydr01,DET,AL,4,0,0,0,0,0,0,0,0,0.0,0,0.0,0.0,0.0,0.0,0.0,0.0
2013,ALCS,tazawju01,BOS,AL,4,0,0,0,0,0,0,0,0,0.0,0,0.0,0.0,0.0,0.0,0.0,0.0
2013,ALCS,ueharko01,BOS,AL,5,0,0,0,0,0,0,0,0,0.0,0,0.0,0.0,0.0,0.0,0.0,0.0
2013,ALCS,verasjo01,DET,AL,5,0,0,0,0,0,0,0,0,0.0,0,0.0,0.0,0.0,0.0,0.0,0.0
2013,ALCS,verlaju01,DET,AL,1,0,0,0,0,0,0,0,0,0.0,0,0.0,0.0,0.0,0.0,0.0,0.0
2013,ALCS,victosh01,BOS,AL,6,24,2,3,1,0,1,5,1,0.0,0,9.0,0.0,2.0,0.0,0.0,0.0
2013,ALCS,workmbr01,BOS,AL,3,0,0,0,0,0,0,0,0,0.0,0,0.0,0.0,0.0,0.0,0.0,0.0
2013,ALDS1,archech01,TBA,AL,2,0,0,0,0,0,0,0,0,0.0,0,0.0,0.0,0.0,0.0,0.0,0.0
2013,ALDS1,berryqu01,BOS,AL,1,0,0,0,0,0,0,0,1,0.0,0,0.0,0.0,0.0,0.0,0.0,0.0
2013,ALDS1,bogaexa01,BOS,AL,2,0,3,0,0,0,0,0,0,0.0,2,0.0,0.0,0.0,0.0,0.0,0.0
2013,ALDS1,breslcr01,BOS,AL,3,0,0,0,0,0,0,0,0,0.0,0,0.0,0.0,0.0,0.0,0.0,0.0
2013,ALDS1,buchhcl01,BOS,AL,1,0,0,0,0,0,0,0,0,0.0,0,0.0,0.0,0.0,0.0,0.0,0.0
2013,ALDS1,carpmi01,BOS,AL,1,1,0,0,0,0,0,0,0,0.0,0,1.0,0.0,0.0,0.0,0.0,0.0
2013,ALDS1,cobbal01,TBA,AL,1,0,0,0,0,0,0,0,0,0.0,0,0.0,0.0,0.0,0.0,0.0,0.0
2013,ALDS1,dejesda01,TBA,AL,4,9,2,3,1,0,0,1,0,0.0,1,5.0,0.0,1.0,0.0,0.0,1.0
2013,ALDS1,dempsry01,BOS,AL,1,0,0,0,0,0,0,0,0,0.0,0,0.0,0.0,0.0,0.0,0.0,0.0
2013,ALDS1,drewst01,BOS,AL,4,15,1,2,0,1,0,2,0,0.0,0,2.0,0.0,0.0,0.0,0.0,0.0
2013,ALDS1,ellsbja01,BOS,AL,4,18,7,9,2,0,0,2,4,0.0,1,2.0,0.0,0.0,0.0,0.0,1.0
2013,ALDS1,escobyu01,TBA,AL,4,15,3,7,2,0,0,1,0,0.0,0,1.0,0.0,0.0,0.0,0.0,1.0
2013,ALDS1,fuldsa01,TBA,AL,1,0,1,0,0,0,0,0,0,0.0,0,0.0,0.0,0.0,0.0,0.0,0.0
2013,ALDS1,gomesjo01,BOS,AL,4,9,3,2,1,0,0,2,0,0.0,2,1.0,2.0,0.0,0.0,0.0,1.0
2013,ALDS1,hellije01,TBA,AL,1,0,0,0,0,0,0,0,0,0.0,0,0.0,0.0,0.0,0.0,0.0,0.0
2013,ALDS1,jennide01,TBA,AL,4,13,1,3,0,0,0,0,1,0.0,2,3.0,0.0,0.0,0.0,0.0,0.0
2013,ALDS1,johnske05,TBA,AL,2,3,0,1,0,1,0,0,0,0.0,0,2.0,0.0,0.0,0.0,0.0,0.0
2013,ALDS1,joycema01,TBA,AL,4,8,0,0,0,0,0,0,0,0.0,0,4.0,0.0,0.0,0.0,0.0,0.0
2013,ALDS1,lackejo01,BOS,AL,1,0,0,0,0,0,0,0,0,0.0,0,0.0,0.0,0.0,0.0,0.0,0.0
2013,ALDS1,lestejo01,BOS,AL,1,0,0,0,0,0,0,0,0,0.0,0,0.0,0.0,0.0,0.0,0.0,0.0
2013,ALDS1,lobatjo01,TBA,AL,4,7,1,2,0,0,1,1,0,0.0,0,2.0,0.0,0.0,0.0,0.0,0.0
2013,ALDS1,loneyja01,TBA,AL,4,12,0,5,2,0,0,2,0,0.0,2,2.0,0.0,1.0,0.0,0.0,1.0
2013,ALDS1,longoev01,TBA,AL,4,13,1,2,0,0,1,3,0,0.0,3,4.0,0.0,0.0,0.0,0.0,1.0
2013,ALDS1,mcgeeja01,TBA,AL,3,0,0,0,0,0,0,0,0,0.0,0,0.0,0.0,0.0,0.0,0.0,0.0
2013,ALDS1,middlwi01,BOS,AL,4,13,1,3,1,0,0,1,0,0.0,3,4.0,1.0,0.0,0.0,0.0,0.0
2013,ALDS1,molinjo01,TBA,AL,3,5,0,0,0,0,0,0,0,0.0,0,2.0,0.0,0.0,0.0,0.0,0.0
2013,ALDS1,moorema02,TBA,AL,2,0,0,0,0,0,0,0,0,0.0,0,0.0,0.0,0.0,0.0,0.0,0.0
2013,ALDS1,moralfr01,BOS,AL,1,0,0,0,0,0,0,0,0,0.0,0,0.0,0.0,0.0,0.0,0.0,0.0
2013,ALDS1,myerswi01,TBA,AL,4,16,0,1,0,0,0,0,0,0.0,1,4.0,0.0,0.0,0.0,0.0,0.0
2013,ALDS1,napolmi01,BOS,AL,4,13,1,2,1,0,0,1,0,0.0,4,4.0,0.0,0.0,0.0,0.0,0.0
2013,ALDS1,navada01,BOS,AL,2,5,0,1,0,0,0,0,0,1.0,2,2.0,0.0,0.0,0.0,0.0,0.0
2013,ALDS1,ortizda01,BOS,AL,4,13,4,5,1,0,2,3,0,0.0,5,2.0,0.0,0.0,0.0,0.0,1.0
2013,ALDS1,peavyja01,BOS,AL,1,0,0,0,0,0,0,0,0,0.0,0,0.0,0.0,0.0,0.0,0.0,0.0
2013,ALDS1,pedrodu01,BOS,AL,4,17,2,4,1,0,0,5,0,0.0,0,3.0,0.0,0.0,0.0,2.0,0.0
2013,ALDS1,peraljo01,TBA,AL,2,0,0,0,0,0,0,0,0,0.0,0,0.0,0.0,0.0,0.0,0.0,0.0
2013,ALDS1,priceda01,TBA,AL,1,0,0,0,0,0,0,0,0,0.0,0,0.0,0.0,0.0,0.0,0.0,0.0
2013,ALDS1,rodnefe01,TBA,AL,2,0,0,0,0,0,0,0,0,0.0,0,0.0,0.0,0.0,0.0,0.0,0.0
2013,ALDS1,rodrise01,TBA,AL,4,6,1,1,0,0,1,1,0,0.0,0,0.0,0.0,0.0,0.0,0.0,0.0
2013,ALDS1,rossda01,BOS,AL,2,5,1,1,1,0,0,0,0,0.0,0,2.0,0.0,0.0,0.0,0.0,0.0
2013,ALDS1,saltaja01,BOS,AL,3,10,1,3,1,0,0,3,0,0.0,1,7.0,0.0,0.0,0.0,0.0,0.0
2013,ALDS1,tazawju01,BOS,AL,4,0,0,0,0,0,0,0,0,0.0,0,0.0,0.0,0.0,0.0,0.0,0.0
2013,ALDS1,torreal01,TBA,AL,3,0,0,0,0,0,0,0,0,0.0,0,0.0,0.0,0.0,0.0,0.0,0.0
2013,ALDS1,ueharko01,BOS,AL,3,0,0,0,0,0,0,0,0,0.0,0,0.0,0.0,0.0,0.0,0.0,0.0
2013,ALDS1,victosh01,BOS,AL,4,14,2,6,0,0,0,3,1,0.0,0,3.0,0.0,4.0,1.0,0.0,0.0
2013,ALDS1,workmbr01,BOS,AL,1,0,0,0,0,0,0,0,0,0.0,0,0.0,0.0,0.0,0.0,0.0,0.0
2013,ALDS1,wrighja01,TBA,AL,2,0,0,0,0,0,0,0,0,0.0,0,0.0,0.0,0.0,0.0,0.0,0.0
2013,ALDS1,wrighwe01,TBA,AL,2,0,0,0,0,0,0,0,0,0.0,0,0.0,0.0,0.0,0.0,0.0,0.0
2013,ALDS1,youngde03,TBA,AL,4,8,0,2,0,0,0,2,0,0.0,0,0.0,0.0,0.0,0.0,1.0,0.0
2013,ALDS1,zobribe01,TBA,AL,4,14,2,2,0,0,1,1,0,0.0,2,4.0,0.0,0.0,0.0,0.0,1.0
2013,ALDS2,albural01,DET,AL,1,0,0,0,0,0,0,0,0,0.0,0,0.0,0.0,0.0,0.0,0.0,0.0
2013,ALDS2,alvarjo02,DET,AL,1,0,0,0,0,0,0,0,0,0.0,0,0.0,0.0,0.0,0.0,0.0,0.0
2013,ALDS2,anderbr04,OAK,AL,1,0,0,0,0,0,0,0,0,0.0,0,0.0,0.0,0.0,0.0,0.0,0.0
2013,ALDS2,avilaal01,DET,AL,5,15,1,2,0,0,0,1,0,0.0,4,5.0,0.0,0.0,0.0,0.0,0.0
2013,ALDS2,balfogr01,OAK,AL,3,0,0,0,0,0,0,0,0,0.0,0,0.0,0.0,0.0,0.0,0.0,0.0
2013,ALDS2,bartoda02,OAK,AL,2,3,0,0,0,0,0,0,0,0.0,0,3.0,0.0,0.0,0.0,0.0,0.0
2013,ALDS2,benoijo01,DET,AL,3,0,0,0,0,0,0,0,0,0.0,0,0.0,0.0,0.0,0.0,0.0,0.0
2013,ALDS2,cabremi01,DET,AL,5,20,1,5,0,0,1,3,0,0.0,1,2.0,1.0,0.0,0.0,0.0,0.0
2013,ALDS2,callaal01,OAK,AL,4,6,0,1,1,0,0,0,0,0.0,0,1.0,0.0,0.0,0.0,0.0,0.0
2013,ALDS2,cespeyo01,OAK,AL,5,21,3,8,1,1,1,4,0,0.0,0,4.0,0.0,1.0,0.0,0.0,0.0
2013,ALDS2,colonba01,OAK,AL,1,0,0,0,0,0,0,0,0,0.0,0,0.0,0.0,0.0,0.0,0.0,0.0
2013,ALDS2,cookry01,OAK,AL,1,0,0,0,0,0,0,0,0,0.0,0,0.0,0.0,0.0,0.0,0.0,0.0
2013,ALDS2,crispco01,OAK,AL,5,18,4,7,2,1,0,2,1,0.0,3,2.0,0.0,0.0,0.0,1.0,0.0
2013,ALDS2,dirksan01,DET,AL,2,3,2,0,0,0,0,0,0,0.0,1,1.0,0.0,0.0,0.0,0.0,0.0
2013,ALDS2,donaljo02,OAK,AL,5,21,0,3,0,0,0,0,0,0.0,1,8.0,0.0,0.0,0.0,0.0,0.0
2013,ALDS2,doolise01,OAK,AL,4,0,0,0,0,0,0,0,0,0.0,0,0.0,0.0,0.0,0.0,0.0,0.0
2013,ALDS2,fieldpr01,DET,AL,5,18,2,5,0,0,0,0,0,1.0,1,2.0,0.0,1.0,0.0,0.0,1.0
2013,ALDS2,fistedo01,DET,AL,1,0,0,0,0,0,0,0,0,0.0,0,0.0,0.0,0.0,0.0,0.0,0.0
2013,ALDS2,grayso01,OAK,AL,2,0,0,0,0,0,0,0,0,0.0,0,0.0,0.0,0.0,0.0,0.0,0.0
2013,ALDS2,hunteto01,DET,AL,5,19,3,3,0,0,0,0,0,1.0,1,6.0,0.0,1.0,0.0,0.0,1.0
2013,ALDS2,iglesjo01,DET,AL,5,12,0,1,0,0,0,0,0,1.0,1,2.0,0.0,0.0,1.0,0.0,0.0
2013,ALDS2,infanom01,DET,AL,5,18,0,4,1,0,0,3,0,0.0,1,2.0,0.0,0.0,0.0,0.0,0.0
2013,ALDS2,jacksau01,DET,AL,5,20,1,2,1,0,0,1,0,0.0,1,13.0,0.0,0.0,0.0,0.0,0.0
2013,ALDS2,kellydo01,DET,AL,3,5,0,2,0,0,0,0,0,0.0,2,1.0,0.0,0.0,0.0,0.0,0.0
2013,ALDS2,lowrije01,OAK,AL,5,20,2,3,1,0,1,3,0,0.0,2,7.0,0.0,0.0,0.0,0.0,1.0
2013,ALDS2,martivi01,DET,AL,5,20,5,9,2,0,1,2,0,0.0,0,2.0,0.0,0.0,0.0,0.0,1.0
2013,ALDS2,mossbr01,OAK,AL,5,18,2,2,0,0,1,1,0,0.0,3,13.0,0.0,0.0,0.0,0.0,0.0
2013,ALDS2,norride01,OAK,AL,1,1,0,0,0,0,0,0,0,0.0,0,1.0,0.0,0.0,0.0,0.0,0.0
2013,ALDS2,oteroda01,OAK,AL,4,0,0,0,0,0,0,0,0,0.0,0,0.0,0.0,0.0,0.0,0.0,0.0
2013,ALDS2,parkeja02,OAK,AL,1,0,0,0,0,0,0,0,0,0.0,0,0.0,0.0,0.0,0.0,0.0,0.0
2013,ALDS2,peraljh01,DET,AL,4,12,1,5,1,0,1,5,0,0.0,0,2.0,0.0,0.0,0.0,0.0,1.0
2013,ALDS2,perezhe01,DET,AL,1,0,1,0,0,0,0,0,0,0.0,0,0.0,0.0,0.0,0.0,0.0,0.0
2013,ALDS2,porceri01,DET,AL,1,0,0,0,0,0,0,0,0,0.0,0,0.0,0.0,0.0,0.0,0.0,0.0
2013,ALDS2,reddijo01,OAK,AL,5,17,1,4,1,0,1,1,0,0.0,2,5.0,1.0,0.0,0.0,0.0,0.0
2013,ALDS2,sanchan01,DET,AL,1,0,0,0,0,0,0,0,0,0.0,0,0.0,0.0,0.0,0.0,0.0,0.0
2013,ALDS2,santira01,DET,AL,3,0,0,0,0,0,0,0,0,0.0,0,0.0,0.0,0.0,0.0,0.0,0.0
2013,ALDS2,scherma01,DET,AL,2,0,0,0,0,0,0,0,0,0.0,0,0.0,0.0,0.0,0.0,0.0,0.0
2013,ALDS2,smithse01,OAK,AL,4,16,1,5,0,0,1,2,0,0.0,1,5.0,1.0,0.0,0.0,0.0,0.0
2013,ALDS2,smylydr01,DET,AL,2,0,0,0,0,0,0,0,0,0.0,0,0.0,0.0,0.0,0.0,0.0,0.0
2013,ALDS2,sogarer01,OAK,AL,4,9,0,0,0,0,0,0,0,0.0,1,1.0,0.0,0.0,1.0,0.0,0.0
2013,ALDS2,straida01,OAK,AL,1,0,0,0,0,0,0,0,0,0.0,0,0.0,0.0,0.0,0.0,0.0,0.0
2013,ALDS2,verasjo01,DET,AL,1,0,0,0,0,0,0,0,0,0.0,0,0.0,0.0,0.0,0.0,0.0,0.0
2013,ALDS2,verlaju01,DET,AL,2,0,0,0,0,0,0,0,0,0.0,0,0.0,0.0,0.0,0.0,0.0,0.0
2013,ALDS2,vogtst01,OAK,AL,5,16,2,3,0,1,0,1,0,0.0,1,7.0,0.0,0.0,0.0,0.0,0.0
2013,ALWC,allenco01,CLE,AL,1,0,0,0,0,0,0,0,0,0.0,0,0.0,0.0,0.0,0.0,0.0,0.0
2013,ALWC,bournmi01,CLE,AL,1,4,0,0,0,0,0,0,0,0.0,0,2.0,0.0,0.0,0.0,0.0,0.0
2013,ALWC,brantmi02,CLE,AL,1,4,0,1,0,0,0,0,0,0.0,0,0.0,0.0,0.0,0.0,0.0,0.0
2013,ALWC,cabreas01,CLE,AL,1,4,0,0,0,0,0,0,0,0.0,0,1.0,0.0,0.0,0.0,0.0,1.0
2013,ALWC,chiselo01,CLE,AL,1,4,0,3,0,0,0,0,0,0.0,0,1.0,0.0,0.0,0.0,0.0,0.0
2013,ALWC,cobbal01,TBA,AL,1,0,0,0,0,0,0,0,0,0.0,0,0.0,0.0,0.0,0.0,0.0,0.0
2013,ALWC,dejesda01,TBA,AL,1,4,0,0,0,0,0,0,0,0.0,0,1.0,0.0,1.0,0.0,0.0,0.0
2013,ALWC,escobyu01,TBA,AL,1,4,0,1,0,0,0,1,0,0.0,0,0.0,0.0,0.0,0.0,0.0,0.0
2013,ALWC,fuldsa01,TBA,AL,1,1,0,0,0,0,0,0,0,0.0,0,1.0,0.0,0.0,0.0,0.0,0.0
2013,ALWC,gomesya01,CLE,AL,1,4,0,2,1,0,0,0,0,0.0,0,0.0,0.0,0.0,0.0,0.0,0.0
2013,ALWC,jennide01,TBA,AL,1,3,0,2,1,0,0,2,0,0.0,0,0.0,0.0,0.0,0.0,0.0,0.0
2013,ALWC,kiermke01,TBA,AL,1,0,0,0,0,0,0,0,0,0.0,0,0.0,0.0,0.0,0.0,0.0,0.0
2013,ALWC,kipnija01,CLE,AL,1,4,0,0,0,0,0,0,0,0.0,0,0.0,0.0,0.0,0.0,0.0,0.0
2013,ALWC,loneyja01,TBA,AL,1,4,1,1,0,0,0,0,0,0.0,0,1.0,0.0,0.0,0.0,0.0,1.0
2013,ALWC,longoev01,TBA,AL,1,4,1,1,0,0,0,0,0,0.0,0,2.0,0.0,0.0,0.0,0.0,0.0
2013,ALWC,masteju01,CLE,AL,1,0,0,0,0,0,0,0,0,0.0,0,0.0,0.0,0.0,0.0,0.0,0.0
2013,ALWC,mcgeeja01,TBA,AL,1,0,0,0,0,0,0,0,0,0.0,0,0.0,0.0,0.0,0.0,0.0,0.0
2013,ALWC,molinjo01,TBA,AL,1,3,0,0,0,0,0,0,0,1.0,1,2.0,0.0,0.0,0.0,0.0,0.0
2013,ALWC,myerswi01,TBA,AL,1,4,0,1,0,0,0,0,0,0.0,0,3.0,0.0,0.0,0.0,0.0,0.0
2013,ALWC,peraljo01,TBA,AL,1,0,0,0,0,0,0,0,0,0.0,0,0.0,0.0,0.0,0.0,0.0,0.0
2013,ALWC,raburry01,CLE,AL,1,3,0,1,1,0,0,0,0,0.0,1,2.0,0.0,0.0,0.0,0.0,0.0
2013,ALWC,rodnefe01,TBA,AL,1,0,0,0,0,0,0,0,0,0.0,0,0.0,0.0,0.0,0.0,0.0,0.0
2013,ALWC,rzepcma01,CLE,AL,1,0,0,0,0,0,0,0,0,0.0,0,0.0,0.0,0.0,0.0,0.0,0.0
2013,ALWC,salazda01,CLE,AL,1,0,0,0,0,0,0,0,0,0.0,0,0.0,0.0,0.0,0.0,0.0,0.0
2013,ALWC,santaca01,CLE,AL,1,4,0,2,1,0,0,0,0,0.0,0,1.0,0.0,0.0,0.0,0.0,0.0
2013,ALWC,shawbr01,CLE,AL,1,0,0,0,0,0,0,0,0,0.0,0,0.0,0.0,0.0,0.0,0.0,0.0
2013,ALWC,smithjo05,CLE,AL,1,0,0,0,0,0,0,0,0,0.0,0,0.0,0.0,0.0,0.0,0.0,0.0
2013,ALWC,swishni01,CLE,AL,1,4,0,0,0,0,0,0,0,0.0,0,2.0,0.0,0.0,0.0,0.0,0.0
2013,ALWC,youngde03,TBA,AL,1,3,1,1,0,0,1,1,0,0.0,1,1.0,1.0,0.0,0.0,0.0,0.0
2013,ALWC,zobribe01,TBA,AL,1,4,1,1,0,0,0,0,0,0.0,0,0.0,0.0,0.0,0.0,0.0,0.0
2013,NLCS,adamsma01,SLN,NL,6,22,2,5,1,0,0,2,0,0.0,2,9.0,0.0,0.0,0.0,0.0,0.0
2013,NLCS,axforjo01,SLN,NL,2,0,0,0,0,0,0,0,0,0.0,0,0.0,0.0,0.0,0.0,0.0,0.0
2013,NLCS,belisro01,LAN,NL,4,0,0,0,0,0,0,0,0,0.0,0,0.0,0.0,0.0,0.0,0.0,0.0
2013,NLCS,beltrca01,SLN,NL,6,21,2,6,2,1,0,6,0,0.0,5,3.0,0.0,0.0,0.0,0.0,0.0
2013,NLCS,carpema01,SLN,NL,6,23,4,6,2,1,0,2,1,0.0,3,5.0,0.0,0.0,0.0,1.0,0.0
2013,NLCS,chambad01,SLN,NL,4,4,0,0,0,0,0,0,0,0.0,0,3.0,0.0,0.0,0.0,0.0,0.0
2013,NLCS,choatra01,SLN,NL,4,0,0,0,0,0,0,0,0,0.0,0,0.0,0.0,0.0,0.0,0.0,0.0
2013,NLCS,crawfca02,LAN,NL,6,25,2,7,1,0,1,1,0,0.0,1,4.0,0.0,0.0,0.0,0.0,0.0
2013,NLCS,descada01,SLN,NL,5,7,2,2,0,0,0,0,0,0.0,0,3.0,0.0,0.0,0.0,0.0,0.0
2013,NLCS,ellisaj01,LAN,NL,6,19,1,6,2,1,1,2,0,0.0,1,2.0,0.0,0.0,0.0,0.0,0.0
2013,NLCS,ellisma01,LAN,NL,6,25,1,6,1,1,0,0,1,0.0,0,4.0,0.0,0.0,1.0,0.0,1.0
2013,NLCS,ethiean01,LAN,NL,6,20,1,3,0,0,0,0,0,0.0,2,7.0,0.0,0.0,0.0,0.0,0.0
2013,NLCS,freesda01,SLN,NL,6,21,2,4,1,0,0,0,0,0.0,1,5.0,0.0,0.0,0.0,0.0,1.0
2013,NLCS,gonzaad01,LAN,NL,6,20,6,6,2,0,2,3,0,0.0,3,3.0,1.0,0.0,0.0,0.0,0.0
2013,NLCS,gordode01,LAN,NL,1,0,0,0,0,0,0,0,0,0.0,0,0.0,0.0,0.0,0.0,0.0,0.0
2013,NLCS,greinza01,LAN,NL,2,5,0,1,0,0,0,1,0,0.0,0,0.0,0.0,0.0,0.0,0.0,0.0
2013,NLCS,hollima01,SLN,NL,6,25,2,5,2,0,1,3,0,0.0,0,4.0,0.0,0.0,0.0,0.0,1.0
2013,NLCS,howeljp01,LAN,NL,4,0,0,0,0,0,0,0,0,0.0,0,0.0,0.0,0.0,0.0,0.0,0.0
2013,NLCS,janseke01,LAN,NL,3,0,0,0,0,0,0,0,0,0.0,0,0.0,0.0,0.0,0.0,0.0,0.0
2013,NLCS,jayjo02,SLN,NL,6,18,0,4,0,0,0,1,0,0.0,0,3.0,0.0,0.0,0.0,1.0,0.0
2013,NLCS,kellyjo05,SLN,NL,2,4,1,1,0,0,0,0,0,0.0,0,2.0,0.0,0.0,0.0,0.0,0.0
2013,NLCS,kershcl01,LAN,NL,2,3,0,1,0,0,0,0,0,0.0,0,0.0,0.0,0.0,0.0,0.0,0.0
2013,NLCS,kozmape01,SLN,NL,6,15,1,1,0,0,0,1,0,0.0,3,4.0,2.0,1.0,0.0,0.0,0.0
2013,NLCS,lynnla01,SLN,NL,2,0,0,0,0,0,0,0,0,0.0,1,0.0,0.0,0.0,1.0,0.0,0.0
2013,NLCS,manesse01,SLN,NL,3,0,0,0,0,0,0,0,0,0.0,0,0.0,0.0,0.0,0.0,0.0,0.0
2013,NLCS,marmoca01,LAN,NL,2,0,0,0,0,0,0,0,0,0.0,0,0.0,0.0,0.0,0.0,0.0,0.0
2013,NLCS,martica04,SLN,NL,4,0,0,0,0,0,0,0,0,0.0,0,0.0,0.0,0.0,0.0,0.0,0.0
2013,NLCS,molinya01,SLN,NL,6,22,2,5,0,0,0,1,0,0.0,3,4.0,0.0,0.0,0.0,0.0,2.0
2013,NLCS,mujiced01,SLN,NL,1,0,0,0,0,0,0,0,0,0.0,0,0.0,0.0,0.0,0.0,0.0,0.0
2013,NLCS,nolasri01,LAN,NL,1,1,0,0,0,0,0,0,0,0.0,0,1.0,0.0,0.0,0.0,0.0,0.0
2013,NLCS,puigya01,LAN,NL,6,22,1,5,0,1,0,2,0,0.0,1,10.0,0.0,0.0,0.0,0.0,1.0
2013,NLCS,puntoni01,LAN,NL,5,6,0,2,1,0,0,0,0,0.0,0,4.0,0.0,0.0,0.0,0.0,0.0
2013,NLCS,ramirha01,LAN,NL,5,15,1,2,0,0,0,1,0,0.0,3,5.0,2.0,1.0,0.0,0.0,1.0
2013,NLCS,robinsh01,SLN,NL,3,7,2,3,0,0,1,3,0,0.0,0,0.0,0.0,0.0,0.0,0.0,1.0
2013,NLCS,rosentr01,SLN,NL,4,0,0,0,0,0,0,0,0,0.0,0,0.0,0.0,0.0,0.0,0.0,0.0
2013,NLCS,ryuhy01,LAN,NL,1,2,0,0,0,0,0,0,0,0.0,0,1.0,0.0,0.0,0.0,0.0,0.0
2013,NLCS,schumsk01,LAN,NL,4,6,0,0,0,0,0,0,0,0.0,0,2.0,0.0,0.0,0.0,0.0,1.0
2013,NLCS,siegrke01,SLN,NL,3,0,0,0,0,0,0,0,0,0.0,0,0.0,0.0,0.0,0.0,0.0,0.0
2013,NLCS,uribeju01,LAN,NL,6,23,0,3,0,0,0,3,0,0.0,0,7.0,0.0,0.0,0.0,0.0,3.0
2013,NLCS,vanslsc01,LAN,NL,1,0,0,0,0,0,0,0,0,0.0,0,0.0,0.0,0.0,0.0,0.0,0.0
2013,NLCS,wachami01,SLN,NL,2,5,1,0,0,0,0,1,0,0.0,0,3.0,0.0,0.0,0.0,0.0,0.0
2013,NLCS,wainwad01,SLN,NL,1,2,0,0,0,0,0,0,0,0.0,0,1.0,0.0,0.0,0.0,0.0,0.0
2013,NLCS,wilsobr01,LAN,NL,3,0,0,0,0,0,0,0,0,0.0,0,0.0,0.0,0.0,0.0,0.0,0.0
2013,NLCS,withrch01,LAN,NL,3,0,0,0,0,0,0,0,0,0.0,0,0.0,0.0,0.0,0.0,0.0,0.0
2013,NLCS,wongko01,SLN,NL,3,3,0,0,0,0,0,0,0,0.0,0,1.0,0.0,0.0,0.0,0.0,0.0
2013,NLCS,youngmi02,LAN,NL,6,7,0,0,0,0,0,0,0,0.0,0,0.0,0.0,0.0,0.0,0.0,1.0
2013,NLDS1,adamsma01,SLN,NL,5,19,3,6,1,0,1,2,0,0.0,1,3.0,0.0,1.0,0.0,0.0,0.0
2013,NLDS1,alvarpe01,PIT,NL,5,17,4,6,1,0,3,6,0,0.0,2,6.0,1.0,0.0,0.0,0.0,0.0
2013,NLDS1,axforjo01,SLN,NL,2,0,0,0,0,0,0,0,0,0.0,0,0.0,0.0,0.0,0.0,0.0,0.0
2013,NLDS1,barmecl01,PIT,NL,5,7,0,2,0,0,0,0,0,0.0,0,1.0,0.0,0.0,0.0,0.0,0.0
2013,NLDS1,beltrca01,SLN,NL,5,18,3,4,1,0,2,6,0,0.0,3,1.0,0.0,0.0,0.0,0.0,0.0
2013,NLDS1,buckjo01,PIT,NL,1,0,0,0,0,0,0,0,0,0.0,0,0.0,0.0,0.0,0.0,0.0,0.0
2013,NLDS1,burneaj01,PIT,NL,1,1,0,0,0,0,0,0,0,0.0,0,0.0,0.0,0.0,0.0,0.0,0.0
2013,NLDS1,byrdma01,PIT,NL,5,18,3,6,2,0,0,3,0,0.0,1,6.0,0.0,0.0,0.0,0.0,0.0
2013,NLDS1,carpema01,SLN,NL,5,19,1,1,0,0,0,0,0,0.0,1,6.0,0.0,1.0,0.0,0.0,0.0
2013,NLDS1,chambad01,SLN,NL,1,1,0,0,0,0,0,0,0,0.0,0,0.0,0.0,0.0,0.0,0.0,0.0
2013,NLDS1,choatra01,SLN,NL,1,0,0,0,0,0,0,0,0,0.0,0,0.0,0.0,0.0,0.0,0.0,0.0
2013,NLDS1,colege01,PIT,NL,2,4,0,1,0,0,0,1,0,0.0,0,2.0,0.0,0.0,0.0,0.0,0.0
2013,NLDS1,descada01,SLN,NL,5,9,0,1,0,0,0,0,0,0.0,0,0.0,0.0,0.0,0.0,0.0,1.0
2013,NLDS1,freesda01,SLN,NL,5,16,1,3,0,0,1,4,0,0.0,2,4.0,0.0,0.0,0.0,0.0,1.0
2013,NLDS1,gomezje01,PIT,NL,1,1,0,0,0,0,0,0,0,0.0,0,1.0,0.0,0.0,0.0,0.0,0.0
2013,NLDS1,grillja01,PIT,NL,3,0,0,0,0,0,0,0,0,0.0,0,0.0,0.0,0.0,0.0,0.0,0.0
2013,NLDS1,harrijo05,PIT,NL,2,0,1,0,0,0,0,0,0,1.0,0,0.0,0.0,0.0,0.0,0.0,0.0
2013,NLDS1,hollima01,SLN,NL,5,20,4,6,1,0,1,2,0,0.0,1,2.0,0.0,0.0,0.0,0.0,0.0
2013,NLDS1,jayjo02,SLN,NL,5,16,5,3,0,0,0,2,1,0.0,4,4.0,0.0,0.0,0.0,0.0,0.0
2013,NLDS1,jonesga02,PIT,NL,2,2,0,0,0,0,0,0,0,0.0,0,1.0,0.0,0.0,0.0,0.0,0.0
2013,NLDS1,kellyjo05,SLN,NL,1,2,0,0,0,0,0,0,0,0.0,0,2.0,0.0,0.0,0.0,0.0,0.0
2013,NLDS1,kozmape01,SLN,NL,4,10,1,4,1,0,0,1,1,0.0,1,2.0,0.0,0.0,0.0,0.0,0.0
2013,NLDS1,liriafr01,PIT,NL,1,0,0,0,0,0,0,0,0,0.0,1,0.0,0.0,0.0,1.0,0.0,0.0
2013,NLDS1,lynnla01,SLN,NL,1,1,0,0,0,0,0,0,0,0.0,0,1.0,0.0,0.0,0.0,0.0,0.0
2013,NLDS1,manesse01,SLN,NL,2,0,0,0,0,0,0,0,0,0.0,0,0.0,0.0,0.0,0.0,0.0,0.0
2013,NLDS1,martest01,PIT,NL,5,19,1,1,0,0,1,1,1,0.0,1,5.0,0.0,1.0,0.0,0.0,1.0
2013,NLDS1,martica04,SLN,NL,3,0,0,0,0,0,0,0,0,0.0,0,0.0,0.0,0.0,0.0,0.0,0.0
2013,NLDS1,martiru01,PIT,NL,5,13,0,2,0,0,0,4,0,0.0,3,5.0,0.0,0.0,0.0,2.0,0.0
2013,NLDS1,mazzavi01,PIT,NL,3,0,0,0,0,0,0,0,0,0.0,0,0.0,0.0,0.0,0.0,0.0,0.0
2013,NLDS1,mccutan01,PIT,NL,5,18,2,5,1,0,0,0,0,0.0,3,3.0,0.0,0.0,0.0,0.0,0.0
2013,NLDS1,melanma01,PIT,NL,4,0,0,0,0,0,0,0,0,0.0,0,0.0,0.0,0.0,0.0,0.0,0.0
2013,NLDS1,mercejo03,PIT,NL,5,8,0,2,0,0,0,0,0,0.0,1,2.0,1.0,0.0,0.0,0.0,0.0
2013,NLDS1,millesh01,SLN,NL,1,0,0,0,0,0,0,0,0,0.0,0,0.0,0.0,0.0,0.0,0.0,0.0
2013,NLDS1,molinya01,SLN,NL,5,17,2,5,1,0,1,1,0,0.0,3,3.0,0.0,0.0,0.0,0.0,0.0
2013,NLDS1,morneju01,PIT,NL,5,20,4,6,1,0,0,0,0,0.0,0,2.0,0.0,0.0,0.0,0.0,1.0
2013,NLDS1,morribr01,PIT,NL,1,0,0,0,0,0,0,0,0,0.0,0,0.0,0.0,0.0,0.0,0.0,0.0
2013,NLDS1,mortoch02,PIT,NL,1,1,0,0,0,0,0,0,0,0.0,0,0.0,0.0,0.0,0.0,0.0,0.0
2013,NLDS1,mujiced01,SLN,NL,1,0,0,0,0,0,0,0,0,0.0,0,0.0,0.0,0.0,0.0,0.0,0.0
2013,NLDS1,robinsh01,SLN,NL,1,1,0,0,0,0,0,0,0,0.0,0,0.0,0.0,0.0,0.0,0.0,0.0
2013,NLDS1,rosentr01,SLN,NL,2,0,0,0,0,0,0,0,0,0.0,0,0.0,0.0,0.0,0.0,0.0,0.0
2013,NLDS1,sanchga01,PIT,NL,2,2,0,0,0,0,0,0,0,0.0,0,0.0,0.0,0.0,0.0,0.0,1.0
2013,NLDS1,siegrke01,SLN,NL,2,0,0,0,0,0,0,0,0,0.0,0,0.0,0.0,0.0,0.0,0.0,0.0
2013,NLDS1,tabatjo01,PIT,NL,4,4,0,0,0,0,0,0,0,0.0,0,1.0,0.0,0.0,0.0,0.0,0.0
2013,NLDS1,wachami01,SLN,NL,1,2,0,0,0,0,0,0,0,0.0,0,2.0,0.0,0.0,1.0,0.0,0.0
2013,NLDS1,wainwad01,SLN,NL,2,5,1,0,0,0,0,0,0,0.0,1,1.0,0.0,0.0,1.0,0.0,0.0
2013,NLDS1,walkene01,PIT,NL,5,19,0,0,0,0,0,0,0,0.0,2,5.0,0.0,0.0,0.0,0.0,0.0
2013,NLDS1,watsoto01,PIT,NL,3,0,0,0,0,0,0,0,0,0.0,0,0.0,0.0,0.0,0.0,0.0,0.0
2013,NLDS1,wilsoju10,PIT,NL,2,0,0,0,0,0,0,0,0,0.0,0,0.0,0.0,0.0,0.0,0.0,0.0
2013,NLDS1,wongko01,SLN,NL,2,2,0,0,0,0,0,0,0,0.0,0,0.0,0.0,0.0,0.0,0.0,0.0
2013,NLDS2,avilalu01,ATL,NL,4,0,0,0,0,0,0,0,0,0.0,0,0.0,0.0,0.0,0.0,0.0,0.0
2013,NLDS2,ayalalu01,ATL,NL,3,0,0,0,0,0,0,0,0,0.0,0,0.0,0.0,0.0,0.0,0.0,0.0
2013,NLDS2,belisro01,LAN,NL,3,0,0,0,0,0,0,0,0,0.0,0,0.0,0.0,0.0,0.0,0.0,0.0
2013,NLDS2,capuach01,LAN,NL,1,1,0,0,0,0,0,0,0,0.0,0,0.0,0.0,0.0,0.0,0.0,0.0
2013,NLDS2,carpeda01,ATL,NL,3,0,0,0,0,0,0,0,0,0.0,0,0.0,0.0,0.0,0.0,0.0,0.0
2013,NLDS2,constjo01,ATL,NL,2,1,0,1,0,0,0,1,0,0.0,0,0.0,0.0,0.0,0.0,0.0,0.0
2013,NLDS2,crawfca02,LAN,NL,4,17,6,6,0,0,3,5,1,0.0,2,5.0,0.0,0.0,0.0,0.0,1.0
2013,NLDS2,ellisaj01,LAN,NL,4,12,2,4,2,0,0,1,0,0.0,2,4.0,0.0,1.0,1.0,0.0,0.0
2013,NLDS2,ellisma01,LAN,NL,4,15,4,4,2,0,0,1,0,0.0,3,5.0,0.0,0.0,0.0,0.0,1.0
2013,NLDS2,ethiean01,LAN,NL,4,3,0,0,0,0,0,0,0,0.0,1,1.0,0.0,0.0,0.0,0.0,0.0
2013,NLDS2,freemfr01,ATL,NL,4,16,4,5,1,0,0,0,0,0.0,1,4.0,0.0,0.0,0.0,0.0,0.0
2013,NLDS2,garcifr02,ATL,NL,1,2,0,0,0,0,0,0,0,0.0,0,0.0,0.0,0.0,0.0,0.0,0.0
2013,NLDS2,gattiev01,ATL,NL,4,14,3,5,0,0,0,1,0,0.0,2,3.0,0.0,0.0,0.0,0.0,0.0
2013,NLDS2,gonzaad01,LAN,NL,4,18,1,6,0,0,1,4,0,0.0,0,4.0,0.0,0.0,0.0,0.0,1.0
2013,NLDS2,gordode01,LAN,NL,1,0,0,0,0,0,0,0,0,1.0,0,0.0,0.0,0.0,0.0,0.0,0.0
2013,NLDS2,greinza01,LAN,NL,1,2,0,0,0,0,0,0,0,0.0,0,0.0,0.0,0.0,0.0,0.0,0.0
2013,NLDS2,haleda02,ATL,NL,1,0,0,0,0,0,0,0,0,0.0,0,0.0,0.0,0.0,0.0,0.0,0.0
2013,NLDS2,heywaja01,ATL,NL,4,18,1,3,0,0,1,4,0,0.0,0,7.0,0.0,0.0,0.0,0.0,0.0
2013,NLDS2,howeljp01,LAN,NL,3,0,0,0,0,0,0,0,0,0.0,0,0.0,0.0,0.0,0.0,0.0,0.0
2013,NLDS2,janispa01,ATL,NL,1,0,0,0,0,0,0,0,0,0.0,0,0.0,0.0,0.0,0.0,0.0,0.0
2013,NLDS2,janseke01,LAN,NL,3,0,0,0,0,0,0,0,0,0.0,0,0.0,0.0,0.0,0.0,0.0,0.0
2013,NLDS2,johnsch05,ATL,NL,4,16,1,7,0,0,0,5,0,0.0,0,5.0,0.0,0.0,0.0,0.0,0.0
2013,NLDS2,johnsel02,ATL,NL,4,14,1,1,0,1,0,0,0,0.0,1,4.0,0.0,0.0,0.0,0.0,1.0
2013,NLDS2,johnsre02,ATL,NL,3,2,1,1,0,0,0,0,0,0.0,1,0.0,1.0,0.0,0.0,0.0,0.0
2013,NLDS2,kershcl01,LAN,NL,2,5,0,0,0,0,0,0,0,0.0,0,3.0,0.0,0.0,0.0,0.0,0.0
2013,NLDS2,kimbrcr01,ATL,NL,1,0,0,0,0,0,0,0,0,0.0,0,0.0,0.0,0.0,0.0,0.0,0.0
2013,NLDS2,lairdge01,ATL,NL,1,1,0,0,0,0,0,0,0,0.0,0,0.0,0.0,0.0,0.0,0.0,0.0
2013,NLDS2,mccanbr01,ATL,NL,4,13,0,0,0,0,0,1,0,0.0,3,6.0,0.0,0.0,0.0,0.0,0.0
2013,NLDS2,medlekr01,ATL,NL,1,1,0,0,0,0,0,0,0,0.0,0,1.0,0.0,0.0,0.0,0.0,0.0
2013,NLDS2,minormi01,ATL,NL,1,2,0,0,0,0,0,0,0,0.0,0,0.0,0.0,0.0,0.0,0.0,0.0
2013,NLDS2,puigya01,LAN,NL,4,17,5,8,1,0,0,2,0,1.0,0,4.0,0.0,1.0,0.0,0.0,1.0
2013,NLDS2,puntoni01,LAN,NL,1,0,0,0,0,0,0,0,0,0.0,0,0.0,0.0,0.0,0.0,0.0,0.0
2013,NLDS2,ramirha01,LAN,NL,4,16,4,8,4,1,1,6,1,0.0,2,2.0,1.0,0.0,0.0,0.0,0.0
2013,NLDS2,rodrist02,LAN,NL,2,0,0,0,0,0,0,0,0,0.0,0,0.0,0.0,0.0,0.0,0.0,0.0
2013,NLDS2,ryuhy01,LAN,NL,1,0,0,0,0,0,0,1,0,0.0,0,0.0,0.0,0.0,0.0,1.0,0.0
2013,NLDS2,schafjo02,ATL,NL,1,1,0,0,0,0,0,0,0,0.0,0,1.0,0.0,0.0,0.0,0.0,0.0
2013,NLDS2,schumsk01,LAN,NL,4,13,0,3,0,0,0,2,0,0.0,2,2.0,2.0,0.0,0.0,1.0,1.0
2013,NLDS2,simmoan01,ATL,NL,4,12,0,3,1,0,0,2,0,0.0,2,3.0,0.0,0.0,1.0,0.0,1.0
2013,NLDS2,teherju01,ATL,NL,1,1,0,0,0,0,0,0,0,0.0,0,1.0,0.0,0.0,0.0,0.0,0.0
2013,NLDS2,uptonbj01,ATL,NL,3,3,1,0,0,0,0,0,0,0.0,0,3.0,0.0,0.0,0.0,0.0,0.0
2013,NLDS2,uptonju01,ATL,NL,4,14,2,2,1,0,0,0,0,0.0,4,4.0,0.0,0.0,0.0,0.0,0.0
2013,NLDS2,uribeju01,LAN,NL,4,16,4,6,1,0,2,4,0,0.0,0,4.0,0.0,0.0,1.0,0.0,0.0
2013,NLDS2,vanslsc01,LAN,NL,1,0,0,0,0,0,0,0,0,0.0,0,0.0,0.0,0.0,0.0,0.0,0.0
2013,NLDS2,waldejo01,ATL,NL,2,0,0,0,0,0,0,0,0,0.0,0,0.0,0.0,0.0,0.0,0.0,0.0
2013,NLDS2,wilsobr01,LAN,NL,3,0,0,0,0,0,0,0,0,0.0,0,0.0,0.0,0.0,0.0,0.0,0.0
2013,NLDS2,withrch01,LAN,NL,1,0,0,0,0,0,0,0,0,0.0,0,0.0,0.0,0.0,0.0,0.0,0.0
2013,NLDS2,woodal02,ATL,NL,2,0,0,0,0,0,0,0,0,0.0,0,0.0,0.0,0.0,1.0,0.0,0.0
2013,NLDS2,youngmi02,LAN,NL,3,3,0,1,0,0,0,0,0,0.0,0,1.0,0.0,0.0,0.0,0.0,0.0
2013,NLWC,alvarpe01,PIT,NL,1,3,0,0,0,0,0,1,0,0.0,0,1.0,0.0,0.0,0.0,1.0,0.0
2013,NLWC,barmecl01,PIT,NL,1,4,0,1,0,0,0,0,0,0.0,0,0.0,0.0,0.0,0.0,0.0,0.0
2013,NLWC,bruceja01,CIN,NL,1,4,0,1,0,0,0,1,0,0.0,0,2.0,0.0,0.0,0.0,0.0,0.0
2013,NLWC,byrdma01,PIT,NL,1,4,1,2,0,0,1,2,0,0.0,0,0.0,0.0,0.0,0.0,0.0,0.0
2013,NLWC,choosh01,CIN,NL,1,3,2,1,0,0,1,1,0,0.0,0,1.0,0.0,1.0,0.0,0.0,0.0
2013,NLWC,cozarza01,CIN,NL,1,3,0,0,0,0,0,0,0,0.0,1,0.0,0.0,0.0,0.0,0.0,0.0
2013,NLWC,cuetojo01,CIN,NL,1,1,0,0,0,0,0,0,0,0.0,0,0.0,0.0,0.0,0.0,0.0,0.0
2013,NLWC,frazito01,CIN,NL,1,4,0,1,1,0,0,0,0,0.0,0,1.0,0.0,0.0,0.0,0.0,0.0
2013,NLWC,grillja01,PIT,NL,1,0,0,0,0,0,0,0,0,0.0,0,0.0,0.0,0.0,0.0,0.0,0.0
2013,NLWC,hanigry01,CIN,NL,1,3,0,0,0,0,0,0,0,0.0,0,0.0,0.0,0.0,0.0,0.0,0.0
2013,NLWC,heisech01,CIN,NL,1,1,0,0,0,0,0,0,0,0.0,0,0.0,0.0,0.0,0.0,0.0,1.0
2013,NLWC,hoovejj01,CIN,NL,1,0,0,0,0,0,0,0,0,0.0,0,0.0,0.0,0.0,0.0,0.0,0.0
2013,NLWC,lecursa01,CIN,NL,1,0,0,0,0,0,0,0,0,0.0,0,0.0,0.0,0.0,0.0,0.0,0.0
2013,NLWC,liriafr01,PIT,NL,1,2,0,1,0,0,0,0,0,0.0,0,0.0,0.0,0.0,1.0,0.0,0.0
2013,NLWC,ludwiry01,CIN,NL,1,4,0,3,2,0,0,0,0,0.0,0,0.0,0.0,0.0,0.0,0.0,0.0
2013,NLWC,marshse01,CIN,NL,1,0,0,0,0,0,0,0,0,0.0,0,0.0,0.0,0.0,0.0,0.0,0.0
2013,NLWC,martest01,PIT,NL,1,5,1,2,1,0,0,0,0,0.0,0,0.0,0.0,0.0,0.0,0.0,0.0
2013,NLWC,martiru01,PIT,NL,1,4,2,3,0,0,2,2,0,0.0,0,0.0,0.0,0.0,0.0,0.0,0.0
2013,NLWC,mccutan01,PIT,NL,1,3,1,2,0,0,0,0,0,0.0,2,0.0,1.0,0.0,0.0,0.0,0.0
2013,NLWC,mesorde01,CIN,NL,1,1,0,0,0,0,0,0,0,0.0,0,0.0,0.0,0.0,0.0,0.0,0.0
2013,NLWC,morneju01,PIT,NL,1,4,0,1,0,0,0,0,0,0.0,1,0.0,0.0,0.0,0.0,0.0,1.0
2013,NLWC,ondrulo01,CIN,NL,1,0,0,0,0,0,0,0,0,0.0,0,0.0,0.0,0.0,0.0,0.0,0.0
2013,NLWC,parrama01,CIN,NL,1,0,0,0,0,0,0,0,0,0.0,0,0.0,0.0,0.0,0.0,0.0,0.0
2013,NLWC,phillbr01,CIN,NL,1,4,0,0,0,0,0,0,0,0.0,0,0.0,0.0,0.0,0.0,0.0,0.0
2013,NLWC,simonal01,CIN,NL,1,0,0,0,0,0,0,0,0,0.0,0,0.0,0.0,0.0,0.0,0.0,0.0
2013,NLWC,snidetr01,PIT,NL,1,1,0,0,0,0,0,0,0,0.0,0,1.0,0.0,0.0,0.0,0.0,0.0
2013,NLWC,vottojo01,CIN,NL,1,4,0,0,0,0,0,0,0,0.0,0,2.0,0.0,0.0,0.0,0.0,0.0
2013,NLWC,walkene01,PIT,NL,1,5,1,2,1,0,0,1,0,0.0,0,0.0,0.0,0.0,0.0,0.0,0.0
2013,NLWC,watsoto01,PIT,NL,1,0,0,0,0,0,0,0,0,0.0,0,0.0,0.0,0.0,0.0,0.0,0.0
2013,WS,adamsma01,SLN,NL,6,22,0,3,1,0,0,0,0,0.0,0,7.0,0.0,0.0,0.0,0.0,0.0
2013,WS,axforjo01,SLN,NL,2,0,0,0,0,0,0,0,0,0.0,0,0.0,0.0,0.0,0.0,0.0,0.0
2013,WS,beltrca01,SLN,NL,6,17,1,5,0,0,0,3,0,0.0,2,2.0,1.0,1.0,1.0,0.0,1.0
2013,WS,berryqu01,BOS,AL,1,0,0,0,0,0,0,0,1,0.0,0,0.0,0.0,0.0,0.0,0.0,0.0
2013,WS,bogaexa01,BOS,AL,6,21,2,5,0,1,0,2,0,0.0,1,8.0,0.0,0.0,0.0,1.0,1.0
2013,WS,breslcr01,BOS,AL,3,0,0,0,0,0,0,0,0,0.0,0,0.0,0.0,0.0,0.0,0.0,0.0
2013,WS,buchhcl01,BOS,AL,1,1,0,0,0,0,0,0,0,0.0,0,1.0,0.0,0.0,0.0,0.0,0.0
2013,WS,carpema01,SLN,NL,6,27,3,8,1,0,0,2,0,0.0,0,6.0,0.0,0.0,0.0,1.0,0.0
2013,WS,carpmi01,BOS,AL,2,2,0,0,0,0,0,1,0,0.0,0,0.0,0.0,0.0,0.0,0.0,0.0
2013,WS,choatra01,SLN,NL,4,0,0,0,0,0,0,0,0,0.0,0,0.0,0.0,0.0,0.0,0.0,0.0
2013,WS,craigal01,SLN,NL,6,16,1,6,1,0,0,0,0,0.0,1,2.0,0.0,0.0,0.0,0.0,1.0
2013,WS,dempsry01,BOS,AL,1,0,0,0,0,0,0,0,0,0.0,0,0.0,0.0,0.0,0.0,0.0,0.0
2013,WS,descada01,SLN,NL,4,10,2,1,0,0,0,0,0,0.0,2,2.0,1.0,0.0,0.0,0.0,0.0
2013,WS,doubrfe01,BOS,AL,2,1,0,0,0,0,0,0,0,0.0,0,1.0,0.0,0.0,0.0,0.0,0.0
2013,WS,drewst01,BOS,AL,6,19,3,3,0,0,1,2,0,0.0,1,7.0,0.0,0.0,0.0,1.0,0.0
2013,WS,ellsbja01,BOS,AL,6,24,4,6,1,0,0,1,0,0.0,2,6.0,0.0,0.0,0.0,0.0,0.0
2013,WS,freesda01,SLN,NL,6,19,0,3,1,0,0,0,0,0.0,3,7.0,0.0,0.0,0.0,0.0,1.0
2013,WS,gomesjo01,BOS,AL,6,17,2,2,0,0,1,3,0,0.0,3,4.0,0.0,1.0,0.0,0.0,1.0
2013,WS,hollima01,SLN,NL,6,24,4,6,1,1,2,5,0,0.0,1,5.0,0.0,0.0,0.0,0.0,0.0
2013,WS,jayjo02,SLN,NL,6,18,1,3,0,0,0,0,1,0.0,3,2.0,0.0,0.0,0.0,0.0,0.0
2013,WS,kellyjo05,SLN,NL,1,2,0,0,0,0,0,0,0,0.0,0,1.0,0.0,0.0,0.0,0.0,0.0
2013,WS,kozmape01,SLN,NL,4,10,1,0,0,0,0,0,1,0.0,0,1.0,0.0,0.0,1.0,0.0,0.0
2013,WS,lackejo01,BOS,AL,3,0,0,0,0,0,0,0,0,0.0,0,0.0,0.0,0.0,0.0,0.0,0.0
2013,WS,lestejo01,BOS,AL,2,3,0,0,0,0,0,0,0,0.0,0,1.0,0.0,0.0,0.0,0.0,0.0
2013,WS,lynnla01,SLN,NL,2,2,0,0,0,0,0,0,0,0.0,0,1.0,0.0,0.0,0.0,0.0,0.0
2013,WS,manesse01,SLN,NL,4,0,0,0,0,0,0,0,0,0.0,0,0.0,0.0,0.0,0.0,0.0,0.0
2013,WS,martica04,SLN,NL,5,0,0,0,0,0,0,0,0,0.0,0,0.0,0.0,0.0,0.0,0.0,0.0
2013,WS,middlwi01,BOS,AL,1,2,0,0,0,0,0,0,0,0.0,0,1.0,0.0,0.0,0.0,0.0,0.0
2013,WS,molinya01,SLN,NL,6,23,0,7,1,0,0,2,0,0.0,1,3.0,1.0,0.0,0.0,0.0,0.0
2013,WS,napolmi01,BOS,AL,5,13,0,2,1,0,0,4,0,0.0,1,6.0,0.0,0.0,0.0,0.0,1.0
2013,WS,navada01,BOS,AL,5,14,1,2,1,0,0,2,0,0.0,0,4.0,0.0,0.0,0.0,0.0,1.0
2013,WS,ortizda01,BOS,AL,6,16,7,11,2,0,2,6,0,0.0,8,1.0,4.0,0.0,0.0,1.0,0.0
2013,WS,peavyja01,BOS,AL,1,1,0,0,0,0,0,0,0,0.0,0,0.0,0.0,0.0,0.0,0.0,0.0
2013,WS,pedrodu01,BOS,AL,6,24,5,5,2,0,0,1,0,0.0,1,4.0,0.0,0.0,0.0,0.0,0.0
2013,WS,robinsh01,SLN,NL,4,8,1,2,1,0,0,0,0,0.0,0,2.0,0.0,0.0,0.0,0.0,0.0
2013,WS,rosentr01,SLN,NL,4,0,0,0,0,0,0,0,0,0.0,0,0.0,0.0,0.0,0.0,0.0,0.0
2013,WS,rossda01,BOS,AL,4,16,1,3,1,0,0,1,0,0.0,0,8.0,0.0,0.0,0.0,0.0,0.0
2013,WS,saltaja01,BOS,AL,2,6,0,0,0,0,0,0,0,0.0,2,4.0,0.0,0.0,0.0,0.0,0.0
2013,WS,siegrke01,SLN,NL,4,0,0,0,0,0,0,0,0,0.0,0,0.0,0.0,0.0,0.0,0.0,0.0
2013,WS,tazawju01,BOS,AL,5,0,0,0,0,0,0,0,0,0.0,0,0.0,0.0,0.0,0.0,0.0,0.0
2013,WS,ueharko01,BOS,AL,5,0,0,0,0,0,0,0,0,0.0,0,0.0,0.0,0.0,0.0,0.0,0.0
2013,WS,victosh01,BOS,AL,4,13,2,2,1,0,0,4,0,0.0,2,2.0,0.0,1.0,0.0,0.0,0.0
2013,WS,wachami01,SLN,NL,2,0,0,0,0,0,0,0,0,0.0,0,0.0,0.0,0.0,0.0,0.0,0.0
2013,WS,wainwad01,SLN,NL,2,2,0,0,0,0,0,0,0,0.0,0,2.0,0.0,0.0,0.0,0.0,0.0
2013,WS,wongko01,SLN,NL,2,1,0,1,0,0,0,0,1,0.0,0,0.0,0.0,0.0,0.0,0.0,0.0
2013,WS,workmbr01,BOS,AL,3,1,0,0,0,0,0,0,0,0.0,0,1.0,0.0,0.0,0.0,0.0,0.0
2014,ALCS,aokino01,KCA,AL,4,11,3,3,0,0,0,0,0,0.0,2,0.0,0.0,1.0,0.0,0.0,0.0
2014,ALCS,brachbr01,BAL,AL,1,0,0,0,0,0,0,0,0,0.0,0,0.0,0.0,0.0,0.0,0.0,0.0
2014,ALCS,brittza01,BAL,AL,3,0,0,0,0,0,0,0,0,0.0,0,0.0,0.0,0.0,0.0,0.0,0.0
2014,ALCS,butlebi03,KCA,AL,4,14,1,4,2,0,0,3,0,0.0,1,2.0,0.0,0.0,0.0,2.0,1.0
2014,ALCS,cainlo01,KCA,AL,4,15,5,8,2,0,0,1,1,0.0,2,3.0,0.0,0.0,1.0,0.0,0.0
2014,ALCS,chenwe02,BAL,AL,1,0,0,0,0,0,0,0,0,0.0,0,0.0,0.0,0.0,0.0,0.0,0.0
2014,ALCS,colonch01,KCA,AL,1,0,0,0,0,0,0,0,0,0.0,0,0.0,0.0,0.0,0.0,0.0,0.0
2014,ALCS,cruzne02,BAL,AL,4,16,1,4,1,0,0,2,0,0.0,2,2.0,0.0,0.0,0.0,0.0,1.0
2014,ALCS,daviswa01,KCA,AL,4,0,0,0,0,0,0,0,0,0.0,0,0.0,0.0,0.0,0.0,0.0,0.0
2014,ALCS,deazaal01,BAL,AL,4,13,3,4,1,0,0,1,0,0.0,1,1.0,0.0,0.0,0.0,0.0,0.0
2014,ALCS,dysonja01,KCA,AL,4,4,1,0,0,0,0,0,0,2.0,1,2.0,0.0,0.0,0.0,0.0,0.0
2014,ALCS,escobal02,KCA,AL,4,18,3,5,1,0,1,2,0,0.0,1,1.0,0.0,0.0,0.0,0.0,0.0
2014,ALCS,finnebr01,KCA,AL,2,0,0,0,0,0,0,0,0,0.0,0,0.0,0.0,0.0,0.0,0.0,0.0
2014,ALCS,flahery01,BAL,AL,4,12,2,4,0,0,1,3,0,0.0,3,5.0,0.0,0.0,0.0,0.0,0.0
2014,ALCS,frasoja01,KCA,AL,1,0,0,0,0,0,0,0,0,0.0,0,0.0,0.0,0.0,0.0,0.0,0.0
2014,ALCS,gausmke01,BAL,AL,2,0,0,0,0,0,0,0,0,0.0,0,0.0,0.0,0.0,0.0,0.0,0.0
2014,ALCS,gonzami03,BAL,AL,1,0,0,0,0,0,0,0,0,0.0,0,0.0,0.0,0.0,0.0,0.0,0.0
2014,ALCS,gordoal01,KCA,AL,4,12,1,3,1,0,1,5,0,0.0,2,7.0,0.0,2.0,0.0,0.0,0.0
2014,ALCS,gorete01,KCA,AL,2,0,1,0,0,0,0,0,0,0.0,0,0.0,0.0,0.0,0.0,0.0,0.0
2014,ALCS,guthrje01,KCA,AL,1,0,0,0,0,0,0,0,0,0.0,0,0.0,0.0,0.0,0.0,0.0,0.0
2014,ALCS,hardyjj01,BAL,AL,4,15,0,3,1,0,0,1,0,0.0,1,4.0,0.0,0.0,0.0,0.0,0.0
2014,ALCS,herreke01,KCA,AL,4,0,0,0,0,0,0,0,0,0.0,0,0.0,0.0,0.0,0.0,0.0,0.0
2014,ALCS,hollagr01,KCA,AL,4,0,0,0,0,0,0,0,0,0.0,0,0.0,0.0,0.0,0.0,0.0,0.0
2014,ALCS,hosmeer01,KCA,AL,4,15,0,6,0,0,0,3,0,0.0,2,4.0,1.0,0.0,0.0,0.0,0.0
2014,ALCS,hundlni01,BAL,AL,2,7,0,1,0,0,0,0,0,0.0,0,3.0,0.0,0.0,0.0,0.0,0.0
2014,ALCS,hunteto02,BAL,AL,1,0,0,0,0,0,0,0,0,0.0,0,0.0,0.0,0.0,0.0,0.0,0.0
2014,ALCS,infanom01,KCA,AL,4,13,0,4,0,0,0,0,0,0.0,3,3.0,1.0,0.0,0.0,0.0,1.0
2014,ALCS,johnske05,BAL,AL,1,1,0,0,0,0,0,0,0,0.0,0,0.0,0.0,0.0,0.0,0.0,0.0
2014,ALCS,jonesad01,BAL,AL,4,16,2,4,0,0,1,3,0,0.0,2,5.0,0.0,0.0,0.0,0.0,0.0
2014,ALCS,josepca01,BAL,AL,2,6,0,2,0,0,0,1,0,0.0,0,2.0,0.0,0.0,0.0,1.0,0.0
2014,ALCS,loughda01,BAL,AL,1,0,0,0,0,0,0,0,0,0.0,0,0.0,0.0,0.0,0.0,0.0,0.0
2014,ALCS,markani01,BAL,AL,4,19,1,5,1,0,0,0,1,0.0,0,1.0,0.0,0.0,0.0,0.0,0.0
2014,ALCS,matusbr01,BAL,AL,1,0,0,0,0,0,0,0,0,0.0,0,0.0,0.0,0.0,0.0,0.0,0.0
2014,ALCS,millean01,BAL,AL,3,0,0,0,0,0,0,0,0,0.0,0,0.0,0.0,0.0,0.0,0.0,0.0
2014,ALCS,moustmi01,KCA,AL,4,15,2,3,0,0,2,3,0,0.0,0,4.0,0.0,0.0,1.0,0.0,1.0
2014,ALCS,norribu01,BAL,AL,1,0,0,0,0,0,0,0,0,0.0,0,0.0,0.0,0.0,0.0,0.0,0.0
2014,ALCS,odayda01,BAL,AL,3,0,0,0,0,0,0,0,0,0.0,0,0.0,0.0,0.0,0.0,0.0,0.0
2014,ALCS,paredji01,BAL,AL,1,0,0,0,0,0,0,0,0,0.0,1,0.0,0.0,0.0,0.0,0.0,0.0
2014,ALCS,pearcst01,BAL,AL,4,17,2,1,1,0,0,0,0,0.0,1,2.0,0.0,0.0,0.0,0.0,0.0
2014,ALCS,perezsa02,KCA,AL,4,15,1,1,0,0,0,0,0,0.0,1,2.0,0.0,0.0,0.0,0.0,0.0
2014,ALCS,schoojo01,BAL,AL,4,11,1,1,0,0,0,0,1,0.0,2,3.0,0.0,0.0,0.0,0.0,0.0
2014,ALCS,shielja02,KCA,AL,1,0,0,0,0,0,0,0,0,0.0,0,0.0,0.0,0.0,0.0,0.0,0.0
2014,ALCS,tillmch01,BAL,AL,1,0,0,0,0,0,0,0,0,0.0,0,0.0,0.0,0.0,0.0,0.0,0.0
2014,ALCS,vargaja01,KCA,AL,1,0,0,0,0,0,0,0,0,0.0,0,0.0,0.0,0.0,0.0,0.0,0.0
2014,ALCS,ventuyo01,KCA,AL,1,0,0,0,0,0,0,0,0,0.0,0,0.0,0.0,0.0,0.0,0.0,0.0
2014,ALCS,youngde03,BAL,AL,2,5,0,1,0,0,0,1,0,0.0,0,1.0,0.0,0.0,0.0,0.0,2.0
2014,ALDS1,aokino01,KCA,AL,3,12,2,4,0,0,0,1,0,0.0,1,1.0,0.0,0.0,0.0,0.0,0.0
2014,ALDS1,aybarer01,LAA,AL,3,11,0,5,1,0,0,0,1,0.0,0,1.0,0.0,0.0,2.0,0.0,0.0
2014,ALDS1,beckhgo01,LAA,AL,2,1,0,0,0,0,0,0,0,0.0,0,1.0,0.0,1.0,0.0,0.0,0.0
2014,ALDS1,butlebi03,KCA,AL,3,9,1,0,0,0,0,0,1,0.0,3,1.0,0.0,0.0,0.0,0.0,1.0
2014,ALDS1,cainlo01,KCA,AL,3,13,2,2,0,0,0,1,0,0.0,0,3.0,0.0,0.0,0.0,1.0,0.0
2014,ALDS1,calhoko01,LAA,AL,3,15,1,5,0,0,0,0,0,0.0,0,1.0,0.0,0.0,0.0,0.0,0.0
2014,ALDS1,colliti01,KCA,AL,1,0,0,0,0,0,0,0,0,0.0,0,0.0,0.0,0.0,0.0,0.0,0.0
2014,ALDS1,congeha01,LAA,AL,1,1,0,0,0,0,0,0,0,0.0,0,1.0,0.0,0.0,0.0,0.0,0.0
2014,ALDS1,cowgico01,LAA,AL,1,0,0,0,0,0,0,0,0,0.0,0,0.0,0.0,0.0,0.0,0.0,0.0
2014,ALDS1,croncj01,LAA,AL,3,9,0,1,1,0,0,0,0,0.0,2,4.0,0.0,0.0,0.0,0.0,0.0
2014,ALDS1,daviswa01,KCA,AL,3,0,0,0,0,0,0,0,0,0.0,0,0.0,0.0,0.0,0.0,0.0,0.0
2014,ALDS1,duffyda01,KCA,AL,1,0,0,0,0,0,0,0,0,0.0,0,0.0,0.0,0.0,0.0,0.0,0.0
2014,ALDS1,dysonja01,KCA,AL,3,2,0,0,0,0,0,0,0,0.0,0,0.0,0.0,0.0,0.0,0.0,0.0
2014,ALDS1,escobal02,KCA,AL,3,14,1,3,1,0,0,1,0,0.0,0,5.0,0.0,0.0,1.0,0.0,0.0
2014,ALDS1,finnebr01,KCA,AL,2,0,0,0,0,0,0,0,0,0.0,0,0.0,0.0,0.0,0.0,0.0,0.0
2014,ALDS1,frasoja01,KCA,AL,2,0,0,0,0,0,0,0,0,0.0,0,0.0,0.0,0.0,0.0,0.0,0.0
2014,ALDS1,freesda01,LAA,AL,3,8,1,1,0,0,1,1,0,0.0,2,4.0,0.0,1.0,0.0,0.0,1.0
2014,ALDS1,gordoal01,KCA,AL,3,10,2,3,2,0,0,4,2,0.0,3,2.0,2.0,0.0,0.0,0.0,0.0
2014,ALDS1,gorete01,KCA,AL,2,0,0,0,0,0,0,0,2,0.0,0,0.0,0.0,0.0,0.0,0.0,0.0
2014,ALDS1,grillja01,LAA,AL,2,0,0,0,0,0,0,0,0,0.0,0,0.0,0.0,0.0,0.0,0.0,0.0
2014,ALDS1,hamiljo03,LAA,AL,3,13,0,0,0,0,0,1,0,0.0,0,2.0,0.0,0.0,0.0,0.0,1.0
2014,ALDS1,herreke01,KCA,AL,2,0,0,0,0,0,0,0,0,0.0,0,0.0,0.0,0.0,0.0,0.0,0.0
2014,ALDS1,hollagr01,KCA,AL,3,0,0,0,0,0,0,0,0,0.0,0,0.0,0.0,0.0,0.0,0.0,0.0
2014,ALDS1,hosmeer01,KCA,AL,3,10,3,4,1,0,2,4,0,0.0,3,4.0,0.0,0.0,0.0,0.0,0.0
2014,ALDS1,iannech01,LAA,AL,3,10,1,1,0,0,1,1,0,0.0,1,2.0,0.0,0.0,0.0,0.0,0.0
2014,ALDS1,infanom01,KCA,AL,3,11,1,0,0,0,0,1,0,0.0,1,4.0,0.0,0.0,0.0,1.0,0.0
2014,ALDS1,jepseke01,LAA,AL,3,0,0,0,0,0,0,0,0,0.0,0,0.0,0.0,0.0,0.0,0.0,0.0
2014,ALDS1,kendrho01,LAA,AL,3,13,1,2,1,0,0,0,0,0.0,0,5.0,0.0,0.0,0.0,0.0,0.0
2014,ALDS1,morinmi01,LAA,AL,1,0,0,0,0,0,0,0,0,0.0,0,0.0,0.0,0.0,0.0,0.0,0.0
2014,ALDS1,moustmi01,KCA,AL,3,11,3,3,0,0,2,2,0,0.0,1,2.0,0.0,0.0,0.0,0.0,0.0
2014,ALDS1,navaref01,LAA,AL,1,1,0,0,0,0,0,0,0,0.0,0,1.0,0.0,0.0,0.0,0.0,0.0
2014,ALDS1,perezsa02,KCA,AL,3,13,0,2,0,0,0,1,0,0.0,0,4.0,0.0,0.0,0.0,0.0,0.0
2014,ALDS1,pestavi01,LAA,AL,2,0,0,0,0,0,0,0,0,0.0,0,0.0,0.0,0.0,0.0,0.0,0.0
2014,ALDS1,pujolal01,LAA,AL,3,12,1,2,0,0,1,2,0,0.0,1,1.0,0.0,0.0,0.0,0.0,0.0
2014,ALDS1,rasmuco02,LAA,AL,1,0,0,0,0,0,0,0,0,0.0,0,0.0,0.0,0.0,0.0,0.0,0.0
2014,ALDS1,salasfe01,LAA,AL,2,0,0,0,0,0,0,0,0,0.0,0,0.0,0.0,0.0,0.0,0.0,0.0
2014,ALDS1,santihe01,LAA,AL,1,0,0,0,0,0,0,0,0,0.0,0,0.0,0.0,0.0,0.0,0.0,0.0
2014,ALDS1,shielja02,KCA,AL,1,0,0,0,0,0,0,0,0,0.0,0,0.0,0.0,0.0,0.0,0.0,0.0
2014,ALDS1,shoemma01,LAA,AL,1,0,0,0,0,0,0,0,0,0.0,0,0.0,0.0,0.0,0.0,0.0,0.0
2014,ALDS1,smithjo05,LAA,AL,2,0,0,0,0,0,0,0,0,0.0,0,0.0,0.0,0.0,0.0,0.0,0.0
2014,ALDS1,streehu01,LAA,AL,2,0,0,0,0,0,0,0,0,0.0,0,0.0,0.0,0.0,0.0,0.0,0.0
2014,ALDS1,troutmi01,LAA,AL,3,12,1,1,0,0,1,1,0,1.0,3,2.0,0.0,0.0,0.0,0.0,0.0
2014,ALDS1,vargaja01,KCA,AL,1,0,0,0,0,0,0,0,0,0.0,0,0.0,0.0,0.0,0.0,0.0,0.0
2014,ALDS1,ventuyo01,KCA,AL,1,0,0,0,0,0,0,0,0,0.0,0,0.0,0.0,0.0,0.0,0.0,0.0
2014,ALDS1,weaveje02,LAA,AL,1,0,0,0,0,0,0,0,0,0.0,0,0.0,0.0,0.0,0.0,0.0,0.0
2014,ALDS1,willijo03,KCA,AL,1,1,0,0,0,0,0,0,0,0.0,0,0.0,0.0,0.0,0.0,0.0,0.0
2014,ALDS1,wilsocj01,LAA,AL,1,0,0,0,0,0,0,0,0,0.0,0,0.0,0.0,0.0,0.0,0.0,0.0
2014,ALDS2,avilaal01,DET,AL,3,9,0,2,1,0,0,0,0,0.0,0,4.0,0.0,0.0,0.0,0.0,0.0
2014,ALDS2,brachbr01,BAL,AL,1,0,0,0,0,0,0,0,0,0.0,0,0.0,0.0,0.0,0.0,0.0,0.0
2014,ALDS2,brittza01,BAL,AL,3,0,0,0,0,0,0,0,0,0.0,0,0.0,0.0,0.0,0.0,0.0,0.0
2014,ALDS2,cabremi01,DET,AL,3,11,2,4,1,0,1,1,0,0.0,1,2.0,0.0,0.0,0.0,0.0,1.0
2014,ALDS2,carreez01,DET,AL,3,1,0,0,0,0,0,0,1,0.0,1,0.0,0.0,0.0,0.0,0.0,0.0
2014,ALDS2,casteni01,DET,AL,3,10,1,1,0,0,1,1,0,0.0,2,1.0,1.0,0.0,0.0,0.0,0.0
2014,ALDS2,chambjo03,DET,AL,2,0,0,0,0,0,0,0,0,0.0,0,0.0,0.0,0.0,0.0,0.0,0.0
2014,ALDS2,chenwe02,BAL,AL,1,0,0,0,0,0,0,0,0,0.0,0,0.0,0.0,0.0,0.0,0.0,0.0
2014,ALDS2,cokeph01,DET,AL,1,0,0,0,0,0,0,0,0,0.0,0,0.0,0.0,0.0,0.0,0.0,0.0
2014,ALDS2,cruzne02,BAL,AL,3,12,4,6,0,0,2,5,0,0.0,0,3.0,0.0,0.0,0.0,0.0,0.0
2014,ALDS2,davisra01,DET,AL,3,6,0,2,0,0,0,0,0,0.0,0,0.0,0.0,0.0,0.0,0.0,0.0
2014,ALDS2,deazaal01,BAL,AL,2,8,1,3,2,0,0,2,0,0.0,0,0.0,0.0,1.0,0.0,0.0,0.0
2014,ALDS2,flahery01,BAL,AL,3,9,2,2,0,0,0,1,0,0.0,1,2.0,0.0,0.0,0.0,0.0,0.0
2014,ALDS2,gausmke01,BAL,AL,1,0,0,0,0,0,0,0,0,0.0,0,0.0,0.0,0.0,0.0,0.0,0.0
2014,ALDS2,hardyjj01,BAL,AL,3,10,3,3,0,0,1,2,0,0.0,2,1.0,1.0,0.0,0.0,0.0,0.0
2014,ALDS2,holadbr01,DET,AL,1,2,0,0,0,0,0,0,0,0.0,0,1.0,0.0,0.0,0.0,0.0,0.0
2014,ALDS2,hundlni01,BAL,AL,3,8,0,0,0,0,0,1,0,0.0,0,2.0,0.0,0.0,0.0,0.0,0.0
2014,ALDS2,hunteto01,DET,AL,3,10,2,2,0,0,0,0,0,0.0,2,2.0,0.0,0.0,0.0,0.0,0.0
2014,ALDS2,hunteto02,BAL,AL,1,0,0,0,0,0,0,0,0,0.0,0,0.0,0.0,0.0,0.0,0.0,0.0
2014,ALDS2,johnske05,BAL,AL,1,1,0,0,0,0,0,0,0,0.0,0,0.0,0.0,0.0,0.0,0.0,0.0
2014,ALDS2,jonesad01,BAL,AL,3,11,4,2,0,0,0,0,1,0.0,1,3.0,0.0,1.0,0.0,0.0,1.0
2014,ALDS2,josepca01,BAL,AL,1,3,0,0,0,0,0,0,0,0.0,0,2.0,0.0,0.0,0.0,0.0,0.0
2014,ALDS2,kellydo01,DET,AL,2,2,0,1,0,0,0,0,1,0.0,0,1.0,0.0,0.0,0.0,0.0,0.0
2014,ALDS2,kinslia01,DET,AL,3,12,0,1,0,0,0,0,0,0.0,1,3.0,0.0,0.0,0.0,0.0,0.0
2014,ALDS2,loughda01,BAL,AL,1,1,0,0,0,0,0,0,0,0.0,0,0.0,0.0,0.0,0.0,0.0,0.0
2014,ALDS2,markani01,BAL,AL,3,12,3,3,0,0,1,3,0,0.0,1,2.0,0.0,0.0,0.0,0.0,0.0
2014,ALDS2,martijd02,DET,AL,3,12,2,3,1,0,2,5,0,0.0,0,4.0,0.0,0.0,0.0,0.0,0.0
2014,ALDS2,martivi01,DET,AL,3,12,3,4,2,0,1,3,0,0.0,0,4.0,0.0,0.0,0.0,0.0,0.0
2014,ALDS2,millean01,BAL,AL,2,0,0,0,0,0,0,0,0,0.0,0,0.0,0.0,0.0,0.0,0.0,0.0
2014,ALDS2,nathajo01,DET,AL,1,0,0,0,0,0,0,0,0,0.0,0,0.0,0.0,0.0,0.0,0.0,0.0
2014,ALDS2,norribu01,BAL,AL,1,0,0,0,0,0,0,0,0,0.0,0,0.0,0.0,0.0,0.0,0.0,0.0
2014,ALDS2,odayda01,BAL,AL,1,0,0,0,0,0,0,0,0,0.0,0,0.0,0.0,0.0,0.0,0.0,0.0
2014,ALDS2,pearcst01,BAL,AL,3,10,2,3,0,0,0,1,0,0.0,1,1.0,0.0,1.0,0.0,0.0,0.0
2014,ALDS2,perezhe01,DET,AL,2,2,0,0,0,0,0,0,0,0.0,0,0.0,0.0,0.0,0.0,0.0,1.0
2014,ALDS2,priceda01,DET,AL,1,0,0,0,0,0,0,0,0,0.0,0,0.0,0.0,0.0,0.0,0.0,0.0
2014,ALDS2,rominan01,DET,AL,3,11,0,2,0,0,0,0,0,0.0,0,4.0,0.0,0.0,0.0,0.0,0.0
2014,ALDS2,sanchan01,DET,AL,1,0,0,0,0,0,0,0,0,0.0,0,0.0,0.0,0.0,0.0,0.0,0.0
2014,ALDS2,scherma01,DET,AL,1,0,0,0,0,0,0,0,0,0.0,0,0.0,0.0,0.0,0.0,0.0,0.0
2014,ALDS2,schoojo01,BAL,AL,3,10,2,3,1,0,0,2,1,0.0,1,1.0,0.0,0.0,0.0,0.0,0.0
2014,ALDS2,soriajo01,DET,AL,2,0,0,0,0,0,0,0,0,0.0,0,0.0,0.0,0.0,0.0,0.0,0.0
2014,ALDS2,suareeu01,DET,AL,1,1,0,0,0,0,0,0,0,0.0,0,0.0,0.0,0.0,0.0,0.0,0.0
2014,ALDS2,tillmch01,BAL,AL,1,0,0,0,0,0,0,0,0,0.0,0,0.0,0.0,0.0,0.0,0.0,0.0
2014,ALDS2,verlaju01,DET,AL,1,0,0,0,0,0,0,0,0,0.0,0,0.0,0.0,0.0,0.0,0.0,0.0
2014,ALDS2,youngde03,BAL,AL,2,4,0,1,1,0,0,3,0,0.0,0,2.0,0.0,0.0,0.0,0.0,0.0
2014,ALWC,abadfe01,OAK,AL,1,0,0,0,0,0,0,0,0,0.0,0,0.0,0.0,0.0,0.0,0.0,0.0
2014,ALWC,aokino01,KCA,AL,1,4,1,0,0,0,0,1,1,0.0,0,0.0,0.0,0.0,0.0,1.0,0.0
2014,ALWC,butlebi03,KCA,AL,1,4,0,2,0,0,0,2,0,0.0,0,1.0,0.0,0.0,0.0,0.0,0.0
2014,ALWC,cainlo01,KCA,AL,1,6,2,2,1,0,0,2,1,0.0,0,0.0,0.0,0.0,0.0,0.0,0.0
2014,ALWC,callaal01,OAK,AL,1,1,0,1,0,0,0,1,0,0.0,0,0.0,0.0,0.0,0.0,0.0,0.0
2014,ALWC,colonch01,KCA,AL,1,1,1,1,0,0,0,1,1,0.0,0,0.0,0.0,0.0,1.0,0.0,0.0
2014,ALWC,crispco01,OAK,AL,1,6,1,2,0,0,0,1,0,0.0,0,3.0,0.0,0.0,0.0,0.0,0.0
2014,ALWC,daviswa01,KCA,AL,1,0,0,0,0,0,0,0,0,0.0,0,0.0,0.0,0.0,0.0,0.0,0.0
2014,ALWC,donaljo02,OAK,AL,1,5,1,2,0,0,0,0,0,0.0,1,2.0,0.0,0.0,0.0,0.0,0.0
2014,ALWC,doolise01,OAK,AL,1,0,0,0,0,0,0,0,0,0.0,0,0.0,0.0,0.0,0.0,0.0,0.0
2014,ALWC,dysonja01,KCA,AL,1,0,1,0,0,0,0,0,1,0.0,0,0.0,0.0,0.0,1.0,0.0,0.0
2014,ALWC,escobal02,KCA,AL,1,4,1,2,0,0,0,0,1,0.0,0,0.0,0.0,0.0,2.0,0.0,0.0
2014,ALWC,finnebr01,KCA,AL,1,0,0,0,0,0,0,0,0,0.0,0,0.0,0.0,0.0,0.0,0.0,0.0
2014,ALWC,frasoja01,KCA,AL,1,0,0,0,0,0,0,0,0,0.0,0,0.0,0.0,0.0,0.0,0.0,0.0
2014,ALWC,freimna01,OAK,AL,1,1,0,0,0,0,0,0,0,0.0,0,0.0,0.0,0.0,0.0,0.0,0.0
2014,ALWC,fuldsa01,OAK,AL,1,5,1,2,0,0,0,0,0,0.0,1,1.0,0.0,0.0,0.0,0.0,0.0
2014,ALWC,gomesjo01,OAK,AL,1,0,0,0,0,0,0,0,0,0.0,0,0.0,0.0,0.0,0.0,0.0,0.0
2014,ALWC,gordoal01,KCA,AL,1,5,0,0,0,0,0,0,1,0.0,1,2.0,0.0,0.0,0.0,0.0,0.0
2014,ALWC,gorete01,KCA,AL,1,0,0,0,0,0,0,0,1,0.0,0,0.0,0.0,0.0,0.0,0.0,0.0
2014,ALWC,gregelu01,OAK,AL,1,0,0,0,0,0,0,0,0,0.0,0,0.0,0.0,0.0,0.0,0.0,0.0
2014,ALWC,hammeja01,OAK,AL,1,0,0,0,0,0,0,0,0,0.0,0,0.0,0.0,0.0,0.0,0.0,0.0
2014,ALWC,herreke01,KCA,AL,1,0,0,0,0,0,0,0,0,0.0,0,0.0,0.0,0.0,0.0,0.0,0.0
2014,ALWC,hollagr01,KCA,AL,1,0,0,0,0,0,0,0,0,0.0,0,0.0,0.0,0.0,0.0,0.0,0.0
2014,ALWC,hosmeer01,KCA,AL,1,4,2,3,0,1,0,1,0,1.0,2,0.0,0.0,0.0,0.0,0.0,0.0
2014,ALWC,infanom01,KCA,AL,1,5,0,2,0,0,0,0,0,0.0,0,2.0,0.0,0.0,0.0,0.0,0.0
2014,ALWC,lestejo01,OAK,AL,1,0,0,0,0,0,0,0,0,0.0,0,0.0,0.0,0.0,0.0,0.0,0.0
2014,ALWC,lowrije01,OAK,AL,1,5,0,0,0,0,0,0,0,0.0,0,0.0,0.0,0.0,1.0,0.0,0.0
2014,ALWC,mossbr01,OAK,AL,1,5,2,2,0,0,2,5,0,0.0,1,2.0,1.0,0.0,0.0,0.0,0.0
2014,ALWC,moustmi01,KCA,AL,1,3,1,1,0,0,0,0,0,0.0,0,0.0,0.0,0.0,0.0,0.0,0.0
2014,ALWC,nixja01,KCA,AL,1,1,0,0,0,0,0,0,0,0.0,0,1.0,0.0,0.0,0.0,0.0,0.0
2014,ALWC,norride01,OAK,AL,1,5,1,1,0,0,0,1,0,0.0,0,2.0,0.0,0.0,0.0,0.0,0.0
2014,ALWC,oteroda01,OAK,AL,1,0,0,0,0,0,0,0,0,0.0,0,0.0,0.0,0.0,0.0,0.0,0.0
2014,ALWC,perezsa02,KCA,AL,1,6,0,1,0,0,0,1,0,0.0,0,2.0,0.0,0.0,0.0,0.0,0.0
2014,ALWC,puntoni01,OAK,AL,1,2,0,0,0,0,0,0,0,0.0,0,1.0,0.0,0.0,0.0,0.0,0.0
2014,ALWC,reddijo01,OAK,AL,1,4,2,2,0,0,0,0,0,0.0,2,0.0,0.0,0.0,0.0,0.0,0.0
2014,ALWC,shielja02,KCA,AL,1,0,0,0,0,0,0,0,0,0.0,0,0.0,0.0,0.0,0.0,0.0,0.0
2014,ALWC,sogarer01,OAK,AL,1,4,0,1,0,0,0,0,0,0.0,0,2.0,0.0,0.0,0.0,0.0,0.0
2014,ALWC,sotoge01,OAK,AL,1,1,0,0,0,0,0,0,0,0.0,0,1.0,0.0,0.0,0.0,0.0,0.0
2014,ALWC,ventuyo01,KCA,AL,1,0,0,0,0,0,0,0,0,0.0,0,0.0,0.0,0.0,0.0,0.0,0.0
2014,ALWC,vogtst01,OAK,AL,1,3,0,0,0,0,0,0,0,0.0,1,1.0,0.0,0.0,0.0,0.0,0.0
2014,ALWC,willijo03,KCA,AL,1,1,0,1,0,0,0,0,0,0.0,0,0.0,0.0,0.0,0.0,0.0,0.0
2014,NLCS,adamsma01,SLN,NL,5,18,3,4,0,0,2,3,0,0.0,2,3.0,0.0,0.0,0.0,0.0,1.0
2014,NLCS,affelje01,SFN,NL,4,0,0,0,0,0,0,0,0,0.0,0,0.0,0.0,0.0,0.0,0.0,0.0
2014,NLCS,ariasjo01,SFN,NL,3,2,2,1,0,0,0,1,0,0.0,0,0.0,0.0,0.0,0.0,0.0,0.0
2014,NLCS,beltbr01,SFN,NL,5,14,3,3,0,0,0,1,0,0.0,5,4.0,1.0,0.0,0.0,1.0,0.0
2014,NLCS,blancgr01,SFN,NL,5,22,3,5,1,0,0,2,0,0.0,1,3.0,0.0,0.0,1.0,0.0,0.0
2014,NLCS,bourjpe01,SLN,NL,2,1,0,0,0,0,0,0,0,0.0,0,0.0,0.0,0.0,0.0,0.0,0.0
2014,NLCS,bumgama01,SFN,NL,2,6,0,0,0,0,0,0,0,0.0,0,2.0,0.0,0.0,0.0,0.0,0.0
2014,NLCS,carpema01,SLN,NL,5,20,2,4,1,0,1,1,0,0.0,2,8.0,0.0,0.0,0.0,0.0,1.0
2014,NLCS,choatra01,SLN,NL,4,0,0,0,0,0,0,0,0,0.0,0,0.0,0.0,0.0,0.0,0.0,0.0
2014,NLCS,crawfbr01,SFN,NL,5,16,3,2,1,0,0,0,0,0.0,3,3.0,0.0,0.0,0.0,0.0,0.0
2014,NLCS,cruzto03,SLN,NL,4,5,2,1,0,0,1,1,0,0.0,2,2.0,0.0,0.0,0.0,0.0,0.0
2014,NLCS,descada01,SLN,NL,3,2,0,0,0,0,0,0,0,0.0,0,0.0,0.0,0.0,0.0,0.0,0.0
2014,NLCS,duffyma01,SFN,NL,2,0,1,0,0,0,0,0,0,0.0,0,0.0,0.0,0.0,1.0,0.0,0.0
2014,NLCS,garcija01,SFN,NL,4,0,0,0,0,0,0,0,0,0.0,0,0.0,0.0,0.0,0.0,0.0,0.0
2014,NLCS,gonzama02,SLN,NL,3,0,0,0,0,0,0,0,0,0.0,0,0.0,0.0,0.0,1.0,0.0,0.0
2014,NLCS,grichra01,SLN,NL,5,19,1,3,0,0,1,2,0,0.0,0,6.0,0.0,0.0,0.0,0.0,0.0
2014,NLCS,hollima01,SLN,NL,5,22,2,5,1,0,0,0,0,0.0,0,1.0,0.0,0.0,0.0,0.0,0.0
2014,NLCS,hudsoti01,SFN,NL,1,2,0,1,0,0,0,0,0,0.0,0,0.0,0.0,0.0,0.0,0.0,0.0
2014,NLCS,ishiktr01,SFN,NL,5,13,1,5,2,0,1,7,0,0.0,1,3.0,0.0,0.0,0.0,0.0,0.0
2014,NLCS,jayjo02,SLN,NL,5,18,2,9,1,0,0,1,0,1.0,2,1.0,0.0,1.0,0.0,0.0,0.0
2014,NLCS,lackejo01,SLN,NL,1,1,0,0,0,0,0,0,0,0.0,0,1.0,0.0,1.0,0.0,0.0,0.0
2014,NLCS,lopezja02,SFN,NL,3,0,0,0,0,0,0,0,0,0.0,0,0.0,0.0,0.0,0.0,0.0,0.0
2014,NLCS,lynnla01,SLN,NL,1,2,0,0,0,0,0,0,0,0.0,0,1.0,0.0,0.0,0.0,0.0,0.0
2014,NLCS,machije01,SFN,NL,2,0,0,0,0,0,0,0,0,0.0,0,0.0,0.0,0.0,0.0,0.0,0.0
2014,NLCS,manesse01,SLN,NL,4,0,0,0,0,0,0,0,0,0.0,0,0.0,0.0,0.0,0.0,0.0,0.0
2014,NLCS,martica04,SLN,NL,3,0,0,0,0,0,0,0,0,0.0,0,0.0,0.0,0.0,0.0,0.0,0.0
2014,NLCS,millesh01,SLN,NL,1,2,0,0,0,0,0,0,0,0.0,0,1.0,0.0,0.0,0.0,0.0,0.0
2014,NLCS,molinya01,SLN,NL,2,6,0,2,0,0,0,0,0,0.0,0,0.0,0.0,0.0,1.0,0.0,1.0
2014,NLCS,morsemi01,SFN,NL,4,4,1,2,0,0,1,1,0,0.0,0,0.0,0.0,0.0,0.0,0.0,0.0
2014,NLCS,neshepa01,SLN,NL,4,0,0,0,0,0,0,0,0,0.0,0,0.0,0.0,0.0,0.0,0.0,0.0
2014,NLCS,panikjo01,SFN,NL,5,22,1,4,0,0,1,3,0,0.0,1,1.0,0.0,0.0,0.0,0.0,1.0
2014,NLCS,peavyja01,SFN,NL,1,1,0,0,0,0,0,0,0,0.0,0,0.0,0.0,0.0,0.0,0.0,0.0
2014,NLCS,pencehu01,SFN,NL,5,17,2,4,1,0,0,3,1,0.0,3,4.0,0.0,0.0,0.0,0.0,0.0
2014,NLCS,peraljh01,SLN,NL,5,17,0,2,0,0,0,1,0,0.0,3,2.0,0.0,0.0,0.0,0.0,2.0
2014,NLCS,perezju02,SFN,NL,4,5,1,2,0,0,0,0,0,0.0,1,1.0,0.0,0.0,1.0,0.0,0.0
2014,NLCS,petityu01,SFN,NL,1,1,0,0,0,0,0,0,0,0.0,0,1.0,0.0,0.0,0.0,0.0,0.0
2014,NLCS,pierzaj01,SLN,NL,2,6,0,1,0,0,0,1,0,0.0,1,1.0,0.0,0.0,0.0,0.0,0.0
2014,NLCS,poseybu01,SFN,NL,5,20,3,4,0,0,0,3,0,0.0,2,3.0,0.0,0.0,0.0,1.0,0.0
2014,NLCS,romose01,SFN,NL,4,0,0,0,0,0,0,0,0,0.0,0,0.0,0.0,0.0,0.0,0.0,0.0
2014,NLCS,rosentr01,SLN,NL,1,0,0,0,0,0,0,0,0,0.0,0,0.0,0.0,0.0,0.0,0.0,0.0
2014,NLCS,sandopa01,SFN,NL,5,20,3,8,3,0,0,0,0,0.0,2,2.0,0.0,1.0,0.0,0.0,2.0
2014,NLCS,strichu01,SFN,NL,1,0,0,0,0,0,0,0,0,0.0,0,0.0,0.0,0.0,0.0,0.0,0.0
2014,NLCS,susacan01,SFN,NL,1,1,0,1,0,0,0,0,0,0.0,0,0.0,0.0,0.0,0.0,0.0,0.0
2014,NLCS,taveros01,SLN,NL,3,3,1,2,0,0,1,1,0,0.0,0,0.0,0.0,0.0,0.0,0.0,0.0
2014,NLCS,vogelry01,SFN,NL,1,0,0,0,0,0,0,0,0,0.0,0,0.0,0.0,0.0,0.0,0.0,0.0
2014,NLCS,wachami01,SLN,NL,1,0,0,0,0,0,0,0,0,0.0,0,0.0,0.0,0.0,0.0,0.0,0.0
2014,NLCS,wainwad01,SLN,NL,2,3,0,0,0,0,0,0,0,0.0,0,2.0,0.0,0.0,1.0,0.0,0.0
2014,NLCS,wongko01,SLN,NL,5,18,3,5,2,1,2,4,1,0.0,1,3.0,1.0,0.0,0.0,0.0,0.0
2014,NLDS1,affelje01,SFN,NL,3,0,0,0,0,0,0,0,0,0.0,0,0.0,0.0,0.0,0.0,0.0,0.0
2014,NLDS1,ariasjo01,SFN,NL,1,0,0,0,0,0,0,0,0,0.0,0,0.0,0.0,0.0,0.0,0.0,0.0
2014,NLDS1,barreaa01,WAS,NL,2,0,0,0,0,0,0,0,0,0.0,0,0.0,0.0,0.0,0.0,0.0,0.0
2014,NLDS1,beltbr01,SFN,NL,4,18,1,5,0,0,1,2,0,1.0,1,4.0,0.0,0.0,0.0,0.0,0.0
2014,NLDS1,blancgr01,SFN,NL,4,18,0,2,0,0,0,1,1,0.0,2,1.0,0.0,0.0,1.0,0.0,0.0
2014,NLDS1,blevije01,WAS,NL,3,0,0,0,0,0,0,0,0,0.0,0,0.0,0.0,0.0,0.0,0.0,0.0
2014,NLDS1,brownga02,SFN,NL,1,1,0,0,0,0,0,0,0,0.0,0,1.0,0.0,0.0,0.0,0.0,0.0
2014,NLDS1,bumgama01,SFN,NL,1,1,0,0,0,0,0,0,0,0.0,1,1.0,0.0,0.0,0.0,0.0,0.0
2014,NLDS1,cabreas01,WAS,NL,4,15,2,3,1,0,1,2,0,0.0,0,5.0,0.0,0.0,0.0,0.0,0.0
2014,NLDS1,clippty01,WAS,NL,3,0,0,0,0,0,0,0,0,0.0,0,0.0,0.0,0.0,0.0,0.0,0.0
2014,NLDS1,crawfbr01,SFN,NL,4,17,1,5,1,0,0,1,0,0.0,1,4.0,0.0,0.0,0.0,1.0,0.0
2014,NLDS1,desmoia01,WAS,NL,4,18,2,3,0,0,0,0,1,0.0,1,6.0,0.0,0.0,0.0,0.0,0.0
2014,NLDS1,duffyma01,SFN,NL,4,4,0,0,0,0,0,0,0,0.0,0,1.0,0.0,0.0,0.0,0.0,0.0
2014,NLDS1,espinda01,WAS,NL,2,4,0,0,0,0,0,0,0,0.0,0,1.0,0.0,0.0,0.0,0.0,0.0
2014,NLDS1,fistedo01,WAS,NL,1,3,0,0,0,0,0,0,0,0.0,0,1.0,0.0,0.0,0.0,0.0,0.0
2014,NLDS1,frandke01,WAS,NL,1,1,0,0,0,0,0,0,0,0.0,0,0.0,0.0,0.0,0.0,0.0,0.0
2014,NLDS1,garcija01,SFN,NL,3,0,0,0,0,0,0,0,0,0.0,0,0.0,0.0,0.0,0.0,0.0,0.0
2014,NLDS1,gonzagi01,WAS,NL,1,1,0,0,0,0,0,0,0,0.0,0,1.0,0.0,0.0,0.0,0.0,0.0
2014,NLDS1,harpebr03,WAS,NL,4,17,4,5,1,0,3,4,0,0.0,2,3.0,0.0,0.0,0.0,0.0,0.0
2014,NLDS1,hudsoti01,SFN,NL,1,1,0,0,0,0,0,0,0,0.0,0,1.0,0.0,0.0,1.0,0.0,0.0
2014,NLDS1,ishiktr01,SFN,NL,4,11,1,2,0,0,0,0,0,0.0,1,1.0,0.0,0.0,0.0,0.0,0.0
2014,NLDS1,larocad01,WAS,NL,4,18,0,1,0,0,0,0,0,0.0,1,4.0,0.0,0.0,0.0,0.0,0.0
2014,NLDS1,lopezja02,SFN,NL,3,0,0,0,0,0,0,0,0,0.0,0,0.0,0.0,0.0,0.0,0.0,0.0
2014,NLDS1,machije01,SFN,NL,2,0,0,0,0,0,0,0,0,0.0,0,0.0,0.0,0.0,0.0,0.0,0.0
2014,NLDS1,panikjo01,SFN,NL,4,19,3,4,0,1,0,2,0,0.0,1,0.0,0.0,0.0,0.0,0.0,0.0
2014,NLDS1,peavyja01,SFN,NL,1,2,0,0,0,0,0,0,0,0.0,0,0.0,0.0,0.0,1.0,0.0,0.0
2014,NLDS1,pencehu01,SFN,NL,4,18,1,5,2,0,0,0,1,1.0,1,3.0,0.0,0.0,0.0,0.0,0.0
2014,NLDS1,perezju02,SFN,NL,3,7,1,0,0,0,0,0,0,0.0,1,1.0,0.0,0.0,1.0,0.0,0.0
2014,NLDS1,petityu01,SFN,NL,1,1,0,0,0,0,0,0,0,0.0,0,0.0,0.0,0.0,0.0,0.0,0.0
2014,NLDS1,poseybu01,SFN,NL,4,18,0,7,0,0,0,1,0,1.0,1,1.0,1.0,1.0,0.0,0.0,1.0
2014,NLDS1,ramoswi01,WAS,NL,4,17,1,2,0,0,0,0,0,0.0,1,6.0,0.0,0.0,1.0,0.0,1.0
2014,NLDS1,rendoan01,WAS,NL,4,19,0,7,0,0,0,1,1,0.0,1,2.0,0.0,0.0,0.0,0.0,0.0
2014,NLDS1,roarkta01,WAS,NL,2,1,0,0,0,0,0,0,0,0.0,0,0.0,0.0,0.0,0.0,0.0,0.0
2014,NLDS1,romose01,SFN,NL,3,0,0,0,0,0,0,0,0,0.0,0,0.0,0.0,0.0,0.0,0.0,0.0
2014,NLDS1,sandopa01,SFN,NL,4,19,1,4,1,0,0,1,0,0.0,1,4.0,1.0,0.0,0.0,0.0,0.0
2014,NLDS1,schiena01,WAS,NL,4,1,0,1,1,0,0,0,0,0.0,2,0.0,1.0,0.0,0.0,0.0,0.0
2014,NLDS1,soriara01,WAS,NL,2,0,0,0,0,0,0,0,0,0.0,0,0.0,0.0,0.0,0.0,0.0,0.0
2014,NLDS1,spande01,WAS,NL,4,19,0,2,0,0,0,0,0,0.0,1,3.0,0.0,0.0,0.0,0.0,1.0
2014,NLDS1,stammcr01,WAS,NL,2,0,0,0,0,0,0,0,0,0.0,0,0.0,0.0,0.0,0.0,0.0,0.0
2014,NLDS1,storedr01,WAS,NL,2,0,0,0,0,0,0,0,0,0.0,0,0.0,0.0,0.0,0.0,0.0,0.0
2014,NLDS1,strasst01,WAS,NL,1,1,0,0,0,0,0,0,0,0.0,0,0.0,0.0,0.0,0.0,0.0,0.0
2014,NLDS1,strichu01,SFN,NL,3,0,0,0,0,0,0,0,0,0.0,0,0.0,0.0,0.0,0.0,0.0,0.0
2014,NLDS1,susacan01,SFN,NL,1,1,0,0,0,0,0,0,0,0.0,0,0.0,0.0,0.0,0.0,0.0,0.0
2014,NLDS1,thornma01,WAS,NL,3,0,0,0,0,0,0,0,0,0.0,0,0.0,0.0,0.0,0.0,0.0,0.0
2014,NLDS1,vogelry01,SFN,NL,1,2,0,1,0,0,0,0,0,0.0,0,1.0,0.0,0.0,0.0,0.0,0.0
2014,NLDS1,werthja01,WAS,NL,4,17,0,1,0,0,0,0,0,0.0,3,5.0,0.0,0.0,0.0,0.0,0.0
2014,NLDS1,zimmejo02,WAS,NL,1,3,0,0,0,0,0,0,0,0.0,0,2.0,0.0,0.0,0.0,0.0,0.0
2014,NLDS1,zimmery01,WAS,NL,4,4,0,1,0,0,0,0,0,0.0,0,0.0,0.0,0.0,0.0,0.0,0.0
2014,NLDS2,adamsma01,SLN,NL,4,12,2,3,0,0,1,4,0,0.0,3,2.0,2.0,0.0,0.0,0.0,1.0
2014,NLDS2,baezpe01,LAN,NL,2,0,0,0,0,0,0,0,0,0.0,0,0.0,0.0,0.0,0.0,0.0,0.0
2014,NLDS2,bourjpe01,SLN,NL,3,1,0,0,0,0,0,0,0,0.0,0,1.0,0.0,0.0,0.0,0.0,0.0
2014,NLDS2,carpema01,SLN,NL,4,16,4,6,3,0,3,7,0,0.0,1,4.0,0.0,0.0,0.0,0.0,0.0
2014,NLDS2,choatra01,SLN,NL,1,0,0,0,0,0,0,0,0,0.0,0,0.0,0.0,0.0,0.0,0.0,0.0
2014,NLDS2,crawfca02,LAN,NL,4,17,2,5,1,0,0,1,0,0.0,0,7.0,0.0,0.0,0.0,0.0,1.0
2014,NLDS2,descada01,SLN,NL,1,0,0,0,0,0,0,0,0,0.0,0,0.0,0.0,0.0,1.0,0.0,0.0
2014,NLDS2,elbersc01,LAN,NL,2,0,0,0,0,0,0,0,0,0.0,0,0.0,0.0,0.0,0.0,0.0,0.0
2014,NLDS2,ellisaj01,LAN,NL,4,13,4,7,1,0,1,2,0,0.0,4,1.0,1.0,0.0,0.0,0.0,0.0
2014,NLDS2,ethiean01,LAN,NL,2,4,0,1,1,0,0,0,0,0.0,2,1.0,0.0,0.0,0.0,0.0,0.0
2014,NLDS2,freemsa01,SLN,NL,1,0,0,0,0,0,0,0,0,0.0,0,0.0,0.0,0.0,0.0,0.0,0.0
2014,NLDS2,gonzaad01,LAN,NL,4,16,1,3,0,0,1,3,0,0.0,1,2.0,0.0,0.0,0.0,0.0,0.0
2014,NLDS2,gonzama02,SLN,NL,3,0,0,0,0,0,0,0,0,0.0,0,0.0,0.0,0.0,0.0,0.0,0.0
2014,NLDS2,gordode01,LAN,NL,4,17,0,3,0,0,0,2,1,0.0,2,6.0,0.0,0.0,0.0,0.0,0.0
2014,NLDS2,greinza01,LAN,NL,1,3,1,2,0,0,0,0,0,0.0,0,0.0,0.0,0.0,0.0,0.0,0.0
2014,NLDS2,grichra01,SLN,NL,4,16,2,3,0,0,1,1,0,0.0,1,7.0,0.0,0.0,0.0,0.0,0.0
2014,NLDS2,hollima01,SLN,NL,4,15,3,4,0,0,1,3,0,0.0,1,5.0,0.0,0.0,0.0,0.0,0.0
2014,NLDS2,howeljp01,LAN,NL,3,0,0,0,0,0,0,0,0,0.0,0,0.0,0.0,0.0,0.0,0.0,0.0
2014,NLDS2,janseke01,LAN,NL,1,0,0,0,0,0,0,0,0,0.0,0,0.0,0.0,0.0,0.0,0.0,0.0
2014,NLDS2,jayjo02,SLN,NL,4,11,1,5,0,0,0,1,0,0.0,1,2.0,0.0,2.0,1.0,0.0,0.0
2014,NLDS2,kempma01,LAN,NL,4,17,1,6,0,0,1,2,0,0.0,0,3.0,0.0,0.0,0.0,0.0,1.0
2014,NLDS2,kershcl01,LAN,NL,2,2,0,1,0,0,0,0,0,0.0,1,0.0,0.0,0.0,3.0,0.0,0.0
2014,NLDS2,kozmape01,SLN,NL,2,5,0,0,0,0,0,0,0,0.0,0,3.0,0.0,0.0,0.0,0.0,0.0
2014,NLDS2,lackejo01,SLN,NL,1,2,0,0,0,0,0,0,0,0.0,0,0.0,0.0,0.0,0.0,0.0,0.0
2014,NLDS2,leagubr01,LAN,NL,4,0,0,0,0,0,0,0,0,0.0,0,0.0,0.0,0.0,0.0,0.0,0.0
2014,NLDS2,lynnla01,SLN,NL,1,2,0,0,0,0,0,0,0,0.0,0,2.0,0.0,0.0,0.0,0.0,0.0
2014,NLDS2,manesse01,SLN,NL,2,0,0,0,0,0,0,0,0,0.0,0,0.0,0.0,0.0,0.0,0.0,0.0
2014,NLDS2,martica04,SLN,NL,1,0,0,0,0,0,0,0,0,0.0,0,0.0,0.0,0.0,0.0,0.0,0.0
2014,NLDS2,millesh01,SLN,NL,1,1,0,0,0,0,0,0,0,0.0,0,1.0,0.0,0.0,0.0,0.0,0.0
2014,NLDS2,molinya01,SLN,NL,4,15,2,3,1,0,0,0,0,0.0,0,3.0,0.0,0.0,0.0,0.0,0.0
2014,NLDS2,neshepa01,SLN,NL,4,0,0,0,0,0,0,0,0,0.0,0,0.0,0.0,0.0,0.0,0.0,0.0
2014,NLDS2,peraljh01,SLN,NL,4,14,2,3,1,0,0,0,0,0.0,1,4.0,0.0,0.0,0.0,0.0,1.0
2014,NLDS2,puigya01,LAN,NL,4,12,4,3,0,1,0,1,0,0.0,1,8.0,0.0,1.0,0.0,0.0,0.0
2014,NLDS2,ramirha01,LAN,NL,4,14,2,6,1,0,0,2,1,0.0,1,0.0,0.0,1.0,0.0,0.0,1.0
2014,NLDS2,rojasmi02,LAN,NL,1,1,0,0,0,0,0,0,0,0.0,0,0.0,0.0,0.0,0.0,0.0,0.0
2014,NLDS2,rosentr01,SLN,NL,3,0,0,0,0,0,0,0,0,0.0,0,0.0,0.0,0.0,0.0,0.0,0.0
2014,NLDS2,ryuhy01,LAN,NL,1,1,0,0,0,0,0,0,0,0.0,0,1.0,0.0,0.0,1.0,0.0,0.0
2014,NLDS2,taveros01,SLN,NL,4,4,1,1,0,0,0,0,0,0.0,0,1.0,0.0,0.0,0.0,0.0,0.0
2014,NLDS2,turneju01,LAN,NL,2,2,0,0,0,0,0,0,0,0.0,0,1.0,0.0,0.0,0.0,0.0,0.0
2014,NLDS2,uribeju01,LAN,NL,4,17,0,2,0,0,0,1,0,0.0,0,6.0,0.0,0.0,0.0,0.0,0.0
2014,NLDS2,vanslsc01,LAN,NL,1,1,0,0,0,0,0,0,0,0.0,0,0.0,0.0,0.0,0.0,0.0,0.0
2014,NLDS2,wainwad01,SLN,NL,1,1,0,0,0,0,0,0,0,0.0,0,0.0,0.0,0.0,0.0,0.0,0.0
2014,NLDS2,wilsobr01,LAN,NL,1,0,0,0,0,0,0,0,0,0.0,0,0.0,0.0,0.0,0.0,0.0,0.0
2014,NLDS2,wongko01,SLN,NL,3,11,1,2,1,0,1,2,0,0.0,0,2.0,0.0,0.0,0.0,0.0,2.0
2014,NLWC,ariasjo01,SFN,NL,1,0,0,0,0,0,0,0,0,0.0,0,0.0,0.0,0.0,0.0,0.0,0.0
2014,NLWC,beltbr01,SFN,NL,1,3,1,2,0,0,0,3,0,0.0,2,0.0,0.0,0.0,0.0,0.0,0.0
2014,NLWC,blancgr01,SFN,NL,1,4,1,0,0,0,0,0,0,0.0,1,0.0,0.0,0.0,0.0,0.0,0.0
2014,NLWC,bumgama01,SFN,NL,1,4,0,0,0,0,0,0,0,0.0,0,3.0,0.0,0.0,0.0,0.0,0.0
2014,NLWC,crawfbr01,SFN,NL,1,5,1,1,0,0,1,4,0,0.0,0,2.0,0.0,0.0,0.0,0.0,1.0
2014,NLWC,harrijo05,PIT,NL,1,4,0,2,0,0,0,0,0,0.0,0,1.0,0.0,0.0,0.0,0.0,0.0
2014,NLWC,holdzjo01,PIT,NL,1,0,0,0,0,0,0,0,0,0.0,0,0.0,0.0,0.0,0.0,0.0,0.0
2014,NLWC,hugheja02,PIT,NL,1,0,0,0,0,0,0,0,0,0.0,0,0.0,0.0,0.0,0.0,0.0,0.0
2014,NLWC,ishiktr01,SFN,NL,1,2,0,0,0,0,0,0,0,0.0,1,1.0,0.0,0.0,0.0,0.0,0.0
2014,NLWC,lafrobo01,PIT,NL,1,0,0,0,0,0,0,0,0,0.0,0,0.0,0.0,0.0,0.0,0.0,0.0
2014,NLWC,martest01,PIT,NL,1,4,0,1,0,0,0,0,0,0.0,0,1.0,0.0,0.0,0.0,0.0,0.0
2014,NLWC,martiru01,PIT,NL,1,4,0,1,0,0,0,0,0,0.0,0,0.0,0.0,0.0,0.0,0.0,0.0
2014,NLWC,mccutan01,PIT,NL,1,3,0,0,0,0,0,0,0,0.0,1,1.0,0.0,0.0,0.0,0.0,0.0
2014,NLWC,melanma01,PIT,NL,1,0,0,0,0,0,0,0,0,0.0,0,0.0,0.0,0.0,0.0,0.0,0.0
2014,NLWC,mercejo03,PIT,NL,1,4,0,0,0,0,0,0,0,0.0,0,2.0,0.0,0.0,0.0,0.0,0.0
2014,NLWC,morelbr01,PIT,NL,1,1,0,0,0,0,0,0,0,0.0,0,0.0,0.0,0.0,0.0,0.0,0.0
2014,NLWC,panikjo01,SFN,NL,1,5,0,3,0,0,0,0,0,0.0,0,0.0,0.0,0.0,0.0,0.0,0.0
2014,NLWC,pencehu01,SFN,NL,1,4,2,1,0,0,0,0,0,0.0,1,0.0,0.0,0.0,0.0,0.0,0.0
2014,NLWC,perezju02,SFN,NL,1,1,0,0,0,0,0,0,0,0.0,0,0.0,0.0,0.0,0.0,0.0,0.0
2014,NLWC,poseybu01,SFN,NL,1,5,1,2,0,0,0,1,0,0.0,0,0.0,0.0,0.0,0.0,0.0,0.0
2014,NLWC,sanchga01,PIT,NL,1,3,0,0,0,0,0,0,0,0.0,0,0.0,0.0,0.0,0.0,0.0,0.0
2014,NLWC,sandopa01,SFN,NL,1,4,2,2,0,0,0,0,0,0.0,1,1.0,0.0,0.0,0.0,0.0,0.0
2014,NLWC,snidetr01,PIT,NL,1,2,0,0,0,0,0,0,0,0.0,0,2.0,0.0,0.0,0.0,0.0,0.0
2014,NLWC,tabatjo01,PIT,NL,1,2,0,0,0,0,0,0,0,0.0,0,1.0,0.0,0.0,0.0,0.0,0.0
2014,NLWC,volqued01,PIT,NL,1,1,0,0,0,0,0,0,0,0.0,0,0.0,0.0,0.0,0.0,0.0,0.0
2014,NLWC,walkene01,PIT,NL,1,4,0,0,0,0,0,0,0,0.0,0,2.0,0.0,0.0,0.0,0.0,0.0
2014,NLWC,wilsoju10,PIT,NL,1,0,0,0,0,0,0,0,0,0.0,0,0.0,0.0,0.0,0.0,0.0,0.0
2014,WS,affelje01,SFN,NL,4,0,0,0,0,0,0,0,0,0.0,0,0.0,0.0,0.0,0.0,0.0,0.0
2014,WS,aokino01,KCA,AL,6,14,1,1,0,0,0,1,0,0.0,2,2.0,0.0,0.0,0.0,0.0,2.0
2014,WS,ariasjo01,SFN,NL,3,2,0,1,0,0,0,0,0,0.0,0,1.0,0.0,0.0,0.0,0.0,0.0
2014,WS,beltbr01,SFN,NL,7,26,1,8,1,0,0,2,0,0.0,3,9.0,0.0,0.0,0.0,0.0,0.0
2014,WS,blancgr01,SFN,NL,7,28,6,4,0,0,1,2,1,0.0,6,4.0,0.0,0.0,0.0,0.0,0.0
2014,WS,bumgama01,SFN,NL,3,4,0,0,0,0,0,0,0,0.0,0,2.0,0.0,0.0,0.0,0.0,0.0
2014,WS,butlebi03,KCA,AL,5,15,1,5,1,0,0,3,0,0.0,1,1.0,0.0,0.0,0.0,0.0,1.0
2014,WS,cainlo01,KCA,AL,7,26,4,8,2,0,0,4,0,0.0,3,3.0,0.0,1.0,0.0,0.0,0.0
2014,WS,colliti01,KCA,AL,3,0,0,0,0,0,0,0,0,0.0,0,0.0,0.0,0.0,0.0,0.0,0.0
2014,WS,crawfbr01,SFN,NL,7,23,2,7,0,0,0,4,0,0.0,3,6.0,0.0,0.0,0.0,1.0,0.0
2014,WS,daviswa01,KCA,AL,4,0,0,0,0,0,0,0,0,0.0,0,0.0,0.0,0.0,0.0,0.0,0.0
2014,WS,duffyda01,KCA,AL,2,0,0,0,0,0,0,0,0,0.0,0,0.0,0.0,0.0,0.0,0.0,0.0
2014,WS,duffyma01,SFN,NL,2,2,1,1,0,0,0,0,0,0.0,0,1.0,0.0,0.0,0.0,0.0,0.0
2014,WS,dysonja01,KCA,AL,5,10,0,2,0,0,0,0,0,0.0,1,2.0,0.0,0.0,0.0,0.0,1.0
2014,WS,escobal02,KCA,AL,7,29,3,9,3,0,0,2,0,1.0,0,5.0,0.0,0.0,1.0,0.0,1.0
2014,WS,finnebr01,KCA,AL,2,0,0,0,0,0,0,0,0,0.0,0,0.0,0.0,0.0,0.0,0.0,0.0
2014,WS,frasoja01,KCA,AL,3,0,0,0,0,0,0,0,0,0.0,0,0.0,0.0,0.0,0.0,0.0,0.0
2014,WS,garcija01,SFN,NL,2,0,0,0,0,0,0,0,0,0.0,0,0.0,0.0,0.0,0.0,0.0,0.0
2014,WS,gordoal01,KCA,AL,7,27,4,5,3,0,0,2,1,0.0,0,5.0,0.0,1.0,0.0,0.0,1.0
2014,WS,gorete01,KCA,AL,1,0,1,0,0,0,0,0,0,0.0,0,0.0,0.0,0.0,0.0,0.0,0.0
2014,WS,guthrje01,KCA,AL,2,2,0,0,0,0,0,0,0,0.0,0,0.0,0.0,0.0,0.0,0.0,0.0
2014,WS,herreke01,KCA,AL,4,1,0,0,0,0,0,0,0,0.0,0,1.0,0.0,0.0,0.0,0.0,0.0
2014,WS,hollagr01,KCA,AL,3,0,0,0,0,0,0,0,0,0.0,0,0.0,0.0,0.0,0.0,0.0,0.0
2014,WS,hosmeer01,KCA,AL,7,28,3,7,2,0,0,4,0,0.0,2,8.0,0.0,0.0,0.0,0.0,1.0
2014,WS,hudsoti01,SFN,NL,2,1,0,0,0,0,0,0,0,0.0,0,0.0,0.0,0.0,0.0,0.0,0.0
2014,WS,infanom01,KCA,AL,7,22,4,7,3,0,1,5,0,0.0,1,6.0,0.0,0.0,0.0,1.0,0.0
2014,WS,ishiktr01,SFN,NL,6,13,0,3,0,0,0,0,0,0.0,1,4.0,0.0,0.0,0.0,0.0,0.0
2014,WS,linceti01,SFN,NL,1,0,0,0,0,0,0,0,0,0.0,0,0.0,0.0,0.0,0.0,0.0,0.0
2014,WS,lopezja02,SFN,NL,3,0,0,0,0,0,0,0,0,0.0,0,0.0,0.0,0.0,0.0,0.0,0.0
2014,WS,machije01,SFN,NL,3,0,0,0,0,0,0,0,0,0.0,0,0.0,0.0,0.0,0.0,0.0,0.0
2014,WS,morsemi01,SFN,NL,6,16,2,4,1,0,0,4,0,0.0,1,5.0,0.0,0.0,0.0,1.0,0.0
2014,WS,moustmi01,KCA,AL,7,23,3,5,2,0,1,2,0,0.0,1,3.0,0.0,0.0,0.0,0.0,0.0
2014,WS,nixja01,KCA,AL,2,2,0,0,0,0,0,0,0,0.0,0,1.0,0.0,0.0,0.0,0.0,0.0
2014,WS,panikjo01,SFN,NL,7,27,3,6,2,1,0,3,0,0.0,2,5.0,0.0,0.0,1.0,0.0,0.0
2014,WS,peavyja01,SFN,NL,2,0,0,0,0,0,0,0,0,0.0,0,0.0,0.0,0.0,0.0,0.0,0.0
2014,WS,pencehu01,SFN,NL,7,27,7,12,3,0,1,5,0,1.0,3,2.0,0.0,0.0,0.0,0.0,1.0
2014,WS,perezju02,SFN,NL,6,12,1,3,1,0,0,3,0,0.0,0,4.0,0.0,0.0,1.0,1.0,0.0
2014,WS,perezsa02,KCA,AL,7,24,3,8,1,0,1,4,0,0.0,0,2.0,0.0,1.0,0.0,0.0,2.0
2014,WS,petityu01,SFN,NL,2,1,0,1,0,0,0,0,0,0.0,0,0.0,0.0,0.0,0.0,0.0,0.0
2014,WS,poseybu01,SFN,NL,7,26,1,4,0,0,0,2,0,0.0,3,3.0,1.0,0.0,0.0,0.0,2.0
2014,WS,romose01,SFN,NL,2,0,0,0,0,0,0,0,0,0.0,0,0.0,0.0,0.0,0.0,0.0,0.0
2014,WS,sandopa01,SFN,NL,7,28,6,12,3,0,0,4,0,0.0,1,4.0,0.0,1.0,0.0,0.0,0.0
2014,WS,shielja02,KCA,AL,2,2,0,0,0,0,0,0,0,0.0,0,1.0,0.0,0.0,0.0,0.0,0.0
2014,WS,strichu01,SFN,NL,4,0,0,0,0,0,0,0,0,0.0,0,0.0,0.0,0.0,0.0,0.0,0.0
2014,WS,susacan01,SFN,NL,2,2,0,0,0,0,0,0,0,0.0,0,1.0,0.0,0.0,0.0,0.0,0.0
2014,WS,vargaja01,KCA,AL,1,2,0,0,0,0,0,0,0,0.0,0,1.0,0.0,0.0,0.0,0.0,0.0
2014,WS,ventuyo01,KCA,AL,2,0,0,0,0,0,0,0,0,0.0,0,0.0,0.0,0.0,0.0,0.0,0.0
2014,WS,vogelry01,SFN,NL,2,0,0,0,0,0,0,0,0,0.0,0,0.0,0.0,0.0,0.0,0.0,0.0
2014,WS,willijo03,KCA,AL,2,2,0,0,0,0,0,0,0,0.0,0,2.0,0.0,0.0,0.0,0.0,0.0
2015,ALCS,bautijo02,TOR,AL,6,19,4,6,1,0,2,6,0,0.0,7,5.0,0.0,0.0,0.0,0.0,0.0
2015,ALCS,buterdr01,KCA,AL,1,1,0,0,0,0,0,0,0,0.0,0,0.0,0.0,0.0,0.0,0.0,0.0
2015,ALCS,cainlo01,KCA,AL,6,20,3,6,0,0,0,5,2,1.0,5,3.0,0.0,0.0,0.0,1.0,0.0
2015,ALCS,carreez01,TOR,AL,1,1,0,0,0,0,0,0,0,0.0,0,0.0,0.0,0.0,0.0,0.0,0.0
2015,ALCS,colabch01,TOR,AL,6,23,2,5,1,0,1,1,0,0.0,1,4.0,0.0,0.0,0.0,0.0,2.0
2015,ALCS,cuetojo01,KCA,AL,1,0,0,0,0,0,0,0,0,0.0,0,0.0,0.0,0.0,0.0,0.0,0.0
2015,ALCS,daviswa01,KCA,AL,2,0,0,0,0,0,0,0,0,0.0,0,0.0,0.0,0.0,0.0,0.0,0.0
2015,ALCS,dickera01,TOR,AL,1,0,0,0,0,0,0,0,0,0.0,0,0.0,0.0,0.0,0.0,0.0,0.0
2015,ALCS,donaljo02,TOR,AL,6,23,4,6,2,0,1,4,1,0.0,3,6.0,0.0,1.0,0.0,0.0,0.0
2015,ALCS,duffyda01,KCA,AL,2,0,0,0,0,0,0,0,0,0.0,0,0.0,0.0,0.0,0.0,0.0,0.0
2015,ALCS,dysonja01,KCA,AL,1,0,0,0,0,0,0,0,0,0.0,0,0.0,0.0,0.0,0.0,0.0,0.0
2015,ALCS,encared01,TOR,AL,6,22,2,5,1,0,0,2,0,0.0,2,7.0,0.0,0.0,0.0,0.0,1.0
2015,ALCS,escobal02,KCA,AL,6,23,6,11,2,1,0,5,0,0.0,0,2.0,0.0,2.0,0.0,2.0,0.0
2015,ALCS,estrama01,TOR,AL,2,0,0,0,0,0,0,0,0,0.0,0,0.0,0.0,0.0,0.0,0.0,0.0
2015,ALCS,goinsry01,TOR,AL,6,19,3,5,1,0,1,4,0,0.0,0,7.0,0.0,0.0,1.0,0.0,0.0
2015,ALCS,gordoal01,KCA,AL,6,19,5,5,2,0,0,1,0,0.0,1,5.0,0.0,1.0,0.0,0.0,0.0
2015,ALCS,gorete01,KCA,AL,1,0,0,0,0,0,0,0,0,0.0,0,0.0,0.0,0.0,0.0,0.0,0.0
2015,ALCS,hawkila01,TOR,AL,2,0,0,0,0,0,0,0,0,0.0,0,0.0,0.0,0.0,0.0,0.0,0.0
2015,ALCS,hendrli01,TOR,AL,2,0,0,0,0,0,0,0,0,0.0,0,0.0,0.0,0.0,0.0,0.0,0.0
2015,ALCS,herreke01,KCA,AL,5,0,0,0,0,0,0,0,0,0.0,0,0.0,0.0,0.0,0.0,0.0,0.0
2015,ALCS,hochelu01,KCA,AL,3,0,0,0,0,0,0,0,0,0.0,0,0.0,0.0,0.0,0.0,0.0,0.0
2015,ALCS,hosmeer01,KCA,AL,6,24,4,6,1,0,0,6,0,0.0,1,6.0,0.0,0.0,0.0,1.0,0.0
2015,ALCS,loupaa01,TOR,AL,2,0,0,0,0,0,0,0,0,0.0,0,0.0,0.0,0.0,0.0,0.0,0.0
2015,ALCS,lowema01,TOR,AL,4,0,0,0,0,0,0,0,0,0.0,0,0.0,0.0,0.0,0.0,0.0,0.0
2015,ALCS,madsory01,KCA,AL,3,0,0,0,0,0,0,0,0,0.0,0,0.0,0.0,0.0,0.0,0.0,0.0
2015,ALCS,martiru01,TOR,AL,4,11,1,1,0,0,0,0,0,0.0,3,5.0,0.0,1.0,0.0,0.0,0.0
2015,ALCS,medlekr01,KCA,AL,1,0,0,0,0,0,0,0,0,0.0,0,0.0,0.0,0.0,0.0,0.0,0.0
2015,ALCS,moralfr01,KCA,AL,2,0,0,0,0,0,0,0,0,0.0,0,0.0,0.0,0.0,0.0,0.0,0.0
2015,ALCS,moralke01,KCA,AL,6,22,2,6,0,0,1,4,0,0.0,2,5.0,0.0,0.0,0.0,1.0,0.0
2015,ALCS,moustmi01,KCA,AL,6,24,3,5,0,0,1,5,0,0.0,0,5.0,0.0,0.0,0.0,1.0,1.0
2015,ALCS,navardi01,TOR,AL,3,8,0,0,0,0,0,0,0,0.0,1,5.0,0.0,0.0,0.0,0.0,0.0
2015,ALCS,orlanpa01,KCA,AL,4,2,2,2,0,0,0,0,0,0.0,0,0.0,0.0,0.0,0.0,0.0,0.0
2015,ALCS,osunaro01,TOR,AL,3,0,0,0,0,0,0,0,0,0.0,0,0.0,0.0,0.0,0.0,0.0,0.0
2015,ALCS,pennicl01,TOR,AL,3,0,0,0,0,0,0,0,0,0.0,1,0.0,0.0,0.0,0.0,0.0,0.0
2015,ALCS,perezsa02,KCA,AL,6,22,4,3,1,0,2,2,0,0.0,1,4.0,0.0,0.0,0.0,0.0,1.0
2015,ALCS,pillake01,TOR,AL,6,21,3,5,3,0,0,2,2,0.0,3,3.0,0.0,0.0,0.0,0.0,0.0
2015,ALCS,pompeda01,TOR,AL,2,1,0,1,0,0,0,0,2,0.0,0,0.0,0.0,0.0,0.0,0.0,0.0
2015,ALCS,priceda01,TOR,AL,2,0,0,0,0,0,0,0,0,0.0,0,0.0,0.0,0.0,0.0,0.0,0.0
2015,ALCS,reverbe01,TOR,AL,6,24,4,5,1,0,0,0,0,0.0,3,7.0,0.0,0.0,0.0,0.0,0.0
2015,ALCS,riosal01,KCA,AL,6,19,1,7,0,0,1,3,1,1.0,0,3.0,0.0,0.0,0.0,0.0,0.0
2015,ALCS,sanchaa01,TOR,AL,4,0,0,0,0,0,0,0,0,0.0,0,0.0,0.0,0.0,0.0,0.0,0.0
2015,ALCS,smoakju01,TOR,AL,3,2,0,0,0,0,0,0,0,0.0,0,0.0,0.0,0.0,0.0,0.0,0.0
2015,ALCS,stromma01,TOR,AL,1,0,0,0,0,0,0,0,0,0.0,0,0.0,0.0,0.0,0.0,0.0,0.0
2015,ALCS,teperry01,TOR,AL,1,0,0,0,0,0,0,0,0,0.0,0,0.0,0.0,0.0,0.0,0.0,0.0
2015,ALCS,tulowtr01,TOR,AL,6,23,3,7,2,0,1,7,0,0.0,0,7.0,0.0,0.0,0.0,0.0,0.0
2015,ALCS,ventuyo01,KCA,AL,2,0,0,0,0,0,0,0,0,0.0,0,0.0,0.0,0.0,0.0,0.0,0.0
2015,ALCS,volqued01,KCA,AL,2,0,0,0,0,0,0,0,0,0.0,0,0.0,0.0,0.0,0.0,0.0,0.0
2015,ALCS,youngch03,KCA,AL,1,0,0,0,0,0,0,0,0,0.0,0,0.0,0.0,0.0,0.0,0.0,0.0
2015,ALCS,zobribe01,KCA,AL,6,25,8,8,3,0,2,4,0,0.0,2,2.0,0.0,0.0,0.0,0.0,1.0
2015,ALDS1,altuvjo01,HOU,AL,5,22,2,3,0,0,0,1,0,1.0,1,2.0,0.0,0.0,0.0,0.0,1.0
2015,ALDS1,buterdr01,KCA,AL,1,0,0,0,0,0,0,0,0,0.0,1,0.0,0.0,0.0,0.0,0.0,0.0
2015,ALDS1,cainlo01,KCA,AL,5,20,5,5,1,0,1,2,0,0.0,2,5.0,2.0,0.0,0.0,0.0,1.0
2015,ALDS1,cartech02,HOU,AL,5,17,3,5,1,0,1,1,0,0.0,0,7.0,0.0,0.0,0.0,0.0,0.0
2015,ALDS1,castrja01,HOU,AL,5,14,1,1,0,0,0,2,0,0.0,1,7.0,0.0,0.0,0.0,0.0,1.0
2015,ALDS1,congeha01,HOU,AL,1,0,0,0,0,0,0,0,0,0.0,0,0.0,0.0,0.0,0.0,0.0,0.0
2015,ALDS1,correca01,HOU,AL,5,20,2,7,1,0,2,4,0,0.0,0,5.0,0.0,1.0,0.0,0.0,1.0
2015,ALDS1,cuetojo01,KCA,AL,2,0,0,0,0,0,0,0,0,0.0,0,0.0,0.0,0.0,0.0,0.0,0.0
2015,ALDS1,daviswa01,KCA,AL,3,0,0,0,0,0,0,0,0,0.0,0,0.0,0.0,0.0,0.0,0.0,0.0
2015,ALDS1,duffyda01,KCA,AL,1,0,0,0,0,0,0,0,0,0.0,0,0.0,0.0,0.0,0.0,0.0,0.0
2015,ALDS1,dysonja01,KCA,AL,2,1,0,0,0,0,0,0,2,0.0,0,1.0,0.0,0.0,0.0,0.0,0.0
2015,ALDS1,escobal02,KCA,AL,5,21,3,6,1,1,0,0,0,0.0,0,4.0,0.0,1.0,1.0,0.0,0.0
2015,ALDS1,fieldjo03,HOU,AL,2,0,0,0,0,0,0,0,0,0.0,0,0.0,0.0,0.0,0.0,0.0,0.0
2015,ALDS1,fiersmi01,HOU,AL,1,0,0,0,0,0,0,0,0,0.0,0,0.0,0.0,0.0,0.0,0.0,0.0
2015,ALDS1,gattiev01,HOU,AL,5,19,1,4,0,0,0,1,0,0.0,0,5.0,0.0,0.0,0.0,0.0,0.0
2015,ALDS1,gomezca01,HOU,AL,5,12,1,3,0,0,1,2,0,0.0,0,4.0,0.0,0.0,0.0,0.0,0.0
2015,ALDS1,gonzama01,HOU,AL,3,2,0,0,0,0,0,0,0,0.0,0,1.0,0.0,0.0,0.0,0.0,0.0
2015,ALDS1,gordoal01,KCA,AL,5,17,2,4,1,0,1,2,0,0.0,2,5.0,0.0,0.0,0.0,0.0,1.0
2015,ALDS1,gorete01,KCA,AL,1,0,0,0,0,0,0,0,1,1.0,0,0.0,0.0,0.0,0.0,0.0,0.0
2015,ALDS1,gregelu01,HOU,AL,3,0,0,0,0,0,0,0,0,0.0,0,0.0,0.0,0.0,0.0,0.0,0.0
2015,ALDS1,harriwi02,HOU,AL,3,0,0,0,0,0,0,0,0,0.0,0,0.0,0.0,0.0,0.0,0.0,0.0
2015,ALDS1,herreke01,KCA,AL,3,0,0,0,0,0,0,0,0,0.0,0,0.0,0.0,0.0,0.0,0.0,0.0
2015,ALDS1,hochelu01,KCA,AL,2,0,0,0,0,0,0,0,0,0.0,0,0.0,0.0,0.0,0.0,0.0,0.0
2015,ALDS1,hosmeer01,KCA,AL,5,21,3,4,0,0,1,5,0,0.0,0,4.0,0.0,0.0,0.0,0.0,0.0
2015,ALDS1,kazmisc01,HOU,AL,1,0,0,0,0,0,0,0,0,0.0,0,0.0,0.0,0.0,0.0,0.0,0.0
2015,ALDS1,keuchda01,HOU,AL,2,0,0,0,0,0,0,0,0,0.0,0,0.0,0.0,0.0,0.0,0.0,0.0
2015,ALDS1,lowrije01,HOU,AL,3,3,0,0,0,0,0,0,0,0.0,0,1.0,0.0,0.0,0.0,0.0,0.0
2015,ALDS1,madsory01,KCA,AL,3,0,0,0,0,0,0,0,0,0.0,0,0.0,0.0,0.0,0.0,0.0,0.0
2015,ALDS1,marisja01,HOU,AL,3,7,1,3,1,0,0,0,0,0.0,0,2.0,0.0,0.0,0.0,0.0,0.0
2015,ALDS1,mcculla02,HOU,AL,1,0,0,0,0,0,0,0,0,0.0,0,0.0,0.0,0.0,0.0,0.0,0.0
2015,ALDS1,mchugco01,HOU,AL,2,0,0,0,0,0,0,0,0,0.0,0,0.0,0.0,0.0,0.0,0.0,0.0
2015,ALDS1,moralke01,KCA,AL,5,19,3,5,0,0,3,6,0,0.0,1,4.0,0.0,0.0,0.0,0.0,0.0
2015,ALDS1,moustmi01,KCA,AL,5,18,1,2,1,0,0,0,0,0.0,2,2.0,0.0,1.0,0.0,0.0,0.0
2015,ALDS1,neshepa01,HOU,AL,2,0,0,0,0,0,0,0,0,0.0,0,0.0,0.0,0.0,0.0,0.0,0.0
2015,ALDS1,orlanpa01,KCA,AL,3,1,0,0,0,0,0,0,0,0.0,0,1.0,0.0,0.0,0.0,0.0,0.0
2015,ALDS1,perezol01,HOU,AL,2,0,0,0,0,0,0,0,0,0.0,0,0.0,0.0,0.0,0.0,0.0,0.0
2015,ALDS1,perezsa02,KCA,AL,5,14,3,4,0,0,2,4,0,0.0,2,3.0,0.0,2.0,0.0,0.0,0.0
2015,ALDS1,rasmuco01,HOU,AL,5,14,3,6,1,0,3,5,1,0.0,6,6.0,2.0,0.0,0.0,0.0,0.0
2015,ALDS1,riosal01,KCA,AL,5,14,3,4,2,0,0,2,0,0.0,3,5.0,0.0,0.0,0.0,0.0,0.0
2015,ALDS1,sippto01,HOU,AL,5,0,0,0,0,0,0,0,0,0.0,0,0.0,0.0,0.0,0.0,0.0,0.0
2015,ALDS1,springe01,HOU,AL,5,19,5,4,1,0,1,3,0,0.0,3,10.0,0.0,0.0,0.0,0.0,0.0
2015,ALDS1,tuckepr01,HOU,AL,3,2,0,0,0,0,0,0,0,0.0,1,2.0,0.0,0.0,0.0,0.0,0.0
2015,ALDS1,valbulu01,HOU,AL,5,13,2,2,0,0,1,2,0,0.0,4,6.0,0.0,0.0,0.0,0.0,0.0
2015,ALDS1,ventuyo01,KCA,AL,2,0,0,0,0,0,0,0,0,0.0,0,0.0,0.0,0.0,0.0,0.0,0.0
2015,ALDS1,volqued01,KCA,AL,1,0,0,0,0,0,0,0,0,0.0,0,0.0,0.0,0.0,0.0,0.0,0.0
2015,ALDS1,youngch03,KCA,AL,1,0,0,0,0,0,0,0,0,0.0,0,0.0,0.0,0.0,0.0,0.0,0.0
2015,ALDS1,zobribe01,KCA,AL,5,18,2,6,1,0,0,2,1,0.0,2,2.0,0.0,0.0,1.0,1.0,1.0
2015,ALDS2,alberha01,TEX,AL,3,10,0,2,1,0,0,2,0,0.0,0,2.0,0.0,0.0,0.0,1.0,0.0
2015,ALDS2,andruel01,TEX,AL,5,22,1,4,0,0,0,1,0,1.0,0,4.0,0.0,0.0,0.0,0.0,0.0
2015,ALDS2,bautijo02,TOR,AL,5,22,3,6,2,0,2,5,0,0.0,1,2.0,0.0,0.0,0.0,0.0,0.0
2015,ALDS2,beltrad01,TEX,AL,3,9,0,4,0,0,0,1,0,0.0,1,1.0,0.0,0.0,0.0,0.0,0.0
2015,ALDS2,carreez01,TOR,AL,1,1,0,0,0,0,0,0,0,0.0,0,0.0,0.0,0.0,0.0,0.0,0.0
2015,ALDS2,cecilbr01,TOR,AL,2,0,0,0,0,0,0,0,0,0.0,0,0.0,0.0,0.0,0.0,0.0,0.0
2015,ALDS2,chiriro01,TEX,AL,3,11,1,3,0,0,1,3,0,0.0,0,2.0,0.0,0.0,0.0,0.0,0.0
2015,ALDS2,choosh01,TEX,AL,5,21,4,5,0,0,1,2,0,0.0,1,6.0,0.0,0.0,1.0,0.0,0.0
2015,ALDS2,colabch01,TOR,AL,4,16,3,6,2,0,1,2,0,0.0,1,5.0,0.0,0.0,0.0,0.0,1.0
2015,ALDS2,deshide02,TEX,AL,5,24,4,7,3,0,0,2,1,0.0,0,2.0,0.0,0.0,0.0,0.0,0.0
2015,ALDS2,dickera01,TOR,AL,1,0,0,0,0,0,0,0,0,0.0,0,0.0,0.0,0.0,0.0,0.0,0.0
2015,ALDS2,diekmja01,TEX,AL,4,0,0,0,0,0,0,0,0,0.0,0,0.0,0.0,0.0,0.0,0.0,0.0
2015,ALDS2,donaljo02,TOR,AL,5,18,5,4,1,0,2,4,0,0.0,3,4.0,0.0,0.0,0.0,0.0,0.0
2015,ALDS2,dysonsa01,TEX,AL,4,0,0,0,0,0,0,0,0,0.0,0,0.0,0.0,0.0,0.0,0.0,0.0
2015,ALDS2,encared01,TOR,AL,5,18,3,6,1,0,1,3,0,0.0,5,1.0,3.0,0.0,0.0,0.0,0.0
2015,ALDS2,estrama01,TOR,AL,1,0,0,0,0,0,0,0,0,0.0,0,0.0,0.0,0.0,0.0,0.0,0.0
2015,ALDS2,fieldpr01,TEX,AL,5,20,1,3,0,0,0,1,0,0.0,1,4.0,0.0,0.0,0.0,0.0,1.0
2015,ALDS2,gallayo01,TEX,AL,1,0,0,0,0,0,0,0,0,0.0,0,0.0,0.0,0.0,0.0,0.0,0.0
2015,ALDS2,gimench01,TEX,AL,2,8,1,2,0,0,0,0,0,0.0,0,1.0,0.0,0.0,1.0,0.0,0.0
2015,ALDS2,goinsry01,TOR,AL,5,17,1,0,0,0,0,0,0,0.0,1,5.0,0.0,0.0,2.0,0.0,1.0
2015,ALDS2,gonzach01,TEX,AL,1,0,0,0,0,0,0,0,0,0.0,0,0.0,0.0,0.0,0.0,0.0,0.0
2015,ALDS2,hamelco01,TEX,AL,2,0,0,0,0,0,0,0,0,0.0,0,0.0,0.0,0.0,0.0,0.0,0.0
2015,ALDS2,hamiljo03,TEX,AL,5,18,0,3,1,0,0,0,0,0.0,1,5.0,0.0,0.0,0.0,0.0,0.0
2015,ALDS2,hawkila01,TOR,AL,1,0,0,0,0,0,0,0,0,0.0,0,0.0,0.0,0.0,0.0,0.0,0.0
2015,ALDS2,hendrli01,TOR,AL,1,0,0,0,0,0,0,0,0,0.0,0,0.0,0.0,0.0,0.0,0.0,0.0
2015,ALDS2,hollade01,TEX,AL,1,0,0,0,0,0,0,0,0,0.0,0,0.0,0.0,0.0,0.0,0.0,0.0
2015,ALDS2,kelake01,TEX,AL,3,0,0,0,0,0,0,0,0,0.0,0,0.0,0.0,0.0,0.0,0.0,0.0
2015,ALDS2,lewisco01,TEX,AL,1,0,0,0,0,0,0,0,0,0.0,0,0.0,0.0,0.0,0.0,0.0,0.0
2015,ALDS2,loupaa01,TOR,AL,2,0,0,0,0,0,0,0,0,0.0,0,0.0,0.0,0.0,0.0,0.0,0.0
2015,ALDS2,lowema01,TOR,AL,2,0,0,0,0,0,0,0,0,0.0,0,0.0,0.0,0.0,0.0,0.0,0.0
2015,ALDS2,martiru01,TOR,AL,4,15,2,3,2,0,0,1,0,0.0,1,3.0,0.0,2.0,0.0,0.0,1.0
2015,ALDS2,morelmi01,TEX,AL,5,13,0,0,0,0,0,1,0,0.0,2,3.0,0.0,0.0,0.0,0.0,0.0
2015,ALDS2,napolmi01,TEX,AL,4,7,0,1,0,0,0,1,0,1.0,2,3.0,0.0,0.0,0.0,0.0,1.0
2015,ALDS2,navardi01,TOR,AL,2,5,1,1,1,0,0,0,0,0.0,0,0.0,0.0,0.0,0.0,0.0,1.0
2015,ALDS2,odorro01,TEX,AL,5,18,7,5,1,0,1,2,0,0.0,1,4.0,0.0,2.0,0.0,0.0,0.0
2015,ALDS2,ohlenro01,TEX,AL,3,0,0,0,0,0,0,0,0,0.0,0,0.0,0.0,0.0,0.0,0.0,0.0
2015,ALDS2,osunaro01,TOR,AL,4,0,0,0,0,0,0,0,0,0.0,0,0.0,0.0,0.0,0.0,0.0,0.0
2015,ALDS2,pennicl01,TOR,AL,1,1,0,0,0,0,0,0,0,0.0,0,0.0,0.0,0.0,0.0,0.0,0.0
2015,ALDS2,perezma02,TEX,AL,1,0,0,0,0,0,0,0,0,0.0,0,0.0,0.0,0.0,0.0,0.0,0.0
2015,ALDS2,pillake01,TOR,AL,5,21,3,7,2,0,1,4,0,1.0,0,5.0,0.0,0.0,0.0,0.0,1.0
2015,ALDS2,pompeda01,TOR,AL,3,0,0,0,0,0,0,0,2,0.0,0,0.0,0.0,0.0,0.0,0.0,0.0
2015,ALDS2,priceda01,TOR,AL,2,0,0,0,0,0,0,0,0,0.0,0,0.0,0.0,0.0,0.0,0.0,0.0
2015,ALDS2,reverbe01,TOR,AL,5,23,3,7,0,0,0,1,2,0.0,1,0.0,0.0,0.0,0.0,0.0,0.0
2015,ALDS2,sanchaa01,TOR,AL,5,0,0,0,0,0,0,0,0,0.0,0,0.0,0.0,0.0,0.0,0.0,0.0
2015,ALDS2,smoakju01,TOR,AL,5,6,0,0,0,0,0,0,0,0.0,0,3.0,0.0,0.0,0.0,0.0,0.0
2015,ALDS2,stromma01,TOR,AL,2,0,0,0,0,0,0,0,0,0.0,0,0.0,0.0,0.0,0.0,0.0,0.0
2015,ALDS2,stubbdr01,TEX,AL,4,1,0,0,0,0,0,0,0,0.0,0,1.0,0.0,0.0,0.0,0.0,0.0
2015,ALDS2,tollesh01,TEX,AL,2,0,0,0,0,0,0,0,0,0.0,0,0.0,0.0,0.0,0.0,0.0,0.0
2015,ALDS2,tulowtr01,TOR,AL,5,21,2,2,0,0,1,4,0,0.0,2,7.0,0.0,0.0,0.0,0.0,0.0
2015,ALDS2,venabwi01,TEX,AL,4,2,0,1,0,0,0,0,0,0.0,0,1.0,0.0,0.0,0.0,0.0,0.0
2015,ALWC,altuvjo01,HOU,AL,1,4,0,1,0,0,0,1,1,0.0,0,1.0,0.0,0.0,0.0,0.0,0.0
2015,ALWC,beltrca01,NYA,AL,1,4,0,1,0,0,0,0,0,0.0,0,2.0,0.0,0.0,0.0,0.0,0.0
2015,ALWC,betande01,NYA,AL,1,0,0,0,0,0,0,0,0,0.0,0,0.0,0.0,0.0,0.0,0.0,0.0
2015,ALWC,birdgr01,NYA,AL,1,3,0,1,0,0,0,0,0,0.0,0,1.0,0.0,0.0,0.0,0.0,0.0
2015,ALWC,cartech02,HOU,AL,1,0,0,0,0,0,0,0,0,0.0,3,0.0,0.0,0.0,0.0,0.0,0.0
2015,ALWC,castrja01,HOU,AL,1,2,0,0,0,0,0,0,0,0.0,1,1.0,0.0,0.0,0.0,0.0,1.0
2015,ALWC,correca01,HOU,AL,1,4,0,0,0,0,0,0,0,0.0,0,1.0,0.0,0.0,0.0,0.0,0.0
2015,ALWC,ellsbja01,NYA,AL,1,1,0,0,0,0,0,0,0,0.0,0,0.0,0.0,0.0,0.0,0.0,0.0
2015,ALWC,gardnbr01,NYA,AL,1,4,0,0,0,0,0,0,0,0.0,0,3.0,0.0,0.0,0.0,0.0,0.0
2015,ALWC,gattiev01,HOU,AL,1,4,0,0,0,0,0,0,0,0.0,0,1.0,0.0,0.0,0.0,0.0,1.0
2015,ALWC,gomezca01,HOU,AL,1,3,1,1,0,0,1,1,0,0.0,0,0.0,0.0,0.0,0.0,0.0,0.0
2015,ALWC,gonzama01,HOU,AL,1,1,0,0,0,0,0,0,0,0.0,0,1.0,0.0,0.0,0.0,0.0,0.0
2015,ALWC,gregelu01,HOU,AL,1,0,0,0,0,0,0,0,0,0.0,0,0.0,0.0,0.0,0.0,0.0,0.0
2015,ALWC,gregodi01,NYA,AL,1,3,0,1,0,0,0,0,0,0.0,0,0.0,0.0,0.0,0.0,0.0,0.0
2015,ALWC,harriwi02,HOU,AL,1,0,0,0,0,0,0,0,0,0.0,0,0.0,0.0,0.0,0.0,0.0,0.0
2015,ALWC,headlch01,NYA,AL,1,2,0,0,0,0,0,0,0,0.0,1,1.0,0.0,0.0,0.0,0.0,0.0
2015,ALWC,keuchda01,HOU,AL,1,0,0,0,0,0,0,0,0,0.0,0,0.0,0.0,0.0,0.0,0.0,0.0
2015,ALWC,lowrije01,HOU,AL,1,1,0,0,0,0,0,0,0,0.0,0,0.0,0.0,0.0,0.0,0.0,0.0
2015,ALWC,marisja01,HOU,AL,1,0,0,0,0,0,0,0,0,0.0,0,0.0,0.0,0.0,0.0,0.0,0.0
2015,ALWC,mccanbr01,NYA,AL,1,4,0,0,0,0,0,0,0,0.0,0,0.0,0.0,0.0,0.0,0.0,0.0
2015,ALWC,millean01,NYA,AL,1,0,0,0,0,0,0,0,0,0.0,0,0.0,0.0,0.0,0.0,0.0,0.0
2015,ALWC,rasmuco01,HOU,AL,1,3,1,1,0,0,1,1,0,0.0,1,1.0,0.0,0.0,0.0,0.0,0.0
2015,ALWC,refsnro01,NYA,AL,1,3,0,0,0,0,0,0,0,0.0,0,0.0,0.0,0.0,0.0,0.0,0.0
2015,ALWC,rodrial01,NYA,AL,1,4,0,0,0,0,0,0,0,0.0,0,2.0,0.0,0.0,0.0,0.0,0.0
2015,ALWC,sippto01,HOU,AL,1,0,0,0,0,0,0,0,0,0.0,0,0.0,0.0,0.0,0.0,0.0,0.0
2015,ALWC,springe01,HOU,AL,1,4,0,1,1,0,0,0,0,0.0,0,1.0,0.0,0.0,0.0,0.0,0.0
2015,ALWC,tanakma01,NYA,AL,1,0,0,0,0,0,0,0,0,0.0,0,0.0,0.0,0.0,0.0,0.0,0.0
2015,ALWC,valbulu01,HOU,AL,1,4,0,1,0,0,0,0,0,0.0,0,2.0,0.0,0.0,0.0,0.0,0.0
2015,ALWC,villajo01,HOU,AL,1,0,1,0,0,0,0,0,1,0.0,0,0.0,0.0,0.0,0.0,0.0,0.0
2015,ALWC,wilsoju10,NYA,AL,1,0,0,0,0,0,0,0,0,0.0,0,0.0,0.0,0.0,0.0,0.0,0.0
2015,ALWC,youngch04,NYA,AL,1,2,0,0,0,0,0,0,0,0.0,1,1.0,0.0,0.0,0.0,0.0,0.0
2015,NLCS,arrieja01,CHN,NL,1,1,0,0,0,0,0,0,0,0.0,0,1.0,0.0,0.0,0.0,0.0,0.0
2015,NLCS,baezja01,CHN,NL,4,10,0,1,0,0,0,0,1,0.0,0,4.0,0.0,0.0,0.0,0.0,0.0
2015,NLCS,bryankr01,CHN,NL,4,14,1,3,1,0,1,3,0,0.0,2,5.0,0.0,0.0,0.0,0.0,0.0
2015,NLCS,cahiltr01,CHN,NL,3,0,0,0,0,0,0,0,0,0.0,0,0.0,0.0,0.0,0.0,0.0,0.0
2015,NLCS,castrst01,CHN,NL,4,16,0,2,1,0,0,1,0,0.0,0,1.0,0.0,0.0,0.0,0.0,0.0
2015,NLCS,cespeyo01,NYN,NL,4,14,2,4,1,0,0,3,1,0.0,1,3.0,0.0,0.0,0.0,0.0,0.0
2015,NLCS,clippty01,NYN,NL,3,0,0,0,0,0,0,0,0,0.0,0,0.0,0.0,0.0,0.0,0.0,0.0
2015,NLCS,coghlch01,CHN,NL,4,7,0,0,0,0,0,0,0,0.0,0,1.0,0.0,0.0,0.0,0.0,0.0
2015,NLCS,colonba01,NYN,NL,1,0,0,0,0,0,0,0,0,0.0,0,0.0,0.0,0.0,0.0,0.0,0.0
2015,NLCS,confomi01,NYN,NL,3,8,0,0,0,0,0,0,0,0.0,1,4.0,0.0,1.0,0.0,0.0,0.0
2015,NLCS,cuddymi01,NYN,NL,2,4,0,1,0,0,0,0,0,0.0,0,2.0,0.0,0.0,0.0,0.0,1.0
2015,NLCS,darnatr01,NYN,NL,4,15,2,4,0,0,2,2,0,0.0,0,5.0,0.0,1.0,0.0,0.0,0.0
2015,NLCS,degroja01,NYN,NL,1,3,0,0,0,0,0,0,0,0.0,0,0.0,0.0,0.0,0.0,0.0,1.0
2015,NLCS,denorch01,CHN,NL,2,2,0,0,0,0,0,0,0,0.0,0,1.0,0.0,0.0,0.0,0.0,0.0
2015,NLCS,dudalu01,NYN,NL,4,10,1,4,2,0,1,6,0,0.0,1,2.0,0.0,0.0,1.0,0.0,0.0
2015,NLCS,familje01,NYN,NL,4,0,0,0,0,0,0,0,0,0.0,0,0.0,0.0,0.0,0.0,0.0,0.0
2015,NLCS,florewi01,NYN,NL,4,14,0,4,1,1,0,0,1,0.0,1,2.0,0.0,0.0,0.0,0.0,0.0
2015,NLCS,fowlede01,CHN,NL,4,16,1,4,1,0,0,0,0,0.0,1,3.0,0.0,0.0,0.0,0.0,0.0
2015,NLCS,grandcu01,NYN,NL,4,15,3,3,0,0,0,2,3,1.0,2,4.0,0.0,0.0,0.0,1.0,0.0
2015,NLCS,grimmju01,CHN,NL,2,0,0,0,0,0,0,0,0,0.0,0,0.0,0.0,0.0,0.0,0.0,0.0
2015,NLCS,hammeja01,CHN,NL,1,0,0,0,0,0,0,0,0,0.0,0,0.0,0.0,0.0,0.0,0.0,0.0
2015,NLCS,harvema01,NYN,NL,1,2,0,0,0,0,0,0,0,0.0,0,0.0,0.0,0.0,1.0,0.0,0.0
2015,NLCS,hendrky01,CHN,NL,1,1,0,0,0,0,0,0,0,0.0,0,1.0,0.0,0.0,0.0,0.0,0.0
2015,NLCS,jacksau01,CHN,NL,1,1,0,0,0,0,0,0,0,0.0,0,1.0,0.0,0.0,0.0,0.0,0.0
2015,NLCS,johnske05,NYN,NL,2,2,0,0,0,0,0,0,0,0.0,0,2.0,0.0,0.0,0.0,0.0,0.0
2015,NLCS,lagarju01,NYN,NL,4,6,2,2,0,0,0,0,1,0.0,0,2.0,0.0,0.0,1.0,0.0,0.0
2015,NLCS,lasteto01,CHN,NL,4,7,0,0,0,0,0,0,0,0.0,0,1.0,0.0,0.0,0.0,0.0,0.0
2015,NLCS,lestejo01,CHN,NL,1,2,0,0,0,0,0,0,0,0.0,0,2.0,0.0,0.0,0.0,0.0,0.0
2015,NLCS,matzst01,NYN,NL,1,2,0,0,0,0,0,0,0,0.0,0,1.0,0.0,0.0,0.0,0.0,0.0
2015,NLCS,montemi01,CHN,NL,4,8,0,1,0,0,0,0,0,0.0,1,4.0,0.0,0.0,0.0,0.0,0.0
2015,NLCS,murphda08,NYN,NL,4,17,6,9,1,0,4,6,0,0.0,1,3.0,1.0,0.0,0.0,0.0,1.0
2015,NLCS,niesejo01,NYN,NL,1,0,0,0,0,0,0,0,0,0.0,0,0.0,0.0,0.0,0.0,0.0,0.0
2015,NLCS,nieuwki01,NYN,NL,1,2,0,0,0,0,0,0,0,0.0,0,1.0,0.0,0.0,0.0,0.0,0.0
2015,NLCS,reedad01,NYN,NL,2,0,0,0,0,0,0,0,0,0.0,0,0.0,0.0,0.0,0.0,0.0,0.0
2015,NLCS,richacl01,CHN,NL,4,0,0,0,0,0,0,0,0,0.0,0,0.0,0.0,0.0,0.0,0.0,0.0
2015,NLCS,rizzoan01,CHN,NL,4,14,1,3,0,0,0,0,0,0.0,1,2.0,0.0,1.0,0.0,0.0,0.0
2015,NLCS,rodnefe01,CHN,NL,1,0,0,0,0,0,0,0,0,0.0,0,0.0,0.0,0.0,0.0,0.0,0.0
2015,NLCS,rondohe01,CHN,NL,2,0,0,0,0,0,0,0,0,0.0,0,0.0,0.0,0.0,0.0,0.0,0.0
2015,NLCS,rossda01,CHN,NL,2,2,0,0,0,0,0,0,0,0.0,2,1.0,1.0,0.0,0.0,0.0,0.0
2015,NLCS,schwaky01,CHN,NL,4,14,2,2,0,0,2,3,0,0.0,2,5.0,0.0,0.0,0.0,0.0,0.0
2015,NLCS,solerjo01,CHN,NL,3,12,3,5,2,0,1,1,0,0.0,0,4.0,0.0,0.0,0.0,0.0,0.0
2015,NLCS,stroppe01,CHN,NL,3,0,0,0,0,0,0,0,0,0.0,0,0.0,0.0,0.0,0.0,0.0,0.0
2015,NLCS,syndeno01,NYN,NL,1,2,0,0,0,0,0,0,0,0.0,0,1.0,0.0,0.0,0.0,0.0,0.0
2015,NLCS,woodtr01,CHN,NL,3,1,0,0,0,0,0,0,0,0.0,0,0.0,0.0,0.0,0.0,0.0,0.0
2015,NLCS,wrighda03,NYN,NL,4,14,5,4,2,0,0,1,1,0.0,4,5.0,0.0,0.0,0.0,0.0,0.0
2015,NLDS1,arrieja01,CHN,NL,1,2,0,0,0,0,0,0,0,0.0,0,2.0,0.0,0.0,0.0,0.0,0.0
2015,NLDS1,baezja01,CHN,NL,2,5,1,4,0,0,1,3,1,0.0,0,0.0,0.0,0.0,0.0,0.0,0.0
2015,NLDS1,broxtjo01,SLN,NL,3,0,0,0,0,0,0,0,0,0.0,0,0.0,0.0,0.0,0.0,0.0,0.0
2015,NLDS1,bryankr01,CHN,NL,4,17,1,3,0,1,1,2,0,0.0,0,6.0,0.0,0.0,0.0,0.0,2.0
2015,NLDS1,cahiltr01,CHN,NL,3,0,0,0,0,0,0,0,0,0.0,0,0.0,0.0,0.0,0.0,0.0,0.0
2015,NLDS1,carpema01,SLN,NL,4,17,3,4,0,0,1,1,0,0.0,1,5.0,0.0,0.0,0.0,0.0,0.0
2015,NLDS1,castrst01,CHN,NL,4,14,2,4,0,0,1,1,0,0.0,1,0.0,1.0,0.0,0.0,0.0,0.0
2015,NLDS1,coghlch01,CHN,NL,2,5,1,1,0,0,0,0,0,0.0,0,3.0,0.0,0.0,0.0,0.0,0.0
2015,NLDS1,cruzto03,SLN,NL,2,5,0,1,1,0,0,1,0,0.0,0,3.0,0.0,0.0,0.0,0.0,0.0
2015,NLDS1,denorch01,CHN,NL,4,3,0,0,0,0,0,0,0,0.0,0,2.0,0.0,0.0,0.0,0.0,0.0
2015,NLDS1,fowlede01,CHN,NL,4,16,2,3,1,0,1,2,0,0.0,1,3.0,0.0,0.0,1.0,0.0,0.0
2015,NLDS1,garcigr01,SLN,NL,3,3,0,0,0,0,0,0,0,0.0,0,1.0,0.0,0.0,0.0,0.0,0.0
2015,NLDS1,garcija02,SLN,NL,1,0,0,0,0,0,0,0,0,0.0,0,0.0,0.0,0.0,0.0,0.0,0.0
2015,NLDS1,grichra01,SLN,NL,4,8,2,2,0,0,1,1,0,0.0,0,4.0,0.0,0.0,0.0,0.0,0.0
2015,NLDS1,grimmju01,CHN,NL,1,0,0,0,0,0,0,0,0,0.0,0,0.0,0.0,0.0,0.0,0.0,0.0
2015,NLDS1,hammeja01,CHN,NL,1,1,1,1,0,0,0,1,0,0.0,0,0.0,0.0,0.0,0.0,0.0,0.0
2015,NLDS1,hendrky01,CHN,NL,1,1,1,0,0,0,0,1,0,0.0,0,1.0,0.0,0.0,1.0,0.0,0.0
2015,NLDS1,heywaja01,SLN,NL,4,14,2,5,1,0,1,2,0,0.0,2,2.0,0.0,0.0,0.0,0.0,0.0
2015,NLDS1,hollima01,SLN,NL,4,16,2,2,0,0,0,1,0,0.0,1,3.0,0.0,0.0,0.0,0.0,0.0
2015,NLDS1,jacksau01,CHN,NL,3,5,1,0,0,0,0,0,1,1.0,1,2.0,0.0,0.0,0.0,0.0,0.0
2015,NLDS1,jayjo02,SLN,NL,1,1,0,0,0,0,0,0,0,0.0,0,1.0,0.0,0.0,0.0,0.0,0.0
2015,NLDS1,lackejo01,SLN,NL,2,3,0,1,0,0,0,0,0,0.0,0,1.0,0.0,0.0,0.0,0.0,0.0
2015,NLDS1,lasteto01,CHN,NL,1,1,0,0,0,0,0,0,0,0.0,0,1.0,0.0,0.0,0.0,0.0,0.0
2015,NLDS1,lestejo01,CHN,NL,1,2,0,0,0,0,0,0,0,0.0,0,0.0,0.0,0.0,0.0,0.0,0.0
2015,NLDS1,lynnla01,SLN,NL,1,0,0,0,0,0,0,0,0,0.0,0,0.0,0.0,0.0,0.0,0.0,0.0
2015,NLDS1,manesse01,SLN,NL,2,0,0,0,0,0,0,0,0,0.0,0,0.0,0.0,0.0,0.0,0.0,0.0
2015,NLDS1,molinya01,SLN,NL,3,8,0,1,0,0,0,0,0,0.0,0,2.0,0.0,0.0,0.0,0.0,0.0
2015,NLDS1,montemi01,CHN,NL,3,9,1,0,0,0,0,1,0,0.0,3,6.0,1.0,0.0,0.0,0.0,0.0
2015,NLDS1,mossbr01,SLN,NL,3,3,0,1,0,0,0,1,0,0.0,0,2.0,0.0,1.0,0.0,0.0,0.0
2015,NLDS1,peraljh01,SLN,NL,4,14,1,2,1,0,0,1,0,0.0,1,6.0,0.0,0.0,0.0,0.0,0.0
2015,NLDS1,phamth01,SLN,NL,3,5,1,1,0,0,1,2,0,0.0,0,2.0,0.0,0.0,0.0,0.0,0.0
2015,NLDS1,piscost01,SLN,NL,4,16,5,6,1,0,3,6,0,0.0,2,8.0,0.0,0.0,0.0,0.0,0.0
2015,NLDS1,reynoma01,SLN,NL,3,4,0,0,0,0,0,0,0,0.0,0,1.0,0.0,0.0,0.0,0.0,0.0
2015,NLDS1,richacl01,CHN,NL,2,0,0,0,0,0,0,0,0,0.0,0,0.0,0.0,0.0,0.0,0.0,0.0
2015,NLDS1,rizzoan01,CHN,NL,4,14,3,3,0,0,2,2,0,0.0,1,4.0,0.0,0.0,0.0,0.0,1.0
2015,NLDS1,rodnefe01,CHN,NL,1,0,0,0,0,0,0,0,0,0.0,0,0.0,0.0,0.0,0.0,0.0,0.0
2015,NLDS1,rondohe01,CHN,NL,3,0,0,0,0,0,0,0,0,0.0,0,0.0,0.0,0.0,0.0,0.0,0.0
2015,NLDS1,rosentr01,SLN,NL,2,0,0,0,0,0,0,0,0,0.0,0,0.0,0.0,0.0,0.0,0.0,0.0
2015,NLDS1,rossda01,CHN,NL,1,2,0,0,0,0,0,0,0,0.0,0,1.0,0.0,0.0,0.0,0.0,0.0
2015,NLDS1,russead02,CHN,NL,3,8,0,2,0,1,0,1,1,0.0,0,1.0,0.0,0.0,1.0,0.0,0.0
2015,NLDS1,schwaky01,CHN,NL,4,10,3,5,0,0,2,2,0,0.0,2,3.0,0.0,0.0,0.0,0.0,0.0
2015,NLDS1,siegrke01,SLN,NL,3,0,0,0,0,0,0,0,0,0.0,0,0.0,0.0,0.0,0.0,0.0,0.0
2015,NLDS1,solerjo01,CHN,NL,4,7,3,4,1,0,2,4,0,0.0,6,1.0,0.0,0.0,0.0,0.0,0.0
2015,NLDS1,stroppe01,CHN,NL,3,0,0,0,0,0,0,0,0,0.0,0,0.0,0.0,0.0,0.0,0.0,0.0
2015,NLDS1,villaca01,SLN,NL,1,0,0,0,0,0,0,0,0,0.0,0,0.0,0.0,0.0,0.0,0.0,0.0
2015,NLDS1,wachami01,SLN,NL,1,2,0,0,0,0,0,0,0,0.0,0,2.0,0.0,0.0,0.0,0.0,0.0
2015,NLDS1,wainwad01,SLN,NL,3,0,0,0,0,0,0,0,0,0.0,0,0.0,0.0,0.0,0.0,0.0,0.0
2015,NLDS1,wongko01,SLN,NL,4,14,1,2,1,0,1,1,0,0.0,0,5.0,0.0,0.0,0.0,0.0,0.0
2015,NLDS1,woodtr01,CHN,NL,3,2,0,0,0,0,0,0,0,0.0,0,2.0,0.0,0.0,0.0,0.0,0.0
2015,NLDS2,anderbr04,LAN,NL,1,1,0,0,0,0,0,0,0,0.0,0,1.0,0.0,0.0,0.0,0.0,0.0
2015,NLDS2,avilalu01,LAN,NL,2,0,0,0,0,0,0,0,0,0.0,0,0.0,0.0,0.0,0.0,0.0,0.0
2015,NLDS2,baezpe01,LAN,NL,2,0,0,0,0,0,0,0,0,0.0,0,0.0,0.0,0.0,0.0,0.0,0.0
2015,NLDS2,cespeyo01,NYN,NL,5,20,4,5,0,0,2,4,0,0.0,0,8.0,0.0,0.0,0.0,0.0,0.0
2015,NLDS2,clippty01,NYN,NL,2,0,0,0,0,0,0,0,0,0.0,0,0.0,0.0,0.0,0.0,0.0,0.0
2015,NLDS2,colonba01,NYN,NL,3,0,0,0,0,0,0,0,0,0.0,0,0.0,0.0,0.0,0.0,0.0,0.0
2015,NLDS2,confomi01,NYN,NL,4,7,1,1,0,0,1,2,0,0.0,0,1.0,0.0,0.0,0.0,1.0,0.0
2015,NLDS2,crawfca02,LAN,NL,4,12,1,1,0,0,0,0,1,0.0,0,3.0,0.0,0.0,0.0,0.0,1.0
2015,NLDS2,cuddymi01,NYN,NL,3,4,0,0,0,0,0,0,0,0.0,1,2.0,0.0,0.0,0.0,0.0,0.0
2015,NLDS2,darnatr01,NYN,NL,5,19,3,3,0,0,1,4,0,0.0,0,8.0,0.0,0.0,0.0,1.0,0.0
2015,NLDS2,degroja01,NYN,NL,2,4,0,0,0,0,0,0,0,0.0,0,1.0,0.0,0.0,1.0,0.0,0.0
2015,NLDS2,dudalu01,NYN,NL,5,18,1,2,0,0,0,0,0,0.0,2,11.0,0.0,0.0,0.0,0.0,0.0
2015,NLDS2,ellisaj01,LAN,NL,3,8,0,2,0,0,0,0,0,0.0,0,2.0,0.0,0.0,0.0,0.0,0.0
2015,NLDS2,ethiean01,LAN,NL,5,16,1,4,1,0,0,2,0,0.0,2,4.0,0.0,0.0,0.0,0.0,0.0
2015,NLDS2,familje01,NYN,NL,4,1,0,0,0,0,0,0,0,0.0,0,1.0,0.0,0.0,0.0,0.0,0.0
2015,NLDS2,florewi01,NYN,NL,4,10,2,3,1,0,0,0,0,0.0,2,4.0,1.0,0.0,0.0,0.0,0.0
2015,NLDS2,garciyi01,LAN,NL,1,0,0,0,0,0,0,0,0,0.0,0,0.0,0.0,0.0,0.0,0.0,0.0
2015,NLDS2,goedder01,NYN,NL,1,0,0,0,0,0,0,0,0,0.0,0,0.0,0.0,0.0,0.0,0.0,0.0
2015,NLDS2,gonzaad01,LAN,NL,5,19,4,6,1,0,1,5,0,0.0,2,9.0,0.0,0.0,0.0,0.0,0.0
2015,NLDS2,grandcu01,NYN,NL,5,18,1,7,2,0,0,5,1,0.0,3,1.0,0.0,0.0,0.0,0.0,0.0
2015,NLDS2,grandya01,LAN,NL,3,10,0,1,0,0,0,2,0,0.0,1,6.0,0.0,0.0,0.0,0.0,0.0
2015,NLDS2,greinza01,LAN,NL,2,3,0,0,0,0,0,0,0,0.0,0,1.0,0.0,0.0,2.0,0.0,0.0
2015,NLDS2,harvema01,NYN,NL,1,2,0,0,0,0,0,0,0,0.0,0,2.0,0.0,0.0,0.0,0.0,0.0
2015,NLDS2,hatchch02,LAN,NL,4,0,0,0,0,0,0,0,0,0.0,0,0.0,0.0,0.0,0.0,0.0,0.0
2015,NLDS2,hernaen02,LAN,NL,4,13,3,4,0,0,0,0,1,0.0,2,4.0,1.0,0.0,0.0,0.0,1.0
2015,NLDS2,howeljp01,LAN,NL,1,0,0,0,0,0,0,0,0,0.0,0,0.0,0.0,0.0,0.0,0.0,0.0
2015,NLDS2,janseke01,LAN,NL,3,0,0,0,0,0,0,0,0,0.0,0,0.0,0.0,0.0,0.0,0.0,0.0
2015,NLDS2,johnske05,NYN,NL,4,4,0,1,0,0,0,0,0,0.0,0,2.0,0.0,0.0,0.0,0.0,0.0
2015,NLDS2,kendrho01,LAN,NL,5,22,4,6,1,0,1,4,0,0.0,0,2.0,0.0,0.0,0.0,0.0,1.0
2015,NLDS2,kershcl01,LAN,NL,2,5,0,1,0,0,0,0,0,0.0,0,1.0,0.0,0.0,0.0,0.0,0.0
2015,NLDS2,lagarju01,NYN,NL,4,7,3,3,2,0,0,0,0,0.0,1,0.0,0.0,0.0,0.0,0.0,0.0
2015,NLDS2,matzst01,NYN,NL,1,1,0,0,0,0,0,0,0,0.0,0,0.0,0.0,0.0,0.0,0.0,0.0
2015,NLDS2,murphda08,NYN,NL,5,21,5,7,1,0,3,5,1,1.0,0,3.0,0.0,0.0,0.0,0.0,0.0
2015,NLDS2,niesejo01,NYN,NL,1,0,0,0,0,0,0,0,0,0.0,0,0.0,0.0,0.0,0.0,0.0,0.0
2015,NLDS2,pederjo01,LAN,NL,5,4,0,0,0,0,0,0,0,0.0,4,1.0,1.0,0.0,0.0,0.0,0.0
2015,NLDS2,peraljo01,LAN,NL,1,0,0,0,0,0,0,0,0,0.0,0,0.0,0.0,0.0,0.0,0.0,0.0
2015,NLDS2,puigya01,LAN,NL,3,6,0,0,0,0,0,0,0,0.0,0,3.0,0.0,0.0,0.0,0.0,0.0
2015,NLDS2,reedad01,NYN,NL,2,0,0,0,0,0,0,0,0,0.0,0,0.0,0.0,0.0,0.0,0.0,0.0
2015,NLDS2,robleha01,NYN,NL,1,0,0,0,0,0,0,0,0,0.0,0,0.0,0.0,0.0,0.0,0.0,0.0
2015,NLDS2,rolliji01,LAN,NL,4,7,0,1,0,0,0,0,0,0.0,0,2.0,0.0,0.0,0.0,0.0,1.0
2015,NLDS2,ruggiju01,LAN,NL,3,4,0,0,0,0,0,0,0,0.0,0,3.0,0.0,0.0,0.0,0.0,0.0
2015,NLDS2,seageco01,LAN,NL,5,16,2,3,1,0,0,0,0,0.0,1,8.0,0.0,0.0,0.0,0.0,0.0
2015,NLDS2,syndeno01,NYN,NL,2,2,0,0,0,0,0,0,0,0.0,0,1.0,0.0,0.0,0.0,0.0,0.0
2015,NLDS2,tejadru01,NYN,NL,2,5,1,0,0,0,0,0,0,0.0,1,5.0,0.0,0.0,0.0,0.0,0.0
2015,NLDS2,turneju01,LAN,NL,5,19,2,10,6,0,0,4,1,0.0,1,3.0,1.0,0.0,0.0,0.0,0.0
2015,NLDS2,utleych01,LAN,NL,3,3,1,1,0,0,0,0,0,0.0,0,1.0,0.0,0.0,0.0,0.0,0.0
2015,NLDS2,woodal02,LAN,NL,1,0,0,0,0,0,0,0,0,0.0,0,0.0,0.0,0.0,0.0,0.0,0.0
2015,NLDS2,wrighda03,NYN,NL,5,16,1,1,0,0,0,2,0,0.0,5,7.0,1.0,0.0,0.0,0.0,2.0
2015,NLWC,alvarpe01,PIT,NL,1,3,0,0,0,0,0,0,0,0.0,0,3.0,0.0,0.0,0.0,0.0,0.0
2015,NLWC,arrieja01,CHN,NL,1,2,0,0,0,0,0,0,1,0.0,0,2.0,0.0,1.0,0.0,0.0,0.0
2015,NLWC,bastaan01,PIT,NL,1,0,0,0,0,0,0,0,0,0.0,0,0.0,0.0,0.0,0.0,0.0,0.0
2015,NLWC,bryankr01,CHN,NL,1,3,0,0,0,0,0,0,0,0.0,1,1.0,0.0,0.0,0.0,0.0,1.0
2015,NLWC,castrst01,CHN,NL,1,4,0,0,0,0,0,0,0,0.0,0,0.0,0.0,0.0,0.0,0.0,0.0
2015,NLWC,cervefr01,PIT,NL,1,3,0,1,0,0,0,0,0,0.0,0,0.0,0.0,1.0,0.0,0.0,0.0
2015,NLWC,colege01,PIT,NL,1,1,0,0,0,0,0,0,0,0.0,0,1.0,0.0,0.0,0.0,0.0,0.0
2015,NLWC,denorch01,CHN,NL,1,0,0,0,0,0,0,0,0,0.0,1,0.0,0.0,0.0,0.0,0.0,0.0
2015,NLWC,fowlede01,CHN,NL,1,4,3,3,0,0,1,1,1,0.0,0,0.0,0.0,0.0,0.0,0.0,0.0
2015,NLWC,harrijo05,PIT,NL,1,3,0,0,0,0,0,0,0,0.0,0,1.0,0.0,1.0,0.0,0.0,0.0
2015,NLWC,jacksau01,CHN,NL,1,2,0,0,0,0,0,0,0,0.0,0,2.0,0.0,0.0,0.0,0.0,0.0
2015,NLWC,lasteto01,CHN,NL,1,2,0,0,0,0,0,0,0,0.0,0,1.0,0.0,0.0,0.0,0.0,0.0
2015,NLWC,martest01,PIT,NL,1,4,0,0,0,0,0,0,0,0.0,0,1.0,0.0,0.0,0.0,0.0,1.0
2015,NLWC,mccutan01,PIT,NL,1,4,0,2,0,0,0,0,0,0.0,0,0.0,0.0,0.0,0.0,0.0,0.0
2015,NLWC,melanma01,PIT,NL,1,0,0,0,0,0,0,0,0,0.0,0,0.0,0.0,0.0,0.0,0.0,0.0
2015,NLWC,mercejo03,PIT,NL,1,2,0,0,0,0,0,0,0,0.0,0,1.0,0.0,0.0,0.0,0.0,0.0
2015,NLWC,montemi01,CHN,NL,1,4,0,1,0,0,0,0,0,0.0,0,0.0,0.0,0.0,0.0,0.0,0.0
2015,NLWC,morsemi01,PIT,NL,1,1,0,1,0,0,0,0,0,0.0,0,0.0,0.0,0.0,0.0,0.0,0.0
2015,NLWC,polangr01,PIT,NL,1,4,0,0,0,0,0,0,0,0.0,0,2.0,0.0,0.0,0.0,0.0,0.0
2015,NLWC,ramirar01,PIT,NL,1,1,0,0,0,0,0,0,0,0.0,0,0.0,0.0,0.0,0.0,0.0,1.0
2015,NLWC,rizzoan01,CHN,NL,1,4,0,0,0,0,0,0,0,0.0,0,2.0,0.0,0.0,0.0,0.0,0.0
2015,NLWC,rodrise01,PIT,NL,1,0,0,0,0,0,0,0,0,0.0,0,0.0,0.0,0.0,0.0,0.0,0.0
2015,NLWC,russead02,CHN,NL,1,4,0,1,0,0,0,0,0,0.0,0,2.0,0.0,0.0,0.0,0.0,0.0
2015,NLWC,schwaky01,CHN,NL,1,3,1,2,0,0,1,3,0,0.0,0,0.0,0.0,0.0,0.0,0.0,0.0
2015,NLWC,snidetr01,PIT,NL,1,1,0,1,0,0,0,0,0,0.0,0,0.0,0.0,0.0,0.0,0.0,0.0
2015,NLWC,soriajo01,PIT,NL,1,0,0,0,0,0,0,0,0,0.0,0,0.0,0.0,0.0,0.0,0.0,0.0
2015,NLWC,walkene01,PIT,NL,1,3,0,0,0,0,0,0,0,0.0,0,2.0,0.0,0.0,0.0,0.0,0.0
2015,NLWC,watsoto01,PIT,NL,1,0,0,0,0,0,0,0,0,0.0,0,0.0,0.0,0.0,0.0,0.0,0.0
2015,WS,buterdr01,KCA,AL,1,0,0,0,0,0,0,0,0,0.0,0,0.0,0.0,0.0,0.0,0.0,0.0
2015,WS,cainlo01,KCA,AL,5,22,3,5,1,0,0,4,4,0.0,4,6.0,1.0,0.0,0.0,0.0,0.0
2015,WS,cespeyo01,NYN,NL,5,20,1,3,0,0,0,1,0,0.0,0,6.0,0.0,0.0,0.0,1.0,1.0
2015,WS,clippty01,NYN,NL,3,0,0,0,0,0,0,0,0,0.0,0,0.0,0.0,0.0,0.0,0.0,0.0
2015,WS,colonba01,NYN,NL,3,0,0,0,0,0,0,0,0,0.0,0,0.0,0.0,0.0,0.0,0.0,0.0
2015,WS,colonch01,KCA,AL,1,1,1,1,0,0,0,1,0,0.0,0,0.0,0.0,0.0,0.0,0.0,0.0
2015,WS,confomi01,NYN,NL,5,15,2,5,0,0,2,4,0,0.0,0,3.0,0.0,0.0,0.0,1.0,0.0
2015,WS,cuddymi01,NYN,NL,1,3,0,0,0,0,0,0,0,0.0,0,3.0,0.0,0.0,0.0,0.0,0.0
2015,WS,cuetojo01,KCA,AL,1,0,0,0,0,0,0,0,0,0.0,0,0.0,0.0,0.0,0.0,0.0,0.0
2015,WS,darnatr01,NYN,NL,5,21,0,3,1,0,0,1,0,0.0,0,4.0,0.0,0.0,0.0,0.0,2.0
2015,WS,daviswa01,KCA,AL,3,1,0,0,0,0,0,0,0,0.0,0,1.0,0.0,0.0,0.0,0.0,0.0
2015,WS,degroja01,NYN,NL,1,0,0,0,0,0,0,0,0,0.0,0,0.0,0.0,0.0,0.0,0.0,0.0
2015,WS,dudalu01,NYN,NL,5,19,1,5,0,0,0,2,0,0.0,2,7.0,0.0,0.0,0.0,1.0,0.0
2015,WS,duffyda01,KCA,AL,3,0,0,0,0,0,0,0,0,0.0,0,0.0,0.0,0.0,0.0,0.0,0.0
2015,WS,dysonja01,KCA,AL,3,3,1,0,0,0,0,0,1,0.0,0,1.0,0.0,0.0,0.0,0.0,0.0
2015,WS,escobal02,KCA,AL,5,26,4,6,1,1,1,4,1,0.0,0,4.0,0.0,0.0,1.0,0.0,1.0
2015,WS,familje01,NYN,NL,4,0,0,0,0,0,0,0,0,0.0,0,0.0,0.0,0.0,0.0,0.0,0.0
2015,WS,florewi01,NYN,NL,5,17,2,1,0,0,0,0,0,0.0,2,3.0,1.0,1.0,1.0,0.0,1.0
2015,WS,gilmase01,NYN,NL,1,0,0,0,0,0,0,0,0,0.0,0,0.0,0.0,0.0,0.0,0.0,0.0
2015,WS,gordoal01,KCA,AL,5,18,3,4,1,0,1,3,0,0.0,5,4.0,0.0,0.0,0.0,0.0,1.0
2015,WS,grandcu01,NYN,NL,5,20,6,5,0,0,3,5,0,1.0,4,2.0,0.0,0.0,0.0,1.0,0.0
2015,WS,harvema01,NYN,NL,2,3,0,0,0,0,0,0,0,0.0,0,0.0,0.0,0.0,0.0,0.0,0.0
2015,WS,herreke01,KCA,AL,3,0,0,0,0,0,0,0,0,0.0,0,0.0,0.0,0.0,0.0,0.0,0.0
2015,WS,hochelu01,KCA,AL,4,0,0,0,0,0,0,0,0,0.0,0,0.0,0.0,0.0,0.0,0.0,0.0
2015,WS,hosmeer01,KCA,AL,5,21,3,4,1,0,0,6,1,0.0,2,7.0,1.0,0.0,0.0,2.0,0.0
2015,WS,johnske05,NYN,NL,3,3,0,0,0,0,0,0,0,0.0,0,0.0,0.0,1.0,0.0,0.0,0.0
2015,WS,lagarju01,NYN,NL,5,10,2,3,0,0,0,0,1,0.0,0,1.0,0.0,0.0,0.0,0.0,0.0
2015,WS,madsory01,KCA,AL,3,0,0,0,0,0,0,0,0,0.0,0,0.0,0.0,0.0,0.0,0.0,0.0
2015,WS,matzst01,NYN,NL,1,1,0,0,0,0,0,0,0,0.0,0,0.0,0.0,0.0,1.0,0.0,0.0
2015,WS,medlekr01,KCA,AL,1,0,0,0,0,0,0,0,0,0.0,0,0.0,0.0,0.0,0.0,0.0,0.0
2015,WS,mondera02,KCA,AL,1,1,0,0,0,0,0,0,0,0.0,0,1.0,0.0,0.0,0.0,0.0,0.0
2015,WS,moralfr01,KCA,AL,1,0,0,0,0,0,0,0,0,0.0,0,0.0,0.0,0.0,0.0,0.0,0.0
2015,WS,moralke01,KCA,AL,5,10,0,2,0,0,0,0,0,0.0,1,3.0,0.0,0.0,0.0,0.0,0.0
2015,WS,moustmi01,KCA,AL,5,23,1,7,0,0,0,3,0,0.0,1,1.0,0.0,0.0,0.0,0.0,0.0
2015,WS,murphda08,NYN,NL,5,20,2,3,0,0,0,0,0,0.0,5,7.0,0.0,0.0,0.0,0.0,0.0
2015,WS,niesejo01,NYN,NL,4,0,0,0,0,0,0,0,0,0.0,0,0.0,0.0,0.0,0.0,0.0,0.0
2015,WS,nieuwki01,NYN,NL,3,2,0,0,0,0,0,0,0,0.0,0,1.0,0.0,0.0,0.0,0.0,0.0
2015,WS,orlanpa01,KCA,AL,5,8,1,1,0,0,0,1,0,0.0,0,1.0,0.0,0.0,0.0,1.0,0.0
2015,WS,perezsa02,KCA,AL,5,22,3,8,2,0,0,2,0,0.0,1,2.0,0.0,0.0,0.0,0.0,0.0
2015,WS,reedad01,NYN,NL,5,0,0,0,0,0,0,0,0,0.0,0,0.0,0.0,0.0,0.0,0.0,0.0
2015,WS,riosal01,KCA,AL,5,15,2,2,0,0,0,1,0,0.0,0,2.0,0.0,0.0,0.0,0.0,0.0
2015,WS,robleha01,NYN,NL,2,0,0,0,0,0,0,0,0,0.0,0,0.0,0.0,0.0,0.0,0.0,0.0
2015,WS,syndeno01,NYN,NL,1,2,1,1,0,0,0,0,0,0.0,0,1.0,0.0,0.0,0.0,0.0,0.0
2015,WS,uribeju01,NYN,NL,1,1,1,1,0,0,0,1,0,0.0,0,0.0,0.0,0.0,0.0,0.0,0.0
2015,WS,ventuyo01,KCA,AL,1,0,0,0,0,0,0,0,0,0.0,0,0.0,0.0,0.0,1.0,0.0,0.0
2015,WS,volqued01,KCA,AL,2,2,0,1,0,0,0,0,0,0.0,0,1.0,0.0,0.0,0.0,0.0,0.0
2015,WS,wrighda03,NYN,NL,5,24,1,5,0,0,1,4,0,1.0,1,8.0,0.0,0.0,0.0,0.0,0.0
2015,WS,youngch03,KCA,AL,2,1,0,0,0,0,0,0,0,0.0,0,1.0,0.0,0.0,0.0,0.0,0.0
2015,WS,zobribe01,KCA,AL,5,23,5,6,4,0,0,0,0,0.0,3,2.0,2.0,0.0,0.0,0.0,0.0
2016,ALCS,allenco01,CLE,AL,4,0,0,0,0,0,0,0,0,0.0,0,0.0,0.0,0.0,0.0,0.0,0.0
2016,ALCS,barneda01,TOR,AL,4,8,1,1,0,0,0,0,0,0.0,0,3.0,0.0,0.0,0.0,0.0,0.0
2016,ALCS,bauertr01,CLE,AL,1,0,0,0,0,0,0,0,0,0.0,0,0.0,0.0,0.0,0.0,0.0,0.0
2016,ALCS,bautijo02,TOR,AL,5,18,1,3,1,0,0,0,0,0.0,3,7.0,0.0,0.0,0.0,0.0,0.0
2016,ALCS,biagijo01,TOR,AL,3,0,0,0,0,0,0,0,0,0.0,0,0.0,0.0,0.0,0.0,0.0,0.0
2016,ALCS,carreez01,TOR,AL,5,17,2,4,0,2,0,1,0,0.0,0,4.0,0.0,0.0,0.0,0.0,0.0
2016,ALCS,cecilbr01,TOR,AL,3,0,0,0,0,0,0,0,0,0.0,0,0.0,0.0,0.0,0.0,0.0,0.0
2016,ALCS,chiselo01,CLE,AL,5,16,0,4,0,0,0,0,0,0.0,0,5.0,0.0,0.0,0.0,0.0,0.0
2016,ALCS,clevimi01,CLE,AL,1,0,0,0,0,0,0,0,0,0.0,0,0.0,0.0,0.0,0.0,0.0,0.0
2016,ALCS,crispco01,CLE,AL,4,8,2,2,0,0,1,1,1,0.0,2,1.0,0.0,0.0,2.0,0.0,0.0
2016,ALCS,davisra01,CLE,AL,5,6,1,0,0,0,0,0,1,0.0,0,2.0,0.0,0.0,0.0,0.0,0.0
2016,ALCS,donaljo02,TOR,AL,5,18,1,6,1,0,1,2,0,0.0,2,3.0,1.0,0.0,0.0,0.0,1.0
2016,ALCS,encared01,TOR,AL,5,19,0,4,1,0,0,2,0,0.0,1,4.0,0.0,0.0,0.0,0.0,1.0
2016,ALCS,estrama01,TOR,AL,2,0,0,0,0,0,0,0,0,0.0,0,0.0,0.0,0.0,0.0,0.0,0.0
2016,ALCS,goinsry01,TOR,AL,3,5,1,1,0,0,0,1,0,0.0,1,2.0,0.0,0.0,0.0,0.0,1.0
2016,ALCS,grillja01,TOR,AL,2,0,0,0,0,0,0,0,0,0.0,0,0.0,0.0,0.0,0.0,0.0,0.0
2016,ALCS,guyerbr01,CLE,AL,2,4,0,0,0,0,0,0,0,0.0,0,0.0,0.0,0.0,0.0,0.0,0.0
2016,ALCS,happja01,TOR,AL,1,0,0,0,0,0,0,0,0,0.0,0,0.0,0.0,0.0,0.0,0.0,0.0
2016,ALCS,kipnija01,CLE,AL,5,19,2,1,0,0,1,1,0,0.0,1,3.0,0.0,0.0,0.0,0.0,1.0
2016,ALCS,klubeco01,CLE,AL,2,0,0,0,0,0,0,0,0,0.0,0,0.0,0.0,0.0,0.0,0.0,0.0
2016,ALCS,lindofr01,CLE,AL,5,19,2,7,1,0,1,3,0,1.0,1,5.0,0.0,0.0,0.0,0.0,0.0
2016,ALCS,manshje01,CLE,AL,1,0,0,0,0,0,0,0,0,0.0,0,0.0,0.0,0.0,0.0,0.0,0.0
2016,ALCS,martimi02,CLE,AL,1,0,0,0,0,0,0,0,0,0.0,0,0.0,0.0,0.0,0.0,0.0,0.0
2016,ALCS,martiru01,TOR,AL,5,17,0,2,0,0,0,0,0,0.0,1,9.0,0.0,0.0,0.0,0.0,0.0
2016,ALCS,mcallza01,CLE,AL,1,0,0,0,0,0,0,0,0,0.0,0,0.0,0.0,0.0,0.0,0.0,0.0
2016,ALCS,merriry01,CLE,AL,1,0,0,0,0,0,0,0,0,0.0,0,0.0,0.0,0.0,0.0,0.0,0.0
2016,ALCS,millean01,CLE,AL,4,0,0,0,0,0,0,0,0,0.0,0,0.0,0.0,0.0,0.0,0.0,0.0
2016,ALCS,napolmi01,CLE,AL,5,16,2,3,2,0,1,2,0,0.0,2,6.0,0.0,0.0,0.0,0.0,0.0
2016,ALCS,naquity01,CLE,AL,4,12,0,2,2,0,0,0,0,0.0,0,6.0,0.0,0.0,0.0,0.0,0.0
2016,ALCS,navardi01,TOR,AL,2,2,0,2,0,0,0,0,0,0.0,0,0.0,0.0,0.0,0.0,0.0,0.0
2016,ALCS,osunaro01,TOR,AL,4,0,0,0,0,0,0,0,0,0.0,0,0.0,0.0,0.0,0.0,0.0,0.0
2016,ALCS,oteroda01,CLE,AL,2,0,0,0,0,0,0,0,0,0.0,0,0.0,0.0,0.0,0.0,0.0,0.0
2016,ALCS,perezro02,CLE,AL,5,14,0,2,1,0,0,1,0,0.0,1,7.0,0.0,0.0,1.0,0.0,0.0
2016,ALCS,pillake01,TOR,AL,5,16,0,1,0,0,0,1,1,0.0,1,4.0,0.0,0.0,0.0,1.0,0.0
2016,ALCS,ramirjo01,CLE,AL,5,17,0,1,0,0,0,1,0,0.0,0,2.0,0.0,0.0,0.0,0.0,0.0
2016,ALCS,sanchaa01,TOR,AL,1,0,0,0,0,0,0,0,0,0.0,0,0.0,0.0,0.0,0.0,0.0,0.0
2016,ALCS,santaca01,CLE,AL,5,18,3,3,0,0,2,2,0,0.0,2,2.0,0.0,0.0,0.0,0.0,0.0
2016,ALCS,saundmi01,TOR,AL,5,14,1,6,0,0,1,1,0,0.0,0,7.0,0.0,0.0,0.0,0.0,0.0
2016,ALCS,shawbr01,CLE,AL,4,0,0,0,0,0,0,0,0,0.0,0,0.0,0.0,0.0,0.0,0.0,0.0
2016,ALCS,smoakju01,TOR,AL,1,1,0,0,0,0,0,0,0,0.0,0,1.0,0.0,0.0,0.0,0.0,0.0
2016,ALCS,stromma01,TOR,AL,1,0,0,0,0,0,0,0,0,0.0,0,0.0,0.0,0.0,0.0,0.0,0.0
2016,ALCS,tomlijo01,CLE,AL,1,0,0,0,0,0,0,0,0,0.0,0,0.0,0.0,0.0,0.0,0.0,0.0
2016,ALCS,travide01,TOR,AL,1,2,0,0,0,0,0,0,0,0.0,0,0.0,0.0,0.0,0.0,0.0,1.0
2016,ALCS,tulowtr01,TOR,AL,5,18,1,2,0,0,0,0,0,0.0,2,2.0,0.0,0.0,0.0,0.0,0.0
2016,ALCS,uptonbj01,TOR,AL,5,4,0,0,0,0,0,0,0,0.0,0,4.0,0.0,0.0,0.0,0.0,0.0
2016,ALDS1,andruel01,TEX,AL,3,11,2,4,0,1,1,1,0,1.0,0,0.0,0.0,0.0,0.0,0.0,0.0
2016,ALDS1,barneda01,TOR,AL,3,7,0,0,0,0,0,0,0,0.0,0,0.0,0.0,1.0,0.0,0.0,1.0
2016,ALDS1,barneto01,TEX,AL,3,0,0,0,0,0,0,0,0,0.0,0,0.0,0.0,0.0,0.0,0.0,0.0
2016,ALDS1,bautijo02,TOR,AL,3,12,3,2,0,0,1,4,0,0.0,2,3.0,0.0,0.0,0.0,0.0,1.0
2016,ALDS1,beltrad01,TEX,AL,3,11,1,2,1,0,0,0,0,0.0,1,2.0,0.0,0.0,0.0,0.0,1.0
2016,ALDS1,beltrca01,TEX,AL,3,11,0,2,0,0,0,1,0,0.0,1,1.0,0.0,0.0,0.0,0.0,0.0
2016,ALDS1,biagijo01,TOR,AL,2,0,0,0,0,0,0,0,0,0.0,0,0.0,0.0,0.0,0.0,0.0,0.0
2016,ALDS1,bushma01,TEX,AL,2,0,0,0,0,0,0,0,0,0.0,0,0.0,0.0,0.0,0.0,0.0,0.0
2016,ALDS1,carreez01,TOR,AL,3,12,4,4,0,0,1,1,1,0.0,2,2.0,0.0,0.0,0.0,0.0,0.0
2016,ALDS1,cecilbr01,TOR,AL,2,0,0,0,0,0,0,0,0,0.0,0,0.0,0.0,0.0,0.0,0.0,0.0
2016,ALDS1,chiriro01,TEX,AL,1,0,0,0,0,0,0,0,0,0.0,1,0.0,0.0,0.0,0.0,0.0,0.0
2016,ALDS1,choosh01,TEX,AL,1,3,0,0,0,0,0,1,0,0.0,0,2.0,0.0,0.0,0.0,0.0,0.0
2016,ALDS1,claudal01,TEX,AL,2,0,0,0,0,0,0,0,0,0.0,0,0.0,0.0,0.0,0.0,0.0,0.0
2016,ALDS1,darviyu01,TEX,AL,1,0,0,0,0,0,0,0,0,0.0,0,0.0,0.0,0.0,0.0,0.0,0.0
2016,ALDS1,desmoia01,TEX,AL,3,14,0,3,1,0,0,2,0,0.0,0,3.0,0.0,0.0,0.0,0.0,0.0
2016,ALDS1,diekmja01,TEX,AL,2,0,0,0,0,0,0,0,0,0.0,0,0.0,0.0,0.0,0.0,0.0,0.0
2016,ALDS1,donaljo02,TOR,AL,3,13,4,7,4,0,0,3,0,0.0,1,3.0,0.0,0.0,0.0,0.0,0.0
2016,ALDS1,dysonsa01,TEX,AL,1,0,0,0,0,0,0,0,0,0.0,0,0.0,0.0,0.0,0.0,0.0,0.0
2016,ALDS1,encared01,TOR,AL,3,12,4,5,0,0,2,4,0,0.0,2,0.0,1.0,0.0,0.0,0.0,0.0
2016,ALDS1,estrama01,TOR,AL,1,0,0,0,0,0,0,0,0,0.0,0,0.0,0.0,0.0,0.0,0.0,0.0
2016,ALDS1,gomezca01,TEX,AL,3,13,1,2,0,0,0,1,1,0.0,1,5.0,0.0,0.0,0.0,0.0,0.0
2016,ALDS1,grillja01,TOR,AL,2,0,0,0,0,0,0,0,0,0.0,0,0.0,0.0,0.0,0.0,0.0,0.0
2016,ALDS1,hamelco01,TEX,AL,1,0,0,0,0,0,0,0,0,0.0,0,0.0,0.0,0.0,0.0,0.0,0.0
2016,ALDS1,happja01,TOR,AL,1,0,0,0,0,0,0,0,0,0.0,0,0.0,0.0,0.0,0.0,0.0,0.0
2016,ALDS1,hoyinja01,TEX,AL,2,1,1,0,0,0,0,0,0,0.0,0,1.0,0.0,0.0,0.0,0.0,0.0
2016,ALDS1,jeffrje01,TEX,AL,1,0,0,0,0,0,0,0,0,0.0,0,0.0,0.0,0.0,0.0,0.0,0.0
2016,ALDS1,kelake01,TEX,AL,1,0,0,0,0,0,0,0,0,0.0,0,0.0,0.0,0.0,0.0,0.0,0.0
2016,ALDS1,lewisco01,TEX,AL,1,0,0,0,0,0,0,0,0,0.0,0,0.0,0.0,0.0,0.0,0.0,0.0
2016,ALDS1,liriafr01,TOR,AL,1,0,0,0,0,0,0,0,0,0.0,0,0.0,0.0,0.0,0.0,0.0,0.0
2016,ALDS1,lucrojo01,TEX,AL,3,12,1,1,0,0,0,0,0,0.0,0,2.0,0.0,0.0,0.0,0.0,0.0
2016,ALDS1,martiru01,TOR,AL,3,12,2,1,0,0,1,1,0,0.0,2,5.0,0.0,0.0,0.0,0.0,0.0
2016,ALDS1,mazarno01,TEX,AL,2,6,1,1,0,0,0,0,0,0.0,0,3.0,0.0,0.0,0.0,0.0,0.0
2016,ALDS1,morelmi01,TEX,AL,3,8,1,2,2,0,0,2,0,0.0,1,1.0,0.0,0.0,0.0,0.0,0.0
2016,ALDS1,odorro01,TEX,AL,3,10,2,2,0,0,1,2,0,0.0,2,1.0,0.0,0.0,0.0,0.0,0.0
2016,ALDS1,osunaro01,TOR,AL,2,0,0,0,0,0,0,0,0,0.0,0,0.0,0.0,0.0,0.0,0.0,0.0
2016,ALDS1,pillake01,TOR,AL,3,12,1,1,0,0,1,1,0,0.0,1,1.0,1.0,0.0,0.0,0.0,0.0
2016,ALDS1,ruary01,TEX,AL,1,3,0,2,0,0,0,0,0,0.0,0,1.0,0.0,0.0,0.0,0.0,0.0
2016,ALDS1,sanchaa01,TOR,AL,1,0,0,0,0,0,0,0,0,0.0,0,0.0,0.0,0.0,0.0,0.0,0.0
2016,ALDS1,saundmi01,TOR,AL,2,5,0,1,0,0,0,0,0,0.0,1,2.0,0.0,0.0,0.0,0.0,0.0
2016,ALDS1,smoakju01,TOR,AL,1,0,0,0,0,0,0,0,0,0.0,0,0.0,0.0,0.0,0.0,0.0,0.0
2016,ALDS1,teperry01,TOR,AL,1,0,0,0,0,0,0,0,0,0.0,0,0.0,0.0,0.0,0.0,0.0,0.0
2016,ALDS1,travide01,TOR,AL,1,5,1,0,0,0,0,0,0,0.0,0,0.0,0.0,0.0,0.0,0.0,1.0
2016,ALDS1,tulowtr01,TOR,AL,3,13,2,6,0,1,1,5,0,0.0,0,1.0,0.0,0.0,0.0,0.0,1.0
2016,ALDS1,uptonbj01,TOR,AL,3,6,1,2,1,0,1,1,0,0.0,1,1.0,0.0,0.0,0.0,0.0,0.0
2016,ALDS2,allenco01,CLE,AL,2,0,0,0,0,0,0,0,0,0.0,0,0.0,0.0,0.0,0.0,0.0,0.0
2016,ALDS2,barnema01,BOS,AL,1,0,0,0,0,0,0,0,0,0.0,0,0.0,0.0,0.0,0.0,0.0,0.0
2016,ALDS2,bauertr01,CLE,AL,1,0,0,0,0,0,0,0,0,0.0,0,0.0,0.0,0.0,0.0,0.0,0.0
2016,ALDS2,beninan01,BOS,AL,3,9,1,3,1,0,1,2,0,0.0,0,1.0,0.0,0.0,0.0,0.0,1.0
2016,ALDS2,bettsmo01,BOS,AL,3,10,1,2,1,0,0,0,0,0.0,2,1.0,0.0,0.0,0.0,0.0,1.0
2016,ALDS2,bogaexa01,BOS,AL,3,12,1,3,0,0,0,0,0,0.0,0,4.0,0.0,0.0,0.0,0.0,0.0
2016,ALDS2,bradlja02,BOS,AL,3,10,0,1,0,0,0,0,0,0.0,0,7.0,0.0,1.0,0.0,0.0,0.0
2016,ALDS2,buchhcl01,BOS,AL,1,0,0,0,0,0,0,0,0,0.0,0,0.0,0.0,0.0,0.0,0.0,0.0
2016,ALDS2,chiselo01,CLE,AL,3,10,2,3,0,0,1,4,0,0.0,1,3.0,0.0,0.0,1.0,0.0,1.0
2016,ALDS2,crispco01,CLE,AL,2,6,1,1,0,0,1,2,0,0.0,0,1.0,0.0,0.0,1.0,0.0,0.0
2016,ALDS2,davisra01,CLE,AL,3,6,0,0,0,0,0,1,0,0.0,0,3.0,0.0,0.0,0.0,1.0,0.0
2016,ALDS2,guyerbr01,CLE,AL,1,4,2,3,0,0,0,1,0,0.0,0,1.0,0.0,0.0,0.0,0.0,0.0
2016,ALDS2,hernama02,BOS,AL,2,0,0,0,0,0,0,0,0,0.0,0,0.0,0.0,0.0,0.0,0.0,0.0
2016,ALDS2,hillaa01,BOS,AL,1,1,0,0,0,0,0,0,0,0.0,0,1.0,0.0,0.0,0.0,0.0,0.0
2016,ALDS2,holtbr01,BOS,AL,3,10,1,4,1,0,1,1,0,0.0,0,2.0,0.0,0.0,0.0,0.0,0.0
2016,ALDS2,kellyjo05,BOS,AL,3,0,0,0,0,0,0,0,0,0.0,0,0.0,0.0,0.0,0.0,0.0,0.0
2016,ALDS2,kimbrcr01,BOS,AL,2,0,0,0,0,0,0,0,0,0.0,0,0.0,0.0,0.0,0.0,0.0,0.0
2016,ALDS2,kipnija01,CLE,AL,3,11,1,4,0,0,1,3,0,0.0,1,4.0,0.0,0.0,0.0,0.0,0.0
2016,ALDS2,klubeco01,CLE,AL,1,0,0,0,0,0,0,0,0,0.0,0,0.0,0.0,0.0,0.0,0.0,0.0
2016,ALDS2,leonsa01,BOS,AL,3,10,1,1,0,0,1,1,0,0.0,1,5.0,0.0,0.0,0.0,0.0,0.0
2016,ALDS2,lindofr01,CLE,AL,3,12,1,3,1,0,1,1,0,0.0,0,5.0,0.0,0.0,0.0,0.0,0.0
2016,ALDS2,martimi02,CLE,AL,2,1,0,0,0,0,0,0,0,0.0,0,1.0,0.0,0.0,0.0,0.0,0.0
2016,ALDS2,millean01,CLE,AL,2,0,0,0,0,0,0,0,0,0.0,0,0.0,0.0,0.0,0.0,0.0,0.0
2016,ALDS2,napolmi01,CLE,AL,3,12,0,2,1,0,0,0,1,0.0,0,4.0,0.0,0.0,0.0,0.0,0.0
2016,ALDS2,naquity01,CLE,AL,2,4,0,1,0,0,0,2,0,0.0,0,3.0,0.0,0.0,0.0,0.0,0.0
2016,ALDS2,ortizda01,BOS,AL,3,9,0,1,1,0,0,1,0,0.0,2,1.0,0.0,0.0,0.0,1.0,0.0
2016,ALDS2,oteroda01,CLE,AL,1,0,0,0,0,0,0,0,0,0.0,0,0.0,0.0,0.0,0.0,0.0,0.0
2016,ALDS2,pedrodu01,BOS,AL,3,12,2,2,1,0,0,0,0,0.0,2,5.0,0.0,0.0,0.0,0.0,0.0
2016,ALDS2,perezro02,CLE,AL,3,9,3,2,0,0,1,1,0,0.0,2,2.0,0.0,0.0,0.0,0.0,0.0
2016,ALDS2,pomerdr01,BOS,AL,2,0,0,0,0,0,0,0,0,0.0,0,0.0,0.0,0.0,0.0,0.0,0.0
2016,ALDS2,porceri01,BOS,AL,1,0,0,0,0,0,0,0,0,0.0,0,0.0,0.0,0.0,0.0,0.0,0.0
2016,ALDS2,priceda01,BOS,AL,1,0,0,0,0,0,0,0,0,0.0,0,0.0,0.0,0.0,0.0,0.0,0.0
2016,ALDS2,ramirha01,BOS,AL,3,12,0,3,2,0,0,2,0,0.0,0,4.0,0.0,0.0,0.0,0.0,0.0
2016,ALDS2,ramirjo01,CLE,AL,3,10,4,5,1,0,0,0,0,1.0,2,1.0,1.0,0.0,0.0,0.0,0.0
2016,ALDS2,rossro01,BOS,AL,1,0,0,0,0,0,0,0,0,0.0,0,0.0,0.0,0.0,0.0,0.0,0.0
2016,ALDS2,santaca01,CLE,AL,3,11,1,2,0,0,0,0,0,0.0,0,2.0,0.0,1.0,0.0,0.0,0.0
2016,ALDS2,shawbr01,CLE,AL,3,0,0,0,0,0,0,0,0,0.0,0,0.0,0.0,0.0,0.0,0.0,0.0
2016,ALDS2,shawtr01,BOS,AL,1,2,0,1,0,0,0,0,0,0.0,0,0.0,0.0,0.0,0.0,0.0,0.0
2016,ALDS2,tomlijo01,CLE,AL,1,0,0,0,0,0,0,0,0,0.0,0,0.0,0.0,0.0,0.0,0.0,0.0
2016,ALDS2,ueharko01,BOS,AL,2,0,0,0,0,0,0,0,0,0.0,0,0.0,0.0,0.0,0.0,0.0,0.0
2016,ALDS2,youngch04,BOS,AL,1,1,0,0,0,0,0,0,0,0.0,1,0.0,0.0,0.0,0.0,0.0,0.0
2016,ALDS2,zieglbr01,BOS,AL,1,0,0,0,0,0,0,0,0,0.0,0,0.0,0.0,0.0,0.0,0.0,0.0
2016,ALWC,bautijo02,TOR,AL,1,3,1,1,0,0,1,1,0,0.0,1,2.0,0.0,0.0,0.0,0.0,0.0
2016,ALWC,biagijo01,TOR,AL,1,0,0,0,0,0,0,0,0,0.0,0,0.0,0.0,0.0,0.0,0.0,0.0
2016,ALWC,bournmi01,BAL,AL,1,4,0,1,0,0,0,0,1,0.0,0,2.0,0.0,0.0,0.0,0.0,0.0
2016,ALWC,brachbr01,BAL,AL,1,0,0,0,0,0,0,0,0,0.0,0,0.0,0.0,0.0,0.0,0.0,0.0
2016,ALWC,carreez01,TOR,AL,1,4,0,2,0,0,0,1,0,0.0,0,2.0,0.0,0.0,0.0,0.0,0.0
2016,ALWC,cecilbr01,TOR,AL,1,0,0,0,0,0,0,0,0,0.0,0,0.0,0.0,0.0,0.0,0.0,0.0
2016,ALWC,davisch02,BAL,AL,1,3,0,0,0,0,0,0,0,0.0,1,2.0,0.0,0.0,0.0,0.0,0.0
2016,ALWC,donaljo02,TOR,AL,1,5,1,2,1,0,0,0,0,0.0,0,1.0,0.0,0.0,0.0,0.0,0.0
2016,ALWC,duensbr01,BAL,AL,1,0,0,0,0,0,0,0,0,0.0,0,0.0,0.0,0.0,0.0,0.0,0.0
2016,ALWC,encared01,TOR,AL,1,4,1,1,0,0,1,3,0,0.0,1,1.0,1.0,0.0,0.0,0.0,0.0
2016,ALWC,givenmy01,BAL,AL,1,0,0,0,0,0,0,0,0,0.0,0,0.0,0.0,0.0,0.0,0.0,0.0
2016,ALWC,grillja01,TOR,AL,1,0,0,0,0,0,0,0,0,0.0,0,0.0,0.0,0.0,0.0,0.0,0.0
2016,ALWC,hardyjj01,BAL,AL,1,4,0,0,0,0,0,0,0,0.0,0,2.0,0.0,0.0,0.0,0.0,0.0
2016,ALWC,hartdo01,BAL,AL,1,0,0,0,0,0,0,0,0,0.0,0,0.0,0.0,0.0,0.0,0.0,0.0
2016,ALWC,jimenub01,BAL,AL,1,0,0,0,0,0,0,0,0,0.0,0,0.0,0.0,0.0,0.0,0.0,0.0
2016,ALWC,jonesad01,BAL,AL,1,5,1,1,0,0,0,0,0,0.0,0,1.0,0.0,0.0,0.0,0.0,0.0
2016,ALWC,kimhy01,BAL,AL,1,4,0,0,0,0,0,0,0,0.0,0,0.0,0.0,0.0,0.0,0.0,0.0
2016,ALWC,liriafr01,TOR,AL,1,0,0,0,0,0,0,0,0,0.0,0,0.0,0.0,0.0,0.0,0.0,0.0
2016,ALWC,machama01,BAL,AL,1,4,0,1,0,0,0,0,0,0.0,0,0.0,0.0,0.0,0.0,0.0,0.0
2016,ALWC,martiru01,TOR,AL,1,4,0,0,0,0,0,0,0,0.0,0,0.0,0.0,0.0,0.0,0.0,1.0
2016,ALWC,odayda01,BAL,AL,1,0,0,0,0,0,0,0,0,0.0,0,0.0,0.0,0.0,0.0,0.0,0.0
2016,ALWC,osunaro01,TOR,AL,1,0,0,0,0,0,0,0,0,0.0,0,0.0,0.0,0.0,0.0,0.0,0.0
2016,ALWC,pillake01,TOR,AL,1,4,0,1,1,0,0,0,0,0.0,0,1.0,0.0,0.0,0.0,0.0,0.0
2016,ALWC,reimono01,BAL,AL,1,1,0,0,0,0,0,0,0,0.0,0,1.0,0.0,0.0,0.0,0.0,0.0
2016,ALWC,saundmi01,TOR,AL,1,2,1,1,1,0,0,0,0,0.0,0,1.0,0.0,0.0,0.0,0.0,0.0
2016,ALWC,schoojo01,BAL,AL,1,4,0,0,0,0,0,0,0,0.0,0,1.0,0.0,0.0,0.0,0.0,0.0
2016,ALWC,smoakju01,TOR,AL,1,1,0,0,0,0,0,0,0,0.0,0,1.0,0.0,0.0,0.0,0.0,0.0
2016,ALWC,stromma01,TOR,AL,1,0,0,0,0,0,0,0,0,0.0,0,0.0,0.0,0.0,0.0,0.0,0.0
2016,ALWC,tillmch01,BAL,AL,1,0,0,0,0,0,0,0,0,0.0,0,0.0,0.0,0.0,0.0,0.0,0.0
2016,ALWC,travide01,TOR,AL,1,5,1,1,0,0,0,0,0,0.0,0,1.0,0.0,0.0,0.0,0.0,2.0
2016,ALWC,trumbma01,BAL,AL,1,4,1,1,0,0,1,2,0,0.0,0,1.0,0.0,0.0,0.0,0.0,0.0
2016,ALWC,tulowtr01,TOR,AL,1,4,0,0,0,0,0,0,0,0.0,0,1.0,0.0,0.0,0.0,0.0,0.0
2016,ALWC,uptonbj01,TOR,AL,1,1,0,0,0,0,0,0,0,0.0,0,0.0,0.0,0.0,0.0,0.0,0.0
2016,ALWC,wietema01,BAL,AL,1,4,0,0,0,0,0,0,0,0.0,0,2.0,0.0,0.0,0.0,0.0,0.0
2016,NLCS,almoral01,CHN,NL,4,6,0,0,0,0,0,0,0,0.0,0,1.0,0.0,0.0,1.0,0.0,1.0
2016,NLCS,arrieja01,CHN,NL,1,2,0,0,0,0,0,0,0,0.0,0,2.0,0.0,0.0,0.0,0.0,0.0
2016,NLCS,avilalu01,LAN,NL,2,0,0,0,0,0,0,0,0,0.0,0,0.0,0.0,0.0,0.0,0.0,0.0
2016,NLCS,baezja01,CHN,NL,6,22,3,7,4,0,0,5,2,0.0,1,4.0,0.0,0.0,0.0,1.0,0.0
2016,NLCS,baezpe01,LAN,NL,3,0,0,0,0,0,0,0,0,0.0,0,0.0,0.0,0.0,0.0,0.0,0.0
2016,NLCS,blantjo01,LAN,NL,3,0,0,0,0,0,0,0,0,0.0,0,0.0,0.0,0.0,0.0,0.0,0.0
2016,NLCS,bryankr01,CHN,NL,6,23,3,7,3,0,0,3,0,0.0,3,8.0,0.0,1.0,0.0,0.0,0.0
2016,NLCS,chapmar01,CHN,NL,4,0,0,0,0,0,0,0,0,0.0,0,0.0,0.0,0.0,0.0,0.0,0.0
2016,NLCS,coghlch01,CHN,NL,2,2,1,0,0,0,0,0,0,0.0,1,0.0,1.0,0.0,0.0,0.0,0.0
2016,NLCS,contrwi01,CHN,NL,6,14,3,4,0,0,1,2,0,0.0,0,5.0,0.0,0.0,0.0,0.0,0.0
2016,NLCS,daytogr01,LAN,NL,3,0,0,0,0,0,0,0,0,0.0,0,0.0,0.0,0.0,0.0,0.0,0.0
2016,NLCS,edwarca01,CHN,NL,3,0,0,0,0,0,0,0,0,0.0,0,0.0,0.0,0.0,0.0,0.0,0.0
2016,NLCS,ethiean01,LAN,NL,5,4,2,1,0,0,1,1,0,0.0,1,1.0,0.0,0.0,0.0,0.0,0.0
2016,NLCS,fieldjo03,LAN,NL,2,0,0,0,0,0,0,0,0,0.0,0,0.0,0.0,0.0,0.0,0.0,0.0
2016,NLCS,fowlede01,CHN,NL,6,27,6,9,3,0,1,4,0,0.0,0,4.0,0.0,0.0,0.0,0.0,0.0
2016,NLCS,gonzaad01,LAN,NL,6,21,2,4,0,0,1,4,1,0.0,2,4.0,0.0,0.0,0.0,0.0,1.0
2016,NLCS,grandya01,LAN,NL,6,12,1,1,0,0,1,3,0,0.0,4,5.0,0.0,0.0,1.0,0.0,0.0
2016,NLCS,grimmju01,CHN,NL,1,0,0,0,0,0,0,0,0,0.0,0,0.0,0.0,0.0,0.0,0.0,0.0
2016,NLCS,hendrky01,CHN,NL,2,4,0,0,0,0,0,0,0,0.0,0,2.0,0.0,0.0,0.0,0.0,0.0
2016,NLCS,hernaen02,LAN,NL,6,8,0,0,0,0,0,0,0,0.0,3,2.0,0.0,0.0,0.0,0.0,0.0
2016,NLCS,heywaja01,CHN,NL,6,16,2,1,0,1,0,1,0,0.0,1,5.0,1.0,1.0,0.0,0.0,0.0
2016,NLCS,hillri01,LAN,NL,1,2,0,0,0,0,0,0,0,0.0,0,0.0,0.0,0.0,0.0,0.0,0.0
2016,NLCS,janseke01,LAN,NL,3,0,0,0,0,0,0,0,0,0.0,0,0.0,0.0,0.0,0.0,0.0,0.0
2016,NLCS,kendrho01,LAN,NL,5,13,1,2,1,0,0,0,1,0.0,0,3.0,0.0,0.0,0.0,0.0,1.0
2016,NLCS,kershcl01,LAN,NL,2,4,0,1,0,0,0,0,0,0.0,0,2.0,0.0,0.0,0.0,0.0,0.0
2016,NLCS,lackejo01,CHN,NL,1,2,0,0,0,0,0,0,0,0.0,0,1.0,0.0,0.0,0.0,0.0,0.0
2016,NLCS,lestejo01,CHN,NL,2,3,0,0,0,0,0,0,0,0.0,2,0.0,0.0,0.0,0.0,0.0,0.0
2016,NLCS,maedake01,LAN,NL,2,2,0,1,0,0,0,0,0,0.0,0,0.0,0.0,0.0,0.0,0.0,0.0
2016,NLCS,montemi01,CHN,NL,3,4,1,1,0,0,1,4,0,0.0,0,1.0,0.0,0.0,0.0,0.0,0.0
2016,NLCS,montgmi01,CHN,NL,4,1,1,1,0,0,0,0,0,0.0,0,0.0,0.0,0.0,0.0,0.0,0.0
2016,NLCS,pederjo01,LAN,NL,6,21,3,4,1,0,0,1,2,0.0,1,8.0,0.0,0.0,0.0,0.0,1.0
2016,NLCS,puigya01,LAN,NL,6,14,1,4,0,0,0,0,0,0.0,0,1.0,0.0,0.0,0.0,0.0,1.0
2016,NLCS,reddijo01,LAN,NL,5,11,1,4,0,0,0,1,3,0.0,0,0.0,0.0,0.0,0.0,0.0,0.0
2016,NLCS,rizzoan01,CHN,NL,6,25,3,8,2,0,2,5,1,0.0,2,6.0,0.0,0.0,0.0,0.0,0.0
2016,NLCS,rondohe01,CHN,NL,2,0,0,0,0,0,0,0,0,0.0,0,0.0,0.0,0.0,0.0,0.0,0.0
2016,NLCS,rossda01,CHN,NL,2,5,0,1,1,0,0,0,0,0.0,1,1.0,0.0,0.0,0.0,0.0,0.0
2016,NLCS,ruizca01,LAN,NL,4,7,0,1,1,0,0,1,0,0.0,1,1.0,0.0,0.0,0.0,0.0,0.0
2016,NLCS,russead02,CHN,NL,6,22,5,6,1,0,2,4,0,0.0,0,5.0,0.0,0.0,0.0,0.0,0.0
2016,NLCS,seageco01,LAN,NL,6,21,0,6,0,0,0,1,0,0.0,2,7.0,0.0,1.0,0.0,0.0,2.0
2016,NLCS,solerjo01,CHN,NL,4,4,0,0,0,0,0,0,0,0.0,1,2.0,0.0,0.0,0.0,0.0,0.0
2016,NLCS,stripro01,LAN,NL,3,0,0,0,0,0,0,0,0,0.0,0,0.0,0.0,0.0,0.0,0.0,0.0
2016,NLCS,stroppe01,CHN,NL,4,0,0,0,0,0,0,0,0,0.0,0,0.0,0.0,0.0,0.0,0.0,0.0
2016,NLCS,tolesan01,LAN,NL,6,13,4,6,2,0,0,2,0,0.0,1,2.0,0.0,0.0,0.0,1.0,0.0
2016,NLCS,turneju01,LAN,NL,6,20,1,4,0,0,1,3,1,0.0,2,3.0,0.0,2.0,0.0,0.0,0.0
2016,NLCS,uriasju01,LAN,NL,1,1,0,0,0,0,0,0,0,0.0,0,0.0,0.0,0.0,0.0,0.0,0.0
2016,NLCS,utleych01,LAN,NL,5,12,1,0,0,0,0,0,0,0.0,2,3.0,0.0,0.0,0.0,0.0,0.0
2016,NLCS,woodal02,LAN,NL,1,0,0,0,0,0,0,0,0,0.0,0,0.0,0.0,0.0,0.0,0.0,0.0
2016,NLCS,woodtr01,CHN,NL,3,0,0,0,0,0,0,0,0,0.0,0,0.0,0.0,0.0,0.0,0.0,0.0
2016,NLCS,zobribe01,CHN,NL,6,20,3,3,1,0,0,1,0,0.0,4,3.0,0.0,0.0,0.0,1.0,0.0
2016,NLDS1,almoral01,CHN,NL,2,3,0,0,0,0,0,0,0,0.0,0,1.0,0.0,0.0,0.0,0.0,0.0
2016,NLDS1,arrieja01,CHN,NL,1,3,1,1,0,0,1,3,0,0.0,0,1.0,0.0,0.0,0.0,0.0,0.0
2016,NLDS1,baezja01,CHN,NL,4,16,4,6,0,0,1,2,0,0.0,1,4.0,0.0,0.0,0.0,0.0,0.0
2016,NLDS1,beltbr01,SFN,NL,4,15,1,2,0,0,0,2,0,0.0,1,4.0,0.0,0.0,0.0,2.0,0.0
2016,NLDS1,blachty01,SFN,NL,2,0,0,0,0,0,0,0,0,0.0,0,0.0,0.0,0.0,0.0,0.0,0.0
2016,NLDS1,blancgr01,SFN,NL,4,8,1,1,1,0,0,1,0,0.0,1,2.0,0.0,0.0,1.0,0.0,1.0
2016,NLDS1,browntr01,SFN,NL,1,1,0,0,0,0,0,0,0,0.0,0,0.0,0.0,0.0,0.0,0.0,0.0
2016,NLDS1,bryankr01,CHN,NL,4,16,2,6,2,0,1,3,0,0.0,1,5.0,0.0,0.0,0.0,0.0,0.0
2016,NLDS1,bumgama01,SFN,NL,2,2,0,0,0,0,0,0,0,0.0,0,0.0,0.0,0.0,0.0,0.0,0.0
2016,NLDS1,chapmar01,CHN,NL,4,0,0,0,0,0,0,0,0,0.0,0,0.0,0.0,0.0,0.0,0.0,0.0
2016,NLDS1,coghlch01,CHN,NL,3,2,0,0,0,0,0,0,0,0.0,0,1.0,0.0,0.0,0.0,0.0,0.0
2016,NLDS1,contrwi01,CHN,NL,4,6,1,4,0,0,0,2,0,0.0,1,1.0,0.0,0.0,0.0,0.0,0.0
2016,NLDS1,crawfbr01,SFN,NL,4,17,2,4,2,0,0,1,1,0.0,0,4.0,0.0,0.0,0.0,0.0,0.0
2016,NLDS1,cuetojo01,SFN,NL,1,3,0,0,0,0,0,0,0,0.0,0,1.0,0.0,0.0,0.0,0.0,0.0
2016,NLDS1,edwarca01,CHN,NL,2,0,0,0,0,0,0,0,0,0.0,0,0.0,0.0,0.0,0.0,0.0,0.0
2016,NLDS1,fowlede01,CHN,NL,4,15,2,2,1,0,0,0,0,0.0,2,6.0,0.0,0.0,0.0,0.0,0.0
2016,NLDS1,garcija01,SFN,NL,1,0,0,0,0,0,0,0,0,0.0,0,0.0,0.0,0.0,0.0,0.0,0.0
2016,NLDS1,gillaco01,SFN,NL,4,15,2,6,0,1,0,3,0,0.0,0,3.0,0.0,0.0,0.0,0.0,1.0
2016,NLDS1,grimmju01,CHN,NL,2,0,0,0,0,0,0,0,0,0.0,0,0.0,0.0,0.0,0.0,0.0,0.0
2016,NLDS1,hendrky01,CHN,NL,1,1,0,1,0,0,0,2,0,0.0,0,0.0,0.0,0.0,0.0,0.0,0.0
2016,NLDS1,hernago01,SFN,NL,3,6,0,1,0,0,0,0,0,1.0,0,2.0,0.0,0.0,0.0,0.0,0.0
2016,NLDS1,heywaja01,CHN,NL,4,12,2,1,1,0,0,0,0,0.0,0,3.0,0.0,0.0,0.0,0.0,0.0
2016,NLDS1,kontoge01,SFN,NL,1,0,0,0,0,0,0,0,0,0.0,0,0.0,0.0,0.0,0.0,0.0,0.0
2016,NLDS1,lackejo01,CHN,NL,1,1,0,0,0,0,0,0,0,0.0,0,1.0,0.0,0.0,0.0,0.0,0.0
2016,NLDS1,lasteto01,CHN,NL,1,1,0,0,0,0,0,0,0,0.0,0,0.0,0.0,0.0,0.0,0.0,0.0
2016,NLDS1,lawde01,SFN,NL,3,0,0,0,0,0,0,0,0,0.0,0,0.0,0.0,0.0,0.0,0.0,0.0
2016,NLDS1,lestejo01,CHN,NL,1,2,0,0,0,0,0,0,0,0.0,0,2.0,0.0,0.0,0.0,0.0,0.0
2016,NLDS1,lopezja02,SFN,NL,2,0,0,0,0,0,0,0,0,0.0,0,0.0,0.0,0.0,0.0,0.0,0.0
2016,NLDS1,montemi01,CHN,NL,2,4,0,0,0,0,0,0,0,0.0,0,0.0,0.0,0.0,0.0,0.0,0.0
2016,NLDS1,montgmi01,CHN,NL,2,1,0,0,0,0,0,0,0,0.0,0,0.0,0.0,0.0,0.0,0.0,0.0
2016,NLDS1,moorema02,SFN,NL,1,3,0,1,0,0,0,1,0,0.0,0,1.0,0.0,0.0,0.0,0.0,0.0
2016,NLDS1,nunezed02,SFN,NL,3,3,0,0,0,0,0,0,0,0.0,0,0.0,0.0,0.0,0.0,0.0,0.0
2016,NLDS1,paganan01,SFN,NL,2,6,0,2,1,0,0,0,0,0.0,0,0.0,0.0,0.0,0.0,0.0,0.0
2016,NLDS1,panikjo01,SFN,NL,3,10,2,6,2,0,0,2,0,0.0,2,2.0,0.0,0.0,0.0,1.0,0.0
2016,NLDS1,pencehu01,SFN,NL,4,18,1,4,0,0,0,0,0,0.0,0,3.0,0.0,0.0,0.0,0.0,0.0
2016,NLDS1,poseybu01,SFN,NL,4,15,1,5,1,0,0,2,0,0.0,2,1.0,0.0,0.0,0.0,1.0,0.0
2016,NLDS1,rizzoan01,CHN,NL,4,15,1,1,0,0,0,0,0,0.0,2,4.0,0.0,0.0,0.0,0.0,0.0
2016,NLDS1,romose01,SFN,NL,2,0,0,0,0,0,0,0,0,0.0,0,0.0,0.0,0.0,0.0,0.0,0.0
2016,NLDS1,rondohe01,CHN,NL,3,0,0,0,0,0,0,0,0,0.0,0,0.0,0.0,0.0,0.0,0.0,0.0
2016,NLDS1,rossda01,CHN,NL,3,6,1,1,0,0,1,2,0,0.0,0,2.0,0.0,0.0,0.0,1.0,2.0
2016,NLDS1,russead02,CHN,NL,4,15,1,1,0,0,0,0,0,0.0,0,2.0,0.0,1.0,0.0,0.0,1.0
2016,NLDS1,samarje01,SFN,NL,1,0,0,0,0,0,0,0,0,0.0,0,0.0,0.0,0.0,0.0,0.0,0.0
2016,NLDS1,smithwi04,SFN,NL,2,0,0,0,0,0,0,0,0,0.0,0,0.0,0.0,0.0,0.0,0.0,0.0
2016,NLDS1,solerjo01,CHN,NL,2,4,0,0,0,0,0,0,0,0.0,1,1.0,0.0,0.0,0.0,0.0,0.0
2016,NLDS1,spande01,SFN,NL,3,15,3,4,2,1,0,1,0,1.0,0,3.0,0.0,0.0,0.0,0.0,0.0
2016,NLDS1,strichu01,SFN,NL,3,0,0,0,0,0,0,0,0,0.0,0,0.0,0.0,0.0,0.0,0.0,0.0
2016,NLDS1,stroppe01,CHN,NL,1,0,0,0,0,0,0,0,0,0.0,0,0.0,0.0,0.0,0.0,0.0,0.0
2016,NLDS1,tomlike01,SFN,NL,3,6,0,0,0,0,0,0,0,0.0,0,3.0,0.0,0.0,0.0,0.0,0.0
2016,NLDS1,woodtr01,CHN,NL,3,1,1,1,0,0,1,1,0,0.0,0,0.0,0.0,0.0,0.0,0.0,0.0
2016,NLDS1,zobribe01,CHN,NL,4,16,1,3,2,0,0,2,0,0.0,0,4.0,0.0,0.0,0.0,0.0,0.0
2016,NLDS2,avilalu01,LAN,NL,3,0,0,0,0,0,0,0,0,0.0,0,0.0,0.0,0.0,0.0,0.0,0.0
2016,NLDS2,baezpe01,LAN,NL,4,0,0,0,0,0,0,0,0,0.0,0,0.0,0.0,0.0,0.0,0.0,0.0
2016,NLDS2,barneau01,LAN,NL,2,1,1,0,0,0,0,0,0,0.0,0,1.0,0.0,0.0,0.0,0.0,0.0
2016,NLDS2,blantjo01,LAN,NL,4,0,0,0,0,0,0,0,0,0.0,0,0.0,0.0,0.0,0.0,0.0,0.0
2016,NLDS2,culbech01,LAN,NL,4,7,0,0,0,0,0,0,0,0.0,0,2.0,0.0,0.0,0.0,0.0,0.0
2016,NLDS2,daytogr01,LAN,NL,4,0,0,0,0,0,0,0,0,0.0,0,0.0,0.0,0.0,0.0,0.0,0.0
2016,NLDS2,difowi01,WAS,NL,2,2,0,0,0,0,0,0,0,0.0,0,1.0,0.0,0.0,0.0,0.0,0.0
2016,NLDS2,drewst01,WAS,NL,4,4,0,0,0,0,0,0,0,0.0,1,3.0,0.0,0.0,0.0,0.0,0.0
2016,NLDS2,espinda01,WAS,NL,5,14,3,2,0,0,0,1,0,0.0,1,8.0,0.0,3.0,0.0,0.0,0.0
2016,NLDS2,ethiean01,LAN,NL,3,2,0,1,0,0,0,0,0,0.0,0,1.0,0.0,0.0,0.0,0.0,0.0
2016,NLDS2,fieldjo03,LAN,NL,2,0,0,0,0,0,0,0,0,0.0,0,0.0,0.0,0.0,0.0,0.0,0.0
2016,NLDS2,gonzaad01,LAN,NL,5,20,1,4,0,0,1,2,0,0.0,1,4.0,0.0,0.0,0.0,0.0,1.0
2016,NLDS2,gonzagi01,WAS,NL,1,2,0,0,0,0,0,0,0,0.0,0,2.0,0.0,0.0,0.0,0.0,0.0
2016,NLDS2,grandya01,LAN,NL,5,16,0,2,0,0,0,0,0,0.0,3,6.0,0.0,0.0,0.0,0.0,1.0
2016,NLDS2,harpebr03,WAS,NL,5,17,4,4,1,0,0,1,3,0.0,6,6.0,0.0,1.0,0.0,0.0,0.0
2016,NLDS2,heisech01,WAS,NL,5,4,1,1,0,0,1,3,0,0.0,0,2.0,0.0,0.0,0.0,1.0,0.0
2016,NLDS2,hillri01,LAN,NL,2,3,0,1,0,0,0,0,0,0.0,0,1.0,0.0,0.0,0.0,0.0,0.0
2016,NLDS2,janseke01,LAN,NL,4,1,0,0,0,0,0,0,0,0.0,0,1.0,0.0,0.0,1.0,0.0,0.0
2016,NLDS2,kellesh01,WAS,NL,2,0,0,0,0,0,0,0,0,0.0,0,0.0,0.0,0.0,0.0,0.0,0.0
2016,NLDS2,kendrho01,LAN,NL,4,9,1,3,1,0,0,0,0,0.0,1,1.0,1.0,0.0,0.0,0.0,0.0
2016,NLDS2,kershcl01,LAN,NL,3,3,1,1,1,0,0,0,0,0.0,1,2.0,0.0,0.0,1.0,0.0,0.0
2016,NLDS2,lobatjo01,WAS,NL,4,9,1,2,0,0,1,3,0,0.0,0,2.0,0.0,0.0,0.0,0.0,1.0
2016,NLDS2,lopezre01,WAS,NL,1,0,0,0,0,0,0,0,0,0.0,0,0.0,0.0,0.0,0.0,0.0,0.0
2016,NLDS2,maedake01,LAN,NL,1,0,0,0,0,0,0,0,0,0.0,0,0.0,0.0,0.0,0.0,0.0,0.0
2016,NLDS2,melanma01,WAS,NL,4,0,0,0,0,0,0,0,0,0.0,0,0.0,0.0,0.0,0.0,0.0,0.0
2016,NLDS2,murphda08,WAS,NL,5,16,3,7,0,0,0,6,2,1.0,5,1.0,2.0,0.0,0.0,1.0,0.0
2016,NLDS2,pederjo01,LAN,NL,5,15,2,5,1,0,1,3,0,0.0,2,6.0,1.0,1.0,0.0,0.0,0.0
2016,NLDS2,perezol01,WAS,NL,4,0,0,0,0,0,0,0,0,0.0,0,0.0,0.0,0.0,0.0,0.0,0.0
2016,NLDS2,puigya01,LAN,NL,4,5,0,0,0,0,0,0,0,0.0,3,2.0,2.0,0.0,0.0,0.0,0.0
2016,NLDS2,reddijo01,LAN,NL,5,15,1,4,0,0,0,1,0,0.0,1,2.0,0.0,0.0,0.0,0.0,0.0
2016,NLDS2,rendoan01,WAS,NL,5,20,1,3,0,0,1,4,0,0.0,1,6.0,0.0,0.0,0.0,0.0,0.0
2016,NLDS2,roarkta01,WAS,NL,1,2,0,0,0,0,0,0,0,0.0,0,1.0,0.0,0.0,0.0,0.0,0.0
2016,NLDS2,robincl01,WAS,NL,3,3,0,2,1,0,0,0,0,0.0,0,0.0,0.0,0.0,0.0,0.0,0.0
2016,NLDS2,rossjo01,WAS,NL,2,1,0,0,0,0,0,0,0,0.0,0,1.0,0.0,0.0,0.0,0.0,0.0
2016,NLDS2,ruizca01,LAN,NL,3,4,2,2,0,0,1,3,0,0.0,0,1.0,0.0,0.0,0.0,0.0,0.0
2016,NLDS2,rzepcma01,WAS,NL,3,0,0,0,0,0,0,0,0,0.0,0,0.0,0.0,0.0,0.0,0.0,0.0
2016,NLDS2,scherma01,WAS,NL,2,4,0,0,0,0,0,0,0,0.0,0,2.0,0.0,0.0,0.0,0.0,0.0
2016,NLDS2,seageco01,LAN,NL,5,23,3,3,1,0,2,3,0,0.0,0,6.0,0.0,0.0,0.0,0.0,0.0
2016,NLDS2,severpe01,WAS,NL,4,10,1,1,1,0,0,0,0,0.0,0,3.0,0.0,0.0,0.0,0.0,0.0
2016,NLDS2,solissa01,WAS,NL,5,0,0,0,0,0,0,0,0,0.0,0,0.0,0.0,0.0,0.0,0.0,0.0
2016,NLDS2,stripro01,LAN,NL,2,0,0,0,0,0,0,0,0,0.0,0,0.0,0.0,0.0,0.0,0.0,0.0
2016,NLDS2,taylomi02,WAS,NL,3,2,0,0,0,0,0,0,0,0.0,0,2.0,0.0,0.0,0.0,0.0,0.0
2016,NLDS2,tolesan01,LAN,NL,5,9,2,2,0,0,0,0,0,0.0,0,1.0,0.0,2.0,0.0,0.0,1.0
2016,NLDS2,treinbl01,WAS,NL,3,0,0,0,0,0,0,0,0,0.0,0,0.0,0.0,0.0,0.0,0.0,0.0
2016,NLDS2,turneju01,LAN,NL,5,15,5,6,0,1,1,5,0,0.0,5,2.0,0.0,2.0,0.0,0.0,0.0
2016,NLDS2,turnetr01,WAS,NL,5,22,5,7,0,0,0,1,2,0.0,1,11.0,0.0,0.0,0.0,1.0,0.0
2016,NLDS2,uriasju01,LAN,NL,1,0,0,0,0,0,0,0,0,0.0,0,0.0,0.0,0.0,0.0,0.0,0.0
2016,NLDS2,utleych01,LAN,NL,5,16,0,3,0,0,0,2,1,0.0,1,5.0,0.0,1.0,0.0,0.0,0.0
2016,NLDS2,werthja01,WAS,NL,5,18,4,7,2,0,1,3,1,0.0,4,9.0,0.0,1.0,0.0,0.0,0.0
2016,NLDS2,zimmery01,WAS,NL,5,17,1,6,2,0,0,2,0,0.0,3,3.0,0.0,0.0,0.0,0.0,0.0
2016,NLWC,beltbr01,SFN,NL,1,2,0,0,0,0,0,0,0,0.0,2,0.0,0.0,0.0,0.0,0.0,0.0
2016,NLWC,bruceja01,NYN,NL,1,3,0,0,0,0,0,0,0,0.0,0,1.0,0.0,0.0,0.0,0.0,0.0
2016,NLWC,bumgama01,SFN,NL,1,3,0,0,0,0,0,0,0,0.0,0,1.0,0.0,0.0,1.0,0.0,0.0
2016,NLWC,cabreas01,NYN,NL,1,3,0,1,0,0,0,0,0,0.0,1,0.0,0.0,0.0,0.0,0.0,0.0
2016,NLWC,campber01,NYN,NL,1,1,0,0,0,0,0,0,0,0.0,0,1.0,0.0,0.0,0.0,0.0,0.0
2016,NLWC,cespeyo01,NYN,NL,1,4,0,0,0,0,0,0,0,0.0,0,2.0,0.0,0.0,0.0,0.0,0.0
2016,NLWC,crawfbr01,SFN,NL,1,3,1,1,1,0,0,0,0,0.0,1,1.0,0.0,0.0,0.0,0.0,0.0
2016,NLWC,familje01,NYN,NL,1,0,0,0,0,0,0,0,0,0.0,0,0.0,0.0,0.0,0.0,0.0,0.0
2016,NLWC,gillaco01,SFN,NL,1,4,1,2,0,0,1,3,0,0.0,0,2.0,0.0,0.0,0.0,0.0,0.0
2016,NLWC,grandcu01,NYN,NL,1,4,0,0,0,0,0,0,0,0.0,0,0.0,0.0,0.0,0.0,0.0,0.0
2016,NLWC,kellyty01,NYN,NL,1,1,0,1,0,0,0,0,0,0.0,0,0.0,0.0,0.0,0.0,0.0,0.0
2016,NLWC,loneyja01,NYN,NL,1,1,0,0,0,0,0,0,0,0.0,1,0.0,1.0,0.0,0.0,0.0,1.0
2016,NLWC,paganan01,SFN,NL,1,4,0,1,0,0,0,0,0,0.0,0,3.0,0.0,0.0,0.0,0.0,0.0
2016,NLWC,panikjo01,SFN,NL,1,3,1,0,0,0,0,0,0,0.0,1,2.0,0.0,0.0,0.0,0.0,0.0
2016,NLWC,pencehu01,SFN,NL,1,4,0,0,0,0,0,0,0,0.0,0,2.0,0.0,0.0,0.0,0.0,0.0
2016,NLWC,poseybu01,SFN,NL,1,3,0,0,0,0,0,0,0,0.0,1,0.0,1.0,0.0,0.0,0.0,0.0
2016,NLWC,reedad01,NYN,NL,1,0,0,0,0,0,0,0,0,0.0,0,0.0,0.0,0.0,0.0,0.0,0.0
2016,NLWC,reyesjo01,NYN,NL,1,4,0,0,0,0,0,0,0,0.0,0,0.0,0.0,0.0,0.0,0.0,0.0
2016,NLWC,riverre01,NYN,NL,1,3,0,1,0,0,0,0,0,0.0,0,0.0,0.0,0.0,0.0,0.0,0.0
2016,NLWC,rivertj01,NYN,NL,1,4,0,1,1,0,0,0,0,0.0,0,0.0,0.0,0.0,0.0,0.0,0.0
2016,NLWC,spande01,SFN,NL,1,4,0,1,0,0,0,0,1,1.0,1,1.0,0.0,0.0,0.0,0.0,0.0
2016,NLWC,syndeno01,NYN,NL,1,2,0,0,0,0,0,0,0,0.0,0,2.0,0.0,0.0,0.0,0.0,0.0
2016,WS,allenco01,CLE,AL,4,0,0,0,0,0,0,0,0,0.0,0,0.0,0.0,0.0,0.0,0.0,0.0
2016,WS,almoral01,CHN,NL,3,1,1,0,0,0,0,0,0,0.0,0,0.0,0.0,0.0,0.0,0.0,0.0
2016,WS,arrieja01,CHN,NL,2,0,0,0,0,0,0,0,0,0.0,0,0.0,0.0,0.0,0.0,0.0,0.0
2016,WS,baezja01,CHN,NL,7,30,1,5,0,0,1,1,0,0.0,0,13.0,0.0,0.0,0.0,0.0,1.0
2016,WS,bauertr01,CLE,AL,3,1,0,0,0,0,0,0,0,0.0,0,0.0,0.0,0.0,0.0,0.0,0.0
2016,WS,bryankr01,CHN,NL,7,26,6,7,0,0,2,2,1,0.0,5,8.0,0.0,0.0,0.0,0.0,0.0
2016,WS,chapmar01,CHN,NL,5,1,0,0,0,0,0,0,0,0.0,0,1.0,0.0,0.0,0.0,0.0,0.0
2016,WS,chiselo01,CLE,AL,6,16,2,2,0,0,0,1,0,0.0,1,5.0,0.0,1.0,0.0,1.0,0.0
2016,WS,clevimi01,CLE,AL,3,0,0,0,0,0,0,0,0,0.0,0,0.0,0.0,0.0,0.0,0.0,0.0
2016,WS,coghlch01,CHN,NL,4,3,0,0,0,0,0,0,0,0.0,0,2.0,0.0,0.0,0.0,0.0,0.0
2016,WS,contrwi01,CHN,NL,7,19,0,2,2,0,0,1,0,0.0,3,4.0,0.0,0.0,0.0,0.0,0.0
2016,WS,crispco01,CLE,AL,6,12,2,4,2,0,0,1,0,0.0,1,1.0,0.0,0.0,0.0,0.0,0.0
2016,WS,davisra01,CLE,AL,7,22,3,5,1,0,1,3,3,0.0,1,4.0,0.0,1.0,0.0,0.0,1.0
2016,WS,edwarca01,CHN,NL,3,0,0,0,0,0,0,0,0,0.0,0,0.0,0.0,0.0,0.0,0.0,0.0
2016,WS,fowlede01,CHN,NL,7,30,3,7,1,0,2,2,1,1.0,0,7.0,0.0,1.0,0.0,0.0,0.0
2016,WS,gomesya01,CLE,AL,4,4,0,0,0,0,0,0,0,0.0,0,2.0,0.0,0.0,0.0,0.0,1.0
2016,WS,grimmju01,CHN,NL,3,0,0,0,0,0,0,0,0,0.0,0,0.0,0.0,0.0,0.0,0.0,0.0
2016,WS,guyerbr01,CLE,AL,7,10,4,3,1,0,0,2,0,0.0,4,4.0,0.0,2.0,0.0,0.0,0.0
2016,WS,hendrky01,CHN,NL,2,1,0,0,0,0,0,0,0,0.0,0,0.0,0.0,0.0,0.0,0.0,0.0
2016,WS,heywaja01,CHN,NL,6,20,0,3,0,0,0,0,4,0.0,0,5.0,0.0,0.0,0.0,0.0,1.0
2016,WS,kipnija01,CLE,AL,7,31,6,9,3,0,2,4,0,0.0,0,9.0,0.0,1.0,0.0,0.0,0.0
2016,WS,klubeco01,CLE,AL,3,2,0,1,0,0,0,0,0,0.0,0,1.0,0.0,0.0,0.0,0.0,0.0
2016,WS,lackejo01,CHN,NL,1,1,0,0,0,0,0,0,0,0.0,0,1.0,0.0,0.0,0.0,0.0,0.0
2016,WS,lestejo01,CHN,NL,3,2,0,0,0,0,0,0,0,0.0,0,2.0,0.0,0.0,0.0,0.0,0.0
2016,WS,lindofr01,CLE,AL,7,27,2,8,1,0,0,2,1,2.0,3,6.0,0.0,0.0,0.0,0.0,1.0
2016,WS,manshje01,CLE,AL,2,0,0,0,0,0,0,0,0,0.0,0,0.0,0.0,0.0,0.0,0.0,0.0
2016,WS,martimi02,CLE,AL,4,3,1,0,0,0,0,0,0,0.0,0,2.0,0.0,0.0,0.0,0.0,0.0
2016,WS,mcallza01,CLE,AL,2,0,0,0,0,0,0,0,0,0.0,0,0.0,0.0,0.0,0.0,0.0,0.0
2016,WS,millean01,CLE,AL,4,0,0,0,0,0,0,0,0,0.0,0,0.0,0.0,0.0,0.0,0.0,0.0
2016,WS,montemi01,CHN,NL,4,4,0,1,0,0,0,1,0,0.0,0,2.0,0.0,0.0,0.0,0.0,0.0
2016,WS,montgmi01,CHN,NL,5,0,0,0,0,0,0,0,0,0.0,0,0.0,0.0,0.0,0.0,0.0,0.0
2016,WS,napolmi01,CLE,AL,7,24,1,4,0,0,0,1,0,0.0,2,11.0,0.0,0.0,0.0,0.0,0.0
2016,WS,naquity01,CLE,AL,5,7,0,1,0,0,0,0,0,0.0,1,5.0,1.0,0.0,1.0,0.0,0.0
2016,WS,oteroda01,CLE,AL,3,0,0,0,0,0,0,0,0,0.0,0,0.0,0.0,0.0,0.0,0.0,0.0
2016,WS,perezro02,CLE,AL,7,20,2,4,0,0,2,5,0,0.0,4,6.0,0.0,0.0,1.0,0.0,1.0
2016,WS,ramirjo01,CLE,AL,7,29,2,9,1,0,1,2,0,0.0,1,5.0,0.0,0.0,0.0,0.0,1.0
2016,WS,rizzoan01,CHN,NL,7,25,7,9,3,0,1,5,1,0.0,4,3.0,2.0,2.0,0.0,0.0,0.0
2016,WS,rondohe01,CHN,NL,2,0,0,0,0,0,0,0,0,0.0,0,0.0,0.0,0.0,0.0,0.0,0.0
2016,WS,rossda01,CHN,NL,3,5,1,2,0,0,1,2,0,0.0,1,1.0,0.0,0.0,0.0,1.0,0.0
2016,WS,russead02,CHN,NL,7,27,1,6,1,0,1,9,0,0.0,2,6.0,1.0,0.0,0.0,1.0,0.0
2016,WS,salazda01,CLE,AL,2,0,0,0,0,0,0,0,0,0.0,0,0.0,0.0,0.0,0.0,0.0,0.0
2016,WS,santaca01,CLE,AL,7,23,2,5,1,0,1,2,0,0.0,6,7.0,0.0,0.0,0.0,0.0,0.0
2016,WS,schwaky01,CHN,NL,5,17,2,7,1,0,0,2,1,0.0,3,4.0,0.0,0.0,0.0,0.0,1.0
2016,WS,shawbr01,CLE,AL,4,0,0,0,0,0,0,0,0,0.0,0,0.0,0.0,0.0,0.0,0.0,0.0
2016,WS,solerjo01,CHN,NL,2,5,0,2,0,1,0,0,0,0.0,1,1.0,0.0,0.0,0.0,0.0,1.0
2016,WS,stroppe01,CHN,NL,3,0,0,0,0,0,0,0,0,0.0,0,0.0,0.0,0.0,0.0,0.0,0.0
2016,WS,tomlijo01,CLE,AL,2,1,0,0,0,0,0,0,0,0.0,0,1.0,0.0,0.0,1.0,0.0,0.0
2016,WS,woodtr01,CHN,NL,3,0,0,0,0,0,0,0,0,0.0,0,0.0,0.0,0.0,0.0,0.0,0.0
2016,WS,zobribe01,CHN,NL,7,28,5,10,2,1,0,2,0,0.0,3,4.0,0.0,0.0,0.0,0.0,0.0
2017,ALCS,altuvjo01,HOU,AL,7,25,5,8,0,0,2,4,1,0.0,4,5.0,0.0,0.0,0.0,0.0,1.0
2017,ALCS,beltrca01,HOU,AL,4,12,0,1,1,0,0,0,0,0.0,0,4.0,0.0,0.0,0.0,0.0,0.0
2017,ALCS,betande01,NYA,AL,2,0,0,0,0,0,0,0,0,0.0,0,0.0,0.0,0.0,0.0,0.0,0.0
2017,ALCS,birdgr01,NYA,AL,7,20,2,5,2,0,1,2,0,0.0,8,8.0,1.0,0.0,0.0,0.0,0.0
2017,ALCS,bregmal01,HOU,AL,7,24,2,4,1,0,0,3,0,0.0,3,3.0,0.0,0.0,0.0,0.0,1.0
2017,ALCS,castrst01,NYA,AL,7,24,2,5,1,0,0,0,0,0.0,1,8.0,0.0,1.0,0.0,0.0,1.0
2017,ALCS,chapmar01,NYA,AL,2,0,0,0,0,0,0,0,0,0.0,0,0.0,0.0,0.0,0.0,0.0,0.0
2017,ALCS,correca01,HOU,AL,7,27,4,9,3,0,1,3,0,0.0,1,5.0,0.0,0.0,0.0,0.0,0.0
2017,ALCS,devench02,HOU,AL,2,0,0,0,0,0,0,0,0,0.0,0,0.0,0.0,0.0,0.0,0.0,0.0
2017,ALCS,ellsbja01,NYA,AL,2,1,1,0,0,0,0,0,0,0.0,0,1.0,0.0,0.0,0.0,0.0,0.0
2017,ALCS,fishede01,HOU,AL,1,0,0,0,0,0,0,0,0,0.0,1,0.0,0.0,0.0,0.0,0.0,0.0
2017,ALCS,frazito01,NYA,AL,7,22,3,4,1,0,1,4,0,0.0,2,4.0,0.0,0.0,0.0,0.0,0.0
2017,ALCS,gardnbr01,NYA,AL,7,27,2,4,1,0,0,1,0,0.0,1,9.0,0.0,1.0,0.0,0.0,0.0
2017,ALCS,gattiev01,HOU,AL,4,10,2,1,0,0,1,2,0,0.0,2,2.0,0.0,0.0,0.0,1.0,0.0
2017,ALCS,gileske01,HOU,AL,3,0,0,0,0,0,0,0,0,0.0,0,0.0,0.0,0.0,0.0,0.0,0.0
2017,ALCS,gonzama01,HOU,AL,7,22,2,3,1,0,0,0,0,0.0,2,4.0,0.0,0.0,0.0,0.0,0.0
2017,ALCS,gourryu01,HOU,AL,7,24,2,6,3,0,0,4,0,0.0,2,4.0,0.0,0.0,0.0,0.0,0.0
2017,ALCS,grayso01,NYA,AL,1,0,0,0,0,0,0,0,0,0.0,0,0.0,0.0,0.0,0.0,0.0,0.0
2017,ALCS,greench03,NYA,AL,3,0,0,0,0,0,0,0,0,0.0,0,0.0,0.0,0.0,0.0,0.0,0.0
2017,ALCS,gregelu01,HOU,AL,1,0,0,0,0,0,0,0,0,0.0,0,0.0,0.0,0.0,0.0,0.0,0.0
2017,ALCS,gregodi01,NYA,AL,7,28,2,7,1,1,0,1,0,0.0,0,8.0,0.0,0.0,0.0,0.0,0.0
2017,ALCS,harriwi02,HOU,AL,2,0,0,0,0,0,0,0,0,0.0,0,0.0,0.0,0.0,0.0,0.0,0.0
2017,ALCS,headlch01,NYA,AL,6,18,2,7,1,0,0,1,0,0.0,0,4.0,0.0,0.0,0.0,0.0,0.0
2017,ALCS,hicksaa01,NYA,AL,7,24,2,2,1,0,0,0,0,0.0,2,8.0,0.0,0.0,0.0,0.0,0.0
2017,ALCS,hollima01,NYA,AL,1,3,0,0,0,0,0,0,0,0.0,0,0.0,0.0,0.0,0.0,0.0,0.0
2017,ALCS,judgeaa01,NYA,AL,7,24,5,6,2,0,3,7,0,1.0,4,11.0,0.0,0.0,0.0,0.0,1.0
2017,ALCS,kahnlto01,NYA,AL,4,0,0,0,0,0,0,0,0,0.0,0,0.0,0.0,0.0,0.0,0.0,0.0
2017,ALCS,keuchda01,HOU,AL,2,0,0,0,0,0,0,0,0,0.0,0,0.0,0.0,0.0,0.0,0.0,0.0
2017,ALCS,liriafr01,HOU,AL,1,0,0,0,0,0,0,0,0,0.0,0,0.0,0.0,0.0,0.0,0.0,0.0
2017,ALCS,maybica01,HOU,AL,1,3,0,1,0,0,0,0,0,0.0,1,0.0,0.0,0.0,0.0,0.0,0.0
2017,ALCS,mccanbr01,HOU,AL,6,16,1,3,2,0,0,3,0,0.0,3,5.0,0.0,1.0,0.0,0.0,1.0
2017,ALCS,mcculla02,HOU,AL,2,0,0,0,0,0,0,0,0,0.0,0,0.0,0.0,0.0,0.0,0.0,0.0
2017,ALCS,mchugco01,HOU,AL,1,0,0,0,0,0,0,0,0,0.0,0,0.0,0.0,0.0,0.0,0.0,0.0
2017,ALCS,mortoch02,HOU,AL,2,0,0,0,0,0,0,0,0,0.0,0,0.0,0.0,0.0,0.0,0.0,0.0
2017,ALCS,musgrjo01,HOU,AL,1,0,0,0,0,0,0,0,0,0.0,0,0.0,0.0,0.0,0.0,0.0,0.0
2017,ALCS,peacobr01,HOU,AL,2,0,0,0,0,0,0,0,0,0.0,0,0.0,0.0,0.0,0.0,0.0,0.0
2017,ALCS,reddijo01,HOU,AL,7,25,1,1,0,0,0,0,0,0.0,1,6.0,0.0,0.0,0.0,0.0,1.0
2017,ALCS,roberda08,NYA,AL,4,0,0,0,0,0,0,0,0,0.0,0,0.0,0.0,0.0,0.0,0.0,0.0
2017,ALCS,rominau01,NYA,AL,2,2,0,0,0,0,0,0,0,0.0,0,0.0,0.0,0.0,0.0,0.0,0.0
2017,ALCS,sabatcc01,NYA,AL,2,0,0,0,0,0,0,0,0,0.0,0,0.0,0.0,0.0,0.0,0.0,0.0
2017,ALCS,sanchga02,NYA,AL,7,26,1,5,1,0,1,5,0,0.0,1,9.0,0.0,0.0,0.0,1.0,0.0
2017,ALCS,severlu01,NYA,AL,2,0,0,0,0,0,0,0,0,0.0,0,0.0,0.0,0.0,0.0,0.0,0.0
2017,ALCS,springe01,HOU,AL,7,26,1,3,0,0,0,0,0,0.0,4,7.0,0.0,0.0,0.0,0.0,2.0
2017,ALCS,tanakma01,NYA,AL,2,0,0,0,0,0,0,0,0,0.0,0,0.0,0.0,0.0,0.0,0.0,0.0
2017,ALCS,torrero01,NYA,AL,1,0,0,0,0,0,0,0,0,0.0,0,0.0,0.0,0.0,0.0,0.0,0.0
2017,ALCS,verlaju01,HOU,AL,2,0,0,0,0,0,0,0,0,0.0,0,0.0,0.0,0.0,0.0,0.0,0.0
2017,ALCS,warread01,NYA,AL,2,0,0,0,0,0,0,0,0,0.0,0,0.0,0.0,0.0,0.0,0.0,0.0
2017,ALDS1,allenco01,CLE,AL,4,0,0,0,0,0,0,0,0,0.0,0,0.0,0.0,0.0,0.0,0.0,0.0
2017,ALDS1,allengr01,CLE,AL,2,0,0,0,0,0,0,0,0,0.0,0,0.0,0.0,0.0,0.0,0.0,0.0
2017,ALDS1,bauertr01,CLE,AL,2,0,0,0,0,0,0,0,0,0.0,0,0.0,0.0,0.0,0.0,0.0,0.0
2017,ALDS1,betande01,NYA,AL,3,0,0,0,0,0,0,0,0,0.0,0,0.0,0.0,0.0,0.0,0.0,0.0
2017,ALDS1,birdgr01,NYA,AL,5,18,3,4,0,0,2,3,0,0.0,3,7.0,0.0,1.0,0.0,0.0,0.0
2017,ALDS1,brantmi02,CLE,AL,3,11,0,1,0,0,0,0,0,0.0,1,4.0,0.0,0.0,0.0,0.0,1.0
2017,ALDS1,bruceja01,CLE,AL,5,18,5,5,1,0,2,4,0,0.0,2,8.0,0.0,0.0,0.0,1.0,0.0
2017,ALDS1,carraca01,CLE,AL,1,0,0,0,0,0,0,0,0,0.0,0,0.0,0.0,0.0,0.0,0.0,0.0
2017,ALDS1,castrst01,NYA,AL,5,22,3,6,2,0,0,1,0,0.0,1,5.0,0.0,0.0,0.0,0.0,0.0
2017,ALDS1,chapmar01,NYA,AL,3,0,0,0,0,0,0,0,0,0.0,0,0.0,0.0,0.0,0.0,0.0,0.0
2017,ALDS1,chiselo01,CLE,AL,4,5,1,0,0,0,0,0,0,0.0,0,4.0,0.0,2.0,0.0,0.0,0.0
2017,ALDS1,clevimi01,CLE,AL,2,0,0,0,0,0,0,0,0,0.0,0,0.0,0.0,0.0,0.0,0.0,0.0
2017,ALDS1,ellsbja01,NYA,AL,3,4,0,0,0,0,0,0,0,0.0,2,2.0,0.0,0.0,0.0,0.0,0.0
2017,ALDS1,encared01,CLE,AL,3,7,1,0,0,0,0,0,0,0.0,1,3.0,0.0,1.0,0.0,0.0,0.0
2017,ALDS1,frazito01,NYA,AL,5,17,3,4,1,0,0,1,0,1.0,2,5.0,0.0,0.0,0.0,0.0,0.0
2017,ALDS1,garcija02,NYA,AL,1,0,0,0,0,0,0,0,0,0.0,0,0.0,0.0,0.0,0.0,0.0,0.0
2017,ALDS1,gardnbr01,NYA,AL,5,21,2,6,1,0,0,2,1,1.0,1,3.0,0.0,0.0,1.0,1.0,2.0
2017,ALDS1,gomesya01,CLE,AL,3,6,1,2,1,0,0,1,0,0.0,2,2.0,1.0,0.0,0.0,0.0,0.0
2017,ALDS1,gonzaer01,CLE,AL,2,2,0,0,0,0,0,0,0,0.0,0,0.0,0.0,0.0,0.0,0.0,0.0
2017,ALDS1,grayso01,NYA,AL,1,0,0,0,0,0,0,0,0,0.0,0,0.0,0.0,0.0,0.0,0.0,0.0
2017,ALDS1,greench03,NYA,AL,1,0,0,0,0,0,0,0,0,0.0,0,0.0,0.0,0.0,0.0,0.0,0.0
2017,ALDS1,gregodi01,NYA,AL,5,17,3,4,0,0,2,3,0,0.0,6,3.0,2.0,0.0,0.0,0.0,0.0
2017,ALDS1,headlch01,NYA,AL,5,12,0,0,0,0,0,0,0,0.0,1,6.0,0.0,0.0,0.0,0.0,0.0
2017,ALDS1,hicksaa01,NYA,AL,5,19,3,6,1,0,1,4,0,0.0,1,6.0,0.0,0.0,0.0,0.0,1.0
2017,ALDS1,jacksau01,CLE,AL,5,14,3,3,0,0,0,0,1,0.0,1,6.0,0.0,0.0,0.0,0.0,1.0
2017,ALDS1,judgeaa01,NYA,AL,5,20,1,1,1,0,0,2,0,0.0,4,16.0,0.0,0.0,0.0,0.0,0.0
2017,ALDS1,kahnlto01,NYA,AL,2,0,0,0,0,0,0,0,0,0.0,0,0.0,0.0,0.0,0.0,0.0,0.0
2017,ALDS1,kipnija01,CLE,AL,5,22,0,4,0,1,0,1,0,0.0,0,8.0,0.0,0.0,0.0,0.0,0.0
2017,ALDS1,klubeco01,CLE,AL,2,0,0,0,0,0,0,0,0,0.0,0,0.0,0.0,0.0,0.0,0.0,0.0
2017,ALDS1,lindofr01,CLE,AL,5,18,2,2,0,0,1,4,0,0.0,4,6.0,2.0,0.0,0.0,0.0,1.0
2017,ALDS1,millean01,CLE,AL,4,0,0,0,0,0,0,0,0,0.0,0,0.0,0.0,0.0,0.0,0.0,0.0
2017,ALDS1,olsonty01,CLE,AL,3,0,0,0,0,0,0,0,0,0.0,0,0.0,0.0,0.0,0.0,0.0,0.0
2017,ALDS1,perezro02,CLE,AL,4,10,1,3,0,0,1,2,0,0.0,2,3.0,0.0,0.0,0.0,0.0,1.0
2017,ALDS1,ramirjo01,CLE,AL,5,20,2,2,0,0,0,0,0,0.0,2,7.0,0.0,0.0,0.0,0.0,0.0
2017,ALDS1,roberda08,NYA,AL,3,0,0,0,0,0,0,0,0,0.0,0,0.0,0.0,0.0,0.0,0.0,0.0
2017,ALDS1,sabatcc01,NYA,AL,2,0,0,0,0,0,0,0,0,0.0,0,0.0,0.0,0.0,0.0,0.0,0.0
2017,ALDS1,salazda01,CLE,AL,1,0,0,0,0,0,0,0,0,0.0,0,0.0,0.0,0.0,0.0,0.0,0.0
2017,ALDS1,sanchga02,NYA,AL,5,23,3,4,0,0,2,3,0,0.0,0,10.0,0.0,0.0,0.0,0.0,1.0
2017,ALDS1,santaca01,CLE,AL,5,19,2,4,0,0,1,4,0,0.0,3,4.0,0.0,0.0,0.0,0.0,0.0
2017,ALDS1,severlu01,NYA,AL,1,0,0,0,0,0,0,0,0,0.0,0,0.0,0.0,0.0,0.0,0.0,0.0
2017,ALDS1,shawbr01,CLE,AL,3,0,0,0,0,0,0,0,0,0.0,0,0.0,0.0,0.0,0.0,0.0,0.0
2017,ALDS1,smithjo05,CLE,AL,4,0,0,0,0,0,0,0,0,0.0,0,0.0,0.0,0.0,0.0,0.0,0.0
2017,ALDS1,tanakma01,NYA,AL,1,0,0,0,0,0,0,0,0,0.0,0,0.0,0.0,0.0,0.0,0.0,0.0
2017,ALDS1,tomlijo01,CLE,AL,2,0,0,0,0,0,0,0,0,0.0,0,0.0,0.0,0.0,0.0,0.0,0.0
2017,ALDS1,torrero01,NYA,AL,1,1,0,0,0,0,0,0,0,0.0,0,1.0,0.0,0.0,0.0,0.0,0.0
2017,ALDS1,urshegi01,CLE,AL,5,12,0,2,0,0,0,1,0,0.0,0,6.0,0.0,0.0,1.0,0.0,0.0
2017,ALDS1,warread01,NYA,AL,1,0,0,0,0,0,0,0,0,0.0,0,0.0,0.0,0.0,0.0,0.0,0.0
2017,ALDS2,altuvjo01,HOU,AL,4,15,5,8,0,0,3,4,0,0.0,4,2.0,2.0,0.0,0.0,0.0,2.0
2017,ALDS2,beltrca01,HOU,AL,3,5,0,2,1,0,0,1,0,0.0,1,1.0,0.0,0.0,0.0,0.0,0.0
2017,ALDS2,beninan01,BOS,AL,4,16,2,4,0,0,1,2,0,0.0,1,3.0,0.0,0.0,0.0,0.0,1.0
2017,ALDS2,bettsmo01,BOS,AL,4,16,2,5,2,0,0,0,1,0.0,1,4.0,0.0,0.0,0.0,0.0,0.0
2017,ALDS2,bogaexa01,BOS,AL,4,17,2,1,0,0,1,1,0,0.0,1,4.0,0.0,0.0,0.0,0.0,0.0
2017,ALDS2,bradlja02,BOS,AL,4,15,1,3,0,0,1,5,0,0.0,0,6.0,0.0,0.0,0.0,0.0,1.0
2017,ALDS2,bregmal01,HOU,AL,4,18,3,4,1,0,2,2,0,0.0,0,3.0,0.0,0.0,0.0,0.0,0.0
2017,ALDS2,centeju01,HOU,AL,1,0,0,0,0,0,0,0,0,0.0,0,0.0,0.0,0.0,0.0,0.0,0.0
2017,ALDS2,correca01,HOU,AL,4,17,3,4,1,0,2,6,0,0.0,2,4.0,0.0,0.0,0.0,0.0,1.0
2017,ALDS2,davisra01,BOS,AL,1,0,0,0,0,0,0,0,0,0.0,0,0.0,0.0,0.0,0.0,0.0,0.0
2017,ALDS2,devench02,HOU,AL,3,0,0,0,0,0,0,0,0,0.0,0,0.0,0.0,0.0,0.0,0.0,0.0
2017,ALDS2,deverra01,BOS,AL,4,11,3,4,0,0,2,5,0,0.0,2,4.0,0.0,0.0,0.0,1.0,1.0
2017,ALDS2,fishede01,HOU,AL,2,0,0,0,0,0,0,0,0,1.0,0,0.0,0.0,0.0,0.0,0.0,0.0
2017,ALDS2,fistedo01,BOS,AL,1,0,0,0,0,0,0,0,0,0.0,0,0.0,0.0,0.0,0.0,0.0,0.0
2017,ALDS2,gattiev01,HOU,AL,3,10,2,4,2,0,0,1,0,0.0,2,3.0,0.0,0.0,0.0,0.0,0.0
2017,ALDS2,gileske01,HOU,AL,2,0,0,0,0,0,0,0,0,0.0,0,0.0,0.0,0.0,0.0,0.0,0.0
2017,ALDS2,gonzama01,HOU,AL,4,15,2,3,1,0,0,2,0,0.0,0,6.0,0.0,2.0,0.0,0.0,0.0
2017,ALDS2,gourryu01,HOU,AL,4,17,1,9,1,1,0,0,0,0.0,1,1.0,0.0,0.0,0.0,0.0,0.0
2017,ALDS2,gregelu01,HOU,AL,2,0,0,0,0,0,0,0,0,0.0,0,0.0,0.0,0.0,0.0,0.0,0.0
2017,ALDS2,harriwi02,HOU,AL,1,0,0,0,0,0,0,0,0,0.0,0,0.0,0.0,0.0,0.0,0.0,0.0
2017,ALDS2,holtbr01,BOS,AL,1,0,0,0,0,0,0,0,0,0.0,0,0.0,0.0,0.0,0.0,0.0,0.0
2017,ALDS2,kellyjo05,BOS,AL,2,0,0,0,0,0,0,0,0,0.0,0,0.0,0.0,0.0,0.0,0.0,0.0
2017,ALDS2,keuchda01,HOU,AL,1,0,0,0,0,0,0,0,0,0.0,0,0.0,0.0,0.0,0.0,0.0,0.0
2017,ALDS2,kimbrcr01,BOS,AL,2,0,0,0,0,0,0,0,0,0.0,0,0.0,0.0,0.0,0.0,0.0,0.0
2017,ALDS2,leonsa01,BOS,AL,2,8,0,4,0,0,0,2,0,0.0,0,2.0,0.0,0.0,0.0,0.0,0.0
2017,ALDS2,liriafr01,HOU,AL,2,0,0,0,0,0,0,0,0,0.0,0,0.0,0.0,0.0,0.0,0.0,0.0
2017,ALDS2,maddoau01,BOS,AL,2,0,0,0,0,0,0,0,0,0.0,0,0.0,0.0,0.0,0.0,0.0,0.0
2017,ALDS2,marrede01,BOS,AL,1,2,0,0,0,0,0,0,0,0.0,0,2.0,0.0,0.0,0.0,0.0,0.0
2017,ALDS2,maybica01,HOU,AL,2,1,1,0,0,0,0,0,0,0.0,0,0.0,0.0,0.0,0.0,0.0,0.0
2017,ALDS2,mccanbr01,HOU,AL,4,16,0,2,0,0,0,2,0,0.0,0,4.0,0.0,1.0,0.0,0.0,0.0
2017,ALDS2,mcculla02,HOU,AL,1,0,0,0,0,0,0,0,0,0.0,0,0.0,0.0,0.0,0.0,0.0,0.0
2017,ALDS2,morelmi01,BOS,AL,4,13,4,5,2,0,0,0,0,0.0,2,2.0,0.0,0.0,0.0,0.0,0.0
2017,ALDS2,mortoch02,HOU,AL,1,0,0,0,0,0,0,0,0,0.0,0,0.0,0.0,0.0,0.0,0.0,0.0
2017,ALDS2,musgrjo01,HOU,AL,2,0,0,0,0,0,0,0,0,0.0,0,0.0,0.0,0.0,0.0,0.0,0.0
2017,ALDS2,nunezed02,BOS,AL,1,1,0,0,0,0,0,0,0,0.0,0,0.0,0.0,0.0,0.0,0.0,0.0
2017,ALDS2,peacobr01,HOU,AL,1,0,0,0,0,0,0,0,0,0.0,0,0.0,0.0,0.0,0.0,0.0,0.0
2017,ALDS2,pedrodu01,BOS,AL,4,16,0,2,0,0,0,0,0,0.0,2,2.0,0.0,0.0,0.0,0.0,0.0
2017,ALDS2,pomerdr01,BOS,AL,1,0,0,0,0,0,0,0,0,0.0,0,0.0,0.0,0.0,0.0,0.0,0.0
2017,ALDS2,porceri01,BOS,AL,2,0,0,0,0,0,0,0,0,0.0,0,0.0,0.0,0.0,0.0,0.0,0.0
2017,ALDS2,priceda01,BOS,AL,2,0,0,0,0,0,0,0,0,0.0,0,0.0,0.0,0.0,0.0,0.0,0.0
2017,ALDS2,ramirha01,BOS,AL,4,14,2,8,2,0,0,3,0,0.0,1,2.0,0.0,0.0,0.0,0.0,0.0
2017,ALDS2,reddijo01,HOU,AL,4,16,3,6,0,0,0,2,0,0.0,2,2.0,0.0,0.0,0.0,0.0,1.0
2017,ALDS2,reedad01,BOS,AL,3,0,0,0,0,0,0,0,0,0.0,0,0.0,0.0,0.0,0.0,0.0,0.0
2017,ALDS2,rodried05,BOS,AL,1,0,0,0,0,0,0,0,0,0.0,0,0.0,0.0,0.0,0.0,0.0,0.0
2017,ALDS2,salech01,BOS,AL,2,0,0,0,0,0,0,0,0,0.0,0,0.0,0.0,0.0,0.0,0.0,0.0
2017,ALDS2,smithca02,BOS,AL,2,0,0,0,0,0,0,0,0,0.0,0,0.0,0.0,0.0,0.0,0.0,0.0
2017,ALDS2,springe01,HOU,AL,4,17,4,7,2,0,1,2,0,0.0,2,4.0,0.0,0.0,0.0,0.0,0.0
2017,ALDS2,vazquch01,BOS,AL,2,6,1,2,0,0,0,0,0,0.0,2,2.0,0.0,0.0,0.0,0.0,0.0
2017,ALDS2,verlaju01,HOU,AL,2,0,0,0,0,0,0,0,0,0.0,0,0.0,0.0,0.0,0.0,0.0,0.0
2017,ALDS2,youngch04,BOS,AL,1,2,1,1,1,0,0,0,1,0.0,0,0.0,0.0,0.0,0.0,0.0,0.0
2017,ALWC,adriaeh01,MIN,AL,1,1,0,0,0,0,0,0,0,0.0,0,1.0,0.0,0.0,0.0,0.0,0.0
2017,ALWC,belisma01,MIN,AL,1,0,0,0,0,0,0,0,0,0.0,0,0.0,0.0,0.0,0.0,0.0,0.0
2017,ALWC,berrijo01,MIN,AL,1,0,0,0,0,0,0,0,0,0.0,0,0.0,0.0,0.0,0.0,0.0,0.0
2017,ALWC,birdgr01,NYA,AL,1,3,0,1,0,0,0,1,0,0.0,1,2.0,0.0,0.0,0.0,0.0,0.0
2017,ALWC,busenal01,MIN,AL,1,0,0,0,0,0,0,0,0,0.0,0,0.0,0.0,0.0,0.0,0.0,0.0
2017,ALWC,buxtoby01,MIN,AL,1,2,0,0,0,0,0,1,1,0.0,0,1.0,0.0,0.0,0.0,0.0,0.0
2017,ALWC,castrja01,MIN,AL,1,3,0,0,0,0,0,0,0,0.0,0,3.0,0.0,0.0,0.0,0.0,0.0
2017,ALWC,castrst01,NYA,AL,1,4,0,0,0,0,0,0,0,0.0,0,1.0,0.0,0.0,0.0,0.0,0.0
2017,ALWC,chapmar01,NYA,AL,1,0,0,0,0,0,0,0,0,0.0,0,0.0,0.0,0.0,0.0,0.0,0.0
2017,ALWC,doziebr01,MIN,AL,1,4,1,2,0,0,1,1,0,0.0,1,2.0,0.0,0.0,0.0,0.0,0.0
2017,ALWC,ellsbja01,NYA,AL,1,4,0,0,0,0,0,0,0,0.0,0,0.0,0.0,0.0,0.0,0.0,0.0
2017,ALWC,escobed01,MIN,AL,1,4,0,2,0,0,0,0,0,0.0,0,0.0,0.0,0.0,0.0,0.0,0.0
2017,ALWC,frazito01,NYA,AL,1,4,0,0,0,0,0,0,0,0.0,0,1.0,0.0,0.0,0.0,0.0,0.0
2017,ALWC,gardnbr01,NYA,AL,1,4,3,2,0,0,1,1,0,0.0,1,0.0,0.0,0.0,0.0,0.0,0.0
2017,ALWC,gimench01,MIN,AL,1,0,0,0,0,0,0,0,0,0.0,0,0.0,0.0,0.0,0.0,0.0,0.0
2017,ALWC,graniza01,MIN,AL,1,2,0,1,0,0,0,0,0,0.0,0,0.0,0.0,0.0,0.0,0.0,0.0
2017,ALWC,greench03,NYA,AL,1,0,0,0,0,0,0,0,0,0.0,0,0.0,0.0,0.0,0.0,0.0,0.0
2017,ALWC,gregodi01,NYA,AL,1,3,1,1,0,0,1,3,0,0.0,1,1.0,1.0,0.0,0.0,0.0,0.0
2017,ALWC,grossro01,MIN,AL,1,4,0,0,0,0,0,0,0,0.0,0,3.0,0.0,0.0,0.0,0.0,0.0
2017,ALWC,hicksaa01,NYA,AL,1,3,0,1,0,0,0,1,0,0.0,1,0.0,0.0,0.0,0.0,0.0,0.0
2017,ALWC,hildetr01,MIN,AL,1,0,0,0,0,0,0,0,0,0.0,0,0.0,0.0,0.0,0.0,0.0,0.0
2017,ALWC,judgeaa01,NYA,AL,1,4,3,2,0,0,1,2,0,0.0,1,0.0,0.0,0.0,0.0,0.0,0.0
2017,ALWC,kahnlto01,NYA,AL,1,0,0,0,0,0,0,0,0,0.0,0,0.0,0.0,0.0,0.0,0.0,0.0
2017,ALWC,keplema01,MIN,AL,1,3,0,1,1,0,0,0,0,0.0,1,0.0,0.0,0.0,0.0,0.0,0.0
2017,ALWC,mauerjo01,MIN,AL,1,5,0,1,0,0,0,0,0,0.0,0,0.0,0.0,0.0,0.0,0.0,1.0
2017,ALWC,polanjo01,MIN,AL,1,4,2,1,0,0,0,0,0,0.0,1,2.0,0.0,0.0,0.0,0.0,0.0
2017,ALWC,roberda08,NYA,AL,1,0,0,0,0,0,0,0,0,0.0,0,0.0,0.0,0.0,0.0,0.0,0.0
2017,ALWC,rogerta01,MIN,AL,1,0,0,0,0,0,0,0,0,0.0,0,0.0,0.0,0.0,0.0,0.0,0.0
2017,ALWC,rosared01,MIN,AL,1,3,1,1,0,0,1,2,0,0.0,1,1.0,0.0,0.0,0.0,0.0,0.0
2017,ALWC,sanchga02,NYA,AL,1,4,1,2,1,0,0,0,0,0.0,0,0.0,0.0,0.0,0.0,0.0,0.0
2017,ALWC,santaer01,MIN,AL,1,0,0,0,0,0,0,0,0,0.0,0,0.0,0.0,0.0,0.0,0.0,0.0
2017,ALWC,severlu01,NYA,AL,1,0,0,0,0,0,0,0,0,0.0,0,0.0,0.0,0.0,0.0,0.0,0.0
2017,NLCS,almoral01,CHN,NL,5,16,1,3,1,0,1,2,0,0.0,0,3.0,0.0,0.0,0.0,0.0,0.0
2017,NLCS,arrieja01,CHN,NL,1,2,0,1,0,0,0,0,0,0.0,0,1.0,0.0,0.0,0.0,0.0,0.0
2017,NLCS,avilaal01,CHN,NL,1,1,0,1,0,0,0,0,0,0.0,0,0.0,0.0,0.0,0.0,0.0,0.0
2017,NLCS,baezja01,CHN,NL,5,12,2,2,0,0,2,2,1,0.0,1,6.0,0.0,0.0,0.0,0.0,0.0
2017,NLCS,barneau01,LAN,NL,5,15,2,2,0,0,0,0,0,0.0,3,3.0,0.0,0.0,0.0,0.0,2.0
2017,NLCS,bellico01,LAN,NL,5,22,3,7,2,0,1,2,1,0.0,1,6.0,0.0,0.0,0.0,0.0,1.0
2017,NLCS,bryankr01,CHN,NL,5,20,1,4,0,0,1,1,0,0.0,0,4.0,0.0,0.0,0.0,0.0,0.0
2017,NLCS,cingrto01,LAN,NL,2,0,0,0,0,0,0,0,0,0.0,0,0.0,0.0,0.0,0.0,0.0,0.0
2017,NLCS,contrwi01,CHN,NL,5,18,2,4,0,0,1,1,0,0.0,0,8.0,0.0,0.0,0.0,0.0,0.0
2017,NLCS,culbech01,LAN,NL,5,11,2,5,2,1,0,1,0,0.0,0,2.0,0.0,0.0,1.0,1.0,0.0
2017,NLCS,darviyu01,LAN,NL,1,2,0,0,0,0,0,1,0,0.0,1,1.0,0.0,0.0,0.0,0.0,0.0
2017,NLCS,daviswa01,CHN,NL,1,1,0,0,0,0,0,0,0,0.0,0,1.0,0.0,0.0,0.0,0.0,0.0
2017,NLCS,duensbr01,CHN,NL,3,0,0,0,0,0,0,0,0,0.0,0,0.0,0.0,0.0,0.0,0.0,0.0
2017,NLCS,edwarca01,CHN,NL,2,0,0,0,0,0,0,0,0,0.0,0,0.0,0.0,0.0,0.0,0.0,0.0
2017,NLCS,ethiean01,LAN,NL,2,8,1,2,0,0,1,1,0,0.0,0,3.0,0.0,0.0,0.0,0.0,0.0
2017,NLCS,farmeky01,LAN,NL,4,3,0,0,0,0,0,1,0,0.0,0,1.0,0.0,0.0,0.0,1.0,0.0
2017,NLCS,fieldjo03,LAN,NL,2,0,0,0,0,0,0,0,0,0.0,0,0.0,0.0,0.0,0.0,0.0,0.0
2017,NLCS,forsylo01,LAN,NL,4,10,2,2,1,0,0,2,0,0.0,4,3.0,1.0,0.0,0.0,0.0,0.0
2017,NLCS,grandcu01,LAN,NL,3,7,0,0,0,0,0,0,0,0.0,0,4.0,0.0,0.0,0.0,0.0,0.0
2017,NLCS,grandya01,LAN,NL,1,1,0,0,0,0,0,0,0,0.0,3,0.0,0.0,0.0,0.0,0.0,0.0
2017,NLCS,happia01,CHN,NL,3,4,0,1,0,0,0,0,0,0.0,0,3.0,0.0,0.0,0.0,0.0,0.0
2017,NLCS,hendrky01,CHN,NL,1,2,0,0,0,0,0,0,0,0.0,0,2.0,0.0,0.0,0.0,0.0,0.0
2017,NLCS,hernaen02,LAN,NL,4,9,3,4,0,0,3,7,0,1.0,2,1.0,0.0,0.0,0.0,0.0,0.0
2017,NLCS,heywaja01,CHN,NL,3,5,0,0,0,0,0,0,0,0.0,1,0.0,0.0,0.0,0.0,0.0,0.0
2017,NLCS,hillri01,LAN,NL,1,1,0,0,0,0,0,0,0,0.0,0,1.0,0.0,0.0,0.0,0.0,0.0
2017,NLCS,janseke01,LAN,NL,4,0,0,0,0,0,0,0,0,0.0,0,0.0,0.0,0.0,0.0,0.0,0.0
2017,NLCS,jayjo02,CHN,NL,4,12,0,1,0,0,0,0,0,0.0,0,4.0,0.0,1.0,1.0,0.0,1.0
2017,NLCS,kershcl01,LAN,NL,2,4,0,0,0,0,0,0,0,0.0,0,1.0,0.0,0.0,0.0,0.0,0.0
2017,NLCS,lackejo01,CHN,NL,3,0,0,0,0,0,0,0,0,0.0,0,0.0,0.0,0.0,0.0,0.0,0.0
2017,NLCS,lasteto01,CHN,NL,2,2,0,0,0,0,0,0,0,0.0,0,1.0,0.0,0.0,0.0,0.0,0.0
2017,NLCS,lestejo01,CHN,NL,1,2,0,1,0,0,0,0,0,0.0,0,1.0,0.0,0.0,0.0,0.0,0.0
2017,NLCS,maedake01,LAN,NL,3,0,0,0,0,0,0,0,0,0.0,0,0.0,0.0,0.0,0.0,0.0,0.0
2017,NLCS,martile01,CHN,NL,2,1,0,0,0,0,0,0,0,0.0,0,0.0,0.0,0.0,0.0,0.0,0.0
2017,NLCS,montgmi01,CHN,NL,3,0,0,0,0,0,0,0,0,0.0,0,0.0,0.0,0.0,0.0,0.0,0.0
2017,NLCS,morrobr01,LAN,NL,4,1,0,0,0,0,0,0,0,0.0,0,0.0,0.0,0.0,0.0,0.0,0.0
2017,NLCS,pederjo01,LAN,NL,5,5,1,1,1,0,0,0,0,0.0,0,2.0,0.0,0.0,1.0,0.0,0.0
2017,NLCS,puigya01,LAN,NL,5,18,6,7,1,0,1,2,0,1.0,4,2.0,0.0,0.0,0.0,0.0,2.0
2017,NLCS,quintjo01,CHN,NL,2,2,0,1,0,0,0,0,0,0.0,0,1.0,0.0,0.0,0.0,0.0,0.0
2017,NLCS,rizzoan01,CHN,NL,5,17,0,1,0,0,0,0,0,0.0,1,8.0,0.0,1.0,0.0,0.0,0.0
2017,NLCS,rondohe01,CHN,NL,3,0,0,0,0,0,0,0,0,0.0,0,0.0,0.0,0.0,0.0,0.0,0.0
2017,NLCS,russead02,CHN,NL,5,16,1,2,0,0,1,1,0,0.0,0,5.0,0.0,0.0,0.0,0.0,0.0
2017,NLCS,schwaky01,CHN,NL,4,12,1,2,0,0,1,1,0,0.0,2,2.0,0.0,0.0,0.0,0.0,0.0
2017,NLCS,stripro01,LAN,NL,2,0,0,0,0,0,0,0,0,0.0,0,0.0,0.0,0.0,0.0,0.0,0.0
2017,NLCS,stroppe01,CHN,NL,2,0,0,0,0,0,0,0,0,0.0,0,0.0,0.0,0.0,0.0,0.0,0.0
2017,NLCS,tayloch03,LAN,NL,5,19,5,6,1,1,2,3,0,0.0,5,2.0,0.0,0.0,0.0,0.0,0.0
2017,NLCS,turneju01,LAN,NL,5,18,3,6,0,0,2,7,0,0.0,5,4.0,0.0,0.0,0.0,0.0,0.0
2017,NLCS,utleych01,LAN,NL,3,7,0,0,0,0,0,0,0,0.0,0,4.0,0.0,1.0,0.0,0.0,1.0
2017,NLCS,watsoto01,LAN,NL,4,0,0,0,0,0,0,0,0,0.0,0,0.0,0.0,0.0,0.0,0.0,0.0
2017,NLCS,woodal02,LAN,NL,1,2,0,0,0,0,0,0,0,0.0,0,1.0,0.0,0.0,0.0,0.0,0.0
2017,NLCS,zobribe01,CHN,NL,4,9,0,0,0,0,0,0,0,0.0,0,3.0,0.0,0.0,0.0,0.0,0.0
2017,NLDS1,barneau01,LAN,NL,3,8,4,4,1,0,1,3,1,0.0,1,2.0,0.0,0.0,0.0,0.0,0.0
2017,NLDS1,bellico01,LAN,NL,3,14,3,3,0,0,1,2,0,0.0,1,6.0,0.0,0.0,0.0,0.0,0.0
2017,NLDS1,blancgr01,ARI,NL,3,3,0,0,0,0,0,0,0,0.0,0,2.0,0.0,0.0,0.0,0.0,0.0
2017,NLDS1,bradlar01,ARI,NL,2,0,0,0,0,0,0,0,0,0.0,0,0.0,0.0,0.0,0.0,0.0,0.0
2017,NLDS1,chafian01,ARI,NL,2,0,0,0,0,0,0,0,0,0.0,0,0.0,0.0,0.0,0.0,0.0,0.0
2017,NLDS1,cingrto01,LAN,NL,2,0,0,0,0,0,0,0,0,0.0,0,0.0,0.0,0.0,0.0,0.0,0.0
2017,NLDS1,darviyu01,LAN,NL,1,2,0,0,0,0,0,0,0,0.0,0,1.0,0.0,0.0,1.0,0.0,0.0
2017,NLDS1,delarjo01,ARI,NL,2,0,0,0,0,0,0,0,0,0.0,0,0.0,0.0,0.0,0.0,0.0,0.0
2017,NLDS1,descada01,ARI,NL,3,6,1,2,1,0,1,1,0,0.0,2,2.0,0.0,0.0,0.0,0.0,0.0
2017,NLDS1,drurybr01,ARI,NL,2,5,1,1,0,0,1,3,0,0.0,0,2.0,0.0,0.0,0.0,0.0,2.0
2017,NLDS1,ethiean01,LAN,NL,1,0,0,0,0,0,0,0,0,0.0,1,0.0,0.0,0.0,0.0,0.0,0.0
2017,NLDS1,farmeky01,LAN,NL,1,1,0,0,0,0,0,0,0,0.0,0,1.0,0.0,0.0,0.0,0.0,0.0
2017,NLDS1,fieldjo03,LAN,NL,1,0,0,0,0,0,0,0,0,0.0,0,0.0,0.0,0.0,0.0,0.0,0.0
2017,NLDS1,forsylo01,LAN,NL,3,9,4,4,0,0,0,1,1,0.0,1,0.0,1.0,0.0,0.0,0.0,0.0
2017,NLDS1,godleza01,ARI,NL,1,2,0,0,0,0,0,0,0,0.0,0,1.0,0.0,0.0,0.0,0.0,0.0
2017,NLDS1,goldspa01,ARI,NL,3,11,1,1,0,0,1,2,0,0.0,1,3.0,0.0,0.0,0.0,0.0,1.0
2017,NLDS1,grandcu01,LAN,NL,3,8,1,1,0,0,0,0,0,0.0,0,4.0,0.0,0.0,0.0,0.0,0.0
2017,NLDS1,grandya01,LAN,NL,1,4,0,0,0,0,0,0,0,0.0,0,2.0,0.0,0.0,0.0,0.0,0.0
2017,NLDS1,greinza01,ARI,NL,1,1,0,0,0,0,0,0,0,0.0,0,0.0,0.0,0.0,0.0,0.0,0.0
2017,NLDS1,hernada01,ARI,NL,2,0,0,0,0,0,0,0,0,0.0,0,0.0,0.0,0.0,0.0,0.0,0.0
2017,NLDS1,hernaen02,LAN,NL,3,3,1,1,1,0,0,0,0,0.0,1,0.0,0.0,0.0,0.0,0.0,0.0
2017,NLDS1,hillri01,LAN,NL,1,1,0,0,0,0,0,0,0,0.0,0,1.0,0.0,0.0,0.0,0.0,0.0
2017,NLDS1,iannech01,ARI,NL,2,5,0,0,0,0,0,0,0,0.0,0,3.0,0.0,0.0,0.0,0.0,0.0
2017,NLDS1,janseke01,LAN,NL,3,1,0,0,0,0,0,0,0,0.0,0,1.0,0.0,0.0,0.0,0.0,0.0
2017,NLDS1,kershcl01,LAN,NL,1,2,0,1,0,0,0,0,0,0.0,0,1.0,0.0,0.0,1.0,0.0,0.0
2017,NLDS1,lambja01,ARI,NL,3,8,1,2,0,0,0,0,0,0.0,0,2.0,0.0,0.0,0.0,0.0,0.0
2017,NLDS1,maedake01,LAN,NL,2,1,0,0,0,0,0,0,0,0.0,0,0.0,0.0,0.0,0.0,0.0,0.0
2017,NLDS1,marteke01,ARI,NL,3,12,3,4,0,0,1,1,0,0.0,0,3.0,0.0,0.0,0.0,0.0,0.0
2017,NLDS1,martijd02,ARI,NL,3,11,1,4,0,0,1,1,0,0.0,0,4.0,0.0,0.0,0.0,0.0,0.0
2017,NLDS1,mathije01,ARI,NL,2,5,1,1,0,0,1,1,0,0.0,0,1.0,0.0,0.0,0.0,0.0,0.0
2017,NLDS1,morrobr01,LAN,NL,3,0,0,0,0,0,0,0,0,0.0,0,0.0,0.0,0.0,0.0,0.0,0.0
2017,NLDS1,peralda01,ARI,NL,3,13,0,1,0,0,0,0,0,0.0,1,1.0,0.0,0.0,0.0,0.0,1.0
2017,NLDS1,polloaj01,ARI,NL,3,9,2,1,0,0,1,1,0,0.0,2,3.0,0.0,0.0,0.0,0.0,0.0
2017,NLDS1,puigya01,LAN,NL,3,11,0,5,1,1,0,4,0,1.0,2,1.0,0.0,0.0,0.0,0.0,0.0
2017,NLDS1,rayro02,ARI,NL,1,1,0,0,0,0,0,0,0,0.0,0,1.0,0.0,0.0,1.0,0.0,0.0
2017,NLDS1,rosalad01,ARI,NL,1,2,0,0,0,0,0,0,0,0.0,1,0.0,0.0,0.0,0.0,0.0,0.0
2017,NLDS1,seageco01,LAN,NL,3,11,3,3,0,1,0,2,1,0.0,4,3.0,0.0,0.0,0.0,0.0,0.0
2017,NLDS1,sherfji01,ARI,NL,2,0,0,0,0,0,0,0,0,0.0,0,0.0,0.0,0.0,0.0,0.0,0.0
2017,NLDS1,tayloch03,LAN,NL,3,13,3,3,1,0,0,1,0,0.0,2,3.0,0.0,0.0,0.0,0.0,0.0
2017,NLDS1,turneju01,LAN,NL,3,13,1,6,0,0,1,5,1,0.0,1,1.0,0.0,1.0,0.0,0.0,0.0
2017,NLDS1,utleych01,LAN,NL,2,2,0,0,0,0,0,0,0,0.0,2,0.0,0.0,0.0,0.0,0.0,0.0
2017,NLDS1,walkech02,ARI,NL,2,1,0,1,0,0,0,0,0,0.0,0,0.0,0.0,1.0,0.0,0.0,0.0
2017,NLDS1,walketa01,ARI,NL,1,0,0,0,0,0,0,0,0,0.0,0,0.0,0.0,0.0,0.0,0.0,0.0
2017,NLDS1,watsoto01,LAN,NL,2,0,0,0,0,0,0,0,0,0.0,0,0.0,0.0,0.0,0.0,0.0,0.0
2017,NLDS2,alberma01,WAS,NL,2,0,0,0,0,0,0,0,0,0.0,0,0.0,0.0,0.0,0.0,0.0,0.0
2017,NLDS2,almoral01,CHN,NL,4,6,0,2,0,0,0,1,0,0.0,1,0.0,0.0,0.0,0.0,0.0,0.0
2017,NLDS2,arrieja01,CHN,NL,1,1,0,0,0,0,0,0,0,0.0,0,1.0,0.0,0.0,0.0,0.0,0.0
2017,NLDS2,baezja01,CHN,NL,5,14,1,0,0,0,0,0,1,0.0,1,5.0,0.0,0.0,0.0,0.0,2.0
2017,NLDS2,bryankr01,CHN,NL,5,20,3,4,2,0,0,2,0,0.0,1,10.0,0.0,0.0,0.0,0.0,0.0
2017,NLDS2,contrwi01,CHN,NL,5,14,3,3,0,0,1,1,0,0.0,6,3.0,1.0,0.0,0.0,0.0,0.0
2017,NLDS2,daviswa01,CHN,NL,4,0,0,0,0,0,0,0,0,0.0,0,0.0,0.0,0.0,0.0,0.0,0.0
2017,NLDS2,difowi01,WAS,NL,1,1,0,0,0,0,0,0,0,0.0,0,0.0,0.0,0.0,0.0,0.0,0.0
2017,NLDS2,doolise01,WAS,NL,3,0,0,0,0,0,0,0,0,0.0,0,0.0,0.0,0.0,0.0,0.0,0.0
2017,NLDS2,duensbr01,CHN,NL,2,0,0,0,0,0,0,0,0,0.0,0,0.0,0.0,0.0,0.0,0.0,0.0
2017,NLDS2,edwarca01,CHN,NL,5,0,0,0,0,0,0,0,0,0.0,0,0.0,0.0,0.0,0.0,0.0,0.0
2017,NLDS2,gonzagi01,WAS,NL,2,2,0,0,0,0,0,0,0,0.0,0,1.0,0.0,0.0,0.0,0.0,0.0
2017,NLDS2,goodwbr01,WAS,NL,1,0,0,0,0,0,0,0,0,0.0,0,0.0,0.0,0.0,0.0,0.0,0.0
2017,NLDS2,happia01,CHN,NL,2,3,0,0,0,0,0,0,0,0.0,1,2.0,0.0,0.0,0.0,0.0,0.0
2017,NLDS2,harpebr03,WAS,NL,5,19,2,4,1,0,1,3,1,0.0,3,6.0,1.0,0.0,0.0,1.0,0.0
2017,NLDS2,hendrky01,CHN,NL,2,3,0,0,0,0,0,0,0,0.0,0,2.0,0.0,0.0,1.0,0.0,0.0
2017,NLDS2,heywaja01,CHN,NL,5,12,1,2,0,0,0,0,0,0.0,2,3.0,1.0,1.0,0.0,0.0,0.0
2017,NLDS2,jayjo02,CHN,NL,5,11,2,3,2,0,0,1,0,0.0,0,2.0,0.0,3.0,1.0,0.0,0.0
2017,NLDS2,kendrho01,WAS,NL,3,2,0,0,0,0,0,0,0,0.0,1,1.0,0.0,0.0,0.0,0.0,0.0
2017,NLDS2,kintzbr01,WAS,NL,3,0,0,0,0,0,0,0,0,0.0,0,0.0,0.0,0.0,0.0,0.0,0.0
2017,NLDS2,lasteto01,CHN,NL,2,0,0,0,0,0,0,0,0,0.0,1,0.0,0.0,0.0,0.0,0.0,0.0
2017,NLDS2,lestejo01,CHN,NL,2,2,0,0,0,0,0,0,0,0.0,0,1.0,0.0,0.0,1.0,0.0,0.0
2017,NLDS2,lindad01,WAS,NL,3,3,0,2,0,0,0,0,0,0.0,0,0.0,0.0,0.0,0.0,0.0,1.0
2017,NLDS2,lobatjo01,WAS,NL,1,2,0,1,0,0,0,0,0,0.0,0,0.0,0.0,0.0,0.0,0.0,0.0
2017,NLDS2,madsory01,WAS,NL,4,0,0,0,0,0,0,0,0,0.0,0,0.0,0.0,0.0,0.0,0.0,0.0
2017,NLDS2,martile01,CHN,NL,3,2,1,0,0,0,0,0,0,0.0,0,1.0,0.0,0.0,0.0,0.0,0.0
2017,NLDS2,montgmi01,CHN,NL,2,0,0,0,0,0,0,0,0,0.0,0,0.0,0.0,0.0,0.0,0.0,0.0
2017,NLDS2,murphda08,WAS,NL,5,19,5,4,1,0,1,2,0,0.0,3,6.0,0.0,0.0,0.0,0.0,0.0
2017,NLDS2,perezol01,WAS,NL,2,0,0,0,0,0,0,0,0,0.0,0,0.0,0.0,0.0,0.0,0.0,0.0
2017,NLDS2,quintjo01,CHN,NL,2,2,0,0,0,0,0,0,0,0.0,0,2.0,0.0,0.0,0.0,0.0,0.0
2017,NLDS2,rendoan01,WAS,NL,5,17,4,3,1,0,1,1,0,0.0,5,1.0,1.0,0.0,0.0,0.0,0.0
2017,NLDS2,rizzoan01,CHN,NL,5,20,1,4,1,0,1,6,0,0.0,1,6.0,0.0,0.0,0.0,0.0,2.0
2017,NLDS2,roblevi01,WAS,NL,2,1,1,0,0,0,0,0,0,0.0,0,1.0,0.0,0.0,0.0,0.0,0.0
2017,NLDS2,russead02,CHN,NL,5,18,1,4,2,0,0,4,1,0.0,2,8.0,0.0,0.0,0.0,0.0,0.0
2017,NLDS2,scherma01,WAS,NL,2,3,0,0,0,0,0,0,0,0.0,0,2.0,0.0,0.0,0.0,0.0,0.0
2017,NLDS2,schwaky01,CHN,NL,3,5,1,1,0,0,0,0,0,0.0,1,3.0,0.0,0.0,0.0,0.0,0.0
2017,NLDS2,solissa01,WAS,NL,3,0,0,0,0,0,0,0,0,0.0,0,0.0,0.0,0.0,0.0,0.0,0.0
2017,NLDS2,strasst01,WAS,NL,2,4,0,0,0,0,0,0,0,0.0,0,0.0,0.0,0.0,1.0,0.0,0.0
2017,NLDS2,stroppe01,CHN,NL,3,0,0,0,0,0,0,0,0,0.0,0,0.0,0.0,0.0,0.0,0.0,0.0
2017,NLDS2,taylomi02,WAS,NL,5,15,3,5,0,0,2,8,0,0.0,3,4.0,0.0,0.0,0.0,0.0,0.0
2017,NLDS2,turnetr01,WAS,NL,5,21,1,3,1,0,0,0,1,0.0,2,7.0,0.0,0.0,0.0,0.0,0.0
2017,NLDS2,werthja01,WAS,NL,5,18,1,3,1,0,0,0,0,0.0,4,4.0,0.0,0.0,0.0,0.0,0.0
2017,NLDS2,wietema01,WAS,NL,5,14,2,2,0,0,0,0,0,0.0,2,4.0,0.0,2.0,0.0,0.0,0.0
2017,NLDS2,wilsoju10,CHN,NL,1,0,0,0,0,0,0,0,0,0.0,0,0.0,0.0,0.0,0.0,0.0,0.0
2017,NLDS2,zimmery01,WAS,NL,5,20,1,3,1,0,1,4,1,0.0,2,4.0,0.0,0.0,0.0,0.0,1.0
2017,NLDS2,zobribe01,CHN,NL,5,17,3,4,2,0,0,0,0,0.0,1,3.0,0.0,0.0,0.0,0.0,2.0
2017,NLWC,amarial01,COL,NL,1,1,0,1,0,0,0,1,0,0.0,0,0.0,0.0,0.0,0.0,0.0,0.0
2017,NLWC,anderty01,COL,NL,1,0,0,0,0,0,0,0,0,0.0,0,0.0,0.0,0.0,0.0,0.0,0.0
2017,NLWC,arenano01,COL,NL,1,5,2,1,0,0,1,1,0,0.0,0,1.0,0.0,0.0,0.0,0.0,0.0
2017,NLWC,blackch02,COL,NL,1,4,0,0,0,0,0,1,0,0.0,0,1.0,0.0,0.0,1.0,0.0,0.0
2017,NLWC,bradlar01,ARI,NL,1,1,0,1,0,1,0,2,0,0.0,0,0.0,0.0,0.0,0.0,0.0,0.0
2017,NLWC,chafian01,ARI,NL,1,0,0,0,0,0,0,0,0,0.0,0,0.0,0.0,0.0,0.0,0.0,0.0
2017,NLWC,delarjo01,ARI,NL,1,0,0,0,0,0,0,0,0,0.0,0,0.0,0.0,0.0,0.0,0.0,0.0
2017,NLWC,descada01,ARI,NL,1,3,2,1,0,0,1,2,0,0.0,2,2.0,1.0,0.0,0.0,0.0,0.0
2017,NLWC,desmoia01,COL,NL,1,2,1,1,0,0,0,0,0,0.0,0,1.0,0.0,0.0,0.0,0.0,0.0
2017,NLWC,drurybr01,ARI,NL,1,1,0,0,0,0,0,0,0,0.0,0,0.0,0.0,0.0,0.0,0.0,0.0
2017,NLWC,estevca01,COL,NL,1,0,0,0,0,0,0,0,0,0.0,0,0.0,0.0,0.0,0.0,0.0,0.0
2017,NLWC,goldspa01,ARI,NL,1,5,1,2,0,0,1,3,0,0.0,0,1.0,0.0,0.0,0.0,0.0,0.0
2017,NLWC,gonzaca01,COL,NL,1,5,0,2,0,0,0,1,0,0.0,0,1.0,0.0,0.0,0.0,0.0,0.0
2017,NLWC,grayjo02,COL,NL,1,0,0,0,0,0,0,0,0,0.0,0,0.0,0.0,0.0,0.0,0.0,0.0
2017,NLWC,greinza01,ARI,NL,1,2,0,0,0,0,0,0,0,0.0,0,0.0,0.0,0.0,0.0,0.0,0.0
2017,NLWC,hollagr01,COL,NL,1,0,0,0,0,0,0,0,0,0.0,0,0.0,0.0,0.0,0.0,0.0,0.0
2017,NLWC,lambja01,ARI,NL,1,5,3,4,0,0,0,0,0,0.0,0,0.0,0.0,0.0,0.0,0.0,0.0
2017,NLWC,lemahdj01,COL,NL,1,5,0,0,0,0,0,0,0,0.0,0,2.0,0.0,0.0,0.0,0.0,0.0
2017,NLWC,lucrojo01,COL,NL,1,3,2,2,2,0,0,1,0,0.0,1,0.0,0.0,0.0,0.0,0.0,0.0
2017,NLWC,marteke01,ARI,NL,1,5,1,3,0,2,0,1,0,0.0,0,2.0,0.0,0.0,0.0,0.0,0.0
2017,NLWC,martijd02,ARI,NL,1,4,1,0,0,0,0,0,0,0.0,1,2.0,1.0,0.0,0.0,0.0,0.0
2017,NLWC,mathije01,ARI,NL,1,4,0,1,0,0,0,1,0,0.0,1,2.0,0.0,0.0,0.0,0.0,0.0
2017,NLWC,mcgeeja01,COL,NL,1,0,0,0,0,0,0,0,0,0.0,0,0.0,0.0,0.0,0.0,0.0,0.0
2017,NLWC,neshepa01,COL,NL,1,0,0,0,0,0,0,0,0,0.0,0,0.0,0.0,0.0,0.0,0.0,0.0
2017,NLWC,obergsc01,COL,NL,1,0,0,0,0,0,0,0,0,0.0,0,0.0,0.0,0.0,0.0,0.0,0.0
2017,NLWC,parrage01,COL,NL,1,4,1,2,0,0,0,1,0,0.0,0,0.0,0.0,0.0,0.0,0.0,0.0
2017,NLWC,peralda01,ARI,NL,1,5,2,3,0,0,0,0,0,0.0,0,0.0,0.0,0.0,0.0,0.0,0.0
2017,NLWC,polloaj01,ARI,NL,1,5,1,2,1,1,0,2,0,0.0,0,1.0,0.0,0.0,0.0,0.0,0.0
2017,NLWC,rayro02,ARI,NL,1,1,0,0,0,0,0,0,0,0.0,0,1.0,0.0,0.0,0.0,0.0,0.0
2017,NLWC,reynoma01,COL,NL,1,3,0,0,0,0,0,1,0,0.0,0,0.0,0.0,0.0,0.0,0.0,1.0
2017,NLWC,rodnefe01,ARI,NL,1,0,0,0,0,0,0,0,0,0.0,0,0.0,0.0,0.0,0.0,0.0,0.0
2017,NLWC,rusinch01,COL,NL,1,0,0,0,0,0,0,0,0,0.0,0,0.0,0.0,0.0,0.0,0.0,0.0
2017,NLWC,storytr01,COL,NL,1,4,2,2,0,0,1,1,0,0.0,0,0.0,0.0,0.0,0.0,0.0,0.0
2017,NLWC,tapiara01,COL,NL,1,1,0,1,0,0,0,0,0,0.0,0,0.0,0.0,0.0,0.0,0.0,0.0
2017,NLWC,valaipa01,COL,NL,1,1,0,1,1,0,0,0,0,0.0,0,0.0,0.0,0.0,0.0,0.0,0.0
2017,WS,altuvjo01,HOU,AL,7,31,4,6,2,0,2,6,1,0.0,1,7.0,0.0,0.0,0.0,0.0,0.0
2017,WS,barneau01,LAN,NL,7,23,2,4,1,0,0,2,0,0.0,0,5.0,0.0,1.0,0.0,1.0,0.0
2017,WS,bellico01,LAN,NL,7,28,4,4,2,1,1,5,0,0.0,1,17.0,0.0,0.0,0.0,0.0,0.0
2017,WS,beltrca01,HOU,AL,3,3,0,0,0,0,0,0,0,0.0,0,1.0,0.0,0.0,0.0,0.0,0.0
2017,WS,bregmal01,HOU,AL,7,30,6,7,1,0,2,5,1,0.0,2,4.0,0.0,0.0,0.0,1.0,1.0
2017,WS,cingrto01,LAN,NL,3,0,0,0,0,0,0,0,0,0.0,0,0.0,0.0,0.0,0.0,0.0,0.0
2017,WS,correca01,HOU,AL,7,29,3,8,1,0,2,5,0,0.0,1,4.0,0.0,0.0,0.0,0.0,0.0
2017,WS,culbech01,LAN,NL,5,5,2,3,0,0,1,1,0,0.0,0,1.0,0.0,0.0,0.0,0.0,0.0
2017,WS,darviyu01,LAN,NL,2,0,0,0,0,0,0,0,0,0.0,0,0.0,0.0,0.0,0.0,0.0,0.0
2017,WS,devench02,HOU,AL,5,0,0,0,0,0,0,0,0,0.0,0,0.0,0.0,0.0,0.0,0.0,0.0
2017,WS,ethiean01,LAN,NL,5,5,0,2,0,0,0,1,0,0.0,1,0.0,0.0,0.0,0.0,0.0,0.0
2017,WS,fieldjo03,LAN,NL,1,0,0,0,0,0,0,0,0,0.0,0,0.0,0.0,0.0,0.0,0.0,0.0
2017,WS,fishede01,HOU,AL,2,0,1,0,0,0,0,0,0,0.0,0,0.0,0.0,0.0,0.0,0.0,0.0
2017,WS,forsylo01,LAN,NL,7,18,3,5,1,0,0,3,1,1.0,4,4.0,1.0,0.0,0.0,0.0,1.0
2017,WS,gattiev01,HOU,AL,6,10,1,3,0,0,0,0,0,0.0,5,0.0,2.0,0.0,0.0,0.0,0.0
2017,WS,gileske01,HOU,AL,2,0,0,0,0,0,0,0,0,0.0,0,0.0,0.0,0.0,0.0,0.0,0.0
2017,WS,gonzama01,HOU,AL,7,24,3,5,2,0,1,2,0,0.0,4,5.0,2.0,0.0,0.0,0.0,1.0
2017,WS,gourryu01,HOU,AL,7,28,2,6,3,0,2,4,0,0.0,1,5.0,0.0,0.0,0.0,0.0,1.0
2017,WS,grandya01,LAN,NL,2,3,0,0,0,0,0,0,0,0.0,0,1.0,0.0,0.0,0.0,0.0,0.0
2017,WS,gregelu01,HOU,AL,2,0,0,0,0,0,0,0,0,0.0,0,0.0,0.0,0.0,0.0,0.0,0.0
2017,WS,harriwi02,HOU,AL,3,0,0,0,0,0,0,0,0,0.0,0,0.0,0.0,0.0,0.0,0.0,0.0
2017,WS,hernaen02,LAN,NL,6,13,2,3,0,0,0,1,0,0.0,2,3.0,0.0,1.0,0.0,0.0,0.0
2017,WS,hillri01,LAN,NL,2,2,0,0,0,0,0,0,0,0.0,0,1.0,0.0,0.0,0.0,0.0,0.0
2017,WS,janseke01,LAN,NL,6,0,0,0,0,0,0,0,0,0.0,0,0.0,0.0,0.0,0.0,0.0,0.0
2017,WS,kershcl01,LAN,NL,3,2,0,0,0,0,0,0,0,0.0,0,1.0,0.0,0.0,1.0,0.0,0.0
2017,WS,keuchda01,HOU,AL,2,2,0,0,0,0,0,0,0,0.0,0,2.0,0.0,0.0,0.0,0.0,0.0
2017,WS,liriafr01,HOU,AL,2,0,0,0,0,0,0,0,0,0.0,0,0.0,0.0,0.0,0.0,0.0,0.0
2017,WS,maedake01,LAN,NL,4,0,0,0,0,0,0,0,0,0.0,0,0.0,0.0,0.0,0.0,0.0,0.0
2017,WS,maybica01,HOU,AL,3,3,1,1,0,0,0,0,1,0.0,0,1.0,0.0,0.0,0.0,0.0,0.0
2017,WS,mccanbr01,HOU,AL,7,25,2,5,0,0,1,2,0,0.0,1,8.0,0.0,2.0,0.0,0.0,1.0
2017,WS,mccarbr01,LAN,NL,1,0,0,0,0,0,0,0,0,0.0,0,0.0,0.0,0.0,0.0,0.0,0.0
2017,WS,mcculla02,HOU,AL,2,1,0,0,0,0,0,1,0,0.0,0,0.0,0.0,0.0,0.0,0.0,0.0
2017,WS,mchugco01,HOU,AL,1,0,0,0,0,0,0,0,0,0.0,0,0.0,0.0,0.0,0.0,0.0,0.0
2017,WS,morrobr01,LAN,NL,7,0,0,0,0,0,0,0,0,0.0,0,0.0,0.0,0.0,0.0,0.0,0.0
2017,WS,mortoch02,HOU,AL,2,1,0,0,0,0,0,0,0,0.0,0,1.0,0.0,0.0,0.0,0.0,0.0
2017,WS,musgrjo01,HOU,AL,4,0,0,0,0,0,0,0,0,0.0,0,0.0,0.0,0.0,0.0,0.0,0.0
2017,WS,peacobr01,HOU,AL,4,1,0,0,0,0,0,0,0,0.0,0,0.0,0.0,0.0,0.0,0.0,0.0
2017,WS,pederjo01,LAN,NL,6,18,6,6,2,0,3,5,0,0.0,2,8.0,0.0,0.0,0.0,0.0,0.0
2017,WS,puigya01,LAN,NL,7,27,2,4,0,0,2,4,0,0.0,0,5.0,0.0,1.0,0.0,0.0,0.0
2017,WS,reddijo01,HOU,AL,7,24,3,4,1,0,0,0,0,0.0,2,5.0,1.0,0.0,0.0,0.0,2.0
2017,WS,seageco01,LAN,NL,7,27,4,6,1,0,1,4,0,0.0,3,9.0,0.0,0.0,0.0,1.0,2.0
2017,WS,springe01,HOU,AL,7,29,8,11,3,0,5,7,0,0.0,5,8.0,1.0,0.0,0.0,0.0,0.0
2017,WS,stripro01,LAN,NL,3,0,0,0,0,0,0,0,0,0.0,0,0.0,0.0,0.0,0.0,0.0,0.0
2017,WS,tayloch03,LAN,NL,7,27,4,6,2,0,1,3,0,1.0,4,5.0,0.0,1.0,0.0,0.0,0.0
2017,WS,turneju01,LAN,NL,7,25,4,4,2,0,1,2,0,0.0,4,4.0,0.0,2.0,0.0,0.0,1.0
2017,WS,utleych01,LAN,NL,4,6,1,0,0,0,0,0,0,0.0,0,1.0,0.0,1.0,0.0,0.0,0.0
2017,WS,verlaju01,HOU,AL,2,3,0,0,0,0,0,0,0,0.0,0,3.0,0.0,0.0,1.0,0.0,0.0
2017,WS,watsoto01,LAN,NL,5,0,0,0,0,0,0,0,0,0.0,0,0.0,0.0,0.0,0.0,0.0,0.0
2017,WS,woodal02,LAN,NL,2,0,0,0,0,0,0,0,0,0.0,0,0.0,0.0,0.0,0.0,0.0,0.0
2018,ALCS,altuvjo01,HOU,AL,5,20,4,5,1,0,0,2,0,0.0,3,4.0,0.0,0.0,0.0,0.0,0.0
2018,ALCS,barnema01,BOS,AL,5,0,0,0,0,0,0,0,0,0.0,0,0.0,0.0,0.0,0.0,0.0,0.0
2018,ALCS,beninan01,BOS,AL,5,24,4,5,2,0,0,1,0,0.0,0,7.0,0.0,0.0,0.0,0.0,0.0
2018,ALCS,bettsmo01,BOS,AL,5,23,5,5,2,0,0,1,0,0.0,1,2.0,0.0,1.0,0.0,0.0,0.0
2018,ALCS,bogaexa01,BOS,AL,5,19,1,5,1,0,0,3,0,0.0,3,1.0,0.0,0.0,0.0,0.0,1.0
2018,ALCS,bradlja02,BOS,AL,5,15,3,3,1,0,2,9,0,1.0,4,3.0,0.0,1.0,0.0,0.0,0.0
2018,ALCS,brasiry01,BOS,AL,4,0,0,0,0,0,0,0,0,0.0,0,0.0,0.0,0.0,0.0,0.0,0.0
2018,ALCS,bregmal01,HOU,AL,5,15,3,2,1,0,0,1,0,1.0,7,3.0,0.0,2.0,0.0,0.0,0.0
2018,ALCS,colege01,HOU,AL,1,0,0,0,0,0,0,0,0,0.0,0,0.0,0.0,0.0,0.0,0.0,0.0
2018,ALCS,correca01,HOU,AL,5,19,2,6,1,0,0,3,0,0.0,3,7.0,0.0,0.0,0.0,0.0,0.0
2018,ALCS,deverra01,BOS,AL,4,13,4,5,0,0,1,6,0,0.0,2,5.0,0.0,0.0,0.0,0.0,0.0
2018,ALCS,eovalna01,BOS,AL,2,0,0,0,0,0,0,0,0,0.0,0,0.0,0.0,0.0,0.0,0.0,0.0
2018,ALCS,gattiev01,HOU,AL,2,2,0,0,0,0,0,0,0,0.0,0,0.0,0.0,0.0,0.0,0.0,0.0
2018,ALCS,gonzama01,HOU,AL,5,20,2,4,0,0,2,4,0,1.0,1,7.0,0.0,1.0,0.0,0.0,0.0
2018,ALCS,gourryu01,HOU,AL,5,20,3,5,1,0,1,3,0,0.0,2,2.0,0.0,0.0,0.0,0.0,0.0
2018,ALCS,hembrhe01,BOS,AL,1,0,0,0,0,0,0,0,0,0.0,0,0.0,0.0,0.0,0.0,0.0,0.0
2018,ALCS,holtbr01,BOS,AL,4,9,1,1,0,0,0,1,0,0.0,1,3.0,0.0,1.0,0.0,0.0,0.0
2018,ALCS,jamesjo02,HOU,AL,2,0,0,0,0,0,0,0,0,0.0,0,0.0,0.0,0.0,0.0,0.0,0.0
2018,ALCS,kellyjo05,BOS,AL,3,0,0,0,0,0,0,0,0,0.0,0,0.0,0.0,0.0,0.0,0.0,0.0
2018,ALCS,kempto01,HOU,AL,5,11,1,3,1,0,1,1,0,0.0,3,2.0,0.0,0.0,0.0,0.0,0.0
2018,ALCS,keuchda01,HOU,AL,1,0,0,0,0,0,0,0,0,0.0,0,0.0,0.0,0.0,0.0,0.0,0.0
2018,ALCS,kimbrcr01,BOS,AL,3,0,0,0,0,0,0,0,0,0.0,0,0.0,0.0,0.0,0.0,0.0,0.0
2018,ALCS,kinslia01,BOS,AL,4,11,1,2,1,0,0,0,0,0.0,0,4.0,0.0,0.0,0.0,0.0,0.0
2018,ALCS,leonsa01,BOS,AL,5,2,1,0,0,0,0,0,0,0.0,0,1.0,0.0,0.0,0.0,0.0,0.0
2018,ALCS,maldoma01,HOU,AL,4,11,2,1,1,0,0,0,0,0.0,0,3.0,0.0,1.0,0.0,0.0,1.0
2018,ALCS,marisja01,HOU,AL,2,2,0,0,0,0,0,0,1,0.0,0,0.0,0.0,0.0,0.0,0.0,0.0
2018,ALCS,martijd02,BOS,AL,5,18,3,5,1,0,1,3,0,0.0,4,4.0,0.0,0.0,0.0,0.0,1.0
2018,ALCS,mccanbr01,HOU,AL,3,5,0,0,0,0,0,0,0,0.0,0,1.0,0.0,0.0,0.0,0.0,0.0
2018,ALCS,mcculla02,HOU,AL,3,0,0,0,0,0,0,0,0,0.0,0,0.0,0.0,0.0,0.0,0.0,0.0
2018,ALCS,mchugco01,HOU,AL,3,0,0,0,0,0,0,0,0,0.0,0,0.0,0.0,0.0,0.0,0.0,0.0
2018,ALCS,morelmi01,BOS,AL,5,6,1,3,1,0,0,2,0,0.0,1,1.0,0.0,1.0,0.0,0.0,0.0
2018,ALCS,mortoch02,HOU,AL,1,0,0,0,0,0,0,0,0,0.0,0,0.0,0.0,0.0,0.0,0.0,0.0
2018,ALCS,nunezed02,BOS,AL,2,5,0,1,0,0,0,0,0,0.0,1,0.0,0.0,0.0,0.0,0.0,0.0
2018,ALCS,osunaro01,HOU,AL,2,0,0,0,0,0,0,0,0,0.0,0,0.0,0.0,0.0,0.0,0.0,0.0
2018,ALCS,pearcst01,BOS,AL,4,14,4,3,1,0,1,1,0,0.0,3,4.0,0.0,0.0,0.0,0.0,0.0
2018,ALCS,porceri01,BOS,AL,2,0,0,0,0,0,0,0,0,0.0,0,0.0,0.0,0.0,0.0,0.0,0.0
2018,ALCS,pressry01,HOU,AL,3,0,0,0,0,0,0,0,0,0.0,0,0.0,0.0,0.0,0.0,0.0,0.0
2018,ALCS,priceda01,BOS,AL,2,0,0,0,0,0,0,0,0,0.0,0,0.0,0.0,0.0,0.0,0.0,0.0
2018,ALCS,reddijo01,HOU,AL,5,16,2,3,1,0,1,2,0,0.0,2,4.0,0.0,0.0,0.0,0.0,0.0
2018,ALCS,rodried05,BOS,AL,2,0,0,0,0,0,0,0,0,0.0,0,0.0,0.0,0.0,0.0,0.0,0.0
2018,ALCS,rondohe01,HOU,AL,2,0,0,0,0,0,0,0,0,0.0,0,0.0,0.0,0.0,0.0,0.0,0.0
2018,ALCS,salech01,BOS,AL,1,0,0,0,0,0,0,0,0,0.0,0,0.0,0.0,0.0,0.0,0.0,0.0
2018,ALCS,sippto01,HOU,AL,3,0,0,0,0,0,0,0,0,0.0,0,0.0,0.0,0.0,0.0,0.0,0.0
2018,ALCS,smithjo05,HOU,AL,1,0,0,0,0,0,0,0,0,0.0,0,0.0,0.0,0.0,0.0,0.0,0.0
2018,ALCS,springe01,HOU,AL,5,21,2,8,3,0,1,5,1,0.0,3,5.0,0.0,0.0,0.0,0.0,0.0
2018,ALCS,vazquch01,BOS,AL,5,13,1,2,1,0,0,0,0,0.0,0,3.0,0.0,0.0,0.0,0.0,0.0
2018,ALCS,verlaju01,HOU,AL,2,0,0,0,0,0,0,0,0,0.0,0,0.0,0.0,0.0,0.0,0.0,0.0
2018,ALCS,whitety01,HOU,AL,5,7,0,0,0,0,0,0,0,0.0,1,5.0,0.0,1.0,0.0,0.0,0.0
2018,ALCS,workmbr01,BOS,AL,1,0,0,0,0,0,0,0,0,0.0,0,0.0,0.0,0.0,0.0,0.0,0.0
2018,ALDS1,andujmi01,NYA,AL,3,9,0,1,0,0,0,0,0,0.0,1,2.0,0.0,0.0,0.0,0.0,1.0
2018,ALDS1,barnema01,BOS,AL,2,0,0,0,0,0,0,0,0,0.0,0,0.0,0.0,0.0,0.0,0.0,0.0
2018,ALDS1,beninan01,BOS,AL,4,14,5,4,1,0,0,3,2,0.0,3,3.0,0.0,1.0,0.0,0.0,0.0
2018,ALDS1,betande01,NYA,AL,2,0,0,0,0,0,0,0,0,0.0,0,0.0,0.0,0.0,0.0,0.0,0.0
2018,ALDS1,bettsmo01,BOS,AL,4,16,3,3,1,0,0,2,0,0.0,3,4.0,2.0,0.0,0.0,0.0,0.0
2018,ALDS1,bogaexa01,BOS,AL,4,17,2,5,0,0,1,2,0,0.0,1,1.0,0.0,0.0,0.0,1.0,0.0
2018,ALDS1,bradlja02,BOS,AL,4,12,2,2,1,0,0,0,1,0.0,3,3.0,0.0,0.0,0.0,0.0,0.0
2018,ALDS1,brasiry01,BOS,AL,3,0,0,0,0,0,0,0,0,0.0,0,0.0,0.0,0.0,0.0,0.0,0.0
2018,ALDS1,brittza01,NYA,AL,3,0,0,0,0,0,0,0,0,0.0,0,0.0,0.0,0.0,0.0,0.0,0.0
2018,ALDS1,chapmar01,NYA,AL,2,0,0,0,0,0,0,0,0,0.0,0,0.0,0.0,0.0,0.0,0.0,0.0
2018,ALDS1,deverra01,BOS,AL,2,7,2,2,0,0,0,1,1,0.0,0,1.0,0.0,0.0,0.0,0.0,0.0
2018,ALDS1,eovalna01,BOS,AL,1,0,0,0,0,0,0,0,0,0.0,0,0.0,0.0,0.0,0.0,0.0,0.0
2018,ALDS1,gardnbr01,NYA,AL,4,8,1,0,0,0,0,1,0,0.0,3,1.0,0.0,0.0,0.0,1.0,0.0
2018,ALDS1,greench03,NYA,AL,2,0,0,0,0,0,0,0,0,0.0,0,0.0,0.0,0.0,0.0,0.0,0.0
2018,ALDS1,gregodi01,NYA,AL,4,14,1,3,1,0,0,2,0,0.0,0,3.0,0.0,0.0,1.0,0.0,0.0
2018,ALDS1,happja01,NYA,AL,1,0,0,0,0,0,0,0,0,0.0,0,0.0,0.0,0.0,0.0,0.0,0.0
2018,ALDS1,hechaad01,NYA,AL,3,1,0,0,0,0,0,0,0,0.0,1,0.0,0.0,0.0,0.0,0.0,0.0
2018,ALDS1,hembrhe01,BOS,AL,2,0,0,0,0,0,0,0,0,0.0,0,0.0,0.0,0.0,0.0,0.0,0.0
2018,ALDS1,hicksaa01,NYA,AL,2,5,0,1,0,0,0,0,0,0.0,1,1.0,0.0,0.0,0.0,0.0,0.0
2018,ALDS1,holdejo02,NYA,AL,1,0,0,0,0,0,0,0,0,0.0,0,0.0,0.0,0.0,0.0,0.0,0.0
2018,ALDS1,holtbr01,BOS,AL,1,6,3,4,1,1,1,5,0,0.0,0,0.0,0.0,0.0,0.0,0.0,0.0
2018,ALDS1,judgeaa01,NYA,AL,4,16,4,6,0,0,2,2,0,0.0,2,2.0,0.0,0.0,0.0,0.0,0.0
2018,ALDS1,kellyjo05,BOS,AL,1,0,0,0,0,0,0,0,0,0.0,0,0.0,0.0,0.0,0.0,0.0,0.0
2018,ALDS1,kimbrcr01,BOS,AL,2,0,0,0,0,0,0,0,0,0.0,0,0.0,0.0,0.0,0.0,0.0,0.0
2018,ALDS1,kinslia01,BOS,AL,4,13,3,4,2,0,0,2,1,0.0,1,7.0,0.0,0.0,0.0,0.0,1.0
2018,ALDS1,leonsa01,BOS,AL,2,5,0,0,0,0,0,0,0,0.0,0,0.0,0.0,0.0,1.0,0.0,0.0
2018,ALDS1,lynnla01,NYA,AL,2,0,0,0,0,0,0,0,0,0.0,0,0.0,0.0,0.0,0.0,0.0,0.0
2018,ALDS1,martijd02,BOS,AL,4,14,1,5,0,0,1,6,0,0.0,3,0.0,0.0,0.0,0.0,2.0,0.0
2018,ALDS1,mccutan01,NYA,AL,4,15,1,2,0,0,0,1,0,0.0,0,3.0,0.0,0.0,0.0,0.0,1.0
2018,ALDS1,morelmi01,BOS,AL,2,3,1,1,0,0,0,0,0,0.0,0,1.0,0.0,0.0,0.0,0.0,0.0
2018,ALDS1,nunezed02,BOS,AL,3,11,0,2,1,0,0,1,0,0.0,1,2.0,0.0,0.0,0.0,0.0,0.0
2018,ALDS1,pearcst01,BOS,AL,4,12,3,4,0,0,0,2,0,0.0,2,4.0,0.0,0.0,0.0,0.0,0.0
2018,ALDS1,porceri01,BOS,AL,2,0,0,0,0,0,0,0,0,0.0,0,0.0,0.0,0.0,0.0,0.0,0.0
2018,ALDS1,priceda01,BOS,AL,1,0,0,0,0,0,0,0,0,0.0,0,0.0,0.0,0.0,0.0,0.0,0.0
2018,ALDS1,roberda08,NYA,AL,2,0,0,0,0,0,0,0,0,0.0,0,0.0,0.0,0.0,0.0,0.0,0.0
2018,ALDS1,rodried05,BOS,AL,2,0,0,0,0,0,0,0,0,0.0,0,0.0,0.0,0.0,0.0,0.0,0.0
2018,ALDS1,rominau01,NYA,AL,1,0,0,0,0,0,0,0,0,0.0,0,0.0,0.0,0.0,0.0,0.0,0.0
2018,ALDS1,sabatcc01,NYA,AL,1,0,0,0,0,0,0,0,0,0.0,0,0.0,0.0,0.0,0.0,0.0,0.0
2018,ALDS1,salech01,BOS,AL,2,0,0,0,0,0,0,0,0,0.0,0,0.0,0.0,0.0,0.0,0.0,0.0
2018,ALDS1,sanchga02,NYA,AL,4,15,3,3,1,0,2,5,0,0.0,1,5.0,0.0,0.0,0.0,1.0,0.0
2018,ALDS1,severlu01,NYA,AL,1,0,0,0,0,0,0,0,0,0.0,0,0.0,0.0,0.0,0.0,0.0,0.0
2018,ALDS1,stantmi03,NYA,AL,4,18,2,4,0,0,0,0,0,0.0,0,6.0,0.0,0.0,0.0,0.0,1.0
2018,ALDS1,swihabl01,BOS,AL,1,1,0,0,0,0,0,0,0,0.0,0,1.0,0.0,0.0,0.0,0.0,0.0
2018,ALDS1,tanakma01,NYA,AL,1,0,0,0,0,0,0,0,0,0.0,0,0.0,0.0,0.0,0.0,0.0,0.0
2018,ALDS1,tarplst01,NYA,AL,1,0,0,0,0,0,0,0,0,0.0,0,0.0,0.0,0.0,0.0,0.0,0.0
2018,ALDS1,torregl01,NYA,AL,4,13,1,4,0,0,0,0,0,0.0,2,2.0,0.0,0.0,0.0,0.0,0.0
2018,ALDS1,vazquch01,BOS,AL,3,9,2,3,0,0,1,2,0,0.0,1,2.0,0.0,0.0,0.0,0.0,0.0
2018,ALDS1,voitlu01,NYA,AL,4,13,1,3,0,0,0,2,0,0.0,4,4.0,0.0,0.0,0.0,0.0,0.0
2018,ALDS1,walkene01,NYA,AL,3,4,0,1,0,0,0,1,0,0.0,0,2.0,0.0,1.0,0.0,0.0,0.0
2018,ALDS1,workmbr01,BOS,AL,2,0,0,0,0,0,0,0,0,0.0,0,0.0,0.0,0.0,0.0,0.0,0.0
2018,ALDS2,allenco01,CLE,AL,2,0,0,0,0,0,0,0,0,0.0,0,0.0,0.0,0.0,0.0,0.0,0.0
2018,ALDS2,allengr01,CLE,AL,1,1,0,0,0,0,0,0,0,0.0,0,0.0,0.0,0.0,0.0,0.0,1.0
2018,ALDS2,alonsyo01,CLE,AL,2,6,0,0,0,0,0,0,0,0.0,0,4.0,0.0,0.0,0.0,0.0,0.0
2018,ALDS2,altuvjo01,HOU,AL,3,14,4,4,1,0,1,2,0,0.0,0,2.0,0.0,0.0,0.0,0.0,1.0
2018,ALDS2,bauertr01,CLE,AL,3,0,0,0,0,0,0,0,0,0.0,0,0.0,0.0,0.0,0.0,0.0,0.0
2018,ALDS2,brantmi02,CLE,AL,3,10,0,2,0,0,0,1,0,0.0,1,1.0,0.0,0.0,0.0,1.0,0.0
2018,ALDS2,bregmal01,HOU,AL,3,9,5,5,1,0,2,4,0,0.0,4,1.0,1.0,1.0,0.0,0.0,0.0
2018,ALDS2,cabreme01,CLE,AL,3,8,0,1,0,0,0,0,0,0.0,0,0.0,0.0,0.0,0.0,0.0,0.0
2018,ALDS2,carraca01,CLE,AL,1,0,0,0,0,0,0,0,0,0.0,0,0.0,0.0,0.0,0.0,0.0,0.0
2018,ALDS2,cimbead01,CLE,AL,2,0,0,0,0,0,0,0,0,0.0,0,0.0,0.0,0.0,0.0,0.0,0.0
2018,ALDS2,clevimi01,CLE,AL,1,0,0,0,0,0,0,0,0,0.0,0,0.0,0.0,0.0,0.0,0.0,0.0
2018,ALDS2,colege01,HOU,AL,1,0,0,0,0,0,0,0,0,0.0,0,0.0,0.0,0.0,0.0,0.0,0.0
2018,ALDS2,correca01,HOU,AL,3,10,1,1,0,0,1,3,0,0.0,3,2.0,0.0,0.0,0.0,0.0,0.0
2018,ALDS2,diazya01,CLE,AL,1,3,0,1,1,0,0,0,0,0.0,0,1.0,0.0,0.0,0.0,0.0,0.0
2018,ALDS2,donaljo02,CLE,AL,3,11,0,1,0,0,0,0,0,0.0,1,4.0,0.0,0.0,0.0,0.0,0.0
2018,ALDS2,encared01,CLE,AL,3,10,1,1,0,0,0,0,0,0.0,2,4.0,0.0,0.0,0.0,0.0,0.0
2018,ALDS2,gattiev01,HOU,AL,2,2,0,0,0,0,0,0,0,0.0,0,1.0,0.0,0.0,0.0,0.0,0.0
2018,ALDS2,gomesya01,CLE,AL,3,8,2,2,0,0,0,0,0,0.0,1,4.0,0.0,0.0,0.0,0.0,0.0
2018,ALDS2,gonzama01,HOU,AL,3,13,1,7,2,0,0,5,0,1.0,0,2.0,0.0,1.0,0.0,0.0,0.0
2018,ALDS2,gourryu01,HOU,AL,3,11,2,2,1,0,0,0,0,0.0,3,3.0,1.0,0.0,0.0,0.0,0.0
2018,ALDS2,guyerbr01,CLE,AL,1,2,0,0,0,0,0,0,0,0.0,0,1.0,0.0,0.0,0.0,0.0,0.0
2018,ALDS2,handbr01,CLE,AL,2,0,0,0,0,0,0,0,0,0.0,0,0.0,0.0,0.0,0.0,0.0,0.0
2018,ALDS2,harriwi02,HOU,AL,1,0,0,0,0,0,0,0,0,0.0,0,0.0,0.0,0.0,0.0,0.0,0.0
2018,ALDS2,kempto01,HOU,AL,1,3,2,1,0,0,0,0,0,0.0,2,1.0,0.0,0.0,0.0,0.0,0.0
2018,ALDS2,keuchda01,HOU,AL,1,0,0,0,0,0,0,0,0,0.0,0,0.0,0.0,0.0,0.0,0.0,0.0
2018,ALDS2,kipnija01,CLE,AL,3,9,0,1,0,0,0,0,0,0.0,0,6.0,0.0,0.0,0.0,0.0,0.0
2018,ALDS2,klubeco01,CLE,AL,1,0,0,0,0,0,0,0,0,0.0,0,0.0,0.0,0.0,0.0,0.0,0.0
2018,ALDS2,lindofr01,CLE,AL,3,11,3,4,0,0,2,2,0,0.0,0,2.0,0.0,0.0,1.0,0.0,0.0
2018,ALDS2,maldoma01,HOU,AL,3,8,1,1,0,0,1,1,0,0.0,0,4.0,0.0,0.0,1.0,0.0,1.0
2018,ALDS2,marisja01,HOU,AL,3,1,0,0,0,0,0,0,0,0.0,0,1.0,0.0,0.0,0.0,0.0,0.0
2018,ALDS2,mccanbr01,HOU,AL,1,3,0,0,0,0,0,0,0,0.0,0,2.0,0.0,0.0,0.0,0.0,0.0
2018,ALDS2,mcculla02,HOU,AL,2,0,0,0,0,0,0,0,0,0.0,0,0.0,0.0,0.0,0.0,0.0,0.0
2018,ALDS2,mchugco01,HOU,AL,1,0,0,0,0,0,0,0,0,0.0,0,0.0,0.0,0.0,0.0,0.0,0.0
2018,ALDS2,millean01,CLE,AL,2,0,0,0,0,0,0,0,0,0.0,0,0.0,0.0,0.0,0.0,0.0,0.0
2018,ALDS2,osunaro01,HOU,AL,2,0,0,0,0,0,0,0,0,0.0,0,0.0,0.0,0.0,0.0,0.0,0.0
2018,ALDS2,oteroda01,CLE,AL,1,0,0,0,0,0,0,0,0,0.0,0,0.0,0.0,0.0,0.0,0.0,0.0
2018,ALDS2,pressry01,HOU,AL,2,0,0,0,0,0,0,0,0,0.0,0,0.0,0.0,0.0,0.0,0.0,0.0
2018,ALDS2,ramirjo01,CLE,AL,3,11,0,0,0,0,0,1,0,0.0,1,3.0,0.0,0.0,0.0,0.0,1.0
2018,ALDS2,reddijo01,HOU,AL,3,10,0,4,0,0,0,2,0,0.0,0,1.0,0.0,0.0,0.0,0.0,1.0
2018,ALDS2,springe01,HOU,AL,3,14,4,6,0,0,3,3,0,0.0,0,2.0,0.0,0.0,0.0,0.0,0.0
2018,ALDS2,strawmy01,HOU,AL,2,0,1,0,0,0,0,0,1,0.0,0,0.0,0.0,0.0,0.0,0.0,0.0
2018,ALDS2,verlaju01,HOU,AL,1,0,0,0,0,0,0,0,0,0.0,0,0.0,0.0,0.0,0.0,0.0,0.0
2018,ALDS2,whitety01,HOU,AL,3,6,0,3,1,0,0,0,0,0.0,2,2.0,2.0,1.0,0.0,0.0,0.0
2018,ALWC,andujmi01,NYA,AL,1,1,0,1,0,0,0,0,0,0.0,1,0.0,0.0,0.0,0.0,0.0,0.0
2018,ALWC,betande01,NYA,AL,1,0,0,0,0,0,0,0,0,0.0,0,0.0,0.0,0.0,0.0,0.0,0.0
2018,ALWC,brittza01,NYA,AL,1,0,0,0,0,0,0,0,0,0.0,0,0.0,0.0,0.0,0.0,0.0,0.0
2018,ALWC,canhama01,OAK,AL,1,1,0,0,0,0,0,0,0,0.0,0,1.0,0.0,0.0,0.0,0.0,0.0
2018,ALWC,chapmar01,NYA,AL,1,0,0,0,0,0,0,0,0,0.0,0,0.0,0.0,0.0,0.0,0.0,0.0
2018,ALWC,chapmma01,OAK,AL,1,5,0,1,0,0,0,0,0,0.0,0,0.0,0.0,0.0,0.0,0.0,0.0
2018,ALWC,daviskh01,OAK,AL,1,4,1,1,0,0,1,2,0,0.0,0,2.0,0.0,0.0,0.0,0.0,0.0
2018,ALWC,familje01,OAK,AL,1,0,0,0,0,0,0,0,0,0.0,0,0.0,0.0,0.0,0.0,0.0,0.0
2018,ALWC,gardnbr01,NYA,AL,1,0,0,0,0,0,0,0,0,0.0,0,0.0,0.0,0.0,0.0,0.0,0.0
2018,ALWC,gregodi01,NYA,AL,1,3,0,1,0,0,0,1,0,0.0,0,1.0,0.0,0.0,0.0,1.0,0.0
2018,ALWC,hechaad01,NYA,AL,1,2,0,0,0,0,0,0,0,0.0,0,0.0,0.0,0.0,0.0,0.0,0.0
2018,ALWC,hendrli01,OAK,AL,1,0,0,0,0,0,0,0,0,0.0,0,0.0,0.0,0.0,0.0,0.0,0.0
2018,ALWC,hicksaa01,NYA,AL,1,4,1,1,1,0,0,1,0,0.0,0,0.0,0.0,0.0,0.0,0.0,0.0
2018,ALWC,judgeaa01,NYA,AL,1,3,2,2,1,0,1,2,0,0.0,1,1.0,0.0,0.0,0.0,0.0,0.0
2018,ALWC,kellesh01,OAK,AL,1,0,0,0,0,0,0,0,0,0.0,0,0.0,0.0,0.0,0.0,0.0,0.0
2018,ALWC,laurera01,OAK,AL,1,3,0,0,0,0,0,0,0,0.0,1,2.0,0.0,0.0,0.0,0.0,0.0
2018,ALWC,lowrije01,OAK,AL,1,4,1,0,0,0,0,0,0,0.0,0,1.0,0.0,0.0,0.0,0.0,0.0
2018,ALWC,lucrojo01,OAK,AL,1,4,0,1,0,0,0,0,0,0.0,0,2.0,0.0,0.0,0.0,0.0,0.0
2018,ALWC,martini02,OAK,AL,1,4,0,1,0,0,0,0,0,0.0,0,2.0,0.0,0.0,0.0,0.0,0.0
2018,ALWC,mccutan01,NYA,AL,1,3,1,0,0,0,0,0,0,0.0,1,0.0,0.0,0.0,0.0,0.0,0.0
2018,ALWC,olsonma02,OAK,AL,1,2,0,0,0,0,0,0,0,0.0,2,0.0,0.0,0.0,0.0,0.0,0.0
2018,ALWC,piscost01,OAK,AL,1,3,0,0,0,0,0,0,0,0.0,1,2.0,0.0,0.0,0.0,0.0,0.0
2018,ALWC,roberda08,NYA,AL,1,0,0,0,0,0,0,0,0,0.0,0,0.0,0.0,0.0,0.0,0.0,0.0
2018,ALWC,rodnefe01,OAK,AL,1,0,0,0,0,0,0,0,0,0.0,0,0.0,0.0,0.0,0.0,0.0,0.0
2018,ALWC,sanchga02,NYA,AL,1,3,0,0,0,0,0,0,0,0.0,0,0.0,0.0,0.0,0.0,0.0,1.0
2018,ALWC,semiema01,OAK,AL,1,3,0,1,0,0,0,0,0,0.0,1,1.0,0.0,0.0,0.0,0.0,0.0
2018,ALWC,severlu01,NYA,AL,1,0,0,0,0,0,0,0,0,0.0,0,0.0,0.0,0.0,0.0,0.0,0.0
2018,ALWC,stantmi03,NYA,AL,1,3,2,1,0,0,1,1,1,0.0,1,1.0,0.0,0.0,0.0,0.0,0.0
2018,ALWC,torregl01,NYA,AL,1,3,0,0,0,0,0,0,0,0.0,0,1.0,0.0,0.0,0.0,0.0,0.0
2018,ALWC,treinbl01,OAK,AL,1,0,0,0,0,0,0,0,0,0.0,0,0.0,0.0,0.0,0.0,0.0,0.0
2018,ALWC,trivilo01,OAK,AL,1,0,0,0,0,0,0,0,0,0.0,0,0.0,0.0,0.0,0.0,0.0,0.0
2018,ALWC,voitlu01,NYA,AL,1,4,1,1,0,1,0,2,0,0.0,0,2.0,0.0,0.0,0.0,0.0,0.0
2018,ALWC,walkene01,NYA,AL,1,0,0,0,0,0,0,0,0,0.0,0,0.0,0.0,0.0,0.0,0.0,0.0
2018,NLCS,aguilje01,MIL,NL,7,26,4,7,3,0,1,4,0,0.0,2,11.0,1.0,0.0,0.0,0.0,0.0
2018,NLCS,arciaor01,MIL,NL,7,25,5,9,0,0,2,3,0,0.0,1,2.0,1.0,0.0,0.0,0.0,1.0
2018,NLCS,baezpe01,LAN,NL,4,0,0,0,0,0,0,0,0,0.0,0,0.0,0.0,0.0,0.0,0.0,0.0
2018,NLCS,barneau01,LAN,NL,5,18,0,2,0,0,0,2,0,0.0,2,9.0,0.0,0.0,0.0,0.0,0.0
2018,NLCS,bellico01,LAN,NL,7,25,3,5,1,0,1,4,2,0.0,1,6.0,0.0,0.0,0.0,0.0,0.0
2018,NLCS,braunry02,MIL,NL,7,29,1,7,2,0,0,4,1,0.0,2,9.0,0.0,0.0,0.0,0.0,0.0
2018,NLCS,buehlwa01,LAN,NL,2,3,0,0,0,0,0,0,0,0.0,0,2.0,0.0,0.0,1.0,0.0,0.0
2018,NLCS,burneco01,MIL,NL,4,0,0,0,0,0,0,0,0,0.0,0,0.0,0.0,0.0,0.0,0.0,0.0
2018,NLCS,cainlo01,MIL,NL,7,33,3,10,4,0,0,1,0,1.0,1,9.0,0.0,0.0,0.0,0.0,0.0
2018,NLCS,cedenxa01,MIL,NL,4,0,0,0,0,0,0,0,0,0.0,0,0.0,0.0,0.0,0.0,0.0,0.0
2018,NLCS,chacijh01,MIL,NL,2,2,0,0,0,0,0,0,0,0.0,0,1.0,0.0,0.0,0.0,0.0,0.0
2018,NLCS,davieza01,MIL,NL,1,0,0,0,0,0,0,0,0,0.0,0,0.0,0.0,0.0,0.0,0.0,0.0
2018,NLCS,doziebr01,LAN,NL,6,9,1,1,0,0,0,2,1,1.0,2,2.0,0.0,1.0,0.0,0.0,0.0
2018,NLCS,ferguca01,LAN,NL,4,0,0,0,0,0,0,0,0,0.0,0,0.0,0.0,0.0,0.0,0.0,0.0
2018,NLCS,florody01,LAN,NL,5,0,0,0,0,0,0,0,0,0.0,0,0.0,0.0,0.0,0.0,0.0,0.0
2018,NLCS,freesda01,LAN,NL,6,8,1,2,1,0,1,2,0,0.0,0,2.0,0.0,1.0,0.0,0.0,0.0
2018,NLCS,gonzagi01,MIL,NL,2,0,0,0,0,0,0,0,0,0.0,0,0.0,0.0,0.0,0.0,0.0,0.0
2018,NLCS,grandcu01,MIL,NL,5,5,0,1,1,0,0,1,0,0.0,0,2.0,0.0,0.0,0.0,0.0,0.0
2018,NLCS,grandya01,LAN,NL,5,11,0,2,1,0,0,0,0,0.0,0,6.0,0.0,0.0,0.0,0.0,1.0
2018,NLCS,guerrju02,MIL,NL,2,1,0,0,0,0,0,0,0,0.0,0,1.0,0.0,0.0,0.0,0.0,0.0
2018,NLCS,haderjo01,MIL,NL,4,1,0,0,0,0,0,0,0,0.0,0,1.0,0.0,0.0,0.0,0.0,0.0
2018,NLCS,hernaen02,LAN,NL,6,14,0,1,0,0,0,0,0,1.0,2,8.0,1.0,0.0,0.0,0.0,0.0
2018,NLCS,hillri01,LAN,NL,2,2,0,0,0,0,0,0,0,0.0,0,0.0,0.0,0.0,0.0,0.0,0.0
2018,NLCS,janseke01,LAN,NL,4,0,0,0,0,0,0,0,0,0.0,0,0.0,0.0,0.0,0.0,0.0,0.0
2018,NLCS,jeffrje01,MIL,NL,5,0,0,0,0,0,0,0,0,0.0,0,0.0,0.0,0.0,0.0,0.0,0.0
2018,NLCS,kempma01,LAN,NL,7,10,0,2,0,0,0,1,0,0.0,1,3.0,1.0,0.0,0.0,0.0,0.0
2018,NLCS,kershcl01,LAN,NL,3,1,1,0,0,0,0,0,0,0.0,2,0.0,0.0,0.0,1.0,0.0,0.0
2018,NLCS,knebeco01,MIL,NL,6,1,0,0,0,0,0,0,0,0.0,0,1.0,0.0,0.0,0.0,0.0,0.0
2018,NLCS,kratzer01,MIL,NL,7,16,1,2,1,0,0,1,0,0.0,1,5.0,0.0,1.0,0.0,0.0,0.0
2018,NLCS,machama01,LAN,NL,7,27,5,8,1,0,1,3,1,0.0,2,6.0,1.0,1.0,0.0,0.0,3.0
2018,NLCS,madsory01,LAN,NL,5,1,0,0,0,0,0,0,0,0.0,0,1.0,0.0,0.0,0.0,0.0,0.0
2018,NLCS,maedake01,LAN,NL,4,0,0,0,0,0,0,0,0,0.0,0,0.0,0.0,0.0,0.0,0.0,0.0
2018,NLCS,mileywa01,MIL,NL,3,4,1,2,1,0,0,0,0,0.0,0,1.0,0.0,0.0,0.0,0.0,0.0
2018,NLCS,moustmi01,MIL,NL,7,29,1,4,1,0,0,1,0,0.0,2,12.0,1.0,0.0,0.0,0.0,0.0
2018,NLCS,muncyma01,LAN,NL,7,22,3,4,0,0,0,1,0,0.0,4,13.0,0.0,0.0,0.0,0.0,0.0
2018,NLCS,pederjo01,LAN,NL,7,13,2,3,0,0,0,0,0,0.0,1,4.0,0.0,1.0,0.0,0.0,0.0
2018,NLCS,peralfr01,MIL,NL,1,1,0,0,0,0,0,0,0,0.0,0,0.0,0.0,0.0,0.0,0.0,0.0
2018,NLCS,perezhe01,MIL,NL,6,8,0,1,0,0,0,1,1,1.0,1,1.0,0.0,0.0,0.0,1.0,0.0
2018,NLCS,pinama01,MIL,NL,4,4,1,2,1,0,0,0,0,0.0,4,1.0,0.0,0.0,0.0,0.0,0.0
2018,NLCS,puigya01,LAN,NL,7,21,1,7,3,0,1,4,0,0.0,1,6.0,0.0,0.0,0.0,0.0,2.0
2018,NLCS,ryuhy01,LAN,NL,2,2,0,1,0,0,0,0,0,0.0,0,0.0,0.0,0.0,0.0,0.0,0.0
2018,NLCS,santado01,MIL,NL,7,6,1,2,1,0,0,3,1,0.0,1,4.0,1.0,0.0,0.0,0.0,0.0
2018,NLCS,schoojo01,MIL,NL,2,6,0,0,0,0,0,0,0,0.0,0,2.0,0.0,0.0,0.0,0.0,1.0
2018,NLCS,shawtr01,MIL,NL,7,19,2,4,1,1,1,1,0,0.0,1,8.0,0.0,0.0,0.0,0.0,0.0
2018,NLCS,soriajo01,MIL,NL,4,0,0,0,0,0,0,0,0,0.0,0,0.0,0.0,0.0,0.0,0.0,0.0
2018,NLCS,tayloch03,LAN,NL,7,22,4,8,1,1,0,1,1,0.0,4,7.0,0.0,0.0,0.0,0.0,0.0
2018,NLCS,turneju01,LAN,NL,7,29,2,7,0,0,1,3,0,0.0,1,7.0,0.0,1.0,0.0,0.0,1.0
2018,NLCS,uriasju01,LAN,NL,4,0,0,0,0,0,0,0,0,0.0,0,0.0,0.0,0.0,0.0,0.0,0.0
2018,NLCS,woodal02,LAN,NL,4,0,0,0,0,0,0,0,0,0.0,0,0.0,0.0,0.0,0.0,0.0,0.0
2018,NLCS,woodrbr01,MIL,NL,3,2,1,1,0,0,1,1,0,0.0,1,1.0,0.0,0.0,0.0,0.0,0.0
2018,NLCS,yelicch01,MIL,NL,7,28,3,5,1,0,1,1,0,0.0,5,7.0,1.0,0.0,0.0,0.0,2.0
2018,NLDS1,aguilje01,MIL,NL,3,11,1,1,0,0,1,1,0,0.0,1,4.0,0.0,0.0,0.0,0.0,1.0
2018,NLDS1,anderty01,COL,NL,1,1,0,0,0,0,0,0,0,0.0,1,0.0,0.0,0.0,0.0,0.0,0.0
2018,NLDS1,arciaor01,MIL,NL,3,8,2,2,0,0,1,1,0,0.0,0,2.0,0.0,0.0,0.0,0.0,0.0
2018,NLDS1,arenano01,COL,NL,3,11,0,2,0,0,0,1,0,0.0,0,5.0,0.0,0.0,0.0,1.0,0.0
2018,NLDS1,blackch02,COL,NL,3,12,0,1,0,0,0,1,0,0.0,0,1.0,0.0,0.0,0.0,0.0,0.0
2018,NLDS1,braunry02,MIL,NL,3,13,1,5,0,0,0,0,1,0.0,0,4.0,0.0,0.0,0.0,0.0,0.0
2018,NLDS1,broxtke01,MIL,NL,2,2,1,1,0,0,1,1,0,0.0,0,1.0,0.0,0.0,0.0,0.0,0.0
2018,NLDS1,burneco01,MIL,NL,2,0,0,0,0,0,0,0,0,0.0,0,0.0,0.0,0.0,0.0,0.0,0.0
2018,NLDS1,cainlo01,MIL,NL,3,12,1,1,0,0,0,0,0,0.0,2,3.0,0.0,0.0,0.0,0.0,0.0
2018,NLDS1,chacijh01,MIL,NL,1,1,0,0,0,0,0,0,0,0.0,0,0.0,0.0,0.0,0.0,0.0,0.0
2018,NLDS1,dahlda01,COL,NL,2,5,0,0,0,0,0,0,0,0.0,0,2.0,0.0,0.0,0.0,0.0,0.0
2018,NLDS1,daviswa01,COL,NL,1,0,0,0,0,0,0,0,0,0.0,0,0.0,0.0,0.0,0.0,0.0,0.0
2018,NLDS1,desmoia01,COL,NL,3,12,0,1,0,0,0,0,1,0.0,0,3.0,0.0,0.0,0.0,0.0,0.0
2018,NLDS1,gonzaca01,COL,NL,3,10,0,1,0,1,0,0,0,0.0,2,5.0,0.0,0.0,0.0,0.0,0.0
2018,NLDS1,grandcu01,MIL,NL,2,2,0,0,0,0,0,0,0,0.0,0,1.0,0.0,0.0,0.0,0.0,0.0
2018,NLDS1,haderjo01,MIL,NL,3,0,0,0,0,0,0,0,0,0.0,0,0.0,0.0,0.0,0.0,0.0,0.0
2018,NLDS1,hampsga01,COL,NL,2,1,1,0,0,0,0,0,0,0.0,0,0.0,0.0,0.0,0.0,0.0,0.0
2018,NLDS1,hollima01,COL,NL,3,5,0,1,0,0,0,0,0,0.0,1,2.0,0.0,0.0,0.0,0.0,0.0
2018,NLDS1,iannech01,COL,NL,3,6,0,0,0,0,0,0,0,0.0,0,1.0,0.0,0.0,0.0,0.0,0.0
2018,NLDS1,jeffrje01,MIL,NL,3,1,0,0,0,0,0,0,0,0.0,0,0.0,0.0,0.0,0.0,0.0,0.0
2018,NLDS1,johnsdj01,COL,NL,1,0,0,0,0,0,0,0,0,0.0,0,0.0,0.0,0.0,0.0,0.0,0.0
2018,NLDS1,knebeco01,MIL,NL,3,0,0,0,0,0,0,0,0,0.0,0,0.0,0.0,0.0,0.0,0.0,0.0
2018,NLDS1,kratzer01,MIL,NL,2,8,1,5,1,0,0,2,0,0.0,0,1.0,0.0,0.0,0.0,0.0,1.0
2018,NLDS1,lemahdj01,COL,NL,3,9,0,2,1,0,0,0,0,1.0,3,2.0,0.0,0.0,0.0,0.0,0.0
2018,NLDS1,marquge01,COL,NL,1,1,0,0,0,0,0,0,0,0.0,0,0.0,0.0,0.0,0.0,0.0,0.0
2018,NLDS1,mcmahry01,COL,NL,3,2,0,0,0,0,0,0,0,1.0,1,1.0,0.0,0.0,0.0,0.0,0.0
2018,NLDS1,mileywa01,MIL,NL,1,2,0,0,0,0,0,0,0,0.0,0,2.0,0.0,0.0,0.0,0.0,0.0
2018,NLDS1,moustmi01,MIL,NL,3,11,2,4,1,0,0,2,0,0.0,2,1.0,2.0,0.0,0.0,0.0,0.0
2018,NLDS1,musgrha01,COL,NL,2,0,0,0,0,0,0,0,0,0.0,0,0.0,0.0,0.0,0.0,0.0,0.0
2018,NLDS1,obergsc01,COL,NL,3,0,0,0,0,0,0,0,0,0.0,0,0.0,0.0,0.0,0.0,0.0,0.0
2018,NLDS1,ohse01,COL,NL,2,0,0,0,0,0,0,0,0,0.0,0,0.0,0.0,0.0,0.0,0.0,0.0
2018,NLDS1,ottavad01,COL,NL,2,0,0,0,0,0,0,0,0,0.0,0,0.0,0.0,0.0,0.0,0.0,0.0
2018,NLDS1,parrage01,COL,NL,2,6,1,3,0,0,0,0,0,0.0,0,1.0,0.0,0.0,0.0,0.0,0.0
2018,NLDS1,perezhe01,MIL,NL,3,6,0,2,2,0,0,1,1,1.0,0,2.0,0.0,0.0,0.0,0.0,0.0
2018,NLDS1,pinama01,MIL,NL,1,3,0,1,0,0,0,0,0,0.0,1,0.0,0.0,0.0,0.0,0.0,0.0
2018,NLDS1,rusinch01,COL,NL,3,0,0,0,0,0,0,0,0,0.0,0,0.0,0.0,0.0,0.0,0.0,0.0
2018,NLDS1,santado01,MIL,NL,3,2,0,0,0,0,0,0,0,0.0,1,1.0,0.0,0.0,0.0,0.0,0.0
2018,NLDS1,schoojo01,MIL,NL,2,2,0,0,0,0,0,0,0,0.0,0,1.0,0.0,0.0,0.0,0.0,0.0
2018,NLDS1,senzaan01,COL,NL,1,1,0,0,0,0,0,0,0,0.0,0,1.0,0.0,0.0,0.0,0.0,0.0
2018,NLDS1,shawtr01,MIL,NL,3,11,0,4,1,0,0,1,1,0.0,3,2.0,1.0,0.0,0.0,0.0,0.0
2018,NLDS1,soriajo01,MIL,NL,3,0,0,0,0,0,0,0,0,0.0,0,0.0,0.0,0.0,0.0,0.0,0.0
2018,NLDS1,storytr01,COL,NL,3,12,0,2,1,0,0,0,0,0.0,0,6.0,0.0,0.0,0.0,0.0,0.0
2018,NLDS1,wolteto01,COL,NL,2,2,0,1,0,0,0,0,0,0.0,0,0.0,0.0,0.0,0.0,0.0,0.0
2018,NLDS1,woodrbr01,MIL,NL,1,0,0,0,0,0,0,0,0,0.0,0,0.0,0.0,0.0,0.0,0.0,0.0
2018,NLDS1,yelicch01,MIL,NL,3,8,4,2,0,0,1,2,2,0.0,6,0.0,0.0,0.0,0.0,0.0,0.0
2018,NLDS2,acunaro01,ATL,NL,4,16,1,3,1,0,1,4,0,1.0,1,5.0,0.0,0.0,0.0,0.0,0.0
2018,NLDS2,adamsla01,ATL,NL,2,1,0,0,0,0,0,0,0,0.0,0,1.0,0.0,1.0,0.0,0.0,0.0
2018,NLDS2,albieoz01,ATL,NL,4,15,1,3,0,0,0,0,0,0.0,0,1.0,0.0,0.0,0.0,0.0,0.0
2018,NLDS2,alexasc01,LAN,NL,1,0,0,0,0,0,0,0,0,0.0,0,0.0,0.0,0.0,0.0,0.0,0.0
2018,NLDS2,baezpe01,LAN,NL,2,0,0,0,0,0,0,0,0,0.0,0,0.0,0.0,0.0,0.0,0.0,0.0
2018,NLDS2,bellico01,LAN,NL,4,11,1,0,0,0,0,0,2,0.0,4,4.0,0.0,0.0,0.0,0.0,0.0
2018,NLDS2,brachbr01,ATL,NL,2,0,0,0,0,0,0,0,0,0.0,0,0.0,0.0,0.0,0.0,0.0,0.0
2018,NLDS2,buehlwa01,LAN,NL,1,1,0,0,0,0,0,0,0,0.0,0,1.0,0.0,0.0,1.0,0.0,0.0
2018,NLDS2,camarjo01,ATL,NL,4,15,1,0,0,0,0,0,0,0.0,1,5.0,0.0,0.0,0.0,0.0,1.0
2018,NLDS2,culbech01,ATL,NL,4,12,1,2,0,0,0,0,0,0.0,1,4.0,1.0,0.0,0.0,0.0,0.0
2018,NLDS2,doziebr01,LAN,NL,1,2,0,1,0,0,0,0,0,0.0,0,1.0,0.0,0.0,0.0,0.0,0.0
2018,NLDS2,dudalu01,ATL,NL,3,3,0,0,0,0,0,0,0,0.0,0,1.0,0.0,0.0,0.0,0.0,0.0
2018,NLDS2,ferguca01,LAN,NL,2,0,0,0,0,0,0,0,0,0.0,0,0.0,0.0,0.0,0.0,0.0,0.0
2018,NLDS2,flahery01,ATL,NL,2,2,0,0,0,0,0,0,0,0.0,0,0.0,0.0,0.0,0.0,0.0,0.0
2018,NLDS2,florody01,LAN,NL,1,0,0,0,0,0,0,0,0,0.0,0,0.0,0.0,0.0,0.0,0.0,0.0
2018,NLDS2,flowety01,ATL,NL,3,7,1,1,0,0,0,0,0,0.0,1,3.0,0.0,0.0,0.0,0.0,0.0
2018,NLDS2,foltymi01,ATL,NL,2,2,0,0,0,0,0,0,0,0.0,0,2.0,0.0,0.0,0.0,0.0,0.0
2018,NLDS2,freemfr01,ATL,NL,4,16,1,4,0,0,1,1,0,0.0,1,3.0,0.0,0.0,0.0,0.0,0.0
2018,NLDS2,freesda01,LAN,NL,3,2,0,1,0,0,0,3,0,0.0,0,0.0,0.0,0.0,0.0,1.0,1.0
2018,NLDS2,friedma01,ATL,NL,4,0,0,0,0,0,0,0,0,0.0,0,0.0,0.0,0.0,0.0,0.0,0.0
2018,NLDS2,gausmke01,ATL,NL,1,0,0,0,0,0,0,0,0,0.0,0,0.0,0.0,0.0,0.0,0.0,0.0
2018,NLDS2,grandya01,LAN,NL,4,13,2,1,0,0,1,1,0,0.0,3,5.0,0.0,0.0,0.0,0.0,0.0
2018,NLDS2,hernaen02,LAN,NL,4,12,2,2,0,0,1,1,2,0.0,3,2.0,0.0,0.0,0.0,0.0,0.0
2018,NLDS2,hillri01,LAN,NL,1,1,0,0,0,0,0,0,0,0.0,0,1.0,0.0,0.0,1.0,0.0,0.0
2018,NLDS2,inciaen01,ATL,NL,4,13,0,3,0,0,0,0,0,0.0,0,4.0,0.0,0.0,1.0,0.0,0.0
2018,NLDS2,janseke01,LAN,NL,2,0,0,0,0,0,0,0,0,0.0,0,0.0,0.0,0.0,0.0,0.0,0.0
2018,NLDS2,kempma01,LAN,NL,2,4,0,1,1,0,0,0,0,0.0,0,0.0,0.0,0.0,0.0,0.0,1.0
2018,NLDS2,kershcl01,LAN,NL,1,2,0,0,0,0,0,0,0,0.0,1,2.0,0.0,0.0,0.0,0.0,0.0
2018,NLDS2,machama01,LAN,NL,4,17,2,3,1,0,2,6,0,0.0,1,7.0,0.0,0.0,0.0,0.0,1.0
2018,NLDS2,madsory01,LAN,NL,2,0,0,0,0,0,0,0,0,0.0,0,0.0,0.0,0.0,0.0,0.0,0.0
2018,NLDS2,maedake01,LAN,NL,1,0,0,0,0,0,0,0,0,0.0,0,0.0,0.0,0.0,0.0,0.0,0.0
2018,NLDS2,markani01,ATL,NL,4,12,1,1,0,0,0,0,0,0.0,3,2.0,0.0,0.0,0.0,0.0,0.0
2018,NLDS2,minteaj01,ATL,NL,2,0,0,0,0,0,0,0,0,0.0,0,0.0,0.0,0.0,0.0,0.0,0.0
2018,NLDS2,muncyma01,LAN,NL,4,11,4,2,0,0,2,4,1,0.0,6,5.0,0.0,0.0,0.0,0.0,0.0
2018,NLDS2,newcose01,ATL,NL,2,0,1,0,0,0,0,1,0,0.0,1,0.0,0.0,0.0,0.0,0.0,0.0
2018,NLDS2,pederjo01,LAN,NL,4,14,3,4,1,0,1,1,0,0.0,0,4.0,0.0,1.0,0.0,0.0,0.0
2018,NLDS2,puigya01,LAN,NL,4,9,2,3,0,0,0,0,2,1.0,4,3.0,1.0,0.0,0.0,0.0,0.0
2018,NLDS2,ryuhy01,LAN,NL,1,3,0,1,0,0,0,0,0,0.0,0,0.0,0.0,0.0,0.0,0.0,0.0
2018,NLDS2,sanchan01,ATL,NL,1,1,0,0,0,0,0,0,0,0.0,0,0.0,0.0,0.0,0.0,0.0,0.0
2018,NLDS2,sobotch01,ATL,NL,3,0,0,0,0,0,0,0,0,0.0,0,0.0,0.0,0.0,0.0,0.0,0.0
2018,NLDS2,suzukku01,ATL,NL,4,8,0,2,0,0,0,2,0,0.0,0,1.0,0.0,0.0,0.0,0.0,0.0
2018,NLDS2,tayloch03,LAN,NL,3,3,2,1,0,0,1,2,0,0.0,1,0.0,0.0,0.0,0.0,0.0,0.0
2018,NLDS2,teherju01,ATL,NL,1,0,0,0,0,0,0,0,0,0.0,0,0.0,0.0,0.0,0.0,0.0,0.0
2018,NLDS2,toussto01,ATL,NL,2,0,0,0,0,0,0,0,0,0.0,0,0.0,0.0,0.0,0.0,0.0,0.0
2018,NLDS2,turneju01,LAN,NL,4,14,2,5,1,0,0,1,1,0.0,4,0.0,0.0,0.0,0.0,0.0,0.0
2018,NLDS2,ventejo01,ATL,NL,2,0,0,0,0,0,0,0,0,0.0,0,0.0,0.0,0.0,0.0,0.0,0.0
2018,NLDS2,vizcaar01,ATL,NL,2,0,0,0,0,0,0,0,0,0.0,0,0.0,0.0,0.0,0.0,0.0,0.0
2018,NLDS2,woodal02,LAN,NL,2,0,0,0,0,0,0,0,0,0.0,0,0.0,0.0,0.0,0.0,0.0,0.0
2018,NLWC,almoral01,CHN,NL,1,5,0,2,0,0,0,0,0,0.0,0,2.0,0.0,0.0,1.0,0.0,0.0
2018,NLWC,arenano01,COL,NL,1,5,0,1,0,0,0,1,0,0.0,0,1.0,0.0,0.0,0.0,1.0,0.0
2018,NLWC,baezja01,CHN,NL,1,5,0,1,1,0,0,1,1,0.0,1,2.0,0.0,0.0,0.0,0.0,0.0
2018,NLWC,blackch02,COL,NL,1,3,1,1,0,0,0,0,0,0.0,1,0.0,0.0,0.0,0.0,0.0,0.0
2018,NLWC,boteda01,CHN,NL,1,2,0,0,0,0,0,0,0,0.0,0,2.0,0.0,0.0,0.0,0.0,0.0
2018,NLWC,bryankr01,CHN,NL,1,6,0,1,0,0,0,0,0,0.0,0,3.0,0.0,0.0,0.0,0.0,0.0
2018,NLWC,buterdr01,COL,NL,1,2,0,0,0,0,0,0,0,0.0,1,0.0,0.0,0.0,0.0,0.0,0.0
2018,NLWC,caratvi01,CHN,NL,1,1,0,0,0,0,0,0,0,0.0,0,0.0,0.0,0.0,0.0,0.0,0.0
2018,NLWC,chaveje01,CHN,NL,1,0,0,0,0,0,0,0,0,0.0,0,0.0,0.0,0.0,0.0,0.0,0.0
2018,NLWC,cishest01,CHN,NL,1,0,0,0,0,0,0,0,0,0.0,0,0.0,0.0,0.0,0.0,0.0,0.0
2018,NLWC,contrwi01,CHN,NL,1,3,0,0,0,0,0,0,0,0.0,2,0.0,0.0,0.0,0.0,0.0,0.0
2018,NLWC,dahlda01,COL,NL,1,6,0,0,0,0,0,0,0,0.0,0,1.0,0.0,0.0,0.0,0.0,0.0
2018,NLWC,daviswa01,COL,NL,1,0,0,0,0,0,0,0,0,0.0,0,0.0,0.0,0.0,0.0,0.0,0.0
2018,NLWC,delarjo01,CHN,NL,1,0,0,0,0,0,0,0,0,0.0,0,0.0,0.0,0.0,0.0,0.0,0.0
2018,NLWC,desmoia01,COL,NL,1,5,0,1,0,0,0,0,0,0.0,0,2.0,0.0,0.0,0.0,0.0,0.0
2018,NLWC,freelky01,COL,NL,1,2,0,0,0,0,0,0,0,0.0,0,2.0,0.0,0.0,0.0,0.0,0.0
2018,NLWC,gonzaca01,COL,NL,1,2,0,1,0,0,0,0,0,0.0,0,0.0,0.0,0.0,0.0,0.0,0.0
2018,NLWC,gorete01,CHN,NL,1,2,1,0,0,0,0,0,1,0.0,0,2.0,0.0,0.0,0.0,0.0,0.0
2018,NLWC,hamelco01,CHN,NL,1,0,0,0,0,0,0,0,0,0.0,0,0.0,0.0,0.0,0.0,0.0,0.0
2018,NLWC,happia01,CHN,NL,1,0,0,0,0,0,0,0,0,0.0,1,0.0,0.0,0.0,0.0,0.0,0.0
2018,NLWC,hendrky01,CHN,NL,1,0,0,0,0,0,0,0,0,0.0,0,0.0,0.0,0.0,0.0,0.0,0.0
2018,NLWC,heywaja01,CHN,NL,1,3,0,0,0,0,0,0,0,0.0,0,1.0,0.0,0.0,0.0,0.0,0.0
2018,NLWC,hollima01,COL,NL,1,3,0,1,1,0,0,0,0,0.0,0,2.0,0.0,0.0,0.0,0.0,0.0
2018,NLWC,iannech01,COL,NL,1,3,0,0,0,0,0,0,0,0.0,0,2.0,0.0,0.0,0.0,0.0,0.0
2018,NLWC,lasteto01,CHN,NL,1,0,0,0,0,0,0,0,0,0.0,0,0.0,0.0,0.0,0.0,0.0,0.0
2018,NLWC,lemahdj01,COL,NL,1,6,0,1,1,0,0,0,0,0.0,0,1.0,0.0,0.0,0.0,0.0,1.0
2018,NLWC,lestejo01,CHN,NL,1,1,0,0,0,0,0,0,0,0.0,0,1.0,0.0,0.0,0.0,0.0,0.0
2018,NLWC,mcmahry01,COL,NL,1,1,0,0,0,0,0,0,0,0.0,0,0.0,0.0,0.0,0.0,0.0,0.0
2018,NLWC,murphda08,CHN,NL,1,4,0,0,0,0,0,0,0,0.0,1,1.0,1.0,0.0,0.0,0.0,0.0
2018,NLWC,obergsc01,COL,NL,1,0,0,0,0,0,0,0,0,0.0,0,0.0,0.0,0.0,0.0,0.0,0.0
2018,NLWC,ohse01,COL,NL,1,0,0,0,0,0,0,0,0,0.0,0,0.0,0.0,0.0,0.0,0.0,0.0
2018,NLWC,ottavad01,COL,NL,1,0,0,0,0,0,0,0,0,0.0,0,0.0,0.0,0.0,0.0,0.0,0.0
2018,NLWC,parrage01,COL,NL,1,2,0,1,0,0,0,0,0,0.0,1,0.0,0.0,0.0,0.0,0.0,0.0
2018,NLWC,rizzoan01,CHN,NL,1,4,0,1,0,0,0,0,0,0.0,0,0.0,0.0,0.0,0.0,0.0,1.0
2018,NLWC,rosarra01,CHN,NL,1,0,0,0,0,0,0,0,0,0.0,0,0.0,0.0,0.0,0.0,0.0,0.0
2018,NLWC,rusinch01,COL,NL,1,0,0,0,0,0,0,0,0,0.0,0,0.0,0.0,0.0,0.0,0.0,0.0
2018,NLWC,schwaky01,CHN,NL,1,1,0,0,0,0,0,0,0,0.0,0,1.0,0.0,0.0,0.0,0.0,0.0
2018,NLWC,storytr01,COL,NL,1,6,1,3,1,0,0,0,0,0.0,0,1.0,0.0,0.0,0.0,0.0,0.0
2018,NLWC,stroppe01,CHN,NL,1,0,0,0,0,0,0,0,0,0.0,0,0.0,0.0,0.0,0.0,0.0,0.0
2018,NLWC,valaipa01,COL,NL,1,1,0,0,0,0,0,0,0,0.0,0,1.0,0.0,0.0,0.0,0.0,0.0
2018,NLWC,wilsoju10,CHN,NL,1,0,0,0,0,0,0,0,0,0.0,0,0.0,0.0,0.0,0.0,0.0,0.0
2018,NLWC,wolteto01,COL,NL,1,1,0,1,0,0,0,1,0,0.0,0,0.0,0.0,0.0,0.0,0.0,0.0
2018,NLWC,zobribe01,CHN,NL,1,6,0,1,0,0,0,0,0,0.0,0,1.0,0.0,0.0,0.0,0.0,0.0
2018,WS,alexasc01,LAN,NL,3,0,0,0,0,0,0,0,0,0.0,0,0.0,0.0,0.0,0.0,0.0,0.0
2018,WS,baezpe01,LAN,NL,4,0,0,0,0,0,0,0,0,0.0,0,0.0,0.0,0.0,0.0,0.0,0.0
2018,WS,barneau01,LAN,NL,5,11,0,0,0,0,0,0,0,0.0,1,5.0,0.0,0.0,0.0,0.0,0.0
2018,WS,barnema01,BOS,AL,3,0,0,0,0,0,0,0,0,0.0,0,0.0,0.0,0.0,0.0,0.0,0.0
2018,WS,bellico01,LAN,NL,5,16,1,1,0,0,0,0,0,1.0,0,6.0,0.0,0.0,0.0,0.0,0.0
2018,WS,beninan01,BOS,AL,5,18,6,6,1,0,0,1,0,0.0,1,3.0,0.0,0.0,0.0,0.0,0.0
2018,WS,bettsmo01,BOS,AL,5,23,5,5,1,0,1,1,1,0.0,3,6.0,2.0,0.0,0.0,0.0,0.0
2018,WS,bogaexa01,BOS,AL,5,22,2,3,1,0,0,2,0,0.0,3,6.0,1.0,0.0,0.0,0.0,2.0
2018,WS,bradlja02,BOS,AL,5,13,1,3,0,0,1,1,0,1.0,2,3.0,0.0,0.0,0.0,0.0,1.0
2018,WS,brasiry01,BOS,AL,2,0,0,0,0,0,0,0,0,0.0,0,0.0,0.0,0.0,0.0,0.0,0.0
2018,WS,buehlwa01,LAN,NL,1,2,0,0,0,0,0,0,0,0.0,0,2.0,0.0,0.0,0.0,0.0,0.0
2018,WS,deverra01,BOS,AL,5,14,1,3,0,0,0,2,0,0.0,1,7.0,0.0,0.0,0.0,0.0,0.0
2018,WS,doziebr01,LAN,NL,4,5,2,0,0,0,0,0,0,0.0,3,1.0,0.0,0.0,0.0,0.0,0.0
2018,WS,eovalna01,BOS,AL,3,2,0,0,0,0,0,0,0,0.0,0,2.0,0.0,0.0,0.0,0.0,0.0
2018,WS,florody01,LAN,NL,2,0,0,0,0,0,0,0,0,0.0,0,0.0,0.0,0.0,0.0,0.0,0.0
2018,WS,freesda01,LAN,NL,5,12,2,5,0,1,1,1,0,0.0,1,3.0,0.0,1.0,0.0,0.0,0.0
2018,WS,grandya01,LAN,NL,5,5,0,1,0,0,0,0,0,0.0,2,4.0,0.0,0.0,0.0,0.0,0.0
2018,WS,hembrhe01,BOS,AL,1,0,0,0,0,0,0,0,0,0.0,0,0.0,0.0,0.0,0.0,0.0,0.0
2018,WS,hernaen02,LAN,NL,5,15,1,2,0,0,1,2,0,0.0,0,4.0,0.0,0.0,0.0,0.0,1.0
2018,WS,hillri01,LAN,NL,1,2,0,0,0,0,0,0,0,0.0,0,0.0,0.0,0.0,0.0,0.0,0.0
2018,WS,holtbr01,BOS,AL,3,12,3,2,1,0,0,0,1,0.0,3,1.0,0.0,0.0,0.0,0.0,1.0
2018,WS,janseke01,LAN,NL,3,0,0,0,0,0,0,0,0,0.0,0,0.0,0.0,0.0,0.0,0.0,0.0
2018,WS,kellyjo05,BOS,AL,5,0,0,0,0,0,0,0,0,0.0,0,0.0,0.0,0.0,0.0,0.0,0.0
2018,WS,kempma01,LAN,NL,4,9,1,1,0,0,1,2,0,0.0,0,3.0,0.0,0.0,0.0,1.0,0.0
2018,WS,kershcl01,LAN,NL,3,3,0,0,0,0,0,0,0,0.0,0,0.0,0.0,0.0,0.0,0.0,0.0
2018,WS,kimbrcr01,BOS,AL,4,0,0,0,0,0,0,0,0,0.0,0,0.0,0.0,0.0,0.0,0.0,0.0
2018,WS,kinslia01,BOS,AL,3,10,0,1,0,0,0,1,0,0.0,0,3.0,0.0,0.0,0.0,0.0,0.0
2018,WS,leonsa01,BOS,AL,3,6,0,3,1,0,0,0,0,0.0,1,3.0,0.0,0.0,0.0,0.0,0.0
2018,WS,machama01,LAN,NL,5,22,2,4,0,0,0,3,0,0.0,1,5.0,1.0,0.0,0.0,1.0,0.0
2018,WS,madsory01,LAN,NL,4,0,0,0,0,0,0,0,0,0.0,0,0.0,0.0,0.0,0.0,0.0,0.0
2018,WS,maedake01,LAN,NL,3,0,0,0,0,0,0,0,0,0.0,0,0.0,0.0,0.0,0.0,0.0,0.0
2018,WS,martijd02,BOS,AL,5,18,2,5,1,0,1,5,0,1.0,3,7.0,2.0,0.0,0.0,0.0,0.0
2018,WS,morelmi01,BOS,AL,4,8,1,1,0,0,1,3,0,0.0,0,4.0,0.0,0.0,0.0,0.0,0.0
2018,WS,muncyma01,LAN,NL,5,17,3,4,1,0,1,1,0,0.0,2,5.0,0.0,0.0,0.0,0.0,0.0
2018,WS,nunezed02,BOS,AL,3,10,1,3,0,0,1,3,0,0.0,0,3.0,0.0,0.0,0.0,0.0,0.0
2018,WS,pearcst01,BOS,AL,5,12,5,4,1,0,3,8,0,0.0,4,0.0,0.0,0.0,0.0,0.0,0.0
2018,WS,pederjo01,LAN,NL,5,12,1,1,0,0,1,1,0,0.0,0,5.0,0.0,0.0,0.0,0.0,0.0
2018,WS,porceri01,BOS,AL,1,0,0,0,0,0,0,0,0,0.0,0,0.0,0.0,0.0,1.0,0.0,0.0
2018,WS,priceda01,BOS,AL,3,3,0,0,0,0,0,0,0,0.0,0,1.0,0.0,0.0,0.0,0.0,0.0
2018,WS,puigya01,LAN,NL,5,20,1,5,0,0,1,4,0,0.0,1,1.0,0.0,0.0,0.0,0.0,0.0
2018,WS,rodried05,BOS,AL,3,1,0,0,0,0,0,0,0,0.0,0,1.0,0.0,1.0,0.0,0.0,0.0
2018,WS,ryuhy01,LAN,NL,1,0,0,0,0,0,0,0,0,0.0,0,0.0,0.0,0.0,0.0,0.0,0.0
2018,WS,salech01,BOS,AL,2,0,0,0,0,0,0,0,0,0.0,0,0.0,0.0,0.0,0.0,0.0,0.0
2018,WS,swihabl01,BOS,AL,2,2,0,0,0,0,0,0,0,0.0,0,0.0,0.0,0.0,0.0,0.0,0.0
2018,WS,tayloch03,LAN,NL,5,14,0,2,0,0,0,0,0,0.0,4,6.0,0.0,0.0,0.0,0.0,0.0
2018,WS,turneju01,LAN,NL,5,24,2,8,2,0,0,0,0,0.0,2,6.0,0.0,0.0,0.0,0.0,0.0
2018,WS,uriasju01,LAN,NL,3,0,0,0,0,0,0,0,0,0.0,0,0.0,0.0,0.0,0.0,0.0,0.0
2018,WS,vazquch01,BOS,AL,4,15,1,3,0,0,0,0,0,0.0,0,3.0,0.0,0.0,0.0,0.0,0.0
2018,WS,woodal02,LAN,NL,3,0,0,0,0,0,0,0,0,0.0,0,0.0,0.0,0.0,0.0,0.0,0.0
2019,ALCS,abreubr01,HOU,AL,1,0,0,0,0,0,0,0,0,0.0,0,0.0,0.0,0.0,0.0,0.0,0.0
2019,ALCS,altuvjo01,HOU,AL,6,23,6,8,1,0,2,3,1,0.0,4,1.0,0.0,0.0,0.0,0.0,0.0
2019,ALCS,alvaryo01,HOU,AL,6,22,1,1,0,0,0,0,0,0.0,2,12.0,0.0,0.0,0.0,0.0,0.0
2019,ALCS,brantmi02,HOU,AL,6,23,1,7,0,0,0,1,0,0.0,4,4.0,0.0,0.0,0.0,0.0,1.0
2019,ALCS,bregmal01,HOU,AL,6,18,4,3,1,0,0,1,0,0.0,7,2.0,1.0,1.0,0.0,0.0,1.0
2019,ALCS,brittza01,NYA,AL,5,0,0,0,0,0,0,0,0,0.0,0,0.0,0.0,0.0,0.0,0.0,0.0
2019,ALCS,cessalu01,NYA,AL,2,0,0,0,0,0,0,0,0,0.0,0,0.0,0.0,0.0,0.0,0.0,0.0
2019,ALCS,chapmar01,NYA,AL,3,0,0,0,0,0,0,0,0,0.0,0,0.0,0.0,0.0,0.0,0.0,0.0
2019,ALCS,chiriro01,HOU,AL,4,13,1,0,0,0,0,0,0,0.0,1,6.0,0.0,1.0,0.0,0.0,1.0
2019,ALCS,colege01,HOU,AL,1,0,0,0,0,0,0,0,0,0.0,0,0.0,0.0,0.0,0.0,0.0,0.0
2019,ALCS,correca01,HOU,AL,6,22,2,4,1,0,2,5,1,0.0,3,9.0,0.0,0.0,0.0,0.0,0.0
2019,ALCS,diazal02,HOU,AL,5,4,0,0,0,0,0,0,0,0.0,1,0.0,0.0,0.0,0.0,0.0,0.0
2019,ALCS,encared01,NYA,AL,5,18,0,1,1,0,0,0,0,0.0,4,11.0,0.0,0.0,0.0,0.0,0.0
2019,ALCS,gardnbr01,NYA,AL,6,22,1,3,0,0,0,1,0,0.0,2,10.0,0.0,0.0,0.0,0.0,0.0
2019,ALCS,gourryu01,HOU,AL,6,24,1,3,0,0,1,4,0,0.0,1,0.0,0.0,0.0,0.0,1.0,0.0
2019,ALCS,greench03,NYA,AL,4,0,0,0,0,0,0,0,0,0.0,0,0.0,0.0,0.0,0.0,0.0,0.0
2019,ALCS,gregodi01,NYA,AL,6,23,2,5,1,0,0,0,0,0.0,0,3.0,0.0,0.0,0.0,0.0,0.0
2019,ALCS,greinza01,HOU,AL,2,0,0,0,0,0,0,0,0,0.0,0,0.0,0.0,0.0,0.0,0.0,0.0
2019,ALCS,happja01,NYA,AL,2,0,0,0,0,0,0,0,0,0.0,0,0.0,0.0,0.0,0.0,0.0,0.0
2019,ALCS,harriwi02,HOU,AL,4,0,0,0,0,0,0,0,0,0.0,0,0.0,0.0,0.0,0.0,0.0,0.0
2019,ALCS,hicksaa01,NYA,AL,5,13,1,2,0,0,1,3,1,0.0,4,5.0,0.0,0.0,0.0,0.0,0.0
2019,ALCS,jamesjo02,HOU,AL,4,0,0,0,0,0,0,0,0,0.0,0,0.0,0.0,0.0,0.0,0.0,0.0
2019,ALCS,judgeaa01,NYA,AL,6,25,3,6,0,0,1,2,2,0.0,3,10.0,0.0,0.0,0.0,0.0,0.0
2019,ALCS,kahnlto01,NYA,AL,5,0,0,0,0,0,0,0,0,0.0,0,0.0,0.0,0.0,0.0,0.0,0.0
2019,ALCS,lemahdj01,NYA,AL,6,26,6,9,1,0,2,3,0,0.0,3,2.0,0.0,0.0,0.0,0.0,0.0
2019,ALCS,loaisjo01,NYA,AL,3,0,0,0,0,0,0,0,0,0.0,0,0.0,0.0,0.0,0.0,0.0,0.0
2019,ALCS,lyonsty01,NYA,AL,1,0,0,0,0,0,0,0,0,0.0,0,0.0,0.0,0.0,0.0,0.0,0.0
2019,ALCS,maldoma01,HOU,AL,2,8,0,2,1,0,0,0,0,0.0,0,4.0,0.0,0.0,0.0,0.0,0.0
2019,ALCS,marisja01,HOU,AL,5,3,0,1,0,0,0,0,0,0.0,0,2.0,0.0,0.0,0.0,0.0,0.0
2019,ALCS,maybica01,NYA,AL,2,3,0,1,0,0,0,0,0,0.0,1,2.0,0.0,0.0,0.0,0.0,0.0
2019,ALCS,osunaro01,HOU,AL,4,0,0,0,0,0,0,0,0,0.0,0,0.0,0.0,0.0,0.0,0.0,0.0
2019,ALCS,ottavad01,NYA,AL,5,0,0,0,0,0,0,0,0,0.0,0,0.0,0.0,0.0,0.0,0.0,0.0
2019,ALCS,paxtoja01,NYA,AL,2,0,0,0,0,0,0,0,0,0.0,0,0.0,0.0,0.0,0.0,0.0,0.0
2019,ALCS,peacobr01,HOU,AL,2,0,0,0,0,0,0,0,0,0.0,0,0.0,0.0,0.0,0.0,0.0,0.0
2019,ALCS,pressry01,HOU,AL,4,0,0,0,0,0,0,0,0,0.0,0,0.0,0.0,0.0,0.0,0.0,0.0
2019,ALCS,reddijo01,HOU,AL,5,12,2,2,0,0,1,1,0,0.0,0,2.0,0.0,0.0,0.0,0.0,0.0
2019,ALCS,rondohe01,HOU,AL,1,0,0,0,0,0,0,0,0,0.0,0,0.0,0.0,0.0,0.0,0.0,0.0
2019,ALCS,sabatcc01,NYA,AL,2,0,0,0,0,0,0,0,0,0.0,0,0.0,0.0,0.0,0.0,0.0,0.0
2019,ALCS,sanchga02,NYA,AL,6,23,1,3,0,0,1,3,0,0.0,1,12.0,0.0,0.0,0.0,0.0,1.0
2019,ALCS,severlu01,NYA,AL,1,0,0,0,0,0,0,0,0,0.0,0,0.0,0.0,0.0,0.0,0.0,0.0
2019,ALCS,smithjo05,HOU,AL,4,0,0,0,0,0,0,0,0,0.0,0,0.0,0.0,0.0,0.0,0.0,0.0
2019,ALCS,springe01,HOU,AL,6,25,4,4,0,0,2,4,0,0.0,4,10.0,0.0,0.0,0.0,0.0,1.0
2019,ALCS,stantmi03,NYA,AL,2,7,1,2,0,0,1,1,0,0.0,0,3.0,0.0,0.0,0.0,0.0,0.0
2019,ALCS,tanakma01,NYA,AL,2,0,0,0,0,0,0,0,0,0.0,0,0.0,0.0,0.0,0.0,0.0,0.0
2019,ALCS,torregl01,NYA,AL,6,25,3,7,2,0,2,6,0,0.0,2,4.0,0.0,0.0,0.0,0.0,0.0
2019,ALCS,tuckeky01,HOU,AL,2,4,0,1,0,0,0,0,0,0.0,0,2.0,0.0,0.0,0.0,0.0,0.0
2019,ALCS,urquijo01,HOU,AL,1,0,0,0,0,0,0,0,0,0.0,0,0.0,0.0,0.0,0.0,0.0,0.0
2019,ALCS,urshegi01,NYA,AL,6,21,3,5,0,0,2,2,0,0.0,2,2.0,0.0,0.0,0.0,0.0,0.0
2019,ALCS,verlaju01,HOU,AL,2,0,0,0,0,0,0,0,0,0.0,0,0.0,0.0,0.0,0.0,0.0,0.0
2019,ALDS1,adamewi01,TBA,AL,5,13,3,5,1,0,2,2,0,1.0,3,3.0,0.0,0.0,0.0,0.0,0.0
2019,ALDS1,altuvjo01,HOU,AL,5,20,4,7,2,0,3,5,0,0.0,1,3.0,0.0,0.0,0.0,0.0,1.0
2019,ALDS1,alvaryo01,HOU,AL,5,19,2,6,3,0,0,1,0,0.0,1,7.0,0.0,0.0,0.0,0.0,0.0
2019,ALDS1,anderni01,TBA,AL,3,0,0,0,0,0,0,0,0,0.0,0,0.0,0.0,0.0,0.0,0.0,0.0
2019,ALDS1,brantmi02,HOU,AL,5,19,3,4,0,0,1,1,0,0.0,1,5.0,0.0,0.0,0.0,0.0,0.0
2019,ALDS1,bregmal01,HOU,AL,5,17,6,6,2,0,1,3,1,0.0,3,6.0,0.0,0.0,0.0,0.0,0.0
2019,ALDS1,castidi01,TBA,AL,3,0,0,0,0,0,0,0,0,0.0,0,0.0,0.0,0.0,0.0,0.0,0.0
2019,ALDS1,chiriro01,HOU,AL,4,9,1,2,0,0,1,1,0,0.0,2,4.0,0.0,0.0,0.0,0.0,0.0
2019,ALDS1,choiji01,TBA,AL,5,15,2,3,0,0,1,1,0,0.0,7,10.0,0.0,0.0,0.0,0.0,0.0
2019,ALDS1,colege01,HOU,AL,2,0,0,0,0,0,0,0,0,0.0,0,0.0,0.0,0.0,0.0,0.0,0.0
2019,ALDS1,correca01,HOU,AL,5,19,0,3,1,0,0,1,0,0.0,0,9.0,0.0,0.0,0.0,0.0,0.0
2019,ALDS1,darnatr01,TBA,AL,5,15,1,2,0,0,0,2,0,0.0,1,5.0,0.0,2.0,0.0,1.0,0.0
2019,ALDS1,diazal02,HOU,AL,2,3,0,0,0,0,0,0,0,0.0,0,2.0,0.0,0.0,0.0,0.0,0.0
2019,ALDS1,diazya01,TBA,AL,3,9,0,0,0,0,0,0,0,0.0,0,4.0,0.0,0.0,0.0,0.0,0.0
2019,ALDS1,drakeol01,TBA,AL,2,0,0,0,0,0,0,0,0,0.0,0,0.0,0.0,0.0,0.0,0.0,0.0
2019,ALDS1,duffyma01,TBA,AL,2,4,1,2,0,0,0,0,0,0.0,0,0.0,0.0,0.0,0.0,0.0,0.0
2019,ALDS1,garciav01,TBA,AL,4,16,3,5,0,0,0,1,0,0.0,0,3.0,0.0,0.0,0.0,0.0,1.0
2019,ALDS1,glasnty01,TBA,AL,2,0,0,0,0,0,0,0,0,0.0,0,0.0,0.0,0.0,0.0,0.0,0.0
2019,ALDS1,gourryu01,HOU,AL,5,19,1,6,1,0,0,4,1,0.0,1,0.0,0.0,0.0,0.0,0.0,0.0
2019,ALDS1,greinza01,HOU,AL,1,0,0,0,0,0,0,0,0,0.0,0,0.0,0.0,0.0,0.0,0.0,0.0
2019,ALDS1,harriwi02,HOU,AL,3,0,0,0,0,0,0,0,0,0.0,0,0.0,0.0,0.0,0.0,0.0,0.0
2019,ALDS1,jamesjo02,HOU,AL,2,0,0,0,0,0,0,0,0,0.0,0,0.0,0.0,0.0,0.0,0.0,0.0
2019,ALDS1,kiermke01,TBA,AL,5,18,1,3,1,0,1,3,0,0.0,0,6.0,0.0,0.0,0.0,0.0,0.0
2019,ALDS1,lowebr01,TBA,AL,4,16,1,4,1,0,1,1,0,0.0,1,8.0,0.0,0.0,0.0,0.0,0.0
2019,ALDS1,maldoma01,HOU,AL,2,5,0,2,0,0,0,1,0,0.0,0,1.0,0.0,0.0,0.0,0.0,0.0
2019,ALDS1,marisja01,HOU,AL,4,0,0,0,0,0,0,0,0,0.0,0,0.0,0.0,0.0,0.0,0.0,0.0
2019,ALDS1,mckaybr01,TBA,AL,3,0,0,0,0,0,0,0,0,0.0,0,0.0,0.0,0.0,0.0,0.0,0.0
2019,ALDS1,meadoau01,TBA,AL,5,20,2,3,2,0,0,3,0,0.0,2,8.0,0.0,0.0,0.0,0.0,1.0
2019,ALDS1,mileywa01,HOU,AL,1,0,0,0,0,0,0,0,0,0.0,0,0.0,0.0,0.0,0.0,0.0,0.0
2019,ALDS1,mortoch02,TBA,AL,1,0,0,0,0,0,0,0,0,0.0,0,0.0,0.0,0.0,0.0,0.0,0.0
2019,ALDS1,osunaro01,HOU,AL,3,0,0,0,0,0,0,0,0,0.0,0,0.0,0.0,0.0,0.0,0.0,0.0
2019,ALDS1,paganem01,TBA,AL,3,0,0,0,0,0,0,0,0,0.0,0,0.0,0.0,0.0,0.0,0.0,0.0
2019,ALDS1,phamth01,TBA,AL,5,21,1,7,0,0,1,2,0,0.0,1,3.0,0.0,0.0,0.0,0.0,2.0
2019,ALDS1,pocheco01,TBA,AL,5,0,0,0,0,0,0,0,0,0.0,0,0.0,0.0,0.0,0.0,0.0,0.0
2019,ALDS1,pressry01,HOU,AL,2,0,0,0,0,0,0,0,0,0.0,0,0.0,0.0,0.0,0.0,0.0,0.0
2019,ALDS1,reddijo01,HOU,AL,4,10,1,1,0,0,0,0,0,0.0,1,5.0,0.0,0.0,0.0,0.0,1.0
2019,ALDS1,roech01,TBA,AL,3,0,0,0,0,0,0,0,0,0.0,0,0.0,0.0,0.0,0.0,0.0,0.0
2019,ALDS1,rondohe01,HOU,AL,1,0,0,0,0,0,0,0,0,0.0,0,0.0,0.0,0.0,0.0,0.0,0.0
2019,ALDS1,smithjo05,HOU,AL,2,0,0,0,0,0,0,0,0,0.0,0,0.0,0.0,0.0,0.0,0.0,0.0
2019,ALDS1,snellbl01,TBA,AL,3,0,0,0,0,0,0,0,0,0.0,0,0.0,0.0,0.0,0.0,0.0,0.0
2019,ALDS1,sogarer01,TBA,AL,2,4,2,2,0,0,1,2,0,0.0,0,1.0,0.0,0.0,0.0,0.0,0.0
2019,ALDS1,springe01,HOU,AL,5,21,1,3,0,0,0,0,1,0.0,1,5.0,0.0,0.0,0.0,0.0,0.0
2019,ALDS1,tuckeky01,HOU,AL,2,4,0,0,0,0,0,0,0,0.0,1,2.0,0.0,0.0,0.0,0.0,0.0
2019,ALDS1,urquijo01,HOU,AL,1,0,0,0,0,0,0,0,0,0.0,0,0.0,0.0,0.0,0.0,0.0,0.0
2019,ALDS1,verlaju01,HOU,AL,2,0,0,0,0,0,0,0,0,0.0,0,0.0,0.0,0.0,0.0,0.0,0.0
2019,ALDS1,wendljo01,TBA,AL,4,10,1,2,1,0,0,1,0,0.0,0,5.0,0.0,0.0,0.0,0.0,1.0
2019,ALDS1,yarbrry01,TBA,AL,3,0,0,0,0,0,0,0,0,0.0,0,0.0,0.0,0.0,0.0,0.0,0.0
2019,ALDS2,arraelu01,MIN,AL,3,11,1,5,4,0,0,1,0,0.0,0,2.0,0.0,0.0,0.0,0.0,1.0
2019,ALDS2,berrijo01,MIN,AL,1,0,0,0,0,0,0,0,0,0.0,0,0.0,0.0,0.0,0.0,0.0,0.0
2019,ALDS2,brittza01,NYA,AL,2,0,0,0,0,0,0,0,0,0.0,0,0.0,0.0,0.0,0.0,0.0,0.0
2019,ALDS2,caveja01,MIN,AL,2,4,0,1,0,0,0,0,0,0.0,0,2.0,0.0,0.0,0.0,0.0,0.0
2019,ALDS2,chapmar01,NYA,AL,2,0,0,0,0,0,0,0,0,0.0,0,0.0,0.0,0.0,0.0,0.0,0.0
2019,ALDS2,croncj01,MIN,AL,2,5,0,1,0,0,0,0,0,0.0,1,1.0,0.0,0.0,0.0,0.0,0.0
2019,ALDS2,cruzne02,MIN,AL,3,10,2,2,0,0,1,1,0,0.0,4,3.0,0.0,0.0,0.0,0.0,1.0
2019,ALDS2,dobnara01,MIN,AL,1,0,0,0,0,0,0,0,0,0.0,0,0.0,0.0,0.0,0.0,0.0,0.0
2019,ALDS2,duffety01,MIN,AL,2,0,0,0,0,0,0,0,0,0.0,0,0.0,0.0,0.0,0.0,0.0,0.0
2019,ALDS2,encared01,NYA,AL,3,13,2,4,2,0,0,2,0,0.0,1,2.0,0.0,0.0,0.0,0.0,0.0
2019,ALDS2,gardnbr01,NYA,AL,3,12,3,3,0,0,1,3,0,0.0,1,5.0,0.0,1.0,0.0,0.0,0.0
2019,ALDS2,garvemi01,MIN,AL,3,12,1,2,0,0,0,1,0,0.0,1,5.0,0.0,0.0,0.0,0.0,0.0
2019,ALDS2,gibsoky01,MIN,AL,1,0,0,0,0,0,0,0,0,0.0,0,0.0,0.0,0.0,0.0,0.0,0.0
2019,ALDS2,gonzama01,MIN,AL,3,11,0,3,1,0,0,0,0,0.0,0,4.0,0.0,0.0,0.0,0.0,0.0
2019,ALDS2,gratebr01,MIN,AL,1,0,0,0,0,0,0,0,0,0.0,0,0.0,0.0,0.0,0.0,0.0,0.0
2019,ALDS2,greench03,NYA,AL,2,0,0,0,0,0,0,0,0,0.0,0,0.0,0.0,0.0,0.0,0.0,0.0
2019,ALDS2,gregodi01,NYA,AL,3,10,2,4,0,0,1,6,0,0.0,2,3.0,0.0,0.0,0.0,0.0,0.0
2019,ALDS2,happja01,NYA,AL,1,0,0,0,0,0,0,0,0,0.0,0,0.0,0.0,0.0,0.0,0.0,0.0
2019,ALDS2,judgeaa01,NYA,AL,3,9,3,3,0,0,0,0,0,0.0,4,1.0,0.0,0.0,0.0,0.0,0.0
2019,ALDS2,kahnlto01,NYA,AL,3,0,0,0,0,0,0,0,0,0.0,0,0.0,0.0,0.0,0.0,0.0,0.0
2019,ALDS2,keplema01,MIN,AL,3,10,0,0,0,0,0,0,0,0.0,3,3.0,0.0,0.0,0.0,0.0,0.0
2019,ALDS2,lemahdj01,NYA,AL,3,14,4,4,2,0,1,4,0,0.0,1,4.0,0.0,0.0,0.0,0.0,0.0
2019,ALDS2,litteza01,MIN,AL,2,0,0,0,0,0,0,0,0,0.0,0,0.0,0.0,0.0,0.0,0.0,0.0
2019,ALDS2,loaisjo01,NYA,AL,1,0,0,0,0,0,0,0,0,0.0,0,0.0,0.0,0.0,0.0,0.0,0.0
2019,ALDS2,lyonsty01,NYA,AL,1,0,0,0,0,0,0,0,0,0.0,0,0.0,0.0,0.0,0.0,0.0,0.0
2019,ALDS2,maybica01,NYA,AL,3,3,2,1,0,0,1,1,2,0.0,0,2.0,0.0,0.0,0.0,0.0,0.0
2019,ALDS2,maytr01,MIN,AL,2,0,0,0,0,0,0,0,0,0.0,0,0.0,0.0,0.0,0.0,0.0,0.0
2019,ALDS2,odorija01,MIN,AL,1,0,0,0,0,0,0,0,0,0.0,0,0.0,0.0,0.0,0.0,0.0,0.0
2019,ALDS2,ottavad01,NYA,AL,3,0,0,0,0,0,0,0,0,0.0,0,0.0,0.0,0.0,0.0,0.0,0.0
2019,ALDS2,paxtoja01,NYA,AL,1,0,0,0,0,0,0,0,0,0.0,0,0.0,0.0,0.0,0.0,0.0,0.0
2019,ALDS2,polanjo01,MIN,AL,3,11,1,3,0,0,1,2,1,0.0,2,1.0,0.0,1.0,0.0,0.0,0.0
2019,ALDS2,rogerta01,MIN,AL,1,0,0,0,0,0,0,0,0,0.0,0,0.0,0.0,0.0,0.0,0.0,0.0
2019,ALDS2,romose01,MIN,AL,2,0,0,0,0,0,0,0,0,0.0,0,0.0,0.0,0.0,0.0,0.0,0.0
2019,ALDS2,rosared01,MIN,AL,3,13,1,4,1,0,1,1,0,0.0,0,4.0,0.0,0.0,0.0,0.0,1.0
2019,ALDS2,sanchga02,NYA,AL,3,8,1,1,0,0,0,0,0,0.0,3,4.0,0.0,1.0,0.0,0.0,0.0
2019,ALDS2,sanomi01,MIN,AL,3,12,1,1,0,0,1,1,0,0.0,0,8.0,0.0,0.0,0.0,0.0,0.0
2019,ALDS2,schoojo01,MIN,AL,2,2,0,0,0,0,0,0,0,0.0,0,2.0,0.0,0.0,0.0,0.0,0.0
2019,ALDS2,severlu01,NYA,AL,1,0,0,0,0,0,0,0,0,0.0,0,0.0,0.0,0.0,0.0,0.0,0.0
2019,ALDS2,smeltde01,MIN,AL,1,0,0,0,0,0,0,0,0,0.0,0,0.0,0.0,0.0,0.0,0.0,0.0
2019,ALDS2,stantmi03,NYA,AL,3,6,0,1,0,0,0,1,0,0.0,4,2.0,0.0,0.0,0.0,1.0,1.0
2019,ALDS2,stashco01,MIN,AL,2,0,0,0,0,0,0,0,0,0.0,0,0.0,0.0,0.0,0.0,0.0,0.0
2019,ALDS2,tanakma01,NYA,AL,1,0,0,0,0,0,0,0,0,0.0,0,0.0,0.0,0.0,0.0,0.0,0.0
2019,ALDS2,torregl01,NYA,AL,3,12,5,5,3,0,1,4,2,0.0,1,2.0,0.0,0.0,0.0,0.0,2.0
2019,ALDS2,urshegi01,NYA,AL,3,12,1,3,1,0,0,0,0,0.0,0,2.0,0.0,0.0,0.0,0.0,1.0
2019,ALWC,adamewi01,TBA,AL,1,4,0,0,0,0,0,0,0,0.0,0,2.0,0.0,0.0,0.0,0.0,0.0
2019,ALWC,anderni01,TBA,AL,1,0,0,0,0,0,0,0,0,0.0,0,0.0,0.0,0.0,0.0,0.0,0.0
2019,ALWC,brossmi01,TBA,AL,1,2,0,0,0,0,0,0,0,0.0,1,1.0,0.0,0.0,0.0,0.0,0.0
2019,ALWC,brownse01,OAK,AL,1,1,0,0,0,0,0,0,0,0.0,0,0.0,0.0,0.0,0.0,0.0,0.0
2019,ALWC,canhama01,OAK,AL,1,3,0,0,0,0,0,0,0,0.0,1,2.0,0.0,0.0,0.0,0.0,0.0
2019,ALWC,castidi01,TBA,AL,1,0,0,0,0,0,0,0,0,0.0,0,0.0,0.0,0.0,0.0,0.0,0.0
2019,ALWC,chapmma01,OAK,AL,1,3,0,1,0,0,0,0,0,0.0,1,0.0,0.0,0.0,0.0,0.0,0.0
2019,ALWC,choiji01,TBA,AL,1,1,0,0,0,0,0,0,0,0.0,0,0.0,0.0,0.0,0.0,0.0,0.0
2019,ALWC,darnatr01,TBA,AL,1,4,0,0,0,0,0,0,0,0.0,0,1.0,0.0,0.0,0.0,0.0,0.0
2019,ALWC,daviskh01,OAK,AL,1,4,0,0,0,0,0,0,0,0.0,0,3.0,0.0,0.0,0.0,0.0,0.0
2019,ALWC,diazya01,TBA,AL,1,4,2,3,0,0,2,2,0,0.0,0,0.0,0.0,0.0,0.0,0.0,0.0
2019,ALWC,diekmja01,OAK,AL,1,0,0,0,0,0,0,0,0,0.0,0,0.0,0.0,0.0,0.0,0.0,0.0
2019,ALWC,duffyma01,TBA,AL,1,1,1,1,0,0,0,0,0,0.0,0,0.0,0.0,0.0,0.0,0.0,0.0
2019,ALWC,garciav01,TBA,AL,1,4,1,1,0,0,1,2,0,0.0,0,2.0,0.0,0.0,0.0,0.0,0.0
2019,ALWC,grossro01,OAK,AL,1,4,0,2,0,0,0,0,0,0.0,0,1.0,0.0,0.0,0.0,0.0,0.0
2019,ALWC,hendrli01,OAK,AL,1,0,0,0,0,0,0,0,0,0.0,0,0.0,0.0,0.0,0.0,0.0,0.0
2019,ALWC,kiermke01,TBA,AL,1,4,0,0,0,0,0,0,0,0.0,0,1.0,0.0,0.0,0.0,0.0,0.0
2019,ALWC,laurera01,OAK,AL,1,3,0,1,0,0,0,1,0,0.0,0,1.0,0.0,0.0,0.0,1.0,0.0
2019,ALWC,lowebr01,TBA,AL,1,3,0,0,0,0,0,0,0,0.0,0,2.0,0.0,0.0,0.0,0.0,0.0
2019,ALWC,luzarje01,OAK,AL,1,0,0,0,0,0,0,0,0,0.0,0,0.0,0.0,0.0,0.0,0.0,0.0
2019,ALWC,manaese01,OAK,AL,1,0,0,0,0,0,0,0,0,0.0,0,0.0,0.0,0.0,0.0,0.0,0.0
2019,ALWC,meadoau01,TBA,AL,1,3,0,0,0,0,0,0,0,0.0,1,2.0,0.0,0.0,0.0,0.0,0.0
2019,ALWC,mortoch02,TBA,AL,1,0,0,0,0,0,0,0,0,0.0,0,0.0,0.0,0.0,0.0,0.0,0.0
2019,ALWC,murphse01,OAK,AL,1,1,0,0,0,0,0,0,0,0.0,0,0.0,0.0,0.0,0.0,0.0,1.0
2019,ALWC,olsonma02,OAK,AL,1,3,0,1,0,0,0,0,0,0.0,1,1.0,0.0,0.0,0.0,0.0,1.0
2019,ALWC,paganem01,TBA,AL,1,0,0,0,0,0,0,0,0,0.0,0,0.0,0.0,0.0,0.0,0.0,0.0
2019,ALWC,petityu01,OAK,AL,1,0,0,0,0,0,0,0,0,0.0,0,0.0,0.0,0.0,0.0,0.0,0.0
2019,ALWC,phamth01,TBA,AL,1,4,1,2,0,0,1,1,1,0.0,0,1.0,0.0,0.0,0.0,0.0,0.0
2019,ALWC,phegljo01,OAK,AL,1,2,0,0,0,0,0,0,0,0.0,0,1.0,0.0,0.0,0.0,0.0,0.0
2019,ALWC,profaju01,OAK,AL,1,4,0,2,0,0,0,0,0,0.0,0,1.0,0.0,0.0,0.0,0.0,0.0
2019,ALWC,semiema01,OAK,AL,1,5,1,1,0,0,0,0,0,0.0,0,2.0,0.0,0.0,0.0,0.0,0.0
2019,ALWC,wendljo01,TBA,AL,1,0,0,0,0,0,0,0,0,0.0,0,0.0,0.0,0.0,0.0,0.0,0.0
2019,NLCS,adamsma01,WAS,NL,1,1,1,1,0,0,0,0,0,0.0,0,0.0,0.0,0.0,0.0,0.0,0.0
2019,NLCS,arozara01,SLN,NL,2,1,0,0,0,0,0,0,1,0.0,0,1.0,0.0,1.0,0.0,0.0,0.0
2019,NLCS,baderha01,SLN,NL,2,2,1,0,0,0,0,0,0,0.0,1,1.0,0.0,0.0,0.0,0.0,0.0
2019,NLCS,brebbjo01,SLN,NL,2,0,0,0,0,0,0,0,0,0.0,0,0.0,0.0,0.0,0.0,0.0,0.0
2019,NLCS,cabrege01,SLN,NL,1,0,0,0,0,0,0,0,0,0.0,0,0.0,0.0,0.0,0.0,0.0,0.0
2019,NLCS,carpema01,SLN,NL,4,8,0,0,0,0,0,0,0,0.0,0,4.0,0.0,0.0,0.0,0.0,0.0
2019,NLCS,corbipa01,WAS,NL,2,1,0,0,0,0,0,0,0,0.0,0,1.0,0.0,0.0,1.0,0.0,0.0
2019,NLCS,dejonpa01,SLN,NL,4,12,1,3,0,0,0,0,0,0.0,1,6.0,0.0,0.0,0.0,0.0,0.0
2019,NLCS,doolise01,WAS,NL,3,0,0,0,0,0,0,0,0,0.0,0,0.0,0.0,0.0,0.0,0.0,0.0
2019,NLCS,doziebr01,WAS,NL,3,1,0,0,0,0,0,0,0,0.0,0,0.0,0.0,0.0,0.0,0.0,0.0
2019,NLCS,eatonad02,WAS,NL,4,17,3,4,2,1,0,3,0,0.0,1,4.0,0.0,0.0,0.0,0.0,0.0
2019,NLCS,edmanto01,SLN,NL,4,14,0,0,0,0,0,1,0,0.0,1,5.0,0.0,0.0,0.0,0.0,0.0
2019,NLCS,flaheja01,SLN,NL,1,1,0,0,0,0,0,0,0,0.0,0,1.0,0.0,0.0,0.0,0.0,0.0
2019,NLCS,fowlede01,SLN,NL,4,11,1,0,0,0,0,0,0,0.0,2,6.0,0.0,0.0,0.0,0.0,0.0
2019,NLCS,gallegi01,SLN,NL,2,0,0,0,0,0,0,0,0,0.0,0,0.0,0.0,0.0,0.0,0.0,0.0
2019,NLCS,goldspa01,SLN,NL,4,16,0,1,0,0,0,0,0,0.0,0,9.0,0.0,0.0,0.0,0.0,0.0
2019,NLCS,gomesya01,WAS,NL,3,7,1,3,1,0,0,3,0,0.0,1,3.0,1.0,0.0,0.0,0.0,0.0
2019,NLCS,helslry01,SLN,NL,3,0,0,0,0,0,0,0,0,0.0,0,0.0,0.0,0.0,0.0,0.0,0.0
2019,NLCS,hudsoda01,WAS,NL,2,0,0,0,0,0,0,0,0,0.0,0,0.0,0.0,0.0,0.0,0.0,0.0
2019,NLCS,hudsoda02,SLN,NL,1,0,0,0,0,0,0,0,0,0.0,0,0.0,0.0,0.0,0.0,0.0,0.0
2019,NLCS,kendrho01,WAS,NL,4,15,4,5,4,0,0,4,0,0.0,2,4.0,2.0,0.0,0.0,0.0,1.0
2019,NLCS,martica04,SLN,NL,1,0,0,0,0,0,0,0,0,0.0,0,0.0,0.0,0.0,0.0,0.0,0.0
2019,NLCS,martijo08,SLN,NL,4,10,1,5,2,0,0,3,0,0.0,0,2.0,0.0,0.0,0.0,0.0,0.0
2019,NLCS,mikolmi01,SLN,NL,1,1,0,0,0,0,0,0,0,0.0,0,1.0,0.0,0.0,0.0,0.0,0.0
2019,NLCS,millean01,SLN,NL,3,0,0,0,0,0,0,0,0,0.0,0,0.0,0.0,0.0,0.0,0.0,0.0
2019,NLCS,molinya01,SLN,NL,4,12,1,2,0,0,1,1,0,0.0,0,1.0,0.0,2.0,0.0,0.0,1.0
2019,NLCS,munozya01,SLN,NL,1,1,0,0,0,0,0,0,0,0.0,0,1.0,0.0,0.0,0.0,0.0,0.0
2019,NLCS,ozunama01,SLN,NL,4,16,0,3,1,0,0,0,0,0.0,0,8.0,0.0,0.0,0.0,0.0,0.0
2019,NLCS,parrage01,WAS,NL,1,1,0,1,0,0,0,0,0,0.0,0,0.0,0.0,0.0,0.0,0.0,0.0
2019,NLCS,ponceda01,SLN,NL,1,0,0,0,0,0,0,0,0,0.0,0,0.0,0.0,0.0,0.0,0.0,0.0
2019,NLCS,raineta01,WAS,NL,2,0,0,0,0,0,0,0,0,0.0,0,0.0,0.0,0.0,0.0,0.0,0.0
2019,NLCS,rendoan01,WAS,NL,4,12,2,5,1,0,0,2,0,0.0,4,3.0,2.0,0.0,0.0,1.0,0.0
2019,NLCS,roblevi01,WAS,NL,2,8,3,3,0,0,1,2,0,0.0,0,2.0,0.0,0.0,0.0,0.0,0.0
2019,NLCS,rodnefe01,WAS,NL,1,0,0,0,0,0,0,0,0,0.0,0,0.0,0.0,0.0,0.0,0.0,0.0
2019,NLCS,sanchan01,WAS,NL,1,4,0,0,0,0,0,0,0,0.0,0,2.0,0.0,0.0,0.0,0.0,0.0
2019,NLCS,scherma01,WAS,NL,1,2,0,0,0,0,0,0,0,0.0,0,1.0,0.0,0.0,0.0,0.0,0.0
2019,NLCS,sotoju01,WAS,NL,4,16,2,3,1,0,0,1,0,0.0,1,7.0,0.0,0.0,0.0,0.0,0.0
2019,NLCS,strasst01,WAS,NL,1,1,0,0,0,0,0,0,0,0.0,0,1.0,0.0,0.0,2.0,0.0,0.0
2019,NLCS,suzukku01,WAS,NL,2,8,0,1,0,0,0,0,0,0.0,0,5.0,0.0,0.0,0.0,0.0,0.0
2019,NLCS,taylomi02,WAS,NL,2,8,1,2,0,0,1,1,0,0.0,0,4.0,0.0,0.0,0.0,0.0,0.0
2019,NLCS,turnetr01,WAS,NL,4,17,2,5,0,0,0,2,0,0.0,1,4.0,0.0,0.0,0.0,0.0,0.0
2019,NLCS,wainwad01,SLN,NL,2,2,0,0,0,0,0,0,0,0.0,0,1.0,0.0,0.0,0.0,0.0,0.0
2019,NLCS,webbty01,SLN,NL,2,0,0,0,0,0,0,0,0,0.0,0,0.0,0.0,0.0,0.0,0.0,0.0
2019,NLCS,wietema01,SLN,NL,2,2,0,0,0,0,0,0,0,0.0,0,1.0,0.0,0.0,0.0,0.0,0.0
2019,NLCS,wongko01,SLN,NL,4,14,1,2,0,0,0,0,2,0.0,2,0.0,0.0,0.0,0.0,0.0,0.0
2019,NLCS,zimmery01,WAS,NL,4,16,1,4,2,0,0,2,0,0.0,1,3.0,0.0,0.0,0.0,0.0,0.0
2019,NLDS1,adamsma01,WAS,NL,2,2,0,0,0,0,0,0,0,0.0,0,1.0,0.0,0.0,0.0,0.0,0.0
2019,NLDS1,baezpe01,LAN,NL,2,0,0,0,0,0,0,0,0,0.0,0,0.0,0.0,0.0,0.0,0.0,0.0
2019,NLDS1,beatyma01,LAN,NL,4,8,1,3,0,0,0,0,0,0.0,0,1.0,0.0,0.0,0.0,0.0,0.0
2019,NLDS1,bellico01,LAN,NL,5,19,2,4,1,0,0,0,3,0.0,2,7.0,0.0,0.0,0.0,0.0,0.0
2019,NLDS1,buehlwa01,LAN,NL,2,4,0,0,0,0,0,0,0,0.0,0,2.0,0.0,0.0,0.0,0.0,0.0
2019,NLDS1,cabreas01,WAS,NL,4,6,0,1,0,0,0,2,0,0.0,0,1.0,0.0,0.0,0.0,1.0,0.0
2019,NLDS1,corbipa01,WAS,NL,3,2,0,0,0,0,0,0,0,0.0,0,2.0,0.0,0.0,0.0,0.0,0.0
2019,NLDS1,doolise01,WAS,NL,3,0,0,0,0,0,0,0,0,0.0,0,0.0,0.0,0.0,0.0,0.0,0.0
2019,NLDS1,doziebr01,WAS,NL,3,4,0,0,0,0,0,0,0,0.0,0,2.0,0.0,0.0,0.0,0.0,0.0
2019,NLDS1,eatonad02,WAS,NL,5,16,3,3,0,0,0,1,0,0.0,5,2.0,0.0,0.0,1.0,0.0,0.0
2019,NLDS1,freesda01,LAN,NL,4,8,2,4,1,0,0,0,0,0.0,0,3.0,0.0,0.0,0.0,0.0,0.0
2019,NLDS1,gomesya01,WAS,NL,3,6,0,1,0,0,0,0,0,0.0,1,4.0,0.0,0.0,0.0,0.0,0.0
2019,NLDS1,hernaen02,LAN,NL,3,7,2,3,1,0,1,3,0,0.0,1,2.0,0.0,0.0,0.0,0.0,0.0
2019,NLDS1,hillri01,LAN,NL,1,1,0,0,0,0,0,0,0,0.0,0,1.0,0.0,0.0,0.0,0.0,0.0
2019,NLDS1,hudsoda01,WAS,NL,3,0,0,0,0,0,0,0,0,0.0,0,0.0,0.0,0.0,0.0,0.0,0.0
2019,NLDS1,janseke01,LAN,NL,2,0,0,0,0,0,0,0,0,0.0,0,0.0,0.0,0.0,0.0,0.0,0.0
2019,NLDS1,kellyjo05,LAN,NL,3,0,0,0,0,0,0,0,0,0.0,0,0.0,0.0,0.0,0.0,0.0,0.0
2019,NLDS1,kendrho01,WAS,NL,5,20,2,5,0,0,1,5,0,0.0,1,3.0,0.0,0.0,0.0,0.0,1.0
2019,NLDS1,kershcl01,LAN,NL,2,1,0,0,0,0,0,0,0,0.0,0,0.0,0.0,0.0,0.0,0.0,0.0
2019,NLDS1,kolarad01,LAN,NL,3,0,0,0,0,0,0,0,0,0.0,0,0.0,0.0,0.0,0.0,0.0,0.0
2019,NLDS1,luxga01,LAN,NL,4,9,1,2,0,0,1,1,0,0.0,1,6.0,0.0,0.0,0.0,0.0,0.0
2019,NLDS1,maedake01,LAN,NL,4,0,0,0,0,0,0,0,0,0.0,0,0.0,0.0,0.0,0.0,0.0,0.0
2019,NLDS1,martiru01,LAN,NL,1,4,2,2,1,0,1,4,0,0.0,1,2.0,0.0,0.0,0.0,0.0,0.0
2019,NLDS1,maydu01,LAN,NL,2,0,0,0,0,0,0,0,0,0.0,0,0.0,0.0,0.0,0.0,0.0,0.0
2019,NLDS1,muncyma01,LAN,NL,5,19,4,5,0,0,3,7,1,0.0,4,2.0,2.0,0.0,0.0,0.0,0.0
2019,NLDS1,parrage01,WAS,NL,2,2,0,0,0,0,0,0,0,0.0,0,0.0,0.0,0.0,0.0,0.0,0.0
2019,NLDS1,pederjo01,LAN,NL,5,15,3,4,2,0,1,1,0,0.0,2,5.0,0.0,0.0,0.0,0.0,0.0
2019,NLDS1,polloaj01,LAN,NL,5,13,1,0,0,0,0,0,0,0.0,1,11.0,0.0,0.0,0.0,0.0,0.0
2019,NLDS1,raineta01,WAS,NL,3,0,0,0,0,0,0,0,0,0.0,0,0.0,0.0,0.0,0.0,0.0,0.0
2019,NLDS1,rendoan01,WAS,NL,5,17,5,7,3,0,1,5,0,0.0,3,3.0,0.0,0.0,0.0,2.0,0.0
2019,NLDS1,roblevi01,WAS,NL,2,5,1,1,1,0,0,0,0,0.0,0,1.0,0.0,1.0,1.0,0.0,0.0
2019,NLDS1,rodnefe01,WAS,NL,2,0,0,0,0,0,0,0,0,0.0,0,0.0,0.0,0.0,0.0,0.0,0.0
2019,NLDS1,ryuhy01,LAN,NL,1,2,0,0,0,0,0,0,0,0.0,0,2.0,0.0,0.0,0.0,0.0,0.0
2019,NLDS1,sanchan01,WAS,NL,1,1,0,0,0,0,0,0,0,0.0,0,1.0,0.0,0.0,0.0,0.0,0.0
2019,NLDS1,scherma01,WAS,NL,2,3,0,0,0,0,0,0,0,0.0,0,1.0,0.0,0.0,0.0,0.0,0.0
2019,NLDS1,seageco01,LAN,NL,5,20,0,3,1,0,0,0,0,0.0,1,8.0,0.0,0.0,0.0,0.0,1.0
2019,NLDS1,smithwi05,LAN,NL,4,13,0,1,0,0,0,0,0,0.0,3,5.0,1.0,0.0,0.0,0.0,0.0
2019,NLDS1,sotoju01,WAS,NL,5,18,4,5,0,0,2,4,0,0.0,3,4.0,1.0,1.0,0.0,0.0,0.0
2019,NLDS1,strasst01,WAS,NL,2,3,0,0,0,0,0,0,0,0.0,1,2.0,0.0,0.0,1.0,0.0,0.0
2019,NLDS1,strichu01,WAS,NL,2,0,0,0,0,0,0,0,0,0.0,0,0.0,0.0,0.0,0.0,0.0,0.0
2019,NLDS1,stripro01,LAN,NL,1,0,0,0,0,0,0,0,0,0.0,0,0.0,0.0,0.0,0.0,0.0,0.0
2019,NLDS1,suerowa01,WAS,NL,1,0,0,0,0,0,0,0,0,0.0,0,0.0,0.0,0.0,0.0,0.0,0.0
2019,NLDS1,suzukku01,WAS,NL,4,9,0,0,0,0,0,0,0,0.0,3,3.0,0.0,1.0,0.0,0.0,3.0
2019,NLDS1,tayloch03,LAN,NL,5,8,1,1,0,0,0,0,0,0.0,3,4.0,0.0,0.0,0.0,0.0,0.0
2019,NLDS1,taylomi02,WAS,NL,4,12,1,4,0,0,0,0,0,0.0,1,3.0,0.0,0.0,0.0,0.0,0.0
2019,NLDS1,turneju01,LAN,NL,5,21,3,6,2,0,2,5,1,0.0,1,2.0,0.0,1.0,0.0,1.0,0.0
2019,NLDS1,turnetr01,WAS,NL,5,21,3,6,3,0,0,0,0,0.0,2,3.0,1.0,0.0,0.0,0.0,0.0
2019,NLDS1,uriasju01,LAN,NL,3,1,0,0,0,0,0,0,0,0.0,0,1.0,0.0,0.0,0.0,0.0,0.0
2019,NLDS1,zimmery01,WAS,NL,4,14,2,4,1,0,1,3,0,0.0,0,6.0,0.0,0.0,0.0,0.0,0.0
2019,NLDS2,acunaro01,ATL,NL,5,18,1,8,3,1,1,2,0,1.0,4,5.0,0.0,1.0,0.0,0.0,0.0
2019,NLDS2,albieoz01,ATL,NL,5,20,3,5,0,0,1,3,0,0.0,2,3.0,0.0,0.0,0.0,1.0,0.0
2019,NLDS2,arozara01,SLN,NL,3,3,0,0,0,0,0,0,0,0.0,0,2.0,0.0,0.0,0.0,0.0,0.0
2019,NLDS2,baderha01,SLN,NL,4,10,1,2,0,0,0,1,1,1.0,0,5.0,0.0,0.0,0.0,0.0,0.0
2019,NLDS2,brebbjo01,SLN,NL,3,0,0,0,0,0,0,0,0,0.0,0,0.0,0.0,0.0,0.0,0.0,0.0
2019,NLDS2,cabrege01,SLN,NL,1,0,0,0,0,0,0,0,0,0.0,0,0.0,0.0,0.0,0.0,0.0,0.0
2019,NLDS2,carpema01,SLN,NL,4,5,1,1,0,0,0,3,0,0.0,3,2.0,0.0,0.0,0.0,1.0,0.0
2019,NLDS2,cervefr01,ATL,NL,2,2,0,0,0,0,0,0,0,0.0,1,1.0,0.0,0.0,0.0,0.0,0.0
2019,NLDS2,dejonpa01,SLN,NL,5,18,2,4,1,0,0,2,0,0.0,2,8.0,2.0,0.0,0.0,0.0,0.0
2019,NLDS2,donaljo02,ATL,NL,5,19,2,3,1,0,1,3,0,0.0,2,4.0,1.0,1.0,0.0,0.0,0.0
2019,NLDS2,duvalad01,ATL,NL,5,11,2,3,0,0,1,5,0,0.0,1,5.0,1.0,0.0,0.0,0.0,0.0
2019,NLDS2,edmanto01,SLN,NL,5,19,3,6,3,1,0,2,0,0.0,2,2.0,0.0,0.0,0.0,0.0,1.0
2019,NLDS2,flaheja01,SLN,NL,2,5,1,0,0,0,0,1,0,0.0,1,3.0,0.0,0.0,0.0,0.0,0.0
2019,NLDS2,flowety01,ATL,NL,2,1,0,1,0,0,0,0,0,0.0,0,0.0,0.0,0.0,0.0,0.0,0.0
2019,NLDS2,foltymi01,ATL,NL,2,2,0,0,0,0,0,0,0,0.0,0,1.0,0.0,0.0,0.0,0.0,0.0
2019,NLDS2,fowlede01,SLN,NL,5,22,3,2,1,0,0,3,0,0.0,2,4.0,0.0,0.0,0.0,0.0,0.0
2019,NLDS2,freemfr01,ATL,NL,5,20,1,4,1,0,1,1,0,0.0,1,6.0,0.0,1.0,0.0,0.0,1.0
2019,NLDS2,friedma01,ATL,NL,5,0,0,0,0,0,0,0,0,0.0,0,0.0,0.0,0.0,0.0,0.0,0.0
2019,NLDS2,gallegi01,SLN,NL,3,0,0,0,0,0,0,0,0,0.0,0,0.0,0.0,0.0,0.0,0.0,0.0
2019,NLDS2,goldspa01,SLN,NL,5,21,5,9,4,0,2,2,0,0.0,2,2.0,1.0,0.0,0.0,0.0,0.0
2019,NLDS2,greensh02,ATL,NL,2,0,0,0,0,0,0,0,0,0.0,0,0.0,0.0,0.0,0.0,0.0,0.0
2019,NLDS2,hamilbi02,ATL,NL,2,0,2,0,0,0,0,0,1,0.0,1,0.0,0.0,0.0,0.0,0.0,0.0
2019,NLDS2,hechaad01,ATL,NL,3,3,0,0,0,0,0,0,0,0.0,0,2.0,0.0,0.0,0.0,0.0,0.0
2019,NLDS2,helslry01,SLN,NL,2,0,0,0,0,0,0,0,0,0.0,0,0.0,0.0,0.0,0.0,0.0,0.0
2019,NLDS2,hudsoda02,SLN,NL,1,2,0,0,0,0,0,0,0,0.0,0,2.0,0.0,0.0,0.0,0.0,0.0
2019,NLDS2,jackslu01,ATL,NL,3,0,0,0,0,0,0,0,0,0.0,0,0.0,0.0,0.0,0.0,0.0,0.0
2019,NLDS2,joycema01,ATL,NL,5,10,0,1,0,0,0,0,0,0.0,1,2.0,0.0,0.0,0.0,0.0,0.0
2019,NLDS2,keuchda01,ATL,NL,2,2,0,0,0,0,0,0,0,0.0,0,1.0,0.0,0.0,0.0,0.0,0.0
2019,NLDS2,markani01,ATL,NL,5,21,1,3,1,0,0,0,0,1.0,1,4.0,0.0,0.0,0.0,0.0,1.0
2019,NLDS2,martica04,SLN,NL,3,1,0,0,0,0,0,0,0,0.0,0,1.0,0.0,0.0,0.0,0.0,0.0
2019,NLDS2,martich02,ATL,NL,1,0,0,0,0,0,0,0,0,0.0,0,0.0,0.0,0.0,0.0,0.0,0.0
2019,NLDS2,martijo08,SLN,NL,3,3,0,2,0,0,0,0,0,0.0,0,1.0,0.0,0.0,0.0,0.0,0.0
2019,NLDS2,mccanbr01,ATL,NL,5,16,1,3,1,0,0,0,0,0.0,1,2.0,1.0,0.0,0.0,0.0,0.0
2019,NLDS2,melanma01,ATL,NL,3,0,0,0,0,0,0,0,0,0.0,0,0.0,0.0,0.0,0.0,0.0,0.0
2019,NLDS2,mikolmi01,SLN,NL,2,1,0,1,1,0,0,0,0,0.0,0,0.0,0.0,0.0,1.0,0.0,0.0
2019,NLDS2,millean01,SLN,NL,3,0,0,0,0,0,0,0,0,0.0,0,0.0,0.0,0.0,0.0,0.0,0.0
2019,NLDS2,molinya01,SLN,NL,5,21,1,3,0,0,0,2,0,0.0,1,2.0,1.0,0.0,0.0,1.0,1.0
2019,NLDS2,newcose01,ATL,NL,4,0,0,0,0,0,0,0,0,0.0,0,0.0,0.0,0.0,0.0,0.0,0.0
2019,NLDS2,odayda01,ATL,NL,4,0,0,0,0,0,0,0,0,0.0,0,0.0,0.0,0.0,0.0,0.0,0.0
2019,NLDS2,ortegra01,ATL,NL,4,3,1,0,0,0,0,0,0,0.0,0,1.0,0.0,0.0,0.0,0.0,0.0
2019,NLDS2,ozunama01,SLN,NL,5,21,6,9,3,0,2,5,0,0.0,1,5.0,0.0,1.0,0.0,0.0,1.0
2019,NLDS2,sorokmi01,ATL,NL,1,2,0,0,0,0,0,0,0,0.0,0,2.0,0.0,0.0,0.0,0.0,0.0
2019,NLDS2,swansda01,ATL,NL,5,18,3,7,3,0,0,2,0,0.0,1,6.0,0.0,0.0,0.0,0.0,0.0
2019,NLDS2,teherju01,ATL,NL,2,0,0,0,0,0,0,0,0,0.0,0,0.0,0.0,0.0,0.0,0.0,0.0
2019,NLDS2,tomlijo01,ATL,NL,2,1,0,0,0,0,0,0,0,0.0,0,1.0,0.0,0.0,0.0,0.0,0.0
2019,NLDS2,wainwad01,SLN,NL,1,2,0,0,0,0,0,0,0,0.0,0,2.0,0.0,0.0,0.0,0.0,0.0
2019,NLDS2,webbty01,SLN,NL,3,0,0,0,0,0,0,0,0,0.0,0,0.0,0.0,0.0,0.0,0.0,0.0
2019,NLDS2,wietema01,SLN,NL,1,1,0,0,0,0,0,0,0,0.0,0,0.0,0.0,0.0,0.0,0.0,0.0
2019,NLDS2,wongko01,SLN,NL,5,20,3,5,3,0,0,4,0,0.0,2,6.0,1.0,0.0,1.0,0.0,1.0
2019,NLWC,arciaor01,MIL,NL,1,4,0,1,0,0,0,0,0,0.0,0,1.0,0.0,0.0,0.0,0.0,0.0
2019,NLWC,braunry02,MIL,NL,1,4,0,1,0,0,0,0,0,0.0,0,0.0,0.0,0.0,0.0,0.0,0.0
2019,NLWC,cabreas01,WAS,NL,1,3,0,0,0,0,0,0,0,0.0,0,0.0,0.0,0.0,0.0,0.0,0.0
2019,NLWC,cainlo01,MIL,NL,1,4,0,1,0,0,0,0,0,0.0,0,1.0,0.0,0.0,0.0,0.0,0.0
2019,NLWC,doziebr01,WAS,NL,1,1,0,0,0,0,0,0,0,0.0,0,0.0,0.0,0.0,0.0,0.0,0.0
2019,NLWC,eatonad02,WAS,NL,1,3,0,0,0,0,0,0,0,0.0,0,1.0,0.0,0.0,0.0,0.0,0.0
2019,NLWC,gamelbe01,MIL,NL,1,1,0,0,0,0,0,0,0,0.0,0,0.0,0.0,0.0,0.0,0.0,0.0
2019,NLWC,grandya01,MIL,NL,1,3,1,1,0,0,1,2,0,0.0,1,1.0,0.0,0.0,0.0,0.0,0.0
2019,NLWC,grishtr01,MIL,NL,1,3,1,0,0,0,0,0,0,0.0,1,2.0,0.0,0.0,0.0,0.0,0.0
2019,NLWC,haderjo01,MIL,NL,1,0,0,0,0,0,0,0,0,0.0,0,0.0,0.0,0.0,0.0,0.0,0.0
2019,NLWC,hiurake01,MIL,NL,1,4,0,1,1,0,0,0,0,0.0,0,3.0,0.0,0.0,0.0,0.0,0.0
2019,NLWC,hudsoda01,WAS,NL,1,0,0,0,0,0,0,0,0,0.0,0,0.0,0.0,0.0,0.0,0.0,0.0
2019,NLWC,kendrho01,WAS,NL,1,3,0,1,0,0,0,0,0,0.0,0,0.0,0.0,0.0,0.0,0.0,0.0
2019,NLWC,moustmi01,MIL,NL,1,4,0,0,0,0,0,0,0,0.0,0,1.0,0.0,0.0,0.0,0.0,0.0
2019,NLWC,pomerdr01,MIL,NL,1,1,0,0,0,0,0,0,0,0.0,0,1.0,0.0,0.0,0.0,0.0,0.0
2019,NLWC,rendoan01,WAS,NL,1,3,1,0,0,0,0,0,0,0.0,1,1.0,0.0,0.0,0.0,0.0,0.0
2019,NLWC,roblevi01,WAS,NL,1,3,0,1,0,0,0,0,0,0.0,0,2.0,0.0,0.0,0.0,0.0,0.0
2019,NLWC,scherma01,WAS,NL,1,1,0,0,0,0,0,0,0,0.0,0,0.0,0.0,0.0,0.0,0.0,0.0
2019,NLWC,shawtr01,MIL,NL,1,0,0,0,0,0,0,0,0,0.0,1,0.0,0.0,0.0,0.0,0.0,0.0
2019,NLWC,sotoju01,WAS,NL,1,4,0,1,0,0,0,2,0,0.0,0,2.0,0.0,0.0,0.0,0.0,0.0
2019,NLWC,spangco01,MIL,NL,1,0,0,0,0,0,0,0,0,0.0,0,0.0,0.0,0.0,0.0,0.0,0.0
2019,NLWC,stevean01,WAS,NL,1,0,1,0,0,0,0,0,0,0.0,0,0.0,0.0,0.0,0.0,0.0,0.0
2019,NLWC,strasst01,WAS,NL,1,0,0,0,0,0,0,0,0,0.0,0,0.0,0.0,0.0,0.0,0.0,0.0
2019,NLWC,suterbr01,MIL,NL,1,0,0,0,0,0,0,0,0,0.0,0,0.0,0.0,0.0,0.0,0.0,0.0
2019,NLWC,suzukku01,WAS,NL,1,3,0,0,0,0,0,0,0,0.0,0,0.0,0.0,0.0,0.0,0.0,0.0
2019,NLWC,taylomi02,WAS,NL,1,0,1,0,0,0,0,0,0,0.0,0,0.0,0.0,1.0,0.0,0.0,0.0
2019,NLWC,thameer01,MIL,NL,1,4,1,2,1,0,1,1,0,0.0,0,1.0,0.0,0.0,0.0,0.0,1.0
2019,NLWC,turnetr01,WAS,NL,1,4,1,1,0,0,1,1,0,0.0,0,1.0,0.0,0.0,0.0,0.0,0.0
2019,NLWC,woodrbr01,MIL,NL,1,0,0,0,0,0,0,0,0,0.0,0,0.0,0.0,0.0,1.0,0.0,0.0
2019,NLWC,zimmery01,WAS,NL,1,1,0,1,0,0,0,0,0,0.0,0,0.0,0.0,0.0,0.0,0.0,0.0
2019,WS,adamsma01,WAS,NL,1,0,0,0,0,0,0,0,0,0.0,1,0.0,0.0,0.0,0.0,0.0,0.0
2019,WS,altuvjo01,HOU,AL,7,33,4,10,3,0,0,1,1,1.0,0,3.0,0.0,0.0,0.0,1.0,3.0
2019,WS,alvaryo01,HOU,AL,7,17,2,7,0,0,1,2,0,0.0,4,2.0,1.0,0.0,0.0,0.0,0.0
2019,WS,brantmi02,HOU,AL,7,28,3,9,0,0,0,2,1,0.0,4,3.0,2.0,0.0,0.0,0.0,0.0
2019,WS,bregmal01,HOU,AL,7,29,3,6,0,0,3,8,0,0.0,2,5.0,0.0,0.0,0.0,0.0,0.0
2019,WS,cabreas01,WAS,NL,7,21,1,6,1,0,0,3,0,0.0,1,9.0,0.0,0.0,1.0,0.0,0.0
2019,WS,chiriro01,HOU,AL,6,19,2,4,1,0,2,3,0,0.0,0,7.0,0.0,0.0,0.0,0.0,1.0
2019,WS,colege01,HOU,AL,2,3,0,0,0,0,0,0,0,0.0,0,1.0,0.0,0.0,0.0,0.0,0.0
2019,WS,corbipa01,WAS,NL,3,1,0,0,0,0,0,0,0,0.0,0,0.0,0.0,0.0,0.0,0.0,0.0
2019,WS,correca01,HOU,AL,7,27,3,6,2,0,1,3,0,0.0,3,9.0,0.0,0.0,0.0,0.0,1.0
2019,WS,devench02,HOU,AL,3,0,0,0,0,0,0,0,0,0.0,0,0.0,0.0,0.0,0.0,0.0,0.0
2019,WS,diazal02,HOU,AL,1,2,0,0,0,0,0,0,0,0.0,0,0.0,0.0,0.0,0.0,0.0,0.0
2019,WS,doolise01,WAS,NL,3,0,0,0,0,0,0,0,0,0.0,0,0.0,0.0,0.0,0.0,0.0,0.0
2019,WS,doziebr01,WAS,NL,1,0,0,0,0,0,0,0,0,0.0,1,0.0,0.0,0.0,0.0,0.0,0.0
2019,WS,eatonad02,WAS,NL,7,25,5,8,0,0,2,6,1,0.0,4,2.0,0.0,1.0,2.0,0.0,1.0
2019,WS,gomesya01,WAS,NL,5,16,2,3,1,0,0,0,0,0.0,0,2.0,0.0,0.0,0.0,0.0,0.0
2019,WS,gourryu01,HOU,AL,7,29,3,9,2,0,1,5,0,0.0,2,5.0,0.0,0.0,0.0,0.0,0.0
2019,WS,greinza01,HOU,AL,2,1,0,0,0,0,0,0,0,0.0,0,1.0,0.0,0.0,1.0,0.0,0.0
2019,WS,guerrja01,WAS,NL,2,0,0,0,0,0,0,0,0,0.0,0,0.0,0.0,0.0,0.0,0.0,0.0
2019,WS,harriwi02,HOU,AL,5,0,0,0,0,0,0,0,0,0.0,0,0.0,0.0,0.0,0.0,0.0,0.0
2019,WS,hudsoda01,WAS,NL,3,0,0,0,0,0,0,0,0,0.0,0,0.0,0.0,0.0,0.0,0.0,0.0
2019,WS,jamesjo02,HOU,AL,3,0,0,0,0,0,0,0,0,0.0,0,0.0,0.0,0.0,0.0,0.0,0.0
2019,WS,kendrho01,WAS,NL,7,25,2,7,0,0,1,3,0,0.0,1,4.0,0.0,0.0,0.0,0.0,1.0
2019,WS,maldoma01,HOU,AL,3,7,2,2,0,0,1,1,0,0.0,1,1.0,0.0,0.0,0.0,0.0,0.0
2019,WS,marisja01,HOU,AL,5,8,0,3,0,0,0,0,1,0.0,1,3.0,0.0,0.0,0.0,0.0,0.0
2019,WS,osunaro01,HOU,AL,2,0,0,0,0,0,0,0,0,0.0,0,0.0,0.0,0.0,0.0,0.0,0.0
2019,WS,parrage01,WAS,NL,4,3,1,0,0,0,0,0,0,0.0,1,2.0,0.0,0.0,0.0,0.0,0.0
2019,WS,peacobr01,HOU,AL,3,0,0,0,0,0,0,0,0,0.0,0,0.0,0.0,0.0,0.0,0.0,0.0
2019,WS,pressry01,HOU,AL,4,0,0,0,0,0,0,0,0,0.0,0,0.0,0.0,0.0,0.0,0.0,0.0
2019,WS,raineta01,WAS,NL,4,0,0,0,0,0,0,0,0,0.0,0,0.0,0.0,0.0,0.0,0.0,0.0
2019,WS,reddijo01,HOU,AL,5,14,0,3,0,0,0,1,0,0.0,1,2.0,0.0,0.0,0.0,0.0,0.0
2019,WS,rendoan01,WAS,NL,7,29,3,8,3,0,2,8,0,0.0,3,3.0,0.0,0.0,0.0,0.0,0.0
2019,WS,roblevi01,WAS,NL,7,25,4,4,0,1,0,1,1,0.0,2,10.0,0.0,0.0,0.0,0.0,2.0
2019,WS,rodnefe01,WAS,NL,3,0,0,0,0,0,0,0,0,0.0,0,0.0,0.0,0.0,0.0,0.0,0.0
2019,WS,rondohe01,HOU,AL,2,0,0,0,0,0,0,0,0,0.0,0,0.0,0.0,0.0,0.0,0.0,0.0
2019,WS,rossjo01,WAS,NL,2,1,0,0,0,0,0,0,0,0.0,0,1.0,0.0,0.0,0.0,0.0,0.0
2019,WS,sanchan01,WAS,NL,1,2,0,0,0,0,0,0,0,0.0,0,2.0,0.0,0.0,0.0,0.0,0.0
2019,WS,scherma01,WAS,NL,2,0,0,0,0,0,0,0,0,0.0,0,0.0,0.0,0.0,0.0,0.0,0.0
2019,WS,smithjo05,HOU,AL,4,0,0,0,0,0,0,0,0,0.0,0,0.0,0.0,0.0,0.0,0.0,0.0
2019,WS,sotoju01,WAS,NL,7,27,6,9,2,0,3,7,1,0.0,5,8.0,1.0,0.0,0.0,0.0,0.0
2019,WS,springe01,HOU,AL,7,27,6,8,4,0,2,4,2,0.0,7,5.0,0.0,0.0,0.0,0.0,0.0
2019,WS,strasst01,WAS,NL,2,0,0,0,0,0,0,0,0,0.0,0,0.0,0.0,0.0,0.0,0.0,0.0
2019,WS,suerowa01,WAS,NL,3,0,0,0,0,0,0,0,0,0.0,0,0.0,0.0,0.0,0.0,0.0,0.0
2019,WS,suzukku01,WAS,NL,3,10,2,2,0,0,1,1,0,0.0,1,3.0,0.0,0.0,0.0,0.0,0.0
2019,WS,taylomi02,WAS,NL,1,1,1,1,0,0,1,1,0,0.0,0,0.0,0.0,0.0,0.0,0.0,0.0
2019,WS,tuckeky01,HOU,AL,5,4,2,1,0,0,0,0,1,0.0,2,3.0,0.0,0.0,0.0,0.0,0.0
2019,WS,turnetr01,WAS,NL,7,31,4,5,1,0,0,0,1,0.0,3,7.0,0.0,0.0,0.0,0.0,0.0
2019,WS,urquijo01,HOU,AL,2,2,0,0,0,0,0,0,0,0.0,0,1.0,0.0,0.0,0.0,0.0,0.0
2019,WS,verlaju01,HOU,AL,2,0,0,0,0,0,0,0,0,0.0,0,0.0,0.0,0.0,0.0,0.0,0.0
2019,WS,zimmery01,WAS,NL,7,24,2,5,0,0,1,2,0,0.0,4,8.0,0.0,0.0,0.0,0.0,1.0
2020,ALCS,adamewi01,TBA,AL,7,17,1,2,2,0,0,3,0,0.0,9,8.0,0.0,1.0,0.0,0.0,1.0
2020,ALCS,altuvjo01,HOU,AL,7,26,6,12,2,0,3,5,0,1.0,6,5.0,0.0,0.0,0.0,0.0,1.0
2020,ALCS,alvarjo03,TBA,AL,2,0,0,0,0,0,0,0,0,0.0,0,0.0,0.0,0.0,0.0,0.0,0.0
2020,ALCS,anderni01,TBA,AL,3,0,0,0,0,0,0,0,0,0.0,0,0.0,0.0,0.0,0.0,0.0,0.0
2020,ALCS,arozara01,TBA,AL,7,28,6,9,1,0,4,6,0,0.0,2,10.0,1.0,0.0,0.0,0.0,0.0
2020,ALCS,brantmi02,HOU,AL,7,26,2,9,0,0,1,4,1,0.0,4,5.0,0.0,1.0,0.0,0.0,1.0
2020,ALCS,bregmal01,HOU,AL,7,28,0,4,0,0,0,0,0,0.0,1,5.0,0.0,1.0,0.0,0.0,3.0
2020,ALCS,brossmi01,TBA,AL,5,10,0,0,0,0,0,0,0,0.0,1,5.0,0.0,1.0,0.0,0.0,1.0
2020,ALCS,castidi01,TBA,AL,3,0,0,0,0,0,0,0,0,0.0,0,0.0,0.0,0.0,0.0,0.0,0.0
2020,ALCS,choiji01,TBA,AL,5,13,3,5,0,0,1,1,0,0.0,4,6.0,0.0,0.0,0.0,0.0,0.0
2020,ALCS,correca01,HOU,AL,7,27,2,7,1,0,2,5,0,0.0,2,7.0,0.0,0.0,0.0,0.0,2.0
2020,ALCS,curtijo02,TBA,AL,4,0,0,0,0,0,0,0,0,0.0,0,0.0,0.0,0.0,0.0,0.0,0.0
2020,ALCS,diazal02,HOU,AL,6,12,2,5,0,0,0,0,0,0.0,1,3.0,0.0,0.0,0.0,0.0,0.0
2020,ALCS,diazya01,TBA,AL,4,13,1,2,0,0,0,0,0,0.0,3,4.0,0.0,0.0,0.0,0.0,0.0
2020,ALCS,fairbpe01,TBA,AL,3,0,0,0,0,0,0,0,0,0.0,0,0.0,0.0,0.0,0.0,0.0,0.0
2020,ALCS,flemijo01,TBA,AL,1,0,0,0,0,0,0,0,0,0.0,0,0.0,0.0,0.0,0.0,0.0,0.0
2020,ALCS,garcilu05,HOU,AL,1,0,0,0,0,0,0,0,0,0.0,0,0.0,0.0,0.0,0.0,0.0,0.0
2020,ALCS,garnedu01,HOU,AL,1,2,0,0,0,0,0,0,0,0.0,0,2.0,0.0,0.0,0.0,0.0,0.0
2020,ALCS,glasnty01,TBA,AL,1,0,0,0,0,0,0,0,0,0.0,0,0.0,0.0,0.0,0.0,0.0,0.0
2020,ALCS,gourryu01,HOU,AL,7,21,2,3,0,0,0,0,0,0.0,5,2.0,0.0,1.0,0.0,0.0,2.0
2020,ALCS,greinza01,HOU,AL,1,0,0,0,0,0,0,0,0,0.0,0,0.0,0.0,0.0,0.0,0.0,0.0
2020,ALCS,jamesjo02,HOU,AL,2,0,0,0,0,0,0,0,0,0.0,0,0.0,0.0,0.0,0.0,0.0,0.0
2020,ALCS,javiecr01,HOU,AL,2,0,0,0,0,0,0,0,0,0.0,0,0.0,0.0,0.0,0.0,0.0,0.0
2020,ALCS,kiermke01,TBA,AL,5,12,1,2,2,0,0,0,0,1.0,0,6.0,0.0,1.0,0.0,0.0,0.0
2020,ALCS,loupaa01,TBA,AL,4,0,0,0,0,0,0,0,0,0.0,0,0.0,0.0,0.0,0.0,0.0,0.0
2020,ALCS,lowebr01,TBA,AL,7,26,4,4,0,0,1,1,0,0.0,1,10.0,0.0,0.0,0.0,0.0,1.0
2020,ALCS,maldoma01,HOU,AL,7,14,3,3,2,0,0,0,0,0.0,4,7.0,0.0,0.0,1.0,0.0,0.0
2020,ALCS,margoma01,TBA,AL,7,23,4,6,0,0,3,6,0,0.0,2,8.0,0.0,1.0,1.0,0.0,0.0
2020,ALCS,mcclash01,TBA,AL,1,0,0,0,0,0,0,0,0,0.0,0,0.0,0.0,0.0,0.0,0.0,0.0
2020,ALCS,mcculla02,HOU,AL,2,0,0,0,0,0,0,0,0,0.0,0,0.0,0.0,0.0,0.0,0.0,0.0
2020,ALCS,meadoau01,TBA,AL,6,22,1,2,0,0,0,0,0,0.0,1,6.0,0.0,0.0,0.0,0.0,0.0
2020,ALCS,mortoch02,TBA,AL,2,0,0,0,0,0,0,0,0,0.0,0,0.0,0.0,0.0,0.0,0.0,0.0
2020,ALCS,pareden01,HOU,AL,4,0,0,0,0,0,0,0,0,0.0,0,0.0,0.0,0.0,0.0,0.0,0.0
2020,ALCS,perezmi03,TBA,AL,2,2,0,0,0,0,0,0,0,0.0,0,2.0,0.0,0.0,0.0,0.0,0.0
2020,ALCS,pressry01,HOU,AL,3,0,0,0,0,0,0,0,0,0.0,0,0.0,0.0,0.0,0.0,0.0,0.0
2020,ALCS,raleybr01,HOU,AL,4,0,0,0,0,0,0,0,0,0.0,0,0.0,0.0,0.0,0.0,0.0,0.0
2020,ALCS,reddijo01,HOU,AL,7,17,1,4,0,0,0,0,0,0.0,1,5.0,1.0,0.0,0.0,0.0,0.0
2020,ALCS,renfrhu01,TBA,AL,4,9,0,2,1,0,0,2,0,0.0,0,6.0,0.0,0.0,0.0,0.0,0.0
2020,ALCS,scruban01,HOU,AL,3,0,0,0,0,0,0,0,0,0.0,0,0.0,0.0,0.0,0.0,0.0,0.0
2020,ALCS,slegeaa01,TBA,AL,2,0,0,0,0,0,0,0,0,0.0,0,0.0,0.0,0.0,0.0,0.0,0.0
2020,ALCS,snellbl01,TBA,AL,2,0,0,0,0,0,0,0,0,0.0,0,0.0,0.0,0.0,0.0,0.0,0.0
2020,ALCS,springe01,HOU,AL,7,30,3,7,0,0,2,5,0,1.0,2,6.0,0.0,0.0,0.0,0.0,1.0
2020,ALCS,strawmy01,HOU,AL,4,0,0,0,0,0,0,0,0,0.0,0,0.0,0.0,0.0,0.0,0.0,0.0
2020,ALCS,stubbga01,HOU,AL,1,0,0,0,0,0,0,0,0,0.0,0,0.0,0.0,0.0,0.0,0.0,0.0
2020,ALCS,taylobl01,HOU,AL,5,0,0,0,0,0,0,0,0,0.0,0,0.0,0.0,0.0,0.0,0.0,0.0
2020,ALCS,thompry02,TBA,AL,3,0,0,0,0,0,0,0,0,0.0,0,0.0,0.0,0.0,0.0,0.0,0.0
2020,ALCS,toroab01,HOU,AL,1,0,0,0,0,0,0,0,0,0.0,1,0.0,0.0,0.0,0.0,0.0,0.0
2020,ALCS,tsutsyo01,TBA,AL,2,5,0,2,0,0,0,0,0,0.0,0,0.0,0.0,0.0,0.0,0.0,1.0
2020,ALCS,tuckeky01,HOU,AL,7,24,1,5,0,0,1,2,0,0.0,2,7.0,0.0,0.0,0.0,1.0,0.0
2020,ALCS,urquijo01,HOU,AL,2,0,0,0,0,0,0,0,0,0.0,0,0.0,0.0,0.0,0.0,0.0,0.0
2020,ALCS,valdefr01,HOU,AL,2,0,0,0,0,0,0,0,0,0.0,0,0.0,0.0,0.0,0.0,0.0,0.0
2020,ALCS,wendljo01,TBA,AL,7,21,2,3,0,0,0,2,0,0.0,1,4.0,0.0,1.0,0.0,0.0,2.0
2020,ALCS,yarbrry01,TBA,AL,1,0,0,0,0,0,0,0,0,0.0,0,0.0,0.0,0.0,0.0,0.0,0.0
2020,ALCS,zuninmi01,TBA,AL,7,18,2,5,0,0,2,4,0,0.0,0,6.0,0.0,1.0,0.0,1.0,0.0
2020,ALDS1,adamewi01,TBA,AL,5,15,2,2,0,0,0,0,0,0.0,3,6.0,0.0,0.0,0.0,0.0,0.0
2020,ALDS1,anderni01,TBA,AL,2,0,0,0,0,0,0,0,0,0.0,0,0.0,0.0,0.0,0.0,0.0,0.0
2020,ALDS1,arozara01,TBA,AL,5,19,5,8,0,0,3,3,0,0.0,1,4.0,0.0,1.0,0.0,0.0,0.0
2020,ALDS1,brittza01,NYA,AL,3,0,0,0,0,0,0,0,0,0.0,0,0.0,0.0,0.0,0.0,0.0,0.0
2020,ALDS1,brossmi01,TBA,AL,3,5,1,2,0,0,1,1,0,0.0,0,2.0,0.0,0.0,0.0,0.0,0.0
2020,ALDS1,castidi01,TBA,AL,3,0,0,0,0,0,0,0,0,0.0,0,0.0,0.0,0.0,0.0,0.0,0.0
2020,ALDS1,cessalu01,NYA,AL,2,0,0,0,0,0,0,0,0,0.0,0,0.0,0.0,0.0,0.0,0.0,0.0
2020,ALDS1,chapmar01,NYA,AL,2,0,0,0,0,0,0,0,0,0.0,0,0.0,0.0,0.0,0.0,0.0,0.0
2020,ALDS1,choiji01,TBA,AL,5,15,2,4,1,0,1,3,0,0.0,3,0.0,1.0,1.0,0.0,0.0,0.0
2020,ALDS1,colege01,NYA,AL,2,0,0,0,0,0,0,0,0,0.0,0,0.0,0.0,0.0,0.0,0.0,0.0
2020,ALDS1,curtijo02,TBA,AL,2,0,0,0,0,0,0,0,0,0.0,0,0.0,0.0,0.0,0.0,0.0,0.0
2020,ALDS1,diazya01,TBA,AL,3,9,0,1,0,0,0,0,0,0.0,4,2.0,0.0,0.0,0.0,0.0,0.0
2020,ALDS1,drakeol01,TBA,AL,1,0,0,0,0,0,0,0,0,0.0,0,0.0,0.0,0.0,0.0,0.0,0.0
2020,ALDS1,fairbpe01,TBA,AL,2,0,0,0,0,0,0,0,0,0.0,0,0.0,0.0,0.0,0.0,0.0,0.0
2020,ALDS1,fordmi01,NYA,AL,2,2,0,0,0,0,0,0,0,0.0,0,1.0,0.0,0.0,0.0,0.0,0.0
2020,ALDS1,frazicl01,NYA,AL,3,6,1,2,0,0,1,1,0,0.0,0,4.0,0.0,0.0,0.0,0.0,0.0
2020,ALDS1,garcide01,NYA,AL,1,0,0,0,0,0,0,0,0,0.0,0,0.0,0.0,0.0,0.0,0.0,0.0
2020,ALDS1,gardnbr01,NYA,AL,4,11,3,4,0,0,0,0,0,0.0,2,6.0,0.0,1.0,0.0,0.0,0.0
2020,ALDS1,glasnty01,TBA,AL,2,0,0,0,0,0,0,0,0,0.0,0,0.0,0.0,0.0,0.0,0.0,0.0
2020,ALDS1,greench03,NYA,AL,3,0,0,0,0,0,0,0,0,0.0,0,0.0,0.0,0.0,0.0,0.0,0.0
2020,ALDS1,happja01,NYA,AL,1,0,0,0,0,0,0,0,0,0.0,0,0.0,0.0,0.0,0.0,0.0,0.0
2020,ALDS1,hicksaa01,NYA,AL,5,18,2,7,1,0,0,3,0,0.0,3,1.0,0.0,0.0,0.0,1.0,0.0
2020,ALDS1,higasky01,NYA,AL,4,13,2,4,0,0,1,2,0,0.0,1,2.0,0.0,0.0,0.0,0.0,0.0
2020,ALDS1,holdejo02,NYA,AL,1,0,0,0,0,0,0,0,0,0.0,0,0.0,0.0,0.0,0.0,0.0,0.0
2020,ALDS1,judgeaa01,NYA,AL,5,21,2,3,0,0,2,3,0,0.0,2,6.0,0.0,0.0,0.0,1.0,1.0
2020,ALDS1,kiermke01,TBA,AL,5,17,2,4,2,0,1,4,0,0.0,0,5.0,0.0,0.0,0.0,0.0,0.0
2020,ALDS1,kingmi01,NYA,AL,1,0,0,0,0,0,0,0,0,0.0,0,0.0,0.0,0.0,0.0,0.0,0.0
2020,ALDS1,lemahdj01,NYA,AL,5,22,3,6,0,0,0,2,0,0.0,2,3.0,0.0,0.0,0.0,1.0,1.0
2020,ALDS1,loaisjo01,NYA,AL,1,0,0,0,0,0,0,0,0,0.0,0,0.0,0.0,0.0,0.0,0.0,0.0
2020,ALDS1,lowebr01,TBA,AL,5,18,0,0,0,0,0,1,0,0.0,4,7.0,0.0,0.0,0.0,0.0,1.0
2020,ALDS1,margoma01,TBA,AL,4,9,1,1,0,0,1,2,0,0.0,1,1.0,0.0,0.0,0.0,0.0,0.0
2020,ALDS1,mcclash01,TBA,AL,2,0,0,0,0,0,0,0,0,0.0,0,0.0,0.0,0.0,0.0,0.0,0.0
2020,ALDS1,meadoau01,TBA,AL,4,13,2,2,0,0,2,2,0,0.0,1,6.0,0.0,0.0,0.0,0.0,0.0
2020,ALDS1,montgjo01,NYA,AL,1,0,0,0,0,0,0,0,0,0.0,0,0.0,0.0,0.0,0.0,0.0,0.0
2020,ALDS1,mortoch02,TBA,AL,1,0,0,0,0,0,0,0,0,0.0,0,0.0,0.0,0.0,0.0,0.0,0.0
2020,ALDS1,nelsoni01,NYA,AL,2,0,0,0,0,0,0,0,0,0.0,0,0.0,0.0,0.0,0.0,0.0,0.0
2020,ALDS1,ottavad01,NYA,AL,1,0,0,0,0,0,0,0,0,0.0,0,0.0,0.0,0.0,0.0,0.0,0.0
2020,ALDS1,perezmi03,TBA,AL,3,5,1,2,0,0,1,3,0,0.0,0,0.0,0.0,0.0,0.0,0.0,0.0
2020,ALDS1,phillbr02,TBA,AL,3,2,0,0,0,0,0,0,0,0.0,0,1.0,0.0,0.0,0.0,0.0,0.0
2020,ALDS1,renfrhu01,TBA,AL,1,1,0,0,0,0,0,0,0,0.0,0,0.0,0.0,0.0,0.0,0.0,0.0
2020,ALDS1,sanchga02,NYA,AL,2,4,0,0,0,0,0,0,0,0.0,0,3.0,0.0,0.0,0.0,0.0,0.0
2020,ALDS1,slegeaa01,TBA,AL,1,0,0,0,0,0,0,0,0,0.0,0,0.0,0.0,0.0,0.0,0.0,0.0
2020,ALDS1,snellbl01,TBA,AL,1,0,0,0,0,0,0,0,0,0.0,0,0.0,0.0,0.0,0.0,0.0,0.0
2020,ALDS1,stantmi03,NYA,AL,5,19,4,6,1,0,4,10,0,0.0,2,7.0,0.0,0.0,0.0,0.0,1.0
2020,ALDS1,tanakma01,NYA,AL,1,0,0,0,0,0,0,0,0,0.0,0,0.0,0.0,0.0,0.0,0.0,0.0
2020,ALDS1,thompry02,TBA,AL,2,0,0,0,0,0,0,0,0,0.0,0,0.0,0.0,0.0,0.0,0.0,0.0
2020,ALDS1,torregl01,NYA,AL,5,16,2,5,0,0,1,2,2,0.0,4,6.0,0.0,0.0,0.0,0.0,1.0
2020,ALDS1,tsutsyo01,TBA,AL,2,6,0,0,0,0,0,0,0,0.0,0,1.0,0.0,0.0,0.0,0.0,0.0
2020,ALDS1,urshegi01,NYA,AL,5,19,1,2,0,0,0,0,0,0.0,2,4.0,0.0,0.0,0.0,0.0,0.0
2020,ALDS1,voitlu01,NYA,AL,5,18,3,2,1,0,1,1,0,0.0,2,6.0,0.0,0.0,0.0,0.0,0.0
2020,ALDS1,wadety01,NYA,AL,2,0,1,0,0,0,0,0,0,0.0,1,0.0,0.0,0.0,0.0,0.0,0.0
2020,ALDS1,wendljo01,TBA,AL,5,17,4,6,0,0,0,0,1,0.0,1,6.0,0.0,0.0,0.0,0.0,0.0
2020,ALDS1,yarbrry01,TBA,AL,1,0,0,0,0,0,0,0,0,0.0,0,0.0,0.0,0.0,0.0,0.0,0.0
2020,ALDS1,zuninmi01,TBA,AL,4,12,1,1,0,0,1,2,0,0.0,0,8.0,0.0,0.0,0.0,0.0,0.0
2020,ALDS2,altuvjo01,HOU,AL,4,15,5,6,0,0,2,5,0,1.0,3,3.0,0.0,1.0,0.0,0.0,0.0
2020,ALDS2,bassich01,OAK,AL,1,0,0,0,0,0,0,0,0,0.0,0,0.0,0.0,0.0,0.0,0.0,0.0
2020,ALDS2,brantmi02,HOU,AL,4,19,6,7,1,0,2,5,0,0.0,0,2.0,0.0,0.0,0.0,0.0,2.0
2020,ALDS2,bregmal01,HOU,AL,4,15,5,6,1,0,1,2,0,0.0,2,1.0,0.0,1.0,0.0,0.0,0.0
2020,ALDS2,canhama01,OAK,AL,4,15,2,3,0,0,1,2,0,0.0,0,6.0,0.0,0.0,0.0,1.0,0.0
2020,ALDS2,correca01,HOU,AL,4,14,3,7,0,0,3,11,0,0.0,4,3.0,1.0,0.0,0.0,0.0,1.0
2020,ALDS2,daviskh01,OAK,AL,4,16,2,4,0,0,2,3,0,0.0,0,8.0,0.0,1.0,0.0,0.0,0.0
2020,ALDS2,diazal02,HOU,AL,2,5,1,1,0,0,1,2,0,0.0,0,2.0,0.0,0.0,0.0,0.0,0.0
2020,ALDS2,diekmja01,OAK,AL,3,0,0,0,0,0,0,0,0,0.0,0,0.0,0.0,0.0,0.0,0.0,0.0
2020,ALDS2,garnedu01,HOU,AL,1,0,0,0,0,0,0,0,0,0.0,0,0.0,0.0,0.0,0.0,0.0,0.0
2020,ALDS2,gourryu01,HOU,AL,4,15,1,1,0,0,0,1,0,0.0,1,0.0,0.0,1.0,0.0,1.0,2.0
2020,ALDS2,greinza01,HOU,AL,1,0,0,0,0,0,0,0,0,0.0,0,0.0,0.0,0.0,0.0,0.0,0.0
2020,ALDS2,grossro01,OAK,AL,4,10,2,3,2,0,0,0,0,0.0,2,2.0,0.0,0.0,0.0,0.0,0.0
2020,ALDS2,hendrli01,OAK,AL,1,0,0,0,0,0,0,0,0,0.0,0,0.0,0.0,0.0,0.0,0.0,0.0
2020,ALDS2,jamesjo02,HOU,AL,1,0,0,0,0,0,0,0,0,0.0,0,0.0,0.0,0.0,0.0,0.0,0.0
2020,ALDS2,javiecr01,HOU,AL,2,0,0,0,0,0,0,0,0,0.0,0,0.0,0.0,0.0,0.0,0.0,0.0
2020,ALDS2,lambja01,OAK,AL,1,2,0,0,0,0,0,0,0,0.0,0,1.0,0.0,0.0,0.0,0.0,1.0
2020,ALDS2,lasteto01,OAK,AL,4,16,2,5,1,0,1,2,0,0.0,1,1.0,0.0,1.0,0.0,0.0,1.0
2020,ALDS2,laurera01,OAK,AL,4,15,3,3,1,0,2,4,0,0.0,1,3.0,0.0,0.0,0.0,0.0,1.0
2020,ALDS2,luzarje01,OAK,AL,1,0,0,0,0,0,0,0,0,0.0,0,0.0,0.0,0.0,0.0,0.0,0.0
2020,ALDS2,maldoma01,HOU,AL,4,14,3,2,0,0,1,1,0,0.0,0,8.0,0.0,1.0,0.0,0.0,0.0
2020,ALDS2,manaese01,OAK,AL,1,0,0,0,0,0,0,0,0,0.0,0,0.0,0.0,0.0,0.0,0.0,0.0
2020,ALDS2,mcculla02,HOU,AL,1,0,0,0,0,0,0,0,0,0.0,0,0.0,0.0,0.0,0.0,0.0,0.0
2020,ALDS2,mcfartj01,OAK,AL,2,0,0,0,0,0,0,0,0,0.0,0,0.0,0.0,0.0,0.0,0.0,0.0
2020,ALDS2,minormi01,OAK,AL,3,0,0,0,0,0,0,0,0,0.0,0,0.0,0.0,0.0,0.0,0.0,0.0
2020,ALDS2,montafr01,OAK,AL,1,0,0,0,0,0,0,0,0,0.0,0,0.0,0.0,0.0,0.0,0.0,0.0
2020,ALDS2,murphse01,OAK,AL,4,14,1,2,0,0,1,2,0,0.0,0,3.0,0.0,0.0,0.0,1.0,0.0
2020,ALDS2,olsonma02,OAK,AL,4,14,4,3,0,0,2,2,0,0.0,2,4.0,0.0,0.0,0.0,0.0,1.0
2020,ALDS2,orfna01,OAK,AL,1,0,0,0,0,0,0,0,0,0.0,0,0.0,0.0,0.0,0.0,0.0,0.0
2020,ALDS2,pareden01,HOU,AL,3,0,0,0,0,0,0,0,0,0.0,0,0.0,0.0,0.0,0.0,0.0,0.0
2020,ALDS2,petityu01,OAK,AL,3,0,0,0,0,0,0,0,0,0.0,0,0.0,0.0,0.0,0.0,0.0,0.0
2020,ALDS2,pindech01,OAK,AL,4,13,2,4,1,0,2,5,0,0.0,2,4.0,0.0,0.0,0.0,1.0,1.0
2020,ALDS2,piscost01,OAK,AL,2,4,0,1,0,0,0,0,0,0.0,0,0.0,0.0,0.0,0.0,0.0,0.0
2020,ALDS2,pressry01,HOU,AL,3,0,0,0,0,0,0,0,0,0.0,0,0.0,0.0,0.0,0.0,0.0,0.0
2020,ALDS2,raleybr01,HOU,AL,1,0,0,0,0,0,0,0,0,0.0,0,0.0,0.0,0.0,0.0,0.0,0.0
2020,ALDS2,reddijo01,HOU,AL,4,11,2,2,0,0,0,0,0,0.0,1,2.0,0.0,0.0,0.0,0.0,0.0
2020,ALDS2,scruban01,HOU,AL,1,0,0,0,0,0,0,0,0,0.0,0,0.0,0.0,0.0,0.0,0.0,0.0
2020,ALDS2,semiema01,OAK,AL,4,15,4,8,0,0,1,2,0,0.0,3,0.0,0.0,0.0,0.0,0.0,0.0
2020,ALDS2,soriajo01,OAK,AL,2,0,0,0,0,0,0,0,0,0.0,0,0.0,0.0,0.0,0.0,0.0,0.0
2020,ALDS2,springe01,HOU,AL,4,18,4,7,1,0,2,4,0,0.0,0,7.0,0.0,1.0,0.0,0.0,0.0
2020,ALDS2,strawmy01,HOU,AL,1,0,0,0,0,0,0,0,0,0.0,0,0.0,0.0,0.0,0.0,0.0,0.0
2020,ALDS2,taylobl01,HOU,AL,3,0,0,0,0,0,0,0,0,0.0,0,0.0,0.0,0.0,0.0,0.0,0.0
2020,ALDS2,trivilo01,OAK,AL,3,0,0,0,0,0,0,0,0,0.0,0,0.0,0.0,0.0,0.0,0.0,0.0
2020,ALDS2,tuckeky01,HOU,AL,4,17,3,7,0,0,0,2,0,0.0,0,0.0,0.0,0.0,0.0,0.0,1.0
2020,ALDS2,urquijo01,HOU,AL,1,0,0,0,0,0,0,0,0,0.0,0,0.0,0.0,0.0,0.0,0.0,0.0
2020,ALDS2,valdefr01,HOU,AL,1,0,0,0,0,0,0,0,0,0.0,0,0.0,0.0,0.0,0.0,0.0,0.0
2020,ALDS2,weemsjo01,OAK,AL,1,0,0,0,0,0,0,0,0,0.0,0,0.0,0.0,0.0,0.0,0.0,0.0
2020,ALDS2,wendejb01,OAK,AL,2,0,0,0,0,0,0,0,0,0.0,0,0.0,0.0,0.0,0.0,0.0,0.0
2020,ALWC1,adamewi01,TBA,AL,2,6,0,1,0,0,0,0,1,0.0,1,3.0,0.0,0.0,0.0,0.0,0.0
2020,ALWC1,anderni01,TBA,AL,2,0,0,0,0,0,0,0,0,0.0,0,0.0,0.0,0.0,0.0,0.0,0.0
2020,ALWC1,arozara01,TBA,AL,2,8,3,4,2,1,0,1,0,1.0,1,1.0,0.0,0.0,0.0,0.0,0.0
2020,ALWC1,bassan01,TOR,AL,1,0,0,0,0,0,0,0,0,0.0,0,0.0,0.0,0.0,0.0,0.0,0.0
2020,ALWC1,bichebo01,TOR,AL,2,6,0,0,0,0,0,1,0,0.0,1,1.0,0.0,0.0,0.0,1.0,0.0
2020,ALWC1,biggica01,TOR,AL,2,8,0,1,1,0,0,0,0,0.0,0,6.0,0.0,0.0,0.0,0.0,0.0
2020,ALWC1,borucry01,TOR,AL,1,0,0,0,0,0,0,0,0,0.0,0,0.0,0.0,0.0,0.0,0.0,0.0
2020,ALWC1,brossmi01,TBA,AL,1,3,1,2,0,0,0,0,0,0.0,0,1.0,0.0,0.0,0.0,0.0,0.0
2020,ALWC1,castidi01,TBA,AL,1,0,0,0,0,0,0,0,0,0.0,0,0.0,0.0,0.0,0.0,0.0,0.0
2020,ALWC1,choiji01,TBA,AL,2,3,0,0,0,0,0,0,0,0.0,0,1.0,0.0,0.0,0.0,0.0,1.0
2020,ALWC1,coleaj01,TOR,AL,1,0,0,0,0,0,0,0,0,0.0,0,0.0,0.0,0.0,0.0,0.0,0.0
2020,ALWC1,diazya01,TBA,AL,1,2,1,0,0,0,0,0,0,0.0,2,1.0,0.0,0.0,0.0,0.0,0.0
2020,ALWC1,dolisra01,TOR,AL,1,0,0,0,0,0,0,0,0,0.0,0,0.0,0.0,0.0,0.0,0.0,0.0
2020,ALWC1,fairbpe01,TBA,AL,1,0,0,0,0,0,0,0,0,0.0,0,0.0,0.0,0.0,0.0,0.0,0.0
2020,ALWC1,glasnty01,TBA,AL,1,0,0,0,0,0,0,0,0,0.0,0,0.0,0.0,0.0,0.0,0.0,0.0
2020,ALWC1,grichra01,TOR,AL,2,7,0,1,0,0,0,0,0,0.0,1,5.0,0.0,0.0,0.0,0.0,0.0
2020,ALWC1,guerrvl02,TOR,AL,2,7,0,1,0,0,0,0,0,0.0,0,4.0,0.0,1.0,0.0,0.0,0.0
2020,ALWC1,gurrilo01,TOR,AL,2,8,0,2,1,0,0,0,0,0.0,0,1.0,0.0,0.0,0.0,0.0,0.0
2020,ALWC1,hatchto01,TOR,AL,2,0,0,0,0,0,0,0,0,0.0,0,0.0,0.0,0.0,0.0,0.0,0.0
2020,ALWC1,hernate01,TOR,AL,2,7,0,1,0,0,0,0,0,0.0,1,4.0,0.0,0.0,0.0,0.0,0.0
2020,ALWC1,janseda01,TOR,AL,2,5,2,2,0,0,2,2,0,0.0,0,0.0,0.0,0.0,0.0,0.0,0.0
2020,ALWC1,kiermke01,TBA,AL,2,7,1,1,0,0,0,0,0,0.0,0,0.0,0.0,0.0,0.0,0.0,0.0
2020,ALWC1,kirkal01,TOR,AL,1,3,0,1,0,0,0,0,0,0.0,0,0.0,0.0,0.0,0.0,0.0,0.0
2020,ALWC1,loupaa01,TBA,AL,1,0,0,0,0,0,0,0,0,0.0,0,0.0,0.0,0.0,0.0,0.0,0.0
2020,ALWC1,lowebr01,TBA,AL,2,8,0,2,0,0,0,0,0,0.0,0,1.0,0.0,0.0,0.0,0.0,0.0
2020,ALWC1,lowena01,TBA,AL,1,3,0,0,0,0,0,0,0,0.0,0,2.0,0.0,0.0,0.0,0.0,0.0
2020,ALWC1,margoma01,TBA,AL,2,7,2,3,0,0,1,3,0,0.0,0,1.0,0.0,0.0,0.0,0.0,0.0
2020,ALWC1,mcguire01,TOR,AL,1,0,0,0,0,0,0,0,0,0.0,0,0.0,0.0,0.0,0.0,0.0,0.0
2020,ALWC1,panikjo01,TOR,AL,2,6,0,1,0,0,0,0,0,0.0,0,0.0,0.0,0.0,0.0,0.0,0.0
2020,ALWC1,pearsna01,TOR,AL,1,0,0,0,0,0,0,0,0,0.0,0,0.0,0.0,0.0,0.0,0.0,0.0
2020,ALWC1,phillbr02,TBA,AL,1,0,0,0,0,0,0,0,0,0.0,0,0.0,0.0,0.0,0.0,0.0,0.0
2020,ALWC1,rayro02,TOR,AL,1,0,0,0,0,0,0,0,0,0.0,0,0.0,0.0,0.0,0.0,0.0,0.0
2020,ALWC1,renfrhu01,TBA,AL,2,5,1,1,0,0,1,4,0,0.0,0,3.0,0.0,0.0,0.0,0.0,0.0
2020,ALWC1,ryuhy01,TOR,AL,1,0,0,0,0,0,0,0,0,0.0,0,0.0,0.0,0.0,0.0,0.0,0.0
2020,ALWC1,shawtr01,TOR,AL,1,4,0,1,0,0,0,0,0,0.0,0,1.0,0.0,0.0,0.0,0.0,0.0
2020,ALWC1,shoemma01,TOR,AL,1,0,0,0,0,0,0,0,0,0.0,0,0.0,0.0,0.0,0.0,0.0,0.0
2020,ALWC1,snellbl01,TBA,AL,1,0,0,0,0,0,0,0,0,0.0,0,0.0,0.0,0.0,0.0,0.0,0.0
2020,ALWC1,stripro01,TOR,AL,1,0,0,0,0,0,0,0,0,0.0,0,0.0,0.0,0.0,0.0,0.0,0.0
2020,ALWC1,tellero01,TOR,AL,1,1,1,1,0,0,0,0,0,0.0,0,0.0,0.0,0.0,0.0,0.0,0.0
2020,ALWC1,thompry02,TBA,AL,1,0,0,0,0,0,0,0,0,0.0,0,0.0,0.0,0.0,0.0,0.0,0.0
2020,ALWC1,tsutsyo01,TBA,AL,1,2,0,0,0,0,0,0,0,0.0,0,1.0,0.0,0.0,0.0,0.0,0.0
2020,ALWC1,villajo01,TOR,AL,1,2,0,0,0,0,0,0,0,0.0,0,1.0,0.0,0.0,0.0,0.0,1.0
2020,ALWC1,wendljo01,TBA,AL,2,2,1,0,0,0,0,0,0,0.0,1,1.0,0.0,0.0,0.0,0.0,0.0
2020,ALWC1,zuninmi01,TBA,AL,2,7,1,2,0,0,1,2,0,0.0,0,4.0,0.0,0.0,0.0,0.0,0.0
2020,ALWC2,biebesh01,CLE,AL,1,0,0,0,0,0,0,0,0,0.0,0,0.0,0.0,0.0,0.0,0.0,0.0
2020,ALWC2,brittza01,NYA,AL,1,0,0,0,0,0,0,0,0,0.0,0,0.0,0.0,0.0,0.0,0.0,0.0
2020,ALWC2,carraca01,CLE,AL,1,0,0,0,0,0,0,0,0,0.0,0,0.0,0.0,0.0,0.0,0.0,0.0
2020,ALWC2,cessalu01,NYA,AL,1,0,0,0,0,0,0,0,0,0.0,0,0.0,0.0,0.0,0.0,0.0,0.0
2020,ALWC2,chapmar01,NYA,AL,1,0,0,0,0,0,0,0,0,0.0,0,0.0,0.0,0.0,0.0,0.0,0.0
2020,ALWC2,cimbead01,CLE,AL,1,0,0,0,0,0,0,0,0,0.0,0,0.0,0.0,0.0,0.0,0.0,0.0
2020,ALWC2,colege01,NYA,AL,1,0,0,0,0,0,0,0,0,0.0,0,0.0,0.0,0.0,0.0,0.0,0.0
2020,ALWC2,deshide02,CLE,AL,2,7,2,2,0,0,0,0,0,0.0,1,2.0,0.0,0.0,0.0,0.0,0.0
2020,ALWC2,fordmi01,NYA,AL,1,0,0,0,0,0,0,0,0,0.0,0,0.0,0.0,0.0,0.0,0.0,0.0
2020,ALWC2,frazicl01,NYA,AL,1,1,0,0,0,0,0,0,0,0.0,0,1.0,0.0,0.0,0.0,0.0,0.0
2020,ALWC2,gardnbr01,NYA,AL,2,8,3,3,1,0,1,3,0,0.0,2,4.0,0.0,0.0,0.0,0.0,0.0
2020,ALWC2,greench03,NYA,AL,1,0,0,0,0,0,0,0,0,0.0,0,0.0,0.0,0.0,0.0,0.0,0.0
2020,ALWC2,handbr01,CLE,AL,1,0,0,0,0,0,0,0,0,0.0,0,0.0,0.0,0.0,0.0,0.0,0.0
2020,ALWC2,hedgeau01,CLE,AL,1,1,0,0,0,0,0,0,0,0.0,0,1.0,0.0,0.0,0.0,0.0,0.0
2020,ALWC2,hernace02,CLE,AL,2,8,2,3,1,0,0,1,0,0.0,1,3.0,0.0,0.0,0.0,0.0,0.0
2020,ALWC2,hicksaa01,NYA,AL,2,8,4,1,0,1,0,0,0,0.0,3,4.0,0.0,0.0,0.0,0.0,0.0
2020,ALWC2,higasky01,NYA,AL,1,5,0,1,0,0,0,0,0,0.0,0,1.0,0.0,0.0,0.0,0.0,0.0
2020,ALWC2,hillca02,CLE,AL,1,0,0,0,0,0,0,0,0,0.0,0,0.0,0.0,0.0,0.0,0.0,0.0
2020,ALWC2,judgeaa01,NYA,AL,2,9,1,1,0,0,1,2,0,0.0,2,4.0,0.0,0.0,0.0,0.0,0.0
2020,ALWC2,karinja01,CLE,AL,1,0,0,0,0,0,0,0,0,0.0,0,0.0,0.0,0.0,0.0,0.0,0.0
2020,ALWC2,lemahdj01,NYA,AL,2,10,1,3,0,0,0,2,0,0.0,1,1.0,0.0,0.0,0.0,0.0,0.0
2020,ALWC2,leonsa01,CLE,AL,2,1,0,0,0,0,0,0,0,0.0,0,0.0,0.0,0.0,0.0,0.0,0.0
2020,ALWC2,lindofr01,CLE,AL,2,8,1,1,1,0,0,0,0,0.0,1,3.0,0.0,0.0,0.0,0.0,1.0
2020,ALWC2,loaisjo01,NYA,AL,1,0,0,0,0,0,0,0,0,0.0,0,0.0,0.0,0.0,0.0,0.0,0.0
2020,ALWC2,luplojo01,CLE,AL,1,2,0,1,1,0,0,2,0,0.0,0,0.0,0.0,0.0,0.0,0.0,0.0
2020,ALWC2,matonph01,CLE,AL,2,0,0,0,0,0,0,0,0,0.0,0,0.0,0.0,0.0,0.0,0.0,0.0
2020,ALWC2,mckentr01,CLE,AL,1,0,0,0,0,0,0,0,0,0.0,0,0.0,0.0,0.0,0.0,0.0,0.0
2020,ALWC2,mercaos01,CLE,AL,1,1,0,0,0,0,0,0,0,0.0,0,1.0,0.0,0.0,0.0,0.0,0.0
2020,ALWC2,naquity01,CLE,AL,2,8,0,1,0,0,0,1,0,0.0,0,4.0,0.0,0.0,0.0,0.0,0.0
2020,ALWC2,naylojo01,CLE,AL,2,7,3,5,3,0,1,3,0,0.0,0,0.0,0.0,0.0,0.0,0.0,0.0
2020,ALWC2,perezol01,CLE,AL,1,0,0,0,0,0,0,0,0,0.0,0,0.0,0.0,0.0,0.0,0.0,0.0
2020,ALWC2,perezro02,CLE,AL,2,6,0,2,0,0,0,1,0,0.0,0,2.0,0.0,1.0,0.0,0.0,0.0
2020,ALWC2,quantca01,CLE,AL,1,0,0,0,0,0,0,0,0,0.0,0,0.0,0.0,0.0,0.0,0.0,0.0
2020,ALWC2,ramirjo01,CLE,AL,2,7,1,3,3,0,0,4,0,0.0,2,1.0,0.0,0.0,0.0,0.0,0.0
2020,ALWC2,reyesfr01,CLE,AL,2,7,2,0,0,0,0,0,0,0.0,2,5.0,0.0,0.0,0.0,0.0,0.0
2020,ALWC2,sanchga02,NYA,AL,1,4,1,1,0,0,1,3,0,0.0,0,1.0,0.0,0.0,0.0,1.0,0.0
2020,ALWC2,santaca01,CLE,AL,2,8,1,0,0,0,0,0,0,0.0,1,3.0,0.0,0.0,0.0,0.0,1.0
2020,ALWC2,stantmi03,NYA,AL,2,7,3,2,0,0,2,3,0,0.0,2,3.0,0.0,0.0,0.0,1.0,0.0
2020,ALWC2,tanakma01,NYA,AL,1,0,0,0,0,0,0,0,0,0.0,0,0.0,0.0,0.0,0.0,0.0,0.0
2020,ALWC2,tauchmi01,NYA,AL,1,0,1,0,0,0,0,0,0,0.0,0,0.0,0.0,0.0,0.0,0.0,0.0
2020,ALWC2,torregl01,NYA,AL,2,7,3,5,0,0,1,3,0,0.0,3,0.0,0.0,0.0,0.0,0.0,0.0
2020,ALWC2,urshegi01,NYA,AL,2,9,3,3,0,0,1,5,0,0.0,0,3.0,0.0,0.0,0.0,1.0,0.0
2020,ALWC2,voitlu01,NYA,AL,2,7,2,3,2,0,0,1,0,0.0,2,1.0,0.0,0.0,0.0,0.0,0.0
2020,ALWC2,wadety01,NYA,AL,2,0,0,0,0,0,0,0,0,0.0,0,0.0,0.0,0.0,0.0,0.0,0.0
2020,ALWC2,wittgni01,CLE,AL,1,0,0,0,0,0,0,0,0,0.0,0,0.0,0.0,0.0,0.0,0.0,0.0
2020,ALWC3,altuvjo01,HOU,AL,2,7,0,0,0,0,0,1,0,0.0,2,0.0,0.0,0.0,0.0,0.0,0.0
2020,ALWC3,arraelu01,MIN,AL,2,6,0,0,0,0,0,0,0,0.0,2,1.0,0.0,0.0,0.0,0.0,0.0
2020,ALWC3,astudwi01,MIN,AL,1,1,0,0,0,0,0,0,0,0.0,0,0.0,0.0,0.0,0.0,0.0,1.0
2020,ALWC3,avilaal01,MIN,AL,1,0,0,0,0,0,0,0,0,0.0,0,0.0,0.0,0.0,0.0,0.0,0.0
2020,ALWC3,berrijo01,MIN,AL,1,0,0,0,0,0,0,0,0,0.0,0,0.0,0.0,0.0,0.0,0.0,0.0
2020,ALWC3,brantmi02,HOU,AL,2,7,2,2,1,0,0,2,0,0.0,2,2.0,0.0,0.0,0.0,0.0,0.0
2020,ALWC3,bregmal01,HOU,AL,2,7,0,1,0,0,0,0,0,0.0,2,0.0,0.0,0.0,0.0,0.0,0.0
2020,ALWC3,buxtoby01,MIN,AL,2,4,0,1,0,0,0,0,1,1.0,0,3.0,0.0,0.0,0.0,0.0,0.0
2020,ALWC3,caveja01,MIN,AL,1,1,0,0,0,0,0,0,0,0.0,0,1.0,0.0,0.0,0.0,0.0,0.0
2020,ALWC3,correca01,HOU,AL,2,6,2,3,0,0,1,1,0,0.0,2,1.0,0.0,0.0,0.0,0.0,0.0
2020,ALWC3,cruzne02,MIN,AL,2,6,0,2,2,0,0,2,0,0.0,2,1.0,0.0,0.0,0.0,0.0,0.0
2020,ALWC3,duffety01,MIN,AL,2,0,0,0,0,0,0,0,0,0.0,0,0.0,0.0,0.0,0.0,0.0,0.0
2020,ALWC3,garvemi01,MIN,AL,1,1,0,0,0,0,0,0,0,0.0,0,1.0,0.0,0.0,0.0,0.0,0.0
2020,ALWC3,gonzama01,MIN,AL,2,5,1,1,0,0,0,0,0,0.0,1,0.0,0.0,0.0,0.0,0.0,0.0
2020,ALWC3,gourryu01,HOU,AL,2,8,1,1,0,0,0,0,0,0.0,0,1.0,0.0,0.0,0.0,0.0,0.0
2020,ALWC3,greinza01,HOU,AL,1,0,0,0,0,0,0,0,0,0.0,0,0.0,0.0,0.0,0.0,0.0,0.0
2020,ALWC3,javiecr01,HOU,AL,1,0,0,0,0,0,0,0,0,0.0,0,0.0,0.0,0.0,0.0,0.0,0.0
2020,ALWC3,jeffery01,MIN,AL,2,5,0,0,0,0,0,0,0,0.0,0,2.0,0.0,0.0,0.0,0.0,0.0
2020,ALWC3,keplema01,MIN,AL,2,5,1,0,0,0,0,0,0,0.0,3,1.0,0.0,0.0,0.0,0.0,0.0
2020,ALWC3,kirilal01,MIN,AL,1,4,0,1,0,0,0,0,0,0.0,0,0.0,0.0,0.0,0.0,0.0,0.0
2020,ALWC3,maedake01,MIN,AL,1,0,0,0,0,0,0,0,0,0.0,0,0.0,0.0,0.0,0.0,0.0,0.0
2020,ALWC3,maldoma01,HOU,AL,2,7,0,1,0,0,0,0,0,0.0,0,3.0,0.0,0.0,0.0,0.0,0.0
2020,ALWC3,maytr01,MIN,AL,2,0,0,0,0,0,0,0,0,0.0,0,0.0,0.0,0.0,0.0,0.0,0.0
2020,ALWC3,polanjo01,MIN,AL,2,7,0,1,0,0,0,0,0,0.0,1,2.0,0.0,0.0,0.0,0.0,0.0
2020,ALWC3,pressry01,HOU,AL,1,0,0,0,0,0,0,0,0,0.0,0,0.0,0.0,0.0,0.0,0.0,0.0
2020,ALWC3,raleybr01,HOU,AL,1,0,0,0,0,0,0,0,0,0.0,0,0.0,0.0,0.0,0.0,0.0,0.0
2020,ALWC3,reddijo01,HOU,AL,2,8,1,1,0,0,0,0,0,0.0,0,4.0,0.0,0.0,0.0,0.0,0.0
2020,ALWC3,rogerta01,MIN,AL,2,0,0,0,0,0,0,0,0,0.0,0,0.0,0.0,0.0,0.0,0.0,0.0
2020,ALWC3,romose01,MIN,AL,1,0,0,0,0,0,0,0,0,0.0,0,0.0,0.0,0.0,0.0,0.0,0.0
2020,ALWC3,rosared01,MIN,AL,2,7,0,0,0,0,0,0,0,0.0,0,1.0,0.0,0.0,0.0,0.0,0.0
2020,ALWC3,sanomi01,MIN,AL,2,7,0,1,0,0,0,0,0,0.0,1,1.0,0.0,0.0,0.0,0.0,0.0
2020,ALWC3,springe01,HOU,AL,2,9,1,1,0,0,0,1,0,0.0,0,1.0,0.0,0.0,0.0,0.0,0.0
2020,ALWC3,stashco01,MIN,AL,1,0,0,0,0,0,0,0,0,0.0,0,0.0,0.0,0.0,0.0,0.0,0.0
2020,ALWC3,strawmy01,HOU,AL,1,0,0,0,0,0,0,0,0,0.0,0,0.0,0.0,0.0,0.0,0.0,0.0
2020,ALWC3,thielca01,MIN,AL,1,0,0,0,0,0,0,0,0,0.0,0,0.0,0.0,0.0,0.0,0.0,0.0
2020,ALWC3,tuckeky01,HOU,AL,2,8,0,3,0,0,0,2,0,0.0,0,1.0,0.0,0.0,0.0,0.0,0.0
2020,ALWC3,urquijo01,HOU,AL,1,0,0,0,0,0,0,0,0,0.0,0,0.0,0.0,0.0,0.0,0.0,0.0
2020,ALWC3,valdefr01,HOU,AL,1,0,0,0,0,0,0,0,0,0.0,0,0.0,0.0,0.0,0.0,0.0,0.0
2020,ALWC4,abreujo02,CHA,AL,3,14,1,4,1,0,1,2,0,0.0,0,1.0,0.0,0.0,0.0,0.0,1.0
2020,ALWC4,anderti01,CHA,AL,3,14,2,9,2,0,0,0,0,0.0,0,0.0,0.0,0.0,0.0,0.0,0.0
2020,ALWC4,bassich01,OAK,AL,1,0,0,0,0,0,0,0,0,0.0,0,0.0,0.0,0.0,0.0,0.0,0.0
2020,ALWC4,bummeaa01,CHA,AL,2,0,0,0,0,0,0,0,0,0.0,0,0.0,0.0,0.0,0.0,0.0,0.0
2020,ALWC4,canhama01,OAK,AL,3,10,1,1,0,0,0,1,0,0.0,2,1.0,0.0,0.0,0.0,0.0,0.0
2020,ALWC4,ceasedy01,CHA,AL,1,0,0,0,0,0,0,0,0,0.0,0,0.0,0.0,0.0,0.0,0.0,0.0
2020,ALWC4,colliza01,CHA,AL,1,1,0,0,0,0,0,0,0,0.0,0,1.0,0.0,0.0,0.0,0.0,0.0
2020,ALWC4,colomal01,CHA,AL,2,0,0,0,0,0,0,0,0,0.0,0,0.0,0.0,0.0,0.0,0.0,0.0
2020,ALWC4,cordeji01,CHA,AL,2,0,0,0,0,0,0,0,0,0.0,0,0.0,0.0,0.0,0.0,0.0,0.0
2020,ALWC4,crochga01,CHA,AL,1,0,0,0,0,0,0,0,0,0.0,0,0.0,0.0,0.0,0.0,0.0,0.0
2020,ALWC4,daviskh01,OAK,AL,2,8,1,2,0,0,1,1,0,0.0,0,2.0,0.0,0.0,0.0,0.0,0.0
2020,ALWC4,diekmja01,OAK,AL,3,0,0,0,0,0,0,0,0,0.0,0,0.0,0.0,0.0,0.0,0.0,0.0
2020,ALWC4,dunnida01,CHA,AL,1,0,0,0,0,0,0,0,0,0.0,0,0.0,0.0,0.0,0.0,0.0,0.0
2020,ALWC4,dysonja01,CHA,AL,2,1,0,0,0,0,0,0,0,0.0,0,1.0,0.0,0.0,0.0,0.0,0.0
2020,ALWC4,encared01,CHA,AL,1,2,0,0,0,0,0,0,0,0.0,0,1.0,0.0,0.0,0.0,0.0,0.0
2020,ALWC4,engelad01,CHA,AL,3,12,1,3,1,0,1,1,0,0.0,0,5.0,0.0,0.0,0.0,0.0,0.0
2020,ALWC4,fiersmi01,OAK,AL,1,0,0,0,0,0,0,0,0,0.0,0,0.0,0.0,0.0,0.0,0.0,0.0
2020,ALWC4,fostema01,CHA,AL,1,0,0,0,0,0,0,0,0,0.0,0,0.0,0.0,0.0,0.0,0.0,0.0
2020,ALWC4,garcile02,CHA,AL,2,6,0,0,0,0,0,0,0,0.0,0,3.0,0.0,0.0,0.0,0.0,0.0
2020,ALWC4,giolilu01,CHA,AL,1,0,0,0,0,0,0,0,0,0.0,0,0.0,0.0,0.0,0.0,0.0,0.0
2020,ALWC4,grandya01,CHA,AL,3,10,2,2,0,0,2,4,0,0.0,4,3.0,0.0,0.0,0.0,0.0,0.0
2020,ALWC4,grossro01,OAK,AL,2,7,1,0,0,0,0,0,0,0.0,1,2.0,0.0,0.0,0.0,0.0,0.0
2020,ALWC4,hendrli01,OAK,AL,2,0,0,0,0,0,0,0,0,0.0,0,0.0,0.0,0.0,0.0,0.0,0.0
2020,ALWC4,heuerco01,CHA,AL,2,0,0,0,0,0,0,0,0,0.0,0,0.0,0.0,0.0,0.0,0.0,0.0
2020,ALWC4,jimenel02,CHA,AL,1,2,0,1,1,0,0,0,0,0.0,0,0.0,0.0,0.0,0.0,0.0,0.0
2020,ALWC4,keuchda01,CHA,AL,1,0,0,0,0,0,0,0,0,0.0,0,0.0,0.0,0.0,0.0,0.0,0.0
2020,ALWC4,lambja01,OAK,AL,3,5,0,1,0,0,0,0,0,0.0,0,0.0,0.0,0.0,0.0,0.0,0.0
2020,ALWC4,lasteto01,OAK,AL,3,11,3,3,0,0,0,0,0,0.0,1,2.0,0.0,0.0,0.0,0.0,0.0
2020,ALWC4,laurera01,OAK,AL,3,11,1,2,0,0,0,1,0,0.0,0,4.0,0.0,0.0,0.0,0.0,0.0
2020,ALWC4,luzarje01,OAK,AL,1,0,0,0,0,0,0,0,0,0.0,0,0.0,0.0,0.0,0.0,0.0,0.0
2020,ALWC4,madrini01,CHA,AL,3,12,1,3,0,0,0,0,0,0.0,0,0.0,0.0,0.0,0.0,0.0,0.0
2020,ALWC4,marshev01,CHA,AL,2,0,0,0,0,0,0,0,0,0.0,0,0.0,0.0,0.0,0.0,0.0,0.0
2020,ALWC4,mazarno01,CHA,AL,2,6,0,3,1,0,0,2,0,0.0,1,3.0,0.0,0.0,0.0,0.0,0.0
2020,ALWC4,mccanja02,CHA,AL,2,6,1,1,0,0,0,0,0,0.0,0,3.0,0.0,1.0,0.0,0.0,0.0
2020,ALWC4,moncayo01,CHA,AL,3,13,1,1,0,0,0,0,1,0.0,1,4.0,0.0,0.0,0.0,0.0,0.0
2020,ALWC4,montafr01,OAK,AL,1,0,0,0,0,0,0,0,0,0.0,0,0.0,0.0,0.0,0.0,0.0,0.0
2020,ALWC4,murphse01,OAK,AL,3,8,3,3,0,0,1,2,0,0.0,2,1.0,0.0,0.0,0.0,0.0,0.0
2020,ALWC4,olsonma02,OAK,AL,3,9,0,0,0,0,0,1,0,0.0,3,6.0,0.0,0.0,0.0,0.0,0.0
2020,ALWC4,orfna01,OAK,AL,1,0,0,0,0,0,0,0,0,0.0,0,0.0,0.0,0.0,0.0,0.0,0.0
2020,ALWC4,petityu01,OAK,AL,2,0,0,0,0,0,0,0,0,0.0,0,0.0,0.0,0.0,0.0,0.0,0.0
2020,ALWC4,pindech01,OAK,AL,3,9,0,3,0,0,0,2,0,0.0,1,2.0,1.0,0.0,0.0,0.0,0.0
2020,ALWC4,piscost01,OAK,AL,1,3,0,0,0,0,0,0,0,0.0,0,1.0,0.0,0.0,0.0,0.0,1.0
2020,ALWC4,roberlu01,CHA,AL,3,13,2,4,0,0,1,2,0,0.0,0,4.0,0.0,0.0,0.0,0.0,0.0
2020,ALWC4,rodonca01,CHA,AL,1,0,0,0,0,0,0,0,0,0.0,0,0.0,0.0,0.0,0.0,0.0,0.0
2020,ALWC4,sanchca01,CHA,AL,1,0,0,0,0,0,0,0,0,0.0,0,0.0,0.0,0.0,0.0,0.0,0.0
2020,ALWC4,semiema01,OAK,AL,3,12,2,3,1,0,1,2,0,0.0,1,1.0,0.0,0.0,0.0,0.0,0.0
2020,ALWC4,soriajo01,OAK,AL,2,0,0,0,0,0,0,0,0,0.0,0,0.0,0.0,0.0,0.0,0.0,0.0
2020,ALWC4,trivilo01,OAK,AL,1,0,0,0,0,0,0,0,0,0.0,0,0.0,0.0,0.0,0.0,0.0,0.0
2020,ALWC4,wendejb01,OAK,AL,2,0,0,0,0,0,0,0,0,0.0,0,0.0,0.0,0.0,0.0,0.0,0.0
2020,NLCS,acunaro01,ATL,NL,7,24,6,4,2,0,0,1,1,0.0,5,6.0,0.0,0.0,0.0,0.0,1.0
2020,NLCS,albieoz01,ATL,NL,7,27,5,9,1,0,2,4,1,0.0,2,6.0,0.0,0.0,0.0,1.0,0.0
2020,NLCS,anderia01,ATL,NL,2,0,0,0,0,0,0,0,0,0.0,0,0.0,0.0,0.0,0.0,0.0,0.0
2020,NLCS,baezpe01,LAN,NL,4,0,0,0,0,0,0,0,0,0.0,0,0.0,0.0,0.0,0.0,0.0,0.0
2020,NLCS,barneau01,LAN,NL,3,7,0,2,0,0,0,0,0,0.0,0,2.0,0.0,0.0,0.0,0.0,0.0
2020,NLCS,beatyma01,LAN,NL,2,0,0,0,0,0,0,0,0,0.0,1,0.0,0.0,2.0,0.0,0.0,0.0
2020,NLCS,bellico01,LAN,NL,7,25,3,5,0,1,2,5,1,0.0,6,9.0,0.0,0.0,0.0,0.0,0.0
2020,NLCS,bettsmo01,LAN,NL,7,26,4,7,1,0,0,1,1,0.0,5,4.0,0.0,0.0,0.0,0.0,1.0
2020,NLCS,buehlwa01,LAN,NL,2,0,0,0,0,0,0,0,0,0.0,0,0.0,0.0,0.0,0.0,0.0,0.0
2020,NLCS,camarjo01,ATL,NL,4,8,0,2,1,0,0,1,0,0.0,2,3.0,0.0,0.0,0.0,0.0,0.0
2020,NLCS,culbech01,ATL,NL,2,3,0,2,0,0,0,0,0,0.0,0,1.0,0.0,0.0,0.0,0.0,0.0
2020,NLCS,darnatr01,ATL,NL,7,23,1,4,0,0,0,3,0,0.0,4,7.0,0.0,0.0,0.0,1.0,1.0
2020,NLCS,daytogr01,ATL,NL,1,0,0,0,0,0,0,0,0,0.0,0,0.0,0.0,0.0,0.0,0.0,0.0
2020,NLCS,duvalad01,ATL,NL,1,0,0,0,0,0,0,0,0,0.0,0,0.0,0.0,0.0,0.0,0.0,0.0
2020,NLCS,florody01,LAN,NL,2,0,0,0,0,0,0,0,0,0.0,0,0.0,0.0,0.0,0.0,0.0,0.0
2020,NLCS,flowety01,ATL,NL,1,3,1,1,0,0,0,0,0,0.0,0,0.0,0.0,0.0,0.0,0.0,0.0
2020,NLCS,freemfr01,ATL,NL,7,25,6,9,3,0,2,6,0,0.0,3,5.0,0.0,1.0,0.0,0.0,0.0
2020,NLCS,friedma01,ATL,NL,2,0,0,0,0,0,0,0,0,0.0,0,0.0,0.0,0.0,0.0,0.0,0.0
2020,NLCS,gonsoto01,LAN,NL,2,0,0,0,0,0,0,0,0,0.0,0,0.0,0.0,0.0,0.0,0.0,0.0
2020,NLCS,gonzavi02,LAN,NL,3,0,0,0,0,0,0,0,0,0.0,0,0.0,0.0,0.0,0.0,0.0,0.0
2020,NLCS,gratebr01,LAN,NL,4,0,0,0,0,0,0,0,0,0.0,0,0.0,0.0,0.0,0.0,0.0,0.0
2020,NLCS,greensh02,ATL,NL,4,0,0,0,0,0,0,0,0,0.0,0,0.0,0.0,0.0,0.0,0.0,0.0
2020,NLCS,hernaen02,LAN,NL,6,13,2,4,0,0,2,2,0,0.0,1,2.0,0.0,0.0,0.0,0.0,0.0
2020,NLCS,janseke01,LAN,NL,3,0,0,0,0,0,0,0,0,0.0,0,0.0,0.0,0.0,0.0,0.0,0.0
2020,NLCS,kellyjo05,LAN,NL,2,0,0,0,0,0,0,0,0,0.0,0,0.0,0.0,0.0,0.0,0.0,0.0
2020,NLCS,kershcl01,LAN,NL,1,0,0,0,0,0,0,0,0,0.0,0,0.0,0.0,0.0,0.0,0.0,0.0
2020,NLCS,kolarad01,LAN,NL,2,0,0,0,0,0,0,0,0,0.0,0,0.0,0.0,0.0,0.0,0.0,0.0
2020,NLCS,markani01,ATL,NL,6,16,2,4,1,1,0,0,0,0.0,1,6.0,0.0,0.0,0.0,0.0,0.0
2020,NLCS,martich02,ATL,NL,5,0,0,0,0,0,0,0,0,0.0,0,0.0,0.0,0.0,0.0,0.0,0.0
2020,NLCS,matzety01,ATL,NL,4,0,0,0,0,0,0,0,0,0.0,0,0.0,0.0,0.0,0.0,0.0,0.0
2020,NLCS,maydu01,LAN,NL,3,0,0,0,0,0,0,0,0,0.0,0,0.0,0.0,0.0,0.0,0.0,0.0
2020,NLCS,mcgeeja01,LAN,NL,3,0,0,0,0,0,0,0,0,0.0,0,0.0,0.0,0.0,0.0,0.0,0.0
2020,NLCS,melanma01,ATL,NL,3,0,0,0,0,0,0,0,0,0.0,0,0.0,0.0,0.0,0.0,0.0,0.0
2020,NLCS,minteaj01,ATL,NL,3,0,0,0,0,0,0,0,0,0.0,0,0.0,0.0,0.0,0.0,0.0,0.0
2020,NLCS,muncyma01,LAN,NL,7,22,6,5,2,0,2,6,0,0.0,9,11.0,0.0,0.0,0.0,0.0,0.0
2020,NLCS,odayda01,ATL,NL,2,0,0,0,0,0,0,0,0,0.0,0,0.0,0.0,0.0,0.0,0.0,0.0
2020,NLCS,ozunama01,ATL,NL,7,29,4,8,2,0,2,6,0,0.0,2,4.0,0.0,0.0,0.0,0.0,1.0
2020,NLCS,pachecr01,ATL,NL,7,22,3,4,1,0,1,4,0,0.0,3,4.0,0.0,0.0,0.0,0.0,1.0
2020,NLCS,pederjo01,LAN,NL,6,18,2,7,0,0,1,3,0,0.0,1,2.0,0.0,0.0,0.0,0.0,1.0
2020,NLCS,polloaj01,LAN,NL,6,20,0,4,0,0,0,0,0,0.0,0,4.0,0.0,0.0,0.0,0.0,1.0
2020,NLCS,rileyau01,ATL,NL,7,28,2,4,0,0,1,4,0,0.0,1,10.0,1.0,0.0,0.0,0.0,0.0
2020,NLCS,riosed01,LAN,NL,4,9,2,2,0,0,2,3,0,0.0,2,5.0,0.0,0.0,0.0,1.0,0.0
2020,NLCS,sandopa01,ATL,NL,3,3,0,0,0,0,0,0,0,0.0,0,2.0,0.0,1.0,0.0,0.0,0.0
2020,NLCS,seageco01,LAN,NL,7,29,8,9,2,0,5,11,0,0.0,1,6.0,0.0,0.0,0.0,0.0,0.0
2020,NLCS,smithwi04,ATL,NL,3,0,0,0,0,0,0,0,0,0.0,0,0.0,0.0,0.0,0.0,0.0,0.0
2020,NLCS,smithwi05,LAN,NL,7,28,3,5,1,0,1,7,0,0.0,0,10.0,0.0,0.0,0.0,0.0,0.0
2020,NLCS,swansda01,ATL,NL,7,26,3,7,2,0,1,4,2,0.0,4,10.0,1.0,0.0,0.0,0.0,0.0
2020,NLCS,tayloch03,LAN,NL,5,18,3,4,2,0,0,0,0,0.0,2,8.0,0.0,0.0,0.0,0.0,0.0
2020,NLCS,tomlijo01,ATL,NL,2,0,0,0,0,0,0,0,0,0.0,0,0.0,0.0,0.0,0.0,0.0,0.0
2020,NLCS,treinbl01,LAN,NL,4,0,0,0,0,0,0,0,0,0.0,0,0.0,0.0,0.0,0.0,0.0,0.0
2020,NLCS,turneju01,LAN,NL,7,25,6,7,2,0,1,1,0,0.0,3,4.0,0.0,1.0,0.0,0.0,1.0
2020,NLCS,uriasju01,LAN,NL,2,0,0,0,0,0,0,0,0,0.0,0,0.0,0.0,0.0,0.0,0.0,0.0
2020,NLCS,webbja01,ATL,NL,2,0,0,0,0,0,0,0,0,0.0,0,0.0,0.0,0.0,0.0,0.0,0.0
2020,NLCS,wilsobr02,ATL,NL,1,0,0,0,0,0,0,0,0,0.0,0,0.0,0.0,0.0,0.0,0.0,0.0
2020,NLCS,woodal02,LAN,NL,2,0,0,0,0,0,0,0,0,0.0,0,0.0,0.0,0.0,0.0,0.0,0.0
2020,NLCS,wrighky01,ATL,NL,1,0,0,0,0,0,0,0,0,0.0,0,0.0,0.0,0.0,0.0,0.0,0.0
2020,NLCS,ynoahu01,ATL,NL,1,0,0,0,0,0,0,0,0,0.0,0,0.0,0.0,0.0,0.0,0.0,0.0
2020,NLDS1,adamsau02,SDN,NL,2,0,0,0,0,0,0,0,0,0.0,0,0.0,0.0,0.0,0.0,0.0,0.0
2020,NLDS1,allengr01,SDN,NL,1,0,0,0,0,0,0,0,0,0.0,0,0.0,0.0,0.0,0.0,0.0,0.0
2020,NLDS1,altavda01,SDN,NL,2,0,0,0,0,0,0,0,0,0.0,0,0.0,0.0,0.0,0.0,0.0,0.0
2020,NLDS1,baezpe01,LAN,NL,1,0,0,0,0,0,0,0,0,0.0,0,0.0,0.0,0.0,0.0,0.0,0.0
2020,NLDS1,barneau01,LAN,NL,1,2,1,2,0,0,0,0,0,0.0,1,0.0,0.0,0.0,0.0,0.0,0.0
2020,NLDS1,bellico01,LAN,NL,3,12,2,4,0,1,1,5,0,0.0,2,3.0,1.0,0.0,0.0,0.0,0.0
2020,NLDS1,bettsmo01,LAN,NL,3,12,5,4,2,0,0,1,1,0.0,2,2.0,0.0,0.0,0.0,1.0,0.0
2020,NLDS1,buehlwa01,LAN,NL,1,0,0,0,0,0,0,0,0,0.0,0,0.0,0.0,0.0,0.0,0.0,0.0
2020,NLDS1,campulu01,SDN,NL,1,1,0,0,0,0,0,0,0,0.0,0,1.0,0.0,0.0,0.0,0.0,0.0
2020,NLDS1,castrja01,SDN,NL,1,1,0,0,0,0,0,0,0,0.0,0,0.0,0.0,0.0,0.0,0.0,0.0
2020,NLDS1,clevimi01,SDN,NL,1,0,0,0,0,0,0,0,0,0.0,0,0.0,0.0,0.0,0.0,0.0,0.0
2020,NLDS1,croneja01,SDN,NL,3,10,1,2,0,0,0,1,0,0.0,2,4.0,0.0,0.0,0.0,0.0,0.0
2020,NLDS1,davieza01,SDN,NL,1,0,0,0,0,0,0,0,0,0.0,0,0.0,0.0,0.0,0.0,0.0,0.0
2020,NLDS1,florody01,LAN,NL,1,0,0,0,0,0,0,0,0,0.0,0,0.0,0.0,0.0,0.0,0.0,0.0
2020,NLDS1,gonzavi02,LAN,NL,1,0,0,0,0,0,0,0,0,0.0,0,0.0,0.0,0.0,0.0,0.0,0.0
2020,NLDS1,gratebr01,LAN,NL,1,0,0,0,0,0,0,0,0,0.0,0,0.0,0.0,0.0,0.0,0.0,0.0
2020,NLDS1,grishtr01,SDN,NL,3,11,0,3,1,0,0,2,0,0.0,1,5.0,0.0,1.0,0.0,0.0,0.0
2020,NLDS1,hernaen02,LAN,NL,3,5,0,0,0,0,0,0,0,0.0,0,3.0,0.0,1.0,0.0,0.0,0.0
2020,NLDS1,hillti01,SDN,NL,2,0,0,0,0,0,0,0,0,0.0,0,0.0,0.0,0.0,0.0,0.0,0.0
2020,NLDS1,hosmeer01,SDN,NL,3,13,2,2,0,0,1,1,0,0.0,0,3.0,0.0,0.0,0.0,0.0,0.0
2020,NLDS1,janseke01,LAN,NL,2,0,0,0,0,0,0,0,0,0.0,0,0.0,0.0,0.0,0.0,0.0,0.0
2020,NLDS1,johnspi01,SDN,NL,2,0,0,0,0,0,0,0,0,0.0,0,0.0,0.0,0.0,0.0,0.0,0.0
2020,NLDS1,kellyjo05,LAN,NL,1,0,0,0,0,0,0,0,0,0.0,0,0.0,0.0,0.0,0.0,0.0,0.0
2020,NLDS1,kershcl01,LAN,NL,1,0,0,0,0,0,0,0,0,0.0,0,0.0,0.0,0.0,0.0,0.0,0.0
2020,NLDS1,kolarad01,LAN,NL,1,0,0,0,0,0,0,0,0,0.0,0,0.0,0.0,0.0,0.0,0.0,0.0
2020,NLDS1,luxga01,LAN,NL,1,1,0,0,0,0,0,0,0,0.0,0,1.0,0.0,0.0,0.0,0.0,0.0
2020,NLDS1,machama01,SDN,NL,3,12,2,2,0,0,1,1,0,0.0,1,2.0,0.0,0.0,0.0,0.0,0.0
2020,NLDS1,maydu01,LAN,NL,2,0,0,0,0,0,0,0,0,0.0,0,0.0,0.0,0.0,0.0,0.0,0.0
2020,NLDS1,morejad01,SDN,NL,1,0,0,0,0,0,0,0,0,0.0,0,0.0,0.0,0.0,0.0,0.0,0.0
2020,NLDS1,morelmi01,SDN,NL,2,2,1,1,1,0,0,1,0,0.0,0,0.0,0.0,0.0,0.0,0.0,0.0
2020,NLDS1,muncyma01,LAN,NL,3,11,3,3,1,0,0,2,0,0.0,4,2.0,0.0,0.0,0.0,0.0,0.0
2020,NLDS1,myerswi01,SDN,NL,3,10,2,1,1,0,0,1,1,0.0,2,5.0,1.0,0.0,0.0,0.0,0.0
2020,NLDS1,nolaau01,SDN,NL,3,9,0,2,0,0,0,1,0,0.0,1,2.0,0.0,0.0,0.0,0.0,0.0
2020,NLDS1,paganem01,SDN,NL,2,0,0,0,0,0,0,0,0,0.0,0,0.0,0.0,0.0,0.0,0.0,0.0
2020,NLDS1,patinlu01,SDN,NL,2,0,0,0,0,0,0,0,0,0.0,0,0.0,0.0,0.0,0.0,0.0,0.0
2020,NLDS1,pederjo01,LAN,NL,3,5,0,2,0,0,0,2,0,0.0,0,2.0,0.0,0.0,0.0,0.0,0.0
2020,NLDS1,phamth01,SDN,NL,3,11,1,3,0,0,0,0,1,0.0,1,4.0,0.0,0.0,0.0,0.0,0.0
2020,NLDS1,polloaj01,LAN,NL,3,10,3,3,0,0,0,1,1,0.0,0,1.0,0.0,1.0,0.0,0.0,0.0
2020,NLDS1,pomerdr01,SDN,NL,2,0,0,0,0,0,0,0,0,0.0,0,0.0,0.0,0.0,0.0,0.0,0.0
2020,NLDS1,profaju01,SDN,NL,3,8,0,0,0,0,0,0,0,0.0,0,1.0,0.0,0.0,0.0,0.0,0.0
2020,NLDS1,richaga01,SDN,NL,2,0,0,0,0,0,0,0,0,0.0,0,0.0,0.0,0.0,0.0,0.0,0.0
2020,NLDS1,rosentr01,SDN,NL,1,0,0,0,0,0,0,0,0,0.0,0,0.0,0.0,0.0,0.0,0.0,0.0
2020,NLDS1,seageco01,LAN,NL,3,11,3,4,2,0,0,3,1,0.0,3,0.0,0.0,0.0,0.0,1.0,0.0
2020,NLDS1,smithwi05,LAN,NL,3,11,1,5,2,0,0,3,0,0.0,3,2.0,1.0,0.0,0.0,0.0,0.0
2020,NLDS1,stammcr01,SDN,NL,2,0,0,0,0,0,0,0,0,0.0,0,0.0,0.0,0.0,0.0,0.0,0.0
2020,NLDS1,strahma01,SDN,NL,2,0,0,0,0,0,0,0,0,0.0,0,0.0,0.0,0.0,0.0,0.0,0.0
2020,NLDS1,tatisfe02,SDN,NL,3,11,0,2,1,0,0,0,1,1.0,2,4.0,0.0,0.0,0.0,0.0,0.0
2020,NLDS1,tayloch03,LAN,NL,3,11,1,0,0,0,0,0,0,0.0,2,4.0,0.0,0.0,0.0,0.0,0.0
2020,NLDS1,treinbl01,LAN,NL,3,0,0,0,0,0,0,0,0,0.0,0,0.0,0.0,0.0,0.0,0.0,0.0
2020,NLDS1,turneju01,LAN,NL,3,10,4,2,0,0,0,3,0,0.0,3,2.0,0.0,1.0,0.0,1.0,0.0
2020,NLDS1,uriasju01,LAN,NL,1,0,0,0,0,0,0,0,0,0.0,0,0.0,0.0,0.0,0.0,0.0,0.0
2020,NLDS1,weathry01,SDN,NL,1,0,0,0,0,0,0,0,0,0.0,0,0.0,0.0,0.0,0.0,0.0,0.0
2020,NLDS2,acunaro01,ATL,NL,3,11,4,2,0,0,1,1,1,0.0,2,7.0,0.0,1.0,0.0,0.0,0.0
2020,NLDS2,aguilje01,MIA,NL,3,13,0,2,0,0,0,0,0,0.0,0,5.0,0.0,0.0,0.0,0.0,0.0
2020,NLDS2,albieoz01,ATL,NL,3,12,2,2,1,0,0,0,0,0.0,1,2.0,0.0,0.0,0.0,0.0,0.0
2020,NLDS2,alcansa01,MIA,NL,1,0,0,0,0,0,0,0,0,0.0,0,0.0,0.0,0.0,0.0,0.0,0.0
2020,NLDS2,alfarjo01,MIA,NL,2,3,0,0,0,0,0,0,0,0.0,0,1.0,0.0,0.0,0.0,0.0,0.0
2020,NLDS2,anderbr06,MIA,NL,3,10,1,4,1,0,0,1,0,0.0,1,3.0,0.0,1.0,0.0,0.0,0.0
2020,NLDS2,anderia01,ATL,NL,1,0,0,0,0,0,0,0,0,0.0,0,0.0,0.0,0.0,0.0,0.0,0.0
2020,NLDS2,bertijo01,MIA,NL,3,12,1,2,0,0,0,0,0,0.0,0,5.0,0.0,1.0,0.0,0.0,0.0
2020,NLDS2,bleieri01,MIA,NL,1,0,0,0,0,0,0,0,0,0.0,0,0.0,0.0,0.0,0.0,0.0,0.0
2020,NLDS2,boxbebr01,MIA,NL,2,0,0,0,0,0,0,0,0,0.0,0,0.0,0.0,0.0,0.0,0.0,0.0
2020,NLDS2,brinsle01,MIA,NL,3,5,0,0,0,0,0,0,0,0.0,0,2.0,0.0,0.0,0.0,0.0,0.0
2020,NLDS2,chishja01,MIA,NL,1,3,0,1,1,0,0,0,0,0.0,1,0.0,0.0,0.0,0.0,0.0,0.0
2020,NLDS2,coopega03,MIA,NL,3,10,1,1,1,0,0,2,0,0.0,2,2.0,0.0,0.0,0.0,0.0,0.0
2020,NLDS2,darnatr01,ATL,NL,3,10,3,6,2,0,2,7,0,0.0,3,1.0,0.0,0.0,0.0,0.0,0.0
2020,NLDS2,dickeco01,MIA,NL,3,12,0,3,0,0,0,0,0,0.0,0,3.0,0.0,0.0,0.0,0.0,0.0
2020,NLDS2,duvalad01,ATL,NL,3,12,0,1,1,0,0,1,0,0.0,0,5.0,0.0,0.0,0.0,0.0,0.0
2020,NLDS2,freemfr01,ATL,NL,3,12,2,2,0,0,0,0,0,0.0,2,0.0,0.0,0.0,0.0,0.0,0.0
2020,NLDS2,friedma01,ATL,NL,1,0,0,0,0,0,0,0,0,0.0,0,0.0,0.0,0.0,0.0,0.0,0.0
2020,NLDS2,garciyi01,MIA,NL,2,0,0,0,0,0,0,0,0,0.0,0,0.0,0.0,0.0,0.0,0.0,0.0
2020,NLDS2,greensh02,ATL,NL,1,0,0,0,0,0,0,0,0,0.0,0,0.0,0.0,0.0,0.0,0.0,0.0
2020,NLDS2,hoytja01,MIA,NL,2,0,0,0,0,0,0,0,0,0.0,0,0.0,0.0,0.0,0.0,0.0,0.0
2020,NLDS2,joycema01,MIA,NL,3,6,0,1,0,0,0,1,0,0.0,0,2.0,0.0,0.0,0.0,0.0,0.0
2020,NLDS2,kintzbr01,MIA,NL,1,0,0,0,0,0,0,0,0,0.0,0,0.0,0.0,0.0,0.0,0.0,0.0
2020,NLDS2,lopezpa01,MIA,NL,1,0,0,0,0,0,0,0,0,0.0,0,0.0,0.0,0.0,0.0,0.0,0.0
2020,NLDS2,markani01,ATL,NL,3,12,0,2,1,0,0,0,0,0.0,0,3.0,0.0,0.0,0.0,0.0,0.0
2020,NLDS2,martich02,ATL,NL,1,0,0,0,0,0,0,0,0,0.0,0,0.0,0.0,0.0,0.0,0.0,0.0
2020,NLDS2,matzety01,ATL,NL,2,0,0,0,0,0,0,0,0,0.0,0,0.0,0.0,0.0,0.0,0.0,0.0
2020,NLDS2,melanma01,ATL,NL,2,0,0,0,0,0,0,0,0,0.0,0,0.0,0.0,0.0,0.0,0.0,0.0
2020,NLDS2,minteaj01,ATL,NL,1,0,0,0,0,0,0,0,0,0.0,0,0.0,0.0,0.0,0.0,0.0,0.0
2020,NLDS2,odayda01,ATL,NL,2,0,0,0,0,0,0,0,0,0.0,0,0.0,0.0,0.0,0.0,0.0,0.0
2020,NLDS2,ozunama01,ATL,NL,3,13,3,4,1,0,0,3,0,0.0,0,5.0,0.0,0.0,0.0,0.0,0.0
2020,NLDS2,pachecr01,ATL,NL,3,0,0,0,0,0,0,0,0,0.0,0,0.0,0.0,0.0,0.0,0.0,0.0
2020,NLDS2,rileyau01,ATL,NL,3,9,1,3,0,0,0,0,0,0.0,2,3.0,0.0,0.0,0.0,0.0,0.0
2020,NLDS2,rogertr01,MIA,NL,1,0,0,0,0,0,0,0,0,0.0,0,0.0,0.0,0.0,0.0,0.0,0.0
2020,NLDS2,rojasmi02,MIA,NL,3,11,1,1,0,0,1,1,0,0.0,0,2.0,0.0,1.0,0.0,0.0,0.0
2020,NLDS2,sanchsi01,MIA,NL,1,0,0,0,0,0,0,0,0,0.0,0,0.0,0.0,0.0,0.0,0.0,0.0
2020,NLDS2,sierrma01,MIA,NL,3,8,1,2,1,0,0,0,0,0.0,0,3.0,0.0,0.0,0.0,0.0,0.0
2020,NLDS2,smithwi04,ATL,NL,2,0,0,0,0,0,0,0,0,0.0,0,0.0,0.0,0.0,0.0,0.0,0.0
2020,NLDS2,stanery01,MIA,NL,2,0,0,0,0,0,0,0,0,0.0,0,0.0,0.0,0.0,0.0,0.0,0.0
2020,NLDS2,swansda01,ATL,NL,3,10,3,4,0,1,2,5,0,0.0,1,2.0,0.0,0.0,0.0,1.0,0.0
2020,NLDS2,vinceni01,MIA,NL,1,0,0,0,0,0,0,0,0,0.0,0,0.0,0.0,0.0,0.0,0.0,0.0
2020,NLDS2,wallach01,MIA,NL,3,7,0,0,0,0,0,0,0,0.0,0,3.0,0.0,0.0,0.0,0.0,0.0
2020,NLDS2,webbja01,ATL,NL,1,0,0,0,0,0,0,0,0,0.0,0,0.0,0.0,0.0,0.0,0.0,0.0
2020,NLDS2,wrighky01,ATL,NL,1,0,0,0,0,0,0,0,0,0.0,0,0.0,0.0,0.0,0.0,0.0,0.0
2020,NLWC1,arciaor01,MIL,NL,2,7,1,1,0,0,1,2,0,0.0,0,4.0,0.0,0.0,0.0,0.0,0.0
2020,NLWC1,barneau01,LAN,NL,1,3,1,2,0,0,0,1,0,0.0,0,0.0,0.0,0.0,0.0,0.0,0.0
2020,NLWC1,bellico01,LAN,NL,2,7,0,2,0,0,0,0,0,0.0,0,2.0,0.0,0.0,0.0,0.0,0.0
2020,NLWC1,bettsmo01,LAN,NL,2,7,1,3,3,0,0,3,0,0.0,1,3.0,0.0,0.0,0.0,0.0,0.0
2020,NLWC1,braunry02,MIL,NL,1,2,0,0,0,0,0,0,0,0.0,0,2.0,0.0,0.0,0.0,0.0,0.0
2020,NLWC1,buehlwa01,LAN,NL,1,0,0,0,0,0,0,0,0,0.0,0,0.0,0.0,0.0,0.0,0.0,0.0
2020,NLWC1,freitda01,MIL,NL,1,1,0,0,0,0,0,0,0,0.0,0,1.0,0.0,0.0,0.0,0.0,0.0
2020,NLWC1,gamelbe01,MIL,NL,1,1,0,0,0,0,0,0,0,0.0,0,0.0,0.0,0.0,0.0,0.0,0.0
2020,NLWC1,garciav01,MIL,NL,2,8,0,4,0,0,0,0,0,0.0,0,3.0,0.0,0.0,0.0,0.0,0.0
2020,NLWC1,gratebr01,LAN,NL,1,0,0,0,0,0,0,0,0,0.0,0,0.0,0.0,0.0,0.0,0.0,0.0
2020,NLWC1,gyorkje01,MIL,NL,2,7,0,1,0,0,0,0,0,0.0,0,3.0,0.0,0.0,0.0,0.0,0.0
2020,NLWC1,haderjo01,MIL,NL,1,0,0,0,0,0,0,0,0,0.0,0,0.0,0.0,0.0,0.0,0.0,0.0
2020,NLWC1,healyry01,MIL,NL,1,3,0,0,0,0,0,0,0,0.0,0,0.0,0.0,0.0,0.0,0.0,0.0
2020,NLWC1,hernaen02,LAN,NL,2,0,0,0,0,0,0,0,0,0.0,0,0.0,0.0,0.0,0.0,0.0,0.0
2020,NLWC1,hiurake01,MIL,NL,2,6,0,1,0,0,0,0,0,0.0,1,2.0,0.0,0.0,0.0,0.0,0.0
2020,NLWC1,housead01,MIL,NL,1,0,0,0,0,0,0,0,0,0.0,0,0.0,0.0,0.0,0.0,0.0,0.0
2020,NLWC1,janseke01,LAN,NL,1,0,0,0,0,0,0,0,0,0.0,0,0.0,0.0,0.0,0.0,0.0,0.0
2020,NLWC1,kershcl01,LAN,NL,1,0,0,0,0,0,0,0,0,0.0,0,0.0,0.0,0.0,0.0,0.0,0.0
2020,NLWC1,muncyma01,LAN,NL,2,5,0,0,0,0,0,0,0,0.0,2,4.0,0.0,0.0,0.0,0.0,0.0
2020,NLWC1,narvaom01,MIL,NL,2,1,0,0,0,0,0,0,0,0.0,0,1.0,0.0,0.0,0.0,0.0,0.0
2020,NLWC1,nottija01,MIL,NL,2,4,0,0,0,0,0,0,0,0.0,0,3.0,0.0,0.0,0.0,0.0,0.0
2020,NLWC1,pederjo01,LAN,NL,1,1,0,0,0,0,0,0,0,0.0,0,0.0,0.0,0.0,0.0,0.0,1.0
2020,NLWC1,peralfr01,MIL,NL,1,0,0,0,0,0,0,0,0,0.0,0,0.0,0.0,0.0,0.0,0.0,0.0
2020,NLWC1,peterja01,MIL,NL,1,0,0,0,0,0,0,0,0,0.0,1,0.0,0.0,0.0,0.0,0.0,0.0
2020,NLWC1,polloaj01,LAN,NL,2,5,1,1,1,0,0,1,0,0.0,1,1.0,0.0,0.0,0.0,0.0,1.0
2020,NLWC1,rasmudr01,MIL,NL,1,0,0,0,0,0,0,0,0,0.0,0,0.0,0.0,0.0,0.0,0.0,0.0
2020,NLWC1,riosed01,LAN,NL,1,3,0,0,0,0,0,0,0,0.0,1,1.0,0.0,0.0,0.0,0.0,0.0
2020,NLWC1,seageco01,LAN,NL,2,7,2,1,0,0,1,1,0,0.0,1,2.0,0.0,0.0,0.0,0.0,0.0
2020,NLWC1,smithwi05,LAN,NL,2,6,0,0,0,0,0,1,0,0.0,1,2.0,0.0,0.0,0.0,0.0,0.0
2020,NLWC1,sogarer01,MIL,NL,1,3,0,0,0,0,0,0,0,0.0,1,0.0,0.0,0.0,0.0,0.0,0.0
2020,NLWC1,suterbr01,MIL,NL,1,0,0,0,0,0,0,0,0,0.0,0,0.0,0.0,0.0,0.0,0.0,0.0
2020,NLWC1,tayloch03,LAN,NL,2,6,2,3,1,0,0,0,0,0.0,0,1.0,0.0,0.0,0.0,0.0,0.0
2020,NLWC1,tayloty01,MIL,NL,2,5,0,0,0,0,0,0,0,0.0,0,3.0,0.0,0.0,0.0,0.0,0.0
2020,NLWC1,topaju01,MIL,NL,1,0,0,0,0,0,0,0,0,0.0,0,0.0,0.0,0.0,0.0,0.0,0.0
2020,NLWC1,treinbl01,LAN,NL,1,0,0,0,0,0,0,0,0,0.0,0,0.0,0.0,0.0,0.0,0.0,0.0
2020,NLWC1,turneju01,LAN,NL,2,8,0,0,0,0,0,0,0,0.0,0,1.0,0.0,0.0,0.0,0.0,0.0
2020,NLWC1,uriasju01,LAN,NL,1,0,0,0,0,0,0,0,0,0.0,0,0.0,0.0,0.0,0.0,0.0,0.0
2020,NLWC1,uriaslu01,MIL,NL,1,2,0,1,0,0,0,0,0,0.0,1,0.0,0.0,0.0,0.0,0.0,0.0
2020,NLWC1,vogelda01,MIL,NL,2,5,1,1,1,0,0,0,0,0.0,0,2.0,0.0,0.0,0.0,0.0,0.0
2020,NLWC1,woodrbr01,MIL,NL,1,0,0,0,0,0,0,0,0,0.0,0,0.0,0.0,0.0,0.0,0.0,0.0
2020,NLWC1,yardler01,MIL,NL,1,0,0,0,0,0,0,0,0,0.0,0,0.0,0.0,0.0,0.0,0.0,0.0
2020,NLWC1,yelicch01,MIL,NL,2,9,0,2,1,0,0,0,0,0.0,0,4.0,0.0,0.0,0.0,0.0,0.0
2020,NLWC2,adamsau02,SDN,NL,2,0,0,0,0,0,0,0,0,0.0,0,0.0,0.0,0.0,0.0,0.0,0.0
2020,NLWC2,baderha01,SLN,NL,3,9,1,1,0,0,0,2,0,0.0,0,7.0,0.0,1.0,0.0,1.0,0.0
2020,NLWC2,cabrege01,SLN,NL,2,0,0,0,0,0,0,0,0,0.0,0,0.0,0.0,0.0,0.0,0.0,0.0
2020,NLWC2,carlsdy01,SLN,NL,3,9,2,3,1,0,0,0,1,0.0,4,3.0,0.0,1.0,0.0,0.0,0.0
2020,NLWC2,carpema01,SLN,NL,3,9,3,2,1,0,0,2,0,0.0,3,4.0,0.0,1.0,0.0,1.0,0.0
2020,NLWC2,croneja01,SDN,NL,3,8,4,5,0,1,1,2,1,0.0,2,1.0,0.0,2.0,0.0,0.0,0.0
2020,NLWC2,davieza01,SDN,NL,1,0,0,0,0,0,0,0,0,0.0,0,0.0,0.0,0.0,0.0,0.0,0.0
2020,NLWC2,deanau01,SLN,NL,1,1,0,0,0,0,0,0,0,0.0,0,1.0,0.0,0.0,0.0,0.0,0.0
2020,NLWC2,dejonpa01,SLN,NL,3,10,2,2,1,0,0,1,0,0.0,3,2.0,0.0,1.0,0.0,0.0,0.0
2020,NLWC2,edmanto01,SLN,NL,3,14,2,3,0,0,0,0,0,0.0,0,3.0,0.0,0.0,0.0,0.0,0.0
2020,NLWC2,flaheja01,SLN,NL,1,0,0,0,0,0,0,0,0,0.0,0,0.0,0.0,0.0,0.0,0.0,0.0
2020,NLWC2,fowlede01,SLN,NL,3,14,1,4,1,0,0,2,0,0.0,0,4.0,0.0,0.0,0.0,0.0,0.0
2020,NLWC2,gallegi01,SLN,NL,2,0,0,0,0,0,0,0,0,0.0,0,0.0,0.0,0.0,0.0,0.0,0.0
2020,NLWC2,goldspa01,SLN,NL,3,13,2,3,1,0,2,3,0,0.0,1,2.0,0.0,0.0,0.0,0.0,0.0
2020,NLWC2,gombeau01,SLN,NL,1,0,0,0,0,0,0,0,0,0.0,0,0.0,0.0,0.0,0.0,0.0,0.0
2020,NLWC2,grishtr01,SDN,NL,3,11,1,0,0,0,0,0,0,0.0,3,6.0,0.0,0.0,0.0,0.0,0.0
2020,NLWC2,helslry01,SLN,NL,2,0,0,0,0,0,0,0,0,0.0,0,0.0,0.0,0.0,0.0,0.0,0.0
2020,NLWC2,hillti01,SDN,NL,1,0,0,0,0,0,0,0,0,0.0,0,0.0,0.0,0.0,0.0,0.0,0.0
2020,NLWC2,hosmeer01,SDN,NL,3,12,1,2,1,0,0,3,0,0.0,1,2.0,0.0,0.0,0.0,1.0,1.0
2020,NLWC2,johnspi01,SDN,NL,3,0,0,0,0,0,0,0,0,0.0,0,0.0,0.0,0.0,0.0,0.0,0.0
2020,NLWC2,kimkw01,SLN,NL,1,0,0,0,0,0,0,0,0,0.0,0,0.0,0.0,0.0,0.0,0.0,0.0
2020,NLWC2,machama01,SDN,NL,3,14,1,2,0,0,1,1,0,0.0,0,2.0,0.0,0.0,0.0,0.0,1.0
2020,NLWC2,millean01,SLN,NL,1,0,0,0,0,0,0,0,0,0.0,0,0.0,0.0,0.0,0.0,0.0,0.0
2020,NLWC2,millebr02,SLN,NL,1,1,0,0,0,0,0,0,0,0.0,0,0.0,0.0,0.0,0.0,0.0,0.0
2020,NLWC2,molinya01,SLN,NL,3,13,2,6,2,0,0,2,0,0.0,1,1.0,0.0,0.0,0.0,0.0,0.0
2020,NLWC2,morejad01,SDN,NL,2,0,0,0,0,0,0,0,0,0.0,0,0.0,0.0,0.0,0.0,0.0,0.0
2020,NLWC2,morelmi01,SDN,NL,2,6,1,3,0,0,0,0,0,0.0,0,2.0,0.0,0.0,0.0,0.0,0.0
2020,NLWC2,myerswi01,SDN,NL,3,12,2,4,0,0,2,4,0,0.0,2,3.0,0.0,0.0,0.0,0.0,0.0
2020,NLWC2,nolaau01,SDN,NL,3,8,2,0,0,0,0,2,0,0.0,3,5.0,0.0,0.0,0.0,2.0,0.0
2020,NLWC2,oneilty01,SLN,NL,3,0,0,0,0,0,0,0,0,0.0,0,0.0,0.0,0.0,0.0,0.0,0.0
2020,NLWC2,paddach01,SDN,NL,1,0,0,0,0,0,0,0,0,0.0,0,0.0,0.0,0.0,0.0,0.0,0.0
2020,NLWC2,paganem01,SDN,NL,3,0,0,0,0,0,0,0,0,0.0,0,0.0,0.0,0.0,0.0,0.0,0.0
2020,NLWC2,patinlu01,SDN,NL,1,0,0,0,0,0,0,0,0,0.0,0,0.0,0.0,0.0,0.0,0.0,0.0
2020,NLWC2,phamth01,SDN,NL,3,13,1,6,2,0,0,1,2,0.0,0,1.0,0.0,0.0,0.0,0.0,1.0
2020,NLWC2,pomerdr01,SDN,NL,3,0,0,0,0,0,0,0,0,0.0,0,0.0,0.0,0.0,0.0,0.0,0.0
2020,NLWC2,ponceda01,SLN,NL,1,0,0,0,0,0,0,0,0,0.0,0,0.0,0.0,0.0,0.0,0.0,0.0
2020,NLWC2,profaju01,SDN,NL,3,7,1,4,0,0,0,0,0,0.0,0,1.0,0.0,0.0,0.0,0.0,0.0
2020,NLWC2,reyesal02,SLN,NL,2,0,0,0,0,0,0,0,0,0.0,0,0.0,0.0,0.0,0.0,0.0,0.0
2020,NLWC2,richaga01,SDN,NL,2,0,0,0,0,0,0,0,0,0.0,0,0.0,0.0,0.0,0.0,0.0,0.0
2020,NLWC2,rosentr01,SDN,NL,3,0,0,0,0,0,0,0,0,0.0,0,0.0,0.0,0.0,0.0,0.0,0.0
2020,NLWC2,stammcr01,SDN,NL,2,0,0,0,0,0,0,0,0,0.0,0,0.0,0.0,0.0,0.0,0.0,0.0
2020,NLWC2,strahma01,SDN,NL,2,0,0,0,0,0,0,0,0,0.0,0,0.0,0.0,0.0,0.0,0.0,0.0
2020,NLWC2,tatisfe02,SDN,NL,3,11,5,5,1,0,2,5,0,0.0,3,3.0,1.0,0.0,0.0,0.0,0.0
2020,NLWC2,wainwad01,SLN,NL,1,0,0,0,0,0,0,0,0,0.0,0,0.0,0.0,0.0,0.0,0.0,0.0
2020,NLWC2,webbty01,SLN,NL,1,0,0,0,0,0,0,0,0,0.0,0,0.0,0.0,0.0,0.0,0.0,0.0
2020,NLWC2,whitlko01,SLN,NL,1,0,0,0,0,0,0,0,0,0.0,0,0.0,0.0,0.0,0.0,0.0,0.0
2020,NLWC2,wongko01,SLN,NL,3,14,1,3,1,0,1,4,0,0.0,0,0.0,0.0,0.0,0.0,1.0,0.0
2020,NLWC3,aguilje01,MIA,NL,2,8,1,2,1,0,1,2,0,0.0,0,2.0,0.0,1.0,0.0,0.0,1.0
2020,NLWC3,alcansa01,MIA,NL,1,0,0,0,0,0,0,0,0,0.0,0,0.0,0.0,0.0,0.0,0.0,0.0
2020,NLWC3,anderbr06,MIA,NL,2,9,0,0,0,0,0,0,0,0.0,0,4.0,0.0,0.0,0.0,0.0,1.0
2020,NLWC3,baezja01,CHN,NL,2,8,0,1,0,0,0,0,0,0.0,0,3.0,0.0,0.0,0.0,0.0,0.0
2020,NLWC3,bertijo01,MIA,NL,2,5,0,1,0,0,0,0,2,0.0,2,0.0,0.0,1.0,0.0,0.0,0.0
2020,NLWC3,bleieri01,MIA,NL,2,0,0,0,0,0,0,0,0,0.0,0,0.0,0.0,0.0,0.0,0.0,0.0
2020,NLWC3,boteda01,CHN,NL,1,4,0,0,0,0,0,0,0,0.0,0,2.0,0.0,0.0,0.0,0.0,0.0
2020,NLWC3,boxbebr01,MIA,NL,1,0,0,0,0,0,0,0,0,0.0,0,0.0,0.0,0.0,0.0,0.0,0.0
2020,NLWC3,brinsle01,MIA,NL,2,1,1,0,0,0,0,0,0,0.0,0,0.0,0.0,0.0,0.0,0.0,0.0
2020,NLWC3,bryankr01,CHN,NL,2,8,0,0,0,0,0,0,0,0.0,0,2.0,0.0,0.0,0.0,0.0,0.0
2020,NLWC3,caratvi01,CHN,NL,2,6,0,1,0,0,0,0,0,0.0,0,1.0,0.0,0.0,0.0,0.0,0.0
2020,NLWC3,chafian01,CHN,NL,1,0,0,0,0,0,0,0,0,0.0,0,0.0,0.0,0.0,0.0,0.0,0.0
2020,NLWC3,contrwi01,CHN,NL,2,4,0,1,1,0,0,0,0,0.0,1,0.0,0.0,3.0,0.0,0.0,0.0
2020,NLWC3,coopega03,MIA,NL,2,8,1,2,0,0,1,1,0,0.0,1,3.0,0.0,0.0,0.0,0.0,0.0
2020,NLWC3,darviyu01,CHN,NL,1,0,0,0,0,0,0,0,0,0.0,0,0.0,0.0,0.0,0.0,0.0,0.0
2020,NLWC3,dickeco01,MIA,NL,2,7,1,1,0,0,1,3,0,0.0,2,2.0,0.0,0.0,0.0,0.0,0.0
2020,NLWC3,garciyi01,MIA,NL,2,0,0,0,0,0,0,0,0,0.0,0,0.0,0.0,0.0,0.0,0.0,0.0
2020,NLWC3,hamilbi02,CHN,NL,1,0,0,0,0,0,0,0,0,0.0,0,0.0,0.0,0.0,0.0,0.0,0.0
2020,NLWC3,happia01,CHN,NL,2,8,1,4,0,0,1,1,0,0.0,0,1.0,0.0,0.0,0.0,0.0,0.0
2020,NLWC3,harrimo01,MIA,NL,2,0,0,0,0,0,0,0,1,0.0,0,0.0,0.0,0.0,0.0,0.0,0.0
2020,NLWC3,hendrky01,CHN,NL,1,0,0,0,0,0,0,0,0,0.0,0,0.0,0.0,0.0,0.0,0.0,0.0
2020,NLWC3,heywaja01,CHN,NL,2,7,0,2,1,0,0,0,0,0.0,0,1.0,0.0,1.0,0.0,0.0,0.0
2020,NLWC3,jeffrje01,CHN,NL,2,0,0,0,0,0,0,0,0,0.0,0,0.0,0.0,0.0,0.0,0.0,0.0
2020,NLWC3,joycema01,MIA,NL,2,5,0,1,1,0,0,0,0,0.0,2,1.0,0.0,0.0,0.0,0.0,0.0
2020,NLWC3,kimbrcr01,CHN,NL,1,0,0,0,0,0,0,0,0,0.0,0,0.0,0.0,0.0,0.0,0.0,0.0
2020,NLWC3,kintzbr01,MIA,NL,2,0,0,0,0,0,0,0,0,0.0,0,0.0,0.0,0.0,0.0,0.0,0.0
2020,NLWC3,kipnija01,CHN,NL,2,3,0,0,0,0,0,0,0,0.0,1,1.0,0.0,0.0,0.0,0.0,0.0
2020,NLWC3,martest01,MIA,NL,1,4,1,2,1,0,0,0,0,0.0,0,0.0,0.0,1.0,0.0,0.0,0.0
2020,NLWC3,maybica01,CHN,NL,2,2,0,0,0,0,0,0,0,0.0,0,1.0,0.0,0.0,0.0,0.0,0.0
2020,NLWC3,rizzoan01,CHN,NL,2,8,0,0,0,0,0,0,0,0.0,0,3.0,0.0,0.0,0.0,0.0,0.0
2020,NLWC3,rojasmi02,MIA,NL,2,7,1,2,0,0,0,0,0,0.0,1,1.0,1.0,0.0,0.0,0.0,0.0
2020,NLWC3,sanchsi01,MIA,NL,1,0,0,0,0,0,0,0,0,0.0,0,0.0,0.0,0.0,0.0,0.0,0.0
2020,NLWC3,schwaky01,CHN,NL,2,4,0,0,0,0,0,0,0,0.0,3,1.0,0.0,0.0,0.0,0.0,0.0
2020,NLWC3,sierrma01,MIA,NL,2,3,0,1,0,0,0,1,0,0.0,0,1.0,0.0,0.0,0.0,0.0,0.0
2020,NLWC3,teperry01,CHN,NL,1,0,0,0,0,0,0,0,0,0.0,0,0.0,0.0,0.0,0.0,0.0,0.0
2020,NLWC3,wallach01,MIA,NL,2,7,1,1,0,0,0,0,0,0.0,0,3.0,0.0,0.0,0.0,0.0,1.0
2020,NLWC3,winklda01,CHN,NL,1,0,0,0,0,0,0,0,0,0.0,0,0.0,0.0,0.0,0.0,0.0,0.0
2020,NLWC4,acunaro01,ATL,NL,2,11,0,4,2,0,0,1,1,0.0,0,4.0,0.0,0.0,0.0,0.0,0.0
2020,NLWC4,akiyash01,CIN,NL,2,5,0,0,0,0,0,0,0,0.0,0,2.0,0.0,0.0,0.0,0.0,0.0
2020,NLWC4,albieoz01,ATL,NL,2,8,1,2,0,0,0,0,1,0.0,1,1.0,0.0,0.0,0.0,0.0,0.0
2020,NLWC4,anderia01,ATL,NL,1,0,0,0,0,0,0,0,0,0.0,0,0.0,0.0,0.0,0.0,0.0,0.0
2020,NLWC4,aquinar01,CIN,NL,1,6,0,2,0,0,0,0,0,1.0,0,2.0,0.0,0.0,0.0,0.0,0.0
2020,NLWC4,barnhtu01,CIN,NL,2,5,0,0,0,0,0,0,0,0.0,0,3.0,0.0,0.0,0.0,0.0,0.0
2020,NLWC4,bauertr01,CIN,NL,1,0,0,0,0,0,0,0,0,0.0,0,0.0,0.0,0.0,0.0,0.0,0.0
2020,NLWC4,bradlar01,CIN,NL,1,0,0,0,0,0,0,0,0,0.0,0,0.0,0.0,0.0,0.0,0.0,0.0
2020,NLWC4,casalcu01,CIN,NL,2,2,0,0,0,0,0,0,0,0.0,0,1.0,0.0,0.0,0.0,0.0,0.0
2020,NLWC4,casteni01,CIN,NL,2,10,0,3,1,0,0,0,0,0.0,0,4.0,0.0,0.0,0.0,0.0,0.0
2020,NLWC4,castilu02,CIN,NL,1,0,0,0,0,0,0,0,0,0.0,0,0.0,0.0,0.0,0.0,0.0,0.0
2020,NLWC4,culbech01,ATL,NL,1,0,0,0,0,0,0,0,0,0.0,0,0.0,0.0,0.0,0.0,0.0,0.0
2020,NLWC4,darnatr01,ATL,NL,2,9,0,2,0,0,0,0,0,0.0,0,4.0,0.0,0.0,0.0,0.0,0.0
2020,NLWC4,davidma02,CIN,NL,1,0,0,0,0,0,0,0,0,0.0,0,0.0,0.0,0.0,0.0,0.0,0.0
2020,NLWC4,duvalad01,ATL,NL,2,8,1,1,0,0,1,2,0,0.0,1,6.0,0.0,0.0,0.0,0.0,0.0
2020,NLWC4,farmeky01,CIN,NL,1,5,0,0,0,0,0,0,0,0.0,0,2.0,0.0,0.0,0.0,0.0,0.0
2020,NLWC4,flowety01,ATL,NL,1,0,0,0,0,0,0,0,0,0.0,0,0.0,0.0,0.0,0.0,0.0,0.0
2020,NLWC4,freemfr01,ATL,NL,2,6,1,1,0,0,0,1,0,0.0,3,1.0,1.0,1.0,0.0,0.0,0.0
2020,NLWC4,friedma01,ATL,NL,1,0,0,0,0,0,0,0,0,0.0,0,0.0,0.0,0.0,0.0,0.0,0.0
2020,NLWC4,galvifr01,CIN,NL,2,3,0,1,0,0,0,0,0,0.0,1,1.0,0.0,0.0,0.0,0.0,0.0
2020,NLWC4,garcijo02,CIN,NL,1,1,0,0,0,0,0,0,0,0.0,0,0.0,0.0,0.0,0.0,0.0,0.0
2020,NLWC4,garream01,CIN,NL,1,0,0,0,0,0,0,0,0,0.0,0,0.0,0.0,0.0,0.0,0.0,0.0
2020,NLWC4,goodwbr01,CIN,NL,2,1,0,0,0,0,0,0,0,0.0,0,0.0,0.0,0.0,0.0,0.0,0.0
2020,NLWC4,greensh02,ATL,NL,1,0,0,0,0,0,0,0,0,0.0,0,0.0,0.0,0.0,0.0,0.0,0.0
2020,NLWC4,iglesra01,CIN,NL,2,0,0,0,0,0,0,0,0,0.0,0,0.0,0.0,0.0,0.0,0.0,0.0
2020,NLWC4,jankotr01,CIN,NL,1,0,0,0,0,0,0,0,1,0.0,0,0.0,0.0,0.0,0.0,0.0,0.0
2020,NLWC4,lorenmi01,CIN,NL,2,0,0,0,0,0,0,0,0,0.0,0,0.0,0.0,0.0,0.0,0.0,0.0
2020,NLWC4,markani01,ATL,NL,2,9,0,2,0,0,0,0,0,0.0,0,4.0,0.0,0.0,0.0,0.0,0.0
2020,NLWC4,martich02,ATL,NL,2,0,0,0,0,0,0,0,0,0.0,0,0.0,0.0,0.0,0.0,0.0,0.0
2020,NLWC4,matzety01,ATL,NL,1,0,0,0,0,0,0,0,0,0.0,0,0.0,0.0,0.0,0.0,0.0,0.0
2020,NLWC4,melanma01,ATL,NL,2,0,0,0,0,0,0,0,0,0.0,0,0.0,0.0,0.0,0.0,0.0,0.0
2020,NLWC4,minteaj01,ATL,NL,1,0,0,0,0,0,0,0,0,0.0,0,0.0,0.0,0.0,0.0,0.0,0.0
2020,NLWC4,moustmi01,CIN,NL,2,8,0,0,0,0,0,0,0,0.0,1,2.0,0.0,0.0,0.0,0.0,0.0
2020,NLWC4,odayda01,ATL,NL,1,0,0,0,0,0,0,0,0,0.0,0,0.0,0.0,0.0,0.0,0.0,0.0
2020,NLWC4,ozunama01,ATL,NL,2,9,1,1,0,0,1,2,0,0.0,0,5.0,0.0,0.0,0.0,0.0,0.0
2020,NLWC4,pachecr01,ATL,NL,2,0,1,0,0,0,0,0,0,0.0,0,0.0,0.0,0.0,0.0,0.0,0.0
2020,NLWC4,rileyau01,ATL,NL,2,8,1,1,0,0,0,0,0,0.0,0,5.0,0.0,1.0,0.0,0.0,0.0
2020,NLWC4,senzeni01,CIN,NL,2,7,0,2,0,0,0,0,0,0.0,0,2.0,0.0,0.0,0.0,0.0,0.0
2020,NLWC4,simslu01,CIN,NL,2,0,0,0,0,0,0,0,0,0.0,0,0.0,0.0,0.0,0.0,0.0,0.0
2020,NLWC4,smithwi04,ATL,NL,2,0,0,0,0,0,0,0,0,0.0,0,0.0,0.0,0.0,0.0,0.0,0.0
2020,NLWC4,suareeu01,CIN,NL,2,9,0,2,0,0,0,0,0,0.0,1,4.0,0.0,0.0,0.0,0.0,0.0
2020,NLWC4,swansda01,ATL,NL,2,9,0,1,0,0,0,0,0,0.0,0,5.0,0.0,0.0,0.0,0.0,0.0
2020,NLWC4,vottojo01,CIN,NL,2,9,0,2,0,0,0,0,0,0.0,1,3.0,1.0,0.0,0.0,0.0,0.0
2020,NLWC4,winkeje01,CIN,NL,2,6,0,1,0,0,0,0,0,0.0,1,2.0,0.0,1.0,0.0,0.0,0.0
2020,WS,adamewi01,TBA,AL,6,21,0,3,2,0,0,1,0,1.0,0,8.0,0.0,0.0,0.0,0.0,0.0
2020,WS,anderni01,TBA,AL,3,0,0,0,0,0,0,0,0,0.0,0,0.0,0.0,0.0,0.0,0.0,0.0
2020,WS,arozara01,TBA,AL,6,22,5,8,0,0,3,4,0,1.0,4,4.0,1.0,0.0,0.0,0.0,2.0
2020,WS,baezpe01,LAN,NL,3,0,0,0,0,0,0,0,0,0.0,0,0.0,0.0,0.0,0.0,0.0,0.0
2020,WS,barneau01,LAN,NL,5,13,2,2,0,0,1,2,0,1.0,2,3.0,0.0,0.0,1.0,0.0,0.0
2020,WS,bellico01,LAN,NL,6,22,2,3,0,0,1,3,0,0.0,2,6.0,1.0,0.0,0.0,0.0,0.0
2020,WS,bettsmo01,LAN,NL,6,26,5,7,2,0,2,3,4,0.0,2,7.0,0.0,0.0,0.0,0.0,0.0
2020,WS,brossmi01,TBA,AL,5,6,0,2,0,0,0,1,0,0.0,1,3.0,0.0,0.0,0.0,0.0,0.0
2020,WS,buehlwa01,LAN,NL,1,0,0,0,0,0,0,0,0,0.0,0,0.0,0.0,0.0,0.0,0.0,0.0
2020,WS,castidi01,TBA,AL,3,0,0,0,0,0,0,0,0,0.0,0,0.0,0.0,0.0,0.0,0.0,0.0
2020,WS,choiji01,TBA,AL,6,9,3,1,0,0,0,0,0,0.0,3,4.0,0.0,0.0,0.0,0.0,0.0
2020,WS,curtijo02,TBA,AL,3,0,0,0,0,0,0,0,0,0.0,0,0.0,0.0,0.0,0.0,0.0,0.0
2020,WS,diazya01,TBA,AL,5,12,1,4,0,1,0,1,0,0.0,2,3.0,0.0,0.0,0.0,0.0,0.0
2020,WS,fairbpe01,TBA,AL,3,0,0,0,0,0,0,0,0,0.0,0,0.0,0.0,0.0,0.0,0.0,0.0
2020,WS,flemijo01,TBA,AL,1,0,0,0,0,0,0,0,0,0.0,0,0.0,0.0,0.0,0.0,0.0,0.0
2020,WS,florody01,LAN,NL,3,0,0,0,0,0,0,0,0,0.0,0,0.0,0.0,0.0,0.0,0.0,0.0
2020,WS,glasnty01,TBA,AL,2,0,0,0,0,0,0,0,0,0.0,0,0.0,0.0,0.0,0.0,0.0,0.0
2020,WS,gonsoto01,LAN,NL,2,0,0,0,0,0,0,0,0,0.0,0,0.0,0.0,0.0,0.0,0.0,0.0
2020,WS,gonzavi02,LAN,NL,4,0,0,0,0,0,0,0,0,0.0,0,0.0,0.0,0.0,0.0,0.0,0.0
2020,WS,gratebr01,LAN,NL,3,0,0,0,0,0,0,0,0,0.0,0,0.0,0.0,0.0,0.0,0.0,0.0
2020,WS,hernaen02,LAN,NL,6,10,1,2,1,0,0,2,0,0.0,1,3.0,0.0,0.0,0.0,0.0,0.0
2020,WS,janseke01,LAN,NL,2,0,0,0,0,0,0,0,0,0.0,0,0.0,0.0,0.0,0.0,0.0,0.0
2020,WS,kellyjo05,LAN,NL,2,0,0,0,0,0,0,0,0,0.0,0,0.0,0.0,0.0,0.0,0.0,0.0
2020,WS,kershcl01,LAN,NL,2,0,0,0,0,0,0,0,0,0.0,0,0.0,0.0,0.0,0.0,0.0,0.0
2020,WS,kiermke01,TBA,AL,6,19,4,7,1,0,2,3,0,0.0,1,6.0,0.0,0.0,0.0,0.0,0.0
2020,WS,kolarad01,LAN,NL,1,0,0,0,0,0,0,0,0,0.0,0,0.0,0.0,0.0,0.0,0.0,0.0
2020,WS,loupaa01,TBA,AL,4,0,0,0,0,0,0,0,0,0.0,0,0.0,0.0,0.0,0.0,0.0,0.0
2020,WS,lowebr01,TBA,AL,6,24,3,3,0,0,3,6,0,0.0,1,10.0,0.0,0.0,0.0,0.0,0.0
2020,WS,margoma01,TBA,AL,6,19,3,6,1,0,0,0,2,1.0,2,9.0,0.0,0.0,0.0,0.0,0.0
2020,WS,maydu01,LAN,NL,2,0,0,0,0,0,0,0,0,0.0,0,0.0,0.0,0.0,0.0,0.0,0.0
2020,WS,mcclash01,TBA,AL,1,0,0,0,0,0,0,0,0,0.0,0,0.0,0.0,0.0,0.0,0.0,0.0
2020,WS,mcgeeja01,LAN,NL,1,0,0,0,0,0,0,0,0,0.0,0,0.0,0.0,0.0,0.0,0.0,0.0
2020,WS,meadoau01,TBA,AL,6,16,1,3,0,0,0,0,0,0.0,0,6.0,0.0,0.0,0.0,0.0,0.0
2020,WS,mortoch02,TBA,AL,1,0,0,0,0,0,0,0,0,0.0,0,0.0,0.0,0.0,0.0,0.0,0.0
2020,WS,muncyma01,LAN,NL,6,22,3,7,1,0,1,6,0,0.0,5,4.0,0.0,0.0,0.0,0.0,1.0
2020,WS,pederjo01,LAN,NL,6,10,2,4,0,0,1,3,0,0.0,2,2.0,1.0,0.0,0.0,0.0,0.0
2020,WS,perezmi03,TBA,AL,3,0,0,0,0,0,0,0,0,0.0,0,0.0,0.0,0.0,0.0,0.0,0.0
2020,WS,phillbr02,TBA,AL,3,1,0,1,0,0,0,1,0,0.0,0,0.0,0.0,0.0,0.0,0.0,0.0
2020,WS,polloaj01,LAN,NL,3,6,0,1,1,0,0,0,0,0.0,1,1.0,0.0,0.0,0.0,0.0,0.0
2020,WS,renfrhu01,TBA,AL,5,8,1,1,0,0,1,1,0,0.0,1,2.0,0.0,0.0,0.0,0.0,0.0
2020,WS,riosed01,LAN,NL,2,2,0,0,0,0,0,0,0,0.0,0,2.0,0.0,0.0,0.0,0.0,0.0
2020,WS,seageco01,LAN,NL,6,20,7,8,0,0,2,5,1,0.0,6,4.0,0.0,1.0,0.0,0.0,1.0
2020,WS,sherrry01,TBA,AL,2,0,0,0,0,0,0,0,0,0.0,0,0.0,0.0,0.0,0.0,0.0,0.0
2020,WS,smithwi05,LAN,NL,6,24,3,4,1,0,1,2,0,0.0,2,10.0,0.0,0.0,0.0,0.0,0.0
2020,WS,snellbl01,TBA,AL,2,0,0,0,0,0,0,0,0,0.0,0,0.0,0.0,0.0,0.0,0.0,0.0
2020,WS,tayloch03,LAN,NL,6,23,2,5,1,0,1,3,0,0.0,1,11.0,0.0,0.0,0.0,0.0,0.0
2020,WS,thompry02,TBA,AL,3,0,0,0,0,0,0,0,0,0.0,0,0.0,0.0,0.0,0.0,0.0,0.0
2020,WS,treinbl01,LAN,NL,3,0,0,0,0,0,0,0,0,0.0,0,0.0,0.0,0.0,0.0,0.0,0.0
2020,WS,tsutsyo01,TBA,AL,3,3,0,0,0,0,0,0,0,0.0,0,1.0,0.0,0.0,0.0,0.0,0.0
2020,WS,turneju01,LAN,NL,6,25,5,8,4,0,2,2,0,0.0,1,8.0,0.0,0.0,0.0,0.0,0.0
2020,WS,uriasju01,LAN,NL,2,0,0,0,0,0,0,0,0,0.0,0,0.0,0.0,0.0,0.0,0.0,0.0
2020,WS,wendljo01,TBA,AL,6,18,1,2,2,0,0,3,0,0.0,0,5.0,0.0,0.0,0.0,1.0,0.0
2020,WS,woodal02,LAN,NL,2,0,0,0,0,0,0,0,0,0.0,0,0.0,0.0,0.0,0.0,0.0,0.0
2020,WS,yarbrry01,TBA,AL,3,0,0,0,0,0,0,0,0,0.0,0,0.0,0.0,0.0,0.0,0.0,0.0
2020,WS,zuninmi01,TBA,AL,6,16,0,1,0,0,0,0,0,0.0,1,9.0,0.0,0.0,0.0,0.0,1.0
2021,ALCS,altuvjo01,HOU,AL,6,24,6,3,0,0,2,4,0,0.0,3,3.0,0.0,0.0,0.0,1.0,1.0
2021,ALCS,alvaryo01,HOU,AL,6,23,7,12,3,1,1,6,0,0.0,2,5.0,0.0,0.0,0.0,1.0,0.0
2021,ALCS,arroych01,BOS,AL,6,19,3,4,0,1,1,3,0,0.0,0,4.0,0.0,0.0,1.0,0.0,1.0
2021,ALCS,bogaexa01,BOS,AL,6,26,2,5,2,0,1,2,0,0.0,2,10.0,0.0,0.0,0.0,0.0,0.0
2021,ALCS,brantmi02,HOU,AL,6,26,3,7,1,0,0,4,0,0.0,0,5.0,0.0,0.0,0.0,0.0,1.0
2021,ALCS,brasiry01,BOS,AL,3,0,0,0,0,0,0,0,0,0.0,0,0.0,0.0,0.0,0.0,0.0,0.0
2021,ALCS,bregmal01,HOU,AL,6,23,4,5,0,0,1,1,0,0.0,3,2.0,1.0,0.0,0.0,0.0,2.0
2021,ALCS,castrja01,HOU,AL,3,3,2,2,0,0,1,2,0,0.0,2,0.0,0.0,0.0,0.0,0.0,0.0
2021,ALCS,correca01,HOU,AL,6,24,5,6,1,0,1,1,0,0.0,1,7.0,1.0,1.0,0.0,0.0,0.0
2021,ALCS,dalbebo01,BOS,AL,3,2,0,0,0,0,0,0,0,0.0,0,1.0,0.0,0.0,0.0,0.0,0.0
2021,ALCS,deverra01,BOS,AL,6,24,7,7,0,0,3,6,0,0.0,3,2.0,0.0,0.0,0.0,0.0,0.0
2021,ALCS,diazal02,HOU,AL,3,2,0,0,0,0,0,0,0,0.0,0,2.0,0.0,0.0,0.0,0.0,0.0
2021,ALCS,eovalna01,BOS,AL,3,0,0,0,0,0,0,0,0,0.0,0,0.0,0.0,0.0,0.0,0.0,0.0
2021,ALCS,garcilu05,HOU,AL,2,0,0,0,0,0,0,0,0,0.0,0,0.0,0.0,0.0,0.0,0.0,0.0
2021,ALCS,garciyi01,HOU,AL,3,0,0,0,0,0,0,0,0,0.0,0,0.0,0.0,0.0,0.0,0.0,0.0
2021,ALCS,gourryu01,HOU,AL,6,22,4,10,1,0,1,6,1,0.0,3,1.0,2.0,0.0,0.0,0.0,1.0
2021,ALCS,graveke01,HOU,AL,3,0,0,0,0,0,0,0,0,0.0,0,0.0,0.0,0.0,0.0,0.0,0.0
2021,ALCS,greinza01,HOU,AL,1,0,0,0,0,0,0,0,0,0.0,0,0.0,0.0,0.0,0.0,0.0,0.0
2021,ALCS,hernada02,BOS,AL,2,0,0,0,0,0,0,0,0,0.0,0,0.0,0.0,0.0,0.0,0.0,0.0
2021,ALCS,hernaen02,BOS,AL,6,26,4,10,1,1,3,3,0,0.0,0,4.0,0.0,1.0,0.0,0.0,0.0
2021,ALCS,houckta01,BOS,AL,2,0,0,0,0,0,0,0,0,0.0,0,0.0,0.0,0.0,0.0,0.0,0.0
2021,ALCS,javiecr01,HOU,AL,2,0,0,0,0,0,0,0,0,0.0,0,0.0,0.0,0.0,0.0,0.0,0.0
2021,ALCS,maldoma01,HOU,AL,6,14,0,1,0,0,0,0,0,0.0,1,4.0,0.0,2.0,0.0,0.0,0.0
2021,ALCS,martijd02,BOS,AL,6,17,3,4,1,0,2,6,0,0.0,5,9.0,0.0,1.0,0.0,0.0,0.0
2021,ALCS,matonph01,HOU,AL,4,0,0,0,0,0,0,0,0,0.0,0,0.0,0.0,0.0,0.0,0.0,0.0
2021,ALCS,mccorch01,HOU,AL,5,14,1,4,0,0,0,0,0,0.0,1,6.0,0.0,0.0,0.0,0.0,0.0
2021,ALCS,odorija01,HOU,AL,1,0,0,0,0,0,0,0,0,0.0,0,0.0,0.0,0.0,0.0,0.0,0.0
2021,ALCS,ottavad01,BOS,AL,4,0,0,0,0,0,0,0,0,0.0,0,0.0,0.0,0.0,0.0,0.0,0.0
2021,ALCS,perezma02,BOS,AL,4,0,0,0,0,0,0,0,0,0.0,0,0.0,0.0,0.0,0.0,0.0,0.0
2021,ALCS,pivetni01,BOS,AL,1,0,0,0,0,0,0,0,0,0.0,0,0.0,0.0,0.0,0.0,0.0,0.0
2021,ALCS,plaweke01,BOS,AL,3,3,1,0,0,0,0,0,0,0.0,1,0.0,0.0,0.0,0.0,0.0,0.0
2021,ALCS,pressry01,HOU,AL,3,0,0,0,0,0,0,0,0,0.0,0,0.0,0.0,0.0,0.0,0.0,0.0
2021,ALCS,raleybr01,HOU,AL,3,0,0,0,0,0,0,0,0,0.0,0,0.0,0.0,0.0,0.0,0.0,0.0
2021,ALCS,renfrhu01,BOS,AL,6,16,2,1,1,0,0,1,1,0.0,4,8.0,0.0,0.0,0.0,0.0,2.0
2021,ALCS,robleha01,BOS,AL,3,0,0,0,0,0,0,0,0,0.0,0,0.0,0.0,0.0,0.0,0.0,0.0
2021,ALCS,rodried05,BOS,AL,1,0,0,0,0,0,0,0,0,0.0,0,0.0,0.0,0.0,0.0,0.0,0.0
2021,ALCS,salech01,BOS,AL,2,0,0,0,0,0,0,0,0,0.0,0,0.0,0.0,0.0,0.0,0.0,0.0
2021,ALCS,santada01,BOS,AL,3,3,0,0,0,0,0,0,0,0.0,0,3.0,0.0,0.0,0.0,0.0,0.0
2021,ALCS,sawamhi01,BOS,AL,3,0,0,0,0,0,0,0,0,0.0,0,0.0,0.0,0.0,0.0,0.0,0.0
2021,ALCS,schwaky01,BOS,AL,6,25,2,3,1,0,1,4,0,0.0,2,7.0,0.0,0.0,0.0,0.0,1.0
2021,ALCS,shawtr01,BOS,AL,3,3,0,0,0,0,0,0,0,0.0,0,2.0,0.0,0.0,0.0,0.0,0.0
2021,ALCS,sirijo01,HOU,AL,3,8,0,1,0,0,0,2,0,0.0,0,1.0,0.0,0.0,0.0,0.0,0.0
2021,ALCS,stanery01,HOU,AL,5,0,0,0,0,0,0,0,0,0.0,0,0.0,0.0,0.0,0.0,0.0,0.0
2021,ALCS,taylobl01,HOU,AL,2,0,0,0,0,0,0,0,0,0.0,0,0.0,0.0,0.0,0.0,0.0,0.0
2021,ALCS,taylojo02,BOS,AL,3,0,0,0,0,0,0,0,0,0.0,0,0.0,0.0,0.0,0.0,0.0,0.0
2021,ALCS,tuckeky01,HOU,AL,6,23,4,6,1,0,2,8,1,0.0,2,7.0,0.0,0.0,0.0,0.0,1.0
2021,ALCS,urquijo01,HOU,AL,1,0,0,0,0,0,0,0,0,0.0,0,0.0,0.0,0.0,0.0,0.0,0.0
2021,ALCS,valdefr01,HOU,AL,2,0,0,0,0,0,0,0,0,0.0,0,0.0,0.0,0.0,0.0,0.0,0.0
2021,ALCS,vazquch01,BOS,AL,6,15,2,3,1,0,0,2,0,0.0,1,3.0,0.0,0.0,0.0,0.0,0.0
2021,ALCS,verdual01,BOS,AL,6,19,2,5,1,0,0,0,1,1.0,5,1.0,0.0,0.0,0.0,0.0,0.0
2021,ALCS,whitlga01,BOS,AL,2,0,0,0,0,0,0,0,0,0.0,0,0.0,0.0,0.0,0.0,0.0,0.0
2021,ALDS1,abreujo02,CHA,AL,4,14,1,5,0,0,0,3,0,0.0,2,3.0,0.0,2.0,0.0,0.0,1.0
2021,ALDS1,altuvjo01,HOU,AL,4,16,9,5,2,0,1,3,1,0.0,4,5.0,0.0,1.0,0.0,0.0,0.0
2021,ALDS1,alvaryo01,HOU,AL,4,11,4,3,1,0,1,3,0,0.0,6,6.0,0.0,0.0,0.0,0.0,0.0
2021,ALDS1,anderti01,CHA,AL,4,19,4,7,0,0,0,1,0,0.0,0,5.0,0.0,0.0,0.0,0.0,0.0
2021,ALDS1,brantmi02,HOU,AL,4,19,0,7,1,0,0,4,1,0.0,0,5.0,0.0,0.0,1.0,0.0,0.0
2021,ALDS1,bregmal01,HOU,AL,4,16,4,6,1,0,0,4,0,0.0,2,6.0,0.0,0.0,0.0,0.0,0.0
2021,ALDS1,bummeaa01,CHA,AL,3,0,0,0,0,0,0,0,0,0.0,0,0.0,0.0,0.0,0.0,0.0,0.0
2021,ALDS1,castrja01,HOU,AL,1,1,0,0,0,0,0,0,0,0.0,0,1.0,0.0,0.0,0.0,0.0,0.0
2021,ALDS1,ceasedy01,CHA,AL,1,0,0,0,0,0,0,0,0,0.0,0,0.0,0.0,0.0,0.0,0.0,0.0
2021,ALDS1,correca01,HOU,AL,4,13,4,5,2,0,0,4,0,0.0,4,2.0,0.0,0.0,0.0,0.0,1.0
2021,ALDS1,crochga01,CHA,AL,3,0,0,0,0,0,0,0,0,0.0,0,0.0,0.0,0.0,0.0,0.0,0.0
2021,ALDS1,diazal02,HOU,AL,1,1,0,0,0,0,0,0,0,0.0,0,0.0,0.0,0.0,0.0,0.0,0.0
2021,ALDS1,engelad01,CHA,AL,4,7,0,0,0,0,0,0,0,0.0,0,1.0,0.0,0.0,0.0,0.0,0.0
2021,ALDS1,garcile02,CHA,AL,4,15,3,3,1,0,1,4,0,0.0,1,7.0,0.0,0.0,0.0,0.0,0.0
2021,ALDS1,garcilu05,HOU,AL,1,0,0,0,0,0,0,0,0,0.0,0,0.0,0.0,0.0,0.0,0.0,0.0
2021,ALDS1,garciyi01,HOU,AL,3,0,0,0,0,0,0,0,0,0.0,0,0.0,0.0,0.0,0.0,0.0,0.0
2021,ALDS1,giolilu01,CHA,AL,1,0,0,0,0,0,0,0,0,0.0,0,0.0,0.0,0.0,0.0,0.0,0.0
2021,ALDS1,gourryu01,HOU,AL,4,17,1,3,0,0,0,2,0,0.0,0,5.0,0.0,0.0,0.0,0.0,0.0
2021,ALDS1,grandya01,CHA,AL,4,14,1,2,0,0,1,4,0,0.0,2,3.0,0.0,1.0,0.0,1.0,2.0
2021,ALDS1,graveke01,HOU,AL,3,0,0,0,0,0,0,0,0,0.0,0,0.0,0.0,0.0,0.0,0.0,0.0
2021,ALDS1,greinza01,HOU,AL,1,0,0,0,0,0,0,0,0,0.0,0,0.0,0.0,0.0,0.0,0.0,0.0
2021,ALDS1,hendrli01,CHA,AL,3,0,0,0,0,0,0,0,0,0.0,0,0.0,0.0,0.0,0.0,0.0,0.0
2021,ALDS1,hernace02,CHA,AL,3,7,0,2,0,0,0,0,0,0.0,4,3.0,0.0,0.0,0.0,0.0,0.0
2021,ALDS1,javiecr01,HOU,AL,1,0,0,0,0,0,0,0,0,0.0,0,0.0,0.0,0.0,0.0,0.0,0.0
2021,ALDS1,jimenel02,CHA,AL,4,17,0,5,0,0,0,3,0,0.0,0,5.0,0.0,0.0,0.0,0.0,1.0
2021,ALDS1,kimbrcr01,CHA,AL,3,0,0,0,0,0,0,0,0,0.0,0,0.0,0.0,0.0,0.0,0.0,0.0
2021,ALDS1,kopecmi01,CHA,AL,2,0,0,0,0,0,0,0,0,0.0,0,0.0,0.0,0.0,0.0,0.0,0.0
2021,ALDS1,lopezre01,CHA,AL,1,0,0,0,0,0,0,0,0,0.0,0,0.0,0.0,0.0,0.0,0.0,0.0
2021,ALDS1,lynnla01,CHA,AL,1,0,0,0,0,0,0,0,0,0.0,0,0.0,0.0,0.0,0.0,0.0,0.0
2021,ALDS1,maldoma01,HOU,AL,4,15,1,1,0,0,0,1,0,0.0,0,6.0,0.0,0.0,1.0,0.0,1.0
2021,ALDS1,matonph01,HOU,AL,3,0,0,0,0,0,0,0,0,0.0,0,0.0,0.0,0.0,0.0,0.0,0.0
2021,ALDS1,mccorch01,HOU,AL,2,5,2,2,0,0,0,1,0,0.0,2,1.0,0.0,0.0,0.0,1.0,0.0
2021,ALDS1,mcculla02,HOU,AL,2,0,0,0,0,0,0,0,0,0.0,0,0.0,0.0,0.0,0.0,0.0,0.0
2021,ALDS1,meyerja02,HOU,AL,4,8,1,3,0,0,0,2,1,0.0,0,2.0,0.0,0.0,0.0,0.0,0.0
2021,ALDS1,moncayo01,CHA,AL,4,16,2,4,0,0,0,0,0,0.0,1,3.0,0.0,0.0,0.0,0.0,1.0
2021,ALDS1,pressry01,HOU,AL,3,0,0,0,0,0,0,0,0,0.0,0,0.0,0.0,0.0,0.0,0.0,0.0
2021,ALDS1,raleybr01,HOU,AL,1,0,0,0,0,0,0,0,0,0.0,0,0.0,0.0,0.0,0.0,0.0,0.0
2021,ALDS1,roberlu01,CHA,AL,4,15,4,7,0,0,0,1,0,1.0,2,2.0,0.0,1.0,0.0,0.0,0.0
2021,ALDS1,rodonca01,CHA,AL,1,0,0,0,0,0,0,0,0,0.0,0,0.0,0.0,0.0,0.0,0.0,0.0
2021,ALDS1,ruizjo01,CHA,AL,1,0,0,0,0,0,0,0,0,0.0,0,0.0,0.0,0.0,0.0,0.0,0.0
2021,ALDS1,sheetga01,CHA,AL,3,12,2,4,1,0,1,1,0,0.0,0,5.0,0.0,0.0,0.0,0.0,0.0
2021,ALDS1,stanery01,HOU,AL,3,0,0,0,0,0,0,0,0,0.0,0,0.0,0.0,0.0,0.0,0.0,0.0
2021,ALDS1,teperry01,CHA,AL,3,0,0,0,0,0,0,0,0,0.0,0,0.0,0.0,0.0,0.0,0.0,0.0
2021,ALDS1,tuckeky01,HOU,AL,4,17,5,5,1,0,2,7,2,0.0,0,2.0,0.0,0.0,0.0,0.0,0.0
2021,ALDS1,valdefr01,HOU,AL,1,0,0,0,0,0,0,0,0,0.0,0,0.0,0.0,0.0,0.0,0.0,0.0
2021,ALDS1,vaughan01,CHA,AL,2,5,1,2,1,0,0,1,0,0.0,0,2.0,0.0,0.0,0.0,0.0,0.0
2021,ALDS2,arozara01,TBA,AL,4,15,4,5,1,0,1,3,2,0.0,4,4.0,0.0,0.0,0.0,0.0,0.0
2021,ALDS2,arroych01,BOS,AL,4,16,1,5,1,0,0,0,0,0.0,0,2.0,0.0,0.0,1.0,0.0,0.0
2021,ALDS2,barnema01,BOS,AL,1,0,0,0,0,0,0,0,0,0.0,0,0.0,0.0,0.0,0.0,0.0,0.0
2021,ALDS2,bazsh01,TBA,AL,1,0,0,0,0,0,0,0,0,0.0,0,0.0,0.0,0.0,0.0,0.0,0.0
2021,ALDS2,bogaexa01,BOS,AL,4,18,3,6,0,0,1,2,0,0.0,1,3.0,0.0,0.0,0.0,0.0,1.0
2021,ALDS2,brasiry01,BOS,AL,3,0,0,0,0,0,0,0,0,0.0,0,0.0,0.0,0.0,0.0,0.0,0.0
2021,ALDS2,chargjt01,TBA,AL,4,0,0,0,0,0,0,0,0,0.0,0,0.0,0.0,0.0,0.0,0.0,0.0
2021,ALDS2,choiji01,TBA,AL,3,7,1,2,0,0,1,1,0,0.0,0,2.0,0.0,0.0,0.0,0.0,0.0
2021,ALDS2,cruzne02,TBA,AL,4,17,2,3,0,0,1,1,0,0.0,1,5.0,0.0,0.0,0.0,0.0,0.0
2021,ALDS2,dalbebo01,BOS,AL,4,6,0,0,0,0,0,0,0,0.0,0,2.0,0.0,0.0,0.0,0.0,1.0
2021,ALDS2,davisau01,BOS,AL,1,0,0,0,0,0,0,0,0,0.0,0,0.0,0.0,0.0,0.0,0.0,0.0
2021,ALDS2,deverra01,BOS,AL,4,18,3,6,0,0,2,6,0,0.0,2,5.0,0.0,0.0,0.0,0.0,0.0
2021,ALDS2,diazya01,TBA,AL,4,15,1,3,0,0,0,2,0,0.0,1,2.0,0.0,0.0,0.0,0.0,0.0
2021,ALDS2,eovalna01,BOS,AL,1,0,0,0,0,0,0,0,0,0.0,0,0.0,0.0,0.0,0.0,0.0,0.0
2021,ALDS2,fairbpe01,TBA,AL,2,0,0,0,0,0,0,0,0,0.0,0,0.0,0.0,0.0,0.0,0.0,0.0
2021,ALDS2,feyerjo01,TBA,AL,3,0,0,0,0,0,0,0,0,0.0,0,0.0,0.0,0.0,0.0,0.0,0.0
2021,ALDS2,flemijo01,TBA,AL,2,0,0,0,0,0,0,0,0,0.0,0,0.0,0.0,0.0,0.0,0.0,0.0
2021,ALDS2,francwa01,TBA,AL,4,19,5,7,2,0,2,4,0,0.0,0,3.0,0.0,0.0,0.0,0.0,0.0
2021,ALDS2,hernaen02,BOS,AL,4,20,4,9,3,0,2,6,0,0.0,0,2.0,0.0,0.0,0.0,1.0,0.0
2021,ALDS2,houckta01,BOS,AL,2,0,0,0,0,0,0,0,0,0.0,0,0.0,0.0,0.0,0.0,0.0,0.0
2021,ALDS2,kiermke01,TBA,AL,4,14,2,3,3,0,0,1,0,0.0,2,4.0,1.0,0.0,0.0,0.0,1.0
2021,ALDS2,kittran01,TBA,AL,2,0,0,0,0,0,0,0,0,0.0,0,0.0,0.0,0.0,0.0,0.0,0.0
2021,ALDS2,lowebr01,TBA,AL,4,18,0,0,0,0,0,0,0,0.0,0,9.0,0.0,0.0,0.0,0.0,0.0
2021,ALDS2,luplojo01,TBA,AL,4,7,2,2,1,0,1,4,0,0.0,1,4.0,0.0,0.0,0.0,0.0,0.0
2021,ALDS2,margoma01,TBA,AL,3,7,1,1,0,0,0,0,0,1.0,1,3.0,0.0,0.0,0.0,0.0,0.0
2021,ALDS2,martijd02,BOS,AL,3,15,1,7,1,0,1,4,0,0.0,0,1.0,0.0,0.0,0.0,0.0,0.0
2021,ALDS2,mcclash01,TBA,AL,2,0,0,0,0,0,0,0,0,0.0,0,0.0,0.0,0.0,0.0,0.0,0.0
2021,ALDS2,mchugco01,TBA,AL,2,0,0,0,0,0,0,0,0,0.0,0,0.0,0.0,0.0,0.0,0.0,0.0
2021,ALDS2,meadoau01,TBA,AL,3,9,1,2,1,0,1,3,0,0.0,0,2.0,0.0,0.0,0.0,0.0,0.0
2021,ALDS2,mejiafr01,TBA,AL,1,0,0,0,0,0,0,0,0,0.0,1,0.0,0.0,0.0,0.0,0.0,0.0
2021,ALDS2,ottavad01,BOS,AL,1,0,0,0,0,0,0,0,0,0.0,0,0.0,0.0,0.0,0.0,0.0,0.0
2021,ALDS2,patinlu01,TBA,AL,2,0,0,0,0,0,0,0,0,0.0,0,0.0,0.0,0.0,0.0,0.0,0.0
2021,ALDS2,pivetni01,BOS,AL,2,0,0,0,0,0,0,0,0,0.0,0,0.0,0.0,0.0,0.0,0.0,0.0
2021,ALDS2,plaweke01,BOS,AL,1,2,0,0,0,0,0,0,0,0.0,0,0.0,0.0,0.0,0.0,0.0,2.0
2021,ALDS2,rasmudr01,TBA,AL,1,0,0,0,0,0,0,0,0,0.0,0,0.0,0.0,0.0,0.0,0.0,0.0
2021,ALDS2,renfrhu01,BOS,AL,4,17,2,5,1,0,0,0,0,0.0,2,2.0,0.0,0.0,0.0,0.0,3.0
2021,ALDS2,richaga01,BOS,AL,1,0,0,0,0,0,0,0,0,0.0,0,0.0,0.0,0.0,0.0,0.0,0.0
2021,ALDS2,roberda08,TBA,AL,3,0,0,0,0,0,0,0,0,0.0,0,0.0,0.0,0.0,0.0,0.0,0.0
2021,ALDS2,robleha01,BOS,AL,2,0,0,0,0,0,0,0,0,0.0,0,0.0,0.0,0.0,0.0,0.0,0.0
2021,ALDS2,rodried05,BOS,AL,2,0,0,0,0,0,0,0,0,0.0,0,0.0,0.0,0.0,0.0,0.0,0.0
2021,ALDS2,salech01,BOS,AL,1,0,0,0,0,0,0,0,0,0.0,0,0.0,0.0,0.0,0.0,0.0,0.0
2021,ALDS2,santada01,BOS,AL,2,0,2,0,0,0,0,0,0,0.0,0,0.0,0.0,0.0,0.0,0.0,0.0
2021,ALDS2,schwaky01,BOS,AL,4,16,4,5,0,0,1,1,1,0.0,2,4.0,0.0,0.0,0.0,0.0,0.0
2021,ALDS2,shawtr01,BOS,AL,1,1,0,1,0,0,0,0,0,0.0,0,0.0,0.0,0.0,0.0,0.0,0.0
2021,ALDS2,taylojo02,BOS,AL,3,0,0,0,0,0,0,0,0,0.0,0,0.0,0.0,0.0,0.0,0.0,0.0
2021,ALDS2,vazquch01,BOS,AL,4,16,3,6,0,0,1,4,0,0.0,0,3.0,0.0,0.0,1.0,0.0,0.0
2021,ALDS2,verdual01,BOS,AL,4,19,3,6,1,0,1,3,0,0.0,0,2.0,0.0,0.0,0.0,0.0,0.0
2021,ALDS2,wachami01,TBA,AL,1,0,0,0,0,0,0,0,0,0.0,0,0.0,0.0,0.0,0.0,0.0,0.0
2021,ALDS2,wendljo01,TBA,AL,2,4,0,1,1,0,0,0,0,0.0,0,2.0,0.0,0.0,0.0,0.0,0.0
2021,ALDS2,whitlga01,BOS,AL,2,0,0,0,0,0,0,0,0,0.0,0,0.0,0.0,0.0,0.0,0.0,0.0
2021,ALDS2,wislema01,TBA,AL,2,0,0,0,0,0,0,0,0,0.0,0,0.0,0.0,0.0,0.0,0.0,0.0
2021,ALDS2,zuninmi01,TBA,AL,4,15,1,2,1,0,0,0,0,0.0,0,6.0,0.0,0.0,0.0,0.0,0.0
2021,ALWC,arroych01,BOS,AL,1,3,0,0,0,0,0,0,0,0.0,0,1.0,0.0,0.0,0.0,0.0,0.0
2021,ALWC,bogaexa01,BOS,AL,1,2,2,1,0,0,1,2,0,0.0,2,1.0,0.0,0.0,0.0,0.0,0.0
2021,ALWC,brasiry01,BOS,AL,1,0,0,0,0,0,0,0,0,0.0,0,0.0,0.0,0.0,0.0,0.0,0.0
2021,ALWC,colege01,NYA,AL,1,0,0,0,0,0,0,0,0,0.0,0,0.0,0.0,0.0,0.0,0.0,0.0
2021,ALWC,dalbebo01,BOS,AL,1,4,0,0,0,0,0,0,0,0.0,0,2.0,0.0,0.0,0.0,0.0,0.0
2021,ALWC,deverra01,BOS,AL,1,2,1,0,0,0,0,0,0,0.0,2,1.0,0.0,0.0,0.0,0.0,0.0
2021,ALWC,eovalna01,BOS,AL,1,0,0,0,0,0,0,0,0,0.0,0,0.0,0.0,0.0,0.0,0.0,0.0
2021,ALWC,gallojo01,NYA,AL,1,4,0,0,0,0,0,0,0,0.0,0,1.0,0.0,0.0,0.0,0.0,0.0
2021,ALWC,gardnbr01,NYA,AL,1,3,0,0,0,0,0,0,0,0.0,0,3.0,0.0,0.0,0.0,0.0,0.0
2021,ALWC,greench03,NYA,AL,1,0,0,0,0,0,0,0,0,0.0,0,0.0,0.0,0.0,0.0,0.0,0.0
2021,ALWC,hernaen02,BOS,AL,1,3,1,1,0,0,0,0,0,0.0,1,0.0,0.0,0.0,0.0,0.0,0.0
2021,ALWC,higasky01,NYA,AL,1,2,0,0,0,0,0,0,0,0.0,0,2.0,0.0,0.0,0.0,0.0,0.0
2021,ALWC,holmecl01,NYA,AL,1,0,0,0,0,0,0,0,0,0.0,0,0.0,0.0,0.0,0.0,0.0,0.0
2021,ALWC,houckta01,BOS,AL,1,0,0,0,0,0,0,0,0,0.0,0,0.0,0.0,0.0,0.0,0.0,0.0
2021,ALWC,judgeaa01,NYA,AL,1,4,0,1,0,0,0,0,0,0.0,0,0.0,0.0,0.0,0.0,0.0,0.0
2021,ALWC,loaisjo01,NYA,AL,1,0,0,0,0,0,0,0,0,0.0,0,0.0,0.0,0.0,0.0,0.0,0.0
2021,ALWC,odorro01,NYA,AL,1,2,0,0,0,0,0,0,0,0.0,0,1.0,0.0,0.0,0.0,0.0,0.0
2021,ALWC,plaweke01,BOS,AL,1,2,0,1,1,0,0,0,0,0.0,0,0.0,0.0,0.0,0.0,0.0,1.0
2021,ALWC,renfrhu01,BOS,AL,1,3,0,1,0,0,0,0,0,0.0,1,2.0,0.0,0.0,0.0,0.0,0.0
2021,ALWC,rizzoan01,NYA,AL,1,4,1,1,0,0,1,1,0,0.0,0,2.0,0.0,0.0,0.0,0.0,0.0
2021,ALWC,robleha01,BOS,AL,1,0,0,0,0,0,0,0,0,0.0,0,0.0,0.0,0.0,0.0,0.0,0.0
2021,ALWC,sanchga02,NYA,AL,1,1,0,0,0,0,0,0,0,0.0,0,0.0,0.0,0.0,0.0,0.0,0.0
2021,ALWC,schwaky01,BOS,AL,1,3,2,1,0,0,1,1,0,0.0,1,0.0,0.0,0.0,0.0,0.0,0.0
2021,ALWC,severlu01,NYA,AL,1,0,0,0,0,0,0,0,0,0.0,0,0.0,0.0,0.0,0.0,0.0,0.0
2021,ALWC,shawtr01,BOS,AL,1,1,0,0,0,0,0,0,0,0.0,0,1.0,0.0,0.0,0.0,0.0,0.0
2021,ALWC,stantmi03,NYA,AL,1,4,1,3,0,0,1,1,0,0.0,0,1.0,0.0,0.0,0.0,0.0,0.0
2021,ALWC,torregl01,NYA,AL,1,4,0,0,0,0,0,0,0,0.0,0,0.0,0.0,0.0,0.0,0.0,0.0
2021,ALWC,urshegi01,NYA,AL,1,3,0,1,0,0,0,0,0,0.0,0,1.0,0.0,0.0,0.0,0.0,0.0
2021,ALWC,vazquch01,BOS,AL,1,1,0,0,0,0,0,0,0,0.0,0,1.0,0.0,0.0,0.0,0.0,0.0
2021,ALWC,velazan01,NYA,AL,1,1,0,0,0,0,0,0,0,0.0,0,0.0,0.0,0.0,0.0,0.0,0.0
2021,ALWC,verdual01,BOS,AL,1,4,0,2,1,0,0,3,0,0.0,0,0.0,0.0,0.0,0.0,0.0,1.0
2021,ALWC,whitlga01,BOS,AL,1,0,0,0,0,0,0,0,0,0.0,0,0.0,0.0,0.0,0.0,0.0,0.0
2021,NLCS,adriaeh01,ATL,NL,6,6,1,1,1,0,0,0,0,0.0,0,2.0,0.0,0.0,0.0,0.0,0.0
2021,NLCS,albieoz01,ATL,NL,6,25,7,7,1,0,0,1,2,0.0,2,5.0,0.0,0.0,0.0,0.0,0.0
2021,NLCS,anderia01,ATL,NL,2,1,0,0,0,0,0,0,0,0.0,0,1.0,0.0,0.0,0.0,0.0,0.0
2021,NLCS,arciaor01,ATL,NL,2,2,0,0,0,0,0,0,0,0.0,0,1.0,0.0,0.0,0.0,0.0,0.0
2021,NLCS,barneau01,LAN,NL,2,1,0,0,0,0,0,0,0,0.0,0,1.0,0.0,0.0,1.0,0.0,0.0
2021,NLCS,beatyma01,LAN,NL,4,3,0,0,0,0,0,0,0,0.0,0,0.0,0.0,0.0,0.0,0.0,0.0
2021,NLCS,bellico01,LAN,NL,6,17,2,7,0,0,1,4,2,0.0,3,3.0,1.0,0.0,0.0,0.0,0.0
2021,NLCS,bettsmo01,LAN,NL,6,23,4,4,1,0,0,1,4,0.0,4,3.0,0.0,0.0,0.0,0.0,1.0
2021,NLCS,bickfph01,LAN,NL,3,0,0,0,0,0,0,0,0,0.0,0,0.0,0.0,0.0,0.0,0.0,0.0
2021,NLCS,bruihju01,LAN,NL,3,0,0,0,0,0,0,0,0,0.0,0,0.0,0.0,0.0,0.0,0.0,0.0
2021,NLCS,buehlwa01,LAN,NL,3,2,0,0,0,0,0,0,0,0.0,0,1.0,0.0,0.0,0.0,0.0,0.0
2021,NLCS,burnsan01,LAN,NL,2,2,0,0,0,0,0,0,0,0.0,0,0.0,0.0,0.0,0.0,0.0,0.0
2021,NLCS,camarjo01,ATL,NL,4,4,0,0,0,0,0,0,0,0.0,0,2.0,0.0,0.0,0.0,0.0,0.0
2021,NLCS,chaveje01,ATL,NL,3,0,0,0,0,0,0,0,0,0.0,0,0.0,0.0,0.0,0.0,0.0,0.0
2021,NLCS,darnatr01,ATL,NL,6,19,1,4,0,0,0,0,0,0.0,3,7.0,0.0,0.0,0.0,0.0,2.0
2021,NLCS,duvalad01,ATL,NL,6,21,2,4,0,0,1,4,0,0.0,1,9.0,1.0,0.0,0.0,1.0,0.0
2021,NLCS,freemfr01,ATL,NL,6,21,4,6,1,0,2,4,1,0.0,6,8.0,1.0,0.0,0.0,0.0,1.0
2021,NLCS,friedma01,ATL,NL,2,3,0,0,0,0,0,0,0,0.0,0,3.0,0.0,0.0,0.0,0.0,0.0
2021,NLCS,gonsoto01,LAN,NL,3,1,0,1,0,0,0,0,0,0.0,0,0.0,0.0,0.0,0.0,0.0,0.0
2021,NLCS,gratebr01,LAN,NL,3,1,0,0,0,0,0,0,0,0.0,0,1.0,0.0,0.0,0.0,0.0,0.0
2021,NLCS,heredgu01,ATL,NL,3,2,0,0,0,0,0,0,0,0.0,0,0.0,0.0,0.0,0.0,0.0,0.0
2021,NLCS,jackslu01,ATL,NL,4,0,0,0,0,0,0,0,0,0.0,0,0.0,0.0,0.0,0.0,0.0,0.0
2021,NLCS,janseke01,LAN,NL,5,0,0,0,0,0,0,0,0,0.0,0,0.0,0.0,0.0,0.0,0.0,0.0
2021,NLCS,kellyjo05,LAN,NL,4,0,0,0,0,0,0,0,0,0.0,0,0.0,0.0,0.0,0.0,0.0,0.0
2021,NLCS,knebeco01,LAN,NL,4,0,0,0,0,0,0,0,0,0.0,0,0.0,0.0,0.0,0.0,0.0,0.0
2021,NLCS,leedy01,ATL,NL,1,0,0,0,0,0,0,0,0,0.0,0,0.0,0.0,0.0,0.0,0.0,0.0
2021,NLCS,luxga01,LAN,NL,3,5,0,0,0,0,0,0,1,0.0,2,1.0,0.0,0.0,0.0,0.0,0.0
2021,NLCS,martich02,ATL,NL,3,0,0,0,0,0,0,0,0,0.0,0,0.0,0.0,0.0,0.0,0.0,0.0
2021,NLCS,matzety01,ATL,NL,5,0,0,0,0,0,0,0,0,0.0,0,0.0,0.0,0.0,0.0,0.0,0.0
2021,NLCS,minteaj01,ATL,NL,4,0,0,0,0,0,0,0,0,0.0,0,0.0,0.0,0.0,0.0,0.0,0.0
2021,NLCS,mortoch02,ATL,NL,1,2,0,0,0,0,0,0,0,0.0,0,2.0,0.0,0.0,0.0,0.0,0.0
2021,NLCS,pachecr01,ATL,NL,1,0,0,0,0,0,0,0,0,0.0,0,0.0,0.0,0.0,0.0,0.0,0.0
2021,NLCS,pederjo01,ATL,NL,6,22,2,5,0,0,1,4,0,0.0,1,8.0,0.0,1.0,0.0,0.0,0.0
2021,NLCS,phillev01,LAN,NL,2,0,0,0,0,0,0,0,0,0.0,0,0.0,0.0,0.0,0.0,0.0,0.0
2021,NLCS,polloaj01,LAN,NL,6,21,5,8,3,0,2,7,0,0.0,0,3.0,0.0,0.0,0.0,0.0,1.0
2021,NLCS,pujolal01,LAN,NL,6,13,2,3,0,0,0,0,0,0.0,1,5.0,0.0,0.0,0.0,0.0,0.0
2021,NLCS,rileyau01,ATL,NL,6,25,3,5,2,0,1,4,0,0.0,2,10.0,0.0,0.0,0.0,0.0,0.0
2021,NLCS,rosared01,ATL,NL,6,25,6,14,1,1,3,9,1,1.0,3,3.0,0.0,0.0,0.0,0.0,0.0
2021,NLCS,scherma01,LAN,NL,1,2,0,0,0,0,0,0,0,0.0,0,0.0,0.0,0.0,0.0,0.0,0.0
2021,NLCS,seageco01,LAN,NL,6,24,3,4,1,0,2,4,0,0.0,3,9.0,1.0,0.0,0.0,0.0,0.0
2021,NLCS,smithwi04,ATL,NL,4,0,0,0,0,0,0,0,0,0.0,0,0.0,0.0,0.0,0.0,0.0,0.0
2021,NLCS,smithwi05,LAN,NL,6,23,3,5,0,0,1,1,0,0.0,4,5.0,2.0,0.0,0.0,0.0,0.0
2021,NLCS,smylydr01,ATL,NL,1,1,0,0,0,0,0,0,0,0.0,0,0.0,0.0,0.0,0.0,0.0,0.0
2021,NLCS,solerjo01,ATL,NL,2,2,0,1,1,0,0,0,0,0.0,0,1.0,0.0,0.0,0.0,0.0,0.0
2021,NLCS,souzast01,LAN,NL,6,5,0,0,0,0,0,0,0,0.0,0,3.0,0.0,0.0,0.0,0.0,0.0
2021,NLCS,swansda01,ATL,NL,6,23,2,6,0,0,0,1,1,0.0,0,6.0,0.0,0.0,0.0,0.0,1.0
2021,NLCS,tayloch03,LAN,NL,6,21,5,10,3,0,3,9,3,0.0,3,7.0,0.0,0.0,0.0,0.0,0.0
2021,NLCS,treinbl01,LAN,NL,4,0,0,0,0,0,0,0,0,0.0,0,0.0,0.0,0.0,0.0,0.0,0.0
2021,NLCS,turneju01,LAN,NL,4,10,1,2,0,0,0,0,0,0.0,1,3.0,0.0,1.0,0.0,0.0,2.0
2021,NLCS,turnetr01,LAN,NL,6,25,2,6,0,0,0,1,1,0.0,1,7.0,0.0,1.0,0.0,0.0,0.0
2021,NLCS,uriasju01,LAN,NL,2,1,0,0,0,0,0,0,0,0.0,0,0.0,0.0,0.0,0.0,0.0,0.0
2021,NLCS,vesiaal01,LAN,NL,5,0,0,0,0,0,0,0,0,0.0,0,0.0,0.0,0.0,0.0,0.0,0.0
2021,NLCS,webbja01,ATL,NL,2,0,0,0,0,0,0,0,0,0.0,0,0.0,0.0,0.0,0.0,0.0,0.0
2021,NLDS1,adamewi01,MIL,NL,4,17,0,5,1,0,0,0,0,0.0,0,9.0,0.0,0.0,0.0,0.0,0.0
2021,NLDS1,adriaeh01,ATL,NL,2,2,0,0,0,0,0,0,0,0.0,0,0.0,0.0,0.0,0.0,0.0,0.0
2021,NLDS1,albieoz01,ATL,NL,4,17,1,4,2,0,0,1,0,0.0,0,4.0,0.0,0.0,0.0,0.0,0.0
2021,NLDS1,anderia01,ATL,NL,1,1,0,0,0,0,0,0,0,0.0,0,1.0,0.0,0.0,0.0,0.0,0.0
2021,NLDS1,arciaor01,ATL,NL,3,1,0,0,0,0,0,0,0,0.0,1,0.0,0.0,0.0,0.0,0.0,0.0
2021,NLDS1,ashbyaa01,MIL,NL,2,0,0,0,0,0,0,0,0,0.0,0,0.0,0.0,0.0,0.0,0.0,0.0
2021,NLDS1,boxbebr01,MIL,NL,2,0,0,0,0,0,0,0,0,0.0,0,0.0,0.0,0.0,0.0,0.0,0.0
2021,NLDS1,bradlja02,MIL,NL,1,0,0,0,0,0,0,0,0,0.0,0,0.0,0.0,0.0,0.0,0.0,0.0
2021,NLDS1,burneco01,MIL,NL,1,1,0,0,0,0,0,0,0,0.0,0,0.0,0.0,0.0,0.0,0.0,0.0
2021,NLDS1,cainlo01,MIL,NL,4,13,0,3,0,0,0,1,1,0.0,1,2.0,0.0,0.0,0.0,0.0,0.0
2021,NLDS1,chaveje01,ATL,NL,2,0,0,0,0,0,0,0,0,0.0,0,0.0,0.0,0.0,0.0,0.0,0.0
2021,NLDS1,contrwi02,ATL,NL,1,1,0,0,0,0,0,0,0,0.0,0,0.0,0.0,0.0,0.0,0.0,0.0
2021,NLDS1,cousija01,MIL,NL,1,0,0,0,0,0,0,0,0,0.0,0,0.0,0.0,0.0,0.0,0.0,0.0
2021,NLDS1,darnatr01,ATL,NL,4,12,2,2,0,0,0,1,0,0.0,3,6.0,0.0,0.0,0.0,0.0,1.0
2021,NLDS1,duvalad01,ATL,NL,4,14,0,4,0,1,0,0,0,0.0,1,2.0,0.0,1.0,0.0,0.0,0.0
2021,NLDS1,escobed01,MIL,NL,4,10,0,3,1,0,0,0,0,0.0,0,5.0,0.0,0.0,0.0,0.0,0.0
2021,NLDS1,freemfr01,ATL,NL,4,13,2,4,1,0,1,2,0,0.0,4,4.0,0.0,0.0,0.0,0.0,0.0
2021,NLDS1,friedma01,ATL,NL,1,2,0,0,0,0,0,0,0,0.0,0,2.0,0.0,0.0,0.0,0.0,0.0
2021,NLDS1,garciav01,MIL,NL,4,15,2,2,0,0,0,0,0,0.0,0,8.0,0.0,1.0,0.0,0.0,0.0
2021,NLDS1,gorete01,ATL,NL,1,0,0,0,0,0,0,0,0,0.0,0,0.0,0.0,0.0,0.0,0.0,0.0
2021,NLDS1,haderjo01,MIL,NL,2,0,0,0,0,0,0,0,0,0.0,0,0.0,0.0,0.0,0.0,0.0,0.0
2021,NLDS1,heredgu01,ATL,NL,3,1,0,0,0,0,0,0,0,0.0,0,0.0,0.0,1.0,0.0,0.0,0.0
2021,NLDS1,housead01,MIL,NL,2,0,0,0,0,0,0,0,0,0.0,0,0.0,0.0,0.0,0.0,0.0,0.0
2021,NLDS1,jackslu01,ATL,NL,4,0,0,0,0,0,0,0,0,0.0,0,0.0,0.0,0.0,0.0,0.0,0.0
2021,NLDS1,lauerer01,MIL,NL,1,1,0,0,0,0,0,0,0,0.0,0,1.0,0.0,0.0,1.0,0.0,0.0
2021,NLDS1,mailelu01,MIL,NL,2,2,0,0,0,0,0,0,0,0.0,0,1.0,0.0,0.0,0.0,0.0,1.0
2021,NLDS1,matzety01,ATL,NL,4,0,0,0,0,0,0,0,0,0.0,0,0.0,0.0,0.0,0.0,0.0,0.0
2021,NLDS1,minteaj01,ATL,NL,1,0,0,0,0,0,0,0,0,0.0,0,0.0,0.0,0.0,0.0,0.0,0.0
2021,NLDS1,mortoch02,ATL,NL,2,3,0,0,0,0,0,0,0,0.0,0,1.0,0.0,0.0,0.0,0.0,0.0
2021,NLDS1,narvaom01,MIL,NL,3,8,0,3,1,0,0,1,0,0.0,0,0.0,0.0,0.0,0.0,0.0,1.0
2021,NLDS1,pachecr01,ATL,NL,1,0,0,0,0,0,0,0,0,0.0,0,0.0,0.0,0.0,0.0,0.0,0.0
2021,NLDS1,pederjo01,ATL,NL,4,7,2,3,0,0,2,5,0,0.0,0,0.0,0.0,0.0,0.0,0.0,0.0
2021,NLDS1,peralfr01,MIL,NL,1,1,0,0,0,0,0,0,0,0.0,0,1.0,0.0,0.0,0.0,0.0,0.0
2021,NLDS1,peterja01,MIL,NL,2,0,0,0,0,0,0,0,0,0.0,2,0.0,0.0,0.0,0.0,0.0,0.0
2021,NLDS1,pinama01,MIL,NL,3,4,0,0,0,0,0,0,0,0.0,0,3.0,0.0,0.0,0.0,0.0,0.0
2021,NLDS1,rileyau01,ATL,NL,4,15,3,5,0,0,1,1,0,0.0,1,4.0,0.0,0.0,0.0,0.0,0.0
2021,NLDS1,rosared01,ATL,NL,4,13,0,4,0,0,0,2,0,0.0,1,2.0,1.0,0.0,0.0,0.0,0.0
2021,NLDS1,smithwi04,ATL,NL,3,0,0,0,0,0,0,0,0,0.0,0,0.0,0.0,0.0,0.0,0.0,0.0
2021,NLDS1,solerjo01,ATL,NL,3,11,1,1,1,0,0,0,0,0.0,2,4.0,0.0,0.0,0.0,0.0,0.0
2021,NLDS1,strichu01,MIL,NL,3,0,0,0,0,0,0,0,0,0.0,0,0.0,0.0,0.0,0.0,0.0,0.0
2021,NLDS1,swansda01,ATL,NL,4,15,1,3,1,0,0,0,0,0.0,0,3.0,0.0,0.0,0.0,0.0,0.0
2021,NLDS1,tayloty01,MIL,NL,2,2,0,0,0,0,0,0,0,0.0,0,1.0,0.0,0.0,0.0,0.0,0.0
2021,NLDS1,tellero01,MIL,NL,4,10,2,2,0,0,2,4,0,0.0,0,4.0,0.0,0.0,0.0,0.0,0.0
2021,NLDS1,uriaslu01,MIL,NL,3,9,1,2,0,0,0,0,0,0.0,2,0.0,0.0,1.0,0.0,0.0,0.0
2021,NLDS1,vogelda01,MIL,NL,3,1,0,0,0,0,0,0,0,0.0,1,0.0,0.0,0.0,0.0,0.0,0.0
2021,NLDS1,wongko01,MIL,NL,4,15,0,1,0,0,0,0,0,0.0,1,5.0,0.0,1.0,0.0,0.0,0.0
2021,NLDS1,woodrbr01,MIL,NL,2,1,0,0,0,0,0,0,0,0.0,0,0.0,0.0,0.0,0.0,0.0,0.0
2021,NLDS1,yelicch01,MIL,NL,4,15,1,3,0,0,0,0,1,0.0,2,8.0,0.0,0.0,0.0,0.0,1.0
2021,NLDS1,ynoahu01,ATL,NL,1,0,0,0,0,0,0,0,0,0.0,0,0.0,0.0,0.0,0.0,0.0,0.0
2021,NLDS2,alvarjo02,SFN,NL,1,0,0,0,0,0,0,0,0,0.0,0,0.0,0.0,0.0,0.0,0.0,0.0
2021,NLDS2,barneau01,LAN,NL,1,1,0,0,0,0,0,0,0,0.0,0,1.0,0.0,0.0,0.0,0.0,0.0
2021,NLDS2,beatyma01,LAN,NL,4,5,0,1,0,0,0,1,0,0.0,0,1.0,0.0,0.0,0.0,0.0,0.0
2021,NLDS2,bellico01,LAN,NL,5,15,2,4,1,0,0,3,1,0.0,0,7.0,0.0,0.0,0.0,0.0,0.0
2021,NLDS2,bettsmo01,LAN,NL,5,20,2,9,0,0,1,4,2,0.0,1,2.0,0.0,0.0,0.0,1.0,0.0
2021,NLDS2,bickfph01,LAN,NL,3,0,0,0,0,0,0,0,0,0.0,0,0.0,0.0,0.0,0.0,0.0,0.0
2021,NLDS2,bryankr01,SFN,NL,5,17,1,8,0,0,1,2,0,0.0,1,3.0,0.0,0.0,0.0,0.0,0.0
2021,NLDS2,buehlwa01,LAN,NL,2,4,1,0,0,0,0,0,0,0.0,0,3.0,0.0,0.0,0.0,0.0,0.0
2021,NLDS2,casalcu01,SFN,NL,1,1,0,0,0,0,0,0,0,0.0,0,1.0,0.0,0.0,0.0,0.0,0.0
2021,NLDS2,castrke01,SFN,NL,2,0,0,0,0,0,0,0,0,0.0,0,0.0,0.0,0.0,0.0,0.0,0.0
2021,NLDS2,crawfbr01,SFN,NL,5,20,2,5,1,0,1,2,0,0.0,0,4.0,0.0,0.0,0.0,0.0,0.0
2021,NLDS2,desclan01,SFN,NL,1,0,0,0,0,0,0,0,0,0.0,0,0.0,0.0,0.0,0.0,0.0,0.0
2021,NLDS2,dickeal01,SFN,NL,4,4,0,0,0,0,0,0,0,0.0,0,3.0,0.0,0.0,0.0,0.0,0.0
2021,NLDS2,dovalca01,SFN,NL,3,0,0,0,0,0,0,0,0,0.0,0,0.0,0.0,0.0,0.0,0.0,0.0
2021,NLDS2,duggast01,SFN,NL,3,3,0,0,0,0,0,0,0,0.0,1,2.0,0.0,0.0,0.0,0.0,0.0
2021,NLDS2,florewi01,SFN,NL,4,12,1,1,0,0,0,0,0,0.0,1,2.0,0.0,0.0,0.0,0.0,0.0
2021,NLDS2,garcija04,SFN,NL,2,0,0,0,0,0,0,0,0,0.0,0,0.0,0.0,0.0,0.0,0.0,0.0
2021,NLDS2,gausmke01,SFN,NL,2,2,0,0,0,0,0,0,0,0.0,0,2.0,0.0,0.0,0.0,0.0,0.0
2021,NLDS2,gratebr01,LAN,NL,4,0,0,0,0,0,0,0,0,0.0,0,0.0,0.0,0.0,0.0,0.0,0.0
2021,NLDS2,janseke01,LAN,NL,2,0,0,0,0,0,0,0,0,0.0,0,0.0,0.0,0.0,0.0,0.0,0.0
2021,NLDS2,kellyjo05,LAN,NL,2,0,0,0,0,0,0,0,0,0.0,0,0.0,0.0,0.0,0.0,0.0,0.0
2021,NLDS2,knebeco01,LAN,NL,2,0,0,0,0,0,0,0,0,0.0,0,0.0,0.0,0.0,0.0,0.0,0.0
2021,NLDS2,lasteto01,SFN,NL,5,9,1,3,0,0,0,0,0,0.0,2,2.0,0.0,0.0,0.0,0.0,0.0
2021,NLDS2,leonedo01,SFN,NL,2,0,0,0,0,0,0,0,0,0.0,0,0.0,0.0,0.0,0.0,0.0,0.0
2021,NLDS2,litteza01,SFN,NL,2,0,0,0,0,0,0,0,0,0.0,0,0.0,0.0,0.0,0.0,0.0,0.0
2021,NLDS2,longoev01,SFN,NL,5,17,2,2,0,0,1,1,0,0.0,0,4.0,0.0,0.0,0.0,0.0,1.0
2021,NLDS2,luxga01,LAN,NL,5,9,1,3,0,0,0,0,0,0.0,2,2.0,0.0,0.0,0.0,0.0,0.0
2021,NLDS2,mcgeeja01,SFN,NL,3,0,0,0,0,0,0,0,0,0.0,0,0.0,0.0,0.0,0.0,0.0,0.0
2021,NLDS2,mckinbi01,LAN,NL,3,1,0,0,0,0,0,0,0,0.0,0,1.0,0.0,0.0,0.0,0.0,0.0
2021,NLDS2,polloaj01,LAN,NL,4,11,2,3,1,0,0,2,0,0.0,1,5.0,1.0,0.0,0.0,0.0,0.0
2021,NLDS2,poseybu01,SFN,NL,5,20,1,6,2,0,1,2,0,0.0,0,6.0,0.0,0.0,0.0,0.0,0.0
2021,NLDS2,pujolal01,LAN,NL,2,3,0,2,0,0,0,0,0,0.0,0,0.0,0.0,0.0,0.0,0.0,0.0
2021,NLDS2,rogerty01,SFN,NL,4,0,0,0,0,0,0,0,0,0.0,0,0.0,0.0,0.0,0.0,0.0,0.0
2021,NLDS2,rufda01,SFN,NL,3,11,1,1,0,0,1,2,0,0.0,0,5.0,0.0,0.0,0.0,0.0,0.0
2021,NLDS2,scherma01,LAN,NL,2,1,0,0,0,0,0,0,0,0.0,0,1.0,0.0,0.0,1.0,0.0,0.0
2021,NLDS2,seageco01,LAN,NL,5,21,2,5,2,0,0,2,0,0.0,1,3.0,0.0,0.0,0.0,0.0,0.0
2021,NLDS2,slateau01,SFN,NL,3,5,0,2,1,0,0,0,0,0.0,0,0.0,0.0,0.0,0.0,0.0,0.0
2021,NLDS2,smithwi05,LAN,NL,5,18,3,6,2,0,2,3,0,0.0,3,2.0,0.0,0.0,0.0,0.0,0.0
2021,NLDS2,solando01,SFN,NL,5,8,0,0,0,0,0,1,0,0.0,0,3.0,0.0,0.0,0.0,1.0,0.0
2021,NLDS2,souzast01,LAN,NL,3,2,0,1,0,0,0,0,0,0.0,1,1.0,0.0,0.0,0.0,0.0,0.0
2021,NLDS2,tayloch03,LAN,NL,4,14,3,2,1,0,0,1,0,0.0,2,2.0,0.0,0.0,0.0,1.0,0.0
2021,NLDS2,treinbl01,LAN,NL,3,0,0,0,0,0,0,0,0,0.0,0,0.0,0.0,0.0,0.0,0.0,0.0
2021,NLDS2,turneju01,LAN,NL,5,20,1,1,0,0,0,0,0,0.0,1,4.0,0.0,1.0,0.0,0.0,1.0
2021,NLDS2,turnetr01,LAN,NL,5,22,1,3,2,0,0,1,0,0.0,0,5.0,0.0,0.0,0.0,0.0,1.0
2021,NLDS2,uriasju01,LAN,NL,2,3,0,1,0,0,0,1,0,0.0,0,1.0,0.0,0.0,0.0,0.0,0.0
2021,NLDS2,vesiaal01,LAN,NL,2,0,0,0,0,0,0,0,0,0.0,0,0.0,0.0,0.0,0.0,0.0,0.0
2021,NLDS2,wadela01,SFN,NL,5,10,1,1,0,0,0,0,0,0.0,1,4.0,0.0,0.0,0.0,0.0,0.0
2021,NLDS2,webblo01,SFN,NL,2,5,0,0,0,0,0,0,0,0.0,0,4.0,0.0,0.0,0.0,0.0,0.0
2021,NLDS2,woodal02,SFN,NL,1,2,0,0,0,0,0,0,0,0.0,0,0.0,0.0,0.0,0.0,0.0,0.0
2021,NLDS2,yastrmi01,SFN,NL,5,13,0,0,0,0,0,0,0,0.0,0,4.0,0.0,0.0,0.0,0.0,0.0
2021,NLWC,arenano01,SLN,NL,1,4,0,0,0,0,0,0,0,0.0,0,0.0,0.0,0.0,0.0,0.0,0.0
2021,NLWC,baderha01,SLN,NL,1,1,0,0,0,0,0,0,0,0.0,1,1.0,0.0,2.0,0.0,0.0,0.0
2021,NLWC,beatyma01,LAN,NL,1,3,0,0,0,0,0,0,0,0.0,0,0.0,0.0,0.0,0.0,0.0,0.0
2021,NLWC,bellico01,LAN,NL,1,2,1,1,0,0,0,0,2,0.0,2,1.0,0.0,0.0,0.0,0.0,0.0
2021,NLWC,bettsmo01,LAN,NL,1,4,0,2,0,0,0,0,0,0.0,0,0.0,0.0,0.0,0.0,0.0,0.0
2021,NLWC,carlsdy01,SLN,NL,1,4,0,1,0,0,0,0,0,0.0,0,1.0,0.0,0.0,0.0,0.0,0.0
2021,NLWC,dejonpa01,SLN,NL,1,1,0,0,0,0,0,0,0,0.0,0,1.0,0.0,0.0,0.0,0.0,0.0
2021,NLWC,edmanto01,SLN,NL,1,5,1,3,0,0,0,0,2,0.0,0,1.0,0.0,0.0,0.0,0.0,0.0
2021,NLWC,gallegi01,SLN,NL,1,0,0,0,0,0,0,0,0,0.0,0,0.0,0.0,0.0,0.0,0.0,0.0
2021,NLWC,garcilu03,SLN,NL,1,0,0,0,0,0,0,0,0,0.0,0,0.0,0.0,0.0,0.0,0.0,0.0
2021,NLWC,goldspa01,SLN,NL,1,3,0,1,0,0,0,0,0,0.0,2,1.0,0.0,0.0,0.0,0.0,0.0
2021,NLWC,gratebr01,LAN,NL,1,0,0,0,0,0,0,0,0,0.0,0,0.0,0.0,0.0,0.0,0.0,0.0
2021,NLWC,janseke01,LAN,NL,1,0,0,0,0,0,0,0,0,0.0,0,0.0,0.0,0.0,0.0,0.0,0.0
2021,NLWC,kellyjo05,LAN,NL,1,0,0,0,0,0,0,0,0,0.0,0,0.0,0.0,0.0,0.0,0.0,0.0
2021,NLWC,knebeco01,LAN,NL,1,0,0,0,0,0,0,0,0,0.0,0,0.0,0.0,0.0,0.0,0.0,0.0
2021,NLWC,luxga01,LAN,NL,1,0,0,0,0,0,0,0,0,0.0,0,0.0,0.0,0.0,0.0,0.0,0.0
2021,NLWC,mcfartj01,SLN,NL,1,0,0,0,0,0,0,0,0,0.0,0,0.0,0.0,0.0,0.0,0.0,0.0
2021,NLWC,mckinbi01,LAN,NL,1,0,0,0,0,0,0,0,0,0.0,0,0.0,0.0,0.0,0.0,0.0,0.0
2021,NLWC,molinya01,SLN,NL,1,4,0,0,0,0,0,0,0,0.0,0,0.0,0.0,0.0,0.0,0.0,0.0
2021,NLWC,oneilty01,SLN,NL,1,4,0,0,0,0,0,0,1,0.0,1,3.0,0.0,0.0,0.0,0.0,0.0
2021,NLWC,polloaj01,LAN,NL,1,3,0,0,0,0,0,0,0,0.0,0,1.0,0.0,0.0,0.0,0.0,0.0
2021,NLWC,pujolal01,LAN,NL,1,1,0,0,0,0,0,0,0,0.0,0,0.0,0.0,0.0,0.0,0.0,0.0
2021,NLWC,raleylu01,LAN,NL,1,1,0,0,0,0,0,0,0,0.0,0,1.0,0.0,0.0,0.0,0.0,0.0
2021,NLWC,reyesal02,SLN,NL,1,0,0,0,0,0,0,0,0,0.0,0,0.0,0.0,0.0,0.0,0.0,0.0
2021,NLWC,scherma01,LAN,NL,1,0,0,0,0,0,0,0,0,0.0,0,0.0,0.0,0.0,1.0,0.0,0.0
2021,NLWC,seageco01,LAN,NL,1,3,0,0,0,0,0,0,0,0.0,1,2.0,0.0,0.0,0.0,0.0,0.0
2021,NLWC,smithwi05,LAN,NL,1,3,0,0,0,0,0,0,0,0.0,1,1.0,0.0,0.0,0.0,0.0,0.0
2021,NLWC,sosaed01,SLN,NL,1,4,0,0,0,0,0,0,0,0.0,0,1.0,0.0,0.0,0.0,0.0,0.0
2021,NLWC,souzast01,LAN,NL,1,1,0,0,0,0,0,0,0,0.0,0,0.0,0.0,0.0,0.0,0.0,0.0
2021,NLWC,tayloch03,LAN,NL,1,2,1,1,0,0,1,2,0,0.0,0,0.0,0.0,0.0,0.0,0.0,0.0
2021,NLWC,treinbl01,LAN,NL,1,0,0,0,0,0,0,0,0,0.0,0,0.0,0.0,0.0,0.0,0.0,0.0
2021,NLWC,turneju01,LAN,NL,1,4,1,1,0,0,1,1,0,0.0,0,1.0,0.0,0.0,0.0,0.0,0.0
2021,NLWC,turnetr01,LAN,NL,1,4,0,2,0,0,0,0,0,0.0,0,0.0,0.0,0.0,0.0,0.0,1.0
2021,NLWC,wainwad01,SLN,NL,1,2,0,0,0,0,0,0,0,0.0,0,1.0,0.0,0.0,1.0,0.0,0.0
2021,WS,adriaeh01,ATL,NL,2,2,0,0,0,0,0,0,0,0.0,0,0.0,0.0,0.0,0.0,0.0,0.0
2021,WS,albieoz01,ATL,NL,6,21,4,5,0,0,0,0,1,0.0,4,5.0,0.0,0.0,0.0,0.0,0.0
2021,WS,altuvjo01,HOU,AL,6,27,6,6,1,0,2,2,1,0.0,1,9.0,0.0,0.0,0.0,0.0,0.0
2021,WS,alvaryo01,HOU,AL,6,20,2,2,0,1,0,0,0,0.0,5,6.0,0.0,1.0,0.0,0.0,1.0
2021,WS,anderia01,ATL,NL,1,2,0,0,0,0,0,0,0,0.0,0,1.0,0.0,0.0,0.0,0.0,0.0
2021,WS,arciaor01,ATL,NL,1,1,0,0,0,0,0,0,0,0.0,0,0.0,0.0,0.0,0.0,0.0,0.0
2021,WS,brantmi02,HOU,AL,6,24,1,8,2,0,0,1,0,0.0,3,4.0,0.0,0.0,0.0,0.0,2.0
2021,WS,bregmal01,HOU,AL,6,21,1,2,1,0,0,2,0,0.0,2,7.0,1.0,1.0,0.0,1.0,0.0
2021,WS,castrja01,HOU,AL,2,3,0,0,0,0,0,0,0,0.0,0,1.0,0.0,0.0,0.0,0.0,0.0
2021,WS,chaveje01,ATL,NL,2,0,0,0,0,0,0,0,0,0.0,0,0.0,0.0,0.0,0.0,0.0,0.0
2021,WS,correca01,HOU,AL,6,23,1,6,1,0,0,4,0,0.0,1,4.0,0.0,1.0,0.0,0.0,1.0
2021,WS,darnatr01,ATL,NL,6,24,4,7,1,0,2,2,0,0.0,0,10.0,0.0,0.0,0.0,0.0,1.0
2021,WS,davidtu01,ATL,NL,1,1,0,0,0,0,0,0,0,0.0,0,1.0,0.0,0.0,0.0,0.0,0.0
2021,WS,diazal02,HOU,AL,4,3,0,1,0,0,0,0,0,0.0,1,1.0,0.0,0.0,0.0,0.0,0.0
2021,WS,duvalad01,ATL,NL,6,24,2,5,0,0,2,6,0,0.0,1,5.0,0.0,0.0,0.0,0.0,0.0
2021,WS,freemfr01,ATL,NL,6,22,2,7,1,0,2,5,0,0.0,2,5.0,0.0,0.0,0.0,1.0,1.0
2021,WS,friedma01,ATL,NL,2,0,0,0,0,0,0,0,0,0.0,0,0.0,0.0,0.0,0.0,0.0,0.0
2021,WS,garcilu05,HOU,AL,2,1,0,0,0,0,0,0,0,0.0,0,0.0,0.0,0.0,0.0,0.0,0.0
2021,WS,garciyi01,HOU,AL,4,0,0,0,0,0,0,0,0,0.0,0,0.0,0.0,0.0,0.0,0.0,0.0
2021,WS,gonzama01,HOU,AL,4,4,0,1,0,0,0,2,0,0.0,0,2.0,0.0,0.0,0.0,0.0,0.0
2021,WS,gourryu01,HOU,AL,6,22,3,6,0,0,0,2,1,0.0,2,4.0,2.0,0.0,0.0,0.0,0.0
2021,WS,graveke01,HOU,AL,3,1,0,0,0,0,0,0,0,0.0,0,1.0,0.0,0.0,0.0,0.0,0.0
2021,WS,greinza01,HOU,AL,2,3,0,2,0,0,0,0,0,0.0,0,0.0,0.0,0.0,0.0,0.0,0.0
2021,WS,heredgu01,ATL,NL,4,0,0,0,0,0,0,0,0,0.0,0,0.0,0.0,0.0,0.0,0.0,0.0
2021,WS,jackslu01,ATL,NL,3,0,0,0,0,0,0,0,0,0.0,0,0.0,0.0,0.0,0.0,0.0,0.0
2021,WS,javiecr01,HOU,AL,3,0,0,0,0,0,0,0,0,0.0,0,0.0,0.0,0.0,0.0,0.0,0.0
2021,WS,leedy01,ATL,NL,2,0,0,0,0,0,0,0,0,0.0,0,0.0,0.0,0.0,0.0,0.0,0.0
2021,WS,maldoma01,HOU,AL,6,17,1,4,0,0,0,4,0,0.0,1,6.0,0.0,0.0,0.0,1.0,0.0
2021,WS,martich02,ATL,NL,2,0,0,0,0,0,0,0,0,0.0,0,0.0,0.0,0.0,0.0,0.0,0.0
2021,WS,matonph01,HOU,AL,5,0,0,0,0,0,0,0,0,0.0,0,0.0,0.0,0.0,0.0,0.0,0.0
2021,WS,matzety01,ATL,NL,4,0,0,0,0,0,0,0,0,0.0,0,0.0,0.0,0.0,0.0,0.0,0.0
2021,WS,mccorch01,HOU,AL,2,4,0,0,0,0,0,1,0,0.0,0,3.0,0.0,0.0,0.0,0.0,0.0
2021,WS,minteaj01,ATL,NL,3,1,0,0,0,0,0,0,0,0.0,0,0.0,0.0,0.0,0.0,0.0,0.0
2021,WS,mortoch02,ATL,NL,1,0,0,0,0,0,0,0,0,0.0,0,0.0,0.0,0.0,0.0,0.0,0.0
2021,WS,odorija01,HOU,AL,1,0,0,0,0,0,0,0,0,0.0,0,0.0,0.0,0.0,0.0,0.0,0.0
2021,WS,pederjo01,ATL,NL,5,15,0,1,0,0,0,0,0,0.0,1,4.0,1.0,1.0,0.0,0.0,1.0
2021,WS,pressry01,HOU,AL,3,0,0,0,0,0,0,0,0,0.0,0,0.0,0.0,0.0,0.0,0.0,0.0
2021,WS,raleybr01,HOU,AL,4,0,0,0,0,0,0,0,0,0.0,0,0.0,0.0,0.0,0.0,0.0,0.0
2021,WS,rileyau01,ATL,NL,6,25,1,8,3,0,0,3,0,0.0,0,11.0,0.0,0.0,0.0,0.0,0.0
2021,WS,rosared01,ATL,NL,6,22,5,5,2,0,0,0,0,0.0,4,5.0,0.0,0.0,0.0,0.0,0.0
2021,WS,sirijo01,HOU,AL,4,6,1,1,0,0,0,1,1,0.0,0,3.0,0.0,0.0,0.0,0.0,0.0
2021,WS,smithwi04,ATL,NL,4,0,0,0,0,0,0,0,0,0.0,0,0.0,0.0,0.0,0.0,0.0,0.0
2021,WS,smylydr01,ATL,NL,2,0,0,0,0,0,0,0,0,0.0,0,0.0,0.0,0.0,0.0,0.0,0.0
2021,WS,solerjo01,ATL,NL,6,20,4,6,1,0,3,6,0,0.0,3,7.0,0.0,0.0,0.0,0.0,0.0
2021,WS,stanery01,HOU,AL,5,0,0,0,0,0,0,0,0,0.0,0,0.0,0.0,0.0,0.0,0.0,0.0
2021,WS,stubbga01,HOU,AL,1,0,0,0,0,0,0,0,0,0.0,0,0.0,0.0,0.0,0.0,0.0,0.0
2021,WS,swansda01,ATL,NL,6,20,3,4,0,0,2,3,0,0.0,3,6.0,1.0,0.0,0.0,0.0,0.0
2021,WS,taylobl01,HOU,AL,2,0,0,0,0,0,0,0,0,0.0,0,0.0,0.0,0.0,0.0,0.0,0.0
2021,WS,tuckeky01,HOU,AL,6,21,4,6,2,0,0,0,2,0.0,3,3.0,0.0,0.0,0.0,0.0,0.0
2021,WS,urquijo01,HOU,AL,2,0,0,0,0,0,0,0,0,0.0,0,0.0,0.0,0.0,0.0,0.0,0.0
2021,WS,valdefr01,HOU,AL,2,1,0,0,0,0,0,0,0,0.0,0,1.0,0.0,0.0,0.0,0.0,0.0
2021,WS,wrighky01,ATL,NL,2,1,0,0,0,0,0,0,0,0.0,0,1.0,0.0,0.0,0.0,0.0,0.0
2022,ALCS,abreubr01,HOU,AL,3,0,0,0,0,0,0,0,0,0.0,0,0.0,0.0,0.0,0.0,0.0,0.0
2022,ALCS,altuvjo01,HOU,AL,4,16,2,3,1,0,0,0,0,0.0,2,5.0,0.0,0.0,0.0,0.0,1.0
2022,ALCS,alvaryo01,HOU,AL,4,14,2,3,1,0,0,1,0,0.0,3,6.0,1.0,1.0,0.0,0.0,0.0
2022,ALCS,baderha01,NYA,AL,4,15,4,6,0,0,2,2,0,1.0,2,4.0,0.0,0.0,0.0,0.0,0.0
2022,ALCS,bregmal01,HOU,AL,4,15,2,5,1,0,1,4,0,0.0,1,0.0,0.0,0.0,0.0,0.0,1.0
2022,ALCS,brownhu01,HOU,AL,1,0,0,0,0,0,0,0,0,0.0,0,0.0,0.0,0.0,0.0,0.0,0.0
2022,ALCS,cabreos01,NYA,AL,3,9,0,0,0,0,0,0,0,0.0,1,2.0,0.0,0.0,0.0,0.0,0.0
2022,ALCS,carpema01,NYA,AL,4,10,0,1,0,0,0,0,0,0.0,0,7.0,0.0,0.0,0.0,0.0,0.0
2022,ALCS,castrmi01,NYA,AL,2,0,0,0,0,0,0,0,0,0.0,0,0.0,0.0,0.0,0.0,0.0,0.0
2022,ALCS,colege01,NYA,AL,1,0,0,0,0,0,0,0,0,0.0,0,0.0,0.0,0.0,0.0,0.0,0.0
2022,ALCS,cortene01,NYA,AL,1,0,0,0,0,0,0,0,0,0.0,0,0.0,0.0,0.0,0.0,0.0,0.0
2022,ALCS,diazal02,HOU,AL,2,7,0,0,0,0,0,0,0,0.0,0,1.0,0.0,0.0,0.0,0.0,1.0
2022,ALCS,donaljo02,NYA,AL,4,13,0,1,1,0,0,0,0,0.0,3,10.0,0.0,0.0,0.0,0.0,0.0
2022,ALCS,dubonma01,HOU,AL,1,0,0,0,0,0,0,0,0,0.0,0,0.0,0.0,0.0,0.0,0.0,0.0
2022,ALCS,germado01,NYA,AL,1,0,0,0,0,0,0,0,0,0.0,0,0.0,0.0,0.0,0.0,0.0,0.0
2022,ALCS,gourryu01,HOU,AL,4,15,2,5,0,0,1,2,0,0.0,0,0.0,0.0,0.0,0.0,0.0,0.0
2022,ALCS,higasky01,NYA,AL,1,3,0,0,0,0,0,0,0,0.0,0,3.0,0.0,0.0,0.0,0.0,0.0
2022,ALCS,holmecl01,NYA,AL,1,0,0,0,0,0,0,0,0,0.0,0,0.0,0.0,0.0,0.0,0.0,0.0
2022,ALCS,javiecr01,HOU,AL,1,0,0,0,0,0,0,0,0,0.0,0,0.0,0.0,0.0,0.0,0.0,0.0
2022,ALCS,judgeaa01,NYA,AL,4,16,1,1,0,0,0,0,0,0.0,1,4.0,0.0,0.0,0.0,0.0,0.0
2022,ALCS,kineris01,NYA,AL,2,7,1,2,1,0,0,0,0,0.0,0,3.0,0.0,0.0,0.0,0.0,0.0
2022,ALCS,loaisjo01,NYA,AL,2,0,0,0,0,0,0,0,0,0.0,0,0.0,0.0,0.0,0.0,0.0,0.0
2022,ALCS,locasti01,NYA,AL,1,0,0,0,0,0,0,0,0,0.0,0,0.0,0.0,0.0,0.0,0.0,0.0
2022,ALCS,maldoma01,HOU,AL,3,7,2,2,1,0,0,1,0,0.0,2,2.0,0.0,1.0,0.0,0.0,0.0
2022,ALCS,mancitr01,HOU,AL,2,6,0,0,0,0,0,1,0,0.0,1,2.0,0.0,0.0,0.0,1.0,0.0
2022,ALCS,mccorch01,HOU,AL,4,13,3,3,0,0,2,3,0,0.0,2,3.0,0.0,0.0,0.0,0.0,0.0
2022,ALCS,mcculla02,HOU,AL,1,0,0,0,0,0,0,0,0,0.0,0,0.0,0.0,0.0,0.0,0.0,0.0
2022,ALCS,montafr01,NYA,AL,1,0,0,0,0,0,0,0,0,0.0,0,0.0,0.0,0.0,0.0,0.0,0.0
2022,ALCS,montera01,HOU,AL,3,0,0,0,0,0,0,0,0,0.0,0,0.0,0.0,0.0,0.0,0.0,0.0
2022,ALCS,nerishe01,HOU,AL,3,0,0,0,0,0,0,0,0,0.0,0,0.0,0.0,0.0,0.0,0.0,0.0
2022,ALCS,penaje02,HOU,AL,4,17,3,6,2,0,2,4,0,0.0,0,4.0,0.0,0.0,1.0,0.0,0.0
2022,ALCS,peralwa01,NYA,AL,2,0,0,0,0,0,0,0,0,0.0,0,0.0,0.0,0.0,0.0,0.0,0.0
2022,ALCS,perazos02,NYA,AL,3,3,0,0,0,0,0,0,0,0.0,0,2.0,0.0,0.0,0.0,0.0,0.0
2022,ALCS,pressry01,HOU,AL,3,0,0,0,0,0,0,0,0,0.0,0,0.0,0.0,0.0,0.0,0.0,0.0
2022,ALCS,rizzoan01,NYA,AL,4,12,2,3,1,0,1,4,0,0.0,2,3.0,0.0,2.0,0.0,0.0,0.0
2022,ALCS,schmicl01,NYA,AL,1,0,0,0,0,0,0,0,0,0.0,0,0.0,0.0,0.0,0.0,0.0,0.0
2022,ALCS,severlu01,NYA,AL,1,0,0,0,0,0,0,0,0,0.0,0,0.0,0.0,0.0,0.0,0.0,0.0
2022,ALCS,stanery01,HOU,AL,1,0,0,0,0,0,0,0,0,0.0,0,0.0,0.0,0.0,0.0,0.0,0.0
2022,ALCS,stantmi03,NYA,AL,4,16,1,4,2,0,0,1,0,0.0,0,3.0,0.0,0.0,0.0,0.0,0.0
2022,ALCS,taillja01,NYA,AL,1,0,0,0,0,0,0,0,0,0.0,0,0.0,0.0,0.0,0.0,0.0,0.0
2022,ALCS,torregl01,NYA,AL,4,15,0,3,0,0,0,2,0,0.0,1,7.0,0.0,0.0,0.0,0.0,0.0
2022,ALCS,trevijo01,NYA,AL,3,11,0,0,0,0,0,0,0,0.0,0,2.0,0.0,0.0,0.0,0.0,0.0
2022,ALCS,trivilo01,NYA,AL,2,0,0,0,0,0,0,0,0,0.0,0,0.0,0.0,0.0,0.0,0.0,0.0
2022,ALCS,tuckeky01,HOU,AL,4,13,1,2,0,0,0,0,0,0.0,3,2.0,0.0,0.0,0.0,0.0,1.0
2022,ALCS,valdefr01,HOU,AL,1,0,0,0,0,0,0,0,0,0.0,0,0.0,0.0,0.0,0.0,0.0,0.0
2022,ALCS,vazquch01,HOU,AL,1,3,1,1,0,0,0,2,0,0.0,1,0.0,0.0,0.0,0.0,0.0,0.0
2022,ALCS,verlaju01,HOU,AL,1,0,0,0,0,0,0,0,0,0.0,0,0.0,0.0,0.0,0.0,0.0,0.0
2022,ALDS1,ariasga01,CLE,AL,3,11,1,3,1,0,0,0,0,0.0,0,5.0,0.0,0.0,0.0,0.0,1.0
2022,ALDS1,baderha01,NYA,AL,5,15,4,4,0,0,3,4,0,0.0,2,2.0,0.0,1.0,0.0,0.0,0.0
2022,ALDS1,bensowi01,CLE,AL,1,1,0,0,0,0,0,0,0,0.0,0,0.0,0.0,0.0,0.0,0.0,0.0
2022,ALDS1,biebesh01,CLE,AL,1,0,0,0,0,0,0,0,0,0.0,0,0.0,0.0,0.0,0.0,0.0,0.0
2022,ALDS1,brennwi02,CLE,AL,4,6,0,1,0,0,0,1,0,0.0,0,4.0,0.0,0.0,0.0,0.0,0.0
2022,ALDS1,cabreos01,NYA,AL,5,19,2,2,1,0,1,2,0,0.0,0,10.0,0.0,0.0,0.0,0.0,0.0
2022,ALDS1,carpema01,NYA,AL,2,2,0,0,0,0,0,0,0,0.0,0,2.0,0.0,0.0,0.0,0.0,0.0
2022,ALDS1,civalaa01,CLE,AL,1,0,0,0,0,0,0,0,0,0.0,0,0.0,0.0,0.0,0.0,0.0,0.0
2022,ALDS1,claseem01,CLE,AL,2,0,0,0,0,0,0,0,0,0.0,0,0.0,0.0,0.0,0.0,0.0,0.0
2022,ALDS1,colege01,NYA,AL,2,0,0,0,0,0,0,0,0,0.0,0,0.0,0.0,0.0,0.0,0.0,0.0
2022,ALDS1,cortene01,NYA,AL,2,0,0,0,0,0,0,0,0,0.0,0,0.0,0.0,0.0,0.0,0.0,0.0
2022,ALDS1,delosen01,CLE,AL,2,0,0,0,0,0,0,0,0,0.0,0,0.0,0.0,0.0,0.0,0.0,0.0
2022,ALDS1,donaljo02,NYA,AL,5,16,1,4,0,0,0,0,0,0.0,4,6.0,0.0,0.0,0.0,0.0,0.0
2022,ALDS1,gimenan01,CLE,AL,5,20,1,4,1,0,0,1,1,0.0,1,8.0,0.0,0.0,0.0,0.0,0.0
2022,ALDS1,gonzama01,NYA,AL,1,1,0,0,0,0,0,0,0,0.0,0,1.0,0.0,0.0,0.0,0.0,0.0
2022,ALDS1,gonzaos01,CLE,AL,5,22,1,4,0,0,0,3,0,0.0,0,6.0,0.0,0.0,0.0,0.0,0.0
2022,ALDS1,hedgeau01,CLE,AL,5,9,1,2,0,0,0,0,0,0.0,3,2.0,0.0,0.0,0.0,0.0,0.0
2022,ALDS1,hentgsa01,CLE,AL,2,0,0,0,0,0,0,0,0,0.0,0,0.0,0.0,0.0,0.0,0.0,0.0
2022,ALDS1,hicksaa01,NYA,AL,2,3,0,0,0,0,0,0,0,0.0,1,0.0,0.0,0.0,0.0,0.0,0.0
2022,ALDS1,higasky01,NYA,AL,2,3,0,0,0,0,0,0,0,0.0,1,2.0,0.0,0.0,0.0,0.0,0.0
2022,ALDS1,holmecl01,NYA,AL,4,0,0,0,0,0,0,0,0,0.0,0,0.0,0.0,0.0,0.0,0.0,0.0
2022,ALDS1,judgeaa01,NYA,AL,5,20,4,4,0,0,2,3,1,0.0,1,11.0,0.0,0.0,0.0,0.0,0.0
2022,ALDS1,karinja01,CLE,AL,3,0,0,0,0,0,0,0,0,0.0,0,0.0,0.0,0.0,0.0,0.0,0.0
2022,ALDS1,kineris01,NYA,AL,4,11,1,3,0,0,0,0,1,0.0,1,1.0,0.0,1.0,0.0,0.0,2.0
2022,ALDS1,kwanst01,CLE,AL,5,21,4,9,1,0,1,2,1,0.0,1,1.0,0.0,0.0,0.0,0.0,0.0
2022,ALDS1,loaisjo01,NYA,AL,4,0,0,0,0,0,0,0,0,0.0,0,0.0,0.0,0.0,0.0,0.0,0.0
2022,ALDS1,locasti01,NYA,AL,1,1,0,0,0,0,0,0,1,0.0,0,0.0,0.0,0.0,0.0,0.0,0.0
2022,ALDS1,mailelu01,CLE,AL,4,3,0,1,0,0,0,0,0,0.0,0,0.0,0.0,0.0,0.0,0.0,0.0
2022,ALDS1,mckentr01,CLE,AL,1,0,0,0,0,0,0,0,0,0.0,0,0.0,0.0,0.0,0.0,0.0,0.0
2022,ALDS1,milleow01,CLE,AL,3,5,0,1,0,0,0,0,0,0.0,1,3.0,0.0,1.0,0.0,0.0,0.0
2022,ALDS1,morgael01,CLE,AL,2,0,0,0,0,0,0,0,0,0.0,0,0.0,0.0,0.0,0.0,0.0,0.0
2022,ALDS1,morrico01,CLE,AL,1,0,0,0,0,0,0,0,0,0.0,0,0.0,0.0,0.0,0.0,0.0,0.0
2022,ALDS1,naylojo01,CLE,AL,5,22,2,4,1,0,1,3,0,0.0,0,4.0,0.0,0.0,0.0,0.0,1.0
2022,ALDS1,peralwa01,NYA,AL,5,0,0,0,0,0,0,0,0,0.0,0,0.0,0.0,0.0,0.0,0.0,0.0
2022,ALDS1,plesaza01,CLE,AL,1,0,0,0,0,0,0,0,0,0.0,0,0.0,0.0,0.0,0.0,0.0,0.0
2022,ALDS1,quantca01,CLE,AL,2,0,0,0,0,0,0,0,0,0.0,0,0.0,0.0,0.0,0.0,0.0,0.0
2022,ALDS1,ramirjo01,CLE,AL,5,20,1,8,2,0,0,2,0,0.0,1,4.0,0.0,0.0,0.0,1.0,0.0
2022,ALDS1,rizzoan01,NYA,AL,5,17,2,5,1,0,1,4,0,1.0,3,5.0,0.0,1.0,0.0,0.0,0.0
2022,ALDS1,rosaram01,CLE,AL,5,20,2,5,0,0,1,2,1,0.0,1,6.0,0.0,1.0,0.0,0.0,1.0
2022,ALDS1,schmicl01,NYA,AL,2,0,0,0,0,0,0,0,0,0.0,0,0.0,0.0,0.0,0.0,0.0,0.0
2022,ALDS1,severlu01,NYA,AL,1,0,0,0,0,0,0,0,0,0.0,0,0.0,0.0,0.0,0.0,0.0,0.0
2022,ALDS1,stantmi03,NYA,AL,5,16,2,2,0,0,2,6,0,0.0,2,6.0,0.0,0.0,0.0,1.0,0.0
2022,ALDS1,stephtr01,CLE,AL,3,0,0,0,0,0,0,0,0,0.0,0,0.0,0.0,0.0,0.0,0.0,0.0
2022,ALDS1,strawmy01,CLE,AL,5,18,1,2,1,0,0,0,0,0.0,1,2.0,0.0,0.0,0.0,0.0,0.0
2022,ALDS1,taillja01,NYA,AL,1,0,0,0,0,0,0,0,0,0.0,0,0.0,0.0,0.0,0.0,0.0,0.0
2022,ALDS1,torregl01,NYA,AL,5,19,4,3,0,0,0,0,2,0.0,2,3.0,0.0,0.0,0.0,0.0,1.0
2022,ALDS1,trevijo01,NYA,AL,4,11,0,1,0,0,0,1,0,0.0,0,4.0,0.0,0.0,0.0,1.0,0.0
2022,ALDS1,trivilo01,NYA,AL,2,0,0,0,0,0,0,0,0,0.0,0,0.0,0.0,0.0,0.0,0.0,0.0
2022,ALDS2,abreubr01,HOU,AL,3,0,0,0,0,0,0,0,0,0.0,0,0.0,0.0,0.0,0.0,0.0,0.0
2022,ALDS2,altuvjo01,HOU,AL,3,16,1,0,0,0,0,0,0,0.0,1,6.0,0.0,0.0,0.0,0.0,1.0
2022,ALDS2,alvaryo01,HOU,AL,3,15,3,4,1,0,2,7,0,0.0,1,2.0,1.0,1.0,0.0,0.0,0.0
2022,ALDS2,boydma01,SEA,AL,1,0,0,0,0,0,0,0,0,0.0,0,0.0,0.0,0.0,0.0,0.0,0.0
2022,ALDS2,brashma01,SEA,AL,2,0,0,0,0,0,0,0,0,0.0,0,0.0,0.0,0.0,0.0,0.0,0.0
2022,ALDS2,bregmal01,HOU,AL,3,15,1,5,1,0,1,3,0,0.0,1,2.0,0.0,0.0,0.0,0.0,0.0
2022,ALDS2,brownhu01,HOU,AL,2,0,0,0,0,0,0,0,0,0.0,0,0.0,0.0,0.0,0.0,0.0,0.0
2022,ALDS2,castidi01,SEA,AL,2,0,0,0,0,0,0,0,0,0.0,0,0.0,0.0,0.0,0.0,0.0,0.0
2022,ALDS2,castilu02,SEA,AL,1,0,0,0,0,0,0,0,0,0.0,0,0.0,0.0,0.0,0.0,0.0,0.0
2022,ALDS2,crawfjp01,SEA,AL,3,14,1,3,1,0,1,1,0,0.0,1,3.0,0.0,0.0,0.0,0.0,0.0
2022,ALDS2,diazal02,HOU,AL,3,7,0,1,1,0,0,0,0,0.0,0,1.0,0.0,1.0,0.0,0.0,0.0
2022,ALDS2,dubonma01,HOU,AL,3,0,0,0,0,0,0,0,0,0.0,0,0.0,0.0,0.0,0.0,0.0,0.0
2022,ALDS2,festama01,SEA,AL,1,0,0,0,0,0,0,0,0,0.0,0,0.0,0.0,0.0,0.0,0.0,0.0
2022,ALDS2,francty01,SEA,AL,3,16,0,4,1,0,0,2,0,0.0,1,5.0,0.0,0.0,0.0,0.0,0.0
2022,ALDS2,fraziad01,SEA,AL,3,14,1,1,0,0,0,0,0,0.0,1,5.0,0.0,0.0,0.0,0.0,1.0
2022,ALDS2,garcilu05,HOU,AL,1,0,0,0,0,0,0,0,0,0.0,0,0.0,0.0,0.0,0.0,0.0,0.0
2022,ALDS2,gilbelo01,SEA,AL,1,0,0,0,0,0,0,0,0,0.0,0,0.0,0.0,0.0,0.0,0.0,0.0
2022,ALDS2,gourryu01,HOU,AL,3,15,1,6,0,0,1,1,1,0.0,0,0.0,0.0,0.0,0.0,0.0,0.0
2022,ALDS2,hanigmi01,SEA,AL,3,12,1,3,1,0,0,0,0,0.0,2,3.0,0.0,1.0,0.0,0.0,0.0
2022,ALDS2,henslda01,HOU,AL,2,1,0,0,0,0,0,0,0,0.0,0,0.0,0.0,1.0,0.0,0.0,0.0
2022,ALDS2,javiecr01,HOU,AL,1,0,0,0,0,0,0,0,0,0.0,0,0.0,0.0,0.0,0.0,0.0,0.0
2022,ALDS2,kelenja01,SEA,AL,3,12,1,2,0,0,0,0,0,1.0,0,5.0,0.0,0.0,0.0,0.0,0.0
2022,ALDS2,kirbyge01,SEA,AL,1,0,0,0,0,0,0,0,0,0.0,0,0.0,0.0,0.0,0.0,0.0,0.0
2022,ALDS2,maldoma01,HOU,AL,3,7,0,1,0,0,0,0,0,0.0,0,5.0,0.0,0.0,0.0,0.0,0.0
2022,ALDS2,mancitr01,HOU,AL,2,6,0,0,0,0,0,0,0,0.0,0,2.0,0.0,1.0,0.0,0.0,0.0
2022,ALDS2,mccorch01,HOU,AL,2,7,1,2,0,0,0,0,0,0.0,0,2.0,0.0,1.0,1.0,0.0,0.0
2022,ALDS2,mcculla02,HOU,AL,1,0,0,0,0,0,0,0,0,0.0,0,0.0,0.0,0.0,0.0,0.0,0.0
2022,ALDS2,meyerja02,HOU,AL,2,2,1,0,0,0,0,0,0,0.0,0,2.0,0.0,0.0,0.0,0.0,0.0
2022,ALDS2,montera01,HOU,AL,3,0,0,0,0,0,0,0,0,0.0,0,0.0,0.0,0.0,0.0,0.0,0.0
2022,ALDS2,mooredy01,SEA,AL,2,5,0,1,0,0,0,1,0,0.0,1,2.0,0.0,0.0,0.0,0.0,0.0
2022,ALDS2,munozan01,SEA,AL,3,0,0,0,0,0,0,0,0,0.0,0,0.0,0.0,0.0,0.0,0.0,0.0
2022,ALDS2,murfepe01,SEA,AL,1,0,0,0,0,0,0,0,0,0.0,0,0.0,0.0,0.0,0.0,0.0,0.0
2022,ALDS2,nerishe01,HOU,AL,2,0,0,0,0,0,0,0,0,0.0,0,0.0,0.0,0.0,0.0,0.0,0.0
2022,ALDS2,penaje02,HOU,AL,3,16,4,4,1,0,1,1,0,0.0,1,4.0,0.0,0.0,0.0,0.0,0.0
2022,ALDS2,pressry01,HOU,AL,2,0,0,0,0,0,0,0,0,0.0,0,0.0,0.0,0.0,0.0,0.0,0.0
2022,ALDS2,raleica01,SEA,AL,3,14,0,1,0,0,0,1,0,0.0,1,5.0,0.0,0.0,0.0,0.0,0.0
2022,ALDS2,rayro02,SEA,AL,2,0,0,0,0,0,0,0,0,0.0,0,0.0,0.0,0.0,0.0,0.0,0.0
2022,ALDS2,rodriju01,SEA,AL,3,16,3,4,3,1,0,2,1,0.0,2,5.0,0.0,0.0,0.0,0.0,0.0
2022,ALDS2,santaca01,SEA,AL,3,14,0,3,1,0,0,1,0,0.0,1,4.0,0.0,0.0,0.0,0.0,0.0
2022,ALDS2,sewalpa01,SEA,AL,2,0,0,0,0,0,0,0,0,0.0,0,0.0,0.0,0.0,0.0,0.0,0.0
2022,ALDS2,stanery01,HOU,AL,1,0,0,0,0,0,0,0,0,0.0,0,0.0,0.0,0.0,0.0,0.0,0.0
2022,ALDS2,suareeu01,SEA,AL,3,11,2,3,0,0,1,1,0,0.0,1,2.0,0.0,0.0,0.0,0.0,1.0
2022,ALDS2,swanser01,SEA,AL,1,0,0,0,0,0,0,0,0,0.0,0,0.0,0.0,0.0,0.0,0.0,0.0
2022,ALDS2,trammta01,SEA,AL,2,0,0,0,0,0,0,0,0,0.0,0,0.0,0.0,0.0,0.0,0.0,0.0
2022,ALDS2,tuckeky01,HOU,AL,3,15,1,4,0,0,1,1,1,0.0,1,7.0,0.0,0.0,0.0,0.0,0.0
2022,ALDS2,valdefr01,HOU,AL,1,0,0,0,0,0,0,0,0,0.0,0,0.0,0.0,0.0,0.0,0.0,0.0
2022,ALDS2,vazquch01,HOU,AL,2,7,0,1,0,0,0,0,0,0.0,0,3.0,0.0,0.0,0.0,0.0,0.0
2022,ALDS2,verlaju01,HOU,AL,1,0,0,0,0,0,0,0,0,0.0,0,0.0,0.0,0.0,0.0,0.0,0.0
2022,ALWC1,adamja01,TBA,AL,1,0,0,0,0,0,0,0,0,0.0,0,0.0,0.0,0.0,0.0,0.0,0.0
2022,ALWC1,armstsh01,TBA,AL,1,0,0,0,0,0,0,0,0,0.0,0,0.0,0.0,0.0,0.0,0.0,0.0
2022,ALWC1,arozara01,TBA,AL,2,9,0,1,0,0,0,0,0,0.0,1,5.0,0.0,0.0,0.0,0.0,0.0
2022,ALWC1,bethach01,TBA,AL,2,5,0,0,0,0,0,0,0,0.0,0,3.0,0.0,0.0,0.0,0.0,0.0
2022,ALWC1,biebesh01,CLE,AL,1,0,0,0,0,0,0,0,0,0.0,0,0.0,0.0,0.0,0.0,0.0,0.0
2022,ALWC1,brennwi02,CLE,AL,1,5,0,1,0,0,0,0,0,0.0,0,2.0,0.0,0.0,0.0,0.0,1.0
2022,ALWC1,brujavi01,TBA,AL,2,2,0,1,0,0,0,0,2,0.0,0,0.0,0.0,0.0,0.0,0.0,0.0
2022,ALWC1,choiji01,TBA,AL,2,5,0,0,0,0,0,0,0,0.0,2,1.0,0.0,0.0,0.0,0.0,0.0
2022,ALWC1,claseem01,CLE,AL,2,0,0,0,0,0,0,0,0,0.0,0,0.0,0.0,0.0,0.0,0.0,0.0
2022,ALWC1,cleavga01,TBA,AL,2,0,0,0,0,0,0,0,0,0.0,0,0.0,0.0,0.0,0.0,0.0,0.0
2022,ALWC1,delosen01,CLE,AL,1,0,0,0,0,0,0,0,0,0.0,0,0.0,0.0,0.0,0.0,0.0,0.0
2022,ALWC1,diazya01,TBA,AL,2,10,0,0,0,0,0,0,0,0.0,0,4.0,0.0,0.0,0.0,0.0,0.0
2022,ALWC1,fairbpe01,TBA,AL,1,0,0,0,0,0,0,0,0,0.0,0,0.0,0.0,0.0,0.0,0.0,0.0
2022,ALWC1,francwa01,TBA,AL,2,9,0,1,0,0,0,0,0,0.0,1,2.0,0.0,0.0,0.0,0.0,0.0
2022,ALWC1,gimenan01,CLE,AL,2,8,0,1,0,0,0,0,0,0.0,0,6.0,0.0,0.0,0.0,0.0,0.0
2022,ALWC1,glasnty01,TBA,AL,1,0,0,0,0,0,0,0,0,0.0,0,0.0,0.0,0.0,0.0,0.0,0.0
2022,ALWC1,gonzaos01,CLE,AL,2,9,1,3,0,0,1,1,0,0.0,0,3.0,0.0,1.0,0.0,0.0,0.0
2022,ALWC1,hedgeau01,CLE,AL,2,6,0,0,0,0,0,0,0,0.0,0,3.0,0.0,0.0,0.0,0.0,0.0
2022,ALWC1,hentgsa01,CLE,AL,1,0,0,0,0,0,0,0,0,0.0,0,0.0,0.0,0.0,0.0,0.0,0.0
2022,ALWC1,karinja01,CLE,AL,1,0,0,0,0,0,0,0,0,0.0,0,0.0,0.0,0.0,0.0,0.0,0.0
2022,ALWC1,klubeco01,TBA,AL,1,0,0,0,0,0,0,0,0,0.0,0,0.0,0.0,0.0,0.0,0.0,0.0
2022,ALWC1,kwanst01,CLE,AL,2,9,0,0,0,0,0,0,0,0.0,1,1.0,0.0,0.0,0.0,0.0,0.0
2022,ALWC1,mailelu01,CLE,AL,1,0,0,0,0,0,0,0,0,0.0,1,0.0,0.0,0.0,0.0,0.0,0.0
2022,ALWC1,margoma01,TBA,AL,2,8,0,1,0,0,0,0,0,1.0,1,1.0,0.0,0.0,0.0,0.0,1.0
2022,ALWC1,mcclash01,TBA,AL,1,0,0,0,0,0,0,0,0,0.0,0,0.0,0.0,0.0,0.0,0.0,0.0
2022,ALWC1,mckentr01,CLE,AL,1,0,0,0,0,0,0,0,0,0.0,0,0.0,0.0,0.0,0.0,0.0,0.0
2022,ALWC1,mejiafr01,TBA,AL,1,3,0,0,0,0,0,0,0,0.0,0,2.0,0.0,0.0,0.0,0.0,0.0
2022,ALWC1,milleow01,CLE,AL,2,4,0,0,0,0,0,0,0,0.0,0,1.0,0.0,0.0,0.0,0.0,1.0
2022,ALWC1,morgael01,CLE,AL,1,0,0,0,0,0,0,0,0,0.0,0,0.0,0.0,0.0,0.0,0.0,0.0
2022,ALWC1,naylojo01,CLE,AL,2,9,0,2,0,0,0,0,0,0.0,0,2.0,0.0,0.0,0.0,0.0,1.0
2022,ALWC1,paredis01,TBA,AL,2,3,0,2,0,0,0,0,0,0.0,1,0.0,0.0,0.0,0.0,0.0,0.0
2022,ALWC1,peralda01,TBA,AL,1,1,0,0,0,0,0,0,0,0.0,0,1.0,0.0,0.0,0.0,0.0,0.0
2022,ALWC1,raleybr01,TBA,AL,1,0,0,0,0,0,0,0,0,0.0,0,0.0,0.0,0.0,0.0,0.0,0.0
2022,ALWC1,ramirha02,TBA,AL,2,9,0,1,0,0,0,0,0,0.0,0,3.0,0.0,0.0,0.0,0.0,1.0
2022,ALWC1,ramirjo01,CLE,AL,2,10,1,2,0,0,1,2,0,0.0,0,3.0,0.0,0.0,0.0,0.0,0.0
2022,ALWC1,rasmudr01,TBA,AL,1,0,0,0,0,0,0,0,0,0.0,0,0.0,0.0,0.0,0.0,0.0,0.0
2022,ALWC1,rosaram01,CLE,AL,2,9,1,2,0,0,0,0,0,0.0,0,4.0,0.0,1.0,0.0,0.0,0.0
2022,ALWC1,sandlni01,CLE,AL,1,0,0,0,0,0,0,0,0,0.0,0,0.0,0.0,0.0,0.0,0.0,0.0
2022,ALWC1,sirijo01,TBA,AL,2,9,1,1,0,0,1,1,0,0.0,0,5.0,0.0,0.0,0.0,0.0,0.0
2022,ALWC1,stephtr01,CLE,AL,1,0,0,0,0,0,0,0,0,0.0,0,0.0,0.0,0.0,0.0,0.0,0.0
2022,ALWC1,strawmy01,CLE,AL,2,7,0,2,0,0,0,0,1,0.0,1,1.0,0.0,0.0,0.0,0.0,0.0
2022,ALWC1,wallsta01,TBA,AL,2,5,0,1,0,0,0,0,0,0.0,0,2.0,0.0,0.0,0.0,0.0,0.0
2022,ALWC2,bassan01,TOR,AL,1,0,0,0,0,0,0,0,0,0.0,0,0.0,0.0,0.0,0.0,0.0,0.0
2022,ALWC2,bichebo01,TOR,AL,2,8,1,2,1,0,0,0,1,0.0,1,1.0,0.0,0.0,0.0,0.0,0.0
2022,ALWC2,bradlja02,TOR,AL,1,1,0,0,0,0,0,0,0,0.0,0,1.0,0.0,0.0,0.0,0.0,0.0
2022,ALWC2,brashma01,SEA,AL,1,0,0,0,0,0,0,0,0,0.0,0,0.0,0.0,0.0,0.0,0.0,0.0
2022,ALWC2,castidi01,SEA,AL,1,0,0,0,0,0,0,0,0,0.0,0,0.0,0.0,0.0,0.0,0.0,0.0
2022,ALWC2,castilu02,SEA,AL,1,0,0,0,0,0,0,0,0,0.0,0,0.0,0.0,0.0,0.0,0.0,0.0
2022,ALWC2,chapmma01,TOR,AL,2,7,0,3,1,0,0,1,0,0.0,1,2.0,0.0,0.0,0.0,1.0,0.0
2022,ALWC2,cimbead01,TOR,AL,2,0,0,0,0,0,0,0,0,0.0,0,0.0,0.0,0.0,0.0,0.0,0.0
2022,ALWC2,crawfjp01,SEA,AL,2,7,0,1,1,0,0,3,0,0.0,2,1.0,0.0,0.0,0.0,0.0,0.0
2022,ALWC2,espinsa01,TOR,AL,1,4,2,2,1,0,0,0,0,0.0,0,0.0,0.0,0.0,0.0,0.0,0.0
2022,ALWC2,festama01,SEA,AL,1,0,0,0,0,0,0,0,0,0.0,0,0.0,0.0,0.0,0.0,0.0,0.0
2022,ALWC2,francty01,SEA,AL,2,10,1,2,0,0,0,0,0,0.0,0,1.0,0.0,0.0,0.0,0.0,0.0
2022,ALWC2,fraziad01,SEA,AL,2,9,2,4,1,0,0,1,0,0.0,0,0.0,0.0,0.0,0.0,0.0,0.0
2022,ALWC2,garciyi01,TOR,AL,2,0,0,0,0,0,0,0,0,0.0,0,0.0,0.0,0.0,0.0,0.0,0.0
2022,ALWC2,gausmke01,TOR,AL,1,0,0,0,0,0,0,0,0,0.0,0,0.0,0.0,0.0,0.0,0.0,0.0
2022,ALWC2,guerrvl02,TOR,AL,2,8,1,1,0,0,0,1,0,0.0,1,1.0,1.0,0.0,0.0,0.0,0.0
2022,ALWC2,hanigmi01,SEA,AL,2,9,1,2,1,0,0,0,0,0.0,0,2.0,0.0,0.0,0.0,0.0,0.0
2022,ALWC2,hernate01,TOR,AL,2,8,3,2,0,0,2,4,1,0.0,0,1.0,0.0,1.0,0.0,0.0,1.0
2022,ALWC2,janseda01,TOR,AL,2,8,0,3,1,0,0,2,0,0.0,0,4.0,0.0,0.0,0.0,0.0,0.0
2022,ALWC2,kelenja01,SEA,AL,2,5,0,0,0,0,0,1,0,0.0,0,2.0,0.0,0.0,0.0,1.0,0.0
2022,ALWC2,kirbyge01,SEA,AL,1,0,0,0,0,0,0,0,0,0.0,0,0.0,0.0,0.0,0.0,0.0,0.0
2022,ALWC2,kirkal01,TOR,AL,2,8,2,3,1,0,0,0,0,0.0,1,1.0,0.0,0.0,0.0,0.0,0.0
2022,ALWC2,manoaal01,TOR,AL,1,0,0,0,0,0,0,0,0,0.0,0,0.0,0.0,0.0,0.0,0.0,0.0
2022,ALWC2,mayzati01,TOR,AL,2,0,0,0,0,0,0,0,0,0.0,0,0.0,0.0,0.0,0.0,0.0,0.0
2022,ALWC2,merriwh01,TOR,AL,2,5,0,1,0,0,0,0,0,0.0,0,0.0,0.0,1.0,0.0,0.0,1.0
2022,ALWC2,mooredy01,SEA,AL,1,2,0,0,0,0,0,0,0,0.0,1,2.0,0.0,0.0,0.0,0.0,0.0
2022,ALWC2,munozan01,SEA,AL,2,0,0,0,0,0,0,0,0,0.0,0,0.0,0.0,0.0,0.0,0.0,0.0
2022,ALWC2,murfepe01,SEA,AL,1,0,0,0,0,0,0,0,0,0.0,0,0.0,0.0,0.0,0.0,0.0,0.0
2022,ALWC2,popza01,TOR,AL,1,0,0,0,0,0,0,0,0,0.0,0,0.0,0.0,0.0,0.0,0.0,0.0
2022,ALWC2,raleica01,SEA,AL,2,8,4,4,1,0,1,3,0,0.0,1,3.0,0.0,0.0,0.0,0.0,0.0
2022,ALWC2,rayro02,SEA,AL,1,0,0,0,0,0,0,0,0,0.0,0,0.0,0.0,0.0,0.0,0.0,0.0
2022,ALWC2,richatr01,TOR,AL,1,0,0,0,0,0,0,0,0,0.0,0,0.0,0.0,0.0,0.0,0.0,0.0
2022,ALWC2,rodriju01,SEA,AL,2,7,2,1,0,0,0,0,0,0.0,1,2.0,1.0,2.0,0.0,0.0,0.0
2022,ALWC2,romanjo03,TOR,AL,1,0,0,0,0,0,0,0,0,0.0,0,0.0,0.0,0.0,0.0,0.0,0.0
2022,ALWC2,santaca01,SEA,AL,2,8,1,2,1,0,1,3,0,0.0,1,4.0,1.0,0.0,0.0,0.0,0.0
2022,ALWC2,sewalpa01,SEA,AL,1,0,0,0,0,0,0,0,0,0.0,0,0.0,0.0,0.0,0.0,0.0,0.0
2022,ALWC2,springe01,TOR,AL,2,7,0,2,0,0,0,0,0,0.0,0,3.0,0.0,1.0,0.0,0.0,0.0
2022,ALWC2,suareeu01,SEA,AL,2,9,3,4,2,0,0,2,0,0.0,0,3.0,0.0,0.0,0.0,0.0,0.0
2022,ALWC2,tapiara01,TOR,AL,2,6,0,0,0,0,0,0,0,0.0,0,1.0,0.0,0.0,0.0,0.0,0.0
2022,ALWC2,trammta01,SEA,AL,1,0,0,0,0,0,0,0,0,0.0,0,0.0,0.0,0.0,0.0,0.0,0.0
2022,NLCS,alvarjo03,PHI,NL,3,0,0,0,0,0,0,0,0,0.0,0,0.0,0.0,0.0,0.0,0.0,0.0
2022,NLCS,azocajo01,SDN,NL,1,0,1,0,0,0,0,0,0,0.0,0,0.0,0.0,0.0,0.0,0.0,0.0
2022,NLCS,bellaan01,PHI,NL,2,0,0,0,0,0,0,0,0,0.0,0,0.0,0.0,0.0,0.0,0.0,0.0
2022,NLCS,belljo02,SDN,NL,5,17,2,6,1,0,1,3,0,0.0,0,5.0,0.0,0.0,0.0,0.0,1.0
2022,NLCS,bohmal01,PHI,NL,5,17,2,3,1,0,0,2,0,0.0,0,7.0,0.0,1.0,0.0,0.0,0.0
2022,NLCS,brogdco01,PHI,NL,2,0,0,0,0,0,0,0,0,0.0,0,0.0,0.0,0.0,0.0,0.0,0.0
2022,NLCS,casteni01,PHI,NL,5,18,3,4,2,0,0,1,0,0.0,0,4.0,0.0,1.0,0.0,0.0,2.0
2022,NLCS,clevimi01,SDN,NL,1,0,0,0,0,0,0,0,0,0.0,0,0.0,0.0,0.0,0.0,0.0,0.0
2022,NLCS,croneja01,SDN,NL,5,17,3,4,0,0,0,1,0,0.0,1,5.0,0.0,2.0,0.0,0.0,0.0
2022,NLCS,darviyu01,SDN,NL,2,0,0,0,0,0,0,0,0,0.0,0,0.0,0.0,0.0,0.0,0.0,0.0
2022,NLCS,dominse01,PHI,NL,3,0,0,0,0,0,0,0,0,0.0,0,0.0,0.0,0.0,0.0,0.0,0.0
2022,NLCS,drurybr01,SDN,NL,4,15,2,6,1,0,1,5,0,0.0,1,5.0,0.0,0.0,0.0,0.0,0.0
2022,NLCS,eflinza01,PHI,NL,2,0,0,0,0,0,0,0,0,0.0,0,0.0,0.0,0.0,0.0,0.0,0.0
2022,NLCS,falteba01,PHI,NL,1,0,0,0,0,0,0,0,0,0.0,0,0.0,0.0,0.0,0.0,0.0,0.0
2022,NLCS,garcilu03,SDN,NL,2,0,0,0,0,0,0,0,0,0.0,0,0.0,0.0,0.0,0.0,0.0,0.0
2022,NLCS,gibsoky01,PHI,NL,1,0,0,0,0,0,0,0,0,0.0,0,0.0,0.0,0.0,0.0,0.0,0.0
2022,NLCS,grishtr01,SDN,NL,5,19,1,0,0,0,0,0,0,0.0,0,9.0,0.0,0.0,0.0,0.0,0.0
2022,NLCS,haderjo01,SDN,NL,1,0,0,0,0,0,0,0,0,0.0,0,0.0,0.0,0.0,0.0,0.0,0.0
2022,NLCS,handbr01,PHI,NL,2,0,0,0,0,0,0,0,0,0.0,0,0.0,0.0,0.0,0.0,0.0,0.0
2022,NLCS,harpebr03,PHI,NL,5,20,4,8,3,0,2,5,0,0.0,0,1.0,0.0,0.0,0.0,0.0,2.0
2022,NLCS,hillti01,SDN,NL,1,0,0,0,0,0,0,0,0,0.0,0,0.0,0.0,0.0,0.0,0.0,0.0
2022,NLCS,hoskirh01,PHI,NL,5,18,4,4,0,0,4,7,0,0.0,2,5.0,0.0,0.0,0.0,0.0,1.0
2022,NLCS,johnspi01,SDN,NL,1,0,0,0,0,0,0,0,0,0.0,0,0.0,0.0,0.0,0.0,0.0,0.0
2022,NLCS,kimha01,SDN,NL,5,17,1,3,0,0,0,2,0,0.0,2,3.0,0.0,0.0,0.0,0.0,0.0
2022,NLCS,machama01,SDN,NL,5,21,2,5,1,0,2,2,0,0.0,0,6.0,0.0,0.0,0.0,0.0,0.0
2022,NLCS,manaese01,SDN,NL,1,0,0,0,0,0,0,0,0,0.0,0,0.0,0.0,0.0,0.0,0.0,0.0
2022,NLCS,marshbr02,PHI,NL,4,13,0,0,0,0,0,0,0,0.0,0,7.0,0.0,0.0,0.0,0.0,0.0
2022,NLCS,martini01,SDN,NL,3,0,0,0,0,0,0,0,0,0.0,0,0.0,0.0,0.0,0.0,0.0,0.0
2022,NLCS,morejad01,SDN,NL,1,0,0,0,0,0,0,0,0,0.0,0,0.0,0.0,0.0,0.0,0.0,0.0
2022,NLCS,musgrjo01,SDN,NL,1,0,0,0,0,0,0,0,0,0.0,0,0.0,0.0,0.0,0.0,0.0,0.0
2022,NLCS,myerswi01,SDN,NL,4,6,0,1,0,0,0,0,0,0.0,0,3.0,0.0,0.0,0.0,0.0,0.0
2022,NLCS,nolaaa01,PHI,NL,1,0,0,0,0,0,0,0,0,0.0,0,0.0,0.0,0.0,0.0,0.0,0.0
2022,NLCS,nolaau01,SDN,NL,5,19,1,1,0,0,0,1,0,0.0,0,4.0,0.0,0.0,0.0,0.0,0.0
2022,NLCS,profaju01,SDN,NL,5,19,2,4,0,0,0,0,0,0.0,3,4.0,0.0,0.0,0.0,0.0,0.0
2022,NLCS,realmjt01,PHI,NL,5,17,4,4,0,0,1,1,0,0.0,3,5.0,0.0,0.0,0.0,0.0,0.0
2022,NLCS,roberda08,PHI,NL,3,0,0,0,0,0,0,0,0,0.0,0,0.0,0.0,0.0,0.0,0.0,0.0
2022,NLCS,schwaky01,PHI,NL,5,15,6,6,0,0,3,4,2,0.0,6,3.0,1.0,0.0,0.0,0.0,0.0
2022,NLCS,segurje01,PHI,NL,5,17,0,2,0,0,0,2,0,0.0,0,5.0,0.0,0.0,0.0,0.0,0.0
2022,NLCS,snellbl01,SDN,NL,1,0,0,0,0,0,0,0,0,0.0,0,0.0,0.0,0.0,0.0,0.0,0.0
2022,NLCS,sosaed01,PHI,NL,4,2,0,1,0,0,0,1,0,0.0,0,1.0,0.0,0.0,0.0,0.0,0.0
2022,NLCS,sotoju01,SDN,NL,5,18,4,4,1,0,2,4,0,0.0,2,5.0,0.0,1.0,0.0,0.0,0.0
2022,NLCS,stottbr01,PHI,NL,5,15,1,4,3,0,0,1,0,0.0,0,4.0,0.0,0.0,0.0,0.0,0.0
2022,NLCS,suarera01,PHI,NL,2,0,0,0,0,0,0,0,0,0.0,0,0.0,0.0,0.0,0.0,0.0,0.0
2022,NLCS,suarero01,SDN,NL,2,0,0,0,0,0,0,0,0,0.0,0,0.0,0.0,0.0,0.0,0.0,0.0
2022,NLCS,syndeno01,PHI,NL,1,0,0,0,0,0,0,0,0,0.0,0,0.0,0.0,0.0,0.0,0.0,0.0
2022,NLCS,vierlma01,PHI,NL,4,4,1,1,1,0,0,1,0,0.0,0,3.0,0.0,0.0,0.0,0.0,0.0
2022,NLCS,wheelza01,PHI,NL,2,0,0,0,0,0,0,0,0,0.0,0,0.0,0.0,0.0,0.0,0.0,0.0
2022,NLCS,wilsost02,SDN,NL,1,0,0,0,0,0,0,0,0,0.0,0,0.0,0.0,0.0,0.0,0.0,0.0
2022,NLDS1,acunaro01,ATL,NL,4,15,2,5,1,0,0,0,0,0.0,1,5.0,0.0,1.0,0.0,0.0,0.0
2022,NLDS1,alvarjo03,PHI,NL,3,0,0,0,0,0,0,0,0,0.0,0,0.0,0.0,0.0,0.0,0.0,0.0
2022,NLDS1,arciaor01,ATL,NL,4,10,1,3,0,0,1,1,0,0.0,2,2.0,0.0,0.0,0.0,0.0,0.0
2022,NLDS1,bellaan01,PHI,NL,3,0,0,0,0,0,0,0,0,0.0,0,0.0,0.0,0.0,0.0,0.0,0.0
2022,NLDS1,bohmal01,PHI,NL,4,15,1,2,0,0,0,2,0,0.0,0,2.0,0.0,0.0,0.0,1.0,1.0
2022,NLDS1,brogdco01,PHI,NL,2,0,0,0,0,0,0,0,0,0.0,0,0.0,0.0,0.0,0.0,0.0,0.0
2022,NLDS1,casteni01,PHI,NL,4,16,1,5,1,0,0,5,0,0.0,1,2.0,0.0,0.0,0.0,0.0,0.0
2022,NLDS1,chaveje01,ATL,NL,2,0,0,0,0,0,0,0,0,0.0,0,0.0,0.0,0.0,0.0,0.0,0.0
2022,NLDS1,contrwi02,ATL,NL,3,8,1,1,1,0,0,0,0,0.0,1,4.0,0.0,0.0,0.0,0.0,1.0
2022,NLDS1,darnatr01,ATL,NL,4,16,2,6,3,0,2,5,0,0.0,0,4.0,0.0,0.0,0.0,0.0,0.0
2022,NLDS1,dominse01,PHI,NL,2,0,0,0,0,0,0,0,0,0.0,0,0.0,0.0,0.0,0.0,0.0,0.0
2022,NLDS1,eflinza01,PHI,NL,2,0,0,0,0,0,0,0,0,0.0,0,0.0,0.0,0.0,0.0,0.0,0.0
2022,NLDS1,friedma01,ATL,NL,1,0,0,0,0,0,0,0,0,0.0,0,0.0,0.0,0.0,0.0,0.0,0.0
2022,NLDS1,grissva01,ATL,NL,2,3,0,0,0,0,0,0,0,0.0,0,3.0,0.0,0.0,0.0,0.0,0.0
2022,NLDS1,grossro01,ATL,NL,2,3,0,0,0,0,0,0,0,0.0,0,2.0,0.0,0.0,0.0,0.0,0.0
2022,NLDS1,guthrda01,PHI,NL,1,0,0,0,0,0,0,0,0,0.0,0,0.0,0.0,0.0,0.0,0.0,0.0
2022,NLDS1,handbr01,PHI,NL,3,0,0,0,0,0,0,0,0,0.0,0,0.0,0.0,0.0,0.0,0.0,0.0
2022,NLDS1,harpebr03,PHI,NL,4,16,4,8,3,0,2,5,0,0.0,1,4.0,1.0,0.0,1.0,0.0,0.0
2022,NLDS1,harrimi04,ATL,NL,4,14,0,1,0,0,0,1,1,0.0,0,2.0,0.0,0.0,0.0,0.0,0.0
2022,NLDS1,hoskirh01,PHI,NL,4,17,3,4,1,0,1,4,0,0.0,1,6.0,0.0,0.0,0.0,0.0,0.0
2022,NLDS1,iglesra01,ATL,NL,2,0,0,0,0,0,0,0,0,0.0,0,0.0,0.0,0.0,0.0,0.0,0.0
2022,NLDS1,janseke01,ATL,NL,2,0,0,0,0,0,0,0,0,0.0,0,0.0,0.0,0.0,0.0,0.0,0.0
2022,NLDS1,leedy01,ATL,NL,3,0,0,0,0,0,0,0,0,0.0,0,0.0,0.0,0.0,0.0,0.0,0.0
2022,NLDS1,marshbr02,PHI,NL,4,8,2,2,1,0,1,3,0,0.0,2,4.0,0.0,0.0,0.0,0.0,0.0
2022,NLDS1,mchugco01,ATL,NL,2,0,0,0,0,0,0,0,0,0.0,0,0.0,0.0,0.0,0.0,0.0,0.0
2022,NLDS1,minteaj01,ATL,NL,2,0,0,0,0,0,0,0,0,0.0,0,0.0,0.0,0.0,0.0,0.0,0.0
2022,NLDS1,mortoch02,ATL,NL,1,0,0,0,0,0,0,0,0,0.0,0,0.0,0.0,0.0,0.0,0.0,0.0
2022,NLDS1,nolaaa01,PHI,NL,1,0,0,0,0,0,0,0,0,0.0,0,0.0,0.0,0.0,0.0,0.0,0.0
2022,NLDS1,odorija01,ATL,NL,1,0,0,0,0,0,0,0,0,0.0,0,0.0,0.0,0.0,0.0,0.0,0.0
2022,NLDS1,olsonma02,ATL,NL,4,12,4,4,0,0,2,5,0,0.0,5,4.0,0.0,0.0,0.0,0.0,0.0
2022,NLDS1,ozunama01,ATL,NL,3,8,0,0,0,0,0,0,0,0.0,0,4.0,0.0,0.0,0.0,0.0,0.0
2022,NLDS1,realmjt01,PHI,NL,4,18,5,5,0,0,1,2,0,0.0,0,7.0,0.0,0.0,0.0,0.0,0.0
2022,NLDS1,rileyau01,ATL,NL,4,15,0,1,0,0,0,1,0,0.0,1,5.0,0.0,0.0,0.0,0.0,0.0
2022,NLDS1,rosared01,ATL,NL,4,8,0,0,0,0,0,0,0,0.0,0,1.0,0.0,0.0,0.0,0.0,0.0
2022,NLDS1,schwaky01,PHI,NL,4,13,2,1,0,0,0,0,0,0.0,3,4.0,2.0,2.0,0.0,0.0,0.0
2022,NLDS1,segurje01,PHI,NL,4,13,3,6,2,0,0,1,1,0.0,2,3.0,0.0,0.0,0.0,0.0,0.0
2022,NLDS1,sosaed01,PHI,NL,2,2,1,1,1,0,0,1,0,0.0,1,0.0,0.0,0.0,0.0,1.0,0.0
2022,NLDS1,stephja01,ATL,NL,1,0,0,0,0,0,0,0,0,0.0,0,0.0,0.0,0.0,0.0,0.0,0.0
2022,NLDS1,stottbr01,PHI,NL,3,11,1,2,1,0,0,1,0,0.0,0,2.0,0.0,0.0,0.0,0.0,1.0
2022,NLDS1,stridsp01,ATL,NL,1,0,0,0,0,0,0,0,0,0.0,0,0.0,0.0,0.0,0.0,0.0,0.0
2022,NLDS1,suarera01,PHI,NL,1,0,0,0,0,0,0,0,0,0.0,0,0.0,0.0,0.0,0.0,0.0,0.0
2022,NLDS1,swansda01,ATL,NL,4,16,3,2,1,0,0,0,0,0.0,1,7.0,0.0,0.0,0.0,0.0,0.0
2022,NLDS1,syndeno01,PHI,NL,2,0,0,0,0,0,0,0,0,0.0,0,0.0,0.0,0.0,0.0,0.0,0.0
2022,NLDS1,vierlma01,PHI,NL,4,4,1,0,0,0,0,0,0,0.0,0,1.0,0.0,0.0,1.0,0.0,0.0
2022,NLDS1,wheelza01,PHI,NL,1,0,0,0,0,0,0,0,0,0.0,0,0.0,0.0,0.0,0.0,0.0,0.0
2022,NLDS1,wrighky01,ATL,NL,1,0,0,0,0,0,0,0,0,0.0,0,0.0,0.0,0.0,0.0,0.0,0.0
2022,NLDS2,almonye01,LAN,NL,3,0,0,0,0,0,0,0,0,0.0,0,0.0,0.0,0.0,0.0,0.0,0.0
2022,NLDS2,anderty01,LAN,NL,1,0,0,0,0,0,0,0,0,0.0,0,0.0,0.0,0.0,0.0,0.0,0.0
2022,NLDS2,azocajo01,SDN,NL,2,0,0,0,0,0,0,0,1,0.0,0,0.0,0.0,0.0,0.0,0.0,0.0
2022,NLDS2,barneau01,LAN,NL,2,3,0,2,1,0,0,0,0,0.0,0,0.0,0.0,0.0,0.0,0.0,0.0
2022,NLDS2,bellico01,LAN,NL,3,7,0,1,0,0,0,0,0,0.0,0,4.0,0.0,0.0,0.0,0.0,0.0
2022,NLDS2,belljo02,SDN,NL,2,6,0,0,0,0,0,0,0,0.0,0,3.0,0.0,0.0,0.0,0.0,0.0
2022,NLDS2,bettsmo01,LAN,NL,4,14,2,2,1,0,0,1,0,1.0,3,4.0,0.0,0.0,0.0,1.0,0.0
2022,NLDS2,clevimi01,SDN,NL,1,0,0,0,0,0,0,0,0,0.0,0,0.0,0.0,0.0,0.0,0.0,0.0
2022,NLDS2,croneja01,SDN,NL,4,16,3,7,0,0,1,5,0,0.0,0,4.0,0.0,0.0,0.0,0.0,0.0
2022,NLDS2,darviyu01,SDN,NL,1,0,0,0,0,0,0,0,0,0.0,0,0.0,0.0,0.0,0.0,0.0,0.0
2022,NLDS2,drurybr01,SDN,NL,3,11,0,1,0,0,0,0,0,0.0,0,5.0,0.0,0.0,0.0,0.0,0.0
2022,NLDS2,freemfr01,LAN,NL,4,14,1,5,3,0,1,3,1,0.0,3,4.0,1.0,1.0,0.0,0.0,0.0
2022,NLDS2,gallojo01,LAN,NL,1,0,0,0,0,0,0,0,0,0.0,0,0.0,0.0,0.0,0.0,0.0,0.0
2022,NLDS2,garcilu03,SDN,NL,1,0,0,0,0,0,0,0,0,0.0,0,0.0,0.0,0.0,0.0,0.0,0.0
2022,NLDS2,gonsoto01,LAN,NL,1,0,0,0,0,0,0,0,0,0.0,0,0.0,0.0,0.0,0.0,0.0,0.0
2022,NLDS2,gratebr01,LAN,NL,2,0,0,0,0,0,0,0,0,0.0,0,0.0,0.0,0.0,0.0,0.0,0.0
2022,NLDS2,grishtr01,SDN,NL,4,13,2,4,0,0,1,2,0,0.0,2,6.0,1.0,0.0,0.0,0.0,0.0
2022,NLDS2,haderjo01,SDN,NL,3,0,0,0,0,0,0,0,0,0.0,0,0.0,0.0,0.0,0.0,0.0,0.0
2022,NLDS2,heanean01,LAN,NL,1,0,0,0,0,0,0,0,0,0.0,0,0.0,0.0,0.0,0.0,0.0,0.0
2022,NLDS2,hillti01,SDN,NL,2,0,0,0,0,0,0,0,0,0.0,0,0.0,0.0,0.0,0.0,0.0,0.0
2022,NLDS2,johnspi01,SDN,NL,1,0,0,0,0,0,0,0,0,0.0,0,0.0,0.0,0.0,0.0,0.0,0.0
2022,NLDS2,kahnlto01,LAN,NL,3,0,0,0,0,0,0,0,0,0.0,0,0.0,0.0,0.0,0.0,0.0,0.0
2022,NLDS2,kershcl01,LAN,NL,1,0,0,0,0,0,0,0,0,0.0,0,0.0,0.0,0.0,0.0,0.0,0.0
2022,NLDS2,kimha01,SDN,NL,4,18,3,3,2,0,0,1,0,0.0,0,7.0,0.0,0.0,0.0,0.0,0.0
2022,NLDS2,luxga01,LAN,NL,4,13,0,3,1,0,0,1,0,0.0,0,5.0,0.0,0.0,0.0,0.0,1.0
2022,NLDS2,machama01,SDN,NL,4,14,1,5,1,0,1,2,0,0.0,3,5.0,0.0,0.0,0.0,0.0,0.0
2022,NLDS2,martich02,LAN,NL,2,0,0,0,0,0,0,0,0,0.0,0,0.0,0.0,0.0,0.0,0.0,0.0
2022,NLDS2,martini01,SDN,NL,3,0,0,0,0,0,0,0,0,0.0,0,0.0,0.0,0.0,0.0,0.0,0.0
2022,NLDS2,muncyma01,LAN,NL,4,14,2,4,1,0,1,2,0,0.0,2,6.0,0.0,0.0,0.0,0.0,0.0
2022,NLDS2,musgrjo01,SDN,NL,1,0,0,0,0,0,0,0,0,0.0,0,0.0,0.0,0.0,0.0,0.0,0.0
2022,NLDS2,myerswi01,SDN,NL,4,15,1,2,0,0,1,1,0,0.0,1,6.0,0.0,0.0,0.0,0.0,1.0
2022,NLDS2,nolaau01,SDN,NL,4,12,1,4,1,0,0,2,0,0.0,2,3.0,0.0,0.0,0.0,1.0,0.0
2022,NLDS2,phillev01,LAN,NL,3,0,0,0,0,0,0,0,0,0.0,0,0.0,0.0,0.0,0.0,0.0,0.0
2022,NLDS2,profaju01,SDN,NL,4,13,1,3,0,0,0,1,0,0.0,3,3.0,0.0,0.0,0.0,0.0,0.0
2022,NLDS2,smithwi05,LAN,NL,4,16,2,3,2,0,0,2,0,0.0,0,2.0,0.0,0.0,0.0,1.0,0.0
2022,NLDS2,snellbl01,SDN,NL,1,0,0,0,0,0,0,0,0,0.0,0,0.0,0.0,0.0,0.0,0.0,0.0
2022,NLDS2,sotoju01,SDN,NL,4,16,3,3,1,0,0,1,1,0.0,1,3.0,0.0,0.0,0.0,0.0,0.0
2022,NLDS2,suarero01,SDN,NL,3,0,0,0,0,0,0,0,0,0.0,0,0.0,0.0,0.0,0.0,0.0,0.0
2022,NLDS2,tayloch03,LAN,NL,2,7,0,0,0,0,0,0,0,0.0,0,5.0,0.0,0.0,0.0,0.0,0.0
2022,NLDS2,thomptr01,LAN,NL,4,13,1,2,0,0,0,0,0,0.0,3,6.0,0.0,0.0,0.0,0.0,0.0
2022,NLDS2,treinbl01,LAN,NL,1,0,0,0,0,0,0,0,0,0.0,0,0.0,0.0,0.0,0.0,0.0,0.0
2022,NLDS2,turneju01,LAN,NL,4,13,0,2,0,0,0,0,0,0.0,3,3.0,0.0,0.0,0.0,0.0,0.0
2022,NLDS2,turnetr01,LAN,NL,4,18,4,6,2,0,2,2,1,0.0,0,5.0,0.0,0.0,0.0,0.0,0.0
2022,NLDS2,uriasju01,LAN,NL,1,0,0,0,0,0,0,0,0,0.0,0,0.0,0.0,0.0,0.0,0.0,0.0
2022,NLDS2,vesiaal01,LAN,NL,3,0,0,0,0,0,0,0,0,0.0,0,0.0,0.0,0.0,0.0,0.0,0.0
2022,NLDS2,wilsost02,SDN,NL,2,0,0,0,0,0,0,0,0,0.0,0,0.0,0.0,0.0,0.0,0.0,0.0
2022,NLWC1,alonspe01,NYN,NL,3,10,2,3,0,0,1,1,0,0.0,2,4.0,0.0,0.0,0.0,0.0,0.0
2022,NLWC1,alvarfr01,NYN,NL,1,1,0,0,0,0,0,0,0,0.0,0,1.0,0.0,0.0,0.0,0.0,0.0
2022,NLWC1,bassich01,NYN,NL,1,0,0,0,0,0,0,0,0,0.0,0,0.0,0.0,0.0,0.0,0.0,0.0
2022,NLWC1,belljo02,SDN,NL,3,13,2,3,0,0,1,2,0,0.0,1,4.0,0.0,0.0,0.0,0.0,0.0
2022,NLWC1,canhama01,NYN,NL,3,10,1,0,0,0,0,0,0,0.0,2,2.0,0.0,0.0,0.0,0.0,0.0
2022,NLWC1,croneja01,SDN,NL,3,13,0,0,0,0,0,0,0,0.0,0,6.0,0.0,0.0,0.0,0.0,0.0
2022,NLWC1,darviyu01,SDN,NL,1,0,0,0,0,0,0,0,0,0.0,0,0.0,0.0,0.0,0.0,0.0,0.0
2022,NLWC1,degroja01,NYN,NL,1,0,0,0,0,0,0,0,0,0.0,0,0.0,0.0,0.0,0.0,0.0,0.0
2022,NLWC1,diazed04,NYN,NL,2,0,0,0,0,0,0,0,0,0.0,0,0.0,0.0,0.0,0.0,0.0,0.0
2022,NLWC1,drurybr01,SDN,NL,1,4,0,0,0,0,0,0,0,0.0,0,1.0,0.0,0.0,0.0,0.0,0.0
2022,NLWC1,escobed01,NYN,NL,3,9,2,3,1,0,1,2,0,0.0,2,3.0,0.0,0.0,0.0,0.0,0.0
2022,NLWC1,garcilu03,SDN,NL,1,0,0,0,0,0,0,0,0,0.0,0,0.0,0.0,0.0,0.0,0.0,0.0
2022,NLWC1,givenmy01,NYN,NL,2,0,0,0,0,0,0,0,0,0.0,0,0.0,0.0,0.0,0.0,0.0,0.0
2022,NLWC1,gorete01,NYN,NL,1,0,0,0,0,0,0,0,0,0.0,0,0.0,0.0,0.0,0.0,0.0,0.0
2022,NLWC1,grishtr01,SDN,NL,3,8,5,4,0,0,2,3,0,0.0,2,0.0,0.0,2.0,0.0,0.0,0.0
2022,NLWC1,guilllu01,NYN,NL,1,1,0,0,0,0,0,0,0,0.0,0,1.0,0.0,0.0,0.0,0.0,0.0
2022,NLWC1,haderjo01,SDN,NL,1,0,0,0,0,0,0,0,0,0.0,0,0.0,0.0,0.0,0.0,0.0,0.0
2022,NLWC1,johnspi01,SDN,NL,1,0,0,0,0,0,0,0,0,0.0,0,0.0,0.0,0.0,0.0,0.0,0.0
2022,NLWC1,kimha01,SDN,NL,3,8,4,2,1,0,0,0,1,1.0,4,4.0,0.0,0.0,0.0,0.0,0.0
2022,NLWC1,lindofr01,NYN,NL,3,10,2,2,0,0,1,1,1,0.0,1,2.0,0.0,1.0,0.0,0.0,0.0
2022,NLWC1,lugose01,NYN,NL,3,0,0,0,0,0,0,0,0,0.0,0,0.0,0.0,0.0,0.0,0.0,0.0
2022,NLWC1,machama01,SDN,NL,3,13,1,3,1,0,1,3,0,0.0,1,6.0,0.0,0.0,0.0,0.0,0.0
2022,NLWC1,martest01,NYN,NL,3,12,0,2,0,0,0,0,2,0.0,1,1.0,0.0,0.0,0.0,0.0,1.0
2022,NLWC1,martini01,SDN,NL,1,0,0,0,0,0,0,0,0,0.0,0,0.0,0.0,0.0,0.0,0.0,0.0
2022,NLWC1,maytr01,NYN,NL,2,0,0,0,0,0,0,0,0,0.0,0,0.0,0.0,0.0,0.0,0.0,0.0
2022,NLWC1,mccanja02,NYN,NL,1,0,0,0,0,0,0,0,0,0.0,0,0.0,0.0,0.0,0.0,0.0,0.0
2022,NLWC1,mcneije01,NYN,NL,3,11,1,2,1,0,0,2,0,0.0,0,1.0,0.0,0.0,0.0,0.0,0.0
2022,NLWC1,morejad01,SDN,NL,1,0,0,0,0,0,0,0,0,0.0,0,0.0,0.0,0.0,0.0,0.0,0.0
2022,NLWC1,musgrjo01,SDN,NL,1,0,0,0,0,0,0,0,0,0.0,0,0.0,0.0,0.0,0.0,0.0,0.0
2022,NLWC1,myerswi01,SDN,NL,2,8,0,0,0,0,0,0,0,0.0,0,4.0,0.0,0.0,0.0,0.0,0.0
2022,NLWC1,nidoto01,NYN,NL,3,8,0,1,0,0,0,0,0,0.0,1,4.0,0.0,0.0,0.0,0.0,1.0
2022,NLWC1,nimmobr01,NYN,NL,3,12,0,4,0,1,0,1,0,0.0,1,1.0,0.0,0.0,0.0,0.0,0.0
2022,NLWC1,nolaau01,SDN,NL,3,9,1,4,1,0,0,2,0,0.0,1,3.0,0.0,0.0,2.0,0.0,0.0
2022,NLWC1,ottavad01,NYN,NL,1,0,0,0,0,0,0,0,0,0.0,0,0.0,0.0,0.0,0.0,0.0,0.0
2022,NLWC1,peterda01,NYN,NL,2,0,0,0,0,0,0,0,0,0.0,0,0.0,0.0,0.0,0.0,0.0,0.0
2022,NLWC1,profaju01,SDN,NL,3,12,3,4,0,0,1,4,0,0.0,2,1.0,0.0,0.0,0.0,0.0,0.0
2022,NLWC1,rufda01,NYN,NL,1,1,0,0,0,0,0,0,0,0.0,1,1.0,0.0,1.0,0.0,0.0,0.0
2022,NLWC1,scherma01,NYN,NL,1,0,0,0,0,0,0,0,0,0.0,0,0.0,0.0,0.0,0.0,0.0,0.0
2022,NLWC1,smithdr01,NYN,NL,1,0,0,0,0,0,0,0,0,0.0,0,0.0,0.0,0.0,0.0,0.0,0.0
2022,NLWC1,snellbl01,SDN,NL,1,0,0,0,0,0,0,0,0,0.0,0,0.0,0.0,0.0,0.0,0.0,0.0
2022,NLWC1,sotoju01,SDN,NL,3,12,0,4,0,0,0,2,0,1.0,1,2.0,0.0,0.0,1.0,0.0,0.0
2022,NLWC1,suarero01,SDN,NL,2,0,0,0,0,0,0,0,0,0.0,0,0.0,0.0,0.0,0.0,0.0,0.0
2022,NLWC1,vogelda01,NYN,NL,3,7,0,0,0,0,0,1,0,0.0,0,1.0,0.0,0.0,0.0,1.0,0.0
2022,NLWC1,wilsost02,SDN,NL,1,0,0,0,0,0,0,0,0,0.0,0,0.0,0.0,0.0,0.0,0.0,0.0
2022,NLWC2,alvarjo03,PHI,NL,2,0,0,0,0,0,0,0,0,0.0,0,0.0,0.0,0.0,0.0,0.0,0.0
2022,NLWC2,arenano01,SLN,NL,2,8,1,1,0,0,0,0,0,0.0,0,2.0,0.0,0.0,0.0,0.0,0.0
2022,NLWC2,bohmal01,PHI,NL,2,5,1,2,2,0,0,1,0,1.0,2,0.0,1.0,1.0,0.0,0.0,0.0
2022,NLWC2,carlsdy01,SLN,NL,2,2,1,0,0,0,0,0,0,0.0,2,0.0,0.0,0.0,0.0,0.0,0.0
2022,NLWC2,casteni01,PHI,NL,2,7,1,0,0,0,0,0,0,0.0,1,2.0,0.0,0.0,0.0,0.0,0.0
2022,NLWC2,dejonpa01,SLN,NL,1,1,0,0,0,0,0,0,0,0.0,0,0.0,0.0,0.0,0.0,0.0,0.0
2022,NLWC2,deluzbe01,SLN,NL,2,0,0,0,0,0,0,0,0,0.0,0,0.0,0.0,0.0,0.0,0.0,0.0
2022,NLWC2,dickeco01,SLN,NL,2,6,0,2,0,0,0,0,0,0.0,0,1.0,0.0,0.0,0.0,0.0,0.0
2022,NLWC2,dominse01,PHI,NL,1,0,0,0,0,0,0,0,0,0.0,0,0.0,0.0,0.0,0.0,0.0,0.0
2022,NLWC2,donovbr01,SLN,NL,2,7,0,0,0,0,0,0,0,0.0,0,2.0,0.0,0.0,0.0,0.0,0.0
2022,NLWC2,edmanto01,SLN,NL,2,6,0,1,0,0,0,0,0,0.0,1,1.0,0.0,0.0,0.0,0.0,0.0
2022,NLWC2,eflinza01,PHI,NL,2,0,0,0,0,0,0,0,0,0.0,0,0.0,0.0,0.0,0.0,0.0,0.0
2022,NLWC2,gallegi01,SLN,NL,2,0,0,0,0,0,0,0,0,0.0,0,0.0,0.0,0.0,0.0,0.0,0.0
2022,NLWC2,goldspa01,SLN,NL,2,7,0,0,0,0,0,0,0,0.0,0,4.0,0.0,1.0,0.0,0.0,0.0
2022,NLWC2,gormano01,SLN,NL,1,1,0,1,0,0,0,1,0,0.0,0,0.0,0.0,0.0,0.0,0.0,0.0
2022,NLWC2,harpebr03,PHI,NL,2,7,2,2,0,0,1,1,0,0.0,1,2.0,0.0,0.0,0.0,0.0,0.0
2022,NLWC2,helslry01,SLN,NL,1,0,0,0,0,0,0,0,0,0.0,0,0.0,0.0,0.0,0.0,0.0,0.0
2022,NLWC2,hicksjo03,SLN,NL,2,0,0,0,0,0,0,0,0,0.0,0,0.0,0.0,0.0,0.0,0.0,0.0
2022,NLWC2,hoskirh01,PHI,NL,2,9,0,0,0,0,0,0,0,0.0,0,3.0,0.0,0.0,0.0,0.0,0.0
2022,NLWC2,marshbr02,PHI,NL,2,5,0,2,1,0,0,1,0,0.0,0,2.0,0.0,0.0,1.0,0.0,1.0
2022,NLWC2,mikolmi01,SLN,NL,1,0,0,0,0,0,0,0,0,0.0,0,0.0,0.0,0.0,0.0,0.0,0.0
2022,NLWC2,molinya01,SLN,NL,2,8,0,1,0,0,0,0,0,0.0,0,2.0,0.0,0.0,0.0,0.0,0.0
2022,NLWC2,montgjo01,SLN,NL,1,0,0,0,0,0,0,0,0,0.0,0,0.0,0.0,0.0,0.0,0.0,0.0
2022,NLWC2,nolaaa01,PHI,NL,1,0,0,0,0,0,0,0,0,0.0,0,0.0,0.0,0.0,0.0,0.0,0.0
2022,NLWC2,nootbla01,SLN,NL,2,6,0,2,1,0,0,0,0,0.0,2,2.0,0.0,0.0,0.0,0.0,0.0
2022,NLWC2,pallaan01,SLN,NL,1,0,0,0,0,0,0,0,0,0.0,0,0.0,0.0,0.0,0.0,0.0,0.0
2022,NLWC2,pujolal01,SLN,NL,2,8,0,2,0,0,0,0,0,0.0,0,1.0,0.0,0.0,0.0,0.0,1.0
2022,NLWC2,quintjo01,SLN,NL,1,0,0,0,0,0,0,0,0,0.0,0,0.0,0.0,0.0,0.0,0.0,0.0
2022,NLWC2,realmjt01,PHI,NL,2,6,1,1,0,0,0,0,0,0.0,2,0.0,0.0,0.0,0.0,0.0,0.0
2022,NLWC2,roberda08,PHI,NL,1,0,0,0,0,0,0,0,0,0.0,0,0.0,0.0,0.0,0.0,0.0,0.0
2022,NLWC2,schwaky01,PHI,NL,2,7,0,0,0,0,0,2,0,0.0,0,4.0,0.0,0.0,0.0,2.0,0.0
2022,NLWC2,segurje01,PHI,NL,2,5,1,1,0,0,0,2,0,0.0,0,0.0,0.0,1.0,1.0,0.0,0.0
2022,NLWC2,sosaed01,PHI,NL,2,0,1,0,0,0,0,0,0,0.0,0,0.0,0.0,0.0,0.0,0.0,0.0
2022,NLWC2,stottbr01,PHI,NL,2,4,1,0,0,0,0,1,0,0.0,3,1.0,0.0,0.0,0.0,0.0,0.0
2022,NLWC2,vierlma01,PHI,NL,1,2,0,1,0,0,0,0,0,0.0,0,0.0,0.0,0.0,0.0,0.0,0.0
2022,NLWC2,wheelza01,PHI,NL,1,0,0,0,0,0,0,0,0,0.0,0,0.0,0.0,0.0,0.0,0.0,0.0
2022,NLWC2,yepezju01,SLN,NL,2,5,1,2,0,0,1,2,0,0.0,0,0.0,0.0,0.0,0.0,0.0,0.0
2022,WS,abreubr01,HOU,AL,4,0,0,0,0,0,0,0,0,0.0,0,0.0,0.0,0.0,0.0,0.0,0.0
2022,WS,altuvjo01,HOU,AL,6,26,5,8,2,0,0,0,1,1.0,1,3.0,0.0,0.0,0.0,0.0,2.0
2022,WS,alvarjo03,PHI,NL,4,0,0,0,0,0,0,0,0,0.0,0,0.0,0.0,0.0,0.0,0.0,0.0
2022,WS,alvaryo01,HOU,AL,6,23,4,3,1,0,1,6,0,0.0,2,8.0,0.0,1.0,0.0,0.0,0.0
2022,WS,bellaan01,PHI,NL,3,0,0,0,0,0,0,0,0,0.0,0,0.0,0.0,0.0,0.0,0.0,0.0
2022,WS,bohmal01,PHI,NL,6,21,2,6,2,0,1,3,0,0.0,2,7.0,0.0,0.0,0.0,0.0,0.0
2022,WS,bregmal01,HOU,AL,6,21,4,5,3,0,1,4,1,0.0,4,4.0,0.0,1.0,0.0,0.0,1.0
2022,WS,brogdco01,PHI,NL,3,0,0,0,0,0,0,0,0,0.0,0,0.0,0.0,0.0,0.0,0.0,0.0
2022,WS,casteni01,PHI,NL,6,24,3,3,1,0,0,1,0,0.0,1,10.0,0.0,0.0,0.0,0.0,0.0
2022,WS,diazal02,HOU,AL,3,8,0,0,0,0,0,0,0,0.0,0,4.0,0.0,0.0,0.0,0.0,0.0
2022,WS,dominse01,PHI,NL,3,0,0,0,0,0,0,0,0,0.0,0,0.0,0.0,0.0,0.0,0.0,0.0
2022,WS,dubonma01,HOU,AL,2,0,0,0,0,0,0,0,0,0.0,0,0.0,0.0,0.0,0.0,0.0,0.0
2022,WS,eflinza01,PHI,NL,4,0,0,0,0,0,0,0,0,0.0,0,0.0,0.0,0.0,0.0,0.0,0.0
2022,WS,garcilu05,HOU,AL,1,0,0,0,0,0,0,0,0,0.0,0,0.0,0.0,0.0,0.0,0.0,0.0
2022,WS,gibsoky01,PHI,NL,1,0,0,0,0,0,0,0,0,0.0,0,0.0,0.0,0.0,0.0,0.0,0.0
2022,WS,gourryu01,HOU,AL,5,19,1,6,1,0,0,1,1,0.0,1,1.0,0.0,0.0,0.0,0.0,0.0
2022,WS,handbr01,PHI,NL,2,0,0,0,0,0,0,0,0,0.0,0,0.0,0.0,0.0,0.0,0.0,0.0
2022,WS,harpebr03,PHI,NL,6,20,2,4,1,0,1,2,1,0.0,4,7.0,0.0,1.0,0.0,0.0,1.0
2022,WS,henslda01,HOU,AL,2,7,0,2,0,0,0,0,0,0.0,0,4.0,0.0,0.0,0.0,0.0,0.0
2022,WS,hoskirh01,PHI,NL,6,25,2,3,0,0,1,1,0,0.0,1,10.0,0.0,0.0,0.0,0.0,1.0
2022,WS,javiecr01,HOU,AL,1,0,0,0,0,0,0,0,0,0.0,0,0.0,0.0,0.0,0.0,0.0,0.0
2022,WS,maldoma01,HOU,AL,5,15,0,3,0,0,0,1,0,0.0,0,4.0,0.0,1.0,0.0,0.0,0.0
2022,WS,mancitr01,HOU,AL,4,9,0,1,0,0,0,0,0,0.0,0,4.0,0.0,0.0,0.0,0.0,0.0
2022,WS,marshbr02,PHI,NL,6,13,3,3,1,0,1,1,1,0.0,2,4.0,0.0,1.0,0.0,0.0,0.0
2022,WS,matonni01,PHI,NL,1,1,0,0,0,0,0,0,0,0.0,0,0.0,0.0,0.0,0.0,0.0,0.0
2022,WS,mccorch01,HOU,AL,6,19,1,4,0,0,0,0,0,0.0,3,10.0,0.0,0.0,0.0,0.0,0.0
2022,WS,mcculla02,HOU,AL,1,0,0,0,0,0,0,0,0,0.0,0,0.0,0.0,0.0,0.0,0.0,0.0
2022,WS,montera01,HOU,AL,4,0,0,0,0,0,0,0,0,0.0,0,0.0,0.0,0.0,0.0,0.0,0.0
2022,WS,nelsoni01,PHI,NL,1,0,0,0,0,0,0,0,0,0.0,0,0.0,0.0,0.0,0.0,0.0,0.0
2022,WS,nerishe01,HOU,AL,3,0,0,0,0,0,0,0,0,0.0,0,0.0,0.0,0.0,0.0,0.0,0.0
2022,WS,nolaaa01,PHI,NL,2,0,0,0,0,0,0,0,0,0.0,0,0.0,0.0,0.0,0.0,0.0,0.0
2022,WS,penaje02,HOU,AL,6,25,5,10,2,0,1,3,0,1.0,1,7.0,0.0,0.0,0.0,0.0,0.0
2022,WS,pressry01,HOU,AL,5,0,0,0,0,0,0,0,0,0.0,0,0.0,0.0,0.0,0.0,0.0,0.0
2022,WS,realmjt01,PHI,NL,6,24,1,4,1,0,1,3,0,0.0,1,12.0,0.0,1.0,0.0,0.0,0.0
2022,WS,roberda08,PHI,NL,4,0,0,0,0,0,0,0,0,0.0,0,0.0,0.0,0.0,0.0,0.0,0.0
2022,WS,schwaky01,PHI,NL,6,20,5,5,0,0,3,4,1,0.0,6,7.0,0.0,0.0,0.0,0.0,0.0
2022,WS,segurje01,PHI,NL,6,21,0,3,0,0,0,2,0,0.0,0,6.0,0.0,0.0,0.0,1.0,0.0
2022,WS,sosaed01,PHI,NL,4,4,0,0,0,0,0,0,0,0.0,0,3.0,0.0,0.0,0.0,0.0,0.0
2022,WS,stanery01,HOU,AL,2,0,0,0,0,0,0,0,0,0.0,0,0.0,0.0,0.0,0.0,0.0,0.0
2022,WS,stottbr01,PHI,NL,6,14,0,0,0,0,0,0,0,0.0,4,5.0,0.0,0.0,0.0,0.0,0.0
2022,WS,suarera01,PHI,NL,2,0,0,0,0,0,0,0,0,0.0,0,0.0,0.0,0.0,0.0,0.0,0.0
2022,WS,syndeno01,PHI,NL,1,0,0,0,0,0,0,0,0,0.0,0,0.0,0.0,0.0,0.0,0.0,0.0
2022,WS,tuckeky01,HOU,AL,6,21,2,4,1,0,2,5,0,0.0,3,5.0,0.0,0.0,0.0,1.0,0.0
2022,WS,urquijo01,HOU,AL,1,0,0,0,0,0,0,0,0,0.0,0,0.0,0.0,0.0,0.0,0.0,0.0
2022,WS,valdefr01,HOU,AL,2,0,0,0,0,0,0,0,0,0.0,0,0.0,0.0,0.0,0.0,0.0,0.0
2022,WS,vazquch01,HOU,AL,3,7,0,2,0,0,0,1,0,0.0,0,3.0,0.0,1.0,0.0,0.0,1.0
2022,WS,verlaju01,HOU,AL,2,0,0,0,0,0,0,0,0,0.0,0,0.0,0.0,0.0,0.0,0.0,0.0
2022,WS,vierlma01,PHI,NL,3,3,0,0,0,0,0,0,0,0.0,1,0.0,0.0,0.0,0.0,0.0,1.0
2022,WS,wheelza01,PHI,NL,2,0,0,0,0,0,0,0,0,0.0,0,0.0,0.0,0.0,0.0,0.0,0.0
2023,ALCS,abreubr01,HOU,AL,4,0,0,0,0,0,0,0,0,0.0,0,0.0,0.0,0.0,0.0,0.0,0.0
2023,ALCS,abreujo02,HOU,AL,4,16,0,5,0,0,0,1,0,0.0,1,4.0,0.0,0.0,0.0,0.0,0.0
2023,ALCS,altuvjo01,HOU,AL,4,18,3,4,1,0,1,1,1,0.0,1,2.0,0.0,0.0,0.0,0.0,0.0
2023,ALCS,alvaryo01,HOU,AL,4,14,4,7,0,1,2,4,0,0.0,3,6.0,2.0,0.0,0.0,0.0,0.0
2023,ALCS,brantmi02,HOU,AL,3,11,0,2,1,0,0,1,0,0.0,3,2.0,0.0,0.0,0.0,0.0,2.0
2023,ALCS,bregmal01,HOU,AL,4,15,3,4,1,0,2,2,0,0.0,2,1.0,0.0,0.0,0.0,0.0,0.0
2023,ALCS,brownhu01,HOU,AL,1,0,0,0,0,0,0,0,0,0.0,0,0.0,0.0,0.0,0.0,0.0,0.0
2023,ALCS,carteev01,TEX,AL,4,13,4,3,2,0,0,2,2,0.0,2,3.0,0.0,0.0,0.0,0.0,0.0
2023,ALCS,chapmar01,TEX,AL,3,0,0,0,0,0,0,0,0,0.0,0,0.0,0.0,0.0,0.0,0.0,0.0
2023,ALCS,diazya02,HOU,AL,4,7,0,0,0,0,0,0,0,0.0,0,1.0,0.0,0.0,0.0,0.0,0.0
2023,ALCS,dubonma01,HOU,AL,2,6,0,1,0,0,0,1,0,0.0,0,0.0,0.0,0.0,0.0,1.0,0.0
2023,ALCS,eovalna01,TEX,AL,2,0,0,0,0,0,0,0,0,0.0,0,0.0,0.0,0.0,0.0,0.0,0.0
2023,ALCS,francjp01,HOU,AL,2,0,0,0,0,0,0,0,0,0.0,0,0.0,0.0,0.0,0.0,0.0,0.0
2023,ALCS,garciad02,TEX,AL,4,17,5,6,0,0,3,10,1,0.0,0,5.0,0.0,1.0,0.0,0.0,0.0
2023,ALCS,garvemi01,TEX,AL,4,15,3,5,1,0,1,4,0,0.0,0,3.0,0.0,1.0,0.0,0.0,1.0
2023,ALCS,grossro01,TEX,AL,2,4,1,0,0,0,0,0,0,0.0,0,1.0,0.0,0.0,0.0,0.0,0.0
2023,ALCS,heanean01,TEX,AL,1,0,0,0,0,0,0,0,0,0.0,0,0.0,0.0,0.0,0.0,0.0,0.0
2023,ALCS,heimjo01,TEX,AL,4,17,2,5,0,0,2,4,1,0.0,1,3.0,0.0,0.0,0.0,0.0,0.0
2023,ALCS,jankotr01,TEX,AL,2,2,0,1,0,0,0,0,0,0.0,0,0.0,0.0,0.0,0.0,0.0,0.0
2023,ALCS,javiecr01,HOU,AL,1,0,0,0,0,0,0,0,0,0.0,0,0.0,0.0,0.0,0.0,0.0,0.0
2023,ALCS,jungjo01,TEX,AL,4,14,2,2,0,0,0,0,0,0.0,2,7.0,0.0,0.0,0.0,0.0,1.0
2023,ALCS,kessigr01,HOU,AL,1,0,0,0,0,0,0,0,0,0.0,0,0.0,0.0,0.0,0.0,0.0,0.0
2023,ALCS,leclejo01,TEX,AL,4,0,0,0,0,0,0,0,0,0.0,0,0.0,0.0,0.0,0.0,0.0,0.0
2023,ALCS,lowena01,TEX,AL,4,16,1,3,0,0,1,3,0,0.0,1,7.0,0.0,0.0,0.0,0.0,0.0
2023,ALCS,maldoma01,HOU,AL,4,6,0,0,0,0,0,0,0,0.0,1,3.0,0.0,1.0,0.0,0.0,0.0
2023,ALCS,matonph01,HOU,AL,3,0,0,0,0,0,0,0,0,0.0,0,0.0,0.0,0.0,0.0,0.0,0.0
2023,ALCS,mccorch01,HOU,AL,3,10,0,3,0,0,0,0,1,0.0,1,2.0,0.0,1.0,0.0,0.0,0.0
2023,ALCS,montera01,HOU,AL,2,0,0,0,0,0,0,0,0,0.0,0,0.0,0.0,0.0,0.0,0.0,0.0
2023,ALCS,montgjo01,TEX,AL,2,0,0,0,0,0,0,0,0,0.0,0,0.0,0.0,0.0,0.0,0.0,0.0
2023,ALCS,nerishe01,HOU,AL,3,0,0,0,0,0,0,0,0,0.0,0,0.0,0.0,0.0,0.0,0.0,0.0
2023,ALCS,penaje02,HOU,AL,4,14,0,2,0,0,0,0,0,0.0,0,2.0,0.0,0.0,0.0,0.0,0.0
2023,ALCS,pressry01,HOU,AL,1,0,0,0,0,0,0,0,0,0.0,0,0.0,0.0,0.0,0.0,0.0,0.0
2023,ALCS,sborzjo01,TEX,AL,4,0,0,0,0,0,0,0,0,0.0,0,0.0,0.0,0.0,0.0,0.0,0.0
2023,ALCS,scherma01,TEX,AL,1,0,0,0,0,0,0,0,0,0.0,0,0.0,0.0,0.0,0.0,0.0,0.0
2023,ALCS,seageco01,TEX,AL,4,18,4,5,1,0,1,2,0,0.0,1,5.0,0.0,1.0,0.0,0.0,0.0
2023,ALCS,semiema01,TEX,AL,4,17,3,5,0,0,0,0,0,0.0,3,2.0,0.0,0.0,0.0,0.0,0.0
2023,ALCS,singljo02,HOU,AL,1,1,0,0,0,0,0,0,0,0.0,0,1.0,0.0,0.0,0.0,0.0,0.0
2023,ALCS,stanery01,HOU,AL,2,0,0,0,0,0,0,0,0,0.0,0,0.0,0.0,0.0,0.0,0.0,0.0
2023,ALCS,taverle01,TEX,AL,4,13,2,4,0,1,1,1,1,0.0,3,2.0,0.0,0.0,0.0,0.0,0.0
2023,ALCS,tuckeky01,HOU,AL,4,16,0,1,0,0,0,0,0,0.0,1,3.0,0.0,0.0,0.0,0.0,0.0
2023,ALCS,urquijo01,HOU,AL,1,0,0,0,0,0,0,0,0,0.0,0,0.0,0.0,0.0,0.0,0.0,0.0
2023,ALCS,valdefr01,HOU,AL,2,0,0,0,0,0,0,0,0,0.0,0,0.0,0.0,0.0,0.0,0.0,0.0
2023,ALCS,verlaju01,HOU,AL,1,0,0,0,0,0,0,0,0,0.0,0,0.0,0.0,0.0,0.0,0.0,0.0
2023,ALDS1,bakerbr01,BAL,AL,1,0,0,0,0,0,0,0,0,0.0,0,0.0,0.0,0.0,0.0,0.0,0.0
2023,ALDS1,bradfco01,TEX,AL,1,0,0,0,0,0,0,0,0,0.0,0,0.0,0.0,0.0,0.0,0.0,0.0
2023,ALDS1,bradiky01,BAL,AL,1,0,0,0,0,0,0,0,0,0.0,0,0.0,0.0,0.0,0.0,0.0,0.0
2023,ALDS1,burkebr01,TEX,AL,1,0,0,0,0,0,0,0,0,0.0,0,0.0,0.0,0.0,0.0,0.0,0.0
2023,ALDS1,canoye01,BAL,AL,2,0,0,0,0,0,0,0,0,0.0,0,0.0,0.0,0.0,0.0,0.0,0.0
2023,ALDS1,carteev01,TEX,AL,3,10,1,3,1,0,0,1,0,0.0,3,2.0,0.0,0.0,0.0,0.0,0.0
2023,ALDS1,chapmar01,TEX,AL,2,0,0,0,0,0,0,0,0,0.0,0,0.0,0.0,0.0,0.0,0.0,0.0
2023,ALDS1,couloda01,BAL,AL,2,0,0,0,0,0,0,0,0,0.0,0,0.0,0.0,0.0,0.0,0.0,0.0
2023,ALDS1,dunnida01,TEX,AL,1,0,0,0,0,0,0,0,0,0.0,0,0.0,0.0,0.0,0.0,0.0,0.0
2023,ALDS1,eovalna01,TEX,AL,1,0,0,0,0,0,0,0,0,0.0,0,0.0,0.0,0.0,0.0,0.0,0.0
2023,ALDS1,flaheja01,BAL,AL,1,0,0,0,0,0,0,0,0,0.0,0,0.0,0.0,0.0,0.0,0.0,0.0
2023,ALDS1,fraziad01,BAL,AL,2,5,0,0,0,0,0,0,0,0.0,0,0.0,0.0,0.0,0.0,0.0,0.0
2023,ALDS1,garciad02,TEX,AL,3,14,2,5,1,0,1,4,0,0.0,0,7.0,0.0,0.0,0.0,0.0,0.0
2023,ALDS1,garvemi01,TEX,AL,2,10,3,4,1,0,1,7,0,0.0,0,1.0,0.0,0.0,0.0,0.0,2.0
2023,ALDS1,gibsoky01,BAL,AL,1,0,0,0,0,0,0,0,0,0.0,0,0.0,0.0,0.0,0.0,0.0,0.0
2023,ALDS1,grossro01,TEX,AL,1,5,0,1,1,0,0,0,0,0.0,0,4.0,0.0,0.0,0.0,0.0,0.0
2023,ALDS1,halldl01,BAL,AL,2,0,0,0,0,0,0,0,0,0.0,0,0.0,0.0,0.0,0.0,0.0,0.0
2023,ALDS1,haysau01,BAL,AL,3,11,1,3,1,0,0,0,0,0.0,2,3.0,0.0,0.0,0.0,0.0,1.0
2023,ALDS1,heanean01,TEX,AL,1,0,0,0,0,0,0,0,0,0.0,0,0.0,0.0,0.0,0.0,0.0,0.0
2023,ALDS1,heimjo01,TEX,AL,3,13,0,3,0,0,0,2,0,0.0,0,2.0,0.0,0.0,0.0,0.0,0.0
2023,ALDS1,hendegu01,BAL,AL,3,12,3,6,0,0,1,2,0,1.0,1,4.0,0.0,0.0,0.0,0.0,0.0
2023,ALDS1,hicksaa01,BAL,AL,3,8,1,2,0,0,1,5,0,0.0,2,1.0,0.0,0.0,0.0,0.0,0.0
2023,ALDS1,jungjo01,TEX,AL,3,12,4,5,1,0,1,1,0,0.0,1,2.0,0.0,0.0,0.0,0.0,0.0
2023,ALDS1,kremede01,BAL,AL,1,0,0,0,0,0,0,0,0,0.0,0,0.0,0.0,0.0,0.0,0.0,0.0
2023,ALDS1,leclejo01,TEX,AL,3,0,0,0,0,0,0,0,0,0.0,0,0.0,0.0,0.0,0.0,0.0,0.0
2023,ALDS1,lowena01,TEX,AL,3,12,2,2,0,0,1,1,0,0.0,1,6.0,0.0,0.0,0.0,0.0,0.0
2023,ALDS1,mateojo01,BAL,AL,3,5,1,4,2,0,0,1,0,0.0,0,1.0,0.0,0.0,0.0,0.0,0.0
2023,ALDS1,montgjo01,TEX,AL,1,0,0,0,0,0,0,0,0,0.0,0,0.0,0.0,0.0,0.0,0.0,0.0
2023,ALDS1,mountry01,BAL,AL,3,11,1,2,1,0,0,2,0,0.0,1,4.0,0.0,0.0,0.0,1.0,0.0
2023,ALDS1,mullice01,BAL,AL,3,12,0,0,0,0,0,0,0,0.0,0,3.0,0.0,0.0,0.0,0.0,0.0
2023,ALDS1,ohearry01,BAL,AL,3,5,0,1,0,0,0,0,0,0.0,0,1.0,0.0,0.0,0.0,0.0,0.0
2023,ALDS1,perezci01,BAL,AL,2,0,0,0,0,0,0,0,0,0.0,0,0.0,0.0,0.0,0.0,0.0,0.0
2023,ALDS1,rodrigr01,BAL,AL,1,0,0,0,0,0,0,0,0,0.0,0,0.0,0.0,0.0,0.0,0.0,0.0
2023,ALDS1,rutscad01,BAL,AL,3,12,0,1,1,0,0,0,0,0.0,1,2.0,0.0,0.0,0.0,0.0,0.0
2023,ALDS1,santaan02,BAL,AL,3,11,2,3,0,0,1,1,0,0.0,2,0.0,0.0,0.0,0.0,0.0,1.0
2023,ALDS1,sborzjo01,TEX,AL,2,0,0,0,0,0,0,0,0,0.0,0,0.0,0.0,0.0,0.0,0.0,0.0
2023,ALDS1,seageco01,TEX,AL,3,6,4,2,0,0,1,1,0,0.0,9,0.0,1.0,0.0,0.0,0.0,0.0
2023,ALDS1,semiema01,TEX,AL,3,14,2,3,1,0,0,1,0,0.0,1,3.0,0.0,0.0,0.0,0.0,0.0
2023,ALDS1,smithwi04,TEX,AL,1,0,0,0,0,0,0,0,0,0.0,0,0.0,0.0,0.0,0.0,0.0,0.0
2023,ALDS1,taverle01,TEX,AL,3,10,3,2,1,0,0,2,0,0.0,3,1.0,0.0,0.0,0.0,0.0,0.0
2023,ALDS1,uriasra01,BAL,AL,1,2,0,1,0,0,0,0,0,0.0,0,0.0,0.0,0.0,0.0,0.0,0.0
2023,ALDS1,webbja01,BAL,AL,2,0,0,0,0,0,0,0,0,0.0,0,0.0,0.0,0.0,0.0,0.0,0.0
2023,ALDS1,wellsty01,BAL,AL,3,0,0,0,0,0,0,0,0,0.0,0,0.0,0.0,0.0,0.0,0.0,0.0
2023,ALDS1,westbjo01,BAL,AL,3,9,2,2,1,0,0,0,0,0.0,0,4.0,0.0,0.0,0.0,0.0,0.0
2023,ALDS2,abreubr01,HOU,AL,1,0,0,0,0,0,0,0,0,0.0,0,0.0,0.0,0.0,0.0,0.0,0.0
2023,ALDS2,abreujo02,HOU,AL,2,7,0,1,0,0,0,1,0,0.0,1,0.0,0.0,0.0,0.0,0.0,0.0
2023,ALDS2,altuvjo01,HOU,AL,2,8,1,3,0,0,1,1,0,0.0,0,0.0,0.0,0.0,0.0,0.0,0.0
2023,ALDS2,alvaryo01,HOU,AL,2,7,4,3,0,0,3,5,0,0.0,1,3.0,0.0,0.0,0.0,0.0,0.0
2023,ALDS2,brantmi02,HOU,AL,2,7,0,2,0,0,0,0,1,0.0,1,2.0,0.0,0.0,0.0,0.0,0.0
2023,ALDS2,bregmal01,HOU,AL,2,6,3,1,0,0,0,0,0,0.0,1,3.0,0.0,1.0,0.0,0.0,0.0
2023,ALDS2,brownhu01,HOU,AL,1,0,0,0,0,0,0,0,0,0.0,0,0.0,0.0,0.0,0.0,0.0,0.0
2023,ALDS2,castrwi01,MIN,AL,2,5,1,1,0,0,0,0,0,0.0,1,2.0,0.0,0.0,0.0,0.0,0.0
2023,ALDS2,correca01,MIN,AL,2,8,0,5,3,0,0,3,0,0.0,1,2.0,0.0,0.0,0.0,0.0,0.0
2023,ALDS2,diazya02,HOU,AL,1,1,0,0,0,0,0,0,0,0.0,0,0.0,0.0,0.0,0.0,0.0,0.0
2023,ALDS2,dubonma01,HOU,AL,1,0,0,0,0,0,0,0,0,0.0,0,0.0,0.0,0.0,0.0,0.0,0.0
2023,ALDS2,duranjh01,MIN,AL,1,0,0,0,0,0,0,0,0,0.0,0,0.0,0.0,0.0,0.0,0.0,0.0
2023,ALDS2,farmeky01,MIN,AL,1,3,1,1,0,0,1,2,0,0.0,0,1.0,0.0,0.0,0.0,0.0,0.0
2023,ALDS2,jeffery01,MIN,AL,2,7,1,2,0,0,0,0,0,0.0,0,3.0,0.0,1.0,0.0,0.0,0.0
2023,ALDS2,julieed01,MIN,AL,2,5,0,2,1,0,0,1,0,0.0,1,2.0,0.0,0.0,0.0,0.0,0.0
2023,ALDS2,keplema01,MIN,AL,2,7,0,2,1,0,0,0,0,0.0,1,3.0,0.0,0.0,0.0,0.0,0.0
2023,ALDS2,kirilal01,MIN,AL,2,5,0,0,0,0,0,0,0,0.0,1,2.0,0.0,0.0,0.0,0.0,0.0
2023,ALDS2,lewisro02,MIN,AL,2,9,2,2,0,0,1,1,0,0.0,1,4.0,0.0,0.0,0.0,0.0,1.0
2023,ALDS2,lopezpa01,MIN,AL,1,0,0,0,0,0,0,0,0,0.0,0,0.0,0.0,0.0,0.0,0.0,0.0
2023,ALDS2,maedake01,MIN,AL,1,0,0,0,0,0,0,0,0,0.0,0,0.0,0.0,0.0,0.0,0.0,0.0
2023,ALDS2,maldoma01,HOU,AL,2,5,0,0,0,0,0,0,0,0.0,1,1.0,0.0,0.0,0.0,0.0,1.0
2023,ALDS2,matonph01,HOU,AL,1,0,0,0,0,0,0,0,0,0.0,0,0.0,0.0,0.0,0.0,0.0,0.0
2023,ALDS2,mccorch01,HOU,AL,2,8,0,2,0,0,0,1,0,0.0,0,2.0,0.0,0.0,0.0,0.0,0.0
2023,ALDS2,montera01,HOU,AL,1,0,0,0,0,0,0,0,0,0.0,0,0.0,0.0,0.0,0.0,0.0,0.0
2023,ALDS2,nerishe01,HOU,AL,1,0,0,0,0,0,0,0,0,0.0,0,0.0,0.0,0.0,0.0,0.0,0.0
2023,ALDS2,oberba01,MIN,AL,1,0,0,0,0,0,0,0,0,0.0,0,0.0,0.0,0.0,0.0,0.0,0.0
2023,ALDS2,paddach01,MIN,AL,1,0,0,0,0,0,0,0,0,0.0,0,0.0,0.0,0.0,0.0,0.0,0.0
2023,ALDS2,paganem01,MIN,AL,1,0,0,0,0,0,0,0,0,0.0,0,0.0,0.0,0.0,0.0,0.0,0.0
2023,ALDS2,penaje02,HOU,AL,2,8,0,3,1,0,0,0,0,0.0,0,1.0,0.0,0.0,0.0,0.0,0.0
2023,ALDS2,polanjo01,MIN,AL,2,8,2,2,0,0,1,3,0,0.0,1,3.0,0.0,0.0,1.0,0.0,0.0
2023,ALDS2,pressry01,HOU,AL,1,0,0,0,0,0,0,0,0,0.0,0,0.0,0.0,0.0,0.0,0.0,0.0
2023,ALDS2,solando01,MIN,AL,1,3,1,1,0,0,0,0,0,0.0,0,0.0,0.0,0.0,0.0,0.0,1.0
2023,ALDS2,stanery01,HOU,AL,1,0,0,0,0,0,0,0,0,0.0,0,0.0,0.0,0.0,0.0,0.0,0.0
2023,ALDS2,stevean01,MIN,AL,1,0,0,0,0,0,0,0,0,0.0,0,0.0,0.0,0.0,0.0,0.0,0.0
2023,ALDS2,stewabr01,MIN,AL,1,0,0,0,0,0,0,0,0,0.0,0,0.0,0.0,0.0,0.0,0.0,0.0
2023,ALDS2,taylomi02,MIN,AL,2,5,1,1,0,0,0,0,0,0.0,0,0.0,0.0,1.0,0.0,0.0,1.0
2023,ALDS2,thielca01,MIN,AL,1,0,0,0,0,0,0,0,0,0.0,0,0.0,0.0,0.0,0.0,0.0,0.0
2023,ALDS2,tuckeky01,HOU,AL,2,7,0,1,1,0,0,0,0,0.0,1,3.0,0.0,0.0,0.0,0.0,0.0
2023,ALDS2,valdefr01,HOU,AL,1,0,0,0,0,0,0,0,0,0.0,0,0.0,0.0,0.0,0.0,0.0,0.0
2023,ALDS2,verlaju01,HOU,AL,1,0,0,0,0,0,0,0,0,0.0,0,0.0,0.0,0.0,0.0,0.0,0.0
2023,ALDS2,wallnma01,MIN,AL,1,3,1,0,0,0,0,0,0,0.0,0,2.0,0.0,1.0,0.0,0.0,0.0
2023,ALWC1,arandjo01,TBA,AL,1,1,0,0,0,0,0,0,0,0.0,0,1.0,0.0,0.0,0.0,0.0,0.0
2023,ALWC1,armstsh01,TBA,AL,1,0,0,0,0,0,0,0,0,0.0,0,0.0,0.0,0.0,0.0,0.0,0.0
2023,ALWC1,arozara01,TBA,AL,2,8,0,3,1,0,0,0,0,0.0,0,2.0,0.0,0.0,0.0,0.0,0.0
2023,ALWC1,bethach01,TBA,AL,1,0,0,0,0,0,0,0,0,0.0,0,0.0,0.0,0.0,0.0,0.0,0.0
2023,ALWC1,caminju01,TBA,AL,2,2,0,0,0,0,0,0,0,0.0,0,1.0,0.0,0.0,0.0,0.0,0.0
2023,ALWC1,carteev01,TEX,AL,2,4,2,3,2,0,1,2,1,0.0,3,1.0,0.0,1.0,0.0,0.0,0.0
2023,ALWC1,chapmar01,TEX,AL,1,0,0,0,0,0,0,0,0,0.0,0,0.0,0.0,0.0,0.0,0.0,0.0
2023,ALWC1,devench02,TBA,AL,1,0,0,0,0,0,0,0,0,0.0,0,0.0,0.0,0.0,0.0,0.0,0.0
2023,ALWC1,diazya01,TBA,AL,2,8,0,1,0,0,0,0,0,0.0,0,1.0,0.0,0.0,0.0,0.0,0.0
2023,ALWC1,diekmja01,TBA,AL,1,0,0,0,0,0,0,0,0,0.0,0,0.0,0.0,0.0,0.0,0.0,0.0
2023,ALWC1,eflinza01,TBA,AL,1,0,0,0,0,0,0,0,0,0.0,0,0.0,0.0,0.0,0.0,0.0,0.0
2023,ALWC1,eovalna01,TEX,AL,1,0,0,0,0,0,0,0,0,0.0,0,0.0,0.0,0.0,0.0,0.0,0.0
2023,ALWC1,garciad02,TEX,AL,2,10,1,2,0,0,1,1,0,0.0,0,3.0,0.0,0.0,0.0,0.0,0.0
2023,ALWC1,glasnty01,TBA,AL,1,0,0,0,0,0,0,0,0,0.0,0,0.0,0.0,0.0,0.0,0.0,0.0
2023,ALWC1,grossro01,TEX,AL,2,9,0,1,0,0,0,0,0,0.0,1,4.0,0.0,0.0,0.0,0.0,0.0
2023,ALWC1,heimjo01,TEX,AL,2,8,0,2,0,0,0,0,0,0.0,1,1.0,0.0,0.0,0.0,0.0,0.0
2023,ALWC1,jungjo01,TEX,AL,2,8,2,3,2,1,0,2,0,0.0,0,3.0,0.0,0.0,0.0,1.0,0.0
2023,ALWC1,kittran01,TBA,AL,1,0,0,0,0,0,0,0,0,0.0,0,0.0,0.0,0.0,0.0,0.0,0.0
2023,ALWC1,leclejo01,TEX,AL,2,0,0,0,0,0,0,0,0,0.0,0,0.0,0.0,0.0,0.0,0.0,0.0
2023,ALWC1,litteza01,TBA,AL,1,0,0,0,0,0,0,0,0,0.0,0,0.0,0.0,0.0,0.0,0.0,0.0
2023,ALWC1,lowejo01,TBA,AL,2,4,1,1,0,0,0,0,0,0.0,1,0.0,0.0,0.0,0.0,0.0,0.0
2023,ALWC1,lowena01,TEX,AL,2,10,1,2,0,0,0,1,0,0.0,0,3.0,0.0,0.0,0.0,0.0,0.0
2023,ALWC1,margoma01,TBA,AL,2,6,0,1,0,0,0,0,0,0.0,0,2.0,0.0,0.0,1.0,0.0,0.0
2023,ALWC1,meadcu01,TBA,AL,2,6,0,2,0,0,0,1,0,0.0,0,2.0,0.0,0.0,0.0,0.0,0.0
2023,ALWC1,montgjo01,TEX,AL,1,0,0,0,0,0,0,0,0,0.0,0,0.0,0.0,0.0,0.0,0.0,0.0
2023,ALWC1,paredis01,TBA,AL,2,8,0,3,1,0,0,0,0,0.0,0,2.0,0.0,0.0,0.0,0.0,0.0
2023,ALWC1,pintore02,TBA,AL,2,5,0,0,0,0,0,0,0,0.0,0,4.0,0.0,0.0,0.0,0.0,0.0
2023,ALWC1,pocheco01,TBA,AL,1,0,0,0,0,0,0,0,0,0.0,0,0.0,0.0,0.0,0.0,0.0,0.0
2023,ALWC1,ramirha02,TBA,AL,2,8,0,1,0,0,0,0,0,0.0,0,2.0,0.0,0.0,0.0,0.0,1.0
2023,ALWC1,sborzjo01,TEX,AL,1,0,0,0,0,0,0,0,0,0.0,0,0.0,0.0,0.0,0.0,0.0,0.0
2023,ALWC1,seageco01,TEX,AL,2,8,2,4,3,0,0,2,0,0.0,2,2.0,1.0,0.0,0.0,0.0,0.0
2023,ALWC1,semiema01,TEX,AL,2,9,2,1,1,0,0,1,0,0.0,1,1.0,0.0,0.0,0.0,0.0,1.0
2023,ALWC1,sirijo01,TBA,AL,1,3,0,0,0,0,0,0,0,0.0,0,0.0,0.0,0.0,0.0,0.0,0.0
2023,ALWC1,taverle01,TEX,AL,2,9,1,3,0,0,0,0,2,0.0,0,3.0,0.0,0.0,0.0,0.0,0.0
2023,ALWC1,wallsta01,TBA,AL,2,6,0,2,0,0,0,0,0,0.0,0,1.0,0.0,0.0,0.0,0.0,1.0
2023,ALWC2,beltbr01,TOR,AL,2,8,0,0,0,0,0,0,0,0.0,0,5.0,0.0,0.0,0.0,0.0,0.0
2023,ALWC2,berrijo01,TOR,AL,1,0,0,0,0,0,0,0,0,0.0,0,0.0,0.0,0.0,0.0,0.0,0.0
2023,ALWC2,bichebo01,TOR,AL,2,8,1,4,0,0,0,0,0,0.0,0,2.0,0.0,0.0,0.0,0.0,0.0
2023,ALWC2,biggica01,TOR,AL,2,8,0,1,0,0,0,0,0,0.0,0,3.0,0.0,0.0,0.0,0.0,0.0
2023,ALWC2,cabrege01,TOR,AL,1,0,0,0,0,0,0,0,0,0.0,0,0.0,0.0,0.0,0.0,0.0,0.0
2023,ALWC2,castrwi01,MIN,AL,2,4,0,1,0,0,0,0,0,0.0,0,2.0,0.0,0.0,0.0,0.0,1.0
2023,ALWC2,chapmma01,TOR,AL,2,7,0,1,0,0,0,0,0,0.0,1,3.0,0.0,0.0,0.0,0.0,1.0
2023,ALWC2,correca01,MIN,AL,2,7,0,3,0,0,0,1,0,0.0,0,1.0,0.0,1.0,0.0,0.0,0.0
2023,ALWC2,duranjh01,MIN,AL,2,0,0,0,0,0,0,0,0,0.0,0,0.0,0.0,0.0,0.0,0.0,0.0
2023,ALWC2,espinsa01,TOR,AL,1,2,0,2,0,0,0,0,0,0.0,0,0.0,0.0,0.0,0.0,0.0,0.0
2023,ALWC2,farmeky01,MIN,AL,2,1,0,0,0,0,0,0,0,0.0,0,1.0,0.0,0.0,0.0,0.0,0.0
2023,ALWC2,garciyi01,TOR,AL,1,0,0,0,0,0,0,0,0,0.0,0,0.0,0.0,0.0,0.0,0.0,0.0
2023,ALWC2,gausmke01,TOR,AL,1,0,0,0,0,0,0,0,0,0.0,0,0.0,0.0,0.0,0.0,0.0,0.0
2023,ALWC2,grayso01,MIN,AL,1,0,0,0,0,0,0,0,0,0.0,0,0.0,0.0,0.0,0.0,0.0,0.0
2023,ALWC2,greench03,TOR,AL,1,0,0,0,0,0,0,0,0,0.0,0,0.0,0.0,0.0,0.0,0.0,0.0
2023,ALWC2,guerrvl02,TOR,AL,2,7,0,1,1,0,0,0,0,0.0,1,0.0,0.0,0.0,0.0,0.0,0.0
2023,ALWC2,hicksjo03,TOR,AL,1,0,0,0,0,0,0,0,0,0.0,0,0.0,0.0,0.0,0.0,0.0,0.0
2023,ALWC2,jaxgr01,MIN,AL,2,0,0,0,0,0,0,0,0,0.0,0,0.0,0.0,0.0,0.0,0.0,0.0
2023,ALWC2,jeffery01,MIN,AL,2,6,0,0,0,0,0,0,0,0.0,2,2.0,0.0,0.0,0.0,0.0,0.0
2023,ALWC2,julieed01,MIN,AL,2,6,1,1,0,0,0,0,0,0.0,1,2.0,0.0,0.0,0.0,0.0,0.0
2023,ALWC2,keplema01,MIN,AL,2,8,1,2,0,0,0,0,0,0.0,0,3.0,0.0,0.0,0.0,0.0,0.0
2023,ALWC2,kiermke01,TOR,AL,2,5,0,2,0,0,0,1,0,0.0,1,2.0,0.0,0.0,0.0,0.0,0.0
2023,ALWC2,kikucyu01,TOR,AL,1,0,0,0,0,0,0,0,0,0.0,0,0.0,0.0,0.0,0.0,0.0,0.0
2023,ALWC2,kirilal01,MIN,AL,2,2,0,0,0,0,0,0,0,0.0,1,1.0,0.0,0.0,0.0,0.0,0.0
2023,ALWC2,kirkal01,TOR,AL,2,6,0,2,0,0,0,0,0,0.0,1,1.0,0.0,1.0,0.0,0.0,0.0
2023,ALWC2,lewisro02,MIN,AL,2,6,3,2,0,0,2,3,0,0.0,2,1.0,0.0,0.0,0.0,0.0,1.0
2023,ALWC2,lopezpa01,MIN,AL,1,0,0,0,0,0,0,0,0,0.0,0,0.0,0.0,0.0,0.0,0.0,0.0
2023,ALWC2,mayzati01,TOR,AL,1,0,0,0,0,0,0,0,0,0.0,0,0.0,0.0,0.0,0.0,0.0,0.0
2023,ALWC2,merriwh01,TOR,AL,2,1,0,0,0,0,0,0,0,0.0,1,0.0,0.0,0.0,0.0,0.0,0.0
2023,ALWC2,polanjo01,MIN,AL,2,7,0,2,0,0,0,0,1,0.0,1,3.0,0.0,0.0,0.0,0.0,0.0
2023,ALWC2,romanjo03,TOR,AL,1,0,0,0,0,0,0,0,0,0.0,0,0.0,0.0,0.0,0.0,0.0,0.0
2023,ALWC2,solando01,MIN,AL,2,2,0,0,0,0,0,0,0,0.0,3,0.0,0.0,0.0,0.0,0.0,0.0
2023,ALWC2,springe01,TOR,AL,2,9,0,2,0,0,0,0,0,0.0,0,0.0,0.0,0.0,0.0,0.0,0.0
2023,ALWC2,stewabr01,MIN,AL,1,0,0,0,0,0,0,0,0,0.0,0,0.0,0.0,0.0,0.0,0.0,0.0
2023,ALWC2,swanser01,TOR,AL,2,0,0,0,0,0,0,0,0,0.0,0,0.0,0.0,0.0,0.0,0.0,0.0
2023,ALWC2,taylomi02,MIN,AL,2,6,0,1,0,0,0,0,0,0.0,0,4.0,0.0,0.0,0.0,0.0,0.0
2023,ALWC2,thielca01,MIN,AL,2,0,0,0,0,0,0,0,0,0.0,0,0.0,0.0,0.0,0.0,0.0,0.0
2023,ALWC2,varlalo01,MIN,AL,2,0,0,0,0,0,0,0,0,0.0,0,0.0,0.0,0.0,0.0,0.0,0.0
2023,ALWC2,varshda01,TOR,AL,2,5,0,0,0,0,0,0,0,0.0,0,3.0,0.0,0.0,1.0,0.0,0.0
2023,ALWC2,wallnma01,MIN,AL,2,3,0,0,0,0,0,0,0,0.0,1,1.0,0.0,0.0,0.0,0.0,0.0
2023,NLCS,alvarjo03,PHI,NL,4,0,0,0,0,0,0,0,0,0.0,0,0.0,0.0,0.0,0.0,0.0,0.0
2023,NLCS,bohmal01,PHI,NL,7,25,3,7,1,0,1,4,0,0.0,2,3.0,0.0,1.0,0.0,0.0,0.0
2023,NLCS,carroco02,ARI,NL,7,27,3,6,0,0,0,2,2,0.0,1,5.0,0.0,1.0,1.0,1.0,0.0
2023,NLCS,casteni01,PHI,NL,7,24,1,1,0,0,1,2,0,0.0,2,11.0,1.0,0.0,0.0,1.0,0.0
2023,NLCS,castrmi01,ARI,NL,3,0,0,0,0,0,0,0,0,0.0,0,0.0,0.0,0.0,0.0,0.0,0.0
2023,NLCS,caveja01,PHI,NL,3,3,0,1,1,0,0,0,0,0.0,0,1.0,0.0,0.0,0.0,0.0,0.0
2023,NLCS,ceccosl01,ARI,NL,2,0,0,0,0,0,0,0,0,0.0,0,0.0,0.0,0.0,0.0,0.0,0.0
2023,NLCS,dominse01,PHI,NL,3,0,0,0,0,0,0,0,0,0.0,0,0.0,0.0,0.0,0.0,0.0,0.0
2023,NLCS,friaslu01,ARI,NL,3,0,0,0,0,0,0,0,0,0.0,0,0.0,0.0,0.0,0.0,0.0,0.0
2023,NLCS,galleza01,ARI,NL,2,0,0,0,0,0,0,0,0,0.0,0,0.0,0.0,0.0,0.0,0.0,0.0
2023,NLCS,ginkeke01,ARI,NL,4,0,0,0,0,0,0,0,0,0.0,0,0.0,0.0,0.0,0.0,0.0,0.0
2023,NLCS,gurrilo01,ARI,NL,7,27,2,7,2,0,1,2,2,0.0,1,6.0,0.0,0.0,0.0,0.0,1.0
2023,NLCS,harpebr03,PHI,NL,7,23,7,5,0,0,2,3,2,1.0,6,6.0,0.0,0.0,0.0,0.0,1.0
2023,NLCS,hoffmje02,PHI,NL,5,0,0,0,0,0,0,0,0,0.0,0,0.0,0.0,0.0,0.0,0.0,0.0
2023,NLCS,kellyme01,ARI,NL,2,0,0,0,0,0,0,0,0,0.0,0,0.0,0.0,0.0,0.0,0.0,0.0
2023,NLCS,kerkeor01,PHI,NL,4,0,0,0,0,0,0,0,0,0.0,0,0.0,0.0,0.0,0.0,0.0,0.0
2023,NLCS,kimbrcr01,PHI,NL,4,0,0,0,0,0,0,0,0,0.0,0,0.0,0.0,0.0,0.0,0.0,0.0
2023,NLCS,lawlajo01,ARI,NL,1,1,0,0,0,0,0,0,0,0.0,0,0.0,0.0,0.0,0.0,0.0,0.0
2023,NLCS,longoev01,ARI,NL,7,19,1,2,1,0,0,1,0,0.0,3,9.0,0.0,0.0,0.0,0.0,1.0
2023,NLCS,lorenmi01,PHI,NL,1,0,0,0,0,0,0,0,0,0.0,0,0.0,0.0,0.0,0.0,0.0,0.0
2023,NLCS,mantijo01,ARI,NL,4,0,0,0,0,0,0,0,0,0.0,0,0.0,0.0,0.0,0.0,0.0,0.0
2023,NLCS,marshbr02,PHI,NL,7,24,0,8,3,0,0,3,1,0.0,3,10.0,0.0,0.0,0.0,0.0,1.0
2023,NLCS,marteke01,ARI,NL,7,31,2,12,4,1,0,3,1,0.0,1,10.0,0.0,0.0,0.0,0.0,0.0
2023,NLCS,morenga01,ARI,NL,7,27,0,8,1,0,0,3,0,0.0,3,7.0,0.0,0.0,0.0,0.0,0.0
2023,NLCS,nelsoky01,ARI,NL,2,0,0,0,0,0,0,0,0,0.0,0,0.0,0.0,0.0,0.0,0.0,0.0
2023,NLCS,nelsory01,ARI,NL,1,0,0,0,0,0,0,0,0,0.0,0,0.0,0.0,0.0,0.0,0.0,0.0
2023,NLCS,nolaaa01,PHI,NL,2,0,0,0,0,0,0,0,0,0.0,0,0.0,0.0,0.0,0.0,0.0,0.0
2023,NLCS,pachecr01,PHI,NL,1,0,0,0,0,0,0,0,0,0.0,1,0.0,0.0,0.0,0.0,0.0,0.0
2023,NLCS,perdoge01,ARI,NL,7,24,4,8,0,0,1,2,1,0.0,1,8.0,0.0,0.0,1.0,0.0,0.0
2023,NLCS,pfaadbr01,ARI,NL,2,0,0,0,0,0,0,0,0,0.0,0,0.0,0.0,0.0,0.0,0.0,0.0
2023,NLCS,phamth01,ARI,NL,6,20,1,2,0,0,1,1,0,0.0,0,9.0,0.0,0.0,0.0,0.0,1.0
2023,NLCS,realmjt01,PHI,NL,7,27,4,7,2,0,1,6,0,0.0,0,8.0,0.0,0.0,0.0,0.0,2.0
2023,NLCS,riverem01,ARI,NL,5,12,1,2,0,0,0,1,0,0.0,0,2.0,0.0,0.0,0.0,0.0,1.0
2023,NLCS,rojasjo03,PHI,NL,7,22,1,3,1,1,0,0,0,0.0,0,6.0,0.0,0.0,1.0,0.0,0.0
2023,NLCS,saalfan01,ARI,NL,5,0,0,0,0,0,0,0,0,0.0,0,0.0,0.0,0.0,0.0,0.0,0.0
2023,NLCS,sanchcr01,PHI,NL,1,0,0,0,0,0,0,0,0,0.0,0,0.0,0.0,0.0,0.0,0.0,0.0
2023,NLCS,schwaky01,PHI,NL,7,22,8,8,2,0,5,5,0,0.0,8,7.0,2.0,0.0,0.0,0.0,1.0
2023,NLCS,sewalpa01,ARI,NL,4,0,0,0,0,0,0,0,0,0.0,0,0.0,0.0,0.0,0.0,0.0,0.0
2023,NLCS,smithpa04,ARI,NL,6,9,1,3,0,0,0,0,0,0.0,0,2.0,0.0,0.0,0.0,0.0,0.0
2023,NLCS,sosaed01,PHI,NL,2,1,0,0,0,0,0,0,0,0.0,0,0.0,0.0,0.0,0.0,0.0,0.0
2023,NLCS,sotogr01,PHI,NL,2,0,0,0,0,0,0,0,0,0.0,0,0.0,0.0,0.0,0.0,0.0,0.0
2023,NLCS,stottbr01,PHI,NL,7,25,2,6,1,0,0,2,4,0.0,2,4.0,0.0,0.0,0.0,0.0,1.0
2023,NLCS,strahma01,PHI,NL,4,0,0,0,0,0,0,0,0,0.0,0,0.0,0.0,0.0,0.0,0.0,0.0
2023,NLCS,stubbga01,PHI,NL,1,0,0,0,0,0,0,0,0,0.0,0,0.0,0.0,0.0,0.0,0.0,0.0
2023,NLCS,suarera01,PHI,NL,2,0,0,0,0,0,0,0,0,0.0,0,0.0,0.0,0.0,0.0,0.0,0.0
2023,NLCS,thomaal01,ARI,NL,7,14,4,3,0,0,2,4,1,0.0,2,2.0,0.0,0.0,0.0,1.0,0.0
2023,NLCS,thompry02,ARI,NL,4,0,0,0,0,0,0,0,0,0.0,0,0.0,0.0,0.0,0.0,0.0,0.0
2023,NLCS,turnetr01,PHI,NL,7,25,4,5,1,0,1,2,0,1.0,3,4.0,0.0,0.0,0.0,1.0,0.0
2023,NLCS,walkech02,ARI,NL,7,22,2,2,1,0,0,2,2,0.0,7,9.0,1.0,0.0,0.0,0.0,0.0
2023,NLCS,wheelza01,PHI,NL,3,0,0,0,0,0,0,0,0,0.0,0,0.0,0.0,0.0,0.0,0.0,0.0
2023,NLDS1,acunaro01,ATL,NL,4,14,3,2,1,0,0,0,2,0.0,2,2.0,0.0,1.0,0.0,0.0,0.0
2023,NLDS1,albieoz01,ATL,NL,4,15,0,4,0,0,0,1,0,1.0,2,3.0,0.0,0.0,0.0,0.0,1.0
2023,NLDS1,alvarjo03,PHI,NL,3,0,0,0,0,0,0,0,0,0.0,0,0.0,0.0,0.0,0.0,0.0,0.0
2023,NLDS1,arciaor01,ATL,NL,4,13,0,2,0,0,0,1,0,0.0,1,4.0,0.0,0.0,0.0,0.0,0.0
2023,NLDS1,bohmal01,PHI,NL,4,13,1,2,0,0,0,1,0,0.0,4,5.0,0.0,0.0,0.0,0.0,2.0
2023,NLDS1,casteni01,PHI,NL,4,15,5,7,0,0,4,4,1,0.0,2,1.0,0.0,0.0,0.0,0.0,0.0
2023,NLDS1,darnatr01,ATL,NL,3,7,1,1,0,0,1,2,0,0.0,1,2.0,0.0,0.0,0.0,0.0,0.0
2023,NLDS1,dominse01,PHI,NL,3,0,0,0,0,0,0,0,0,0.0,0,0.0,0.0,0.0,0.0,0.0,0.0
2023,NLDS1,elderbr01,ATL,NL,1,0,0,0,0,0,0,0,0,0.0,0,0.0,0.0,0.0,0.0,0.0,0.0
2023,NLDS1,friedma01,ATL,NL,1,0,0,0,0,0,0,0,0,0.0,0,0.0,0.0,0.0,0.0,0.0,0.0
2023,NLDS1,grissva01,ATL,NL,1,1,0,0,0,0,0,0,0,0.0,0,1.0,0.0,0.0,0.0,0.0,0.0
2023,NLDS1,handbr01,ATL,NL,1,0,0,0,0,0,0,0,0,0.0,0,0.0,0.0,0.0,0.0,0.0,0.0
2023,NLDS1,harpebr03,PHI,NL,4,13,5,6,0,0,3,5,1,0.0,5,2.0,1.0,0.0,0.0,0.0,1.0
2023,NLDS1,harrimi04,ATL,NL,4,13,0,0,0,0,0,0,0,0.0,0,3.0,0.0,0.0,0.0,0.0,0.0
2023,NLDS1,hernada03,ATL,NL,1,0,0,0,0,0,0,0,0,0.0,0,0.0,0.0,0.0,0.0,0.0,0.0
2023,NLDS1,hoffmje02,PHI,NL,2,0,0,0,0,0,0,0,0,0.0,0,0.0,0.0,0.0,0.0,0.0,0.0
2023,NLDS1,iglesra01,ATL,NL,3,0,0,0,0,0,0,0,0,0.0,0,0.0,0.0,0.0,0.0,0.0,0.0
2023,NLDS1,jimenjo02,ATL,NL,1,0,0,0,0,0,0,0,0,0.0,0,0.0,0.0,0.0,0.0,0.0,0.0
2023,NLDS1,johnspi01,ATL,NL,3,0,0,0,0,0,0,0,0,0.0,0,0.0,0.0,0.0,0.0,0.0,0.0
2023,NLDS1,kerkeor01,PHI,NL,2,0,0,0,0,0,0,0,0,0.0,0,0.0,0.0,0.0,0.0,0.0,0.0
2023,NLDS1,kimbrcr01,PHI,NL,2,0,0,0,0,0,0,0,0,0.0,0,0.0,0.0,0.0,0.0,0.0,0.0
2023,NLDS1,lopezni01,ATL,NL,1,0,0,0,0,0,0,0,0,0.0,0,0.0,0.0,0.0,0.0,0.0,0.0
2023,NLDS1,lorenmi01,PHI,NL,1,0,0,0,0,0,0,0,0,0.0,0,0.0,0.0,0.0,0.0,0.0,0.0
2023,NLDS1,marshbr02,PHI,NL,4,12,2,5,1,0,1,1,1,0.0,1,5.0,0.0,0.0,0.0,0.0,0.0
2023,NLDS1,minteaj01,ATL,NL,3,0,0,0,0,0,0,0,0,0.0,0,0.0,0.0,0.0,0.0,0.0,0.0
2023,NLDS1,murphse01,ATL,NL,2,7,0,2,0,0,0,0,0,0.0,0,2.0,0.0,0.0,0.0,0.0,0.0
2023,NLDS1,nolaaa01,PHI,NL,1,0,0,0,0,0,0,0,0,0.0,0,0.0,0.0,0.0,0.0,0.0,0.0
2023,NLDS1,olsonma02,ATL,NL,4,16,1,4,0,0,0,0,0,0.0,1,1.0,0.0,0.0,0.0,0.0,0.0
2023,NLDS1,ozunama01,ATL,NL,4,13,1,2,0,0,0,0,0,0.0,2,4.0,0.0,0.0,0.0,0.0,1.0
2023,NLDS1,pachecr01,PHI,NL,1,2,0,0,0,0,0,0,1,0.0,1,1.0,0.0,0.0,0.0,0.0,0.0
2023,NLDS1,pillake01,ATL,NL,4,5,0,0,0,0,0,0,0,0.0,2,3.0,0.0,0.0,0.0,0.0,0.0
2023,NLDS1,realmjt01,PHI,NL,4,14,1,3,1,0,1,5,0,1.0,1,5.0,0.0,1.0,0.0,0.0,0.0
2023,NLDS1,rileyau01,ATL,NL,4,17,2,6,0,0,2,3,0,0.0,0,6.0,0.0,0.0,0.0,0.0,0.0
2023,NLDS1,rojasjo03,PHI,NL,4,15,0,0,0,0,0,0,0,0.0,1,6.0,0.0,0.0,0.0,0.0,0.0
2023,NLDS1,rosared01,ATL,NL,4,7,0,1,0,0,0,0,0,0.0,0,3.0,0.0,0.0,0.0,0.0,0.0
2023,NLDS1,schwaky01,PHI,NL,4,17,0,2,1,0,0,0,0,0.0,1,5.0,0.0,1.0,0.0,0.0,0.0
2023,NLDS1,smithaj01,ATL,NL,1,0,0,0,0,0,0,0,0,0.0,0,0.0,0.0,0.0,0.0,0.0,0.0
2023,NLDS1,sotogr01,PHI,NL,2,0,0,0,0,0,0,0,0,0.0,0,0.0,0.0,0.0,0.0,0.0,0.0
2023,NLDS1,stottbr01,PHI,NL,4,13,1,3,0,0,0,2,1,0.0,2,5.0,0.0,0.0,0.0,1.0,0.0
2023,NLDS1,strahma01,PHI,NL,3,0,0,0,0,0,0,0,0,0.0,0,0.0,0.0,0.0,0.0,0.0,0.0
2023,NLDS1,stridsp01,ATL,NL,2,0,0,0,0,0,0,0,0,0.0,0,0.0,0.0,0.0,0.0,0.0,0.0
2023,NLDS1,suarera01,PHI,NL,2,0,0,0,0,0,0,0,0,0.0,0,0.0,0.0,0.0,0.0,0.0,0.0
2023,NLDS1,tonkimi01,ATL,NL,1,0,0,0,0,0,0,0,0,0.0,0,0.0,0.0,0.0,0.0,0.0,0.0
2023,NLDS1,turnetr01,PHI,NL,4,17,5,8,2,0,2,2,2,0.0,1,3.0,0.0,0.0,0.0,0.0,0.0
2023,NLDS1,wallfo01,ATL,NL,2,1,0,0,0,0,0,0,0,0.0,0,0.0,0.0,0.0,0.0,0.0,0.0
2023,NLDS1,wheelza01,PHI,NL,1,0,0,0,0,0,0,0,0,0.0,0,0.0,0.0,0.0,0.0,0.0,0.0
2023,NLDS1,yateski01,ATL,NL,1,0,0,0,0,0,0,0,0,0.0,0,0.0,0.0,0.0,0.0,0.0,0.0
2023,NLDS2,barneau01,LAN,NL,1,1,0,0,0,0,0,0,0,0.0,0,0.0,0.0,0.0,0.0,0.0,0.0
2023,NLDS2,bettsmo01,LAN,NL,3,11,1,0,0,0,0,0,0,0.0,1,2.0,0.0,0.0,0.0,0.0,0.0
2023,NLDS2,brasiry01,LAN,NL,1,0,0,0,0,0,0,0,0,0.0,0,0.0,0.0,0.0,0.0,0.0,0.0
2023,NLDS2,carroco02,ARI,NL,3,10,3,3,0,0,1,2,2,0.0,4,3.0,1.0,0.0,0.0,0.0,0.0
2023,NLDS2,castrmi01,ARI,NL,1,0,0,0,0,0,0,0,0,0.0,0,0.0,0.0,0.0,0.0,0.0,0.0
2023,NLDS2,ferguca01,LAN,NL,2,0,0,0,0,0,0,0,0,0.0,0,0.0,0.0,0.0,0.0,0.0,0.0
2023,NLDS2,freemfr01,LAN,NL,3,10,1,1,0,0,0,0,0,0.0,2,2.0,0.0,0.0,0.0,0.0,1.0
2023,NLDS2,friaslu01,ARI,NL,1,0,0,0,0,0,0,0,0,0.0,0,0.0,0.0,0.0,0.0,0.0,0.0
2023,NLDS2,galleza01,ARI,NL,1,0,0,0,0,0,0,0,0,0.0,0,0.0,0.0,0.0,0.0,0.0,0.0
2023,NLDS2,ginkeke01,ARI,NL,2,0,0,0,0,0,0,0,0,0.0,0,0.0,0.0,0.0,0.0,0.0,0.0
2023,NLDS2,gratebr01,LAN,NL,2,0,0,0,0,0,0,0,0,0.0,0,0.0,0.0,0.0,0.0,0.0,0.0
2023,NLDS2,grovemi01,LAN,NL,2,0,0,0,0,0,0,0,0,0.0,0,0.0,0.0,0.0,0.0,0.0,0.0
2023,NLDS2,gurrilo01,ARI,NL,3,13,1,4,1,0,1,3,0,0.0,0,0.0,0.0,0.0,0.0,0.0,0.0
2023,NLDS2,hernaen02,LAN,NL,3,8,0,3,0,0,0,2,0,0.0,0,0.0,0.0,0.0,0.0,0.0,0.0
2023,NLDS2,herrejo04,ARI,NL,1,1,0,0,0,0,0,0,0,0.0,0,0.0,0.0,0.0,0.0,0.0,0.0
2023,NLDS2,heywaja01,LAN,NL,3,7,0,0,0,0,0,0,0,0.0,0,4.0,0.0,0.0,0.0,0.0,0.0
2023,NLDS2,kellyjo05,LAN,NL,1,0,0,0,0,0,0,0,0,0.0,0,0.0,0.0,0.0,0.0,0.0,0.0
2023,NLDS2,kellyme01,ARI,NL,1,0,0,0,0,0,0,0,0,0.0,0,0.0,0.0,0.0,0.0,0.0,0.0
2023,NLDS2,kershcl01,LAN,NL,1,0,0,0,0,0,0,0,0,0.0,0,0.0,0.0,0.0,0.0,0.0,0.0
2023,NLDS2,lawlajo01,ARI,NL,1,0,0,0,0,0,0,0,0,0.0,0,0.0,0.0,0.0,0.0,0.0,0.0
2023,NLDS2,longoev01,ARI,NL,3,10,0,2,1,0,0,2,0,0.0,0,5.0,0.0,1.0,0.0,1.0,0.0
2023,NLDS2,lynnla01,LAN,NL,1,0,0,0,0,0,0,0,0,0.0,0,0.0,0.0,0.0,0.0,0.0,0.0
2023,NLDS2,mantijo01,ARI,NL,2,0,0,0,0,0,0,0,0,0.0,0,0.0,0.0,0.0,0.0,0.0,0.0
2023,NLDS2,marteke01,ARI,NL,3,14,3,5,1,0,1,1,1,0.0,0,3.0,0.0,0.0,0.0,0.0,0.0
2023,NLDS2,martijd02,LAN,NL,3,10,1,2,0,0,1,1,0,0.0,2,4.0,0.0,0.0,0.0,0.0,0.0
2023,NLDS2,millebo05,LAN,NL,1,0,0,0,0,0,0,0,0,0.0,0,0.0,0.0,0.0,0.0,0.0,0.0
2023,NLDS2,millesh01,LAN,NL,1,0,0,0,0,0,0,0,0,0.0,0,0.0,0.0,0.0,0.0,0.0,0.0
2023,NLDS2,morenga01,ARI,NL,3,11,2,3,0,0,2,5,0,0.0,0,4.0,0.0,0.0,0.0,0.0,0.0
2023,NLDS2,muncyma01,LAN,NL,3,11,2,2,0,0,0,0,0,0.0,1,4.0,0.0,0.0,0.0,0.0,0.0
2023,NLDS2,outmaja01,LAN,NL,3,5,0,0,0,0,0,0,0,0.0,1,3.0,0.0,0.0,0.0,0.0,0.0
2023,NLDS2,peralda01,LAN,NL,3,6,0,1,1,0,0,0,0,0.0,0,1.0,0.0,0.0,0.0,0.0,1.0
2023,NLDS2,perdoge01,ARI,NL,3,8,1,1,0,0,1,1,0,1.0,1,3.0,0.0,0.0,2.0,0.0,0.0
2023,NLDS2,peterja01,ARI,NL,2,1,0,0,0,0,0,0,0,0.0,0,0.0,0.0,0.0,0.0,0.0,0.0
2023,NLDS2,pfaadbr01,ARI,NL,1,0,0,0,0,0,0,0,0,0.0,0,0.0,0.0,0.0,0.0,0.0,0.0
2023,NLDS2,phamth01,ARI,NL,3,14,4,6,0,0,1,1,1,0.0,0,2.0,0.0,0.0,0.0,0.0,1.0
2023,NLDS2,phillev01,LAN,NL,2,0,0,0,0,0,0,0,0,0.0,0,0.0,0.0,0.0,0.0,0.0,0.0
2023,NLDS2,riverem01,ARI,NL,2,0,0,0,0,0,0,0,0,0.0,0,0.0,0.0,0.0,0.0,0.0,0.0
2023,NLDS2,rojasmi02,LAN,NL,3,6,0,2,0,0,0,0,0,0.0,0,0.0,0.0,0.0,0.0,0.0,0.0
2023,NLDS2,saalfan01,ARI,NL,2,0,0,0,0,0,0,0,0,0.0,0,0.0,0.0,0.0,0.0,0.0,0.0
2023,NLDS2,sewalpa01,ARI,NL,2,0,0,0,0,0,0,0,0,0.0,0,0.0,0.0,0.0,0.0,0.0,0.0
2023,NLDS2,sheehem01,LAN,NL,1,0,0,0,0,0,0,0,0,0.0,0,0.0,0.0,0.0,0.0,0.0,0.0
2023,NLDS2,smithpa04,ARI,NL,1,0,0,0,0,0,0,0,0,0.0,1,0.0,0.0,0.0,0.0,0.0,0.0
2023,NLDS2,smithwi05,LAN,NL,3,12,1,5,1,1,0,2,0,0.0,0,1.0,0.0,0.0,0.0,0.0,0.0
2023,NLDS2,tayloch03,LAN,NL,3,6,0,1,0,0,0,1,0,0.0,1,2.0,0.0,0.0,0.0,0.0,1.0
2023,NLDS2,thomaal01,ARI,NL,3,11,2,3,0,0,1,1,0,0.0,2,3.0,0.0,0.0,0.0,0.0,0.0
2023,NLDS2,thompry02,ARI,NL,2,0,0,0,0,0,0,0,0,0.0,0,0.0,0.0,0.0,0.0,0.0,0.0
2023,NLDS2,vesiaal01,LAN,NL,2,0,0,0,0,0,0,0,0,0.0,0,0.0,0.0,0.0,0.0,0.0,0.0
2023,NLDS2,walkech02,ARI,NL,3,9,3,2,1,0,1,3,1,0.0,3,3.0,0.0,1.0,0.0,1.0,0.0
2023,NLDS2,wongko01,LAN,NL,3,3,0,0,0,0,0,0,0,0.0,1,0.0,0.0,0.0,0.0,0.0,0.0
2023,NLWC1,adamewi01,MIL,NL,2,7,0,4,1,0,0,1,0,0.0,1,2.0,0.0,0.0,0.0,0.0,0.0
2023,NLWC1,burneco01,MIL,NL,1,0,0,0,0,0,0,0,0,0.0,0,0.0,0.0,0.0,0.0,0.0,0.0
2023,NLWC1,canhama01,MIL,NL,2,8,0,3,0,0,0,0,0,0.0,0,2.0,0.0,1.0,0.0,0.0,0.0
2023,NLWC1,carroco02,ARI,NL,2,7,3,4,1,0,1,2,0,1.0,2,0.0,0.0,0.0,0.0,0.0,0.0
2023,NLWC1,castrmi01,ARI,NL,1,0,0,0,0,0,0,0,0,0.0,0,0.0,0.0,0.0,0.0,0.0,0.0
2023,NLWC1,contrwi02,MIL,NL,2,9,0,3,0,0,0,0,0,0.0,1,3.0,0.0,0.0,0.0,0.0,0.0
2023,NLWC1,donaljo02,MIL,NL,2,7,1,2,0,0,0,0,0,0.0,0,0.0,0.0,1.0,0.0,0.0,2.0
2023,NLWC1,frelisa01,MIL,NL,2,8,0,2,0,0,0,1,0,0.0,0,3.0,0.0,0.0,0.0,1.0,1.0
2023,NLWC1,galleza01,ARI,NL,1,0,0,0,0,0,0,0,0,0.0,0,0.0,0.0,0.0,0.0,0.0,0.0
2023,NLWC1,ginkeke01,ARI,NL,2,0,0,0,0,0,0,0,0,0.0,0,0.0,0.0,0.0,0.0,0.0,0.0
2023,NLWC1,gurrilo01,ARI,NL,2,8,0,1,0,0,0,1,0,0.0,0,4.0,0.0,0.0,0.0,0.0,0.0
2023,NLWC1,herrejo04,ARI,NL,1,2,0,0,0,0,0,0,0,0.0,1,0.0,0.0,0.0,0.0,0.0,0.0
2023,NLWC1,longoev01,ARI,NL,2,8,0,1,0,0,0,0,0,0.0,0,3.0,0.0,0.0,0.0,0.0,0.0
2023,NLWC1,mantijo01,ARI,NL,1,0,0,0,0,0,0,0,0,0.0,0,0.0,0.0,0.0,0.0,0.0,0.0
2023,NLWC1,marteke01,ARI,NL,2,8,1,2,0,0,1,3,0,0.0,1,3.0,0.0,0.0,0.0,0.0,0.0
2023,NLWC1,megiltr01,MIL,NL,1,0,0,0,0,0,0,0,0,0.0,0,0.0,0.0,0.0,0.0,0.0,0.0
2023,NLWC1,milneho01,MIL,NL,2,0,0,0,0,0,0,0,0,0.0,0,0.0,0.0,0.0,0.0,0.0,0.0
2023,NLWC1,monasan01,MIL,NL,2,1,0,0,0,0,0,0,0,0.0,0,1.0,0.0,0.0,0.0,0.0,0.0
2023,NLWC1,morenga01,ARI,NL,2,5,1,1,0,0,1,1,0,0.0,1,1.0,0.0,0.0,0.0,0.0,0.0
2023,NLWC1,nelsory01,ARI,NL,1,0,0,0,0,0,0,0,0,0.0,0,0.0,0.0,0.0,0.0,0.0,0.0
2023,NLWC1,payamjo01,MIL,NL,1,0,0,0,0,0,0,0,0,0.0,0,0.0,0.0,0.0,0.0,0.0,0.0
2023,NLWC1,pegueel01,MIL,NL,2,0,0,0,0,0,0,0,0,0.0,0,0.0,0.0,0.0,0.0,0.0,0.0
2023,NLWC1,peralfr01,MIL,NL,1,0,0,0,0,0,0,0,0,0.0,0,0.0,0.0,0.0,0.0,0.0,0.0
2023,NLWC1,perdoge01,ARI,NL,2,4,2,1,0,0,0,0,0,1.0,3,1.0,0.0,0.0,0.0,0.0,0.0
2023,NLWC1,pfaadbr01,ARI,NL,1,0,0,0,0,0,0,0,0,0.0,0,0.0,0.0,0.0,0.0,0.0,0.0
2023,NLWC1,phamth01,ARI,NL,2,8,2,1,0,0,0,0,1,0.0,1,3.0,0.0,0.0,0.0,0.0,0.0
2023,NLWC1,riverem01,ARI,NL,1,0,0,0,0,0,0,0,0,0.0,0,0.0,0.0,0.0,0.0,0.0,0.0
2023,NLWC1,saalfan01,ARI,NL,1,0,0,0,0,0,0,0,0,0.0,0,0.0,0.0,0.0,0.0,0.0,0.0
2023,NLWC1,santaca01,MIL,NL,2,7,1,2,0,0,0,1,0,0.0,2,2.0,0.0,0.0,0.0,0.0,0.0
2023,NLWC1,sewalpa01,ARI,NL,2,0,0,0,0,0,0,0,0,0.0,0,0.0,0.0,0.0,0.0,0.0,0.0
2023,NLWC1,tayloty01,MIL,NL,2,8,1,1,0,0,1,2,0,0.0,0,2.0,0.0,0.0,0.0,0.0,0.0
2023,NLWC1,thomaal01,ARI,NL,2,8,1,1,0,0,1,1,0,0.0,0,4.0,0.0,0.0,0.0,0.0,1.0
2023,NLWC1,thompry02,ARI,NL,2,0,0,0,0,0,0,0,0,0.0,0,0.0,0.0,0.0,0.0,0.0,0.0
2023,NLWC1,turanbr02,MIL,NL,2,3,0,0,0,0,0,0,0,0.0,1,2.0,0.0,0.0,1.0,0.0,0.0
2023,NLWC1,uribeab01,MIL,NL,2,0,0,0,0,0,0,0,0,0.0,0,0.0,0.0,0.0,0.0,0.0,0.0
2023,NLWC1,walkech02,ARI,NL,2,8,1,3,1,0,0,2,1,0.0,1,2.0,0.0,0.0,0.0,0.0,0.0
2023,NLWC1,wiemejo01,MIL,NL,1,0,0,0,0,0,0,0,0,0.0,0,0.0,0.0,0.0,0.0,0.0,0.0
2023,NLWC1,willide03,MIL,NL,1,0,0,0,0,0,0,0,0,0.0,0,0.0,0.0,0.0,0.0,0.0,0.0
2023,NLWC1,wilsobr02,MIL,NL,1,0,0,0,0,0,0,0,0,0.0,0,0.0,0.0,0.0,0.0,0.0,0.0
2023,NLWC1,winkeje01,MIL,NL,2,2,0,0,0,0,0,0,0,0.0,0,1.0,0.0,0.0,0.0,0.0,0.0
2023,NLWC1,yelicch01,MIL,NL,2,8,2,4,1,0,0,0,1,0.0,2,1.0,0.0,0.0,0.0,0.0,0.0
2023,NLWC2,alvarjo03,PHI,NL,1,0,0,0,0,0,0,0,0,0.0,0,0.0,0.0,0.0,0.0,0.0,0.0
2023,NLWC2,arraelu01,MIA,NL,2,8,0,1,0,0,0,0,0,0.0,0,0.0,0.0,0.0,0.0,0.0,0.0
2023,NLWC2,belljo02,MIA,NL,2,8,1,4,2,0,0,1,0,0.0,0,1.0,0.0,0.0,0.0,0.0,0.0
2023,NLWC2,bertijo01,MIA,NL,2,5,0,1,1,0,0,0,0,1.0,0,3.0,0.0,1.0,0.0,0.0,0.0
2023,NLWC2,bohmal01,PHI,NL,2,8,1,2,2,0,0,1,0,0.0,0,1.0,0.0,0.0,0.0,0.0,0.0
2023,NLWC2,brazohu01,MIA,NL,1,0,0,0,0,0,0,0,0,0.0,0,0.0,0.0,0.0,0.0,0.0,0.0
2023,NLWC2,burgeja01,MIA,NL,2,7,0,2,0,0,0,0,0,0.0,0,0.0,0.0,0.0,0.0,0.0,0.0
2023,NLWC2,casteni01,PHI,NL,2,8,1,2,2,0,0,1,0,0.0,0,2.0,0.0,0.0,0.0,0.0,0.0
2023,NLWC2,chargjt01,MIA,NL,1,0,0,0,0,0,0,0,0,0.0,0,0.0,0.0,0.0,0.0,0.0,0.0
2023,NLWC2,chishja01,MIA,NL,2,8,0,0,0,0,0,0,0,0.0,0,4.0,0.0,0.0,0.0,0.0,0.0
2023,NLWC2,delacbr01,MIA,NL,2,6,0,1,0,0,0,1,0,0.0,1,0.0,0.0,0.0,0.0,0.0,0.0
2023,NLWC2,edwarxa01,MIA,NL,1,1,1,1,0,0,0,0,0,0.0,0,0.0,0.0,0.0,0.0,0.0,0.0
2023,NLWC2,forteni01,MIA,NL,1,2,0,0,0,0,0,0,0,0.0,0,1.0,0.0,0.0,0.0,0.0,1.0
2023,NLWC2,garrebr01,MIA,NL,1,0,0,0,0,0,0,0,0,0.0,0,0.0,0.0,0.0,0.0,0.0,0.0
2023,NLWC2,gourryu01,MIA,NL,1,1,0,0,0,0,0,0,0,0.0,0,1.0,0.0,0.0,0.0,0.0,0.0
2023,NLWC2,hampsga01,MIA,NL,1,1,0,0,0,0,0,0,0,0.0,0,0.0,0.0,0.0,0.0,0.0,0.0
2023,NLWC2,harpebr03,PHI,NL,2,6,2,1,0,0,0,0,0,0.0,2,3.0,1.0,0.0,0.0,0.0,0.0
2023,NLWC2,hoffmje02,PHI,NL,1,0,0,0,0,0,0,0,0,0.0,0,0.0,0.0,0.0,0.0,0.0,0.0
2023,NLWC2,kerkeor01,PHI,NL,1,0,0,0,0,0,0,0,0,0.0,0,0.0,0.0,0.0,0.0,0.0,0.0
2023,NLWC2,kimbrcr01,PHI,NL,1,0,0,0,0,0,0,0,0,0.0,0,0.0,0.0,0.0,0.0,0.0,0.0
2023,NLWC2,luzarje01,MIA,NL,1,0,0,0,0,0,0,0,0,0.0,0,0.0,0.0,0.0,0.0,0.0,0.0
2023,NLWC2,marshbr02,PHI,NL,1,2,0,0,0,0,0,0,0,0.0,0,0.0,0.0,0.0,0.0,0.0,0.0
2023,NLWC2,nardian01,MIA,NL,1,0,0,0,0,0,0,0,0,0.0,0,0.0,0.0,0.0,0.0,0.0,0.0
2023,NLWC2,nolaaa01,PHI,NL,1,0,0,0,0,0,0,0,0,0.0,0,0.0,0.0,0.0,0.0,0.0,0.0
2023,NLWC2,okertst01,MIA,NL,1,0,0,0,0,0,0,0,0,0.0,0,0.0,0.0,0.0,0.0,0.0,0.0
2023,NLWC2,pachecr01,PHI,NL,2,5,1,1,0,0,0,1,0,0.0,1,2.0,0.0,0.0,0.0,0.0,0.0
2023,NLWC2,pukaj01,MIA,NL,1,0,0,0,0,0,0,0,0,0.0,0,0.0,0.0,0.0,0.0,0.0,0.0
2023,NLWC2,realmjt01,PHI,NL,2,8,2,3,1,0,1,1,0,0.0,0,0.0,0.0,0.0,0.0,0.0,0.0
2023,NLWC2,roberda08,MIA,NL,1,0,0,0,0,0,0,0,0,0.0,0,0.0,0.0,0.0,0.0,0.0,0.0
2023,NLWC2,rojasjo03,PHI,NL,2,6,1,1,0,0,0,0,0,0.0,0,3.0,0.0,0.0,0.0,0.0,0.0
2023,NLWC2,sanchje02,MIA,NL,2,5,0,1,0,0,0,0,0,0.0,0,1.0,0.0,0.0,0.0,0.0,1.0
2023,NLWC2,schwaky01,PHI,NL,2,8,1,2,1,0,0,1,0,0.0,0,5.0,0.0,0.0,0.0,0.0,0.0
2023,NLWC2,scottta01,MIA,NL,1,0,0,0,0,0,0,0,0,0.0,0,0.0,0.0,0.0,0.0,0.0,0.0
2023,NLWC2,solerjo01,MIA,NL,2,8,0,1,0,0,0,0,0,0.0,0,5.0,0.0,0.0,0.0,0.0,0.0
2023,NLWC2,soriage01,MIA,NL,1,0,0,0,0,0,0,0,0,0.0,0,0.0,0.0,0.0,0.0,0.0,0.0
2023,NLWC2,sotogr01,PHI,NL,1,0,0,0,0,0,0,0,0,0.0,0,0.0,0.0,0.0,0.0,0.0,0.0
2023,NLWC2,stallja01,MIA,NL,2,2,0,0,0,0,0,0,0,0.0,0,0.0,0.0,0.0,0.0,0.0,1.0
2023,NLWC2,stottbr01,PHI,NL,2,8,2,2,0,0,1,5,0,0.0,0,5.0,0.0,0.0,0.0,0.0,0.0
2023,NLWC2,turnetr01,PHI,NL,2,7,0,4,2,0,0,1,2,0.0,1,1.0,0.0,0.0,0.0,0.0,0.0
2023,NLWC2,wendljo01,MIA,NL,1,0,0,0,0,0,0,0,0,0.0,0,0.0,0.0,0.0,0.0,0.0,0.0
2023,NLWC2,wheelza01,PHI,NL,1,0,0,0,0,0,0,0,0,0.0,0,0.0,0.0,0.0,0.0,0.0,0.0
2023,WS,bradfco01,TEX,AL,2,0,0,0,0,0,0,0,0,0.0,0,0.0,0.0,0.0,0.0,0.0,0.0
2023,WS,burkebr01,TEX,AL,1,0,0,0,0,0,0,0,0,0.0,0,0.0,0.0,0.0,0.0,0.0,0.0
2023,WS,carroco02,ARI,NL,5,22,2,5,0,1,0,4,1,0.0,2,5.0,0.0,0.0,0.0,0.0,0.0
2023,WS,carteev01,TEX,AL,5,21,1,6,3,0,0,1,0,0.0,1,8.0,0.0,1.0,0.0,0.0,0.0
2023,WS,castrmi01,ARI,NL,3,0,0,0,0,0,0,0,0,0.0,0,0.0,0.0,0.0,0.0,0.0,0.0
2023,WS,chapmar01,TEX,AL,2,0,0,0,0,0,0,0,0,0.0,0,0.0,0.0,0.0,0.0,0.0,0.0
2023,WS,dunnida01,TEX,AL,3,0,0,0,0,0,0,0,0,0.0,0,0.0,0.0,0.0,0.0,0.0,0.0
2023,WS,eovalna01,TEX,AL,2,0,0,0,0,0,0,0,0,0.0,0,0.0,0.0,0.0,0.0,0.0,0.0
2023,WS,friaslu01,ARI,NL,3,0,0,0,0,0,0,0,0,0.0,0,0.0,0.0,0.0,0.0,0.0,0.0
2023,WS,galleza01,ARI,NL,2,0,0,0,0,0,0,0,0,0.0,0,0.0,0.0,0.0,0.0,0.0,0.0
2023,WS,garciad02,TEX,AL,3,10,1,3,0,0,1,2,1,0.0,3,2.0,0.0,1.0,0.0,0.0,0.0
2023,WS,garvemi01,TEX,AL,5,19,1,2,0,0,1,3,0,0.0,3,6.0,1.0,0.0,0.0,0.0,2.0
2023,WS,ginkeke01,ARI,NL,2,0,0,0,0,0,0,0,0,0.0,0,0.0,0.0,0.0,0.0,0.0,0.0
2023,WS,grayjo02,TEX,AL,2,0,0,0,0,0,0,0,0,0.0,0,0.0,0.0,0.0,0.0,0.0,0.0
2023,WS,grossro01,TEX,AL,1,1,0,0,0,0,0,0,0,0.0,0,1.0,0.0,0.0,0.0,0.0,0.0
2023,WS,gurrilo01,ARI,NL,5,18,2,6,0,0,1,5,0,0.0,1,3.0,1.0,0.0,1.0,1.0,2.0
2023,WS,heanean01,TEX,AL,2,0,0,0,0,0,0,0,0,0.0,0,0.0,0.0,0.0,0.0,0.0,0.0
2023,WS,hedgeau01,TEX,AL,1,1,0,0,0,0,0,0,0,0.0,0,1.0,0.0,0.0,0.0,0.0,0.0
2023,WS,heimjo01,TEX,AL,5,17,3,2,0,0,1,2,0,0.0,2,4.0,0.0,0.0,0.0,0.0,0.0
2023,WS,jankotr01,TEX,AL,3,7,2,2,1,0,0,2,0,0.0,1,0.0,0.0,0.0,0.0,0.0,0.0
2023,WS,jungjo01,TEX,AL,5,20,3,7,1,0,0,0,0,0.0,0,4.0,0.0,0.0,0.0,0.0,2.0
2023,WS,kellyme01,ARI,NL,1,0,0,0,0,0,0,0,0,0.0,0,0.0,0.0,0.0,0.0,0.0,0.0
2023,WS,lawlajo01,ARI,NL,1,0,1,0,0,0,0,0,0,0.0,1,0.0,0.0,0.0,0.0,0.0,0.0
2023,WS,leclejo01,TEX,AL,3,0,0,0,0,0,0,0,0,0.0,0,0.0,0.0,0.0,0.0,0.0,0.0
2023,WS,longoev01,ARI,NL,4,11,2,3,1,0,0,1,0,0.0,0,4.0,0.0,0.0,1.0,0.0,0.0
2023,WS,lowena01,TEX,AL,5,17,3,3,1,0,0,0,0,0.0,3,2.0,0.0,0.0,0.0,0.0,0.0
2023,WS,mantijo01,ARI,NL,2,0,0,0,0,0,0,0,0,0.0,0,0.0,0.0,0.0,0.0,0.0,0.0
2023,WS,marteke01,ARI,NL,5,20,0,5,2,0,0,4,1,1.0,4,2.0,0.0,0.0,0.0,0.0,1.0
2023,WS,montgjo01,TEX,AL,1,0,0,0,0,0,0,0,0,0.0,0,0.0,0.0,0.0,0.0,0.0,0.0
2023,WS,morenga01,ARI,NL,5,20,3,3,0,0,1,3,0,0.0,2,8.0,0.0,0.0,1.0,0.0,1.0
2023,WS,nelsoky01,ARI,NL,3,0,0,0,0,0,0,0,0,0.0,0,0.0,0.0,0.0,0.0,0.0,0.0
2023,WS,nelsory01,ARI,NL,1,0,0,0,0,0,0,0,0,0.0,0,0.0,0.0,0.0,0.0,0.0,0.0
2023,WS,perdoge01,ARI,NL,5,15,3,4,0,0,0,1,2,0.0,2,4.0,0.0,0.0,2.0,0.0,0.0
2023,WS,perezma02,TEX,AL,1,0,0,0,0,0,0,0,0,0.0,0,0.0,0.0,0.0,0.0,0.0,0.0
2023,WS,peterja01,ARI,NL,1,1,1,0,0,0,0,0,0,0.0,0,0.0,0.0,0.0,0.0,0.0,0.0
2023,WS,pfaadbr01,ARI,NL,1,0,0,0,0,0,0,0,0,0.0,0,0.0,0.0,0.0,0.0,0.0,0.0
2023,WS,phamth01,ARI,NL,5,19,3,8,3,0,1,2,0,0.0,1,5.0,0.0,0.0,0.0,1.0,0.0
2023,WS,riverem01,ARI,NL,5,5,2,2,1,0,0,2,0,0.0,1,0.0,0.0,0.0,0.0,0.0,0.0
2023,WS,saalfan01,ARI,NL,3,0,0,0,0,0,0,0,0,0.0,0,0.0,0.0,0.0,0.0,0.0,0.0
2023,WS,sborzjo01,TEX,AL,2,0,0,0,0,0,0,0,0,0.0,0,0.0,0.0,0.0,0.0,0.0,0.0
2023,WS,scherma01,TEX,AL,1,0,0,0,0,0,0,0,0,0.0,0,0.0,0.0,0.0,0.0,0.0,0.0
2023,WS,seageco01,TEX,AL,5,21,6,6,1,0,3,6,0,0.0,3,5.0,0.0,0.0,0.0,0.0,0.0
2023,WS,semiema01,TEX,AL,5,24,4,7,0,1,2,8,0,0.0,0,6.0,0.0,0.0,0.0,0.0,0.0
2023,WS,sewalpa01,ARI,NL,2,0,0,0,0,0,0,0,0,0.0,0,0.0,0.0,0.0,0.0,0.0,0.0
2023,WS,smithjo09,TEX,AL,2,0,0,0,0,0,0,0,0,0.0,0,0.0,0.0,0.0,0.0,0.0,0.0
2023,WS,smithpa04,ARI,NL,4,1,0,0,0,0,0,0,0,0.0,0,1.0,0.0,0.0,0.0,0.0,0.0
2023,WS,smithwi04,TEX,AL,2,0,0,0,0,0,0,0,0,0.0,0,0.0,0.0,0.0,0.0,0.0,0.0
2023,WS,stratch01,TEX,AL,2,0,0,0,0,0,0,0,0,0.0,0,0.0,0.0,0.0,0.0,0.0,0.0
2023,WS,taverle01,TEX,AL,5,16,2,0,0,0,0,0,0,0.0,3,5.0,0.0,0.0,0.0,0.0,0.0
2023,WS,thomaal01,ARI,NL,5,21,2,5,1,0,0,0,1,0.0,0,4.0,0.0,0.0,0.0,0.0,0.0
2023,WS,thompry02,ARI,NL,1,0,0,0,0,0,0,0,0,0.0,0,0.0,0.0,0.0,0.0,0.0,0.0
2023,WS,walkech02,ARI,NL,5,21,1,6,2,0,0,0,2,0.0,2,5.0,0.0,0.0,0.0,0.0,0.0
2024,ALCS,avilape01,CLE,AL,3,0,0,0,0,0,0,0,0,0.0,0,0.0,0.0,0.0,0.0,0.0,0.0
2024,ALCS,bertijo01,NYA,AL,2,4,1,0,0,0,0,0,0,0.0,0,2.0,0.0,0.0,0.0,0.0,1.0
2024,ALCS,bibeeta01,CLE,AL,2,0,0,0,0,0,0,0,0,0.0,0,0.0,0.0,0.0,0.0,0.0,0.0
2024,ALCS,boydma01,CLE,AL,1,0,0,0,0,0,0,0,0,0.0,0,0.0,0.0,0.0,0.0,0.0,0.0
2024,ALCS,brennwi02,CLE,AL,4,7,0,1,1,0,0,1,0,0.0,0,3.0,0.0,0.0,0.0,0.0,0.0
2024,ALCS,cabreos01,NYA,AL,3,1,0,0,0,0,0,0,0,0.0,0,0.0,0.0,0.0,0.0,0.0,0.0
2024,ALCS,cantijo01,CLE,AL,2,0,0,0,0,0,0,0,0,0.0,0,0.0,0.0,0.0,0.0,0.0,0.0
2024,ALCS,chishja01,NYA,AL,5,19,0,3,1,0,0,0,1,1.0,1,8.0,0.0,1.0,1.0,0.0,0.0
2024,ALCS,claseem01,CLE,AL,3,0,0,0,0,0,0,0,0,0.0,0,0.0,0.0,0.0,0.0,0.0,0.0
2024,ALCS,cobbal01,CLE,AL,1,0,0,0,0,0,0,0,0,0.0,0,0.0,0.0,0.0,0.0,0.0,0.0
2024,ALCS,colege01,NYA,AL,1,0,0,0,0,0,0,0,0,0.0,0,0.0,0.0,0.0,0.0,0.0,0.0
2024,ALCS,cousija01,NYA,AL,2,0,0,0,0,0,0,0,0,0.0,0,0.0,0.0,0.0,0.0,0.0,0.0
2024,ALCS,dominja01,NYA,AL,2,0,1,0,0,0,0,0,0,0.0,0,0.0,0.0,0.0,0.0,0.0,0.0
2024,ALCS,fryda01,CLE,AL,5,12,1,4,0,0,1,3,0,0.0,1,5.0,0.0,0.0,0.0,0.0,0.0
2024,ALCS,gaddihu01,CLE,AL,4,0,0,0,0,0,0,0,0,0.0,0,0.0,0.0,0.0,0.0,0.0,0.0
2024,ALCS,gillu01,NYA,AL,1,0,0,0,0,0,0,0,0,0.0,0,0.0,0.0,0.0,0.0,0.0,0.0
2024,ALCS,gimenan01,CLE,AL,5,19,2,5,1,0,0,1,1,0.0,2,6.0,0.0,0.0,0.0,0.0,1.0
2024,ALCS,hamilia01,NYA,AL,1,0,0,0,0,0,0,0,0,0.0,0,0.0,0.0,0.0,0.0,0.0,0.0
2024,ALCS,hedgeau01,CLE,AL,4,7,0,1,1,0,0,0,0,0.0,2,2.0,0.0,0.0,0.0,0.0,0.0
2024,ALCS,herriti01,CLE,AL,4,0,0,0,0,0,0,0,0,0.0,0,0.0,0.0,0.0,0.0,0.0,0.0
2024,ALCS,hillti01,NYA,AL,5,0,0,0,0,0,0,0,0,0.0,0,0.0,0.0,0.0,0.0,0.0,0.0
2024,ALCS,holmecl01,NYA,AL,4,0,0,0,0,0,0,0,0,0.0,0,0.0,0.0,0.0,0.0,0.0,0.0
2024,ALCS,judgeaa01,NYA,AL,5,18,4,3,0,0,2,6,0,0.0,2,8.0,1.0,1.0,0.0,2.0,1.0
2024,ALCS,kahnlto01,NYA,AL,3,0,0,0,0,0,0,0,0,0.0,0,0.0,0.0,0.0,0.0,0.0,0.0
2024,ALCS,kwanst01,CLE,AL,5,21,4,5,0,0,0,2,1,0.0,4,1.0,0.0,0.0,0.0,0.0,1.0
2024,ALCS,leitema02,NYA,AL,2,0,0,0,0,0,0,0,0,0.0,0,0.0,0.0,0.0,0.0,0.0,0.0
2024,ALCS,livelbe01,CLE,AL,1,0,0,0,0,0,0,0,0,0.0,0,0.0,0.0,0.0,0.0,0.0,0.0
2024,ALCS,manzaky01,CLE,AL,5,13,2,5,1,0,1,2,0,0.0,0,3.0,0.0,0.0,0.0,0.0,0.0
2024,ALCS,mayzati01,NYA,AL,1,0,0,0,0,0,0,0,0,0.0,0,0.0,0.0,0.0,0.0,0.0,0.0
2024,ALCS,morgael01,CLE,AL,3,0,0,0,0,0,0,0,0,0.0,0,0.0,0.0,0.0,0.0,0.0,0.0
2024,ALCS,naylobo01,CLE,AL,5,11,2,4,2,0,0,1,0,0.0,0,3.0,0.0,0.0,0.0,0.0,0.0
2024,ALCS,naylojo01,CLE,AL,5,20,1,5,1,0,0,4,0,0.0,2,7.0,0.0,0.0,0.0,1.0,1.0
2024,ALCS,noeljh01,CLE,AL,4,8,1,2,0,0,1,2,0,0.0,1,3.0,0.0,0.0,0.0,0.0,0.0
2024,ALCS,ramirjo01,CLE,AL,5,19,2,4,2,0,1,3,2,0.0,4,2.0,2.0,0.0,0.0,1.0,0.0
2024,ALCS,rizzoan01,NYA,AL,5,14,1,6,1,0,0,0,0,0.0,2,3.0,1.0,0.0,0.0,0.0,0.0
2024,ALCS,rocchbr01,CLE,AL,5,17,3,5,0,0,1,1,0,0.0,3,4.0,0.0,0.0,1.0,0.0,0.0
2024,ALCS,rodonca01,NYA,AL,2,0,0,0,0,0,0,0,0,0.0,0,0.0,0.0,0.0,0.0,0.0,0.0
2024,ALCS,sabroer01,CLE,AL,3,0,0,0,0,0,0,0,0,0.0,0,0.0,0.0,0.0,0.0,0.0,0.0
2024,ALCS,schmicl01,NYA,AL,1,0,0,0,0,0,0,0,0,0.0,0,0.0,0.0,0.0,0.0,0.0,0.0
2024,ALCS,schneda04,CLE,AL,3,7,0,0,0,0,0,0,0,0.0,0,2.0,0.0,0.0,0.0,0.0,0.0
2024,ALCS,smithca05,CLE,AL,4,0,0,0,0,0,0,0,0,0.0,0,0.0,0.0,0.0,0.0,0.0,0.0
2024,ALCS,sotoju01,NYA,AL,5,19,5,7,1,0,3,6,0,0.0,4,3.0,1.0,0.0,0.0,0.0,0.0
2024,ALCS,stantmi03,NYA,AL,5,18,5,4,0,0,4,7,0,0.0,3,5.0,0.0,0.0,0.0,0.0,0.0
2024,ALCS,thomala02,CLE,AL,5,17,2,2,1,0,0,0,1,0.0,7,6.0,0.0,0.0,0.0,0.0,0.0
2024,ALCS,torregl01,NYA,AL,5,22,5,8,1,0,0,2,0,0.0,2,2.0,0.0,0.0,0.0,1.0,1.0
2024,ALCS,trevijo01,NYA,AL,2,2,0,1,0,0,0,1,0,1.0,0,0.0,0.0,0.0,0.0,0.0,0.0
2024,ALCS,verdual01,NYA,AL,5,17,1,3,2,0,0,2,0,0.0,3,4.0,0.0,0.0,0.0,0.0,0.0
2024,ALCS,volpean01,NYA,AL,5,17,5,6,1,0,0,0,1,0.0,4,5.0,0.0,0.0,0.0,0.0,0.0
2024,ALCS,waltean01,CLE,AL,2,0,0,0,0,0,0,0,0,0.0,0,0.0,0.0,0.0,0.0,0.0,0.0
2024,ALCS,weavelu01,NYA,AL,4,0,0,0,0,0,0,0,0,0.0,0,0.0,0.0,0.0,0.0,0.0,0.0
2024,ALCS,wellsau01,NYA,AL,5,17,1,1,0,0,1,1,0,0.0,1,9.0,0.0,0.0,0.0,0.0,2.0
2024,ALCS,williga01,CLE,AL,1,0,0,0,0,0,0,0,0,0.0,0,0.0,0.0,0.0,0.0,0.0,0.0
2024,ALDS1,bibeeta01,CLE,AL,2,0,0,0,0,0,0,0,0,0.0,0,0.0,0.0,0.0,0.0,0.0,0.0
2024,ALDS1,boydma01,CLE,AL,2,0,0,0,0,0,0,0,0,0.0,0,0.0,0.0,0.0,0.0,0.0,0.0
2024,ALDS1,brennwi02,CLE,AL,3,5,0,1,1,0,0,0,0,0.0,0,1.0,0.0,0.0,0.0,0.0,0.0
2024,ALDS1,briesbe01,DET,AL,4,0,0,0,0,0,0,0,0,0.0,0,0.0,0.0,0.0,0.0,0.0,0.0
2024,ALDS1,cantijo01,CLE,AL,1,0,0,0,0,0,0,0,0,0.0,0,0.0,0.0,0.0,0.0,0.0,0.0
2024,ALDS1,carpeke01,DET,AL,5,13,2,4,0,0,1,4,0,0.0,1,6.0,1.0,0.0,0.0,0.0,1.0
2024,ALDS1,claseem01,CLE,AL,4,0,0,0,0,0,0,0,0,0.0,0,0.0,0.0,0.0,0.0,0.0,0.0
2024,ALDS1,cobbal01,CLE,AL,1,0,0,0,0,0,0,0,0,0.0,0,0.0,0.0,0.0,0.0,0.0,0.0
2024,ALDS1,fryda01,CLE,AL,5,16,3,4,1,0,1,5,1,0.0,1,6.0,0.0,0.0,1.0,0.0,1.0
2024,ALDS1,gaddihu01,CLE,AL,4,0,0,0,0,0,0,0,0,0.0,0,0.0,0.0,0.0,0.0,0.0,0.0
2024,ALDS1,gimenan01,CLE,AL,5,18,2,3,1,0,0,0,1,0.0,0,7.0,0.0,1.0,0.0,0.0,1.0
2024,ALDS1,greenri02,DET,AL,5,17,1,5,0,0,0,1,0,0.0,3,2.0,1.0,1.0,0.0,0.0,1.0
2024,ALDS1,guentse01,DET,AL,3,0,0,0,0,0,0,0,0,0.0,0,0.0,0.0,0.0,0.0,0.0,0.0
2024,ALDS1,hedgeau01,CLE,AL,4,5,0,0,0,0,0,0,0,0.0,0,3.0,0.0,0.0,0.0,0.0,0.0
2024,ALDS1,herriti01,CLE,AL,5,0,0,0,0,0,0,0,0,0.0,0,0.0,0.0,0.0,0.0,0.0,0.0
2024,ALDS1,holtoty01,DET,AL,4,0,0,0,0,0,0,0,0,0.0,0,0.0,0.0,0.0,0.0,0.0,0.0
2024,ALDS1,hurtebr01,DET,AL,1,0,0,0,0,0,0,0,0,0.0,0,0.0,0.0,0.0,0.0,0.0,0.0
2024,ALDS1,ibanean01,DET,AL,5,6,0,0,0,0,0,0,0,0.0,0,2.0,0.0,0.0,0.0,0.0,0.0
2024,ALDS1,jobeja01,DET,AL,1,0,0,0,0,0,0,0,0,0.0,0,0.0,0.0,0.0,0.0,0.0,0.0
2024,ALDS1,jungja01,DET,AL,2,2,0,0,0,0,0,1,0,0.0,1,0.0,0.0,0.0,0.0,0.0,0.0
2024,ALDS1,keithco01,DET,AL,5,15,2,2,1,0,0,1,0,0.0,2,7.0,0.0,0.0,0.0,0.0,0.0
2024,ALDS1,kwanst01,CLE,AL,5,21,6,11,1,0,0,0,1,0.0,2,3.0,0.0,0.0,0.0,0.0,0.0
2024,ALDS1,maddety01,DET,AL,1,0,0,0,0,0,0,0,0,0.0,0,0.0,0.0,0.0,0.0,0.0,0.0
2024,ALDS1,malloju02,DET,AL,5,5,1,3,1,0,0,0,0,0.0,1,0.0,0.0,1.0,0.0,0.0,0.0
2024,ALDS1,manzaky01,CLE,AL,4,6,0,1,0,0,0,0,0,0.0,0,1.0,0.0,0.0,0.0,0.0,0.0
2024,ALDS1,martian02,CLE,AL,1,1,0,0,0,0,0,0,0,0.0,0,0.0,0.0,0.0,0.0,0.0,0.0
2024,ALDS1,mckinza01,DET,AL,3,4,1,2,1,0,1,1,0,0.0,1,0.0,0.0,1.0,0.0,0.0,0.0
2024,ALDS1,meadopa01,DET,AL,5,17,1,5,2,0,0,0,2,0.0,3,3.0,0.0,0.0,0.0,0.0,0.0
2024,ALDS1,monteke01,DET,AL,2,0,0,0,0,0,0,0,0,0.0,0,0.0,0.0,0.0,0.0,0.0,0.0
2024,ALDS1,morgael01,CLE,AL,3,0,0,0,0,0,0,0,0,0.0,0,0.0,0.0,0.0,0.0,0.0,0.0
2024,ALDS1,naylobo01,CLE,AL,5,11,0,0,0,0,0,0,0,0.0,0,3.0,0.0,0.0,0.0,0.0,0.0
2024,ALDS1,naylojo01,CLE,AL,5,20,1,4,1,0,0,1,0,0.0,0,3.0,0.0,0.0,0.0,0.0,0.0
2024,ALDS1,noeljh01,CLE,AL,5,13,1,0,0,0,0,0,0,0.0,1,5.0,0.0,1.0,0.0,0.0,0.0
2024,ALDS1,olsonre01,DET,AL,2,0,0,0,0,0,0,0,0,0.0,0,0.0,0.0,0.0,0.0,0.0,0.0
2024,ALDS1,perezwe01,DET,AL,5,15,0,3,1,0,0,1,0,0.0,0,6.0,0.0,0.0,0.0,0.0,0.0
2024,ALDS1,ramirjo01,CLE,AL,5,16,3,3,1,0,1,3,0,0.0,3,3.0,3.0,1.0,0.0,0.0,0.0
2024,ALDS1,rocchbr01,CLE,AL,5,16,1,6,2,0,0,1,0,0.0,2,3.0,0.0,0.0,0.0,0.0,0.0
2024,ALDS1,rogerja03,DET,AL,5,14,2,3,1,0,0,1,0,0.0,3,5.0,0.0,0.0,0.0,0.0,0.0
2024,ALDS1,sabroer01,CLE,AL,2,0,0,0,0,0,0,0,0,0.0,0,0.0,0.0,0.0,0.0,0.0,0.0
2024,ALDS1,skubata01,DET,AL,2,0,0,0,0,0,0,0,0,0.0,0,0.0,0.0,0.0,0.0,0.0,0.0
2024,ALDS1,smithca05,CLE,AL,5,0,0,0,0,0,0,0,0,0.0,0,0.0,0.0,0.0,0.0,0.0,0.0
2024,ALDS1,sweentr01,DET,AL,5,15,2,1,0,0,0,1,0,0.0,2,9.0,0.0,0.0,0.0,1.0,0.0
2024,ALDS1,thomala02,CLE,AL,5,19,2,6,0,0,2,9,0,0.0,0,3.0,0.0,0.0,0.0,0.0,0.0
2024,ALDS1,torkesp01,DET,AL,5,16,1,4,3,0,0,1,0,0.0,0,8.0,0.0,0.0,0.0,0.0,2.0
2024,ALDS1,vestwi01,DET,AL,4,0,0,0,0,0,0,0,0,0.0,0,0.0,0.0,0.0,0.0,0.0,0.0
2024,ALDS1,vierlma01,DET,AL,5,20,0,2,1,0,0,1,0,0.0,2,10.0,0.0,0.0,0.0,1.0,0.0
2024,ALDS1,waltean01,CLE,AL,2,0,0,0,0,0,0,0,0,0.0,0,0.0,0.0,0.0,0.0,0.0,0.0
2024,ALDS2,bertijo01,NYA,AL,2,7,0,2,0,0,0,0,0,0.0,1,1.0,0.0,0.0,0.0,0.0,0.0
2024,ALDS2,bubickr01,KCA,AL,2,0,0,0,0,0,0,0,0,0.0,0,0.0,0.0,0.0,0.0,0.0,0.0
2024,ALDS2,cabreos01,NYA,AL,2,5,0,1,1,0,0,0,0,0.0,3,3.0,0.0,0.0,0.0,0.0,0.0
2024,ALDS2,chishja01,NYA,AL,4,15,2,2,0,0,1,1,1,0.0,1,3.0,0.0,0.0,0.0,0.0,0.0
2024,ALDS2,colege01,NYA,AL,2,0,0,0,0,0,0,0,0,0.0,0,0.0,0.0,0.0,0.0,0.0,0.0
2024,ALDS2,cousija01,NYA,AL,1,0,0,0,0,0,0,0,0,0.0,0,0.0,0.0,0.0,0.0,0.0,0.0
2024,ALDS2,ellisdu01,NYA,AL,1,0,0,0,0,0,0,0,0,0.0,0,0.0,0.0,0.0,0.0,0.0,0.0
2024,ALDS2,erceglu01,KCA,AL,3,0,0,0,0,0,0,0,0,0.0,0,0.0,0.0,0.0,0.0,0.0,0.0
2024,ALDS2,fraziad01,KCA,AL,1,3,1,1,0,0,0,0,0,0.0,0,1.0,0.0,0.0,0.0,0.0,0.0
2024,ALDS2,garcima01,KCA,AL,4,16,0,6,0,0,0,1,1,0.0,0,3.0,0.0,0.0,0.0,0.0,0.0
2024,ALDS2,gourryu01,KCA,AL,4,14,4,3,1,0,0,0,0,0.0,2,0.0,0.0,0.0,0.0,0.0,0.0
2024,ALDS2,hamilia01,NYA,AL,1,0,0,0,0,0,0,0,0,0.0,0,0.0,0.0,0.0,0.0,0.0,0.0
2024,ALDS2,hampsga01,KCA,AL,2,3,1,3,0,0,0,3,0,0.0,1,0.0,0.0,0.0,0.0,0.0,0.0
2024,ALDS2,hillti01,NYA,AL,2,0,0,0,0,0,0,0,0,0.0,0,0.0,0.0,0.0,0.0,0.0,0.0
2024,ALDS2,holmecl01,NYA,AL,4,0,0,0,0,0,0,0,0,0.0,0,0.0,0.0,0.0,0.0,0.0,0.0
2024,ALDS2,isbelky01,KCA,AL,4,9,1,2,1,0,0,1,0,1.0,0,4.0,0.0,1.0,0.0,0.0,0.0
2024,ALDS2,judgeaa01,NYA,AL,4,13,2,2,1,0,0,0,1,0.0,5,5.0,0.0,0.0,0.0,0.0,1.0
2024,ALDS2,kahnlto01,NYA,AL,3,0,0,0,0,0,0,0,0,0.0,0,0.0,0.0,0.0,0.0,0.0,0.0
2024,ALDS2,longsa01,KCA,AL,3,0,0,0,0,0,0,0,0,0.0,0,0.0,0.0,0.0,0.0,0.0,0.0
2024,ALDS2,lorenmi01,KCA,AL,2,0,0,0,0,0,0,0,0,0.0,0,0.0,0.0,0.0,0.0,0.0,0.0
2024,ALDS2,lugose01,KCA,AL,1,0,0,0,0,0,0,0,0,0.0,0,0.0,0.0,0.0,0.0,0.0,0.0
2024,ALDS2,massemi02,KCA,AL,4,15,0,4,0,1,0,1,0,0.0,2,5.0,0.0,0.0,0.0,0.0,2.0
2024,ALDS2,mayzati01,NYA,AL,1,0,0,0,0,0,0,0,0,0.0,0,0.0,0.0,0.0,0.0,0.0,0.0
2024,ALDS2,melenmj01,KCA,AL,4,13,1,2,0,0,1,2,0,0.0,0,1.0,0.0,0.0,0.0,0.0,0.0
2024,ALDS2,pasquvi01,KCA,AL,4,16,0,1,1,0,0,1,0,0.0,1,7.0,0.0,0.0,0.0,0.0,0.0
2024,ALDS2,perezsa02,KCA,AL,4,16,1,3,0,0,1,1,0,0.0,0,4.0,0.0,0.0,0.0,0.0,0.0
2024,ALDS2,phamth01,KCA,AL,4,11,2,5,0,0,0,2,1,0.0,0,2.0,0.0,0.0,0.0,1.0,0.0
2024,ALDS2,raganco01,KCA,AL,1,0,0,0,0,0,0,0,0,0.0,0,0.0,0.0,0.0,0.0,0.0,0.0
2024,ALDS2,renfrhu01,KCA,AL,1,2,0,0,0,0,0,0,0,0.0,0,2.0,0.0,0.0,0.0,0.0,0.0
2024,ALDS2,rodonca01,NYA,AL,1,0,0,0,0,0,0,0,0,0.0,0,0.0,0.0,0.0,0.0,0.0,0.0
2024,ALDS2,schmicl01,NYA,AL,1,0,0,0,0,0,0,0,0,0.0,0,0.0,0.0,0.0,0.0,0.0,0.0
2024,ALDS2,schrejo01,KCA,AL,4,0,0,0,0,0,0,0,0,0.0,0,0.0,0.0,0.0,0.0,0.0,0.0
2024,ALDS2,singebr01,KCA,AL,1,0,0,0,0,0,0,0,0,0.0,0,0.0,0.0,0.0,0.0,0.0,0.0
2024,ALDS2,sotoju01,NYA,AL,4,14,1,4,1,0,0,2,0,0.0,3,4.0,0.0,0.0,0.0,1.0,0.0
2024,ALDS2,stantmi03,NYA,AL,4,16,1,6,2,0,1,4,1,0.0,2,2.0,1.0,0.0,0.0,0.0,1.0
2024,ALDS2,torregl01,NYA,AL,4,15,4,3,1,0,1,3,0,0.0,5,3.0,0.0,0.0,0.0,0.0,0.0
2024,ALDS2,verdual01,NYA,AL,4,14,3,3,0,0,0,1,0,0.0,1,0.0,0.0,0.0,1.0,0.0,0.0
2024,ALDS2,volpean01,NYA,AL,4,12,1,3,0,0,0,1,1,0.0,4,1.0,0.0,0.0,0.0,0.0,0.0
2024,ALDS2,wachami01,KCA,AL,2,0,0,0,0,0,0,0,0,0.0,0,0.0,0.0,0.0,0.0,0.0,0.0
2024,ALDS2,weavelu01,NYA,AL,4,0,0,0,0,0,0,0,0,0.0,0,0.0,0.0,0.0,0.0,0.0,0.0
2024,ALDS2,wellsau01,NYA,AL,4,16,0,2,0,0,0,2,0,0.0,2,6.0,0.0,0.0,0.0,0.0,2.0
2024,ALDS2,wittbo02,KCA,AL,4,17,1,2,0,0,0,0,0,0.0,1,5.0,0.0,0.0,0.0,0.0,0.0
2024,ALDS2,zerpaan01,KCA,AL,4,0,0,0,0,0,0,0,0,0.0,0,0.0,0.0,0.0,0.0,0.0,0.0
2024,ALWC1,abreubr01,HOU,AL,1,0,0,0,0,0,0,0,0,0.0,0,0.0,0.0,0.0,0.0,0.0,0.0
2024,ALWC1,altuvjo01,HOU,AL,2,7,0,1,0,0,0,1,0,0.0,0,2.0,0.0,0.0,0.0,1.0,0.0
2024,ALWC1,alvaryo01,HOU,AL,2,7,0,2,1,0,0,0,0,0.0,1,1.0,0.0,0.0,0.0,0.0,0.0
2024,ALWC1,blancro01,HOU,AL,1,0,0,0,0,0,0,0,0,0.0,0,0.0,0.0,0.0,0.0,0.0,0.0
2024,ALWC1,bregmal01,HOU,AL,2,8,0,3,0,0,0,0,0,0.0,0,0.0,0.0,0.0,0.0,0.0,0.0
2024,ALWC1,briesbe01,DET,AL,2,0,0,0,0,0,0,0,0,0.0,0,0.0,0.0,0.0,0.0,0.0,0.0
2024,ALWC1,brownhu01,HOU,AL,1,0,0,0,0,0,0,0,0,0.0,0,0.0,0.0,0.0,0.0,0.0,0.0
2024,ALWC1,caratvi01,HOU,AL,2,6,1,1,0,0,0,0,0,0.0,0,3.0,0.0,2.0,0.0,0.0,0.0
2024,ALWC1,carpeke01,DET,AL,2,6,1,1,0,0,0,0,0,0.0,0,1.0,0.0,0.0,0.0,0.0,0.0
2024,ALWC1,dezenza01,HOU,AL,1,0,1,0,0,0,0,0,0,0.0,0,0.0,0.0,0.0,0.0,0.0,0.0
2024,ALWC1,diazya02,HOU,AL,2,7,0,2,0,0,0,1,0,0.0,1,1.0,0.0,0.0,0.0,0.0,1.0
2024,ALWC1,dubonma01,HOU,AL,2,5,0,2,0,0,0,0,0,0.0,0,0.0,0.0,0.0,0.0,0.0,0.0
2024,ALWC1,ferguca01,HOU,AL,1,0,0,0,0,0,0,0,0,0.0,0,0.0,0.0,0.0,0.0,0.0,0.0
2024,ALWC1,foleyja01,DET,AL,1,0,0,0,0,0,0,0,0,0.0,0,0.0,0.0,0.0,0.0,0.0,0.0
2024,ALWC1,greenri02,DET,AL,2,9,0,1,1,0,0,0,0,0.0,1,3.0,0.0,0.0,0.0,0.0,1.0
2024,ALWC1,guentse01,DET,AL,1,0,0,0,0,0,0,0,0,0.0,0,0.0,0.0,0.0,0.0,0.0,0.0
2024,ALWC1,haderjo01,HOU,AL,2,0,0,0,0,0,0,0,0,0.0,0,0.0,0.0,0.0,0.0,0.0,0.0
2024,ALWC1,hanifbr01,DET,AL,1,0,0,0,0,0,0,0,0,0.0,0,0.0,0.0,0.0,0.0,0.0,0.0
2024,ALWC1,heywaja01,HOU,AL,2,3,0,0,0,0,0,0,0,0.0,0,2.0,0.0,0.0,0.0,0.0,0.0
2024,ALWC1,holtoty01,DET,AL,2,0,0,0,0,0,0,0,0,0.0,0,0.0,0.0,0.0,0.0,0.0,0.0
2024,ALWC1,hurtebr01,DET,AL,1,0,0,0,0,0,0,0,0,0.0,0,0.0,0.0,0.0,0.0,0.0,0.0
2024,ALWC1,ibanean01,DET,AL,2,3,0,2,2,0,0,3,0,0.0,0,0.0,0.0,0.0,0.0,0.0,0.0
2024,ALWC1,jobeja01,DET,AL,1,0,0,0,0,0,0,0,0,0.0,0,0.0,0.0,0.0,0.0,0.0,0.0
2024,ALWC1,keithco01,DET,AL,2,3,1,0,0,0,0,0,0,0.0,4,1.0,0.0,0.0,0.0,0.0,0.0
2024,ALWC1,kingbr01,HOU,AL,1,0,0,0,0,0,0,0,0,0.0,0,0.0,0.0,0.0,0.0,0.0,0.0
2024,ALWC1,malloju02,DET,AL,2,3,0,2,0,0,0,0,0,0.0,1,1.0,0.0,0.0,0.0,0.0,0.0
2024,ALWC1,mccorch01,HOU,AL,2,2,0,0,0,0,0,0,1,0.0,1,0.0,0.0,0.0,0.0,0.0,0.0
2024,ALWC1,mckinza01,DET,AL,2,3,0,1,1,0,0,0,0,0.0,0,0.0,0.0,0.0,0.0,0.0,0.0
2024,ALWC1,meadopa01,DET,AL,2,9,2,2,0,0,1,1,1,1.0,0,3.0,0.0,0.0,0.0,0.0,0.0
2024,ALWC1,meyerja02,HOU,AL,2,2,0,0,0,0,0,0,0,0.0,0,1.0,0.0,0.0,0.0,0.0,0.0
2024,ALWC1,nerishe01,HOU,AL,1,0,0,0,0,0,0,0,0,0.0,0,0.0,0.0,0.0,0.0,0.0,0.0
2024,ALWC1,penaje02,HOU,AL,2,6,1,1,0,0,0,0,0,0.0,1,3.0,0.0,0.0,1.0,0.0,1.0
2024,ALWC1,perezwe01,DET,AL,1,5,1,2,0,0,0,0,0,0.0,0,1.0,0.0,0.0,0.0,0.0,0.0
2024,ALWC1,pressry01,HOU,AL,1,0,0,0,0,0,0,0,0,0.0,0,0.0,0.0,0.0,0.0,0.0,0.0
2024,ALWC1,rogerja03,DET,AL,2,8,1,3,0,0,0,1,0,0.0,0,3.0,0.0,0.0,0.0,0.0,0.0
2024,ALWC1,singljo02,HOU,AL,2,2,0,0,0,0,0,1,0,0.0,0,0.0,0.0,0.0,0.0,0.0,0.0
2024,ALWC1,skubata01,DET,AL,1,0,0,0,0,0,0,0,0,0.0,0,0.0,0.0,0.0,0.0,0.0,0.0
2024,ALWC1,sweentr01,DET,AL,2,7,0,1,0,0,0,1,1,0.0,1,3.0,0.0,0.0,0.0,0.0,0.0
2024,ALWC1,torkesp01,DET,AL,2,5,1,0,0,0,0,0,0,0.0,3,3.0,0.0,0.0,0.0,0.0,0.0
2024,ALWC1,tuckeky01,HOU,AL,2,7,0,0,0,0,0,0,0,0.0,1,2.0,0.0,0.0,0.0,0.0,1.0
2024,ALWC1,valdefr01,HOU,AL,1,0,0,0,0,0,0,0,0,0.0,0,0.0,0.0,0.0,0.0,0.0,0.0
2024,ALWC1,vestwi01,DET,AL,2,0,0,0,0,0,0,0,0,0.0,0,0.0,0.0,0.0,0.0,0.0,0.0
2024,ALWC1,vierlma01,DET,AL,2,8,1,2,0,0,0,1,0,0.0,2,4.0,0.0,0.0,0.0,0.0,0.0
2024,ALWC2,akinke01,BAL,AL,1,0,0,0,0,0,0,0,0,0.0,0,0.0,0.0,0.0,0.0,0.0,0.0
2024,ALWC2,blancda02,KCA,AL,1,0,0,0,0,0,0,0,1,0.0,0,0.0,0.0,0.0,0.0,0.0,0.0
2024,ALWC2,bubickr01,KCA,AL,2,0,0,0,0,0,0,0,0,0.0,0,0.0,0.0,0.0,0.0,0.0,0.0
2024,ALWC2,burneco01,BAL,AL,1,0,0,0,0,0,0,0,0,0.0,0,0.0,0.0,0.0,0.0,0.0,0.0
2024,ALWC2,canoye01,BAL,AL,1,0,0,0,0,0,0,0,0,0.0,0,0.0,0.0,0.0,0.0,0.0,0.0
2024,ALWC2,couloda01,BAL,AL,1,0,0,0,0,0,0,0,0,0.0,0,0.0,0.0,0.0,0.0,0.0,0.0
2024,ALWC2,cowseco01,BAL,AL,2,7,0,1,0,0,0,0,0,0.0,0,3.0,0.0,0.0,0.0,0.0,0.0
2024,ALWC2,dominse01,BAL,AL,2,0,0,0,0,0,0,0,0,0.0,0,0.0,0.0,0.0,0.0,0.0,0.0
2024,ALWC2,eflinza01,BAL,AL,1,0,0,0,0,0,0,0,0,0.0,0,0.0,0.0,0.0,0.0,0.0,0.0
2024,ALWC2,erceglu01,KCA,AL,2,0,0,0,0,0,0,0,0,0.0,0,0.0,0.0,0.0,0.0,0.0,0.0
2024,ALWC2,garcima01,KCA,AL,2,6,1,1,0,0,0,0,2,0.0,1,2.0,0.0,0.0,0.0,0.0,0.0
2024,ALWC2,gourryu01,KCA,AL,2,7,0,1,0,0,0,0,0,0.0,1,1.0,0.0,0.0,0.0,0.0,1.0
2024,ALWC2,hampsga01,KCA,AL,2,0,0,0,0,0,0,0,0,1.0,0,0.0,0.0,0.0,0.0,0.0,0.0
2024,ALWC2,hendegu01,BAL,AL,2,7,0,0,0,0,0,0,0,0.0,2,4.0,0.0,0.0,0.0,0.0,0.0
2024,ALWC2,isbelky01,KCA,AL,2,5,1,1,0,0,0,0,0,0.0,1,0.0,0.0,1.0,0.0,0.0,0.0
2024,ALWC2,kjershe01,BAL,AL,2,2,0,0,0,0,0,0,0,0.0,0,1.0,0.0,0.0,0.0,0.0,0.0
2024,ALWC2,longsa01,KCA,AL,2,0,0,0,0,0,0,0,0,0.0,0,0.0,0.0,0.0,0.0,0.0,0.0
2024,ALWC2,lugose01,KCA,AL,1,0,0,0,0,0,0,0,0,0.0,0,0.0,0.0,0.0,0.0,0.0,0.0
2024,ALWC2,massemi02,KCA,AL,2,8,1,3,1,0,0,0,0,0.0,0,1.0,0.0,0.0,0.0,0.0,0.0
2024,ALWC2,mccanja02,BAL,AL,1,2,0,0,0,0,0,0,0,0.0,0,2.0,0.0,0.0,0.0,0.0,0.0
2024,ALWC2,melenmj01,KCA,AL,2,7,0,1,0,0,0,0,0,0.0,0,2.0,0.0,0.0,0.0,0.0,0.0
2024,ALWC2,mountry01,BAL,AL,2,7,0,0,0,0,0,0,0,0.0,0,4.0,0.0,0.0,0.0,0.0,0.0
2024,ALWC2,mullice01,BAL,AL,2,7,1,3,1,0,1,1,0,0.0,0,1.0,0.0,0.0,0.0,0.0,0.0
2024,ALWC2,ohearry01,BAL,AL,2,2,0,1,0,0,0,0,0,0.0,1,0.0,0.0,0.0,0.0,0.0,0.0
2024,ALWC2,pasquvi01,KCA,AL,2,7,0,2,0,0,0,1,0,0.0,2,2.0,0.0,0.0,0.0,0.0,0.0
2024,ALWC2,perezci01,BAL,AL,1,0,0,0,0,0,0,0,0,0.0,0,0.0,0.0,0.0,0.0,0.0,0.0
2024,ALWC2,perezsa02,KCA,AL,2,8,0,2,0,0,0,0,0,0.0,0,3.0,0.0,1.0,0.0,0.0,0.0
2024,ALWC2,phamth01,KCA,AL,2,4,0,0,0,0,0,0,0,0.0,0,1.0,0.0,0.0,0.0,0.0,0.0
2024,ALWC2,raganco01,KCA,AL,1,0,0,0,0,0,0,0,0,0.0,0,0.0,0.0,0.0,0.0,0.0,0.0
2024,ALWC2,renfrhu01,KCA,AL,1,3,0,0,0,0,0,0,0,0.0,1,1.0,0.0,0.0,0.0,0.0,0.0
2024,ALWC2,riverem01,BAL,AL,1,1,0,0,0,0,0,0,0,0.0,0,0.0,0.0,0.0,0.0,0.0,0.0
2024,ALWC2,rutscad01,BAL,AL,2,8,0,1,0,0,0,0,0,0.0,0,2.0,0.0,0.0,0.0,0.0,0.0
2024,ALWC2,santaan02,BAL,AL,2,8,0,1,0,0,0,0,0,0.0,0,2.0,0.0,0.0,0.0,0.0,0.0
2024,ALWC2,schrejo01,KCA,AL,1,0,0,0,0,0,0,0,0,0.0,0,0.0,0.0,0.0,0.0,0.0,0.0
2024,ALWC2,slateau01,BAL,AL,1,2,0,1,0,0,0,0,0,0.0,0,1.0,0.0,0.0,0.0,0.0,0.0
2024,ALWC2,sotogr01,BAL,AL,1,0,0,0,0,0,0,0,0,0.0,0,0.0,0.0,0.0,0.0,0.0,0.0
2024,ALWC2,uriasra01,BAL,AL,2,7,0,2,1,0,0,0,0,0.0,0,1.0,0.0,0.0,0.0,0.0,0.0
2024,ALWC2,webbja01,BAL,AL,1,0,0,0,0,0,0,0,0,0.0,0,0.0,0.0,0.0,0.0,0.0,0.0
2024,ALWC2,westbjo01,BAL,AL,2,6,0,1,0,0,0,0,0,0.0,1,1.0,0.0,1.0,0.0,0.0,0.0
2024,ALWC2,wittbo02,KCA,AL,2,9,0,3,0,0,0,2,0,1.0,0,1.0,0.0,0.0,0.0,0.0,0.0
2024,ALWC2,zerpaan01,KCA,AL,1,0,0,0,0,0,0,0,0,0.0,0,0.0,0.0,0.0,0.0,0.0,0.0
2024,NLCS,acunalu01,NYN,NL,3,1,0,0,0,0,0,0,0,0.0,0,0.0,0.0,0.0,0.0,0.0,0.0
2024,NLCS,alonspe01,NYN,NL,6,22,5,6,0,0,1,4,1,0.0,5,7.0,0.0,1.0,0.0,0.0,1.0
2024,NLCS,alvarfr01,NYN,NL,6,17,3,7,1,0,0,2,0,0.0,2,4.0,0.0,1.0,0.0,1.0,0.0
2024,NLCS,baderha01,NYN,NL,5,3,0,0,0,0,0,0,0,0.0,0,2.0,0.0,0.0,0.0,0.0,0.0
2024,NLCS,bandaan01,LAN,NL,3,0,0,0,0,0,0,0,0,0.0,0,0.0,0.0,0.0,0.0,0.0,0.0
2024,NLCS,barneau01,LAN,NL,1,0,0,0,0,0,0,0,0,0.0,0,0.0,0.0,0.0,0.0,0.0,0.0
2024,NLCS,bettsmo01,LAN,NL,6,26,6,9,4,0,2,9,2,0.0,5,5.0,0.0,0.0,0.0,0.0,0.0
2024,NLCS,brasiry01,LAN,NL,3,0,0,0,0,0,0,0,0,0.0,0,0.0,0.0,0.0,0.0,0.0,0.0
2024,NLCS,buehlwa01,LAN,NL,1,0,0,0,0,0,0,0,0,0.0,0,0.0,0.0,0.0,0.0,0.0,0.0
2024,NLCS,buttojo01,NYN,NL,3,0,0,0,0,0,0,0,0,0.0,0,0.0,0.0,0.0,0.0,0.0,0.0
2024,NLCS,caspabe01,LAN,NL,3,0,0,0,0,0,0,0,0,0.0,0,0.0,0.0,0.0,0.0,0.0,0.0
2024,NLCS,diazed04,NYN,NL,3,0,0,0,0,0,0,0,0,0.0,0,0.0,0.0,0.0,0.0,0.0,0.0
2024,NLCS,edmanto01,LAN,NL,6,27,5,11,3,0,1,11,1,0.0,0,4.0,0.0,0.0,1.0,1.0,0.0
2024,NLCS,flaheja01,LAN,NL,2,0,0,0,0,0,0,0,0,0.0,0,0.0,0.0,0.0,0.0,0.0,0.0
2024,NLCS,freemfr01,LAN,NL,4,18,1,3,0,0,0,1,0,0.0,1,4.0,0.0,0.0,0.0,0.0,0.0
2024,NLCS,garrere01,NYN,NL,4,0,0,0,0,0,0,0,0,0.0,0,0.0,0.0,0.0,0.0,0.0,0.0
2024,NLCS,henried01,LAN,NL,2,0,0,0,0,0,0,0,0,0.0,0,0.0,0.0,0.0,0.0,0.0,0.0
2024,NLCS,hernaen02,LAN,NL,6,24,6,7,0,0,1,4,0,0.0,3,6.0,0.0,1.0,0.0,0.0,1.0
2024,NLCS,hernate01,LAN,NL,6,22,4,2,0,0,0,1,0,0.0,7,9.0,0.0,0.0,0.0,1.0,0.0
2024,NLCS,honeybr01,LAN,NL,2,0,0,0,0,0,0,0,0,0.0,0,0.0,0.0,0.0,0.0,0.0,0.0
2024,NLCS,hudsoda01,LAN,NL,2,0,0,0,0,0,0,0,0,0.0,0,0.0,0.0,0.0,0.0,0.0,0.0
2024,NLCS,iglesjo01,NYN,NL,5,15,0,4,0,0,0,0,0,0.0,1,2.0,0.0,0.0,0.0,0.0,1.0
2024,NLCS,kiermke01,LAN,NL,4,2,2,0,0,0,0,0,0,0.0,0,1.0,0.0,0.0,0.0,0.0,0.0
2024,NLCS,knackla01,LAN,NL,1,0,0,0,0,0,0,0,0,0.0,0,0.0,0.0,0.0,0.0,0.0,0.0
2024,NLCS,kopecmi01,LAN,NL,2,0,0,0,0,0,0,0,0,0.0,0,0.0,0.0,0.0,0.0,0.0,0.0
2024,NLCS,lindofr01,NYN,NL,6,24,5,7,0,1,1,2,0,0.0,4,6.0,1.0,0.0,0.0,0.0,0.0
2024,NLCS,luxga01,LAN,NL,3,6,1,0,0,0,0,0,0,0.0,1,1.0,0.0,0.0,1.0,0.0,0.0
2024,NLCS,manaese01,NYN,NL,2,0,0,0,0,0,0,0,0,0.0,0,0.0,0.0,0.0,0.0,0.0,0.0
2024,NLCS,martest01,NYN,NL,6,27,2,9,4,0,0,4,0,0.0,0,5.0,0.0,1.0,0.0,0.0,0.0
2024,NLCS,martijd02,NYN,NL,2,4,0,0,0,0,0,0,0,0.0,4,3.0,0.0,0.0,0.0,0.0,0.0
2024,NLCS,matonph01,NYN,NL,3,0,0,0,0,0,0,0,0,0.0,0,0.0,0.0,0.0,0.0,0.0,0.0
2024,NLCS,mcneije01,NYN,NL,5,11,0,2,0,0,0,3,0,0.0,0,1.0,0.0,0.0,0.0,2.0,0.0
2024,NLCS,megilty01,NYN,NL,1,0,0,0,0,0,0,0,0,0.0,0,0.0,0.0,0.0,0.0,0.0,0.0
2024,NLCS,muncyma01,LAN,NL,6,15,5,5,0,0,2,4,2,0.0,11,4.0,0.0,1.0,0.0,0.0,0.0
2024,NLCS,nimmobr01,NYN,NL,6,24,1,4,0,0,0,2,0,0.0,3,6.0,0.0,0.0,0.0,0.0,0.0
2024,NLCS,ohtansh01,LAN,NL,6,22,9,8,0,0,2,6,0,1.0,9,7.0,0.0,0.0,0.0,0.0,0.0
2024,NLCS,pagesan01,LAN,NL,5,17,2,4,0,0,2,4,0,0.0,0,5.0,0.0,1.0,0.0,0.0,0.0
2024,NLCS,peterda01,NYN,NL,2,0,0,0,0,0,0,0,0,0.0,0,0.0,0.0,0.0,0.0,0.0,0.0
2024,NLCS,phillev01,LAN,NL,2,0,0,0,0,0,0,0,0,0.0,0,0.0,0.0,0.0,0.0,0.0,0.0
2024,NLCS,quintjo01,NYN,NL,1,0,0,0,0,0,0,0,0,0.0,0,0.0,0.0,0.0,0.0,0.0,0.0
2024,NLCS,sengako01,NYN,NL,2,0,0,0,0,0,0,0,0,0.0,0,0.0,0.0,0.0,0.0,0.0,0.0
2024,NLCS,severlu01,NYN,NL,1,0,0,0,0,0,0,0,0,0.0,0,0.0,0.0,0.0,0.0,0.0,0.0
2024,NLCS,smithwi05,LAN,NL,6,22,3,4,0,0,1,4,0,0.0,3,4.0,0.0,0.0,0.0,0.0,0.0
2024,NLCS,stanery01,NYN,NL,3,0,0,0,0,0,0,0,0,0.0,0,0.0,0.0,0.0,0.0,0.0,0.0
2024,NLCS,tayloch03,LAN,NL,4,8,2,3,0,0,0,0,1,0.0,2,1.0,0.0,0.0,1.0,0.0,0.0
2024,NLCS,tayloty01,NYN,NL,6,14,3,3,1,0,0,1,0,0.0,3,0.0,0.0,3.0,0.0,0.0,1.0
2024,NLCS,torrelu01,NYN,NL,1,1,0,0,0,0,0,0,0,0.0,0,0.0,0.0,0.0,0.0,0.0,0.0
2024,NLCS,treinbl01,LAN,NL,3,0,0,0,0,0,0,0,0,0.0,0,0.0,0.0,0.0,0.0,0.0,0.0
2024,NLCS,vientma01,NYN,NL,6,27,3,6,0,0,3,7,0,0.0,1,9.0,0.0,0.0,0.0,0.0,1.0
2024,NLCS,winkeje01,NYN,NL,5,13,4,5,0,1,0,1,0,0.0,5,3.0,0.0,1.0,0.0,0.0,0.0
2024,NLCS,yamamyo01,LAN,NL,1,0,0,0,0,0,0,0,0,0.0,0,0.0,0.0,0.0,0.0,0.0,0.0
2024,NLCS,youngda02,NYN,NL,2,0,0,0,0,0,0,0,0,0.0,0,0.0,0.0,0.0,0.0,0.0,0.0
2024,NLDS1,acunalu01,NYN,NL,3,2,0,0,0,0,0,0,0,0.0,0,2.0,0.0,0.0,0.0,0.0,0.0
2024,NLDS1,alonspe01,NYN,NL,4,13,3,4,1,0,2,3,1,0.0,4,6.0,0.0,0.0,0.0,1.0,0.0
2024,NLDS1,alvarfr01,NYN,NL,4,15,1,3,0,0,0,0,0,0.0,0,6.0,0.0,0.0,0.0,0.0,0.0
2024,NLDS1,alvarjo03,PHI,NL,1,0,0,0,0,0,0,0,0,0.0,0,0.0,0.0,0.0,0.0,0.0,0.0
2024,NLDS1,baderha01,NYN,NL,4,6,3,1,0,0,0,0,2,0.0,0,1.0,0.0,0.0,0.0,0.0,0.0
2024,NLDS1,banksta01,PHI,NL,1,0,0,0,0,0,0,0,0,0.0,0,0.0,0.0,0.0,0.0,0.0,0.0
2024,NLDS1,bohmal01,PHI,NL,4,13,0,1,0,0,0,0,0,0.0,1,0.0,0.0,0.0,0.0,0.0,0.0
2024,NLDS1,buttojo01,NYN,NL,1,0,0,0,0,0,0,0,0,0.0,0,0.0,0.0,0.0,0.0,0.0,0.0
2024,NLDS1,casteni01,PHI,NL,4,17,2,7,1,0,1,3,0,0.0,0,3.0,0.0,0.0,0.0,0.0,0.0
2024,NLDS1,clemeko01,PHI,NL,4,5,0,2,1,0,0,1,0,0.0,0,2.0,0.0,0.0,0.0,0.0,0.0
2024,NLDS1,diazed04,NYN,NL,2,0,0,0,0,0,0,0,0,0.0,0,0.0,0.0,0.0,0.0,0.0,0.0
2024,NLDS1,estevca01,PHI,NL,3,0,0,0,0,0,0,0,0,0.0,0,0.0,0.0,0.0,0.0,0.0,0.0
2024,NLDS1,garrere01,NYN,NL,2,0,0,0,0,0,0,0,0,0.0,0,0.0,0.0,0.0,0.0,0.0,0.0
2024,NLDS1,harpebr03,PHI,NL,4,12,3,4,2,0,1,3,0,0.0,5,5.0,0.0,0.0,0.0,0.0,0.0
2024,NLDS1,haysau01,PHI,NL,2,4,0,0,0,0,0,0,0,0.0,0,3.0,0.0,0.0,0.0,0.0,0.0
2024,NLDS1,hoffmje02,PHI,NL,3,0,0,0,0,0,0,0,0,0.0,0,0.0,0.0,0.0,0.0,0.0,0.0
2024,NLDS1,iglesjo01,NYN,NL,4,15,1,4,0,0,0,2,0,0.0,1,4.0,0.0,0.0,0.0,0.0,1.0
2024,NLDS1,kerkeor01,PHI,NL,4,0,0,0,0,0,0,0,0,0.0,0,0.0,0.0,0.0,0.0,0.0,0.0
2024,NLDS1,lindofr01,NYN,NL,4,18,4,5,2,0,1,5,0,0.0,2,6.0,0.0,0.0,0.0,0.0,0.0
2024,NLDS1,manaese01,NYN,NL,1,0,0,0,0,0,0,0,0,0.0,0,0.0,0.0,0.0,0.0,0.0,0.0
2024,NLDS1,marshbr02,PHI,NL,4,13,0,1,0,0,0,0,0,0.0,0,3.0,0.0,0.0,0.0,0.0,0.0
2024,NLDS1,martest01,NYN,NL,4,11,1,1,0,0,0,3,0,0.0,1,5.0,0.0,2.0,0.0,1.0,0.0
2024,NLDS1,martijd02,NYN,NL,4,9,1,3,0,0,0,1,0,0.0,1,2.0,0.0,0.0,0.0,0.0,1.0
2024,NLDS1,matonph01,NYN,NL,2,0,0,0,0,0,0,0,0,0.0,0,0.0,0.0,0.0,0.0,0.0,0.0
2024,NLDS1,megilty01,NYN,NL,1,0,0,0,0,0,0,0,0,0.0,0,0.0,0.0,0.0,0.0,0.0,0.0
2024,NLDS1,nimmobr01,NYN,NL,4,14,4,4,0,0,1,3,0,0.0,4,3.0,0.0,0.0,0.0,0.0,0.0
2024,NLDS1,nolaaa01,PHI,NL,1,0,0,0,0,0,0,0,0,0.0,0,0.0,0.0,0.0,0.0,0.0,0.0
2024,NLDS1,peterda01,NYN,NL,2,0,0,0,0,0,0,0,0,0.0,0,0.0,0.0,0.0,0.0,0.0,0.0
2024,NLDS1,quintjo01,NYN,NL,1,0,0,0,0,0,0,0,0,0.0,0,0.0,0.0,0.0,0.0,0.0,0.0
2024,NLDS1,realmjt01,PHI,NL,4,11,1,0,0,0,0,1,0,0.0,3,4.0,0.0,2.0,0.0,0.0,0.0
2024,NLDS1,rojasjo03,PHI,NL,3,5,0,1,0,0,0,0,1,0.0,1,1.0,0.0,0.0,0.0,0.0,0.0
2024,NLDS1,ruizjo01,PHI,NL,2,0,0,0,0,0,0,0,0,0.0,0,0.0,0.0,0.0,0.0,0.0,0.0
2024,NLDS1,sanchcr01,PHI,NL,1,0,0,0,0,0,0,0,0,0.0,0,0.0,0.0,0.0,0.0,0.0,0.0
2024,NLDS1,schwaky01,PHI,NL,4,16,2,2,0,0,1,1,0,0.0,2,6.0,0.0,1.0,0.0,0.0,1.0
2024,NLDS1,sengako01,NYN,NL,1,0,0,0,0,0,0,0,0,0.0,0,0.0,0.0,0.0,0.0,0.0,0.0
2024,NLDS1,severlu01,NYN,NL,1,0,0,0,0,0,0,0,0,0.0,0,0.0,0.0,0.0,0.0,0.0,0.0
2024,NLDS1,sosaed01,PHI,NL,2,4,1,1,0,0,0,0,0,0.0,0,2.0,0.0,1.0,0.0,0.0,0.0
2024,NLDS1,stanery01,NYN,NL,2,0,0,0,0,0,0,0,0,0.0,0,0.0,0.0,0.0,0.0,0.0,0.0
2024,NLDS1,stottbr01,PHI,NL,4,11,1,2,0,1,0,2,0,1.0,2,4.0,0.0,0.0,0.0,0.0,0.0
2024,NLDS1,strahma01,PHI,NL,3,0,0,0,0,0,0,0,0,0.0,0,0.0,0.0,0.0,0.0,0.0,0.0
2024,NLDS1,suarera01,PHI,NL,1,0,0,0,0,0,0,0,0,0.0,0,0.0,0.0,0.0,0.0,0.0,0.0
2024,NLDS1,tayloty01,NYN,NL,4,11,1,1,0,0,0,0,0,0.0,1,4.0,0.0,0.0,0.0,0.0,0.0
2024,NLDS1,torrelu01,NYN,NL,1,0,0,0,0,0,0,0,0,0.0,0,0.0,0.0,0.0,0.0,0.0,0.0
2024,NLDS1,turnetr01,PHI,NL,4,15,2,3,0,0,0,0,2,0.0,2,5.0,0.0,0.0,0.0,0.0,0.0
2024,NLDS1,vientma01,NYN,NL,4,16,3,9,2,0,2,5,0,0.0,2,5.0,0.0,0.0,0.0,0.0,0.0
2024,NLDS1,wheelza01,PHI,NL,1,0,0,0,0,0,0,0,0,0.0,0,0.0,0.0,0.0,0.0,0.0,0.0
2024,NLDS1,wilsowe01,PHI,NL,2,3,0,0,0,0,0,0,0,0.0,0,0.0,0.0,0.0,0.0,0.0,0.0
2024,NLDS1,winkeje01,NYN,NL,2,4,1,1,0,0,1,1,0,0.0,2,0.0,0.0,0.0,0.0,0.0,0.0
2024,NLDS2,adamja01,SDN,NL,3,0,0,0,0,0,0,0,0,0.0,0,0.0,0.0,0.0,0.0,0.0,0.0
2024,NLDS2,arraelu01,SDN,NL,5,22,2,4,0,0,0,0,0,0.0,0,1.0,0.0,0.0,0.0,0.0,1.0
2024,NLDS2,bandaan01,LAN,NL,3,0,0,0,0,0,0,0,0,0.0,0,0.0,0.0,0.0,0.0,0.0,0.0
2024,NLDS2,bettsmo01,LAN,NL,5,18,4,4,0,0,2,3,0,0.0,3,3.0,2.0,0.0,0.0,0.0,0.0
2024,NLDS2,bogaexa01,SDN,NL,5,17,2,4,1,0,1,4,0,0.0,2,3.0,0.0,0.0,0.0,0.0,0.0
2024,NLDS2,brasiry01,LAN,NL,3,0,0,0,0,0,0,0,0,0.0,0,0.0,0.0,0.0,0.0,0.0,0.0
2024,NLDS2,buehlwa01,LAN,NL,1,0,0,0,0,0,0,0,0,0.0,0,0.0,0.0,0.0,0.0,0.0,0.0
2024,NLDS2,ceasedy01,SDN,NL,2,0,0,0,0,0,0,0,0,0.0,0,0.0,0.0,0.0,0.0,0.0,0.0
2024,NLDS2,croneja01,SDN,NL,5,16,1,3,0,1,0,0,0,0.0,2,5.0,0.0,0.0,0.0,0.0,0.0
2024,NLDS2,darviyu01,SDN,NL,2,0,0,0,0,0,0,0,0,0.0,0,0.0,0.0,0.0,0.0,0.0,0.0
2024,NLDS2,diazel01,SDN,NL,1,1,0,0,0,0,0,0,0,0.0,0,1.0,0.0,0.0,0.0,0.0,0.0
2024,NLDS2,edmanto01,LAN,NL,5,17,1,4,0,0,0,1,2,0.0,0,2.0,0.0,0.0,1.0,0.0,1.0
2024,NLDS2,estraje01,SDN,NL,3,0,0,0,0,0,0,0,0,0.0,0,0.0,0.0,0.0,0.0,0.0,0.0
2024,NLDS2,flaheja01,LAN,NL,1,0,0,0,0,0,0,0,0,0.0,0,0.0,0.0,0.0,0.0,0.0,0.0
2024,NLDS2,freemfr01,LAN,NL,4,14,0,4,0,0,0,0,1,0.0,0,2.0,0.0,0.0,0.0,0.0,0.0
2024,NLDS2,grovemi01,LAN,NL,1,0,0,0,0,0,0,0,0,0.0,0,0.0,0.0,0.0,0.0,0.0,0.0
2024,NLDS2,henried01,LAN,NL,1,0,0,0,0,0,0,0,0,0.0,0,0.0,0.0,0.0,0.0,0.0,0.0
2024,NLDS2,hernaen02,LAN,NL,3,9,2,3,0,0,1,1,0,0.0,0,2.0,0.0,0.0,0.0,0.0,0.0
2024,NLDS2,hernate01,LAN,NL,5,18,3,6,0,0,2,7,1,0.0,2,4.0,0.0,0.0,0.0,0.0,0.0
2024,NLDS2,higasky01,SDN,NL,5,14,1,3,1,0,1,2,0,0.0,0,3.0,0.0,0.0,0.0,1.0,0.0
2024,NLDS2,hoeinbr01,SDN,NL,2,0,0,0,0,0,0,0,0,0.0,0,0.0,0.0,0.0,0.0,0.0,0.0
2024,NLDS2,hudsoda01,LAN,NL,3,0,0,0,0,0,0,0,0,0.0,0,0.0,0.0,0.0,0.0,0.0,0.0
2024,NLDS2,jacobal01,SDN,NL,2,0,0,0,0,0,0,0,0,0.0,0,0.0,0.0,0.0,0.0,0.0,0.0
2024,NLDS2,kingmi01,SDN,NL,1,0,0,0,0,0,0,0,0,0.0,0,0.0,0.0,0.0,0.0,0.0,0.0
2024,NLDS2,knackla01,LAN,NL,1,0,0,0,0,0,0,0,0,0.0,0,0.0,0.0,0.0,0.0,0.0,0.0
2024,NLDS2,kopecmi01,LAN,NL,4,0,0,0,0,0,0,0,0,0.0,0,0.0,0.0,0.0,0.0,0.0,0.0
2024,NLDS2,lockrbr01,SDN,NL,2,0,0,0,0,0,0,0,0,0.0,0,0.0,0.0,0.0,0.0,0.0,0.0
2024,NLDS2,luxga01,LAN,NL,5,18,3,5,0,0,1,3,0,0.0,1,2.0,0.0,0.0,0.0,1.0,0.0
2024,NLDS2,machama01,SDN,NL,5,21,3,4,0,0,1,2,0,0.0,0,6.0,0.0,0.0,0.0,0.0,1.0
2024,NLDS2,matsuyu01,SDN,NL,1,0,0,0,0,0,0,0,0,0.0,0,0.0,0.0,0.0,0.0,0.0,0.0
2024,NLDS2,merrija01,SDN,NL,5,17,4,3,0,0,1,3,0,0.0,3,5.0,1.0,0.0,0.0,0.0,0.0
2024,NLDS2,morejad01,SDN,NL,2,0,0,0,0,0,0,0,0,0.0,0,0.0,0.0,0.0,0.0,0.0,0.0
2024,NLDS2,muncyma01,LAN,NL,5,18,3,3,1,0,1,1,0,0.0,1,6.0,0.0,1.0,0.0,0.0,0.0
2024,NLDS2,ohtansh01,LAN,NL,5,20,3,4,0,0,1,4,0,0.0,2,10.0,0.0,0.0,0.0,0.0,0.0
2024,NLDS2,pagesan01,LAN,NL,3,2,1,0,0,0,0,0,0,0.0,0,1.0,0.0,0.0,0.0,0.0,0.0
2024,NLDS2,peralda01,SDN,NL,5,13,2,4,1,0,1,4,0,0.0,0,1.0,0.0,0.0,0.0,0.0,0.0
2024,NLDS2,peralwa01,SDN,NL,1,0,0,0,0,0,0,0,0,0.0,0,0.0,0.0,0.0,0.0,0.0,0.0
2024,NLDS2,phillev01,LAN,NL,3,0,0,0,0,0,0,0,0,0.0,0,0.0,0.0,0.0,0.0,0.0,0.0
2024,NLDS2,profaju01,SDN,NL,5,18,0,4,0,0,0,1,0,0.0,3,3.0,0.0,0.0,0.0,0.0,0.0
2024,NLDS2,rojasmi02,LAN,NL,3,8,0,2,0,0,0,0,0,0.0,0,0.0,0.0,0.0,0.0,0.0,0.0
2024,NLDS2,scottta01,SDN,NL,4,0,0,0,0,0,0,0,0,0.0,0,0.0,0.0,0.0,0.0,0.0,0.0
2024,NLDS2,smithwi05,LAN,NL,5,16,4,2,0,0,1,2,1,0.0,4,2.0,0.0,0.0,0.0,0.0,1.0
2024,NLDS2,solando01,SDN,NL,3,7,0,0,0,0,0,0,0,0.0,0,2.0,0.0,0.0,0.0,0.0,0.0
2024,NLDS2,suarero01,SDN,NL,1,0,0,0,0,0,0,0,0,0.0,0,0.0,0.0,0.0,0.0,0.0,0.0
2024,NLDS2,tatisfe02,SDN,NL,5,20,6,7,3,0,3,5,0,0.0,1,2.0,0.0,1.0,0.0,0.0,1.0
2024,NLDS2,tayloch03,LAN,NL,4,4,0,0,0,0,0,0,0,0.0,0,4.0,0.0,0.0,0.0,0.0,0.0
2024,NLDS2,treinbl01,LAN,NL,3,0,0,0,0,0,0,0,0,0.0,0,0.0,0.0,0.0,0.0,0.0,0.0
2024,NLDS2,vesiaal01,LAN,NL,3,0,0,0,0,0,0,0,0,0.0,0,0.0,0.0,0.0,0.0,0.0,0.0
2024,NLDS2,wadety01,SDN,NL,1,0,0,0,0,0,0,0,0,0.0,0,0.0,0.0,0.0,0.0,0.0,0.0
2024,NLDS2,yamamyo01,LAN,NL,2,0,0,0,0,0,0,0,0,0.0,0,0.0,0.0,0.0,0.0,0.0,0.0
2024,NLWC1,acunalu01,NYN,NL,3,0,0,0,0,0,0,0,0,0.0,0,0.0,0.0,0.0,0.0,0.0,0.0
2024,NLWC1,adamewi01,MIL,NL,3,11,1,2,0,0,0,0,1,0.0,1,3.0,0.0,0.0,0.0,0.0,0.0
2024,NLWC1,alonspe01,NYN,NL,3,9,2,2,0,0,1,3,0,0.0,3,2.0,1.0,0.0,0.0,0.0,1.0
2024,NLWC1,alvarfr01,NYN,NL,3,11,0,1,0,0,0,1,0,0.0,0,3.0,0.0,0.0,0.0,0.0,1.0
2024,NLWC1,ashbyaa01,MIL,NL,1,0,0,0,0,0,0,0,0,0.0,0,0.0,0.0,0.0,0.0,0.0,0.0
2024,NLWC1,baderha01,NYN,NL,3,0,0,0,0,0,0,0,0,0.0,0,0.0,0.0,0.0,0.0,0.0,0.0
2024,NLWC1,bauerja01,MIL,NL,2,6,1,2,0,0,1,1,0,0.0,0,3.0,0.0,0.0,0.0,0.0,0.0
2024,NLWC1,buttojo01,NYN,NL,2,0,0,0,0,0,0,0,0,0.0,0,0.0,0.0,0.0,0.0,0.0,0.0
2024,NLWC1,chourja01,MIL,NL,3,11,3,5,0,0,2,3,1,0.0,1,1.0,0.0,0.0,0.0,0.0,0.0
2024,NLWC1,civalaa01,MIL,NL,1,0,0,0,0,0,0,0,0,0.0,0,0.0,0.0,0.0,0.0,0.0,0.0
2024,NLWC1,contrwi02,MIL,NL,3,12,0,2,0,0,0,2,0,0.0,0,3.0,0.0,0.0,0.0,0.0,1.0
2024,NLWC1,diazed04,NYN,NL,1,0,0,0,0,0,0,0,0,0.0,0,0.0,0.0,0.0,0.0,0.0,0.0
2024,NLWC1,frelisa01,MIL,NL,3,11,2,4,1,0,1,1,0,0.0,0,1.0,0.0,0.0,0.0,0.0,0.0
2024,NLWC1,garrere01,NYN,NL,1,0,0,0,0,0,0,0,0,0.0,0,0.0,0.0,0.0,0.0,0.0,0.0
2024,NLWC1,hoskirh01,MIL,NL,3,9,0,0,0,0,0,1,0,0.0,0,3.0,0.0,1.0,0.0,0.0,1.0
2024,NLWC1,iglesjo01,NYN,NL,3,14,2,2,0,0,0,1,0,0.0,0,3.0,0.0,0.0,0.0,0.0,0.0
2024,NLWC1,koenija01,MIL,NL,1,0,0,0,0,0,0,0,0,0.0,0,0.0,0.0,0.0,0.0,0.0,0.0
2024,NLWC1,lindofr01,NYN,NL,3,9,2,2,1,0,0,1,0,0.0,4,1.0,1.0,0.0,0.0,1.0,0.0
2024,NLWC1,manaese01,NYN,NL,1,0,0,0,0,0,0,0,0,0.0,0,0.0,0.0,0.0,0.0,0.0,0.0
2024,NLWC1,martest01,NYN,NL,3,9,1,3,0,0,0,2,1,0.0,2,1.0,0.0,0.0,0.0,1.0,0.0
2024,NLWC1,martijd02,NYN,NL,2,5,0,1,0,0,0,2,0,0.0,1,2.0,0.0,0.0,0.0,0.0,0.0
2024,NLWC1,matonph01,NYN,NL,1,0,0,0,0,0,0,0,0,0.0,0,0.0,0.0,0.0,0.0,0.0,0.0
2024,NLWC1,mearsni01,MIL,NL,2,0,0,0,0,0,0,0,0,0.0,0,0.0,0.0,0.0,0.0,0.0,0.0
2024,NLWC1,megiltr01,MIL,NL,2,0,0,0,0,0,0,0,0,0.0,0,0.0,0.0,0.0,0.0,0.0,0.0
2024,NLWC1,mitchga01,MIL,NL,2,4,1,1,0,0,1,2,0,1.0,1,1.0,0.0,0.0,0.0,0.0,0.0
2024,NLWC1,montafr01,MIL,NL,1,0,0,0,0,0,0,0,0,0.0,0,0.0,0.0,0.0,0.0,0.0,0.0
2024,NLWC1,myersto01,MIL,NL,1,0,0,0,0,0,0,0,0,0.0,0,0.0,0.0,0.0,0.0,0.0,0.0
2024,NLWC1,nimmobr01,NYN,NL,3,12,2,3,0,0,0,1,0,0.0,0,2.0,0.0,1.0,0.0,0.0,0.0
2024,NLWC1,ortizjo06,MIL,NL,3,11,0,0,0,0,0,0,0,0.0,0,2.0,0.0,0.0,0.0,0.0,0.0
2024,NLWC1,payamjo01,MIL,NL,2,0,0,0,0,0,0,0,0,0.0,0,0.0,0.0,0.0,0.0,0.0,0.0
2024,NLWC1,peralfr01,MIL,NL,2,0,0,0,0,0,0,0,0,0.0,0,0.0,0.0,0.0,0.0,0.0,0.0
2024,NLWC1,perkibl01,MIL,NL,2,6,0,3,0,0,0,1,1,0.0,1,1.0,0.0,0.0,0.0,1.0,0.0
2024,NLWC1,peterda01,NYN,NL,1,0,0,0,0,0,0,0,0,0.0,0,0.0,0.0,0.0,0.0,0.0,0.0
2024,NLWC1,quintjo01,NYN,NL,1,0,0,0,0,0,0,0,0,0.0,0,0.0,0.0,0.0,0.0,0.0,0.0
2024,NLWC1,rossjo01,MIL,NL,2,0,0,0,0,0,0,0,0,0.0,0,0.0,0.0,0.0,0.0,0.0,0.0
2024,NLWC1,sanchga02,MIL,NL,2,7,0,2,1,0,0,0,0,0.0,0,2.0,0.0,0.0,0.0,0.0,0.0
2024,NLWC1,severlu01,NYN,NL,1,0,0,0,0,0,0,0,0,0.0,0,0.0,0.0,0.0,0.0,0.0,0.0
2024,NLWC1,stanery01,NYN,NL,2,0,0,0,0,0,0,0,0,0.0,0,0.0,0.0,0.0,0.0,0.0,0.0
2024,NLWC1,tayloty01,NYN,NL,3,12,2,2,1,0,0,0,0,0.0,0,4.0,0.0,0.0,0.0,0.0,0.0
2024,NLWC1,turanbr02,MIL,NL,3,11,3,5,3,0,0,0,2,0.0,1,1.0,0.0,0.0,0.0,0.0,1.0
2024,NLWC1,vientma01,NYN,NL,3,12,2,3,0,0,0,2,0,0.0,0,5.0,0.0,0.0,0.0,0.0,0.0
2024,NLWC1,willide03,MIL,NL,2,0,0,0,0,0,0,0,0,0.0,0,0.0,0.0,0.0,0.0,0.0,0.0
2024,NLWC1,winkeje01,NYN,NL,3,5,2,1,0,1,0,2,1,0.0,0,1.0,0.0,2.0,0.0,0.0,0.0
2024,NLWC2,adamja01,SDN,NL,2,0,0,0,0,0,0,0,0,0.0,0,0.0,0.0,0.0,0.0,0.0,0.0
2024,NLWC2,albieoz01,ATL,NL,2,8,0,1,0,0,0,0,1,0.0,0,4.0,0.0,0.0,0.0,0.0,0.0
2024,NLWC2,arciaor01,ATL,NL,2,6,1,1,0,0,0,0,0,0.0,0,2.0,0.0,0.0,0.0,0.0,0.0
2024,NLWC2,arraelu01,SDN,NL,2,9,2,3,0,0,0,0,0,0.0,0,0.0,0.0,0.0,0.0,0.0,1.0
2024,NLWC2,bogaexa01,SDN,NL,2,7,0,0,0,0,0,0,0,0.0,0,0.0,0.0,0.0,0.0,0.0,0.0
2024,NLWC2,bummeaa01,ATL,NL,1,0,0,0,0,0,0,0,0,0.0,0,0.0,0.0,0.0,0.0,0.0,0.0
2024,NLWC2,chaveje01,ATL,NL,1,0,0,0,0,0,0,0,0,0.0,0,0.0,0.0,0.0,0.0,0.0,0.0
2024,NLWC2,croneja01,SDN,NL,2,6,1,0,0,0,0,0,0,0.0,0,4.0,0.0,1.0,0.0,0.0,0.0
2024,NLWC2,darnatr01,ATL,NL,2,5,0,1,1,0,0,0,0,0.0,0,1.0,0.0,0.0,0.0,0.0,0.0
2024,NLWC2,estraje01,SDN,NL,1,0,0,0,0,0,0,0,0,0.0,0,0.0,0.0,0.0,0.0,0.0,0.0
2024,NLWC2,friedma01,ATL,NL,1,0,0,0,0,0,0,0,0,0.0,0,0.0,0.0,0.0,0.0,0.0,0.0
2024,NLWC2,harrimi04,ATL,NL,2,8,2,5,1,0,1,2,0,0.0,0,1.0,0.0,0.0,0.0,0.0,0.0
2024,NLWC2,hernada03,ATL,NL,1,0,0,0,0,0,0,0,0,0.0,0,0.0,0.0,0.0,0.0,0.0,0.0
2024,NLWC2,higasky01,SDN,NL,2,5,2,2,0,0,2,3,0,0.0,1,0.0,0.0,0.0,0.0,1.0,0.0
2024,NLWC2,hoeinbr01,SDN,NL,1,0,0,0,0,0,0,0,0,0.0,0,0.0,0.0,0.0,0.0,0.0,0.0
2024,NLWC2,jackslu01,ATL,NL,1,0,0,0,0,0,0,0,0,0.0,0,0.0,0.0,0.0,0.0,0.0,0.0
2024,NLWC2,jimenjo02,ATL,NL,1,0,0,0,0,0,0,0,0,0.0,0,0.0,0.0,0.0,0.0,0.0,0.0
2024,NLWC2,johnspi01,ATL,NL,1,0,0,0,0,0,0,0,0,0.0,0,0.0,0.0,0.0,0.0,0.0,0.0
2024,NLWC2,kingmi01,SDN,NL,1,0,0,0,0,0,0,0,0,0.0,0,0.0,0.0,0.0,0.0,0.0,0.0
2024,NLWC2,laurera01,ATL,NL,2,8,0,0,0,0,0,0,0,0.0,0,4.0,0.0,0.0,0.0,0.0,0.0
2024,NLWC2,leedy01,ATL,NL,1,0,0,0,0,0,0,0,0,0.0,0,0.0,0.0,0.0,0.0,0.0,0.0
2024,NLWC2,machama01,SDN,NL,2,7,1,1,1,0,0,2,0,0.0,0,3.0,0.0,0.0,0.0,0.0,1.0
2024,NLWC2,merrija01,SDN,NL,2,7,0,3,1,1,0,2,0,0.0,0,1.0,0.0,0.0,0.0,0.0,0.0
2024,NLWC2,murphse01,ATL,NL,1,3,0,0,0,0,0,0,0,0.0,0,2.0,0.0,0.0,0.0,0.0,0.0
2024,NLWC2,musgrjo01,SDN,NL,1,0,0,0,0,0,0,0,0,0.0,0,0.0,0.0,0.0,0.0,0.0,0.0
2024,NLWC2,olsonma02,ATL,NL,2,8,0,1,0,0,0,0,0,0.0,0,1.0,0.0,0.0,0.0,0.0,0.0
2024,NLWC2,ozunama01,ATL,NL,2,7,0,2,0,0,0,1,0,0.0,0,4.0,0.0,0.0,0.0,1.0,0.0
2024,NLWC2,profaju01,SDN,NL,2,7,1,1,0,0,0,0,0,0.0,0,1.0,0.0,0.0,0.0,0.0,0.0
2024,NLWC2,scottta01,SDN,NL,1,0,0,0,0,0,0,0,0,0.0,0,0.0,0.0,0.0,0.0,0.0,0.0
2024,NLWC2,smithaj01,ATL,NL,1,0,0,0,0,0,0,0,0,0.0,0,0.0,0.0,0.0,0.0,0.0,0.0
2024,NLWC2,solando01,SDN,NL,2,7,0,1,0,0,0,0,0,0.0,0,2.0,0.0,0.0,0.0,0.0,0.0
2024,NLWC2,solerjo01,ATL,NL,2,7,1,2,0,0,1,1,0,0.0,1,2.0,0.0,0.0,0.0,0.0,0.0
2024,NLWC2,suarero01,SDN,NL,2,0,0,0,0,0,0,0,0,0.0,0,0.0,0.0,0.0,0.0,0.0,0.0
2024,NLWC2,tatisfe02,SDN,NL,2,6,2,4,0,0,1,2,0,0.0,2,0.0,0.0,0.0,0.0,0.0,0.0
2024,NLWC2,urshegi01,ATL,NL,2,6,0,0,0,0,0,0,0,0.0,0,2.0,0.0,0.0,0.0,0.0,0.0
2024,NLWC2,whiteel04,ATL,NL,1,0,0,0,0,0,0,0,0,0.0,0,0.0,0.0,0.0,0.0,0.0,0.0
2024,WS,bandaan01,LAN,NL,4,0,0,0,0,0,0,0,0,0.0,0,0.0,0.0,0.0,0.0,0.0,0.0
2024,WS,bettsmo01,LAN,NL,5,18,4,5,1,0,0,4,0,0.0,3,2.0,1.0,0.0,0.0,2.0,1.0
2024,WS,brasiry01,LAN,NL,2,0,0,0,0,0,0,0,0,0.0,0,0.0,0.0,0.0,0.0,0.0,0.0
2024,WS,buehlwa01,LAN,NL,2,0,0,0,0,0,0,0,0,0.0,0,0.0,0.0,0.0,0.0,0.0,0.0
2024,WS,cabreos01,NYA,AL,2,0,0,0,0,0,0,0,0,0.0,0,0.0,0.0,0.0,0.0,0.0,0.0
2024,WS,caspabe01,LAN,NL,1,0,0,0,0,0,0,0,0,0.0,0,0.0,0.0,0.0,0.0,0.0,0.0
2024,WS,chishja01,NYA,AL,5,21,3,5,0,0,1,1,4,0.0,2,3.0,0.0,0.0,0.0,0.0,0.0
2024,WS,colege01,NYA,AL,2,0,0,0,0,0,0,0,0,0.0,0,0.0,0.0,0.0,0.0,0.0,0.0
2024,WS,cortene01,NYA,AL,2,0,0,0,0,0,0,0,0,0.0,0,0.0,0.0,0.0,0.0,0.0,0.0
2024,WS,cousija01,NYA,AL,3,0,0,0,0,0,0,0,0,0.0,0,0.0,0.0,0.0,0.0,0.0,0.0
2024,WS,dominja01,NYA,AL,1,0,0,0,0,0,0,0,0,0.0,0,0.0,0.0,0.0,0.0,0.0,0.0
2024,WS,edmanto01,LAN,NL,5,17,6,5,2,0,1,1,2,0.0,3,4.0,0.0,0.0,0.0,0.0,0.0
2024,WS,flaheja01,LAN,NL,2,0,0,0,0,0,0,0,0,0.0,0,0.0,0.0,0.0,0.0,0.0,0.0
2024,WS,freemfr01,LAN,NL,5,20,5,6,0,1,4,12,0,0.0,2,1.0,0.0,0.0,0.0,0.0,0.0
2024,WS,gillu01,NYA,AL,1,0,0,0,0,0,0,0,0,0.0,0,0.0,0.0,0.0,0.0,0.0,0.0
2024,WS,gratebr01,LAN,NL,3,0,0,0,0,0,0,0,0,0.0,0,0.0,0.0,0.0,0.0,0.0,0.0
2024,WS,hernaen02,LAN,NL,5,18,3,5,0,1,0,1,0,1.0,1,3.0,0.0,0.0,1.0,0.0,0.0
2024,WS,hernate01,LAN,NL,5,20,1,7,1,0,1,4,0,0.0,1,2.0,0.0,0.0,0.0,0.0,0.0
2024,WS,hillti01,NYA,AL,3,0,0,0,0,0,0,0,0,0.0,0,0.0,0.0,0.0,0.0,0.0,0.0
2024,WS,holmecl01,NYA,AL,5,0,0,0,0,0,0,0,0,0.0,0,0.0,0.0,0.0,0.0,0.0,0.0
2024,WS,honeybr01,LAN,NL,1,0,0,0,0,0,0,0,0,0.0,0,0.0,0.0,0.0,0.0,0.0,0.0
2024,WS,hudsoda01,LAN,NL,2,0,0,0,0,0,0,0,0,0.0,0,0.0,0.0,0.0,0.0,0.0,0.0
2024,WS,judgeaa01,NYA,AL,5,18,2,4,1,0,1,3,1,0.0,4,7.0,0.0,1.0,0.0,0.0,0.0
2024,WS,kahnlto01,NYA,AL,3,0,0,0,0,0,0,0,0,0.0,0,0.0,0.0,0.0,0.0,0.0,0.0
2024,WS,knackla01,LAN,NL,1,0,0,0,0,0,0,0,0,0.0,0,0.0,0.0,0.0,0.0,0.0,0.0
2024,WS,kopecmi01,LAN,NL,4,0,0,0,0,0,0,0,0,0.0,0,0.0,0.0,0.0,0.0,0.0,0.0
2024,WS,leitema02,NYA,AL,4,0,0,0,0,0,0,0,0,0.0,0,0.0,0.0,0.0,0.0,0.0,0.0
2024,WS,luxga01,LAN,NL,4,10,1,1,1,0,0,1,1,0.0,3,3.0,0.0,1.0,0.0,1.0,0.0
2024,WS,mayzati01,NYA,AL,1,0,0,0,0,0,0,0,0,0.0,0,0.0,0.0,0.0,0.0,0.0,0.0
2024,WS,muncyma01,LAN,NL,5,16,0,0,0,0,0,0,0,0.0,3,10.0,0.0,1.0,0.0,0.0,1.0
2024,WS,ohtansh01,LAN,NL,5,19,2,2,1,0,0,0,0,1.0,2,5.0,0.0,1.0,0.0,0.0,0.0
2024,WS,rizzoan01,NYA,AL,5,16,1,2,0,0,0,0,0,0.0,4,7.0,1.0,2.0,0.0,0.0,0.0
2024,WS,rodonca01,NYA,AL,1,0,0,0,0,0,0,0,0,0.0,0,0.0,0.0,0.0,0.0,0.0,0.0
2024,WS,rojasmi02,LAN,NL,1,3,0,0,0,0,0,0,0,0.0,0,1.0,0.0,0.0,0.0,0.0,0.0
2024,WS,schmicl01,NYA,AL,1,0,0,0,0,0,0,0,0,0.0,0,0.0,0.0,0.0,0.0,0.0,0.0
2024,WS,smithwi05,LAN,NL,5,18,2,2,1,0,1,2,0,0.0,1,3.0,0.0,0.0,0.0,1.0,0.0
2024,WS,sotoju01,NYA,AL,5,16,6,5,1,0,1,1,0,0.0,7,2.0,1.0,0.0,0.0,0.0,1.0
2024,WS,stantmi03,NYA,AL,5,21,3,5,1,0,2,5,0,0.0,1,4.0,0.0,0.0,0.0,1.0,0.0
2024,WS,tayloch03,LAN,NL,5,1,1,0,0,0,0,0,0,0.0,0,0.0,0.0,0.0,0.0,0.0,0.0
2024,WS,torregl01,NYA,AL,5,21,1,3,1,0,1,3,0,0.0,3,2.0,0.0,0.0,0.0,0.0,1.0
2024,WS,treinbl01,LAN,NL,3,0,0,0,0,0,0,0,0,0.0,0,0.0,0.0,0.0,0.0,0.0,0.0
2024,WS,trevijo01,NYA,AL,2,3,0,0,0,0,0,0,0,0.0,0,1.0,0.0,0.0,0.0,0.0,0.0
2024,WS,verdual01,NYA,AL,5,17,2,4,0,0,1,5,0,0.0,3,4.0,0.0,0.0,0.0,0.0,0.0
2024,WS,vesiaal01,LAN,NL,4,0,0,0,0,0,0,0,0,0.0,0,0.0,0.0,0.0,0.0,0.0,0.0
2024,WS,volpean01,NYA,AL,5,20,4,5,2,0,1,5,3,0.0,2,7.0,1.0,0.0,0.0,0.0,0.0
2024,WS,weavelu01,NYA,AL,4,0,0,0,0,0,0,0,0,0.0,0,0.0,0.0,0.0,0.0,0.0,0.0
2024,WS,wellsau01,NYA,AL,5,17,2,3,1,0,1,1,1,0.0,1,7.0,0.0,1.0,0.0,0.0,0.0
2024,WS,yamamyo01,LAN,NL,1,0,0,0,0,0,0,0,0,0.0,0,0.0,0.0,0.0,0.0,0.0,0.0
2025,ALCS,arozara01,SEA,AL,7,25,7,5,0,0,1,1,4,0.0,3,11.0,0.0,2.0,0.0,0.0,0.0
2025,ALCS,bargead01,TOR,AL,7,23,4,6,1,0,2,4,0,0.0,5,3.0,0.0,0.0,0.0,0.0,0.0
2025,ALCS,bassich01,TOR,AL,2,0,0,0,0,0,0,0,0,0.0,0,0.0,0.0,0.0,0.0,0.0,0.0
2025,ALCS,bazared01,SEA,AL,4,0,0,0,0,0,0,0,0,0.0,0,0.0,0.0,0.0,0.0,0.0,0.0
2025,ALCS,biebesh01,TOR,AL,2,0,0,0,0,0,0,0,0,0.0,0,0.0,0.0,0.0,0.0,0.0,0.0
2025,ALCS,brashma01,SEA,AL,4,0,0,0,0,0,0,0,0,0.0,0,0.0,0.0,0.0,0.0,0.0,0.0
2025,ALCS,canzodo01,SEA,AL,7,22,0,2,0,0,0,0,0,0.0,0,8.0,0.0,0.0,0.0,0.0,1.0
2025,ALCS,castilu02,SEA,AL,1,0,0,0,0,0,0,0,0,0.0,0,0.0,0.0,0.0,0.0,0.0,0.0
2025,ALCS,clemeer01,TOR,AL,7,28,5,9,2,1,0,2,0,0.0,1,2.0,0.0,0.0,0.0,0.0,1.0
2025,ALCS,crawfjp01,SEA,AL,7,21,0,3,1,0,0,2,0,0.0,3,2.0,0.0,0.0,1.0,1.0,1.0
2025,ALCS,dominse01,TOR,AL,4,0,0,0,0,0,0,0,0,0.0,0,0.0,0.0,0.0,0.0,0.0,0.0
2025,ALCS,ferguca01,SEA,AL,1,0,0,0,0,0,0,0,0,0.0,0,0.0,0.0,0.0,0.0,0.0,0.0
2025,ALCS,fishebr02,TOR,AL,2,0,0,0,0,0,0,0,0,0.0,0,0.0,0.0,0.0,0.0,0.0,0.0
2025,ALCS,fluhama01,TOR,AL,4,0,0,0,0,0,0,0,0,0.0,0,0.0,0.0,0.0,0.0,0.0,0.0
2025,ALCS,fordha01,SEA,AL,1,1,0,1,0,0,0,0,0,0.0,0,0.0,0.0,0.0,0.0,0.0,0.0
2025,ALCS,garvemi01,SEA,AL,2,2,0,1,0,1,0,0,0,0.0,0,0.0,0.0,0.0,0.0,0.0,0.0
2025,ALCS,gausmke01,TOR,AL,3,0,0,0,0,0,0,0,0,0.0,0,0.0,0.0,0.0,0.0,0.0,0.0
2025,ALCS,gilbelo01,SEA,AL,2,0,0,0,0,0,0,0,0,0.0,0,0.0,0.0,0.0,0.0,0.0,0.0
2025,ALCS,gimenan01,TOR,AL,7,23,3,6,0,0,2,6,0,0.0,2,4.0,0.0,0.0,2.0,0.0,0.0
2025,ALCS,guerrvl02,TOR,AL,7,26,6,10,3,0,3,3,0,0.0,4,2.0,3.0,1.0,0.0,0.0,0.0
2025,ALCS,hancoem01,SEA,AL,2,0,0,0,0,0,0,0,0,0.0,0,0.0,0.0,0.0,0.0,0.0,0.0
2025,ALCS,heinety01,TOR,AL,1,0,0,0,0,0,0,0,0,0.0,0,0.0,0.0,0.0,0.0,0.0,0.0
2025,ALCS,hoffmje02,TOR,AL,4,0,0,0,0,0,0,0,0,0.0,0,0.0,0.0,0.0,0.0,0.0,0.0
2025,ALCS,jackslu01,SEA,AL,1,0,0,0,0,0,0,0,0,0.0,0,0.0,0.0,0.0,0.0,0.0,0.0
2025,ALCS,kineris01,TOR,AL,5,15,3,5,2,0,0,1,0,0.0,0,0.0,0.0,0.0,1.0,0.0,0.0
2025,ALCS,kirbyge01,SEA,AL,2,0,0,0,0,0,0,0,0,0.0,0,0.0,0.0,0.0,0.0,0.0,0.0
2025,ALCS,kirkal01,TOR,AL,7,27,3,6,1,0,1,4,0,0.0,4,6.0,0.0,0.0,0.0,0.0,0.0
2025,ALCS,lauerer01,TOR,AL,1,0,0,0,0,0,0,0,0,0.0,0,0.0,0.0,0.0,0.0,0.0,0.0
2025,ALCS,littlbr02,TOR,AL,2,0,0,0,0,0,0,0,0,0.0,0,0.0,0.0,0.0,0.0,0.0,0.0
2025,ALCS,loperjo01,TOR,AL,1,1,0,0,0,0,0,0,0,0.0,0,0.0,0.0,0.0,0.0,0.0,0.0
2025,ALCS,lukesna01,TOR,AL,7,27,3,9,1,0,0,2,0,0.0,3,4.0,0.0,0.0,0.0,0.0,1.0
2025,ALCS,mastrmi01,SEA,AL,1,1,0,0,0,0,0,0,0,0.0,0,1.0,0.0,0.0,0.0,0.0,0.0
2025,ALCS,millebr04,SEA,AL,2,0,0,0,0,0,0,0,0,0.0,0,0.0,0.0,0.0,0.0,0.0,0.0
2025,ALCS,munozan01,SEA,AL,3,0,0,0,0,0,0,0,0,0.0,0,0.0,0.0,0.0,0.0,0.0,0.0
2025,ALCS,naylojo01,SEA,AL,7,24,4,10,0,0,3,5,1,0.0,3,5.0,0.0,0.0,0.0,0.0,0.0
2025,ALCS,polanjo01,SEA,AL,7,26,4,6,1,0,1,5,0,0.0,2,4.0,0.0,0.0,0.0,0.0,1.0
2025,ALCS,raleica01,SEA,AL,7,25,6,6,1,0,4,4,0,0.0,4,10.0,2.0,0.0,0.0,0.0,1.0
2025,ALCS,rivasle01,SEA,AL,6,14,1,1,0,0,0,0,0,0.0,3,7.0,0.0,0.0,0.0,0.0,0.0
2025,ALCS,roblevi01,SEA,AL,5,13,0,1,0,0,0,0,0,0.0,3,4.0,0.0,0.0,0.0,0.0,0.0
2025,ALCS,rodriju01,SEA,AL,7,25,5,6,1,0,3,6,0,0.0,5,10.0,0.0,0.0,0.0,0.0,2.0
2025,ALCS,rodriya01,TOR,AL,2,0,0,0,0,0,0,0,0,0.0,0,0.0,0.0,0.0,0.0,0.0,0.0
2025,ALCS,santaan02,TOR,AL,2,5,1,1,0,0,0,0,0,0.0,1,2.0,0.0,0.0,0.0,0.0,0.0
2025,ALCS,scherma01,TOR,AL,1,0,0,0,0,0,0,0,0,0.0,0,0.0,0.0,0.0,0.0,0.0,0.0
2025,ALCS,schneda03,TOR,AL,2,4,0,0,0,0,0,0,0,0.0,1,1.0,0.0,0.0,0.0,0.0,0.0
2025,ALCS,speiega01,SEA,AL,3,0,0,0,0,0,0,0,0,0.0,0,0.0,0.0,0.0,0.0,0.0,0.0
2025,ALCS,springe01,TOR,AL,7,29,7,8,3,0,3,7,0,0.0,3,6.0,0.0,1.0,0.0,0.0,1.0
2025,ALCS,strawmy01,TOR,AL,6,4,1,0,0,0,0,0,0,0.0,0,1.0,0.0,0.0,0.0,0.0,0.0
2025,ALCS,suareeu01,SEA,AL,7,26,3,8,1,0,2,7,0,0.0,3,9.0,0.0,0.0,0.0,0.0,0.0
2025,ALCS,vargaca01,SEA,AL,4,0,0,0,0,0,0,0,0,0.0,0,0.0,0.0,0.0,0.0,0.0,0.0
2025,ALCS,varlalo01,TOR,AL,6,0,0,0,0,0,0,0,0,0.0,0,0.0,0.0,0.0,0.0,0.0,0.0
2025,ALCS,varshda01,TOR,AL,7,28,1,5,1,0,0,4,0,0.0,1,9.0,0.0,0.0,0.0,0.0,0.0
2025,ALCS,woobr01,SEA,AL,2,0,0,0,0,0,0,0,0,0.0,0,0.0,0.0,0.0,0.0,0.0,0.0
2025,ALCS,yesavtr01,TOR,AL,2,0,0,0,0,0,0,0,0,0.0,0,0.0,0.0,0.0,0.0,0.0,0.0
2025,ALDS1,bargead01,TOR,AL,3,12,0,4,1,0,0,0,0,0.0,0,4.0,0.0,0.0,0.0,0.0,0.0
2025,ALDS1,bednada01,NYA,AL,2,0,0,0,0,0,0,0,0,0.0,0,0.0,0.0,0.0,0.0,0.0,0.0
2025,ALDS1,bellico01,NYA,AL,4,16,2,3,1,0,1,4,0,0.0,2,4.0,1.0,0.0,0.0,1.0,0.0
2025,ALDS1,biebesh01,TOR,AL,1,0,0,0,0,0,0,0,0,0.0,0,0.0,0.0,0.0,0.0,0.0,0.0
2025,ALDS1,blackpa01,NYA,AL,1,0,0,0,0,0,0,0,0,0.0,0,0.0,0.0,0.0,0.0,0.0,0.0
2025,ALDS1,bruihju01,TOR,AL,1,0,0,0,0,0,0,0,0,0.0,0,0.0,0.0,0.0,0.0,0.0,0.0
2025,ALDS1,cabaljo01,NYA,AL,2,1,0,1,0,0,0,0,0,0.0,0,0.0,0.0,1.0,0.0,0.0,0.0
2025,ALDS1,chishja01,NYA,AL,4,14,1,2,0,0,1,1,0,0.0,2,2.0,0.0,0.0,0.0,0.0,1.0
2025,ALDS1,clemeer01,TOR,AL,4,14,5,9,1,0,1,5,0,0.0,0,0.0,0.0,1.0,0.0,1.0,0.0
2025,ALDS1,cruzfe01,NYA,AL,2,0,0,0,0,0,0,0,0,0.0,0,0.0,0.0,0.0,0.0,0.0,0.0
2025,ALDS1,dominja01,NYA,AL,1,1,1,1,1,0,0,0,0,0.0,0,0.0,0.0,0.0,0.0,0.0,0.0
2025,ALDS1,dominse01,TOR,AL,3,0,0,0,0,0,0,0,0,0.0,0,0.0,0.0,0.0,0.0,0.0,0.0
2025,ALDS1,dovalca01,NYA,AL,3,0,0,0,0,0,0,0,0,0.0,0,0.0,0.0,0.0,0.0,0.0,0.0
2025,ALDS1,fishebr02,TOR,AL,3,0,0,0,0,0,0,0,0,0.0,0,0.0,0.0,0.0,0.0,0.0,0.0
2025,ALDS1,fluhama01,TOR,AL,3,0,0,0,0,0,0,0,0,0.0,0,0.0,0.0,0.0,0.0,0.0,0.0
2025,ALDS1,friedma01,NYA,AL,1,0,0,0,0,0,0,0,0,0.0,0,0.0,0.0,0.0,0.0,0.0,0.0
2025,ALDS1,gausmke01,TOR,AL,1,0,0,0,0,0,0,0,0,0.0,0,0.0,0.0,0.0,0.0,0.0,0.0
2025,ALDS1,gillu01,NYA,AL,1,0,0,0,0,0,0,0,0,0.0,0,0.0,0.0,0.0,0.0,0.0,0.0
2025,ALDS1,gimenan01,TOR,AL,4,15,4,4,1,0,0,2,1,0.0,0,1.0,0.0,1.0,0.0,0.0,0.0
2025,ALDS1,goldspa01,NYA,AL,3,4,1,1,0,0,0,0,0,0.0,1,0.0,0.0,1.0,0.0,0.0,0.0
2025,ALDS1,grishtr01,NYA,AL,4,17,3,2,1,0,0,0,0,0.0,2,5.0,0.0,0.0,0.0,0.0,0.0
2025,ALDS1,guerrvl02,TOR,AL,4,17,5,9,0,0,3,9,0,0.0,2,1.0,1.0,0.0,0.0,1.0,0.0
2025,ALDS1,hillti01,NYA,AL,2,0,0,0,0,0,0,0,0,0.0,0,0.0,0.0,0.0,0.0,0.0,0.0
2025,ALDS1,hoffmje02,TOR,AL,2,0,0,0,0,0,0,0,0,0.0,0,0.0,0.0,0.0,0.0,0.0,0.0
2025,ALDS1,judgeaa01,NYA,AL,4,15,5,9,2,0,1,6,0,0.0,4,3.0,2.0,0.0,0.0,0.0,0.0
2025,ALDS1,kineris01,TOR,AL,4,6,0,0,0,0,0,0,0,0.0,0,1.0,0.0,0.0,0.0,0.0,0.0
2025,ALDS1,kirkal01,TOR,AL,4,18,4,4,1,0,2,3,0,0.0,0,1.0,0.0,0.0,0.0,0.0,1.0
2025,ALDS1,lauerer01,TOR,AL,2,0,0,0,0,0,0,0,0,0.0,0,0.0,0.0,0.0,0.0,0.0,0.0
2025,ALDS1,littlbr02,TOR,AL,3,0,0,0,0,0,0,0,0,0.0,0,0.0,0.0,0.0,0.0,0.0,0.0
2025,ALDS1,lukesna01,TOR,AL,4,12,0,4,2,0,0,5,0,0.0,0,1.0,0.0,0.0,0.0,0.0,0.0
2025,ALDS1,mcmahry01,NYA,AL,4,10,2,3,0,0,1,1,0,0.0,0,0.0,0.0,0.0,0.0,0.0,0.0
2025,ALDS1,nanceto01,TOR,AL,2,0,0,0,0,0,0,0,0,0.0,0,0.0,0.0,0.0,0.0,0.0,0.0
2025,ALDS1,ricebe01,NYA,AL,4,11,1,2,1,0,0,2,0,0.0,2,5.0,0.0,0.0,0.0,1.0,0.0
2025,ALDS1,rodonca01,NYA,AL,1,0,0,0,0,0,0,0,0,0.0,0,0.0,0.0,0.0,0.0,0.0,0.0
2025,ALDS1,rodriya01,TOR,AL,2,0,0,0,0,0,0,0,0,0.0,0,0.0,0.0,0.0,0.0,0.0,0.0
2025,ALDS1,rosaram01,NYA,AL,2,4,1,2,1,0,0,0,0,0.0,0,0.0,0.0,0.0,0.0,0.0,0.0
2025,ALDS1,santaan02,TOR,AL,3,10,0,2,0,0,0,2,0,0.0,0,3.0,0.0,0.0,0.0,0.0,0.0
2025,ALDS1,schlica01,NYA,AL,1,0,0,0,0,0,0,0,0,0.0,0,0.0,0.0,0.0,0.0,0.0,0.0
2025,ALDS1,schneda03,TOR,AL,2,6,3,2,1,0,0,0,0,0.0,2,3.0,0.0,0.0,0.0,0.0,0.0
2025,ALDS1,springe01,TOR,AL,4,17,4,3,2,0,1,2,0,0.0,2,5.0,0.0,0.0,0.0,1.0,0.0
2025,ALDS1,stantmi03,NYA,AL,4,15,0,4,1,0,0,4,0,0.0,2,4.0,0.0,0.0,0.0,1.0,0.0
2025,ALDS1,strawmy01,TOR,AL,3,5,2,2,0,0,0,1,0,0.0,1,1.0,0.0,0.0,0.0,0.0,0.0
2025,ALDS1,varlalo01,TOR,AL,4,0,0,0,0,0,0,0,0,0.0,0,0.0,0.0,0.0,0.0,0.0,0.0
2025,ALDS1,varshda01,TOR,AL,4,16,7,7,3,0,2,4,0,0.0,1,3.0,0.0,0.0,0.0,0.0,1.0
2025,ALDS1,volpean01,NYA,AL,4,15,1,1,1,0,0,0,0,0.0,0,11.0,0.0,0.0,0.0,0.0,0.0
2025,ALDS1,warrewi01,NYA,AL,1,0,0,0,0,0,0,0,0,0.0,0,0.0,0.0,0.0,0.0,0.0,0.0
2025,ALDS1,weavelu01,NYA,AL,2,0,0,0,0,0,0,0,0,0.0,0,0.0,0.0,0.0,0.0,0.0,0.0
2025,ALDS1,wellsau01,NYA,AL,4,13,1,3,0,0,0,1,0,0.0,0,3.0,0.0,0.0,0.0,0.0,0.0
2025,ALDS1,willide03,NYA,AL,2,0,0,0,0,0,0,0,0,0.0,0,0.0,0.0,0.0,0.0,0.0,0.0
2025,ALDS1,yesavtr01,TOR,AL,1,0,0,0,0,0,0,0,0,0.0,0,0.0,0.0,0.0,0.0,0.0,0.0
2025,ALDS2,arozara01,SEA,AL,5,23,3,4,1,0,0,1,1,0.0,1,8.0,0.0,2.0,0.0,0.0,1.0
2025,ALDS2,baezja01,DET,AL,5,21,2,5,1,0,1,4,1,0.0,1,2.0,0.0,0.0,0.0,0.0,0.0
2025,ALDS2,bazared01,SEA,AL,5,0,0,0,0,0,0,0,0,0.0,0,0.0,0.0,0.0,0.0,0.0,0.0
2025,ALDS2,brashma01,SEA,AL,4,0,0,0,0,0,0,0,0,0.0,0,0.0,0.0,0.0,0.0,0.0,0.0
2025,ALDS2,canzodo01,SEA,AL,4,6,1,1,0,0,0,1,0,0.0,1,2.0,0.0,0.0,0.0,0.0,0.0
2025,ALDS2,carpeke01,DET,AL,5,22,2,5,0,0,2,5,0,0.0,3,8.0,1.0,0.0,0.0,0.0,0.0
2025,ALDS2,castilu02,SEA,AL,2,0,0,0,0,0,0,0,0,0.0,0,0.0,0.0,0.0,0.0,0.0,0.0
2025,ALDS2,crawfjp01,SEA,AL,5,19,3,5,0,0,1,2,0,0.0,1,5.0,0.0,0.0,0.0,1.0,0.0
2025,ALDS2,dingldi01,DET,AL,5,20,2,4,2,0,0,1,0,0.0,2,5.0,0.0,1.0,0.0,0.0,0.0
2025,ALDS2,ferguca01,SEA,AL,2,0,0,0,0,0,0,0,0,0.0,0,0.0,0.0,0.0,0.0,0.0,0.0
2025,ALDS2,finneky01,DET,AL,4,0,0,0,0,0,0,0,0,0.0,0,0.0,0.0,0.0,0.0,0.0,0.0
2025,ALDS2,flaheja01,DET,AL,2,0,0,0,0,0,0,0,0,0.0,0,0.0,0.0,0.0,0.0,0.0,0.0
2025,ALDS2,garvemi01,SEA,AL,4,5,0,1,0,0,0,1,0,0.0,1,2.0,0.0,0.0,0.0,1.0,0.0
2025,ALDS2,gilbelo01,SEA,AL,2,0,0,0,0,0,0,0,0,0.0,0,0.0,0.0,0.0,0.0,0.0,0.0
2025,ALDS2,greenri02,DET,AL,5,22,2,3,0,0,1,1,0,0.0,1,6.0,1.0,0.0,0.0,0.0,0.0
2025,ALDS2,hanifbr01,DET,AL,1,0,0,0,0,0,0,0,0,0.0,0,0.0,0.0,0.0,0.0,0.0,0.0
2025,ALDS2,holtoty01,DET,AL,3,0,0,0,0,0,0,0,0,0.0,0,0.0,0.0,0.0,0.0,0.0,0.0
2025,ALDS2,hurtebr01,DET,AL,3,0,0,0,0,0,0,0,0,0.0,0,0.0,0.0,0.0,0.0,0.0,0.0
2025,ALDS2,ibanean01,DET,AL,1,1,0,1,0,0,0,1,0,0.0,0,0.0,0.0,0.0,0.0,0.0,0.0
2025,ALDS2,jackslu01,SEA,AL,1,0,0,0,0,0,0,0,0,0.0,0,0.0,0.0,0.0,0.0,0.0,0.0
2025,ALDS2,jonesja08,DET,AL,3,1,2,1,1,0,0,1,0,0.0,2,0.0,0.0,0.0,0.0,0.0,0.0
2025,ALDS2,kahnlto01,DET,AL,3,0,0,0,0,0,0,0,0,0.0,0,0.0,0.0,0.0,0.0,0.0,0.0
2025,ALDS2,keithco01,DET,AL,5,15,0,1,0,0,0,0,0,1.0,1,5.0,0.0,1.0,0.0,0.0,1.0
2025,ALDS2,kirbyge01,SEA,AL,2,0,0,0,0,0,0,0,0,0.0,0,0.0,0.0,0.0,0.0,0.0,0.0
2025,ALDS2,mckinza01,DET,AL,5,21,2,5,0,0,0,2,1,0.0,1,6.0,0.0,0.0,0.0,0.0,0.0
2025,ALDS2,meadopa01,DET,AL,5,17,1,1,0,0,0,0,0,0.0,0,7.0,0.0,0.0,2.0,0.0,0.0
2025,ALDS2,meltotr01,DET,AL,3,0,0,0,0,0,0,0,0,0.0,0,0.0,0.0,0.0,0.0,0.0,0.0
2025,ALDS2,millebr04,SEA,AL,1,0,0,0,0,0,0,0,0,0.0,0,0.0,0.0,0.0,0.0,0.0,0.0
2025,ALDS2,mizeca01,DET,AL,1,0,0,0,0,0,0,0,0,0.0,0,0.0,0.0,0.0,0.0,0.0,0.0
2025,ALDS2,monteke01,DET,AL,3,0,0,0,0,0,0,0,0,0.0,0,0.0,0.0,0.0,0.0,0.0,0.0
2025,ALDS2,montera01,DET,AL,1,0,0,0,0,0,0,0,0,0.0,0,0.0,0.0,0.0,0.0,0.0,0.0
2025,ALDS2,munozan01,SEA,AL,4,0,0,0,0,0,0,0,0,0.0,0,0.0,0.0,0.0,0.0,0.0,0.0
2025,ALDS2,naylojo01,SEA,AL,5,23,3,6,2,0,0,0,1,0.0,1,1.0,0.0,0.0,0.0,0.0,1.0
2025,ALDS2,perezwe01,DET,AL,3,6,1,1,1,0,0,0,0,0.0,0,3.0,0.0,0.0,0.0,0.0,0.0
2025,ALDS2,polanjo01,SEA,AL,5,22,3,4,0,0,2,3,0,0.0,2,8.0,0.0,0.0,0.0,0.0,0.0
2025,ALDS2,raleica01,SEA,AL,5,21,2,8,1,0,1,4,0,0.0,4,7.0,1.0,0.0,0.0,0.0,0.0
2025,ALDS2,raleylu01,SEA,AL,4,4,1,0,0,0,0,0,0,0.0,0,2.0,0.0,1.0,0.0,0.0,0.0
2025,ALDS2,rivasle01,SEA,AL,2,3,0,1,0,0,0,1,0,0.0,1,2.0,0.0,0.0,0.0,0.0,0.0
2025,ALDS2,roblevi01,SEA,AL,5,14,1,2,2,0,0,0,0,2.0,4,3.0,0.0,1.0,0.0,0.0,1.0
2025,ALDS2,rodriju01,SEA,AL,5,23,1,4,1,0,1,3,0,0.0,2,9.0,1.0,0.0,0.0,0.0,0.0
2025,ALDS2,rogerja03,DET,AL,1,1,1,1,0,0,0,0,0,0.0,0,0.0,0.0,0.0,0.0,0.0,0.0
2025,ALDS2,skubata01,DET,AL,2,0,0,0,0,0,0,0,0,0.0,0,0.0,0.0,0.0,0.0,0.0,0.0
2025,ALDS2,speiega01,SEA,AL,4,0,0,0,0,0,0,0,0,0.0,0,0.0,0.0,0.0,0.0,0.0,0.0
2025,ALDS2,suareeu01,SEA,AL,5,21,1,2,0,0,1,1,0,0.0,1,9.0,0.0,0.0,0.0,0.0,2.0
2025,ALDS2,torkesp01,DET,AL,5,21,3,4,3,0,0,4,0,0.0,2,6.0,0.0,0.0,0.0,0.0,0.0
2025,ALDS2,torregl01,DET,AL,5,21,2,6,2,0,1,1,0,0.0,3,7.0,1.0,0.0,0.0,0.0,0.0
2025,ALDS2,vargaca01,SEA,AL,2,0,0,0,0,0,0,0,0,0.0,0,0.0,0.0,0.0,0.0,0.0,0.0
2025,ALDS2,vestwi01,DET,AL,3,0,0,0,0,0,0,0,0,0.0,0,0.0,0.0,0.0,0.0,0.0,0.0
2025,ALWC1,ariasga01,CLE,AL,3,10,0,2,0,0,0,1,0,0.0,0,3.0,0.0,0.0,0.0,0.0,1.0
2025,ALWC1,baezja01,DET,AL,3,11,1,5,1,0,0,1,0,0.0,0,1.0,0.0,0.0,0.0,0.0,0.0
2025,ALWC1,bibeeta01,CLE,AL,1,0,0,0,0,0,0,0,0,0.0,0,0.0,0.0,0.0,0.0,0.0,0.0
2025,ALWC1,cantijo01,CLE,AL,1,0,0,0,0,0,0,0,0,0.0,0,0.0,0.0,0.0,0.0,0.0,0.0
2025,ALWC1,carpeke01,DET,AL,3,10,2,4,1,0,0,1,0,0.0,4,3.0,1.0,0.0,0.0,0.0,0.0
2025,ALWC1,ceccosl01,CLE,AL,1,0,0,0,0,0,0,0,0,0.0,0,0.0,0.0,0.0,0.0,0.0,0.0
2025,ALWC1,delauch01,CLE,AL,2,6,0,1,0,0,0,0,0,0.0,1,1.0,0.0,0.0,0.0,0.0,1.0
2025,ALWC1,dingldi01,DET,AL,3,10,1,1,0,0,1,1,0,0.0,3,5.0,0.0,0.0,0.0,0.0,0.0
2025,ALWC1,festama01,CLE,AL,1,0,0,0,0,0,0,0,0,0.0,0,0.0,0.0,0.0,0.0,0.0,0.0
2025,ALWC1,finneky01,DET,AL,2,0,0,0,0,0,0,0,0,0.0,0,0.0,0.0,0.0,0.0,0.0,0.0
2025,ALWC1,flaheja01,DET,AL,1,0,0,0,0,0,0,0,0,0.0,0,0.0,0.0,0.0,0.0,0.0,0.0
2025,ALWC1,gaddihu01,CLE,AL,3,0,0,0,0,0,0,0,0,0.0,0,0.0,0.0,0.0,0.0,0.0,0.0
2025,ALWC1,greenri02,DET,AL,3,11,2,4,2,0,0,1,0,0.0,1,3.0,0.0,0.0,0.0,0.0,0.0
2025,ALWC1,halpipe01,CLE,AL,2,0,0,0,0,0,0,0,0,0.0,0,0.0,0.0,0.0,0.0,0.0,0.0
2025,ALWC1,hedgeau01,CLE,AL,1,1,0,0,0,0,0,0,0,0.0,2,1.0,0.0,0.0,0.0,0.0,0.0
2025,ALWC1,herriti01,CLE,AL,2,0,0,0,0,0,0,0,0,0.0,0,0.0,0.0,0.0,0.0,0.0,0.0
2025,ALWC1,holtoty01,DET,AL,2,0,0,0,0,0,0,0,0,0.0,0,0.0,0.0,0.0,0.0,0.0,0.0
2025,ALWC1,hurtebr01,DET,AL,1,0,0,0,0,0,0,0,0,0.0,0,0.0,0.0,0.0,0.0,0.0,0.0
2025,ALWC1,ibanean01,DET,AL,1,0,0,0,0,0,0,0,0,0.0,0,0.0,0.0,0.0,0.0,0.0,0.0
2025,ALWC1,jonesja08,DET,AL,1,1,0,0,0,0,0,0,0,0.0,0,1.0,0.0,0.0,0.0,0.0,0.0
2025,ALWC1,junisja01,CLE,AL,2,0,0,0,0,0,0,0,0,0.0,0,0.0,0.0,0.0,0.0,0.0,0.0
2025,ALWC1,kahnlto01,DET,AL,1,0,0,0,0,0,0,0,0,0.0,0,0.0,0.0,0.0,0.0,0.0,0.0
2025,ALWC1,kayfucj01,CLE,AL,3,6,0,1,0,0,0,0,0,0.0,1,0.0,0.0,0.0,0.0,0.0,0.0
2025,ALWC1,kwanst01,CLE,AL,3,12,2,2,2,0,0,0,0,0.0,0,0.0,0.0,0.0,0.0,0.0,0.0
2025,ALWC1,malloju02,DET,AL,1,1,0,0,0,0,0,0,0,0.0,0,1.0,0.0,0.0,0.0,0.0,0.0
2025,ALWC1,manzaky01,CLE,AL,3,11,0,1,0,0,0,0,0,0.0,1,3.0,0.0,0.0,0.0,0.0,1.0
2025,ALWC1,martian02,CLE,AL,1,3,1,1,0,0,0,0,0,0.0,0,2.0,0.0,0.0,0.0,0.0,0.0
2025,ALWC1,mckinza01,DET,AL,3,8,0,0,0,0,0,1,0,0.0,3,4.0,0.0,0.0,1.0,0.0,0.0
2025,ALWC1,meadopa01,DET,AL,3,12,2,3,0,0,0,0,0,0.0,1,3.0,0.0,0.0,0.0,0.0,0.0
2025,ALWC1,meltotr01,DET,AL,1,0,0,0,0,0,0,0,0,0.0,0,0.0,0.0,0.0,0.0,0.0,0.0
2025,ALWC1,mizeca01,DET,AL,1,0,0,0,0,0,0,0,0,0.0,0,0.0,0.0,0.0,0.0,0.0,0.0
2025,ALWC1,naylobo01,CLE,AL,3,8,1,1,0,0,1,3,0,0.0,0,1.0,0.0,0.0,0.0,0.0,0.0
2025,ALWC1,noeljh01,CLE,AL,1,3,0,0,0,0,0,0,0,0.0,0,3.0,0.0,0.0,0.0,0.0,0.0
2025,ALWC1,perezwe01,DET,AL,3,13,1,1,0,0,0,2,0,0.0,0,4.0,0.0,0.0,1.0,0.0,1.0
2025,ALWC1,ramirjo01,CLE,AL,3,8,1,2,0,0,0,1,0,1.0,4,2.0,1.0,0.0,0.0,0.0,0.0
2025,ALWC1,rocchbr01,CLE,AL,3,9,2,2,0,0,1,1,0,0.0,0,3.0,0.0,0.0,0.0,0.0,0.0
2025,ALWC1,rodrijo08,CLE,AL,2,3,0,0,0,0,0,0,0,0.0,0,2.0,0.0,0.0,0.0,0.0,0.0
2025,ALWC1,sabroer01,CLE,AL,3,0,0,0,0,0,0,0,0,0.0,0,0.0,0.0,0.0,0.0,0.0,0.0
2025,ALWC1,schneda04,CLE,AL,3,3,1,1,1,0,0,1,0,0.0,0,1.0,0.0,0.0,0.0,0.0,0.0
2025,ALWC1,skubata01,DET,AL,1,0,0,0,0,0,0,0,0,0.0,0,0.0,0.0,0.0,0.0,0.0,0.0
2025,ALWC1,smithca05,CLE,AL,3,0,0,0,0,0,0,0,0,0.0,0,0.0,0.0,0.0,0.0,0.0,0.0
2025,ALWC1,torkesp01,DET,AL,3,11,0,2,0,0,0,2,0,0.0,1,5.0,0.0,2.0,0.0,0.0,0.0
2025,ALWC1,torregl01,DET,AL,3,13,0,2,0,0,0,0,0,0.0,0,3.0,0.0,1.0,0.0,0.0,1.0
2025,ALWC1,valerge01,CLE,AL,3,7,2,2,1,0,1,1,0,0.0,0,2.0,0.0,0.0,0.0,0.0,0.0
2025,ALWC1,vestwi01,DET,AL,2,0,0,0,0,0,0,0,0,0.0,0,0.0,0.0,0.0,0.0,0.0,0.0
2025,ALWC1,williga01,CLE,AL,1,0,0,0,0,0,0,0,0,0.0,0,0.0,0.0,0.0,0.0,0.0,0.0
2025,ALWC2,abreuwi02,BOS,AL,3,5,0,0,0,0,0,0,0,0.0,0,3.0,0.0,0.0,0.0,0.0,0.0
2025,ALWC2,bednada01,NYA,AL,3,0,0,0,0,0,0,0,0,0.0,0,0.0,0.0,0.0,0.0,0.0,0.0
2025,ALWC2,bellico01,NYA,AL,3,12,2,3,1,0,0,0,0,0.0,0,1.0,0.0,0.0,0.0,0.0,0.0
2025,ALWC2,bellobr01,BOS,AL,1,0,0,0,0,0,0,0,0,0.0,0,0.0,0.0,0.0,0.0,0.0,0.0
2025,ALWC2,bregmal01,BOS,AL,3,10,0,3,1,0,0,1,0,0.0,3,2.0,0.0,0.0,0.0,0.0,1.0
2025,ALWC2,cabaljo01,NYA,AL,1,3,0,0,0,0,0,0,0,0.0,0,1.0,0.0,0.0,0.0,0.0,0.0
2025,ALWC2,chapmar01,BOS,AL,2,0,0,0,0,0,0,0,0,0.0,0,0.0,0.0,0.0,0.0,0.0,0.0
2025,ALWC2,chishja01,NYA,AL,3,8,2,2,0,0,0,0,0,0.0,1,3.0,0.0,0.0,0.0,0.0,0.0
2025,ALWC2,crochga01,BOS,AL,1,0,0,0,0,0,0,0,0,0.0,0,0.0,0.0,0.0,0.0,0.0,0.0
2025,ALWC2,cruzfe01,NYA,AL,2,0,0,0,0,0,0,0,0,0.0,0,0.0,0.0,0.0,0.0,0.0,0.0
2025,ALWC2,duranja01,BOS,AL,3,11,1,1,0,0,0,0,0,0.0,0,4.0,0.0,1.0,0.0,0.0,0.0
2025,ALWC2,earlyco01,BOS,AL,1,0,0,0,0,0,0,0,0,0.0,0,0.0,0.0,0.0,0.0,0.0,0.0
2025,ALWC2,eatonna01,BOS,AL,2,5,0,2,1,0,0,0,0,0.0,1,1.0,0.0,0.0,0.0,0.0,1.0
2025,ALWC2,friedma01,NYA,AL,1,0,0,0,0,0,0,0,0,0.0,0,0.0,0.0,0.0,0.0,0.0,0.0
2025,ALWC2,goldspa01,NYA,AL,3,5,0,3,0,0,0,0,0,0.0,0,1.0,0.0,0.0,0.0,0.0,0.0
2025,ALWC2,gonzaro01,BOS,AL,3,9,0,1,0,0,0,0,0,0.0,0,3.0,0.0,0.0,0.0,0.0,0.0
2025,ALWC2,grishtr01,NYA,AL,3,12,1,2,1,0,0,0,1,0.0,1,5.0,0.0,0.0,0.0,0.0,0.0
2025,ALWC2,hillti01,NYA,AL,1,0,0,0,0,0,0,0,0,0.0,0,0.0,0.0,0.0,0.0,0.0,0.0
2025,ALWC2,judgeaa01,NYA,AL,3,11,0,4,0,0,0,1,0,0.0,0,2.0,0.0,1.0,0.0,0.0,0.0
2025,ALWC2,kellyza01,BOS,AL,1,0,0,0,0,0,0,0,0,0.0,0,0.0,0.0,0.0,0.0,0.0,0.0
2025,ALWC2,lowena01,BOS,AL,3,7,0,1,0,0,0,0,0,0.0,0,1.0,0.0,0.0,0.0,0.0,1.0
2025,ALWC2,matzst01,BOS,AL,2,0,0,0,0,0,0,0,0,0.0,0,0.0,0.0,0.0,0.0,0.0,0.0
2025,ALWC2,mcmahry01,NYA,AL,2,4,0,1,0,0,0,0,0,0.0,1,2.0,0.0,0.0,0.0,0.0,0.0
2025,ALWC2,narvaca01,BOS,AL,3,8,0,0,0,0,0,0,0,0.0,3,4.0,0.0,0.0,0.0,0.0,1.0
2025,ALWC2,rafaece01,BOS,AL,3,10,2,0,0,0,0,0,0,0.0,2,4.0,0.0,0.0,0.0,0.0,0.0
2025,ALWC2,refsnro01,BOS,AL,2,5,0,0,0,0,0,0,0,0.0,1,2.0,0.0,0.0,0.0,0.0,0.0
2025,ALWC2,ricebe01,NYA,AL,2,7,1,2,0,0,1,2,0,0.0,0,3.0,0.0,0.0,0.0,0.0,0.0
2025,ALWC2,rodonca01,NYA,AL,1,0,0,0,0,0,0,0,0,0.0,0,0.0,0.0,0.0,0.0,0.0,0.0
2025,ALWC2,rosaram01,NYA,AL,2,6,1,1,0,0,0,1,0,0.0,0,1.0,0.0,0.0,0.0,0.0,0.0
2025,ALWC2,schlica01,NYA,AL,1,0,0,0,0,0,0,0,0,0.0,0,0.0,0.0,0.0,0.0,0.0,0.0
2025,ALWC2,slateju01,BOS,AL,2,0,0,0,0,0,0,0,0,0.0,0,0.0,0.0,0.0,0.0,0.0,0.0
2025,ALWC2,sogarni01,BOS,AL,2,6,1,2,1,0,0,0,0,0.0,0,1.0,0.0,0.0,1.0,0.0,0.0
2025,ALWC2,stantmi03,NYA,AL,3,11,1,1,1,0,0,0,0,0.0,1,2.0,0.0,0.0,0.0,0.0,1.0
2025,ALWC2,storytr01,BOS,AL,3,13,2,5,0,0,1,3,1,0.0,0,4.0,0.0,0.0,0.0,0.0,0.0
2025,ALWC2,tollepa01,BOS,AL,1,0,0,0,0,0,0,0,0,0.0,0,0.0,0.0,0.0,0.0,0.0,0.0
2025,ALWC2,volpean01,NYA,AL,3,11,1,4,0,0,1,2,0,0.0,0,5.0,0.0,0.0,0.0,0.0,1.0
2025,ALWC2,weavelu01,NYA,AL,1,0,0,0,0,0,0,0,0,0.0,0,0.0,0.0,0.0,0.0,0.0,0.0
2025,ALWC2,weissgr01,BOS,AL,1,0,0,0,0,0,0,0,0,0.0,0,0.0,0.0,0.0,0.0,0.0,0.0
2025,ALWC2,wellsau01,NYA,AL,3,9,0,2,0,0,0,2,0,0.0,1,3.0,0.0,0.0,0.0,0.0,0.0
2025,ALWC2,whitlga01,BOS,AL,1,0,0,0,0,0,0,0,0,0.0,0,0.0,0.0,0.0,0.0,0.0,0.0
2025,ALWC2,willide03,NYA,AL,2,0,0,0,0,0,0,0,0,0.0,0,0.0,0.0,0.0,0.0,0.0,0.0
2025,ALWC2,wilsoju10,BOS,AL,1,0,0,0,0,0,0,0,0,0.0,0,0.0,0.0,0.0,0.0,0.0,0.0
2025,ALWC2,yoshima02,BOS,AL,3,7,0,4,0,0,0,2,0,0.0,0,1.0,0.0,0.0,0.0,0.0,0.0
2025,NLCS,andergr01,MIL,NL,1,0,0,0,0,0,0,0,0,0.0,0,0.0,0.0,0.0,0.0,0.0,0.0
2025,NLCS,ashbyaa01,MIL,NL,3,0,0,0,0,0,0,0,0,0.0,0,0.0,0.0,0.0,0.0,0.0,0.0
2025,NLCS,bandaan01,LAN,NL,2,0,0,0,0,0,0,0,0,0.0,0,0.0,0.0,0.0,0.0,0.0,0.0
2025,NLCS,bauerja01,MIL,NL,4,9,0,2,1,0,0,1,1,0.0,0,2.0,0.0,0.0,0.0,0.0,0.0
2025,NLCS,bettsmo01,LAN,NL,4,15,1,2,1,0,0,2,0,0.0,2,2.0,0.0,1.0,0.0,0.0,2.0
2025,NLCS,callal01,LAN,NL,1,1,0,0,0,0,0,0,0,0.0,0,0.0,0.0,0.0,0.0,0.0,0.0
2025,NLCS,chourja01,MIL,NL,4,15,1,3,1,0,1,2,0,0.0,0,5.0,0.0,0.0,0.0,1.0,0.0
2025,NLCS,colliis01,MIL,NL,4,6,1,0,0,0,0,0,0,0.0,1,5.0,0.0,0.0,0.0,0.0,0.0
2025,NLCS,contrwi02,MIL,NL,4,14,0,2,0,0,0,0,0,0.0,2,4.0,0.0,0.0,0.0,0.0,0.0
2025,NLCS,deanju01,LAN,NL,4,0,0,0,0,0,0,0,1,0.0,0,0.0,0.0,0.0,0.0,0.0,0.0
2025,NLCS,durbica01,MIL,NL,4,13,2,4,2,1,0,0,2,1.0,1,5.0,0.0,0.0,0.0,0.0,0.0
2025,NLCS,edmanto01,LAN,NL,4,15,0,5,1,0,0,3,0,0.0,1,7.0,0.0,0.0,0.0,0.0,0.0
2025,NLCS,freemfr01,LAN,NL,4,16,2,4,2,0,1,1,0,0.0,2,5.0,0.0,0.0,0.0,0.0,0.0
2025,NLCS,frelisa01,MIL,NL,4,14,0,1,0,0,0,0,0,0.0,0,3.0,0.0,0.0,0.0,0.0,1.0
2025,NLCS,gassero01,MIL,NL,1,0,0,0,0,0,0,0,0,0.0,0,0.0,0.0,0.0,0.0,0.0,0.0
2025,NLCS,glasnty01,LAN,NL,1,0,0,0,0,0,0,0,0,0.0,0,0.0,0.0,0.0,0.0,0.0,0.0
2025,NLCS,hernaen02,LAN,NL,4,14,2,4,2,0,0,0,0,0.0,1,5.0,0.0,0.0,0.0,0.0,0.0
2025,NLCS,hernate01,LAN,NL,4,15,1,3,0,0,1,2,0,0.0,1,4.0,0.0,0.0,0.0,0.0,1.0
2025,NLCS,koenija01,MIL,NL,3,0,0,0,0,0,0,0,0,0.0,0,0.0,0.0,0.0,0.0,0.0,0.0
2025,NLCS,lockrbr01,MIL,NL,1,0,0,0,0,0,0,0,0,0.0,0,0.0,0.0,0.0,0.0,0.0,0.0
2025,NLCS,megiltr01,MIL,NL,2,0,0,0,0,0,0,0,0,0.0,0,0.0,0.0,0.0,0.0,0.0,0.0
2025,NLCS,misioja01,MIL,NL,1,0,0,0,0,0,0,0,0,0.0,0,0.0,0.0,0.0,0.0,0.0,0.0
2025,NLCS,monasan01,MIL,NL,3,0,0,0,0,0,0,0,0,0.0,1,0.0,0.0,0.0,0.0,0.0,0.0
2025,NLCS,muncyma01,LAN,NL,4,12,2,1,0,0,1,1,0,0.0,4,2.0,0.0,0.0,0.0,0.0,1.0
2025,NLCS,myersto01,MIL,NL,1,0,0,0,0,0,0,0,0,0.0,0,0.0,0.0,0.0,0.0,0.0,0.0
2025,NLCS,ohtansh01,LAN,NL,4,14,4,5,0,1,3,4,1,0.0,4,5.0,2.0,0.0,0.0,0.0,0.0
2025,NLCS,ortizjo06,MIL,NL,4,6,0,0,0,0,0,0,0,0.0,1,1.0,0.0,0.0,0.0,0.0,0.0
2025,NLCS,pagesan01,LAN,NL,4,11,0,2,1,0,0,1,0,0.0,0,3.0,0.0,1.0,2.0,0.0,0.0
2025,NLCS,patrich01,MIL,NL,2,0,0,0,0,0,0,0,0,0.0,0,0.0,0.0,0.0,0.0,0.0,0.0
2025,NLCS,peralfr01,MIL,NL,1,0,0,0,0,0,0,0,0,0.0,0,0.0,0.0,0.0,0.0,0.0,0.0
2025,NLCS,perkibl01,MIL,NL,2,1,0,0,0,0,0,0,0,0.0,1,1.0,0.0,0.0,0.0,0.0,0.0
2025,NLCS,priesqu01,MIL,NL,1,0,0,0,0,0,0,0,0,0.0,0,0.0,0.0,0.0,0.0,0.0,0.0
2025,NLCS,quintjo01,MIL,NL,1,0,0,0,0,0,0,0,0,0.0,0,0.0,0.0,0.0,0.0,0.0,0.0
2025,NLCS,sasakro01,LAN,NL,3,0,0,0,0,0,0,0,0,0.0,0,0.0,0.0,0.0,0.0,0.0,0.0
2025,NLCS,smithwi05,LAN,NL,4,15,3,6,0,0,0,0,0,0.0,2,4.0,1.0,0.0,0.0,0.0,0.0
2025,NLCS,snellbl01,LAN,NL,1,0,0,0,0,0,0,0,0,0.0,0,0.0,0.0,0.0,0.0,0.0,0.0
2025,NLCS,treinbl01,LAN,NL,3,0,0,0,0,0,0,0,0,0.0,0,0.0,0.0,0.0,0.0,0.0,0.0
2025,NLCS,turanbr02,MIL,NL,4,15,0,1,0,0,0,1,0,0.0,1,6.0,0.0,0.0,0.0,0.0,0.0
2025,NLCS,uribeab01,MIL,NL,3,0,0,0,0,0,0,0,0,0.0,0,0.0,0.0,0.0,0.0,0.0,0.0
2025,NLCS,vaughan01,MIL,NL,4,12,0,0,0,0,0,0,0,0.0,1,2.0,0.0,0.0,0.0,0.0,0.0
2025,NLCS,vesiaal01,LAN,NL,2,0,0,0,0,0,0,0,0,0.0,0,0.0,0.0,0.0,0.0,0.0,0.0
2025,NLCS,yamamyo01,LAN,NL,1,0,0,0,0,0,0,0,0,0.0,0,0.0,0.0,0.0,0.0,0.0,0.0
2025,NLCS,yelicch01,MIL,NL,4,14,0,1,0,0,0,0,1,0.0,2,7.0,0.0,0.0,0.0,0.0,0.0
2025,NLDS1,andergr01,MIL,NL,1,0,0,0,0,0,0,0,0,0.0,0,0.0,0.0,0.0,0.0,0.0,0.0
2025,NLDS1,ashbyaa01,MIL,NL,4,0,0,0,0,0,0,0,0,0.0,0,0.0,0.0,0.0,0.0,0.0,0.0
2025,NLDS1,ballemo01,CHN,NL,2,2,0,0,0,0,0,0,0,0.0,0,0.0,0.0,0.0,0.0,0.0,0.0
2025,NLDS1,bauerja01,MIL,NL,2,4,1,2,0,0,1,2,0,0.0,1,1.0,0.0,0.0,0.0,0.0,0.0
2025,NLDS1,boydma01,CHN,NL,2,0,0,0,0,0,0,0,0,0.0,0,0.0,0.0,0.0,0.0,0.0,0.0
2025,NLDS1,brownbe01,CHN,NL,1,0,0,0,0,0,0,0,0,0.0,0,0.0,0.0,0.0,0.0,0.0,0.0
2025,NLDS1,buschmi02,CHN,NL,5,17,3,4,0,0,3,3,0,0.0,2,4.0,0.0,0.0,0.0,0.0,0.0
2025,NLDS1,castrwi01,CHN,NL,1,0,0,0,0,0,0,0,0,0.0,0,0.0,0.0,0.0,0.0,0.0,0.0
2025,NLDS1,chourja01,MIL,NL,5,18,2,7,2,0,1,6,0,0.0,1,4.0,0.0,0.0,0.0,0.0,1.0
2025,NLDS1,civalaa01,CHN,NL,1,0,0,0,0,0,0,0,0,0.0,0,0.0,0.0,0.0,0.0,0.0,0.0
2025,NLDS1,colliis01,MIL,NL,2,3,0,0,0,0,0,0,0,0.0,0,2.0,0.0,0.0,0.0,0.0,0.0
2025,NLDS1,contrwi02,MIL,NL,5,20,5,6,1,0,2,3,0,0.0,1,3.0,0.0,0.0,0.0,0.0,2.0
2025,NLDS1,crowape01,CHN,NL,5,17,0,2,0,0,0,2,1,0.0,1,6.0,0.0,0.0,1.0,0.0,0.0
2025,NLDS1,durbica01,MIL,NL,5,16,1,4,0,0,0,2,1,0.0,2,3.0,0.0,1.0,0.0,0.0,1.0
2025,NLDS1,frelisa01,MIL,NL,5,17,2,4,1,0,0,1,1,0.0,2,2.0,0.0,0.0,0.0,1.0,0.0
2025,NLDS1,gassero01,MIL,NL,1,0,0,0,0,0,0,0,0,0.0,0,0.0,0.0,0.0,0.0,0.0,0.0
2025,NLDS1,happia01,CHN,NL,5,19,3,2,0,0,2,4,0,0.0,2,7.0,0.0,0.0,0.0,0.0,0.0
2025,NLDS1,hoernni01,CHN,NL,5,20,4,9,0,0,1,1,1,0.0,0,2.0,0.0,1.0,0.0,0.0,0.0
2025,NLDS1,imanash01,CHN,NL,1,0,0,0,0,0,0,0,0,0.0,0,0.0,0.0,0.0,0.0,0.0,0.0
2025,NLDS1,kellebr01,CHN,NL,3,0,0,0,0,0,0,0,0,0.0,0,0.0,0.0,0.0,0.0,0.0,0.0
2025,NLDS1,kellyca02,CHN,NL,5,20,1,2,0,0,0,0,0,0.0,0,8.0,0.0,0.0,0.0,0.0,0.0
2025,NLDS1,kittran01,CHN,NL,2,0,0,0,0,0,0,0,0,0.0,0,0.0,0.0,0.0,0.0,0.0,0.0
2025,NLDS1,koenija01,MIL,NL,3,0,0,0,0,0,0,0,0,0.0,0,0.0,0.0,0.0,0.0,0.0,0.0
2025,NLDS1,lockrbr01,MIL,NL,3,2,0,0,0,0,0,0,0,0.0,0,1.0,0.0,0.0,0.0,0.0,0.0
2025,NLDS1,mearsni01,MIL,NL,3,0,0,0,0,0,0,0,0,0.0,0,0.0,0.0,0.0,0.0,0.0,0.0
2025,NLDS1,megiltr01,MIL,NL,3,0,0,0,0,0,0,0,0,0.0,0,0.0,0.0,0.0,0.0,0.0,0.0
2025,NLDS1,misioja01,MIL,NL,2,0,0,0,0,0,0,0,0,0.0,0,0.0,0.0,0.0,0.0,0.0,0.0
2025,NLDS1,monasan01,MIL,NL,1,0,0,0,0,0,0,0,0,0.0,0,0.0,0.0,0.0,0.0,0.0,0.0
2025,NLDS1,ortizjo06,MIL,NL,5,13,1,2,0,0,0,0,0,0.0,2,3.0,0.0,0.0,1.0,0.0,0.0
2025,NLDS1,palenda01,CHN,NL,4,0,0,0,0,0,0,0,0,0.0,0,0.0,0.0,0.0,0.0,0.0,0.0
2025,NLDS1,patrich01,MIL,NL,4,0,0,0,0,0,0,0,0,0.0,0,0.0,0.0,0.0,0.0,0.0,0.0
2025,NLDS1,peralfr01,MIL,NL,2,0,0,0,0,0,0,0,0,0.0,0,0.0,0.0,0.0,0.0,0.0,0.0
2025,NLDS1,perkibl01,MIL,NL,5,14,1,3,1,0,0,1,0,0.0,2,5.0,0.0,0.0,0.0,0.0,0.0
2025,NLDS1,pomerdr01,CHN,NL,4,0,0,0,0,0,0,0,0,0.0,0,0.0,0.0,0.0,0.0,0.0,0.0
2025,NLDS1,priesqu01,MIL,NL,1,0,0,0,0,0,0,0,0,0.0,0,0.0,0.0,0.0,0.0,0.0,0.0
2025,NLDS1,quintjo01,MIL,NL,1,0,0,0,0,0,0,0,0,0.0,0,0.0,0.0,0.0,0.0,0.0,0.0
2025,NLDS1,reaco01,CHN,NL,2,0,0,0,0,0,0,0,0,0.0,0,0.0,0.0,0.0,0.0,0.0,0.0
2025,NLDS1,shawma01,CHN,NL,5,10,0,2,0,0,0,1,1,0.0,5,2.0,0.0,0.0,0.0,0.0,0.0
2025,NLDS1,sorokmi01,CHN,NL,1,0,0,0,0,0,0,0,0,0.0,0,0.0,0.0,0.0,0.0,0.0,0.0
2025,NLDS1,suzukse01,CHN,NL,5,20,2,4,1,0,2,4,0,0.0,1,5.0,0.0,0.0,0.0,0.0,0.0
2025,NLDS1,swansda01,CHN,NL,5,17,0,2,1,0,0,0,0,0.0,2,9.0,0.0,0.0,0.0,0.0,0.0
2025,NLDS1,taillja01,CHN,NL,1,0,0,0,0,0,0,0,0,0.0,0,0.0,0.0,0.0,0.0,0.0,0.0
2025,NLDS1,thielca01,CHN,NL,3,0,0,0,0,0,0,0,0,0.0,0,0.0,0.0,0.0,0.0,0.0,0.0
2025,NLDS1,tuckeky01,CHN,NL,5,16,4,4,0,0,1,1,0,1.0,5,3.0,0.0,0.0,0.0,0.0,0.0
2025,NLDS1,turanbr02,MIL,NL,5,20,2,3,1,0,1,2,0,0.0,1,8.0,0.0,0.0,0.0,0.0,0.0
2025,NLDS1,turneju01,CHN,NL,1,2,0,1,0,0,0,0,0,0.0,0,0.0,0.0,0.0,0.0,0.0,0.0
2025,NLDS1,uribeab01,MIL,NL,2,0,0,0,0,0,0,0,0,0.0,0,0.0,0.0,0.0,0.0,0.0,0.0
2025,NLDS1,vaughan01,MIL,NL,5,14,4,4,0,0,2,4,0,0.0,3,0.0,0.0,0.0,0.0,0.0,1.0
2025,NLDS1,yelicch01,MIL,NL,5,19,3,5,1,0,0,0,0,0.0,3,2.0,0.0,0.0,0.0,0.0,0.0
2025,NLDS2,baderha01,PHI,NL,3,2,0,1,0,0,0,1,0,0.0,0,1.0,0.0,1.0,0.0,1.0,0.0
2025,NLDS2,bandaan01,LAN,NL,1,0,0,0,0,0,0,0,0,0.0,0,0.0,0.0,0.0,0.0,0.0,0.0
2025,NLDS2,banksta01,PHI,NL,2,0,0,0,0,0,0,0,0,0.0,0,0.0,0.0,0.0,0.0,0.0,0.0
2025,NLDS2,bettsmo01,LAN,NL,4,17,0,4,0,1,0,1,0,0.0,1,1.0,0.0,0.0,0.0,0.0,0.0
2025,NLDS2,bohmal01,PHI,NL,4,12,3,4,0,0,0,0,0,0.0,6,1.0,2.0,0.0,0.0,0.0,0.0
2025,NLDS2,callal01,LAN,NL,2,2,0,2,0,0,0,0,0,0.0,2,0.0,0.0,1.0,0.0,0.0,0.0
2025,NLDS2,casteni01,PHI,NL,4,15,1,2,2,0,0,3,0,0.0,0,3.0,0.0,0.0,0.0,0.0,1.0
2025,NLDS2,deanju01,LAN,NL,4,0,1,0,0,0,0,0,0,0.0,0,0.0,0.0,0.0,0.0,0.0,0.0
2025,NLDS2,dreyeja01,LAN,NL,1,0,0,0,0,0,0,0,0,0.0,0,0.0,0.0,0.0,0.0,0.0,0.0
2025,NLDS2,duranjh01,PHI,NL,3,0,0,0,0,0,0,0,0,0.0,0,0.0,0.0,0.0,0.0,0.0,0.0
2025,NLDS2,edmanto01,LAN,NL,4,17,2,4,0,0,1,2,0,0.0,0,3.0,0.0,0.0,0.0,0.0,0.0
2025,NLDS2,freemfr01,LAN,NL,4,15,2,3,1,0,0,0,0,0.0,1,5.0,0.0,1.0,0.0,0.0,0.0
2025,NLDS2,glasnty01,LAN,NL,2,0,0,0,0,0,0,0,0,0.0,0,0.0,0.0,0.0,0.0,0.0,0.0
2025,NLDS2,harpebr03,PHI,NL,4,15,1,3,1,0,0,0,0,0.0,3,3.0,0.0,0.0,0.0,0.0,0.0
2025,NLDS2,hernaen02,LAN,NL,4,14,2,3,1,0,0,3,0,0.0,3,3.0,0.0,0.0,0.0,0.0,0.0
2025,NLDS2,hernate01,LAN,NL,4,16,2,4,0,0,1,3,0,0.0,1,7.0,0.0,0.0,0.0,0.0,0.0
2025,NLDS2,kempot01,PHI,NL,1,2,0,0,0,0,0,0,0,0.0,0,2.0,0.0,0.0,0.0,0.0,0.0
2025,NLDS2,keplema01,PHI,NL,4,12,3,2,1,1,0,0,1,0.0,3,2.0,0.0,0.0,0.0,0.0,0.0
2025,NLDS2,kerkeor01,PHI,NL,4,0,0,0,0,0,0,0,0,0.0,0,0.0,0.0,0.0,0.0,0.0,0.0
2025,NLDS2,kershcl01,LAN,NL,1,0,0,0,0,0,0,0,0,0.0,0,0.0,0.0,0.0,0.0,0.0,0.0
2025,NLDS2,kimhy02,LAN,NL,1,0,1,0,0,0,0,0,0,0.0,0,0.0,0.0,0.0,0.0,0.0,0.0
2025,NLDS2,luzarje01,PHI,NL,2,0,0,0,0,0,0,0,0,0.0,0,0.0,0.0,0.0,0.0,0.0,0.0
2025,NLDS2,marshbr02,PHI,NL,4,13,1,1,0,0,0,1,0,1.0,1,5.0,0.0,0.0,0.0,1.0,0.0
2025,NLDS2,muncyma01,LAN,NL,4,9,1,4,1,0,0,0,0,0.0,1,1.0,0.0,0.0,0.0,0.0,1.0
2025,NLDS2,nolaaa01,PHI,NL,1,0,0,0,0,0,0,0,0,0.0,0,0.0,0.0,0.0,0.0,0.0,0.0
2025,NLDS2,ohtansh01,LAN,NL,4,18,0,1,0,0,0,1,0,0.0,2,9.0,1.0,0.0,0.0,0.0,0.0
2025,NLDS2,pagesan01,LAN,NL,4,15,1,1,0,0,0,0,0,0.0,0,4.0,0.0,0.0,0.0,0.0,0.0
2025,NLDS2,realmjt01,PHI,NL,4,17,3,6,2,1,1,3,0,0.0,0,3.0,0.0,0.0,0.0,0.0,0.0
2025,NLDS2,roberda08,PHI,NL,1,0,0,0,0,0,0,0,0,0.0,0,0.0,0.0,0.0,0.0,0.0,0.0
2025,NLDS2,rojasmi02,LAN,NL,3,3,0,0,0,0,0,0,0,0.0,0,0.0,0.0,0.0,0.0,0.0,0.0
2025,NLDS2,rortvbe01,LAN,NL,2,1,0,0,0,0,0,0,0,0.0,0,1.0,0.0,1.0,0.0,0.0,0.0
2025,NLDS2,rushida01,LAN,NL,1,1,0,0,0,0,0,0,0,0.0,0,1.0,0.0,0.0,0.0,0.0,0.0
2025,NLDS2,sanchcr01,PHI,NL,2,0,0,0,0,0,0,0,0,0.0,0,0.0,0.0,0.0,0.0,0.0,0.0
2025,NLDS2,sasakro01,LAN,NL,3,0,0,0,0,0,0,0,0,0.0,0,0.0,0.0,0.0,0.0,0.0,0.0
2025,NLDS2,schwaky01,PHI,NL,4,16,2,3,1,0,2,3,0,0.0,2,8.0,0.0,0.0,0.0,0.0,0.0
2025,NLDS2,sheehem01,LAN,NL,2,0,0,0,0,0,0,0,0,0.0,0,0.0,0.0,0.0,0.0,0.0,0.0
2025,NLDS2,smithwi05,LAN,NL,4,13,1,2,0,0,0,2,0,0.0,1,6.0,0.0,1.0,0.0,0.0,1.0
2025,NLDS2,snellbl01,LAN,NL,1,0,0,0,0,0,0,0,0,0.0,0,0.0,0.0,0.0,0.0,0.0,0.0
2025,NLDS2,sosaed01,PHI,NL,2,3,0,1,0,0,0,0,0,0.0,0,1.0,0.0,0.0,0.0,0.0,0.0
2025,NLDS2,stottbr01,PHI,NL,4,13,0,2,0,0,0,0,1,0.0,0,4.0,0.0,0.0,1.0,0.0,0.0
2025,NLDS2,strahma01,PHI,NL,3,0,0,0,0,0,0,0,0,0.0,0,0.0,0.0,0.0,0.0,0.0,0.0
2025,NLDS2,suarera01,PHI,NL,1,0,0,0,0,0,0,0,0,0.0,0,0.0,0.0,0.0,0.0,0.0,0.0
2025,NLDS2,treinbl01,LAN,NL,2,0,0,0,0,0,0,0,0,0.0,0,0.0,0.0,0.0,0.0,0.0,0.0
2025,NLDS2,turnetr01,PHI,NL,4,17,1,4,0,0,0,3,2,0.0,2,5.0,0.0,0.0,0.0,0.0,0.0
2025,NLDS2,vesiaal01,LAN,NL,3,0,0,0,0,0,0,0,0,0.0,0,0.0,0.0,0.0,0.0,0.0,0.0
2025,NLDS2,walketa01,PHI,NL,1,0,0,0,0,0,0,0,0,0.0,0,0.0,0.0,0.0,0.0,0.0,0.0
2025,NLDS2,wilsowe01,PHI,NL,3,0,0,0,0,0,0,0,0,0.0,0,0.0,0.0,0.0,0.0,0.0,0.0
2025,NLDS2,yamamyo01,LAN,NL,1,0,0,0,0,0,0,0,0,0.0,0,0.0,0.0,0.0,0.0,0.0,0.0
2025,NLWC1,andujmi01,CIN,NL,2,4,1,0,0,0,0,0,0,0.0,1,1.0,0.0,0.0,0.0,0.0,0.0
2025,NLWC1,ashcrgr01,CIN,NL,1,0,0,0,0,0,0,0,0,0.0,0,0.0,0.0,0.0,0.0,0.0,0.0
2025,NLWC1,barlosc01,CIN,NL,1,0,0,0,0,0,0,0,0,0.0,0,0.0,0.0,0.0,0.0,0.0,0.0
2025,NLWC1,bensowi01,CIN,NL,1,1,0,0,0,0,0,0,0,0.0,1,1.0,0.0,0.0,0.0,0.0,0.0
2025,NLWC1,bettsmo01,LAN,NL,2,9,1,6,3,0,0,3,0,0.0,1,1.0,0.0,0.0,0.0,0.0,0.0
2025,NLWC1,burnsch01,CIN,NL,1,0,0,0,0,0,0,0,0,0.0,0,0.0,0.0,0.0,0.0,0.0,0.0
2025,NLWC1,callal01,LAN,NL,1,1,1,1,0,0,0,0,0,0.0,0,0.0,0.0,0.0,0.0,0.0,0.0
2025,NLWC1,deanju01,LAN,NL,2,0,0,0,0,0,0,0,0,0.0,0,0.0,0.0,0.0,0.0,0.0,0.0
2025,NLWC1,delacel01,CIN,NL,2,6,1,0,0,0,0,2,0,0.0,2,4.0,0.0,0.0,0.0,0.0,0.0
2025,NLWC1,dreyeja01,LAN,NL,1,0,0,0,0,0,0,0,0,0.0,0,0.0,0.0,0.0,0.0,0.0,0.0
2025,NLWC1,edmanto01,LAN,NL,1,3,1,1,0,0,1,1,0,0.0,0,2.0,0.0,0.0,0.0,0.0,0.0
2025,NLWC1,freemfr01,LAN,NL,2,8,1,2,1,0,0,0,0,0.0,2,1.0,1.0,0.0,0.0,0.0,0.0
2025,NLWC1,friedtj01,CIN,NL,2,8,0,1,0,0,0,0,0,0.0,2,3.0,0.0,0.0,0.0,0.0,0.0
2025,NLWC1,greenhu01,CIN,NL,1,0,0,0,0,0,0,0,0,0.0,0,0.0,0.0,0.0,0.0,0.0,0.0
2025,NLWC1,hayeske01,CIN,NL,2,6,0,0,0,0,0,0,0,0.0,0,0.0,0.0,0.0,0.0,0.0,0.0
2025,NLWC1,haysau01,CIN,NL,2,7,3,1,0,0,0,0,0,0.0,1,1.0,0.0,0.0,0.0,0.0,0.0
2025,NLWC1,henried01,LAN,NL,1,0,0,0,0,0,0,0,0,0.0,0,0.0,0.0,0.0,0.0,0.0,0.0
2025,NLWC1,hernaen02,LAN,NL,2,8,3,4,1,0,0,1,0,0.0,0,1.0,0.0,0.0,0.0,0.0,0.0
2025,NLWC1,hernate01,LAN,NL,2,10,2,4,1,0,2,6,0,0.0,0,0.0,0.0,0.0,0.0,0.0,0.0
2025,NLWC1,litteza01,CIN,NL,1,0,0,0,0,0,0,0,0,0.0,0,0.0,0.0,0.0,0.0,0.0,0.0
2025,NLWC1,lodolni01,CIN,NL,1,0,0,0,0,0,0,0,0,0.0,0,0.0,0.0,0.0,0.0,0.0,0.0
2025,NLWC1,luxga01,CIN,NL,2,6,2,3,0,0,0,0,0,0.0,0,1.0,0.0,0.0,0.0,0.0,0.0
2025,NLWC1,marteno01,CIN,NL,2,3,1,0,0,0,0,0,0,0.0,1,2.0,0.0,0.0,0.0,0.0,0.0
2025,NLWC1,martini01,CIN,NL,1,0,0,0,0,0,0,0,0,0.0,0,0.0,0.0,0.0,0.0,0.0,0.0
2025,NLWC1,mclaima01,CIN,NL,2,7,1,2,1,0,0,0,0,0.0,1,5.0,0.0,0.0,0.0,0.0,0.0
2025,NLWC1,muncyma01,LAN,NL,2,7,2,1,0,0,0,0,0,0.0,2,3.0,1.0,1.0,0.0,0.0,0.0
2025,NLWC1,ohtansh01,LAN,NL,2,9,3,3,0,0,2,4,0,0.0,1,3.0,1.0,0.0,0.0,0.0,0.0
2025,NLWC1,pagesan01,LAN,NL,2,9,0,0,0,0,0,0,0,0.0,0,2.0,0.0,1.0,0.0,0.0,0.0
2025,NLWC1,phillco01,CIN,NL,1,0,0,0,0,0,0,0,0,0.0,0,0.0,0.0,0.0,0.0,0.0,0.0
2025,NLWC1,rojasmi02,LAN,NL,2,5,2,3,0,0,0,1,0,0.0,0,0.0,0.0,1.0,0.0,0.0,0.0
2025,NLWC1,rortvbe01,LAN,NL,2,6,2,3,1,0,0,1,0,0.0,0,2.0,0.0,0.0,2.0,0.0,0.0
2025,NLWC1,santito01,CIN,NL,1,0,0,0,0,0,0,0,0,0.0,0,0.0,0.0,0.0,0.0,0.0,0.0
2025,NLWC1,sasakro01,LAN,NL,1,0,0,0,0,0,0,0,0,0.0,0,0.0,0.0,0.0,0.0,0.0,0.0
2025,NLWC1,sheehem01,LAN,NL,1,0,0,0,0,0,0,0,0,0.0,0,0.0,0.0,0.0,0.0,0.0,0.0
2025,NLWC1,snellbl01,LAN,NL,1,0,0,0,0,0,0,0,0,0.0,0,0.0,0.0,0.0,0.0,0.0,0.0
2025,NLWC1,steersp01,CIN,NL,2,8,0,3,0,0,0,1,0,0.0,0,2.0,0.0,1.0,0.0,0.0,0.0
2025,NLWC1,stephty01,CIN,NL,2,7,0,1,1,0,0,2,0,0.0,0,4.0,0.0,0.0,0.0,1.0,0.0
2025,NLWC1,stewasa02,CIN,NL,2,4,0,2,0,0,0,4,1,0.0,1,1.0,0.0,0.0,0.0,0.0,0.0
2025,NLWC1,suterbr01,CIN,NL,1,0,0,0,0,0,0,0,0,0.0,0,0.0,0.0,0.0,0.0,0.0,0.0
2025,NLWC1,treinbl01,LAN,NL,2,0,0,0,0,0,0,0,0,0.0,0,0.0,0.0,0.0,0.0,0.0,0.0
2025,NLWC1,vesiaal01,LAN,NL,2,0,0,0,0,0,0,0,0,0.0,0,0.0,0.0,0.0,0.0,0.0,0.0
2025,NLWC1,yamamyo01,LAN,NL,1,0,0,0,0,0,0,0,0,0.0,0,0.0,0.0,0.0,0.0,0.0,0.0
2025,NLWC2,arraelu01,SDN,NL,3,11,0,2,0,0,0,0,1,0.0,0,1.0,0.0,0.0,1.0,0.0,0.0
2025,NLWC2,ballemo01,CHN,NL,1,1,0,0,0,0,0,0,0,0.0,0,1.0,0.0,0.0,0.0,0.0,0.0
2025,NLWC2,bogaexa01,SDN,NL,3,12,0,4,1,0,0,1,1,0.0,0,3.0,0.0,0.0,0.0,0.0,0.0
2025,NLWC2,boydma01,CHN,NL,1,0,0,0,0,0,0,0,0,0.0,0,0.0,0.0,0.0,0.0,0.0,0.0
2025,NLWC2,buschmi02,CHN,NL,3,10,1,4,0,0,1,1,0,0.0,1,0.0,1.0,1.0,0.0,0.0,1.0
2025,NLWC2,castrwi01,CHN,NL,1,0,0,0,0,0,0,0,0,0.0,0,0.0,0.0,0.0,0.0,0.0,0.0
2025,NLWC2,ceasedy01,SDN,NL,1,0,0,0,0,0,0,0,0,0.0,0,0.0,0.0,0.0,0.0,0.0,0.0
2025,NLWC2,croneja01,SDN,NL,3,11,0,0,0,0,0,0,0,0.0,0,3.0,0.0,0.0,0.0,0.0,0.0
2025,NLWC2,crowape01,CHN,NL,3,10,0,3,0,0,0,1,0,1.0,0,6.0,0.0,0.0,0.0,0.0,0.0
2025,NLWC2,darviyu01,SDN,NL,1,0,0,0,0,0,0,0,0,0.0,0,0.0,0.0,0.0,0.0,0.0,0.0
2025,NLWC2,estraje01,SDN,NL,2,0,0,0,0,0,0,0,0,0.0,0,0.0,0.0,0.0,0.0,0.0,0.0
2025,NLWC2,fermifr01,SDN,NL,3,11,0,4,2,0,0,0,0,0.0,0,1.0,0.0,0.0,0.0,0.0,0.0
2025,NLWC2,happia01,CHN,NL,3,11,0,1,1,0,0,0,0,0.0,0,6.0,0.0,0.0,1.0,0.0,1.0
2025,NLWC2,hoernni01,CHN,NL,3,11,0,4,1,0,0,1,0,1.0,0,0.0,0.0,0.0,0.0,1.0,1.0
2025,NLWC2,iglesjo01,SDN,NL,2,2,0,0,0,0,0,0,0,0.0,0,0.0,0.0,0.0,0.0,0.0,0.0
2025,NLWC2,imanash01,CHN,NL,1,0,0,0,0,0,0,0,0,0.0,0,0.0,0.0,0.0,0.0,0.0,0.0
2025,NLWC2,johnsbr03,SDN,NL,2,2,0,0,0,0,0,0,0,0.0,0,1.0,0.0,1.0,0.0,0.0,0.0
2025,NLWC2,kellebr01,CHN,NL,2,0,0,0,0,0,0,0,0,0.0,0,0.0,0.0,0.0,0.0,0.0,0.0
2025,NLWC2,kellyca02,CHN,NL,3,8,1,3,0,0,1,1,0,0.0,1,4.0,1.0,1.0,0.0,0.0,0.0
2025,NLWC2,kingmi01,SDN,NL,1,0,0,0,0,0,0,0,0,0.0,0,0.0,0.0,0.0,0.0,0.0,0.0
2025,NLWC2,kittran01,CHN,NL,3,0,0,0,0,0,0,0,0,0.0,0,0.0,0.0,0.0,0.0,0.0,0.0
2025,NLWC2,machama01,SDN,NL,3,10,1,1,0,0,1,2,0,0.0,2,3.0,0.0,0.0,0.0,0.0,0.0
2025,NLWC2,merrija01,SDN,NL,3,9,2,3,2,0,1,2,0,0.0,1,2.0,0.0,0.0,1.0,1.0,1.0
2025,NLWC2,millema03,SDN,NL,2,0,0,0,0,0,0,0,0,0.0,0,0.0,0.0,0.0,0.0,0.0,0.0
2025,NLWC2,morejad01,SDN,NL,3,0,0,0,0,0,0,0,0,0.0,0,0.0,0.0,0.0,0.0,0.0,0.0
2025,NLWC2,morgada01,SDN,NL,1,0,0,0,0,0,0,0,0,0.0,0,0.0,0.0,0.0,0.0,0.0,0.0
2025,NLWC2,ohearry01,SDN,NL,3,9,0,2,0,0,0,0,0,0.0,1,1.0,0.0,1.0,0.0,0.0,0.0
2025,NLWC2,palenda01,CHN,NL,2,0,0,0,0,0,0,0,0,0.0,0,0.0,0.0,0.0,0.0,0.0,0.0
2025,NLWC2,peralwa01,SDN,NL,2,0,0,0,0,0,0,0,0,0.0,0,0.0,0.0,0.0,0.0,0.0,0.0
2025,NLWC2,pivetni01,SDN,NL,1,0,0,0,0,0,0,0,0,0.0,0,0.0,0.0,0.0,0.0,0.0,0.0
2025,NLWC2,pomerdr01,CHN,NL,2,0,0,0,0,0,0,0,0,0.0,0,0.0,0.0,0.0,0.0,0.0,0.0
2025,NLWC2,reaco01,CHN,NL,1,0,0,0,0,0,0,0,0,0.0,0,0.0,0.0,0.0,0.0,0.0,0.0
2025,NLWC2,rogerta01,CHN,NL,1,0,0,0,0,0,0,0,0,0.0,0,0.0,0.0,0.0,0.0,0.0,0.0
2025,NLWC2,shawma01,CHN,NL,3,7,0,0,0,0,0,0,0,0.0,0,5.0,0.0,0.0,1.0,0.0,0.0
2025,NLWC2,sheetga01,SDN,NL,3,6,0,1,0,0,0,0,0,0.0,0,1.0,0.0,0.0,0.0,0.0,0.0
2025,NLWC2,sorokmi01,CHN,NL,1,0,0,0,0,0,0,0,0,0.0,0,0.0,0.0,0.0,0.0,0.0,0.0
2025,NLWC2,suarero01,SDN,NL,2,0,0,0,0,0,0,0,0,0.0,0,0.0,0.0,0.0,0.0,0.0,0.0
2025,NLWC2,suzukse01,CHN,NL,3,11,2,3,2,0,1,1,0,0.0,0,5.0,0.0,0.0,0.0,0.0,1.0
2025,NLWC2,swansda01,CHN,NL,3,9,1,2,0,0,0,1,0,0.0,1,6.0,0.0,0.0,0.0,0.0,0.0
2025,NLWC2,taillja01,CHN,NL,1,0,0,0,0,0,0,0,0,0.0,0,0.0,0.0,0.0,0.0,0.0,0.0
2025,NLWC2,tatisfe02,SDN,NL,3,12,2,1,0,0,0,0,1,0.0,1,4.0,0.0,0.0,0.0,0.0,0.0
2025,NLWC2,thielca01,CHN,NL,2,0,0,0,0,0,0,0,0,0.0,0,0.0,0.0,0.0,0.0,0.0,0.0
2025,NLWC2,tuckeky01,CHN,NL,3,11,1,3,0,0,0,0,0,0.0,0,2.0,0.0,0.0,0.0,0.0,0.0
2025,WS,bandaan01,LAN,NL,4,0,0,0,0,0,0,0,0,0.0,0,0.0,0.0,0.0,0.0,0.0,0.0
2025,WS,bargead01,TOR,AL,7,25,4,12,2,0,1,5,0,0.0,3,5.0,0.0,0.0,0.0,0.0,0.0
2025,WS,bassich01,TOR,AL,5,0,0,0,0,0,0,0,0,0.0,0,0.0,0.0,0.0,0.0,0.0,0.0
2025,WS,bettsmo01,LAN,NL,7,29,2,4,0,0,0,2,0,0.0,6,5.0,1.0,0.0,0.0,0.0,0.0
2025,WS,bichebo01,TOR,AL,7,23,2,8,0,0,1,6,0,0.0,4,4.0,0.0,0.0,0.0,0.0,1.0
2025,WS,biebesh01,TOR,AL,2,0,0,0,0,0,0,0,0,0.0,0,0.0,0.0,0.0,0.0,0.0,0.0
2025,WS,callal01,LAN,NL,3,7,0,1,0,0,0,0,0,0.0,1,2.0,0.0,0.0,0.0,0.0,0.0
2025,WS,clemeer01,TOR,AL,7,31,3,12,3,0,0,2,1,0.0,0,3.0,0.0,0.0,0.0,1.0,0.0
2025,WS,deanju01,LAN,NL,3,0,0,0,0,0,0,0,0,0.0,0,0.0,0.0,0.0,0.0,0.0,0.0
2025,WS,dominse01,TOR,AL,5,0,0,0,0,0,0,0,0,0.0,0,0.0,0.0,0.0,0.0,0.0,0.0
2025,WS,dreyeja01,LAN,NL,2,0,0,0,0,0,0,0,0,0.0,0,0.0,0.0,0.0,0.0,0.0,0.0
2025,WS,edmanto01,LAN,NL,7,28,2,4,2,0,0,2,0,0.0,2,6.0,0.0,0.0,0.0,1.0,1.0
2025,WS,fishebr02,TOR,AL,3,0,0,0,0,0,0,0,0,0.0,0,0.0,0.0,0.0,0.0,0.0,0.0
2025,WS,fluhama01,TOR,AL,4,0,0,0,0,0,0,0,0,0.0,0,0.0,0.0,0.0,0.0,0.0,0.0
2025,WS,francty01,TOR,AL,2,4,0,1,0,0,0,1,0,0.0,0,1.0,0.0,0.0,0.0,0.0,0.0
2025,WS,freemfr01,LAN,NL,7,29,2,6,1,0,1,2,1,0.0,5,5.0,1.0,1.0,0.0,0.0,1.0
2025,WS,gausmke01,TOR,AL,2,0,0,0,0,0,0,0,0,0.0,0,0.0,0.0,0.0,0.0,0.0,0.0
2025,WS,gimenan01,TOR,AL,7,27,3,4,1,0,0,4,0,0.0,2,11.0,1.0,2.0,0.0,1.0,0.0
2025,WS,glasnty01,LAN,NL,3,0,0,0,0,0,0,0,0,0.0,0,0.0,0.0,0.0,0.0,0.0,0.0
2025,WS,guerrvl02,TOR,AL,7,30,7,10,2,0,2,3,0,0.0,8,4.0,2.0,0.0,0.0,0.0,2.0
2025,WS,heinety01,TOR,AL,1,3,0,0,0,0,0,0,0,0.0,0,1.0,0.0,0.0,0.0,0.0,0.0
2025,WS,henried01,LAN,NL,2,0,0,0,0,0,0,0,0,0.0,0,0.0,0.0,0.0,0.0,0.0,0.0
2025,WS,hernaen02,LAN,NL,7,28,2,5,0,0,1,3,0,0.0,0,15.0,0.0,0.0,0.0,1.0,0.0
2025,WS,hernate01,LAN,NL,7,29,3,7,0,0,1,2,0,0.0,3,10.0,0.0,0.0,0.0,1.0,0.0
2025,WS,hoffmje02,TOR,AL,4,0,0,0,0,0,0,0,0,0.0,0,0.0,0.0,0.0,0.0,0.0,0.0
2025,WS,kershcl01,LAN,NL,1,0,0,0,0,0,0,0,0,0.0,0,0.0,0.0,0.0,0.0,0.0,0.0
2025,WS,kimhy02,LAN,NL,1,0,0,0,0,0,0,0,0,0.0,0,0.0,0.0,0.0,0.0,0.0,0.0
2025,WS,kineris01,TOR,AL,6,16,1,1,0,0,0,1,1,0.0,1,3.0,0.0,0.0,1.0,0.0,0.0
2025,WS,kirkal01,TOR,AL,7,26,4,8,0,0,2,6,0,0.0,5,6.0,1.0,2.0,0.0,1.0,1.0
2025,WS,kleinwi01,LAN,NL,2,0,0,0,0,0,0,0,0,0.0,0,0.0,0.0,0.0,0.0,0.0,0.0
2025,WS,lauerer01,TOR,AL,2,0,0,0,0,0,0,0,0,0.0,0,0.0,0.0,0.0,0.0,0.0,0.0
2025,WS,littlbr02,TOR,AL,1,0,0,0,0,0,0,0,0,0.0,0,0.0,0.0,0.0,0.0,0.0,0.0
2025,WS,lukesna01,TOR,AL,6,23,2,4,1,0,0,1,0,0.0,2,5.0,0.0,0.0,1.0,0.0,0.0
2025,WS,muncyma01,LAN,NL,7,28,3,6,1,0,2,2,0,0.0,4,11.0,0.0,0.0,0.0,0.0,0.0
2025,WS,ohtansh01,LAN,NL,7,27,6,9,3,0,3,5,0,1.0,9,6.0,5.0,0.0,0.0,0.0,0.0
2025,WS,pagesan01,LAN,NL,6,16,1,1,0,0,0,0,0,0.0,0,2.0,0.0,0.0,0.0,0.0,0.0
2025,WS,rojasmi02,LAN,NL,3,10,1,2,0,0,1,1,0,0.0,0,2.0,0.0,0.0,1.0,0.0,0.0
2025,WS,sasakro01,LAN,NL,2,0,0,0,0,0,0,0,0,0.0,0,0.0,0.0,0.0,0.0,0.0,0.0
2025,WS,scherma01,TOR,AL,2,0,0,0,0,0,0,0,0,0.0,0,0.0,0.0,0.0,0.0,0.0,0.0
2025,WS,schneda03,TOR,AL,4,10,1,2,0,0,1,1,0,0.0,1,5.0,0.0,0.0,0.0,0.0,1.0
2025,WS,sheehem01,LAN,NL,3,0,0,0,0,0,0,0,0,0.0,0,0.0,0.0,0.0,0.0,0.0,0.0
2025,WS,smithwi05,LAN,NL,7,30,4,8,2,0,2,6,0,0.0,3,8.0,1.0,1.0,0.0,0.0,1.0
2025,WS,snellbl01,LAN,NL,3,0,0,0,0,0,0,0,0,0.0,0,0.0,0.0,0.0,0.0,0.0,0.0
2025,WS,springe01,TOR,AL,5,21,3,8,1,0,0,1,0,1.0,0,6.0,0.0,1.0,0.0,0.0,0.0
2025,WS,strawmy01,TOR,AL,6,9,0,0,0,0,0,0,0,0.0,0,3.0,0.0,0.0,0.0,0.0,0.0
2025,WS,treinbl01,LAN,NL,3,0,0,0,0,0,0,0,0,0.0,0,0.0,0.0,0.0,0.0,0.0,0.0
2025,WS,varlalo01,TOR,AL,5,0,0,0,0,0,0,0,0,0.0,0,0.0,0.0,0.0,0.0,0.0,0.0
2025,WS,varshda01,TOR,AL,7,31,4,5,0,1,1,2,0,1.0,2,7.0,0.0,2.0,0.0,0.0,1.0
2025,WS,wroblju01,LAN,NL,4,0,0,0,0,0,0,0,0,0.0,0,0.0,0.0,0.0,0.0,0.0,0.0
2025,WS,yamamyo01,LAN,NL,3,0,0,0,0,0,0,0,0,0.0,0,0.0,0.0,0.0,0.0,0.0,0.0
2025,WS,yesavtr01,TOR,AL,3,0,0,0,0,0,0,0,0,0.0,0,0.0,0.0,0.0,0.0,0.0,0.0
