playerID,yearID,round,teamID,lgID,W,L,G,GS,CG,SHO,SV,IPouts,H,ER,HR,BB,SO,BAOpp,ERA,IBB,WP,HBP,BK,BFP,GF,R,SH,SF,GIDP
abbotpa01,2000,ALCS,SEA,AL,0,1,1,1,0,0,0,15,3,3,1,3,3,0.167,5.4,0.0,0.0,0.0,0.0,21.0,0.0,3,0.0,0.0,0.0
choatra01,2000,ALCS,NYA,AL,0,0,1,0,0,0,0,1,0,0,0,0,1,0.0,0.0,0.0,0.0,0.0,0.0,1.0,0.0,0,0.0,0.0,0.0
clemero02,2000,ALCS,NYA,AL,1,0,1,1,1,1,0,27,1,0,0,2,15,0.036,0.0,0.0,0.0,0.0,0.0,30.0,0.0,0,0.0,0.0,0.0
coneda01,2000,ALCS,NYA,AL,0,0,1,0,0,0,0,3,0,0,0,0,0,0.0,0.0,0.0,0.0,0.0,0.0,3.0,1.0,0,0.0,0.0,0.0
garcifr02,2000,ALCS,SEA,AL,2,0,2,2,0,0,0,35,10,2,0,4,11,0.227,1.54,0.0,0.0,2.0,0.0,50.0,0.0,2,0.0,0.0,1.0
goodedw01,2000,ALCS,NYA,AL,0,0,1,0,0,0,0,7,1,0,0,0,1,0.125,0.0,0.0,0.0,0.0,0.0,8.0,0.0,0,0.0,0.0,0.0
grimsja01,2000,ALCS,NYA,AL,0,0,2,0,0,0,0,3,2,0,0,3,1,0.4,0.0,0.0,1.0,0.0,0.0,8.0,1.0,0,0.0,0.0,0.0
halamjo01,2000,ALCS,SEA,AL,0,0,2,2,0,0,0,28,10,3,0,5,3,0.278,2.89,0.0,0.0,0.0,0.0,41.0,0.0,3,0.0,0.0,2.0
hernaor01,2000,ALCS,NYA,AL,2,0,2,2,0,0,0,45,13,7,2,8,14,0.241,4.2,2.0,0.0,0.0,0.0,62.0,0.0,7,0.0,0.0,1.0
mesajo01,2000,ALCS,SEA,AL,0,0,3,0,0,0,0,13,5,6,2,3,3,0.312,12.46,0.0,0.0,0.0,0.0,20.0,2.0,6,0.0,1.0,0.0
neaglde01,2000,ALCS,NYA,AL,0,2,2,2,0,0,0,30,6,5,1,7,7,0.176,4.5,0.0,0.0,0.0,0.0,43.0,0.0,5,1.0,1.0,0.0
nelsoje01,2000,ALCS,NYA,AL,0,0,3,0,0,0,0,9,5,3,2,0,6,0.357,9.0,0.0,0.0,0.0,0.0,14.0,0.0,3,0.0,0.0,0.0
paniajo01,2000,ALCS,SEA,AL,0,1,5,0,0,0,0,13,4,2,0,1,4,0.25,4.15,0.0,0.0,0.0,0.0,18.0,1.0,2,1.0,0.0,0.0
pettian01,2000,ALCS,NYA,AL,1,0,1,1,0,0,0,20,9,2,0,1,2,0.346,2.7,0.0,0.0,0.0,0.0,28.0,0.0,2,1.0,0.0,1.0
ramsaro01,2000,ALCS,SEA,AL,0,0,2,0,0,0,0,5,2,0,0,0,1,0.333,0.0,0.0,0.0,0.0,0.0,7.0,1.0,0,0.0,1.0,0.0
rhodear01,2000,ALCS,SEA,AL,0,1,4,0,0,0,0,6,8,7,1,4,5,0.615,31.5,1.0,0.0,0.0,0.0,18.0,0.0,7,0.0,1.0,0.0
riverma01,2000,ALCS,NYA,AL,0,0,3,0,0,0,1,14,4,1,0,0,1,0.222,1.93,0.0,0.0,0.0,0.0,18.0,3.0,1,0.0,0.0,0.0
sasakka01,2000,ALCS,SEA,AL,0,0,2,0,0,0,1,8,3,0,0,1,3,0.273,0.0,0.0,1.0,1.0,0.0,13.0,2.0,0,0.0,0.0,0.0
seleaa01,2000,ALCS,SEA,AL,0,1,1,1,0,0,0,18,9,4,2,0,4,0.333,6.0,0.0,0.0,0.0,0.0,27.0,0.0,4,0.0,0.0,1.0
tomkobr01,2000,ALCS,SEA,AL,0,0,2,0,0,0,0,15,3,4,0,4,4,0.176,7.2,1.0,1.0,0.0,0.0,21.0,0.0,4,0.0,0.0,0.0
appieke01,2000,ALDS1,OAK,AL,0,1,2,1,0,0,0,31,10,4,1,6,13,0.25,3.48,1.0,0.0,0.0,0.0,46.0,0.0,4,0.0,0.0,0.0
choatra01,2000,ALDS1,NYA,AL,0,0,1,0,0,0,0,4,0,1,0,1,1,0.0,6.75,0.0,0.0,0.0,0.0,5.0,0.0,1,0.0,0.0,0.0
clemero02,2000,ALDS1,NYA,AL,0,2,2,2,0,0,0,33,13,10,1,8,10,0.302,8.18,1.0,1.0,0.0,0.0,52.0,0.0,10,1.0,0.0,1.0
goodedw01,2000,ALDS1,NYA,AL,0,0,1,0,0,0,0,5,4,4,0,1,1,0.5,21.6,0.0,0.0,2.0,0.0,11.0,1.0,4,0.0,0.0,1.0
heredgi01,2000,ALDS1,OAK,AL,1,1,2,2,0,0,0,19,11,9,0,3,3,0.407,12.79,0.0,0.0,1.0,0.0,33.0,0.0,9,0.0,2.0,1.0
hernaor01,2000,ALDS1,NYA,AL,1,0,2,1,0,0,0,22,5,2,1,5,5,0.2,2.45,0.0,0.0,0.0,0.0,30.0,0.0,2,0.0,0.0,2.0
hudsoti01,2000,ALDS1,OAK,AL,0,1,1,1,1,0,0,24,6,3,0,4,5,0.194,3.38,0.0,0.0,0.0,0.0,35.0,0.0,4,0.0,0.0,0.0
isrinja01,2000,ALDS1,OAK,AL,0,0,2,0,0,0,1,6,1,0,0,0,3,0.143,0.0,0.0,0.0,0.0,0.0,7.0,2.0,0,0.0,0.0,0.0
jonesdo01,2000,ALDS1,OAK,AL,0,0,2,0,0,0,0,4,1,0,0,0,1,0.2,0.0,0.0,0.0,0.0,0.0,5.0,2.0,0,0.0,0.0,0.0
magnami01,2000,ALDS1,OAK,AL,0,0,2,0,0,0,0,9,1,0,0,0,2,0.111,0.0,0.0,0.0,0.0,0.0,9.0,0.0,0,0.0,0.0,1.0
mecirji01,2000,ALDS1,OAK,AL,0,0,3,0,0,0,0,16,1,0,0,0,2,0.059,0.0,0.0,0.0,0.0,0.0,17.0,0.0,0,0.0,0.0,0.0
nelsoje01,2000,ALDS1,NYA,AL,0,0,2,0,0,0,0,6,0,0,0,0,2,0.0,0.0,0.0,0.0,0.0,0.0,6.0,1.0,0,0.0,0.0,0.0
pettian01,2000,ALDS1,NYA,AL,1,0,2,2,0,0,0,34,15,5,0,3,7,0.326,3.97,0.0,0.0,0.0,0.0,51.0,0.0,5,0.0,2.0,2.0
riverma01,2000,ALDS1,NYA,AL,0,0,3,0,0,0,3,15,2,0,0,0,2,0.111,0.0,0.0,0.0,0.0,0.0,18.0,3.0,0,0.0,0.0,0.0
stantmi02,2000,ALDS1,NYA,AL,1,0,3,0,0,0,0,13,5,1,0,1,3,0.294,2.08,0.0,1.0,0.0,0.0,18.0,0.0,1,0.0,0.0,0.0
tamje01,2000,ALDS1,OAK,AL,0,0,3,0,0,0,0,6,3,0,0,1,1,0.333,0.0,1.0,0.0,0.0,0.0,12.0,0.0,1,1.0,1.0,0.0
zitoba01,2000,ALDS1,OAK,AL,1,0,1,1,0,0,0,17,7,1,0,2,5,0.304,1.59,0.0,0.0,0.0,0.0,25.0,0.0,1,0.0,0.0,1.0
abbotpa01,2000,ALDS2,SEA,AL,1,0,1,1,0,0,0,17,5,1,0,3,1,0.25,1.59,0.0,0.0,1.0,0.0,25.0,0.0,2,0.0,1.0,1.0
baldwja01,2000,ALDS2,CHA,AL,0,0,1,1,0,0,0,18,3,1,0,3,2,0.15,1.5,0.0,0.0,0.0,0.0,24.0,0.0,1,1.0,0.0,0.0
barcelo01,2000,ALDS2,CHA,AL,0,0,1,0,0,0,0,5,0,0,0,1,0,0.0,0.0,0.0,0.0,0.0,0.0,6.0,0.0,0,0.0,0.0,0.0
bradfch01,2000,ALDS2,CHA,AL,0,0,1,0,0,0,0,2,2,0,0,0,0,0.667,0.0,0.0,0.0,0.0,0.0,3.0,0.0,0,0.0,0.0,0.0
buehrma01,2000,ALDS2,CHA,AL,0,0,1,0,0,0,0,1,2,0,0,0,1,0.667,0.0,0.0,0.0,0.0,0.0,3.0,1.0,0,0.0,0.0,0.0
foulkke01,2000,ALDS2,CHA,AL,0,1,2,0,0,0,0,7,4,3,2,2,2,0.4,11.57,0.0,0.0,0.0,0.0,13.0,2.0,3,1.0,0.0,0.0
garcifr02,2000,ALDS2,SEA,AL,0,0,1,1,0,0,0,10,6,4,1,3,2,0.375,10.8,0.0,1.0,0.0,0.0,19.0,0.0,4,0.0,0.0,0.0
howrybo01,2000,ALDS2,CHA,AL,0,0,2,0,0,0,0,8,2,1,0,2,4,0.222,3.38,0.0,0.0,0.0,0.0,12.0,0.0,1,1.0,0.0,0.0
mesajo01,2000,ALDS2,SEA,AL,1,0,2,0,0,0,0,6,0,0,0,1,2,0.0,0.0,1.0,0.0,0.0,0.0,7.0,0.0,0,0.0,0.0,0.0
paniajo01,2000,ALDS2,SEA,AL,1,0,2,0,0,0,0,7,1,0,0,2,3,0.125,0.0,0.0,0.0,0.0,0.0,10.0,1.0,0,0.0,0.0,0.0
parquji01,2000,ALDS2,CHA,AL,0,0,1,1,0,0,0,18,6,3,1,1,2,0.286,4.5,0.0,0.0,1.0,0.0,23.0,0.0,3,0.0,0.0,2.0
rhodear01,2000,ALDS2,SEA,AL,0,0,3,0,0,0,0,8,0,0,0,2,2,0.0,0.0,0.0,0.0,0.0,0.0,9.0,0.0,0,1.0,0.0,1.0
sasakka01,2000,ALDS2,SEA,AL,0,0,2,0,0,0,2,6,1,0,0,0,5,0.143,0.0,0.0,0.0,0.0,0.0,7.0,2.0,0,0.0,0.0,0.0
seleaa01,2000,ALDS2,SEA,AL,0,0,1,1,0,0,0,22,3,1,0,3,1,0.143,1.23,0.0,0.0,0.0,0.0,26.0,0.0,1,1.0,1.0,2.0
simasbi01,2000,ALDS2,CHA,AL,0,0,2,0,0,0,0,3,0,1,0,1,2,0.0,9.0,0.0,0.0,0.0,0.0,4.0,0.0,1,0.0,0.0,0.0
sirotmi01,2000,ALDS2,CHA,AL,0,1,1,1,0,0,0,17,7,3,1,2,0,0.35,4.76,0.0,0.0,1.0,0.0,25.0,0.0,4,1.0,1.0,3.0
tomkobr01,2000,ALDS2,SEA,AL,0,0,1,0,0,0,0,8,1,0,0,1,0,0.125,0.0,0.0,1.0,0.0,0.0,9.0,0.0,0,0.0,0.0,1.0
wunscke01,2000,ALDS2,CHA,AL,0,1,3,0,0,0,0,3,2,0,0,0,0,0.4,0.0,0.0,0.0,0.0,0.0,5.0,0.0,1,0.0,0.0,0.0
ankieri01,2000,NLCS,SLN,NL,0,0,2,1,0,0,0,4,1,3,0,5,2,0.333,20.25,0.0,4.0,0.0,0.0,10.0,0.0,3,1.0,1.0,0.0
benesan01,2000,NLCS,SLN,NL,1,0,1,1,0,0,0,24,6,2,0,3,5,0.214,2.25,0.0,0.0,0.0,0.0,31.0,0.0,2,0.0,0.0,2.0
benitar01,2000,NLCS,NYN,NL,0,0,3,0,0,0,1,9,3,0,0,2,2,0.231,0.0,0.0,0.0,0.0,0.0,15.0,3.0,2,0.0,0.0,0.0
chrisja01,2000,NLCS,SLN,NL,0,0,2,0,0,0,0,6,0,0,0,0,1,0.0,0.0,0.0,0.0,0.0,0.0,5.0,2.0,0,0.0,0.0,1.0
cookde01,2000,NLCS,NYN,NL,0,0,1,0,0,0,0,3,1,0,0,0,2,0.25,0.0,0.0,0.0,0.0,0.0,4.0,0.0,0,0.0,0.0,0.0
francjo01,2000,NLCS,NYN,NL,0,0,3,0,0,0,0,8,3,2,0,2,2,0.273,6.75,0.0,1.0,0.0,0.0,13.0,0.0,2,0.0,0.0,0.0
hamptmi01,2000,NLCS,NYN,NL,2,0,2,2,1,1,0,48,9,0,0,4,12,0.158,0.0,0.0,1.0,0.0,0.0,61.0,0.0,0,0.0,0.0,0.0
hentgpa01,2000,NLCS,SLN,NL,0,1,1,1,0,0,0,11,7,6,0,5,2,0.389,14.73,0.0,0.0,0.0,0.0,23.0,0.0,6,0.0,0.0,0.0
jamesmi01,2000,NLCS,SLN,NL,0,0,4,0,0,0,0,7,5,4,3,1,0,0.455,15.43,0.0,0.0,1.0,0.0,13.0,0.0,4,0.0,0.0,0.0
jonesbo03,2000,NLCS,NYN,NL,0,0,1,1,0,0,0,12,6,6,2,0,2,0.353,13.5,0.0,0.0,0.0,0.0,18.0,0.0,6,1.0,0.0,0.0
kileda01,2000,NLCS,SLN,NL,0,2,2,2,0,0,0,30,13,10,0,5,3,0.317,9.0,1.0,1.0,0.0,0.0,47.0,0.0,10,0.0,1.0,0.0
leiteal01,2000,NLCS,NYN,NL,0,0,1,1,0,0,0,21,8,3,0,0,9,0.286,3.86,0.0,0.0,0.0,0.0,29.0,0.0,3,1.0,0.0,0.0
morrima01,2000,NLCS,SLN,NL,0,0,2,0,0,0,0,11,3,2,0,2,2,0.214,4.91,1.0,0.0,0.0,0.0,16.0,0.0,2,0.0,0.0,0.0
reamebr01,2000,NLCS,SLN,NL,0,0,2,0,0,0,0,19,5,1,1,4,6,0.2,1.42,1.0,0.0,0.0,0.0,29.0,0.0,1,0.0,0.0,0.0
reedri01,2000,NLCS,NYN,NL,0,1,1,1,0,0,0,10,8,4,0,1,4,0.471,10.8,0.0,0.0,0.0,0.0,20.0,0.0,5,1.0,1.0,0.0
ruschgl01,2000,NLCS,NYN,NL,1,0,2,0,0,0,0,11,3,0,0,0,3,0.25,0.0,0.0,0.0,1.0,0.0,14.0,0.0,0,0.0,1.0,0.0
timlimi01,2000,NLCS,SLN,NL,0,1,3,0,0,0,0,10,1,0,0,2,0,0.091,0.0,0.0,0.0,1.0,0.0,17.0,1.0,3,2.0,1.0,0.0
veresda01,2000,NLCS,SLN,NL,0,0,3,0,0,0,0,7,2,0,0,0,3,0.25,0.0,0.0,0.0,1.0,0.0,9.0,2.0,0,0.0,0.0,0.0
wendetu01,2000,NLCS,NYN,NL,1,0,2,0,0,0,0,4,1,0,0,1,2,0.2,0.0,1.0,0.0,0.0,0.0,6.0,1.0,0,0.0,0.0,0.0
whiteri01,2000,NLCS,NYN,NL,0,0,1,0,0,0,0,9,5,3,0,1,1,0.385,9.0,0.0,0.0,0.0,0.0,15.0,0.0,3,1.0,0.0,0.0
ankieri01,2000,NLDS1,SLN,NL,0,0,1,1,0,0,0,8,4,4,0,6,3,0.4,13.5,0.0,5.0,0.0,0.0,16.0,0.0,4,0.0,0.0,0.0
ashbyan01,2000,NLDS1,ATL,NL,0,0,2,0,0,0,0,11,1,1,0,3,5,0.083,2.45,2.0,1.0,0.0,0.0,15.0,1.0,1,0.0,0.0,0.0
burkejo03,2000,NLDS1,ATL,NL,0,0,1,0,0,0,0,4,1,1,0,0,0,0.2,6.75,0.0,0.0,1.0,0.0,6.0,0.0,1,0.0,0.0,0.0
chrisja01,2000,NLDS1,SLN,NL,0,0,1,0,0,0,0,1,0,0,0,0,0,0.0,0.0,0.0,0.0,0.0,0.0,1.0,0.0,0,0.0,0.0,0.0
glavito02,2000,NLDS1,ATL,NL,0,1,1,1,0,0,0,7,6,7,2,1,2,0.5,27.0,0.0,0.0,1.0,0.0,15.0,0.0,7,0.0,1.0,0.0
jamesmi01,2000,NLDS1,SLN,NL,1,0,2,0,0,0,0,13,1,0,0,1,1,0.077,0.0,0.0,0.0,0.0,0.0,14.0,0.0,0,0.0,0.0,0.0
kileda01,2000,NLDS1,SLN,NL,1,0,1,1,0,0,0,21,4,2,0,2,6,0.16,2.57,0.0,0.0,0.0,0.0,27.0,0.0,2,0.0,0.0,0.0
ligteke01,2000,NLDS1,ATL,NL,0,0,3,0,0,0,0,5,0,1,0,1,3,0.0,5.4,1.0,0.0,0.0,0.0,7.0,1.0,1,0.0,0.0,0.0
maddugr01,2000,NLDS1,ATL,NL,0,1,1,1,0,0,0,12,9,5,1,3,2,0.429,11.25,2.0,0.0,0.0,0.0,25.0,0.0,7,1.0,0.0,0.0
millwke01,2000,NLDS1,ATL,NL,0,1,1,1,0,0,0,14,4,4,2,3,3,0.222,7.71,0.0,0.0,0.0,1.0,21.0,0.0,4,0.0,0.0,0.0
morrima01,2000,NLDS1,SLN,NL,0,0,2,0,0,0,0,6,0,0,0,1,0,0.0,0.0,0.0,0.0,0.0,0.0,7.0,1.0,0,0.0,0.0,0.0
mulhote01,2000,NLDS1,ATL,NL,0,0,3,0,0,0,0,10,1,2,0,2,1,0.1,5.4,0.0,0.0,0.0,0.0,13.0,0.0,2,1.0,0.0,0.0
reamebr01,2000,NLDS1,SLN,NL,1,0,2,0,0,0,0,10,0,0,0,3,2,0.0,0.0,0.0,0.0,0.0,0.0,12.0,0.0,0,0.0,0.0,1.0
remlimi01,2000,NLDS1,ATL,NL,0,0,3,0,0,0,0,10,6,1,1,0,3,0.375,2.7,0.0,0.0,0.0,0.0,16.0,1.0,1,0.0,0.0,0.0
rockejo01,2000,NLDS1,ATL,NL,0,0,1,0,0,0,0,2,0,0,0,1,0,0.0,0.0,0.0,0.0,0.0,0.0,3.0,0.0,0,0.0,0.0,0.0
stephga01,2000,NLDS1,SLN,NL,0,0,1,1,0,0,0,11,3,1,0,2,2,0.231,2.45,0.0,0.0,0.0,0.0,15.0,0.0,1,0.0,0.0,0.0
timlimi01,2000,NLDS1,SLN,NL,0,0,2,0,0,0,0,5,5,2,1,1,2,0.5,10.8,0.0,0.0,0.0,0.0,11.0,0.0,2,0.0,0.0,0.0
veresda01,2000,NLDS1,SLN,NL,0,0,2,0,0,0,1,6,1,0,0,0,4,0.125,0.0,0.0,0.0,1.0,0.0,9.0,2.0,1,0.0,0.0,0.0
benitar01,2000,NLDS2,NYN,NL,1,0,2,0,0,0,0,9,4,2,1,1,3,0.308,6.0,1.0,0.0,0.0,0.0,14.0,0.0,2,0.0,0.0,0.0
cookde01,2000,NLDS2,NYN,NL,0,0,2,0,0,0,0,4,0,0,0,2,1,0.0,0.0,0.0,0.0,0.0,0.0,6.0,0.0,0,1.0,0.0,0.0
deltomi01,2000,NLDS2,SFN,NL,0,0,1,0,0,0,0,3,1,0,0,0,2,0.25,0.0,0.0,0.0,1.0,0.0,5.0,1.0,0,0.0,0.0,0.0
embreal01,2000,NLDS2,SFN,NL,0,0,2,0,0,0,0,5,0,0,0,0,0,0.0,0.0,0.0,0.0,0.0,0.0,5.0,0.0,0,0.0,0.0,1.0
estessh01,2000,NLDS2,SFN,NL,0,0,1,1,0,0,0,9,3,2,0,3,3,0.25,6.0,0.0,0.0,1.0,0.0,16.0,0.0,2,0.0,0.0,0.0
francjo01,2000,NLDS2,NYN,NL,0,0,2,0,0,0,1,6,1,0,0,0,2,0.167,0.0,0.0,0.0,0.0,0.0,7.0,1.0,0,1.0,0.0,0.0
fultzaa01,2000,NLDS2,SFN,NL,0,1,1,0,0,0,0,4,3,1,1,0,0,0.5,6.75,0.0,0.0,0.0,0.0,6.0,1.0,1,0.0,0.0,0.0
gardnma01,2000,NLDS2,SFN,NL,0,1,1,1,0,0,0,13,4,4,1,2,5,0.222,8.31,0.0,1.0,0.0,0.0,20.0,0.0,4,0.0,0.0,0.0
hamptmi01,2000,NLDS2,NYN,NL,0,1,1,1,0,0,0,16,6,5,1,3,2,0.273,8.44,1.0,0.0,0.0,0.0,25.0,0.0,5,0.0,0.0,0.0
henrydo01,2000,NLDS2,SFN,NL,0,0,3,0,0,0,0,12,1,1,0,3,1,0.091,2.25,1.0,0.0,1.0,0.0,15.0,0.0,1,0.0,0.0,1.0
hernali01,2000,NLDS2,SFN,NL,1,0,1,1,0,0,0,23,5,1,0,5,5,0.185,1.17,0.0,0.0,0.0,0.0,33.0,0.0,1,0.0,1.0,0.0
jonesbo03,2000,NLDS2,NYN,NL,1,0,1,1,1,1,0,27,1,0,0,2,5,0.036,0.0,0.0,0.0,0.0,0.0,30.0,0.0,0,0.0,0.0,0.0
leiteal01,2000,NLDS2,NYN,NL,0,0,1,1,0,0,0,24,5,2,0,3,6,0.185,2.25,0.0,0.0,0.0,0.0,30.0,0.0,2,0.0,0.0,1.0
nenro01,2000,NLDS2,SFN,NL,0,0,2,0,0,0,0,7,2,0,0,1,3,0.222,0.0,0.0,0.0,0.0,0.0,10.0,1.0,0,0.0,0.0,0.0
ortizru01,2000,NLDS2,SFN,NL,0,0,1,1,0,0,0,16,2,1,0,4,4,0.118,1.69,1.0,0.0,0.0,0.0,21.0,0.0,1,0.0,0.0,0.0
reedri01,2000,NLDS2,NYN,NL,0,0,1,1,0,0,0,18,7,2,0,2,6,0.28,3.0,1.0,0.0,0.0,0.0,27.0,0.0,2,0.0,0.0,0.0
rodrife01,2000,NLDS2,SFN,NL,0,1,3,0,0,0,0,13,6,3,1,1,6,0.316,6.23,0.0,0.0,0.0,0.0,20.0,1.0,3,0.0,0.0,0.0
rueteki01,2000,NLDS2,SFN,NL,0,0,1,0,0,0,0,13,3,0,0,1,1,0.2,0.0,0.0,0.0,0.0,0.0,16.0,0.0,0,0.0,0.0,1.0
ruschgl01,2000,NLDS2,NYN,NL,0,0,1,0,0,0,0,2,0,0,0,0,2,0.0,0.0,0.0,0.0,0.0,0.0,2.0,1.0,0,0.0,0.0,0.0
wendetu01,2000,NLDS2,NYN,NL,0,0,2,0,0,0,0,6,0,0,0,1,5,0.0,0.0,0.0,0.0,0.0,0.0,7.0,0.0,0,0.0,0.0,0.0
whiteri01,2000,NLDS2,NYN,NL,1,0,2,0,0,0,0,8,6,0,0,2,4,0.429,0.0,0.0,0.0,0.0,0.0,16.0,1.0,0,0.0,0.0,0.0
benitar01,2000,WS,NYN,NL,0,0,3,0,0,0,1,9,3,1,0,2,2,0.25,3.0,0.0,0.0,0.0,0.0,15.0,2.0,1,0.0,1.0,0.0
clemero02,2000,WS,NYA,AL,1,0,1,1,0,0,0,24,2,0,0,0,9,0.074,0.0,0.0,1.0,1.0,0.0,28.0,0.0,0,0.0,0.0,0.0
coneda01,2000,WS,NYA,AL,0,0,1,0,0,0,0,1,0,0,0,0,0,0.0,0.0,0.0,0.0,0.0,0.0,1.0,0.0,0,0.0,0.0,0.0
cookde01,2000,WS,NYN,NL,0,0,3,0,0,0,0,2,1,0,0,3,1,0.333,0.0,0.0,0.0,1.0,0.0,7.0,1.0,0,0.0,0.0,0.0
francjo01,2000,WS,NYN,NL,1,0,4,0,0,0,0,10,3,0,0,0,1,0.273,0.0,0.0,0.0,0.0,0.0,11.0,1.0,0,0.0,0.0,2.0
hamptmi01,2000,WS,NYN,NL,0,1,1,1,0,0,0,18,8,4,1,5,4,0.32,6.0,1.0,0.0,1.0,0.0,31.0,0.0,4,0.0,0.0,0.0
hernaor01,2000,WS,NYA,AL,0,1,1,1,0,0,0,22,9,4,1,3,12,0.3,4.91,0.0,0.0,0.0,0.0,34.0,0.0,4,1.0,0.0,0.0
jonesbo03,2000,WS,NYN,NL,0,1,1,1,0,0,0,15,4,3,1,3,3,0.222,5.4,2.0,0.0,0.0,0.0,22.0,0.0,3,0.0,1.0,0.0
leiteal01,2000,WS,NYN,NL,0,1,2,2,0,0,0,47,12,5,2,6,16,0.207,2.87,1.0,0.0,0.0,0.0,64.0,0.0,6,0.0,0.0,0.0
neaglde01,2000,WS,NYA,AL,0,0,1,1,0,0,0,14,4,2,1,2,3,0.222,3.86,0.0,0.0,0.0,0.0,20.0,0.0,2,0.0,0.0,0.0
nelsoje01,2000,WS,NYA,AL,1,0,3,0,0,0,0,8,5,3,1,1,1,0.417,10.12,0.0,0.0,0.0,0.0,13.0,0.0,3,0.0,0.0,0.0
pettian01,2000,WS,NYA,AL,0,0,2,2,0,0,0,41,16,3,0,4,9,0.302,1.98,1.0,0.0,1.0,0.0,60.0,0.0,5,2.0,0.0,0.0
reedri01,2000,WS,NYN,NL,0,0,1,1,0,0,0,18,6,2,0,1,8,0.261,3.0,0.0,0.0,1.0,0.0,26.0,0.0,2,1.0,0.0,0.0
riverma01,2000,WS,NYA,AL,0,0,4,0,0,0,2,18,4,2,1,1,7,0.182,3.0,0.0,0.0,1.0,0.0,24.0,3.0,2,0.0,0.0,0.0
ruschgl01,2000,WS,NYN,NL,0,0,3,0,0,0,0,12,6,1,0,2,2,0.353,2.25,1.0,2.0,0.0,0.0,19.0,0.0,1,0.0,0.0,1.0
stantmi02,2000,WS,NYA,AL,2,0,4,0,0,0,0,13,0,0,0,0,7,0.0,0.0,0.0,0.0,0.0,0.0,13.0,2.0,0,0.0,1.0,0.0
wendetu01,2000,WS,NYN,NL,0,1,2,0,0,0,0,5,3,1,0,2,2,0.375,5.4,1.0,0.0,0.0,0.0,10.0,1.0,1,0.0,0.0,0.0
whiteri01,2000,WS,NYN,NL,0,0,1,0,0,0,0,4,1,1,0,1,1,0.25,6.75,1.0,0.0,0.0,0.0,6.0,0.0,1,0.0,1.0,0.0
abbotpa01,2001,ALCS,SEA,AL,0,0,1,1,0,0,0,15,0,0,0,8,2,0.0,0.0,0.0,0.0,0.0,0.0,21.0,0.0,0,1.0,0.0,0.0
charlno01,2001,ALCS,SEA,AL,0,0,2,0,0,0,0,5,1,0,0,2,2,0.167,0.0,1.0,0.0,0.0,0.0,8.0,0.0,0,0.0,0.0,0.0
clemero02,2001,ALCS,NYA,AL,0,0,1,1,0,0,0,15,1,0,0,4,7,0.062,0.0,0.0,1.0,0.0,0.0,20.0,0.0,0,0.0,0.0,0.0
garcifr02,2001,ALCS,SEA,AL,0,1,1,1,0,0,0,22,7,3,0,4,6,0.292,3.68,0.0,0.0,0.0,0.0,29.0,0.0,3,1.0,0.0,1.0
halamjo01,2001,ALCS,SEA,AL,0,0,2,0,0,0,0,6,3,3,0,0,0,0.333,13.5,0.0,0.0,0.0,0.0,9.0,1.0,3,0.0,0.0,0.0
hernaor01,2001,ALCS,NYA,AL,0,1,1,1,0,0,0,15,5,4,1,5,7,0.25,7.2,0.0,0.0,0.0,0.0,25.0,0.0,5,0.0,0.0,0.0
mendora01,2001,ALCS,NYA,AL,0,0,3,0,0,0,0,16,3,1,1,2,4,0.158,1.69,1.0,0.0,0.0,0.0,21.0,0.0,1,0.0,0.0,0.0
moyerja01,2001,ALCS,SEA,AL,1,0,1,1,0,0,0,21,4,2,1,1,5,0.167,2.57,0.0,0.0,1.0,0.0,26.0,0.0,2,0.0,0.0,1.0
mussimi01,2001,ALCS,NYA,AL,1,0,1,1,0,0,0,18,4,2,1,1,3,0.182,3.0,0.0,0.0,1.0,0.0,24.0,0.0,2,0.0,0.0,1.0
nelsoje01,2001,ALCS,SEA,AL,0,0,2,0,0,0,0,7,1,0,0,1,3,0.143,0.0,0.0,0.0,0.0,0.0,8.0,1.0,0,0.0,0.0,1.0
paniajo01,2001,ALCS,SEA,AL,0,0,3,0,0,0,0,11,7,5,1,1,1,0.412,12.27,0.0,1.0,0.0,0.0,18.0,2.0,5,0.0,0.0,1.0
pettian01,2001,ALCS,NYA,AL,2,0,2,2,0,0,0,43,11,4,0,2,8,0.216,2.51,0.0,0.0,0.0,0.0,54.0,0.0,4,1.0,0.0,2.0
pineijo01,2001,ALCS,SEA,AL,0,0,1,0,0,0,0,6,4,1,0,2,5,0.4,4.5,0.0,1.0,0.0,0.0,12.0,0.0,1,0.0,0.0,0.0
rhodear01,2001,ALCS,SEA,AL,0,0,2,0,0,0,0,6,2,1,1,0,2,0.25,4.5,0.0,0.0,0.0,0.0,8.0,0.0,1,0.0,0.0,0.0
riverma01,2001,ALCS,NYA,AL,1,0,4,0,0,0,2,14,2,1,0,1,3,0.125,1.93,0.0,2.0,0.0,0.0,17.0,4.0,1,0.0,0.0,0.0
sasakka01,2001,ALCS,SEA,AL,0,1,1,0,0,0,0,1,2,2,1,0,0,0.667,54.0,0.0,0.0,0.0,0.0,3.0,1.0,2,0.0,0.0,0.0
seleaa01,2001,ALCS,SEA,AL,0,2,2,2,0,0,0,30,11,4,3,4,5,0.282,3.6,0.0,0.0,1.0,0.0,47.0,0.0,8,2.0,1.0,0.0
stantmi02,2001,ALCS,NYA,AL,0,0,2,0,0,0,0,3,1,3,0,2,0,0.2,27.0,1.0,0.0,0.0,0.0,7.0,0.0,3,0.0,0.0,0.0
witasja01,2001,ALCS,NYA,AL,0,0,1,0,0,0,0,9,6,3,1,0,2,0.375,9.0,0.0,0.0,0.0,0.0,16.0,1.0,3,0.0,0.0,0.0
wohlema01,2001,ALCS,NYA,AL,0,0,1,0,0,0,0,2,3,1,1,1,1,0.5,13.5,0.0,0.0,0.0,0.0,7.0,0.0,3,0.0,0.0,0.0
abbotpa01,2001,ALDS1,SEA,AL,0,0,1,0,0,0,0,9,9,8,3,5,3,0.529,24.0,0.0,0.0,0.0,0.0,22.0,0.0,8,0.0,0.0,0.0
baezda01,2001,ALDS1,CLE,AL,0,0,3,0,0,0,0,11,4,1,0,0,6,0.267,2.45,0.0,0.0,0.0,0.0,15.0,2.0,1,0.0,0.0,0.0
burbada01,2001,ALDS1,CLE,AL,0,0,1,0,0,0,0,3,0,0,0,0,1,0.0,0.0,0.0,0.0,0.0,0.0,3.0,0.0,0,0.0,0.0,0.0
charlno01,2001,ALDS1,SEA,AL,0,0,1,0,0,0,0,5,0,0,0,0,2,0.0,0.0,0.0,0.0,0.0,0.0,5.0,0.0,0,0.0,0.0,0.0
colonba01,2001,ALDS1,CLE,AL,1,1,2,2,0,0,0,44,12,3,0,6,13,0.231,1.84,0.0,0.0,0.0,0.0,59.0,0.0,3,0.0,1.0,3.0
finlech01,2001,ALDS1,CLE,AL,0,2,2,2,0,0,0,26,9,7,3,6,10,0.29,7.27,0.0,1.0,1.0,0.0,39.0,0.0,7,1.0,0.0,1.0
garcifr02,2001,ALDS1,SEA,AL,1,1,2,2,0,0,0,35,13,5,1,3,13,0.277,3.86,0.0,0.0,0.0,0.0,50.0,0.0,6,0.0,0.0,1.0
halamjo01,2001,ALDS1,SEA,AL,0,0,2,0,0,0,0,9,3,0,0,0,3,0.3,0.0,0.0,0.0,0.0,0.0,11.0,1.0,0,0.0,1.0,1.0
moyerja01,2001,ALDS1,SEA,AL,2,0,2,2,0,0,0,36,8,2,0,2,10,0.186,1.5,0.0,0.0,0.0,0.0,45.0,0.0,2,0.0,0.0,2.0
nelsoje01,2001,ALDS1,SEA,AL,0,0,3,0,0,0,0,9,1,0,0,1,5,0.1,0.0,0.0,0.0,0.0,0.0,11.0,0.0,0,0.0,0.0,1.0
paniajo01,2001,ALDS1,SEA,AL,0,0,2,0,0,0,0,6,4,6,1,2,1,0.4,27.0,0.0,0.0,1.0,0.0,13.0,1.0,6,0.0,0.0,0.0
rhodear01,2001,ALDS1,SEA,AL,0,0,3,0,0,0,0,8,1,0,0,0,1,0.111,0.0,0.0,1.0,0.0,0.0,9.0,0.0,0,0.0,0.0,0.0
rincori01,2001,ALDS1,CLE,AL,0,0,3,0,0,0,0,6,2,2,0,0,3,0.286,9.0,0.0,1.0,0.0,0.0,8.0,0.0,2,1.0,0.0,0.0
riskeda01,2001,ALDS1,CLE,AL,0,0,3,0,0,0,0,11,2,0,0,1,5,0.154,0.0,0.0,0.0,0.0,0.0,14.0,0.0,0,0.0,0.0,0.0
rockejo01,2001,ALDS1,CLE,AL,0,0,1,0,0,0,0,3,1,0,0,0,1,0.25,0.0,0.0,0.0,0.0,0.0,4.0,1.0,0,0.0,0.0,0.0
sabatcc01,2001,ALDS1,CLE,AL,1,0,1,1,0,0,0,18,6,2,0,5,5,0.261,3.0,1.0,0.0,0.0,0.0,28.0,0.0,2,0.0,0.0,0.0
sasakka01,2001,ALDS1,SEA,AL,0,0,3,0,0,0,1,9,1,0,0,0,5,0.1,0.0,0.0,0.0,0.0,0.0,10.0,3.0,0,0.0,0.0,0.0
seleaa01,2001,ALDS1,SEA,AL,0,1,1,1,0,0,0,6,5,2,0,0,0,0.417,9.0,0.0,0.0,0.0,0.0,12.0,0.0,4,0.0,0.0,0.0
shueypa01,2001,ALDS1,CLE,AL,0,0,2,0,0,0,0,4,3,1,1,0,2,0.429,6.75,0.0,0.0,0.0,0.0,7.0,1.0,1,0.0,0.0,0.0
wickmbo01,2001,ALDS1,CLE,AL,0,0,1,0,0,0,0,3,0,0,0,0,2,0.0,0.0,0.0,0.0,0.0,0.0,3.0,1.0,0,0.0,0.0,0.0
bradfch01,2001,ALDS2,OAK,AL,0,0,1,0,0,0,0,3,0,0,0,0,1,0.0,0.0,0.0,0.0,0.0,0.0,3.0,0.0,0,0.0,0.0,0.0
clemero02,2001,ALDS2,NYA,AL,0,1,2,2,0,0,0,25,9,5,1,4,6,0.265,5.4,0.0,1.0,2.0,0.0,41.0,0.0,5,0.0,1.0,1.0
guthrma01,2001,ALDS2,OAK,AL,0,0,2,0,0,0,0,9,0,0,0,0,2,0.0,0.0,0.0,0.0,0.0,0.0,9.0,1.0,0,0.0,0.0,0.0
hernaor01,2001,ALDS2,NYA,AL,1,0,1,1,0,0,0,17,8,2,0,2,5,0.333,3.18,0.0,1.0,1.0,0.0,27.0,0.0,2,0.0,0.0,1.0
hiljuer01,2001,ALDS2,OAK,AL,0,0,1,0,0,0,0,1,0,1,0,2,0,0.0,27.0,0.0,0.0,0.0,0.0,3.0,0.0,1,0.0,0.0,0.0
hitchst01,2001,ALDS2,NYA,AL,0,0,1,0,0,0,0,9,5,2,2,0,2,0.385,6.0,0.0,0.0,0.0,0.0,13.0,0.0,2,0.0,0.0,0.0
hudsoti01,2001,ALDS2,OAK,AL,1,0,2,1,0,0,0,29,8,1,1,1,5,0.222,0.93,0.0,0.0,0.0,0.0,37.0,0.0,1,0.0,0.0,0.0
isrinja01,2001,ALDS2,OAK,AL,0,0,2,0,0,0,2,6,1,0,0,1,3,0.143,0.0,0.0,0.0,0.0,0.0,8.0,2.0,0,0.0,0.0,0.0
lidleco01,2001,ALDS2,OAK,AL,0,1,1,1,0,0,0,10,5,4,0,3,0,0.357,10.8,0.0,0.0,0.0,0.0,18.0,0.0,6,1.0,0.0,0.0
magnami01,2001,ALDS2,OAK,AL,0,0,1,0,0,0,0,4,3,0,0,1,1,0.5,0.0,0.0,0.0,0.0,0.0,7.0,0.0,0,0.0,0.0,0.0
mecirji01,2001,ALDS2,OAK,AL,0,0,2,0,0,0,0,10,4,2,1,0,4,0.286,5.4,0.0,0.0,0.0,0.0,14.0,1.0,2,0.0,0.0,0.0
mendora01,2001,ALDS2,NYA,AL,0,0,3,0,0,0,0,13,2,0,0,1,5,0.133,0.0,1.0,0.0,0.0,0.0,16.0,1.0,0,0.0,0.0,0.0
muldema01,2001,ALDS2,OAK,AL,1,1,2,2,0,0,0,33,14,3,0,2,7,0.318,2.45,0.0,0.0,2.0,0.0,50.0,0.0,5,1.0,1.0,2.0
mussimi01,2001,ALDS2,NYA,AL,1,0,1,1,0,0,0,21,4,0,0,1,4,0.167,0.0,0.0,0.0,0.0,0.0,25.0,0.0,0,0.0,0.0,0.0
pettian01,2001,ALDS2,NYA,AL,0,1,1,1,0,0,0,19,7,1,1,2,4,0.269,1.42,0.0,0.0,0.0,0.0,28.0,0.0,1,0.0,0.0,0.0
riverma01,2001,ALDS2,NYA,AL,0,0,3,0,0,0,2,15,4,0,0,0,4,0.211,0.0,0.0,0.0,0.0,0.0,19.0,3.0,1,0.0,0.0,1.0
stantmi02,2001,ALDS2,NYA,AL,1,0,3,0,0,0,0,14,3,0,0,0,1,0.176,0.0,0.0,0.0,0.0,0.0,17.0,1.0,0,0.0,0.0,0.0
tamje01,2001,ALDS2,OAK,AL,0,0,1,0,0,0,0,3,3,2,0,0,0,0.5,18.0,0.0,0.0,0.0,0.0,6.0,1.0,2,0.0,0.0,0.0
witasja01,2001,ALDS2,NYA,AL,0,0,1,0,0,0,0,2,1,1,0,1,0,0.5,13.5,0.0,0.0,0.0,0.0,4.0,0.0,1,0.0,1.0,0.0
zitoba01,2001,ALDS2,OAK,AL,0,1,1,1,0,0,0,24,2,1,1,1,6,0.077,1.12,0.0,0.0,2.0,0.0,29.0,0.0,1,0.0,0.0,1.0
anderbr02,2001,NLCS,ARI,NL,1,0,1,0,0,0,0,10,4,1,0,1,0,0.308,2.7,0.0,0.0,0.0,0.0,14.0,0.0,1,0.0,0.0,1.0
batismi01,2001,NLCS,ARI,NL,0,1,2,1,0,0,0,21,5,4,2,2,3,0.185,5.14,0.0,0.0,0.0,0.0,29.0,0.0,4,0.0,0.0,0.0
burkejo03,2001,NLCS,ATL,NL,0,1,1,1,0,0,0,13,7,4,0,2,2,0.389,8.31,1.0,0.0,0.0,0.0,21.0,0.0,5,1.0,0.0,0.0
glavito02,2001,NLCS,ATL,NL,1,1,2,2,0,0,0,36,10,2,1,5,5,0.217,1.5,0.0,1.0,0.0,0.0,52.0,0.0,4,1.0,0.0,0.0
johnsra05,2001,NLCS,ARI,NL,2,0,2,2,1,1,0,48,10,2,1,3,19,0.169,1.12,0.0,0.0,0.0,0.0,62.0,0.0,2,0.0,0.0,0.0
karsast01,2001,NLCS,ATL,NL,0,0,4,0,0,0,0,13,3,1,0,1,6,0.176,2.08,1.0,1.0,0.0,0.0,18.0,1.0,1,0.0,0.0,0.0
kimby01,2001,NLCS,ARI,NL,0,0,3,0,0,0,2,15,0,0,0,1,3,0.0,0.0,0.0,0.0,0.0,0.0,15.0,3.0,0,0.0,0.0,1.0
ligteke01,2001,NLCS,ATL,NL,0,0,2,0,0,0,0,9,0,0,0,1,2,0.0,0.0,0.0,0.0,0.0,0.0,9.0,0.0,0,0.0,0.0,1.0
lopezal02,2001,NLCS,ARI,NL,0,0,1,1,0,0,0,9,5,2,1,1,1,0.357,6.0,0.0,0.0,0.0,0.0,15.0,0.0,2,0.0,0.0,0.0
maddugr01,2001,NLCS,ATL,NL,0,2,2,2,0,0,0,30,14,6,0,2,7,0.311,5.4,1.0,0.0,1.0,0.0,48.0,0.0,8,0.0,0.0,3.0
marquja01,2001,NLCS,ATL,NL,0,0,2,0,0,0,0,6,2,0,1,2,3,0.222,0.0,0.0,0.0,0.0,0.0,11.0,2.0,4,0.0,0.0,0.0
millwke01,2001,NLCS,ATL,NL,0,0,1,0,0,0,0,3,0,0,0,0,1,0.0,0.0,0.0,0.0,0.0,0.0,3.0,0.0,0,0.0,0.0,0.0
morgami01,2001,NLCS,ARI,NL,0,0,2,0,0,0,0,3,3,3,0,1,1,0.5,27.0,0.0,0.0,0.0,0.0,7.0,0.0,3,0.0,0.0,0.0
reedst01,2001,NLCS,ATL,NL,0,0,1,0,0,0,0,0,0,0,0,0,0,0.0,,0.0,0.0,0.0,0.0,1.0,0.0,0,0.0,0.0,0.0
remlimi01,2001,NLCS,ATL,NL,0,0,3,0,0,0,0,7,3,0,0,2,2,0.333,0.0,0.0,0.0,0.0,0.0,11.0,0.0,0,0.0,0.0,1.0
schilcu01,2001,NLCS,ARI,NL,1,0,1,1,1,0,0,27,4,1,0,2,12,0.133,1.0,0.0,0.0,0.0,0.0,32.0,0.0,1,0.0,0.0,1.0
seaneru01,2001,NLCS,ATL,NL,0,0,2,0,0,0,0,6,1,0,0,3,3,0.143,0.0,2.0,0.0,0.0,0.0,10.0,0.0,0,0.0,0.0,0.0
smoltjo01,2001,NLCS,ATL,NL,0,0,2,0,0,0,0,9,0,0,0,0,1,0.0,0.0,0.0,0.0,0.0,0.0,9.0,2.0,0,0.0,0.0,0.0
swindgr01,2001,NLCS,ARI,NL,0,0,2,0,0,0,0,1,1,1,1,0,0,0.5,27.0,0.0,0.0,0.0,0.0,2.0,0.0,1,0.0,0.0,0.0
wittbo01,2001,NLCS,ARI,NL,0,0,1,0,0,0,0,1,3,1,0,0,0,0.75,27.0,0.0,0.0,0.0,0.0,4.0,0.0,1,0.0,0.0,0.0
burkejo03,2001,NLDS1,ATL,NL,1,0,1,1,0,0,0,19,6,2,1,2,4,0.24,2.84,0.0,0.0,0.0,0.0,27.0,0.0,2,0.0,0.0,0.0
cruzne01,2001,NLDS1,HOU,NL,0,0,2,0,0,0,0,8,1,0,0,1,1,0.125,0.0,1.0,0.0,0.0,0.0,9.0,0.0,0,0.0,0.0,1.0
doteloc01,2001,NLDS1,HOU,NL,0,0,2,0,0,0,0,10,5,2,1,0,5,0.333,5.4,0.0,0.0,0.0,0.0,15.0,0.0,2,0.0,0.0,0.0
glavito02,2001,NLDS1,ATL,NL,1,0,1,1,0,0,0,24,6,0,0,2,3,0.222,0.0,0.0,0.0,0.0,0.0,29.0,0.0,0,0.0,0.0,2.0
jacksmi02,2001,NLDS1,HOU,NL,0,1,2,0,0,0,0,2,3,2,0,0,1,0.5,27.0,0.0,0.0,0.0,0.0,6.0,0.0,3,0.0,0.0,0.0
karsast01,2001,NLDS1,ATL,NL,0,0,1,0,0,0,0,3,0,0,0,0,1,0.0,0.0,0.0,0.0,0.0,0.0,3.0,0.0,0,0.0,0.0,0.0
maddugr01,2001,NLDS1,ATL,NL,0,0,1,1,0,0,0,18,4,2,1,3,5,0.19,3.0,0.0,0.0,0.0,0.0,24.0,0.0,3,0.0,0.0,2.0
millewa04,2001,NLDS1,HOU,NL,0,0,1,1,0,0,0,21,7,2,1,0,6,0.292,2.57,0.0,0.0,0.0,0.0,25.0,0.0,2,0.0,1.0,1.0
mlickda01,2001,NLDS1,HOU,NL,0,1,1,1,0,0,0,15,4,0,0,2,0,0.25,0.0,0.0,0.0,0.0,0.0,18.0,0.0,1,0.0,0.0,1.0
reedst01,2001,NLDS1,ATL,NL,0,0,1,0,0,0,0,1,0,0,0,0,0,0.0,0.0,0.0,0.0,0.0,0.0,1.0,0.0,0,0.0,0.0,0.0
remlimi01,2001,NLDS1,ATL,NL,0,0,1,0,0,0,0,1,0,0,0,0,0,0.0,0.0,0.0,0.0,0.0,0.0,1.0,0.0,0,0.0,0.0,0.0
reynosh01,2001,NLDS1,HOU,NL,0,1,1,1,0,0,0,12,6,4,2,1,1,0.375,9.0,0.0,0.0,0.0,0.0,18.0,0.0,4,1.0,0.0,0.0
seaneru01,2001,NLDS1,ATL,NL,1,0,1,0,0,0,0,3,0,0,0,1,0,0.0,0.0,0.0,0.0,0.0,0.0,4.0,0.0,0,0.0,0.0,0.0
smoltjo01,2001,NLDS1,ATL,NL,0,0,3,0,0,0,2,12,3,1,1,0,3,0.214,2.25,0.0,0.0,0.0,0.0,14.0,3.0,1,0.0,0.0,1.0
villoro01,2001,NLDS1,HOU,NL,0,0,1,0,0,0,0,2,0,0,0,0,0,0.0,0.0,0.0,0.0,0.0,0.0,2.0,1.0,0,0.0,0.0,0.0
wagnebi02,2001,NLDS1,HOU,NL,0,0,2,0,0,0,0,5,1,1,1,0,3,0.167,5.4,0.0,1.0,1.0,0.0,7.0,1.0,1,0.0,0.0,0.0
willimi03,2001,NLDS1,HOU,NL,0,0,1,0,0,0,0,3,3,1,1,0,1,0.5,9.0,0.0,0.0,0.0,0.0,6.0,1.0,1,0.0,0.0,0.0
anderbr02,2001,NLDS2,ARI,NL,0,0,2,0,0,0,0,12,3,1,1,0,3,0.214,2.25,0.0,0.0,1.0,0.0,16.0,0.0,1,1.0,0.0,0.0
batismi01,2001,NLDS2,ARI,NL,1,0,2,1,0,0,0,20,3,2,1,1,4,0.136,2.7,0.0,0.0,0.0,0.0,25.0,1.0,2,2.0,0.0,0.0
hermadu01,2001,NLDS2,SLN,NL,0,0,1,0,0,0,0,9,0,0,0,0,0,0.0,0.0,0.0,0.0,0.0,0.0,9.0,0.0,0,0.0,0.0,0.0
johnsra05,2001,NLDS2,ARI,NL,0,1,1,1,0,0,0,24,6,3,1,2,9,0.222,3.38,0.0,0.0,0.0,0.0,31.0,0.0,3,1.0,1.0,2.0
kileda01,2001,NLDS2,SLN,NL,0,0,1,1,0,0,0,18,3,2,1,5,5,0.167,3.0,0.0,0.0,0.0,0.0,24.0,0.0,2,1.0,0.0,0.0
kimby01,2001,NLDS2,ARI,NL,0,0,1,0,0,0,1,4,1,0,0,2,1,0.25,0.0,0.0,1.0,0.0,0.0,6.0,1.0,0,0.0,0.0,1.0
klinest02,2001,NLDS2,SLN,NL,0,1,4,0,0,0,2,13,4,1,0,2,0,0.308,2.08,1.0,0.0,0.0,0.0,17.0,4.0,1,2.0,0.0,1.0
lopezal02,2001,NLDS2,ARI,NL,0,1,1,1,0,0,0,9,4,4,2,3,0,0.364,12.0,0.0,0.0,0.0,0.0,15.0,0.0,4,1.0,0.0,1.0
matthmi01,2001,NLDS2,SLN,NL,0,1,1,0,0,0,0,2,4,3,1,0,0,0.667,40.5,0.0,0.0,0.0,0.0,6.0,0.0,3,0.0,0.0,0.0
morgami01,2001,NLDS2,ARI,NL,0,0,3,0,0,0,0,4,2,1,0,2,1,0.333,6.75,0.0,0.0,0.0,0.0,8.0,1.0,1,0.0,0.0,0.0
morrima01,2001,NLDS2,SLN,NL,0,1,2,2,0,0,0,45,13,2,1,5,12,0.236,1.2,0.0,0.0,1.0,0.0,63.0,0.0,2,2.0,0.0,2.0
schilcu01,2001,NLDS2,ARI,NL,2,0,2,2,2,1,0,54,9,1,1,2,18,0.143,0.5,0.0,0.0,0.0,0.0,67.0,0.0,1,2.0,0.0,0.0
smithbu02,2001,NLDS2,SLN,NL,1,0,1,1,0,0,0,15,4,1,0,4,2,0.222,1.8,0.0,0.0,0.0,0.0,22.0,0.0,1,0.0,0.0,1.0
stechge01,2001,NLDS2,SLN,NL,0,0,2,0,0,0,0,1,3,0,0,0,0,0.75,0.0,0.0,0.0,0.0,0.0,4.0,0.0,0,0.0,0.0,0.0
swindgr01,2001,NLDS2,ARI,NL,0,0,2,0,0,0,0,5,1,0,0,0,2,0.2,0.0,0.0,0.0,0.0,0.0,6.0,0.0,0,1.0,0.0,0.0
timlimi01,2001,NLDS2,SLN,NL,0,0,1,0,0,0,0,4,1,0,0,0,0,0.2,0.0,0.0,0.0,0.0,0.0,5.0,0.0,0,0.0,0.0,0.0
veresda01,2001,NLDS2,SLN,NL,0,0,2,0,0,0,0,3,1,0,0,1,1,0.333,0.0,1.0,0.0,0.0,0.0,5.0,1.0,0,1.0,0.0,0.0
williwo02,2001,NLDS2,SLN,NL,1,0,1,1,0,0,0,21,4,1,0,1,9,0.16,1.29,0.0,0.0,0.0,0.0,26.0,0.0,1,0.0,0.0,0.0
anderbr02,2001,WS,ARI,NL,0,1,1,1,0,0,0,16,5,2,1,3,1,0.238,3.38,0.0,1.0,0.0,0.0,24.0,0.0,2,0.0,0.0,1.0
batismi01,2001,WS,ARI,NL,0,0,2,1,0,0,0,24,5,0,0,5,6,0.192,0.0,0.0,1.0,0.0,0.0,31.0,0.0,0,0.0,0.0,2.0
brohatr01,2001,WS,ARI,NL,0,0,1,0,0,0,0,3,1,0,0,0,1,0.25,0.0,0.0,0.0,0.0,0.0,4.0,1.0,0,0.0,0.0,0.0
choatra01,2001,WS,NYA,AL,0,0,2,0,0,0,0,11,7,1,0,1,2,0.35,2.45,1.0,0.0,0.0,0.0,21.0,0.0,4,0.0,0.0,0.0
clemero02,2001,WS,NYA,AL,1,0,2,2,0,0,0,40,10,2,0,4,19,0.204,1.35,0.0,0.0,1.0,0.0,55.0,0.0,2,0.0,1.0,0.0
hernaor01,2001,WS,NYA,AL,0,0,1,1,0,0,0,19,4,1,1,4,5,0.222,1.42,0.0,0.0,2.0,0.0,27.0,0.0,1,3.0,0.0,1.0
hitchst01,2001,WS,NYA,AL,1,0,2,0,0,0,0,12,1,0,0,0,6,0.077,0.0,0.0,0.0,0.0,0.0,13.0,1.0,0,0.0,0.0,0.0
johnsra05,2001,WS,ARI,NL,3,0,3,2,1,1,0,52,9,2,0,3,19,0.15,1.04,0.0,0.0,0.0,0.0,63.0,1.0,2,0.0,0.0,1.0
kimby01,2001,WS,ARI,NL,0,1,2,0,0,0,0,10,6,5,3,1,6,0.375,13.5,0.0,0.0,0.0,0.0,17.0,1.0,5,0.0,0.0,0.0
lopezal02,2001,WS,ARI,NL,0,1,1,0,0,0,0,1,2,1,0,0,0,1.0,27.0,0.0,0.0,0.0,0.0,3.0,1.0,1,1.0,0.0,0.0
mendora01,2001,WS,NYA,AL,0,0,2,0,0,0,0,8,1,0,0,0,1,0.111,0.0,0.0,0.0,0.0,0.0,9.0,0.0,0,0.0,0.0,1.0
morgami01,2001,WS,ARI,NL,0,0,3,0,0,0,0,14,1,0,0,0,1,0.067,0.0,0.0,1.0,0.0,0.0,15.0,0.0,0,0.0,0.0,0.0
mussimi01,2001,WS,NYA,AL,0,1,2,2,0,0,0,33,11,5,4,4,14,0.256,4.09,3.0,1.0,1.0,0.0,50.0,0.0,7,1.0,1.0,0.0
pettian01,2001,WS,NYA,AL,0,2,2,2,0,0,0,27,12,10,1,2,9,0.324,10.0,1.0,0.0,1.0,0.0,40.0,0.0,10,0.0,0.0,2.0
riverma01,2001,WS,NYA,AL,1,1,4,0,0,0,1,19,6,1,0,1,7,0.24,1.42,1.0,0.0,1.0,0.0,28.0,3.0,2,1.0,0.0,0.0
schilcu01,2001,WS,ARI,NL,1,0,3,3,0,0,0,64,12,4,2,2,26,0.162,1.69,0.0,0.0,1.0,0.0,77.0,0.0,4,0.0,0.0,1.0
stantmi02,2001,WS,NYA,AL,0,0,5,0,0,0,0,17,3,2,0,1,3,0.167,3.18,0.0,0.0,0.0,0.0,19.0,3.0,2,0.0,0.0,1.0
swindgr01,2001,WS,ARI,NL,0,0,3,0,0,0,0,8,1,0,0,1,2,0.111,0.0,0.0,1.0,0.0,0.0,10.0,2.0,0,0.0,0.0,0.0
witasja01,2001,WS,NYA,AL,0,0,1,0,0,0,0,4,10,8,0,0,4,0.714,54.0,0.0,1.0,0.0,0.0,14.0,0.0,9,0.0,0.0,0.0
wittbo01,2001,WS,ARI,NL,0,0,1,0,0,0,0,3,0,0,0,1,1,0.0,0.0,0.0,0.0,0.0,0.0,3.0,0.0,0,0.0,0.0,1.0
appieke01,2002,ALCS,ANA,AL,0,1,2,2,0,0,0,31,10,4,0,4,3,0.278,3.48,0.0,2.0,0.0,0.0,43.0,0.0,4,2.0,1.0,1.0
donnebr01,2002,ALCS,ANA,AL,0,0,3,0,0,0,0,10,3,3,0,0,5,0.231,8.1,0.0,1.0,1.0,0.0,14.0,0.0,3,0.0,0.0,0.0
guarded01,2002,ALCS,MIN,AL,0,0,1,0,0,0,1,3,0,0,0,1,2,0.0,0.0,0.0,0.0,0.0,0.0,4.0,1.0,0,0.0,0.0,0.0
hawkila01,2002,ALCS,MIN,AL,0,0,4,0,0,0,0,4,4,3,0,1,1,0.571,20.25,0.0,0.0,0.0,0.0,9.0,0.0,3,1.0,0.0,0.0
jacksmi02,2002,ALCS,MIN,AL,0,0,3,0,0,0,0,3,5,3,0,2,2,0.625,27.0,1.0,0.0,0.0,0.0,10.0,1.0,3,0.0,0.0,0.0
lackejo01,2002,ALCS,ANA,AL,1,0,1,1,0,0,0,21,3,0,0,0,7,0.13,0.0,0.0,0.0,0.0,0.0,23.0,0.0,0,0.0,0.0,0.0
lohseky01,2002,ALCS,MIN,AL,0,0,1,0,0,0,0,3,0,0,0,0,1,0.0,0.0,0.0,0.0,0.0,0.0,3.0,1.0,0,0.0,0.0,0.0
maysjo01,2002,ALCS,MIN,AL,1,0,2,2,0,0,0,40,12,3,3,0,3,0.235,2.02,0.0,0.0,0.0,0.0,51.0,0.0,4,0.0,0.0,2.0
miltoer01,2002,ALCS,MIN,AL,0,0,1,1,0,0,0,18,5,1,1,2,4,0.217,1.5,0.0,0.0,0.0,0.0,25.0,0.0,1,0.0,0.0,0.0
ortizra01,2002,ALCS,ANA,AL,1,0,1,1,0,0,0,16,10,3,0,1,3,0.435,5.06,0.0,0.0,0.0,0.0,24.0,0.0,3,0.0,0.0,2.0
percitr01,2002,ALCS,ANA,AL,0,0,3,0,0,0,2,10,0,0,0,0,3,0.0,0.0,0.0,0.0,0.0,0.0,10.0,3.0,0,0.0,0.0,0.0
radkebr01,2002,ALCS,MIN,AL,0,1,1,1,0,0,0,20,5,2,0,1,4,0.217,2.7,0.0,0.0,1.0,0.0,26.0,0.0,2,1.0,0.0,0.0
reedri01,2002,ALCS,MIN,AL,0,1,1,1,0,0,0,16,8,6,2,0,0,0.333,10.12,0.0,0.0,0.0,0.0,24.0,0.0,6,0.0,0.0,0.0
rodrifr03,2002,ALCS,ANA,AL,2,0,4,0,0,0,0,13,2,0,0,2,7,0.143,0.0,0.0,1.0,0.0,0.0,17.0,0.0,0,0.0,1.0,0.0
romerjc01,2002,ALCS,MIN,AL,0,1,4,0,0,0,0,6,4,5,1,2,3,0.4,22.5,0.0,1.0,0.0,0.0,12.0,1.0,5,0.0,0.0,0.0
santajo01,2002,ALCS,MIN,AL,0,1,4,0,0,0,0,10,4,4,1,0,4,0.286,10.8,0.0,2.0,0.0,0.0,14.0,0.0,4,0.0,0.0,0.0
schoesc01,2002,ALCS,ANA,AL,0,0,1,0,0,0,0,2,0,0,0,0,0,0.0,0.0,0.0,0.0,0.0,0.0,2.0,0.0,0,0.0,0.0,0.0
washbja01,2002,ALCS,ANA,AL,0,0,1,1,0,0,0,21,6,1,0,0,7,0.207,1.29,0.0,0.0,0.0,0.0,29.0,0.0,1,0.0,0.0,0.0
weberbe01,2002,ALCS,ANA,AL,0,0,3,0,0,0,0,8,3,1,0,0,3,0.3,3.38,0.0,0.0,0.0,0.0,10.0,2.0,1,0.0,0.0,1.0
wellsbo01,2002,ALCS,MIN,AL,0,0,2,0,0,0,0,3,2,1,0,0,2,0.4,9.0,0.0,0.0,1.0,0.0,6.0,1.0,1,0.0,0.0,0.0
appieke01,2002,ALDS1,ANA,AL,0,0,1,1,0,0,0,15,5,3,1,3,3,0.25,5.4,0.0,0.0,1.0,0.0,24.0,0.0,3,0.0,0.0,0.0
clemero02,2002,ALDS1,NYA,AL,0,0,1,1,0,0,0,17,8,4,1,3,5,0.348,6.35,0.0,0.0,0.0,0.0,27.0,0.0,4,1.0,0.0,1.0
donnebr01,2002,ALDS1,ANA,AL,0,0,3,0,0,0,0,6,3,3,2,1,2,0.333,13.5,0.0,0.0,0.0,0.0,10.0,1.0,3,0.0,0.0,0.0
hernaor01,2002,ALDS1,NYA,AL,0,1,2,0,0,0,0,19,5,2,2,0,7,0.208,2.84,0.0,0.0,0.0,0.0,24.0,0.0,2,0.0,0.0,0.0
karsast01,2002,ALDS1,NYA,AL,1,0,4,0,0,0,0,8,3,2,1,0,1,0.273,6.75,0.0,0.0,0.0,0.0,11.0,1.0,2,0.0,0.0,0.0
lackejo01,2002,ALDS1,ANA,AL,0,0,1,0,0,0,0,9,3,0,0,1,3,0.25,0.0,0.0,0.0,0.0,0.0,13.0,0.0,0,0.0,0.0,0.0
mendora01,2002,ALDS1,NYA,AL,0,0,2,0,0,0,0,4,5,2,1,0,0,0.625,13.5,0.0,0.0,0.0,0.0,8.0,0.0,2,0.0,0.0,1.0
mussimi01,2002,ALDS1,NYA,AL,0,0,1,1,0,0,0,12,6,4,1,0,2,0.333,9.0,0.0,0.0,1.0,0.0,19.0,0.0,4,0.0,0.0,0.0
ortizra01,2002,ALDS1,ANA,AL,0,0,1,1,0,0,0,8,3,6,0,4,1,0.333,20.25,0.0,1.0,1.0,0.0,16.0,0.0,6,0.0,2.0,0.0
percitr01,2002,ALDS1,ANA,AL,0,0,3,0,0,0,2,10,6,2,0,0,4,0.375,5.4,0.0,0.0,1.0,0.0,17.0,3.0,2,0.0,0.0,0.0
pettian01,2002,ALDS1,NYA,AL,0,0,1,1,0,0,0,9,8,4,2,0,1,0.471,12.0,0.0,0.0,0.0,0.0,17.0,0.0,4,0.0,0.0,0.0
riverma01,2002,ALDS1,NYA,AL,0,0,1,0,0,0,1,3,1,0,0,0,0,0.25,0.0,0.0,0.0,0.0,0.0,4.0,1.0,0,0.0,0.0,0.0
rodrifr03,2002,ALDS1,ANA,AL,2,0,3,0,0,0,0,17,2,2,1,2,8,0.105,3.18,0.0,1.0,0.0,0.0,21.0,0.0,2,0.0,0.0,0.0
schoesc01,2002,ALDS1,ANA,AL,0,0,3,0,0,0,0,1,2,1,0,0,0,0.667,27.0,0.0,0.0,0.0,0.0,3.0,0.0,1,0.0,0.0,0.0
stantmi02,2002,ALDS1,NYA,AL,0,1,3,0,0,0,0,8,6,3,0,1,1,0.5,10.12,1.0,0.0,0.0,0.0,15.0,1.0,3,1.0,1.0,0.0
washbja01,2002,ALDS1,ANA,AL,1,0,2,2,0,0,0,36,12,5,3,3,4,0.286,3.75,0.0,0.0,1.0,0.0,47.0,0.0,6,0.0,1.0,6.0
weaveje01,2002,ALDS1,NYA,AL,0,0,2,0,0,0,0,8,4,2,0,3,1,0.444,6.75,1.0,0.0,1.0,0.0,15.0,1.0,2,1.0,1.0,1.0
weberbe01,2002,ALDS1,ANA,AL,0,1,2,0,0,0,0,3,2,2,0,2,0,0.4,18.0,0.0,0.0,0.0,0.0,7.0,0.0,2,0.0,0.0,0.0
wellsda01,2002,ALDS1,NYA,AL,0,1,1,1,0,0,0,14,10,8,1,0,0,0.435,15.43,0.0,0.0,0.0,0.0,24.0,0.0,8,1.0,0.0,2.0
bowiemi01,2002,ALDS2,OAK,AL,0,0,1,0,0,0,0,4,0,0,0,0,3,0.0,0.0,0.0,0.0,0.0,0.0,4.0,1.0,0,0.0,0.0,0.0
bradfch01,2002,ALDS2,OAK,AL,0,0,2,0,0,0,0,9,1,0,0,0,1,0.111,0.0,0.0,0.0,1.0,0.0,10.0,0.0,0,0.0,0.0,1.0
fioreto01,2002,ALDS2,MIN,AL,0,0,1,0,0,0,0,4,4,3,0,2,0,0.5,20.25,0.0,1.0,0.0,0.0,10.0,0.0,3,0.0,0.0,0.0
guarded01,2002,ALDS2,MIN,AL,0,0,2,0,0,0,1,6,5,3,1,1,1,0.455,13.5,0.0,0.0,0.0,0.0,12.0,2.0,3,0.0,0.0,0.0
hawkila01,2002,ALDS2,MIN,AL,0,0,3,0,0,0,0,7,0,0,0,0,5,0.0,0.0,0.0,0.0,0.0,0.0,7.0,2.0,0,0.0,0.0,0.0
hudsoti01,2002,ALDS2,OAK,AL,0,1,2,2,0,0,0,26,13,6,2,4,8,0.333,6.23,0.0,1.0,1.0,0.0,45.0,0.0,11,1.0,0.0,1.0
jacksmi02,2002,ALDS2,MIN,AL,0,0,1,0,0,0,0,2,1,0,0,0,0,0.5,0.0,0.0,0.0,0.0,0.0,3.0,0.0,0,0.0,1.0,0.0
kochbi01,2002,ALDS2,OAK,AL,0,0,3,0,0,0,1,9,5,3,1,2,3,0.357,9.0,0.0,0.0,0.0,0.0,16.0,3.0,3,0.0,0.0,0.0
lidleco01,2002,ALDS2,OAK,AL,0,0,1,0,0,0,0,3,2,1,0,0,0,0.4,9.0,0.0,0.0,0.0,0.0,5.0,0.0,1,0.0,0.0,0.0
lillyte01,2002,ALDS2,OAK,AL,0,1,2,0,0,0,0,12,10,6,1,1,3,0.476,13.5,0.0,1.0,0.0,0.0,22.0,0.0,6,0.0,0.0,0.0
lohseky01,2002,ALDS2,MIN,AL,0,0,2,0,0,0,0,12,2,0,0,0,5,0.143,0.0,0.0,0.0,0.0,0.0,14.0,1.0,0,0.0,0.0,0.0
maysjo01,2002,ALDS2,MIN,AL,0,1,1,1,0,0,0,11,9,6,1,2,1,0.474,14.73,1.0,0.0,1.0,0.0,22.0,0.0,6,0.0,0.0,0.0
mecirji01,2002,ALDS2,OAK,AL,0,0,1,0,0,0,0,3,0,0,0,0,2,0.0,0.0,0.0,0.0,0.0,0.0,3.0,1.0,0,0.0,0.0,0.0
miltoer01,2002,ALDS2,MIN,AL,1,0,1,1,0,0,0,21,6,2,1,1,3,0.222,2.57,0.0,0.0,0.0,0.0,28.0,0.0,2,0.0,0.0,0.0
muldema01,2002,ALDS2,OAK,AL,1,1,2,2,0,0,0,39,14,3,1,3,12,0.28,2.08,1.0,1.0,0.0,0.0,54.0,0.0,3,1.0,0.0,1.0
radkebr01,2002,ALDS2,MIN,AL,2,0,2,2,0,0,0,35,14,2,1,1,7,0.28,1.54,0.0,0.0,0.0,0.0,51.0,0.0,6,0.0,0.0,1.0
reedri01,2002,ALDS2,MIN,AL,0,1,1,1,0,0,0,15,6,4,4,2,8,0.286,7.2,0.0,0.0,0.0,0.0,23.0,0.0,4,0.0,0.0,0.0
rincori01,2002,ALDS2,OAK,AL,0,0,2,0,0,0,0,9,2,0,0,0,2,0.182,0.0,0.0,0.0,0.0,0.0,11.0,0.0,0,0.0,0.0,0.0
romerjc01,2002,ALDS2,MIN,AL,0,0,3,0,0,0,0,10,3,0,0,1,2,0.231,0.0,0.0,0.0,0.0,0.0,14.0,0.0,0,0.0,0.0,0.0
santajo01,2002,ALDS2,MIN,AL,0,0,2,0,0,0,0,9,3,2,0,2,2,0.25,6.0,0.0,0.0,0.0,0.0,14.0,0.0,2,0.0,0.0,0.0
zitoba01,2002,ALDS2,OAK,AL,1,0,1,1,0,0,0,18,5,3,0,4,8,0.217,4.5,0.0,1.0,0.0,0.0,27.0,0.0,3,0.0,0.0,1.0
benesan01,2002,NLCS,SLN,NL,0,0,1,1,0,0,0,16,2,2,0,4,5,0.118,3.38,0.0,0.0,0.0,0.0,22.0,0.0,2,1.0,0.0,0.0
crudami01,2002,NLCS,SLN,NL,0,0,1,0,0,0,0,5,1,2,1,1,2,0.167,10.8,0.0,0.0,0.0,0.0,7.0,0.0,2,0.0,0.0,0.0
eyresc01,2002,NLCS,SFN,NL,0,0,4,0,0,0,0,5,2,0,0,0,0,0.286,0.0,0.0,0.0,0.0,0.0,7.0,0.0,0,0.0,0.0,0.0
fasseje01,2002,NLCS,SLN,NL,0,0,1,0,0,0,0,2,0,0,0,0,1,0.0,0.0,0.0,0.0,0.0,0.0,2.0,0.0,0,0.0,0.0,0.0
finlech01,2002,NLCS,SLN,NL,1,0,1,1,0,0,0,15,7,4,1,3,1,0.368,7.2,0.0,0.0,0.0,0.0,25.0,0.0,4,2.0,1.0,1.0
fultzaa01,2002,NLCS,SFN,NL,0,0,1,0,0,0,0,1,0,0,0,0,0,0.0,0.0,0.0,0.0,0.0,0.0,1.0,0.0,0,0.0,0.0,0.0
hernali01,2002,NLCS,SFN,NL,0,0,1,1,0,0,0,19,9,2,0,1,0,0.36,2.84,0.0,0.0,1.0,0.0,29.0,0.0,2,2.0,0.0,2.0
isrinja01,2002,NLCS,SLN,NL,0,0,2,0,0,0,1,6,1,1,0,3,3,0.167,4.5,2.0,0.0,0.0,0.0,10.0,2.0,1,1.0,0.0,0.0
klinest02,2002,NLCS,SLN,NL,0,0,4,0,0,0,0,7,2,0,0,0,1,0.25,0.0,0.0,0.0,0.0,0.0,9.0,3.0,0,1.0,0.0,0.0
morrima01,2002,NLCS,SLN,NL,0,2,2,2,0,0,0,39,16,9,2,6,6,0.32,6.23,1.0,0.0,3.0,0.0,62.0,0.0,9,2.0,1.0,2.0
nenro01,2002,NLCS,SFN,NL,0,0,3,0,0,0,3,10,3,1,0,1,4,0.214,2.7,0.0,1.0,0.0,0.0,15.0,3.0,1,0.0,0.0,0.0
ortizru01,2002,NLCS,SFN,NL,0,0,1,1,0,0,0,14,5,4,2,3,3,0.263,7.71,0.0,1.0,0.0,0.0,23.0,0.0,4,0.0,1.0,0.0
rodrife01,2002,NLCS,SFN,NL,0,0,4,0,0,0,0,14,3,1,0,2,2,0.2,1.93,0.0,0.0,0.0,0.0,19.0,0.0,1,1.0,1.0,0.0
rueteki01,2002,NLCS,SFN,NL,1,0,2,2,0,0,0,33,15,5,2,2,3,0.326,4.09,0.0,0.0,1.0,0.0,50.0,0.0,5,1.0,0.0,1.0
schmija01,2002,NLCS,SFN,NL,1,0,1,1,0,0,0,23,4,1,1,1,8,0.16,1.17,0.0,0.0,0.0,0.0,27.0,0.0,1,1.0,0.0,0.0
veresda01,2002,NLCS,SLN,NL,0,0,2,0,0,0,0,11,2,0,0,1,5,0.154,0.0,1.0,0.0,0.0,0.0,14.0,0.0,0,0.0,0.0,0.0
whiteri01,2002,NLCS,SLN,NL,0,1,3,0,0,0,0,12,2,2,1,2,5,0.143,4.5,1.0,0.0,0.0,0.0,16.0,0.0,2,0.0,0.0,0.0
williwo02,2002,NLCS,SLN,NL,0,1,1,1,0,0,0,18,6,3,2,1,7,0.261,4.5,0.0,0.0,0.0,0.0,25.0,0.0,3,1.0,0.0,0.0
witasja01,2002,NLCS,SFN,NL,0,1,1,0,0,0,0,3,1,1,1,0,0,0.25,9.0,0.0,0.0,0.0,0.0,4.0,0.0,1,0.0,0.0,0.0
worreti01,2002,NLCS,SFN,NL,2,0,4,0,0,0,0,13,2,1,1,0,3,0.133,2.08,0.0,0.0,0.0,0.0,15.0,2.0,1,0.0,0.0,0.0
aybarma01,2002,NLDS1,SFN,NL,0,0,2,0,0,0,0,8,2,2,1,1,3,0.2,6.75,0.0,0.0,0.0,0.0,11.0,0.0,2,0.0,0.0,0.0
eyresc01,2002,NLDS1,SFN,NL,0,0,3,0,0,0,0,4,1,0,0,0,0,0.2,0.0,0.0,0.0,0.0,0.0,5.0,0.0,0,0.0,0.0,0.0
fultzaa01,2002,NLDS1,SFN,NL,0,0,2,0,0,0,0,0,2,1,0,0,0,1.0,,0.0,0.0,0.0,0.0,2.0,0.0,1,0.0,0.0,0.0
glavito02,2002,NLDS1,ATL,NL,0,2,2,2,0,0,0,23,17,13,1,7,4,0.459,15.26,3.0,0.0,0.0,0.0,47.0,0.0,13,2.0,1.0,0.0
gryboke01,2002,NLDS1,ATL,NL,0,0,3,0,0,0,0,11,2,0,0,2,3,0.154,0.0,1.0,0.0,0.0,0.0,15.0,1.0,0,0.0,0.0,0.0
hammoch01,2002,NLDS1,ATL,NL,0,0,3,0,0,0,0,8,2,2,0,3,2,0.2,6.75,1.0,0.0,0.0,0.0,13.0,0.0,2,0.0,0.0,0.0
hernali01,2002,NLDS1,SFN,NL,1,0,1,1,0,0,0,25,8,3,0,2,6,0.25,3.24,0.0,0.0,1.0,0.0,35.0,0.0,3,0.0,0.0,1.0
holmeda01,2002,NLDS1,ATL,NL,0,0,3,0,0,0,0,8,1,0,0,0,5,0.125,0.0,0.0,0.0,0.0,0.0,9.0,1.0,0,0.0,1.0,0.0
ligteke01,2002,NLDS1,ATL,NL,0,0,1,0,0,0,0,6,0,0,0,0,1,0.0,0.0,0.0,0.0,0.0,0.0,6.0,1.0,0,0.0,0.0,0.0
maddugr01,2002,NLDS1,ATL,NL,1,0,1,1,0,0,0,18,5,2,1,1,3,0.238,3.0,1.0,0.0,1.0,0.0,23.0,0.0,2,0.0,0.0,2.0
millwke01,2002,NLDS1,ATL,NL,1,1,2,2,0,0,0,33,7,4,3,0,14,0.175,3.27,0.0,1.0,0.0,0.0,40.0,0.0,4,0.0,0.0,0.0
mossda01,2002,NLDS1,ATL,NL,0,0,2,0,0,0,0,9,2,1,0,1,3,0.182,3.0,0.0,0.0,0.0,0.0,12.0,0.0,1,0.0,0.0,0.0
nenro01,2002,NLDS1,SFN,NL,0,0,4,0,0,0,2,8,4,0,0,1,1,0.364,0.0,0.0,0.0,0.0,0.0,12.0,3.0,0,0.0,0.0,2.0
ortizru01,2002,NLDS1,SFN,NL,2,0,2,2,0,0,0,37,9,3,0,8,8,0.2,2.19,1.0,2.0,0.0,0.0,53.0,0.0,3,0.0,0.0,1.0
remlimi01,2002,NLDS1,ATL,NL,0,0,3,0,0,0,0,6,3,1,0,2,3,0.333,4.5,0.0,0.0,0.0,0.0,11.0,0.0,1,0.0,0.0,0.0
rodrife01,2002,NLDS1,SFN,NL,0,0,3,0,0,0,0,9,1,0,0,2,2,0.111,0.0,0.0,0.0,0.0,0.0,11.0,1.0,0,0.0,0.0,1.0
rueteki01,2002,NLDS1,SFN,NL,0,1,1,1,0,0,0,9,7,6,2,2,1,0.5,18.0,0.0,0.0,0.0,0.0,17.0,0.0,7,1.0,0.0,0.0
schmija01,2002,NLDS1,SFN,NL,0,1,1,1,0,0,0,16,3,4,0,4,5,0.158,6.75,1.0,0.0,0.0,0.0,23.0,0.0,4,0.0,0.0,0.0
smoltjo01,2002,NLDS1,ATL,NL,0,0,2,0,0,0,0,10,2,1,1,2,7,0.182,2.7,0.0,0.0,0.0,0.0,13.0,2.0,1,0.0,0.0,0.0
witasja01,2002,NLDS1,SFN,NL,0,0,2,0,0,0,0,7,0,0,0,0,1,0.0,0.0,0.0,0.0,0.0,0.0,7.0,1.0,0,0.0,0.0,0.0
worreti01,2002,NLDS1,SFN,NL,0,0,3,0,0,0,0,9,7,4,2,2,3,0.438,12.0,0.0,0.0,0.0,0.0,18.0,0.0,6,0.0,0.0,0.0
batismi01,2002,NLDS2,ARI,NL,0,1,1,1,0,0,0,11,5,4,0,3,1,0.357,9.82,0.0,0.0,1.0,0.0,19.0,0.0,4,1.0,0.0,1.0
benesan01,2002,NLDS2,SLN,NL,0,0,1,1,0,0,0,14,2,3,2,4,5,0.125,5.79,0.0,0.0,0.0,1.0,20.0,0.0,3,0.0,0.0,0.0
crudami01,2002,NLDS2,SLN,NL,0,0,1,0,0,0,0,3,0,0,0,1,2,0.0,0.0,0.0,0.0,0.0,0.0,4.0,1.0,0,0.0,0.0,0.0
fasseje01,2002,NLDS2,SLN,NL,2,0,3,0,0,0,0,8,3,0,0,0,2,0.3,0.0,0.0,0.0,0.0,0.0,10.0,0.0,0,0.0,0.0,0.0
fettemi01,2002,NLDS2,ARI,NL,0,0,1,0,0,0,0,2,1,0,0,1,1,0.333,0.0,0.0,0.0,0.0,0.0,4.0,0.0,0,0.0,0.0,0.0
finlech01,2002,NLDS2,SLN,NL,0,0,1,1,0,0,0,19,4,0,0,2,7,0.174,0.0,0.0,0.0,0.0,0.0,25.0,0.0,0,0.0,0.0,0.0
helliri01,2002,NLDS2,ARI,NL,0,0,2,0,0,0,0,12,1,0,0,0,2,0.077,0.0,0.0,0.0,0.0,0.0,13.0,1.0,0,0.0,0.0,0.0
isrinja01,2002,NLDS2,SLN,NL,0,0,2,0,0,0,2,6,0,0,0,0,1,0.0,0.0,0.0,0.0,0.0,0.0,6.0,2.0,0,0.0,0.0,0.0
johnsra05,2002,NLDS2,ARI,NL,0,1,1,1,0,0,0,18,10,5,2,2,4,0.37,7.5,1.0,0.0,0.0,0.0,30.0,0.0,6,0.0,1.0,0.0
kimby01,2002,NLDS2,ARI,NL,0,0,1,0,0,0,0,3,2,2,0,3,0,0.4,18.0,1.0,0.0,0.0,0.0,8.0,1.0,2,0.0,0.0,0.0
klinest02,2002,NLDS2,SLN,NL,0,0,2,0,0,0,0,4,1,0,0,1,0,0.2,0.0,0.0,0.0,0.0,0.0,6.0,0.0,0,0.0,0.0,0.0
koplomi01,2002,NLDS2,ARI,NL,0,1,1,0,0,0,0,4,2,1,0,0,1,0.4,6.75,0.0,0.0,0.0,0.0,6.0,0.0,1,1.0,0.0,0.0
mantema01,2002,NLDS2,ARI,NL,0,0,1,0,0,0,0,1,1,2,0,1,0,0.5,54.0,0.0,0.0,0.0,0.0,3.0,0.0,2,0.0,0.0,0.0
morrima01,2002,NLDS2,SLN,NL,1,0,1,1,0,0,0,21,7,1,0,2,3,0.259,1.29,0.0,0.0,0.0,0.0,30.0,0.0,2,0.0,1.0,0.0
myersmi01,2002,NLDS2,ARI,NL,0,0,2,0,0,0,0,5,2,0,0,0,1,0.333,0.0,0.0,0.0,0.0,0.0,6.0,1.0,0,0.0,0.0,0.0
schilcu01,2002,NLDS2,ARI,NL,0,0,1,1,0,0,0,21,7,1,1,1,7,0.25,1.29,0.0,0.0,1.0,0.0,30.0,0.0,1,0.0,0.0,0.0
swindgr01,2002,NLDS2,ARI,NL,0,0,2,0,0,0,0,1,2,1,0,1,0,1.0,27.0,0.0,0.0,0.0,0.0,4.0,0.0,4,1.0,0.0,0.0
whiteri01,2002,NLDS2,SLN,NL,0,0,2,0,0,0,0,6,1,0,0,1,1,0.125,0.0,0.0,0.0,0.0,0.0,9.0,0.0,1,0.0,0.0,0.0
appieke01,2002,WS,ANA,AL,0,0,2,2,0,0,0,19,9,8,4,5,4,0.333,11.37,1.0,0.0,0.0,0.0,32.0,0.0,8,0.0,0.0,1.0
donnebr01,2002,WS,ANA,AL,1,0,5,0,0,0,0,23,1,0,0,4,6,0.042,0.0,0.0,0.0,0.0,0.0,28.0,0.0,0,0.0,0.0,0.0
eyresc01,2002,WS,SFN,NL,0,0,3,0,0,0,0,9,5,0,0,1,2,0.385,0.0,1.0,0.0,0.0,0.0,14.0,2.0,1,0.0,0.0,1.0
fultzaa01,2002,WS,SFN,NL,0,0,2,0,0,0,0,7,4,1,0,1,0,0.4,3.86,0.0,0.0,1.0,0.0,12.0,0.0,1,0.0,0.0,0.0
hernali01,2002,WS,SFN,NL,0,2,2,2,0,0,0,17,9,9,0,9,4,0.36,14.29,3.0,0.0,1.0,0.0,36.0,0.0,10,1.0,0.0,0.0
lackejo01,2002,WS,ANA,AL,1,0,3,2,0,0,0,37,15,6,0,5,7,0.319,4.38,4.0,0.0,0.0,0.0,54.0,0.0,6,0.0,2.0,2.0
nenro01,2002,WS,SFN,NL,0,0,3,0,0,0,2,9,2,0,0,1,3,0.222,0.0,1.0,0.0,0.0,0.0,11.0,3.0,0,1.0,0.0,1.0
ortizra01,2002,WS,ANA,AL,1,0,1,1,0,0,0,15,5,4,2,4,3,0.263,7.2,1.0,0.0,0.0,0.0,24.0,0.0,4,1.0,0.0,0.0
ortizru01,2002,WS,SFN,NL,0,0,2,2,0,0,0,24,13,9,1,2,2,0.361,10.12,0.0,0.0,0.0,0.0,38.0,0.0,9,0.0,0.0,1.0
percitr01,2002,WS,ANA,AL,0,0,3,0,0,0,3,9,2,1,1,1,3,0.182,3.0,0.0,0.0,0.0,0.0,12.0,3.0,1,0.0,0.0,0.0
rodrife01,2002,WS,SFN,NL,0,1,6,0,0,0,0,17,4,3,2,1,3,0.19,4.76,0.0,0.0,0.0,0.0,22.0,0.0,3,0.0,0.0,0.0
rodrifr03,2002,WS,ANA,AL,1,1,4,0,0,0,0,26,6,2,1,1,13,0.194,2.08,0.0,1.0,0.0,0.0,32.0,1.0,3,0.0,0.0,0.0
rueteki01,2002,WS,SFN,NL,0,0,2,1,0,0,0,30,10,3,1,1,5,0.263,2.7,0.0,0.0,0.0,0.0,40.0,0.0,3,0.0,1.0,2.0
schmija01,2002,WS,SFN,NL,1,0,2,2,0,0,0,31,16,6,2,4,14,0.348,5.23,0.0,1.0,0.0,0.0,51.0,0.0,6,0.0,1.0,0.0
schoesc01,2002,WS,ANA,AL,0,0,2,0,0,0,0,6,1,0,0,1,2,0.167,0.0,0.0,0.0,0.0,0.0,7.0,1.0,0,0.0,0.0,1.0
shielsc01,2002,WS,ANA,AL,0,0,1,0,0,0,0,5,5,1,2,0,1,0.455,5.4,0.0,0.0,0.0,0.0,11.0,1.0,5,0.0,0.0,0.0
washbja01,2002,WS,ANA,AL,0,2,2,2,0,0,0,29,12,10,3,7,6,0.324,9.31,2.0,0.0,0.0,0.0,48.0,0.0,10,2.0,2.0,0.0
weberbe01,2002,WS,ANA,AL,0,0,4,0,0,0,0,14,10,7,1,2,5,0.455,13.5,1.0,0.0,1.0,0.0,26.0,1.0,7,1.0,0.0,0.0
witasja01,2002,WS,SFN,NL,0,0,2,0,0,0,0,1,3,2,0,2,1,0.75,54.0,0.0,0.0,0.0,0.0,6.0,0.0,2,0.0,0.0,0.0
worreti01,2002,WS,SFN,NL,1,1,6,0,0,0,0,17,4,2,1,1,4,0.19,3.18,0.0,0.0,0.0,0.0,22.0,2.0,3,0.0,0.0,0.0
zerbech01,2002,WS,SFN,NL,1,0,3,0,0,0,0,18,6,2,0,0,0,0.273,3.0,0.0,0.0,0.0,0.0,23.0,0.0,3,0.0,1.0,1.0
arroybr01,2003,ALCS,BOS,AL,0,0,3,0,0,0,0,10,2,1,1,2,5,0.167,2.7,0.0,0.0,1.0,0.0,15.0,2.0,1,0.0,0.0,0.0
burkejo03,2003,ALCS,BOS,AL,0,0,1,1,0,0,0,11,7,3,1,0,1,0.368,7.36,0.0,0.0,0.0,0.0,19.0,0.0,5,0.0,0.0,0.0
clemero02,2003,ALCS,NYA,AL,1,0,2,2,0,0,0,27,11,5,2,2,8,0.297,5.0,0.0,0.0,0.0,0.0,39.0,0.0,6,0.0,0.0,1.0
contrjo01,2003,ALCS,NYA,AL,0,1,4,0,0,0,0,14,6,3,0,2,7,0.316,5.79,0.0,2.0,0.0,0.0,21.0,1.0,3,0.0,0.0,1.0
embreal01,2003,ALCS,BOS,AL,1,0,5,0,0,0,0,14,3,0,0,0,1,0.214,0.0,0.0,0.0,0.0,0.0,15.0,1.0,0,0.0,1.0,2.0
heredfe01,2003,ALCS,NYA,AL,0,0,5,0,0,0,0,8,0,1,0,3,3,0.0,3.38,1.0,1.0,1.0,0.0,11.0,0.0,1,0.0,0.0,0.0
jonesto02,2003,ALCS,BOS,AL,0,0,1,0,0,0,0,1,1,0,0,1,1,0.5,0.0,0.0,0.0,0.0,0.0,3.0,0.0,0,0.0,0.0,0.0
lowede01,2003,ALCS,BOS,AL,0,2,2,2,0,0,0,42,14,10,1,7,5,0.255,6.43,1.0,0.0,1.0,0.0,63.0,0.0,10,0.0,0.0,1.0
martipe02,2003,ALCS,BOS,AL,0,1,2,2,0,0,0,43,16,9,3,2,14,0.276,5.65,0.0,0.0,1.0,0.0,61.0,0.0,9,0.0,0.0,1.0
mussimi01,2003,ALCS,NYA,AL,0,2,3,2,0,0,0,46,16,7,5,4,17,0.267,4.11,1.0,0.0,0.0,0.0,64.0,0.0,7,0.0,0.0,2.0
nelsoje01,2003,ALCS,NYA,AL,0,0,4,0,0,0,0,9,4,2,0,0,3,0.364,6.0,0.0,0.0,1.0,0.0,12.0,1.0,2,0.0,0.0,2.0
pettian01,2003,ALCS,NYA,AL,1,0,2,2,0,0,0,35,17,6,2,4,10,0.34,4.63,0.0,0.0,0.0,0.0,54.0,0.0,6,0.0,0.0,2.0
riverma01,2003,ALCS,NYA,AL,1,0,4,0,0,0,2,24,5,1,0,0,6,0.172,1.12,0.0,0.0,0.0,0.0,29.0,4.0,1,0.0,0.0,0.0
sauersc01,2003,ALCS,BOS,AL,0,0,1,0,0,0,0,1,1,0,0,1,0,0.5,0.0,0.0,0.0,0.0,0.0,3.0,0.0,0,0.0,0.0,0.0
timlimi01,2003,ALCS,BOS,AL,0,0,5,0,0,0,0,16,1,0,0,2,6,0.059,0.0,1.0,0.0,0.0,0.0,19.0,0.0,0,0.0,0.0,0.0
wakefti01,2003,ALCS,BOS,AL,2,1,3,2,0,0,0,42,8,4,1,6,10,0.163,2.57,0.0,0.0,1.0,0.0,56.0,1.0,4,0.0,0.0,0.0
wellsda01,2003,ALCS,NYA,AL,1,0,2,1,0,0,0,23,5,2,2,2,5,0.179,2.35,0.0,0.0,1.0,0.0,31.0,0.0,2,0.0,0.0,1.0
whitega01,2003,ALCS,NYA,AL,0,0,2,0,0,0,0,6,4,1,1,0,1,0.444,4.5,0.0,0.0,0.0,0.0,9.0,1.0,1,0.0,0.0,0.0
willisc01,2003,ALCS,BOS,AL,0,0,3,0,0,0,3,9,1,1,1,0,6,0.1,3.0,0.0,0.0,0.0,0.0,10.0,3.0,1,0.0,0.0,0.0
clemero02,2003,ALDS1,NYA,AL,1,0,1,1,0,0,0,21,5,1,1,1,6,0.192,1.29,0.0,0.0,0.0,0.0,27.0,0.0,1,0.0,0.0,0.0
guarded01,2003,ALDS1,MIN,AL,0,0,2,0,0,0,1,6,5,2,1,0,2,0.455,9.0,0.0,0.0,0.0,0.0,11.0,2.0,2,0.0,0.0,0.0
hawkila01,2003,ALDS1,MIN,AL,1,0,3,0,0,0,0,9,5,2,0,0,5,0.357,6.0,0.0,0.0,0.0,0.0,14.0,0.0,3,0.0,0.0,0.0
heredfe01,2003,ALDS1,NYA,AL,0,0,1,0,0,0,0,6,1,0,0,1,1,0.167,0.0,1.0,1.0,0.0,0.0,7.0,1.0,0,0.0,0.0,2.0
lohseky01,2003,ALDS1,MIN,AL,0,1,1,1,0,0,0,15,6,3,1,2,5,0.286,5.4,0.0,0.0,0.0,0.0,23.0,0.0,3,0.0,0.0,0.0
miltoer01,2003,ALDS1,MIN,AL,0,0,1,0,0,0,0,10,2,0,0,0,2,0.167,0.0,0.0,0.0,0.0,0.0,12.0,0.0,0,0.0,0.0,0.0
mussimi01,2003,ALDS1,NYA,AL,0,1,1,1,0,0,0,21,7,3,0,3,6,0.28,3.86,1.0,0.0,0.0,0.0,30.0,0.0,3,1.0,1.0,0.0
nelsoje01,2003,ALDS1,NYA,AL,0,0,1,0,0,0,0,0,0,0,0,1,0,,,0.0,0.0,0.0,0.0,1.0,0.0,0,0.0,0.0,0.0
pettian01,2003,ALDS1,NYA,AL,1,0,1,1,0,0,0,21,4,1,1,3,10,0.154,1.29,0.0,1.0,0.0,0.0,29.0,0.0,1,0.0,0.0,0.0
radkebr01,2003,ALDS1,MIN,AL,0,1,1,1,0,0,0,19,5,2,0,2,4,0.227,2.84,0.0,0.0,1.0,0.0,27.0,0.0,2,1.0,1.0,0.0
reedri01,2003,ALDS1,MIN,AL,0,0,1,0,0,0,0,2,1,0,0,0,0,0.333,0.0,0.0,0.0,0.0,0.0,3.0,0.0,0,0.0,0.0,0.0
rincoju01,2003,ALDS1,MIN,AL,0,0,3,0,0,0,0,7,1,0,0,4,1,0.143,0.0,0.0,0.0,0.0,0.0,11.0,2.0,0,0.0,0.0,1.0
riverma01,2003,ALDS1,NYA,AL,0,0,2,0,0,0,2,12,0,0,0,0,4,0.0,0.0,0.0,0.0,0.0,0.0,12.0,2.0,0,0.0,0.0,0.0
rogerke01,2003,ALDS1,MIN,AL,0,0,1,0,0,0,0,4,1,0,0,1,3,0.2,0.0,1.0,0.0,0.0,0.0,6.0,0.0,0,0.0,0.0,0.0
romerjc01,2003,ALDS1,MIN,AL,0,0,3,0,0,0,0,10,3,0,0,2,1,0.25,0.0,1.0,0.0,0.0,0.0,15.0,0.0,0,1.0,0.0,0.0
santajo01,2003,ALDS1,MIN,AL,0,1,2,2,0,0,0,23,9,6,0,3,6,0.29,7.04,1.0,0.0,0.0,0.0,34.0,0.0,6,0.0,0.0,1.0
wellsda01,2003,ALDS1,NYA,AL,1,0,1,1,0,0,0,23,8,1,0,0,5,0.258,1.17,0.0,0.0,0.0,0.0,31.0,0.0,1,0.0,0.0,0.0
whitega01,2003,ALDS1,NYA,AL,0,0,1,0,0,0,0,4,1,0,0,0,1,0.2,0.0,0.0,0.0,0.0,0.0,5.0,1.0,0,0.0,0.0,0.0
bradfch01,2003,ALDS2,OAK,AL,0,0,4,0,0,0,0,11,4,0,0,2,5,0.286,0.0,2.0,0.0,0.0,0.0,16.0,0.0,0,0.0,0.0,1.0
burkejo03,2003,ALDS2,BOS,AL,0,0,1,1,0,0,0,16,9,4,1,2,1,0.375,6.75,0.0,0.0,0.0,0.0,26.0,0.0,4,0.0,0.0,0.0
embreal01,2003,ALDS2,BOS,AL,0,0,3,0,0,0,0,6,1,0,0,0,0,0.143,0.0,0.0,0.0,0.0,0.0,7.0,0.0,0,0.0,0.0,0.0
foulkke01,2003,ALDS2,OAK,AL,0,1,3,0,0,0,0,15,4,2,0,2,3,0.211,3.6,1.0,0.0,0.0,0.0,21.0,2.0,2,0.0,0.0,0.0
harderi01,2003,ALDS2,OAK,AL,1,1,2,0,0,0,0,4,2,2,1,2,1,0.333,13.5,1.0,1.0,0.0,0.0,8.0,2.0,2,0.0,0.0,0.0
hudsoti01,2003,ALDS2,OAK,AL,0,0,2,2,0,0,0,23,10,3,2,1,6,0.323,3.52,0.0,0.0,0.0,0.0,32.0,0.0,3,0.0,0.0,1.0
kimby01,2003,ALDS2,BOS,AL,0,0,1,0,0,0,0,2,0,1,0,1,1,0.0,13.5,0.0,0.0,1.0,0.0,4.0,0.0,1,0.0,0.0,0.0
lillyte01,2003,ALDS2,OAK,AL,0,0,2,1,0,0,0,27,2,0,0,2,7,0.065,0.0,0.0,0.0,1.0,0.0,34.0,0.0,1,0.0,0.0,1.0
lowede01,2003,ALDS2,BOS,AL,0,1,3,1,0,0,1,29,7,1,0,7,6,0.2,0.93,2.0,0.0,0.0,0.0,43.0,2.0,2,1.0,0.0,0.0
martipe02,2003,ALDS2,BOS,AL,1,0,2,2,0,0,0,42,13,6,0,5,9,0.25,3.86,0.0,0.0,1.0,0.0,58.0,0.0,6,0.0,0.0,0.0
mecirji01,2003,ALDS2,OAK,AL,0,0,1,0,0,0,0,2,1,0,0,1,0,0.333,0.0,1.0,0.0,0.0,0.0,4.0,0.0,0,0.0,0.0,0.0
rincori01,2003,ALDS2,OAK,AL,0,0,4,0,0,0,0,12,4,2,2,1,3,0.267,4.5,0.0,0.0,0.0,0.0,16.0,1.0,2,0.0,0.0,1.0
sparkst01,2003,ALDS2,OAK,AL,0,0,1,0,0,0,0,12,2,2,1,3,1,0.143,4.5,0.0,0.0,0.0,0.0,17.0,0.0,2,0.0,0.0,0.0
timlimi01,2003,ALDS2,BOS,AL,0,0,3,0,0,0,0,13,0,0,0,0,5,0.0,0.0,0.0,0.0,0.0,0.0,13.0,0.0,0,0.0,0.0,0.0
wakefti01,2003,ALDS2,BOS,AL,0,1,2,1,0,0,0,23,6,3,0,3,7,0.207,3.52,0.0,0.0,2.0,0.0,34.0,0.0,5,0.0,0.0,0.0
willisc01,2003,ALDS2,BOS,AL,2,0,5,0,0,0,0,15,2,0,0,3,8,0.125,0.0,0.0,0.0,0.0,0.0,19.0,3.0,0,0.0,0.0,0.0
zitoba01,2003,ALDS2,OAK,AL,1,1,2,2,0,0,0,39,9,5,2,4,13,0.191,3.46,0.0,0.0,1.0,0.0,52.0,0.0,5,0.0,0.0,0.0
alfonan01,2003,NLCS,CHN,NL,0,0,3,0,0,0,0,7,2,0,0,2,0,0.333,0.0,1.0,0.0,0.0,0.0,8.0,2.0,0,0.0,0.0,2.0
beckejo02,2003,NLCS,FLO,NL,1,0,3,2,1,1,0,58,11,7,3,2,19,0.162,3.26,0.0,0.0,0.0,0.0,71.0,0.0,7,1.0,0.0,1.0
borowjo01,2003,NLCS,CHN,NL,1,0,3,0,0,0,0,17,5,1,0,3,1,0.227,1.59,1.0,0.0,0.0,0.0,26.0,1.0,2,1.0,0.0,0.0
bumpna01,2003,NLCS,FLO,NL,0,0,2,0,0,0,0,9,3,2,1,0,3,0.25,6.0,0.0,1.0,0.0,0.0,12.0,0.0,2,0.0,0.0,0.0
clemema01,2003,NLCS,CHN,NL,1,0,1,1,0,0,0,23,5,3,0,2,3,0.192,3.52,0.0,0.0,1.0,0.0,29.0,0.0,3,0.0,0.0,1.0
farnsky01,2003,NLCS,CHN,NL,0,0,5,0,0,0,0,16,6,6,0,2,7,0.3,10.12,2.0,0.0,0.0,0.0,24.0,1.0,6,1.0,1.0,0.0
foxch02,2003,NLCS,FLO,NL,1,0,3,0,0,0,0,10,5,2,1,2,2,0.333,5.4,0.0,0.0,0.0,0.0,17.0,0.0,2,0.0,0.0,0.0
guthrma01,2003,NLCS,CHN,NL,0,1,2,0,0,0,0,3,1,1,1,0,0,0.25,9.0,0.0,0.0,0.0,0.0,4.0,1.0,1,0.0,0.0,0.0
helliri01,2003,NLCS,FLO,NL,0,0,2,0,0,0,0,17,7,4,2,4,5,0.304,6.35,1.0,2.0,0.0,0.0,28.0,0.0,5,1.0,0.0,0.0
loopebr01,2003,NLCS,FLO,NL,0,0,2,0,0,0,1,5,1,0,0,1,1,0.167,0.0,1.0,0.0,0.0,0.0,7.0,2.0,0,0.0,0.0,0.0
pavanca01,2003,NLCS,FLO,NL,0,0,3,1,0,0,0,23,8,2,0,1,8,0.286,2.35,0.0,0.0,0.0,0.0,30.0,1.0,2,1.0,0.0,2.0
pennybr01,2003,NLCS,FLO,NL,1,1,3,1,0,0,0,12,9,7,2,3,0,0.45,15.75,1.0,0.0,0.0,0.0,24.0,0.0,7,1.0,0.0,0.0
priorma01,2003,NLCS,CHN,NL,1,1,2,2,0,0,0,43,14,5,2,5,11,0.241,3.14,0.0,1.0,0.0,0.0,63.0,0.0,8,0.0,0.0,0.0
redmama01,2003,NLCS,FLO,NL,0,0,2,2,0,0,0,29,13,7,2,4,4,0.342,6.52,0.0,0.0,1.0,0.0,46.0,0.0,7,2.0,1.0,1.0
remlimi01,2003,NLCS,CHN,NL,0,0,5,0,0,0,1,10,3,1,1,1,2,0.214,2.7,0.0,1.0,0.0,0.0,15.0,2.0,1,0.0,0.0,0.0
tejermi01,2003,NLCS,FLO,NL,0,1,2,0,0,0,0,4,2,1,0,0,1,0.333,6.75,0.0,0.0,0.0,0.0,6.0,1.0,1,0.0,0.0,0.0
urbinug01,2003,NLCS,FLO,NL,1,0,4,0,0,0,1,21,2,2,1,0,10,0.087,2.57,0.0,0.0,1.0,0.0,24.0,2.0,2,0.0,0.0,0.0
veresda01,2003,NLCS,CHN,NL,0,0,3,0,0,0,0,9,4,1,1,1,0,0.364,3.0,0.0,0.0,0.0,0.0,12.0,0.0,1,0.0,0.0,1.0
willido03,2003,NLCS,FLO,NL,0,1,2,1,0,0,0,10,4,7,1,6,4,0.308,18.9,0.0,1.0,0.0,0.0,20.0,0.0,7,1.0,0.0,0.0
woodke02,2003,NLCS,CHN,NL,0,1,2,2,0,0,0,37,14,10,1,7,13,0.28,7.3,0.0,0.0,0.0,0.0,58.0,0.0,10,1.0,0.0,0.0
zambrca01,2003,NLCS,CHN,NL,0,1,2,2,0,0,0,33,14,7,4,5,8,0.311,5.73,0.0,1.0,1.0,0.0,52.0,0.0,8,0.0,1.0,0.0
beckejo02,2003,NLDS1,FLO,NL,0,1,1,1,0,0,0,21,2,1,0,5,9,0.087,1.29,1.0,1.0,0.0,0.0,28.0,0.0,1,0.0,0.0,0.0
broweji01,2003,NLDS1,SFN,NL,0,0,2,0,0,0,0,9,5,2,0,3,3,0.357,6.0,1.0,0.0,0.0,0.0,17.0,0.0,3,0.0,0.0,1.0
chrisja01,2003,NLDS1,SFN,NL,0,0,1,0,0,0,0,0,1,0,0,0,0,1.0,,0.0,0.0,0.0,0.0,1.0,0.0,0,0.0,0.0,0.0
eyresc01,2003,NLDS1,SFN,NL,0,0,1,0,0,0,0,1,0,0,0,0,0,0.0,0.0,0.0,0.0,0.0,0.0,1.0,0.0,0,0.0,0.0,0.0
foxch02,2003,NLDS1,FLO,NL,0,0,3,0,0,0,0,15,3,1,0,3,3,0.188,1.8,2.0,0.0,0.0,0.0,20.0,1.0,1,1.0,0.0,0.0
helliri01,2003,NLDS1,FLO,NL,0,0,1,0,0,0,0,1,2,1,0,2,0,0.667,27.0,1.0,0.0,0.0,0.0,5.0,0.0,1,0.0,0.0,0.0
hergema01,2003,NLDS1,SFN,NL,0,0,3,0,0,0,0,13,1,0,0,2,5,0.083,0.0,0.0,0.0,1.0,0.0,15.0,0.0,0,0.0,0.0,1.0
hermadu01,2003,NLDS1,SFN,NL,0,0,1,0,0,0,0,3,1,0,0,1,0,0.25,0.0,0.0,0.0,0.0,0.0,5.0,0.0,0,0.0,0.0,0.0
loopebr01,2003,NLDS1,FLO,NL,1,0,2,0,0,0,0,5,1,0,0,2,0,0.167,0.0,1.0,0.0,0.0,0.0,9.0,1.0,1,1.0,0.0,0.0
nathajo01,2003,NLDS1,SFN,NL,0,1,2,0,0,0,0,1,4,3,1,1,1,0.8,81.0,0.0,0.0,0.0,0.0,6.0,0.0,3,0.0,0.0,0.0
pavanca01,2003,NLDS1,FLO,NL,2,0,3,0,0,0,0,8,1,0,0,1,1,0.111,0.0,1.0,0.0,1.0,0.0,11.0,0.0,0,0.0,0.0,0.0
pennybr01,2003,NLDS1,FLO,NL,0,0,2,1,0,0,0,17,5,4,0,1,6,0.25,6.35,0.0,0.0,0.0,0.0,22.0,0.0,4,1.0,0.0,0.0
ponsosi01,2003,NLDS1,SFN,NL,0,0,1,1,0,0,0,15,7,4,0,0,3,0.318,7.2,0.0,1.0,0.0,0.0,22.0,0.0,4,0.0,0.0,0.0
redmama01,2003,NLDS1,FLO,NL,0,0,1,1,0,0,0,18,7,2,0,3,4,0.28,3.0,1.0,0.0,0.0,0.0,28.0,0.0,2,0.0,0.0,0.0
rodrife01,2003,NLDS1,SFN,NL,0,1,3,0,0,0,0,12,4,1,0,1,5,0.235,2.25,1.0,0.0,1.0,0.0,19.0,1.0,3,0.0,0.0,0.0
rueteki01,2003,NLDS1,SFN,NL,0,0,1,1,0,0,0,15,3,2,1,2,2,0.167,3.6,0.0,0.0,0.0,0.0,20.0,0.0,2,0.0,0.0,0.0
schmija01,2003,NLDS1,SFN,NL,1,0,1,1,1,1,0,27,3,0,0,0,5,0.1,0.0,0.0,0.0,0.0,0.0,31.0,0.0,0,1.0,0.0,0.0
urbinug01,2003,NLDS1,FLO,NL,0,0,3,0,0,0,1,9,4,1,0,1,2,0.333,3.0,1.0,0.0,1.0,0.0,14.0,2.0,1,0.0,0.0,0.0
willido03,2003,NLDS1,FLO,NL,0,0,2,1,0,0,0,17,7,5,0,2,3,0.318,7.94,0.0,0.0,0.0,0.0,26.0,0.0,5,0.0,2.0,0.0
willije02,2003,NLDS1,SFN,NL,0,0,1,1,0,0,0,6,5,3,0,1,1,0.455,13.5,0.0,0.0,0.0,0.0,13.0,0.0,3,1.0,0.0,0.0
worreti01,2003,NLDS1,SFN,NL,0,1,2,0,0,0,0,8,3,0,0,3,0,0.273,0.0,1.0,0.0,0.0,0.0,15.0,2.0,2,1.0,0.0,0.0
alfonan01,2003,NLDS2,CHN,NL,0,0,1,0,0,0,0,3,1,0,0,0,0,0.25,0.0,0.0,0.0,0.0,0.0,4.0,0.0,0,0.0,0.0,0.0
borowjo01,2003,NLDS2,CHN,NL,0,0,2,0,0,0,1,6,1,0,0,0,5,0.143,0.0,0.0,0.0,0.0,0.0,7.0,2.0,0,0.0,0.0,0.0
clemema01,2003,NLDS2,CHN,NL,0,1,1,1,0,0,0,14,8,4,1,4,3,0.381,7.71,0.0,1.0,0.0,0.0,25.0,0.0,4,0.0,0.0,0.0
cruzju02,2003,NLDS2,CHN,NL,0,0,1,0,0,0,0,3,0,0,0,1,2,0.0,0.0,0.0,0.0,0.0,0.0,4.0,1.0,0,0.0,0.0,0.0
cunnawi01,2003,NLDS2,ATL,NL,0,0,2,0,0,0,0,5,3,1,1,0,2,0.333,5.4,0.0,0.0,0.0,0.0,9.0,0.0,2,0.0,0.0,0.0
farnsky01,2003,NLDS2,CHN,NL,0,0,3,0,0,0,0,8,1,0,0,1,2,0.111,0.0,0.0,0.0,0.0,0.0,10.0,0.0,0,0.0,0.0,0.0
gryboke01,2003,NLDS2,ATL,NL,0,0,5,0,0,0,0,9,2,1,0,2,4,0.222,3.0,1.0,0.0,0.0,0.0,11.0,1.0,1,0.0,0.0,1.0
guthrma01,2003,NLDS2,CHN,NL,0,0,1,0,0,0,0,2,2,2,1,1,0,0.5,27.0,0.0,1.0,0.0,0.0,5.0,0.0,2,0.0,0.0,0.0
hamptmi01,2003,NLDS2,ATL,NL,0,1,2,2,0,0,0,38,11,6,2,6,16,0.224,4.26,0.0,1.0,0.0,0.0,55.0,0.0,6,0.0,0.0,1.0
hernaro01,2003,NLDS2,ATL,NL,0,0,1,0,0,0,0,3,1,0,0,0,0,0.333,0.0,0.0,0.0,0.0,0.0,3.0,1.0,0,0.0,0.0,0.0
kingra01,2003,NLDS2,ATL,NL,0,0,4,0,0,0,0,3,1,0,0,1,0,0.5,0.0,0.0,0.0,0.0,0.0,3.0,1.0,0,0.0,0.0,1.0
maddugr01,2003,NLDS2,ATL,NL,0,1,1,1,0,0,0,18,6,2,0,1,1,0.24,3.0,0.0,1.0,0.0,0.0,26.0,0.0,2,0.0,0.0,0.0
merckke01,2003,NLDS2,ATL,NL,0,0,1,0,0,0,0,3,0,0,0,1,1,0.0,0.0,0.0,0.0,0.0,0.0,3.0,0.0,0,0.0,0.0,1.0
ortizru01,2003,NLDS2,ATL,NL,1,1,2,2,0,0,0,32,15,6,1,7,9,0.333,5.06,1.0,0.0,0.0,0.0,52.0,0.0,6,0.0,0.0,3.0
priorma01,2003,NLDS2,CHN,NL,1,0,1,1,1,0,0,27,2,1,0,4,7,0.071,1.0,0.0,1.0,1.0,0.0,34.0,0.0,1,0.0,1.0,1.0
remlimi01,2003,NLDS2,CHN,NL,0,0,2,0,0,0,0,2,0,0,0,1,1,0.0,0.0,0.0,0.0,0.0,0.0,3.0,0.0,0,0.0,0.0,0.0
smoltjo01,2003,NLDS2,ATL,NL,1,0,2,0,0,0,1,9,4,2,0,0,1,0.364,6.0,0.0,0.0,0.0,0.0,12.0,2.0,2,0.0,1.0,0.0
veresda01,2003,NLDS2,CHN,NL,0,1,2,0,0,0,0,4,2,2,0,2,0,0.4,13.5,1.0,0.0,0.0,0.0,8.0,1.0,2,1.0,0.0,0.0
woodke02,2003,NLDS2,CHN,NL,2,0,2,2,0,0,0,46,7,3,1,7,18,0.132,1.76,0.0,1.0,0.0,0.0,60.0,0.0,3,0.0,0.0,1.0
wrighja02,2003,NLDS2,ATL,NL,0,0,4,0,0,0,0,12,0,0,0,2,4,0.0,0.0,0.0,0.0,0.0,0.0,14.0,0.0,0,0.0,0.0,0.0
zambrca01,2003,NLDS2,CHN,NL,0,0,1,1,0,0,0,17,11,3,0,0,4,0.407,4.76,0.0,0.0,0.0,0.0,28.0,0.0,3,1.0,0.0,0.0
beckejo02,2003,WS,FLO,NL,1,1,2,2,1,1,0,49,8,2,0,5,19,0.148,1.1,0.0,0.0,1.0,0.0,61.0,0.0,2,1.0,0.0,2.0
clemero02,2003,WS,NYA,AL,0,0,1,1,0,0,0,21,8,3,1,0,5,0.286,3.86,0.0,0.0,0.0,0.0,29.0,0.0,3,1.0,0.0,0.0
contrjo01,2003,WS,NYA,AL,0,1,4,0,0,0,0,19,5,4,0,5,10,0.227,5.68,0.0,0.0,0.0,0.0,29.0,2.0,4,2.0,0.0,0.0
foxch02,2003,WS,FLO,NL,0,0,3,0,0,0,0,9,4,2,1,4,4,0.364,6.0,1.0,0.0,0.0,0.0,16.0,0.0,2,1.0,0.0,0.0
hammoch01,2003,WS,NYA,AL,0,0,1,0,0,0,0,6,2,0,0,0,0,0.25,0.0,0.0,0.0,0.0,0.0,8.0,0.0,2,0.0,0.0,1.0
helliri01,2003,WS,FLO,NL,0,0,1,0,0,0,0,8,2,2,1,0,2,0.2,6.75,0.0,0.0,0.0,0.0,10.0,0.0,2,0.0,0.0,0.0
loopebr01,2003,WS,FLO,NL,1,0,4,0,0,0,0,11,6,4,2,0,4,0.353,9.82,0.0,0.0,1.0,0.0,18.0,3.0,4,0.0,0.0,0.0
mussimi01,2003,WS,NYA,AL,1,0,1,1,0,0,0,21,7,1,0,1,9,0.259,1.29,1.0,0.0,0.0,0.0,29.0,0.0,1,1.0,0.0,0.0
nelsoje01,2003,WS,NYA,AL,0,0,3,0,0,0,0,12,4,0,0,2,5,0.267,0.0,0.0,0.0,0.0,0.0,17.0,1.0,0,0.0,0.0,0.0
pavanca01,2003,WS,FLO,NL,0,0,2,1,0,0,0,27,8,1,0,1,6,0.25,1.0,0.0,0.0,0.0,0.0,34.0,0.0,1,0.0,1.0,2.0
pennybr01,2003,WS,FLO,NL,2,0,2,2,0,0,0,37,15,3,1,5,7,0.319,2.19,0.0,0.0,0.0,0.0,53.0,0.0,4,0.0,1.0,3.0
pettian01,2003,WS,NYA,AL,1,1,2,2,0,0,0,47,12,1,0,4,14,0.207,0.57,1.0,0.0,0.0,0.0,63.0,0.0,3,0.0,1.0,2.0
redmama01,2003,WS,FLO,NL,0,1,1,1,0,0,0,7,5,4,1,2,2,0.5,15.43,0.0,1.0,1.0,0.0,13.0,0.0,4,0.0,0.0,0.0
riverma01,2003,WS,NYA,AL,0,0,2,0,0,0,1,12,2,0,0,0,4,0.143,0.0,0.0,0.0,0.0,0.0,14.0,2.0,0,0.0,0.0,0.0
urbinug01,2003,WS,FLO,NL,0,0,3,0,0,0,2,9,2,2,0,3,2,0.182,6.0,0.0,0.0,0.0,0.0,14.0,2.0,2,0.0,0.0,0.0
weaveje01,2003,WS,NYA,AL,0,1,1,0,0,0,0,3,1,1,1,0,0,0.25,9.0,0.0,0.0,0.0,0.0,4.0,1.0,1,0.0,0.0,0.0
wellsda01,2003,WS,NYA,AL,0,1,2,2,0,0,0,24,6,3,0,2,1,0.222,3.38,0.0,0.0,1.0,0.0,32.0,0.0,3,1.0,1.0,1.0
willido03,2003,WS,FLO,NL,0,0,3,0,0,0,0,11,4,0,0,2,3,0.267,0.0,0.0,0.0,0.0,0.0,17.0,0.0,0,0.0,0.0,0.0
arroybr01,2004,ALCS,BOS,AL,0,0,3,1,0,0,0,12,8,7,2,2,3,0.421,15.75,0.0,0.0,0.0,0.0,21.0,0.0,7,0.0,0.0,1.0
brownke01,2004,ALCS,NYA,AL,0,1,2,2,0,0,0,10,9,8,2,4,2,0.5,21.6,0.0,1.0,0.0,0.0,22.0,0.0,9,0.0,0.0,0.0
embreal01,2004,ALCS,BOS,AL,0,0,6,0,0,0,0,14,9,2,0,1,2,0.409,3.86,1.0,0.0,0.0,0.0,24.0,1.0,2,1.0,0.0,0.0
foulkke01,2004,ALCS,BOS,AL,0,0,5,0,0,0,1,18,1,0,0,6,6,0.053,0.0,0.0,0.0,1.0,0.0,26.0,3.0,0,0.0,0.0,0.0
gordoto01,2004,ALCS,NYA,AL,0,0,6,0,0,0,0,20,10,6,2,2,3,0.357,8.1,0.0,1.0,0.0,0.0,31.0,1.0,6,0.0,1.0,1.0
heredfe01,2004,ALCS,NYA,AL,0,0,3,0,0,0,0,4,1,0,0,0,1,0.25,0.0,0.0,0.0,0.0,0.0,4.0,0.0,0,0.0,0.0,1.0
hernaor01,2004,ALCS,NYA,AL,0,0,1,1,0,0,0,15,3,3,0,5,6,0.167,5.4,0.0,0.0,0.0,0.0,23.0,0.0,3,0.0,0.0,0.0
leskacu01,2004,ALCS,BOS,AL,1,0,3,0,0,0,0,8,3,3,1,3,2,0.3,10.12,0.0,0.0,0.0,0.0,13.0,1.0,3,0.0,0.0,1.0
liebejo01,2004,ALCS,NYA,AL,1,1,2,2,0,0,0,43,12,5,1,1,5,0.231,3.14,0.0,1.0,1.0,0.0,54.0,0.0,5,0.0,0.0,3.0
loaizes01,2004,ALCS,NYA,AL,0,1,2,0,0,0,0,19,5,1,0,3,5,0.217,1.42,0.0,0.0,0.0,0.0,26.0,1.0,1,0.0,0.0,1.0
lowede01,2004,ALCS,BOS,AL,1,0,2,2,0,0,0,34,7,4,1,1,6,0.175,3.18,0.0,0.0,1.0,0.0,43.0,0.0,4,1.0,0.0,0.0
martipe02,2004,ALCS,BOS,AL,0,1,3,2,0,0,0,39,14,9,2,9,14,0.269,6.23,0.0,0.0,3.0,0.0,64.0,0.0,9,0.0,0.0,1.0
mendora01,2004,ALCS,BOS,AL,0,1,2,0,0,0,0,6,2,1,0,0,1,0.25,4.5,0.0,0.0,2.0,1.0,10.0,0.0,1,0.0,0.0,0.0
mussimi01,2004,ALCS,NYA,AL,1,0,2,2,0,0,0,38,10,6,0,2,15,0.204,4.26,0.0,0.0,0.0,0.0,51.0,0.0,6,0.0,0.0,0.0
myersmi01,2004,ALCS,BOS,AL,0,0,3,0,0,0,0,7,5,2,1,1,4,0.455,7.71,0.0,0.0,0.0,0.0,12.0,1.0,2,0.0,0.0,0.0
quantpa01,2004,ALCS,NYA,AL,0,1,4,0,0,0,0,10,8,2,1,0,2,0.444,5.4,0.0,0.0,0.0,0.0,18.0,1.0,2,0.0,0.0,0.0
riverma01,2004,ALCS,NYA,AL,0,0,5,0,0,0,2,21,6,1,0,2,6,0.25,1.29,0.0,0.0,0.0,0.0,28.0,3.0,1,1.0,1.0,1.0
schilcu01,2004,ALCS,BOS,AL,1,1,2,2,0,0,0,30,10,7,1,2,5,0.256,6.3,0.0,0.0,0.0,0.0,42.0,0.0,7,0.0,1.0,0.0
sturtta01,2004,ALCS,NYA,AL,0,0,4,0,0,0,0,10,2,1,1,2,2,0.182,2.7,0.0,0.0,0.0,0.0,13.0,1.0,1,0.0,0.0,1.0
timlimi01,2004,ALCS,BOS,AL,0,0,5,0,0,0,0,17,10,3,0,5,2,0.4,4.76,0.0,1.0,0.0,0.0,31.0,0.0,3,1.0,0.0,0.0
vazquja01,2004,ALCS,NYA,AL,1,0,2,0,0,0,0,19,9,7,3,7,6,0.346,9.95,0.0,0.0,0.0,0.0,33.0,0.0,7,0.0,0.0,0.0
wakefti01,2004,ALCS,BOS,AL,1,0,3,0,0,0,0,22,9,7,1,3,6,0.281,8.59,2.0,0.0,0.0,0.0,35.0,1.0,7,0.0,0.0,0.0
arroybr01,2004,ALDS1,BOS,AL,0,0,1,1,0,0,0,18,3,2,1,2,7,0.143,3.0,0.0,0.0,1.0,0.0,24.0,0.0,2,0.0,0.0,0.0
colonba01,2004,ALDS1,ANA,AL,0,0,1,1,0,0,0,18,7,3,1,3,3,0.304,4.5,0.0,0.0,0.0,0.0,26.0,0.0,3,0.0,0.0,1.0
donnebr01,2004,ALDS1,ANA,AL,0,0,2,0,0,0,0,10,3,4,0,2,5,0.231,10.8,2.0,1.0,0.0,0.0,15.0,1.0,4,0.0,0.0,0.0
embreal01,2004,ALDS1,BOS,AL,0,0,2,0,0,0,0,3,0,0,0,1,0,0.0,0.0,0.0,0.0,0.0,0.0,4.0,0.0,0,0.0,0.0,0.0
escobke01,2004,ALDS1,ANA,AL,0,0,1,1,0,0,0,10,5,3,0,5,4,0.333,8.1,1.0,0.0,0.0,0.0,21.0,0.0,5,0.0,1.0,0.0
foulkke01,2004,ALDS1,BOS,AL,0,0,2,0,0,0,1,9,2,0,0,1,5,0.182,0.0,1.0,0.0,0.0,0.0,12.0,1.0,0,0.0,0.0,0.0
greggke01,2004,ALDS1,ANA,AL,0,0,1,0,0,0,0,6,3,0,0,1,0,0.333,0.0,0.0,1.0,0.0,0.0,10.0,0.0,0,0.0,0.0,0.0
lowede01,2004,ALDS1,BOS,AL,1,0,1,0,0,0,0,3,1,0,0,1,0,0.333,0.0,0.0,0.0,0.0,0.0,5.0,1.0,0,1.0,0.0,0.0
martipe02,2004,ALDS1,BOS,AL,1,0,1,1,0,0,0,21,6,3,0,2,6,0.24,3.86,0.0,0.0,1.0,0.0,28.0,0.0,3,0.0,0.0,0.0
myersmi01,2004,ALDS1,BOS,AL,0,0,2,0,0,0,0,1,0,1,0,1,1,0.0,27.0,0.0,0.0,0.0,0.0,2.0,0.0,1,0.0,0.0,0.0
ortizra01,2004,ALDS1,ANA,AL,0,0,1,0,0,0,0,6,2,1,0,1,0,0.25,4.5,1.0,0.0,0.0,0.0,9.0,1.0,1,0.0,0.0,0.0
rodrifr03,2004,ALDS1,ANA,AL,0,2,2,0,0,0,0,14,4,2,0,3,5,0.235,3.86,1.0,2.0,1.0,0.0,22.0,0.0,2,0.0,1.0,0.0
schilcu01,2004,ALDS1,BOS,AL,1,0,1,1,0,0,0,20,9,2,2,2,4,0.3,2.7,0.0,0.0,0.0,0.0,32.0,0.0,3,0.0,0.0,0.0
shielsc01,2004,ALDS1,ANA,AL,0,0,2,0,0,0,0,9,5,2,1,2,3,0.357,6.0,1.0,0.0,0.0,0.0,16.0,0.0,2,0.0,0.0,1.0
timlimi01,2004,ALDS1,BOS,AL,0,0,3,0,0,0,0,9,3,3,1,1,5,0.25,9.0,0.0,0.0,0.0,0.0,13.0,1.0,3,0.0,0.0,0.0
washbja01,2004,ALDS1,ANA,AL,0,1,2,1,0,0,0,10,6,4,2,3,3,0.353,10.8,0.0,0.0,0.0,0.0,20.0,1.0,8,0.0,0.0,0.0
balfogr01,2004,ALDS2,MIN,AL,0,0,2,0,0,0,0,8,0,0,0,0,2,0.0,0.0,0.0,0.0,0.0,0.0,7.0,0.0,0,0.0,0.0,1.0
brownke01,2004,ALDS2,NYA,AL,1,0,1,1,0,0,0,18,8,1,1,0,1,0.348,1.5,0.0,0.0,0.0,0.0,23.0,0.0,1,0.0,0.0,1.0
crainje01,2004,ALDS2,MIN,AL,0,0,1,0,0,0,0,1,1,0,0,0,0,0.5,0.0,0.0,0.0,0.0,0.0,2.0,0.0,0,0.0,0.0,0.0
gordoto01,2004,ALDS2,NYA,AL,0,0,3,0,0,0,0,11,2,2,0,0,3,0.143,4.91,0.0,1.0,0.0,0.0,14.0,0.0,2,0.0,0.0,0.0
heredfe01,2004,ALDS2,NYA,AL,0,0,1,0,0,0,0,1,0,2,0,0,0,0.0,54.0,0.0,0.0,2.0,0.0,3.0,0.0,2,0.0,0.0,0.0
liebejo01,2004,ALDS2,NYA,AL,0,0,1,1,0,0,0,20,7,3,0,1,4,0.292,4.05,0.0,0.0,0.0,0.0,26.0,0.0,3,0.0,1.0,1.0
loaizes01,2004,ALDS2,NYA,AL,0,0,1,0,0,0,0,6,4,0,0,0,0,0.5,0.0,0.0,0.0,0.0,0.0,8.0,0.0,0,0.0,0.0,0.0
lohseky01,2004,ALDS2,MIN,AL,0,1,1,0,0,0,0,6,1,1,0,0,3,0.143,4.5,0.0,1.0,0.0,0.0,7.0,1.0,1,0.0,0.0,0.0
mulhote01,2004,ALDS2,MIN,AL,0,0,1,0,0,0,0,9,3,1,1,0,0,0.25,3.0,0.0,0.0,0.0,0.0,12.0,1.0,1,0.0,0.0,1.0
mussimi01,2004,ALDS2,NYA,AL,0,1,1,1,0,0,0,21,7,2,1,1,7,0.28,2.57,0.0,0.0,0.0,0.0,27.0,0.0,2,1.0,0.0,1.0
nathajo01,2004,ALDS2,MIN,AL,0,1,3,0,0,0,1,15,2,2,0,5,6,0.118,3.6,2.0,0.0,0.0,0.0,22.0,1.0,2,0.0,0.0,0.0
quantpa01,2004,ALDS2,NYA,AL,1,0,2,0,0,0,0,6,2,0,0,0,1,0.25,0.0,0.0,0.0,0.0,0.0,8.0,1.0,0,0.0,0.0,0.0
radkebr01,2004,ALDS2,MIN,AL,0,0,1,1,0,0,0,19,8,5,3,3,0,0.32,7.11,0.0,0.0,0.0,0.0,29.0,0.0,5,1.0,0.0,1.0
rincoju01,2004,ALDS2,MIN,AL,0,0,3,0,0,0,0,10,4,4,1,2,5,0.308,10.8,0.0,1.0,0.0,0.0,15.0,0.0,4,0.0,0.0,1.0
riverma01,2004,ALDS2,NYA,AL,1,0,4,0,0,0,0,17,2,0,0,0,2,0.111,0.0,0.0,0.0,0.0,0.0,19.0,3.0,0,0.0,1.0,0.0
romerjc01,2004,ALDS2,MIN,AL,0,0,2,0,0,0,0,3,0,1,0,1,1,0.0,9.0,0.0,0.0,0.0,0.0,4.0,1.0,1,1.0,1.0,0.0
santajo01,2004,ALDS2,MIN,AL,1,0,2,2,0,0,0,36,14,1,0,4,12,0.304,0.75,0.0,0.0,1.0,0.0,51.0,0.0,1,0.0,0.0,2.0
silvaca01,2004,ALDS2,MIN,AL,0,1,1,1,0,0,0,15,10,6,1,0,1,0.417,10.8,0.0,0.0,0.0,0.0,24.0,0.0,6,0.0,0.0,1.0
sturtta01,2004,ALDS2,NYA,AL,0,0,2,0,0,0,0,8,4,2,1,3,4,0.333,6.75,0.0,0.0,0.0,0.0,15.0,0.0,2,0.0,0.0,0.0
vazquja01,2004,ALDS2,NYA,AL,0,0,1,1,0,0,0,15,7,5,1,2,6,0.368,9.0,0.0,0.0,2.0,0.0,25.0,0.0,5,0.0,2.0,0.0
backebr01,2004,NLCS,HOU,NL,0,0,2,2,0,0,0,38,6,4,1,4,10,0.14,2.84,0.0,0.0,1.0,0.0,48.0,0.0,4,0.0,0.0,1.0
calerki01,2004,NLCS,SLN,NL,0,0,5,0,0,0,0,21,8,3,1,1,7,0.296,3.86,0.0,0.0,1.0,0.0,29.0,0.0,3,0.0,0.0,0.0
clemero02,2004,NLCS,HOU,NL,1,1,2,2,0,0,0,39,10,6,3,2,9,0.217,4.15,0.0,1.0,0.0,0.0,50.0,0.0,6,2.0,0.0,0.0
eldreca01,2004,NLCS,SLN,NL,0,0,1,0,0,0,0,1,0,0,0,1,0,0.0,0.0,0.0,0.0,0.0,0.0,2.0,1.0,0,0.0,0.0,0.0
harenda01,2004,NLCS,SLN,NL,0,0,2,0,0,0,0,5,3,2,1,0,2,0.375,10.8,0.0,0.0,0.0,0.0,8.0,0.0,2,0.0,0.0,0.0
harvich01,2004,NLCS,HOU,NL,0,0,3,0,0,0,0,4,3,2,1,1,3,0.429,13.5,0.0,0.0,0.0,0.0,8.0,0.0,2,0.0,0.0,0.0
isrinja01,2004,NLCS,SLN,NL,0,1,6,0,0,0,3,23,4,4,1,4,3,0.154,4.7,2.0,0.0,1.0,0.0,32.0,5.0,4,1.0,0.0,0.0
kingra01,2004,NLCS,SLN,NL,0,0,4,0,0,0,0,5,4,2,2,0,1,0.5,10.8,0.0,0.0,0.0,0.0,8.0,0.0,2,0.0,0.0,1.0
klinest02,2004,NLCS,SLN,NL,0,0,1,0,0,0,0,0,2,0,0,0,0,1.0,,0.0,0.0,0.0,0.0,2.0,0.0,0,0.0,0.0,0.0
lidgebr01,2004,NLCS,HOU,NL,1,0,4,0,0,0,2,24,1,0,0,2,14,0.04,0.0,0.0,0.0,1.0,0.0,28.0,3.0,0,0.0,0.0,0.0
marquja01,2004,NLCS,SLN,NL,0,0,1,1,0,0,0,12,5,3,0,2,2,0.294,6.75,0.0,0.0,0.0,0.0,19.0,0.0,3,0.0,0.0,0.0
micelda01,2004,NLCS,HOU,NL,0,2,2,0,0,0,0,4,3,4,3,1,0,0.429,27.0,0.0,0.0,0.0,0.0,8.0,2.0,4,0.0,0.0,0.0
morrima01,2004,NLCS,SLN,NL,0,0,2,2,0,0,0,30,11,6,3,8,6,0.297,5.4,1.0,2.0,0.0,1.0,46.0,0.0,6,0.0,1.0,0.0
munrope01,2004,NLCS,HOU,NL,0,0,2,2,0,0,0,21,14,7,2,1,5,0.412,9.0,0.0,0.0,0.0,0.0,36.0,0.0,7,1.0,0.0,0.0
oswalro01,2004,NLCS,HOU,NL,0,0,2,1,0,0,0,24,11,6,1,4,2,0.367,6.75,0.0,0.0,0.0,0.0,37.0,1.0,6,2.0,1.0,1.0
quallch01,2004,NLCS,HOU,NL,0,1,2,0,0,0,0,12,8,5,0,2,4,0.444,11.25,1.0,0.0,0.0,0.0,21.0,0.0,5,1.0,0.0,0.0
suppaje01,2004,NLCS,SLN,NL,1,1,2,2,0,0,0,36,8,4,2,4,9,0.186,3.0,0.0,0.0,1.0,0.0,48.0,0.0,5,0.0,0.0,1.0
tavarju01,2004,NLCS,SLN,NL,2,1,5,0,0,0,0,18,3,2,2,2,3,0.15,3.0,1.0,1.0,1.0,0.0,23.0,1.0,2,0.0,0.0,1.0
wheelda01,2004,NLCS,HOU,NL,1,0,4,0,0,0,0,21,4,0,0,0,9,0.16,0.0,0.0,0.0,0.0,0.0,25.0,1.0,0,0.0,0.0,0.0
williwo02,2004,NLCS,SLN,NL,1,0,2,2,0,0,0,39,5,4,2,3,9,0.114,2.77,0.0,0.0,1.0,0.0,48.0,0.0,4,0.0,0.0,0.0
alvarwi01,2004,NLDS1,LAN,NL,0,1,2,0,0,0,0,10,4,4,1,0,4,0.286,10.8,0.0,0.0,0.0,0.0,14.0,0.0,4,0.0,0.0,0.0
brazoyh01,2004,NLDS1,LAN,NL,0,0,2,0,0,0,0,9,1,1,0,2,2,0.1,3.0,0.0,0.0,1.0,0.0,13.0,1.0,1,0.0,0.0,0.0
calerki01,2004,NLDS1,SLN,NL,0,0,1,0,0,0,0,3,0,0,0,0,2,0.0,0.0,0.0,0.0,0.0,0.0,3.0,0.0,0,0.0,0.0,0.0
carragi01,2004,NLDS1,LAN,NL,0,0,3,0,0,0,0,6,4,2,1,1,1,0.444,9.0,0.0,1.0,0.0,0.0,10.0,0.0,2,0.0,0.0,1.0
desseel01,2004,NLDS1,LAN,NL,0,0,1,0,0,0,0,4,1,1,1,0,1,0.2,6.75,0.0,0.0,0.0,0.0,5.0,0.0,1,0.0,0.0,0.0
eldreca01,2004,NLDS1,SLN,NL,0,0,2,0,0,0,0,2,1,0,0,2,0,0.333,0.0,0.0,0.0,0.0,0.0,5.0,0.0,0,0.0,0.0,0.0
gagneer01,2004,NLDS1,LAN,NL,0,0,2,0,0,0,0,9,1,0,0,1,3,0.111,0.0,0.0,0.0,0.0,0.0,10.0,2.0,0,0.0,0.0,1.0
harenda01,2004,NLDS1,SLN,NL,1,0,1,0,0,0,0,6,1,0,0,1,3,0.143,0.0,0.0,0.0,0.0,0.0,8.0,0.0,0,0.0,0.0,0.0
isrinja01,2004,NLDS1,SLN,NL,0,0,2,0,0,0,0,6,1,1,1,2,2,0.143,4.5,0.0,0.0,0.0,0.0,9.0,2.0,1,0.0,0.0,0.0
kingra01,2004,NLDS1,SLN,NL,0,0,3,0,0,0,0,7,0,0,0,0,1,0.0,0.0,0.0,0.0,0.0,0.0,7.0,0.0,0,0.0,0.0,0.0
klinest02,2004,NLDS1,SLN,NL,0,0,2,0,0,0,0,4,0,0,0,0,0,0.0,0.0,0.0,0.0,0.0,0.0,4.0,2.0,0,0.0,0.0,0.0
limajo01,2004,NLDS1,LAN,NL,1,0,1,1,1,1,0,27,5,0,0,1,4,0.161,0.0,0.0,0.0,0.0,0.0,32.0,0.0,0,0.0,0.0,1.0
marquja01,2004,NLDS1,SLN,NL,0,0,1,1,0,0,0,10,4,3,3,4,0,0.308,8.1,0.0,0.0,0.0,0.0,17.0,0.0,3,0.0,0.0,1.0
morrima01,2004,NLDS1,SLN,NL,0,1,1,1,0,0,0,21,6,4,2,2,5,0.231,5.14,1.0,0.0,1.0,0.0,30.0,0.0,4,1.0,0.0,1.0
perezod01,2004,NLDS1,LAN,NL,0,1,2,2,0,0,0,15,8,8,4,7,3,0.364,14.4,0.0,0.0,0.0,0.0,29.0,0.0,8,0.0,0.0,0.0
sanchdu01,2004,NLDS1,LAN,NL,0,0,2,0,0,0,0,6,1,0,0,1,3,0.143,0.0,0.0,0.0,0.0,0.0,8.0,0.0,0,0.0,0.0,0.0
suppaje01,2004,NLDS1,SLN,NL,1,0,1,1,0,0,0,21,2,2,1,3,2,0.091,2.57,0.0,0.0,0.0,0.0,26.0,0.0,2,0.0,1.0,0.0
tavarju01,2004,NLDS1,SLN,NL,0,0,2,0,0,0,0,7,2,0,0,0,3,0.222,0.0,0.0,0.0,0.0,0.0,9.0,0.0,0,0.0,0.0,0.0
venafmi01,2004,NLDS1,LAN,NL,0,0,2,0,0,0,0,2,0,0,0,0,1,0.0,0.0,0.0,0.0,0.0,0.0,2.0,0.0,0,0.0,0.0,0.0
weaveje01,2004,NLDS1,LAN,NL,0,1,1,1,0,0,0,14,8,6,0,2,4,0.381,11.57,0.0,1.0,2.0,0.0,26.0,0.0,6,1.0,0.0,0.0
williwo02,2004,NLDS1,SLN,NL,1,0,1,1,0,0,0,18,8,2,0,1,2,0.32,3.0,0.0,0.0,0.0,0.0,26.0,0.0,2,0.0,0.0,1.0
alfonan01,2004,NLDS2,ATL,NL,1,0,4,0,0,0,0,11,2,2,0,2,0,0.154,4.91,0.0,0.0,0.0,0.0,15.0,1.0,2,0.0,0.0,0.0
backebr01,2004,NLDS2,HOU,NL,1,0,1,1,0,0,0,18,5,2,1,2,5,0.227,3.0,1.0,0.0,1.0,0.0,25.0,0.0,2,0.0,0.0,0.0
byrdpa01,2004,NLDS2,ATL,NL,0,1,2,0,0,0,0,17,8,4,1,3,3,0.364,6.35,1.0,0.0,0.0,0.0,26.0,1.0,4,1.0,0.0,1.0
clemero02,2004,NLDS2,HOU,NL,1,0,2,2,0,0,0,36,12,4,1,8,12,0.267,3.0,0.0,3.0,0.0,0.0,55.0,0.0,5,1.0,1.0,2.0
cruzju02,2004,NLDS2,ATL,NL,0,0,3,0,0,0,0,11,6,4,0,4,4,0.353,9.82,0.0,0.0,1.0,0.0,22.0,1.0,4,0.0,0.0,0.0
gallomi01,2004,NLDS2,HOU,NL,0,0,3,0,0,0,0,6,3,1,0,1,4,0.333,4.5,0.0,0.0,0.0,0.0,10.0,1.0,1,0.0,0.0,0.0
gryboke01,2004,NLDS2,ATL,NL,0,0,5,0,0,0,0,13,3,1,0,1,3,0.2,2.08,0.0,0.0,0.0,0.0,16.0,0.0,1,0.0,0.0,1.0
hamptmi01,2004,NLDS2,ATL,NL,0,0,2,1,0,0,0,22,4,2,2,4,6,0.174,2.45,0.0,0.0,0.0,0.0,27.0,0.0,2,0.0,0.0,2.0
harvich01,2004,NLDS2,HOU,NL,0,0,1,0,0,0,0,2,0,0,0,0,0,0.0,0.0,0.0,0.0,0.0,0.0,1.0,0.0,0,0.0,0.0,1.0
lidgebr01,2004,NLDS2,HOU,NL,0,0,3,0,0,0,1,13,4,1,0,1,6,0.286,2.08,0.0,0.0,0.0,0.0,16.0,1.0,1,1.0,0.0,0.0
martito02,2004,NLDS2,ATL,NL,0,0,2,0,0,0,0,1,4,2,0,1,0,1.0,54.0,0.0,0.0,0.0,0.0,5.0,0.0,2,0.0,0.0,0.0
micelda01,2004,NLDS2,HOU,NL,0,1,3,0,0,0,0,10,2,2,1,1,2,0.167,5.4,0.0,0.0,0.0,0.0,13.0,1.0,2,0.0,0.0,0.0
ortizru01,2004,NLDS2,ATL,NL,0,0,1,1,0,0,0,9,7,5,1,1,1,0.467,15.0,0.0,0.0,0.0,0.0,17.0,0.0,5,0.0,1.0,0.0
oswalro01,2004,NLDS2,HOU,NL,1,0,2,2,0,0,0,34,15,3,2,4,8,0.312,2.38,0.0,0.0,0.0,0.0,52.0,0.0,3,0.0,0.0,0.0
quallch01,2004,NLDS2,HOU,NL,0,0,4,0,0,0,0,12,4,3,1,1,3,0.25,6.75,0.0,0.0,0.0,0.0,17.0,0.0,3,0.0,0.0,0.0
reitsch01,2004,NLDS2,ATL,NL,0,0,3,0,0,0,0,9,5,6,2,1,2,0.417,18.0,0.0,1.0,0.0,0.0,15.0,1.0,6,1.0,1.0,0.0
smoltjo01,2004,NLDS2,ATL,NL,1,0,2,0,0,0,0,15,4,0,0,2,4,0.235,0.0,0.0,0.0,0.0,0.0,20.0,1.0,0,1.0,0.0,1.0
sprinru01,2004,NLDS2,HOU,NL,0,1,2,0,0,0,0,6,3,4,1,1,5,0.333,18.0,0.0,0.0,1.0,0.0,11.0,1.0,4,0.0,0.0,0.0
thomsjo01,2004,NLDS2,ATL,NL,0,0,1,1,0,0,0,1,1,0,0,1,0,0.5,0.0,0.0,0.0,0.0,0.0,3.0,0.0,0,0.0,0.0,0.0
wheelda01,2004,NLDS2,HOU,NL,0,0,1,0,0,0,0,3,0,0,0,0,0,0.0,0.0,0.0,0.0,0.0,0.0,4.0,1.0,0,0.0,0.0,0.0
wrighja02,2004,NLDS2,ATL,NL,0,2,2,2,0,0,0,29,14,10,5,1,7,0.35,9.31,0.0,0.0,0.0,0.0,42.0,0.0,10,0.0,1.0,1.0
arroybr01,2004,WS,BOS,AL,0,0,2,0,0,0,0,8,4,2,0,1,4,0.333,6.75,0.0,0.0,0.0,0.0,13.0,0.0,2,0.0,0.0,0.0
calerki01,2004,WS,SLN,NL,0,0,2,0,0,0,0,4,2,2,0,4,0,0.4,13.5,0.0,0.0,0.0,0.0,9.0,0.0,2,0.0,0.0,1.0
eldreca01,2004,WS,SLN,NL,0,0,2,0,0,0,0,5,4,2,0,0,2,0.444,10.8,0.0,0.0,1.0,0.0,10.0,0.0,2,0.0,0.0,0.0
embreal01,2004,WS,BOS,AL,0,0,3,0,0,0,0,5,1,0,0,0,4,0.167,0.0,0.0,0.0,0.0,0.0,6.0,0.0,1,0.0,0.0,0.0
foulkke01,2004,WS,BOS,AL,1,0,4,0,0,0,1,15,4,1,1,1,8,0.2,1.8,1.0,0.0,0.0,0.0,21.0,4.0,1,0.0,0.0,0.0
harenda01,2004,WS,SLN,NL,0,0,2,0,0,0,0,14,4,0,0,3,2,0.222,0.0,0.0,0.0,0.0,0.0,21.0,0.0,0,0.0,0.0,0.0
isrinja01,2004,WS,SLN,NL,0,0,1,0,0,0,0,6,1,0,0,1,2,0.143,0.0,0.0,0.0,0.0,0.0,8.0,1.0,0,0.0,0.0,0.0
kingra01,2004,WS,SLN,NL,0,0,3,0,0,0,0,8,1,0,0,1,1,0.125,0.0,0.0,0.0,0.0,0.0,9.0,0.0,0,0.0,0.0,1.0
lowede01,2004,WS,BOS,AL,1,0,1,1,0,0,0,21,3,0,0,1,4,0.13,0.0,0.0,1.0,0.0,0.0,25.0,0.0,0,1.0,0.0,0.0
marquja01,2004,WS,SLN,NL,0,1,2,1,0,0,0,21,6,3,1,7,4,0.231,3.86,1.0,0.0,0.0,0.0,34.0,0.0,3,1.0,0.0,0.0
martipe02,2004,WS,BOS,AL,1,0,1,1,0,0,0,21,3,0,0,2,6,0.136,0.0,0.0,0.0,0.0,0.0,24.0,0.0,0,0.0,0.0,0.0
morrima01,2004,WS,SLN,NL,0,1,1,1,0,0,0,13,4,4,0,4,3,0.25,8.31,0.0,0.0,1.0,0.0,21.0,0.0,4,0.0,0.0,1.0
reyesal01,2004,WS,SLN,NL,0,0,2,0,0,0,0,4,0,0,0,0,0,0.0,0.0,0.0,0.0,0.0,0.0,4.0,1.0,0,0.0,0.0,0.0
schilcu01,2004,WS,BOS,AL,1,0,1,1,0,0,0,18,4,0,0,1,4,0.174,0.0,0.0,0.0,0.0,0.0,24.0,0.0,1,0.0,0.0,1.0
suppaje01,2004,WS,SLN,NL,0,1,1,1,0,0,0,14,8,4,1,1,4,0.364,7.71,0.0,0.0,1.0,0.0,24.0,0.0,4,0.0,0.0,0.0
tavarju01,2004,WS,SLN,NL,0,1,2,0,0,0,0,6,1,1,1,0,1,0.125,4.5,0.0,0.0,0.0,0.0,8.0,2.0,2,0.0,0.0,0.0
timlimi01,2004,WS,BOS,AL,0,0,3,0,0,0,0,9,2,2,0,1,0,0.2,6.0,0.0,0.0,0.0,0.0,12.0,0.0,2,0.0,1.0,0.0
wakefti01,2004,WS,BOS,AL,0,0,1,1,0,0,0,11,3,5,1,5,2,0.3,12.27,0.0,0.0,1.0,0.0,19.0,0.0,5,1.0,2.0,1.0
williwo02,2004,WS,SLN,NL,0,0,1,1,0,0,0,7,8,7,1,3,1,0.533,27.0,0.0,0.0,1.0,0.0,19.0,0.0,7,0.0,0.0,0.0
buehrma01,2005,ALCS,CHA,AL,1,0,1,1,1,0,0,27,5,1,1,0,4,0.167,1.0,0.0,0.0,1.0,0.0,32.0,0.0,1,1.0,0.0,2.0
byrdpa01,2005,ALCS,LAA,AL,1,0,2,2,0,0,0,32,10,4,1,2,2,0.256,3.38,0.0,0.0,2.0,0.0,45.0,0.0,4,1.0,1.0,0.0
contrjo01,2005,ALCS,CHA,AL,1,1,2,2,1,0,0,52,12,6,1,2,6,0.197,3.12,0.0,1.0,0.0,0.0,66.0,0.0,6,2.0,1.0,0.0
cottsne01,2005,ALCS,CHA,AL,0,0,1,0,0,0,0,2,0,0,0,0,0,0.0,0.0,0.0,0.0,0.0,0.0,2.0,1.0,0,0.0,0.0,0.0
donnebr01,2005,ALCS,LAA,AL,0,0,3,0,0,0,0,10,2,0,0,1,5,0.182,0.0,0.0,0.0,0.0,0.0,12.0,1.0,0,0.0,0.0,1.0
escobke01,2005,ALCS,LAA,AL,0,2,2,0,0,0,0,13,4,1,1,2,10,0.222,2.08,0.0,0.0,0.0,0.0,20.0,1.0,3,0.0,0.0,0.0
garcifr02,2005,ALCS,CHA,AL,1,0,1,1,1,0,0,27,6,2,0,1,5,0.188,2.0,0.0,0.0,0.0,0.0,33.0,0.0,2,0.0,0.0,1.0
garlajo01,2005,ALCS,CHA,AL,1,0,1,1,1,0,0,27,4,2,1,1,7,0.138,2.0,0.0,0.0,0.0,0.0,30.0,0.0,2,0.0,0.0,1.0
greggke01,2005,ALCS,LAA,AL,0,0,1,0,0,0,0,6,1,0,0,1,3,0.143,0.0,0.0,0.0,0.0,0.0,8.0,0.0,0,0.0,0.0,0.0
lackejo01,2005,ALCS,LAA,AL,0,1,1,1,0,0,0,15,8,5,1,1,3,0.381,9.0,0.0,0.0,0.0,0.0,23.0,0.0,5,1.0,0.0,0.0
rodrifr03,2005,ALCS,LAA,AL,0,0,2,0,0,0,1,7,2,0,0,3,3,0.25,0.0,0.0,0.0,0.0,0.0,12.0,2.0,2,0.0,1.0,0.0
santaer01,2005,ALCS,LAA,AL,0,1,1,1,0,0,0,13,3,5,2,3,2,0.188,10.38,0.0,0.0,1.0,0.0,20.0,0.0,6,0.0,0.0,0.0
shielsc01,2005,ALCS,LAA,AL,0,0,4,0,0,0,0,18,4,0,0,1,5,0.2,0.0,1.0,0.0,0.0,0.0,21.0,0.0,0,0.0,0.0,0.0
washbja01,2005,ALCS,LAA,AL,0,0,1,1,0,0,0,14,4,0,0,1,1,0.235,0.0,0.0,0.0,1.0,0.0,20.0,0.0,1,1.0,0.0,0.0
yanes01,2005,ALCS,LAA,AL,0,0,1,0,0,0,0,6,3,2,0,1,2,0.375,9.0,0.0,0.0,0.0,0.0,9.0,1.0,2,0.0,0.0,1.0
arroybr01,2005,ALDS1,BOS,AL,0,0,1,0,0,0,0,3,2,2,1,2,1,0.4,18.0,0.0,0.0,0.0,0.0,7.0,1.0,2,0.0,0.0,0.0
bradfch01,2005,ALDS1,BOS,AL,0,0,2,0,0,0,0,4,1,0,0,0,1,0.2,0.0,0.0,0.0,0.0,0.0,5.0,0.0,0,0.0,0.0,0.0
buehrma01,2005,ALDS1,CHA,AL,1,0,1,1,0,0,0,21,8,4,0,1,2,0.276,5.14,1.0,0.0,0.0,0.0,30.0,0.0,4,0.0,0.0,0.0
clemema01,2005,ALDS1,BOS,AL,0,1,1,1,0,0,0,10,7,8,3,0,0,0.467,21.6,0.0,0.0,2.0,0.0,18.0,0.0,8,1.0,0.0,0.0
contrjo01,2005,ALDS1,CHA,AL,1,0,1,1,0,0,0,23,8,2,0,0,6,0.258,2.35,0.0,1.0,0.0,0.0,31.0,0.0,2,0.0,0.0,0.0
cottsne01,2005,ALDS1,CHA,AL,0,0,1,0,0,0,0,1,0,0,0,0,0,0.0,0.0,0.0,0.0,0.0,0.0,1.0,0.0,0,0.0,0.0,0.0
garcifr02,2005,ALDS1,CHA,AL,1,0,1,1,0,0,0,15,5,3,3,4,1,0.278,5.4,0.0,0.0,0.0,0.0,22.0,0.0,3,0.0,0.0,1.0
gonzaje01,2005,ALDS1,BOS,AL,0,0,1,0,0,0,0,7,2,4,1,1,0,0.222,15.43,0.0,0.0,1.0,0.0,11.0,0.0,4,0.0,0.0,0.0
hernaor01,2005,ALDS1,CHA,AL,0,0,1,0,0,0,0,9,1,0,0,0,4,0.1,0.0,0.0,0.0,0.0,0.0,10.0,0.0,0,0.0,0.0,0.0
jenksbo01,2005,ALDS1,CHA,AL,0,0,2,0,0,0,2,9,1,0,0,1,1,0.1,0.0,0.0,0.0,0.0,0.0,11.0,2.0,0,0.0,0.0,0.0
marteda01,2005,ALDS1,CHA,AL,0,0,1,0,0,0,0,0,1,0,0,2,0,1.0,,0.0,0.0,0.0,0.0,3.0,0.0,0,0.0,0.0,0.0
myersmi01,2005,ALDS1,BOS,AL,0,0,1,0,0,0,0,0,0,0,0,1,0,,,0.0,0.0,0.0,0.0,1.0,0.0,0,0.0,0.0,0.0
papeljo01,2005,ALDS1,BOS,AL,0,0,2,0,0,0,0,12,2,0,0,0,2,0.143,0.0,0.0,0.0,0.0,0.0,14.0,1.0,0,0.0,0.0,0.0
politcl01,2005,ALDS1,CHA,AL,0,0,1,0,0,0,0,3,1,0,0,0,0,0.25,0.0,0.0,0.0,0.0,0.0,4.0,1.0,0,0.0,0.0,0.0
timlimi01,2005,ALDS1,BOS,AL,0,0,1,0,0,0,0,3,1,1,0,0,1,0.333,9.0,0.0,0.0,0.0,0.0,5.0,1.0,1,2.0,0.0,0.0
wakefti01,2005,ALDS1,BOS,AL,0,1,1,1,0,0,0,16,6,4,1,1,4,0.3,6.75,0.0,0.0,2.0,0.0,23.0,0.0,4,0.0,0.0,1.0
wellsda01,2005,ALDS1,BOS,AL,0,1,1,1,0,0,0,20,7,2,1,0,2,0.269,2.7,0.0,0.0,0.0,0.0,26.0,0.0,5,0.0,0.0,2.0
byrdpa01,2005,ALDS2,LAA,AL,0,0,1,1,0,0,0,11,7,4,1,2,2,0.389,9.82,0.0,0.0,0.0,0.0,20.0,0.0,4,0.0,0.0,0.0
chacosh01,2005,ALDS2,NYA,AL,0,0,1,1,0,0,0,19,4,2,0,1,5,0.19,2.84,0.0,0.0,0.0,0.0,23.0,0.0,2,1.0,0.0,0.0
colonba01,2005,ALDS2,LAA,AL,0,1,2,2,0,0,0,24,10,4,0,2,7,0.312,4.5,0.0,0.0,1.0,0.0,35.0,0.0,4,0.0,0.0,2.0
donnebr01,2005,ALDS2,LAA,AL,0,0,1,0,0,0,0,1,2,1,0,1,0,0.667,27.0,0.0,0.0,0.0,0.0,4.0,0.0,2,0.0,0.0,0.0
escobke01,2005,ALDS2,LAA,AL,1,0,4,0,0,0,0,21,2,1,1,5,5,0.091,1.29,0.0,2.0,0.0,0.0,27.0,1.0,1,0.0,0.0,0.0
gordoto01,2005,ALDS2,NYA,AL,0,0,3,0,0,0,0,7,2,1,0,0,2,0.2,3.86,0.0,0.0,1.0,0.0,11.0,1.0,2,0.0,0.0,0.0
johnsra05,2005,ALDS2,NYA,AL,0,0,2,1,0,0,0,22,12,5,2,1,4,0.375,6.14,0.0,0.0,0.0,0.0,34.0,0.0,5,1.0,0.0,0.0
lackejo01,2005,ALDS2,LAA,AL,0,0,2,2,0,0,0,34,7,3,0,9,9,0.179,2.38,0.0,2.0,0.0,0.0,49.0,0.0,3,1.0,0.0,1.0
leiteal01,2005,ALDS2,NYA,AL,1,0,4,0,0,0,0,11,2,3,1,1,2,0.2,7.36,1.0,0.0,0.0,0.0,12.0,0.0,3,1.0,0.0,1.0
mussimi01,2005,ALDS2,NYA,AL,1,1,2,2,0,0,0,25,11,5,1,1,7,0.306,5.4,0.0,0.0,0.0,0.0,38.0,0.0,5,0.0,1.0,0.0
proctsc01,2005,ALDS2,NYA,AL,0,0,2,0,0,0,0,6,3,0,0,0,1,0.375,0.0,0.0,1.0,0.0,0.0,8.0,2.0,0,0.0,0.0,0.0
riverma01,2005,ALDS2,NYA,AL,0,0,2,0,0,0,2,9,1,1,0,1,2,0.1,3.0,0.0,0.0,0.0,0.0,11.0,2.0,1,0.0,0.0,0.0
rodrifr03,2005,ALDS2,LAA,AL,0,0,3,0,0,0,2,10,5,1,1,0,2,0.357,2.7,0.0,0.0,0.0,0.0,14.0,3.0,1,0.0,0.0,1.0
santaer01,2005,ALDS2,LAA,AL,1,0,1,0,0,0,0,16,5,3,1,2,2,0.263,5.06,0.0,0.0,1.0,0.0,23.0,0.0,3,0.0,1.0,0.0
shielsc01,2005,ALDS2,LAA,AL,1,1,4,0,0,0,0,15,4,2,0,3,5,0.211,3.6,0.0,0.0,0.0,0.0,23.0,1.0,2,0.0,1.0,0.0
smallaa01,2005,ALDS2,NYA,AL,0,1,1,0,0,0,0,8,4,2,0,0,2,0.364,6.75,0.0,0.0,0.0,0.0,11.0,0.0,2,0.0,0.0,1.0
sturtta01,2005,ALDS2,NYA,AL,0,0,2,0,0,0,0,2,1,1,1,0,0,0.333,13.5,0.0,0.0,0.0,0.0,3.0,0.0,1,0.0,0.0,0.0
wangch01,2005,ALDS2,NYA,AL,0,1,1,1,0,0,0,20,6,1,1,0,1,0.231,1.35,0.0,0.0,1.0,0.0,29.0,0.0,4,2.0,0.0,0.0
astacez01,2005,NLCS,HOU,NL,0,0,1,0,0,0,0,3,0,0,0,0,2,0.0,0.0,0.0,0.0,0.0,0.0,3.0,1.0,0,0.0,0.0,0.0
backebr01,2005,NLCS,HOU,NL,0,0,1,1,0,0,0,17,2,1,0,3,7,0.118,1.59,0.0,0.0,0.0,0.0,21.0,0.0,1,0.0,1.0,1.0
carpech01,2005,NLCS,SLN,NL,1,0,2,2,0,0,0,45,14,5,2,4,9,0.255,3.0,0.0,0.0,1.0,0.0,63.0,0.0,6,3.0,0.0,1.0
clemero02,2005,NLCS,HOU,NL,1,0,1,1,0,0,0,18,6,2,0,2,1,0.286,3.0,0.0,0.0,0.0,0.0,26.0,0.0,2,1.0,2.0,0.0
florera01,2005,NLCS,SLN,NL,0,0,2,0,0,0,0,4,0,0,0,1,0,0.0,0.0,0.0,0.0,0.0,0.0,4.0,0.0,0,0.0,0.0,0.0
gallomi01,2005,NLCS,HOU,NL,0,0,2,0,0,0,0,2,0,0,0,0,0,0.0,0.0,0.0,0.0,0.0,0.0,2.0,0.0,0,0.0,0.0,0.0
isrinja01,2005,NLCS,SLN,NL,1,0,3,0,0,0,1,12,3,0,0,0,2,0.214,0.0,0.0,0.0,0.0,0.0,15.0,3.0,1,0.0,1.0,0.0
lidgebr01,2005,NLCS,HOU,NL,0,1,4,0,0,0,3,15,6,4,1,2,7,0.3,7.2,0.0,0.0,0.0,0.0,22.0,4.0,4,0.0,0.0,1.0
marquja01,2005,NLCS,SLN,NL,0,1,3,0,0,0,0,16,6,2,0,3,4,0.316,3.38,0.0,0.0,0.0,0.0,26.0,2.0,3,3.0,1.0,0.0
morrima01,2005,NLCS,SLN,NL,0,1,1,1,0,0,0,16,8,3,1,1,3,0.333,5.06,0.0,0.0,0.0,0.0,25.0,0.0,4,0.0,0.0,0.0
muldema01,2005,NLCS,SLN,NL,0,2,2,2,0,0,0,35,14,4,1,3,8,0.311,3.09,1.0,2.0,0.0,0.0,50.0,0.0,5,2.0,0.0,1.0
oswalro01,2005,NLCS,HOU,NL,2,0,2,2,0,0,0,42,8,2,1,4,12,0.163,1.29,0.0,0.0,2.0,0.0,56.0,0.0,2,0.0,1.0,0.0
pettian01,2005,NLCS,HOU,NL,0,1,2,2,0,0,0,37,15,7,1,4,6,0.312,5.11,0.0,0.0,1.0,0.0,55.0,0.0,7,2.0,0.0,2.0
quallch01,2005,NLCS,HOU,NL,1,0,4,0,0,0,0,14,0,0,0,0,4,0.0,0.0,0.0,0.0,0.0,0.0,14.0,0.0,0,0.0,0.0,0.0
sprinru01,2005,NLCS,HOU,NL,0,0,1,0,0,0,0,3,0,0,0,1,1,0.0,0.0,0.0,0.0,0.0,0.0,4.0,0.0,0,0.0,0.0,0.0
suppaje01,2005,NLCS,SLN,NL,0,0,1,1,0,0,0,15,3,1,1,3,5,0.167,1.8,0.0,0.0,0.0,0.0,21.0,0.0,1,0.0,0.0,0.0
tavarju01,2005,NLCS,SLN,NL,0,0,3,0,0,0,0,10,5,2,0,0,2,0.333,5.4,0.0,2.0,0.0,0.0,15.0,1.0,2,0.0,0.0,0.0
thompbr01,2005,NLCS,SLN,NL,0,0,2,0,0,0,0,3,2,0,0,0,0,0.4,0.0,0.0,0.0,0.0,0.0,5.0,0.0,0,0.0,0.0,0.0
wheelda01,2005,NLCS,HOU,NL,0,0,3,0,0,0,0,8,2,0,0,0,2,0.2,0.0,0.0,0.0,0.0,0.0,10.0,1.0,0,0.0,0.0,0.0
astacpe01,2005,NLDS1,SDN,NL,0,1,1,1,0,0,0,12,3,2,0,3,4,0.2,4.5,0.0,0.0,0.0,0.0,20.0,0.0,4,2.0,0.0,1.0
carpech01,2005,NLDS1,SLN,NL,1,0,1,1,0,0,0,18,3,0,0,3,3,0.158,0.0,0.0,0.0,0.0,0.0,22.0,0.0,0,0.0,0.0,3.0
eldreca01,2005,NLDS1,SLN,NL,0,0,1,0,0,0,0,2,2,2,0,1,0,0.5,27.0,0.0,0.0,0.0,0.0,5.0,0.0,2,0.0,0.0,0.0
florera01,2005,NLDS1,SLN,NL,0,0,3,0,0,0,0,6,2,1,1,0,3,0.25,4.5,0.0,0.0,0.0,0.0,8.0,0.0,1,0.0,0.0,0.0
henslcl01,2005,NLDS1,SDN,NL,0,0,3,0,0,0,0,14,4,2,0,3,1,0.235,3.86,0.0,0.0,0.0,0.0,21.0,0.0,2,1.0,0.0,0.0
hoffmtr01,2005,NLDS1,SDN,NL,0,0,1,0,0,0,0,3,1,0,0,0,0,0.25,0.0,0.0,0.0,0.0,0.0,4.0,1.0,0,0.0,0.0,0.0
isrinja01,2005,NLDS1,SLN,NL,0,0,3,0,0,0,1,9,5,1,0,1,4,0.357,3.0,0.0,0.0,0.0,0.0,15.0,3.0,1,0.0,0.0,0.0
lawrebr02,2005,NLDS1,SDN,NL,0,0,2,0,0,0,0,7,1,0,0,0,2,0.125,0.0,0.0,0.0,0.0,0.0,8.0,0.0,0,0.0,0.0,0.0
linebsc01,2005,NLDS1,SDN,NL,0,0,1,0,0,0,0,3,2,0,0,0,1,0.4,0.0,0.0,0.0,0.0,0.0,5.0,1.0,0,0.0,0.0,0.0
morrima01,2005,NLDS1,SLN,NL,1,0,1,1,0,0,0,18,5,2,0,3,4,0.217,3.0,0.0,0.0,0.0,0.0,26.0,0.0,2,0.0,0.0,0.0
muldema01,2005,NLDS1,SLN,NL,1,0,1,1,0,0,0,20,8,1,0,1,2,0.333,1.35,0.0,0.0,2.0,0.0,27.0,0.0,1,0.0,0.0,4.0
otsukak01,2005,NLDS1,SDN,NL,0,0,3,0,0,0,0,9,1,0,0,1,0,0.1,0.0,1.0,0.0,0.0,0.0,11.0,1.0,0,0.0,0.0,0.0
peavyja01,2005,NLDS1,SDN,NL,0,1,1,1,0,0,0,13,8,8,2,3,3,0.4,16.62,2.0,1.0,0.0,0.0,23.0,0.0,8,0.0,0.0,1.0
seaneru01,2005,NLDS1,SDN,NL,0,0,2,0,0,0,0,9,3,2,0,1,4,0.25,6.0,0.0,0.0,0.0,0.0,13.0,0.0,2,0.0,0.0,0.0
tavarju01,2005,NLDS1,SLN,NL,0,0,2,0,0,0,0,4,4,2,1,1,0,0.5,13.5,0.0,0.0,1.0,0.0,10.0,0.0,2,0.0,0.0,0.0
thompbr01,2005,NLDS1,SLN,NL,0,0,2,0,0,0,0,4,3,2,1,0,1,0.5,13.5,0.0,0.0,0.0,0.0,7.0,0.0,2,0.0,1.0,0.0
williwo02,2005,NLDS1,SDN,NL,0,1,1,1,0,0,0,5,6,5,1,2,2,0.545,27.0,1.0,0.0,1.0,0.0,14.0,0.0,5,0.0,0.0,0.0
backebr01,2005,NLDS2,HOU,NL,0,0,2,1,0,0,0,16,6,5,1,3,3,0.3,8.44,0.0,1.0,1.0,0.0,25.0,0.0,5,0.0,1.0,1.0
broweji01,2005,NLDS2,ATL,NL,0,0,3,0,0,0,0,16,0,0,0,3,2,0.0,0.0,0.0,0.0,0.0,0.0,17.0,1.0,0,1.0,1.0,2.0
clemero02,2005,NLDS2,HOU,NL,1,1,2,1,0,0,0,24,7,5,1,3,6,0.233,5.62,0.0,0.0,0.0,0.0,35.0,1.0,5,2.0,0.0,0.0
devinjo01,2005,NLDS2,ATL,NL,0,1,3,0,0,0,0,5,3,2,1,1,3,0.375,10.8,1.0,0.0,1.0,0.0,10.0,1.0,2,0.0,0.0,0.0
farnsky01,2005,NLDS2,ATL,NL,0,0,2,0,0,0,0,9,2,3,2,1,4,0.182,9.0,0.0,0.0,0.0,0.0,12.0,1.0,3,0.0,0.0,0.0
fostejo01,2005,NLDS2,ATL,NL,0,0,2,0,0,0,0,1,2,2,0,2,1,0.667,54.0,1.0,1.0,0.0,0.0,5.0,0.0,2,0.0,0.0,0.0
gallomi01,2005,NLDS2,HOU,NL,0,0,3,0,0,0,0,5,1,0,0,1,0,0.2,0.0,1.0,0.0,1.0,0.0,7.0,1.0,0,0.0,0.0,1.0
hudsoti01,2005,NLDS2,ATL,NL,0,1,2,2,0,0,0,41,13,8,0,6,8,0.283,5.27,1.0,0.0,1.0,0.0,58.0,0.0,8,3.0,2.0,3.0
lidgebr01,2005,NLDS2,HOU,NL,0,0,3,0,0,0,0,12,2,0,0,4,5,0.143,0.0,0.0,0.0,0.0,0.0,18.0,2.0,0,0.0,0.0,0.0
mcbrima01,2005,NLDS2,ATL,NL,0,0,1,0,0,0,0,3,0,0,0,0,1,0.0,0.0,0.0,0.0,0.0,0.0,3.0,1.0,0,0.0,0.0,0.0
oswalro01,2005,NLDS2,HOU,NL,1,0,1,1,0,0,0,22,6,3,0,2,7,0.222,3.68,0.0,0.0,1.0,0.0,30.0,0.0,3,0.0,0.0,1.0
pettian01,2005,NLDS2,HOU,NL,1,0,1,1,0,0,0,21,4,3,2,2,6,0.167,3.86,0.0,0.0,0.0,0.0,26.0,0.0,3,0.0,0.0,1.0
quallch01,2005,NLDS2,HOU,NL,0,0,2,0,0,0,0,9,5,2,0,2,1,0.455,6.0,1.0,0.0,0.0,0.0,13.0,0.0,2,0.0,0.0,1.0
reitsch01,2005,NLDS2,ATL,NL,0,0,4,0,0,0,0,10,7,6,0,2,0,0.438,16.2,2.0,0.0,0.0,0.0,19.0,0.0,6,1.0,0.0,0.0
rodriwa01,2005,NLDS2,HOU,NL,0,0,1,0,0,0,0,3,1,1,1,0,2,0.25,9.0,0.0,0.0,0.0,0.0,4.0,0.0,1,0.0,0.0,0.0
smoltjo01,2005,NLDS2,ATL,NL,1,0,1,1,0,0,0,21,7,1,0,1,5,0.259,1.29,1.0,0.0,0.0,0.0,28.0,0.0,1,0.0,0.0,1.0
sosajo02,2005,NLDS2,ATL,NL,0,1,1,1,0,0,0,18,7,3,1,2,3,0.304,4.5,2.0,0.0,1.0,0.0,27.0,0.0,3,0.0,1.0,1.0
sprinru01,2005,NLDS2,HOU,NL,0,0,2,0,0,0,0,7,5,1,0,1,1,0.556,3.86,0.0,0.0,0.0,0.0,11.0,0.0,1,1.0,0.0,1.0
thomsjo01,2005,NLDS2,ATL,NL,0,0,1,0,0,0,0,6,0,0,0,1,3,0.0,0.0,0.0,0.0,0.0,0.0,7.0,0.0,0,0.0,0.0,0.0
wheelda01,2005,NLDS2,HOU,NL,0,0,3,0,0,0,0,13,4,1,0,3,5,0.235,2.08,1.0,0.0,1.0,0.0,22.0,0.0,1,1.0,0.0,0.0
astacez01,2005,WS,HOU,NL,0,1,1,0,0,0,0,2,4,2,1,2,0,0.8,27.0,0.0,0.0,0.0,0.0,7.0,0.0,2,0.0,0.0,1.0
backebr01,2005,WS,HOU,NL,0,0,1,1,0,0,0,21,5,0,0,0,7,0.192,0.0,0.0,0.0,0.0,0.0,26.0,0.0,0,0.0,0.0,0.0
buehrma01,2005,WS,CHA,AL,0,0,2,1,0,0,1,22,7,4,1,0,6,0.25,4.91,0.0,0.0,0.0,0.0,29.0,1.0,4,0.0,1.0,0.0
clemero02,2005,WS,HOU,NL,0,0,1,1,0,0,0,6,4,3,1,0,1,0.4,13.5,0.0,0.0,0.0,0.0,10.0,0.0,3,0.0,0.0,0.0
contrjo01,2005,WS,CHA,AL,1,0,1,1,0,0,0,21,6,3,1,0,2,0.24,3.86,0.0,0.0,3.0,0.0,29.0,0.0,3,1.0,0.0,1.0
cottsne01,2005,WS,CHA,AL,1,0,4,0,0,0,0,4,1,0,0,1,2,0.2,0.0,0.0,0.0,0.0,0.0,6.0,1.0,0,0.0,0.0,0.0
gallomi01,2005,WS,HOU,NL,0,0,2,0,0,0,0,3,0,0,0,0,0,0.0,0.0,0.0,0.0,0.0,0.0,3.0,0.0,0,0.0,0.0,0.0
garcifr02,2005,WS,CHA,AL,1,0,1,1,0,0,0,21,4,0,0,3,7,0.174,0.0,1.0,0.0,0.0,0.0,27.0,0.0,0,1.0,0.0,1.0
garlajo01,2005,WS,CHA,AL,0,0,1,1,0,0,0,21,7,2,1,2,4,0.292,2.57,0.0,0.0,0.0,0.0,28.0,0.0,4,2.0,0.0,2.0
hermadu01,2005,WS,CHA,AL,0,0,1,0,0,0,0,1,1,0,0,0,1,0.5,0.0,0.0,0.0,0.0,0.0,2.0,0.0,0,0.0,0.0,0.0
hernaor01,2005,WS,CHA,AL,0,0,1,0,0,0,0,3,0,0,0,4,2,0.0,0.0,1.0,0.0,0.0,0.0,7.0,0.0,0,0.0,0.0,0.0
jenksbo01,2005,WS,CHA,AL,0,0,4,0,0,0,2,15,3,2,0,2,7,0.176,3.6,0.0,0.0,1.0,0.0,21.0,2.0,2,1.0,0.0,0.0
lidgebr01,2005,WS,HOU,NL,0,2,3,0,0,0,0,11,4,2,1,0,6,0.286,4.91,0.0,0.0,0.0,0.0,15.0,2.0,2,1.0,0.0,0.0
marteda01,2005,WS,CHA,AL,1,0,1,0,0,0,0,5,0,0,0,2,3,0.0,0.0,0.0,0.0,0.0,0.0,8.0,0.0,0,0.0,0.0,0.0
oswalro01,2005,WS,HOU,NL,0,0,1,1,0,0,0,18,8,5,1,5,3,0.32,7.5,0.0,0.0,1.0,0.0,31.0,0.0,5,0.0,0.0,1.0
pettian01,2005,WS,HOU,NL,0,0,1,1,0,0,0,18,8,2,0,0,4,0.32,3.0,0.0,0.0,0.0,0.0,25.0,0.0,2,0.0,0.0,0.0
politcl01,2005,WS,CHA,AL,0,0,3,0,0,0,0,7,0,1,0,2,2,0.0,3.86,1.0,1.0,1.0,0.0,10.0,0.0,1,0.0,0.0,0.0
quallch01,2005,WS,HOU,NL,0,0,3,0,0,0,0,16,3,1,1,2,5,0.167,1.69,1.0,0.0,0.0,0.0,20.0,0.0,1,0.0,0.0,1.0
rodriwa01,2005,WS,HOU,NL,0,1,2,0,0,0,0,11,4,1,1,5,2,0.333,2.45,1.0,0.0,0.0,0.0,18.0,1.0,1,1.0,0.0,2.0
sprinru01,2005,WS,HOU,NL,0,0,2,0,0,0,0,6,2,1,0,0,1,0.25,4.5,0.0,0.0,0.0,0.0,8.0,1.0,1,0.0,0.0,0.0
vizcalu01,2005,WS,CHA,AL,0,0,1,0,0,0,0,3,0,0,0,1,0,0.0,0.0,0.0,0.0,0.0,0.0,4.0,0.0,0,0.0,0.0,0.0
wheelda01,2005,WS,HOU,NL,0,0,2,0,0,0,0,6,2,3,0,1,1,0.25,13.5,0.0,0.0,2.0,0.0,11.0,0.0,3,0.0,0.0,0.0
blantjo01,2006,ALCS,OAK,AL,0,0,1,0,0,0,0,6,0,0,0,2,2,0.0,0.0,0.0,0.0,0.0,0.0,8.0,1.0,0,0.0,0.0,0.0
bondeje01,2006,ALCS,DET,AL,0,0,1,1,0,0,0,20,6,3,1,2,3,0.231,4.05,0.0,1.0,0.0,0.0,28.0,0.0,3,0.0,0.0,0.0
calerki01,2006,ALCS,OAK,AL,0,0,3,0,0,0,0,6,3,0,0,1,1,0.333,0.0,0.0,0.0,0.0,0.0,10.0,1.0,0,0.0,0.0,0.0
gaudich01,2006,ALCS,OAK,AL,0,0,3,0,0,0,0,10,2,0,0,3,1,0.182,0.0,1.0,0.0,0.0,0.0,15.0,0.0,0,1.0,0.0,0.0
grillja01,2006,ALCS,DET,AL,0,0,2,0,0,0,0,3,1,0,0,3,1,0.333,0.0,0.0,0.0,0.0,0.0,6.0,0.0,0,0.0,0.0,1.0
harderi01,2006,ALCS,OAK,AL,0,1,1,1,0,0,0,17,5,3,1,5,4,0.238,4.76,0.0,0.0,0.0,0.0,26.0,0.0,3,0.0,0.0,1.0
harenda01,2006,ALCS,OAK,AL,0,0,1,1,0,0,0,15,7,3,1,2,7,0.333,5.4,0.0,2.0,0.0,0.0,23.0,0.0,3,0.0,0.0,0.0
jonesto02,2006,ALCS,DET,AL,0,0,3,0,0,0,2,9,3,0,0,1,2,0.25,0.0,0.0,0.0,0.0,0.0,13.0,3.0,0,0.0,0.0,0.0
kennejo04,2006,ALCS,OAK,AL,0,0,4,0,0,0,0,11,2,0,0,2,2,0.143,0.0,1.0,1.0,0.0,0.0,16.0,0.0,0,0.0,0.0,0.0
ledezwi01,2006,ALCS,DET,AL,1,0,2,0,0,0,0,8,2,1,1,1,1,0.2,3.38,0.0,0.0,0.0,0.0,11.0,1.0,1,0.0,0.0,0.0
loaizes01,2006,ALCS,OAK,AL,0,1,1,1,0,0,0,18,9,7,1,1,5,0.375,10.5,0.0,0.0,0.0,0.0,27.0,0.0,7,0.0,2.0,1.0
roberna01,2006,ALCS,DET,AL,1,0,1,1,0,0,0,15,6,0,0,3,4,0.333,0.0,0.0,0.0,0.0,0.0,21.0,0.0,0,0.0,0.0,3.0
rodnefe01,2006,ALCS,DET,AL,0,0,3,0,0,0,0,11,1,0,0,1,4,0.091,0.0,0.0,0.0,0.0,0.0,12.0,0.0,0,0.0,0.0,2.0
rogerke01,2006,ALCS,DET,AL,1,0,1,1,0,0,0,22,2,0,0,2,6,0.087,0.0,0.0,0.0,1.0,0.0,26.0,0.0,0,0.0,0.0,1.0
streehu01,2006,ALCS,OAK,AL,0,1,2,0,0,0,0,10,4,4,2,0,3,0.308,10.8,0.0,0.0,0.0,0.0,13.0,2.0,4,0.0,0.0,1.0
verlaju01,2006,ALCS,DET,AL,1,0,1,1,0,0,0,16,7,4,2,1,6,0.304,6.75,0.0,1.0,0.0,1.0,24.0,0.0,4,0.0,0.0,0.0
walkeja01,2006,ALCS,DET,AL,0,0,1,0,0,0,0,1,0,0,0,0,1,0.0,0.0,0.0,0.0,0.0,0.0,1.0,0.0,0,0.0,0.0,0.0
zitoba01,2006,ALCS,OAK,AL,0,1,1,1,0,0,0,11,7,5,2,3,0,0.389,12.27,0.0,0.0,0.0,0.0,21.0,0.0,5,0.0,0.0,0.0
zumayjo01,2006,ALCS,DET,AL,0,0,1,0,0,0,0,3,1,1,0,0,0,0.25,9.0,0.0,0.0,0.0,0.0,4.0,0.0,1,0.0,0.0,0.0
bondeje01,2006,ALDS1,DET,AL,1,0,1,1,0,0,0,25,5,2,0,1,4,0.167,2.16,0.0,0.0,0.0,0.0,31.0,0.0,2,0.0,0.0,0.0
brunebr01,2006,ALDS1,NYA,AL,0,0,3,0,0,0,0,8,1,1,1,0,4,0.125,3.38,0.0,0.0,0.0,0.0,9.0,1.0,1,0.0,1.0,0.0
farnsky01,2006,ALDS1,NYA,AL,0,0,2,0,0,0,0,6,1,0,0,1,1,0.143,0.0,0.0,0.0,0.0,0.0,8.0,1.0,0,0.0,0.0,0.0
grillja01,2006,ALDS1,DET,AL,0,0,1,0,0,0,0,1,0,0,0,0,0,0.0,0.0,0.0,0.0,0.0,0.0,1.0,0.0,0,0.0,0.0,0.0
johnsra05,2006,ALDS1,NYA,AL,0,1,1,1,0,0,0,17,8,5,0,2,4,0.348,7.94,0.0,0.0,0.0,0.0,25.0,0.0,5,0.0,0.0,1.0
jonesto02,2006,ALDS1,DET,AL,0,0,2,0,0,0,1,6,1,0,0,0,2,0.143,0.0,0.0,0.0,0.0,0.0,7.0,2.0,0,0.0,0.0,0.0
lidleco01,2006,ALDS1,NYA,AL,0,0,1,0,0,0,0,4,4,3,0,0,1,0.5,20.25,0.0,0.0,0.0,0.0,8.0,0.0,3,0.0,0.0,0.0
mussimi01,2006,ALDS1,NYA,AL,0,1,1,1,0,0,0,21,8,4,1,0,5,0.286,5.14,0.0,1.0,0.0,0.0,30.0,0.0,4,1.0,1.0,0.0
myersmi01,2006,ALDS1,NYA,AL,0,0,1,0,0,0,0,0,1,1,1,0,0,1.0,,0.0,0.0,0.0,0.0,1.0,0.0,1,0.0,0.0,0.0
proctsc01,2006,ALDS1,NYA,AL,0,0,3,0,0,0,0,12,5,1,0,1,1,0.294,2.25,0.0,0.0,0.0,0.0,18.0,0.0,1,0.0,0.0,0.0
riverma01,2006,ALDS1,NYA,AL,0,0,1,0,0,0,0,3,1,0,0,0,0,0.333,0.0,0.0,0.0,0.0,0.0,3.0,1.0,0,0.0,0.0,1.0
roberna01,2006,ALDS1,DET,AL,0,1,1,1,0,0,0,17,12,7,1,0,1,0.429,11.12,0.0,0.0,2.0,0.0,30.0,0.0,7,0.0,0.0,0.0
rogerke01,2006,ALDS1,DET,AL,1,0,1,1,0,0,0,23,5,0,0,2,8,0.185,0.0,0.0,0.0,1.0,0.0,30.0,0.0,0,0.0,0.0,1.0
verlaju01,2006,ALDS1,DET,AL,0,0,1,1,0,0,0,16,7,3,1,4,5,0.318,5.06,0.0,0.0,0.0,0.0,26.0,0.0,3,0.0,0.0,1.0
villoro01,2006,ALDS1,NYA,AL,0,0,1,0,0,0,0,3,1,0,0,1,1,0.25,0.0,0.0,0.0,0.0,0.0,5.0,1.0,0,0.0,0.0,0.0
walkeja01,2006,ALDS1,DET,AL,1,0,3,0,0,0,0,11,3,2,2,1,1,0.231,4.91,0.0,0.0,0.0,0.0,14.0,2.0,2,0.0,0.0,1.0
wangch01,2006,ALDS1,NYA,AL,1,0,1,1,0,0,0,20,8,3,1,1,4,0.308,4.05,0.0,0.0,0.0,0.0,27.0,0.0,3,0.0,0.0,1.0
wrighja02,2006,ALDS1,NYA,AL,0,1,1,1,0,0,0,8,5,3,2,1,1,0.357,10.12,0.0,0.0,0.0,0.0,15.0,0.0,4,0.0,0.0,0.0
zumayjo01,2006,ALDS1,DET,AL,0,0,2,0,0,0,0,6,0,0,0,0,3,0.0,0.0,0.0,0.0,0.0,0.0,6.0,0.0,0,0.0,0.0,0.0
bonsebo01,2006,ALDS2,MIN,AL,0,0,1,1,0,0,0,18,7,2,0,1,3,0.292,3.0,0.0,0.0,0.0,0.0,25.0,0.0,2,0.0,0.0,1.0
calerki01,2006,ALDS2,OAK,AL,1,0,1,0,0,0,0,3,0,0,0,1,1,0.0,0.0,0.0,0.0,0.0,0.0,4.0,0.0,0,0.0,0.0,0.0
crainje01,2006,ALDS2,MIN,AL,0,0,2,0,0,0,0,3,3,1,1,1,1,0.429,9.0,0.0,0.0,0.0,0.0,8.0,0.0,3,0.0,0.0,0.0
duchsju01,2006,ALDS2,OAK,AL,0,0,2,0,0,0,0,12,1,1,1,0,4,0.077,2.25,0.0,0.0,0.0,0.0,13.0,0.0,1,0.0,0.0,0.0
guerrma02,2006,ALDS2,MIN,AL,0,0,1,0,0,0,0,3,0,0,0,0,0,0.0,0.0,0.0,0.0,0.0,0.0,3.0,1.0,0,0.0,0.0,0.0
harenda01,2006,ALDS2,OAK,AL,1,0,1,1,0,0,0,18,9,2,1,1,2,0.375,3.0,0.0,0.0,0.0,0.0,26.0,0.0,2,1.0,0.0,1.0
loaizes01,2006,ALDS2,OAK,AL,0,0,1,1,0,0,0,15,8,2,2,0,2,0.348,3.6,0.0,0.0,0.0,0.0,23.0,0.0,2,0.0,0.0,0.0
nathajo01,2006,ALDS2,MIN,AL,0,0,1,0,0,0,0,2,1,0,0,0,1,0.333,0.0,0.0,1.0,0.0,0.0,3.0,1.0,0,0.0,0.0,0.0
neshepa01,2006,ALDS2,MIN,AL,0,1,2,0,0,0,0,3,1,1,0,0,1,0.25,9.0,0.0,0.0,0.0,0.0,4.0,1.0,1,0.0,0.0,0.0
perkigl01,2006,ALDS2,MIN,AL,0,0,1,0,0,0,0,1,2,0,0,0,0,0.667,0.0,0.0,0.0,0.0,0.0,3.0,0.0,0,0.0,0.0,0.0
radkebr01,2006,ALDS2,MIN,AL,0,1,1,1,0,0,0,12,5,3,2,1,2,0.263,6.75,0.0,0.0,0.0,0.0,20.0,0.0,4,0.0,0.0,0.0
reyesde01,2006,ALDS2,MIN,AL,0,0,2,0,0,0,0,3,1,1,1,2,0,0.25,9.0,1.0,0.0,0.0,0.0,6.0,0.0,3,0.0,0.0,0.0
rincoju01,2006,ALDS2,MIN,AL,0,0,2,0,0,0,0,9,1,1,0,0,3,0.1,3.0,0.0,0.0,0.0,0.0,10.0,0.0,1,0.0,0.0,0.0
santajo01,2006,ALDS2,MIN,AL,0,1,1,1,0,0,0,24,5,2,1,1,8,0.172,2.25,0.0,0.0,0.0,0.0,30.0,0.0,2,0.0,0.0,1.0
streehu01,2006,ALDS2,OAK,AL,0,0,3,0,0,0,2,9,4,1,0,1,1,0.333,3.0,0.0,0.0,0.0,0.0,13.0,3.0,1,0.0,0.0,1.0
zitoba01,2006,ALDS2,OAK,AL,1,0,1,1,0,0,0,24,4,1,1,3,1,0.154,1.12,0.0,0.0,0.0,0.0,30.0,0.0,1,1.0,0.0,0.0
bradfch01,2006,NLCS,NYN,NL,0,0,5,0,0,0,0,16,3,0,0,0,2,0.176,0.0,0.0,0.0,1.0,0.0,18.0,0.0,0,0.0,0.0,2.0
carpech01,2006,NLCS,SLN,NL,0,1,2,2,0,0,0,33,13,7,3,4,5,0.302,5.73,0.0,0.0,1.0,0.0,50.0,0.0,7,2.0,0.0,2.0
felicpe01,2006,NLCS,NYN,NL,0,0,3,0,0,0,0,9,2,1,1,0,1,0.182,3.0,0.0,1.0,0.0,0.0,11.0,0.0,1,0.0,0.0,0.0
florera01,2006,NLCS,SLN,NL,1,0,4,0,0,0,0,11,2,0,0,0,3,0.154,0.0,0.0,0.0,0.0,0.0,13.0,0.0,0,0.0,0.0,0.0
glavito02,2006,NLCS,NYN,NL,1,1,2,2,0,0,0,33,11,3,1,5,4,0.268,2.45,1.0,0.0,0.0,0.0,46.0,0.0,3,0.0,0.0,0.0
hancojo01,2006,NLCS,SLN,NL,0,0,2,0,0,0,0,1,4,6,0,3,1,0.8,162.0,0.0,0.0,0.0,0.0,8.0,0.0,6,0.0,0.0,0.0
heilmaa01,2006,NLCS,NYN,NL,0,1,3,0,0,0,0,13,4,2,1,1,5,0.235,4.15,1.0,1.0,0.0,0.0,18.0,1.0,2,0.0,0.0,0.0
hernaro01,2006,NLCS,NYN,NL,0,0,3,0,0,0,0,7,0,0,0,2,0,0.0,0.0,1.0,1.0,0.0,0.0,9.0,2.0,0,0.0,0.0,0.0
johnsty01,2006,NLCS,SLN,NL,0,0,4,0,0,0,0,11,2,1,0,1,5,0.143,2.45,0.0,0.0,1.0,0.0,16.0,1.0,1,0.0,0.0,0.0
kinnejo01,2006,NLCS,SLN,NL,1,0,3,0,0,0,0,10,3,0,0,1,4,0.25,0.0,0.0,0.0,0.0,0.0,13.0,1.0,0,0.0,0.0,1.0
loopebr01,2006,NLCS,SLN,NL,0,0,3,0,0,0,0,14,7,3,1,0,1,0.35,5.79,0.0,0.0,0.0,0.0,20.0,2.0,3,0.0,0.0,0.0
mainejo01,2006,NLCS,NYN,NL,1,0,2,2,0,0,0,28,4,3,1,9,8,0.121,2.89,1.0,0.0,1.0,0.0,43.0,0.0,4,0.0,0.0,0.0
motagu01,2006,NLCS,NYN,NL,0,0,5,0,0,0,0,13,4,2,0,2,2,0.267,4.15,0.0,0.0,0.0,0.0,17.0,2.0,2,0.0,0.0,2.0
oliveda02,2006,NLCS,NYN,NL,0,0,1,0,0,0,0,18,3,0,0,1,3,0.158,0.0,0.0,1.0,0.0,0.0,22.0,0.0,0,2.0,0.0,0.0
perezol01,2006,NLCS,NYN,NL,1,0,2,2,0,0,0,35,13,6,3,3,7,0.295,4.63,1.0,0.0,1.0,0.0,50.0,0.0,6,2.0,0.0,2.0
reyesan01,2006,NLCS,SLN,NL,0,0,1,1,0,0,0,12,3,2,2,4,4,0.2,4.5,0.0,0.0,0.0,0.0,19.0,0.0,2,0.0,0.0,0.0
suppaje01,2006,NLCS,SLN,NL,1,0,2,2,0,0,0,45,5,1,0,6,6,0.1,0.6,1.0,0.0,1.0,0.0,57.0,0.0,1,0.0,0.0,0.0
thompbr01,2006,NLCS,SLN,NL,0,1,2,0,0,0,0,2,3,2,1,0,1,0.5,27.0,0.0,0.0,0.0,0.0,6.0,0.0,3,0.0,0.0,0.0
trachst01,2006,NLCS,NYN,NL,0,1,1,1,0,0,0,3,5,5,1,5,1,0.714,45.0,0.0,0.0,0.0,0.0,12.0,0.0,5,0.0,0.0,0.0
wagnebi02,2006,NLCS,NYN,NL,0,1,3,0,0,0,1,8,7,5,1,1,0,0.467,16.88,0.0,0.0,0.0,0.0,16.0,2.0,5,0.0,0.0,0.0
wainwad01,2006,NLCS,SLN,NL,0,0,3,0,0,0,2,9,2,0,0,1,4,0.182,0.0,0.0,0.0,0.0,0.0,12.0,3.0,0,0.0,0.0,0.0
weaveje01,2006,NLCS,SLN,NL,1,1,2,2,0,0,0,35,10,4,1,4,2,0.222,3.09,1.0,0.0,0.0,0.0,49.0,0.0,4,0.0,0.0,0.0
billich01,2006,NLDS1,LAN,NL,0,0,2,0,0,0,0,6,1,0,0,0,3,0.167,0.0,0.0,0.0,0.0,0.0,6.0,0.0,0,0.0,0.0,1.0
bradfch01,2006,NLDS1,NYN,NL,0,0,2,0,0,0,0,1,1,0,0,1,0,0.5,0.0,0.0,0.0,0.0,0.0,3.0,0.0,0,0.0,0.0,0.0
broxtjo01,2006,NLDS1,LAN,NL,0,1,2,0,0,0,0,6,5,3,0,2,3,0.417,13.5,0.0,0.0,0.0,0.0,14.0,1.0,3,0.0,0.0,0.0
felicpe01,2006,NLDS1,NYN,NL,1,0,3,0,0,0,0,5,0,0,0,2,2,0.0,0.0,0.0,0.0,0.0,0.0,7.0,0.0,0,0.0,0.0,0.0
glavito02,2006,NLDS1,NYN,NL,1,0,1,1,0,0,0,18,4,0,0,2,2,0.182,0.0,0.0,0.0,0.0,0.0,24.0,0.0,0,0.0,0.0,0.0
heilmaa01,2006,NLDS1,NYN,NL,0,0,3,0,0,0,0,9,3,1,1,0,1,0.25,3.0,0.0,0.0,0.0,0.0,12.0,0.0,1,0.0,0.0,0.0
hendrma01,2006,NLDS1,LAN,NL,0,0,3,0,0,0,0,8,1,0,0,1,1,0.125,0.0,0.0,0.0,1.0,0.0,10.0,0.0,0,0.0,0.0,1.0
kuoho01,2006,NLDS1,LAN,NL,0,1,1,1,0,0,0,13,4,2,0,2,4,0.25,4.15,1.0,1.0,0.0,0.0,19.0,0.0,2,1.0,0.0,0.0
lowede01,2006,NLDS1,LAN,NL,0,0,1,1,0,0,0,16,6,4,2,2,6,0.273,6.75,1.0,0.0,0.0,0.0,24.0,0.0,4,0.0,0.0,0.0
maddugr01,2006,NLDS1,LAN,NL,0,0,1,1,0,0,0,12,7,4,0,2,0,0.389,9.0,1.0,0.0,1.0,0.0,21.0,0.0,4,0.0,0.0,0.0
mainejo01,2006,NLDS1,NYN,NL,0,0,1,1,0,0,0,13,6,1,0,2,5,0.375,2.08,1.0,0.0,0.0,0.0,19.0,0.0,1,1.0,0.0,0.0
motagu01,2006,NLDS1,NYN,NL,1,0,2,0,0,0,0,12,6,3,0,0,5,0.316,6.75,0.0,0.0,0.0,0.0,19.0,0.0,3,0.0,0.0,0.0
oliveda02,2006,NLDS1,NYN,NL,0,0,1,0,0,0,0,4,3,3,1,0,0,0.5,20.25,0.0,0.0,0.0,0.0,6.0,0.0,3,0.0,0.0,0.0
pennybr01,2006,NLDS1,LAN,NL,0,1,1,0,0,0,0,3,2,2,0,2,1,0.4,18.0,0.0,0.0,0.0,0.0,7.0,0.0,2,0.0,0.0,0.0
saitota01,2006,NLDS1,LAN,NL,0,0,2,0,0,0,0,8,0,0,0,0,4,0.0,0.0,0.0,0.0,0.0,0.0,9.0,2.0,0,0.0,0.0,0.0
tomkobr01,2006,NLDS1,LAN,NL,0,0,2,0,0,0,0,3,4,1,0,2,0,0.667,9.0,0.0,0.0,0.0,1.0,10.0,0.0,4,1.0,1.0,0.0
trachst01,2006,NLDS1,NYN,NL,0,0,1,1,0,0,0,10,6,2,0,1,2,0.375,5.4,0.0,0.0,0.0,0.0,17.0,0.0,2,0.0,0.0,1.0
wagnebi02,2006,NLDS1,NYN,NL,0,0,3,0,0,0,2,9,3,1,0,0,4,0.25,3.0,0.0,0.0,0.0,0.0,12.0,3.0,1,0.0,0.0,0.0
carpech01,2006,NLDS2,SLN,NL,2,0,2,2,0,0,0,40,12,3,0,4,12,0.245,2.02,0.0,0.0,0.0,0.0,54.0,0.0,3,0.0,1.0,1.0
embreal01,2006,NLDS2,SDN,NL,0,0,1,0,0,0,0,1,0,0,0,0,1,0.0,0.0,0.0,0.0,0.0,0.0,1.0,0.0,0,0.0,0.0,0.0
florera01,2006,NLDS2,SLN,NL,0,0,2,0,0,0,0,3,2,0,0,1,1,0.4,0.0,0.0,0.0,0.0,0.0,6.0,0.0,0,0.0,0.0,0.0
hancojo01,2006,NLDS2,SLN,NL,0,0,1,0,0,0,0,5,1,0,0,2,1,0.167,0.0,0.0,0.0,0.0,0.0,8.0,0.0,0,0.0,0.0,0.0
henslcl01,2006,NLDS2,SDN,NL,0,0,2,0,0,0,0,8,2,0,0,1,0,0.2,0.0,0.0,0.0,0.0,0.0,11.0,1.0,0,0.0,0.0,0.0
hoffmtr01,2006,NLDS2,SDN,NL,0,0,1,0,0,0,1,3,0,0,0,0,1,0.0,0.0,0.0,0.0,0.0,0.0,3.0,1.0,0,0.0,0.0,0.0
johnsty01,2006,NLDS2,SLN,NL,0,0,4,0,0,0,0,8,2,0,0,1,6,0.2,0.0,0.0,0.0,1.0,0.0,12.0,0.0,0,0.0,0.0,0.0
kinnejo01,2006,NLDS2,SLN,NL,0,0,2,0,0,0,0,6,0,0,0,1,1,0.0,0.0,0.0,0.0,0.0,0.0,6.0,0.0,0,0.0,0.0,1.0
linebsc01,2006,NLDS2,SDN,NL,0,0,2,0,0,0,0,4,1,1,1,1,0,0.25,6.75,0.0,0.0,0.0,0.0,5.0,1.0,1,0.0,0.0,1.0
loopebr01,2006,NLDS2,SLN,NL,0,0,1,0,0,0,0,5,1,0,0,0,0,0.2,0.0,0.0,0.0,0.0,0.0,6.0,0.0,0,1.0,0.0,0.0
meredcl01,2006,NLDS2,SDN,NL,0,0,2,0,0,0,0,11,3,0,0,0,3,0.231,0.0,0.0,0.0,1.0,0.0,15.0,0.0,2,1.0,0.0,1.0
parkch01,2006,NLDS2,SDN,NL,0,0,1,0,0,0,0,6,1,0,0,0,0,0.2,0.0,0.0,0.0,1.0,0.0,6.0,1.0,0,0.0,0.0,1.0
peavyja01,2006,NLDS2,SDN,NL,0,1,1,1,0,0,0,16,11,5,1,1,2,0.478,8.44,1.0,0.0,0.0,0.0,26.0,0.0,5,1.0,1.0,1.0
seaneru01,2006,NLDS2,SDN,NL,0,0,1,0,0,0,0,5,0,0,0,0,2,0.0,0.0,0.0,0.0,0.0,0.0,5.0,0.0,0,0.0,0.0,0.0
suppaje01,2006,NLDS2,SLN,NL,0,1,1,1,0,0,0,13,6,3,0,3,3,0.353,6.23,1.0,0.0,0.0,0.0,21.0,0.0,3,0.0,1.0,1.0
thompbr01,2006,NLDS2,SLN,NL,0,0,1,0,0,0,0,2,0,0,0,1,1,0.0,0.0,0.0,0.0,0.0,0.0,3.0,1.0,0,0.0,0.0,0.0
wainwad01,2006,NLDS2,SLN,NL,0,0,3,0,0,0,1,11,3,0,0,0,6,0.214,0.0,0.0,0.0,0.0,0.0,14.0,3.0,0,0.0,0.0,0.0
weaveje01,2006,NLDS2,SLN,NL,1,0,1,1,0,0,0,15,2,0,0,3,3,0.125,0.0,0.0,0.0,0.0,0.0,19.0,0.0,0,0.0,0.0,1.0
wellsda01,2006,NLDS2,SDN,NL,0,1,1,1,0,0,0,15,7,2,0,0,2,0.389,3.6,0.0,0.0,1.0,0.0,19.0,0.0,2,0.0,0.0,2.0
williwo02,2006,NLDS2,SDN,NL,0,1,1,1,0,0,0,16,5,4,0,2,1,0.25,6.75,0.0,0.0,1.0,0.0,23.0,0.0,4,0.0,0.0,0.0
youngch03,2006,NLDS2,SDN,NL,1,0,1,1,0,0,0,20,4,0,0,2,9,0.174,0.0,1.0,0.0,0.0,0.0,25.0,0.0,0,0.0,0.0,1.0
bondeje01,2006,WS,DET,AL,0,0,1,1,0,0,0,16,6,2,0,4,4,0.3,3.38,1.0,0.0,0.0,0.0,25.0,0.0,2,1.0,0.0,1.0
carpech01,2006,WS,SLN,NL,1,0,1,1,0,0,0,24,3,0,0,0,6,0.12,0.0,0.0,1.0,0.0,0.0,26.0,0.0,0,1.0,0.0,1.0
florera01,2006,WS,SLN,NL,0,0,1,0,0,0,0,3,1,0,0,0,0,0.333,0.0,0.0,0.0,0.0,0.0,3.0,0.0,0,0.0,0.0,1.0
grillja01,2006,WS,DET,AL,0,0,2,0,0,0,0,5,0,0,0,1,0,0.0,0.0,1.0,0.0,0.0,0.0,7.0,0.0,0,0.0,0.0,0.0
johnsty01,2006,WS,SLN,NL,0,0,2,0,0,0,0,3,0,0,0,0,1,0.0,0.0,0.0,0.0,0.0,0.0,3.0,0.0,0,0.0,0.0,0.0
jonesto02,2006,WS,DET,AL,0,0,2,0,0,0,1,5,3,0,0,0,0,0.333,0.0,0.0,0.0,1.0,0.0,10.0,1.0,1,0.0,0.0,0.0
kinnejo01,2006,WS,SLN,NL,0,0,2,0,0,0,0,3,0,0,0,2,1,0.0,0.0,0.0,0.0,1.0,0.0,6.0,0.0,0,0.0,0.0,0.0
ledezwi01,2006,WS,DET,AL,0,0,2,0,0,0,0,4,2,0,0,0,1,0.333,0.0,0.0,0.0,0.0,0.0,6.0,0.0,0,0.0,0.0,0.0
loopebr01,2006,WS,SLN,NL,0,0,3,0,0,0,0,7,1,1,0,0,1,0.111,3.86,0.0,0.0,0.0,0.0,9.0,2.0,1,0.0,0.0,0.0
minerza01,2006,WS,DET,AL,0,0,1,0,0,0,0,2,0,0,0,0,0,0.0,0.0,0.0,1.0,1.0,0.0,2.0,1.0,0,0.0,0.0,1.0
reyesan01,2006,WS,SLN,NL,1,0,1,1,0,0,0,24,4,2,1,1,4,0.143,2.25,0.0,0.0,0.0,0.0,29.0,0.0,2,0.0,0.0,0.0
roberna01,2006,WS,DET,AL,0,1,1,1,0,0,0,15,5,2,0,3,3,0.25,3.6,1.0,0.0,0.0,0.0,23.0,0.0,2,0.0,0.0,0.0
rodnefe01,2006,WS,DET,AL,0,0,4,0,0,0,0,12,5,2,0,4,5,0.333,4.5,1.0,0.0,0.0,0.0,21.0,0.0,4,2.0,0.0,0.0
rogerke01,2006,WS,DET,AL,1,0,1,1,0,0,0,24,2,0,0,3,5,0.08,0.0,0.0,0.0,0.0,0.0,28.0,0.0,0,0.0,0.0,1.0
suppaje01,2006,WS,SLN,NL,0,0,1,1,0,0,0,18,8,3,1,2,4,0.32,4.5,1.0,0.0,0.0,0.0,28.0,0.0,3,1.0,0.0,0.0
thompbr01,2006,WS,SLN,NL,0,0,1,0,0,0,0,2,0,0,0,0,1,0.0,0.0,0.0,0.0,0.0,0.0,2.0,0.0,0,0.0,0.0,0.0
verlaju01,2006,WS,DET,AL,0,2,2,2,0,0,0,33,12,7,2,5,12,0.273,5.73,0.0,2.0,0.0,0.0,50.0,0.0,10,1.0,0.0,0.0
wainwad01,2006,WS,SLN,NL,1,0,3,0,0,0,1,9,2,0,0,1,5,0.182,0.0,0.0,1.0,0.0,0.0,12.0,3.0,0,0.0,0.0,0.0
walkeja01,2006,WS,DET,AL,0,0,1,0,0,0,0,1,0,0,0,0,1,0.0,0.0,0.0,1.0,0.0,0.0,1.0,1.0,0,0.0,0.0,0.0
weaveje01,2006,WS,SLN,NL,1,1,2,2,0,0,0,39,13,4,2,2,14,0.25,2.77,0.0,0.0,1.0,0.0,56.0,0.0,5,1.0,0.0,1.0
zumayjo01,2006,WS,DET,AL,0,1,3,0,0,0,0,9,1,1,0,3,3,0.091,3.0,0.0,1.0,0.0,0.0,14.0,2.0,3,0.0,0.0,0.0
beckejo02,2007,ALCS,BOS,AL,2,0,2,2,0,0,0,42,9,3,1,1,18,0.18,1.93,0.0,1.0,1.0,0.0,52.0,0.0,3,0.0,0.0,2.0
betanra01,2007,ALCS,CLE,AL,0,0,5,0,0,0,0,24,6,6,1,1,6,0.207,6.75,1.0,0.0,0.0,0.0,32.0,1.0,7,1.0,1.0,0.0
borowjo01,2007,ALCS,CLE,AL,0,0,4,0,0,0,1,12,6,2,0,3,1,0.375,4.5,0.0,0.0,0.0,0.0,20.0,4.0,2,0.0,1.0,1.0
byrdpa01,2007,ALCS,CLE,AL,1,0,1,1,0,0,0,15,6,2,2,0,4,0.286,3.6,0.0,0.0,0.0,0.0,21.0,0.0,2,0.0,0.0,0.0
carmofa01,2007,ALCS,CLE,AL,0,1,2,2,0,0,0,18,10,11,1,9,7,0.385,16.5,0.0,0.0,0.0,0.0,35.0,0.0,11,0.0,0.0,2.0
delcama01,2007,ALCS,BOS,AL,0,0,3,0,0,0,0,5,4,3,1,2,3,0.444,16.2,0.0,0.0,0.0,0.0,11.0,1.0,3,0.0,0.0,0.0
fultzaa01,2007,ALCS,CLE,AL,0,0,1,0,0,0,0,0,0,0,0,2,0,,,0.0,0.0,0.0,0.0,2.0,0.0,0,0.0,0.0,0.0
gagneer01,2007,ALCS,BOS,AL,0,1,3,0,0,0,0,7,3,2,0,2,4,0.3,7.71,0.0,0.0,0.0,0.0,12.0,2.0,2,0.0,0.0,0.0
laffeaa01,2007,ALCS,CLE,AL,0,0,1,0,0,0,0,14,1,0,0,1,3,0.067,0.0,0.0,0.0,0.0,0.0,16.0,0.0,0,0.0,0.0,0.0
lestejo01,2007,ALCS,BOS,AL,0,0,2,0,0,0,0,11,3,2,1,1,5,0.214,4.91,0.0,0.0,0.0,0.0,15.0,2.0,2,0.0,0.0,0.0
lewisje01,2007,ALCS,CLE,AL,0,0,5,0,0,0,0,17,6,4,2,0,3,0.286,6.35,0.0,0.0,0.0,0.0,21.0,1.0,4,0.0,0.0,2.0
lopezja02,2007,ALCS,BOS,AL,0,0,3,0,0,0,0,6,3,4,0,2,0,0.375,18.0,1.0,1.0,0.0,0.0,11.0,0.0,4,0.0,1.0,0.0
mastnto01,2007,ALCS,CLE,AL,1,0,3,0,0,0,0,14,2,0,0,2,3,0.143,0.0,0.0,0.0,0.0,0.0,18.0,1.0,0,0.0,2.0,0.0
matsuda01,2007,ALCS,BOS,AL,1,1,2,2,0,0,0,29,12,6,1,2,9,0.308,5.59,0.0,2.0,0.0,0.0,42.0,0.0,6,0.0,1.0,0.0
okajihi01,2007,ALCS,BOS,AL,0,0,3,0,0,0,0,15,4,0,0,2,3,0.211,0.0,1.0,0.0,0.0,0.0,21.0,0.0,0,0.0,0.0,1.0
papeljo01,2007,ALCS,BOS,AL,0,0,3,0,0,0,1,15,3,0,0,2,3,0.167,0.0,1.0,0.0,0.0,0.0,20.0,2.0,0,0.0,0.0,0.0
perezra01,2007,ALCS,CLE,AL,0,0,3,0,0,0,0,3,7,5,2,2,0,0.636,45.0,0.0,0.0,0.0,0.0,13.0,0.0,8,0.0,0.0,0.0
sabatcc01,2007,ALCS,CLE,AL,0,2,2,2,0,0,0,31,17,12,1,7,9,0.405,10.45,1.0,1.0,3.0,0.0,53.0,0.0,12,1.0,0.0,3.0
schilcu01,2007,ALCS,BOS,AL,1,0,2,2,0,0,0,35,15,7,3,0,8,0.319,5.4,0.0,0.0,0.0,0.0,48.0,0.0,7,0.0,1.0,2.0
timlimi01,2007,ALCS,BOS,AL,0,0,3,0,0,0,0,10,1,0,0,0,3,0.091,0.0,0.0,0.0,0.0,0.0,11.0,0.0,0,0.0,0.0,0.0
wakefti01,2007,ALCS,BOS,AL,0,1,1,1,0,0,0,14,5,5,1,2,7,0.263,9.64,0.0,0.0,1.0,0.0,22.0,0.0,5,0.0,0.0,0.0
westbja01,2007,ALCS,CLE,AL,1,1,2,2,0,0,0,38,16,5,1,4,7,0.34,3.55,1.0,0.0,0.0,0.0,52.0,0.0,5,0.0,1.0,6.0
beckejo02,2007,ALDS1,BOS,AL,1,0,1,1,1,1,0,27,4,0,0,0,8,0.129,0.0,0.0,1.0,0.0,0.0,31.0,0.0,0,0.0,0.0,0.0
delcama01,2007,ALDS1,BOS,AL,0,0,1,0,0,0,0,4,0,0,0,0,1,0.0,0.0,0.0,0.0,1.0,0.0,5.0,0.0,0,0.0,0.0,0.0
escobke01,2007,ALDS1,LAA,AL,0,0,1,1,0,0,0,15,4,3,0,5,5,0.222,5.4,1.0,0.0,0.0,0.0,24.0,0.0,3,0.0,1.0,0.0
gagneer01,2007,ALDS1,BOS,AL,0,0,1,0,0,0,0,3,1,1,0,0,1,0.333,9.0,0.0,1.0,0.0,0.0,4.0,1.0,1,0.0,1.0,0.0
lackejo01,2007,ALDS1,LAA,AL,0,1,1,1,0,0,0,18,9,4,2,2,4,0.391,6.0,0.0,1.0,0.0,0.0,25.0,0.0,4,0.0,0.0,3.0
lopezja02,2007,ALDS1,BOS,AL,0,0,1,0,0,0,0,1,0,0,0,0,0,0.0,0.0,0.0,0.0,0.0,0.0,1.0,0.0,0,0.0,0.0,0.0
matsuda01,2007,ALDS1,BOS,AL,0,0,1,1,0,0,0,14,7,3,0,3,3,0.333,5.79,0.0,1.0,0.0,0.0,24.0,0.0,3,0.0,0.0,0.0
moseldu01,2007,ALDS1,LAA,AL,0,0,1,0,0,0,0,3,1,0,0,0,1,0.333,0.0,0.0,0.0,0.0,0.0,3.0,1.0,0,0.0,0.0,1.0
okajihi01,2007,ALDS1,BOS,AL,0,0,2,0,0,0,0,7,1,0,0,1,2,0.125,0.0,0.0,0.0,0.0,0.0,9.0,0.0,0,0.0,0.0,0.0
oliveda02,2007,ALDS1,LAA,AL,0,0,1,0,0,0,0,2,2,2,0,0,0,0.4,27.0,0.0,0.0,0.0,0.0,5.0,0.0,2,0.0,0.0,0.0
papeljo01,2007,ALDS1,BOS,AL,1,0,1,0,0,0,0,4,0,0,0,2,1,0.0,0.0,0.0,0.0,0.0,0.0,7.0,1.0,0,0.0,0.0,0.0
rodrifr03,2007,ALDS1,LAA,AL,0,0,1,0,0,0,0,1,1,2,1,1,1,0.5,54.0,1.0,0.0,0.0,0.0,3.0,1.0,2,0.0,0.0,0.0
santaer01,2007,ALDS1,LAA,AL,0,0,1,0,0,0,0,6,0,0,0,0,2,0.0,0.0,0.0,0.0,0.0,0.0,6.0,1.0,0,0.0,0.0,0.0
schilcu01,2007,ALDS1,BOS,AL,1,0,1,1,0,0,0,21,6,0,0,1,4,0.231,0.0,0.0,0.0,0.0,0.0,27.0,0.0,0,0.0,0.0,1.0
shielsc01,2007,ALDS1,LAA,AL,0,0,2,0,0,0,0,12,0,1,0,4,4,0.0,2.25,0.0,0.0,0.0,0.0,14.0,0.0,1,0.0,0.0,1.0
speieju01,2007,ALDS1,LAA,AL,0,1,2,0,0,0,0,5,4,5,0,1,0,0.5,27.0,0.0,0.0,0.0,0.0,10.0,0.0,5,0.0,1.0,0.0
weaveje02,2007,ALDS1,LAA,AL,0,1,1,1,0,0,0,15,4,2,2,3,5,0.222,3.6,0.0,0.0,0.0,0.0,21.0,0.0,2,0.0,0.0,1.0
betanra01,2007,ALDS2,CLE,AL,0,0,2,0,0,0,0,6,1,0,0,0,3,0.143,0.0,0.0,0.0,0.0,0.0,7.0,1.0,0,0.0,0.0,0.0
borowjo01,2007,ALDS2,CLE,AL,0,0,2,0,0,0,1,6,1,1,1,2,1,0.143,4.5,0.0,0.0,0.0,0.0,9.0,2.0,1,0.0,0.0,0.0
byrdpa01,2007,ALDS2,CLE,AL,1,0,1,1,0,0,0,15,8,2,1,2,2,0.348,3.6,0.0,0.0,0.0,0.0,25.0,0.0,2,0.0,0.0,0.0
carmofa01,2007,ALDS2,CLE,AL,0,0,1,1,0,0,0,27,3,1,1,2,5,0.103,1.0,0.0,0.0,0.0,0.0,31.0,0.0,1,0.0,0.0,2.0
chambjo03,2007,ALDS2,NYA,AL,0,0,2,0,0,0,0,11,3,2,0,3,4,0.25,4.91,0.0,2.0,1.0,0.0,17.0,0.0,2,1.0,0.0,1.0
clemero02,2007,ALDS2,NYA,AL,0,0,1,1,0,0,0,7,4,3,1,2,1,0.364,11.57,0.0,0.0,0.0,0.0,13.0,0.0,3,0.0,0.0,0.0
farnsky01,2007,ALDS2,NYA,AL,0,0,1,0,0,0,0,3,1,0,0,0,2,0.25,0.0,0.0,0.0,0.0,0.0,4.0,0.0,0,0.0,0.0,0.0
fultzaa01,2007,ALDS2,CLE,AL,0,0,1,0,0,0,0,3,2,0,0,1,1,0.5,0.0,1.0,0.0,0.0,0.0,6.0,0.0,2,1.0,0.0,0.0
hugheph01,2007,ALDS2,NYA,AL,1,0,2,0,0,0,0,17,3,1,1,0,6,0.143,1.59,0.0,1.0,0.0,0.0,21.0,1.0,1,0.0,0.0,0.0
lewisje01,2007,ALDS2,CLE,AL,0,0,2,0,0,0,0,6,0,0,0,0,4,0.0,0.0,0.0,0.0,0.0,0.0,6.0,0.0,0,0.0,0.0,0.0
mussimi01,2007,ALDS2,NYA,AL,0,0,1,0,0,0,0,14,4,2,0,4,3,0.267,3.86,1.0,0.0,0.0,0.0,20.0,0.0,2,1.0,0.0,2.0
ohlenro01,2007,ALDS2,NYA,AL,0,0,1,0,0,0,0,3,4,3,1,1,0,0.571,27.0,0.0,0.0,1.0,0.0,9.0,0.0,3,0.0,0.0,0.0
perezra01,2007,ALDS2,CLE,AL,1,0,3,0,0,0,0,18,3,1,1,1,6,0.15,1.5,0.0,0.0,0.0,0.0,21.0,1.0,1,0.0,0.0,1.0
pettian01,2007,ALDS2,NYA,AL,0,0,1,1,0,0,0,19,7,0,0,2,5,0.318,0.0,0.0,0.0,0.0,0.0,25.0,0.0,0,1.0,0.0,1.0
riverma01,2007,ALDS2,NYA,AL,0,0,3,0,0,0,0,14,2,0,0,1,6,0.125,0.0,1.0,0.0,1.0,0.0,19.0,2.0,0,1.0,0.0,0.0
sabatcc01,2007,ALDS2,CLE,AL,1,0,1,1,0,0,0,15,4,3,2,6,5,0.222,5.4,1.0,0.0,0.0,0.0,24.0,0.0,3,0.0,0.0,0.0
verasjo01,2007,ALDS2,NYA,AL,0,0,2,0,0,0,0,2,1,0,0,1,1,0.333,0.0,1.0,0.0,0.0,0.0,4.0,0.0,0,0.0,0.0,0.0
villoro01,2007,ALDS2,NYA,AL,0,0,1,0,0,0,0,1,0,0,0,0,0,0.0,0.0,0.0,0.0,0.0,0.0,1.0,0.0,0,0.0,0.0,0.0
vizcalu01,2007,ALDS2,NYA,AL,0,1,1,0,0,0,0,2,2,1,0,2,0,0.667,13.5,1.0,0.0,0.0,0.0,6.0,1.0,1,1.0,0.0,0.0
wangch01,2007,ALDS2,NYA,AL,0,2,2,2,0,0,0,17,14,12,3,4,2,0.5,19.06,0.0,0.0,2.0,0.0,34.0,0.0,12,0.0,0.0,1.0
westbja01,2007,ALDS2,CLE,AL,0,1,1,1,0,0,0,15,9,6,1,0,1,0.409,10.8,0.0,0.0,0.0,0.0,22.0,0.0,6,0.0,0.0,3.0
affelje01,2007,NLCS,COL,NL,0,0,2,0,0,0,0,4,0,0,0,0,0,0.0,0.0,0.0,0.0,0.0,0.0,4.0,0.0,0,0.0,0.0,0.0
corpama01,2007,NLCS,COL,NL,1,0,4,0,0,0,2,16,3,1,0,0,3,0.167,1.69,0.0,0.0,1.0,0.0,19.0,3.0,1,0.0,0.0,0.0
cruzju02,2007,NLCS,ARI,NL,0,0,3,0,0,0,0,12,0,0,0,3,8,0.0,0.0,0.0,1.0,0.0,0.0,16.0,0.0,1,1.0,0.0,0.0
davisdo02,2007,NLCS,ARI,NL,0,0,1,1,0,0,0,15,5,1,0,4,5,0.278,1.8,0.0,0.0,0.0,0.0,24.0,0.0,2,1.0,1.0,0.0
foggjo01,2007,NLCS,COL,NL,1,0,1,1,0,0,0,18,7,1,1,1,3,0.318,1.5,0.0,0.0,0.0,0.0,23.0,0.0,1,0.0,0.0,2.0
francje01,2007,NLCS,COL,NL,1,0,1,1,0,0,0,20,7,1,0,1,4,0.292,1.35,0.0,0.0,2.0,0.0,27.0,0.0,1,0.0,0.0,2.0
fuentbr01,2007,NLCS,COL,NL,0,0,4,0,0,0,0,11,7,3,1,0,6,0.389,7.36,0.0,0.0,0.0,0.0,18.0,0.0,3,0.0,0.0,0.0
hawkila01,2007,NLCS,COL,NL,0,0,2,0,0,0,0,6,1,0,0,0,1,0.125,0.0,0.0,0.0,0.0,0.0,8.0,0.0,0,0.0,0.0,0.0
hergema01,2007,NLCS,COL,NL,1,0,3,0,0,0,0,9,1,0,0,1,2,0.1,0.0,0.0,0.0,0.0,0.0,11.0,0.0,0,0.0,0.0,0.0
hernali01,2007,NLCS,ARI,NL,0,1,1,1,0,0,0,17,8,4,2,2,4,0.32,6.35,0.0,0.0,0.0,0.0,27.0,0.0,4,0.0,0.0,0.0
jimenub01,2007,NLCS,COL,NL,0,0,1,1,0,0,0,15,5,1,0,4,6,0.263,1.8,1.0,1.0,0.0,0.0,23.0,0.0,1,0.0,0.0,0.0
lyonbr01,2007,NLCS,ARI,NL,0,0,2,0,0,0,0,9,0,0,0,0,4,0.0,0.0,0.0,0.0,0.0,0.0,9.0,1.0,0,0.0,0.0,0.0
moralfr01,2007,NLCS,COL,NL,0,0,1,1,0,0,0,12,5,1,0,1,2,0.312,2.25,0.0,0.0,1.0,0.0,18.0,0.0,1,0.0,0.0,0.0
nippedu01,2007,NLCS,ARI,NL,0,0,2,0,0,0,0,7,1,0,0,0,2,0.125,0.0,0.0,0.0,0.0,0.0,8.0,1.0,0,0.0,0.0,0.0
owingmi01,2007,NLCS,ARI,NL,0,1,1,1,0,0,0,11,6,2,1,2,2,0.333,4.91,0.0,0.0,1.0,0.0,21.0,0.0,6,0.0,0.0,0.0
penato03,2007,NLCS,ARI,NL,0,0,3,0,0,0,0,10,1,0,0,0,7,0.091,0.0,0.0,0.0,0.0,0.0,11.0,1.0,0,0.0,0.0,0.0
slatedo01,2007,NLCS,ARI,NL,0,0,3,0,0,0,0,4,1,0,0,2,1,0.2,0.0,1.0,1.0,0.0,0.0,7.0,1.0,0,0.0,0.0,0.0
speiery01,2007,NLCS,COL,NL,0,0,1,0,0,0,1,3,0,0,0,0,1,0.0,0.0,0.0,0.0,0.0,0.0,3.0,1.0,0,0.0,0.0,0.0
valvejo01,2007,NLCS,ARI,NL,0,1,1,0,0,0,0,5,1,1,0,3,2,0.167,5.4,0.0,0.0,0.0,0.0,9.0,0.0,1,0.0,0.0,0.0
webbbr01,2007,NLCS,ARI,NL,0,1,1,1,0,0,0,18,7,4,0,2,4,0.304,6.0,0.0,1.0,0.0,0.0,25.0,0.0,4,0.0,0.0,1.0
cruzju02,2007,NLDS1,ARI,NL,0,0,1,0,0,0,0,1,1,0,0,0,1,0.5,0.0,0.0,0.0,0.0,0.0,2.0,0.0,0,0.0,0.0,0.0
davisdo02,2007,NLDS1,ARI,NL,1,0,1,1,0,0,0,17,5,4,1,4,8,0.227,6.35,0.0,0.0,0.0,0.0,26.0,0.0,4,0.0,0.0,0.0
dempsry01,2007,NLDS1,CHN,NL,0,0,1,0,0,0,0,3,0,0,0,0,2,0.0,0.0,0.0,0.0,0.0,0.0,3.0,1.0,0,0.0,0.0,0.0
eyresc01,2007,NLDS1,CHN,NL,0,0,1,0,0,0,0,0,1,0,0,0,0,1.0,,0.0,0.0,0.0,0.0,1.0,0.0,0,0.0,0.0,0.0
hartke01,2007,NLDS1,CHN,NL,0,0,1,0,0,0,0,3,0,2,0,2,2,0.0,18.0,0.0,1.0,0.0,0.0,5.0,0.0,2,0.0,0.0,0.0
hernali01,2007,NLDS1,ARI,NL,1,0,1,1,0,0,0,18,5,1,0,5,2,0.238,1.5,0.0,0.0,1.0,0.0,27.0,0.0,1,0.0,0.0,3.0
hillri01,2007,NLDS1,CHN,NL,0,1,1,1,0,0,0,9,6,3,1,2,3,0.4,9.0,0.0,0.0,1.0,0.0,18.0,0.0,3,0.0,0.0,0.0
howrybo01,2007,NLDS1,CHN,NL,0,0,2,0,0,0,0,9,1,0,0,0,6,0.111,0.0,0.0,0.0,0.0,0.0,9.0,1.0,0,0.0,0.0,1.0
lillyte01,2007,NLDS1,CHN,NL,0,1,1,1,0,0,0,10,7,6,1,4,4,0.467,16.2,0.0,0.0,0.0,0.0,20.0,0.0,6,1.0,0.0,1.0
lyonbr01,2007,NLDS1,ARI,NL,0,0,3,0,0,0,0,9,1,0,0,1,1,0.1,0.0,0.0,0.0,0.0,0.0,11.0,0.0,0,0.0,0.0,0.0
marmoca01,2007,NLDS1,CHN,NL,0,1,2,0,0,0,0,9,3,3,2,3,6,0.273,9.0,0.0,0.0,0.0,0.0,15.0,0.0,3,0.0,1.0,0.0
penato03,2007,NLDS1,ARI,NL,0,0,2,0,0,0,0,6,2,0,0,0,0,0.333,0.0,0.0,0.0,0.0,0.0,6.0,0.0,0,0.0,0.0,2.0
valvejo01,2007,NLDS1,ARI,NL,0,0,3,0,0,0,1,9,1,0,0,1,6,0.091,0.0,0.0,0.0,0.0,0.0,12.0,3.0,0,0.0,0.0,0.0
webbbr01,2007,NLDS1,ARI,NL,1,0,1,1,0,0,0,21,4,1,0,3,9,0.154,1.29,0.0,1.0,1.0,0.0,30.0,0.0,1,0.0,0.0,0.0
woodke02,2007,NLDS1,CHN,NL,0,0,2,0,0,0,0,9,3,1,1,0,2,0.273,3.0,0.0,0.0,0.0,0.0,11.0,1.0,1,0.0,0.0,1.0
wuertmi01,2007,NLDS1,CHN,NL,0,0,2,0,0,0,0,5,0,0,0,1,2,0.0,0.0,0.0,1.0,0.0,0.0,7.0,0.0,0,1.0,0.0,0.0
zambrca01,2007,NLDS1,CHN,NL,0,0,1,1,0,0,0,18,4,1,1,1,8,0.19,1.5,0.0,0.0,0.0,0.0,22.0,0.0,1,0.0,0.0,1.0
affelje01,2007,NLDS2,COL,NL,0,0,1,0,0,0,0,3,1,1,1,0,2,0.25,9.0,0.0,0.0,0.0,0.0,4.0,0.0,1,0.0,0.0,0.0
alfonan01,2007,NLDS2,PHI,NL,0,0,1,0,0,0,0,3,1,0,0,0,0,0.25,0.0,0.0,0.0,0.0,0.0,4.0,0.0,0,0.0,0.0,0.0
condrcl01,2007,NLDS2,PHI,NL,0,0,1,0,0,0,0,5,4,1,0,0,2,0.5,5.4,0.0,0.0,0.0,0.0,8.0,0.0,1,0.0,0.0,1.0
corpama01,2007,NLDS2,COL,NL,0,0,3,0,0,0,3,10,2,0,0,0,3,0.167,0.0,0.0,0.0,0.0,0.0,12.0,3.0,0,0.0,0.0,0.0
foggjo01,2007,NLDS2,COL,NL,1,0,1,0,0,0,0,6,1,0,0,0,1,0.143,0.0,0.0,0.0,0.0,0.0,7.0,0.0,0,0.0,0.0,0.0
francje01,2007,NLDS2,COL,NL,1,0,1,1,0,0,0,18,4,2,2,2,8,0.19,3.0,0.0,0.0,0.0,0.0,23.0,0.0,2,0.0,0.0,1.0
fuentbr01,2007,NLDS2,COL,NL,1,0,3,0,0,0,0,7,1,0,0,3,4,0.125,0.0,0.0,1.0,0.0,0.0,11.0,0.0,0,0.0,0.0,0.0
gordoto01,2007,NLDS2,PHI,NL,0,0,2,0,0,0,0,6,2,1,1,1,4,0.25,4.5,1.0,0.0,0.0,0.0,9.0,0.0,1,0.0,0.0,0.0
hamelco01,2007,NLDS2,PHI,NL,0,1,1,1,0,0,0,20,3,3,0,4,7,0.136,4.05,0.0,0.0,0.0,0.0,27.0,0.0,3,1.0,0.0,0.0
hawkila01,2007,NLDS2,COL,NL,0,0,1,0,0,0,0,3,0,0,0,1,0,0.0,0.0,0.0,0.0,0.0,0.0,3.0,0.0,0,0.0,0.0,1.0
hergema01,2007,NLDS2,COL,NL,0,0,1,0,0,0,0,2,0,0,0,0,0,0.0,0.0,0.0,0.0,0.0,0.0,2.0,0.0,0,0.0,0.0,0.0
jimenub01,2007,NLDS2,COL,NL,0,0,1,1,0,0,0,19,3,1,1,4,5,0.143,1.42,0.0,0.0,0.0,0.0,25.0,0.0,1,0.0,0.0,1.0
kendrky01,2007,NLDS2,PHI,NL,0,1,1,1,0,0,0,11,5,5,2,2,2,0.312,12.27,1.0,0.0,0.0,0.0,18.0,0.0,5,0.0,0.0,0.0
lohseky01,2007,NLDS2,PHI,NL,0,0,1,0,0,0,0,4,1,1,1,0,1,0.2,6.75,0.0,0.0,0.0,0.0,5.0,0.0,1,0.0,0.0,0.0
mesajo01,2007,NLDS2,PHI,NL,0,0,1,0,0,0,0,1,1,3,0,2,0,0.5,81.0,0.0,0.0,0.0,0.0,4.0,0.0,3,0.0,0.0,0.0
moralfr01,2007,NLDS2,COL,NL,0,0,1,1,0,0,0,9,3,3,1,2,3,0.273,9.0,0.0,0.0,1.0,0.0,14.0,0.0,3,0.0,0.0,0.0
moyerja01,2007,NLDS2,PHI,NL,0,0,1,1,0,0,0,18,5,1,0,2,2,0.238,1.5,0.0,0.0,0.0,0.0,24.0,0.0,1,1.0,0.0,0.0
myersbr01,2007,NLDS2,PHI,NL,0,0,2,0,0,0,0,4,2,0,0,0,3,0.333,0.0,0.0,0.0,0.0,0.0,6.0,2.0,0,0.0,0.0,0.0
romerjc01,2007,NLDS2,PHI,NL,0,1,3,0,0,0,0,6,3,1,0,0,1,0.333,4.5,0.0,0.0,0.0,0.0,9.0,1.0,1,0.0,0.0,0.0
speiery01,2007,NLDS2,COL,NL,0,0,1,0,0,0,0,4,1,0,0,0,0,0.2,0.0,0.0,0.0,0.0,0.0,5.0,0.0,1,0.0,0.0,0.0
affelje01,2007,WS,COL,NL,0,0,4,0,0,0,0,9,2,0,0,1,2,0.2,0.0,0.0,0.0,0.0,0.0,11.0,0.0,0,0.0,0.0,1.0
beckejo02,2007,WS,BOS,AL,1,0,1,1,0,0,0,21,6,1,0,1,9,0.231,1.29,0.0,0.0,0.0,0.0,27.0,0.0,1,0.0,0.0,1.0
cookaa01,2007,WS,COL,NL,0,1,1,1,0,0,0,18,6,3,1,0,2,0.261,4.5,0.0,0.0,0.0,0.0,23.0,0.0,3,0.0,0.0,1.0
corpama01,2007,WS,COL,NL,0,0,2,0,0,0,0,5,1,0,0,0,1,0.167,0.0,0.0,0.0,0.0,0.0,6.0,2.0,0,0.0,0.0,0.0
delcama01,2007,WS,BOS,AL,0,0,2,0,0,0,0,4,3,1,1,1,1,0.429,6.75,0.0,0.0,0.0,0.0,8.0,0.0,1,0.0,0.0,0.0
foggjo01,2007,WS,COL,NL,0,1,1,1,0,0,0,8,10,6,0,2,2,0.588,20.25,1.0,0.0,0.0,0.0,19.0,0.0,6,0.0,0.0,0.0
francje01,2007,WS,COL,NL,0,1,1,1,0,0,0,12,10,6,1,3,3,0.455,13.5,2.0,0.0,0.0,0.0,25.0,0.0,6,0.0,0.0,0.0
fuentbr01,2007,WS,COL,NL,0,0,3,0,0,0,0,11,6,4,1,2,1,0.375,9.82,0.0,0.0,0.0,0.0,18.0,0.0,4,0.0,0.0,1.0
gagneer01,2007,WS,BOS,AL,0,0,1,0,0,0,0,3,0,0,0,0,1,0.0,0.0,0.0,0.0,0.0,0.0,3.0,1.0,0,0.0,0.0,0.0
hawkila01,2007,WS,COL,NL,0,0,2,0,0,0,0,6,1,1,0,0,2,0.2,4.5,0.0,0.0,0.0,0.0,7.0,2.0,1,1.0,1.0,0.0
hergema01,2007,WS,COL,NL,0,0,3,0,0,0,0,10,1,0,0,2,4,0.1,0.0,0.0,0.0,0.0,0.0,13.0,0.0,0,1.0,0.0,0.0
jimenub01,2007,WS,COL,NL,0,1,1,1,0,0,0,14,3,2,0,5,2,0.188,3.86,0.0,0.0,1.0,0.0,23.0,0.0,2,0.0,1.0,0.0
lestejo01,2007,WS,BOS,AL,1,0,1,1,0,0,0,17,3,0,0,3,3,0.15,0.0,0.0,0.0,0.0,0.0,23.0,0.0,0,0.0,0.0,0.0
lopezja02,2007,WS,BOS,AL,0,0,1,0,0,0,0,0,2,0,0,0,0,1.0,,0.0,0.0,0.0,0.0,2.0,0.0,0,0.0,0.0,0.0
matsuda01,2007,WS,BOS,AL,1,0,1,1,0,0,0,16,3,2,0,3,5,0.158,3.38,0.0,0.0,1.0,0.0,23.0,0.0,2,0.0,0.0,0.0
moralfr01,2007,WS,COL,NL,0,0,2,0,0,0,0,9,7,7,0,1,1,0.438,21.0,0.0,0.0,0.0,1.0,17.0,0.0,7,0.0,0.0,0.0
okajihi01,2007,WS,BOS,AL,0,0,3,0,0,0,0,11,4,3,2,0,6,0.267,7.36,0.0,0.0,0.0,0.0,15.0,0.0,3,0.0,0.0,0.0
papeljo01,2007,WS,BOS,AL,0,0,3,0,0,0,3,13,2,0,0,0,3,0.143,0.0,0.0,0.0,0.0,0.0,14.0,3.0,0,0.0,0.0,0.0
schilcu01,2007,WS,BOS,AL,1,0,1,1,0,0,0,16,4,1,0,2,4,0.222,1.69,0.0,0.0,1.0,0.0,22.0,0.0,1,1.0,0.0,1.0
speiery01,2007,WS,COL,NL,0,0,1,0,0,0,0,0,0,0,0,3,0,,,0.0,0.0,0.0,0.0,3.0,0.0,0,0.0,0.0,0.0
timlimi01,2007,WS,BOS,AL,0,0,3,0,0,0,0,7,2,2,0,0,4,0.222,7.71,0.0,0.0,0.0,0.0,9.0,0.0,2,0.0,0.0,0.0
balfogr01,2008,ALCS,TBA,AL,0,0,4,0,0,0,0,7,5,5,2,4,1,0.417,19.29,0.0,0.0,1.0,0.0,17.0,0.0,5,0.0,0.0,0.0
beckejo02,2008,ALCS,BOS,AL,1,0,2,2,0,0,0,28,13,10,5,2,8,0.342,9.64,0.0,0.0,1.0,0.0,41.0,0.0,10,0.0,0.0,1.0
bradfch01,2008,ALCS,TBA,AL,0,0,3,0,0,0,0,9,4,1,0,2,1,0.333,3.0,1.0,0.0,0.0,0.0,14.0,0.0,1,0.0,0.0,1.0
byrdpa01,2008,ALCS,BOS,AL,0,0,1,0,0,0,0,10,5,4,2,0,2,0.333,10.8,0.0,0.0,0.0,0.0,15.0,1.0,4,0.0,0.0,0.0
delcama01,2008,ALCS,BOS,AL,0,0,3,0,0,0,0,6,3,7,0,5,2,0.333,31.5,0.0,0.0,0.0,0.0,14.0,0.0,7,0.0,0.0,0.0
garzama01,2008,ALCS,TBA,AL,2,0,2,2,0,0,0,39,8,2,1,6,14,0.17,1.38,0.0,0.0,1.0,0.0,54.0,0.0,2,0.0,0.0,0.0
howeljp01,2008,ALCS,TBA,AL,0,1,6,0,0,0,0,16,5,2,0,3,6,0.25,3.38,1.0,0.0,1.0,0.0,25.0,1.0,2,0.0,1.0,1.0
jacksed01,2008,ALCS,TBA,AL,0,0,2,0,0,0,0,7,0,0,0,2,4,0.0,0.0,0.0,0.0,0.0,0.0,9.0,2.0,0,0.0,0.0,0.0
kazmisc01,2008,ALCS,TBA,AL,0,0,2,2,0,0,0,31,8,5,3,6,9,0.205,4.35,0.0,1.0,1.0,0.0,46.0,0.0,5,0.0,0.0,0.0
lestejo01,2008,ALCS,BOS,AL,0,2,2,2,0,0,0,38,14,7,3,2,15,0.275,4.97,0.0,0.0,0.0,0.0,53.0,0.0,8,0.0,0.0,0.0
lopezja02,2008,ALCS,BOS,AL,0,0,2,0,0,0,0,5,3,0,0,0,0,0.375,0.0,0.0,0.0,0.0,0.0,8.0,0.0,0,0.0,0.0,0.0
masteju01,2008,ALCS,BOS,AL,1,0,5,0,0,0,0,17,4,1,0,2,6,0.222,1.59,0.0,0.0,1.0,0.0,21.0,1.0,1,0.0,0.0,2.0
matsuda01,2008,ALCS,BOS,AL,1,0,2,2,0,0,0,33,9,5,3,6,11,0.214,4.09,0.0,1.0,0.0,0.0,48.0,0.0,5,0.0,0.0,0.0
milletr02,2008,ALCS,TBA,AL,0,0,3,0,0,0,0,2,1,0,0,1,1,0.333,0.0,0.0,0.0,0.0,0.0,4.0,1.0,0,0.0,0.0,0.0
okajihi01,2008,ALCS,BOS,AL,0,0,5,0,0,0,0,22,1,0,0,1,5,0.043,0.0,0.0,0.0,0.0,0.0,24.0,1.0,0,0.0,0.0,0.0
papeljo01,2008,ALCS,BOS,AL,0,0,4,0,0,0,2,16,1,0,0,1,6,0.062,0.0,1.0,0.0,0.0,0.0,17.0,2.0,0,0.0,0.0,1.0
priceda01,2008,ALCS,TBA,AL,1,0,3,0,0,0,1,7,0,0,0,2,4,0.0,0.0,0.0,0.0,0.0,0.0,9.0,3.0,0,0.0,0.0,0.0
shielja02,2008,ALCS,TBA,AL,0,2,2,2,0,0,0,39,15,5,2,5,9,0.294,3.46,0.0,0.0,0.0,0.0,57.0,0.0,6,0.0,1.0,1.0
sonnaan01,2008,ALCS,TBA,AL,1,0,1,1,0,0,0,22,6,3,1,1,2,0.214,3.68,0.0,0.0,0.0,0.0,29.0,0.0,4,0.0,0.0,1.0
timlimi01,2008,ALCS,BOS,AL,0,1,2,0,0,0,0,8,2,3,0,4,0,0.25,10.12,1.0,0.0,0.0,0.0,13.0,2.0,3,0.0,1.0,1.0
wakefti01,2008,ALCS,BOS,AL,0,1,1,1,0,0,0,8,6,5,3,2,2,0.429,16.88,0.0,0.0,0.0,0.0,16.0,0.0,5,0.0,0.0,0.0
wheelda01,2008,ALCS,TBA,AL,0,0,3,0,0,0,0,15,5,3,1,3,5,0.278,5.4,0.0,1.0,0.0,0.0,21.0,0.0,3,0.0,0.0,1.0
arredjo01,2008,ALDS1,LAA,AL,0,0,3,0,0,0,0,11,2,0,0,2,4,0.154,0.0,0.0,0.0,0.0,0.0,15.0,1.0,0,0.0,0.0,0.0
beckejo02,2008,ALDS1,BOS,AL,0,0,1,1,0,0,0,15,9,4,2,4,6,0.375,7.2,0.0,0.0,0.0,0.0,28.0,0.0,4,0.0,0.0,0.0
delcama01,2008,ALDS1,BOS,AL,1,0,2,0,0,0,0,7,1,0,0,0,1,0.143,0.0,0.0,0.0,1.0,0.0,8.0,1.0,0,0.0,0.0,0.0
lackejo01,2008,ALDS1,LAA,AL,0,1,2,2,0,0,0,41,11,4,1,4,6,0.212,2.63,0.0,0.0,1.0,0.0,57.0,0.0,4,0.0,0.0,2.0
lestejo01,2008,ALDS1,BOS,AL,1,0,2,2,0,0,0,42,10,0,0,3,11,0.189,0.0,0.0,0.0,0.0,0.0,56.0,0.0,1,0.0,0.0,0.0
lopezja02,2008,ALDS1,BOS,AL,0,1,1,0,0,0,0,3,3,1,0,0,1,0.6,9.0,0.0,0.0,0.0,0.0,6.0,1.0,1,1.0,0.0,0.0
masteju01,2008,ALDS1,BOS,AL,0,0,4,0,0,0,0,12,6,1,0,3,3,0.4,2.25,0.0,0.0,0.0,0.0,19.0,0.0,2,1.0,0.0,0.0
matsuda01,2008,ALDS1,BOS,AL,0,0,1,1,0,0,0,15,8,3,0,3,5,0.348,5.4,0.0,0.0,0.0,0.0,26.0,0.0,3,0.0,0.0,0.0
okajihi01,2008,ALDS1,BOS,AL,0,0,3,0,0,0,0,8,3,2,0,1,0,0.273,6.75,0.0,0.0,0.0,0.0,12.0,0.0,2,0.0,0.0,0.0
oliveda02,2008,ALDS1,LAA,AL,0,0,2,0,0,0,0,4,0,0,0,1,1,0.0,0.0,0.0,0.0,0.0,0.0,4.0,0.0,0,0.0,0.0,0.0
papeljo01,2008,ALDS1,BOS,AL,1,0,3,0,0,0,1,15,2,0,0,1,7,0.125,0.0,0.0,0.0,0.0,0.0,18.0,2.0,0,0.0,1.0,0.0
rodrifr03,2008,ALDS1,LAA,AL,0,1,2,0,0,0,0,7,5,2,1,2,2,0.455,7.71,0.0,0.0,0.0,0.0,13.0,1.0,2,0.0,0.0,1.0
santaer01,2008,ALDS1,LAA,AL,0,0,1,1,0,0,0,16,8,5,1,0,3,0.308,8.44,0.0,0.0,0.0,0.0,26.0,0.0,5,0.0,0.0,0.0
saundjo01,2008,ALDS1,LAA,AL,0,0,1,1,0,0,0,14,5,4,0,4,2,0.278,7.71,0.0,0.0,1.0,0.0,23.0,0.0,4,0.0,0.0,1.0
shielsc01,2008,ALDS1,LAA,AL,0,1,4,0,0,0,0,17,6,3,0,1,7,0.273,4.76,0.0,0.0,0.0,0.0,24.0,1.0,3,1.0,0.0,0.0
weaveje02,2008,ALDS1,LAA,AL,1,0,1,0,0,0,0,6,1,0,0,1,3,0.143,0.0,0.0,0.0,0.0,0.0,8.0,1.0,0,0.0,0.0,0.0
balfogr01,2008,ALDS2,TBA,AL,0,0,3,0,0,0,0,10,2,0,0,1,4,0.167,0.0,0.0,0.0,0.0,0.0,13.0,1.0,0,0.0,0.0,0.0
bradfch01,2008,ALDS2,TBA,AL,0,0,2,0,0,0,0,9,1,0,0,0,2,0.125,0.0,0.0,0.0,0.0,0.0,8.0,2.0,0,0.0,0.0,2.0
buehrma01,2008,ALDS2,CHA,AL,0,1,1,1,0,0,0,21,10,5,1,0,3,0.345,6.43,0.0,0.0,0.0,0.0,30.0,0.0,5,1.0,0.0,1.0
danksjo01,2008,ALDS2,CHA,AL,1,0,1,1,0,0,0,20,7,3,1,3,7,0.259,4.05,0.0,0.0,0.0,0.0,30.0,0.0,3,0.0,0.0,0.0
doteloc01,2008,ALDS2,CHA,AL,0,0,4,0,0,0,0,4,2,2,0,0,3,0.333,13.5,0.0,1.0,0.0,0.0,6.0,1.0,2,0.0,0.0,0.0
floydga01,2008,ALDS2,CHA,AL,0,1,1,1,0,0,0,9,5,4,2,2,4,0.357,12.0,0.0,0.0,0.0,0.0,16.0,0.0,4,0.0,0.0,0.0
garzama01,2008,ALDS2,TBA,AL,0,1,1,1,0,0,0,18,7,5,0,4,4,0.304,7.5,0.0,1.0,0.0,0.0,28.0,0.0,5,0.0,1.0,1.0
howeljp01,2008,ALDS2,TBA,AL,0,0,3,0,0,0,0,13,2,0,0,0,6,0.133,0.0,0.0,0.0,0.0,0.0,15.0,0.0,0,0.0,0.0,0.0
jenksbo01,2008,ALDS2,CHA,AL,0,0,1,0,0,0,1,3,1,0,0,0,1,0.25,0.0,0.0,0.0,0.0,0.0,4.0,1.0,0,0.0,0.0,0.0
kazmisc01,2008,ALDS2,TBA,AL,1,0,1,1,0,0,0,16,8,2,0,2,4,0.364,3.38,0.0,0.0,1.0,0.0,27.0,0.0,2,1.0,1.0,0.0
linebsc01,2008,ALDS2,CHA,AL,0,0,1,0,0,0,0,3,1,0,0,1,1,0.25,0.0,1.0,0.0,0.0,0.0,5.0,1.0,0,0.0,0.0,0.0
milletr02,2008,ALDS2,TBA,AL,0,0,1,0,0,0,0,0,0,0,0,1,0,,,0.0,0.0,0.0,0.0,1.0,0.0,0,0.0,0.0,0.0
richacl01,2008,ALDS2,CHA,AL,0,0,2,0,0,0,0,19,5,1,0,3,6,0.227,1.42,0.0,0.0,0.0,0.0,25.0,0.0,1,0.0,0.0,1.0
shielja02,2008,ALDS2,TBA,AL,1,0,1,1,0,0,0,19,6,3,1,1,4,0.261,4.26,0.0,0.0,1.0,0.0,26.0,0.0,3,1.0,0.0,0.0
sonnaan01,2008,ALDS2,TBA,AL,1,0,1,1,0,0,0,17,3,2,2,1,4,0.15,3.18,0.0,0.0,0.0,0.0,21.0,0.0,2,0.0,0.0,0.0
thornma01,2008,ALDS2,CHA,AL,0,0,3,0,0,0,0,10,2,0,0,2,2,0.167,0.0,1.0,0.0,0.0,0.0,14.0,1.0,0,0.0,0.0,0.0
vazquja01,2008,ALDS2,CHA,AL,0,1,1,1,0,0,0,13,8,6,2,1,6,0.4,12.46,0.0,0.0,0.0,0.0,22.0,0.0,6,0.0,1.0,0.0
wheelda01,2008,ALDS2,TBA,AL,0,0,1,0,0,0,1,3,1,1,1,0,1,0.25,9.0,0.0,0.0,0.0,0.0,4.0,1.0,1,0.0,0.0,0.0
beimejo01,2008,NLCS,LAN,NL,0,0,3,0,0,0,0,2,0,0,0,2,0,0.0,0.0,0.0,0.0,0.0,0.0,4.0,0.0,0,0.0,0.0,0.0
billich01,2008,NLCS,LAN,NL,0,2,2,2,0,0,0,15,12,10,1,7,9,0.462,18.0,2.0,1.0,0.0,0.0,33.0,0.0,11,0.0,0.0,1.0
blantjo01,2008,NLCS,PHI,NL,0,0,1,1,0,0,0,15,7,3,0,4,4,0.35,5.4,2.0,0.0,0.0,0.0,24.0,0.0,3,0.0,0.0,1.0
broxtjo01,2008,NLCS,LAN,NL,0,0,2,0,0,0,0,7,3,1,1,1,2,0.333,3.86,0.0,0.0,0.0,0.0,10.0,2.0,1,0.0,0.0,0.0
condrcl01,2008,NLCS,PHI,NL,0,0,1,0,0,0,0,2,0,0,0,1,0,0.0,0.0,0.0,0.0,0.0,0.0,2.0,0.0,0,0.0,0.0,1.0
durbich01,2008,NLCS,PHI,NL,0,0,3,0,0,0,0,6,3,1,1,2,2,0.333,4.5,0.0,0.0,1.0,0.0,12.0,0.0,2,0.0,0.0,0.0
eyresc01,2008,NLCS,PHI,NL,0,0,2,0,0,0,0,4,0,0,0,1,0,0.0,0.0,1.0,0.0,0.0,0.0,6.0,0.0,0,1.0,0.0,0.0
hamelco01,2008,NLCS,PHI,NL,2,0,2,2,0,0,0,42,11,3,1,5,13,0.224,1.93,0.0,0.0,0.0,0.0,55.0,0.0,3,0.0,1.0,3.0
happja01,2008,NLCS,PHI,NL,0,0,1,0,0,0,0,9,4,1,0,2,2,0.364,3.0,0.0,0.0,0.0,0.0,13.0,0.0,1,0.0,0.0,0.0
kershcl01,2008,NLCS,LAN,NL,0,0,2,0,0,0,0,6,1,1,0,2,1,0.167,4.5,0.0,0.0,0.0,0.0,9.0,0.0,1,1.0,0.0,0.0
kuoho01,2008,NLCS,LAN,NL,0,0,3,0,0,0,0,9,2,1,0,0,3,0.2,3.0,0.0,0.0,0.0,0.0,10.0,2.0,1,0.0,0.0,1.0
kurodhi01,2008,NLCS,LAN,NL,1,0,1,1,0,0,0,18,5,2,0,1,3,0.227,3.0,0.0,0.0,0.0,0.0,23.0,0.0,2,0.0,0.0,0.0
lidgebr01,2008,NLCS,PHI,NL,0,0,4,0,0,0,3,13,2,0,0,2,6,0.125,0.0,0.0,1.0,0.0,0.0,18.0,4.0,0,0.0,0.0,0.0
lowede01,2008,NLCS,LAN,NL,0,1,2,2,0,0,0,31,12,4,2,2,6,0.286,3.48,0.0,0.0,0.0,0.0,44.0,0.0,5,0.0,0.0,2.0
maddugr01,2008,NLCS,LAN,NL,0,0,2,0,0,0,0,9,3,0,0,1,3,0.231,0.0,1.0,0.0,0.0,0.0,14.0,0.0,2,0.0,0.0,1.0
madsory01,2008,NLCS,PHI,NL,1,0,4,0,0,0,0,15,4,0,0,1,4,0.235,0.0,0.0,0.0,0.0,0.0,19.0,0.0,0,1.0,0.0,0.0
mcdonja03,2008,NLCS,LAN,NL,0,0,2,0,0,0,0,16,3,0,0,2,7,0.158,0.0,0.0,0.0,0.0,0.0,21.0,0.0,0,0.0,0.0,0.0
moyerja01,2008,NLCS,PHI,NL,0,1,1,1,0,0,0,4,6,6,1,0,2,0.6,40.5,0.0,0.0,1.0,0.0,11.0,0.0,6,0.0,0.0,0.0
myersbr01,2008,NLCS,PHI,NL,1,0,1,1,0,0,0,15,6,5,1,4,6,0.273,9.0,1.0,1.0,0.0,0.0,26.0,0.0,5,0.0,0.0,1.0
parkch01,2008,NLCS,LAN,NL,0,0,4,0,0,0,0,5,1,0,0,1,1,0.167,0.0,0.0,1.0,0.0,0.0,7.0,0.0,0,0.0,0.0,0.0
romerjc01,2008,NLCS,PHI,NL,0,0,3,0,0,0,0,7,0,0,0,3,3,0.0,0.0,0.0,0.0,0.0,0.0,9.0,1.0,0,0.0,0.0,1.0
wadeco01,2008,NLCS,LAN,NL,0,1,4,0,0,0,0,11,3,2,1,0,2,0.214,4.91,0.0,0.0,0.0,0.0,14.0,1.0,2,0.0,0.0,0.0
billich01,2008,NLDS1,LAN,NL,1,0,1,1,0,0,0,20,5,1,0,1,7,0.208,1.35,0.0,1.0,0.0,0.0,25.0,0.0,1,0.0,0.0,1.0
broxtjo01,2008,NLDS1,LAN,NL,0,0,3,0,0,0,1,10,0,0,0,2,5,0.0,0.0,0.0,0.0,0.0,0.0,12.0,2.0,0,0.0,0.0,0.0
cottsne01,2008,NLDS1,CHN,NL,0,0,2,0,0,0,0,5,1,0,0,1,3,0.167,0.0,0.0,0.0,0.0,0.0,7.0,1.0,0,0.0,0.0,0.0
dempsry01,2008,NLDS1,CHN,NL,0,1,1,1,0,0,0,14,4,4,1,7,2,0.235,7.71,0.0,0.0,0.0,0.0,24.0,0.0,4,0.0,0.0,1.0
harderi01,2008,NLDS1,CHN,NL,0,1,1,1,0,0,0,13,5,3,0,3,4,0.278,6.23,2.0,0.0,0.0,0.0,21.0,0.0,3,0.0,0.0,0.0
kurodhi01,2008,NLDS1,LAN,NL,1,0,1,1,0,0,0,19,6,0,0,2,4,0.24,0.0,1.0,0.0,0.0,0.0,27.0,0.0,0,0.0,0.0,0.0
lowede01,2008,NLDS1,LAN,NL,1,0,1,1,0,0,0,18,7,2,1,1,6,0.292,3.0,0.0,0.0,0.0,0.0,25.0,0.0,2,0.0,0.0,2.0
maddugr01,2008,NLDS1,LAN,NL,0,0,1,0,0,0,0,3,1,0,0,0,0,0.25,0.0,0.0,0.0,0.0,0.0,4.0,1.0,0,0.0,0.0,0.0
marmoca01,2008,NLDS1,CHN,NL,0,0,2,0,0,0,0,8,3,2,0,0,3,0.3,6.75,0.0,0.0,0.0,0.0,11.0,0.0,2,1.0,0.0,0.0
marquja01,2008,NLDS1,CHN,NL,0,0,1,0,0,0,0,3,1,1,1,0,1,0.25,9.0,0.0,0.0,0.0,0.0,4.0,1.0,1,0.0,0.0,0.0
marshse01,2008,NLDS1,CHN,NL,0,0,2,0,0,0,0,10,2,1,1,1,5,0.167,2.7,0.0,0.0,0.0,0.0,13.0,0.0,1,0.0,0.0,0.0
saitota01,2008,NLDS1,LAN,NL,0,0,1,0,0,0,0,0,3,2,0,0,0,1.0,,0.0,0.0,0.0,0.0,3.0,0.0,2,0.0,0.0,0.0
samarje01,2008,NLDS1,CHN,NL,0,0,1,0,0,0,0,3,2,1,0,0,0,0.5,9.0,0.0,0.0,0.0,0.0,4.0,0.0,1,0.0,0.0,1.0
wadeco01,2008,NLDS1,LAN,NL,0,0,3,0,0,0,0,11,3,1,0,0,2,0.214,2.45,0.0,1.0,0.0,0.0,14.0,0.0,1,0.0,0.0,0.0
woodke02,2008,NLDS1,CHN,NL,0,0,1,0,0,0,0,3,2,0,0,0,0,0.333,0.0,0.0,0.0,0.0,0.0,6.0,1.0,1,0.0,0.0,0.0
zambrca01,2008,NLDS1,CHN,NL,0,1,1,1,0,0,0,19,6,3,1,2,7,0.222,4.26,0.0,0.0,1.0,0.0,30.0,0.0,7,0.0,0.0,1.0
blantjo01,2008,NLDS2,PHI,NL,1,0,1,1,0,0,0,18,5,1,1,0,7,0.217,1.5,0.0,0.0,0.0,0.0,23.0,0.0,1,0.0,0.0,0.0
bushda01,2008,NLDS2,MIL,NL,1,0,1,1,0,0,0,16,5,1,0,0,3,0.238,1.69,0.0,0.0,0.0,0.0,21.0,0.0,1,0.0,0.0,0.0
condrcl01,2008,NLDS2,PHI,NL,0,0,1,0,0,0,0,3,1,1,0,2,1,0.333,9.0,1.0,0.0,1.0,0.0,7.0,0.0,1,0.0,1.0,0.0
durbich01,2008,NLDS2,PHI,NL,0,0,1,0,0,0,0,2,3,0,0,0,1,0.6,0.0,0.0,0.0,0.0,0.0,5.0,0.0,0,0.0,0.0,0.0
eyresc01,2008,NLDS2,PHI,NL,0,0,1,0,0,0,0,3,3,1,0,0,1,0.6,9.0,0.0,0.0,0.0,0.0,6.0,0.0,1,1.0,0.0,0.0
gagneer01,2008,NLDS2,MIL,NL,0,0,2,0,0,0,0,6,1,0,0,0,1,0.143,0.0,0.0,0.0,0.0,0.0,7.0,0.0,0,0.0,0.0,0.0
gallayo01,2008,NLDS2,MIL,NL,0,1,2,1,0,0,0,21,4,0,0,5,4,0.167,0.0,1.0,0.0,0.0,0.0,30.0,0.0,3,1.0,0.0,1.0
hamelco01,2008,NLDS2,PHI,NL,1,0,1,1,0,0,0,24,2,0,0,1,9,0.077,0.0,0.0,0.0,0.0,0.0,27.0,0.0,0,0.0,0.0,0.0
lidgebr01,2008,NLDS2,PHI,NL,0,0,3,0,0,0,2,9,3,1,0,1,4,0.25,3.0,0.0,1.0,0.0,0.0,13.0,3.0,1,0.0,0.0,0.0
madsory01,2008,NLDS2,PHI,NL,0,0,3,0,0,0,0,12,3,1,0,0,2,0.188,2.25,0.0,0.0,0.0,0.0,16.0,1.0,1,0.0,0.0,0.0
mccluse01,2008,NLDS2,MIL,NL,0,0,1,0,0,0,0,6,2,0,0,3,1,0.25,0.0,1.0,0.0,0.0,0.0,11.0,0.0,0,0.0,0.0,0.0
motagu01,2008,NLDS2,MIL,NL,0,0,2,0,0,0,0,5,2,1,1,0,0,0.333,5.4,0.0,0.0,0.0,0.0,6.0,2.0,1,0.0,0.0,1.0
moyerja01,2008,NLDS2,PHI,NL,0,1,1,1,0,0,0,12,4,2,0,3,3,0.308,4.5,0.0,1.0,0.0,0.0,18.0,0.0,2,1.0,1.0,0.0
myersbr01,2008,NLDS2,PHI,NL,1,0,1,1,0,0,0,21,2,2,0,3,4,0.091,2.57,1.0,0.0,1.0,0.0,26.0,0.0,2,0.0,0.0,1.0
parrama01,2008,NLDS2,MIL,NL,0,0,2,0,0,0,0,7,2,0,0,1,3,0.25,0.0,0.0,0.0,0.0,0.0,9.0,0.0,0,0.0,0.0,1.0
romerjc01,2008,NLDS2,PHI,NL,0,0,1,0,0,0,0,1,0,0,0,0,0,0.0,0.0,0.0,0.0,0.0,0.0,1.0,0.0,0,0.0,0.0,0.0
sabatcc01,2008,NLDS2,MIL,NL,0,1,1,1,0,0,0,11,6,5,1,4,5,0.353,12.27,1.0,0.0,0.0,0.0,21.0,0.0,5,0.0,0.0,0.0
stettmi01,2008,NLDS2,MIL,NL,0,0,3,0,0,0,0,4,0,0,0,0,2,0.0,0.0,0.0,0.0,0.0,0.0,4.0,0.0,0,0.0,0.0,0.0
suppaje01,2008,NLDS2,MIL,NL,0,1,1,1,0,0,0,9,6,5,3,2,3,0.429,15.0,1.0,1.0,0.0,0.0,16.0,0.0,5,0.0,0.0,1.0
torresa01,2008,NLDS2,MIL,NL,0,0,2,0,0,0,1,6,4,0,0,0,1,0.5,0.0,0.0,0.0,0.0,0.0,8.0,2.0,0,0.0,0.0,0.0
villaca01,2008,NLDS2,MIL,NL,0,0,2,0,0,0,0,11,0,0,0,0,3,0.0,0.0,0.0,0.0,0.0,0.0,11.0,0.0,0,0.0,0.0,0.0
balfogr01,2008,WS,TBA,AL,0,0,3,0,0,0,0,9,4,1,0,3,2,0.333,3.0,3.0,1.0,0.0,0.0,16.0,1.0,1,1.0,0.0,0.0
blantjo01,2008,WS,PHI,NL,1,0,1,1,0,0,0,18,4,2,2,2,7,0.182,3.0,0.0,0.0,1.0,0.0,25.0,0.0,2,0.0,0.0,0.0
bradfch01,2008,WS,TBA,AL,0,0,2,0,0,0,0,6,1,0,0,1,0,0.143,0.0,0.0,0.0,0.0,0.0,8.0,0.0,0,0.0,0.0,0.0
durbich01,2008,WS,PHI,NL,0,0,2,0,0,0,0,2,1,0,0,1,0,0.333,0.0,0.0,0.0,0.0,0.0,4.0,0.0,0,0.0,0.0,0.0
eyresc01,2008,WS,PHI,NL,0,0,2,0,0,0,0,2,0,0,0,0,1,0.0,0.0,0.0,0.0,0.0,0.0,2.0,0.0,0,0.0,0.0,0.0
garzama01,2008,WS,TBA,AL,0,0,1,1,0,0,0,18,6,4,3,2,7,0.261,6.0,0.0,1.0,0.0,0.0,25.0,0.0,4,0.0,0.0,0.0
hamelco01,2008,WS,PHI,NL,1,0,2,2,0,0,0,39,10,4,1,3,8,0.217,2.77,0.0,0.0,0.0,0.0,49.0,0.0,4,0.0,0.0,4.0
howeljp01,2008,WS,TBA,AL,0,2,3,0,0,0,0,7,2,2,0,1,5,0.25,7.71,0.0,1.0,1.0,0.0,10.0,0.0,2,0.0,0.0,0.0
jacksed01,2008,WS,TBA,AL,0,0,1,0,0,0,0,6,2,1,1,1,1,0.286,4.5,1.0,0.0,0.0,0.0,8.0,0.0,1,0.0,0.0,1.0
kazmisc01,2008,WS,TBA,AL,0,1,2,2,0,0,0,30,10,5,1,10,9,0.25,4.5,0.0,0.0,1.0,0.0,51.0,0.0,5,0.0,0.0,0.0
lidgebr01,2008,WS,PHI,NL,0,0,2,0,0,0,2,6,1,0,0,0,3,0.143,0.0,0.0,0.0,0.0,0.0,7.0,2.0,0,0.0,0.0,0.0
madsory01,2008,WS,PHI,NL,0,0,4,0,0,0,0,11,3,2,1,0,6,0.231,4.91,0.0,0.0,0.0,0.0,14.0,0.0,2,1.0,0.0,0.0
milletr02,2008,WS,TBA,AL,0,0,2,0,0,0,0,3,1,2,1,1,1,0.25,18.0,0.0,0.0,0.0,0.0,5.0,1.0,2,0.0,0.0,0.0
moyerja01,2008,WS,PHI,NL,0,0,1,1,0,0,0,19,5,3,0,1,5,0.217,4.26,0.0,0.0,0.0,0.0,25.0,0.0,3,0.0,1.0,0.0
myersbr01,2008,WS,PHI,NL,0,1,1,1,0,0,0,21,7,3,0,3,2,0.28,3.86,0.0,0.0,0.0,0.0,29.0,0.0,4,1.0,0.0,1.0
priceda01,2008,WS,TBA,AL,0,0,2,0,0,0,0,10,2,1,1,2,4,0.154,2.7,0.0,0.0,0.0,0.0,15.0,2.0,2,0.0,0.0,0.0
romerjc01,2008,WS,PHI,NL,2,0,4,0,0,0,0,14,2,0,0,0,4,0.133,0.0,0.0,0.0,0.0,0.0,15.0,3.0,0,0.0,0.0,1.0
shielja02,2008,WS,TBA,AL,1,0,1,1,0,0,0,17,7,0,0,2,4,0.304,0.0,0.0,1.0,0.0,0.0,25.0,0.0,0,0.0,0.0,0.0
sonnaan01,2008,WS,TBA,AL,0,1,1,1,0,0,0,12,6,3,1,3,2,0.286,6.75,0.0,0.0,0.0,0.0,24.0,0.0,5,0.0,0.0,0.0
wheelda01,2008,WS,TBA,AL,0,0,3,0,0,0,0,8,3,2,1,1,3,0.3,6.75,0.0,0.0,0.0,0.0,11.0,1.0,2,0.0,0.0,0.0
aceveal01,2009,ALCS,NYA,AL,0,1,2,0,0,0,0,4,3,2,0,2,0,0.6,13.5,1.0,0.0,0.0,0.0,8.0,1.0,2,1.0,0.0,1.0
bulgeja01,2009,ALCS,LAA,AL,0,0,3,0,0,0,0,7,1,1,1,3,4,0.125,3.86,0.0,1.0,1.0,0.0,12.0,0.0,1,0.0,0.0,0.0
burneaj01,2009,ALCS,NYA,AL,0,0,2,2,0,0,0,37,11,8,0,5,7,0.234,5.84,0.0,2.0,2.0,0.0,54.0,0.0,8,0.0,0.0,2.0
chambjo03,2009,ALCS,NYA,AL,0,0,4,0,0,0,0,5,5,1,0,0,2,0.556,5.4,0.0,0.0,0.0,0.0,10.0,0.0,1,0.0,1.0,0.0
cokeph01,2009,ALCS,NYA,AL,0,0,2,0,0,0,0,2,1,0,0,1,1,0.5,0.0,0.0,0.0,0.0,0.0,3.0,0.0,0,0.0,0.0,0.0
fuentbr01,2009,ALCS,LAA,AL,0,0,3,0,0,0,1,9,1,1,1,3,3,0.1,3.0,2.0,0.0,1.0,0.0,14.0,1.0,1,0.0,0.0,0.0
gaudich01,2009,ALCS,NYA,AL,0,0,1,0,0,0,0,3,0,0,0,0,0,0.0,0.0,0.0,0.0,0.0,0.0,3.0,1.0,0,0.0,0.0,0.0
hugheph01,2009,ALCS,NYA,AL,0,1,3,0,0,0,0,8,4,1,0,1,3,0.308,3.38,0.0,0.0,0.0,0.0,14.0,0.0,1,0.0,0.0,0.0
jepseke01,2009,ALCS,LAA,AL,1,0,3,0,0,0,0,11,5,1,1,2,2,0.333,2.45,0.0,0.0,0.0,0.0,17.0,0.0,1,0.0,0.0,0.0
kazmisc01,2009,ALCS,LAA,AL,0,1,2,1,0,0,0,14,6,4,0,5,3,0.333,7.71,0.0,1.0,0.0,0.0,26.0,0.0,5,2.0,1.0,0.0
lackejo01,2009,ALCS,LAA,AL,0,1,2,2,0,0,0,37,15,5,0,6,10,0.3,3.65,0.0,0.0,0.0,0.0,57.0,0.0,7,0.0,1.0,0.0
marteda01,2009,ALCS,NYA,AL,0,0,3,0,0,0,0,4,0,0,0,0,0,0.0,0.0,0.0,0.0,0.0,0.0,4.0,0.0,0,1.0,0.0,0.0
oliveda02,2009,ALCS,LAA,AL,0,0,5,0,0,0,0,19,6,3,0,4,6,0.261,4.26,2.0,0.0,0.0,0.0,27.0,0.0,3,0.0,0.0,2.0
palmema01,2009,ALCS,LAA,AL,0,0,2,0,0,0,0,8,5,4,1,1,2,0.385,13.5,0.0,0.0,0.0,0.0,14.0,2.0,4,0.0,0.0,0.0
pettian01,2009,ALCS,NYA,AL,1,0,2,2,0,0,0,38,14,4,2,2,8,0.298,2.84,0.0,0.0,0.0,0.0,49.0,0.0,4,0.0,0.0,3.0
riverma01,2009,ALCS,NYA,AL,0,0,5,0,0,0,2,21,3,1,0,2,4,0.125,1.29,1.0,0.0,0.0,0.0,27.0,3.0,1,1.0,0.0,0.0
roberda08,2009,ALCS,NYA,AL,1,0,2,0,0,0,0,6,1,0,0,2,1,0.143,0.0,2.0,0.0,0.0,0.0,10.0,1.0,0,1.0,0.0,0.0
sabatcc01,2009,ALCS,NYA,AL,2,0,2,2,0,0,0,48,9,2,1,3,12,0.161,1.12,0.0,0.0,0.0,0.0,59.0,0.0,2,0.0,0.0,1.0
santaer01,2009,ALCS,LAA,AL,1,1,4,0,0,0,0,17,5,1,0,4,5,0.25,1.59,1.0,0.0,1.0,0.0,26.0,2.0,3,1.0,0.0,1.0
saundjo01,2009,ALCS,LAA,AL,0,1,2,2,0,0,0,31,13,5,1,6,5,0.317,4.35,0.0,0.0,0.0,0.0,48.0,0.0,5,1.0,0.0,3.0
weaveje02,2009,ALCS,LAA,AL,0,0,3,1,0,0,0,19,5,3,3,4,7,0.208,4.26,0.0,0.0,0.0,0.0,28.0,1.0,3,0.0,0.0,0.0
aceveal01,2009,ALDS1,NYA,AL,0,0,1,0,0,0,0,3,1,0,0,1,1,0.25,0.0,0.0,0.0,0.0,0.0,5.0,0.0,0,0.0,0.0,0.0
blackni01,2009,ALDS1,MIN,AL,0,0,1,1,0,0,0,17,3,1,0,2,3,0.15,1.59,0.0,0.0,0.0,0.0,22.0,0.0,1,0.0,0.0,0.0
burneaj01,2009,ALDS1,NYA,AL,0,0,1,1,0,0,0,18,3,1,0,5,6,0.15,1.5,0.0,0.0,2.0,0.0,27.0,0.0,1,0.0,0.0,0.0
chambjo03,2009,ALDS1,NYA,AL,0,0,3,0,0,0,0,5,2,0,0,0,1,0.286,0.0,0.0,0.0,0.0,0.0,7.0,0.0,0,0.0,0.0,0.0
cokeph01,2009,ALDS1,NYA,AL,0,0,2,0,0,0,0,2,0,0,0,0,1,0.0,0.0,0.0,0.0,0.0,0.0,2.0,0.0,0,0.0,0.0,0.0
duensbr01,2009,ALDS1,MIN,AL,0,1,1,1,0,0,0,14,7,5,1,1,3,0.333,9.64,0.0,1.0,0.0,0.0,22.0,0.0,5,0.0,0.0,0.0
guerrma02,2009,ALDS1,MIN,AL,0,0,2,0,0,0,0,6,0,0,0,0,2,0.0,0.0,0.0,0.0,0.0,0.0,6.0,0.0,0,0.0,0.0,0.0
hugheph01,2009,ALDS1,NYA,AL,0,0,3,0,0,0,0,6,5,2,0,1,3,0.5,9.0,0.0,0.0,0.0,0.0,11.0,0.0,2,0.0,0.0,0.0
liriafr01,2009,ALDS1,MIN,AL,0,0,1,0,0,0,0,6,1,1,1,1,1,0.143,4.5,0.0,0.0,0.0,0.0,8.0,0.0,2,0.0,0.0,1.0
mahayro01,2009,ALDS1,MIN,AL,0,0,3,0,0,0,0,5,0,1,0,1,2,0.0,5.4,0.0,0.0,0.0,0.0,6.0,1.0,1,0.0,0.0,0.0
marteda01,2009,ALDS1,NYA,AL,0,0,1,0,0,0,0,0,2,0,0,0,0,1.0,,0.0,0.0,0.0,0.0,2.0,0.0,0,0.0,0.0,0.0
mijarjo01,2009,ALDS1,MIN,AL,0,1,2,0,0,0,0,2,1,1,1,1,0,0.5,13.5,0.0,0.0,0.0,0.0,3.0,1.0,1,0.0,0.0,0.0
nathajo01,2009,ALDS1,MIN,AL,0,0,2,0,0,0,0,6,5,2,1,1,2,0.455,9.0,1.0,0.0,0.0,0.0,12.0,1.0,2,0.0,0.0,0.0
pavanca01,2009,ALDS1,MIN,AL,0,1,1,1,0,0,0,21,5,2,2,0,9,0.2,2.57,0.0,0.0,0.0,0.0,25.0,0.0,2,0.0,0.0,1.0
pettian01,2009,ALDS1,NYA,AL,1,0,1,1,0,0,0,19,3,1,0,1,7,0.136,1.42,0.0,0.0,0.0,0.0,23.0,0.0,1,0.0,0.0,0.0
rauchjo01,2009,ALDS1,MIN,AL,0,0,3,0,0,0,0,4,1,1,0,2,0,0.2,6.75,0.0,0.0,0.0,0.0,7.0,0.0,1,0.0,0.0,0.0
riverma01,2009,ALDS1,NYA,AL,0,0,3,0,0,0,1,11,4,0,0,1,7,0.267,0.0,0.0,0.0,0.0,0.0,16.0,2.0,0,0.0,0.0,0.0
roberda08,2009,ALDS1,NYA,AL,1,0,1,0,0,0,0,3,1,0,0,0,0,0.25,0.0,0.0,0.0,0.0,0.0,4.0,1.0,0,0.0,0.0,0.0
sabatcc01,2009,ALDS1,NYA,AL,1,0,1,1,0,0,0,20,8,1,0,0,8,0.296,1.35,0.0,1.0,1.0,0.0,28.0,0.0,2,0.0,0.0,1.0
bardda01,2009,ALDS2,BOS,AL,0,0,2,0,0,0,0,9,0,0,0,0,4,0.0,0.0,0.0,0.0,0.0,0.0,8.0,1.0,0,0.0,0.0,1.0
beckejo02,2009,ALDS2,BOS,AL,0,1,1,1,0,0,0,20,5,4,0,1,3,0.208,5.4,0.0,0.0,1.0,0.0,27.0,0.0,4,0.0,1.0,0.0
buchhcl01,2009,ALDS2,BOS,AL,0,0,1,1,0,0,0,15,6,2,1,1,3,0.286,3.6,0.0,0.0,1.0,1.0,23.0,0.0,2,0.0,0.0,0.0
bulgeja01,2009,ALDS2,LAA,AL,0,0,1,0,0,0,0,3,0,0,0,1,1,0.0,0.0,0.0,0.0,0.0,0.0,4.0,0.0,0,0.0,0.0,0.0
fuentbr01,2009,ALDS2,LAA,AL,0,0,2,0,0,0,2,5,0,0,0,1,0,0.0,0.0,0.0,0.0,0.0,0.0,6.0,2.0,0,0.0,0.0,0.0
jepseke01,2009,ALDS2,LAA,AL,0,0,2,0,0,0,0,4,3,1,0,0,1,0.429,6.75,0.0,0.0,0.0,0.0,7.0,0.0,1,0.0,0.0,0.0
kazmisc01,2009,ALDS2,LAA,AL,0,0,1,1,0,0,0,18,5,5,1,3,1,0.217,7.5,0.0,0.0,0.0,0.0,26.0,0.0,5,0.0,0.0,0.0
lackejo01,2009,ALDS2,LAA,AL,1,0,1,1,0,0,0,22,4,0,0,1,4,0.16,0.0,0.0,1.0,0.0,0.0,27.0,0.0,0,0.0,0.0,1.0
lestejo01,2009,ALDS2,BOS,AL,0,1,1,1,0,0,0,18,4,3,1,4,5,0.182,4.5,0.0,0.0,0.0,0.0,28.0,0.0,3,2.0,0.0,0.0
okajihi01,2009,ALDS2,BOS,AL,0,0,1,0,0,0,0,1,0,0,0,0,0,0.0,0.0,0.0,0.0,0.0,0.0,1.0,1.0,0,0.0,0.0,0.0
oliveda02,2009,ALDS2,LAA,AL,1,0,3,0,0,0,0,7,1,0,0,0,2,0.125,0.0,0.0,0.0,0.0,0.0,8.0,1.0,0,0.0,0.0,0.0
papeljo01,2009,ALDS2,BOS,AL,0,1,2,0,0,0,0,6,4,3,0,2,1,0.5,13.5,1.0,0.0,0.0,0.0,10.0,1.0,3,0.0,0.0,0.0
ramirra02,2009,ALDS2,BOS,AL,0,0,1,0,0,0,0,0,1,2,0,1,0,1.0,,0.0,0.0,1.0,0.0,3.0,0.0,2,0.0,0.0,0.0
saitota01,2009,ALDS2,BOS,AL,0,0,1,0,0,0,0,3,2,0,0,0,0,0.667,0.0,0.0,0.0,0.0,0.0,3.0,0.0,0,0.0,0.0,1.0
wagnebi02,2009,ALDS2,BOS,AL,0,0,2,0,0,0,0,3,2,2,0,1,2,0.4,18.0,0.0,0.0,0.0,0.0,6.0,0.0,2,0.0,0.0,0.0
weaveje02,2009,ALDS2,LAA,AL,1,0,1,1,0,0,0,22,2,1,0,2,7,0.083,1.23,0.0,0.0,0.0,0.0,26.0,0.0,1,0.0,0.0,0.0
bastaan01,2009,NLCS,PHI,NL,0,0,1,0,0,0,0,0,1,0,0,0,0,1.0,,0.0,0.0,0.0,0.0,1.0,0.0,0,0.0,0.0,0.0
belisro01,2009,NLCS,LAN,NL,0,0,4,0,0,0,0,10,5,4,1,1,0,0.333,10.8,0.0,1.0,0.0,0.0,16.0,2.0,4,0.0,0.0,0.0
billich01,2009,NLCS,LAN,NL,0,0,1,0,0,0,0,10,2,2,0,2,3,0.167,5.4,0.0,0.0,0.0,0.0,14.0,0.0,2,0.0,0.0,0.0
blantjo01,2009,NLCS,PHI,NL,0,0,1,1,0,0,0,18,6,3,1,2,2,0.24,4.5,0.0,0.0,0.0,0.0,27.0,0.0,4,0.0,0.0,0.0
broxtjo01,2009,NLCS,LAN,NL,0,1,3,0,0,0,1,9,2,2,0,1,1,0.182,6.0,0.0,0.0,1.0,0.0,13.0,3.0,2,0.0,0.0,0.0
durbich01,2009,NLCS,PHI,NL,1,0,4,0,0,0,0,9,0,0,0,0,1,0.0,0.0,0.0,0.0,0.0,0.0,9.0,2.0,0,0.0,0.0,0.0
elbersc01,2009,NLCS,LAN,NL,0,0,1,0,0,0,0,1,0,0,0,2,0,0.0,0.0,0.0,1.0,0.0,0.0,3.0,0.0,0,0.0,0.0,0.0
eyresc01,2009,NLCS,PHI,NL,0,0,2,0,0,0,0,1,2,0,0,0,0,0.667,0.0,0.0,0.0,0.0,0.0,3.0,0.0,0,0.0,0.0,0.0
hamelco01,2009,NLCS,PHI,NL,1,0,2,2,0,0,0,29,13,7,5,2,7,0.31,6.52,0.0,0.0,0.0,0.0,44.0,0.0,7,0.0,0.0,0.0
happja01,2009,NLCS,PHI,NL,0,0,3,0,0,0,0,2,0,0,0,3,0,0.0,0.0,0.0,0.0,0.0,0.0,5.0,0.0,0,0.0,0.0,0.0
kershcl01,2009,NLCS,LAN,NL,0,1,2,1,0,0,0,20,5,7,2,6,6,0.217,9.45,0.0,3.0,1.0,0.0,31.0,0.0,7,1.0,0.0,0.0
kuoho01,2009,NLCS,LAN,NL,1,0,4,0,0,0,0,12,2,1,1,0,6,0.154,2.25,0.0,0.0,0.0,0.0,13.0,0.0,1,0.0,0.0,1.0
kurodhi01,2009,NLCS,LAN,NL,0,1,1,1,0,0,0,4,6,6,1,0,1,0.667,40.5,0.0,0.0,0.0,0.0,10.0,0.0,6,1.0,0.0,0.0
leecl02,2009,NLCS,PHI,NL,1,0,1,1,0,0,0,24,3,0,0,0,10,0.115,0.0,0.0,0.0,0.0,0.0,26.0,0.0,0,0.0,0.0,1.0
lidgebr01,2009,NLCS,PHI,NL,1,0,3,0,0,0,1,8,1,0,0,1,3,0.125,0.0,0.0,1.0,0.0,0.0,9.0,3.0,0,0.0,0.0,1.0
madsory01,2009,NLCS,PHI,NL,0,0,4,0,0,0,0,10,6,2,0,3,4,0.4,5.4,0.0,0.0,0.0,0.0,19.0,0.0,2,0.0,1.0,0.0
martipe02,2009,NLCS,PHI,NL,0,0,1,1,0,0,0,21,2,0,0,0,3,0.1,0.0,0.0,0.0,1.0,0.0,23.0,0.0,0,2.0,0.0,0.0
padilvi01,2009,NLCS,LAN,NL,0,1,2,2,0,0,0,31,8,7,3,3,9,0.211,6.1,0.0,0.0,0.0,0.0,41.0,0.0,7,0.0,0.0,1.0
parkch01,2009,NLCS,PHI,NL,0,1,4,0,0,0,0,10,4,3,0,1,3,0.308,8.1,0.0,0.0,0.0,0.0,14.0,0.0,3,0.0,0.0,0.0
sherrge01,2009,NLCS,LAN,NL,0,0,3,0,0,0,0,6,2,3,1,3,2,0.286,13.5,0.0,1.0,2.0,0.0,12.0,0.0,3,0.0,0.0,0.0
troncra01,2009,NLCS,LAN,NL,0,0,3,0,0,0,0,9,0,0,0,3,3,0.0,0.0,0.0,0.0,1.0,0.0,12.0,0.0,0,1.0,0.0,1.0
wolfra02,2009,NLCS,LAN,NL,0,0,1,1,0,0,0,16,4,3,1,2,2,0.2,5.06,0.0,0.0,0.0,0.0,22.0,0.0,3,0.0,0.0,0.0
belisro01,2009,NLDS1,LAN,NL,0,0,2,0,0,0,0,4,0,0,0,0,0,0.0,0.0,0.0,0.0,0.0,0.0,4.0,0.0,0,0.0,0.0,0.0
boggsmi01,2009,NLDS1,SLN,NL,0,0,1,0,0,0,0,3,0,0,0,2,1,0.0,0.0,0.0,0.0,0.0,0.0,5.0,1.0,0,0.0,0.0,0.0
broxtjo01,2009,NLDS1,LAN,NL,0,0,3,0,0,0,1,11,4,1,0,0,4,0.267,2.45,0.0,0.0,0.0,0.0,15.0,2.0,1,0.0,0.0,0.0
carpech01,2009,NLDS1,SLN,NL,0,1,1,1,0,0,0,15,9,4,1,4,3,0.409,7.2,0.0,0.0,1.0,0.0,29.0,0.0,4,1.0,1.0,0.0
frankry01,2009,NLDS1,SLN,NL,0,1,2,0,0,0,0,4,3,0,0,2,1,0.375,0.0,0.0,0.0,0.0,0.0,10.0,2.0,2,0.0,0.0,0.0
hawksbl01,2009,NLDS1,SLN,NL,0,0,1,0,0,0,0,3,1,0,0,1,1,0.333,0.0,0.0,0.0,0.0,0.0,4.0,0.0,0,0.0,0.0,1.0
kershcl01,2009,NLDS1,LAN,NL,0,0,1,1,0,0,0,20,9,2,1,1,4,0.346,2.7,1.0,1.0,0.0,0.0,28.0,0.0,2,1.0,0.0,1.0
kuoho01,2009,NLDS1,LAN,NL,0,0,1,0,0,0,0,3,2,0,0,0,2,0.4,0.0,0.0,0.0,0.0,0.0,5.0,0.0,0,0.0,0.0,0.0
mccleky01,2009,NLDS1,SLN,NL,0,0,1,0,0,0,0,2,1,0,0,1,0,0.333,0.0,0.0,0.0,1.0,0.0,5.0,0.0,0,0.0,0.0,0.0
milletr02,2009,NLDS1,SLN,NL,0,0,2,0,0,0,0,2,0,0,0,0,1,0.0,0.0,0.0,0.0,0.0,0.0,2.0,0.0,0,0.0,0.0,0.0
motteja01,2009,NLDS1,SLN,NL,0,0,1,0,0,0,0,3,0,0,0,0,0,0.0,0.0,0.0,0.0,0.0,0.0,3.0,0.0,0,0.0,0.0,0.0
padilvi01,2009,NLDS1,LAN,NL,1,0,1,1,0,0,0,21,4,0,0,1,4,0.16,0.0,0.0,0.0,0.0,0.0,26.0,0.0,0,0.0,0.0,0.0
pineijo01,2009,NLDS1,SLN,NL,0,1,1,1,0,0,0,12,7,4,1,0,3,0.35,9.0,0.0,0.0,0.0,0.0,20.0,0.0,4,0.0,0.0,0.0
reyesde01,2009,NLDS1,SLN,NL,0,0,2,0,0,0,0,3,1,1,0,0,2,0.25,9.0,0.0,0.0,0.0,0.0,4.0,0.0,1,0.0,0.0,0.0
sherrge01,2009,NLDS1,LAN,NL,1,0,3,0,0,0,0,7,1,1,0,1,0,0.125,3.86,0.0,0.0,1.0,0.0,10.0,1.0,1,0.0,0.0,0.0
smoltjo01,2009,NLDS1,SLN,NL,0,0,1,0,0,0,0,6,4,1,0,0,5,0.4,4.5,0.0,0.0,0.0,0.0,10.0,0.0,1,0.0,0.0,0.0
wainwad01,2009,NLDS1,SLN,NL,0,0,1,1,0,0,0,24,3,1,1,1,7,0.111,1.12,0.0,0.0,1.0,0.0,29.0,0.0,1,0.0,0.0,0.0
weaveje01,2009,NLDS1,LAN,NL,1,0,1,0,0,0,0,4,1,0,0,0,1,0.2,0.0,0.0,0.0,0.0,0.0,5.0,0.0,0,0.0,0.0,0.0
wolfra02,2009,NLDS1,LAN,NL,0,0,1,1,0,0,0,11,6,2,0,5,2,0.4,4.91,2.0,0.0,1.0,0.0,22.0,0.0,2,1.0,0.0,1.0
bastaan01,2009,NLDS2,PHI,NL,0,0,1,0,0,0,0,1,0,0,0,0,1,0.0,0.0,0.0,0.0,0.0,0.0,1.0,0.0,0,0.0,0.0,0.0
beimejo01,2009,NLDS2,COL,NL,0,0,3,0,0,0,0,2,1,0,0,0,0,0.333,0.0,0.0,0.0,0.0,0.0,3.0,1.0,0,0.0,0.0,0.0
belisma01,2009,NLDS2,COL,NL,0,0,2,0,0,0,0,6,0,0,0,1,2,0.0,0.0,0.0,0.0,0.0,0.0,7.0,0.0,0,0.0,0.0,0.0
betanra01,2009,NLDS2,COL,NL,0,0,3,0,0,0,0,7,2,1,1,1,3,0.222,3.86,0.0,0.0,0.0,0.0,10.0,0.0,1,0.0,0.0,0.0
blantjo01,2009,NLDS2,PHI,NL,0,0,2,0,0,0,0,11,4,2,1,0,1,0.286,4.91,0.0,0.0,0.0,0.0,15.0,0.0,2,1.0,0.0,1.0
contrjo01,2009,NLDS2,COL,NL,0,0,2,0,0,0,0,6,3,1,0,2,3,0.375,4.5,0.0,0.0,0.0,0.0,10.0,0.0,1,0.0,0.0,1.0
cookaa01,2009,NLDS2,COL,NL,1,0,1,1,0,0,0,15,7,3,0,2,4,0.35,5.4,0.0,0.0,0.0,0.0,22.0,0.0,3,0.0,0.0,2.0
daleyma01,2009,NLDS2,COL,NL,0,0,1,0,0,0,0,3,1,0,0,1,0,0.333,0.0,0.0,1.0,0.0,0.0,5.0,0.0,0,1.0,0.0,0.0
durbich01,2009,NLDS2,PHI,NL,1,0,1,0,0,0,0,3,0,0,0,0,0,0.0,0.0,0.0,0.0,0.0,0.0,3.0,0.0,0,0.0,0.0,0.0
eyresc01,2009,NLDS2,PHI,NL,0,0,3,0,0,0,0,6,4,1,0,0,1,0.444,4.5,0.0,0.0,0.0,0.0,10.0,0.0,1,0.0,1.0,0.0
hamelco01,2009,NLDS2,PHI,NL,0,1,1,1,0,0,0,15,7,4,1,0,5,0.368,7.2,0.0,0.0,0.0,0.0,21.0,0.0,4,1.0,1.0,1.0
hammeja01,2009,NLDS2,COL,NL,0,0,1,1,0,0,0,11,4,4,1,3,5,0.286,9.82,0.0,0.0,0.0,0.0,17.0,0.0,4,0.0,0.0,1.0
happja01,2009,NLDS2,PHI,NL,0,0,2,1,0,0,0,9,6,3,0,2,4,0.4,9.0,0.0,0.0,0.0,0.0,17.0,0.0,3,0.0,0.0,0.0
jimenub01,2009,NLDS2,COL,NL,0,1,2,2,0,0,0,36,15,7,2,3,11,0.306,5.25,1.0,0.0,0.0,0.0,52.0,0.0,7,0.0,0.0,1.0
leecl02,2009,NLDS2,PHI,NL,1,0,2,2,1,0,0,49,11,2,0,3,10,0.186,1.1,0.0,2.0,0.0,0.0,62.0,0.0,4,0.0,0.0,1.0
lidgebr01,2009,NLDS2,PHI,NL,0,0,2,0,0,0,2,4,0,0,0,2,1,0.0,0.0,0.0,0.0,0.0,0.0,6.0,2.0,0,0.0,0.0,0.0
madsory01,2009,NLDS2,PHI,NL,1,0,3,0,0,0,0,8,2,1,0,1,4,0.222,3.38,1.0,1.0,0.0,0.0,11.0,1.0,1,0.0,1.0,0.0
marquja01,2009,NLDS2,COL,NL,0,0,1,0,0,0,0,3,1,0,0,0,0,0.25,0.0,0.0,0.0,0.0,0.0,4.0,1.0,0,0.0,0.0,0.0
moralfr01,2009,NLDS2,COL,NL,0,0,4,0,0,0,0,8,0,0,0,3,1,0.0,0.0,1.0,0.0,0.0,0.0,10.0,0.0,0,0.0,0.0,0.0
myersbr01,2009,NLDS2,PHI,NL,0,0,1,0,0,0,0,2,0,0,0,2,0,0.0,0.0,1.0,0.0,1.0,0.0,5.0,0.0,0,1.0,0.0,0.0
streehu01,2009,NLDS2,COL,NL,0,2,3,0,0,0,1,8,6,4,0,3,1,0.5,13.5,0.0,0.0,0.0,0.0,17.0,2.0,4,1.0,1.0,0.0
aceveal01,2009,WS,NYA,AL,0,0,1,0,0,0,0,6,1,0,0,0,1,0.143,0.0,0.0,1.0,0.0,0.0,7.0,0.0,0,0.0,0.0,0.0
blantjo01,2009,WS,PHI,NL,0,0,1,1,0,0,0,18,5,4,0,2,7,0.227,6.0,0.0,0.0,1.0,0.0,26.0,0.0,4,0.0,1.0,0.0
brunebr01,2009,WS,NYA,AL,0,0,1,0,0,0,0,1,3,2,0,0,0,0.75,54.0,0.0,0.0,0.0,0.0,4.0,0.0,2,0.0,0.0,0.0
burneaj01,2009,WS,NYA,AL,1,1,2,2,0,0,0,27,8,7,1,6,11,0.235,7.0,1.0,0.0,1.0,0.0,41.0,0.0,7,0.0,0.0,0.0
chambjo03,2009,WS,NYA,AL,1,0,3,0,0,0,0,9,2,1,1,1,4,0.182,3.0,0.0,0.0,0.0,0.0,12.0,0.0,1,0.0,0.0,0.0
cokeph01,2009,WS,NYA,AL,0,0,2,0,0,0,0,4,3,2,2,0,1,0.5,13.5,0.0,0.0,0.0,0.0,6.0,1.0,2,0.0,0.0,0.0
durbich01,2009,WS,PHI,NL,0,0,2,0,0,0,0,4,3,4,0,2,2,0.5,27.0,0.0,0.0,1.0,0.0,10.0,0.0,4,1.0,0.0,0.0
eyresc01,2009,WS,PHI,NL,0,0,2,0,0,0,0,6,0,0,0,1,2,0.0,0.0,1.0,0.0,0.0,0.0,6.0,0.0,0,0.0,0.0,0.0
hamelco01,2009,WS,PHI,NL,0,1,1,1,0,0,0,13,5,5,1,2,3,0.278,10.38,0.0,0.0,1.0,0.0,21.0,0.0,5,0.0,0.0,0.0
happja01,2009,WS,PHI,NL,0,0,2,0,0,0,0,8,2,1,1,1,4,0.2,3.38,0.0,0.0,0.0,0.0,11.0,0.0,1,0.0,0.0,0.0
hugheph01,2009,WS,NYA,AL,0,0,3,0,0,0,0,5,2,3,1,2,1,0.333,16.2,0.0,0.0,0.0,0.0,8.0,1.0,3,0.0,0.0,1.0
leecl02,2009,WS,PHI,NL,2,0,2,2,1,0,0,48,13,5,0,3,13,0.217,2.81,0.0,0.0,0.0,0.0,63.0,0.0,6,0.0,0.0,0.0
lidgebr01,2009,WS,PHI,NL,0,1,1,0,0,0,0,3,3,3,0,0,1,0.6,27.0,0.0,0.0,1.0,0.0,6.0,1.0,3,0.0,0.0,0.0
madsory01,2009,WS,PHI,NL,0,0,5,0,0,0,1,13,6,1,0,2,6,0.333,2.08,0.0,0.0,1.0,0.0,21.0,4.0,1,0.0,0.0,1.0
marteda01,2009,WS,NYA,AL,0,0,4,0,0,0,0,8,0,0,0,0,5,0.0,0.0,0.0,0.0,0.0,0.0,8.0,0.0,0,0.0,0.0,0.0
martipe02,2009,WS,PHI,NL,0,2,2,2,0,0,0,30,9,7,3,4,13,0.231,6.3,0.0,0.0,1.0,0.0,44.0,0.0,7,0.0,0.0,0.0
myersbr01,2009,WS,PHI,NL,0,0,1,0,0,0,0,3,1,1,1,0,2,0.25,9.0,0.0,0.0,0.0,0.0,4.0,0.0,1,0.0,0.0,0.0
parkch01,2009,WS,PHI,NL,0,0,4,0,0,0,0,10,2,0,0,1,3,0.182,0.0,0.0,0.0,0.0,0.0,13.0,0.0,0,0.0,1.0,0.0
pettian01,2009,WS,NYA,AL,2,0,2,2,0,0,0,35,9,7,3,8,10,0.225,5.4,0.0,1.0,0.0,0.0,51.0,0.0,7,1.0,2.0,2.0
riverma01,2009,WS,NYA,AL,0,0,4,0,0,0,2,16,3,0,0,2,3,0.167,0.0,0.0,0.0,0.0,0.0,20.0,4.0,0,0.0,0.0,1.0
roberda08,2009,WS,NYA,AL,0,0,2,0,0,0,0,7,2,0,0,1,2,0.222,0.0,0.0,0.0,0.0,0.0,10.0,0.0,0,0.0,0.0,0.0
sabatcc01,2009,WS,NYA,AL,0,1,2,2,0,0,0,41,11,5,3,6,12,0.216,3.29,2.0,0.0,0.0,0.0,57.0,0.0,5,0.0,0.0,1.0
burneaj01,2010,ALCS,NYA,AL,0,1,1,1,0,0,0,18,6,5,1,3,4,0.273,7.5,1.0,1.0,1.0,0.0,27.0,0.0,5,1.0,0.0,1.0
chambjo03,2010,ALCS,NYA,AL,0,0,3,0,0,0,0,10,4,1,0,2,3,0.286,2.7,0.0,0.0,0.0,0.0,16.0,0.0,1,0.0,0.0,0.0
felizne01,2010,ALCS,TEX,AL,0,0,3,0,0,0,0,9,0,0,0,2,5,0.0,0.0,0.0,0.0,0.0,0.0,11.0,3.0,0,0.0,0.0,0.0
hollade01,2010,ALCS,TEX,AL,1,0,2,0,0,0,0,17,3,0,0,2,4,0.158,0.0,0.0,0.0,0.0,0.0,21.0,1.0,0,0.0,0.0,1.0
hugheph01,2010,ALCS,NYA,AL,0,2,2,2,0,0,0,26,14,11,1,7,6,0.368,11.42,3.0,2.0,0.0,0.0,46.0,0.0,11,1.0,0.0,0.0
hunteto02,2010,ALCS,TEX,AL,0,0,1,1,0,0,0,10,5,3,1,0,5,0.333,8.1,0.0,0.0,1.0,1.0,16.0,0.0,3,0.0,0.0,0.0
kirkmmi01,2010,ALCS,TEX,AL,0,0,1,0,0,0,0,6,1,0,0,2,1,0.2,0.0,0.0,0.0,0.0,0.0,8.0,0.0,0,1.0,0.0,1.0
leecl02,2010,ALCS,TEX,AL,1,0,1,1,0,0,0,24,2,0,0,1,13,0.077,0.0,0.0,0.0,0.0,0.0,27.0,0.0,0,0.0,0.0,0.0
lewisco01,2010,ALCS,TEX,AL,2,0,2,2,0,0,0,41,9,3,1,6,13,0.191,1.98,0.0,2.0,1.0,0.0,54.0,0.0,3,0.0,0.0,1.0
loganbo02,2010,ALCS,NYA,AL,0,0,3,0,0,0,0,2,2,2,1,1,1,0.5,27.0,0.0,0.0,0.0,0.0,5.0,0.0,2,0.0,0.0,0.0
mitrese01,2010,ALCS,NYA,AL,0,0,3,0,0,0,0,8,3,3,2,3,1,0.333,10.12,1.0,1.0,0.0,0.0,12.0,3.0,3,0.0,0.0,2.0
moseldu01,2010,ALCS,NYA,AL,1,0,1,0,0,0,0,6,0,0,0,0,4,0.0,0.0,0.0,0.0,0.0,0.0,7.0,0.0,0,0.0,0.0,0.0
odayda01,2010,ALCS,TEX,AL,0,1,3,0,0,0,0,2,1,1,0,1,1,0.333,13.5,0.0,0.0,0.0,0.0,4.0,0.0,1,0.0,0.0,0.0
ogandal01,2010,ALCS,TEX,AL,0,0,2,0,0,0,0,6,3,1,1,1,2,0.333,4.5,0.0,0.0,0.0,0.0,10.0,1.0,1,0.0,0.0,0.0
oliveda02,2010,ALCS,TEX,AL,0,0,3,0,0,0,1,7,1,2,0,3,1,0.125,7.71,0.0,0.0,0.0,0.0,11.0,1.0,2,0.0,0.0,0.0
pettian01,2010,ALCS,NYA,AL,0,1,1,1,0,0,0,21,5,2,1,0,5,0.192,2.57,0.0,0.0,0.0,0.0,26.0,0.0,2,0.0,0.0,0.0
rapadcl01,2010,ALCS,TEX,AL,0,0,3,0,0,0,0,1,1,0,0,1,1,0.5,0.0,0.0,0.0,0.0,0.0,3.0,0.0,0,0.0,0.0,0.0
riverma01,2010,ALCS,NYA,AL,0,0,3,0,0,0,1,9,2,0,0,0,1,0.2,0.0,0.0,0.0,0.0,0.0,11.0,3.0,0,1.0,0.0,0.0
roberda08,2010,ALCS,NYA,AL,0,0,4,0,0,0,0,8,8,6,1,1,4,0.5,20.25,1.0,1.0,0.0,0.0,17.0,0.0,6,0.0,0.0,0.0
sabatcc01,2010,ALCS,NYA,AL,1,0,2,2,0,0,0,30,17,7,2,4,10,0.386,6.3,0.0,1.0,0.0,1.0,48.0,0.0,7,0.0,0.0,2.0
wilsocj01,2010,ALCS,TEX,AL,0,1,2,2,0,0,0,36,12,8,3,6,6,0.261,6.0,1.0,0.0,0.0,0.0,53.0,0.0,9,0.0,1.0,1.0
woodke02,2010,ALCS,NYA,AL,0,0,4,0,0,0,0,18,2,1,0,3,4,0.118,1.5,2.0,1.0,0.0,0.0,21.0,0.0,1,0.0,1.0,0.0
balfogr01,2010,ALDS1,TBA,AL,0,0,3,0,0,0,0,11,2,0,0,0,1,0.167,0.0,0.0,0.0,0.0,0.0,12.0,1.0,0,0.0,0.0,1.0
benoijo01,2010,ALDS1,TBA,AL,1,0,3,0,0,0,0,11,0,0,0,0,3,0.0,0.0,0.0,0.0,0.0,0.0,11.0,0.0,0,0.0,0.0,1.0
choatra01,2010,ALDS1,TBA,AL,0,0,3,0,0,0,0,3,0,0,0,0,0,0.0,0.0,0.0,0.0,0.0,0.0,3.0,0.0,0,0.0,0.0,0.0
daviswa01,2010,ALDS1,TBA,AL,1,0,1,1,0,0,0,15,7,2,1,3,7,0.333,3.6,0.0,0.0,0.0,0.0,24.0,0.0,2,0.0,0.0,1.0
felizne01,2010,ALDS1,TEX,AL,0,0,2,0,0,0,0,4,2,1,1,3,2,0.333,6.75,0.0,0.0,0.0,0.0,9.0,1.0,1,0.0,0.0,0.0
garzama01,2010,ALDS1,TBA,AL,0,0,1,1,0,0,0,18,5,1,1,2,4,0.227,1.5,0.0,0.0,0.0,0.0,24.0,0.0,2,0.0,0.0,1.0
hollade01,2010,ALDS1,TEX,AL,0,0,2,0,0,0,0,14,6,3,1,1,4,0.333,5.79,0.0,0.0,0.0,0.0,19.0,0.0,3,0.0,0.0,1.0
hunteto02,2010,ALDS1,TEX,AL,0,1,1,1,0,0,0,12,6,2,0,0,7,0.333,4.5,0.0,0.0,0.0,0.0,18.0,0.0,3,0.0,0.0,1.0
leecl02,2010,ALDS1,TEX,AL,2,0,2,2,1,0,0,48,11,2,1,0,21,0.183,1.12,0.0,0.0,0.0,0.0,60.0,0.0,2,0.0,0.0,0.0
lewisco01,2010,ALDS1,TEX,AL,0,0,1,1,0,0,0,15,2,0,0,5,5,0.118,0.0,0.0,0.0,0.0,0.0,22.0,0.0,0,0.0,0.0,0.0
niemaje01,2010,ALDS1,TBA,AL,0,0,1,0,0,0,0,9,1,0,0,1,4,0.125,0.0,0.0,0.0,0.0,0.0,9.0,1.0,0,0.0,0.0,1.0
nippedu01,2010,ALDS1,TEX,AL,0,0,1,0,0,0,0,3,2,2,1,0,0,0.4,18.0,0.0,0.0,0.0,0.0,5.0,1.0,2,0.0,0.0,0.0
odayda01,2010,ALDS1,TEX,AL,0,0,4,0,0,0,0,6,2,0,0,0,4,0.25,0.0,0.0,0.0,0.0,0.0,8.0,1.0,0,0.0,0.0,0.0
ogandal01,2010,ALDS1,TEX,AL,0,0,1,0,0,0,0,1,1,0,0,0,0,0.5,0.0,0.0,0.0,0.0,0.0,2.0,0.0,0,0.0,0.0,0.0
oliveda02,2010,ALDS1,TEX,AL,0,1,3,0,0,0,0,13,3,2,0,1,5,0.188,4.15,0.0,0.0,0.0,0.0,17.0,1.0,2,0.0,0.0,0.0
priceda01,2010,ALDS1,TBA,AL,0,2,2,2,0,0,0,38,17,7,2,0,14,0.309,4.97,0.0,0.0,0.0,0.0,55.0,0.0,8,0.0,0.0,1.0
quallch01,2010,ALDS1,TBA,AL,0,0,2,0,0,0,0,5,4,2,1,0,0,0.444,10.8,0.0,0.0,0.0,0.0,9.0,0.0,2,0.0,0.0,0.0
shielja02,2010,ALDS1,TBA,AL,0,1,1,1,0,0,0,13,4,4,1,0,2,0.235,8.31,0.0,0.0,2.0,0.0,19.0,0.0,4,0.0,0.0,0.0
soriara01,2010,ALDS1,TBA,AL,0,0,3,0,0,0,1,9,4,3,2,0,1,0.308,9.0,0.0,0.0,0.0,0.0,13.0,3.0,3,0.0,0.0,0.0
wheelda01,2010,ALDS1,TBA,AL,0,0,1,0,0,0,0,3,0,0,0,0,2,0.0,0.0,0.0,0.0,0.0,0.0,3.0,0.0,0,0.0,0.0,0.0
wilsocj01,2010,ALDS1,TEX,AL,1,0,1,1,0,0,0,19,2,0,0,2,7,0.091,0.0,0.0,0.0,1.0,0.0,25.0,0.0,0,0.0,0.0,0.0
bakersc02,2010,ALDS2,MIN,AL,0,0,1,0,0,0,0,7,3,1,1,0,2,0.3,3.86,0.0,0.0,0.0,0.0,10.0,0.0,1,0.0,0.0,0.0
cappsma01,2010,ALDS2,MIN,AL,0,0,1,0,0,0,0,3,2,1,0,0,0,0.4,9.0,0.0,0.0,0.0,0.0,5.0,1.0,1,0.0,0.0,0.0
crainje01,2010,ALDS2,MIN,AL,0,1,1,0,0,0,0,1,3,2,1,0,0,0.75,54.0,0.0,0.0,0.0,0.0,4.0,0.0,2,0.0,0.0,0.0
duensbr01,2010,ALDS2,MIN,AL,0,1,1,1,0,0,0,10,7,5,1,1,1,0.438,13.5,0.0,0.0,0.0,0.0,17.0,0.0,5,0.0,0.0,1.0
fuentbr01,2010,ALDS2,MIN,AL,0,0,2,0,0,0,0,8,1,0,0,0,2,0.111,0.0,0.0,0.0,0.0,0.0,9.0,1.0,0,0.0,0.0,0.0
guerrma02,2010,ALDS2,MIN,AL,0,0,2,0,0,0,0,5,1,0,0,1,2,0.2,0.0,0.0,0.0,0.0,0.0,7.0,0.0,0,0.0,1.0,0.0
hugheph01,2010,ALDS2,NYA,AL,1,0,1,1,0,0,0,21,4,0,0,1,6,0.167,0.0,0.0,0.0,0.0,0.0,25.0,0.0,0,0.0,0.0,1.0
liriafr01,2010,ALDS2,MIN,AL,0,0,1,1,0,0,0,17,6,4,0,3,7,0.261,6.35,0.0,1.0,0.0,0.0,26.0,0.0,4,0.0,0.0,0.0
loganbo02,2010,ALDS2,NYA,AL,0,0,2,0,0,0,0,3,1,0,0,0,0,0.25,0.0,0.0,0.0,0.0,0.0,4.0,0.0,0,0.0,0.0,0.0
mijarjo01,2010,ALDS2,MIN,AL,0,0,3,0,0,0,0,4,0,0,0,1,0,0.0,0.0,1.0,0.0,0.0,0.0,4.0,0.0,0,1.0,0.0,1.0
pavanca01,2010,ALDS2,MIN,AL,0,1,1,1,0,0,0,18,10,4,1,1,3,0.385,6.0,0.0,0.0,0.0,0.0,28.0,0.0,4,0.0,1.0,1.0
pettian01,2010,ALDS2,NYA,AL,1,0,1,1,0,0,0,21,5,2,1,1,4,0.208,2.57,0.0,0.0,0.0,0.0,26.0,0.0,2,0.0,1.0,1.0
rauchjo01,2010,ALDS2,MIN,AL,0,0,2,0,0,0,0,5,0,0,0,0,1,0.0,0.0,0.0,0.0,0.0,0.0,5.0,1.0,0,0.0,0.0,0.0
riverma01,2010,ALDS2,NYA,AL,0,0,3,0,0,0,2,10,2,0,0,0,1,0.182,0.0,0.0,0.0,0.0,0.0,11.0,3.0,0,0.0,0.0,1.0
roberda08,2010,ALDS2,NYA,AL,0,0,2,0,0,0,0,2,0,0,0,1,1,0.0,0.0,0.0,0.0,0.0,0.0,3.0,0.0,0,0.0,0.0,0.0
sabatcc01,2010,ALDS2,NYA,AL,1,0,1,1,0,0,0,18,5,3,1,3,5,0.227,4.5,0.0,0.0,1.0,0.0,27.0,0.0,4,1.0,0.0,0.0
woodke02,2010,ALDS2,NYA,AL,0,0,3,0,0,0,0,6,4,1,0,2,3,0.4,4.5,0.0,0.0,0.0,0.0,12.0,0.0,1,0.0,0.0,0.0
affelje01,2010,NLCS,SFN,NL,0,0,3,0,0,0,0,8,0,1,0,1,4,0.0,3.38,1.0,0.0,0.0,0.0,9.0,1.0,1,0.0,0.0,0.0
bastaan01,2010,NLCS,PHI,NL,0,0,1,0,0,0,0,1,1,0,0,0,0,0.5,0.0,0.0,0.0,0.0,0.0,2.0,0.0,0,0.0,0.0,0.0
blantjo01,2010,NLCS,PHI,NL,0,0,1,1,0,0,0,14,5,3,0,1,3,0.263,5.79,0.0,2.0,1.0,0.0,21.0,0.0,3,0.0,0.0,0.0
bumgama01,2010,NLCS,SFN,NL,0,0,2,1,0,0,0,20,9,3,0,2,7,0.36,4.05,1.0,0.0,1.0,0.0,30.0,0.0,3,2.0,0.0,0.0
cainma01,2010,NLCS,SFN,NL,1,0,1,1,0,0,0,21,2,0,0,3,5,0.087,0.0,0.0,0.0,2.0,0.0,28.0,0.0,0,0.0,0.0,0.0
contrjo01,2010,NLCS,PHI,NL,0,0,3,0,0,0,0,9,1,0,0,0,3,0.1,0.0,0.0,0.0,0.0,0.0,10.0,1.0,0,0.0,0.0,0.0
durbich01,2010,NLCS,PHI,NL,0,0,1,0,0,0,0,3,2,2,0,2,1,0.4,18.0,0.0,0.0,0.0,0.0,7.0,0.0,2,0.0,0.0,0.0
garcija01,2010,NLCS,SFN,NL,0,0,2,0,0,0,0,5,2,1,0,1,2,0.286,5.4,1.0,1.0,1.0,0.0,9.0,0.0,1,0.0,0.0,0.0
hallaro01,2010,NLCS,PHI,NL,1,1,2,2,0,0,0,39,14,6,2,2,12,0.264,4.15,0.0,0.0,0.0,0.0,55.0,0.0,6,0.0,0.0,0.0
hamelco01,2010,NLCS,PHI,NL,0,1,1,1,0,0,0,18,4,2,0,1,8,0.182,3.0,0.0,0.0,0.0,0.0,24.0,0.0,3,1.0,0.0,0.0
lidgebr01,2010,NLCS,PHI,NL,0,0,3,0,0,0,1,9,3,0,0,2,5,0.25,0.0,1.0,0.0,1.0,0.0,15.0,3.0,0,0.0,0.0,0.0
linceti01,2010,NLCS,SFN,NL,1,1,3,2,0,0,0,43,12,5,2,4,16,0.226,3.14,0.0,0.0,1.0,0.0,59.0,0.0,6,1.0,0.0,1.0
lopezja02,2010,NLCS,SFN,NL,1,0,5,0,0,0,0,13,1,1,0,1,4,0.077,2.08,0.0,0.0,0.0,0.0,14.0,0.0,1,0.0,0.0,1.0
madsory01,2010,NLCS,PHI,NL,0,1,5,0,0,0,0,20,4,1,1,3,10,0.174,1.35,1.0,0.0,0.0,0.0,26.0,1.0,1,0.0,0.0,1.0
oswalro01,2010,NLCS,PHI,NL,1,1,3,2,0,0,0,44,14,3,1,3,14,0.259,1.84,0.0,0.0,1.0,0.0,60.0,1.0,4,1.0,1.0,2.0
ramirra02,2010,NLCS,SFN,NL,0,0,2,0,0,0,0,3,3,3,1,1,0,0.5,27.0,1.0,0.0,0.0,0.0,8.0,0.0,3,1.0,0.0,0.0
romerjc01,2010,NLCS,PHI,NL,0,0,1,0,0,0,0,1,0,0,0,0,0,0.0,0.0,0.0,0.0,0.0,0.0,1.0,0.0,0,0.0,0.0,0.0
romose01,2010,NLCS,SFN,NL,0,0,3,0,0,0,0,7,2,0,0,1,3,0.222,0.0,0.0,0.0,0.0,0.0,10.0,1.0,0,0.0,0.0,0.0
sanchjo01,2010,NLCS,SFN,NL,0,1,2,2,0,0,0,24,8,4,0,5,8,0.258,4.5,0.0,1.0,1.0,0.0,39.0,0.0,5,0.0,2.0,0.0
wilsobr01,2010,NLCS,SFN,NL,1,0,4,0,0,0,3,15,2,0,0,2,7,0.133,0.0,0.0,0.0,1.0,0.0,18.0,4.0,0,0.0,0.0,1.0
arroybr01,2010,NLDS1,CIN,NL,0,0,1,1,0,0,0,16,4,1,0,3,2,0.19,1.69,0.0,0.0,0.0,0.0,24.0,0.0,3,0.0,0.0,1.0
baileho02,2010,NLDS1,CIN,NL,0,0,1,0,0,0,0,6,2,0,0,0,2,0.25,0.0,0.0,0.0,0.0,0.0,8.0,0.0,0,0.0,0.0,1.0
braybi01,2010,NLDS1,CIN,NL,0,0,2,0,0,0,0,5,0,0,0,0,2,0.0,0.0,0.0,0.0,0.0,0.0,5.0,1.0,0,0.0,0.0,0.0
chapmar01,2010,NLDS1,CIN,NL,0,1,2,0,0,0,0,5,3,0,0,0,1,0.3,0.0,0.0,0.0,1.0,0.0,11.0,1.0,3,0.0,0.0,0.0
contrjo01,2010,NLDS1,PHI,NL,1,0,1,0,0,0,0,3,0,0,0,0,1,0.0,0.0,0.0,0.0,0.0,0.0,3.0,0.0,0,0.0,0.0,0.0
cuetojo01,2010,NLDS1,CIN,NL,0,1,1,1,0,0,0,15,5,1,1,1,2,0.25,1.8,0.0,0.0,0.0,0.0,22.0,0.0,2,1.0,0.0,0.0
durbich01,2010,NLDS1,PHI,NL,0,0,1,0,0,0,0,1,0,0,0,1,0,,0.0,0.0,0.0,0.0,0.0,1.0,0.0,0,0.0,0.0,0.0
hallaro01,2010,NLDS1,PHI,NL,1,0,1,1,1,1,0,27,0,0,0,1,8,0.0,0.0,0.0,0.0,0.0,0.0,28.0,0.0,0,0.0,0.0,0.0
hamelco01,2010,NLDS1,PHI,NL,1,0,1,1,1,1,0,27,5,0,0,0,9,0.161,0.0,0.0,0.0,0.0,0.0,31.0,0.0,0,0.0,0.0,1.0
lidgebr01,2010,NLDS1,PHI,NL,0,0,1,0,0,0,1,3,0,0,0,1,0,0.0,0.0,0.0,0.0,0.0,0.0,4.0,1.0,0,0.0,0.0,0.0
madsory01,2010,NLDS1,PHI,NL,0,0,1,0,0,0,0,3,1,0,0,0,1,0.25,0.0,0.0,1.0,0.0,0.0,4.0,0.0,0,0.0,0.0,0.0
masseni01,2010,NLDS1,CIN,NL,0,0,2,0,0,0,0,6,2,1,0,2,1,0.25,4.5,2.0,0.0,0.0,0.0,10.0,1.0,1,0.0,0.0,0.0
ondrulo01,2010,NLDS1,CIN,NL,0,0,2,0,0,0,0,6,0,0,0,1,0,0.0,0.0,0.0,0.0,1.0,0.0,9.0,0.0,0,0.0,0.0,0.0
oswalro01,2010,NLDS1,PHI,NL,0,0,1,1,0,0,0,15,5,3,2,1,5,0.263,5.4,0.0,1.0,0.0,0.0,22.0,0.0,4,1.0,1.0,0.0
rhodear01,2010,NLDS1,CIN,NL,0,0,1,0,0,0,0,1,0,0,0,0,1,0.0,0.0,0.0,0.0,1.0,0.0,2.0,0.0,0,0.0,0.0,0.0
romerjc01,2010,NLDS1,PHI,NL,0,0,1,0,0,0,0,2,0,0,0,0,0,0.0,0.0,0.0,0.0,0.0,0.0,2.0,0.0,0,0.0,0.0,0.0
volqued01,2010,NLDS1,CIN,NL,0,1,1,1,0,0,0,5,4,4,0,2,0,0.5,21.6,0.0,0.0,0.0,0.0,11.0,0.0,4,0.0,1.0,0.0
woodtr01,2010,NLDS1,CIN,NL,0,0,1,0,0,0,0,10,1,0,0,1,3,0.091,0.0,1.0,0.0,0.0,0.0,12.0,0.0,0,0.0,0.0,0.0
bumgama01,2010,NLDS2,SFN,NL,1,0,1,1,0,0,0,18,6,2,1,1,5,0.25,3.0,0.0,0.0,0.0,0.0,26.0,0.0,2,0.0,1.0,0.0
cainma01,2010,NLDS2,SFN,NL,0,0,1,1,0,0,0,20,7,0,0,2,6,0.269,0.0,0.0,0.0,0.0,0.0,28.0,0.0,1,0.0,0.0,1.0
dunnmi01,2010,NLDS2,ATL,NL,0,0,3,0,0,0,0,4,2,0,0,0,2,0.333,0.0,0.0,0.0,0.0,0.0,6.0,0.0,0,0.0,0.0,0.0
farnsky01,2010,NLDS2,ATL,NL,1,0,2,0,0,0,0,6,1,0,0,1,1,0.167,0.0,0.0,0.0,1.0,0.0,8.0,2.0,0,0.0,0.0,1.0
garcija01,2010,NLDS2,SFN,NL,0,0,1,0,0,0,0,5,1,0,0,0,2,0.167,0.0,0.0,0.0,0.0,0.0,6.0,0.0,0,0.0,0.0,0.0
hansoto01,2010,NLDS2,ATL,NL,0,0,1,1,0,0,0,12,5,4,1,1,5,0.312,9.0,0.0,0.0,0.0,0.0,17.0,0.0,4,0.0,0.0,0.0
hudsoti01,2010,NLDS2,ATL,NL,0,0,1,1,0,0,0,21,4,0,0,4,5,0.16,0.0,0.0,0.0,0.0,0.0,29.0,0.0,1,0.0,0.0,1.0
kimbrcr01,2010,NLDS2,ATL,NL,0,1,4,0,0,0,0,13,1,1,0,1,7,0.083,2.08,0.0,0.0,0.0,0.0,13.0,2.0,2,0.0,0.0,1.0
linceti01,2010,NLDS2,SFN,NL,1,0,1,1,1,1,0,27,2,0,0,1,14,0.069,0.0,0.0,0.0,0.0,0.0,30.0,0.0,0,0.0,0.0,0.0
lopezja02,2010,NLDS2,SFN,NL,0,0,2,0,0,0,0,2,0,0,0,0,2,0.0,0.0,0.0,0.0,0.0,0.0,2.0,0.0,0,0.0,0.0,0.0
lowede01,2010,NLDS2,ATL,NL,0,2,2,2,0,0,0,35,6,3,1,6,14,0.15,2.31,1.0,0.0,0.0,0.0,47.0,0.0,4,1.0,0.0,1.0
moylape01,2010,NLDS2,ATL,NL,0,0,4,0,0,0,0,3,1,0,0,0,1,0.167,0.0,0.0,0.0,0.0,0.0,6.0,0.0,0,0.0,0.0,0.0
ramirra02,2010,NLDS2,SFN,NL,0,1,1,0,0,0,0,6,1,1,1,0,1,0.143,4.5,0.0,0.0,0.0,0.0,7.0,1.0,1,0.0,0.0,0.0
romose01,2010,NLDS2,SFN,NL,1,0,2,0,0,0,0,2,3,3,1,0,0,0.6,40.5,0.0,0.0,0.0,0.0,5.0,0.0,3,0.0,0.0,0.0
sanchjo01,2010,NLDS2,SFN,NL,0,0,1,1,0,0,0,22,2,1,0,1,11,0.083,1.23,0.0,0.0,0.0,0.0,25.0,0.0,1,0.0,0.0,0.0
ventejo01,2010,NLDS2,ATL,NL,0,0,4,0,0,0,0,16,7,0,0,0,8,0.35,0.0,0.0,0.0,0.0,0.0,20.0,0.0,0,0.0,0.0,2.0
wagnebi02,2010,NLDS2,ATL,NL,0,0,1,0,0,0,0,1,1,0,0,0,0,1.0,0.0,0.0,0.0,0.0,0.0,2.0,0.0,0,1.0,0.0,0.0
wilsobr01,2010,NLDS2,SFN,NL,0,0,3,0,0,0,2,12,2,0,0,2,5,0.143,0.0,0.0,0.0,0.0,0.0,17.0,2.0,1,1.0,0.0,0.0
affelje01,2010,WS,SFN,NL,0,0,2,0,0,0,0,4,1,1,0,1,0,0.25,6.75,0.0,1.0,0.0,0.0,5.0,0.0,1,0.0,0.0,1.0
bumgama01,2010,WS,SFN,NL,1,0,1,1,0,0,0,24,3,0,0,2,6,0.12,0.0,0.0,0.0,0.0,0.0,27.0,0.0,0,0.0,0.0,2.0
cainma01,2010,WS,SFN,NL,1,0,1,1,0,0,0,23,4,0,0,2,2,0.154,0.0,1.0,1.0,0.0,0.0,29.0,0.0,0,1.0,0.0,0.0
felizne01,2010,WS,TEX,AL,0,0,2,0,0,0,1,9,1,0,0,0,4,0.1,0.0,0.0,0.0,0.0,0.0,10.0,2.0,0,0.0,0.0,0.0
garcija01,2010,WS,SFN,NL,0,0,1,0,0,0,0,4,0,0,0,0,1,0.0,0.0,0.0,0.0,0.0,0.0,5.0,0.0,0,0.0,0.0,0.0
hollade01,2010,WS,TEX,AL,0,0,2,0,0,0,0,3,0,3,0,4,1,0.0,27.0,0.0,0.0,0.0,0.0,7.0,1.0,3,0.0,0.0,0.0
hunteto02,2010,WS,TEX,AL,0,1,1,1,0,0,0,12,5,2,1,1,1,0.294,4.5,0.0,0.0,0.0,0.0,18.0,0.0,2,0.0,0.0,0.0
kirkmmi01,2010,WS,TEX,AL,0,0,2,0,0,0,0,2,3,1,0,0,1,0.6,13.5,0.0,0.0,0.0,0.0,5.0,2.0,1,0.0,0.0,0.0
leecl02,2010,WS,TEX,AL,0,2,2,2,0,0,0,35,14,9,1,1,13,0.292,6.94,0.0,0.0,1.0,0.0,51.0,0.0,10,1.0,0.0,1.0
lewisco01,2010,WS,TEX,AL,1,0,1,1,0,0,0,23,5,2,2,2,6,0.185,2.35,0.0,0.0,1.0,0.0,30.0,0.0,2,0.0,0.0,1.0
linceti01,2010,WS,SFN,NL,2,0,2,2,0,0,0,41,11,5,1,4,13,0.216,3.29,0.0,0.0,0.0,0.0,56.0,0.0,5,0.0,1.0,1.0
lopezja02,2010,WS,SFN,NL,0,0,2,0,0,0,0,2,0,0,0,0,0,0.0,0.0,0.0,0.0,0.0,0.0,2.0,0.0,0,0.0,0.0,0.0
lowema01,2010,WS,TEX,AL,0,0,2,0,0,0,0,2,4,5,0,1,0,0.667,67.5,0.0,0.0,0.0,0.0,7.0,0.0,5,0.0,0.0,0.0
motagu01,2010,WS,SFN,NL,0,0,2,0,0,0,0,7,1,0,0,2,0,0.167,0.0,0.0,0.0,0.0,0.0,8.0,1.0,0,0.0,0.0,1.0
odayda01,2010,WS,TEX,AL,0,0,4,0,0,0,0,6,3,3,2,0,3,0.3,13.5,0.0,0.0,1.0,0.0,11.0,0.0,3,0.0,0.0,0.0
ogandal01,2010,WS,TEX,AL,0,0,2,0,0,0,0,11,1,0,0,0,6,0.091,0.0,0.0,0.0,0.0,0.0,11.0,0.0,0,0.0,0.0,0.0
oliveda02,2010,WS,TEX,AL,0,0,2,0,0,0,0,8,3,1,0,0,4,0.273,3.38,0.0,0.0,0.0,0.0,11.0,0.0,1,0.0,0.0,0.0
ramirra02,2010,WS,SFN,NL,0,0,2,0,0,0,0,3,1,2,0,1,1,0.2,18.0,0.0,0.0,0.0,0.0,6.0,1.0,2,0.0,0.0,0.0
romose01,2010,WS,SFN,NL,0,0,1,0,0,0,0,2,1,0,0,0,1,0.5,0.0,0.0,0.0,0.0,0.0,2.0,0.0,0,0.0,0.0,0.0
sanchjo01,2010,WS,SFN,NL,0,1,1,1,0,0,0,14,6,4,2,3,3,0.316,7.71,0.0,0.0,0.0,0.0,22.0,0.0,4,0.0,0.0,1.0
wilsobr01,2010,WS,SFN,NL,0,0,3,0,0,0,1,8,1,0,0,0,4,0.125,0.0,0.0,0.0,0.0,0.0,9.0,3.0,0,0.0,1.0,0.0
wilsocj01,2010,WS,TEX,AL,0,1,1,1,0,0,0,18,3,2,1,2,4,0.143,3.0,0.0,0.0,0.0,0.0,23.0,0.0,2,0.0,0.0,0.0
adamsmi03,2011,ALCS,TEX,AL,1,0,5,0,0,0,0,13,5,1,1,1,4,0.312,2.08,1.0,0.0,0.0,0.0,17.0,2.0,1,0.0,0.0,1.0
albural01,2011,ALCS,DET,AL,0,0,2,0,0,0,0,5,0,0,0,2,2,0.0,0.0,0.0,1.0,0.0,0.0,7.0,1.0,0,0.0,0.0,0.0
benoijo01,2011,ALCS,DET,AL,0,0,3,0,0,0,0,12,0,0,0,2,3,0.0,0.0,0.0,0.0,0.0,0.0,12.0,0.0,0,0.0,0.0,0.0
cokeph01,2011,ALCS,DET,AL,0,0,4,0,0,0,1,10,3,1,0,1,2,0.231,2.7,0.0,0.0,0.0,0.0,14.0,2.0,1,0.0,0.0,0.0
feldmsc01,2011,ALCS,TEX,AL,1,0,3,0,0,0,0,17,1,0,0,0,5,0.059,0.0,0.0,0.0,1.0,0.0,19.0,0.0,0,1.0,0.0,0.0
felizne01,2011,ALCS,TEX,AL,0,0,4,0,0,0,1,13,1,0,0,2,3,0.077,0.0,1.0,0.0,0.0,0.0,16.0,3.0,0,1.0,0.0,0.0
fistedo01,2011,ALCS,DET,AL,1,0,1,1,0,0,0,22,7,2,0,0,3,0.28,2.45,0.0,0.0,1.0,0.0,27.0,0.0,2,1.0,0.0,2.0
gonzami02,2011,ALCS,TEX,AL,0,0,3,0,0,0,0,2,1,0,0,0,0,0.333,0.0,0.0,0.0,0.0,0.0,3.0,0.0,0,0.0,0.0,0.0
harrima01,2011,ALCS,TEX,AL,0,0,1,1,0,0,0,15,3,2,0,3,3,0.176,3.6,0.0,0.0,0.0,0.0,20.0,0.0,2,0.0,0.0,1.0
hollade01,2011,ALCS,TEX,AL,0,0,2,2,0,0,0,22,11,7,4,4,5,0.355,8.59,0.0,0.0,1.0,0.0,36.0,0.0,7,0.0,0.0,2.0
lewisco01,2011,ALCS,TEX,AL,0,1,1,1,0,0,0,17,8,4,2,2,6,0.32,6.35,0.0,0.0,0.0,0.0,27.0,0.0,4,0.0,0.0,0.0
ogandal01,2011,ALCS,TEX,AL,2,0,4,0,0,0,0,23,3,1,1,2,10,0.115,1.17,0.0,0.0,0.0,0.0,28.0,0.0,1,0.0,0.0,0.0
oliveda02,2011,ALCS,TEX,AL,0,0,3,0,0,0,0,8,0,0,0,0,2,0.0,0.0,0.0,0.0,0.0,0.0,8.0,0.0,0,0.0,0.0,0.0
pennybr01,2011,ALCS,DET,AL,0,0,1,0,0,0,0,5,7,5,2,2,1,0.583,27.0,1.0,1.0,0.0,0.0,14.0,0.0,5,0.0,0.0,0.0
perryry01,2011,ALCS,DET,AL,0,1,3,0,0,0,0,12,6,4,1,0,1,0.353,9.0,0.0,0.0,0.0,0.0,18.0,2.0,5,0.0,1.0,0.0
porceri01,2011,ALCS,DET,AL,0,0,3,1,0,0,0,27,10,4,0,1,7,0.27,4.0,1.0,0.0,0.0,0.0,38.0,0.0,5,0.0,0.0,1.0
scherma01,2011,ALCS,DET,AL,0,1,2,2,0,0,0,25,11,9,1,5,7,0.306,9.72,0.0,0.0,0.0,0.0,41.0,0.0,9,0.0,0.0,0.0
schleda01,2011,ALCS,DET,AL,0,0,1,0,0,0,0,0,1,1,0,0,0,1.0,,0.0,0.0,0.0,0.0,1.0,0.0,1,0.0,0.0,0.0
tateyyo01,2011,ALCS,TEX,AL,0,0,1,0,0,0,0,2,1,0,0,0,0,0.333,0.0,0.0,0.0,0.0,0.0,3.0,1.0,0,0.0,0.0,0.0
ueharko01,2011,ALCS,TEX,AL,0,0,2,0,0,0,0,4,3,2,2,1,1,0.429,13.5,0.0,0.0,0.0,0.0,8.0,0.0,2,0.0,0.0,0.0
valvejo01,2011,ALCS,DET,AL,0,1,3,0,0,0,1,13,5,4,1,2,3,0.294,8.31,2.0,0.0,1.0,0.0,20.0,1.0,4,0.0,0.0,1.0
verlaju01,2011,ALCS,DET,AL,1,1,2,2,0,0,0,34,13,7,2,5,13,0.277,5.56,0.0,1.0,0.0,0.0,53.0,0.0,7,0.0,1.0,1.0
wilsocj01,2011,ALCS,TEX,AL,0,1,2,2,0,0,0,32,14,8,3,7,11,0.326,6.75,1.0,1.0,0.0,0.0,50.0,0.0,8,0.0,0.0,3.0
albural01,2011,ALDS1,DET,AL,0,0,2,0,0,0,0,1,2,3,1,1,0,0.667,81.0,0.0,0.0,0.0,1.0,4.0,0.0,3,0.0,0.0,0.0
ayalalu01,2011,ALDS1,NYA,AL,0,0,2,0,0,0,0,4,3,1,0,0,0,0.5,6.75,0.0,0.0,1.0,0.0,8.0,1.0,1,1.0,0.0,0.0
benoijo01,2011,ALDS1,DET,AL,0,0,2,0,0,0,0,11,4,1,1,1,6,0.267,2.45,0.0,0.0,0.0,0.0,16.0,0.0,1,0.0,0.0,0.0
burneaj01,2011,ALDS1,NYA,AL,1,0,1,1,0,0,0,17,4,1,1,4,3,0.2,1.59,1.0,1.0,0.0,0.0,24.0,0.0,1,0.0,0.0,1.0
cokeph01,2011,ALDS1,DET,AL,0,0,1,0,0,0,0,3,3,3,0,1,1,0.5,27.0,0.0,0.0,0.0,0.0,7.0,0.0,3,0.0,0.0,0.0
fistedo01,2011,ALDS1,DET,AL,1,1,2,1,0,0,0,29,12,7,1,4,10,0.293,6.52,0.0,0.0,0.0,1.0,45.0,0.0,7,0.0,0.0,0.0
garcifr02,2011,ALDS1,NYA,AL,0,1,1,1,0,0,0,16,6,3,1,0,6,0.261,5.06,0.0,0.0,0.0,0.0,23.0,0.0,4,0.0,0.0,0.0
hugheph01,2011,ALDS1,NYA,AL,0,0,2,0,0,0,0,7,2,0,0,0,4,0.222,0.0,0.0,0.0,0.0,0.0,9.0,0.0,0,0.0,0.0,0.0
loganbo02,2011,ALDS1,NYA,AL,0,0,3,0,0,0,0,7,1,0,0,0,6,0.125,0.0,0.0,0.0,0.0,1.0,8.0,1.0,0,0.0,0.0,0.0
novaiv01,2011,ALDS1,NYA,AL,1,1,2,1,0,0,0,25,7,4,2,4,8,0.233,4.32,0.0,0.0,0.0,0.0,34.0,0.0,4,0.0,0.0,1.0
perryry01,2011,ALDS1,DET,AL,0,0,2,0,0,0,0,7,3,0,0,0,2,0.333,0.0,0.0,0.0,0.0,0.0,9.0,1.0,0,0.0,0.0,1.0
porceri01,2011,ALDS1,DET,AL,0,1,1,1,0,0,0,18,5,4,0,1,5,0.227,6.0,1.0,0.0,2.0,0.0,26.0,0.0,4,0.0,1.0,0.0
riverma01,2011,ALDS1,NYA,AL,0,0,2,0,0,0,0,4,0,0,0,0,1,0.0,0.0,0.0,0.0,0.0,0.0,4.0,2.0,0,0.0,0.0,0.0
roberda08,2011,ALDS1,NYA,AL,0,0,2,0,0,0,0,6,0,0,0,0,2,0.0,0.0,0.0,0.0,1.0,0.0,7.0,1.0,0,0.0,0.0,0.0
sabatcc01,2011,ALDS1,NYA,AL,0,0,3,2,0,0,0,26,10,6,1,8,11,0.323,6.23,2.0,1.0,0.0,0.0,41.0,0.0,6,2.0,0.0,3.0
scherma01,2011,ALDS1,DET,AL,1,0,2,1,0,0,0,22,4,1,0,4,7,0.154,1.23,0.0,0.0,1.0,0.0,31.0,0.0,1,0.0,0.0,0.0
schleda01,2011,ALDS1,DET,AL,0,0,2,0,0,0,0,5,4,2,0,0,4,0.444,10.8,0.0,1.0,0.0,0.0,9.0,1.0,2,0.0,0.0,0.0
soriara01,2011,ALDS1,NYA,AL,0,1,3,0,0,0,0,14,1,1,1,0,4,0.071,1.93,0.0,0.0,0.0,0.0,14.0,0.0,1,0.0,0.0,1.0
valvejo01,2011,ALDS1,DET,AL,0,0,3,0,0,0,2,9,2,2,1,4,3,0.2,6.0,0.0,0.0,0.0,0.0,15.0,3.0,2,0.0,1.0,0.0
verlaju01,2011,ALDS1,DET,AL,1,0,2,2,0,0,0,27,6,5,0,5,12,0.188,5.0,0.0,1.0,1.0,0.0,38.0,0.0,5,0.0,0.0,2.0
wadeco01,2011,ALDS1,NYA,AL,0,0,1,0,0,0,0,6,2,0,0,1,2,0.286,0.0,0.0,0.0,0.0,0.0,9.0,0.0,0,1.0,0.0,0.0
adamsmi03,2011,ALDS2,TEX,AL,0,0,3,0,0,0,0,6,1,1,1,3,1,0.167,4.5,0.0,0.0,0.0,0.0,9.0,0.0,1,0.0,0.0,0.0
cruzju02,2011,ALDS2,TBA,AL,0,0,2,0,0,0,0,6,1,0,0,2,2,0.167,0.0,1.0,0.0,0.0,0.0,8.0,0.0,0,0.0,0.0,0.0
daviswa01,2011,ALDS2,TBA,AL,0,0,2,0,0,0,0,7,1,0,0,1,1,0.125,0.0,0.0,0.0,0.0,0.0,9.0,2.0,0,0.0,0.0,0.0
feldmsc01,2011,ALDS2,TEX,AL,0,0,1,0,0,0,0,9,2,0,0,0,4,0.182,0.0,0.0,0.0,0.0,0.0,11.0,0.0,0,0.0,0.0,0.0
felizne01,2011,ALDS2,TEX,AL,0,0,3,0,0,0,3,10,2,1,0,2,2,0.182,2.7,0.0,1.0,0.0,0.0,13.0,3.0,1,0.0,0.0,1.0
gomesbr01,2011,ALDS2,TBA,AL,0,0,3,0,0,0,0,7,1,2,1,2,3,0.125,7.71,0.0,0.0,0.0,0.0,10.0,0.0,2,0.0,0.0,0.0
gonzami02,2011,ALDS2,TEX,AL,0,0,2,0,0,0,0,2,1,0,0,0,2,0.333,0.0,0.0,0.0,0.0,0.0,3.0,1.0,0,0.0,0.0,0.0
harrima01,2011,ALDS2,TEX,AL,1,0,2,1,0,0,0,17,6,3,0,3,9,0.261,4.76,0.0,1.0,0.0,0.0,26.0,0.0,3,0.0,0.0,0.0
hellije01,2011,ALDS2,TBA,AL,0,1,1,1,0,0,0,12,4,3,3,1,1,0.267,6.75,0.0,0.0,0.0,0.0,16.0,0.0,3,0.0,0.0,1.0
hollade01,2011,ALDS2,TEX,AL,1,0,2,1,0,0,0,19,7,1,1,2,2,0.269,1.42,0.0,1.0,0.0,0.0,28.0,0.0,3,0.0,0.0,0.0
howeljp01,2011,ALDS2,TBA,AL,0,0,1,0,0,0,0,0,1,0,0,0,0,1.0,,0.0,0.0,0.0,0.0,1.0,0.0,0,0.0,0.0,0.0
lewisco01,2011,ALDS2,TEX,AL,1,0,1,1,0,0,0,18,1,1,1,2,6,0.053,1.5,0.0,1.0,0.0,0.0,21.0,0.0,1,0.0,0.0,0.0
mcgeeja01,2011,ALDS2,TBA,AL,0,0,1,0,0,0,0,1,0,0,0,0,0,,0.0,0.0,0.0,1.0,0.0,2.0,0.0,0,1.0,0.0,0.0
moorema02,2011,ALDS2,TBA,AL,1,0,2,1,0,0,0,30,3,1,1,3,8,0.091,0.9,0.0,1.0,1.0,0.0,37.0,0.0,1,0.0,0.0,0.0
ogandal01,2011,ALDS2,TEX,AL,0,0,3,0,0,0,0,8,1,0,0,0,2,0.111,0.0,0.0,0.0,0.0,0.0,9.0,0.0,0,0.0,0.0,0.0
oliveda02,2011,ALDS2,TEX,AL,0,0,2,0,0,0,0,4,3,1,0,0,1,0.429,6.75,0.0,0.0,0.0,0.0,7.0,0.0,1,0.0,0.0,0.0
peraljo01,2011,ALDS2,TBA,AL,0,0,3,0,0,0,0,7,1,0,0,2,0,0.125,0.0,0.0,0.0,0.0,0.0,10.0,2.0,0,0.0,0.0,0.0
priceda01,2011,ALDS2,TBA,AL,0,1,1,1,0,0,0,20,7,3,1,1,3,0.269,4.05,0.0,1.0,0.0,0.0,27.0,0.0,3,0.0,0.0,0.0
shielja02,2011,ALDS2,TBA,AL,0,1,1,1,0,0,0,15,8,7,0,0,6,0.348,12.6,0.0,2.0,2.0,0.0,25.0,0.0,7,0.0,0.0,0.0
ueharko01,2011,ALDS2,TEX,AL,0,0,1,0,0,0,0,0,2,3,1,1,0,1.0,,0.0,0.0,0.0,0.0,3.0,0.0,3,0.0,0.0,0.0
wilsocj01,2011,ALDS2,TEX,AL,0,1,1,1,0,0,0,15,7,6,3,1,6,0.304,10.8,0.0,0.0,1.0,0.0,25.0,0.0,8,0.0,0.0,0.0
axforjo01,2011,NLCS,MIL,NL,0,0,3,0,0,0,2,9,2,0,0,0,4,0.182,0.0,0.0,0.0,0.0,0.0,11.0,3.0,0,0.0,0.0,0.0
boggsmi01,2011,NLCS,SLN,NL,0,0,3,0,0,0,0,9,4,2,1,1,0,0.333,6.0,0.0,0.0,0.0,0.0,13.0,1.0,2,0.0,0.0,1.0
carpech01,2011,NLCS,SLN,NL,1,0,1,1,0,0,0,15,6,3,1,3,3,0.333,5.4,1.0,0.0,1.0,0.0,23.0,0.0,3,0.0,1.0,1.0
doteloc01,2011,NLCS,SLN,NL,1,0,4,0,0,0,0,12,2,1,1,1,5,0.133,2.25,0.0,0.0,1.0,0.0,17.0,0.0,2,0.0,0.0,0.0
estrama01,2011,NLCS,MIL,NL,0,0,2,0,0,0,0,9,4,4,0,2,4,0.308,12.0,0.0,1.0,0.0,0.0,15.0,1.0,4,0.0,0.0,0.0
gallayo01,2011,NLCS,MIL,NL,0,1,1,1,0,0,0,15,8,4,0,5,2,0.381,7.2,2.0,3.0,0.0,0.0,26.0,0.0,4,0.0,0.0,2.0
garcija02,2011,NLCS,SLN,NL,0,1,2,2,0,0,0,26,13,7,2,3,8,0.351,7.27,0.0,0.0,1.0,0.0,42.0,0.0,7,1.0,0.0,0.0
greinza01,2011,NLCS,MIL,NL,1,1,2,2,0,0,0,35,15,8,1,4,6,0.288,6.17,0.0,0.0,1.0,0.0,58.0,0.0,11,1.0,0.0,0.0
hawkila01,2011,NLCS,MIL,NL,0,0,3,0,0,0,0,9,2,0,0,2,2,0.222,0.0,1.0,0.0,0.0,0.0,12.0,0.0,0,1.0,0.0,0.0
jacksed01,2011,NLCS,SLN,NL,0,0,2,2,0,0,0,19,11,6,4,1,5,0.367,8.53,0.0,0.0,0.0,0.0,31.0,0.0,6,0.0,0.0,0.0
loeka01,2011,NLCS,MIL,NL,0,0,3,0,0,0,0,7,10,4,0,1,2,0.625,15.43,0.0,0.0,0.0,0.0,18.0,0.0,6,0.0,1.0,1.0
lohseky01,2011,NLCS,SLN,NL,0,1,1,1,0,0,0,13,6,3,0,0,3,0.316,6.23,0.0,0.0,1.0,0.0,20.0,0.0,3,0.0,0.0,0.0
lynnla01,2011,NLCS,SLN,NL,1,0,5,0,0,0,0,16,3,0,0,2,1,0.188,0.0,1.0,0.0,0.0,0.0,18.0,0.0,0,0.0,0.0,3.0
marcush01,2011,NLCS,MIL,NL,0,2,2,2,0,0,0,15,10,9,2,2,2,0.435,16.2,0.0,0.0,0.0,0.0,26.0,0.0,9,1.0,0.0,0.0
mccleky01,2011,NLCS,SLN,NL,0,0,1,0,0,0,0,1,2,1,0,0,0,1.0,27.0,0.0,0.0,0.0,0.0,3.0,0.0,1,1.0,0.0,0.0
motteja01,2011,NLCS,SLN,NL,0,0,4,0,0,0,2,14,0,0,0,0,4,0.0,0.0,0.0,0.0,0.0,0.0,14.0,4.0,0,0.0,0.0,0.0
narvech01,2011,NLCS,MIL,NL,0,0,4,0,0,0,0,15,5,6,3,1,8,0.25,10.8,1.0,0.0,0.0,0.0,22.0,2.0,6,0.0,1.0,0.0
rhodear01,2011,NLCS,SLN,NL,0,0,2,0,0,0,0,2,0,0,0,1,1,0.0,0.0,0.0,0.0,0.0,0.0,4.0,0.0,0,1.0,0.0,0.0
rodrifr03,2011,NLCS,MIL,NL,0,0,3,0,0,0,0,9,3,1,0,1,4,0.273,3.0,0.0,0.0,0.0,0.0,13.0,0.0,1,1.0,0.0,0.0
rzepcma01,2011,NLCS,SLN,NL,1,0,5,0,0,0,0,14,1,1,0,1,4,0.067,1.93,0.0,1.0,0.0,0.0,16.0,0.0,1,0.0,0.0,0.0
saitota01,2011,NLCS,MIL,NL,0,0,3,0,0,0,0,12,2,0,0,0,3,0.167,0.0,0.0,0.0,1.0,0.0,13.0,0.0,0,0.0,0.0,2.0
salasfe01,2011,NLCS,SLN,NL,0,0,4,0,0,0,0,18,3,1,0,1,6,0.143,1.5,0.0,0.0,0.0,0.0,22.0,1.0,1,0.0,0.0,0.0
wolfra02,2011,NLCS,MIL,NL,1,0,1,1,0,0,0,21,6,2,2,1,6,0.214,2.57,0.0,0.0,0.0,0.0,29.0,0.0,2,0.0,0.0,0.0
bastaan01,2011,NLDS1,PHI,NL,0,0,2,0,0,0,0,3,0,0,0,1,1,0.0,0.0,0.0,0.0,0.0,0.0,4.0,0.0,0,1.0,0.0,0.0
blantjo01,2011,NLDS1,PHI,NL,0,0,1,0,0,0,0,3,0,0,0,0,0,0.0,0.0,0.0,0.0,0.0,0.0,3.0,0.0,0,0.0,0.0,0.0
boggsmi01,2011,NLDS1,SLN,NL,0,0,2,0,0,0,0,6,4,2,0,1,1,0.444,9.0,0.0,0.0,0.0,0.0,11.0,0.0,2,0.0,1.0,0.0
carpech01,2011,NLDS1,SLN,NL,1,0,2,2,1,1,0,36,8,4,0,3,5,0.186,3.0,0.0,0.0,1.0,0.0,47.0,0.0,4,0.0,0.0,1.0
doteloc01,2011,NLDS1,SLN,NL,1,0,3,0,0,0,0,8,0,0,0,0,4,0.0,0.0,0.0,0.0,0.0,0.0,8.0,0.0,0,0.0,0.0,0.0
garcija02,2011,NLDS1,SLN,NL,0,1,1,1,0,0,0,21,6,3,1,2,3,0.222,3.86,2.0,1.0,0.0,0.0,29.0,0.0,3,0.0,0.0,0.0
hallaro01,2011,NLDS1,PHI,NL,1,1,2,2,0,0,0,48,9,4,1,2,15,0.161,2.25,1.0,1.0,0.0,0.0,60.0,0.0,4,1.0,0.0,1.0
hamelco01,2011,NLDS1,PHI,NL,1,0,1,1,0,0,0,18,5,0,0,3,8,0.217,0.0,1.0,0.0,1.0,0.0,27.0,0.0,0,0.0,0.0,0.0
jacksed01,2011,NLDS1,SLN,NL,1,0,1,1,0,0,0,18,5,2,0,1,4,0.238,3.0,0.0,0.0,0.0,0.0,23.0,0.0,2,1.0,0.0,0.0
leecl02,2011,NLDS1,PHI,NL,0,1,1,1,0,0,0,18,12,5,0,2,9,0.414,7.5,0.0,0.0,0.0,0.0,31.0,0.0,5,0.0,0.0,0.0
lidgebr01,2011,NLDS1,PHI,NL,0,0,3,0,0,0,0,6,2,0,0,1,1,0.286,0.0,1.0,0.0,0.0,0.0,8.0,1.0,0,0.0,0.0,1.0
lohseky01,2011,NLDS1,SLN,NL,0,1,1,1,0,0,0,16,7,5,2,1,4,0.304,8.44,0.0,0.0,0.0,0.0,24.0,0.0,6,0.0,0.0,0.0
madsory01,2011,NLDS1,PHI,NL,0,0,4,0,0,0,1,13,4,1,0,0,6,0.267,2.08,0.0,0.0,0.0,0.0,15.0,4.0,1,0.0,0.0,1.0
motteja01,2011,NLDS1,SLN,NL,0,0,3,0,0,0,2,10,1,0,0,0,3,0.091,0.0,0.0,0.0,0.0,0.0,11.0,3.0,0,0.0,0.0,0.0
oswalro01,2011,NLDS1,PHI,NL,0,1,1,1,0,0,0,18,6,5,1,1,5,0.25,7.5,0.0,0.0,1.0,0.0,26.0,0.0,5,0.0,0.0,0.0
rhodear01,2011,NLDS1,SLN,NL,0,0,3,0,0,0,0,3,0,0,0,0,2,0.0,0.0,0.0,0.0,0.0,0.0,3.0,1.0,0,0.0,0.0,0.0
rzepcma01,2011,NLDS1,SLN,NL,0,0,3,0,0,0,0,3,4,3,0,0,1,0.667,27.0,0.0,0.0,1.0,0.0,7.0,0.0,3,0.0,0.0,0.0
salasfe01,2011,NLDS1,SLN,NL,0,0,3,0,0,0,0,11,2,1,0,0,2,0.154,2.45,0.0,1.0,0.0,1.0,13.0,0.0,1,0.0,0.0,0.0
stutemi01,2011,NLDS1,PHI,NL,0,0,1,0,0,0,0,1,3,3,0,1,0,0.75,81.0,0.0,0.0,0.0,0.0,5.0,0.0,3,0.0,0.0,0.0
worleva01,2011,NLDS1,PHI,NL,0,0,2,0,0,0,0,4,3,1,0,1,0,0.429,6.75,0.0,0.0,0.0,0.0,8.0,0.0,1,0.0,0.0,0.0
axforjo01,2011,NLDS2,MIL,NL,1,0,3,0,0,0,1,12,3,1,0,2,5,0.2,2.25,0.0,0.0,0.0,0.0,17.0,3.0,1,0.0,0.0,0.0
collmjo01,2011,NLDS2,ARI,NL,1,0,1,1,0,0,0,21,2,1,1,2,6,0.087,1.29,0.0,0.0,1.0,0.0,26.0,0.0,1,0.0,0.0,0.0
estrama01,2011,NLDS2,MIL,NL,0,0,2,0,0,0,0,9,3,0,0,0,5,0.25,0.0,0.0,0.0,0.0,0.0,12.0,1.0,0,0.0,0.0,0.0
gallayo01,2011,NLDS2,MIL,NL,1,0,2,2,0,0,0,42,10,2,2,3,14,0.2,1.29,0.0,1.0,0.0,0.0,53.0,0.0,2,0.0,0.0,1.0
greinza01,2011,NLDS2,MIL,NL,0,0,1,1,0,0,0,15,8,4,3,0,7,0.364,7.2,0.0,0.0,0.0,0.0,22.0,0.0,4,0.0,0.0,0.0
hawkila01,2011,NLDS2,MIL,NL,0,0,1,0,0,0,0,3,0,0,0,2,1,0.0,0.0,0.0,0.0,0.0,0.0,5.0,0.0,0,0.0,0.0,0.0
hernada01,2011,NLDS2,ARI,NL,0,0,4,0,0,0,0,15,2,2,1,0,5,0.118,3.6,0.0,0.0,0.0,0.0,17.0,1.0,2,0.0,0.0,0.0
hudsoda01,2011,NLDS2,ARI,NL,0,1,1,1,0,0,0,16,9,5,1,0,6,0.375,8.44,0.0,0.0,0.0,0.0,24.0,0.0,5,0.0,0.0,1.0
kenneia01,2011,NLDS2,ARI,NL,0,1,2,2,0,0,0,38,13,6,1,3,8,0.265,4.26,0.0,1.0,3.0,0.0,57.0,0.0,6,0.0,2.0,0.0
loeka01,2011,NLDS2,MIL,NL,0,0,2,0,0,0,0,6,3,0,0,0,1,0.375,0.0,0.0,0.0,0.0,0.0,8.0,0.0,1,0.0,0.0,1.0
marcush01,2011,NLDS2,MIL,NL,0,1,1,1,0,0,0,14,7,7,1,3,3,0.35,13.5,1.0,0.0,0.0,0.0,23.0,0.0,7,0.0,0.0,0.0
narvech01,2011,NLDS2,MIL,NL,0,0,2,0,0,0,0,7,2,3,2,1,5,0.2,11.57,0.0,0.0,0.0,0.0,11.0,0.0,3,0.0,0.0,0.0
owingmi01,2011,NLDS2,ARI,NL,1,0,2,0,0,0,0,9,2,0,0,0,1,0.182,0.0,0.0,0.0,0.0,0.0,11.0,0.0,0,0.0,0.0,0.0
parkeja02,2011,NLDS2,ARI,NL,0,0,1,0,0,0,0,1,2,1,0,1,0,1.0,27.0,0.0,0.0,0.0,0.0,4.0,0.0,1,1.0,0.0,0.0
paterjo01,2011,NLDS2,ARI,NL,0,0,1,0,0,0,0,1,0,0,0,0,1,0.0,0.0,0.0,0.0,0.0,0.0,1.0,0.0,0,0.0,0.0,0.0
putzjj01,2011,NLDS2,ARI,NL,0,1,3,0,0,0,0,7,3,1,0,1,0,0.3,3.86,0.0,0.0,0.0,0.0,11.0,3.0,1,0.0,0.0,0.0
rodrifr03,2011,NLDS2,MIL,NL,0,0,2,0,0,0,0,6,2,0,0,3,4,0.25,0.0,0.0,0.0,0.0,0.0,11.0,0.0,0,0.0,0.0,0.0
saitota01,2011,NLDS2,MIL,NL,1,0,3,0,0,0,0,9,2,0,0,0,2,0.182,0.0,0.0,0.0,1.0,0.0,12.0,1.0,0,0.0,0.0,0.0
saundjo01,2011,NLDS2,ARI,NL,0,0,1,1,0,0,0,9,5,3,0,2,1,0.385,9.0,0.0,0.0,0.0,0.0,15.0,0.0,3,0.0,0.0,1.0
shawbr01,2011,NLDS2,ARI,NL,0,0,4,0,0,0,0,12,0,0,0,1,3,0.0,0.0,0.0,0.0,0.0,0.0,13.0,1.0,0,0.0,1.0,0.0
wolfra02,2011,NLDS2,MIL,NL,0,1,1,1,0,0,0,9,8,7,2,3,2,0.5,21.0,0.0,0.0,0.0,0.0,19.0,0.0,7,0.0,0.0,1.0
zieglbr01,2011,NLDS2,ARI,NL,0,0,2,0,0,0,0,1,4,4,0,2,0,0.8,108.0,1.0,0.0,0.0,1.0,7.0,0.0,4,0.0,0.0,0.0
adamsmi03,2011,WS,TEX,AL,1,0,3,0,0,0,0,6,5,1,0,2,1,0.455,4.5,0.0,0.0,0.0,0.0,13.0,0.0,1,0.0,0.0,0.0
boggsmi01,2011,WS,SLN,NL,0,0,2,0,0,0,0,8,2,1,1,0,4,0.2,3.38,0.0,0.0,0.0,0.0,10.0,1.0,1,0.0,0.0,0.0
carpech01,2011,WS,SLN,NL,2,0,3,3,0,0,0,57,17,6,3,5,13,0.246,2.84,0.0,0.0,1.0,0.0,78.0,0.0,6,3.0,0.0,1.0
doteloc01,2011,WS,SLN,NL,0,1,5,0,0,0,0,11,3,2,0,1,5,0.231,4.91,1.0,1.0,0.0,0.0,15.0,0.0,2,0.0,1.0,0.0
feldmsc01,2011,WS,TEX,AL,0,0,5,0,0,0,0,15,5,5,0,6,2,0.278,9.0,2.0,0.0,1.0,0.0,26.0,1.0,5,1.0,0.0,0.0
felizne01,2011,WS,TEX,AL,0,0,4,0,0,0,2,11,2,2,0,4,7,0.167,4.91,0.0,0.0,1.0,0.0,17.0,3.0,2,0.0,0.0,0.0
garcija02,2011,WS,SLN,NL,0,0,2,2,0,0,0,30,8,2,0,3,10,0.229,1.8,0.0,0.0,0.0,0.0,38.0,0.0,2,0.0,0.0,3.0
gonzami02,2011,WS,TEX,AL,0,0,3,0,0,0,0,9,1,2,1,1,2,0.111,6.0,0.0,0.0,0.0,0.0,11.0,0.0,2,0.0,1.0,0.0
harrima01,2011,WS,TEX,AL,0,2,2,2,0,0,0,23,11,6,2,3,4,0.324,7.04,1.0,0.0,0.0,0.0,37.0,0.0,8,0.0,0.0,2.0
hollade01,2011,WS,TEX,AL,1,0,2,1,0,0,0,31,4,1,1,2,7,0.118,0.87,0.0,0.0,0.0,0.0,36.0,0.0,1,0.0,0.0,1.0
jacksed01,2011,WS,SLN,NL,0,1,1,1,0,0,0,16,3,3,0,7,3,0.167,5.06,0.0,0.0,0.0,0.0,25.0,0.0,3,0.0,0.0,0.0
lewisco01,2011,WS,TEX,AL,0,0,2,2,0,0,0,36,7,3,1,5,8,0.156,2.25,0.0,0.0,0.0,0.0,50.0,0.0,5,0.0,0.0,1.0
lohseky01,2011,WS,SLN,NL,0,0,1,1,0,0,0,9,5,3,2,2,3,0.357,9.0,0.0,0.0,0.0,0.0,16.0,0.0,3,0.0,0.0,0.0
lowema01,2011,WS,TEX,AL,0,1,2,0,0,0,0,3,3,2,1,0,1,0.5,18.0,0.0,0.0,0.0,0.0,6.0,1.0,2,0.0,0.0,0.0
lynnla01,2011,WS,SLN,NL,1,0,5,0,0,0,0,17,7,4,2,3,4,0.333,6.35,1.0,0.0,0.0,0.0,26.0,1.0,4,0.0,2.0,1.0
motteja01,2011,WS,SLN,NL,0,1,5,0,0,0,1,13,4,3,1,1,1,0.235,6.23,0.0,0.0,0.0,0.0,18.0,3.0,4,0.0,0.0,0.0
ogandal01,2011,WS,TEX,AL,0,0,6,0,0,0,0,8,7,3,1,7,3,0.5,10.12,2.0,1.0,0.0,0.0,21.0,1.0,4,0.0,0.0,0.0
oliveda02,2011,WS,TEX,AL,1,0,3,0,0,0,0,7,3,3,1,0,3,0.375,11.57,0.0,0.0,0.0,0.0,10.0,1.0,3,2.0,0.0,0.0
rhodear01,2011,WS,SLN,NL,0,0,3,0,0,0,0,3,0,0,0,0,0,0.0,0.0,0.0,0.0,0.0,0.0,3.0,0.0,0,0.0,1.0,0.0
rzepcma01,2011,WS,SLN,NL,0,0,4,0,0,0,0,8,2,0,0,0,4,0.2,0.0,0.0,0.0,0.0,0.0,10.0,0.0,0,0.0,0.0,0.0
salasfe01,2011,WS,SLN,NL,0,0,4,0,0,0,0,11,7,3,0,3,4,0.35,7.36,1.0,0.0,0.0,0.0,23.0,0.0,5,0.0,0.0,0.0
westbja01,2011,WS,SLN,NL,1,0,2,0,0,0,0,6,2,0,0,1,0,0.286,0.0,0.0,0.0,0.0,0.0,8.0,2.0,0,0.0,0.0,1.0
wilsocj01,2011,WS,TEX,AL,0,1,3,2,0,0,0,37,8,4,0,11,9,0.205,2.92,4.0,2.0,2.0,0.0,55.0,0.0,5,3.0,0.0,3.0
benoijo01,2012,ALCS,DET,AL,0,0,1,0,0,0,0,2,1,0,0,0,0,0.333,0.0,0.0,0.0,0.0,0.0,3.0,0.0,0,0.0,0.0,0.0
chambjo03,2012,ALCS,NYA,AL,0,0,3,0,0,0,0,4,3,0,0,0,0,0.429,0.0,0.0,0.0,0.0,0.0,7.0,1.0,0,0.0,0.0,0.0
cokeph01,2012,ALCS,DET,AL,0,0,4,0,0,0,2,17,3,0,0,0,4,0.15,0.0,0.0,0.0,0.0,0.0,20.0,3.0,0,0.0,0.0,0.0
doteloc01,2012,ALCS,DET,AL,0,0,2,0,0,0,0,7,0,0,0,2,3,0.0,0.0,0.0,0.0,0.0,0.0,9.0,0.0,0,0.0,0.0,0.0
eppleco01,2012,ALCS,NYA,AL,0,0,4,0,0,0,0,11,4,0,0,1,4,0.25,0.0,0.0,0.0,0.0,0.0,17.0,1.0,0,0.0,0.0,0.0
fistedo01,2012,ALCS,DET,AL,0,0,1,1,0,0,0,19,6,0,0,4,5,0.24,0.0,0.0,0.0,0.0,0.0,29.0,0.0,0,0.0,0.0,1.0
hugheph01,2012,ALCS,NYA,AL,0,1,1,1,0,0,0,9,3,1,1,3,1,0.25,3.0,0.0,0.0,0.0,0.0,15.0,0.0,1,0.0,0.0,0.0
kurodhi01,2012,ALCS,NYA,AL,0,1,1,1,0,0,0,23,5,3,0,0,11,0.179,3.52,0.0,0.0,0.0,0.0,28.0,0.0,3,0.0,0.0,0.0
loganbo02,2012,ALCS,NYA,AL,0,0,3,0,0,0,0,9,3,0,0,0,1,0.273,0.0,0.0,0.0,0.0,0.0,11.0,0.0,0,0.0,0.0,1.0
lowede01,2012,ALCS,NYA,AL,0,0,2,0,0,0,0,5,3,3,2,0,1,0.375,16.2,0.0,0.0,0.0,0.0,8.0,0.0,3,0.0,0.0,0.0
pettian01,2012,ALCS,NYA,AL,0,0,1,1,0,0,0,20,7,2,0,3,5,0.269,2.7,1.0,0.0,0.0,0.0,29.0,0.0,2,0.0,0.0,1.0
phelpda01,2012,ALCS,NYA,AL,0,1,2,0,0,0,0,6,5,2,0,1,1,0.417,9.0,0.0,0.0,0.0,0.0,13.0,1.0,3,0.0,0.0,0.0
rapadcl01,2012,ALCS,NYA,AL,0,0,4,0,0,0,0,4,0,0,0,2,1,0.0,0.0,1.0,0.0,0.0,0.0,6.0,0.0,0,0.0,0.0,0.0
roberda08,2012,ALCS,NYA,AL,0,0,2,0,0,0,0,6,2,1,1,0,2,0.25,4.5,0.0,0.0,0.0,0.0,8.0,1.0,1,0.0,0.0,0.0
sabatcc01,2012,ALCS,NYA,AL,0,1,1,1,0,0,0,11,11,5,2,2,3,0.478,12.27,0.0,0.0,0.0,0.0,25.0,0.0,6,0.0,0.0,0.0
sanchan01,2012,ALCS,DET,AL,1,0,1,1,0,0,0,21,3,0,0,3,7,0.125,0.0,1.0,0.0,0.0,0.0,27.0,0.0,0,0.0,0.0,0.0
scherma01,2012,ALCS,DET,AL,1,0,1,1,0,0,0,17,2,1,0,2,10,0.1,1.59,0.0,0.0,0.0,0.0,22.0,0.0,1,0.0,0.0,0.0
smylydr01,2012,ALCS,DET,AL,1,0,2,0,0,0,0,7,1,0,0,0,2,0.125,0.0,0.0,0.0,0.0,0.0,8.0,1.0,0,0.0,0.0,0.0
soriara01,2012,ALCS,NYA,AL,0,0,1,0,0,0,0,3,0,0,0,0,0,0.0,0.0,0.0,0.0,0.0,0.0,3.0,0.0,0,0.0,0.0,0.0
valvejo01,2012,ALCS,DET,AL,0,0,1,0,0,0,0,2,3,4,2,1,2,0.6,54.0,0.0,0.0,0.0,0.0,6.0,0.0,4,0.0,0.0,0.0
verlaju01,2012,ALCS,DET,AL,1,0,1,1,0,0,0,25,3,1,1,0,3,0.107,1.08,0.0,0.0,0.0,0.0,28.0,0.0,1,0.0,0.0,0.0
ayalalu01,2012,ALDS1,BAL,AL,0,0,1,0,0,0,0,1,2,0,0,0,1,0.667,0.0,0.0,0.0,0.0,0.0,3.0,0.0,0,0.0,0.0,0.0
chambjo03,2012,ALDS1,NYA,AL,0,0,1,0,0,0,0,3,1,0,0,0,1,0.25,0.0,0.0,0.0,0.0,0.0,4.0,0.0,0,0.0,0.0,0.0
chenwe02,2012,ALDS1,BAL,AL,1,0,1,1,0,0,0,19,8,1,0,1,3,0.286,1.42,0.0,0.0,0.0,0.0,29.0,0.0,2,0.0,0.0,0.0
gonzami03,2012,ALDS1,BAL,AL,0,0,1,1,0,0,0,21,5,1,0,0,8,0.2,1.29,0.0,0.0,0.0,0.0,25.0,0.0,1,0.0,0.0,1.0
hammeja01,2012,ALDS1,BAL,AL,0,1,2,2,0,0,0,34,8,4,0,6,11,0.205,3.18,2.0,0.0,0.0,0.0,45.0,0.0,4,0.0,0.0,1.0
hugheph01,2012,ALDS1,NYA,AL,0,0,1,1,0,0,0,20,4,1,1,3,8,0.167,1.35,0.0,0.0,0.0,0.0,27.0,0.0,1,0.0,0.0,0.0
hunteto02,2012,ALDS1,BAL,AL,0,0,2,0,0,0,0,4,0,0,0,0,1,0.0,0.0,0.0,0.0,0.0,0.0,5.0,1.0,0,0.0,1.0,0.0
johnsji04,2012,ALDS1,BAL,AL,0,1,4,0,0,0,2,13,6,5,2,0,4,0.316,10.38,0.0,0.0,0.0,0.0,19.0,2.0,6,0.0,0.0,0.0
kurodhi01,2012,ALDS1,NYA,AL,0,0,1,1,0,0,0,25,5,2,2,1,3,0.172,2.16,0.0,0.0,2.0,0.0,32.0,0.0,2,0.0,0.0,0.0
loganbo02,2012,ALDS1,NYA,AL,0,0,2,0,0,0,0,2,0,0,0,0,1,0.0,0.0,0.0,0.0,0.0,0.0,2.0,0.0,0,0.0,0.0,0.0
lowede01,2012,ALDS1,NYA,AL,0,0,1,0,0,0,0,1,0,0,0,0,0,0.0,0.0,0.0,0.0,0.0,0.0,1.0,1.0,0,0.0,0.0,0.0
matusbr01,2012,ALDS1,BAL,AL,0,1,5,0,0,0,0,13,2,1,1,2,5,0.143,2.08,1.0,1.0,0.0,0.0,16.0,2.0,1,0.0,0.0,1.0
odayda01,2012,ALDS1,BAL,AL,0,0,4,0,0,0,0,15,0,0,0,1,4,0.0,0.0,0.0,0.0,0.0,0.0,16.0,0.0,0,1.0,0.0,0.0
pattotr01,2012,ALDS1,BAL,AL,0,0,3,0,0,0,0,6,3,1,1,2,3,0.333,4.5,0.0,0.0,0.0,0.0,11.0,0.0,1,0.0,0.0,0.0
pettian01,2012,ALDS1,NYA,AL,0,1,1,1,0,0,0,21,7,3,0,1,5,0.241,3.86,0.0,0.0,0.0,0.0,30.0,0.0,3,0.0,0.0,1.0
phelpda01,2012,ALDS1,NYA,AL,0,1,1,0,0,0,0,4,2,1,0,0,1,0.333,6.75,0.0,0.0,0.0,0.0,6.0,0.0,1,0.0,0.0,0.0
rapadcl01,2012,ALDS1,NYA,AL,0,0,1,0,0,0,0,1,0,0,0,0,0,0.0,0.0,0.0,0.0,0.0,0.0,1.0,0.0,0,0.0,0.0,0.0
roberda08,2012,ALDS1,NYA,AL,1,0,4,0,0,0,0,13,1,0,0,0,5,0.071,0.0,0.0,0.0,0.0,0.0,14.0,3.0,0,0.0,0.0,0.0
sabatcc01,2012,ALDS1,NYA,AL,2,0,2,2,1,0,0,53,12,3,0,3,16,0.19,1.53,0.0,0.0,0.0,0.0,67.0,0.0,3,1.0,0.0,2.0
saundjo01,2012,ALDS1,BAL,AL,0,0,1,1,0,0,0,17,3,1,0,4,5,0.176,1.59,0.0,0.0,0.0,0.0,22.0,0.0,1,1.0,0.0,1.0
soriara01,2012,ALDS1,NYA,AL,0,0,2,0,0,0,0,10,2,0,0,0,2,0.222,0.0,0.0,0.0,0.0,0.0,10.0,0.0,0,1.0,0.0,0.0
stroppe01,2012,ALDS1,BAL,AL,1,0,2,0,0,0,0,7,1,0,0,1,2,0.125,0.0,0.0,0.0,0.0,0.0,9.0,0.0,0,0.0,0.0,0.0
albural01,2012,ALDS2,DET,AL,1,0,2,0,0,0,0,4,0,0,0,0,1,0.0,0.0,0.0,0.0,0.0,0.0,4.0,1.0,0,0.0,0.0,0.0
anderbr04,2012,ALDS2,OAK,AL,1,0,1,1,0,0,0,18,2,0,0,2,6,0.105,0.0,0.0,0.0,0.0,0.0,21.0,0.0,0,0.0,0.0,1.0
balfogr01,2012,ALDS2,OAK,AL,0,1,2,0,0,0,1,5,3,1,0,1,2,0.5,5.4,1.0,0.0,0.0,0.0,8.0,2.0,1,0.0,1.0,1.0
benoijo01,2012,ALDS2,DET,AL,0,0,3,0,0,0,0,9,4,2,1,1,2,0.308,6.0,0.0,1.0,0.0,0.0,14.0,0.0,2,0.0,0.0,0.0
blevije01,2012,ALDS2,OAK,AL,0,0,3,0,0,0,0,11,1,0,0,0,0,0.083,0.0,0.0,0.0,0.0,0.0,12.0,1.0,0,0.0,0.0,1.0
cokeph01,2012,ALDS2,DET,AL,0,0,3,0,0,0,0,5,1,0,0,2,1,0.167,0.0,0.0,0.0,0.0,0.0,8.0,0.0,0,0.0,0.0,0.0
cookry01,2012,ALDS2,OAK,AL,1,0,4,0,0,0,0,10,4,3,0,1,4,0.308,8.1,0.0,1.0,1.0,0.0,16.0,1.0,3,1.0,0.0,0.0
doolise01,2012,ALDS2,OAK,AL,0,0,3,0,0,0,0,8,5,1,0,0,5,0.385,3.38,0.0,0.0,0.0,0.0,14.0,0.0,3,1.0,0.0,0.0
doteloc01,2012,ALDS2,DET,AL,0,0,2,0,0,0,0,3,0,0,0,1,2,0.0,0.0,0.0,0.0,0.0,0.0,4.0,0.0,0,0.0,0.0,0.0
fistedo01,2012,ALDS2,DET,AL,0,0,1,1,0,0,0,21,6,2,0,2,8,0.25,2.57,0.0,0.0,2.0,0.0,29.0,0.0,2,1.0,0.0,1.0
griffaj01,2012,ALDS2,OAK,AL,0,0,1,1,0,0,0,15,7,2,1,0,1,0.35,3.6,0.0,0.0,0.0,0.0,21.0,0.0,2,1.0,0.0,1.0
milonto01,2012,ALDS2,OAK,AL,0,0,1,1,0,0,0,18,5,1,0,1,6,0.217,1.5,0.0,1.0,1.0,0.0,25.0,0.0,1,0.0,0.0,0.0
neshepa01,2012,ALDS2,OAK,AL,0,0,1,0,0,0,0,2,0,0,0,0,1,0.0,0.0,0.0,0.0,0.0,0.0,2.0,0.0,0,0.0,0.0,0.0
parkeja02,2012,ALDS2,OAK,AL,0,2,2,2,0,0,0,38,14,6,1,2,11,0.286,4.26,0.0,2.0,1.0,0.0,53.0,0.0,7,1.0,0.0,1.0
porceri01,2012,ALDS2,DET,AL,0,0,1,0,0,0,0,1,0,0,0,0,0,0.0,0.0,0.0,0.0,0.0,0.0,1.0,1.0,0,0.0,0.0,0.0
sanchan01,2012,ALDS2,DET,AL,0,1,1,1,0,0,0,19,5,2,1,2,3,0.227,2.84,0.0,0.0,0.0,0.0,24.0,0.0,2,0.0,0.0,1.0
scherma01,2012,ALDS2,DET,AL,0,0,1,1,0,0,0,16,3,0,0,1,8,0.158,0.0,0.0,1.0,0.0,0.0,20.0,0.0,1,0.0,0.0,0.0
scribev01,2012,ALDS2,OAK,AL,0,0,1,0,0,0,0,6,0,0,0,0,3,0.0,0.0,0.0,0.0,0.0,0.0,6.0,1.0,0,0.0,0.0,0.0
valvejo01,2012,ALDS2,DET,AL,0,1,2,0,0,0,1,5,4,3,0,0,3,0.444,16.2,0.0,0.0,0.0,0.0,9.0,2.0,3,0.0,0.0,0.0
verlaju01,2012,ALDS2,DET,AL,2,0,2,2,1,1,0,48,7,1,1,5,22,0.13,0.56,0.0,0.0,0.0,0.0,59.0,0.0,1,0.0,0.0,0.0
darviyu01,2012,ALWC,TEX,AL,0,1,1,1,0,0,0,20,5,2,0,0,7,0.208,2.7,0.0,0.0,1.0,0.0,27.0,0.0,3,1.0,1.0,0.0
hollade01,2012,ALWC,TEX,AL,0,0,1,0,0,0,0,1,1,0,0,0,1,0.5,0.0,0.0,1.0,0.0,0.0,2.0,0.0,0,0.0,0.0,0.0
johnsji04,2012,ALWC,BAL,AL,0,0,1,0,0,0,0,3,2,0,0,1,0,0.4,0.0,0.0,0.0,0.0,0.0,6.0,1.0,0,0.0,0.0,0.0
matusbr01,2012,ALWC,BAL,AL,0,0,1,0,0,0,0,1,0,0,0,0,1,0.0,0.0,0.0,0.0,0.0,0.0,1.0,0.0,0,0.0,0.0,0.0
nathajo01,2012,ALWC,TEX,AL,0,0,1,0,0,0,0,3,2,2,0,1,1,0.5,18.0,0.0,0.0,0.0,0.0,6.0,1.0,2,0.0,1.0,0.0
odayda01,2012,ALWC,BAL,AL,0,0,1,0,0,0,0,6,1,0,0,0,1,0.143,0.0,0.0,0.0,0.0,0.0,7.0,0.0,0,0.0,0.0,0.0
saundjo01,2012,ALWC,BAL,AL,1,0,1,1,0,0,0,17,6,1,0,1,4,0.286,1.59,0.0,0.0,0.0,0.0,22.0,0.0,1,0.0,0.0,3.0
ueharko01,2012,ALWC,TEX,AL,0,0,1,0,0,0,0,3,0,0,0,0,3,0.0,0.0,0.0,0.0,0.0,0.0,3.0,0.0,0,0.0,0.0,0.0
affelje01,2012,NLCS,SFN,NL,0,0,5,0,0,0,0,14,2,0,0,1,4,0.125,0.0,0.0,1.0,0.0,0.0,17.0,0.0,0,0.0,0.0,0.0
boggsmi01,2012,NLCS,SLN,NL,0,0,4,0,0,0,0,10,4,2,1,2,3,0.308,5.4,0.0,0.0,0.0,0.0,15.0,0.0,2,0.0,0.0,1.0
bumgama01,2012,NLCS,SFN,NL,0,1,1,1,0,0,0,11,8,6,2,1,2,0.421,14.73,0.0,0.0,0.0,0.0,20.0,0.0,6,0.0,0.0,0.0
cainma01,2012,NLCS,SFN,NL,1,1,2,2,0,0,0,37,11,3,1,2,6,0.234,2.19,1.0,0.0,2.0,0.0,51.0,0.0,3,0.0,0.0,1.0
carpech01,2012,NLCS,SLN,NL,0,2,2,2,0,0,0,24,12,4,1,4,7,0.324,4.5,1.0,0.0,0.0,0.0,42.0,0.0,10,1.0,0.0,0.0
garcija01,2012,NLCS,SFN,NL,0,0,4,0,0,0,0,7,2,0,0,0,3,0.2,0.0,0.0,1.0,0.0,0.0,10.0,0.0,0,0.0,0.0,0.0
kellyjo05,2012,NLCS,SLN,NL,0,0,4,0,0,0,0,12,6,2,0,3,2,0.316,4.5,0.0,0.0,0.0,0.0,22.0,0.0,2,0.0,0.0,0.0
kontoge01,2012,NLCS,SFN,NL,0,0,3,0,0,0,0,4,2,2,0,0,0,0.4,13.5,0.0,0.0,0.0,0.0,6.0,1.0,2,1.0,0.0,0.0
linceti01,2012,NLCS,SFN,NL,0,1,2,1,0,0,0,20,6,4,0,4,4,0.25,5.4,0.0,0.0,0.0,0.0,29.0,0.0,4,0.0,1.0,1.0
lohseky01,2012,NLCS,SLN,NL,1,1,2,2,0,0,0,23,13,6,0,6,3,0.394,7.04,1.0,0.0,0.0,0.0,40.0,0.0,6,1.0,0.0,2.0
lopezja02,2012,NLCS,SFN,NL,0,0,3,0,0,0,0,7,0,0,0,2,4,0.0,0.0,0.0,0.0,0.0,0.0,9.0,1.0,0,0.0,0.0,0.0
lynnla01,2012,NLCS,SLN,NL,0,1,2,2,0,0,0,22,9,4,0,4,9,0.29,4.91,0.0,0.0,0.0,0.0,36.0,0.0,8,1.0,0.0,0.0
mijarjo01,2012,NLCS,SFN,NL,0,0,3,0,0,0,0,6,1,0,0,1,3,0.143,0.0,0.0,0.0,0.0,0.0,8.0,1.0,0,0.0,0.0,0.0
millesh01,2012,NLCS,SLN,NL,0,0,2,0,0,0,0,10,4,2,0,1,4,0.286,5.4,0.0,0.0,0.0,0.0,15.0,0.0,2,0.0,0.0,0.0
motagu01,2012,NLCS,SFN,NL,0,0,1,0,0,0,0,2,2,2,0,0,1,0.5,27.0,0.0,0.0,0.0,0.0,4.0,0.0,2,0.0,0.0,0.0
motteja01,2012,NLCS,SLN,NL,0,0,3,0,0,0,2,12,2,1,1,0,0,0.143,2.25,0.0,0.0,0.0,0.0,14.0,3.0,1,0.0,0.0,0.0
mujiced01,2012,NLCS,SLN,NL,1,0,5,0,0,0,0,12,4,0,0,0,3,0.25,0.0,0.0,0.0,0.0,0.0,16.0,2.0,0,0.0,0.0,0.0
romose01,2012,NLCS,SFN,NL,0,0,4,0,0,0,0,10,2,0,0,0,3,0.167,0.0,0.0,1.0,0.0,0.0,12.0,4.0,0,0.0,0.0,0.0
rosentr01,2012,NLCS,SLN,NL,0,0,4,0,0,0,0,16,1,0,0,2,9,0.059,0.0,0.0,0.0,0.0,0.0,19.0,0.0,0,0.0,0.0,0.0
rzepcma01,2012,NLCS,SLN,NL,0,0,3,0,0,0,0,4,1,1,0,1,2,0.2,6.75,0.0,0.0,0.0,0.0,6.0,1.0,1,0.0,0.0,0.0
salasfe01,2012,NLCS,SLN,NL,0,0,4,0,0,0,0,14,3,2,1,0,4,0.176,3.86,0.0,0.0,0.0,0.0,17.0,1.0,2,0.0,0.0,0.0
vogelry01,2012,NLCS,SFN,NL,2,0,2,2,0,0,0,42,8,2,0,3,13,0.157,1.29,0.0,0.0,1.0,0.0,55.0,0.0,2,0.0,0.0,0.0
wainwad01,2012,NLCS,SLN,NL,1,0,1,1,0,0,0,21,4,1,1,0,5,0.16,1.29,0.0,0.0,0.0,0.0,25.0,0.0,1,0.0,0.0,0.0
zitoba01,2012,NLCS,SFN,NL,1,0,1,1,0,0,0,23,6,0,0,1,6,0.214,0.0,1.0,0.0,0.0,0.0,29.0,0.0,0,0.0,0.0,1.0
boggsmi01,2012,NLDS1,SLN,NL,0,1,4,0,0,0,0,11,3,0,0,1,2,0.214,0.0,0.0,0.0,0.0,0.0,16.0,0.0,2,1.0,0.0,0.0
burnese01,2012,NLDS1,WAS,NL,0,0,2,0,0,0,0,3,3,3,1,1,1,0.5,27.0,0.0,0.0,0.0,0.0,7.0,0.0,4,0.0,0.0,0.0
carpech01,2012,NLDS1,SLN,NL,1,0,1,1,0,0,0,17,7,0,0,2,2,0.292,0.0,0.0,0.0,0.0,0.0,27.0,0.0,0,1.0,0.0,0.0
clippty01,2012,NLDS1,WAS,NL,0,0,3,0,0,0,0,9,1,1,1,1,5,0.1,3.0,0.0,0.0,0.0,0.0,12.0,0.0,1,1.0,0.0,0.0
detwiro01,2012,NLDS1,WAS,NL,0,0,1,1,0,0,0,18,3,0,0,3,2,0.15,0.0,1.0,0.0,0.0,0.0,25.0,0.0,1,1.0,1.0,0.0
garcich02,2012,NLDS1,WAS,NL,0,0,2,0,0,0,0,8,2,1,0,4,4,0.222,3.38,1.0,0.0,0.0,0.0,13.0,0.0,1,0.0,0.0,1.0
garcija02,2012,NLDS1,SLN,NL,0,0,1,1,0,0,0,6,2,1,0,3,3,0.25,4.5,0.0,0.0,0.0,0.0,11.0,0.0,1,0.0,0.0,0.0
gonzagi01,2012,NLDS1,WAS,NL,0,0,2,2,0,0,0,30,6,5,0,11,10,0.182,4.5,0.0,2.0,0.0,0.0,45.0,0.0,5,0.0,1.0,1.0
gonzami02,2012,NLDS1,WAS,NL,0,0,1,0,0,0,0,3,1,1,1,0,1,0.25,9.0,0.0,0.0,0.0,0.0,4.0,0.0,1,0.0,0.0,0.0
gorzeto01,2012,NLDS1,WAS,NL,0,0,1,0,0,0,0,1,1,0,0,0,0,0.5,0.0,0.0,0.0,0.0,0.0,2.0,1.0,0,0.0,0.0,0.0
jacksed01,2012,NLDS1,WAS,NL,0,1,2,1,0,0,0,18,9,5,1,3,6,0.375,7.5,0.0,0.0,0.0,0.0,28.0,0.0,5,1.0,0.0,2.0
kellyjo05,2012,NLDS1,SLN,NL,0,0,3,0,0,0,0,11,0,0,0,1,3,0.0,0.0,0.0,0.0,0.0,0.0,12.0,1.0,0,0.0,0.0,0.0
lohseky01,2012,NLDS1,SLN,NL,0,0,1,1,0,0,0,21,2,1,1,1,5,0.091,1.29,0.0,0.0,0.0,0.0,23.0,0.0,1,0.0,0.0,1.0
lynnla01,2012,NLDS1,SLN,NL,1,1,3,0,0,0,0,10,4,3,3,2,6,0.286,8.1,0.0,0.0,0.0,0.0,16.0,1.0,3,0.0,0.0,0.0
matthry01,2012,NLDS1,WAS,NL,1,0,3,0,0,0,0,9,3,2,0,1,0,0.273,6.0,0.0,0.0,0.0,0.0,12.0,0.0,2,0.0,0.0,1.0
motteja01,2012,NLDS1,SLN,NL,1,0,2,0,0,0,0,9,3,1,0,0,1,0.25,3.0,0.0,0.0,0.0,0.0,12.0,2.0,1,0.0,0.0,0.0
mujiced01,2012,NLDS1,SLN,NL,0,0,3,0,0,0,0,9,3,1,0,1,1,0.3,3.0,0.0,0.0,0.0,0.0,12.0,0.0,1,0.0,1.0,0.0
rosentr01,2012,NLDS1,SLN,NL,0,0,3,0,0,0,0,10,1,0,0,0,6,0.091,0.0,0.0,0.0,0.0,0.0,11.0,1.0,0,0.0,0.0,0.0
rzepcma01,2012,NLDS1,SLN,NL,0,0,1,0,0,0,0,1,1,0,0,0,1,0.5,0.0,0.0,0.0,0.0,0.0,2.0,0.0,0,0.0,0.0,0.0
salasfe01,2012,NLDS1,SLN,NL,0,0,1,0,0,0,0,3,0,0,0,0,1,0.0,0.0,0.0,0.0,0.0,0.0,3.0,0.0,0,0.0,0.0,0.0
stammcr01,2012,NLDS1,WAS,NL,0,0,4,0,0,0,0,9,5,3,1,2,3,0.357,9.0,0.0,0.0,3.0,0.0,21.0,0.0,3,1.0,1.0,0.0
storedr01,2012,NLDS1,WAS,NL,1,1,4,0,0,0,1,12,3,4,0,3,6,0.2,9.0,0.0,0.0,0.0,0.0,18.0,4.0,4,0.0,0.0,0.0
wainwad01,2012,NLDS1,SLN,NL,0,0,2,2,0,0,0,24,13,7,3,3,15,0.351,7.88,0.0,1.0,0.0,0.0,40.0,0.0,7,0.0,0.0,0.0
zimmejo02,2012,NLDS1,WAS,NL,0,1,2,1,0,0,0,12,7,5,1,0,5,0.389,11.25,0.0,0.0,0.0,0.0,18.0,0.0,5,0.0,0.0,0.0
affelje01,2012,NLDS2,SFN,NL,0,0,3,0,0,0,0,11,3,0,0,1,2,0.214,0.0,1.0,0.0,1.0,0.0,16.0,0.0,0,0.0,0.0,0.0
arredjo01,2012,NLDS2,CIN,NL,0,0,2,0,0,0,0,4,4,3,1,2,0,0.5,20.25,0.0,1.0,0.0,0.0,10.0,1.0,3,0.0,0.0,0.0
arroybr01,2012,NLDS2,CIN,NL,1,0,1,1,0,0,0,21,1,0,0,1,4,0.045,0.0,0.0,0.0,0.0,0.0,23.0,0.0,0,0.0,0.0,0.0
baileho02,2012,NLDS2,CIN,NL,0,0,1,1,0,0,0,21,1,1,0,1,10,0.05,1.29,0.0,0.0,1.0,0.0,24.0,0.0,1,1.0,1.0,0.0
broxtjo01,2012,NLDS2,CIN,NL,0,1,3,0,0,0,0,9,4,0,0,1,4,0.286,0.0,0.0,0.0,0.0,0.0,15.0,1.0,1,0.0,0.0,0.0
bumgama01,2012,NLDS2,SFN,NL,0,1,1,1,0,0,0,13,7,4,1,1,4,0.35,8.31,0.0,0.0,0.0,0.0,21.0,0.0,4,0.0,0.0,0.0
cainma01,2012,NLDS2,SFN,NL,1,1,2,2,0,0,0,32,11,6,3,3,9,0.268,5.06,0.0,0.0,2.0,0.0,46.0,0.0,6,0.0,0.0,2.0
chapmar01,2012,NLDS2,CIN,NL,0,0,3,0,0,0,0,9,2,1,0,2,3,0.182,3.0,0.0,2.0,0.0,0.0,13.0,2.0,1,0.0,0.0,0.0
cuetojo01,2012,NLDS2,CIN,NL,0,0,1,1,0,0,0,1,0,0,0,0,1,0.0,0.0,0.0,0.0,0.0,0.0,1.0,0.0,0,0.0,0.0,0.0
garcija01,2012,NLDS2,SFN,NL,0,0,5,0,0,0,0,10,6,1,0,1,5,0.375,2.7,0.0,1.0,0.0,0.0,17.0,2.0,2,0.0,0.0,0.0
hoovejj01,2012,NLDS2,CIN,NL,0,0,2,0,0,0,0,8,0,0,0,2,2,0.0,0.0,0.0,0.0,0.0,0.0,8.0,0.0,0,0.0,0.0,2.0
kontoge01,2012,NLDS2,SFN,NL,0,0,4,0,0,0,0,11,2,0,0,0,2,0.167,0.0,0.0,0.0,0.0,0.0,12.0,0.0,0,0.0,0.0,1.0
latosma01,2012,NLDS2,CIN,NL,0,1,2,1,0,0,0,25,11,6,2,2,5,0.297,6.48,0.0,0.0,0.0,0.0,39.0,0.0,7,0.0,0.0,0.0
leakemi01,2012,NLDS2,CIN,NL,0,1,1,1,0,0,0,13,6,5,2,2,1,0.353,10.38,0.0,0.0,0.0,0.0,20.0,0.0,5,1.0,0.0,0.0
lecursa01,2012,NLDS2,CIN,NL,1,0,3,0,0,0,0,12,2,0,0,2,5,0.154,0.0,1.0,0.0,0.0,0.0,16.0,0.0,0,0.0,1.0,0.0
linceti01,2012,NLDS2,SFN,NL,1,0,2,0,0,0,0,19,3,1,0,0,8,0.143,1.42,0.0,0.0,0.0,0.0,22.0,0.0,1,0.0,1.0,0.0
lopezja02,2012,NLDS2,SFN,NL,0,0,2,0,0,0,0,2,0,0,0,0,0,0.0,0.0,0.0,0.0,0.0,0.0,2.0,0.0,0,0.0,0.0,0.0
marshse01,2012,NLDS2,CIN,NL,0,0,3,0,0,0,0,12,0,0,0,0,3,0.0,0.0,0.0,0.0,0.0,0.0,12.0,0.0,0,0.0,0.0,0.0
mijarjo01,2012,NLDS2,SFN,NL,0,0,2,0,0,0,0,1,2,3,0,1,1,0.667,81.0,0.0,0.0,0.0,0.0,4.0,0.0,3,0.0,0.0,0.0
motagu01,2012,NLDS2,SFN,NL,0,0,2,0,0,0,0,3,4,2,0,0,2,0.571,18.0,0.0,0.0,0.0,0.0,7.0,0.0,2,0.0,0.0,0.0
romose01,2012,NLDS2,SFN,NL,1,0,3,0,0,0,1,13,2,1,0,1,1,0.133,2.08,0.0,0.0,0.0,0.0,16.0,3.0,1,0.0,0.0,0.0
simonal01,2012,NLDS2,CIN,NL,0,0,1,0,0,0,0,3,1,0,0,1,1,0.25,0.0,0.0,0.0,0.0,0.0,5.0,1.0,0,0.0,0.0,0.0
vogelry01,2012,NLDS2,SFN,NL,0,0,1,1,0,0,0,15,3,1,0,3,5,0.176,1.8,0.0,0.0,0.0,0.0,20.0,0.0,1,0.0,0.0,0.0
zitoba01,2012,NLDS2,SFN,NL,0,0,1,1,0,0,0,8,4,2,1,4,4,0.333,6.75,0.0,0.0,0.0,0.0,16.0,0.0,2,0.0,0.0,0.0
boggsmi01,2012,NLWC,SLN,NL,0,0,1,0,0,0,0,2,1,0,0,1,0,0.333,0.0,0.0,0.0,0.0,0.0,4.0,0.0,0,0.0,0.0,0.0
durbich01,2012,NLWC,ATL,NL,0,0,1,0,0,0,0,0,0,0,0,0,0,0.0,,0.0,0.0,0.0,0.0,1.0,0.0,1,0.0,0.0,0.0
kimbrcr01,2012,NLWC,ATL,NL,0,0,1,0,0,0,0,3,0,0,0,0,1,0.0,0.0,0.0,0.0,0.0,0.0,3.0,1.0,0,0.0,0.0,0.0
lohseky01,2012,NLWC,SLN,NL,1,0,1,1,0,0,0,17,6,2,1,1,6,0.261,3.18,0.0,0.0,0.0,0.0,24.0,0.0,2,0.0,0.0,0.0
lynnla01,2012,NLWC,SLN,NL,0,0,1,0,0,0,0,1,0,0,0,0,0,0.0,0.0,0.0,0.0,0.0,0.0,1.0,0.0,0,0.0,0.0,0.0
medlekr01,2012,NLWC,ATL,NL,0,1,1,1,0,0,0,19,3,2,1,0,4,0.136,2.84,0.0,0.0,1.0,0.0,25.0,0.0,5,1.0,1.0,0.0
motteja01,2012,NLWC,SLN,NL,0,0,1,0,0,0,1,4,2,0,0,1,1,0.333,0.0,0.0,0.0,0.0,0.0,7.0,1.0,0,0.0,0.0,0.0
mujiced01,2012,NLWC,SLN,NL,0,0,1,0,0,0,0,2,2,1,0,0,0,0.5,13.5,0.0,0.0,0.0,0.0,4.0,0.0,1,0.0,0.0,0.0
oflaher01,2012,NLWC,ATL,NL,0,0,1,0,0,0,0,3,2,0,0,0,0,0.5,0.0,0.0,0.0,0.0,0.0,4.0,0.0,0,0.0,0.0,1.0
rzepcma01,2012,NLWC,SLN,NL,0,0,1,0,0,0,0,1,1,0,0,0,0,0.5,0.0,0.0,0.0,0.0,0.0,2.0,0.0,0,0.0,0.0,0.0
ventejo01,2012,NLWC,ATL,NL,0,0,1,0,0,0,0,2,1,0,0,0,0,0.5,0.0,0.0,0.0,0.0,0.0,2.0,0.0,0,0.0,0.0,1.0
affelje01,2012,WS,SFN,NL,0,0,2,0,0,0,0,6,0,0,0,1,4,0.0,0.0,0.0,0.0,0.0,0.0,7.0,1.0,0,0.0,0.0,0.0
albural01,2012,WS,DET,AL,0,0,1,0,0,0,0,6,1,1,1,0,2,0.143,4.5,0.0,0.0,0.0,0.0,7.0,0.0,1,0.0,0.0,0.0
benoijo01,2012,WS,DET,AL,0,0,2,0,0,0,0,5,1,0,0,0,3,0.167,0.0,0.0,1.0,0.0,0.0,6.0,0.0,0,0.0,0.0,0.0
bumgama01,2012,WS,SFN,NL,1,0,1,1,0,0,0,21,2,0,0,2,8,0.1,0.0,0.0,0.0,1.0,0.0,23.0,0.0,0,0.0,0.0,1.0
cainma01,2012,WS,SFN,NL,0,0,1,1,0,0,0,21,5,3,2,2,5,0.192,3.86,0.0,0.0,0.0,0.0,28.0,0.0,3,0.0,0.0,0.0
cokeph01,2012,WS,DET,AL,0,1,3,0,0,0,0,10,2,1,0,0,8,0.182,2.7,0.0,0.0,0.0,0.0,12.0,3.0,1,1.0,0.0,0.0
doteloc01,2012,WS,DET,AL,0,0,2,0,0,0,0,5,0,0,0,2,1,0.0,0.0,0.0,0.0,0.0,0.0,6.0,0.0,0,0.0,1.0,1.0
fistedo01,2012,WS,DET,AL,0,1,1,1,0,0,0,18,4,1,0,1,3,0.182,1.5,0.0,0.0,0.0,0.0,23.0,0.0,1,0.0,0.0,0.0
garcija01,2012,WS,SFN,NL,1,0,2,0,0,0,0,4,0,0,0,0,0,0.0,0.0,0.0,0.0,1.0,0.0,5.0,0.0,0,0.0,0.0,0.0
kontoge01,2012,WS,SFN,NL,0,0,1,0,0,0,0,1,2,2,1,1,0,0.667,54.0,0.0,0.0,0.0,0.0,4.0,0.0,2,0.0,0.0,0.0
linceti01,2012,WS,SFN,NL,0,0,2,0,0,0,0,14,0,0,0,1,8,0.0,0.0,0.0,0.0,0.0,0.0,16.0,0.0,0,0.0,0.0,0.0
mijarjo01,2012,WS,SFN,NL,0,0,1,0,0,0,0,1,0,0,0,0,0,0.0,0.0,0.0,0.0,0.0,0.0,1.0,0.0,0,0.0,0.0,0.0
porceri01,2012,WS,DET,AL,0,0,1,0,0,0,0,3,0,0,0,0,1,0.0,0.0,0.0,0.0,0.0,0.0,3.0,1.0,0,0.0,0.0,0.0
romose01,2012,WS,SFN,NL,0,0,3,0,0,0,3,9,0,0,0,0,5,0.0,0.0,0.0,0.0,0.0,0.0,9.0,3.0,0,0.0,0.0,0.0
sanchan01,2012,WS,DET,AL,0,1,1,1,0,0,0,21,6,2,0,1,8,0.222,2.57,0.0,1.0,0.0,0.0,28.0,0.0,2,0.0,0.0,0.0
scherma01,2012,WS,DET,AL,0,0,1,1,0,0,0,19,7,3,1,1,8,0.28,4.26,0.0,0.0,0.0,0.0,26.0,0.0,3,0.0,0.0,0.0
smylydr01,2012,WS,DET,AL,0,0,2,0,0,0,0,5,1,1,0,3,2,0.2,5.4,1.0,0.0,0.0,0.0,8.0,0.0,1,0.0,0.0,1.0
valvejo01,2012,WS,DET,AL,0,0,1,0,0,0,0,1,4,2,0,0,1,0.8,54.0,0.0,0.0,0.0,0.0,5.0,0.0,2,0.0,0.0,0.0
verlaju01,2012,WS,DET,AL,0,1,1,1,0,0,0,12,6,5,2,1,4,0.333,11.25,0.0,0.0,0.0,0.0,19.0,0.0,5,0.0,0.0,0.0
vogelry01,2012,WS,SFN,NL,1,0,1,1,0,0,0,17,5,0,0,4,3,0.25,0.0,0.0,0.0,0.0,0.0,24.0,0.0,0,0.0,0.0,2.0
zitoba01,2012,WS,SFN,NL,1,0,1,1,0,0,0,17,6,1,0,1,3,0.273,1.59,0.0,0.0,0.0,0.0,23.0,0.0,1,0.0,0.0,1.0
albural01,2013,ALCS,DET,AL,0,0,6,0,0,0,0,12,2,1,0,2,7,0.154,2.25,1.0,0.0,0.0,0.0,16.0,3.0,1,1.0,0.0,0.0
benoijo01,2013,ALCS,DET,AL,0,0,3,0,0,0,1,7,4,2,1,0,4,0.364,7.71,0.0,0.0,0.0,0.0,11.0,2.0,2,0.0,0.0,0.0
breslcr01,2013,ALCS,BOS,AL,0,0,4,0,0,0,0,10,1,0,0,4,2,0.091,0.0,1.0,0.0,0.0,0.0,15.0,0.0,0,0.0,0.0,0.0
buchhcl01,2013,ALCS,BOS,AL,0,0,2,2,0,0,0,32,12,7,2,2,10,0.279,5.91,0.0,1.0,1.0,0.0,46.0,0.0,7,0.0,0.0,2.0
cokeph01,2013,ALCS,DET,AL,0,0,4,0,0,0,0,3,1,1,0,0,0,0.25,9.0,0.0,0.0,0.0,0.0,4.0,0.0,1,0.0,0.0,0.0
dempsry01,2013,ALCS,BOS,AL,0,0,1,0,0,0,0,3,1,0,0,0,0,0.333,0.0,0.0,0.0,0.0,0.0,3.0,0.0,0,0.0,0.0,1.0
doubrfe01,2013,ALCS,BOS,AL,0,0,2,0,0,0,0,7,1,0,0,2,1,0.143,0.0,0.0,0.0,1.0,0.0,10.0,1.0,0,0.0,0.0,1.0
fistedo01,2013,ALCS,DET,AL,1,0,1,1,0,0,0,18,8,1,0,1,7,0.308,1.5,0.0,0.0,0.0,0.0,27.0,0.0,1,0.0,0.0,0.0
lackejo01,2013,ALCS,BOS,AL,1,0,1,1,0,0,0,20,4,0,0,0,8,0.167,0.0,0.0,0.0,0.0,0.0,24.0,0.0,0,0.0,0.0,0.0
lestejo01,2013,ALCS,BOS,AL,1,1,2,2,0,0,0,35,13,3,0,4,7,0.295,2.31,0.0,0.0,2.0,0.0,51.0,0.0,3,1.0,0.0,2.0
moralfr01,2013,ALCS,BOS,AL,0,0,2,0,0,0,0,3,2,0,0,1,0,0.4,0.0,0.0,0.0,0.0,0.0,6.0,0.0,0,0.0,0.0,0.0
peavyja01,2013,ALCS,BOS,AL,0,1,1,1,0,0,0,9,5,7,0,3,1,0.357,21.0,0.0,0.0,0.0,0.0,17.0,0.0,7,0.0,0.0,0.0
porceri01,2013,ALCS,DET,AL,0,1,1,0,0,0,0,0,2,0,0,0,0,1.0,,0.0,1.0,0.0,0.0,2.0,1.0,1,0.0,0.0,0.0
sanchan01,2013,ALCS,DET,AL,1,1,2,2,0,0,0,36,9,3,1,6,17,0.196,2.25,0.0,3.0,0.0,0.0,52.0,0.0,4,0.0,0.0,1.0
scherma01,2013,ALCS,DET,AL,0,1,2,2,0,0,0,40,6,4,0,7,21,0.14,2.7,0.0,1.0,2.0,0.0,52.0,0.0,4,0.0,0.0,2.0
smylydr01,2013,ALCS,DET,AL,0,0,4,0,0,0,0,6,0,1,0,1,1,0.0,4.5,0.0,0.0,0.0,0.0,8.0,0.0,2,0.0,0.0,0.0
tazawju01,2013,ALCS,BOS,AL,1,0,4,0,0,0,0,8,4,1,0,0,1,0.4,3.38,0.0,0.0,0.0,0.0,10.0,0.0,1,0.0,0.0,2.0
ueharko01,2013,ALCS,BOS,AL,1,0,5,0,0,0,3,18,4,0,0,0,9,0.19,0.0,0.0,0.0,0.0,0.0,21.0,5.0,0,0.0,0.0,1.0
verasjo01,2013,ALCS,DET,AL,0,0,5,0,0,0,0,10,3,2,1,0,6,0.231,5.4,0.0,0.0,0.0,0.0,13.0,0.0,2,0.0,0.0,0.0
verlaju01,2013,ALCS,DET,AL,0,1,1,1,0,0,0,24,4,1,1,1,10,0.143,1.12,0.0,1.0,0.0,0.0,29.0,0.0,1,0.0,0.0,0.0
workmbr01,2013,ALCS,BOS,AL,0,0,3,0,0,0,0,14,3,0,0,2,3,0.2,0.0,0.0,0.0,0.0,0.0,18.0,0.0,0,1.0,0.0,0.0
archech01,2013,ALDS1,TBA,AL,0,0,2,0,0,0,0,5,1,0,0,0,2,0.2,0.0,0.0,0.0,0.0,0.0,6.0,0.0,0,0.0,1.0,0.0
breslcr01,2013,ALDS1,BOS,AL,1,0,3,0,0,0,0,11,2,0,0,1,4,0.167,0.0,0.0,0.0,1.0,0.0,14.0,0.0,0,0.0,0.0,1.0
buchhcl01,2013,ALDS1,BOS,AL,0,0,1,1,0,0,0,18,7,3,1,3,5,0.292,4.5,0.0,0.0,0.0,0.0,27.0,0.0,3,0.0,0.0,0.0
cobbal01,2013,ALDS1,TBA,AL,0,0,1,1,0,0,0,15,5,2,0,2,5,0.25,3.6,0.0,1.0,1.0,0.0,23.0,0.0,3,0.0,0.0,0.0
dempsry01,2013,ALDS1,BOS,AL,0,0,1,0,0,0,0,3,1,0,0,0,2,0.25,0.0,0.0,0.0,0.0,0.0,4.0,1.0,0,0.0,0.0,0.0
hellije01,2013,ALDS1,TBA,AL,0,0,1,1,0,0,0,3,1,0,0,2,0,0.25,0.0,0.0,0.0,0.0,0.0,6.0,0.0,0,0.0,0.0,0.0
lackejo01,2013,ALDS1,BOS,AL,1,0,1,1,0,0,0,16,7,4,0,3,6,0.333,6.75,0.0,0.0,1.0,0.0,26.0,0.0,4,0.0,1.0,1.0
lestejo01,2013,ALDS1,BOS,AL,1,0,1,1,0,0,0,23,3,2,2,3,7,0.115,2.35,0.0,0.0,0.0,0.0,29.0,0.0,2,0.0,0.0,0.0
mcgeeja01,2013,ALDS1,TBA,AL,0,1,3,0,0,0,0,8,3,2,0,3,2,0.273,6.75,1.0,0.0,0.0,0.0,14.0,1.0,2,0.0,0.0,0.0
moorema02,2013,ALDS1,TBA,AL,0,1,2,1,0,0,0,19,9,7,0,3,7,0.321,9.95,1.0,1.0,1.0,0.0,32.0,0.0,8,0.0,0.0,1.0
moralfr01,2013,ALDS1,BOS,AL,0,0,1,0,0,0,0,1,1,1,0,1,0,0.5,27.0,0.0,0.0,0.0,0.0,3.0,0.0,1,0.0,0.0,0.0
peavyja01,2013,ALDS1,BOS,AL,0,0,1,1,0,0,0,17,5,1,0,0,3,0.25,1.59,0.0,0.0,0.0,0.0,20.0,0.0,1,0.0,0.0,2.0
peraljo01,2013,ALDS1,TBA,AL,0,0,2,0,0,0,0,7,2,0,0,1,3,0.25,0.0,0.0,1.0,0.0,0.0,9.0,0.0,0,0.0,0.0,0.0
priceda01,2013,ALDS1,TBA,AL,0,1,1,1,0,0,0,21,9,7,2,2,5,0.321,9.0,0.0,0.0,0.0,0.0,31.0,0.0,7,0.0,1.0,1.0
rodnefe01,2013,ALDS1,TBA,AL,1,0,2,0,0,0,0,4,1,2,0,3,2,0.25,13.5,0.0,1.0,1.0,0.0,9.0,1.0,2,1.0,0.0,0.0
tazawju01,2013,ALDS1,BOS,AL,0,0,4,0,0,0,0,7,1,0,0,0,2,0.143,0.0,0.0,1.0,0.0,0.0,7.0,0.0,0,0.0,0.0,1.0
torreal01,2013,ALDS1,TBA,AL,0,0,3,0,0,0,0,12,2,0,0,0,5,0.143,0.0,0.0,0.0,1.0,0.0,15.0,0.0,0,0.0,0.0,0.0
ueharko01,2013,ALDS1,BOS,AL,0,1,3,0,0,0,2,9,1,1,1,0,4,0.1,3.0,0.0,0.0,0.0,0.0,10.0,3.0,1,0.0,0.0,0.0
workmbr01,2013,ALDS1,BOS,AL,0,0,1,0,0,0,0,2,1,0,0,0,0,0.333,0.0,0.0,0.0,0.0,0.0,3.0,0.0,0,0.0,0.0,0.0
wrighja01,2013,ALDS1,TBA,AL,0,0,2,0,0,0,0,6,4,4,0,3,1,0.5,18.0,0.0,0.0,0.0,0.0,11.0,1.0,4,0.0,0.0,1.0
wrighwe01,2013,ALDS1,TBA,AL,0,0,2,0,0,0,0,2,1,0,0,1,1,0.333,0.0,1.0,0.0,0.0,0.0,4.0,1.0,0,0.0,0.0,0.0
albural01,2013,ALDS2,DET,AL,0,1,1,0,0,0,0,2,2,1,0,1,2,0.5,13.5,1.0,0.0,0.0,0.0,5.0,0.0,1,0.0,0.0,0.0
alvarjo02,2013,ALDS2,DET,AL,0,0,1,0,0,0,0,9,0,0,0,1,3,0.0,0.0,0.0,0.0,0.0,0.0,10.0,0.0,0,0.0,0.0,0.0
anderbr04,2013,ALDS2,OAK,AL,0,0,1,0,0,0,0,1,1,1,0,1,1,0.5,27.0,0.0,1.0,0.0,0.0,3.0,1.0,1,0.0,0.0,0.0
balfogr01,2013,ALDS2,OAK,AL,1,0,3,0,0,0,1,9,0,0,0,1,3,0.0,0.0,0.0,0.0,0.0,0.0,10.0,3.0,0,0.0,0.0,0.0
benoijo01,2013,ALDS2,DET,AL,0,0,3,0,0,0,2,10,3,2,0,1,6,0.231,5.4,0.0,0.0,1.0,0.0,15.0,3.0,2,0.0,0.0,0.0
colonba01,2013,ALDS2,OAK,AL,0,1,1,1,0,0,0,18,10,3,0,0,4,0.4,4.5,0.0,0.0,1.0,0.0,26.0,0.0,3,0.0,0.0,1.0
cookry01,2013,ALDS2,OAK,AL,0,0,1,0,0,0,0,2,1,2,0,1,1,0.333,27.0,0.0,0.0,0.0,0.0,4.0,0.0,2,0.0,0.0,0.0
doolise01,2013,ALDS2,OAK,AL,0,1,4,0,0,0,0,13,3,2,1,2,6,0.176,4.15,0.0,0.0,0.0,0.0,19.0,1.0,2,0.0,0.0,0.0
fistedo01,2013,ALDS2,DET,AL,0,0,1,1,0,0,0,18,7,3,1,1,1,0.292,4.5,0.0,1.0,0.0,0.0,25.0,0.0,3,0.0,0.0,1.0
grayso01,2013,ALDS2,OAK,AL,0,1,2,2,0,0,0,39,10,3,1,6,12,0.217,2.08,1.0,0.0,0.0,0.0,53.0,0.0,3,1.0,0.0,0.0
oteroda01,2013,ALDS2,OAK,AL,0,0,4,0,0,0,0,17,4,0,0,1,2,0.2,0.0,0.0,0.0,0.0,0.0,21.0,0.0,0,0.0,0.0,1.0
parkeja02,2013,ALDS2,OAK,AL,1,0,1,1,0,0,0,15,5,3,0,1,1,0.263,5.4,0.0,0.0,0.0,0.0,20.0,0.0,3,0.0,0.0,1.0
porceri01,2013,ALDS2,DET,AL,0,0,1,0,0,0,0,0,1,0,0,0,0,1.0,,0.0,0.0,0.0,0.0,1.0,1.0,0,0.0,0.0,0.0
sanchan01,2013,ALDS2,DET,AL,0,1,1,1,0,0,0,13,8,5,3,2,6,0.381,10.38,0.0,0.0,0.0,0.0,24.0,0.0,6,0.0,1.0,0.0
scherma01,2013,ALDS2,DET,AL,2,0,2,1,0,0,0,27,6,3,1,4,13,0.188,3.0,1.0,1.0,0.0,0.0,37.0,0.0,3,1.0,0.0,0.0
smylydr01,2013,ALDS2,DET,AL,0,0,2,0,0,0,0,3,1,0,0,2,2,0.25,0.0,0.0,0.0,0.0,0.0,6.0,0.0,0,0.0,0.0,0.0
straida01,2013,ALDS2,OAK,AL,0,0,1,1,0,0,0,18,4,3,1,0,8,0.19,4.5,0.0,0.0,1.0,0.0,22.0,0.0,3,0.0,0.0,1.0
verasjo01,2013,ALDS2,DET,AL,0,0,1,0,0,0,0,5,2,0,0,0,3,0.286,0.0,0.0,0.0,0.0,0.0,7.0,1.0,0,0.0,0.0,0.0
verlaju01,2013,ALDS2,DET,AL,1,0,2,2,0,0,0,45,6,0,0,2,21,0.118,0.0,0.0,0.0,0.0,0.0,53.0,0.0,0,0.0,0.0,0.0
allenco01,2013,ALWC,CLE,AL,0,0,1,0,0,0,0,1,1,0,0,0,1,0.5,0.0,0.0,0.0,0.0,0.0,2.0,0.0,1,0.0,0.0,0.0
cobbal01,2013,ALWC,TBA,AL,1,0,1,1,0,0,0,20,8,0,0,1,5,0.296,0.0,0.0,0.0,0.0,0.0,28.0,0.0,0,0.0,0.0,1.0
masteju01,2013,ALWC,CLE,AL,0,0,1,0,0,0,0,6,1,0,0,0,2,0.167,0.0,0.0,0.0,1.0,0.0,7.0,0.0,0,0.0,0.0,1.0
mcgeeja01,2013,ALWC,TBA,AL,0,0,1,0,0,0,0,1,0,0,0,0,1,0.0,0.0,0.0,0.0,0.0,0.0,1.0,0.0,0,0.0,0.0,0.0
peraljo01,2013,ALWC,TBA,AL,0,0,1,0,0,0,0,3,1,0,0,0,1,0.25,0.0,0.0,0.0,0.0,0.0,4.0,0.0,0,0.0,0.0,0.0
rodnefe01,2013,ALWC,TBA,AL,0,0,1,0,0,0,0,3,0,0,0,0,2,0.0,0.0,0.0,0.0,0.0,0.0,3.0,1.0,0,0.0,0.0,0.0
rzepcma01,2013,ALWC,CLE,AL,0,0,1,0,0,0,0,1,0,0,0,0,1,0.0,0.0,0.0,0.0,0.0,0.0,1.0,0.0,0,0.0,0.0,0.0
salazda01,2013,ALWC,CLE,AL,0,1,1,1,0,0,0,12,4,3,1,2,4,0.25,6.75,1.0,0.0,0.0,0.0,18.0,0.0,3,0.0,0.0,0.0
shawbr01,2013,ALWC,CLE,AL,0,0,1,0,0,0,0,5,1,0,0,0,2,0.2,0.0,0.0,0.0,0.0,0.0,5.0,0.0,0,0.0,0.0,0.0
smithjo05,2013,ALWC,CLE,AL,0,0,1,0,0,0,0,2,1,0,0,0,1,0.25,0.0,0.0,0.0,0.0,0.0,4.0,1.0,0,0.0,0.0,0.0
axforjo01,2013,NLCS,SLN,NL,0,0,2,0,0,0,0,6,2,1,1,1,4,0.25,4.5,0.0,0.0,0.0,0.0,9.0,1.0,1,0.0,0.0,0.0
belisro01,2013,NLCS,LAN,NL,0,0,4,0,0,0,0,8,1,2,0,1,1,0.1,6.75,1.0,0.0,1.0,0.0,12.0,0.0,2,0.0,0.0,0.0
choatra01,2013,NLCS,SLN,NL,0,0,4,0,0,0,0,6,0,0,0,0,1,0.0,0.0,0.0,0.0,0.0,0.0,6.0,1.0,0,0.0,0.0,0.0
greinza01,2013,NLCS,LAN,NL,1,0,2,2,0,0,0,45,10,4,0,2,14,0.192,2.4,0.0,0.0,0.0,0.0,54.0,0.0,4,0.0,0.0,2.0
howeljp01,2013,NLCS,LAN,NL,0,0,4,0,0,0,0,11,4,1,1,2,3,0.286,2.45,0.0,1.0,0.0,0.0,17.0,1.0,1,0.0,1.0,0.0
janseke01,2013,NLCS,LAN,NL,0,0,3,0,0,0,1,6,5,2,0,0,3,0.455,9.0,0.0,0.0,0.0,0.0,11.0,3.0,2,0.0,0.0,0.0
kellyjo05,2013,NLCS,SLN,NL,0,1,2,2,0,0,0,33,13,6,2,2,8,0.289,4.91,0.0,1.0,1.0,0.0,48.0,0.0,6,0.0,0.0,1.0
kershcl01,2013,NLCS,LAN,NL,0,2,2,2,0,0,0,30,12,7,0,3,10,0.3,6.3,1.0,2.0,0.0,0.0,44.0,0.0,8,0.0,1.0,1.0
lynnla01,2013,NLCS,SLN,NL,2,0,2,1,0,0,0,22,7,2,0,4,6,0.269,2.45,1.0,0.0,0.0,0.0,31.0,1.0,2,1.0,0.0,2.0
manesse01,2013,NLCS,SLN,NL,0,0,3,0,0,0,0,4,2,0,0,0,1,0.4,0.0,0.0,0.0,0.0,0.0,5.0,0.0,0,0.0,0.0,1.0
marmoca01,2013,NLCS,LAN,NL,0,0,2,0,0,0,0,11,1,0,0,1,5,0.083,0.0,0.0,0.0,0.0,0.0,13.0,2.0,0,0.0,0.0,0.0
martica04,2013,NLCS,SLN,NL,0,0,4,0,0,0,0,14,1,0,0,1,4,0.077,0.0,0.0,0.0,0.0,0.0,14.0,0.0,0,0.0,0.0,1.0
mujiced01,2013,NLCS,SLN,NL,0,0,1,0,0,0,0,3,1,1,1,0,0,0.25,9.0,0.0,0.0,0.0,0.0,4.0,0.0,1,0.0,0.0,0.0
nolasri01,2013,NLCS,LAN,NL,0,1,1,1,0,0,0,12,3,3,1,1,4,0.214,6.75,0.0,0.0,0.0,0.0,16.0,0.0,3,1.0,0.0,0.0
rosentr01,2013,NLCS,SLN,NL,0,0,4,0,0,0,2,15,2,0,0,1,7,0.133,0.0,1.0,0.0,0.0,0.0,16.0,3.0,0,0.0,0.0,1.0
ryuhy01,2013,NLCS,LAN,NL,1,0,1,1,0,0,0,21,3,0,0,1,4,0.13,0.0,0.0,0.0,0.0,0.0,24.0,0.0,0,0.0,0.0,0.0
siegrke01,2013,NLCS,SLN,NL,0,0,3,0,0,0,0,3,1,1,0,0,1,0.25,9.0,0.0,2.0,0.0,0.0,4.0,0.0,1,0.0,0.0,0.0
wachami01,2013,NLCS,SLN,NL,2,0,2,2,0,0,0,41,7,0,0,2,13,0.149,0.0,1.0,0.0,0.0,0.0,49.0,0.0,0,0.0,0.0,1.0
wainwad01,2013,NLCS,SLN,NL,0,1,1,1,0,0,0,21,6,2,0,0,5,0.231,2.57,0.0,0.0,0.0,0.0,26.0,0.0,2,0.0,0.0,1.0
wilsobr01,2013,NLCS,LAN,NL,0,0,3,0,0,0,0,9,1,0,0,2,4,0.1,0.0,0.0,0.0,0.0,0.0,12.0,0.0,0,0.0,0.0,0.0
withrch01,2013,NLCS,LAN,NL,0,1,3,0,0,0,0,13,2,1,0,5,2,0.154,2.08,0.0,1.0,0.0,1.0,19.0,0.0,1,0.0,0.0,2.0
axforjo01,2013,NLDS1,SLN,NL,0,0,2,0,0,0,0,4,0,0,0,2,0,0.0,0.0,0.0,0.0,0.0,0.0,6.0,0.0,0,0.0,0.0,0.0
burneaj01,2013,NLDS1,PIT,NL,0,1,1,1,0,0,0,6,6,7,1,4,0,0.545,31.5,0.0,0.0,1.0,0.0,16.0,0.0,7,0.0,0.0,1.0
choatra01,2013,NLDS1,SLN,NL,0,0,1,0,0,0,0,2,0,0,0,0,0,0.0,0.0,0.0,0.0,0.0,0.0,1.0,0.0,0,0.0,0.0,1.0
colege01,2013,NLDS1,PIT,NL,1,1,2,2,0,0,0,33,5,3,2,2,10,0.132,2.45,0.0,0.0,0.0,0.0,40.0,0.0,3,0.0,0.0,0.0
gomezje01,2013,NLDS1,PIT,NL,0,0,1,0,0,0,0,12,3,0,0,2,0,0.214,0.0,0.0,0.0,0.0,0.0,17.0,0.0,2,1.0,0.0,0.0
grillja01,2013,NLDS1,PIT,NL,0,0,3,0,0,0,1,7,3,0,0,0,3,0.3,0.0,0.0,0.0,0.0,0.0,10.0,3.0,0,0.0,0.0,0.0
kellyjo05,2013,NLDS1,SLN,NL,0,0,1,1,0,0,0,16,5,2,0,4,5,0.263,3.38,1.0,0.0,0.0,0.0,24.0,0.0,3,1.0,0.0,0.0
liriafr01,2013,NLDS1,PIT,NL,0,0,1,1,0,0,0,18,3,2,0,2,5,0.143,3.0,0.0,1.0,1.0,0.0,24.0,0.0,2,0.0,0.0,0.0
lynnla01,2013,NLDS1,SLN,NL,0,1,1,1,0,0,0,13,7,5,1,3,6,0.35,10.38,1.0,0.0,1.0,0.0,24.0,0.0,5,0.0,0.0,0.0
manesse01,2013,NLDS1,SLN,NL,0,0,2,0,0,0,0,4,1,0,0,0,0,0.25,0.0,0.0,0.0,0.0,0.0,5.0,0.0,0,0.0,1.0,0.0
martica04,2013,NLDS1,SLN,NL,0,1,3,0,0,0,0,6,1,2,0,1,2,0.167,9.0,0.0,0.0,0.0,0.0,7.0,0.0,2,0.0,0.0,0.0
mazzavi01,2013,NLDS1,PIT,NL,0,0,3,0,0,0,0,5,0,0,0,0,2,0.0,0.0,0.0,0.0,0.0,0.0,5.0,0.0,0,0.0,0.0,0.0
melanma01,2013,NLDS1,PIT,NL,1,0,4,0,0,0,0,11,5,4,2,1,2,0.333,9.82,0.0,0.0,0.0,0.0,16.0,1.0,4,0.0,0.0,1.0
millesh01,2013,NLDS1,SLN,NL,0,0,1,0,0,0,0,3,1,1,1,0,1,0.25,9.0,0.0,0.0,0.0,0.0,4.0,0.0,1,0.0,0.0,0.0
morribr01,2013,NLDS1,PIT,NL,0,0,1,0,0,0,0,3,1,0,0,0,1,0.25,0.0,0.0,0.0,0.0,0.0,4.0,1.0,0,0.0,0.0,0.0
mortoch02,2013,NLDS1,PIT,NL,0,1,1,1,0,0,0,17,3,2,1,4,4,0.158,3.18,0.0,0.0,0.0,0.0,24.0,0.0,2,1.0,0.0,0.0
mujiced01,2013,NLDS1,SLN,NL,0,0,1,0,0,0,0,3,0,0,0,0,0,0.0,0.0,0.0,0.0,0.0,0.0,3.0,1.0,0,0.0,0.0,0.0
rosentr01,2013,NLDS1,SLN,NL,0,0,2,0,0,0,1,6,1,0,0,1,2,0.143,0.0,0.0,0.0,0.0,0.0,8.0,2.0,0,0.0,0.0,0.0
siegrke01,2013,NLDS1,SLN,NL,0,0,2,0,0,0,0,5,3,0,0,0,0,0.429,0.0,0.0,0.0,0.0,0.0,8.0,1.0,1,0.0,1.0,1.0
wachami01,2013,NLDS1,SLN,NL,1,0,1,1,0,0,0,22,1,1,1,2,9,0.043,1.23,0.0,0.0,0.0,0.0,25.0,0.0,1,0.0,0.0,0.0
wainwad01,2013,NLDS1,SLN,NL,2,0,2,2,1,0,0,48,11,2,1,1,15,0.196,1.12,0.0,0.0,0.0,0.0,57.0,0.0,2,0.0,0.0,1.0
watsoto01,2013,NLDS1,PIT,NL,0,0,3,0,0,0,0,9,2,0,0,1,1,0.182,0.0,0.0,0.0,0.0,0.0,12.0,0.0,0,0.0,0.0,0.0
wilsoju10,2013,NLDS1,PIT,NL,0,0,2,0,0,0,0,8,2,1,0,1,3,0.2,3.38,0.0,0.0,0.0,0.0,11.0,0.0,1,0.0,0.0,0.0
avilalu01,2013,NLDS2,ATL,NL,0,0,4,0,0,0,0,8,3,0,0,1,1,0.3,0.0,1.0,0.0,0.0,0.0,11.0,1.0,0,0.0,0.0,1.0
ayalalu01,2013,NLDS2,ATL,NL,0,0,3,0,0,0,0,6,1,0,0,2,3,0.2,0.0,1.0,0.0,0.0,0.0,8.0,0.0,0,1.0,0.0,1.0
belisro01,2013,NLDS2,LAN,NL,0,0,3,0,0,0,0,3,2,1,0,1,1,0.4,9.0,0.0,0.0,0.0,0.0,6.0,0.0,1,0.0,0.0,0.0
capuach01,2013,NLDS2,LAN,NL,1,0,1,0,0,0,0,9,0,0,0,3,3,0.0,0.0,0.0,0.0,0.0,0.0,11.0,0.0,0,1.0,0.0,1.0
carpeda01,2013,NLDS2,ATL,NL,0,1,3,0,0,0,0,8,3,4,2,1,3,0.273,13.5,0.0,0.0,0.0,0.0,12.0,1.0,4,0.0,0.0,0.0
garcifr02,2013,NLDS2,ATL,NL,0,0,1,1,0,0,0,18,8,2,2,2,6,0.333,3.0,1.0,0.0,0.0,0.0,26.0,0.0,2,0.0,0.0,1.0
greinza01,2013,NLDS2,LAN,NL,0,1,1,1,0,0,0,18,4,2,0,0,3,0.182,3.0,0.0,0.0,0.0,0.0,22.0,0.0,2,0.0,0.0,0.0
haleda02,2013,NLDS2,ATL,NL,0,0,1,0,0,0,0,1,0,0,0,0,0,0.0,0.0,0.0,0.0,0.0,0.0,1.0,1.0,0,0.0,0.0,0.0
howeljp01,2013,NLDS2,LAN,NL,0,0,3,0,0,0,0,7,1,0,0,1,3,0.125,0.0,0.0,0.0,0.0,0.0,9.0,0.0,0,0.0,0.0,0.0
janseke01,2013,NLDS2,LAN,NL,0,0,3,0,0,0,1,7,1,0,0,1,7,0.125,0.0,0.0,0.0,0.0,0.0,9.0,3.0,0,0.0,0.0,0.0
kershcl01,2013,NLDS2,LAN,NL,1,0,2,2,0,0,0,39,6,1,0,4,18,0.13,0.69,0.0,2.0,0.0,0.0,50.0,0.0,3,0.0,0.0,0.0
kimbrcr01,2013,NLDS2,ATL,NL,0,0,1,0,0,0,1,4,0,0,0,2,2,0.0,0.0,0.0,0.0,0.0,0.0,5.0,1.0,0,0.0,0.0,0.0
medlekr01,2013,NLDS2,ATL,NL,0,1,1,1,0,0,0,12,9,5,1,1,4,0.45,11.25,0.0,0.0,1.0,0.0,23.0,0.0,5,0.0,1.0,0.0
minormi01,2013,NLDS2,ATL,NL,1,0,1,1,0,0,0,19,8,1,0,1,5,0.333,1.42,0.0,0.0,0.0,0.0,26.0,0.0,1,1.0,0.0,2.0
rodrist02,2013,NLDS2,LAN,NL,0,0,2,0,0,0,0,2,4,2,1,2,1,0.667,27.0,1.0,0.0,0.0,0.0,8.0,0.0,2,0.0,0.0,0.0
ryuhy01,2013,NLDS2,LAN,NL,0,0,1,1,0,0,0,9,6,4,0,1,1,0.4,12.0,0.0,0.0,0.0,0.0,16.0,0.0,4,0.0,0.0,1.0
teherju01,2013,NLDS2,ATL,NL,0,1,1,1,0,0,0,8,8,6,1,1,5,0.533,20.25,0.0,1.0,0.0,0.0,17.0,0.0,6,0.0,1.0,0.0
waldejo01,2013,NLDS2,ATL,NL,0,0,2,0,0,0,0,8,3,4,0,1,3,0.273,13.5,0.0,0.0,1.0,0.0,13.0,0.0,4,0.0,0.0,0.0
wilsobr01,2013,NLDS2,LAN,NL,1,0,3,0,0,0,0,9,3,0,0,0,4,0.25,0.0,0.0,0.0,0.0,0.0,12.0,1.0,0,0.0,0.0,0.0
withrch01,2013,NLDS2,LAN,NL,0,0,1,0,0,0,0,2,1,2,0,1,1,0.5,27.0,0.0,0.0,0.0,0.0,4.0,0.0,2,1.0,0.0,0.0
woodal02,2013,NLDS2,ATL,NL,0,0,2,0,0,0,0,10,3,0,1,0,3,0.214,0.0,0.0,1.0,0.0,0.0,14.0,0.0,4,0.0,0.0,0.0
cuetojo01,2013,NLWC,CIN,NL,0,1,1,1,0,0,0,10,8,4,2,1,0,0.471,10.8,0.0,0.0,0.0,0.0,19.0,0.0,4,0.0,1.0,0.0
grillja01,2013,NLWC,PIT,NL,0,0,1,0,0,0,0,3,0,0,0,0,1,0.0,0.0,0.0,0.0,0.0,0.0,3.0,1.0,0,0.0,0.0,0.0
hoovejj01,2013,NLWC,CIN,NL,0,0,1,0,0,0,0,2,0,0,0,0,0,0.0,0.0,0.0,0.0,0.0,0.0,2.0,0.0,0,0.0,0.0,0.0
lecursa01,2013,NLWC,CIN,NL,0,0,1,0,0,0,0,3,1,0,0,0,0,0.333,0.0,0.0,0.0,0.0,0.0,3.0,1.0,0,0.0,0.0,1.0
liriafr01,2013,NLWC,PIT,NL,1,0,1,1,0,0,0,21,4,1,0,1,5,0.167,1.29,0.0,0.0,1.0,0.0,26.0,0.0,1,0.0,0.0,1.0
marshse01,2013,NLWC,CIN,NL,0,0,1,0,0,0,0,0,1,1,0,2,0,1.0,,1.0,0.0,0.0,0.0,3.0,0.0,1,0.0,0.0,0.0
ondrulo01,2013,NLWC,CIN,NL,0,0,1,0,0,0,0,3,1,1,1,0,1,0.25,9.0,0.0,0.0,0.0,0.0,4.0,0.0,1,0.0,0.0,0.0
parrama01,2013,NLWC,CIN,NL,0,0,1,0,0,0,0,2,1,0,0,0,1,0.333,0.0,0.0,0.0,0.0,0.0,3.0,0.0,0,0.0,0.0,0.0
simonal01,2013,NLWC,CIN,NL,0,0,1,0,0,0,0,4,2,0,0,0,0,0.4,0.0,0.0,0.0,0.0,0.0,6.0,0.0,0,1.0,0.0,0.0
watsoto01,2013,NLWC,PIT,NL,0,0,1,0,0,0,0,3,2,1,1,0,0,0.4,9.0,0.0,0.0,0.0,0.0,5.0,0.0,1,0.0,0.0,0.0
axforjo01,2013,WS,SLN,NL,0,0,2,0,0,0,0,7,0,0,0,1,5,0.0,0.0,0.0,0.0,0.0,0.0,8.0,1.0,0,0.0,0.0,0.0
breslcr01,2013,WS,BOS,AL,0,0,3,0,0,0,0,1,3,2,0,2,0,1.0,54.0,0.0,0.0,1.0,0.0,7.0,0.0,3,0.0,1.0,0.0
buchhcl01,2013,WS,BOS,AL,0,0,1,1,0,0,0,12,3,0,0,3,2,0.2,0.0,1.0,1.0,0.0,0.0,18.0,0.0,1,0.0,0.0,0.0
choatra01,2013,WS,SLN,NL,0,0,4,0,0,0,0,2,1,0,0,1,0,0.333,0.0,0.0,0.0,0.0,0.0,4.0,0.0,0,0.0,0.0,0.0
dempsry01,2013,WS,BOS,AL,0,0,1,0,0,0,0,3,2,1,1,0,1,0.4,9.0,0.0,0.0,0.0,0.0,5.0,1.0,1,0.0,0.0,0.0
doubrfe01,2013,WS,BOS,AL,1,0,2,0,0,0,0,14,2,1,0,1,3,0.125,1.93,1.0,0.0,0.0,0.0,17.0,0.0,1,0.0,0.0,0.0
kellyjo05,2013,WS,SLN,NL,0,0,1,1,0,0,0,16,2,2,0,3,6,0.111,3.38,0.0,0.0,0.0,0.0,21.0,0.0,2,0.0,0.0,0.0
lackejo01,2013,WS,BOS,AL,1,1,3,2,0,0,0,42,14,4,0,3,11,0.246,2.57,0.0,3.0,0.0,0.0,60.0,0.0,4,0.0,0.0,1.0
lestejo01,2013,WS,BOS,AL,2,0,2,2,0,0,0,46,9,1,1,1,15,0.173,0.59,0.0,0.0,0.0,0.0,54.0,0.0,1,1.0,0.0,2.0
lynnla01,2013,WS,SLN,NL,0,1,2,1,0,0,0,17,5,3,0,4,5,0.25,4.76,0.0,0.0,0.0,0.0,25.0,0.0,3,0.0,1.0,1.0
manesse01,2013,WS,SLN,NL,0,0,4,0,0,0,0,7,3,1,1,0,2,0.3,3.86,0.0,0.0,0.0,0.0,10.0,0.0,2,0.0,0.0,1.0
martica04,2013,WS,SLN,NL,0,0,5,0,0,0,0,18,5,3,0,1,5,0.217,4.5,1.0,1.0,1.0,0.0,26.0,1.0,3,0.0,1.0,0.0
peavyja01,2013,WS,BOS,AL,0,0,1,1,0,0,0,12,6,2,0,1,4,0.353,4.5,0.0,0.0,0.0,0.0,19.0,0.0,2,1.0,0.0,0.0
rosentr01,2013,WS,SLN,NL,1,0,4,0,0,0,1,14,1,0,0,1,9,0.067,0.0,1.0,0.0,0.0,1.0,16.0,4.0,0,0.0,0.0,0.0
siegrke01,2013,WS,SLN,NL,0,0,4,0,0,0,0,10,2,1,1,0,2,0.154,2.7,0.0,0.0,0.0,0.0,13.0,0.0,1,0.0,0.0,0.0
tazawju01,2013,WS,BOS,AL,0,0,5,0,0,0,0,7,1,0,0,1,3,0.125,0.0,0.0,0.0,0.0,0.0,9.0,0.0,0,0.0,0.0,0.0
ueharko01,2013,WS,BOS,AL,0,0,5,0,0,0,2,14,2,0,0,0,3,0.133,0.0,0.0,0.0,0.0,0.0,15.0,5.0,0,0.0,0.0,0.0
wachami01,2013,WS,SLN,NL,1,1,2,2,0,0,0,29,8,8,2,8,11,0.222,7.45,2.0,0.0,1.0,0.0,45.0,0.0,8,0.0,0.0,1.0
wainwad01,2013,WS,SLN,NL,0,2,2,2,0,0,0,36,14,6,0,2,14,0.286,4.5,0.0,0.0,0.0,0.0,52.0,0.0,8,0.0,1.0,1.0
workmbr01,2013,WS,BOS,AL,0,1,3,0,0,0,0,10,3,0,0,1,1,0.231,0.0,1.0,0.0,0.0,0.0,14.0,0.0,1,0.0,0.0,0.0
brachbr01,2014,ALCS,BAL,AL,0,0,1,0,0,0,0,5,1,0,0,2,1,0.167,0.0,0.0,0.0,0.0,0.0,8.0,0.0,0,0.0,0.0,0.0
brittza01,2014,ALCS,BAL,AL,0,0,3,0,0,0,0,7,3,1,0,4,3,0.3,3.86,1.0,0.0,0.0,0.0,15.0,2.0,1,1.0,0.0,0.0
chenwe02,2014,ALCS,BAL,AL,0,1,1,1,0,0,0,16,7,2,0,1,4,0.333,3.38,0.0,0.0,0.0,0.0,22.0,0.0,2,0.0,0.0,1.0
daviswa01,2014,ALCS,KCA,AL,2,0,4,0,0,0,0,15,2,0,0,0,6,0.118,0.0,0.0,0.0,0.0,0.0,17.0,0.0,0,0.0,0.0,0.0
finnebr01,2014,ALCS,KCA,AL,0,0,2,0,0,0,0,1,3,1,0,1,0,0.75,27.0,0.0,0.0,0.0,0.0,5.0,0.0,1,0.0,0.0,0.0
frasoja01,2014,ALCS,KCA,AL,1,0,1,0,0,0,0,3,0,0,0,0,0,0.0,0.0,0.0,0.0,0.0,0.0,3.0,0.0,0,0.0,0.0,0.0
gausmke01,2014,ALCS,BAL,AL,0,0,2,0,0,0,0,13,1,0,0,1,2,0.083,0.0,0.0,0.0,0.0,0.0,14.0,1.0,0,0.0,1.0,0.0
gonzami03,2014,ALCS,BAL,AL,0,1,1,1,0,0,0,17,4,1,0,4,4,0.2,1.59,1.0,1.0,2.0,0.0,27.0,0.0,2,1.0,0.0,0.0
guthrje01,2014,ALCS,KCA,AL,0,0,1,1,0,0,0,15,3,1,0,2,2,0.167,1.8,0.0,0.0,0.0,0.0,20.0,0.0,1,0.0,0.0,0.0
herreke01,2014,ALCS,KCA,AL,0,0,4,0,0,0,0,17,2,0,0,1,6,0.105,0.0,0.0,0.0,0.0,0.0,20.0,0.0,0,0.0,0.0,1.0
hollagr01,2014,ALCS,KCA,AL,0,0,4,0,0,0,4,12,3,1,0,2,3,0.2,2.25,0.0,0.0,0.0,0.0,17.0,4.0,1,0.0,0.0,0.0
hunteto02,2014,ALCS,BAL,AL,0,0,1,0,0,0,0,2,1,0,0,0,0,1.0,0.0,0.0,0.0,0.0,0.0,2.0,0.0,0,0.0,1.0,0.0
matusbr01,2014,ALCS,BAL,AL,0,0,1,0,0,0,0,2,1,1,1,0,1,0.333,13.5,0.0,0.0,0.0,0.0,3.0,1.0,1,0.0,0.0,0.0
millean01,2014,ALCS,BAL,AL,0,0,3,0,0,0,0,12,1,0,0,0,5,0.083,0.0,0.0,0.0,1.0,0.0,13.0,0.0,0,0.0,0.0,0.0
norribu01,2014,ALCS,BAL,AL,0,0,1,1,0,0,0,13,9,4,1,0,3,0.429,8.31,0.0,0.0,0.0,0.0,21.0,0.0,4,0.0,0.0,1.0
odayda01,2014,ALCS,BAL,AL,0,2,3,0,0,0,0,5,2,3,1,1,2,0.333,16.2,0.0,0.0,0.0,0.0,7.0,0.0,3,0.0,0.0,1.0
shielja02,2014,ALCS,KCA,AL,0,0,1,1,0,0,0,15,10,4,0,1,3,0.4,7.2,0.0,0.0,0.0,0.0,26.0,0.0,4,0.0,0.0,0.0
tillmch01,2014,ALCS,BAL,AL,0,0,1,1,0,0,0,13,7,5,1,2,3,0.35,10.38,0.0,0.0,0.0,0.0,22.0,0.0,5,0.0,0.0,0.0
vargaja01,2014,ALCS,KCA,AL,1,0,1,1,0,0,0,16,2,1,1,3,6,0.125,1.69,0.0,0.0,0.0,0.0,19.0,0.0,1,0.0,0.0,2.0
ventuyo01,2014,ALCS,KCA,AL,0,0,1,1,0,0,0,17,5,4,1,3,3,0.238,6.35,0.0,0.0,0.0,0.0,25.0,0.0,4,0.0,1.0,0.0
colliti01,2014,ALDS1,KCA,AL,0,0,1,0,0,0,0,2,0,0,0,0,1,0.0,0.0,0.0,0.0,1.0,0.0,3.0,0.0,0,1.0,0.0,0.0
daviswa01,2014,ALDS1,KCA,AL,0,0,3,0,0,0,0,10,3,1,0,2,3,0.25,2.7,0.0,1.0,0.0,0.0,14.0,0.0,1,0.0,0.0,0.0
duffyda01,2014,ALDS1,KCA,AL,1,0,1,0,0,0,0,3,1,0,0,0,1,0.25,0.0,0.0,0.0,0.0,0.0,4.0,0.0,0,0.0,0.0,0.0
finnebr01,2014,ALDS1,KCA,AL,1,0,2,0,0,0,0,5,0,0,0,1,0,0.0,0.0,0.0,0.0,0.0,0.0,5.0,0.0,0,1.0,0.0,1.0
frasoja01,2014,ALDS1,KCA,AL,0,0,2,0,0,0,0,4,0,0,0,1,0,0.0,0.0,0.0,0.0,0.0,0.0,5.0,0.0,0,0.0,0.0,0.0
grillja01,2014,ALDS1,LAA,AL,0,0,2,0,0,0,0,6,0,0,0,0,2,0.0,0.0,0.0,0.0,0.0,0.0,6.0,0.0,0,0.0,0.0,0.0
herreke01,2014,ALDS1,KCA,AL,0,0,2,0,0,0,0,3,0,0,0,1,1,0.0,0.0,0.0,0.0,0.0,0.0,4.0,0.0,0,0.0,0.0,0.0
hollagr01,2014,ALDS1,KCA,AL,0,0,3,0,0,0,2,9,0,0,0,0,6,0.0,0.0,0.0,0.0,0.0,0.0,10.0,3.0,0,0.0,0.0,0.0
jepseke01,2014,ALDS1,LAA,AL,0,1,3,0,0,0,0,6,4,3,1,4,1,0.4,13.5,1.0,0.0,0.0,0.0,14.0,0.0,4,0.0,0.0,0.0
morinmi01,2014,ALDS1,LAA,AL,0,0,1,0,0,0,0,3,3,2,1,0,1,0.6,18.0,0.0,1.0,0.0,0.0,6.0,0.0,2,0.0,1.0,0.0
pestavi01,2014,ALDS1,LAA,AL,0,0,2,0,0,0,0,3,1,0,0,0,1,0.25,0.0,0.0,0.0,0.0,0.0,4.0,1.0,0,0.0,0.0,0.0
rasmuco02,2014,ALDS1,LAA,AL,0,0,1,0,0,0,0,8,0,0,0,1,2,0.0,0.0,0.0,0.0,0.0,0.0,9.0,1.0,0,0.0,0.0,0.0
salasfe01,2014,ALDS1,LAA,AL,0,1,2,0,0,0,0,4,1,1,1,0,1,0.2,6.75,0.0,0.0,0.0,0.0,5.0,1.0,1,0.0,0.0,0.0
santihe01,2014,ALDS1,LAA,AL,0,0,1,0,0,0,0,4,1,2,1,2,0,0.2,13.5,0.0,0.0,0.0,0.0,7.0,0.0,2,0.0,0.0,0.0
shielja02,2014,ALDS1,KCA,AL,1,0,1,1,0,0,0,18,6,2,2,2,6,0.25,3.0,0.0,1.0,1.0,0.0,27.0,0.0,2,0.0,0.0,0.0
shoemma01,2014,ALDS1,LAA,AL,0,0,1,1,0,0,0,18,5,1,0,0,6,0.227,1.5,0.0,0.0,0.0,0.0,23.0,0.0,1,1.0,0.0,0.0
smithjo05,2014,ALDS1,LAA,AL,0,0,2,0,0,0,0,6,0,0,0,0,2,0.0,0.0,0.0,0.0,0.0,0.0,6.0,0.0,0,0.0,0.0,0.0
streehu01,2014,ALDS1,LAA,AL,0,0,2,0,0,0,0,9,0,0,0,2,3,0.0,0.0,1.0,0.0,0.0,0.0,11.0,0.0,0,0.0,0.0,0.0
vargaja01,2014,ALDS1,KCA,AL,0,0,1,1,0,0,0,18,3,2,2,1,2,0.143,3.0,0.0,0.0,0.0,0.0,22.0,0.0,2,0.0,0.0,0.0
ventuyo01,2014,ALDS1,KCA,AL,0,0,1,1,0,0,0,21,5,1,0,1,5,0.208,1.29,0.0,0.0,0.0,0.0,25.0,0.0,1,0.0,0.0,1.0
weaveje02,2014,ALDS1,LAA,AL,0,0,1,1,0,0,0,21,3,2,0,2,6,0.143,2.57,0.0,0.0,0.0,0.0,24.0,0.0,2,0.0,1.0,1.0
wilsocj01,2014,ALDS1,LAA,AL,0,1,1,1,0,0,0,2,3,3,0,1,1,0.6,40.5,0.0,0.0,0.0,0.0,6.0,0.0,3,0.0,0.0,0.0
brachbr01,2014,ALDS2,BAL,AL,1,0,1,0,0,0,0,2,0,0,0,0,0,0.0,0.0,0.0,0.0,0.0,0.0,2.0,0.0,0,0.0,0.0,0.0
brittza01,2014,ALDS2,BAL,AL,0,0,3,0,0,0,2,7,2,1,0,1,2,0.25,3.86,1.0,0.0,0.0,0.0,9.0,2.0,1,0.0,0.0,1.0
chambjo03,2014,ALDS2,DET,AL,0,0,2,0,0,0,0,1,3,4,0,0,0,0.6,108.0,0.0,0.0,1.0,0.0,6.0,0.0,5,0.0,0.0,0.0
chenwe02,2014,ALDS2,BAL,AL,0,0,1,1,0,0,0,11,7,5,2,0,3,0.389,12.27,0.0,0.0,0.0,0.0,18.0,0.0,5,0.0,0.0,0.0
cokeph01,2014,ALDS2,DET,AL,0,0,1,0,0,0,0,1,1,1,0,1,0,0.5,27.0,0.0,1.0,0.0,0.0,3.0,1.0,1,0.0,0.0,0.0
gausmke01,2014,ALDS2,BAL,AL,0,0,1,0,0,0,0,11,3,1,0,1,5,0.25,2.45,0.0,0.0,0.0,0.0,13.0,0.0,1,0.0,0.0,1.0
hunteto02,2014,ALDS2,BAL,AL,0,0,1,0,0,0,0,3,2,0,0,1,1,0.4,0.0,0.0,0.0,0.0,0.0,6.0,1.0,0,0.0,0.0,0.0
millean01,2014,ALDS2,BAL,AL,0,0,2,0,0,0,0,10,0,0,0,1,3,0.0,0.0,0.0,0.0,0.0,0.0,11.0,0.0,0,0.0,0.0,0.0
nathajo01,2014,ALDS2,DET,AL,0,0,1,0,0,0,0,3,0,0,0,0,1,0.0,0.0,0.0,0.0,0.0,0.0,3.0,1.0,0,0.0,0.0,0.0
norribu01,2014,ALDS2,BAL,AL,1,0,1,1,0,0,0,19,2,0,0,2,6,0.087,0.0,0.0,1.0,0.0,0.0,25.0,0.0,0,0.0,0.0,0.0
odayda01,2014,ALDS2,BAL,AL,0,0,1,0,0,0,0,3,2,1,1,0,0,0.5,9.0,0.0,0.0,0.0,0.0,4.0,0.0,1,0.0,0.0,0.0
priceda01,2014,ALDS2,DET,AL,0,1,1,1,0,0,0,24,5,2,1,2,6,0.179,2.25,0.0,0.0,1.0,0.0,31.0,0.0,2,0.0,0.0,0.0
sanchan01,2014,ALDS2,DET,AL,0,0,1,0,0,0,0,6,0,0,0,0,2,0.0,0.0,0.0,0.0,0.0,0.0,6.0,0.0,0,0.0,0.0,0.0
scherma01,2014,ALDS2,DET,AL,0,1,1,1,0,0,0,22,7,5,2,1,6,0.259,6.14,0.0,0.0,1.0,0.0,29.0,0.0,5,0.0,0.0,1.0
soriajo01,2014,ALDS2,DET,AL,0,1,2,0,0,0,0,3,4,5,0,2,0,0.571,45.0,1.0,0.0,0.0,0.0,9.0,1.0,5,0.0,0.0,0.0
tillmch01,2014,ALDS2,BAL,AL,1,0,1,1,0,0,0,15,4,2,2,1,6,0.211,3.6,0.0,0.0,0.0,0.0,20.0,0.0,2,0.0,0.0,0.0
verlaju01,2014,ALDS2,DET,AL,0,0,1,1,0,0,0,15,6,3,1,1,4,0.286,5.4,0.0,0.0,0.0,0.0,22.0,0.0,3,0.0,0.0,0.0
abadfe01,2014,ALWC,OAK,AL,0,0,1,0,0,0,0,1,0,0,0,0,0,0.0,0.0,0.0,0.0,0.0,0.0,1.0,0.0,0,0.0,0.0,0.0
daviswa01,2014,ALWC,KCA,AL,0,0,1,0,0,0,0,3,0,0,0,0,1,0.0,0.0,0.0,0.0,0.0,0.0,3.0,0.0,0,0.0,0.0,0.0
doolise01,2014,ALWC,OAK,AL,0,0,1,0,0,0,0,6,2,1,0,0,0,0.4,4.5,0.0,0.0,0.0,0.0,8.0,0.0,1,2.0,1.0,0.0
finnebr01,2014,ALWC,KCA,AL,0,0,1,0,0,0,0,7,1,1,0,1,3,0.143,3.86,0.0,0.0,0.0,0.0,9.0,0.0,1,1.0,0.0,0.0
frasoja01,2014,ALWC,KCA,AL,1,0,1,0,0,0,0,2,1,0,0,0,1,0.333,0.0,0.0,1.0,0.0,0.0,3.0,1.0,0,0.0,0.0,0.0
gregelu01,2014,ALWC,OAK,AL,0,0,1,0,0,0,0,2,1,0,0,1,2,0.333,0.0,0.0,1.0,0.0,0.0,4.0,0.0,0,0.0,0.0,0.0
hammeja01,2014,ALWC,OAK,AL,0,0,1,0,0,0,0,0,1,0,0,0,0,1.0,,0.0,0.0,0.0,0.0,1.0,1.0,0,0.0,0.0,0.0
herreke01,2014,ALWC,KCA,AL,0,0,1,0,0,0,0,5,4,1,0,0,3,0.444,5.4,0.0,0.0,0.0,0.0,9.0,0.0,1,0.0,0.0,0.0
hollagr01,2014,ALWC,KCA,AL,0,0,1,0,0,0,0,3,0,0,0,3,1,0.0,0.0,1.0,0.0,0.0,0.0,6.0,0.0,0,0.0,0.0,0.0
lestejo01,2014,ALWC,OAK,AL,0,0,1,1,0,0,0,22,8,6,0,2,5,0.286,7.36,0.0,0.0,0.0,0.0,31.0,0.0,6,1.0,0.0,0.0
oteroda01,2014,ALWC,OAK,AL,0,1,1,0,0,0,0,4,3,2,0,0,1,0.5,13.5,0.0,0.0,0.0,0.0,7.0,0.0,2,1.0,0.0,0.0
shielja02,2014,ALWC,KCA,AL,0,0,1,1,0,0,0,15,5,4,1,2,6,0.263,7.2,0.0,0.0,0.0,0.0,21.0,0.0,4,0.0,0.0,0.0
ventuyo01,2014,ALWC,KCA,AL,0,0,1,0,0,0,0,1,2,2,1,0,0,0.667,54.0,0.0,1.0,0.0,0.0,3.0,0.0,2,0.0,0.0,0.0
affelje01,2014,NLCS,SFN,NL,1,0,4,0,0,0,0,14,1,0,0,2,1,0.071,0.0,0.0,0.0,0.0,0.0,16.0,1.0,0,0.0,0.0,1.0
bumgama01,2014,NLCS,SFN,NL,1,0,2,2,0,0,0,47,9,3,2,3,12,0.17,1.72,0.0,0.0,1.0,0.0,59.0,0.0,3,2.0,0.0,0.0
choatra01,2014,NLCS,SLN,NL,0,1,4,0,0,0,0,3,1,1,0,3,1,0.25,9.0,0.0,0.0,0.0,0.0,8.0,1.0,2,1.0,0.0,0.0
garcija01,2014,NLCS,SFN,NL,0,0,4,0,0,0,2,11,2,0,0,2,3,0.154,0.0,0.0,0.0,0.0,0.0,15.0,2.0,0,0.0,0.0,0.0
gonzama02,2014,NLCS,SLN,NL,0,1,3,0,0,0,0,9,2,3,0,1,2,0.182,9.0,0.0,0.0,0.0,0.0,13.0,0.0,3,1.0,0.0,0.0
hudsoti01,2014,NLCS,SFN,NL,0,0,1,1,0,0,0,19,7,4,1,0,5,0.28,5.68,0.0,0.0,1.0,0.0,26.0,0.0,4,0.0,0.0,1.0
lackejo01,2014,NLCS,SLN,NL,0,0,1,1,0,0,0,18,5,4,0,1,3,0.217,6.0,1.0,0.0,1.0,0.0,25.0,0.0,4,0.0,0.0,0.0
lopezja02,2014,NLCS,SFN,NL,0,0,3,0,0,0,0,4,2,0,0,0,2,0.333,0.0,0.0,0.0,0.0,0.0,6.0,0.0,0,0.0,0.0,0.0
lynnla01,2014,NLCS,SLN,NL,0,0,1,1,0,0,0,17,6,2,0,1,3,0.273,3.18,0.0,0.0,0.0,0.0,23.0,0.0,2,0.0,0.0,1.0
machije01,2014,NLCS,SFN,NL,0,0,2,0,0,0,0,1,2,1,1,0,0,0.667,27.0,0.0,0.0,0.0,0.0,3.0,0.0,1,0.0,0.0,0.0
manesse01,2014,NLCS,SLN,NL,1,0,4,0,0,0,0,14,4,0,0,0,1,0.222,0.0,0.0,0.0,0.0,0.0,18.0,2.0,0,0.0,0.0,0.0
martica04,2014,NLCS,SLN,NL,0,0,3,0,0,0,0,8,3,0,0,3,1,0.333,0.0,0.0,0.0,0.0,0.0,13.0,0.0,0,1.0,0.0,1.0
millesh01,2014,NLCS,SLN,NL,0,0,1,1,0,0,0,11,6,3,0,2,3,0.4,7.36,0.0,0.0,0.0,0.0,18.0,0.0,3,0.0,1.0,1.0
neshepa01,2014,NLCS,SLN,NL,0,0,4,0,0,0,0,12,1,1,1,0,3,0.077,2.25,0.0,0.0,0.0,0.0,13.0,1.0,1,0.0,0.0,0.0
peavyja01,2014,NLCS,SFN,NL,0,0,1,1,0,0,0,12,4,2,1,3,2,0.267,4.5,1.0,0.0,0.0,0.0,19.0,0.0,2,1.0,0.0,0.0
petityu01,2014,NLCS,SFN,NL,1,0,1,0,0,0,0,9,1,0,0,1,4,0.111,0.0,0.0,0.0,0.0,0.0,10.0,0.0,0,0.0,0.0,1.0
romose01,2014,NLCS,SFN,NL,1,1,4,0,0,0,0,5,2,1,1,0,1,0.286,5.4,0.0,0.0,0.0,0.0,7.0,2.0,1,0.0,0.0,0.0
rosentr01,2014,NLCS,SLN,NL,0,0,1,0,0,0,0,2,2,1,0,2,1,0.5,13.5,0.0,1.0,0.0,0.0,6.0,0.0,1,0.0,0.0,0.0
strichu01,2014,NLCS,SFN,NL,0,0,1,0,0,0,0,4,1,1,1,0,1,0.25,6.75,0.0,0.0,0.0,0.0,4.0,0.0,1,0.0,0.0,0.0
vogelry01,2014,NLCS,SFN,NL,0,0,1,1,0,0,0,9,7,4,1,2,1,0.5,12.0,0.0,0.0,0.0,0.0,16.0,0.0,4,0.0,0.0,2.0
wachami01,2014,NLCS,SLN,NL,0,1,1,0,0,0,0,1,2,3,1,1,0,0.667,81.0,0.0,0.0,0.0,0.0,4.0,1.0,3,0.0,0.0,0.0
wainwad01,2014,NLCS,SLN,NL,0,1,2,2,0,0,0,35,10,4,1,5,9,0.227,3.09,0.0,0.0,0.0,0.0,50.0,0.0,5,0.0,1.0,0.0
affelje01,2014,NLDS1,SFN,NL,0,0,3,0,0,0,0,5,1,0,0,0,1,0.2,0.0,0.0,0.0,0.0,0.0,5.0,1.0,0,0.0,0.0,1.0
barreaa01,2014,NLDS1,WAS,NL,0,0,2,0,0,0,0,1,1,0,0,2,0,1.0,0.0,1.0,1.0,0.0,0.0,3.0,0.0,0,0.0,0.0,0.0
blevije01,2014,NLDS1,WAS,NL,0,0,3,0,0,0,0,10,0,0,0,0,2,0.0,0.0,0.0,0.0,0.0,0.0,10.0,0.0,0,0.0,0.0,0.0
bumgama01,2014,NLDS1,SFN,NL,0,1,1,1,0,0,0,21,6,2,0,1,6,0.222,2.57,0.0,0.0,0.0,0.0,29.0,0.0,3,1.0,0.0,0.0
clippty01,2014,NLDS1,WAS,NL,0,0,3,0,0,0,0,9,1,0,0,1,2,0.1,0.0,0.0,0.0,0.0,0.0,11.0,1.0,0,0.0,0.0,0.0
fistedo01,2014,NLDS1,WAS,NL,1,0,1,1,0,0,0,21,4,0,0,3,3,0.167,0.0,0.0,0.0,0.0,0.0,27.0,0.0,0,0.0,0.0,0.0
garcija01,2014,NLDS1,SFN,NL,0,0,3,0,0,0,2,9,0,0,0,1,2,0.0,0.0,0.0,0.0,0.0,0.0,10.0,2.0,0,0.0,0.0,0.0
gonzagi01,2014,NLDS1,WAS,NL,0,0,1,1,0,0,0,12,4,0,0,1,1,0.235,0.0,0.0,0.0,0.0,0.0,18.0,0.0,2,0.0,0.0,0.0
hudsoti01,2014,NLDS1,SFN,NL,0,0,1,1,0,0,0,22,7,1,0,0,8,0.241,1.23,0.0,0.0,0.0,0.0,29.0,0.0,1,0.0,0.0,0.0
lopezja02,2014,NLDS1,SFN,NL,0,0,3,0,0,0,0,2,0,0,0,1,1,0.0,0.0,0.0,0.0,0.0,0.0,3.0,0.0,0,0.0,0.0,0.0
machije01,2014,NLDS1,SFN,NL,0,0,2,0,0,0,0,6,1,1,1,0,1,0.143,4.5,0.0,0.0,0.0,0.0,7.0,0.0,1,0.0,0.0,0.0
peavyja01,2014,NLDS1,SFN,NL,1,0,1,1,0,0,0,17,2,0,0,3,3,0.111,0.0,0.0,0.0,0.0,0.0,21.0,0.0,0,0.0,0.0,1.0
petityu01,2014,NLDS1,SFN,NL,1,0,1,0,0,0,0,18,1,0,0,3,7,0.053,0.0,1.0,0.0,0.0,0.0,22.0,0.0,0,0.0,0.0,0.0
roarkta01,2014,NLDS1,WAS,NL,0,1,2,0,0,0,0,8,3,1,1,0,3,0.25,3.38,0.0,0.0,0.0,0.0,12.0,1.0,1,0.0,0.0,0.0
romose01,2014,NLDS1,SFN,NL,0,0,3,0,0,0,0,9,2,0,0,0,2,0.182,0.0,0.0,0.0,0.0,0.0,11.0,0.0,0,0.0,0.0,0.0
soriara01,2014,NLDS1,WAS,NL,0,0,2,0,0,0,0,7,1,0,0,0,1,0.143,0.0,0.0,0.0,0.0,0.0,8.0,1.0,0,1.0,0.0,0.0
stammcr01,2014,NLDS1,WAS,NL,0,0,2,0,0,0,0,12,3,1,0,0,2,0.231,2.25,0.0,0.0,0.0,0.0,13.0,0.0,1,0.0,0.0,0.0
storedr01,2014,NLDS1,WAS,NL,0,0,2,0,0,0,0,4,4,1,0,0,1,0.667,6.75,0.0,0.0,0.0,0.0,7.0,1.0,1,0.0,1.0,0.0
strasst01,2014,NLDS1,WAS,NL,0,1,1,1,0,0,0,15,8,1,0,1,2,0.364,1.8,0.0,0.0,1.0,0.0,25.0,0.0,2,1.0,0.0,1.0
strichu01,2014,NLDS1,SFN,NL,1,0,3,0,0,0,1,9,4,3,3,1,4,0.308,9.0,0.0,0.0,0.0,0.0,14.0,1.0,3,0.0,0.0,0.0
thornma01,2014,NLDS1,WAS,NL,0,1,3,0,0,0,0,7,3,1,0,2,1,0.333,3.86,1.0,0.0,0.0,0.0,12.0,0.0,1,1.0,0.0,0.0
vogelry01,2014,NLDS1,SFN,NL,0,0,1,1,0,0,0,17,2,1,0,2,4,0.105,1.59,0.0,0.0,0.0,0.0,21.0,0.0,1,0.0,0.0,0.0
zimmejo02,2014,NLDS1,WAS,NL,0,0,1,1,0,0,0,26,3,1,0,1,6,0.111,1.04,0.0,0.0,0.0,0.0,29.0,0.0,1,1.0,0.0,0.0
baezpe01,2014,NLDS2,LAN,NL,0,0,2,0,0,0,0,7,1,2,1,1,2,0.125,7.71,0.0,0.0,1.0,0.0,10.0,0.0,2,0.0,0.0,0.0
choatra01,2014,NLDS2,SLN,NL,0,0,1,0,0,0,0,0,1,1,1,0,0,1.0,,0.0,0.0,0.0,0.0,1.0,0.0,1,0.0,0.0,0.0
elbersc01,2014,NLDS2,LAN,NL,0,1,2,0,0,0,0,4,3,2,1,0,2,0.5,13.5,0.0,0.0,0.0,0.0,7.0,0.0,2,1.0,0.0,0.0
freemsa01,2014,NLDS2,SLN,NL,0,0,1,0,0,0,0,0,0,0,0,2,0,,,0.0,0.0,0.0,0.0,2.0,0.0,0,0.0,0.0,0.0
gonzama02,2014,NLDS2,SLN,NL,2,0,3,0,0,0,0,9,2,0,0,1,2,0.2,0.0,0.0,0.0,0.0,0.0,11.0,0.0,0,0.0,0.0,1.0
greinza01,2014,NLDS2,LAN,NL,0,0,1,1,0,0,0,21,2,0,0,2,7,0.087,0.0,0.0,1.0,1.0,0.0,26.0,0.0,0,0.0,0.0,0.0
howeljp01,2014,NLDS2,LAN,NL,0,0,3,0,0,0,0,4,5,2,1,0,0,0.714,13.5,0.0,0.0,0.0,0.0,8.0,1.0,2,1.0,0.0,1.0
janseke01,2014,NLDS2,LAN,NL,0,0,1,0,0,0,1,3,0,0,0,0,2,0.0,0.0,0.0,0.0,0.0,0.0,3.0,1.0,0,0.0,0.0,0.0
kershcl01,2014,NLDS2,LAN,NL,0,2,2,2,0,0,0,38,12,11,3,2,19,0.245,7.82,0.0,1.0,0.0,0.0,51.0,0.0,11,0.0,0.0,1.0
lackejo01,2014,NLDS2,SLN,NL,1,0,1,1,0,0,0,21,5,1,0,1,8,0.2,1.29,0.0,0.0,0.0,0.0,27.0,0.0,1,1.0,0.0,0.0
leagubr01,2014,NLDS2,LAN,NL,1,0,4,0,0,0,0,6,1,0,0,1,0,0.167,0.0,1.0,0.0,0.0,0.0,7.0,2.0,0,0.0,0.0,1.0
lynnla01,2014,NLDS2,SLN,NL,0,0,1,1,0,0,0,18,7,2,0,2,8,0.28,3.0,1.0,0.0,0.0,0.0,27.0,0.0,2,0.0,0.0,0.0
manesse01,2014,NLDS2,SLN,NL,0,0,2,0,0,0,0,3,1,0,0,0,1,0.333,0.0,0.0,0.0,0.0,0.0,3.0,0.0,0,0.0,0.0,0.0
martica04,2014,NLDS2,SLN,NL,0,0,1,0,0,0,0,4,0,1,0,1,1,0.0,6.75,0.0,0.0,0.0,0.0,5.0,0.0,1,0.0,0.0,0.0
millesh01,2014,NLDS2,SLN,NL,0,0,1,1,0,0,0,17,5,2,0,3,4,0.263,3.18,0.0,0.0,1.0,0.0,24.0,0.0,2,1.0,0.0,2.0
neshepa01,2014,NLDS2,SLN,NL,0,1,4,0,0,0,0,11,2,1,1,0,3,0.143,2.45,0.0,0.0,0.0,0.0,14.0,1.0,1,0.0,0.0,0.0
rosentr01,2014,NLDS2,SLN,NL,0,0,3,0,0,0,3,9,5,1,0,1,4,0.357,3.0,0.0,0.0,0.0,0.0,15.0,3.0,1,0.0,0.0,0.0
ryuhy01,2014,NLDS2,LAN,NL,0,0,1,1,0,0,0,18,5,1,1,1,4,0.227,1.5,0.0,0.0,0.0,0.0,23.0,0.0,1,0.0,0.0,1.0
wainwad01,2014,NLDS2,SLN,NL,0,0,1,1,0,0,0,13,11,6,1,1,5,0.5,12.46,0.0,1.0,1.0,0.0,26.0,0.0,6,2.0,0.0,0.0
wilsobr01,2014,NLDS2,LAN,NL,0,0,1,0,0,0,0,1,1,0,0,1,1,0.5,0.0,1.0,0.0,0.0,0.0,3.0,0.0,0,0.0,0.0,0.0
bumgama01,2014,NLWC,SFN,NL,1,0,1,1,1,1,0,27,4,0,0,1,10,0.125,0.0,0.0,0.0,0.0,0.0,33.0,0.0,0,0.0,0.0,0.0
holdzjo01,2014,NLWC,PIT,NL,0,0,1,0,0,0,0,3,2,1,0,1,1,0.4,9.0,0.0,0.0,0.0,0.0,6.0,0.0,1,0.0,0.0,0.0
hugheja02,2014,NLWC,PIT,NL,0,0,1,0,0,0,0,3,3,2,0,1,1,0.5,18.0,0.0,0.0,0.0,0.0,7.0,0.0,2,0.0,0.0,0.0
lafrobo01,2014,NLWC,PIT,NL,0,0,1,0,0,0,0,2,0,0,0,0,0,0.0,0.0,0.0,0.0,0.0,0.0,1.0,0.0,0,0.0,0.0,1.0
melanma01,2014,NLWC,PIT,NL,0,0,1,0,0,0,0,3,0,0,0,0,1,0.0,0.0,0.0,0.0,0.0,0.0,3.0,1.0,0,0.0,0.0,0.0
volqued01,2014,NLWC,PIT,NL,0,1,1,1,0,0,0,15,5,5,1,3,3,0.25,9.0,0.0,0.0,0.0,0.0,23.0,0.0,5,0.0,0.0,0.0
wilsoju10,2014,NLWC,PIT,NL,0,0,1,0,0,0,0,1,1,0,0,1,1,0.5,0.0,0.0,1.0,0.0,0.0,3.0,0.0,0,0.0,0.0,0.0
affelje01,2014,WS,SFN,NL,1,0,4,0,0,0,0,16,3,0,0,0,0,0.188,0.0,0.0,0.0,1.0,0.0,17.0,0.0,0,0.0,0.0,3.0
bumgama01,2014,WS,SFN,NL,2,0,3,2,1,1,1,63,9,1,1,1,17,0.127,0.43,0.0,0.0,1.0,0.0,74.0,1.0,1,1.0,0.0,1.0
colliti01,2014,WS,KCA,AL,0,0,3,0,0,0,0,15,6,2,0,2,6,0.286,3.6,0.0,1.0,0.0,0.0,23.0,2.0,2,0.0,0.0,0.0
daviswa01,2014,WS,KCA,AL,0,0,4,0,0,0,0,15,3,0,0,0,10,0.167,0.0,0.0,0.0,0.0,0.0,18.0,1.0,1,0.0,0.0,0.0
duffyda01,2014,WS,KCA,AL,0,0,2,0,0,0,0,11,2,2,0,4,4,0.182,4.91,0.0,0.0,0.0,0.0,17.0,0.0,2,1.0,1.0,0.0
finnebr01,2014,WS,KCA,AL,0,1,2,0,0,0,0,5,5,5,0,2,1,0.556,27.0,1.0,0.0,0.0,0.0,12.0,0.0,5,1.0,0.0,0.0
frasoja01,2014,WS,KCA,AL,0,0,3,0,0,0,0,7,4,1,0,1,2,0.364,3.86,0.0,0.0,0.0,0.0,12.0,1.0,1,0.0,0.0,0.0
garcija01,2014,WS,SFN,NL,0,0,2,0,0,0,0,2,0,0,0,0,2,0.0,0.0,0.0,0.0,0.0,0.0,2.0,2.0,0,0.0,0.0,0.0
guthrje01,2014,WS,KCA,AL,1,1,2,2,0,0,0,25,8,5,0,0,3,0.267,5.4,0.0,0.0,1.0,0.0,33.0,0.0,5,0.0,2.0,0.0
herreke01,2014,WS,KCA,AL,1,0,4,0,0,0,0,20,5,2,0,5,6,0.217,2.7,0.0,0.0,0.0,0.0,28.0,0.0,2,0.0,0.0,2.0
hollagr01,2014,WS,KCA,AL,0,0,3,0,0,0,1,9,1,0,0,0,5,0.1,0.0,0.0,0.0,0.0,0.0,10.0,3.0,0,0.0,0.0,0.0
hudsoti01,2014,WS,SFN,NL,0,1,2,2,0,0,0,22,7,5,0,2,3,0.259,6.14,0.0,0.0,1.0,0.0,31.0,0.0,5,0.0,1.0,1.0
linceti01,2014,WS,SFN,NL,0,0,1,0,0,0,0,5,0,0,0,0,2,0.0,0.0,0.0,0.0,0.0,0.0,5.0,0.0,0,0.0,0.0,0.0
lopezja02,2014,WS,SFN,NL,0,0,3,0,0,0,0,5,2,0,0,0,1,0.333,0.0,0.0,0.0,0.0,0.0,6.0,0.0,0,0.0,0.0,1.0
machije01,2014,WS,SFN,NL,0,0,3,0,0,0,0,10,6,3,0,2,3,0.375,8.1,0.0,0.0,0.0,0.0,18.0,0.0,3,0.0,0.0,0.0
peavyja01,2014,WS,SFN,NL,0,2,2,2,0,0,0,19,12,9,0,3,3,0.4,12.79,0.0,0.0,0.0,0.0,33.0,0.0,9,0.0,0.0,0.0
petityu01,2014,WS,SFN,NL,1,0,2,0,0,0,0,11,5,2,0,0,2,0.333,4.91,0.0,1.0,0.0,0.0,15.0,0.0,2,0.0,0.0,1.0
romose01,2014,WS,SFN,NL,0,0,2,0,0,0,0,7,2,0,0,0,4,0.222,0.0,0.0,0.0,0.0,0.0,9.0,0.0,0,0.0,0.0,0.0
shielja02,2014,WS,KCA,AL,0,2,2,2,0,0,0,27,15,7,1,2,5,0.366,7.0,0.0,2.0,0.0,0.0,43.0,0.0,7,0.0,0.0,0.0
strichu01,2014,WS,SFN,NL,0,0,4,0,0,0,0,12,4,3,2,1,3,0.267,6.75,0.0,1.0,0.0,0.0,16.0,2.0,3,0.0,0.0,1.0
vargaja01,2014,WS,KCA,AL,0,0,1,1,0,0,0,12,6,3,0,2,3,0.333,6.75,0.0,1.0,0.0,0.0,20.0,0.0,3,0.0,0.0,0.0
ventuyo01,2014,WS,KCA,AL,1,0,2,2,0,0,0,37,11,2,1,5,6,0.239,1.46,0.0,0.0,0.0,0.0,51.0,0.0,2,0.0,0.0,1.0
vogelry01,2014,WS,SFN,NL,0,0,2,1,0,0,0,11,7,4,0,2,3,0.412,9.82,0.0,0.0,0.0,0.0,19.0,1.0,4,0.0,0.0,1.0
cuetojo01,2015,ALCS,KCA,AL,0,1,1,1,0,0,0,6,6,8,1,4,2,0.5,36.0,0.0,0.0,1.0,0.0,17.0,0.0,8,0.0,0.0,0.0
daviswa01,2015,ALCS,KCA,AL,1,0,2,0,0,0,1,8,2,0,0,2,5,0.2,0.0,0.0,1.0,0.0,0.0,12.0,2.0,0,0.0,0.0,0.0
dickera01,2015,ALCS,TOR,AL,0,1,1,1,0,0,0,5,4,4,2,2,1,0.5,21.6,0.0,0.0,1.0,0.0,12.0,0.0,5,0.0,1.0,0.0
duffyda01,2015,ALCS,KCA,AL,1,0,2,0,0,0,0,9,4,2,0,0,6,0.333,6.0,0.0,0.0,0.0,0.0,12.0,1.0,2,0.0,0.0,0.0
estrama01,2015,ALCS,TOR,AL,1,1,2,2,0,0,0,39,9,4,2,1,11,0.188,2.77,0.0,0.0,0.0,0.0,49.0,0.0,4,0.0,0.0,1.0
hawkila01,2015,ALCS,TOR,AL,0,0,2,0,0,0,0,3,4,5,0,1,0,0.667,45.0,0.0,0.0,1.0,0.0,9.0,1.0,5,0.0,1.0,0.0
hendrli01,2015,ALCS,TOR,AL,0,0,2,0,0,0,0,14,4,3,0,0,2,0.267,5.79,0.0,0.0,0.0,0.0,16.0,0.0,3,0.0,1.0,0.0
herreke01,2015,ALCS,KCA,AL,0,0,5,0,0,0,0,17,3,0,0,0,10,0.15,0.0,0.0,0.0,0.0,0.0,20.0,0.0,0,0.0,0.0,0.0
hochelu01,2015,ALCS,KCA,AL,1,0,3,0,0,0,0,9,1,0,0,0,0,0.1,0.0,0.0,0.0,0.0,0.0,10.0,1.0,0,0.0,0.0,1.0
loupaa01,2015,ALCS,TOR,AL,0,0,2,0,0,0,0,3,1,1,0,2,0,0.5,9.0,0.0,0.0,0.0,0.0,4.0,0.0,1,0.0,0.0,1.0
lowema01,2015,ALCS,TOR,AL,0,0,4,0,0,0,0,10,1,2,0,0,4,0.091,5.4,0.0,0.0,1.0,0.0,12.0,1.0,2,0.0,0.0,0.0
madsory01,2015,ALCS,KCA,AL,0,0,3,0,0,0,0,7,4,2,1,2,3,0.364,7.71,0.0,0.0,0.0,0.0,13.0,0.0,2,0.0,0.0,0.0
medlekr01,2015,ALCS,KCA,AL,0,0,1,0,0,0,0,15,3,2,2,1,6,0.176,3.6,0.0,0.0,0.0,0.0,18.0,0.0,2,0.0,0.0,1.0
moralfr01,2015,ALCS,KCA,AL,0,0,2,0,0,0,0,6,3,1,0,1,2,0.333,4.5,0.0,0.0,0.0,0.0,10.0,2.0,1,0.0,0.0,0.0
osunaro01,2015,ALCS,TOR,AL,0,1,3,0,0,0,0,8,3,2,1,1,0,0.3,6.75,0.0,0.0,0.0,0.0,11.0,3.0,2,0.0,0.0,1.0
pennicl01,2015,ALCS,TOR,AL,0,0,1,0,0,0,0,1,2,0,0,0,0,0.667,0.0,0.0,0.0,0.0,0.0,3.0,1.0,0,0.0,0.0,0.0
priceda01,2015,ALCS,TOR,AL,0,1,2,2,0,0,0,40,11,8,2,1,16,0.216,5.4,0.0,0.0,0.0,0.0,52.0,0.0,8,0.0,0.0,0.0
sanchaa01,2015,ALCS,TOR,AL,0,0,4,0,0,0,0,6,4,0,0,1,0,0.4,0.0,0.0,0.0,0.0,0.0,11.0,0.0,0,0.0,0.0,0.0
stromma01,2015,ALCS,TOR,AL,1,0,1,1,0,0,0,19,11,4,0,1,1,0.367,5.68,0.0,1.0,0.0,0.0,31.0,0.0,4,0.0,0.0,0.0
teperry01,2015,ALCS,TOR,AL,0,0,1,0,0,0,0,5,5,4,0,2,0,0.714,21.6,0.0,1.0,0.0,0.0,12.0,0.0,4,0.0,3.0,0.0
ventuyo01,2015,ALCS,KCA,AL,0,0,2,2,0,0,0,32,12,4,1,4,11,0.279,3.38,0.0,0.0,0.0,0.0,47.0,0.0,4,0.0,0.0,0.0
volqued01,2015,ALCS,KCA,AL,1,1,2,2,0,0,0,33,5,5,1,8,7,0.139,4.09,0.0,0.0,1.0,0.0,46.0,0.0,5,1.0,0.0,1.0
youngch03,2015,ALCS,KCA,AL,0,0,1,1,0,0,0,14,3,2,0,2,4,0.176,3.86,0.0,0.0,0.0,0.0,19.0,0.0,2,0.0,0.0,0.0
cuetojo01,2015,ALDS1,KCA,AL,1,0,2,2,0,0,0,42,9,6,2,3,13,0.18,3.86,0.0,0.0,0.0,0.0,53.0,0.0,6,0.0,0.0,1.0
daviswa01,2015,ALDS1,KCA,AL,0,0,3,0,0,0,2,12,1,0,0,1,5,0.083,0.0,0.0,0.0,0.0,0.0,13.0,3.0,0,0.0,0.0,0.0
duffyda01,2015,ALDS1,KCA,AL,0,0,1,0,0,0,0,2,1,1,1,0,0,0.333,13.5,0.0,0.0,0.0,0.0,3.0,0.0,1,0.0,0.0,0.0
fieldjo03,2015,ALDS1,HOU,AL,0,0,2,0,0,0,0,5,1,2,1,2,4,0.167,10.8,0.0,0.0,0.0,0.0,8.0,1.0,2,0.0,0.0,0.0
fiersmi01,2015,ALDS1,HOU,AL,0,0,1,0,0,0,0,3,1,1,0,0,0,0.5,9.0,0.0,0.0,0.0,0.0,4.0,0.0,1,1.0,1.0,0.0
gregelu01,2015,ALDS1,HOU,AL,0,0,3,0,0,0,2,9,2,1,1,2,4,0.182,3.0,0.0,0.0,1.0,0.0,14.0,2.0,1,0.0,0.0,0.0
harriwi02,2015,ALDS1,HOU,AL,0,1,3,0,0,0,0,6,8,4,0,0,2,0.615,18.0,0.0,0.0,0.0,0.0,13.0,0.0,5,0.0,0.0,0.0
herreke01,2015,ALDS1,KCA,AL,1,0,3,0,0,0,0,9,2,1,0,2,6,0.182,3.0,0.0,0.0,0.0,0.0,13.0,0.0,1,0.0,0.0,0.0
hochelu01,2015,ALDS1,KCA,AL,0,0,2,0,0,0,0,8,3,0,0,0,2,0.273,0.0,0.0,0.0,0.0,0.0,11.0,2.0,0,0.0,0.0,0.0
kazmisc01,2015,ALDS1,HOU,AL,0,0,1,1,0,0,0,16,5,3,1,1,4,0.25,5.06,0.0,0.0,0.0,0.0,21.0,0.0,3,0.0,0.0,1.0
keuchda01,2015,ALDS1,HOU,AL,1,0,2,1,0,0,0,24,7,4,2,4,7,0.226,4.5,2.0,1.0,0.0,0.0,36.0,1.0,4,1.0,0.0,0.0
madsory01,2015,ALDS1,KCA,AL,1,0,3,0,0,0,0,9,6,3,3,0,7,0.4,9.0,0.0,0.0,0.0,0.0,15.0,0.0,3,0.0,0.0,0.0
mcculla02,2015,ALDS1,HOU,AL,0,0,1,1,0,0,0,19,2,2,1,2,7,0.095,2.84,0.0,0.0,2.0,0.0,25.0,0.0,2,0.0,0.0,0.0
mchugco01,2015,ALDS1,HOU,AL,1,1,2,2,0,0,0,30,9,5,2,2,2,0.243,4.5,0.0,0.0,1.0,0.0,40.0,0.0,5,0.0,0.0,2.0
neshepa01,2015,ALDS1,HOU,AL,0,0,2,0,0,0,0,3,2,0,0,0,2,0.4,0.0,0.0,0.0,0.0,0.0,5.0,1.0,0,0.0,0.0,0.0
perezol01,2015,ALDS1,HOU,AL,0,0,2,0,0,0,0,1,2,1,0,1,0,0.667,27.0,0.0,0.0,0.0,0.0,4.0,0.0,1,0.0,0.0,0.0
sippto01,2015,ALDS1,HOU,AL,0,1,5,0,0,0,0,13,1,0,0,1,4,0.067,0.0,0.0,0.0,0.0,0.0,16.0,0.0,1,0.0,0.0,0.0
ventuyo01,2015,ALDS1,KCA,AL,0,1,2,2,0,0,0,21,8,6,2,4,10,0.276,7.71,1.0,0.0,1.0,0.0,34.0,0.0,6,0.0,0.0,0.0
volqued01,2015,ALDS1,KCA,AL,0,1,1,1,0,0,0,17,5,3,0,4,8,0.25,4.76,1.0,0.0,0.0,0.0,24.0,0.0,3,0.0,0.0,1.0
youngch03,2015,ALDS1,KCA,AL,0,0,1,0,0,0,0,12,3,1,1,2,7,0.231,2.25,0.0,0.0,0.0,0.0,15.0,0.0,1,0.0,0.0,1.0
cecilbr01,2015,ALDS2,TOR,AL,0,0,2,0,0,0,0,6,1,0,0,1,2,0.2,0.0,0.0,0.0,0.0,0.0,7.0,0.0,0,1.0,0.0,0.0
dickera01,2015,ALDS2,TOR,AL,0,0,1,1,0,0,0,14,5,1,0,0,3,0.263,1.93,0.0,1.0,0.0,0.0,19.0,0.0,1,0.0,0.0,0.0
diekmja01,2015,ALDS2,TEX,AL,0,0,4,0,0,0,0,18,2,1,0,0,5,0.105,1.5,0.0,0.0,0.0,0.0,19.0,1.0,1,0.0,0.0,0.0
dysonsa01,2015,ALDS2,TEX,AL,0,0,4,0,0,0,1,11,6,1,1,1,2,0.353,2.45,1.0,0.0,0.0,0.0,18.0,1.0,1,0.0,0.0,0.0
estrama01,2015,ALDS2,TOR,AL,1,0,1,1,0,0,0,19,5,1,0,0,4,0.208,1.42,0.0,0.0,0.0,0.0,24.0,0.0,1,0.0,0.0,0.0
gallayo01,2015,ALDS2,TEX,AL,1,0,1,1,0,0,0,15,4,2,0,1,1,0.211,3.6,0.0,0.0,0.0,0.0,20.0,0.0,2,0.0,0.0,0.0
gonzach01,2015,ALDS2,TEX,AL,0,0,1,0,0,0,0,5,2,1,1,2,0,0.333,5.4,0.0,0.0,0.0,0.0,8.0,0.0,1,0.0,0.0,1.0
hamelco01,2015,ALDS2,TEX,AL,0,1,2,2,0,0,0,40,10,4,2,2,14,0.192,2.7,1.0,0.0,0.0,0.0,55.0,0.0,9,1.0,0.0,1.0
hawkila01,2015,ALDS2,TOR,AL,0,1,1,0,0,0,0,2,3,2,0,0,0,0.6,27.0,0.0,0.0,0.0,0.0,5.0,0.0,2,0.0,0.0,0.0
hendrli01,2015,ALDS2,TOR,AL,0,0,1,0,0,0,0,1,1,0,0,0,0,0.5,0.0,0.0,0.0,0.0,0.0,2.0,1.0,0,0.0,0.0,0.0
hollade01,2015,ALDS2,TEX,AL,0,1,1,1,0,0,0,6,5,6,3,1,0,0.455,27.0,0.0,0.0,0.0,0.0,12.0,0.0,6,0.0,0.0,0.0
kelake01,2015,ALDS2,TEX,AL,1,0,3,0,0,0,0,9,1,1,1,2,2,0.111,3.0,0.0,0.0,0.0,0.0,11.0,1.0,1,0.0,0.0,1.0
lewisco01,2015,ALDS2,TEX,AL,0,0,1,0,0,0,0,9,3,1,0,3,1,0.25,3.0,0.0,0.0,1.0,0.0,16.0,0.0,1,0.0,0.0,0.0
loupaa01,2015,ALDS2,TOR,AL,0,0,2,0,0,0,0,3,0,0,0,0,0,0.0,0.0,0.0,0.0,0.0,0.0,3.0,0.0,0,0.0,0.0,0.0
lowema01,2015,ALDS2,TOR,AL,0,0,2,0,0,0,0,3,0,0,0,2,2,0.0,0.0,0.0,0.0,0.0,0.0,5.0,0.0,0,0.0,0.0,0.0
ohlenro01,2015,ALDS2,TEX,AL,0,0,3,0,0,0,1,10,2,0,0,0,5,0.167,0.0,0.0,0.0,1.0,0.0,13.0,1.0,0,0.0,0.0,0.0
osunaro01,2015,ALDS2,TOR,AL,0,0,4,0,0,0,1,17,0,0,0,0,6,0.0,0.0,0.0,0.0,0.0,0.0,17.0,3.0,0,0.0,0.0,0.0
perezma02,2015,ALDS2,TEX,AL,0,1,1,1,0,0,0,15,6,4,0,3,2,0.353,7.2,1.0,0.0,0.0,0.0,21.0,0.0,4,1.0,0.0,2.0
priceda01,2015,ALDS2,TOR,AL,1,1,2,1,0,0,0,30,11,8,2,2,7,0.282,7.2,0.0,0.0,2.0,0.0,43.0,0.0,8,0.0,0.0,2.0
sanchaa01,2015,ALDS2,TOR,AL,1,0,5,0,0,0,0,16,3,0,0,1,6,0.167,0.0,0.0,0.0,0.0,0.0,20.0,1.0,1,1.0,0.0,0.0
stromma01,2015,ALDS2,TOR,AL,0,0,2,2,0,0,0,39,11,5,1,3,9,0.224,3.46,0.0,0.0,0.0,0.0,53.0,0.0,6,0.0,1.0,0.0
tollesh01,2015,ALDS2,TEX,AL,0,0,2,0,0,0,0,9,1,0,0,0,3,0.1,0.0,0.0,0.0,0.0,0.0,10.0,1.0,0,0.0,0.0,0.0
betande01,2015,ALWC,NYA,AL,0,0,1,0,0,0,0,5,1,1,0,1,4,0.167,5.4,0.0,0.0,0.0,0.0,7.0,0.0,1,0.0,0.0,0.0
gregelu01,2015,ALWC,HOU,AL,0,0,1,0,0,0,1,3,0,0,0,0,2,0.0,0.0,0.0,0.0,0.0,0.0,3.0,1.0,0,0.0,0.0,0.0
harriwi02,2015,ALWC,HOU,AL,0,0,1,0,0,0,0,3,0,0,0,0,0,0.0,0.0,0.0,0.0,0.0,0.0,3.0,0.0,0,0.0,0.0,0.0
keuchda01,2015,ALWC,HOU,AL,1,0,1,1,0,0,0,18,3,0,0,1,7,0.143,0.0,0.0,0.0,0.0,0.0,22.0,0.0,0,0.0,0.0,0.0
millean01,2015,ALWC,NYA,AL,0,0,1,0,0,0,0,3,0,0,0,0,2,0.0,0.0,0.0,0.0,0.0,0.0,3.0,1.0,0,0.0,0.0,0.0
sippto01,2015,ALWC,HOU,AL,0,0,1,0,0,0,0,3,0,0,0,1,1,0.0,0.0,0.0,0.0,0.0,0.0,4.0,0.0,0,0.0,0.0,0.0
tanakma01,2015,ALWC,NYA,AL,0,1,1,1,0,0,0,15,4,2,2,3,3,0.222,3.6,0.0,0.0,0.0,0.0,21.0,0.0,2,0.0,0.0,1.0
wilsoju10,2015,ALWC,NYA,AL,0,0,1,0,0,0,0,4,0,0,0,1,0,0.0,0.0,0.0,0.0,0.0,0.0,4.0,0.0,0,0.0,0.0,1.0
arrieja01,2015,NLCS,CHN,NL,0,1,1,1,0,0,0,15,4,4,1,2,8,0.211,7.2,1.0,0.0,0.0,0.0,21.0,0.0,4,0.0,0.0,0.0
cahiltr01,2015,NLCS,CHN,NL,0,1,3,0,0,0,0,8,3,1,0,0,2,0.273,3.38,0.0,1.0,0.0,0.0,12.0,1.0,1,1.0,0.0,0.0
clippty01,2015,NLCS,NYN,NL,0,0,3,0,0,0,0,9,4,2,1,0,2,0.308,6.0,0.0,0.0,0.0,0.0,13.0,0.0,2,0.0,0.0,0.0
colonba01,2015,NLCS,NYN,NL,1,0,1,0,0,0,0,4,0,0,0,1,1,0.0,0.0,0.0,0.0,0.0,0.0,5.0,0.0,0,0.0,0.0,0.0
degroja01,2015,NLCS,NYN,NL,1,0,1,1,0,0,0,21,4,2,2,1,7,0.16,2.57,0.0,0.0,0.0,0.0,26.0,0.0,2,0.0,0.0,0.0
familje01,2015,NLCS,NYN,NL,0,0,4,0,0,0,3,13,2,0,0,2,3,0.133,0.0,0.0,0.0,0.0,0.0,17.0,4.0,0,0.0,0.0,0.0
grimmju01,2015,NLCS,CHN,NL,0,0,2,0,0,0,0,3,1,0,0,0,1,0.25,0.0,0.0,0.0,0.0,0.0,4.0,0.0,0,0.0,0.0,0.0
hammeja01,2015,NLCS,CHN,NL,0,1,1,1,0,0,0,4,4,5,2,2,1,0.5,33.75,0.0,0.0,1.0,0.0,11.0,0.0,5,0.0,0.0,0.0
harvema01,2015,NLCS,NYN,NL,1,0,1,1,0,0,0,23,4,2,1,2,9,0.154,2.35,1.0,0.0,1.0,0.0,29.0,0.0,2,0.0,0.0,0.0
hendrky01,2015,NLCS,CHN,NL,0,0,1,1,0,0,0,12,5,2,1,1,4,0.312,4.5,0.0,0.0,0.0,0.0,17.0,0.0,2,0.0,0.0,1.0
lestejo01,2015,NLCS,CHN,NL,0,1,1,1,0,0,0,20,8,4,2,1,5,0.32,5.4,0.0,0.0,0.0,0.0,28.0,0.0,4,1.0,1.0,1.0
matzst01,2015,NLCS,NYN,NL,0,0,1,1,0,0,0,14,4,1,0,2,4,0.222,1.93,0.0,0.0,0.0,0.0,20.0,0.0,1,0.0,0.0,0.0
niesejo01,2015,NLCS,NYN,NL,0,0,1,0,0,0,0,1,0,0,0,0,1,0.0,0.0,0.0,0.0,0.0,0.0,1.0,0.0,0,0.0,0.0,0.0
reedad01,2015,NLCS,NYN,NL,0,0,2,0,0,0,0,6,0,0,0,0,1,0.0,0.0,0.0,0.0,0.0,0.0,6.0,0.0,0,0.0,0.0,0.0
richacl01,2015,NLCS,CHN,NL,0,0,4,0,0,0,0,12,3,0,0,1,2,0.214,0.0,0.0,0.0,0.0,0.0,15.0,0.0,0,0.0,0.0,1.0
rodnefe01,2015,NLCS,CHN,NL,0,0,1,0,0,0,0,3,1,2,1,1,2,0.25,18.0,0.0,0.0,0.0,0.0,5.0,0.0,2,0.0,0.0,0.0
rondohe01,2015,NLCS,CHN,NL,0,0,2,0,0,0,0,6,1,0,0,1,2,0.143,0.0,0.0,0.0,0.0,0.0,8.0,2.0,0,0.0,0.0,0.0
stroppe01,2015,NLCS,CHN,NL,0,0,3,0,0,0,0,7,1,0,0,1,2,0.143,0.0,0.0,0.0,1.0,0.0,10.0,1.0,0,1.0,0.0,0.0
syndeno01,2015,NLCS,NYN,NL,1,0,1,1,0,0,0,17,3,1,0,1,9,0.15,1.59,0.0,1.0,0.0,0.0,21.0,0.0,1,0.0,0.0,0.0
woodtr01,2015,NLCS,CHN,NL,0,0,3,0,0,0,0,12,4,3,0,1,8,0.267,6.75,0.0,0.0,0.0,0.0,16.0,0.0,3,0.0,0.0,0.0
arrieja01,2015,NLDS1,CHN,NL,1,0,1,1,0,0,0,17,5,4,1,2,9,0.227,6.35,0.0,0.0,1.0,0.0,25.0,0.0,4,0.0,0.0,0.0
broxtjo01,2015,NLDS1,SLN,NL,0,0,3,0,0,0,0,7,2,1,1,2,3,0.25,3.86,0.0,0.0,0.0,0.0,10.0,2.0,1,0.0,0.0,0.0
cahiltr01,2015,NLDS1,CHN,NL,1,0,3,0,0,0,0,8,4,1,0,0,6,0.333,3.38,0.0,0.0,0.0,0.0,12.0,0.0,1,0.0,0.0,0.0
garcija02,2015,NLDS1,SLN,NL,0,1,1,1,0,0,0,6,4,0,1,1,2,0.444,0.0,0.0,0.0,0.0,0.0,12.0,0.0,5,2.0,0.0,0.0
grimmju01,2015,NLDS1,CHN,NL,0,0,1,0,0,0,0,3,0,0,0,0,3,0.0,0.0,0.0,0.0,0.0,0.0,4.0,0.0,0,0.0,0.0,0.0
hammeja01,2015,NLDS1,CHN,NL,0,0,1,1,0,0,0,9,3,2,1,3,2,0.273,6.0,0.0,0.0,0.0,0.0,14.0,0.0,2,0.0,0.0,0.0
hendrky01,2015,NLDS1,CHN,NL,0,0,1,1,0,0,0,14,4,3,3,0,7,0.222,5.79,0.0,0.0,0.0,0.0,18.0,0.0,3,0.0,0.0,0.0
lackejo01,2015,NLDS1,SLN,NL,1,0,2,2,0,0,0,31,6,4,1,2,10,0.176,3.48,0.0,0.0,0.0,0.0,36.0,0.0,4,0.0,0.0,3.0
lestejo01,2015,NLDS1,CHN,NL,0,1,1,1,0,0,0,22,5,3,1,1,9,0.185,3.68,0.0,2.0,0.0,0.0,28.0,0.0,3,0.0,0.0,0.0
lynnla01,2015,NLDS1,SLN,NL,0,0,1,0,0,0,0,3,1,1,0,1,2,0.25,9.0,0.0,0.0,0.0,0.0,5.0,0.0,1,0.0,0.0,0.0
manesse01,2015,NLDS1,SLN,NL,0,0,2,0,0,0,0,5,2,1,0,1,1,0.333,5.4,0.0,0.0,0.0,0.0,8.0,0.0,1,1.0,0.0,0.0
richacl01,2015,NLDS1,CHN,NL,0,0,2,0,0,0,0,2,0,0,0,0,1,0.0,0.0,0.0,0.0,0.0,0.0,2.0,0.0,0,0.0,0.0,0.0
rodnefe01,2015,NLDS1,CHN,NL,0,0,1,0,0,0,0,2,0,0,0,1,1,0.0,0.0,0.0,0.0,0.0,0.0,3.0,0.0,0,0.0,0.0,0.0
rondohe01,2015,NLDS1,CHN,NL,0,0,3,0,0,0,2,9,4,2,1,0,2,0.308,6.0,0.0,0.0,0.0,0.0,13.0,3.0,2,0.0,0.0,0.0
rosentr01,2015,NLDS1,SLN,NL,0,0,2,0,0,0,0,6,2,0,0,3,4,0.25,0.0,1.0,0.0,0.0,0.0,11.0,2.0,0,0.0,0.0,0.0
siegrke01,2015,NLDS1,SLN,NL,0,1,3,0,0,0,0,9,4,3,3,1,5,0.308,9.0,0.0,0.0,0.0,0.0,14.0,0.0,3,0.0,0.0,0.0
stroppe01,2015,NLDS1,CHN,NL,0,0,3,0,0,0,0,8,1,1,1,0,4,0.111,3.38,0.0,0.0,0.0,0.0,9.0,1.0,1,0.0,0.0,0.0
villaca01,2015,NLDS1,SLN,NL,0,0,1,0,0,0,0,6,0,0,0,1,0,0.0,0.0,0.0,0.0,0.0,0.0,7.0,0.0,0,0.0,0.0,0.0
wachami01,2015,NLDS1,SLN,NL,0,1,1,1,0,0,0,13,6,4,3,3,5,0.333,8.31,1.0,0.0,0.0,0.0,21.0,0.0,4,0.0,0.0,0.0
wainwad01,2015,NLDS1,SLN,NL,0,0,3,0,0,0,0,16,3,1,1,0,6,0.167,1.69,0.0,0.0,0.0,0.0,18.0,0.0,1,0.0,0.0,0.0
woodtr01,2015,NLDS1,CHN,NL,1,0,3,0,0,0,0,11,2,1,0,0,4,0.154,2.45,0.0,0.0,0.0,0.0,13.0,0.0,1,0.0,0.0,0.0
anderbr04,2015,NLDS2,LAN,NL,0,1,1,1,0,0,0,9,7,6,1,0,3,0.438,18.0,0.0,0.0,0.0,0.0,16.0,0.0,6,0.0,0.0,0.0
avilalu01,2015,NLDS2,LAN,NL,0,0,2,0,0,0,0,4,0,0,0,0,2,0.0,0.0,0.0,0.0,0.0,0.0,4.0,1.0,0,0.0,0.0,0.0
baezpe01,2015,NLDS2,LAN,NL,0,0,2,0,0,0,0,1,2,3,0,2,1,0.667,81.0,0.0,0.0,0.0,0.0,5.0,0.0,3,0.0,0.0,0.0
clippty01,2015,NLDS2,NYN,NL,0,0,2,0,0,0,0,5,2,1,0,0,0,0.286,5.4,0.0,0.0,0.0,0.0,7.0,0.0,1,0.0,0.0,0.0
colonba01,2015,NLDS2,NYN,NL,0,0,3,0,0,0,0,12,3,2,1,0,5,0.214,4.5,0.0,0.0,0.0,0.0,14.0,0.0,2,0.0,0.0,2.0
degroja01,2015,NLDS2,NYN,NL,2,0,2,2,0,0,0,39,11,2,0,4,20,0.229,1.38,1.0,0.0,0.0,0.0,54.0,0.0,2,2.0,0.0,1.0
familje01,2015,NLDS2,NYN,NL,0,0,4,0,0,0,2,16,0,0,0,0,3,0.0,0.0,0.0,0.0,0.0,0.0,16.0,4.0,0,0.0,0.0,0.0
garciyi01,2015,NLDS2,LAN,NL,0,0,1,0,0,0,0,3,0,0,0,1,3,0.0,0.0,0.0,0.0,0.0,0.0,4.0,0.0,0,0.0,0.0,0.0
goedder01,2015,NLDS2,NYN,NL,0,0,1,0,0,0,0,0,4,3,1,0,0,1.0,,0.0,0.0,0.0,0.0,4.0,0.0,3,0.0,0.0,0.0
greinza01,2015,NLDS2,LAN,NL,1,1,2,2,0,0,0,41,11,5,3,1,17,0.229,3.29,0.0,0.0,0.0,0.0,50.0,0.0,5,0.0,1.0,2.0
harvema01,2015,NLDS2,NYN,NL,1,0,1,1,0,0,0,15,7,2,0,2,7,0.318,3.6,0.0,0.0,0.0,0.0,24.0,0.0,3,0.0,0.0,0.0
hatchch02,2015,NLDS2,LAN,NL,0,0,4,0,0,0,0,11,0,0,0,1,5,0.0,0.0,0.0,0.0,0.0,0.0,12.0,1.0,0,0.0,0.0,0.0
howeljp01,2015,NLDS2,LAN,NL,0,0,1,0,0,0,0,3,1,0,0,0,0,0.333,0.0,0.0,0.0,0.0,0.0,4.0,0.0,0,0.0,1.0,0.0
janseke01,2015,NLDS2,LAN,NL,0,0,3,0,0,0,2,10,1,0,0,3,4,0.091,0.0,1.0,0.0,0.0,0.0,14.0,3.0,0,0.0,0.0,0.0
kershcl01,2015,NLDS2,LAN,NL,1,1,2,2,0,0,0,41,7,4,2,5,19,0.149,2.63,0.0,0.0,0.0,0.0,53.0,0.0,4,1.0,0.0,0.0
matzst01,2015,NLDS2,NYN,NL,0,1,1,1,0,0,0,15,6,3,0,2,4,0.286,5.4,1.0,0.0,0.0,0.0,23.0,0.0,3,0.0,0.0,0.0
niesejo01,2015,NLDS2,NYN,NL,0,0,1,0,0,0,0,1,0,0,0,0,1,0.0,0.0,0.0,0.0,0.0,0.0,1.0,0.0,0,0.0,0.0,0.0
peraljo01,2015,NLDS2,LAN,NL,0,0,1,0,0,0,0,3,0,0,0,0,1,0.0,0.0,0.0,0.0,0.0,0.0,3.0,0.0,0,0.0,0.0,0.0
reedad01,2015,NLDS2,NYN,NL,0,0,2,0,0,0,0,4,2,1,0,0,1,0.333,6.75,0.0,0.0,0.0,0.0,6.0,0.0,1,0.0,0.0,0.0
robleha01,2015,NLDS2,NYN,NL,0,0,1,0,0,0,0,3,0,0,0,0,2,0.0,0.0,0.0,0.0,0.0,0.0,3.0,1.0,0,0.0,0.0,0.0
syndeno01,2015,NLDS2,NYN,NL,0,1,2,1,0,0,0,22,5,3,0,5,11,0.192,3.68,1.0,0.0,0.0,0.0,31.0,0.0,3,0.0,0.0,1.0
woodal02,2015,NLDS2,LAN,NL,0,0,1,0,0,0,0,6,4,4,1,2,2,0.4,18.0,1.0,0.0,0.0,0.0,12.0,0.0,4,0.0,0.0,0.0
arrieja01,2015,NLWC,CHN,NL,1,0,1,1,1,1,0,27,5,0,0,0,11,0.167,0.0,0.0,0.0,2.0,0.0,32.0,0.0,0,0.0,0.0,2.0
bastaan01,2015,NLWC,PIT,NL,0,0,1,0,0,0,0,3,0,0,0,0,2,0.0,0.0,0.0,0.0,0.0,0.0,3.0,0.0,0,0.0,0.0,0.0
colege01,2015,NLWC,PIT,NL,0,1,1,1,0,0,0,15,6,4,2,1,4,0.3,7.2,0.0,0.0,0.0,0.0,21.0,0.0,4,0.0,0.0,1.0
melanma01,2015,NLWC,PIT,NL,0,0,1,0,0,0,0,3,1,0,0,0,0,0.333,0.0,0.0,0.0,0.0,0.0,3.0,1.0,0,0.0,0.0,0.0
soriajo01,2015,NLWC,PIT,NL,0,0,1,0,0,0,0,3,0,0,0,1,3,0.0,0.0,0.0,0.0,0.0,0.0,4.0,0.0,0,0.0,0.0,0.0
watsoto01,2015,NLWC,PIT,NL,0,0,1,0,0,0,0,3,0,0,0,0,1,0.0,0.0,0.0,0.0,1.0,0.0,4.0,0.0,0,0.0,0.0,0.0
clippty01,2015,WS,NYN,NL,0,1,3,0,0,0,0,6,1,2,0,3,2,0.143,9.0,0.0,1.0,0.0,0.0,10.0,0.0,2,0.0,0.0,0.0
colonba01,2015,WS,NYN,NL,0,1,3,0,0,0,0,10,4,0,0,3,1,0.308,0.0,3.0,0.0,0.0,0.0,18.0,2.0,1,1.0,1.0,0.0
cuetojo01,2015,WS,KCA,AL,1,0,1,1,1,0,0,27,2,1,0,3,4,0.071,1.0,0.0,0.0,0.0,0.0,31.0,0.0,1,0.0,0.0,1.0
daviswa01,2015,WS,KCA,AL,0,0,3,0,0,0,1,12,3,0,0,0,8,0.214,0.0,0.0,0.0,0.0,0.0,14.0,2.0,0,0.0,0.0,0.0
degroja01,2015,WS,NYN,NL,0,1,1,1,0,0,0,15,6,4,0,3,2,0.273,7.2,0.0,0.0,0.0,0.0,25.0,0.0,4,0.0,0.0,0.0
duffyda01,2015,WS,KCA,AL,0,0,3,0,0,0,0,7,2,1,1,0,3,0.25,3.86,0.0,0.0,0.0,0.0,8.0,0.0,1,0.0,0.0,0.0
familje01,2015,WS,NYN,NL,0,0,4,0,0,0,0,15,3,1,1,0,3,0.167,1.8,0.0,0.0,0.0,0.0,18.0,1.0,2,0.0,0.0,1.0
gilmase01,2015,WS,NYN,NL,0,0,1,0,0,0,0,2,0,0,0,0,0,0.0,0.0,0.0,0.0,0.0,0.0,2.0,1.0,0,0.0,0.0,0.0
harvema01,2015,WS,NYN,NL,0,0,2,2,0,0,0,42,10,5,1,4,11,0.196,3.21,0.0,0.0,0.0,0.0,56.0,0.0,5,0.0,1.0,1.0
herreke01,2015,WS,KCA,AL,0,0,3,0,0,0,0,15,5,0,0,1,6,0.263,0.0,0.0,0.0,0.0,0.0,21.0,0.0,1,0.0,1.0,1.0
hochelu01,2015,WS,KCA,AL,1,0,4,0,0,0,0,15,2,0,0,1,2,0.125,0.0,0.0,0.0,0.0,0.0,17.0,0.0,0,0.0,0.0,0.0
madsory01,2015,WS,KCA,AL,1,0,3,0,0,0,0,9,2,0,0,1,5,0.2,0.0,0.0,0.0,0.0,0.0,12.0,0.0,0,1.0,0.0,0.0
matzst01,2015,WS,NYN,NL,0,0,1,1,0,0,0,15,7,2,0,0,5,0.333,3.6,0.0,0.0,0.0,0.0,21.0,0.0,2,0.0,0.0,0.0
medlekr01,2015,WS,KCA,AL,0,0,1,0,0,0,0,3,0,0,0,0,2,0.0,0.0,0.0,0.0,0.0,0.0,3.0,1.0,0,0.0,0.0,0.0
moralfr01,2015,WS,KCA,AL,0,0,1,0,0,0,0,1,2,4,0,0,0,0.5,108.0,0.0,0.0,1.0,0.0,5.0,0.0,4,0.0,0.0,0.0
niesejo01,2015,WS,NYN,NL,0,0,4,0,0,0,0,14,5,3,0,1,4,0.263,5.79,0.0,0.0,0.0,0.0,20.0,0.0,3,0.0,0.0,0.0
reedad01,2015,WS,NYN,NL,0,1,5,0,0,0,0,11,4,4,0,1,1,0.267,9.82,1.0,0.0,0.0,0.0,17.0,0.0,5,0.0,1.0,0.0
robleha01,2015,WS,NYN,NL,0,0,2,0,0,0,0,6,0,0,0,0,2,0.0,0.0,0.0,0.0,0.0,0.0,6.0,1.0,0,0.0,0.0,0.0
syndeno01,2015,WS,NYN,NL,1,0,1,1,0,0,0,18,7,3,0,2,6,0.304,4.5,0.0,0.0,0.0,0.0,26.0,0.0,3,1.0,0.0,0.0
ventuyo01,2015,WS,KCA,AL,0,1,1,1,0,0,0,10,7,5,2,0,1,0.412,13.5,0.0,0.0,0.0,0.0,17.0,0.0,5,0.0,0.0,0.0
volqued01,2015,WS,KCA,AL,0,0,2,2,0,0,0,36,8,4,2,6,8,0.195,3.0,1.0,0.0,1.0,0.0,50.0,0.0,5,0.0,2.0,2.0
youngch03,2015,WS,KCA,AL,1,0,2,1,0,0,0,21,2,2,1,2,7,0.095,2.57,0.0,1.0,0.0,0.0,25.0,1.0,2,1.0,1.0,0.0
allenco01,2016,ALCS,CLE,AL,0,0,4,0,0,0,3,14,1,0,0,1,7,0.067,0.0,0.0,0.0,0.0,0.0,16.0,3.0,0,0.0,0.0,0.0
bauertr01,2016,ALCS,CLE,AL,0,0,1,1,0,0,0,2,0,0,0,2,1,0.0,0.0,0.0,0.0,0.0,0.0,4.0,0.0,0,0.0,0.0,0.0
biagijo01,2016,ALCS,TOR,AL,0,0,3,0,0,0,0,11,1,0,0,1,3,0.083,0.0,0.0,1.0,0.0,0.0,13.0,0.0,0,0.0,0.0,0.0
cecilbr01,2016,ALCS,TOR,AL,0,0,3,0,0,0,0,10,0,0,0,1,4,0.0,0.0,0.0,0.0,0.0,0.0,10.0,0.0,0,0.0,0.0,0.0
clevimi01,2016,ALCS,CLE,AL,0,0,1,0,0,0,0,5,1,1,0,1,1,0.2,5.4,0.0,1.0,0.0,0.0,7.0,1.0,1,0.0,1.0,0.0
estrama01,2016,ALCS,TOR,AL,0,2,2,2,1,0,0,42,11,4,3,1,13,0.22,2.57,0.0,0.0,0.0,0.0,53.0,0.0,5,2.0,0.0,1.0
grillja01,2016,ALCS,TOR,AL,0,0,2,0,0,0,0,5,1,0,0,0,1,0.167,0.0,0.0,0.0,0.0,0.0,6.0,0.0,0,0.0,0.0,0.0
happja01,2016,ALCS,TOR,AL,0,1,1,1,0,0,0,15,4,2,1,1,4,0.211,3.6,0.0,1.0,0.0,0.0,20.0,0.0,2,0.0,0.0,0.0
klubeco01,2016,ALCS,CLE,AL,1,1,2,2,0,0,0,34,10,2,1,4,13,0.233,1.59,0.0,0.0,0.0,0.0,47.0,0.0,2,0.0,0.0,1.0
manshje01,2016,ALCS,CLE,AL,0,0,1,0,0,0,0,4,1,0,0,0,1,0.2,0.0,0.0,0.0,0.0,0.0,5.0,0.0,0,0.0,0.0,0.0
mcallza01,2016,ALCS,CLE,AL,0,0,1,0,0,0,0,3,1,1,0,0,0,0.25,9.0,0.0,0.0,0.0,0.0,4.0,0.0,1,0.0,0.0,0.0
merriry01,2016,ALCS,CLE,AL,0,0,1,1,0,0,0,13,2,0,0,0,3,0.143,0.0,0.0,0.0,0.0,0.0,14.0,0.0,0,0.0,0.0,1.0
millean01,2016,ALCS,CLE,AL,0,0,4,0,0,0,1,23,3,0,0,0,14,0.12,0.0,0.0,0.0,0.0,0.0,25.0,1.0,0,0.0,0.0,1.0
osunaro01,2016,ALCS,TOR,AL,0,0,4,0,0,0,0,12,3,0,0,0,4,0.2,0.0,0.0,0.0,0.0,0.0,15.0,4.0,0,0.0,0.0,0.0
oteroda01,2016,ALCS,CLE,AL,0,0,2,0,0,0,0,7,4,1,1,0,0,0.4,3.86,0.0,0.0,0.0,0.0,10.0,0.0,1,0.0,0.0,1.0
sanchaa01,2016,ALCS,TOR,AL,1,0,1,1,0,0,0,18,2,1,0,2,5,0.105,1.5,0.0,1.0,0.0,0.0,22.0,0.0,1,1.0,0.0,0.0
shawbr01,2016,ALCS,CLE,AL,2,0,4,0,0,0,0,10,6,1,0,1,4,0.375,2.7,1.0,0.0,0.0,0.0,17.0,0.0,2,0.0,0.0,0.0
stromma01,2016,ALCS,TOR,AL,0,1,1,1,0,0,0,16,3,4,2,3,5,0.158,6.75,0.0,1.0,0.0,0.0,22.0,0.0,4,0.0,0.0,0.0
tomlijo01,2016,ALCS,CLE,AL,1,0,1,1,0,0,0,17,3,1,0,2,6,0.15,1.59,0.0,0.0,0.0,0.0,22.0,0.0,1,0.0,0.0,0.0
barneto01,2016,ALDS1,TEX,AL,0,0,3,0,0,0,0,12,3,0,0,0,1,0.2,0.0,0.0,0.0,0.0,0.0,15.0,0.0,0,0.0,0.0,0.0
biagijo01,2016,ALDS1,TOR,AL,0,0,2,0,0,0,0,9,2,0,0,0,1,0.182,0.0,0.0,0.0,0.0,0.0,11.0,0.0,0,0.0,0.0,0.0
bushma01,2016,ALDS1,TEX,AL,0,1,2,0,0,0,0,11,1,0,0,2,6,0.083,0.0,1.0,0.0,0.0,0.0,14.0,1.0,1,0.0,0.0,0.0
cecilbr01,2016,ALDS1,TOR,AL,0,0,2,0,0,0,0,1,0,0,0,1,0,0.0,0.0,0.0,0.0,0.0,0.0,2.0,0.0,0,0.0,0.0,0.0
claudal01,2016,ALDS1,TEX,AL,0,0,2,0,0,0,0,15,3,0,0,3,0,0.2,0.0,0.0,0.0,0.0,0.0,18.0,0.0,0,0.0,0.0,3.0
darviyu01,2016,ALDS1,TEX,AL,0,1,1,1,0,0,0,15,5,5,4,1,4,0.25,9.0,0.0,0.0,1.0,0.0,22.0,0.0,5,0.0,0.0,0.0
diekmja01,2016,ALDS1,TEX,AL,0,0,2,0,0,0,0,3,5,3,1,2,1,0.625,27.0,1.0,0.0,0.0,0.0,10.0,1.0,3,0.0,0.0,0.0
dysonsa01,2016,ALDS1,TEX,AL,0,0,1,0,0,0,0,3,0,0,0,0,1,0.0,0.0,0.0,0.0,0.0,0.0,3.0,1.0,0,0.0,0.0,0.0
estrama01,2016,ALDS1,TOR,AL,1,0,1,1,0,0,0,25,4,1,0,0,6,0.148,1.08,0.0,0.0,0.0,0.0,27.0,0.0,1,0.0,0.0,1.0
grillja01,2016,ALDS1,TOR,AL,0,0,2,0,0,0,0,3,0,0,0,0,1,0.0,0.0,0.0,0.0,0.0,0.0,3.0,0.0,0,0.0,0.0,0.0
hamelco01,2016,ALDS1,TEX,AL,0,1,1,1,0,0,0,10,6,6,1,3,1,0.353,16.2,0.0,1.0,0.0,0.0,20.0,0.0,7,0.0,0.0,0.0
happja01,2016,ALDS1,TOR,AL,1,0,1,1,0,0,0,15,9,1,0,1,5,0.375,1.8,0.0,0.0,0.0,0.0,25.0,0.0,1,0.0,0.0,0.0
jeffrje01,2016,ALDS1,TEX,AL,0,0,1,0,0,0,0,3,1,0,0,1,1,0.333,0.0,0.0,0.0,0.0,0.0,4.0,0.0,1,0.0,0.0,1.0
kelake01,2016,ALDS1,TEX,AL,0,0,1,0,0,0,0,5,0,0,0,0,1,0.0,0.0,0.0,0.0,0.0,0.0,5.0,0.0,0,0.0,0.0,0.0
lewisco01,2016,ALDS1,TEX,AL,0,0,1,1,0,0,0,6,5,5,2,0,2,0.455,22.5,0.0,0.0,0.0,0.0,11.0,0.0,5,0.0,0.0,0.0
liriafr01,2016,ALDS1,TOR,AL,0,0,1,0,0,0,0,1,2,2,0,1,0,0.667,54.0,0.0,0.0,0.0,0.0,4.0,0.0,2,0.0,0.0,0.0
osunaro01,2016,ALDS1,TOR,AL,1,0,2,0,0,0,1,11,1,0,0,0,4,0.083,0.0,0.0,0.0,0.0,0.0,12.0,2.0,0,0.0,0.0,0.0
sanchaa01,2016,ALDS1,TOR,AL,0,0,1,1,0,0,0,17,3,6,2,4,5,0.15,9.53,0.0,0.0,0.0,0.0,24.0,0.0,6,0.0,0.0,0.0
teperry01,2016,ALDS1,TOR,AL,0,0,1,0,0,0,0,2,0,0,0,0,0,0.0,0.0,0.0,0.0,0.0,0.0,2.0,1.0,0,0.0,0.0,0.0
allenco01,2016,ALDS2,CLE,AL,0,0,2,0,0,0,2,9,4,0,0,2,5,0.308,0.0,0.0,0.0,0.0,0.0,15.0,2.0,0,0.0,0.0,0.0
barnema01,2016,ALDS2,BOS,AL,0,0,1,0,0,0,0,5,3,0,0,0,1,0.429,0.0,0.0,0.0,0.0,0.0,7.0,0.0,1,0.0,0.0,0.0
bauertr01,2016,ALDS2,CLE,AL,0,0,1,1,0,0,0,14,6,3,2,0,6,0.316,5.79,0.0,0.0,0.0,0.0,19.0,0.0,3,0.0,0.0,0.0
buchhcl01,2016,ALDS2,BOS,AL,0,1,1,1,0,0,0,12,6,2,0,1,4,0.353,4.5,0.0,0.0,0.0,0.0,19.0,0.0,2,1.0,0.0,0.0
kellyjo05,2016,ALDS2,BOS,AL,0,0,3,0,0,0,0,11,0,0,0,0,3,0.0,0.0,0.0,0.0,0.0,0.0,11.0,0.0,0,0.0,0.0,0.0
kimbrcr01,2016,ALDS2,BOS,AL,0,0,2,0,0,0,0,4,0,0,0,0,3,0.0,0.0,0.0,0.0,0.0,0.0,4.0,2.0,0,0.0,0.0,0.0
klubeco01,2016,ALDS2,CLE,AL,1,0,1,1,0,0,0,21,3,0,0,3,7,0.13,0.0,0.0,0.0,1.0,0.0,27.0,0.0,0,0.0,0.0,1.0
millean01,2016,ALDS2,CLE,AL,1,0,2,0,0,0,0,12,2,0,0,2,7,0.154,0.0,0.0,0.0,0.0,0.0,16.0,0.0,0,0.0,1.0,0.0
oteroda01,2016,ALDS2,CLE,AL,0,0,1,0,0,0,0,3,0,0,0,0,1,0.0,0.0,0.0,0.0,0.0,0.0,3.0,0.0,0,0.0,0.0,0.0
pomerdr01,2016,ALDS2,BOS,AL,0,0,2,0,0,0,0,11,4,2,1,2,7,0.286,4.91,1.0,0.0,0.0,0.0,17.0,0.0,2,1.0,0.0,0.0
porceri01,2016,ALDS2,BOS,AL,0,1,1,1,0,0,0,13,6,5,3,0,6,0.333,10.38,0.0,0.0,1.0,0.0,19.0,0.0,5,0.0,0.0,0.0
priceda01,2016,ALDS2,BOS,AL,0,1,1,1,0,0,0,10,6,5,1,2,3,0.375,13.5,0.0,0.0,0.0,0.0,18.0,0.0,5,0.0,0.0,0.0
rossro01,2016,ALDS2,BOS,AL,0,0,1,0,0,0,0,1,0,0,0,0,1,0.0,0.0,0.0,0.0,0.0,0.0,1.0,0.0,0,0.0,0.0,0.0
shawbr01,2016,ALDS2,CLE,AL,0,0,3,0,0,0,0,7,2,2,1,0,1,0.222,7.71,0.0,0.0,0.0,0.0,9.0,1.0,2,0.0,0.0,0.0
tomlijo01,2016,ALDS2,CLE,AL,1,0,1,1,0,0,0,15,4,2,0,1,4,0.222,3.6,0.0,0.0,0.0,0.0,19.0,0.0,2,0.0,0.0,1.0
ueharko01,2016,ALDS2,BOS,AL,0,0,2,0,0,0,0,6,1,0,0,0,1,0.167,0.0,0.0,0.0,0.0,0.0,6.0,1.0,0,0.0,0.0,1.0
zieglbr01,2016,ALDS2,BOS,AL,0,0,1,0,0,0,0,2,0,0,0,1,1,0.0,0.0,0.0,0.0,0.0,0.0,4.0,0.0,0,0.0,1.0,0.0
biagijo01,2016,ALWC,TOR,AL,0,0,1,0,0,0,0,2,0,0,0,0,2,0.0,0.0,0.0,0.0,0.0,0.0,2.0,0.0,0,0.0,0.0,0.0
brachbr01,2016,ALWC,BAL,AL,0,0,1,0,0,0,0,4,2,0,0,1,2,0.4,0.0,1.0,0.0,0.0,0.0,6.0,0.0,0,0.0,0.0,1.0
cecilbr01,2016,ALWC,TOR,AL,0,0,1,0,0,0,0,1,0,0,0,1,0,0.0,0.0,0.0,0.0,0.0,0.0,2.0,0.0,0,0.0,0.0,0.0
duensbr01,2016,ALWC,BAL,AL,0,0,1,0,0,0,0,1,0,0,0,0,1,0.0,0.0,0.0,0.0,0.0,0.0,1.0,0.0,0,0.0,0.0,0.0
givenmy01,2016,ALWC,BAL,AL,0,0,1,0,0,0,0,7,0,0,0,0,3,0.0,0.0,0.0,0.0,0.0,0.0,6.0,0.0,0,0.0,0.0,1.0
grillja01,2016,ALWC,TOR,AL,0,0,1,0,0,0,0,3,0,0,0,0,1,0.0,0.0,0.0,0.0,0.0,0.0,3.0,0.0,0,0.0,0.0,0.0
hartdo01,2016,ALWC,BAL,AL,0,0,1,0,0,0,0,1,0,0,0,0,0,0.0,0.0,0.0,0.0,0.0,0.0,1.0,0.0,0,0.0,0.0,0.0
jimenub01,2016,ALWC,BAL,AL,0,1,1,0,0,0,0,0,3,3,1,0,0,1.0,,0.0,0.0,0.0,0.0,3.0,1.0,3,0.0,0.0,0.0
liriafr01,2016,ALWC,TOR,AL,1,0,1,0,0,0,0,5,0,0,0,0,1,0.0,0.0,0.0,0.0,0.0,0.0,5.0,1.0,0,0.0,0.0,0.0
odayda01,2016,ALWC,BAL,AL,0,0,1,0,0,0,0,5,0,0,0,0,1,0.0,0.0,0.0,0.0,0.0,0.0,4.0,0.0,0,0.0,0.0,1.0
osunaro01,2016,ALWC,TOR,AL,0,0,1,0,0,0,0,4,0,0,0,0,2,0.0,0.0,0.0,0.0,0.0,0.0,4.0,0.0,0,0.0,0.0,0.0
stromma01,2016,ALWC,TOR,AL,0,0,1,1,0,0,0,18,4,2,1,0,6,0.182,3.0,0.0,0.0,0.0,0.0,22.0,0.0,2,0.0,0.0,0.0
tillmch01,2016,ALWC,BAL,AL,0,0,1,1,0,0,0,13,4,2,1,1,4,0.235,4.15,0.0,0.0,0.0,0.0,18.0,0.0,2,0.0,0.0,0.0
arrieja01,2016,NLCS,CHN,NL,0,1,1,1,0,0,0,15,6,4,2,0,5,0.286,7.2,0.0,0.0,0.0,0.0,21.0,0.0,4,0.0,0.0,0.0
avilalu01,2016,NLCS,LAN,NL,0,0,2,0,0,0,0,7,2,0,0,1,1,0.25,0.0,0.0,0.0,0.0,0.0,10.0,0.0,0,0.0,1.0,0.0
baezpe01,2016,NLCS,LAN,NL,0,0,3,0,0,0,0,10,6,2,1,2,4,0.375,5.4,0.0,0.0,0.0,0.0,19.0,0.0,6,1.0,0.0,0.0
blantjo01,2016,NLCS,LAN,NL,0,2,3,0,0,0,0,9,7,7,3,2,3,0.438,21.0,2.0,0.0,0.0,0.0,18.0,0.0,7,0.0,0.0,0.0
chapmar01,2016,NLCS,CHN,NL,1,0,4,0,0,0,0,14,3,2,0,3,3,0.231,3.86,0.0,0.0,0.0,0.0,18.0,3.0,2,1.0,1.0,2.0
daytogr01,2016,NLCS,LAN,NL,0,0,3,0,0,0,0,5,1,0,0,0,2,0.167,0.0,0.0,0.0,0.0,0.0,6.0,1.0,0,0.0,0.0,0.0
edwarca01,2016,NLCS,CHN,NL,0,0,3,0,0,0,0,5,0,0,0,2,2,0.0,0.0,0.0,0.0,0.0,0.0,6.0,0.0,0,0.0,0.0,1.0
fieldjo03,2016,NLCS,LAN,NL,0,0,2,0,0,0,0,4,1,0,0,0,1,0.2,0.0,0.0,0.0,0.0,0.0,5.0,0.0,0,0.0,0.0,0.0
grimmju01,2016,NLCS,CHN,NL,0,0,1,0,0,0,0,4,1,0,0,0,1,0.2,0.0,0.0,0.0,0.0,0.0,5.0,0.0,0,0.0,0.0,0.0
hendrky01,2016,NLCS,CHN,NL,1,1,2,2,0,0,0,38,5,1,1,4,11,0.119,0.71,0.0,0.0,0.0,0.0,46.0,0.0,1,0.0,0.0,1.0
hillri01,2016,NLCS,LAN,NL,1,0,1,1,0,0,0,18,2,0,0,2,6,0.1,0.0,0.0,0.0,0.0,0.0,22.0,0.0,0,0.0,0.0,0.0
janseke01,2016,NLCS,LAN,NL,0,0,3,0,0,0,1,19,1,0,0,0,10,0.05,0.0,0.0,0.0,0.0,0.0,20.0,3.0,0,0.0,0.0,0.0
kershcl01,2016,NLCS,LAN,NL,1,1,2,2,0,0,0,36,9,4,2,1,10,0.205,3.0,0.0,0.0,0.0,0.0,46.0,0.0,5,0.0,1.0,0.0
lackejo01,2016,NLCS,CHN,NL,0,0,1,1,0,0,0,12,3,2,0,3,3,0.231,4.5,0.0,0.0,1.0,0.0,18.0,0.0,2,0.0,0.0,0.0
lestejo01,2016,NLCS,CHN,NL,1,0,2,2,0,0,0,39,9,2,1,2,9,0.191,1.38,0.0,0.0,0.0,0.0,49.0,0.0,2,0.0,0.0,0.0
maedake01,2016,NLCS,LAN,NL,0,0,2,2,0,0,0,23,7,4,0,5,8,0.233,4.7,0.0,1.0,1.0,0.0,36.0,0.0,4,0.0,0.0,0.0
montgmi01,2016,NLCS,CHN,NL,1,0,4,0,0,0,0,13,5,3,0,2,5,0.278,6.23,0.0,0.0,0.0,0.0,20.0,1.0,3,0.0,0.0,0.0
rondohe01,2016,NLCS,CHN,NL,0,0,2,0,0,0,0,6,3,1,0,0,1,0.375,4.5,0.0,0.0,0.0,0.0,8.0,2.0,1,0.0,0.0,0.0
stripro01,2016,NLCS,LAN,NL,0,0,3,0,0,0,0,8,6,4,0,1,0,0.462,13.5,0.0,0.0,0.0,0.0,14.0,1.0,5,0.0,0.0,1.0
stroppe01,2016,NLCS,CHN,NL,0,0,4,0,0,0,0,9,3,2,0,1,1,0.3,6.0,0.0,0.0,2.0,0.0,13.0,0.0,2,0.0,0.0,2.0
uriasju01,2016,NLCS,LAN,NL,0,1,1,1,0,0,0,11,4,4,1,2,4,0.25,9.82,0.0,0.0,0.0,0.0,18.0,0.0,4,0.0,0.0,0.0
woodal02,2016,NLCS,LAN,NL,0,0,1,0,0,0,0,6,2,0,0,0,1,0.25,0.0,0.0,0.0,1.0,0.0,9.0,1.0,0,0.0,0.0,0.0
woodtr01,2016,NLCS,CHN,NL,0,0,3,0,0,0,0,4,1,0,0,2,1,0.2,0.0,0.0,0.0,0.0,0.0,7.0,0.0,0,0.0,0.0,0.0
arrieja01,2016,NLDS1,CHN,NL,0,0,1,1,0,0,0,18,6,2,0,1,5,0.261,3.0,0.0,0.0,0.0,0.0,25.0,0.0,2,0.0,1.0,0.0
blachty01,2016,NLDS1,SFN,NL,1,0,2,0,0,0,0,10,2,0,0,0,3,0.182,0.0,0.0,0.0,0.0,0.0,11.0,1.0,0,0.0,0.0,1.0
bumgama01,2016,NLDS1,SFN,NL,0,0,1,1,0,0,0,15,7,3,1,1,4,0.318,5.4,0.0,0.0,1.0,0.0,24.0,0.0,3,0.0,0.0,0.0
chapmar01,2016,NLDS1,CHN,NL,0,0,4,0,0,0,3,10,3,1,0,1,7,0.231,2.7,0.0,0.0,0.0,0.0,14.0,3.0,1,0.0,0.0,0.0
cuetojo01,2016,NLDS1,SFN,NL,0,1,1,1,1,0,0,24,3,1,1,0,10,0.111,1.12,0.0,0.0,0.0,0.0,27.0,0.0,1,0.0,0.0,0.0
edwarca01,2016,NLDS1,CHN,NL,0,0,2,0,0,0,0,6,1,0,0,0,0,0.143,0.0,0.0,0.0,0.0,0.0,7.0,0.0,0,0.0,0.0,0.0
garcija01,2016,NLDS1,SFN,NL,0,0,1,0,0,0,0,2,2,0,0,0,0,0.667,0.0,0.0,0.0,0.0,0.0,3.0,0.0,0,0.0,0.0,0.0
grimmju01,2016,NLDS1,CHN,NL,0,0,2,0,0,0,0,3,2,2,0,0,0,0.4,18.0,0.0,0.0,0.0,0.0,5.0,0.0,2,0.0,0.0,0.0
hendrky01,2016,NLDS1,CHN,NL,0,0,1,1,0,0,0,11,4,2,0,0,0,0.308,4.91,0.0,0.0,0.0,0.0,15.0,0.0,2,0.0,1.0,1.0
kontoge01,2016,NLDS1,SFN,NL,0,0,1,0,0,0,0,6,1,1,1,0,1,0.143,4.5,0.0,0.0,0.0,0.0,7.0,0.0,1,0.0,0.0,0.0
lackejo01,2016,NLDS1,CHN,NL,0,0,1,1,0,0,0,12,7,3,0,2,4,0.412,6.75,0.0,0.0,0.0,0.0,20.0,0.0,3,0.0,1.0,0.0
lawde01,2016,NLDS1,SFN,NL,0,0,3,0,0,0,0,7,1,1,0,1,3,0.1,3.86,0.0,0.0,0.0,0.0,11.0,0.0,1,0.0,0.0,0.0
lestejo01,2016,NLDS1,CHN,NL,1,0,1,1,0,0,0,24,5,0,0,0,5,0.185,0.0,0.0,0.0,0.0,0.0,27.0,0.0,0,0.0,0.0,0.0
lopezja02,2016,NLDS1,SFN,NL,0,0,2,0,0,0,0,2,0,1,0,1,0,0.0,13.5,0.0,0.0,0.0,0.0,3.0,0.0,1,0.0,0.0,0.0
montgmi01,2016,NLDS1,CHN,NL,0,1,2,0,0,0,0,16,5,1,0,1,2,0.263,1.69,0.0,0.0,0.0,0.0,21.0,1.0,1,1.0,0.0,0.0
moorema02,2016,NLDS1,SFN,NL,0,0,1,1,0,0,0,24,2,1,1,2,10,0.08,1.12,0.0,0.0,0.0,0.0,28.0,0.0,2,0.0,1.0,1.0
romose01,2016,NLDS1,SFN,NL,0,0,2,0,0,0,0,6,2,3,1,1,2,0.25,13.5,0.0,0.0,0.0,0.0,9.0,0.0,3,0.0,0.0,0.0
rondohe01,2016,NLDS1,CHN,NL,1,0,3,0,0,0,0,5,1,1,0,1,2,0.2,5.4,0.0,0.0,0.0,0.0,6.0,0.0,1,0.0,0.0,1.0
samarje01,2016,NLDS1,SFN,NL,0,1,1,1,0,0,0,6,6,4,0,1,1,0.5,18.0,0.0,0.0,0.0,0.0,13.0,0.0,4,0.0,0.0,0.0
smithwi04,2016,NLDS1,SFN,NL,0,1,2,0,0,0,0,4,1,0,0,0,1,0.2,0.0,0.0,0.0,0.0,0.0,5.0,0.0,1,0.0,0.0,0.0
strichu01,2016,NLDS1,SFN,NL,0,0,3,0,0,0,0,8,1,0,0,1,3,0.125,0.0,0.0,0.0,0.0,0.0,9.0,2.0,0,0.0,0.0,1.0
stroppe01,2016,NLDS1,CHN,NL,0,0,1,0,0,0,0,2,0,0,0,0,0,0.0,0.0,0.0,0.0,0.0,0.0,2.0,0.0,0,0.0,0.0,0.0
woodtr01,2016,NLDS1,CHN,NL,1,0,3,0,0,0,0,10,2,1,0,0,4,0.167,2.7,0.0,0.0,0.0,0.0,13.0,0.0,1,0.0,1.0,0.0
avilalu01,2016,NLDS2,LAN,NL,0,0,3,0,0,0,0,4,2,0,0,0,2,0.333,0.0,0.0,1.0,0.0,0.0,6.0,0.0,0,0.0,0.0,0.0
baezpe01,2016,NLDS2,LAN,NL,0,0,4,0,0,0,0,11,0,0,0,2,1,0.0,0.0,0.0,0.0,1.0,0.0,12.0,0.0,0,0.0,0.0,0.0
blantjo01,2016,NLDS2,LAN,NL,1,0,4,0,0,0,0,15,1,0,0,1,5,0.062,0.0,0.0,0.0,0.0,0.0,17.0,0.0,0,0.0,0.0,0.0
daytogr01,2016,NLDS2,LAN,NL,0,0,4,0,0,0,0,5,5,3,1,2,4,0.5,16.2,0.0,0.0,0.0,0.0,12.0,0.0,3,0.0,0.0,0.0
fieldjo03,2016,NLDS2,LAN,NL,0,0,2,0,0,0,0,3,0,0,0,1,3,0.0,0.0,0.0,0.0,0.0,0.0,4.0,0.0,0,0.0,0.0,0.0
gonzagi01,2016,NLDS2,WAS,NL,0,0,1,1,0,0,0,13,4,3,1,1,4,0.235,6.23,0.0,0.0,0.0,0.0,18.0,0.0,3,0.0,0.0,0.0
hillri01,2016,NLDS2,LAN,NL,0,1,2,2,0,0,0,21,9,5,1,4,13,0.31,6.43,1.0,0.0,2.0,0.0,35.0,0.0,5,0.0,0.0,1.0
janseke01,2016,NLDS2,LAN,NL,0,0,4,0,0,0,2,16,4,4,1,5,9,0.2,6.75,1.0,0.0,1.0,0.0,26.0,2.0,4,0.0,0.0,0.0
kellesh01,2016,NLDS2,WAS,NL,0,0,2,0,0,0,0,5,1,0,0,0,3,0.167,0.0,0.0,0.0,0.0,0.0,6.0,0.0,0,0.0,0.0,0.0
kershcl01,2016,NLDS2,LAN,NL,1,0,3,2,0,0,1,37,15,8,0,3,19,0.294,5.84,0.0,0.0,0.0,0.0,56.0,1.0,8,0.0,2.0,0.0
lopezre01,2016,NLDS2,WAS,NL,0,0,1,0,0,0,0,6,2,1,0,1,3,0.25,4.5,0.0,0.0,0.0,0.0,9.0,0.0,1,0.0,0.0,0.0
maedake01,2016,NLDS2,LAN,NL,0,1,1,1,0,0,0,9,5,4,1,2,4,0.357,12.0,0.0,0.0,1.0,0.0,17.0,0.0,4,0.0,0.0,0.0
melanma01,2016,NLDS2,WAS,NL,0,0,4,0,0,0,1,13,3,0,0,2,5,0.188,0.0,2.0,0.0,0.0,0.0,18.0,4.0,0,0.0,0.0,0.0
perezol01,2016,NLDS2,WAS,NL,0,0,4,0,0,0,0,10,1,0,0,1,3,0.1,0.0,0.0,0.0,1.0,0.0,13.0,0.0,0,1.0,0.0,0.0
roarkta01,2016,NLDS2,WAS,NL,0,0,1,1,0,0,0,13,7,2,1,3,1,0.368,4.15,1.0,0.0,1.0,0.0,23.0,0.0,2,0.0,0.0,1.0
rossjo01,2016,NLDS2,WAS,NL,0,0,1,1,0,0,0,8,3,4,1,2,3,0.273,13.5,0.0,0.0,2.0,0.0,15.0,0.0,4,0.0,0.0,0.0
rzepcma01,2016,NLDS2,WAS,NL,0,1,3,0,0,0,0,6,0,1,0,4,3,0.0,4.5,0.0,0.0,0.0,0.0,10.0,0.0,1,0.0,0.0,0.0
scherma01,2016,NLDS2,WAS,NL,0,1,2,2,0,0,0,36,10,5,3,2,12,0.233,3.75,0.0,1.0,1.0,0.0,47.0,0.0,5,1.0,0.0,2.0
solissa01,2016,NLDS2,WAS,NL,1,0,5,0,0,0,0,14,3,1,0,2,2,0.176,1.93,1.0,0.0,0.0,0.0,19.0,1.0,1,0.0,0.0,0.0
stripro01,2016,NLDS2,LAN,NL,0,0,2,0,0,0,0,5,0,0,0,0,2,0.0,0.0,0.0,0.0,0.0,0.0,5.0,2.0,0,0.0,1.0,0.0
treinbl01,2016,NLDS2,WAS,NL,1,1,3,0,0,0,0,8,3,2,0,0,5,0.273,6.75,0.0,0.0,1.0,0.0,12.0,0.0,2,0.0,0.0,0.0
uriasju01,2016,NLDS2,LAN,NL,1,0,1,0,0,0,0,6,1,0,0,2,1,0.2,0.0,0.0,0.0,0.0,0.0,7.0,0.0,0,0.0,0.0,0.0
bumgama01,2016,NLWC,SFN,NL,1,0,1,1,1,1,0,27,4,0,0,2,6,0.133,0.0,1.0,0.0,0.0,0.0,32.0,0.0,0,0.0,0.0,1.0
familje01,2016,NLWC,NYN,NL,0,1,1,0,0,0,0,3,2,3,1,1,1,0.4,27.0,0.0,0.0,0.0,0.0,6.0,1.0,3,0.0,0.0,0.0
reedad01,2016,NLWC,NYN,NL,0,0,1,0,0,0,0,3,1,0,0,2,1,0.333,0.0,1.0,0.0,0.0,0.0,6.0,0.0,0,1.0,0.0,0.0
syndeno01,2016,NLWC,NYN,NL,0,0,1,1,0,0,0,21,2,0,0,3,10,0.091,0.0,0.0,0.0,0.0,0.0,25.0,0.0,0,0.0,0.0,0.0
allenco01,2016,WS,CLE,AL,0,0,4,0,0,0,1,18,3,0,0,2,12,0.143,0.0,1.0,0.0,1.0,0.0,24.0,3.0,0,0.0,0.0,0.0
arrieja01,2016,WS,CHN,NL,2,0,2,2,0,0,0,34,5,3,1,6,15,0.128,2.38,0.0,1.0,1.0,0.0,46.0,0.0,3,0.0,0.0,0.0
bauertr01,2016,WS,CLE,AL,0,2,3,2,0,0,0,25,12,5,1,2,10,0.343,5.4,0.0,0.0,0.0,0.0,38.0,1.0,5,0.0,1.0,1.0
chapmar01,2016,WS,CHN,NL,1,0,5,0,0,0,1,23,5,3,1,2,11,0.185,3.52,0.0,0.0,1.0,0.0,30.0,3.0,3,0.0,0.0,1.0
clevimi01,2016,WS,CLE,AL,0,0,3,0,0,0,0,12,2,2,1,4,2,0.154,4.5,0.0,0.0,0.0,0.0,17.0,2.0,2,0.0,0.0,1.0
edwarca01,2016,WS,CHN,NL,0,1,3,0,0,0,0,8,4,2,0,2,2,0.4,6.75,0.0,1.0,0.0,0.0,13.0,0.0,2,1.0,0.0,0.0
grimmju01,2016,WS,CHN,NL,0,0,3,0,0,0,0,6,3,4,0,1,2,0.375,18.0,0.0,1.0,1.0,0.0,10.0,0.0,4,0.0,0.0,1.0
hendrky01,2016,WS,CHN,NL,0,0,2,2,0,0,0,27,10,1,0,3,8,0.303,1.0,0.0,0.0,1.0,0.0,39.0,0.0,2,2.0,0.0,2.0
klubeco01,2016,WS,CLE,AL,2,0,3,3,0,0,0,48,15,5,2,1,15,0.25,2.81,0.0,0.0,2.0,0.0,64.0,0.0,5,0.0,1.0,1.0
lackejo01,2016,WS,CHN,NL,0,1,1,1,0,0,0,15,4,2,1,1,5,0.211,3.6,1.0,0.0,0.0,0.0,20.0,0.0,3,0.0,0.0,1.0
lestejo01,2016,WS,CHN,NL,1,1,3,2,0,0,0,44,13,6,2,4,16,0.236,3.68,0.0,1.0,1.0,0.0,60.0,0.0,7,0.0,0.0,0.0
manshje01,2016,WS,CLE,AL,0,0,2,0,0,0,0,3,2,0,0,1,1,0.333,0.0,0.0,0.0,0.0,0.0,7.0,0.0,0,0.0,0.0,0.0
mcallza01,2016,WS,CLE,AL,0,0,2,0,0,0,0,6,3,2,0,1,2,0.333,9.0,0.0,0.0,0.0,0.0,10.0,0.0,2,0.0,0.0,0.0
millean01,2016,WS,CLE,AL,1,0,4,0,0,0,0,23,7,3,2,3,9,0.241,3.52,0.0,0.0,0.0,0.0,32.0,0.0,3,0.0,0.0,1.0
montgmi01,2016,WS,CHN,NL,0,0,5,0,0,0,1,14,4,1,0,4,4,0.235,1.93,0.0,1.0,0.0,0.0,22.0,1.0,1,0.0,1.0,0.0
oteroda01,2016,WS,CLE,AL,0,0,3,0,0,0,0,10,2,1,1,0,1,0.167,2.7,0.0,0.0,0.0,0.0,12.0,1.0,1,0.0,0.0,0.0
rondohe01,2016,WS,CHN,NL,0,0,2,0,0,0,0,7,4,1,1,0,2,0.364,3.86,0.0,0.0,0.0,0.0,11.0,2.0,1,0.0,0.0,0.0
salazda01,2016,WS,CLE,AL,0,0,2,0,0,0,0,9,1,0,0,2,4,0.1,0.0,0.0,1.0,0.0,0.0,12.0,0.0,0,0.0,0.0,0.0
shawbr01,2016,WS,CLE,AL,0,1,4,0,0,0,0,14,6,2,0,4,7,0.286,3.86,2.0,1.0,0.0,0.0,25.0,0.0,3,0.0,0.0,0.0
stroppe01,2016,WS,CHN,NL,0,0,3,0,0,0,0,6,1,0,0,1,2,0.167,0.0,0.0,1.0,0.0,0.0,7.0,0.0,0,0.0,0.0,0.0
tomlijo01,2016,WS,CLE,AL,0,1,2,2,0,0,0,21,8,6,1,2,1,0.276,7.71,0.0,0.0,0.0,0.0,31.0,0.0,6,0.0,0.0,0.0
woodtr01,2016,WS,CHN,NL,0,0,3,0,0,0,0,5,2,1,1,0,2,0.286,5.4,0.0,0.0,0.0,0.0,7.0,1.0,1,0.0,0.0,0.0
betande01,2017,ALCS,NYA,AL,0,0,2,0,0,0,0,3,1,1,0,2,1,0.333,9.0,0.0,0.0,0.0,0.0,6.0,1.0,1,0.0,1.0,0.0
chapmar01,2017,ALCS,NYA,AL,0,1,2,0,0,0,1,4,2,1,0,0,3,0.333,6.75,0.0,0.0,0.0,0.0,6.0,2.0,1,0.0,0.0,0.0
devench02,2017,ALCS,HOU,AL,0,0,2,0,0,0,0,2,1,1,0,2,0,0.5,13.5,0.0,0.0,0.0,0.0,5.0,0.0,1,0.0,1.0,0.0
gileske01,2017,ALCS,HOU,AL,0,1,3,0,0,0,1,9,5,3,1,3,5,0.357,9.0,1.0,1.0,0.0,0.0,17.0,2.0,3,0.0,0.0,0.0
grayso01,2017,ALCS,NYA,AL,0,0,1,1,0,0,0,15,1,1,0,2,4,0.062,1.8,0.0,1.0,1.0,0.0,20.0,0.0,2,0.0,0.0,1.0
greench03,2017,ALCS,NYA,AL,1,0,3,0,0,0,0,19,3,0,0,1,7,0.136,0.0,0.0,0.0,0.0,0.0,23.0,1.0,1,0.0,0.0,1.0
gregelu01,2017,ALCS,HOU,AL,0,0,1,0,0,0,0,2,0,0,0,1,0,0.0,0.0,0.0,0.0,0.0,0.0,3.0,1.0,0,0.0,0.0,0.0
harriwi02,2017,ALCS,HOU,AL,0,0,2,0,0,0,0,4,2,1,1,1,1,0.333,6.75,0.0,1.0,0.0,0.0,7.0,0.0,1,0.0,0.0,0.0
kahnlto01,2017,ALCS,NYA,AL,0,0,4,0,0,0,0,19,6,3,1,2,4,0.273,4.26,0.0,0.0,0.0,0.0,24.0,2.0,3,0.0,0.0,3.0
keuchda01,2017,ALCS,HOU,AL,1,1,2,2,0,0,0,35,11,4,0,2,18,0.239,3.09,0.0,0.0,0.0,0.0,48.0,0.0,4,0.0,0.0,0.0
liriafr01,2017,ALCS,HOU,AL,0,0,1,0,0,0,0,3,0,0,0,1,1,0.0,0.0,0.0,1.0,0.0,0.0,4.0,1.0,0,0.0,0.0,0.0
mcculla02,2017,ALCS,HOU,AL,0,0,2,1,0,0,1,30,3,1,1,3,9,0.097,0.9,0.0,0.0,0.0,0.0,34.0,1.0,1,0.0,0.0,1.0
mchugco01,2017,ALCS,HOU,AL,0,0,1,0,0,0,0,12,0,0,0,1,3,0.0,0.0,0.0,0.0,0.0,0.0,13.0,1.0,0,0.0,0.0,0.0
mortoch02,2017,ALCS,HOU,AL,1,1,2,2,0,0,0,26,8,7,1,3,8,0.242,7.27,0.0,1.0,1.0,0.0,37.0,0.0,7,0.0,0.0,0.0
musgrjo01,2017,ALCS,HOU,AL,0,0,1,0,0,0,0,2,2,2,0,0,0,0.5,27.0,0.0,0.0,0.0,0.0,4.0,0.0,2,0.0,0.0,0.0
peacobr01,2017,ALCS,HOU,AL,0,0,2,0,0,0,0,7,3,2,2,0,4,0.3,7.71,0.0,0.0,0.0,0.0,10.0,0.0,2,0.0,0.0,0.0
roberda08,2017,ALCS,NYA,AL,0,0,4,0,0,0,0,15,7,5,1,1,6,0.333,9.0,0.0,0.0,0.0,0.0,22.0,1.0,5,0.0,0.0,0.0
sabatcc01,2017,ALCS,NYA,AL,1,1,2,2,0,0,0,28,8,1,1,7,5,0.216,0.96,0.0,0.0,0.0,0.0,44.0,0.0,1,0.0,0.0,0.0
severlu01,2017,ALCS,NYA,AL,0,1,2,2,0,0,0,26,5,4,1,6,3,0.167,4.15,0.0,0.0,0.0,0.0,36.0,0.0,4,0.0,0.0,1.0
tanakma01,2017,ALCS,NYA,AL,1,1,2,2,0,0,0,39,7,2,0,2,11,0.149,1.38,0.0,2.0,0.0,0.0,49.0,0.0,2,0.0,0.0,0.0
verlaju01,2017,ALCS,HOU,AL,2,0,2,2,1,0,0,48,10,1,0,2,21,0.179,0.56,0.0,0.0,1.0,0.0,59.0,0.0,1,0.0,0.0,1.0
warread01,2017,ALCS,NYA,AL,0,0,2,0,0,0,0,10,0,0,0,1,1,0.0,0.0,0.0,0.0,0.0,0.0,11.0,0.0,0,0.0,0.0,0.0
allenco01,2017,ALDS1,CLE,AL,0,0,4,0,0,0,1,16,5,1,0,3,8,0.227,1.69,0.0,0.0,0.0,0.0,25.0,1.0,2,0.0,0.0,0.0
bauertr01,2017,ALDS1,CLE,AL,1,1,2,2,0,0,0,25,6,0,0,3,11,0.188,0.0,1.0,1.0,0.0,0.0,35.0,0.0,4,0.0,0.0,1.0
betande01,2017,ALDS1,NYA,AL,0,1,3,0,0,0,0,9,1,1,0,3,5,0.1,3.0,0.0,0.0,0.0,0.0,13.0,2.0,1,0.0,0.0,0.0
carraca01,2017,ALDS1,CLE,AL,0,0,1,1,0,0,0,17,3,0,0,3,7,0.167,0.0,0.0,0.0,1.0,0.0,22.0,0.0,0,0.0,0.0,2.0
chapmar01,2017,ALDS1,NYA,AL,0,0,3,0,0,0,2,17,4,0,0,2,10,0.19,0.0,1.0,0.0,0.0,0.0,23.0,2.0,0,0.0,0.0,0.0
clevimi01,2017,ALDS1,CLE,AL,0,0,2,0,0,0,0,4,2,2,1,4,3,0.286,13.5,0.0,0.0,0.0,0.0,11.0,0.0,3,0.0,0.0,0.0
garcija02,2017,ALDS1,NYA,AL,0,0,1,0,0,0,0,8,0,0,0,2,3,0.0,0.0,1.0,2.0,0.0,0.0,10.0,0.0,0,0.0,1.0,0.0
grayso01,2017,ALDS1,NYA,AL,0,1,1,1,0,0,0,10,3,3,1,4,2,0.25,8.1,0.0,1.0,1.0,0.0,17.0,0.0,3,0.0,0.0,1.0
greench03,2017,ALDS1,NYA,AL,0,0,1,0,0,0,0,1,2,3,1,0,0,0.667,81.0,0.0,0.0,1.0,0.0,4.0,0.0,3,0.0,0.0,0.0
kahnlto01,2017,ALDS1,NYA,AL,0,0,2,0,0,0,1,8,0,0,0,0,5,0.0,0.0,0.0,0.0,0.0,0.0,8.0,1.0,0,0.0,0.0,0.0
klubeco01,2017,ALDS1,CLE,AL,0,1,2,2,0,0,0,19,10,9,4,3,10,0.345,12.79,0.0,0.0,0.0,0.0,33.0,0.0,9,0.0,0.0,0.0
millean01,2017,ALDS1,CLE,AL,0,1,4,0,0,0,0,15,4,1,1,2,8,0.222,1.8,0.0,0.0,0.0,0.0,21.0,0.0,1,1.0,0.0,0.0
olsonty01,2017,ALDS1,CLE,AL,0,0,3,0,0,0,0,6,1,0,0,0,2,0.167,0.0,0.0,0.0,0.0,0.0,7.0,0.0,0,0.0,1.0,0.0
roberda08,2017,ALDS1,NYA,AL,1,0,3,0,0,0,0,14,1,1,1,2,5,0.071,1.93,0.0,0.0,0.0,0.0,16.0,0.0,1,0.0,0.0,1.0
sabatcc01,2017,ALDS1,NYA,AL,0,0,2,2,0,0,0,29,8,4,0,3,14,0.216,3.72,1.0,0.0,1.0,0.0,42.0,0.0,6,1.0,0.0,0.0
salazda01,2017,ALDS1,CLE,AL,0,0,1,0,0,0,0,5,0,0,0,2,3,0.0,0.0,0.0,0.0,0.0,0.0,8.0,0.0,1,0.0,0.0,0.0
severlu01,2017,ALDS1,NYA,AL,1,0,1,1,0,0,0,21,4,3,2,1,9,0.16,3.86,0.0,0.0,0.0,0.0,26.0,0.0,3,0.0,0.0,0.0
shawbr01,2017,ALDS1,CLE,AL,0,0,3,0,0,0,0,18,4,1,1,0,5,0.2,1.5,0.0,0.0,0.0,0.0,20.0,0.0,1,0.0,0.0,1.0
smithjo05,2017,ALDS1,CLE,AL,0,0,4,0,0,0,0,7,0,0,0,1,3,0.0,0.0,1.0,0.0,0.0,0.0,8.0,2.0,0,0.0,0.0,0.0
tanakma01,2017,ALDS1,NYA,AL,1,0,1,1,0,0,0,21,3,0,0,1,7,0.136,0.0,0.0,0.0,0.0,0.0,23.0,0.0,0,0.0,0.0,2.0
tomlijo01,2017,ALDS1,CLE,AL,1,0,2,0,0,0,0,9,0,0,0,0,4,0.0,0.0,0.0,0.0,0.0,0.0,9.0,2.0,0,0.0,0.0,0.0
warread01,2017,ALDS1,NYA,AL,0,0,1,0,0,0,0,3,2,1,0,0,1,0.4,9.0,0.0,1.0,0.0,0.0,5.0,0.0,1,0.0,0.0,0.0
devench02,2017,ALDS2,HOU,AL,0,0,3,0,0,0,0,7,4,3,0,0,3,0.364,11.57,0.0,0.0,0.0,0.0,11.0,0.0,3,0.0,0.0,0.0
fistedo01,2017,ALDS2,BOS,AL,0,0,1,1,0,0,0,4,4,3,1,1,1,0.5,20.25,0.0,1.0,0.0,0.0,9.0,0.0,3,0.0,0.0,0.0
gileske01,2017,ALDS2,HOU,AL,0,0,2,0,0,0,1,9,3,2,1,0,2,0.25,6.0,0.0,1.0,0.0,0.0,12.0,2.0,2,0.0,0.0,0.0
gregelu01,2017,ALDS2,HOU,AL,0,0,2,0,0,0,0,6,1,0,0,0,3,0.143,0.0,0.0,0.0,0.0,0.0,7.0,1.0,0,0.0,0.0,0.0
harriwi02,2017,ALDS2,HOU,AL,0,0,1,0,0,0,0,2,2,0,0,0,0,0.5,0.0,0.0,0.0,0.0,0.0,4.0,0.0,0,0.0,0.0,0.0
kellyjo05,2017,ALDS2,BOS,AL,1,0,2,0,0,0,0,8,4,0,0,0,1,0.364,0.0,0.0,1.0,0.0,0.0,11.0,0.0,0,0.0,0.0,1.0
keuchda01,2017,ALDS2,HOU,AL,1,0,1,1,0,0,0,17,3,1,0,3,7,0.15,1.59,0.0,0.0,0.0,0.0,23.0,0.0,1,0.0,0.0,0.0
kimbrcr01,2017,ALDS2,BOS,AL,0,0,2,0,0,0,0,6,4,1,0,1,2,0.4,4.5,0.0,1.0,1.0,0.0,12.0,1.0,1,0.0,0.0,0.0
liriafr01,2017,ALDS2,HOU,AL,0,1,2,0,0,0,0,2,2,1,1,0,0,0.5,13.5,0.0,0.0,0.0,0.0,4.0,0.0,1,0.0,0.0,0.0
maddoau01,2017,ALDS2,BOS,AL,0,0,2,0,0,0,0,6,3,1,1,2,2,0.375,4.5,0.0,0.0,0.0,0.0,10.0,0.0,1,0.0,0.0,0.0
mcculla02,2017,ALDS2,HOU,AL,0,0,1,0,0,0,0,9,3,2,0,2,4,0.273,6.0,0.0,0.0,0.0,0.0,13.0,0.0,2,0.0,0.0,1.0
mortoch02,2017,ALDS2,HOU,AL,0,0,1,1,0,0,0,13,7,2,1,2,6,0.389,4.15,0.0,0.0,0.0,0.0,20.0,0.0,2,0.0,0.0,0.0
musgrjo01,2017,ALDS2,HOU,AL,0,0,2,0,0,0,0,6,1,1,1,0,1,0.143,4.5,0.0,0.0,0.0,0.0,7.0,1.0,1,0.0,0.0,0.0
peacobr01,2017,ALDS2,HOU,AL,0,0,1,1,0,0,0,8,6,3,0,1,4,0.429,10.12,0.0,0.0,0.0,0.0,15.0,0.0,3,0.0,0.0,0.0
pomerdr01,2017,ALDS2,BOS,AL,0,1,1,1,0,0,0,6,5,4,2,1,1,0.455,18.0,0.0,0.0,0.0,0.0,12.0,0.0,4,0.0,0.0,0.0
porceri01,2017,ALDS2,BOS,AL,0,0,2,1,0,0,0,12,5,2,0,3,4,0.312,4.5,0.0,1.0,1.0,0.0,20.0,1.0,2,0.0,0.0,1.0
priceda01,2017,ALDS2,BOS,AL,0,0,2,0,0,0,0,20,5,0,0,2,6,0.2,0.0,1.0,0.0,0.0,0.0,27.0,0.0,0,0.0,0.0,0.0
reedad01,2017,ALDS2,BOS,AL,0,0,3,0,0,0,0,7,3,2,0,1,0,0.3,7.71,1.0,0.0,0.0,0.0,11.0,1.0,2,0.0,0.0,0.0
rodried05,2017,ALDS2,BOS,AL,0,0,1,0,0,0,0,0,1,2,0,0,0,1.0,,0.0,0.0,1.0,0.0,2.0,0.0,2,0.0,0.0,0.0
salech01,2017,ALDS2,BOS,AL,0,2,2,1,0,0,0,29,13,9,4,1,12,0.31,8.38,0.0,0.0,0.0,0.0,43.0,0.0,9,0.0,0.0,1.0
smithca02,2017,ALDS2,BOS,AL,0,0,2,0,0,0,0,4,2,0,0,2,1,0.4,0.0,0.0,0.0,0.0,0.0,7.0,1.0,0,0.0,0.0,1.0
verlaju01,2017,ALDS2,HOU,AL,2,0,2,1,0,0,0,26,7,3,1,4,3,0.241,3.12,0.0,0.0,0.0,0.0,34.0,0.0,3,0.0,1.0,2.0
belisma01,2017,ALWC,MIN,AL,0,0,1,0,0,0,0,3,0,0,0,0,0,0.0,0.0,0.0,0.0,0.0,0.0,3.0,1.0,0,0.0,0.0,0.0
berrijo01,2017,ALWC,MIN,AL,0,1,1,0,0,0,0,9,5,3,1,0,4,0.357,9.0,0.0,0.0,0.0,0.0,14.0,0.0,3,0.0,0.0,0.0
busenal01,2017,ALWC,MIN,AL,0,0,1,0,0,0,0,1,0,0,0,1,0,0.0,0.0,0.0,0.0,0.0,0.0,2.0,0.0,0,0.0,0.0,0.0
chapmar01,2017,ALWC,NYA,AL,0,0,1,0,0,0,0,3,1,0,0,0,3,0.25,0.0,0.0,0.0,0.0,0.0,4.0,1.0,0,0.0,0.0,0.0
greench03,2017,ALWC,NYA,AL,0,0,1,0,0,0,0,6,1,1,0,2,4,0.143,4.5,0.0,0.0,0.0,0.0,9.0,0.0,1,0.0,0.0,0.0
hildetr01,2017,ALWC,MIN,AL,0,0,1,0,0,0,0,4,1,1,0,2,0,0.2,6.75,1.0,0.0,0.0,0.0,7.0,0.0,1,0.0,0.0,0.0
kahnlto01,2017,ALWC,NYA,AL,0,0,1,0,0,0,0,7,0,0,0,0,1,0.0,0.0,0.0,0.0,0.0,0.0,7.0,0.0,0,0.0,0.0,0.0
roberda08,2017,ALWC,NYA,AL,1,0,1,0,0,0,0,10,3,0,0,1,5,0.25,0.0,0.0,1.0,0.0,0.0,13.0,0.0,0,0.0,0.0,1.0
rogerta01,2017,ALWC,MIN,AL,0,0,1,0,0,0,0,1,0,0,0,0,1,0.0,0.0,0.0,0.0,0.0,0.0,1.0,0.0,0,0.0,0.0,0.0
santaer01,2017,ALWC,MIN,AL,0,0,1,1,0,0,0,6,3,4,2,2,0,0.333,18.0,0.0,0.0,0.0,0.0,11.0,0.0,4,0.0,0.0,0.0
severlu01,2017,ALWC,NYA,AL,0,0,1,1,0,0,0,1,4,3,2,1,0,0.8,81.0,0.0,0.0,0.0,0.0,6.0,0.0,3,0.0,0.0,0.0
arrieja01,2017,NLCS,CHN,NL,1,0,1,1,0,0,0,20,3,1,1,5,9,0.136,1.35,0.0,1.0,1.0,0.0,28.0,0.0,1,0.0,0.0,1.0
cingrto01,2017,NLCS,LAN,NL,0,0,2,0,0,0,0,3,1,0,0,0,1,0.25,0.0,0.0,0.0,1.0,0.0,5.0,0.0,0,0.0,0.0,0.0
darviyu01,2017,NLCS,LAN,NL,1,0,1,1,0,0,0,19,6,1,1,1,7,0.25,1.42,0.0,0.0,0.0,0.0,25.0,0.0,1,0.0,0.0,1.0
daviswa01,2017,NLCS,CHN,NL,0,0,1,0,0,0,1,6,1,1,1,3,3,0.167,4.5,0.0,0.0,0.0,0.0,9.0,1.0,1,0.0,0.0,1.0
duensbr01,2017,NLCS,CHN,NL,0,1,3,0,0,0,0,12,1,1,0,3,3,0.1,2.25,1.0,0.0,0.0,0.0,15.0,0.0,1,2.0,0.0,1.0
edwarca01,2017,NLCS,CHN,NL,0,0,2,0,0,0,0,7,0,0,0,2,4,0.0,0.0,0.0,0.0,0.0,0.0,9.0,0.0,0,0.0,0.0,0.0
fieldjo03,2017,NLCS,LAN,NL,0,0,2,0,0,0,0,2,0,0,0,0,0,0.0,0.0,0.0,0.0,0.0,0.0,2.0,1.0,0,0.0,0.0,0.0
hendrky01,2017,NLCS,CHN,NL,0,1,1,1,0,0,0,15,6,3,2,1,5,0.273,5.4,0.0,0.0,0.0,0.0,23.0,0.0,4,0.0,0.0,0.0
hillri01,2017,NLCS,LAN,NL,0,0,1,1,0,0,0,15,3,1,1,1,8,0.167,1.8,0.0,1.0,0.0,0.0,19.0,0.0,1,0.0,0.0,0.0
janseke01,2017,NLCS,LAN,NL,1,0,4,0,0,0,1,13,0,0,0,0,8,0.0,0.0,0.0,0.0,1.0,0.0,14.0,4.0,0,0.0,0.0,0.0
kershcl01,2017,NLCS,LAN,NL,1,0,2,2,0,0,0,33,7,3,2,2,9,0.179,2.45,0.0,0.0,0.0,0.0,42.0,0.0,3,1.0,0.0,0.0
lackejo01,2017,NLCS,CHN,NL,0,0,3,0,0,0,0,11,5,4,1,2,3,0.333,9.82,0.0,3.0,0.0,0.0,17.0,2.0,4,0.0,0.0,1.0
lestejo01,2017,NLCS,CHN,NL,0,0,1,1,0,0,0,14,3,1,0,5,2,0.188,1.93,0.0,0.0,0.0,0.0,21.0,0.0,1,0.0,0.0,0.0
maedake01,2017,NLCS,LAN,NL,1,0,3,0,0,0,0,9,0,0,0,0,3,0.0,0.0,0.0,0.0,0.0,0.0,9.0,0.0,0,0.0,0.0,0.0
montgmi01,2017,NLCS,CHN,NL,0,0,3,0,0,0,0,10,10,5,2,2,3,0.5,13.5,0.0,1.0,0.0,0.0,23.0,1.0,6,0.0,1.0,0.0
morrobr01,2017,NLCS,LAN,NL,0,0,4,0,0,0,0,14,1,0,0,1,7,0.067,0.0,0.0,0.0,0.0,0.0,16.0,0.0,0,0.0,0.0,0.0
quintjo01,2017,NLCS,CHN,NL,0,1,2,2,0,0,0,21,8,8,1,3,5,0.296,10.29,0.0,0.0,0.0,0.0,31.0,0.0,8,0.0,1.0,1.0
rondohe01,2017,NLCS,CHN,NL,0,1,3,0,0,0,0,9,5,2,2,0,4,0.417,6.0,0.0,0.0,0.0,0.0,12.0,1.0,2,0.0,0.0,0.0
stripro01,2017,NLCS,LAN,NL,0,0,2,0,0,0,0,3,2,0,0,0,1,0.4,0.0,0.0,0.0,0.0,0.0,5.0,0.0,0,0.0,0.0,0.0
stroppe01,2017,NLCS,CHN,NL,0,0,2,0,0,0,0,6,0,0,0,2,0,0.0,0.0,0.0,0.0,0.0,0.0,8.0,0.0,0,0.0,0.0,1.0
watsoto01,2017,NLCS,LAN,NL,0,0,4,0,0,0,0,7,0,0,0,0,2,0.0,0.0,0.0,0.0,0.0,0.0,7.0,0.0,0,0.0,0.0,0.0
woodal02,2017,NLCS,LAN,NL,0,1,1,1,0,0,0,14,4,3,3,0,7,0.222,5.79,0.0,0.0,0.0,0.0,18.0,0.0,3,0.0,0.0,0.0
bradlar01,2017,NLDS1,ARI,NL,0,0,2,0,0,0,0,14,3,0,0,3,5,0.167,0.0,0.0,0.0,0.0,0.0,21.0,1.0,1,0.0,0.0,0.0
chafian01,2017,NLDS1,ARI,NL,0,0,2,0,0,0,0,1,2,1,0,0,0,1.0,27.0,0.0,0.0,0.0,0.0,2.0,1.0,1,0.0,0.0,0.0
cingrto01,2017,NLDS1,LAN,NL,0,0,2,0,0,0,0,3,0,0,0,0,0,0.0,0.0,0.0,0.0,0.0,0.0,2.0,0.0,0,0.0,0.0,1.0
darviyu01,2017,NLDS1,LAN,NL,1,0,1,1,0,0,0,15,2,1,1,0,7,0.118,1.8,0.0,0.0,1.0,0.0,18.0,0.0,1,0.0,0.0,0.0
delarjo01,2017,NLDS1,ARI,NL,0,0,2,0,0,0,0,6,4,0,0,0,2,0.444,0.0,0.0,0.0,0.0,0.0,9.0,0.0,0,0.0,0.0,0.0
fieldjo03,2017,NLDS1,LAN,NL,0,0,1,0,0,0,0,1,1,0,0,0,1,0.5,0.0,0.0,0.0,0.0,0.0,2.0,0.0,0,0.0,0.0,0.0
godleza01,2017,NLDS1,ARI,NL,0,0,1,0,0,0,0,15,4,2,0,2,5,0.211,3.6,0.0,1.0,0.0,0.0,22.0,0.0,3,1.0,0.0,0.0
greinza01,2017,NLDS1,ARI,NL,0,1,1,1,0,0,0,15,4,3,2,5,4,0.222,5.4,0.0,0.0,0.0,0.0,24.0,0.0,3,1.0,0.0,0.0
hernada01,2017,NLDS1,ARI,NL,0,0,2,0,0,0,0,5,1,0,0,0,1,0.167,0.0,0.0,0.0,0.0,0.0,6.0,0.0,0,0.0,0.0,0.0
hillri01,2017,NLDS1,LAN,NL,0,0,1,1,0,0,0,12,3,2,1,3,4,0.214,4.5,0.0,0.0,0.0,0.0,18.0,0.0,2,1.0,0.0,0.0
janseke01,2017,NLDS1,LAN,NL,0,0,3,0,0,0,2,11,2,0,0,1,4,0.154,0.0,0.0,0.0,0.0,0.0,14.0,3.0,1,0.0,0.0,0.0
kershcl01,2017,NLDS1,LAN,NL,1,0,1,1,0,0,0,19,5,4,4,3,7,0.217,5.68,0.0,0.0,0.0,0.0,26.0,0.0,4,0.0,0.0,2.0
maedake01,2017,NLDS1,LAN,NL,1,0,2,0,0,0,0,6,0,0,0,0,4,0.0,0.0,0.0,0.0,0.0,0.0,6.0,0.0,0,0.0,0.0,0.0
morrobr01,2017,NLDS1,LAN,NL,0,0,3,0,0,0,0,11,2,1,1,0,1,0.167,2.45,0.0,0.0,0.0,0.0,12.0,0.0,1,0.0,0.0,1.0
rayro02,2017,NLDS1,ARI,NL,0,1,1,1,0,0,0,13,4,4,0,4,6,0.235,8.31,0.0,3.0,1.0,0.0,22.0,0.0,4,0.0,0.0,0.0
sherfji01,2017,NLDS1,ARI,NL,0,0,2,0,0,0,0,3,5,4,0,0,1,0.625,36.0,0.0,0.0,0.0,0.0,8.0,1.0,4,0.0,0.0,0.0
walketa01,2017,NLDS1,ARI,NL,0,1,1,1,0,0,0,3,4,4,1,2,3,0.571,36.0,1.0,0.0,0.0,0.0,9.0,0.0,4,0.0,0.0,0.0
watsoto01,2017,NLDS1,LAN,NL,0,0,2,0,0,0,0,3,3,2,0,0,0,0.5,18.0,0.0,0.0,0.0,0.0,6.0,0.0,2,0.0,0.0,0.0
alberma01,2017,NLDS2,WAS,NL,0,0,2,0,0,0,0,7,1,0,0,1,0,0.125,0.0,0.0,0.0,0.0,0.0,9.0,0.0,0,0.0,0.0,0.0
arrieja01,2017,NLDS2,CHN,NL,0,1,1,1,0,0,0,12,2,0,0,5,4,0.143,0.0,0.0,1.0,0.0,0.0,20.0,0.0,1,1.0,0.0,0.0
daviswa01,2017,NLDS2,CHN,NL,0,0,4,0,0,0,3,13,4,2,1,3,5,0.267,4.15,0.0,0.0,0.0,0.0,18.0,3.0,2,0.0,0.0,1.0
doolise01,2017,NLDS2,WAS,NL,0,0,3,0,0,0,1,9,1,0,0,0,4,0.111,0.0,0.0,0.0,0.0,0.0,9.0,3.0,0,0.0,0.0,1.0
duensbr01,2017,NLDS2,CHN,NL,1,0,2,0,0,0,0,4,0,0,0,1,1,0.0,0.0,0.0,0.0,0.0,0.0,6.0,0.0,0,0.0,0.0,0.0
edwarca01,2017,NLDS2,CHN,NL,1,1,5,0,0,0,0,7,2,6,1,4,4,0.222,23.14,0.0,1.0,0.0,0.0,13.0,0.0,6,0.0,0.0,0.0
gonzagi01,2017,NLDS2,WAS,NL,0,0,2,2,0,0,0,24,6,6,2,6,11,0.214,6.75,0.0,2.0,0.0,0.0,35.0,0.0,6,1.0,0.0,1.0
hendrky01,2017,NLDS2,CHN,NL,1,0,2,2,0,0,0,33,11,4,2,4,13,0.25,3.27,1.0,0.0,1.0,0.0,49.0,0.0,4,0.0,0.0,1.0
kintzbr01,2017,NLDS2,WAS,NL,0,1,3,0,0,0,0,10,1,2,0,2,2,0.125,5.4,0.0,0.0,1.0,0.0,12.0,1.0,2,1.0,0.0,1.0
lestejo01,2017,NLDS2,CHN,NL,0,0,2,1,0,0,0,29,3,2,1,3,5,0.097,1.86,0.0,1.0,0.0,0.0,34.0,0.0,2,0.0,0.0,0.0
madsory01,2017,NLDS2,WAS,NL,0,0,4,0,0,0,0,12,3,1,0,2,4,0.2,2.25,1.0,1.0,1.0,0.0,18.0,0.0,1,0.0,0.0,0.0
montgmi01,2017,NLDS2,CHN,NL,0,0,2,0,0,0,0,3,4,3,1,2,1,0.571,27.0,1.0,1.0,0.0,0.0,9.0,1.0,3,0.0,0.0,0.0
perezol01,2017,NLDS2,WAS,NL,1,0,2,0,0,0,0,3,1,0,0,0,0,0.5,0.0,0.0,0.0,0.0,0.0,2.0,1.0,0,0.0,0.0,1.0
quintjo01,2017,NLDS2,CHN,NL,0,0,2,1,0,0,0,19,3,0,0,2,7,0.13,0.0,0.0,0.0,0.0,0.0,26.0,0.0,1,0.0,1.0,0.0
scherma01,2017,NLDS2,WAS,NL,0,1,2,1,0,0,0,22,4,3,0,4,8,0.154,3.68,1.0,0.0,2.0,0.0,33.0,0.0,5,0.0,0.0,1.0
solissa01,2017,NLDS2,WAS,NL,0,0,3,0,0,0,0,3,4,1,0,0,1,0.571,9.0,0.0,0.0,0.0,0.0,7.0,0.0,1,0.0,0.0,0.0
strasst01,2017,NLDS2,WAS,NL,1,1,2,2,0,0,0,42,6,0,0,3,22,0.128,0.0,0.0,0.0,0.0,0.0,51.0,0.0,2,1.0,0.0,1.0
stroppe01,2017,NLDS2,CHN,NL,0,0,3,0,0,0,0,10,1,1,0,1,1,0.091,2.7,0.0,0.0,1.0,0.0,13.0,0.0,1,0.0,0.0,0.0
wilsoju10,2017,NLDS2,CHN,NL,0,0,1,0,0,0,0,2,0,0,0,0,0,0.0,0.0,0.0,0.0,0.0,0.0,2.0,1.0,0,0.0,0.0,0.0
anderty01,2017,NLWC,COL,NL,0,0,1,0,0,0,0,3,2,2,1,0,1,0.4,18.0,0.0,0.0,0.0,0.0,5.0,0.0,2,0.0,0.0,0.0
bradlar01,2017,NLWC,ARI,NL,0,0,1,0,0,0,0,4,3,2,2,0,0,0.429,13.5,0.0,0.0,0.0,0.0,7.0,0.0,2,0.0,0.0,0.0
chafian01,2017,NLWC,ARI,NL,1,0,1,0,0,0,0,1,0,0,0,0,0,0.0,0.0,0.0,0.0,0.0,0.0,1.0,0.0,0,0.0,0.0,0.0
delarjo01,2017,NLWC,ARI,NL,0,0,1,0,0,0,0,1,0,0,0,0,0,,0.0,0.0,0.0,0.0,0.0,1.0,0.0,0,1.0,0.0,0.0
estevca01,2017,NLWC,COL,NL,0,0,1,0,0,0,0,1,1,1,0,0,1,0.5,27.0,0.0,0.0,0.0,0.0,2.0,0.0,1,0.0,0.0,0.0
grayjo02,2017,NLWC,COL,NL,0,1,1,1,0,0,0,4,7,4,1,0,2,0.636,27.0,0.0,0.0,0.0,0.0,11.0,0.0,4,0.0,0.0,0.0
greinza01,2017,NLWC,ARI,NL,0,0,1,1,0,0,0,11,6,4,0,1,1,0.353,9.82,0.0,0.0,0.0,0.0,18.0,0.0,4,0.0,0.0,0.0
hollagr01,2017,NLWC,COL,NL,0,0,1,0,0,0,0,2,3,2,0,1,0,0.6,27.0,1.0,1.0,0.0,0.0,6.0,1.0,2,0.0,0.0,0.0
mcgeeja01,2017,NLWC,COL,NL,0,0,1,0,0,0,0,1,0,0,0,0,0,0.0,0.0,0.0,0.0,0.0,0.0,1.0,0.0,0,0.0,0.0,0.0
neshepa01,2017,NLWC,COL,NL,0,0,1,0,0,0,0,4,2,2,0,1,2,0.333,13.5,0.0,0.0,0.0,0.0,7.0,0.0,2,0.0,0.0,0.0
obergsc01,2017,NLWC,COL,NL,0,0,1,0,0,0,0,2,0,0,0,0,2,0.0,0.0,0.0,0.0,0.0,0.0,2.0,0.0,0,0.0,0.0,0.0
rayro02,2017,NLWC,ARI,NL,0,0,1,0,0,0,0,7,2,1,0,0,3,0.25,3.86,0.0,1.0,0.0,0.0,8.0,0.0,1,0.0,0.0,1.0
rodnefe01,2017,NLWC,ARI,NL,0,0,1,0,0,0,0,3,2,1,0,0,2,0.4,9.0,0.0,0.0,0.0,0.0,5.0,1.0,1,0.0,0.0,0.0
rusinch01,2017,NLWC,COL,NL,0,0,1,0,0,0,0,7,2,0,0,2,3,0.222,0.0,1.0,0.0,0.0,0.0,11.0,0.0,0,0.0,0.0,0.0
cingrto01,2017,WS,LAN,NL,0,0,3,0,0,0,0,9,2,1,1,2,2,0.2,3.0,2.0,0.0,0.0,0.0,12.0,0.0,1,0.0,0.0,1.0
darviyu01,2017,WS,LAN,NL,0,2,2,2,0,0,0,10,9,8,2,2,0,0.474,21.6,0.0,0.0,0.0,0.0,22.0,0.0,9,0.0,1.0,0.0
devench02,2017,WS,HOU,AL,1,0,5,0,0,0,0,15,4,4,2,1,5,0.211,7.2,0.0,0.0,0.0,0.0,20.0,2.0,4,0.0,0.0,0.0
fieldjo03,2017,WS,LAN,NL,0,0,1,0,0,0,0,0,3,2,2,0,0,1.0,,0.0,0.0,0.0,0.0,3.0,0.0,2,0.0,0.0,0.0
gileske01,2017,WS,HOU,AL,0,1,2,0,0,0,0,5,4,5,1,2,3,0.444,27.0,0.0,1.0,0.0,0.0,11.0,0.0,5,0.0,0.0,0.0
gregelu01,2017,WS,HOU,AL,0,0,2,0,0,0,0,3,1,0,0,1,2,0.25,0.0,0.0,1.0,0.0,0.0,5.0,0.0,0,0.0,0.0,0.0
harriwi02,2017,WS,HOU,AL,0,0,3,0,0,0,0,6,2,0,0,0,2,0.222,0.0,0.0,1.0,0.0,0.0,9.0,0.0,0,0.0,0.0,0.0
hillri01,2017,WS,LAN,NL,0,0,2,2,0,0,0,26,7,2,1,4,12,0.219,2.08,2.0,0.0,0.0,0.0,37.0,0.0,2,1.0,0.0,0.0
janseke01,2017,WS,LAN,NL,0,1,6,0,0,0,2,26,6,3,2,2,8,0.188,3.12,0.0,0.0,1.0,0.0,35.0,4.0,3,0.0,0.0,0.0
kershcl01,2017,WS,LAN,NL,1,0,3,2,0,0,0,47,9,7,2,5,17,0.164,4.02,2.0,1.0,0.0,0.0,60.0,0.0,7,0.0,0.0,1.0
keuchda01,2017,WS,HOU,AL,0,1,2,2,0,0,0,31,11,6,2,3,7,0.289,5.23,0.0,0.0,0.0,0.0,42.0,0.0,7,1.0,0.0,2.0
liriafr01,2017,WS,HOU,AL,0,0,2,0,0,0,0,2,0,0,0,0,1,0.0,0.0,0.0,0.0,0.0,0.0,2.0,1.0,0,0.0,0.0,0.0
maedake01,2017,WS,LAN,NL,0,0,4,0,0,0,0,17,5,1,1,2,3,0.227,1.59,0.0,0.0,0.0,0.0,24.0,0.0,1,0.0,0.0,0.0
mccarbr01,2017,WS,LAN,NL,0,1,1,0,0,0,0,3,2,2,1,0,0,0.4,18.0,0.0,0.0,0.0,0.0,5.0,1.0,2,0.0,0.0,0.0
mcculla02,2017,WS,HOU,AL,1,0,2,2,0,0,0,23,7,3,0,4,6,0.259,3.52,0.0,0.0,4.0,0.0,35.0,0.0,3,0.0,0.0,1.0
mchugco01,2017,WS,HOU,AL,0,0,1,0,0,0,0,6,1,3,1,3,4,0.143,13.5,0.0,0.0,0.0,0.0,10.0,0.0,3,0.0,0.0,0.0
morrobr01,2017,WS,LAN,NL,0,0,7,0,0,0,0,16,8,5,2,1,4,0.333,8.44,0.0,1.0,0.0,0.0,25.0,0.0,5,0.0,0.0,1.0
mortoch02,2017,WS,HOU,AL,1,0,2,1,0,0,0,31,5,2,0,1,11,0.143,1.74,0.0,0.0,1.0,0.0,37.0,1.0,2,0.0,0.0,0.0
musgrjo01,2017,WS,HOU,AL,1,0,4,0,0,0,0,12,3,3,2,1,2,0.214,6.75,1.0,0.0,0.0,0.0,16.0,2.0,3,0.0,1.0,0.0
peacobr01,2017,WS,HOU,AL,0,0,4,0,0,0,1,22,4,2,0,3,8,0.154,2.45,0.0,1.0,1.0,0.0,30.0,1.0,2,0.0,0.0,0.0
stripro01,2017,WS,LAN,NL,0,0,3,0,0,0,0,6,2,0,0,1,1,0.286,0.0,0.0,0.0,0.0,0.0,8.0,1.0,0,0.0,0.0,1.0
verlaju01,2017,WS,HOU,AL,0,1,2,2,0,0,0,36,5,5,2,2,14,0.128,3.75,0.0,0.0,1.0,0.0,43.0,0.0,5,0.0,1.0,1.0
watsoto01,2017,WS,LAN,NL,2,0,5,0,0,0,0,11,2,0,0,1,1,0.167,0.0,0.0,0.0,1.0,0.0,14.0,0.0,1,0.0,0.0,1.0
woodal02,2017,WS,LAN,NL,0,0,2,1,0,0,0,23,1,1,1,2,6,0.043,1.17,0.0,0.0,0.0,0.0,25.0,1.0,1,0.0,0.0,1.0
barnema01,2018,ALCS,BOS,AL,1,0,5,0,0,0,0,13,1,1,1,4,4,0.071,2.08,0.0,0.0,0.0,0.0,18.0,0.0,1,0.0,0.0,0.0
brasiry01,2018,ALCS,BOS,AL,0,0,4,0,0,0,0,14,3,0,0,2,2,0.188,0.0,0.0,0.0,1.0,0.0,19.0,0.0,0,0.0,0.0,1.0
colege01,2018,ALCS,HOU,AL,0,1,1,1,0,0,0,18,6,4,0,2,5,0.24,6.0,0.0,0.0,0.0,0.0,27.0,0.0,5,0.0,0.0,0.0
eovalna01,2018,ALCS,BOS,AL,1,0,2,1,0,0,0,22,7,2,0,2,5,0.241,2.45,0.0,0.0,0.0,0.0,31.0,0.0,2,0.0,0.0,0.0
hembrhe01,2018,ALCS,BOS,AL,0,0,1,0,0,0,0,2,0,0,0,1,0,0.0,0.0,0.0,0.0,0.0,0.0,2.0,1.0,0,0.0,0.0,0.0
jamesjo02,2018,ALCS,HOU,AL,0,1,2,0,0,0,0,14,6,4,1,2,7,0.316,7.71,0.0,0.0,0.0,0.0,21.0,0.0,4,0.0,0.0,0.0
kellyjo05,2018,ALCS,BOS,AL,1,1,3,0,0,0,0,9,3,1,0,0,2,0.231,3.0,0.0,2.0,1.0,0.0,14.0,0.0,2,0.0,0.0,0.0
keuchda01,2018,ALCS,HOU,AL,0,0,1,1,0,0,0,15,4,2,0,2,0,0.211,3.6,0.0,0.0,0.0,0.0,21.0,0.0,2,0.0,0.0,0.0
kimbrcr01,2018,ALCS,BOS,AL,0,0,3,0,0,0,3,12,4,2,0,4,4,0.267,4.5,0.0,1.0,1.0,0.0,20.0,3.0,2,0.0,0.0,0.0
mcculla02,2018,ALCS,HOU,AL,0,0,3,0,0,0,0,9,2,1,0,2,4,0.182,3.0,0.0,2.0,0.0,0.0,13.0,0.0,2,0.0,0.0,0.0
mchugco01,2018,ALCS,HOU,AL,0,0,3,0,0,0,0,6,1,0,0,0,1,0.143,0.0,0.0,0.0,1.0,0.0,8.0,2.0,0,0.0,0.0,0.0
mortoch02,2018,ALCS,HOU,AL,0,0,1,1,0,0,0,7,3,3,0,2,2,0.3,11.57,0.0,2.0,1.0,0.0,13.0,0.0,3,0.0,0.0,0.0
osunaro01,2018,ALCS,HOU,AL,0,0,2,0,0,0,0,11,4,5,1,0,3,0.267,12.27,0.0,1.0,2.0,0.0,17.0,1.0,5,0.0,0.0,0.0
porceri01,2018,ALCS,BOS,AL,0,0,2,1,0,0,0,15,7,4,2,1,5,0.318,7.2,0.0,0.0,1.0,0.0,24.0,0.0,4,0.0,0.0,0.0
pressry01,2018,ALCS,HOU,AL,0,0,3,0,0,0,0,8,1,1,0,2,4,0.1,3.38,0.0,0.0,0.0,0.0,12.0,0.0,1,0.0,0.0,0.0
priceda01,2018,ALCS,BOS,AL,1,0,2,2,0,0,0,32,8,4,1,4,13,0.2,3.38,0.0,0.0,0.0,0.0,44.0,0.0,4,0.0,0.0,0.0
rodried05,2018,ALCS,BOS,AL,0,0,2,0,0,0,0,3,0,0,0,1,2,0.0,0.0,0.0,0.0,0.0,0.0,4.0,1.0,0,0.0,0.0,0.0
rondohe01,2018,ALCS,HOU,AL,0,0,2,0,0,0,0,3,2,0,0,0,0,0.5,0.0,0.0,0.0,0.0,0.0,4.0,1.0,0,0.0,0.0,1.0
salech01,2018,ALCS,BOS,AL,0,0,1,1,0,0,0,12,1,2,0,4,5,0.083,4.5,0.0,0.0,1.0,0.0,17.0,0.0,2,0.0,0.0,0.0
sippto01,2018,ALCS,HOU,AL,0,0,3,0,0,0,0,4,1,0,0,2,2,0.2,0.0,0.0,0.0,0.0,0.0,7.0,1.0,0,0.0,0.0,0.0
smithjo05,2018,ALCS,HOU,AL,0,1,1,0,0,0,0,1,1,1,1,0,0,0.5,27.0,0.0,0.0,0.0,0.0,2.0,0.0,1,0.0,0.0,0.0
verlaju01,2018,ALCS,HOU,AL,1,1,2,2,0,0,0,36,9,6,2,6,10,0.2,4.5,0.0,2.0,0.0,0.0,51.0,0.0,6,0.0,0.0,1.0
workmbr01,2018,ALCS,BOS,AL,0,0,1,0,0,0,0,1,3,4,2,2,1,0.75,108.0,0.0,0.0,0.0,0.0,6.0,0.0,4,0.0,0.0,0.0
barnema01,2018,ALDS1,BOS,AL,0,0,2,0,0,0,0,6,0,0,0,1,1,0.0,0.0,0.0,1.0,0.0,0.0,7.0,0.0,0,0.0,0.0,0.0
betande01,2018,ALDS1,NYA,AL,0,0,2,0,0,0,0,10,3,1,0,1,4,0.214,2.7,1.0,1.0,0.0,0.0,15.0,0.0,1,0.0,0.0,0.0
brasiry01,2018,ALDS1,BOS,AL,0,0,3,0,0,0,0,7,1,0,0,2,4,0.111,0.0,0.0,1.0,0.0,0.0,11.0,0.0,0,0.0,0.0,0.0
brittza01,2018,ALDS1,NYA,AL,0,0,3,0,0,0,0,12,3,1,1,1,4,0.2,2.25,0.0,0.0,0.0,0.0,16.0,0.0,1,0.0,0.0,0.0
chapmar01,2018,ALDS1,NYA,AL,0,0,2,0,0,0,0,6,0,0,0,1,2,0.0,0.0,0.0,0.0,0.0,0.0,6.0,2.0,0,0.0,0.0,1.0
eovalna01,2018,ALDS1,BOS,AL,1,0,1,1,0,0,0,21,5,1,0,0,5,0.2,1.29,0.0,0.0,0.0,0.0,26.0,0.0,1,1.0,0.0,0.0
greench03,2018,ALDS1,NYA,AL,0,0,2,0,0,0,0,11,4,1,0,3,0,0.308,2.45,1.0,0.0,0.0,0.0,18.0,0.0,1,1.0,1.0,0.0
happja01,2018,ALDS1,NYA,AL,0,1,1,1,0,0,0,6,4,5,1,1,2,0.4,22.5,0.0,0.0,0.0,0.0,11.0,0.0,5,0.0,0.0,0.0
hembrhe01,2018,ALDS1,BOS,AL,0,0,2,0,0,0,0,9,0,0,0,3,2,0.0,0.0,0.0,0.0,0.0,0.0,10.0,1.0,0,0.0,0.0,2.0
holdejo02,2018,ALDS1,NYA,AL,0,0,1,0,0,0,0,6,2,1,0,1,1,0.25,4.5,0.0,0.0,0.0,0.0,9.0,0.0,1,0.0,0.0,0.0
kellyjo05,2018,ALDS1,BOS,AL,0,0,1,0,0,0,0,7,1,0,0,0,1,0.125,0.0,0.0,0.0,0.0,0.0,8.0,0.0,0,0.0,0.0,0.0
kimbrcr01,2018,ALDS1,BOS,AL,0,0,2,0,0,0,2,7,2,3,1,2,4,0.25,11.57,0.0,0.0,1.0,0.0,12.0,2.0,3,0.0,1.0,0.0
lynnla01,2018,ALDS1,NYA,AL,0,0,2,0,0,0,0,7,3,3,0,2,2,0.3,11.57,0.0,0.0,0.0,0.0,12.0,0.0,3,0.0,0.0,0.0
porceri01,2018,ALDS1,BOS,AL,1,0,2,1,0,0,0,17,5,1,0,0,1,0.238,1.59,0.0,0.0,0.0,0.0,22.0,0.0,1,0.0,1.0,0.0
priceda01,2018,ALDS1,BOS,AL,0,1,1,1,0,0,0,5,3,3,2,2,0,0.375,16.2,0.0,0.0,0.0,0.0,10.0,0.0,3,0.0,0.0,0.0
roberda08,2018,ALDS1,NYA,AL,0,0,2,0,0,0,0,8,0,0,0,1,6,0.0,0.0,0.0,0.0,0.0,0.0,9.0,1.0,0,0.0,0.0,0.0
rodried05,2018,ALDS1,BOS,AL,0,0,2,0,0,0,0,8,2,3,1,2,2,0.2,10.12,0.0,0.0,0.0,0.0,12.0,1.0,3,0.0,0.0,0.0
rominau01,2018,ALDS1,NYA,AL,0,0,1,0,0,0,0,3,1,2,1,1,0,0.25,18.0,0.0,0.0,0.0,0.0,5.0,1.0,2,0.0,0.0,0.0
sabatcc01,2018,ALDS1,NYA,AL,0,1,1,1,0,0,0,9,5,3,0,2,1,0.385,9.0,0.0,1.0,1.0,0.0,17.0,0.0,3,0.0,1.0,0.0
salech01,2018,ALDS1,BOS,AL,1,0,2,1,0,0,0,19,5,2,0,2,9,0.217,2.84,0.0,0.0,0.0,0.0,25.0,0.0,2,0.0,0.0,1.0
severlu01,2018,ALDS1,NYA,AL,0,1,1,1,0,0,0,9,7,6,0,2,2,0.467,18.0,0.0,0.0,0.0,0.0,18.0,0.0,6,0.0,1.0,0.0
tanakma01,2018,ALDS1,NYA,AL,1,0,1,1,0,0,0,15,3,1,1,1,4,0.167,1.8,0.0,0.0,0.0,0.0,19.0,0.0,1,0.0,0.0,0.0
tarplst01,2018,ALDS1,NYA,AL,0,0,1,0,0,0,0,3,4,3,0,1,1,0.571,27.0,0.0,1.0,0.0,0.0,8.0,0.0,3,0.0,0.0,0.0
workmbr01,2018,ALDS1,BOS,AL,0,0,2,0,0,0,0,2,4,1,0,1,2,0.667,13.5,0.0,0.0,0.0,0.0,7.0,0.0,1,0.0,0.0,0.0
allenco01,2018,ALDS2,CLE,AL,0,0,2,0,0,0,0,3,4,6,2,2,2,0.571,54.0,2.0,1.0,0.0,0.0,9.0,0.0,6,0.0,0.0,0.0
bauertr01,2018,ALDS2,CLE,AL,0,1,3,0,0,0,0,12,7,3,1,1,4,0.368,6.75,0.0,0.0,0.0,0.0,20.0,0.0,4,0.0,0.0,0.0
carraca01,2018,ALDS2,CLE,AL,0,1,1,1,0,0,0,16,6,2,0,1,3,0.3,3.38,0.0,0.0,0.0,0.0,22.0,0.0,2,1.0,0.0,1.0
cimbead01,2018,ALDS2,CLE,AL,0,0,2,0,0,0,0,6,2,1,0,1,0,0.286,4.5,0.0,0.0,0.0,1.0,8.0,1.0,1,0.0,0.0,0.0
clevimi01,2018,ALDS2,CLE,AL,0,0,1,1,0,0,0,15,3,1,1,3,9,0.167,1.8,0.0,0.0,1.0,0.0,22.0,0.0,1,0.0,0.0,0.0
colege01,2018,ALDS2,HOU,AL,1,0,1,1,0,0,0,21,3,1,1,0,12,0.125,1.29,0.0,0.0,0.0,0.0,24.0,0.0,1,0.0,0.0,0.0
handbr01,2018,ALDS2,CLE,AL,0,0,2,0,0,0,0,5,3,2,1,1,4,0.375,10.8,1.0,1.0,0.0,0.0,9.0,1.0,2,0.0,0.0,0.0
harriwi02,2018,ALDS2,HOU,AL,0,0,1,0,0,0,0,3,1,1,0,1,0,0.333,9.0,0.0,1.0,0.0,0.0,4.0,1.0,1,0.0,0.0,1.0
keuchda01,2018,ALDS2,HOU,AL,0,0,1,1,0,0,0,15,4,2,1,1,2,0.235,3.6,0.0,0.0,0.0,0.0,20.0,0.0,2,1.0,1.0,0.0
klubeco01,2018,ALDS2,CLE,AL,0,1,1,1,0,0,0,14,6,4,3,2,2,0.316,7.71,0.0,0.0,2.0,0.0,23.0,0.0,4,0.0,0.0,1.0
mcculla02,2018,ALDS2,HOU,AL,0,0,2,0,0,0,0,6,2,0,0,0,0,0.286,0.0,0.0,0.0,0.0,0.0,7.0,0.0,0,0.0,0.0,1.0
mchugco01,2018,ALDS2,HOU,AL,1,0,1,0,0,0,0,6,0,0,0,0,4,0.0,0.0,0.0,0.0,0.0,0.0,6.0,0.0,0,0.0,0.0,0.0
millean01,2018,ALDS2,CLE,AL,0,0,2,0,0,0,0,1,1,0,0,3,0,0.5,0.0,1.0,1.0,0.0,0.0,5.0,0.0,0,0.0,0.0,0.0
osunaro01,2018,ALDS2,HOU,AL,0,0,2,0,0,0,1,7,1,0,0,1,2,0.125,0.0,0.0,0.0,0.0,0.0,9.0,2.0,0,0.0,0.0,0.0
oteroda01,2018,ALDS2,CLE,AL,0,0,1,0,0,0,0,3,2,1,0,0,0,0.5,9.0,0.0,0.0,0.0,0.0,4.0,1.0,1,0.0,0.0,1.0
pressry01,2018,ALDS2,HOU,AL,0,0,2,0,0,0,0,7,0,0,0,1,3,0.0,0.0,0.0,1.0,0.0,0.0,8.0,0.0,0,0.0,0.0,0.0
verlaju01,2018,ALDS2,HOU,AL,1,0,1,1,0,0,0,16,2,2,0,2,7,0.111,3.38,0.0,0.0,0.0,0.0,20.0,0.0,2,0.0,0.0,0.0
betande01,2018,ALWC,NYA,AL,1,0,1,0,0,0,0,6,0,0,0,0,3,0.0,0.0,0.0,0.0,0.0,0.0,6.0,0.0,0,0.0,0.0,0.0
brittza01,2018,ALWC,NYA,AL,0,0,1,0,0,0,0,3,2,2,1,1,0,0.4,18.0,0.0,0.0,0.0,0.0,6.0,0.0,2,0.0,0.0,0.0
chapmar01,2018,ALWC,NYA,AL,0,0,1,0,0,0,0,3,1,0,0,0,2,0.25,0.0,0.0,0.0,0.0,0.0,4.0,1.0,0,0.0,0.0,0.0
familje01,2018,ALWC,OAK,AL,0,0,1,0,0,0,0,3,0,0,0,0,1,0.0,0.0,0.0,0.0,0.0,0.0,3.0,1.0,0,0.0,0.0,0.0
hendrli01,2018,ALWC,OAK,AL,0,1,1,1,0,0,0,3,1,2,1,1,1,0.25,18.0,0.0,0.0,0.0,0.0,5.0,0.0,2,0.0,0.0,0.0
kellesh01,2018,ALWC,OAK,AL,0,0,1,0,0,0,0,3,1,0,0,0,0,0.25,0.0,0.0,0.0,0.0,0.0,4.0,0.0,0,0.0,0.0,0.0
roberda08,2018,ALWC,NYA,AL,0,0,1,0,0,0,0,3,0,0,0,0,1,0.0,0.0,0.0,0.0,0.0,0.0,3.0,0.0,0,0.0,0.0,0.0
rodnefe01,2018,ALWC,OAK,AL,0,0,1,0,0,0,0,0,2,2,0,0,0,1.0,,0.0,1.0,0.0,0.0,2.0,0.0,2,0.0,0.0,0.0
severlu01,2018,ALWC,NYA,AL,0,0,1,1,0,0,0,12,2,0,0,4,7,0.133,0.0,0.0,0.0,0.0,0.0,19.0,0.0,0,0.0,0.0,0.0
treinbl01,2018,ALWC,OAK,AL,0,0,1,0,0,0,0,6,2,3,1,2,0,0.286,13.5,0.0,0.0,0.0,0.0,10.0,0.0,3,0.0,1.0,0.0
trivilo01,2018,ALWC,OAK,AL,0,0,1,0,0,0,0,9,1,0,0,1,4,0.111,0.0,0.0,0.0,0.0,0.0,10.0,0.0,0,0.0,0.0,1.0
baezpe01,2018,NLCS,LAN,NL,1,0,4,0,0,0,0,13,2,0,0,1,7,0.133,0.0,0.0,0.0,0.0,0.0,16.0,0.0,0,0.0,0.0,0.0
buehlwa01,2018,NLCS,LAN,NL,0,1,2,2,0,0,0,35,12,5,2,1,15,0.261,3.86,0.0,1.0,0.0,0.0,47.0,0.0,5,0.0,0.0,1.0
burneco01,2018,NLCS,MIL,NL,0,0,4,0,0,0,0,15,3,2,0,1,6,0.188,3.6,0.0,0.0,1.0,0.0,18.0,1.0,2,0.0,0.0,0.0
cedenxa01,2018,NLCS,MIL,NL,0,0,4,0,0,0,0,3,3,2,0,1,1,0.5,18.0,1.0,0.0,0.0,0.0,7.0,0.0,2,0.0,0.0,0.0
chacijh01,2018,NLCS,MIL,NL,1,1,2,2,0,0,0,22,6,2,1,3,6,0.222,2.45,1.0,0.0,0.0,0.0,30.0,0.0,2,0.0,0.0,1.0
davieza01,2018,NLCS,MIL,NL,0,0,1,0,0,0,0,3,1,0,0,0,1,0.25,0.0,0.0,0.0,0.0,0.0,4.0,1.0,0,0.0,0.0,0.0
ferguca01,2018,NLCS,LAN,NL,0,0,4,0,0,0,0,4,0,0,0,1,1,0.0,0.0,0.0,0.0,0.0,0.0,5.0,0.0,0,0.0,0.0,0.0
florody01,2018,NLCS,LAN,NL,0,0,5,0,0,0,0,13,3,0,0,2,5,0.214,0.0,0.0,0.0,0.0,0.0,16.0,1.0,0,0.0,0.0,1.0
gonzagi01,2018,NLCS,MIL,NL,0,0,2,2,0,0,0,9,3,2,1,2,1,0.25,6.0,0.0,0.0,1.0,0.0,15.0,0.0,2,0.0,0.0,0.0
guerrju02,2018,NLCS,MIL,NL,0,1,2,0,0,0,0,14,2,1,0,0,5,0.133,1.93,0.0,1.0,0.0,0.0,15.0,2.0,1,0.0,0.0,1.0
haderjo01,2018,NLCS,MIL,NL,0,0,4,0,0,0,0,23,5,0,0,1,12,0.192,0.0,0.0,0.0,0.0,0.0,28.0,0.0,0,1.0,0.0,1.0
hillri01,2018,NLCS,LAN,NL,0,0,2,1,0,0,0,18,4,1,0,4,7,0.19,1.5,0.0,0.0,0.0,0.0,25.0,1.0,1,0.0,0.0,1.0
janseke01,2018,NLCS,LAN,NL,0,0,4,0,0,0,2,14,1,0,0,2,7,0.067,0.0,0.0,0.0,0.0,0.0,17.0,2.0,0,0.0,0.0,0.0
jeffrje01,2018,NLCS,MIL,NL,0,1,5,0,0,0,0,14,10,4,2,3,7,0.435,7.71,0.0,0.0,0.0,0.0,26.0,1.0,4,0.0,0.0,1.0
kershcl01,2018,NLCS,LAN,NL,1,1,3,2,0,0,0,33,9,5,1,4,13,0.225,4.09,0.0,0.0,0.0,0.0,46.0,1.0,6,0.0,1.0,0.0
knebeco01,2018,NLCS,MIL,NL,1,0,6,0,0,0,1,21,2,1,0,2,10,0.095,1.29,0.0,0.0,1.0,0.0,24.0,1.0,1,0.0,0.0,1.0
madsory01,2018,NLCS,LAN,NL,1,0,5,0,0,0,0,15,5,1,0,1,5,0.25,1.8,1.0,0.0,0.0,0.0,21.0,0.0,1,0.0,0.0,0.0
maedake01,2018,NLCS,LAN,NL,0,0,4,0,0,0,0,8,3,2,0,1,3,0.273,6.75,1.0,1.0,0.0,0.0,12.0,1.0,2,0.0,0.0,1.0
mileywa01,2018,NLCS,MIL,NL,0,0,3,3,0,0,0,30,7,2,1,3,7,0.189,1.8,0.0,0.0,0.0,0.0,40.0,0.0,2,0.0,0.0,0.0
peralfr01,2018,NLCS,MIL,NL,0,0,1,0,0,0,0,9,0,0,0,3,6,0.0,0.0,0.0,0.0,0.0,0.0,12.0,0.0,0,0.0,0.0,0.0
ryuhy01,2018,NLCS,LAN,NL,0,1,2,2,0,0,0,22,13,7,1,2,7,0.371,8.59,1.0,0.0,0.0,0.0,37.0,0.0,7,0.0,0.0,0.0
soriajo01,2018,NLCS,MIL,NL,0,0,4,0,0,0,0,6,4,4,0,2,3,0.4,18.0,0.0,0.0,0.0,0.0,12.0,0.0,4,0.0,0.0,0.0
uriasju01,2018,NLCS,LAN,NL,1,0,4,0,0,0,0,10,3,1,1,0,3,0.231,2.7,0.0,0.0,0.0,0.0,13.0,1.0,1,0.0,0.0,0.0
woodal02,2018,NLCS,LAN,NL,0,0,4,0,0,0,0,10,2,1,1,3,6,0.167,2.7,2.0,0.0,1.0,0.0,16.0,0.0,1,0.0,0.0,0.0
woodrbr01,2018,NLCS,MIL,NL,1,1,3,0,0,0,0,28,7,3,0,2,17,0.219,2.89,1.0,0.0,2.0,0.0,37.0,1.0,3,1.0,0.0,2.0
anderty01,2018,NLDS1,COL,NL,0,1,1,1,0,0,0,18,4,1,0,2,5,0.19,1.5,0.0,0.0,0.0,0.0,23.0,0.0,1,0.0,0.0,0.0
burneco01,2018,NLDS1,MIL,NL,1,0,2,0,0,0,0,12,1,0,0,0,5,0.077,0.0,0.0,0.0,0.0,0.0,13.0,0.0,0,0.0,0.0,0.0
chacijh01,2018,NLDS1,MIL,NL,1,0,1,1,0,0,0,15,3,0,0,3,3,0.167,0.0,0.0,0.0,0.0,0.0,21.0,0.0,0,0.0,0.0,0.0
daviswa01,2018,NLDS1,COL,NL,0,0,1,0,0,0,0,0,2,2,2,2,0,1.0,,0.0,0.0,0.0,0.0,4.0,0.0,2,0.0,0.0,0.0
haderjo01,2018,NLDS1,MIL,NL,0,0,3,0,0,0,0,7,0,0,0,0,4,0.0,0.0,0.0,0.0,0.0,0.0,7.0,1.0,0,0.0,0.0,0.0
jeffrje01,2018,NLDS1,MIL,NL,0,0,3,0,0,0,1,10,6,2,0,1,4,0.375,5.4,0.0,0.0,0.0,0.0,18.0,1.0,2,0.0,1.0,0.0
johnsdj01,2018,NLDS1,COL,NL,0,0,1,0,0,0,0,2,1,0,0,0,2,0.333,0.0,0.0,0.0,0.0,0.0,3.0,0.0,0,0.0,0.0,0.0
knebeco01,2018,NLDS1,MIL,NL,0,0,3,0,0,0,0,9,0,0,0,1,4,0.0,0.0,0.0,0.0,0.0,0.0,9.0,0.0,0,0.0,0.0,0.0
marquge01,2018,NLDS1,COL,NL,0,1,1,1,0,0,0,15,7,2,1,1,5,0.333,3.6,0.0,0.0,0.0,0.0,22.0,0.0,2,0.0,0.0,0.0
mileywa01,2018,NLDS1,MIL,NL,0,0,1,1,0,0,0,14,3,0,0,1,2,0.176,0.0,0.0,0.0,0.0,0.0,18.0,0.0,0,0.0,0.0,0.0
musgrha01,2018,NLDS1,COL,NL,0,0,2,0,0,0,0,2,1,1,0,3,2,0.333,13.5,1.0,0.0,0.0,0.0,6.0,0.0,1,0.0,0.0,0.0
obergsc01,2018,NLDS1,COL,NL,0,0,3,0,0,0,0,7,4,2,0,0,6,0.364,7.71,0.0,1.0,0.0,1.0,11.0,0.0,2,0.0,0.0,0.0
ohse01,2018,NLDS1,COL,NL,0,0,2,0,0,0,0,4,3,2,0,2,1,0.5,13.5,1.0,0.0,0.0,0.0,8.0,0.0,2,0.0,0.0,1.0
ottavad01,2018,NLDS1,COL,NL,0,1,2,0,0,0,0,8,1,1,0,2,1,0.111,3.38,1.0,1.0,0.0,0.0,11.0,1.0,1,0.0,0.0,0.0
rusinch01,2018,NLDS1,COL,NL,0,0,3,0,0,0,0,9,2,0,0,2,2,0.2,0.0,0.0,0.0,0.0,0.0,12.0,2.0,0,0.0,0.0,1.0
senzaan01,2018,NLDS1,COL,NL,0,0,1,1,0,0,0,15,3,2,1,2,1,0.176,3.6,0.0,2.0,0.0,0.0,19.0,0.0,2,0.0,0.0,0.0
soriajo01,2018,NLDS1,MIL,NL,1,0,3,0,0,0,0,8,1,0,0,1,5,0.111,0.0,0.0,0.0,0.0,0.0,10.0,1.0,0,0.0,0.0,0.0
woodrbr01,2018,NLDS1,MIL,NL,0,0,1,1,0,0,0,9,0,0,0,1,3,0.0,0.0,0.0,0.0,0.0,0.0,9.0,0.0,0,0.0,0.0,0.0
alexasc01,2018,NLDS2,LAN,NL,0,0,1,0,0,0,0,3,0,0,0,0,0,0.0,0.0,0.0,0.0,0.0,0.0,3.0,1.0,0,0.0,0.0,0.0
baezpe01,2018,NLDS2,LAN,NL,0,0,2,0,0,0,0,7,0,0,0,1,3,0.0,0.0,0.0,0.0,0.0,0.0,8.0,0.0,0,0.0,0.0,0.0
brachbr01,2018,NLDS2,ATL,NL,0,0,2,0,0,0,0,4,2,1,1,2,2,0.333,6.75,0.0,0.0,0.0,0.0,8.0,0.0,1,0.0,0.0,0.0
buehlwa01,2018,NLDS2,LAN,NL,0,0,1,1,0,0,0,15,2,5,1,3,7,0.118,9.0,1.0,0.0,0.0,0.0,20.0,0.0,5,0.0,0.0,0.0
ferguca01,2018,NLDS2,LAN,NL,0,0,2,0,0,0,0,5,0,0,0,0,2,0.0,0.0,0.0,0.0,0.0,0.0,5.0,0.0,0,0.0,0.0,0.0
florody01,2018,NLDS2,LAN,NL,0,0,1,0,0,0,0,1,0,0,0,0,0,0.0,0.0,0.0,0.0,0.0,0.0,1.0,1.0,0,0.0,0.0,0.0
foltymi01,2018,NLDS2,ATL,NL,0,1,2,2,0,0,0,18,5,5,2,7,10,0.227,7.5,1.0,0.0,1.0,0.0,31.0,0.0,5,1.0,0.0,0.0
friedma01,2018,NLDS2,ATL,NL,0,0,4,0,0,0,0,7,1,1,1,1,1,0.143,3.86,0.0,0.0,0.0,0.0,8.0,0.0,1,0.0,0.0,1.0
gausmke01,2018,NLDS2,ATL,NL,0,0,1,0,0,0,0,6,2,2,1,2,4,0.25,9.0,0.0,0.0,0.0,0.0,10.0,0.0,2,0.0,0.0,0.0
hillri01,2018,NLDS2,LAN,NL,0,0,1,1,0,0,0,13,4,2,0,5,3,0.235,4.15,0.0,0.0,0.0,0.0,23.0,0.0,2,1.0,0.0,0.0
janseke01,2018,NLDS2,LAN,NL,0,0,2,0,0,0,1,6,1,0,0,0,3,0.143,0.0,0.0,0.0,0.0,0.0,7.0,2.0,0,0.0,0.0,0.0
kershcl01,2018,NLDS2,LAN,NL,1,0,1,1,0,0,0,24,2,0,0,0,3,0.08,0.0,0.0,0.0,1.0,0.0,26.0,0.0,0,0.0,0.0,1.0
madsory01,2018,NLDS2,LAN,NL,1,0,2,0,0,0,0,4,1,0,0,0,1,0.2,0.0,0.0,0.0,0.0,0.0,5.0,0.0,0,0.0,0.0,0.0
maedake01,2018,NLDS2,LAN,NL,0,0,1,0,0,0,0,3,2,0,0,0,1,0.4,0.0,0.0,0.0,0.0,0.0,5.0,0.0,0,0.0,0.0,0.0
minteaj01,2018,NLDS2,ATL,NL,0,0,2,0,0,0,0,6,1,0,0,1,3,0.143,0.0,0.0,1.0,0.0,0.0,8.0,1.0,0,0.0,0.0,0.0
newcose01,2018,NLDS2,ATL,NL,0,0,2,1,0,0,0,14,2,1,0,3,2,0.154,1.93,0.0,0.0,0.0,0.0,17.0,0.0,2,1.0,0.0,2.0
ryuhy01,2018,NLDS2,LAN,NL,1,0,1,1,0,0,0,21,4,0,0,0,8,0.16,0.0,0.0,0.0,0.0,0.0,25.0,0.0,0,0.0,0.0,0.0
sanchan01,2018,NLDS2,ATL,NL,0,1,1,1,0,0,0,14,5,3,2,1,3,0.263,5.79,0.0,0.0,0.0,0.0,20.0,0.0,3,0.0,0.0,0.0
sobotch01,2018,NLDS2,ATL,NL,0,0,3,0,0,0,0,7,2,3,1,4,0,0.25,11.57,0.0,0.0,0.0,0.0,13.0,1.0,4,0.0,1.0,0.0
teherju01,2018,NLDS2,ATL,NL,0,0,1,0,0,0,0,5,1,0,0,0,2,0.2,0.0,0.0,0.0,0.0,0.0,5.0,0.0,0,0.0,0.0,0.0
toussto01,2018,NLDS2,ATL,NL,1,0,2,0,0,0,0,9,1,0,0,4,2,0.111,0.0,0.0,0.0,0.0,0.0,13.0,0.0,0,0.0,0.0,0.0
ventejo01,2018,NLDS2,ATL,NL,0,1,2,0,0,0,0,6,2,2,0,1,1,0.25,9.0,0.0,0.0,0.0,0.0,9.0,0.0,2,0.0,0.0,0.0
vizcaar01,2018,NLDS2,ATL,NL,0,0,2,0,0,0,1,6,1,0,0,1,5,0.143,0.0,0.0,1.0,0.0,0.0,8.0,2.0,0,0.0,0.0,0.0
woodal02,2018,NLDS2,LAN,NL,0,1,2,0,0,0,0,3,3,1,1,0,1,0.5,9.0,0.0,0.0,0.0,0.0,6.0,0.0,1,0.0,0.0,0.0
chaveje01,2018,NLWC,CHN,NL,0,0,1,0,0,0,0,3,1,0,0,0,0,0.333,0.0,0.0,0.0,0.0,0.0,3.0,0.0,0,0.0,0.0,0.0
cishest01,2018,NLWC,CHN,NL,0,0,1,0,0,0,0,2,0,0,0,0,0,0.0,0.0,0.0,0.0,0.0,0.0,1.0,0.0,0,0.0,0.0,1.0
daviswa01,2018,NLWC,COL,NL,0,0,1,0,0,0,0,4,0,0,0,1,3,0.0,0.0,0.0,0.0,0.0,0.0,5.0,0.0,0,0.0,0.0,0.0
delarjo01,2018,NLWC,CHN,NL,0,0,1,0,0,0,0,1,0,0,0,0,1,0.0,0.0,0.0,1.0,0.0,0.0,1.0,1.0,0,0.0,0.0,0.0
freelky01,2018,NLWC,COL,NL,0,0,1,1,0,0,0,20,4,0,0,1,6,0.174,0.0,0.0,0.0,0.0,0.0,24.0,0.0,0,0.0,0.0,1.0
hamelco01,2018,NLWC,CHN,NL,0,0,1,0,0,0,0,6,2,0,0,1,1,0.222,0.0,0.0,0.0,0.0,0.0,10.0,0.0,0,0.0,0.0,0.0
hendrky01,2018,NLWC,CHN,NL,0,1,1,0,0,0,0,4,3,1,0,0,0,0.429,6.75,0.0,0.0,0.0,0.0,7.0,0.0,1,0.0,0.0,0.0
lestejo01,2018,NLWC,CHN,NL,0,0,1,1,0,0,0,18,4,1,0,1,9,0.19,1.5,0.0,0.0,0.0,0.0,23.0,0.0,1,0.0,1.0,0.0
obergsc01,2018,NLWC,COL,NL,1,0,1,0,0,0,0,4,0,0,0,0,4,0.0,0.0,0.0,0.0,0.0,0.0,4.0,1.0,0,0.0,0.0,0.0
ohse01,2018,NLWC,COL,NL,0,0,1,0,0,0,0,5,0,0,0,2,1,0.0,0.0,1.0,0.0,0.0,0.0,7.0,0.0,0,1.0,0.0,0.0
ottavad01,2018,NLWC,COL,NL,0,0,1,0,0,0,0,3,2,1,0,1,2,0.4,9.0,0.0,1.0,0.0,0.0,7.0,0.0,1,0.0,0.0,0.0
rosarra01,2018,NLWC,CHN,NL,0,0,1,0,0,0,0,1,0,0,0,1,0,0.0,0.0,0.0,0.0,0.0,0.0,2.0,0.0,0,0.0,0.0,0.0
rusinch01,2018,NLWC,COL,NL,0,0,1,0,0,0,0,3,0,0,0,0,0,0.0,0.0,0.0,0.0,0.0,0.0,3.0,0.0,0,0.0,0.0,0.0
stroppe01,2018,NLWC,CHN,NL,0,0,1,0,0,0,0,3,1,0,0,0,2,0.25,0.0,0.0,0.0,0.0,0.0,4.0,0.0,0,0.0,0.0,0.0
wilsoju10,2018,NLWC,CHN,NL,0,0,1,0,0,0,0,1,0,0,0,0,0,0.0,0.0,0.0,0.0,0.0,0.0,1.0,0.0,0,0.0,0.0,0.0
alexasc01,2018,WS,LAN,NL,0,0,3,0,0,0,0,4,1,2,0,2,2,0.2,13.5,0.0,1.0,0.0,0.0,7.0,0.0,2,0.0,0.0,0.0
baezpe01,2018,WS,LAN,NL,0,0,4,0,0,0,0,14,2,2,1,3,4,0.133,3.86,1.0,0.0,0.0,0.0,18.0,1.0,2,0.0,0.0,0.0
barnema01,2018,WS,BOS,AL,1,0,3,0,0,0,0,7,2,0,0,1,4,0.222,0.0,0.0,1.0,0.0,0.0,10.0,0.0,0,0.0,0.0,0.0
brasiry01,2018,WS,BOS,AL,0,0,2,0,0,0,0,5,3,1,0,1,1,0.429,5.4,0.0,0.0,0.0,0.0,9.0,0.0,1,0.0,1.0,0.0
buehlwa01,2018,WS,LAN,NL,0,0,1,1,0,0,0,21,2,0,0,0,7,0.095,0.0,0.0,0.0,0.0,0.0,22.0,0.0,0,1.0,0.0,0.0
eovalna01,2018,WS,BOS,AL,0,1,3,0,0,0,0,24,3,1,1,1,6,0.111,1.12,0.0,0.0,0.0,0.0,28.0,1.0,2,0.0,0.0,0.0
florody01,2018,WS,LAN,NL,0,1,2,0,0,0,0,7,3,3,0,2,3,0.3,11.57,2.0,0.0,0.0,0.0,12.0,0.0,3,0.0,0.0,0.0
hembrhe01,2018,WS,BOS,AL,0,0,1,0,0,0,0,3,0,0,0,1,1,0.0,0.0,0.0,0.0,0.0,0.0,4.0,0.0,0,0.0,0.0,0.0
hillri01,2018,WS,LAN,NL,0,0,1,1,0,0,0,19,1,1,0,3,7,0.05,1.42,0.0,0.0,1.0,0.0,24.0,0.0,1,0.0,0.0,0.0
janseke01,2018,WS,LAN,NL,0,0,3,0,0,0,0,12,2,2,2,1,3,0.154,4.5,0.0,0.0,0.0,0.0,14.0,1.0,2,0.0,0.0,1.0
kellyjo05,2018,WS,BOS,AL,1,0,5,0,0,0,0,18,4,0,0,0,10,0.182,0.0,0.0,0.0,0.0,0.0,22.0,0.0,0,0.0,0.0,0.0
kershcl01,2018,WS,LAN,NL,0,2,2,2,0,0,0,33,14,9,3,3,10,0.318,7.36,1.0,0.0,0.0,0.0,47.0,0.0,9,0.0,0.0,2.0
kimbrcr01,2018,WS,BOS,AL,0,0,4,0,0,0,1,13,3,2,1,2,2,0.188,4.15,0.0,0.0,0.0,0.0,18.0,3.0,2,0.0,0.0,0.0
madsory01,2018,WS,LAN,NL,0,0,4,0,0,0,0,7,3,1,1,2,2,0.3,3.86,0.0,1.0,0.0,0.0,12.0,0.0,1,0.0,0.0,0.0
maedake01,2018,WS,LAN,NL,0,0,3,0,0,0,0,9,4,1,0,2,6,0.308,3.0,1.0,0.0,0.0,0.0,15.0,1.0,1,0.0,0.0,0.0
porceri01,2018,WS,BOS,AL,0,0,1,1,0,0,0,14,3,1,1,1,5,0.176,1.93,0.0,0.0,0.0,0.0,18.0,0.0,1,0.0,0.0,0.0
priceda01,2018,WS,BOS,AL,2,0,3,2,0,0,0,41,7,3,1,6,10,0.156,1.98,0.0,0.0,0.0,0.0,52.0,0.0,3,0.0,1.0,1.0
rodried05,2018,WS,BOS,AL,0,0,3,1,0,0,0,19,4,4,1,2,7,0.174,5.68,1.0,0.0,1.0,0.0,26.0,0.0,4,0.0,0.0,0.0
ryuhy01,2018,WS,LAN,NL,0,1,1,1,0,0,0,14,6,4,0,1,5,0.316,7.71,0.0,0.0,0.0,0.0,20.0,0.0,4,0.0,0.0,0.0
salech01,2018,WS,BOS,AL,0,0,2,1,0,0,0,15,5,3,1,2,10,0.25,5.4,0.0,0.0,0.0,0.0,22.0,1.0,3,0.0,0.0,0.0
uriasju01,2018,WS,LAN,NL,0,0,3,0,0,0,0,9,1,1,0,1,2,0.1,3.0,0.0,0.0,0.0,0.0,11.0,0.0,1,0.0,0.0,0.0
woodal02,2018,WS,LAN,NL,1,0,3,0,0,0,0,7,3,2,1,1,2,0.333,7.71,0.0,0.0,0.0,0.0,10.0,2.0,2,0.0,0.0,1.0
abreubr01,2019,ALCS,HOU,AL,0,0,1,0,0,0,0,2,2,2,1,2,0,0.5,27.0,0.0,0.0,0.0,0.0,6.0,0.0,2,0.0,0.0,0.0
brittza01,2019,ALCS,NYA,AL,0,0,5,0,0,0,0,17,1,0,0,5,5,0.059,0.0,1.0,1.0,0.0,0.0,23.0,0.0,0,0.0,1.0,0.0
cessalu01,2019,ALCS,NYA,AL,0,0,2,0,0,0,0,12,2,0,0,0,4,0.154,0.0,0.0,0.0,1.0,0.0,14.0,1.0,0,0.0,0.0,1.0
chapmar01,2019,ALCS,NYA,AL,0,1,3,0,0,0,1,8,1,2,1,2,5,0.111,6.75,0.0,0.0,0.0,0.0,11.0,2.0,2,0.0,0.0,0.0
colege01,2019,ALCS,HOU,AL,1,0,1,1,0,0,0,21,4,0,0,5,7,0.16,0.0,0.0,0.0,0.0,0.0,30.0,0.0,0,0.0,0.0,0.0
greench03,2019,ALCS,NYA,AL,0,0,4,1,0,0,0,14,4,5,2,1,5,0.222,9.64,0.0,0.0,0.0,0.0,19.0,0.0,5,0.0,0.0,0.0
greinza01,2019,ALCS,HOU,AL,0,1,2,2,0,0,0,31,10,4,2,4,11,0.25,3.48,0.0,1.0,0.0,0.0,44.0,0.0,4,0.0,0.0,0.0
happja01,2019,ALCS,NYA,AL,0,1,2,0,0,0,0,8,1,1,1,1,1,0.111,3.38,0.0,0.0,0.0,0.0,10.0,1.0,1,0.0,0.0,0.0
harriwi02,2019,ALCS,HOU,AL,0,0,4,0,0,0,0,11,1,0,0,1,4,0.091,0.0,0.0,0.0,0.0,0.0,12.0,0.0,0,0.0,0.0,0.0
jamesjo02,2019,ALCS,HOU,AL,1,0,4,0,0,0,0,11,3,2,1,3,7,0.214,4.91,0.0,0.0,0.0,0.0,17.0,1.0,2,0.0,0.0,0.0
kahnlto01,2019,ALCS,NYA,AL,0,0,5,0,0,0,0,17,2,1,0,2,5,0.1,1.59,0.0,0.0,0.0,0.0,22.0,0.0,1,0.0,0.0,0.0
loaisjo01,2019,ALCS,NYA,AL,0,0,3,0,0,0,0,5,1,0,0,3,1,0.143,0.0,0.0,2.0,0.0,0.0,10.0,1.0,1,0.0,0.0,0.0
lyonsty01,2019,ALCS,NYA,AL,0,0,1,0,0,0,0,2,0,0,0,0,2,0.0,0.0,0.0,0.0,0.0,0.0,2.0,1.0,0,0.0,0.0,0.0
osunaro01,2019,ALCS,HOU,AL,1,0,4,0,0,0,1,15,2,2,1,1,4,0.118,3.6,0.0,0.0,0.0,0.0,18.0,3.0,2,0.0,0.0,0.0
ottavad01,2019,ALCS,NYA,AL,0,0,5,0,0,0,0,7,6,3,1,1,3,0.429,11.57,0.0,1.0,0.0,0.0,15.0,0.0,4,0.0,0.0,1.0
paxtoja01,2019,ALCS,NYA,AL,1,0,2,2,0,0,0,25,8,2,0,6,12,0.25,2.16,0.0,1.0,0.0,0.0,38.0,0.0,2,0.0,0.0,1.0
peacobr01,2019,ALCS,HOU,AL,0,0,2,1,0,0,0,8,2,1,0,1,3,0.2,3.38,0.0,0.0,0.0,0.0,11.0,1.0,1,0.0,0.0,0.0
pressry01,2019,ALCS,HOU,AL,1,0,4,0,0,0,0,5,5,2,0,1,3,0.5,10.8,0.0,0.0,0.0,0.0,11.0,0.0,2,0.0,0.0,0.0
rondohe01,2019,ALCS,HOU,AL,0,0,1,0,0,0,0,1,0,0,0,0,1,0.0,0.0,0.0,0.0,0.0,0.0,1.0,1.0,0,0.0,0.0,0.0
sabatcc01,2019,ALCS,NYA,AL,0,0,2,0,0,0,0,3,0,0,0,0,0,0.0,0.0,0.0,0.0,1.0,0.0,5.0,0.0,0,0.0,0.0,0.0
severlu01,2019,ALCS,NYA,AL,0,1,1,1,0,0,0,13,5,2,2,3,6,0.263,4.15,0.0,0.0,0.0,0.0,22.0,0.0,2,0.0,0.0,0.0
smithjo05,2019,ALCS,HOU,AL,0,0,4,0,0,0,0,11,2,1,1,1,3,0.154,2.45,0.0,0.0,0.0,0.0,14.0,0.0,1,0.0,0.0,1.0
tanakma01,2019,ALCS,NYA,AL,1,1,2,2,0,0,0,33,5,3,1,3,5,0.135,2.45,0.0,0.0,0.0,0.0,40.0,0.0,4,0.0,0.0,1.0
urquijo01,2019,ALCS,HOU,AL,0,0,1,0,0,0,0,8,3,1,1,1,5,0.273,3.38,0.0,0.0,0.0,0.0,12.0,0.0,1,0.0,0.0,0.0
verlaju01,2019,ALCS,HOU,AL,0,1,2,2,0,0,0,41,10,6,3,2,16,0.2,3.95,0.0,0.0,0.0,0.0,52.0,0.0,6,0.0,0.0,0.0
anderni01,2019,ALDS1,TBA,AL,0,0,3,0,0,0,0,13,4,1,0,0,4,0.25,2.08,0.0,1.0,0.0,0.0,16.0,0.0,1,0.0,0.0,0.0
castidi01,2019,ALDS1,TBA,AL,0,0,3,1,0,0,0,11,3,0,0,2,5,0.231,0.0,0.0,0.0,0.0,0.0,15.0,0.0,0,0.0,0.0,1.0
colege01,2019,ALDS1,HOU,AL,2,0,2,2,0,0,0,47,6,1,1,3,25,0.118,0.57,0.0,0.0,0.0,0.0,54.0,0.0,1,0.0,0.0,1.0
drakeol01,2019,ALDS1,TBA,AL,0,0,2,0,0,0,0,9,3,2,0,1,4,0.25,6.0,0.0,0.0,0.0,0.0,13.0,0.0,2,0.0,0.0,0.0
glasnty01,2019,ALDS1,TBA,AL,0,2,2,2,0,0,0,21,9,6,1,3,8,0.3,7.71,0.0,0.0,0.0,0.0,33.0,0.0,6,0.0,0.0,0.0
greinza01,2019,ALDS1,HOU,AL,0,1,1,1,0,0,0,11,5,6,3,1,5,0.312,14.73,0.0,0.0,1.0,0.0,18.0,0.0,6,0.0,0.0,0.0
harriwi02,2019,ALDS1,HOU,AL,0,0,3,0,0,0,1,6,2,0,0,0,3,0.25,0.0,0.0,0.0,0.0,0.0,8.0,2.0,0,0.0,0.0,0.0
jamesjo02,2019,ALDS1,HOU,AL,0,0,2,0,0,0,0,4,3,0,0,1,2,0.5,0.0,0.0,0.0,0.0,0.0,7.0,1.0,0,0.0,0.0,1.0
mckaybr01,2019,ALDS1,TBA,AL,0,0,3,0,0,0,0,4,2,0,0,0,2,0.333,0.0,0.0,0.0,0.0,0.0,6.0,1.0,2,0.0,0.0,0.0
mileywa01,2019,ALDS1,HOU,AL,0,0,1,0,0,0,0,8,4,2,1,1,1,0.308,6.75,0.0,0.0,0.0,0.0,14.0,0.0,3,0.0,0.0,0.0
mortoch02,2019,ALDS1,TBA,AL,1,0,1,1,0,0,0,15,3,1,1,2,9,0.158,1.8,0.0,0.0,0.0,0.0,21.0,0.0,1,0.0,0.0,0.0
osunaro01,2019,ALDS1,HOU,AL,0,0,3,0,0,0,0,8,2,1,0,2,4,0.2,3.38,0.0,1.0,0.0,0.0,12.0,2.0,1,0.0,0.0,0.0
paganem01,2019,ALDS1,TBA,AL,0,0,3,0,0,0,0,7,5,2,2,2,1,0.385,7.71,0.0,0.0,0.0,0.0,15.0,0.0,3,0.0,0.0,0.0
pocheco01,2019,ALDS1,TBA,AL,0,0,5,0,0,0,0,13,2,1,1,0,6,0.133,2.08,0.0,0.0,0.0,0.0,15.0,3.0,1,0.0,0.0,0.0
pressry01,2019,ALDS1,HOU,AL,0,0,2,0,0,0,0,3,4,2,0,0,0,0.571,18.0,0.0,0.0,0.0,0.0,7.0,0.0,2,0.0,0.0,0.0
roech01,2019,ALDS1,TBA,AL,0,0,3,0,0,0,0,8,3,2,0,1,2,0.273,6.75,0.0,0.0,0.0,0.0,12.0,0.0,2,0.0,0.0,1.0
rondohe01,2019,ALDS1,HOU,AL,0,0,1,0,0,0,0,0,1,1,0,0,0,1.0,,0.0,0.0,0.0,0.0,1.0,0.0,1,0.0,0.0,0.0
smithjo05,2019,ALDS1,HOU,AL,0,0,2,0,0,0,0,5,0,0,0,0,0,0.0,0.0,0.0,0.0,0.0,0.0,5.0,0.0,0,0.0,1.0,0.0
snellbl01,2019,ALDS1,TBA,AL,0,1,3,1,0,0,1,16,4,1,1,0,7,0.2,1.69,0.0,0.0,0.0,0.0,20.0,1.0,1,0.0,0.0,0.0
urquijo01,2019,ALDS1,HOU,AL,0,0,1,0,0,0,0,5,3,0,0,1,3,0.429,0.0,0.0,0.0,1.0,0.0,9.0,0.0,0,0.0,0.0,1.0
verlaju01,2019,ALDS1,HOU,AL,1,1,2,2,0,0,0,32,8,4,2,6,13,0.211,3.38,0.0,0.0,0.0,0.0,44.0,0.0,4,0.0,0.0,2.0
yarbrry01,2019,ALDS1,TBA,AL,1,0,3,0,0,0,0,9,2,0,0,1,1,0.2,0.0,0.0,0.0,0.0,0.0,11.0,0.0,0,0.0,0.0,0.0
berrijo01,2019,ALDS2,MIN,AL,0,0,1,1,0,0,0,12,4,1,0,3,6,0.25,2.25,0.0,0.0,0.0,0.0,19.0,0.0,3,0.0,0.0,0.0
brittza01,2019,ALDS2,NYA,AL,0,0,2,0,0,0,0,7,1,1,1,1,1,0.125,3.86,0.0,1.0,0.0,0.0,9.0,0.0,1,0.0,0.0,0.0
chapmar01,2019,ALDS2,NYA,AL,0,0,2,0,0,0,1,8,1,0,0,2,4,0.111,0.0,0.0,0.0,0.0,0.0,11.0,2.0,0,0.0,0.0,0.0
dobnara01,2019,ALDS2,MIN,AL,0,1,1,1,0,0,0,6,6,4,0,2,0,0.545,18.0,0.0,0.0,0.0,0.0,13.0,0.0,4,0.0,0.0,1.0
duffety01,2019,ALDS2,MIN,AL,0,0,2,0,0,0,0,5,3,4,1,2,4,0.429,21.6,0.0,0.0,1.0,0.0,11.0,0.0,4,0.0,1.0,0.0
gibsoky01,2019,ALDS2,MIN,AL,0,0,1,0,0,0,0,3,1,3,0,3,1,0.25,27.0,0.0,0.0,0.0,0.0,7.0,0.0,3,0.0,0.0,0.0
gratebr01,2019,ALDS2,MIN,AL,0,0,1,0,0,0,0,3,0,0,0,0,2,0.0,0.0,0.0,0.0,0.0,0.0,3.0,1.0,0,0.0,0.0,0.0
greench03,2019,ALDS2,NYA,AL,1,0,2,0,0,0,0,6,2,0,0,0,1,0.25,0.0,0.0,0.0,0.0,0.0,8.0,0.0,0,0.0,0.0,0.0
happja01,2019,ALDS2,NYA,AL,0,0,1,0,0,0,0,3,1,0,0,1,2,0.25,0.0,0.0,0.0,0.0,0.0,5.0,0.0,0,0.0,0.0,0.0
kahnlto01,2019,ALDS2,NYA,AL,1,0,3,0,0,0,0,7,2,1,1,1,3,0.222,3.86,0.0,0.0,0.0,0.0,10.0,0.0,1,0.0,0.0,0.0
litteza01,2019,ALDS2,MIN,AL,0,1,2,0,0,0,0,1,0,2,0,1,0,0.0,54.0,0.0,1.0,1.0,0.0,3.0,1.0,2,0.0,0.0,0.0
loaisjo01,2019,ALDS2,NYA,AL,0,0,1,0,0,0,0,3,2,1,0,0,2,0.4,9.0,0.0,0.0,0.0,0.0,5.0,1.0,1,0.0,0.0,0.0
lyonsty01,2019,ALDS2,NYA,AL,0,0,1,0,0,0,0,3,0,0,0,0,2,0.0,0.0,0.0,0.0,0.0,0.0,3.0,0.0,0,0.0,0.0,0.0
maytr01,2019,ALDS2,MIN,AL,0,0,2,0,0,0,0,3,1,0,0,0,2,0.25,0.0,0.0,0.0,0.0,0.0,4.0,1.0,0,0.0,0.0,0.0
odorija01,2019,ALDS2,MIN,AL,0,1,1,1,0,0,0,15,5,2,1,0,5,0.263,3.6,0.0,1.0,0.0,0.0,20.0,0.0,2,0.0,0.0,1.0
ottavad01,2019,ALDS2,NYA,AL,0,0,3,0,0,0,0,3,1,0,0,2,1,0.25,0.0,0.0,0.0,0.0,0.0,6.0,0.0,0,0.0,0.0,0.0
paxtoja01,2019,ALDS2,NYA,AL,0,0,1,1,0,0,0,14,5,3,2,1,8,0.263,5.79,0.0,0.0,0.0,0.0,20.0,0.0,3,0.0,0.0,1.0
rogerta01,2019,ALDS2,MIN,AL,0,0,1,0,0,0,0,6,2,1,0,0,2,0.286,4.5,0.0,0.0,0.0,0.0,7.0,0.0,1,0.0,0.0,1.0
romose01,2019,ALDS2,MIN,AL,0,0,2,0,0,0,0,6,2,2,1,2,1,0.25,9.0,0.0,0.0,0.0,0.0,10.0,0.0,2,0.0,0.0,0.0
severlu01,2019,ALDS2,NYA,AL,0,0,1,1,0,0,0,12,4,0,0,2,4,0.267,0.0,0.0,0.0,0.0,0.0,17.0,0.0,0,0.0,0.0,1.0
smeltde01,2019,ALDS2,MIN,AL,0,0,1,0,0,0,0,10,2,0,0,3,4,0.182,0.0,0.0,0.0,0.0,0.0,14.0,0.0,0,0.0,0.0,1.0
stashco01,2019,ALDS2,MIN,AL,0,0,2,0,0,0,0,5,3,2,2,1,0,0.375,10.8,0.0,0.0,0.0,0.0,9.0,0.0,2,0.0,0.0,0.0
tanakma01,2019,ALDS2,NYA,AL,1,0,1,1,0,0,0,15,3,1,0,1,7,0.176,1.8,0.0,0.0,1.0,0.0,19.0,0.0,1,0.0,0.0,1.0
anderni01,2019,ALWC,TBA,AL,0,0,1,0,0,0,0,4,1,0,0,0,4,0.2,0.0,0.0,0.0,0.0,0.0,5.0,0.0,0,0.0,0.0,0.0
castidi01,2019,ALWC,TBA,AL,0,0,1,0,0,0,0,6,2,0,0,0,3,0.25,0.0,0.0,0.0,0.0,0.0,8.0,0.0,0,0.0,0.0,0.0
diekmja01,2019,ALWC,OAK,AL,0,0,1,0,0,0,0,1,0,0,0,0,0,0.0,0.0,0.0,0.0,0.0,0.0,1.0,0.0,0,0.0,0.0,0.0
hendrli01,2019,ALWC,OAK,AL,0,0,1,0,0,0,0,3,0,0,0,0,1,0.0,0.0,0.0,0.0,0.0,0.0,3.0,1.0,0,0.0,0.0,0.0
luzarje01,2019,ALWC,OAK,AL,0,0,1,0,0,0,0,9,1,0,0,2,4,0.1,0.0,0.0,0.0,0.0,0.0,12.0,0.0,0,0.0,0.0,0.0
manaese01,2019,ALWC,OAK,AL,0,1,1,1,0,0,0,6,4,4,3,0,5,0.4,18.0,0.0,0.0,0.0,0.0,10.0,0.0,4,0.0,0.0,0.0
mortoch02,2019,ALWC,TBA,AL,1,0,1,1,0,0,0,15,5,0,0,3,4,0.278,0.0,0.0,0.0,0.0,0.0,22.0,0.0,1,0.0,1.0,2.0
paganem01,2019,ALWC,TBA,AL,0,0,1,0,0,0,0,2,0,0,0,0,1,0.0,0.0,0.0,0.0,0.0,0.0,2.0,1.0,0,0.0,0.0,0.0
petityu01,2019,ALWC,OAK,AL,0,0,1,0,0,0,0,8,2,1,1,0,2,0.2,3.38,0.0,0.0,0.0,0.0,10.0,0.0,1,0.0,0.0,0.0
brebbjo01,2019,NLCS,SLN,NL,0,0,2,0,0,0,0,3,4,2,1,1,1,0.571,18.0,0.0,0.0,0.0,0.0,8.0,0.0,2,0.0,0.0,0.0
cabrege01,2019,NLCS,SLN,NL,0,0,1,0,0,0,0,2,0,0,0,0,0,0.0,0.0,0.0,0.0,0.0,0.0,2.0,0.0,0,0.0,0.0,0.0
corbipa01,2019,NLCS,WAS,NL,1,0,2,1,0,0,0,16,4,4,1,3,12,0.2,6.75,0.0,0.0,0.0,0.0,23.0,0.0,4,0.0,0.0,0.0
doolise01,2019,NLCS,WAS,NL,0,0,3,0,0,0,1,12,3,1,0,0,3,0.2,2.25,0.0,0.0,0.0,0.0,15.0,1.0,1,0.0,0.0,0.0
flaheja01,2019,NLCS,SLN,NL,0,1,1,1,0,0,0,12,5,4,0,2,6,0.333,9.0,0.0,1.0,0.0,0.0,19.0,0.0,4,2.0,0.0,0.0
gallegi01,2019,NLCS,SLN,NL,0,0,2,0,0,0,0,7,2,1,0,1,3,0.222,3.86,1.0,0.0,0.0,0.0,10.0,0.0,1,0.0,0.0,0.0
helslry01,2019,NLCS,SLN,NL,0,0,3,0,0,0,0,12,0,0,0,1,5,0.0,0.0,0.0,0.0,0.0,0.0,13.0,1.0,0,0.0,0.0,0.0
hudsoda01,2019,NLCS,WAS,NL,0,0,2,0,0,0,2,6,0,0,0,1,0,0.0,0.0,0.0,0.0,1.0,0.0,8.0,2.0,0,0.0,0.0,0.0
hudsoda02,2019,NLCS,SLN,NL,0,1,1,1,0,0,0,1,5,4,0,1,0,0.833,108.0,1.0,0.0,0.0,0.0,8.0,0.0,7,0.0,1.0,0.0
martica04,2019,NLCS,SLN,NL,0,0,1,0,0,0,0,1,0,0,0,1,1,0.0,0.0,1.0,1.0,0.0,0.0,2.0,1.0,0,0.0,0.0,0.0
mikolmi01,2019,NLCS,SLN,NL,0,1,1,1,0,0,0,18,7,1,0,2,7,0.28,1.5,1.0,0.0,0.0,0.0,27.0,0.0,1,0.0,0.0,0.0
millean01,2019,NLCS,SLN,NL,0,0,3,0,0,0,0,9,1,0,0,0,5,0.1,0.0,0.0,0.0,0.0,0.0,10.0,1.0,0,0.0,0.0,0.0
ponceda01,2019,NLCS,SLN,NL,0,0,1,0,0,0,0,6,2,1,0,1,4,0.25,4.5,0.0,0.0,0.0,0.0,9.0,1.0,1,0.0,0.0,0.0
raineta01,2019,NLCS,WAS,NL,0,0,2,0,0,0,0,6,0,0,0,0,3,0.0,0.0,0.0,0.0,0.0,0.0,6.0,1.0,0,0.0,0.0,0.0
rodnefe01,2019,NLCS,WAS,NL,0,0,1,0,0,0,0,3,0,0,0,0,2,0.0,0.0,0.0,0.0,0.0,0.0,3.0,0.0,0,0.0,0.0,0.0
sanchan01,2019,NLCS,WAS,NL,1,0,1,1,0,0,0,23,1,0,0,1,5,0.042,0.0,0.0,0.0,2.0,0.0,27.0,0.0,0,0.0,0.0,0.0
scherma01,2019,NLCS,WAS,NL,1,0,1,1,0,0,0,21,1,0,0,2,11,0.048,0.0,0.0,0.0,0.0,0.0,23.0,0.0,0,0.0,0.0,1.0
strasst01,2019,NLCS,WAS,NL,1,0,1,1,0,0,0,21,7,0,0,0,12,0.25,0.0,0.0,0.0,0.0,0.0,28.0,0.0,1,0.0,0.0,0.0
wainwad01,2019,NLCS,SLN,NL,0,1,2,1,0,0,0,27,9,3,1,1,11,0.265,3.0,1.0,0.0,0.0,0.0,36.0,0.0,3,1.0,0.0,1.0
webbty01,2019,NLCS,SLN,NL,0,0,2,0,0,0,0,4,2,1,0,0,1,0.333,6.75,0.0,0.0,0.0,0.0,6.0,0.0,1,0.0,0.0,0.0
baezpe01,2019,NLDS1,LAN,NL,0,0,2,0,0,0,0,2,4,1,1,1,1,0.667,13.5,0.0,0.0,0.0,0.0,7.0,0.0,1,0.0,0.0,0.0
buehlwa01,2019,NLDS1,LAN,NL,1,0,2,2,0,0,0,38,5,1,0,6,15,0.119,0.71,0.0,0.0,1.0,0.0,49.0,0.0,1,0.0,0.0,1.0
corbipa01,2019,NLDS1,WAS,NL,0,2,3,1,0,0,0,24,7,7,0,7,14,0.219,7.88,1.0,0.0,1.0,0.0,40.0,0.0,8,0.0,0.0,0.0
doolise01,2019,NLDS1,WAS,NL,0,0,3,0,0,0,0,10,1,1,1,0,3,0.091,2.7,0.0,0.0,0.0,0.0,11.0,1.0,1,0.0,0.0,0.0
hillri01,2019,NLDS1,LAN,NL,0,0,1,1,0,0,0,8,2,1,0,4,2,0.25,3.38,0.0,0.0,0.0,0.0,13.0,0.0,1,0.0,1.0,1.0
hudsoda01,2019,NLDS1,WAS,NL,1,0,3,0,0,0,1,8,3,0,0,2,4,0.273,0.0,1.0,0.0,0.0,0.0,13.0,2.0,0,0.0,0.0,0.0
janseke01,2019,NLDS1,LAN,NL,0,0,2,0,0,0,0,5,0,0,0,0,2,0.0,0.0,0.0,0.0,0.0,0.0,5.0,2.0,0,0.0,0.0,0.0
kellyjo05,2019,NLDS1,LAN,NL,0,1,3,0,0,0,0,7,5,6,1,5,4,0.417,23.14,1.0,1.0,0.0,0.0,17.0,1.0,6,0.0,0.0,0.0
kershcl01,2019,NLDS1,LAN,NL,0,1,2,1,0,0,0,19,8,5,2,1,5,0.308,7.11,0.0,0.0,2.0,0.0,30.0,0.0,5,1.0,0.0,0.0
kolarad01,2019,NLDS1,LAN,NL,0,0,3,0,0,0,0,3,0,0,0,0,2,0.0,0.0,0.0,0.0,0.0,0.0,3.0,0.0,0,0.0,0.0,0.0
maedake01,2019,NLDS1,LAN,NL,0,0,4,0,0,0,0,14,1,0,0,0,7,0.067,0.0,0.0,0.0,0.0,0.0,15.0,0.0,0,0.0,0.0,0.0
maydu01,2019,NLDS1,LAN,NL,0,0,2,0,0,0,0,10,3,1,0,1,1,0.3,2.7,0.0,0.0,0.0,0.0,12.0,1.0,1,1.0,0.0,1.0
raineta01,2019,NLDS1,WAS,NL,0,0,3,0,0,0,0,6,2,2,0,1,1,0.25,9.0,0.0,1.0,0.0,0.0,9.0,0.0,2,0.0,0.0,0.0
rodnefe01,2019,NLDS1,WAS,NL,0,0,2,0,0,0,0,5,2,0,0,3,3,0.286,0.0,0.0,1.0,0.0,0.0,10.0,0.0,0,0.0,0.0,0.0
ryuhy01,2019,NLDS1,LAN,NL,1,0,1,1,0,0,0,15,4,2,1,2,3,0.222,3.6,1.0,0.0,0.0,0.0,20.0,0.0,2,0.0,0.0,1.0
sanchan01,2019,NLDS1,WAS,NL,0,0,1,1,0,0,0,15,4,1,1,2,9,0.211,1.8,0.0,0.0,0.0,0.0,21.0,0.0,1,0.0,0.0,0.0
scherma01,2019,NLDS1,WAS,NL,1,0,2,1,0,0,0,24,4,1,1,3,10,0.143,1.12,1.0,0.0,0.0,0.0,31.0,0.0,1,0.0,0.0,0.0
strasst01,2019,NLDS1,WAS,NL,1,0,2,2,0,0,0,36,9,4,2,1,17,0.205,3.0,0.0,0.0,0.0,0.0,46.0,0.0,4,0.0,1.0,1.0
strichu01,2019,NLDS1,WAS,NL,0,0,2,0,0,0,0,6,4,4,3,1,3,0.4,18.0,0.0,0.0,0.0,0.0,11.0,2.0,4,0.0,0.0,0.0
stripro01,2019,NLDS1,LAN,NL,0,0,1,0,0,0,0,3,1,1,0,0,0,0.333,9.0,0.0,1.0,0.0,0.0,4.0,0.0,1,0.0,1.0,0.0
suerowa01,2019,NLDS1,WAS,NL,0,0,1,0,0,0,0,1,2,1,1,0,0,0.667,27.0,0.0,0.0,0.0,0.0,3.0,0.0,1,0.0,0.0,0.0
uriasju01,2019,NLDS1,LAN,NL,0,1,3,0,0,0,0,11,4,3,0,0,0,0.308,7.36,0.0,0.0,0.0,0.0,15.0,1.0,3,1.0,1.0,0.0
brebbjo01,2019,NLDS2,SLN,NL,0,0,3,0,0,0,0,6,3,0,0,0,2,0.333,0.0,0.0,0.0,0.0,0.0,9.0,0.0,0,0.0,0.0,0.0
cabrege01,2019,NLDS2,SLN,NL,0,0,1,0,0,0,0,3,1,0,0,0,1,0.25,0.0,0.0,0.0,0.0,0.0,4.0,1.0,0,0.0,0.0,0.0
flaheja01,2019,NLDS2,SLN,NL,1,1,2,2,0,0,0,39,12,4,2,2,16,0.24,2.77,0.0,2.0,1.0,0.0,53.0,0.0,4,0.0,0.0,0.0
foltymi01,2019,NLDS2,ATL,NL,1,1,2,2,0,0,0,22,6,6,0,3,7,0.214,7.36,1.0,0.0,0.0,0.0,32.0,0.0,7,1.0,0.0,1.0
friedma01,2019,NLDS2,ATL,NL,0,0,4,0,0,0,0,12,5,4,0,3,6,0.278,9.0,0.0,1.0,0.0,0.0,21.0,0.0,4,0.0,0.0,0.0
gallegi01,2019,NLDS2,SLN,NL,0,0,3,0,0,0,0,6,1,0,0,2,3,0.143,0.0,0.0,0.0,0.0,0.0,9.0,0.0,0,0.0,0.0,0.0
greensh02,2019,NLDS2,ATL,NL,0,0,2,0,0,0,0,8,4,1,0,1,3,0.333,3.38,1.0,0.0,0.0,0.0,13.0,0.0,1,0.0,0.0,0.0
helslry01,2019,NLDS2,SLN,NL,0,0,2,0,0,0,0,4,1,0,0,0,3,0.2,0.0,0.0,0.0,0.0,0.0,5.0,0.0,0,0.0,0.0,0.0
hudsoda02,2019,NLDS2,SLN,NL,0,0,1,1,0,0,0,14,5,1,1,2,2,0.294,1.93,0.0,0.0,0.0,0.0,20.0,0.0,4,0.0,1.0,2.0
jackslu01,2019,NLDS2,ATL,NL,0,0,3,0,0,0,0,8,6,3,1,2,6,0.4,10.12,0.0,0.0,1.0,0.0,18.0,0.0,4,0.0,0.0,0.0
keuchda01,2019,NLDS2,ATL,NL,0,0,2,2,0,0,0,24,9,4,3,4,4,0.3,4.5,1.0,0.0,0.0,0.0,35.0,0.0,4,1.0,0.0,2.0
martica04,2019,NLDS2,SLN,NL,1,1,3,0,0,0,0,10,6,6,2,3,4,0.375,16.2,1.0,0.0,0.0,0.0,19.0,2.0,6,0.0,0.0,0.0
martich02,2019,NLDS2,ATL,NL,0,0,1,0,0,0,0,0,0,0,0,0,0,,,0.0,0.0,0.0,0.0,0.0,0.0,0,0.0,0.0,0.0
melanma01,2019,NLDS2,ATL,NL,0,1,3,0,0,0,2,9,8,4,0,2,4,0.5,12.0,1.0,0.0,0.0,0.0,18.0,2.0,4,0.0,0.0,0.0
mikolmi01,2019,NLDS2,SLN,NL,1,0,2,1,0,0,0,18,3,1,0,2,2,0.143,1.5,0.0,0.0,0.0,0.0,23.0,1.0,1,0.0,0.0,0.0
millean01,2019,NLDS2,SLN,NL,0,0,3,0,0,0,0,6,0,0,0,2,1,0.0,0.0,1.0,0.0,1.0,0.0,8.0,0.0,0,0.0,0.0,0.0
newcose01,2019,NLDS2,ATL,NL,1,0,4,0,0,0,0,11,0,0,0,0,4,0.0,0.0,0.0,0.0,0.0,0.0,11.0,1.0,0,0.0,0.0,0.0
odayda01,2019,NLDS2,ATL,NL,0,0,4,0,0,0,0,6,1,0,0,0,2,0.167,0.0,0.0,0.0,0.0,0.0,6.0,0.0,0,0.0,0.0,0.0
sorokmi01,2019,NLDS2,ATL,NL,0,0,1,1,0,0,0,21,2,1,0,0,7,0.091,1.29,0.0,0.0,0.0,0.0,23.0,0.0,1,0.0,1.0,0.0
teherju01,2019,NLDS2,ATL,NL,0,1,2,0,0,0,0,5,1,1,0,1,2,0.2,5.4,1.0,0.0,0.0,0.0,7.0,2.0,1,0.0,1.0,0.0
tomlijo01,2019,NLDS2,ATL,NL,0,0,2,0,0,0,0,11,2,0,0,0,2,0.167,0.0,0.0,0.0,0.0,0.0,12.0,0.0,0,0.0,0.0,1.0
wainwad01,2019,NLDS2,SLN,NL,0,0,1,1,0,0,0,23,4,0,0,2,8,0.148,0.0,0.0,0.0,0.0,0.0,29.0,0.0,0,0.0,0.0,0.0
webbty01,2019,NLDS2,SLN,NL,0,0,3,0,0,0,0,6,2,1,0,1,4,0.25,4.5,1.0,0.0,1.0,0.0,10.0,1.0,2,0.0,0.0,0.0
haderjo01,2019,NLWC,MIL,NL,0,1,1,0,0,0,0,3,2,2,0,1,2,0.5,18.0,0.0,0.0,1.0,0.0,6.0,1.0,3,0.0,0.0,0.0
hudsoda01,2019,NLWC,WAS,NL,0,0,1,0,0,0,1,3,1,0,0,0,1,0.25,0.0,0.0,0.0,0.0,0.0,4.0,1.0,0,0.0,0.0,0.0
pomerdr01,2019,NLWC,MIL,NL,0,0,1,0,0,0,0,6,0,0,0,0,2,0.0,0.0,0.0,0.0,0.0,0.0,6.0,0.0,0,0.0,0.0,0.0
scherma01,2019,NLWC,WAS,NL,0,0,1,1,0,0,0,15,4,3,2,3,6,0.222,5.4,0.0,0.0,0.0,0.0,22.0,0.0,3,1.0,0.0,0.0
strasst01,2019,NLWC,WAS,NL,1,0,1,0,0,0,0,9,2,0,0,0,4,0.2,0.0,0.0,0.0,0.0,0.0,10.0,0.0,0,0.0,0.0,1.0
suterbr01,2019,NLWC,MIL,NL,0,0,1,0,0,0,0,3,1,0,0,0,0,0.2,0.0,0.0,0.0,0.0,0.0,5.0,0.0,0,0.0,0.0,0.0
woodrbr01,2019,NLWC,MIL,NL,0,0,1,1,0,0,0,12,2,1,1,0,3,0.143,2.25,0.0,0.0,0.0,0.0,14.0,0.0,1,0.0,0.0,0.0
colege01,2019,WS,HOU,AL,1,1,2,2,0,0,0,42,11,6,3,3,15,0.216,3.86,0.0,0.0,0.0,0.0,54.0,0.0,6,0.0,0.0,2.0
corbipa01,2019,WS,WAS,NL,1,1,3,1,0,0,0,30,10,4,1,2,10,0.263,3.6,0.0,0.0,0.0,0.0,40.0,0.0,4,0.0,0.0,2.0
devench02,2019,WS,HOU,AL,0,0,3,0,0,0,0,9,3,3,1,1,3,0.25,9.0,0.0,0.0,1.0,0.0,14.0,3.0,3,0.0,0.0,0.0
doolise01,2019,WS,WAS,NL,0,0,3,0,0,0,1,9,2,0,0,1,2,0.2,0.0,0.0,0.0,0.0,0.0,11.0,2.0,0,0.0,0.0,1.0
greinza01,2019,WS,HOU,AL,0,0,2,2,0,0,0,33,9,3,1,5,9,0.231,2.45,0.0,0.0,0.0,0.0,45.0,0.0,3,1.0,0.0,2.0
guerrja01,2019,WS,WAS,NL,0,0,2,0,0,0,0,9,6,1,1,0,1,0.4,3.0,0.0,0.0,0.0,0.0,15.0,2.0,1,0.0,0.0,0.0
harriwi02,2019,WS,HOU,AL,0,1,5,0,0,0,0,12,5,2,2,0,4,0.294,4.5,0.0,0.0,0.0,0.0,17.0,0.0,2,0.0,0.0,0.0
hudsoda01,2019,WS,WAS,NL,0,0,3,0,0,0,0,12,7,4,1,1,5,0.368,9.0,1.0,0.0,0.0,0.0,20.0,1.0,4,0.0,0.0,0.0
jamesjo02,2019,WS,HOU,AL,1,0,3,0,0,0,0,5,2,2,1,3,5,0.25,10.8,0.0,0.0,0.0,0.0,11.0,0.0,4,0.0,0.0,0.0
osunaro01,2019,WS,HOU,AL,0,0,2,0,0,0,1,7,3,1,0,2,1,0.3,3.86,0.0,0.0,0.0,0.0,12.0,1.0,1,0.0,0.0,0.0
peacobr01,2019,WS,HOU,AL,0,0,3,0,0,0,0,9,1,1,0,3,4,0.091,3.0,0.0,0.0,0.0,0.0,14.0,0.0,1,0.0,0.0,0.0
pressry01,2019,WS,HOU,AL,0,0,4,0,0,0,0,9,3,3,0,2,3,0.273,9.0,1.0,1.0,0.0,0.0,14.0,1.0,4,1.0,0.0,0.0
raineta01,2019,WS,WAS,NL,0,0,4,0,0,0,0,8,1,3,1,4,2,0.111,10.12,0.0,0.0,0.0,0.0,13.0,0.0,3,0.0,0.0,0.0
rodnefe01,2019,WS,WAS,NL,0,0,3,0,0,0,0,6,2,2,1,6,0,0.25,9.0,1.0,0.0,0.0,0.0,14.0,0.0,2,0.0,0.0,0.0
rondohe01,2019,WS,HOU,AL,0,0,2,0,0,0,0,3,2,0,0,1,0,0.4,0.0,0.0,0.0,0.0,0.0,6.0,0.0,0,0.0,0.0,0.0
rossjo01,2019,WS,WAS,NL,0,1,2,1,0,0,0,21,6,4,2,2,1,0.24,5.14,0.0,1.0,0.0,0.0,27.0,0.0,4,0.0,0.0,2.0
sanchan01,2019,WS,WAS,NL,0,1,1,1,0,0,0,16,10,4,1,1,4,0.4,6.75,0.0,0.0,0.0,0.0,27.0,0.0,4,1.0,0.0,0.0
scherma01,2019,WS,WAS,NL,1,0,2,2,0,0,0,30,12,4,1,7,10,0.286,3.6,0.0,1.0,0.0,0.0,49.0,0.0,4,0.0,0.0,0.0
smithjo05,2019,WS,HOU,AL,0,0,4,0,0,0,0,10,4,2,0,1,4,0.286,5.4,0.0,0.0,0.0,0.0,15.0,1.0,2,0.0,0.0,0.0
strasst01,2019,WS,WAS,NL,2,0,2,2,0,0,0,43,12,4,2,3,14,0.222,2.51,1.0,1.0,0.0,0.0,58.0,0.0,4,0.0,1.0,0.0
suerowa01,2019,WS,WAS,NL,0,0,3,0,0,0,0,5,0,0,0,0,2,0.0,0.0,0.0,0.0,0.0,0.0,5.0,2.0,0,0.0,0.0,0.0
urquijo01,2019,WS,HOU,AL,1,0,2,1,0,0,0,17,3,0,0,0,4,0.15,0.0,0.0,0.0,0.0,0.0,20.0,1.0,0,0.0,0.0,0.0
verlaju01,2019,WS,HOU,AL,0,2,2,2,0,0,0,33,12,7,3,6,9,0.279,5.73,0.0,0.0,0.0,0.0,50.0,0.0,7,1.0,0.0,1.0
alvarjo03,2020,ALCS,TBA,AL,0,0,2,0,0,0,0,5,1,0,0,3,4,0.167,0.0,0.0,0.0,0.0,0.0,9.0,0.0,0,0.0,0.0,0.0
anderni01,2020,ALCS,TBA,AL,0,1,3,0,0,0,1,13,7,4,1,3,0,0.389,8.31,0.0,0.0,0.0,0.0,21.0,2.0,4,0.0,0.0,2.0
castidi01,2020,ALCS,TBA,AL,0,0,3,0,0,0,2,11,4,1,0,3,3,0.333,2.45,0.0,0.0,0.0,0.0,16.0,2.0,2,1.0,0.0,2.0
curtijo02,2020,ALCS,TBA,AL,0,0,4,1,0,0,0,13,4,1,1,2,4,0.25,2.08,0.0,0.0,0.0,0.0,18.0,1.0,1,0.0,0.0,0.0
fairbpe01,2020,ALCS,TBA,AL,0,0,3,0,0,0,1,13,3,1,1,1,6,0.188,2.08,0.0,1.0,0.0,0.0,17.0,1.0,1,0.0,0.0,0.0
flemijo01,2020,ALCS,TBA,AL,0,0,1,0,0,0,0,9,3,2,0,1,1,0.273,6.0,0.0,0.0,0.0,0.0,12.0,0.0,2,0.0,0.0,1.0
garcilu05,2020,ALCS,HOU,AL,0,0,1,1,0,0,0,6,0,0,0,2,1,0.0,0.0,0.0,0.0,1.0,0.0,9.0,0.0,0,0.0,0.0,0.0
glasnty01,2020,ALCS,TBA,AL,0,1,1,1,0,0,0,18,8,4,2,2,5,0.348,6.0,0.0,0.0,0.0,0.0,25.0,0.0,4,0.0,0.0,3.0
greinza01,2020,ALCS,HOU,AL,1,0,1,1,0,0,0,18,5,2,1,1,7,0.227,3.0,0.0,0.0,0.0,0.0,23.0,0.0,2,0.0,0.0,1.0
jamesjo02,2020,ALCS,HOU,AL,0,0,2,0,0,0,0,9,2,1,1,0,3,0.2,3.0,0.0,0.0,0.0,0.0,10.0,0.0,1,0.0,0.0,1.0
javiecr01,2020,ALCS,HOU,AL,0,0,2,0,0,0,0,9,2,3,1,2,5,0.182,9.0,0.0,0.0,0.0,0.0,13.0,0.0,3,0.0,0.0,0.0
loupaa01,2020,ALCS,TBA,AL,0,0,4,0,0,0,0,7,2,0,0,1,3,0.222,0.0,0.0,1.0,1.0,0.0,11.0,0.0,0,0.0,0.0,0.0
mcclash01,2020,ALCS,TBA,AL,0,0,1,0,0,0,0,5,5,3,1,1,2,0.556,16.2,0.0,0.0,0.0,0.0,11.0,0.0,3,0.0,1.0,0.0
mcculla02,2020,ALCS,HOU,AL,0,2,2,2,0,0,0,32,8,4,4,1,18,0.19,3.38,0.0,0.0,2.0,0.0,45.0,0.0,7,0.0,0.0,0.0
mortoch02,2020,ALCS,TBA,AL,2,0,2,2,0,0,0,32,7,0,0,2,11,0.179,0.0,0.0,0.0,1.0,0.0,42.0,0.0,0,0.0,0.0,0.0
pareden01,2020,ALCS,HOU,AL,0,0,4,0,0,0,0,10,3,4,1,4,5,0.273,10.8,0.0,0.0,2.0,0.0,18.0,1.0,4,1.0,0.0,1.0
pressry01,2020,ALCS,HOU,AL,1,0,3,0,0,0,2,10,3,0,0,0,4,0.25,0.0,0.0,2.0,0.0,0.0,12.0,3.0,0,0.0,0.0,1.0
raleybr01,2020,ALCS,HOU,AL,0,0,4,0,0,0,0,9,2,0,0,2,6,0.182,0.0,1.0,0.0,0.0,0.0,13.0,1.0,0,0.0,0.0,0.0
scruban01,2020,ALCS,HOU,AL,0,0,3,0,0,0,0,9,3,1,1,2,5,0.25,3.0,0.0,0.0,0.0,0.0,14.0,1.0,1,0.0,0.0,0.0
slegeaa01,2020,ALCS,TBA,AL,0,0,2,0,0,0,0,11,1,0,0,2,2,0.091,0.0,1.0,0.0,0.0,0.0,13.0,1.0,0,0.0,0.0,1.0
snellbl01,2020,ALCS,TBA,AL,1,1,2,2,0,0,0,27,9,3,1,6,6,0.281,3.0,0.0,1.0,0.0,0.0,38.0,0.0,3,0.0,0.0,1.0
taylobl01,2020,ALCS,HOU,AL,0,0,5,0,0,0,0,11,4,1,1,0,4,0.267,2.45,0.0,0.0,1.0,0.0,16.0,1.0,1,0.0,0.0,0.0
thompry02,2020,ALCS,TBA,AL,0,0,3,0,0,0,0,5,2,0,0,0,2,0.286,0.0,0.0,0.0,0.0,0.0,7.0,0.0,0,0.0,0.0,0.0
urquijo01,2020,ALCS,HOU,AL,0,1,2,1,0,0,0,21,5,2,0,3,6,0.192,2.57,0.0,0.0,0.0,0.0,30.0,0.0,3,0.0,1.0,0.0
valdefr01,2020,ALCS,HOU,AL,1,1,2,2,0,0,0,36,7,3,1,7,17,0.171,2.25,0.0,0.0,0.0,0.0,48.0,0.0,3,0.0,0.0,2.0
yarbrry01,2020,ALCS,TBA,AL,1,0,1,1,0,0,0,15,3,2,2,2,5,0.167,3.6,0.0,0.0,1.0,0.0,21.0,0.0,2,0.0,0.0,0.0
anderni01,2020,ALDS1,TBA,AL,0,0,2,0,0,0,0,14,2,1,1,0,6,0.133,1.93,0.0,0.0,0.0,0.0,15.0,0.0,1,0.0,0.0,1.0
brittza01,2020,ALDS1,NYA,AL,0,0,3,0,0,0,0,12,1,0,0,2,6,0.071,0.0,0.0,0.0,0.0,0.0,16.0,0.0,0,0.0,0.0,0.0
castidi01,2020,ALDS1,TBA,AL,1,0,3,0,0,0,0,12,1,0,0,2,6,0.077,0.0,0.0,0.0,0.0,0.0,15.0,2.0,0,0.0,0.0,0.0
cessalu01,2020,ALDS1,NYA,AL,0,0,2,0,0,0,0,6,1,1,0,2,2,0.143,4.5,0.0,0.0,0.0,0.0,9.0,1.0,1,0.0,0.0,0.0
chapmar01,2020,ALDS1,NYA,AL,0,1,2,0,0,0,1,8,1,1,1,1,4,0.111,3.38,0.0,0.0,0.0,0.0,10.0,2.0,1,0.0,0.0,0.0
colege01,2020,ALDS1,NYA,AL,1,0,2,2,0,0,0,34,7,4,3,4,17,0.167,3.18,1.0,0.0,1.0,0.0,47.0,0.0,4,0.0,0.0,0.0
curtijo02,2020,ALDS1,TBA,AL,0,0,2,0,0,0,0,7,6,5,1,2,2,0.462,19.29,0.0,0.0,0.0,0.0,15.0,0.0,5,0.0,0.0,0.0
drakeol01,2020,ALDS1,TBA,AL,0,0,1,0,0,0,0,3,1,0,0,0,1,0.25,0.0,0.0,0.0,0.0,0.0,4.0,0.0,0,0.0,0.0,0.0
fairbpe01,2020,ALDS1,TBA,AL,0,0,2,0,0,0,1,9,2,1,0,3,5,0.182,3.0,0.0,0.0,0.0,0.0,14.0,1.0,1,0.0,0.0,0.0
garcide01,2020,ALDS1,NYA,AL,0,0,1,1,0,0,0,3,1,1,1,0,0,0.25,9.0,0.0,0.0,1.0,0.0,5.0,0.0,1,0.0,0.0,0.0
glasnty01,2020,ALDS1,TBA,AL,1,0,2,2,0,0,0,22,3,4,2,5,12,0.12,4.91,0.0,0.0,0.0,0.0,30.0,0.0,4,0.0,0.0,0.0
greench03,2020,ALDS1,NYA,AL,1,0,3,0,0,0,0,12,3,2,1,1,5,0.2,4.5,0.0,0.0,0.0,0.0,16.0,0.0,2,0.0,0.0,0.0
happja01,2020,ALDS1,NYA,AL,0,1,1,0,0,0,0,8,5,4,2,3,2,0.357,13.5,0.0,0.0,0.0,0.0,17.0,0.0,4,0.0,0.0,0.0
holdejo02,2020,ALDS1,NYA,AL,0,0,1,0,0,0,0,3,0,0,0,0,1,0.0,0.0,0.0,0.0,0.0,0.0,3.0,0.0,0,0.0,0.0,0.0
kingmi01,2020,ALDS1,NYA,AL,0,0,1,0,0,0,0,6,0,0,0,0,1,0.0,0.0,0.0,0.0,0.0,0.0,6.0,1.0,0,0.0,0.0,0.0
loaisjo01,2020,ALDS1,NYA,AL,0,0,1,0,0,0,0,5,2,1,1,0,1,0.333,5.4,0.0,0.0,0.0,0.0,6.0,0.0,1,0.0,0.0,0.0
mcclash01,2020,ALDS1,TBA,AL,0,0,2,0,0,0,0,5,2,1,1,1,2,0.25,5.4,0.0,0.0,0.0,0.0,9.0,1.0,2,0.0,0.0,0.0
montgjo01,2020,ALDS1,NYA,AL,0,0,1,1,0,0,0,12,3,1,0,3,4,0.214,2.25,0.0,0.0,0.0,0.0,17.0,0.0,1,0.0,0.0,1.0
mortoch02,2020,ALDS1,TBA,AL,1,0,1,1,0,0,0,15,4,1,0,2,6,0.211,1.8,0.0,0.0,0.0,0.0,22.0,0.0,2,0.0,1.0,0.0
nelsoni01,2020,ALDS1,NYA,AL,0,0,2,0,0,0,0,6,1,0,0,0,2,0.143,0.0,0.0,0.0,0.0,0.0,7.0,1.0,0,0.0,0.0,0.0
ottavad01,2020,ALDS1,NYA,AL,0,0,1,0,0,0,0,2,0,1,0,1,0,0.0,13.5,0.0,0.0,0.0,0.0,3.0,0.0,1,0.0,0.0,0.0
slegeaa01,2020,ALDS1,TBA,AL,0,0,1,0,0,0,0,4,3,1,0,0,1,0.375,6.75,0.0,0.0,0.0,0.0,8.0,1.0,1,0.0,0.0,0.0
snellbl01,2020,ALDS1,TBA,AL,0,1,1,1,0,0,0,15,6,4,3,2,4,0.3,7.2,0.0,1.0,0.0,0.0,23.0,0.0,4,0.0,1.0,0.0
tanakma01,2020,ALDS1,NYA,AL,0,1,1,1,0,0,0,12,8,5,2,1,4,0.4,11.25,0.0,0.0,0.0,0.0,21.0,0.0,5,0.0,0.0,0.0
thompry02,2020,ALDS1,TBA,AL,0,1,2,1,0,0,0,11,5,2,1,3,3,0.385,4.91,0.0,0.0,1.0,0.0,18.0,0.0,2,0.0,1.0,2.0
yarbrry01,2020,ALDS1,TBA,AL,0,0,1,0,0,0,0,15,6,2,1,1,1,0.3,3.6,0.0,0.0,0.0,0.0,21.0,0.0,2,0.0,0.0,1.0
bassich01,2020,ALDS2,OAK,AL,0,0,1,1,0,0,0,12,9,3,2,0,4,0.45,6.75,0.0,0.0,0.0,0.0,20.0,0.0,3,0.0,0.0,0.0
diekmja01,2020,ALDS2,OAK,AL,0,0,3,0,0,0,0,9,3,2,1,0,4,0.25,6.0,0.0,0.0,1.0,0.0,13.0,0.0,2,0.0,0.0,0.0
greinza01,2020,ALDS2,HOU,AL,0,0,1,1,0,0,0,14,5,4,2,1,4,0.278,7.71,0.0,0.0,0.0,0.0,19.0,0.0,4,0.0,0.0,0.0
hendrli01,2020,ALDS2,OAK,AL,1,0,1,0,0,0,0,9,1,0,0,0,4,0.1,0.0,0.0,0.0,0.0,0.0,11.0,1.0,0,0.0,0.0,0.0
jamesjo02,2020,ALDS2,HOU,AL,0,0,1,0,0,0,0,3,3,3,1,1,0,0.6,27.0,0.0,0.0,0.0,0.0,6.0,0.0,3,0.0,0.0,1.0
javiecr01,2020,ALDS2,HOU,AL,1,0,2,0,0,0,0,10,3,0,0,1,6,0.231,0.0,0.0,0.0,1.0,0.0,15.0,0.0,0,0.0,0.0,0.0
luzarje01,2020,ALDS2,OAK,AL,0,0,1,1,0,0,0,13,5,4,2,2,2,0.312,8.31,0.0,0.0,0.0,0.0,18.0,0.0,4,0.0,0.0,2.0
manaese01,2020,ALDS2,OAK,AL,0,1,1,1,0,0,0,13,5,4,2,1,2,0.294,8.31,0.0,0.0,0.0,0.0,18.0,0.0,4,0.0,0.0,1.0
mcculla02,2020,ALDS2,HOU,AL,0,0,1,1,0,0,0,12,8,4,3,1,5,0.421,9.0,0.0,0.0,0.0,0.0,20.0,0.0,5,0.0,0.0,1.0
mcfartj01,2020,ALDS2,OAK,AL,0,0,2,0,0,0,0,6,0,0,0,1,2,0.0,0.0,0.0,0.0,0.0,0.0,7.0,2.0,0,0.0,1.0,0.0
minormi01,2020,ALDS2,OAK,AL,0,0,3,0,0,0,0,11,2,0,0,1,2,0.182,0.0,0.0,0.0,2.0,0.0,14.0,0.0,0,0.0,0.0,1.0
montafr01,2020,ALDS2,OAK,AL,0,1,1,1,0,0,0,11,7,5,2,1,3,0.389,12.27,0.0,0.0,0.0,0.0,19.0,0.0,5,0.0,0.0,1.0
pareden01,2020,ALDS2,HOU,AL,0,0,3,0,0,0,0,11,0,0,0,0,4,0.0,0.0,0.0,0.0,0.0,0.0,11.0,0.0,0,0.0,0.0,0.0
petityu01,2020,ALDS2,OAK,AL,0,0,3,0,0,0,0,6,4,4,1,1,2,0.444,18.0,1.0,0.0,1.0,0.0,11.0,0.0,4,0.0,0.0,0.0
pressry01,2020,ALDS2,HOU,AL,0,0,3,0,0,0,1,9,4,2,0,1,2,0.333,6.0,0.0,0.0,0.0,0.0,13.0,3.0,2,0.0,0.0,1.0
raleybr01,2020,ALDS2,HOU,AL,0,1,1,0,0,0,0,6,1,2,0,2,2,0.2,9.0,0.0,0.0,1.0,0.0,10.0,0.0,2,0.0,2.0,0.0
scruban01,2020,ALDS2,HOU,AL,0,0,1,0,0,0,0,3,1,0,0,0,2,0.25,0.0,0.0,0.0,0.0,0.0,4.0,1.0,0,0.0,0.0,0.0
soriajo01,2020,ALDS2,OAK,AL,0,0,2,0,0,0,0,6,3,2,0,1,0,0.333,9.0,0.0,0.0,0.0,0.0,10.0,0.0,2,0.0,0.0,0.0
taylobl01,2020,ALDS2,HOU,AL,1,0,3,0,0,0,0,6,1,0,0,2,0,0.167,0.0,0.0,0.0,0.0,0.0,9.0,0.0,0,0.0,1.0,0.0
trivilo01,2020,ALDS2,OAK,AL,0,0,3,0,0,0,0,6,1,1,1,1,2,0.167,4.5,0.0,0.0,1.0,0.0,8.0,1.0,1,0.0,0.0,1.0
urquijo01,2020,ALDS2,HOU,AL,0,0,1,1,0,0,0,13,5,4,4,1,3,0.278,8.31,0.0,0.0,0.0,0.0,19.0,0.0,4,0.0,0.0,0.0
valdefr01,2020,ALDS2,HOU,AL,1,0,1,1,0,0,0,21,5,2,2,1,4,0.217,2.57,0.0,0.0,0.0,0.0,24.0,0.0,2,0.0,0.0,2.0
weemsjo01,2020,ALDS2,OAK,AL,0,0,1,0,0,0,0,0,2,2,0,1,0,1.0,,0.0,0.0,0.0,0.0,3.0,0.0,2,0.0,0.0,0.0
wendejb01,2020,ALDS2,OAK,AL,0,1,2,0,0,0,0,3,4,2,1,1,1,0.5,18.0,0.0,0.0,0.0,0.0,9.0,0.0,6,0.0,0.0,0.0
anderni01,2020,ALWC1,TBA,AL,0,0,2,0,0,0,0,8,2,1,0,0,0,0.222,3.38,0.0,0.0,0.0,0.0,10.0,1.0,1,0.0,1.0,0.0
bassan01,2020,ALWC1,TOR,AL,0,0,1,0,0,0,0,3,0,0,0,2,1,0.0,0.0,0.0,0.0,0.0,0.0,4.0,0.0,0,0.0,0.0,0.0
borucry01,2020,ALWC1,TOR,AL,0,0,1,0,0,0,0,2,0,0,0,0,1,0.0,0.0,0.0,0.0,0.0,0.0,2.0,0.0,0,0.0,0.0,0.0
castidi01,2020,ALWC1,TBA,AL,0,0,1,0,0,0,0,2,1,0,0,0,1,0.333,0.0,0.0,0.0,1.0,0.0,4.0,0.0,0,0.0,0.0,0.0
coleaj01,2020,ALWC1,TOR,AL,0,0,1,0,0,0,0,1,1,2,1,1,1,0.5,54.0,0.0,0.0,0.0,0.0,3.0,0.0,2,0.0,0.0,0.0
dolisra01,2020,ALWC1,TOR,AL,0,0,1,0,0,0,0,3,1,0,0,0,0,0.333,0.0,0.0,0.0,0.0,0.0,3.0,1.0,0,0.0,0.0,1.0
fairbpe01,2020,ALWC1,TBA,AL,0,0,1,0,0,0,1,3,1,0,0,0,2,0.25,0.0,0.0,1.0,0.0,0.0,4.0,1.0,0,0.0,0.0,0.0
glasnty01,2020,ALWC1,TBA,AL,1,0,1,1,0,0,0,18,6,2,2,1,8,0.25,3.0,0.0,2.0,0.0,0.0,25.0,0.0,2,0.0,0.0,0.0
hatchto01,2020,ALWC1,TOR,AL,0,0,2,0,0,0,0,6,0,0,0,0,1,0.0,0.0,0.0,0.0,0.0,0.0,6.0,1.0,0,0.0,0.0,0.0
loupaa01,2020,ALWC1,TBA,AL,0,0,1,0,0,0,0,2,1,0,0,0,1,0.333,0.0,0.0,0.0,0.0,0.0,3.0,0.0,0,0.0,0.0,0.0
pearsna01,2020,ALWC1,TOR,AL,0,0,1,0,0,0,0,6,0,0,0,0,5,0.0,0.0,0.0,0.0,0.0,0.0,6.0,0.0,0,0.0,0.0,0.0
rayro02,2020,ALWC1,TOR,AL,0,1,1,0,0,0,0,9,1,1,0,1,5,0.1,3.0,0.0,1.0,0.0,0.0,11.0,0.0,1,0.0,0.0,0.0
ryuhy01,2020,ALWC1,TOR,AL,0,1,1,1,0,0,0,5,8,3,2,1,3,0.571,16.2,0.0,0.0,0.0,0.0,15.0,0.0,7,0.0,0.0,0.0
shoemma01,2020,ALWC1,TOR,AL,0,0,1,1,0,0,0,9,2,0,0,0,2,0.182,0.0,0.0,0.0,0.0,0.0,11.0,0.0,0,0.0,0.0,0.0
snellbl01,2020,ALWC1,TBA,AL,1,0,1,1,0,0,0,17,1,0,0,2,9,0.059,0.0,0.0,0.0,0.0,0.0,19.0,0.0,0,0.0,0.0,1.0
stripro01,2020,ALWC1,TOR,AL,0,0,1,0,0,0,0,4,3,1,0,0,1,0.429,6.75,0.0,0.0,0.0,0.0,7.0,0.0,1,0.0,0.0,0.0
thompry02,2020,ALWC1,TBA,AL,0,0,1,0,0,0,0,4,0,0,0,0,2,0.0,0.0,0.0,0.0,0.0,0.0,4.0,0.0,0,0.0,0.0,0.0
biebesh01,2020,ALWC2,CLE,AL,0,1,1,1,0,0,0,14,9,7,2,2,7,0.391,13.5,0.0,0.0,0.0,0.0,25.0,0.0,7,0.0,0.0,0.0
brittza01,2020,ALWC2,NYA,AL,0,0,1,0,0,0,0,4,0,2,0,2,1,0.0,13.5,0.0,0.0,0.0,0.0,5.0,0.0,2,0.0,0.0,1.0
carraca01,2020,ALWC2,CLE,AL,0,0,1,1,0,0,0,9,2,4,1,3,6,0.182,12.0,0.0,0.0,0.0,0.0,14.0,0.0,4,0.0,0.0,0.0
cessalu01,2020,ALWC2,NYA,AL,0,0,1,0,0,0,0,6,2,1,0,1,1,0.25,4.5,0.0,0.0,0.0,0.0,9.0,1.0,1,0.0,0.0,0.0
chapmar01,2020,ALWC2,NYA,AL,1,0,1,0,0,0,0,6,1,0,0,0,4,0.143,0.0,0.0,0.0,0.0,0.0,7.0,1.0,0,0.0,0.0,1.0
cimbead01,2020,ALWC2,CLE,AL,0,0,1,0,0,0,0,2,2,3,0,1,0,0.667,40.5,0.0,0.0,0.0,0.0,5.0,0.0,3,0.0,1.0,0.0
colege01,2020,ALWC2,NYA,AL,1,0,1,1,0,0,0,21,6,2,1,0,13,0.222,2.57,0.0,1.0,0.0,0.0,27.0,0.0,2,0.0,0.0,0.0
greench03,2020,ALWC2,NYA,AL,0,0,1,0,0,0,0,4,3,0,0,0,3,0.429,0.0,0.0,0.0,0.0,0.0,7.0,0.0,0,0.0,0.0,0.0
handbr01,2020,ALWC2,CLE,AL,0,1,1,0,0,0,0,2,3,2,0,1,1,0.75,27.0,0.0,0.0,0.0,0.0,6.0,0.0,2,0.0,1.0,0.0
hillca02,2020,ALWC2,CLE,AL,0,0,1,0,0,0,0,6,3,2,2,0,2,0.333,9.0,0.0,0.0,0.0,0.0,9.0,0.0,2,0.0,0.0,0.0
karinja01,2020,ALWC2,CLE,AL,0,0,1,0,0,0,0,0,1,1,1,2,0,1.0,,0.0,0.0,0.0,0.0,3.0,0.0,1,0.0,0.0,0.0
loaisjo01,2020,ALWC2,NYA,AL,0,0,1,0,0,0,0,1,1,1,0,2,0,0.5,27.0,0.0,0.0,1.0,0.0,5.0,0.0,1,0.0,0.0,0.0
matonph01,2020,ALWC2,CLE,AL,0,0,2,0,0,0,0,10,1,1,0,1,1,0.1,2.7,0.0,0.0,0.0,1.0,12.0,0.0,1,0.0,1.0,0.0
mckentr01,2020,ALWC2,CLE,AL,0,0,1,0,0,0,0,5,1,2,1,2,2,0.143,10.8,0.0,0.0,0.0,0.0,9.0,0.0,2,0.0,0.0,0.0
perezol01,2020,ALWC2,CLE,AL,0,0,1,0,0,0,0,1,1,0,0,0,0,0.5,0.0,0.0,0.0,0.0,0.0,2.0,1.0,0,0.0,0.0,0.0
quantca01,2020,ALWC2,CLE,AL,0,0,1,0,0,0,0,1,0,0,0,1,1,0.0,0.0,0.0,0.0,0.0,0.0,2.0,1.0,0,0.0,0.0,0.0
tanakma01,2020,ALWC2,NYA,AL,0,0,1,1,0,0,0,12,5,6,0,3,3,0.294,13.5,0.0,0.0,0.0,0.0,20.0,0.0,6,0.0,0.0,0.0
wittgni01,2020,ALWC2,CLE,AL,0,0,1,0,0,0,0,4,0,0,0,2,3,0.0,0.0,0.0,0.0,0.0,0.0,6.0,0.0,0,0.0,0.0,0.0
berrijo01,2020,ALWC3,MIN,AL,0,0,1,1,0,0,0,15,2,1,0,2,4,0.118,1.8,0.0,0.0,0.0,0.0,19.0,0.0,1,0.0,0.0,0.0
duffety01,2020,ALWC3,MIN,AL,0,0,2,0,0,0,0,6,3,1,0,1,2,0.375,4.5,0.0,1.0,0.0,0.0,9.0,1.0,1,0.0,0.0,0.0
greinza01,2020,ALWC3,HOU,AL,0,0,1,1,0,0,0,12,2,1,0,3,1,0.143,2.25,0.0,0.0,0.0,0.0,17.0,0.0,1,0.0,0.0,0.0
javiecr01,2020,ALWC3,HOU,AL,1,0,1,0,0,0,0,9,0,0,0,2,2,0.0,0.0,0.0,0.0,0.0,0.0,10.0,0.0,0,0.0,0.0,0.0
maedake01,2020,ALWC3,MIN,AL,0,0,1,1,0,0,0,15,2,0,0,3,5,0.118,0.0,0.0,0.0,0.0,0.0,20.0,0.0,0,0.0,0.0,0.0
maytr01,2020,ALWC3,MIN,AL,0,0,2,0,0,0,0,6,0,0,0,0,0,0.0,0.0,0.0,0.0,0.0,0.0,6.0,0.0,0,0.0,0.0,0.0
pressry01,2020,ALWC3,HOU,AL,0,0,1,0,0,0,1,3,0,0,0,0,2,0.0,0.0,0.0,0.0,0.0,0.0,3.0,1.0,0,0.0,0.0,0.0
raleybr01,2020,ALWC3,HOU,AL,0,0,1,0,0,0,0,2,1,0,0,1,1,0.5,0.0,0.0,0.0,0.0,0.0,3.0,0.0,0,0.0,0.0,0.0
rogerta01,2020,ALWC3,MIN,AL,0,0,2,0,0,0,0,3,2,1,0,1,1,0.4,9.0,0.0,0.0,0.0,0.0,6.0,0.0,1,0.0,0.0,0.0
romose01,2020,ALWC3,MIN,AL,0,1,1,0,0,0,0,2,2,0,0,1,0,0.4,0.0,0.0,0.0,0.0,0.0,6.0,0.0,3,0.0,0.0,0.0
stashco01,2020,ALWC3,MIN,AL,0,1,1,0,0,0,0,6,1,1,1,0,1,0.143,4.5,0.0,0.0,0.0,0.0,7.0,0.0,1,0.0,0.0,0.0
thielca01,2020,ALWC3,MIN,AL,0,0,1,0,0,0,0,1,1,0,0,0,0,0.5,0.0,0.0,0.0,0.0,0.0,2.0,1.0,0,0.0,0.0,0.0
urquijo01,2020,ALWC3,HOU,AL,0,0,1,1,0,0,0,13,2,1,0,2,3,0.125,2.08,0.0,0.0,0.0,0.0,18.0,0.0,1,0.0,0.0,0.0
valdefr01,2020,ALWC3,HOU,AL,1,0,1,0,0,0,0,15,2,0,0,2,5,0.125,0.0,0.0,0.0,0.0,0.0,18.0,1.0,0,0.0,0.0,1.0
bassich01,2020,ALWC4,OAK,AL,1,0,1,1,0,0,0,21,6,1,0,1,5,0.222,1.29,0.0,1.0,0.0,0.0,28.0,0.0,1,0.0,0.0,0.0
bummeaa01,2020,ALWC4,CHA,AL,0,0,2,0,0,0,0,4,1,0,0,1,1,0.2,0.0,0.0,0.0,0.0,0.0,6.0,0.0,0,0.0,0.0,0.0
ceasedy01,2020,ALWC4,CHA,AL,0,0,1,0,0,0,0,3,0,0,0,0,0,0.0,0.0,0.0,0.0,0.0,0.0,3.0,0.0,0,0.0,0.0,0.0
colomal01,2020,ALWC4,CHA,AL,0,0,2,0,0,0,1,6,0,0,0,1,1,0.0,0.0,0.0,0.0,0.0,0.0,7.0,2.0,0,0.0,0.0,0.0
cordeji01,2020,ALWC4,CHA,AL,0,0,2,0,0,0,0,11,1,0,0,1,2,0.091,0.0,0.0,0.0,0.0,0.0,12.0,0.0,0,0.0,0.0,1.0
crochga01,2020,ALWC4,CHA,AL,0,0,1,0,0,0,0,2,0,0,0,0,2,0.0,0.0,0.0,0.0,0.0,0.0,2.0,0.0,0,0.0,0.0,0.0
diekmja01,2020,ALWC4,OAK,AL,0,0,3,0,0,0,1,5,0,0,0,2,1,0.0,0.0,0.0,0.0,0.0,0.0,7.0,2.0,0,0.0,0.0,0.0
dunnida01,2020,ALWC4,CHA,AL,0,0,1,1,0,0,0,2,2,0,0,0,0,0.5,0.0,0.0,0.0,0.0,0.0,4.0,0.0,0,0.0,0.0,0.0
fiersmi01,2020,ALWC4,OAK,AL,0,0,1,1,0,0,0,5,5,1,1,1,2,0.5,5.4,0.0,0.0,0.0,0.0,11.0,0.0,1,0.0,0.0,0.0
fostema01,2020,ALWC4,CHA,AL,0,0,1,0,0,0,0,1,0,0,0,2,0,0.0,0.0,0.0,0.0,0.0,0.0,3.0,0.0,0,0.0,0.0,0.0
giolilu01,2020,ALWC4,CHA,AL,1,0,1,1,0,0,0,21,2,1,0,1,8,0.087,1.29,0.0,0.0,0.0,0.0,24.0,0.0,1,0.0,0.0,0.0
hendrli01,2020,ALWC4,OAK,AL,0,0,2,0,0,0,1,8,5,2,1,1,8,0.385,6.75,0.0,0.0,0.0,0.0,14.0,1.0,2,0.0,0.0,0.0
heuerco01,2020,ALWC4,CHA,AL,0,0,2,0,0,0,0,7,2,2,1,1,2,0.222,7.71,0.0,0.0,0.0,0.0,10.0,1.0,2,0.0,0.0,0.0
keuchda01,2020,ALWC4,CHA,AL,0,1,1,1,0,0,0,10,6,3,2,0,4,0.353,8.1,0.0,0.0,0.0,0.0,17.0,0.0,5,0.0,0.0,0.0
luzarje01,2020,ALWC4,OAK,AL,0,1,1,1,0,0,0,10,6,3,2,0,5,0.375,8.1,0.0,0.0,0.0,0.0,16.0,0.0,3,0.0,0.0,0.0
marshev01,2020,ALWC4,CHA,AL,0,1,2,0,0,0,0,8,3,1,0,2,2,0.273,3.38,0.0,0.0,0.0,0.0,14.0,0.0,2,0.0,0.0,0.0
montafr01,2020,ALWC4,OAK,AL,1,0,1,0,0,0,0,6,2,1,0,0,2,0.25,4.5,0.0,0.0,0.0,0.0,8.0,0.0,1,0.0,0.0,0.0
petityu01,2020,ALWC4,OAK,AL,0,0,2,0,0,0,0,7,4,2,0,0,2,0.364,7.71,0.0,0.0,0.0,0.0,11.0,0.0,2,0.0,0.0,0.0
rodonca01,2020,ALWC4,CHA,AL,0,0,1,0,0,0,0,0,1,2,0,2,0,1.0,,1.0,0.0,0.0,0.0,3.0,0.0,2,0.0,0.0,0.0
soriajo01,2020,ALWC4,OAK,AL,0,0,2,0,0,0,0,6,2,1,1,1,1,0.286,4.5,0.0,0.0,0.0,0.0,8.0,0.0,1,0.0,0.0,1.0
trivilo01,2020,ALWC4,OAK,AL,0,0,1,0,0,0,0,2,0,0,0,0,0,0.0,0.0,0.0,0.0,1.0,0.0,4.0,0.0,0,0.0,0.0,0.0
wendejb01,2020,ALWC4,OAK,AL,0,0,2,0,0,0,0,11,1,0,0,0,3,0.083,0.0,0.0,0.0,0.0,0.0,12.0,0.0,0,0.0,0.0,0.0
anderia01,2020,NLCS,ATL,NL,0,0,2,2,0,0,0,21,6,2,0,7,7,0.222,2.57,0.0,1.0,0.0,0.0,34.0,0.0,2,0.0,0.0,0.0
baezpe01,2020,NLCS,LAN,NL,0,0,4,0,0,0,0,10,2,1,0,2,5,0.182,2.7,0.0,0.0,0.0,0.0,14.0,0.0,1,0.0,1.0,0.0
buehlwa01,2020,NLCS,LAN,NL,1,0,2,2,0,0,0,33,10,1,1,5,13,0.233,0.82,0.0,1.0,0.0,0.0,48.0,0.0,1,0.0,0.0,0.0
daytogr01,2020,NLCS,ATL,NL,0,0,1,0,0,0,0,6,8,8,3,1,2,0.571,36.0,0.0,0.0,1.0,0.0,16.0,0.0,8,0.0,0.0,0.0
florody01,2020,NLCS,LAN,NL,0,0,2,0,0,0,0,7,2,1,1,1,4,0.2,3.86,0.0,0.0,0.0,0.0,11.0,0.0,3,0.0,0.0,0.0
friedma01,2020,NLCS,ATL,NL,0,1,2,2,0,0,0,38,12,4,3,6,14,0.245,2.84,0.0,0.0,0.0,0.0,55.0,0.0,4,0.0,0.0,1.0
gonsoto01,2020,NLCS,LAN,NL,0,1,2,1,0,0,0,19,5,7,2,6,8,0.208,9.95,0.0,0.0,0.0,0.0,30.0,0.0,7,0.0,0.0,0.0
gonzavi02,2020,NLCS,LAN,NL,0,0,3,0,0,0,0,6,2,1,0,2,2,0.286,4.5,0.0,0.0,0.0,0.0,9.0,0.0,1,0.0,0.0,1.0
gratebr01,2020,NLCS,LAN,NL,0,0,4,0,0,0,0,10,3,3,0,1,4,0.231,8.1,0.0,0.0,0.0,0.0,14.0,0.0,3,0.0,0.0,0.0
greensh02,2020,NLCS,ATL,NL,0,0,4,0,0,0,0,14,3,1,0,1,5,0.188,1.93,0.0,0.0,0.0,0.0,17.0,2.0,1,0.0,0.0,1.0
janseke01,2020,NLCS,LAN,NL,0,0,3,0,0,0,1,9,0,0,0,0,3,0.0,0.0,0.0,0.0,0.0,0.0,9.0,2.0,0,0.0,0.0,0.0
kellyjo05,2020,NLCS,LAN,NL,0,0,2,0,0,0,0,4,2,0,0,0,0,0.4,0.0,0.0,0.0,0.0,0.0,5.0,0.0,0,0.0,0.0,0.0
kershcl01,2020,NLCS,LAN,NL,0,1,1,1,0,0,0,15,7,4,1,1,4,0.35,7.2,0.0,0.0,0.0,0.0,21.0,0.0,4,0.0,0.0,2.0
kolarad01,2020,NLCS,LAN,NL,0,0,2,0,0,0,0,6,6,3,1,0,2,0.5,13.5,0.0,0.0,0.0,0.0,12.0,2.0,3,0.0,0.0,0.0
martich02,2020,NLCS,ATL,NL,0,1,5,0,0,0,0,15,3,1,1,2,5,0.176,1.8,0.0,0.0,0.0,0.0,20.0,1.0,1,0.0,1.0,0.0
matzety01,2020,NLCS,ATL,NL,1,0,4,0,0,0,0,16,4,1,1,3,6,0.211,1.69,0.0,1.0,0.0,0.0,22.0,0.0,1,0.0,0.0,1.0
maydu01,2020,NLCS,LAN,NL,0,0,3,2,0,0,0,14,5,2,0,5,6,0.294,3.86,1.0,0.0,1.0,0.0,24.0,0.0,3,0.0,1.0,1.0
mcgeeja01,2020,NLCS,LAN,NL,0,0,3,0,0,0,0,5,3,1,1,0,3,0.375,5.4,0.0,0.0,0.0,0.0,8.0,2.0,1,0.0,0.0,0.0
melanma01,2020,NLCS,ATL,NL,0,0,3,0,0,0,1,7,2,0,0,0,0,0.2,0.0,0.0,0.0,0.0,0.0,10.0,3.0,1,0.0,0.0,0.0
minteaj01,2020,NLCS,ATL,NL,0,0,3,1,0,0,0,13,4,2,2,0,8,0.235,4.15,0.0,0.0,0.0,0.0,17.0,0.0,2,0.0,0.0,0.0
odayda01,2020,NLCS,ATL,NL,0,0,2,0,0,0,0,2,2,2,0,0,1,0.5,27.0,0.0,0.0,0.0,0.0,4.0,0.0,2,0.0,0.0,0.0
smithwi04,2020,NLCS,ATL,NL,1,1,3,0,0,0,0,5,2,3,1,3,1,0.286,16.2,0.0,0.0,0.0,0.0,10.0,0.0,3,0.0,0.0,0.0
tomlijo01,2020,NLCS,ATL,NL,0,0,2,0,0,0,0,8,4,3,1,0,4,0.364,10.12,0.0,0.0,0.0,0.0,11.0,1.0,3,0.0,0.0,1.0
treinbl01,2020,NLCS,LAN,NL,1,1,4,0,0,0,0,16,5,4,1,0,2,0.25,6.75,0.0,1.0,0.0,0.0,20.0,0.0,4,0.0,0.0,0.0
uriasju01,2020,NLCS,LAN,NL,2,0,2,1,0,0,0,24,3,1,1,2,5,0.111,1.12,0.0,0.0,0.0,0.0,29.0,1.0,1,0.0,0.0,0.0
webbja01,2020,NLCS,ATL,NL,0,0,2,0,0,0,0,6,4,3,1,1,5,0.4,13.5,0.0,0.0,1.0,0.0,12.0,0.0,3,0.0,0.0,0.0
wilsobr02,2020,NLCS,ATL,NL,1,0,1,1,0,0,0,18,1,1,1,1,5,0.053,1.5,0.0,0.0,0.0,0.0,20.0,0.0,1,0.0,0.0,0.0
woodal02,2020,NLCS,LAN,NL,0,0,2,0,0,0,0,8,3,1,0,2,3,0.273,3.38,1.0,0.0,1.0,0.0,14.0,0.0,1,0.0,0.0,0.0
wrighky01,2020,NLCS,ATL,NL,0,1,1,1,0,0,0,2,5,7,2,2,0,0.714,94.5,0.0,0.0,0.0,0.0,9.0,0.0,7,0.0,0.0,0.0
ynoahu01,2020,NLCS,ATL,NL,0,0,1,0,0,0,0,12,1,0,0,4,4,0.077,0.0,0.0,0.0,1.0,0.0,18.0,0.0,0,0.0,0.0,0.0
adamsau02,2020,NLDS1,SDN,NL,0,0,2,0,0,0,0,2,0,0,0,1,0,0.0,0.0,0.0,0.0,1.0,0.0,4.0,0.0,0,0.0,0.0,0.0
altavda01,2020,NLDS1,SDN,NL,0,0,2,0,0,0,0,6,2,1,0,1,2,0.286,4.5,0.0,0.0,0.0,0.0,9.0,1.0,1,0.0,1.0,0.0
baezpe01,2020,NLDS1,LAN,NL,0,0,1,0,0,0,0,3,0,0,0,0,2,0.0,0.0,0.0,0.0,0.0,0.0,3.0,0.0,0,0.0,0.0,0.0
buehlwa01,2020,NLDS1,LAN,NL,0,0,1,1,0,0,0,12,2,1,0,4,8,0.143,2.25,0.0,0.0,0.0,0.0,18.0,0.0,1,0.0,0.0,0.0
clevimi01,2020,NLDS1,SDN,NL,0,0,1,1,0,0,0,3,0,0,0,3,1,0.0,0.0,0.0,1.0,0.0,0.0,6.0,0.0,0,0.0,0.0,0.0
davieza01,2020,NLDS1,SDN,NL,0,1,1,1,0,0,0,15,9,4,1,0,3,0.391,7.2,0.0,0.0,0.0,0.0,23.0,0.0,4,0.0,0.0,0.0
florody01,2020,NLDS1,LAN,NL,0,0,1,0,0,0,0,3,1,0,0,0,1,0.25,0.0,0.0,0.0,0.0,0.0,4.0,1.0,0,0.0,0.0,0.0
gonzavi02,2020,NLDS1,LAN,NL,0,0,1,0,0,0,0,3,1,0,0,0,0,0.25,0.0,0.0,0.0,0.0,0.0,4.0,0.0,0,0.0,0.0,0.0
gratebr01,2020,NLDS1,LAN,NL,0,0,1,0,0,0,0,4,0,0,0,0,0,0.0,0.0,0.0,0.0,0.0,1.0,4.0,0.0,0,0.0,0.0,0.0
hillti01,2020,NLDS1,SDN,NL,0,0,2,0,0,0,0,4,1,0,0,1,2,0.2,0.0,0.0,0.0,0.0,0.0,6.0,0.0,1,0.0,0.0,0.0
janseke01,2020,NLDS1,LAN,NL,0,0,2,0,0,0,0,4,3,2,0,0,2,0.429,13.5,0.0,0.0,0.0,0.0,7.0,1.0,2,0.0,0.0,0.0
johnspi01,2020,NLDS1,SDN,NL,0,0,2,0,0,0,0,5,1,2,0,1,2,0.167,10.8,0.0,0.0,0.0,0.0,7.0,0.0,2,0.0,0.0,0.0
kellyjo05,2020,NLDS1,LAN,NL,0,0,1,0,0,0,1,1,0,0,0,2,0,0.0,0.0,0.0,0.0,0.0,0.0,3.0,1.0,0,0.0,0.0,0.0
kershcl01,2020,NLDS1,LAN,NL,1,0,1,1,0,0,0,18,6,3,2,0,6,0.25,4.5,0.0,0.0,0.0,0.0,24.0,0.0,3,0.0,0.0,0.0
kolarad01,2020,NLDS1,LAN,NL,0,0,1,0,0,0,0,2,3,2,0,2,0,0.6,27.0,1.0,0.0,0.0,0.0,7.0,0.0,2,0.0,0.0,0.0
maydu01,2020,NLDS1,LAN,NL,1,0,2,1,0,0,0,9,0,0,0,1,4,0.0,0.0,0.0,0.0,0.0,0.0,9.0,0.0,0,0.0,0.0,0.0
morejad01,2020,NLDS1,SDN,NL,0,1,1,1,0,0,0,6,2,3,0,2,2,0.25,13.5,0.0,1.0,1.0,0.0,11.0,0.0,3,0.0,0.0,0.0
paganem01,2020,NLDS1,SDN,NL,0,0,2,0,0,0,0,6,0,0,0,0,1,0.0,0.0,0.0,0.0,0.0,0.0,6.0,0.0,0,0.0,0.0,0.0
patinlu01,2020,NLDS1,SDN,NL,0,0,2,0,0,0,0,5,1,1,0,1,0,0.167,5.4,0.0,0.0,0.0,0.0,7.0,1.0,1,0.0,0.0,0.0
pomerdr01,2020,NLDS1,SDN,NL,0,0,2,0,0,0,0,3,2,0,0,2,2,0.5,0.0,0.0,0.0,0.0,0.0,7.0,0.0,0,0.0,1.0,0.0
richaga01,2020,NLDS1,SDN,NL,0,1,2,0,0,0,0,4,1,2,0,2,3,0.167,13.5,0.0,1.0,0.0,0.0,8.0,0.0,2,0.0,0.0,0.0
rosentr01,2020,NLDS1,SDN,NL,0,0,1,0,0,0,0,3,2,4,0,2,1,0.4,36.0,0.0,0.0,1.0,0.0,8.0,1.0,4,0.0,0.0,0.0
stammcr01,2020,NLDS1,SDN,NL,0,0,2,0,0,0,0,6,3,3,0,1,2,0.333,13.5,1.0,1.0,0.0,0.0,10.0,0.0,3,0.0,0.0,0.0
strahma01,2020,NLDS1,SDN,NL,0,0,2,0,0,0,0,3,5,2,0,1,0,0.714,18.0,1.0,0.0,0.0,0.0,9.0,0.0,2,0.0,1.0,0.0
treinbl01,2020,NLDS1,LAN,NL,0,0,3,0,0,0,0,7,1,0,0,0,2,0.125,0.0,0.0,0.0,1.0,0.0,9.0,0.0,0,0.0,0.0,0.0
uriasju01,2020,NLDS1,LAN,NL,1,0,1,0,0,0,0,15,1,0,0,1,6,0.059,0.0,0.0,0.0,0.0,1.0,18.0,0.0,1,0.0,0.0,0.0
weathry01,2020,NLDS1,SDN,NL,0,0,1,0,0,0,0,4,0,0,0,2,1,0.0,0.0,0.0,0.0,0.0,0.0,6.0,0.0,0,0.0,0.0,0.0
alcansa01,2020,NLDS2,MIA,NL,0,1,1,1,0,0,0,18,8,5,1,1,8,0.308,7.5,0.0,0.0,1.0,0.0,28.0,0.0,5,0.0,0.0,0.0
anderia01,2020,NLDS2,ATL,NL,1,0,1,1,0,0,0,17,3,0,0,1,8,0.15,0.0,0.0,0.0,0.0,0.0,21.0,0.0,0,0.0,0.0,0.0
bleieri01,2020,NLDS2,MIA,NL,0,0,1,0,0,0,0,3,0,0,0,0,0,0.0,0.0,0.0,0.0,0.0,0.0,3.0,0.0,0,0.0,0.0,0.0
boxbebr01,2020,NLDS2,MIA,NL,0,0,2,0,0,0,0,6,0,0,0,2,2,0.0,0.0,0.0,0.0,0.0,1.0,8.0,0.0,0,0.0,0.0,0.0
friedma01,2020,NLDS2,ATL,NL,0,0,1,1,0,0,0,12,6,4,1,0,4,0.316,9.0,0.0,0.0,0.0,0.0,19.0,0.0,4,0.0,0.0,0.0
garciyi01,2020,NLDS2,MIA,NL,0,0,2,0,0,0,0,4,4,3,1,1,1,0.5,20.25,0.0,0.0,0.0,1.0,9.0,0.0,3,0.0,0.0,0.0
greensh02,2020,NLDS2,ATL,NL,0,0,1,0,0,0,0,3,1,0,0,0,0,0.25,0.0,0.0,0.0,0.0,0.0,4.0,1.0,0,0.0,0.0,0.0
hoytja01,2020,NLDS2,MIA,NL,0,0,2,0,0,0,0,3,1,1,1,0,1,0.25,9.0,0.0,0.0,0.0,0.0,4.0,0.0,1,0.0,0.0,0.0
kintzbr01,2020,NLDS2,MIA,NL,0,0,1,0,0,0,0,3,1,0,0,0,1,0.25,0.0,0.0,0.0,0.0,0.0,4.0,1.0,0,0.0,0.0,0.0
lopezpa01,2020,NLDS2,MIA,NL,0,1,1,1,0,0,0,15,3,2,2,0,7,0.158,3.6,0.0,0.0,0.0,0.0,19.0,0.0,2,0.0,0.0,0.0
martich02,2020,NLDS2,ATL,NL,0,0,1,0,0,0,0,3,2,1,0,0,1,0.4,9.0,0.0,0.0,1.0,0.0,6.0,0.0,1,0.0,0.0,0.0
matzety01,2020,NLDS2,ATL,NL,0,0,2,0,0,0,0,6,0,0,0,0,4,0.0,0.0,0.0,0.0,0.0,0.0,6.0,0.0,0,0.0,0.0,0.0
melanma01,2020,NLDS2,ATL,NL,0,0,2,0,0,0,1,6,0,0,0,0,3,0.0,0.0,0.0,0.0,0.0,0.0,6.0,2.0,0,0.0,0.0,0.0
minteaj01,2020,NLDS2,ATL,NL,0,0,1,0,0,0,0,3,0,0,0,0,1,0.0,0.0,0.0,0.0,0.0,0.0,3.0,0.0,0,0.0,0.0,0.0
odayda01,2020,NLDS2,ATL,NL,0,0,2,0,0,0,0,4,1,0,0,1,1,0.2,0.0,0.0,0.0,1.0,0.0,7.0,0.0,0,0.0,0.0,0.0
rogertr01,2020,NLDS2,MIA,NL,0,0,1,0,0,0,0,5,4,2,0,1,2,0.444,10.8,0.0,0.0,0.0,0.0,10.0,0.0,3,0.0,0.0,0.0
sanchsi01,2020,NLDS2,MIA,NL,0,1,1,1,0,0,0,9,4,4,0,3,2,0.333,12.0,0.0,0.0,0.0,0.0,16.0,0.0,4,0.0,1.0,0.0
smithwi04,2020,NLDS2,ATL,NL,1,0,2,0,0,0,0,6,0,0,0,0,1,0.0,0.0,0.0,0.0,0.0,0.0,7.0,0.0,0,0.0,0.0,0.0
stanery01,2020,NLDS2,MIA,NL,0,0,2,0,0,0,0,6,0,0,0,3,3,0.0,0.0,0.0,1.0,0.0,0.0,9.0,1.0,0,0.0,0.0,0.0
vinceni01,2020,NLDS2,MIA,NL,0,0,1,0,0,0,0,3,1,0,0,0,1,0.25,0.0,0.0,0.0,0.0,0.0,4.0,1.0,0,0.0,0.0,0.0
webbja01,2020,NLDS2,ATL,NL,0,0,1,0,0,0,0,3,1,0,0,0,1,0.25,0.0,0.0,0.0,0.0,0.0,4.0,0.0,0,0.0,0.0,0.0
wrighky01,2020,NLDS2,ATL,NL,1,0,1,1,0,0,0,18,3,0,0,2,7,0.143,0.0,0.0,0.0,1.0,0.0,24.0,0.0,0,0.0,0.0,0.0
buehlwa01,2020,NLWC1,LAN,NL,0,0,1,1,0,0,0,12,3,2,1,2,8,0.2,4.5,0.0,0.0,0.0,0.0,17.0,0.0,2,0.0,0.0,0.0
gratebr01,2020,NLWC1,LAN,NL,0,0,1,0,0,0,1,3,1,0,0,0,0,0.25,0.0,0.0,0.0,0.0,0.0,4.0,1.0,0,0.0,0.0,0.0
haderjo01,2020,NLWC1,MIL,NL,0,0,1,0,0,0,0,4,0,0,0,0,2,0.0,0.0,0.0,0.0,0.0,0.0,4.0,0.0,0,0.0,0.0,0.0
housead01,2020,NLWC1,MIL,NL,0,0,1,0,0,0,0,6,1,0,0,1,1,0.167,0.0,0.0,0.0,0.0,0.0,7.0,1.0,0,0.0,0.0,1.0
janseke01,2020,NLWC1,LAN,NL,0,0,1,0,0,0,1,3,0,0,0,1,1,0.0,0.0,0.0,0.0,0.0,0.0,4.0,1.0,0,0.0,0.0,0.0
kershcl01,2020,NLWC1,LAN,NL,1,0,1,1,0,0,0,24,3,0,0,1,13,0.115,0.0,0.0,0.0,0.0,0.0,27.0,0.0,0,0.0,0.0,0.0
peralfr01,2020,NLWC1,MIL,NL,0,0,1,0,0,0,0,3,1,1,1,0,1,0.25,9.0,0.0,0.0,0.0,0.0,4.0,0.0,1,0.0,0.0,0.0
rasmudr01,2020,NLWC1,MIL,NL,0,0,1,0,0,0,0,3,1,0,0,0,2,0.25,0.0,0.0,0.0,0.0,0.0,4.0,1.0,0,0.0,0.0,0.0
suterbr01,2020,NLWC1,MIL,NL,0,1,1,1,0,0,0,5,3,3,0,5,0,0.375,16.2,0.0,0.0,0.0,0.0,13.0,0.0,3,0.0,0.0,0.0
topaju01,2020,NLWC1,MIL,NL,0,0,1,0,0,0,0,6,1,0,0,1,0,0.167,0.0,0.0,0.0,0.0,0.0,7.0,0.0,0,0.0,0.0,1.0
treinbl01,2020,NLWC1,LAN,NL,0,0,1,0,0,0,0,3,1,0,0,0,1,0.25,0.0,0.0,0.0,0.0,0.0,4.0,0.0,0,0.0,0.0,0.0
uriasju01,2020,NLWC1,LAN,NL,1,0,1,0,0,0,0,9,3,0,0,0,5,0.25,0.0,0.0,0.0,0.0,0.0,12.0,0.0,0,0.0,0.0,0.0
woodrbr01,2020,NLWC1,MIL,NL,0,1,1,1,0,0,0,14,5,3,0,0,9,0.263,5.79,0.0,0.0,0.0,0.0,19.0,0.0,3,0.0,0.0,0.0
yardler01,2020,NLWC1,MIL,NL,0,0,1,0,0,0,0,7,0,0,0,0,2,0.0,0.0,0.0,0.0,0.0,0.0,7.0,0.0,0,0.0,0.0,0.0
adamsau02,2020,NLWC2,SDN,NL,1,0,2,0,0,0,0,3,0,1,0,1,1,0.0,9.0,0.0,0.0,1.0,0.0,5.0,0.0,1,0.0,0.0,0.0
cabrege01,2020,NLWC2,SLN,NL,0,0,2,0,0,0,0,3,1,2,0,3,1,0.5,18.0,0.0,0.0,1.0,0.0,7.0,0.0,2,0.0,1.0,0.0
davieza01,2020,NLWC2,SDN,NL,0,0,1,1,0,0,0,6,5,4,1,1,3,0.455,18.0,0.0,0.0,0.0,0.0,12.0,0.0,4,0.0,0.0,0.0
flaheja01,2020,NLWC2,SLN,NL,0,1,1,1,0,0,0,18,6,1,0,2,8,0.25,1.5,0.0,0.0,0.0,0.0,26.0,0.0,1,0.0,0.0,0.0
gallegi01,2020,NLWC2,SLN,NL,1,0,2,0,0,0,0,6,3,2,2,1,3,0.333,9.0,0.0,0.0,0.0,0.0,10.0,0.0,2,0.0,0.0,0.0
gombeau01,2020,NLWC2,SLN,NL,0,0,1,0,0,0,0,4,2,0,0,1,2,0.333,0.0,0.0,0.0,0.0,0.0,7.0,0.0,0,0.0,0.0,1.0
helslry01,2020,NLWC2,SLN,NL,0,0,2,0,0,0,0,5,1,1,0,0,2,0.167,5.4,0.0,0.0,0.0,0.0,6.0,0.0,1,0.0,0.0,0.0
hillti01,2020,NLWC2,SDN,NL,0,0,1,0,0,0,0,3,0,0,0,0,1,0.0,0.0,0.0,0.0,1.0,0.0,4.0,0.0,0,0.0,0.0,0.0
johnspi01,2020,NLWC2,SDN,NL,0,0,3,0,0,0,0,7,2,0,0,1,5,0.222,0.0,0.0,0.0,1.0,0.0,11.0,0.0,0,0.0,0.0,0.0
kimkw01,2020,NLWC2,SLN,NL,0,0,1,1,0,0,0,11,5,3,0,2,2,0.357,7.36,0.0,0.0,0.0,0.0,18.0,0.0,3,0.0,2.0,0.0
millean01,2020,NLWC2,SLN,NL,0,0,1,0,0,0,0,2,1,0,0,0,0,0.333,0.0,0.0,0.0,1.0,0.0,4.0,0.0,0,0.0,0.0,0.0
morejad01,2020,NLWC2,SDN,NL,0,0,2,0,0,0,0,9,1,0,0,0,2,0.083,0.0,0.0,0.0,0.0,0.0,12.0,0.0,0,0.0,0.0,0.0
paddach01,2020,NLWC2,SDN,NL,0,1,1,1,0,0,0,7,8,6,1,0,1,0.571,23.14,0.0,0.0,0.0,0.0,15.0,0.0,6,0.0,1.0,0.0
paganem01,2020,NLWC2,SDN,NL,1,0,3,0,0,0,0,9,2,0,0,2,2,0.182,0.0,0.0,0.0,0.0,0.0,13.0,0.0,0,0.0,0.0,0.0
patinlu01,2020,NLWC2,SDN,NL,0,0,1,0,0,0,0,3,1,0,0,1,0,0.25,0.0,0.0,0.0,0.0,0.0,5.0,0.0,0,0.0,0.0,0.0
pomerdr01,2020,NLWC2,SDN,NL,0,0,3,0,0,0,0,9,1,0,0,1,2,0.125,0.0,0.0,0.0,1.0,0.0,12.0,0.0,2,0.0,2.0,0.0
ponceda01,2020,NLWC2,SLN,NL,0,1,1,0,0,0,0,3,2,3,2,1,2,0.4,27.0,0.0,0.0,0.0,0.0,6.0,0.0,3,0.0,0.0,0.0
reyesal02,2020,NLWC2,SLN,NL,0,0,2,0,0,0,1,10,2,1,1,2,3,0.154,2.7,1.0,0.0,0.0,0.0,15.0,2.0,3,0.0,0.0,1.0
richaga01,2020,NLWC2,SDN,NL,0,0,2,0,0,0,0,4,0,0,0,0,1,0.0,0.0,0.0,0.0,0.0,0.0,4.0,0.0,0,0.0,0.0,0.0
rosentr01,2020,NLWC2,SDN,NL,0,0,3,0,0,0,1,9,3,2,1,3,5,0.25,6.0,0.0,0.0,0.0,0.0,15.0,3.0,2,0.0,0.0,0.0
stammcr01,2020,NLWC2,SDN,NL,0,0,2,1,0,0,0,8,2,0,0,1,2,0.2,0.0,0.0,0.0,0.0,0.0,11.0,0.0,0,0.0,0.0,0.0
strahma01,2020,NLWC2,SDN,NL,0,0,2,0,0,0,0,4,2,1,0,1,2,0.333,6.75,0.0,0.0,0.0,0.0,7.0,0.0,1,0.0,0.0,0.0
wainwad01,2020,NLWC2,SLN,NL,0,0,1,1,0,0,0,10,6,2,0,2,3,0.4,5.4,0.0,1.0,0.0,0.0,17.0,0.0,2,0.0,0.0,1.0
webbty01,2020,NLWC2,SLN,NL,0,0,1,0,0,0,0,2,1,1,0,0,0,0.333,13.5,0.0,0.0,0.0,0.0,3.0,0.0,1,0.0,0.0,0.0
whitlko01,2020,NLWC2,SLN,NL,0,0,1,0,0,0,0,1,1,1,1,0,0,0.5,27.0,0.0,0.0,0.0,0.0,2.0,1.0,1,0.0,0.0,0.0
alcansa01,2020,NLWC3,MIA,NL,1,0,1,1,0,0,0,20,3,1,1,3,4,0.13,1.35,0.0,0.0,1.0,0.0,27.0,0.0,1,0.0,0.0,0.0
bleieri01,2020,NLWC3,MIA,NL,0,0,2,0,0,0,0,3,0,0,0,0,0,0.0,0.0,0.0,0.0,0.0,0.0,3.0,0.0,0,0.0,0.0,0.0
boxbebr01,2020,NLWC3,MIA,NL,1,0,1,0,0,0,0,4,0,0,0,0,0,0.0,0.0,0.0,0.0,0.0,0.0,4.0,0.0,0,0.0,0.0,0.0
chafian01,2020,NLWC3,CHN,NL,0,0,1,0,0,0,0,1,0,0,0,0,0,0.0,0.0,0.0,0.0,0.0,0.0,1.0,0.0,0,0.0,0.0,0.0
darviyu01,2020,NLWC3,CHN,NL,0,1,1,1,0,0,0,20,5,2,1,2,6,0.217,2.7,1.0,0.0,1.0,0.0,26.0,0.0,2,0.0,0.0,1.0
garciyi01,2020,NLWC3,MIA,NL,0,0,2,0,0,0,0,6,0,0,0,0,2,0.0,0.0,0.0,0.0,1.0,0.0,7.0,0.0,0,0.0,0.0,0.0
hendrky01,2020,NLWC3,CHN,NL,0,1,1,1,0,0,0,19,5,3,1,3,3,0.208,4.26,0.0,0.0,1.0,0.0,28.0,0.0,3,0.0,0.0,1.0
jeffrje01,2020,NLWC3,CHN,NL,0,0,2,0,0,0,0,5,3,2,1,0,2,0.375,10.8,0.0,0.0,0.0,0.0,8.0,1.0,2,0.0,0.0,0.0
kimbrcr01,2020,NLWC3,CHN,NL,0,0,1,0,0,0,0,4,0,0,0,2,2,0.0,0.0,0.0,0.0,0.0,0.0,5.0,0.0,0,0.0,0.0,1.0
kintzbr01,2020,NLWC3,MIA,NL,0,0,2,0,0,0,1,6,2,0,0,0,4,0.25,0.0,0.0,0.0,0.0,0.0,8.0,2.0,0,0.0,0.0,0.0
sanchsi01,2020,NLWC3,MIA,NL,0,0,1,1,0,0,0,15,4,0,0,2,6,0.222,0.0,0.0,0.0,2.0,0.0,22.0,0.0,0,0.0,0.0,0.0
teperry01,2020,NLWC3,CHN,NL,0,0,1,0,0,0,0,2,0,0,0,1,2,0.0,0.0,0.0,1.0,0.0,0.0,3.0,0.0,0,0.0,0.0,0.0
winklda01,2020,NLWC3,CHN,NL,0,0,1,0,0,0,0,3,0,0,0,0,2,0.0,0.0,0.0,0.0,1.0,0.0,4.0,1.0,0,0.0,0.0,0.0
anderia01,2020,NLWC4,ATL,NL,1,0,1,1,0,0,0,18,2,0,0,2,9,0.1,0.0,0.0,0.0,0.0,0.0,22.0,0.0,0,0.0,0.0,0.0
bauertr01,2020,NLWC4,CIN,NL,0,0,1,1,0,0,0,23,2,0,0,0,12,0.077,0.0,0.0,0.0,1.0,0.0,27.0,0.0,0,0.0,0.0,0.0
bradlar01,2020,NLWC4,CIN,NL,0,1,1,0,0,0,0,1,2,1,0,0,0,0.667,27.0,0.0,0.0,0.0,0.0,3.0,0.0,1,0.0,0.0,0.0
castilu02,2020,NLWC4,CIN,NL,0,1,1,1,0,0,0,16,6,1,0,1,7,0.273,1.69,1.0,0.0,0.0,0.0,23.0,0.0,1,0.0,0.0,0.0
friedma01,2020,NLWC4,ATL,NL,0,0,1,1,0,0,0,21,6,0,0,0,5,0.24,0.0,0.0,0.0,1.0,0.0,26.0,0.0,0,0.0,0.0,0.0
garream01,2020,NLWC4,CIN,NL,0,0,1,0,0,0,0,0,1,0,0,0,0,1.0,,0.0,0.0,0.0,0.0,1.0,1.0,0,0.0,0.0,0.0
greensh02,2020,NLWC4,ATL,NL,0,0,1,0,0,0,0,1,2,0,0,0,1,0.667,0.0,0.0,1.0,0.0,0.0,3.0,0.0,0,0.0,0.0,0.0
iglesra01,2020,NLWC4,CIN,NL,0,0,2,0,0,0,0,5,2,3,2,3,5,0.286,16.2,0.0,0.0,0.0,0.0,10.0,0.0,4,0.0,0.0,0.0
lorenmi01,2020,NLWC4,CIN,NL,0,0,2,0,0,0,0,8,2,0,0,0,6,0.2,0.0,0.0,1.0,1.0,0.0,11.0,1.0,0,0.0,0.0,0.0
martich02,2020,NLWC4,ATL,NL,0,0,2,0,0,0,0,6,0,0,0,0,0,0.0,0.0,0.0,0.0,0.0,0.0,6.0,0.0,0,0.0,0.0,0.0
matzety01,2020,NLWC4,ATL,NL,0,0,1,0,0,0,0,4,2,0,0,0,4,0.333,0.0,0.0,0.0,0.0,0.0,6.0,0.0,0,0.0,0.0,0.0
melanma01,2020,NLWC4,ATL,NL,0,0,2,0,0,0,0,6,0,0,0,0,2,0.0,0.0,0.0,0.0,0.0,0.0,6.0,1.0,0,0.0,0.0,0.0
minteaj01,2020,NLWC4,ATL,NL,1,0,1,0,0,0,0,2,0,0,0,1,1,0.0,0.0,0.0,0.0,0.0,0.0,3.0,1.0,0,0.0,0.0,0.0
odayda01,2020,NLWC4,ATL,NL,0,0,1,0,0,0,0,1,1,0,0,2,1,0.5,0.0,1.0,0.0,0.0,0.0,4.0,0.0,0,0.0,0.0,0.0
simslu01,2020,NLWC4,CIN,NL,0,0,2,0,0,0,0,8,0,0,0,1,5,0.0,0.0,0.0,0.0,0.0,0.0,9.0,0.0,0,0.0,0.0,0.0
smithwi04,2020,NLWC4,ATL,NL,0,0,2,0,0,0,0,7,0,0,0,0,5,0.0,0.0,0.0,0.0,0.0,0.0,7.0,0.0,0,0.0,0.0,0.0
anderni01,2020,WS,TBA,AL,1,1,3,0,0,0,0,9,5,3,1,1,3,0.357,9.0,1.0,1.0,0.0,0.0,15.0,0.0,3,0.0,0.0,0.0
baezpe01,2020,WS,LAN,NL,0,0,3,0,0,0,0,10,3,2,2,1,3,0.25,5.4,0.0,0.0,0.0,0.0,13.0,0.0,2,0.0,0.0,1.0
buehlwa01,2020,WS,LAN,NL,1,0,1,1,0,0,0,18,3,1,0,1,10,0.15,1.5,0.0,0.0,0.0,0.0,21.0,0.0,1,0.0,0.0,1.0
castidi01,2020,WS,TBA,AL,0,0,3,0,0,0,1,8,1,1,0,2,2,0.111,3.38,0.0,0.0,0.0,0.0,11.0,1.0,1,0.0,0.0,0.0
curtijo02,2020,WS,TBA,AL,1,0,3,0,0,0,0,10,4,1,1,1,3,0.286,2.7,0.0,0.0,0.0,0.0,15.0,2.0,1,0.0,0.0,0.0
fairbpe01,2020,WS,TBA,AL,0,0,3,0,0,0,0,12,6,3,2,2,4,0.353,6.75,1.0,1.0,0.0,0.0,19.0,0.0,3,0.0,0.0,0.0
flemijo01,2020,WS,TBA,AL,0,0,1,0,0,0,0,8,5,2,1,1,2,0.417,6.75,0.0,0.0,0.0,0.0,13.0,0.0,2,0.0,0.0,1.0
florody01,2020,WS,LAN,NL,0,0,3,0,0,0,0,6,2,2,0,0,2,0.286,9.0,0.0,0.0,0.0,0.0,7.0,0.0,2,0.0,0.0,0.0
glasnty01,2020,WS,TBA,AL,0,2,2,2,0,0,0,28,9,10,3,9,15,0.243,9.64,0.0,4.0,0.0,0.0,46.0,0.0,10,0.0,0.0,0.0
gonsoto01,2020,WS,LAN,NL,0,1,2,2,0,0,0,9,4,2,2,3,5,0.308,6.0,0.0,0.0,0.0,0.0,16.0,0.0,2,0.0,0.0,0.0
gonzavi02,2020,WS,LAN,NL,1,0,4,0,0,0,0,11,2,1,0,2,3,0.167,2.45,0.0,1.0,0.0,0.0,14.0,0.0,1,0.0,0.0,0.0
gratebr01,2020,WS,LAN,NL,0,0,3,0,0,0,0,6,2,0,0,0,0,0.25,0.0,0.0,0.0,0.0,0.0,8.0,0.0,0,0.0,0.0,0.0
janseke01,2020,WS,LAN,NL,0,1,2,0,0,0,0,5,3,2,1,1,2,0.375,10.8,0.0,0.0,0.0,0.0,9.0,2.0,3,0.0,0.0,0.0
kellyjo05,2020,WS,LAN,NL,0,0,2,0,0,0,0,6,2,1,0,0,3,0.286,4.5,0.0,0.0,0.0,0.0,8.0,1.0,1,0.0,1.0,0.0
kershcl01,2020,WS,LAN,NL,2,0,2,2,0,0,0,35,7,3,1,3,14,0.179,2.31,0.0,0.0,0.0,0.0,42.0,0.0,3,0.0,0.0,1.0
kolarad01,2020,WS,LAN,NL,0,0,1,0,0,0,0,2,0,0,0,1,1,0.0,0.0,0.0,0.0,0.0,0.0,3.0,0.0,0,0.0,0.0,0.0
loupaa01,2020,WS,TBA,AL,0,0,4,0,0,0,0,7,2,2,0,1,3,0.222,7.71,0.0,0.0,0.0,0.0,10.0,0.0,2,0.0,0.0,0.0
maydu01,2020,WS,LAN,NL,0,0,2,0,0,0,0,9,5,3,1,0,3,0.357,9.0,0.0,0.0,0.0,0.0,14.0,0.0,3,0.0,0.0,0.0
mcclash01,2020,WS,TBA,AL,0,0,1,0,0,0,0,3,1,0,0,0,0,0.25,0.0,0.0,0.0,0.0,0.0,4.0,1.0,0,0.0,0.0,0.0
mcgeeja01,2020,WS,LAN,NL,0,0,1,0,0,0,0,3,1,0,0,1,1,0.25,0.0,0.0,0.0,0.0,0.0,5.0,1.0,0,0.0,0.0,0.0
mortoch02,2020,WS,TBA,AL,0,1,1,1,0,0,0,13,7,5,1,1,6,0.368,10.38,0.0,0.0,1.0,0.0,22.0,0.0,5,1.0,0.0,0.0
sherrry01,2020,WS,TBA,AL,0,0,2,0,0,0,0,6,0,0,0,1,1,0.0,0.0,0.0,0.0,0.0,0.0,7.0,0.0,0,0.0,0.0,0.0
snellbl01,2020,WS,TBA,AL,0,0,2,2,0,0,0,30,4,3,1,4,18,0.118,2.7,0.0,0.0,0.0,0.0,38.0,0.0,3,0.0,0.0,0.0
thompry02,2020,WS,TBA,AL,0,0,3,0,0,0,0,8,0,0,0,1,3,0.0,0.0,0.0,0.0,0.0,0.0,9.0,1.0,0,0.0,0.0,0.0
treinbl01,2020,WS,LAN,NL,0,0,3,0,0,0,1,8,2,2,0,1,5,0.2,6.75,0.0,0.0,0.0,0.0,11.0,1.0,2,0.0,0.0,0.0
uriasju01,2020,WS,LAN,NL,0,0,2,1,0,0,1,21,4,2,2,1,13,0.167,2.57,0.0,1.0,0.0,0.0,25.0,1.0,2,0.0,0.0,0.0
woodal02,2020,WS,LAN,NL,0,0,2,0,0,0,0,12,2,0,0,1,5,0.143,0.0,1.0,0.0,0.0,0.0,15.0,0.0,0,0.0,0.0,0.0
yarbrry01,2020,WS,TBA,AL,0,0,3,1,0,0,0,14,7,2,2,1,1,0.35,3.86,0.0,0.0,0.0,0.0,21.0,1.0,2,0.0,0.0,1.0
brasiry01,2021,ALCS,BOS,AL,0,0,3,0,0,0,0,4,4,2,0,0,1,0.5,13.5,0.0,0.0,0.0,0.0,8.0,1.0,2,0.0,0.0,0.0
eovalna01,2021,ALCS,BOS,AL,1,2,3,2,0,0,0,31,12,8,0,4,9,0.279,6.97,2.0,0.0,0.0,0.0,47.0,0.0,8,0.0,0.0,0.0
garcilu05,2021,ALCS,HOU,AL,1,1,2,2,0,0,0,20,3,5,1,4,9,0.125,6.75,0.0,0.0,0.0,0.0,28.0,0.0,5,0.0,0.0,0.0
garciyi01,2021,ALCS,HOU,AL,0,0,3,0,0,0,0,9,3,3,1,2,4,0.25,9.0,0.0,1.0,1.0,0.0,15.0,0.0,3,0.0,0.0,0.0
graveke01,2021,ALCS,HOU,AL,1,0,3,0,0,0,0,12,2,0,0,2,5,0.154,0.0,0.0,0.0,0.0,0.0,15.0,0.0,0,0.0,0.0,0.0
greinza01,2021,ALCS,HOU,AL,0,0,1,1,0,0,0,4,1,2,1,3,0,0.167,13.5,0.0,0.0,0.0,0.0,9.0,0.0,2,0.0,0.0,0.0
hernada02,2021,ALCS,BOS,AL,0,0,2,0,0,0,0,4,2,2,2,1,3,0.333,13.5,0.0,0.0,0.0,0.0,7.0,0.0,2,0.0,0.0,0.0
houckta01,2021,ALCS,BOS,AL,0,0,2,0,0,0,0,10,4,4,1,0,2,0.308,10.8,0.0,0.0,1.0,0.0,14.0,0.0,4,0.0,0.0,1.0
javiecr01,2021,ALCS,HOU,AL,0,0,2,0,0,0,0,15,3,0,0,2,7,0.167,0.0,0.0,0.0,0.0,0.0,20.0,0.0,0,0.0,0.0,0.0
matonph01,2021,ALCS,HOU,AL,0,0,4,0,0,0,0,11,1,1,1,1,3,0.091,2.45,0.0,0.0,0.0,0.0,13.0,0.0,1,1.0,0.0,0.0
odorija01,2021,ALCS,HOU,AL,0,0,1,0,0,0,0,12,7,4,2,0,5,0.368,9.0,0.0,0.0,0.0,0.0,19.0,0.0,4,0.0,0.0,0.0
ottavad01,2021,ALCS,BOS,AL,0,0,4,0,0,0,0,9,3,1,1,0,3,0.25,3.0,0.0,0.0,0.0,0.0,12.0,1.0,1,0.0,0.0,0.0
perezma02,2021,ALCS,BOS,AL,0,0,4,0,0,0,0,9,6,4,0,4,0,0.462,12.0,2.0,0.0,0.0,0.0,17.0,3.0,5,0.0,0.0,2.0
pivetni01,2021,ALCS,BOS,AL,0,0,1,1,0,0,0,15,2,1,1,2,3,0.118,1.8,0.0,1.0,0.0,0.0,19.0,0.0,1,0.0,0.0,0.0
pressry01,2021,ALCS,HOU,AL,0,0,3,0,0,0,1,9,3,1,1,0,4,0.25,3.0,0.0,0.0,0.0,0.0,12.0,3.0,1,0.0,0.0,0.0
raleybr01,2021,ALCS,HOU,AL,0,0,3,0,0,0,0,9,1,1,0,2,3,0.1,3.0,0.0,0.0,0.0,0.0,12.0,0.0,1,0.0,0.0,0.0
robleha01,2021,ALCS,BOS,AL,0,1,3,0,0,0,0,8,3,1,1,1,1,0.333,3.38,0.0,0.0,0.0,0.0,10.0,0.0,2,0.0,0.0,2.0
rodried05,2021,ALCS,BOS,AL,1,0,1,1,0,0,0,18,5,3,1,0,7,0.217,4.5,0.0,0.0,0.0,0.0,23.0,0.0,3,0.0,0.0,0.0
salech01,2021,ALCS,BOS,AL,0,1,2,2,0,0,0,24,8,3,1,3,9,0.25,3.38,0.0,1.0,1.0,0.0,37.0,0.0,5,0.0,1.0,0.0
sawamhi01,2021,ALCS,BOS,AL,0,0,3,0,0,0,0,6,2,1,0,2,2,0.286,4.5,0.0,1.0,1.0,0.0,11.0,1.0,1,0.0,1.0,0.0
stanery01,2021,ALCS,HOU,AL,1,0,5,0,0,0,0,13,2,1,1,0,2,0.143,2.08,0.0,0.0,0.0,0.0,14.0,3.0,1,0.0,0.0,0.0
taylobl01,2021,ALCS,HOU,AL,0,0,2,0,0,0,0,8,2,0,0,1,4,0.2,0.0,0.0,0.0,0.0,0.0,11.0,0.0,0,0.0,0.0,0.0
taylojo02,2021,ALCS,BOS,AL,0,0,3,0,0,0,0,6,3,1,0,0,1,0.333,4.5,0.0,0.0,0.0,0.0,9.0,0.0,1,0.0,0.0,0.0
urquijo01,2021,ALCS,HOU,AL,0,1,1,1,0,0,0,5,5,5,1,2,1,0.455,27.0,0.0,0.0,0.0,0.0,13.0,0.0,6,0.0,0.0,0.0
valdefr01,2021,ALCS,HOU,AL,1,0,2,2,0,0,0,32,9,3,2,4,7,0.237,2.53,0.0,0.0,1.0,0.0,43.0,0.0,4,0.0,0.0,4.0
whitlga01,2021,ALCS,BOS,AL,0,0,2,0,0,0,0,12,3,1,1,1,2,0.214,2.25,0.0,0.0,0.0,0.0,15.0,0.0,1,0.0,0.0,1.0
bummeaa01,2021,ALDS1,CHA,AL,0,1,3,0,0,0,0,10,5,3,0,1,7,0.333,8.1,0.0,0.0,0.0,0.0,16.0,0.0,3,0.0,0.0,0.0
ceasedy01,2021,ALDS1,CHA,AL,0,0,1,1,0,0,0,5,2,3,0,3,2,0.286,16.2,0.0,0.0,0.0,0.0,10.0,0.0,3,0.0,0.0,0.0
crochga01,2021,ALDS1,CHA,AL,0,0,3,0,0,0,0,7,5,0,0,1,4,0.455,0.0,0.0,0.0,0.0,0.0,12.0,0.0,0,0.0,0.0,1.0
garcilu05,2021,ALDS1,HOU,AL,0,0,1,1,0,0,0,8,5,5,1,3,3,0.385,16.88,0.0,0.0,0.0,0.0,16.0,0.0,5,0.0,0.0,0.0
garciyi01,2021,ALDS1,HOU,AL,1,1,3,0,0,0,0,6,5,4,1,0,2,0.5,18.0,0.0,1.0,0.0,0.0,11.0,0.0,4,0.0,1.0,0.0
giolilu01,2021,ALDS1,CHA,AL,0,0,1,1,0,0,0,13,3,4,0,5,4,0.2,8.31,0.0,1.0,0.0,0.0,21.0,0.0,4,0.0,1.0,0.0
graveke01,2021,ALDS1,HOU,AL,0,0,3,0,0,0,0,9,3,1,0,2,1,0.25,3.0,0.0,0.0,1.0,0.0,15.0,1.0,1,0.0,0.0,0.0
greinza01,2021,ALDS1,HOU,AL,0,0,1,0,0,0,0,3,2,0,0,0,1,0.333,0.0,0.0,0.0,0.0,0.0,6.0,0.0,0,0.0,0.0,0.0
hendrli01,2021,ALDS1,CHA,AL,0,0,3,0,0,0,0,9,3,3,1,1,6,0.25,9.0,0.0,0.0,0.0,0.0,13.0,3.0,3,0.0,0.0,0.0
javiecr01,2021,ALDS1,HOU,AL,0,0,1,0,0,0,0,8,0,0,0,2,6,0.0,0.0,0.0,0.0,1.0,0.0,11.0,0.0,0,0.0,0.0,0.0
kimbrcr01,2021,ALDS1,CHA,AL,0,0,3,0,0,0,0,6,3,2,1,1,0,0.3,9.0,0.0,1.0,0.0,0.0,11.0,0.0,3,0.0,0.0,0.0
kopecmi01,2021,ALDS1,CHA,AL,1,0,2,0,0,0,0,9,7,6,1,1,5,0.438,18.0,0.0,0.0,0.0,0.0,17.0,0.0,6,0.0,0.0,0.0
lopezre01,2021,ALDS1,CHA,AL,0,0,1,0,0,0,0,6,1,1,1,1,2,0.143,4.5,0.0,0.0,0.0,0.0,8.0,0.0,1,0.0,0.0,0.0
lynnla01,2021,ALDS1,CHA,AL,0,1,1,1,0,0,0,11,6,5,0,2,4,0.353,12.27,0.0,1.0,0.0,0.0,20.0,0.0,5,1.0,0.0,0.0
matonph01,2021,ALDS1,HOU,AL,0,0,3,0,0,0,0,9,1,0,0,0,3,0.1,0.0,0.0,0.0,0.0,0.0,10.0,0.0,0,0.0,0.0,0.0
mcculla02,2021,ALDS1,HOU,AL,1,0,2,2,0,0,0,32,9,1,1,3,9,0.237,0.84,0.0,0.0,1.0,0.0,42.0,0.0,1,0.0,0.0,3.0
pressry01,2021,ALDS1,HOU,AL,0,0,3,0,0,0,0,9,3,0,0,0,4,0.25,0.0,0.0,1.0,0.0,0.0,12.0,2.0,0,0.0,0.0,0.0
raleybr01,2021,ALDS1,HOU,AL,0,0,1,0,0,0,0,1,5,3,0,0,0,0.833,81.0,0.0,0.0,0.0,0.0,6.0,1.0,3,0.0,0.0,0.0
rodonca01,2021,ALDS1,CHA,AL,0,1,1,1,0,0,0,8,3,2,0,2,3,0.273,6.75,0.0,0.0,1.0,0.0,14.0,0.0,2,0.0,0.0,0.0
ruizjo01,2021,ALDS1,CHA,AL,0,0,1,0,0,0,0,4,0,0,0,0,1,0.0,0.0,0.0,0.0,0.0,0.0,4.0,1.0,0,0.0,0.0,0.0
stanery01,2021,ALDS1,HOU,AL,1,0,3,0,0,0,0,7,1,0,0,1,4,0.125,0.0,0.0,0.0,0.0,0.0,9.0,0.0,0,0.0,0.0,0.0
teperry01,2021,ALDS1,CHA,AL,0,0,3,0,0,0,0,14,2,1,0,0,3,0.143,1.93,0.0,0.0,0.0,0.0,15.0,0.0,1,1.0,0.0,1.0
valdefr01,2021,ALDS1,HOU,AL,0,0,1,1,0,0,0,13,7,4,0,1,6,0.389,8.31,0.0,0.0,1.0,0.0,20.0,0.0,4,0.0,0.0,2.0
barnema01,2021,ALDS2,BOS,AL,0,0,1,0,0,0,0,3,1,0,0,2,1,0.25,0.0,0.0,0.0,0.0,0.0,6.0,1.0,0,0.0,0.0,0.0
bazsh01,2021,ALDS2,TBA,AL,0,0,1,1,0,0,0,7,6,3,1,1,2,0.5,11.57,0.0,0.0,0.0,0.0,13.0,0.0,3,0.0,0.0,1.0
brasiry01,2021,ALDS2,BOS,AL,0,0,3,0,0,0,0,6,3,2,0,0,4,0.333,9.0,0.0,0.0,0.0,0.0,9.0,0.0,2,0.0,0.0,0.0
chargjt01,2021,ALDS2,TBA,AL,0,0,4,0,0,0,0,10,3,0,0,1,2,0.25,0.0,0.0,0.0,0.0,0.0,13.0,1.0,0,0.0,0.0,1.0
davisau01,2021,ALDS2,BOS,AL,0,0,1,0,0,0,0,1,0,0,0,1,0,0.0,0.0,0.0,0.0,0.0,0.0,2.0,0.0,0,0.0,0.0,0.0
eovalna01,2021,ALDS2,BOS,AL,0,0,1,1,0,0,0,15,3,2,1,1,8,0.158,3.6,0.0,0.0,0.0,0.0,20.0,0.0,2,0.0,0.0,0.0
fairbpe01,2021,ALDS2,TBA,AL,0,0,2,0,0,0,0,8,1,1,1,1,2,0.125,3.38,0.0,0.0,0.0,0.0,9.0,0.0,1,0.0,0.0,1.0
feyerjo01,2021,ALDS2,TBA,AL,0,1,3,0,0,0,0,11,6,1,0,0,2,0.429,2.45,0.0,0.0,0.0,0.0,17.0,2.0,1,2.0,1.0,0.0
flemijo01,2021,ALDS2,TBA,AL,0,0,2,0,0,0,0,3,3,0,0,0,1,0.5,0.0,0.0,0.0,0.0,0.0,6.0,0.0,0,0.0,0.0,0.0
houckta01,2021,ALDS2,BOS,AL,1,0,2,0,0,0,0,18,3,2,2,0,6,0.143,3.0,0.0,0.0,0.0,0.0,21.0,0.0,2,0.0,0.0,0.0
kittran01,2021,ALDS2,TBA,AL,0,0,2,0,0,0,0,10,2,0,0,0,2,0.182,0.0,0.0,0.0,0.0,0.0,11.0,0.0,0,0.0,0.0,1.0
mcclash01,2021,ALDS2,TBA,AL,1,0,2,1,0,0,0,17,10,5,1,1,3,0.37,7.94,0.0,0.0,0.0,0.0,28.0,0.0,5,0.0,0.0,1.0
mchugco01,2021,ALDS2,TBA,AL,0,1,2,1,0,0,0,11,3,3,2,1,2,0.214,7.36,0.0,0.0,0.0,0.0,15.0,0.0,3,0.0,0.0,0.0
ottavad01,2021,ALDS2,BOS,AL,0,0,1,0,0,0,0,3,0,0,0,0,0,0.0,0.0,0.0,0.0,0.0,0.0,3.0,1.0,0,0.0,0.0,0.0
patinlu01,2021,ALDS2,TBA,AL,0,1,2,0,0,0,0,7,2,2,1,1,2,0.222,7.71,0.0,0.0,0.0,0.0,10.0,1.0,2,0.0,0.0,0.0
pivetni01,2021,ALDS2,BOS,AL,1,0,2,0,0,0,0,26,7,3,2,3,11,0.226,3.12,0.0,0.0,0.0,0.0,34.0,1.0,3,0.0,0.0,1.0
rasmudr01,2021,ALDS2,TBA,AL,0,0,1,1,0,0,0,6,6,3,1,0,1,0.545,13.5,0.0,0.0,0.0,0.0,11.0,0.0,3,0.0,0.0,1.0
richaga01,2021,ALDS2,BOS,AL,0,0,1,0,0,0,0,1,0,0,0,0,0,0.0,0.0,0.0,0.0,0.0,0.0,1.0,0.0,0,0.0,0.0,0.0
roberda08,2021,ALDS2,TBA,AL,0,0,3,0,0,0,0,12,3,0,0,1,2,0.2,0.0,0.0,0.0,0.0,0.0,16.0,0.0,0,0.0,0.0,0.0
robleha01,2021,ALDS2,BOS,AL,0,0,2,0,0,0,0,5,4,2,1,0,3,0.444,10.8,0.0,0.0,0.0,0.0,9.0,0.0,2,0.0,0.0,0.0
rodried05,2021,ALDS2,BOS,AL,0,1,2,2,0,0,0,20,5,4,0,2,7,0.2,5.4,0.0,0.0,0.0,0.0,27.0,0.0,4,0.0,0.0,0.0
salech01,2021,ALDS2,BOS,AL,0,0,1,1,0,0,0,3,4,5,1,1,2,0.571,45.0,0.0,0.0,0.0,0.0,8.0,0.0,5,0.0,0.0,0.0
taylojo02,2021,ALDS2,BOS,AL,0,0,3,0,0,0,0,6,1,0,0,0,1,0.143,0.0,0.0,0.0,0.0,0.0,7.0,0.0,0,0.0,0.0,0.0
wachami01,2021,ALDS2,TBA,AL,0,0,1,0,0,0,0,8,9,6,1,0,4,0.562,20.25,0.0,1.0,0.0,0.0,16.0,0.0,6,0.0,0.0,1.0
whitlga01,2021,ALDS2,BOS,AL,1,0,2,0,0,0,0,10,0,0,0,1,3,0.0,0.0,1.0,0.0,0.0,0.0,11.0,1.0,0,0.0,0.0,0.0
wislema01,2021,ALDS2,TBA,AL,0,0,2,0,0,0,0,7,2,2,1,0,1,0.222,7.71,0.0,0.0,0.0,0.0,9.0,0.0,2,0.0,0.0,0.0
brasiry01,2021,ALWC,BOS,AL,0,0,1,0,0,0,0,2,1,0,0,0,0,0.5,0.0,0.0,0.0,0.0,0.0,2.0,0.0,0,0.0,0.0,0.0
colege01,2021,ALWC,NYA,AL,0,1,1,1,0,0,0,6,4,3,2,2,3,0.4,13.5,0.0,0.0,0.0,0.0,12.0,0.0,3,0.0,0.0,0.0
eovalna01,2021,ALWC,BOS,AL,1,0,1,1,0,0,0,16,4,1,1,0,8,0.2,1.69,0.0,0.0,0.0,0.0,20.0,0.0,1,0.0,0.0,0.0
greench03,2021,ALWC,NYA,AL,0,0,1,0,0,0,0,5,1,0,0,1,2,0.2,0.0,0.0,0.0,0.0,0.0,6.0,1.0,0,0.0,0.0,0.0
holmecl01,2021,ALWC,NYA,AL,0,0,1,0,0,0,0,6,1,0,0,0,1,0.2,0.0,0.0,0.0,0.0,0.0,5.0,0.0,0,0.0,0.0,2.0
houckta01,2021,ALWC,BOS,AL,0,0,1,0,0,0,0,3,0,0,0,0,2,0.0,0.0,0.0,0.0,0.0,0.0,3.0,0.0,0,0.0,0.0,0.0
loaisjo01,2021,ALWC,NYA,AL,0,0,1,0,0,0,0,3,0,2,0,3,2,0.0,18.0,0.0,0.0,0.0,0.0,6.0,0.0,2,0.0,0.0,0.0
robleha01,2021,ALWC,BOS,AL,0,0,1,0,0,0,0,3,0,0,0,0,1,0.0,0.0,0.0,0.0,0.0,0.0,3.0,0.0,0,0.0,0.0,0.0
severlu01,2021,ALWC,NYA,AL,0,0,1,0,0,0,0,4,1,1,0,1,1,0.2,6.75,0.0,0.0,0.0,0.0,6.0,0.0,1,0.0,0.0,0.0
whitlga01,2021,ALWC,BOS,AL,0,0,1,0,0,0,0,3,1,1,1,0,0,0.25,9.0,0.0,0.0,0.0,0.0,4.0,1.0,1,0.0,0.0,0.0
anderia01,2021,NLCS,ATL,NL,0,0,2,2,0,0,0,21,6,3,1,4,6,0.222,3.86,0.0,0.0,0.0,0.0,31.0,0.0,3,0.0,0.0,0.0
bickfph01,2021,NLCS,LAN,NL,0,0,3,0,0,0,0,11,3,0,0,0,4,0.231,0.0,0.0,0.0,0.0,0.0,13.0,0.0,0,0.0,0.0,1.0
bruihju01,2021,NLCS,LAN,NL,0,0,3,0,0,0,0,6,1,0,0,0,5,0.143,0.0,0.0,0.0,0.0,0.0,7.0,0.0,0,0.0,0.0,0.0
buehlwa01,2021,NLCS,LAN,NL,0,1,2,2,0,0,0,23,13,6,1,6,9,0.382,7.04,0.0,0.0,0.0,0.0,40.0,0.0,8,0.0,0.0,2.0
chaveje01,2021,NLCS,ATL,NL,0,0,3,1,0,0,0,8,2,0,0,1,0,0.2,0.0,1.0,0.0,0.0,0.0,11.0,1.0,0,0.0,0.0,0.0
friedma01,2021,NLCS,ATL,NL,0,1,2,2,0,0,0,32,16,7,3,2,8,0.348,5.91,0.0,1.0,1.0,0.0,49.0,0.0,7,0.0,0.0,2.0
gonsoto01,2021,NLCS,LAN,NL,1,0,3,0,0,0,0,12,5,5,2,1,4,0.278,11.25,0.0,0.0,0.0,0.0,19.0,1.0,5,0.0,0.0,0.0
gratebr01,2021,NLCS,LAN,NL,0,1,3,0,0,0,0,13,1,1,0,0,4,0.071,2.08,0.0,0.0,1.0,0.0,15.0,0.0,1,0.0,0.0,0.0
jackslu01,2021,NLCS,ATL,NL,0,1,4,0,0,0,0,5,7,5,1,2,2,0.583,27.0,1.0,0.0,1.0,0.0,15.0,0.0,5,0.0,0.0,0.0
janseke01,2021,NLCS,LAN,NL,0,0,5,0,0,0,1,12,2,0,0,1,6,0.143,0.0,1.0,0.0,0.0,0.0,15.0,4.0,0,0.0,0.0,0.0
kellyjo05,2021,NLCS,LAN,NL,0,0,4,1,0,0,0,9,2,2,1,0,4,0.182,6.0,0.0,0.0,0.0,0.0,11.0,0.0,2,0.0,0.0,0.0
knebeco01,2021,NLCS,LAN,NL,0,0,4,1,0,0,0,10,4,2,0,1,7,0.286,5.4,0.0,1.0,0.0,0.0,15.0,0.0,2,0.0,0.0,0.0
leedy01,2021,NLCS,ATL,NL,0,0,1,0,0,0,0,6,3,1,1,0,2,0.333,4.5,0.0,0.0,0.0,0.0,9.0,0.0,1,0.0,0.0,0.0
martich02,2021,NLCS,ATL,NL,0,0,3,0,0,0,0,6,3,1,1,0,1,0.333,4.5,0.0,0.0,0.0,0.0,9.0,0.0,1,0.0,0.0,0.0
matzety01,2021,NLCS,ATL,NL,1,0,5,0,0,0,0,18,1,2,0,2,11,0.056,3.0,1.0,0.0,0.0,0.0,21.0,0.0,2,1.0,0.0,0.0
minteaj01,2021,NLCS,ATL,NL,0,0,4,0,0,0,0,18,2,0,0,2,8,0.105,0.0,1.0,0.0,0.0,0.0,21.0,0.0,0,0.0,0.0,1.0
mortoch02,2021,NLCS,ATL,NL,0,0,1,1,0,0,0,15,3,2,1,6,5,0.176,3.6,0.0,1.0,0.0,0.0,23.0,0.0,2,0.0,0.0,1.0
phillev01,2021,NLCS,LAN,NL,1,0,2,0,0,0,0,9,1,0,0,2,6,0.1,0.0,0.0,0.0,0.0,0.0,12.0,0.0,0,0.0,0.0,0.0
scherma01,2021,NLCS,LAN,NL,0,0,1,1,0,0,0,13,4,2,1,1,7,0.235,4.15,0.0,0.0,0.0,0.0,18.0,0.0,2,0.0,0.0,0.0
smithwi04,2021,NLCS,ATL,NL,2,0,4,0,0,0,1,12,1,0,0,1,4,0.083,0.0,0.0,0.0,0.0,0.0,13.0,4.0,0,0.0,0.0,0.0
smylydr01,2021,NLCS,ATL,NL,1,0,1,0,0,0,0,10,2,2,0,1,2,0.167,5.4,0.0,0.0,0.0,0.0,13.0,0.0,2,0.0,0.0,0.0
treinbl01,2021,NLCS,LAN,NL,0,1,4,0,0,0,0,11,3,1,0,1,2,0.231,2.45,0.0,0.0,0.0,0.0,14.0,1.0,1,0.0,0.0,1.0
uriasju01,2021,NLCS,LAN,NL,0,1,2,1,0,0,0,18,11,7,3,2,5,0.393,10.5,1.0,0.0,0.0,0.0,31.0,0.0,7,0.0,1.0,0.0
vesiaal01,2021,NLCS,LAN,NL,0,0,5,0,0,0,0,9,3,0,0,3,5,0.273,0.0,0.0,0.0,0.0,0.0,14.0,0.0,0,0.0,0.0,0.0
webbja01,2021,NLCS,ATL,NL,0,0,2,0,0,0,0,5,4,4,1,1,3,0.444,21.6,0.0,0.0,0.0,0.0,10.0,1.0,4,0.0,0.0,0.0
anderia01,2021,NLDS1,ATL,NL,1,0,1,1,0,0,0,15,3,0,0,0,6,0.167,0.0,0.0,0.0,1.0,0.0,19.0,0.0,0,0.0,0.0,0.0
ashbyaa01,2021,NLDS1,MIL,NL,0,0,2,0,0,0,0,8,5,2,0,2,3,0.385,6.75,0.0,0.0,1.0,0.0,16.0,0.0,2,0.0,0.0,0.0
boxbebr01,2021,NLDS1,MIL,NL,0,0,2,0,0,0,0,6,0,0,0,1,2,0.0,0.0,0.0,0.0,0.0,0.0,7.0,1.0,0,0.0,0.0,0.0
burneco01,2021,NLDS1,MIL,NL,0,0,1,1,0,0,0,18,2,0,0,3,6,0.111,0.0,0.0,1.0,0.0,0.0,21.0,0.0,0,0.0,0.0,1.0
chaveje01,2021,NLDS1,ATL,NL,0,0,2,0,0,0,0,5,1,0,0,1,2,0.2,0.0,0.0,0.0,0.0,0.0,7.0,0.0,0,1.0,0.0,0.0
cousija01,2021,NLDS1,MIL,NL,0,0,1,0,0,0,0,3,1,0,0,1,1,0.25,0.0,1.0,1.0,0.0,0.0,5.0,1.0,0,0.0,0.0,0.0
friedma01,2021,NLDS1,ATL,NL,1,0,1,1,0,0,0,18,3,0,0,0,9,0.143,0.0,0.0,0.0,0.0,0.0,21.0,0.0,0,0.0,0.0,0.0
haderjo01,2021,NLDS1,MIL,NL,0,1,2,0,0,0,1,6,2,1,1,1,3,0.25,4.5,0.0,0.0,0.0,0.0,9.0,2.0,1,0.0,0.0,0.0
housead01,2021,NLDS1,MIL,NL,1,1,2,0,0,0,0,9,4,4,2,1,1,0.308,12.0,0.0,0.0,0.0,0.0,14.0,0.0,4,0.0,0.0,0.0
jackslu01,2021,NLDS1,ATL,NL,0,0,4,0,0,0,0,10,3,0,0,2,3,0.273,0.0,0.0,0.0,0.0,0.0,13.0,0.0,0,0.0,0.0,2.0
lauerer01,2021,NLDS1,MIL,NL,0,0,1,1,0,0,0,11,4,2,0,2,2,0.286,4.91,0.0,0.0,1.0,0.0,17.0,0.0,2,0.0,0.0,0.0
matzety01,2021,NLDS1,ATL,NL,1,0,4,0,0,0,0,13,3,0,0,2,6,0.188,0.0,0.0,0.0,0.0,0.0,18.0,1.0,0,0.0,0.0,0.0
minteaj01,2021,NLDS1,ATL,NL,0,0,1,0,0,0,0,4,0,0,0,0,3,0.0,0.0,0.0,0.0,0.0,0.0,4.0,0.0,0,0.0,0.0,0.0
mortoch02,2021,NLDS1,ATL,NL,0,1,2,2,0,0,0,28,7,4,1,2,14,0.2,3.86,0.0,0.0,2.0,0.0,39.0,0.0,4,0.0,0.0,0.0
peralfr01,2021,NLDS1,MIL,NL,0,0,1,1,0,0,0,12,3,0,0,1,5,0.214,0.0,0.0,0.0,0.0,0.0,15.0,0.0,0,0.0,0.0,0.0
smithwi04,2021,NLDS1,ATL,NL,0,0,3,0,0,0,3,9,2,0,0,1,3,0.2,0.0,0.0,0.0,0.0,0.0,11.0,3.0,0,0.0,0.0,1.0
strichu01,2021,NLDS1,MIL,NL,0,0,3,0,0,0,0,7,3,0,0,0,2,0.3,0.0,0.0,0.0,0.0,0.0,10.0,0.0,0,0.0,0.0,0.0
woodrbr01,2021,NLDS1,MIL,NL,0,1,2,1,0,0,0,22,6,3,1,1,8,0.214,3.68,0.0,1.0,0.0,0.0,29.0,0.0,3,0.0,0.0,0.0
ynoahu01,2021,NLDS1,ATL,NL,0,0,1,0,0,0,0,3,2,2,1,1,2,0.4,18.0,0.0,0.0,0.0,0.0,6.0,0.0,2,0.0,0.0,0.0
alvarjo02,2021,NLDS2,SFN,NL,0,0,1,0,0,0,0,1,0,0,0,0,0,0.0,0.0,0.0,0.0,0.0,0.0,1.0,0.0,0,0.0,0.0,0.0
bickfph01,2021,NLDS2,LAN,NL,0,0,3,0,0,0,0,7,1,0,0,0,0,0.125,0.0,0.0,0.0,0.0,0.0,8.0,3.0,0,0.0,0.0,0.0
buehlwa01,2021,NLDS2,LAN,NL,0,1,2,2,0,0,0,32,9,4,2,3,9,0.225,3.38,0.0,0.0,0.0,0.0,43.0,0.0,4,0.0,0.0,1.0
castrke01,2021,NLDS2,SFN,NL,0,0,2,0,0,0,0,4,0,0,0,2,0,0.0,0.0,0.0,0.0,0.0,0.0,6.0,1.0,0,0.0,0.0,0.0
desclan01,2021,NLDS2,SFN,NL,0,1,1,1,0,0,0,5,5,2,0,0,2,0.556,10.8,0.0,0.0,0.0,0.0,10.0,0.0,2,0.0,1.0,0.0
dovalca01,2021,NLDS2,SFN,NL,0,1,3,0,0,0,1,11,2,1,0,0,2,0.154,2.45,0.0,0.0,1.0,0.0,14.0,2.0,1,0.0,0.0,0.0
garcija04,2021,NLDS2,SFN,NL,0,0,2,0,0,0,0,4,2,1,1,1,1,0.286,6.75,0.0,0.0,0.0,0.0,8.0,0.0,2,0.0,0.0,0.0
gausmke01,2021,NLDS2,SFN,NL,0,1,2,1,0,0,0,18,4,4,0,3,7,0.182,6.0,1.0,0.0,0.0,0.0,25.0,1.0,4,0.0,0.0,0.0
gratebr01,2021,NLDS2,LAN,NL,0,0,4,0,0,0,0,11,3,0,0,0,3,0.214,0.0,0.0,0.0,0.0,0.0,14.0,0.0,0,0.0,0.0,0.0
janseke01,2021,NLDS2,LAN,NL,1,0,2,0,0,0,0,6,0,0,0,0,5,0.0,0.0,0.0,0.0,0.0,0.0,6.0,1.0,0,0.0,0.0,0.0
kellyjo05,2021,NLDS2,LAN,NL,1,0,2,0,0,0,0,5,3,1,0,1,0,0.429,5.4,0.0,0.0,0.0,0.0,8.0,0.0,1,0.0,0.0,0.0
knebeco01,2021,NLDS2,LAN,NL,0,0,2,1,0,0,0,6,1,0,0,0,3,0.143,0.0,0.0,0.0,0.0,0.0,7.0,0.0,0,0.0,0.0,0.0
leonedo01,2021,NLDS2,SFN,NL,0,0,2,0,0,0,0,5,4,3,0,2,1,0.444,16.2,0.0,0.0,0.0,0.0,11.0,0.0,3,0.0,0.0,0.0
litteza01,2021,NLDS2,SFN,NL,0,0,2,0,0,0,0,8,6,3,1,0,5,0.429,10.12,0.0,0.0,0.0,0.0,14.0,0.0,3,0.0,0.0,0.0
mcgeeja01,2021,NLDS2,SFN,NL,0,0,3,0,0,0,0,8,2,2,1,0,1,0.2,6.75,0.0,0.0,0.0,0.0,10.0,1.0,2,0.0,0.0,0.0
rogerty01,2021,NLDS2,SFN,NL,1,0,4,0,0,0,0,10,5,0,0,1,1,0.357,0.0,0.0,0.0,0.0,0.0,16.0,0.0,0,0.0,1.0,0.0
scherma01,2021,NLDS2,LAN,NL,0,1,2,1,0,0,1,24,3,1,1,1,12,0.107,1.12,0.0,0.0,0.0,0.0,29.0,1.0,1,0.0,0.0,0.0
treinbl01,2021,NLDS2,LAN,NL,0,0,3,0,0,0,0,10,1,1,0,0,5,0.091,2.7,0.0,0.0,0.0,0.0,11.0,0.0,1,0.0,0.0,0.0
uriasju01,2021,NLDS2,LAN,NL,1,0,2,1,0,0,0,27,6,2,1,1,10,0.188,2.0,0.0,1.0,0.0,0.0,34.0,0.0,2,0.0,1.0,0.0
vesiaal01,2021,NLDS2,LAN,NL,0,0,2,0,0,0,0,4,2,1,1,0,2,0.333,6.75,0.0,0.0,0.0,0.0,6.0,0.0,1,0.0,0.0,0.0
webblo01,2021,NLDS2,SFN,NL,1,0,2,2,0,0,0,44,9,1,0,1,17,0.173,0.61,0.0,0.0,0.0,0.0,53.0,0.0,1,0.0,0.0,2.0
woodal02,2021,NLDS2,SFN,NL,0,0,1,1,0,0,0,14,2,0,0,2,4,0.133,0.0,0.0,0.0,0.0,0.0,18.0,0.0,0,1.0,0.0,0.0
gallegi01,2021,NLWC,SLN,NL,0,0,1,0,0,0,0,3,1,0,0,0,2,0.25,0.0,0.0,0.0,0.0,0.0,4.0,0.0,0,0.0,0.0,0.0
garcilu03,2021,NLWC,SLN,NL,0,0,1,0,0,0,0,5,1,0,0,1,0,0.167,0.0,0.0,0.0,0.0,0.0,7.0,0.0,0,0.0,0.0,0.0
gratebr01,2021,NLWC,LAN,NL,0,0,1,0,0,0,0,3,0,0,0,0,0,0.0,0.0,0.0,0.0,1.0,0.0,4.0,0.0,0,0.0,0.0,0.0
janseke01,2021,NLWC,LAN,NL,1,0,1,0,0,0,0,3,1,0,0,0,3,0.25,0.0,0.0,0.0,0.0,0.0,4.0,1.0,0,0.0,0.0,0.0
kellyjo05,2021,NLWC,LAN,NL,0,0,1,0,0,0,0,2,0,0,0,0,1,0.0,0.0,0.0,1.0,0.0,0.0,2.0,0.0,0,0.0,0.0,0.0
knebeco01,2021,NLWC,LAN,NL,0,0,1,0,0,0,0,1,0,0,0,0,1,0.0,0.0,0.0,0.0,0.0,0.0,1.0,0.0,0,0.0,0.0,0.0
mcfartj01,2021,NLWC,SLN,NL,0,1,1,0,0,0,0,2,0,1,0,1,0,0.0,13.5,0.0,0.0,0.0,0.0,3.0,0.0,1,0.0,0.0,0.0
reyesal02,2021,NLWC,SLN,NL,0,0,1,0,0,0,0,0,1,1,1,0,0,1.0,,0.0,0.0,0.0,0.0,1.0,1.0,1,0.0,0.0,0.0
scherma01,2021,NLWC,LAN,NL,0,0,1,1,0,0,0,13,3,1,0,3,4,0.188,2.08,0.0,1.0,1.0,0.0,21.0,0.0,1,1.0,0.0,0.0
treinbl01,2021,NLWC,LAN,NL,0,0,1,0,0,0,0,5,1,0,0,1,1,0.167,0.0,0.0,0.0,0.0,0.0,7.0,0.0,0,0.0,0.0,0.0
wainwad01,2021,NLWC,SLN,NL,0,0,1,1,0,0,0,16,4,1,1,2,5,0.222,1.69,0.0,0.0,0.0,0.0,21.0,0.0,1,1.0,0.0,1.0
anderia01,2021,WS,ATL,NL,1,0,1,1,0,0,0,15,0,0,0,3,4,0.0,0.0,0.0,0.0,1.0,0.0,18.0,0.0,0,0.0,0.0,1.0
chaveje01,2021,WS,ATL,NL,0,0,2,0,0,0,0,6,2,0,0,1,0,0.25,0.0,0.0,0.0,0.0,0.0,9.0,0.0,0,0.0,0.0,0.0
davidtu01,2021,WS,ATL,NL,0,0,1,1,0,0,0,6,2,2,0,3,1,0.286,9.0,0.0,0.0,0.0,0.0,11.0,0.0,4,0.0,1.0,1.0
friedma01,2021,WS,ATL,NL,1,1,2,2,0,0,0,33,11,6,0,1,12,0.262,4.91,0.0,1.0,0.0,0.0,44.0,0.0,6,0.0,1.0,2.0
garcilu05,2021,WS,HOU,AL,0,2,2,2,0,0,0,19,5,4,1,5,9,0.208,5.68,1.0,0.0,0.0,0.0,29.0,0.0,4,0.0,0.0,0.0
garciyi01,2021,WS,HOU,AL,0,0,4,0,0,0,0,12,1,0,0,1,2,0.077,0.0,0.0,0.0,0.0,0.0,14.0,1.0,0,0.0,0.0,0.0
graveke01,2021,WS,HOU,AL,0,0,3,0,0,0,0,12,2,1,1,0,5,0.143,2.25,0.0,0.0,0.0,0.0,14.0,3.0,1,0.0,0.0,0.0
greinza01,2021,WS,HOU,AL,0,0,1,1,0,0,0,12,4,0,0,0,3,0.286,0.0,0.0,0.0,0.0,0.0,14.0,0.0,0,0.0,0.0,2.0
jackslu01,2021,WS,ATL,NL,0,0,3,0,0,0,0,11,1,0,0,0,4,0.083,0.0,0.0,0.0,0.0,0.0,12.0,0.0,0,0.0,0.0,0.0
javiecr01,2021,WS,HOU,AL,0,1,3,0,0,0,0,9,4,4,3,2,6,0.308,12.0,0.0,1.0,0.0,0.0,15.0,0.0,4,0.0,0.0,0.0
leedy01,2021,WS,ATL,NL,0,0,2,1,0,0,0,3,1,1,0,2,2,0.2,9.0,0.0,0.0,0.0,0.0,7.0,0.0,1,0.0,0.0,0.0
martich02,2021,WS,ATL,NL,0,0,2,0,0,0,0,7,1,0,0,0,2,0.125,0.0,0.0,0.0,0.0,0.0,8.0,0.0,0,0.0,0.0,0.0
matonph01,2021,WS,HOU,AL,0,0,5,0,0,0,0,17,7,0,0,2,8,0.292,0.0,1.0,0.0,0.0,0.0,26.0,0.0,0,0.0,0.0,0.0
matzety01,2021,WS,ATL,NL,1,0,4,0,0,0,0,16,6,1,0,0,7,0.286,1.69,0.0,0.0,0.0,0.0,21.0,0.0,1,0.0,0.0,0.0
minteaj01,2021,WS,ATL,NL,1,1,3,0,0,0,0,14,6,4,0,2,7,0.286,7.71,1.0,0.0,1.0,0.0,24.0,0.0,4,0.0,0.0,0.0
mortoch02,2021,WS,ATL,NL,0,0,1,1,0,0,0,7,1,0,0,2,3,0.125,0.0,0.0,1.0,0.0,0.0,10.0,0.0,0,0.0,0.0,0.0
odorija01,2021,WS,HOU,AL,0,0,1,0,0,0,0,7,1,0,0,0,5,0.111,0.0,0.0,0.0,0.0,0.0,9.0,0.0,0,0.0,0.0,0.0
pressry01,2021,WS,HOU,AL,0,0,3,0,0,0,0,11,0,0,0,2,6,0.0,0.0,0.0,0.0,1.0,0.0,14.0,1.0,0,0.0,0.0,0.0
raleybr01,2021,WS,HOU,AL,0,0,4,0,0,0,0,10,1,1,0,1,1,0.1,2.7,0.0,0.0,0.0,0.0,12.0,1.0,1,0.0,1.0,0.0
smithwi04,2021,WS,ATL,NL,0,0,4,0,0,0,2,12,2,0,0,1,1,0.143,0.0,0.0,0.0,0.0,0.0,15.0,4.0,0,0.0,0.0,0.0
smylydr01,2021,WS,ATL,NL,0,0,2,0,0,0,0,12,7,3,1,1,6,0.368,6.75,0.0,1.0,1.0,0.0,21.0,1.0,3,0.0,0.0,0.0
stanery01,2021,WS,HOU,AL,0,0,5,0,0,0,0,13,2,2,1,1,5,0.143,4.15,0.0,0.0,0.0,0.0,15.0,0.0,2,0.0,0.0,1.0
taylobl01,2021,WS,HOU,AL,0,0,2,0,0,0,0,2,2,1,0,1,1,0.5,13.5,0.0,0.0,0.0,0.0,5.0,0.0,1,0.0,0.0,0.0
urquijo01,2021,WS,HOU,AL,2,0,2,1,0,0,0,18,7,2,1,0,7,0.28,3.0,0.0,1.0,0.0,0.0,25.0,0.0,2,0.0,0.0,0.0
valdefr01,2021,WS,HOU,AL,0,1,2,2,0,0,0,14,12,10,4,3,3,0.462,19.29,0.0,0.0,0.0,0.0,29.0,0.0,10,0.0,0.0,0.0
wrighky01,2021,WS,ATL,NL,0,0,2,0,0,0,0,17,5,1,1,3,6,0.227,1.59,2.0,0.0,0.0,0.0,25.0,1.0,1,0.0,0.0,0.0
abreubr01,2022,ALCS,HOU,AL,0,0,3,0,0,0,0,9,2,0,0,1,4,0.182,0.0,0.0,0.0,0.0,0.0,12.0,1.0,0,0.0,0.0,0.0
brownhu01,2022,ALCS,HOU,AL,0,0,1,0,0,0,0,2,0,0,0,2,0,0.0,0.0,0.0,0.0,0.0,0.0,4.0,0.0,0,0.0,0.0,0.0
castrmi01,2022,ALCS,NYA,AL,0,0,2,0,0,0,0,6,0,0,0,0,2,0.0,0.0,0.0,0.0,0.0,0.0,6.0,1.0,0,0.0,0.0,0.0
colege01,2022,ALCS,NYA,AL,0,1,1,1,0,0,0,15,5,3,1,2,7,0.238,5.4,0.0,0.0,1.0,0.0,24.0,0.0,5,0.0,0.0,0.0
cortene01,2022,ALCS,NYA,AL,0,0,1,1,0,0,0,6,2,3,1,3,2,0.25,13.5,0.0,0.0,0.0,0.0,11.0,0.0,3,0.0,0.0,0.0
germado01,2022,ALCS,NYA,AL,0,0,1,0,0,0,0,3,0,0,0,2,1,0.0,0.0,0.0,0.0,0.0,0.0,5.0,1.0,0,0.0,0.0,0.0
holmecl01,2022,ALCS,NYA,AL,0,0,1,0,0,0,0,8,2,0,0,0,2,0.25,0.0,0.0,0.0,0.0,0.0,9.0,1.0,0,1.0,0.0,0.0
javiecr01,2022,ALCS,HOU,AL,1,0,1,1,0,0,0,16,1,0,0,3,5,0.062,0.0,0.0,0.0,0.0,0.0,19.0,0.0,0,0.0,0.0,0.0
loaisjo01,2022,ALCS,NYA,AL,0,1,2,0,0,0,0,13,3,1,0,1,1,0.214,2.08,0.0,0.0,0.0,0.0,15.0,0.0,2,0.0,0.0,3.0
mcculla02,2022,ALCS,HOU,AL,0,0,1,1,0,0,0,15,8,3,0,1,6,0.348,5.4,0.0,1.0,1.0,0.0,25.0,0.0,4,0.0,0.0,0.0
montafr01,2022,ALCS,NYA,AL,0,0,1,0,0,0,0,3,1,1,1,0,1,0.25,9.0,0.0,0.0,0.0,0.0,4.0,0.0,1,0.0,0.0,0.0
montera01,2022,ALCS,HOU,AL,0,0,3,0,0,0,0,6,2,1,1,1,3,0.25,4.5,0.0,0.0,0.0,0.0,9.0,0.0,1,0.0,0.0,0.0
nerishe01,2022,ALCS,HOU,AL,1,0,3,0,0,0,0,8,1,1,1,0,3,0.111,3.38,0.0,0.0,0.0,0.0,9.0,0.0,1,0.0,0.0,0.0
peralwa01,2022,ALCS,NYA,AL,0,0,2,0,0,0,0,8,5,1,0,1,1,0.417,3.38,0.0,0.0,0.0,0.0,13.0,1.0,1,0.0,0.0,0.0
pressry01,2022,ALCS,HOU,AL,0,0,3,0,0,0,3,10,0,0,0,1,6,0.0,0.0,0.0,0.0,0.0,0.0,11.0,3.0,0,0.0,0.0,0.0
schmicl01,2022,ALCS,NYA,AL,0,1,1,0,0,0,0,3,2,2,2,2,0,0.5,18.0,1.0,0.0,0.0,0.0,6.0,0.0,2,0.0,0.0,1.0
severlu01,2022,ALCS,NYA,AL,0,1,1,1,0,0,0,16,5,3,1,1,6,0.238,5.06,0.0,0.0,1.0,0.0,23.0,0.0,3,0.0,0.0,0.0
stanery01,2022,ALCS,HOU,AL,0,0,1,0,0,0,0,3,0,0,0,0,3,0.0,0.0,0.0,0.0,0.0,0.0,3.0,0.0,0,0.0,0.0,0.0
taillja01,2022,ALCS,NYA,AL,0,0,1,1,0,0,0,13,4,1,0,3,0,0.235,2.08,0.0,0.0,0.0,0.0,20.0,0.0,1,0.0,0.0,0.0
trivilo01,2022,ALCS,NYA,AL,0,0,2,0,0,0,0,8,1,0,0,0,2,0.125,0.0,0.0,0.0,0.0,0.0,9.0,0.0,0,0.0,1.0,0.0
valdefr01,2022,ALCS,HOU,AL,1,0,1,1,0,0,0,21,4,0,0,0,9,0.154,0.0,0.0,0.0,0.0,0.0,26.0,0.0,2,0.0,0.0,0.0
verlaju01,2022,ALCS,HOU,AL,1,0,1,1,0,0,0,18,3,1,1,1,11,0.136,1.5,0.0,0.0,1.0,0.0,24.0,0.0,1,0.0,0.0,0.0
biebesh01,2022,ALDS1,CLE,AL,0,0,1,1,0,0,0,17,5,2,1,3,7,0.227,3.18,0.0,1.0,0.0,0.0,25.0,0.0,2,0.0,0.0,0.0
civalaa01,2022,ALDS1,CLE,AL,0,1,1,1,0,0,0,1,2,3,1,1,1,0.667,81.0,0.0,0.0,1.0,0.0,5.0,0.0,3,0.0,0.0,0.0
claseem01,2022,ALDS1,CLE,AL,1,0,2,0,0,0,0,11,1,0,0,2,4,0.083,0.0,0.0,0.0,1.0,0.0,15.0,2.0,0,0.0,0.0,0.0
colege01,2022,ALDS1,NYA,AL,2,0,2,2,0,0,0,40,10,3,2,2,16,0.2,2.02,0.0,0.0,1.0,0.0,53.0,0.0,3,0.0,0.0,1.0
cortene01,2022,ALDS1,NYA,AL,1,0,2,2,0,0,0,30,9,3,1,4,5,0.243,2.7,0.0,0.0,0.0,0.0,42.0,0.0,3,0.0,1.0,0.0
delosen01,2022,ALDS1,CLE,AL,0,0,2,0,0,0,0,7,1,0,0,0,1,0.143,0.0,0.0,0.0,0.0,0.0,7.0,0.0,0,0.0,0.0,1.0
hentgsa01,2022,ALDS1,CLE,AL,0,0,2,0,0,0,0,10,2,2,2,2,4,0.167,5.4,0.0,0.0,0.0,0.0,14.0,0.0,2,0.0,0.0,0.0
holmecl01,2022,ALDS1,NYA,AL,0,0,4,0,0,0,0,10,0,0,0,2,5,0.0,0.0,0.0,0.0,1.0,0.0,14.0,1.0,0,0.0,0.0,0.0
karinja01,2022,ALDS1,CLE,AL,0,0,3,0,0,0,0,12,3,0,0,3,6,0.2,0.0,0.0,0.0,1.0,0.0,19.0,1.0,0,0.0,0.0,0.0
loaisjo01,2022,ALDS1,NYA,AL,0,0,4,0,0,0,0,15,6,0,0,0,3,0.3,0.0,0.0,0.0,0.0,0.0,20.0,0.0,0,0.0,0.0,1.0
mckentr01,2022,ALDS1,CLE,AL,0,0,1,1,0,0,0,15,4,4,2,1,5,0.211,7.2,0.0,0.0,0.0,0.0,20.0,0.0,4,0.0,0.0,0.0
morgael01,2022,ALDS1,CLE,AL,1,0,2,0,0,0,0,6,2,1,0,0,3,0.286,4.5,0.0,0.0,0.0,0.0,8.0,1.0,1,0.0,1.0,0.0
morrico01,2022,ALDS1,CLE,AL,0,0,1,0,0,0,0,6,0,0,0,0,3,0.0,0.0,0.0,0.0,0.0,0.0,6.0,0.0,0,0.0,0.0,0.0
peralwa01,2022,ALDS1,NYA,AL,0,0,5,0,0,0,1,18,4,2,0,0,7,0.19,3.0,0.0,0.0,0.0,0.0,21.0,2.0,2,0.0,0.0,1.0
plesaza01,2022,ALDS1,CLE,AL,0,0,1,0,0,0,0,3,0,0,0,0,2,0.0,0.0,0.0,0.0,0.0,0.0,3.0,1.0,0,0.0,0.0,0.0
quantca01,2022,ALDS1,CLE,AL,0,2,2,2,0,0,0,30,8,6,3,4,8,0.235,5.4,0.0,0.0,0.0,0.0,39.0,0.0,7,0.0,1.0,2.0
schmicl01,2022,ALDS1,NYA,AL,0,1,2,0,0,0,0,4,3,1,0,0,1,0.429,6.75,0.0,0.0,0.0,0.0,7.0,2.0,1,0.0,0.0,0.0
severlu01,2022,ALDS1,NYA,AL,0,0,1,1,0,0,0,17,8,3,0,0,6,0.32,4.76,0.0,0.0,0.0,0.0,25.0,0.0,3,0.0,0.0,0.0
stephtr01,2022,ALDS1,CLE,AL,0,0,3,0,0,0,0,14,0,1,0,1,9,0.0,1.93,0.0,0.0,0.0,0.0,15.0,0.0,1,0.0,0.0,0.0
taillja01,2022,ALDS1,NYA,AL,0,1,1,0,0,0,0,0,3,2,0,0,0,1.0,,0.0,0.0,0.0,0.0,3.0,0.0,2,0.0,0.0,0.0
trivilo01,2022,ALDS1,NYA,AL,0,0,2,0,0,0,0,3,1,0,0,1,2,0.25,0.0,0.0,0.0,0.0,0.0,5.0,0.0,0,0.0,0.0,0.0
abreubr01,2022,ALDS2,HOU,AL,0,0,3,0,0,0,0,10,1,0,0,1,6,0.091,0.0,0.0,0.0,0.0,0.0,12.0,0.0,0,0.0,0.0,0.0
boydma01,2022,ALDS2,SEA,AL,0,0,1,0,0,0,0,1,1,0,0,1,0,0.5,0.0,0.0,0.0,0.0,0.0,3.0,0.0,0,0.0,0.0,0.0
brashma01,2022,ALDS2,SEA,AL,0,0,2,0,0,0,0,7,0,0,0,0,3,0.0,0.0,0.0,2.0,0.0,0.0,7.0,0.0,0,0.0,0.0,0.0
brownhu01,2022,ALDS2,HOU,AL,0,0,2,0,0,0,0,9,2,0,0,1,1,0.222,0.0,0.0,0.0,0.0,0.0,10.0,0.0,0,0.0,0.0,1.0
castidi01,2022,ALDS2,SEA,AL,0,0,2,0,0,0,0,4,2,0,0,0,0,0.5,0.0,0.0,0.0,1.0,0.0,6.0,0.0,0,1.0,0.0,1.0
castilu02,2022,ALDS2,SEA,AL,0,1,1,1,0,0,0,21,5,3,2,0,7,0.192,3.86,0.0,0.0,0.0,0.0,26.0,0.0,3,0.0,0.0,0.0
festama01,2022,ALDS2,SEA,AL,0,0,1,0,0,0,0,6,0,0,0,0,2,0.0,0.0,0.0,0.0,0.0,0.0,6.0,0.0,0,0.0,0.0,0.0
garcilu05,2022,ALDS2,HOU,AL,1,0,1,0,0,0,0,15,2,0,0,0,6,0.118,0.0,0.0,1.0,0.0,0.0,17.0,1.0,0,0.0,0.0,0.0
gilbelo01,2022,ALDS2,SEA,AL,0,0,1,1,0,0,0,16,5,3,1,2,5,0.238,5.06,0.0,0.0,0.0,0.0,23.0,0.0,3,0.0,0.0,0.0
javiecr01,2022,ALDS2,HOU,AL,0,0,1,0,0,0,0,4,1,1,1,0,2,0.2,6.75,0.0,0.0,0.0,0.0,5.0,0.0,1,0.0,0.0,0.0
kirbyge01,2022,ALDS2,SEA,AL,0,0,1,1,0,0,0,21,6,0,0,0,5,0.231,0.0,0.0,0.0,2.0,0.0,28.0,0.0,0,0.0,0.0,0.0
mcculla02,2022,ALDS2,HOU,AL,0,0,1,1,0,0,0,18,2,0,0,2,7,0.1,0.0,0.0,0.0,0.0,0.0,22.0,0.0,0,0.0,0.0,0.0
montera01,2022,ALDS2,HOU,AL,1,0,3,0,0,0,0,10,1,0,0,2,3,0.091,0.0,0.0,0.0,0.0,0.0,13.0,1.0,0,0.0,0.0,0.0
munozan01,2022,ALDS2,SEA,AL,0,0,3,0,0,0,0,9,5,3,1,2,6,0.357,9.0,1.0,0.0,0.0,0.0,16.0,1.0,3,0.0,0.0,0.0
murfepe01,2022,ALDS2,SEA,AL,0,1,1,0,0,0,0,6,2,1,1,0,1,0.25,4.5,0.0,0.0,0.0,0.0,8.0,0.0,1,0.0,0.0,0.0
nerishe01,2022,ALDS2,HOU,AL,1,0,2,0,0,0,0,4,0,0,0,0,2,0.0,0.0,0.0,0.0,0.0,0.0,4.0,0.0,0,0.0,0.0,0.0
pressry01,2022,ALDS2,HOU,AL,0,0,2,0,0,0,1,6,2,0,0,1,2,0.286,0.0,0.0,0.0,1.0,0.0,9.0,1.0,0,0.0,0.0,0.0
rayro02,2022,ALDS2,SEA,AL,0,1,2,0,0,0,0,2,1,1,1,0,1,0.333,13.5,0.0,0.0,0.0,0.0,3.0,2.0,1,0.0,0.0,0.0
sewalpa01,2022,ALDS2,SEA,AL,0,0,2,0,0,0,0,8,1,2,0,0,5,0.111,6.75,0.0,0.0,2.0,0.0,11.0,0.0,2,0.0,0.0,0.0
stanery01,2022,ALDS2,HOU,AL,0,0,1,0,0,0,0,3,0,0,0,0,1,0.0,0.0,0.0,0.0,0.0,0.0,3.0,0.0,0,0.0,0.0,0.0
swanser01,2022,ALDS2,SEA,AL,0,0,1,0,0,0,0,3,0,0,0,0,1,0.0,0.0,0.0,0.0,0.0,0.0,3.0,0.0,0,0.0,0.0,0.0
valdefr01,2022,ALDS2,HOU,AL,0,0,1,1,0,0,0,17,4,2,0,3,6,0.19,3.18,0.0,0.0,0.0,0.0,24.0,0.0,2,0.0,0.0,0.0
verlaju01,2022,ALDS2,HOU,AL,0,0,1,1,0,0,0,12,10,6,1,1,3,0.5,13.5,0.0,0.0,0.0,0.0,21.0,0.0,6,0.0,0.0,1.0
adamja01,2022,ALWC1,TBA,AL,0,0,1,0,0,0,0,6,1,0,0,0,2,0.2,0.0,0.0,0.0,1.0,0.0,6.0,0.0,0,0.0,0.0,2.0
armstsh01,2022,ALWC1,TBA,AL,0,0,1,0,0,0,0,4,1,0,0,0,3,0.2,0.0,0.0,0.0,0.0,0.0,5.0,0.0,0,0.0,0.0,0.0
biebesh01,2022,ALWC1,CLE,AL,1,0,1,1,0,0,0,23,3,1,1,1,8,0.12,1.17,0.0,0.0,0.0,0.0,26.0,0.0,1,0.0,0.0,1.0
claseem01,2022,ALWC1,CLE,AL,0,0,2,0,0,0,1,7,0,0,0,0,2,0.0,0.0,0.0,0.0,0.0,0.0,7.0,1.0,0,0.0,0.0,0.0
cleavga01,2022,ALWC1,TBA,AL,0,0,2,0,0,0,0,7,1,0,0,0,6,0.125,0.0,0.0,0.0,0.0,0.0,8.0,1.0,0,0.0,0.0,0.0
delosen01,2022,ALWC1,CLE,AL,0,0,1,0,0,0,0,3,1,0,0,1,0,0.25,0.0,0.0,0.0,0.0,0.0,5.0,0.0,0,0.0,0.0,0.0
fairbpe01,2022,ALWC1,TBA,AL,0,0,1,0,0,0,0,0,0,0,0,2,0,,,0.0,0.0,0.0,0.0,2.0,0.0,0,0.0,0.0,0.0
glasnty01,2022,ALWC1,TBA,AL,0,0,1,1,0,0,0,15,2,0,0,0,5,0.118,0.0,0.0,0.0,0.0,0.0,17.0,0.0,0,0.0,0.0,0.0
hentgsa01,2022,ALWC1,CLE,AL,1,0,1,0,0,0,0,9,3,0,0,0,6,0.273,0.0,0.0,0.0,0.0,0.0,11.0,1.0,0,0.0,0.0,1.0
karinja01,2022,ALWC1,CLE,AL,0,0,1,0,0,0,0,3,0,0,0,1,0,0.0,0.0,0.0,0.0,0.0,0.0,3.0,0.0,0,0.0,0.0,0.0
klubeco01,2022,ALWC1,TBA,AL,0,1,1,0,0,0,0,5,1,1,1,0,1,0.167,5.4,0.0,0.0,0.0,0.0,6.0,1.0,1,0.0,0.0,0.0
mcclash01,2022,ALWC1,TBA,AL,0,1,1,1,0,0,0,21,7,2,1,0,5,0.259,2.57,0.0,0.0,0.0,0.0,27.0,0.0,2,0.0,0.0,1.0
mckentr01,2022,ALWC1,CLE,AL,0,0,1,1,0,0,0,18,2,0,0,2,8,0.1,0.0,0.0,0.0,0.0,0.0,22.0,0.0,0,0.0,0.0,0.0
morgael01,2022,ALWC1,CLE,AL,0,0,1,0,0,0,0,4,0,0,0,0,2,0.0,0.0,0.0,0.0,0.0,0.0,4.0,0.0,0,0.0,0.0,0.0
raleybr01,2022,ALWC1,TBA,AL,0,0,1,0,0,0,0,3,0,0,0,1,2,0.0,0.0,0.0,0.0,1.0,0.0,5.0,0.0,0,0.0,0.0,0.0
rasmudr01,2022,ALWC1,TBA,AL,0,0,1,0,0,0,0,5,0,0,0,0,2,0.0,0.0,0.0,0.0,0.0,0.0,5.0,0.0,0,0.0,0.0,0.0
sandlni01,2022,ALWC1,CLE,AL,0,0,1,0,0,0,0,2,0,0,0,1,1,0.0,0.0,0.0,0.0,0.0,0.0,3.0,0.0,0,0.0,0.0,0.0
stephtr01,2022,ALWC1,CLE,AL,0,0,1,0,0,0,0,3,0,0,0,0,2,0.0,0.0,0.0,0.0,0.0,0.0,3.0,0.0,0,0.0,0.0,0.0
bassan01,2022,ALWC2,TOR,AL,0,0,1,0,0,0,0,0,3,3,0,0,0,1.0,,0.0,0.0,0.0,0.0,3.0,0.0,3,0.0,0.0,0.0
brashma01,2022,ALWC2,SEA,AL,0,0,1,0,0,0,0,3,0,0,0,0,1,0.0,0.0,0.0,0.0,0.0,0.0,3.0,0.0,0,0.0,0.0,0.0
castidi01,2022,ALWC2,SEA,AL,0,0,1,0,0,0,0,1,0,0,0,0,0,0.0,0.0,0.0,0.0,1.0,0.0,2.0,0.0,0,0.0,0.0,0.0
castilu02,2022,ALWC2,SEA,AL,1,0,1,1,0,0,0,22,6,0,0,0,5,0.222,0.0,0.0,0.0,1.0,0.0,28.0,0.0,0,0.0,0.0,1.0
cimbead01,2022,ALWC2,TOR,AL,0,0,2,0,0,0,0,3,0,0,0,2,0,0.0,0.0,1.0,0.0,0.0,0.0,5.0,2.0,0,0.0,0.0,0.0
festama01,2022,ALWC2,SEA,AL,0,0,1,0,0,0,0,4,1,1,0,0,0,0.2,6.75,0.0,0.0,0.0,0.0,5.0,0.0,1,0.0,0.0,0.0
garciyi01,2022,ALWC2,TOR,AL,0,0,2,0,0,0,0,3,1,0,0,0,1,0.25,0.0,0.0,0.0,0.0,0.0,4.0,0.0,0,0.0,0.0,0.0
gausmke01,2022,ALWC2,TOR,AL,0,0,1,1,0,0,0,17,5,4,0,1,7,0.227,6.35,0.0,0.0,0.0,0.0,24.0,0.0,4,0.0,1.0,0.0
kirbyge01,2022,ALWC2,SEA,AL,0,0,1,0,0,0,1,3,0,0,0,1,1,0.0,0.0,0.0,0.0,0.0,0.0,4.0,1.0,0,0.0,0.0,0.0
manoaal01,2022,ALWC2,TOR,AL,0,1,1,1,0,0,0,17,4,4,1,1,4,0.19,6.35,0.0,0.0,2.0,0.0,24.0,0.0,4,0.0,0.0,0.0
mayzati01,2022,ALWC2,TOR,AL,0,0,2,0,0,0,0,5,1,1,1,0,2,0.167,5.4,0.0,1.0,0.0,0.0,6.0,0.0,1,0.0,0.0,0.0
munozan01,2022,ALWC2,SEA,AL,1,0,2,0,0,0,0,8,1,0,0,1,3,0.111,0.0,0.0,1.0,0.0,0.0,10.0,1.0,0,0.0,0.0,0.0
murfepe01,2022,ALWC2,SEA,AL,0,0,1,0,0,0,0,2,2,0,0,0,0,0.5,0.0,0.0,0.0,0.0,0.0,4.0,0.0,0,0.0,0.0,0.0
popza01,2022,ALWC2,TOR,AL,0,0,1,0,0,0,0,1,2,0,0,0,1,0.667,0.0,0.0,0.0,0.0,0.0,3.0,0.0,0,0.0,0.0,0.0
rayro02,2022,ALWC2,SEA,AL,0,0,1,1,0,0,0,9,6,4,2,0,4,0.429,12.0,0.0,0.0,0.0,0.0,14.0,0.0,4,0.0,0.0,1.0
richatr01,2022,ALWC2,TOR,AL,0,0,1,0,0,0,0,3,0,0,0,1,1,0.0,0.0,0.0,0.0,0.0,0.0,4.0,0.0,0,0.0,0.0,0.0
romanjo03,2022,ALWC2,TOR,AL,0,1,1,0,0,0,0,5,4,2,0,1,4,0.444,10.8,1.0,0.0,0.0,0.0,10.0,0.0,2,0.0,0.0,0.0
sewalpa01,2022,ALWC2,SEA,AL,0,0,1,0,0,0,0,2,3,4,0,2,1,0.75,54.0,1.0,0.0,1.0,0.0,8.0,0.0,4,0.0,1.0,0.0
alvarjo03,2022,NLCS,PHI,NL,1,0,3,0,0,0,1,9,3,0,0,2,4,0.231,0.0,0.0,0.0,0.0,0.0,15.0,1.0,0,0.0,0.0,0.0
bellaan01,2022,NLCS,PHI,NL,0,0,2,0,0,0,0,4,0,0,0,1,3,0.0,0.0,0.0,0.0,0.0,0.0,5.0,0.0,0,0.0,0.0,0.0
brogdco01,2022,NLCS,PHI,NL,0,0,2,0,0,0,0,10,1,0,0,0,4,0.091,0.0,0.0,0.0,0.0,0.0,11.0,0.0,0,0.0,0.0,0.0
clevimi01,2022,NLCS,SDN,NL,0,0,1,1,0,0,0,0,3,3,1,1,0,1.0,,0.0,0.0,0.0,0.0,4.0,0.0,3,0.0,0.0,0.0
darviyu01,2022,NLCS,SDN,NL,0,1,2,2,0,0,0,39,7,4,3,4,12,0.159,2.77,0.0,1.0,2.0,0.0,50.0,0.0,4,0.0,0.0,2.0
dominse01,2022,NLCS,PHI,NL,0,0,3,0,0,0,1,12,2,1,0,0,7,0.143,2.25,0.0,3.0,0.0,0.0,14.0,1.0,1,0.0,0.0,0.0
eflinza01,2022,NLCS,PHI,NL,0,0,2,0,0,0,0,6,2,0,0,0,1,0.286,0.0,0.0,0.0,0.0,0.0,7.0,1.0,0,0.0,0.0,1.0
falteba01,2022,NLCS,PHI,NL,0,0,1,1,0,0,0,2,3,4,1,1,0,0.6,54.0,0.0,0.0,0.0,0.0,6.0,0.0,4,0.0,0.0,0.0
garcilu03,2022,NLCS,SDN,NL,0,0,2,0,0,0,0,8,2,1,1,0,2,0.2,3.38,0.0,0.0,0.0,0.0,10.0,1.0,1,0.0,0.0,0.0
gibsoky01,2022,NLCS,PHI,NL,0,0,1,0,0,0,0,4,1,0,0,1,1,0.2,0.0,0.0,0.0,0.0,0.0,6.0,1.0,0,0.0,0.0,0.0
haderjo01,2022,NLCS,SDN,NL,0,0,1,0,0,0,1,3,0,0,0,0,3,0.0,0.0,0.0,0.0,0.0,0.0,3.0,1.0,0,0.0,0.0,0.0
handbr01,2022,NLCS,PHI,NL,1,0,2,0,0,0,0,3,3,3,1,1,0,0.5,27.0,0.0,0.0,1.0,0.0,8.0,0.0,3,0.0,0.0,0.0
hillti01,2022,NLCS,SDN,NL,0,0,1,0,0,0,0,3,1,0,0,0,0,0.25,0.0,0.0,0.0,0.0,0.0,4.0,0.0,0,0.0,0.0,0.0
johnspi01,2022,NLCS,SDN,NL,0,0,1,0,0,0,0,4,0,0,0,0,2,0.0,0.0,0.0,0.0,0.0,0.0,4.0,1.0,0,0.0,0.0,0.0
manaese01,2022,NLCS,SDN,NL,0,1,1,0,0,0,0,4,4,5,1,2,2,0.571,33.75,0.0,0.0,0.0,0.0,9.0,0.0,5,0.0,0.0,0.0
martini01,2022,NLCS,SDN,NL,0,0,3,0,0,0,0,18,1,0,0,0,8,0.053,0.0,0.0,0.0,0.0,0.0,19.0,0.0,0,0.0,0.0,0.0
morejad01,2022,NLCS,SDN,NL,0,0,1,0,0,0,0,3,1,0,0,0,1,0.25,0.0,0.0,0.0,0.0,0.0,4.0,1.0,0,0.0,0.0,0.0
musgrjo01,2022,NLCS,SDN,NL,0,1,1,1,0,0,0,17,8,4,1,2,5,0.364,6.35,0.0,0.0,0.0,0.0,24.0,0.0,4,0.0,0.0,2.0
nolaaa01,2022,NLCS,PHI,NL,0,1,1,1,0,0,0,14,7,6,2,0,6,0.333,11.57,0.0,0.0,0.0,0.0,21.0,0.0,6,0.0,0.0,0.0
roberda08,2022,NLCS,PHI,NL,0,0,3,0,0,0,0,8,4,1,1,2,4,0.333,3.38,0.0,0.0,0.0,0.0,14.0,0.0,1,0.0,0.0,0.0
snellbl01,2022,NLCS,SDN,NL,1,0,1,1,0,0,0,15,5,4,0,1,6,0.25,7.2,0.0,0.0,0.0,0.0,21.0,0.0,4,0.0,0.0,0.0
suarera01,2022,NLCS,PHI,NL,1,0,2,1,0,0,1,17,2,1,0,0,3,0.095,1.59,0.0,0.0,1.0,0.0,22.0,1.0,2,0.0,0.0,0.0
suarero01,2022,NLCS,SDN,NL,0,1,2,0,0,0,0,9,4,3,2,1,4,0.333,9.0,1.0,0.0,0.0,0.0,13.0,1.0,3,0.0,0.0,1.0
syndeno01,2022,NLCS,PHI,NL,0,0,1,0,0,0,0,4,2,0,0,0,0,0.333,0.0,0.0,0.0,0.0,0.0,6.0,0.0,0,0.0,0.0,0.0
wheelza01,2022,NLCS,PHI,NL,1,0,2,2,0,0,0,39,4,2,1,1,16,0.093,1.38,0.0,0.0,1.0,0.0,45.0,0.0,2,0.0,0.0,0.0
wilsost02,2022,NLCS,SDN,NL,0,0,1,0,0,0,0,3,1,1,1,0,0,0.25,9.0,0.0,0.0,0.0,0.0,4.0,0.0,1,0.0,0.0,0.0
alvarjo03,2022,NLDS1,PHI,NL,0,0,3,0,0,0,0,11,1,1,1,0,5,0.083,2.45,0.0,0.0,0.0,0.0,12.0,0.0,1,0.0,0.0,0.0
bellaan01,2022,NLDS1,PHI,NL,0,0,3,0,0,0,0,8,2,1,1,0,3,0.2,3.38,0.0,0.0,0.0,0.0,10.0,0.0,1,0.0,0.0,0.0
brogdco01,2022,NLDS1,PHI,NL,0,0,2,0,0,0,0,4,2,2,0,2,2,0.333,13.5,0.0,0.0,0.0,0.0,8.0,1.0,2,0.0,0.0,0.0
chaveje01,2022,NLDS1,ATL,NL,0,0,2,0,0,0,0,10,4,2,0,1,3,0.364,5.4,1.0,0.0,0.0,0.0,14.0,1.0,2,1.0,1.0,1.0
dominse01,2022,NLDS1,PHI,NL,1,0,2,0,0,0,0,9,0,0,0,0,6,0.0,0.0,0.0,0.0,0.0,0.0,9.0,1.0,0,0.0,0.0,0.0
eflinza01,2022,NLDS1,PHI,NL,0,0,2,0,0,0,0,7,3,3,1,0,4,0.3,11.57,0.0,0.0,0.0,0.0,10.0,1.0,3,0.0,0.0,0.0
friedma01,2022,NLDS1,ATL,NL,0,1,1,1,0,0,0,10,8,4,0,1,2,0.471,10.8,0.0,0.0,0.0,0.0,20.0,0.0,6,1.0,1.0,0.0
handbr01,2022,NLDS1,PHI,NL,1,0,3,0,0,0,0,8,2,0,0,0,3,0.2,0.0,0.0,0.0,0.0,0.0,10.0,0.0,0,0.0,0.0,0.0
iglesra01,2022,NLDS1,ATL,NL,0,0,2,0,0,0,0,4,4,1,0,1,1,0.5,6.75,0.0,0.0,0.0,0.0,9.0,0.0,1,0.0,0.0,0.0
janseke01,2022,NLDS1,ATL,NL,0,0,2,0,0,0,1,6,1,1,1,0,2,0.143,4.5,0.0,0.0,0.0,0.0,7.0,2.0,1,0.0,0.0,0.0
leedy01,2022,NLDS1,ATL,NL,0,0,3,0,0,0,0,8,4,1,1,0,2,0.333,3.38,0.0,0.0,0.0,0.0,12.0,0.0,1,0.0,0.0,0.0
mchugco01,2022,NLDS1,ATL,NL,0,0,2,0,0,0,0,10,3,1,1,1,4,0.231,2.7,1.0,0.0,0.0,0.0,14.0,0.0,1,0.0,0.0,0.0
minteaj01,2022,NLDS1,ATL,NL,0,0,2,0,0,0,0,8,1,2,0,0,4,0.111,6.75,0.0,0.0,1.0,0.0,10.0,0.0,2,0.0,0.0,0.0
mortoch02,2022,NLDS1,ATL,NL,0,1,1,1,0,0,0,6,4,3,1,1,3,0.4,13.5,0.0,0.0,0.0,0.0,11.0,0.0,3,0.0,0.0,0.0
nolaaa01,2022,NLDS1,PHI,NL,1,0,1,1,0,0,0,18,5,0,0,2,6,0.208,0.0,0.0,0.0,0.0,0.0,26.0,0.0,1,0.0,0.0,0.0
odorija01,2022,NLDS1,ATL,NL,0,0,1,0,0,0,0,9,1,2,0,3,2,0.111,6.0,0.0,0.0,1.0,0.0,13.0,0.0,2,0.0,0.0,1.0
stephja01,2022,NLDS1,ATL,NL,0,0,1,0,0,0,0,6,1,0,0,0,2,0.143,0.0,0.0,0.0,0.0,0.0,7.0,1.0,0,0.0,0.0,0.0
stridsp01,2022,NLDS1,ATL,NL,0,1,1,1,0,0,0,7,3,5,1,2,4,0.3,19.29,1.0,0.0,0.0,0.0,12.0,0.0,5,0.0,0.0,0.0
suarera01,2022,NLDS1,PHI,NL,0,0,1,1,0,0,0,10,3,1,1,5,5,0.25,2.7,0.0,0.0,0.0,0.0,17.0,0.0,1,0.0,0.0,1.0
syndeno01,2022,NLDS1,PHI,NL,0,0,2,1,0,0,0,12,1,1,1,1,4,0.077,2.25,0.0,0.0,0.0,0.0,14.0,1.0,1,0.0,0.0,0.0
wheelza01,2022,NLDS1,PHI,NL,0,1,1,1,0,0,0,18,4,3,0,1,5,0.182,4.5,0.0,0.0,1.0,0.0,24.0,0.0,3,0.0,0.0,0.0
wrighky01,2022,NLDS1,ATL,NL,1,0,1,1,0,0,0,18,2,0,0,1,6,0.1,0.0,0.0,0.0,0.0,0.0,21.0,0.0,0,0.0,0.0,0.0
almonye01,2022,NLDS2,LAN,NL,0,1,3,0,0,0,0,7,2,2,0,0,6,0.222,7.71,0.0,0.0,0.0,0.0,9.0,0.0,2,0.0,0.0,0.0
anderty01,2022,NLDS2,LAN,NL,0,0,1,1,0,0,0,15,2,0,0,2,6,0.118,0.0,0.0,0.0,0.0,0.0,19.0,0.0,0,0.0,0.0,0.0
clevimi01,2022,NLDS2,SDN,NL,0,1,1,1,0,0,0,8,6,4,1,2,3,0.429,13.5,0.0,0.0,0.0,0.0,16.0,0.0,5,0.0,0.0,0.0
darviyu01,2022,NLDS2,SDN,NL,1,0,1,1,0,0,0,15,7,3,3,2,7,0.333,5.4,0.0,0.0,0.0,0.0,23.0,0.0,3,0.0,0.0,0.0
garcilu03,2022,NLDS2,SDN,NL,0,0,1,0,0,0,0,3,0,0,0,0,2,0.0,0.0,0.0,0.0,0.0,0.0,3.0,0.0,0,0.0,0.0,0.0
gonsoto01,2022,NLDS2,LAN,NL,0,1,1,1,0,0,0,4,4,1,0,1,1,0.5,6.75,0.0,1.0,0.0,0.0,9.0,0.0,1,0.0,0.0,0.0
gratebr01,2022,NLDS2,LAN,NL,0,1,2,0,0,0,0,4,2,0,0,0,0,0.286,0.0,0.0,0.0,0.0,0.0,7.0,0.0,1,0.0,0.0,0.0
haderjo01,2022,NLDS2,SDN,NL,0,0,3,0,0,0,3,10,1,0,0,1,6,0.091,0.0,0.0,0.0,0.0,0.0,12.0,3.0,0,0.0,0.0,0.0
heanean01,2022,NLDS2,LAN,NL,0,0,1,0,0,0,0,9,3,1,1,2,4,0.25,3.0,0.0,0.0,0.0,0.0,14.0,0.0,1,0.0,0.0,0.0
hillti01,2022,NLDS2,SDN,NL,1,0,2,0,0,0,0,5,0,0,0,0,2,0.0,0.0,0.0,0.0,0.0,0.0,5.0,0.0,0,0.0,0.0,0.0
johnspi01,2022,NLDS2,SDN,NL,0,0,1,0,0,0,0,6,0,0,0,0,2,0.0,0.0,0.0,0.0,0.0,0.0,6.0,0.0,0,0.0,0.0,0.0
kahnlto01,2022,NLDS2,LAN,NL,0,0,3,0,0,0,0,6,2,3,0,1,4,0.25,13.5,0.0,0.0,0.0,0.0,9.0,2.0,3,0.0,0.0,0.0
kershcl01,2022,NLDS2,LAN,NL,0,0,1,1,0,0,0,15,6,3,1,0,6,0.286,5.4,0.0,1.0,0.0,0.0,21.0,0.0,3,0.0,0.0,0.0
martich02,2022,NLDS2,LAN,NL,0,0,2,0,0,0,1,6,3,0,0,0,1,0.333,0.0,0.0,0.0,0.0,0.0,9.0,1.0,0,0.0,0.0,0.0
martini01,2022,NLDS2,SDN,NL,0,0,3,0,0,0,0,7,1,0,0,0,3,0.125,0.0,0.0,0.0,0.0,0.0,8.0,1.0,0,0.0,0.0,0.0
musgrjo01,2022,NLDS2,SDN,NL,0,0,1,1,0,0,0,18,6,2,0,3,8,0.25,3.0,0.0,0.0,0.0,0.0,27.0,0.0,2,0.0,0.0,0.0
phillev01,2022,NLDS2,LAN,NL,0,0,3,0,0,0,0,10,1,0,0,1,6,0.1,0.0,0.0,0.0,0.0,0.0,11.0,1.0,0,0.0,0.0,1.0
snellbl01,2022,NLDS2,SDN,NL,1,0,1,1,0,0,0,16,5,1,0,2,6,0.25,1.69,0.0,1.0,0.0,0.0,23.0,0.0,1,0.0,1.0,0.0
suarero01,2022,NLDS2,SDN,NL,0,0,3,0,0,0,0,12,3,0,0,1,3,0.214,0.0,1.0,0.0,0.0,0.0,15.0,0.0,0,0.0,0.0,1.0
treinbl01,2022,NLDS2,LAN,NL,0,0,1,0,0,0,0,3,1,1,1,2,1,0.2,9.0,1.0,0.0,0.0,0.0,7.0,0.0,1,0.0,0.0,0.0
uriasju01,2022,NLDS2,LAN,NL,1,0,1,1,0,0,0,15,4,3,1,0,6,0.222,5.4,0.0,0.0,0.0,0.0,19.0,0.0,3,0.0,1.0,0.0
vesiaal01,2022,NLDS2,LAN,NL,0,0,3,0,0,0,0,8,2,0,0,3,4,0.2,0.0,0.0,0.0,0.0,0.0,13.0,0.0,0,0.0,0.0,0.0
wilsost02,2022,NLDS2,SDN,NL,0,0,2,0,0,0,0,5,1,1,0,3,2,0.167,5.4,0.0,1.0,1.0,0.0,11.0,0.0,1,0.0,1.0,0.0
bassich01,2022,NLWC1,NYN,NL,0,1,1,1,0,0,0,12,3,3,0,3,2,0.2,6.75,0.0,0.0,0.0,0.0,18.0,0.0,3,0.0,0.0,0.0
darviyu01,2022,NLWC1,SDN,NL,1,0,1,1,0,0,0,21,6,1,1,0,4,0.222,1.29,0.0,0.0,1.0,0.0,28.0,0.0,1,0.0,0.0,0.0
degroja01,2022,NLWC1,NYN,NL,1,0,1,1,0,0,0,18,5,2,1,2,8,0.227,3.0,0.0,0.0,0.0,0.0,25.0,0.0,2,1.0,0.0,0.0
diazed04,2022,NLWC1,NYN,NL,0,0,2,0,0,0,0,8,2,0,0,1,2,0.25,0.0,0.0,0.0,0.0,0.0,10.0,0.0,0,1.0,0.0,0.0
garcilu03,2022,NLWC1,SDN,NL,0,0,1,0,0,0,0,3,1,0,0,1,1,0.25,0.0,0.0,1.0,0.0,0.0,5.0,1.0,0,0.0,0.0,0.0
givenmy01,2022,NLWC1,NYN,NL,0,0,2,0,0,0,0,4,2,2,0,1,3,0.333,13.5,0.0,0.0,0.0,0.0,7.0,1.0,2,0.0,0.0,0.0
haderjo01,2022,NLWC1,SDN,NL,0,0,1,0,0,0,0,3,0,0,0,0,1,0.0,0.0,0.0,0.0,0.0,0.0,3.0,1.0,0,0.0,0.0,0.0
johnspi01,2022,NLWC1,SDN,NL,0,0,1,0,0,0,0,3,2,0,0,0,2,0.5,0.0,0.0,0.0,0.0,0.0,5.0,0.0,0,0.0,1.0,0.0
lugose01,2022,NLWC1,NYN,NL,0,0,3,0,0,0,1,6,2,0,0,1,3,0.25,0.0,0.0,0.0,0.0,0.0,9.0,1.0,0,0.0,0.0,0.0
martini01,2022,NLWC1,SDN,NL,0,1,1,0,0,0,0,8,1,1,1,1,0,0.125,3.38,0.0,0.0,1.0,0.0,10.0,0.0,1,0.0,0.0,1.0
maytr01,2022,NLWC1,NYN,NL,0,0,2,0,0,0,0,7,0,0,0,1,4,0.0,0.0,0.0,0.0,0.0,0.0,7.0,1.0,0,0.0,0.0,0.0
morejad01,2022,NLWC1,SDN,NL,0,0,1,0,0,0,0,0,2,4,0,2,0,1.0,,0.0,1.0,0.0,0.0,4.0,0.0,4,0.0,0.0,0.0
musgrjo01,2022,NLWC1,SDN,NL,1,0,1,1,0,0,0,21,1,0,0,1,5,0.045,0.0,0.0,0.0,0.0,0.0,23.0,0.0,0,0.0,0.0,0.0
ottavad01,2022,NLWC1,NYN,NL,0,0,1,0,0,0,0,3,0,1,0,3,2,0.0,9.0,0.0,0.0,1.0,0.0,7.0,0.0,1,0.0,0.0,0.0
peterda01,2022,NLWC1,NYN,NL,0,0,2,0,0,0,0,6,2,1,0,0,2,0.286,4.5,0.0,0.0,0.0,0.0,8.0,0.0,1,1.0,0.0,0.0
scherma01,2022,NLWC1,NYN,NL,0,1,1,1,0,0,0,14,7,7,4,0,4,0.333,13.5,0.0,0.0,0.0,0.0,21.0,0.0,7,0.0,0.0,0.0
smithdr01,2022,NLWC1,NYN,NL,0,0,1,0,0,0,0,3,1,0,0,0,1,0.25,0.0,0.0,0.0,1.0,0.0,5.0,0.0,0,0.0,0.0,0.0
snellbl01,2022,NLWC1,SDN,NL,0,0,1,1,0,0,0,10,4,2,1,6,5,0.308,5.4,0.0,0.0,0.0,0.0,19.0,0.0,2,0.0,0.0,1.0
suarero01,2022,NLWC1,SDN,NL,0,0,2,0,0,0,0,6,0,0,0,0,2,0.0,0.0,0.0,0.0,0.0,0.0,6.0,0.0,0,0.0,0.0,0.0
wilsost02,2022,NLWC1,SDN,NL,0,0,1,0,0,0,0,3,0,0,0,0,2,0.0,0.0,0.0,0.0,0.0,0.0,3.0,1.0,0,0.0,0.0,0.0
alvarjo03,2022,NLWC2,PHI,NL,0,0,2,0,0,0,0,4,1,2,1,2,0,0.2,13.5,0.0,0.0,0.0,0.0,7.0,0.0,2,0.0,0.0,0.0
dominse01,2022,NLWC2,PHI,NL,0,0,1,0,0,0,0,2,1,0,0,0,2,0.333,0.0,0.0,0.0,0.0,0.0,3.0,0.0,0,0.0,0.0,0.0
eflinza01,2022,NLWC2,PHI,NL,0,0,2,0,0,0,1,6,4,1,0,1,1,0.4,4.5,0.0,0.0,0.0,0.0,11.0,2.0,1,0.0,0.0,0.0
gallegi01,2022,NLWC2,SLN,NL,0,0,2,0,0,0,0,7,0,0,0,1,1,0.0,0.0,0.0,0.0,0.0,0.0,8.0,0.0,0,0.0,0.0,0.0
helslry01,2022,NLWC2,SLN,NL,0,1,1,0,0,0,0,3,1,4,0,2,2,0.25,36.0,0.0,0.0,1.0,0.0,7.0,0.0,4,0.0,0.0,0.0
hicksjo03,2022,NLWC2,SLN,NL,0,0,2,0,0,0,0,5,0,0,0,1,1,0.0,0.0,0.0,0.0,0.0,0.0,5.0,1.0,0,0.0,0.0,1.0
mikolmi01,2022,NLWC2,SLN,NL,0,1,1,1,0,0,0,13,2,2,1,1,3,0.143,4.15,0.0,0.0,1.0,0.0,17.0,0.0,2,1.0,0.0,0.0
montgjo01,2022,NLWC2,SLN,NL,0,0,1,0,0,0,0,8,2,0,0,3,3,0.333,0.0,1.0,0.0,0.0,0.0,11.0,0.0,0,1.0,1.0,0.0
nolaaa01,2022,NLWC2,PHI,NL,1,0,1,1,0,0,0,20,4,0,0,1,6,0.167,0.0,0.0,0.0,0.0,0.0,25.0,0.0,0,0.0,0.0,0.0
pallaan01,2022,NLWC2,SLN,NL,0,0,1,0,0,0,0,2,2,2,0,0,1,0.5,27.0,0.0,0.0,0.0,0.0,5.0,1.0,2,0.0,1.0,0.0
quintjo01,2022,NLWC2,SLN,NL,0,0,1,1,0,0,0,16,2,0,0,1,3,0.111,0.0,0.0,0.0,0.0,0.0,19.0,0.0,0,0.0,0.0,0.0
roberda08,2022,NLWC2,PHI,NL,1,0,1,0,0,0,0,3,0,0,0,0,2,0.0,0.0,0.0,0.0,0.0,0.0,3.0,0.0,0,0.0,0.0,0.0
wheelza01,2022,NLWC2,PHI,NL,0,0,1,1,0,0,0,19,2,0,0,1,4,0.1,0.0,0.0,0.0,1.0,0.0,22.0,0.0,0,0.0,0.0,1.0
abreubr01,2022,WS,HOU,AL,0,0,4,0,0,0,0,15,1,0,0,2,9,0.062,0.0,0.0,0.0,1.0,0.0,19.0,0.0,0,0.0,0.0,0.0
alvarjo03,2022,WS,PHI,NL,0,0,4,0,0,0,0,10,4,4,1,1,5,0.308,10.8,0.0,1.0,2.0,0.0,17.0,0.0,4,0.0,1.0,0.0
bellaan01,2022,WS,PHI,NL,0,0,3,0,0,0,0,9,0,0,0,0,3,0.0,0.0,0.0,0.0,0.0,0.0,9.0,1.0,0,0.0,0.0,0.0
brogdco01,2022,WS,PHI,NL,0,0,3,0,0,0,0,12,3,0,0,0,7,0.214,0.0,0.0,0.0,0.0,0.0,14.0,0.0,0,0.0,0.0,0.0
dominse01,2022,WS,PHI,NL,1,0,3,0,0,0,0,9,4,1,0,1,3,0.308,3.0,0.0,1.0,0.0,0.0,14.0,0.0,1,0.0,0.0,0.0
eflinza01,2022,WS,PHI,NL,0,0,4,0,0,0,0,13,4,0,0,1,6,0.25,0.0,0.0,0.0,0.0,0.0,17.0,1.0,0,0.0,0.0,1.0
garcilu05,2022,WS,HOU,AL,0,1,1,0,0,0,0,2,2,1,1,0,0,0.5,13.5,0.0,0.0,0.0,0.0,4.0,0.0,1,0.0,0.0,0.0
gibsoky01,2022,WS,PHI,NL,0,0,1,0,0,0,0,3,1,0,0,0,1,0.25,0.0,0.0,0.0,0.0,0.0,4.0,0.0,0,0.0,0.0,0.0
handbr01,2022,WS,PHI,NL,0,0,2,0,0,0,0,6,1,0,0,0,1,0.143,0.0,0.0,0.0,0.0,0.0,7.0,2.0,0,0.0,0.0,0.0
javiecr01,2022,WS,HOU,AL,1,0,1,1,0,0,0,18,0,0,0,2,9,0.0,0.0,0.0,0.0,0.0,0.0,20.0,0.0,0,0.0,0.0,0.0
mcculla02,2022,WS,HOU,AL,0,1,1,1,0,0,0,13,6,7,5,1,5,0.316,14.54,0.0,0.0,0.0,0.0,20.0,0.0,7,0.0,0.0,0.0
montera01,2022,WS,HOU,AL,0,0,4,0,0,0,0,12,2,1,0,3,4,0.154,2.25,0.0,0.0,0.0,0.0,17.0,0.0,1,0.0,1.0,0.0
nelsoni01,2022,WS,PHI,NL,0,0,1,0,0,0,0,3,0,0,0,2,0,0.0,0.0,0.0,0.0,0.0,0.0,5.0,0.0,0,0.0,0.0,0.0
nerishe01,2022,WS,HOU,AL,0,0,3,0,0,0,0,6,1,0,0,0,4,0.143,0.0,0.0,0.0,0.0,0.0,7.0,0.0,0,0.0,0.0,0.0
nolaaa01,2022,WS,PHI,NL,0,1,2,2,0,0,0,25,13,8,2,2,9,0.351,8.64,0.0,0.0,1.0,0.0,40.0,0.0,8,0.0,0.0,1.0
pressry01,2022,WS,HOU,AL,0,0,5,0,0,0,2,17,2,0,0,1,5,0.1,0.0,0.0,0.0,1.0,0.0,22.0,4.0,1,0.0,0.0,0.0
roberda08,2022,WS,PHI,NL,0,0,4,0,0,0,1,12,2,0,0,3,5,0.154,0.0,0.0,1.0,0.0,0.0,16.0,2.0,0,0.0,0.0,0.0
stanery01,2022,WS,HOU,AL,0,0,2,0,0,0,0,3,0,0,0,1,2,0.0,0.0,0.0,0.0,0.0,0.0,4.0,1.0,0,0.0,0.0,0.0
suarera01,2022,WS,PHI,NL,1,0,2,1,0,0,0,17,4,0,0,1,5,0.19,0.0,0.0,0.0,0.0,0.0,22.0,0.0,0,0.0,0.0,0.0
syndeno01,2022,WS,PHI,NL,0,1,1,1,0,0,0,9,3,2,1,0,4,0.273,6.0,0.0,0.0,0.0,0.0,11.0,0.0,2,0.0,0.0,0.0
urquijo01,2022,WS,HOU,AL,0,0,1,0,0,0,0,9,1,0,0,1,4,0.1,0.0,0.0,1.0,0.0,0.0,11.0,1.0,0,0.0,0.0,0.0
valdefr01,2022,WS,HOU,AL,2,0,2,2,0,0,0,37,6,2,1,5,18,0.15,1.46,0.0,0.0,1.0,0.0,46.0,0.0,2,0.0,0.0,3.0
verlaju01,2022,WS,HOU,AL,1,0,2,2,0,0,0,30,10,6,1,6,11,0.25,5.4,0.0,0.0,0.0,0.0,46.0,0.0,6,0.0,0.0,0.0
wheelza01,2022,WS,PHI,NL,0,2,2,2,0,0,0,31,9,6,1,4,8,0.231,5.23,0.0,0.0,1.0,0.0,44.0,0.0,7,0.0,0.0,2.0
abreubr01,2023,ALCS,HOU,AL,0,0,4,0,0,0,0,12,3,3,1,0,7,0.2,6.75,0.0,0.0,1.0,0.0,16.0,1.0,3,0.0,0.0,0.0
brownhu01,2023,ALCS,HOU,AL,0,0,1,0,0,0,0,6,2,1,1,0,2,0.25,4.5,0.0,0.0,0.0,0.0,8.0,0.0,1,0.0,0.0,0.0
chapmar01,2023,ALCS,TEX,AL,0,0,3,0,0,0,0,9,3,1,1,0,0,0.273,3.0,0.0,0.0,1.0,0.0,12.0,0.0,1,0.0,0.0,0.0
eovalna01,2023,ALCS,TEX,AL,2,0,2,2,0,0,0,37,10,5,2,4,13,0.213,3.65,1.0,0.0,1.0,0.0,53.0,0.0,5,0.0,1.0,0.0
francjp01,2023,ALCS,HOU,AL,0,0,2,0,0,0,0,9,6,4,0,2,2,0.429,12.0,0.0,0.0,0.0,0.0,16.0,0.0,4,0.0,0.0,0.0
heanean01,2023,ALCS,TEX,AL,0,0,1,0,0,0,0,3,0,0,0,0,0,0.0,0.0,0.0,0.0,0.0,0.0,3.0,1.0,0,0.0,0.0,0.0
javiecr01,2023,ALCS,HOU,AL,0,1,1,1,0,0,0,1,4,3,1,1,0,0.8,81.0,0.0,0.0,0.0,0.0,6.0,0.0,3,0.0,0.0,0.0
leclejo01,2023,ALCS,TEX,AL,0,0,4,0,0,0,2,12,2,1,1,4,3,0.143,2.25,0.0,0.0,0.0,0.0,18.0,3.0,1,0.0,0.0,0.0
matonph01,2023,ALCS,HOU,AL,0,0,3,0,0,0,0,7,0,0,0,0,3,0.0,0.0,0.0,0.0,0.0,0.0,7.0,0.0,0,0.0,0.0,0.0
montera01,2023,ALCS,HOU,AL,0,0,2,0,0,0,0,4,1,2,0,1,2,0.167,13.5,0.0,0.0,0.0,0.0,7.0,0.0,3,0.0,0.0,0.0
montgjo01,2023,ALCS,TEX,AL,2,0,2,1,0,0,0,26,8,0,0,1,7,0.235,0.0,0.0,0.0,0.0,0.0,35.0,0.0,0,0.0,0.0,0.0
nerishe01,2023,ALCS,HOU,AL,0,0,3,0,0,0,0,11,1,0,0,3,2,0.083,0.0,0.0,0.0,0.0,0.0,15.0,0.0,0,0.0,0.0,0.0
pressry01,2023,ALCS,HOU,AL,0,0,1,0,0,0,0,3,0,0,0,1,1,0.0,0.0,0.0,1.0,0.0,0.0,4.0,1.0,0,0.0,0.0,0.0
sborzjo01,2023,ALCS,TEX,AL,0,0,4,0,0,0,0,13,2,1,0,2,2,0.143,2.08,0.0,0.0,0.0,0.0,16.0,0.0,1,0.0,0.0,1.0
scherma01,2023,ALCS,TEX,AL,0,0,1,1,0,0,0,8,4,2,1,2,2,0.364,6.75,1.0,0.0,0.0,0.0,13.0,0.0,2,0.0,0.0,1.0
stanery01,2023,ALCS,HOU,AL,0,0,2,0,0,0,0,6,2,2,1,0,1,0.25,9.0,0.0,0.0,1.0,0.0,9.0,2.0,2,0.0,0.0,0.0
urquijo01,2023,ALCS,HOU,AL,0,0,1,0,0,0,0,6,2,1,1,0,1,0.25,4.5,0.0,0.0,0.0,0.0,8.0,0.0,1,0.0,0.0,0.0
valdefr01,2023,ALCS,HOU,AL,0,2,2,2,0,0,0,23,12,7,3,3,12,0.343,8.22,0.0,0.0,1.0,0.0,39.0,0.0,8,0.0,0.0,1.0
verlaju01,2023,ALCS,HOU,AL,0,1,1,1,0,0,0,20,6,2,1,2,5,0.24,2.7,0.0,0.0,0.0,0.0,27.0,0.0,2,0.0,0.0,1.0
bakerbr01,2023,ALDS1,BAL,AL,0,0,1,0,0,0,0,1,0,3,0,3,0,0.0,81.0,0.0,0.0,0.0,0.0,4.0,0.0,3,0.0,0.0,0.0
bradfco01,2023,ALDS1,TEX,AL,1,0,1,0,0,0,0,11,3,0,0,0,4,0.214,0.0,0.0,0.0,0.0,0.0,14.0,0.0,0,0.0,0.0,0.0
bradiky01,2023,ALDS1,BAL,AL,0,1,1,1,0,0,0,14,7,2,0,1,9,0.333,3.86,0.0,0.0,0.0,0.0,22.0,0.0,2,0.0,0.0,0.0
burkebr01,2023,ALDS1,TEX,AL,0,0,1,0,0,0,0,1,1,2,0,1,0,0.5,54.0,0.0,0.0,0.0,0.0,3.0,0.0,2,0.0,0.0,0.0
canoye01,2023,ALDS1,BAL,AL,0,0,2,0,0,0,0,4,2,1,0,1,0,0.333,6.75,0.0,0.0,0.0,0.0,7.0,2.0,1,0.0,0.0,0.0
chapmar01,2023,ALDS1,TEX,AL,0,0,2,0,0,0,0,5,1,0,0,4,2,0.2,0.0,0.0,1.0,0.0,0.0,9.0,0.0,0,0.0,0.0,1.0
couloda01,2023,ALDS1,BAL,AL,0,0,2,0,0,0,0,3,0,0,0,1,1,0.0,0.0,0.0,0.0,0.0,0.0,4.0,0.0,0,0.0,0.0,0.0
dunnida01,2023,ALDS1,TEX,AL,1,0,1,0,0,0,0,6,2,1,1,1,1,0.286,4.5,0.0,0.0,0.0,0.0,8.0,0.0,1,0.0,0.0,1.0
eovalna01,2023,ALDS1,TEX,AL,1,0,1,1,0,0,0,21,5,1,0,0,7,0.192,1.29,0.0,0.0,0.0,0.0,26.0,0.0,1,0.0,0.0,0.0
flaheja01,2023,ALDS1,BAL,AL,0,0,1,0,0,0,0,6,2,1,0,3,1,0.286,4.5,0.0,0.0,0.0,0.0,10.0,0.0,1,0.0,0.0,1.0
gibsoky01,2023,ALDS1,BAL,AL,0,0,1,0,0,0,0,9,1,1,1,1,1,0.111,3.0,0.0,0.0,0.0,0.0,10.0,0.0,1,0.0,0.0,1.0
halldl01,2023,ALDS1,BAL,AL,0,0,2,0,0,0,0,10,1,0,0,1,6,0.091,0.0,0.0,0.0,0.0,0.0,12.0,0.0,0,0.0,0.0,0.0
heanean01,2023,ALDS1,TEX,AL,0,0,1,1,0,0,0,11,2,1,0,1,1,0.154,2.45,0.0,0.0,0.0,0.0,14.0,0.0,1,0.0,0.0,0.0
kremede01,2023,ALDS1,BAL,AL,0,1,1,1,0,0,0,5,7,6,2,1,0,0.583,32.4,1.0,0.0,0.0,0.0,13.0,0.0,6,0.0,0.0,0.0
leclejo01,2023,ALDS1,TEX,AL,0,0,3,0,0,0,1,9,2,1,1,0,3,0.2,3.0,0.0,0.0,0.0,0.0,10.0,3.0,1,0.0,0.0,0.0
montgjo01,2023,ALDS1,TEX,AL,0,0,1,1,0,0,0,12,9,4,1,1,2,0.429,9.0,0.0,1.0,0.0,0.0,23.0,0.0,5,0.0,1.0,0.0
perezci01,2023,ALDS1,BAL,AL,0,0,2,0,0,0,0,5,1,0,0,1,4,0.167,0.0,0.0,0.0,0.0,0.0,7.0,1.0,0,0.0,0.0,0.0
rodrigr01,2023,ALDS1,BAL,AL,0,1,1,1,0,0,0,5,6,5,0,4,2,0.545,27.0,0.0,0.0,0.0,0.0,15.0,0.0,5,0.0,0.0,0.0
sborzjo01,2023,ALDS1,TEX,AL,0,0,2,0,0,0,0,4,0,0,0,1,2,0.0,0.0,0.0,0.0,0.0,0.0,5.0,0.0,0,0.0,0.0,0.0
smithwi04,2023,ALDS1,TEX,AL,0,0,1,0,0,0,0,1,0,0,0,0,1,0.0,0.0,0.0,0.0,0.0,0.0,1.0,0.0,0,0.0,0.0,0.0
webbja01,2023,ALDS1,BAL,AL,0,0,2,0,0,0,0,6,2,2,2,1,1,0.25,9.0,0.0,0.0,0.0,0.0,9.0,0.0,2,0.0,0.0,0.0
wellsty01,2023,ALDS1,BAL,AL,0,0,3,0,0,0,0,10,1,0,0,0,3,0.091,0.0,0.0,0.0,0.0,0.0,11.0,0.0,0,0.0,0.0,0.0
abreubr01,2023,ALDS2,HOU,AL,0,0,1,0,0,0,0,4,2,0,0,0,3,0.333,0.0,0.0,1.0,0.0,0.0,6.0,0.0,0,0.0,0.0,0.0
brownhu01,2023,ALDS2,HOU,AL,0,0,1,0,0,0,0,3,0,0,0,0,2,0.0,0.0,0.0,0.0,0.0,0.0,3.0,1.0,0,0.0,0.0,0.0
duranjh01,2023,ALDS2,MIN,AL,0,0,1,0,0,0,0,3,0,0,0,0,0,0.0,0.0,0.0,0.0,0.0,0.0,3.0,1.0,0,0.0,0.0,0.0
lopezpa01,2023,ALDS2,MIN,AL,1,0,1,1,0,0,0,21,6,0,0,1,7,0.231,0.0,0.0,1.0,0.0,0.0,27.0,0.0,0,0.0,0.0,1.0
maedake01,2023,ALDS2,MIN,AL,0,0,1,0,0,0,0,6,4,2,0,2,2,0.444,9.0,0.0,1.0,0.0,0.0,11.0,0.0,2,0.0,0.0,0.0
matonph01,2023,ALDS2,HOU,AL,0,0,1,0,0,0,0,2,0,0,0,1,1,0.0,0.0,0.0,0.0,0.0,0.0,3.0,0.0,0,0.0,0.0,0.0
montera01,2023,ALDS2,HOU,AL,0,0,1,0,0,0,0,5,1,0,0,0,3,0.2,0.0,0.0,0.0,1.0,0.0,6.0,0.0,0,0.0,0.0,0.0
nerishe01,2023,ALDS2,HOU,AL,0,0,1,0,0,0,0,2,3,4,2,0,2,0.6,54.0,0.0,0.0,1.0,0.0,6.0,0.0,4,0.0,0.0,0.0
oberba01,2023,ALDS2,MIN,AL,0,1,1,1,0,0,0,9,4,3,2,0,2,0.308,9.0,0.0,0.0,1.0,0.0,14.0,0.0,3,0.0,0.0,0.0
paddach01,2023,ALDS2,MIN,AL,0,0,1,0,0,0,0,4,0,0,0,0,2,0.0,0.0,0.0,0.0,0.0,0.0,4.0,0.0,0,0.0,0.0,0.0
paganem01,2023,ALDS2,MIN,AL,0,0,1,0,0,0,0,3,0,0,0,1,0,0.0,0.0,0.0,0.0,0.0,0.0,4.0,1.0,0,0.0,0.0,0.0
pressry01,2023,ALDS2,HOU,AL,0,0,1,0,0,0,1,3,0,0,0,0,2,0.0,0.0,0.0,0.0,0.0,0.0,3.0,1.0,0,0.0,0.0,0.0
stanery01,2023,ALDS2,HOU,AL,0,0,1,0,0,0,0,4,2,1,0,0,0,0.333,6.75,0.0,0.0,0.0,0.0,6.0,0.0,1,0.0,0.0,0.0
stewabr01,2023,ALDS2,MIN,AL,0,0,1,0,0,0,0,3,1,2,1,1,1,0.25,18.0,0.0,0.0,0.0,0.0,5.0,0.0,2,0.0,0.0,0.0
thielca01,2023,ALDS2,MIN,AL,0,0,1,0,0,0,0,2,1,1,1,1,1,0.5,13.5,0.0,0.0,0.0,0.0,3.0,0.0,1,0.0,0.0,0.0
valdefr01,2023,ALDS2,HOU,AL,0,1,1,1,0,0,0,13,7,5,1,3,5,0.389,10.38,0.0,0.0,0.0,0.0,22.0,0.0,5,1.0,0.0,1.0
verlaju01,2023,ALDS2,HOU,AL,1,0,1,1,0,0,0,18,4,0,0,3,6,0.2,0.0,0.0,0.0,1.0,0.0,24.0,0.0,0,0.0,0.0,2.0
armstsh01,2023,ALWC1,TBA,AL,0,0,1,0,0,0,0,3,1,0,0,0,1,0.25,0.0,0.0,0.0,0.0,0.0,4.0,0.0,0,0.0,0.0,0.0
chapmar01,2023,ALWC1,TEX,AL,0,0,1,0,0,0,0,3,0,0,0,0,1,0.0,0.0,0.0,0.0,0.0,0.0,3.0,0.0,0,0.0,0.0,0.0
devench02,2023,ALWC1,TBA,AL,0,0,1,0,0,0,0,6,1,0,0,0,0,0.143,0.0,0.0,0.0,0.0,0.0,7.0,0.0,0,0.0,0.0,0.0
diekmja01,2023,ALWC1,TBA,AL,0,0,1,0,0,0,0,3,1,0,0,1,2,0.25,0.0,0.0,0.0,0.0,0.0,5.0,0.0,0,0.0,0.0,0.0
eflinza01,2023,ALWC1,TBA,AL,0,1,1,1,0,0,0,15,8,4,2,2,3,0.364,7.2,1.0,0.0,0.0,0.0,24.0,0.0,5,0.0,0.0,1.0
eovalna01,2023,ALWC1,TEX,AL,1,0,1,1,0,0,0,20,6,1,0,0,8,0.25,1.35,0.0,0.0,0.0,0.0,25.0,0.0,1,0.0,0.0,2.0
glasnty01,2023,ALWC1,TBA,AL,0,1,1,1,0,0,0,15,6,3,0,5,8,0.273,5.4,0.0,1.0,0.0,0.0,28.0,0.0,4,0.0,1.0,0.0
kittran01,2023,ALWC1,TBA,AL,0,0,1,0,0,0,0,3,1,0,0,0,1,0.25,0.0,0.0,0.0,0.0,0.0,4.0,1.0,0,0.0,0.0,0.0
leclejo01,2023,ALWC1,TEX,AL,0,0,2,0,0,0,0,6,2,0,0,1,3,0.25,0.0,0.0,0.0,0.0,0.0,9.0,2.0,0,0.0,0.0,0.0
litteza01,2023,ALWC1,TBA,AL,0,0,1,0,0,0,0,6,0,0,0,0,4,0.0,0.0,0.0,0.0,1.0,0.0,7.0,1.0,0,0.0,0.0,0.0
montgjo01,2023,ALWC1,TEX,AL,1,0,1,1,0,0,0,21,6,0,0,0,5,0.231,0.0,0.0,0.0,0.0,0.0,27.0,0.0,0,1.0,0.0,0.0
pocheco01,2023,ALWC1,TBA,AL,0,0,1,0,0,0,0,3,3,2,0,0,2,0.5,18.0,0.0,0.0,0.0,0.0,6.0,0.0,2,0.0,0.0,0.0
sborzjo01,2023,ALWC1,TEX,AL,0,0,1,0,0,0,0,4,0,0,0,0,1,0.0,0.0,0.0,0.0,0.0,0.0,4.0,0.0,0,0.0,0.0,0.0
berrijo01,2023,ALWC2,TOR,AL,0,1,1,1,0,0,0,9,3,1,0,1,5,0.273,3.0,0.0,0.0,0.0,0.0,12.0,0.0,1,0.0,0.0,1.0
cabrege01,2023,ALWC2,TOR,AL,0,0,1,0,0,0,0,2,0,0,0,0,2,0.0,0.0,0.0,0.0,0.0,0.0,2.0,0.0,0,0.0,0.0,0.0
duranjh01,2023,ALWC2,MIN,AL,0,0,2,0,0,0,2,6,1,0,0,1,5,0.143,0.0,0.0,0.0,0.0,0.0,8.0,2.0,0,0.0,0.0,0.0
garciyi01,2023,ALWC2,TOR,AL,0,0,1,0,0,0,0,4,0,0,0,1,3,0.0,0.0,0.0,0.0,0.0,0.0,5.0,0.0,0,0.0,0.0,0.0
gausmke01,2023,ALWC2,TOR,AL,0,1,1,1,0,0,0,12,3,3,2,3,5,0.2,6.75,0.0,0.0,0.0,0.0,18.0,0.0,3,0.0,0.0,0.0
grayso01,2023,ALWC2,MIN,AL,1,0,1,1,0,0,0,15,5,0,0,2,6,0.278,0.0,0.0,1.0,0.0,0.0,21.0,0.0,0,1.0,0.0,0.0
greench03,2023,ALWC2,TOR,AL,0,0,1,0,0,0,0,4,0,0,0,0,1,0.0,0.0,0.0,0.0,0.0,0.0,4.0,0.0,0,0.0,0.0,0.0
hicksjo03,2023,ALWC2,TOR,AL,0,0,1,0,0,0,0,3,1,0,0,2,2,0.25,0.0,0.0,0.0,0.0,0.0,6.0,1.0,0,0.0,0.0,0.0
jaxgr01,2023,ALWC2,MIN,AL,0,0,2,0,0,0,0,6,1,0,0,0,2,0.143,0.0,0.0,0.0,0.0,0.0,7.0,0.0,0,0.0,0.0,0.0
kikucyu01,2023,ALWC2,TOR,AL,0,0,1,0,0,0,0,5,3,1,0,1,0,0.429,5.4,0.0,0.0,0.0,0.0,8.0,0.0,1,0.0,0.0,1.0
lopezpa01,2023,ALWC2,MIN,AL,1,0,1,1,0,0,0,17,5,1,0,2,3,0.227,1.59,0.0,0.0,1.0,0.0,25.0,0.0,1,0.0,0.0,0.0
mayzati01,2023,ALWC2,TOR,AL,0,0,1,0,0,0,0,1,1,0,0,0,0,0.5,0.0,0.0,0.0,0.0,0.0,2.0,0.0,0,0.0,0.0,0.0
romanjo03,2023,ALWC2,TOR,AL,0,0,1,0,0,0,0,4,1,0,0,0,1,0.2,0.0,0.0,0.0,1.0,0.0,6.0,1.0,0,0.0,0.0,0.0
stewabr01,2023,ALWC2,MIN,AL,0,0,1,0,0,0,0,3,0,0,0,0,2,0.0,0.0,0.0,0.0,0.0,0.0,3.0,0.0,0,0.0,0.0,0.0
swanser01,2023,ALWC2,TOR,AL,0,0,2,0,0,0,0,4,0,0,0,3,2,0.0,0.0,0.0,0.0,0.0,0.0,7.0,0.0,0,0.0,0.0,0.0
thielca01,2023,ALWC2,MIN,AL,0,0,2,0,0,0,0,5,1,0,0,0,0,0.2,0.0,0.0,0.0,0.0,0.0,5.0,0.0,0,0.0,0.0,1.0
varlalo01,2023,ALWC2,MIN,AL,0,0,2,0,0,0,0,2,2,0,0,0,1,0.5,0.0,0.0,0.0,0.0,0.0,4.0,0.0,0,0.0,0.0,0.0
alvarjo03,2023,NLCS,PHI,NL,0,0,4,0,0,0,0,12,5,1,0,1,2,0.333,2.25,1.0,0.0,0.0,0.0,17.0,1.0,1,0.0,1.0,1.0
castrmi01,2023,NLCS,ARI,NL,0,0,3,0,0,0,0,10,2,1,0,1,3,0.167,2.7,1.0,0.0,0.0,0.0,13.0,0.0,1,0.0,0.0,0.0
ceccosl01,2023,NLCS,ARI,NL,0,0,2,0,0,0,0,6,2,0,0,0,1,0.333,0.0,0.0,0.0,0.0,0.0,6.0,1.0,0,0.0,0.0,1.0
dominse01,2023,NLCS,PHI,NL,0,0,3,0,0,0,0,8,2,0,0,3,3,0.2,0.0,0.0,0.0,0.0,0.0,14.0,0.0,1,0.0,1.0,0.0
friaslu01,2023,NLCS,ARI,NL,0,0,3,0,0,0,0,8,1,1,1,1,2,0.111,3.38,0.0,0.0,0.0,0.0,10.0,1.0,1,0.0,0.0,0.0
galleza01,2023,NLCS,ARI,NL,0,2,2,2,0,0,0,33,14,9,5,4,5,0.318,7.36,0.0,2.0,1.0,0.0,49.0,0.0,9,0.0,0.0,3.0
ginkeke01,2023,NLCS,ARI,NL,1,0,4,0,0,0,0,14,2,0,0,0,5,0.125,0.0,0.0,0.0,0.0,0.0,16.0,0.0,0,0.0,0.0,0.0
hoffmje02,2023,NLCS,PHI,NL,0,0,5,0,0,0,0,18,4,0,0,0,8,0.19,0.0,0.0,0.0,0.0,0.0,21.0,0.0,0,0.0,0.0,0.0
kellyme01,2023,NLCS,ARI,NL,1,1,2,2,0,0,0,32,6,5,3,6,14,0.162,4.22,0.0,0.0,0.0,0.0,43.0,0.0,5,0.0,0.0,0.0
kerkeor01,2023,NLCS,PHI,NL,0,0,4,0,0,0,0,7,6,2,0,2,4,0.462,7.71,0.0,0.0,0.0,0.0,15.0,1.0,2,0.0,0.0,0.0
kimbrcr01,2023,NLCS,PHI,NL,0,2,4,0,0,0,1,9,5,4,1,4,4,0.385,12.0,0.0,0.0,1.0,0.0,18.0,2.0,4,0.0,0.0,1.0
lorenmi01,2023,NLCS,PHI,NL,0,0,1,0,0,0,0,5,1,0,0,1,1,0.2,0.0,0.0,0.0,0.0,0.0,6.0,0.0,0,0.0,0.0,1.0
mantijo01,2023,NLCS,ARI,NL,0,0,4,1,0,0,0,8,5,3,0,2,2,0.385,10.13,1.0,0.0,0.0,0.0,15.0,0.0,4,0.0,0.0,0.0
nelsoky01,2023,NLCS,ARI,NL,0,0,2,0,0,0,0,6,2,1,1,0,1,0.25,4.5,0.0,0.0,0.0,0.0,8.0,0.0,1,0.0,0.0,0.0
nelsory01,2023,NLCS,ARI,NL,0,0,1,0,0,0,0,2,4,3,0,1,0,0.8,40.5,0.0,0.0,0.0,0.0,7.0,0.0,3,0.0,1.0,0.0
nolaaa01,2023,NLCS,PHI,NL,1,1,2,2,0,0,0,31,9,4,2,2,11,0.225,3.48,0.0,0.0,0.0,0.0,42.0,0.0,4,0.0,0.0,1.0
pfaadbr01,2023,NLCS,ARI,NL,0,0,2,2,0,0,0,29,6,2,1,2,16,0.182,1.86,0.0,0.0,0.0,0.0,36.0,0.0,2,1.0,0.0,1.0
saalfan01,2023,NLCS,ARI,NL,0,0,5,0,0,0,0,6,1,2,0,7,1,0.167,9.0,0.0,1.0,0.0,0.0,13.0,1.0,3,0.0,0.0,0.0
sanchcr01,2023,NLCS,PHI,NL,0,0,1,1,0,0,0,7,2,1,0,1,1,0.2,3.86,0.0,1.0,0.0,0.0,11.0,0.0,2,0.0,0.0,0.0
sewalpa01,2023,NLCS,ARI,NL,1,0,4,0,0,0,2,12,1,0,0,1,6,0.077,0.0,0.0,0.0,0.0,0.0,14.0,4.0,0,0.0,0.0,0.0
sotogr01,2023,NLCS,PHI,NL,0,0,2,0,0,0,0,4,2,1,0,1,1,0.4,6.75,0.0,0.0,0.0,0.0,7.0,1.0,1,1.0,0.0,0.0
strahma01,2023,NLCS,PHI,NL,0,0,4,0,0,0,0,9,1,0,0,1,4,0.1,0.0,0.0,0.0,0.0,0.0,11.0,2.0,0,0.0,0.0,0.0
suarera01,2023,NLCS,PHI,NL,0,1,2,2,0,0,0,30,9,3,0,1,13,0.237,2.7,0.0,0.0,0.0,0.0,40.0,0.0,3,1.0,0.0,0.0
thompry02,2023,NLCS,ARI,NL,1,0,4,0,0,0,0,17,5,1,0,2,4,0.263,1.59,1.0,1.0,0.0,0.0,22.0,0.0,1,0.0,1.0,1.0
wheelza01,2023,NLCS,PHI,NL,2,0,3,2,0,0,0,44,9,3,2,2,17,0.17,1.84,0.0,1.0,0.0,0.0,55.0,0.0,3,0.0,0.0,0.0
alvarjo03,2023,NLDS1,PHI,NL,0,0,3,0,0,0,0,9,1,0,0,2,2,0.1,0.0,0.0,0.0,0.0,0.0,12.0,0.0,0,0.0,0.0,0.0
dominse01,2023,NLDS1,PHI,NL,0,0,3,0,0,0,0,8,4,0,0,0,4,0.333,0.0,0.0,0.0,0.0,0.0,12.0,0.0,0,0.0,0.0,0.0
elderbr01,2023,NLDS1,ATL,NL,0,1,1,1,0,0,0,8,5,6,2,1,4,0.385,20.25,0.0,0.0,0.0,0.0,14.0,0.0,6,0.0,0.0,0.0
friedma01,2023,NLDS1,ATL,NL,0,0,1,1,0,0,0,12,6,3,1,4,3,0.333,6.75,0.0,1.0,0.0,0.0,22.0,0.0,3,0.0,0.0,0.0
handbr01,2023,NLDS1,ATL,NL,0,0,1,0,0,0,0,3,1,1,1,1,2,0.25,9.0,0.0,0.0,0.0,0.0,5.0,0.0,1,0.0,0.0,0.0
hernada03,2023,NLDS1,ATL,NL,0,0,1,0,0,0,0,3,0,0,0,1,0,0.0,0.0,0.0,0.0,1.0,0.0,4.0,1.0,0,0.0,0.0,1.0
hoffmje02,2023,NLDS1,PHI,NL,1,1,2,0,0,0,0,2,1,2,1,1,1,0.333,27.0,0.0,0.0,1.0,0.0,5.0,0.0,2,0.0,0.0,0.0
iglesra01,2023,NLDS1,ATL,NL,0,0,3,0,0,0,1,7,0,0,0,0,2,0.0,0.0,0.0,0.0,0.0,0.0,6.0,3.0,0,0.0,0.0,0.0
jimenjo02,2023,NLDS1,ATL,NL,0,0,1,0,0,0,0,3,1,0,0,1,1,0.25,0.0,0.0,0.0,0.0,0.0,5.0,0.0,0,0.0,0.0,0.0
johnspi01,2023,NLDS1,ATL,NL,0,0,3,0,0,0,0,8,2,0,0,2,4,0.2,0.0,0.0,1.0,0.0,0.0,13.0,0.0,0,0.0,0.0,0.0
kerkeor01,2023,NLDS1,PHI,NL,0,0,2,0,0,0,0,6,1,0,0,1,0,0.143,0.0,0.0,0.0,0.0,0.0,8.0,0.0,0,0.0,0.0,0.0
kimbrcr01,2023,NLDS1,PHI,NL,0,0,2,0,0,0,1,6,0,0,0,1,1,0.0,0.0,0.0,0.0,0.0,0.0,7.0,1.0,0,0.0,0.0,0.0
lorenmi01,2023,NLDS1,PHI,NL,0,0,1,0,0,0,0,3,1,0,0,1,0,0.25,0.0,0.0,0.0,0.0,0.0,5.0,1.0,0,0.0,0.0,0.0
minteaj01,2023,NLDS1,ATL,NL,1,0,3,0,0,0,0,7,3,0,0,2,1,0.3,0.0,0.0,0.0,0.0,0.0,12.0,0.0,1,0.0,0.0,0.0
nolaaa01,2023,NLDS1,PHI,NL,1,0,1,1,0,0,0,17,6,2,0,1,9,0.261,3.18,0.0,0.0,0.0,0.0,24.0,0.0,2,0.0,0.0,0.0
smithaj01,2023,NLDS1,ATL,NL,0,0,1,0,0,0,0,8,3,3,3,1,3,0.273,10.13,0.0,0.0,0.0,0.0,12.0,0.0,3,0.0,0.0,0.0
sotogr01,2023,NLDS1,PHI,NL,0,0,2,0,0,0,0,2,1,0,0,1,0,0.333,0.0,0.0,0.0,0.0,0.0,4.0,1.0,0,0.0,0.0,0.0
strahma01,2023,NLDS1,PHI,NL,0,0,3,0,0,0,1,7,2,0,0,1,1,0.25,0.0,0.0,0.0,0.0,0.0,9.0,1.0,0,0.0,0.0,1.0
stridsp01,2023,NLDS1,ATL,NL,0,2,2,2,0,0,0,38,12,4,4,5,15,0.261,2.84,1.0,1.0,1.0,0.0,52.0,0.0,5,0.0,0.0,2.0
suarera01,2023,NLDS1,PHI,NL,1,0,2,2,0,0,0,26,4,1,1,1,6,0.133,1.04,0.0,0.0,0.0,0.0,31.0,0.0,1,0.0,0.0,1.0
tonkimi01,2023,NLDS1,ATL,NL,0,0,1,0,0,0,0,2,2,0,0,0,1,0.5,0.0,0.0,0.0,0.0,0.0,4.0,0.0,0,0.0,0.0,0.0
wheelza01,2023,NLDS1,PHI,NL,0,0,1,1,0,0,0,19,3,2,1,1,10,0.13,2.84,0.0,0.0,0.0,0.0,24.0,0.0,3,0.0,0.0,0.0
yateski01,2023,NLDS1,ATL,NL,0,0,1,0,0,0,0,3,1,0,0,1,2,0.333,0.0,0.0,0.0,0.0,0.0,5.0,0.0,1,0.0,1.0,0.0
brasiry01,2023,NLDS2,LAN,NL,0,0,1,0,0,0,0,7,1,1,1,0,3,0.143,3.86,0.0,0.0,0.0,0.0,7.0,0.0,1,0.0,0.0,0.0
castrmi01,2023,NLDS2,ARI,NL,0,0,1,0,0,0,0,3,1,2,0,2,1,0.25,18.0,0.0,0.0,0.0,0.0,6.0,0.0,2,0.0,0.0,0.0
ferguca01,2023,NLDS2,LAN,NL,0,0,2,0,0,0,0,7,0,0,0,1,2,0.0,0.0,0.0,0.0,0.0,0.0,8.0,1.0,0,0.0,0.0,0.0
friaslu01,2023,NLDS2,ARI,NL,0,0,1,0,0,0,0,3,0,0,0,0,1,0.0,0.0,0.0,0.0,0.0,0.0,3.0,1.0,0,0.0,0.0,0.0
galleza01,2023,NLDS2,ARI,NL,1,0,1,1,0,0,0,16,5,2,1,2,4,0.238,3.38,0.0,0.0,0.0,0.0,23.0,0.0,2,0.0,0.0,0.0
ginkeke01,2023,NLDS2,ARI,NL,0,0,2,0,0,0,0,6,0,0,0,2,3,0.0,0.0,0.0,0.0,0.0,0.0,7.0,0.0,0,0.0,0.0,1.0
gratebr01,2023,NLDS2,LAN,NL,0,0,2,0,0,0,0,9,1,0,0,1,2,0.111,0.0,0.0,0.0,0.0,0.0,10.0,0.0,0,0.0,0.0,1.0
grovemi01,2023,NLDS2,LAN,NL,0,0,2,0,0,0,0,6,1,1,1,2,2,0.143,4.5,0.0,0.0,0.0,0.0,9.0,0.0,1,0.0,0.0,0.0
kellyjo05,2023,NLDS2,LAN,NL,0,0,1,0,0,0,0,5,2,0,0,1,3,0.286,0.0,0.0,0.0,0.0,0.0,8.0,0.0,0,0.0,0.0,0.0
kellyme01,2023,NLDS2,ARI,NL,1,0,1,1,0,0,0,19,3,0,0,2,5,0.136,0.0,0.0,0.0,0.0,0.0,24.0,0.0,0,0.0,0.0,0.0
kershcl01,2023,NLDS2,LAN,NL,0,1,1,1,0,0,0,1,6,6,1,1,0,0.857,162.0,0.0,0.0,0.0,0.0,8.0,0.0,6,0.0,0.0,0.0
lynnla01,2023,NLDS2,LAN,NL,0,1,1,1,0,0,0,8,6,4,4,0,1,0.429,13.5,0.0,0.0,0.0,0.0,14.0,0.0,4,0.0,0.0,0.0
mantijo01,2023,NLDS2,ARI,NL,1,0,2,0,0,0,0,6,0,0,0,0,2,0.0,0.0,0.0,0.0,0.0,0.0,6.0,0.0,0,0.0,0.0,0.0
millebo05,2023,NLDS2,LAN,NL,0,1,1,1,0,0,0,5,4,3,0,2,1,0.571,16.2,0.0,0.0,0.0,0.0,11.0,0.0,3,1.0,1.0,0.0
millesh01,2023,NLDS2,LAN,NL,0,0,1,0,0,0,0,6,1,0,0,0,3,0.143,0.0,0.0,0.0,0.0,0.0,7.0,0.0,0,0.0,0.0,0.0
pfaadbr01,2023,NLDS2,ARI,NL,0,0,1,1,0,0,0,13,2,0,0,0,2,0.143,0.0,0.0,0.0,0.0,0.0,14.0,0.0,0,0.0,0.0,1.0
phillev01,2023,NLDS2,LAN,NL,0,0,2,0,0,0,0,7,2,0,0,1,3,0.222,0.0,1.0,0.0,1.0,0.0,12.0,2.0,0,1.0,0.0,0.0
saalfan01,2023,NLDS2,ARI,NL,0,0,2,0,0,0,0,2,1,0,0,1,1,0.333,0.0,0.0,0.0,0.0,0.0,4.0,0.0,0,0.0,0.0,0.0
sewalpa01,2023,NLDS2,ARI,NL,0,0,2,0,0,0,2,6,1,0,0,0,2,0.143,0.0,0.0,0.0,0.0,0.0,7.0,2.0,0,0.0,0.0,0.0
sheehem01,2023,NLDS2,LAN,NL,0,0,1,0,0,0,0,11,4,3,1,2,4,0.286,7.36,0.0,0.0,1.0,0.0,18.0,0.0,3,0.0,1.0,0.0
thompry02,2023,NLDS2,ARI,NL,0,0,2,0,0,0,0,7,4,2,0,0,2,0.364,7.71,0.0,0.0,0.0,0.0,11.0,0.0,2,0.0,0.0,1.0
vesiaal01,2023,NLDS2,LAN,NL,0,0,2,0,0,0,0,6,1,1,1,0,2,0.143,4.5,0.0,0.0,0.0,0.0,7.0,0.0,1,0.0,0.0,0.0
burneco01,2023,NLWC1,MIL,NL,0,1,1,1,0,0,0,12,5,4,3,2,5,0.294,9.0,0.0,0.0,0.0,0.0,19.0,0.0,4,0.0,0.0,0.0
castrmi01,2023,NLWC1,ARI,NL,0,0,1,0,0,0,0,2,0,0,0,1,0,0.0,0.0,0.0,0.0,0.0,0.0,3.0,0.0,0,0.0,0.0,0.0
galleza01,2023,NLWC1,ARI,NL,1,0,1,1,0,0,0,18,5,2,0,3,4,0.25,3.0,0.0,0.0,0.0,0.0,24.0,0.0,2,0.0,1.0,2.0
ginkeke01,2023,NLWC1,ARI,NL,0,0,2,0,0,0,0,7,4,0,0,0,5,0.4,0.0,0.0,0.0,0.0,0.0,10.0,0.0,0,0.0,0.0,1.0
mantijo01,2023,NLWC1,ARI,NL,1,0,1,0,0,0,0,2,0,0,0,1,0,0.0,0.0,0.0,0.0,0.0,0.0,3.0,0.0,0,0.0,0.0,0.0
megiltr01,2023,NLWC1,MIL,NL,0,0,1,0,0,0,0,3,0,0,0,0,3,0.0,0.0,0.0,0.0,0.0,0.0,3.0,1.0,0,0.0,0.0,0.0
milneho01,2023,NLWC1,MIL,NL,0,0,2,0,0,0,0,7,2,0,0,0,2,0.25,0.0,0.0,0.0,0.0,0.0,8.0,0.0,0,0.0,0.0,1.0
nelsory01,2023,NLWC1,ARI,NL,0,0,1,0,0,0,0,1,3,0,0,0,1,0.75,0.0,0.0,0.0,0.0,0.0,4.0,0.0,0,0.0,0.0,0.0
payamjo01,2023,NLWC1,MIL,NL,0,0,1,0,0,0,0,5,1,0,0,1,2,0.2,0.0,0.0,0.0,0.0,0.0,6.0,0.0,0,0.0,0.0,0.0
pegueel01,2023,NLWC1,MIL,NL,0,0,2,0,0,0,0,5,1,0,0,0,2,0.167,0.0,0.0,0.0,0.0,0.0,6.0,0.0,0,0.0,0.0,0.0
peralfr01,2023,NLWC1,MIL,NL,0,1,1,1,0,0,0,15,3,4,1,2,5,0.167,7.2,0.0,0.0,0.0,0.0,20.0,0.0,4,0.0,0.0,0.0
pfaadbr01,2023,NLWC1,ARI,NL,0,0,1,1,0,0,0,8,7,3,1,1,4,0.5,10.13,0.0,0.0,0.0,0.0,16.0,0.0,3,1.0,0.0,0.0
saalfan01,2023,NLWC1,ARI,NL,0,0,1,0,0,0,0,2,0,0,0,0,0,0.0,0.0,0.0,0.0,0.0,0.0,2.0,0.0,0,0.0,0.0,0.0
sewalpa01,2023,NLWC1,ARI,NL,0,0,2,0,0,0,2,6,1,0,0,0,3,0.143,0.0,0.0,0.0,2.0,0.0,9.0,2.0,0,0.0,0.0,0.0
thompry02,2023,NLWC1,ARI,NL,0,0,2,0,0,0,0,8,1,0,0,1,2,0.143,0.0,0.0,0.0,0.0,0.0,8.0,0.0,0,0.0,0.0,0.0
uribeab01,2023,NLWC1,MIL,NL,0,0,2,0,0,0,0,4,2,1,0,2,1,0.333,6.75,0.0,1.0,0.0,0.0,8.0,0.0,1,0.0,0.0,0.0
willide03,2023,NLWC1,MIL,NL,0,0,1,0,0,0,0,2,1,2,0,3,1,0.5,27.0,0.0,1.0,0.0,0.0,5.0,0.0,2,0.0,0.0,0.0
wilsobr02,2023,NLWC1,MIL,NL,0,0,1,0,0,0,0,1,0,0,0,0,0,0.0,0.0,0.0,0.0,0.0,0.0,1.0,1.0,0,0.0,0.0,0.0
alvarjo03,2023,NLWC2,PHI,NL,0,0,1,0,0,0,0,3,1,0,0,0,2,0.25,0.0,0.0,1.0,0.0,0.0,4.0,0.0,0,0.0,0.0,0.0
brazohu01,2023,NLWC2,MIA,NL,0,0,1,0,0,0,0,3,0,0,0,1,2,0.0,0.0,0.0,0.0,0.0,0.0,4.0,0.0,0,0.0,0.0,0.0
chargjt01,2023,NLWC2,MIA,NL,0,0,1,0,0,0,0,2,1,0,0,1,0,0.333,0.0,1.0,1.0,0.0,0.0,4.0,0.0,0,0.0,0.0,0.0
garrebr01,2023,NLWC2,MIA,NL,0,1,1,1,0,0,0,9,3,2,0,1,5,0.25,6.0,0.0,0.0,0.0,0.0,13.0,0.0,2,0.0,0.0,0.0
hoffmje02,2023,NLWC2,PHI,NL,0,0,1,0,0,0,0,1,0,0,0,0,0,0.0,0.0,0.0,0.0,0.0,0.0,1.0,0.0,0,0.0,0.0,0.0
kerkeor01,2023,NLWC2,PHI,NL,0,0,1,0,0,0,0,3,0,0,0,0,1,0.0,0.0,0.0,0.0,0.0,0.0,3.0,0.0,0,0.0,0.0,0.0
kimbrcr01,2023,NLWC2,PHI,NL,0,0,1,0,0,0,1,3,1,0,0,0,0,0.25,0.0,0.0,0.0,0.0,1.0,4.0,1.0,0,0.0,0.0,0.0
luzarje01,2023,NLWC2,MIA,NL,0,1,1,1,0,0,0,12,8,3,0,0,5,0.421,6.75,0.0,2.0,0.0,0.0,19.0,0.0,3,0.0,0.0,0.0
nardian01,2023,NLWC2,MIA,NL,0,0,1,0,0,0,0,4,1,2,1,1,2,0.167,13.5,0.0,0.0,0.0,0.0,7.0,0.0,3,0.0,0.0,0.0
nolaaa01,2023,NLWC2,PHI,NL,1,0,1,1,0,0,0,21,3,0,0,1,3,0.143,0.0,0.0,0.0,1.0,0.0,23.0,0.0,0,0.0,0.0,2.0
okertst01,2023,NLWC2,MIA,NL,0,0,1,0,0,0,0,3,2,1,0,0,1,0.4,9.0,0.0,0.0,0.0,0.0,5.0,1.0,1,0.0,0.0,0.0
pukaj01,2023,NLWC2,MIA,NL,0,0,1,0,0,0,0,3,1,0,0,0,1,0.25,0.0,0.0,0.0,0.0,0.0,4.0,0.0,0,0.0,0.0,0.0
roberda08,2023,NLWC2,MIA,NL,0,0,1,0,0,0,0,6,2,2,1,0,4,0.25,9.0,0.0,0.0,0.0,0.0,8.0,0.0,2,0.0,0.0,0.0
scottta01,2023,NLWC2,MIA,NL,0,0,1,0,0,0,0,3,0,0,0,0,1,0.0,0.0,0.0,0.0,0.0,0.0,3.0,1.0,0,0.0,0.0,0.0
soriage01,2023,NLWC2,MIA,NL,0,0,1,0,0,0,0,3,0,0,0,0,1,0.0,0.0,0.0,0.0,0.0,0.0,3.0,0.0,0,0.0,0.0,0.0
sotogr01,2023,NLWC2,PHI,NL,0,0,1,0,0,0,0,3,2,1,0,0,2,0.4,9.0,0.0,0.0,0.0,0.0,5.0,1.0,1,0.0,0.0,0.0
wheelza01,2023,NLWC2,PHI,NL,1,0,1,1,0,0,0,20,5,1,0,0,8,0.208,1.35,0.0,0.0,0.0,0.0,24.0,0.0,1,0.0,0.0,1.0
bradfco01,2023,WS,TEX,AL,0,0,2,0,0,0,0,6,0,0,0,0,1,0.0,0.0,0.0,0.0,0.0,0.0,6.0,0.0,0,0.0,0.0,0.0
burkebr01,2023,WS,TEX,AL,0,0,1,0,0,0,0,1,3,3,0,0,0,0.75,81.0,0.0,0.0,0.0,0.0,4.0,0.0,3,0.0,0.0,0.0
castrmi01,2023,WS,ARI,NL,0,1,3,0,0,0,0,3,4,4,1,1,0,0.571,36.0,0.0,1.0,0.0,0.0,8.0,1.0,4,0.0,0.0,0.0
chapmar01,2023,WS,TEX,AL,0,0,2,0,0,0,0,5,2,1,0,1,2,0.333,5.4,0.0,0.0,0.0,0.0,7.0,0.0,1,0.0,0.0,1.0
dunnida01,2023,WS,TEX,AL,0,0,3,0,0,0,0,7,3,0,0,1,0,0.333,0.0,0.0,0.0,0.0,0.0,10.0,0.0,0,0.0,0.0,1.0
eovalna01,2023,WS,TEX,AL,1,0,2,2,0,0,0,32,10,5,1,6,13,0.244,4.22,0.0,0.0,0.0,0.0,49.0,0.0,5,2.0,0.0,0.0
friaslu01,2023,WS,ARI,NL,0,0,3,0,0,0,0,9,2,0,1,2,5,0.167,0.0,0.0,0.0,0.0,0.0,14.0,1.0,3,0.0,0.0,0.0
galleza01,2023,WS,ARI,NL,0,1,2,2,0,0,0,34,7,4,0,5,11,0.175,3.18,0.0,0.0,0.0,0.0,45.0,0.0,4,0.0,0.0,1.0
ginkeke01,2023,WS,ARI,NL,0,0,2,0,0,0,0,8,2,0,0,3,2,0.2,0.0,0.0,1.0,0.0,0.0,13.0,0.0,0,0.0,0.0,0.0
grayjo02,2023,WS,TEX,AL,1,0,2,0,0,0,0,14,2,0,0,0,7,0.125,0.0,0.0,0.0,0.0,0.0,16.0,0.0,0,0.0,0.0,0.0
heanean01,2023,WS,TEX,AL,1,0,2,1,0,0,0,17,5,1,0,2,3,0.263,1.59,0.0,0.0,0.0,0.0,23.0,0.0,1,1.0,1.0,0.0
kellyme01,2023,WS,ARI,NL,1,0,1,1,0,0,0,21,3,1,1,0,9,0.125,1.29,0.0,0.0,0.0,0.0,24.0,0.0,1,0.0,0.0,0.0
leclejo01,2023,WS,TEX,AL,1,0,3,0,0,0,1,10,1,0,0,0,4,0.091,0.0,0.0,0.0,0.0,0.0,11.0,3.0,0,0.0,0.0,0.0
mantijo01,2023,WS,ARI,NL,0,1,2,1,0,0,0,7,1,1,0,1,2,0.125,3.86,0.0,0.0,0.0,0.0,9.0,0.0,1,0.0,0.0,0.0
montgjo01,2023,WS,TEX,AL,0,1,1,1,0,0,0,18,9,4,1,1,0,0.375,6.0,1.0,0.0,0.0,0.0,26.0,0.0,4,1.0,0.0,1.0
nelsoky01,2023,WS,ARI,NL,0,0,3,0,0,0,0,9,4,1,1,2,0,0.333,3.0,0.0,0.0,0.0,0.0,14.0,0.0,3,0.0,0.0,1.0
nelsory01,2023,WS,ARI,NL,0,0,1,0,0,0,0,16,3,1,1,0,6,0.158,1.69,0.0,0.0,0.0,0.0,19.0,0.0,1,0.0,0.0,0.0
perezma02,2023,WS,TEX,AL,0,0,1,0,0,0,0,4,5,4,0,2,1,0.625,27.0,0.0,0.0,0.0,0.0,10.0,1.0,4,0.0,0.0,0.0
pfaadbr01,2023,WS,ARI,NL,0,1,1,1,0,0,0,16,4,3,1,2,4,0.211,5.06,0.0,0.0,0.0,0.0,21.0,0.0,3,0.0,0.0,1.0
saalfan01,2023,WS,ARI,NL,0,0,3,0,0,0,0,7,1,0,0,0,0,0.143,0.0,0.0,0.0,1.0,0.0,8.0,2.0,0,0.0,0.0,1.0
sborzjo01,2023,WS,TEX,AL,0,0,2,0,0,0,1,10,2,0,0,0,6,0.167,0.0,0.0,0.0,0.0,0.0,12.0,1.0,0,0.0,0.0,0.0
scherma01,2023,WS,TEX,AL,0,0,1,1,0,0,0,9,2,0,0,2,1,0.222,0.0,0.0,1.0,0.0,0.0,11.0,0.0,0,0.0,0.0,1.0
sewalpa01,2023,WS,ARI,NL,0,0,2,0,0,0,0,6,6,6,2,2,5,0.5,27.0,1.0,0.0,1.0,0.0,15.0,1.0,6,0.0,0.0,0.0
smithwi04,2023,WS,TEX,AL,0,0,2,0,0,0,0,4,1,2,0,1,2,0.2,13.5,0.0,0.0,0.0,0.0,6.0,0.0,2,0.0,0.0,0.0
stratch01,2023,WS,TEX,AL,0,0,2,0,0,0,0,4,2,2,1,0,1,0.5,13.5,0.0,0.0,0.0,0.0,6.0,0.0,2,1.0,1.0,0.0
thompry02,2023,WS,ARI,NL,0,0,1,0,0,0,0,3,1,0,0,1,0,0.25,0.0,0.0,0.0,0.0,0.0,5.0,0.0,0,0.0,0.0,0.0
avilape01,2024,ALCS,CLE,AL,1,0,3,0,0,0,0,12,0,0,0,2,3,0.0,0.0,1.0,0.0,0.0,0.0,13.0,1.0,0,0.0,1.0,0.0
bibeeta01,2024,ALCS,CLE,AL,0,1,2,2,0,0,0,21,11,4,1,1,7,0.367,5.14,1.0,0.0,2.0,0.0,33.0,0.0,5,0.0,0.0,2.0
boydma01,2024,ALCS,CLE,AL,0,0,1,1,0,0,0,15,2,1,0,3,4,0.125,1.8,0.0,0.0,0.0,0.0,19.0,0.0,1,0.0,0.0,0.0
cantijo01,2024,ALCS,CLE,AL,0,0,2,0,0,0,0,4,0,1,0,4,2,0.0,6.75,0.0,4.0,0.0,0.0,7.0,0.0,1,0.0,0.0,1.0
claseem01,2024,ALCS,CLE,AL,0,1,3,0,0,0,0,7,7,4,2,1,2,0.467,15.43,1.0,0.0,0.0,0.0,16.0,1.0,4,0.0,0.0,0.0
cobbal01,2024,ALCS,CLE,AL,0,1,1,1,0,0,0,8,5,3,1,3,3,0.385,10.13,0.0,0.0,0.0,0.0,16.0,0.0,3,0.0,0.0,0.0
colege01,2024,ALCS,NYA,AL,0,0,1,1,0,0,0,13,6,2,0,4,4,0.333,4.15,0.0,0.0,0.0,0.0,23.0,0.0,2,0.0,1.0,0.0
cousija01,2024,ALCS,NYA,AL,0,0,2,0,0,0,0,7,2,2,0,2,6,0.222,7.71,0.0,0.0,0.0,0.0,11.0,0.0,2,0.0,0.0,0.0
gaddihu01,2024,ALCS,CLE,AL,0,1,4,0,0,0,0,10,3,3,2,2,6,0.214,8.1,0.0,0.0,0.0,0.0,16.0,1.0,6,0.0,0.0,0.0
gillu01,2024,ALCS,NYA,AL,0,0,1,1,0,0,0,12,3,2,0,3,3,0.214,4.5,0.0,0.0,0.0,0.0,18.0,0.0,2,0.0,1.0,0.0
hamilia01,2024,ALCS,NYA,AL,0,0,1,0,0,0,0,1,0,1,0,1,0,0.0,27.0,0.0,0.0,0.0,0.0,2.0,0.0,1,0.0,0.0,0.0
herriti01,2024,ALCS,CLE,AL,0,0,4,0,0,0,0,13,3,0,0,1,2,0.214,0.0,0.0,0.0,0.0,0.0,15.0,0.0,0,0.0,0.0,2.0
hillti01,2024,ALCS,NYA,AL,0,0,5,0,0,0,0,14,5,1,0,1,2,0.294,1.93,0.0,0.0,0.0,0.0,18.0,0.0,1,0.0,0.0,2.0
holmecl01,2024,ALCS,NYA,AL,1,1,4,0,0,0,0,8,4,3,1,2,3,0.364,10.13,0.0,0.0,0.0,0.0,14.0,1.0,3,1.0,0.0,0.0
kahnlto01,2024,ALCS,NYA,AL,0,0,3,0,0,0,1,12,3,0,0,4,3,0.2,0.0,0.0,0.0,0.0,0.0,19.0,1.0,0,0.0,0.0,0.0
leitema02,2024,ALCS,NYA,AL,1,0,2,0,0,0,0,7,2,1,0,3,2,0.222,3.86,2.0,0.0,0.0,0.0,12.0,0.0,1,0.0,0.0,0.0
livelbe01,2024,ALCS,CLE,AL,0,0,1,0,0,0,0,4,1,0,0,1,2,0.2,0.0,0.0,0.0,0.0,0.0,6.0,1.0,0,0.0,0.0,0.0
mayzati01,2024,ALCS,NYA,AL,0,0,1,0,0,0,0,2,1,0,0,2,0,0.333,0.0,0.0,0.0,0.0,0.0,5.0,0.0,0,0.0,0.0,0.0
morgael01,2024,ALCS,CLE,AL,0,0,3,0,0,0,0,7,0,0,0,1,2,0.0,0.0,0.0,0.0,0.0,0.0,9.0,0.0,1,0.0,0.0,0.0
rodonca01,2024,ALCS,NYA,AL,1,0,2,2,0,0,0,32,8,3,1,1,15,0.2,2.53,0.0,0.0,0.0,0.0,41.0,0.0,3,0.0,0.0,0.0
sabroer01,2024,ALCS,CLE,AL,0,0,3,0,0,0,0,11,4,1,1,1,6,0.286,2.45,0.0,0.0,0.0,0.0,15.0,0.0,2,0.0,0.0,0.0
schmicl01,2024,ALCS,NYA,AL,0,0,1,1,0,0,0,14,5,2,1,2,2,0.263,3.86,0.0,0.0,0.0,0.0,21.0,0.0,2,0.0,0.0,0.0
smithca05,2024,ALCS,CLE,AL,0,0,4,0,0,0,0,11,3,3,1,1,4,0.25,7.36,0.0,0.0,0.0,0.0,15.0,0.0,3,1.0,1.0,0.0
waltean01,2024,ALCS,CLE,AL,0,0,2,0,0,0,0,5,0,0,0,1,2,0.0,0.0,0.0,1.0,0.0,0.0,6.0,1.0,0,0.0,1.0,0.0
weavelu01,2024,ALCS,NYA,AL,1,0,4,0,0,0,1,18,4,3,2,1,7,0.182,4.5,0.0,0.0,0.0,0.0,23.0,3.0,3,0.0,0.0,1.0
williga01,2024,ALCS,CLE,AL,0,0,1,1,0,0,0,7,3,3,2,0,4,0.3,11.57,0.0,0.0,0.0,0.0,10.0,0.0,3,0.0,0.0,0.0
bibeeta01,2024,ALDS1,CLE,AL,0,0,2,2,0,0,0,26,8,2,1,3,9,0.267,2.08,0.0,0.0,1.0,0.0,35.0,0.0,2,0.0,1.0,2.0
boydma01,2024,ALDS1,CLE,AL,0,0,2,2,0,0,0,20,5,0,0,3,10,0.208,0.0,0.0,0.0,1.0,0.0,28.0,0.0,0,0.0,0.0,0.0
briesbe01,2024,ALDS1,DET,AL,0,1,4,0,0,0,1,11,1,1,1,0,5,0.083,2.45,0.0,1.0,0.0,0.0,12.0,2.0,1,0.0,0.0,0.0
cantijo01,2024,ALDS1,CLE,AL,0,0,1,0,0,0,0,3,0,0,0,0,1,0.0,0.0,0.0,0.0,0.0,0.0,3.0,1.0,0,0.0,0.0,0.0
claseem01,2024,ALDS1,CLE,AL,0,1,4,0,0,0,2,17,5,4,1,0,6,0.227,6.35,0.0,0.0,0.0,0.0,22.0,3.0,4,0.0,0.0,0.0
cobbal01,2024,ALDS1,CLE,AL,0,1,1,1,0,0,0,9,3,2,0,1,2,0.273,6.0,1.0,0.0,0.0,0.0,13.0,0.0,2,0.0,1.0,0.0
gaddihu01,2024,ALDS1,CLE,AL,1,0,4,0,0,0,0,12,5,1,0,3,6,0.313,2.25,1.0,0.0,1.0,0.0,20.0,0.0,1,0.0,0.0,1.0
guentse01,2024,ALDS1,DET,AL,0,0,3,0,0,0,0,4,2,1,0,1,0,0.333,6.75,0.0,0.0,0.0,0.0,7.0,0.0,1,0.0,0.0,0.0
herriti01,2024,ALDS1,CLE,AL,1,0,5,0,0,0,0,12,3,1,0,4,4,0.214,2.25,0.0,1.0,0.0,0.0,18.0,0.0,1,0.0,0.0,2.0
holtoty01,2024,ALDS1,DET,AL,0,1,4,1,0,0,1,13,6,6,1,1,5,0.316,12.46,0.0,0.0,0.0,0.0,20.0,1.0,6,0.0,0.0,0.0
hurtebr01,2024,ALDS1,DET,AL,1,0,1,0,0,0,0,10,5,0,0,1,1,0.333,0.0,1.0,0.0,0.0,0.0,16.0,0.0,0,0.0,0.0,0.0
jobeja01,2024,ALDS1,DET,AL,0,0,1,0,0,0,0,4,3,1,0,0,0,0.429,6.75,0.0,0.0,0.0,0.0,7.0,0.0,1,0.0,0.0,0.0
maddety01,2024,ALDS1,DET,AL,0,0,1,0,0,0,0,2,1,2,0,3,1,0.333,27.0,1.0,0.0,0.0,0.0,6.0,0.0,2,0.0,0.0,0.0
monteke01,2024,ALDS1,DET,AL,0,0,2,1,0,0,0,9,1,0,0,0,3,0.1,0.0,0.0,0.0,0.0,0.0,10.0,1.0,0,0.0,0.0,0.0
morgael01,2024,ALDS1,CLE,AL,0,0,3,0,0,0,0,5,2,1,0,1,4,0.286,5.4,0.0,1.0,0.0,0.0,8.0,1.0,1,0.0,0.0,0.0
olsonre01,2024,ALDS1,DET,AL,0,0,2,1,0,0,0,27,8,2,1,2,8,0.229,2.0,0.0,0.0,1.0,0.0,38.0,0.0,2,0.0,0.0,0.0
sabroer01,2024,ALDS1,CLE,AL,0,0,2,0,0,0,0,5,0,0,0,2,2,0.0,0.0,0.0,0.0,0.0,0.0,8.0,0.0,0,0.0,0.0,0.0
skubata01,2024,ALDS1,DET,AL,0,1,2,2,0,0,0,39,9,5,1,1,14,0.191,3.46,1.0,0.0,2.0,0.0,50.0,0.0,5,0.0,0.0,2.0
smithca05,2024,ALDS1,CLE,AL,1,0,5,0,0,0,0,19,2,1,0,1,12,0.095,1.42,0.0,0.0,0.0,0.0,22.0,0.0,1,0.0,0.0,0.0
vestwi01,2024,ALDS1,DET,AL,1,0,4,0,0,0,0,10,3,1,0,0,4,0.231,2.7,0.0,0.0,0.0,0.0,14.0,1.0,1,1.0,0.0,0.0
waltean01,2024,ALDS1,CLE,AL,0,0,2,0,0,0,0,4,1,1,0,1,2,0.2,6.75,0.0,0.0,0.0,0.0,6.0,0.0,1,0.0,0.0,0.0
bubickr01,2024,ALDS2,KCA,AL,0,1,2,0,0,0,0,9,3,1,1,2,3,0.273,3.0,0.0,0.0,0.0,0.0,13.0,0.0,1,0.0,0.0,1.0
colege01,2024,ALDS2,NYA,AL,1,0,2,2,0,0,0,36,13,4,1,2,8,0.283,3.0,0.0,0.0,0.0,0.0,49.0,0.0,5,0.0,1.0,1.0
cousija01,2024,ALDS2,NYA,AL,0,0,1,0,0,0,0,1,0,0,0,1,0,0.0,0.0,0.0,0.0,0.0,0.0,3.0,0.0,0,0.0,0.0,0.0
erceglu01,2024,ALDS2,KCA,AL,0,0,3,0,0,0,1,11,4,2,1,2,3,0.286,4.91,0.0,0.0,0.0,0.0,16.0,2.0,2,0.0,0.0,0.0
hamilia01,2024,ALDS2,NYA,AL,0,0,1,0,0,0,0,4,1,0,0,0,3,0.25,0.0,0.0,0.0,0.0,0.0,4.0,0.0,0,0.0,0.0,0.0
hillti01,2024,ALDS2,NYA,AL,0,0,2,0,0,0,0,3,1,0,0,0,0,0.25,0.0,0.0,0.0,0.0,0.0,4.0,0.0,1,0.0,0.0,0.0
holmecl01,2024,ALDS2,NYA,AL,1,0,4,0,0,0,0,15,3,0,0,1,3,0.176,0.0,0.0,0.0,0.0,0.0,18.0,0.0,0,0.0,0.0,0.0
kahnlto01,2024,ALDS2,NYA,AL,1,0,3,0,0,0,0,9,0,0,0,2,3,0.0,0.0,0.0,0.0,0.0,0.0,11.0,0.0,0,0.0,0.0,0.0
longsa01,2024,ALDS2,KCA,AL,0,0,3,0,0,0,0,7,1,1,0,3,1,0.125,3.86,0.0,0.0,0.0,0.0,11.0,1.0,1,0.0,0.0,0.0
lorenmi01,2024,ALDS2,KCA,AL,0,1,2,0,0,0,0,7,3,1,0,1,3,0.273,3.86,0.0,0.0,0.0,0.0,12.0,1.0,1,0.0,0.0,0.0
lugose01,2024,ALDS2,KCA,AL,0,0,1,1,0,0,0,15,2,2,0,4,2,0.133,3.6,0.0,0.0,0.0,0.0,21.0,0.0,2,1.0,1.0,0.0
mayzati01,2024,ALDS2,NYA,AL,0,0,1,0,0,0,0,2,1,0,0,0,1,0.333,0.0,0.0,0.0,0.0,0.0,3.0,0.0,0,0.0,0.0,0.0
raganco01,2024,ALDS2,KCA,AL,0,0,1,1,0,0,0,12,3,1,0,4,5,0.2,2.25,0.0,0.0,0.0,0.0,19.0,0.0,1,0.0,0.0,0.0
rodonca01,2024,ALDS2,NYA,AL,0,1,1,1,0,0,0,11,7,4,1,0,7,0.389,9.82,0.0,1.0,0.0,0.0,18.0,0.0,4,0.0,0.0,0.0
schmicl01,2024,ALDS2,NYA,AL,0,0,1,1,0,0,0,14,4,2,0,1,4,0.235,3.86,0.0,0.0,1.0,0.0,19.0,0.0,2,0.0,0.0,1.0
schrejo01,2024,ALDS2,KCA,AL,0,0,4,0,0,0,0,8,0,0,0,4,2,0.0,0.0,1.0,1.0,0.0,0.0,12.0,0.0,0,0.0,0.0,0.0
singebr01,2024,ALDS2,KCA,AL,0,0,1,0,0,0,0,1,0,0,0,0,1,0.0,0.0,0.0,0.0,0.0,0.0,1.0,0.0,0,0.0,0.0,0.0
wachami01,2024,ALDS2,KCA,AL,0,1,2,2,0,0,0,26,10,5,1,4,5,0.294,5.19,0.0,0.0,0.0,0.0,38.0,0.0,5,0.0,0.0,2.0
weavelu01,2024,ALDS2,NYA,AL,0,0,4,0,0,0,3,13,2,0,0,0,5,0.133,0.0,0.0,0.0,0.0,0.0,15.0,4.0,0,0.0,0.0,0.0
zerpaan01,2024,ALDS2,KCA,AL,1,0,4,0,0,0,0,9,2,1,0,3,3,0.2,3.0,0.0,0.0,0.0,0.0,13.0,0.0,1,0.0,0.0,1.0
abreubr01,2024,ALWC1,HOU,AL,0,0,1,0,0,0,0,4,0,0,0,1,2,0.0,0.0,0.0,0.0,0.0,0.0,5.0,0.0,0,0.0,0.0,0.0
blancro01,2024,ALWC1,HOU,AL,0,0,1,0,0,0,0,6,1,0,0,3,4,0.143,0.0,0.0,0.0,0.0,0.0,10.0,0.0,0,0.0,0.0,0.0
briesbe01,2024,ALWC1,DET,AL,0,0,2,0,0,0,1,7,0,0,0,2,1,0.0,0.0,0.0,0.0,0.0,0.0,8.0,1.0,0,0.0,0.0,1.0
brownhu01,2024,ALWC1,HOU,AL,0,0,1,1,0,0,0,17,2,1,1,2,9,0.1,1.59,0.0,0.0,0.0,0.0,22.0,0.0,1,0.0,0.0,0.0
ferguca01,2024,ALWC1,HOU,AL,0,0,1,0,0,0,0,1,0,0,0,0,0,,0.0,0.0,0.0,0.0,0.0,0.0,0.0,0,0.0,0.0,0.0
foleyja01,2024,ALWC1,DET,AL,0,0,1,0,0,0,0,1,3,1,0,0,0,1.0,27.0,0.0,0.0,0.0,0.0,4.0,0.0,1,1.0,0.0,0.0
guentse01,2024,ALWC1,DET,AL,1,0,1,0,0,0,0,5,0,0,0,0,0,0.0,0.0,0.0,0.0,0.0,0.0,4.0,0.0,0,0.0,0.0,1.0
haderjo01,2024,ALWC1,HOU,AL,0,0,2,0,0,0,0,7,4,1,0,2,0,0.4,3.86,0.0,0.0,0.0,0.0,12.0,2.0,1,0.0,0.0,0.0
hanifbr01,2024,ALWC1,DET,AL,0,0,1,0,0,0,0,5,1,0,0,1,2,0.167,0.0,0.0,0.0,0.0,0.0,7.0,0.0,0,0.0,0.0,0.0
holtoty01,2024,ALWC1,DET,AL,0,0,2,1,0,0,0,4,0,0,0,0,1,0.0,0.0,0.0,0.0,0.0,0.0,4.0,0.0,0,0.0,0.0,0.0
hurtebr01,2024,ALWC1,DET,AL,0,0,1,0,0,0,0,5,2,0,0,1,0,0.333,0.0,0.0,0.0,1.0,0.0,8.0,0.0,0,0.0,0.0,1.0
jobeja01,2024,ALWC1,DET,AL,0,0,1,0,0,0,0,1,2,2,0,0,0,0.667,54.0,0.0,0.0,1.0,0.0,5.0,0.0,2,0.0,1.0,0.0
kingbr01,2024,ALWC1,HOU,AL,0,0,1,0,0,0,0,2,1,0,0,0,1,0.333,0.0,0.0,0.0,0.0,0.0,3.0,0.0,0,0.0,0.0,0.0
nerishe01,2024,ALWC1,HOU,AL,0,0,1,0,0,0,0,2,0,0,0,1,2,0.0,0.0,0.0,0.0,0.0,0.0,3.0,0.0,0,0.0,0.0,0.0
pressry01,2024,ALWC1,HOU,AL,0,1,1,0,0,0,0,2,2,3,0,1,2,0.5,40.5,0.0,1.0,0.0,0.0,5.0,0.0,3,0.0,0.0,0.0
skubata01,2024,ALWC1,DET,AL,1,0,1,1,0,0,0,18,4,0,0,1,6,0.182,0.0,0.0,0.0,0.0,0.0,23.0,0.0,0,0.0,0.0,0.0
valdefr01,2024,ALWC1,HOU,AL,0,1,1,1,0,0,0,13,7,3,0,2,3,0.368,6.23,0.0,0.0,0.0,0.0,21.0,0.0,3,0.0,0.0,1.0
vestwi01,2024,ALWC1,DET,AL,0,0,2,0,0,0,1,8,0,0,0,0,5,0.0,0.0,0.0,0.0,0.0,0.0,8.0,1.0,0,0.0,0.0,0.0
akinke01,2024,ALWC2,BAL,AL,0,0,1,0,0,0,0,2,0,0,0,1,0,0.0,0.0,0.0,0.0,0.0,0.0,3.0,0.0,0,0.0,0.0,0.0
bubickr01,2024,ALWC2,KCA,AL,0,0,2,0,0,0,0,5,2,0,0,1,0,0.286,0.0,0.0,0.0,0.0,0.0,8.0,0.0,0,0.0,0.0,0.0
burneco01,2024,ALWC2,BAL,AL,0,1,1,1,0,0,0,24,5,1,0,1,3,0.192,1.13,0.0,0.0,0.0,0.0,27.0,0.0,1,0.0,0.0,1.0
canoye01,2024,ALWC2,BAL,AL,0,0,1,0,0,0,0,4,2,0,0,1,1,0.4,0.0,0.0,0.0,0.0,0.0,6.0,0.0,0,0.0,0.0,0.0
couloda01,2024,ALWC2,BAL,AL,0,0,1,0,0,0,0,2,1,0,0,0,1,0.333,0.0,0.0,0.0,0.0,0.0,3.0,0.0,0,0.0,0.0,0.0
dominse01,2024,ALWC2,BAL,AL,0,0,2,0,0,0,0,5,0,0,0,0,2,0.0,0.0,0.0,0.0,0.0,0.0,5.0,2.0,0,0.0,0.0,0.0
eflinza01,2024,ALWC2,BAL,AL,0,0,1,1,0,0,0,12,4,1,0,1,3,0.25,2.25,0.0,0.0,1.0,0.0,18.0,0.0,1,0.0,0.0,0.0
erceglu01,2024,ALWC2,KCA,AL,0,0,2,0,0,0,2,7,0,0,0,1,3,0.0,0.0,0.0,0.0,0.0,0.0,8.0,2.0,0,0.0,0.0,0.0
longsa01,2024,ALWC2,KCA,AL,0,0,2,0,0,0,0,5,0,0,0,1,1,0.0,0.0,0.0,0.0,0.0,0.0,6.0,0.0,0,0.0,0.0,0.0
lugose01,2024,ALWC2,KCA,AL,0,0,1,1,0,0,0,13,5,1,1,1,6,0.263,2.08,0.0,0.0,1.0,0.0,21.0,0.0,1,0.0,0.0,0.0
perezci01,2024,ALWC2,BAL,AL,0,1,1,0,0,0,0,1,2,1,0,0,1,0.667,27.0,0.0,0.0,0.0,0.0,3.0,0.0,1,0.0,0.0,0.0
raganco01,2024,ALWC2,KCA,AL,1,0,1,1,0,0,0,18,4,0,0,0,8,0.182,0.0,0.0,0.0,0.0,0.0,22.0,0.0,0,0.0,0.0,0.0
schrejo01,2024,ALWC2,KCA,AL,0,0,1,0,0,0,0,3,0,0,0,0,2,0.0,0.0,0.0,0.0,0.0,0.0,3.0,0.0,0,0.0,0.0,0.0
sotogr01,2024,ALWC2,BAL,AL,0,0,1,0,0,0,0,2,0,0,0,1,1,0.0,0.0,0.0,0.0,0.0,0.0,3.0,0.0,0,0.0,0.0,0.0
webbja01,2024,ALWC2,BAL,AL,0,0,1,0,0,0,0,2,0,0,0,1,2,0.0,0.0,0.0,0.0,1.0,0.0,4.0,0.0,0,0.0,0.0,0.0
zerpaan01,2024,ALWC2,KCA,AL,1,0,1,0,0,0,0,3,0,0,0,0,2,0.0,0.0,0.0,0.0,0.0,0.0,3.0,0.0,0,0.0,0.0,0.0
bandaan01,2024,NLCS,LAN,NL,0,0,3,0,0,0,0,8,2,1,0,1,3,0.2,3.38,0.0,0.0,1.0,0.0,12.0,1.0,1,0.0,0.0,0.0
brasiry01,2024,NLCS,LAN,NL,0,1,3,1,0,0,0,10,4,2,2,2,2,0.333,5.4,0.0,0.0,0.0,0.0,14.0,0.0,2,0.0,0.0,2.0
buehlwa01,2024,NLCS,LAN,NL,0,0,1,1,0,0,0,12,3,0,0,2,6,0.2,0.0,0.0,0.0,1.0,0.0,18.0,0.0,0,0.0,0.0,0.0
buttojo01,2024,NLCS,NYN,NL,0,0,3,0,0,0,0,12,3,3,0,3,5,0.188,6.75,0.0,0.0,0.0,0.0,19.0,2.0,4,0.0,0.0,0.0
caspabe01,2024,NLCS,LAN,NL,1,0,3,0,0,0,0,13,2,0,0,2,4,0.133,0.0,0.0,0.0,0.0,0.0,17.0,2.0,0,0.0,0.0,0.0
diazed04,2024,NLCS,NYN,NL,0,0,3,0,0,0,1,16,2,0,0,2,6,0.111,0.0,0.0,0.0,0.0,0.0,20.0,2.0,0,0.0,0.0,0.0
flaheja01,2024,NLCS,LAN,NL,1,1,2,2,0,0,0,30,10,8,1,6,6,0.256,7.2,0.0,0.0,0.0,0.0,45.0,0.0,8,0.0,0.0,0.0
garrere01,2024,NLCS,NYN,NL,0,0,4,0,0,0,0,14,4,5,2,1,6,0.235,9.64,0.0,0.0,1.0,1.0,19.0,0.0,5,0.0,0.0,0.0
henried01,2024,NLCS,LAN,NL,0,0,2,0,0,0,0,12,4,1,0,3,2,0.25,2.25,0.0,0.0,0.0,0.0,19.0,2.0,1,0.0,0.0,0.0
honeybr01,2024,NLCS,LAN,NL,0,0,2,0,0,0,0,23,8,4,0,2,2,0.308,4.7,0.0,0.0,4.0,0.0,34.0,0.0,4,0.0,2.0,2.0
hudsoda01,2024,NLCS,LAN,NL,0,0,2,0,0,0,0,6,3,1,0,1,2,0.375,4.5,0.0,0.0,0.0,0.0,10.0,0.0,1,0.0,1.0,0.0
knackla01,2024,NLCS,LAN,NL,0,0,1,0,0,0,0,6,5,5,1,3,2,0.455,22.5,1.0,0.0,0.0,0.0,14.0,0.0,5,0.0,0.0,0.0
kopecmi01,2024,NLCS,LAN,NL,1,0,2,1,0,0,0,6,1,1,0,2,2,0.143,4.5,0.0,1.0,0.0,0.0,9.0,0.0,1,0.0,0.0,0.0
manaese01,2024,NLCS,NYN,NL,1,1,2,2,0,0,0,21,8,7,2,6,9,0.267,9.0,0.0,0.0,0.0,0.0,36.0,0.0,8,0.0,0.0,0.0
matonph01,2024,NLCS,NYN,NL,0,0,3,0,0,0,0,11,4,2,2,3,3,0.286,4.91,0.0,0.0,1.0,0.0,18.0,0.0,2,0.0,0.0,1.0
megilty01,2024,NLCS,NYN,NL,0,0,1,0,0,0,0,9,5,4,2,3,3,0.357,12.0,0.0,0.0,0.0,0.0,17.0,1.0,4,0.0,0.0,0.0
peterda01,2024,NLCS,NYN,NL,0,0,2,1,0,0,0,18,10,4,1,5,5,0.37,6.0,0.0,1.0,0.0,0.0,33.0,0.0,5,1.0,0.0,0.0
phillev01,2024,NLCS,LAN,NL,1,0,2,0,0,0,0,7,3,0,0,3,2,0.3,0.0,0.0,0.0,0.0,0.0,13.0,0.0,0,0.0,0.0,0.0
quintjo01,2024,NLCS,NYN,NL,0,1,1,1,0,0,0,10,5,5,1,4,2,0.333,13.5,0.0,0.0,0.0,0.0,19.0,0.0,5,0.0,0.0,0.0
sengako01,2024,NLCS,NYN,NL,0,1,2,1,0,0,0,9,5,6,0,6,1,0.417,18.0,0.0,1.0,1.0,0.0,21.0,0.0,6,1.0,1.0,0.0
severlu01,2024,NLCS,NYN,NL,0,1,1,1,0,0,0,14,3,0,0,4,3,0.176,0.0,0.0,0.0,0.0,0.0,22.0,0.0,2,0.0,1.0,0.0
stanery01,2024,NLCS,NYN,NL,1,0,3,0,0,0,0,11,3,2,1,2,5,0.214,4.91,0.0,0.0,0.0,0.0,17.0,0.0,2,1.0,0.0,0.0
treinbl01,2024,NLCS,LAN,NL,0,0,3,0,0,0,1,13,4,1,0,0,7,0.235,2.08,0.0,0.0,0.0,0.0,17.0,1.0,1,0.0,0.0,0.0
yamamyo01,2024,NLCS,LAN,NL,0,0,1,1,0,0,0,13,4,2,1,1,8,0.235,4.15,0.0,0.0,1.0,0.0,19.0,0.0,2,0.0,0.0,0.0
youngda02,2024,NLCS,NYN,NL,0,0,2,0,0,0,0,11,4,3,0,3,3,0.267,7.36,0.0,0.0,0.0,0.0,18.0,1.0,3,0.0,0.0,0.0
alvarjo03,2024,NLDS1,PHI,NL,0,0,1,0,0,0,0,2,1,2,0,2,1,0.333,27.0,0.0,0.0,0.0,0.0,5.0,0.0,2,0.0,0.0,0.0
banksta01,2024,NLDS1,PHI,NL,0,0,1,0,0,0,0,3,2,1,0,0,2,0.4,9.0,0.0,0.0,0.0,0.0,5.0,1.0,1,0.0,0.0,0.0
buttojo01,2024,NLDS1,NYN,NL,0,0,1,0,0,0,0,2,1,0,0,0,0,0.333,0.0,0.0,0.0,1.0,0.0,4.0,0.0,0,0.0,0.0,0.0
diazed04,2024,NLDS1,NYN,NL,0,0,2,0,0,0,1,5,2,3,0,3,4,0.286,16.2,0.0,0.0,0.0,0.0,10.0,1.0,3,0.0,0.0,0.0
estevca01,2024,NLDS1,PHI,NL,0,0,3,0,0,0,0,8,2,1,1,1,4,0.182,3.38,0.0,0.0,0.0,0.0,12.0,1.0,2,0.0,0.0,0.0
garrere01,2024,NLDS1,NYN,NL,1,0,2,0,0,0,0,8,0,0,0,1,3,0.0,0.0,0.0,0.0,0.0,0.0,9.0,0.0,0,0.0,0.0,0.0
hoffmje02,2024,NLDS1,PHI,NL,1,2,3,0,0,0,0,4,3,6,0,2,1,0.429,40.5,0.0,2.0,1.0,0.0,10.0,1.0,6,0.0,0.0,0.0
kerkeor01,2024,NLDS1,PHI,NL,0,0,4,0,0,0,0,11,4,1,1,2,5,0.286,2.45,0.0,1.0,0.0,0.0,17.0,0.0,1,0.0,1.0,0.0
manaese01,2024,NLDS1,NYN,NL,1,0,1,1,0,0,0,21,3,1,0,2,6,0.136,1.29,0.0,0.0,2.0,0.0,26.0,0.0,1,0.0,0.0,0.0
matonph01,2024,NLDS1,NYN,NL,0,0,2,0,0,0,0,5,3,1,0,1,3,0.375,5.4,0.0,0.0,0.0,0.0,9.0,0.0,1,0.0,0.0,0.0
megilty01,2024,NLDS1,NYN,NL,0,1,1,0,0,0,0,4,1,1,0,2,2,0.167,6.75,0.0,0.0,0.0,0.0,8.0,1.0,1,0.0,0.0,0.0
nolaaa01,2024,NLDS1,PHI,NL,0,1,1,1,0,0,0,15,5,4,2,2,8,0.25,7.2,0.0,0.0,0.0,0.0,22.0,0.0,4,0.0,0.0,0.0
peterda01,2024,NLDS1,NYN,NL,1,0,2,0,0,0,0,16,3,0,0,3,2,0.167,0.0,0.0,0.0,0.0,0.0,21.0,0.0,0,0.0,0.0,1.0
quintjo01,2024,NLDS1,NYN,NL,0,0,1,1,0,0,0,15,2,0,0,2,6,0.111,0.0,0.0,0.0,1.0,0.0,21.0,0.0,1,0.0,0.0,0.0
ruizjo01,2024,NLDS1,PHI,NL,0,0,2,0,0,0,0,4,4,1,1,0,0,0.571,6.75,0.0,0.0,0.0,0.0,7.0,0.0,1,0.0,0.0,0.0
sanchcr01,2024,NLDS1,PHI,NL,0,0,1,1,0,0,0,15,5,2,1,1,5,0.25,3.6,0.0,0.0,0.0,0.0,21.0,0.0,2,0.0,0.0,0.0
sengako01,2024,NLDS1,NYN,NL,0,0,1,1,0,0,0,6,1,1,1,1,3,0.143,4.5,0.0,0.0,0.0,0.0,8.0,0.0,1,0.0,0.0,0.0
severlu01,2024,NLDS1,NYN,NL,0,0,1,1,0,0,0,18,6,3,2,0,7,0.261,4.5,0.0,0.0,0.0,0.0,23.0,0.0,3,0.0,0.0,0.0
stanery01,2024,NLDS1,NYN,NL,0,0,2,0,0,0,0,7,2,1,0,1,2,0.222,3.86,0.0,0.0,0.0,0.0,10.0,2.0,1,0.0,0.0,0.0
strahma01,2024,NLDS1,PHI,NL,0,0,3,0,0,0,0,6,4,4,1,0,1,0.444,18.0,0.0,0.0,0.0,0.0,10.0,1.0,4,0.0,1.0,0.0
suarera01,2024,NLDS1,PHI,NL,0,0,1,1,0,0,0,13,5,0,0,4,8,0.294,0.0,0.0,0.0,0.0,0.0,21.0,0.0,0,0.0,0.0,1.0
wheelza01,2024,NLDS1,PHI,NL,0,0,1,1,0,0,0,21,1,0,0,4,9,0.048,0.0,0.0,0.0,1.0,0.0,26.0,0.0,0,0.0,0.0,1.0
adamja01,2024,NLDS2,SDN,NL,0,0,3,0,0,0,0,10,1,0,0,0,2,0.091,0.0,0.0,0.0,0.0,0.0,11.0,0.0,0,0.0,0.0,0.0
bandaan01,2024,NLDS2,LAN,NL,0,0,3,0,0,0,0,9,2,0,0,1,4,0.182,0.0,0.0,0.0,0.0,0.0,12.0,0.0,0,0.0,0.0,0.0
brasiry01,2024,NLDS2,LAN,NL,1,0,3,1,0,0,0,11,3,2,1,0,2,0.214,4.91,0.0,0.0,0.0,0.0,14.0,0.0,2,0.0,0.0,0.0
buehlwa01,2024,NLDS2,LAN,NL,0,1,1,1,0,0,0,15,7,6,1,1,0,0.318,10.8,1.0,1.0,0.0,0.0,24.0,0.0,6,0.0,1.0,1.0
ceasedy01,2024,NLDS2,SDN,NL,0,1,2,2,0,0,0,15,10,8,2,3,6,0.4,14.4,0.0,0.0,0.0,0.0,28.0,0.0,8,0.0,0.0,0.0
darviyu01,2024,NLDS2,SDN,NL,1,1,2,2,0,0,0,41,6,3,2,3,7,0.136,1.98,0.0,0.0,0.0,0.0,48.0,0.0,3,0.0,1.0,1.0
estraje01,2024,NLDS2,SDN,NL,0,0,3,0,0,0,0,11,3,0,0,1,5,0.214,0.0,0.0,0.0,0.0,0.0,15.0,0.0,1,0.0,0.0,1.0
flaheja01,2024,NLDS2,LAN,NL,0,1,1,1,0,0,0,16,5,4,2,1,2,0.25,6.75,0.0,0.0,1.0,0.0,22.0,0.0,4,0.0,0.0,1.0
grovemi01,2024,NLDS2,LAN,NL,0,0,1,0,0,0,0,1,1,1,1,0,1,0.5,27.0,0.0,0.0,0.0,0.0,2.0,0.0,1,0.0,0.0,0.0
henried01,2024,NLDS2,LAN,NL,0,0,1,0,0,0,0,3,4,3,2,0,1,0.571,27.0,0.0,0.0,0.0,0.0,7.0,1.0,3,0.0,0.0,0.0
hoeinbr01,2024,NLDS2,SDN,NL,0,0,2,0,0,0,0,4,4,2,1,1,1,0.5,13.5,0.0,0.0,0.0,0.0,9.0,0.0,2,0.0,0.0,0.0
hudsoda01,2024,NLDS2,LAN,NL,0,0,3,0,0,0,0,7,1,0,0,0,1,0.125,0.0,0.0,0.0,0.0,0.0,8.0,0.0,0,0.0,0.0,0.0
jacobal01,2024,NLDS2,SDN,NL,0,0,2,0,0,0,0,6,1,1,1,1,2,0.143,4.5,0.0,0.0,1.0,0.0,10.0,1.0,3,1.0,0.0,0.0
kingmi01,2024,NLDS2,SDN,NL,1,0,1,1,0,0,0,15,5,5,2,1,3,0.25,9.0,0.0,0.0,0.0,0.0,21.0,0.0,5,0.0,0.0,0.0
knackla01,2024,NLDS2,LAN,NL,0,0,1,0,0,0,0,3,1,0,0,0,1,0.25,0.0,0.0,0.0,0.0,0.0,4.0,1.0,0,0.0,0.0,0.0
kopecmi01,2024,NLDS2,LAN,NL,0,0,4,0,0,0,0,10,1,0,0,2,5,0.091,0.0,0.0,0.0,0.0,0.0,13.0,1.0,0,0.0,0.0,0.0
matsuyu01,2024,NLDS2,SDN,NL,0,0,1,0,0,0,0,3,1,0,0,0,1,0.25,0.0,0.0,0.0,0.0,0.0,4.0,1.0,0,0.0,0.0,0.0
morejad01,2024,NLDS2,SDN,NL,0,1,2,0,0,0,0,7,2,1,0,2,1,0.25,3.86,1.0,1.0,0.0,0.0,10.0,0.0,1,0.0,0.0,0.0
peralwa01,2024,NLDS2,SDN,NL,0,0,1,0,0,0,0,4,2,1,1,0,3,0.333,6.75,0.0,1.0,0.0,0.0,6.0,0.0,1,0.0,0.0,0.0
phillev01,2024,NLDS2,LAN,NL,1,0,3,0,0,0,0,13,0,0,0,0,4,0.0,0.0,0.0,0.0,0.0,0.0,13.0,0.0,0,0.0,0.0,0.0
scottta01,2024,NLDS2,SDN,NL,0,0,4,0,0,0,0,9,2,0,0,1,5,0.182,0.0,1.0,0.0,0.0,0.0,12.0,2.0,0,0.0,0.0,0.0
suarero01,2024,NLDS2,SDN,NL,0,0,1,0,0,0,1,4,0,0,0,0,2,0.0,0.0,0.0,0.0,0.0,0.0,4.0,1.0,0,0.0,0.0,0.0
treinbl01,2024,NLDS2,LAN,NL,0,0,3,0,0,0,2,11,3,0,0,2,4,0.214,0.0,0.0,0.0,0.0,0.0,16.0,2.0,0,0.0,0.0,0.0
vesiaal01,2024,NLDS2,LAN,NL,0,0,3,0,0,0,0,9,1,0,0,1,4,0.1,0.0,0.0,0.0,0.0,0.0,11.0,0.0,0,0.0,0.0,0.0
yamamyo01,2024,NLDS2,LAN,NL,1,0,2,2,0,0,0,24,7,5,1,3,3,0.233,5.63,0.0,1.0,0.0,0.0,33.0,0.0,5,0.0,0.0,1.0
ashbyaa01,2024,NLWC1,MIL,NL,0,0,1,0,0,0,0,0,3,2,0,2,0,1.0,,1.0,1.0,0.0,0.0,5.0,0.0,2,0.0,0.0,0.0
buttojo01,2024,NLWC1,NYN,NL,0,0,2,0,0,0,0,7,2,2,2,0,3,0.222,7.71,0.0,0.0,0.0,0.0,9.0,0.0,2,0.0,0.0,0.0
civalaa01,2024,NLWC1,MIL,NL,0,0,1,0,0,0,0,9,0,0,0,1,2,0.0,0.0,0.0,0.0,0.0,0.0,10.0,1.0,0,0.0,0.0,0.0
diazed04,2024,NLWC1,NYN,NL,1,0,1,0,0,0,0,5,0,0,0,2,3,0.0,0.0,0.0,0.0,0.0,0.0,7.0,0.0,0,0.0,0.0,0.0
garrere01,2024,NLWC1,NYN,NL,0,0,1,0,0,0,0,3,1,0,0,0,1,0.333,0.0,0.0,0.0,0.0,0.0,3.0,0.0,0,0.0,0.0,0.0
koenija01,2024,NLWC1,MIL,NL,0,0,1,0,0,0,0,2,1,0,0,0,0,0.333,0.0,0.0,0.0,0.0,0.0,3.0,0.0,0,0.0,0.0,0.0
manaese01,2024,NLWC1,NYN,NL,0,0,1,1,0,0,0,15,6,2,1,0,4,0.3,3.6,0.0,0.0,0.0,0.0,21.0,0.0,2,0.0,1.0,0.0
matonph01,2024,NLWC1,NYN,NL,0,1,1,0,0,0,0,3,4,3,2,0,0,0.667,27.0,0.0,0.0,0.0,0.0,6.0,1.0,3,0.0,0.0,1.0
mearsni01,2024,NLWC1,MIL,NL,0,0,2,0,0,0,0,7,0,0,0,0,3,0.0,0.0,0.0,0.0,0.0,0.0,7.0,0.0,0,0.0,0.0,0.0
megiltr01,2024,NLWC1,MIL,NL,0,0,2,0,0,0,0,7,0,0,0,0,4,0.0,0.0,0.0,0.0,1.0,1.0,8.0,0.0,0,0.0,0.0,0.0
montafr01,2024,NLWC1,MIL,NL,0,0,1,1,0,0,0,11,6,1,0,1,3,0.375,2.45,0.0,0.0,0.0,0.0,18.0,0.0,3,0.0,1.0,1.0
myersto01,2024,NLWC1,MIL,NL,0,0,1,1,0,0,0,15,2,0,0,0,5,0.118,0.0,0.0,1.0,1.0,0.0,18.0,0.0,0,0.0,0.0,0.0
payamjo01,2024,NLWC1,MIL,NL,0,1,2,0,0,0,0,5,3,3,0,3,1,0.375,16.2,1.0,0.0,0.0,0.0,11.0,0.0,3,0.0,0.0,0.0
peralfr01,2024,NLWC1,MIL,NL,0,0,2,1,0,0,0,15,2,3,0,1,5,0.125,5.4,0.0,0.0,0.0,0.0,18.0,0.0,3,0.0,1.0,0.0
peterda01,2024,NLWC1,NYN,NL,0,0,1,0,0,0,1,3,1,0,0,0,1,0.333,0.0,0.0,0.0,0.0,0.0,3.0,1.0,0,0.0,0.0,1.0
quintjo01,2024,NLWC1,NYN,NL,0,0,1,1,0,0,0,18,4,0,0,1,5,0.182,0.0,0.0,0.0,0.0,0.0,23.0,0.0,0,0.0,0.0,0.0
rossjo01,2024,NLWC1,MIL,NL,1,0,2,0,0,0,0,5,0,0,0,1,0,0.0,0.0,0.0,0.0,0.0,0.0,5.0,1.0,0,0.0,0.0,1.0
severlu01,2024,NLWC1,NYN,NL,1,0,1,1,0,0,0,18,8,3,0,2,3,0.32,4.5,0.0,0.0,1.0,0.0,28.0,0.0,4,0.0,0.0,1.0
stanery01,2024,NLWC1,NYN,NL,0,0,2,0,0,0,0,6,0,0,0,0,1,0.0,0.0,0.0,0.0,0.0,0.0,6.0,1.0,0,0.0,0.0,0.0
willide03,2024,NLWC1,MIL,NL,0,1,2,0,0,0,1,5,3,4,1,1,1,0.375,21.6,0.0,0.0,1.0,0.0,10.0,1.0,4,0.0,0.0,0.0
adamja01,2024,NLWC2,SDN,NL,0,0,2,0,0,0,0,6,3,2,1,0,4,0.333,9.0,0.0,0.0,0.0,0.0,9.0,0.0,2,0.0,0.0,0.0
bummeaa01,2024,NLWC2,ATL,NL,0,0,1,0,0,0,0,8,0,0,0,1,1,0.0,0.0,0.0,0.0,0.0,0.0,7.0,0.0,0,0.0,0.0,2.0
chaveje01,2024,NLWC2,ATL,NL,0,0,1,0,0,0,0,6,0,0,0,0,1,0.0,0.0,0.0,0.0,0.0,0.0,6.0,0.0,0,0.0,0.0,0.0
estraje01,2024,NLWC2,SDN,NL,0,0,1,0,0,0,0,2,2,0,0,0,0,0.5,0.0,0.0,0.0,0.0,0.0,4.0,0.0,0,0.0,0.0,0.0
friedma01,2024,NLWC2,ATL,NL,0,1,1,1,0,0,0,6,8,5,1,0,2,0.533,22.5,0.0,0.0,0.0,0.0,15.0,0.0,5,0.0,0.0,0.0
hernada03,2024,NLWC2,ATL,NL,0,0,1,0,0,0,0,7,1,0,0,1,3,0.125,0.0,0.0,0.0,0.0,0.0,9.0,0.0,0,0.0,0.0,0.0
hoeinbr01,2024,NLWC2,SDN,NL,1,0,1,0,0,0,0,4,1,1,1,0,1,0.2,6.75,0.0,0.0,0.0,0.0,5.0,0.0,1,0.0,0.0,0.0
jackslu01,2024,NLWC2,ATL,NL,0,0,1,0,0,0,0,6,1,1,1,0,2,0.143,4.5,0.0,0.0,0.0,0.0,7.0,1.0,1,0.0,0.0,0.0
jimenjo02,2024,NLWC2,ATL,NL,0,0,1,0,0,0,0,3,0,0,0,1,1,0.0,0.0,0.0,0.0,0.0,0.0,4.0,1.0,0,0.0,0.0,0.0
johnspi01,2024,NLWC2,ATL,NL,0,0,1,0,0,0,0,3,0,0,0,0,0,0.0,0.0,0.0,0.0,0.0,0.0,3.0,0.0,0,0.0,0.0,0.0
kingmi01,2024,NLWC2,SDN,NL,1,0,1,1,0,0,0,21,5,0,0,0,12,0.192,0.0,0.0,0.0,0.0,0.0,26.0,0.0,0,0.0,0.0,0.0
leedy01,2024,NLWC2,ATL,NL,0,0,1,0,0,0,0,5,1,0,0,0,0,0.167,0.0,0.0,0.0,0.0,0.0,6.0,0.0,0,0.0,0.0,0.0
musgrjo01,2024,NLWC2,SDN,NL,0,0,1,1,0,0,0,11,1,1,0,0,4,0.091,2.45,0.0,0.0,0.0,0.0,12.0,0.0,1,0.0,1.0,0.0
scottta01,2024,NLWC2,SDN,NL,0,0,1,0,0,0,0,4,0,0,0,1,2,0.0,0.0,0.0,0.0,0.0,0.0,5.0,0.0,0,0.0,0.0,0.0
smithaj01,2024,NLWC2,ATL,NL,0,1,1,1,0,0,0,4,4,3,1,0,1,0.571,20.25,0.0,0.0,1.0,0.0,9.0,0.0,3,0.0,1.0,0.0
suarero01,2024,NLWC2,SDN,NL,0,0,2,0,0,0,1,6,1,0,0,0,0,0.143,0.0,0.0,0.0,0.0,0.0,7.0,2.0,0,0.0,0.0,0.0
bandaan01,2024,WS,LAN,NL,0,0,4,0,0,0,0,7,2,0,0,4,4,0.222,0.0,1.0,1.0,1.0,0.0,14.0,0.0,0,0.0,0.0,0.0
brasiry01,2024,WS,LAN,NL,0,0,2,0,0,0,0,6,1,1,1,1,3,0.143,4.5,0.0,0.0,0.0,0.0,8.0,0.0,1,0.0,0.0,0.0
buehlwa01,2024,WS,LAN,NL,1,0,2,1,0,0,1,18,2,0,0,2,7,0.105,0.0,0.0,0.0,0.0,0.0,21.0,1.0,0,0.0,0.0,0.0
caspabe01,2024,WS,LAN,NL,0,0,1,1,0,0,0,6,1,1,0,3,1,0.143,4.5,0.0,0.0,0.0,0.0,10.0,0.0,1,0.0,0.0,0.0
colege01,2024,WS,NYA,AL,0,0,2,2,0,0,0,38,8,1,0,4,10,0.17,0.71,0.0,0.0,0.0,0.0,52.0,0.0,6,0.0,1.0,0.0
cortene01,2024,WS,NYA,AL,0,0,2,0,0,0,0,6,1,2,1,1,1,0.143,9.0,1.0,0.0,0.0,0.0,8.0,1.0,2,0.0,0.0,1.0
cousija01,2024,WS,NYA,AL,0,1,3,0,0,0,0,7,4,3,0,1,1,0.4,11.57,0.0,0.0,1.0,0.0,12.0,0.0,3,0.0,0.0,0.0
flaheja01,2024,WS,LAN,NL,0,0,2,2,0,0,0,20,9,6,3,2,7,0.31,8.1,0.0,0.0,0.0,0.0,31.0,0.0,6,0.0,0.0,1.0
gillu01,2024,WS,NYA,AL,0,0,1,1,0,0,0,12,5,4,2,2,1,0.313,9.0,0.0,0.0,0.0,0.0,18.0,0.0,4,0.0,0.0,0.0
gratebr01,2024,WS,LAN,NL,0,0,3,0,0,0,0,7,2,1,0,4,1,0.25,3.86,0.0,0.0,0.0,0.0,13.0,0.0,1,0.0,1.0,0.0
hillti01,2024,WS,NYA,AL,0,0,3,0,0,0,0,8,1,0,0,1,1,0.111,0.0,0.0,0.0,0.0,0.0,10.0,0.0,0,0.0,0.0,0.0
holmecl01,2024,WS,NYA,AL,1,0,5,0,0,0,0,13,1,0,0,2,6,0.083,0.0,0.0,0.0,1.0,0.0,16.0,0.0,0,1.0,0.0,0.0
honeybr01,2024,WS,LAN,NL,0,0,1,0,0,0,0,3,4,5,1,1,0,0.5,45.0,0.0,0.0,0.0,0.0,9.0,1.0,5,0.0,0.0,0.0
hudsoda01,2024,WS,LAN,NL,0,1,2,0,0,0,0,5,3,4,1,1,3,0.375,21.6,0.0,0.0,1.0,0.0,10.0,0.0,4,0.0,0.0,0.0
kahnlto01,2024,WS,NYA,AL,0,1,3,0,0,0,0,5,3,2,0,1,1,0.375,10.8,0.0,0.0,0.0,0.0,9.0,0.0,3,0.0,0.0,0.0
knackla01,2024,WS,LAN,NL,0,0,1,0,0,0,0,12,2,1,1,1,2,0.143,2.25,0.0,0.0,0.0,0.0,15.0,0.0,1,0.0,0.0,1.0
kopecmi01,2024,WS,LAN,NL,0,0,4,0,0,0,0,11,3,2,1,3,3,0.214,4.91,1.0,1.0,0.0,0.0,17.0,1.0,2,0.0,0.0,0.0
leitema02,2024,WS,NYA,AL,0,0,4,0,0,0,0,9,1,0,0,2,3,0.1,0.0,0.0,0.0,0.0,0.0,12.0,2.0,0,0.0,0.0,0.0
mayzati01,2024,WS,NYA,AL,0,0,1,0,0,0,0,3,0,0,0,0,0,0.0,0.0,0.0,0.0,0.0,0.0,3.0,1.0,0,0.0,0.0,0.0
rodonca01,2024,WS,NYA,AL,0,1,1,1,0,0,0,10,6,4,3,0,3,0.375,10.8,0.0,0.0,0.0,0.0,16.0,0.0,4,0.0,0.0,0.0
schmicl01,2024,WS,NYA,AL,0,1,1,1,0,0,0,8,2,3,1,4,3,0.2,10.13,0.0,0.0,0.0,0.0,14.0,0.0,3,0.0,0.0,0.0
treinbl01,2024,WS,LAN,NL,2,0,3,0,0,0,0,13,5,2,0,2,7,0.278,4.15,1.0,1.0,1.0,0.0,21.0,1.0,2,0.0,0.0,0.0
vesiaal01,2024,WS,LAN,NL,0,0,4,0,0,0,1,8,1,0,0,1,2,0.111,0.0,0.0,0.0,1.0,0.0,11.0,1.0,0,0.0,0.0,0.0
weavelu01,2024,WS,NYA,AL,0,0,4,0,0,0,0,15,1,0,0,1,4,0.077,0.0,0.0,0.0,1.0,1.0,18.0,1.0,0,0.0,3.0,1.0
yamamyo01,2024,WS,LAN,NL,1,0,1,1,0,0,0,19,1,1,1,2,4,0.05,1.42,0.0,0.0,0.0,0.0,22.0,0.0,1,0.0,0.0,0.0
bassich01,2025,ALCS,TOR,AL,0,0,2,0,0,0,0,8,0,0,0,0,3,0.0,0.0,0.0,0.0,0.0,0.0,8.0,0.0,0,0.0,1.0,0.0
bazared01,2025,ALCS,SEA,AL,1,1,4,0,0,0,0,17,5,2,2,0,5,0.227,3.18,0.0,0.0,0.0,0.0,22.0,0.0,2,0.0,0.0,0.0
biebesh01,2025,ALCS,TOR,AL,1,0,2,2,0,0,0,29,11,4,2,2,13,0.289,3.72,0.0,0.0,0.0,0.0,41.0,0.0,4,1.0,0.0,0.0
brashma01,2025,ALCS,SEA,AL,0,0,4,0,0,0,0,13,2,1,0,3,3,0.133,2.08,0.0,2.0,1.0,0.0,19.0,0.0,1,0.0,0.0,0.0
castilu02,2025,ALCS,SEA,AL,0,1,1,1,0,0,0,7,5,3,1,1,1,0.417,11.57,0.0,0.0,0.0,0.0,13.0,0.0,3,0.0,0.0,0.0
dominse01,2025,ALCS,TOR,AL,0,0,4,0,0,0,0,10,3,3,1,2,2,0.231,8.1,0.0,1.0,1.0,0.0,16.0,2.0,3,0.0,0.0,0.0
ferguca01,2025,ALCS,SEA,AL,0,0,1,0,0,0,0,6,3,2,1,1,2,0.333,9.0,1.0,1.0,0.0,0.0,10.0,0.0,2,0.0,0.0,0.0
fishebr02,2025,ALCS,TOR,AL,0,0,2,0,0,0,0,6,3,2,1,0,3,0.375,9.0,0.0,0.0,0.0,0.0,8.0,0.0,2,0.0,0.0,1.0
fluhama01,2025,ALCS,TOR,AL,0,0,4,0,0,0,0,7,4,1,0,1,3,0.4,3.86,0.0,1.0,0.0,0.0,11.0,1.0,1,0.0,0.0,0.0
gausmke01,2025,ALCS,TOR,AL,1,1,3,2,0,0,0,37,6,3,2,7,9,0.143,2.19,1.0,0.0,0.0,0.0,49.0,0.0,3,0.0,0.0,1.0
gilbelo01,2025,ALCS,SEA,AL,0,1,2,2,0,0,0,21,12,6,2,2,5,0.353,7.71,0.0,0.0,0.0,0.0,36.0,0.0,8,0.0,0.0,0.0
hancoem01,2025,ALCS,SEA,AL,0,0,2,0,0,0,0,12,2,2,0,5,3,0.167,4.5,0.0,0.0,0.0,0.0,18.0,2.0,2,1.0,0.0,1.0
hoffmje02,2025,ALCS,TOR,AL,0,0,4,0,0,0,1,15,1,0,0,1,10,0.063,0.0,0.0,0.0,0.0,0.0,17.0,3.0,0,0.0,0.0,0.0
jackslu01,2025,ALCS,SEA,AL,0,0,1,0,0,0,0,6,3,1,1,0,1,0.333,4.5,0.0,1.0,0.0,0.0,9.0,1.0,1,0.0,0.0,0.0
kirbyge01,2025,ALCS,SEA,AL,0,1,2,2,0,0,0,24,12,9,3,3,7,0.333,10.13,0.0,1.0,0.0,0.0,39.0,0.0,9,0.0,0.0,0.0
lauerer01,2025,ALCS,TOR,AL,0,0,1,0,0,0,0,3,1,0,0,0,2,0.25,0.0,0.0,0.0,0.0,0.0,4.0,1.0,0,0.0,0.0,0.0
littlbr02,2025,ALCS,TOR,AL,0,1,2,0,0,0,0,1,2,3,1,2,1,0.667,81.0,0.0,1.0,0.0,0.0,5.0,0.0,3,0.0,0.0,0.0
millebr04,2025,ALCS,SEA,AL,1,0,2,2,0,0,0,30,6,2,1,5,7,0.176,1.8,1.0,0.0,0.0,0.0,39.0,0.0,2,0.0,0.0,1.0
munozan01,2025,ALCS,SEA,AL,0,0,3,0,0,0,1,9,2,0,0,0,0,0.2,0.0,0.0,0.0,0.0,0.0,10.0,3.0,0,0.0,0.0,0.0
rodriya01,2025,ALCS,TOR,AL,0,0,2,0,0,0,0,3,2,3,2,3,1,0.4,27.0,0.0,0.0,0.0,0.0,8.0,0.0,3,0.0,0.0,0.0
scherma01,2025,ALCS,TOR,AL,1,0,1,1,0,0,0,17,3,2,1,4,5,0.167,3.18,0.0,0.0,0.0,0.0,22.0,0.0,2,0.0,0.0,1.0
speiega01,2025,ALCS,SEA,AL,1,0,3,0,0,0,0,10,2,2,0,1,2,0.182,5.4,0.0,0.0,0.0,0.0,13.0,0.0,2,1.0,0.0,0.0
vargaca01,2025,ALCS,SEA,AL,0,0,4,0,0,0,0,15,7,2,0,1,2,0.333,3.6,0.0,0.0,0.0,0.0,22.0,1.0,2,0.0,0.0,0.0
varlalo01,2025,ALCS,TOR,AL,0,0,6,0,0,0,0,21,4,2,2,1,8,0.16,2.57,0.0,0.0,0.0,0.0,26.0,0.0,2,0.0,0.0,0.0
woobr01,2025,ALCS,SEA,AL,0,0,2,0,0,0,0,13,4,3,0,3,2,0.267,6.23,1.0,0.0,1.0,0.0,20.0,0.0,3,1.0,0.0,1.0
yesavtr01,2025,ALCS,TOR,AL,1,1,2,2,0,0,0,29,10,7,2,6,11,0.278,6.52,1.0,1.0,1.0,0.0,43.0,0.0,7,0.0,0.0,3.0
bednada01,2025,ALDS1,NYA,AL,0,0,2,0,0,0,1,10,1,0,0,0,5,0.091,0.0,0.0,0.0,0.0,0.0,11.0,2.0,0,0.0,0.0,0.0
biebesh01,2025,ALDS1,TOR,AL,0,0,1,1,0,0,0,8,5,2,0,1,2,0.385,6.75,0.0,1.0,0.0,0.0,15.0,0.0,3,0.0,1.0,0.0
blackpa01,2025,ALDS1,NYA,AL,0,0,1,0,0,0,0,4,6,4,1,0,0,0.667,27.0,0.0,0.0,0.0,0.0,10.0,1.0,4,0.0,1.0,0.0
bruihju01,2025,ALDS1,TOR,AL,0,0,1,0,0,0,0,1,3,2,1,0,0,0.75,54.0,0.0,0.0,0.0,0.0,4.0,0.0,2,0.0,0.0,0.0
cruzfe01,2025,ALDS1,NYA,AL,0,0,2,0,0,0,0,6,2,1,0,1,3,0.286,4.5,0.0,0.0,0.0,0.0,9.0,0.0,1,0.0,1.0,0.0
dominse01,2025,ALDS1,TOR,AL,1,0,3,0,0,0,0,10,0,0,0,3,3,0.0,0.0,0.0,0.0,0.0,0.0,12.0,1.0,0,0.0,0.0,1.0
dovalca01,2025,ALDS1,NYA,AL,0,0,3,0,0,0,0,10,3,1,0,0,1,0.231,2.7,0.0,0.0,1.0,0.0,14.0,0.0,1,0.0,0.0,0.0
fishebr02,2025,ALDS1,TOR,AL,0,0,3,0,0,0,0,5,4,1,0,1,3,0.5,5.4,0.0,0.0,0.0,0.0,9.0,0.0,1,0.0,0.0,0.0
fluhama01,2025,ALDS1,TOR,AL,0,0,3,0,0,0,0,6,1,2,1,1,4,0.125,9.0,0.0,0.0,0.0,0.0,9.0,0.0,3,0.0,0.0,0.0
friedma01,2025,ALDS1,NYA,AL,0,1,1,1,0,0,0,9,8,7,1,2,1,0.5,21.0,0.0,0.0,0.0,0.0,18.0,0.0,7,0.0,0.0,1.0
gausmke01,2025,ALDS1,TOR,AL,1,0,1,1,0,0,0,17,4,1,0,2,3,0.2,1.59,0.0,0.0,0.0,0.0,22.0,0.0,1,0.0,0.0,0.0
gillu01,2025,ALDS1,NYA,AL,0,1,1,1,0,0,0,8,4,2,2,0,2,0.333,6.75,0.0,0.0,0.0,0.0,12.0,0.0,2,0.0,0.0,0.0
hillti01,2025,ALDS1,NYA,AL,1,0,2,0,0,0,0,8,1,0,0,0,1,0.111,0.0,0.0,0.0,0.0,0.0,9.0,0.0,0,0.0,0.0,0.0
hoffmje02,2025,ALDS1,TOR,AL,0,0,2,0,0,0,1,7,2,1,0,1,2,0.222,3.86,0.0,0.0,1.0,0.0,11.0,2.0,1,0.0,0.0,0.0
lauerer01,2025,ALDS1,TOR,AL,0,0,2,0,0,0,0,6,3,3,0,1,3,0.333,13.5,1.0,0.0,0.0,0.0,10.0,0.0,3,0.0,0.0,0.0
littlbr02,2025,ALDS1,TOR,AL,0,0,3,0,0,0,0,8,3,1,0,2,1,0.3,3.38,1.0,0.0,0.0,0.0,13.0,0.0,1,0.0,1.0,0.0
nanceto01,2025,ALDS1,TOR,AL,0,0,2,0,0,0,0,4,5,2,0,1,0,0.625,13.5,1.0,0.0,0.0,0.0,10.0,1.0,2,0.0,1.0,0.0
rodonca01,2025,ALDS1,NYA,AL,0,0,1,1,0,0,0,7,6,6,1,2,2,0.462,23.14,1.0,0.0,1.0,0.0,16.0,0.0,6,0.0,0.0,0.0
rodriya01,2025,ALDS1,TOR,AL,0,0,2,0,0,0,0,5,0,0,0,1,0,0.0,0.0,0.0,0.0,0.0,0.0,6.0,0.0,0,0.0,0.0,0.0
schlica01,2025,ALDS1,NYA,AL,0,1,1,1,0,0,0,19,8,2,0,0,2,0.308,2.84,0.0,1.0,0.0,0.0,27.0,0.0,4,0.0,1.0,1.0
varlalo01,2025,ALDS1,TOR,AL,0,1,4,1,0,0,0,12,4,2,2,0,5,0.25,4.5,0.0,0.0,1.0,0.0,17.0,0.0,2,0.0,0.0,0.0
warrewi01,2025,ALDS1,NYA,AL,0,0,1,0,0,0,0,14,7,6,4,1,4,0.333,11.57,0.0,1.0,0.0,0.0,22.0,0.0,6,0.0,0.0,0.0
weavelu01,2025,ALDS1,NYA,AL,0,0,2,0,0,0,0,1,2,3,0,1,0,0.667,81.0,0.0,0.0,0.0,0.0,4.0,1.0,3,0.0,0.0,0.0
willide03,2025,ALDS1,NYA,AL,0,0,2,0,0,0,0,6,2,0,0,1,3,0.25,0.0,0.0,0.0,0.0,0.0,9.0,0.0,0,0.0,0.0,0.0
yesavtr01,2025,ALDS1,TOR,AL,1,0,1,1,0,0,0,16,0,0,0,1,11,0.0,0.0,0.0,0.0,0.0,0.0,18.0,0.0,0,0.0,0.0,0.0
bazared01,2025,ALDS2,SEA,AL,0,0,5,0,0,0,0,18,6,3,1,1,8,0.273,4.5,1.0,0.0,0.0,0.0,24.0,0.0,3,1.0,0.0,0.0
brashma01,2025,ALDS2,SEA,AL,1,0,4,0,0,0,0,14,1,1,0,2,7,0.063,1.93,0.0,0.0,0.0,0.0,18.0,0.0,2,0.0,0.0,0.0
castilu02,2025,ALDS2,SEA,AL,1,0,2,1,0,0,0,18,1,0,0,4,4,0.053,0.0,0.0,0.0,0.0,0.0,23.0,1.0,0,0.0,0.0,0.0
ferguca01,2025,ALDS2,SEA,AL,0,0,2,0,0,0,0,2,3,3,0,2,0,0.6,40.5,0.0,0.0,0.0,0.0,7.0,0.0,3,0.0,0.0,0.0
finneky01,2025,ALDS2,DET,AL,0,1,4,0,0,0,0,13,7,3,0,1,2,0.368,6.23,0.0,1.0,0.0,0.0,20.0,0.0,3,0.0,0.0,1.0
flaheja01,2025,ALDS2,DET,AL,0,1,2,1,0,0,0,16,4,3,1,6,8,0.222,5.06,0.0,0.0,0.0,0.0,24.0,0.0,4,0.0,0.0,1.0
gilbelo01,2025,ALDS2,SEA,AL,1,0,2,1,0,0,0,24,7,1,0,1,9,0.233,1.13,1.0,0.0,1.0,0.0,33.0,0.0,1,1.0,0.0,0.0
hanifbr01,2025,ALDS2,DET,AL,0,0,1,0,0,0,0,3,2,2,1,0,0,0.4,18.0,0.0,0.0,0.0,0.0,5.0,1.0,2,0.0,0.0,0.0
holtoty01,2025,ALDS2,DET,AL,0,0,3,0,0,0,0,4,3,1,0,1,0,0.5,6.75,0.0,0.0,0.0,0.0,7.0,0.0,1,0.0,0.0,1.0
hurtebr01,2025,ALDS2,DET,AL,0,0,3,0,0,0,0,9,1,1,1,0,1,0.1,3.0,0.0,0.0,0.0,0.0,10.0,1.0,1,0.0,0.0,0.0
jackslu01,2025,ALDS2,SEA,AL,0,0,1,0,0,0,0,3,0,0,0,0,0,0.0,0.0,0.0,0.0,0.0,0.0,3.0,1.0,0,0.0,0.0,0.0
kahnlto01,2025,ALDS2,DET,AL,0,1,3,0,0,0,0,6,3,1,0,2,2,0.333,4.5,1.0,0.0,1.0,0.0,12.0,1.0,1,0.0,0.0,0.0
kirbyge01,2025,ALDS2,SEA,AL,0,0,2,2,0,0,0,30,9,3,1,1,14,0.237,2.7,0.0,0.0,1.0,0.0,40.0,0.0,3,0.0,0.0,0.0
meltotr01,2025,ALDS2,DET,AL,1,0,3,1,0,0,0,24,5,1,1,3,8,0.179,1.13,1.0,0.0,0.0,0.0,31.0,0.0,1,0.0,0.0,1.0
millebr04,2025,ALDS2,SEA,AL,0,0,1,1,0,0,0,13,4,2,0,0,2,0.25,4.15,0.0,0.0,0.0,0.0,16.0,0.0,2,0.0,0.0,1.0
mizeca01,2025,ALDS2,DET,AL,0,0,1,1,0,0,0,9,2,1,0,2,6,0.182,3.0,0.0,0.0,0.0,0.0,13.0,0.0,1,0.0,0.0,0.0
monteke01,2025,ALDS2,DET,AL,0,0,3,0,0,0,1,16,1,0,0,2,2,0.067,0.0,0.0,0.0,2.0,0.0,20.0,1.0,1,0.0,1.0,1.0
montera01,2025,ALDS2,DET,AL,0,0,1,0,0,0,0,0,2,1,0,1,0,1.0,,0.0,0.0,0.0,0.0,3.0,0.0,1,0.0,0.0,0.0
munozan01,2025,ALDS2,SEA,AL,0,0,4,0,0,0,1,16,0,0,0,2,5,0.0,0.0,0.0,0.0,0.0,0.0,17.0,2.0,0,0.0,0.0,0.0
skubata01,2025,ALDS2,DET,AL,0,0,2,2,0,0,0,39,7,3,2,1,22,0.156,2.08,0.0,0.0,0.0,0.0,47.0,0.0,3,0.0,1.0,0.0
speiega01,2025,ALDS2,SEA,AL,0,1,4,0,0,0,0,12,4,3,2,1,4,0.25,6.75,1.0,0.0,0.0,0.0,17.0,0.0,3,0.0,0.0,0.0
vargaca01,2025,ALDS2,SEA,AL,0,1,2,0,0,0,0,6,3,3,1,2,2,0.333,13.5,0.0,2.0,0.0,0.0,11.0,1.0,3,0.0,0.0,0.0
vestwi01,2025,ALDS2,DET,AL,1,0,3,0,0,0,0,15,1,0,0,0,7,0.063,0.0,0.0,0.0,1.0,0.0,17.0,1.0,0,0.0,0.0,0.0
bibeeta01,2025,ALWC1,CLE,AL,0,0,1,1,0,0,0,14,5,1,0,3,6,0.263,1.93,0.0,1.0,0.0,0.0,22.0,0.0,1,0.0,0.0,0.0
cantijo01,2025,ALWC1,CLE,AL,0,1,1,0,0,0,0,8,2,1,1,2,3,0.222,3.38,0.0,0.0,0.0,0.0,11.0,0.0,1,0.0,0.0,1.0
ceccosl01,2025,ALWC1,CLE,AL,0,0,1,1,0,0,0,7,2,1,0,1,3,0.222,3.86,0.0,0.0,0.0,0.0,10.0,0.0,1,0.0,0.0,0.0
festama01,2025,ALWC1,CLE,AL,0,0,1,0,0,0,0,2,0,0,0,1,1,0.0,0.0,0.0,0.0,0.0,0.0,3.0,0.0,0,0.0,0.0,0.0
finneky01,2025,ALWC1,DET,AL,1,0,2,0,0,0,0,9,0,0,0,1,1,0.0,0.0,0.0,0.0,0.0,0.0,10.0,0.0,0,0.0,0.0,0.0
flaheja01,2025,ALWC1,DET,AL,0,0,1,1,0,0,0,14,3,1,0,2,4,0.2,1.93,0.0,0.0,0.0,0.0,17.0,0.0,1,0.0,0.0,1.0
gaddihu01,2025,ALWC1,CLE,AL,0,0,3,0,0,0,0,8,5,2,0,1,3,0.417,6.75,1.0,0.0,1.0,0.0,15.0,0.0,2,1.0,0.0,0.0
herriti01,2025,ALWC1,CLE,AL,0,0,2,0,0,0,0,4,1,0,0,0,3,0.2,0.0,0.0,0.0,0.0,0.0,5.0,0.0,0,0.0,0.0,0.0
holtoty01,2025,ALWC1,DET,AL,0,0,2,0,0,0,0,10,2,0,0,0,2,0.182,0.0,0.0,0.0,0.0,0.0,11.0,0.0,0,0.0,0.0,1.0
hurtebr01,2025,ALWC1,DET,AL,0,0,1,0,0,0,0,2,1,1,1,0,0,0.333,13.5,0.0,0.0,0.0,0.0,3.0,1.0,1,0.0,0.0,0.0
junisja01,2025,ALWC1,CLE,AL,0,0,2,0,0,0,0,5,0,0,0,1,0,0.0,0.0,0.0,0.0,0.0,0.0,6.0,0.0,0,0.0,0.0,0.0
kahnlto01,2025,ALWC1,DET,AL,0,0,1,0,0,0,0,1,2,0,0,0,0,0.667,0.0,0.0,0.0,0.0,0.0,3.0,0.0,2,0.0,0.0,0.0
meltotr01,2025,ALWC1,DET,AL,0,1,1,0,0,0,0,1,3,4,1,1,0,0.75,108.0,1.0,0.0,0.0,0.0,5.0,0.0,4,0.0,0.0,0.0
mizeca01,2025,ALWC1,DET,AL,0,0,1,1,0,0,0,9,1,1,1,2,1,0.1,3.0,0.0,0.0,0.0,0.0,12.0,0.0,1,0.0,0.0,0.0
sabroer01,2025,ALWC1,CLE,AL,0,0,3,0,0,0,0,5,2,2,0,1,2,0.286,10.8,0.0,0.0,0.0,0.0,8.0,0.0,2,0.0,0.0,0.0
skubata01,2025,ALWC1,DET,AL,1,0,1,1,0,0,0,23,3,1,0,3,14,0.12,1.17,0.0,0.0,0.0,0.0,28.0,0.0,1,0.0,0.0,1.0
smithca05,2025,ALWC1,CLE,AL,1,0,3,0,0,0,0,10,0,0,0,2,4,0.0,0.0,0.0,0.0,2.0,0.0,15.0,3.0,0,1.0,0.0,0.0
vestwi01,2025,ALWC1,DET,AL,0,0,2,0,0,0,1,9,1,0,0,0,2,0.1,0.0,0.0,0.0,0.0,0.0,10.0,2.0,0,0.0,0.0,0.0
williga01,2025,ALWC1,CLE,AL,0,1,1,1,0,0,0,18,5,0,0,1,8,0.217,0.0,0.0,0.0,0.0,0.0,24.0,0.0,2,0.0,0.0,1.0
bednada01,2025,ALWC2,NYA,AL,0,0,3,0,0,0,1,8,2,1,0,1,4,0.2,3.38,0.0,0.0,0.0,0.0,11.0,2.0,1,0.0,0.0,0.0
bellobr01,2025,ALWC2,BOS,AL,0,0,1,1,0,0,0,7,4,2,1,1,0,0.4,7.71,0.0,0.0,0.0,0.0,11.0,0.0,2,0.0,0.0,1.0
chapmar01,2025,ALWC2,BOS,AL,0,0,2,0,0,0,1,7,4,0,0,0,5,0.364,0.0,0.0,0.0,0.0,1.0,11.0,2.0,0,0.0,0.0,0.0
crochga01,2025,ALWC2,BOS,AL,1,0,1,1,0,0,0,23,4,1,1,0,11,0.154,1.17,0.0,0.0,0.0,0.0,26.0,0.0,1,0.0,0.0,1.0
cruzfe01,2025,ALWC2,NYA,AL,0,0,2,0,0,0,0,5,1,0,0,1,1,0.167,0.0,0.0,0.0,0.0,0.0,7.0,0.0,0,0.0,0.0,0.0
earlyco01,2025,ALWC2,BOS,AL,0,1,1,1,0,0,0,11,6,3,0,1,6,0.333,7.36,0.0,0.0,0.0,0.0,19.0,0.0,4,0.0,0.0,0.0
friedma01,2025,ALWC2,NYA,AL,0,0,1,1,0,0,0,19,4,0,0,3,6,0.182,0.0,0.0,0.0,0.0,0.0,25.0,0.0,0,0.0,0.0,1.0
hillti01,2025,ALWC2,NYA,AL,0,0,1,0,0,0,0,1,0,0,0,0,0,0.0,0.0,0.0,0.0,0.0,0.0,1.0,1.0,0,0.0,0.0,0.0
kellyza01,2025,ALWC2,BOS,AL,0,0,1,0,0,0,0,1,0,0,0,0,1,0.0,0.0,0.0,0.0,0.0,0.0,1.0,0.0,0,0.0,0.0,0.0
matzst01,2025,ALWC2,BOS,AL,0,0,2,0,0,0,0,6,3,0,0,0,2,0.333,0.0,0.0,0.0,0.0,0.0,9.0,0.0,0,0.0,0.0,0.0
rodonca01,2025,ALWC2,NYA,AL,0,0,1,1,0,0,0,18,4,3,1,3,6,0.2,4.5,0.0,1.0,1.0,0.0,25.0,0.0,3,1.0,0.0,2.0
schlica01,2025,ALWC2,NYA,AL,1,0,1,1,0,0,0,24,5,0,0,0,12,0.172,0.0,0.0,0.0,0.0,0.0,29.0,0.0,0,0.0,0.0,0.0
slateju01,2025,ALWC2,BOS,AL,0,0,2,0,0,0,0,6,1,1,0,1,1,0.143,4.5,0.0,1.0,1.0,0.0,9.0,0.0,1,0.0,0.0,0.0
tollepa01,2025,ALWC2,BOS,AL,0,0,1,0,0,0,0,1,0,0,0,0,0,0.0,0.0,0.0,0.0,0.0,0.0,1.0,1.0,0,0.0,0.0,0.0
weavelu01,2025,ALWC2,NYA,AL,0,1,1,0,0,0,0,0,2,2,0,1,0,1.0,,0.0,0.0,0.0,0.0,3.0,0.0,2,0.0,0.0,0.0
weissgr01,2025,ALWC2,BOS,AL,0,0,1,0,0,0,0,3,0,0,0,0,0,0.0,0.0,0.0,0.0,0.0,0.0,3.0,0.0,0,0.0,0.0,0.0
whitlga01,2025,ALWC2,BOS,AL,0,1,1,0,0,0,0,5,3,1,0,2,3,0.375,5.4,0.0,0.0,0.0,0.0,10.0,0.0,1,0.0,0.0,0.0
willide03,2025,ALWC2,NYA,AL,1,0,2,0,0,0,0,6,1,0,0,1,1,0.167,0.0,0.0,0.0,0.0,0.0,7.0,0.0,0,0.0,0.0,1.0
wilsoju10,2025,ALWC2,BOS,AL,0,0,1,0,0,0,0,5,0,0,0,0,0,0.0,0.0,0.0,0.0,0.0,0.0,5.0,0.0,0,0.0,0.0,0.0
andergr01,2025,NLCS,MIL,NL,0,0,1,0,0,0,0,2,0,0,0,0,0,0.0,0.0,0.0,0.0,0.0,0.0,1.0,1.0,0,0.0,0.0,1.0
ashbyaa01,2025,NLCS,MIL,NL,0,0,3,2,0,0,0,6,3,1,0,2,3,0.333,4.5,0.0,0.0,0.0,0.0,11.0,0.0,1,0.0,0.0,0.0
bandaan01,2025,NLCS,LAN,NL,0,0,2,0,0,0,0,5,1,0,0,0,1,0.167,0.0,0.0,0.0,0.0,0.0,6.0,0.0,0,0.0,0.0,0.0
gassero01,2025,NLCS,MIL,NL,0,0,1,0,0,0,0,2,1,0,0,1,2,0.333,0.0,1.0,0.0,1.0,0.0,5.0,0.0,0,0.0,0.0,0.0
glasnty01,2025,NLCS,LAN,NL,0,0,1,1,0,0,0,17,3,1,0,3,8,0.15,1.59,0.0,0.0,0.0,0.0,23.0,0.0,1,0.0,0.0,0.0
koenija01,2025,NLCS,MIL,NL,0,0,3,0,0,0,0,12,1,0,0,2,6,0.077,0.0,0.0,0.0,0.0,0.0,15.0,2.0,0,0.0,0.0,0.0
megiltr01,2025,NLCS,MIL,NL,0,0,2,0,0,0,0,6,2,1,1,0,3,0.25,4.5,0.0,0.0,0.0,0.0,8.0,0.0,1,0.0,0.0,0.0
misioja01,2025,NLCS,MIL,NL,0,1,1,0,0,0,0,15,3,1,0,1,9,0.167,1.8,0.0,0.0,0.0,0.0,19.0,0.0,2,0.0,0.0,0.0
myersto01,2025,NLCS,MIL,NL,0,0,1,0,0,0,0,2,2,1,0,2,0,0.5,13.5,0.0,0.0,0.0,0.0,6.0,0.0,1,0.0,0.0,0.0
ohtansh01,2025,NLCS,LAN,NL,1,0,1,1,0,0,0,18,2,0,0,3,10,0.105,0.0,0.0,0.0,0.0,0.0,22.0,0.0,0,0.0,0.0,0.0
patrich01,2025,NLCS,MIL,NL,0,1,2,0,0,0,0,13,3,2,2,1,5,0.188,4.15,0.0,0.0,0.0,0.0,17.0,0.0,2,0.0,0.0,0.0
peralfr01,2025,NLCS,MIL,NL,0,1,1,1,0,0,0,17,5,3,2,1,4,0.238,4.76,0.0,0.0,1.0,0.0,23.0,0.0,3,0.0,0.0,1.0
priesqu01,2025,NLCS,MIL,NL,0,0,1,0,0,0,0,12,3,0,0,3,1,0.231,0.0,1.0,0.0,0.0,0.0,16.0,0.0,0,0.0,0.0,2.0
quintjo01,2025,NLCS,MIL,NL,0,1,1,1,0,0,0,6,6,3,1,1,1,0.5,13.5,0.0,0.0,0.0,0.0,13.0,0.0,3,0.0,0.0,0.0
sasakro01,2025,NLCS,LAN,NL,0,0,3,0,0,0,1,8,2,1,0,2,1,0.222,3.38,0.0,0.0,0.0,0.0,12.0,2.0,1,0.0,1.0,0.0
snellbl01,2025,NLCS,LAN,NL,1,0,1,1,0,0,0,24,1,0,0,0,10,0.042,0.0,0.0,0.0,0.0,0.0,24.0,0.0,0,0.0,0.0,0.0
treinbl01,2025,NLCS,LAN,NL,0,0,3,0,0,0,1,4,1,1,0,2,3,0.2,6.75,0.0,0.0,0.0,0.0,7.0,1.0,1,0.0,0.0,0.0
uribeab01,2025,NLCS,MIL,NL,0,0,3,0,0,0,0,9,3,2,0,3,3,0.3,6.0,1.0,0.0,0.0,0.0,15.0,1.0,2,2.0,0.0,0.0
vesiaal01,2025,NLCS,LAN,NL,1,0,2,0,0,0,0,5,1,0,0,0,1,0.2,0.0,0.0,0.0,0.0,0.0,5.0,0.0,0,0.0,0.0,1.0
yamamyo01,2025,NLCS,LAN,NL,1,0,1,1,1,0,0,27,3,1,1,1,7,0.097,1.0,0.0,0.0,0.0,0.0,32.0,0.0,1,0.0,0.0,0.0
andergr01,2025,NLDS1,MIL,NL,0,0,1,0,0,0,0,6,1,0,0,0,2,0.167,0.0,0.0,0.0,0.0,0.0,6.0,0.0,0,0.0,0.0,0.0
ashbyaa01,2025,NLDS1,MIL,NL,0,0,4,1,0,0,0,14,5,3,1,4,4,0.263,5.79,0.0,0.0,1.0,0.0,25.0,0.0,4,1.0,0.0,0.0
boydma01,2025,NLDS1,CHN,NL,0,1,2,2,0,0,0,16,6,2,0,4,7,0.273,3.38,0.0,0.0,0.0,0.0,27.0,0.0,6,1.0,0.0,0.0
brownbe01,2025,NLDS1,CHN,NL,0,0,1,0,0,0,0,6,1,0,0,2,3,0.143,0.0,0.0,1.0,0.0,0.0,9.0,1.0,0,0.0,0.0,0.0
civalaa01,2025,NLDS1,CHN,NL,0,0,1,0,0,0,0,13,3,0,0,0,3,0.2,0.0,0.0,0.0,0.0,0.0,15.0,0.0,0,0.0,0.0,1.0
gassero01,2025,NLDS1,MIL,NL,0,0,1,0,0,0,0,6,5,2,2,1,0,0.455,9.0,0.0,0.0,0.0,0.0,12.0,1.0,2,0.0,0.0,0.0
imanash01,2025,NLDS1,CHN,NL,0,1,1,1,0,0,0,8,5,4,2,0,3,0.385,13.5,0.0,0.0,0.0,0.0,13.0,0.0,4,0.0,0.0,0.0
kellebr01,2025,NLDS1,CHN,NL,0,0,3,0,0,0,1,10,0,0,0,2,2,0.0,0.0,0.0,0.0,0.0,0.0,11.0,2.0,0,0.0,0.0,1.0
kittran01,2025,NLDS1,CHN,NL,0,0,2,0,0,0,0,7,3,2,2,1,1,0.3,7.71,0.0,0.0,0.0,0.0,11.0,0.0,2,0.0,0.0,0.0
koenija01,2025,NLDS1,MIL,NL,0,0,3,0,0,0,0,8,3,1,1,0,1,0.273,3.38,0.0,0.0,0.0,0.0,11.0,0.0,1,0.0,0.0,0.0
mearsni01,2025,NLDS1,MIL,NL,0,0,3,0,0,0,0,5,1,0,0,1,3,0.167,0.0,0.0,1.0,0.0,0.0,7.0,1.0,0,0.0,0.0,0.0
megiltr01,2025,NLDS1,MIL,NL,0,0,3,1,0,0,0,6,1,0,0,1,2,0.143,0.0,0.0,0.0,0.0,0.0,8.0,0.0,0,0.0,0.0,0.0
misioja01,2025,NLDS1,MIL,NL,2,0,2,0,0,0,0,21,4,1,1,2,7,0.16,1.29,0.0,0.0,0.0,0.0,27.0,0.0,1,0.0,0.0,0.0
palenda01,2025,NLDS1,CHN,NL,1,0,4,0,0,0,0,14,3,3,1,1,1,0.188,5.79,0.0,0.0,1.0,0.0,18.0,0.0,3,0.0,0.0,0.0
patrich01,2025,NLDS1,MIL,NL,0,0,4,0,0,0,0,14,0,0,0,0,6,0.0,0.0,0.0,0.0,0.0,0.0,14.0,1.0,0,0.0,0.0,0.0
peralfr01,2025,NLDS1,MIL,NL,1,1,2,2,0,0,0,29,7,5,3,5,15,0.194,4.66,0.0,0.0,0.0,0.0,41.0,0.0,5,0.0,0.0,0.0
pomerdr01,2025,NLDS1,CHN,NL,1,0,4,1,0,0,0,12,1,1,1,0,6,0.077,2.25,0.0,0.0,0.0,0.0,13.0,0.0,1,0.0,0.0,0.0
priesqu01,2025,NLDS1,MIL,NL,0,1,1,1,0,0,0,2,3,4,1,2,1,0.6,54.0,0.0,0.0,0.0,0.0,7.0,0.0,4,0.0,0.0,0.0
quintjo01,2025,NLDS1,MIL,NL,0,0,1,0,0,0,0,9,2,0,0,1,2,0.182,0.0,0.0,0.0,0.0,0.0,12.0,0.0,0,0.0,0.0,0.0
reaco01,2025,NLDS1,CHN,NL,0,1,2,0,0,0,0,18,8,1,1,3,2,0.333,1.5,0.0,0.0,0.0,0.0,27.0,1.0,1,0.0,0.0,3.0
sorokmi01,2025,NLDS1,CHN,NL,0,0,1,0,0,0,0,3,5,3,0,2,1,0.625,27.0,0.0,0.0,0.0,0.0,10.0,0.0,3,0.0,0.0,0.0
taillja01,2025,NLDS1,CHN,NL,0,0,1,1,0,0,0,12,5,2,0,1,3,0.313,4.5,0.0,0.0,0.0,0.0,18.0,0.0,2,0.0,1.0,0.0
thielca01,2025,NLDS1,CHN,NL,0,0,3,0,0,0,0,7,0,0,0,2,2,0.0,0.0,0.0,0.0,0.0,0.0,9.0,1.0,0,0.0,0.0,0.0
uribeab01,2025,NLDS1,MIL,NL,0,0,2,0,0,0,1,9,0,0,0,1,3,0.0,0.0,0.0,0.0,0.0,0.0,10.0,2.0,0,0.0,0.0,0.0
bandaan01,2025,NLDS2,LAN,NL,0,0,1,0,0,0,0,3,0,0,0,1,2,0.0,0.0,1.0,0.0,0.0,0.0,4.0,0.0,0,0.0,0.0,0.0
banksta01,2025,NLDS2,PHI,NL,0,0,2,0,0,0,0,4,1,0,0,0,0,0.25,0.0,0.0,0.0,0.0,0.0,4.0,1.0,0,0.0,0.0,0.0
dreyeja01,2025,NLDS2,LAN,NL,0,0,1,0,0,0,0,3,0,0,0,1,0,0.0,0.0,0.0,0.0,0.0,0.0,4.0,0.0,0,0.0,0.0,0.0
duranjh01,2025,NLDS2,PHI,NL,0,0,3,0,0,0,0,11,1,0,0,4,7,0.083,0.0,1.0,0.0,0.0,0.0,16.0,2.0,0,0.0,0.0,0.0
glasnty01,2025,NLDS2,LAN,NL,0,0,2,1,0,0,0,23,4,0,0,5,10,0.154,0.0,0.0,0.0,0.0,0.0,31.0,0.0,0,0.0,0.0,1.0
kerkeor01,2025,NLDS2,PHI,NL,0,0,4,0,0,0,0,8,1,2,0,2,3,0.091,6.75,0.0,0.0,0.0,0.0,13.0,1.0,2,0.0,0.0,0.0
kershcl01,2025,NLDS2,LAN,NL,0,0,1,0,0,0,0,6,6,4,2,3,0,0.6,18.0,1.0,0.0,0.0,0.0,14.0,0.0,5,1.0,0.0,0.0
luzarje01,2025,NLDS2,PHI,NL,0,2,2,1,0,0,0,23,5,2,0,1,8,0.179,2.35,0.0,0.0,0.0,0.0,29.0,0.0,3,0.0,0.0,0.0
nolaaa01,2025,NLDS2,PHI,NL,0,0,1,1,0,0,0,6,1,0,0,0,3,0.143,0.0,0.0,0.0,1.0,0.0,8.0,0.0,0,0.0,0.0,0.0
ohtansh01,2025,NLDS2,LAN,NL,1,0,1,1,0,0,0,18,3,3,0,1,9,0.15,4.5,0.0,0.0,1.0,0.0,23.0,0.0,3,0.0,1.0,0.0
roberda08,2025,NLDS2,PHI,NL,0,1,1,0,0,0,0,1,1,2,0,0,0,0.5,54.0,0.0,0.0,1.0,0.0,3.0,0.0,2,0.0,0.0,0.0
sanchcr01,2025,NLDS2,PHI,NL,0,0,2,2,0,0,0,36,9,3,0,3,13,0.2,2.25,0.0,0.0,2.0,0.0,50.0,0.0,3,0.0,0.0,1.0
sasakro01,2025,NLDS2,LAN,NL,0,0,3,0,0,0,2,13,1,0,0,0,3,0.071,0.0,0.0,0.0,0.0,0.0,14.0,2.0,0,0.0,0.0,0.0
sheehem01,2025,NLDS2,LAN,NL,0,0,2,0,0,0,0,9,4,2,0,0,2,0.308,6.0,0.0,0.0,0.0,0.0,13.0,0.0,2,0.0,0.0,0.0
snellbl01,2025,NLDS2,LAN,NL,1,0,1,1,0,0,0,18,1,0,0,4,9,0.056,0.0,0.0,0.0,0.0,0.0,22.0,0.0,0,0.0,0.0,0.0
strahma01,2025,NLDS2,PHI,NL,0,0,3,0,0,0,0,7,2,1,1,0,2,0.222,3.86,0.0,0.0,0.0,0.0,9.0,0.0,1,0.0,0.0,0.0
suarera01,2025,NLDS2,PHI,NL,1,0,1,0,0,0,0,15,5,1,1,1,4,0.263,1.8,0.0,0.0,0.0,0.0,20.0,0.0,1,0.0,0.0,1.0
treinbl01,2025,NLDS2,LAN,NL,0,0,2,0,0,0,0,3,3,2,0,0,0,0.5,18.0,0.0,0.0,0.0,0.0,6.0,1.0,2,0.0,0.0,0.0
vesiaal01,2025,NLDS2,LAN,NL,1,0,3,0,0,0,0,6,1,0,0,1,1,0.143,0.0,0.0,1.0,0.0,0.0,8.0,1.0,0,0.0,0.0,0.0
walketa01,2025,NLDS2,PHI,NL,0,0,1,0,0,0,0,2,2,1,0,1,1,0.5,13.5,0.0,0.0,0.0,0.0,5.0,0.0,1,0.0,0.0,0.0
yamamyo01,2025,NLDS2,LAN,NL,0,1,1,1,0,0,0,12,6,3,1,1,2,0.353,6.75,0.0,0.0,0.0,0.0,19.0,0.0,3,0.0,1.0,0.0
ashcrgr01,2025,NLWC1,CIN,NL,0,0,1,0,0,0,0,3,2,0,0,0,0,0.4,0.0,0.0,0.0,1.0,0.0,6.0,1.0,0,0.0,0.0,0.0
barlosc01,2025,NLWC1,CIN,NL,0,0,1,0,0,0,0,5,0,0,0,0,4,0.0,0.0,0.0,0.0,0.0,0.0,5.0,0.0,0,0.0,0.0,0.0
burnsch01,2025,NLWC1,CIN,NL,0,0,1,0,0,0,0,5,0,0,0,0,1,0.0,0.0,0.0,0.0,0.0,0.0,5.0,1.0,0,0.0,0.0,0.0
dreyeja01,2025,NLWC1,LAN,NL,0,0,1,0,0,0,0,2,0,0,0,1,1,0.0,0.0,0.0,0.0,0.0,0.0,3.0,0.0,0,0.0,0.0,0.0
greenhu01,2025,NLWC1,CIN,NL,0,1,1,1,0,0,0,9,6,5,3,2,4,0.429,15.0,0.0,1.0,0.0,0.0,17.0,0.0,5,1.0,0.0,0.0
henried01,2025,NLWC1,LAN,NL,0,0,1,0,0,0,0,0,1,1,0,2,0,1.0,,0.0,0.0,0.0,0.0,3.0,0.0,1,0.0,0.0,0.0
litteza01,2025,NLWC1,CIN,NL,0,1,1,1,0,0,0,10,6,3,0,0,2,0.375,8.1,0.0,0.0,1.0,0.0,17.0,0.0,3,0.0,0.0,0.0
lodolni01,2025,NLWC1,CIN,NL,0,0,1,0,0,0,0,5,1,0,0,0,0,0.167,0.0,0.0,0.0,1.0,0.0,7.0,0.0,0,0.0,0.0,0.0
martini01,2025,NLWC1,CIN,NL,0,0,1,0,0,0,0,1,4,3,0,1,0,0.667,81.0,1.0,0.0,0.0,0.0,7.0,0.0,4,0.0,0.0,0.0
phillco01,2025,NLWC1,CIN,NL,0,0,1,0,0,0,0,3,3,3,2,1,2,0.5,27.0,0.0,0.0,0.0,0.0,7.0,0.0,3,0.0,0.0,0.0
santito01,2025,NLWC1,CIN,NL,0,0,1,0,0,0,0,3,2,1,0,2,0,0.5,9.0,2.0,0.0,0.0,0.0,7.0,0.0,1,1.0,0.0,0.0
sasakro01,2025,NLWC1,LAN,NL,0,0,1,0,0,0,0,3,0,0,0,0,2,0.0,0.0,0.0,0.0,0.0,0.0,3.0,1.0,0,0.0,0.0,0.0
sheehem01,2025,NLWC1,LAN,NL,0,0,1,0,0,0,0,1,2,2,0,2,0,1.0,54.0,0.0,1.0,0.0,0.0,5.0,0.0,2,0.0,1.0,0.0
snellbl01,2025,NLWC1,LAN,NL,1,0,1,1,0,0,0,21,4,2,0,1,9,0.16,2.57,0.0,0.0,0.0,0.0,26.0,0.0,2,0.0,0.0,0.0
suterbr01,2025,NLWC1,CIN,NL,0,0,1,0,0,0,0,4,4,1,0,0,2,0.5,6.75,0.0,0.0,0.0,0.0,8.0,0.0,2,0.0,0.0,0.0
treinbl01,2025,NLWC1,LAN,NL,0,0,2,0,0,0,0,4,1,0,0,0,2,0.2,0.0,0.0,0.0,0.0,0.0,5.0,1.0,0,0.0,0.0,0.0
vesiaal01,2025,NLWC1,LAN,NL,0,0,2,0,0,0,0,3,1,2,0,2,2,0.25,18.0,0.0,0.0,0.0,0.0,6.0,0.0,2,0.0,0.0,0.0
yamamyo01,2025,NLWC1,LAN,NL,1,0,1,1,0,0,0,20,4,0,0,2,9,0.16,0.0,0.0,0.0,1.0,0.0,28.0,0.0,2,0.0,0.0,0.0
boydma01,2025,NLWC2,CHN,NL,0,0,1,1,0,0,0,13,4,1,0,1,2,0.25,2.08,0.0,0.0,0.0,0.0,18.0,0.0,1,1.0,0.0,0.0
ceasedy01,2025,NLWC2,SDN,NL,0,0,1,1,0,0,0,11,3,0,0,1,5,0.214,0.0,1.0,1.0,0.0,0.0,15.0,0.0,0,0.0,0.0,0.0
darviyu01,2025,NLWC2,SDN,NL,0,1,1,1,0,0,0,3,4,2,0,0,1,0.667,18.0,0.0,0.0,1.0,0.0,7.0,0.0,2,0.0,0.0,0.0
estraje01,2025,NLWC2,SDN,NL,0,0,2,0,0,0,0,8,2,1,0,2,2,0.286,3.38,1.0,1.0,0.0,0.0,11.0,0.0,1,1.0,1.0,1.0
imanash01,2025,NLWC2,CHN,NL,0,0,1,0,0,0,0,12,3,2,1,2,3,0.214,4.5,0.0,0.0,0.0,0.0,17.0,0.0,2,1.0,0.0,0.0
kellebr01,2025,NLWC2,CHN,NL,0,0,2,0,0,0,1,7,2,1,1,0,3,0.222,3.86,0.0,1.0,2.0,0.0,11.0,1.0,1,0.0,0.0,0.0
kingmi01,2025,NLWC2,SDN,NL,0,0,1,0,0,0,0,3,1,0,0,0,3,0.25,0.0,0.0,0.0,0.0,0.0,4.0,0.0,0,0.0,0.0,0.0
kittran01,2025,NLWC2,CHN,NL,0,1,3,1,0,0,1,8,2,1,0,0,2,0.222,3.38,0.0,0.0,0.0,0.0,10.0,1.0,1,0.0,1.0,0.0
millema03,2025,NLWC2,SDN,NL,0,0,2,0,0,0,0,8,0,0,0,0,8,0.0,0.0,0.0,0.0,1.0,0.0,9.0,0.0,0,0.0,0.0,0.0
morejad01,2025,NLWC2,SDN,NL,1,0,3,0,0,0,0,13,2,0,0,0,2,0.154,0.0,0.0,0.0,0.0,0.0,14.0,0.0,0,1.0,0.0,1.0
morgada01,2025,NLWC2,SDN,NL,0,0,1,0,0,0,0,3,1,0,0,0,2,0.333,0.0,0.0,0.0,0.0,0.0,3.0,1.0,0,0.0,0.0,0.0
palenda01,2025,NLWC2,CHN,NL,2,0,2,0,0,0,0,9,2,0,0,1,2,0.2,0.0,0.0,0.0,0.0,0.0,11.0,0.0,0,0.0,0.0,1.0
peralwa01,2025,NLWC2,SDN,NL,0,0,2,0,0,0,0,4,2,0,0,0,1,0.4,0.0,0.0,0.0,0.0,0.0,5.0,1.0,0,0.0,0.0,1.0
pivetni01,2025,NLWC2,SDN,NL,0,1,1,1,0,0,0,15,3,2,2,0,9,0.167,3.6,0.0,0.0,0.0,0.0,18.0,0.0,2,0.0,0.0,0.0
pomerdr01,2025,NLWC2,CHN,NL,0,0,2,0,0,0,0,6,0,0,0,0,0,0.0,0.0,0.0,0.0,0.0,0.0,6.0,0.0,0,0.0,0.0,0.0
reaco01,2025,NLWC2,CHN,NL,0,0,1,0,0,0,0,5,1,0,0,0,1,0.167,0.0,0.0,0.0,0.0,0.0,6.0,0.0,0,0.0,0.0,0.0
rogerta01,2025,NLWC2,CHN,NL,0,0,1,0,0,0,0,3,0,0,0,0,0,0.0,0.0,0.0,0.0,0.0,0.0,3.0,0.0,0,0.0,0.0,0.0
sorokmi01,2025,NLWC2,CHN,NL,0,0,1,0,0,0,0,2,0,0,0,0,0,0.0,0.0,0.0,0.0,0.0,0.0,2.0,1.0,0,0.0,0.0,0.0
suarero01,2025,NLWC2,SDN,NL,0,0,2,0,0,0,1,7,5,1,1,0,2,0.455,3.86,0.0,0.0,0.0,0.0,11.0,1.0,1,0.0,0.0,1.0
taillja01,2025,NLWC2,CHN,NL,0,0,1,1,0,0,0,12,2,0,0,0,4,0.143,0.0,0.0,0.0,0.0,0.0,14.0,0.0,0,0.0,0.0,0.0
thielca01,2025,NLWC2,CHN,NL,0,0,2,0,0,0,0,4,2,0,0,1,3,0.333,0.0,0.0,0.0,0.0,0.0,7.0,0.0,0,0.0,0.0,0.0
bandaan01,2025,WS,LAN,NL,0,0,4,0,0,0,0,9,6,6,2,1,0,0.4,18.0,1.0,1.0,0.0,0.0,16.0,0.0,6,0.0,0.0,0.0
bassich01,2025,WS,TOR,AL,0,0,5,0,0,0,0,18,3,1,0,2,7,0.158,1.5,0.0,0.0,0.0,0.0,22.0,1.0,1,0.0,1.0,1.0
biebesh01,2025,WS,TOR,AL,1,1,2,1,0,0,0,19,5,2,1,3,3,0.217,2.84,0.0,0.0,0.0,0.0,27.0,1.0,2,0.0,1.0,0.0
dominse01,2025,WS,TOR,AL,1,0,5,0,0,0,0,14,2,1,1,6,5,0.125,1.93,0.0,0.0,0.0,0.0,22.0,0.0,1,0.0,0.0,0.0
dreyeja01,2025,WS,LAN,NL,0,0,2,0,0,0,0,7,3,0,0,1,3,0.273,0.0,1.0,0.0,1.0,0.0,13.0,1.0,0,0.0,0.0,0.0
fishebr02,2025,WS,TOR,AL,0,0,3,0,0,0,0,10,2,2,1,3,4,0.167,5.4,1.0,0.0,0.0,0.0,15.0,1.0,2,0.0,0.0,0.0
fluhama01,2025,WS,TOR,AL,0,0,4,0,0,0,0,6,4,1,0,1,2,0.4,4.5,1.0,0.0,0.0,0.0,11.0,0.0,1,0.0,0.0,0.0
gausmke01,2025,WS,TOR,AL,0,2,2,2,0,0,0,38,7,6,2,2,14,0.156,4.26,1.0,0.0,0.0,0.0,47.0,0.0,6,0.0,0.0,0.0
glasnty01,2025,WS,LAN,NL,0,0,3,1,0,0,1,24,8,3,1,3,7,0.267,3.38,0.0,0.0,0.0,0.0,34.0,1.0,5,0.0,1.0,0.0
henried01,2025,WS,LAN,NL,0,0,2,0,0,0,0,6,1,0,0,2,2,0.143,0.0,0.0,1.0,1.0,0.0,10.0,0.0,0,0.0,0.0,0.0
hoffmje02,2025,WS,TOR,AL,0,0,4,0,0,0,0,15,3,1,1,2,6,0.176,1.8,2.0,1.0,1.0,0.0,20.0,1.0,1,0.0,0.0,0.0
kershcl01,2025,WS,LAN,NL,0,0,1,0,0,0,0,1,0,0,0,0,0,0.0,0.0,0.0,0.0,0.0,0.0,1.0,0.0,0,0.0,0.0,0.0
kleinwi01,2025,WS,LAN,NL,1,0,2,0,0,0,0,15,2,0,0,2,5,0.118,0.0,0.0,1.0,0.0,0.0,19.0,2.0,0,0.0,0.0,0.0
lauerer01,2025,WS,TOR,AL,0,0,2,0,0,0,0,17,2,0,0,5,3,0.111,0.0,3.0,0.0,0.0,0.0,24.0,1.0,0,1.0,0.0,0.0
littlbr02,2025,WS,TOR,AL,0,1,1,0,0,0,0,3,2,1,1,1,1,0.4,9.0,0.0,0.0,0.0,0.0,6.0,1.0,1,0.0,0.0,0.0
ohtansh01,2025,WS,LAN,NL,0,1,2,2,0,0,0,25,11,7,2,3,9,0.324,7.56,1.0,1.0,0.0,0.0,38.0,0.0,7,1.0,0.0,0.0
sasakro01,2025,WS,LAN,NL,0,0,2,0,0,0,0,8,3,0,0,3,0,0.3,0.0,0.0,0.0,1.0,0.0,14.0,0.0,0,0.0,0.0,0.0
scherma01,2025,WS,TOR,AL,0,0,2,2,0,0,0,26,9,4,2,2,6,0.273,4.15,0.0,0.0,0.0,0.0,36.0,0.0,4,0.0,1.0,0.0
sheehem01,2025,WS,LAN,NL,0,0,3,0,0,0,0,12,7,3,0,3,4,0.389,6.75,1.0,0.0,0.0,0.0,21.0,0.0,3,0.0,0.0,0.0
snellbl01,2025,WS,LAN,NL,0,2,3,2,0,0,0,39,15,10,3,8,13,0.313,6.92,0.0,2.0,1.0,0.0,58.0,0.0,10,0.0,1.0,3.0
treinbl01,2025,WS,LAN,NL,0,0,3,0,0,0,0,5,5,1,0,0,0,0.5,5.4,0.0,0.0,0.0,0.0,10.0,1.0,1,0.0,0.0,0.0
varlalo01,2025,WS,TOR,AL,0,0,5,0,0,0,0,15,6,3,0,2,4,0.3,5.4,0.0,0.0,0.0,1.0,22.0,1.0,3,0.0,0.0,0.0
wroblju01,2025,WS,LAN,NL,0,0,4,0,0,0,0,15,4,0,0,0,6,0.211,0.0,0.0,0.0,1.0,0.0,20.0,0.0,0,0.0,0.0,0.0
yamamyo01,2025,WS,LAN,NL,3,0,3,2,1,0,0,53,10,2,0,2,15,0.169,1.02,0.0,0.0,2.0,0.0,65.0,1.0,2,1.0,1.0,3.0
yesavtr01,2025,WS,TOR,AL,1,0,3,2,0,0,0,38,8,4,2,4,17,0.186,2.84,0.0,0.0,1.0,0.0,48.0,0.0,4,0.0,0.0,2.0
