game_pk,season,game_date,league,home_team,away_team,home_strength,away_strength,home_sp_era,away_sp_era,home_rest,away_rest,home_last10,away_last10,y_home_win
718780,2023,2023-03-30,mlb,WSN,ATL,40.88283012079975,63.847983611293685,5.2,2.55,,,,,0.0
717158,2023,2023-08-02,mlb,COL,SDP,40.803785600090585,47.896637273871,5.03,3.43,0.0,0.0,0.4,0.6,0.0
717161,2023,2023-08-02,mlb,SEA,BOS,49.02919211539274,47.295496550395896,3.73,4.04,0.0,0.0,0.6,0.6,1.0
717159,2023,2023-08-02,mlb,MIA,PHI,44.96868169547329,52.042264664363394,3.66,3.61,0.0,0.0,0.4,0.6,1.0
717160,2023,2023-08-02,mlb,NYY,TBR,43.555057943600616,50.04796368550927,2.63,3.29,0.0,0.0,0.5,0.6,1.0
717157,2023,2023-08-02,mlb,TOR,BAL,48.81365443114781,48.236146371587125,3.86,4.35,0.0,0.0,0.5,0.7,1.0
717155,2023,2023-08-02,mlb,STL,MIN,45.332448715953014,46.9927878392028,4.98,4.51,0.0,0.0,0.3,0.5,1.0
717153,2023,2023-08-02,mlb,CHC,CIN,49.69176903948828,44.78260134821402,5.0,4.46,0.0,0.0,0.8,0.6,1.0
717152,2023,2023-08-02,mlb,TEX,CHW,53.49300527607529,37.820530657144026,3.7,4.58,0.0,0.0,0.3,0.2,1.0
717156,2023,2023-08-02,mlb,KCR,NYM,41.450972950495625,46.1675921482945,3.47,2.98,0.0,0.0,0.5,0.5,1.0
717164,2023,2023-08-02,mlb,SFG,ARI,41.21396826950983,46.61703093617329,3.25,4.33,0.0,0.0,0.5555555555555556,0.3,1.0
717154,2023,2023-08-02,mlb,LAD,ATH,52.881054097750265,36.13080527686773,4.98,7.14,0.0,0.0,0.5,0.3,1.0
717147,2023,2023-08-03,mlb,MIA,PHI,44.96868169547329,52.042264664363394,6.02,4.18,0.0,0.0,0.5,0.6,0.0
717149,2023,2023-08-03,mlb,TEX,CHW,53.49300527607529,37.820530657144026,3.77,4.97,0.0,0.0,0.4,0.2,1.0
717148,2023,2023-08-03,mlb,KCR,NYM,41.450972950495625,46.1675921482945,5.52,6.8,0.0,0.0,0.6,0.4,1.0
717150,2023,2023-08-03,mlb,TOR,BAL,48.81365443114781,48.236146371587125,3.16,4.99,0.0,0.0,0.6,0.6,0.0
717163,2023,2023-08-02,mlb,HOU,CLE,52.26159782076136,39.04999341574157,4.5,2.98,0.0,0.0,0.6,0.4,1.0
717151,2023,2023-08-03,mlb,SFG,ARI,41.21396826950983,46.61703093617329,4.66,5.72,0.0,0.0,0.6666666666666666,0.3,1.0
717162,2023,2023-08-02,mlb,WSN,MIL,40.88283012079975,44.26372698544554,4.42,3.14,0.0,0.0,0.5,0.4,1.0
717165,2023,2023-08-02,mlb,ATL,LAA,63.847983611293685,44.88797413928977,5.4,4.88,0.0,0.0,0.6,0.5555555555555556,1.0
717182,2023,2023-08-01,mlb,MIA,PHI,44.96868169547329,52.042264664363394,4.14,4.18,0.0,0.0,0.4,0.5,0.0
717178,2023,2023-08-01,mlb,PIT,DET,41.66652411136119,41.6807004965427,4.31,3.58,1.0,1.0,0.6,0.25,1.0
717175,2023,2023-08-01,mlb,NYY,TBR,43.555057943600616,50.04796368550927,6.85,3.5,0.0,0.0,0.5,0.5,0.0
717183,2023,2023-08-01,mlb,WSN,MIL,40.88283012079975,44.26372698544554,3.91,3.86,0.0,0.0,0.6,0.3,0.0
717177,2023,2023-08-01,mlb,TOR,BAL,48.81365443114781,48.236146371587125,3.46,2.83,0.0,0.0,0.5,0.6,0.0
717176,2023,2023-08-01,mlb,ATL,LAA,63.847983611293685,44.88797413928977,3.86,4.11,0.0,0.0,0.6,0.6666666666666666,1.0
717174,2023,2023-08-01,mlb,STL,MIN,45.332448715953014,46.9927878392028,4.78,3.66,1.0,1.0,0.3,0.4,0.0
717173,2023,2023-08-01,mlb,CHC,CIN,49.69176903948828,44.78260134821402,3.06,5.38,0.0,0.0,0.8,0.7,1.0
717168,2023,2023-08-01,mlb,TEX,CHW,53.49300527607529,37.820530657144026,4.15,5.29,1.0,1.0,0.3,0.3,1.0
717172,2023,2023-08-01,mlb,HOU,CLE,52.26159782076136,39.04999341574157,3.45,3.29,0.0,0.0,0.6,0.5,1.0
717170,2023,2023-08-01,mlb,KCR,NYM,41.450972950495625,46.1675921482945,5.06,3.57,1.0,1.0,0.4,0.5,1.0
717169,2023,2023-08-01,mlb,COL,SDP,40.803785600090585,47.896637273871,5.36,3.22,0.0,0.0,0.5,0.6,0.0
717167,2023,2023-08-01,mlb,SEA,BOS,49.02919211539274,47.295496550395896,4.32,4.24,0.0,0.0,0.7,0.5,0.0
717180,2023,2023-08-01,mlb,SFG,ARI,41.21396826950983,46.61703093617329,3.87,3.47,0.0,0.0,0.4444444444444444,0.3,1.0
717171,2023,2023-08-01,mlb,LAD,ATH,52.881054097750265,36.13080527686773,5.73,5.36,1.0,1.0,0.4,0.4,1.0
717166,2023,2023-08-02,mlb,PIT,DET,41.66652411136119,41.6807004965427,5.86,3.3,0.0,0.0,0.6,0.25,0.0
717142,2023,2023-08-03,mlb,NYY,HOU,43.555057943600616,52.26159782076136,4.64,4.56,0.0,0.0,0.5,0.7,1.0
717143,2023,2023-08-03,mlb,MIL,PIT,44.26372698544554,41.66652411136119,4.12,4.21,0.0,0.0,0.3,0.6,1.0
717145,2023,2023-08-03,mlb,STL,MIN,45.332448715953014,46.9927878392028,5.25,2.79,0.0,0.0,0.4,0.4,0.0
717124,2023,2023-08-05,mlb,TEX,MIA,53.49300527607529,44.96868169547329,4.12,3.81,0.0,0.0,0.5,0.4,1.0
717120,2023,2023-08-05,mlb,CIN,WSN,44.78260134821402,40.88283012079975,3.87,6.45,0.0,0.0,0.4,0.6,0.0
717125,2023,2023-08-05,mlb,BOS,TOR,47.295496550395896,48.81365443114781,3.86,3.65,0.0,0.0,0.5,0.5,0.0
717123,2023,2023-08-05,mlb,PHI,KCR,52.042264664363394,41.450972950495625,3.44,5.69,0.0,0.0,0.6,0.8,1.0
717114,2023,2023-08-05,mlb,BAL,NYM,48.236146371587125,46.1675921482945,4.73,4.7,0.0,0.0,0.6,0.4,1.0
717117,2023,2023-08-05,mlb,ATH,SFG,36.13080527686773,41.21396826950983,4.43,5.36,1.0,1.0,0.3,0.7777777777777778,1.0
717118,2023,2023-08-05,mlb,MIN,ARI,46.9927878392028,46.61703093617329,4.23,5.31,0.0,0.0,0.4,0.3,1.0
717115,2023,2023-08-05,mlb,CLE,CHW,39.04999341574157,37.820530657144026,6.5,5.43,0.0,0.0,0.5,0.2,0.0
717116,2023,2023-08-05,mlb,MIL,PIT,44.26372698544554,41.66652411136119,3.39,5.36,0.0,0.0,0.3,0.6,1.0
717119,2023,2023-08-05,mlb,STL,COL,45.332448715953014,40.803785600090585,3.86,5.54,0.0,0.0,0.3,0.4,1.0
717112,2023,2023-08-05,mlb,SDP,LAD,47.896637273871,52.881054097750265,2.25,6.13,0.0,0.0,0.6,0.6,1.0
717109,2023,2023-08-05,mlb,LAA,SEA,44.88797413928977,49.02919211539274,5.43,3.35,0.0,0.0,0.3333333333333333,0.8,0.0
717108,2023,2023-08-06,mlb,CLE,CHW,39.04999341574157,37.820530657144026,4.07,5.29,0.0,0.0,0.4,0.3,0.0
717107,2023,2023-08-06,mlb,BAL,NYM,48.236146371587125,46.1675921482945,2.83,3.57,0.0,0.0,0.7,0.3,1.0
717111,2023,2023-08-06,mlb,BOS,TOR,47.295496550395896,48.81365443114781,3.2,3.6,0.0,0.0,0.4,0.6,0.0
717121,2023,2023-08-05,mlb,CHC,ATL,49.69176903948828,63.847983611293685,3.05,3.81,0.0,0.0,0.7,0.7,1.0
717122,2023,2023-08-05,mlb,DET,TBR,41.6807004965427,50.04796368550927,2.8,3.46,0.0,0.0,0.25,0.6,1.0
717126,2023,2023-08-05,mlb,NYY,HOU,43.555057943600616,52.26159782076136,4.97,3.22,0.0,0.0,0.4,0.6,1.0
717129,2023,2023-08-04,mlb,SDP,LAD,47.896637273871,52.881054097750265,4.56,3.76,1.0,0.0,0.6,0.5,0.0
717146,2023,2023-08-03,mlb,CHC,CIN,49.69176903948828,44.78260134821402,4.84,6.4,0.0,0.0,0.8,0.5,1.0
717144,2023,2023-08-03,mlb,LAA,SEA,44.88797413928977,49.02919211539274,3.14,4.21,0.0,0.0,0.5555555555555556,0.6,0.0
717137,2023,2023-08-03,mlb,LAD,ATH,52.881054097750265,36.13080527686773,4.6,4.54,0.0,0.0,0.5,0.3,1.0
717141,2023,2023-08-04,mlb,CHC,ATL,49.69176903948828,63.847983611293685,3.74,2.55,0.0,1.0,0.8,0.6,0.0
717139,2023,2023-08-04,mlb,CIN,WSN,44.78260134821402,40.88283012079975,4.76,5.2,0.0,1.0,0.4,0.5,0.0
717135,2023,2023-08-04,mlb,DET,TBR,41.6807004965427,50.04796368550927,3.99,4.1,1.0,1.0,0.375,0.5,0.0
717134,2023,2023-08-04,mlb,BAL,NYM,48.236146371587125,46.1675921482945,4.12,5.03,0.0,0.0,0.6,0.4,1.0
717190,2023,2023-07-31,mlb,SFG,ARI,41.21396826950983,46.61703093617329,3.87,5.31,0.0,0.0,0.4444444444444444,0.2,0.0
717140,2023,2023-08-04,mlb,PHI,KCR,52.042264664363394,41.450972950495625,4.46,6.28,0.0,0.0,0.6,0.7,0.0
717136,2023,2023-08-04,mlb,BOS,TOR,47.295496550395896,48.81365443114781,4.5,5.87,1.0,0.0,0.6,0.5,0.0
717132,2023,2023-08-04,mlb,CLE,CHW,39.04999341574157,37.820530657144026,3.81,3.77,1.0,0.0,0.4,0.2,1.0
717133,2023,2023-08-04,mlb,TEX,MIA,53.49300527607529,44.96868169547329,3.2,3.58,0.0,0.0,0.5,0.5,1.0
717128,2023,2023-08-04,mlb,MIN,ARI,46.9927878392028,46.61703093617329,3.43,3.29,0.0,0.0,0.4,0.3,1.0
717131,2023,2023-08-04,mlb,MIL,PIT,44.26372698544554,41.66652411136119,4.55,7.74,0.0,0.0,0.4,0.5,0.0
717127,2023,2023-08-04,mlb,STL,COL,45.332448715953014,40.803785600090585,7.4,6.86,0.0,1.0,0.4,0.3,0.0
717130,2023,2023-08-04,mlb,LAA,SEA,44.88797413928977,49.02919211539274,4.48,3.34,0.0,0.0,0.4444444444444444,0.7,0.0
717138,2023,2023-08-04,mlb,NYY,HOU,43.555057943600616,52.26159782076136,6.65,5.09,0.0,0.0,0.5,0.6,0.0
717113,2023,2023-08-06,mlb,PHI,KCR,52.042264664363394,41.450972950495625,4.38,5.06,0.0,0.0,0.6,0.7,1.0
717181,2023,2023-07-31,mlb,SEA,BOS,49.02919211539274,47.295496550395896,3.35,4.04,0.0,0.0,0.7,0.5,1.0
717184,2023,2023-07-31,mlb,HOU,CLE,52.26159782076136,39.04999341574157,3.83,6.5,0.0,0.0,0.6,0.6,1.0
717241,2023,2023-07-27,mlb,NYM,WSN,46.1675921482945,40.88283012079975,2.98,3.91,0.0,0.0,0.5,0.6,1.0
717238,2023,2023-07-27,mlb,STL,CHC,45.332448715953014,49.69176903948828,4.78,3.06,0.0,0.0,0.6,0.7,0.0
717233,2023,2023-07-27,mlb,CHW,CLE,37.820530657144026,39.04999341574157,4.58,2.98,0.0,0.0,0.3,0.6,0.0
717236,2023,2023-07-28,mlb,MIA,DET,44.96868169547329,41.6807004965427,3.66,3.99,1.0,0.0,0.2,0.375,1.0
717234,2023,2023-07-28,mlb,PIT,PHI,41.66652411136119,52.042264664363394,4.21,3.61,1.0,1.0,0.4,0.5,0.0
717237,2023,2023-07-28,mlb,BAL,NYY,48.236146371587125,43.555057943600616,4.35,2.63,1.0,1.0,0.5,0.5,1.0
717235,2023,2023-07-28,mlb,TOR,LAA,48.81365443114781,44.88797413928977,3.16,4.88,1.0,0.0,0.5,0.7777777777777778,1.0
717230,2023,2023-07-28,mlb,NYM,WSN,46.1675921482945,40.88283012079975,3.77,4.42,0.0,0.0,0.6,0.6,1.0
717228,2023,2023-07-28,mlb,CHW,CLE,37.820530657144026,39.04999341574157,4.97,4.07,0.0,0.0,0.2,0.7,1.0
717231,2023,2023-07-28,mlb,ATL,MIL,63.847983611293685,44.26372698544554,5.4,4.12,1.0,1.0,0.3,0.6,1.0
717229,2023,2023-07-28,mlb,HOU,TBR,52.26159782076136,50.04796368550927,4.56,3.29,1.0,1.0,0.7,0.2,0.0
717232,2023,2023-07-28,mlb,KCR,MIN,41.450972950495625,46.9927878392028,5.52,2.79,1.0,1.0,0.2,0.6,1.0
717226,2023,2023-07-28,mlb,STL,CHC,45.332448715953014,49.69176903948828,3.2,4.63,0.0,0.0,0.5,0.8,0.0
717227,2023,2023-07-28,mlb,COL,ATH,40.803785600090585,36.13080527686773,5.03,4.54,1.0,1.0,0.5,0.3,0.0
717223,2023,2023-07-28,mlb,ARI,SEA,46.61703093617329,49.02919211539274,4.15,3.73,1.0,1.0,0.3,0.6,0.0
717224,2023,2023-07-28,mlb,SDP,TEX,47.896637273871,53.49300527607529,3.05,3.7,1.0,1.0,0.5,0.6,1.0
717243,2023,2023-07-27,mlb,DET,LAA,41.6807004965427,44.88797413928977,4.18,3.14,1.0,1.0,0.4444444444444444,0.7,0.0
717251,2023,2023-07-26,mlb,SFG,ATH,41.21396826950983,36.13080527686773,3.23,7.14,0.0,0.0,0.4444444444444444,0.3,1.0
717272,2023,2023-07-25,mlb,SFG,ATH,41.21396826950983,36.13080527686773,3.87,5.6,0.0,1.0,0.4444444444444444,0.3,1.0
717256,2023,2023-07-25,mlb,LAD,TOR,52.881054097750265,48.81365443114781,4.6,3.6,0.0,0.0,0.6,0.6,1.0
717257,2023,2023-07-26,mlb,WSN,COL,40.88283012079975,40.803785600090585,4.61,5.36,0.0,0.0,0.5,0.6,1.0
717252,2023,2023-07-26,mlb,TBR,MIA,50.04796368550927,44.96868169547329,3.5,4.14,0.0,0.0,0.3,0.1,0.0
717249,2023,2023-07-26,mlb,CLE,KCR,39.04999341574157,41.450972950495625,3.29,5.69,0.0,0.0,0.5,0.3,1.0
717250,2023,2023-07-26,mlb,MIN,SEA,46.9927878392028,49.02919211539274,4.51,4.32,0.0,0.0,0.7,0.6,0.0
717254,2023,2023-07-26,mlb,MIL,CIN,44.26372698544554,44.78260134821402,3.86,5.38,0.0,0.0,0.6,0.6,1.0
717244,2023,2023-07-26,mlb,ARI,STL,46.61703093617329,45.332448715953014,3.47,4.99,0.0,0.0,0.3,0.6,0.0
717246,2023,2023-07-26,mlb,SDP,PIT,47.896637273871,41.66652411136119,3.57,4.31,0.0,0.0,0.5,0.3,0.0
717253,2023,2023-07-26,mlb,LAD,TOR,52.881054097750265,48.81365443114781,4.98,3.86,0.0,0.0,0.6,0.5,0.0
717245,2023,2023-07-26,mlb,PHI,BAL,52.042264664363394,48.236146371587125,4.18,2.83,0.0,0.0,0.5,0.6,1.0
717248,2023,2023-07-26,mlb,NYY,NYM,43.555057943600616,46.1675921482945,6.85,3.57,0.0,0.0,0.4,0.5,1.0
717242,2023,2023-07-26,mlb,BOS,ATL,47.295496550395896,63.847983611293685,4.24,3.86,0.0,0.0,0.6,0.4,1.0
717239,2023,2023-07-26,mlb,HOU,TEX,52.26159782076136,53.49300527607529,3.45,4.15,0.0,0.0,0.7,0.6,0.0
717240,2023,2023-07-26,mlb,CHW,CHC,37.820530657144026,49.69176903948828,5.73,3.95,0.0,0.0,0.3,0.7,0.0
717247,2023,2023-07-27,mlb,DET,LAA,41.6807004965427,44.88797413928977,4.18,4.11,0.0,0.0,0.4444444444444444,0.8,
717225,2023,2023-07-28,mlb,LAD,CIN,52.881054097750265,44.78260134821402,3.76,4.46,1.0,1.0,0.5,0.6,0.0
717220,2023,2023-07-28,mlb,SFG,BOS,41.21396826950983,47.295496550395896,3.25,4.04,1.0,1.0,0.4444444444444444,0.6,0.0
717222,2023,2023-07-29,mlb,TOR,LAA,48.81365443114781,44.88797413928977,5.87,4.48,0.0,0.0,0.5,0.7777777777777778,1.0
717198,2023,2023-07-30,mlb,KCR,MIN,41.450972950495625,46.9927878392028,4.52,4.23,0.0,0.0,0.3,0.5,1.0
717204,2023,2023-07-30,mlb,CHW,CLE,37.820530657144026,39.04999341574157,5.43,3.46,0.0,0.0,0.3,0.5,0.0
717195,2023,2023-07-30,mlb,STL,CHC,45.332448715953014,49.69176903948828,3.86,3.74,0.0,0.0,0.3,0.9,1.0
717199,2023,2023-07-30,mlb,COL,ATH,40.803785600090585,36.13080527686773,5.54,5.42,0.0,0.0,0.4,0.5,1.0
717197,2023,2023-07-30,mlb,SFG,BOS,41.21396826950983,47.295496550395896,4.66,3.2,0.0,0.0,0.3333333333333333,0.6,1.0
717194,2023,2023-07-30,mlb,LAD,CIN,52.881054097750265,44.78260134821402,6.13,4.76,0.0,0.0,0.5,0.7,0.0
717193,2023,2023-07-30,mlb,ARI,SEA,46.61703093617329,49.02919211539274,3.29,3.34,0.0,0.0,0.3,0.6,0.0
717191,2023,2023-07-30,mlb,SDP,TEX,47.896637273871,53.49300527607529,2.25,5.3,0.0,0.0,0.6,0.4,1.0
717200,2023,2023-07-30,mlb,BAL,NYY,48.236146371587125,43.555057943600616,4.12,6.65,0.0,0.0,0.6,0.5,1.0
717189,2023,2023-07-31,mlb,MIA,PHI,44.96868169547329,52.042264664363394,4.24,4.38,0.0,0.0,0.4,0.4,0.0
717185,2023,2023-07-31,mlb,NYY,TBR,43.555057943600616,50.04796368550927,4.28,3.53,0.0,0.0,0.5,0.4,0.0
717192,2023,2023-07-31,mlb,WSN,MIL,40.88283012079975,44.26372698544554,4.61,3.39,0.0,0.0,0.6,0.4,1.0
717186,2023,2023-07-31,mlb,TOR,BAL,48.81365443114781,48.236146371587125,3.6,4.73,0.0,0.0,0.6,0.6,0.0
717187,2023,2023-07-31,mlb,ATL,LAA,63.847983611293685,44.88797413928977,3.64,3.96,0.0,0.0,0.6,0.6666666666666666,0.0
717188,2023,2023-07-31,mlb,CHC,CIN,49.69176903948828,44.78260134821402,3.95,3.87,0.0,0.0,0.8,0.7,0.0
717196,2023,2023-07-30,mlb,HOU,TBR,52.26159782076136,50.04796368550927,3.83,4.1,0.0,0.0,0.7,0.3,0.0
717202,2023,2023-07-30,mlb,MIA,DET,44.96868169547329,41.6807004965427,3.58,2.8,0.0,0.0,0.3,0.375,1.0
717203,2023,2023-07-30,mlb,NYM,WSN,46.1675921482945,40.88283012079975,3.22,5.55,0.0,0.0,0.5,0.6,1.0
717206,2023,2023-07-30,mlb,ATL,MIL,63.847983611293685,44.26372698544554,4.26,4.55,0.0,0.0,0.5,0.5,1.0
717218,2023,2023-07-29,mlb,MIA,DET,44.96868169547329,41.6807004965427,6.02,3.6,0.0,0.0,0.3,0.375,0.0
717216,2023,2023-07-29,mlb,PIT,PHI,41.66652411136119,52.042264664363394,7.74,4.46,0.0,0.0,0.4,0.5,1.0
717215,2023,2023-07-29,mlb,NYM,WSN,46.1675921482945,40.88283012079975,6.8,5.2,0.0,0.0,0.6,0.5,0.0
717207,2023,2023-07-29,mlb,KCR,MIN,41.450972950495625,46.9927878392028,6.28,3.43,0.0,0.0,0.3,0.6,1.0
717217,2023,2023-07-29,mlb,CHW,CLE,37.820530657144026,39.04999341574157,3.77,3.81,0.0,0.0,0.2,0.6,1.0
717221,2023,2023-07-29,mlb,SFG,BOS,41.21396826950983,47.295496550395896,3.23,4.5,0.0,0.0,0.3333333333333333,0.7,1.0
717213,2023,2023-07-29,mlb,STL,CHC,45.332448715953014,49.69176903948828,7.4,4.84,0.0,0.0,0.4,0.9,0.0
717179,2023,2023-07-31,mlb,COL,SDP,40.803785600090585,47.896637273871,5.5,3.57,0.0,0.0,0.4,0.6,1.0
717214,2023,2023-07-29,mlb,HOU,TBR,52.26159782076136,50.04796368550927,5.09,5.59,0.0,0.0,0.6,0.3,1.0
717211,2023,2023-07-29,mlb,ATL,MIL,63.847983611293685,44.26372698544554,3.81,4.4,0.0,0.0,0.4,0.5,1.0
717212,2023,2023-07-29,mlb,COL,ATH,40.803785600090585,36.13080527686773,6.86,4.43,0.0,0.0,0.5,0.4,0.0
717210,2023,2023-07-29,mlb,ARI,SEA,46.61703093617329,49.02919211539274,5.72,4.21,0.0,0.0,0.3,0.6,1.0
717209,2023,2023-07-29,mlb,SDP,TEX,47.896637273871,53.49300527607529,4.56,4.45,0.0,0.0,0.6,0.5,1.0
717205,2023,2023-07-29,mlb,LAD,CIN,52.881054097750265,44.78260134821402,4.92,6.4,0.0,0.0,0.5,0.7,1.0
717201,2023,2023-07-30,mlb,TOR,LAA,48.81365443114781,44.88797413928977,3.65,5.43,0.0,0.0,0.6,0.6666666666666666,0.0
717208,2023,2023-07-30,mlb,PIT,PHI,41.66652411136119,52.042264664363394,5.41,3.44,0.0,0.0,0.5,0.4,1.0
717219,2023,2023-07-29,mlb,BAL,NYY,48.236146371587125,43.555057943600616,3.64,4.64,0.0,0.0,0.6,0.4,0.0
717110,2023,2023-08-06,mlb,NYY,HOU,43.555057943600616,52.26159782076136,6.85,5.29,0.0,0.0,0.5,0.5,0.0
717104,2023,2023-08-06,mlb,CIN,WSN,44.78260134821402,40.88283012079975,8.64,4.61,0.0,0.0,0.3,0.6,0.0
717103,2023,2023-08-06,mlb,DET,TBR,41.6807004965427,50.04796368550927,3.58,6.41,0.0,0.0,0.3333333333333333,0.6,0.0
717011,2023,2023-08-13,mlb,MIA,NYY,44.96868169547329,43.555057943600616,3.15,2.63,0.0,0.0,0.4,0.5,1.0
717004,2023,2023-08-13,mlb,HOU,LAA,52.26159782076136,44.88797413928977,5.29,3.96,0.0,0.0,0.7,0.2,0.0
717006,2023,2023-08-13,mlb,CHW,MIL,37.820530657144026,44.26372698544554,4.58,3.86,0.0,0.0,0.4,0.6,0.0
717008,2023,2023-08-13,mlb,SFG,TEX,41.21396826950983,53.49300527607529,3.25,3.7,0.0,0.0,0.4,0.9,1.0
717007,2023,2023-08-13,mlb,LAD,COL,52.881054097750265,40.803785600090585,4.6,5.03,0.0,0.0,0.9,0.3,1.0
717003,2023,2023-08-13,mlb,ARI,SDP,46.61703093617329,47.896637273871,5.72,3.57,0.0,0.0,0.1,0.4,1.0
717005,2023,2023-08-13,mlb,SEA,BAL,49.02919211539274,48.236146371587125,4.32,2.83,0.0,0.0,0.8,0.6,0.0
717013,2023,2023-08-13,mlb,NYM,ATL,46.1675921482945,63.847983611293685,2.98,5.4,0.0,0.0,0.2222222222222222,0.5555555555555556,1.0
717000,2023,2023-08-14,mlb,MIA,HOU,44.96868169547329,52.26159782076136,3.66,3.45,0.0,0.0,0.4,0.6,1.0
717002,2023,2023-08-14,mlb,NYM,PIT,46.1675921482945,41.66652411136119,6.8,7.74,0.0,0.0,0.3333333333333333,0.5555555555555556,1.0
717001,2023,2023-08-14,mlb,ATL,NYY,63.847983611293685,43.555057943600616,2.55,4.64,0.0,0.0,0.4444444444444444,0.4,1.0
716995,2023,2023-08-14,mlb,STL,ATH,45.332448715953014,36.13080527686773,4.78,4.54,1.0,0.0,0.5,0.3,1.0
716997,2023,2023-08-14,mlb,TEX,LAA,53.49300527607529,44.88797413928977,3.77,4.11,0.0,0.0,0.8,0.3,1.0
716994,2023,2023-08-14,mlb,KCR,SEA,41.450972950495625,49.02919211539274,5.52,3.73,1.0,0.0,0.4,0.8,1.0
716998,2023,2023-08-14,mlb,COL,ARI,40.803785600090585,46.61703093617329,6.86,3.29,0.0,0.0,0.3,0.2,1.0
717010,2023,2023-08-13,mlb,TBR,CLE,50.04796368550927,39.04999341574157,3.5,2.98,0.0,0.0,0.6,0.3,0.0
716996,2023,2023-08-14,mlb,SDP,BAL,47.896637273871,48.236146371587125,4.56,4.35,0.0,0.0,0.3,0.7,0.0
717012,2023,2023-08-13,mlb,TOR,CHC,48.81365443114781,49.69176903948828,3.46,4.84,0.0,0.0,0.5,0.7,1.0
717024,2023,2023-08-12,mlb,TBR,CLE,50.04796368550927,39.04999341574157,1.38,3.29,0.0,0.0,0.6,0.3,1.0
717025,2023,2023-08-12,mlb,MIA,NYY,44.96868169547329,43.555057943600616,4.14,2.75,0.0,0.0,0.3,0.5,1.0
717028,2023,2023-08-12,mlb,PHI,MIN,52.042264664363394,46.9927878392028,4.38,3.66,0.0,0.0,0.7777777777777778,0.5,0.0
717030,2023,2023-08-12,mlb,WSN,ATH,40.88283012079975,36.13080527686773,4.61,5.42,0.0,0.0,0.5555555555555556,0.3,1.0
717019,2023,2023-08-12,mlb,KCR,STL,41.450972950495625,45.332448715953014,3.47,3.86,0.0,0.0,0.5,0.4,0.0
717022,2023,2023-08-12,mlb,HOU,LAA,52.26159782076136,44.88797413928977,3.83,5.43,0.0,0.0,0.7,0.2,1.0
717023,2023,2023-08-12,mlb,CHW,MIL,37.820530657144026,44.26372698544554,5.29,2.28,0.0,0.0,0.4,0.6,0.0
717020,2023,2023-08-12,mlb,ARI,SDP,46.61703093617329,47.896637273871,3.47,5.41,0.0,0.0,0.1,0.4,1.0
717029,2023,2023-08-12,mlb,SFG,TEX,41.21396826950983,53.49300527607529,3.87,4.15,0.0,0.0,0.4,0.9,0.0
717017,2023,2023-08-12,mlb,LAD,COL,52.881054097750265,40.803785600090585,4.98,5.36,0.0,0.0,0.9,0.3,1.0
717018,2023,2023-08-12,mlb,SEA,BAL,49.02919211539274,48.236146371587125,3.35,4.42,0.0,0.0,0.9,0.6,0.0
717027,2023,2023-08-13,mlb,PIT,CIN,41.66652411136119,44.78260134821402,4.99,4.46,1.0,1.0,0.4,0.2,
717014,2023,2023-08-13,mlb,BOS,DET,47.295496550395896,41.6807004965427,4.04,3.3,0.0,0.0,0.4,0.6,1.0
717016,2023,2023-08-13,mlb,WSN,ATH,40.88283012079975,36.13080527686773,5.55,5.36,0.0,0.0,0.6666666666666666,0.3,1.0
717015,2023,2023-08-13,mlb,PIT,CIN,41.66652411136119,44.78260134821402,4.21,4.46,0.0,0.0,0.4444444444444444,0.2222222222222222,1.0
717009,2023,2023-08-13,mlb,PHI,MIN,52.042264664363394,46.9927878392028,4.18,2.79,0.0,0.0,0.7777777777777778,0.6,0.0
716999,2023,2023-08-14,mlb,SFG,TBR,41.21396826950983,50.04796368550927,3.23,3.53,0.0,0.0,0.4,0.5,0.0
716992,2023,2023-08-15,mlb,CIN,CLE,44.78260134821402,39.04999341574157,4.76,3.81,1.0,1.0,0.2222222222222222,0.4,0.0
716991,2023,2023-08-15,mlb,MIA,HOU,44.96868169547329,52.26159782076136,6.02,4.56,0.0,0.0,0.5,0.6,0.0
716982,2023,2023-08-16,mlb,WSN,BOS,40.88283012079975,47.295496550395896,4.42,4.5,0.0,0.0,0.5555555555555556,0.6,1.0
716967,2023,2023-08-16,mlb,TOR,PHI,48.81365443114781,52.042264664363394,3.16,4.46,0.0,0.0,0.6,0.6666666666666666,0.0
716970,2023,2023-08-16,mlb,ATL,NYY,63.847983611293685,43.555057943600616,3.64,2.87,0.0,0.0,0.6666666666666666,0.3,1.0
716971,2023,2023-08-16,mlb,TEX,LAA,53.49300527607529,44.88797413928977,4.12,4.48,0.0,0.0,0.8,0.3,0.0
716968,2023,2023-08-16,mlb,CHC,CHW,49.69176903948828,37.820530657144026,3.05,3.77,0.0,0.0,0.5,0.5,1.0
716963,2023,2023-08-16,mlb,KCR,SEA,41.450972950495625,49.02919211539274,4.63,3.34,0.0,0.0,0.3,0.7,0.0
716965,2023,2023-08-16,mlb,SDP,BAL,47.896637273871,48.236146371587125,2.25,4.12,0.0,0.0,0.3,0.6,1.0
716962,2023,2023-08-16,mlb,LAD,MIL,52.881054097750265,44.26372698544554,2.46,3.14,0.0,0.0,0.9,0.6,1.0
716964,2023,2023-08-17,mlb,KCR,SEA,41.450972950495625,49.02919211539274,4.85,3.35,0.0,0.0,0.3,0.7,0.0
716966,2023,2023-08-17,mlb,WSN,BOS,40.88283012079975,47.295496550395896,5.2,4.3,0.0,0.0,0.5555555555555556,0.6,1.0
716958,2023,2023-08-17,mlb,STL,NYM,45.332448715953014,46.1675921482945,7.4,3.57,0.0,0.0,0.6,0.5555555555555556,0.0
716957,2023,2023-08-17,mlb,SDP,ARI,47.896637273871,46.61703093617329,5.41,3.47,0.0,0.0,0.3,0.4,0.0
716961,2023,2023-08-17,mlb,LAD,MIL,52.881054097750265,44.26372698544554,5.73,3.39,0.0,0.0,1.0,0.6,1.0
716955,2023,2023-08-18,mlb,CHC,KCR,49.69176903948828,41.450972950495625,4.84,3.47,1.0,0.0,0.6,0.3,0.0
716969,2023,2023-08-16,mlb,STL,ATH,45.332448715953014,36.13080527686773,5.25,4.43,0.0,0.0,0.6,0.3,0.0
716972,2023,2023-08-16,mlb,MIA,HOU,44.96868169547329,52.26159782076136,3.58,3.22,0.0,0.0,0.5,0.6,0.0
716973,2023,2023-08-16,mlb,CIN,CLE,44.78260134821402,39.04999341574157,3.87,6.5,0.0,0.0,0.2222222222222222,0.4,1.0
716975,2023,2023-08-16,mlb,SFG,TBR,41.21396826950983,50.04796368550927,3.23,3.46,0.0,0.0,0.3,0.5,0.0
716993,2023,2023-08-15,mlb,WSN,BOS,40.88283012079975,47.295496550395896,3.91,4.04,1.0,1.0,0.6666666666666666,0.5,0.0
716990,2023,2023-08-15,mlb,TOR,PHI,48.81365443114781,52.042264664363394,3.86,3.61,1.0,1.0,0.6,0.6666666666666666,1.0
716988,2023,2023-08-15,mlb,NYM,PIT,46.1675921482945,41.66652411136119,5.03,5.36,0.0,0.0,0.4444444444444444,0.4444444444444444,0.0
716987,2023,2023-08-15,mlb,ATL,NYY,63.847983611293685,43.555057943600616,3.81,6.65,0.0,0.0,0.5555555555555556,0.3,1.0
716983,2023,2023-08-15,mlb,MIN,DET,46.9927878392028,41.6807004965427,3.43,4.45,1.0,1.0,0.6,0.5,1.0
716984,2023,2023-08-15,mlb,STL,ATH,45.332448715953014,36.13080527686773,4.98,10.38,0.0,0.0,0.5,0.3,1.0
716985,2023,2023-08-15,mlb,TEX,LAA,53.49300527607529,44.88797413928977,3.2,4.88,0.0,0.0,0.8,0.3,1.0
717033,2023,2023-08-12,mlb,BOS,DET,47.295496550395896,41.6807004965427,4.24,3.58,0.0,0.0,0.5,0.5,0.0
716986,2023,2023-08-15,mlb,CHC,CHW,49.69176903948828,37.820530657144026,3.74,4.97,1.0,1.0,0.6,0.4,0.0
716978,2023,2023-08-15,mlb,COL,ARI,40.803785600090585,46.61703093617329,5.54,4.62,0.0,0.0,0.3,0.2,0.0
716980,2023,2023-08-15,mlb,SDP,BAL,47.896637273871,48.236146371587125,3.22,4.99,0.0,0.0,0.2,0.7,1.0
716989,2023,2023-08-15,mlb,SFG,TBR,41.21396826950983,50.04796368550927,3.87,4.1,0.0,0.0,0.3,0.6,1.0
716979,2023,2023-08-15,mlb,LAD,MIL,52.881054097750265,44.26372698544554,3.76,4.12,1.0,1.0,0.9,0.7,1.0
716974,2023,2023-08-16,mlb,NYM,PIT,46.1675921482945,41.66652411136119,4.7,4.31,0.0,0.0,0.4444444444444444,0.5555555555555556,1.0
716976,2023,2023-08-16,mlb,MIN,DET,46.9927878392028,41.6807004965427,4.23,3.99,0.0,0.0,0.6,0.5,0.0
716977,2023,2023-08-16,mlb,COL,ARI,40.803785600090585,46.61703093617329,5.5,4.33,0.0,0.0,0.3,0.3,0.0
716981,2023,2023-08-15,mlb,KCR,SEA,41.450972950495625,49.02919211539274,6.28,4.5,0.0,0.0,0.4,0.7,0.0
717026,2023,2023-08-12,mlb,TOR,CHC,48.81365443114781,49.69176903948828,3.6,3.06,0.0,0.0,0.6,0.7,0.0
717021,2023,2023-08-12,mlb,NYM,ATL,46.1675921482945,63.847983611293685,3.57,3.86,0.0,0.0,0.2,0.6,0.0
717082,2023,2023-08-08,mlb,PHI,WSN,52.042264664363394,40.88283012079975,3.61,5.55,1.0,1.0,0.6,0.6,1.0
717085,2023,2023-08-08,mlb,TBR,STL,50.04796368550927,45.332448715953014,3.5,4.78,1.0,1.0,0.6,0.3,1.0
717076,2023,2023-08-08,mlb,DET,MIN,41.6807004965427,46.9927878392028,3.3,2.79,0.0,0.0,0.3333333333333333,0.6,1.0
717083,2023,2023-08-08,mlb,CIN,MIA,44.78260134821402,44.96868169547329,6.4,3.66,0.0,0.0,0.3,0.2,0.0
717084,2023,2023-08-08,mlb,BAL,HOU,48.236146371587125,52.26159782076136,4.35,3.45,1.0,1.0,0.8,0.6,0.0
717079,2023,2023-08-08,mlb,PIT,ATL,41.66652411136119,63.847983611293685,4.21,5.4,0.0,0.0,0.6,0.6,0.0
717077,2023,2023-08-08,mlb,BOS,KCR,47.295496550395896,41.450972950495625,4.04,5.52,0.0,0.0,0.3,0.7,0.0
717080,2023,2023-08-08,mlb,NYM,CHC,46.1675921482945,49.69176903948828,6.8,4.84,0.0,0.0,0.3,0.6,0.0
717074,2023,2023-08-08,mlb,CLE,TOR,39.04999341574157,48.81365443114781,2.98,3.86,0.0,0.0,0.2,0.6,1.0
717075,2023,2023-08-08,mlb,CHW,NYY,37.820530657144026,43.555057943600616,4.97,4.64,0.0,0.0,0.5,0.4,0.0
717078,2023,2023-08-08,mlb,MIL,COL,44.26372698544554,40.803785600090585,3.14,5.03,0.0,0.0,0.4,0.4,0.0
717068,2023,2023-08-08,mlb,LAA,SFG,44.88797413928977,41.21396826950983,4.88,4.66,0.0,0.0,0.2,0.6,1.0
717073,2023,2023-08-08,mlb,ARI,LAD,46.61703093617329,52.881054097750265,5.72,4.6,1.0,0.0,0.2,0.7,0.0
717072,2023,2023-08-08,mlb,SEA,SDP,49.02919211539274,47.896637273871,3.73,3.43,1.0,0.0,0.8,0.6,1.0
717096,2023,2023-08-08,mlb,PHI,WSN,52.042264664363394,40.88283012079975,4.18,5.55,0.0,0.0,0.6,0.6,
717081,2023,2023-08-07,mlb,ATH,TEX,36.13080527686773,53.49300527607529,5.36,3.7,0.0,0.0,0.4,0.7,0.0
717090,2023,2023-08-07,mlb,LAA,SFG,44.88797413928977,41.21396826950983,4.11,3.25,0.0,0.0,0.2,0.6,0.0
717086,2023,2023-08-07,mlb,MIL,COL,44.26372698544554,40.803785600090585,3.86,5.36,0.0,0.0,0.3,0.4,1.0
717106,2023,2023-08-06,mlb,MIN,ARI,46.9927878392028,46.61703093617329,5.97,3.47,0.0,0.0,0.4,0.2,1.0
717105,2023,2023-08-06,mlb,MIL,PIT,44.26372698544554,41.66652411136119,2.28,4.31,0.0,0.0,0.4,0.5,0.0
717099,2023,2023-08-06,mlb,STL,COL,45.332448715953014,40.803785600090585,4.48,5.5,0.0,0.0,0.4,0.3,0.0
717098,2023,2023-08-06,mlb,CHC,ATL,49.69176903948828,63.847983611293685,3.06,3.64,0.0,0.0,0.7,0.6,1.0
717102,2023,2023-08-06,mlb,TEX,MIA,53.49300527607529,44.96868169547329,4.15,4.14,0.0,0.0,0.6,0.4,1.0
717101,2023,2023-08-06,mlb,LAA,SEA,44.88797413928977,49.02919211539274,3.96,4.32,0.0,0.0,0.2222222222222222,0.8,0.0
717100,2023,2023-08-06,mlb,ATH,SFG,36.13080527686773,41.21396826950983,5.42,3.87,0.0,0.0,0.3,0.7,1.0
717069,2023,2023-08-08,mlb,ATH,TEX,36.13080527686773,53.49300527607529,4.54,3.77,0.0,0.0,0.4,0.7,0.0
717093,2023,2023-08-06,mlb,SDP,LAD,47.896637273871,52.881054097750265,5.41,5.73,0.0,0.0,0.7,0.6,0.0
717091,2023,2023-08-07,mlb,DET,MIN,41.6807004965427,46.9927878392028,6.9,3.66,0.0,0.0,0.3333333333333333,0.5,0.0
717097,2023,2023-08-07,mlb,CIN,MIA,44.78260134821402,44.96868169547329,4.46,3.15,0.0,0.0,0.3,0.3,1.0
717095,2023,2023-08-07,mlb,PIT,ATL,41.66652411136119,63.847983611293685,5.86,3.86,0.0,0.0,0.6,0.6,1.0
717089,2023,2023-08-07,mlb,BOS,KCR,47.295496550395896,41.450972950495625,4.24,3.47,0.0,0.0,0.3,0.7,1.0
717092,2023,2023-08-07,mlb,NYM,CHC,46.1675921482945,49.69176903948828,2.98,5.0,0.0,0.0,0.3,0.7,1.0
717087,2023,2023-08-07,mlb,CLE,TOR,39.04999341574157,48.81365443114781,3.29,3.46,0.0,0.0,0.3,0.6,0.0
717088,2023,2023-08-07,mlb,CHW,NYY,37.820530657144026,43.555057943600616,4.58,2.63,0.0,0.0,0.4,0.4,1.0
717094,2023,2023-08-07,mlb,SDP,LAD,47.896637273871,52.881054097750265,3.57,4.98,0.0,0.0,0.6,0.6,0.0
717259,2023,2023-07-25,mlb,ARI,STL,46.61703093617329,45.332448715953014,3.29,3.86,0.0,0.0,0.2,0.7,1.0
717070,2023,2023-08-09,mlb,CIN,MIA,44.78260134821402,44.96868169547329,4.76,6.02,0.0,0.0,0.3,0.3,0.0
717063,2023,2023-08-09,mlb,ATH,TEX,36.13080527686773,53.49300527607529,2.98,3.2,0.0,0.0,0.4,0.8,1.0
717038,2023,2023-08-11,mlb,TBR,CLE,50.04796368550927,39.04999341574157,3.46,4.07,0.0,0.0,0.6,0.3,1.0
717047,2023,2023-08-11,mlb,MIA,NYY,44.96868169547329,43.555057943600616,3.58,2.64,1.0,1.0,0.3,0.4,0.0
717043,2023,2023-08-11,mlb,WSN,ATH,40.88283012079975,36.13080527686773,6.45,4.43,0.0,1.0,0.5555555555555556,0.4,1.0
717046,2023,2023-08-11,mlb,PIT,CIN,41.66652411136119,44.78260134821402,4.31,3.87,0.0,1.0,0.5,0.2,0.0
717044,2023,2023-08-11,mlb,PHI,MIN,52.042264664363394,46.9927878392028,3.44,5.97,0.0,0.0,0.7777777777777778,0.6,1.0
717041,2023,2023-08-11,mlb,TOR,CHC,48.81365443114781,49.69176903948828,3.65,3.05,0.0,1.0,0.6,0.6,0.0
717042,2023,2023-08-11,mlb,BOS,DET,47.295496550395896,41.6807004965427,4.3,2.8,0.0,0.0,0.4,0.5,1.0
717040,2023,2023-08-11,mlb,NYM,ATL,46.1675921482945,63.847983611293685,4.7,3.64,1.0,0.0,0.3,0.5,0.0
717037,2023,2023-08-11,mlb,HOU,LAA,52.26159782076136,44.88797413928977,3.22,4.48,0.0,1.0,0.7,0.3,1.0
717039,2023,2023-08-11,mlb,KCR,STL,41.450972950495625,45.332448715953014,8.84,7.4,0.0,0.0,0.5,0.5,1.0
717036,2023,2023-08-11,mlb,CHW,MIL,37.820530657144026,44.26372698544554,5.43,3.39,1.0,1.0,0.4,0.5,0.0
717035,2023,2023-08-11,mlb,ARI,SDP,46.61703093617329,47.896637273871,5.31,2.25,1.0,1.0,0.1,0.4,0.0
717032,2023,2023-08-11,mlb,LAD,COL,52.881054097750265,40.803785600090585,5.73,5.5,0.0,0.0,0.9,0.4,1.0
717034,2023,2023-08-11,mlb,SEA,BAL,49.02919211539274,48.236146371587125,3.34,4.73,1.0,0.0,0.9,0.7,1.0
717031,2023,2023-08-11,mlb,SFG,TEX,41.21396826950983,53.49300527607529,4.66,4.12,1.0,1.0,0.5,0.8,0.0
717045,2023,2023-08-10,mlb,LAD,COL,52.881054097750265,40.803785600090585,2.46,5.54,0.0,0.0,0.8,0.5,1.0
717051,2023,2023-08-10,mlb,BOS,KCR,47.295496550395896,41.450972950495625,4.5,4.54,0.0,0.0,0.3,0.6,1.0
717049,2023,2023-08-10,mlb,PHI,WSN,52.042264664363394,40.88283012079975,4.46,5.2,0.0,0.0,0.7777777777777778,0.5555555555555556,1.0
717048,2023,2023-08-10,mlb,TBR,STL,50.04796368550927,45.332448715953014,4.1,5.25,0.0,0.0,0.6,0.4,0.0
717064,2023,2023-08-09,mlb,TBR,STL,50.04796368550927,45.332448715953014,5.95,4.98,0.0,0.0,0.7,0.3,0.0
717061,2023,2023-08-09,mlb,DET,MIN,41.6807004965427,46.9927878392028,4.45,3.43,0.0,0.0,0.4,0.6,1.0
717066,2023,2023-08-09,mlb,PHI,WSN,52.042264664363394,40.88283012079975,4.18,4.42,0.0,0.0,0.6666666666666666,0.6666666666666666,1.0
717067,2023,2023-08-09,mlb,BAL,HOU,48.236146371587125,52.26159782076136,4.99,4.56,0.0,0.0,0.7,0.7,0.0
717058,2023,2023-08-09,mlb,PIT,ATL,41.66652411136119,63.847983611293685,7.74,2.55,0.0,0.0,0.6,0.6,0.0
717059,2023,2023-08-09,mlb,BOS,KCR,47.295496550395896,41.450972950495625,4.04,6.28,0.0,0.0,0.2,0.7,1.0
717062,2023,2023-08-09,mlb,NYM,CHC,46.1675921482945,49.69176903948828,5.03,3.74,0.0,0.0,0.2,0.6,1.0
717065,2023,2023-08-09,mlb,MIL,COL,44.26372698544554,40.803785600090585,4.12,6.86,0.0,0.0,0.4,0.5,1.0
717060,2023,2023-08-09,mlb,CLE,TOR,39.04999341574157,48.81365443114781,3.81,3.16,0.0,0.0,0.3,0.5,0.0
717071,2023,2023-08-09,mlb,LAA,SFG,44.88797413928977,41.21396826950983,3.14,3.23,0.0,0.0,0.3,0.6,1.0
717057,2023,2023-08-09,mlb,ARI,LAD,46.61703093617329,52.881054097750265,3.29,3.76,0.0,0.0,0.2,0.8,0.0
717055,2023,2023-08-09,mlb,SEA,SDP,49.02919211539274,47.896637273871,4.5,4.56,0.0,0.0,0.8,0.5,1.0
717053,2023,2023-08-10,mlb,BAL,HOU,48.236146371587125,52.26159782076136,4.12,5.09,0.0,0.0,0.7,0.7,1.0
717056,2023,2023-08-10,mlb,PIT,ATL,41.66652411136119,63.847983611293685,5.36,3.81,0.0,0.0,0.5,0.6,1.0
717052,2023,2023-08-10,mlb,CLE,TOR,39.04999341574157,48.81365443114781,6.5,5.87,0.0,0.0,0.3,0.6,1.0
717050,2023,2023-08-10,mlb,DET,MIN,41.6807004965427,46.9927878392028,3.99,4.23,0.0,0.0,0.5,0.6,1.0
717054,2023,2023-08-09,mlb,CHW,NYY,37.820530657144026,43.555057943600616,3.77,2.64,0.0,0.0,0.4,0.4,1.0
717258,2023,2023-07-25,mlb,SDP,PIT,47.896637273871,41.66652411136119,2.25,5.41,0.0,0.0,0.4,0.3,1.0
717262,2023,2023-07-25,mlb,MIL,CIN,44.26372698544554,44.78260134821402,3.39,3.87,0.0,0.0,0.7,0.5,0.0
717263,2023,2023-07-25,mlb,CHW,CHC,37.820530657144026,49.69176903948828,5.43,3.74,1.0,1.0,0.3,0.6,0.0
717462,2023,2023-07-06,mlb,LAD,PIT,52.881054097750265,41.66652411136119,4.6,4.31,0.0,0.0,0.5,0.5,1.0
717457,2023,2023-07-07,mlb,DET,TOR,41.6807004965427,48.81365443114781,4.45,5.87,0.0,0.0,0.5,0.6,0.0
717460,2023,2023-07-07,mlb,TBR,ATL,50.04796368550927,63.847983611293685,3.53,3.64,0.0,1.0,0.4,0.9,0.0
717466,2023,2023-07-07,mlb,MIA,PHI,44.96868169547329,52.042264664363394,4.14,3.61,0.0,0.0,0.6,0.8,0.0
717465,2023,2023-07-07,mlb,WSN,TEX,40.88283012079975,53.49300527607529,5.55,5.3,0.0,0.0,0.4,0.4,0.0
717464,2023,2023-07-07,mlb,NYY,CHC,43.555057943600616,49.69176903948828,6.85,4.84,0.0,0.0,0.4444444444444444,0.3,0.0
717463,2023,2023-07-07,mlb,CLE,KCR,39.04999341574157,41.450972950495625,3.46,4.64,0.0,0.0,0.6,0.3,1.0
717461,2023,2023-07-07,mlb,BOS,ATH,47.295496550395896,36.13080527686773,3.2,5.6,0.0,0.0,0.5,0.5,1.0
717453,2023,2023-07-07,mlb,HOU,SEA,52.26159782076136,49.02919211539274,5.09,3.34,0.0,0.0,0.7,0.6,0.0
717458,2023,2023-07-07,mlb,MIN,BAL,46.9927878392028,48.236146371587125,3.43,4.42,1.0,0.0,0.6,0.4,0.0
717455,2023,2023-07-07,mlb,CHW,STL,37.820530657144026,45.332448715953014,4.58,3.2,0.0,0.0,0.3,0.4444444444444444,1.0
717459,2023,2023-07-07,mlb,MIL,CIN,44.26372698544554,44.78260134821402,3.39,3.87,0.0,0.0,0.6,0.8,1.0
717452,2023,2023-07-07,mlb,ARI,PIT,46.61703093617329,41.66652411136119,3.47,5.41,0.0,0.0,0.4,0.5,1.0
717454,2023,2023-07-07,mlb,SDP,NYM,47.896637273871,46.1675921482945,4.56,3.22,1.0,0.0,0.4,0.6,0.0
717456,2023,2023-07-07,mlb,LAD,LAA,52.881054097750265,44.88797413928977,4.98,4.32,0.0,1.0,0.6,0.3,1.0
717470,2023,2023-07-06,mlb,ARI,NYM,46.61703093617329,46.1675921482945,5.31,6.8,0.0,0.0,0.4,0.5,0.0
717448,2023,2023-07-07,mlb,SFG,COL,41.21396826950983,40.803785600090585,5.36,5.5,1.0,1.0,0.3,0.3,0.0
717467,2023,2023-07-06,mlb,HOU,SEA,52.26159782076136,49.02919211539274,4.5,3.35,0.0,0.0,0.8,0.5,0.0
717469,2023,2023-07-06,mlb,CLE,KCR,39.04999341574157,41.450972950495625,2.98,6.28,0.0,0.0,0.5,0.3,1.0
717482,2023,2023-07-05,mlb,MIN,KCR,46.9927878392028,41.450972950495625,3.66,5.69,0.0,0.0,0.5,0.4,1.0
717483,2023,2023-07-05,mlb,MIL,CHC,44.26372698544554,49.69176903948828,4.12,3.06,0.0,0.0,0.7,0.3,0.0
717478,2023,2023-07-05,mlb,SDP,LAA,47.896637273871,44.88797413928977,3.57,4.11,0.0,0.0,0.3,0.3,1.0
717490,2023,2023-07-05,mlb,SFG,SEA,41.21396826950983,49.02919211539274,3.87,2.0,0.0,0.0,0.3,0.5,1.0
717477,2023,2023-07-05,mlb,ARI,NYM,46.61703093617329,46.1675921482945,4.15,2.98,0.0,0.0,0.4,0.5,0.0
717479,2023,2023-07-05,mlb,LAD,PIT,52.881054097750265,41.66652411136119,3.76,5.86,0.0,0.0,0.5,0.5,1.0
717481,2023,2023-07-06,mlb,WSN,CIN,40.88283012079975,44.78260134821402,4.42,4.46,0.0,0.0,0.5,0.7,0.0
717476,2023,2023-07-06,mlb,DET,ATH,41.6807004965427,36.13080527686773,4.18,7.14,0.0,0.0,0.4,0.5,1.0
717474,2023,2023-07-06,mlb,MIL,CHC,44.26372698544554,49.69176903948828,3.86,3.95,0.0,0.0,0.6,0.3,1.0
717468,2023,2023-07-06,mlb,CHW,TOR,37.820530657144026,48.81365443114781,5.73,3.65,1.0,1.0,0.5,0.5,0.0
717480,2023,2023-07-06,mlb,CHW,TOR,37.820530657144026,48.81365443114781,5.29,3.86,0.0,0.0,0.4,0.6,0.0
717472,2023,2023-07-06,mlb,TBR,PHI,50.04796368550927,52.042264664363394,1.38,3.44,0.0,0.0,0.4,0.7,0.0
717473,2023,2023-07-06,mlb,MIA,STL,44.96868169547329,45.332448715953014,3.15,4.99,0.0,0.0,0.7,0.4444444444444444,0.0
717475,2023,2023-07-06,mlb,NYY,BAL,43.555057943600616,48.236146371587125,6.65,2.83,0.0,0.0,0.5555555555555556,0.4,0.0
717471,2023,2023-07-06,mlb,BOS,TEX,47.295496550395896,53.49300527607529,4.04,3.63,0.0,0.0,0.4,0.4,1.0
717447,2023,2023-07-08,mlb,NYY,CHC,43.555057943600616,49.69176903948828,2.63,5.0,0.0,0.0,0.4444444444444444,0.4,1.0
717442,2023,2023-07-08,mlb,DET,TOR,41.6807004965427,48.81365443114781,3.58,3.16,0.0,0.0,0.4,0.6,1.0
717446,2023,2023-07-08,mlb,MIN,BAL,46.9927878392028,48.236146371587125,2.79,3.64,0.0,0.0,0.5,0.4,0.0
717428,2023,2023-07-09,mlb,MIN,BAL,46.9927878392028,48.236146371587125,4.51,4.73,0.0,0.0,0.5,0.5,0.0
717424,2023,2023-07-09,mlb,CHW,STL,37.820530657144026,45.332448715953014,4.88,3.86,0.0,0.0,0.4,0.4444444444444444,0.0
717427,2023,2023-07-09,mlb,MIL,CIN,44.26372698544554,44.78260134821402,3.14,,0.0,0.0,0.6,0.8,1.0
717422,2023,2023-07-09,mlb,SFG,COL,41.21396826950983,40.803785600090585,3.25,5.03,0.0,0.0,0.3,0.3,1.0
717425,2023,2023-07-09,mlb,ARI,PIT,46.61703093617329,41.66652411136119,7.0,2.25,0.0,0.0,0.4,0.3,0.0
717423,2023,2023-07-09,mlb,SDP,NYM,47.896637273871,46.1675921482945,3.05,3.77,0.0,0.0,0.5,0.6,1.0
717418,2023,2023-07-14,mlb,PHI,SDP,52.042264664363394,47.896637273871,3.44,4.56,4.0,4.0,0.6,0.6,0.0
717416,2023,2023-07-14,mlb,PIT,SFG,41.66652411136119,41.21396826950983,5.41,5.36,4.0,4.0,0.3,0.4,0.0
717417,2023,2023-07-14,mlb,BAL,MIA,48.236146371587125,44.96868169547329,4.12,4.14,4.0,4.0,0.6,0.5,1.0
717420,2023,2023-07-14,mlb,TOR,ARI,48.81365443114781,46.61703093617329,3.65,5.31,4.0,4.0,0.6,0.4,1.0
717413,2023,2023-07-14,mlb,NYM,LAD,46.1675921482945,52.881054097750265,3.22,4.6,4.0,5.0,0.6,0.7,0.0
717412,2023,2023-07-14,mlb,CIN,MIL,44.78260134821402,44.26372698544554,4.76,3.39,4.0,4.0,0.7,0.6,0.0
717414,2023,2023-07-14,mlb,ATL,CHW,63.847983611293685,37.820530657144026,3.64,5.43,4.0,4.0,0.8,0.3,1.0
717419,2023,2023-07-14,mlb,CHC,BOS,49.69176903948828,47.295496550395896,3.74,4.24,4.0,4.0,0.5,0.8,0.0
717430,2023,2023-07-09,mlb,HOU,SEA,52.26159782076136,49.02919211539274,3.83,3.73,0.0,0.0,0.7,0.6,0.0
717426,2023,2023-07-09,mlb,MIA,PHI,44.96868169547329,52.042264664363394,3.58,4.46,0.0,0.0,0.5,0.7,1.0
717429,2023,2023-07-09,mlb,TBR,ATL,50.04796368550927,63.847983611293685,3.5,3.81,0.0,0.0,0.3,0.9,1.0
717431,2023,2023-07-09,mlb,DET,TOR,41.6807004965427,48.81365443114781,2.8,3.6,0.0,0.0,0.5,0.6,0.0
717445,2023,2023-07-08,mlb,CHW,STL,37.820530657144026,45.332448715953014,4.97,4.78,0.0,0.0,0.4,0.3333333333333333,0.0
717451,2023,2023-07-08,mlb,SFG,COL,41.21396826950983,40.803785600090585,3.23,7.52,0.0,0.0,0.3,0.4,1.0
717450,2023,2023-07-08,mlb,WSN,TEX,40.88283012079975,53.49300527607529,4.61,4.15,0.0,0.0,0.4,0.4,1.0
717443,2023,2023-07-08,mlb,CLE,KCR,39.04999341574157,41.450972950495625,3.29,5.52,0.0,0.0,0.6,0.3,1.0
717449,2023,2023-07-08,mlb,BOS,ATH,47.295496550395896,36.13080527686773,4.5,2.98,0.0,0.0,0.6,0.5,1.0
717439,2023,2023-07-08,mlb,ARI,PIT,46.61703093617329,41.66652411136119,4.18,4.21,0.0,0.0,0.4,0.4,1.0
717438,2023,2023-07-08,mlb,MIA,PHI,44.96868169547329,52.042264664363394,3.66,4.18,0.0,0.0,0.5,0.8,1.0
717486,2023,2023-07-05,mlb,CLE,ATL,39.04999341574157,63.847983611293685,5.24,6.4,0.0,0.0,0.6,0.9,0.0
717444,2023,2023-07-08,mlb,MIL,CIN,44.26372698544554,44.78260134821402,4.55,6.4,0.0,0.0,0.7,0.8,0.0
717441,2023,2023-07-08,mlb,TBR,ATL,50.04796368550927,63.847983611293685,5.59,3.86,0.0,0.0,0.3,0.9,0.0
717437,2023,2023-07-08,mlb,LAD,LAA,52.881054097750265,44.88797413928977,4.35,4.48,0.0,0.0,0.6,0.2,1.0
717436,2023,2023-07-08,mlb,SDP,NYM,47.896637273871,46.1675921482945,2.25,5.03,0.0,0.0,0.4,0.7,1.0
717432,2023,2023-07-09,mlb,WSN,TEX,40.88283012079975,53.49300527607529,5.2,3.7,0.0,0.0,0.4,0.3,1.0
717435,2023,2023-07-09,mlb,BOS,ATH,47.295496550395896,36.13080527686773,5.6,4.54,0.0,0.0,0.7,0.4,1.0
717433,2023,2023-07-09,mlb,NYY,CHC,43.555057943600616,49.69176903948828,4.56,3.74,0.0,0.0,0.4444444444444444,0.4,0.0
717434,2023,2023-07-09,mlb,CLE,KCR,39.04999341574157,41.450972950495625,3.8,4.52,0.0,0.0,0.6,0.3,0.0
717440,2023,2023-07-08,mlb,HOU,SEA,52.26159782076136,49.02919211539274,3.45,4.21,0.0,0.0,0.7,0.6,1.0
717484,2023,2023-07-05,mlb,BOS,TEX,47.295496550395896,53.49300527607529,4.24,4.12,0.0,0.0,0.4,0.4,1.0
717487,2023,2023-07-05,mlb,NYY,BAL,43.555057943600616,48.236146371587125,2.87,4.12,0.0,0.0,0.6666666666666666,0.4,0.0
717493,2023,2023-07-05,mlb,WSN,CIN,40.88283012079975,44.78260134821402,3.91,4.76,0.0,0.0,0.6,0.6,0.0
717543,2023,2023-07-01,mlb,PHI,WSN,52.042264664363394,40.88283012079975,3.61,4.42,0.0,0.0,0.6,0.6,1.0
717540,2023,2023-07-01,mlb,PIT,MIL,41.66652411136119,44.26372698544554,4.31,3.39,0.0,0.0,0.5,0.6,0.0
717538,2023,2023-07-01,mlb,ATH,CHW,36.13080527686773,37.820530657144026,7.6,4.58,0.0,0.0,0.3,0.5,1.0
717535,2023,2023-07-01,mlb,NYM,SFG,46.1675921482945,41.21396826950983,3.22,4.88,0.0,0.0,0.2,0.6,1.0
717536,2023,2023-07-01,mlb,ATL,MIA,63.847983611293685,44.96868169547329,3.64,3.15,0.0,0.0,0.9,0.6,1.0
717546,2023,2023-07-01,mlb,CHC,CLE,49.69176903948828,39.04999341574157,3.95,2.98,0.0,0.0,0.5,0.6,0.0
717537,2023,2023-07-01,mlb,KCR,LAD,41.450972950495625,52.881054097750265,4.64,4.6,0.0,0.0,0.4,0.7,1.0
717534,2023,2023-07-01,mlb,SEA,TBR,49.02919211539274,50.04796368550927,3.35,3.53,0.0,0.0,0.3,0.6,1.0
717544,2023,2023-07-01,mlb,COL,DET,40.803785600090585,41.6807004965427,5.36,5.09,0.0,0.0,0.4,0.4,0.0
717533,2023,2023-07-01,mlb,LAA,ARI,44.88797413928977,46.61703093617329,5.43,5.31,0.0,0.0,0.3,0.5,0.0
717529,2023,2023-07-02,mlb,BAL,MIN,48.236146371587125,46.9927878392028,4.42,2.79,0.0,0.0,0.4,0.6,1.0
717528,2023,2023-07-02,mlb,PHI,WSN,52.042264664363394,40.88283012079975,4.18,5.55,0.0,0.0,0.6,0.6,0.0
717532,2023,2023-07-02,mlb,ATL,MIA,63.847983611293685,44.96868169547329,3.86,4.14,0.0,0.0,0.9,0.6,1.0
717531,2023,2023-07-02,mlb,PIT,MIL,41.66652411136119,44.26372698544554,5.41,4.55,0.0,0.0,0.5,0.6,0.0
717530,2023,2023-07-02,mlb,TOR,BOS,48.81365443114781,47.295496550395896,3.16,5.15,0.0,0.0,0.6,0.3,0.0
717541,2023,2023-07-01,mlb,BAL,MIN,48.236146371587125,46.9927878392028,2.83,3.43,0.0,0.0,0.5,0.5,0.0
717542,2023,2023-07-01,mlb,TEX,HOU,53.49300527607529,52.26159782076136,3.63,5.09,0.0,0.0,0.4,0.6,1.0
717547,2023,2023-07-01,mlb,TOR,BOS,48.81365443114781,47.295496550395896,3.86,4.04,0.0,0.0,0.6,0.3,0.0
717557,2023,2023-06-30,mlb,CIN,SDP,44.78260134821402,47.896637273871,4.76,3.57,1.0,0.0,0.7,0.2,1.0
717563,2023,2023-06-30,mlb,PHI,WSN,52.042264664363394,40.88283012079975,3.44,3.91,0.0,1.0,0.7,0.5,0.0
717561,2023,2023-06-30,mlb,BAL,MIN,48.236146371587125,46.9927878392028,4.12,3.66,1.0,1.0,0.5,0.4,0.0
717562,2023,2023-06-30,mlb,PIT,MIL,41.66652411136119,44.26372698544554,5.86,3.86,0.0,0.0,0.4,0.6,1.0
717555,2023,2023-06-30,mlb,TOR,BOS,48.81365443114781,47.295496550395896,3.65,4.5,0.0,0.0,0.6,0.3,0.0
717556,2023,2023-06-30,mlb,NYM,SFG,46.1675921482945,41.21396826950983,6.8,3.87,0.0,0.0,0.3,0.6,0.0
717558,2023,2023-06-30,mlb,ATL,MIA,63.847983611293685,44.96868169547329,6.4,5.48,1.0,0.0,0.9,0.7,1.0
717526,2023,2023-07-02,mlb,CIN,SDP,44.78260134821402,47.896637273871,3.87,7.0,0.0,0.0,0.6,0.3,1.0
717554,2023,2023-06-30,mlb,TEX,HOU,53.49300527607529,52.26159782076136,4.12,4.5,0.0,0.0,0.5,0.5,0.0
717553,2023,2023-06-30,mlb,KCR,LAD,41.450972950495625,52.881054097750265,5.69,3.76,0.0,0.0,0.4,0.6,0.0
717549,2023,2023-06-30,mlb,LAA,ARI,44.88797413928977,46.61703093617329,4.32,4.15,0.0,0.0,0.4,0.5,0.0
717551,2023,2023-06-30,mlb,ATH,CHW,36.13080527686773,37.820530657144026,5.42,4.43,0.0,0.0,0.2,0.5,1.0
717548,2023,2023-06-30,mlb,SEA,TBR,49.02919211539274,50.04796368550927,4.32,3.29,1.0,0.0,0.4,0.5,0.0
717550,2023,2023-07-01,mlb,STL,NYY,45.332448715953014,43.555057943600616,5.25,6.65,1.0,1.0,0.6,0.6,
717539,2023,2023-07-01,mlb,CIN,SDP,44.78260134821402,47.896637273871,4.46,3.22,0.0,0.0,0.7,0.2,0.0
717545,2023,2023-07-01,mlb,STL,NYY,45.332448715953014,43.555057943600616,4.99,6.65,0.0,0.0,0.5555555555555556,0.6666666666666666,1.0
717552,2023,2023-06-30,mlb,COL,DET,40.803785600090585,41.6807004965427,5.5,4.18,0.0,0.0,0.3,0.5,1.0
717415,2023,2023-07-14,mlb,TEX,CLE,53.49300527607529,39.04999341574157,4.12,3.46,4.0,4.0,0.3,0.6,1.0
717527,2023,2023-07-02,mlb,KCR,LAD,41.450972950495625,52.881054097750265,5.52,4.98,0.0,0.0,0.4,0.7,1.0
717520,2023,2023-07-02,mlb,TEX,HOU,53.49300527607529,52.26159782076136,4.15,7.0,0.0,0.0,0.5,0.6,0.0
717500,2023,2023-07-04,mlb,MIN,KCR,46.9927878392028,41.450972950495625,4.23,5.06,0.0,0.0,0.5,0.4,1.0
717504,2023,2023-07-04,mlb,HOU,COL,52.26159782076136,40.803785600090585,3.83,5.03,0.0,1.0,0.6,0.4,1.0
717498,2023,2023-07-04,mlb,ARI,NYM,46.61703093617329,46.1675921482945,7.0,3.77,1.0,1.0,0.5,0.4,0.0
717499,2023,2023-07-04,mlb,TBR,PHI,50.04796368550927,52.042264664363394,3.5,4.46,1.0,1.0,0.5,0.6,0.0
717503,2023,2023-07-04,mlb,MIL,CHC,44.26372698544554,49.69176903948828,3.14,3.74,0.0,0.0,0.7,0.3,0.0
717509,2023,2023-07-04,mlb,SFG,SEA,41.21396826950983,49.02919211539274,4.68,3.73,0.0,0.0,0.4,0.5,0.0
717494,2023,2023-07-04,mlb,DET,ATH,41.6807004965427,36.13080527686773,2.8,4.54,1.0,1.0,0.5,0.4,0.0
717497,2023,2023-07-04,mlb,SDP,LAA,47.896637273871,44.88797413928977,3.05,3.14,0.0,0.0,0.3,0.4,1.0
717495,2023,2023-07-04,mlb,CLE,ATL,39.04999341574157,63.847983611293685,3.8,6.57,0.0,0.0,0.5,0.9,1.0
717496,2023,2023-07-04,mlb,CHW,TOR,37.820530657144026,48.81365443114781,4.88,3.6,1.0,1.0,0.5,0.5,0.0
717492,2023,2023-07-04,mlb,LAD,PIT,52.881054097750265,41.66652411136119,4.92,4.78,0.0,0.0,0.6,0.5,0.0
717489,2023,2023-07-05,mlb,HOU,COL,52.26159782076136,40.803785600090585,3.83,5.42,0.0,0.0,0.7,0.4,1.0
717485,2023,2023-07-05,mlb,DET,ATH,41.6807004965427,36.13080527686773,3.3,2.98,0.0,0.0,0.5,0.5,0.0
717491,2023,2023-07-05,mlb,TBR,PHI,50.04796368550927,52.042264664363394,4.1,4.38,0.0,0.0,0.5,0.7,0.0
717488,2023,2023-07-05,mlb,MIA,STL,44.96868169547329,45.332448715953014,5.48,5.25,0.0,0.0,0.7,0.4444444444444444,1.0
717501,2023,2023-07-04,mlb,BOS,TEX,47.295496550395896,53.49300527607529,3.2,3.7,1.0,0.0,0.4,0.3,0.0
717502,2023,2023-07-04,mlb,MIA,STL,44.96868169547329,45.332448715953014,3.58,7.4,0.0,0.0,0.6,0.4444444444444444,1.0
717508,2023,2023-07-04,mlb,NYY,BAL,43.555057943600616,48.236146371587125,4.64,4.73,0.0,0.0,0.5555555555555556,0.4,1.0
717507,2023,2023-07-04,mlb,WSN,CIN,40.88283012079975,44.78260134821402,5.2,6.5,0.0,0.0,0.6,0.6,0.0
717523,2023,2023-07-02,mlb,COL,DET,40.803785600090585,41.6807004965427,7.52,3.58,0.0,0.0,0.4,0.5,0.0
717522,2023,2023-07-02,mlb,LAA,ARI,44.88797413928977,46.61703093617329,4.48,3.47,0.0,0.0,0.3,0.6,1.0
717518,2023,2023-07-02,mlb,ATH,CHW,36.13080527686773,37.820530657144026,4.43,4.97,0.0,0.0,0.4,0.4,0.0
717519,2023,2023-07-02,mlb,SEA,TBR,49.02919211539274,50.04796368550927,3.34,5.59,0.0,0.0,0.4,0.6,1.0
717521,2023,2023-07-02,mlb,CHC,CLE,49.69176903948828,39.04999341574157,4.84,3.46,0.0,0.0,0.5,0.6,0.0
717525,2023,2023-07-02,mlb,NYM,SFG,46.1675921482945,41.21396826950983,5.03,5.36,0.0,0.0,0.3,0.5,1.0
717514,2023,2023-07-03,mlb,TEX,HOU,53.49300527607529,52.26159782076136,4.45,4.56,0.0,0.0,0.4,0.6,0.0
717524,2023,2023-07-02,mlb,STL,NYY,45.332448715953014,43.555057943600616,3.2,2.63,0.0,0.0,0.5555555555555556,0.5555555555555556,1.0
717511,2023,2023-07-03,mlb,MIL,CHC,44.26372698544554,49.69176903948828,4.4,5.0,0.0,0.0,0.7,0.4,1.0
717515,2023,2023-07-03,mlb,MIA,STL,44.96868169547329,45.332448715953014,3.66,4.78,0.0,0.0,0.6,0.5555555555555556,1.0
717513,2023,2023-07-03,mlb,NYY,BAL,43.555057943600616,48.236146371587125,4.56,3.64,0.0,0.0,0.4444444444444444,0.4,1.0
717512,2023,2023-07-03,mlb,CLE,ATL,39.04999341574157,63.847983611293685,3.29,3.81,0.0,0.0,0.6,0.9,0.0
717510,2023,2023-07-03,mlb,MIN,KCR,46.9927878392028,41.450972950495625,4.51,4.54,0.0,0.0,0.5,0.5,1.0
717505,2023,2023-07-03,mlb,SDP,LAA,47.896637273871,44.88797413928977,2.25,5.68,0.0,0.0,0.3,0.4,1.0
717516,2023,2023-07-03,mlb,SFG,SEA,41.21396826950983,49.02919211539274,3.25,4.21,0.0,0.0,0.4,0.5,0.0
717506,2023,2023-07-03,mlb,LAD,PIT,52.881054097750265,41.66652411136119,6.13,4.21,0.0,0.0,0.6,0.5,1.0
717517,2023,2023-07-03,mlb,WSN,CIN,40.88283012079975,44.78260134821402,4.61,6.4,0.0,0.0,0.6,0.6,0.0
716956,2023,2023-08-18,mlb,CLE,DET,39.04999341574157,41.6807004965427,3.29,2.8,1.0,1.0,0.4,0.5,0.0
717410,2023,2023-07-14,mlb,COL,NYY,40.803785600090585,43.555057943600616,5.5,6.85,4.0,4.0,0.3,0.3333333333333333,1.0
717409,2023,2023-07-14,mlb,ATH,MIN,36.13080527686773,46.9927878392028,5.36,4.23,4.0,4.0,0.4,0.5,0.0
717313,2023,2023-07-21,mlb,MIL,ATL,44.26372698544554,63.847983611293685,3.86,6.4,0.0,0.0,0.8,0.5,0.0
717312,2023,2023-07-21,mlb,LAA,PIT,44.88797413928977,41.66652411136119,3.14,4.31,1.0,1.0,0.4,0.2,1.0
717310,2023,2023-07-21,mlb,ATH,HOU,36.13080527686773,52.26159782076136,4.54,3.45,0.0,0.0,0.2,0.5,0.0
717311,2023,2023-07-21,mlb,SEA,TOR,49.02919211539274,48.81365443114781,4.32,3.86,0.0,0.0,0.5,0.7,1.0
717304,2023,2023-07-22,mlb,NYY,KCR,43.555057943600616,41.450972950495625,2.63,5.52,0.0,0.0,0.3,0.3,1.0
717306,2023,2023-07-22,mlb,MIA,COL,44.96868169547329,40.803785600090585,6.02,5.42,0.0,0.0,0.2,0.5,0.0
717308,2023,2023-07-22,mlb,CHC,STL,49.69176903948828,45.332448715953014,4.42,4.78,0.0,0.0,0.5,0.8,1.0
717305,2023,2023-07-22,mlb,TEX,LAD,53.49300527607529,52.881054097750265,3.7,3.76,0.0,0.0,0.7,0.8,0.0
717303,2023,2023-07-22,mlb,CIN,ARI,44.78260134821402,46.61703093617329,4.46,5.72,0.0,0.0,0.4,0.4,1.0
717300,2023,2023-07-22,mlb,TBR,BAL,50.04796368550927,48.236146371587125,3.29,4.35,0.0,0.0,0.4,0.7,0.0
717301,2023,2023-07-22,mlb,SEA,TOR,49.02919211539274,48.81365443114781,3.73,3.16,0.0,0.0,0.5,0.6,1.0
717299,2023,2023-07-22,mlb,DET,SDP,41.6807004965427,47.896637273871,3.58,5.4,0.0,0.0,0.6,0.6,0.0
717307,2023,2023-07-22,mlb,WSN,SFG,40.88283012079975,41.21396826950983,3.91,3.25,0.0,0.0,0.5,0.7,1.0
717309,2023,2023-07-22,mlb,BOS,NYM,47.295496550395896,46.1675921482945,4.5,3.77,0.0,0.0,0.6,0.5,1.0
717314,2023,2023-07-21,mlb,MIN,CHW,46.9927878392028,37.820530657144026,4.51,5.73,0.0,0.0,0.5,0.4,1.0
717302,2023,2023-07-22,mlb,CLE,PHI,39.04999341574157,52.042264664363394,2.98,3.61,0.0,0.0,0.5,0.4,1.0
717316,2023,2023-07-21,mlb,TEX,LAD,53.49300527607529,52.881054097750265,4.15,4.98,1.0,1.0,0.7,0.8,0.0
717324,2023,2023-07-21,mlb,BOS,NYM,47.295496550395896,46.1675921482945,4.04,2.98,1.0,0.0,0.7,0.5,0.0
717329,2023,2023-07-20,mlb,PHI,MIL,52.042264664363394,44.26372698544554,4.38,3.39,0.0,0.0,0.6,0.7,0.0
717331,2023,2023-07-20,mlb,TOR,SDP,48.81365443114781,47.896637273871,3.6,2.25,0.0,0.0,0.7,0.6,1.0
717330,2023,2023-07-20,mlb,NYM,CHW,46.1675921482945,37.820530657144026,3.57,5.43,0.0,0.0,0.6,0.3,0.0
717332,2023,2023-07-20,mlb,KCR,DET,41.450972950495625,41.6807004965427,5.06,4.18,0.0,0.0,0.3,0.6,0.0
717327,2023,2023-07-20,mlb,SEA,MIN,49.02919211539274,46.9927878392028,3.35,3.66,0.0,0.0,0.5,0.6,1.0
717328,2023,2023-07-20,mlb,TBR,BAL,50.04796368550927,48.236146371587125,3.53,4.73,0.0,0.0,0.3,0.8,0.0
717322,2023,2023-07-20,mlb,CHC,STL,49.69176903948828,45.332448715953014,3.95,3.86,0.0,0.0,0.5,0.8,0.0
717323,2023,2023-07-20,mlb,ATH,HOU,36.13080527686773,52.26159782076136,7.14,3.83,0.0,0.0,0.2,0.5,0.0
717325,2023,2023-07-21,mlb,CHC,STL,49.69176903948828,45.332448715953014,3.06,4.99,0.0,0.0,0.5,0.8,1.0
717317,2023,2023-07-21,mlb,DET,SDP,41.6807004965427,47.896637273871,3.99,3.57,0.0,0.0,0.6,0.5,0.0
717320,2023,2023-07-21,mlb,TBR,BAL,50.04796368550927,48.236146371587125,3.5,2.83,0.0,0.0,0.3,0.8,1.0
717319,2023,2023-07-21,mlb,MIA,COL,44.96868169547329,40.803785600090585,3.66,5.36,1.0,1.0,0.2,0.4,0.0
717326,2023,2023-07-21,mlb,WSN,SFG,40.88283012079975,41.21396826950983,4.61,4.33,1.0,0.0,0.4,0.7,1.0
717318,2023,2023-07-21,mlb,NYY,KCR,43.555057943600616,41.450972950495625,4.64,5.69,1.0,0.0,0.2,0.3,1.0
717321,2023,2023-07-21,mlb,CIN,ARI,44.78260134821402,46.61703093617329,5.38,4.15,0.0,0.0,0.3,0.4,1.0
717315,2023,2023-07-21,mlb,CLE,PHI,39.04999341574157,52.042264664363394,3.29,4.18,1.0,0.0,0.5,0.5,1.0
717293,2023,2023-07-22,mlb,MIN,CHW,46.9927878392028,37.820530657144026,2.79,4.58,0.0,0.0,0.6,0.4,1.0
717296,2023,2023-07-22,mlb,MIL,ATL,44.26372698544554,63.847983611293685,4.12,5.29,0.0,0.0,0.7,0.5,1.0
717295,2023,2023-07-22,mlb,ATH,HOU,36.13080527686773,52.26159782076136,4.43,4.56,0.0,0.0,0.2,0.6,1.0
717275,2023,2023-07-24,mlb,MIN,SEA,46.9927878392028,49.02919211539274,4.23,3.34,0.0,0.0,0.8,0.5,1.0
717274,2023,2023-07-24,mlb,HOU,TEX,52.26159782076136,53.49300527607529,3.83,4.12,0.0,0.0,0.6,0.7,1.0
717273,2023,2023-07-24,mlb,MIL,CIN,44.26372698544554,44.78260134821402,4.55,4.76,0.0,0.0,0.7,0.5,1.0
717276,2023,2023-07-24,mlb,SDP,PIT,47.896637273871,41.66652411136119,4.56,7.74,0.0,0.0,0.5,0.3,0.0
717268,2023,2023-07-24,mlb,ARI,STL,46.61703093617329,45.332448715953014,5.31,7.4,0.0,0.0,0.2,0.6,0.0
717271,2023,2023-07-24,mlb,LAD,TOR,52.881054097750265,48.81365443114781,6.13,3.65,0.0,0.0,0.7,0.6,0.0
717265,2023,2023-07-25,mlb,DET,LAA,41.6807004965427,44.88797413928977,3.3,4.32,0.0,1.0,0.5555555555555556,0.6,0.0
717267,2023,2023-07-25,mlb,PHI,BAL,52.042264664363394,48.236146371587125,4.38,4.73,0.0,0.0,0.5,0.7,1.0
717270,2023,2023-07-25,mlb,TBR,MIA,50.04796368550927,44.96868169547329,3.53,4.24,1.0,1.0,0.3,0.2,1.0
717269,2023,2023-07-25,mlb,WSN,COL,40.88283012079975,40.803785600090585,5.55,5.5,0.0,0.0,0.5,0.6,1.0
717266,2023,2023-07-25,mlb,NYY,NYM,43.555057943600616,46.1675921482945,4.56,3.22,1.0,1.0,0.4,0.4,0.0
717260,2023,2023-07-25,mlb,CLE,KCR,39.04999341574157,41.450972950495625,3.46,5.06,0.0,0.0,0.4,0.3,1.0
717261,2023,2023-07-25,mlb,BOS,ATL,47.295496550395896,63.847983611293685,3.86,3.64,1.0,1.0,0.6,0.4,1.0
717264,2023,2023-07-25,mlb,MIN,SEA,46.9927878392028,49.02919211539274,3.66,3.35,0.0,0.0,0.8,0.5,0.0
717255,2023,2023-07-25,mlb,HOU,TEX,52.26159782076136,53.49300527607529,3.83,7.9,0.0,0.0,0.7,0.7,1.0
717277,2023,2023-07-24,mlb,CLE,KCR,39.04999341574157,41.450972950495625,3.81,4.52,0.0,0.0,0.4,0.2,0.0
717282,2023,2023-07-24,mlb,WSN,COL,40.88283012079975,40.803785600090585,5.2,4.33,0.0,0.0,0.6,0.5,0.0
717280,2023,2023-07-24,mlb,PHI,BAL,52.042264664363394,48.236146371587125,3.44,4.12,0.0,0.0,0.5,0.7,0.0
717297,2023,2023-07-22,mlb,LAA,PIT,44.88797413928977,41.66652411136119,4.48,2.45,0.0,0.0,0.5,0.2,0.0
717288,2023,2023-07-23,mlb,DET,SDP,41.6807004965427,47.896637273871,4.45,3.05,0.0,0.0,0.5,0.6,1.0
717290,2023,2023-07-23,mlb,WSN,SFG,40.88283012079975,41.21396826950983,4.42,4.66,0.0,0.0,0.6,0.6,1.0
717294,2023,2023-07-23,mlb,NYY,KCR,43.555057943600616,41.450972950495625,6.65,6.28,0.0,0.0,0.4,0.3,1.0
717289,2023,2023-07-23,mlb,CIN,ARI,44.78260134821402,46.61703093617329,6.4,5.89,0.0,0.0,0.4,0.3,1.0
717291,2023,2023-07-23,mlb,TBR,BAL,50.04796368550927,48.236146371587125,5.59,3.64,0.0,0.0,0.4,0.7,0.0
717283,2023,2023-07-23,mlb,CLE,PHI,39.04999341574157,52.042264664363394,4.07,4.46,0.0,0.0,0.5,0.4,0.0
717334,2023,2023-07-20,mlb,CIN,SFG,44.78260134821402,41.21396826950983,3.87,3.87,0.0,0.0,0.3,0.8,1.0
717292,2023,2023-07-23,mlb,MIA,COL,44.96868169547329,40.803785600090585,3.58,5.54,0.0,0.0,0.2,0.6,1.0
717287,2023,2023-07-23,mlb,MIL,ATL,44.26372698544554,63.847983611293685,4.4,3.81,0.0,0.0,0.7,0.4,0.0
717286,2023,2023-07-23,mlb,CHC,STL,49.69176903948828,45.332448715953014,4.84,3.2,0.0,0.0,0.6,0.7,1.0
717284,2023,2023-07-23,mlb,TEX,LAD,53.49300527607529,52.881054097750265,4.45,4.92,0.0,0.0,0.6,0.8,1.0
717279,2023,2023-07-23,mlb,ATH,HOU,36.13080527686773,52.26159782076136,5.42,5.09,0.0,0.0,0.3,0.6,0.0
717278,2023,2023-07-23,mlb,LAA,PIT,44.88797413928977,41.66652411136119,5.43,4.21,0.0,0.0,0.5,0.3,1.0
717281,2023,2023-07-23,mlb,SEA,TOR,49.02919211539274,48.81365443114781,4.21,5.87,0.0,0.0,0.6,0.5,0.0
717298,2023,2023-07-23,mlb,BOS,NYM,47.295496550395896,46.1675921482945,3.2,6.8,0.0,0.0,0.6,0.4,1.0
717285,2023,2023-07-23,mlb,MIN,CHW,46.9927878392028,37.820530657144026,3.43,4.88,0.0,0.0,0.7,0.3,1.0
717337,2023,2023-07-20,mlb,ATL,ARI,63.847983611293685,46.61703093617329,3.86,3.47,0.0,0.0,0.4,0.4,1.0
717335,2023,2023-07-19,mlb,SEA,MIN,49.02919211539274,46.9927878392028,3.34,4.23,0.0,0.0,0.5,0.6,0.0
717333,2023,2023-07-19,mlb,KCR,DET,41.450972950495625,41.6807004965427,4.52,3.3,0.0,0.0,0.3,0.5,0.0
717388,2023,2023-07-16,mlb,PIT,SFG,41.66652411136119,41.21396826950983,5.86,4.33,0.0,0.0,0.2,0.5,0.0
717387,2023,2023-07-16,mlb,PHI,SDP,52.042264664363394,47.896637273871,3.61,3.57,0.0,0.0,0.6,0.6,1.0
717391,2023,2023-07-16,mlb,ATL,CHW,63.847983611293685,37.820530657144026,6.57,4.58,0.0,0.0,0.7,0.3,0.0
717384,2023,2023-07-16,mlb,BAL,MIA,48.236146371587125,44.96868169547329,2.83,4.45,0.0,0.0,0.8,0.5,1.0
717386,2023,2023-07-16,mlb,TOR,ARI,48.81365443114781,46.61703093617329,3.86,4.15,0.0,0.0,0.7,0.3,1.0
717383,2023,2023-07-16,mlb,CIN,MIL,44.78260134821402,44.26372698544554,5.38,4.12,0.0,0.0,0.6,0.7,0.0
717382,2023,2023-07-16,mlb,KCR,TBR,41.450972950495625,50.04796368550927,5.52,3.5,0.0,0.0,0.2,0.3,1.0
717380,2023,2023-07-16,mlb,STL,WSN,45.332448715953014,40.88283012079975,4.99,3.91,0.0,0.0,0.5,0.4,1.0
717376,2023,2023-07-16,mlb,CHC,BOS,49.69176903948828,47.295496550395896,3.06,4.04,0.0,0.0,0.5,0.8,0.0
717377,2023,2023-07-16,mlb,TEX,CLE,53.49300527607529,39.04999341574157,4.45,2.98,0.0,0.0,0.4,0.5,1.0
717378,2023,2023-07-16,mlb,COL,NYY,40.803785600090585,43.555057943600616,5.42,2.63,0.0,0.0,0.3,0.4,1.0
717379,2023,2023-07-16,mlb,ATH,MIN,36.13080527686773,46.9927878392028,4.54,4.51,0.0,0.0,0.3,0.6,0.0
717373,2023,2023-07-16,mlb,SEA,DET,49.02919211539274,41.6807004965427,4.32,3.99,0.0,0.0,0.6,0.6,1.0
717385,2023,2023-07-16,mlb,NYM,LAD,46.1675921482945,52.881054097750265,3.77,3.76,0.0,0.0,0.6,0.7,1.0
717381,2023,2023-07-16,mlb,LAA,HOU,44.88797413928977,52.26159782076136,5.43,4.56,0.0,0.0,0.2,0.6,0.0
717390,2023,2023-07-15,mlb,SEA,DET,49.02919211539274,41.6807004965427,3.35,4.18,0.0,0.0,0.7,0.5,0.0
717389,2023,2023-07-15,mlb,LAA,HOU,44.88797413928977,52.26159782076136,4.48,3.45,0.0,0.0,0.1,0.6,1.0
717394,2023,2023-07-15,mlb,COL,NYY,40.803785600090585,43.555057943600616,7.52,4.64,0.0,0.0,0.3,0.3,0.0
717395,2023,2023-07-15,mlb,ATL,CHW,63.847983611293685,37.820530657144026,3.86,5.73,0.0,0.0,0.8,0.2,0.0
717406,2023,2023-07-14,mlb,SEA,DET,49.02919211539274,41.6807004965427,3.34,3.3,4.0,4.0,0.7,0.5,0.0
717408,2023,2023-07-15,mlb,PHI,SDP,52.042264664363394,47.896637273871,4.18,2.25,0.0,0.0,0.5,0.7,1.0
717397,2023,2023-07-15,mlb,PHI,SDP,52.042264664363394,47.896637273871,4.38,6.55,0.0,0.0,0.6,0.7,1.0
717411,2023,2023-07-15,mlb,KCR,TBR,41.450972950495625,50.04796368550927,5.69,3.53,5.0,5.0,0.3,0.3,0.0
717393,2023,2023-07-15,mlb,KCR,TBR,41.450972950495625,50.04796368550927,3.47,1.38,0.0,0.0,0.3,0.3,0.0
717407,2023,2023-07-14,mlb,STL,WSN,45.332448715953014,40.88283012079975,4.78,5.55,4.0,4.0,0.5555555555555556,0.4,0.0
717372,2023,2023-07-17,mlb,BAL,LAD,48.236146371587125,52.881054097750265,4.35,4.92,0.0,0.0,0.8,0.7,0.0
717403,2023,2023-07-15,mlb,CHC,BOS,49.69176903948828,47.295496550395896,3.95,4.5,0.0,0.0,0.4,0.9,1.0
717402,2023,2023-07-15,mlb,TEX,CLE,53.49300527607529,39.04999341574157,4.15,3.29,0.0,0.0,0.4,0.6,1.0
717398,2023,2023-07-15,mlb,PIT,SFG,41.66652411136119,41.21396826950983,4.31,3.87,0.0,0.0,0.2,0.5,0.0
717401,2023,2023-07-15,mlb,BAL,MIA,48.236146371587125,44.96868169547329,4.73,3.66,0.0,0.0,0.7,0.5,1.0
717399,2023,2023-07-15,mlb,ATH,MIN,36.13080527686773,46.9927878392028,2.98,3.66,0.0,0.0,0.4,0.6,0.0
717392,2023,2023-07-15,mlb,CIN,MIL,44.78260134821402,44.26372698544554,3.87,3.86,0.0,0.0,0.6,0.7,0.0
717400,2023,2023-07-15,mlb,NYM,LAD,46.1675921482945,52.881054097750265,2.98,4.98,0.0,0.0,0.6,0.7,0.0
717396,2023,2023-07-15,mlb,STL,WSN,45.332448715953014,40.88283012079975,3.86,4.61,0.0,0.0,0.5,0.4,1.0
717404,2023,2023-07-15,mlb,TOR,ARI,48.81365443114781,46.61703093617329,3.6,3.47,0.0,0.0,0.6,0.4,1.0
717405,2023,2023-07-14,mlb,LAA,HOU,44.88797413928977,52.26159782076136,3.14,3.83,5.0,4.0,0.1,0.6,0.0
717371,2023,2023-07-17,mlb,PIT,CLE,41.66652411136119,39.04999341574157,7.74,4.07,0.0,0.0,0.2,0.4,0.0
717374,2023,2023-07-17,mlb,STL,MIA,45.332448715953014,44.96868169547329,4.78,3.58,0.0,0.0,0.5,0.5,1.0
717350,2023,2023-07-18,mlb,SEA,MIN,49.02919211539274,46.9927878392028,4.21,3.43,0.0,0.0,0.6,0.6,0.0
717360,2023,2023-07-18,mlb,CIN,SFG,44.78260134821402,41.21396826950983,6.4,4.88,0.0,0.0,0.4,0.7,0.0
717348,2023,2023-07-19,mlb,PIT,CLE,41.66652411136119,39.04999341574157,5.41,3.46,0.0,0.0,0.1,0.5,1.0
717343,2023,2023-07-19,mlb,BAL,LAD,48.236146371587125,52.881054097750265,4.12,4.6,0.0,0.0,0.8,0.8,1.0
717346,2023,2023-07-19,mlb,TEX,TBR,53.49300527607529,50.04796368550927,4.12,4.1,0.0,0.0,0.6,0.3,1.0
717351,2023,2023-07-19,mlb,STL,MIA,45.332448715953014,44.96868169547329,4.98,4.14,0.0,0.0,0.7,0.3,1.0
717345,2023,2023-07-19,mlb,COL,HOU,40.803785600090585,52.26159782076136,5.5,3.83,0.0,0.0,0.4,0.5,0.0
717344,2023,2023-07-19,mlb,ATH,BOS,36.13080527686773,47.295496550395896,5.36,4.24,0.0,0.0,0.2,0.8,1.0
717347,2023,2023-07-19,mlb,PHI,MIL,52.042264664363394,44.26372698544554,3.44,4.55,0.0,0.0,0.7,0.6,0.0
717338,2023,2023-07-19,mlb,TOR,SDP,48.81365443114781,47.896637273871,3.65,4.56,0.0,0.0,0.8,0.6,0.0
717339,2023,2023-07-19,mlb,LAA,NYY,44.88797413928977,43.555057943600616,3.96,6.85,0.0,0.0,0.3,0.2,1.0
717342,2023,2023-07-19,mlb,CIN,SFG,44.78260134821402,41.21396826950983,4.76,5.36,0.0,0.0,0.3,0.8,1.0
717341,2023,2023-07-19,mlb,NYM,CHW,46.1675921482945,37.820530657144026,3.22,4.97,0.0,0.0,0.6,0.3,1.0
717340,2023,2023-07-19,mlb,ATL,ARI,63.847983611293685,46.61703093617329,3.64,5.31,0.0,0.0,0.5,0.3,0.0
717336,2023,2023-07-19,mlb,CHC,WSN,49.69176903948828,40.88283012079975,3.74,5.55,0.0,0.0,0.5,0.4,1.0
717349,2023,2023-07-18,mlb,ATH,BOS,36.13080527686773,47.295496550395896,5.42,5.06,0.0,0.0,0.2,0.8,1.0
717352,2023,2023-07-18,mlb,LAA,NYY,44.88797413928977,43.555057943600616,4.11,4.56,0.0,0.0,0.3,0.3,1.0
717355,2023,2023-07-18,mlb,COL,HOU,40.803785600090585,52.26159782076136,4.33,5.09,1.0,1.0,0.3,0.6,1.0
717356,2023,2023-07-18,mlb,KCR,DET,41.450972950495625,41.6807004965427,4.64,2.8,0.0,0.0,0.2,0.5,1.0
717370,2023,2023-07-17,mlb,CHC,WSN,49.69176903948828,40.88283012079975,5.0,4.42,0.0,0.0,0.5,0.3,0.0
717367,2023,2023-07-17,mlb,TEX,TBR,53.49300527607529,50.04796368550927,3.7,3.29,0.0,0.0,0.5,0.3,1.0
717368,2023,2023-07-17,mlb,KCR,DET,41.450972950495625,41.6807004965427,6.28,3.58,0.0,0.0,0.2,0.5,0.0
717369,2023,2023-07-17,mlb,LAA,NYY,44.88797413928977,43.555057943600616,4.32,6.65,0.0,0.0,0.2,0.4,1.0
717366,2023,2023-07-17,mlb,ATH,BOS,36.13080527686773,47.295496550395896,4.43,3.2,0.0,0.0,0.2,0.8,0.0
717365,2023,2023-07-17,mlb,SEA,MIN,49.02919211539274,46.9927878392028,3.73,2.79,0.0,0.0,0.6,0.6,1.0
717375,2023,2023-07-17,mlb,CIN,SFG,44.78260134821402,41.21396826950983,4.46,3.25,0.0,0.0,0.5,0.6,0.0
717363,2023,2023-07-18,mlb,PHI,MIL,52.042264664363394,44.26372698544554,4.46,4.4,1.0,1.0,0.7,0.7,1.0
717364,2023,2023-07-18,mlb,PIT,CLE,41.66652411136119,39.04999341574157,4.21,3.81,0.0,0.0,0.2,0.5,0.0
717362,2023,2023-07-18,mlb,TOR,SDP,48.81365443114781,47.896637273871,5.87,3.05,1.0,1.0,0.8,0.6,0.0
717359,2023,2023-07-18,mlb,NYM,CHW,46.1675921482945,37.820530657144026,6.8,4.88,1.0,1.0,0.6,0.4,1.0
717358,2023,2023-07-18,mlb,ATL,ARI,63.847983611293685,46.61703093617329,3.81,7.0,1.0,1.0,0.6,0.2,0.0
717357,2023,2023-07-18,mlb,STL,MIA,45.332448715953014,44.96868169547329,3.2,4.24,0.0,0.0,0.6,0.4,1.0
717353,2023,2023-07-18,mlb,CHC,WSN,49.69176903948828,40.88283012079975,4.84,5.2,0.0,0.0,0.5,0.4,1.0
717354,2023,2023-07-18,mlb,TEX,TBR,53.49300527607529,50.04796368550927,3.63,5.59,0.0,0.0,0.6,0.3,1.0
717361,2023,2023-07-18,mlb,BAL,LAD,48.236146371587125,52.881054097750265,3.64,6.13,0.0,0.0,0.8,0.8,0.0
717559,2023,2023-06-30,mlb,CHC,CLE,49.69176903948828,39.04999341574157,3.06,5.24,0.0,0.0,0.5,0.7,1.0
716959,2023,2023-08-18,mlb,CLE,DET,39.04999341574157,41.6807004965427,4.07,6.9,0.0,0.0,0.4,0.6,1.0
716960,2023,2023-08-18,mlb,WSN,PHI,40.88283012079975,52.042264664363394,6.45,4.18,0.0,1.0,0.5555555555555556,0.6666666666666666,1.0
716557,2023,2023-09-16,mlb,STL,PHI,45.332448715953014,52.042264664363394,4.78,4.18,0.0,0.0,0.6,0.4444444444444444,0.0
716558,2023,2023-09-16,mlb,ARI,CHC,46.61703093617329,49.69176903948828,7.0,3.74,0.0,0.0,0.6,0.4,1.0
716554,2023,2023-09-16,mlb,LAA,DET,44.88797413928977,41.6807004965427,5.43,2.7,0.0,0.0,0.4,0.5,0.0
716552,2023,2023-09-16,mlb,SEA,LAD,49.02919211539274,52.881054097750265,4.32,2.46,0.0,0.0,0.4,0.5,0.0
716553,2023,2023-09-17,mlb,BAL,TBR,48.236146371587125,50.04796368550927,4.12,4.1,0.0,0.0,0.5,0.7,1.0
716551,2023,2023-09-17,mlb,PIT,NYY,41.66652411136119,43.555057943600616,9.0,6.85,0.0,0.0,0.5,0.6,1.0
716548,2023,2023-09-17,mlb,TOR,BOS,48.81365443114781,47.295496550395896,3.46,4.04,0.0,0.0,0.5,0.2,1.0
716545,2023,2023-09-17,mlb,NYM,CIN,46.1675921482945,44.78260134821402,3.57,4.46,0.0,0.0,0.4,0.6,1.0
716549,2023,2023-09-17,mlb,CLE,TEX,39.04999341574157,53.49300527607529,3.29,5.3,0.0,0.0,0.5,0.6,1.0
716546,2023,2023-09-17,mlb,MIA,ATL,44.96868169547329,63.847983611293685,3.58,3.64,0.0,0.0,0.5,0.5555555555555556,1.0
716547,2023,2023-09-17,mlb,KCR,HOU,41.450972950495625,52.26159782076136,6.28,3.45,0.0,0.0,0.5,0.5,0.0
716542,2023,2023-09-17,mlb,CHW,MIN,37.820530657144026,46.9927878392028,4.58,2.79,0.0,0.0,0.4,0.5,0.0
716543,2023,2023-09-17,mlb,MIL,WSN,44.26372698544554,40.88283012079975,2.28,5.2,0.0,0.0,0.7,0.3,0.0
716541,2023,2023-09-17,mlb,STL,PHI,45.332448715953014,52.042264664363394,4.98,4.38,0.0,0.0,0.5,0.5555555555555556,1.0
716540,2023,2023-09-17,mlb,COL,SFG,40.803785600090585,41.21396826950983,6.86,4.44,0.0,0.0,0.4444444444444444,0.5555555555555556,0.0
716559,2023,2023-09-16,mlb,MIL,WSN,44.26372698544554,40.88283012079975,3.39,5.55,0.0,0.0,0.7,0.3,1.0
716544,2023,2023-09-17,mlb,LAA,DET,44.88797413928977,41.6807004965427,4.66,0.64,0.0,0.0,0.4,0.6,0.0
716556,2023,2023-09-16,mlb,CHW,MIN,37.820530657144026,46.9927878392028,4.97,3.66,0.0,0.0,0.3,0.6,1.0
716560,2023,2023-09-16,mlb,KCR,HOU,41.450972950495625,52.26159782076136,3.47,3.83,0.0,0.0,0.5,0.6,1.0
716578,2023,2023-09-15,mlb,MIL,WSN,44.26372698544554,40.88283012079975,3.14,4.61,0.0,0.0,0.6,0.3,1.0
716572,2023,2023-09-15,mlb,STL,PHI,45.332448715953014,52.042264664363394,4.48,4.46,1.0,1.0,0.7,0.4444444444444444,0.0
716571,2023,2023-09-15,mlb,COL,SFG,40.803785600090585,41.21396826950983,5.42,3.25,1.0,1.0,0.3,0.5,1.0
716570,2023,2023-09-15,mlb,LAA,DET,44.88797413928977,41.6807004965427,4.32,2.8,1.0,0.0,0.4,0.5,0.0
716567,2023,2023-09-15,mlb,ARI,CHC,46.61703093617329,49.69176903948828,5.72,3.06,0.0,1.0,0.5,0.5,1.0
716569,2023,2023-09-15,mlb,ATH,SDP,36.13080527686773,47.896637273871,3.0,3.57,1.0,1.0,0.5,0.5,0.0
716568,2023,2023-09-15,mlb,SEA,LAD,49.02919211539274,52.881054097750265,3.35,3.76,1.0,1.0,0.4,0.5,0.0
716550,2023,2023-09-16,mlb,COL,SFG,40.803785600090585,41.21396826950983,5.03,4.66,0.0,0.0,0.4,0.5,1.0
716566,2023,2023-09-16,mlb,TOR,BOS,48.81365443114781,47.295496550395896,3.6,4.3,0.0,0.0,0.5,0.2,1.0
716564,2023,2023-09-16,mlb,ATH,SDP,36.13080527686773,47.896637273871,3.78,4.35,0.0,0.0,0.4,0.5,0.0
716565,2023,2023-09-16,mlb,MIA,ATL,44.96868169547329,63.847983611293685,5.48,5.81,0.0,0.0,0.5,0.5555555555555556,1.0
716562,2023,2023-09-16,mlb,CLE,TEX,39.04999341574157,53.49300527607529,2.98,3.7,0.0,0.0,0.4,0.6,1.0
716563,2023,2023-09-16,mlb,PIT,NYY,41.66652411136119,43.555057943600616,4.78,6.4,0.0,0.0,0.5,0.6,0.0
716561,2023,2023-09-16,mlb,BAL,TBR,48.236146371587125,50.04796368550927,4.35,3.53,0.0,0.0,0.5,0.8,1.0
716555,2023,2023-09-16,mlb,NYM,CIN,46.1675921482945,44.78260134821402,4.7,3.87,0.0,0.0,0.5,0.6,0.0
716538,2023,2023-09-17,mlb,ATH,SDP,36.13080527686773,47.896637273871,1.69,3.43,0.0,0.0,0.4,0.6,0.0
716537,2023,2023-09-17,mlb,SEA,LAD,49.02919211539274,52.881054097750265,3.73,1.71,0.0,0.0,0.4,0.6,0.0
716536,2023,2023-09-17,mlb,ARI,CHC,46.61703093617329,49.69176903948828,5.31,4.41,0.0,0.0,0.6,0.3,1.0
716519,2023,2023-09-19,mlb,TEX,BOS,53.49300527607529,47.295496550395896,3.63,5.01,0.0,0.0,0.6,0.3,1.0
716514,2023,2023-09-19,mlb,HOU,BAL,52.26159782076136,48.236146371587125,5.09,4.73,0.0,0.0,0.4,0.5,0.0
716516,2023,2023-09-19,mlb,SDP,COL,47.896637273871,40.803785600090585,2.25,5.82,0.0,0.0,0.7,0.4444444444444444,1.0
716512,2023,2023-09-19,mlb,ATH,SEA,36.13080527686773,49.02919211539274,4.43,3.34,0.0,0.0,0.3,0.3,0.0
716511,2023,2023-09-19,mlb,ARI,SFG,46.61703093617329,41.21396826950983,3.47,3.87,1.0,1.0,0.6,0.6666666666666666,1.0
716510,2023,2023-09-19,mlb,LAD,DET,52.881054097750265,41.6807004965427,3.43,0.64,0.0,0.0,0.7,0.6,1.0
716509,2023,2023-09-20,mlb,ATL,PHI,63.847983611293685,52.042264664363394,3.81,4.46,0.0,0.0,0.4444444444444444,0.4444444444444444,0.0
716506,2023,2023-09-20,mlb,CIN,MIN,44.78260134821402,46.9927878392028,4.82,3.43,0.0,0.0,0.6,0.5,0.0
716513,2023,2023-09-20,mlb,WSN,CHW,40.88283012079975,37.820530657144026,3.91,5.43,0.0,0.0,0.3,0.3,1.0
716507,2023,2023-09-20,mlb,TEX,BOS,53.49300527607529,47.295496550395896,4.12,4.24,0.0,0.0,0.6,0.3,1.0
716508,2023,2023-09-20,mlb,HOU,BAL,52.26159782076136,48.236146371587125,4.56,2.83,0.0,0.0,0.4,0.5,1.0
716505,2023,2023-09-20,mlb,KCR,CLE,41.450972950495625,39.04999341574157,5.06,4.88,0.0,0.0,0.6,0.4,1.0
716504,2023,2023-09-20,mlb,ATH,SEA,36.13080527686773,49.02919211539274,7.2,3.35,0.0,0.0,0.2,0.4,0.0
716499,2023,2023-09-20,mlb,ARI,SFG,46.61703093617329,41.21396826950983,3.29,3.25,0.0,0.0,0.6,0.5555555555555556,1.0
716500,2023,2023-09-20,mlb,SDP,COL,47.896637273871,40.803785600090585,3.57,5.42,0.0,0.0,0.7,0.4444444444444444,1.0
716515,2023,2023-09-19,mlb,STL,MIL,45.332448715953014,44.26372698544554,8.02,3.63,0.0,0.0,0.6,0.6,0.0
716518,2023,2023-09-19,mlb,CHC,PIT,49.69176903948828,41.66652411136119,3.05,5.36,1.0,1.0,0.2,0.5,1.0
716517,2023,2023-09-19,mlb,KCR,CLE,41.450972950495625,39.04999341574157,4.97,3.81,0.0,0.0,0.5,0.5,1.0
716521,2023,2023-09-19,mlb,ATL,PHI,63.847983611293685,52.042264664363394,3.86,3.44,0.0,0.0,0.3333333333333333,0.5555555555555556,1.0
716529,2023,2023-09-18,mlb,KCR,CLE,41.450972950495625,39.04999341574157,5.52,5.24,0.0,0.0,0.4,0.5,1.0
716534,2023,2023-09-18,mlb,CIN,MIN,44.78260134821402,46.9927878392028,6.97,4.51,0.0,0.0,0.5,0.6,1.0
716535,2023,2023-09-18,mlb,MIA,NYM,44.96868169547329,46.1675921482945,4.24,3.64,0.0,0.0,0.6,0.5,0.0
716539,2023,2023-09-18,mlb,WSN,CHW,40.88283012079975,37.820530657144026,6.45,3.77,0.0,0.0,0.3,0.3,0.0
716532,2023,2023-09-18,mlb,ATL,PHI,63.847983611293685,52.042264664363394,6.97,3.61,0.0,0.0,0.4444444444444444,0.4444444444444444,0.0
716531,2023,2023-09-18,mlb,STL,MIL,45.332448715953014,44.26372698544554,7.4,3.86,0.0,0.0,0.5,0.7,1.0
716533,2023,2023-09-18,mlb,TEX,BOS,53.49300527607529,47.295496550395896,3.2,4.04,0.0,0.0,0.6,0.2,0.0
716577,2023,2023-09-15,mlb,KCR,HOU,41.450972950495625,52.26159782076136,5.06,4.56,1.0,1.0,0.4,0.6,1.0
716530,2023,2023-09-18,mlb,HOU,BAL,52.26159782076136,48.236146371587125,3.22,2.66,0.0,0.0,0.5,0.5,0.0
716527,2023,2023-09-18,mlb,ATH,SEA,36.13080527686773,49.02919211539274,4.54,4.21,0.0,0.0,0.4,0.3,0.0
716528,2023,2023-09-18,mlb,LAD,DET,52.881054097750265,41.6807004965427,5.73,3.3,0.0,0.0,0.7,0.7,1.0
716524,2023,2023-09-19,mlb,TBR,LAA,50.04796368550927,44.88797413928977,5.59,4.11,1.0,1.0,0.7,0.4,1.0
716522,2023,2023-09-19,mlb,CIN,MIN,44.78260134821402,46.9927878392028,4.91,4.23,0.0,0.0,0.6,0.5,0.0
716523,2023,2023-09-19,mlb,MIA,NYM,44.96868169547329,46.1675921482945,3.66,2.89,0.0,0.0,0.5,0.6,1.0
716525,2023,2023-09-19,mlb,WSN,CHW,40.88283012079975,37.820530657144026,6.75,6.45,0.0,0.0,0.3,0.3,1.0
716520,2023,2023-09-19,mlb,NYY,TOR,43.555057943600616,48.81365443114781,4.64,3.86,1.0,1.0,0.6,0.6,0.0
716526,2023,2023-09-18,mlb,SDP,COL,47.896637273871,40.803785600090585,3.22,5.54,0.0,0.0,0.6,0.4444444444444444,1.0
716501,2023,2023-09-20,mlb,TBR,LAA,50.04796368550927,44.88797413928977,3.46,4.48,0.0,0.0,0.7,0.3,0.0
716573,2023,2023-09-15,mlb,CHW,MIN,37.820530657144026,46.9927878392028,5.29,3.43,0.0,0.0,0.3,0.6,0.0
716574,2023,2023-09-15,mlb,NYM,CIN,46.1675921482945,44.78260134821402,5.03,4.82,0.0,0.0,0.6,0.5,0.0
716626,2023,2023-09-11,mlb,MIL,MIA,44.26372698544554,44.96868169547329,2.28,3.58,0.0,0.0,0.5,0.8,1.0
716624,2023,2023-09-11,mlb,HOU,ATH,52.26159782076136,36.13080527686773,3.45,3.78,0.0,0.0,0.6,0.5,0.0
716625,2023,2023-09-11,mlb,COL,CHC,40.803785600090585,49.69176903948828,5.03,4.41,0.0,0.0,0.2,0.5555555555555556,0.0
716623,2023,2023-09-11,mlb,SEA,LAA,49.02919211539274,44.88797413928977,3.73,4.48,0.0,0.0,0.3,0.3,0.0
716632,2023,2023-09-11,mlb,SFG,CLE,41.21396826950983,39.04999341574157,3.87,3.29,0.0,0.0,0.4,0.4,1.0
716622,2023,2023-09-11,mlb,LAD,SDP,52.881054097750265,47.896637273871,9.0,3.22,0.0,0.0,0.4,0.5,0.0
716628,2023,2023-09-12,mlb,BOS,NYY,47.295496550395896,43.555057943600616,4.04,2.87,1.0,1.0,0.4,0.6,0.0
716612,2023,2023-09-12,mlb,BOS,NYY,47.295496550395896,43.555057943600616,4.04,6.85,0.0,0.0,0.4,0.7,0.0
716611,2023,2023-09-12,mlb,CHW,KCR,37.820530657144026,41.450972950495625,4.58,5.52,1.0,1.0,0.3,0.3,1.0
716631,2023,2023-09-12,mlb,CHW,KCR,37.820530657144026,41.450972950495625,4.97,6.28,0.0,0.0,0.3,0.3,0.0
716620,2023,2023-09-12,mlb,PIT,WSN,41.66652411136119,40.88283012079975,5.36,6.45,0.0,0.0,0.5,0.3,1.0
716621,2023,2023-09-12,mlb,BAL,STL,48.236146371587125,45.332448715953014,2.66,7.4,0.0,0.0,0.8,0.5,0.0
716617,2023,2023-09-12,mlb,DET,CIN,41.6807004965427,44.78260134821402,6.9,4.46,1.0,1.0,0.7,0.5555555555555556,0.0
716629,2023,2023-09-11,mlb,MIN,TBR,46.9927878392028,50.04796368550927,2.79,3.53,0.0,0.0,0.6,0.6,0.0
716618,2023,2023-09-12,mlb,PHI,ATL,52.042264664363394,63.847983611293685,3.61,2.55,0.0,0.0,0.5555555555555556,0.4444444444444444,0.0
716627,2023,2023-09-11,mlb,NYM,ARI,46.1675921482945,46.61703093617329,3.57,7.0,0.0,0.0,0.5,0.6,0.0
716636,2023,2023-09-11,mlb,BAL,STL,48.236146371587125,45.332448715953014,4.12,4.98,0.0,0.0,0.7,0.6,1.0
716652,2023,2023-09-10,mlb,BOS,BAL,47.295496550395896,48.236146371587125,4.24,4.35,0.0,0.0,0.3,0.8,1.0
716647,2023,2023-09-10,mlb,WSN,LAD,40.88283012079975,52.881054097750265,5.55,4.52,0.0,0.0,0.3,0.4,0.0
716644,2023,2023-09-10,mlb,ATL,PIT,63.847983611293685,41.66652411136119,5.29,4.78,0.0,0.0,0.6,0.7,1.0
716646,2023,2023-09-10,mlb,NYY,MIL,43.555057943600616,44.26372698544554,2.63,3.39,0.0,0.0,0.6,0.5,1.0
716641,2023,2023-09-10,mlb,TOR,KCR,48.81365443114781,41.450972950495625,3.65,3.47,0.0,0.0,0.7,0.3,1.0
716642,2023,2023-09-10,mlb,CIN,STL,44.78260134821402,45.332448715953014,4.82,4.78,0.0,0.0,0.5555555555555556,0.7,1.0
716640,2023,2023-09-10,mlb,HOU,SDP,52.26159782076136,47.896637273871,3.83,4.35,0.0,0.0,0.6,0.5,1.0
716639,2023,2023-09-10,mlb,MIN,NYM,46.9927878392028,46.1675921482945,3.66,4.7,0.0,0.0,0.6,0.4,0.0
716638,2023,2023-09-10,mlb,CHC,ARI,49.69176903948828,46.61703093617329,3.74,5.72,0.0,0.0,0.4444444444444444,0.6,1.0
716637,2023,2023-09-10,mlb,TEX,ATH,53.49300527607529,36.13080527686773,4.12,5.42,0.0,0.0,0.3,0.6,1.0
716633,2023,2023-09-10,mlb,LAA,CLE,44.88797413928977,39.04999341574157,3.82,2.98,0.0,0.0,0.3,0.5,1.0
716634,2023,2023-09-10,mlb,SFG,COL,41.21396826950983,40.803785600090585,4.68,5.36,0.0,0.0,0.3,0.2,1.0
716590,2023,2023-09-11,mlb,PHI,ATL,52.042264664363394,63.847983611293685,4.18,6.97,0.0,0.0,0.4,0.6,1.0
716635,2023,2023-09-11,mlb,PIT,WSN,41.66652411136119,40.88283012079975,4.99,5.2,0.0,0.0,0.6,0.2,0.0
716630,2023,2023-09-11,mlb,TOR,TEX,48.81365443114781,53.49300527607529,3.6,3.7,0.0,0.0,0.8,0.3,0.0
716616,2023,2023-09-12,mlb,TOR,TEX,48.81365443114781,53.49300527607529,3.46,3.77,0.0,0.0,0.7,0.4,0.0
716615,2023,2023-09-12,mlb,NYM,ARI,46.1675921482945,46.61703093617329,3.64,5.31,0.0,0.0,0.5,0.6,1.0
716613,2023,2023-09-12,mlb,MIN,TBR,46.9927878392028,50.04796368550927,4.51,4.1,0.0,0.0,0.6,0.7,1.0
716591,2023,2023-09-14,mlb,PIT,WSN,41.66652411136119,40.88283012079975,4.21,3.91,0.0,0.0,0.5,0.3,1.0
716584,2023,2023-09-14,mlb,DET,CIN,41.6807004965427,44.78260134821402,3.99,3.6,0.0,0.0,0.5,0.6,1.0
716597,2023,2023-09-14,mlb,BOS,NYY,47.295496550395896,43.555057943600616,5.01,2.75,1.0,1.0,0.4,0.7,1.0
716593,2023,2023-09-14,mlb,BOS,NYY,47.295496550395896,43.555057943600616,6.04,4.64,0.0,0.0,0.4,0.6,0.0
716585,2023,2023-09-14,mlb,MIL,MIA,44.26372698544554,44.96868169547329,4.12,3.15,0.0,0.0,0.5,0.6,1.0
716588,2023,2023-09-14,mlb,NYM,ARI,46.1675921482945,46.61703093617329,2.98,3.29,0.0,0.0,0.5,0.6,1.0
716587,2023,2023-09-14,mlb,TOR,TEX,48.81365443114781,53.49300527607529,3.16,3.63,0.0,0.0,0.6,0.6,0.0
716586,2023,2023-09-14,mlb,BAL,TBR,48.236146371587125,50.04796368550927,2.83,3.46,0.0,0.0,0.7,0.7,0.0
716580,2023,2023-09-14,mlb,CHW,MIN,37.820530657144026,46.9927878392028,6.45,4.23,0.0,0.0,0.3,0.5,0.0
716581,2023,2023-09-16,mlb,COL,SFG,40.803785600090585,41.21396826950983,5.42,3.25,0.0,0.0,0.5,0.5,
716579,2023,2023-09-15,mlb,PIT,NYY,41.66652411136119,43.555057943600616,4.31,2.63,0.0,0.0,0.6,0.6,0.0
716582,2023,2023-09-15,mlb,MIA,ATL,44.96868169547329,63.847983611293685,6.02,3.81,0.0,1.0,0.5,0.5555555555555556,1.0
716583,2023,2023-09-15,mlb,BAL,TBR,48.236146371587125,50.04796368550927,4.99,3.5,0.0,0.0,0.6,0.8,0.0
716576,2023,2023-09-15,mlb,TOR,BOS,48.81365443114781,47.295496550395896,3.65,4.24,0.0,0.0,0.5,0.3,1.0
716589,2023,2023-09-13,mlb,LAD,SDP,52.881054097750265,47.896637273871,2.14,2.25,0.0,0.0,0.5,0.5,0.0
716592,2023,2023-09-13,mlb,MIL,MIA,44.26372698544554,44.96868169547329,3.63,3.66,0.0,0.0,0.6,0.6,0.0
716598,2023,2023-09-13,mlb,CHW,KCR,37.820530657144026,41.450972950495625,3.77,4.97,0.0,0.0,0.3,0.3,0.0
716596,2023,2023-09-13,mlb,HOU,ATH,52.26159782076136,36.13080527686773,5.09,4.43,0.0,0.0,0.5,0.6,1.0
716610,2023,2023-09-12,mlb,MIL,MIA,44.26372698544554,44.96868169547329,3.86,3.61,0.0,0.0,0.6,0.7,1.0
716614,2023,2023-09-12,mlb,HOU,ATH,52.26159782076136,36.13080527686773,3.22,4.54,0.0,0.0,0.5,0.6,0.0
716609,2023,2023-09-12,mlb,COL,CHC,40.803785600090585,49.69176903948828,6.86,3.05,0.0,0.0,0.2,0.6,1.0
716606,2023,2023-09-12,mlb,SEA,LAA,49.02919211539274,44.88797413928977,4.21,4.11,0.0,0.0,0.3,0.4,1.0
716619,2023,2023-09-12,mlb,SFG,CLE,41.21396826950983,39.04999341574157,4.44,5.24,0.0,0.0,0.4,0.3,0.0
716608,2023,2023-09-12,mlb,LAD,SDP,52.881054097750265,47.896637273871,5.73,3.22,0.0,0.0,0.4,0.6,1.0
716607,2023,2023-09-13,mlb,MIN,TBR,46.9927878392028,50.04796368550927,5.97,5.59,0.0,0.0,0.6,0.7,0.0
716575,2023,2023-09-15,mlb,CLE,TEX,39.04999341574157,53.49300527607529,4.88,4.12,1.0,0.0,0.3,0.6,1.0
716599,2023,2023-09-13,mlb,COL,CHC,40.803785600090585,49.69176903948828,5.54,4.84,0.0,0.0,0.3,0.6,1.0
716602,2023,2023-09-13,mlb,SEA,LAA,49.02919211539274,44.88797413928977,3.34,3.89,0.0,0.0,0.3,0.4,1.0
716600,2023,2023-09-13,mlb,PIT,WSN,41.66652411136119,40.88283012079975,9.0,6.75,0.0,0.0,0.5,0.3,1.0
716604,2023,2023-09-13,mlb,BAL,STL,48.236146371587125,45.332448715953014,4.73,8.02,0.0,0.0,0.8,0.6,0.0
716601,2023,2023-09-13,mlb,DET,CIN,41.6807004965427,44.78260134821402,3.3,6.97,0.0,0.0,0.6,0.5555555555555556,0.0
716603,2023,2023-09-13,mlb,PHI,ATL,52.042264664363394,63.847983611293685,3.44,3.86,0.0,0.0,0.5555555555555556,0.4444444444444444,0.0
716594,2023,2023-09-13,mlb,TOR,TEX,48.81365443114781,53.49300527607529,3.86,3.2,0.0,0.0,0.6,0.5,0.0
716595,2023,2023-09-13,mlb,NYM,ARI,46.1675921482945,46.61703093617329,2.89,3.47,0.0,0.0,0.5,0.6,1.0
716605,2023,2023-09-13,mlb,SFG,CLE,41.21396826950983,39.04999341574157,4.15,3.81,0.0,0.0,0.4,0.3,1.0
716503,2023,2023-09-20,mlb,MIA,NYM,44.96868169547329,46.1675921482945,3.15,2.98,0.0,0.0,0.6,0.6,0.0
716502,2023,2023-09-20,mlb,NYY,TOR,43.555057943600616,48.81365443114781,2.75,3.16,0.0,0.0,0.6,0.6,0.0
716497,2023,2023-09-20,mlb,CHC,PIT,49.69176903948828,41.66652411136119,3.06,4.21,0.0,0.0,0.3,0.5,0.0
716401,2023,2023-09-28,mlb,DET,KCR,41.6807004965427,41.450972950495625,2.7,3.47,0.0,0.0,0.6,0.7,1.0
716396,2023,2023-09-28,mlb,MIL,STL,44.26372698544554,45.332448715953014,3.39,4.98,0.0,0.0,0.5,0.4,1.0
716409,2023,2023-09-28,mlb,PHI,PIT,52.042264664363394,41.66652411136119,3.61,4.78,0.0,0.0,0.8,0.5,0.0
716402,2023,2023-09-28,mlb,BAL,BOS,48.236146371587125,47.295496550395896,4.12,4.3,0.0,0.0,0.7,0.2,1.0
716403,2023,2023-09-28,mlb,TOR,NYY,48.81365443114781,43.555057943600616,3.6,6.4,0.0,0.0,0.6,0.5555555555555556,1.0
716399,2023,2023-09-28,mlb,ATL,CHC,63.847983611293685,49.69176903948828,4.26,3.95,0.0,0.0,0.6,0.4,1.0
716405,2023,2023-09-28,mlb,COL,LAD,40.803785600090585,52.881054097750265,6.86,4.52,0.0,0.0,0.1,0.7,1.0
716397,2023,2023-09-28,mlb,SEA,TEX,49.02919211539274,53.49300527607529,3.73,3.2,0.0,0.0,0.4,0.7,1.0
716398,2023,2023-09-29,mlb,PIT,MIA,41.66652411136119,44.96868169547329,5.86,4.24,0.0,0.0,0.6,0.4444444444444444,0.0
716395,2023,2023-09-29,mlb,DET,CLE,41.6807004965427,39.04999341574157,6.9,5.24,0.0,1.0,0.6,0.4,0.0
716390,2023,2023-09-29,mlb,BAL,BOS,48.236146371587125,47.295496550395896,2.66,4.04,0.0,0.0,0.7,0.2,0.0
716392,2023,2023-09-29,mlb,TOR,TBR,48.81365443114781,50.04796368550927,3.86,3.46,0.0,1.0,0.6,0.5,1.0
716394,2023,2023-09-29,mlb,ATL,WSN,63.847983611293685,40.88283012079975,5.29,5.55,0.0,1.0,0.7,0.4,0.0
716391,2023,2023-09-29,mlb,CHW,SDP,37.820530657144026,47.896637273871,4.58,3.43,0.0,1.0,0.3333333333333333,0.8,0.0
716387,2023,2023-09-29,mlb,COL,MIN,40.803785600090585,46.9927878392028,5.54,4.51,0.0,0.0,0.2,0.7,0.0
716400,2023,2023-09-28,mlb,MIN,ATH,46.9927878392028,36.13080527686773,2.79,5.42,0.0,0.0,0.7,0.2,0.0
716426,2023,2023-09-27,mlb,SFG,SDP,41.21396826950983,47.896637273871,4.44,4.35,0.0,0.0,0.3333333333333333,0.8,0.0
716417,2023,2023-09-27,mlb,CHW,ARI,37.820530657144026,46.61703093617329,4.57,5.72,0.0,0.0,0.4,0.7777777777777778,0.0
716411,2023,2023-09-27,mlb,NYM,MIA,46.1675921482945,44.96868169547329,2.89,3.66,2.0,2.0,0.3,0.6,1.0
716418,2023,2023-09-27,mlb,CLE,CIN,39.04999341574157,44.78260134821402,3.8,3.87,0.0,0.0,0.4,0.5,1.0
716419,2023,2023-09-27,mlb,BOS,TBR,47.295496550395896,50.04796368550927,4.24,3.53,0.0,0.0,0.2,0.5,0.0
716416,2023,2023-09-27,mlb,BAL,WSN,48.236146371587125,40.88283012079975,4.35,5.2,0.0,0.0,0.7,0.4,1.0
716415,2023,2023-09-27,mlb,PHI,PIT,52.042264664363394,41.66652411136119,4.18,4.31,0.0,0.0,0.8,0.5,1.0
716413,2023,2023-09-27,mlb,TOR,NYY,48.81365443114781,43.555057943600616,3.65,2.63,0.0,0.0,0.7,0.5555555555555556,0.0
716412,2023,2023-09-27,mlb,ATL,CHC,63.847983611293685,49.69176903948828,3.98,4.84,0.0,0.0,0.5,0.4,1.0
716410,2023,2023-09-27,mlb,MIN,ATH,46.9927878392028,36.13080527686773,3.66,7.2,0.0,0.0,0.7,0.2,1.0
716408,2023,2023-09-27,mlb,MIL,STL,44.26372698544554,45.332448715953014,3.14,4.48,0.0,0.0,0.5,0.4,1.0
716406,2023,2023-09-27,mlb,COL,LAD,40.803785600090585,52.881054097750265,8.7,4.92,0.0,0.0,0.1111111111111111,0.7,0.0
716420,2023,2023-09-27,mlb,LAA,TEX,44.88797413928977,53.49300527607529,4.32,3.7,0.0,0.0,0.3,0.6,0.0
716407,2023,2023-09-27,mlb,SEA,HOU,49.02919211539274,52.26159782076136,4.32,3.45,0.0,0.0,0.4,0.3,0.0
716414,2023,2023-09-27,mlb,DET,KCR,41.6807004965427,41.450972950495625,2.8,3.0,0.0,0.0,0.6,0.8,1.0
716389,2023,2023-09-29,mlb,KCR,NYY,41.450972950495625,43.555057943600616,6.28,6.85,0.0,0.0,0.6,0.4444444444444444,1.0
716385,2023,2023-09-29,mlb,MIL,CHC,44.26372698544554,49.69176903948828,4.55,3.74,0.0,0.0,0.6,0.4,1.0
716388,2023,2023-09-29,mlb,STL,CIN,45.332448715953014,44.78260134821402,6.23,4.46,0.0,1.0,0.3,0.4,0.0
716371,2023,2023-09-30,mlb,LAA,ATH,44.88797413928977,36.13080527686773,3.89,1.69,0.0,0.0,0.4,0.3,0.0
716367,2023,2023-10-01,mlb,BAL,BOS,48.236146371587125,47.295496550395896,2.83,5.01,0.0,0.0,0.6,0.2,0.0
716363,2023,2023-10-01,mlb,SFG,LAD,41.21396826950983,52.881054097750265,4.15,3.76,0.0,0.0,0.3,0.6,0.0
716362,2023,2023-10-01,mlb,PIT,MIA,41.66652411136119,44.96868169547329,4.99,6.55,0.0,0.0,0.5,0.5555555555555556,1.0
716365,2023,2023-10-01,mlb,LAA,ATH,44.88797413928977,36.13080527686773,2.7,4.54,0.0,0.0,0.4,0.4,1.0
716357,2023,2023-10-01,mlb,TOR,TBR,48.81365443114781,50.04796368550927,20.25,4.38,0.0,0.0,0.5,0.6,0.0
716361,2023,2023-10-01,mlb,DET,CLE,41.6807004965427,39.04999341574157,3.3,4.88,0.0,0.0,0.7,0.4,1.0
716358,2023,2023-10-01,mlb,ARI,HOU,46.61703093617329,52.26159782076136,4.18,4.56,0.0,0.0,0.625,0.5,0.0
716360,2023,2023-10-01,mlb,SEA,TEX,49.02919211539274,53.49300527607529,3.35,3.7,0.0,0.0,0.4,0.7,1.0
716359,2023,2023-10-01,mlb,COL,MIN,40.803785600090585,46.9927878392028,3.38,3.43,0.0,0.0,0.2,0.8,1.0
716355,2023,2023-10-01,mlb,NYM,PHI,46.1675921482945,52.042264664363394,3.64,3.29,0.0,0.0,0.5555555555555556,0.7,0.0
716354,2023,2023-10-01,mlb,ATL,WSN,63.847983611293685,40.88283012079975,7.6,6.75,0.0,0.0,0.7,0.4,0.0
716356,2023,2023-10-01,mlb,CHW,SDP,37.820530657144026,47.896637273871,6.45,3.22,0.0,0.0,0.2222222222222222,0.8,0.0
716352,2023,2023-10-01,mlb,KCR,NYY,41.450972950495625,43.555057943600616,5.06,2.75,0.0,0.0,0.6,0.5555555555555556,1.0
716364,2023,2023-10-01,mlb,MIL,CHC,44.26372698544554,49.69176903948828,4.12,5.0,0.0,0.0,0.6,0.4,1.0
716381,2023,2023-09-30,mlb,SFG,LAD,41.21396826950983,52.881054097750265,3.92,2.46,0.0,0.0,0.2,0.6,1.0
716368,2023,2023-09-30,mlb,COL,MIN,40.803785600090585,46.9927878392028,5.12,2.99,0.0,0.0,0.2,0.7,0.0
716370,2023,2023-09-30,mlb,ARI,HOU,46.61703093617329,52.26159782076136,3.29,3.22,0.0,0.0,0.75,0.4,0.0
716369,2023,2023-09-30,mlb,ATL,WSN,63.847983611293685,40.88283012079975,3.86,6.45,0.0,0.0,0.7,0.4,1.0
716386,2023,2023-09-29,mlb,LAA,ATH,44.88797413928977,36.13080527686773,3.96,5.36,1.0,0.0,0.3,0.3,1.0
716384,2023,2023-09-29,mlb,ARI,HOU,46.61703093617329,52.26159782076136,3.47,5.29,0.0,1.0,0.875,0.4,0.0
716379,2023,2023-09-29,mlb,SEA,TEX,49.02919211539274,53.49300527607529,4.21,3.63,0.0,0.0,0.5,0.7,1.0
716382,2023,2023-09-29,mlb,SFG,LAD,41.21396826950983,52.881054097750265,4.68,5.73,1.0,0.0,0.3,0.6,0.0
716380,2023,2023-09-30,mlb,DET,CLE,41.6807004965427,39.04999341574157,2.98,5.06,0.0,0.0,0.6,0.4,1.0
716383,2023,2023-09-30,mlb,TOR,TBR,48.81365443114781,50.04796368550927,3.46,1.38,0.0,0.0,0.6,0.5,0.0
716430,2023,2023-09-27,mlb,NYM,MIA,46.1675921482945,44.96868169547329,2.89,3.66,0.0,0.0,0.4,0.6,
716376,2023,2023-09-30,mlb,NYM,PHI,46.1675921482945,52.042264664363394,4.7,4.38,1.0,1.0,0.4444444444444444,0.8,1.0
716378,2023,2023-09-30,mlb,PIT,MIA,41.66652411136119,44.96868169547329,7.74,3.61,0.0,0.0,0.5,0.4444444444444444,0.0
716374,2023,2023-09-30,mlb,CHW,SDP,37.820530657144026,47.896637273871,3.77,3.22,0.0,0.0,0.3333333333333333,0.8,0.0
716375,2023,2023-09-30,mlb,KCR,NYY,41.450972950495625,43.555057943600616,4.97,4.64,0.0,0.0,0.7,0.4444444444444444,0.0
716373,2023,2023-09-30,mlb,MIL,CHC,44.26372698544554,49.69176903948828,6.56,4.41,0.0,0.0,0.7,0.4,0.0
716377,2023,2023-09-30,mlb,BAL,BOS,48.236146371587125,47.295496550395896,4.73,4.04,0.0,0.0,0.6,0.3,1.0
716372,2023,2023-09-30,mlb,STL,CIN,45.332448715953014,44.78260134821402,8.02,6.97,0.0,0.0,0.2,0.4,1.0
716366,2023,2023-09-30,mlb,SEA,TEX,49.02919211539274,53.49300527607529,3.34,4.15,0.0,0.0,0.5,0.7,0.0
716393,2023,2023-09-30,mlb,NYM,PHI,46.1675921482945,52.042264664363394,3.57,22.09,0.0,0.0,0.4444444444444444,0.7,1.0
716425,2023,2023-09-26,mlb,SEA,HOU,49.02919211539274,52.26159782076136,3.35,4.56,0.0,0.0,0.3,0.3,1.0
716437,2023,2023-09-26,mlb,SFG,SDP,41.21396826950983,47.896637273871,3.99,3.57,0.0,0.0,0.3333333333333333,0.8,0.0
716422,2023,2023-09-26,mlb,LAA,TEX,44.88797413928977,53.49300527607529,4.48,5.3,0.0,0.0,0.2,0.6,1.0
716477,2023,2023-09-22,mlb,TEX,SEA,53.49300527607529,49.02919211539274,3.7,4.32,1.0,1.0,0.6,0.5,1.0
716473,2023,2023-09-22,mlb,HOU,KCR,52.26159782076136,41.450972950495625,3.45,3.47,1.0,1.0,0.4,0.7,0.0
716475,2023,2023-09-22,mlb,MIN,LAA,46.9927878392028,44.88797413928977,3.66,8.29,1.0,0.0,0.6,0.3,1.0
716472,2023,2023-09-22,mlb,ATH,DET,36.13080527686773,41.6807004965427,5.36,2.7,0.0,0.0,0.2,0.6,1.0
716476,2023,2023-09-22,mlb,SDP,STL,47.896637273871,45.332448715953014,4.35,4.98,1.0,0.0,0.8,0.4,1.0
716474,2023,2023-09-22,mlb,LAD,SFG,52.881054097750265,41.21396826950983,3.43,4.44,0.0,0.0,0.7,0.3333333333333333,0.0
716465,2023,2023-09-23,mlb,MIN,LAA,46.9927878392028,44.88797413928977,2.79,3.82,0.0,0.0,0.7,0.2,0.0
716469,2023,2023-09-23,mlb,CHC,COL,49.69176903948828,40.803785600090585,3.95,6.86,0.0,0.0,0.3,0.4444444444444444,1.0
716466,2023,2023-09-23,mlb,PHI,NYM,52.042264664363394,46.1675921482945,3.61,3.57,0.0,0.0,0.6,0.5,1.0
716470,2023,2023-09-23,mlb,ATH,DET,36.13080527686773,41.6807004965427,1.69,0.64,0.0,0.0,0.2,0.6,1.0
716463,2023,2023-09-23,mlb,TBR,TOR,50.04796368550927,48.81365443114781,4.1,3.46,0.0,0.0,0.5,0.6,1.0
716468,2023,2023-09-23,mlb,BOS,CHW,47.295496550395896,37.820530657144026,4.04,4.58,0.0,0.0,0.3,0.2,0.0
716460,2023,2023-09-23,mlb,MIA,MIL,44.96868169547329,44.26372698544554,3.58,2.28,0.0,0.0,0.5,0.7,1.0
716464,2023,2023-09-23,mlb,CLE,BAL,39.04999341574157,48.236146371587125,5.24,2.66,0.0,0.0,0.6,0.4,0.0
716462,2023,2023-09-23,mlb,CIN,PIT,44.78260134821402,41.66652411136119,6.97,5.36,0.0,0.0,0.5,0.7,0.0
716478,2023,2023-09-22,mlb,BOS,CHW,47.295496550395896,37.820530657144026,4.3,4.97,1.0,1.0,0.2,0.3,1.0
716483,2023,2023-09-22,mlb,CLE,BAL,39.04999341574157,48.236146371587125,3.8,4.12,0.0,0.0,0.5,0.4,1.0
716480,2023,2023-09-22,mlb,NYY,ARI,43.555057943600616,46.61703093617329,6.4,5.72,0.0,1.0,0.6,0.6,1.0
716485,2023,2023-09-22,mlb,WSN,ATL,40.88283012079975,63.847983611293685,5.2,3.64,0.0,0.0,0.3,0.4444444444444444,0.0
716495,2023,2023-09-20,mlb,STL,MIL,45.332448715953014,44.26372698544554,4.48,4.12,0.0,0.0,0.5,0.6,0.0
716494,2023,2023-09-20,mlb,LAD,DET,52.881054097750265,41.6807004965427,3.76,3.99,0.0,0.0,0.7,0.6,0.0
716498,2023,2023-09-21,mlb,TBR,LAA,50.04796368550927,44.88797413928977,3.5,4.32,0.0,0.0,0.6,0.4,1.0
716491,2023,2023-09-21,mlb,STL,MIL,45.332448715953014,44.26372698544554,4.78,3.14,0.0,0.0,0.4,0.7,0.0
716496,2023,2023-09-21,mlb,WSN,ATL,40.88283012079975,63.847983611293685,4.61,2.55,0.0,0.0,0.4,0.3333333333333333,0.0
716492,2023,2023-09-21,mlb,NYY,TOR,43.555057943600616,48.81365443114781,2.63,3.65,0.0,0.0,0.6,0.6,1.0
716489,2023,2023-09-21,mlb,CLE,BAL,39.04999341574157,48.236146371587125,4.5,4.35,0.0,0.0,0.4,0.5,1.0
716461,2023,2023-09-23,mlb,TEX,SEA,53.49300527607529,49.02919211539274,3.2,3.73,0.0,0.0,0.6,0.5,1.0
716490,2023,2023-09-21,mlb,PHI,NYM,52.042264664363394,46.1675921482945,4.18,5.03,0.0,0.0,0.5555555555555556,0.6,1.0
716488,2023,2023-09-21,mlb,ATH,DET,36.13080527686773,41.6807004965427,5.42,2.8,0.0,0.0,0.2,0.6,0.0
716484,2023,2023-09-21,mlb,LAD,SFG,52.881054097750265,41.21396826950983,4.92,4.15,0.0,0.0,0.7,0.4444444444444444,1.0
716486,2023,2023-09-22,mlb,CHC,COL,49.69176903948828,40.803785600090585,4.84,8.7,0.0,1.0,0.3,0.4444444444444444,1.0
716487,2023,2023-09-22,mlb,CIN,PIT,44.78260134821402,41.66652411136119,3.87,4.99,1.0,0.0,0.6,0.6,0.0
716479,2023,2023-09-22,mlb,TBR,TOR,50.04796368550927,48.81365443114781,3.53,3.6,0.0,0.0,0.6,0.5,0.0
716482,2023,2023-09-22,mlb,MIA,MIL,44.96868169547329,44.26372698544554,3.61,3.39,1.0,0.0,0.5,0.7,0.0
716481,2023,2023-09-22,mlb,PHI,NYM,52.042264664363394,46.1675921482945,4.38,4.7,0.0,0.0,0.5555555555555556,0.6,1.0
716493,2023,2023-09-21,mlb,CHC,PIT,49.69176903948828,41.66652411136119,3.74,4.31,0.0,0.0,0.3,0.5,0.0
716648,2023,2023-09-10,mlb,DET,CHW,41.6807004965427,37.820530657144026,2.7,5.29,0.0,0.0,0.6,0.3,1.0
716455,2023,2023-09-23,mlb,HOU,KCR,52.26159782076136,41.450972950495625,3.83,6.28,0.0,0.0,0.3,0.8,0.0
716456,2023,2023-09-23,mlb,LAD,SFG,52.881054097750265,41.21396826950983,2.46,3.99,0.0,0.0,0.7,0.3333333333333333,1.0
716436,2023,2023-09-25,mlb,SEA,HOU,49.02919211539274,52.26159782076136,3.34,3.22,0.0,0.0,0.4,0.3,0.0
716441,2023,2023-09-25,mlb,SFG,SDP,41.21396826950983,47.896637273871,3.25,2.25,0.0,0.0,0.2222222222222222,0.9,1.0
716443,2023,2023-09-28,mlb,CHW,ARI,37.820530657144026,46.61703093617329,,,0.0,0.0,0.4,0.8888888888888888,
716438,2023,2023-09-26,mlb,COL,LAD,40.803785600090585,52.881054097750265,5.42,3.43,1.0,1.0,0.2222222222222222,0.8,1.0
716424,2023,2023-09-26,mlb,COL,LAD,40.803785600090585,52.881054097750265,5.82,3.76,0.0,0.0,0.2222222222222222,0.7,0.0
716435,2023,2023-09-26,mlb,CLE,CIN,39.04999341574157,44.78260134821402,4.88,4.82,1.0,1.0,0.5,0.4,0.0
716434,2023,2023-09-26,mlb,BAL,WSN,48.236146371587125,40.88283012079975,2.83,3.91,1.0,1.0,0.6,0.4,1.0
716433,2023,2023-09-26,mlb,DET,KCR,41.6807004965427,41.450972950495625,3.99,5.06,1.0,1.0,0.6,0.9,1.0
716432,2023,2023-09-26,mlb,PHI,PIT,52.042264664363394,41.66652411136119,4.46,4.21,1.0,1.0,0.8,0.6,1.0
716431,2023,2023-09-26,mlb,TOR,NYY,48.81365443114781,43.555057943600616,3.16,2.75,1.0,0.0,0.7,0.5555555555555556,0.0
716428,2023,2023-09-26,mlb,BOS,TBR,47.295496550395896,50.04796368550927,5.01,3.5,1.0,1.0,0.2,0.5,0.0
716429,2023,2023-09-26,mlb,ATL,CHC,63.847983611293685,49.69176903948828,3.81,3.06,1.0,1.0,0.4,0.4,1.0
716421,2023,2023-09-26,mlb,MIN,ATH,46.9927878392028,36.13080527686773,3.43,4.43,1.0,1.0,0.7,0.2,1.0
716427,2023,2023-09-26,mlb,CHW,ARI,37.820530657144026,46.61703093617329,6.45,7.0,1.0,0.0,0.4,0.6666666666666666,0.0
716423,2023,2023-09-26,mlb,MIL,STL,44.26372698544554,45.332448715953014,4.12,4.78,1.0,1.0,0.6,0.3,0.0
716440,2023,2023-09-25,mlb,LAA,TEX,44.88797413928977,53.49300527607529,4.11,4.12,0.0,0.0,0.2,0.6,0.0
716439,2023,2023-09-24,mlb,LAD,SFG,52.881054097750265,41.21396826950983,5.73,3.23,0.0,0.0,0.7,0.3333333333333333,1.0
716454,2023,2023-09-24,mlb,PHI,NYM,52.042264664363394,46.1675921482945,3.44,3.64,0.0,0.0,0.7,0.4,1.0
716471,2023,2023-09-25,mlb,NYY,ARI,43.555057943600616,46.61703093617329,,,0.0,0.0,0.5,0.6,
716452,2023,2023-09-24,mlb,TBR,TOR,50.04796368550927,48.81365443114781,5.59,3.86,0.0,0.0,0.6,0.6,0.0
716459,2023,2023-09-24,mlb,WSN,ATL,40.88283012079975,63.847983611293685,6.75,5.29,1.0,1.0,0.3,0.5,1.0
716467,2023,2023-09-24,mlb,WSN,ATL,40.88283012079975,63.847983611293685,6.45,3.86,0.0,0.0,0.4,0.4,0.0
716453,2023,2023-09-24,mlb,BOS,CHW,47.295496550395896,37.820530657144026,4.04,3.77,0.0,0.0,0.3,0.3,0.0
716458,2023,2023-09-24,mlb,NYY,ARI,43.555057943600616,46.61703093617329,6.85,3.47,1.0,1.0,0.6,0.6,0.0
716457,2023,2023-09-23,mlb,SDP,STL,47.896637273871,45.332448715953014,3.43,6.23,0.0,0.0,0.9,0.4,0.0
716450,2023,2023-09-24,mlb,CLE,BAL,39.04999341574157,48.236146371587125,5.06,4.73,0.0,0.0,0.5,0.5,0.0
716447,2023,2023-09-24,mlb,MIA,MIL,44.96868169547329,44.26372698544554,4.24,3.86,0.0,0.0,0.6,0.7,1.0
716448,2023,2023-09-24,mlb,HOU,KCR,52.26159782076136,41.450972950495625,5.09,4.97,0.0,0.0,0.3,0.9,0.0
716445,2023,2023-09-24,mlb,MIN,LAA,46.9927878392028,44.88797413928977,4.51,3.89,0.0,0.0,0.6,0.2,1.0
716449,2023,2023-09-24,mlb,CHC,COL,49.69176903948828,40.803785600090585,4.41,5.54,0.0,0.0,0.3,0.3333333333333333,1.0
716446,2023,2023-09-24,mlb,TEX,SEA,53.49300527607529,49.02919211539274,3.63,4.21,0.0,0.0,0.6,0.5,1.0
716442,2023,2023-09-24,mlb,ATH,DET,36.13080527686773,41.6807004965427,4.54,3.3,0.0,0.0,0.2,0.6,0.0
716444,2023,2023-09-24,mlb,SDP,STL,47.896637273871,45.332448715953014,3.22,8.02,0.0,0.0,0.8,0.4,1.0
716451,2023,2023-09-24,mlb,CIN,PIT,44.78260134821402,41.66652411136119,4.46,7.74,0.0,0.0,0.4,0.7,1.0
716645,2023,2023-09-10,mlb,TBR,SEA,50.04796368550927,49.02919211539274,3.5,4.32,0.0,0.0,0.6,0.4,1.0
716643,2023,2023-09-10,mlb,PHI,MIA,52.042264664363394,44.96868169547329,4.18,4.45,0.0,0.0,0.5,0.7,0.0
716650,2023,2023-09-09,mlb,LAA,CLE,44.88797413928977,39.04999341574157,5.43,4.88,0.0,0.0,0.2,0.6,1.0
716860,2023,2023-08-25,mlb,TOR,CLE,48.81365443114781,39.04999341574157,3.6,2.98,0.0,0.0,0.5,0.4,0.0
716866,2023,2023-08-25,mlb,BOS,LAD,47.295496550395896,52.881054097750265,4.04,5.73,0.0,0.0,0.6,0.8,0.0
716855,2023,2023-08-25,mlb,NYM,LAA,46.1675921482945,44.88797413928977,2.98,4.11,1.0,1.0,0.6,0.3333333333333333,0.0
716856,2023,2023-08-25,mlb,CHW,ATH,37.820530657144026,36.13080527686773,4.58,6.67,0.0,0.0,0.3,0.4,0.0
716850,2023,2023-08-25,mlb,MIN,TEX,46.9927878392028,53.49300527607529,2.79,3.7,0.0,0.0,0.6,0.2,1.0
716857,2023,2023-08-25,mlb,MIL,SDP,44.26372698544554,47.896637273871,2.28,4.56,1.0,1.0,0.7,0.5,1.0
716851,2023,2023-08-25,mlb,ARI,CIN,46.61703093617329,44.78260134821402,5.72,4.82,0.0,0.0,0.8,0.4444444444444444,1.0
716853,2023,2023-08-25,mlb,SEA,KCR,49.02919211539274,41.450972950495625,4.32,5.52,1.0,1.0,0.8,0.3,1.0
716852,2023,2023-08-25,mlb,SFG,ATL,41.21396826950983,63.847983611293685,3.25,3.86,1.0,1.0,0.4,0.7,0.0
716846,2023,2023-08-26,mlb,TOR,CLE,48.81365443114781,39.04999341574157,3.46,3.81,0.0,0.0,0.5,0.4,1.0
716848,2023,2023-08-26,mlb,SFG,ATL,41.21396826950983,63.847983611293685,3.23,2.55,0.0,0.0,0.3,0.8,0.0
716849,2023,2023-08-26,mlb,BOS,LAD,47.295496550395896,52.881054097750265,4.5,4.6,0.0,0.0,0.5,0.8,1.0
716832,2023,2023-08-26,mlb,SEA,KCR,49.02919211539274,41.450972950495625,3.73,6.28,0.0,0.0,0.9,0.2,1.0
716844,2023,2023-08-26,mlb,MIA,WSN,44.96868169547329,40.88283012079975,3.15,4.61,0.0,0.0,0.3,0.7,0.0
716845,2023,2023-08-26,mlb,TBR,NYY,50.04796368550927,43.555057943600616,3.53,4.64,0.0,0.0,0.7,0.2,1.0
716861,2023,2023-08-25,mlb,PHI,STL,52.042264664363394,45.332448715953014,3.44,4.78,1.0,1.0,0.4,0.4,1.0
716843,2023,2023-08-26,mlb,DET,HOU,41.6807004965427,52.26159782076136,3.3,5.09,0.0,0.0,0.6,0.4,0.0
716862,2023,2023-08-25,mlb,PIT,CHC,41.66652411136119,49.69176903948828,4.21,3.74,0.0,0.0,0.4,0.6,1.0
716854,2023,2023-08-25,mlb,TBR,NYY,50.04796368550927,43.555057943600616,3.5,2.63,0.0,0.0,0.7,0.1,0.0
716876,2023,2023-08-23,mlb,ATL,NYM,63.847983611293685,46.1675921482945,3.64,3.57,0.0,0.0,0.6666666666666666,0.7,1.0
716878,2023,2023-08-23,mlb,HOU,BOS,52.26159782076136,47.295496550395896,5.29,4.3,0.0,0.0,0.5,0.5,0.0
716875,2023,2023-08-23,mlb,CLE,LAD,39.04999341574157,52.881054097750265,4.07,2.46,0.0,0.0,0.4,0.8,0.0
716872,2023,2023-08-24,mlb,NYY,WSN,43.555057943600616,40.88283012079975,2.75,5.2,0.0,0.0,0.1,0.7,0.0
716869,2023,2023-08-24,mlb,TBR,COL,50.04796368550927,40.803785600090585,1.38,5.36,0.0,0.0,0.7,0.3,1.0
716873,2023,2023-08-24,mlb,HOU,BOS,52.26159782076136,47.295496550395896,3.83,4.24,0.0,0.0,0.4,0.6,0.0
716871,2023,2023-08-24,mlb,CLE,LAD,39.04999341574157,52.881054097750265,3.29,3.43,0.0,0.0,0.4,0.8,0.0
716870,2023,2023-08-24,mlb,PIT,CHC,41.66652411136119,49.69176903948828,4.79,3.06,0.0,0.0,0.5,0.6,0.0
716865,2023,2023-08-24,mlb,BAL,TOR,48.236146371587125,48.81365443114781,4.73,3.65,0.0,0.0,0.7,0.5,1.0
716867,2023,2023-08-24,mlb,MIN,TEX,46.9927878392028,53.49300527607529,3.66,4.15,0.0,1.0,0.5,0.3,1.0
716864,2023,2023-08-24,mlb,CHW,ATH,37.820530657144026,36.13080527686773,5.29,5.36,0.0,0.0,0.3,0.3,0.0
716868,2023,2023-08-24,mlb,ARI,CIN,46.61703093617329,44.78260134821402,3.29,4.46,1.0,0.0,0.8,0.5,1.0
716858,2023,2023-08-25,mlb,DET,HOU,41.6807004965427,52.26159782076136,3.58,3.45,1.0,0.0,0.5,0.4,1.0
716863,2023,2023-08-25,mlb,MIA,WSN,44.96868169547329,40.88283012079975,3.66,6.45,1.0,0.0,0.4,0.7,0.0
716859,2023,2023-08-25,mlb,BAL,COL,48.236146371587125,40.803785600090585,4.42,5.03,0.0,0.0,0.7,0.3,1.0
716837,2023,2023-08-26,mlb,BAL,COL,48.236146371587125,40.803785600090585,2.83,6.86,0.0,0.0,0.7,0.3,1.0
716840,2023,2023-08-26,mlb,NYM,LAA,46.1675921482945,44.88797413928977,6.8,3.96,0.0,0.0,0.5,0.3333333333333333,0.0
716841,2023,2023-08-26,mlb,CHW,ATH,37.820530657144026,36.13080527686773,4.97,4.54,0.0,0.0,0.3,0.5,1.0
716817,2023,2023-08-28,mlb,PHI,LAA,52.042264664363394,44.88797413928977,4.38,4.88,0.0,0.0,0.7,0.4444444444444444,1.0
716808,2023,2023-08-28,mlb,DET,NYY,41.6807004965427,43.555057943600616,3.99,6.65,0.0,0.0,0.5,0.2,0.0
716815,2023,2023-08-28,mlb,BAL,CHW,48.236146371587125,37.820530657144026,4.35,5.43,0.0,0.0,0.7,0.4,1.0
716816,2023,2023-08-28,mlb,TOR,WSN,48.81365443114781,40.88283012079975,3.16,3.91,0.0,0.0,0.4,0.7,1.0
716814,2023,2023-08-28,mlb,BOS,HOU,47.295496550395896,52.26159782076136,4.3,4.56,0.0,0.0,0.6,0.4,0.0
716818,2023,2023-08-28,mlb,NYM,TEX,46.1675921482945,53.49300527607529,4.7,4.12,0.0,0.0,0.5,0.1,0.0
716813,2023,2023-08-28,mlb,MIN,CLE,46.9927878392028,39.04999341574157,4.23,4.07,0.0,0.0,0.5,0.4,1.0
716809,2023,2023-08-28,mlb,STL,SDP,45.332448715953014,47.896637273871,7.4,2.25,0.0,0.0,0.2,0.3,0.0
716810,2023,2023-08-28,mlb,CHC,MIL,49.69176903948828,44.26372698544554,4.84,3.14,0.0,0.0,0.7,0.8,0.0
716811,2023,2023-08-28,mlb,KCR,PIT,41.450972950495625,41.66652411136119,5.06,4.31,0.0,0.0,0.2,0.4,0.0
716812,2023,2023-08-28,mlb,COL,ATL,40.803785600090585,63.847983611293685,5.5,3.81,0.0,0.0,0.3,0.7,0.0
716804,2023,2023-08-28,mlb,SEA,ATH,49.02919211539274,36.13080527686773,4.21,7.6,0.0,0.0,0.9,0.4,1.0
716823,2023,2023-08-28,mlb,SFG,CIN,41.21396826950983,44.78260134821402,4.15,3.87,0.0,0.0,0.3,0.4444444444444444,1.0
716805,2023,2023-08-28,mlb,LAD,ARI,52.881054097750265,46.61703093617329,3.76,3.47,0.0,0.0,0.7,0.8,1.0
716806,2023,2023-08-29,mlb,PHI,LAA,52.042264664363394,44.88797413928977,4.18,5.43,0.0,0.0,0.7,0.3333333333333333,1.0
716819,2023,2023-08-27,mlb,SFG,ATL,41.21396826950983,63.847983611293685,3.92,5.81,0.0,0.0,0.3,0.8,1.0
716820,2023,2023-08-27,mlb,SEA,KCR,49.02919211539274,41.450972950495625,3.34,5.69,0.0,0.0,0.9,0.2,1.0
716821,2023,2023-08-27,mlb,ARI,CIN,46.61703093617329,44.78260134821402,4.33,4.76,0.0,0.0,0.8,0.5555555555555556,1.0
716822,2023,2023-08-27,mlb,MIL,SDP,44.26372698544554,47.896637273871,4.12,3.22,0.0,0.0,0.7,0.4,1.0
716838,2023,2023-08-26,mlb,MIL,SDP,44.26372698544554,47.896637273871,3.86,3.22,0.0,0.0,0.7,0.5,1.0
716842,2023,2023-08-26,mlb,PIT,CHC,41.66652411136119,49.69176903948828,9.0,4.41,0.0,0.0,0.5,0.6,0.0
716839,2023,2023-08-26,mlb,MIN,TEX,46.9927878392028,53.49300527607529,4.51,3.77,0.0,0.0,0.6,0.2,0.0
716847,2023,2023-08-26,mlb,PHI,STL,52.042264664363394,45.332448715953014,3.61,4.98,0.0,0.0,0.5,0.3,1.0
716833,2023,2023-08-26,mlb,ARI,CIN,46.61703093617329,44.78260134821402,7.0,4.91,0.0,0.0,0.9,0.4444444444444444,0.0
716829,2023,2023-08-27,mlb,NYM,LAA,46.1675921482945,44.88797413928977,5.03,4.32,0.0,0.0,0.5,0.4444444444444444,1.0
716836,2023,2023-08-27,mlb,BAL,COL,48.236146371587125,40.803785600090585,4.99,5.54,0.0,0.0,0.7,0.2,0.0
716877,2023,2023-08-23,mlb,NYY,WSN,43.555057943600616,40.88283012079975,6.65,4.42,0.0,0.0,0.1,0.8,1.0
716831,2023,2023-08-27,mlb,BOS,LAD,47.295496550395896,52.881054097750265,5.01,3.43,0.0,0.0,0.6,0.7,0.0
716835,2023,2023-08-27,mlb,PHI,STL,52.042264664363394,45.332448715953014,4.46,8.02,0.0,0.0,0.6,0.2,1.0
716825,2023,2023-08-27,mlb,TOR,CLE,48.81365443114781,39.04999341574157,3.86,6.5,0.0,0.0,0.5,0.3,0.0
716830,2023,2023-08-27,mlb,DET,HOU,41.6807004965427,52.26159782076136,4.45,3.22,0.0,0.0,0.6,0.4,0.0
716827,2023,2023-08-27,mlb,MIA,WSN,44.96868169547329,40.88283012079975,3.61,5.55,0.0,0.0,0.2,0.8,1.0
716828,2023,2023-08-27,mlb,TBR,NYY,50.04796368550927,43.555057943600616,4.1,6.85,0.0,0.0,0.7,0.2,1.0
716824,2023,2023-08-27,mlb,MIN,TEX,46.9927878392028,53.49300527607529,3.43,3.2,0.0,0.0,0.5,0.2,1.0
716826,2023,2023-08-27,mlb,CHW,ATH,37.820530657144026,36.13080527686773,3.77,4.43,0.0,0.0,0.3,0.5,1.0
716834,2023,2023-08-27,mlb,PIT,CHC,41.66652411136119,49.69176903948828,5.36,3.05,0.0,0.0,0.4,0.7,0.0
716874,2023,2023-08-23,mlb,BAL,TOR,48.236146371587125,48.81365443114781,4.12,3.16,0.0,0.0,0.6,0.5,1.0
716880,2023,2023-08-23,mlb,TBR,COL,50.04796368550927,40.803785600090585,3.46,5.5,0.0,0.0,0.7,0.3,1.0
716883,2023,2023-08-23,mlb,SDP,MIA,47.896637273871,44.96868169547329,3.57,4.14,0.0,0.0,0.4,0.5,1.0
716925,2023,2023-08-19,mlb,LAA,TBR,44.88797413928977,50.04796368550927,4.11,3.5,0.0,0.0,0.4,0.6,0.0
716935,2023,2023-08-19,mlb,CIN,TOR,44.78260134821402,48.81365443114781,4.46,3.6,0.0,0.0,0.4444444444444444,0.4,0.0
716939,2023,2023-08-19,mlb,CLE,DET,39.04999341574157,41.6807004965427,2.98,3.58,0.0,0.0,0.5,0.6,0.0
716932,2023,2023-08-19,mlb,HOU,SEA,52.26159782076136,49.02919211539274,3.45,3.73,0.0,0.0,0.6,0.7,0.0
716936,2023,2023-08-19,mlb,MIN,PIT,46.9927878392028,41.66652411136119,2.79,4.21,0.0,0.0,0.5,0.3333333333333333,0.0
716940,2023,2023-08-19,mlb,STL,NYM,45.332448715953014,46.1675921482945,4.78,2.98,0.0,0.0,0.5,0.6666666666666666,0.0
716934,2023,2023-08-19,mlb,ATL,SFG,63.847983611293685,41.21396826950983,5.4,3.25,0.0,0.0,0.7777777777777778,0.3,1.0
716933,2023,2023-08-19,mlb,COL,CHW,40.803785600090585,37.820530657144026,5.03,5.29,0.0,0.0,0.3,0.4,1.0
716930,2023,2023-08-19,mlb,ATH,BAL,36.13080527686773,48.236146371587125,5.36,4.42,0.0,0.0,0.2,0.5,0.0
716920,2023,2023-08-20,mlb,HOU,SEA,52.26159782076136,49.02919211539274,5.09,4.5,0.0,0.0,0.5,0.7,0.0
716927,2023,2023-08-20,mlb,ATL,SFG,63.847983611293685,41.21396826950983,2.55,3.87,0.0,0.0,0.7777777777777778,0.2,0.0
716928,2023,2023-08-20,mlb,NYY,BOS,43.555057943600616,47.295496550395896,4.64,2.88,0.0,0.0,0.2,0.7,0.0
716922,2023,2023-08-20,mlb,CLE,DET,39.04999341574157,41.6807004965427,3.81,3.3,0.0,0.0,0.4,0.6,0.0
716924,2023,2023-08-20,mlb,CIN,TOR,44.78260134821402,48.81365443114781,4.82,3.46,0.0,0.0,0.4444444444444444,0.4,0.0
716923,2023,2023-08-20,mlb,MIN,PIT,46.9927878392028,41.66652411136119,5.97,2.45,0.0,0.0,0.4,0.4444444444444444,1.0
716915,2023,2023-08-19,mlb,LAA,TBR,44.88797413928977,50.04796368550927,3.96,3.53,0.0,0.0,0.4,0.6,1.0
716938,2023,2023-08-19,mlb,TEX,MIL,53.49300527607529,44.26372698544554,3.7,3.86,0.0,0.0,0.6,0.6,0.0
716941,2023,2023-08-19,mlb,WSN,PHI,40.88283012079975,52.042264664363394,4.61,3.44,0.0,0.0,0.6666666666666666,0.5555555555555556,0.0
716931,2023,2023-08-19,mlb,SDP,ARI,47.896637273871,46.61703093617329,4.56,4.73,0.0,0.0,0.4,0.5,0.0
716953,2023,2023-08-18,mlb,NYY,BOS,43.555057943600616,47.295496550395896,4.28,4.24,1.0,0.0,0.2,0.6,0.0
716949,2023,2023-08-18,mlb,ATL,SFG,63.847983611293685,41.21396826950983,3.86,3.87,1.0,1.0,0.7777777777777778,0.3,1.0
716950,2023,2023-08-18,mlb,TEX,MIL,53.49300527607529,44.26372698544554,4.15,2.28,1.0,0.0,0.7,0.5,0.0
716948,2023,2023-08-18,mlb,HOU,SEA,52.26159782076136,49.02919211539274,3.83,4.32,1.0,0.0,0.7,0.7,0.0
716951,2023,2023-08-18,mlb,MIN,PIT,46.9927878392028,41.66652411136119,3.66,4.99,1.0,1.0,0.5,0.4444444444444444,1.0
716952,2023,2023-08-18,mlb,STL,NYM,45.332448715953014,46.1675921482945,4.48,2.89,0.0,0.0,0.5,0.5555555555555556,0.0
716947,2023,2023-08-18,mlb,COL,CHW,40.803785600090585,37.820530657144026,5.36,5.43,1.0,1.0,0.2,0.5,1.0
716921,2023,2023-08-20,mlb,STL,NYM,45.332448715953014,46.1675921482945,4.98,6.8,0.0,0.0,0.5,0.6666666666666666,1.0
716945,2023,2023-08-18,mlb,LAA,TBR,44.88797413928977,50.04796368550927,5.43,6.41,1.0,1.0,0.4,0.6,0.0
716942,2023,2023-08-18,mlb,SDP,ARI,47.896637273871,46.61703093617329,3.57,5.72,0.0,0.0,0.3,0.5,1.0
716946,2023,2023-08-18,mlb,LAD,MIA,52.881054097750265,44.96868169547329,4.98,4.14,0.0,1.0,1.0,0.5,0.0
716943,2023,2023-08-19,mlb,NYY,BOS,43.555057943600616,47.295496550395896,2.63,4.04,0.0,0.0,0.2,0.6,0.0
716937,2023,2023-08-19,mlb,CHC,KCR,49.69176903948828,41.450972950495625,3.06,5.52,0.0,0.0,0.5,0.4,1.0
716909,2023,2023-08-19,mlb,LAD,MIA,52.881054097750265,44.96868169547329,3.43,3.15,0.0,0.0,0.9,0.6,1.0
716926,2023,2023-08-19,mlb,LAD,MIA,52.881054097750265,44.96868169547329,4.6,3.66,0.0,0.0,0.9,0.6,1.0
716919,2023,2023-08-19,mlb,SDP,ARI,47.896637273871,46.61703093617329,4.35,3.29,0.0,0.0,0.4,0.6,0.0
716944,2023,2023-08-18,mlb,ATH,BAL,36.13080527686773,48.236146371587125,5.94,4.73,1.0,1.0,0.3,0.5,0.0
716807,2023,2023-08-29,mlb,MIA,TBR,44.96868169547329,50.04796368550927,4.14,3.46,1.0,1.0,0.3,0.8,0.0
716917,2023,2023-08-20,mlb,CHC,KCR,49.69176903948828,41.450972950495625,3.74,6.28,0.0,0.0,0.5,0.3,1.0
716916,2023,2023-08-20,mlb,COL,CHW,40.803785600090585,37.820530657144026,6.86,4.58,0.0,0.0,0.3,0.3,0.0
716895,2023,2023-08-22,mlb,HOU,BOS,52.26159782076136,47.295496550395896,3.22,5.01,0.0,0.0,0.5,0.6,1.0
716893,2023,2023-08-22,mlb,CHW,SEA,37.820530657144026,49.02919211539274,3.77,4.21,0.0,0.0,0.3,0.7,0.0
716894,2023,2023-08-22,mlb,MIL,MIN,44.26372698544554,46.9927878392028,3.14,3.43,1.0,1.0,0.7,0.5,1.0
716892,2023,2023-08-22,mlb,LAA,CIN,44.88797413928977,44.78260134821402,4.88,4.76,2.0,1.0,0.4,0.3333333333333333,0.0
716888,2023,2023-08-22,mlb,ATH,KCR,36.13080527686773,41.450972950495625,3.47,4.85,0.0,0.0,0.2,0.3,1.0
716889,2023,2023-08-22,mlb,ARI,TEX,46.61703093617329,53.49300527607529,3.47,4.12,0.0,0.0,0.8,0.4,1.0
716887,2023,2023-08-22,mlb,SDP,MIA,47.896637273871,44.96868169547329,2.25,3.58,0.0,0.0,0.4,0.4,0.0
716886,2023,2023-08-23,mlb,PIT,STL,41.66652411136119,45.332448715953014,4.78,4.48,0.0,0.0,0.5555555555555556,0.4,0.0
716885,2023,2023-08-23,mlb,DET,CHC,41.6807004965427,49.69176903948828,2.8,4.84,0.0,0.0,0.6,0.6,0.0
716881,2023,2023-08-23,mlb,CHW,SEA,37.820530657144026,49.02919211539274,5.43,3.35,0.0,0.0,0.2,0.8,1.0
716882,2023,2023-08-23,mlb,MIL,MIN,44.26372698544554,46.9927878392028,3.39,4.23,0.0,0.0,0.7,0.5,1.0
716884,2023,2023-08-23,mlb,ATH,KCR,36.13080527686773,41.450972950495625,4.75,3.47,0.0,0.0,0.3,0.2,0.0
716879,2023,2023-08-23,mlb,PHI,SFG,52.042264664363394,41.21396826950983,4.18,3.87,0.0,0.0,0.5,0.3,0.0
716890,2023,2023-08-23,mlb,LAA,CIN,44.88797413928977,44.78260134821402,3.14,3.87,0.0,0.0,0.3,0.4444444444444444,0.0
716891,2023,2023-08-22,mlb,ATL,NYM,63.847983611293685,46.1675921482945,3.81,4.7,0.0,0.0,0.6666666666666666,0.7777777777777778,1.0
716897,2023,2023-08-22,mlb,CLE,LAD,39.04999341574157,52.881054097750265,6.5,3.76,1.0,2.0,0.4,0.9,1.0
716900,2023,2023-08-22,mlb,NYY,WSN,43.555057943600616,40.88283012079975,6.85,3.91,1.0,1.0,0.1,0.7,0.0
716902,2023,2023-08-22,mlb,BAL,TOR,48.236146371587125,48.81365443114781,4.35,3.86,1.0,1.0,0.7,0.5,0.0
716914,2023,2023-08-20,mlb,ATH,BAL,36.13080527686773,48.236146371587125,4.54,2.83,0.0,0.0,0.2,0.6,0.0
716929,2023,2023-08-20,mlb,WSN,PHI,40.88283012079975,52.042264664363394,5.55,3.61,0.0,0.0,0.6,0.5555555555555556,1.0
716913,2023,2023-08-21,mlb,DET,CHC,41.6807004965427,49.69176903948828,4.45,3.05,0.0,0.0,0.6,0.6,0.0
716911,2023,2023-08-21,mlb,PHI,SFG,52.042264664363394,41.21396826950983,4.46,4.66,0.0,0.0,0.5,0.3,1.0
716912,2023,2023-08-21,mlb,PIT,STL,41.66652411136119,45.332448715953014,4.08,8.02,0.0,0.0,0.4444444444444444,0.5,1.0
716910,2023,2023-08-21,mlb,ATL,NYM,63.847983611293685,46.1675921482945,5.29,5.03,0.0,0.0,0.7777777777777778,0.6666666666666666,0.0
716908,2023,2023-08-21,mlb,HOU,BOS,52.26159782076136,47.295496550395896,4.56,4.5,0.0,0.0,0.4,0.7,1.0
716918,2023,2023-08-20,mlb,TEX,MIL,53.49300527607529,44.26372698544554,3.77,4.12,0.0,0.0,0.5,0.6,0.0
716905,2023,2023-08-21,mlb,CHW,SEA,37.820530657144026,49.02919211539274,4.97,3.34,0.0,0.0,0.3,0.7,0.0
716906,2023,2023-08-21,mlb,ARI,TEX,46.61703093617329,53.49300527607529,4.62,3.2,1.0,0.0,0.7,0.4,1.0
716907,2023,2023-08-21,mlb,SDP,MIA,47.896637273871,44.96868169547329,3.22,6.55,1.0,1.0,0.4,0.5,1.0
716903,2023,2023-08-23,mlb,LAA,CIN,44.88797413928977,44.78260134821402,4.88,4.76,0.0,0.0,0.3,0.5555555555555556,
716896,2023,2023-08-22,mlb,DET,CHC,41.6807004965427,49.69176903948828,3.99,5.0,0.0,0.0,0.5,0.6,1.0
716898,2023,2023-08-22,mlb,TBR,COL,50.04796368550927,40.803785600090585,4.1,5.54,2.0,1.0,0.6,0.3,1.0
716899,2023,2023-08-22,mlb,PHI,SFG,52.042264664363394,41.21396826950983,4.38,4.15,0.0,0.0,0.5,0.3,1.0
716901,2023,2023-08-22,mlb,PIT,STL,41.66652411136119,45.332448715953014,4.31,7.4,0.0,0.0,0.4444444444444444,0.4,1.0
716904,2023,2023-08-21,mlb,ATH,KCR,36.13080527686773,41.450972950495625,4.43,5.96,0.0,0.0,0.2,0.3,1.0
716954,2023,2023-08-18,mlb,CIN,TOR,44.78260134821402,48.81365443114781,6.5,3.65,1.0,1.0,0.3333333333333333,0.5,1.0
716795,2023,2023-08-29,mlb,DET,NYY,41.6807004965427,43.555057943600616,2.8,2.75,0.0,0.0,0.4,0.3,0.0
716801,2023,2023-08-29,mlb,TOR,WSN,48.81365443114781,40.88283012079975,3.65,4.42,0.0,0.0,0.5,0.6,0.0
716706,2023,2023-09-05,mlb,LAA,BAL,44.88797413928977,48.236146371587125,4.48,4.12,0.0,0.0,0.3,0.7,0.0
716702,2023,2023-09-05,mlb,ARI,COL,46.61703093617329,40.803785600090585,5.72,5.03,0.0,0.0,0.4,0.2,0.0
716707,2023,2023-09-05,mlb,ATH,TOR,36.13080527686773,48.81365443114781,5.36,3.6,0.0,0.0,0.5,0.6,0.0
716703,2023,2023-09-05,mlb,SDP,PHI,47.896637273871,52.042264664363394,3.22,4.18,0.0,0.0,0.4,0.7,1.0
716697,2023,2023-09-06,mlb,PIT,MIL,41.66652411136119,44.26372698544554,9.0,3.86,0.0,0.0,0.6,0.6,1.0
716700,2023,2023-09-06,mlb,CLE,MIN,39.04999341574157,46.9927878392028,3.29,4.51,0.0,0.0,0.5,0.6,1.0
716699,2023,2023-09-06,mlb,CHC,SFG,49.69176903948828,41.21396826950983,4.41,4.33,0.0,0.0,0.6666666666666666,0.4,1.0
716698,2023,2023-09-06,mlb,ATH,TOR,36.13080527686773,48.81365443114781,4.54,3.46,0.0,0.0,0.4,0.7,1.0
716692,2023,2023-09-06,mlb,ARI,COL,46.61703093617329,40.803785600090585,7.0,6.86,0.0,0.0,0.3,0.3,1.0
716691,2023,2023-09-06,mlb,SDP,PHI,47.896637273871,52.042264664363394,3.22,3.61,0.0,0.0,0.5,0.6,0.0
716693,2023,2023-09-06,mlb,CIN,SEA,44.78260134821402,49.02919211539274,8.64,3.73,0.0,0.0,0.5555555555555556,0.5,0.0
716696,2023,2023-09-06,mlb,TBR,BOS,50.04796368550927,47.295496550395896,3.53,4.04,0.0,0.0,0.6,0.4,1.0
716695,2023,2023-09-06,mlb,MIA,LAD,44.96868169547329,52.881054097750265,3.61,5.73,0.0,0.0,0.6,0.5,1.0
716701,2023,2023-09-06,mlb,WSN,NYM,40.88283012079975,46.1675921482945,6.45,3.64,0.0,0.0,0.2,0.5,1.0
716694,2023,2023-09-06,mlb,NYY,DET,43.555057943600616,41.6807004965427,4.64,3.58,0.0,0.0,0.7,0.4,1.0
716705,2023,2023-09-05,mlb,TEX,HOU,53.49300527607529,52.26159782076136,3.63,3.45,0.0,0.0,0.4,0.6,0.0
716689,2023,2023-09-06,mlb,ATL,STL,63.847983611293685,45.332448715953014,3.86,4.98,0.0,0.0,0.7,0.4,0.0
716704,2023,2023-09-05,mlb,KCR,CHW,41.450972950495625,37.820530657144026,5.52,4.58,0.0,0.0,0.2,0.3,1.0
716709,2023,2023-09-05,mlb,ATL,STL,63.847983611293685,45.332448715953014,6.4,4.78,1.0,1.0,0.8,0.4,0.0
716726,2023,2023-09-04,mlb,ATH,TOR,36.13080527686773,48.81365443114781,5.42,3.65,0.0,0.0,0.6,0.5,0.0
716721,2023,2023-09-04,mlb,ARI,COL,46.61703093617329,40.803785600090585,3.29,5.36,0.0,0.0,0.4,0.2,1.0
716727,2023,2023-09-04,mlb,CIN,SEA,44.78260134821402,49.02919211539274,1.59,4.21,0.0,0.0,0.4444444444444444,0.6,1.0
716722,2023,2023-09-04,mlb,TBR,BOS,50.04796368550927,47.295496550395896,3.46,4.24,0.0,0.0,0.7,0.4,0.0
716719,2023,2023-09-04,mlb,CLE,MIN,39.04999341574157,46.9927878392028,4.88,3.66,0.0,0.0,0.6,0.6,0.0
716718,2023,2023-09-04,mlb,PIT,MIL,41.66652411136119,44.26372698544554,4.78,3.39,0.0,0.0,0.6,0.7,1.0
716720,2023,2023-09-04,mlb,SDP,PHI,47.896637273871,52.042264664363394,5.41,4.38,0.0,0.0,0.4,0.6,0.0
716713,2023,2023-09-04,mlb,LAA,BAL,44.88797413928977,48.236146371587125,3.82,4.35,0.0,0.0,0.3333333333333333,0.7,0.0
716717,2023,2023-09-05,mlb,CLE,MIN,39.04999341574157,46.9927878392028,2.98,2.79,0.0,0.0,0.6,0.6,0.0
716714,2023,2023-09-05,mlb,PIT,MIL,41.66652411136119,44.26372698544554,4.99,2.28,0.0,0.0,0.7,0.6,0.0
716712,2023,2023-09-05,mlb,CIN,SEA,44.78260134821402,49.02919211539274,6.97,4.32,0.0,0.0,0.5555555555555556,0.6,1.0
716716,2023,2023-09-05,mlb,TBR,BOS,50.04796368550927,47.295496550395896,3.5,4.04,0.0,0.0,0.6,0.4,1.0
716710,2023,2023-09-05,mlb,MIA,LAD,44.96868169547329,52.881054097750265,3.58,2.46,1.0,1.0,0.5,0.6,1.0
716715,2023,2023-09-05,mlb,WSN,NYM,40.88283012079975,46.1675921482945,5.2,3.57,1.0,1.0,0.3,0.4,0.0
716711,2023,2023-09-05,mlb,NYY,DET,43.555057943600616,41.6807004965427,2.63,4.45,1.0,1.0,0.7,0.5,1.0
716708,2023,2023-09-05,mlb,CHC,SFG,49.69176903948828,41.21396826950983,3.74,3.23,0.0,0.0,0.6666666666666666,0.4,1.0
716688,2023,2023-09-06,mlb,KCR,CHW,41.450972950495625,37.820530657144026,6.28,4.97,0.0,0.0,0.3,0.3,0.0
716687,2023,2023-09-06,mlb,TEX,HOU,53.49300527607529,52.26159782076136,3.77,3.22,0.0,0.0,0.4,0.7,0.0
716690,2023,2023-09-06,mlb,LAA,BAL,44.88797413928977,48.236146371587125,4.11,4.73,0.0,0.0,0.2,0.7,0.0
716668,2023,2023-09-08,mlb,SFG,COL,41.21396826950983,40.803785600090585,4.15,5.54,1.0,1.0,0.3,0.3,1.0
716659,2023,2023-09-09,mlb,NYY,MIL,43.555057943600616,44.26372698544554,2.75,3.14,0.0,0.0,0.7,0.5,0.0
716654,2023,2023-09-09,mlb,MIN,NYM,46.9927878392028,46.1675921482945,4.23,5.03,0.0,0.0,0.6,0.5,1.0
716660,2023,2023-09-09,mlb,CHC,ARI,49.69176903948828,46.61703093617329,3.06,3.29,0.0,0.0,0.5555555555555556,0.5,0.0
716661,2023,2023-09-09,mlb,TOR,KCR,48.81365443114781,41.450972950495625,3.16,4.63,0.0,0.0,0.7,0.3,1.0
716662,2023,2023-09-09,mlb,WSN,LAD,40.88283012079975,52.881054097750265,4.61,3.76,0.0,0.0,0.2,0.5,1.0
716656,2023,2023-09-09,mlb,TBR,SEA,50.04796368550927,49.02919211539274,3.46,2.01,0.0,0.0,0.6,0.4,1.0
716664,2023,2023-09-09,mlb,BOS,BAL,47.295496550395896,48.236146371587125,4.3,4.99,0.0,0.0,0.3,0.8,0.0
716653,2023,2023-09-09,mlb,PHI,MIA,52.042264664363394,44.96868169547329,4.46,6.02,0.0,0.0,0.5,0.7,1.0
716658,2023,2023-09-09,mlb,DET,CHW,41.6807004965427,37.820530657144026,2.8,6.45,0.0,0.0,0.5,0.3,1.0
716655,2023,2023-09-09,mlb,CIN,STL,44.78260134821402,45.332448715953014,6.92,4.48,0.0,0.0,0.5555555555555556,0.6,0.0
716657,2023,2023-09-09,mlb,TEX,ATH,53.49300527607529,36.13080527686773,3.63,3.0,0.0,0.0,0.3,0.6,1.0
716649,2023,2023-09-09,mlb,HOU,SDP,52.26159782076136,47.896637273871,4.56,3.57,0.0,0.0,0.6,0.5,1.0
716651,2023,2023-09-09,mlb,ATL,PIT,63.847983611293685,41.66652411136119,7.6,4.31,0.0,0.0,0.7,0.7,0.0
716663,2023,2023-09-09,mlb,SFG,COL,41.21396826950983,40.803785600090585,3.25,5.42,0.0,0.0,0.3,0.2,1.0
716667,2023,2023-09-08,mlb,LAA,CLE,44.88797413928977,39.04999341574157,4.32,3.81,0.0,0.0,0.2,0.5,0.0
716666,2023,2023-09-08,mlb,MIN,NYM,46.9927878392028,46.1675921482945,5.97,2.98,1.0,1.0,0.6,0.5,1.0
716669,2023,2023-09-08,mlb,HOU,SDP,52.26159782076136,47.896637273871,5.09,2.25,1.0,1.0,0.7,0.5,0.0
716665,2023,2023-09-08,mlb,TEX,ATH,53.49300527607529,36.13080527686773,3.2,4.43,1.0,1.0,0.3,0.5,0.0
716683,2023,2023-09-07,mlb,TBR,SEA,50.04796368550927,49.02919211539274,4.1,3.34,0.0,0.0,0.7,0.5,0.0
716682,2023,2023-09-07,mlb,MIA,LAD,44.96868169547329,52.881054097750265,3.66,2.14,0.0,0.0,0.7,0.5,0.0
716686,2023,2023-09-07,mlb,NYY,DET,43.555057943600616,41.6807004965427,6.85,3.3,0.0,0.0,0.8,0.4,0.0
716680,2023,2023-09-07,mlb,ATL,STL,63.847983611293685,45.332448715953014,2.55,7.4,0.0,0.0,0.6,0.5,1.0
716685,2023,2023-09-07,mlb,CHC,ARI,49.69176903948828,46.61703093617329,3.05,5.31,0.0,0.0,0.6666666666666666,0.4,0.0
716684,2023,2023-09-07,mlb,LAA,CLE,44.88797413928977,39.04999341574157,10.29,5.24,0.0,0.0,0.1,0.6,1.0
716678,2023,2023-09-08,mlb,CHC,ARI,49.69176903948828,46.61703093617329,4.84,3.47,0.0,0.0,0.6666666666666666,0.4,0.0
716724,2023,2023-09-04,mlb,TEX,HOU,53.49300527607529,52.26159782076136,4.15,3.83,0.0,0.0,0.4,0.5,0.0
716677,2023,2023-09-08,mlb,CIN,STL,44.78260134821402,45.332448715953014,3.87,8.02,1.0,0.0,0.5555555555555556,0.5,0.0
716675,2023,2023-09-08,mlb,DET,CHW,41.6807004965427,37.820530657144026,3.99,3.77,0.0,1.0,0.5,0.3,0.0
716676,2023,2023-09-08,mlb,WSN,LAD,40.88283012079975,52.881054097750265,4.42,4.92,1.0,0.0,0.2,0.5,0.0
716679,2023,2023-09-08,mlb,PHI,MIA,52.042264664363394,44.96868169547329,3.44,3.15,1.0,0.0,0.6,0.7,0.0
716670,2023,2023-09-08,mlb,NYY,MIL,43.555057943600616,44.26372698544554,6.65,4.55,0.0,1.0,0.8,0.5,0.0
716673,2023,2023-09-08,mlb,TOR,KCR,48.81365443114781,41.450972950495625,3.86,4.87,1.0,1.0,0.6,0.3,1.0
716672,2023,2023-09-08,mlb,BOS,BAL,47.295496550395896,48.236146371587125,5.01,2.83,1.0,1.0,0.3,0.7,0.0
716674,2023,2023-09-08,mlb,ATL,PIT,63.847983611293685,41.66652411136119,3.81,4.21,0.0,1.0,0.7,0.7,1.0
716671,2023,2023-09-08,mlb,TBR,SEA,50.04796368550927,49.02919211539274,5.59,3.35,0.0,0.0,0.6,0.5,1.0
716723,2023,2023-09-04,mlb,CHC,SFG,49.69176903948828,41.21396826950983,3.06,3.25,0.0,0.0,0.5555555555555556,0.4,1.0
716681,2023,2023-09-04,mlb,KCR,CHW,41.450972950495625,37.820530657144026,3.47,5.29,0.0,0.0,0.2,0.3,1.0
716735,2023,2023-09-03,mlb,HOU,NYY,52.26159782076136,43.555057943600616,4.56,2.75,0.0,0.0,0.5,0.6,0.0
716778,2023,2023-08-30,mlb,MIA,TBR,44.96868169547329,50.04796368550927,3.58,3.5,0.0,0.0,0.3,0.8,0.0
716781,2023,2023-08-30,mlb,DET,NYY,41.6807004965427,43.555057943600616,5.09,2.63,0.0,0.0,0.4,0.4,0.0
716780,2023,2023-08-30,mlb,KCR,PIT,41.450972950495625,41.66652411136119,4.85,4.99,0.0,0.0,0.1,0.5,0.0
716773,2023,2023-08-30,mlb,COL,ATL,40.803785600090585,63.847983611293685,5.03,3.98,0.0,0.0,0.2,0.7,0.0
716774,2023,2023-08-30,mlb,LAD,ARI,52.881054097750265,46.61703093617329,2.14,5.72,0.0,0.0,0.8,0.7,1.0
716775,2023,2023-08-31,mlb,DET,NYY,41.6807004965427,43.555057943600616,3.58,4.64,0.0,0.0,0.3,0.5,1.0
716776,2023,2023-08-31,mlb,WSN,MIA,40.88283012079975,44.96868169547329,6.45,3.66,0.0,0.0,0.6,0.2,0.0
716777,2023,2023-08-31,mlb,SDP,SFG,47.896637273871,41.21396826950983,3.22,3.87,0.0,0.0,0.3,0.5,0.0
716768,2023,2023-08-31,mlb,LAD,ATL,52.881054097750265,63.847983611293685,5.73,3.86,0.0,0.0,0.8,0.7,0.0
716770,2023,2023-09-01,mlb,CIN,CHC,44.78260134821402,49.69176903948828,8.64,3.99,1.0,1.0,0.4444444444444444,0.7,1.0
716771,2023,2023-09-01,mlb,WSN,MIA,40.88283012079975,44.96868169547329,4.61,3.15,0.0,0.0,0.5,0.3,0.0
716769,2023,2023-09-01,mlb,NYM,SEA,46.1675921482945,49.02919211539274,2.98,3.73,1.0,1.0,0.3,0.8,1.0
716767,2023,2023-09-01,mlb,CLE,TBR,39.04999341574157,50.04796368550927,5.24,3.53,1.0,1.0,0.5,0.8,1.0
716772,2023,2023-09-01,mlb,TEX,MIN,53.49300527607529,46.9927878392028,3.77,4.51,1.0,1.0,0.3,0.5,0.0
716783,2023,2023-08-30,mlb,NYM,TEX,46.1675921482945,53.49300527607529,7.78,3.7,0.0,0.0,0.3,0.3,1.0
716788,2023,2023-08-30,mlb,SEA,ATH,49.02919211539274,36.13080527686773,4.32,6.67,0.0,0.0,0.8,0.5,1.0
716794,2023,2023-08-30,mlb,BOS,HOU,47.295496550395896,52.26159782076136,4.04,3.45,0.0,0.0,0.4,0.6,0.0
716789,2023,2023-08-30,mlb,SFG,CIN,41.21396826950983,44.78260134821402,3.25,4.82,0.0,0.0,0.5,0.3333333333333333,0.0
716802,2023,2023-08-29,mlb,BOS,HOU,47.295496550395896,52.26159782076136,4.24,3.83,0.0,0.0,0.5,0.5,0.0
716799,2023,2023-08-29,mlb,NYM,TEX,46.1675921482945,53.49300527607529,3.57,4.15,0.0,0.0,0.4,0.2,0.0
716796,2023,2023-08-29,mlb,MIN,CLE,46.9927878392028,39.04999341574157,3.66,3.29,0.0,0.0,0.6,0.4,0.0
716797,2023,2023-08-29,mlb,STL,SDP,45.332448715953014,47.896637273871,4.48,3.57,0.0,0.0,0.2,0.4,1.0
716798,2023,2023-08-29,mlb,CHC,MIL,49.69176903948828,44.26372698544554,3.06,3.39,0.0,0.0,0.7,0.9,1.0
716793,2023,2023-08-29,mlb,KCR,PIT,41.450972950495625,41.66652411136119,3.47,9.0,0.0,0.0,0.2,0.5,0.0
716791,2023,2023-08-29,mlb,COL,ATL,40.803785600090585,63.847983611293685,5.36,3.64,0.0,0.0,0.3,0.7,0.0
716764,2023,2023-09-01,mlb,KCR,BOS,41.450972950495625,47.295496550395896,6.28,4.5,1.0,1.0,0.1,0.3,1.0
716790,2023,2023-08-29,mlb,SEA,ATH,49.02919211539274,36.13080527686773,6.4,5.36,0.0,0.0,0.9,0.4,0.0
716792,2023,2023-08-29,mlb,LAD,ARI,52.881054097750265,46.61703093617329,2.46,3.29,0.0,0.0,0.7,0.7,1.0
716787,2023,2023-08-30,mlb,PHI,LAA,52.042264664363394,44.88797413928977,3.44,4.48,0.0,0.0,0.8,0.3333333333333333,0.0
716786,2023,2023-08-30,mlb,BAL,CHW,48.236146371587125,37.820530657144026,4.73,4.58,0.0,0.0,0.8,0.4,0.0
716784,2023,2023-08-30,mlb,MIN,CLE,46.9927878392028,39.04999341574157,2.79,2.98,0.0,0.0,0.5,0.4,0.0
716782,2023,2023-08-30,mlb,STL,SDP,45.332448715953014,47.896637273871,4.78,5.41,0.0,0.0,0.3,0.3,1.0
716779,2023,2023-08-30,mlb,CHC,MIL,49.69176903948828,44.26372698544554,3.74,2.28,0.0,0.0,0.7,0.9,1.0
716785,2023,2023-08-30,mlb,TOR,WSN,48.81365443114781,40.88283012079975,3.6,5.2,0.0,0.0,0.5,0.6,1.0
716803,2023,2023-08-29,mlb,SFG,CIN,41.21396826950983,44.78260134821402,3.87,4.46,0.0,0.0,0.4,0.3333333333333333,1.0
716800,2023,2023-08-29,mlb,BAL,CHW,48.236146371587125,37.820530657144026,4.12,5.29,0.0,0.0,0.8,0.4,1.0
716762,2023,2023-09-01,mlb,CHW,DET,37.820530657144026,41.6807004965427,4.97,3.3,1.0,0.0,0.4,0.3,0.0
716765,2023,2023-09-01,mlb,MIL,PHI,44.26372698544554,52.042264664363394,3.86,3.61,1.0,1.0,0.8,0.7,1.0
716741,2023,2023-09-02,mlb,LAD,ATL,52.881054097750265,63.847983611293685,4.92,3.81,0.0,0.0,0.7,0.9,0.0
716738,2023,2023-09-03,mlb,CIN,CHC,44.78260134821402,49.69176903948828,6.92,4.84,0.0,0.0,0.4444444444444444,0.5555555555555556,0.0
716736,2023,2023-09-03,mlb,MIL,PHI,44.26372698544554,52.042264664363394,3.14,4.18,0.0,0.0,0.8,0.6,0.0
716740,2023,2023-09-03,mlb,WSN,MIA,40.88283012079975,44.96868169547329,3.91,4.14,0.0,0.0,0.4,0.5,0.0
716742,2023,2023-09-03,mlb,NYM,SEA,46.1675921482945,49.02919211539274,4.7,3.35,0.0,0.0,0.3,0.7,1.0
716739,2023,2023-09-03,mlb,KCR,BOS,41.450972950495625,47.295496550395896,5.95,4.3,0.0,0.0,0.2,0.4,0.0
716734,2023,2023-09-03,mlb,CHW,DET,37.820530657144026,41.6807004965427,5.43,2.8,0.0,0.0,0.4,0.4,0.0
716733,2023,2023-09-03,mlb,STL,PIT,45.332448715953014,41.66652411136119,4.48,4.31,0.0,0.0,0.3,0.6,1.0
716737,2023,2023-09-03,mlb,TEX,MIN,53.49300527607529,46.9927878392028,4.12,4.23,0.0,0.0,0.3,0.6,1.0
716730,2023,2023-09-03,mlb,COL,TOR,40.803785600090585,48.81365443114781,5.42,3.16,0.0,0.0,0.2,0.4,0.0
716731,2023,2023-09-03,mlb,ATH,LAA,36.13080527686773,44.88797413928977,7.6,5.43,0.0,0.0,0.5,0.3333333333333333,1.0
716732,2023,2023-09-03,mlb,ARI,BAL,46.61703093617329,48.236146371587125,3.47,4.99,0.0,0.0,0.5,0.7,0.0
716728,2023,2023-09-03,mlb,SDP,SFG,47.896637273871,41.21396826950983,3.57,3.87,0.0,0.0,0.4,0.5,1.0
716729,2023,2023-09-03,mlb,CLE,TBR,39.04999341574157,50.04796368550927,4.07,5.59,0.0,0.0,0.6,0.7,0.0
716725,2023,2023-09-03,mlb,LAD,ATL,52.881054097750265,63.847983611293685,3.76,3.64,0.0,0.0,0.6,0.9,1.0
716743,2023,2023-09-02,mlb,SDP,SFG,47.896637273871,41.21396826950983,2.25,4.15,0.0,0.0,0.3,0.5,1.0
716748,2023,2023-09-02,mlb,COL,TOR,40.803785600090585,48.81365443114781,5.54,3.86,0.0,0.0,0.1,0.5,1.0
716747,2023,2023-09-02,mlb,ARI,BAL,46.61703093617329,48.236146371587125,4.33,2.83,0.0,0.0,0.6,0.6,0.0
716745,2023,2023-09-02,mlb,MIL,PHI,44.26372698544554,52.042264664363394,4.55,4.46,0.0,0.0,0.8,0.7,1.0
716766,2023,2023-09-01,mlb,STL,PIT,45.332448715953014,41.66652411136119,4.98,4.21,1.0,1.0,0.4,0.6,0.0
716759,2023,2023-09-01,mlb,COL,TOR,40.803785600090585,48.81365443114781,6.86,3.46,1.0,1.0,0.1,0.5,0.0
716756,2023,2023-09-01,mlb,ARI,BAL,46.61703093617329,48.236146371587125,7.0,4.42,1.0,1.0,0.6,0.7,1.0
716758,2023,2023-09-01,mlb,ATH,LAA,36.13080527686773,44.88797413928977,4.54,4.11,1.0,1.0,0.5,0.4444444444444444,1.0
716761,2023,2023-09-01,mlb,SDP,SFG,47.896637273871,41.21396826950983,3.22,3.92,0.0,0.0,0.3,0.5,1.0
716757,2023,2023-09-01,mlb,LAD,ATL,52.881054097750265,63.847983611293685,4.6,2.55,0.0,0.0,0.7,0.8,0.0
716760,2023,2023-09-02,mlb,WSN,MIA,40.88283012079975,44.96868169547329,5.55,6.02,0.0,0.0,0.4,0.4,0.0
716763,2023,2023-09-01,mlb,HOU,NYY,52.26159782076136,43.555057943600616,3.22,6.85,1.0,0.0,0.7,0.5,0.0
716755,2023,2023-09-02,mlb,ATH,LAA,36.13080527686773,44.88797413928977,4.43,4.32,0.0,0.0,0.5,0.3333333333333333,1.0
716753,2023,2023-09-02,mlb,CIN,CHC,44.78260134821402,49.69176903948828,3.87,3.05,0.0,0.0,0.375,0.6666666666666666,1.0
716750,2023,2023-09-02,mlb,KCR,BOS,41.450972950495625,47.295496550395896,5.69,5.01,0.0,0.0,0.2,0.3,0.0
716751,2023,2023-09-02,mlb,NYM,SEA,46.1675921482945,49.02919211539274,5.03,3.34,0.0,0.0,0.4,0.7,0.0
716749,2023,2023-09-02,mlb,CHW,DET,37.820530657144026,41.6807004965427,3.77,3.99,0.0,0.0,0.4,0.4,0.0
716746,2023,2023-09-02,mlb,HOU,NYY,52.26159782076136,43.555057943600616,5.09,6.65,0.0,0.0,0.6,0.6,0.0
716744,2023,2023-09-02,mlb,STL,PIT,45.332448715953014,41.66652411136119,8.02,4.08,0.0,0.0,0.3,0.6,0.0
716752,2023,2023-09-02,mlb,TEX,MIN,53.49300527607529,46.9927878392028,3.2,5.97,0.0,0.0,0.3,0.5,0.0
716754,2023,2023-09-02,mlb,CLE,TBR,39.04999341574157,50.04796368550927,3.81,4.1,0.0,0.0,0.6,0.7,1.0
717572,2023,2023-06-29,mlb,COL,LAD,40.803785600090585,52.881054097750265,5.42,4.92,0.0,0.0,0.3,0.5,0.0
717567,2023,2023-06-29,mlb,CHC,PHI,49.69176903948828,52.042264664363394,3.74,4.38,0.0,0.0,0.6,0.7,0.0
717566,2023,2023-06-29,mlb,STL,HOU,45.332448715953014,52.26159782076136,7.4,3.83,0.0,0.0,0.6,0.4,0.0
718383,2023,2023-04-29,mlb,WSN,PIT,40.88283012079975,41.66652411136119,5.2,5.41,1.0,1.0,0.5,0.9,0.0
718378,2023,2023-04-29,mlb,MIN,KCR,46.9927878392028,41.450972950495625,3.43,4.57,0.0,0.0,0.6,0.2,0.0
718379,2023,2023-04-29,mlb,TOR,SEA,48.81365443114781,49.02919211539274,3.16,0.0,0.0,0.0,0.7,0.3,1.0
718375,2023,2023-04-29,mlb,MIA,CHC,44.96868169547329,49.69176903948828,4.24,16.88,0.0,0.0,0.4444444444444444,0.5,1.0
718377,2023,2023-04-29,mlb,ATH,CIN,36.13080527686773,44.78260134821402,7.6,4.82,0.0,0.0,0.2,0.4,0.0
718385,2023,2023-04-29,mlb,BOS,CLE,47.295496550395896,39.04999341574157,4.24,7.59,0.0,0.0,0.5,0.4444444444444444,1.0
718372,2023,2023-04-29,mlb,HOU,PHI,52.26159782076136,52.042264664363394,4.56,3.61,0.0,0.0,0.7,0.7,0.0
718384,2023,2023-04-29,mlb,SDP,SFG,47.896637273871,41.21396826950983,3.05,4.44,1.0,1.0,0.5,0.6,1.0
718374,2023,2023-04-29,mlb,TEX,NYY,53.49300527607529,43.555057943600616,3.63,4.28,0.0,0.0,0.5,0.5,1.0
718373,2023,2023-04-29,mlb,CHW,TBR,37.820530657144026,50.04796368550927,5.73,7.01,0.0,0.0,0.1,0.8,0.0
718376,2023,2023-04-29,mlb,MIL,LAA,44.26372698544554,44.88797413928977,3.39,4.48,0.0,0.0,0.6,0.5,1.0
718366,2023,2023-04-29,mlb,COL,ARI,40.803785600090585,46.61703093617329,8.7,4.15,0.0,0.0,0.3,0.5,0.0
718369,2023,2023-04-29,mlb,LAD,STL,52.881054097750265,45.332448715953014,2.46,3.2,0.0,0.0,0.6,0.3,1.0
718381,2023,2023-04-29,mlb,DET,BAL,41.6807004965427,48.236146371587125,3.3,4.12,1.0,1.0,0.4,0.9,1.0
718371,2023,2023-08-12,mlb,NYM,ATL,46.1675921482945,63.847983611293685,4.7,3.86,0.0,0.0,0.2,0.6,
718399,2023,2023-04-29,mlb,WSN,PIT,40.88283012079975,41.66652411136119,8.45,5.41,0.0,0.0,0.5,0.9,
718382,2023,2023-04-28,mlb,LAD,STL,52.881054097750265,45.332448715953014,2.63,4.99,0.0,0.0,0.5,0.3,1.0
718398,2023,2023-04-27,mlb,NYM,WSN,46.1675921482945,40.88283012079975,2.89,5.55,0.0,0.0,0.5,0.5,1.0
718396,2023,2023-04-27,mlb,CHW,TBR,37.820530657144026,50.04796368550927,4.58,3.29,0.0,0.0,0.1,0.7,0.0
718400,2023,2023-04-27,mlb,MIN,KCR,46.9927878392028,41.450972950495625,3.16,5.06,0.0,0.0,0.4,0.2,1.0
718397,2023,2023-04-27,mlb,TEX,NYY,53.49300527607529,43.555057943600616,4.15,2.63,0.0,0.0,0.6,0.5,0.0
718387,2023,2023-04-28,mlb,MIN,KCR,46.9927878392028,41.450972950495625,3.66,6.28,0.0,0.0,0.5,0.2,1.0
718391,2023,2023-04-28,mlb,MIA,CHC,44.96868169547329,49.69176903948828,3.58,3.95,0.0,0.0,0.4444444444444444,0.6,1.0
718392,2023,2023-04-28,mlb,TOR,SEA,48.81365443114781,49.02919211539274,5.87,3.34,1.0,0.0,0.6,0.4,1.0
718395,2023,2023-04-28,mlb,BOS,CLE,47.295496550395896,39.04999341574157,4.04,3.8,1.0,1.0,0.5,0.3333333333333333,0.0
718394,2023,2023-04-28,mlb,NYM,ATL,46.1675921482945,63.847983611293685,5.03,2.55,0.0,0.0,0.5,0.5,0.0
718393,2023,2023-04-28,mlb,CHW,TBR,37.820530657144026,50.04796368550927,4.88,3.5,0.0,0.0,0.1,0.7,0.0
718388,2023,2023-04-28,mlb,TEX,NYY,53.49300527607529,43.555057943600616,2.67,4.64,0.0,0.0,0.5,0.5,1.0
718389,2023,2023-04-28,mlb,HOU,PHI,52.26159782076136,52.042264664363394,3.45,4.46,1.0,0.0,0.7,0.7,0.0
718386,2023,2023-04-28,mlb,MIL,LAA,44.26372698544554,44.88797413928977,3.14,5.43,1.0,0.0,0.6,0.6,1.0
718390,2023,2023-04-28,mlb,COL,ARI,40.803785600090585,46.61703093617329,5.03,3.29,1.0,1.0,0.3,0.5,0.0
718380,2023,2023-04-28,mlb,ATH,CIN,36.13080527686773,44.78260134821402,9.0,9.0,0.0,1.0,0.2,0.4,0.0
718401,2023,2023-04-29,mlb,DET,BAL,41.6807004965427,48.236146371587125,3.3,4.35,0.0,0.0,0.4,0.8,
718364,2023,2023-04-30,mlb,MIA,CHC,44.96868169547329,49.69176903948828,5.48,3.06,0.0,0.0,0.4444444444444444,0.4,1.0
718370,2023,2023-04-30,mlb,BOS,CLE,47.295496550395896,39.04999341574157,4.3,3.81,0.0,0.0,0.5,0.4444444444444444,1.0
718367,2023,2023-04-30,mlb,WSN,PIT,40.88283012079975,41.66652411136119,3.91,4.31,0.0,0.0,0.4444444444444444,0.8888888888888888,1.0
718347,2023,2023-05-02,mlb,TBR,PIT,50.04796368550927,41.66652411136119,6.05,6.59,1.0,1.0,0.7,0.7777777777777778,1.0
718346,2023,2023-05-02,mlb,MIA,ATL,44.96868169547329,63.847983611293685,4.14,3.81,1.0,0.0,0.5555555555555556,0.5,0.0
718344,2023,2023-05-02,mlb,WSN,CHC,40.88283012079975,49.69176903948828,5.55,4.63,0.0,0.0,0.5555555555555556,0.4,1.0
718339,2023,2023-05-02,mlb,NYY,CLE,43.555057943600616,39.04999341574157,2.63,2.98,0.0,0.0,0.3,0.4444444444444444,1.0
718341,2023,2023-05-02,mlb,BOS,TOR,47.295496550395896,48.81365443114781,5.01,3.86,0.0,0.0,0.6,0.7,1.0
718340,2023,2023-05-02,mlb,CHW,MIN,37.820530657144026,46.9927878392028,5.43,4.51,1.0,1.0,0.1,0.6,1.0
718336,2023,2023-05-02,mlb,KCR,BAL,41.450972950495625,48.236146371587125,4.52,3.64,1.0,1.0,0.3,0.7777777777777778,0.0
718338,2023,2023-05-02,mlb,STL,LAA,45.332448715953014,44.88797413928977,3.86,4.11,1.0,1.0,0.2,0.6,0.0
718342,2023,2023-05-02,mlb,TEX,ARI,53.49300527607529,46.61703093617329,4.12,3.47,1.0,1.0,0.5,0.5,1.0
718337,2023,2023-05-02,mlb,HOU,SFG,52.26159782076136,41.21396826950983,5.09,4.88,0.0,0.0,0.7,0.5,0.0
718334,2023,2023-05-02,mlb,COL,MIL,40.803785600090585,44.26372698544554,5.82,3.86,1.0,1.0,0.4,0.5,1.0
718335,2023,2023-05-02,mlb,SDP,CIN,47.896637273871,44.78260134821402,3.22,4.76,0.0,0.0,0.7,0.5,0.0
718332,2023,2023-05-02,mlb,ATH,SEA,36.13080527686773,49.02919211539274,3.78,4.32,1.0,1.0,0.3,0.4,0.0
718331,2023,2023-05-02,mlb,LAD,PHI,52.881054097750265,52.042264664363394,4.6,3.29,0.0,0.0,0.7,0.7,1.0
718343,2023,2023-05-01,mlb,LAD,PHI,52.881054097750265,52.042264664363394,4.98,4.38,0.0,0.0,0.7,0.7,1.0
718345,2023,2023-05-01,mlb,SDP,CIN,47.896637273871,44.78260134821402,2.25,6.4,0.0,0.0,0.7,0.5,1.0
718350,2023,2023-05-01,mlb,HOU,SFG,52.26159782076136,41.21396826950983,4.0,5.36,0.0,0.0,0.7,0.5,1.0
718353,2023,2023-05-01,mlb,BOS,TOR,47.295496550395896,48.81365443114781,7.04,3.65,0.0,0.0,0.6,0.7,1.0
718363,2023,2023-04-30,mlb,TOR,SEA,48.81365443114781,49.02919211539274,3.6,5.22,0.0,0.0,0.8,0.3,0.0
718360,2023,2023-04-30,mlb,DET,BAL,41.6807004965427,48.236146371587125,7.26,2.83,0.0,0.0,0.3333333333333333,0.7777777777777778,0.0
718362,2023,2023-04-30,mlb,MIN,KCR,46.9927878392028,41.450972950495625,2.79,5.52,0.0,0.0,0.5,0.3,1.0
718355,2023,2023-04-30,mlb,CHW,TBR,37.820530657144026,50.04796368550927,3.77,2.62,0.0,0.0,0.0,0.8,1.0
718365,2023,2023-04-30,mlb,MIL,LAA,44.26372698544554,44.88797413928977,4.55,8.29,0.0,0.0,0.6,0.5,0.0
718356,2023,2023-04-30,mlb,TEX,NYY,53.49300527607529,43.555057943600616,4.45,4.97,0.0,0.0,0.5,0.4,1.0
718358,2023,2023-04-30,mlb,COL,ARI,40.803785600090585,46.61703093617329,5.5,5.31,0.0,0.0,0.3,0.5,1.0
718405,2023,2023-04-27,mlb,DET,BAL,41.6807004965427,48.236146371587125,6.9,4.73,0.0,0.0,0.5,0.8,0.0
718368,2023,2023-04-30,mlb,SDP,SFG,47.896637273871,41.21396826950983,4.56,3.87,0.0,0.0,0.6,0.6,1.0
718359,2023,2023-04-30,mlb,LAD,STL,52.881054097750265,45.332448715953014,6.5,6.23,0.0,0.0,0.6,0.3,1.0
718354,2023,2023-04-30,mlb,HOU,PHI,52.26159782076136,52.042264664363394,5.29,5.36,0.0,0.0,0.6,0.8,1.0
718352,2023,2023-05-01,mlb,NYM,ATL,46.1675921482945,63.847983611293685,7.78,3.86,2.0,2.0,0.4,0.5,0.0
718361,2023,2023-05-01,mlb,NYM,ATL,46.1675921482945,63.847983611293685,4.7,3.64,0.0,0.0,0.4,0.5,1.0
718349,2023,2023-05-01,mlb,WSN,CHC,40.88283012079975,49.69176903948828,4.42,5.0,0.0,0.0,0.5555555555555556,0.3,0.0
718351,2023,2023-05-01,mlb,NYY,CLE,43.555057943600616,39.04999341574157,4.56,5.24,0.0,0.0,0.3,0.4444444444444444,0.0
718357,2023,2023-04-30,mlb,ATH,CIN,36.13080527686773,44.78260134821402,5.36,6.29,0.0,0.0,0.2,0.5,1.0
718348,2023,2023-05-03,mlb,DET,NYM,41.6807004965427,46.1675921482945,6.9,2.89,2.0,1.0,0.3333333333333333,0.4,1.0
718402,2023,2023-04-27,mlb,LAA,ATH,44.88797413928977,36.13080527686773,3.14,4.54,0.0,0.0,0.6,0.2,1.0
718406,2023,2023-04-27,mlb,CHC,SDP,49.69176903948828,47.896637273871,4.63,3.57,0.0,0.0,0.6,0.5,1.0
718457,2023,2023-04-23,mlb,TBR,CHW,50.04796368550927,37.820530657144026,3.5,4.88,0.0,0.0,0.7,0.2,1.0
718460,2023,2023-04-23,mlb,CLE,MIA,39.04999341574157,44.96868169547329,3.81,3.58,0.0,0.0,0.3333333333333333,0.7777777777777778,1.0
718454,2023,2023-04-23,mlb,MIN,WSN,46.9927878392028,40.88283012079975,3.43,5.2,0.0,0.0,0.4,0.4,1.0
718461,2023,2023-04-23,mlb,MIL,BOS,44.26372698544554,47.295496550395896,3.39,4.24,0.0,0.0,0.7,0.6,0.0
718451,2023,2023-04-23,mlb,CHC,LAD,49.69176903948828,52.881054097750265,3.95,2.46,0.0,0.0,0.6,0.5,0.0
718453,2023,2023-04-23,mlb,TEX,ATH,53.49300527607529,36.13080527686773,2.67,7.6,0.0,0.0,0.7,0.2,1.0
718452,2023,2023-04-23,mlb,LAA,KCR,44.88797413928977,41.450972950495625,4.48,6.28,0.0,0.0,0.4,0.2,1.0
718456,2023,2023-04-23,mlb,ARI,SDP,46.61703093617329,47.896637273871,3.32,4.56,0.0,0.0,0.5,0.4,0.0
718450,2023,2023-04-23,mlb,SEA,STL,49.02919211539274,45.332448715953014,6.86,4.99,0.0,0.0,0.6,0.4,0.0
718455,2023,2023-04-23,mlb,SFG,NYM,41.21396826950983,46.1675921482945,5.36,4.7,0.0,0.0,0.3,0.8,1.0
718448,2023,2023-04-24,mlb,CLE,COL,39.04999341574157,40.803785600090585,5.24,5.5,0.0,0.0,0.4444444444444444,0.1,0.0
718447,2023,2023-04-24,mlb,BAL,BOS,48.236146371587125,47.295496550395896,4.12,4.3,0.0,0.0,0.8,0.7,1.0
718449,2023,2023-04-24,mlb,TBR,HOU,50.04796368550927,52.26159782076136,5.59,5.29,0.0,0.0,0.7,0.7,1.0
718445,2023,2023-04-24,mlb,CIN,TEX,44.78260134821402,53.49300527607529,6.29,3.63,0.0,0.0,0.2,0.7,1.0
718444,2023,2023-04-24,mlb,TOR,CHW,48.81365443114781,37.820530657144026,3.6,5.73,0.0,0.0,0.5,0.2,1.0
718465,2023,2023-04-23,mlb,NYY,TOR,43.555057943600616,48.81365443114781,4.64,3.16,0.0,0.0,0.6,0.5,0.0
718443,2023,2023-04-24,mlb,ATL,MIA,63.847983611293685,44.96868169547329,3.86,4.24,0.0,0.0,0.6,0.6666666666666666,1.0
718462,2023,2023-04-23,mlb,ATL,HOU,63.847983611293685,52.26159782076136,2.55,4.56,0.0,0.0,0.7,0.6,0.0
718459,2023,2023-04-23,mlb,BAL,DET,48.236146371587125,41.6807004965427,4.35,3.3,0.0,0.0,0.8,0.5,1.0
718479,2023,2023-04-22,mlb,CHC,LAD,49.69176903948828,52.881054097750265,4.63,2.63,0.0,0.0,0.7,0.4,0.0
718475,2023,2023-04-22,mlb,PHI,COL,52.042264664363394,40.803785600090585,3.44,5.03,0.0,0.0,0.5,0.1,1.0
718473,2023,2023-04-22,mlb,CLE,MIA,39.04999341574157,44.96868169547329,3.8,6.45,2.0,2.0,0.5,0.7,0.0
718478,2023,2023-04-22,mlb,SFG,NYM,41.21396826950983,46.1675921482945,3.25,5.03,0.0,0.0,0.2,0.8,1.0
718477,2023,2023-04-22,mlb,TBR,CHW,50.04796368550927,37.820530657144026,3.29,4.58,0.0,0.0,0.7,0.3,1.0
718474,2023,2023-04-22,mlb,PIT,CIN,41.66652411136119,44.78260134821402,5.41,9.0,0.0,0.0,0.7,0.3,1.0
718472,2023,2023-04-22,mlb,BAL,DET,48.236146371587125,41.6807004965427,4.73,6.9,0.0,0.0,0.8,0.5,1.0
718469,2023,2023-04-22,mlb,TEX,ATH,53.49300527607529,36.13080527686773,4.15,7.18,0.0,0.0,0.7,0.2,1.0
718470,2023,2023-04-22,mlb,MIL,BOS,44.26372698544554,47.295496550395896,3.14,5.15,0.0,0.0,0.7,0.6,1.0
718471,2023,2023-04-22,mlb,ATL,HOU,63.847983611293685,52.26159782076136,6.97,3.45,0.0,0.0,0.8,0.6,0.0
718467,2023,2023-04-22,mlb,ARI,SDP,46.61703093617329,47.896637273871,3.29,3.05,0.0,0.0,0.5,0.3,0.0
718466,2023,2023-04-22,mlb,LAA,KCR,44.88797413928977,41.450972950495625,5.43,5.06,0.0,0.0,0.5,0.1,0.0
718464,2023,2023-04-22,mlb,SEA,STL,49.02919211539274,45.332448715953014,3.34,4.78,0.0,0.0,0.5,0.5,1.0
718458,2023,2023-04-23,mlb,PHI,COL,52.042264664363394,40.803785600090585,3.61,6.45,0.0,0.0,0.6,0.1,1.0
718463,2023,2023-04-23,mlb,PIT,CIN,41.66652411136119,44.78260134821402,3.86,4.82,0.0,0.0,0.8,0.3,1.0
718442,2023,2023-04-24,mlb,MIN,NYY,46.9927878392028,43.555057943600616,2.79,4.28,0.0,0.0,0.4,0.5,1.0
718441,2023,2023-04-24,mlb,MIL,DET,44.26372698544554,41.6807004965427,4.55,5.45,0.0,0.0,0.7,0.5,0.0
718437,2023,2023-04-24,mlb,LAA,ATH,44.88797413928977,36.13080527686773,8.29,5.36,0.0,0.0,0.4,0.1,0.0
718421,2023,2023-04-26,mlb,CLE,COL,39.04999341574157,40.803785600090585,2.98,4.95,0.0,0.0,0.3333333333333333,0.3,1.0
718417,2023,2023-04-26,mlb,MIN,NYY,46.9927878392028,43.555057943600616,4.23,4.56,0.0,0.0,0.4,0.5,0.0
718419,2023,2023-04-26,mlb,MIL,DET,44.26372698544554,41.6807004965427,3.86,4.18,0.0,0.0,0.5,0.6,1.0
718418,2023,2023-04-26,mlb,ARI,KCR,46.61703093617329,41.450972950495625,3.47,4.52,0.0,0.0,0.5,0.2,1.0
718413,2023,2023-04-26,mlb,PIT,LAD,41.66652411136119,52.881054097750265,6.59,4.98,0.0,0.0,0.8,0.6,1.0
718414,2023,2023-04-26,mlb,TBR,HOU,50.04796368550927,52.26159782076136,7.01,5.09,0.0,0.0,0.7,0.7,0.0
718415,2023,2023-04-26,mlb,PHI,SEA,52.042264664363394,49.02919211539274,4.38,3.73,0.0,0.0,0.6,0.6,1.0
718412,2023,2023-04-26,mlb,NYM,WSN,46.1675921482945,40.88283012079975,2.98,4.42,0.0,0.0,0.6,0.4,0.0
718411,2023,2023-04-26,mlb,ATL,MIA,63.847983611293685,44.96868169547329,3.81,4.14,0.0,0.0,0.6,0.4444444444444444,1.0
718407,2023,2023-04-26,mlb,CHC,SDP,49.69176903948828,47.896637273871,5.0,3.22,0.0,0.0,0.6,0.5,0.0
718408,2023,2023-04-26,mlb,LAA,ATH,44.88797413928977,36.13080527686773,4.11,5.42,0.0,0.0,0.5,0.2,1.0
718423,2023,2023-04-26,mlb,SFG,STL,41.21396826950983,45.332448715953014,4.88,3.86,0.0,0.0,0.5,0.3,1.0
718410,2023,2023-04-27,mlb,ATL,MIA,63.847983611293685,44.96868169547329,6.97,3.66,0.0,0.0,0.6,0.3333333333333333,0.0
718403,2023,2023-04-27,mlb,PIT,LAD,41.66652411136119,52.881054097750265,4.21,4.6,0.0,0.0,0.8,0.5,1.0
718404,2023,2023-04-27,mlb,PHI,SEA,52.042264664363394,49.02919211539274,3.29,3.35,0.0,0.0,0.7,0.5,1.0
718420,2023,2023-04-26,mlb,TOR,CHW,48.81365443114781,37.820530657144026,3.86,5.43,0.0,0.0,0.6,0.2,1.0
718416,2023,2023-04-26,mlb,BAL,BOS,48.236146371587125,47.295496550395896,3.64,5.01,0.0,0.0,0.8,0.6,1.0
718424,2023,2023-04-26,mlb,CIN,TEX,44.78260134821402,53.49300527607529,4.76,4.12,0.0,0.0,0.3,0.6,1.0
718439,2023,2023-04-25,mlb,SFG,STL,41.21396826950983,45.332448715953014,3.99,6.23,0.0,0.0,0.4,0.4,1.0
718438,2023,2023-04-24,mlb,ARI,KCR,46.61703093617329,41.450972950495625,4.15,4.57,0.0,0.0,0.4,0.2,1.0
718446,2023,2023-04-24,mlb,SFG,STL,41.21396826950983,45.332448715953014,3.87,3.2,0.0,0.0,0.3,0.4,1.0
718440,2023,2023-04-25,mlb,CLE,COL,39.04999341574157,40.803785600090585,5.19,5.82,0.0,0.0,0.4444444444444444,0.2,0.0
718435,2023,2023-04-25,mlb,BAL,BOS,48.236146371587125,47.295496550395896,2.83,7.04,0.0,0.0,0.9,0.6,0.0
718432,2023,2023-04-25,mlb,PIT,LAD,41.66652411136119,52.881054097750265,4.31,6.5,1.0,1.0,0.8,0.5,0.0
718436,2023,2023-04-25,mlb,TBR,HOU,50.04796368550927,52.26159782076136,2.62,4.0,0.0,0.0,0.7,0.6,0.0
718434,2023,2023-04-25,mlb,CIN,TEX,44.78260134821402,53.49300527607529,6.4,4.45,0.0,0.0,0.3,0.7,1.0
718409,2023,2023-04-27,mlb,SFG,STL,41.21396826950983,45.332448715953014,3.25,4.78,0.0,0.0,0.6,0.3,0.0
718430,2023,2023-04-25,mlb,PHI,SEA,52.042264664363394,49.02919211539274,5.36,5.22,1.0,1.0,0.7,0.6,0.0
718431,2023,2023-04-25,mlb,NYM,WSN,46.1675921482945,40.88283012079975,3.64,3.91,1.0,1.0,0.7,0.3,0.0
718429,2023,2023-04-25,mlb,ATL,MIA,63.847983611293685,44.96868169547329,3.64,5.48,0.0,0.0,0.6,0.5555555555555556,1.0
718426,2023,2023-04-25,mlb,CHC,SDP,49.69176903948828,47.896637273871,3.06,2.25,1.0,1.0,0.6,0.5,1.0
718427,2023,2023-04-25,mlb,MIN,NYY,46.9927878392028,43.555057943600616,4.51,4.97,0.0,0.0,0.4,0.5,1.0
718428,2023,2023-04-25,mlb,MIL,DET,44.26372698544554,41.6807004965427,6.56,7.26,0.0,0.0,0.6,0.6,0.0
718425,2023,2023-04-25,mlb,LAA,ATH,44.88797413928977,36.13080527686773,4.32,3.78,0.0,0.0,0.4,0.2,1.0
718422,2023,2023-04-25,mlb,ARI,KCR,46.61703093617329,41.450972950495625,5.31,5.52,0.0,0.0,0.5,0.1,0.0
718433,2023,2023-04-25,mlb,TOR,CHW,48.81365443114781,37.820530657144026,3.65,3.77,0.0,0.0,0.6,0.2,1.0
718329,2023,2023-05-03,mlb,DET,NYM,41.6807004965427,46.1675921482945,4.18,3.77,0.0,0.0,0.4444444444444444,0.3,1.0
718325,2023,2023-05-03,mlb,TEX,ARI,53.49300527607529,46.61703093617329,4.15,5.72,0.0,0.0,0.6,0.5,0.0
718326,2023,2023-05-03,mlb,HOU,SFG,52.26159782076136,41.21396826950983,3.45,3.25,0.0,0.0,0.6,0.6,0.0
718229,2023,2023-05-10,mlb,SEA,TEX,49.02919211539274,53.49300527607529,3.34,3.7,0.0,0.0,0.7,0.7,0.0
718226,2023,2023-05-10,mlb,ARI,MIA,46.61703093617329,44.96868169547329,3.29,4.24,0.0,0.0,0.6,0.4,0.0
718230,2023,2023-05-10,mlb,SFG,WSN,41.21396826950983,40.88283012079975,4.44,3.91,0.0,0.0,0.5,0.6,0.0
718233,2023,2023-05-10,mlb,PHI,TOR,52.042264664363394,48.81365443114781,3.61,3.16,0.0,0.0,0.4,0.4,1.0
718235,2023,2023-05-10,mlb,LAA,HOU,44.88797413928977,52.26159782076136,4.32,4.56,0.0,0.0,0.6,0.4,0.0
718227,2023,2023-05-10,mlb,BAL,TBR,48.236146371587125,50.04796368550927,4.12,5.95,0.0,0.0,0.5555555555555556,0.7,1.0
718225,2023,2023-05-10,mlb,CIN,NYM,44.78260134821402,46.1675921482945,4.82,3.22,0.0,0.0,0.5,0.2,0.0
718220,2023,2023-05-10,mlb,ATL,BOS,63.847983611293685,47.295496550395896,4.18,4.24,0.0,0.0,0.8,0.8,0.0
718221,2023,2023-05-10,mlb,CHC,STL,49.69176903948828,45.332448715953014,3.06,3.2,0.0,0.0,0.3,0.3,1.0
718224,2023,2023-05-10,mlb,MIN,SDP,46.9927878392028,47.896637273871,3.66,3.57,0.0,0.0,0.4,0.6,1.0
718222,2023,2023-05-10,mlb,KCR,CHW,41.450972950495625,37.820530657144026,4.57,5.73,0.0,0.0,0.4,0.6,1.0
718223,2023,2023-05-11,mlb,CIN,NYM,44.78260134821402,46.1675921482945,3.6,2.98,0.0,0.0,0.4,0.3,1.0
718216,2023,2023-05-11,mlb,MIN,SDP,46.9927878392028,47.896637273871,3.43,4.56,0.0,0.0,0.4,0.6,1.0
718218,2023,2023-05-11,mlb,KCR,CHW,41.450972950495625,37.820530657144026,5.52,3.77,0.0,0.0,0.4,0.6,1.0
718219,2023,2023-05-11,mlb,NYY,TBR,43.555057943600616,50.04796368550927,4.56,2.62,0.0,0.0,0.6,0.6,0.0
718228,2023,2023-05-10,mlb,MIL,LAD,44.26372698544554,52.881054097750265,3.14,2.46,0.0,0.0,0.3,0.8,0.0
718215,2023,2023-05-11,mlb,ARI,SFG,46.61703093617329,41.21396826950983,4.15,3.87,0.0,0.0,0.5,0.5,0.0
718234,2023,2023-05-10,mlb,CLE,DET,39.04999341574157,41.6807004965427,5.19,3.3,0.0,0.0,0.4,0.6666666666666666,0.0
718231,2023,2023-05-10,mlb,PIT,COL,41.66652411136119,40.803785600090585,5.41,4.7,0.0,0.0,0.1111111111111111,0.7,0.0
718248,2023,2023-05-09,mlb,CLE,DET,39.04999341574157,41.6807004965427,3.8,4.18,0.0,0.0,0.4,0.7777777777777778,1.0
718252,2023,2023-05-09,mlb,PIT,COL,41.66652411136119,40.803785600090585,4.78,7.52,0.0,0.0,0.2222222222222222,0.6,0.0
718246,2023,2023-05-09,mlb,BAL,TBR,48.236146371587125,50.04796368550927,4.35,3.5,0.0,0.0,0.4444444444444444,0.8,1.0
718243,2023,2023-05-09,mlb,CIN,NYM,44.78260134821402,46.1675921482945,6.4,5.03,1.0,1.0,0.5,0.3,1.0
718244,2023,2023-05-09,mlb,PHI,TOR,52.042264664363394,48.81365443114781,4.46,5.87,1.0,1.0,0.4,0.5,1.0
718247,2023,2023-05-09,mlb,NYY,ATH,43.555057943600616,36.13080527686773,4.64,9.0,0.0,0.0,0.4,0.3,1.0
718245,2023,2023-05-09,mlb,ATL,BOS,63.847983611293685,47.295496550395896,3.64,4.04,1.0,1.0,0.7,0.8,1.0
718240,2023,2023-05-09,mlb,CHC,STL,49.69176903948828,45.332448715953014,4.84,4.99,0.0,0.0,0.3,0.2,0.0
718242,2023,2023-05-09,mlb,MIN,SDP,46.9927878392028,47.896637273871,4.63,3.22,1.0,1.0,0.5,0.6,0.0
718238,2023,2023-05-09,mlb,KCR,CHW,41.450972950495625,37.820530657144026,6.28,4.88,0.0,0.0,0.4,0.5,0.0
718241,2023,2023-05-09,mlb,MIL,LAD,44.26372698544554,52.881054097750265,6.56,6.5,0.0,0.0,0.4,0.8,0.0
718237,2023,2023-05-09,mlb,LAA,HOU,44.88797413928977,52.26159782076136,3.14,3.45,0.0,0.0,0.6,0.3,0.0
718239,2023,2023-05-09,mlb,SEA,TEX,49.02919211539274,53.49300527607529,3.35,4.15,0.0,0.0,0.6,0.7,1.0
718236,2023,2023-05-09,mlb,ARI,MIA,46.61703093617329,44.96868169547329,5.72,3.58,0.0,0.0,0.7,0.4,0.0
718250,2023,2023-05-09,mlb,SFG,WSN,41.21396826950983,40.88283012079975,3.25,5.2,0.0,0.0,0.4,0.6666666666666666,1.0
718232,2023,2023-05-10,mlb,NYY,ATH,43.555057943600616,36.13080527686773,4.28,7.6,0.0,0.0,0.5,0.3,1.0
718217,2023,2023-05-11,mlb,ATH,TEX,36.13080527686773,53.49300527607529,5.42,3.63,0.0,0.0,0.3,0.7,0.0
718208,2023,2023-05-12,mlb,DET,SEA,41.6807004965427,49.02919211539274,5.45,5.22,1.0,1.0,0.7,0.7,0.0
718212,2023,2023-05-12,mlb,MIA,CIN,44.96868169547329,44.78260134821402,3.15,4.76,1.0,0.0,0.4,0.4,0.0
718196,2023,2023-05-13,mlb,BOS,STL,47.295496550395896,45.332448715953014,4.3,3.86,0.0,0.0,0.7,0.4,0.0
718191,2023,2023-05-13,mlb,CLE,LAA,39.04999341574157,44.88797413928977,5.24,4.48,0.0,0.0,0.4,0.6,1.0
718193,2023,2023-05-13,mlb,BAL,PIT,48.236146371587125,41.66652411136119,3.64,6.59,0.0,0.0,0.6,0.1,1.0
718183,2023,2023-05-13,mlb,MIL,KCR,44.26372698544554,41.450972950495625,4.12,5.06,0.0,0.0,0.3,0.5,1.0
718185,2023,2023-05-13,mlb,LAD,SDP,52.881054097750265,47.896637273871,4.6,3.05,0.0,0.0,0.8,0.4,1.0
718189,2023,2023-05-13,mlb,CHW,HOU,37.820530657144026,52.26159782076136,4.58,3.83,0.0,0.0,0.4,0.5,1.0
718184,2023,2023-05-13,mlb,ARI,SFG,46.61703093617329,41.21396826950983,3.47,4.88,0.0,0.0,0.5,0.6,1.0
718188,2023,2023-05-13,mlb,COL,PHI,40.803785600090585,52.042264664363394,5.82,4.18,0.0,0.0,0.7,0.4,0.0
718182,2023,2023-05-14,mlb,CLE,LAA,39.04999341574157,44.88797413928977,2.98,4.11,0.0,0.0,0.4,0.5,1.0
718179,2023,2023-05-14,mlb,BAL,PIT,48.236146371587125,41.66652411136119,4.73,4.21,0.0,0.0,0.6,0.1,0.0
718180,2023,2023-05-14,mlb,NYY,TBR,43.555057943600616,50.04796368550927,4.64,3.5,0.0,0.0,0.7,0.5,0.0
718181,2023,2023-05-14,mlb,TOR,ATL,48.81365443114781,63.847983611293685,3.86,4.3,0.0,0.0,0.5,0.6,1.0
718173,2023,2023-05-14,mlb,DET,SEA,41.6807004965427,49.02919211539274,6.9,3.73,0.0,0.0,0.6,0.7,1.0
718178,2023,2023-05-14,mlb,MIA,CIN,44.96868169547329,44.78260134821402,3.66,6.4,0.0,0.0,0.3,0.6,1.0
718190,2023,2023-05-13,mlb,ATH,TEX,36.13080527686773,53.49300527607529,6.34,4.12,0.0,0.0,0.3,0.6,0.0
718203,2023,2023-05-13,mlb,WSN,NYM,40.88283012079975,46.1675921482945,5.55,5.61,0.0,0.0,0.6,0.3,1.0
718192,2023,2023-05-13,mlb,TOR,ATL,48.81365443114781,63.847983611293685,3.65,3.81,0.0,0.0,0.4,0.6,1.0
718195,2023,2023-05-13,mlb,MIN,CHC,46.9927878392028,49.69176903948828,4.51,4.63,0.0,0.0,0.4,0.4,1.0
718214,2023,2023-05-12,mlb,WSN,NYM,40.88283012079975,46.1675921482945,4.42,4.7,1.0,0.0,0.6,0.3,0.0
718213,2023,2023-05-12,mlb,BAL,PIT,48.236146371587125,41.66652411136119,2.83,4.31,1.0,1.0,0.6,0.1,1.0
718210,2023,2023-05-12,mlb,NYY,TBR,43.555057943600616,50.04796368550927,2.63,5.87,0.0,0.0,0.6,0.7,1.0
718206,2023,2023-05-12,mlb,TOR,ATL,48.81365443114781,63.847983611293685,3.6,3.86,1.0,1.0,0.3,0.7,1.0
718205,2023,2023-05-12,mlb,CLE,LAA,39.04999341574157,44.88797413928977,3.81,5.43,1.0,1.0,0.4,0.6,0.0
718211,2023,2023-05-12,mlb,BOS,STL,47.295496550395896,45.332448715953014,4.5,7.4,1.0,1.0,0.8,0.3,0.0
718209,2023,2023-05-12,mlb,MIN,CHC,46.9927878392028,49.69176903948828,2.79,5.0,0.0,1.0,0.5,0.4,0.0
718260,2023,2023-05-08,mlb,SFG,WSN,41.21396826950983,40.88283012079975,4.88,4.61,0.0,0.0,0.5,0.5555555555555556,0.0
718207,2023,2023-05-12,mlb,CHW,HOU,37.820530657144026,52.26159782076136,5.43,3.83,0.0,1.0,0.5,0.5,0.0
718202,2023,2023-05-12,mlb,COL,PHI,40.803785600090585,52.042264664363394,5.5,4.38,1.0,1.0,0.8,0.4,0.0
718199,2023,2023-05-12,mlb,ARI,SFG,46.61703093617329,41.21396826950983,5.31,3.99,0.0,0.0,0.4,0.6,1.0
718200,2023,2023-05-12,mlb,ATH,TEX,36.13080527686773,53.49300527607529,5.36,4.45,0.0,0.0,0.2,0.7,1.0
718201,2023,2023-05-12,mlb,LAD,SDP,52.881054097750265,47.896637273871,2.63,2.25,1.0,0.0,0.8,0.5,1.0
718197,2023,2023-05-13,mlb,NYY,TBR,43.555057943600616,50.04796368550927,4.97,3.29,0.0,0.0,0.7,0.6,1.0
718194,2023,2023-05-13,mlb,DET,SEA,41.6807004965427,49.02919211539274,4.45,4.32,0.0,0.0,0.7,0.7,0.0
718198,2023,2023-05-13,mlb,MIA,CIN,44.96868169547329,44.78260134821402,4.14,3.6,0.0,0.0,0.3,0.5,0.0
718204,2023,2023-05-12,mlb,MIL,KCR,44.26372698544554,41.450972950495625,3.39,8.15,1.0,0.0,0.2,0.5,1.0
718249,2023,2023-05-08,mlb,ARI,MIA,46.61703093617329,44.96868169547329,3.47,3.66,0.0,0.0,0.6,0.5,1.0
718251,2023,2023-05-08,mlb,SEA,TEX,49.02919211539274,53.49300527607529,3.73,4.12,0.0,0.0,0.6,0.6,0.0
718254,2023,2023-05-08,mlb,LAA,HOU,44.88797413928977,52.26159782076136,4.11,5.09,0.0,0.0,0.6,0.4,1.0
718308,2023,2023-05-04,mlb,MIA,ATL,44.96868169547329,63.847983611293685,3.58,7.6,0.0,0.0,0.4,0.7,0.0
718316,2023,2023-05-04,mlb,BOS,TOR,47.295496550395896,48.81365443114781,4.24,3.16,0.0,0.0,0.7,0.6,1.0
718303,2023,2023-05-05,mlb,CHC,MIA,49.69176903948828,44.96868169547329,3.06,4.24,0.0,0.0,0.3,0.4,1.0
718307,2023,2023-05-05,mlb,PIT,TOR,41.66652411136119,48.81365443114781,5.41,3.6,0.0,0.0,0.4444444444444444,0.5,0.0
718305,2023,2023-05-05,mlb,CIN,CHW,44.78260134821402,37.820530657144026,4.82,5.73,1.0,0.0,0.6,0.3,0.0
718300,2023,2023-05-05,mlb,TBR,NYY,50.04796368550927,43.555057943600616,5.4,4.28,0.0,1.0,0.7,0.4,1.0
718301,2023,2023-05-05,mlb,PHI,BOS,52.042264664363394,47.295496550395896,3.61,4.3,1.0,0.0,0.5,0.7,0.0
718302,2023,2023-05-05,mlb,NYM,COL,46.1675921482945,40.803785600090585,2.98,4.7,0.0,0.0,0.2,0.6,1.0
718306,2023,2023-05-05,mlb,CLE,MIN,39.04999341574157,46.9927878392028,5.19,3.43,1.0,0.0,0.4,0.6,0.0
718298,2023,2023-05-05,mlb,ATL,BAL,63.847983611293685,48.236146371587125,2.55,4.12,0.0,0.0,0.8,0.6666666666666666,0.0
718299,2023,2023-05-05,mlb,KCR,ATH,41.450972950495625,36.13080527686773,4.57,7.6,0.0,0.0,0.3,0.2,0.0
718292,2023,2023-05-05,mlb,STL,DET,45.332448715953014,41.6807004965427,3.2,5.45,0.0,0.0,0.1,0.6666666666666666,0.0
718294,2023,2023-05-05,mlb,LAA,TEX,44.88797413928977,53.49300527607529,5.43,3.7,0.0,1.0,0.7,0.5,1.0
718296,2023,2023-05-05,mlb,ARI,WSN,46.61703093617329,40.88283012079975,3.29,3.91,1.0,0.0,0.5,0.6666666666666666,1.0
718295,2023,2023-05-05,mlb,SDP,LAD,47.896637273871,52.881054097750265,4.56,2.46,1.0,1.0,0.7,0.8,1.0
718304,2023,2023-05-04,mlb,ATH,SEA,36.13080527686773,49.02919211539274,9.0,3.35,0.0,0.0,0.2,0.5,0.0
718313,2023,2023-05-04,mlb,COL,MIL,40.803785600090585,44.26372698544554,7.52,3.14,0.0,0.0,0.5,0.4,1.0
718310,2023,2023-05-04,mlb,CHW,MIN,37.820530657144026,46.9927878392028,4.88,3.66,0.0,0.0,0.3,0.6,0.0
718312,2023,2023-05-04,mlb,KCR,BAL,41.450972950495625,48.236146371587125,6.28,4.35,0.0,0.0,0.3,0.6666666666666666,0.0
718330,2023,2023-05-03,mlb,SDP,CIN,47.896637273871,44.78260134821402,3.57,9.0,0.0,0.0,0.6,0.6,1.0
718327,2023,2023-05-03,mlb,LAD,PHI,52.881054097750265,52.042264664363394,9.0,4.46,0.0,0.0,0.8,0.6,1.0
718328,2023,2023-05-03,mlb,TBR,PIT,50.04796368550927,41.66652411136119,3.29,4.21,0.0,0.0,0.7,0.6666666666666666,1.0
718321,2023,2023-05-03,mlb,MIA,ATL,44.96868169547329,63.847983611293685,3.66,6.97,0.0,0.0,0.4444444444444444,0.6,0.0
718333,2023,2023-05-03,mlb,WSN,CHC,40.88283012079975,49.69176903948828,4.61,3.95,0.0,0.0,0.5555555555555556,0.3,1.0
718324,2023,2023-05-03,mlb,NYY,CLE,43.555057943600616,39.04999341574157,4.64,3.8,0.0,0.0,0.3,0.4444444444444444,1.0
718323,2023,2023-05-03,mlb,BOS,TOR,47.295496550395896,48.81365443114781,4.04,5.87,0.0,0.0,0.6,0.6,1.0
718297,2023,2023-05-05,mlb,SEA,HOU,49.02919211539274,52.26159782076136,3.34,4.56,0.0,1.0,0.5,0.5,0.0
718322,2023,2023-05-03,mlb,CHW,MIN,37.820530657144026,46.9927878392028,4.58,4.63,0.0,0.0,0.2,0.6,1.0
718320,2023,2023-05-03,mlb,STL,LAA,45.332448715953014,44.88797413928977,4.78,3.14,0.0,0.0,0.2,0.6,0.0
718315,2023,2023-05-03,mlb,COL,MIL,40.803785600090585,44.26372698544554,5.03,6.56,0.0,0.0,0.4,0.4,1.0
718319,2023,2023-05-03,mlb,ATH,SEA,36.13080527686773,49.02919211539274,4.54,3.73,0.0,0.0,0.2,0.5,0.0
718317,2023,2023-05-04,mlb,WSN,CHC,40.88283012079975,49.69176903948828,5.2,4.84,0.0,0.0,0.5555555555555556,0.3,1.0
718318,2023,2023-05-04,mlb,DET,NYM,41.6807004965427,46.1675921482945,3.3,3.22,0.0,0.0,0.5555555555555556,0.2,1.0
718309,2023,2023-05-04,mlb,TBR,PIT,50.04796368550927,41.66652411136119,3.5,3.86,0.0,0.0,0.7,0.5555555555555556,1.0
718311,2023,2023-05-04,mlb,STL,LAA,45.332448715953014,44.88797413928977,4.99,4.32,0.0,0.0,0.2,0.7,0.0
718314,2023,2023-05-03,mlb,KCR,BAL,41.450972950495625,48.236146371587125,5.06,4.73,0.0,0.0,0.3,0.7777777777777778,1.0
718468,2023,2023-04-22,mlb,MIN,WSN,46.9927878392028,40.88283012079975,3.66,8.45,0.0,0.0,0.5,0.3,0.0
718293,2023,2023-05-05,mlb,SFG,MIL,41.21396826950983,44.26372698544554,4.44,3.39,1.0,0.0,0.6,0.3,1.0
718289,2023,2023-05-06,mlb,CHC,MIA,49.69176903948828,44.96868169547329,5.0,5.48,0.0,0.0,0.3,0.4,1.0
718272,2023,2023-05-07,mlb,STL,DET,45.332448715953014,41.6807004965427,3.86,4.45,0.0,0.0,0.1,0.6666666666666666,1.0
718269,2023,2023-05-07,mlb,CHC,MIA,49.69176903948828,44.96868169547329,4.63,4.14,0.0,0.0,0.4,0.4,0.0
718267,2023,2023-05-07,mlb,SFG,MIL,41.21396826950983,44.26372698544554,5.36,4.12,0.0,0.0,0.6,0.3,0.0
718264,2023,2023-05-07,mlb,LAA,TEX,44.88797413928977,53.49300527607529,8.29,4.45,0.0,0.0,0.7,0.5,0.0
718263,2023,2023-05-07,mlb,ARI,WSN,46.61703093617329,40.88283012079975,5.31,5.55,0.0,0.0,0.7,0.4444444444444444,0.0
718265,2023,2023-05-07,mlb,SEA,HOU,49.02919211539274,52.26159782076136,4.32,3.83,0.0,0.0,0.5,0.5,1.0
718262,2023,2023-05-07,mlb,CIN,CHW,44.78260134821402,37.820530657144026,4.76,5.43,0.0,0.0,0.6,0.4,0.0
718266,2023,2023-05-07,mlb,SDP,LAD,47.896637273871,52.881054097750265,3.05,4.6,0.0,0.0,0.6,0.7,0.0
718261,2023,2023-05-08,mlb,CLE,DET,39.04999341574157,41.6807004965427,2.98,6.9,0.0,0.0,0.5,0.6666666666666666,0.0
718258,2023,2023-05-08,mlb,PIT,COL,41.66652411136119,40.803785600090585,4.21,5.03,0.0,0.0,0.2222222222222222,0.6,1.0
718259,2023,2023-05-08,mlb,BAL,TBR,48.236146371587125,50.04796368550927,4.73,3.29,0.0,0.0,0.5555555555555556,0.8,0.0
718255,2023,2023-05-08,mlb,NYY,ATH,43.555057943600616,36.13080527686773,4.97,4.54,0.0,0.0,0.4,0.3,1.0
718256,2023,2023-05-08,mlb,CHC,STL,49.69176903948828,45.332448715953014,3.95,4.78,0.0,0.0,0.3,0.2,0.0
718253,2023,2023-05-08,mlb,KCR,CHW,41.450972950495625,37.820530657144026,5.06,4.58,0.0,0.0,0.3,0.5,1.0
718257,2023,2023-05-08,mlb,MIL,LAD,44.26372698544554,52.881054097750265,3.86,4.98,0.0,0.0,0.4,0.8,1.0
718268,2023,2023-05-07,mlb,KCR,ATH,41.450972950495625,36.13080527686773,4.52,3.78,0.0,0.0,0.2,0.3,1.0
718271,2023,2023-05-07,mlb,TBR,NYY,50.04796368550927,43.555057943600616,6.05,2.63,0.0,0.0,0.7,0.5,1.0
718273,2023,2023-05-07,mlb,CLE,MIN,39.04999341574157,46.9927878392028,5.24,4.51,0.0,0.0,0.4,0.5,1.0
718276,2023,2023-05-07,mlb,NYM,COL,46.1675921482945,40.803785600090585,2.89,5.82,0.0,0.0,0.3,0.6,0.0
718290,2023,2023-05-06,mlb,NYM,COL,46.1675921482945,40.803785600090585,4.7,5.5,0.0,0.0,0.3,0.6,0.0
718291,2023,2023-05-06,mlb,TBR,NYY,50.04796368550927,43.555057943600616,2.62,4.56,0.0,0.0,0.7,0.4,0.0
718285,2023,2023-05-06,mlb,CLE,MIN,39.04999341574157,46.9927878392028,3.81,2.79,0.0,0.0,0.3,0.6,1.0
718286,2023,2023-05-06,mlb,PIT,TOR,41.66652411136119,48.81365443114781,4.31,3.65,0.0,0.0,0.3333333333333333,0.5,0.0
718281,2023,2023-05-06,mlb,CIN,CHW,44.78260134821402,37.820530657144026,6.29,3.77,0.0,0.0,0.6,0.4,1.0
718280,2023,2023-05-06,mlb,KCR,ATH,41.450972950495625,36.13080527686773,5.52,5.36,0.0,0.0,0.3,0.2,0.0
718284,2023,2023-05-06,mlb,PHI,BOS,52.042264664363394,47.295496550395896,5.36,7.04,0.0,0.0,0.4,0.8,0.0
718288,2023,2023-05-06,mlb,STL,DET,45.332448715953014,41.6807004965427,7.4,7.26,0.0,0.0,0.1,0.6666666666666666,0.0
718283,2023,2023-05-06,mlb,ATL,BAL,63.847983611293685,48.236146371587125,3.86,2.83,0.0,0.0,0.7,0.6666666666666666,1.0
718282,2023,2023-05-06,mlb,ARI,WSN,46.61703093617329,40.88283012079975,4.15,4.42,0.0,0.0,0.6,0.5555555555555556,1.0
718279,2023,2023-05-06,mlb,SDP,LAD,47.896637273871,52.881054097750265,2.25,2.63,0.0,0.0,0.7,0.7,0.0
718275,2023,2023-05-06,mlb,LAA,TEX,44.88797413928977,53.49300527607529,4.48,3.63,0.0,0.0,0.8,0.4,0.0
718274,2023,2023-05-06,mlb,SEA,HOU,49.02919211539274,52.26159782076136,5.22,3.83,0.0,0.0,0.5,0.5,1.0
718277,2023,2023-05-07,mlb,ATL,BAL,63.847983611293685,48.236146371587125,3.81,3.64,0.0,0.0,0.7,0.6666666666666666,1.0
718278,2023,2023-05-07,mlb,PIT,TOR,41.66652411136119,48.81365443114781,6.59,3.86,0.0,0.0,0.3333333333333333,0.5,0.0
718270,2023,2023-05-07,mlb,PHI,BOS,52.042264664363394,47.295496550395896,4.38,5.01,0.0,0.0,0.4,0.8,1.0
718287,2023,2023-05-06,mlb,SFG,MIL,41.21396826950983,44.26372698544554,3.87,4.55,0.0,0.0,0.6,0.3,1.0
718476,2023,2023-04-22,mlb,NYY,TOR,43.555057943600616,48.81365443114781,2.63,5.87,0.0,0.0,0.6,0.6,1.0
718488,2023,2023-04-22,mlb,CLE,MIA,39.04999341574157,44.96868169547329,7.59,3.66,0.0,0.0,0.4,0.7,
718480,2023,2023-04-21,mlb,SFG,NYM,41.21396826950983,46.1675921482945,4.88,2.89,0.0,0.0,0.3,0.8,0.0
718693,2023,2023-04-07,mlb,NYM,MIA,46.1675921482945,44.96868169547329,4.7,4.24,1.0,1.0,0.42857142857142855,0.42857142857142855,1.0
718675,2023,2023-04-07,mlb,CHC,TEX,49.69176903948828,53.49300527607529,3.95,3.63,2.0,1.0,0.4,0.6666666666666666,1.0
718685,2023,2023-04-07,mlb,PHI,CIN,52.042264664363394,44.78260134821402,3.61,4.82,1.0,2.0,0.16666666666666666,0.6,1.0
718688,2023,2023-04-07,mlb,BAL,NYY,48.236146371587125,43.555057943600616,4.12,4.64,1.0,1.0,0.5,0.6666666666666666,1.0
718677,2023,2023-04-07,mlb,CLE,SEA,39.04999341574157,49.02919211539274,3.46,3.73,1.0,1.0,0.7142857142857143,0.2857142857142857,0.0
718684,2023,2023-04-07,mlb,MIN,HOU,46.9927878392028,52.26159782076136,2.79,5.29,1.0,1.0,0.6666666666666666,0.42857142857142855,1.0
718679,2023,2023-04-07,mlb,PIT,CHW,41.66652411136119,37.820530657144026,5.41,4.88,1.0,0.0,0.6666666666666666,0.42857142857142855,1.0
718680,2023,2023-04-07,mlb,SFG,KCR,41.21396826950983,41.450972950495625,3.87,4.57,0.0,0.0,0.5,0.14285714285714285,0.0
718678,2023,2023-04-07,mlb,TBR,ATH,50.04796368550927,36.13080527686773,3.5,5.36,1.0,1.0,1.0,0.3333333333333333,1.0
718676,2023,2023-04-07,mlb,ATL,SDP,63.847983611293685,47.896637273871,5.81,3.43,0.0,0.0,0.8571428571428571,0.42857142857142855,0.0
718674,2023,2023-04-07,mlb,MIL,STL,44.26372698544554,45.332448715953014,2.28,4.99,1.0,1.0,0.8333333333333334,0.3333333333333333,1.0
718683,2023,2023-04-06,mlb,ARI,LAD,46.61703093617329,52.881054097750265,3.29,2.63,1.0,1.0,0.5,0.6666666666666666,0.0
718673,2023,2023-04-07,mlb,COL,WSN,40.803785600090585,40.88283012079975,6.45,4.42,0.0,0.0,0.42857142857142855,0.14285714285714285,0.0
718681,2023,2023-04-06,mlb,ATL,SDP,63.847983611293685,47.896637273871,3.86,2.25,0.0,1.0,0.8333333333333334,0.5,1.0
718687,2023,2023-04-06,mlb,CHW,SFG,37.820530657144026,41.21396826950983,5.73,4.33,0.0,0.0,0.5,0.4,0.0
718704,2023,2023-04-05,mlb,WSN,TBR,40.88283012079975,50.04796368550927,5.2,3.29,0.0,0.0,0.2,1.0,0.0
718699,2023,2023-04-05,mlb,NYY,PHI,43.555057943600616,52.042264664363394,2.63,4.46,0.0,0.0,0.6,0.2,1.0
718701,2023,2023-04-05,mlb,MIA,MIN,44.96868169547329,46.9927878392028,3.58,3.66,0.0,0.0,0.3333333333333333,0.8,1.0
718697,2023,2023-04-05,mlb,STL,ATL,45.332448715953014,63.847983611293685,4.78,3.81,0.0,0.0,0.4,0.8,0.0
718702,2023,2023-04-05,mlb,BOS,PIT,47.295496550395896,41.66652411136119,7.04,4.21,0.0,0.0,0.4,0.6,0.0
718698,2023,2023-04-05,mlb,MIL,NYM,44.26372698544554,46.1675921482945,3.39,5.03,0.0,0.0,0.8,0.5,1.0
718694,2023,2023-04-05,mlb,TEX,BAL,53.49300527607529,48.236146371587125,2.67,4.35,0.0,0.0,0.6,0.6,1.0
718696,2023,2023-04-05,mlb,HOU,DET,52.26159782076136,41.6807004965427,4.56,3.3,0.0,0.0,0.3333333333333333,0.4,1.0
718695,2023,2023-04-05,mlb,CHW,SFG,37.820530657144026,41.21396826950983,4.58,3.25,1.0,1.0,0.4,0.5,1.0
718689,2023,2023-04-05,mlb,ATH,CLE,36.13080527686773,39.04999341574157,7.6,4.5,0.0,0.0,0.4,0.6666666666666666,0.0
718691,2023,2023-04-05,mlb,SEA,LAA,49.02919211539274,44.88797413928977,6.86,3.14,0.0,0.0,0.3333333333333333,0.6,0.0
718692,2023,2023-04-05,mlb,KCR,TOR,41.450972950495625,48.81365443114781,5.06,5.87,0.0,0.0,0.2,0.4,0.0
718700,2023,2023-09-01,mlb,CIN,CHC,44.78260134821402,49.69176903948828,4.82,3.95,0.0,0.0,0.4444444444444444,0.6,
718690,2023,2023-04-06,mlb,DET,BOS,41.6807004965427,47.295496550395896,7.26,4.3,0.0,0.0,0.3333333333333333,0.3333333333333333,0.0
718686,2023,2023-04-06,mlb,KCR,TOR,41.450972950495625,48.81365443114781,6.28,3.16,0.0,0.0,0.16666666666666666,0.5,0.0
718682,2023,2023-04-06,mlb,COL,WSN,40.803785600090585,40.88283012079975,5.03,3.91,1.0,0.0,0.3333333333333333,0.16666666666666666,1.0
718670,2023,2023-04-07,mlb,LAA,TOR,44.88797413928977,48.81365443114781,4.11,3.6,1.0,0.0,0.6666666666666666,0.5714285714285714,0.0
718671,2023,2023-04-07,mlb,ARI,LAD,46.61703093617329,52.881054097750265,10.26,2.46,0.0,0.0,0.42857142857142855,0.7142857142857143,1.0
718666,2023,2023-04-08,mlb,MIN,HOU,46.9927878392028,52.26159782076136,4.51,4.0,0.0,0.0,0.7142857142857143,0.375,1.0
718647,2023,2023-04-09,mlb,NYM,MIA,46.1675921482945,44.96868169547329,6.8,3.66,0.0,0.0,0.5555555555555556,0.3333333333333333,0.0
718649,2023,2023-04-09,mlb,MIN,HOU,46.9927878392028,52.26159782076136,3.16,5.09,0.0,0.0,0.75,0.3333333333333333,0.0
718650,2023,2023-04-09,mlb,MIL,STL,44.26372698544554,45.332448715953014,3.86,6.23,0.0,0.0,0.75,0.375,1.0
718642,2023,2023-04-09,mlb,CHC,TEX,49.69176903948828,53.49300527607529,4.84,4.12,0.0,0.0,0.5714285714285714,0.5,0.0
718645,2023,2023-04-09,mlb,COL,WSN,40.803785600090585,40.88283012079975,5.82,8.45,0.0,0.0,0.3333333333333333,0.3333333333333333,1.0
718643,2023,2023-04-09,mlb,SFG,KCR,41.21396826950983,41.450972950495625,4.88,3.94,0.0,0.0,0.375,0.3333333333333333,1.0
718644,2023,2023-04-09,mlb,LAA,TOR,44.88797413928977,48.81365443114781,4.48,3.86,0.0,0.0,0.625,0.5555555555555556,0.0
718639,2023,2023-04-09,mlb,ARI,LAD,46.61703093617329,52.881054097750265,5.31,6.13,0.0,0.0,0.5555555555555556,0.5555555555555556,1.0
718648,2023,2023-04-09,mlb,ATL,SDP,63.847983611293685,47.896637273871,7.6,3.57,0.0,0.0,0.6666666666666666,0.5555555555555556,0.0
718640,2023,2023-04-10,mlb,MIN,CHW,46.9927878392028,37.820530657144026,4.23,4.58,0.0,0.0,0.6666666666666666,0.4,0.0
718637,2023,2023-04-10,mlb,CLE,NYY,39.04999341574157,43.555057943600616,3.8,4.56,0.0,0.0,0.6,0.6666666666666666,1.0
718635,2023,2023-04-10,mlb,BAL,ATH,48.236146371587125,36.13080527686773,4.73,4.54,0.0,0.0,0.4444444444444444,0.2222222222222222,1.0
718632,2023,2023-04-10,mlb,PIT,HOU,41.66652411136119,52.26159782076136,6.59,3.45,0.0,0.0,0.6666666666666666,0.4,0.0
718638,2023,2023-04-10,mlb,TBR,BOS,50.04796368550927,47.295496550395896,5.95,4.04,0.0,0.0,1.0,0.5555555555555556,1.0
718633,2023,2023-04-10,mlb,PHI,MIA,52.042264664363394,44.96868169547329,3.29,4.14,0.0,0.0,0.3333333333333333,0.4,1.0
718646,2023,2023-04-09,mlb,CLE,SEA,39.04999341574157,49.02919211539274,7.59,3.35,0.0,0.0,0.5555555555555556,0.4444444444444444,1.0
718651,2023,2023-04-09,mlb,BAL,NYY,48.236146371587125,43.555057943600616,3.64,4.97,0.0,0.0,0.5,0.625,0.0
718653,2023,2023-04-09,mlb,PIT,CHW,41.66652411136119,37.820530657144026,4.31,5.43,0.0,0.0,0.625,0.4444444444444444,1.0
718655,2023,2023-04-09,mlb,TBR,ATH,50.04796368550927,36.13080527686773,2.62,6.34,0.0,0.0,1.0,0.25,1.0
718672,2023,2023-04-08,mlb,SFG,KCR,41.21396826950983,41.450972950495625,4.44,5.52,0.0,0.0,0.42857142857142855,0.25,0.0
718669,2023,2023-04-08,mlb,CHC,TEX,49.69176903948828,53.49300527607529,3.06,4.45,0.0,0.0,0.5,0.5714285714285714,1.0
718668,2023,2023-04-08,mlb,PHI,CIN,52.042264664363394,44.78260134821402,5.36,6.29,0.0,0.0,0.2857142857142857,0.5,1.0
718667,2023,2023-04-08,mlb,DET,BOS,41.6807004965427,47.295496550395896,6.9,5.01,1.0,1.0,0.2857142857142857,0.42857142857142855,0.0
718665,2023,2023-04-08,mlb,TBR,ATH,50.04796368550927,36.13080527686773,0.56,7.18,0.0,0.0,1.0,0.2857142857142857,1.0
718661,2023,2023-04-08,mlb,NYM,MIA,46.1675921482945,44.96868169547329,2.98,4.0,0.0,0.0,0.5,0.375,1.0
718663,2023,2023-04-08,mlb,CLE,SEA,39.04999341574157,49.02919211539274,5.24,5.22,0.0,0.0,0.625,0.375,0.0
718703,2023,2023-04-04,mlb,LAD,COL,52.881054097750265,40.803785600090585,4.6,4.95,0.0,0.0,0.6,0.4,1.0
718662,2023,2023-04-08,mlb,PIT,CHW,41.66652411136119,37.820530657144026,3.86,3.77,0.0,0.0,0.7142857142857143,0.375,0.0
718660,2023,2023-04-08,mlb,MIL,STL,44.26372698544554,45.332448715953014,6.56,3.2,0.0,0.0,0.8571428571428571,0.2857142857142857,0.0
718659,2023,2023-04-08,mlb,ATL,SDP,63.847983611293685,47.896637273871,3.64,3.22,0.0,0.0,0.75,0.5,0.0
718656,2023,2023-04-08,mlb,ARI,LAD,46.61703093617329,52.881054097750265,7.0,6.5,0.0,0.0,0.5,0.625,1.0
718658,2023,2023-04-08,mlb,COL,WSN,40.803785600090585,40.88283012079975,5.5,5.55,0.0,0.0,0.375,0.25,0.0
718657,2023,2023-04-08,mlb,LAA,TOR,44.88797413928977,48.81365443114781,5.43,3.65,0.0,0.0,0.5714285714285714,0.625,1.0
718652,2023,2023-04-09,mlb,PHI,CIN,52.042264664363394,44.78260134821402,4.38,11.45,0.0,0.0,0.375,0.42857142857142855,0.0
718654,2023,2023-04-09,mlb,DET,BOS,41.6807004965427,47.295496550395896,5.45,4.04,0.0,0.0,0.25,0.5,0.0
718664,2023,2023-04-08,mlb,BAL,NYY,48.236146371587125,43.555057943600616,4.42,4.28,0.0,0.0,0.5714285714285714,0.5714285714285714,0.0
718706,2023,2023-04-04,mlb,SEA,LAA,49.02919211539274,44.88797413928977,3.34,8.29,0.0,0.0,0.2,0.75,1.0
718707,2023,2023-04-04,mlb,ATH,CLE,36.13080527686773,39.04999341574157,4.54,3.8,0.0,0.0,0.25,0.8,1.0
718705,2023,2023-04-04,mlb,HOU,DET,52.26159782076136,41.6807004965427,3.45,3.58,0.0,0.0,0.4,0.25,0.0
718759,2023,2023-04-01,mlb,STL,TOR,45.332448715953014,48.81365443114781,4.99,3.16,1.0,1.0,0.0,1.0,1.0
718758,2023,2023-04-01,mlb,CHC,MIL,49.69176903948828,44.26372698544554,3.06,2.28,1.0,1.0,1.0,0.0,0.0
718752,2023,2023-04-01,mlb,TEX,PHI,53.49300527607529,52.042264664363394,3.63,3.61,1.0,1.0,1.0,0.0,1.0
718753,2023,2023-04-01,mlb,WSN,ATL,40.88283012079975,63.847983611293685,3.91,3.86,1.0,1.0,0.0,1.0,0.0
718762,2023,2023-04-01,mlb,NYY,SFG,43.555057943600616,41.21396826950983,4.64,3.87,1.0,1.0,1.0,0.0,0.0
718757,2023,2023-04-01,mlb,ATH,LAA,36.13080527686773,44.88797413928977,7.18,4.11,1.0,1.0,1.0,0.0,0.0
718761,2023,2023-04-01,mlb,BOS,BAL,47.295496550395896,48.236146371587125,4.3,4.12,1.0,1.0,0.0,1.0,1.0
718756,2023,2023-04-01,mlb,CIN,PIT,44.78260134821402,41.66652411136119,6.29,5.41,1.0,1.0,0.0,1.0,1.0
718754,2023,2023-04-01,mlb,TBR,DET,50.04796368550927,41.6807004965427,3.5,7.26,1.0,1.0,1.0,0.0,1.0
718751,2023,2023-04-01,mlb,KCR,MIN,41.450972950495625,46.9927878392028,6.28,2.79,1.0,1.0,0.0,1.0,0.0
718755,2023,2023-04-01,mlb,MIA,NYM,44.96868169547329,46.1675921482945,4.24,4.7,0.0,0.0,0.5,0.5,0.0
718750,2023,2023-04-01,mlb,SDP,COL,47.896637273871,40.803785600090585,3.22,6.45,0.0,0.0,0.0,1.0,1.0
718749,2023,2023-04-01,mlb,LAD,ARI,52.881054097750265,46.61703093617329,2.46,10.26,0.0,0.0,0.5,0.5,1.0
718746,2023,2023-04-01,mlb,SEA,CLE,49.02919211539274,39.04999341574157,3.73,3.46,0.0,0.0,0.5,0.5,0.0
718742,2023,2023-04-02,mlb,TBR,DET,50.04796368550927,41.6807004965427,0.56,6.9,0.0,0.0,1.0,0.0,1.0
718760,2023,2023-04-01,mlb,HOU,CHW,52.26159782076136,37.820530657144026,5.29,4.88,0.0,0.0,0.5,0.5,1.0
718763,2023,2023-03-31,mlb,SEA,CLE,49.02919211539274,39.04999341574157,8.1,4.5,0.0,0.0,1.0,0.0,0.0
718765,2023,2023-03-31,mlb,LAD,ARI,52.881054097750265,46.61703093617329,2.63,3.29,0.0,0.0,1.0,0.0,0.0
718766,2023,2023-03-31,mlb,SDP,COL,47.896637273871,40.803785600090585,3.43,5.03,0.0,0.0,0.0,1.0,0.0
718781,2023,2023-03-30,mlb,NYY,SFG,43.555057943600616,41.21396826950983,2.63,3.25,,,,,1.0
718782,2023,2023-03-30,mlb,BOS,BAL,47.295496550395896,48.236146371587125,7.04,4.73,,,,,0.0
718777,2023,2023-03-30,mlb,CHC,MIL,49.69176903948828,44.26372698544554,3.95,3.39,,,,,1.0
718776,2023,2023-03-30,mlb,TBR,DET,50.04796368550927,41.6807004965427,3.29,3.3,,,,,1.0
718779,2023,2023-03-30,mlb,TEX,PHI,53.49300527607529,52.042264664363394,2.67,4.46,,,,,1.0
718773,2023,2023-03-30,mlb,CIN,PIT,44.78260134821402,41.66652411136119,4.82,4.21,,,,,0.0
718772,2023,2023-03-30,mlb,STL,TOR,45.332448715953014,48.81365443114781,4.78,5.87,,,,,0.0
718748,2023,2023-04-02,mlb,BOS,BAL,47.295496550395896,48.236146371587125,5.01,4.42,0.0,0.0,0.5,0.5,1.0
718775,2023,2023-03-30,mlb,KCR,MIN,41.450972950495625,46.9927878392028,5.06,3.66,,,,,0.0
718768,2023,2023-03-30,mlb,HOU,CHW,52.26159782076136,37.820530657144026,3.45,4.58,,,,,0.0
718778,2023,2023-03-30,mlb,SDP,COL,47.896637273871,40.803785600090585,2.25,4.95,,,,,0.0
718769,2023,2023-03-30,mlb,ATH,LAA,36.13080527686773,44.88797413928977,7.6,3.14,,,,,1.0
718770,2023,2023-03-30,mlb,LAD,ARI,52.881054097750265,46.61703093617329,4.6,3.47,,,,,1.0
718767,2023,2023-03-30,mlb,SEA,CLE,49.02919211539274,39.04999341574157,3.34,3.8,,,,,1.0
718771,2023,2023-03-31,mlb,MIA,NYM,44.96868169547329,46.1675921482945,3.58,5.03,0.0,0.0,0.0,1.0,1.0
718764,2023,2023-03-31,mlb,HOU,CHW,52.26159782076136,37.820530657144026,4.56,5.73,0.0,0.0,0.0,1.0,1.0
718774,2023,2023-03-30,mlb,MIA,NYM,44.96868169547329,46.1675921482945,4.14,3.77,,,,,0.0
718634,2023,2023-04-10,mlb,NYM,SDP,46.1675921482945,47.896637273871,3.77,4.56,0.0,0.0,0.5,0.6,1.0
718743,2023,2023-04-02,mlb,WSN,ATL,40.88283012079975,63.847983611293685,4.42,5.81,0.0,0.0,0.0,1.0,1.0
718744,2023,2023-04-02,mlb,CIN,PIT,44.78260134821402,41.66652411136119,4.76,3.86,0.0,0.0,0.5,0.5,1.0
718723,2023,2023-04-03,mlb,HOU,DET,52.26159782076136,41.6807004965427,5.09,5.45,0.0,0.0,0.5,0.0,0.0
718721,2023,2023-04-03,mlb,ATH,CLE,36.13080527686773,39.04999341574157,6.34,7.59,0.0,0.0,0.3333333333333333,0.75,0.0
718722,2023,2023-04-03,mlb,SDP,ARI,47.896637273871,46.61703093617329,6.55,5.31,0.0,0.0,0.5,0.5,1.0
718720,2023,2023-04-03,mlb,SEA,LAA,49.02919211539274,44.88797413928977,3.35,4.48,0.0,0.0,0.25,0.6666666666666666,0.0
718718,2023,2023-04-03,mlb,LAD,COL,52.881054097750265,40.803785600090585,6.13,5.82,0.0,0.0,0.5,0.5,1.0
718717,2023,2023-04-04,mlb,SDP,ARI,47.896637273871,46.61703093617329,4.56,3.47,0.0,0.0,0.6,0.4,0.0
718716,2023,2023-04-04,mlb,CIN,CHC,44.78260134821402,49.69176903948828,9.0,4.63,0.0,0.0,0.75,0.25,0.0
718714,2023,2023-04-04,mlb,MIA,MIN,44.96868169547329,46.9927878392028,4.14,4.23,0.0,0.0,0.2,1.0,1.0
718715,2023,2023-04-04,mlb,WSN,TBR,40.88283012079975,50.04796368550927,8.45,4.7,0.0,0.0,0.25,1.0,0.0
718710,2023,2023-04-04,mlb,NYY,PHI,43.555057943600616,52.042264664363394,4.56,3.29,0.0,0.0,0.75,0.0,0.0
718713,2023,2023-04-04,mlb,BOS,PIT,47.295496550395896,41.66652411136119,4.04,6.59,0.0,0.0,0.5,0.5,0.0
718708,2023,2023-04-04,mlb,KCR,TOR,41.450972950495625,48.81365443114781,3.94,3.86,0.0,0.0,0.25,0.25,0.0
718712,2023,2023-04-04,mlb,MIL,NYM,44.26372698544554,46.1675921482945,3.14,3.77,0.0,0.0,0.75,0.6,1.0
718711,2023,2023-04-04,mlb,STL,ATL,45.332448715953014,63.847983611293685,3.86,7.6,0.0,0.0,0.5,0.75,0.0
718709,2023,2023-04-04,mlb,TEX,BAL,53.49300527607529,48.236146371587125,4.15,4.73,0.0,0.0,0.75,0.5,0.0
718726,2023,2023-04-03,mlb,TEX,BAL,53.49300527607529,48.236146371587125,4.12,2.83,0.0,0.0,1.0,0.3333333333333333,0.0
718727,2023,2023-04-03,mlb,STL,ATL,45.332448715953014,63.847983611293685,6.23,3.64,0.0,0.0,0.6666666666666666,0.6666666666666666,0.0
718719,2023,2023-04-03,mlb,KCR,TOR,41.450972950495625,48.81365443114781,5.52,3.65,0.0,0.0,0.0,0.3333333333333333,1.0
718724,2023,2023-04-03,mlb,BOS,PIT,47.295496550395896,41.66652411136119,4.04,4.31,0.0,0.0,0.6666666666666666,0.3333333333333333,0.0
718741,2023,2023-04-02,mlb,MIA,NYM,44.96868169547329,46.1675921482945,4.0,2.98,0.0,0.0,0.3333333333333333,0.6666666666666666,0.0
718745,2023,2023-04-02,mlb,KCR,MIN,41.450972950495625,46.9927878392028,4.57,4.51,0.0,0.0,0.0,1.0,0.0
718740,2023,2023-04-02,mlb,HOU,CHW,52.26159782076136,37.820530657144026,4.0,3.77,0.0,0.0,0.6666666666666666,0.3333333333333333,0.0
718737,2023,2023-04-02,mlb,STL,TOR,45.332448715953014,48.81365443114781,3.2,3.6,0.0,0.0,0.5,0.5,1.0
718738,2023,2023-04-02,mlb,CHC,MIL,49.69176903948828,44.26372698544554,4.84,6.56,0.0,0.0,0.5,0.5,0.0
718734,2023,2023-04-02,mlb,ATH,LAA,36.13080527686773,44.88797413928977,5.36,5.43,0.0,0.0,0.5,0.5,0.0
718736,2023,2023-04-02,mlb,LAD,ARI,52.881054097750265,46.61703093617329,6.5,7.0,0.0,0.0,0.6666666666666666,0.3333333333333333,0.0
718747,2023,2023-04-02,mlb,NYY,SFG,43.555057943600616,41.21396826950983,4.28,5.36,0.0,0.0,0.5,0.5,1.0
718733,2023,2023-04-02,mlb,SDP,COL,47.896637273871,40.803785600090585,3.57,5.5,0.0,0.0,0.3333333333333333,0.6666666666666666,1.0
718739,2023,2023-04-02,mlb,TEX,PHI,53.49300527607529,52.042264664363394,4.45,5.36,0.0,0.0,1.0,0.0,1.0
718731,2023,2023-04-03,mlb,MIL,NYM,44.26372698544554,46.1675921482945,3.86,6.8,0.0,0.0,0.6666666666666666,0.75,1.0
718730,2023,2023-04-03,mlb,CHW,SFG,37.820530657144026,41.21396826950983,5.43,4.88,0.0,0.0,0.5,0.3333333333333333,0.0
718728,2023,2023-04-03,mlb,CIN,CHC,44.78260134821402,49.69176903948828,11.45,5.0,0.0,0.0,0.6666666666666666,0.3333333333333333,1.0
718729,2023,2023-04-03,mlb,MIA,MIN,44.96868169547329,46.9927878392028,6.02,3.16,0.0,0.0,0.25,1.0,0.0
718732,2023,2023-04-03,mlb,WSN,TBR,40.88283012079975,50.04796368550927,5.55,2.62,0.0,0.0,0.3333333333333333,1.0,0.0
718725,2023,2023-04-03,mlb,NYY,PHI,43.555057943600616,52.042264664363394,4.97,4.38,0.0,0.0,0.6666666666666666,0.0,1.0
718735,2023,2023-04-02,mlb,SEA,CLE,49.02919211539274,39.04999341574157,5.22,5.24,0.0,0.0,0.3333333333333333,0.6666666666666666,0.0
718175,2023,2023-05-14,mlb,MIN,CHC,46.9927878392028,49.69176903948828,4.63,3.95,0.0,0.0,0.5,0.4,1.0
718636,2023,2023-04-10,mlb,ATL,CIN,63.847983611293685,44.78260134821402,3.81,4.76,0.0,0.0,0.6,0.5,1.0
718630,2023,2023-04-10,mlb,TEX,KCR,53.49300527607529,41.450972950495625,4.15,5.06,0.0,0.0,0.5555555555555556,0.3,1.0
718530,2023,2023-04-18,mlb,DET,CLE,41.6807004965427,39.04999341574157,5.45,4.5,2.0,1.0,0.4,0.5,1.0
718541,2023,2023-04-18,mlb,DET,CLE,41.6807004965427,39.04999341574157,3.3,5.19,0.0,0.0,0.4,0.4,1.0
718525,2023,2023-04-18,mlb,CHW,PHI,37.820530657144026,52.042264664363394,5.73,3.61,1.0,1.0,0.3,0.5,0.0
718543,2023,2023-04-18,mlb,CHW,PHI,37.820530657144026,52.042264664363394,4.88,5.36,0.0,0.0,0.3,0.5,1.0
718526,2023,2023-04-18,mlb,CIN,TBR,44.78260134821402,50.04796368550927,6.29,5.59,0.0,0.0,0.4,0.7,0.0
718528,2023,2023-04-18,mlb,MIA,SFG,44.96868169547329,41.21396826950983,4.24,4.33,0.0,0.0,0.6,0.3,1.0
718531,2023,2023-04-18,mlb,WSN,BAL,40.88283012079975,48.236146371587125,3.91,4.12,1.0,1.0,0.4,0.6,0.0
718529,2023,2023-04-18,mlb,NYY,LAA,43.555057943600616,44.88797413928977,4.64,8.29,1.0,0.0,0.6,0.4,0.0
718524,2023,2023-04-18,mlb,BOS,MIN,47.295496550395896,46.9927878392028,4.3,2.79,0.0,1.0,0.5,0.6,1.0
718522,2023,2023-04-18,mlb,KCR,TEX,41.450972950495625,53.49300527607529,4.57,3.63,0.0,0.0,0.3,0.6,0.0
718527,2023,2023-04-18,mlb,STL,ARI,45.332448715953014,46.61703093617329,3.2,3.32,0.0,0.0,0.5,0.7,0.0
718520,2023,2023-04-18,mlb,HOU,TOR,52.26159782076136,48.81365443114781,5.29,3.6,0.0,0.0,0.5,0.6,0.0
718521,2023,2023-04-18,mlb,COL,PIT,40.803785600090585,41.66652411136119,6.45,3.86,0.0,0.0,0.2,0.5,0.0
718532,2023,2023-04-17,mlb,LAD,NYM,52.881054097750265,46.1675921482945,2.63,5.03,0.0,0.0,0.4,0.7,0.0
718523,2023,2023-04-18,mlb,ATH,CHC,36.13080527686773,49.69176903948828,5.36,3.95,0.0,0.0,0.1,0.7,0.0
718534,2023,2023-04-17,mlb,SEA,MIL,49.02919211539274,44.26372698544554,6.86,3.39,0.0,0.0,0.6,0.6,0.0
718536,2023,2023-04-17,mlb,ATH,CHC,36.13080527686773,49.69176903948828,7.6,4.63,0.0,0.0,0.1,0.7,0.0
718553,2023,2023-04-16,mlb,CHW,BAL,37.820530657144026,48.236146371587125,4.58,4.35,0.0,0.0,0.4,0.5,0.0
718548,2023,2023-04-16,mlb,STL,PIT,45.332448715953014,41.66652411136119,4.78,4.21,0.0,0.0,0.4,0.6,1.0
718546,2023,2023-04-16,mlb,ATH,NYM,36.13080527686773,46.1675921482945,4.54,3.64,0.0,0.0,0.1,0.6,0.0
718547,2023,2023-04-16,mlb,LAD,CHC,52.881054097750265,49.69176903948828,4.6,5.0,0.0,0.0,0.5,0.6,0.0
718545,2023,2023-04-16,mlb,SEA,COL,49.02919211539274,40.803785600090585,3.34,8.7,0.0,0.0,0.6,0.3,1.0
718549,2023,2023-04-16,mlb,SDP,MIL,47.896637273871,44.26372698544554,4.56,3.14,0.0,0.0,0.5,0.6,0.0
718552,2023,2023-04-16,mlb,HOU,TEX,52.26159782076136,53.49300527607529,3.45,4.15,0.0,0.0,0.5,0.5,0.0
718558,2023,2023-07-24,mlb,DET,SFG,41.6807004965427,41.21396826950983,5.45,3.25,0.0,0.0,0.6,0.5,
718540,2023,2023-04-17,mlb,BOS,LAA,47.295496550395896,44.88797413928977,4.24,3.14,0.0,0.0,0.6,0.4,0.0
718542,2023,2023-04-17,mlb,CIN,TBR,44.78260134821402,50.04796368550927,4.82,5.95,0.0,0.0,0.3,0.8,1.0
718544,2023,2023-04-17,mlb,MIA,SFG,44.96868169547329,41.21396826950983,3.58,3.25,0.0,1.0,0.6,0.3,1.0
718539,2023,2023-04-17,mlb,KCR,TEX,41.450972950495625,53.49300527607529,6.28,2.67,0.0,0.0,0.3,0.6,0.0
718538,2023,2023-04-17,mlb,STL,ARI,45.332448715953014,46.61703093617329,4.99,3.29,0.0,0.0,0.5,0.6,0.0
718537,2023,2023-04-17,mlb,HOU,TOR,52.26159782076136,48.81365443114781,4.56,3.16,0.0,0.0,0.5,0.7,1.0
718535,2023,2023-04-17,mlb,COL,PIT,40.803785600090585,41.66652411136119,5.03,5.41,0.0,0.0,0.3,0.5,0.0
718533,2023,2023-04-17,mlb,SDP,ATL,47.896637273871,63.847983611293685,6.55,2.55,0.0,0.0,0.5,0.7,0.0
718519,2023,2023-04-18,mlb,SDP,ATL,47.896637273871,63.847983611293685,2.25,3.86,0.0,0.0,0.4,0.7,0.0
718517,2023,2023-04-18,mlb,SEA,MIL,49.02919211539274,44.26372698544554,3.73,4.55,0.0,0.0,0.6,0.6,0.0
718516,2023,2023-04-18,mlb,LAD,NYM,52.881054097750265,46.1675921482945,2.46,4.7,0.0,0.0,0.3,0.8,1.0
718494,2023,2023-04-20,mlb,ARI,SDP,46.61703093617329,47.896637273871,5.31,3.22,0.0,0.0,0.6,0.3,0.0
718503,2023,2023-04-20,mlb,SFG,NYM,41.21396826950983,46.1675921482945,4.44,2.98,0.0,0.0,0.3,0.7,0.0
718491,2023,2023-04-21,mlb,CHC,LAD,49.69176903948828,52.881054097750265,5.0,4.6,0.0,0.0,0.7,0.5,1.0
718492,2023,2023-04-21,mlb,PIT,CIN,41.66652411136119,44.78260134821402,4.21,4.76,0.0,0.0,0.7,0.3,1.0
718486,2023,2023-04-21,mlb,TBR,CHW,50.04796368550927,37.820530657144026,7.01,5.43,1.0,1.0,0.7,0.3,1.0
718495,2023,2023-04-21,mlb,BAL,DET,48.236146371587125,41.6807004965427,3.64,4.18,1.0,1.0,0.7,0.5,1.0
718493,2023,2023-04-21,mlb,PHI,COL,52.042264664363394,40.803785600090585,4.46,8.7,0.0,0.0,0.4,0.2,1.0
718487,2023,2023-04-21,mlb,NYY,TOR,43.555057943600616,48.81365443114781,4.56,3.86,0.0,1.0,0.6,0.6,0.0
718489,2023,2023-04-21,mlb,ATL,HOU,63.847983611293685,52.26159782076136,3.81,5.09,1.0,1.0,0.8,0.6,0.0
718490,2023,2023-04-21,mlb,TEX,ATH,53.49300527607529,36.13080527686773,4.12,4.54,1.0,1.0,0.8,0.1,0.0
718482,2023,2023-04-21,mlb,MIN,WSN,46.9927878392028,40.88283012079975,3.16,5.55,0.0,1.0,0.5,0.3,0.0
718483,2023,2023-04-21,mlb,MIL,BOS,44.26372698544554,47.295496550395896,3.86,4.04,1.0,0.0,0.7,0.5,0.0
718485,2023,2023-04-21,mlb,LAA,KCR,44.88797413928977,41.450972950495625,3.14,5.95,0.0,1.0,0.4,0.1,1.0
718484,2023,2023-04-21,mlb,ARI,SDP,46.61703093617329,47.896637273871,3.47,3.57,0.0,0.0,0.5,0.4,1.0
718481,2023,2023-04-21,mlb,SEA,STL,49.02919211539274,45.332448715953014,3.35,3.86,1.0,1.0,0.4,0.5,1.0
718499,2023,2023-04-20,mlb,CHC,LAD,49.69176903948828,52.881054097750265,3.05,6.13,0.0,0.0,0.7,0.4,0.0
718498,2023,2023-04-20,mlb,PHI,COL,52.042264664363394,40.803785600090585,3.29,5.82,0.0,0.0,0.5,0.2,0.0
718500,2023,2023-04-20,mlb,PIT,CIN,41.66652411136119,44.78260134821402,6.59,6.4,0.0,0.0,0.6,0.3,1.0
718496,2023,2023-04-20,mlb,NYY,LAA,43.555057943600616,44.88797413928977,4.97,4.11,0.0,0.0,0.6,0.4,1.0
718515,2023,2023-04-19,mlb,CIN,TBR,44.78260134821402,50.04796368550927,9.58,2.62,0.0,0.0,0.4,0.7,0.0
718513,2023,2023-04-19,mlb,DET,CLE,41.6807004965427,39.04999341574157,7.26,5.24,0.0,0.0,0.5,0.4,0.0
718511,2023,2023-04-19,mlb,MIA,SFG,44.96868169547329,41.21396826950983,4.0,3.87,0.0,0.0,0.7,0.2,0.0
718512,2023,2023-04-19,mlb,STL,ARI,45.332448715953014,46.61703093617329,6.23,10.26,0.0,0.0,0.4,0.7,1.0
718514,2023,2023-04-19,mlb,KCR,TEX,41.450972950495625,53.49300527607529,5.52,4.45,0.0,0.0,0.2,0.7,0.0
718510,2023,2023-04-19,mlb,CHW,PHI,37.820530657144026,52.042264664363394,3.77,4.38,0.0,0.0,0.4,0.4,0.0
718508,2023,2023-04-19,mlb,LAD,NYM,52.881054097750265,46.1675921482945,6.5,3.77,0.0,0.0,0.4,0.7,0.0
718551,2023,2023-04-16,mlb,KCR,ATL,41.450972950495625,63.847983611293685,5.06,6.97,0.0,0.0,0.3,0.7,0.0
718509,2023,2023-04-19,mlb,COL,PIT,40.803785600090585,41.66652411136119,5.5,4.31,0.0,0.0,0.2,0.6,0.0
718507,2023,2023-04-19,mlb,SDP,ATL,47.896637273871,63.847983611293685,3.43,3.64,0.0,0.0,0.3,0.8,1.0
718502,2023,2023-04-19,mlb,SEA,MIL,49.02919211539274,44.26372698544554,5.22,6.56,0.0,0.0,0.5,0.7,0.0
718518,2023,2023-04-19,mlb,WSN,BAL,40.88283012079975,48.236146371587125,4.42,2.83,0.0,0.0,0.4,0.6,0.0
718504,2023,2023-04-19,mlb,NYY,LAA,43.555057943600616,44.88797413928977,4.28,4.32,0.0,0.0,0.6,0.5,1.0
718505,2023,2023-04-19,mlb,BOS,MIN,47.295496550395896,46.9927878392028,7.04,4.51,0.0,0.0,0.5,0.5,0.0
718501,2023,2023-04-19,mlb,HOU,TOR,52.26159782076136,48.81365443114781,4.0,3.65,0.0,0.0,0.5,0.6,1.0
718497,2023,2023-04-20,mlb,BOS,MIN,47.295496550395896,46.9927878392028,5.01,4.23,0.0,0.0,0.4,0.5,1.0
718506,2023,2023-04-19,mlb,ATH,CHC,36.13080527686773,49.69176903948828,3.78,3.06,0.0,0.0,0.1,0.7,0.0
718550,2023,2023-04-16,mlb,MIA,ARI,44.96868169547329,46.61703093617329,4.14,3.47,0.0,0.0,0.7,0.6,0.0
718554,2023,2023-04-16,mlb,CIN,PHI,44.78260134821402,52.042264664363394,9.0,4.46,0.0,0.0,0.3,0.4,0.0
718556,2023,2023-04-16,mlb,TOR,TBR,48.81365443114781,50.04796368550927,5.87,3.29,0.0,0.0,0.8,0.8,0.0
718610,2023,2023-04-12,mlb,NYM,SDP,46.1675921482945,47.896637273871,4.7,2.25,0.0,0.0,0.5,0.7,1.0
718605,2023,2023-04-12,mlb,MIN,CHW,46.9927878392028,37.820530657144026,2.79,4.88,0.0,0.0,0.6,0.4,1.0
718604,2023,2023-04-12,mlb,CLE,NYY,39.04999341574157,43.555057943600616,5.19,4.64,0.0,0.0,0.6,0.6,0.0
718606,2023,2023-04-12,mlb,CHC,SEA,49.69176903948828,49.02919211539274,3.95,3.73,0.0,0.0,0.6,0.3,0.0
718607,2023,2023-04-12,mlb,COL,STL,40.803785600090585,45.332448715953014,6.45,4.99,0.0,0.0,0.3,0.4,0.0
718598,2023,2023-04-12,mlb,ARI,MIL,46.61703093617329,44.26372698544554,3.32,4.91,0.0,0.0,0.6,0.8,1.0
718609,2023,2023-04-12,mlb,PHI,MIA,52.042264664363394,44.96868169547329,3.61,4.24,0.0,0.0,0.4,0.4,0.0
718602,2023,2023-04-12,mlb,LAA,WSN,44.88797413928977,40.88283012079975,4.32,4.42,0.0,0.0,0.6,0.4,1.0
718599,2023,2023-04-12,mlb,BAL,ATH,48.236146371587125,36.13080527686773,4.12,5.36,0.0,0.0,0.5,0.1,0.0
718600,2023,2023-04-12,mlb,TBR,BOS,50.04796368550927,47.295496550395896,5.59,4.3,0.0,0.0,1.0,0.5,1.0
718603,2023,2023-04-12,mlb,TOR,DET,48.81365443114781,41.6807004965427,3.16,3.3,0.0,0.0,0.6,0.2,1.0
718601,2023,2023-04-12,mlb,ATL,CIN,63.847983611293685,44.78260134821402,3.86,4.82,0.0,0.0,0.6,0.4,1.0
718595,2023,2023-04-12,mlb,TEX,KCR,53.49300527607529,41.450972950495625,3.63,4.57,0.0,0.0,0.6,0.3,0.0
718612,2023,2023-04-12,mlb,SFG,LAD,41.21396826950983,52.881054097750265,3.87,2.46,0.0,0.0,0.5,0.5,0.0
718596,2023,2023-04-13,mlb,BAL,ATH,48.236146371587125,36.13080527686773,4.42,10.07,0.0,0.0,0.5,0.2,1.0
718608,2023,2023-04-12,mlb,PIT,HOU,41.66652411136119,52.26159782076136,5.41,5.29,0.0,0.0,0.6,0.4,0.0
718624,2023,2023-04-11,mlb,SFG,LAD,41.21396826950983,52.881054097750265,4.33,2.63,0.0,0.0,0.4,0.5,1.0
718611,2023,2023-04-11,mlb,ARI,MIL,46.61703093617329,44.26372698544554,3.29,3.39,0.0,0.0,0.7,0.7,0.0
718614,2023,2023-04-11,mlb,LAA,WSN,44.88797413928977,40.88283012079975,3.14,3.91,0.0,0.0,0.5,0.4,1.0
718629,2023,2023-04-10,mlb,COL,STL,40.803785600090585,45.332448715953014,4.95,3.86,0.0,0.0,0.4,0.3333333333333333,1.0
718631,2023,2023-04-10,mlb,LAA,WSN,44.88797413928977,40.88283012079975,8.29,5.2,0.0,0.0,0.5555555555555556,0.3,0.0
718627,2023,2023-04-10,mlb,ARI,MIL,46.61703093617329,44.26372698544554,3.47,3.14,0.0,0.0,0.6,0.7777777777777778,1.0
718641,2023,2023-04-10,mlb,SFG,LAD,41.21396826950983,52.881054097750265,3.25,4.6,0.0,0.0,0.4444444444444444,0.5,0.0
718626,2023,2023-04-11,mlb,CLE,NYY,39.04999341574157,43.555057943600616,4.5,2.63,0.0,0.0,0.7,0.6,0.0
718618,2023,2023-04-11,mlb,BAL,ATH,48.236146371587125,36.13080527686773,4.35,7.6,0.0,0.0,0.5,0.2,1.0
718623,2023,2023-04-11,mlb,PIT,HOU,41.66652411136119,52.26159782076136,4.21,4.56,0.0,0.0,0.6,0.5,1.0
718594,2023,2023-04-13,mlb,TBR,BOS,50.04796368550927,47.295496550395896,0.56,7.04,0.0,0.0,1.0,0.4,1.0
718625,2023,2023-04-11,mlb,TBR,BOS,50.04796368550927,47.295496550395896,3.29,5.15,0.0,0.0,1.0,0.5,1.0
718622,2023,2023-04-11,mlb,TOR,DET,48.81365443114781,41.6807004965427,5.87,3.58,1.0,1.0,0.6,0.2222222222222222,1.0
718621,2023,2023-04-11,mlb,NYM,SDP,46.1675921482945,47.896637273871,5.03,6.55,0.0,0.0,0.5,0.6,0.0
718620,2023,2023-04-11,mlb,ATL,CIN,63.847983611293685,44.78260134821402,6.97,9.0,0.0,0.0,0.6,0.4444444444444444,1.0
718617,2023,2023-04-11,mlb,CHC,SEA,49.69176903948828,49.02919211539274,4.63,6.86,0.0,0.0,0.5555555555555556,0.3,1.0
718616,2023,2023-04-11,mlb,MIN,CHW,46.9927878392028,37.820530657144026,3.66,5.73,0.0,0.0,0.6,0.4,1.0
718615,2023,2023-04-11,mlb,TEX,KCR,53.49300527607529,41.450972950495625,2.67,6.28,0.0,0.0,0.6,0.3,1.0
718613,2023,2023-04-11,mlb,COL,STL,40.803785600090585,45.332448715953014,5.03,4.78,0.0,0.0,0.4,0.3,0.0
718619,2023,2023-04-11,mlb,PHI,MIA,52.042264664363394,44.96868169547329,4.46,3.58,0.0,0.0,0.4,0.4,0.0
718628,2023,2023-04-10,mlb,CHC,SEA,49.69176903948828,49.02919211539274,5.0,3.34,0.0,0.0,0.5,0.4,1.0
718597,2023,2023-04-13,mlb,CIN,PHI,44.78260134821402,52.042264664363394,6.29,5.36,0.0,0.0,0.4,0.4,1.0
718593,2023,2023-04-13,mlb,TOR,DET,48.81365443114781,41.6807004965427,3.6,7.26,0.0,0.0,0.7,0.2,0.0
718568,2023,2023-04-15,mlb,STL,PIT,45.332448715953014,41.66652411136119,3.86,6.59,0.0,0.0,0.4,0.6,0.0
718569,2023,2023-04-15,mlb,TOR,TBR,48.81365443114781,50.04796368550927,3.86,7.01,0.0,0.0,0.8,0.9,1.0
718573,2023,2023-04-15,mlb,WSN,CLE,40.88283012079975,39.04999341574157,8.45,7.59,0.0,0.0,0.3,0.5,0.0
718560,2023,2023-04-15,mlb,SDP,MIL,47.896637273871,44.26372698544554,3.57,3.86,0.0,0.0,0.4,0.7,1.0
718565,2023,2023-04-15,mlb,ATH,NYM,36.13080527686773,46.1675921482945,7.18,6.8,0.0,0.0,0.2,0.5,0.0
718576,2023,2023-04-15,mlb,BOS,LAA,47.295496550395896,44.88797413928977,4.04,5.43,0.0,0.0,0.4,0.5,1.0
718566,2023,2023-04-15,mlb,CIN,PHI,44.78260134821402,52.042264664363394,4.76,3.29,0.0,0.0,0.3,0.5,1.0
718563,2023,2023-04-15,mlb,KCR,ATL,41.450972950495625,63.847983611293685,3.94,3.81,0.0,0.0,0.3,0.7,0.0
718567,2023,2023-04-15,mlb,MIA,ARI,44.96868169547329,46.61703093617329,3.66,5.31,0.0,0.0,0.6,0.6,1.0
718562,2023,2023-04-15,mlb,HOU,TEX,52.26159782076136,53.49300527607529,5.09,4.12,0.0,0.0,0.4,0.5,1.0
718564,2023,2023-04-15,mlb,LAD,CHC,52.881054097750265,49.69176903948828,6.13,4.84,0.0,0.0,0.5,0.6,1.0
718561,2023,2023-04-15,mlb,SEA,COL,49.02919211539274,40.803785600090585,3.35,5.82,0.0,0.0,0.5,0.3,1.0
718559,2023,2023-04-16,mlb,BOS,LAA,47.295496550395896,44.88797413928977,5.15,4.48,0.0,0.0,0.5,0.4,1.0
718555,2023,2023-04-16,mlb,WSN,CLE,40.88283012079975,39.04999341574157,5.2,3.8,0.0,0.0,0.3,0.5,1.0
718557,2023,2023-04-16,mlb,NYY,MIN,43.555057943600616,46.9927878392028,2.63,3.66,0.0,0.0,0.6,0.6,1.0
718570,2023,2023-04-15,mlb,CHW,BAL,37.820530657144026,48.236146371587125,5.43,4.73,0.0,0.0,0.3,0.6,1.0
718571,2023,2023-04-15,mlb,DET,SFG,41.6807004965427,41.21396826950983,4.18,4.88,0.0,0.0,0.4,0.4,1.0
718572,2023,2023-04-15,mlb,NYY,MIN,43.555057943600616,46.9927878392028,4.56,3.16,0.0,0.0,0.5,0.6,1.0
718577,2023,2023-04-14,mlb,SEA,COL,49.02919211539274,40.803785600090585,2.0,5.5,1.0,1.0,0.4,0.3,1.0
718591,2023,2023-04-13,mlb,STL,PIT,45.332448715953014,41.66652411136119,3.2,3.86,0.0,0.0,0.4,0.6,0.0
718589,2023,2023-04-13,mlb,SDP,MIL,47.896637273871,44.26372698544554,3.43,4.55,0.0,0.0,0.6,0.7,0.0
718585,2023,2023-04-14,mlb,DET,SFG,41.6807004965427,41.21396826950983,6.9,4.44,0.0,1.0,0.3,0.4,1.0
718586,2023,2023-04-14,mlb,CIN,PHI,44.78260134821402,52.042264664363394,11.45,4.38,0.0,0.0,0.4,0.4,0.0
718584,2023,2023-04-14,mlb,MIA,ARI,44.96868169547329,46.61703093617329,4.0,10.26,1.0,1.0,0.5,0.7,1.0
718592,2023,2023-04-14,mlb,WSN,CLE,40.88283012079975,39.04999341574157,5.55,5.24,1.0,1.0,0.3,0.5,0.0
718588,2023,2023-04-14,mlb,NYY,MIN,43.555057943600616,46.9927878392028,4.97,4.63,0.0,0.0,0.6,0.6,0.0
718590,2023,2023-04-13,mlb,NYY,MIN,43.555057943600616,46.9927878392028,4.28,4.51,0.0,0.0,0.7,0.6,0.0
718587,2023,2023-04-14,mlb,TOR,TBR,48.81365443114781,50.04796368550927,3.65,2.62,0.0,0.0,0.7,1.0,1.0
718583,2023,2023-04-14,mlb,CHW,BAL,37.820530657144026,48.236146371587125,3.77,3.64,1.0,0.0,0.4,0.6,0.0
718581,2023,2023-04-14,mlb,HOU,TEX,52.26159782076136,53.49300527607529,4.0,4.45,1.0,1.0,0.4,0.5,0.0
718579,2023,2023-04-14,mlb,KCR,ATL,41.450972950495625,63.847983611293685,5.52,3.64,1.0,1.0,0.4,0.7,0.0
718582,2023,2023-04-14,mlb,STL,PIT,45.332448715953014,41.66652411136119,6.23,4.31,0.0,0.0,0.3,0.7,1.0
718578,2023,2023-04-14,mlb,ATH,NYM,36.13080527686773,46.1675921482945,6.34,2.98,0.0,1.0,0.2,0.5,0.0
718574,2023,2023-04-14,mlb,SDP,MIL,47.896637273871,44.26372698544554,3.22,6.56,0.0,0.0,0.5,0.7,0.0
718575,2023,2023-04-14,mlb,LAD,CHC,52.881054097750265,49.69176903948828,6.5,3.06,1.0,1.0,0.5,0.5,0.0
718580,2023,2023-04-14,mlb,BOS,LAA,47.295496550395896,44.88797413928977,5.01,4.11,0.0,1.0,0.3,0.6,1.0
718176,2023,2023-05-14,mlb,CHW,HOU,37.820530657144026,52.26159782076136,4.88,5.09,0.0,0.0,0.4,0.4,0.0
718177,2023,2023-05-14,mlb,MIL,KCR,44.26372698544554,41.450972950495625,4.55,6.28,0.0,0.0,0.4,0.4,1.0
718174,2023,2023-05-14,mlb,COL,PHI,40.803785600090585,52.042264664363394,5.03,4.46,0.0,0.0,0.6,0.5,1.0
717770,2023,2023-06-14,mlb,DET,ATL,41.6807004965427,63.847983611293685,3.99,3.86,1.0,1.0,0.1111111111111111,0.7,0.0
717771,2023,2023-06-14,mlb,MIN,MIL,46.9927878392028,44.26372698544554,3.43,4.55,0.0,0.0,0.4,0.4,1.0
717767,2023,2023-06-14,mlb,STL,SFG,45.332448715953014,41.21396826950983,3.2,4.88,0.0,0.0,0.2,0.7,0.0
717769,2023,2023-06-14,mlb,BAL,TOR,48.236146371587125,48.81365443114781,2.83,3.65,0.0,0.0,0.7,0.6,0.0
717768,2023,2023-06-14,mlb,BOS,COL,47.295496550395896,40.803785600090585,5.15,5.5,0.0,0.0,0.3,0.4,1.0
717766,2023,2023-06-14,mlb,NYM,NYY,46.1675921482945,43.555057943600616,3.22,2.63,0.0,0.0,0.1,0.4444444444444444,1.0
717763,2023,2023-06-14,mlb,CHC,PIT,49.69176903948828,41.66652411136119,5.0,5.86,0.0,0.0,0.4,0.6,1.0
717765,2023,2023-06-14,mlb,TEX,LAA,53.49300527607529,44.88797413928977,4.15,4.48,0.0,0.0,0.5,0.8,1.0
717764,2023,2023-06-14,mlb,KCR,CIN,41.450972950495625,44.78260134821402,4.64,5.38,0.0,0.0,0.1,0.7,0.0
717762,2023,2023-06-14,mlb,HOU,WSN,52.26159782076136,40.88283012079975,3.45,3.91,0.0,0.0,0.4,0.3,1.0
717758,2023,2023-06-14,mlb,SDP,CLE,47.896637273871,39.04999341574157,3.22,3.46,0.0,0.0,0.6,0.6,1.0
717761,2023,2023-06-14,mlb,ATH,TBR,36.13080527686773,50.04796368550927,5.42,3.53,0.0,0.0,0.7,0.7,0.0
717757,2023,2023-06-14,mlb,ARI,PHI,46.61703093617329,52.042264664363394,3.29,4.18,0.0,0.0,0.7,0.7777777777777778,0.0
717759,2023,2023-06-14,mlb,SEA,MIA,49.02919211539274,44.96868169547329,3.34,3.15,0.0,0.0,0.4,0.7,0.0
717784,2023,2023-06-14,mlb,DET,ATL,41.6807004965427,63.847983611293685,3.99,3.86,0.0,0.0,0.1111111111111111,0.8,
717760,2023,2023-06-14,mlb,LAD,CHW,52.881054097750265,37.820530657144026,2.46,3.77,0.0,0.0,0.4,0.6666666666666666,0.0
717776,2023,2023-06-13,mlb,LAD,CHW,52.881054097750265,37.820530657144026,4.98,5.73,1.0,1.0,0.3,0.6666666666666666,1.0
717775,2023,2023-06-13,mlb,ARI,PHI,46.61703093617329,52.042264664363394,7.0,3.61,0.0,0.0,0.8,0.6666666666666666,0.0
717793,2023,2023-06-12,mlb,KCR,CIN,41.450972950495625,44.78260134821402,5.06,6.4,0.0,0.0,0.1,0.5,0.0
717789,2023,2023-06-12,mlb,ATH,TBR,36.13080527686773,50.04796368550927,6.34,3.5,0.0,0.0,0.5,0.8,1.0
717785,2023,2023-06-12,mlb,ARI,PHI,46.61703093617329,52.042264664363394,4.15,3.29,0.0,0.0,0.8,0.6666666666666666,1.0
717786,2023,2023-06-12,mlb,SEA,MIA,49.02919211539274,44.96868169547329,4.32,3.58,0.0,0.0,0.3,0.8,1.0
717787,2023,2023-06-13,mlb,BAL,TOR,48.236146371587125,48.81365443114781,4.12,3.6,1.0,1.0,0.6,0.7,1.0
717788,2023,2023-06-13,mlb,BOS,COL,47.295496550395896,40.803785600090585,4.04,5.42,0.0,0.0,0.3,0.4,0.0
717779,2023,2023-06-13,mlb,NYM,NYY,46.1675921482945,43.555057943600616,3.77,6.65,1.0,1.0,0.2,0.3333333333333333,0.0
717783,2023,2023-06-13,mlb,MIN,MIL,46.9927878392028,44.26372698544554,3.66,3.39,1.0,1.0,0.4,0.5,1.0
717781,2023,2023-06-13,mlb,STL,SFG,45.332448715953014,41.21396826950983,4.99,3.87,0.0,0.0,0.2,0.6,0.0
717782,2023,2023-06-13,mlb,CHC,PIT,49.69176903948828,41.66652411136119,4.84,4.78,1.0,1.0,0.4,0.7,1.0
717780,2023,2023-06-13,mlb,TEX,LAA,53.49300527607529,44.88797413928977,5.3,5.68,0.0,0.0,0.6,0.7,0.0
717777,2023,2023-06-13,mlb,KCR,CIN,41.450972950495625,44.78260134821402,6.28,4.46,0.0,0.0,0.1,0.6,0.0
717778,2023,2023-06-13,mlb,HOU,WSN,52.26159782076136,40.88283012079975,5.09,5.2,1.0,1.0,0.4,0.3,1.0
717772,2023,2023-06-13,mlb,SDP,CLE,47.896637273871,39.04999341574157,3.05,2.98,1.0,1.0,0.6,0.6,1.0
717774,2023,2023-06-13,mlb,ATH,TBR,36.13080527686773,50.04796368550927,7.18,5.95,0.0,0.0,0.6,0.8,1.0
717773,2023,2023-06-13,mlb,SEA,MIA,49.02919211539274,44.96868169547329,3.35,4.24,0.0,0.0,0.4,0.8,1.0
717753,2023,2023-06-15,mlb,BAL,TOR,48.236146371587125,48.81365443114781,3.64,3.86,0.0,0.0,0.6,0.6,1.0
717756,2023,2023-06-15,mlb,ATH,TBR,36.13080527686773,50.04796368550927,4.43,5.59,0.0,0.0,0.7,0.7,0.0
717755,2023,2023-06-15,mlb,ARI,PHI,46.61703093617329,52.042264664363394,5.31,4.46,0.0,0.0,0.6,0.7777777777777778,0.0
717731,2023,2023-06-16,mlb,LAD,SFG,52.881054097750265,41.21396826950983,4.92,3.99,0.0,1.0,0.4,0.7,0.0
717733,2023,2023-06-16,mlb,SEA,CHW,49.02919211539274,37.820530657144026,4.21,5.43,1.0,0.0,0.4,0.5555555555555556,1.0
717728,2023,2023-06-17,mlb,MIN,DET,46.9927878392028,41.6807004965427,4.67,6.9,0.0,0.0,0.4,0.375,1.0
717729,2023,2023-06-17,mlb,CHC,BAL,49.69176903948828,48.236146371587125,3.06,4.73,0.0,0.0,0.6,0.6,1.0
717723,2023,2023-06-17,mlb,TEX,TOR,53.49300527607529,48.81365443114781,3.7,4.95,0.0,0.0,0.3,0.6,1.0
717734,2023,2023-06-17,mlb,WSN,MIA,40.88283012079975,44.96868169547329,4.61,3.66,0.0,0.0,0.2,0.7,0.0
717725,2023,2023-06-17,mlb,ATH,PHI,36.13080527686773,52.042264664363394,6.34,3.44,0.0,0.0,0.7,0.7777777777777778,0.0
717727,2023,2023-06-17,mlb,HOU,CIN,52.26159782076136,44.78260134821402,3.83,4.82,0.0,0.0,0.3,0.8,0.0
717726,2023,2023-06-17,mlb,KCR,LAA,41.450972950495625,44.88797413928977,6.15,4.32,0.0,0.0,0.0,0.8,1.0
717718,2023,2023-06-17,mlb,NYM,STL,46.1675921482945,45.332448715953014,2.98,7.4,0.0,0.0,0.3,0.2,0.0
717724,2023,2023-06-17,mlb,ATL,COL,63.847983611293685,40.803785600090585,3.81,7.52,0.0,0.0,0.7777777777777778,0.3,1.0
717722,2023,2023-06-17,mlb,SEA,CHW,49.02919211539274,37.820530657144026,3.73,4.88,0.0,0.0,0.5,0.4444444444444444,0.0
717720,2023,2023-06-17,mlb,MIL,PIT,44.26372698544554,41.66652411136119,3.14,4.21,0.0,0.0,0.3,0.3,1.0
717717,2023,2023-06-17,mlb,SDP,TBR,47.896637273871,50.04796368550927,2.25,3.5,0.0,0.0,0.6,0.7,1.0
717721,2023,2023-06-17,mlb,LAD,SFG,52.881054097750265,41.21396826950983,3.76,4.33,0.0,0.0,0.4,0.8,0.0
717735,2023,2023-06-16,mlb,ATH,PHI,36.13080527686773,52.042264664363394,4.54,4.38,0.0,0.0,0.7,0.7777777777777778,0.0
717732,2023,2023-06-16,mlb,SDP,TBR,47.896637273871,50.04796368550927,4.56,3.29,0.0,0.0,0.6,0.7,0.0
717739,2023,2023-06-16,mlb,ARI,CLE,46.61703093617329,39.04999341574157,3.47,4.97,0.0,0.0,0.6,0.6,1.0
717740,2023,2023-06-16,mlb,MIL,PIT,44.26372698544554,41.66652411136119,4.4,5.41,1.0,0.0,0.3,0.4,1.0
717752,2023,2023-06-15,mlb,MIN,DET,46.9927878392028,41.6807004965427,2.79,5.45,0.0,0.0,0.4,0.125,0.0
717754,2023,2023-06-15,mlb,ATL,COL,63.847983611293685,40.803785600090585,4.26,5.03,0.0,0.0,0.7777777777777778,0.3,1.0
717747,2023,2023-06-15,mlb,CHC,PIT,49.69176903948828,41.66652411136119,3.95,4.31,0.0,0.0,0.5,0.5,1.0
717751,2023,2023-06-15,mlb,TEX,LAA,53.49300527607529,44.88797413928977,3.63,3.14,0.0,0.0,0.5,0.8,0.0
717746,2023,2023-06-15,mlb,HOU,WSN,52.26159782076136,40.88283012079975,4.56,4.42,0.0,0.0,0.4,0.2,0.0
717750,2023,2023-06-15,mlb,SDP,CLE,47.896637273871,39.04999341574157,6.55,3.81,0.0,0.0,0.7,0.6,0.0
717748,2023,2023-06-15,mlb,LAD,CHW,52.881054097750265,37.820530657144026,6.13,4.58,0.0,0.0,0.3,0.6666666666666666,1.0
717792,2023,2023-06-12,mlb,TEX,LAA,53.49300527607529,44.88797413928977,3.7,5.43,0.0,0.0,0.6,0.6,0.0
717744,2023,2023-06-16,mlb,CHC,BAL,49.69176903948828,48.236146371587125,3.74,4.42,0.0,0.0,0.5,0.7,1.0
717743,2023,2023-06-16,mlb,NYM,STL,46.1675921482945,45.332448715953014,4.7,4.78,1.0,1.0,0.2,0.2,1.0
717742,2023,2023-06-16,mlb,BOS,NYY,47.295496550395896,43.555057943600616,5.01,4.56,1.0,1.0,0.4,0.4444444444444444,1.0
717745,2023,2023-06-16,mlb,ATL,COL,63.847983611293685,40.803785600090585,5.81,11.71,0.0,0.0,0.7777777777777778,0.3,1.0
717741,2023,2023-06-16,mlb,TEX,TOR,53.49300527607529,48.81365443114781,4.45,3.16,0.0,0.0,0.4,0.5,0.0
717737,2023,2023-06-16,mlb,HOU,CIN,52.26159782076136,44.78260134821402,3.83,3.87,0.0,1.0,0.4,0.8,0.0
717736,2023,2023-06-16,mlb,KCR,LAA,41.450972950495625,44.88797413928977,5.52,4.11,1.0,0.0,0.1,0.8,0.0
717738,2023,2023-06-16,mlb,MIN,DET,46.9927878392028,41.6807004965427,4.51,2.98,0.0,0.0,0.4,0.25,0.0
717749,2023,2023-06-16,mlb,WSN,MIA,40.88283012079975,44.96868169547329,5.55,4.14,0.0,1.0,0.2,0.7,0.0
717791,2023,2023-06-12,mlb,STL,SFG,45.332448715953014,41.21396826950983,5.25,3.25,0.0,0.0,0.3,0.5,0.0
717794,2023,2023-06-12,mlb,BOS,COL,47.295496550395896,40.803785600090585,4.5,7.52,0.0,0.0,0.4,0.3,0.0
717790,2023,2023-06-12,mlb,DET,ATL,41.6807004965427,63.847983611293685,5.46,3.64,0.0,0.0,0.1111111111111111,0.8,1.0
717846,2023,2023-06-08,mlb,COL,SFG,40.803785600090585,41.21396826950983,5.42,3.87,0.0,0.0,0.3,0.5,0.0
717848,2023,2023-06-08,mlb,NYY,CHW,43.555057943600616,37.820530657144026,6.65,5.73,1.0,1.0,0.6,0.6,0.0
717843,2023,2023-06-08,mlb,TOR,HOU,48.81365443114781,52.26159782076136,3.65,3.45,0.0,0.0,0.8,0.5,1.0
717842,2023,2023-06-08,mlb,CLE,BOS,39.04999341574157,47.295496550395896,3.46,6.75,0.0,0.0,0.6,0.3,1.0
717840,2023,2023-06-08,mlb,ATL,NYM,63.847983611293685,46.1675921482945,3.86,3.22,0.0,0.0,0.6,0.3,1.0
717838,2023,2023-06-08,mlb,LAA,CHC,44.88797413928977,49.69176903948828,4.48,5.0,0.0,0.0,0.5,0.4,1.0
717834,2023,2023-06-09,mlb,DET,ARI,41.6807004965427,46.61703093617329,4.18,3.29,0.0,1.0,0.2222222222222222,0.8,0.0
717827,2023,2023-06-09,mlb,TBR,TEX,50.04796368550927,53.49300527607529,3.53,4.15,0.0,1.0,0.7,0.7,1.0
717839,2023,2023-06-09,mlb,BAL,KCR,48.236146371587125,41.450972950495625,3.64,4.64,0.0,1.0,0.5,0.3,1.0
717836,2023,2023-06-09,mlb,PIT,NYM,41.66652411136119,46.1675921482945,5.41,4.7,1.0,0.0,0.6,0.3,1.0
717837,2023,2023-06-09,mlb,PHI,LAD,52.042264664363394,52.881054097750265,4.18,6.13,0.0,0.0,0.4444444444444444,0.4,1.0
717841,2023,2023-06-09,mlb,NYY,BOS,43.555057943600616,47.295496550395896,2.63,5.15,0.0,0.0,0.5555555555555556,0.3,0.0
717849,2023,2023-06-08,mlb,MIL,BAL,44.26372698544554,48.236146371587125,4.55,2.83,0.0,0.0,0.7,0.4,0.0
717845,2023,2023-06-08,mlb,TBR,MIN,50.04796368550927,46.9927878392028,5.4,3.43,0.0,0.0,0.7,0.4,1.0
717844,2023,2023-06-08,mlb,CIN,LAD,44.78260134821402,52.881054097750265,4.76,2.46,0.0,0.0,0.6,0.4,0.0
717857,2023,2023-06-08,mlb,NYY,CHW,43.555057943600616,37.820530657144026,,5.73,0.0,0.0,0.6,0.6,
717861,2023,2023-06-06,mlb,LAA,CHC,44.88797413928977,49.69176903948828,5.43,4.63,1.0,0.0,0.3,0.4,1.0
717864,2023,2023-06-06,mlb,SDP,SEA,47.896637273871,49.02919211539274,3.05,3.73,0.0,1.0,0.5,0.4,0.0
717865,2023,2023-06-07,mlb,PIT,ATH,41.66652411136119,36.13080527686773,6.59,7.14,0.0,0.0,0.6,0.3,0.0
717863,2023,2023-06-07,mlb,SDP,SEA,47.896637273871,49.02919211539274,3.22,3.35,0.0,0.0,0.4,0.4,1.0
717860,2023,2023-06-07,mlb,MIA,KCR,44.96868169547329,41.450972950495625,4.24,6.28,0.0,0.0,0.8,0.3,1.0
717859,2023,2023-06-07,mlb,TBR,MIN,50.04796368550927,46.9927878392028,1.38,3.66,0.0,0.0,0.6,0.5,1.0
717866,2023,2023-06-07,mlb,WSN,ARI,40.88283012079975,46.61703093617329,5.2,7.0,0.0,0.0,0.4,0.7,0.0
717835,2023,2023-06-09,mlb,TOR,MIN,48.81365443114781,46.9927878392028,3.86,2.79,0.0,0.0,0.8,0.4,0.0
717856,2023,2023-06-07,mlb,TOR,HOU,48.81365443114781,52.26159782076136,3.6,4.5,0.0,0.0,0.7,0.6,1.0
717853,2023,2023-06-07,mlb,CIN,LAD,44.78260134821402,52.881054097750265,4.46,6.5,0.0,0.0,0.6,0.4,1.0
717850,2023,2023-06-07,mlb,ATL,NYM,63.847983611293685,46.1675921482945,3.64,3.77,0.0,0.0,0.5,0.4,1.0
717851,2023,2023-06-07,mlb,MIL,BAL,44.26372698544554,48.236146371587125,3.39,4.12,0.0,0.0,0.6,0.4,1.0
717854,2023,2023-06-07,mlb,TEX,STL,53.49300527607529,45.332448715953014,4.12,4.99,0.0,0.0,0.8,0.2,0.0
717852,2023,2023-06-07,mlb,COL,SFG,40.803785600090585,41.21396826950983,7.52,3.25,0.0,0.0,0.4,0.5,0.0
717855,2023,2023-06-07,mlb,LAA,CHC,44.88797413928977,49.69176903948828,5.68,4.84,0.0,0.0,0.4,0.4,1.0
717862,2023,2023-06-08,mlb,PHI,DET,52.042264664363394,41.6807004965427,3.61,3.99,1.0,1.0,0.5,0.3,
717858,2023,2023-06-07,mlb,CLE,BOS,39.04999341574157,47.295496550395896,2.98,4.04,0.0,0.0,0.5,0.4,1.0
717719,2023,2023-06-17,mlb,ARI,CLE,46.61703093617329,39.04999341574157,4.15,3.8,0.0,0.0,0.7,0.5,1.0
717833,2023,2023-06-09,mlb,CLE,HOU,39.04999341574157,52.26159782076136,3.81,4.56,0.0,0.0,0.6,0.5,1.0
717828,2023,2023-06-09,mlb,CHW,MIA,37.820530657144026,44.96868169547329,4.58,3.15,0.0,1.0,0.6666666666666666,0.8,1.0
717804,2023,2023-06-11,mlb,DET,ARI,41.6807004965427,46.61703093617329,2.98,3.47,0.0,0.0,0.1111111111111111,0.8,0.0
717802,2023,2023-06-11,mlb,CLE,HOU,39.04999341574157,52.26159782076136,3.8,3.83,0.0,0.0,0.6,0.5,1.0
717808,2023,2023-06-11,mlb,BAL,KCR,48.236146371587125,41.450972950495625,4.73,5.27,0.0,0.0,0.6,0.2,1.0
717803,2023,2023-06-11,mlb,PIT,NYM,41.66652411136119,46.1675921482945,4.21,6.8,0.0,0.0,0.7,0.3,1.0
717806,2023,2023-06-11,mlb,PHI,LAD,52.042264664363394,52.881054097750265,4.38,3.43,0.0,0.0,0.5555555555555556,0.4,1.0
717807,2023,2023-06-11,mlb,ATL,WSN,63.847983611293685,40.88283012079975,3.81,5.55,0.0,0.0,0.8,0.2,0.0
717805,2023,2023-06-11,mlb,TOR,MIN,48.81365443114781,46.9927878392028,3.16,4.63,0.0,0.0,0.7,0.5,1.0
717801,2023,2023-06-11,mlb,TBR,TEX,50.04796368550927,53.49300527607529,3.29,4.45,0.0,0.0,0.8,0.7,1.0
717795,2023,2023-06-11,mlb,CHW,MIA,37.820530657144026,44.96868169547329,4.88,3.66,0.0,0.0,0.7777777777777778,0.8,0.0
717800,2023,2023-06-11,mlb,MIL,ATH,44.26372698544554,36.13080527686773,3.86,4.54,0.0,0.0,0.5,0.5,0.0
717797,2023,2023-06-11,mlb,STL,CIN,45.332448715953014,44.78260134821402,7.4,4.82,0.0,0.0,0.3,0.4,0.0
717798,2023,2023-06-11,mlb,COL,SDP,40.803785600090585,47.896637273871,11.71,2.25,0.0,0.0,0.2,0.6,1.0
717796,2023,2023-06-11,mlb,SFG,CHC,41.21396826950983,49.69176903948828,3.99,4.63,0.0,0.0,0.4,0.4,1.0
717799,2023,2023-06-11,mlb,LAA,SEA,44.88797413928977,49.02919211539274,4.32,3.73,0.0,0.0,0.6,0.3,1.0
717810,2023,2023-06-11,mlb,NYY,BOS,43.555057943600616,47.295496550395896,4.64,4.24,0.0,0.0,0.4444444444444444,0.4,0.0
717809,2023,2023-06-10,mlb,LAA,SEA,44.88797413928977,49.02919211539274,4.11,4.21,0.0,0.0,0.6,0.3,0.0
717825,2023,2023-06-10,mlb,NYY,BOS,43.555057943600616,47.295496550395896,4.56,5.01,0.0,0.0,0.4444444444444444,0.4,1.0
717826,2023,2023-06-10,mlb,SFG,CHC,41.21396826950983,49.69176903948828,3.99,3.74,0.0,0.0,0.5,0.4,0.0
717815,2023,2023-06-10,mlb,CLE,HOU,39.04999341574157,52.26159782076136,5.06,3.83,0.0,0.0,0.6,0.4,0.0
717831,2023,2023-06-09,mlb,MIL,ATH,44.26372698544554,36.13080527686773,4.12,3.03,0.0,1.0,0.6,0.4,0.0
717832,2023,2023-06-09,mlb,STL,CIN,45.332448715953014,44.78260134821402,3.2,5.38,1.0,0.0,0.3,0.5,1.0
717830,2023,2023-06-09,mlb,COL,SDP,40.803785600090585,47.896637273871,5.5,4.56,0.0,1.0,0.2,0.5,0.0
717824,2023,2023-06-09,mlb,LAA,SEA,44.88797413928977,49.02919211539274,3.14,3.34,0.0,1.0,0.6,0.4,1.0
717823,2023,2023-06-09,mlb,SFG,CHC,41.21396826950983,49.69176903948828,4.88,3.95,0.0,0.0,0.5,0.4,0.0
717821,2023,2023-06-10,mlb,DET,ARI,41.6807004965427,46.61703093617329,5.45,5.31,0.0,0.0,0.1111111111111111,0.8,0.0
717820,2023,2023-06-10,mlb,CHW,MIA,37.820530657144026,44.96868169547329,5.43,4.14,0.0,0.0,0.7777777777777778,0.7,0.0
717829,2023,2023-06-09,mlb,ATL,WSN,63.847983611293685,40.88283012079975,4.26,3.91,0.0,1.0,0.7,0.3,1.0
717817,2023,2023-06-10,mlb,STL,CIN,45.332448715953014,44.78260134821402,4.78,3.87,0.0,0.0,0.3,0.4,0.0
717819,2023,2023-06-10,mlb,COL,SDP,40.803785600090585,47.896637273871,5.03,6.55,0.0,0.0,0.2,0.6,0.0
717818,2023,2023-06-10,mlb,BAL,KCR,48.236146371587125,41.450972950495625,4.42,5.52,0.0,0.0,0.5,0.3,1.0
717812,2023,2023-06-10,mlb,PIT,NYM,41.66652411136119,46.1675921482945,4.31,2.98,0.0,0.0,0.7,0.3,0.0
717811,2023,2023-06-10,mlb,PHI,LAD,52.042264664363394,52.881054097750265,4.46,3.76,0.0,0.0,0.5555555555555556,0.4,0.0
717813,2023,2023-06-10,mlb,TBR,TEX,50.04796368550927,53.49300527607529,5.59,3.63,0.0,0.0,0.8,0.7,0.0
717816,2023,2023-06-10,mlb,ATL,WSN,63.847983611293685,40.88283012079975,5.81,4.42,0.0,0.0,0.7,0.2,1.0
717814,2023,2023-06-10,mlb,MIL,ATH,44.26372698544554,36.13080527686773,4.4,4.43,0.0,0.0,0.6,0.5,0.0
717822,2023,2023-06-10,mlb,TOR,MIN,48.81365443114781,46.9927878392028,4.95,4.51,0.0,0.0,0.7,0.4,0.0
717869,2023,2023-06-06,mlb,COL,SFG,40.803785600090585,41.21396826950983,11.71,3.99,1.0,1.0,0.4,0.5,0.0
717716,2023,2023-06-18,mlb,ATL,COL,63.847983611293685,40.803785600090585,3.64,5.42,0.0,0.0,0.7777777777777778,0.3,1.0
717619,2023,2023-06-25,mlb,TBR,KCR,50.04796368550927,41.450972950495625,3.53,4.64,0.0,0.0,0.5,0.4,1.0
717618,2023,2023-06-25,mlb,CIN,ATL,44.78260134821402,63.847983611293685,9.58,3.64,0.0,0.0,0.9,0.8888888888888888,0.0
717620,2023,2023-06-25,mlb,MIA,PIT,44.96868169547329,41.66652411136119,3.15,4.31,0.0,0.0,0.7,0.1,1.0
717613,2023,2023-06-25,mlb,CLE,MIL,39.04999341574157,44.26372698544554,3.46,3.39,0.0,0.0,0.6,0.5,0.0
717614,2023,2023-06-25,mlb,CHW,BOS,37.820530657144026,47.295496550395896,4.43,4.04,0.0,0.0,0.4,0.7,1.0
717616,2023,2023-06-25,mlb,COL,LAA,40.803785600090585,44.88797413928977,5.5,5.43,0.0,0.0,0.1,0.5,1.0
717612,2023,2023-06-25,mlb,SFG,ARI,41.21396826950983,46.61703093617329,4.88,5.31,0.0,0.0,0.9,0.5,0.0
717610,2023,2023-06-25,mlb,SDP,WSN,47.896637273871,40.88283012079975,3.57,4.42,0.0,0.0,0.4,0.3,0.0
717615,2023,2023-06-25,mlb,LAD,HOU,52.881054097750265,52.26159782076136,4.98,5.09,0.0,0.0,0.6,0.3,0.0
717611,2023,2023-06-26,mlb,BAL,CIN,48.236146371587125,44.78260134821402,4.42,4.46,0.0,0.0,0.5,0.8,1.0
717607,2023,2023-06-26,mlb,NYM,MIL,46.1675921482945,44.26372698544554,3.22,4.55,0.0,0.0,0.4,0.6,0.0
717609,2023,2023-06-26,mlb,ATL,MIN,63.847983611293685,46.9927878392028,3.86,2.79,0.0,0.0,0.8888888888888888,0.5,1.0
717606,2023,2023-06-26,mlb,TEX,DET,53.49300527607529,41.6807004965427,4.15,5.45,0.0,0.0,0.5,0.6,0.0
717608,2023,2023-06-26,mlb,LAA,CHW,44.88797413928977,37.820530657144026,4.48,4.58,0.0,0.0,0.4,0.4,1.0
717602,2023,2023-06-26,mlb,SEA,WSN,49.02919211539274,40.88283012079975,3.34,5.55,0.0,0.0,0.4,0.3,1.0
717617,2023,2023-06-25,mlb,TOR,ATH,48.81365443114781,36.13080527686773,3.86,5.42,0.0,0.0,0.5,0.1,1.0
717601,2023,2023-06-27,mlb,BAL,CIN,48.236146371587125,44.78260134821402,3.64,3.87,0.0,0.0,0.6,0.7,0.0
717622,2023,2023-06-25,mlb,NYY,TEX,43.555057943600616,53.49300527607529,2.63,3.63,0.0,0.0,0.4,0.6,1.0
717627,2023,2023-06-25,mlb,BAL,SEA,48.236146371587125,49.02919211539274,2.83,3.35,0.0,0.0,0.5,0.5,1.0
717639,2023,2023-06-24,mlb,SFG,ARI,41.21396826950983,46.61703093617329,3.23,3.29,0.0,0.0,0.9,0.5,1.0
717635,2023,2023-06-24,mlb,PHI,NYM,52.042264664363394,46.1675921482945,3.44,3.77,0.0,0.0,0.7,0.3,0.0
717636,2023,2023-06-24,mlb,NYY,TEX,43.555057943600616,53.49300527607529,6.65,4.12,0.0,0.0,0.3,0.6,1.0
717634,2023,2023-06-24,mlb,TOR,ATH,48.81365443114781,36.13080527686773,3.65,7.18,0.0,0.0,0.4,0.2,1.0
717632,2023,2023-06-24,mlb,TBR,KCR,50.04796368550927,41.450972950495625,5.4,6.28,0.0,0.0,0.5,0.3,0.0
717631,2023,2023-06-24,mlb,CIN,ATL,44.78260134821402,63.847983611293685,4.76,5.81,0.0,0.0,1.0,0.7777777777777778,0.0
717629,2023,2023-06-24,mlb,CHW,BOS,37.820530657144026,47.295496550395896,5.73,4.5,0.0,0.0,0.3,0.7,1.0
717630,2023,2023-06-24,mlb,MIA,PIT,44.96868169547329,41.66652411136119,5.48,5.86,0.0,0.0,0.6,0.1,1.0
717625,2023,2023-06-24,mlb,CLE,MIL,39.04999341574157,44.26372698544554,2.98,3.86,0.0,0.0,0.5,0.5,1.0
717626,2023,2023-06-24,mlb,LAD,HOU,52.881054097750265,52.26159782076136,3.76,4.5,0.0,0.0,0.5,0.4,1.0
717633,2023,2023-06-24,mlb,DET,MIN,41.6807004965427,46.9927878392028,3.99,3.66,0.0,0.0,0.5555555555555556,0.5,1.0
717638,2023,2023-06-24,mlb,SDP,WSN,47.896637273871,40.88283012079975,4.35,3.91,0.0,0.0,0.5,0.2,0.0
717640,2023,2023-06-24,mlb,COL,LAA,40.803785600090585,44.88797413928977,5.42,4.32,0.0,0.0,0.2,0.5,0.0
717623,2023,2023-06-25,mlb,STL,CHC,45.332448715953014,49.69176903948828,5.25,3.95,0.0,0.0,0.4,0.9,1.0
717621,2023,2023-06-25,mlb,DET,MIN,41.6807004965427,46.9927878392028,4.18,3.43,0.0,0.0,0.6666666666666666,0.4,0.0
717624,2023,2023-06-25,mlb,PHI,NYM,52.042264664363394,46.1675921482945,3.61,6.8,0.0,0.0,0.7,0.4,1.0
717603,2023,2023-06-27,mlb,PIT,SDP,41.66652411136119,47.896637273871,5.41,15.88,1.0,1.0,0.1,0.4,1.0
717604,2023,2023-06-27,mlb,TOR,SFG,48.81365443114781,41.21396826950983,3.16,3.23,1.0,1.0,0.5,0.8,0.0
717605,2023,2023-06-27,mlb,BOS,MIA,47.295496550395896,44.96868169547329,5.15,4.14,1.0,1.0,0.6,0.7,0.0
717584,2023,2023-06-28,mlb,CHC,PHI,49.69176903948828,52.042264664363394,5.0,4.46,0.0,0.0,0.7,0.7,0.0
717577,2023,2023-06-28,mlb,KCR,CLE,41.450972950495625,39.04999341574157,4.54,3.81,0.0,0.0,0.4,0.6,0.0
717578,2023,2023-06-28,mlb,COL,LAD,40.803785600090585,52.881054097750265,5.03,6.13,0.0,0.0,0.2,0.6,1.0
717576,2023,2023-06-28,mlb,LAA,CHW,44.88797413928977,37.820530657144026,5.68,4.88,0.0,0.0,0.5,0.4,0.0
717575,2023,2023-06-28,mlb,ARI,TBR,46.61703093617329,50.04796368550927,7.0,3.5,0.0,0.0,0.6,0.4,0.0
717579,2023,2023-06-28,mlb,ATH,NYY,36.13080527686773,43.555057943600616,4.54,4.56,0.0,0.0,0.2,0.4,0.0
717571,2023,2023-06-29,mlb,PIT,SDP,41.66652411136119,47.896637273871,4.78,3.05,0.0,0.0,0.3,0.3,1.0
717570,2023,2023-06-29,mlb,TEX,DET,53.49300527607529,41.6807004965427,5.3,3.99,0.0,0.0,0.6,0.5,0.0
717573,2023,2023-06-29,mlb,KCR,CLE,41.450972950495625,39.04999341574157,5.06,3.8,0.0,0.0,0.3,0.7,1.0
717574,2023,2023-06-29,mlb,ATH,NYY,36.13080527686773,43.555057943600616,7.14,4.64,0.0,0.0,0.2,0.5,0.0
717568,2023,2023-06-29,mlb,ARI,TBR,46.61703093617329,50.04796368550927,5.72,4.1,0.0,0.0,0.5,0.4,0.0
717560,2023,2023-06-29,mlb,LAA,CHW,44.88797413928977,37.820530657144026,4.11,5.73,0.0,0.0,0.4,0.4,0.0
717569,2023,2023-06-29,mlb,BOS,MIA,47.295496550395896,44.96868169547329,4.24,3.58,0.0,0.0,0.4,0.7,0.0
717564,2023,2023-06-29,mlb,TOR,SFG,48.81365443114781,41.21396826950983,3.6,4.68,0.0,0.0,0.5,0.7,1.0
717565,2023,2023-06-29,mlb,NYM,MIL,46.1675921482945,44.26372698544554,3.77,4.12,0.0,0.0,0.3,0.6,0.0
717580,2023,2023-06-28,mlb,TEX,DET,53.49300527607529,41.6807004965427,3.7,6.9,0.0,0.0,0.6,0.5,1.0
717582,2023,2023-06-28,mlb,STL,HOU,45.332448715953014,52.26159782076136,4.78,4.56,0.0,0.0,0.6,0.3,0.0
717581,2023,2023-06-28,mlb,NYM,MIL,46.1675921482945,44.26372698544554,2.98,3.14,0.0,0.0,0.3,0.6,0.0
717583,2023,2023-06-28,mlb,BOS,MIA,47.295496550395896,44.96868169547329,6.26,3.66,0.0,0.0,0.5,0.7,0.0
717597,2023,2023-06-27,mlb,NYM,MIL,46.1675921482945,44.26372698544554,5.03,4.4,0.0,0.0,0.3,0.7,1.0
717600,2023,2023-06-27,mlb,ATL,MIN,63.847983611293685,46.9927878392028,3.81,4.51,0.0,0.0,0.9,0.5,1.0
717598,2023,2023-06-27,mlb,STL,HOU,45.332448715953014,52.26159782076136,3.2,3.45,1.0,1.0,0.5,0.3,1.0
717599,2023,2023-06-27,mlb,TEX,DET,53.49300527607529,41.6807004965427,4.45,3.58,0.0,0.0,0.5,0.6,1.0
717596,2023,2023-06-27,mlb,CHC,PHI,49.69176903948828,52.042264664363394,4.84,4.18,1.0,1.0,0.8,0.7,0.0
717591,2023,2023-06-27,mlb,KCR,CLE,41.450972950495625,39.04999341574157,5.52,3.29,1.0,1.0,0.4,0.6,0.0
717594,2023,2023-06-27,mlb,COL,LAD,40.803785600090585,52.881054097750265,7.52,2.46,1.0,1.0,0.2,0.5,0.0
717628,2023,2023-06-24,mlb,BAL,SEA,48.236146371587125,49.02919211539274,4.12,4.32,0.0,0.0,0.5,0.6,1.0
717592,2023,2023-06-27,mlb,LAA,CHW,44.88797413928977,37.820530657144026,3.14,5.43,0.0,0.0,0.5,0.4,1.0
717593,2023,2023-06-27,mlb,ARI,TBR,46.61703093617329,50.04796368550927,3.47,5.59,1.0,1.0,0.6,0.5,1.0
717595,2023,2023-06-27,mlb,ATH,NYY,36.13080527686773,43.555057943600616,4.43,4.28,1.0,1.0,0.1,0.4,1.0
717588,2023,2023-06-28,mlb,ATL,MIN,63.847983611293685,46.9927878392028,6.57,4.23,0.0,0.0,0.9,0.4,1.0
717587,2023,2023-06-28,mlb,SEA,WSN,49.02919211539274,40.88283012079975,3.73,5.2,0.0,0.0,0.4,0.4,0.0
717589,2023,2023-06-28,mlb,BAL,CIN,48.236146371587125,44.78260134821402,4.73,6.4,0.0,0.0,0.5,0.7,0.0
717585,2023,2023-06-28,mlb,PIT,SDP,41.66652411136119,47.896637273871,4.21,2.25,0.0,0.0,0.2,0.4,1.0
717586,2023,2023-06-28,mlb,TOR,SFG,48.81365443114781,41.21396826950983,4.95,3.25,0.0,0.0,0.5,0.8,1.0
717590,2023,2023-06-27,mlb,SEA,WSN,49.02919211539274,40.88283012079975,4.21,4.61,0.0,0.0,0.5,0.3,0.0
717637,2023,2023-06-24,mlb,STL,CHC,45.332448715953014,49.69176903948828,7.4,3.06,2.0,2.0,0.4,0.8,0.0
717641,2023,2023-06-23,mlb,SFG,ARI,41.21396826950983,46.61703093617329,3.25,7.0,0.0,0.0,0.9,0.5,1.0
717643,2023,2023-06-23,mlb,LAD,HOU,52.881054097750265,52.26159782076136,4.92,3.83,1.0,1.0,0.5,0.4,1.0
717694,2023,2023-06-19,mlb,HOU,NYM,52.26159782076136,46.1675921482945,5.09,3.77,0.0,0.0,0.3,0.3,0.0
717695,2023,2023-06-19,mlb,CHW,TEX,37.820530657144026,53.49300527607529,4.43,4.15,0.0,0.0,0.3333333333333333,0.4,0.0
717696,2023,2023-06-19,mlb,MIL,ARI,44.26372698544554,46.61703093617329,3.39,3.29,0.0,0.0,0.4,0.6,0.0
717697,2023,2023-06-19,mlb,SFG,SDP,41.21396826950983,47.896637273871,3.23,3.22,0.0,0.0,0.8,0.7,1.0
717681,2023,2023-06-20,mlb,DET,KCR,41.6807004965427,41.450972950495625,4.18,4.64,0.0,0.0,0.5555555555555556,0.1,0.0
717687,2023,2023-06-20,mlb,TBR,BAL,50.04796368550927,48.236146371587125,3.53,2.83,1.0,1.0,0.5,0.7,0.0
717689,2023,2023-06-20,mlb,PHI,ATL,52.042264664363394,63.847983611293685,4.18,3.86,1.0,1.0,0.8,0.7777777777777778,0.0
717690,2023,2023-06-20,mlb,MIA,TOR,44.96868169547329,48.81365443114781,3.15,3.86,0.0,0.0,0.7,0.3,0.0
717686,2023,2023-06-20,mlb,PIT,CHC,41.66652411136119,49.69176903948828,4.31,3.95,0.0,0.0,0.2,0.8,0.0
717691,2023,2023-06-20,mlb,WSN,STL,40.88283012079975,45.332448715953014,4.42,3.2,0.0,0.0,0.2,0.4,0.0
717684,2023,2023-06-20,mlb,NYY,SEA,43.555057943600616,49.02919211539274,2.63,3.35,1.0,1.0,0.2222222222222222,0.5,1.0
717685,2023,2023-06-20,mlb,CIN,COL,44.78260134821402,40.803785600090585,5.38,8.7,0.0,0.0,0.9,0.3,1.0
717679,2023,2023-06-20,mlb,CLE,ATH,39.04999341574157,36.13080527686773,3.46,5.36,1.0,1.0,0.5,0.5,1.0
717683,2023,2023-06-20,mlb,MIN,BOS,46.9927878392028,47.295496550395896,3.43,4.04,0.0,0.0,0.5,0.7,0.0
717682,2023,2023-06-20,mlb,HOU,NYM,52.26159782076136,46.1675921482945,3.45,3.22,0.0,0.0,0.3,0.4,1.0
717693,2023,2023-06-19,mlb,MIN,BOS,46.9927878392028,47.295496550395896,3.66,4.5,0.0,0.0,0.5,0.6,0.0
717701,2023,2023-06-19,mlb,CIN,COL,44.78260134821402,40.803785600090585,4.46,5.5,0.0,0.0,0.8,0.3,1.0
717698,2023,2023-06-19,mlb,PIT,CHC,41.66652411136119,49.69176903948828,5.86,5.0,0.0,0.0,0.2,0.7,0.0
717700,2023,2023-06-19,mlb,MIA,TOR,44.96868169547329,48.81365443114781,5.48,3.65,0.0,0.0,0.7,0.4,1.0
717714,2023,2023-06-18,mlb,WSN,MIA,40.88283012079975,44.96868169547329,5.2,3.58,0.0,0.0,0.2,0.7,0.0
717730,2023,2023-06-18,mlb,BOS,NYY,47.295496550395896,43.555057943600616,6.26,4.64,1.0,1.0,0.5,0.3333333333333333,1.0
717715,2023,2023-06-18,mlb,BOS,NYY,47.295496550395896,43.555057943600616,4.24,6.65,0.0,0.0,0.5,0.2222222222222222,1.0
717713,2023,2023-06-18,mlb,NYM,STL,46.1675921482945,45.332448715953014,6.8,5.25,0.0,0.0,0.3,0.3,0.0
717707,2023,2023-06-18,mlb,HOU,CIN,52.26159782076136,44.78260134821402,4.5,6.4,0.0,0.0,0.3,0.8,0.0
717712,2023,2023-06-18,mlb,KCR,LAA,41.450972950495625,44.88797413928977,5.06,5.43,0.0,0.0,0.1,0.7,0.0
717711,2023,2023-06-18,mlb,MIN,DET,46.9927878392028,41.6807004965427,4.63,2.98,0.0,0.0,0.5,0.375,0.0
717675,2023,2023-06-20,mlb,CHW,TEX,37.820530657144026,53.49300527607529,4.58,3.63,0.0,0.0,0.3,0.5,1.0
717710,2023,2023-06-18,mlb,MIL,PIT,44.26372698544554,41.66652411136119,3.86,4.78,0.0,0.0,0.4,0.2,1.0
717705,2023,2023-06-18,mlb,ATH,PHI,36.13080527686773,52.042264664363394,7.14,3.61,0.0,0.0,0.6,0.7777777777777778,0.0
717706,2023,2023-06-18,mlb,ARI,CLE,46.61703093617329,39.04999341574157,7.0,2.98,0.0,0.0,0.7,0.5,0.0
717702,2023,2023-06-18,mlb,LAD,SFG,52.881054097750265,41.21396826950983,4.98,3.25,0.0,0.0,0.4,0.8,0.0
717703,2023,2023-06-18,mlb,SDP,TBR,47.896637273871,50.04796368550927,3.05,5.4,0.0,0.0,0.6,0.6,1.0
717704,2023,2023-06-18,mlb,SEA,CHW,49.02919211539274,37.820530657144026,4.32,5.73,0.0,0.0,0.5,0.4444444444444444,1.0
717699,2023,2023-06-19,mlb,WSN,STL,40.88283012079975,45.332448715953014,3.91,4.99,0.0,0.0,0.2,0.4,0.0
717692,2023,2023-06-19,mlb,DET,KCR,41.6807004965427,41.450972950495625,3.99,6.28,0.0,0.0,0.4444444444444444,0.1,1.0
717709,2023,2023-06-18,mlb,TEX,TOR,53.49300527607529,48.81365443114781,4.12,3.6,0.0,0.0,0.3,0.5,1.0
717708,2023,2023-06-18,mlb,CHC,BAL,49.69176903948828,48.236146371587125,4.84,4.12,0.0,0.0,0.7,0.6,0.0
717680,2023,2023-06-20,mlb,MIL,ARI,44.26372698544554,46.61703093617329,4.55,5.31,0.0,0.0,0.3,0.6,1.0
717678,2023,2023-06-20,mlb,LAA,LAD,44.88797413928977,52.881054097750265,4.48,2.46,1.0,1.0,0.7,0.4,0.0
717659,2023,2023-06-22,mlb,TBR,KCR,50.04796368550927,41.450972950495625,3.29,3.99,0.0,0.0,0.5,0.2,0.0
717654,2023,2023-06-22,mlb,MIA,PIT,44.96868169547329,41.66652411136119,3.66,4.21,0.0,0.0,0.6,0.1,1.0
717652,2023,2023-06-22,mlb,NYY,SEA,43.555057943600616,49.02919211539274,4.56,4.21,0.0,0.0,0.4,0.5,0.0
717649,2023,2023-06-23,mlb,TBR,KCR,50.04796368550927,41.450972950495625,3.5,5.06,0.0,0.0,0.4,0.3,1.0
717647,2023,2023-06-23,mlb,DET,MIN,41.6807004965427,46.9927878392028,6.9,4.23,1.0,0.0,0.6666666666666666,0.5,0.0
717650,2023,2023-06-23,mlb,CIN,ATL,44.78260134821402,63.847983611293685,6.4,4.26,1.0,0.0,1.0,0.7777777777777778,1.0
717653,2023,2023-06-23,mlb,MIA,PIT,44.96868169547329,41.66652411136119,3.58,4.78,0.0,0.0,0.6,0.0,0.0
717651,2023,2023-06-23,mlb,BAL,SEA,48.236146371587125,49.02919211539274,4.73,3.73,1.0,0.0,0.6,0.5,0.0
717656,2023,2023-06-23,mlb,PHI,NYM,52.042264664363394,46.1675921482945,4.38,2.98,0.0,1.0,0.7,0.4,1.0
717655,2023,2023-06-23,mlb,NYY,TEX,43.555057943600616,53.49300527607529,4.64,3.7,0.0,1.0,0.4,0.5,0.0
717646,2023,2023-06-23,mlb,TOR,ATH,48.81365443114781,36.13080527686773,3.6,6.34,1.0,0.0,0.5,0.2,0.0
717648,2023,2023-06-23,mlb,CLE,MIL,39.04999341574157,44.26372698544554,3.8,3.14,0.0,1.0,0.6,0.4,0.0
717645,2023,2023-06-23,mlb,CHW,BOS,37.820530657144026,47.295496550395896,4.88,4.24,1.0,0.0,0.3,0.6,0.0
717644,2023,2023-06-23,mlb,COL,LAA,40.803785600090585,44.88797413928977,5.03,4.11,1.0,1.0,0.2,0.6,1.0
717642,2023,2023-06-23,mlb,SDP,WSN,47.896637273871,40.88283012079975,3.05,5.2,0.0,0.0,0.5,0.2,1.0
717661,2023,2023-06-22,mlb,SFG,SDP,41.21396826950983,47.896637273871,4.33,2.25,0.0,0.0,1.0,0.4,0.0
717658,2023,2023-06-22,mlb,MIN,BOS,46.9927878392028,47.295496550395896,4.51,7.36,0.0,0.0,0.4,0.7,1.0
717660,2023,2023-06-22,mlb,CLE,ATH,39.04999341574157,36.13080527686773,3.81,4.54,0.0,0.0,0.5,0.3,1.0
717657,2023,2023-06-22,mlb,PHI,ATL,52.042264664363394,63.847983611293685,4.46,3.81,1.0,1.0,0.7,0.7777777777777778,0.0
717677,2023,2023-06-21,mlb,TBR,BAL,50.04796368550927,48.236146371587125,5.59,3.64,0.0,0.0,0.4,0.7,1.0
717676,2023,2023-06-21,mlb,MIA,TOR,44.96868169547329,48.81365443114781,4.14,3.16,0.0,0.0,0.7,0.4,0.0
717669,2023,2023-06-21,mlb,CIN,COL,44.78260134821402,40.803785600090585,3.87,4.33,0.0,0.0,1.0,0.3,1.0
717671,2023,2023-06-21,mlb,PIT,CHC,41.66652411136119,49.69176903948828,5.41,3.74,0.0,0.0,0.1,0.8,0.0
717668,2023,2023-06-21,mlb,DET,KCR,41.6807004965427,41.450972950495625,5.45,5.52,0.0,0.0,0.5555555555555556,0.2,1.0
717670,2023,2023-06-21,mlb,HOU,NYM,52.26159782076136,46.1675921482945,4.56,4.7,0.0,0.0,0.4,0.4,1.0
717672,2023,2023-06-21,mlb,MIL,ARI,44.26372698544554,46.61703093617329,4.4,3.47,0.0,0.0,0.4,0.5,0.0
717688,2023,2023-06-20,mlb,SFG,SDP,41.21396826950983,47.896637273871,4.88,3.57,0.0,0.0,0.8,0.6,1.0
717673,2023,2023-06-21,mlb,WSN,STL,40.88283012079975,45.332448715953014,5.55,4.78,0.0,0.0,0.2,0.4,1.0
717663,2023,2023-06-21,mlb,CLE,ATH,39.04999341574157,36.13080527686773,3.29,4.43,0.0,0.0,0.5,0.4,1.0
717665,2023,2023-06-21,mlb,MIN,BOS,46.9927878392028,47.295496550395896,2.79,5.15,0.0,0.0,0.4,0.7,1.0
717667,2023,2023-06-21,mlb,CHW,TEX,37.820530657144026,53.49300527607529,5.43,4.45,0.0,0.0,0.3,0.4,0.0
717662,2023,2023-06-21,mlb,LAA,LAD,44.88797413928977,52.881054097750265,3.14,1.2,0.0,0.0,0.6,0.4,0.0
717674,2023,2023-06-21,mlb,SFG,SDP,41.21396826950983,47.896637273871,3.23,4.56,0.0,0.0,0.9,0.5,1.0
717664,2023,2023-09-11,mlb,PHI,ATL,52.042264664363394,63.847983611293685,4.46,4.26,0.0,0.0,0.5,0.5,
717847,2023,2023-06-22,mlb,WSN,ARI,40.88283012079975,46.61703093617329,4.61,4.15,0.0,0.0,0.3,0.5,0.0
717666,2023,2023-06-21,mlb,NYY,SEA,43.555057943600616,49.02919211539274,4.28,3.34,0.0,0.0,0.3333333333333333,0.5,1.0
716353,2023,2023-10-01,mlb,STL,CIN,45.332448715953014,44.78260134821402,4.78,4.82,0.0,0.0,0.3,0.4,1.0
717868,2023,2023-06-06,mlb,TEX,STL,53.49300527607529,45.332448715953014,3.7,5.25,0.0,0.0,0.8,0.3,1.0
717872,2023,2023-06-06,mlb,ATL,NYM,63.847983611293685,46.1675921482945,3.81,6.8,1.0,1.0,0.5,0.5,1.0
718080,2023,2023-05-21,mlb,LAA,MIN,44.88797413928977,46.9927878392028,3.14,3.66,0.0,0.0,0.4,0.6,1.0
718079,2023,2023-05-21,mlb,SDP,BOS,47.896637273871,47.295496550395896,3.22,7.04,0.0,0.0,0.1,0.5,1.0
718072,2023,2023-05-22,mlb,CLE,CHW,39.04999341574157,37.820530657144026,4.5,5.26,0.0,0.0,0.3,0.6,1.0
718075,2023,2023-05-22,mlb,PIT,TEX,41.66652411136119,53.49300527607529,4.78,3.7,0.0,0.0,0.3,0.7,1.0
718071,2023,2023-05-22,mlb,CIN,STL,44.78260134821402,45.332448715953014,4.46,3.2,0.0,0.0,0.4,0.8,1.0
718077,2023,2023-05-22,mlb,TBR,TOR,50.04796368550927,48.81365443114781,5.87,3.6,0.0,0.0,0.5,0.4,1.0
718073,2023,2023-05-22,mlb,PHI,ARI,52.042264664363394,46.61703093617329,3.61,4.15,0.0,0.0,0.5,0.7,0.0
718074,2023,2023-05-22,mlb,ATL,LAD,63.847983611293685,52.881054097750265,3.64,9.0,0.0,0.0,0.4,0.6,0.0
718066,2023,2023-05-22,mlb,KCR,DET,41.450972950495625,41.6807004965427,5.52,4.18,0.0,0.0,0.3,0.4,0.0
718067,2023,2023-05-22,mlb,MIN,SFG,46.9927878392028,41.21396826950983,3.43,3.99,0.0,0.0,0.5,0.6,0.0
718068,2023,2023-05-22,mlb,MIL,HOU,44.26372698544554,52.26159782076136,3.39,4.56,0.0,0.0,0.5,0.9,0.0
718069,2023,2023-05-22,mlb,COL,MIA,40.803785600090585,44.96868169547329,5.42,4.24,0.0,0.0,0.4,0.6,1.0
718070,2023,2023-05-22,mlb,LAA,BOS,44.88797413928977,47.295496550395896,5.68,5.01,0.0,0.0,0.5,0.5,1.0
718062,2023,2023-05-22,mlb,SEA,ATH,49.02919211539274,36.13080527686773,3.34,7.6,0.0,0.0,0.4,0.2,1.0
718063,2023,2023-05-23,mlb,CLE,CHW,39.04999341574157,37.820530657144026,3.81,4.58,0.0,0.0,0.4,0.6,0.0
718078,2023,2023-05-21,mlb,SFG,MIA,41.21396826950983,44.96868169547329,4.33,3.58,0.0,0.0,0.5,0.7,1.0
718065,2023,2023-05-23,mlb,PIT,TEX,41.66652411136119,53.49300527607529,5.41,3.63,0.0,0.0,0.4,0.6,0.0
718076,2023,2023-05-21,mlb,TEX,COL,53.49300527607529,40.803785600090585,4.15,7.52,0.0,0.0,0.7,0.5,1.0
718084,2023,2023-05-21,mlb,CHW,KCR,37.820530657144026,41.450972950495625,5.73,5.27,0.0,0.0,0.5,0.4,1.0
718109,2023,2023-05-20,mlb,STL,LAD,45.332448715953014,52.881054097750265,4.78,6.5,0.0,0.0,0.7,0.8,1.0
718094,2023,2023-05-20,mlb,ATL,SEA,63.847983611293685,49.02919211539274,1.56,3.73,0.0,0.0,0.5,0.4,0.0
718096,2023,2023-05-20,mlb,LAA,MIN,44.88797413928977,46.9927878392028,4.11,4.63,0.0,0.0,0.4,0.5,0.0
718092,2023,2023-05-20,mlb,SDP,BOS,47.896637273871,47.295496550395896,3.05,4.3,0.0,0.0,0.2,0.4,0.0
718085,2023,2023-05-21,mlb,CIN,NYY,44.78260134821402,43.555057943600616,4.82,6.65,0.0,0.0,0.4,0.7,0.0
718089,2023,2023-05-21,mlb,WSN,DET,40.88283012079975,41.6807004965427,3.91,6.9,0.0,0.0,0.4,0.5,1.0
718091,2023,2023-05-21,mlb,PIT,ARI,41.66652411136119,46.61703093617329,6.59,3.29,0.0,0.0,0.4,0.6,0.0
718088,2023,2023-05-21,mlb,PHI,CHC,52.042264664363394,49.69176903948828,4.38,3.06,0.0,0.0,0.5,0.3,1.0
718090,2023,2023-05-21,mlb,ATL,SEA,63.847983611293685,49.02919211539274,5.81,3.35,0.0,0.0,0.4,0.5,1.0
718087,2023,2023-05-21,mlb,TOR,BAL,48.81365443114781,48.236146371587125,3.16,4.12,0.0,0.0,0.4,0.7,0.0
718099,2023,2023-05-21,mlb,NYM,CLE,46.1675921482945,39.04999341574157,3.77,2.98,1.0,1.0,0.6,0.4,1.0
718082,2023,2023-05-21,mlb,NYM,CLE,46.1675921482945,39.04999341574157,3.22,3.8,0.0,0.0,0.6,0.4,1.0
718081,2023,2023-05-21,mlb,TBR,MIL,50.04796368550927,44.26372698544554,5.95,3.86,0.0,0.0,0.5,0.4,0.0
718086,2023,2023-05-21,mlb,HOU,ATH,52.26159782076136,36.13080527686773,3.45,6.34,0.0,0.0,0.9,0.2,1.0
718083,2023,2023-05-21,mlb,STL,LAD,45.332448715953014,52.881054097750265,4.99,2.46,0.0,0.0,0.7,0.7,1.0
718059,2023,2023-05-23,mlb,CIN,STL,44.78260134821402,45.332448715953014,4.76,7.4,0.0,0.0,0.4,0.7,0.0
718061,2023,2023-05-23,mlb,TBR,TOR,50.04796368550927,48.81365443114781,5.59,3.65,0.0,0.0,0.5,0.3,0.0
718060,2023,2023-05-23,mlb,PHI,ARI,52.042264664363394,46.61703093617329,3.29,5.31,0.0,0.0,0.4,0.8,0.0
718039,2023,2023-05-24,mlb,KCR,DET,41.450972950495625,41.6807004965427,5.06,5.45,0.0,0.0,0.3,0.4,0.0
718038,2023,2023-05-24,mlb,CHC,NYM,49.69176903948828,46.1675921482945,3.95,2.98,0.0,0.0,0.3,0.6,1.0
718036,2023,2023-05-24,mlb,COL,MIA,40.803785600090585,44.96868169547329,8.23,4.14,0.0,0.0,0.5,0.5,0.0
718034,2023,2023-05-24,mlb,LAA,BOS,44.88797413928977,47.295496550395896,5.43,4.5,0.0,0.0,0.6,0.4,1.0
718037,2023,2023-05-24,mlb,SEA,ATH,49.02919211539274,36.13080527686773,4.32,5.36,0.0,0.0,0.5,0.1,1.0
718030,2023,2023-05-25,mlb,CIN,STL,44.78260134821402,45.332448715953014,6.4,4.78,0.0,0.0,0.3,0.6,0.0
718032,2023,2023-05-25,mlb,TBR,TOR,50.04796368550927,48.81365443114781,3.5,5.87,0.0,0.0,0.6,0.2,1.0
718033,2023,2023-05-25,mlb,COL,MIA,40.803785600090585,44.96868169547329,5.03,3.66,0.0,0.0,0.5,0.6,1.0
718035,2023,2023-05-25,mlb,WSN,SDP,40.88283012079975,47.896637273871,4.61,2.25,0.0,0.0,0.4,0.3,0.0
718031,2023,2023-05-25,mlb,DET,CHW,41.6807004965427,37.820530657144026,4.45,4.88,0.0,0.0,0.5,0.7,1.0
718029,2023,2023-05-25,mlb,NYY,BAL,43.555057943600616,48.236146371587125,4.64,4.73,0.0,0.0,0.7,0.6,0.0
718026,2023,2023-05-25,mlb,ATL,PHI,63.847983611293685,52.042264664363394,7.6,4.46,0.0,0.0,0.5,0.3,1.0
718024,2023,2023-05-25,mlb,CHC,NYM,49.69176903948828,46.1675921482945,3.74,6.8,0.0,0.0,0.3,0.6,0.0
718028,2023,2023-05-25,mlb,MIL,SFG,44.26372698544554,41.21396826950983,4.4,4.66,0.0,0.0,0.5,0.7,0.0
718025,2023,2023-05-25,mlb,SEA,ATH,49.02919211539274,36.13080527686773,3.73,4.54,0.0,0.0,0.5,0.1,1.0
718042,2023,2023-05-24,mlb,ATL,LAD,63.847983611293685,52.881054097750265,3.81,4.98,0.0,0.0,0.4,0.6,1.0
718040,2023,2023-05-24,mlb,NYY,BAL,43.555057943600616,48.236146371587125,4.97,3.64,0.0,0.0,0.8,0.6,0.0
718052,2023,2023-05-24,mlb,WSN,SDP,40.88283012079975,47.896637273871,5.55,6.55,0.0,0.0,0.4,0.3,1.0
718044,2023,2023-05-24,mlb,TBR,TOR,50.04796368550927,48.81365443114781,3.29,3.86,0.0,0.0,0.5,0.3,1.0
718064,2023,2023-05-23,mlb,WSN,SDP,40.88283012079975,47.896637273871,4.42,4.56,1.0,1.0,0.4,0.2,0.0
718058,2023,2023-05-23,mlb,NYY,BAL,43.555057943600616,48.236146371587125,2.63,2.83,1.0,1.0,0.8,0.7,1.0
718057,2023,2023-05-23,mlb,ATL,LAD,63.847983611293685,52.881054097750265,3.86,3.76,0.0,0.0,0.4,0.6,0.0
718049,2023,2023-05-23,mlb,KCR,DET,41.450972950495625,41.6807004965427,6.15,3.3,0.0,0.0,0.2,0.5,1.0
718055,2023,2023-05-23,mlb,CHC,NYM,49.69176903948828,46.1675921482945,5.0,4.7,1.0,1.0,0.3,0.7,1.0
718054,2023,2023-05-23,mlb,MIN,SFG,46.9927878392028,41.21396826950983,2.79,3.87,0.0,0.0,0.4,0.6,0.0
718056,2023,2023-05-23,mlb,MIL,HOU,44.26372698544554,52.26159782076136,4.55,3.83,0.0,0.0,0.5,0.9,1.0
718093,2023,2023-05-20,mlb,TBR,MIL,50.04796368550927,44.26372698544554,3.5,6.56,0.0,0.0,0.4,0.5,1.0
718051,2023,2023-05-23,mlb,COL,MIA,40.803785600090585,44.96868169547329,5.5,3.15,0.0,0.0,0.4,0.5,1.0
718050,2023,2023-05-23,mlb,SEA,ATH,49.02919211539274,36.13080527686773,5.22,5.42,0.0,0.0,0.5,0.2,1.0
718045,2023,2023-05-24,mlb,PIT,TEX,41.66652411136119,53.49300527607529,4.31,4.45,0.0,0.0,0.4,0.7,0.0
718043,2023,2023-05-24,mlb,PHI,ARI,52.042264664363394,46.61703093617329,4.18,3.47,0.0,0.0,0.3,0.8,1.0
718047,2023,2023-05-24,mlb,MIN,SFG,46.9927878392028,41.21396826950983,4.51,4.88,0.0,0.0,0.4,0.7,1.0
718048,2023,2023-05-24,mlb,CLE,CHW,39.04999341574157,37.820530657144026,5.24,5.43,0.0,0.0,0.4,0.7,0.0
718046,2023,2023-05-24,mlb,MIL,HOU,44.26372698544554,52.26159782076136,4.12,3.83,0.0,0.0,0.5,0.8,1.0
718041,2023,2023-05-24,mlb,CIN,STL,44.78260134821402,45.332448715953014,5.38,3.86,0.0,0.0,0.3,0.7,1.0
718053,2023,2023-05-23,mlb,LAA,BOS,44.88797413928977,47.295496550395896,4.32,4.24,0.0,0.0,0.5,0.4,1.0
718095,2023,2023-05-20,mlb,CIN,NYY,44.78260134821402,43.555057943600616,6.4,4.28,0.0,0.0,0.5,0.7,0.0
718098,2023,2023-05-20,mlb,HOU,ATH,52.26159782076136,36.13080527686773,5.09,4.54,0.0,0.0,0.8,0.2,1.0
718103,2023,2023-05-20,mlb,SFG,MIA,41.21396826950983,44.96868169547329,3.25,3.66,0.0,0.0,0.6,0.6,0.0
718157,2023,2023-05-16,mlb,TOR,NYY,48.81365443114781,43.555057943600616,3.16,4.56,0.0,0.0,0.6,0.7,0.0
718149,2023,2023-05-16,mlb,BOS,SEA,47.295496550395896,49.02919211539274,4.04,3.34,0.0,0.0,0.4,0.6,1.0
718150,2023,2023-05-16,mlb,NYM,TBR,46.1675921482945,50.04796368550927,3.22,5.95,0.0,1.0,0.4,0.5,0.0
718151,2023,2023-05-16,mlb,STL,MIL,45.332448715953014,44.26372698544554,3.2,3.14,0.0,0.0,0.7,0.5,0.0
718148,2023,2023-05-16,mlb,TEX,ATL,53.49300527607529,63.847983611293685,3.7,5.81,0.0,0.0,0.7,0.5,1.0
718152,2023,2023-05-16,mlb,HOU,CHC,52.26159782076136,49.69176903948828,4.56,3.06,0.0,0.0,0.6,0.4,1.0
718147,2023,2023-05-16,mlb,CHW,CLE,37.820530657144026,39.04999341574157,5.73,3.8,1.0,1.0,0.4,0.5,1.0
718145,2023,2023-05-16,mlb,COL,CIN,40.803785600090585,44.78260134821402,5.42,4.46,0.0,0.0,0.6,0.5,0.0
718146,2023,2023-05-16,mlb,ATH,ARI,36.13080527686773,46.61703093617329,7.6,4.15,0.0,0.0,0.2,0.6,1.0
718144,2023,2023-05-16,mlb,SDP,KCR,47.896637273871,41.450972950495625,3.57,5.52,0.0,0.0,0.3,0.4,0.0
718156,2023,2023-05-16,mlb,SFG,PHI,41.21396826950983,52.042264664363394,3.87,3.61,0.0,0.0,0.4,0.5,1.0
718141,2023,2023-05-16,mlb,LAD,MIN,52.881054097750265,46.9927878392028,2.46,3.43,0.0,0.0,0.8,0.5,0.0
718142,2023,2023-05-17,mlb,DET,PIT,41.6807004965427,41.66652411136119,3.3,5.41,0.0,0.0,0.6,0.2,0.0
718138,2023,2023-05-17,mlb,COL,CIN,40.803785600090585,44.78260134821402,5.5,4.76,0.0,0.0,0.6,0.6,1.0
718136,2023,2023-05-17,mlb,LAD,MIN,52.881054097750265,46.9927878392028,2.63,2.79,0.0,0.0,0.8,0.5,1.0
718153,2023,2023-05-16,mlb,MIA,WSN,44.96868169547329,40.88283012079975,3.58,3.91,1.0,0.0,0.4,0.5,1.0
718155,2023,2023-05-16,mlb,DET,PIT,41.6807004965427,41.66652411136119,4.18,4.78,1.0,1.0,0.6,0.2,1.0
718154,2023,2023-05-16,mlb,BAL,LAA,48.236146371587125,44.88797413928977,4.12,3.96,0.0,0.0,0.5,0.4,1.0
718159,2023,2023-05-15,mlb,LAD,MIN,52.881054097750265,46.9927878392028,6.5,3.66,0.0,0.0,0.8,0.6,1.0
718172,2023,2023-05-14,mlb,ATH,TEX,36.13080527686773,53.49300527607529,4.54,4.15,0.0,0.0,0.3,0.6,0.0
718168,2023,2023-05-14,mlb,LAD,SDP,52.881054097750265,47.896637273871,4.98,6.55,0.0,0.0,0.8,0.3,1.0
718169,2023,2023-05-14,mlb,ARI,SFG,46.61703093617329,41.21396826950983,5.72,3.25,0.0,0.0,0.6,0.5,1.0
718186,2023,2023-05-14,mlb,WSN,NYM,40.88283012079975,46.1675921482945,4.61,3.77,0.0,0.0,0.6,0.3,0.0
718187,2023,2023-05-14,mlb,BOS,STL,47.295496550395896,45.332448715953014,7.04,4.78,0.0,0.0,0.6,0.5,0.0
718167,2023,2023-05-15,mlb,WSN,NYM,40.88283012079975,46.1675921482945,5.2,5.03,0.0,0.0,0.5,0.4,1.0
718171,2023,2023-05-15,mlb,BAL,LAA,48.236146371587125,44.88797413928977,4.35,3.14,0.0,0.0,0.6,0.4,0.0
718139,2023,2023-05-17,mlb,ATH,ARI,36.13080527686773,46.61703093617329,5.42,5.31,0.0,0.0,0.2,0.5,0.0
718164,2023,2023-05-15,mlb,TOR,NYY,48.81365443114781,43.555057943600616,5.87,3.86,0.0,0.0,0.6,0.6,0.0
718166,2023,2023-05-15,mlb,STL,MIL,45.332448715953014,44.26372698544554,4.99,3.86,0.0,0.0,0.6,0.5,1.0
718165,2023,2023-05-15,mlb,TEX,ATL,53.49300527607529,63.847983611293685,5.3,3.64,0.0,0.0,0.7,0.5,0.0
718158,2023,2023-05-15,mlb,HOU,CHC,52.26159782076136,49.69176903948828,3.45,4.84,0.0,0.0,0.5,0.4,1.0
718161,2023,2023-05-15,mlb,COL,CIN,40.803785600090585,44.78260134821402,7.52,4.82,0.0,0.0,0.6,0.5,1.0
718160,2023,2023-05-15,mlb,ATH,ARI,36.13080527686773,46.61703093617329,9.0,3.29,0.0,0.0,0.3,0.6,0.0
718162,2023,2023-05-15,mlb,SDP,KCR,47.896637273871,41.450972950495625,3.22,4.57,0.0,0.0,0.3,0.4,1.0
718170,2023,2023-05-15,mlb,SFG,PHI,41.21396826950983,52.042264664363394,4.33,4.03,0.0,0.0,0.4,0.5,1.0
718163,2023,2023-05-15,mlb,BOS,SEA,47.295496550395896,49.02919211539274,5.01,3.35,0.0,0.0,0.5,0.6,0.0
718027,2023,2023-05-26,mlb,CHC,CIN,49.69176903948828,44.78260134821402,3.06,4.82,0.0,0.0,0.3,0.3,0.0
718143,2023,2023-05-17,mlb,SFG,PHI,41.21396826950983,52.042264664363394,5.36,4.38,0.0,0.0,0.4,0.5,1.0
718137,2023,2023-05-17,mlb,BAL,LAA,48.236146371587125,44.88797413928977,2.83,4.32,0.0,0.0,0.5,0.3,1.0
718119,2023,2023-05-19,mlb,NYM,CLE,46.1675921482945,39.04999341574157,6.8,5.24,0.0,0.0,0.5,0.5,1.0
718110,2023,2023-05-19,mlb,ATL,SEA,63.847983611293685,49.02919211539274,3.81,4.32,1.0,1.0,0.5,0.5,1.0
718114,2023,2023-05-19,mlb,TEX,COL,53.49300527607529,40.803785600090585,4.45,8.23,1.0,1.0,0.6,0.6,1.0
718112,2023,2023-05-19,mlb,HOU,ATH,52.26159782076136,36.13080527686773,3.83,5.36,1.0,1.0,0.7,0.2,1.0
718111,2023,2023-05-19,mlb,CHW,KCR,37.820530657144026,41.450972950495625,5.43,5.06,0.0,1.0,0.4,0.5,1.0
718113,2023,2023-05-19,mlb,STL,LAD,45.332448715953014,52.881054097750265,3.86,4.98,0.0,0.0,0.8,0.7,0.0
718106,2023,2023-05-19,mlb,LAA,MIN,44.88797413928977,46.9927878392028,4.48,4.51,0.0,1.0,0.4,0.5,1.0
718107,2023,2023-05-19,mlb,SDP,BOS,47.896637273871,47.295496550395896,2.25,4.5,1.0,1.0,0.2,0.4,0.0
718105,2023,2023-05-19,mlb,SFG,MIA,41.21396826950983,44.96868169547329,4.88,4.14,1.0,0.0,0.5,0.7,1.0
718104,2023,2023-05-20,mlb,CHW,KCR,37.820530657144026,41.450972950495625,4.88,6.28,0.0,0.0,0.5,0.4,1.0
718102,2023,2023-05-20,mlb,TOR,BAL,48.81365443114781,48.236146371587125,5.87,4.35,0.0,0.0,0.4,0.7,0.0
718108,2023,2023-05-20,mlb,WSN,DET,40.88283012079975,41.6807004965427,5.2,4.45,0.0,0.0,0.3,0.5,1.0
718101,2023,2023-05-20,mlb,PIT,ARI,41.66652411136119,46.61703093617329,4.21,5.72,0.0,0.0,0.4,0.5,0.0
718100,2023,2023-05-20,mlb,TEX,COL,53.49300527607529,40.803785600090585,4.12,5.03,0.0,0.0,0.6,0.5,1.0
718097,2023,2023-05-20,mlb,PHI,CHC,52.042264664363394,49.69176903948828,4.46,4.84,0.0,0.0,0.5,0.3,1.0
718115,2023,2023-05-19,mlb,TOR,BAL,48.81365443114781,48.236146371587125,3.86,4.73,0.0,0.0,0.5,0.6,0.0
718116,2023,2023-05-19,mlb,PHI,CHC,52.042264664363394,49.69176903948828,4.18,3.95,1.0,1.0,0.5,0.2,0.0
718123,2023,2023-05-19,mlb,WSN,DET,40.88283012079975,41.6807004965427,4.61,5.45,0.0,1.0,0.4,0.5,0.0
718117,2023,2023-05-19,mlb,TBR,MIL,50.04796368550927,44.26372698544554,3.29,4.12,0.0,1.0,0.4,0.6,1.0
718132,2023,2023-05-17,mlb,MIA,WSN,44.96868169547329,40.88283012079975,4.24,4.42,0.0,0.0,0.5,0.5,1.0
718134,2023,2023-05-17,mlb,TOR,NYY,48.81365443114781,43.555057943600616,3.6,2.63,0.0,0.0,0.6,0.7,1.0
718133,2023,2023-05-17,mlb,BOS,SEA,47.295496550395896,49.02919211539274,4.24,5.22,0.0,0.0,0.4,0.6,1.0
718135,2023,2023-05-17,mlb,NYM,TBR,46.1675921482945,50.04796368550927,2.98,4.7,0.0,0.0,0.3,0.5,1.0
718131,2023,2023-05-17,mlb,STL,MIL,45.332448715953014,44.26372698544554,5.25,3.39,0.0,0.0,0.7,0.6,1.0
718126,2023,2023-05-17,mlb,TEX,ATL,53.49300527607529,63.847983611293685,3.63,3.86,0.0,0.0,0.7,0.4,0.0
718127,2023,2023-05-17,mlb,HOU,CHC,52.26159782076136,49.69176903948828,3.83,5.0,0.0,0.0,0.6,0.3,1.0
718140,2023,2023-05-17,mlb,SDP,KCR,47.896637273871,41.450972950495625,4.56,5.27,0.0,0.0,0.2,0.5,0.0
718129,2023,2023-05-17,mlb,CHW,CLE,37.820530657144026,39.04999341574157,3.77,5.19,0.0,0.0,0.4,0.5,1.0
718122,2023,2023-05-18,mlb,NYM,TBR,46.1675921482945,50.04796368550927,4.7,5.59,0.0,0.0,0.4,0.5,1.0
718130,2023,2023-05-18,mlb,MIA,WSN,44.96868169547329,40.88283012079975,3.15,5.55,0.0,0.0,0.6,0.5,1.0
718125,2023,2023-05-18,mlb,CHW,CLE,37.820530657144026,39.04999341574157,4.58,3.81,0.0,0.0,0.5,0.5,0.0
718121,2023,2023-05-18,mlb,TOR,NYY,48.81365443114781,43.555057943600616,3.65,4.97,0.0,0.0,0.6,0.7,0.0
718124,2023,2023-05-18,mlb,STL,LAD,45.332448715953014,52.881054097750265,7.4,4.6,0.0,0.0,0.8,0.8,1.0
718118,2023,2023-05-19,mlb,PIT,ARI,41.66652411136119,46.61703093617329,4.31,3.47,1.0,1.0,0.3,0.6,1.0
718120,2023,2023-05-19,mlb,CIN,NYY,44.78260134821402,43.555057943600616,5.38,4.64,1.0,0.0,0.5,0.7,0.0
718128,2023,2023-05-18,mlb,BAL,LAA,48.236146371587125,44.88797413928977,3.64,5.43,0.0,0.0,0.6,0.3,0.0
717867,2023,2023-06-06,mlb,MIL,BAL,44.26372698544554,48.236146371587125,3.86,4.73,0.0,1.0,0.5,0.5,1.0
718018,2023,2023-05-26,mlb,TBR,LAD,50.04796368550927,52.881054097750265,5.95,6.5,0.0,1.0,0.6,0.5,1.0
718020,2023,2023-05-26,mlb,BAL,TEX,48.236146371587125,53.49300527607529,4.35,4.12,0.0,1.0,0.7,0.7,0.0
717925,2023,2023-06-02,mlb,CHW,DET,37.820530657144026,41.6807004965427,3.77,3.99,1.0,1.0,0.4,0.6,1.0
717921,2023,2023-06-02,mlb,SDP,CHC,47.896637273871,49.69176903948828,3.22,4.84,0.0,1.0,0.6,0.4,0.0
717919,2023,2023-06-02,mlb,ARI,ATL,46.61703093617329,63.847983611293685,3.29,3.64,0.0,1.0,0.7,0.4,1.0
717917,2023,2023-06-02,mlb,LAD,NYY,52.881054097750265,43.555057943600616,2.46,6.65,1.0,1.0,0.5,0.6,1.0
717920,2023,2023-06-02,mlb,SFG,BAL,41.21396826950983,48.236146371587125,3.25,4.12,1.0,1.0,0.6,0.5,0.0
717918,2023,2023-06-03,mlb,BOS,TBR,47.295496550395896,50.04796368550927,5.15,5.87,1.0,2.0,0.3,0.6,1.0
717885,2023,2023-06-03,mlb,BOS,TBR,47.295496550395896,50.04796368550927,4.04,3.53,0.0,0.0,0.4,0.5,0.0
717915,2023,2023-06-03,mlb,CHW,DET,37.820530657144026,41.6807004965427,4.58,4.18,0.0,0.0,0.5,0.5,1.0
717907,2023,2023-06-03,mlb,PIT,STL,41.66652411136119,45.332448715953014,4.78,3.2,0.0,0.0,0.5,0.4,1.0
717912,2023,2023-06-03,mlb,TEX,SEA,53.49300527607529,49.02919211539274,4.15,4.21,0.0,0.0,0.7,0.6,1.0
717914,2023,2023-06-03,mlb,WSN,PHI,40.88283012079975,52.042264664363394,4.42,3.29,0.0,0.0,0.5,0.3,0.0
717908,2023,2023-06-03,mlb,HOU,LAA,52.26159782076136,44.88797413928977,4.56,4.11,0.0,0.0,0.6,0.4,1.0
717909,2023,2023-06-03,mlb,KCR,COL,41.450972950495625,40.803785600090585,4.64,5.5,0.0,0.0,0.3,0.4,0.0
717910,2023,2023-06-03,mlb,NYM,TOR,46.1675921482945,48.81365443114781,4.7,3.65,0.0,0.0,0.5,0.6,0.0
717924,2023,2023-06-02,mlb,MIN,CLE,46.9927878392028,39.04999341574157,3.43,3.46,0.0,0.0,0.5,0.5,1.0
717911,2023,2023-06-03,mlb,MIA,ATH,44.96868169547329,36.13080527686773,3.15,5.42,0.0,0.0,0.6,0.2,1.0
717923,2023,2023-06-02,mlb,KCR,COL,41.450972950495625,40.803785600090585,6.28,5.42,2.0,0.0,0.3,0.4,0.0
717922,2023,2023-06-02,mlb,TEX,SEA,53.49300527607529,49.02919211539274,4.12,3.34,1.0,1.0,0.7,0.7,1.0
717938,2023,2023-05-31,mlb,HOU,MIN,52.26159782076136,46.9927878392028,5.09,4.63,0.0,0.0,0.7,0.4,0.0
717940,2023,2023-05-31,mlb,ARI,COL,46.61703093617329,40.803785600090585,4.15,11.71,0.0,0.0,0.7,0.5,1.0
717939,2023,2023-05-31,mlb,SEA,NYY,49.02919211539274,43.555057943600616,3.35,4.64,0.0,0.0,0.6,0.7,1.0
717942,2023,2023-06-01,mlb,TOR,MIL,48.81365443114781,44.26372698544554,3.16,3.86,0.0,0.0,0.4,0.5,1.0
717934,2023,2023-06-01,mlb,NYM,PHI,46.1675921482945,52.042264664363394,3.77,4.38,0.0,0.0,0.6,0.4,1.0
717941,2023,2023-06-01,mlb,MIA,SDP,44.96868169547329,47.896637273871,3.58,3.05,0.0,0.0,0.5,0.5,0.0
717933,2023,2023-06-01,mlb,ARI,COL,46.61703093617329,40.803785600090585,7.0,7.52,0.0,0.0,0.7,0.5,1.0
717932,2023,2023-06-01,mlb,BOS,CIN,47.295496550395896,44.78260134821402,4.3,4.82,0.0,0.0,0.3,0.7,1.0
717937,2023,2023-06-01,mlb,MIN,CLE,46.9927878392028,39.04999341574157,3.66,2.98,0.0,0.0,0.4,0.5,1.0
717936,2023,2023-06-01,mlb,HOU,LAA,52.26159782076136,44.88797413928977,4.5,4.48,0.0,0.0,0.6,0.6,1.0
717931,2023,2023-06-02,mlb,CIN,MIL,44.78260134821402,44.26372698544554,4.46,3.39,0.0,0.0,0.7,0.4,0.0
717927,2023,2023-06-02,mlb,MIA,ATH,44.96868169547329,36.13080527686773,4.24,7.18,0.0,1.0,0.5,0.2,1.0
717930,2023,2023-06-02,mlb,PIT,STL,41.66652411136119,45.332448715953014,6.59,4.99,1.0,2.0,0.4,0.5,1.0
717935,2023,2023-06-02,mlb,WSN,PHI,40.88283012079975,52.042264664363394,3.91,3.61,1.0,0.0,0.5,0.3,1.0
717929,2023,2023-06-02,mlb,NYM,TOR,46.1675921482945,48.81365443114781,3.22,3.6,0.0,0.0,0.6,0.5,0.0
717926,2023,2023-06-02,mlb,HOU,LAA,52.26159782076136,44.88797413928977,3.45,3.14,0.0,0.0,0.6,0.5,1.0
717906,2023,2023-06-03,mlb,CIN,MIL,44.78260134821402,44.26372698544554,4.76,4.55,0.0,0.0,0.6,0.5,0.0
717913,2023,2023-06-03,mlb,MIN,CLE,46.9927878392028,39.04999341574157,2.79,3.81,0.0,0.0,0.6,0.4,0.0
717905,2023,2023-06-03,mlb,LAD,NYY,52.881054097750265,43.555057943600616,6.13,2.63,0.0,0.0,0.6,0.5,0.0
717887,2023,2023-06-05,mlb,MIA,KCR,44.96868169547329,41.450972950495625,3.66,5.27,0.0,0.0,0.7,0.4,1.0
717884,2023,2023-06-05,mlb,PIT,ATH,41.66652411136119,36.13080527686773,4.31,4.54,0.0,0.0,0.6,0.2,1.0
717878,2023,2023-06-05,mlb,TOR,HOU,48.81365443114781,52.26159782076136,5.87,3.83,0.0,0.0,0.7,0.7,0.0
717883,2023,2023-06-05,mlb,CIN,MIL,44.78260134821402,44.26372698544554,3.87,4.4,0.0,0.0,0.5,0.5,1.0
717879,2023,2023-06-05,mlb,TEX,STL,53.49300527607529,45.332448715953014,4.45,7.4,0.0,0.0,0.8,0.3,1.0
717880,2023,2023-06-05,mlb,SDP,CHC,47.896637273871,49.69176903948828,2.25,3.74,0.0,0.0,0.5,0.4,1.0
717882,2023,2023-06-06,mlb,TBR,MIN,50.04796368550927,46.9927878392028,3.5,4.63,0.0,1.0,0.6,0.5,1.0
717875,2023,2023-06-06,mlb,PHI,DET,52.042264664363394,41.6807004965427,4.38,4.5,0.0,0.0,0.5,0.3,1.0
717876,2023,2023-06-06,mlb,MIA,KCR,44.96868169547329,41.450972950495625,3.58,5.06,0.0,0.0,0.8,0.3,1.0
717881,2023,2023-06-06,mlb,WSN,ARI,40.88283012079975,46.61703093617329,4.61,4.15,1.0,1.0,0.4,0.6,0.0
717874,2023,2023-06-06,mlb,PIT,ATH,41.66652411136119,36.13080527686773,4.21,6.34,0.0,0.0,0.7,0.2,0.0
717877,2023,2023-06-06,mlb,NYY,CHW,43.555057943600616,37.820530657144026,4.64,4.88,1.0,1.0,0.6,0.5,0.0
717871,2023,2023-06-06,mlb,TOR,HOU,48.81365443114781,52.26159782076136,3.16,5.09,0.0,0.0,0.7,0.7,1.0
717873,2023,2023-06-06,mlb,CLE,BOS,39.04999341574157,47.295496550395896,3.8,4.5,1.0,0.0,0.6,0.4,0.0
717870,2023,2023-06-06,mlb,CIN,LAD,44.78260134821402,52.881054097750265,6.4,4.98,0.0,1.0,0.6,0.4,1.0
717886,2023,2023-06-05,mlb,PHI,DET,52.042264664363394,41.6807004965427,4.46,6.9,0.0,0.0,0.4,0.4,1.0
717928,2023,2023-06-05,mlb,BOS,TBR,47.295496550395896,50.04796368550927,4.24,3.29,0.0,0.0,0.4,0.6,0.0
717888,2023,2023-06-04,mlb,LAD,NYY,52.881054097750265,43.555057943600616,3.76,4.56,0.0,0.0,0.5,0.5,0.0
717889,2023,2023-06-04,mlb,SDP,CHC,47.896637273871,49.69176903948828,6.55,3.95,0.0,0.0,0.5,0.4,0.0
717916,2023,2023-06-03,mlb,SFG,BAL,41.21396826950983,48.236146371587125,3.87,2.83,0.0,0.0,0.5,0.5,1.0
717903,2023,2023-06-03,mlb,SDP,CHC,47.896637273871,49.69176903948828,4.56,5.0,0.0,0.0,0.5,0.5,1.0
717901,2023,2023-06-03,mlb,ARI,ATL,46.61703093617329,63.847983611293685,5.31,3.86,0.0,0.0,0.7,0.4,0.0
717898,2023,2023-06-04,mlb,PIT,STL,41.66652411136119,45.332448715953014,5.41,4.78,0.0,0.0,0.5,0.4,1.0
717904,2023,2023-06-04,mlb,BOS,TBR,47.295496550395896,50.04796368550927,5.01,5.59,0.0,0.0,0.4,0.6,0.0
717902,2023,2023-06-04,mlb,WSN,PHI,40.88283012079975,52.042264664363394,5.55,4.18,0.0,0.0,0.5,0.4,0.0
717900,2023,2023-06-04,mlb,NYM,TOR,46.1675921482945,48.81365443114781,2.98,3.86,0.0,0.0,0.5,0.6,0.0
717944,2023,2023-05-31,mlb,NYM,PHI,46.1675921482945,52.042264664363394,6.8,4.46,0.0,0.0,0.6,0.5,1.0
717896,2023,2023-06-04,mlb,MIA,ATH,44.96868169547329,36.13080527686773,4.14,4.43,0.0,0.0,0.7,0.2,1.0
717899,2023,2023-06-04,mlb,HOU,LAA,52.26159782076136,44.88797413928977,3.83,4.32,0.0,0.0,0.7,0.3,0.0
717893,2023,2023-06-04,mlb,KCR,COL,41.450972950495625,40.803785600090585,5.52,5.03,0.0,0.0,0.3,0.5,1.0
717895,2023,2023-06-04,mlb,MIN,CLE,46.9927878392028,39.04999341574157,4.51,5.06,0.0,0.0,0.6,0.5,0.0
717891,2023,2023-06-04,mlb,CHW,DET,37.820530657144026,41.6807004965427,5.43,5.45,0.0,0.0,0.5,0.5,1.0
717894,2023,2023-06-04,mlb,TEX,SEA,53.49300527607529,49.02919211539274,3.63,4.32,0.0,0.0,0.8,0.5,1.0
717890,2023,2023-06-04,mlb,SFG,BAL,41.21396826950983,48.236146371587125,4.88,3.64,0.0,0.0,0.5,0.5,0.0
717892,2023,2023-06-04,mlb,ARI,ATL,46.61703093617329,63.847983611293685,3.47,6.4,0.0,0.0,0.6,0.5,0.0
717897,2023,2023-06-04,mlb,CIN,MIL,44.78260134821402,44.26372698544554,5.38,4.12,0.0,0.0,0.6,0.5,0.0
717948,2023,2023-05-31,mlb,BOS,CIN,47.295496550395896,44.78260134821402,4.5,6.4,0.0,0.0,0.4,0.6,0.0
717947,2023,2023-05-31,mlb,TOR,MIL,48.81365443114781,44.26372698544554,5.87,4.4,0.0,0.0,0.4,0.4,0.0
717945,2023,2023-05-31,mlb,MIA,SDP,44.96868169547329,47.896637273871,3.66,2.25,0.0,0.0,0.5,0.5,1.0
717999,2023,2023-05-27,mlb,MIL,SFG,44.26372698544554,41.21396826950983,3.39,3.25,0.0,0.0,0.4,0.8,0.0
717991,2023,2023-05-27,mlb,ARI,BOS,46.61703093617329,47.295496550395896,7.0,5.15,0.0,0.0,0.6,0.5,0.0
718007,2023,2023-05-27,mlb,CHC,CIN,49.69176903948828,44.78260134821402,4.84,4.46,0.0,0.0,0.3,0.4,0.0
717996,2023,2023-05-27,mlb,CLE,STL,39.04999341574157,45.332448715953014,2.98,4.99,0.0,0.0,0.3,0.6,0.0
718011,2023,2023-05-27,mlb,COL,NYM,40.803785600090585,46.1675921482945,5.42,3.22,0.0,0.0,0.4,0.7,1.0
717998,2023,2023-05-27,mlb,LAA,MIA,44.88797413928977,44.96868169547329,3.14,4.24,0.0,0.0,0.6,0.5,0.0
717994,2023,2023-05-28,mlb,TBR,LAD,50.04796368550927,52.881054097750265,4.7,9.0,0.0,0.0,0.6,0.5,1.0
717990,2023,2023-05-28,mlb,BAL,TEX,48.236146371587125,53.49300527607529,2.83,5.3,0.0,0.0,0.6,0.8,1.0
717995,2023,2023-05-28,mlb,NYY,SDP,43.555057943600616,47.896637273871,2.63,4.56,0.0,0.0,0.6,0.4,1.0
717993,2023,2023-05-28,mlb,CLE,STL,39.04999341574157,45.332448715953014,4.5,3.2,0.0,0.0,0.3,0.6,1.0
717989,2023,2023-05-28,mlb,DET,CHW,41.6807004965427,37.820530657144026,3.3,4.58,0.0,0.0,0.5,0.6,1.0
717985,2023,2023-05-28,mlb,KCR,WSN,41.450972950495625,40.88283012079975,4.64,4.42,0.0,0.0,0.3,0.5,1.0
717988,2023,2023-05-28,mlb,MIN,TOR,46.9927878392028,48.81365443114781,3.43,3.65,0.0,0.0,0.4,0.2,0.0
717986,2023,2023-05-28,mlb,MIL,SFG,44.26372698544554,41.21396826950983,4.55,3.87,0.0,0.0,0.3,0.8,1.0
717987,2023,2023-05-28,mlb,CHC,CIN,49.69176903948828,44.78260134821402,5.0,4.76,0.0,0.0,0.3,0.4,0.0
717997,2023,2023-05-27,mlb,ATL,PHI,63.847983611293685,52.042264664363394,3.64,3.61,0.0,0.0,0.5,0.4,0.0
718002,2023,2023-05-27,mlb,TBR,LAD,50.04796368550927,52.881054097750265,3.53,2.46,0.0,0.0,0.6,0.4,0.0
718004,2023,2023-05-27,mlb,SEA,PIT,49.02919211539274,41.66652411136119,3.34,3.86,0.0,0.0,0.5,0.5,1.0
718000,2023,2023-05-27,mlb,KCR,WSN,41.450972950495625,40.88283012079975,5.52,3.91,0.0,0.0,0.3,0.4,0.0
718023,2023,2023-05-26,mlb,NYY,SDP,43.555057943600616,47.896637273871,2.87,3.05,0.0,0.0,0.7,0.4,0.0
718022,2023,2023-05-26,mlb,CLE,STL,39.04999341574157,45.332448715953014,3.8,5.25,1.0,0.0,0.3,0.6,1.0
718019,2023,2023-05-26,mlb,ATL,PHI,63.847983611293685,52.042264664363394,5.81,4.38,0.0,0.0,0.6,0.3,0.0
718014,2023,2023-05-26,mlb,KCR,WSN,41.450972950495625,40.88283012079975,6.28,5.2,1.0,0.0,0.3,0.4,0.0
718013,2023,2023-05-26,mlb,MIN,TOR,46.9927878392028,48.81365443114781,4.63,3.16,1.0,0.0,0.4,0.2,0.0
718017,2023,2023-05-26,mlb,MIL,SFG,44.26372698544554,41.21396826950983,3.86,4.33,0.0,0.0,0.4,0.8,0.0
718016,2023,2023-05-26,mlb,COL,NYM,40.803785600090585,46.1675921482945,7.52,3.77,0.0,0.0,0.5,0.6,0.0
717982,2023,2023-05-28,mlb,COL,NYM,40.803785600090585,46.1675921482945,5.5,4.7,0.0,0.0,0.5,0.7,1.0
718015,2023,2023-05-26,mlb,LAA,MIA,44.88797413928977,44.96868169547329,4.48,3.58,1.0,0.0,0.7,0.5,0.0
718009,2023,2023-05-26,mlb,ATH,HOU,36.13080527686773,52.26159782076136,6.34,5.09,0.0,1.0,0.1,0.8,0.0
718012,2023,2023-05-26,mlb,SEA,PIT,49.02919211539274,41.66652411136119,3.35,4.21,0.0,1.0,0.6,0.4,0.0
718006,2023,2023-05-27,mlb,NYY,SDP,43.555057943600616,47.896637273871,6.65,3.22,0.0,0.0,0.6,0.5,1.0
718005,2023,2023-05-27,mlb,DET,CHW,41.6807004965427,37.820530657144026,4.18,5.29,0.0,0.0,0.5,0.7,1.0
718008,2023,2023-05-27,mlb,MIN,TOR,46.9927878392028,48.81365443114781,3.66,3.6,0.0,0.0,0.3,0.3,1.0
718001,2023,2023-05-27,mlb,BAL,TEX,48.236146371587125,53.49300527607529,4.12,4.15,0.0,0.0,0.7,0.7,0.0
718003,2023,2023-05-27,mlb,ATH,HOU,36.13080527686773,52.26159782076136,2.98,3.45,0.0,0.0,0.1,0.8,0.0
718010,2023,2023-05-26,mlb,ARI,BOS,46.61703093617329,47.295496550395896,5.72,4.3,1.0,1.0,0.7,0.4,0.0
718021,2023,2023-05-26,mlb,DET,CHW,41.6807004965427,37.820530657144026,6.9,5.73,0.0,0.0,0.6,0.7,0.0
717980,2023,2023-05-28,mlb,ATH,HOU,36.13080527686773,52.26159782076136,5.36,4.56,0.0,0.0,0.0,0.8,0.0
717981,2023,2023-05-28,mlb,ARI,BOS,46.61703093617329,47.295496550395896,3.29,5.01,0.0,0.0,0.5,0.6,1.0
717961,2023,2023-05-30,mlb,CHC,TBR,49.69176903948828,50.04796368550927,3.74,3.29,0.0,0.0,0.4,0.6,1.0
717956,2023,2023-05-30,mlb,HOU,MIN,52.26159782076136,46.9927878392028,3.83,4.51,0.0,0.0,0.7,0.4,1.0
717959,2023,2023-05-30,mlb,CHW,LAA,37.820530657144026,44.88797413928977,4.88,5.43,0.0,0.0,0.5,0.6,1.0
717955,2023,2023-05-30,mlb,ARI,COL,46.61703093617329,40.803785600090585,3.47,5.03,0.0,0.0,0.6,0.5,1.0
717958,2023,2023-05-30,mlb,ATH,ATL,36.13080527686773,63.847983611293685,4.54,3.81,0.0,0.0,0.1,0.4,1.0
717952,2023,2023-05-30,mlb,SEA,NYY,49.02919211539274,43.555057943600616,3.73,4.97,0.0,0.0,0.7,0.7,0.0
717972,2023,2023-05-30,mlb,SFG,PIT,41.21396826950983,41.66652411136119,3.99,4.31,0.0,0.0,0.7,0.3,0.0
717957,2023,2023-05-30,mlb,LAD,WSN,52.881054097750265,40.88283012079975,4.98,4.61,0.0,0.0,0.5,0.5,1.0
717951,2023,2023-05-31,mlb,DET,TEX,41.6807004965427,53.49300527607529,6.9,3.7,0.0,0.0,0.5,0.8,1.0
717943,2023,2023-05-31,mlb,CHW,LAA,37.820530657144026,44.88797413928977,5.73,5.68,0.0,0.0,0.5,0.5,0.0
717950,2023,2023-05-31,mlb,CHC,TBR,49.69176903948828,50.04796368550927,3.06,3.5,0.0,0.0,0.4,0.5,0.0
717946,2023,2023-05-31,mlb,BAL,CLE,48.236146371587125,39.04999341574157,6.85,3.8,0.0,0.0,0.6,0.4,0.0
717949,2023,2023-05-31,mlb,ATH,ATL,36.13080527686773,63.847983611293685,6.34,5.81,0.0,0.0,0.2,0.4,0.0
717953,2023,2023-05-31,mlb,SFG,PIT,41.21396826950983,41.66652411136119,4.33,4.21,0.0,0.0,0.7,0.3,0.0
717954,2023,2023-05-31,mlb,LAD,WSN,52.881054097750265,40.88283012079975,6.5,5.2,0.0,0.0,0.5,0.5,0.0
717960,2023,2023-05-30,mlb,STL,KCR,45.332448715953014,41.450972950495625,4.78,5.06,0.0,0.0,0.5,0.3,1.0
717962,2023,2023-05-30,mlb,NYM,PHI,46.1675921482945,52.042264664363394,2.98,4.18,1.0,1.0,0.6,0.5,1.0
717966,2023,2023-05-30,mlb,BOS,CIN,47.295496550395896,44.78260134821402,4.24,5.38,1.0,1.0,0.5,0.5,0.0
717965,2023,2023-05-30,mlb,TOR,MIL,48.81365443114781,44.26372698544554,3.86,4.12,1.0,1.0,0.3,0.4,1.0
717983,2023,2023-05-28,mlb,SEA,PIT,49.02919211539274,41.66652411136119,5.22,4.78,0.0,0.0,0.6,0.4,1.0
717992,2023,2023-05-28,mlb,ATL,PHI,63.847983611293685,52.042264664363394,3.86,3.77,0.0,0.0,0.5,0.5,1.0
717974,2023,2023-05-29,mlb,BAL,CLE,48.236146371587125,39.04999341574157,3.64,3.81,0.0,0.0,0.6,0.4,0.0
717979,2023,2023-05-29,mlb,DET,TEX,41.6807004965427,53.49300527607529,5.45,3.63,0.0,0.0,0.6,0.7,0.0
717975,2023,2023-05-29,mlb,STL,KCR,45.332448715953014,41.450972950495625,7.4,5.4,0.0,0.0,0.5,0.3,0.0
717976,2023,2023-05-29,mlb,CHC,TBR,49.69176903948828,50.04796368550927,3.95,5.59,0.0,0.0,0.3,0.7,1.0
717977,2023,2023-05-29,mlb,ARI,COL,46.61703093617329,40.803785600090585,5.31,8.23,0.0,0.0,0.6,0.5,1.0
717984,2023,2023-05-28,mlb,LAA,MIA,44.88797413928977,44.96868169547329,4.11,3.15,0.0,0.0,0.6,0.5,0.0
717968,2023,2023-05-29,mlb,HOU,MIN,52.26159782076136,46.9927878392028,3.83,2.79,0.0,0.0,0.8,0.3,0.0
717970,2023,2023-05-29,mlb,ATH,ATL,36.13080527686773,63.847983611293685,4.43,6.4,0.0,0.0,0.0,0.5,1.0
717971,2023,2023-05-29,mlb,CHW,LAA,37.820530657144026,44.88797413928977,5.43,4.32,0.0,0.0,0.6,0.6,0.0
717973,2023,2023-05-29,mlb,LAD,WSN,52.881054097750265,40.88283012079975,3.76,5.55,0.0,0.0,0.4,0.5,1.0
717969,2023,2023-05-29,mlb,SEA,NYY,49.02919211539274,43.555057943600616,4.32,4.56,0.0,0.0,0.7,0.7,0.0
717964,2023,2023-05-30,mlb,DET,TEX,41.6807004965427,53.49300527607529,4.45,4.45,0.0,0.0,0.5,0.8,0.0
717963,2023,2023-05-30,mlb,MIA,SDP,44.96868169547329,47.896637273871,4.14,6.55,1.0,1.0,0.5,0.4,0.0
717967,2023,2023-05-30,mlb,BAL,CLE,48.236146371587125,39.04999341574157,4.73,5.24,0.0,0.0,0.6,0.4,1.0
717978,2023,2023-05-29,mlb,SFG,PIT,41.21396826950983,41.66652411136119,4.88,5.41,0.0,0.0,0.7,0.4,1.0
716404,2023,2023-09-28,mlb,NYM,MIA,46.1675921482945,44.96868169547329,5.03,3.58,0.0,0.0,0.4444444444444444,0.5555555555555556,1.0
745444,2024,2024-03-20,mlb,SDP,LAD,38.38776011314958,45.45967339080953,3.31,3.49,,,,,0.0
746763,2024,2024-07-30,mlb,CHW,KCR,24.790135536386305,37.778201145217714,4.49,3.35,0.0,0.0,0.0,0.6,0.0
745958,2024,2024-07-30,mlb,MIL,ATL,39.71667879174324,37.437264236469105,3.77,6.52,0.0,0.0,0.7,0.3,0.0
746197,2024,2024-07-30,mlb,LAA,COL,32.63128486432322,33.99058268355197,5.19,4.98,1.0,1.0,0.5,0.4,1.0
747167,2024,2024-07-30,mlb,ARI,WSN,42.34091311812466,31.19368572605881,4.24,5.62,0.0,0.0,0.7,0.5,1.0
745389,2024,2024-07-30,mlb,SDP,LAD,38.38776011314958,45.45967339080953,4.91,3.49,1.0,1.0,0.7,0.7,1.0
745309,2024,2024-07-30,mlb,SFG,ATH,34.51784541276469,34.09475376131578,4.7,4.38,1.0,1.0,0.6,0.7,0.0
745061,2024,2024-07-31,mlb,TBR,MIA,29.994732830028948,28.39403698761079,4.11,6.53,0.0,0.0,0.7,0.5,0.0
747003,2024,2024-07-31,mlb,BAL,TOR,40.895008501092256,35.589362587194685,3.86,8.31,0.0,0.0,0.4444444444444444,0.5555555555555556,1.0
745543,2024,2024-07-31,mlb,PHI,NYY,43.16553535983042,44.207144275614574,3.32,3.77,0.0,0.0,0.3,0.5,0.0
745789,2024,2024-07-31,mlb,NYM,MIN,40.69178993628106,37.098878050832134,3.91,4.08,0.0,0.0,0.7,0.4,0.0
746764,2024,2024-07-31,mlb,CHW,KCR,24.790135536386305,37.778201145217714,5.48,3.71,0.0,0.0,0.0,0.6,0.0
745960,2024,2024-07-31,mlb,MIL,ATL,39.71667879174324,37.437264236469105,3.68,2.38,0.0,0.0,0.6,0.3,0.0
745148,2024,2024-07-31,mlb,STL,TEX,35.9530837512326,35.292616375189546,1.96,4.28,0.0,0.0,0.5,0.6,1.0
747170,2024,2024-07-31,mlb,ARI,WSN,42.34091311812466,31.19368572605881,3.65,3.9,0.0,0.0,0.7,0.4,1.0
746925,2024,2024-07-31,mlb,BOS,SEA,38.86800370670956,37.3716377777957,4.49,3.53,0.0,0.0,0.3,0.5,1.0
746365,2024,2024-07-30,mlb,HOU,PIT,40.14308703242572,33.29234677660162,3.49,4.43,0.0,0.0,0.5,0.6,0.0
746678,2024,2024-07-31,mlb,CIN,CHC,34.99879326068088,37.61539330439464,4.76,5.92,0.0,0.0,0.5,0.4,0.0
745149,2024,2024-07-30,mlb,STL,TEX,35.9530837512326,35.292616375189546,3.84,3.95,0.0,0.0,0.4,0.6,1.0
746926,2024,2024-07-30,mlb,BOS,SEA,38.86800370670956,37.3716377777957,4.4,3.64,0.0,0.0,0.3,0.4,0.0
746444,2024,2024-07-29,mlb,DET,CLE,33.85687598284515,37.46400988135876,3.59,3.47,0.0,0.0,0.5,0.5,0.0
745547,2024,2024-07-29,mlb,PHI,NYY,43.16553535983042,44.207144275614574,2.57,3.5,0.0,0.0,0.3,0.4,0.0
746684,2024,2024-07-29,mlb,CIN,CHC,34.99879326068088,37.61539330439464,5.46,3.27,0.0,0.0,0.4,0.5,1.0
746928,2024,2024-07-29,mlb,BOS,SEA,38.86800370670956,37.3716377777957,4.14,3.23,0.0,0.0,0.3,0.4,1.0
745791,2024,2024-07-29,mlb,NYM,MIN,40.69178993628106,37.098878050832134,3.75,4.17,0.0,0.0,0.6,0.5,1.0
745147,2024,2024-07-29,mlb,STL,TEX,35.9530837512326,35.292616375189546,3.78,3.8,0.0,0.0,0.4,0.5,0.0
746360,2024,2024-07-29,mlb,HOU,PIT,40.14308703242572,33.29234677660162,2.23,1.96,0.0,0.0,0.5,0.6,0.0
746765,2024,2024-07-29,mlb,CHW,KCR,24.790135536386305,37.778201145217714,4.95,4.53,0.0,0.0,0.0,0.5,0.0
745959,2024,2024-07-29,mlb,MIL,ATL,39.71667879174324,37.437264236469105,4.29,3.56,0.0,0.0,0.6,0.4,1.0
747172,2024,2024-07-29,mlb,ARI,WSN,42.34091311812466,31.19368572605881,6.23,4.29,0.0,0.0,0.6,0.5,1.0
746441,2024,2024-07-30,mlb,DET,CLE,33.85687598284515,37.46400988135876,2.19,4.86,0.0,0.0,0.4,0.5,0.0
747005,2024,2024-07-30,mlb,BAL,TOR,40.895008501092256,35.589362587194685,2.92,4.16,0.0,0.0,0.4444444444444444,0.5555555555555556,1.0
745546,2024,2024-07-30,mlb,PHI,NYY,43.16553535983042,44.207144275614574,3.57,10.32,0.0,0.0,0.3,0.5,0.0
745060,2024,2024-07-30,mlb,TBR,MIA,29.994732830028948,28.39403698761079,3.27,4.95,1.0,1.0,0.6,0.6,1.0
746683,2024,2024-07-30,mlb,CIN,CHC,34.99879326068088,37.61539330439464,3.0,3.07,0.0,0.0,0.4,0.4,1.0
745787,2024,2024-07-30,mlb,NYM,MIN,40.69178993628106,37.098878050832134,3.47,4.9,0.0,0.0,0.7,0.4,1.0
746363,2024,2024-07-31,mlb,HOU,PIT,40.14308703242572,33.29234677660162,2.91,7.97,0.0,0.0,0.4,0.6,1.0
745386,2024,2024-07-31,mlb,SDP,LAD,38.38776011314958,45.45967339080953,3.47,4.5,0.0,0.0,0.8,0.6,1.0
746198,2024,2024-07-31,mlb,LAA,COL,32.63128486432322,33.99058268355197,6.23,5.24,0.0,0.0,0.6,0.3,0.0
745224,2024,2024-08-02,mlb,SEA,PHI,37.3716377777957,43.16553535983042,2.89,6.87,1.0,1.0,0.5,0.3,1.0
745714,2024,2024-08-03,mlb,NYY,TOR,44.207144275614574,35.589362587194685,3.96,3.6,0.0,0.0,0.6,0.5555555555555556,1.0
746846,2024,2024-08-03,mlb,CHC,STL,37.61539330439464,35.9530837512326,3.27,4.24,0.0,0.0,0.5,0.4,0.0
744823,2024,2024-08-03,mlb,WSN,MIL,31.19368572605881,39.71667879174324,4.16,4.36,0.0,0.0,0.2,0.5,1.0
746440,2024,2024-08-03,mlb,DET,KCR,33.85687598284515,37.778201145217714,2.19,3.31,0.0,0.0,0.2,0.6,1.0
745474,2024,2024-08-03,mlb,PIT,ARI,33.29234677660162,42.34091311812466,4.25,6.23,0.0,0.0,0.5,0.8,1.0
744987,2024,2024-08-03,mlb,TEX,BOS,35.292616375189546,38.86800370670956,3.54,3.12,0.0,0.0,0.4,0.5,1.0
745876,2024,2024-08-03,mlb,MIN,CHW,37.098878050832134,24.790135536386305,3.98,3.58,0.0,0.0,0.6,0.0,1.0
746608,2024,2024-08-03,mlb,CLE,BAL,37.46400988135876,40.895008501092256,4.89,3.59,0.0,0.0,0.8,0.5555555555555556,0.0
746681,2024,2024-08-03,mlb,CIN,SFG,34.99879326068088,34.51784541276469,2.75,4.56,0.0,0.0,0.5,0.7,1.0
746358,2024,2024-08-03,mlb,HOU,TBR,40.14308703242572,29.994732830028948,2.8,3.63,0.0,0.0,0.5,0.5,0.0
747087,2024,2024-08-03,mlb,ATL,MIA,37.437264236469105,28.39403698761079,3.56,5.4,0.0,0.0,0.6,0.5,0.0
745388,2024,2024-08-03,mlb,SDP,COL,38.38776011314958,33.99058268355197,4.53,8.65,0.0,0.0,0.8,0.4,1.0
745636,2024,2024-08-03,mlb,ATH,LAD,34.09475376131578,45.45967339080953,4.58,3.17,0.0,0.0,0.7,0.4,0.0
746194,2024,2024-08-03,mlb,LAA,NYM,32.63128486432322,40.69178993628106,3.42,2.9,0.0,0.0,0.4,0.7,1.0
745387,2024,2024-08-02,mlb,SDP,COL,38.38776011314958,33.99058268355197,4.87,4.75,1.0,0.0,0.9,0.4,0.0
745631,2024,2024-08-02,mlb,ATH,LAD,34.09475376131578,45.45967339080953,5.01,3.53,1.0,1.0,0.6,0.5,1.0
746193,2024,2024-08-02,mlb,LAA,NYM,32.63128486432322,40.69178993628106,3.81,4.66,0.0,1.0,0.5,0.7,0.0
745875,2024,2024-08-02,mlb,MIN,CHW,37.098878050832134,24.790135536386305,3.6,4.32,1.0,1.0,0.5,0.0,1.0
745306,2024,2024-07-31,mlb,SFG,ATH,34.51784541276469,34.09475376131578,3.47,6.01,0.0,0.0,0.6,0.7,1.0
746607,2024,2024-08-01,mlb,CLE,BAL,37.46400988135876,40.895008501092256,3.81,4.92,1.0,0.0,0.6,0.5555555555555556,1.0
746442,2024,2024-08-01,mlb,DET,KCR,33.85687598284515,37.778201145217714,4.76,3.0,1.0,0.0,0.3,0.6,0.0
747092,2024,2024-08-01,mlb,ATL,MIA,37.437264236469105,28.39403698761079,4.19,5.68,0.0,0.0,0.4,0.6,1.0
746849,2024,2024-08-01,mlb,CHC,STL,37.61539330439464,35.9530837512326,2.91,3.84,0.0,0.0,0.5,0.5,1.0
746196,2024,2024-08-01,mlb,LAA,COL,32.63128486432322,33.99058268355197,4.15,4.49,0.0,0.0,0.6,0.3,0.0
746845,2024,2024-08-02,mlb,CHC,STL,37.61539330439464,35.9530837512326,3.73,3.3,0.0,0.0,0.5,0.4,1.0
746443,2024,2024-08-02,mlb,DET,KCR,33.85687598284515,37.778201145217714,2.39,3.14,0.0,0.0,0.3,0.6,0.0
744825,2024,2024-08-02,mlb,WSN,MIL,31.19368572605881,39.71667879174324,4.41,4.84,1.0,1.0,0.3,0.5,0.0
745719,2024,2024-08-02,mlb,NYY,TOR,44.207144275614574,35.589362587194685,4.31,3.83,1.0,1.0,0.6,0.4444444444444444,0.0
746605,2024,2024-08-02,mlb,CLE,BAL,37.46400988135876,40.895008501092256,5.64,4.1,0.0,0.0,0.7,0.5555555555555556,1.0
746679,2024,2024-08-02,mlb,CIN,SFG,34.99879326068088,34.51784541276469,3.72,3.12,1.0,1.0,0.5,0.6,0.0
747089,2024,2024-08-02,mlb,ATL,MIA,37.437264236469105,28.39403698761079,3.35,3.67,0.0,0.0,0.5,0.5,1.0
744986,2024,2024-08-02,mlb,TEX,BOS,35.292616375189546,38.86800370670956,3.8,4.36,1.0,1.0,0.5,0.4,0.0
746354,2024,2024-08-02,mlb,HOU,TBR,40.14308703242572,29.994732830028948,4.05,3.06,1.0,1.0,0.4,0.6,1.0
745471,2024,2024-08-02,mlb,PIT,ARI,33.29234677660162,42.34091311812466,3.32,4.71,1.0,1.0,0.5,0.7,0.0
745225,2024,2024-08-03,mlb,SEA,PHI,37.3716377777957,43.16553535983042,2.94,2.29,0.0,0.0,0.5,0.2,1.0
747007,2024,2024-07-29,mlb,BAL,TOR,40.895008501092256,35.589362587194685,3.59,4.47,0.0,0.0,0.5,0.6,1.0
747173,2024,2024-07-28,mlb,ARI,PIT,42.34091311812466,33.29234677660162,3.81,4.25,0.0,0.0,0.7,0.6,0.0
746119,2024,2024-07-24,mlb,LAD,SFG,45.45967339080953,34.51784541276469,3.49,4.7,0.0,0.0,0.6,0.3,0.0
744827,2024,2024-07-25,mlb,WSN,SDP,31.19368572605881,38.38776011314958,5.62,3.47,0.0,0.0,0.5,0.5,0.0
746037,2024,2024-07-25,mlb,MIA,BAL,28.39403698761079,40.895008501092256,6.53,2.92,0.0,0.0,0.5,0.3,0.0
746609,2024,2024-07-25,mlb,CLE,DET,37.46400988135876,33.85687598284515,4.86,2.19,0.0,0.0,0.4,0.6,0.0
744984,2024,2024-07-25,mlb,TEX,CHW,35.292616375189546,24.790135536386305,3.95,4.49,0.0,0.0,0.6,0.0,1.0
744907,2024,2024-07-25,mlb,TOR,TBR,35.589362587194685,29.994732830028948,4.16,4.11,0.0,0.0,0.5,0.6,0.0
746117,2024,2024-07-25,mlb,LAD,SFG,45.45967339080953,34.51784541276469,4.5,3.47,0.0,0.0,0.6,0.4,1.0
745794,2024,2024-07-25,mlb,NYM,ATL,40.69178993628106,37.437264236469105,3.91,2.38,0.0,0.0,0.7,0.3,1.0
746199,2024,2024-07-25,mlb,LAA,ATH,32.63128486432322,34.09475376131578,6.0,6.01,0.0,0.0,0.7,0.6,0.0
746448,2024,2024-07-26,mlb,DET,MIN,33.85687598284515,37.098878050832134,4.76,4.08,0.0,1.0,0.6,0.4,0.0
745554,2024,2024-07-26,mlb,PHI,CLE,43.16553535983042,37.46400988135876,3.32,3.81,1.0,0.0,0.4,0.4,0.0
745068,2024,2024-07-26,mlb,TBR,CIN,29.994732830028948,34.99879326068088,3.06,4.76,0.0,1.0,0.6,0.5,0.0
747010,2024,2024-07-26,mlb,BAL,SDP,40.895008501092256,38.38776011314958,3.86,7.49,0.0,0.0,0.4,0.6,0.0
744906,2024,2024-07-26,mlb,TOR,TEX,35.589362587194685,35.292616375189546,4.05,4.28,0.0,0.0,0.4,0.7,1.0
746279,2024,2024-07-24,mlb,KCR,ARI,37.778201145217714,42.34091311812466,3.35,4.24,0.0,0.0,0.7,0.7,0.0
745792,2024,2024-07-26,mlb,NYM,ATL,40.69178993628106,37.437264236469105,3.38,4.19,0.0,0.0,0.7,0.3,1.0
744989,2024,2024-07-24,mlb,TEX,CHW,35.292616375189546,24.790135536386305,3.8,4.95,0.0,0.0,0.6,0.1,1.0
745716,2024,2024-07-24,mlb,NYY,NYM,44.207144275614574,40.69178993628106,3.41,3.47,0.0,0.0,0.5,0.7,0.0
746524,2024,2024-07-23,mlb,COL,BOS,33.99058268355197,38.86800370670956,6.94,4.08,0.0,0.0,0.5,0.4,0.0
745632,2024,2024-07-23,mlb,ATH,HOU,34.09475376131578,40.14308703242572,3.41,6.94,0.0,0.0,0.6,0.6,1.0
745227,2024,2024-07-23,mlb,SEA,LAA,37.3716377777957,32.63128486432322,3.23,3.42,0.0,0.0,0.4,0.6,0.0
746118,2024,2024-07-23,mlb,LAD,SFG,45.45967339080953,34.51784541276469,3.65,4.1,0.0,0.0,0.5,0.4,1.0
747091,2024,2024-07-24,mlb,ATL,CIN,37.437264236469105,34.99879326068088,15.26,4.84,1.0,1.0,0.4,0.5,0.0
745472,2024,2024-07-24,mlb,PIT,STL,33.29234677660162,35.9530837512326,4.53,4.4,0.0,0.0,0.7,0.4444444444444444,1.0
745877,2024,2024-07-24,mlb,MIN,PHI,37.098878050832134,43.16553535983042,5.09,3.57,0.0,0.0,0.4,0.5,1.0
746851,2024,2024-07-24,mlb,CHC,MIL,37.61539330439464,39.71667879174324,3.07,1.17,0.0,0.0,0.5555555555555556,0.5,0.0
746525,2024,2024-07-24,mlb,COL,BOS,33.99058268355197,38.86800370670956,4.98,4.14,0.0,0.0,0.5,0.4,1.0
745634,2024,2024-07-24,mlb,ATH,HOU,34.09475376131578,40.14308703242572,4.38,3.49,0.0,0.0,0.7,0.5,0.0
745231,2024,2024-07-24,mlb,SEA,LAA,37.3716377777957,32.63128486432322,3.64,5.19,0.0,0.0,0.3,0.7,0.0
746611,2024,2024-07-24,mlb,CLE,DET,37.46400988135876,33.85687598284515,3.47,3.17,0.0,0.0,0.3,0.7,1.0
746035,2024,2024-07-24,mlb,MIA,BAL,28.39403698761079,40.895008501092256,4.95,6.75,0.0,0.0,0.4,0.3,1.0
744824,2024,2024-07-24,mlb,WSN,SDP,31.19368572605881,38.38776011314958,4.29,4.91,0.0,0.0,0.5,0.4,0.0
744905,2024,2024-07-24,mlb,TOR,TBR,35.589362587194685,29.994732830028948,4.47,3.59,0.0,0.0,0.4,0.6,1.0
746933,2024,2024-07-26,mlb,BOS,NYY,38.86800370670956,44.207144275614574,4.49,3.77,1.0,1.0,0.4,0.4,1.0
746277,2024,2024-07-26,mlb,KCR,CHC,37.778201145217714,37.61539330439464,3.71,5.92,1.0,1.0,0.6,0.4444444444444444,1.0
746361,2024,2024-07-26,mlb,HOU,LAD,40.14308703242572,45.45967339080953,2.91,3.53,1.0,0.0,0.5,0.7,1.0
747171,2024,2024-07-27,mlb,ARI,PIT,42.34091311812466,33.29234677660162,4.71,4.54,0.0,0.0,0.7,0.7,1.0
746203,2024,2024-07-27,mlb,LAA,ATH,32.63128486432322,34.09475376131578,3.81,4.58,0.0,0.0,0.6,0.7,0.0
745063,2024,2024-07-28,mlb,TBR,CIN,29.994732830028948,34.99879326068088,,2.75,0.0,0.0,0.6,0.5,1.0
747008,2024,2024-07-28,mlb,BAL,SDP,40.895008501092256,38.38776011314958,3.7,4.87,0.0,0.0,0.4,0.8,1.0
745550,2024,2024-07-28,mlb,PHI,CLE,43.16553535983042,37.46400988135876,5.0,4.89,0.0,0.0,0.4,0.4,0.0
744902,2024,2024-07-28,mlb,TOR,TEX,35.589362587194685,35.292616375189546,3.6,4.47,0.0,0.0,0.5,0.6,1.0
746445,2024,2024-07-28,mlb,DET,MIN,33.85687598284515,37.098878050832134,3.61,3.98,0.0,0.0,0.6,0.4,0.0
745795,2024,2024-07-28,mlb,NYM,ATL,40.69178993628106,37.437264236469105,2.9,1.99,0.0,0.0,0.6,0.3,0.0
746274,2024,2024-07-28,mlb,KCR,CHC,37.778201145217714,37.61539330439464,3.14,3.73,0.0,0.0,0.5,0.4444444444444444,0.0
746364,2024,2024-07-28,mlb,HOU,LAD,40.14308703242572,45.45967339080953,4.53,1.33,0.0,0.0,0.5,0.6,0.0
746770,2024,2024-07-28,mlb,CHW,SEA,24.790135536386305,37.3716377777957,3.58,2.94,0.0,0.0,0.0,0.3,0.0
745961,2024,2024-07-28,mlb,MIL,MIA,39.71667879174324,28.39403698761079,3.0,5.4,0.0,0.0,0.5,0.7,1.0
745145,2024,2024-07-28,mlb,STL,WSN,35.9530837512326,31.19368572605881,5.35,4.16,0.0,0.0,0.3333333333333333,0.6,1.0
745305,2024,2024-07-28,mlb,SFG,COL,34.51784541276469,33.99058268355197,3.88,4.75,0.0,0.0,0.5,0.5,1.0
746195,2024,2024-07-28,mlb,LAA,ATH,32.63128486432322,34.09475376131578,3.42,3.41,0.0,0.0,0.5,0.8,1.0
746931,2024,2024-07-27,mlb,BOS,NYY,38.86800370670956,44.207144275614574,4.36,4.31,0.0,0.0,0.4,0.4,0.0
746768,2024,2024-07-27,mlb,CHW,SEA,24.790135536386305,37.3716377777957,3.3,2.89,0.0,0.0,0.0,0.2,0.0
745150,2024,2024-07-27,mlb,STL,WSN,35.9530837512326,31.19368572605881,4.24,4.41,0.0,0.0,0.4444444444444444,0.6,0.0
745966,2024,2024-07-27,mlb,MIL,MIA,39.71667879174324,28.39403698761079,4.36,5.68,0.0,0.0,0.5,0.6,0.0
746767,2024,2024-07-26,mlb,CHW,SEA,24.790135536386305,37.3716377777957,5.48,3.53,0.0,1.0,0.0,0.2,0.0
745964,2024,2024-07-26,mlb,MIL,MIA,39.71667879174324,28.39403698761079,3.68,4.92,1.0,0.0,0.6,0.5,0.0
745146,2024,2024-07-26,mlb,STL,WSN,35.9530837512326,31.19368572605881,3.84,3.9,1.0,0.0,0.4444444444444444,0.5,0.0
746200,2024,2024-07-26,mlb,LAA,ATH,32.63128486432322,34.09475376131578,4.15,4.66,0.0,0.0,0.7,0.7,0.0
747174,2024,2024-07-26,mlb,ARI,PIT,42.34091311812466,33.29234677660162,3.65,3.32,1.0,1.0,0.7,0.8,1.0
745315,2024,2024-07-26,mlb,SFG,COL,34.51784541276469,33.99058268355197,4.56,5.24,0.0,1.0,0.4,0.5,1.0
744908,2024,2024-07-27,mlb,TOR,TEX,35.589362587194685,35.292616375189546,3.83,3.31,0.0,0.0,0.4,0.7,1.0
746929,2024,2024-07-28,mlb,BOS,NYY,38.86800370670956,44.207144275614574,3.12,3.96,0.0,0.0,0.4,0.4,0.0
747006,2024,2024-07-27,mlb,BAL,SDP,40.895008501092256,38.38776011314958,4.1,2.95,0.0,0.0,0.4,0.7,0.0
745793,2024,2024-07-27,mlb,NYM,ATL,40.69178993628106,37.437264236469105,4.04,3.35,0.0,0.0,0.7,0.3,0.0
745553,2024,2024-07-27,mlb,PHI,CLE,43.16553535983042,37.46400988135876,6.87,5.64,0.0,0.0,0.3,0.5,1.0
746446,2024,2024-07-27,mlb,DET,MIN,33.85687598284515,37.098878050832134,2.39,3.6,0.0,0.0,0.6,0.5,1.0
745307,2024,2024-07-27,mlb,SFG,COL,34.51784541276469,33.99058268355197,3.12,4.49,0.0,0.0,0.4,0.5,1.0
745310,2024,2024-07-27,mlb,SFG,COL,34.51784541276469,33.99058268355197,4.75,8.65,0.0,0.0,0.5,0.5,1.0
746278,2024,2024-07-27,mlb,KCR,CHC,37.778201145217714,37.61539330439464,3.0,2.91,0.0,0.0,0.6,0.3333333333333333,0.0
746362,2024,2024-07-27,mlb,HOU,LAD,40.14308703242572,45.45967339080953,2.8,5.7,0.0,0.0,0.5,0.6,1.0
745059,2024,2024-07-27,mlb,TBR,CIN,29.994732830028948,34.99879326068088,3.63,3.72,0.0,0.0,0.5,0.6,1.0
746281,2024,2024-07-23,mlb,KCR,ARI,37.778201145217714,42.34091311812466,4.53,6.23,0.0,0.0,0.8,0.6,0.0
746680,2024,2024-08-04,mlb,CIN,SFG,34.99879326068088,34.51784541276469,5.46,4.7,0.0,0.0,0.6,0.7,0.0
747088,2024,2024-08-04,mlb,ATL,MIA,37.437264236469105,28.39403698761079,3.25,4.95,0.0,0.0,0.6,0.5,0.0
746923,2024,2024-08-11,mlb,BOS,HOU,38.86800370670956,40.14308703242572,4.4,3.49,0.0,0.0,0.5,0.6,0.0
745711,2024,2024-08-11,mlb,NYY,TEX,44.207144275614574,35.292616375189546,4.31,4.28,0.0,0.0,0.6,0.3,1.0
744895,2024,2024-08-11,mlb,TOR,ATH,35.589362587194685,34.09475376131578,4.16,4.38,0.0,0.0,0.4,0.5,0.0
745057,2024,2024-08-11,mlb,TBR,BAL,29.994732830028948,40.895008501092256,3.27,3.7,0.0,0.0,0.4,0.6,1.0
746025,2024,2024-08-11,mlb,MIA,SDP,28.39403698761079,38.38776011314958,5.68,3.47,0.0,0.0,0.3,0.9,1.0
745872,2024,2024-08-11,mlb,MIN,CLE,37.098878050832134,37.46400988135876,4.9,3.47,0.0,0.0,0.6666666666666666,0.3333333333333333,0.0
745956,2024,2024-08-11,mlb,MIL,CIN,39.71667879174324,34.99879326068088,5.02,4.76,0.0,0.0,0.6,0.4,0.0
746517,2024,2024-08-11,mlb,COL,ATL,33.99058268355197,37.437264236469105,5.24,3.35,0.0,0.0,0.5,0.4,1.0
745303,2024,2024-08-11,mlb,SFG,DET,34.51784541276469,33.85687598284515,4.75,4.76,0.0,0.0,0.8,0.3,0.0
746114,2024,2024-08-11,mlb,LAD,PIT,45.45967339080953,33.29234677660162,3.49,4.43,0.0,0.0,0.5,0.2,1.0
747166,2024,2024-08-11,mlb,ARI,PHI,42.34091311812466,43.16553535983042,4.03,3.32,0.0,0.0,0.8,0.4,1.0
745216,2024,2024-08-11,mlb,SEA,NYM,37.3716377777957,40.69178993628106,3.64,3.91,0.0,0.0,0.6,0.3333333333333333,1.0
746603,2024,2024-08-12,mlb,CLE,CHC,37.46400988135876,37.61539330439464,3.81,2.91,0.0,1.0,0.3333333333333333,0.8,1.0
746682,2024,2024-08-12,mlb,CIN,STL,34.99879326068088,35.9530837512326,3.72,3.84,0.0,1.0,0.5,0.4444444444444444,1.0
745058,2024,2024-08-12,mlb,TBR,HOU,29.994732830028948,40.14308703242572,4.11,2.91,0.0,0.0,0.4,0.7,0.0
744816,2024,2024-08-11,mlb,WSN,LAA,31.19368572605881,32.63128486432322,3.9,3.99,0.0,0.0,0.5,0.4,0.0
746921,2024,2024-08-12,mlb,BOS,TEX,38.86800370670956,35.292616375189546,4.49,4.97,0.0,0.0,0.5,0.3,1.0
745219,2024,2024-08-10,mlb,SEA,NYM,37.3716377777957,40.69178993628106,3.23,3.47,0.0,0.0,0.5,0.4444444444444444,1.0
746520,2024,2024-08-10,mlb,COL,ATL,33.99058268355197,37.437264236469105,6.17,3.25,0.0,0.0,0.5,0.4,0.0
745308,2024,2024-08-09,mlb,SFG,DET,34.51784541276469,33.85687598284515,4.7,3.59,0.0,0.0,0.7,0.3,1.0
745712,2024,2024-08-10,mlb,NYY,TEX,44.207144275614574,35.292616375189546,3.96,3.8,1.0,2.0,0.7,0.3,1.0
745708,2024,2024-08-10,mlb,NYY,TEX,44.207144275614574,35.292616375189546,3.41,3.54,0.0,0.0,0.7,0.3,0.0
744897,2024,2024-08-10,mlb,TOR,ATH,35.589362587194685,34.09475376131578,4.47,3.41,0.0,0.0,0.4444444444444444,0.4,0.0
745304,2024,2024-08-10,mlb,SFG,DET,34.51784541276469,33.85687598284515,3.47,3.61,0.0,0.0,0.7,0.3,1.0
746922,2024,2024-08-10,mlb,BOS,HOU,38.86800370670956,40.14308703242572,4.14,4.53,0.0,0.0,0.6,0.5,0.0
746026,2024,2024-08-10,mlb,MIA,SDP,28.39403698761079,38.38776011314958,6.53,4.91,0.0,0.0,0.4,0.8,0.0
744820,2024,2024-08-10,mlb,WSN,LAA,31.19368572605881,32.63128486432322,5.62,5.19,0.0,0.0,0.4,0.5,1.0
746269,2024,2024-08-10,mlb,KCR,STL,37.778201145217714,35.9530837512326,3.35,3.78,0.0,0.0,0.6,0.5555555555555556,1.0
745873,2024,2024-08-10,mlb,MIN,CLE,37.098878050832134,37.46400988135876,4.17,4.86,0.0,0.0,0.6666666666666666,0.3333333333333333,0.0
745955,2024,2024-08-10,mlb,MIL,CIN,39.71667879174324,34.99879326068088,3.0,3.1,0.0,0.0,0.6,0.5,1.0
745056,2024,2024-08-10,mlb,TBR,BAL,29.994732830028948,40.895008501092256,2.83,2.92,0.0,0.0,0.5,0.6,0.0
746761,2024,2024-08-10,mlb,CHW,CHC,24.790135536386305,37.61539330439464,4.95,3.07,0.0,0.0,0.1,0.7,0.0
747164,2024,2024-08-10,mlb,ARI,PHI,42.34091311812466,43.16553535983042,3.65,3.57,0.0,0.0,0.8,0.4,1.0
746112,2024,2024-08-10,mlb,LAD,PIT,45.45967339080953,33.29234677660162,1.33,1.96,0.0,0.0,0.5,0.3,1.0
745874,2024,2024-08-12,mlb,MIN,KCR,37.098878050832134,37.778201145217714,4.08,3.71,0.0,1.0,0.5555555555555556,0.6,1.0
746762,2024,2024-08-12,mlb,CHW,NYY,24.790135536386305,44.207144275614574,5.6,3.5,1.0,0.0,0.1,0.6,1.0
745953,2024,2024-08-12,mlb,MIL,LAD,39.71667879174324,45.45967339080953,3.68,4.5,0.0,0.0,0.6,0.6,0.0
747163,2024,2024-08-14,mlb,ARI,COL,42.34091311812466,33.99058268355197,6.23,8.65,0.0,0.0,0.9,0.3,1.0
745381,2024,2024-08-14,mlb,SDP,PIT,38.38776011314958,33.29234677660162,4.53,4.25,0.0,0.0,0.9,0.1,1.0
746919,2024,2024-08-14,mlb,BOS,TEX,38.86800370670956,35.292616375189546,3.12,5.31,0.0,0.0,0.5,0.3,0.0
747000,2024,2024-08-14,mlb,BAL,WSN,40.895008501092256,31.19368572605881,4.1,4.16,0.0,0.0,0.5,0.6,1.0
746598,2024,2024-08-14,mlb,CLE,CHC,37.46400988135876,37.61539330439464,2.76,3.27,0.0,0.0,0.4444444444444444,0.6,1.0
746436,2024,2024-08-14,mlb,DET,SEA,33.85687598284515,37.3716377777957,3.59,2.89,0.0,0.0,0.5,0.6,1.0
746677,2024,2024-08-14,mlb,CIN,STL,34.99879326068088,35.9530837512326,4.5,4.24,0.0,0.0,0.6,0.4444444444444444,1.0
745544,2024,2024-08-14,mlb,PHI,MIA,43.16553535983042,28.39403698761079,6.87,4.95,0.0,0.0,0.4,0.5,1.0
745053,2024,2024-08-14,mlb,TBR,HOU,29.994732830028948,40.14308703242572,3.63,2.8,0.0,0.0,0.4,0.7,0.0
745790,2024,2024-08-14,mlb,NYM,ATH,40.69178993628106,34.09475376131578,2.9,5.01,0.0,0.0,0.2222222222222222,0.6,1.0
746759,2024,2024-08-14,mlb,CHW,NYY,24.790135536386305,44.207144275614574,4.32,10.32,0.0,0.0,0.2,0.6,0.0
745951,2024,2024-08-14,mlb,MIL,LAD,39.71667879174324,45.45967339080953,4.84,5.38,0.0,0.0,0.5,0.8,1.0
746188,2024,2024-08-14,mlb,LAA,TOR,32.63128486432322,35.589362587194685,3.81,3.6,0.0,0.0,0.5,0.5,0.0
745301,2024,2024-08-14,mlb,SFG,ATL,34.51784541276469,37.437264236469105,4.7,3.56,0.0,0.0,0.6,0.3,0.0
745783,2024,2024-08-15,mlb,NYM,ATH,40.69178993628106,34.09475376131578,3.75,4.58,0.0,0.0,0.3333333333333333,0.5,0.0
745869,2024,2024-08-14,mlb,MIN,KCR,37.098878050832134,37.778201145217714,7.61,3.14,0.0,0.0,0.5555555555555556,0.4,0.0
745302,2024,2024-08-13,mlb,SFG,ATL,34.51784541276469,37.437264236469105,4.56,4.19,0.0,0.0,0.6,0.3,0.0
745382,2024,2024-08-13,mlb,SDP,PIT,38.38776011314958,33.29234677660162,2.95,3.32,0.0,0.0,0.8,0.1,1.0
747160,2024,2024-08-13,mlb,ARI,COL,42.34091311812466,33.99058268355197,5.04,4.75,0.0,0.0,0.8,0.4,1.0
746192,2024,2024-08-12,mlb,LAA,TOR,32.63128486432322,35.589362587194685,6.23,3.3,0.0,0.0,0.5,0.4,0.0
747165,2024,2024-08-12,mlb,ARI,COL,42.34091311812466,33.99058268355197,4.71,5.87,0.0,0.0,0.8,0.5,1.0
745383,2024,2024-08-12,mlb,SDP,PIT,38.38776011314958,33.29234677660162,3.88,7.97,0.0,0.0,0.8,0.1,1.0
745300,2024,2024-08-12,mlb,SFG,ATL,34.51784541276469,37.437264236469105,3.12,2.38,0.0,0.0,0.7,0.3,0.0
747004,2024,2024-08-13,mlb,BAL,WSN,40.895008501092256,31.19368572605881,4.92,4.41,1.0,1.0,0.5,0.5,0.0
746601,2024,2024-08-13,mlb,CLE,CHC,37.46400988135876,37.61539330439464,2.72,3.73,0.0,0.0,0.3333333333333333,0.7,1.0
746435,2024,2024-08-13,mlb,DET,SEA,33.85687598284515,37.3716377777957,2.39,3.53,1.0,1.0,0.4,0.6,1.0
745220,2024,2024-08-09,mlb,SEA,NYM,37.3716377777957,40.69178993628106,2.94,3.75,0.0,0.0,0.5,0.5555555555555556,1.0
746673,2024,2024-08-13,mlb,CIN,STL,34.99879326068088,35.9530837512326,2.75,3.3,0.0,0.0,0.6,0.4444444444444444,1.0
745055,2024,2024-08-13,mlb,TBR,HOU,29.994732830028948,40.14308703242572,3.06,4.05,0.0,0.0,0.4,0.7,0.0
745788,2024,2024-08-13,mlb,NYM,ATH,40.69178993628106,34.09475376131578,4.66,6.42,1.0,1.0,0.3333333333333333,0.5,0.0
746924,2024,2024-08-13,mlb,BOS,TEX,38.86800370670956,35.292616375189546,4.36,3.8,0.0,0.0,0.5,0.3,1.0
745867,2024,2024-08-13,mlb,MIN,KCR,37.098878050832134,37.778201145217714,6.69,3.0,0.0,0.0,0.5555555555555556,0.5,1.0
746757,2024,2024-08-13,mlb,CHW,NYY,24.790135536386305,44.207144275614574,4.49,3.77,0.0,0.0,0.2,0.5,0.0
745954,2024,2024-08-13,mlb,MIL,LAD,39.71667879174324,45.45967339080953,4.29,3.53,0.0,0.0,0.6,0.7,0.0
746187,2024,2024-08-13,mlb,LAA,TOR,32.63128486432322,35.589362587194685,4.15,3.83,0.0,0.0,0.5,0.5,0.0
745548,2024,2024-08-13,mlb,PHI,MIA,43.16553535983042,28.39403698761079,7.1,3.67,1.0,1.0,0.4,0.4,0.0
745468,2024,2024-08-04,mlb,PIT,ARI,33.29234677660162,42.34091311812466,1.96,4.24,0.0,0.0,0.5,0.8,0.0
746113,2024,2024-08-09,mlb,LAD,PIT,45.45967339080953,33.29234677660162,3.17,4.25,1.0,0.0,0.4,0.4,1.0
746523,2024,2024-08-09,mlb,COL,ATL,33.99058268355197,37.437264236469105,8.65,3.56,0.0,0.0,0.4,0.4,1.0
745628,2024,2024-08-05,mlb,ATH,CHW,34.09475376131578,24.790135536386305,4.38,5.6,0.0,0.0,0.5,0.0,1.0
746116,2024,2024-08-05,mlb,LAD,PHI,45.45967339080953,43.16553535983042,3.49,3.57,0.0,0.0,0.4,0.2,1.0
745467,2024,2024-08-06,mlb,PIT,SDP,33.29234677660162,38.38776011314958,4.43,3.47,1.0,1.0,0.5,0.8,0.0
746033,2024,2024-08-06,mlb,MIA,CIN,28.39403698761079,34.99879326068088,5.68,4.76,0.0,0.0,0.5,0.5,0.0
744817,2024,2024-08-06,mlb,WSN,SFG,31.19368572605881,34.51784541276469,3.9,4.75,0.0,0.0,0.4,0.8,1.0
744901,2024,2024-08-06,mlb,TOR,BAL,35.589362587194685,40.895008501092256,4.16,3.7,1.0,1.0,0.4444444444444444,0.6666666666666666,1.0
747086,2024,2024-08-06,mlb,ATL,MIL,37.437264236469105,39.71667879174324,6.52,4.29,1.0,1.0,0.6,0.4,0.0
745141,2024,2024-08-06,mlb,STL,TBR,35.9530837512326,29.994732830028948,3.84,3.27,0.0,1.0,0.4444444444444444,0.6,1.0
744983,2024,2024-08-06,mlb,TEX,HOU,35.292616375189546,40.14308703242572,4.97,2.91,0.0,0.0,0.3,0.4,0.0
746840,2024,2024-08-06,mlb,CHC,MIN,37.61539330439464,37.098878050832134,2.91,4.08,0.0,0.0,0.6,0.7,1.0
746273,2024,2024-08-06,mlb,KCR,BOS,37.778201145217714,38.86800370670956,3.0,4.49,0.0,0.0,0.6,0.6,0.0
746519,2024,2024-08-06,mlb,COL,NYM,33.99058268355197,40.69178993628106,5.24,3.91,1.0,0.0,0.3,0.4444444444444444,1.0
745221,2024,2024-08-06,mlb,SEA,DET,37.3716377777957,33.85687598284515,3.64,4.76,1.0,1.0,0.6,0.3,0.0
745629,2024,2024-08-06,mlb,ATH,CHW,34.09475376131578,24.790135536386305,6.01,4.49,0.0,0.0,0.6,0.0,0.0
746120,2024,2024-08-06,mlb,LAD,PHI,45.45967339080953,43.16553535983042,4.5,3.32,0.0,0.0,0.5,0.2,0.0
746276,2024,2024-08-05,mlb,KCR,BOS,37.778201145217714,38.86800370670956,3.71,4.4,0.0,0.0,0.7,0.5,0.0
746847,2024,2024-08-05,mlb,CHC,MIN,37.61539330439464,37.098878050832134,5.92,4.9,0.0,0.0,0.6,0.7,0.0
744821,2024,2024-08-05,mlb,WSN,SFG,31.19368572605881,34.51784541276469,5.62,3.47,0.0,0.0,0.4,0.7,0.0
745718,2024,2024-08-04,mlb,NYY,TOR,44.207144275614574,35.589362587194685,3.41,4.47,0.0,0.0,0.6,0.4444444444444444,1.0
744826,2024,2024-08-04,mlb,WSN,MIL,31.19368572605881,39.71667879174324,4.29,3.0,0.0,0.0,0.3,0.5,1.0
746606,2024,2024-08-04,mlb,CLE,BAL,37.46400988135876,40.895008501092256,4.86,2.92,0.0,0.0,0.7,0.5555555555555556,0.0
746439,2024,2024-08-04,mlb,DET,KCR,33.85687598284515,37.778201145217714,3.61,3.35,0.0,0.0,0.3,0.6,0.0
746356,2024,2024-08-04,mlb,HOU,TBR,40.14308703242572,29.994732830028948,4.53,2.6,0.0,0.0,0.5,0.6,0.0
745879,2024,2024-08-04,mlb,MIN,CHW,37.098878050832134,24.790135536386305,4.17,4.95,0.0,0.0,0.6,0.0,1.0
744979,2024,2024-08-04,mlb,TEX,BOS,35.292616375189546,38.86800370670956,3.8,4.14,0.0,0.0,0.4,0.5,0.0
746191,2024,2024-08-04,mlb,LAA,NYM,32.63128486432322,40.69178993628106,5.19,3.75,0.0,0.0,0.4,0.6,1.0
745627,2024,2024-08-04,mlb,ATH,LAD,34.09475376131578,45.45967339080953,3.41,1.33,0.0,0.0,0.6,0.4,0.0
745384,2024,2024-08-04,mlb,SDP,COL,38.38776011314958,33.99058268355197,4.91,4.98,0.0,0.0,0.8,0.4,1.0
745222,2024,2024-08-04,mlb,SEA,PHI,37.3716377777957,43.16553535983042,3.23,2.57,0.0,0.0,0.6,0.2,0.0
746844,2024,2024-08-04,mlb,CHC,STL,37.61539330439464,35.9530837512326,3.07,5.35,0.0,0.0,0.5,0.4,1.0
746600,2024,2024-08-05,mlb,CLE,ARI,37.46400988135876,42.34091311812466,5.73,3.65,0.0,0.0,0.6,0.8,0.0
746038,2024,2024-08-05,mlb,MIA,CIN,28.39403698761079,34.99879326068088,6.53,3.1,0.0,0.0,0.5,0.5,0.0
744982,2024,2024-08-05,mlb,TEX,HOU,35.292616375189546,40.14308703242572,4.28,3.49,0.0,0.0,0.3,0.5,1.0
746604,2024,2024-08-07,mlb,CLE,ARI,37.46400988135876,42.34091311812466,3.81,4.71,1.0,1.0,0.6,0.8,0.0
746602,2024,2024-08-07,mlb,CLE,ARI,37.46400988135876,42.34091311812466,5.64,5.04,0.0,0.0,0.5,0.8,0.0
745710,2024,2024-08-08,mlb,NYY,LAA,44.207144275614574,32.63128486432322,3.77,3.81,0.0,0.0,0.8,0.5,0.0
744899,2024,2024-08-08,mlb,TOR,BAL,35.589362587194685,40.895008501092256,3.83,4.1,0.0,0.0,0.3333333333333333,0.6666666666666666,1.0
745143,2024,2024-08-08,mlb,STL,TBR,35.9530837512326,29.994732830028948,4.24,3.06,0.0,0.0,0.5555555555555556,0.5,0.0
745226,2024,2024-08-08,mlb,SEA,DET,37.3716377777957,33.85687598284515,2.89,1.84,0.0,0.0,0.5,0.4,1.0
747169,2024,2024-08-08,mlb,ARI,PHI,42.34091311812466,43.16553535983042,6.23,5.0,0.0,0.0,0.8,0.3,0.0
745871,2024,2024-08-09,mlb,MIN,CLE,37.098878050832134,37.46400988135876,7.61,2.76,1.0,1.0,0.6,0.5,1.0
744818,2024,2024-08-09,mlb,WSN,LAA,31.19368572605881,32.63128486432322,4.29,3.42,0.0,0.0,0.3,0.6,1.0
745062,2024,2024-08-09,mlb,TBR,BAL,29.994732830028948,40.895008501092256,3.63,3.59,0.0,0.0,0.6,0.5555555555555556,0.0
744900,2024,2024-08-09,mlb,TOR,ATH,35.589362587194685,34.09475376131578,3.6,4.58,0.0,1.0,0.3333333333333333,0.5,1.0
746927,2024,2024-08-09,mlb,BOS,HOU,38.86800370670956,40.14308703242572,3.12,2.8,1.0,1.0,0.6,0.4,0.0
746032,2024,2024-08-09,mlb,MIA,SDP,28.39403698761079,38.38776011314958,4.95,4.53,0.0,0.0,0.4,0.8,0.0
746275,2024,2024-08-09,mlb,KCR,STL,37.778201145217714,35.9530837512326,3.31,5.35,1.0,0.0,0.7,0.5555555555555556,0.0
746760,2024,2024-08-09,mlb,CHW,CHC,24.790135536386305,37.61539330439464,3.58,3.27,1.0,1.0,0.1,0.6,0.0
745957,2024,2024-08-09,mlb,MIL,CIN,39.71667879174324,34.99879326068088,4.36,5.46,0.0,0.0,0.6,0.6,1.0
746030,2024,2024-08-08,mlb,MIA,CIN,28.39403698761079,34.99879326068088,5.4,2.75,0.0,0.0,0.4,0.5,0.0
746522,2024,2024-08-08,mlb,COL,NYM,33.99058268355197,40.69178993628106,4.75,2.9,0.0,0.0,0.4,0.4444444444444444,0.0
745466,2024,2024-08-08,mlb,PIT,SDP,33.29234677660162,38.38776011314958,3.32,4.87,0.0,0.0,0.4,0.8,0.0
747081,2024,2024-08-08,mlb,ATL,MIL,37.437264236469105,39.71667879174324,4.19,4.84,0.0,0.0,0.5,0.5,0.0
746842,2024,2024-08-07,mlb,CHC,MIN,37.61539330439464,37.098878050832134,3.73,3.6,0.0,0.0,0.6,0.6,1.0
744981,2024,2024-08-07,mlb,TEX,HOU,35.292616375189546,40.14308703242572,3.8,4.05,0.0,0.0,0.3,0.4,0.0
745630,2024,2024-08-07,mlb,ATH,CHW,34.09475376131578,24.790135536386305,5.01,4.32,0.0,0.0,0.5,0.1,1.0
745709,2024,2024-08-07,mlb,NYY,LAA,44.207144275614574,32.63128486432322,3.5,6.23,2.0,2.0,0.7,0.4,1.0
745713,2024,2024-08-07,mlb,NYY,LAA,44.207144275614574,32.63128486432322,10.32,4.15,0.0,0.0,0.8,0.4,0.0
745469,2024,2024-08-07,mlb,PIT,SDP,33.29234677660162,38.38776011314958,4.54,2.95,0.0,0.0,0.4,0.8,0.0
746031,2024,2024-08-07,mlb,MIA,CIN,28.39403698761079,34.99879326068088,3.67,3.72,0.0,0.0,0.4,0.5,1.0
747168,2024,2024-08-09,mlb,ARI,PHI,42.34091311812466,43.16553535983042,4.24,2.57,0.0,0.0,0.8,0.4,1.0
744822,2024,2024-08-07,mlb,WSN,SFG,31.19368572605881,34.51784541276469,4.41,3.12,0.0,0.0,0.4,0.7,0.0
747085,2024,2024-08-07,mlb,ATL,MIL,37.437264236469105,39.71667879174324,2.38,3.68,0.0,0.0,0.6,0.4,0.0
745142,2024,2024-08-07,mlb,STL,TBR,35.9530837512326,29.994732830028948,3.3,4.11,0.0,0.0,0.5555555555555556,0.6,1.0
746272,2024,2024-08-07,mlb,KCR,BOS,37.778201145217714,38.86800370670956,3.14,4.36,0.0,0.0,0.6,0.6,1.0
746521,2024,2024-08-07,mlb,COL,NYM,33.99058268355197,40.69178993628106,4.49,4.66,0.0,0.0,0.4,0.3333333333333333,0.0
745223,2024,2024-08-07,mlb,SEA,DET,37.3716377777957,33.85687598284515,3.53,2.39,0.0,0.0,0.6,0.3,0.0
746115,2024,2024-08-07,mlb,LAD,PHI,45.45967339080953,43.16553535983042,3.53,6.87,0.0,0.0,0.4,0.3,0.0
744819,2024,2024-08-08,mlb,WSN,SFG,31.19368572605881,34.51784541276469,4.16,4.56,0.0,0.0,0.3,0.7,0.0
744903,2024,2024-08-07,mlb,TOR,BAL,35.589362587194685,40.895008501092256,3.3,4.92,0.0,0.0,0.4444444444444444,0.6666666666666666,0.0
746848,2024,2024-07-23,mlb,CHC,MIL,37.61539330439464,39.71667879174324,3.27,4.29,0.0,0.0,0.6666666666666666,0.5,0.0
744985,2024,2024-07-23,mlb,TEX,CHW,35.292616375189546,24.790135536386305,4.47,3.58,0.0,0.0,0.6,0.1,1.0
745878,2024,2024-07-23,mlb,MIN,PHI,37.098878050832134,43.16553535983042,4.17,2.57,0.0,0.0,0.5,0.5,0.0
746285,2024,2024-07-04,mlb,KCR,TBR,37.778201145217714,29.994732830028948,4.53,3.59,0.0,0.0,0.6,0.6,0.0
746532,2024,2024-07-04,mlb,COL,MIL,33.99058268355197,39.71667879174324,4.98,3.0,0.0,0.0,0.3,0.8,1.0
746126,2024,2024-07-04,mlb,LAD,ARI,45.45967339080953,42.34091311812466,3.65,3.65,0.0,0.0,0.6,0.4,0.0
746859,2024,2024-07-05,mlb,CHC,LAA,37.61539330439464,32.63128486432322,3.07,5.19,0.0,0.0,0.3,0.6,1.0
745479,2024,2024-07-05,mlb,PIT,NYM,33.29234677660162,40.69178993628106,1.96,3.91,0.0,0.0,0.4,0.6,1.0
744836,2024,2024-07-05,mlb,WSN,STL,31.19368572605881,35.9530837512326,5.62,3.84,0.0,0.0,0.3,0.6666666666666666,0.0
745725,2024,2024-07-05,mlb,NYY,BOS,44.207144275614574,38.86800370670956,3.77,3.12,0.0,0.0,0.2,0.6,0.0
746693,2024,2024-07-05,mlb,CIN,DET,34.99879326068088,33.85687598284515,5.46,3.53,0.0,0.0,0.6,0.3,0.0
746620,2024,2024-07-05,mlb,CLE,SFG,37.46400988135876,34.51784541276469,3.47,3.88,0.0,0.0,0.5,0.7,0.0
746046,2024,2024-07-05,mlb,MIA,CHW,28.39403698761079,24.790135536386305,2.18,5.48,0.0,0.0,0.3,0.3333333333333333,0.0
747097,2024,2024-07-05,mlb,ATL,PHI,37.437264236469105,43.16553535983042,3.25,3.57,0.0,0.0,0.375,0.6,0.0
744992,2024,2024-07-05,mlb,TEX,TBR,35.292616375189546,29.994732830028948,3.31,3.06,0.0,0.0,0.2,0.7,1.0
746533,2024,2024-07-05,mlb,COL,KCR,33.99058268355197,37.778201145217714,5.24,3.14,0.0,0.0,0.3,0.6,1.0
745884,2024,2024-07-05,mlb,MIN,HOU,37.098878050832134,40.14308703242572,4.08,4.17,0.0,0.0,0.7,0.8,0.0
745639,2024,2024-07-05,mlb,ATH,BAL,34.09475376131578,40.895008501092256,2.86,3.7,0.0,0.0,0.4,0.6,0.0
747103,2024,2024-07-04,mlb,ATL,SFG,37.437264236469105,34.51784541276469,4.19,3.47,0.0,0.0,0.5,0.6,0.0
745398,2024,2024-07-05,mlb,SDP,ARI,38.38776011314958,42.34091311812466,4.87,6.66,0.0,0.0,0.7,0.5,1.0
745236,2024,2024-07-04,mlb,SEA,BAL,37.3716377777957,40.895008501092256,2.94,2.92,0.0,0.0,0.3,0.6,1.0
744996,2024,2024-07-04,mlb,TEX,SDP,35.292616375189546,38.38776011314958,3.95,2.95,0.0,0.0,0.3,0.7,0.0
746858,2024,2024-07-03,mlb,CHC,PHI,37.61539330439464,43.16553535983042,2.91,2.57,0.0,0.0,0.3,0.7,0.0
746283,2024,2024-07-03,mlb,KCR,TBR,37.778201145217714,29.994732830028948,3.35,3.6,0.0,0.0,0.5,0.7,1.0
745888,2024,2024-07-03,mlb,MIN,DET,37.098878050832134,33.85687598284515,4.9,4.76,0.0,0.0,0.7,0.3,0.0
746534,2024,2024-07-03,mlb,COL,MIL,33.99058268355197,39.71667879174324,6.17,4.29,0.0,0.0,0.3,0.7,0.0
745643,2024,2024-07-03,mlb,ATH,LAA,34.09475376131578,32.63128486432322,5.01,6.23,0.0,0.0,0.3,0.7,1.0
746128,2024,2024-07-03,mlb,LAD,ARI,45.45967339080953,42.34091311812466,3.53,12.0,0.0,0.0,0.7,0.4,0.0
745234,2024,2024-07-03,mlb,SEA,BAL,37.3716377777957,40.895008501092256,3.23,4.1,0.0,0.0,0.3,0.5,0.0
744834,2024,2024-07-04,mlb,WSN,NYM,31.19368572605881,40.69178993628106,4.41,3.75,0.0,0.0,0.3,0.6,1.0
745484,2024,2024-07-04,mlb,PIT,STL,33.29234677660162,35.9530837512326,4.53,3.78,0.0,0.0,0.5,0.6666666666666666,0.0
745726,2024,2024-07-04,mlb,NYY,CIN,44.207144275614574,34.99879326068088,4.31,4.84,0.0,0.0,0.3,0.5,0.0
744912,2024,2024-07-04,mlb,TOR,HOU,35.589362587194685,40.14308703242572,4.16,2.91,0.0,0.0,0.5,0.8,0.0
745890,2024,2024-07-04,mlb,MIN,DET,37.098878050832134,33.85687598284515,3.98,6.09,0.0,0.0,0.7,0.4,1.0
746619,2024,2024-07-04,mlb,CLE,CHW,37.46400988135876,24.790135536386305,3.81,4.3,0.0,0.0,0.5,0.3333333333333333,1.0
746043,2024,2024-07-04,mlb,MIA,BOS,28.39403698761079,38.86800370670956,5.4,4.14,0.0,0.0,0.4,0.6,0.0
746857,2024,2024-07-04,mlb,CHC,PHI,37.61539330439464,43.16553535983042,3.27,3.32,0.0,0.0,0.2,0.7,1.0
745641,2024,2024-07-04,mlb,ATH,LAA,34.09475376131578,32.63128486432322,4.38,4.35,0.0,0.0,0.3,0.6,1.0
745237,2024,2024-07-05,mlb,SEA,TOR,37.3716377777957,35.589362587194685,3.64,3.83,0.0,0.0,0.3,0.5,1.0
746127,2024,2024-07-05,mlb,LAD,MIL,45.45967339080953,39.71667879174324,3.49,4.36,0.0,0.0,0.6,0.7,1.0
745724,2024,2024-07-06,mlb,NYY,BOS,44.207144275614574,38.86800370670956,3.41,4.14,0.0,0.0,0.2,0.6,1.0
745883,2024,2024-07-07,mlb,MIN,HOU,37.098878050832134,40.14308703242572,4.17,4.53,0.0,0.0,0.7,0.7,1.0
746855,2024,2024-07-07,mlb,CHC,LAA,37.61539330439464,32.63128486432322,3.86,3.42,0.0,0.0,0.4,0.5,1.0
744993,2024,2024-07-07,mlb,TEX,TBR,35.292616375189546,29.994732830028948,3.8,3.63,0.0,0.0,0.4,0.5,1.0
746530,2024,2024-07-07,mlb,COL,KCR,33.99058268355197,37.778201145217714,8.65,3.71,0.0,0.0,0.5,0.5,0.0
745637,2024,2024-07-07,mlb,ATH,BAL,34.09475376131578,40.895008501092256,4.58,3.86,0.0,0.0,0.5,0.7,0.0
745391,2024,2024-07-07,mlb,SDP,ARI,38.38776011314958,42.34091311812466,3.47,4.24,0.0,0.0,0.7,0.5,0.0
745233,2024,2024-07-07,mlb,SEA,TOR,37.3716377777957,35.589362587194685,3.53,3.6,0.0,0.0,0.4,0.4,0.0
746122,2024,2024-07-07,mlb,LAD,MIL,45.45967339080953,39.71667879174324,5.7,5.4,0.0,0.0,0.6,0.5,0.0
745723,2024,2024-07-07,mlb,NYY,BOS,44.207144275614574,38.86800370670956,3.5,4.36,0.0,0.0,0.3,0.5,0.0
745480,2024,2024-07-08,mlb,PIT,NYM,33.29234677660162,40.69178993628106,4.25,4.56,0.0,0.0,0.4,0.5,1.0
744833,2024,2024-07-08,mlb,WSN,STL,31.19368572605881,35.9530837512326,4.29,5.35,0.0,0.0,0.4,0.6,0.0
746455,2024,2024-07-08,mlb,DET,CLE,33.85687598284515,37.46400988135876,4.76,4.86,0.0,0.0,0.5,0.5,1.0
746692,2024,2024-07-08,mlb,CIN,COL,34.99879326068088,33.99058268355197,3.72,4.49,0.0,0.0,0.5,0.5,1.0
746771,2024,2024-07-08,mlb,CHW,MIN,24.790135536386305,37.098878050832134,4.95,4.99,0.0,0.0,0.4444444444444444,0.7,0.0
746208,2024,2024-07-08,mlb,LAA,TEX,32.63128486432322,35.292616375189546,6.23,4.47,0.0,0.0,0.4,0.5,0.0
746039,2024,2024-07-07,mlb,MIA,CHW,28.39403698761079,24.790135536386305,4.95,4.49,0.0,0.0,0.3,0.4444444444444444,1.0
746616,2024,2024-07-07,mlb,CLE,SFG,37.46400988135876,34.51784541276469,5.64,4.75,0.0,0.0,0.4,0.6,1.0
746691,2024,2024-07-07,mlb,CIN,DET,34.99879326068088,33.85687598284515,5.24,2.39,0.0,0.0,0.5,0.4,0.0
747098,2024,2024-07-07,mlb,ATL,PHI,37.437264236469105,43.16553535983042,1.99,11.08,0.0,0.0,0.5,0.6,1.0
745885,2024,2024-07-06,mlb,MIN,HOU,37.098878050832134,40.14308703242572,3.6,3.49,0.0,0.0,0.6,0.8,1.0
746856,2024,2024-07-06,mlb,CHC,LAA,37.61539330439464,32.63128486432322,5.92,3.81,0.0,0.0,0.4,0.5,0.0
745476,2024,2024-07-06,mlb,PIT,NYM,33.29234677660162,40.69178993628106,4.43,2.9,0.0,0.0,0.5,0.5,0.0
744835,2024,2024-07-06,mlb,WSN,STL,31.19368572605881,35.9530837512326,3.9,3.84,0.0,0.0,0.3,0.6666666666666666,1.0
744995,2024,2024-07-06,mlb,TEX,TBR,35.292616375189546,29.994732830028948,4.28,4.11,0.0,0.0,0.3,0.6,1.0
745642,2024,2024-07-06,mlb,ATH,BAL,34.09475376131578,40.895008501092256,5.18,5.2,0.0,0.0,0.4,0.7,1.0
746694,2024,2024-07-06,mlb,CIN,DET,34.99879326068088,33.85687598284515,2.75,3.61,0.0,0.0,0.5,0.4,0.0
744998,2024,2024-07-03,mlb,TEX,SDP,35.292616375189546,38.38776011314958,4.47,7.49,0.0,0.0,0.4,0.7,0.0
746615,2024,2024-07-06,mlb,CLE,SFG,37.46400988135876,34.51784541276469,5.73,4.56,0.0,0.0,0.4,0.7,1.0
746044,2024,2024-07-06,mlb,MIA,CHW,28.39403698761079,24.790135536386305,6.3,3.58,0.0,0.0,0.3,0.4444444444444444,1.0
747099,2024,2024-07-06,mlb,ATL,PHI,37.437264236469105,43.16553535983042,3.35,3.46,0.0,0.0,0.375,0.6,1.0
746129,2024,2024-07-06,mlb,LAD,MIL,45.45967339080953,39.71667879174324,4.4,3.68,0.0,0.0,0.6,0.6,1.0
746529,2024,2024-07-06,mlb,COL,KCR,33.99058268355197,37.778201145217714,4.75,3.0,0.0,0.0,0.4,0.5,1.0
745395,2024,2024-07-06,mlb,SDP,ARI,38.38776011314958,42.34091311812466,4.91,4.71,0.0,0.0,0.8,0.5,0.0
745477,2024,2024-07-07,mlb,PIT,NYM,33.29234677660162,40.69178993628106,3.32,3.47,0.0,0.0,0.5,0.5,0.0
744832,2024,2024-07-07,mlb,WSN,STL,31.19368572605881,35.9530837512326,4.16,4.24,0.0,0.0,0.4,0.5555555555555556,0.0
745235,2024,2024-07-06,mlb,SEA,TOR,37.3716377777957,35.589362587194685,4.75,4.47,0.0,0.0,0.4,0.4,0.0
747181,2024,2024-07-08,mlb,ARI,ATL,42.34091311812466,37.437264236469105,3.81,6.52,0.0,0.0,0.6,0.5555555555555556,0.0
747100,2024,2024-07-03,mlb,ATL,SFG,37.437264236469105,34.51784541276469,2.38,4.1,0.0,0.0,0.375,0.6,1.0
745728,2024,2024-07-03,mlb,NYY,CIN,44.207144275614574,34.99879326068088,3.96,3.72,0.0,0.0,0.3,0.4,0.0
745238,2024,2024-06-28,mlb,SEA,MIN,37.3716377777957,37.098878050832134,3.23,3.98,1.0,0.0,0.4,0.6,1.0
745319,2024,2024-06-28,mlb,SFG,LAD,34.51784541276469,45.45967339080953,3.47,3.65,0.0,1.0,0.4,0.8,1.0
746778,2024,2024-06-29,mlb,CHW,COL,24.790135536386305,33.99058268355197,4.49,4.98,0.0,0.0,0.2222222222222222,0.2,1.0
745159,2024,2024-06-29,mlb,STL,CIN,35.9530837512326,34.99879326068088,3.84,5.46,0.0,0.0,0.6666666666666666,0.4,0.0
744921,2024,2024-06-29,mlb,TOR,NYY,35.589362587194685,44.207144275614574,4.16,3.77,0.0,0.0,0.3,0.3,1.0
745559,2024,2024-06-29,mlb,PHI,MIA,43.16553535983042,28.39403698761079,3.57,6.53,0.0,0.0,0.6,0.6,0.0
746289,2024,2024-06-29,mlb,KCR,CLE,37.778201145217714,37.46400988135876,3.14,3.47,0.0,0.0,0.5,0.7,0.0
745801,2024,2024-06-29,mlb,NYM,HOU,40.69178993628106,40.14308703242572,4.04,2.91,0.0,0.0,0.8,0.8,0.0
747186,2024,2024-06-29,mlb,ARI,ATH,42.34091311812466,34.09475376131578,3.65,2.86,0.0,0.0,0.4,0.4,1.0
746940,2024,2024-06-29,mlb,BOS,SDP,38.86800370670956,38.38776011314958,3.12,2.95,0.0,0.0,0.6,0.8,0.0
745071,2024,2024-06-29,mlb,TBR,WSN,29.994732830028948,31.19368572605881,4.36,4.41,0.0,0.0,0.7,0.3,0.0
747104,2024,2024-06-29,mlb,ATL,PIT,37.437264236469105,33.29234677660162,3.25,1.96,0.0,0.0,0.625,0.5,1.0
745972,2024,2024-06-29,mlb,MIL,CHC,39.71667879174324,37.61539330439464,3.0,3.07,0.0,0.0,0.7,0.4,0.0
745317,2024,2024-06-29,mlb,SFG,LAD,34.51784541276469,45.45967339080953,3.88,3.49,0.0,0.0,0.4,0.7,0.0
747018,2024,2024-06-29,mlb,BAL,TEX,40.895008501092256,35.292616375189546,5.2,3.31,0.0,0.0,0.5,0.4,1.0
747183,2024,2024-06-28,mlb,ARI,ATH,42.34091311812466,34.09475376131578,6.66,4.38,0.0,1.0,0.5,0.3,0.0
746211,2024,2024-06-29,mlb,LAA,DET,32.63128486432322,33.85687598284515,5.19,3.53,0.0,0.0,0.7,0.3,1.0
746214,2024,2024-06-28,mlb,LAA,DET,32.63128486432322,33.85687598284515,8.25,6.09,0.0,0.0,0.6,0.3,1.0
745970,2024,2024-06-28,mlb,MIL,CHC,39.71667879174324,37.61539330439464,4.29,3.27,1.0,0.0,0.6,0.4,1.0
745565,2024,2024-06-27,mlb,PHI,MIA,43.16553535983042,28.39403698761079,2.57,4.92,0.0,0.0,0.6,0.5,0.0
747020,2024,2024-06-27,mlb,BAL,TEX,40.895008501092256,35.292616375189546,2.92,4.47,0.0,0.0,0.4,0.4,1.0
744919,2024,2024-06-27,mlb,TOR,NYY,35.589362587194685,44.207144275614574,3.6,3.96,0.0,0.0,0.3,0.2,1.0
745162,2024,2024-06-27,mlb,STL,CIN,35.9530837512326,34.99879326068088,5.35,3.72,0.0,0.0,0.7777777777777778,0.3,0.0
746288,2024,2024-06-27,mlb,KCR,CLE,37.778201145217714,37.46400988135876,3.35,3.81,0.0,0.0,0.3,0.7,1.0
746210,2024,2024-06-27,mlb,LAA,DET,32.63128486432322,33.85687598284515,6.23,3.17,0.0,0.0,0.6,0.3,1.0
745560,2024,2024-06-28,mlb,PHI,MIA,43.16553535983042,28.39403698761079,3.32,5.4,0.0,0.0,0.6,0.6,1.0
745070,2024,2024-06-28,mlb,TBR,WSN,29.994732830028948,31.19368572605881,3.59,4.29,1.0,1.0,0.7,0.4,1.0
747017,2024,2024-06-28,mlb,BAL,TEX,40.895008501092256,35.292616375189546,3.7,3.95,0.0,0.0,0.4,0.4,1.0
744922,2024,2024-06-28,mlb,TOR,NYY,35.589362587194685,44.207144275614574,4.05,4.31,0.0,0.0,0.3,0.2,0.0
745804,2024,2024-06-28,mlb,NYM,HOU,40.69178993628106,40.14308703242572,3.75,2.8,1.0,1.0,0.8,0.8,1.0
746939,2024,2024-06-28,mlb,BOS,SDP,38.86800370670956,38.38776011314958,4.14,4.87,1.0,1.0,0.7,0.7,0.0
746776,2024,2024-06-28,mlb,CHW,COL,24.790135536386305,33.99058268355197,5.48,6.17,0.0,1.0,0.2222222222222222,0.2,1.0
747105,2024,2024-06-28,mlb,ATL,PIT,37.437264236469105,33.29234677660162,4.19,4.53,0.0,1.0,0.625,0.6,1.0
746292,2024,2024-06-28,mlb,KCR,CLE,37.778201145217714,37.46400988135876,4.53,5.11,0.0,0.0,0.4,0.7,1.0
745161,2024,2024-06-28,mlb,STL,CIN,35.9530837512326,34.99879326068088,3.78,4.84,0.0,0.0,0.6666666666666666,0.4,1.0
745239,2024,2024-06-29,mlb,SEA,MIN,37.3716377777957,37.098878050832134,2.94,4.08,0.0,0.0,0.4,0.5,0.0
747101,2024,2024-06-30,mlb,ATL,PIT,37.437264236469105,33.29234677660162,3.35,4.43,0.0,0.0,0.625,0.4,0.0
746938,2024,2024-06-30,mlb,BOS,SDP,38.86800370670956,38.38776011314958,4.14,4.91,0.0,0.0,0.5,0.9,1.0
745730,2024,2024-07-02,mlb,NYY,CIN,44.207144275614574,34.99879326068088,3.5,5.24,1.0,1.0,0.3,0.4,0.0
744913,2024,2024-07-02,mlb,TOR,HOU,35.589362587194685,40.14308703242572,3.6,4.53,0.0,0.0,0.4,0.9,1.0
747102,2024,2024-07-02,mlb,ATL,SFG,37.437264236469105,34.51784541276469,1.99,4.75,1.0,1.0,0.5,0.5,0.0
745886,2024,2024-07-02,mlb,MIN,DET,37.098878050832134,33.85687598284515,4.17,2.39,1.0,1.0,0.6,0.4,1.0
744999,2024,2024-07-02,mlb,TEX,SDP,35.292616375189546,38.38776011314958,3.8,3.47,1.0,1.0,0.4,0.8,1.0
746860,2024,2024-07-02,mlb,CHC,PHI,37.61539330439464,43.16553535983042,3.86,11.08,1.0,1.0,0.3,0.6,0.0
746282,2024,2024-07-02,mlb,KCR,TBR,37.778201145217714,29.994732830028948,3.71,3.63,1.0,1.0,0.5,0.7,0.0
746537,2024,2024-07-02,mlb,COL,MIL,33.99058268355197,39.71667879174324,4.49,5.4,0.0,0.0,0.3,0.6,0.0
745647,2024,2024-07-02,mlb,ATH,LAA,34.09475376131578,32.63128486432322,4.58,3.42,1.0,1.0,0.2,0.7,1.0
745240,2024,2024-07-02,mlb,SEA,BAL,37.3716377777957,40.895008501092256,3.53,3.86,1.0,1.0,0.3,0.4,0.0
746133,2024,2024-07-02,mlb,LAD,ARI,45.45967339080953,42.34091311812466,8.52,3.92,1.0,1.0,0.6,0.5,1.0
745487,2024,2024-07-03,mlb,PIT,STL,33.29234677660162,35.9530837512326,4.14,5.35,0.0,0.0,0.4,0.7777777777777778,1.0
746617,2024,2024-07-03,mlb,CLE,CHW,37.46400988135876,24.790135536386305,4.86,3.3,0.0,0.0,0.6,0.3333333333333333,0.0
746045,2024,2024-07-03,mlb,MIA,BOS,28.39403698761079,38.86800370670956,4.92,4.49,0.0,0.0,0.4,0.5,0.0
744837,2024,2024-07-03,mlb,WSN,NYM,31.19368572605881,40.69178993628106,4.29,4.56,0.0,0.0,0.2,0.7,1.0
744838,2024,2024-07-02,mlb,WSN,NYM,31.19368572605881,40.69178993628106,4.16,3.47,0.0,0.0,0.3,0.6,0.0
746047,2024,2024-07-02,mlb,MIA,BOS,28.39403698761079,38.86800370670956,3.67,4.36,1.0,1.0,0.5,0.5,0.0
746623,2024,2024-07-02,mlb,CLE,CHW,37.46400988135876,24.790135536386305,5.64,4.95,1.0,1.0,0.6,0.3333333333333333,1.0
745482,2024,2024-07-02,mlb,PIT,STL,33.29234677660162,35.9530837512326,4.25,4.24,1.0,1.0,0.5,0.7777777777777778,0.0
745555,2024,2024-06-30,mlb,PHI,MIA,43.16553535983042,28.39403698761079,3.46,6.3,0.0,0.0,0.5,0.6,1.0
744916,2024,2024-06-30,mlb,TOR,NYY,35.589362587194685,44.207144275614574,3.83,3.41,0.0,0.0,0.4,0.2,0.0
745802,2024,2024-06-30,mlb,NYM,HOU,40.69178993628106,40.14308703242572,3.91,4.17,0.0,0.0,0.7,0.8,0.0
745072,2024,2024-06-30,mlb,TBR,WSN,29.994732830028948,31.19368572605881,4.11,5.62,0.0,0.0,0.7,0.4,1.0
746290,2024,2024-06-30,mlb,KCR,CLE,37.778201145217714,37.46400988135876,3.0,5.73,0.0,0.0,0.5,0.7,1.0
746779,2024,2024-06-30,mlb,CHW,COL,24.790135536386305,33.99058268355197,3.58,5.24,0.0,0.0,0.3333333333333333,0.2,0.0
745971,2024,2024-06-30,mlb,MIL,CHC,39.71667879174324,37.61539330439464,3.68,5.92,0.0,0.0,0.6,0.4,1.0
744915,2024,2024-07-03,mlb,TOR,HOU,35.589362587194685,40.14308703242572,4.05,2.8,0.0,0.0,0.5,0.8,0.0
745154,2024,2024-06-30,mlb,STL,CIN,35.9530837512326,34.99879326068088,3.84,2.75,0.0,0.0,0.6666666666666666,0.4,1.0
746209,2024,2024-06-30,mlb,LAA,DET,32.63128486432322,33.85687598284515,3.81,4.49,0.0,0.0,0.7,0.3,0.0
747182,2024,2024-06-30,mlb,ARI,ATH,42.34091311812466,34.09475376131578,4.71,5.18,0.0,0.0,0.4,0.3,1.0
745243,2024,2024-06-30,mlb,SEA,MIN,37.3716377777957,37.098878050832134,3.64,3.6,0.0,0.0,0.3,0.5,0.0
747016,2024,2024-06-30,mlb,BAL,TEX,40.895008501092256,35.292616375189546,5.11,4.28,0.0,0.0,0.5,0.4,0.0
744914,2024,2024-07-01,mlb,TOR,HOU,35.589362587194685,40.14308703242572,4.47,3.49,0.0,0.0,0.4,0.9,0.0
744840,2024,2024-07-01,mlb,WSN,NYM,31.19368572605881,40.69178993628106,3.9,2.9,0.0,0.0,0.3,0.6,0.0
746535,2024,2024-07-01,mlb,COL,MIL,33.99058268355197,39.71667879174324,4.75,1.17,0.0,0.0,0.3,0.6,1.0
745320,2024,2024-06-30,mlb,SFG,LAD,34.51784541276469,45.45967339080953,3.14,4.4,0.0,0.0,0.4,0.7,1.0
747014,2024,2024-07-09,mlb,BAL,CHC,40.895008501092256,37.61539330439464,4.1,3.27,1.0,1.0,0.7,0.5,0.0
746451,2024,2024-07-09,mlb,DET,CLE,33.85687598284515,37.46400988135876,6.09,3.81,0.0,0.0,0.6,0.5,0.0
745557,2024,2024-07-09,mlb,PHI,LAD,43.16553535983042,45.45967339080953,2.57,8.52,1.0,1.0,0.5,0.5,1.0
745640,2024,2024-07-19,mlb,ATH,LAA,34.09475376131578,32.63128486432322,4.38,5.19,4.0,4.0,0.5,0.5,1.0
746123,2024,2024-07-19,mlb,LAD,BOS,45.45967339080953,38.86800370670956,3.53,4.14,4.0,4.0,0.3,0.7,1.0
745228,2024,2024-07-19,mlb,SEA,HOU,37.3716377777957,40.14308703242572,3.64,3.49,4.0,4.0,0.5,0.6,0.0
745720,2024,2024-07-20,mlb,NYY,TBR,44.207144275614574,29.994732830028948,3.77,4.11,0.0,0.0,0.5,0.4,0.0
747093,2024,2024-07-20,mlb,ATL,STL,37.437264236469105,35.9530837512326,4.19,4.24,5.0,5.0,0.6,0.4444444444444444,1.0
747096,2024,2024-07-20,mlb,ATL,STL,37.437264236469105,35.9530837512326,6.52,3.84,0.0,0.0,0.7,0.3333333333333333,0.0
744910,2024,2024-07-20,mlb,TOR,DET,35.589362587194685,33.85687598284515,4.05,3.53,0.0,0.0,0.5,0.8,0.0
745638,2024,2024-07-20,mlb,ATH,LAA,34.09475376131578,32.63128486432322,4.58,3.99,0.0,0.0,0.5,0.5,1.0
746041,2024,2024-07-20,mlb,MIA,NYM,28.39403698761079,40.69178993628106,6.53,3.91,0.0,0.0,0.4,0.7,0.0
745478,2024,2024-07-20,mlb,PIT,PHI,33.29234677660162,43.16553535983042,3.32,3.32,0.0,0.0,0.7,0.5,1.0
744830,2024,2024-07-20,mlb,WSN,CIN,31.19368572605881,34.99879326068088,3.9,4.76,0.0,0.0,0.4,0.5,1.0
744994,2024,2024-07-20,mlb,TEX,BAL,35.292616375189546,40.895008501092256,3.95,3.86,0.0,0.0,0.7,0.4,0.0
746613,2024,2024-07-20,mlb,CLE,SDP,37.46400988135876,38.38776011314958,4.86,3.47,0.0,0.0,0.5,0.3,0.0
746286,2024,2024-07-20,mlb,KCR,CHW,37.778201145217714,24.790135536386305,3.71,4.49,0.0,0.0,0.5,0.2,1.0
746531,2024,2024-07-19,mlb,COL,SFG,33.99058268355197,34.51784541276469,4.98,4.56,4.0,4.0,0.4,0.5,1.0
745880,2024,2024-07-20,mlb,MIN,MIL,37.098878050832134,39.71667879174324,4.08,3.68,5.0,5.0,0.6,0.3,0.0
746284,2024,2024-07-19,mlb,KCR,CHW,37.778201145217714,24.790135536386305,3.35,4.95,4.0,4.0,0.5,0.2,1.0
746040,2024,2024-07-19,mlb,MIA,NYM,28.39403698761079,40.69178993628106,4.95,3.47,4.0,4.0,0.3,0.7,1.0
746686,2024,2024-07-14,mlb,CIN,MIA,34.99879326068088,28.39403698761079,4.76,4.92,0.0,0.0,0.6,0.2,0.0
746370,2024,2024-07-14,mlb,HOU,TEX,40.14308703242572,35.292616375189546,2.8,3.95,0.0,0.0,0.7,0.6,0.0
746769,2024,2024-07-14,mlb,CHW,PIT,24.790135536386305,33.29234677660162,4.3,4.25,0.0,0.0,0.3,0.6,0.0
745962,2024,2024-07-14,mlb,MIL,WSN,39.71667879174324,31.19368572605881,1.17,4.41,0.0,0.0,0.3,0.4,1.0
745151,2024,2024-07-14,mlb,STL,CHC,35.9530837512326,37.61539330439464,5.35,3.27,0.0,0.0,0.5555555555555556,0.7777777777777778,0.0
745314,2024,2024-07-14,mlb,SFG,MIN,34.51784541276469,37.098878050832134,3.12,4.99,0.0,0.0,0.4,0.6,1.0
746201,2024,2024-07-14,mlb,LAA,SEA,32.63128486432322,37.3716377777957,4.15,3.23,0.0,0.0,0.4,0.5,1.0
747176,2024,2024-07-14,mlb,ARI,TOR,42.34091311812466,35.589362587194685,3.65,4.05,0.0,0.0,0.7,0.4,0.0
745385,2024,2024-07-14,mlb,SDP,ATL,38.38776011314958,37.437264236469105,4.87,2.38,0.0,0.0,0.4,0.5,0.0
746854,2024,2024-07-19,mlb,CHC,ARI,37.61539330439464,42.34091311812466,3.07,4.24,4.0,4.0,0.7777777777777778,0.6,0.0
745481,2024,2024-07-19,mlb,PIT,PHI,33.29234677660162,43.16553535983042,4.53,3.57,4.0,4.0,0.7,0.5,1.0
744829,2024,2024-07-19,mlb,WSN,CIN,31.19368572605881,34.99879326068088,5.62,4.84,4.0,4.0,0.3,0.5,1.0
745721,2024,2024-07-19,mlb,NYY,TBR,44.207144275614574,29.994732830028948,3.41,3.59,4.0,4.0,0.4,0.5,1.0
744911,2024,2024-07-19,mlb,TOR,DET,35.589362587194685,33.85687598284515,4.16,3.17,4.0,4.0,0.5,0.8,0.0
746618,2024,2024-07-19,mlb,CLE,SDP,37.46400988135876,38.38776011314958,3.47,4.91,4.0,4.0,0.4,0.4,1.0
744990,2024,2024-07-19,mlb,TEX,BAL,35.292616375189546,40.895008501092256,3.8,2.92,4.0,4.0,0.7,0.3,0.0
746852,2024,2024-07-20,mlb,CHC,ARI,37.61539330439464,42.34091311812466,5.92,3.65,0.0,0.0,0.6666666666666666,0.7,0.0
746121,2024,2024-07-20,mlb,LAD,BOS,45.45967339080953,38.86800370670956,5.7,4.49,0.0,0.0,0.4,0.6,1.0
746527,2024,2024-07-20,mlb,COL,SFG,33.99058268355197,34.51784541276469,5.24,3.47,0.0,0.0,0.4,0.4,1.0
747095,2024,2024-07-22,mlb,ATL,CIN,37.437264236469105,34.99879326068088,1.99,2.75,0.0,0.0,0.5,0.5,0.0
745881,2024,2024-07-22,mlb,MIN,PHI,37.098878050832134,43.16553535983042,3.98,3.46,0.0,0.0,0.5,0.5,1.0
744988,2024,2024-07-22,mlb,TEX,CHW,35.292616375189546,24.790135536386305,3.31,3.3,0.0,0.0,0.6,0.1,1.0
746850,2024,2024-07-22,mlb,CHC,MIL,37.61539330439464,39.71667879174324,3.73,3.0,0.0,0.0,0.6666666666666666,0.5,1.0
746280,2024,2024-07-22,mlb,KCR,ARI,37.778201145217714,42.34091311812466,3.14,3.81,0.0,0.0,0.7,0.6,1.0
746526,2024,2024-07-22,mlb,COL,BOS,33.99058268355197,38.86800370670956,4.75,3.12,0.0,0.0,0.4,0.5,1.0
745635,2024,2024-07-22,mlb,ATH,HOU,34.09475376131578,40.14308703242572,2.86,4.53,0.0,0.0,0.5,0.6,1.0
745232,2024,2024-07-22,mlb,SEA,LAA,37.3716377777957,32.63128486432322,2.94,3.81,0.0,0.0,0.4,0.5,0.0
746124,2024,2024-07-22,mlb,LAD,SFG,45.45967339080953,34.51784541276469,1.33,3.12,0.0,0.0,0.4,0.4,1.0
746614,2024,2024-07-23,mlb,CLE,DET,37.46400988135876,33.85687598284515,4.64,2.19,0.0,0.0,0.3,0.7,1.0
745475,2024,2024-07-23,mlb,PIT,STL,33.29234677660162,35.9530837512326,1.96,3.84,0.0,0.0,0.8,0.3333333333333333,0.0
746036,2024,2024-07-23,mlb,MIA,BAL,28.39403698761079,40.895008501092256,5.4,3.7,0.0,1.0,0.3,0.4,1.0
744828,2024,2024-07-23,mlb,WSN,SDP,31.19368572605881,38.38776011314958,4.16,4.87,1.0,1.0,0.5,0.3,0.0
745715,2024,2024-07-23,mlb,NYY,NYM,44.207144275614574,40.69178993628106,3.5,3.75,0.0,0.0,0.5,0.7,0.0
744904,2024,2024-07-23,mlb,TOR,TBR,35.589362587194685,29.994732830028948,3.6,4.86,1.0,0.0,0.5,0.6,0.0
746034,2024,2024-07-22,mlb,MIA,NYM,28.39403698761079,40.69178993628106,6.3,2.9,0.0,0.0,0.4,0.6,0.0
745473,2024,2024-07-22,mlb,PIT,STL,33.29234677660162,35.9530837512326,4.25,3.78,0.0,0.0,0.8,0.4444444444444444,1.0
746612,2024,2024-07-22,mlb,CLE,DET,37.46400988135876,33.85687598284515,5.64,2.39,0.0,0.0,0.3,0.7,0.0
745717,2024,2024-07-22,mlb,NYY,TBR,44.207144275614574,29.994732830028948,3.96,3.63,0.0,0.0,0.4,0.6,1.0
745229,2024,2024-07-20,mlb,SEA,HOU,37.3716377777957,40.14308703242572,3.53,2.91,0.0,0.0,0.4,0.6,0.0
745882,2024,2024-07-21,mlb,MIN,MIL,37.098878050832134,39.71667879174324,3.6,4.36,0.0,0.0,0.5,0.4,0.0
744831,2024,2024-07-21,mlb,WSN,CIN,31.19368572605881,34.99879326068088,4.41,3.72,0.0,0.0,0.4,0.5,1.0
745470,2024,2024-07-21,mlb,PIT,PHI,33.29234677660162,43.16553535983042,4.54,6.87,0.0,0.0,0.8,0.4,0.0
747094,2024,2024-07-21,mlb,ATL,STL,37.437264236469105,35.9530837512326,3.35,5.35,0.0,0.0,0.6,0.4444444444444444,0.0
745722,2024,2024-07-21,mlb,NYY,TBR,44.207144275614574,29.994732830028948,4.31,3.06,0.0,0.0,0.5,0.5,0.0
744909,2024,2024-07-21,mlb,TOR,DET,35.589362587194685,33.85687598284515,3.83,4.76,0.0,0.0,0.5,0.8,1.0
745066,2024,2024-07-14,mlb,TBR,CLE,29.994732830028948,37.46400988135876,3.6,3.81,0.0,0.0,0.4,0.5,1.0
746610,2024,2024-07-21,mlb,CLE,SDP,37.46400988135876,38.38776011314958,3.81,2.95,0.0,0.0,0.4,0.3,0.0
746287,2024,2024-07-21,mlb,KCR,CHW,37.778201145217714,24.790135536386305,3.0,5.48,0.0,0.0,0.6,0.1,1.0
746853,2024,2024-07-21,mlb,CHC,ARI,37.61539330439464,42.34091311812466,2.91,4.71,0.0,0.0,0.6666666666666666,0.7,1.0
744991,2024,2024-07-21,mlb,TEX,BAL,35.292616375189546,40.895008501092256,4.28,4.1,0.0,0.0,0.6,0.4,1.0
746528,2024,2024-07-21,mlb,COL,SFG,33.99058268355197,34.51784541276469,4.49,4.75,0.0,0.0,0.4,0.3,0.0
745633,2024,2024-07-21,mlb,ATH,LAA,34.09475376131578,32.63128486432322,5.01,4.15,0.0,0.0,0.6,0.4,0.0
745230,2024,2024-07-21,mlb,SEA,HOU,37.3716377777957,40.14308703242572,2.89,2.8,0.0,0.0,0.3,0.6,1.0
746125,2024,2024-07-21,mlb,LAD,BOS,45.45967339080953,38.86800370670956,4.4,4.36,0.0,0.0,0.4,0.5,1.0
746042,2024,2024-07-21,mlb,MIA,NYM,28.39403698761079,40.69178993628106,4.92,4.56,0.0,0.0,0.4,0.7,1.0
745797,2024,2024-07-14,mlb,NYM,COL,40.69178993628106,33.99058268355197,3.75,6.75,0.0,0.0,0.7,0.4,0.0
746449,2024,2024-07-14,mlb,DET,LAD,33.85687598284515,45.45967339080953,3.59,2.63,0.0,0.0,0.7,0.3,1.0
745551,2024,2024-07-14,mlb,PHI,ATH,43.16553535983042,34.09475376131578,2.29,5.01,0.0,0.0,0.6,0.5,0.0
745556,2024,2024-07-10,mlb,PHI,LAD,43.16553535983042,45.45967339080953,3.32,3.53,0.0,0.0,0.6,0.4,1.0
746689,2024,2024-07-10,mlb,CIN,COL,34.99879326068088,33.99058268355197,4.84,5.24,0.0,0.0,0.6,0.5,0.0
745796,2024,2024-07-10,mlb,NYM,WSN,40.69178993628106,31.19368572605881,3.91,5.62,0.0,0.0,0.5,0.3,1.0
746934,2024,2024-07-10,mlb,BOS,ATH,38.86800370670956,34.09475376131578,4.14,4.38,0.0,0.0,0.7,0.5,0.0
746366,2024,2024-07-10,mlb,HOU,MIA,40.14308703242572,28.39403698761079,2.91,2.18,0.0,0.0,0.7,0.3,1.0
745969,2024,2024-07-10,mlb,MIL,PIT,39.71667879174324,33.29234677660162,3.0,4.53,0.0,0.0,0.4,0.5,1.0
746205,2024,2024-07-10,mlb,LAA,TEX,32.63128486432322,35.292616375189546,5.19,3.31,0.0,0.0,0.2,0.7,1.0
747179,2024,2024-07-10,mlb,ARI,ATL,42.34091311812466,37.437264236469105,6.66,4.19,0.0,0.0,0.6,0.6,1.0
745318,2024,2024-07-10,mlb,SFG,TOR,34.51784541276469,35.589362587194685,3.47,4.16,0.0,0.0,0.6,0.4,0.0
746688,2024,2024-07-11,mlb,CIN,COL,34.99879326068088,33.99058268355197,2.75,4.75,0.0,0.0,0.5,0.5,1.0
746452,2024,2024-07-11,mlb,DET,CLE,33.85687598284515,37.46400988135876,3.17,6.21,0.0,0.0,0.7,0.5,1.0
745799,2024,2024-07-11,mlb,NYM,WSN,40.69178993628106,31.19368572605881,2.9,3.9,0.0,0.0,0.6,0.3,1.0
745967,2024,2024-07-11,mlb,MIL,PIT,39.71667879174324,33.29234677660162,4.36,1.96,0.0,0.0,0.5,0.5,0.0
745313,2024,2024-07-11,mlb,SFG,TOR,34.51784541276469,35.589362587194685,4.1,3.83,0.0,0.0,0.5,0.4,0.0
745558,2024,2024-07-11,mlb,PHI,LAD,43.16553535983042,45.45967339080953,3.57,3.08,0.0,0.0,0.6,0.4,1.0
745069,2024,2024-07-10,mlb,TBR,NYY,29.994732830028948,44.207144275614574,3.59,4.31,0.0,0.0,0.5,0.3,0.0
745394,2024,2024-07-10,mlb,SDP,SEA,38.38776011314958,37.3716377777957,2.95,2.94,0.0,0.0,0.5,0.4,0.0
746453,2024,2024-07-10,mlb,DET,CLE,33.85687598284515,37.46400988135876,3.53,3.47,0.0,0.0,0.6,0.6,1.0
747015,2024,2024-07-10,mlb,BAL,CHC,40.895008501092256,37.61539330439464,2.92,2.91,0.0,0.0,0.6,0.5,0.0
745074,2024,2024-07-09,mlb,TBR,NYY,29.994732830028948,44.207144275614574,3.6,3.96,1.0,1.0,0.4,0.3,1.0
746690,2024,2024-07-09,mlb,CIN,COL,34.99879326068088,33.99058268355197,4.76,4.98,0.0,0.0,0.5,0.5,1.0
745803,2024,2024-07-09,mlb,NYM,WSN,40.69178993628106,31.19368572605881,3.75,4.41,0.0,0.0,0.4,0.4,1.0
746937,2024,2024-07-09,mlb,BOS,ATH,38.86800370670956,34.09475376131578,4.49,5.01,1.0,1.0,0.6,0.5,1.0
746368,2024,2024-07-09,mlb,HOU,MIA,40.14308703242572,28.39403698761079,2.8,4.92,1.0,1.0,0.6,0.4,1.0
745968,2024,2024-07-09,mlb,MIL,PIT,39.71667879174324,33.29234677660162,4.29,4.02,1.0,0.0,0.5,0.4,0.0
746206,2024,2024-07-09,mlb,LAA,TEX,32.63128486432322,35.292616375189546,4.35,3.95,0.0,0.0,0.3,0.6,0.0
747011,2024,2024-07-11,mlb,BAL,CHC,40.895008501092256,37.61539330439464,3.7,3.07,0.0,0.0,0.5,0.6,0.0
745393,2024,2024-07-09,mlb,SDP,SEA,38.38776011314958,37.3716377777957,7.49,3.23,1.0,1.0,0.6,0.4,0.0
745316,2024,2024-07-09,mlb,SFG,TOR,34.51784541276469,35.589362587194685,3.12,4.05,1.0,1.0,0.5,0.4,1.0
745155,2024,2024-07-10,mlb,STL,KCR,35.9530837512326,37.778201145217714,3.78,4.53,1.0,2.0,0.7,0.5,0.0
745156,2024,2024-07-10,mlb,STL,KCR,35.9530837512326,37.778201145217714,4.7,3.35,0.0,0.0,0.6,0.5,0.0
746772,2024,2024-07-10,mlb,CHW,MIN,24.790135536386305,37.098878050832134,3.3,3.98,1.0,1.0,0.4,0.7,1.0
746773,2024,2024-07-10,mlb,CHW,MIN,24.790135536386305,37.098878050832134,5.48,4.08,0.0,0.0,0.4,0.7,0.0
747180,2024,2024-07-09,mlb,ARI,ATL,42.34091311812466,37.437264236469105,3.65,2.38,0.0,0.0,0.6,0.6,0.0
746437,2024,2024-08-15,mlb,DET,SEA,33.85687598284515,37.3716377777957,3.61,2.94,0.0,0.0,0.6,0.5,1.0
745065,2024,2024-07-11,mlb,TBR,NYY,29.994732830028948,44.207144275614574,3.06,3.77,0.0,0.0,0.4,0.3,1.0
746367,2024,2024-07-11,mlb,HOU,MIA,40.14308703242572,28.39403698761079,,6.53,0.0,0.0,0.7,0.3,1.0
745549,2024,2024-07-13,mlb,PHI,ATH,43.16553535983042,34.09475376131578,6.87,4.58,0.0,0.0,0.6,0.6,1.0
747013,2024,2024-07-13,mlb,BAL,NYY,40.895008501092256,44.207144275614574,3.86,3.5,0.0,0.0,0.4,0.3,0.0
746930,2024,2024-07-13,mlb,BOS,KCR,38.86800370670956,37.778201145217714,4.36,3.0,0.0,0.0,0.7,0.6,1.0
745798,2024,2024-07-13,mlb,NYM,COL,40.69178993628106,33.99058268355197,4.56,4.49,0.0,0.0,0.6,0.4,1.0
745067,2024,2024-07-13,mlb,TBR,CLE,29.994732830028948,37.46400988135876,3.63,4.86,0.0,0.0,0.5,0.4,0.0
746369,2024,2024-07-13,mlb,HOU,TEX,40.14308703242572,35.292616375189546,4.53,3.8,0.0,0.0,0.7,0.6,0.0
746687,2024,2024-07-13,mlb,CIN,MIA,34.99879326068088,28.39403698761079,3.72,4.95,0.0,0.0,0.6,0.2,1.0
745963,2024,2024-07-13,mlb,MIL,WSN,39.71667879174324,31.19368572605881,5.4,4.29,0.0,0.0,0.4,0.4,0.0
745311,2024,2024-07-13,mlb,SFG,MIN,34.51784541276469,37.098878050832134,4.75,4.17,0.0,0.0,0.5,0.6,0.0
745392,2024,2024-07-13,mlb,SDP,ATL,38.38776011314958,37.437264236469105,3.47,1.99,0.0,0.0,0.3,0.6,1.0
746202,2024,2024-07-13,mlb,LAA,SEA,32.63128486432322,37.3716377777957,3.42,3.53,0.0,0.0,0.3,0.5,1.0
747177,2024,2024-07-13,mlb,ARI,TOR,42.34091311812466,35.589362587194685,3.81,3.6,0.0,0.0,0.7,0.5,1.0
747009,2024,2024-07-14,mlb,BAL,NYY,40.895008501092256,44.207144275614574,4.1,3.96,0.0,0.0,0.3,0.4,1.0
746932,2024,2024-07-14,mlb,BOS,KCR,38.86800370670956,37.778201145217714,4.49,3.71,0.0,0.0,0.7,0.5,1.0
745152,2024,2024-07-13,mlb,STL,CHC,35.9530837512326,37.61539330439464,3.84,3.86,0.0,0.0,0.5,0.7,1.0
746766,2024,2024-07-13,mlb,CHW,PIT,24.790135536386305,33.29234677660162,4.95,3.32,0.0,0.0,0.3,0.6,0.0
746447,2024,2024-07-13,mlb,DET,LAD,33.85687598284515,45.45967339080953,4.76,5.7,0.0,0.0,0.7,0.4,1.0
745312,2024,2024-07-12,mlb,SFG,MIN,34.51784541276469,37.098878050832134,4.56,3.6,0.0,1.0,0.5,0.7,1.0
746204,2024,2024-07-11,mlb,LAA,SEA,32.63128486432322,37.3716377777957,3.99,3.64,0.0,0.0,0.2,0.4,0.0
747178,2024,2024-07-11,mlb,ARI,ATL,42.34091311812466,37.437264236469105,4.71,3.25,0.0,0.0,0.6,0.5,1.0
746450,2024,2024-07-12,mlb,DET,LAD,33.85687598284515,45.45967339080953,2.39,4.4,0.0,0.0,0.7,0.3,0.0
745552,2024,2024-07-12,mlb,PHI,ATH,43.16553535983042,34.09475376131578,3.46,2.86,0.0,0.0,0.7,0.5,0.0
745064,2024,2024-07-12,mlb,TBR,CLE,29.994732830028948,37.46400988135876,4.11,5.64,0.0,0.0,0.5,0.5,1.0
747012,2024,2024-07-12,mlb,BAL,NYY,40.895008501092256,44.207144275614574,5.2,3.41,0.0,0.0,0.4,0.3,0.0
746936,2024,2024-07-12,mlb,BOS,KCR,38.86800370670956,37.778201145217714,4.08,3.14,0.0,1.0,0.8,0.5,0.0
746935,2024,2024-07-11,mlb,BOS,ATH,38.86800370670956,34.09475376131578,3.12,5.18,0.0,0.0,0.7,0.5,1.0
745800,2024,2024-07-12,mlb,NYM,COL,40.69178993628106,33.99058268355197,3.47,8.65,0.0,0.0,0.6,0.4,1.0
746371,2024,2024-07-12,mlb,HOU,TEX,40.14308703242572,35.292616375189546,3.49,4.28,0.0,1.0,0.7,0.7,1.0
746774,2024,2024-07-12,mlb,CHW,PIT,24.790135536386305,33.29234677660162,3.58,4.54,1.0,0.0,0.3,0.5,0.0
745965,2024,2024-07-12,mlb,MIL,WSN,39.71667879174324,31.19368572605881,3.68,3.24,0.0,0.0,0.4,0.3,0.0
745153,2024,2024-07-12,mlb,STL,CHC,35.9530837512326,37.61539330439464,3.84,5.92,1.0,0.0,0.6,0.6,0.0
746207,2024,2024-07-12,mlb,LAA,SEA,32.63128486432322,37.3716377777957,3.81,2.89,0.0,0.0,0.2,0.5,1.0
747175,2024,2024-07-12,mlb,ARI,TOR,42.34091311812466,35.589362587194685,4.24,4.47,0.0,0.0,0.6,0.5,1.0
745390,2024,2024-07-12,mlb,SDP,ATL,38.38776011314958,37.437264236469105,4.91,3.35,1.0,0.0,0.4,0.5,0.0
746685,2024,2024-07-12,mlb,CIN,MIA,34.99879326068088,28.39403698761079,5.46,6.3,0.0,0.0,0.6,0.2,1.0
745950,2024,2024-08-15,mlb,MIL,LAD,39.71667879174324,45.45967339080953,3.0,3.17,0.0,0.0,0.6,0.7,1.0
745298,2024,2024-08-15,mlb,SFG,ATL,34.51784541276469,37.437264236469105,3.47,3.25,0.0,0.0,0.5,0.4,1.0
747002,2024,2024-08-15,mlb,BAL,BOS,40.895008501092256,38.86800370670956,3.59,4.14,0.0,0.0,0.6,0.5,1.0
746740,2024,2024-09-14,mlb,CHW,ATH,24.790135536386305,34.09475376131578,4.95,4.24,0.0,0.0,0.2,0.5,1.0
747070,2024,2024-09-14,mlb,ATL,LAD,37.437264236469105,45.45967339080953,2.38,3.17,0.0,0.0,0.6,0.5,1.0
746508,2024,2024-09-14,mlb,COL,CHC,33.99058268355197,37.61539330439464,5.24,3.27,0.0,0.0,0.5,0.4,1.0
747148,2024,2024-09-14,mlb,ARI,MIL,42.34091311812466,39.71667879174324,4.71,3.0,0.0,0.0,0.5,0.5,0.0
745284,2024,2024-09-14,mlb,SFG,SDP,34.51784541276469,38.38776011314958,6.44,3.88,0.0,0.0,0.4,0.6,0.0
746177,2024,2024-09-14,mlb,LAA,HOU,32.63128486432322,40.14308703242572,3.81,5.48,0.0,0.0,0.3,0.4,0.0
745209,2024,2024-09-14,mlb,SEA,TEX,37.3716377777957,35.292616375189546,3.23,3.95,0.0,0.0,0.6,0.6,1.0
746419,2024,2024-09-15,mlb,DET,BAL,33.85687598284515,40.895008501092256,4.76,5.2,0.0,0.0,0.6,0.4,1.0
745852,2024,2024-09-15,mlb,MIN,CIN,37.098878050832134,34.99879326068088,4.9,1.17,0.0,0.0,0.3,0.6,1.0
745449,2024,2024-09-15,mlb,PIT,KCR,33.29234677660162,37.778201145217714,4.14,3.71,0.0,0.0,0.5,0.7,1.0
745530,2024,2024-09-15,mlb,PHI,NYM,43.16553535983042,40.69178993628106,3.32,2.9,0.0,0.0,0.7,0.7,1.0
744801,2024,2024-09-15,mlb,WSN,MIA,31.19368572605881,28.39403698761079,3.9,5.31,0.0,0.0,0.5,0.3,1.0
745693,2024,2024-09-15,mlb,NYY,BOS,44.207144275614574,38.86800370670956,3.96,4.36,0.0,0.0,0.6,0.5,1.0
744883,2024,2024-09-15,mlb,TOR,STL,35.589362587194685,35.9530837512326,4.47,5.35,0.0,0.0,0.4,0.5,1.0
746585,2024,2024-09-15,mlb,CLE,TBR,37.46400988135876,29.994732830028948,3.81,4.11,0.0,0.0,0.5,0.4,1.0
745858,2024,2024-09-14,mlb,MIN,CIN,37.098878050832134,34.99879326068088,4.17,3.1,0.0,0.0,0.3,0.6,0.0
746741,2024,2024-09-15,mlb,CHW,ATH,24.790135536386305,34.09475376131578,1.42,4.38,0.0,0.0,0.3,0.4,1.0
746584,2024,2024-09-14,mlb,CLE,TBR,37.46400988135876,29.994732830028948,4.89,2.83,0.0,0.0,0.5,0.5,1.0
744803,2024,2024-09-14,mlb,WSN,MIA,31.19368572605881,28.39403698761079,5.62,3.67,0.0,0.0,0.5,0.4,1.0
745696,2024,2024-09-13,mlb,NYY,BOS,44.207144275614574,38.86800370670956,2.85,1.74,0.0,0.0,0.6,0.4,1.0
744882,2024,2024-09-13,mlb,TOR,STL,35.589362587194685,35.9530837512326,3.83,3.3,1.0,0.0,0.3,0.6,1.0
746586,2024,2024-09-13,mlb,CLE,TBR,37.46400988135876,29.994732830028948,3.47,3.63,0.0,0.0,0.6,0.5,0.0
747069,2024,2024-09-13,mlb,ATL,LAD,37.437264236469105,45.45967339080953,3.35,3.65,1.0,1.0,0.5,0.5,1.0
746744,2024,2024-09-13,mlb,CHW,ATH,24.790135536386305,34.09475376131578,3.58,4.03,1.0,0.0,0.2,0.5,0.0
745855,2024,2024-09-13,mlb,MIN,CIN,37.098878050832134,34.99879326068088,3.98,6.25,1.0,0.0,0.4,0.6,0.0
746509,2024,2024-09-13,mlb,COL,CHC,33.99058268355197,37.61539330439464,4.75,3.73,0.0,1.0,0.4,0.5,1.0
746181,2024,2024-09-13,mlb,LAA,HOU,32.63128486432322,40.14308703242572,4.85,4.05,1.0,0.0,0.4,0.4,0.0
747153,2024,2024-09-13,mlb,ARI,MIL,42.34091311812466,39.71667879174324,5.04,3.68,1.0,0.0,0.6,0.4,0.0
745207,2024,2024-09-13,mlb,SEA,TEX,37.3716377777957,35.292616375189546,4.75,1.69,0.0,0.0,0.5,0.6,1.0
745286,2024,2024-09-13,mlb,SFG,SDP,34.51784541276469,38.38776011314958,3.47,3.47,0.0,1.0,0.4,0.5,0.0
745448,2024,2024-09-14,mlb,PIT,KCR,33.29234677660162,37.778201145217714,4.25,3.35,0.0,0.0,0.6,0.6,0.0
745689,2024,2024-09-14,mlb,NYY,BOS,44.207144275614574,38.86800370670956,3.41,4.49,0.0,0.0,0.6,0.4,0.0
744884,2024,2024-09-14,mlb,TOR,STL,35.589362587194685,35.9530837512326,3.6,4.24,0.0,0.0,0.3,0.5,1.0
745528,2024,2024-09-14,mlb,PHI,NYM,43.16553535983042,40.69178993628106,5.0,3.91,0.0,0.0,0.7,0.8,1.0
746422,2024,2024-09-14,mlb,DET,BAL,33.85687598284515,40.895008501092256,3.59,2.92,0.0,0.0,0.6,0.4,0.0
746506,2024,2024-09-15,mlb,COL,CHC,33.99058268355197,37.61539330439464,4.98,5.92,0.0,0.0,0.6,0.4,0.0
745287,2024,2024-09-15,mlb,SFG,SDP,34.51784541276469,38.38776011314958,3.58,4.53,0.0,0.0,0.4,0.6,0.0
746180,2024,2024-09-15,mlb,LAA,HOU,32.63128486432322,40.14308703242572,9.58,2.8,0.0,0.0,0.3,0.5,0.0
746830,2024,2024-09-17,mlb,CHC,ATH,37.61539330439464,34.09475376131578,5.48,4.58,0.0,0.0,0.5,0.4,0.0
745935,2024,2024-09-17,mlb,MIL,PHI,39.71667879174324,43.16553535983042,4.84,2.57,0.0,0.0,0.6,0.6,0.0
745122,2024,2024-09-17,mlb,STL,PIT,35.9530837512326,33.29234677660162,3.84,4.43,0.0,0.0,0.4,0.5,1.0
744961,2024,2024-09-17,mlb,TEX,TOR,35.292616375189546,35.589362587194685,3.8,4.16,1.0,1.0,0.4,0.5,1.0
746503,2024,2024-09-17,mlb,COL,ARI,33.99058268355197,42.34091311812466,4.49,6.23,0.0,0.0,0.6,0.4,1.0
746176,2024,2024-09-17,mlb,LAA,CHW,32.63128486432322,24.790135536386305,5.19,4.32,0.0,0.0,0.2,0.4,1.0
745366,2024,2024-09-17,mlb,SDP,HOU,38.38776011314958,40.14308703242572,2.95,3.49,0.0,0.0,0.6,0.6,0.0
745205,2024,2024-09-17,mlb,SEA,NYY,37.3716377777957,44.207144275614574,2.89,3.5,1.0,1.0,0.7,0.7,0.0
746831,2024,2024-09-18,mlb,CHC,ATH,37.61539330439464,34.09475376131578,3.07,4.03,0.0,0.0,0.5,0.4,0.0
746500,2024,2024-09-18,mlb,COL,ARI,33.99058268355197,42.34091311812466,4.75,5.04,0.0,0.0,0.6,0.4,0.0
746172,2024,2024-09-18,mlb,LAA,CHW,32.63128486432322,24.790135536386305,3.99,4.3,0.0,0.0,0.2,0.4,1.0
746988,2024,2024-09-18,mlb,BAL,SFG,40.895008501092256,34.51784541276469,4.1,4.75,0.0,0.0,0.3,0.4,0.0
745365,2024,2024-09-18,mlb,SDP,HOU,38.38776011314958,40.14308703242572,3.47,2.91,0.0,0.0,0.6,0.6,1.0
746582,2024,2024-09-18,mlb,CLE,MIN,37.46400988135876,37.098878050832134,3.47,3.98,0.0,0.0,0.6,0.4,1.0
746662,2024,2024-09-18,mlb,CIN,ATL,34.99879326068088,37.437264236469105,2.69,3.35,0.0,0.0,0.6,0.4,0.0
746261,2024,2024-09-17,mlb,KCR,DET,37.778201145217714,33.85687598284515,3.14,4.49,0.0,0.0,0.6,0.7,0.0
745772,2024,2024-09-17,mlb,NYM,WSN,40.69178993628106,31.19368572605881,4.04,4.29,0.0,0.0,0.6,0.6,1.0
745044,2024,2024-09-17,mlb,TBR,BOS,29.994732830028948,38.86800370670956,3.06,4.14,1.0,1.0,0.4,0.5,1.0
746015,2024,2024-09-17,mlb,MIA,LAD,28.39403698761079,45.45967339080953,6.21,8.52,1.0,0.0,0.3,0.5,1.0
745206,2024,2024-09-15,mlb,SEA,TEX,37.3716377777957,35.292616375189546,3.53,4.28,0.0,0.0,0.7,0.5,1.0
747151,2024,2024-09-15,mlb,ARI,MIL,42.34091311812466,39.71667879174324,3.65,5.02,0.0,0.0,0.5,0.5,1.0
747071,2024,2024-09-15,mlb,ATL,LAD,37.437264236469105,45.45967339080953,4.19,5.38,0.0,0.0,0.6,0.4,0.0
746588,2024,2024-09-16,mlb,CLE,MIN,37.46400988135876,37.098878050832134,2.72,4.08,0.0,0.0,0.6,0.4,1.0
745773,2024,2024-09-16,mlb,NYM,WSN,40.69178993628106,31.19368572605881,3.47,4.41,0.0,0.0,0.6,0.6,1.0
747067,2024,2024-09-16,mlb,ATL,LAD,37.437264236469105,45.45967339080953,3.25,3.0,0.0,0.0,0.5,0.4,0.0
746260,2024,2024-09-16,mlb,KCR,DET,37.778201145217714,33.85687598284515,3.0,3.53,0.0,0.0,0.7,0.7,0.0
744800,2024,2024-09-13,mlb,WSN,MIA,31.19368572605881,28.39403698761079,4.16,4.95,0.0,0.0,0.4,0.4,1.0
746828,2024,2024-09-16,mlb,CHC,ATH,37.61539330439464,34.09475376131578,2.91,5.01,0.0,0.0,0.5,0.4,1.0
745130,2024,2024-09-16,mlb,STL,PIT,35.9530837512326,33.29234677660162,3.78,1.96,0.0,0.0,0.4,0.6,1.0
746502,2024,2024-09-16,mlb,COL,ARI,33.99058268355197,42.34091311812466,6.57,4.03,0.0,0.0,0.6,0.5,1.0
746179,2024,2024-09-16,mlb,LAA,CHW,32.63128486432322,24.790135536386305,6.7,4.49,0.0,0.0,0.2,0.4,0.0
745367,2024,2024-09-16,mlb,SDP,HOU,38.38776011314958,40.14308703242572,3.31,4.53,0.0,0.0,0.6,0.6,1.0
746987,2024,2024-09-17,mlb,BAL,SFG,40.895008501092256,34.51784541276469,3.7,3.12,1.0,1.0,0.3,0.4,0.0
746587,2024,2024-09-17,mlb,CLE,MIN,37.46400988135876,37.098878050832134,4.86,6.69,0.0,0.0,0.6,0.3,0.0
746659,2024,2024-09-17,mlb,CIN,ATL,34.99879326068088,37.437264236469105,3.77,3.56,1.0,0.0,0.5,0.5,1.0
745939,2024,2024-09-16,mlb,MIL,PHI,39.71667879174324,43.16553535983042,4.36,3.46,0.0,0.0,0.5,0.7,1.0
746014,2024,2024-09-18,mlb,MIA,LAD,28.39403698761079,45.45967339080953,3.63,3.65,0.0,0.0,0.4,0.5,0.0
745529,2024,2024-09-13,mlb,PHI,NYM,43.16553535983042,40.69178993628106,3.57,3.75,1.0,1.0,0.8,0.8,0.0
746423,2024,2024-09-13,mlb,DET,BAL,33.85687598284515,40.895008501092256,3.59,3.59,0.0,1.0,0.6,0.5,1.0
745128,2024,2024-09-08,mlb,STL,SEA,35.9530837512326,37.3716377777957,5.35,3.64,0.0,0.0,0.7,0.5,0.0
746827,2024,2024-09-08,mlb,CHC,NYY,37.61539330439464,44.207144275614574,3.27,3.41,0.0,0.0,0.6,0.4,1.0
744965,2024,2024-09-08,mlb,TEX,LAA,35.292616375189546,32.63128486432322,4.28,9.58,0.0,0.0,0.7,0.5,1.0
745616,2024,2024-09-08,mlb,ATH,DET,34.09475376131578,33.85687598284515,4.24,3.59,0.0,0.0,0.4,0.5,0.0
746098,2024,2024-09-08,mlb,LAD,CLE,45.45967339080953,37.46400988135876,3.17,3.47,0.0,0.0,0.7,0.6,1.0
745368,2024,2024-09-08,mlb,SDP,SFG,38.38776011314958,34.51784541276469,3.88,3.14,0.0,0.0,0.5,0.3,0.0
746345,2024,2024-09-08,mlb,HOU,ARI,40.14308703242572,42.34091311812466,5.48,4.24,0.0,0.0,0.7,0.3,0.0
745534,2024,2024-09-09,mlb,PHI,TBR,43.16553535983042,29.994732830028948,3.32,2.76,0.0,0.0,0.7,0.5,1.0
747090,2024,2024-09-09,mlb,ATL,CIN,37.437264236469105,34.99879326068088,4.19,3.1,0.0,0.0,0.5,0.5555555555555556,0.0
745454,2024,2024-09-09,mlb,PIT,MIA,33.29234677660162,28.39403698761079,1.96,3.67,0.0,0.0,0.5,0.6,1.0
745698,2024,2024-09-09,mlb,NYY,KCR,44.207144275614574,37.778201145217714,3.96,3.71,0.0,0.0,0.4,0.4,1.0
744888,2024,2024-09-09,mlb,TOR,NYM,35.589362587194685,40.69178993628106,4.13,4.04,0.0,0.0,0.3,0.9,0.0
746909,2024,2024-09-09,mlb,BOS,BAL,38.86800370670956,40.895008501092256,4.49,5.2,0.0,0.0,0.3,0.5,1.0
745860,2024,2024-09-09,mlb,MIN,LAA,37.098878050832134,32.63128486432322,4.9,6.7,0.0,0.0,0.4,0.5,0.0
746746,2024,2024-09-09,mlb,CHW,CLE,24.790135536386305,37.46400988135876,4.3,4.89,0.0,0.0,0.2,0.6,0.0
745940,2024,2024-09-08,mlb,MIL,COL,39.71667879174324,33.99058268355197,3.68,5.24,0.0,0.0,0.5555555555555556,0.4,0.0
746101,2024,2024-09-09,mlb,LAD,CHC,45.45967339080953,37.61539330439464,5.38,5.92,0.0,0.0,0.7,0.6,0.0
746258,2024,2024-09-08,mlb,KCR,MIN,37.778201145217714,37.098878050832134,3.35,4.17,0.0,0.0,0.3,0.4,1.0
745774,2024,2024-09-08,mlb,NYM,CIN,40.69178993628106,34.99879326068088,3.91,6.25,0.0,0.0,0.9,0.5555555555555556,0.0
746344,2024,2024-09-07,mlb,HOU,ARI,40.14308703242572,42.34091311812466,4.05,5.04,0.0,0.0,0.6,0.4,1.0
745775,2024,2024-09-07,mlb,NYM,CIN,40.69178993628106,34.99879326068088,3.75,2.69,0.0,0.0,0.9,0.5555555555555556,1.0
746018,2024,2024-09-07,mlb,MIA,PHI,28.39403698761079,43.16553535983042,6.21,3.57,0.0,0.0,0.5,0.8,1.0
744963,2024,2024-09-07,mlb,TEX,LAA,35.292616375189546,32.63128486432322,8.83,3.81,0.0,0.0,0.7,0.5,1.0
745942,2024,2024-09-07,mlb,MIL,COL,39.71667879174324,33.99058268355197,3.0,6.94,0.0,0.0,0.5555555555555556,0.4,1.0
745125,2024,2024-09-07,mlb,STL,SEA,35.9530837512326,37.3716377777957,4.24,3.23,0.0,0.0,0.6,0.5,1.0
746259,2024,2024-09-07,mlb,KCR,MIN,37.778201145217714,37.098878050832134,4.53,3.98,0.0,0.0,0.3,0.4,1.0
746911,2024,2024-09-07,mlb,BOS,CHW,38.86800370670956,24.790135536386305,4.08,3.58,0.0,0.0,0.4,0.1,1.0
747076,2024,2024-09-07,mlb,ATL,TOR,37.437264236469105,35.589362587194685,3.35,3.6,0.0,0.0,0.6,0.3,0.0
745372,2024,2024-09-07,mlb,SDP,SFG,38.38776011314958,34.51784541276469,3.47,3.47,0.0,0.0,0.6,0.3,0.0
746099,2024,2024-09-07,mlb,LAD,CLE,45.45967339080953,37.46400988135876,3.54,4.86,0.0,0.0,0.6,0.6666666666666666,1.0
746989,2024,2024-09-08,mlb,BAL,TBR,40.895008501092256,29.994732830028948,2.92,3.63,0.0,0.0,0.5,0.4,0.0
745453,2024,2024-09-08,mlb,PIT,WSN,33.29234677660162,31.19368572605881,4.14,5.62,0.0,0.0,0.4,0.5,1.0
747072,2024,2024-09-08,mlb,ATL,TOR,37.437264236469105,35.589362587194685,2.38,4.47,0.0,0.0,0.5,0.3,1.0
746910,2024,2024-09-08,mlb,BOS,CHW,38.86800370670956,24.790135536386305,1.74,4.95,0.0,0.0,0.4,0.1,0.0
746017,2024,2024-09-08,mlb,MIA,PHI,28.39403698761079,43.16553535983042,4.95,34.71,0.0,0.0,0.5,0.7,1.0
746428,2024,2024-09-10,mlb,DET,COL,33.85687598284515,33.99058268355197,4.76,5.87,1.0,1.0,0.5,0.4,1.0
745535,2024,2024-09-10,mlb,PHI,TBR,43.16553535983042,29.994732830028948,3.46,4.11,0.0,0.0,0.7,0.5,1.0
745446,2024,2024-09-10,mlb,PIT,MIA,33.29234677660162,28.39403698761079,3.38,5.31,0.0,0.0,0.6,0.5,1.0
746908,2024,2024-09-11,mlb,BOS,BAL,38.86800370670956,40.895008501092256,4.14,4.1,0.0,0.0,0.3,0.5,1.0
745857,2024,2024-09-11,mlb,MIN,LAA,37.098878050832134,32.63128486432322,6.69,3.99,0.0,0.0,0.4,0.5,1.0
745127,2024,2024-09-11,mlb,STL,CIN,35.9530837512326,34.99879326068088,3.84,3.77,0.0,0.0,0.5,0.7,1.0
746342,2024,2024-09-11,mlb,HOU,ATH,40.14308703242572,34.09475376131578,3.49,5.01,0.0,0.0,0.5,0.4,0.0
745214,2024,2024-09-11,mlb,SEA,SDP,37.3716377777957,38.38776011314958,2.89,2.95,0.0,0.0,0.4,0.6,1.0
745285,2024,2024-09-11,mlb,SFG,MIL,34.51784541276469,39.71667879174324,3.12,4.29,0.0,0.0,0.4,0.4444444444444444,1.0
746100,2024,2024-09-11,mlb,LAD,CHC,45.45967339080953,37.61539330439464,8.52,5.48,0.0,0.0,0.5,0.6,1.0
746427,2024,2024-09-12,mlb,DET,COL,33.85687598284515,33.99058268355197,2.39,4.49,0.0,0.0,0.7,0.4,0.0
745129,2024,2024-09-12,mlb,STL,CIN,35.9530837512326,34.99879326068088,3.84,2.69,0.0,0.0,0.6,0.7,1.0
746337,2024,2024-09-12,mlb,HOU,ATH,40.14308703242572,34.09475376131578,2.91,4.58,0.0,0.0,0.4,0.5,1.0
744805,2024,2024-09-12,mlb,WSN,MIA,31.19368572605881,28.39403698761079,4.29,6.21,0.0,0.0,0.4,0.4,0.0
746591,2024,2024-09-12,mlb,CLE,TBR,37.46400988135876,29.994732830028948,4.86,3.6,0.0,0.0,0.7,0.4,0.0
745695,2024,2024-09-12,mlb,NYY,BOS,44.207144275614574,38.86800370670956,3.77,4.08,0.0,0.0,0.5,0.4,1.0
745208,2024,2024-09-12,mlb,SEA,TEX,37.3716377777957,35.292616375189546,2.94,3.86,0.0,0.0,0.5,0.6,0.0
745288,2024,2024-09-12,mlb,SFG,MIL,34.51784541276469,39.71667879174324,4.75,4.84,0.0,0.0,0.4,0.4,0.0
745697,2024,2024-09-11,mlb,NYY,KCR,44.207144275614574,37.778201145217714,3.5,3.14,0.0,0.0,0.4,0.5,1.0
744804,2024,2024-09-11,mlb,WSN,ATL,31.19368572605881,37.437264236469105,4.41,3.25,0.0,0.0,0.3,0.5,1.0
745525,2024,2024-09-11,mlb,PHI,TBR,43.16553535983042,29.994732830028948,2.57,3.06,0.0,0.0,0.8,0.4,1.0
746425,2024,2024-09-11,mlb,DET,COL,33.85687598284515,33.99058268355197,4.49,8.65,0.0,0.0,0.6,0.4,1.0
744807,2024,2024-09-10,mlb,WSN,ATL,31.19368572605881,37.437264236469105,3.9,1.99,1.0,0.0,0.4,0.5,0.0
745694,2024,2024-09-10,mlb,NYY,KCR,44.207144275614574,37.778201145217714,4.31,3.0,0.0,0.0,0.5,0.4,0.0
744886,2024,2024-09-10,mlb,TOR,NYM,35.589362587194685,40.69178993628106,4.16,2.9,0.0,0.0,0.3,0.9,1.0
746907,2024,2024-09-10,mlb,BOS,BAL,38.86800370670956,40.895008501092256,4.36,3.7,0.0,0.0,0.4,0.5,0.0
745856,2024,2024-09-10,mlb,MIN,LAA,37.098878050832134,32.63128486432322,4.08,5.19,0.0,0.0,0.3,0.5,1.0
746747,2024,2024-09-10,mlb,CHW,CLE,24.790135536386305,37.46400988135876,4.49,3.81,0.0,0.0,0.2,0.6,0.0
745126,2024,2024-09-10,mlb,STL,CIN,35.9530837512326,34.99879326068088,3.78,1.17,1.0,0.0,0.6,0.6666666666666666,0.0
745447,2024,2024-09-13,mlb,PIT,KCR,33.29234677660162,37.778201145217714,3.32,4.53,1.0,1.0,0.7,0.5,0.0
746346,2024,2024-09-10,mlb,HOU,ATH,40.14308703242572,34.09475376131578,4.53,4.38,1.0,1.0,0.6,0.4,0.0
747152,2024,2024-09-10,mlb,ARI,TEX,42.34091311812466,35.292616375189546,3.65,3.8,1.0,1.0,0.4,0.7,1.0
745291,2024,2024-09-10,mlb,SFG,MIL,34.51784541276469,39.71667879174324,3.58,4.36,1.0,1.0,0.4,0.4444444444444444,0.0
746097,2024,2024-09-10,mlb,LAD,CHC,45.45967339080953,37.61539330439464,3.0,2.91,0.0,0.0,0.6,0.6,0.0
745450,2024,2024-09-11,mlb,PIT,MIA,33.29234677660162,28.39403698761079,4.43,8.1,0.0,0.0,0.6,0.5,1.0
746745,2024,2024-09-11,mlb,CHW,CLE,24.790135536386305,37.46400988135876,4.32,2.72,0.0,0.0,0.2,0.6,0.0
744881,2024,2024-09-11,mlb,TOR,NYM,35.589362587194685,40.69178993628106,3.3,3.47,0.0,0.0,0.3,0.8,0.0
747154,2024,2024-09-11,mlb,ARI,TEX,42.34091311812466,35.292616375189546,4.03,3.54,0.0,0.0,0.5,0.7,1.0
745210,2024,2024-09-10,mlb,SEA,SDP,37.3716377777957,38.38776011314958,3.53,3.31,1.0,1.0,0.5,0.5,0.0
745040,2024,2024-09-18,mlb,TBR,BOS,29.994732830028948,38.86800370670956,3.6,3.12,0.0,0.0,0.5,0.4,0.0
745771,2024,2024-09-18,mlb,NYM,WSN,40.69178993628106,31.19368572605881,3.75,4.16,0.0,0.0,0.6,0.5,1.0
746254,2024,2024-09-18,mlb,KCR,DET,37.778201145217714,33.85687598284515,4.53,2.39,0.0,0.0,0.5,0.8,0.0
744796,2024,2024-09-26,mlb,WSN,KCR,31.19368572605881,37.778201145217714,5.62,3.35,0.0,0.0,0.2,0.3,0.0
746415,2024,2024-09-26,mlb,DET,TBR,33.85687598284515,29.994732830028948,3.53,5.1,0.0,0.0,0.8,0.5,1.0
746738,2024,2024-09-26,mlb,CHW,LAA,24.790135536386305,32.63128486432322,4.95,3.81,0.0,0.0,0.5,0.3,1.0
746495,2024,2024-09-26,mlb,COL,STL,33.99058268355197,35.9530837512326,5.24,4.24,0.0,0.0,0.4,0.7,1.0
745609,2024,2024-09-26,mlb,ATH,TEX,34.09475376131578,35.292616375189546,4.24,3.86,0.0,0.0,0.3,0.4,1.0
745691,2024,2024-09-26,mlb,NYY,BAL,44.207144275614574,40.895008501092256,3.41,2.92,0.0,0.0,0.6,0.5,1.0
745853,2024,2024-09-26,mlb,MIN,MIA,37.098878050832134,28.39403698761079,4.9,3.67,0.0,0.0,0.4,0.3,0.0
746088,2024,2024-09-26,mlb,LAD,SDP,45.45967339080953,38.38776011314958,5.38,3.88,0.0,0.0,0.7,0.8,1.0
746822,2024,2024-09-27,mlb,CHC,CIN,37.61539330439464,34.99879326068088,3.27,3.1,1.0,1.0,0.5,0.4,1.0
746417,2024,2024-09-27,mlb,DET,CHW,33.85687598284515,24.790135536386305,1.84,3.58,0.0,0.0,0.9,0.5,1.0
744797,2024,2024-09-27,mlb,WSN,PHI,31.19368572605881,43.16553535983042,2.03,3.46,0.0,1.0,0.1,0.4,1.0
745692,2024,2024-09-27,mlb,NYY,PIT,44.207144275614574,33.29234677660162,3.96,4.14,0.0,0.0,0.7,0.3,0.0
744879,2024,2024-09-27,mlb,TOR,MIA,35.589362587194685,28.39403698761079,3.6,5.31,1.0,0.0,0.3,0.4,0.0
746580,2024,2024-09-27,mlb,CLE,HOU,37.46400988135876,40.14308703242572,4.89,2.8,1.0,1.0,0.7,0.5,0.0
745443,2024,2024-09-26,mlb,PIT,MIL,33.29234677660162,39.71667879174324,4.25,4.36,0.0,0.0,0.4,0.4,0.0
746904,2024,2024-09-27,mlb,BOS,TBR,38.86800370670956,29.994732830028948,4.14,4.11,1.0,0.0,0.5,0.5,0.0
745607,2024,2024-09-25,mlb,ATH,TEX,34.09475376131578,35.292616375189546,4.03,3.54,0.0,0.0,0.4,0.3,0.0
747149,2024,2024-09-24,mlb,ARI,SFG,42.34091311812466,34.51784541276469,4.71,3.47,0.0,0.0,0.5,0.6,0.0
745605,2024,2024-09-24,mlb,ATH,TEX,34.09475376131578,35.292616375189546,4.58,3.8,1.0,1.0,0.3,0.4,1.0
746093,2024,2024-09-24,mlb,LAD,SDP,45.45967339080953,38.38776011314958,3.65,2.95,1.0,1.0,0.6,0.8,0.0
746331,2024,2024-09-25,mlb,HOU,SEA,40.14308703242572,37.3716377777957,4.05,3.53,0.0,0.0,0.6,0.6,0.0
745521,2024,2024-09-25,mlb,PHI,CHC,43.16553535983042,37.61539330439464,3.32,3.73,0.0,0.0,0.4,0.6,1.0
746583,2024,2024-09-25,mlb,CLE,CIN,37.46400988135876,34.99879326068088,0.0,2.69,0.0,0.0,0.7,0.5,1.0
746420,2024,2024-09-25,mlb,DET,TBR,33.85687598284515,29.994732830028948,4.76,3.63,0.0,0.0,0.8,0.6,1.0
745442,2024,2024-09-25,mlb,PIT,MIL,33.29234677660162,39.71667879174324,3.32,3.68,0.0,0.0,0.3,0.5,1.0
744795,2024,2024-09-25,mlb,WSN,KCR,31.19368572605881,37.778201145217714,4.16,3.31,0.0,0.0,0.3,0.3,0.0
745690,2024,2024-09-25,mlb,NYY,BAL,44.207144275614574,40.895008501092256,4.31,3.59,0.0,0.0,0.7,0.4,0.0
744877,2024,2024-09-25,mlb,TOR,BOS,35.589362587194685,38.86800370670956,3.83,1.74,0.0,0.0,0.3,0.6,1.0
746742,2024,2024-09-25,mlb,CHW,LAA,24.790135536386305,32.63128486432322,4.32,6.02,0.0,0.0,0.4,0.3,1.0
745854,2024,2024-09-25,mlb,MIN,MIA,37.098878050832134,28.39403698761079,4.17,4.95,0.0,0.0,0.3,0.3,1.0
746501,2024,2024-09-25,mlb,COL,STL,33.99058268355197,35.9530837512326,4.75,3.3,0.0,0.0,0.5,0.6,0.0
747144,2024,2024-09-25,mlb,ARI,SFG,42.34091311812466,34.51784541276469,3.65,6.44,0.0,0.0,0.5,0.7,1.0
746095,2024,2024-09-25,mlb,LAD,SDP,45.45967339080953,38.38776011314958,3.17,3.47,0.0,0.0,0.6,0.9,1.0
747065,2024,2024-09-27,mlb,ATL,KCR,37.437264236469105,37.778201145217714,3.25,3.71,2.0,0.0,0.6,0.3,1.0
746494,2024,2024-09-27,mlb,COL,LAD,33.99058268355197,45.45967339080953,4.98,3.54,0.0,0.0,0.4,0.7,0.0
745847,2024,2024-09-27,mlb,MIN,BAL,37.098878050832134,40.895008501092256,4.08,5.2,0.0,0.0,0.3,0.4,0.0
745282,2024,2024-09-29,mlb,SFG,STL,34.51784541276469,35.9530837512326,4.75,1.96,0.0,0.0,0.7,0.6,0.0
746901,2024,2024-09-29,mlb,BOS,TBR,38.86800370670956,29.994732830028948,4.71,3.6,0.0,0.0,0.5,0.6,1.0
744798,2024,2024-09-29,mlb,WSN,PHI,31.19368572605881,43.16553535983042,4.41,3.57,0.0,0.0,0.3,0.3,0.0
745686,2024,2024-09-29,mlb,NYY,PIT,44.207144275614574,33.29234677660162,2.85,4.43,0.0,0.0,0.5,0.5,1.0
746174,2024,2024-09-29,mlb,LAA,TEX,32.63128486432322,35.292616375189546,3.99,3.8,0.0,0.0,0.2,0.5,0.0
744880,2024,2024-09-29,mlb,TOR,MIA,35.589362587194685,28.39403698761079,4.13,3.63,0.0,0.0,0.2,0.5,0.0
746496,2024,2024-09-29,mlb,COL,LAD,33.99058268355197,45.45967339080953,4.49,3.08,0.0,0.0,0.3,0.8,0.0
747147,2024,2024-09-29,mlb,ARI,SDP,42.34091311812466,38.38776011314958,4.71,4.53,0.0,0.0,0.5,0.7,1.0
745201,2024,2024-09-29,mlb,SEA,ATH,37.3716377777957,34.09475376131578,3.23,4.58,0.0,0.0,0.7,0.4,1.0
745846,2024,2024-09-29,mlb,MIN,BAL,37.098878050832134,40.895008501092256,3.98,3.7,0.0,0.0,0.2,0.6,0.0
746416,2024,2024-09-29,mlb,DET,CHW,33.85687598284515,24.790135536386305,6.09,4.49,0.0,0.0,0.8,0.4,0.0
745932,2024,2024-09-29,mlb,MIL,NYM,39.71667879174324,40.69178993628106,4.29,2.9,0.0,0.0,0.6,0.6,0.0
746820,2024,2024-09-29,mlb,CHC,CIN,37.61539330439464,34.99879326068088,4.22,2.75,0.0,0.0,0.6,0.3,0.0
747061,2024,2024-09-29,mlb,ATL,KCR,37.437264236469105,37.778201145217714,4.19,4.53,0.0,0.0,0.7,0.3,0.0
746577,2024,2024-09-29,mlb,CLE,HOU,37.46400988135876,40.14308703242572,3.75,,0.0,0.0,0.5,0.6,
745203,2024,2024-09-28,mlb,SEA,ATH,37.3716377777957,34.09475376131578,4.75,5.01,0.0,0.0,0.6,0.4,1.0
746171,2024,2024-09-28,mlb,LAA,TEX,32.63128486432322,35.292616375189546,5.19,4.28,0.0,0.0,0.3,0.5,0.0
747146,2024,2024-09-28,mlb,ARI,SDP,42.34091311812466,38.38776011314958,5.04,4.87,0.0,0.0,0.5,0.7,0.0
746499,2024,2024-09-28,mlb,COL,LAD,33.99058268355197,45.45967339080953,6.57,3.0,0.0,0.0,0.4,0.7,0.0
745930,2024,2024-09-27,mlb,MIL,NYM,39.71667879174324,40.69178993628106,4.84,3.47,0.0,2.0,0.5,0.6,1.0
746173,2024,2024-09-27,mlb,LAA,TEX,32.63128486432322,35.292616375189546,6.7,1.69,0.0,0.0,0.3,0.4,0.0
747145,2024,2024-09-27,mlb,ARI,SDP,42.34091311812466,38.38776011314958,4.03,3.31,1.0,0.0,0.5,0.7,0.0
745202,2024,2024-09-27,mlb,SEA,ATH,37.3716377777957,34.09475376131578,2.89,4.38,1.0,0.0,0.6,0.4,1.0
745280,2024,2024-09-27,mlb,SFG,STL,34.51784541276469,35.9530837512326,3.58,5.35,1.0,0.0,0.7,0.7,0.0
745685,2024,2024-09-28,mlb,NYY,PIT,44.207144275614574,33.29234677660162,3.5,1.96,0.0,0.0,0.6,0.4,0.0
746414,2024,2024-09-28,mlb,DET,CHW,33.85687598284515,24.790135536386305,3.59,1.42,0.0,0.0,0.9,0.4,0.0
746504,2024,2024-09-24,mlb,COL,STL,33.99058268355197,35.9530837512326,4.49,1.96,1.0,1.0,0.6,0.5,0.0
746819,2024,2024-09-28,mlb,CHC,CIN,37.61539330439464,34.99879326068088,5.92,1.17,0.0,0.0,0.5,0.3,1.0
745281,2024,2024-09-28,mlb,SFG,STL,34.51784541276469,35.9530837512326,1.69,3.78,0.0,0.0,0.7,0.7,1.0
744799,2024,2024-09-28,mlb,WSN,PHI,31.19368572605881,43.16553535983042,3.9,2.57,0.0,0.0,0.2,0.4,1.0
746902,2024,2024-09-28,mlb,BOS,TBR,38.86800370670956,29.994732830028948,4.36,3.06,0.0,0.0,0.5,0.6,0.0
746578,2024,2024-09-28,mlb,CLE,HOU,37.46400988135876,40.14308703242572,3.81,5.48,0.0,0.0,0.6,0.6,0.0
745849,2024,2024-09-28,mlb,MIN,BAL,37.098878050832134,40.895008501092256,6.69,4.4,0.0,0.0,0.3,0.5,0.0
745931,2024,2024-09-28,mlb,MIL,NYM,39.71667879174324,40.69178993628106,2.47,3.75,0.0,0.0,0.5,0.6,1.0
747066,2024,2024-09-28,mlb,ATL,KCR,37.437264236469105,37.778201145217714,1.99,3.0,0.0,0.0,0.6,0.3,1.0
744878,2024,2024-09-28,mlb,TOR,MIA,35.589362587194685,28.39403698761079,4.47,4.64,0.0,0.0,0.2,0.5,0.0
746336,2024,2024-09-24,mlb,HOU,SEA,40.14308703242572,37.3716377777957,2.91,3.23,0.0,0.0,0.6,0.7,1.0
745851,2024,2024-09-24,mlb,MIN,MIA,37.098878050832134,28.39403698761079,3.98,3.63,1.0,1.0,0.3,0.3,0.0
746743,2024,2024-09-24,mlb,CHW,LAA,24.790135536386305,32.63128486432322,4.49,3.99,1.0,1.0,0.3,0.3,1.0
746905,2024,2024-09-20,mlb,BOS,MIN,38.86800370670956,37.098878050832134,1.74,4.9,0.0,0.0,0.4,0.4,0.0
745770,2024,2024-09-20,mlb,NYM,PHI,40.69178993628106,43.16553535983042,2.9,3.32,0.0,0.0,0.7,0.6,0.0
746013,2024,2024-09-20,mlb,MIA,ATL,28.39403698761079,37.437264236469105,3.67,4.19,0.0,0.0,0.2,0.5,1.0
744960,2024,2024-09-20,mlb,TEX,SEA,35.292616375189546,37.3716377777957,1.69,3.53,0.0,0.0,0.4,0.6,0.0
746340,2024,2024-09-20,mlb,HOU,LAA,40.14308703242572,32.63128486432322,5.48,3.81,0.0,0.0,0.6,0.3,1.0
746256,2024,2024-09-20,mlb,KCR,SFG,37.778201145217714,34.51784541276469,3.35,6.44,1.0,0.0,0.4,0.4,0.0
745934,2024,2024-09-20,mlb,MIL,ARI,39.71667879174324,42.34091311812466,4.29,3.65,0.0,0.0,0.6,0.6,0.0
745123,2024,2024-09-20,mlb,STL,CLE,35.9530837512326,37.46400988135876,4.24,3.81,0.0,0.0,0.5,0.7,0.0
745364,2024,2024-09-20,mlb,SDP,CHW,38.38776011314958,24.790135536386305,3.88,3.58,1.0,1.0,0.6,0.4,1.0
745606,2024,2024-09-20,mlb,ATH,NYY,34.09475376131578,44.207144275614574,4.24,3.41,1.0,0.0,0.5,0.7,0.0
746094,2024,2024-09-20,mlb,LAD,COL,45.45967339080953,33.99058268355197,3.54,5.24,0.0,1.0,0.5,0.6,1.0
746660,2024,2024-09-21,mlb,CIN,PIT,34.99879326068088,33.29234677660162,1.17,4.14,0.0,0.0,0.5,0.4,1.0
746826,2024,2024-09-21,mlb,CHC,WSN,37.61539330439464,31.19368572605881,5.92,3.9,0.0,0.0,0.5,0.4,0.0
746983,2024,2024-09-21,mlb,BAL,DET,40.895008501092256,33.85687598284515,5.2,3.53,0.0,0.0,0.4,0.7,0.0
745038,2024,2024-09-21,mlb,TBR,TOR,29.994732830028948,35.589362587194685,4.11,4.47,0.0,0.0,0.5,0.5,1.0
746984,2024,2024-09-20,mlb,BAL,DET,40.895008501092256,33.85687598284515,2.92,2.19,0.0,1.0,0.3,0.8,1.0
745043,2024,2024-09-20,mlb,TBR,TOR,29.994732830028948,35.589362587194685,5.1,3.6,0.0,0.0,0.4,0.5,1.0
746661,2024,2024-09-20,mlb,CIN,PIT,34.99879326068088,33.29234677660162,3.1,4.25,0.0,0.0,0.5,0.5,1.0
746824,2024,2024-09-20,mlb,CHC,WSN,37.61539330439464,31.19368572605881,3.27,2.03,0.0,0.0,0.5,0.4,1.0
745933,2024,2024-09-18,mlb,MIL,PHI,39.71667879174324,43.16553535983042,3.68,3.57,0.0,0.0,0.6,0.6,1.0
745121,2024,2024-09-18,mlb,STL,PIT,35.9530837512326,33.29234677660162,3.84,7.97,0.0,0.0,0.5,0.5,1.0
744959,2024,2024-09-18,mlb,TEX,TOR,35.292616375189546,35.589362587194685,3.54,3.3,0.0,0.0,0.4,0.5,1.0
745199,2024,2024-09-18,mlb,SEA,NYY,37.3716377777957,44.207144275614574,2.94,3.77,0.0,0.0,0.6,0.7,0.0
746985,2024,2024-09-19,mlb,BAL,SFG,40.895008501092256,34.51784541276469,3.59,3.47,0.0,0.0,0.2,0.5,1.0
746579,2024,2024-09-19,mlb,CLE,MIN,37.46400988135876,37.098878050832134,4.89,4.17,0.0,0.0,0.7,0.4,1.0
746663,2024,2024-09-19,mlb,CIN,ATL,34.99879326068088,37.437264236469105,6.25,2.38,0.0,0.0,0.6,0.5,0.0
745768,2024,2024-09-21,mlb,NYM,PHI,40.69178993628106,43.16553535983042,3.47,3.46,0.0,0.0,0.6,0.6,1.0
744962,2024,2024-09-19,mlb,TEX,TOR,35.292616375189546,35.589362587194685,3.86,3.83,0.0,0.0,0.5,0.5,0.0
746011,2024,2024-09-19,mlb,MIA,LAD,28.39403698761079,45.45967339080953,4.95,3.17,0.0,0.0,0.3,0.5,0.0
745041,2024,2024-09-19,mlb,TBR,BOS,29.994732830028948,38.86800370670956,3.63,4.49,0.0,0.0,0.4,0.4,1.0
745120,2024,2024-09-19,mlb,STL,PIT,35.9530837512326,33.29234677660162,3.3,3.32,0.0,0.0,0.5,0.5,0.0
745769,2024,2024-09-19,mlb,NYM,PHI,40.69178993628106,43.16553535983042,3.91,7.1,0.0,0.0,0.6,0.6,1.0
745937,2024,2024-09-19,mlb,MIL,ARI,39.71667879174324,42.34091311812466,3.0,4.71,0.0,0.0,0.6,0.5,0.0
746823,2024,2024-09-19,mlb,CHC,WSN,37.61539330439464,31.19368572605881,3.73,5.62,0.0,0.0,0.5,0.4,1.0
746341,2024,2024-09-19,mlb,HOU,LAA,40.14308703242572,32.63128486432322,4.05,6.02,0.0,0.0,0.5,0.3,1.0
745204,2024,2024-09-19,mlb,SEA,NYY,37.3716377777957,44.207144275614574,3.23,2.85,0.0,0.0,0.5,0.7,1.0
745613,2024,2024-09-07,mlb,ATH,DET,34.09475376131578,33.85687598284515,4.03,1.84,0.0,0.0,0.5,0.5,0.0
746012,2024,2024-09-21,mlb,MIA,ATL,28.39403698761079,37.437264236469105,5.31,3.25,0.0,0.0,0.3,0.5,0.0
744958,2024,2024-09-21,mlb,TEX,SEA,35.292616375189546,37.3716377777957,5.31,4.75,0.0,0.0,0.3,0.6,0.0
746092,2024,2024-09-22,mlb,LAD,COL,45.45967339080953,33.99058268355197,3.0,6.57,0.0,0.0,0.6,0.6,1.0
745358,2024,2024-09-22,mlb,SDP,CHW,38.38776011314958,24.790135536386305,3.31,1.42,0.0,0.0,0.8,0.3,1.0
745767,2024,2024-09-22,mlb,NYM,PHI,40.69178993628106,43.16553535983042,4.04,2.57,0.0,0.0,0.7,0.5,1.0
745527,2024,2024-09-23,mlb,PHI,CHC,43.16553535983042,37.61539330439464,3.57,4.48,0.0,0.0,0.4,0.5,1.0
744885,2024,2024-09-23,mlb,TOR,BOS,35.589362587194685,38.86800370670956,4.16,3.12,0.0,0.0,0.4,0.4,0.0
746334,2024,2024-09-23,mlb,HOU,SEA,40.14308703242572,37.3716377777957,3.49,2.94,0.0,0.0,0.7,0.6,0.0
747150,2024,2024-09-23,mlb,ARI,SFG,42.34091311812466,34.51784541276469,5.04,4.75,0.0,0.0,0.5,0.5,0.0
746421,2024,2024-09-24,mlb,DET,TBR,33.85687598284515,29.994732830028948,2.39,3.6,1.0,1.0,0.7,0.7,1.0
746581,2024,2024-09-24,mlb,CLE,CIN,37.46400988135876,34.99879326068088,3.47,5.46,1.0,1.0,0.6,0.5,1.0
745526,2024,2024-09-24,mlb,PHI,CHC,43.16553535983042,37.61539330439464,3.98,3.07,0.0,0.0,0.5,0.5,0.0
745441,2024,2024-09-24,mlb,PIT,MIL,33.29234677660162,39.71667879174324,4.43,3.0,1.0,1.0,0.3,0.5,0.0
744802,2024,2024-09-24,mlb,WSN,KCR,31.19368572605881,37.778201145217714,4.29,3.14,1.0,1.0,0.4,0.2,0.0
745688,2024,2024-09-24,mlb,NYY,BAL,44.207144275614574,40.895008501092256,2.85,4.1,1.0,1.0,0.8,0.3,0.0
744876,2024,2024-09-24,mlb,TOR,BOS,35.589362587194685,38.86800370670956,3.3,4.49,0.0,0.0,0.4,0.5,0.0
747068,2024,2024-09-24,mlb,ATL,NYM,37.437264236469105,40.69178993628106,3.35,3.91,1.0,1.0,0.6,0.7,1.0
745608,2024,2024-09-22,mlb,ATH,NYY,34.09475376131578,44.207144275614574,5.01,3.5,0.0,0.0,0.4,0.8,0.0
744955,2024,2024-09-22,mlb,TEX,SEA,35.292616375189546,37.3716377777957,4.28,2.89,0.0,0.0,0.3,0.7,1.0
746825,2024,2024-09-22,mlb,CHC,WSN,37.61539330439464,31.19368572605881,2.91,4.41,0.0,0.0,0.4,0.4,1.0
745118,2024,2024-09-22,mlb,STL,CLE,35.9530837512326,37.46400988135876,3.78,4.86,0.0,0.0,0.5,0.6,1.0
746338,2024,2024-09-21,mlb,HOU,LAA,40.14308703242572,32.63128486432322,2.8,6.7,0.0,0.0,0.7,0.2,1.0
745936,2024,2024-09-21,mlb,MIL,ARI,39.71667879174324,42.34091311812466,4.36,4.03,0.0,0.0,0.5,0.6,0.0
745124,2024,2024-09-21,mlb,STL,CLE,35.9530837512326,37.46400988135876,5.35,2.72,0.0,0.0,0.5,0.7,1.0
745360,2024,2024-09-21,mlb,SDP,CHW,38.38776011314958,24.790135536386305,4.53,4.95,0.0,0.0,0.7,0.3,1.0
745610,2024,2024-09-21,mlb,ATH,NYY,34.09475376131578,44.207144275614574,4.38,3.96,0.0,0.0,0.5,0.7,0.0
746096,2024,2024-09-21,mlb,LAD,COL,45.45967339080953,33.99058268355197,5.38,4.98,0.0,0.0,0.6,0.5,0.0
746255,2024,2024-09-21,mlb,KCR,SFG,37.778201145217714,34.51784541276469,3.71,3.58,0.0,0.0,0.3,0.4,0.0
746903,2024,2024-09-22,mlb,BOS,MIN,38.86800370670956,37.098878050832134,4.14,4.08,1.0,1.0,0.3,0.5,1.0
746657,2024,2024-09-22,mlb,CIN,PIT,34.99879326068088,33.29234677660162,2.75,1.96,0.0,0.0,0.5,0.3,0.0
746982,2024,2024-09-22,mlb,BAL,DET,40.895008501092256,33.85687598284515,3.7,2.19,0.0,0.0,0.4,0.7,0.0
745036,2024,2024-09-22,mlb,TBR,TOR,29.994732830028948,35.589362587194685,3.06,4.13,0.0,0.0,0.6,0.5,1.0
746010,2024,2024-09-22,mlb,MIA,ATL,28.39403698761079,37.437264236469105,6.21,3.56,0.0,0.0,0.3,0.5,0.0
746339,2024,2024-09-22,mlb,HOU,LAA,40.14308703242572,32.63128486432322,4.53,5.19,0.0,0.0,0.8,0.2,0.0
746253,2024,2024-09-22,mlb,KCR,SFG,37.778201145217714,34.51784541276469,3.0,3.12,0.0,0.0,0.3,0.5,0.0
745929,2024,2024-09-22,mlb,MIL,ARI,39.71667879174324,42.34091311812466,4.84,6.23,0.0,0.0,0.5,0.6,1.0
746906,2024,2024-09-22,mlb,BOS,MIN,38.86800370670956,37.098878050832134,4.36,6.69,0.0,0.0,0.4,0.4,1.0
746986,2024,2024-09-07,mlb,BAL,TBR,40.895008501092256,29.994732830028948,3.59,3.6,0.0,0.0,0.6,0.4,0.0
745456,2024,2024-09-07,mlb,PIT,WSN,33.29234677660162,31.19368572605881,4.25,4.29,1.0,1.0,0.4,0.4,0.0
745460,2024,2024-08-23,mlb,PIT,CIN,33.29234677660162,34.99879326068088,4.43,3.04,0.0,0.0,0.4,0.5,1.0
746995,2024,2024-08-23,mlb,BAL,HOU,40.895008501092256,40.14308703242572,5.2,3.49,0.0,0.0,0.4,0.7,1.0
745702,2024,2024-08-23,mlb,NYY,COL,44.207144275614574,33.99058268355197,3.96,5.24,0.0,0.0,0.6,0.4,1.0
744889,2024,2024-08-23,mlb,TOR,LAA,35.589362587194685,32.63128486432322,4.16,3.99,0.0,0.0,0.6,0.2,1.0
746920,2024,2024-08-23,mlb,BOS,ARI,38.86800370670956,42.34091311812466,4.49,4.24,1.0,1.0,0.6,0.7,0.0
746597,2024,2024-08-23,mlb,CLE,TEX,37.46400988135876,35.292616375189546,3.47,3.8,0.0,1.0,0.5,0.4,0.0
746024,2024,2024-08-23,mlb,MIA,CHC,28.39403698761079,37.61539330439464,5.68,5.92,1.0,0.0,0.3,0.5,0.0
747080,2024,2024-08-23,mlb,ATL,WSN,37.437264236469105,31.19368572605881,2.38,3.9,0.0,0.0,0.7,0.4,1.0
745870,2024,2024-08-23,mlb,MIN,STL,37.098878050832134,35.9530837512326,4.9,3.78,1.0,0.0,0.6,0.3,0.0
746268,2024,2024-08-23,mlb,KCR,PHI,37.778201145217714,43.16553535983042,3.35,7.1,1.0,0.0,0.7,0.5,1.0
746758,2024,2024-08-23,mlb,CHW,DET,24.790135536386305,33.85687598284515,4.95,4.76,1.0,0.0,0.3,0.7,0.0
745378,2024,2024-08-23,mlb,SDP,NYM,38.38776011314958,40.69178993628106,3.88,4.66,0.0,0.0,0.6,0.6,1.0
745625,2024,2024-08-23,mlb,ATH,MIL,34.09475376131578,39.71667879174324,4.38,4.36,0.0,0.0,0.6,0.6,0.0
745217,2024,2024-08-23,mlb,SEA,SFG,37.3716377777957,34.51784541276469,3.64,4.75,1.0,1.0,0.2,0.4,1.0
746111,2024,2024-08-23,mlb,LAD,TBR,45.45967339080953,29.994732830028948,8.52,5.1,1.0,0.0,0.7,0.5,1.0
745379,2024,2024-08-22,mlb,SDP,NYM,38.38776011314958,40.69178993628106,3.47,3.91,0.0,0.0,0.6,0.5,0.0
745703,2024,2024-08-24,mlb,NYY,COL,44.207144275614574,33.99058268355197,10.32,5.87,0.0,0.0,0.6,0.3,0.0
747082,2024,2024-08-22,mlb,ATL,PHI,37.437264236469105,43.16553535983042,3.35,3.32,0.0,0.0,0.6,0.5,1.0
744894,2024,2024-08-22,mlb,TOR,LAA,35.589362587194685,32.63128486432322,4.13,5.82,0.0,0.0,0.5,0.3,1.0
744812,2024,2024-08-21,mlb,WSN,COL,31.19368572605881,33.99058268355197,4.29,8.65,0.0,0.0,0.4,0.5,1.0
745704,2024,2024-08-21,mlb,NYY,CLE,44.207144275614574,37.46400988135876,3.77,4.89,0.0,0.0,0.5,0.6666666666666666,1.0
744893,2024,2024-08-21,mlb,TOR,CIN,35.589362587194685,34.99879326068088,4.47,3.1,0.0,0.0,0.5,0.5,0.0
747084,2024,2024-08-21,mlb,ATL,PHI,37.437264236469105,43.16553535983042,3.25,3.57,0.0,0.0,0.7,0.4,0.0
745138,2024,2024-08-21,mlb,STL,MIL,35.9530837512326,39.71667879174324,4.24,3.0,0.0,0.0,0.2,0.7,1.0
746837,2024,2024-08-21,mlb,CHC,DET,37.61539330439464,33.85687598284515,3.27,3.59,0.0,0.0,0.6,0.6,0.0
746267,2024,2024-08-21,mlb,KCR,LAA,37.778201145217714,32.63128486432322,3.31,7.15,0.0,0.0,0.6,0.3,1.0
745622,2024,2024-08-21,mlb,ATH,TBR,34.09475376131578,29.994732830028948,4.58,3.6,0.0,0.0,0.6,0.5,0.0
746110,2024,2024-08-21,mlb,LAD,SEA,45.45967339080953,37.3716377777957,3.17,3.23,0.0,0.0,0.7,0.3,1.0
744815,2024,2024-08-22,mlb,WSN,COL,31.19368572605881,33.99058268355197,5.62,4.98,0.0,0.0,0.4,0.4,1.0
745705,2024,2024-08-22,mlb,NYY,CLE,44.207144275614574,37.46400988135876,3.41,4.86,0.0,0.0,0.5,0.6,1.0
745137,2024,2024-08-22,mlb,STL,MIL,35.9530837512326,39.71667879174324,5.35,3.68,0.0,0.0,0.3,0.6,1.0
746836,2024,2024-08-22,mlb,CHC,DET,37.61539330439464,33.85687598284515,3.07,2.19,0.0,0.0,0.5,0.7,1.0
745623,2024,2024-08-22,mlb,ATH,TBR,34.09475376131578,29.994732830028948,3.41,3.27,0.0,0.0,0.6,0.6,1.0
745465,2024,2024-08-22,mlb,PIT,CIN,33.29234677660162,34.99879326068088,1.96,4.76,0.0,0.0,0.3,0.6,1.0
746998,2024,2024-08-22,mlb,BAL,HOU,40.895008501092256,40.14308703242572,2.92,4.53,0.0,0.0,0.4,0.7,0.0
744890,2024,2024-08-24,mlb,TOR,LAA,35.589362587194685,32.63128486432322,3.3,4.15,0.0,0.0,0.6,0.2,1.0
746996,2024,2024-08-24,mlb,BAL,HOU,40.895008501092256,40.14308703242572,3.7,2.91,0.0,0.0,0.5,0.6,1.0
745617,2024,2024-08-24,mlb,ATH,MIL,34.09475376131578,39.71667879174324,6.42,4.29,0.0,0.0,0.5,0.7,0.0
746754,2024,2024-08-25,mlb,CHW,DET,24.790135536386305,33.85687598284515,4.49,3.59,0.0,0.0,0.2,0.7,0.0
745618,2024,2024-08-25,mlb,ATH,MIL,34.09475376131578,39.71667879174324,5.01,4.84,0.0,0.0,0.4,0.8,1.0
745376,2024,2024-08-25,mlb,SDP,NYM,38.38776011314958,40.69178993628106,4.53,3.75,0.0,0.0,0.5,0.6,1.0
745212,2024,2024-08-25,mlb,SEA,SFG,37.3716377777957,34.51784541276469,2.89,4.7,0.0,0.0,0.2,0.5,1.0
746106,2024,2024-08-25,mlb,LAD,TBR,45.45967339080953,29.994732830028948,3.53,5.23,0.0,0.0,0.6,0.6,1.0
746994,2024,2024-08-25,mlb,BAL,HOU,40.895008501092256,40.14308703242572,4.1,4.05,0.0,0.0,0.5,0.5,0.0
746596,2024,2024-08-26,mlb,CLE,KCR,37.46400988135876,37.778201145217714,5.73,4.53,0.0,0.0,0.4,0.7,0.0
745458,2024,2024-08-26,mlb,PIT,CHC,33.29234677660162,37.61539330439464,4.25,3.27,0.0,0.0,0.6,0.6,0.0
745538,2024,2024-08-26,mlb,PHI,HOU,43.16553535983042,40.14308703242572,2.57,2.8,0.0,0.0,0.6,0.5,1.0
744813,2024,2024-08-26,mlb,WSN,NYY,31.19368572605881,44.207144275614574,4.29,3.77,0.0,0.0,0.4,0.6,0.0
746915,2024,2024-08-26,mlb,BOS,TOR,38.86800370670956,35.589362587194685,3.97,3.6,0.0,0.0,0.4,0.6,0.0
745865,2024,2024-08-26,mlb,MIN,ATL,37.098878050832134,37.437264236469105,3.98,3.25,0.0,0.0,0.5,0.6,0.0
745133,2024,2024-08-26,mlb,STL,SDP,35.9530837512326,38.38776011314958,4.24,4.87,0.0,0.0,0.5,0.5,0.0
746263,2024,2024-08-25,mlb,KCR,PHI,37.778201145217714,43.16553535983042,3.0,5.0,0.0,0.0,0.7,0.6,0.0
745863,2024,2024-08-25,mlb,MIN,STL,37.098878050832134,35.9530837512326,6.69,3.3,0.0,0.0,0.5,0.4,0.0
746023,2024,2024-08-25,mlb,MIA,CHC,28.39403698761079,37.61539330439464,5.31,3.73,0.0,0.0,0.2,0.6,1.0
746595,2024,2024-08-25,mlb,CLE,TEX,37.46400988135876,35.292616375189546,2.72,3.54,0.0,0.0,0.4,0.5,1.0
746917,2024,2024-08-24,mlb,BOS,ARI,38.86800370670956,42.34091311812466,4.36,3.65,0.0,0.0,0.5,0.7,0.0
745218,2024,2024-08-24,mlb,SEA,SFG,37.3716377777957,34.51784541276469,3.53,3.12,0.0,0.0,0.2,0.4,0.0
746022,2024,2024-08-24,mlb,MIA,CHC,28.39403698761079,37.61539330439464,3.67,2.91,0.0,0.0,0.3,0.5,0.0
745457,2024,2024-08-24,mlb,PIT,CIN,33.29234677660162,34.99879326068088,7.97,6.25,0.0,0.0,0.5,0.4,0.0
746599,2024,2024-08-24,mlb,CLE,TEX,37.46400988135876,35.292616375189546,3.81,4.47,0.0,0.0,0.4,0.5,1.0
745868,2024,2024-08-24,mlb,MIN,STL,37.098878050832134,35.9530837512326,4.08,3.84,0.0,0.0,0.5,0.4,1.0
746271,2024,2024-08-24,mlb,KCR,PHI,37.778201145217714,43.16553535983042,3.71,3.46,0.0,0.0,0.7,0.5,0.0
746028,2024,2024-08-21,mlb,MIA,ARI,28.39403698761079,42.34091311812466,6.53,6.23,0.0,0.0,0.3,0.7,0.0
746756,2024,2024-08-24,mlb,CHW,DET,24.790135536386305,33.85687598284515,5.6,2.39,0.0,0.0,0.3,0.7,0.0
745377,2024,2024-08-24,mlb,SDP,NYM,38.38776011314958,40.69178993628106,2.95,2.9,0.0,0.0,0.6,0.6,0.0
746108,2024,2024-08-24,mlb,LAD,TBR,45.45967339080953,29.994732830028948,4.5,4.11,0.0,0.0,0.7,0.5,0.0
747078,2024,2024-08-25,mlb,ATL,WSN,37.437264236469105,31.19368572605881,1.99,4.16,0.0,0.0,0.7,0.3,0.0
746918,2024,2024-08-25,mlb,BOS,ARI,38.86800370670956,42.34091311812466,3.12,4.03,0.0,0.0,0.4,0.7,0.0
745459,2024,2024-08-25,mlb,PIT,CIN,33.29234677660162,34.99879326068088,3.32,3.1,0.0,0.0,0.5,0.4,1.0
745706,2024,2024-08-25,mlb,NYY,COL,44.207144275614574,33.99058268355197,4.31,4.75,0.0,0.0,0.6,0.4,1.0
744892,2024,2024-08-25,mlb,TOR,LAA,35.589362587194685,32.63128486432322,3.83,3.81,0.0,0.0,0.6,0.2,1.0
747077,2024,2024-08-24,mlb,ATL,WSN,37.437264236469105,31.19368572605881,4.19,4.41,0.0,0.0,0.7,0.4,1.0
746753,2024,2024-08-26,mlb,CHW,DET,24.790135536386305,33.85687598284515,4.32,4.3,0.0,0.0,0.2,0.7,0.0
745375,2024,2024-08-21,mlb,SDP,MIN,38.38776011314958,37.098878050832134,4.91,4.17,0.0,0.0,0.7,0.5,0.0
744973,2024,2024-08-21,mlb,TEX,PIT,35.292616375189546,33.29234677660162,4.28,7.84,0.0,0.0,0.3,0.3,1.0
745049,2024,2024-08-17,mlb,TBR,ARI,29.994732830028948,42.34091311812466,3.27,3.65,0.0,0.0,0.3,0.8,1.0
745785,2024,2024-08-17,mlb,NYM,MIA,40.69178993628106,28.39403698761079,3.91,5.68,0.0,0.0,0.4,0.3,1.0
745537,2024,2024-08-17,mlb,PHI,WSN,43.16553535983042,31.19368572605881,3.32,3.9,0.0,0.0,0.6,0.4,1.0
746675,2024,2024-08-17,mlb,CIN,KCR,34.99879326068088,37.778201145217714,4.76,3.35,0.0,0.0,0.6,0.5,0.0
746997,2024,2024-08-17,mlb,BAL,BOS,40.895008501092256,38.86800370670956,5.2,4.49,0.0,0.0,0.5,0.4,0.0
744977,2024,2024-08-17,mlb,TEX,MIN,35.292616375189546,37.098878050832134,3.8,4.9,0.0,0.0,0.2,0.5555555555555556,0.0
745626,2024,2024-08-17,mlb,ATH,SFG,34.09475376131578,34.51784541276469,3.41,4.75,1.0,1.0,0.6,0.5,1.0
746355,2024,2024-08-17,mlb,HOU,CHW,40.14308703242572,24.790135536386305,3.49,4.95,0.0,0.0,0.8,0.3,1.0
745140,2024,2024-08-17,mlb,STL,LAD,35.9530837512326,45.45967339080953,3.78,8.52,0.0,0.0,0.3333333333333333,0.6,1.0
745952,2024,2024-08-17,mlb,MIL,CLE,39.71667879174324,37.46400988135876,3.68,3.47,0.0,0.0,0.7,0.5555555555555556,1.0
746515,2024,2024-08-17,mlb,COL,SDP,33.99058268355197,38.38776011314958,5.24,3.47,0.0,0.0,0.4,0.8,0.0
746190,2024,2024-08-17,mlb,LAA,ATL,32.63128486432322,37.437264236469105,5.19,2.38,0.0,0.0,0.4,0.4,0.0
745786,2024,2024-08-18,mlb,NYM,MIA,40.69178993628106,28.39403698761079,4.66,3.67,0.0,0.0,0.5,0.3,0.0
746999,2024,2024-08-18,mlb,BAL,BOS,40.895008501092256,38.86800370670956,3.7,4.36,0.0,0.0,0.5,0.4,1.0
745464,2024,2024-08-18,mlb,PIT,SEA,33.29234677660162,37.3716377777957,7.97,3.53,0.0,0.0,0.2,0.4,0.0
746841,2024,2024-08-17,mlb,CHC,TOR,37.61539330439464,35.589362587194685,3.07,4.16,0.0,0.0,0.6,0.6,1.0
745539,2024,2024-08-18,mlb,PHI,WSN,43.16553535983042,31.19368572605881,7.1,4.41,0.0,0.0,0.6,0.3,0.0
746434,2024,2024-08-17,mlb,DET,NYY,33.85687598284515,44.207144275614574,4.76,3.96,0.0,0.0,0.6,0.6,1.0
746189,2024,2024-08-16,mlb,LAA,ATL,32.63128486432322,37.437264236469105,3.42,3.35,1.0,0.0,0.4,0.4,1.0
745545,2024,2024-08-15,mlb,PHI,WSN,43.16553535983042,31.19368572605881,2.57,4.29,0.0,0.0,0.5,0.5,1.0
744980,2024,2024-08-15,mlb,TEX,MIN,35.292616375189546,37.098878050832134,3.54,3.98,0.0,0.0,0.3,0.4444444444444444,0.0
746843,2024,2024-08-16,mlb,CHC,TOR,37.61539330439464,35.589362587194685,5.92,4.47,1.0,1.0,0.5,0.6,1.0
746674,2024,2024-08-16,mlb,CIN,KCR,34.99879326068088,37.778201145217714,3.1,3.31,1.0,1.0,0.7,0.4,0.0
745462,2024,2024-08-16,mlb,PIT,SEA,33.29234677660162,37.3716377777957,1.96,3.23,1.0,0.0,0.0,0.4,1.0
745542,2024,2024-08-16,mlb,PHI,WSN,43.16553535983042,31.19368572605881,3.57,5.62,0.0,0.0,0.5,0.4,1.0
746438,2024,2024-08-16,mlb,DET,NYY,33.85687598284515,44.207144275614574,3.59,3.41,0.0,1.0,0.6,0.6,0.0
745054,2024,2024-08-16,mlb,TBR,ARI,29.994732830028948,42.34091311812466,3.6,4.24,1.0,1.0,0.3,0.9,1.0
747001,2024,2024-08-16,mlb,BAL,BOS,40.895008501092256,38.86800370670956,2.92,4.06,0.0,0.0,0.6,0.4,0.0
745784,2024,2024-08-16,mlb,NYM,MIA,40.69178993628106,28.39403698761079,3.47,6.53,0.0,1.0,0.3333333333333333,0.4,1.0
744974,2024,2024-08-16,mlb,TEX,MIN,35.292616375189546,37.098878050832134,4.28,4.17,0.0,0.0,0.3,0.4444444444444444,0.0
746357,2024,2024-08-16,mlb,HOU,CHW,40.14308703242572,24.790135536386305,4.53,3.58,1.0,1.0,0.8,0.2,0.0
745949,2024,2024-08-16,mlb,MIL,CLE,39.71667879174324,37.46400988135876,4.36,4.86,0.0,1.0,0.7,0.5555555555555556,1.0
745144,2024,2024-08-16,mlb,STL,LAD,35.9530837512326,45.45967339080953,5.35,5.7,1.0,0.0,0.3333333333333333,0.6,0.0
746518,2024,2024-08-16,mlb,COL,SDP,33.99058268355197,38.38776011314958,4.98,4.91,1.0,1.0,0.3,0.9,1.0
745463,2024,2024-08-17,mlb,PIT,SEA,33.29234677660162,37.3716377777957,4.43,3.64,0.0,0.0,0.1,0.4,1.0
746676,2024,2024-08-18,mlb,CIN,KCR,34.99879326068088,37.778201145217714,3.72,3.71,0.0,0.0,0.5,0.5,0.0
745051,2024,2024-08-18,mlb,TBR,ARI,29.994732830028948,42.34091311812466,2.83,4.03,0.0,0.0,0.4,0.7,1.0
746359,2024,2024-08-18,mlb,HOU,CHW,40.14308703242572,24.790135536386305,2.91,5.6,0.0,0.0,0.9,0.3,1.0
745707,2024,2024-08-20,mlb,NYY,CLE,44.207144275614574,37.46400988135876,3.5,2.72,1.0,1.0,0.5,0.5555555555555556,0.0
744896,2024,2024-08-20,mlb,TOR,CIN,35.589362587194685,34.99879326068088,3.6,5.46,0.0,0.0,0.5,0.5,1.0
745782,2024,2024-08-20,mlb,NYM,BAL,40.69178993628106,40.895008501092256,3.75,4.1,0.0,0.0,0.4,0.5,0.0
747083,2024,2024-08-20,mlb,ATL,PHI,37.437264236469105,43.16553535983042,1.99,2.57,1.0,1.0,0.6,0.5,1.0
745136,2024,2024-08-20,mlb,STL,MIL,35.9530837512326,39.71667879174324,3.3,4.84,1.0,1.0,0.3,0.7,0.0
746839,2024,2024-08-20,mlb,CHC,DET,37.61539330439464,33.85687598284515,3.73,3.61,1.0,1.0,0.6,0.6,1.0
744978,2024,2024-08-20,mlb,TEX,PIT,35.292616375189546,33.29234677660162,3.54,4.25,0.0,0.0,0.4,0.2,0.0
746349,2024,2024-08-20,mlb,HOU,BOS,40.14308703242572,38.86800370670956,2.8,4.14,0.0,0.0,0.9,0.4,0.0
746266,2024,2024-08-20,mlb,KCR,LAA,37.778201145217714,32.63128486432322,3.14,3.81,0.0,0.0,0.7,0.2,0.0
745624,2024,2024-08-20,mlb,ATH,TBR,34.09475376131578,29.994732830028948,5.01,3.06,0.0,0.0,0.7,0.4,0.0
745374,2024,2024-08-20,mlb,SDP,MIN,38.38776011314958,37.098878050832134,4.53,3.98,0.0,0.0,0.7,0.5,1.0
745295,2024,2024-08-20,mlb,SFG,CHW,34.51784541276469,24.790135536386305,4.7,4.32,0.0,0.0,0.5,0.2,1.0
746107,2024,2024-08-20,mlb,LAD,SEA,45.45967339080953,37.3716377777957,5.38,2.94,0.0,0.0,0.7,0.4,1.0
745781,2024,2024-08-21,mlb,NYM,BAL,40.69178993628106,40.895008501092256,3.47,5.11,0.0,0.0,0.4,0.5,1.0
746350,2024,2024-08-21,mlb,HOU,BOS,40.14308703242572,38.86800370670956,5.48,4.08,0.0,0.0,0.8,0.5,0.0
744814,2024,2024-08-20,mlb,WSN,COL,31.19368572605881,33.99058268355197,4.16,4.75,1.0,1.0,0.4,0.4,0.0
746029,2024,2024-08-20,mlb,MIA,ARI,28.39403698761079,42.34091311812466,4.95,5.04,0.0,0.0,0.3,0.7,0.0
746109,2024,2024-08-19,mlb,LAD,SEA,45.45967339080953,37.3716377777957,3.53,2.89,0.0,0.0,0.7,0.5,1.0
745294,2024,2024-08-19,mlb,SFG,CHW,34.51784541276469,24.790135536386305,4.56,4.49,0.0,0.0,0.5,0.3,1.0
745948,2024,2024-08-18,mlb,MIL,CLE,39.71667879174324,37.46400988135876,4.29,3.81,0.0,0.0,0.7,0.5555555555555556,1.0
745139,2024,2024-08-18,mlb,STL,LAD,35.9530837512326,45.45967339080953,3.84,4.5,0.0,0.0,0.4,0.6,0.0
746838,2024,2024-08-18,mlb,CHC,TOR,37.61539330439464,35.589362587194685,2.91,3.3,0.0,0.0,0.6,0.5,0.0
744975,2024,2024-08-18,mlb,TEX,MIN,35.292616375189546,37.098878050832134,4.97,4.08,0.0,0.0,0.2,0.6666666666666666,1.0
746516,2024,2024-08-18,mlb,COL,SDP,33.99058268355197,38.38776011314958,5.87,3.88,0.0,0.0,0.3,0.8,1.0
745621,2024,2024-08-18,mlb,ATH,SFG,34.09475376131578,34.51784541276469,4.38,3.12,0.0,0.0,0.7,0.5,0.0
746186,2024,2024-08-18,mlb,LAA,ATL,32.63128486432322,37.437264236469105,3.99,4.19,0.0,0.0,0.4,0.5,0.0
745297,2024,2024-08-21,mlb,SFG,CHW,34.51784541276469,24.790135536386305,3.47,3.58,0.0,0.0,0.5,0.2,0.0
746431,2024,2024-08-18,mlb,DET,NYY,33.85687598284515,44.207144275614574,2.39,4.31,0.0,0.0,0.6,0.5,1.0
744898,2024,2024-08-19,mlb,TOR,CIN,35.589362587194685,34.99879326068088,3.83,6.25,0.0,0.0,0.6,0.5,0.0
745780,2024,2024-08-19,mlb,NYM,BAL,40.69178993628106,40.895008501092256,2.9,4.92,0.0,0.0,0.4,0.5,1.0
744976,2024,2024-08-19,mlb,TEX,PIT,35.292616375189546,33.29234677660162,5.31,3.32,0.0,0.0,0.3,0.2,1.0
746351,2024,2024-08-19,mlb,HOU,BOS,40.14308703242572,38.86800370670956,4.05,3.12,0.0,0.0,0.9,0.4,1.0
746270,2024,2024-08-19,mlb,KCR,LAA,37.778201145217714,32.63128486432322,3.0,4.15,0.0,0.0,0.6,0.3,1.0
745620,2024,2024-08-19,mlb,ATH,TBR,34.09475376131578,29.994732830028948,6.42,4.11,0.0,0.0,0.6,0.5,1.0
745380,2024,2024-08-19,mlb,SDP,MIN,38.38776011314958,37.098878050832134,2.95,6.69,0.0,0.0,0.7,0.5555555555555556,1.0
746027,2024,2024-08-19,mlb,MIA,ARI,28.39403698761079,42.34091311812466,5.31,4.71,0.0,0.0,0.4,0.6,0.0
746513,2024,2024-08-26,mlb,COL,MIA,33.99058268355197,28.39403698761079,4.49,4.95,0.0,0.0,0.4,0.2,1.0
745215,2024,2024-08-26,mlb,SEA,TBR,37.3716377777957,29.994732830028948,2.94,3.6,0.0,0.0,0.3,0.6,1.0
746429,2024,2024-08-27,mlb,DET,LAA,33.85687598284515,32.63128486432322,2.58,7.15,0.0,1.0,0.7,0.2,1.0
744972,2024,2024-09-02,mlb,TEX,NYY,35.292616375189546,44.207144275614574,8.83,3.41,0.0,0.0,0.7,0.5,0.0
746991,2024,2024-09-03,mlb,BAL,CHW,40.895008501092256,24.790135536386305,5.2,7.07,0.0,0.0,0.6,0.0,1.0
746020,2024,2024-09-03,mlb,MIA,WSN,28.39403698761079,31.19368572605881,5.68,5.62,1.0,1.0,0.5,0.4,0.0
745047,2024,2024-09-03,mlb,TBR,MIN,29.994732830028948,37.098878050832134,3.27,4.9,0.0,0.0,0.3,0.4,1.0
744891,2024,2024-09-03,mlb,TOR,PHI,35.589362587194685,43.16553535983042,4.16,6.87,1.0,1.0,0.6,0.7,0.0
745778,2024,2024-09-03,mlb,NYM,BOS,40.69178993628106,38.86800370670956,2.9,4.36,0.0,0.0,0.7,0.3,1.0
747079,2024,2024-09-03,mlb,ATL,COL,37.437264236469105,33.99058268355197,2.38,5.24,1.0,1.0,0.6,0.4,1.0
746264,2024,2024-09-03,mlb,KCR,CLE,37.778201145217714,37.46400988135876,3.71,3.47,0.0,0.0,0.2222222222222222,0.6666666666666666,0.0
746834,2024,2024-09-03,mlb,CHC,PIT,37.61539330439464,33.29234677660162,5.92,1.96,0.0,0.0,0.8,0.4,0.0
745944,2024,2024-09-03,mlb,MIL,STL,39.71667879174324,35.9530837512326,4.36,5.08,0.0,0.0,0.6666666666666666,0.5,0.0
744968,2024,2024-09-03,mlb,TEX,NYY,35.292616375189546,44.207144275614574,4.28,3.96,0.0,0.0,0.6,0.5,1.0
746185,2024,2024-09-03,mlb,LAA,LAD,32.63128486432322,45.45967339080953,6.7,5.38,1.0,0.0,0.3,0.7,0.0
745615,2024,2024-09-03,mlb,ATH,SEA,34.09475376131578,37.3716377777957,4.24,3.64,0.0,0.0,0.5,0.5,1.0
745293,2024,2024-09-03,mlb,SFG,ARI,34.51784541276469,42.34091311812466,4.56,4.24,1.0,0.0,0.3,0.5,0.0
744887,2024,2024-09-04,mlb,TOR,PHI,35.589362587194685,43.16553535983042,3.3,3.32,0.0,0.0,0.5,0.8,0.0
746833,2024,2024-09-02,mlb,CHC,PIT,37.61539330439464,33.29234677660162,3.27,4.14,0.0,0.0,0.9,0.4,0.0
746990,2024,2024-09-04,mlb,BAL,CHW,40.895008501092256,24.790135536386305,3.7,4.49,0.0,0.0,0.6,0.0,0.0
745779,2024,2024-09-02,mlb,NYM,BOS,40.69178993628106,38.86800370670956,3.91,4.49,0.0,0.0,0.7,0.3,1.0
745046,2024,2024-09-02,mlb,TBR,MIN,29.994732830028948,37.098878050832134,3.63,4.17,0.0,0.0,0.3,0.4,0.0
746347,2024,2024-09-01,mlb,HOU,KCR,40.14308703242572,37.778201145217714,2.8,4.53,0.0,0.0,0.6,0.3333333333333333,1.0
745861,2024,2024-09-01,mlb,MIN,TOR,37.098878050832134,35.589362587194685,3.98,4.47,0.0,0.0,0.3,0.7,1.0
746750,2024,2024-09-01,mlb,CHW,NYM,24.790135536386305,40.69178993628106,3.58,3.47,0.0,0.0,0.1,0.7,0.0
744970,2024,2024-09-01,mlb,TEX,ATH,35.292616375189546,34.09475376131578,3.0,4.58,0.0,0.0,0.6,0.5,1.0
746505,2024,2024-09-01,mlb,COL,BAL,33.99058268355197,40.895008501092256,6.94,3.59,0.0,0.0,0.4,0.4,0.0
745292,2024,2024-09-01,mlb,SFG,MIA,34.51784541276469,28.39403698761079,3.47,6.21,0.0,0.0,0.4,0.4,0.0
746183,2024,2024-09-01,mlb,LAA,SEA,32.63128486432322,37.3716377777957,9.58,2.94,0.0,0.0,0.2,0.5,1.0
747157,2024,2024-09-01,mlb,ARI,LAD,42.34091311812466,45.45967339080953,4.71,5.7,0.0,0.0,0.6,0.8,1.0
745536,2024,2024-09-01,mlb,PHI,ATL,43.16553535983042,37.437264236469105,3.57,3.35,0.0,0.0,0.6,0.7,1.0
745947,2024,2024-09-02,mlb,MIL,STL,39.71667879174324,35.9530837512326,3.68,3.78,0.0,0.0,0.6666666666666666,0.6,1.0
746992,2024,2024-09-02,mlb,BAL,CHW,40.895008501092256,24.790135536386305,2.92,4.95,0.0,0.0,0.5,0.0,1.0
746668,2024,2024-09-02,mlb,CIN,HOU,34.99879326068088,40.14308703242572,6.25,5.48,0.0,0.0,0.3333333333333333,0.6,1.0
746265,2024,2024-09-02,mlb,KCR,CLE,37.778201145217714,37.46400988135876,3.35,4.86,0.0,0.0,0.2222222222222222,0.5555555555555556,0.0
747155,2024,2024-09-02,mlb,ARI,LAD,42.34091311812466,45.45967339080953,5.04,3.17,0.0,0.0,0.6,0.7,0.0
745373,2024,2024-09-02,mlb,SDP,DET,38.38776011314958,33.85687598284515,3.88,2.19,0.0,0.0,0.6,0.8,1.0
745619,2024,2024-09-02,mlb,ATH,SEA,34.09475376131578,37.3716377777957,3.41,3.23,0.0,0.0,0.5,0.5,1.0
746666,2024,2024-09-04,mlb,CIN,HOU,34.99879326068088,40.14308703242572,3.1,4.53,1.0,1.0,0.4444444444444444,0.6,1.0
746019,2024,2024-09-04,mlb,MIA,WSN,28.39403698761079,31.19368572605881,3.67,3.9,0.0,0.0,0.5,0.4,1.0
745045,2024,2024-09-04,mlb,TBR,MIN,29.994732830028948,37.098878050832134,2.76,3.26,0.0,0.0,0.4,0.4,1.0
745941,2024,2024-09-06,mlb,MIL,COL,39.71667879174324,33.99058268355197,4.84,4.49,1.0,0.0,0.5555555555555556,0.4,0.0
746993,2024,2024-09-06,mlb,BAL,TBR,40.895008501092256,29.994732830028948,4.1,3.06,1.0,0.0,0.5,0.4,1.0
745777,2024,2024-09-06,mlb,NYM,CIN,40.69178993628106,34.99879326068088,3.47,4.86,1.0,0.0,0.8,0.5555555555555556,1.0
746912,2024,2024-09-06,mlb,BOS,CHW,38.86800370670956,24.790135536386305,4.14,4.32,1.0,1.0,0.3,0.1,1.0
746016,2024,2024-09-06,mlb,MIA,PHI,28.39403698761079,43.16553535983042,14.14,2.57,0.0,0.0,0.5,0.8,0.0
747074,2024,2024-09-06,mlb,ATL,TOR,37.437264236469105,35.589362587194685,3.25,3.83,0.0,1.0,0.6,0.4,1.0
744967,2024,2024-09-06,mlb,TEX,LAA,35.292616375189546,32.63128486432322,4.78,4.85,0.0,0.0,0.8,0.4,0.0
746343,2024,2024-09-06,mlb,HOU,ARI,40.14308703242572,42.34091311812466,2.91,4.71,0.0,0.0,0.5,0.4,1.0
746257,2024,2024-09-06,mlb,KCR,MIN,37.778201145217714,37.098878050832134,3.14,6.69,1.0,0.0,0.2222222222222222,0.4,1.0
745131,2024,2024-09-06,mlb,STL,SEA,35.9530837512326,37.3716377777957,3.3,2.94,1.0,0.0,0.6,0.5,0.0
745611,2024,2024-09-06,mlb,ATH,DET,34.09475376131578,33.85687598284515,4.58,2.39,0.0,0.0,0.5,0.6,1.0
745371,2024,2024-09-06,mlb,SDP,SFG,38.38776011314958,34.51784541276469,2.95,6.44,0.0,0.0,0.6,0.3,1.0
746104,2024,2024-09-06,mlb,LAD,CLE,45.45967339080953,37.46400988135876,3.65,2.72,1.0,1.0,0.7,0.5555555555555556,0.0
745455,2024,2024-09-07,mlb,PIT,WSN,33.29234677660162,31.19368572605881,3.32,4.16,0.0,0.0,0.4,0.4,0.0
746832,2024,2024-09-06,mlb,CHC,NYY,37.61539330439464,44.207144275614574,5.48,3.5,1.0,1.0,0.7,0.4,0.0
745369,2024,2024-09-05,mlb,SDP,DET,38.38776011314958,33.85687598284515,4.53,4.49,0.0,0.0,0.7,0.6,0.0
744966,2024,2024-09-05,mlb,TEX,LAA,35.292616375189546,32.63128486432322,3.54,3.99,0.0,0.0,0.7,0.4,1.0
747073,2024,2024-09-05,mlb,ATL,COL,37.437264236469105,33.99058268355197,1.99,4.75,0.0,0.0,0.6,0.3,0.0
745776,2024,2024-09-04,mlb,NYM,BOS,40.69178993628106,38.86800370670956,4.04,3.12,0.0,0.0,0.8,0.3,1.0
747075,2024,2024-09-04,mlb,ATL,COL,37.437264236469105,33.99058268355197,4.19,5.87,0.0,0.0,0.6,0.4,1.0
746262,2024,2024-09-04,mlb,KCR,CLE,37.778201145217714,37.46400988135876,3.0,3.81,0.0,0.0,0.2222222222222222,0.6666666666666666,1.0
746835,2024,2024-09-04,mlb,CHC,PIT,37.61539330439464,33.29234677660162,2.91,7.84,0.0,0.0,0.7,0.4,1.0
745938,2024,2024-09-04,mlb,MIL,STL,39.71667879174324,35.9530837512326,4.29,3.84,0.0,0.0,0.5555555555555556,0.6,0.0
744964,2024,2024-09-04,mlb,TEX,NYY,35.292616375189546,44.207144275614574,3.8,4.31,0.0,0.0,0.6,0.4,1.0
746178,2024,2024-09-04,mlb,LAA,LAD,32.63128486432322,45.45967339080953,5.19,8.52,0.0,0.0,0.3,0.7,1.0
745048,2024,2024-09-01,mlb,TBR,SDP,29.994732830028948,38.38776011314958,3.6,3.47,0.0,0.0,0.4,0.5,0.0
745370,2024,2024-09-04,mlb,SDP,DET,38.38776011314958,33.85687598284515,3.31,4.76,1.0,1.0,0.6,0.7,1.0
745290,2024,2024-09-04,mlb,SFG,ARI,34.51784541276469,42.34091311812466,4.75,3.65,0.0,0.0,0.3,0.5,0.0
746664,2024,2024-09-05,mlb,CIN,HOU,34.99879326068088,40.14308703242572,1.17,3.49,0.0,0.0,0.4444444444444444,0.6,1.0
745042,2024,2024-09-05,mlb,TBR,MIN,29.994732830028948,37.098878050832134,4.11,4.08,0.0,0.0,0.4,0.3,0.0
745612,2024,2024-09-05,mlb,ATH,SEA,34.09475376131578,37.3716377777957,5.01,2.89,0.0,0.0,0.6,0.5,0.0
745289,2024,2024-09-05,mlb,SFG,ARI,34.51784541276469,42.34091311812466,3.12,4.03,0.0,0.0,0.3,0.5,1.0
745451,2024,2024-09-05,mlb,PIT,WSN,33.29234677660162,31.19368572605881,4.43,4.41,0.0,0.0,0.4,0.4,1.0
746021,2024,2024-09-05,mlb,MIA,PHI,28.39403698761079,43.16553535983042,5.31,3.46,0.0,0.0,0.6,0.8,0.0
745614,2024,2024-09-04,mlb,ATH,SEA,34.09475376131578,37.3716377777957,4.38,3.53,0.0,0.0,0.6,0.4,0.0
746592,2024,2024-09-01,mlb,CLE,PIT,37.46400988135876,33.29234677660162,2.76,4.25,0.0,0.0,0.4444444444444444,0.4,1.0
746426,2024,2024-09-01,mlb,DET,BOS,33.85687598284515,38.86800370670956,3.59,4.08,0.0,0.0,0.7,0.4,1.0
745701,2024,2024-09-01,mlb,NYY,STL,44.207144275614574,35.9530837512326,3.77,5.35,0.0,0.0,0.6,0.6,0.0
746672,2024,2024-08-28,mlb,CIN,ATH,34.99879326068088,34.09475376131578,4.86,3.41,0.0,0.0,0.3,0.5,0.0
744809,2024,2024-08-28,mlb,WSN,NYY,31.19368572605881,44.207144275614574,3.9,3.96,0.0,0.0,0.5,0.5,1.0
746913,2024,2024-08-28,mlb,BOS,TOR,38.86800370670956,35.589362587194685,4.49,4.16,0.0,0.0,0.4,0.7,1.0
745866,2024,2024-08-28,mlb,MIN,ATL,37.098878050832134,37.437264236469105,4.9,2.38,0.0,0.0,0.3,0.8,0.0
745134,2024,2024-08-28,mlb,STL,SDP,35.9530837512326,38.38776011314958,3.78,3.88,0.0,0.0,0.5,0.6,1.0
746752,2024,2024-08-28,mlb,CHW,TEX,24.790135536386305,35.292616375189546,2.7,8.83,0.0,0.0,0.1,0.5,0.0
745943,2024,2024-08-28,mlb,MIL,SFG,39.71667879174324,34.51784541276469,3.68,4.56,0.0,0.0,0.6,0.6,1.0
746512,2024,2024-08-28,mlb,COL,MIA,33.99058268355197,28.39403698761079,5.24,5.68,0.0,0.0,0.4,0.3,1.0
747161,2024,2024-08-28,mlb,ARI,NYM,42.34091311812466,40.69178993628106,5.04,3.91,0.0,0.0,0.6,0.6,1.0
746103,2024,2024-08-28,mlb,LAD,BAL,45.45967339080953,40.895008501092256,5.38,2.92,0.0,0.0,0.7,0.5,1.0
746432,2024,2024-08-29,mlb,DET,LAA,33.85687598284515,32.63128486432322,4.76,3.99,0.0,0.0,0.8,0.1,0.0
746748,2024,2024-08-29,mlb,CHW,TEX,24.790135536386305,35.292616375189546,7.07,3.8,0.0,0.0,0.1,0.6,0.0
745945,2024,2024-08-29,mlb,MIL,SFG,39.71667879174324,34.51784541276469,4.36,4.75,0.0,0.0,0.6,0.5,1.0
745135,2024,2024-08-29,mlb,STL,SDP,35.9530837512326,38.38776011314958,3.84,2.95,0.0,0.0,0.5,0.6,1.0
746514,2024,2024-08-29,mlb,COL,MIA,33.99058268355197,28.39403698761079,5.87,3.67,0.0,0.0,0.5,0.3,0.0
746430,2024,2024-08-28,mlb,DET,LAA,33.85687598284515,32.63128486432322,5.4,5.19,0.0,0.0,0.8,0.1,1.0
745211,2024,2024-08-28,mlb,SEA,TBR,37.3716377777957,29.994732830028948,3.64,2.83,0.0,0.0,0.4,0.5,1.0
745541,2024,2024-08-28,mlb,PHI,HOU,43.16553535983042,40.14308703242572,7.1,4.53,0.0,0.0,0.6,0.4,0.0
746594,2024,2024-08-27,mlb,CLE,KCR,37.46400988135876,37.778201145217714,4.86,3.31,0.0,0.0,0.3333333333333333,0.6666666666666666,0.0
746671,2024,2024-08-27,mlb,CIN,ATH,34.99879326068088,34.09475376131578,2.69,4.58,1.0,1.0,0.3,0.5,0.0
745461,2024,2024-08-27,mlb,PIT,CHC,33.29234677660162,37.61539330439464,4.14,3.07,0.0,0.0,0.5,0.7,0.0
745540,2024,2024-08-27,mlb,PHI,HOU,43.16553535983042,40.14308703242572,3.57,5.48,0.0,0.0,0.6,0.5,1.0
744811,2024,2024-08-27,mlb,WSN,NYY,31.19368572605881,44.207144275614574,5.62,3.41,0.0,0.0,0.4,0.6,1.0
746916,2024,2024-08-27,mlb,BOS,TOR,38.86800370670956,35.589362587194685,4.08,4.47,0.0,0.0,0.4,0.7,1.0
745864,2024,2024-08-27,mlb,MIN,ATL,37.098878050832134,37.437264236469105,4.17,3.35,0.0,0.0,0.4,0.7,0.0
747159,2024,2024-08-29,mlb,ARI,NYM,42.34091311812466,40.69178993628106,4.24,2.9,0.0,0.0,0.7,0.5,0.0
745132,2024,2024-08-27,mlb,STL,SDP,35.9530837512326,38.38776011314958,5.35,3.47,0.0,0.0,0.5,0.6,0.0
745946,2024,2024-08-27,mlb,MIL,SFG,39.71667879174324,34.51784541276469,3.0,3.47,1.0,1.0,0.7,0.5,0.0
746510,2024,2024-08-27,mlb,COL,MIA,33.99058268355197,28.39403698761079,4.98,6.53,0.0,0.0,0.5,0.2,0.0
747162,2024,2024-08-27,mlb,ARI,NYM,42.34091311812466,40.69178993628106,4.71,3.47,1.0,1.0,0.7,0.6,0.0
745213,2024,2024-08-27,mlb,SEA,TBR,37.3716377777957,29.994732830028948,3.23,3.27,0.0,0.0,0.4,0.5,0.0
746105,2024,2024-08-27,mlb,LAD,BAL,45.45967339080953,40.895008501092256,3.17,5.11,1.0,1.0,0.7,0.4,0.0
745452,2024,2024-08-28,mlb,PIT,CHC,33.29234677660162,37.61539330439464,1.96,5.92,0.0,0.0,0.4,0.7,0.0
746589,2024,2024-08-28,mlb,CLE,KCR,37.46400988135876,37.778201145217714,3.47,3.35,0.0,0.0,0.3333333333333333,0.6666666666666666,1.0
746755,2024,2024-08-27,mlb,CHW,TEX,24.790135536386305,35.292616375189546,4.95,4.28,0.0,1.0,0.2,0.4,0.0
746829,2024,2024-09-07,mlb,CHC,NYY,37.61539330439464,44.207144275614574,3.73,2.85,0.0,0.0,0.7,0.4,0.0
746670,2024,2024-08-29,mlb,CIN,ATH,34.99879326068088,34.09475376131578,6.25,4.24,0.0,0.0,0.3,0.5,1.0
746914,2024,2024-08-29,mlb,BOS,TOR,38.86800370670956,35.589362587194685,4.36,3.3,0.0,0.0,0.4,0.6,0.0
745050,2024,2024-08-31,mlb,TBR,SDP,29.994732830028948,38.38776011314958,3.06,4.87,0.0,0.0,0.4,0.5,1.0
746424,2024,2024-08-31,mlb,DET,BOS,33.85687598284515,38.86800370670956,2.39,4.14,0.0,0.0,0.7,0.5,1.0
746590,2024,2024-08-31,mlb,CLE,PIT,37.46400988135876,33.29234677660162,2.72,3.32,0.0,0.0,0.4444444444444444,0.4,0.0
744971,2024,2024-08-31,mlb,TEX,ATH,35.292616375189546,34.09475376131578,3.54,5.01,0.0,0.0,0.6,0.5,1.0
746348,2024,2024-08-31,mlb,HOU,KCR,40.14308703242572,37.778201145217714,4.05,3.14,0.0,0.0,0.5,0.4444444444444444,1.0
745859,2024,2024-08-31,mlb,MIN,TOR,37.098878050832134,35.589362587194685,6.69,3.6,0.0,0.0,0.3,0.6,0.0
746751,2024,2024-08-31,mlb,CHW,NYM,24.790135536386305,40.69178993628106,4.32,3.75,0.0,0.0,0.1,0.6,0.0
745532,2024,2024-08-31,mlb,PHI,ATL,43.16553535983042,37.437264236469105,2.57,3.25,0.0,0.0,0.6,0.7,1.0
746667,2024,2024-08-31,mlb,CIN,MIL,34.99879326068088,39.71667879174324,4.86,4.84,0.0,0.0,0.3333333333333333,0.5555555555555556,0.0
746507,2024,2024-08-31,mlb,COL,BAL,33.99058268355197,40.895008501092256,4.49,4.1,0.0,0.0,0.3,0.5,1.0
747158,2024,2024-08-31,mlb,ARI,LAD,42.34091311812466,45.45967339080953,4.03,3.53,0.0,0.0,0.7,0.8,0.0
745296,2024,2024-08-31,mlb,SFG,MIA,34.51784541276469,28.39403698761079,6.44,4.95,0.0,0.0,0.5,0.3,0.0
746182,2024,2024-08-31,mlb,LAA,SEA,32.63128486432322,37.3716377777957,3.81,2.89,0.0,0.0,0.2,0.5,1.0
746669,2024,2024-09-01,mlb,CIN,MIL,34.99879326068088,39.71667879174324,3.77,3.0,0.0,0.0,0.2222222222222222,0.6666666666666666,1.0
744806,2024,2024-09-01,mlb,WSN,CHC,31.19368572605881,37.61539330439464,4.29,5.48,0.0,0.0,0.5,0.8,0.0
744808,2024,2024-08-31,mlb,WSN,CHC,31.19368572605881,37.61539330439464,4.16,3.73,0.0,0.0,0.5,0.8,0.0
745699,2024,2024-08-31,mlb,NYY,STL,44.207144275614574,35.9530837512326,10.32,4.24,0.0,0.0,0.6,0.6,0.0
745299,2024,2024-08-30,mlb,SFG,MIA,34.51784541276469,28.39403698761079,3.12,5.31,0.0,0.0,0.5,0.3,1.0
747156,2024,2024-08-30,mlb,ARI,LAD,42.34091311812466,45.45967339080953,3.65,4.5,0.0,0.0,0.7,0.8,0.0
746352,2024,2024-08-29,mlb,HOU,KCR,40.14308703242572,37.778201145217714,3.49,3.71,0.0,0.0,0.4,0.5555555555555556,1.0
746102,2024,2024-08-29,mlb,LAD,BAL,45.45967339080953,40.895008501092256,8.52,5.2,0.0,0.0,0.7,0.5,1.0
746665,2024,2024-08-30,mlb,CIN,MIL,34.99879326068088,39.71667879174324,1.17,5.02,0.0,0.0,0.4,0.6,0.0
746433,2024,2024-08-30,mlb,DET,BOS,33.85687598284515,38.86800370670956,4.49,3.12,0.0,0.0,0.7,0.4,0.0
745533,2024,2024-08-30,mlb,PHI,ATL,43.16553535983042,37.437264236469105,3.46,1.99,0.0,0.0,0.6,0.7,0.0
744810,2024,2024-08-30,mlb,WSN,CHC,31.19368572605881,37.61539330439464,4.41,2.91,1.0,1.0,0.6,0.7,0.0
745531,2024,2024-08-29,mlb,PHI,ATL,43.16553535983042,37.437264236469105,3.32,4.19,0.0,0.0,0.5,0.8,1.0
745052,2024,2024-08-30,mlb,TBR,SDP,29.994732830028948,38.38776011314958,4.11,4.53,1.0,0.0,0.4,0.5,0.0
746593,2024,2024-08-30,mlb,CLE,PIT,37.46400988135876,33.29234677660162,3.81,4.43,1.0,1.0,0.4444444444444444,0.4,1.0
744969,2024,2024-08-30,mlb,TEX,ATH,35.292616375189546,34.09475376131578,4.47,4.38,0.0,0.0,0.7,0.5,0.0
746353,2024,2024-08-30,mlb,HOU,KCR,40.14308703242572,37.778201145217714,2.91,3.0,0.0,0.0,0.4,0.4444444444444444,1.0
745862,2024,2024-08-30,mlb,MIN,TOR,37.098878050832134,35.589362587194685,4.08,3.83,1.0,0.0,0.2,0.7,1.0
746749,2024,2024-08-30,mlb,CHW,NYM,24.790135536386305,40.69178993628106,4.49,4.04,0.0,0.0,0.1,0.6,0.0
746511,2024,2024-08-30,mlb,COL,BAL,33.99058268355197,40.895008501092256,4.75,3.7,0.0,0.0,0.4,0.4,0.0
746184,2024,2024-08-30,mlb,LAA,SEA,32.63128486432322,37.3716377777957,4.85,3.53,0.0,1.0,0.2,0.5,0.0
745700,2024,2024-08-30,mlb,NYY,STL,44.207144275614574,35.9530837512326,4.31,3.3,1.0,0.0,0.5,0.6,1.0
745324,2024,2024-06-27,mlb,SFG,CHC,34.51784541276469,37.61539330439464,4.1,2.91,0.0,0.0,0.5,0.3,0.0
745325,2024,2024-06-26,mlb,SFG,CHC,34.51784541276469,37.61539330439464,4.75,3.86,0.0,0.0,0.4,0.4,1.0
745424,2024,2024-04-26,mlb,SDP,PHI,38.38776011314958,43.16553535983042,3.88,3.57,0.0,0.0,0.5,0.8,0.0
745347,2024,2024-04-26,mlb,SFG,PIT,34.51784541276469,33.29234677660162,4.56,4.71,1.0,0.0,0.6,0.2,1.0
744946,2024,2024-04-27,mlb,TOR,LAD,35.589362587194685,45.45967339080953,4.05,3.49,0.0,0.0,0.4,0.6,0.0
747052,2024,2024-04-27,mlb,BAL,ATH,40.895008501092256,34.09475376131578,5.11,4.38,0.0,0.0,0.7,0.4,1.0
745833,2024,2024-04-27,mlb,NYM,STL,40.69178993628106,35.9530837512326,5.84,3.84,0.0,0.0,0.6,0.5,0.0
745020,2024,2024-04-27,mlb,TEX,CIN,35.292616375189546,34.99879326068088,3.31,2.75,0.0,0.0,0.5,0.5,0.0
746971,2024,2024-04-27,mlb,BOS,CHC,38.86800370670956,37.61539330439464,4.14,3.58,0.0,0.0,0.5,0.6666666666666666,1.0
746075,2024,2024-04-27,mlb,MIA,WSN,28.39403698761079,31.19368572605881,4.95,4.29,0.0,0.0,0.3333333333333333,0.5,0.0
746560,2024,2024-04-27,mlb,COL,HOU,33.99058268355197,40.14308703242572,4.98,2.8,1.0,1.0,0.3333333333333333,0.2,0.0
746484,2024,2024-04-27,mlb,DET,KCR,33.85687598284515,37.778201145217714,4.49,3.71,0.0,0.0,0.5,0.6,1.0
746803,2024,2024-04-27,mlb,CHW,TBR,24.790135536386305,29.994732830028948,4.49,4.36,0.0,0.0,0.2,0.4,1.0
745998,2024,2024-04-27,mlb,MIL,NYY,39.71667879174324,44.207144275614574,3.77,3.96,0.0,0.0,0.7,0.5,0.0
747131,2024,2024-04-27,mlb,ATL,CLE,37.437264236469105,37.46400988135876,4.19,3.47,0.0,0.0,0.9,0.7,0.0
745425,2024,2024-04-27,mlb,SDP,PHI,38.38776011314958,43.16553535983042,3.47,3.46,0.0,0.0,0.4,0.8,0.0
745350,2024,2024-04-27,mlb,SFG,PIT,34.51784541276469,33.29234677660162,4.1,4.53,0.0,0.0,0.6,0.2,0.0
745269,2024,2024-04-26,mlb,SEA,ARI,37.3716377777957,42.34091311812466,4.75,3.65,0.0,1.0,0.6666666666666666,0.4,1.0
746245,2024,2024-04-27,mlb,LAA,MIN,32.63128486432322,37.098878050832134,3.42,4.99,0.0,0.0,0.2,0.6,0.0
746243,2024,2024-04-26,mlb,LAA,MIN,32.63128486432322,37.098878050832134,5.08,3.98,1.0,0.0,0.3,0.5,0.0
745025,2024,2024-04-26,mlb,TEX,CIN,35.292616375189546,34.99879326068088,3.8,5.24,0.0,0.0,0.5,0.5,1.0
745918,2024,2024-04-25,mlb,MIN,CHW,37.098878050832134,24.790135536386305,4.17,4.74,0.0,0.0,0.4,0.1,1.0
746320,2024,2024-04-25,mlb,KCR,TOR,37.778201145217714,35.589362587194685,3.14,3.6,0.0,0.0,0.5,0.6,1.0
746887,2024,2024-04-25,mlb,CHC,HOU,37.61539330439464,40.14308703242572,3.73,5.48,0.0,0.0,0.6666666666666666,0.3,1.0
745027,2024,2024-04-25,mlb,TEX,SEA,35.292616375189546,37.3716377777957,4.28,3.64,0.0,0.0,0.5,0.5555555555555556,0.0
746564,2024,2024-04-25,mlb,COL,SDP,33.99058268355197,38.38776011314958,6.17,4.87,0.0,0.0,0.2222222222222222,0.6,1.0
744867,2024,2024-04-25,mlb,WSN,LAD,31.19368572605881,45.45967339080953,3.9,3.0,0.0,0.0,0.5,0.5,0.0
745755,2024,2024-04-25,mlb,NYY,ATH,44.207144275614574,34.09475376131578,3.77,5.26,0.0,0.0,0.5,0.3,0.0
746482,2024,2024-04-26,mlb,DET,KCR,33.85687598284515,37.778201145217714,3.53,3.0,1.0,0.0,0.5,0.6,0.0
747050,2024,2024-04-26,mlb,BAL,ATH,40.895008501092256,34.09475376131578,2.92,6.01,1.0,0.0,0.8,0.3,0.0
744949,2024,2024-04-26,mlb,TOR,LAD,35.589362587194685,45.45967339080953,4.16,3.53,0.0,0.0,0.5,0.5,0.0
746972,2024,2024-04-26,mlb,BOS,CHC,38.86800370670956,37.61539330439464,4.36,2.91,0.0,0.0,0.5,0.6666666666666666,0.0
745835,2024,2024-04-26,mlb,NYM,STL,40.69178993628106,35.9530837512326,2.55,5.35,1.0,1.0,0.7,0.4,0.0
746078,2024,2024-04-26,mlb,MIA,WSN,28.39403698761079,31.19368572605881,5.68,2.03,1.0,0.0,0.3333333333333333,0.4,0.0
747129,2024,2024-04-26,mlb,ATL,CLE,37.437264236469105,37.46400988135876,2.38,5.73,1.0,0.0,0.9,0.8,1.0
746808,2024,2024-04-26,mlb,CHW,TBR,24.790135536386305,29.994732830028948,4.95,3.59,0.0,1.0,0.1,0.4,1.0
746000,2024,2024-04-26,mlb,MIL,NYY,39.71667879174324,44.207144275614574,4.29,3.5,0.0,0.0,0.6,0.5,1.0
745266,2024,2024-04-27,mlb,SEA,ARI,37.3716377777957,42.34091311812466,3.53,6.66,0.0,0.0,0.7777777777777778,0.4,1.0
747045,2024,2024-04-28,mlb,BAL,ATH,40.895008501092256,34.09475376131578,3.7,4.66,0.0,0.0,0.7,0.4,0.0
747125,2024,2024-04-28,mlb,ATL,CLE,37.437264236469105,37.46400988135876,6.52,3.81,0.0,0.0,0.8,0.7,1.0
747211,2024,2024-04-29,mlb,ARI,LAD,42.34091311812466,45.45967339080953,7.04,4.4,0.0,0.0,0.4,0.6,0.0
745672,2024,2024-04-29,mlb,ATH,PIT,34.09475376131578,33.29234677660162,6.42,4.43,0.0,0.0,0.4,0.3,1.0
745427,2024,2024-04-29,mlb,SDP,CIN,38.38776011314958,34.99879326068088,4.91,4.76,0.0,0.0,0.3,0.6,0.0
745263,2024,2024-04-29,mlb,SEA,ATL,37.3716377777957,37.437264236469105,2.94,3.25,0.0,0.0,0.6666666666666666,0.8,1.0
746477,2024,2024-04-30,mlb,DET,STL,33.85687598284515,35.9530837512326,3.17,4.24,1.0,1.0,0.6,0.4,0.0
746481,2024,2024-04-30,mlb,DET,STL,33.85687598284515,35.9530837512326,4.88,5.08,0.0,0.0,0.6,0.5,1.0
747047,2024,2024-04-30,mlb,BAL,NYY,40.895008501092256,44.207144275614574,4.1,3.77,0.0,0.0,0.6,0.5,1.0
746073,2024,2024-04-30,mlb,MIA,COL,28.39403698761079,33.99058268355197,6.06,4.49,0.0,1.0,0.2222222222222222,0.3333333333333333,1.0
744942,2024,2024-04-30,mlb,TOR,KCR,35.589362587194685,37.778201145217714,3.6,3.14,0.0,0.0,0.4,0.4,0.0
745831,2024,2024-04-30,mlb,NYM,CHC,40.69178993628106,37.61539330439464,3.47,3.73,0.0,0.0,0.4,0.5555555555555556,1.0
746968,2024,2024-04-30,mlb,BOS,SFG,38.86800370670956,34.51784541276469,4.08,3.47,1.0,1.0,0.6,0.6,1.0
746806,2024,2024-04-30,mlb,CHW,MIN,24.790135536386305,37.098878050832134,4.74,4.17,0.0,0.0,0.3,0.9,0.0
745997,2024,2024-04-30,mlb,MIL,TBR,39.71667879174324,29.994732830028948,3.68,5.1,0.0,0.0,0.5,0.3,1.0
745018,2024,2024-04-30,mlb,TEX,WSN,35.292616375189546,31.19368572605881,4.47,3.9,1.0,0.0,0.5,0.6,1.0
746236,2024,2024-04-29,mlb,LAA,PHI,32.63128486432322,43.16553535983042,5.19,3.32,0.0,0.0,0.1,0.8,1.0
745999,2024,2024-04-29,mlb,MIL,TBR,39.71667879174324,29.994732830028948,4.04,3.6,0.0,0.0,0.6,0.3,0.0
746804,2024,2024-04-29,mlb,CHW,MIN,24.790135536386305,37.098878050832134,3.58,3.6,0.0,0.0,0.3,0.8,0.0
745832,2024,2024-04-29,mlb,NYM,CHC,40.69178993628106,37.61539330439464,3.91,3.27,0.0,0.0,0.5,0.5555555555555556,0.0
744947,2024,2024-04-28,mlb,TOR,LAD,35.589362587194685,45.45967339080953,3.83,5.12,0.0,0.0,0.3,0.7,1.0
746483,2024,2024-04-28,mlb,DET,KCR,33.85687598284515,37.778201145217714,2.39,3.35,0.0,0.0,0.5,0.5,1.0
745834,2024,2024-04-28,mlb,NYM,STL,40.69178993628106,35.9530837512326,3.75,3.84,0.0,0.0,0.5,0.5,1.0
746077,2024,2024-04-28,mlb,MIA,WSN,28.39403698761079,31.19368572605881,3.63,5.62,0.0,0.0,0.2222222222222222,0.5,0.0
746805,2024,2024-04-28,mlb,CHW,TBR,24.790135536386305,29.994732830028948,3.3,3.63,0.0,0.0,0.3,0.3,1.0
746001,2024,2024-04-28,mlb,MIL,NYY,39.71667879174324,44.207144275614574,3.0,4.31,0.0,0.0,0.7,0.6,0.0
745022,2024,2024-04-28,mlb,TEX,CIN,35.292616375189546,34.99879326068088,5.31,3.72,0.0,0.0,0.5,0.6,1.0
746724,2024,2024-04-25,mlb,CIN,PHI,34.99879326068088,43.16553535983042,3.1,2.57,0.0,0.0,0.6,0.7,0.0
746561,2024,2024-04-28,mlb,COL,HOU,33.99058268355197,40.14308703242572,4.75,2.91,0.0,0.0,0.3333333333333333,0.2,0.0
746237,2024,2024-04-28,mlb,LAA,MIN,32.63128486432322,37.098878050832134,6.7,4.08,0.0,0.0,0.2,0.7,0.0
745265,2024,2024-04-28,mlb,SEA,ARI,37.3716377777957,42.34091311812466,3.23,4.71,0.0,0.0,0.7777777777777778,0.3,0.0
745428,2024,2024-04-28,mlb,SDP,PHI,38.38776011314958,43.16553535983042,2.95,7.1,0.0,0.0,0.3,0.8,0.0
746967,2024,2024-04-28,mlb,BOS,CHC,38.86800370670956,37.61539330439464,3.12,3.86,0.0,0.0,0.6,0.6666666666666666,1.0
747046,2024,2024-04-29,mlb,BAL,NYY,40.895008501092256,44.207144275614574,3.86,2.85,0.0,0.0,0.6,0.6,1.0
746074,2024,2024-04-29,mlb,MIA,WSN,28.39403698761079,31.19368572605881,4.92,4.41,0.0,0.0,0.2222222222222222,0.6,0.0
744945,2024,2024-04-29,mlb,TOR,KCR,35.589362587194685,37.778201145217714,4.47,13.5,0.0,0.0,0.4,0.5,1.0
745349,2024,2024-04-28,mlb,SFG,PIT,34.51784541276469,33.29234677660162,7.16,4.14,0.0,0.0,0.6,0.3,1.0
746398,2024,2024-04-30,mlb,HOU,CLE,40.14308703242572,37.46400988135876,3.49,5.64,1.0,1.0,0.3,0.7,1.0
746646,2024,2024-04-25,mlb,CLE,BOS,37.46400988135876,38.86800370670956,5.11,5.4,0.0,0.0,0.8,0.6,1.0
746567,2024,2024-04-24,mlb,COL,SDP,33.99058268355197,38.38776011314958,6.94,4.91,0.0,0.0,0.2222222222222222,0.5,0.0
745588,2024,2024-04-21,mlb,PHI,CHW,43.16553535983042,24.790135536386305,3.57,7.07,0.0,0.0,0.8,0.2,1.0
745759,2024,2024-04-21,mlb,NYY,TBR,44.207144275614574,29.994732830028948,3.5,4.36,0.0,0.0,0.4444444444444444,0.6,1.0
746727,2024,2024-04-21,mlb,CIN,LAA,34.99879326068088,32.63128486432322,4.84,3.42,0.0,0.0,0.5,0.3,1.0
746652,2024,2024-04-21,mlb,CLE,ATH,37.46400988135876,34.09475376131578,3.47,6.01,0.0,0.0,0.7777777777777778,0.4,1.0
746316,2024,2024-04-21,mlb,KCR,BAL,37.778201145217714,40.895008501092256,3.0,5.11,0.0,0.0,0.6,0.7,0.0
745920,2024,2024-04-21,mlb,MIN,DET,37.098878050832134,33.85687598284515,7.61,4.49,0.0,0.0,0.3333333333333333,0.4444444444444444,0.0
745192,2024,2024-04-21,mlb,STL,MIL,35.9530837512326,39.71667879174324,3.84,4.29,0.0,0.0,0.4,0.7,0.0
746894,2024,2024-04-21,mlb,CHC,MIA,37.61539330439464,28.39403698761079,5.92,4.95,0.0,0.0,0.5555555555555556,0.4444444444444444,0.0
746568,2024,2024-04-21,mlb,COL,SEA,33.99058268355197,37.3716377777957,4.98,3.53,0.0,0.0,0.2,0.6,1.0
745353,2024,2024-04-21,mlb,SFG,ARI,34.51784541276469,42.34091311812466,4.1,6.66,0.0,0.0,0.6,0.5,0.0
746154,2024,2024-04-21,mlb,LAD,NYM,45.45967339080953,40.69178993628106,3.49,5.84,0.0,0.0,0.3,0.8,1.0
745434,2024,2024-04-21,mlb,SDP,TOR,38.38776011314958,35.589362587194685,3.88,4.16,0.0,0.0,0.5,0.7,1.0
747133,2024,2024-04-21,mlb,ATL,TEX,37.437264236469105,35.292616375189546,8.56,3.31,0.0,0.0,0.8,0.4,0.0
745757,2024,2024-04-22,mlb,NYY,ATH,44.207144275614574,34.09475376131578,3.96,4.38,0.0,0.0,0.4444444444444444,0.4,0.0
745514,2024,2024-04-21,mlb,PIT,BOS,33.29234677660162,38.86800370670956,4.53,4.14,0.0,0.0,0.2,0.5,0.0
746723,2024,2024-04-22,mlb,CIN,PHI,34.99879326068088,43.16553535983042,2.75,3.46,0.0,0.0,0.6,0.8,0.0
744866,2024,2024-04-21,mlb,WSN,HOU,31.19368572605881,40.14308703242572,4.29,3.49,0.0,0.0,0.5,0.3,1.0
746570,2024,2024-04-20,mlb,COL,SEA,33.99058268355197,37.3716377777957,6.17,3.64,2.0,2.0,0.2,0.5,0.0
746572,2024,2024-04-21,mlb,COL,SEA,33.99058268355197,37.3716377777957,6.17,4.75,0.0,0.0,0.2,0.6,
745760,2024,2024-04-20,mlb,NYY,TBR,44.207144275614574,29.994732830028948,3.77,3.59,0.0,0.0,0.5555555555555556,0.6,0.0
745921,2024,2024-04-20,mlb,MIN,DET,37.098878050832134,33.85687598284515,3.98,3.53,0.0,0.0,0.2222222222222222,0.5555555555555556,1.0
745190,2024,2024-04-20,mlb,STL,MIL,35.9530837512326,39.71667879174324,5.35,5.02,0.0,0.0,0.4,0.6,0.0
746893,2024,2024-04-20,mlb,CHC,MIA,37.61539330439464,28.39403698761079,3.73,5.0,0.0,0.0,0.6,0.3,0.0
744865,2024,2024-04-20,mlb,WSN,HOU,31.19368572605881,40.14308703242572,2.03,2.8,0.0,0.0,0.5,0.3,1.0
746156,2024,2024-04-20,mlb,LAD,NYM,45.45967339080953,40.69178993628106,3.53,2.55,0.0,0.0,0.4,0.8,0.0
745515,2024,2024-04-20,mlb,PIT,BOS,33.29234677660162,38.86800370670956,4.25,4.36,0.0,0.0,0.3,0.4,0.0
745354,2024,2024-04-20,mlb,SFG,ARI,34.51784541276469,42.34091311812466,4.56,3.65,0.0,0.0,0.5,0.6,1.0
745590,2024,2024-04-20,mlb,PHI,CHW,43.16553535983042,24.790135536386305,2.57,4.74,0.0,0.0,0.7,0.2,1.0
746651,2024,2024-04-20,mlb,CLE,ATH,37.46400988135876,34.09475376131578,5.73,5.26,0.0,0.0,0.6666666666666666,0.5,1.0
746726,2024,2024-04-20,mlb,CIN,LAA,34.99879326068088,32.63128486432322,5.24,5.08,0.0,0.0,0.5,0.3,1.0
746324,2024,2024-04-20,mlb,KCR,BAL,37.778201145217714,40.895008501092256,3.14,2.92,0.0,0.0,0.7,0.7,0.0
747135,2024,2024-04-20,mlb,ATL,TEX,37.437264236469105,35.292616375189546,4.19,3.8,0.0,0.0,0.7,0.5,1.0
745431,2024,2024-04-20,mlb,SDP,TOR,38.38776011314958,35.589362587194685,4.87,3.6,0.0,0.0,0.6,0.7,0.0
745519,2024,2024-04-22,mlb,PIT,MIL,33.29234677660162,39.71667879174324,4.14,3.77,0.0,0.0,0.2,0.7,1.0
745107,2024,2024-04-22,mlb,TBR,DET,29.994732830028948,33.85687598284515,3.63,2.39,0.0,0.0,0.5,0.4444444444444444,0.0
747134,2024,2024-04-22,mlb,ATL,MIA,37.437264236469105,28.39403698761079,6.52,3.63,0.0,0.0,0.7,0.4444444444444444,1.0
745348,2024,2024-04-23,mlb,SFG,NYM,34.51784541276469,40.69178993628106,3.47,3.91,0.0,0.0,0.6,0.7,1.0
745188,2024,2024-04-24,mlb,STL,ARI,35.9530837512326,42.34091311812466,4.24,6.23,0.0,0.0,0.3,0.5,1.0
745346,2024,2024-04-24,mlb,SFG,NYM,34.51784541276469,40.69178993628106,1.91,3.47,0.0,0.0,0.6,0.6,0.0
746244,2024,2024-04-24,mlb,LAA,BAL,32.63128486432322,40.895008501092256,3.81,4.1,0.0,0.0,0.3,0.7,0.0
746649,2024,2024-04-24,mlb,CLE,BOS,37.46400988135876,38.86800370670956,5.64,4.08,0.0,0.0,0.8888888888888888,0.6,0.0
746725,2024,2024-04-24,mlb,CIN,PHI,34.99879326068088,43.16553535983042,4.76,2.65,0.0,0.0,0.6,0.8,1.0
745513,2024,2024-04-24,mlb,PIT,MIL,33.29234677660162,39.71667879174324,4.02,4.04,0.0,0.0,0.3,0.5,0.0
744864,2024,2024-04-24,mlb,WSN,LAD,31.19368572605881,45.45967339080953,4.41,3.65,0.0,0.0,0.5,0.4,0.0
745099,2024,2024-04-24,mlb,TBR,DET,29.994732830028948,33.85687598284515,4.86,3.17,0.0,0.0,0.4,0.6,1.0
745753,2024,2024-04-24,mlb,NYY,ATH,44.207144275614574,34.09475376131578,2.85,6.42,0.0,0.0,0.4444444444444444,0.3,1.0
747132,2024,2024-04-24,mlb,ATL,MIA,37.437264236469105,28.39403698761079,1.99,6.06,0.0,0.0,0.8,0.3333333333333333,1.0
746889,2024,2024-04-24,mlb,CHC,HOU,37.61539330439464,40.14308703242572,3.27,4.53,0.0,0.0,0.6666666666666666,0.3,1.0
746317,2024,2024-04-24,mlb,KCR,TOR,37.778201145217714,35.589362587194685,4.53,4.47,0.0,0.0,0.5,0.7,1.0
745919,2024,2024-04-24,mlb,MIN,CHW,37.098878050832134,24.790135536386305,3.6,3.58,0.0,0.0,0.3333333333333333,0.1,1.0
745028,2024,2024-04-24,mlb,TEX,SEA,35.292616375189546,37.3716377777957,4.47,2.94,0.0,0.0,0.4,0.6666666666666666,1.0
746246,2024,2024-04-23,mlb,LAA,BAL,32.63128486432322,40.895008501092256,5.19,3.86,0.0,0.0,0.2,0.7,1.0
746566,2024,2024-04-23,mlb,COL,SDP,33.99058268355197,38.38776011314958,4.49,2.95,0.0,0.0,0.2222222222222222,0.6,1.0
745026,2024,2024-04-23,mlb,TEX,SEA,35.292616375189546,37.3716377777957,5.31,3.23,1.0,1.0,0.5,0.6666666666666666,0.0
745193,2024,2024-04-23,mlb,STL,ARI,35.9530837512326,42.34091311812466,5.08,7.04,0.0,0.0,0.4,0.5,0.0
746319,2024,2024-04-22,mlb,KCR,TOR,37.778201145217714,35.589362587194685,3.71,4.05,0.0,0.0,0.5,0.6,0.0
745916,2024,2024-04-22,mlb,MIN,CHW,37.098878050832134,24.790135536386305,4.99,4.49,0.0,0.0,0.2222222222222222,0.1,1.0
745191,2024,2024-04-22,mlb,STL,ARI,35.9530837512326,42.34091311812466,3.84,4.71,0.0,0.0,0.3,0.5,1.0
746565,2024,2024-04-22,mlb,COL,SDP,33.99058268355197,38.38776011314958,4.75,3.47,0.0,0.0,0.2222222222222222,0.6,0.0
746242,2024,2024-04-22,mlb,LAA,BAL,32.63128486432322,40.895008501092256,6.7,3.7,0.0,0.0,0.3,0.7,0.0
745351,2024,2024-04-22,mlb,SFG,NYM,34.51784541276469,40.69178993628106,7.16,3.75,0.0,0.0,0.5,0.8,1.0
746647,2024,2024-04-23,mlb,CLE,BOS,37.46400988135876,38.86800370670956,3.81,3.12,1.0,1.0,0.7777777777777778,0.6,1.0
745512,2024,2024-04-25,mlb,PIT,MIL,33.29234677660162,39.71667879174324,4.25,3.68,0.0,0.0,0.3,0.5,0.0
746722,2024,2024-04-23,mlb,CIN,PHI,34.99879326068088,43.16553535983042,3.72,3.32,0.0,0.0,0.6,0.8,1.0
744863,2024,2024-04-23,mlb,WSN,LAD,31.19368572605881,45.45967339080953,5.62,4.4,1.0,1.0,0.5,0.3,0.0
745102,2024,2024-04-23,mlb,TBR,DET,29.994732830028948,33.85687598284515,3.6,6.09,0.0,0.0,0.4,0.5555555555555556,0.0
745754,2024,2024-04-23,mlb,NYY,ATH,44.207144275614574,34.09475376131578,4.31,4.66,0.0,0.0,0.4444444444444444,0.4,1.0
747130,2024,2024-04-23,mlb,ATL,MIA,37.437264236469105,28.39403698761079,3.25,4.92,0.0,0.0,0.8,0.4444444444444444,1.0
746888,2024,2024-04-23,mlb,CHC,HOU,37.61539330439464,40.14308703242572,5.48,7.46,1.0,1.0,0.5555555555555556,0.3,1.0
746321,2024,2024-04-23,mlb,KCR,TOR,37.778201145217714,35.589362587194685,3.35,3.83,0.0,0.0,0.4,0.7,1.0
745917,2024,2024-04-23,mlb,MIN,CHW,37.098878050832134,24.790135536386305,4.08,3.3,0.0,0.0,0.3333333333333333,0.1,1.0
745516,2024,2024-04-23,mlb,PIT,MIL,33.29234677660162,39.71667879174324,4.43,3.0,0.0,0.0,0.3,0.6,1.0
745352,2024,2024-04-19,mlb,SFG,ARI,34.51784541276469,42.34091311812466,3.12,6.23,0.0,0.0,0.5,0.5,0.0
746239,2024,2024-04-30,mlb,LAA,PHI,32.63128486432322,43.16553535983042,3.81,2.65,0.0,0.0,0.2,0.7,0.0
745673,2024,2024-04-30,mlb,ATH,PIT,34.09475376131578,33.29234677660162,5.26,4.25,0.0,0.0,0.5,0.3,1.0
746312,2024,2024-05-08,mlb,KCR,MIL,37.778201145217714,39.71667879174324,3.71,3.77,0.0,0.0,0.4,0.4,1.0
746879,2024,2024-05-08,mlb,CHC,SDP,37.61539330439464,38.38776011314958,3.86,3.47,0.0,0.0,0.5,0.5,0.0
746151,2024,2024-05-08,mlb,LAD,MIA,45.45967339080953,28.39403698761079,3.53,3.63,0.0,0.0,0.8,0.4,1.0
745664,2024,2024-05-08,mlb,ATH,TEX,34.09475376131578,35.292616375189546,4.38,3.31,0.0,0.0,0.6,0.7,1.0
745659,2024,2024-05-08,mlb,ATH,TEX,34.09475376131578,35.292616375189546,3.41,8.83,0.0,0.0,0.7,0.7,0.0
746717,2024,2024-05-08,mlb,CIN,ARI,34.99879326068088,42.34091311812466,5.24,6.23,0.0,0.0,0.2,0.4,0.0
744858,2024,2024-05-08,mlb,WSN,BAL,31.19368572605881,40.895008501092256,4.29,2.75,0.0,0.0,0.7,0.7,0.0
745097,2024,2024-05-08,mlb,TBR,CHW,29.994732830028948,24.790135536386305,4.36,4.95,0.0,0.0,0.6,0.4,0.0
745749,2024,2024-05-08,mlb,NYY,HOU,44.207144275614574,40.14308703242572,3.96,4.53,0.0,0.0,0.7,0.5,1.0
747127,2024,2024-05-08,mlb,ATL,BOS,37.437264236469105,38.86800370670956,2.38,4.14,0.0,0.0,0.4,0.5,1.0
745906,2024,2024-05-08,mlb,MIN,SEA,37.098878050832134,37.3716377777957,4.99,3.53,0.0,0.0,0.8,0.6,1.0
746562,2024,2024-05-08,mlb,COL,SFG,33.99058268355197,34.51784541276469,5.72,4.1,0.0,0.0,0.2,0.3,0.0
745184,2024,2024-08-05,mlb,STL,NYM,35.9530837512326,40.69178993628106,3.84,3.75,0.0,0.0,0.4,0.5,
746715,2024,2024-05-09,mlb,CIN,ARI,34.99879326068088,42.34091311812466,2.75,6.66,0.0,0.0,0.2,0.5,0.0
745910,2024,2024-05-09,mlb,MIN,SEA,37.098878050832134,37.3716377777957,4.08,3.23,0.0,0.0,0.8,0.5,1.0
746640,2024,2024-05-08,mlb,CLE,DET,37.46400988135876,33.85687598284515,3.47,3.53,0.0,0.0,0.5,0.5,1.0
746563,2024,2024-05-09,mlb,COL,SFG,33.99058268355197,34.51784541276469,4.98,7.16,0.0,0.0,0.1,0.4,1.0
745584,2024,2024-05-08,mlb,PHI,TOR,43.16553535983042,35.589362587194685,3.57,4.16,0.0,0.0,0.9,0.3,0.0
746147,2024,2024-05-07,mlb,LAD,MIA,45.45967339080953,28.39403698761079,3.0,4.95,0.0,0.0,0.8,0.4,1.0
746149,2024,2024-05-06,mlb,LAD,MIA,45.45967339080953,28.39403698761079,5.38,6.53,0.0,0.0,0.8,0.4,1.0
745668,2024,2024-05-07,mlb,ATH,TEX,34.09475376131578,35.292616375189546,6.01,3.8,0.0,0.0,0.7,0.7,0.0
746638,2024,2024-05-07,mlb,CLE,DET,37.46400988135876,33.85687598284515,5.73,6.09,0.0,0.0,0.5,0.4,0.0
746718,2024,2024-05-07,mlb,CIN,ARI,34.99879326068088,42.34091311812466,4.84,3.65,1.0,1.0,0.2,0.3,0.0
745508,2024,2024-05-07,mlb,PIT,LAA,33.29234677660162,32.63128486432322,4.71,5.08,0.0,0.0,0.4,0.2,0.0
745586,2024,2024-05-07,mlb,PHI,TOR,43.16553535983042,35.589362587194685,3.32,3.6,0.0,1.0,0.9,0.3,1.0
744859,2024,2024-05-07,mlb,WSN,BAL,31.19368572605881,40.895008501092256,2.03,2.92,1.0,1.0,0.7,0.7,1.0
745095,2024,2024-05-07,mlb,TBR,CHW,29.994732830028948,24.790135536386305,3.59,4.74,0.0,0.0,0.5,0.5,1.0
745752,2024,2024-05-07,mlb,NYY,HOU,44.207144275614574,40.14308703242572,3.5,5.48,1.0,1.0,0.6,0.5,1.0
747126,2024,2024-05-07,mlb,ATL,BOS,37.437264236469105,38.86800370670956,1.99,4.36,1.0,1.0,0.4,0.5,1.0
746885,2024,2024-05-07,mlb,CHC,SDP,37.61539330439464,38.38776011314958,2.91,4.87,0.0,0.0,0.4,0.5,1.0
745915,2024,2024-05-07,mlb,MIN,SEA,37.098878050832134,37.3716377777957,3.98,4.75,0.0,0.0,0.9,0.6,0.0
746315,2024,2024-05-07,mlb,KCR,MIL,37.778201145217714,39.71667879174324,3.0,4.29,0.0,0.0,0.5,0.4,0.0
745186,2024,2024-05-07,mlb,STL,NYM,35.9530837512326,40.69178993628106,5.35,2.55,0.0,0.0,0.4,0.4,0.0
746559,2024,2024-05-07,mlb,COL,SFG,33.99058268355197,34.51784541276469,6.17,4.56,1.0,0.0,0.2,0.3,0.0
745507,2024,2024-05-08,mlb,PIT,LAA,33.29234677660162,32.63128486432322,4.53,3.42,0.0,0.0,0.4,0.3,0.0
745748,2024,2024-05-09,mlb,NYY,HOU,44.207144275614574,40.14308703242572,4.31,2.8,0.0,0.0,0.7,0.5,0.0
746802,2024,2024-05-09,mlb,CHW,CLE,24.790135536386305,37.46400988135876,3.3,3.81,0.0,0.0,0.4,0.5,1.0
745995,2024,2024-05-09,mlb,MIL,STL,39.71667879174324,35.9530837512326,3.0,3.84,0.0,1.0,0.4,0.3,1.0
745828,2024,2024-05-11,mlb,NYM,ATL,40.69178993628106,37.437264236469105,4.56,3.25,0.0,0.0,0.4,0.5,0.0
746069,2024,2024-05-11,mlb,MIA,PHI,28.39403698761079,43.16553535983042,5.0,7.1,0.0,0.0,0.4,0.8,0.0
745096,2024,2024-05-11,mlb,TBR,NYY,29.994732830028948,44.207144275614574,3.63,3.77,0.0,0.0,0.6,0.7,1.0
746480,2024,2024-05-11,mlb,DET,HOU,33.85687598284515,40.14308703242572,2.39,3.89,0.0,0.0,0.3,0.5,1.0
746797,2024,2024-05-11,mlb,CHW,CLE,24.790135536386305,37.46400988135876,6.75,5.11,0.0,0.0,0.5,0.5,1.0
745344,2024,2024-05-11,mlb,SFG,CIN,34.51784541276469,34.99879326068088,6.44,4.76,0.0,0.0,0.3,0.2,1.0
745994,2024,2024-05-11,mlb,MIL,STL,39.71667879174324,35.9530837512326,3.68,4.24,0.0,0.0,0.6,0.2,1.0
746554,2024,2024-05-11,mlb,COL,TEX,33.99058268355197,35.292616375189546,4.49,4.28,0.0,0.0,0.3,0.6,1.0
745422,2024,2024-05-11,mlb,SDP,LAD,38.38776011314958,45.45967339080953,4.91,4.4,0.0,0.0,0.7,0.8,0.0
746232,2024,2024-05-11,mlb,LAA,KCR,32.63128486432322,37.778201145217714,3.81,3.14,0.0,0.0,0.3,0.7,1.0
745262,2024,2024-05-11,mlb,SEA,ATH,37.3716377777957,34.09475376131578,2.94,5.01,0.0,0.0,0.5,0.5,0.0
747042,2024,2024-05-12,mlb,BAL,ARI,40.895008501092256,42.34091311812466,4.1,3.65,0.0,0.0,0.8,0.5,0.0
746965,2024,2024-05-12,mlb,BOS,WSN,38.86800370670956,31.19368572605881,4.49,3.9,0.0,0.0,0.4,0.5,1.0
745499,2024,2024-05-12,mlb,PIT,CHC,33.29234677660162,37.61539330439464,4.43,5.92,0.0,0.0,0.4,0.5,0.0
744941,2024,2024-05-12,mlb,TOR,MIN,35.589362587194685,37.098878050832134,3.7,3.98,0.0,0.0,0.4,0.7,0.0
746963,2024,2024-05-11,mlb,BOS,WSN,38.86800370670956,31.19368572605881,4.08,4.41,0.0,0.0,0.4,0.6,1.0
745505,2024,2024-05-11,mlb,PIT,CHC,33.29234677660162,37.61539330439464,1.96,3.07,0.0,0.0,0.3,0.5,1.0
747041,2024,2024-05-11,mlb,BAL,ARI,40.895008501092256,42.34091311812466,2.61,4.24,0.0,0.0,0.8,0.5,1.0
744943,2024,2024-05-11,mlb,TOR,MIN,35.589362587194685,37.098878050832134,3.83,4.17,0.0,0.0,0.4,0.8,1.0
746241,2024,2024-05-09,mlb,LAA,KCR,32.63128486432322,37.778201145217714,6.7,3.35,0.0,0.0,0.4,0.5,0.0
746479,2024,2024-05-10,mlb,DET,HOU,33.85687598284515,40.14308703242572,4.49,2.91,1.0,0.0,0.4,0.5,0.0
745506,2024,2024-05-10,mlb,PIT,CHC,33.29234677660162,37.61539330439464,4.14,3.73,1.0,1.0,0.3,0.5,0.0
745094,2024,2024-05-10,mlb,TBR,NYY,29.994732830028948,44.207144275614574,4.11,2.85,1.0,0.0,0.6,0.6,0.0
747043,2024,2024-05-10,mlb,BAL,ARI,40.895008501092256,42.34091311812466,5.11,4.71,1.0,0.0,0.7,0.6,1.0
744940,2024,2024-05-10,mlb,TOR,MIN,35.589362587194685,37.098878050832134,4.05,3.6,1.0,0.0,0.4,0.8,0.0
746964,2024,2024-05-10,mlb,BOS,WSN,38.86800370670956,31.19368572605881,3.12,5.62,1.0,1.0,0.5,0.6,0.0
745669,2024,2024-05-06,mlb,ATH,TEX,34.09475376131578,35.292616375189546,5.26,4.28,0.0,0.0,0.8,0.6,0.0
745827,2024,2024-05-10,mlb,NYM,ATL,40.69178993628106,37.437264236469105,3.75,4.19,2.0,1.0,0.5,0.4,0.0
746801,2024,2024-05-10,mlb,CHW,CLE,24.790135536386305,37.46400988135876,3.58,5.64,0.0,0.0,0.4,0.5,1.0
745993,2024,2024-05-10,mlb,MIL,STL,39.71667879174324,35.9530837512326,2.57,3.84,0.0,0.0,0.5,0.2,1.0
746553,2024,2024-05-10,mlb,COL,TEX,33.99058268355197,35.292616375189546,4.75,4.47,0.0,1.0,0.2,0.7,1.0
746240,2024,2024-05-10,mlb,LAA,KCR,32.63128486432322,37.778201145217714,5.19,4.53,0.0,0.0,0.4,0.6,0.0
745421,2024,2024-05-10,mlb,SDP,LAD,38.38776011314958,45.45967339080953,2.95,3.49,1.0,1.0,0.6,0.8,1.0
745264,2024,2024-05-10,mlb,SEA,ATH,37.3716377777957,34.09475376131578,2.89,4.66,0.0,1.0,0.5,0.6,1.0
745340,2024,2024-05-10,mlb,SFG,CIN,34.51784541276469,34.99879326068088,3.47,3.72,0.0,0.0,0.3,0.1,0.0
746071,2024,2024-05-10,mlb,MIA,PHI,28.39403698761079,43.16553535983042,4.92,3.46,1.0,1.0,0.4,0.8,0.0
747210,2024,2024-04-30,mlb,ARI,LAD,42.34091311812466,45.45967339080953,8.15,3.65,0.0,0.0,0.4,0.7,1.0
745182,2024,2024-05-06,mlb,STL,NYM,35.9530837512326,40.69178993628106,4.24,3.47,0.0,0.0,0.5,0.3,0.0
746886,2024,2024-05-06,mlb,CHC,SDP,37.61539330439464,38.38776011314958,3.07,3.31,0.0,0.0,0.5,0.4,0.0
745830,2024,2024-05-02,mlb,NYM,CHC,40.69178993628106,37.61539330439464,5.84,3.58,0.0,0.0,0.3,0.6,1.0
746969,2024,2024-05-02,mlb,BOS,SFG,38.86800370670956,34.51784541276469,4.14,4.56,0.0,0.0,0.7,0.5,0.0
745021,2024,2024-05-02,mlb,TEX,WSN,35.292616375189546,31.19368572605881,3.8,4.29,0.0,0.0,0.5,0.6,1.0
746403,2024,2024-05-02,mlb,HOU,CLE,40.14308703242572,37.46400988135876,4.53,5.73,0.0,0.0,0.4,0.6,1.0
746890,2024,2024-05-03,mlb,CHC,MIL,37.61539330439464,39.71667879174324,3.86,3.77,0.0,1.0,0.6,0.5,0.0
746721,2024,2024-05-03,mlb,CIN,BAL,34.99879326068088,40.895008501092256,2.75,5.11,1.0,0.0,0.4,0.6,0.0
745510,2024,2024-05-03,mlb,PIT,COL,33.29234677660162,33.99058268355197,4.53,4.98,1.0,0.0,0.3,0.2222222222222222,0.0
745589,2024,2024-05-03,mlb,PHI,SFG,43.16553535983042,34.51784541276469,3.57,4.1,1.0,0.0,0.7,0.5,1.0
744868,2024,2024-05-03,mlb,WSN,TOR,31.19368572605881,35.589362587194685,5.62,4.05,0.0,1.0,0.5,0.3,1.0
745101,2024,2024-05-03,mlb,TBR,NYM,29.994732830028948,40.69178993628106,4.36,3.75,1.0,0.0,0.2,0.4,1.0
745756,2024,2024-05-03,mlb,NYY,DET,44.207144275614574,33.85687598284515,4.31,3.53,0.0,1.0,0.5,0.7,1.0
746645,2024,2024-05-03,mlb,CLE,LAA,37.46400988135876,32.63128486432322,3.47,3.42,0.0,1.0,0.5,0.2,0.0
746318,2024,2024-05-03,mlb,KCR,TEX,37.778201145217714,35.292616375189546,3.71,3.31,1.0,0.0,0.6,0.6,1.0
746402,2024,2024-05-03,mlb,HOU,SEA,40.14308703242572,37.3716377777957,2.8,3.53,0.0,1.0,0.4,0.6666666666666666,1.0
745914,2024,2024-05-03,mlb,MIN,BOS,37.098878050832134,38.86800370670956,4.99,3.12,1.0,0.0,1.0,0.6,1.0
747044,2024,2024-05-02,mlb,BAL,NYY,40.895008501092256,44.207144275614574,2.75,3.96,0.0,0.0,0.6,0.5,1.0
745187,2024,2024-05-03,mlb,STL,CHW,35.9530837512326,24.790135536386305,3.84,5.44,1.0,1.0,0.5,0.3,1.0
746070,2024,2024-05-02,mlb,MIA,COL,28.39403698761079,33.99058268355197,4.95,5.72,0.0,0.0,0.3,0.3333333333333333,1.0
746399,2024,2024-05-01,mlb,HOU,CLE,40.14308703242572,37.46400988135876,5.48,5.11,0.0,0.0,0.4,0.6,0.0
745426,2024,2024-04-30,mlb,SDP,CIN,38.38776011314958,34.99879326068088,3.31,3.1,0.0,0.0,0.3,0.6,1.0
745260,2024,2024-04-30,mlb,SEA,ATL,37.3716377777957,37.437264236469105,3.64,1.99,0.0,0.0,0.6666666666666666,0.7,1.0
746478,2024,2024-05-01,mlb,DET,STL,33.85687598284515,35.9530837512326,6.09,5.35,0.0,0.0,0.6,0.5,1.0
745996,2024,2024-05-01,mlb,MIL,TBR,39.71667879174324,29.994732830028948,4.29,3.59,0.0,0.0,0.5,0.3,1.0
746800,2024,2024-05-01,mlb,CHW,MIN,24.790135536386305,37.098878050832134,4.95,3.98,0.0,0.0,0.3,0.9,0.0
744939,2024,2024-05-01,mlb,TOR,KCR,35.589362587194685,37.778201145217714,4.16,3.0,0.0,0.0,0.3,0.5,0.0
745670,2024,2024-05-01,mlb,ATH,PIT,34.09475376131578,33.29234677660162,6.01,4.71,0.0,0.0,0.6,0.3,1.0
745261,2024,2024-05-01,mlb,SEA,ATL,37.3716377777957,37.437264236469105,4.75,2.38,0.0,0.0,0.6666666666666666,0.6,0.0
746238,2024,2024-05-01,mlb,LAA,PHI,32.63128486432322,43.16553535983042,5.08,2.57,0.0,0.0,0.2,0.7,0.0
745423,2024,2024-05-01,mlb,SDP,CIN,38.38776011314958,34.99879326068088,3.88,5.24,0.0,0.0,0.4,0.5,1.0
747048,2024,2024-05-01,mlb,BAL,NYY,40.895008501092256,44.207144275614574,2.92,3.5,0.0,0.0,0.7,0.5,0.0
746072,2024,2024-05-01,mlb,MIA,COL,28.39403698761079,33.99058268355197,6.53,6.17,0.0,0.0,0.2222222222222222,0.3333333333333333,1.0
745829,2024,2024-05-01,mlb,NYM,CHC,40.69178993628106,37.61539330439464,2.55,2.91,0.0,0.0,0.4,0.5555555555555556,0.0
746966,2024,2024-05-01,mlb,BOS,SFG,38.86800370670956,34.51784541276469,4.36,3.88,0.0,0.0,0.7,0.5,1.0
745023,2024,2024-05-01,mlb,TEX,WSN,35.292616375189546,31.19368572605881,4.28,2.03,0.0,0.0,0.5,0.6,0.0
747207,2024,2024-05-01,mlb,ARI,LAD,42.34091311812466,45.45967339080953,6.23,3.0,0.0,0.0,0.4,0.7,0.0
747208,2024,2024-05-03,mlb,ARI,SDP,42.34091311812466,38.38776011314958,6.66,3.47,1.0,1.0,0.4,0.4,0.0
745665,2024,2024-05-03,mlb,ATH,MIA,34.09475376131578,28.39403698761079,4.38,3.63,1.0,0.0,0.7,0.3,1.0
746152,2024,2024-05-03,mlb,LAD,ATL,45.45967339080953,37.437264236469105,3.53,4.19,1.0,1.0,0.8,0.6,1.0
746395,2024,2024-05-05,mlb,HOU,SEA,40.14308703242572,37.3716377777957,3.49,2.94,0.0,0.0,0.5,0.6,0.0
746314,2024,2024-05-05,mlb,KCR,TEX,37.778201145217714,35.292616375189546,3.32,4.47,0.0,0.0,0.6,0.6,0.0
745913,2024,2024-05-05,mlb,MIN,BOS,37.098878050832134,38.86800370670956,3.6,4.08,0.0,0.0,1.0,0.5,0.0
745185,2024,2024-05-05,mlb,STL,CHW,35.9530837512326,24.790135536386305,4.4,3.58,0.0,0.0,0.5,0.4,0.0
746883,2024,2024-05-05,mlb,CHC,MIL,37.61539330439464,39.71667879174324,3.73,3.68,0.0,0.0,0.5,0.6,1.0
745667,2024,2024-05-05,mlb,ATH,MIA,34.09475376131578,28.39403698761079,6.42,6.06,0.0,0.0,0.8,0.3,0.0
746719,2024,2024-05-05,mlb,CIN,BAL,34.99879326068088,40.895008501092256,4.76,4.1,0.0,0.0,0.3,0.7,0.0
747206,2024,2024-05-05,mlb,ARI,SDP,42.34091311812466,38.38776011314958,4.24,4.91,0.0,0.0,0.3,0.5,1.0
746153,2024,2024-05-05,mlb,LAD,ATL,45.45967339080953,37.437264236469105,4.4,3.25,0.0,0.0,0.8,0.5,1.0
745587,2024,2024-05-05,mlb,PHI,SFG,43.16553535983042,34.51784541276469,7.1,3.47,0.0,0.0,0.8,0.4,1.0
745585,2024,2024-05-06,mlb,PHI,SFG,43.16553535983042,34.51784541276469,2.57,6.44,0.0,0.0,0.9,0.3,1.0
746639,2024,2024-05-06,mlb,CLE,DET,37.46400988135876,33.85687598284515,5.11,3.17,0.0,0.0,0.5,0.4,1.0
745509,2024,2024-05-06,mlb,PIT,LAA,33.29234677660162,32.63128486432322,4.25,3.81,0.0,0.0,0.3,0.2,1.0
745098,2024,2024-05-06,mlb,TBR,CHW,29.994732830028948,24.790135536386305,5.1,6.75,0.0,0.0,0.5,0.5,1.0
746313,2024,2024-05-06,mlb,KCR,MIL,37.778201145217714,39.71667879174324,3.14,4.04,0.0,0.0,0.5,0.5,1.0
745103,2024,2024-05-05,mlb,TBR,NYM,29.994732830028948,40.69178993628106,3.6,3.91,0.0,0.0,0.4,0.4,1.0
746643,2024,2024-05-05,mlb,CLE,LAA,37.46400988135876,32.63128486432322,5.64,5.19,0.0,0.0,0.4,0.3,1.0
745751,2024,2024-05-05,mlb,NYY,DET,44.207144275614574,33.85687598284515,3.77,2.39,0.0,0.0,0.5,0.5,1.0
744861,2024,2024-05-05,mlb,WSN,TOR,31.19368572605881,35.589362587194685,3.9,3.7,0.0,0.0,0.6,0.3,1.0
745750,2024,2024-05-04,mlb,NYY,DET,44.207144275614574,33.85687598284515,2.85,4.49,0.0,0.0,0.5,0.6,1.0
745911,2024,2024-05-04,mlb,MIN,BOS,37.098878050832134,38.86800370670956,4.08,4.06,0.0,0.0,1.0,0.5,1.0
745183,2024,2024-05-04,mlb,STL,CHW,35.9530837512326,24.790135536386305,3.84,3.3,0.0,0.0,0.6,0.3,0.0
746884,2024,2024-05-04,mlb,CHC,MIL,37.61539330439464,39.71667879174324,3.27,3.0,0.0,0.0,0.5,0.6,1.0
745511,2024,2024-05-04,mlb,PIT,COL,33.29234677660162,33.99058268355197,4.14,4.75,0.0,0.0,0.2,0.3,1.0
744862,2024,2024-05-04,mlb,WSN,TOR,31.19368572605881,35.589362587194685,4.41,3.83,0.0,0.0,0.6,0.2,0.0
745666,2024,2024-05-04,mlb,ATH,MIA,34.09475376131578,28.39403698761079,4.66,4.92,0.0,0.0,0.7,0.3,1.0
745912,2024,2024-05-06,mlb,MIN,SEA,37.098878050832134,37.3716377777957,4.17,3.64,0.0,0.0,0.9,0.7,1.0
745583,2024,2024-05-04,mlb,PHI,SFG,43.16553535983042,34.51784541276469,3.46,7.16,0.0,0.0,0.7,0.5,1.0
746720,2024,2024-05-04,mlb,CIN,BAL,34.99879326068088,40.895008501092256,3.72,2.61,0.0,0.0,0.4,0.6,0.0
746311,2024,2024-05-04,mlb,KCR,TEX,37.778201145217714,35.292616375189546,3.35,5.31,0.0,0.0,0.7,0.5,0.0
746394,2024,2024-05-04,mlb,HOU,SEA,40.14308703242572,37.3716377777957,2.91,3.23,0.0,0.0,0.5,0.6,0.0
745100,2024,2024-05-04,mlb,TBR,NYM,29.994732830028948,40.69178993628106,3.63,4.56,0.0,0.0,0.3,0.4,1.0
747209,2024,2024-05-04,mlb,ARI,SDP,42.34091311812466,38.38776011314958,4.71,2.95,0.0,0.0,0.3,0.4,0.0
746155,2024,2024-05-04,mlb,LAD,ATL,45.45967339080953,37.437264236469105,3.49,6.52,0.0,0.0,0.8,0.6,1.0
745504,2024,2024-05-05,mlb,PIT,COL,33.29234677660162,33.99058268355197,4.43,4.49,0.0,0.0,0.2,0.3,1.0
746644,2024,2024-05-04,mlb,CLE,LAA,37.46400988135876,32.63128486432322,3.81,6.7,0.0,0.0,0.4,0.3,1.0
746160,2024,2024-04-19,mlb,LAD,NYM,45.45967339080953,40.69178993628106,3.0,3.47,1.0,1.0,0.4,0.8,0.0
745430,2024,2024-04-19,mlb,SDP,TOR,38.38776011314958,35.589362587194685,4.91,4.47,1.0,1.0,0.6,0.6,0.0
745189,2024,2024-04-19,mlb,STL,MIL,35.9530837512326,39.71667879174324,4.24,3.68,1.0,1.0,0.4,0.6,0.0
746163,2024,2024-04-03,mlb,LAD,SFG,45.45967339080953,34.51784541276469,3.49,4.56,0.0,0.0,0.75,0.3333333333333333,1.0
746816,2024,2024-06-27,mlb,CHW,ATL,24.790135536386305,37.437264236469105,6.63,7.0,0.0,0.0,0.2,0.5555555555555556,
745843,2024,2024-04-04,mlb,NYM,DET,40.69178993628106,33.85687598284515,2.55,4.88,2.0,2.0,0.0,1.0,1.0
744870,2024,2024-04-04,mlb,WSN,PIT,31.19368572605881,33.29234677660162,14.04,4.53,0.0,0.0,0.4,0.8333333333333334,0.0
745928,2024,2024-04-04,mlb,MIN,CLE,37.098878050832134,37.46400988135876,4.08,3.47,0.0,0.0,0.6,0.7142857142857143,0.0
745200,2024,2024-04-04,mlb,STL,MIA,35.9530837512326,28.39403698761079,3.84,3.63,0.0,0.0,0.42857142857142855,0.0,1.0
746327,2024,2024-04-04,mlb,KCR,CHW,37.778201145217714,24.790135536386305,3.0,4.74,0.0,1.0,0.3333333333333333,0.2,1.0
745764,2024,2024-04-05,mlb,NYY,TOR,44.207144275614574,35.589362587194685,4.31,4.05,1.0,1.0,0.8571428571428571,0.42857142857142855,0.0
746497,2024,2024-04-05,mlb,DET,ATH,33.85687598284515,34.09475376131578,2.39,4.38,0.0,1.0,0.8,0.14285714285714285,1.0
746897,2024,2024-04-05,mlb,CHC,LAD,37.61539330439464,45.45967339080953,5.92,8.52,1.0,1.0,0.6666666666666666,0.7777777777777778,1.0
746576,2024,2024-04-05,mlb,COL,TBR,33.99058268355197,29.994732830028948,4.75,3.63,1.0,1.0,0.14285714285714285,0.42857142857142855,1.0
745524,2024,2024-04-05,mlb,PIT,BAL,33.29234677660162,40.895008501092256,4.14,3.86,0.0,1.0,0.8571428571428571,0.6666666666666666,0.0
745361,2024,2024-04-05,mlb,SFG,SDP,34.51784541276469,38.38776011314958,4.1,3.47,1.0,1.0,0.2857142857142857,0.4444444444444444,1.0
746407,2024,2024-04-03,mlb,HOU,TOR,40.14308703242572,35.589362587194685,3.89,4.16,0.0,0.0,0.16666666666666666,0.5,1.0
746733,2024,2024-04-05,mlb,CIN,NYM,34.99879326068088,40.69178993628106,2.75,3.75,1.0,0.0,0.6666666666666666,0.2,0.0
746900,2024,2024-04-03,mlb,CHC,COL,37.61539330439464,33.99058268355197,3.46,4.98,0.0,0.0,0.6,0.16666666666666666,1.0
745440,2024,2024-04-03,mlb,SDP,STL,38.38776011314958,35.9530837512326,3.88,9.53,0.0,0.0,0.375,0.5,1.0
746411,2024,2024-04-02,mlb,HOU,TOR,40.14308703242572,35.589362587194685,2.91,3.6,0.0,0.0,0.2,0.4,0.0
745680,2024,2024-04-02,mlb,ATH,BOS,34.09475376131578,38.86800370670956,5.26,4.49,0.0,0.0,0.2,0.6,0.0
745273,2024,2024-04-02,mlb,SEA,CLE,37.3716377777957,37.46400988135876,3.64,0.0,0.0,0.0,0.6,0.6,0.0
745439,2024,2024-04-02,mlb,SDP,STL,38.38776011314958,35.9530837512326,3.31,5.35,0.0,0.0,0.42857142857142855,0.4,0.0
747220,2024,2024-04-02,mlb,ARI,NYY,42.34091311812466,44.207144275614574,3.65,3.77,0.0,0.0,0.6,1.0,1.0
746169,2024,2024-04-02,mlb,LAD,SFG,45.45967339080953,34.51784541276469,3.54,3.47,0.0,0.0,0.7142857142857143,0.4,1.0
745844,2024,2024-04-04,mlb,NYM,DET,40.69178993628106,33.85687598284515,5.84,4.49,0.0,0.0,0.2,0.8,
747059,2024,2024-04-03,mlb,BAL,KCR,40.895008501092256,37.778201145217714,2.92,3.14,0.0,0.0,0.6,0.4,1.0
745114,2024,2024-04-03,mlb,TBR,TEX,29.994732830028948,35.292616375189546,4.36,3.8,0.0,0.0,0.5,0.6,0.0
746083,2024,2024-04-03,mlb,MIA,LAA,28.39403698761079,32.63128486432322,3.15,5.08,0.0,0.0,0.0,0.6,0.0
746008,2024,2024-04-03,mlb,MIL,MIN,39.71667879174324,37.098878050832134,3.77,4.99,0.0,0.0,1.0,0.5,0.0
745678,2024,2024-04-03,mlb,ATH,BOS,34.09475376131578,38.86800370670956,6.01,4.14,0.0,0.0,0.16666666666666666,0.6666666666666666,0.0
747219,2024,2024-04-03,mlb,ARI,NYY,42.34091311812466,44.207144275614574,4.03,3.96,0.0,0.0,0.6666666666666666,0.8333333333333334,0.0
745603,2024,2024-04-03,mlb,PHI,CIN,43.16553535983042,34.99879326068088,2.57,4.84,0.0,0.0,0.5,0.6,0.0
745275,2024,2024-04-03,mlb,SEA,CLE,37.3716377777957,37.46400988135876,3.53,5.73,0.0,0.0,0.5,0.6666666666666666,0.0
744869,2024,2024-04-03,mlb,WSN,PIT,31.19368572605881,33.29234677660162,2.03,4.25,1.0,1.0,0.25,1.0,1.0
744874,2024,2024-04-05,mlb,WSN,PHI,31.19368572605881,43.16553535983042,5.62,3.57,0.0,1.0,0.3333333333333333,0.4,0.0
747143,2024,2024-04-05,mlb,ATL,ARI,37.437264236469105,42.34091311812466,7.0,7.04,2.0,1.0,0.5,0.5714285714285714,1.0
746328,2024,2024-04-05,mlb,KCR,CHW,37.778201145217714,24.790135536386305,3.71,3.3,0.0,0.0,0.42857142857142855,0.16666666666666666,1.0
747141,2024,2024-04-07,mlb,ATL,ARI,37.437264236469105,42.34091311812466,2.38,4.24,0.0,0.0,0.6666666666666666,0.4444444444444444,1.0
745765,2024,2024-04-07,mlb,NYY,TOR,44.207144275614574,35.589362587194685,3.5,3.3,0.0,0.0,0.7777777777777778,0.4444444444444444,1.0
746734,2024,2024-04-07,mlb,CIN,NYM,34.99879326068088,40.69178993628106,3.72,3.47,0.0,0.0,0.625,0.2857142857142857,0.0
746493,2024,2024-04-07,mlb,DET,ATH,33.85687598284515,34.09475376131578,3.17,6.42,0.0,0.0,0.7142857142857143,0.2222222222222222,0.0
746330,2024,2024-04-07,mlb,KCR,CHW,37.778201145217714,24.790135536386305,4.53,3.58,0.0,0.0,0.5555555555555556,0.125,1.0
746003,2024,2024-04-07,mlb,MIL,SEA,39.71667879174324,37.3716377777957,4.29,4.75,0.0,0.0,0.7142857142857143,0.4444444444444444,1.0
745198,2024,2024-04-07,mlb,STL,MIA,35.9530837512326,28.39403698761079,4.24,5.68,0.0,0.0,0.5555555555555556,0.0,0.0
746895,2024,2024-04-07,mlb,CHC,LAD,37.61539330439464,45.45967339080953,2.91,3.53,0.0,0.0,0.625,0.7,1.0
746574,2024,2024-04-07,mlb,COL,TBR,33.99058268355197,29.994732830028948,6.17,3.6,0.0,0.0,0.2222222222222222,0.4444444444444444,0.0
745362,2024,2024-04-07,mlb,SFG,SDP,34.51784541276469,38.38776011314958,3.47,4.91,0.0,0.0,0.3333333333333333,0.5,1.0
746251,2024,2024-04-07,mlb,LAA,BOS,32.63128486432322,38.86800370670956,6.75,3.12,0.0,0.0,0.625,0.6666666666666666,0.0
745032,2024,2024-04-07,mlb,TEX,HOU,35.292616375189546,40.14308703242572,5.31,2.8,0.0,0.0,0.75,0.2222222222222222,0.0
745927,2024,2024-08-09,mlb,MIN,CLE,37.098878050832134,37.46400988135876,3.98,5.11,0.0,0.0,0.6,0.4,
746654,2024,2024-04-08,mlb,CLE,CHW,37.46400988135876,24.790135536386305,5.11,3.98,1.0,0.0,0.7777777777777778,0.1111111111111111,1.0
745761,2024,2024-04-08,mlb,NYY,MIA,44.207144275614574,28.39403698761079,3.77,5.0,0.0,0.0,0.8,0.1,1.0
744871,2024,2024-04-07,mlb,WSN,PHI,31.19368572605881,43.16553535983042,3.9,3.32,0.0,0.0,0.25,0.5714285714285714,1.0
745523,2024,2024-04-07,mlb,PIT,BAL,33.29234677660162,40.895008501092256,4.54,4.1,0.0,0.0,0.7777777777777778,0.625,1.0
746248,2024,2024-04-06,mlb,LAA,BOS,32.63128486432322,38.86800370670956,6.7,1.96,0.0,0.0,0.5714285714285714,0.75,1.0
745359,2024,2024-04-06,mlb,SFG,SDP,34.51784541276469,38.38776011314958,7.16,2.95,0.0,0.0,0.375,0.4,0.0
745033,2024,2024-04-05,mlb,TEX,HOU,35.292616375189546,40.14308703242572,3.54,3.49,1.0,1.0,0.6666666666666666,0.2857142857142857,1.0
746007,2024,2024-04-05,mlb,MIL,SEA,39.71667879174324,37.3716377777957,3.68,3.23,1.0,1.0,0.8,0.42857142857142855,1.0
746249,2024,2024-04-05,mlb,LAA,BOS,32.63128486432322,38.86800370670956,5.19,4.36,1.0,1.0,0.6666666666666666,0.7142857142857143,0.0
746498,2024,2024-04-06,mlb,DET,ATH,33.85687598284515,34.09475376131578,6.09,4.66,0.0,0.0,0.8333333333333334,0.125,0.0
745926,2024,2024-04-06,mlb,MIN,CLE,37.098878050832134,37.46400988135876,3.6,5.64,1.0,1.0,0.5,0.75,0.0
745197,2024,2024-04-06,mlb,STL,MIA,35.9530837512326,28.39403698761079,5.08,4.92,1.0,1.0,0.5,0.0,1.0
746896,2024,2024-04-06,mlb,CHC,LAD,37.61539330439464,45.45967339080953,5.48,3.0,0.0,0.0,0.7142857142857143,0.7,0.0
746814,2024,2024-04-02,mlb,CHW,ATL,24.790135536386305,37.437264236469105,3.58,1.99,0.0,0.0,0.0,0.6666666666666666,1.0
745522,2024,2024-04-06,mlb,PIT,BAL,33.29234677660162,40.895008501092256,4.43,5.87,0.0,0.0,0.75,0.7142857142857143,1.0
746731,2024,2024-04-06,mlb,CIN,NYM,34.99879326068088,40.69178993628106,3.1,3.91,0.0,0.0,0.5714285714285714,0.3333333333333333,1.0
745031,2024,2024-04-06,mlb,TEX,HOU,35.292616375189546,40.14308703242572,4.47,7.46,0.0,0.0,0.7142857142857143,0.25,1.0
745766,2024,2024-04-06,mlb,NYY,TOR,44.207144275614574,35.589362587194685,2.85,3.83,0.0,0.0,0.75,0.5,1.0
746329,2024,2024-04-06,mlb,KCR,CHW,37.778201145217714,24.790135536386305,3.35,4.95,0.0,0.0,0.5,0.14285714285714285,1.0
746006,2024,2024-04-06,mlb,MIL,SEA,39.71667879174324,37.3716377777957,5.02,2.94,0.0,0.0,0.8333333333333334,0.375,0.0
747140,2024,2024-04-06,mlb,ATL,ARI,37.437264236469105,42.34091311812466,3.25,4.71,0.0,0.0,0.6,0.5,1.0
746575,2024,2024-04-06,mlb,COL,TBR,33.99058268355197,29.994732830028948,4.49,5.1,0.0,0.0,0.25,0.375,0.0
744873,2024,2024-04-06,mlb,WSN,PHI,31.19368572605881,43.16553535983042,4.41,3.46,0.0,0.0,0.2857142857142857,0.5,0.0
745520,2024,2024-04-08,mlb,PIT,DET,33.29234677660162,33.85687598284515,4.25,3.53,0.0,0.0,0.8,0.625,1.0
746898,2024,2024-04-02,mlb,CHC,COL,37.61539330439464,33.99058268355197,3.73,5.24,0.0,0.0,0.5,0.2,1.0
746086,2024,2024-04-02,mlb,MIA,LAA,28.39403698761079,32.63128486432322,5.0,3.81,0.0,0.0,0.0,0.5,0.0
746091,2024,2024-03-29,mlb,MIA,PIT,28.39403698761079,33.29234677660162,3.15,4.53,0.0,0.0,0.0,1.0,0.0
746412,2024,2024-03-29,mlb,HOU,NYY,40.14308703242572,44.207144275614574,3.89,3.96,0.0,0.0,0.0,1.0,0.0
747223,2024,2024-03-29,mlb,ARI,COL,42.34091311812466,33.99058268355197,4.03,4.98,0.0,0.0,1.0,0.0,1.0
745682,2024,2024-03-29,mlb,ATH,CLE,34.09475376131578,37.46400988135876,6.01,5.73,0.0,0.0,0.0,1.0,0.0
745276,2024,2024-03-29,mlb,SEA,BOS,37.3716377777957,38.86800370670956,3.53,4.14,0.0,0.0,0.0,1.0,1.0
745435,2024,2024-03-29,mlb,SDP,SFG,38.38776011314958,34.51784541276469,3.88,4.56,0.0,0.0,0.6666666666666666,0.0,0.0
746167,2024,2024-03-29,mlb,LAD,STL,45.45967339080953,35.9530837512326,8.52,9.53,0.0,0.0,0.6666666666666666,0.0,1.0
745850,2024,2024-03-30,mlb,NYM,MIL,40.69178993628106,39.71667879174324,3.91,5.02,0.0,0.0,0.0,1.0,0.0
746818,2024,2024-03-30,mlb,CHW,DET,24.790135536386305,33.85687598284515,4.74,6.09,1.0,1.0,0.0,1.0,0.0
747063,2024,2024-03-30,mlb,BAL,LAA,40.895008501092256,32.63128486432322,3.86,5.19,1.0,1.0,1.0,0.0,1.0
745599,2024,2024-03-30,mlb,PHI,ATL,43.16553535983042,37.437264236469105,3.57,3.25,0.0,0.0,,,0.0
745684,2024,2024-03-30,mlb,ATH,CLE,34.09475376131578,37.46400988135876,4.38,3.47,0.0,0.0,0.0,1.0,0.0
746736,2024,2024-03-30,mlb,CIN,WSN,34.99879326068088,31.19368572605881,2.75,5.62,1.0,1.0,1.0,0.0,0.0
745119,2024,2024-03-30,mlb,TBR,TOR,29.994732830028948,35.589362587194685,3.63,4.05,0.0,0.0,0.5,0.5,1.0
746333,2024,2024-03-30,mlb,KCR,MIN,37.778201145217714,37.098878050832134,3.0,3.6,1.0,1.0,0.0,1.0,0.0
745117,2024,2024-03-29,mlb,TBR,TOR,29.994732830028948,35.589362587194685,4.36,4.16,0.0,0.0,0.0,1.0,1.0
746087,2024,2024-03-30,mlb,MIA,PIT,28.39403698761079,33.29234677660162,3.63,4.14,0.0,0.0,0.0,1.0,0.0
745604,2024,2024-03-29,mlb,PHI,ATL,43.16553535983042,37.437264236469105,2.57,7.0,,,,,
746175,2024,2024-03-21,mlb,LAD,SDP,45.45967339080953,38.38776011314958,3.0,3.88,0.0,0.0,1.0,0.0,0.0
747060,2024,2024-03-28,mlb,BAL,LAA,40.895008501092256,32.63128486432322,2.92,5.08,,,,,1.0
746737,2024,2024-03-28,mlb,CIN,WSN,34.99879326068088,31.19368572605881,4.84,14.04,,,,,1.0
745445,2024,2024-03-28,mlb,SDP,SFG,38.38776011314958,34.51784541276469,3.31,3.47,6.0,,0.5,,1.0
746165,2024,2024-03-28,mlb,LAD,STL,45.45967339080953,35.9530837512326,3.49,5.35,6.0,,0.5,,1.0
745116,2024,2024-03-28,mlb,TBR,TOR,29.994732830028948,35.589362587194685,3.59,3.6,,,,,0.0
746335,2024,2024-03-28,mlb,KCR,MIN,37.778201145217714,37.098878050832134,3.14,4.08,,,,,0.0
746821,2024,2024-03-28,mlb,CHW,DET,24.790135536386305,33.85687598284515,3.58,2.39,,,,,0.0
746089,2024,2024-03-28,mlb,MIA,PIT,28.39403698761079,33.29234677660162,5.0,4.25,,,,,0.0
746418,2024,2024-03-28,mlb,HOU,NYY,40.14308703242572,44.207144275614574,2.91,3.77,,,,,0.0
745039,2024,2024-03-28,mlb,TEX,CHC,35.292616375189546,37.61539330439464,3.8,3.07,,,,,1.0
745687,2024,2024-03-28,mlb,ATH,CLE,34.09475376131578,37.46400988135876,5.26,0.0,,,,,0.0
747224,2024,2024-03-28,mlb,ARI,COL,42.34091311812466,33.99058268355197,3.65,5.24,,,,,1.0
745283,2024,2024-03-28,mlb,SEA,BOS,37.3716377777957,38.86800370670956,3.64,4.49,,,,,0.0
745848,2024,2024-03-29,mlb,NYM,MIL,40.69178993628106,39.71667879174324,3.75,3.68,,,,,0.0
745037,2024,2024-03-30,mlb,TEX,CHC,35.292616375189546,37.61539330439464,3.54,5.92,1.0,1.0,1.0,0.0,1.0
745436,2024,2024-03-30,mlb,SDP,SFG,38.38776011314958,34.51784541276469,3.47,4.1,0.0,0.0,0.5,0.5,0.0
746410,2024,2024-03-30,mlb,HOU,NYY,40.14308703242572,44.207144275614574,3.49,4.31,0.0,0.0,0.0,1.0,0.0
744875,2024,2024-04-01,mlb,WSN,PIT,31.19368572605881,33.29234677660162,3.9,4.54,0.0,0.0,0.3333333333333333,1.0,0.0
747058,2024,2024-04-01,mlb,BAL,KCR,40.895008501092256,37.778201145217714,4.1,3.35,0.0,0.0,0.6666666666666666,0.3333333333333333,1.0
745600,2024,2024-04-01,mlb,PHI,CIN,43.16553535983042,34.99879326068088,3.32,3.72,0.0,0.0,0.5,0.6666666666666666,0.0
746085,2024,2024-04-01,mlb,MIA,LAA,28.39403698761079,32.63128486432322,5.68,6.75,0.0,0.0,0.0,0.3333333333333333,0.0
745109,2024,2024-04-01,mlb,TBR,TEX,29.994732830028948,35.292616375189546,3.6,5.31,0.0,0.0,0.5,0.6666666666666666,0.0
745842,2024,2024-04-01,mlb,NYM,DET,40.69178993628106,33.85687598284515,3.47,3.53,0.0,0.0,0.0,1.0,0.0
746409,2024,2024-04-01,mlb,HOU,TOR,40.14308703242572,35.589362587194685,2.8,3.3,0.0,0.0,0.0,0.5,1.0
745675,2024,2024-04-01,mlb,ATH,BOS,34.09475376131578,38.86800370670956,6.42,3.12,0.0,0.0,0.25,0.5,0.0
745277,2024,2024-04-01,mlb,SEA,CLE,37.3716377777957,37.46400988135876,4.75,5.11,0.0,0.0,0.5,0.75,1.0
745437,2024,2024-04-01,mlb,SDP,STL,38.38776011314958,35.9530837512326,4.91,4.24,0.0,0.0,0.5,0.25,0.0
747218,2024,2024-04-01,mlb,ARI,NYY,42.34091311812466,44.207144275614574,4.24,3.5,0.0,0.0,0.75,1.0,0.0
746170,2024,2024-04-01,mlb,LAD,SFG,45.45967339080953,34.51784541276469,4.4,7.16,0.0,0.0,0.6666666666666666,0.5,1.0
746009,2024,2024-04-02,mlb,MIL,MIN,39.71667879174324,37.098878050832134,2.69,7.61,1.0,1.0,1.0,0.6666666666666666,1.0
747057,2024,2024-04-02,mlb,BAL,KCR,40.895008501092256,37.778201145217714,5.11,4.53,0.0,0.0,0.75,0.25,0.0
745598,2024,2024-04-02,mlb,PHI,CIN,43.16553535983042,34.99879326068088,2.65,5.24,0.0,0.0,0.3333333333333333,0.75,1.0
746899,2024,2024-04-01,mlb,CHC,COL,37.61539330439464,33.99058268355197,2.91,6.17,0.0,0.0,0.3333333333333333,0.25,1.0
746817,2024,2024-04-01,mlb,CHW,ATL,24.790135536386305,37.437264236469105,4.95,4.19,0.0,0.0,0.0,0.5,0.0
746166,2024,2024-03-31,mlb,LAD,STL,45.45967339080953,35.9530837512326,3.53,5.08,0.0,0.0,0.6,0.3333333333333333,1.0
745438,2024,2024-03-31,mlb,SDP,SFG,38.38776011314958,34.51784541276469,2.95,9.82,0.0,0.0,0.4,0.6666666666666666,1.0
747221,2024,2024-03-30,mlb,ARI,COL,42.34091311812466,33.99058268355197,7.04,4.75,0.0,0.0,1.0,0.0,0.0
746168,2024,2024-03-30,mlb,LAD,STL,45.45967339080953,35.9530837512326,3.0,3.84,0.0,0.0,0.75,0.0,0.0
745278,2024,2024-03-30,mlb,SEA,BOS,37.3716377777957,38.86800370670956,3.23,4.36,0.0,0.0,0.5,0.5,1.0
747062,2024,2024-03-31,mlb,BAL,LAA,40.895008501092256,32.63128486432322,5.87,6.7,0.0,0.0,1.0,0.0,0.0
745602,2024,2024-03-31,mlb,PHI,ATL,43.16553535983042,37.437264236469105,3.46,2.38,0.0,0.0,0.0,1.0,1.0
746739,2024,2024-03-31,mlb,CIN,WSN,34.99879326068088,31.19368572605881,3.1,4.41,0.0,0.0,0.5,0.5,1.0
745115,2024,2024-03-31,mlb,TBR,TOR,29.994732830028948,35.589362587194685,4.86,3.83,0.0,0.0,0.6666666666666666,0.3333333333333333,0.0
745111,2024,2024-04-02,mlb,TBR,TEX,29.994732830028948,35.292616375189546,3.59,4.28,0.0,0.0,0.4,0.75,1.0
746090,2024,2024-03-31,mlb,MIA,PIT,28.39403698761079,33.29234677660162,4.92,4.43,0.0,0.0,0.0,1.0,0.0
746332,2024,2024-03-31,mlb,KCR,MIN,37.778201145217714,37.098878050832134,3.71,3.98,0.0,0.0,0.0,1.0,1.0
746815,2024,2024-03-31,mlb,CHW,DET,24.790135536386305,33.85687598284515,3.3,3.17,0.0,0.0,0.0,1.0,0.0
746413,2024,2024-03-31,mlb,HOU,NYY,40.14308703242572,44.207144275614574,7.46,2.85,0.0,0.0,0.0,1.0,0.0
745035,2024,2024-03-31,mlb,TEX,CHC,35.292616375189546,37.61539330439464,4.47,5.48,0.0,0.0,1.0,0.0,0.0
745683,2024,2024-03-31,mlb,ATH,CLE,34.09475376131578,37.46400988135876,4.66,5.64,0.0,0.0,0.0,1.0,1.0
747222,2024,2024-03-31,mlb,ARI,COL,42.34091311812466,33.99058268355197,4.71,4.49,0.0,0.0,0.6666666666666666,0.3333333333333333,1.0
745279,2024,2024-03-31,mlb,SEA,BOS,37.3716377777957,38.86800370670956,2.94,1.96,0.0,0.0,0.6666666666666666,0.3333333333333333,0.0
745845,2024,2024-03-31,mlb,NYM,MIL,40.69178993628106,39.71667879174324,4.04,4.29,0.0,0.0,0.0,1.0,0.0
746735,2024,2024-04-08,mlb,CIN,MIL,34.99879326068088,39.71667879174324,5.24,2.86,0.0,0.0,0.5555555555555556,0.75,1.0
744956,2024,2024-04-08,mlb,TOR,SEA,35.589362587194685,37.3716377777957,3.6,3.64,0.0,0.0,0.4,0.4,1.0
747142,2024,2024-04-08,mlb,ATL,NYM,37.437264236469105,40.69178993628106,4.19,13.5,0.0,0.0,0.7142857142857143,0.375,0.0
745840,2024,2024-04-15,mlb,NYM,PIT,40.69178993628106,33.29234677660162,5.84,4.53,0.0,0.0,0.6666666666666666,0.6,1.0
746813,2024,2024-04-15,mlb,CHW,KCR,24.790135536386305,37.778201145217714,7.07,3.0,0.0,0.0,0.1,0.8,0.0
746002,2024,2024-04-15,mlb,MIL,SDP,39.71667879174324,38.38776011314958,3.77,3.88,0.0,0.0,0.6,0.6,0.0
746406,2024,2024-04-15,mlb,HOU,ATL,40.14308703242572,37.437264236469105,4.53,8.56,0.0,0.0,0.4,0.6,0.0
747213,2024,2024-04-15,mlb,ARI,CHC,42.34091311812466,37.61539330439464,4.03,3.58,0.0,0.0,0.4,0.6,0.0
745677,2024,2024-04-15,mlb,ATH,STL,34.09475376131578,35.9530837512326,6.01,3.84,0.0,0.0,0.6,0.4,0.0
745268,2024,2024-04-15,mlb,SEA,CIN,37.3716377777957,34.99879326068088,3.53,4.84,0.0,0.0,0.3,0.6,1.0
746158,2024,2024-04-15,mlb,LAD,WSN,45.45967339080953,31.19368572605881,3.49,4.29,0.0,0.0,0.5,0.4,0.0
746486,2024,2024-04-16,mlb,DET,TEX,33.85687598284515,35.292616375189546,4.49,4.47,0.0,0.0,0.4444444444444444,0.4,1.0
747051,2024,2024-04-16,mlb,BAL,MIN,40.895008501092256,37.098878050832134,3.86,4.99,0.0,0.0,0.6,0.2222222222222222,1.0
745593,2024,2024-04-16,mlb,PHI,COL,43.16553535983042,33.99058268355197,3.46,4.75,0.0,0.0,0.6,0.3,1.0
746081,2024,2024-04-16,mlb,MIA,SFG,28.39403698761079,34.51784541276469,3.63,4.1,0.0,0.0,0.3,0.5,1.0
745108,2024,2024-04-16,mlb,TBR,LAA,29.994732830028948,32.63128486432322,4.36,3.42,0.0,0.0,0.6,0.4,1.0
744944,2024,2024-04-16,mlb,TOR,NYY,35.589362587194685,44.207144275614574,4.05,3.96,0.0,0.0,0.6,0.5555555555555556,1.0
746976,2024,2024-04-16,mlb,BOS,CLE,38.86800370670956,37.46400988135876,1.96,3.47,0.0,0.0,0.4,0.7777777777777778,0.0
744951,2024,2024-04-15,mlb,TOR,NYY,35.589362587194685,44.207144275614574,4.16,3.5,0.0,0.0,0.5,0.6666666666666666,1.0
745837,2024,2024-04-16,mlb,NYM,PIT,40.69178993628106,33.29234677660162,3.75,4.14,0.0,0.0,0.7,0.5,1.0
745106,2024,2024-04-15,mlb,TBR,LAA,29.994732830028948,32.63128486432322,3.59,5.08,0.0,0.0,0.6,0.4,0.0
745597,2024,2024-04-15,mlb,PHI,COL,43.16553535983042,33.99058268355197,3.57,4.98,0.0,0.0,0.6,0.3,1.0
744952,2024,2024-04-14,mlb,TOR,COL,35.589362587194685,33.99058268355197,3.6,5.24,0.0,0.0,0.5,0.3,1.0
745841,2024,2024-04-14,mlb,NYM,KCR,40.69178993628106,37.778201145217714,2.55,3.14,0.0,0.0,0.6666666666666666,0.8,1.0
745113,2024,2024-04-14,mlb,TBR,SFG,29.994732830028948,34.51784541276469,4.86,3.12,0.0,0.0,0.6,0.4,1.0
746492,2024,2024-04-14,mlb,DET,MIN,33.85687598284515,37.098878050832134,3.17,3.98,0.0,0.0,0.375,0.3333333333333333,1.0
746079,2024,2024-04-14,mlb,MIA,ATL,28.39403698761079,37.437264236469105,5.0,4.19,0.0,0.0,0.3,0.6,0.0
746648,2024,2024-04-14,mlb,CLE,NYY,37.46400988135876,44.207144275614574,5.73,3.77,0.0,0.0,0.6666666666666666,0.6666666666666666,1.0
746404,2024,2024-04-14,mlb,HOU,TEX,40.14308703242572,35.292616375189546,3.89,3.8,0.0,0.0,0.4,0.5,1.0
746810,2024,2024-04-14,mlb,CHW,CIN,24.790135536386305,34.99879326068088,4.74,5.24,0.0,0.0,0.2,0.5,0.0
745681,2024,2024-04-14,mlb,ATH,WSN,34.09475376131578,31.19368572605881,5.26,2.03,0.0,0.0,0.5,0.5,1.0
745271,2024,2024-04-14,mlb,SEA,CHC,37.3716377777957,37.61539330439464,3.64,3.73,0.0,0.0,0.3,0.6,0.0
747216,2024,2024-04-14,mlb,ARI,STL,42.34091311812466,35.9530837512326,3.65,5.35,0.0,0.0,0.4,0.5,1.0
746164,2024,2024-04-14,mlb,LAD,SDP,45.45967339080953,38.38776011314958,4.4,3.31,0.0,0.0,0.6,0.5,0.0
746974,2024,2024-04-15,mlb,BOS,CLE,38.86800370670956,37.46400988135876,4.36,4.64,0.0,0.0,0.5,0.7777777777777778,0.0
747053,2024,2024-04-15,mlb,BAL,MIN,40.895008501092256,37.098878050832134,5.11,7.61,0.0,0.0,0.6,0.3333333333333333,1.0
746488,2024,2024-04-15,mlb,DET,TEX,33.85687598284515,35.292616375189546,3.53,3.31,0.0,0.0,0.5,0.4,0.0
746080,2024,2024-04-15,mlb,MIA,SFG,28.39403698761079,34.51784541276469,4.95,4.56,0.0,0.0,0.3,0.4,0.0
746004,2024,2024-04-16,mlb,MIL,SDP,39.71667879174324,38.38776011314958,6.43,3.47,0.0,0.0,0.6,0.6,0.0
746400,2024,2024-04-16,mlb,HOU,ATL,40.14308703242572,37.437264236469105,3.49,1.99,0.0,0.0,0.4,0.7,0.0
747214,2024,2024-04-16,mlb,ARI,CHC,42.34091311812466,37.61539330439464,7.04,5.92,0.0,0.0,0.4,0.6,1.0
745104,2024,2024-04-18,mlb,TBR,LAA,29.994732830028948,32.63128486432322,3.6,5.19,0.0,0.0,0.6,0.4,1.0
746485,2024,2024-04-18,mlb,DET,TEX,33.85687598284515,35.292616375189546,6.09,8.83,0.0,0.0,0.4444444444444444,0.4,0.0
746970,2024,2024-04-18,mlb,BOS,CLE,38.86800370670956,37.46400988135876,4.06,5.64,0.0,0.0,0.4,0.6666666666666666,0.0
745356,2024,2024-04-18,mlb,SFG,ARI,34.51784541276469,42.34091311812466,3.47,4.24,0.0,0.0,0.5,0.5,1.0
746891,2024,2024-04-20,mlb,CHC,MIA,37.61539330439464,28.39403698761079,3.27,3.15,0.0,0.0,0.6,0.4,
746892,2024,2024-04-19,mlb,CHC,MIA,37.61539330439464,28.39403698761079,3.27,3.15,1.0,1.0,0.6,0.4,1.0
746729,2024,2024-04-19,mlb,CIN,LAA,34.99879326068088,32.63128486432322,4.76,3.81,1.0,0.0,0.4,0.4,1.0
745518,2024,2024-04-19,mlb,PIT,BOS,33.29234677660162,38.86800370670956,4.71,4.49,1.0,0.0,0.4,0.3,0.0
745592,2024,2024-04-19,mlb,PHI,CHW,43.16553535983042,24.790135536386305,2.65,3.58,1.0,1.0,0.7,0.2,1.0
744872,2024,2024-04-19,mlb,WSN,HOU,31.19368572605881,40.14308703242572,3.9,5.48,1.0,1.0,0.6,0.3,0.0
745758,2024,2024-04-19,mlb,NYY,TBR,44.207144275614574,29.994732830028948,2.85,5.1,1.0,0.0,0.5555555555555556,0.6,1.0
746650,2024,2024-04-19,mlb,CLE,ATH,37.46400988135876,34.09475376131578,5.11,6.42,0.0,1.0,0.6666666666666666,0.6,1.0
747136,2024,2024-04-19,mlb,ATL,TEX,37.437264236469105,35.292616375189546,2.38,4.28,1.0,0.0,0.7,0.5,1.0
746325,2024,2024-04-19,mlb,KCR,BAL,37.778201145217714,40.895008501092256,4.53,4.1,1.0,1.0,0.7,0.7,1.0
745922,2024,2024-04-19,mlb,MIN,DET,37.098878050832134,33.85687598284515,3.6,3.17,1.0,0.0,0.2222222222222222,0.4444444444444444,0.0
746973,2024,2024-04-17,mlb,BOS,CLE,38.86800370670956,37.46400988135876,3.12,3.81,0.0,0.0,0.3,0.7777777777777778,1.0
745105,2024,2024-04-17,mlb,TBR,LAA,29.994732830028948,32.63128486432322,3.63,6.7,0.0,0.0,0.7,0.4,0.0
745591,2024,2024-04-17,mlb,PHI,COL,43.16553535983042,33.99058268355197,3.32,4.49,0.0,0.0,0.6,0.2,1.0
745267,2024,2024-04-17,mlb,SEA,CIN,37.3716377777957,34.99879326068088,2.94,3.72,0.0,0.0,0.5,0.5,1.0
745270,2024,2024-04-16,mlb,SEA,CIN,37.3716377777957,34.99879326068088,3.23,2.75,0.0,0.0,0.4,0.5,1.0
745674,2024,2024-04-16,mlb,ATH,STL,34.09475376131578,35.9530837512326,4.38,3.84,0.0,0.0,0.6,0.5,0.0
746157,2024,2024-04-16,mlb,LAD,WSN,45.45967339080953,31.19368572605881,1.35,5.62,0.0,0.0,0.4,0.5,1.0
746076,2024,2024-04-17,mlb,MIA,SFG,28.39403698761079,34.51784541276469,4.92,7.16,0.0,0.0,0.4,0.4,0.0
747049,2024,2024-04-17,mlb,BAL,MIN,40.895008501092256,37.098878050832134,3.7,4.08,0.0,0.0,0.6,0.2222222222222222,1.0
745836,2024,2024-04-17,mlb,NYM,PIT,40.69178993628106,33.29234677660162,3.91,4.43,0.0,0.0,0.7,0.5,1.0
747056,2024,2024-04-14,mlb,BAL,MIL,40.895008501092256,39.71667879174324,2.92,4.29,0.0,0.0,0.5,0.7,1.0
746487,2024,2024-04-17,mlb,DET,TEX,33.85687598284515,35.292616375189546,2.39,5.31,0.0,0.0,0.4444444444444444,0.3,0.0
746401,2024,2024-04-17,mlb,HOU,ATL,40.14308703242572,37.437264236469105,7.46,3.25,0.0,0.0,0.4,0.7,0.0
746807,2024,2024-04-17,mlb,CHW,KCR,24.790135536386305,37.778201145217714,4.49,3.71,1.0,1.0,0.1,0.8,0.0
746809,2024,2024-04-17,mlb,CHW,KCR,24.790135536386305,37.778201145217714,3.3,3.35,0.0,0.0,0.1,0.8,1.0
744948,2024,2024-04-17,mlb,TOR,NYY,35.589362587194685,44.207144275614574,3.83,4.31,0.0,0.0,0.6,0.5555555555555556,0.0
746159,2024,2024-04-17,mlb,LAD,WSN,45.45967339080953,31.19368572605881,3.65,4.41,0.0,0.0,0.5,0.5,0.0
745671,2024,2024-04-17,mlb,ATH,STL,34.09475376131578,35.9530837512326,4.66,5.08,0.0,0.0,0.6,0.5,1.0
747212,2024,2024-04-17,mlb,ARI,CHC,42.34091311812466,37.61539330439464,4.71,5.48,0.0,0.0,0.5,0.5,0.0
746005,2024,2024-04-17,mlb,MIL,SDP,39.71667879174324,38.38776011314958,4.04,2.95,0.0,0.0,0.5,0.7,1.0
745595,2024,2024-04-14,mlb,PHI,PIT,43.16553535983042,33.29234677660162,2.57,4.25,0.0,0.0,0.6,0.5,0.0
746975,2024,2024-04-14,mlb,BOS,LAA,38.86800370670956,32.63128486432322,4.49,3.81,0.0,0.0,0.5,0.5,1.0
745272,2024,2024-04-13,mlb,SEA,CHC,37.3716377777957,37.61539330439464,4.75,2.91,0.0,0.0,0.4,0.6,0.0
745357,2024,2024-04-09,mlb,SFG,WSN,34.51784541276469,31.19368572605881,4.56,6.75,0.0,0.0,0.4,0.4,0.0
745433,2024,2024-04-09,mlb,SDP,CHC,38.38776011314958,37.61539330439464,3.88,3.58,0.0,0.0,0.4,0.6,0.0
745923,2024,2024-04-10,mlb,MIN,LAD,37.098878050832134,45.45967339080953,4.99,8.52,0.0,0.0,0.3333333333333333,0.7,1.0
745196,2024,2024-04-10,mlb,STL,PHI,35.9530837512326,43.16553535983042,3.84,3.57,0.0,0.0,0.6,0.5,0.0
744950,2024,2024-04-10,mlb,TOR,SEA,35.589362587194685,37.3716377777957,4.05,3.23,0.0,0.0,0.5,0.3,0.0
746573,2024,2024-04-10,mlb,COL,ARI,33.99058268355197,42.34091311812466,4.75,7.04,0.0,0.0,0.3,0.3,0.0
745355,2024,2024-04-10,mlb,SFG,WSN,34.51784541276469,31.19368572605881,4.1,5.62,0.0,0.0,0.3,0.5,1.0
746247,2024,2024-04-10,mlb,LAA,TBR,32.63128486432322,29.994732830028948,3.42,3.63,0.0,0.0,0.6,0.5,0.0
746655,2024,2024-04-10,mlb,CLE,CHW,37.46400988135876,24.790135536386305,3.47,3.3,0.0,0.0,0.7,0.2,1.0
745429,2024,2024-04-10,mlb,SDP,CHC,38.38776011314958,37.61539330439464,3.47,5.92,0.0,0.0,0.4,0.7,1.0
746728,2024,2024-04-10,mlb,CIN,MIL,34.99879326068088,39.71667879174324,2.75,6.43,0.0,0.0,0.5,0.7,0.0
745763,2024,2024-04-10,mlb,NYY,MIA,44.207144275614574,28.39403698761079,4.31,3.63,0.0,0.0,0.8,0.1,0.0
746980,2024,2024-04-10,mlb,BOS,BAL,38.86800370670956,40.895008501092256,4.36,5.11,0.0,0.0,0.6,0.6,0.0
746323,2024,2024-04-10,mlb,KCR,HOU,37.778201145217714,40.14308703242572,3.0,4.53,0.0,0.0,0.7,0.4,1.0
745024,2024,2024-04-10,mlb,TEX,ATH,35.292616375189546,34.09475376131578,3.54,6.01,0.0,0.0,0.5,0.4,1.0
746250,2024,2024-04-09,mlb,LAA,TBR,32.63128486432322,29.994732830028948,5.08,4.36,0.0,0.0,0.6,0.5,0.0
746571,2024,2024-04-09,mlb,COL,ARI,33.99058268355197,42.34091311812466,4.98,4.03,0.0,0.0,0.3,0.3,0.0
745030,2024,2024-04-09,mlb,TEX,ATH,35.292616375189546,34.09475376131578,3.8,5.26,0.0,1.0,0.6,0.3,0.0
745195,2024,2024-04-09,mlb,STL,PHI,35.9530837512326,43.16553535983042,3.84,2.57,0.0,0.0,0.5,0.5555555555555556,1.0
745925,2024,2024-04-08,mlb,MIN,LAD,37.098878050832134,45.45967339080953,3.98,4.4,1.0,0.0,0.42857142857142855,0.7,0.0
745194,2024,2024-04-08,mlb,STL,PHI,35.9530837512326,43.16553535983042,5.35,2.65,0.0,0.0,0.5,0.5,0.0
745034,2024,2024-04-08,mlb,TEX,HOU,35.292616375189546,40.14308703242572,4.28,135.0,0.0,0.0,0.6666666666666666,0.3,0.0
746569,2024,2024-04-08,mlb,COL,ARI,33.99058268355197,42.34091311812466,5.24,3.65,0.0,0.0,0.2,0.4,1.0
746252,2024,2024-04-08,mlb,LAA,TBR,32.63128486432322,29.994732830028948,3.81,3.59,0.0,0.0,0.5555555555555556,0.5,1.0
745432,2024,2024-04-08,mlb,SDP,CHC,38.38776011314958,37.61539330439464,3.31,3.73,0.0,0.0,0.4,0.6666666666666666,1.0
745363,2024,2024-04-08,mlb,SFG,WSN,34.51784541276469,31.19368572605881,3.12,2.03,0.0,0.0,0.4,0.3333333333333333,0.0
747139,2024,2024-09-30,mlb,ATL,NYM,37.437264236469105,40.69178993628106,15.26,3.75,0.0,0.0,0.7,0.6,
745517,2024,2024-04-09,mlb,PIT,DET,33.29234677660162,33.85687598284515,4.53,4.49,0.0,0.0,0.8,0.5555555555555556,0.0
746653,2024,2024-04-09,mlb,CLE,CHW,37.46400988135876,24.790135536386305,5.73,4.74,0.0,0.0,0.8,0.1,0.0
746732,2024,2024-04-09,mlb,CIN,MIL,34.99879326068088,39.71667879174324,4.84,3.77,0.0,0.0,0.6,0.6666666666666666,0.0
745762,2024,2024-04-09,mlb,NYY,MIA,44.207144275614574,28.39403698761079,3.96,3.15,0.0,0.0,0.8,0.1,1.0
744957,2024,2024-04-09,mlb,TOR,SEA,35.589362587194685,37.3716377777957,4.16,3.53,0.0,0.0,0.4,0.4,1.0
747138,2024,2024-04-09,mlb,ATL,NYM,37.437264236469105,40.69178993628106,1.99,5.84,0.0,0.0,0.625,0.4444444444444444,1.0
746326,2024,2024-04-09,mlb,KCR,HOU,37.778201145217714,40.14308703242572,3.14,3.89,1.0,0.0,0.6,0.4,1.0
745924,2024,2024-04-09,mlb,MIN,LAD,37.098878050832134,45.45967339080953,7.61,3.49,0.0,0.0,0.375,0.7,0.0
746981,2024,2024-04-09,mlb,BOS,BAL,38.86800370670956,40.895008501092256,4.49,2.92,1.0,1.0,0.7,0.5555555555555556,0.0
746476,2024,2024-05-12,mlb,DET,HOU,33.85687598284515,40.14308703242572,3.17,5.48,0.0,0.0,0.4,0.4,0.0
747137,2024,2024-04-11,mlb,ATL,NYM,37.437264236469105,40.69178993628106,15.26,3.75,1.0,1.0,0.6666666666666666,0.4444444444444444,0.0
745029,2024,2024-04-11,mlb,TEX,ATH,35.292616375189546,34.09475376131578,4.47,4.38,0.0,0.0,0.5,0.4,0.0
746658,2024,2024-04-13,mlb,CLE,NYY,37.46400988135876,44.207144275614574,5.11,2.22,2.0,2.0,0.7,0.7,0.0
746489,2024,2024-04-13,mlb,DET,MIN,33.85687598284515,37.098878050832134,6.09,3.6,0.0,0.0,0.5555555555555556,0.3,0.0
745839,2024,2024-04-13,mlb,NYM,KCR,40.69178993628106,37.778201145217714,3.47,4.53,0.0,0.0,0.6666666666666666,0.8,0.0
746811,2024,2024-04-13,mlb,CHW,CIN,24.790135536386305,34.99879326068088,3.58,4.76,0.0,0.0,0.2,0.5,0.0
744953,2024,2024-04-13,mlb,TOR,COL,35.589362587194685,33.99058268355197,4.47,6.17,0.0,0.0,0.4,0.3,1.0
746405,2024,2024-04-13,mlb,HOU,TEX,40.14308703242572,35.292616375189546,2.8,4.28,0.0,0.0,0.3,0.5,1.0
745594,2024,2024-04-13,mlb,PHI,PIT,43.16553535983042,33.29234677660162,2.65,4.54,0.0,0.0,0.6,0.6,1.0
747054,2024,2024-04-13,mlb,BAL,MIL,40.895008501092256,39.71667879174324,4.1,5.02,0.0,0.0,0.6,0.7,0.0
745676,2024,2024-04-13,mlb,ATH,WSN,34.09475376131578,31.19368572605881,6.42,3.9,0.0,0.0,0.5,0.4,0.0
746979,2024,2024-04-13,mlb,BOS,LAA,38.86800370670956,32.63128486432322,4.08,5.19,0.0,0.0,0.5,0.6,1.0
745110,2024,2024-04-13,mlb,TBR,SFG,29.994732830028948,34.51784541276469,3.6,3.47,0.0,0.0,0.6,0.3,0.0
746082,2024,2024-04-13,mlb,MIA,ATL,28.39403698761079,37.437264236469105,5.68,2.38,0.0,0.0,0.2,0.6,1.0
747215,2024,2024-04-13,mlb,ARI,STL,42.34091311812466,35.9530837512326,4.24,4.24,0.0,0.0,0.3,0.6,1.0
746161,2024,2024-04-13,mlb,LAD,SDP,45.45967339080953,38.38776011314958,3.53,4.91,0.0,0.0,0.6,0.5,1.0
746656,2024,2024-04-13,mlb,CLE,NYY,37.46400988135876,44.207144275614574,5.64,2.85,0.0,0.0,0.6,0.7,
746162,2024,2024-04-12,mlb,LAD,SDP,45.45967339080953,38.38776011314958,3.0,2.95,1.0,1.0,0.7,0.5,0.0
747217,2024,2024-04-12,mlb,ARI,STL,42.34091311812466,35.9530837512326,4.71,5.08,1.0,1.0,0.4,0.5,0.0
745601,2024,2024-04-11,mlb,PHI,PIT,43.16553535983042,33.29234677660162,3.46,4.14,0.0,1.0,0.6,0.7,1.0
746977,2024,2024-04-11,mlb,BOS,BAL,38.86800370670956,40.895008501092256,1.96,3.86,0.0,0.0,0.6,0.6,0.0
746490,2024,2024-04-13,mlb,DET,MIN,33.85687598284515,37.098878050832134,2.39,4.08,0.0,0.0,0.4444444444444444,0.3,
746730,2024,2024-08-30,mlb,CIN,MIL,34.99879326068088,39.71667879174324,3.1,3.68,0.0,0.0,0.3,0.6,
746491,2024,2024-04-12,mlb,DET,MIN,33.85687598284515,37.098878050832134,2.39,4.08,2.0,1.0,0.5555555555555556,0.4,1.0
745596,2024,2024-04-12,mlb,PHI,PIT,43.16553535983042,33.29234677660162,3.32,4.43,0.0,0.0,0.6,0.6,0.0
745112,2024,2024-04-12,mlb,TBR,SFG,29.994732830028948,34.51784541276469,5.4,7.16,1.0,1.0,0.5,0.3,1.0
746322,2024,2024-04-11,mlb,KCR,HOU,37.778201145217714,40.14308703242572,3.71,3.49,0.0,0.0,0.8,0.4,1.0
747055,2024,2024-04-12,mlb,BAL,MIL,40.895008501092256,39.71667879174324,5.87,3.68,0.0,1.0,0.6,0.7,0.0
746978,2024,2024-04-12,mlb,BOS,LAA,38.86800370670956,32.63128486432322,3.12,6.7,0.0,1.0,0.6,0.6,0.0
745838,2024,2024-04-12,mlb,NYM,KCR,40.69178993628106,37.778201145217714,3.91,3.35,0.0,0.0,0.5555555555555556,0.8,1.0
746084,2024,2024-04-12,mlb,MIA,ATL,28.39403698761079,37.437264236469105,4.92,3.25,1.0,0.0,0.2,0.6,0.0
746812,2024,2024-04-12,mlb,CHW,CIN,24.790135536386305,34.99879326068088,4.95,3.72,1.0,1.0,0.2,0.5,0.0
746408,2024,2024-04-12,mlb,HOU,TEX,40.14308703242572,35.292616375189546,7.46,5.31,0.0,0.0,0.4,0.5,0.0
745679,2024,2024-04-12,mlb,ATH,WSN,34.09475376131578,31.19368572605881,4.66,4.41,0.0,1.0,0.5,0.4,1.0
745274,2024,2024-04-12,mlb,SEA,CHC,37.3716377777957,37.61539330439464,2.94,5.48,1.0,1.0,0.3,0.7,1.0
744954,2024,2024-04-12,mlb,TOR,COL,35.589362587194685,33.99058268355197,3.83,4.49,1.0,1.0,0.5,0.2,0.0
746068,2024,2024-05-12,mlb,MIA,PHI,28.39403698761079,43.16553535983042,5.35,2.57,0.0,0.0,0.3,0.9,1.0
745092,2024,2024-05-12,mlb,TBR,NYY,29.994732830028948,44.207144275614574,5.1,3.5,0.0,0.0,0.6,0.7,0.0
746798,2024,2024-05-12,mlb,CHW,CLE,24.790135536386305,37.46400988135876,4.74,5.73,0.0,0.0,0.6,0.4,0.0
745404,2024,2024-06-11,mlb,SDP,ATH,38.38776011314958,34.09475376131578,4.87,4.38,0.0,0.0,0.4,0.3,1.0
745244,2024,2024-06-11,mlb,SEA,CHW,37.3716377777957,24.790135536386305,4.66,5.48,0.0,0.0,0.7,0.2,1.0
745327,2024,2024-06-11,mlb,SFG,HOU,34.51784541276469,40.14308703242572,4.1,2.8,0.0,0.0,0.4,0.5,0.0
746139,2024,2024-06-11,mlb,LAD,TEX,45.45967339080953,35.292616375189546,4.4,5.31,1.0,1.0,0.6,0.5,1.0
745896,2024,2024-06-12,mlb,MIN,COL,37.098878050832134,33.99058268355197,4.08,4.75,0.0,0.0,0.3,0.3,1.0
745978,2024,2024-06-12,mlb,MIL,TOR,39.71667879174324,35.589362587194685,3.0,4.16,0.0,0.0,0.5,0.6,1.0
745328,2024,2024-06-12,mlb,SFG,HOU,34.51784541276469,40.14308703242572,3.47,2.91,0.0,0.0,0.4,0.6,1.0
745405,2024,2024-06-12,mlb,SDP,ATH,38.38776011314958,34.09475376131578,2.95,2.86,0.0,0.0,0.4,0.3,1.0
747028,2024,2024-06-12,mlb,BAL,ATL,40.895008501092256,37.437264236469105,5.2,3.35,0.0,0.0,0.7,0.4,1.0
746462,2024,2024-06-12,mlb,DET,WSN,33.85687598284515,31.19368572605881,3.53,4.41,0.0,0.0,0.4,0.5,0.0
745079,2024,2024-06-12,mlb,TBR,CHC,29.994732830028948,37.61539330439464,4.36,3.73,0.0,0.0,0.4,0.4,0.0
746701,2024,2024-06-12,mlb,CIN,CLE,34.99879326068088,37.46400988135876,4.76,3.47,0.0,0.0,0.7,0.6,1.0
746948,2024,2024-06-12,mlb,BOS,PHI,38.86800370670956,43.16553535983042,4.14,3.32,0.0,0.0,0.5,0.8,1.0
745811,2024,2024-06-12,mlb,NYM,MIA,40.69178993628106,28.39403698761079,2.9,5.35,0.0,0.0,0.6,0.4,1.0
745171,2024,2024-06-12,mlb,STL,PIT,35.9530837512326,33.29234677660162,3.84,4.43,0.0,0.0,0.4,0.6,1.0
747190,2024,2024-06-11,mlb,ARI,LAA,42.34091311812466,32.63128486432322,6.23,6.02,1.0,1.0,0.6,0.4,1.0
746294,2024,2024-06-12,mlb,KCR,NYY,37.778201145217714,44.207144275614574,14.73,2.22,0.0,0.0,0.4,0.8,0.0
745981,2024,2024-06-11,mlb,MIL,TOR,39.71667879174324,35.589362587194685,7.3,4.05,0.0,0.0,0.6,0.5,0.0
745170,2024,2024-06-11,mlb,STL,PIT,35.9530837512326,33.29234677660162,5.35,1.96,1.0,1.0,0.4,0.6,0.0
745736,2024,2024-06-09,mlb,NYY,LAD,44.207144275614574,45.45967339080953,3.5,3.49,0.0,0.0,0.8,0.6666666666666666,1.0
745080,2024,2024-06-10,mlb,TBR,BAL,29.994732830028948,40.895008501092256,3.6,2.92,0.0,0.0,0.5,0.7,0.0
745897,2024,2024-06-10,mlb,MIN,COL,37.098878050832134,33.99058268355197,4.99,6.17,0.0,0.0,0.4,0.3,1.0
746295,2024,2024-06-10,mlb,KCR,NYY,37.778201145217714,44.207144275614574,3.0,3.96,0.0,0.0,0.5,0.8,0.0
745982,2024,2024-06-10,mlb,MIL,TOR,39.71667879174324,35.589362587194685,4.29,3.6,0.0,0.0,0.6,0.6,1.0
745409,2024,2024-06-10,mlb,SDP,ATH,38.38776011314958,34.09475376131578,3.47,5.01,0.0,0.0,0.4,0.3,1.0
745248,2024,2024-06-10,mlb,SEA,CHW,37.3716377777957,24.790135536386305,3.23,3.3,0.0,0.0,0.6,0.2,1.0
745334,2024,2024-06-10,mlb,SFG,HOU,34.51784541276469,40.14308703242572,4.56,4.53,0.0,0.0,0.3,0.6,1.0
747027,2024,2024-06-11,mlb,BAL,ATL,40.895008501092256,37.437264236469105,3.7,3.25,0.0,1.0,0.7,0.4,1.0
746464,2024,2024-06-11,mlb,DET,WSN,33.85687598284515,31.19368572605881,6.09,4.29,1.0,1.0,0.5,0.4,0.0
745077,2024,2024-06-11,mlb,TBR,CHC,29.994732830028948,37.61539330439464,3.59,3.27,0.0,1.0,0.4,0.4,1.0
746702,2024,2024-06-11,mlb,CIN,CLE,34.99879326068088,37.46400988135876,3.15,5.11,1.0,1.0,0.8,0.6,0.0
746951,2024,2024-06-11,mlb,BOS,PHI,38.86800370670956,43.16553535983042,4.36,2.57,1.0,1.0,0.5,0.7,0.0
745815,2024,2024-06-11,mlb,NYM,MIA,40.69178993628106,28.39403698761079,4.04,5.0,1.0,1.0,0.6,0.3,0.0
745899,2024,2024-06-11,mlb,MIN,COL,37.098878050832134,33.99058268355197,7.61,4.98,0.0,0.0,0.4,0.2,0.0
746296,2024,2024-06-11,mlb,KCR,NYY,37.778201145217714,44.207144275614574,3.71,4.31,0.0,0.0,0.4,0.8,0.0
747193,2024,2024-06-12,mlb,ARI,LAA,42.34091311812466,32.63128486432322,6.66,3.42,0.0,0.0,0.7,0.4,0.0
745246,2024,2024-06-12,mlb,SEA,CHW,37.3716377777957,24.790135536386305,2.94,4.49,0.0,0.0,0.7,0.2,1.0
746137,2024,2024-06-12,mlb,LAD,TEX,45.45967339080953,35.292616375189546,5.38,4.47,0.0,0.0,0.6,0.4,0.0
745979,2024,2024-06-14,mlb,MIL,CIN,39.71667879174324,34.99879326068088,3.68,2.75,1.0,1.0,0.5,0.8,0.0
746545,2024,2024-06-14,mlb,COL,PIT,33.99058268355197,33.29234677660162,4.49,3.38,1.0,0.0,0.3,0.5,0.0
747191,2024,2024-06-14,mlb,ARI,CHW,42.34091311812466,24.790135536386305,4.24,4.95,0.0,0.0,0.6,0.3,1.0
746134,2024,2024-06-14,mlb,LAD,KCR,45.45967339080953,37.778201145217714,3.53,3.14,0.0,0.0,0.5,0.5,1.0
745247,2024,2024-06-14,mlb,SEA,TEX,37.3716377777957,35.292616375189546,3.64,4.28,0.0,0.0,0.6,0.5,1.0
745326,2024,2024-06-14,mlb,SFG,LAA,34.51784541276469,32.63128486432322,6.21,3.81,1.0,0.0,0.5,0.5,0.0
746865,2024,2024-06-15,mlb,CHC,STL,37.61539330439464,35.9530837512326,2.91,3.78,0.0,0.0,0.4,0.6,1.0
744925,2024,2024-06-15,mlb,TOR,CLE,35.589362587194685,37.46400988135876,4.55,5.64,0.0,0.0,0.5,0.6,1.0
745329,2024,2024-06-15,mlb,SFG,LAA,34.51784541276469,32.63128486432322,7.16,5.08,0.0,0.0,0.5,0.6,0.0
747024,2024,2024-06-15,mlb,BAL,PHI,40.895008501092256,43.16553535983042,3.86,7.1,0.0,0.0,0.6,0.6,1.0
744846,2024,2024-06-15,mlb,WSN,MIA,31.19368572605881,28.39403698761079,4.16,4.92,0.0,0.0,0.6,0.2,1.0
746381,2024,2024-06-15,mlb,HOU,DET,40.14308703242572,33.85687598284515,4.53,3.17,0.0,0.0,0.6,0.4,0.0
745805,2024,2024-06-15,mlb,NYM,SDP,40.69178993628106,38.38776011314958,3.75,7.49,0.0,0.0,0.7,0.5,1.0
747113,2024,2024-06-15,mlb,ATL,TBR,37.437264236469105,29.994732830028948,4.19,3.6,0.0,0.0,0.4,0.4,1.0
745976,2024,2024-06-15,mlb,MIL,CIN,39.71667879174324,34.99879326068088,2.47,3.72,0.0,0.0,0.4,0.8,1.0
745892,2024,2024-06-14,mlb,MIN,ATH,37.098878050832134,34.09475376131578,4.17,4.58,0.0,0.0,0.4,0.2,1.0
746378,2024,2024-06-14,mlb,HOU,DET,40.14308703242572,33.85687598284515,3.49,2.39,1.0,0.0,0.5,0.5,1.0
747112,2024,2024-06-14,mlb,ATL,TBR,37.437264236469105,29.994732830028948,2.38,3.63,0.0,0.0,0.4,0.5,1.0
745810,2024,2024-06-14,mlb,NYM,SDP,40.69178993628106,38.38776011314958,3.47,4.91,0.0,1.0,0.6,0.5,1.0
747026,2024,2024-06-13,mlb,BAL,ATL,40.895008501092256,37.437264236469105,5.11,1.99,0.0,0.0,0.8,0.3,0.0
746465,2024,2024-06-13,mlb,DET,WSN,33.85687598284515,31.19368572605881,4.49,5.62,0.0,0.0,0.4,0.6,1.0
746299,2024,2024-06-13,mlb,KCR,NYY,37.778201145217714,44.207144275614574,4.53,3.77,0.0,0.0,0.4,0.8,1.0
745168,2024,2024-06-13,mlb,STL,PIT,35.9530837512326,33.29234677660162,3.84,4.25,0.0,0.0,0.5,0.6,1.0
745075,2024,2024-06-13,mlb,TBR,CHC,29.994732830028948,37.61539330439464,4.11,3.07,0.0,0.0,0.4,0.5,1.0
746944,2024,2024-06-13,mlb,BOS,PHI,38.86800370670956,43.16553535983042,3.12,3.57,0.0,0.0,0.5,0.7,1.0
745809,2024,2024-06-13,mlb,NYM,MIA,40.69178993628106,28.39403698761079,3.91,6.53,0.0,0.0,0.6,0.3,1.0
745407,2024,2024-06-09,mlb,SDP,ARI,38.38776011314958,42.34091311812466,7.49,7.44,0.0,0.0,0.4,0.5,0.0
745894,2024,2024-06-13,mlb,MIN,ATH,37.098878050832134,34.09475376131578,3.6,5.18,0.0,0.0,0.4,0.2,1.0
745245,2024,2024-06-13,mlb,SEA,CHW,37.3716377777957,24.790135536386305,4.75,3.58,0.0,0.0,0.7,0.2,0.0
746136,2024,2024-06-13,mlb,LAD,TEX,45.45967339080953,35.292616375189546,5.12,3.31,0.0,0.0,0.6,0.5,0.0
746869,2024,2024-06-14,mlb,CHC,STL,37.61539330439464,35.9530837512326,5.48,4.24,0.0,0.0,0.4,0.5,0.0
746947,2024,2024-06-14,mlb,BOS,NYY,38.86800370670956,44.207144275614574,4.49,3.5,0.0,0.0,0.5,0.7,0.0
744847,2024,2024-06-14,mlb,WSN,MIA,31.19368572605881,28.39403698761079,3.9,8.27,0.0,0.0,0.5,0.2,1.0
747025,2024,2024-06-14,mlb,BAL,PHI,40.895008501092256,43.16553535983042,2.75,3.46,0.0,0.0,0.7,0.6,0.0
744924,2024,2024-06-14,mlb,TOR,CLE,35.589362587194685,37.46400988135876,3.83,5.73,1.0,1.0,0.5,0.6,0.0
747192,2024,2024-06-13,mlb,ARI,LAA,42.34091311812466,32.63128486432322,4.71,5.19,0.0,0.0,0.6,0.5,1.0
745241,2024,2024-06-15,mlb,SEA,TEX,37.3716377777957,35.292616375189546,3.53,3.8,0.0,0.0,0.6,0.4,1.0
745651,2024,2024-06-09,mlb,ATH,TOR,34.09475376131578,35.589362587194685,4.58,3.3,0.0,0.0,0.3,0.6,0.0
745167,2024,2024-06-09,mlb,STL,COL,35.9530837512326,33.99058268355197,3.78,6.94,0.0,0.0,0.4,0.4,1.0
745007,2024,2024-06-05,mlb,TEX,DET,35.292616375189546,33.85687598284515,3.8,6.09,0.0,0.0,0.5,0.7,1.0
746873,2024,2024-06-05,mlb,CHC,CHW,37.61539330439464,24.790135536386305,3.27,3.3,0.0,0.0,0.3,0.0,1.0
746221,2024,2024-06-05,mlb,LAA,SDP,32.63128486432322,38.38776011314958,3.42,3.47,0.0,0.0,0.3,0.5,1.0
745654,2024,2024-06-05,mlb,ATH,SEA,34.09475376131578,37.3716377777957,5.01,3.23,0.0,0.0,0.3,0.8,1.0
746628,2024,2024-08-26,mlb,CLE,KCR,37.46400988135876,37.778201145217714,3.75,3.71,0.0,0.0,0.3,0.7,
744923,2024,2024-06-06,mlb,TOR,BAL,35.589362587194685,40.895008501092256,4.05,5.2,0.0,0.0,0.6,0.7,1.0
746631,2024,2024-06-06,mlb,CLE,KCR,37.46400988135876,37.778201145217714,3.47,3.71,1.0,1.0,0.7,0.3,0.0
745657,2024,2024-06-06,mlb,ATH,SEA,34.09475376131578,37.3716377777957,4.38,2.89,0.0,0.0,0.4,0.8,0.0
745495,2024,2024-06-06,mlb,PIT,LAD,33.29234677660162,45.45967339080953,4.43,5.38,0.0,0.0,0.6,0.4444444444444444,0.0
744844,2024,2024-06-06,mlb,WSN,ATL,31.19368572605881,37.437264236469105,4.29,1.99,0.0,0.0,0.4,0.5,0.0
745738,2024,2024-06-06,mlb,NYY,MIN,44.207144275614574,37.098878050832134,4.31,4.08,0.0,0.0,0.8,0.5,1.0
746707,2024,2024-06-06,mlb,CIN,CHC,34.99879326068088,37.61539330439464,2.75,3.73,0.0,0.0,0.7,0.4,1.0
745174,2024,2024-06-06,mlb,STL,COL,35.9530837512326,33.99058268355197,3.84,4.98,0.0,0.0,0.5,0.4,0.0
746784,2024,2024-06-06,mlb,CHW,BOS,24.790135536386305,38.86800370670956,7.97,3.12,0.0,0.0,0.0,0.5,0.0
745408,2024,2024-06-06,mlb,SDP,ARI,38.38776011314958,42.34091311812466,4.87,6.66,0.0,0.0,0.5,0.4,0.0
744927,2024,2024-06-05,mlb,TOR,BAL,35.589362587194685,40.895008501092256,3.6,3.7,0.0,0.0,0.5,0.8,1.0
745169,2024,2024-06-07,mlb,STL,COL,35.9530837512326,33.99058268355197,3.84,4.75,0.0,0.0,0.4,0.4,1.0
745740,2024,2024-06-05,mlb,NYY,MIN,44.207144275614574,37.098878050832134,3.96,4.99,0.0,0.0,0.8,0.6,1.0
745494,2024,2024-06-05,mlb,PIT,LAD,33.29234677660162,45.45967339080953,1.96,4.4,0.0,0.0,0.5,0.4444444444444444,1.0
744931,2024,2024-06-04,mlb,TOR,BAL,35.589362587194685,40.895008501092256,4.55,2.92,0.0,0.0,0.5,0.8,0.0
746949,2024,2024-06-04,mlb,BOS,ATL,38.86800370670956,37.437264236469105,4.36,3.25,1.0,1.0,0.4,0.4,0.0
745010,2024,2024-06-04,mlb,TEX,DET,35.292616375189546,33.85687598284515,5.31,3.17,0.0,0.0,0.5,0.7,0.0
746872,2024,2024-06-04,mlb,CHC,CHW,37.61539330439464,24.790135536386305,2.91,4.95,1.0,1.0,0.2,0.0,1.0
746380,2024,2024-06-04,mlb,HOU,STL,40.14308703242572,35.9530837512326,4.53,3.78,0.0,0.0,0.4,0.6,1.0
746550,2024,2024-06-04,mlb,COL,CIN,33.99058268355197,34.99879326068088,6.94,4.84,0.0,0.0,0.5,0.7,0.0
746222,2024,2024-06-04,mlb,LAA,SDP,32.63128486432322,38.38776011314958,5.08,7.49,0.0,0.0,0.2,0.5,1.0
745656,2024,2024-06-04,mlb,ATH,SEA,34.09475376131578,37.3716377777957,4.58,3.53,1.0,1.0,0.4,0.7,0.0
747196,2024,2024-06-04,mlb,ARI,SFG,42.34091311812466,34.51784541276469,4.42,4.56,0.0,0.0,0.4,0.4,1.0
746950,2024,2024-06-05,mlb,BOS,ATL,38.86800370670956,37.437264236469105,4.14,3.35,0.0,0.0,0.4,0.5,1.0
746379,2024,2024-06-05,mlb,HOU,STL,40.14308703242572,35.9530837512326,2.8,5.35,0.0,0.0,0.5,0.5,0.0
746544,2024,2024-06-05,mlb,COL,CIN,33.99058268355197,34.99879326068088,6.17,5.24,0.0,0.0,0.4,0.7,0.0
747195,2024,2024-06-05,mlb,ARI,SFG,42.34091311812466,34.51784541276469,6.23,4.1,0.0,0.0,0.5,0.3,0.0
744852,2024,2024-06-05,mlb,WSN,NYM,31.19368572605881,40.69178993628106,5.62,3.91,0.0,0.0,0.4,0.5555555555555556,0.0
745570,2024,2024-06-05,mlb,PHI,MIL,43.16553535983042,39.71667879174324,3.57,2.86,0.0,0.0,0.6,0.6,1.0
746056,2024,2024-06-05,mlb,MIA,TBR,28.39403698761079,29.994732830028948,5.35,3.59,0.0,0.0,0.4,0.5,0.0
745496,2024,2024-06-07,mlb,PIT,MIN,33.29234677660162,37.098878050832134,4.25,3.6,0.0,0.0,0.5,0.5,1.0
746466,2024,2024-06-07,mlb,DET,MIL,33.85687598284515,39.71667879174324,3.53,3.0,1.0,1.0,0.6,0.6,0.0
744845,2024,2024-06-07,mlb,WSN,ATL,31.19368572605881,37.437264236469105,4.41,2.38,0.0,0.0,0.3,0.5,1.0
745166,2024,2024-06-08,mlb,STL,COL,35.9530837512326,33.99058268355197,4.24,4.49,0.0,0.0,0.5,0.3,0.0
746057,2024,2024-06-08,mlb,MIA,CLE,28.39403698761079,37.46400988135876,6.53,3.81,0.0,0.0,0.4,0.5,0.0
745735,2024,2024-06-08,mlb,NYY,LAD,44.207144275614574,45.45967339080953,3.77,3.53,0.0,0.0,0.8,0.6666666666666666,0.0
745410,2024,2024-06-08,mlb,SDP,ARI,38.38776011314958,42.34091311812466,4.91,4.24,0.0,0.0,0.4,0.5,1.0
746223,2024,2024-06-08,mlb,LAA,HOU,32.63128486432322,40.14308703242572,3.81,3.49,0.0,0.0,0.4,0.5,0.0
745571,2024,2024-06-09,mlb,PHI,NYM,43.16553535983042,40.69178993628106,7.1,3.75,0.0,0.0,0.7,0.5555555555555556,0.0
745003,2024,2024-06-09,mlb,TEX,SFG,35.292616375189546,34.51784541276469,3.8,7.16,0.0,0.0,0.5,0.4,1.0
745491,2024,2024-06-09,mlb,PIT,MIN,33.29234677660162,37.098878050832134,4.14,3.98,0.0,0.0,0.6,0.3,0.0
744849,2024,2024-06-09,mlb,WSN,ATL,31.19368572605881,37.437264236469105,4.16,16.71,0.0,0.0,0.4,0.4,1.0
746705,2024,2024-06-09,mlb,CIN,CHC,34.99879326068088,37.61539330439464,4.84,2.91,0.0,0.0,0.8,0.3,0.0
745085,2024,2024-06-09,mlb,TBR,BAL,29.994732830028948,40.895008501092256,3.63,3.86,0.0,0.0,0.5,0.7,0.0
746054,2024,2024-06-09,mlb,MIA,CLE,28.39403698761079,37.46400988135876,4.92,5.64,0.0,0.0,0.3,0.5,0.0
746463,2024,2024-06-09,mlb,DET,MIL,33.85687598284515,39.71667879174324,2.39,4.04,0.0,0.0,0.4,0.7,1.0
746297,2024,2024-06-09,mlb,KCR,SEA,37.778201145217714,37.3716377777957,3.14,3.53,0.0,0.0,0.5,0.6,0.0
746787,2024,2024-06-09,mlb,CHW,BOS,24.790135536386305,38.86800370670956,4.95,3.97,0.0,0.0,0.2,0.4,0.0
746461,2024,2024-06-08,mlb,DET,MIL,33.85687598284515,39.71667879174324,4.49,3.68,0.0,0.0,0.5,0.6,0.0
746786,2024,2024-06-08,mlb,CHW,BOS,24.790135536386305,38.86800370670956,7.07,4.49,0.0,0.0,0.1,0.5,1.0
745082,2024,2024-06-08,mlb,TBR,BAL,29.994732830028948,40.895008501092256,4.11,2.75,0.0,0.0,0.6,0.6,0.0
746300,2024,2024-06-08,mlb,KCR,SEA,37.778201145217714,37.3716377777957,4.53,3.64,0.0,0.0,0.4,0.7,1.0
745083,2024,2024-06-07,mlb,TBR,BAL,29.994732830028948,40.895008501092256,4.36,5.11,1.0,0.0,0.6,0.6,0.0
745737,2024,2024-06-07,mlb,NYY,LAD,44.207144275614574,45.45967339080953,2.22,3.0,0.0,0.0,0.8,0.5555555555555556,0.0
746704,2024,2024-06-07,mlb,CIN,CHC,34.99879326068088,37.61539330439464,4.76,3.07,0.0,0.0,0.7,0.4,1.0
746053,2024,2024-06-07,mlb,MIA,CLE,28.39403698761079,37.46400988135876,3.63,5.73,1.0,0.0,0.3,0.6,1.0
745008,2024,2024-06-07,mlb,TEX,SFG,35.292616375189546,34.51784541276469,3.31,3.47,1.0,1.0,0.6,0.3,0.0
746302,2024,2024-06-07,mlb,KCR,SEA,37.778201145217714,37.3716377777957,3.32,2.94,0.0,0.0,0.3,0.8,1.0
746785,2024,2024-06-07,mlb,CHW,BOS,24.790135536386305,38.86800370670956,3.58,4.08,0.0,0.0,0.0,0.5,1.0
746216,2024,2024-06-09,mlb,LAA,HOU,32.63128486432322,40.14308703242572,5.08,5.48,0.0,0.0,0.3,0.6,1.0
746220,2024,2024-06-07,mlb,LAA,HOU,32.63128486432322,40.14308703242572,5.19,2.91,1.0,1.0,0.4,0.4,0.0
745655,2024,2024-06-07,mlb,ATH,TOR,34.09475376131578,35.589362587194685,2.86,4.16,0.0,0.0,0.3,0.7,1.0
745814,2024,2024-06-08,mlb,NYM,PHI,40.69178993628106,43.16553535983042,3.47,3.46,2.0,2.0,0.5555555555555556,0.6,0.0
745001,2024,2024-06-08,mlb,TEX,SFG,35.292616375189546,34.51784541276469,4.28,6.21,0.0,0.0,0.6,0.4,0.0
745492,2024,2024-06-08,mlb,PIT,MIN,33.29234677660162,37.098878050832134,3.38,4.17,0.0,0.0,0.5,0.4,1.0
744848,2024,2024-06-08,mlb,WSN,ATL,31.19368572605881,37.437264236469105,3.9,4.19,0.0,0.0,0.4,0.5,1.0
745652,2024,2024-06-08,mlb,ATH,TOR,34.09475376131578,35.589362587194685,5.18,3.83,0.0,0.0,0.4,0.6,0.0
746703,2024,2024-06-08,mlb,CIN,CHC,34.99879326068088,37.61539330439464,3.72,3.58,0.0,0.0,0.7,0.4,1.0
745406,2024,2024-06-07,mlb,SDP,ARI,38.38776011314958,42.34091311812466,2.95,4.71,0.0,0.0,0.4,0.5,1.0
746946,2024,2024-06-15,mlb,BOS,NYY,38.86800370670956,44.207144275614574,4.08,3.96,0.0,0.0,0.5,0.7,1.0
746135,2024,2024-06-15,mlb,LAD,KCR,45.45967339080953,37.778201145217714,3.0,3.0,0.0,0.0,0.5,0.4,0.0
746547,2024,2024-06-15,mlb,COL,PIT,33.99058268355197,33.29234677660162,6.94,4.14,0.0,0.0,0.3,0.6,1.0
745727,2024,2024-06-23,mlb,NYY,ATL,44.207144275614574,37.437264236469105,3.77,3.25,0.0,0.0,0.4,0.7,0.0
746699,2024,2024-06-23,mlb,CIN,BOS,34.99879326068088,38.86800370670956,4.76,3.97,0.0,0.0,0.4,0.8,0.0
746621,2024,2024-06-23,mlb,CLE,TOR,37.46400988135876,35.589362587194685,5.11,4.05,0.0,0.0,0.6,0.3,1.0
746457,2024,2024-06-23,mlb,DET,CHW,33.85687598284515,24.790135536386305,3.53,4.49,0.0,0.0,0.3,0.4,1.0
746051,2024,2024-06-23,mlb,MIA,SEA,28.39403698761079,37.3716377777957,5.4,2.94,0.0,0.0,0.3,0.6,1.0
746373,2024,2024-06-23,mlb,HOU,BAL,40.14308703242572,40.895008501092256,2.91,3.7,0.0,0.0,0.7,0.5,1.0
745165,2024,2024-06-23,mlb,STL,SFG,35.9530837512326,34.51784541276469,3.84,3.47,0.0,0.0,0.7,0.3,1.0
745000,2024,2024-06-23,mlb,TEX,KCR,35.292616375189546,37.778201145217714,3.95,4.53,0.0,0.0,0.5,0.3,1.0
746536,2024,2024-06-23,mlb,COL,WSN,33.99058268355197,31.19368572605881,5.24,4.41,0.0,0.0,0.3,0.6,0.0
745648,2024,2024-06-23,mlb,ATH,MIN,34.09475376131578,37.098878050832134,2.86,4.08,0.0,0.0,0.3,0.7,0.0
745396,2024,2024-06-23,mlb,SDP,MIL,38.38776011314958,39.71667879174324,2.95,3.0,0.0,0.0,0.5,0.5,0.0
746862,2024,2024-06-23,mlb,CHC,NYM,37.61539330439464,40.69178993628106,3.73,3.91,0.0,0.0,0.5,0.8,0.0
747021,2024,2024-06-24,mlb,BAL,CLE,40.895008501092256,37.46400988135876,5.2,3.47,0.0,0.0,0.4,0.6,0.0
746458,2024,2024-06-24,mlb,DET,PHI,33.85687598284515,43.16553535983042,4.49,3.57,0.0,0.0,0.4,0.5,0.0
745078,2024,2024-06-24,mlb,TBR,SEA,29.994732830028948,37.3716377777957,4.11,2.89,0.0,0.0,0.6,0.5,1.0
745485,2024,2024-06-23,mlb,PIT,TBR,33.29234677660162,29.994732830028948,1.96,4.36,0.0,0.0,0.5,0.5,0.0
746696,2024,2024-06-24,mlb,CIN,PIT,34.99879326068088,33.29234677660162,5.46,4.43,0.0,0.0,0.4,0.5,1.0
745566,2024,2024-06-23,mlb,PHI,ARI,43.16553535983042,42.34091311812466,3.32,6.66,0.0,0.0,0.4,0.6,1.0
746541,2024,2024-06-22,mlb,COL,WSN,33.99058268355197,31.19368572605881,4.98,4.29,0.0,0.0,0.3,0.7,1.0
745403,2024,2024-06-21,mlb,SDP,MIL,38.38776011314958,39.71667879174324,3.47,4.29,0.0,0.0,0.5,0.6,1.0
746131,2024,2024-06-21,mlb,LAD,LAA,45.45967339080953,32.63128486432322,3.65,5.08,0.0,1.0,0.6,0.5,0.0
746459,2024,2024-06-22,mlb,DET,CHW,33.85687598284515,24.790135536386305,6.09,5.48,0.0,0.0,0.3,0.3,0.0
745163,2024,2024-06-22,mlb,STL,SFG,35.9530837512326,34.51784541276469,5.35,4.1,1.0,1.0,0.6,0.4,1.0
746863,2024,2024-06-22,mlb,CHC,NYM,37.61539330439464,40.69178993628106,3.27,4.04,0.0,0.0,0.4,0.8,1.0
745486,2024,2024-06-22,mlb,PIT,TBR,33.29234677660162,29.994732830028948,4.14,3.59,0.0,0.0,0.5,0.6,1.0
744997,2024,2024-06-22,mlb,TEX,KCR,35.292616375189546,37.778201145217714,4.47,3.35,0.0,0.0,0.4,0.3,1.0
745564,2024,2024-06-22,mlb,PHI,ARI,43.16553535983042,42.34091311812466,2.57,7.04,0.0,0.0,0.4,0.7,1.0
745644,2024,2024-06-22,mlb,ATH,MIN,34.09475376131578,37.098878050832134,4.38,3.98,0.0,0.0,0.3,0.6,0.0
746700,2024,2024-06-22,mlb,CIN,BOS,34.99879326068088,38.86800370670956,4.84,4.14,0.0,0.0,0.4,0.7,0.0
746376,2024,2024-06-22,mlb,HOU,BAL,40.14308703242572,40.895008501092256,2.8,2.92,0.0,0.0,0.6,0.6,1.0
746622,2024,2024-06-22,mlb,CLE,TOR,37.46400988135876,35.589362587194685,3.81,3.6,0.0,0.0,0.6,0.3,1.0
746048,2024,2024-06-22,mlb,MIA,SEA,28.39403698761079,37.3716377777957,8.27,3.23,0.0,0.0,0.4,0.6,0.0
745731,2024,2024-06-22,mlb,NYY,ATL,44.207144275614574,37.437264236469105,4.31,4.19,0.0,0.0,0.4,0.7,1.0
745402,2024,2024-06-22,mlb,SDP,MIL,38.38776011314958,39.71667879174324,4.87,7.3,0.0,0.0,0.5,0.5,1.0
746132,2024,2024-06-22,mlb,LAD,LAA,45.45967339080953,32.63128486432322,3.49,8.25,0.0,0.0,0.5,0.5,1.0
746941,2024,2024-06-24,mlb,BOS,TOR,38.86800370670956,35.589362587194685,3.12,4.16,0.0,0.0,0.8,0.2,1.0
745160,2024,2024-06-24,mlb,STL,ATL,35.9530837512326,37.437264236469105,3.84,3.35,0.0,0.0,0.7,0.8,1.0
746780,2024,2024-06-24,mlb,CHW,LAD,24.790135536386305,45.45967339080953,3.58,4.4,0.0,1.0,0.4,0.6,0.0
745073,2024,2024-06-26,mlb,TBR,SEA,29.994732830028948,37.3716377777957,3.6,3.53,0.0,0.0,0.7,0.4,0.0
746695,2024,2024-06-26,mlb,CIN,PIT,34.99879326068088,33.29234677660162,5.24,3.32,0.0,0.0,0.3,0.5,0.0
746456,2024,2024-06-26,mlb,DET,PHI,33.85687598284515,43.16553535983042,2.19,2.65,0.0,0.0,0.4,0.5,0.0
745158,2024,2024-06-26,mlb,STL,ATL,35.9530837512326,37.437264236469105,4.4,6.52,1.0,1.0,0.7,0.7,1.0
746374,2024,2024-06-26,mlb,HOU,COL,40.14308703242572,33.99058268355197,4.53,4.49,0.0,0.0,0.8,0.3,1.0
746291,2024,2024-06-26,mlb,KCR,MIA,37.778201145217714,28.39403698761079,3.71,3.67,0.0,0.0,0.3,0.5,1.0
745975,2024,2024-06-26,mlb,MIL,TEX,39.71667879174324,35.292616375189546,5.4,3.8,0.0,0.0,0.6,0.4,1.0
746212,2024,2024-06-26,mlb,LAA,ATH,32.63128486432322,34.09475376131578,4.35,5.01,0.0,0.0,0.6,0.3,1.0
745400,2024,2024-06-26,mlb,SDP,WSN,38.38776011314958,31.19368572605881,3.47,4.16,0.0,0.0,0.6,0.5,1.0
747019,2024,2024-06-26,mlb,BAL,CLE,40.895008501092256,37.46400988135876,3.86,5.64,0.0,0.0,0.4,0.7,1.0
746942,2024,2024-06-26,mlb,BOS,TOR,38.86800370670956,35.589362587194685,4.14,4.13,0.0,0.0,0.8,0.3,0.0
745808,2024,2024-06-26,mlb,NYM,NYY,40.69178993628106,44.207144275614574,3.47,3.5,0.0,0.0,0.8,0.3,1.0
746777,2024,2024-06-26,mlb,CHW,LAD,24.790135536386305,45.45967339080953,3.3,3.53,0.0,0.0,0.3,0.7,0.0
747184,2024,2024-06-26,mlb,ARI,MIN,42.34091311812466,37.098878050832134,4.24,4.17,0.0,0.0,0.6,0.6,0.0
745157,2024,2024-06-26,mlb,STL,ATL,35.9530837512326,37.437264236469105,4.24,1.99,0.0,0.0,0.7,0.6,
745322,2024,2024-06-25,mlb,SFG,CHC,34.51784541276469,37.61539330439464,4.3,5.92,0.0,0.0,0.3,0.4,1.0
747188,2024,2024-06-25,mlb,ARI,MIN,42.34091311812466,37.098878050832134,4.71,3.6,1.0,1.0,0.6,0.7,1.0
745399,2024,2024-06-25,mlb,SDP,WSN,38.38776011314958,31.19368572605881,7.49,3.9,0.0,0.0,0.5,0.6,1.0
746298,2024,2024-06-24,mlb,KCR,MIA,37.778201145217714,28.39403698761079,3.14,6.53,0.0,0.0,0.3,0.4,1.0
745974,2024,2024-06-24,mlb,MIL,TEX,39.71667879174324,35.292616375189546,3.68,3.31,0.0,0.0,0.5,0.5,1.0
746218,2024,2024-06-24,mlb,LAA,ATH,32.63128486432322,34.09475376131578,5.19,5.18,1.0,0.0,0.5,0.3,1.0
745397,2024,2024-06-24,mlb,SDP,WSN,38.38776011314958,31.19368572605881,4.91,5.62,0.0,0.0,0.4,0.6,1.0
745323,2024,2024-06-24,mlb,SFG,CHC,34.51784541276469,37.61539330439464,3.88,3.07,0.0,0.0,0.3,0.4,1.0
747022,2024,2024-06-25,mlb,BAL,CLE,40.895008501092256,37.46400988135876,5.11,5.73,0.0,0.0,0.4,0.7,0.0
746454,2024,2024-06-25,mlb,DET,PHI,33.85687598284515,43.16553535983042,2.39,3.46,0.0,0.0,0.3,0.6,1.0
745649,2024,2024-06-21,mlb,ATH,MIN,34.09475376131578,37.098878050832134,5.01,4.99,0.0,0.0,0.2,0.7,1.0
745076,2024,2024-06-25,mlb,TBR,SEA,29.994732830028948,37.3716377777957,3.63,3.64,0.0,0.0,0.6,0.5,1.0
746943,2024,2024-06-25,mlb,BOS,TOR,38.86800370670956,35.589362587194685,4.49,3.83,0.0,0.0,0.8,0.2,0.0
745806,2024,2024-06-25,mlb,NYM,NYY,40.69178993628106,44.207144275614574,2.9,3.41,1.0,1.0,0.8,0.3,1.0
746372,2024,2024-06-25,mlb,HOU,COL,40.14308703242572,33.99058268355197,3.49,4.75,1.0,1.0,0.7,0.3,1.0
746775,2024,2024-06-25,mlb,CHW,LAD,24.790135536386305,45.45967339080953,4.95,8.52,0.0,0.0,0.3,0.7,0.0
746293,2024,2024-06-25,mlb,KCR,MIA,37.778201145217714,28.39403698761079,3.0,6.3,0.0,0.0,0.3,0.4,0.0
745973,2024,2024-06-25,mlb,MIL,TEX,39.71667879174324,35.292616375189546,4.73,4.28,0.0,0.0,0.6,0.4,1.0
746213,2024,2024-06-25,mlb,LAA,ATH,32.63128486432322,34.09475376131578,3.81,4.58,0.0,0.0,0.5,0.3,1.0
746697,2024,2024-06-25,mlb,CIN,PIT,34.99879326068088,33.29234677660162,2.75,4.25,0.0,0.0,0.4,0.5,0.0
746540,2024,2024-06-21,mlb,COL,WSN,33.99058268355197,31.19368572605881,6.17,4.16,0.0,0.0,0.3,0.7,0.0
746375,2024,2024-06-21,mlb,HOU,BAL,40.14308703242572,40.895008501092256,6.94,3.86,0.0,0.0,0.5,0.7,1.0
745006,2024,2024-06-21,mlb,TEX,KCR,35.292616375189546,37.778201145217714,3.8,3.71,1.0,0.0,0.4,0.3,1.0
746055,2024,2024-06-17,mlb,MIA,STL,28.39403698761079,35.9530837512326,5.35,3.84,0.0,0.0,0.2,0.6,0.0
744918,2024,2024-06-17,mlb,TOR,BOS,35.589362587194685,38.86800370670956,4.05,4.14,0.0,0.0,0.6,0.6,0.0
747108,2024,2024-06-17,mlb,ATL,DET,37.437264236469105,33.85687598284515,3.25,3.53,0.0,0.0,0.4,0.3,1.0
746868,2024,2024-06-17,mlb,CHC,SFG,37.61539330439464,34.51784541276469,3.73,4.1,0.0,0.0,0.3,0.6,0.0
745005,2024,2024-06-17,mlb,TEX,NYM,35.292616375189546,40.69178993628106,4.47,2.9,0.0,0.0,0.4,0.8,0.0
746543,2024,2024-06-17,mlb,COL,LAD,33.99058268355197,45.45967339080953,4.98,4.4,0.0,0.0,0.4,0.6,0.0
746215,2024,2024-06-17,mlb,LAA,MIL,32.63128486432322,39.71667879174324,8.25,7.3,0.0,0.0,0.5,0.6,1.0
746049,2024,2024-06-18,mlb,MIA,STL,28.39403698761079,35.9530837512326,6.53,3.84,0.0,0.0,0.2,0.7,1.0
745488,2024,2024-06-18,mlb,PIT,CIN,33.29234677660162,34.99879326068088,4.43,4.76,0.0,0.0,0.6,0.5,0.0
746627,2024,2024-06-18,mlb,CLE,SEA,37.46400988135876,37.3716377777957,5.11,2.94,1.0,1.0,0.5,0.7,0.0
745563,2024,2024-06-18,mlb,PHI,SDP,43.16553535983042,38.38776011314958,3.57,2.95,0.0,0.0,0.5,0.5,1.0
744843,2024,2024-06-18,mlb,WSN,ARI,31.19368572605881,42.34091311812466,4.41,6.66,1.0,1.0,0.8,0.6,0.0
745733,2024,2024-06-18,mlb,NYY,BAL,44.207144275614574,40.895008501092256,3.77,3.7,1.0,1.0,0.5,0.8,1.0
744917,2024,2024-06-18,mlb,TOR,BOS,35.589362587194685,38.86800370670956,4.16,3.12,0.0,0.0,0.5,0.6,0.0
747107,2024,2024-06-18,mlb,ATL,DET,37.437264236469105,33.85687598284515,3.35,4.49,0.0,0.0,0.4,0.3,1.0
745567,2024,2024-06-17,mlb,PHI,SDP,43.16553535983042,38.38776011314958,3.32,4.87,0.0,0.0,0.5,0.5,1.0
745490,2024,2024-06-17,mlb,PIT,CIN,33.29234677660162,34.99879326068088,1.96,5.46,0.0,0.0,0.5,0.6,1.0
746945,2024,2024-06-16,mlb,BOS,NYY,38.86800370670956,44.207144275614574,4.36,4.31,0.0,0.0,0.6,0.6,1.0
747189,2024,2024-06-16,mlb,ARI,CHW,42.34091311812466,24.790135536386305,6.23,5.48,0.0,0.0,0.5,0.4,1.0
747187,2024,2024-06-15,mlb,ARI,CHW,42.34091311812466,24.790135536386305,7.44,3.3,0.0,0.0,0.6,0.3,0.0
746866,2024,2024-06-16,mlb,CHC,STL,37.61539330439464,35.9530837512326,3.27,5.35,0.0,0.0,0.4,0.6,0.0
747023,2024,2024-06-16,mlb,BAL,PHI,40.895008501092256,43.16553535983042,2.92,2.57,0.0,0.0,0.7,0.6,1.0
747109,2024,2024-06-16,mlb,ATL,TBR,37.437264236469105,29.994732830028948,16.71,3.59,0.0,0.0,0.4,0.3,0.0
744839,2024,2024-06-16,mlb,WSN,MIA,31.19368572605881,28.39403698761079,4.29,5.0,0.0,0.0,0.7,0.2,1.0
744926,2024,2024-06-16,mlb,TOR,CLE,35.589362587194685,37.46400988135876,3.6,3.81,0.0,0.0,0.6,0.5,1.0
745893,2024,2024-06-18,mlb,MIN,TBR,37.098878050832134,29.994732830028948,4.08,4.36,1.0,1.0,0.7,0.3,1.0
745807,2024,2024-06-16,mlb,NYM,SDP,40.69178993628106,38.38776011314958,4.04,3.47,0.0,0.0,0.8,0.5,1.0
745895,2024,2024-06-16,mlb,MIN,ATH,37.098878050832134,34.09475376131578,3.98,4.38,1.0,1.0,0.5,0.2,1.0
745891,2024,2024-06-16,mlb,MIN,ATH,37.098878050832134,34.09475376131578,4.99,5.01,0.0,0.0,0.6,0.1,1.0
745977,2024,2024-06-16,mlb,MIL,CIN,39.71667879174324,34.99879326068088,4.29,4.84,0.0,0.0,0.5,0.7,1.0
746546,2024,2024-06-16,mlb,COL,PIT,33.99058268355197,33.29234677660162,6.17,4.02,0.0,0.0,0.4,0.5,0.0
745321,2024,2024-06-16,mlb,SFG,LAA,34.51784541276469,32.63128486432322,3.88,2.08,0.0,0.0,0.5,0.6,1.0
746130,2024,2024-06-16,mlb,LAD,KCR,45.45967339080953,37.778201145217714,3.49,3.71,0.0,0.0,0.5,0.5,1.0
745242,2024,2024-06-16,mlb,SEA,TEX,37.3716377777957,35.292616375189546,3.23,5.31,0.0,0.0,0.7,0.4,1.0
746377,2024,2024-06-16,mlb,HOU,DET,40.14308703242572,33.85687598284515,2.8,6.09,0.0,0.0,0.5,0.4,1.0
745739,2024,2024-06-04,mlb,NYY,MIN,44.207144275614574,37.098878050832134,3.5,3.98,1.0,1.0,0.8,0.7,1.0
746867,2024,2024-06-18,mlb,CHC,SFG,37.61539330439464,34.51784541276469,3.07,3.47,0.0,0.0,0.3,0.6,1.0
746783,2024,2024-06-18,mlb,CHW,HOU,24.790135536386305,40.14308703242572,4.49,2.91,1.0,1.0,0.4,0.5,1.0
745889,2024,2024-06-20,mlb,MIN,TBR,37.098878050832134,29.994732830028948,4.17,3.63,0.0,0.0,0.8,0.4,0.0
746782,2024,2024-06-20,mlb,CHW,HOU,24.790135536386305,40.14308703242572,4.95,4.53,0.0,0.0,0.3,0.5,0.0
746539,2024,2024-06-20,mlb,COL,LAD,33.99058268355197,45.45967339080953,6.94,3.53,0.0,0.0,0.3,0.5,0.0
745645,2024,2024-06-20,mlb,ATH,KCR,34.09475376131578,37.778201145217714,4.58,3.0,0.0,0.0,0.2,0.2,0.0
745734,2024,2024-06-20,mlb,NYY,BAL,44.207144275614574,40.895008501092256,3.5,5.11,0.0,0.0,0.6,0.7,0.0
745164,2024,2024-06-20,mlb,STL,SFG,35.9530837512326,34.51784541276469,3.78,7.16,0.0,0.0,0.6,0.4,1.0
745401,2024,2024-06-20,mlb,SDP,MIL,38.38776011314958,39.71667879174324,7.49,4.04,0.0,0.0,0.4,0.6,1.0
746861,2024,2024-06-21,mlb,CHC,NYM,37.61539330439464,40.69178993628106,2.91,3.75,1.0,1.0,0.5,0.8,0.0
745483,2024,2024-06-21,mlb,PIT,TBR,33.29234677660162,29.994732830028948,3.38,3.6,1.0,0.0,0.5,0.5,0.0
745562,2024,2024-06-21,mlb,PHI,ARI,43.16553535983042,42.34091311812466,7.1,6.23,1.0,0.0,0.4,0.7,0.0
746460,2024,2024-06-21,mlb,DET,CHW,33.85687598284515,24.790135536386305,3.17,3.3,1.0,0.0,0.3,0.3,1.0
745729,2024,2024-06-21,mlb,NYY,ATL,44.207144275614574,37.437264236469105,3.96,2.38,0.0,1.0,0.5,0.6,0.0
746698,2024,2024-06-21,mlb,CIN,BOS,34.99879326068088,38.86800370670956,3.72,4.36,1.0,1.0,0.4,0.8,1.0
746624,2024,2024-06-21,mlb,CLE,TOR,37.46400988135876,35.589362587194685,5.64,4.47,0.0,1.0,0.6,0.4,1.0
746052,2024,2024-06-21,mlb,MIA,SEA,28.39403698761079,37.3716377777957,4.92,3.53,1.0,0.0,0.3,0.7,1.0
746626,2024,2024-06-20,mlb,CLE,SEA,37.46400988135876,37.3716377777957,5.73,3.64,0.0,0.0,0.5,0.8,1.0
744841,2024,2024-06-20,mlb,WSN,ARI,31.19368572605881,42.34091311812466,3.9,4.24,0.0,0.0,0.8,0.6,0.0
745646,2024,2024-06-19,mlb,ATH,KCR,34.09475376131578,37.778201145217714,5.18,3.14,0.0,0.0,0.1,0.3,1.0
746219,2024,2024-06-19,mlb,LAA,MIL,32.63128486432322,39.71667879174324,3.81,3.68,0.0,0.0,0.5,0.6,0.0
746542,2024,2024-06-18,mlb,COL,LAD,33.99058268355197,45.45967339080953,4.75,5.38,0.0,0.0,0.3,0.6,0.0
746217,2024,2024-06-18,mlb,LAA,MIL,32.63128486432322,39.71667879174324,5.19,3.0,0.0,0.0,0.5,0.6,0.0
745650,2024,2024-06-18,mlb,ATH,KCR,34.09475376131578,37.778201145217714,2.86,4.53,1.0,1.0,0.1,0.4,1.0
747106,2024,2024-06-19,mlb,ATL,DET,37.437264236469105,33.85687598284515,1.99,2.39,0.0,0.0,0.5,0.3,1.0
745489,2024,2024-06-19,mlb,PIT,CIN,33.29234677660162,34.99879326068088,4.25,2.75,0.0,0.0,0.5,0.5,1.0
746050,2024,2024-06-19,mlb,MIA,STL,28.39403698761079,35.9530837512326,6.3,4.4,0.0,0.0,0.2,0.6,1.0
745561,2024,2024-06-19,mlb,PHI,SDP,43.16553535983042,38.38776011314958,3.46,4.91,0.0,0.0,0.5,0.4,0.0
745004,2024,2024-06-18,mlb,TEX,NYM,35.292616375189546,40.69178993628106,3.31,3.91,0.0,0.0,0.3,0.8,0.0
746864,2024,2024-06-19,mlb,CHC,SFG,37.61539330439464,34.51784541276469,5.92,3.88,0.0,0.0,0.4,0.5,1.0
746625,2024,2024-06-19,mlb,CLE,SEA,37.46400988135876,37.3716377777957,3.47,2.89,0.0,0.0,0.4,0.8,1.0
745732,2024,2024-06-19,mlb,NYY,BAL,44.207144275614574,40.895008501092256,3.41,5.2,0.0,0.0,0.6,0.7,0.0
744920,2024,2024-06-19,mlb,TOR,BOS,35.589362587194685,38.86800370670956,3.83,4.49,0.0,0.0,0.5,0.7,0.0
745887,2024,2024-06-19,mlb,MIN,TBR,37.098878050832134,29.994732830028948,3.6,4.11,0.0,0.0,0.8,0.3,0.0
745002,2024,2024-06-19,mlb,TEX,NYM,35.292616375189546,40.69178993628106,4.28,3.47,0.0,0.0,0.3,0.8,1.0
746781,2024,2024-06-19,mlb,CHW,HOU,24.790135536386305,40.14308703242572,3.58,3.49,0.0,0.0,0.4,0.5,0.0
746538,2024,2024-06-19,mlb,COL,LAD,33.99058268355197,45.45967339080953,4.49,8.52,0.0,0.0,0.3,0.6,1.0
744842,2024,2024-06-19,mlb,WSN,ARI,31.19368572605881,42.34091311812466,5.62,4.71,0.0,0.0,0.8,0.6,1.0
747185,2024,2024-06-27,mlb,ARI,MIN,42.34091311812466,37.098878050832134,6.23,4.9,0.0,0.0,0.5,0.6,0.0
744850,2024,2024-06-04,mlb,WSN,NYM,31.19368572605881,40.69178993628106,4.16,2.9,0.0,0.0,0.5,0.4444444444444444,0.0
746060,2024,2024-06-04,mlb,MIA,TBR,28.39403698761079,29.994732830028948,5.0,3.6,1.0,1.0,0.5,0.4,0.0
746392,2024,2024-05-19,mlb,HOU,MIL,40.14308703242572,39.71667879174324,4.53,4.29,0.0,0.0,0.8,0.6,1.0
746880,2024,2024-05-19,mlb,CHC,PIT,37.61539330439464,33.29234677660162,3.27,4.25,0.0,0.0,0.4,0.4,0.0
745012,2024,2024-05-19,mlb,TEX,LAA,35.292616375189546,32.63128486432322,3.31,3.42,0.0,0.0,0.3,0.4,0.0
745336,2024,2024-05-19,mlb,SFG,COL,34.51784541276469,33.99058268355197,4.1,6.17,0.0,0.0,0.6,0.7,1.0
747198,2024,2024-05-19,mlb,ARI,DET,42.34091311812466,33.85687598284515,6.23,4.88,0.0,0.0,0.5,0.5,1.0
746144,2024,2024-05-19,mlb,LAD,CIN,45.45967339080953,34.99879326068088,3.65,2.75,0.0,0.0,0.6,0.3,1.0
747120,2024,2024-05-19,mlb,ATL,SDP,37.437264236469105,38.38776011314958,6.52,3.31,1.0,1.0,0.6,0.5,0.0
747119,2024,2024-05-20,mlb,ATL,SDP,37.437264236469105,38.38776011314958,1.99,3.47,0.0,0.0,0.6,0.5,0.0
744935,2024,2024-05-20,mlb,TOR,CHW,35.589362587194685,24.790135536386305,3.6,3.3,0.0,0.0,0.4,0.5,1.0
746637,2024,2024-05-20,mlb,CLE,NYM,37.46400988135876,40.69178993628106,3.81,4.04,0.0,0.0,0.6,0.3,1.0
746066,2024,2024-05-20,mlb,MIA,MIL,28.39403698761079,39.71667879174324,3.63,3.77,0.0,0.0,0.5,0.6,1.0
744857,2024,2024-05-20,mlb,WSN,MIN,31.19368572605881,37.098878050832134,4.29,4.08,0.0,0.0,0.2,0.3,1.0
745093,2024,2024-05-20,mlb,TBR,BOS,29.994732830028948,38.86800370670956,4.11,3.12,0.0,0.0,0.6,0.4,0.0
745746,2024,2024-05-20,mlb,NYY,SEA,44.207144275614574,37.3716377777957,4.31,3.23,0.0,0.0,0.8,0.5,0.0
746306,2024,2024-05-19,mlb,KCR,ATH,37.778201145217714,34.09475376131578,3.71,4.38,0.0,0.0,0.7,0.1,1.0
746307,2024,2024-05-20,mlb,KCR,DET,37.778201145217714,33.85687598284515,3.35,3.53,0.0,0.0,0.7,0.4,1.0
746064,2024,2024-05-19,mlb,MIA,NYM,28.39403698761079,40.69178993628106,6.06,3.47,0.0,0.0,0.5,0.3,0.0
744937,2024,2024-05-19,mlb,TOR,TBR,35.589362587194685,29.994732830028948,3.7,4.36,0.0,0.0,0.3,0.6,1.0
745339,2024,2024-05-18,mlb,SFG,COL,34.51784541276469,33.99058268355197,4.56,6.94,0.0,0.0,0.6,0.7,1.0
746067,2024,2024-05-18,mlb,MIA,NYM,28.39403698761079,40.69178993628106,5.35,3.91,0.0,0.0,0.4,0.4,1.0
745581,2024,2024-05-18,mlb,PHI,WSN,43.16553535983042,31.19368572605881,3.32,3.9,0.0,0.0,0.7,0.4,1.0
746642,2024,2024-05-18,mlb,CLE,MIN,37.46400988135876,37.098878050832134,5.73,3.98,0.0,0.0,0.5,0.4,1.0
746308,2024,2024-05-18,mlb,KCR,ATH,37.778201145217714,34.09475376131578,3.0,6.01,0.0,0.0,0.6,0.2,1.0
746389,2024,2024-05-18,mlb,HOU,MIL,40.14308703242572,39.71667879174324,5.48,4.04,0.0,0.0,0.8,0.6,0.0
745177,2024,2024-05-18,mlb,STL,BOS,35.9530837512326,38.86800370670956,5.35,4.36,0.0,0.0,0.4,0.3,1.0
745013,2024,2024-05-18,mlb,TEX,LAA,35.292616375189546,32.63128486432322,3.8,5.08,0.0,0.0,0.3,0.5,1.0
747202,2024,2024-05-18,mlb,ARI,DET,42.34091311812466,33.85687598284515,3.65,3.17,0.0,0.0,0.6,0.4,0.0
746142,2024,2024-05-18,mlb,LAD,CIN,45.45967339080953,34.99879326068088,5.38,5.24,0.0,0.0,0.6,0.3,1.0
747121,2024,2024-05-20,mlb,ATL,SDP,37.437264236469105,38.38776011314958,6.52,3.31,0.0,0.0,0.5,0.6,
745179,2024,2024-05-19,mlb,STL,BOS,35.9530837512326,38.86800370670956,4.4,4.14,0.0,0.0,0.5,0.3,0.0
747035,2024,2024-05-19,mlb,BAL,SEA,40.895008501092256,37.3716377777957,2.92,3.53,0.0,0.0,0.6,0.5,1.0
745577,2024,2024-05-19,mlb,PHI,WSN,43.16553535983042,31.19368572605881,3.57,2.03,0.0,0.0,0.7,0.3,1.0
745745,2024,2024-05-19,mlb,NYY,CHW,44.207144275614574,24.790135536386305,3.96,4.95,0.0,0.0,0.8,0.6,1.0
746636,2024,2024-05-19,mlb,CLE,MIN,37.46400988135876,37.098878050832134,3.47,4.99,0.0,0.0,0.6,0.4,1.0
745181,2024,2024-05-20,mlb,STL,BAL,35.9530837512326,40.895008501092256,3.84,4.1,0.0,0.0,0.5,0.6,1.0
746390,2024,2024-05-20,mlb,HOU,LAA,40.14308703242572,32.63128486432322,2.91,6.7,0.0,0.0,0.8,0.4,0.0
746146,2024,2024-05-20,mlb,LAD,ARI,45.45967339080953,42.34091311812466,3.0,3.92,0.0,0.0,0.6,0.5,1.0
746304,2024,2024-05-22,mlb,KCR,DET,37.778201145217714,33.85687598284515,3.14,2.39,0.0,0.0,0.7,0.4,1.0
746712,2024,2024-05-22,mlb,CIN,SDP,34.99879326068088,38.38776011314958,3.1,2.95,0.0,0.0,0.3,0.4444444444444444,0.0
745502,2024,2024-05-22,mlb,PIT,SFG,33.29234677660162,34.51784541276469,4.14,3.12,0.0,0.0,0.6,0.6,0.0
745576,2024,2024-05-22,mlb,PHI,TEX,43.16553535983042,35.292616375189546,7.1,5.31,0.0,0.0,0.8,0.2,1.0
746063,2024,2024-05-22,mlb,MIA,MIL,28.39403698761079,39.71667879174324,5.0,3.68,0.0,0.0,0.6,0.5,1.0
745089,2024,2024-05-22,mlb,TBR,BOS,29.994732830028948,38.86800370670956,3.6,4.49,0.0,0.0,0.5,0.5,0.0
745743,2024,2024-05-22,mlb,NYY,SEA,44.207144275614574,37.3716377777957,3.77,2.94,0.0,0.0,0.7,0.6,1.0
744933,2024,2024-05-22,mlb,TOR,CHW,35.589362587194685,24.790135536386305,4.16,7.07,0.0,0.0,0.4,0.4,1.0
746876,2024,2024-05-22,mlb,CHC,ATL,37.61539330439464,37.437264236469105,3.07,3.25,0.0,0.0,0.4,0.3333333333333333,0.0
745661,2024,2024-05-22,mlb,ATH,COL,34.09475376131578,33.99058268355197,4.58,4.75,0.0,0.0,0.2,0.6,0.0
746143,2024,2024-05-22,mlb,LAD,ARI,45.45967339080953,42.34091311812466,3.49,8.15,0.0,0.0,0.6,0.5,0.0
745500,2024,2024-05-23,mlb,PIT,SFG,33.29234677660162,34.51784541276469,1.96,3.88,0.0,0.0,0.5,0.7,0.0
745741,2024,2024-05-23,mlb,NYY,SEA,44.207144275614574,37.3716377777957,3.5,3.64,0.0,0.0,0.8,0.6,1.0
745573,2024,2024-05-23,mlb,PHI,TEX,43.16553535983042,35.292616375189546,2.57,4.28,0.0,0.0,0.8,0.2,1.0
746714,2024,2024-05-23,mlb,CIN,SDP,34.99879326068088,38.38776011314958,4.84,4.91,0.0,0.0,0.3,0.5555555555555556,0.0
746386,2024,2024-05-22,mlb,HOU,LAA,40.14308703242572,32.63128486432322,3.49,3.81,0.0,0.0,0.8,0.5,0.0
745173,2024,2024-05-22,mlb,STL,BAL,35.9530837512326,40.895008501092256,4.24,2.61,0.0,0.0,0.7,0.5,1.0
746634,2024,2024-05-22,mlb,CLE,NYM,37.46400988135876,40.69178993628106,5.11,3.75,0.0,0.0,0.8,0.3,1.0
744856,2024,2024-05-22,mlb,WSN,MIN,31.19368572605881,37.098878050832134,4.41,4.17,0.0,0.0,0.2,0.2,0.0
746633,2024,2024-05-21,mlb,CLE,NYM,37.46400988135876,40.69178993628106,4.64,5.84,0.0,0.0,0.7,0.3,1.0
746716,2024,2024-05-21,mlb,CIN,SDP,34.99879326068088,38.38776011314958,3.72,3.88,1.0,0.0,0.3,0.5555555555555556,1.0
745503,2024,2024-05-21,mlb,PIT,SFG,33.29234677660162,34.51784541276469,4.53,3.47,1.0,1.0,0.5,0.6,1.0
745578,2024,2024-05-21,mlb,PHI,TEX,43.16553535983042,35.292616375189546,3.46,4.47,1.0,1.0,0.8,0.3,1.0
746058,2024,2024-05-21,mlb,MIA,MIL,28.39403698761079,39.71667879174324,4.92,2.57,0.0,0.0,0.6,0.5,0.0
744860,2024,2024-05-21,mlb,WSN,MIN,31.19368572605881,37.098878050832134,5.62,3.6,0.0,0.0,0.3,0.2,0.0
745090,2024,2024-05-21,mlb,TBR,BOS,29.994732830028948,38.86800370670956,3.63,4.08,0.0,0.0,0.6,0.5,0.0
747036,2024,2024-05-18,mlb,BAL,SEA,40.895008501092256,37.3716377777957,3.86,3.64,0.0,0.0,0.7,0.5,0.0
745742,2024,2024-05-21,mlb,NYY,SEA,44.207144275614574,37.3716377777957,2.85,2.89,0.0,0.0,0.8,0.6,0.0
746309,2024,2024-05-21,mlb,KCR,DET,37.778201145217714,33.85687598284515,4.53,4.49,0.0,0.0,0.7,0.4,1.0
746875,2024,2024-05-21,mlb,CHC,ATL,37.61539330439464,37.437264236469105,3.73,4.19,1.0,0.0,0.4,0.4444444444444444,1.0
746385,2024,2024-05-21,mlb,HOU,LAA,40.14308703242572,32.63128486432322,3.89,5.19,0.0,0.0,0.7,0.5,1.0
745662,2024,2024-05-21,mlb,ATH,COL,34.09475376131578,33.99058268355197,5.06,4.98,1.0,1.0,0.1,0.7,1.0
746145,2024,2024-05-21,mlb,LAD,ARI,45.45967339080953,42.34091311812466,3.53,4.71,0.0,0.0,0.7,0.4,0.0
745180,2024,2024-05-21,mlb,STL,BAL,35.9530837512326,40.895008501092256,3.84,2.75,0.0,0.0,0.6,0.6,1.0
744936,2024,2024-05-21,mlb,TOR,CHW,35.589362587194685,24.790135536386305,4.05,3.58,0.0,0.0,0.5,0.4,0.0
746874,2024,2024-05-23,mlb,CHC,ATL,37.61539330439464,37.437264236469105,3.58,0.0,0.0,0.0,0.4,0.3333333333333333,0.0
744938,2024,2024-05-18,mlb,TOR,TBR,35.589362587194685,29.994732830028948,3.83,3.59,0.0,0.0,0.4,0.6,0.0
745744,2024,2024-05-18,mlb,NYY,CHW,44.207144275614574,24.790135536386305,3.5,5.44,0.0,0.0,0.8,0.6,1.0
745343,2024,2024-05-13,mlb,SFG,LAD,34.51784541276469,45.45967339080953,4.1,3.0,0.0,0.0,0.4,0.8,0.0
745821,2024,2024-05-14,mlb,NYM,PHI,40.69178993628106,43.16553535983042,2.55,3.57,0.0,0.0,0.4,0.8,0.0
746796,2024,2024-05-14,mlb,CHW,WSN,24.790135536386305,31.19368572605881,4.95,2.03,1.0,1.0,0.6,0.5,0.0
746799,2024,2024-05-14,mlb,CHW,WSN,24.790135536386305,31.19368572605881,3.3,4.29,0.0,0.0,0.6,0.5,1.0
746473,2024,2024-05-14,mlb,DET,MIA,33.85687598284515,28.39403698761079,3.53,3.63,0.0,0.0,0.3,0.2,0.0
746962,2024,2024-05-14,mlb,BOS,TBR,38.86800370670956,29.994732830028948,4.14,4.36,0.0,0.0,0.3,0.7,1.0
747124,2024,2024-05-14,mlb,ATL,CHC,37.437264236469105,37.61539330439464,2.38,3.27,0.0,0.0,0.6,0.5,1.0
745909,2024,2024-05-14,mlb,MIN,NYY,37.098878050832134,44.207144275614574,4.99,3.96,1.0,1.0,0.7,0.7,0.0
745989,2024,2024-05-14,mlb,MIL,PIT,39.71667879174324,33.29234677660162,3.77,4.71,0.0,0.0,0.4,0.5,1.0
745014,2024,2024-05-14,mlb,TEX,CLE,35.292616375189546,37.46400988135876,8.83,3.81,0.0,0.0,0.5,0.6,0.0
746396,2024,2024-05-14,mlb,HOU,ATH,40.14308703242572,34.09475376131578,2.8,4.38,0.0,0.0,0.5,0.3,1.0
746235,2024,2024-05-14,mlb,LAA,STL,32.63128486432322,35.9530837512326,6.7,3.84,0.0,0.0,0.3,0.3,0.0
747205,2024,2024-05-14,mlb,ARI,CIN,42.34091311812466,34.99879326068088,6.66,2.75,0.0,0.0,0.6,0.1,0.0
745418,2024,2024-05-14,mlb,SDP,COL,38.38776011314958,33.99058268355197,3.47,4.98,0.0,0.0,0.6,0.6,0.0
745256,2024,2024-05-13,mlb,SEA,KCR,37.3716377777957,37.778201145217714,3.53,3.71,0.0,0.0,0.5,0.6,1.0
745257,2024,2024-05-14,mlb,SEA,KCR,37.3716377777957,37.778201145217714,3.23,3.35,0.0,0.0,0.6,0.5,0.0
745420,2024,2024-05-13,mlb,SDP,COL,38.38776011314958,33.99058268355197,4.87,6.17,0.0,0.0,0.7,0.5,0.0
746233,2024,2024-05-13,mlb,LAA,STL,32.63128486432322,35.9530837512326,3.42,4.4,0.0,0.0,0.4,0.2,0.0
745990,2024,2024-05-12,mlb,MIL,STL,39.71667879174324,35.9530837512326,4.04,5.35,0.0,0.0,0.6,0.1,0.0
746555,2024,2024-05-12,mlb,COL,TEX,33.99058268355197,35.292616375189546,6.94,3.8,0.0,0.0,0.4,0.6,1.0
745345,2024,2024-05-12,mlb,SFG,CIN,34.51784541276469,34.99879326068088,4.56,4.84,0.0,0.0,0.4,0.1,1.0
746234,2024,2024-05-12,mlb,LAA,KCR,32.63128486432322,37.778201145217714,5.08,3.0,0.0,0.0,0.4,0.6,0.0
745419,2024,2024-05-12,mlb,SDP,LAD,38.38776011314958,45.45967339080953,3.31,5.38,0.0,0.0,0.7,0.8,1.0
745255,2024,2024-05-12,mlb,SEA,ATH,37.3716377777957,34.09475376131578,3.64,5.26,0.0,0.0,0.4,0.5,1.0
745825,2024,2024-05-12,mlb,NYM,ATL,40.69178993628106,37.437264236469105,3.91,6.52,0.0,0.0,0.4,0.5,1.0
747040,2024,2024-05-13,mlb,BAL,TOR,40.895008501092256,35.589362587194685,2.92,3.6,0.0,0.0,0.7,0.3,0.0
746471,2024,2024-05-13,mlb,DET,MIA,33.85687598284515,28.39403698761079,4.88,6.06,0.0,0.0,0.3,0.3,1.0
746961,2024,2024-05-13,mlb,BOS,TBR,38.86800370670956,29.994732830028948,4.36,3.59,0.0,0.0,0.4,0.6,0.0
745826,2024,2024-05-13,mlb,NYM,PHI,40.69178993628106,43.16553535983042,3.47,3.32,0.0,0.0,0.4,0.8,0.0
747128,2024,2024-05-13,mlb,ATL,CHC,37.437264236469105,37.61539330439464,1.99,2.91,0.0,0.0,0.5,0.5,1.0
745991,2024,2024-05-13,mlb,MIL,PIT,39.71667879174324,33.29234677660162,4.29,4.25,0.0,0.0,0.5,0.4,0.0
745019,2024,2024-05-13,mlb,TEX,CLE,35.292616375189546,37.46400988135876,3.31,3.47,0.0,0.0,0.5,0.5,0.0
746393,2024,2024-05-13,mlb,HOU,ATH,40.14308703242572,34.09475376131578,4.53,6.01,0.0,0.0,0.5,0.4,1.0
747204,2024,2024-05-13,mlb,ARI,CIN,42.34091311812466,34.99879326068088,6.23,5.24,0.0,0.0,0.5,0.1,1.0
745342,2024,2024-05-14,mlb,SFG,LAD,34.51784541276469,45.45967339080953,7.16,3.53,0.0,0.0,0.4,0.8,0.0
747039,2024,2024-07-29,mlb,BAL,TOR,40.895008501092256,35.589362587194685,2.75,4.16,0.0,0.0,0.5,0.5,
747038,2024,2024-05-15,mlb,BAL,TOR,40.895008501092256,35.589362587194685,2.75,4.05,1.0,1.0,0.7,0.4,1.0
746878,2024,2024-05-17,mlb,CHC,PIT,37.61539330439464,33.29234677660162,5.92,1.96,0.0,0.0,0.4,0.4,0.0
745579,2024,2024-05-17,mlb,PHI,WSN,43.16553535983042,31.19368572605881,2.57,4.41,0.0,1.0,0.7,0.4,1.0
747037,2024,2024-05-17,mlb,BAL,SEA,40.895008501092256,37.3716377777957,2.61,2.94,1.0,1.0,0.7,0.5,1.0
745747,2024,2024-05-17,mlb,NYY,CHW,44.207144275614574,24.790135536386305,3.77,6.75,0.0,1.0,0.8,0.6,1.0
744934,2024,2024-05-17,mlb,TOR,TBR,35.589362587194685,29.994732830028948,4.16,5.1,1.0,0.0,0.4,0.6,0.0
746641,2024,2024-05-17,mlb,CLE,MIN,37.46400988135876,37.098878050832134,5.11,4.17,1.0,0.0,0.5,0.5,1.0
746065,2024,2024-05-17,mlb,MIA,NYM,28.39403698761079,40.69178993628106,5.0,4.56,1.0,0.0,0.4,0.4,1.0
747122,2024,2024-05-17,mlb,ATL,SDP,37.437264236469105,38.38776011314958,3.25,4.91,1.0,1.0,0.6,0.4,0.0
746310,2024,2024-05-17,mlb,KCR,ATH,37.778201145217714,34.09475376131578,3.14,4.58,1.0,0.0,0.6,0.2,1.0
745016,2024,2024-05-17,mlb,TEX,LAA,35.292616375189546,32.63128486432322,4.28,3.81,1.0,1.0,0.4,0.4,0.0
746388,2024,2024-05-17,mlb,HOU,MIL,40.14308703242572,39.71667879174324,3.49,3.68,0.0,1.0,0.7,0.6,1.0
745178,2024,2024-05-17,mlb,STL,BOS,35.9530837512326,38.86800370670956,4.24,4.49,1.0,0.0,0.3,0.4,1.0
747201,2024,2024-05-17,mlb,ARI,DET,42.34091311812466,33.85687598284515,4.24,2.39,1.0,1.0,0.7,0.3,0.0
746148,2024,2024-05-17,mlb,LAD,CIN,45.45967339080953,34.99879326068088,4.4,4.84,0.0,0.0,0.6,0.3,1.0
745335,2024,2024-05-17,mlb,SFG,COL,34.51784541276469,33.99058268355197,6.44,4.49,1.0,1.0,0.5,0.7,1.0
746150,2024,2024-05-16,mlb,LAD,CIN,45.45967339080953,34.99879326068088,3.49,3.15,0.0,0.0,0.7,0.2,0.0
746391,2024,2024-05-16,mlb,HOU,ATH,40.14308703242572,34.09475376131578,3.89,5.01,0.0,0.0,0.6,0.2,1.0
746881,2024,2024-05-16,mlb,CHC,PIT,37.61539330439464,33.29234677660162,3.07,4.14,0.0,0.0,0.5,0.4,0.0
746959,2024,2024-05-16,mlb,BOS,TBR,38.86800370670956,29.994732830028948,4.08,3.63,0.0,0.0,0.4,0.6,0.0
746472,2024,2024-05-15,mlb,DET,MIA,33.85687598284515,28.39403698761079,4.49,4.92,0.0,0.0,0.3,0.3,0.0
745992,2024,2024-05-15,mlb,MIL,PIT,39.71667879174324,33.29234677660162,2.57,4.53,0.0,0.0,0.5,0.5,1.0
746795,2024,2024-05-15,mlb,CHW,WSN,24.790135536386305,31.19368572605881,3.58,5.62,0.0,0.0,0.6,0.5,1.0
747203,2024,2024-05-15,mlb,ARI,CIN,42.34091311812466,34.99879326068088,4.71,3.72,0.0,0.0,0.6,0.2,1.0
745417,2024,2024-05-15,mlb,SDP,COL,38.38776011314958,33.99058268355197,2.95,4.75,0.0,0.0,0.5,0.6,0.0
745259,2024,2024-05-15,mlb,SEA,KCR,37.3716377777957,37.778201145217714,2.89,4.53,0.0,0.0,0.5,0.6,1.0
745582,2024,2024-05-15,mlb,PHI,NYM,43.16553535983042,40.69178993628106,3.46,5.23,0.0,0.0,0.8,0.3,1.0
746882,2024,2024-05-18,mlb,CHC,PIT,37.61539330439464,33.29234677660162,2.91,4.43,0.0,0.0,0.4,0.4,1.0
746960,2024,2024-05-15,mlb,BOS,TBR,38.86800370670956,29.994732830028948,3.12,4.11,0.0,0.0,0.4,0.6,0.0
745908,2024,2024-05-15,mlb,MIN,NYY,37.098878050832134,44.207144275614574,4.08,4.31,0.0,0.0,0.6,0.8,0.0
745015,2024,2024-05-15,mlb,TEX,CLE,35.292616375189546,37.46400988135876,4.47,5.64,0.0,0.0,0.4,0.6,1.0
746397,2024,2024-05-15,mlb,HOU,ATH,40.14308703242572,34.09475376131578,2.91,5.06,0.0,0.0,0.5,0.2,1.0
746231,2024,2024-05-15,mlb,LAA,STL,32.63128486432322,35.9530837512326,5.19,3.84,0.0,0.0,0.3,0.3,1.0
745341,2024,2024-05-15,mlb,SFG,LAD,34.51784541276469,45.45967339080953,3.47,6.32,0.0,0.0,0.4,0.8,1.0
745907,2024,2024-05-16,mlb,MIN,NYY,37.098878050832134,44.207144275614574,3.6,2.85,0.0,0.0,0.5,0.8,0.0
745580,2024,2024-05-16,mlb,PHI,NYM,43.16553535983042,40.69178993628106,7.1,3.75,0.0,0.0,0.8,0.3,0.0
747123,2024,2024-05-15,mlb,ATL,CHC,37.437264236469105,37.61539330439464,4.19,3.73,0.0,0.0,0.6,0.5,0.0
745660,2024,2024-05-23,mlb,ATH,COL,34.09475376131578,33.99058268355197,5.01,4.49,0.0,0.0,0.1,0.6,1.0
746474,2024,2024-05-23,mlb,DET,TOR,33.85687598284515,35.589362587194685,3.17,3.83,0.0,0.0,0.3,0.5,0.0
746792,2024,2024-05-23,mlb,CHW,BAL,24.790135536386305,40.895008501092256,6.75,3.86,0.0,0.0,0.3,0.4,0.0
745574,2024,2024-05-31,mlb,PHI,STL,43.16553535983042,35.9530837512326,3.57,5.35,1.0,1.0,0.6,0.8,1.0
747032,2024,2024-05-31,mlb,BAL,TBR,40.895008501092256,29.994732830028948,3.7,4.36,1.0,0.0,0.6,0.3,1.0
744928,2024,2024-05-31,mlb,TOR,PIT,35.589362587194685,33.29234677660162,3.6,4.43,1.0,1.0,0.6,0.5,1.0
746955,2024,2024-05-31,mlb,BOS,DET,38.86800370670956,33.85687598284515,3.12,6.09,0.0,0.0,0.5,0.5,1.0
746635,2024,2024-05-31,mlb,CLE,WSN,37.46400988135876,31.19368572605881,3.47,5.62,1.0,0.0,0.8,0.6,1.0
745820,2024,2024-05-31,mlb,NYM,ARI,40.69178993628106,42.34091311812466,3.91,6.23,0.0,0.0,0.2222222222222222,0.4,1.0
746059,2024,2024-05-31,mlb,MIA,TEX,28.39403698761079,35.292616375189546,6.06,3.8,1.0,1.0,0.5,0.4,1.0
747116,2024,2024-05-31,mlb,ATL,ATH,37.437264236469105,34.09475376131578,1.99,4.38,0.0,0.0,0.4,0.4,1.0
746303,2024,2024-05-31,mlb,KCR,SDP,37.778201145217714,38.38776011314958,3.35,3.47,0.0,1.0,0.6,0.5555555555555556,0.0
746387,2024,2024-05-31,mlb,HOU,MIN,40.14308703242572,37.098878050832134,2.8,4.08,0.0,0.0,0.4,0.7,0.0
745983,2024,2024-05-31,mlb,MIL,CHW,39.71667879174324,24.790135536386305,3.0,3.3,0.0,1.0,0.6,0.1,1.0
746140,2024,2024-05-31,mlb,LAD,COL,45.45967339080953,33.99058268355197,5.38,6.17,1.0,1.0,0.4444444444444444,0.5,0.0
745253,2024,2024-05-31,mlb,SEA,LAA,37.3716377777957,32.63128486432322,2.89,3.42,0.0,0.0,0.5,0.4,1.0
745331,2024,2024-05-31,mlb,SFG,NYY,34.51784541276469,44.207144275614574,4.1,4.31,1.0,0.0,0.7,0.6,0.0
744932,2024,2024-06-01,mlb,TOR,PIT,35.589362587194685,33.29234677660162,4.05,4.25,0.0,0.0,0.6,0.5,0.0
746877,2024,2024-05-31,mlb,CHC,CIN,37.61539330439464,34.99879326068088,3.73,5.24,0.0,1.0,0.2,0.5,0.0
747029,2024,2024-06-01,mlb,BAL,TBR,40.895008501092256,29.994732830028948,2.75,4.11,0.0,0.0,0.7,0.3,1.0
746225,2024,2024-05-30,mlb,LAA,NYY,32.63128486432322,44.207144275614574,5.08,3.96,0.0,0.0,0.4,0.6,0.0
745819,2024,2024-05-30,mlb,NYM,ARI,40.69178993628106,42.34091311812466,4.56,3.65,0.0,0.0,0.2222222222222222,0.4,1.0
745414,2024,2024-05-29,mlb,SDP,MIA,38.38776011314958,28.39403698761079,3.31,5.35,0.0,0.0,0.6666666666666666,0.5,0.0
747031,2024,2024-05-29,mlb,BAL,BOS,40.895008501092256,38.86800370670956,2.92,4.36,0.0,0.0,0.6,0.6,1.0
745084,2024,2024-05-29,mlb,TBR,ATH,29.994732830028948,34.09475376131578,3.6,5.01,0.0,0.0,0.3,0.4,1.0
747117,2024,2024-05-29,mlb,ATL,WSN,37.437264236469105,31.19368572605881,3.35,3.9,0.0,0.0,0.4444444444444444,0.4,0.0
745900,2024,2024-05-29,mlb,MIN,KCR,37.098878050832134,37.778201145217714,3.98,3.0,0.0,0.0,0.6,0.7,0.0
746790,2024,2024-05-29,mlb,CHW,TOR,24.790135536386305,35.589362587194685,4.95,3.7,0.0,0.0,0.1,0.6,0.0
745988,2024,2024-05-29,mlb,MIL,CHC,39.71667879174324,37.61539330439464,4.04,2.91,0.0,0.0,0.5,0.3,1.0
746551,2024,2024-05-29,mlb,COL,CLE,33.99058268355197,37.46400988135876,6.94,5.73,0.0,0.0,0.4,0.9,1.0
746228,2024,2024-05-29,mlb,LAA,NYY,32.63128486432322,44.207144275614574,3.81,3.5,0.0,0.0,0.5,0.6,0.0
745250,2024,2024-05-29,mlb,SEA,HOU,37.3716377777957,40.14308703242572,3.53,5.48,0.0,0.0,0.5,0.4,1.0
745081,2024,2024-05-30,mlb,TBR,ATH,29.994732830028948,34.09475376131578,4.86,2.86,0.0,0.0,0.3,0.4,1.0
745898,2024,2024-05-30,mlb,MIN,KCR,37.098878050832134,37.778201145217714,4.99,3.32,0.0,0.0,0.6,0.7,1.0
745985,2024,2024-05-30,mlb,MIL,CHC,39.71667879174324,37.61539330439464,4.29,3.27,0.0,0.0,0.5,0.3,1.0
745249,2024,2024-05-30,mlb,SEA,HOU,37.3716377777957,40.14308703242572,3.23,4.53,0.0,0.0,0.6,0.4,0.0
746954,2024,2024-05-30,mlb,BOS,DET,38.86800370670956,33.85687598284515,4.14,3.17,0.0,0.0,0.6,0.4,0.0
747114,2024,2024-05-30,mlb,ATL,WSN,37.437264236469105,31.19368572605881,5.64,2.03,0.0,0.0,0.4444444444444444,0.5,0.0
746952,2024,2024-06-01,mlb,BOS,DET,38.86800370670956,33.85687598284515,4.08,3.53,0.0,0.0,0.5,0.5,1.0
746629,2024,2024-06-01,mlb,CLE,WSN,37.46400988135876,31.19368572605881,3.81,4.29,0.0,0.0,0.8,0.5,1.0
745812,2024,2024-06-01,mlb,NYM,ARI,40.69178993628106,42.34091311812466,3.47,6.66,0.0,0.0,0.3333333333333333,0.3,0.0
746871,2024,2024-06-02,mlb,CHC,CIN,37.61539330439464,34.99879326068088,3.58,4.76,0.0,0.0,0.2,0.5,0.0
745330,2024,2024-06-02,mlb,SFG,NYY,34.51784541276469,44.207144275614574,3.12,3.77,0.0,0.0,0.6,0.8,0.0
746141,2024,2024-06-02,mlb,LAD,COL,45.45967339080953,33.99058268355197,3.53,4.75,0.0,0.0,0.3333333333333333,0.6,1.0
745252,2024,2024-06-02,mlb,SEA,LAA,37.3716377777957,32.63128486432322,3.64,5.19,0.0,0.0,0.6,0.2,1.0
745572,2024,2024-06-02,mlb,PHI,STL,43.16553535983042,35.9530837512326,7.1,3.84,0.0,0.0,0.6,0.7,0.0
745569,2024,2024-06-03,mlb,PHI,MIL,43.16553535983042,39.71667879174324,2.57,2.47,0.0,0.0,0.5,0.8,1.0
744854,2024,2024-06-03,mlb,WSN,NYM,31.19368572605881,40.69178993628106,3.9,4.04,0.0,0.0,0.6,0.3333333333333333,0.0
744930,2024,2024-06-03,mlb,TOR,BAL,35.589362587194685,40.895008501092256,3.83,3.86,0.0,0.0,0.6,0.8,0.0
745009,2024,2024-06-03,mlb,TEX,DET,35.292616375189546,33.85687598284515,3.8,2.39,0.0,0.0,0.5,0.6,0.0
746382,2024,2024-06-03,mlb,HOU,STL,40.14308703242572,35.9530837512326,5.48,4.24,0.0,0.0,0.4,0.7,1.0
746548,2024,2024-06-03,mlb,COL,CIN,33.99058268355197,34.99879326068088,4.49,3.72,0.0,0.0,0.5,0.6,0.0
746224,2024,2024-06-03,mlb,LAA,SDP,32.63128486432322,38.38776011314958,3.81,4.91,0.0,0.0,0.2,0.6,1.0
747194,2024,2024-06-03,mlb,ARI,SFG,42.34091311812466,34.51784541276469,4.24,3.88,0.0,0.0,0.4,0.5,1.0
746630,2024,2024-06-04,mlb,CLE,KCR,37.46400988135876,37.778201145217714,5.11,3.0,1.0,1.0,0.7,0.4,1.0
745497,2024,2024-06-04,mlb,PIT,LAD,33.29234677660162,45.45967339080953,4.14,3.49,1.0,1.0,0.4,0.4444444444444444,1.0
745984,2024,2024-06-02,mlb,MIL,CHW,39.71667879174324,24.790135536386305,3.68,7.07,0.0,0.0,0.7,0.0,1.0
746301,2024,2024-06-02,mlb,KCR,SDP,37.778201145217714,38.38776011314958,3.14,2.95,0.0,0.0,0.4,0.7,1.0
746061,2024,2024-06-02,mlb,MIA,TEX,28.39403698761079,35.292616375189546,4.92,4.28,0.0,0.0,0.5,0.4,0.0
745813,2024,2024-06-02,mlb,NYM,ARI,40.69178993628106,42.34091311812466,3.75,4.71,0.0,0.0,0.3333333333333333,0.4,0.0
746305,2024,2024-06-01,mlb,KCR,SDP,37.778201145217714,38.38776011314958,4.53,4.87,0.0,0.0,0.5,0.6,0.0
746384,2024,2024-06-01,mlb,HOU,MIN,40.14308703242572,37.098878050832134,2.91,3.6,0.0,0.0,0.4,0.8,1.0
747111,2024,2024-06-01,mlb,ATL,ATH,37.437264236469105,34.09475376131578,2.38,5.06,0.0,0.0,0.5,0.4,0.0
746062,2024,2024-06-01,mlb,MIA,TEX,28.39403698761079,35.292616375189546,3.63,3.31,0.0,0.0,0.6,0.3,0.0
745980,2024,2024-06-01,mlb,MIL,CHW,39.71667879174324,24.790135536386305,2.57,3.58,0.0,0.0,0.7,0.1,1.0
746870,2024,2024-06-01,mlb,CHC,CIN,37.61539330439464,34.99879326068088,3.07,2.75,0.0,0.0,0.2,0.6,1.0
745251,2024,2024-06-01,mlb,SEA,LAA,37.3716377777957,32.63128486432322,2.94,6.7,0.0,0.0,0.5,0.3,1.0
745817,2024,2024-05-29,mlb,NYM,LAD,40.69178993628106,45.45967339080953,2.9,4.4,0.0,0.0,0.2222222222222222,0.4444444444444444,0.0
745575,2024,2024-06-01,mlb,PHI,STL,43.16553535983042,35.9530837512326,3.46,3.84,0.0,0.0,0.6,0.7,1.0
746138,2024,2024-06-01,mlb,LAD,COL,45.45967339080953,33.99058268355197,3.0,4.98,0.0,0.0,0.3333333333333333,0.6,1.0
746383,2024,2024-06-02,mlb,HOU,MIN,40.14308703242572,37.098878050832134,3.49,4.17,0.0,0.0,0.4,0.7,0.0
746953,2024,2024-06-02,mlb,BOS,DET,38.86800370670956,33.85687598284515,4.49,4.49,0.0,0.0,0.5,0.5,0.0
747030,2024,2024-06-02,mlb,BAL,TBR,40.895008501092256,29.994732830028948,5.11,3.63,0.0,0.0,0.8,0.3,0.0
747110,2024,2024-06-02,mlb,ATL,ATH,37.437264236469105,34.09475376131578,4.19,5.18,0.0,0.0,0.4,0.4,1.0
744929,2024,2024-06-02,mlb,TOR,PIT,35.589362587194685,33.29234677660162,4.16,4.71,0.0,0.0,0.6,0.5,1.0
746632,2024,2024-06-02,mlb,CLE,WSN,37.46400988135876,31.19368572605881,5.64,4.41,0.0,0.0,0.8,0.5,0.0
745332,2024,2024-06-01,mlb,SFG,NYY,34.51784541276469,44.207144275614574,3.47,2.22,0.0,0.0,0.6,0.7,0.0
745333,2024,2024-05-29,mlb,SFG,PHI,34.51784541276469,43.16553535983042,4.56,3.32,0.0,0.0,0.8,0.6,0.0
745011,2024,2024-05-29,mlb,TEX,ARI,35.292616375189546,42.34091311812466,5.31,4.24,0.0,0.0,0.3,0.4,1.0
746706,2024,2024-05-29,mlb,CIN,STL,34.99879326068088,35.9530837512326,4.84,3.78,0.0,0.0,0.5,0.8,0.0
745493,2024,2024-05-25,mlb,PIT,ATL,33.29234677660162,37.437264236469105,4.25,1.99,0.0,0.0,0.5,0.3333333333333333,1.0
745658,2024,2024-05-25,mlb,ATH,HOU,34.09475376131578,40.14308703242572,4.38,4.53,0.0,0.0,0.2,0.7,1.0
745086,2024,2024-05-25,mlb,TBR,KCR,29.994732830028948,37.778201145217714,4.36,3.71,0.0,0.0,0.4,0.8,0.0
746958,2024,2024-05-25,mlb,BOS,MIL,38.86800370670956,39.71667879174324,4.14,2.47,0.0,0.0,0.5,0.5,0.0
746710,2024,2024-05-25,mlb,CIN,LAD,34.99879326068088,45.45967339080953,2.75,5.38,0.0,0.0,0.4,0.5,1.0
745176,2024,2024-05-25,mlb,STL,CHC,35.9530837512326,37.61539330439464,5.35,3.27,2.0,1.0,0.8,0.3,1.0
746556,2024,2024-05-25,mlb,COL,PHI,33.99058268355197,43.16553535983042,6.17,3.57,0.0,0.0,0.5,0.8,0.0
746226,2024,2024-05-25,mlb,LAA,CLE,32.63128486432322,37.46400988135876,3.42,3.47,0.0,0.0,0.5,0.9,0.0
745411,2024,2024-05-25,mlb,SDP,NYY,38.38776011314958,44.207144275614574,3.47,4.31,0.0,0.0,0.5555555555555556,0.8,0.0
747199,2024,2024-05-25,mlb,ARI,MIA,42.34091311812466,28.39403698761079,6.23,6.06,0.0,0.0,0.5,0.7,1.0
746469,2024,2024-05-26,mlb,DET,TOR,33.85687598284515,35.589362587194685,4.49,4.05,0.0,0.0,0.4,0.4,1.0
746711,2024,2024-05-26,mlb,CIN,LAD,34.99879326068088,45.45967339080953,3.15,3.0,0.0,0.0,0.4,0.4,1.0
744855,2024,2024-05-26,mlb,WSN,SEA,31.19368572605881,37.3716377777957,5.62,2.89,0.0,0.0,0.3,0.4,0.0
745498,2024,2024-05-26,mlb,PIT,ATL,33.29234677660162,37.437264236469105,4.53,2.38,0.0,0.0,0.6,0.2222222222222222,0.0
746957,2024,2024-05-26,mlb,BOS,MIL,38.86800370670956,39.71667879174324,3.12,3.0,0.0,0.0,0.4,0.6,1.0
744851,2024,2024-05-25,mlb,WSN,SEA,31.19368572605881,37.3716377777957,2.03,3.23,0.0,0.0,0.3,0.4,1.0
746794,2024,2024-05-25,mlb,CHW,BAL,24.790135536386305,40.895008501092256,3.3,3.7,0.0,0.0,0.3,0.5,0.0
745901,2024,2024-05-25,mlb,MIN,TEX,37.098878050832134,35.292616375189546,4.99,3.31,0.0,0.0,0.3,0.2,1.0
745823,2024,2024-05-25,mlb,NYM,SFG,40.69178993628106,34.51784541276469,3.91,4.1,0.0,0.0,0.2,0.7,0.0
746475,2024,2024-05-24,mlb,DET,TOR,33.85687598284515,35.589362587194685,6.09,3.7,0.0,0.0,0.3,0.5,1.0
745501,2024,2024-05-24,mlb,PIT,ATL,33.29234677660162,37.437264236469105,4.43,5.64,0.0,0.0,0.5,0.4444444444444444,1.0
744853,2024,2024-05-24,mlb,WSN,SEA,31.19368572605881,37.3716377777957,3.9,3.53,1.0,0.0,0.2,0.5,1.0
745087,2024,2024-05-24,mlb,TBR,KCR,29.994732830028948,37.778201145217714,4.86,3.0,1.0,1.0,0.5,0.8,0.0
746713,2024,2024-05-24,mlb,CIN,LAD,34.99879326068088,45.45967339080953,5.24,4.4,0.0,1.0,0.3,0.6,1.0
745822,2024,2024-05-24,mlb,NYM,SFG,40.69178993628106,34.51784541276469,4.56,4.56,1.0,0.0,0.2,0.7,0.0
745905,2024,2024-05-24,mlb,MIN,TEX,37.098878050832134,35.292616375189546,3.98,3.8,1.0,0.0,0.3,0.2,1.0
745824,2024,2024-05-26,mlb,NYM,SFG,40.69178993628106,34.51784541276469,3.47,3.47,0.0,0.0,0.2,0.8,1.0
746956,2024,2024-05-24,mlb,BOS,MIL,38.86800370670956,39.71667879174324,4.36,2.47,1.0,1.0,0.5,0.4,0.0
746558,2024,2024-05-24,mlb,COL,PHI,33.99058268355197,43.16553535983042,6.94,3.32,0.0,0.0,0.5,0.9,1.0
746227,2024,2024-05-24,mlb,LAA,CLE,32.63128486432322,37.46400988135876,5.08,5.73,1.0,1.0,0.5,0.9,0.0
745663,2024,2024-05-24,mlb,ATH,HOU,34.09475376131578,40.14308703242572,6.01,5.48,0.0,1.0,0.2,0.7,0.0
747200,2024,2024-05-24,mlb,ARI,MIA,42.34091311812466,28.39403698761079,3.65,5.35,1.0,1.0,0.6,0.7,0.0
745415,2024,2024-05-24,mlb,SDP,NYY,38.38776011314958,44.207144275614574,3.31,3.96,0.0,0.0,0.5555555555555556,0.8,0.0
745175,2024,2024-07-13,mlb,STL,CHC,35.9530837512326,37.61539330439464,5.35,2.91,0.0,0.0,0.5,0.7,
746470,2024,2024-05-25,mlb,DET,TOR,33.85687598284515,35.589362587194685,3.53,3.6,0.0,0.0,0.3,0.5,1.0
746793,2024,2024-05-24,mlb,CHW,BAL,24.790135536386305,40.895008501092256,4.95,2.92,0.0,0.0,0.3,0.4,0.0
745568,2024,2024-06-04,mlb,PHI,MIL,43.16553535983042,39.71667879174324,3.32,2.47,0.0,0.0,0.5,0.7,1.0
745088,2024,2024-05-26,mlb,TBR,KCR,29.994732830028948,37.778201145217714,4.11,3.35,0.0,0.0,0.4,0.9,1.0
746789,2024,2024-05-26,mlb,CHW,BAL,24.790135536386305,40.895008501092256,3.58,2.75,0.0,0.0,0.2,0.6,0.0
746709,2024,2024-05-28,mlb,CIN,STL,34.99879326068088,35.9530837512326,3.72,4.24,0.0,0.0,0.5,0.7,0.0
745091,2024,2024-05-28,mlb,TBR,ATH,29.994732830028948,34.09475376131578,3.63,4.58,1.0,1.0,0.4,0.3,0.0
747115,2024,2024-05-28,mlb,ATL,WSN,37.437264236469105,31.19368572605881,3.25,4.41,0.0,0.0,0.3333333333333333,0.4,1.0
745903,2024,2024-05-28,mlb,MIN,KCR,37.098878050832134,37.778201145217714,4.17,3.14,0.0,0.0,0.5,0.8,1.0
746791,2024,2024-05-28,mlb,CHW,TOR,24.790135536386305,35.589362587194685,7.97,3.83,0.0,0.0,0.1,0.5,0.0
745987,2024,2024-05-28,mlb,MIL,CHC,39.71667879174324,37.61539330439464,3.68,3.58,0.0,0.0,0.5,0.2,0.0
745017,2024,2024-05-28,mlb,TEX,ARI,35.292616375189546,42.34091311812466,3.8,4.71,1.0,1.0,0.3,0.5,1.0
746552,2024,2024-05-28,mlb,COL,CLE,33.99058268355197,37.46400988135876,4.49,5.11,0.0,0.0,0.4,0.9,0.0
746229,2024,2024-05-28,mlb,LAA,NYY,32.63128486432322,44.207144275614574,5.19,3.77,1.0,1.0,0.5,0.7,1.0
745258,2024,2024-05-28,mlb,SEA,HOU,37.3716377777957,40.14308703242572,3.64,3.49,0.0,0.0,0.5,0.5,1.0
745412,2024,2024-05-28,mlb,SDP,MIA,38.38776011314958,28.39403698761079,4.91,5.0,0.0,0.0,0.6666666666666666,0.6,1.0
745337,2024,2024-05-28,mlb,SFG,PHI,34.51784541276469,43.16553535983042,3.88,2.57,0.0,0.0,0.8,0.7,1.0
746467,2024,2024-05-29,mlb,DET,PIT,33.85687598284515,33.29234677660162,2.39,4.14,2.0,2.0,0.5,0.6,1.0
746468,2024,2024-05-29,mlb,DET,PIT,33.85687598284515,33.29234677660162,4.76,1.96,0.0,0.0,0.5,0.5,0.0
747033,2024,2024-05-28,mlb,BAL,BOS,40.895008501092256,38.86800370670956,3.86,4.49,0.0,0.0,0.6,0.5,0.0
745818,2024,2024-05-28,mlb,NYM,LAD,40.69178993628106,45.45967339080953,4.04,3.49,1.0,1.0,0.3,0.4,0.0
745816,2024,2024-05-28,mlb,NYM,LAD,40.69178993628106,45.45967339080953,4.04,3.53,0.0,0.0,0.2,0.5,
746557,2024,2024-05-26,mlb,COL,PHI,33.99058268355197,43.16553535983042,4.98,3.46,0.0,0.0,0.4,0.8,1.0
746230,2024,2024-05-26,mlb,LAA,CLE,32.63128486432322,37.46400988135876,6.7,3.81,0.0,0.0,0.5,0.9,0.0
745653,2024,2024-05-26,mlb,ATH,HOU,34.09475376131578,40.14308703242572,5.06,2.8,0.0,0.0,0.3,0.6,0.0
747197,2024,2024-05-26,mlb,ARI,MIA,42.34091311812466,28.39403698761079,4.42,3.63,0.0,0.0,0.5,0.7,0.0
745413,2024,2024-05-26,mlb,SDP,NYY,38.38776011314958,44.207144275614574,3.88,2.85,0.0,0.0,0.5555555555555556,0.8,1.0
745172,2024,2024-05-26,mlb,STL,CHC,35.9530837512326,37.61539330439464,3.84,3.73,0.0,0.0,0.8,0.3,1.0
747034,2024,2024-05-27,mlb,BAL,BOS,40.895008501092256,38.86800370670956,5.11,4.08,0.0,0.0,0.6,0.5,1.0
745902,2024,2024-05-26,mlb,MIN,TEX,37.098878050832134,35.292616375189546,4.08,4.78,0.0,0.0,0.4,0.2,0.0
745904,2024,2024-05-27,mlb,MIN,KCR,37.098878050832134,37.778201145217714,3.6,4.53,0.0,0.0,0.4,0.8,1.0
746549,2024,2024-05-27,mlb,COL,CLE,33.99058268355197,37.46400988135876,6.79,4.64,0.0,0.0,0.4,0.9,1.0
746708,2024,2024-05-27,mlb,CIN,STL,34.99879326068088,35.9530837512326,4.76,3.84,0.0,0.0,0.5,0.8,1.0
747118,2024,2024-05-27,mlb,ATL,WSN,37.437264236469105,31.19368572605881,4.19,4.29,0.0,0.0,0.3333333333333333,0.3,0.0
745986,2024,2024-05-27,mlb,MIL,CHC,39.71667879174324,37.61539330439464,2.57,3.07,0.0,0.0,0.5,0.3,1.0
745338,2024,2024-05-27,mlb,SFG,PHI,34.51784541276469,43.16553535983042,3.12,7.1,0.0,0.0,0.8,0.7,1.0
745416,2024,2024-05-27,mlb,SDP,MIA,38.38776011314958,28.39403698761079,2.95,4.92,0.0,0.0,0.6666666666666666,0.7,1.0
745254,2024,2024-05-27,mlb,SEA,HOU,37.3716377777957,40.14308703242572,2.94,2.91,0.0,0.0,0.4,0.6,1.0
746788,2024,2024-05-27,mlb,CHW,TOR,24.790135536386305,35.589362587194685,7.07,4.16,0.0,0.0,0.1,0.4,0.0
747064,2024,2024-09-30,mlb,ATL,NYM,37.437264236469105,40.69178993628106,3.56,5.23,0.0,0.0,0.7777777777777778,0.5555555555555556,1.0
778563,2025,2025-03-18,mlb,CHC,LAD,46.04348923947511,44.479785357282616,3.73,2.49,,,,,0.0
776963,2025,2025-07-29,mlb,CIN,LAD,37.42971480330227,44.479785357282616,3.33,3.19,0.0,0.0,0.6,0.4,0.0
776954,2025,2025-07-29,mlb,MIN,BOS,34.49429336383309,40.85080185053196,5.1,3.41,0.0,0.0,0.4,0.4,0.0
776955,2025,2025-07-29,mlb,KCR,ATL,37.56754839015402,38.84710898652087,4.15,5.49,0.0,0.0,0.5,0.3,1.0
776952,2025,2025-07-29,mlb,CHW,PHI,32.93310700606492,46.07852610677368,5.82,3.92,0.0,0.0,0.7,0.5,0.0
776956,2025,2025-07-29,mlb,MIL,CHC,40.99706517824004,46.04348923947511,3.32,3.95,0.0,0.0,0.7,0.5,1.0
776946,2025,2025-07-29,mlb,STL,MIA,35.44000594157538,35.446382737010744,4.28,5.36,0.0,0.0,0.4,0.6,0.0
776950,2025,2025-07-29,mlb,HOU,WSN,38.34791246492824,34.519895280554,4.77,4.52,0.0,0.0,0.4,0.6,1.0
776945,2025,2025-07-29,mlb,LAA,TEX,35.95784812425046,36.02502306287485,3.99,4.4,0.0,0.0,0.4,0.8,1.0
776947,2025,2025-07-29,mlb,SDP,NYM,39.95208039441178,44.13496149211463,3.66,5.64,0.0,0.0,0.5,0.7,1.0
776943,2025,2025-07-29,mlb,SFG,PIT,40.864388309944545,33.19030182341987,3.85,4.45,0.0,0.0,0.2,0.6,0.0
776944,2025,2025-07-29,mlb,ATH,SEA,41.83351239972274,48.17227508833325,4.54,4.32,0.0,0.0,0.5,0.5,1.0
776948,2025,2025-07-30,mlb,BAL,TOR,32.680558253621186,43.134335054091295,4.19,4.17,0.0,0.0,0.5555555555555556,0.5555555555555556,0.0
776940,2025,2025-07-30,mlb,DET,ARI,41.930332091578485,40.826578178179695,5.35,3.39,0.0,0.0,0.4,0.3,1.0
776935,2025,2025-07-30,mlb,MIN,BOS,34.49429336383309,40.85080185053196,5.56,3.35,0.0,0.0,0.4,0.5,0.0
776937,2025,2025-07-30,mlb,HOU,WSN,38.34791246492824,34.519895280554,5.67,4.17,0.0,0.0,0.5,0.6,1.0
776949,2025,2025-07-29,mlb,NYY,TBR,48.53709649627505,39.481233720516585,2.86,4.67,0.0,0.0,0.4,0.4,1.0
776936,2025,2025-07-30,mlb,KCR,ATL,37.56754839015402,38.84710898652087,4.18,5.6,0.0,0.0,0.6,0.2,1.0
776953,2025,2025-07-29,mlb,DET,ARI,41.930332091578485,40.826578178179695,3.87,5.25,0.0,0.0,0.3,0.4,1.0
776962,2025,2025-07-29,mlb,BAL,TOR,32.680558253621186,43.134335054091295,6.24,3.18,0.0,0.0,0.5,0.7,1.0
776968,2025,2025-07-28,mlb,CLE,COL,35.133293372400495,32.21076176814514,4.3,9.36,0.0,0.0,0.6,0.5,0.0
776973,2025,2025-07-28,mlb,DET,ARI,41.930332091578485,40.826578178179695,2.76,5.02,0.0,0.0,0.2,0.5,1.0
776970,2025,2025-07-28,mlb,NYY,TBR,48.53709649627505,39.481233720516585,2.96,2.76,0.0,0.0,0.4,0.3,0.0
776967,2025,2025-07-28,mlb,CIN,LAD,37.42971480330227,44.479785357282616,4.57,2.49,0.0,0.0,0.7,0.4,0.0
776961,2025,2025-07-28,mlb,MIN,BOS,34.49429336383309,40.85080185053196,4.04,5.0,0.0,0.0,0.3,0.5,1.0
776971,2025,2025-07-28,mlb,KCR,ATL,37.56754839015402,38.84710898652087,5.0,4.45,0.0,0.0,0.6,0.2,0.0
776972,2025,2025-07-28,mlb,CHW,PHI,32.93310700606492,46.07852610677368,4.1,2.5,0.0,0.0,0.6,0.6,1.0
776965,2025,2025-07-28,mlb,MIL,CHC,40.99706517824004,46.04348923947511,4.36,3.21,0.0,0.0,0.7,0.6,1.0
776960,2025,2025-07-28,mlb,STL,MIA,35.44000594157538,35.446382737010744,5.31,3.53,0.0,0.0,0.3,0.7,1.0
776969,2025,2025-07-28,mlb,HOU,WSN,38.34791246492824,34.519895280554,3.66,4.34,0.0,0.0,0.4,0.5,0.0
776958,2025,2025-07-28,mlb,LAA,TEX,35.95784812425046,36.02502306287485,6.81,2.97,0.0,0.0,0.4,0.9,1.0
776959,2025,2025-07-28,mlb,SDP,NYM,39.95208039441178,44.13496149211463,4.55,6.28,0.0,0.0,0.5,0.7,1.0
776964,2025,2025-07-28,mlb,SFG,PIT,40.864388309944545,33.19030182341987,5.01,4.19,0.0,0.0,0.2,0.6,0.0
776957,2025,2025-07-28,mlb,ATH,SEA,41.83351239972274,48.17227508833325,5.04,3.54,0.0,0.0,0.5,0.5,0.0
776951,2025,2025-07-29,mlb,CLE,COL,35.133293372400495,32.21076176814514,4.25,6.33,0.0,0.0,0.5,0.6,1.0
776939,2025,2025-07-30,mlb,CHW,PHI,32.93310700606492,46.07852610677368,4.98,4.08,0.0,0.0,0.6,0.6,1.0
776929,2025,2025-07-30,mlb,MIL,CHC,40.99706517824004,46.04348923947511,2.7,3.73,0.0,0.0,0.7,0.4,0.0
776933,2025,2025-07-30,mlb,SFG,PIT,40.864388309944545,33.19030182341987,3.22,3.94,0.0,0.0,0.2,0.7,0.0
776919,2025,2025-08-01,mlb,COL,PIT,32.21076176814514,33.19030182341987,6.65,5.52,1.0,1.0,0.4,0.8,1.0
776916,2025,2025-08-01,mlb,LAA,CHW,35.95784812425046,32.93310700606492,4.56,3.81,1.0,1.0,0.4,0.6,0.0
776906,2025,2025-08-01,mlb,SDP,STL,39.95208039441178,35.44000594157538,2.87,4.21,1.0,1.0,0.6,0.4,1.0
776914,2025,2025-08-01,mlb,ATH,ARI,41.83351239972274,40.826578178179695,4.08,5.12,1.0,1.0,0.6,0.2,1.0
776908,2025,2025-08-01,mlb,SEA,TEX,48.17227508833325,36.02502306287485,3.44,3.86,0.0,0.0,0.5,0.7,1.0
776901,2025,2025-08-02,mlb,TBR,LAD,39.481233720516585,44.479785357282616,2.76,2.35,0.0,0.0,0.2,0.6,1.0
776902,2025,2025-08-02,mlb,CHC,BAL,46.04348923947511,32.680558253621186,3.21,4.64,0.0,0.0,0.5,0.5555555555555556,0.0
776900,2025,2025-08-02,mlb,TOR,KCR,43.134335054091295,37.56754839015402,5.19,2.99,0.0,0.0,0.5555555555555556,0.7,1.0
776904,2025,2025-08-02,mlb,COL,PIT,32.21076176814514,33.19030182341987,7.49,1.97,0.0,0.0,0.5,0.8,1.0
776912,2025,2025-08-02,mlb,PHI,DET,46.07852610677368,41.930332091578485,2.71,2.21,0.0,0.0,0.6,0.4,0.0
776903,2025,2025-08-02,mlb,WSN,MIL,34.519895280554,40.99706517824004,5.7,3.2,0.0,0.0,0.5,0.6,0.0
776909,2025,2025-08-02,mlb,BOS,HOU,40.85080185053196,38.34791246492824,4.93,5.34,0.0,0.0,0.6,0.4,1.0
776911,2025,2025-08-02,mlb,NYM,SFG,44.13496149211463,40.864388309944545,3.02,6.37,0.0,0.0,0.6,0.3,1.0
776897,2025,2025-08-02,mlb,SEA,TEX,48.17227508833325,36.02502306287485,3.54,3.52,0.0,0.0,0.5,0.6,0.0
776905,2025,2025-08-02,mlb,CLE,MIN,35.133293372400495,34.49429336383309,4.24,5.1,0.0,0.0,0.6,0.3,1.0
776918,2025,2025-08-01,mlb,TBR,LAD,39.481233720516585,44.479785357282616,4.87,3.36,0.0,1.0,0.2,0.5,0.0
776925,2025,2025-08-01,mlb,MIA,NYY,35.446382737010744,48.53709649627505,4.17,3.09,1.0,0.0,0.6,0.5,1.0
776924,2025,2025-08-01,mlb,CLE,MIN,35.133293372400495,34.49429336383309,3.06,3.42,1.0,1.0,0.6,0.4,1.0
776926,2025,2025-08-01,mlb,NYM,SFG,44.13496149211463,40.864388309944545,4.22,3.65,1.0,1.0,0.7,0.2,0.0
776931,2025,2025-07-30,mlb,SDP,NYM,39.95208039441178,44.13496149211463,5.38,3.53,0.0,0.0,0.6,0.7,1.0
776942,2025,2025-07-30,mlb,CLE,COL,35.133293372400495,32.21076176814514,2.63,4.98,0.0,0.0,0.6,0.5,1.0
776938,2025,2025-07-30,mlb,NYY,TBR,48.53709649627505,39.481233720516585,4.44,3.81,0.0,0.0,0.5,0.3,1.0
776941,2025,2025-07-30,mlb,CIN,LAD,37.42971480330227,44.479785357282616,4.45,2.87,0.0,0.0,0.5,0.5,1.0
776934,2025,2025-07-30,mlb,STL,MIA,35.44000594157538,35.446382737010744,4.84,6.04,0.0,0.0,0.4,0.6,0.0
776932,2025,2025-07-30,mlb,LAA,TEX,35.95784812425046,36.02502306287485,4.26,1.73,0.0,0.0,0.5,0.7,0.0
776930,2025,2025-07-30,mlb,ATH,SEA,41.83351239972274,48.17227508833325,4.11,2.94,0.0,0.0,0.5,0.4,1.0
776966,2025,2025-07-28,mlb,BAL,TOR,32.680558253621186,43.134335054091295,5.93,3.96,0.0,0.0,0.4,0.8,1.0
776927,2025,2025-07-31,mlb,NYY,TBR,48.53709649627505,39.481233720516585,6.23,3.86,0.0,0.0,0.5,0.2,1.0
776923,2025,2025-07-31,mlb,SEA,TEX,48.17227508833325,36.02502306287485,4.21,5.74,0.0,0.0,0.4,0.7,1.0
776921,2025,2025-08-01,mlb,CIN,ATL,37.42971480330227,38.84710898652087,4.03,5.3,0.0,0.0,0.5,0.3,1.0
776915,2025,2025-08-01,mlb,CHC,BAL,46.04348923947511,32.680558253621186,2.67,1.81,1.0,1.0,0.4,0.5555555555555556,1.0
776913,2025,2025-08-01,mlb,PHI,DET,46.07852610677368,41.930332091578485,3.2,4.64,1.0,1.0,0.5,0.4,1.0
776917,2025,2025-08-01,mlb,WSN,MIL,34.519895280554,40.99706517824004,5.68,3.96,1.0,1.0,0.5,0.6,0.0
776920,2025,2025-08-01,mlb,TOR,KCR,43.134335054091295,37.56754839015402,3.59,3.86,1.0,1.0,0.5555555555555556,0.7,0.0
776922,2025,2025-08-01,mlb,BOS,HOU,40.85080185053196,38.34791246492824,3.57,2.43,1.0,1.0,0.6,0.5,1.0
776928,2025,2025-07-31,mlb,CIN,ATL,37.42971480330227,38.84710898652087,2.87,7.09,0.0,0.0,0.5,0.2,0.0
776910,2025,2025-08-02,mlb,MIA,NYY,35.446382737010744,48.53709649627505,4.25,2.96,0.0,0.0,0.7,0.5,1.0
776974,2025,2025-07-27,mlb,SFG,NYM,40.864388309944545,44.13496149211463,3.19,3.02,0.0,0.0,0.2,0.7,0.0
776981,2025,2025-07-27,mlb,TEX,ATL,36.02502306287485,38.84710898652087,3.86,5.3,0.0,0.0,0.8,0.3,1.0
777022,2025,2025-07-23,mlb,LAD,MIN,44.479785357282616,34.49429336383309,3.19,5.35,0.0,0.0,0.3,0.5,1.0
777036,2025,2025-07-23,mlb,CLE,BAL,35.133293372400495,32.680558253621186,4.3,5.93,0.0,0.0,0.8,0.4,1.0
777027,2025,2025-07-23,mlb,TOR,NYY,43.134335054091295,48.53709649627505,3.96,2.86,0.0,0.0,0.6,0.6,1.0
777038,2025,2025-07-23,mlb,PHI,BOS,46.07852610677368,40.85080185053196,3.92,3.41,0.0,0.0,0.5,0.6,0.0
777030,2025,2025-07-23,mlb,TBR,CHW,39.481233720516585,32.93310700606492,5.05,5.82,0.0,0.0,0.4,0.6,0.0
777033,2025,2025-07-23,mlb,TEX,ATH,36.02502306287485,41.83351239972274,4.4,5.04,0.0,0.0,0.7,0.4,1.0
777019,2025,2025-07-24,mlb,CLE,BAL,35.133293372400495,32.680558253621186,4.25,5.83,0.0,0.0,0.8,0.3,0.0
777021,2025,2025-07-24,mlb,DET,TOR,41.930332091578485,43.134335054091295,3.15,3.18,0.0,0.0,0.1,0.6,0.0
777023,2025,2025-07-24,mlb,STL,SDP,35.44000594157538,39.95208039441178,4.28,5.38,0.0,0.0,0.3,0.6,1.0
777025,2025,2025-07-24,mlb,HOU,ATH,38.34791246492824,41.83351239972274,4.77,4.54,0.0,0.0,0.5,0.4,0.0
777018,2025,2025-07-24,mlb,LAA,SEA,35.95784812425046,48.17227508833325,3.99,4.32,0.0,0.0,0.4,0.6,0.0
777008,2025,2025-07-25,mlb,MIL,MIA,40.99706517824004,35.446382737010744,2.7,6.04,1.0,1.0,0.9,0.6,0.0
777014,2025,2025-07-25,mlb,PIT,ARI,33.19030182341987,40.826578178179695,3.94,3.39,1.0,1.0,0.4,0.4,0.0
777020,2025,2025-07-25,mlb,BAL,COL,32.680558253621186,32.21076176814514,4.19,4.98,0.0,1.0,0.3,0.5,0.0
777015,2025,2025-07-25,mlb,NYY,PHI,48.53709649627505,46.07852610677368,4.44,4.08,1.0,1.0,0.5,0.5,0.0
777024,2025,2025-07-23,mlb,SEA,MIL,48.17227508833325,40.99706517824004,3.54,3.32,0.0,0.0,0.6,0.9,0.0
777012,2025,2025-07-25,mlb,BOS,LAD,40.85080185053196,44.479785357282616,3.35,2.82,1.0,1.0,0.6,0.4,0.0
777032,2025,2025-07-23,mlb,ARI,HOU,40.826578178179695,38.34791246492824,5.25,3.35,0.0,0.0,0.5,0.4,0.0
777031,2025,2025-07-23,mlb,CHC,KCR,46.04348923947511,37.56754839015402,3.95,4.15,0.0,0.0,0.6,0.5,0.0
777048,2025,2025-07-22,mlb,TBR,CHW,39.481233720516585,32.93310700606492,2.76,4.1,0.0,0.0,0.3,0.6,1.0
777046,2025,2025-07-22,mlb,TOR,NYY,43.134335054091295,48.53709649627505,5.19,2.96,0.0,0.0,0.7,0.6,0.0
777054,2025,2025-07-22,mlb,NYM,LAA,44.13496149211463,35.95784812425046,6.28,4.76,0.0,0.0,0.5,0.5,1.0
777058,2025,2025-07-22,mlb,ATL,SFG,38.84710898652087,40.864388309944545,5.4,3.8,0.0,0.0,0.5,0.3,0.0
777047,2025,2025-07-22,mlb,CHC,KCR,46.04348923947511,37.56754839015402,3.21,5.0,0.0,0.0,0.5,0.6,1.0
777043,2025,2025-07-22,mlb,TEX,ATH,36.02502306287485,41.83351239972274,2.97,5.08,0.0,0.0,0.7,0.5,1.0
777049,2025,2025-07-22,mlb,COL,STL,32.21076176814514,35.44000594157538,9.36,5.49,0.0,0.0,0.3,0.4,1.0
777040,2025,2025-07-22,mlb,ARI,HOU,40.826578178179695,38.34791246492824,5.02,3.66,0.0,0.0,0.5,0.3,0.0
777035,2025,2025-07-22,mlb,SEA,MIL,48.17227508833325,40.99706517824004,3.44,4.36,0.0,0.0,0.5,1.0,1.0
777039,2025,2025-07-22,mlb,LAD,MIN,44.479785357282616,34.49429336383309,2.49,4.04,0.0,0.0,0.3,0.5,0.0
777026,2025,2025-07-23,mlb,WSN,CIN,34.519895280554,37.42971480330227,4.52,3.33,0.0,0.0,0.4,0.6,0.0
777037,2025,2025-07-23,mlb,MIA,SDP,35.446382737010744,39.95208039441178,5.36,4.55,0.0,0.0,0.5,0.6,1.0
777041,2025,2025-07-23,mlb,ATL,SFG,38.84710898652087,40.864388309944545,4.45,3.85,0.0,0.0,0.5,0.3,0.0
777029,2025,2025-07-23,mlb,PIT,DET,33.19030182341987,41.930332091578485,4.45,2.76,0.0,0.0,0.3,0.2,1.0
777034,2025,2025-07-23,mlb,NYM,LAA,44.13496149211463,35.95784812425046,5.64,3.36,0.0,0.0,0.5,0.5,1.0
777028,2025,2025-07-23,mlb,COL,STL,32.21076176814514,35.44000594157538,6.33,5.31,0.0,0.0,0.4,0.3,1.0
777013,2025,2025-07-25,mlb,CIN,TBR,37.42971480330227,39.481233720516585,4.45,3.81,1.0,1.0,0.6,0.3,1.0
777016,2025,2025-07-25,mlb,DET,TOR,41.930332091578485,43.134335054091295,4.37,4.17,0.0,0.0,0.1,0.7,0.0
777005,2025,2025-07-25,mlb,STL,SDP,35.44000594157538,39.95208039441178,4.84,2.87,0.0,0.0,0.3,0.5,1.0
776992,2025,2025-07-26,mlb,STL,SDP,35.44000594157538,39.95208039441178,4.21,3.84,0.0,0.0,0.4,0.4,0.0
776985,2025,2025-07-26,mlb,SFG,NYM,40.864388309944545,44.13496149211463,3.65,4.22,0.0,0.0,0.3,0.7,0.0
776995,2025,2025-07-26,mlb,LAA,SEA,35.95784812425046,48.17227508833325,4.56,4.21,0.0,0.0,0.4,0.6,0.0
776986,2025,2025-07-27,mlb,BAL,COL,32.680558253621186,32.21076176814514,4.64,7.49,0.0,0.0,0.3,0.5,1.0
776983,2025,2025-07-27,mlb,BOS,LAD,40.85080185053196,44.479785357282616,4.93,4.96,0.0,0.0,0.5,0.5,1.0
776984,2025,2025-07-27,mlb,PIT,ARI,33.19030182341987,40.826578178179695,1.97,4.83,0.0,0.0,0.5,0.5,1.0
776988,2025,2025-07-27,mlb,NYY,PHI,48.53709649627505,46.07852610677368,3.09,2.71,0.0,0.0,0.3,0.6,1.0
776982,2025,2025-07-27,mlb,CIN,TBR,37.42971480330227,39.481233720516585,4.03,4.87,0.0,0.0,0.7,0.3,1.0
776987,2025,2025-07-27,mlb,DET,TOR,41.930332091578485,43.134335054091295,4.64,5.19,0.0,0.0,0.1,0.8,1.0
776975,2025,2025-07-27,mlb,KCR,CLE,37.56754839015402,35.133293372400495,2.99,3.21,0.0,0.0,0.5,0.7,1.0
776976,2025,2025-07-27,mlb,HOU,ATH,38.34791246492824,41.83351239972274,5.34,5.08,0.0,0.0,0.4,0.5,0.0
776979,2025,2025-07-27,mlb,MIN,WSN,34.49429336383309,34.519895280554,4.5,5.7,0.0,0.0,0.4,0.4,0.0
776989,2025,2025-07-27,mlb,CHW,CHC,32.93310700606492,46.04348923947511,4.91,5.92,0.0,0.0,0.6,0.6,0.0
776978,2025,2025-07-27,mlb,MIL,MIA,40.99706517824004,35.446382737010744,3.2,4.25,0.0,0.0,0.7,0.8,1.0
776980,2025,2025-07-27,mlb,STL,SDP,35.44000594157538,39.95208039441178,4.42,3.51,0.0,0.0,0.4,0.4,0.0
776998,2025,2025-07-26,mlb,BOS,LAD,40.85080185053196,44.479785357282616,2.59,3.36,0.0,0.0,0.5,0.5,1.0
776996,2025,2025-07-26,mlb,MIL,MIA,40.99706517824004,35.446382737010744,3.96,4.17,0.0,0.0,0.8,0.7,0.0
776994,2025,2025-07-26,mlb,CHW,CHC,32.93310700606492,46.04348923947511,4.85,2.67,0.0,0.0,0.7,0.5,0.0
776997,2025,2025-07-26,mlb,MIN,WSN,34.49429336383309,34.519895280554,3.42,5.68,0.0,0.0,0.5,0.3,0.0
777017,2025,2025-07-25,mlb,CHW,CHC,32.93310700606492,46.04348923947511,3.31,3.73,1.0,1.0,0.6,0.6,1.0
777009,2025,2025-07-25,mlb,TEX,ATL,36.02502306287485,38.84710898652087,1.73,5.6,1.0,1.0,0.8,0.4,1.0
777007,2025,2025-07-25,mlb,HOU,ATH,38.34791246492824,41.83351239972274,5.67,4.11,0.0,0.0,0.5,0.4,0.0
777011,2025,2025-07-25,mlb,MIN,WSN,34.49429336383309,34.519895280554,5.56,4.17,1.0,1.0,0.4,0.3,1.0
777006,2025,2025-07-25,mlb,LAA,SEA,35.95784812425046,48.17227508833325,4.26,2.94,0.0,0.0,0.4,0.7,1.0
777004,2025,2025-07-25,mlb,SFG,NYM,40.864388309944545,44.13496149211463,3.22,3.53,1.0,1.0,0.3,0.6,0.0
776977,2025,2025-07-27,mlb,LAA,SEA,35.95784812425046,48.17227508833325,4.76,3.44,0.0,0.0,0.3,0.6,1.0
777001,2025,2025-07-26,mlb,NYY,PHI,48.53709649627505,46.07852610677368,6.23,3.2,0.0,0.0,0.4,0.5,0.0
776990,2025,2025-07-26,mlb,KCR,CLE,37.56754839015402,35.133293372400495,2.55,4.24,2.0,1.0,0.5,0.7,0.0
777003,2025,2025-07-26,mlb,DET,TOR,41.930332091578485,43.134335054091295,2.21,3.59,0.0,0.0,0.1,0.7,0.0
777002,2025,2025-07-26,mlb,PIT,ARI,33.19030182341987,40.826578178179695,5.52,3.52,0.0,0.0,0.4,0.5,1.0
777000,2025,2025-07-26,mlb,CIN,TBR,37.42971480330227,39.481233720516585,2.87,3.86,0.0,0.0,0.6,0.3,1.0
776999,2025,2025-07-26,mlb,BAL,COL,32.680558253621186,32.21076176814514,1.81,6.65,0.0,0.0,0.2,0.6,1.0
776993,2025,2025-07-26,mlb,TEX,ATL,36.02502306287485,38.84710898652087,5.74,3.99,0.0,0.0,0.8,0.4,1.0
776991,2025,2025-07-26,mlb,HOU,ATH,38.34791246492824,41.83351239972274,2.43,4.08,0.0,0.0,0.5,0.5,0.0
777010,2025,2025-07-26,mlb,KCR,CLE,37.56754839015402,35.133293372400495,3.86,3.06,0.0,0.0,0.4,0.8,1.0
777045,2025,2025-07-22,mlb,PHI,BOS,46.07852610677368,40.85080185053196,2.5,5.0,0.0,0.0,0.4,0.7,1.0
776898,2025,2025-08-02,mlb,LAA,CHW,35.95784812425046,32.93310700606492,4.76,4.85,0.0,0.0,0.4,0.6,0.0
776801,2025,2025-08-10,mlb,PIT,CIN,33.19030182341987,37.42971480330227,3.94,3.81,0.0,0.0,0.5,0.5,0.0
776803,2025,2025-08-10,mlb,ATL,MIA,38.84710898652087,35.446382737010744,5.6,6.04,0.0,0.0,0.4444444444444444,0.5555555555555556,1.0
776797,2025,2025-08-10,mlb,NYY,HOU,48.53709649627505,38.34791246492824,2.86,4.77,0.0,0.0,0.4,0.5,0.0
776806,2025,2025-08-10,mlb,DET,LAA,41.930332091578485,35.95784812425046,3.87,6.81,0.0,0.0,0.5,0.4,1.0
776798,2025,2025-08-10,mlb,CHW,CLE,32.93310700606492,35.133293372400495,4.1,4.3,0.0,0.0,0.3,0.9,1.0
776799,2025,2025-08-10,mlb,MIL,NYM,40.99706517824004,44.13496149211463,3.32,5.64,0.0,0.0,0.9,0.1,1.0
776800,2025,2025-08-10,mlb,TEX,PHI,36.02502306287485,46.07852610677368,4.4,2.71,0.0,0.0,0.4,0.7,0.0
776793,2025,2025-08-10,mlb,SFG,WSN,40.864388309944545,34.519895280554,3.85,4.17,0.0,0.0,0.5,0.2,0.0
776794,2025,2025-08-10,mlb,ARI,COL,40.826578178179695,32.21076176814514,5.25,6.33,0.0,0.0,0.5,0.2,1.0
776789,2025,2025-08-10,mlb,SDP,BOS,39.95208039441178,40.85080185053196,4.55,3.35,0.0,0.0,0.7,0.8,1.0
776791,2025,2025-08-10,mlb,SEA,TBR,48.17227508833325,39.481233720516585,2.94,3.31,0.0,0.0,0.8,0.3,1.0
776788,2025,2025-08-10,mlb,LAD,TOR,44.479785357282616,43.134335054091295,3.19,3.18,0.0,0.0,0.6,0.5555555555555556,0.0
776795,2025,2025-08-10,mlb,STL,CHC,35.44000594157538,46.04348923947511,4.28,3.73,0.0,0.0,0.4,0.5,1.0
776792,2025,2025-08-11,mlb,CIN,PHI,37.42971480330227,46.07852610677368,2.87,4.08,0.0,0.0,0.5,0.7,0.0
776790,2025,2025-08-11,mlb,NYY,MIN,48.53709649627505,34.49429336383309,4.44,5.56,0.0,0.0,0.3,0.5,1.0
776804,2025,2025-08-10,mlb,BAL,ATH,32.680558253621186,41.83351239972274,5.21,3.14,0.0,0.0,0.3333333333333333,0.6,0.0
776784,2025,2025-08-11,mlb,KCR,WSN,37.56754839015402,34.519895280554,4.45,4.25,0.0,0.0,0.5,0.3,1.0
776796,2025,2025-08-10,mlb,MIN,KCR,34.49429336383309,37.56754839015402,4.58,3.66,0.0,0.0,0.4,0.6,1.0
776808,2025,2025-08-09,mlb,LAD,TOR,44.479785357282616,43.134335054091295,2.35,3.96,0.0,0.0,0.6,0.5555555555555556,1.0
776822,2025,2025-08-08,mlb,SFG,WSN,40.864388309944545,34.519895280554,3.19,5.7,1.0,0.0,0.4,0.3,1.0
776819,2025,2025-08-09,mlb,ATL,MIA,38.84710898652087,35.446382737010744,5.49,5.36,0.0,0.0,0.3,0.7,1.0
776815,2025,2025-08-09,mlb,NYY,HOU,48.53709649627505,38.34791246492824,3.32,3.66,0.0,0.0,0.4,0.5,1.0
776802,2025,2025-08-09,mlb,SFG,WSN,40.864388309944545,34.519895280554,5.01,4.34,0.0,0.0,0.5,0.2,0.0
776813,2025,2025-08-09,mlb,DET,LAA,41.930332091578485,35.95784812425046,5.83,3.99,0.0,0.0,0.6,0.4,0.0
776812,2025,2025-08-09,mlb,PIT,CIN,33.19030182341987,37.42971480330227,2.71,4.45,0.0,0.0,0.6,0.4,0.0
776811,2025,2025-08-09,mlb,BAL,ATH,32.680558253621186,41.83351239972274,6.24,4.19,0.0,0.0,0.4444444444444444,0.5,0.0
776816,2025,2025-08-09,mlb,MIN,KCR,34.49429336383309,37.56754839015402,5.1,2.99,0.0,0.0,0.5,0.5,0.0
776814,2025,2025-08-09,mlb,CHW,CLE,32.93310700606492,35.133293372400495,4.22,3.21,0.0,0.0,0.4,0.8,0.0
776817,2025,2025-08-09,mlb,MIL,NYM,40.99706517824004,44.13496149211463,3.55,3.9,0.0,0.0,0.9,0.1,1.0
776818,2025,2025-08-09,mlb,STL,CHC,35.44000594157538,46.04348923947511,5.31,3.95,0.0,0.0,0.5,0.4,0.0
776810,2025,2025-08-09,mlb,TEX,PHI,36.02502306287485,46.07852610677368,2.97,3.92,0.0,0.0,0.4,0.6,0.0
776809,2025,2025-08-09,mlb,ARI,COL,40.826578178179695,32.21076176814514,5.02,9.36,0.0,0.0,0.4,0.3,1.0
776807,2025,2025-08-09,mlb,SDP,BOS,39.95208039441178,40.85080185053196,3.44,3.41,0.0,0.0,0.7,0.8,1.0
776805,2025,2025-08-09,mlb,SEA,TBR,48.17227508833325,39.481233720516585,4.32,4.67,0.0,0.0,0.7,0.3,1.0
776781,2025,2025-08-11,mlb,CHW,DET,32.93310700606492,41.930332091578485,6.75,5.35,0.0,0.0,0.4,0.5,0.0
776786,2025,2025-08-11,mlb,MIL,PIT,40.99706517824004,33.19030182341987,3.96,5.52,0.0,0.0,0.9,0.4,1.0
776783,2025,2025-08-11,mlb,STL,COL,35.44000594157538,32.21076176814514,4.84,6.52,0.0,0.0,0.5,0.2,1.0
776759,2025,2025-08-13,mlb,KCR,WSN,37.56754839015402,34.519895280554,4.15,5.7,0.0,0.0,0.5,0.3,0.0
776754,2025,2025-08-13,mlb,CHW,DET,32.93310700606492,41.930332091578485,3.81,2.76,0.0,0.0,0.3,0.5,0.0
776755,2025,2025-08-13,mlb,MIL,PIT,40.99706517824004,33.19030182341987,3.2,4.19,0.0,0.0,1.0,0.4,1.0
776758,2025,2025-08-13,mlb,STL,COL,35.44000594157538,32.21076176814514,4.42,7.49,0.0,0.0,0.6,0.2,0.0
776746,2025,2025-08-13,mlb,TEX,ARI,36.02502306287485,40.826578178179695,3.52,4.83,0.0,0.0,0.4,0.7,0.0
776749,2025,2025-08-13,mlb,SFG,SDP,40.864388309944545,39.95208039441178,6.37,2.87,0.0,0.0,0.4,0.7,0.0
776765,2025,2025-08-13,mlb,CIN,PHI,37.42971480330227,46.07852610677368,2.76,2.5,0.0,0.0,0.5,0.7,1.0
776761,2025,2025-08-13,mlb,BAL,SEA,32.680558253621186,48.17227508833325,1.81,3.44,0.0,0.0,0.3,0.9,1.0
776766,2025,2025-08-13,mlb,CLE,MIA,35.133293372400495,35.446382737010744,3.06,4.25,0.0,0.0,0.8,0.3333333333333333,0.0
776760,2025,2025-08-13,mlb,NYY,MIN,48.53709649627505,34.49429336383309,2.96,3.42,0.0,0.0,0.4,0.5,0.0
776757,2025,2025-08-13,mlb,TOR,CHC,43.134335054091295,46.04348923947511,3.59,2.67,0.0,0.0,0.6,0.4,0.0
776753,2025,2025-08-13,mlb,HOU,BOS,38.34791246492824,40.85080185053196,2.43,4.93,0.0,0.0,0.5,0.6,1.0
776756,2025,2025-08-13,mlb,NYM,ATL,44.13496149211463,38.84710898652087,4.22,7.09,0.0,0.0,0.2,0.4444444444444444,0.0
776752,2025,2025-08-13,mlb,LAA,LAD,35.95784812425046,44.479785357282616,4.76,2.87,0.0,0.0,0.5,0.4,1.0
776751,2025,2025-08-13,mlb,ATH,TBR,41.83351239972274,39.481233720516585,5.08,2.76,0.0,0.0,0.5,0.4,0.0
776762,2025,2025-08-12,mlb,ATH,TBR,41.83351239972274,39.481233720516585,4.08,4.87,0.0,0.0,0.5,0.4,1.0
776767,2025,2025-08-12,mlb,SFG,SDP,40.864388309944545,39.95208039441178,3.65,6.29,0.0,0.0,0.5,0.7,0.0
776763,2025,2025-08-12,mlb,LAA,LAD,35.95784812425046,44.479785357282616,7.41,2.82,0.0,0.0,0.4,0.5,1.0
776769,2025,2025-08-12,mlb,HOU,BOS,38.34791246492824,40.85080185053196,5.35,4.96,0.0,0.0,0.5,0.6,0.0
776785,2025,2025-08-11,mlb,TEX,ARI,36.02502306287485,40.826578178179695,1.73,3.39,0.0,0.0,0.3,0.6,1.0
776782,2025,2025-08-11,mlb,HOU,BOS,38.34791246492824,40.85080185053196,4.62,2.59,0.0,0.0,0.5,0.7,1.0
776779,2025,2025-08-11,mlb,LAA,LAD,35.95784812425046,44.479785357282616,4.26,2.49,0.0,0.0,0.3,0.5,1.0
776780,2025,2025-08-11,mlb,SFG,SDP,40.864388309944545,39.95208039441178,3.22,5.38,0.0,0.0,0.5,0.7,0.0
776787,2025,2025-08-11,mlb,ATH,TBR,41.83351239972274,39.481233720516585,4.11,3.86,0.0,0.0,0.6,0.3,0.0
776776,2025,2025-08-12,mlb,BAL,SEA,32.680558253621186,48.17227508833325,4.19,4.21,1.0,1.0,0.3,0.9,0.0
776777,2025,2025-08-12,mlb,CIN,PHI,37.42971480330227,46.07852610677368,4.03,3.2,0.0,0.0,0.5,0.8,1.0
776823,2025,2025-08-08,mlb,LAD,TOR,44.479785357282616,43.134335054091295,3.36,5.19,1.0,1.0,0.5,0.5555555555555556,1.0
776778,2025,2025-08-12,mlb,CLE,MIA,35.133293372400495,35.446382737010744,4.25,4.17,1.0,1.0,0.8,0.4444444444444444,1.0
776768,2025,2025-08-12,mlb,TOR,CHC,43.134335054091295,46.04348923947511,4.17,3.65,1.0,1.0,0.6,0.5,1.0
776772,2025,2025-08-12,mlb,NYM,ATL,44.13496149211463,38.84710898652087,3.53,4.45,1.0,1.0,0.1,0.4444444444444444,1.0
776770,2025,2025-08-12,mlb,KCR,WSN,37.56754839015402,34.519895280554,3.86,5.68,0.0,0.0,0.5,0.3,1.0
776773,2025,2025-08-12,mlb,CHW,DET,32.93310700606492,41.930332091578485,5.17,4.64,0.0,0.0,0.3,0.5,1.0
776771,2025,2025-08-12,mlb,MIL,PIT,40.99706517824004,33.19030182341987,2.7,1.97,0.0,0.0,1.0,0.4,1.0
776775,2025,2025-08-12,mlb,STL,COL,35.44000594157538,32.21076176814514,4.21,4.98,0.0,0.0,0.6,0.2,0.0
776764,2025,2025-08-12,mlb,TEX,ARI,36.02502306287485,40.826578178179695,3.86,5.12,0.0,0.0,0.4,0.6,0.0
776774,2025,2025-08-12,mlb,NYY,MIN,48.53709649627505,34.49429336383309,3.09,7.49,0.0,0.0,0.3,0.5,1.0
776899,2025,2025-08-02,mlb,ATH,ARI,41.83351239972274,40.826578178179695,5.08,4.83,0.0,0.0,0.7,0.1,0.0
776824,2025,2025-08-08,mlb,SEA,TBR,48.17227508833325,39.481233720516585,3.54,2.76,0.0,1.0,0.7,0.4,1.0
776825,2025,2025-08-08,mlb,ARI,COL,40.826578178179695,32.21076176814514,4.83,7.49,1.0,1.0,0.3,0.3,1.0
776877,2025,2025-08-04,mlb,PHI,BAL,46.07852610677368,32.680558253621186,3.92,5.21,0.0,0.0,0.5,0.5555555555555556,1.0
776880,2025,2025-08-04,mlb,BOS,KCR,40.85080185053196,37.56754839015402,3.35,4.45,0.0,0.0,0.8,0.7,1.0
776876,2025,2025-08-04,mlb,NYM,CLE,44.13496149211463,35.133293372400495,5.64,4.3,0.0,0.0,0.5,0.5,0.0
776882,2025,2025-08-04,mlb,ATL,MIL,38.84710898652087,40.99706517824004,5.49,3.32,1.0,0.0,0.3,0.7,0.0
776878,2025,2025-08-04,mlb,CHC,CIN,46.04348923947511,37.42971480330227,4.52,3.33,0.0,1.0,0.5,0.6,0.0
776871,2025,2025-08-04,mlb,TEX,NYY,36.02502306287485,48.53709649627505,4.4,2.86,0.0,0.0,0.5,0.4,1.0
776872,2025,2025-08-04,mlb,COL,TOR,32.21076176814514,43.134335054091295,6.33,3.18,0.0,0.0,0.5,0.4444444444444444,0.0
776867,2025,2025-08-04,mlb,LAA,TBR,35.95784812425046,39.481233720516585,3.99,3.31,0.0,0.0,0.5,0.2,1.0
776873,2025,2025-08-04,mlb,ARI,SDP,40.826578178179695,39.95208039441178,5.25,5.04,0.0,0.0,0.3,0.7,1.0
776870,2025,2025-08-04,mlb,LAD,STL,44.479785357282616,35.44000594157538,3.19,4.28,0.0,0.0,0.6,0.4,0.0
776866,2025,2025-08-05,mlb,PIT,SFG,33.19030182341987,40.864388309944545,3.94,3.22,0.0,0.0,0.7,0.2,0.0
776861,2025,2025-08-05,mlb,DET,MIN,41.930332091578485,34.49429336383309,5.35,5.56,0.0,0.0,0.6,0.3,0.0
776862,2025,2025-08-05,mlb,MIA,HOU,35.446382737010744,38.34791246492824,6.04,3.01,0.0,0.0,0.7,0.3,0.0
776865,2025,2025-08-05,mlb,WSN,ATH,34.519895280554,41.83351239972274,4.17,4.54,1.0,1.0,0.3,0.7,0.0
776868,2025,2025-08-05,mlb,PHI,BAL,46.07852610677368,32.680558253621186,4.08,4.19,0.0,0.0,0.6,0.5555555555555556,1.0
776875,2025,2025-08-04,mlb,MIA,HOU,35.446382737010744,38.34791246492824,5.36,4.77,0.0,0.0,0.8,0.2,0.0
776864,2025,2025-08-05,mlb,BOS,KCR,40.85080185053196,37.56754839015402,2.59,3.66,0.0,0.0,0.8,0.6,1.0
776874,2025,2025-08-04,mlb,DET,MIN,41.930332091578485,34.49429336383309,3.87,7.49,0.0,0.0,0.5,0.3,1.0
776890,2025,2025-08-03,mlb,PHI,DET,46.07852610677368,41.930332091578485,2.5,5.83,0.0,0.0,0.5,0.5,1.0
776896,2025,2025-08-02,mlb,SDP,STL,39.95208039441178,35.44000594157538,3.84,4.42,0.0,0.0,0.6,0.3,0.0
776895,2025,2025-08-03,mlb,BOS,HOU,40.85080185053196,38.34791246492824,3.41,3.66,0.0,0.0,0.7,0.3,1.0
776889,2025,2025-08-03,mlb,TBR,LAD,39.481233720516585,44.479785357282616,4.67,2.49,0.0,0.0,0.2,0.5,0.0
776907,2025,2025-08-02,mlb,CIN,ATL,37.42971480330227,38.84710898652087,4.57,8.86,0.0,0.0,0.6,0.2,0.0
776894,2025,2025-08-03,mlb,WSN,MIL,34.519895280554,40.99706517824004,4.34,1.78,0.0,0.0,0.4,0.6,0.0
776893,2025,2025-08-03,mlb,TOR,KCR,43.134335054091295,37.56754839015402,3.96,4.15,0.0,0.0,0.5555555555555556,0.6,0.0
776887,2025,2025-08-03,mlb,NYM,SFG,44.13496149211463,40.864388309944545,6.28,5.01,0.0,0.0,0.6,0.3,0.0
776892,2025,2025-08-03,mlb,CLE,MIN,35.133293372400495,34.49429336383309,3.21,4.58,0.0,0.0,0.6,0.3,0.0
776891,2025,2025-08-03,mlb,MIA,NYY,35.446382737010744,48.53709649627505,3.53,3.32,0.0,0.0,0.8,0.4,1.0
776888,2025,2025-08-03,mlb,CHC,BAL,46.04348923947511,32.680558253621186,3.95,6.24,0.0,0.0,0.5,0.6666666666666666,1.0
776886,2025,2025-08-03,mlb,COL,PIT,32.21076176814514,33.19030182341987,9.36,4.19,0.0,0.0,0.6,0.7,0.0
776881,2025,2025-08-03,mlb,ATH,ARI,41.83351239972274,40.826578178179695,4.19,5.02,0.0,0.0,0.7,0.2,0.0
776885,2025,2025-08-03,mlb,LAA,CHW,35.95784812425046,32.93310700606492,6.81,4.22,0.0,0.0,0.4,0.6,1.0
776884,2025,2025-08-03,mlb,SDP,STL,39.95208039441178,35.44000594157538,4.55,5.31,0.0,0.0,0.6,0.4,1.0
776883,2025,2025-08-03,mlb,SEA,TEX,48.17227508833325,36.02502306287485,4.32,2.97,0.0,0.0,0.5,0.6,1.0
776879,2025,2025-08-04,mlb,PIT,SFG,33.19030182341987,40.864388309944545,3.57,3.85,0.0,0.0,0.7,0.3,1.0
776863,2025,2025-08-05,mlb,NYM,CLE,44.13496149211463,35.133293372400495,3.53,4.25,0.0,0.0,0.4,0.6,0.0
776869,2025,2025-08-05,mlb,ATL,MIL,38.84710898652087,40.99706517824004,5.6,2.7,0.0,0.0,0.3,0.7,0.0
776860,2025,2025-08-05,mlb,CHC,CIN,46.04348923947511,37.42971480330227,3.73,3.81,0.0,0.0,0.5,0.6,0.0
776841,2025,2025-08-06,mlb,SEA,CHW,48.17227508833325,32.93310700606492,4.21,5.82,0.0,0.0,0.6,0.5,1.0
776837,2025,2025-08-07,mlb,WSN,ATH,34.519895280554,41.83351239972274,5.68,4.08,0.0,0.0,0.4,0.6,0.0
776830,2025,2025-08-07,mlb,SEA,CHW,48.17227508833325,32.93310700606492,3.44,3.81,0.0,0.0,0.6,0.4,1.0
776840,2025,2025-08-07,mlb,PIT,CIN,33.19030182341987,37.42971480330227,1.97,4.03,0.0,0.0,0.6,0.5,1.0
776842,2025,2025-08-07,mlb,ATL,MIA,38.84710898652087,35.446382737010744,7.09,4.25,0.0,0.0,0.3,0.6,1.0
776829,2025,2025-08-08,mlb,PIT,CIN,33.19030182341987,37.42971480330227,4.19,4.57,0.0,0.0,0.6,0.4,1.0
776831,2025,2025-08-08,mlb,BAL,ATH,32.680558253621186,41.83351239972274,4.64,5.08,1.0,0.0,0.4444444444444444,0.6,1.0
776835,2025,2025-08-08,mlb,NYY,HOU,48.53709649627505,38.34791246492824,2.96,2.43,1.0,1.0,0.4,0.4,0.0
776832,2025,2025-08-08,mlb,DET,LAA,41.930332091578485,35.95784812425046,2.21,4.76,1.0,1.0,0.6,0.5,1.0
776834,2025,2025-08-08,mlb,ATL,MIA,38.84710898652087,35.446382737010744,5.3,3.53,0.0,0.0,0.4,0.6,0.0
776833,2025,2025-08-08,mlb,CHW,CLE,32.93310700606492,35.133293372400495,4.85,4.24,0.0,1.0,0.4,0.7,0.0
776821,2025,2025-08-08,mlb,TEX,PHI,36.02502306287485,46.07852610677368,3.52,2.5,1.0,1.0,0.4,0.5,0.0
776827,2025,2025-08-08,mlb,MIN,KCR,34.49429336383309,37.56754839015402,3.42,4.15,1.0,1.0,0.4,0.6,1.0
776828,2025,2025-08-08,mlb,MIL,NYM,40.99706517824004,44.13496149211463,3.2,3.02,1.0,1.0,0.9,0.2,1.0
776826,2025,2025-08-08,mlb,STL,CHC,35.44000594157538,46.04348923947511,4.42,3.21,1.0,1.0,0.4,0.5,1.0
776838,2025,2025-08-06,mlb,ARI,SDP,40.826578178179695,39.95208039441178,5.12,6.29,0.0,0.0,0.3,0.8,0.0
776853,2025,2025-08-06,mlb,ATL,MIL,38.84710898652087,40.99706517824004,4.45,3.96,0.0,0.0,0.3,0.8,0.0
776856,2025,2025-08-06,mlb,BOS,KCR,40.85080185053196,37.56754839015402,4.96,3.86,0.0,0.0,0.9,0.6,0.0
776850,2025,2025-08-06,mlb,WSN,ATH,34.519895280554,41.83351239972274,4.25,4.11,0.0,0.0,0.3,0.7,1.0
776855,2025,2025-08-05,mlb,TEX,NYY,36.02502306287485,48.53709649627505,1.73,4.44,0.0,0.0,0.5,0.4,1.0
776854,2025,2025-08-05,mlb,COL,TOR,32.21076176814514,43.134335054091295,7.27,4.17,0.0,0.0,0.4,0.4444444444444444,0.0
776848,2025,2025-08-05,mlb,LAA,TBR,35.95784812425046,39.481233720516585,4.26,3.86,0.0,0.0,0.6,0.2,0.0
776852,2025,2025-08-05,mlb,ARI,SDP,40.826578178179695,39.95208039441178,3.39,5.38,0.0,0.0,0.4,0.7,0.0
776857,2025,2025-08-05,mlb,SEA,CHW,48.17227508833325,32.93310700606492,2.94,4.1,1.0,1.0,0.5,0.6,1.0
776858,2025,2025-08-05,mlb,LAD,STL,44.479785357282616,35.44000594157538,2.82,4.84,0.0,0.0,0.5,0.4,1.0
776844,2025,2025-08-06,mlb,PIT,SFG,33.19030182341987,40.864388309944545,5.52,3.65,0.0,0.0,0.7,0.3,0.0
776820,2025,2025-08-08,mlb,SDP,BOS,39.95208039441178,40.85080185053196,2.87,4.93,1.0,1.0,0.8,0.8,0.0
776851,2025,2025-08-06,mlb,PHI,BAL,46.07852610677368,32.680558253621186,3.2,1.81,0.0,0.0,0.6,0.4444444444444444,0.0
776859,2025,2025-08-06,mlb,DET,MIN,41.930332091578485,34.49429336383309,4.64,5.1,0.0,0.0,0.6,0.3,0.0
776847,2025,2025-08-06,mlb,CHC,CIN,46.04348923947511,37.42971480330227,2.67,2.87,0.0,0.0,0.5,0.6,1.0
776845,2025,2025-08-06,mlb,TEX,NYY,36.02502306287485,48.53709649627505,3.86,3.09,0.0,0.0,0.5,0.4,0.0
776836,2025,2025-08-06,mlb,COL,TOR,32.21076176814514,43.134335054091295,4.98,3.59,0.0,0.0,0.3,0.4444444444444444,0.0
776843,2025,2025-08-06,mlb,LAA,TBR,35.95784812425046,39.481233720516585,4.56,4.87,0.0,0.0,0.5,0.3,0.0
776839,2025,2025-08-06,mlb,LAD,STL,44.479785357282616,35.44000594157538,2.87,4.21,0.0,0.0,0.5,0.3,0.0
776849,2025,2025-08-06,mlb,MIA,HOU,35.446382737010744,38.34791246492824,4.17,5.35,0.0,0.0,0.6,0.4,1.0
776846,2025,2025-08-06,mlb,NYM,CLE,44.13496149211463,35.133293372400495,4.22,3.06,0.0,0.0,0.3,0.6,0.0
776750,2025,2025-08-14,mlb,BAL,SEA,32.680558253621186,48.17227508833325,4.64,4.32,0.0,0.0,0.4,0.8,1.0
777042,2025,2025-07-22,mlb,WSN,CIN,34.519895280554,37.42971480330227,4.34,4.57,0.0,0.0,0.3,0.6,1.0
777044,2025,2025-07-22,mlb,PIT,DET,33.19030182341987,41.930332091578485,4.19,3.87,0.0,0.0,0.2,0.3,1.0
777261,2025,2025-07-03,mlb,ATL,LAA,38.84710898652087,35.95784812425046,5.3,4.26,0.0,0.0,0.4,0.6,0.0
777259,2025,2025-07-03,mlb,CHC,CLE,46.04348923947511,35.133293372400495,2.67,3.21,0.0,0.0,0.5,0.3,1.0
777256,2025,2025-07-03,mlb,ARI,SFG,40.826578178179695,40.864388309944545,5.25,3.65,0.0,0.0,0.4,0.3,0.0
777251,2025,2025-07-03,mlb,SEA,KCR,48.17227508833325,37.56754839015402,4.32,4.15,0.0,0.0,0.6,0.2,0.0
777253,2025,2025-07-03,mlb,LAD,CHW,44.479785357282616,32.93310700606492,4.96,4.85,0.0,0.0,0.8,0.4,1.0
777245,2025,2025-07-04,mlb,WSN,BOS,34.519895280554,40.85080185053196,4.52,3.41,0.0,1.0,0.5,0.3,0.0
777255,2025,2025-07-04,mlb,PHI,CIN,46.07852610677368,37.42971480330227,3.92,2.87,1.0,1.0,0.4444444444444444,0.6,0.0
777246,2025,2025-07-04,mlb,CHC,STL,46.04348923947511,35.44000594157538,3.95,4.84,0.0,1.0,0.6,0.5,1.0
777250,2025,2025-07-04,mlb,NYM,NYY,44.13496149211463,48.53709649627505,4.56,6.23,0.0,0.0,0.4444444444444444,0.3,1.0
777236,2025,2025-07-04,mlb,SEA,PIT,48.17227508833325,33.19030182341987,2.94,4.45,0.0,1.0,0.5,0.8,1.0
777247,2025,2025-07-04,mlb,MIN,TBR,34.49429336383309,39.481233720516585,5.35,3.81,0.0,1.0,0.4,0.5,1.0
777239,2025,2025-07-04,mlb,SDP,TEX,39.95208039441178,36.02502306287485,3.84,5.74,1.0,1.0,0.5555555555555556,0.5,1.0
777242,2025,2025-07-04,mlb,TOR,LAA,43.134335054091295,35.95784812425046,3.18,4.76,0.0,0.0,0.8,0.6,1.0
777249,2025,2025-07-04,mlb,CLE,DET,35.133293372400495,41.930332091578485,4.3,3.15,0.0,0.0,0.2,0.6,0.0
777254,2025,2025-07-04,mlb,MIA,MIL,35.446382737010744,40.99706517824004,5.36,3.32,0.0,0.0,0.9,0.5555555555555556,0.0
777257,2025,2025-07-03,mlb,NYM,MIL,44.13496149211463,40.99706517824004,4.22,3.96,0.0,0.0,0.3333333333333333,0.6666666666666666,1.0
777252,2025,2025-07-04,mlb,ATL,BAL,38.84710898652087,32.680558253621186,4.45,5.83,0.0,1.0,0.4,0.4,0.0
777260,2025,2025-07-03,mlb,TOR,NYY,43.134335054091295,48.53709649627505,3.96,3.32,0.0,0.0,0.7,0.4,1.0
777264,2025,2025-07-03,mlb,COL,HOU,32.21076176814514,38.34791246492824,4.98,3.35,0.0,0.0,0.2,0.8,1.0
777276,2025,2025-07-02,mlb,NYM,MIL,44.13496149211463,40.99706517824004,3.57,4.36,2.0,2.0,0.3,0.8,1.0
777275,2025,2025-07-02,mlb,MIA,MIN,35.446382737010744,34.49429336383309,4.17,4.04,0.0,0.0,0.9,0.3,0.0
777274,2025,2025-07-02,mlb,TOR,NYY,43.134335054091295,48.53709649627505,4.17,4.44,0.0,0.0,0.7,0.5,1.0
777277,2025,2025-07-02,mlb,BOS,CIN,40.85080185053196,37.42971480330227,3.14,4.45,0.0,0.0,0.3,0.5,0.0
777279,2025,2025-07-02,mlb,ATL,LAA,38.84710898652087,35.95784812425046,13.85,3.99,0.0,0.0,0.4,0.6,1.0
777266,2025,2025-07-02,mlb,CHC,CLE,46.04348923947511,35.133293372400495,3.73,4.24,0.0,0.0,0.5,0.3,1.0
777268,2025,2025-07-02,mlb,TEX,BAL,36.02502306287485,32.680558253621186,1.73,4.64,0.0,0.0,0.5,0.4,1.0
777269,2025,2025-07-02,mlb,COL,HOU,32.21076176814514,38.34791246492824,7.49,2.43,0.0,0.0,0.2,0.8,0.0
777262,2025,2025-07-02,mlb,SEA,KCR,48.17227508833325,37.56754839015402,3.44,2.99,0.0,0.0,0.6,0.2,1.0
777270,2025,2025-07-02,mlb,ARI,SFG,40.826578178179695,40.864388309944545,3.52,3.8,0.0,0.0,0.5,0.3,0.0
777267,2025,2025-07-02,mlb,LAD,CHW,44.479785357282616,32.93310700606492,3.36,4.39,0.0,0.0,0.8,0.5,1.0
777263,2025,2025-07-03,mlb,MIA,MIN,35.446382737010744,34.49429336383309,4.25,5.4,0.0,0.0,0.8,0.4,1.0
777258,2025,2025-07-03,mlb,WSN,DET,34.519895280554,41.930332091578485,5.7,4.08,0.0,0.0,0.5,0.6,1.0
777243,2025,2025-07-04,mlb,COL,CHW,32.21076176814514,32.93310700606492,6.65,3.31,0.0,0.0,0.3,0.4,0.0
777235,2025,2025-07-04,mlb,LAD,HOU,44.479785357282616,38.34791246492824,4.64,6.51,0.0,0.0,0.9,0.8,0.0
777248,2025,2025-07-04,mlb,ARI,KCR,40.826578178179695,37.56754839015402,5.02,2.55,0.0,0.0,0.4,0.3,0.0
777226,2025,2025-07-06,mlb,CLE,DET,35.133293372400495,41.930332091578485,3.06,2.21,0.0,0.0,0.1,0.6,0.0
777216,2025,2025-07-06,mlb,NYM,NYY,44.13496149211463,48.53709649627505,2.16,2.86,0.0,0.0,0.6666666666666666,0.3,0.0
777224,2025,2025-07-06,mlb,MIA,MIL,35.446382737010744,40.99706517824004,3.53,3.2,0.0,0.0,0.8,0.5555555555555556,0.0
777220,2025,2025-07-06,mlb,MIN,TBR,34.49429336383309,39.481233720516585,3.42,2.76,0.0,0.0,0.6,0.4,0.0
777215,2025,2025-07-06,mlb,COL,CHW,32.21076176814514,32.93310700606492,6.52,3.81,0.0,0.0,0.2,0.5,1.0
777218,2025,2025-07-06,mlb,ARI,KCR,40.826578178179695,37.56754839015402,5.12,4.64,0.0,0.0,0.3,0.4,0.0
777206,2025,2025-07-06,mlb,LAD,HOU,44.479785357282616,38.34791246492824,2.82,5.67,0.0,0.0,0.7,0.8,0.0
777205,2025,2025-07-06,mlb,SEA,PIT,48.17227508833325,33.19030182341987,4.21,1.97,0.0,0.0,0.6,0.6,1.0
777219,2025,2025-07-06,mlb,CHC,STL,46.04348923947511,35.44000594157538,3.21,5.49,0.0,0.0,0.7,0.4,1.0
777207,2025,2025-07-06,mlb,SDP,TEX,39.95208039441178,36.02502306287485,2.66,3.86,0.0,0.0,0.5555555555555556,0.6,1.0
777210,2025,2025-07-06,mlb,ATH,SFG,41.83351239972274,40.864388309944545,4.08,4.8,0.0,0.0,0.5,0.4,0.0
777211,2025,2025-07-07,mlb,DET,TBR,41.930332091578485,39.481233720516585,4.37,4.87,0.0,0.0,0.7,0.4,1.0
777209,2025,2025-07-07,mlb,BOS,COL,40.85080185053196,32.21076176814514,5.0,7.49,0.0,0.0,0.6,0.3,1.0
777208,2025,2025-07-07,mlb,CIN,MIA,37.42971480330227,35.446382737010744,4.03,4.17,0.0,0.0,0.4,0.7,0.0
777204,2025,2025-07-07,mlb,KCR,PIT,37.56754839015402,33.19030182341987,2.99,5.52,0.0,0.0,0.5,0.6,1.0
777214,2025,2025-07-06,mlb,TOR,LAA,43.134335054091295,35.95784812425046,3.59,4.56,0.0,0.0,0.9,0.5,1.0
777217,2025,2025-07-06,mlb,PHI,CIN,46.07852610677368,37.42971480330227,2.71,4.57,0.0,0.0,0.4444444444444444,0.5,1.0
777213,2025,2025-07-06,mlb,WSN,BOS,34.519895280554,40.85080185053196,6.98,2.59,0.0,0.0,0.4,0.5,0.0
777222,2025,2025-07-06,mlb,ATL,BAL,38.84710898652087,32.680558253621186,3.99,1.81,0.0,0.0,0.2,0.5,0.0
777244,2025,2025-07-04,mlb,ATH,SFG,41.83351239972274,40.864388309944545,5.04,3.85,1.0,0.0,0.4,0.3,1.0
777230,2025,2025-07-05,mlb,MIN,TBR,34.49429336383309,39.481233720516585,4.5,5.05,0.0,0.0,0.5,0.5,1.0
777229,2025,2025-07-05,mlb,CHC,STL,46.04348923947511,35.44000594157538,2.17,4.21,0.0,0.0,0.7,0.4,0.0
777231,2025,2025-07-05,mlb,TOR,LAA,43.134335054091295,35.95784812425046,5.19,6.81,0.0,0.0,0.8,0.6,1.0
777228,2025,2025-07-05,mlb,WSN,BOS,34.519895280554,40.85080185053196,5.68,4.93,0.0,0.0,0.5,0.4,0.0
777233,2025,2025-07-05,mlb,PHI,CIN,46.07852610677368,37.42971480330227,3.2,3.33,0.0,0.0,0.3333333333333333,0.6,1.0
777234,2025,2025-07-05,mlb,ARI,KCR,40.826578178179695,37.56754839015402,3.39,3.86,0.0,0.0,0.3,0.4,1.0
777273,2025,2025-07-02,mlb,PHI,SDP,46.07852610677368,39.95208039441178,6.23,2.87,1.0,1.0,0.5,0.5,0.0
777237,2025,2025-07-05,mlb,ATL,BAL,38.84710898652087,32.680558253621186,3.81,4.19,0.0,0.0,0.3,0.5,0.0
777238,2025,2025-07-05,mlb,MIA,MIL,35.446382737010744,40.99706517824004,6.04,3.53,0.0,0.0,0.8,0.5555555555555556,1.0
777240,2025,2025-07-05,mlb,CLE,DET,35.133293372400495,41.930332091578485,4.25,3.87,0.0,0.0,0.1,0.6,0.0
777221,2025,2025-07-05,mlb,LAD,HOU,44.479785357282616,38.34791246492824,2.87,3.66,0.0,0.0,0.8,0.8,0.0
777232,2025,2025-07-05,mlb,COL,CHW,32.21076176814514,32.93310700606492,6.7,5.82,0.0,0.0,0.2,0.4,0.0
777223,2025,2025-07-05,mlb,SDP,TEX,39.95208039441178,36.02502306287485,3.51,4.4,0.0,0.0,0.5555555555555556,0.5,0.0
777227,2025,2025-07-05,mlb,ATH,SFG,41.83351239972274,40.864388309944545,4.54,3.22,0.0,0.0,0.5,0.3,0.0
777225,2025,2025-07-05,mlb,SEA,PIT,48.17227508833325,33.19030182341987,3.54,3.94,0.0,0.0,0.5,0.7,1.0
777241,2025,2025-07-05,mlb,NYM,NYY,44.13496149211463,48.53709649627505,6.28,3.09,0.0,0.0,0.5555555555555556,0.3,1.0
777212,2025,2025-07-07,mlb,CHW,TOR,32.93310700606492,43.134335054091295,4.22,4.17,0.0,0.0,0.5,0.9,0.0
777265,2025,2025-07-02,mlb,WSN,DET,34.519895280554,41.930332091578485,4.17,4.64,2.0,2.0,0.5,0.5555555555555556,1.0
777272,2025,2025-07-02,mlb,PIT,STL,33.19030182341987,35.44000594157538,4.19,4.28,0.0,0.0,0.7,0.5,1.0
777326,2025,2025-06-28,mlb,NYY,ATH,48.53709649627505,41.83351239972274,3.32,5.04,0.0,0.0,0.5,0.3,0.0
777324,2025,2025-06-28,mlb,DET,MIN,41.930332091578485,34.49429336383309,3.87,5.1,0.0,0.0,0.5555555555555556,0.4,1.0
777325,2025,2025-06-28,mlb,PIT,NYM,33.19030182341987,44.13496149211463,4.45,6.23,0.0,0.0,0.3333333333333333,0.3,1.0
777330,2025,2025-06-28,mlb,BAL,TBR,32.680558253621186,39.481233720516585,5.93,3.81,0.0,0.0,0.5,0.6,0.0
777322,2025,2025-06-28,mlb,TEX,SEA,36.02502306287485,48.17227508833325,5.74,2.94,0.0,0.0,0.4,0.6,1.0
777319,2025,2025-06-28,mlb,KCR,LAD,37.56754839015402,44.479785357282616,4.15,2.87,0.0,0.0,0.4,0.8,1.0
777328,2025,2025-06-28,mlb,CIN,SDP,37.42971480330227,39.95208039441178,2.87,3.84,0.0,0.0,0.6,0.5,0.0
777329,2025,2025-06-28,mlb,CLE,STL,35.133293372400495,35.44000594157538,4.3,4.84,0.0,0.0,0.5,0.6666666666666666,0.0
777323,2025,2025-06-28,mlb,BOS,TOR,40.85080185053196,43.134335054091295,3.41,3.96,0.0,0.0,0.3,0.6,1.0
777327,2025,2025-06-28,mlb,CHW,SFG,32.93310700606492,40.864388309944545,3.31,3.65,0.0,0.0,0.3333333333333333,0.4,1.0
777318,2025,2025-06-28,mlb,ARI,MIA,40.826578178179695,35.446382737010744,5.25,5.36,0.0,0.0,0.5,0.7,0.0
777321,2025,2025-06-28,mlb,MIL,COL,40.99706517824004,32.21076176814514,3.32,6.65,0.0,0.0,0.8,0.3,1.0
777320,2025,2025-06-28,mlb,HOU,CHC,38.34791246492824,46.04348923947511,6.51,3.95,0.0,0.0,0.8,0.4,0.0
777333,2025,2025-06-28,mlb,ATL,PHI,38.84710898652087,46.07852610677368,3.09,3.92,0.0,0.0,0.5,0.5,1.0
777315,2025,2025-06-28,mlb,LAA,WSN,35.95784812425046,34.519895280554,4.76,4.52,0.0,0.0,0.6,0.4,1.0
777332,2025,2025-06-27,mlb,ARI,MIA,40.826578178179695,35.446382737010744,3.52,4.25,1.0,0.0,0.5,0.6,0.0
777309,2025,2025-06-29,mlb,CLE,STL,35.133293372400495,35.44000594157538,4.25,4.21,0.0,0.0,0.4,0.6666666666666666,0.0
777331,2025,2025-06-27,mlb,LAA,WSN,35.95784812425046,34.519895280554,4.26,5.7,1.0,1.0,0.7,0.3,0.0
777335,2025,2025-06-27,mlb,KCR,LAD,37.56754839015402,44.479785357282616,2.99,4.96,0.0,0.0,0.4,0.8,0.0
777348,2025,2025-06-26,mlb,STL,CHC,35.44000594157538,46.04348923947511,5.31,3.73,0.0,0.0,0.6666666666666666,0.5,0.0
777344,2025,2025-06-26,mlb,COL,LAD,32.21076176814514,44.479785357282616,7.49,3.36,0.0,0.0,0.5,0.8,0.0
777347,2025,2025-06-26,mlb,SFG,MIA,40.864388309944545,35.446382737010744,4.8,4.17,0.0,0.0,0.3,0.6,0.0
777352,2025,2025-06-26,mlb,NYM,ATL,44.13496149211463,38.84710898652087,3.77,3.99,0.0,0.0,0.2,0.6,1.0
777341,2025,2025-06-27,mlb,PIT,NYM,33.19030182341987,44.13496149211463,4.19,4.22,1.0,0.0,0.2222222222222222,0.3,1.0
777343,2025,2025-06-27,mlb,BAL,TBR,32.680558253621186,39.481233720516585,4.64,3.86,1.0,0.0,0.4,0.7,1.0
777337,2025,2025-06-27,mlb,NYY,ATH,48.53709649627505,41.83351239972274,4.44,5.1,1.0,0.0,0.4,0.4,1.0
777346,2025,2025-06-27,mlb,CIN,SDP,37.42971480330227,39.95208039441178,4.45,4.55,1.0,1.0,0.6,0.5,1.0
777349,2025,2025-06-27,mlb,CLE,STL,35.133293372400495,35.44000594157538,4.36,4.28,0.0,0.0,0.5,0.6666666666666666,0.0
777345,2025,2025-06-27,mlb,BOS,TOR,40.85080185053196,43.134335054091295,3.35,4.17,1.0,0.0,0.4,0.5,0.0
777334,2025,2025-06-27,mlb,DET,MIN,41.930332091578485,34.49429336383309,7.18,5.4,0.0,0.0,0.5555555555555556,0.3,0.0
777342,2025,2025-06-27,mlb,ATL,PHI,38.84710898652087,46.07852610677368,5.3,6.23,0.0,0.0,0.6,0.5,0.0
777338,2025,2025-06-27,mlb,CHW,SFG,32.93310700606492,40.864388309944545,4.85,3.8,1.0,0.0,0.3333333333333333,0.3,0.0
777340,2025,2025-06-27,mlb,TEX,SEA,36.02502306287485,48.17227508833325,1.73,3.44,1.0,0.0,0.5,0.5,0.0
777336,2025,2025-06-27,mlb,HOU,CHC,38.34791246492824,46.04348923947511,3.35,2.67,0.0,0.0,0.7,0.5,1.0
777339,2025,2025-06-27,mlb,MIL,COL,40.99706517824004,32.21076176814514,3.96,4.98,1.0,0.0,0.7,0.4,1.0
777313,2025,2025-06-29,mlb,PIT,NYM,33.19030182341987,44.13496149211463,3.94,6.28,0.0,0.0,0.4444444444444444,0.3,1.0
777317,2025,2025-06-29,mlb,BAL,TBR,32.680558253621186,39.481233720516585,4.19,5.05,0.0,0.0,0.4,0.7,1.0
777310,2025,2025-06-29,mlb,BOS,TOR,40.85080185053196,43.134335054091295,4.93,3.18,0.0,0.0,0.3,0.5,0.0
777288,2025,2025-07-01,mlb,PIT,STL,33.19030182341987,35.44000594157538,1.97,5.31,0.0,0.0,0.6,0.6,1.0
777293,2025,2025-07-01,mlb,MIA,MIN,35.446382737010744,34.49429336383309,3.53,3.42,1.0,1.0,0.8,0.3,1.0
777286,2025,2025-07-01,mlb,TBR,ATH,39.481233720516585,41.83351239972274,4.87,4.11,0.0,0.0,0.6,0.4,0.0
777294,2025,2025-07-01,mlb,BOS,CIN,40.85080185053196,37.42971480330227,5.0,4.03,0.0,0.0,0.3,0.5,1.0
777298,2025,2025-07-01,mlb,ATL,LAA,38.84710898652087,35.95784812425046,3.99,4.56,1.0,1.0,0.4,0.5,0.0
777287,2025,2025-07-01,mlb,CHC,CLE,46.04348923947511,35.133293372400495,3.21,3.06,1.0,1.0,0.4,0.3,1.0
777282,2025,2025-07-01,mlb,TEX,BAL,36.02502306287485,32.680558253621186,2.97,6.24,0.0,0.0,0.5,0.5,1.0
777285,2025,2025-07-01,mlb,COL,HOU,32.21076176814514,38.34791246492824,6.52,5.34,1.0,1.0,0.2,0.7,0.0
777281,2025,2025-07-01,mlb,SEA,KCR,48.17227508833325,37.56754839015402,4.9,4.64,0.0,0.0,0.6,0.2,0.0
777278,2025,2025-07-01,mlb,ARI,SFG,40.826578178179695,40.864388309944545,4.83,4.8,0.0,0.0,0.5,0.3,1.0
777280,2025,2025-07-01,mlb,LAD,CHW,44.479785357282616,32.93310700606492,2.49,3.81,1.0,1.0,0.7,0.5555555555555556,1.0
777290,2025,2025-07-02,mlb,PHI,SDP,46.07852610677368,39.95208039441178,2.5,2.87,0.0,0.0,0.4,0.6,
777289,2025,2025-07-02,mlb,NYM,MIL,44.13496149211463,40.99706517824004,3.53,2.7,0.0,0.0,0.4,0.7,
777271,2025,2025-07-02,mlb,TBR,ATH,39.481233720516585,41.83351239972274,3.86,5.1,0.0,0.0,0.5,0.4,1.0
777283,2025,2025-07-01,mlb,TOR,NYY,43.134335054091295,48.53709649627505,3.59,2.86,0.0,0.0,0.6,0.5,1.0
777291,2025,2025-06-30,mlb,ARI,SFG,40.826578178179695,40.864388309944545,3.39,3.22,0.0,0.0,0.5,0.4,1.0
777297,2025,2025-06-30,mlb,SEA,KCR,48.17227508833325,37.56754839015402,4.21,3.86,0.0,0.0,0.6,0.3,1.0
777292,2025,2025-06-30,mlb,TEX,BAL,36.02502306287485,32.680558253621186,4.4,1.81,0.0,0.0,0.5,0.5,0.0
777316,2025,2025-06-29,mlb,ATL,PHI,38.84710898652087,46.07852610677368,4.45,3.2,0.0,0.0,0.5,0.5,0.0
777307,2025,2025-06-29,mlb,NYY,ATH,48.53709649627505,41.83351239972274,6.23,4.54,0.0,0.0,0.5,0.4,1.0
777312,2025,2025-06-29,mlb,CIN,SDP,37.42971480330227,39.95208039441178,3.33,3.51,0.0,0.0,0.5,0.6,1.0
777308,2025,2025-06-29,mlb,HOU,CHC,38.34791246492824,46.04348923947511,3.66,3.68,0.0,0.0,0.7,0.4,1.0
777304,2025,2025-06-29,mlb,KCR,LAD,37.56754839015402,44.479785357282616,2.55,3.97,0.0,0.0,0.4,0.7,0.0
777311,2025,2025-06-29,mlb,CHW,SFG,32.93310700606492,40.864388309944545,5.82,3.85,0.0,0.0,0.4444444444444444,0.4,1.0
777301,2025,2025-06-29,mlb,MIL,COL,40.99706517824004,32.21076176814514,3.53,6.7,0.0,0.0,0.8,0.2,0.0
777284,2025,2025-07-02,mlb,WSN,DET,34.519895280554,41.930332091578485,6.21,3.66,0.0,0.0,0.5,0.5,0.0
777302,2025,2025-06-29,mlb,TEX,SEA,36.02502306287485,48.17227508833325,3.86,3.54,0.0,0.0,0.5,0.5,0.0
777303,2025,2025-06-29,mlb,ARI,MIA,40.826578178179695,35.446382737010744,5.02,6.04,0.0,0.0,0.5,0.7,0.0
777314,2025,2025-06-29,mlb,DET,MIN,41.930332091578485,34.49429336383309,2.21,5.35,0.0,0.0,0.5555555555555556,0.4,1.0
777306,2025,2025-06-30,mlb,PHI,SDP,46.07852610677368,39.95208039441178,2.71,7.71,0.0,0.0,0.5,0.6,1.0
777299,2025,2025-06-30,mlb,PIT,STL,33.19030182341987,35.44000594157538,5.52,5.49,0.0,0.0,0.5555555555555556,0.7,1.0
777295,2025,2025-06-30,mlb,TOR,NYY,43.134335054091295,48.53709649627505,5.19,3.09,0.0,0.0,0.5,0.6,1.0
777300,2025,2025-06-30,mlb,BOS,CIN,40.85080185053196,37.42971480330227,2.59,4.57,0.0,0.0,0.3,0.5,1.0
777296,2025,2025-06-30,mlb,TBR,ATH,39.481233720516585,41.83351239972274,2.76,4.08,0.0,0.0,0.6,0.4,0.0
777305,2025,2025-06-29,mlb,LAA,WSN,35.95784812425046,34.519895280554,6.81,5.68,0.0,0.0,0.6,0.4,0.0
777052,2025,2025-07-22,mlb,MIA,SDP,35.446382737010744,39.95208039441178,3.53,3.51,0.0,0.0,0.5,0.7,1.0
777201,2025,2025-07-07,mlb,MIL,LAD,40.99706517824004,44.479785357282616,2.7,2.49,0.0,0.0,0.5555555555555556,0.6,1.0
777200,2025,2025-07-07,mlb,LAA,TEX,35.95784812425046,36.02502306287485,3.99,2.97,0.0,0.0,0.4,0.5,1.0
777109,2025,2025-07-18,mlb,MIA,KCR,35.446382737010744,37.56754839015402,5.36,4.15,4.0,4.0,0.5,0.7,1.0
777114,2025,2025-07-18,mlb,ATL,NYY,38.84710898652087,48.53709649627505,4.45,4.28,4.0,4.0,0.3,0.5,1.0
777110,2025,2025-07-18,mlb,TBR,BAL,39.481233720516585,32.680558253621186,5.05,5.83,4.0,4.0,0.2,0.6,1.0
777098,2025,2025-07-18,mlb,TEX,DET,36.02502306287485,41.930332091578485,4.4,3.15,4.0,4.0,0.5,0.5,1.0
777102,2025,2025-07-18,mlb,COL,MIN,32.21076176814514,34.49429336383309,4.98,5.35,4.0,4.0,0.3,0.6,1.0
777100,2025,2025-07-18,mlb,ARI,STL,40.826578178179695,35.44000594157538,5.25,5.31,4.0,4.0,0.4,0.4,1.0
777099,2025,2025-07-18,mlb,SEA,HOU,48.17227508833325,38.34791246492824,3.54,3.35,4.0,4.0,0.6,0.4,1.0
777103,2025,2025-07-18,mlb,LAD,MIL,44.479785357282616,40.99706517824004,3.19,3.32,4.0,4.0,0.3,0.8,0.0
777094,2025,2025-07-19,mlb,TOR,SFG,43.134335054091295,40.864388309944545,3.18,3.22,0.0,0.0,0.7,0.5,1.0
777092,2025,2025-07-19,mlb,NYM,CIN,44.13496149211463,37.42971480330227,3.53,4.45,0.0,0.0,0.5,0.5,0.0
777093,2025,2025-07-19,mlb,MIA,KCR,35.446382737010744,37.56754839015402,6.04,3.86,0.0,0.0,0.6,0.6,1.0
777089,2025,2025-07-19,mlb,PHI,LAA,46.07852610677368,35.95784812425046,4.08,3.99,0.0,0.0,0.4,0.5,1.0
777090,2025,2025-07-19,mlb,PIT,CHW,33.19030182341987,32.93310700606492,3.94,3.31,0.0,0.0,0.1,0.4,0.0
777091,2025,2025-07-19,mlb,WSN,SDP,34.519895280554,39.95208039441178,5.68,5.38,0.0,0.0,0.1,0.6,1.0
777095,2025,2025-07-19,mlb,TBR,BAL,39.481233720516585,32.680558253621186,3.81,4.19,0.0,0.0,0.3,0.6,1.0
777105,2025,2025-07-18,mlb,CLE,ATH,35.133293372400495,41.83351239972274,4.3,5.04,4.0,4.0,0.6,0.5,1.0
777088,2025,2025-07-19,mlb,TEX,DET,36.02502306287485,41.930332091578485,5.74,4.37,0.0,0.0,0.6,0.5,1.0
777111,2025,2025-07-18,mlb,NYM,CIN,44.13496149211463,37.42971480330227,5.64,3.33,4.0,4.0,0.6,0.5,0.0
777106,2025,2025-07-18,mlb,PHI,LAA,46.07852610677368,35.95784812425046,3.92,4.74,4.0,4.0,0.4444444444444444,0.4,0.0
777128,2025,2025-07-13,mlb,CIN,COL,37.42971480330227,32.21076176814514,4.45,7.49,0.0,0.0,0.5,0.3,1.0
777121,2025,2025-07-13,mlb,DET,SEA,41.930332091578485,48.17227508833325,4.64,3.44,0.0,0.0,0.6,0.6,0.0
777124,2025,2025-07-13,mlb,KCR,NYM,37.56754839015402,44.13496149211463,2.99,3.53,0.0,0.0,0.6,0.6666666666666666,1.0
777125,2025,2025-07-13,mlb,HOU,TEX,38.34791246492824,36.02502306287485,2.43,1.73,0.0,0.0,0.5,0.5,0.0
777113,2025,2025-07-13,mlb,MIN,PIT,34.49429336383309,33.19030182341987,4.04,4.19,0.0,0.0,0.7,0.2,0.0
777120,2025,2025-07-13,mlb,CHW,CLE,32.93310700606492,35.133293372400495,4.85,3.21,0.0,0.0,0.4,0.5,0.0
777123,2025,2025-07-13,mlb,MIL,WSN,40.99706517824004,34.519895280554,2.7,5.7,0.0,0.0,0.7777777777777778,0.2,1.0
777118,2025,2025-07-13,mlb,STL,ATL,35.44000594157538,38.84710898652087,4.28,5.4,0.0,0.0,0.3,0.4,1.0
777119,2025,2025-07-13,mlb,SFG,LAD,40.864388309944545,44.479785357282616,3.65,2.49,0.0,0.0,0.7,0.3,0.0
777116,2025,2025-07-13,mlb,ATH,TOR,41.83351239972274,43.134335054091295,4.11,4.17,0.0,0.0,0.5,0.8,1.0
777115,2025,2025-07-13,mlb,LAA,ARI,35.95784812425046,40.826578178179695,4.26,3.52,0.0,0.0,0.5,0.3,0.0
777117,2025,2025-07-13,mlb,SDP,PHI,39.95208039441178,46.07852610677368,2.87,2.5,0.0,0.0,0.6666666666666666,0.3333333333333333,0.0
777101,2025,2025-07-18,mlb,CHC,BOS,46.04348923947511,40.85080185053196,3.95,3.41,4.0,4.0,0.6,1.0,1.0
777107,2025,2025-07-18,mlb,PIT,CHW,33.19030182341987,32.93310700606492,4.45,5.82,4.0,4.0,0.2,0.4,0.0
777112,2025,2025-07-18,mlb,WSN,SDP,34.519895280554,39.95208039441178,4.52,4.55,4.0,4.0,0.2,0.6,0.0
777108,2025,2025-07-18,mlb,TOR,SFG,43.134335054091295,40.864388309944545,3.96,3.85,4.0,4.0,0.7,0.6,1.0
777104,2025,2025-07-19,mlb,CLE,ATH,35.133293372400495,41.83351239972274,4.25,4.54,0.0,0.0,0.7,0.5,0.0
777096,2025,2025-07-19,mlb,CHC,BOS,46.04348923947511,40.85080185053196,3.73,3.35,0.0,0.0,0.6,0.9,1.0
777081,2025,2025-07-19,mlb,ARI,STL,40.826578178179695,35.44000594157538,3.39,4.28,0.0,0.0,0.5,0.4,1.0
777060,2025,2025-07-21,mlb,PIT,DET,33.19030182341987,41.930332091578485,1.97,4.64,0.0,0.0,0.1,0.4,1.0
777062,2025,2025-07-21,mlb,MIA,SDP,35.446382737010744,39.95208039441178,4.25,3.84,0.0,0.0,0.6,0.6,0.0
777064,2025,2025-07-21,mlb,WSN,CIN,34.519895280554,37.42971480330227,5.7,4.03,0.0,0.0,0.2,0.6,1.0
777063,2025,2025-07-21,mlb,PHI,BOS,46.07852610677368,40.85080185053196,2.71,4.93,0.0,0.0,0.4,0.8,1.0
777066,2025,2025-07-21,mlb,TOR,NYY,43.134335054091295,48.53709649627505,3.59,3.09,0.0,0.0,0.7,0.7,1.0
777061,2025,2025-07-21,mlb,NYM,LAA,44.13496149211463,35.95784812425046,3.02,4.56,0.0,0.0,0.4,0.6,1.0
777069,2025,2025-07-21,mlb,ATL,SFG,38.84710898652087,40.864388309944545,5.3,4.8,0.0,0.0,0.4,0.4,1.0
777059,2025,2025-07-21,mlb,TBR,CHW,39.481233720516585,32.93310700606492,4.87,4.22,0.0,0.0,0.3,0.5,0.0
777065,2025,2025-07-21,mlb,CHC,KCR,46.04348923947511,37.56754839015402,4.5,2.99,0.0,0.0,0.6,0.6,0.0
777057,2025,2025-07-21,mlb,TEX,ATH,36.02502306287485,41.83351239972274,3.86,4.08,0.0,0.0,0.6,0.5,1.0
777053,2025,2025-07-21,mlb,COL,STL,32.21076176814514,35.44000594157538,7.49,4.42,0.0,0.0,0.4,0.3,0.0
777055,2025,2025-07-21,mlb,ARI,HOU,40.826578178179695,38.34791246492824,4.83,5.34,0.0,0.0,0.6,0.3,0.0
777050,2025,2025-07-21,mlb,SEA,MIL,48.17227508833325,40.99706517824004,4.21,3.2,0.0,0.0,0.6,1.0,0.0
777051,2025,2025-07-21,mlb,LAD,MIN,44.479785357282616,34.49429336383309,2.87,5.4,0.0,0.0,0.2,0.5,1.0
777056,2025,2025-07-22,mlb,CLE,BAL,35.133293372400495,32.680558253621186,3.21,6.24,0.0,0.0,0.8,0.4,1.0
777068,2025,2025-07-21,mlb,CLE,BAL,35.133293372400495,32.680558253621186,4.24,4.64,0.0,0.0,0.8,0.5,1.0
777073,2025,2025-07-20,mlb,TEX,DET,36.02502306287485,41.930332091578485,2.84,2.21,0.0,0.0,0.6,0.4,0.0
777070,2025,2025-07-20,mlb,LAD,MIL,44.479785357282616,40.99706517824004,3.36,3.96,0.0,0.0,0.2,0.9,0.0
777071,2025,2025-07-20,mlb,ARI,STL,40.826578178179695,35.44000594157538,3.52,4.84,0.0,0.0,0.5,0.4,1.0
777097,2025,2025-07-19,mlb,ATL,NYY,38.84710898652087,48.53709649627505,5.6,4.44,0.0,0.0,0.4,0.5,0.0
777080,2025,2025-07-19,mlb,COL,MIN,32.21076176814514,34.49429336383309,6.65,5.56,0.0,0.0,0.3,0.6,1.0
777085,2025,2025-07-19,mlb,LAD,MIL,44.479785357282616,40.99706517824004,2.82,2.7,0.0,0.0,0.2,0.9,0.0
777086,2025,2025-07-19,mlb,SEA,HOU,48.17227508833325,38.34791246492824,4.32,6.51,0.0,0.0,0.7,0.4,1.0
777079,2025,2025-07-20,mlb,TOR,SFG,43.134335054091295,40.864388309944545,4.17,3.65,0.0,0.0,0.7,0.5,1.0
777076,2025,2025-07-20,mlb,TBR,BAL,39.481233720516585,32.680558253621186,3.86,1.81,0.0,0.0,0.4,0.5,0.0
777077,2025,2025-07-20,mlb,WSN,SDP,34.519895280554,39.95208039441178,4.17,2.87,0.0,0.0,0.2,0.6,0.0
777122,2025,2025-07-13,mlb,NYY,CHC,48.53709649627505,46.04348923947511,4.44,3.73,0.0,0.0,0.5,0.6,0.0
777078,2025,2025-07-20,mlb,PHI,LAA,46.07852610677368,35.95784812425046,3.2,4.26,0.0,0.0,0.5,0.5,0.0
777083,2025,2025-07-20,mlb,ATL,NYY,38.84710898652087,48.53709649627505,3.99,6.23,0.0,0.0,0.4,0.6,0.0
777087,2025,2025-07-20,mlb,NYM,CIN,44.13496149211463,37.42971480330227,4.22,2.87,0.0,0.0,0.4,0.6,1.0
777084,2025,2025-07-20,mlb,CLE,ATH,35.133293372400495,41.83351239972274,3.06,4.11,0.0,0.0,0.7,0.5,1.0
777082,2025,2025-07-20,mlb,MIA,KCR,35.446382737010744,37.56754839015402,4.17,2.55,0.0,0.0,0.6,0.5,0.0
777075,2025,2025-07-20,mlb,CHC,BOS,46.04348923947511,40.85080185053196,2.67,2.59,0.0,0.0,0.6,0.8,0.0
777072,2025,2025-07-20,mlb,COL,MIN,32.21076176814514,34.49429336383309,6.7,3.42,0.0,0.0,0.4,0.5,0.0
777067,2025,2025-07-20,mlb,SEA,HOU,48.17227508833325,38.34791246492824,2.94,2.43,0.0,0.0,0.7,0.3,0.0
777074,2025,2025-07-20,mlb,PIT,CHW,33.19030182341987,32.93310700606492,5.52,4.85,0.0,0.0,0.1,0.4,0.0
777202,2025,2025-07-07,mlb,HOU,CLE,38.34791246492824,35.133293372400495,5.34,4.24,0.0,0.0,0.8,0.0,0.0
777129,2025,2025-07-13,mlb,BAL,MIA,32.680558253621186,35.446382737010744,6.24,4.25,0.0,0.0,0.6,0.5,0.0
777132,2025,2025-07-12,mlb,ATH,TOR,41.83351239972274,43.134335054091295,4.08,3.59,0.0,0.0,0.5,0.9,1.0
777163,2025,2025-07-09,mlb,SFG,PHI,40.864388309944545,46.07852610677368,3.85,3.92,0.0,0.0,0.6,0.4444444444444444,0.0
777182,2025,2025-07-09,mlb,DET,TBR,41.930332091578485,39.481233720516585,3.15,3.81,0.0,0.0,0.8,0.3,0.0
777184,2025,2025-07-09,mlb,NYY,SEA,48.53709649627505,48.17227508833325,2.96,4.32,0.0,0.0,0.3,0.6,1.0
777179,2025,2025-07-09,mlb,BOS,COL,40.85080185053196,32.21076176814514,3.41,6.65,0.0,0.0,0.8,0.3,1.0
777183,2025,2025-07-09,mlb,CIN,MIA,37.42971480330227,35.446382737010744,2.87,5.36,0.0,0.0,0.3,0.7,1.0
777177,2025,2025-07-09,mlb,KCR,PIT,37.56754839015402,33.19030182341987,2.55,4.45,0.0,0.0,0.6,0.5,1.0
777173,2025,2025-07-09,mlb,MIN,CHC,34.49429336383309,46.04348923947511,5.4,2.67,0.0,0.0,0.5,0.6,1.0
777178,2025,2025-07-09,mlb,STL,WSN,35.44000594157538,34.519895280554,5.31,4.17,0.0,0.0,0.5,0.4,0.0
777174,2025,2025-07-09,mlb,HOU,CLE,38.34791246492824,35.133293372400495,3.35,4.3,0.0,0.0,0.6,0.2,0.0
777171,2025,2025-07-09,mlb,LAA,TEX,35.95784812425046,36.02502306287485,4.76,5.74,0.0,0.0,0.4,0.5,1.0
777162,2025,2025-07-09,mlb,SDP,ARI,39.95208039441178,40.826578178179695,4.55,5.25,0.0,0.0,0.5555555555555556,0.4,0.0
777176,2025,2025-07-09,mlb,ATH,ATL,41.83351239972274,38.84710898652087,5.1,5.3,0.0,0.0,0.5,0.2,0.0
777165,2025,2025-07-10,mlb,BAL,NYM,32.680558253621186,44.13496149211463,5.83,4.22,1.0,1.0,0.6,0.5555555555555556,1.0
777181,2025,2025-07-10,mlb,BAL,NYM,32.680558253621186,44.13496149211463,4.64,3.45,0.0,0.0,0.6,0.5555555555555556,1.0
777175,2025,2025-07-09,mlb,MIL,LAD,40.99706517824004,44.479785357282616,3.96,3.19,0.0,0.0,0.5555555555555556,0.4,1.0
777166,2025,2025-07-10,mlb,MIN,CHC,34.49429336383309,46.04348923947511,5.35,3.95,0.0,0.0,0.5,0.6,0.0
777172,2025,2025-07-09,mlb,CHW,TOR,32.93310700606492,43.134335054091295,3.31,3.18,0.0,0.0,0.4,1.0,1.0
777186,2025,2025-07-08,mlb,SFG,PHI,40.864388309944545,46.07852610677368,3.65,4.08,0.0,0.0,0.5,0.5555555555555556,1.0
777203,2025,2025-07-07,mlb,SDP,ARI,39.95208039441178,40.826578178179695,5.38,4.83,0.0,0.0,0.5555555555555556,0.3,0.0
777199,2025,2025-07-07,mlb,SFG,PHI,40.864388309944545,46.07852610677368,3.8,2.5,0.0,0.0,0.5,0.5555555555555556,1.0
777198,2025,2025-07-08,mlb,BAL,NYM,32.680558253621186,44.13496149211463,6.24,3.53,1.0,1.0,0.6,0.5555555555555556,0.0
777195,2025,2025-07-08,mlb,DET,TBR,41.930332091578485,39.481233720516585,4.64,3.86,0.0,0.0,0.7,0.3,1.0
777187,2025,2025-07-08,mlb,NYY,SEA,48.53709649627505,48.17227508833325,4.44,3.44,1.0,1.0,0.3,0.7,1.0
777196,2025,2025-07-08,mlb,BOS,COL,40.85080185053196,32.21076176814514,3.35,4.98,0.0,0.0,0.7,0.3,1.0
777197,2025,2025-07-08,mlb,CIN,MIA,37.42971480330227,35.446382737010744,4.45,4.25,0.0,0.0,0.4,0.7,0.0
777194,2025,2025-07-08,mlb,KCR,PIT,37.56754839015402,33.19030182341987,4.15,4.19,0.0,0.0,0.6,0.6,1.0
777190,2025,2025-07-08,mlb,MIN,CHC,34.49429336383309,46.04348923947511,4.04,3.73,1.0,1.0,0.5,0.7,1.0
777188,2025,2025-07-08,mlb,CHW,TOR,32.93310700606492,43.134335054091295,4.85,3.96,0.0,0.0,0.4,0.9,0.0
777193,2025,2025-07-08,mlb,MIL,LAD,40.99706517824004,44.479785357282616,4.36,3.36,0.0,0.0,0.5555555555555556,0.5,1.0
777191,2025,2025-07-08,mlb,STL,WSN,35.44000594157538,34.519895280554,4.28,5.7,1.0,1.0,0.4,0.4,1.0
777192,2025,2025-07-08,mlb,HOU,CLE,38.34791246492824,35.133293372400495,2.43,3.21,0.0,0.0,0.7,0.1,0.0
777180,2025,2025-07-08,mlb,LAA,TEX,35.95784812425046,36.02502306287485,4.26,1.73,0.0,0.0,0.4,0.4,0.0
777185,2025,2025-07-08,mlb,SDP,ARI,39.95208039441178,40.826578178179695,2.87,3.52,0.0,0.0,0.4444444444444444,0.4,1.0
777189,2025,2025-07-08,mlb,ATH,ATL,41.83351239972274,38.84710898652087,4.11,13.85,1.0,1.0,0.4,0.2,1.0
777168,2025,2025-07-10,mlb,CIN,MIA,37.42971480330227,35.446382737010744,3.33,6.04,0.0,0.0,0.4,0.6,1.0
777169,2025,2025-07-10,mlb,NYY,SEA,48.53709649627505,48.17227508833325,6.23,2.94,0.0,0.0,0.4,0.6,1.0
777170,2025,2025-07-10,mlb,BOS,TBR,40.85080185053196,39.481233720516585,4.93,5.05,0.0,0.0,0.8,0.3,1.0
777143,2025,2025-07-11,mlb,SFG,LAD,40.864388309944545,44.479785357282616,3.22,4.96,1.0,1.0,0.6,0.4,1.0
777142,2025,2025-07-12,mlb,NYY,CHC,48.53709649627505,46.04348923947511,2.86,3.21,0.0,0.0,0.5,0.6,0.0
777145,2025,2025-07-12,mlb,DET,SEA,41.930332091578485,48.17227508833325,3.87,4.21,0.0,0.0,0.6,0.5,0.0
777134,2025,2025-07-12,mlb,MIN,PIT,34.49429336383309,33.19030182341987,4.5,3.94,0.0,0.0,0.6,0.3,1.0
777133,2025,2025-07-12,mlb,STL,ATL,35.44000594157538,38.84710898652087,5.49,,0.0,0.0,0.3,0.3,0.0
777127,2025,2025-07-12,mlb,SFG,LAD,40.864388309944545,44.479785357282616,3.8,2.87,0.0,0.0,0.7,0.3,0.0
777141,2025,2025-07-12,mlb,BAL,MIA,32.680558253621186,35.446382737010744,1.81,4.17,0.0,0.0,0.7,0.4,0.0
777140,2025,2025-07-12,mlb,CIN,COL,37.42971480330227,32.21076176814514,4.03,9.36,0.0,0.0,0.4,0.3,1.0
777136,2025,2025-07-12,mlb,KCR,NYM,37.56754839015402,44.13496149211463,4.18,6.28,0.0,0.0,0.7,0.6666666666666666,0.0
777144,2025,2025-07-12,mlb,BOS,TBR,40.85080185053196,39.481233720516585,2.59,4.87,0.0,0.0,0.9,0.3,1.0
777138,2025,2025-07-12,mlb,CHW,CLE,32.93310700606492,35.133293372400495,4.22,4.24,0.0,0.0,0.4,0.4,0.0
777135,2025,2025-07-12,mlb,MIL,WSN,40.99706517824004,34.519895280554,3.2,6.98,0.0,0.0,0.6666666666666666,0.3,1.0
777137,2025,2025-07-12,mlb,HOU,TEX,38.34791246492824,36.02502306287485,3.66,2.97,0.0,0.0,0.5,0.6,1.0
777126,2025,2025-07-12,mlb,SDP,PHI,39.95208039441178,46.07852610677368,5.38,2.71,0.0,0.0,0.6666666666666666,0.4444444444444444,1.0
777131,2025,2025-07-12,mlb,LAA,ARI,35.95784812425046,40.826578178179695,3.99,4.83,0.0,0.0,0.4,0.3,1.0
777152,2025,2025-07-11,mlb,ATH,TOR,41.83351239972274,43.134335054091295,4.54,5.19,0.0,1.0,0.5,0.9,0.0
777139,2025,2025-07-11,mlb,SDP,PHI,39.95208039441178,46.07852610677368,3.66,3.2,0.0,1.0,0.5555555555555556,0.5555555555555556,1.0
777150,2025,2025-07-11,mlb,LAA,ARI,35.95784812425046,40.826578178179695,4.56,3.39,0.0,0.0,0.4,0.4,1.0
777147,2025,2025-07-11,mlb,STL,ATL,35.44000594157538,38.84710898652087,4.21,3.99,0.0,0.0,0.4,0.2,0.0
777167,2025,2025-07-10,mlb,STL,WSN,35.44000594157538,34.519895280554,4.84,4.52,0.0,0.0,0.4,0.4,1.0
777156,2025,2025-07-10,mlb,ATH,ATL,41.83351239972274,38.84710898652087,5.04,4.45,0.0,0.0,0.5,0.3,1.0
777159,2025,2025-07-10,mlb,LAA,TEX,35.95784812425046,36.02502306287485,6.81,4.4,0.0,0.0,0.4,0.4,0.0
777158,2025,2025-07-10,mlb,SDP,ARI,39.95208039441178,40.826578178179695,3.84,5.02,0.0,0.0,0.4444444444444444,0.5,1.0
777164,2025,2025-07-11,mlb,CHW,CLE,32.93310700606492,35.133293372400495,3.81,4.25,1.0,1.0,0.4,0.3,0.0
777146,2025,2025-07-11,mlb,CHW,CLE,32.93310700606492,35.133293372400495,5.82,3.06,0.0,0.0,0.3,0.4,1.0
777130,2025,2025-07-13,mlb,BOS,TBR,40.85080185053196,39.481233720516585,3.35,3.86,0.0,0.0,0.9,0.3,1.0
777157,2025,2025-07-11,mlb,BAL,MIA,32.680558253621186,35.446382737010744,4.19,3.53,0.0,0.0,0.7,0.5,1.0
777160,2025,2025-07-11,mlb,CIN,COL,37.42971480330227,32.21076176814514,4.57,6.7,0.0,1.0,0.4,0.3,0.0
777161,2025,2025-07-11,mlb,DET,SEA,41.930332091578485,48.17227508833325,2.21,3.54,1.0,0.0,0.7,0.5,0.0
777155,2025,2025-07-11,mlb,BOS,TBR,40.85080185053196,39.481233720516585,4.13,2.76,0.0,0.0,0.9,0.3,1.0
777151,2025,2025-07-11,mlb,KCR,NYM,37.56754839015402,44.13496149211463,3.86,3.02,1.0,0.0,0.7,0.5555555555555556,0.0
777154,2025,2025-07-11,mlb,HOU,TEX,38.34791246492824,36.02502306287485,6.51,3.86,1.0,0.0,0.6,0.5,0.0
777148,2025,2025-07-11,mlb,MIN,PIT,34.49429336383309,33.19030182341987,3.42,1.97,0.0,1.0,0.5,0.4,1.0
777149,2025,2025-07-11,mlb,MIL,WSN,40.99706517824004,34.519895280554,3.49,5.68,1.0,0.0,0.5555555555555556,0.4,1.0
777153,2025,2025-07-11,mlb,NYY,CHC,48.53709649627505,46.04348923947511,3.09,3.09,0.0,0.0,0.4,0.6,1.0
777350,2025,2025-06-26,mlb,HOU,PHI,38.34791246492824,46.07852610677368,2.43,2.5,0.0,0.0,0.7,0.6,1.0
776747,2025,2025-08-14,mlb,TOR,CHC,43.134335054091295,46.04348923947511,5.19,3.21,0.0,0.0,0.6,0.4,1.0
776743,2025,2025-08-14,mlb,WSN,PHI,34.519895280554,46.07852610677368,4.34,3.92,0.0,0.0,0.4,0.7,1.0
776342,2025,2025-09-13,mlb,PHI,KCR,46.07852610677368,37.56754839015402,4.08,3.66,0.0,0.0,0.8,0.4,1.0
776348,2025,2025-09-13,mlb,CLE,CHW,35.133293372400495,32.93310700606492,2.72,4.1,0.0,0.0,0.8,0.7,1.0
776337,2025,2025-09-13,mlb,MIN,ARI,34.49429336383309,40.826578178179695,3.42,3.39,0.0,0.0,0.3,0.5,0.0
776346,2025,2025-09-13,mlb,ATL,HOU,38.84710898652087,38.34791246492824,5.3,2.43,0.0,0.0,0.3,0.4,0.0
776339,2025,2025-09-13,mlb,MIL,STL,40.99706517824004,35.44000594157538,4.36,4.28,0.0,0.0,0.5,0.4,1.0
776341,2025,2025-09-13,mlb,SDP,COL,39.95208039441178,32.21076176814514,4.55,9.36,0.0,0.0,0.4,0.2,1.0
776328,2025,2025-09-13,mlb,SFG,LAD,40.864388309944545,44.479785357282616,3.22,3.36,0.0,0.0,0.7,0.4,0.0
776333,2025,2025-09-13,mlb,SEA,LAA,48.17227508833325,35.95784812425046,2.94,6.66,0.0,0.0,0.7,0.4,1.0
776340,2025,2025-09-13,mlb,ATH,CIN,41.83351239972274,37.42971480330227,4.54,2.76,0.0,0.0,0.5,0.5,1.0
776320,2025,2025-09-14,mlb,WSN,PIT,34.519895280554,33.19030182341987,4.25,3.94,0.0,0.0,0.6,0.3,1.0
776334,2025,2025-09-14,mlb,PHI,KCR,46.07852610677368,37.56754839015402,6.01,2.99,0.0,0.0,0.9,0.4,0.0
776329,2025,2025-09-14,mlb,ATL,HOU,38.84710898652087,38.34791246492824,5.6,3.66,0.0,0.0,0.3,0.5,1.0
776322,2025,2025-09-14,mlb,TOR,BAL,43.134335054091295,32.680558253621186,3.57,2.31,0.0,0.0,0.7,0.7,1.0
776335,2025,2025-09-14,mlb,NYM,TEX,44.13496149211463,36.02502306287485,2.06,2.84,0.0,0.0,0.1,0.7,1.0
776331,2025,2025-09-14,mlb,CLE,CHW,35.133293372400495,32.93310700606492,4.3,5.17,0.0,0.0,0.8,0.6,1.0
776344,2025,2025-09-13,mlb,BOS,NYY,40.85080185053196,48.53709649627505,3.35,2.86,0.0,0.0,0.5,0.6,0.0
776332,2025,2025-09-14,mlb,MIA,DET,35.446382737010744,41.930332091578485,4.8,4.37,0.0,0.0,0.5,0.4,0.0
776347,2025,2025-09-13,mlb,MIA,DET,35.446382737010744,41.930332091578485,4.17,5.83,0.0,0.0,0.4,0.4,1.0
776336,2025,2025-09-13,mlb,WSN,PIT,34.519895280554,33.19030182341987,2.31,4.02,0.0,0.0,0.7,0.3,0.0
776354,2025,2025-09-12,mlb,PHI,KCR,46.07852610677368,37.56754839015402,4.93,4.64,0.0,0.0,0.8,0.4,1.0
776353,2025,2025-09-12,mlb,TOR,BAL,43.134335054091295,32.680558253621186,3.96,1.81,0.0,0.0,0.6,0.8,1.0
776359,2025,2025-09-12,mlb,NYM,TEX,44.13496149211463,36.02502306287485,7.71,2.97,0.0,1.0,0.3,0.7,0.0
776361,2025,2025-09-12,mlb,CLE,CHW,35.133293372400495,32.93310700606492,4.24,3.54,0.0,0.0,0.7,0.8,1.0
776366,2025,2025-09-12,mlb,MIA,DET,35.446382737010744,41.930332091578485,5.36,2.21,0.0,0.0,0.3,0.5,1.0
776363,2025,2025-09-12,mlb,BOS,NYY,40.85080185053196,48.53709649627505,3.41,3.32,1.0,0.0,0.6,0.5,0.0
776360,2025,2025-09-12,mlb,ATL,HOU,38.84710898652087,38.34791246492824,2.88,1.54,1.0,0.0,0.4,0.4,0.0
776355,2025,2025-09-12,mlb,MIN,ARI,34.49429336383309,40.826578178179695,2.74,5.25,1.0,1.0,0.2,0.5,1.0
776356,2025,2025-09-12,mlb,MIL,STL,40.99706517824004,35.44000594157538,3.32,5.31,1.0,1.0,0.4,0.4,1.0
776357,2025,2025-09-12,mlb,SDP,COL,39.95208039441178,32.21076176814514,5.04,6.33,0.0,0.0,0.4,0.1,0.0
776358,2025,2025-09-12,mlb,ATH,CIN,41.83351239972274,37.42971480330227,5.08,4.03,1.0,1.0,0.4,0.6,1.0
776345,2025,2025-09-12,mlb,SEA,LAA,48.17227508833325,35.95784812425046,3.54,3.99,0.0,0.0,0.6,0.5,1.0
776350,2025,2025-09-12,mlb,SFG,LAD,40.864388309944545,44.479785357282616,3.85,2.49,1.0,1.0,0.7,0.5,1.0
776338,2025,2025-09-13,mlb,CHC,TBR,46.04348923947511,39.481233720516585,3.95,2.76,0.0,0.0,0.6,0.4,0.0
776343,2025,2025-09-13,mlb,TOR,BAL,43.134335054091295,32.680558253621186,5.19,4.64,0.0,0.0,0.6,0.8,1.0
776349,2025,2025-09-13,mlb,NYM,TEX,44.13496149211463,36.02502306287485,4.79,4.4,0.0,0.0,0.2,0.7,0.0
776324,2025,2025-09-14,mlb,MIN,ARI,34.49429336383309,40.826578178179695,5.1,3.71,0.0,0.0,0.3,0.6,0.0
776326,2025,2025-09-14,mlb,MIL,STL,40.99706517824004,35.44000594157538,3.96,4.84,0.0,0.0,0.6,0.4,0.0
776321,2025,2025-09-14,mlb,CHC,TBR,46.04348923947511,39.481233720516585,3.73,3.31,0.0,0.0,0.5,0.4,1.0
776305,2025,2025-09-16,mlb,TBR,TOR,39.481233720516585,43.134335054091295,3.86,4.17,0.0,0.0,0.2,0.7,0.0
776302,2025,2025-09-16,mlb,KCR,SEA,37.56754839015402,48.17227508833325,3.86,3.44,1.0,1.0,0.4,0.9,0.0
776306,2025,2025-09-16,mlb,CHW,BAL,32.93310700606492,32.680558253621186,3.81,4.19,0.0,0.0,0.4,0.6,0.0
776298,2025,2025-09-16,mlb,MIN,NYY,34.49429336383309,48.53709649627505,5.56,2.96,0.0,0.0,0.4,0.5,0.0
776295,2025,2025-09-16,mlb,MIL,LAA,40.99706517824004,35.95784812425046,2.7,6.4,1.0,1.0,0.5,0.3,1.0
776300,2025,2025-09-16,mlb,STL,CIN,35.44000594157538,37.42971480330227,4.42,2.87,0.0,0.0,0.3,0.5,1.0
776301,2025,2025-09-16,mlb,HOU,TEX,38.34791246492824,36.02502306287485,1.69,3.52,0.0,0.0,0.5,0.7,1.0
776293,2025,2025-09-16,mlb,COL,MIA,32.21076176814514,35.446382737010744,4.98,4.25,1.0,1.0,0.2,0.5,0.0
776294,2025,2025-09-16,mlb,ARI,SFG,40.826578178179695,40.864388309944545,5.02,4.61,0.0,0.0,0.6,0.4,1.0
776297,2025,2025-09-16,mlb,LAD,PHI,44.479785357282616,46.07852610677368,2.87,2.5,0.0,0.0,0.6,0.8,0.0
776287,2025,2025-09-17,mlb,PIT,CHC,33.19030182341987,46.04348923947511,3.57,3.21,0.0,0.0,0.1,0.6,0.0
776283,2025,2025-09-17,mlb,STL,CIN,35.44000594157538,37.42971480330227,5.31,4.03,0.0,0.0,0.4,0.5,0.0
776285,2025,2025-09-17,mlb,CHW,BAL,32.93310700606492,32.680558253621186,3.54,2.91,0.0,0.0,0.3,0.6,0.0
776279,2025,2025-09-17,mlb,ARI,SFG,40.826578178179695,40.864388309944545,5.25,3.85,0.0,0.0,0.6,0.3,0.0
776286,2025,2025-09-17,mlb,WSN,ATL,34.519895280554,38.84710898652087,4.34,2.88,0.0,0.0,0.4444444444444444,0.4444444444444444,0.0
776304,2025,2025-09-16,mlb,NYM,SDP,44.13496149211463,39.95208039441178,3.53,3.44,1.0,1.0,0.2,0.6,1.0
776310,2025,2025-09-16,mlb,BOS,ATH,40.85080185053196,41.83351239972274,2.33,4.11,1.0,1.0,0.4,0.6,0.0
776308,2025,2025-09-16,mlb,PIT,CHC,33.19030182341987,46.04348923947511,1.97,2.67,0.0,0.0,0.1,0.6,0.0
776303,2025,2025-09-16,mlb,DET,CLE,41.930332091578485,35.133293372400495,3.87,3.21,1.0,1.0,0.5,0.9,0.0
776327,2025,2025-09-14,mlb,ATH,CIN,41.83351239972274,37.42971480330227,3.14,3.33,0.0,0.0,0.5,0.4,1.0
776325,2025,2025-09-14,mlb,SFG,LAD,40.864388309944545,44.479785357282616,3.65,3.19,0.0,0.0,0.6,0.5,0.0
776323,2025,2025-09-14,mlb,SDP,COL,39.95208039441178,32.21076176814514,5.38,6.7,0.0,0.0,0.5,0.2,1.0
776317,2025,2025-09-14,mlb,SEA,LAA,48.17227508833325,35.95784812425046,4.21,4.76,0.0,0.0,0.8,0.3,1.0
776330,2025,2025-09-14,mlb,BOS,NYY,40.85080185053196,48.53709649627505,2.59,4.44,0.0,0.0,0.4,0.6,1.0
776318,2025,2025-09-15,mlb,PIT,CHC,33.19030182341987,46.04348923947511,2.71,3.68,0.0,0.0,0.2,0.5,0.0
776315,2025,2025-09-15,mlb,WSN,ATL,34.519895280554,38.84710898652087,5.68,4.45,0.0,0.0,0.6,0.4,0.0
776351,2025,2025-09-12,mlb,WSN,PIT,34.519895280554,33.19030182341987,4.34,4.19,0.0,0.0,0.7,0.3,1.0
776316,2025,2025-09-15,mlb,TBR,TOR,39.481233720516585,43.134335054091295,4.67,3.21,0.0,0.0,0.3,0.7,0.0
776313,2025,2025-09-15,mlb,MIN,NYY,34.49429336383309,48.53709649627505,4.04,3.09,0.0,0.0,0.3,0.6,1.0
776312,2025,2025-09-15,mlb,STL,CIN,35.44000594157538,37.42971480330227,4.21,3.81,0.0,0.0,0.4,0.4,0.0
776319,2025,2025-09-15,mlb,HOU,TEX,38.34791246492824,36.02502306287485,4.77,3.86,0.0,0.0,0.4,0.7,1.0
776309,2025,2025-09-15,mlb,ARI,SFG,40.826578178179695,40.864388309944545,4.83,6.37,0.0,0.0,0.6,0.5,1.0
776311,2025,2025-09-15,mlb,LAD,PHI,44.479785357282616,46.07852610677368,3.18,3.2,0.0,0.0,0.6,0.8,0.0
776307,2025,2025-09-16,mlb,WSN,ATL,34.519895280554,38.84710898652087,4.17,2.58,0.0,0.0,0.6,0.4,0.0
776314,2025,2025-09-15,mlb,CHW,BAL,32.93310700606492,32.680558253621186,3.88,2.53,0.0,0.0,0.5,0.6,0.0
776296,2025,2025-09-17,mlb,DET,CLE,41.930332091578485,35.133293372400495,4.64,3.06,0.0,0.0,0.4,0.9,0.0
776352,2025,2025-09-12,mlb,CHC,TBR,46.04348923947511,39.481233720516585,3.21,4.87,1.0,0.0,0.5,0.5,1.0
776365,2025,2025-09-11,mlb,SDP,COL,39.95208039441178,32.21076176814514,3.84,7.36,0.0,0.0,0.3,0.2,1.0
776416,2025,2025-09-07,mlb,STL,SFG,35.44000594157538,40.864388309944545,4.28,6.37,0.0,0.0,0.6,0.8,1.0
776420,2025,2025-09-07,mlb,CHC,WSN,46.04348923947511,34.519895280554,2.17,2.31,0.0,0.0,0.5,0.4,0.0
776418,2025,2025-09-07,mlb,TEX,HOU,36.02502306287485,38.34791246492824,4.4,3.66,0.0,0.0,0.7,0.5,1.0
776417,2025,2025-09-07,mlb,COL,SDP,32.21076176814514,39.95208039441178,6.33,4.55,0.0,0.0,0.2,0.3,0.0
776414,2025,2025-09-07,mlb,LAA,ATH,35.95784812425046,41.83351239972274,6.66,4.54,0.0,0.0,0.4,0.5,1.0
776415,2025,2025-09-07,mlb,ARI,BOS,40.826578178179695,40.85080185053196,3.39,3.35,0.0,0.0,0.8,0.5,0.0
776413,2025,2025-09-08,mlb,CLE,KCR,35.133293372400495,37.56754839015402,4.3,3.66,0.0,0.0,0.6,0.5,1.0
776409,2025,2025-09-08,mlb,MIA,WSN,35.446382737010744,34.519895280554,4.17,4.25,0.0,0.0,0.4,0.5,0.0
776405,2025,2025-09-08,mlb,PHI,NYM,46.07852610677368,44.13496149211463,6.01,2.06,0.0,0.0,0.7,0.4,1.0
776412,2025,2025-09-08,mlb,ATL,CHC,38.84710898652087,46.04348923947511,5.3,3.73,0.0,0.0,0.3,0.5,1.0
776406,2025,2025-09-08,mlb,TEX,MIL,36.02502306287485,40.99706517824004,2.84,3.96,0.0,0.0,0.7,0.6,1.0
776411,2025,2025-09-08,mlb,LAA,MIN,35.95784812425046,34.49429336383309,6.4,4.04,0.0,0.0,0.5,0.3,0.0
776407,2025,2025-09-08,mlb,SDP,CIN,39.95208039441178,37.42971480330227,5.38,3.33,0.0,0.0,0.3,0.4,1.0
776400,2025,2025-09-08,mlb,SEA,STL,48.17227508833325,35.44000594157538,2.94,4.84,0.0,0.0,0.4,0.7,1.0
776399,2025,2025-09-08,mlb,SFG,ARI,40.864388309944545,40.826578178179695,3.22,3.71,0.0,0.0,0.7,0.7,1.0
776422,2025,2025-09-07,mlb,KCR,MIN,37.56754839015402,34.49429336383309,4.64,5.1,0.0,0.0,0.6,0.2,0.0
776410,2025,2025-09-08,mlb,ATH,BOS,41.83351239972274,40.85080185053196,3.14,2.59,0.0,0.0,0.4,0.5,0.0
776426,2025,2025-09-07,mlb,MIA,PHI,35.446382737010744,46.07852610677368,2.78,4.08,0.0,0.0,0.3,0.7,1.0
776429,2025,2025-09-07,mlb,CIN,NYM,37.42971480330227,44.13496149211463,2.76,4.79,0.0,0.0,0.3,0.5,1.0
776441,2025,2025-09-06,mlb,PIT,MIL,33.19030182341987,40.99706517824004,4.19,3.2,0.0,0.0,0.7,0.5,0.0
776443,2025,2025-09-06,mlb,BAL,LAD,32.680558253621186,44.479785357282616,1.81,2.49,0.0,0.0,0.5,0.4,1.0
776438,2025,2025-09-06,mlb,TBR,CLE,39.481233720516585,35.133293372400495,4.87,4.24,0.0,0.0,0.7,0.6,0.0
776437,2025,2025-09-06,mlb,STL,SFG,35.44000594157538,40.864388309944545,5.31,3.85,0.0,0.0,0.5,0.9,1.0
776432,2025,2025-09-06,mlb,TEX,HOU,36.02502306287485,38.34791246492824,2.97,2.43,0.0,0.0,0.7,0.5,0.0
776434,2025,2025-09-06,mlb,KCR,MIN,37.56754839015402,34.49429336383309,3.51,3.42,0.0,0.0,0.5,0.3,1.0
776447,2025,2025-09-06,mlb,ATL,SEA,38.84710898652087,48.17227508833325,2.88,5.68,0.0,0.0,0.5,0.3,0.0
776424,2025,2025-09-06,mlb,ARI,BOS,40.826578178179695,40.85080185053196,5.25,3.41,0.0,0.0,0.7,0.6,1.0
776431,2025,2025-09-06,mlb,COL,SDP,32.21076176814514,39.95208039441178,7.36,3.84,0.0,0.0,0.3,0.2,0.0
776430,2025,2025-09-06,mlb,LAA,ATH,35.95784812425046,41.83351239972274,3.99,5.08,0.0,0.0,0.4,0.5,0.0
776428,2025,2025-09-07,mlb,ATL,SEA,38.84710898652087,48.17227508833325,5.6,3.54,0.0,0.0,0.4,0.3,0.0
776421,2025,2025-09-07,mlb,TBR,CLE,39.481233720516585,35.133293372400495,2.76,2.72,0.0,0.0,0.7,0.6,0.0
776427,2025,2025-09-07,mlb,BAL,LAD,32.680558253621186,44.479785357282616,4.64,3.36,0.0,0.0,0.6,0.3,0.0
776423,2025,2025-09-07,mlb,NYY,TOR,48.53709649627505,43.134335054091295,2.86,5.19,0.0,0.0,0.7,0.5,1.0
776419,2025,2025-09-07,mlb,PIT,MIL,33.19030182341987,40.99706517824004,4.02,4.36,0.0,0.0,0.6,0.5,0.0
776425,2025,2025-09-07,mlb,DET,CHW,41.930332091578485,32.93310700606492,5.83,4.1,0.0,0.0,0.4,0.6,0.0
776408,2025,2025-09-08,mlb,LAD,COL,44.479785357282616,32.21076176814514,3.19,6.52,0.0,0.0,0.3,0.2,1.0
776401,2025,2025-09-09,mlb,BAL,PIT,32.680558253621186,33.19030182341987,2.53,3.94,1.0,1.0,0.6,0.5,1.0
776403,2025,2025-09-09,mlb,CLE,KCR,35.133293372400495,37.56754839015402,3.21,2.99,0.0,0.0,0.6,0.4,1.0
776384,2025,2025-09-10,mlb,PHI,NYM,46.07852610677368,44.13496149211463,2.5,3.53,0.0,0.0,0.7,0.3,1.0
776383,2025,2025-09-10,mlb,NYY,DET,48.53709649627505,41.930332091578485,3.09,4.64,0.0,0.0,0.6,0.5,0.0
776385,2025,2025-09-10,mlb,TOR,HOU,43.134335054091295,38.34791246492824,4.17,4.77,0.0,0.0,0.5,0.3,0.0
776381,2025,2025-09-10,mlb,ATL,CHC,38.84710898652087,46.04348923947511,2.58,3.68,0.0,0.0,0.4,0.5,0.0
776378,2025,2025-09-10,mlb,CHW,TBR,32.93310700606492,39.481233720516585,4.22,4.23,0.0,0.0,0.7,0.7,1.0
776377,2025,2025-09-10,mlb,SDP,CIN,39.95208039441178,37.42971480330227,2.87,2.87,0.0,0.0,0.4,0.5,0.0
776373,2025,2025-09-10,mlb,SEA,STL,48.17227508833325,35.44000594157538,3.44,4.42,0.0,0.0,0.5,0.5,1.0
776380,2025,2025-09-10,mlb,LAD,COL,44.479785357282616,32.21076176814514,2.35,4.98,0.0,0.0,0.4,0.2,1.0
776372,2025,2025-09-11,mlb,BAL,PIT,32.680558253621186,33.19030182341987,5.21,3.57,0.0,0.0,0.8,0.4,1.0
776364,2025,2025-09-11,mlb,CHW,TBR,32.93310700606492,39.481233720516585,3.81,3.63,0.0,0.0,0.8,0.6,1.0
776369,2025,2025-09-11,mlb,TOR,HOU,43.134335054091295,38.34791246492824,3.59,4.62,0.0,0.0,0.5,0.4,1.0
776367,2025,2025-09-11,mlb,MIA,WSN,35.446382737010744,34.519895280554,3.99,4.17,0.0,0.0,0.3,0.7,1.0
776368,2025,2025-09-11,mlb,NYY,DET,48.53709649627505,41.930332091578485,2.96,3.66,0.0,0.0,0.5,0.5,1.0
776370,2025,2025-09-11,mlb,CLE,KCR,35.133293372400495,37.56754839015402,3.06,3.51,0.0,0.0,0.6,0.4,1.0
776371,2025,2025-09-11,mlb,PHI,NYM,46.07852610677368,44.13496149211463,3.92,4.22,0.0,0.0,0.7,0.3,1.0
776386,2025,2025-09-10,mlb,MIA,WSN,35.446382737010744,34.519895280554,4.25,5.7,0.0,0.0,0.3,0.7,1.0
776382,2025,2025-09-10,mlb,CLE,KCR,35.133293372400495,37.56754839015402,4.25,3.86,0.0,0.0,0.6,0.4,0.0
776387,2025,2025-09-10,mlb,BAL,PIT,32.680558253621186,33.19030182341987,2.91,1.97,0.0,0.0,0.7,0.5,1.0
776376,2025,2025-09-10,mlb,LAA,MIN,35.95784812425046,34.49429336383309,4.58,5.05,0.0,0.0,0.5,0.3,1.0
776397,2025,2025-09-09,mlb,MIA,WSN,35.446382737010744,34.519895280554,4.8,5.68,0.0,0.0,0.3,0.6,0.0
776404,2025,2025-09-09,mlb,PHI,NYM,46.07852610677368,44.13496149211463,3.2,5.64,0.0,0.0,0.7,0.4,1.0
776398,2025,2025-09-09,mlb,NYY,DET,48.53709649627505,41.930332091578485,4.44,3.87,1.0,1.0,0.7,0.4,0.0
776393,2025,2025-09-09,mlb,TOR,HOU,43.134335054091295,38.34791246492824,3.57,3.52,1.0,1.0,0.5,0.4,1.0
776402,2025,2025-09-09,mlb,ATL,CHC,38.84710898652087,46.04348923947511,4.45,2.67,0.0,0.0,0.4,0.5,0.0
776388,2025,2025-09-09,mlb,CHW,TBR,32.93310700606492,39.481233720516585,5.17,3.31,1.0,1.0,0.7,0.7,0.0
776395,2025,2025-09-09,mlb,TEX,MIL,36.02502306287485,40.99706517824004,3.86,3.53,0.0,0.0,0.7,0.6,1.0
776362,2025,2025-09-11,mlb,SEA,LAA,48.17227508833325,35.95784812425046,5.68,4.26,0.0,0.0,0.6,0.5,1.0
776390,2025,2025-09-09,mlb,LAA,MIN,35.95784812425046,34.49429336383309,4.76,5.56,0.0,0.0,0.5,0.3,1.0
776391,2025,2025-09-09,mlb,SEA,STL,48.17227508833325,35.44000594157538,4.21,4.21,0.0,0.0,0.4,0.6,1.0
776394,2025,2025-09-09,mlb,SFG,ARI,40.864388309944545,40.826578178179695,3.65,4.83,0.0,0.0,0.7,0.6,1.0
776396,2025,2025-09-09,mlb,ATH,BOS,41.83351239972274,40.85080185053196,4.11,2.33,0.0,0.0,0.3,0.5,0.0
776389,2025,2025-09-09,mlb,LAD,COL,44.479785357282616,32.21076176814514,2.82,6.7,0.0,0.0,0.3,0.2,1.0
776375,2025,2025-09-10,mlb,TEX,MIL,36.02502306287485,40.99706517824004,3.52,2.7,0.0,0.0,0.7,0.5,1.0
776379,2025,2025-09-10,mlb,ATH,BOS,41.83351239972274,40.85080185053196,6.85,6.06,0.0,0.0,0.3,0.6,1.0
776374,2025,2025-09-10,mlb,SFG,ARI,40.864388309944545,40.826578178179695,4.75,5.02,0.0,0.0,0.7,0.5,0.0
776392,2025,2025-09-09,mlb,SDP,CIN,39.95208039441178,37.42971480330227,3.44,3.81,0.0,0.0,0.4,0.4,0.0
776439,2025,2025-09-06,mlb,CIN,NYM,37.42971480330227,44.13496149211463,4.03,7.71,0.0,0.0,0.2,0.6,1.0
776299,2025,2025-09-17,mlb,BOS,ATH,40.85080185053196,41.83351239972274,3.41,6.85,0.0,0.0,0.4,0.7,1.0
776288,2025,2025-09-17,mlb,NYM,SDP,44.13496149211463,39.95208039441178,4.22,2.87,0.0,0.0,0.2,0.6,0.0
776191,2025,2025-09-25,mlb,BAL,TBR,32.680558253621186,39.481233720516585,5.21,2.76,0.0,0.0,0.5,0.4,1.0
776183,2025,2025-09-25,mlb,TEX,MIN,36.02502306287485,34.49429336383309,2.18,5.1,0.0,0.0,0.2,0.3333333333333333,0.0
776182,2025,2025-09-25,mlb,ATH,HOU,41.83351239972274,38.34791246492824,5.08,3.66,0.0,0.0,0.7,0.4,0.0
776185,2025,2025-09-25,mlb,ARI,LAD,40.826578178179695,44.479785357282616,3.77,2.49,0.0,0.0,0.7,0.6,0.0
776188,2025,2025-09-25,mlb,PHI,MIA,46.07852610677368,35.446382737010744,4.93,4.17,0.0,0.0,0.5,0.8,1.0
776189,2025,2025-09-25,mlb,CLE,DET,35.133293372400495,41.930332091578485,2.72,2.76,0.0,0.0,0.8888888888888888,0.1,0.0
776184,2025,2025-09-25,mlb,NYY,CHW,48.53709649627505,32.93310700606492,3.09,4.1,0.0,0.0,0.7,0.1,1.0
776186,2025,2025-09-25,mlb,TOR,BOS,43.134335054091295,40.85080185053196,2.97,3.35,0.0,0.0,0.4,0.6,1.0
776187,2025,2025-09-25,mlb,CHC,NYM,46.04348923947511,44.13496149211463,3.73,2.06,0.0,0.0,0.5,0.5,0.0
776178,2025,2025-09-25,mlb,LAA,KCR,35.95784812425046,37.56754839015402,6.66,4.64,0.0,0.0,0.2,0.5,0.0
776179,2025,2025-09-25,mlb,SEA,COL,48.17227508833325,32.21076176814514,4.9,9.36,0.0,0.0,0.9,0.2,1.0
776167,2025,2025-09-26,mlb,CHC,STL,46.04348923947511,35.44000594157538,3.95,4.84,0.0,1.0,0.4,0.6,1.0
776176,2025,2025-09-26,mlb,PHI,MIN,46.07852610677368,34.49429336383309,6.01,3.42,0.0,0.0,0.5,0.4444444444444444,1.0
776165,2025,2025-09-26,mlb,WSN,CHW,34.519895280554,32.93310700606492,4.25,5.17,1.0,0.0,0.3333333333333333,0.1,0.0
776174,2025,2025-09-26,mlb,NYY,BAL,48.53709649627505,32.680558253621186,4.44,1.81,0.0,0.0,0.8,0.6,1.0
776190,2025,2025-09-25,mlb,CIN,PIT,37.42971480330227,33.19030182341987,3.33,2.71,0.0,0.0,0.6,0.5,1.0
776177,2025,2025-09-26,mlb,TOR,TBR,43.134335054091295,39.481233720516585,3.57,3.31,0.0,0.0,0.4,0.4,1.0
776195,2025,2025-09-24,mlb,ATH,HOU,41.83351239972274,38.34791246492824,4.54,2.43,0.0,0.0,0.7,0.5,1.0
776194,2025,2025-09-24,mlb,SEA,COL,48.17227508833325,32.21076176814514,3.54,6.33,0.0,0.0,0.9,0.3,1.0
776214,2025,2025-09-23,mlb,SDP,MIL,39.95208039441178,40.99706517824004,3.84,7.5,0.0,0.0,0.6,0.6,1.0
776211,2025,2025-09-23,mlb,SFG,STL,40.864388309944545,35.44000594157538,3.22,5.31,0.0,0.0,0.2,0.5,0.0
776208,2025,2025-09-23,mlb,ATH,HOU,41.83351239972274,38.34791246492824,4.11,4.62,1.0,1.0,0.7,0.5,1.0
776200,2025,2025-09-24,mlb,ATL,WSN,38.84710898652087,34.519895280554,5.3,2.31,0.0,0.0,1.0,0.3333333333333333,0.0
776198,2025,2025-09-24,mlb,SDP,MIL,39.95208039441178,40.99706517824004,4.55,3.53,0.0,0.0,0.7,0.5,0.0
776203,2025,2025-09-24,mlb,BAL,TBR,32.680558253621186,39.481233720516585,2.91,4.87,0.0,0.0,0.5,0.4,0.0
776204,2025,2025-09-24,mlb,CLE,DET,35.133293372400495,41.930332091578485,4.24,4.64,0.0,0.0,0.8888888888888888,0.1,1.0
776202,2025,2025-09-24,mlb,CIN,PIT,37.42971480330227,33.19030182341987,2.76,1.97,0.0,0.0,0.6,0.4,0.0
776201,2025,2025-09-24,mlb,PHI,MIA,46.07852610677368,35.446382737010744,3.92,3.99,0.0,0.0,0.5,0.9,1.0
776199,2025,2025-09-24,mlb,NYY,CHW,48.53709649627505,32.93310700606492,2.86,4.24,0.0,0.0,0.7,0.1,1.0
776206,2025,2025-09-24,mlb,TOR,BOS,43.134335054091295,40.85080185053196,5.19,2.59,0.0,0.0,0.5,0.5,0.0
776205,2025,2025-09-24,mlb,CHC,NYM,46.04348923947511,44.13496149211463,3.21,7.71,0.0,0.0,0.4,0.5,1.0
776192,2025,2025-09-24,mlb,TEX,MIN,36.02502306287485,34.49429336383309,2.97,5.05,0.0,0.0,0.2,0.3333333333333333,1.0
776197,2025,2025-09-24,mlb,LAA,KCR,35.95784812425046,37.56754839015402,3.99,3.51,0.0,0.0,0.1,0.5,1.0
776193,2025,2025-09-24,mlb,ARI,LAD,40.826578178179695,44.479785357282616,3.39,2.35,0.0,0.0,0.7,0.6,0.0
776196,2025,2025-09-24,mlb,SFG,STL,40.864388309944545,35.44000594157538,3.77,4.28,0.0,0.0,0.2,0.6,1.0
776181,2025,2025-09-26,mlb,BOS,DET,40.85080185053196,41.930332091578485,4.04,3.87,0.0,0.0,0.6,0.2,1.0
776175,2025,2025-09-26,mlb,CLE,TEX,35.133293372400495,36.02502306287485,4.3,3.86,0.0,0.0,0.7777777777777778,0.1,0.0
776173,2025,2025-09-26,mlb,MIA,NYM,35.446382737010744,44.13496149211463,5.36,4.79,0.0,0.0,0.7,0.6,1.0
776150,2025,2025-09-27,mlb,SEA,LAD,48.17227508833325,44.479785357282616,3.44,3.19,0.0,0.0,0.8,0.7,0.0
776154,2025,2025-09-27,mlb,ATH,KCR,41.83351239972274,37.56754839015402,3.14,3.86,0.0,0.0,0.6,0.5,0.0
776151,2025,2025-09-28,mlb,BOS,DET,40.85080185053196,41.930332091578485,4.05,5.35,0.0,0.0,0.6,0.2,1.0
776138,2025,2025-09-28,mlb,ATH,KCR,41.83351239972274,37.56754839015402,2.31,4.67,0.0,0.0,0.5,0.6,0.0
776137,2025,2025-09-28,mlb,SFG,COL,40.864388309944545,32.21076176814514,3.22,7.36,0.0,0.0,0.5,0.2,1.0
776141,2025,2025-09-28,mlb,PHI,MIN,46.07852610677368,34.49429336383309,2.5,4.04,0.0,0.0,0.5,0.4444444444444444,1.0
776143,2025,2025-09-28,mlb,WSN,CHW,34.519895280554,32.93310700606492,4.34,3.81,0.0,0.0,0.4444444444444444,0.2,0.0
776140,2025,2025-09-28,mlb,NYY,BAL,48.53709649627505,32.680558253621186,3.32,2.53,0.0,0.0,0.9,0.4,1.0
776135,2025,2025-09-28,mlb,LAA,HOU,35.95784812425046,38.34791246492824,7.9,6.51,0.0,0.0,0.3,0.4,0.0
776145,2025,2025-09-28,mlb,TOR,TBR,43.134335054091295,39.481233720516585,3.59,3.63,0.0,0.0,0.4,0.4,1.0
776136,2025,2025-09-28,mlb,SDP,ARI,39.95208039441178,40.826578178179695,5.04,5.25,0.0,0.0,0.7,0.4,1.0
776139,2025,2025-09-28,mlb,SEA,LAD,48.17227508833325,44.479785357282616,5.68,3.36,0.0,0.0,0.7,0.8,0.0
776147,2025,2025-09-28,mlb,CLE,TEX,35.133293372400495,36.02502306287485,4.25,4.4,0.0,0.0,0.6666666666666666,0.2,1.0
776148,2025,2025-09-28,mlb,MIA,NYM,35.446382737010744,44.13496149211463,3.53,5.64,0.0,0.0,0.7,0.5,1.0
776144,2025,2025-09-28,mlb,MIL,CIN,40.99706517824004,37.42971480330227,2.7,4.03,0.0,0.0,0.4,0.8,1.0
776155,2025,2025-09-27,mlb,LAA,HOU,35.95784812425046,38.34791246492824,6.4,1.69,0.0,0.0,0.3,0.4,0.0
776152,2025,2025-09-27,mlb,SDP,ARI,39.95208039441178,40.826578178179695,3.44,5.02,0.0,0.0,0.6,0.5,1.0
776153,2025,2025-09-27,mlb,MIL,CIN,40.99706517824004,37.42971480330227,3.18,2.87,0.0,0.0,0.5,0.7,0.0
776156,2025,2025-09-27,mlb,ATL,PIT,38.84710898652087,33.19030182341987,4.45,4.02,0.0,0.0,0.7777777777777778,0.5,0.0
776180,2025,2025-09-26,mlb,ATL,PIT,38.84710898652087,33.19030182341987,5.6,4.19,1.0,0.0,0.8888888888888888,0.4,0.0
776171,2025,2025-09-26,mlb,MIL,CIN,40.99706517824004,37.42971480330227,3.32,3.81,1.0,0.0,0.5,0.7,0.0
776169,2025,2025-09-26,mlb,LAA,HOU,35.95784812425046,38.34791246492824,4.76,4.77,0.0,0.0,0.2,0.4,1.0
776170,2025,2025-09-26,mlb,SDP,ARI,39.95208039441178,40.826578178179695,5.38,4.83,1.0,0.0,0.6,0.6,1.0
776168,2025,2025-09-26,mlb,SEA,LAD,48.17227508833325,44.479785357282616,4.21,2.82,0.0,0.0,0.9,0.6,0.0
776172,2025,2025-09-26,mlb,ATH,KCR,41.83351239972274,37.56754839015402,6.85,2.99,0.0,0.0,0.6,0.6,1.0
776166,2025,2025-09-26,mlb,SFG,COL,40.864388309944545,32.21076176814514,1.8,6.7,1.0,0.0,0.3,0.2,1.0
776212,2025,2025-09-23,mlb,SEA,COL,48.17227508833325,32.21076176814514,5.68,7.36,1.0,1.0,0.9,0.3,1.0
776162,2025,2025-09-27,mlb,NYY,BAL,48.53709649627505,32.680558253621186,2.96,4.64,0.0,0.0,0.9,0.5,1.0
776159,2025,2025-09-27,mlb,TOR,TBR,43.134335054091295,39.481233720516585,3.21,4.67,0.0,0.0,0.4,0.4,1.0
776146,2025,2025-09-27,mlb,SFG,COL,40.864388309944545,32.21076176814514,3.85,4.98,0.0,0.0,0.4,0.2,1.0
776160,2025,2025-09-27,mlb,WSN,CHW,34.519895280554,32.93310700606492,5.7,3.88,0.0,0.0,0.3333333333333333,0.2,1.0
776157,2025,2025-09-27,mlb,BOS,DET,40.85080185053196,41.930332091578485,2.33,4.37,0.0,0.0,0.6,0.1,0.0
776161,2025,2025-09-27,mlb,MIA,NYM,35.446382737010744,44.13496149211463,4.25,3.53,0.0,0.0,0.8,0.5,0.0
776163,2025,2025-09-27,mlb,PHI,MIN,46.07852610677368,34.49429336383309,3.2,6.23,0.0,0.0,0.6,0.3333333333333333,0.0
776158,2025,2025-09-27,mlb,CLE,TEX,35.133293372400495,36.02502306287485,3.21,2.84,0.0,0.0,0.6666666666666666,0.2,1.0
776164,2025,2025-09-27,mlb,CHC,STL,46.04348923947511,35.44000594157538,3.68,4.42,0.0,0.0,0.4,0.5,1.0
776290,2025,2025-09-17,mlb,TBR,TOR,39.481233720516585,43.134335054091295,3.63,3.59,0.0,0.0,0.2,0.7,1.0
776213,2025,2025-09-23,mlb,ARI,LAD,40.826578178179695,44.479785357282616,5.25,2.87,1.0,1.0,0.7,0.6,1.0
776210,2025,2025-09-23,mlb,TEX,MIN,36.02502306287485,34.49429336383309,4.4,5.56,1.0,1.0,0.3,0.3333333333333333,0.0
776273,2025,2025-09-19,mlb,BAL,NYY,32.680558253621186,48.53709649627505,1.81,4.44,0.0,0.0,0.6,0.6,1.0
776259,2025,2025-09-19,mlb,NYM,WSN,44.13496149211463,34.519895280554,4.79,2.31,0.0,1.0,0.3,0.3333333333333333,1.0
776261,2025,2025-09-19,mlb,TBR,BOS,39.481233720516585,40.85080185053196,2.76,2.59,0.0,0.0,0.4,0.5,0.0
776260,2025,2025-09-19,mlb,KCR,TOR,37.56754839015402,43.134335054091295,4.64,5.19,0.0,0.0,0.3,0.7,1.0
776264,2025,2025-09-19,mlb,CHW,SDP,32.93310700606492,39.95208039441178,4.1,4.55,1.0,0.0,0.3,0.5,1.0
776251,2025,2025-09-19,mlb,TEX,MIA,36.02502306287485,35.446382737010744,2.18,4.17,1.0,0.0,0.6,0.7,0.0
776253,2025,2025-09-19,mlb,COL,LAA,32.21076176814514,35.95784812425046,9.36,6.66,0.0,0.0,0.1,0.2,1.0
776262,2025,2025-09-19,mlb,HOU,SEA,38.34791246492824,48.17227508833325,2.43,2.94,1.0,0.0,0.6,0.9,0.0
776263,2025,2025-09-19,mlb,MIN,CLE,34.49429336383309,35.133293372400495,2.74,2.72,1.0,0.0,0.4,0.9,0.0
776265,2025,2025-09-19,mlb,STL,MIL,35.44000594157538,40.99706517824004,4.28,4.36,1.0,0.0,0.3,0.6,1.0
776255,2025,2025-09-19,mlb,ARI,PHI,40.826578178179695,46.07852610677368,3.39,4.08,1.0,1.0,0.5,0.8,0.0
776256,2025,2025-09-19,mlb,LAD,SFG,44.479785357282616,40.864388309944545,3.36,3.65,0.0,0.0,0.7,0.4,1.0
776258,2025,2025-09-20,mlb,DET,ATL,41.930332091578485,38.84710898652087,4.37,5.6,0.0,0.0,0.3,0.5555555555555556,0.0
776243,2025,2025-09-20,mlb,MIN,CLE,34.49429336383309,35.133293372400495,5.1,4.25,0.0,0.0,0.3,0.9,0.0
776268,2025,2025-09-19,mlb,DET,ATL,41.930332091578485,38.84710898652087,5.83,5.3,0.0,1.0,0.3,0.5555555555555556,0.0
776252,2025,2025-09-20,mlb,NYM,WSN,44.13496149211463,34.519895280554,2.06,4.25,0.0,0.0,0.4,0.2222222222222222,0.0
776266,2025,2025-09-19,mlb,PIT,ATH,33.19030182341987,41.83351239972274,4.19,4.54,1.0,0.0,0.1,0.6,0.0
776271,2025,2025-09-18,mlb,LAD,SFG,44.479785357282616,40.864388309944545,2.49,3.22,0.0,0.0,0.7,0.4,1.0
776289,2025,2025-09-17,mlb,KCR,SEA,37.56754839015402,48.17227508833325,4.67,5.68,0.0,0.0,0.3,1.0,1.0
776284,2025,2025-09-17,mlb,MIN,NYY,34.49429336383309,48.53709649627505,5.05,3.32,0.0,0.0,0.4,0.6,0.0
776291,2025,2025-09-17,mlb,MIL,LAA,40.99706517824004,35.95784812425046,3.2,4.26,0.0,0.0,0.6,0.3,1.0
776292,2025,2025-09-17,mlb,HOU,TEX,38.34791246492824,36.02502306287485,4.62,2.97,0.0,0.0,0.6,0.6,1.0
776277,2025,2025-09-17,mlb,COL,MIA,32.21076176814514,35.446382737010744,7.36,3.99,0.0,0.0,0.1,0.6,0.0
776280,2025,2025-09-17,mlb,LAD,PHI,44.479785357282616,46.07852610677368,2.35,3.92,0.0,0.0,0.6,0.8,1.0
776275,2025,2025-09-18,mlb,DET,CLE,41.930332091578485,35.133293372400495,2.21,4.24,0.0,0.0,0.4,0.9,0.0
776276,2025,2025-09-18,mlb,NYM,SDP,44.13496149211463,39.95208039441178,7.71,3.84,0.0,0.0,0.2,0.6,1.0
776269,2025,2025-09-18,mlb,TBR,TOR,39.481233720516585,43.134335054091295,4.87,3.96,0.0,0.0,0.3,0.7,1.0
776281,2025,2025-09-18,mlb,BOS,ATH,40.85080185053196,41.83351239972274,3.35,5.08,0.0,0.0,0.5,0.6,0.0
776272,2025,2025-09-18,mlb,KCR,SEA,37.56754839015402,48.17227508833325,3.51,3.54,0.0,0.0,0.3,0.9,0.0
776270,2025,2025-09-18,mlb,COL,MIA,32.21076176814514,35.446382737010744,6.33,5.36,0.0,0.0,0.1,0.7,0.0
776282,2025,2025-09-18,mlb,CIN,CHC,37.42971480330227,46.04348923947511,2.76,3.95,0.0,0.0,0.5,0.7,1.0
776278,2025,2025-09-18,mlb,BAL,NYY,32.680558253621186,48.53709649627505,5.21,2.86,0.0,0.0,0.6,0.6,0.0
776274,2025,2025-09-18,mlb,MIL,LAA,40.99706517824004,35.95784812425046,3.32,3.99,0.0,0.0,0.6,0.3,1.0
776267,2025,2025-09-19,mlb,CIN,CHC,37.42971480330227,46.04348923947511,3.33,3.73,0.0,0.0,0.5,0.7,1.0
776254,2025,2025-09-20,mlb,CIN,CHC,37.42971480330227,46.04348923947511,3.81,3.65,0.0,0.0,0.6,0.7,1.0
776249,2025,2025-09-20,mlb,PIT,ATH,33.19030182341987,41.83351239972274,,3.14,0.0,0.0,0.1,0.7,1.0
776247,2025,2025-09-20,mlb,TBR,BOS,39.481233720516585,40.85080185053196,3.31,4.04,0.0,0.0,0.3,0.5,0.0
776227,2025,2025-09-21,mlb,LAD,SFG,44.479785357282616,40.864388309944545,2.82,1.8,0.0,0.0,0.7,0.2,0.0
776230,2025,2025-09-21,mlb,ARI,PHI,40.826578178179695,46.07852610677368,5.02,3.2,0.0,0.0,0.6,0.7,1.0
776228,2025,2025-09-21,mlb,HOU,SEA,38.34791246492824,48.17227508833325,4.77,3.44,0.0,0.0,0.6,0.9,0.0
776236,2025,2025-09-21,mlb,TBR,BOS,39.481233720516585,40.85080185053196,4.67,2.33,0.0,0.0,0.3,0.5,1.0
776221,2025,2025-09-22,mlb,ATL,WSN,38.84710898652087,34.519895280554,2.58,4.17,0.0,0.0,0.7777777777777778,0.4444444444444444,1.0
776222,2025,2025-09-22,mlb,SDP,MIL,39.95208039441178,40.99706517824004,2.87,2.7,0.0,0.0,0.6,0.6,1.0
776220,2025,2025-09-22,mlb,SFG,STL,40.864388309944545,35.44000594157538,3.85,4.42,0.0,0.0,0.3,0.4,0.0
776223,2025,2025-09-23,mlb,BAL,TBR,32.680558253621186,39.481233720516585,4.19,3.86,1.0,1.0,0.4,0.4,1.0
776218,2025,2025-09-23,mlb,CLE,DET,35.133293372400495,41.930332091578485,3.06,2.21,1.0,1.0,0.8888888888888888,0.1,1.0
776224,2025,2025-09-23,mlb,CIN,PIT,37.42971480330227,33.19030182341987,4.03,3.57,1.0,1.0,0.6,0.3,0.0
776215,2025,2025-09-23,mlb,PHI,MIA,46.07852610677368,35.446382737010744,2.5,3.53,1.0,1.0,0.6,0.9,0.0
776216,2025,2025-09-23,mlb,NYY,CHW,48.53709649627505,32.93310700606492,3.32,3.81,1.0,1.0,0.7,0.2,1.0
776217,2025,2025-09-23,mlb,TOR,BOS,43.134335054091295,40.85080185053196,3.59,3.41,1.0,1.0,0.6,0.4,0.0
776219,2025,2025-09-23,mlb,ATL,WSN,38.84710898652087,34.519895280554,2.88,4.34,0.0,0.0,0.8888888888888888,0.3333333333333333,1.0
776209,2025,2025-09-23,mlb,CHC,NYM,46.04348923947511,44.13496149211463,2.67,4.22,1.0,1.0,0.5,0.4,0.0
776232,2025,2025-09-21,mlb,COL,LAA,32.21076176814514,35.95784812425046,4.98,6.4,0.0,0.0,0.2,0.2,1.0
776226,2025,2025-09-21,mlb,TEX,MIA,36.02502306287485,35.446382737010744,3.52,4.25,0.0,0.0,0.4,0.9,0.0
776231,2025,2025-09-21,mlb,STL,MIL,35.44000594157538,40.99706517824004,4.21,3.18,0.0,0.0,0.3,0.6,1.0
776235,2025,2025-09-21,mlb,CHW,SDP,32.93310700606492,39.95208039441178,4.22,3.44,0.0,0.0,0.3,0.5,0.0
776242,2025,2025-09-20,mlb,TEX,MIA,36.02502306287485,35.446382737010744,3.86,4.8,0.0,0.0,0.5,0.8,0.0
776257,2025,2025-09-20,mlb,BAL,NYY,32.680558253621186,48.53709649627505,4.64,3.09,0.0,0.0,0.6,0.6,0.0
776248,2025,2025-09-20,mlb,HOU,SEA,38.34791246492824,48.17227508833325,3.66,4.21,0.0,0.0,0.6,0.9,0.0
776245,2025,2025-09-20,mlb,KCR,TOR,37.56754839015402,43.134335054091295,2.99,3.57,0.0,0.0,0.4,0.6,1.0
776250,2025,2025-09-20,mlb,CHW,SDP,32.93310700606492,39.95208039441178,5.17,5.38,0.0,0.0,0.3,0.4,0.0
776244,2025,2025-09-20,mlb,STL,MIL,35.44000594157538,40.99706517824004,4.84,3.53,0.0,0.0,0.3,0.5,0.0
776241,2025,2025-09-20,mlb,COL,LAA,32.21076176814514,35.95784812425046,6.7,4.76,0.0,0.0,0.2,0.2,0.0
776207,2025,2025-09-23,mlb,LAA,KCR,35.95784812425046,37.56754839015402,7.9,4.67,1.0,1.0,0.1,0.4,0.0
776246,2025,2025-09-20,mlb,ARI,PHI,40.826578178179695,46.07852610677368,4.83,6.01,0.0,0.0,0.5,0.8,1.0
776238,2025,2025-09-21,mlb,DET,ATL,41.930332091578485,38.84710898652087,3.87,4.45,0.0,0.0,0.2,0.6666666666666666,0.0
776234,2025,2025-09-21,mlb,PIT,ATH,33.19030182341987,41.83351239972274,3.94,5.1,0.0,0.0,0.2,0.7,1.0
776240,2025,2025-09-21,mlb,BAL,NYY,32.680558253621186,48.53709649627505,2.53,2.96,0.0,0.0,0.5,0.7,0.0
776239,2025,2025-09-21,mlb,CIN,CHC,37.42971480330227,46.04348923947511,2.87,3.68,0.0,0.0,0.6,0.6,1.0
776237,2025,2025-09-21,mlb,NYM,WSN,44.13496149211463,34.519895280554,5.64,5.7,0.0,0.0,0.4,0.3333333333333333,0.0
776229,2025,2025-09-21,mlb,KCR,TOR,37.56754839015402,43.134335054091295,3.86,3.21,0.0,0.0,0.5,0.6,0.0
776225,2025,2025-09-21,mlb,MIN,CLE,34.49429336383309,35.133293372400495,4.04,3.21,0.0,0.0,0.2222222222222222,1.0,1.0
776233,2025,2025-09-20,mlb,LAD,SFG,44.479785357282616,40.864388309944545,3.19,6.37,0.0,0.0,0.7,0.3,1.0
776745,2025,2025-08-14,mlb,CLE,MIA,35.133293372400495,35.446382737010744,4.24,3.53,0.0,0.0,0.7,0.3333333333333333,1.0
776435,2025,2025-09-06,mlb,DET,CHW,41.930332091578485,32.93310700606492,2.21,3.54,0.0,0.0,0.3,0.6,1.0
776440,2025,2025-09-06,mlb,CHC,WSN,46.04348923947511,34.519895280554,3.21,4.34,0.0,0.0,0.5,0.3,0.0
776642,2025,2025-08-21,mlb,SDP,SFG,39.95208039441178,40.864388309944545,4.55,3.85,0.0,0.0,0.6,0.2,1.0
776655,2025,2025-08-21,mlb,BAL,HOU,32.680558253621186,38.34791246492824,6.24,4.77,1.0,0.0,0.6,0.4,0.0
776654,2025,2025-08-21,mlb,NYY,BOS,48.53709649627505,40.85080185053196,3.32,3.41,0.0,1.0,0.8,0.3,0.0
776631,2025,2025-08-21,mlb,TBR,STL,39.481233720516585,35.44000594157538,4.67,4.28,0.0,0.0,0.4,0.4,0.0
776637,2025,2025-08-22,mlb,PIT,COL,33.19030182341987,32.21076176814514,2.71,6.65,1.0,0.0,0.3,0.7,1.0
776648,2025,2025-08-22,mlb,PHI,WSN,46.07852610677368,34.519895280554,4.08,4.25,1.0,0.0,0.6,0.5,0.0
776643,2025,2025-08-22,mlb,BAL,HOU,32.680558253621186,38.34791246492824,5.21,6.51,0.0,0.0,0.6,0.4,0.0
776647,2025,2025-08-22,mlb,NYY,BOS,48.53709649627505,40.85080185053196,2.86,3.35,0.0,0.0,0.7,0.4,0.0
776649,2025,2025-08-22,mlb,DET,KCR,41.930332091578485,37.56754839015402,3.87,3.66,1.0,0.0,0.8,0.8,1.0
776646,2025,2025-08-22,mlb,MIA,TOR,35.446382737010744,43.134335054091295,5.67,3.57,1.0,1.0,0.3,0.6,0.0
776645,2025,2025-08-22,mlb,ATL,NYM,38.84710898652087,44.13496149211463,5.6,2.06,1.0,0.0,0.8,0.4,0.0
776633,2025,2025-08-22,mlb,TBR,STL,39.481233720516585,35.44000594157538,3.31,4.84,0.0,0.0,0.4,0.4,1.0
776639,2025,2025-08-22,mlb,CHW,MIN,32.93310700606492,34.49429336383309,4.85,5.56,1.0,0.0,0.3,0.2,0.0
776641,2025,2025-08-22,mlb,TEX,CLE,36.02502306287485,35.133293372400495,1.73,4.3,0.0,1.0,0.3,0.3,1.0
776634,2025,2025-08-22,mlb,MIL,SFG,40.99706517824004,40.864388309944545,3.96,5.01,0.0,0.0,0.5555555555555556,0.2,1.0
776650,2025,2025-08-21,mlb,WSN,NYM,34.519895280554,44.13496149211463,4.17,5.64,0.0,0.0,0.5,0.4,1.0
776640,2025,2025-08-22,mlb,LAA,CHC,35.95784812425046,46.04348923947511,4.56,3.65,1.0,0.0,0.5,0.6666666666666666,0.0
776644,2025,2025-08-21,mlb,COL,LAD,32.21076176814514,44.479785357282616,6.52,3.36,0.0,0.0,0.7,0.4,0.0
776657,2025,2025-08-21,mlb,KCR,TEX,37.56754839015402,36.02502306287485,4.64,4.4,0.0,0.0,0.7,0.3,1.0
776661,2025,2025-08-20,mlb,PIT,TOR,33.19030182341987,43.134335054091295,3.57,3.96,0.0,0.0,0.2,0.6,1.0
776662,2025,2025-08-20,mlb,PHI,SEA,46.07852610677368,48.17227508833325,3.92,3.54,0.0,0.0,0.6,0.4,1.0
776673,2025,2025-08-20,mlb,DET,HOU,41.930332091578485,38.34791246492824,5.83,3.66,0.0,0.0,0.8,0.4,1.0
776658,2025,2025-08-20,mlb,ARI,CLE,40.826578178179695,35.133293372400495,5.25,2.72,0.0,0.0,0.5,0.4,1.0
776670,2025,2025-08-20,mlb,MIA,STL,35.446382737010744,35.44000594157538,5.36,5.31,0.0,0.0,0.2222222222222222,0.4,1.0
776659,2025,2025-08-20,mlb,WSN,NYM,34.519895280554,44.13496149211463,4.34,3.02,0.0,0.0,0.5,0.4,1.0
776669,2025,2025-08-20,mlb,ATL,CHW,38.84710898652087,32.93310700606492,2.88,3.54,0.0,0.0,0.7777777777777778,0.3,1.0
776664,2025,2025-08-20,mlb,TBR,NYY,39.481233720516585,48.53709649627505,2.76,2.96,0.0,0.0,0.4,0.7,0.0
776666,2025,2025-08-20,mlb,KCR,TEX,37.56754839015402,36.02502306287485,2.99,6.02,0.0,0.0,0.8,0.2,0.0
776665,2025,2025-08-20,mlb,MIN,ATH,34.49429336383309,41.83351239972274,5.1,5.08,0.0,0.0,0.3,0.6,0.0
776663,2025,2025-08-20,mlb,CHC,MIL,46.04348923947511,40.99706517824004,3.95,4.36,0.0,0.0,0.5555555555555556,0.6666666666666666,1.0
776660,2025,2025-08-20,mlb,COL,LAD,32.21076176814514,44.479785357282616,6.33,2.87,0.0,0.0,0.6,0.5,1.0
776652,2025,2025-08-20,mlb,LAA,CIN,35.95784812425046,37.42971480330227,3.99,4.45,0.0,0.0,0.5,0.7,1.0
776656,2025,2025-08-20,mlb,SDP,SFG,39.95208039441178,40.864388309944545,5.04,3.8,0.0,0.0,0.6,0.2,1.0
776653,2025,2025-08-21,mlb,MIN,ATH,34.49429336383309,41.83351239972274,4.58,4.19,0.0,0.0,0.3,0.7,0.0
776651,2025,2025-08-21,mlb,CHC,MIL,46.04348923947511,40.99706517824004,3.73,3.32,0.0,0.0,0.6666666666666666,0.5555555555555556,0.0
776635,2025,2025-08-22,mlb,ARI,CIN,40.826578178179695,37.42971480330227,3.39,3.81,1.0,1.0,0.5,0.6,1.0
776636,2025,2025-08-22,mlb,SDP,LAD,39.95208039441178,44.479785357282616,5.38,2.35,0.0,0.0,0.6,0.5,1.0
776638,2025,2025-08-22,mlb,SEA,ATH,48.17227508833325,41.83351239972274,2.94,3.14,1.0,0.0,0.3,0.7,1.0
776614,2025,2025-08-24,mlb,MIA,TOR,35.446382737010744,43.134335054091295,4.25,3.59,0.0,0.0,0.3,0.6,1.0
776607,2025,2025-08-24,mlb,CHW,MIN,32.93310700606492,34.49429336383309,5.17,5.05,0.0,0.0,0.3,0.3,1.0
776608,2025,2025-08-24,mlb,MIL,SFG,40.99706517824004,40.864388309944545,3.53,3.65,0.0,0.0,0.4444444444444444,0.3,0.0
776611,2025,2025-08-24,mlb,TEX,CLE,36.02502306287485,35.133293372400495,3.52,3.06,0.0,0.0,0.4,0.2,1.0
776605,2025,2025-08-24,mlb,LAA,CHC,35.95784812425046,46.04348923947511,4.76,3.68,0.0,0.0,0.4,0.7777777777777778,0.0
776609,2025,2025-08-24,mlb,ARI,CIN,40.826578178179695,37.42971480330227,4.83,4.03,0.0,0.0,0.6,0.5,0.0
776603,2025,2025-08-24,mlb,SDP,LAD,39.95208039441178,44.479785357282616,2.87,2.49,0.0,0.0,0.6,0.5,0.0
776602,2025,2025-08-24,mlb,SEA,ATH,48.17227508833325,41.83351239972274,3.44,4.08,0.0,0.0,0.2,0.7,1.0
776616,2025,2025-08-24,mlb,NYY,BOS,48.53709649627505,40.85080185053196,3.09,4.96,0.0,0.0,0.6,0.6,1.0
776604,2025,2025-08-25,mlb,BAL,BOS,32.680558253621186,40.85080185053196,4.64,3.14,0.0,0.0,0.6,0.5,0.0
776601,2025,2025-08-25,mlb,CLE,TBR,35.133293372400495,39.481233720516585,4.24,3.63,0.0,0.0,0.2,0.5,0.0
776600,2025,2025-08-25,mlb,MIA,ATL,35.446382737010744,38.84710898652087,3.53,4.45,0.0,0.0,0.3,0.7,1.0
776597,2025,2025-08-25,mlb,NYY,WSN,48.53709649627505,34.519895280554,2.96,4.34,0.0,0.0,0.6,0.5,1.0
776596,2025,2025-08-25,mlb,TOR,MIN,43.134335054091295,34.49429336383309,5.19,3.42,0.0,0.0,0.6,0.2,1.0
776598,2025,2025-08-25,mlb,NYM,PHI,44.13496149211463,46.07852610677368,3.02,2.5,0.0,0.0,0.5,0.7,1.0
776615,2025,2025-08-24,mlb,DET,KCR,41.930332091578485,37.56754839015402,4.64,4.15,0.0,0.0,0.9,0.6,0.0
776624,2025,2025-08-24,mlb,ATL,NYM,38.84710898652087,44.13496149211463,5.3,4.22,0.0,0.0,0.7,0.5,1.0
776613,2025,2025-08-24,mlb,PHI,WSN,46.07852610677368,34.519895280554,3.2,5.7,0.0,0.0,0.6,0.6,1.0
776612,2025,2025-08-24,mlb,BAL,HOU,32.680558253621186,38.34791246492824,1.81,5.35,0.0,0.0,0.6,0.5,1.0
776627,2025,2025-08-23,mlb,NYY,BOS,48.53709649627505,40.85080185053196,4.44,2.59,0.0,0.0,0.7,0.5,0.0
776630,2025,2025-08-23,mlb,MIA,TOR,35.446382737010744,43.134335054091295,4.17,4.17,0.0,0.0,0.3,0.6,0.0
776628,2025,2025-08-23,mlb,PHI,WSN,46.07852610677368,34.519895280554,6.01,5.68,0.0,0.0,0.5,0.6,1.0
776625,2025,2025-08-23,mlb,DET,KCR,41.930332091578485,37.56754839015402,5.35,3.86,0.0,0.0,0.8,0.7,1.0
776632,2025,2025-08-23,mlb,PIT,COL,33.19030182341987,32.21076176814514,3.94,4.98,0.0,0.0,0.4,0.6,1.0
776629,2025,2025-08-23,mlb,BAL,HOU,32.680558253621186,38.34791246492824,4.19,4.62,0.0,0.0,0.6,0.4,0.0
776623,2025,2025-08-23,mlb,TEX,CLE,36.02502306287485,35.133293372400495,3.86,4.25,0.0,0.0,0.3,0.3,1.0
776667,2025,2025-08-19,mlb,SDP,SFG,39.95208039441178,40.864388309944545,2.87,6.37,0.0,0.0,0.5,0.3,1.0
776619,2025,2025-08-23,mlb,CHW,MIN,32.93310700606492,34.49429336383309,4.1,6.23,0.0,0.0,0.2,0.3,1.0
776626,2025,2025-08-23,mlb,ATL,NYM,38.84710898652087,44.13496149211463,6.04,3.53,0.0,0.0,0.7,0.5,0.0
776622,2025,2025-08-23,mlb,ARI,CIN,40.826578178179695,37.42971480330227,3.77,2.87,0.0,0.0,0.6,0.5,1.0
776617,2025,2025-08-23,mlb,SDP,LAD,39.95208039441178,44.479785357282616,6.29,3.19,0.0,0.0,0.6,0.5,1.0
776618,2025,2025-08-23,mlb,LAA,CHC,35.95784812425046,46.04348923947511,7.41,2.67,0.0,0.0,0.5,0.6666666666666666,0.0
776620,2025,2025-08-23,mlb,SEA,ATH,48.17227508833325,41.83351239972274,4.21,4.11,0.0,0.0,0.3,0.6,0.0
776610,2025,2025-08-24,mlb,PIT,COL,33.19030182341987,32.21076176814514,1.97,7.36,0.0,0.0,0.5,0.5,1.0
776606,2025,2025-08-24,mlb,TBR,STL,39.481233720516585,35.44000594157538,3.86,4.21,1.0,1.0,0.5,0.3,1.0
776621,2025,2025-08-23,mlb,MIL,SFG,40.99706517824004,40.864388309944545,2.7,3.22,0.0,0.0,0.5555555555555556,0.2,0.0
776599,2025,2025-08-25,mlb,CHW,KCR,32.93310700606492,37.56754839015402,3.81,2.99,0.0,0.0,0.3,0.7,1.0
776672,2025,2025-08-19,mlb,ARI,CLE,40.826578178179695,35.133293372400495,5.02,4.24,0.0,0.0,0.5,0.5,1.0
776671,2025,2025-08-19,mlb,COL,LAD,32.21076176814514,44.479785357282616,7.49,2.82,0.0,0.0,0.6,0.5,0.0
776723,2025,2025-08-16,mlb,TOR,TEX,43.134335054091295,36.02502306287485,3.18,4.4,0.0,0.0,0.7,0.3,1.0
776725,2025,2025-08-16,mlb,WSN,PHI,34.519895280554,46.07852610677368,4.25,4.08,0.0,0.0,0.5,0.6,1.0
776726,2025,2025-08-16,mlb,NYM,SEA,44.13496149211463,48.17227508833325,2.06,2.94,0.0,0.0,0.1,0.8,1.0
776724,2025,2025-08-16,mlb,BOS,MIA,40.85080185053196,35.446382737010744,3.35,6.04,0.0,0.0,0.5,0.3333333333333333,1.0
776721,2025,2025-08-16,mlb,CIN,MIL,37.42971480330227,40.99706517824004,3.81,3.32,0.0,0.0,0.5,1.0,0.0
776722,2025,2025-08-16,mlb,HOU,BAL,38.34791246492824,32.680558253621186,4.77,3.15,0.0,0.0,0.6,0.5,1.0
776720,2025,2025-08-16,mlb,CLE,ATL,35.133293372400495,38.84710898652087,4.3,5.6,0.0,0.0,0.7,0.6666666666666666,0.0
776712,2025,2025-08-16,mlb,KCR,CHW,37.56754839015402,32.93310700606492,4.64,4.22,0.0,0.0,0.5,0.2,1.0
776716,2025,2025-08-16,mlb,MIN,DET,34.49429336383309,41.930332091578485,5.56,3.87,0.0,0.0,0.5,0.6,0.0
776713,2025,2025-08-16,mlb,STL,NYY,35.44000594157538,48.53709649627505,4.28,2.86,0.0,0.0,0.5,0.5,0.0
776715,2025,2025-08-16,mlb,COL,ARI,32.21076176814514,40.826578178179695,6.52,3.39,0.0,0.0,0.3,0.6,1.0
776711,2025,2025-08-16,mlb,SFG,TBR,40.864388309944545,39.481233720516585,3.85,3.31,0.0,0.0,0.3,0.5,0.0
776717,2025,2025-08-16,mlb,LAD,SDP,44.479785357282616,39.95208039441178,2.35,4.55,0.0,0.0,0.4,0.7,1.0
776718,2025,2025-08-16,mlb,ATH,LAA,41.83351239972274,35.95784812425046,3.14,4.56,0.0,0.0,0.6,0.5,1.0
776708,2025,2025-08-17,mlb,WSN,PHI,34.519895280554,46.07852610677368,5.68,6.01,0.0,0.0,0.5,0.5,0.0
776719,2025,2025-08-16,mlb,CHC,PIT,46.04348923947511,33.19030182341987,3.73,3.94,0.0,0.0,0.3,0.3,1.0
776714,2025,2025-08-17,mlb,BOS,MIA,40.85080185053196,35.446382737010744,2.59,4.17,0.0,0.0,0.5,0.2222222222222222,0.0
776729,2025,2025-08-15,mlb,SFG,TBR,40.864388309944545,39.481233720516585,3.8,4.67,1.0,1.0,0.4,0.4,0.0
776734,2025,2025-08-15,mlb,ATH,LAA,41.83351239972274,35.95784812425046,4.19,3.99,1.0,1.0,0.5,0.6,1.0
776748,2025,2025-08-14,mlb,NYM,ATL,44.13496149211463,38.84710898652087,3.02,5.3,0.0,0.0,0.2,0.4444444444444444,0.0
776744,2025,2025-08-14,mlb,MIN,DET,34.49429336383309,41.930332091578485,5.1,2.21,0.0,0.0,0.6,0.5,0.0
776742,2025,2025-08-14,mlb,COL,ARI,32.21076176814514,40.826578178179695,9.36,5.02,0.0,0.0,0.2,0.7,0.0
776737,2025,2025-08-15,mlb,CHC,PIT,46.04348923947511,33.19030182341987,3.95,2.71,0.0,1.0,0.4,0.3,0.0
776740,2025,2025-08-15,mlb,CIN,MIL,37.42971480330227,40.99706517824004,4.45,4.36,1.0,1.0,0.6,1.0,0.0
776739,2025,2025-08-15,mlb,WSN,PHI,34.519895280554,46.07852610677368,4.17,2.71,0.0,0.0,0.5,0.6,0.0
776735,2025,2025-08-15,mlb,TOR,TEX,43.134335054091295,36.02502306287485,3.96,2.97,0.0,1.0,0.6,0.3,1.0
776736,2025,2025-08-15,mlb,NYM,SEA,44.13496149211463,48.17227508833325,5.64,3.54,0.0,0.0,0.1,0.8,0.0
776738,2025,2025-08-15,mlb,CLE,ATL,35.133293372400495,38.84710898652087,3.21,2.88,0.0,0.0,0.7,0.5555555555555556,0.0
776741,2025,2025-08-15,mlb,BOS,MIA,40.85080185053196,35.446382737010744,3.41,5.36,1.0,0.0,0.5,0.3333333333333333,1.0
776733,2025,2025-08-15,mlb,HOU,BAL,38.34791246492824,32.680558253621186,3.66,6.24,1.0,0.0,0.6,0.4,0.0
776732,2025,2025-08-15,mlb,MIN,DET,34.49429336383309,41.930332091578485,5.1,5.83,0.0,0.0,0.5,0.6,0.0
776728,2025,2025-08-15,mlb,KCR,CHW,37.56754839015402,32.93310700606492,2.99,4.85,1.0,1.0,0.5,0.2,1.0
776731,2025,2025-08-15,mlb,STL,NYY,35.44000594157538,48.53709649627505,5.31,3.32,1.0,1.0,0.5,0.4,0.0
776730,2025,2025-08-15,mlb,COL,ARI,32.21076176814514,40.826578178179695,6.33,5.25,0.0,0.0,0.2,0.7,1.0
776727,2025,2025-08-15,mlb,LAD,SDP,44.479785357282616,39.95208039441178,3.36,3.14,1.0,1.0,0.4,0.8,1.0
776710,2025,2025-08-17,mlb,TOR,TEX,43.134335054091295,36.02502306287485,4.17,1.73,0.0,0.0,0.7,0.2,0.0
776706,2025,2025-08-17,mlb,CLE,ATL,35.133293372400495,38.84710898652087,4.25,5.49,0.0,0.0,0.6,0.7777777777777778,0.0
776709,2025,2025-08-17,mlb,CIN,MIL,37.42971480330227,40.99706517824004,2.87,3.96,0.0,0.0,0.4,1.0,1.0
776682,2025,2025-08-18,mlb,ARI,CLE,40.826578178179695,35.133293372400495,4.83,3.06,0.0,0.0,0.6,0.5,0.0
776683,2025,2025-08-18,mlb,SDP,SFG,39.95208039441178,40.864388309944545,6.29,3.65,0.0,0.0,0.6,0.3,0.0
776691,2025,2025-08-19,mlb,CHC,MIL,46.04348923947511,40.99706517824004,3.21,3.53,0.0,0.0,0.4444444444444444,0.8888888888888888,1.0
776676,2025,2025-08-19,mlb,CHC,MIL,46.04348923947511,40.99706517824004,3.68,3.2,0.0,0.0,0.5555555555555556,0.7777777777777778,1.0
776685,2025,2025-08-19,mlb,DET,HOU,41.930332091578485,38.34791246492824,2.21,2.43,0.0,0.0,0.7,0.5,1.0
776679,2025,2025-08-19,mlb,PIT,TOR,33.19030182341987,43.134335054091295,4.19,5.19,0.0,0.0,0.3,0.5,0.0
776686,2025,2025-08-19,mlb,MIA,STL,35.446382737010744,35.44000594157538,3.53,4.42,0.0,0.0,0.2222222222222222,0.4,0.0
776678,2025,2025-08-19,mlb,WSN,NYM,34.519895280554,44.13496149211463,5.7,4.22,1.0,1.0,0.5,0.3,0.0
776680,2025,2025-08-19,mlb,PHI,SEA,46.07852610677368,48.17227508833325,2.5,5.68,0.0,0.0,0.6,0.5,1.0
776684,2025,2025-08-19,mlb,BOS,BAL,40.85080185053196,32.680558253621186,4.93,4.64,0.0,0.0,0.4,0.6,0.0
776687,2025,2025-08-19,mlb,ATL,CHW,38.84710898652087,32.93310700606492,5.3,3.81,0.0,0.0,0.7777777777777778,0.3,1.0
776677,2025,2025-08-19,mlb,TBR,NYY,39.481233720516585,48.53709649627505,4.87,3.09,1.0,1.0,0.5,0.7,0.0
776675,2025,2025-08-19,mlb,KCR,TEX,37.56754839015402,36.02502306287485,4.15,3.52,0.0,0.0,0.7,0.2,1.0
776674,2025,2025-08-19,mlb,MIN,ATH,34.49429336383309,41.83351239972274,3.42,4.08,1.0,1.0,0.4,0.6,0.0
776681,2025,2025-08-18,mlb,LAA,CIN,35.95784812425046,37.42971480330227,7.41,4.03,0.0,0.0,0.5,0.5,0.0
776693,2025,2025-08-18,mlb,COL,LAD,32.21076176814514,44.479785357282616,4.98,2.49,0.0,0.0,0.5,0.5,1.0
776690,2025,2025-08-18,mlb,KCR,TEX,37.56754839015402,36.02502306287485,3.86,3.86,0.0,0.0,0.7,0.2,1.0
776696,2025,2025-08-18,mlb,ATL,CHW,38.84710898652087,32.93310700606492,4.45,5.17,0.0,0.0,0.7777777777777778,0.2,0.0
776705,2025,2025-08-17,mlb,HOU,BAL,38.34791246492824,32.680558253621186,4.62,4.19,0.0,0.0,0.6,0.5,0.0
776700,2025,2025-08-17,mlb,MIN,DET,34.49429336383309,41.930332091578485,5.82,5.35,0.0,0.0,0.4,0.7,1.0
776702,2025,2025-08-17,mlb,KCR,CHW,37.56754839015402,32.93310700606492,3.66,4.1,0.0,0.0,0.6,0.2,1.0
776698,2025,2025-08-17,mlb,STL,NYY,35.44000594157538,48.53709649627505,4.84,4.44,0.0,0.0,0.4,0.6,0.0
776704,2025,2025-08-17,mlb,CHC,PIT,46.04348923947511,33.19030182341987,3.65,3.55,0.0,0.0,0.4,0.3,1.0
776701,2025,2025-08-17,mlb,COL,ARI,32.21076176814514,40.826578178179695,6.65,3.71,0.0,0.0,0.4,0.6,1.0
776699,2025,2025-08-17,mlb,ATH,LAA,41.83351239972274,35.95784812425046,4.11,4.26,0.0,0.0,0.6,0.4,0.0
776668,2025,2025-08-19,mlb,LAA,CIN,35.95784812425046,37.42971480330227,4.76,2.76,0.0,0.0,0.5,0.6,0.0
776703,2025,2025-08-17,mlb,SFG,TBR,40.864388309944545,39.481233720516585,3.22,3.86,0.0,0.0,0.3,0.6,1.0
776707,2025,2025-08-17,mlb,NYM,SEA,44.13496149211463,48.17227508833325,3.53,4.21,0.0,0.0,0.2,0.7,1.0
776692,2025,2025-08-18,mlb,DET,HOU,41.930332091578485,38.34791246492824,4.64,5.35,0.0,0.0,0.7,0.5,1.0
776694,2025,2025-08-18,mlb,PIT,TOR,33.19030182341987,43.134335054091295,1.97,3.59,0.0,0.0,0.3,0.6,1.0
776688,2025,2025-08-18,mlb,MIA,STL,35.446382737010744,35.44000594157538,4.25,4.21,0.0,0.0,0.3333333333333333,0.4,0.0
776689,2025,2025-08-18,mlb,PHI,SEA,46.07852610677368,48.17227508833325,3.2,3.44,0.0,0.0,0.6,0.6,1.0
776695,2025,2025-08-18,mlb,BOS,BAL,40.85080185053196,32.680558253621186,4.96,1.81,0.0,0.0,0.4,0.6,0.0
776697,2025,2025-08-17,mlb,LAD,SDP,44.479785357282616,39.95208039441178,3.19,5.38,0.0,0.0,0.5,0.7,1.0
776433,2025,2025-09-06,mlb,MIA,PHI,35.446382737010744,46.07852610677368,5.36,3.92,0.0,0.0,0.3,0.6,0.0
776593,2025,2025-08-25,mlb,MIL,ARI,40.99706517824004,40.826578178179695,3.2,5.02,0.0,0.0,0.3333333333333333,0.5,1.0
776592,2025,2025-08-25,mlb,TEX,LAA,36.02502306287485,35.95784812425046,2.97,4.26,0.0,0.0,0.5,0.3,0.0
776494,2025,2025-09-01,mlb,SDP,BAL,39.95208039441178,32.680558253621186,4.55,2.53,0.0,0.0,0.5,0.2,0.0
776504,2025,2025-09-01,mlb,TBR,SEA,39.481233720516585,48.17227508833325,4.87,3.54,0.0,0.0,0.6,0.5,1.0
776495,2025,2025-09-01,mlb,ARI,TEX,40.826578178179695,36.02502306287485,3.39,4.4,0.0,0.0,0.6,0.8,0.0
776490,2025,2025-09-02,mlb,DET,NYM,41.930332091578485,44.13496149211463,7.18,2.06,0.0,0.0,0.4,0.6,0.0
776496,2025,2025-09-02,mlb,PIT,LAD,33.19030182341987,44.479785357282616,3.55,3.36,1.0,1.0,0.7,0.6,1.0
776491,2025,2025-09-02,mlb,CIN,TOR,37.42971480330227,43.134335054091295,4.21,4.17,0.0,0.0,0.3,0.5,0.0
776493,2025,2025-09-02,mlb,BOS,CLE,40.85080185053196,35.133293372400495,2.59,4.3,0.0,0.0,0.7,0.4,1.0
776482,2025,2025-09-02,mlb,WSN,MIA,34.519895280554,35.446382737010744,4.25,4.8,0.0,0.0,0.2,0.5,1.0
776485,2025,2025-09-02,mlb,TBR,SEA,39.481233720516585,48.17227508833325,2.76,2.94,0.0,0.0,0.7,0.5,1.0
776488,2025,2025-09-02,mlb,KCR,LAA,37.56754839015402,35.95784812425046,4.64,6.66,1.0,0.0,0.5,0.3,0.0
776487,2025,2025-09-02,mlb,CHC,ATL,46.04348923947511,38.84710898652087,3.73,5.6,0.0,0.0,0.6,0.4,1.0
776484,2025,2025-09-02,mlb,MIN,CHW,34.49429336383309,32.93310700606492,4.04,4.1,0.0,0.0,0.4,0.5,0.0
776483,2025,2025-09-02,mlb,STL,ATH,35.44000594157538,41.83351239972274,4.84,4.54,0.0,0.0,0.4,0.5,1.0
776489,2025,2025-09-02,mlb,HOU,NYY,38.34791246492824,48.53709649627505,3.66,2.86,0.0,1.0,0.6,0.7,0.0
776486,2025,2025-09-02,mlb,COL,SFG,32.21076176814514,40.864388309944545,4.98,3.22,0.0,0.0,0.2,0.8,0.0
776500,2025,2025-09-01,mlb,MIL,PHI,40.99706517824004,46.07852610677368,4.36,4.08,0.0,0.0,0.5,0.5,0.0
776480,2025,2025-09-02,mlb,SDP,BAL,39.95208039441178,32.680558253621186,5.38,2.91,0.0,0.0,0.4,0.3,0.0
776492,2025,2025-09-01,mlb,COL,SFG,32.21076176814514,40.864388309944545,6.52,6.37,0.0,0.0,0.2,0.7,0.0
776497,2025,2025-09-01,mlb,STL,ATH,35.44000594157538,41.83351239972274,4.28,3.14,0.0,0.0,0.5,0.5,0.0
776519,2025,2025-08-31,mlb,NYM,MIA,44.13496149211463,35.446382737010744,3.02,5.36,0.0,0.0,0.6,0.5,0.0
776510,2025,2025-08-31,mlb,HOU,LAA,38.34791246492824,35.95784812425046,2.43,4.26,0.0,0.0,0.6,0.3,0.0
776512,2025,2025-08-31,mlb,KCR,DET,37.56754839015402,41.930332091578485,3.86,2.21,0.0,0.0,0.5,0.5,0.0
776514,2025,2025-08-31,mlb,CHW,NYY,32.93310700606492,48.53709649627505,3.54,3.32,0.0,0.0,0.3,0.7,1.0
776511,2025,2025-08-31,mlb,COL,CHC,32.21076176814514,46.04348923947511,6.33,3.21,0.0,0.0,0.2,0.6,1.0
776507,2025,2025-08-31,mlb,SFG,BAL,40.864388309944545,32.680558253621186,3.85,4.64,0.0,0.0,0.6,0.2,1.0
776508,2025,2025-08-31,mlb,ATH,TEX,41.83351239972274,36.02502306287485,5.08,2.97,0.0,0.0,0.6,0.8,0.0
776509,2025,2025-08-31,mlb,LAD,ARI,44.479785357282616,40.826578178179695,2.49,5.25,0.0,0.0,0.5,0.7,1.0
776522,2025,2025-08-31,mlb,PHI,ATL,46.07852610677368,38.84710898652087,3.92,2.88,0.0,0.0,0.6,0.4,0.0
776498,2025,2025-09-01,mlb,WSN,MIA,34.519895280554,35.446382737010744,2.31,3.93,0.0,0.0,0.2,0.5,1.0
776501,2025,2025-09-01,mlb,DET,NYM,41.930332091578485,44.13496149211463,5.83,5.64,0.0,0.0,0.5,0.6,0.0
776503,2025,2025-09-01,mlb,CIN,TOR,37.42971480330227,43.134335054091295,2.76,3.96,0.0,0.0,0.2,0.5,1.0
776505,2025,2025-09-01,mlb,BOS,CLE,40.85080185053196,35.133293372400495,3.35,2.72,0.0,0.0,0.7,0.4,1.0
776499,2025,2025-09-01,mlb,HOU,LAA,38.34791246492824,35.95784812425046,3.52,3.99,0.0,0.0,0.6,0.4,1.0
776502,2025,2025-09-01,mlb,MIN,CHW,34.49429336383309,32.93310700606492,5.1,4.24,0.0,0.0,0.4,0.4,0.0
776506,2025,2025-09-01,mlb,CHC,ATL,46.04348923947511,38.84710898652087,3.95,4.45,0.0,0.0,0.5,0.4,1.0
776481,2025,2025-09-02,mlb,ARI,TEX,40.826578178179695,36.02502306287485,3.71,2.84,0.0,0.0,0.5,0.9,1.0
776477,2025,2025-09-03,mlb,WSN,MIA,34.519895280554,35.446382737010744,5.68,4.25,0.0,0.0,0.2,0.5,1.0
776478,2025,2025-09-03,mlb,DET,NYM,41.930332091578485,44.13496149211463,3.87,3.53,0.0,0.0,0.3,0.6,1.0
776450,2025,2025-09-05,mlb,CIN,NYM,37.42971480330227,44.13496149211463,2.87,4.22,1.0,1.0,0.3,0.6,0.0
776452,2025,2025-09-05,mlb,DET,CHW,41.930332091578485,32.93310700606492,4.64,3.81,1.0,0.0,0.3,0.5,0.0
776453,2025,2025-09-05,mlb,PIT,MIL,33.19030182341987,40.99706517824004,3.57,3.32,0.0,0.0,0.7,0.5,0.0
776454,2025,2025-09-05,mlb,BAL,LAD,32.680558253621186,44.479785357282616,4.19,2.87,1.0,0.0,0.4,0.5,1.0
776457,2025,2025-09-05,mlb,NYY,TOR,48.53709649627505,43.134335054091295,2.96,3.59,0.0,1.0,0.8,0.5,0.0
776456,2025,2025-09-05,mlb,MIA,PHI,35.446382737010744,46.07852610677368,4.65,2.5,1.0,0.0,0.4,0.5,0.0
776460,2025,2025-09-05,mlb,ATL,SEA,38.84710898652087,48.17227508833325,2.58,3.44,1.0,1.0,0.4,0.4,1.0
776451,2025,2025-09-05,mlb,TBR,CLE,39.481233720516585,35.133293372400495,4.23,3.06,0.0,0.0,0.8,0.5,0.0
776446,2025,2025-09-05,mlb,KCR,MIN,37.56754839015402,34.49429336383309,3.86,2.74,0.0,0.0,0.5,0.3,1.0
776449,2025,2025-09-05,mlb,TEX,HOU,36.02502306287485,38.34791246492824,3.52,5.34,1.0,0.0,0.7,0.5,1.0
776445,2025,2025-09-05,mlb,STL,SFG,35.44000594157538,40.864388309944545,4.42,4.75,1.0,1.0,0.6,0.9,0.0
776442,2025,2025-09-05,mlb,COL,SDP,32.21076176814514,39.95208039441178,4.98,2.87,1.0,1.0,0.2,0.2,1.0
776444,2025,2025-09-05,mlb,LAA,ATH,35.95784812425046,41.83351239972274,4.26,6.85,0.0,1.0,0.5,0.4,0.0
776448,2025,2025-09-05,mlb,ARI,BOS,40.826578178179695,40.85080185053196,5.02,6.06,1.0,1.0,0.6,0.7,1.0
776436,2025,2025-09-06,mlb,NYY,TOR,48.53709649627505,43.134335054091295,3.32,3.96,0.0,0.0,0.7,0.6,1.0
776455,2025,2025-09-05,mlb,CHC,WSN,46.04348923947511,34.519895280554,3.65,5.7,1.0,1.0,0.5,0.3,1.0
776464,2025,2025-09-04,mlb,HOU,NYY,38.34791246492824,48.53709649627505,4.62,3.09,0.0,0.0,0.5,0.8,0.0
776462,2025,2025-09-04,mlb,MIN,CHW,34.49429336383309,32.93310700606492,5.05,4.24,0.0,0.0,0.3,0.5,0.0
776463,2025,2025-09-04,mlb,KCR,LAA,37.56754839015402,35.95784812425046,2.99,4.76,0.0,0.0,0.4,0.5,1.0
776468,2025,2025-09-03,mlb,ARI,TEX,40.826578178179695,36.02502306287485,4.83,3.86,0.0,0.0,0.5,0.8,1.0
776465,2025,2025-09-03,mlb,SDP,BAL,39.95208039441178,32.680558253621186,6.29,5.21,0.0,0.0,0.3,0.4,0.0
776479,2025,2025-09-03,mlb,PIT,LAD,33.19030182341987,44.479785357282616,2.71,2.82,0.0,0.0,0.7,0.5,1.0
776475,2025,2025-09-03,mlb,CIN,TOR,37.42971480330227,43.134335054091295,3.81,3.57,0.0,0.0,0.3,0.5,0.0
776474,2025,2025-09-03,mlb,BOS,CLE,40.85080185053196,35.133293372400495,3.14,3.21,0.0,0.0,0.7,0.4,0.0
776476,2025,2025-09-03,mlb,TBR,SEA,39.481233720516585,48.17227508833325,3.31,4.21,0.0,0.0,0.8,0.4,1.0
776466,2025,2025-09-03,mlb,KCR,LAA,37.56754839015402,35.95784812425046,3.66,6.4,0.0,0.0,0.4,0.4,0.0
776521,2025,2025-08-31,mlb,CLE,SEA,35.133293372400495,48.17227508833325,4.24,5.68,0.0,0.0,0.4,0.4,0.0
776473,2025,2025-09-03,mlb,CHC,ATL,46.04348923947511,38.84710898652087,2.67,5.3,0.0,0.0,0.6,0.4,0.0
776471,2025,2025-09-03,mlb,MIL,PHI,40.99706517824004,46.07852610677368,3.96,6.01,1.0,1.0,0.4,0.6,1.0
776470,2025,2025-09-03,mlb,STL,ATH,35.44000594157538,41.83351239972274,4.21,4.11,0.0,0.0,0.5,0.5,1.0
776472,2025,2025-09-03,mlb,HOU,NYY,38.34791246492824,48.53709649627505,4.77,4.44,0.0,0.0,0.5,0.8,1.0
776467,2025,2025-09-03,mlb,COL,SFG,32.21076176814514,40.864388309944545,6.7,3.65,0.0,0.0,0.2,0.9,0.0
776459,2025,2025-09-04,mlb,MIL,PHI,40.99706517824004,46.07852610677368,2.7,3.2,0.0,0.0,0.5,0.5,0.0
776461,2025,2025-09-04,mlb,PIT,LAD,33.19030182341987,44.479785357282616,1.97,2.35,0.0,0.0,0.7,0.5,1.0
776458,2025,2025-09-04,mlb,TBR,CLE,39.481233720516585,35.133293372400495,3.86,4.25,0.0,0.0,0.8,0.5,1.0
776469,2025,2025-09-03,mlb,MIN,CHW,34.49429336383309,32.93310700606492,5.56,5.17,0.0,0.0,0.3,0.5,0.0
776589,2025,2025-08-25,mlb,STL,PIT,35.44000594157538,33.19030182341987,4.42,3.57,0.0,0.0,0.3,0.6,1.0
776515,2025,2025-08-31,mlb,TOR,MIL,43.134335054091295,40.99706517824004,5.19,3.2,0.0,0.0,0.5,0.6,1.0
776517,2025,2025-08-31,mlb,BOS,PIT,40.85080185053196,33.19030182341987,3.41,4.19,0.0,0.0,0.7,0.8,1.0
776580,2025,2025-08-27,mlb,CLE,TBR,35.133293372400495,39.481233720516585,4.3,2.76,0.0,0.0,0.2,0.5,1.0
776565,2025,2025-08-27,mlb,MIA,ATL,35.446382737010744,38.84710898652087,5.67,5.6,0.0,0.0,0.4,0.6,0.0
776561,2025,2025-08-27,mlb,SEA,SDP,48.17227508833325,39.95208039441178,2.94,5.38,0.0,0.0,0.3,0.6,1.0
776579,2025,2025-08-27,mlb,BAL,BOS,32.680558253621186,40.85080185053196,4.08,3.35,0.0,0.0,0.4,0.6,0.0
776567,2025,2025-08-27,mlb,TOR,MIN,43.134335054091295,34.49429336383309,3.18,4.04,0.0,0.0,0.5,0.3,1.0
776566,2025,2025-08-27,mlb,NYM,PHI,44.13496149211463,46.07852610677368,2.06,4.08,0.0,0.0,0.7,0.6,1.0
776569,2025,2025-08-27,mlb,CHW,KCR,32.93310700606492,37.56754839015402,4.85,3.66,0.0,0.0,0.4,0.6,0.0
776572,2025,2025-08-27,mlb,MIL,ARI,40.99706517824004,40.826578178179695,2.16,3.39,0.0,0.0,0.4444444444444444,0.4,0.0
776568,2025,2025-08-27,mlb,STL,PIT,35.44000594157538,33.19030182341987,4.28,3.55,0.0,0.0,0.4,0.6,0.0
776563,2025,2025-08-27,mlb,TEX,LAA,36.02502306287485,35.95784812425046,2.84,6.81,0.0,0.0,0.6,0.3,1.0
776571,2025,2025-08-27,mlb,HOU,COL,38.34791246492824,32.21076176814514,3.66,6.52,0.0,0.0,0.4,0.5,1.0
776562,2025,2025-08-27,mlb,LAD,CIN,44.479785357282616,37.42971480330227,2.87,3.33,0.0,0.0,0.6,0.4,1.0
776557,2025,2025-08-27,mlb,SFG,CHC,40.864388309944545,46.04348923947511,5.01,3.95,0.0,0.0,0.5,0.7777777777777778,1.0
776559,2025,2025-08-27,mlb,ATH,DET,41.83351239972274,41.930332091578485,3.14,3.87,0.0,0.0,0.7,0.6,1.0
776564,2025,2025-08-28,mlb,BAL,BOS,32.680558253621186,40.85080185053196,5.21,2.59,0.0,0.0,0.4,0.6,0.0
776570,2025,2025-08-27,mlb,NYY,WSN,48.53709649627505,34.519895280554,2.86,4.25,0.0,0.0,0.7,0.4,1.0
776555,2025,2025-08-28,mlb,HOU,COL,38.34791246492824,32.21076176814514,4.77,4.98,0.0,0.0,0.4,0.4,1.0
776574,2025,2025-08-26,mlb,LAD,CIN,44.479785357282616,37.42971480330227,3.36,4.45,0.0,0.0,0.6,0.4,1.0
776576,2025,2025-08-26,mlb,SFG,CHC,40.864388309944545,46.04348923947511,3.85,3.21,1.0,1.0,0.4,0.8888888888888888,1.0
776595,2025,2025-08-25,mlb,SEA,SDP,48.17227508833325,39.95208039441178,5.68,5.04,0.0,0.0,0.3,0.5,1.0
776590,2025,2025-08-25,mlb,ATH,DET,41.83351239972274,41.930332091578485,5.08,2.21,0.0,0.0,0.6,0.8,1.0
776594,2025,2025-08-25,mlb,LAD,CIN,44.479785357282616,37.42971480330227,2.82,2.76,0.0,0.0,0.6,0.5,1.0
776591,2025,2025-08-26,mlb,BAL,BOS,32.680558253621186,40.85080185053196,2.53,3.41,0.0,0.0,0.5,0.6,0.0
776584,2025,2025-08-26,mlb,CLE,TBR,35.133293372400495,39.481233720516585,2.72,4.87,0.0,0.0,0.1,0.6,1.0
776581,2025,2025-08-26,mlb,MIA,ATL,35.446382737010744,38.84710898652087,5.36,2.88,0.0,0.0,0.4,0.6,0.0
776588,2025,2025-08-26,mlb,NYY,WSN,48.53709649627505,34.519895280554,3.32,4.17,0.0,0.0,0.7,0.4,1.0
776582,2025,2025-08-26,mlb,TOR,MIN,43.134335054091295,34.49429336383309,3.96,5.1,0.0,0.0,0.6,0.2,0.0
776585,2025,2025-08-26,mlb,NYM,PHI,44.13496149211463,46.07852610677368,5.64,3.92,0.0,0.0,0.6,0.7,1.0
776583,2025,2025-08-26,mlb,CHW,KCR,32.93310700606492,37.56754839015402,3.54,4.64,0.0,0.0,0.4,0.6,0.0
776586,2025,2025-08-26,mlb,MIL,ARI,40.99706517824004,40.826578178179695,4.36,5.25,0.0,0.0,0.3333333333333333,0.4,1.0
776578,2025,2025-08-26,mlb,STL,PIT,35.44000594157538,33.19030182341987,5.31,4.19,0.0,0.0,0.4,0.6,0.0
776575,2025,2025-08-26,mlb,TEX,LAA,36.02502306287485,35.95784812425046,4.4,3.99,0.0,0.0,0.5,0.3,1.0
776587,2025,2025-08-26,mlb,HOU,COL,38.34791246492824,32.21076176814514,2.43,6.33,1.0,1.0,0.4,0.5,0.0
776577,2025,2025-08-26,mlb,SEA,SDP,48.17227508833325,39.95208039441178,3.54,4.55,0.0,0.0,0.4,0.5,0.0
776573,2025,2025-08-26,mlb,ATH,DET,41.83351239972274,41.930332091578485,5.87,5.83,0.0,0.0,0.7,0.7,1.0
776553,2025,2025-08-28,mlb,MIL,ARI,40.99706517824004,40.826578178179695,3.96,3.71,0.0,0.0,0.4,0.5,0.0
776554,2025,2025-08-28,mlb,STL,PIT,35.44000594157538,33.19030182341987,4.84,2.71,0.0,0.0,0.4,0.7,1.0
776550,2025,2025-08-28,mlb,SFG,CHC,40.864388309944545,46.04348923947511,3.22,3.73,0.0,0.0,0.6,0.6666666666666666,1.0
776539,2025,2025-08-30,mlb,BOS,PIT,40.85080185053196,33.19030182341987,4.96,3.57,0.0,0.0,0.7,0.7,0.0
776535,2025,2025-08-30,mlb,NYM,MIA,44.13496149211463,35.446382737010744,4.22,3.53,0.0,0.0,0.6,0.4,0.0
776532,2025,2025-08-30,mlb,PHI,ATL,46.07852610677368,38.84710898652087,2.5,2.58,0.0,0.0,0.6,0.5,1.0
776536,2025,2025-08-30,mlb,CIN,STL,37.42971480330227,35.44000594157538,2.87,4.42,0.0,0.0,0.3,0.5,0.0
776531,2025,2025-08-30,mlb,HOU,LAA,38.34791246492824,35.95784812425046,5.35,4.76,0.0,0.0,0.6,0.2,0.0
776530,2025,2025-08-30,mlb,MIN,SDP,34.49429336383309,39.95208039441178,5.05,2.87,0.0,0.0,0.3,0.6,0.0
776529,2025,2025-08-30,mlb,CHW,NYY,32.93310700606492,48.53709649627505,3.81,2.96,0.0,0.0,0.3,0.7,0.0
776528,2025,2025-08-30,mlb,KCR,DET,37.56754839015402,41.930332091578485,3.51,4.64,0.0,0.0,0.5,0.6,1.0
776537,2025,2025-08-30,mlb,CLE,SEA,35.133293372400495,48.17227508833325,3.06,3.44,0.0,0.0,0.4,0.4,1.0
776516,2025,2025-08-30,mlb,SFG,BAL,40.864388309944545,32.680558253621186,4.75,1.81,0.0,0.0,0.6,0.2,0.0
776526,2025,2025-08-30,mlb,COL,CHC,32.21076176814514,46.04348923947511,7.36,3.65,0.0,0.0,0.2,0.6,0.0
776523,2025,2025-08-30,mlb,LAD,ARI,44.479785357282616,40.826578178179695,3.19,5.02,0.0,0.0,0.6,0.7,0.0
776524,2025,2025-08-30,mlb,ATH,TEX,41.83351239972274,36.02502306287485,6.85,3.52,0.0,0.0,0.7,0.7,0.0
776518,2025,2025-08-31,mlb,CIN,STL,37.42971480330227,35.44000594157538,4.03,5.31,0.0,0.0,0.2,0.5,1.0
776513,2025,2025-08-31,mlb,MIN,SDP,34.49429336383309,39.95208039441178,3.42,2.66,0.0,0.0,0.3,0.6,1.0
776525,2025,2025-08-30,mlb,WSN,TBR,34.519895280554,39.481233720516585,5.7,3.86,0.0,0.0,0.3,0.4,0.0
776527,2025,2025-08-30,mlb,TOR,MIL,43.134335054091295,40.99706517824004,3.59,3.32,0.0,0.0,0.5,0.5,0.0
776533,2025,2025-08-29,mlb,SFG,BAL,40.864388309944545,32.680558253621186,3.65,4.19,0.0,0.0,0.6,0.3,1.0
776534,2025,2025-08-29,mlb,LAD,ARI,44.479785357282616,40.826578178179695,2.35,4.83,1.0,0.0,0.6,0.6,0.0
776560,2025,2025-08-28,mlb,PHI,ATL,46.07852610677368,38.84710898652087,6.01,6.04,0.0,0.0,0.6,0.6,1.0
776558,2025,2025-08-28,mlb,NYM,MIA,44.13496149211463,35.446382737010744,3.53,4.8,0.0,0.0,0.7,0.4,0.0
776556,2025,2025-08-28,mlb,CHW,NYY,32.93310700606492,48.53709649627505,4.1,4.44,0.0,0.0,0.4,0.7,0.0
776551,2025,2025-08-29,mlb,CIN,STL,37.42971480330227,35.44000594157538,3.81,4.21,1.0,0.0,0.4,0.5,0.0
776545,2025,2025-08-29,mlb,WSN,TBR,34.519895280554,39.481233720516585,5.68,3.31,1.0,1.0,0.3,0.4,0.0
776552,2025,2025-08-29,mlb,PHI,ATL,46.07852610677368,38.84710898652087,3.2,5.3,0.0,0.0,0.6,0.5,1.0
776546,2025,2025-08-29,mlb,TOR,MIL,43.134335054091295,40.99706517824004,3.57,2.7,1.0,0.0,0.5,0.4,0.0
776520,2025,2025-08-31,mlb,WSN,TBR,34.519895280554,39.481233720516585,4.34,3.63,0.0,0.0,0.3,0.5,0.0
776549,2025,2025-08-29,mlb,BOS,PIT,40.85080185053196,33.19030182341987,6.06,1.97,0.0,0.0,0.7,0.7,0.0
776548,2025,2025-08-29,mlb,NYM,MIA,44.13496149211463,35.446382737010744,7.71,4.25,0.0,0.0,0.6,0.4,1.0
776544,2025,2025-08-29,mlb,CHW,NYY,32.93310700606492,48.53709649627505,5.17,3.09,0.0,0.0,0.4,0.7,0.0
776543,2025,2025-08-29,mlb,HOU,LAA,38.34791246492824,35.95784812425046,4.62,4.56,0.0,1.0,0.5,0.3,1.0
776540,2025,2025-08-29,mlb,KCR,DET,37.56754839015402,41.930332091578485,4.15,5.35,1.0,1.0,0.6,0.5,0.0
776541,2025,2025-08-29,mlb,MIN,SDP,34.49429336383309,39.95208039441178,5.56,6.29,1.0,1.0,0.3,0.6,1.0
776542,2025,2025-08-29,mlb,COL,CHC,32.21076176814514,46.04348923947511,6.7,2.67,0.0,0.0,0.3,0.6,0.0
776538,2025,2025-08-29,mlb,ATH,TEX,41.83351239972274,36.02502306287485,4.11,3.86,1.0,1.0,0.7,0.6,0.0
776547,2025,2025-08-29,mlb,CLE,SEA,35.133293372400495,48.17227508833325,4.25,4.21,1.0,1.0,0.3,0.4,1.0
777353,2025,2025-06-26,mlb,KCR,TBR,37.56754839015402,39.481233720516585,4.64,4.87,0.0,0.0,0.4,0.7,0.0
777356,2025,2025-06-26,mlb,MIN,SEA,34.49429336383309,48.17227508833325,4.04,4.9,0.0,0.0,0.2,0.6,1.0
777354,2025,2025-06-26,mlb,CLE,TOR,35.133293372400495,43.134335054091295,4.24,3.59,0.0,0.0,0.5,0.4,0.0
778165,2025,2025-04-26,mlb,ATH,CHW,41.83351239972274,32.93310700606492,4.11,3.88,0.0,0.0,0.7,0.2,0.0
778167,2025,2025-04-26,mlb,KCR,HOU,37.56754839015402,38.34791246492824,3.86,3.66,0.0,0.0,0.5,0.6,1.0
778162,2025,2025-04-26,mlb,ARI,ATL,40.826578178179695,38.84710898652087,3.52,3.99,0.0,0.0,0.5,0.7,0.0
778160,2025,2025-04-26,mlb,SDP,TBR,39.95208039441178,39.481233720516585,4.55,3.86,0.0,0.0,0.4,0.4,0.0
778163,2025,2025-04-26,mlb,LAD,PIT,44.479785357282616,33.19030182341987,4.46,4.19,0.0,0.0,0.5,0.5,1.0
778154,2025,2025-04-26,mlb,SEA,MIA,48.17227508833325,35.446382737010744,3.54,8.65,0.0,0.0,0.6,0.4,1.0
778153,2025,2025-04-27,mlb,WSN,NYM,34.519895280554,44.13496149211463,5.68,3.95,0.0,0.0,0.5555555555555556,0.8,1.0
778156,2025,2025-04-27,mlb,NYY,TOR,48.53709649627505,43.134335054091295,2.86,3.59,1.0,1.0,0.6,0.4,1.0
778170,2025,2025-04-27,mlb,NYY,TOR,48.53709649627505,43.134335054091295,3.32,3.96,0.0,0.0,0.6,0.4,1.0
778157,2025,2025-04-27,mlb,CLE,BOS,35.133293372400495,40.85080185053196,4.25,3.35,0.0,0.0,0.6,0.6,0.0
778155,2025,2025-04-27,mlb,DET,BAL,41.930332091578485,32.680558253621186,2.21,4.19,0.0,0.0,0.7,0.4,1.0
778144,2025,2025-04-27,mlb,MIN,LAA,34.49429336383309,35.95784812425046,3.42,4.26,0.0,0.0,0.6,0.3,1.0
778152,2025,2025-04-27,mlb,KCR,HOU,37.56754839015402,38.34791246492824,2.55,2.43,0.0,0.0,0.6,0.6,0.0
778150,2025,2025-04-27,mlb,STL,MIL,35.44000594157538,40.99706517824004,5.49,3.96,0.0,0.0,0.4,0.4,0.0
778174,2025,2025-04-26,mlb,CHC,PHI,46.04348923947511,46.07852610677368,5.92,3.92,0.0,0.0,0.7,0.4,0.0
778148,2025,2025-04-27,mlb,COL,CIN,32.21076176814514,37.42971480330227,9.36,3.33,0.0,0.0,0.0,0.5,0.0
778159,2025,2025-04-26,mlb,SFG,TEX,40.864388309944545,36.02502306287485,3.65,2.18,0.0,0.0,0.5,0.6,1.0
778161,2025,2025-04-26,mlb,COL,CIN,32.21076176814514,37.42971480330227,6.65,2.76,0.0,0.0,0.0,0.5,0.0
778181,2025,2025-04-25,mlb,COL,CIN,32.21076176814514,37.42971480330227,4.98,2.87,0.0,1.0,0.0,0.5,0.0
778172,2025,2025-04-25,mlb,SDP,TBR,39.95208039441178,39.481233720516585,3.44,4.87,1.0,0.0,0.5,0.4,0.0
778177,2025,2025-04-25,mlb,ARI,ATL,40.826578178179695,38.84710898652087,4.83,2.58,0.0,1.0,0.6,0.6,0.0
778175,2025,2025-04-25,mlb,SEA,MIA,48.17227508833325,35.446382737010744,3.44,6.04,0.0,1.0,0.7,0.4,0.0
778178,2025,2025-04-25,mlb,ATH,CHW,41.83351239972274,32.93310700606492,4.54,3.88,0.0,0.0,0.6,0.2,1.0
778176,2025,2025-04-25,mlb,LAD,PIT,44.479785357282616,33.19030182341987,2.49,1.97,1.0,0.0,0.5,0.5,0.0
778171,2025,2025-04-25,mlb,SFG,TEX,40.864388309944545,36.02502306287485,3.85,1.73,0.0,0.0,0.5,0.5,0.0
778179,2025,2025-04-26,mlb,CLE,BOS,35.133293372400495,40.85080185053196,3.22,8.04,2.0,1.0,0.6,0.6,1.0
778169,2025,2025-04-26,mlb,CLE,BOS,35.133293372400495,40.85080185053196,13.5,4.93,0.0,0.0,0.7,0.6,0.0
778168,2025,2025-04-26,mlb,DET,BAL,41.930332091578485,32.680558253621186,3.87,6.24,2.0,1.0,0.6,0.4,1.0
778180,2025,2025-04-26,mlb,DET,BAL,41.930332091578485,32.680558253621186,4.37,3.41,0.0,0.0,0.6,0.4,1.0
778166,2025,2025-04-26,mlb,MIN,LAA,34.49429336383309,35.95784812425046,4.04,3.99,0.0,0.0,0.5,0.3,1.0
778164,2025,2025-04-26,mlb,STL,MIL,35.44000594157538,40.99706517824004,4.28,3.32,0.0,0.0,0.3,0.5,1.0
778173,2025,2025-04-26,mlb,WSN,NYM,34.519895280554,44.13496149211463,4.34,3.53,0.0,0.0,0.6666666666666666,0.7,0.0
778151,2025,2025-04-27,mlb,SFG,TEX,40.864388309944545,36.02502306287485,6.95,3.86,0.0,0.0,0.5,0.5,1.0
778149,2025,2025-04-27,mlb,ATH,CHW,41.83351239972274,32.93310700606492,5.87,4.39,0.0,0.0,0.6,0.3,1.0
778145,2025,2025-04-27,mlb,LAD,PIT,44.479785357282616,33.19030182341987,3.19,4.45,0.0,0.0,0.6,0.5,1.0
778122,2025,2025-04-29,mlb,TEX,ATH,36.02502306287485,41.83351239972274,2.97,4.08,0.0,0.0,0.3,0.6,1.0
778124,2025,2025-04-29,mlb,HOU,DET,38.34791246492824,41.930332091578485,5.67,3.15,0.0,0.0,0.7,0.7,1.0
778120,2025,2025-04-29,mlb,COL,ATL,32.21076176814514,38.84710898652087,6.7,3.86,0.0,0.0,0.0,0.8,0.0
778121,2025,2025-04-29,mlb,SEA,LAA,48.17227508833325,35.95784812425046,5.68,6.81,1.0,1.0,0.7,0.3,1.0
778126,2025,2025-04-29,mlb,SDP,SFG,39.95208039441178,40.864388309944545,2.87,3.22,1.0,1.0,0.3,0.6,1.0
778123,2025,2025-04-29,mlb,LAD,MIA,44.479785357282616,35.446382737010744,,5.36,0.0,0.0,0.6,0.4,1.0
778134,2025,2025-04-30,mlb,CIN,STL,37.42971480330227,35.44000594157538,4.03,4.84,1.0,1.0,0.7,0.3,0.0
778119,2025,2025-04-30,mlb,CIN,STL,37.42971480330227,35.44000594157538,19.5,3.05,0.0,0.0,0.6,0.4,0.0
778110,2025,2025-04-30,mlb,HOU,DET,38.34791246492824,41.930332091578485,1.69,4.22,0.0,0.0,0.7,0.6,0.0
778102,2025,2025-04-30,mlb,COL,ATL,32.21076176814514,38.84710898652087,6.52,2.58,0.0,0.0,0.0,0.8,1.0
778109,2025,2025-04-30,mlb,LAD,MIA,44.479785357282616,35.446382737010744,5.0,6.04,0.0,0.0,0.6,0.4,1.0
778104,2025,2025-04-30,mlb,SEA,LAA,48.17227508833325,35.95784812425046,4.9,4.56,0.0,0.0,0.7,0.3,1.0
778105,2025,2025-04-30,mlb,SDP,SFG,39.95208039441178,40.864388309944545,3.44,3.8,0.0,0.0,0.3,0.6,1.0
778116,2025,2025-04-30,mlb,CLE,MIN,35.133293372400495,34.49429336383309,4.36,2.74,0.0,0.0,0.6,0.6,1.0
778125,2025,2025-04-29,mlb,CHW,MIL,32.93310700606492,40.99706517824004,6.65,2.7,1.0,1.0,0.3,0.4,0.0
778130,2025,2025-04-29,mlb,NYM,ARI,44.13496149211463,40.826578178179695,4.22,5.02,0.0,1.0,0.8,0.4,1.0
778127,2025,2025-04-29,mlb,TOR,BOS,43.134335054091295,40.85080185053196,6.05,2.59,1.0,1.0,0.3,0.6,0.0
778128,2025,2025-04-29,mlb,TBR,KCR,39.481233720516585,37.56754839015402,5.05,4.64,1.0,1.0,0.6,0.6,0.0
778146,2025,2025-04-27,mlb,SDP,TBR,39.95208039441178,39.481233720516585,3.84,3.81,0.0,0.0,0.3,0.5,0.0
778147,2025,2025-04-27,mlb,ARI,ATL,40.826578178179695,38.84710898652087,5.25,3.09,0.0,0.0,0.4,0.7,1.0
778136,2025,2025-04-27,mlb,SEA,MIA,48.17227508833325,35.446382737010744,4.32,4.73,0.0,0.0,0.7,0.4,1.0
778158,2025,2025-04-27,mlb,CHC,PHI,46.04348923947511,46.07852610677368,3.68,6.01,0.0,0.0,0.6,0.4,0.0
778138,2025,2025-04-28,mlb,WSN,NYM,34.519895280554,44.13496149211463,6.21,3.77,0.0,0.0,0.6666666666666666,0.8,0.0
778139,2025,2025-04-28,mlb,CLE,MIN,35.133293372400495,34.49429336383309,3.06,5.1,0.0,0.0,0.6,0.6,0.0
778140,2025,2025-04-28,mlb,BAL,NYY,32.680558253621186,48.53709649627505,4.64,4.44,0.0,0.0,0.3,0.6,1.0
778184,2025,2025-04-25,mlb,STL,MIL,35.44000594157538,40.99706517824004,4.21,3.53,1.0,0.0,0.3,0.5,1.0
778141,2025,2025-04-28,mlb,CIN,STL,37.42971480330227,35.44000594157538,4.45,5.31,0.0,0.0,0.6,0.3,1.0
778142,2025,2025-04-28,mlb,HOU,DET,38.34791246492824,41.930332091578485,4.1,4.64,0.0,0.0,0.6,0.8,1.0
778137,2025,2025-04-28,mlb,COL,ATL,32.21076176814514,38.84710898652087,4.75,5.3,0.0,0.0,0.0,0.7,0.0
778132,2025,2025-04-28,mlb,LAD,MIA,44.479785357282616,35.446382737010744,4.96,3.53,0.0,0.0,0.6,0.4,1.0
778129,2025,2025-04-29,mlb,CLE,MIN,35.133293372400495,34.49429336383309,4.24,5.35,0.0,0.0,0.6,0.6,1.0
778133,2025,2025-04-29,mlb,BAL,NYY,32.680558253621186,48.53709649627505,16.78,3.09,0.0,0.0,0.3,0.5,0.0
778135,2025,2025-04-29,mlb,PIT,CHC,33.19030182341987,46.04348923947511,5.52,3.73,1.0,1.0,0.4,0.6,0.0
778131,2025,2025-04-29,mlb,PHI,WSN,46.07852610677368,34.519895280554,2.71,4.17,1.0,0.0,0.5,0.6666666666666666,1.0
778143,2025,2025-04-28,mlb,TEX,ATH,36.02502306287485,41.83351239972274,4.4,5.04,0.0,0.0,0.4,0.6,0.0
778115,2025,2025-04-30,mlb,BAL,NYY,32.680558253621186,48.53709649627505,5.21,7.09,0.0,0.0,0.3,0.5,1.0
778186,2025,2025-04-25,mlb,MIN,LAA,34.49429336383309,35.95784812425046,2.74,4.76,0.0,0.0,0.5,0.3,1.0
778185,2025,2025-04-25,mlb,NYY,TOR,48.53709649627505,43.134335054091295,7.09,4.17,1.0,1.0,0.7,0.4,0.0
778234,2025,2025-04-20,mlb,TEX,LAD,36.02502306287485,44.479785357282616,2.18,3.19,0.0,0.0,0.5,0.6,0.0
778235,2025,2025-04-20,mlb,COL,WSN,32.21076176814514,34.519895280554,4.98,5.7,0.0,0.0,0.1,0.4,0.0
778232,2025,2025-04-20,mlb,LAA,SFG,35.95784812425046,40.864388309944545,3.99,3.85,0.0,0.0,0.3,0.6,1.0
778237,2025,2025-04-20,mlb,HOU,SDP,38.34791246492824,39.95208039441178,3.66,4.55,0.0,0.0,0.6,0.6,0.0
778238,2025,2025-04-21,mlb,BOS,CHW,40.85080185053196,32.93310700606492,4.93,5.82,0.0,0.0,0.6,0.3,1.0
778227,2025,2025-04-21,mlb,CLE,NYY,35.133293372400495,48.53709649627505,3.06,3.32,0.0,0.0,0.7,0.7,1.0
778228,2025,2025-04-21,mlb,DET,SDP,41.930332091578485,39.95208039441178,4.37,3.84,0.0,0.0,0.6,0.7,1.0
778230,2025,2025-04-21,mlb,MIA,CIN,35.446382737010744,37.42971480330227,4.73,3.33,0.0,0.0,0.4,0.6,1.0
778225,2025,2025-04-21,mlb,NYM,PHI,44.13496149211463,46.07852610677368,3.95,6.01,0.0,0.0,0.7,0.5,1.0
778233,2025,2025-04-21,mlb,ATL,STL,38.84710898652087,35.44000594157538,3.09,5.49,0.0,0.0,0.6,0.4,1.0
778231,2025,2025-04-21,mlb,HOU,TOR,38.34791246492824,43.134335054091295,2.43,3.59,0.0,0.0,0.5,0.5,1.0
778226,2025,2025-04-21,mlb,SFG,MIL,40.864388309944545,40.99706517824004,3.65,3.32,0.0,0.0,0.5,0.5,1.0
778218,2025,2025-04-22,mlb,CLE,NYY,35.133293372400495,48.53709649627505,4.24,4.44,0.0,0.0,0.7,0.7,1.0
778221,2025,2025-04-22,mlb,DET,SDP,41.930332091578485,39.95208039441178,4.64,2.87,0.0,0.0,0.6,0.6,0.0
778236,2025,2025-04-20,mlb,CHC,ARI,46.04348923947511,40.826578178179695,3.68,3.52,0.0,0.0,0.6,0.7,0.0
778219,2025,2025-04-22,mlb,MIA,CIN,35.446382737010744,37.42971480330227,3.53,4.45,0.0,0.0,0.4,0.6,1.0
778239,2025,2025-04-20,mlb,MIL,ATH,40.99706517824004,41.83351239972274,1.78,4.11,0.0,0.0,0.5,0.6,1.0
778244,2025,2025-04-20,mlb,NYM,STL,44.13496149211463,35.44000594157538,3.53,4.28,0.0,0.0,0.6,0.4,1.0
778251,2025,2025-04-19,mlb,TEX,LAD,36.02502306287485,44.479785357282616,1.73,4.46,0.0,0.0,0.4,0.6,1.0
778247,2025,2025-04-19,mlb,COL,WSN,32.21076176814514,34.519895280554,6.52,4.17,2.0,1.0,0.2,0.4,0.0
778264,2025,2025-04-19,mlb,BOS,CHW,40.85080185053196,32.93310700606492,2.59,3.81,0.0,0.0,0.5,0.2,1.0
778255,2025,2025-04-19,mlb,TBR,NYY,39.481233720516585,48.53709649627505,4.87,7.09,0.0,0.0,0.4,0.7,1.0
778259,2025,2025-04-19,mlb,HOU,SDP,38.34791246492824,39.95208039441178,4.5,3.44,0.0,0.0,0.5,0.7,1.0
778253,2025,2025-04-19,mlb,MIL,ATH,40.99706517824004,41.83351239972274,3.53,4.54,0.0,0.0,0.6,0.5,0.0
778267,2025,2025-04-19,mlb,ATL,MIN,38.84710898652087,34.49429336383309,2.58,3.9,0.0,0.0,0.5,0.4,1.0
778243,2025,2025-04-19,mlb,LAA,SFG,35.95784812425046,40.864388309944545,4.76,3.8,0.0,0.0,0.4,0.5,0.0
778250,2025,2025-04-20,mlb,BAL,CIN,32.680558253621186,37.42971480330227,5.83,4.52,0.0,0.0,0.5,0.6,0.0
778242,2025,2025-04-20,mlb,PIT,CLE,33.19030182341987,35.133293372400495,4.19,4.25,0.0,0.0,0.4,0.7,0.0
778249,2025,2025-04-20,mlb,ATL,MIN,38.84710898652087,34.49429336383309,3.99,3.42,0.0,0.0,0.5,0.4,1.0
778245,2025,2025-04-20,mlb,BOS,CHW,40.85080185053196,32.93310700606492,8.04,4.22,0.0,0.0,0.6,0.2,0.0
778248,2025,2025-04-20,mlb,PHI,MIA,46.07852610677368,35.446382737010744,3.92,8.65,0.0,0.0,0.5,0.3,0.0
778241,2025,2025-04-20,mlb,TOR,SEA,43.134335054091295,48.17227508833325,6.66,3.54,0.0,0.0,0.6,0.7,0.0
778246,2025,2025-04-20,mlb,DET,KCR,41.930332091578485,37.56754839015402,2.21,3.86,0.0,0.0,0.6,0.2,0.0
778240,2025,2025-04-20,mlb,TBR,NYY,39.481233720516585,48.53709649627505,3.86,2.86,0.0,0.0,0.4,0.7,0.0
778222,2025,2025-04-22,mlb,WSN,BAL,34.519895280554,32.680558253621186,5.68,4.19,1.0,1.0,0.4444444444444444,0.4,1.0
778224,2025,2025-04-22,mlb,BOS,SEA,40.85080185053196,48.17227508833325,3.35,5.68,0.0,1.0,0.6,0.8,1.0
778223,2025,2025-04-22,mlb,NYM,PHI,44.13496149211463,46.07852610677368,3.77,2.5,0.0,0.0,0.7,0.5,1.0
778199,2025,2025-04-23,mlb,ARI,TBR,40.826578178179695,39.481233720516585,5.02,5.05,0.0,0.0,0.7,0.3,0.0
778198,2025,2025-04-23,mlb,SFG,MIL,40.864388309944545,40.99706517824004,3.22,2.7,0.0,0.0,0.5,0.5,1.0
778197,2025,2025-04-23,mlb,ATH,TEX,41.83351239972274,36.02502306287485,5.04,5.74,0.0,0.0,0.5,0.5,1.0
778189,2025,2025-04-24,mlb,MIN,CHW,34.49429336383309,32.93310700606492,5.35,3.81,0.0,0.0,0.5,0.1,0.0
778196,2025,2025-04-24,mlb,BOS,SEA,40.85080185053196,48.17227508833325,2.59,2.94,0.0,0.0,0.7,0.7,0.0
778190,2025,2025-04-24,mlb,KCR,COL,37.56754839015402,32.21076176814514,4.67,6.7,1.0,1.0,0.3,0.0,1.0
778195,2025,2025-04-24,mlb,KCR,COL,37.56754839015402,32.21076176814514,4.64,6.52,0.0,0.0,0.4,0.0,1.0
778194,2025,2025-04-24,mlb,SFG,MIL,40.864388309944545,40.99706517824004,3.8,3.55,0.0,0.0,0.5,0.5,1.0
778193,2025,2025-04-24,mlb,WSN,BAL,34.519895280554,32.680558253621186,4.17,5.21,0.0,0.0,0.5555555555555556,0.4,0.0
778191,2025,2025-04-24,mlb,LAA,PIT,35.95784812425046,33.19030182341987,4.56,3.55,0.0,0.0,0.3,0.5,1.0
778188,2025,2025-04-24,mlb,ARI,TBR,40.826578178179695,39.481233720516585,2.66,2.76,0.0,0.0,0.7,0.4,0.0
778192,2025,2025-04-24,mlb,ATH,TEX,41.83351239972274,36.02502306287485,5.08,2.97,0.0,0.0,0.6,0.5,1.0
778182,2025,2025-04-25,mlb,CHC,PHI,46.04348923947511,46.07852610677368,3.95,4.08,1.0,1.0,0.7,0.4,1.0
778183,2025,2025-04-25,mlb,WSN,NYM,34.519895280554,44.13496149211463,5.7,3.02,0.0,1.0,0.5555555555555556,0.8,1.0
778202,2025,2025-04-23,mlb,LAA,PIT,35.95784812425046,33.19030182341987,6.81,5.52,0.0,0.0,0.3,0.4,0.0
778201,2025,2025-04-23,mlb,MIN,CHW,34.49429336383309,32.93310700606492,5.4,6.65,0.0,0.0,0.4,0.2,1.0
778200,2025,2025-04-23,mlb,HOU,TOR,38.34791246492824,43.134335054091295,5.67,6.05,0.0,0.0,0.6,0.4,1.0
778205,2025,2025-04-23,mlb,CHC,LAD,46.04348923947511,44.479785357282616,3.21,4.64,0.0,0.0,0.6,0.6,1.0
778229,2025,2025-04-22,mlb,ATL,STL,38.84710898652087,35.44000594157538,5.48,5.31,0.0,0.0,0.6,0.3,0.0
778215,2025,2025-04-22,mlb,KCR,COL,37.56754839015402,32.21076176814514,2.55,4.75,1.0,1.0,0.2,0.1111111111111111,1.0
778220,2025,2025-04-22,mlb,CHC,LAD,46.04348923947511,44.479785357282616,3.73,4.96,1.0,1.0,0.5,0.7,1.0
778216,2025,2025-04-22,mlb,MIN,CHW,34.49429336383309,32.93310700606492,5.1,4.1,1.0,0.0,0.3,0.3,1.0
778217,2025,2025-04-22,mlb,HOU,TOR,38.34791246492824,43.134335054091295,4.1,3.96,0.0,0.0,0.6,0.4,1.0
778211,2025,2025-04-22,mlb,LAA,PIT,35.95784812425046,33.19030182341987,4.26,4.45,1.0,1.0,0.4,0.3,0.0
778212,2025,2025-04-22,mlb,ARI,TBR,40.826578178179695,39.481233720516585,5.25,3.81,1.0,1.0,0.7,0.4,1.0
778187,2025,2025-04-25,mlb,KCR,HOU,37.56754839015402,38.34791246492824,4.15,4.5,0.0,1.0,0.4,0.7,1.0
778210,2025,2025-04-22,mlb,SFG,MIL,40.864388309944545,40.99706517824004,6.95,3.96,0.0,0.0,0.5,0.5,0.0
778214,2025,2025-04-23,mlb,ATL,STL,38.84710898652087,35.44000594157538,5.3,4.84,0.0,0.0,0.6,0.4,1.0
778209,2025,2025-04-23,mlb,DET,SDP,41.930332091578485,39.95208039441178,3.15,5.86,0.0,0.0,0.5,0.6,1.0
778203,2025,2025-04-23,mlb,NYM,PHI,44.13496149211463,46.07852610677368,4.22,2.71,0.0,0.0,0.8,0.4,1.0
778208,2025,2025-04-23,mlb,MIA,CIN,35.446382737010744,37.42971480330227,5.36,4.03,0.0,0.0,0.5,0.5,0.0
778206,2025,2025-04-23,mlb,CLE,NYY,35.133293372400495,48.53709649627505,4.36,3.09,0.0,0.0,0.7,0.6,0.0
778204,2025,2025-04-23,mlb,WSN,BAL,34.519895280554,32.680558253621186,6.21,4.64,0.0,0.0,0.4444444444444444,0.4,1.0
778207,2025,2025-04-23,mlb,BOS,SEA,40.85080185053196,48.17227508833325,2.73,4.9,0.0,0.0,0.7,0.7,0.0
778213,2025,2025-04-22,mlb,ATH,TEX,41.83351239972274,36.02502306287485,5.87,4.4,1.0,1.0,0.5,0.5,0.0
778256,2025,2025-04-19,mlb,NYM,STL,44.13496149211463,35.44000594157538,3.02,4.21,0.0,0.0,0.6,0.5,1.0
778112,2025,2025-04-30,mlb,PIT,CHC,33.19030182341987,46.04348923947511,3.55,3.21,0.0,0.0,0.3,0.6,1.0
778113,2025,2025-04-30,mlb,TBR,KCR,39.481233720516585,37.56754839015402,2.76,2.99,0.0,0.0,0.6,0.7,0.0
778019,2025,2025-05-07,mlb,NYY,SDP,48.53709649627505,39.95208039441178,2.86,4.55,0.0,0.0,0.5,0.6,1.0
778023,2025,2025-05-07,mlb,ATL,CIN,38.84710898652087,37.42971480330227,3.99,2.76,0.0,0.0,0.6,0.4,0.0
778011,2025,2025-05-07,mlb,MIN,BAL,34.49429336383309,32.680558253621186,4.04,5.83,0.0,0.0,0.6,0.3,1.0
778012,2025,2025-05-07,mlb,KCR,CHW,37.56754839015402,32.93310700606492,3.86,5.82,0.0,0.0,0.8,0.4,1.0
778013,2025,2025-05-07,mlb,COL,DET,32.21076176814514,41.930332091578485,6.52,4.22,2.0,2.0,0.2,0.7,0.0
778009,2025,2025-05-07,mlb,LAA,TOR,35.95784812425046,43.134335054091295,3.99,4.17,0.0,0.0,0.2,0.4,1.0
778007,2025,2025-05-08,mlb,MIN,BAL,34.49429336383309,32.680558253621186,5.1,4.19,0.0,0.0,0.6,0.3,1.0
778006,2025,2025-05-08,mlb,BOS,TEX,40.85080185053196,36.02502306287485,3.35,3.86,0.0,0.0,0.5,0.3,1.0
778008,2025,2025-05-08,mlb,KCR,CHW,37.56754839015402,32.93310700606492,2.55,4.1,0.0,0.0,0.8,0.3,1.0
778004,2025,2025-05-08,mlb,COL,DET,32.21076176814514,41.930332091578485,4.98,3.87,0.0,0.0,0.2,0.7,0.0
778005,2025,2025-05-08,mlb,TBR,PHI,39.481233720516585,46.07852610677368,3.86,3.92,0.0,0.0,0.4,0.8,0.0
778003,2025,2025-05-08,mlb,ATL,CIN,38.84710898652087,37.42971480330227,3.09,3.33,0.0,0.0,0.5,0.4,1.0
778000,2025,2025-05-08,mlb,LAA,TOR,35.95784812425046,43.134335054091295,4.26,3.96,0.0,0.0,0.3,0.3,0.0
777999,2025,2025-05-08,mlb,ARI,LAD,40.826578178179695,44.479785357282616,5.25,2.49,0.0,0.0,0.5,0.8,1.0
778021,2025,2025-05-07,mlb,TBR,PHI,39.481233720516585,46.07852610677368,4.87,2.5,0.0,0.0,0.5,0.7,0.0
777996,2025,2025-05-09,mlb,DET,TEX,41.930332091578485,36.02502306287485,2.21,4.4,0.0,0.0,0.6666666666666666,0.3,1.0
778018,2025,2025-05-07,mlb,BOS,TEX,40.85080185053196,36.02502306287485,8.04,2.18,0.0,0.0,0.4,0.3,1.0
778014,2025,2025-05-07,mlb,ARI,NYM,40.826578178179695,44.13496149211463,3.52,3.02,0.0,0.0,0.5,0.4,0.0
778034,2025,2025-05-06,mlb,ATL,CIN,38.84710898652087,37.42971480330227,2.58,2.87,0.0,0.0,0.6,0.5,1.0
778027,2025,2025-05-06,mlb,CHC,SFG,46.04348923947511,40.864388309944545,3.95,3.85,0.0,0.0,0.6,0.5,0.0
778028,2025,2025-05-06,mlb,MIN,BAL,34.49429336383309,32.680558253621186,2.74,5.21,1.0,1.0,0.6,0.4,1.0
778033,2025,2025-05-06,mlb,KCR,CHW,37.56754839015402,32.93310700606492,4.15,4.22,0.0,0.0,0.8,0.4,1.0
778031,2025,2025-05-06,mlb,MIL,HOU,40.99706517824004,38.34791246492824,3.53,4.5,0.0,0.0,0.5,0.4,1.0
778030,2025,2025-05-06,mlb,STL,PIT,35.44000594157538,33.19030182341987,4.21,1.97,0.0,0.0,0.6,0.2,1.0
778025,2025,2025-05-06,mlb,LAA,TOR,35.95784812425046,43.134335054091295,4.56,4.58,1.0,1.0,0.2,0.4,1.0
778032,2025,2025-05-06,mlb,ARI,NYM,40.826578178179695,44.13496149211463,4.83,4.22,0.0,0.0,0.4,0.5,1.0
778024,2025,2025-05-06,mlb,ATH,SEA,41.83351239972274,48.17227508833325,4.11,4.9,0.0,0.0,0.7,0.7,0.0
778029,2025,2025-05-08,mlb,COL,DET,32.21076176814514,41.930332091578485,6.52,4.22,0.0,0.0,0.2,0.7,
778022,2025,2025-05-07,mlb,WSN,CLE,34.519895280554,35.133293372400495,4.52,4.25,0.0,0.0,0.5,0.6,0.0
778015,2025,2025-05-07,mlb,MIL,HOU,40.99706517824004,38.34791246492824,3.32,3.66,0.0,0.0,0.6,0.4,0.0
778016,2025,2025-05-07,mlb,STL,PIT,35.44000594157538,33.19030182341987,4.28,4.19,0.0,0.0,0.6,0.1,1.0
778020,2025,2025-05-07,mlb,CHC,SFG,46.04348923947511,40.864388309944545,5.92,3.65,0.0,0.0,0.5,0.6,0.0
778010,2025,2025-05-07,mlb,ATH,SEA,41.83351239972274,48.17227508833325,6.4,2.94,0.0,0.0,0.7,0.7,0.0
778017,2025,2025-05-07,mlb,MIA,LAD,35.446382737010744,44.479785357282616,4.65,4.89,0.0,0.0,0.2,0.8,0.0
777998,2025,2025-05-09,mlb,PIT,ATL,33.19030182341987,38.84710898652087,4.45,5.3,1.0,0.0,0.1,0.6,1.0
777995,2025,2025-05-09,mlb,WSN,STL,34.519895280554,35.44000594157538,5.68,5.49,1.0,1.0,0.4,0.7,0.0
778002,2025,2025-05-09,mlb,TBR,MIL,39.481233720516585,40.99706517824004,3.81,3.96,0.0,1.0,0.3,0.6,1.0
777982,2025,2025-05-10,mlb,NYM,CHC,44.13496149211463,46.04348923947511,3.95,2.07,0.0,0.0,0.5,0.5,0.0
777974,2025,2025-05-10,mlb,MIN,SFG,34.49429336383309,40.864388309944545,3.42,3.22,0.0,0.0,0.6,0.5,1.0
777975,2025,2025-05-10,mlb,ARI,LAD,40.826578178179695,44.479785357282616,2.66,4.96,0.0,0.0,0.5,0.7,1.0
777976,2025,2025-05-10,mlb,COL,SDP,32.21076176814514,39.95208039441178,9.36,3.51,0.0,0.0,0.2222222222222222,0.7,0.0
777973,2025,2025-05-10,mlb,LAA,BAL,35.95784812425046,32.680558253621186,6.81,16.78,0.0,0.0,0.3,0.4,1.0
777970,2025,2025-05-10,mlb,SEA,TOR,48.17227508833325,43.134335054091295,4.32,6.05,0.0,0.0,0.7,0.5,0.0
777968,2025,2025-05-11,mlb,NYM,CHC,44.13496149211463,46.04348923947511,3.77,3.21,0.0,0.0,0.4,0.5,1.0
777962,2025,2025-05-11,mlb,WSN,STL,34.519895280554,35.44000594157538,4.17,4.84,0.0,0.0,0.4,0.8,0.0
777967,2025,2025-05-11,mlb,PIT,ATL,33.19030182341987,38.84710898652087,3.55,2.58,0.0,0.0,0.2,0.5,1.0
777969,2025,2025-05-11,mlb,DET,TEX,41.930332091578485,36.02502306287485,3.15,1.73,0.0,0.0,0.7777777777777778,0.3,0.0
777964,2025,2025-05-11,mlb,TBR,MIL,39.481233720516585,40.99706517824004,2.76,3.53,0.0,0.0,0.4,0.4,0.0
777963,2025,2025-05-11,mlb,HOU,CIN,38.34791246492824,37.42971480330227,4.1,19.5,0.0,0.0,0.4,0.4,1.0
777965,2025,2025-05-11,mlb,KCR,BOS,37.56754839015402,40.85080185053196,4.15,3.41,0.0,0.0,0.8,0.4,0.0
777956,2025,2025-05-11,mlb,MIN,SFG,34.49429336383309,40.864388309944545,2.74,3.8,0.0,0.0,0.7,0.5,1.0
777966,2025,2025-05-11,mlb,CHW,MIA,32.93310700606492,35.446382737010744,4.22,5.36,0.0,0.0,0.4,0.3,1.0
777978,2025,2025-05-10,mlb,CHW,MIA,32.93310700606492,35.446382737010744,3.81,3.53,0.0,0.0,0.4,0.2,0.0
777977,2025,2025-05-10,mlb,KCR,BOS,37.56754839015402,40.85080185053196,4.67,2.59,0.0,0.0,0.9,0.4,0.0
777979,2025,2025-05-10,mlb,HOU,CIN,38.34791246492824,37.42971480330227,6.51,4.03,0.0,0.0,0.5,0.3,0.0
777983,2025,2025-05-10,mlb,CLE,PHI,35.133293372400495,46.07852610677368,4.24,3.2,0.0,0.0,0.8,0.7,0.0
778001,2025,2025-05-09,mlb,NYM,CHC,44.13496149211463,46.04348923947511,3.53,3.68,1.0,1.0,0.5,0.5,1.0
777997,2025,2025-05-09,mlb,CLE,PHI,35.133293372400495,46.07852610677368,3.06,6.01,1.0,0.0,0.7,0.8,1.0
777990,2025,2025-05-09,mlb,KCR,BOS,37.56754839015402,40.85080185053196,4.64,4.13,0.0,0.0,0.9,0.5,1.0
777991,2025,2025-05-09,mlb,CHW,MIA,32.93310700606492,35.446382737010744,6.65,4.73,0.0,1.0,0.3,0.2,1.0
777989,2025,2025-05-09,mlb,HOU,CIN,38.34791246492824,37.42971480330227,2.43,4.45,1.0,0.0,0.5,0.3,1.0
777992,2025,2025-05-09,mlb,MIN,SFG,34.49429336383309,40.864388309944545,5.35,6.95,0.0,1.0,0.6,0.6,1.0
777993,2025,2025-05-09,mlb,COL,SDP,32.21076176814514,39.95208039441178,6.65,3.84,0.0,1.0,0.2222222222222222,0.6,0.0
778041,2025,2025-05-06,mlb,NYY,SDP,48.53709649627505,39.95208039441178,3.32,3.44,0.0,0.0,0.4,0.6,1.0
777986,2025,2025-05-09,mlb,LAA,BAL,35.95784812425046,32.680558253621186,4.76,4.64,0.0,0.0,0.3,0.3,0.0
777984,2025,2025-05-09,mlb,SEA,TOR,48.17227508833325,43.134335054091295,3.54,3.59,1.0,0.0,0.8,0.4,0.0
777994,2025,2025-05-09,mlb,ATH,NYY,41.83351239972274,48.53709649627505,5.87,4.44,1.0,1.0,0.6,0.5,0.0
777980,2025,2025-05-10,mlb,WSN,STL,34.519895280554,35.44000594157538,6.21,5.31,0.0,0.0,0.4,0.8,0.0
777985,2025,2025-05-10,mlb,PIT,ATL,33.19030182341987,38.84710898652087,5.52,3.86,0.0,0.0,0.2,0.5,0.0
777972,2025,2025-05-10,mlb,ATH,NYY,41.83351239972274,48.53709649627505,5.04,3.09,0.0,0.0,0.5,0.5,1.0
777981,2025,2025-05-10,mlb,TBR,MIL,39.481233720516585,40.99706517824004,5.05,3.55,0.0,0.0,0.3,0.5,1.0
777987,2025,2025-05-10,mlb,DET,TEX,41.930332091578485,36.02502306287485,4.64,2.97,0.0,0.0,0.7777777777777778,0.3,0.0
777988,2025,2025-05-09,mlb,ARI,LAD,40.826578178179695,44.479785357282616,5.02,4.46,0.0,0.0,0.5,0.7,0.0
778118,2025,2025-04-30,mlb,PHI,WSN,46.07852610677368,34.519895280554,2.5,5.7,0.0,0.0,0.5,0.5555555555555556,1.0
778040,2025,2025-05-06,mlb,TBR,PHI,39.481233720516585,46.07852610677368,2.76,2.71,1.0,1.0,0.6,0.6,0.0
778035,2025,2025-05-06,mlb,MIA,LAD,35.446382737010744,44.479785357282616,6.04,5.0,0.0,0.0,0.2,0.8,1.0
778088,2025,2025-05-02,mlb,NYY,TBR,48.53709649627505,39.481233720516585,2.86,3.86,1.0,0.0,0.5,0.5,1.0
778081,2025,2025-05-02,mlb,TOR,CLE,43.134335054091295,35.133293372400495,3.96,4.25,0.0,0.0,0.3,0.6,1.0
778089,2025,2025-05-02,mlb,BOS,MIN,40.85080185053196,34.49429336383309,3.35,3.42,0.0,0.0,0.5,0.6,1.0
778091,2025,2025-05-02,mlb,MIA,ATH,35.446382737010744,41.83351239972274,4.65,6.4,1.0,0.0,0.4,0.7,0.0
778092,2025,2025-05-02,mlb,ATL,LAD,38.84710898652087,44.479785357282616,3.99,2.49,1.0,1.0,0.7,0.6,0.0
778079,2025,2025-05-02,mlb,CHW,HOU,32.93310700606492,38.34791246492824,5.82,3.66,0.0,1.0,0.3,0.6,1.0
778083,2025,2025-05-02,mlb,TEX,SEA,36.02502306287485,48.17227508833325,3.86,2.94,0.0,1.0,0.3,0.8,0.0
778080,2025,2025-05-02,mlb,MIL,CHC,40.99706517824004,46.04348923947511,4.98,5.92,0.0,0.0,0.4,0.6,0.0
778084,2025,2025-05-02,mlb,STL,NYM,35.44000594157538,44.13496149211463,4.28,3.53,0.0,0.0,0.5,0.6,0.0
778085,2025,2025-05-02,mlb,LAA,DET,35.95784812425046,41.930332091578485,4.26,2.21,0.0,0.0,0.2,0.7,0.0
778082,2025,2025-05-02,mlb,SFG,COL,40.864388309944545,32.21076176814514,3.65,6.65,0.0,0.0,0.5,0.2,1.0
778074,2025,2025-05-03,mlb,NYY,TBR,48.53709649627505,39.481233720516585,4.36,3.81,0.0,0.0,0.5,0.5,0.0
778066,2025,2025-05-03,mlb,CHW,HOU,32.93310700606492,38.34791246492824,4.1,2.43,0.0,0.0,0.4,0.6,0.0
778064,2025,2025-05-03,mlb,TOR,CLE,43.134335054091295,35.133293372400495,3.59,3.06,0.0,0.0,0.4,0.5,0.0
778065,2025,2025-05-03,mlb,PIT,SDP,33.19030182341987,39.95208039441178,4.45,3.84,0.0,0.0,0.4,0.5,0.0
778093,2025,2025-05-02,mlb,BAL,KCR,32.680558253621186,37.56754839015402,4.19,3.86,1.0,0.0,0.3,0.9,1.0
778069,2025,2025-05-03,mlb,SFG,COL,40.864388309944545,32.21076176814514,6.95,9.36,0.0,0.0,0.5,0.2,1.0
778086,2025,2025-05-02,mlb,PHI,ARI,46.07852610677368,40.826578178179695,3.92,3.52,0.0,0.0,0.4,0.5,1.0
778087,2025,2025-05-02,mlb,CIN,WSN,37.42971480330227,34.519895280554,2.76,5.68,0.0,0.0,0.6,0.5,1.0
778114,2025,2025-04-30,mlb,TOR,BOS,43.134335054091295,40.85080185053196,3.08,3.41,0.0,0.0,0.2,0.6,1.0
778117,2025,2025-04-30,mlb,NYM,ARI,44.13496149211463,40.826578178179695,3.57,2.66,0.0,0.0,0.8,0.3,0.0
778111,2025,2025-04-30,mlb,CHW,MIL,32.93310700606492,40.99706517824004,3.81,3.55,0.0,0.0,0.3,0.4,0.0
778106,2025,2025-04-30,mlb,TEX,ATH,36.02502306287485,41.83351239972274,1.73,4.54,0.0,0.0,0.4,0.6,0.0
778100,2025,2025-05-01,mlb,PIT,CHC,33.19030182341987,46.04348923947511,1.97,3.95,0.0,0.0,0.4,0.6,0.0
778107,2025,2025-05-01,mlb,CIN,STL,37.42971480330227,35.44000594157538,2.87,4.21,0.0,0.0,0.6,0.5,1.0
778103,2025,2025-05-01,mlb,NYM,ARI,44.13496149211463,40.826578178179695,3.02,4.83,0.0,0.0,0.7,0.4,0.0
778097,2025,2025-05-01,mlb,TBR,KCR,39.481233720516585,37.56754839015402,4.87,4.15,0.0,0.0,0.6,0.8,0.0
778108,2025,2025-05-01,mlb,CLE,MIN,35.133293372400495,34.49429336383309,3.22,4.04,0.0,0.0,0.6,0.6,1.0
778094,2025,2025-05-01,mlb,CHW,MIL,32.93310700606492,40.99706517824004,4.22,3.53,0.0,0.0,0.3,0.5,1.0
778096,2025,2025-05-01,mlb,TEX,ATH,36.02502306287485,41.83351239972274,2.18,4.11,0.0,0.0,0.3,0.6,0.0
778099,2025,2025-05-01,mlb,PHI,WSN,46.07852610677368,34.519895280554,4.08,4.34,0.0,0.0,0.5,0.4444444444444444,0.0
778095,2025,2025-05-01,mlb,TOR,BOS,43.134335054091295,40.85080185053196,4.17,8.04,0.0,0.0,0.2,0.5,1.0
778101,2025,2025-05-01,mlb,LAA,DET,35.95784812425046,41.930332091578485,3.99,3.87,0.0,0.0,0.2,0.6,0.0
778098,2025,2025-05-01,mlb,SFG,COL,40.864388309944545,32.21076176814514,3.85,4.98,0.0,0.0,0.5,0.1111111111111111,0.0
778090,2025,2025-05-02,mlb,PIT,SDP,33.19030182341987,39.95208039441178,4.19,4.55,0.0,1.0,0.4,0.4,0.0
778073,2025,2025-05-03,mlb,BOS,MIN,40.85080185053196,34.49429336383309,4.13,5.1,0.0,0.0,0.5,0.5,0.0
778075,2025,2025-05-03,mlb,MIA,ATH,35.446382737010744,41.83351239972274,4.73,5.87,0.0,0.0,0.3,0.8,1.0
778078,2025,2025-05-03,mlb,PHI,ARI,46.07852610677368,40.826578178179695,6.01,5.25,0.0,0.0,0.5,0.4,1.0
778050,2025,2025-05-04,mlb,LAA,DET,35.95784812425046,41.930332091578485,6.81,3.15,0.0,0.0,0.2,0.7,0.0
778058,2025,2025-05-04,mlb,CIN,WSN,37.42971480330227,34.519895280554,4.45,4.17,0.0,0.0,0.7,0.4,0.0
778060,2025,2025-05-04,mlb,ATL,LAD,38.84710898652087,44.479785357282616,5.3,4.96,0.0,0.0,0.5,0.7,1.0
778047,2025,2025-05-05,mlb,MIA,LAD,35.446382737010744,44.479785357282616,5.36,2.95,0.0,0.0,0.2,0.7,0.0
778045,2025,2025-05-05,mlb,NYY,SDP,48.53709649627505,39.95208039441178,3.09,2.87,0.0,0.0,0.5,0.6,0.0
778049,2025,2025-05-05,mlb,ATL,CIN,38.84710898652087,37.42971480330227,3.86,4.03,0.0,0.0,0.6,0.6,1.0
778044,2025,2025-05-05,mlb,CHC,SFG,46.04348923947511,40.864388309944545,3.21,3.8,0.0,0.0,0.6,0.6,1.0
778043,2025,2025-05-05,mlb,KCR,CHW,37.56754839015402,32.93310700606492,4.67,3.81,0.0,0.0,0.8,0.5,1.0
778042,2025,2025-05-05,mlb,MIL,HOU,40.99706517824004,38.34791246492824,3.55,4.1,0.0,0.0,0.4,0.5,1.0
778036,2025,2025-05-05,mlb,STL,PIT,35.44000594157538,33.19030182341987,4.84,3.55,0.0,0.0,0.6,0.2,1.0
778039,2025,2025-05-05,mlb,ARI,NYM,40.826578178179695,44.13496149211463,3.39,3.77,0.0,0.0,0.4,0.4,0.0
778038,2025,2025-05-05,mlb,ATH,SEA,41.83351239972274,48.17227508833325,4.54,5.68,0.0,0.0,0.7,0.8,1.0
778026,2025,2025-05-06,mlb,WSN,CLE,34.519895280554,35.133293372400495,5.7,4.36,1.0,1.0,0.5,0.6,1.0
778046,2025,2025-05-06,mlb,WSN,CLE,34.519895280554,35.133293372400495,4.34,3.22,0.0,0.0,0.5,0.5,0.0
778048,2025,2025-05-04,mlb,SFG,COL,40.864388309944545,32.21076176814514,3.22,6.7,0.0,0.0,0.6,0.2,1.0
778052,2025,2025-05-04,mlb,TEX,SEA,36.02502306287485,48.17227508833325,2.97,4.32,0.0,0.0,0.2,0.8,1.0
778054,2025,2025-05-04,mlb,MIL,CHC,40.99706517824004,46.04348923947511,2.7,3.73,0.0,0.0,0.3,0.7,1.0
778055,2025,2025-05-04,mlb,CHW,HOU,32.93310700606492,38.34791246492824,6.65,6.51,0.0,0.0,0.4,0.6,1.0
778077,2025,2025-05-03,mlb,CIN,WSN,37.42971480330227,34.519895280554,3.33,6.21,0.0,0.0,0.7,0.4,0.0
778070,2025,2025-05-03,mlb,TEX,SEA,36.02502306287485,48.17227508833325,4.4,3.54,0.0,0.0,0.2,0.8,0.0
778071,2025,2025-05-03,mlb,MIL,CHC,40.99706517824004,46.04348923947511,3.96,3.68,0.0,0.0,0.4,0.6,0.0
778072,2025,2025-05-03,mlb,BAL,KCR,32.680558253621186,37.56754839015402,4.64,2.55,0.0,0.0,0.4,0.8,0.0
778076,2025,2025-05-03,mlb,ATL,LAD,38.84710898652087,44.479785357282616,3.09,4.46,0.0,0.0,0.6,0.7,0.0
778067,2025,2025-05-03,mlb,LAA,DET,35.95784812425046,41.930332091578485,4.76,4.64,0.0,0.0,0.1,0.7,1.0
778037,2025,2025-05-06,mlb,BOS,TEX,40.85080185053196,36.02502306287485,3.41,1.73,1.0,1.0,0.4,0.3,0.0
778053,2025,2025-05-04,mlb,STL,NYM,35.44000594157538,44.13496149211463,5.49,9.0,1.0,1.0,0.5,0.6,1.0
778062,2025,2025-05-04,mlb,BAL,KCR,32.680558253621186,37.56754839015402,16.78,4.64,0.0,0.0,0.4,0.8,0.0
778051,2025,2025-05-04,mlb,PIT,SDP,33.19030182341987,39.95208039441178,5.52,3.51,0.0,0.0,0.3,0.5,0.0
778063,2025,2025-05-04,mlb,BOS,MIN,40.85080185053196,34.49429336383309,2.59,5.35,0.0,0.0,0.4,0.5,0.0
778057,2025,2025-05-04,mlb,NYY,TBR,48.53709649627505,39.481233720516585,4.44,5.05,0.0,0.0,0.5,0.6,0.0
778056,2025,2025-05-04,mlb,TOR,CLE,43.134335054091295,35.133293372400495,6.05,4.24,0.0,0.0,0.4,0.5,0.0
778061,2025,2025-05-04,mlb,MIA,ATH,35.446382737010744,41.83351239972274,3.53,5.04,0.0,0.0,0.3,0.7,0.0
778059,2025,2025-05-04,mlb,PHI,ARI,46.07852610677368,40.826578178179695,3.2,5.02,0.0,0.0,0.6,0.3,0.0
778068,2025,2025-05-04,mlb,STL,NYM,35.44000594157538,44.13496149211463,5.31,3.95,0.0,0.0,0.5,0.5,1.0
777955,2025,2025-05-11,mlb,COL,SDP,32.21076176814514,39.95208039441178,6.7,2.87,0.0,0.0,0.2222222222222222,0.8,1.0
778254,2025,2025-04-19,mlb,PIT,CLE,33.19030182341987,35.133293372400495,1.97,3.22,0.0,0.0,0.4,0.7,0.0
778258,2025,2025-04-19,mlb,TOR,SEA,43.134335054091295,48.17227508833325,4.17,3.44,0.0,0.0,0.7,0.7,0.0
778462,2025,2025-04-03,mlb,MIN,HOU,34.49429336383309,38.34791246492824,3.42,2.43,0.0,0.0,0.3333333333333333,0.3333333333333333,0.0
778466,2025,2025-04-03,mlb,NYY,ARI,48.53709649627505,40.826578178179695,7.09,3.52,0.0,0.0,0.6,0.6666666666666666,1.0
778468,2025,2025-04-03,mlb,MIL,CIN,40.99706517824004,37.42971480330227,6.29,3.33,0.0,0.0,0.3333333333333333,0.3333333333333333,1.0
778458,2025,2025-04-04,mlb,DET,CHW,41.930332091578485,32.93310700606492,4.64,5.82,1.0,1.0,0.3333333333333333,0.3333333333333333,1.0
778463,2025,2025-04-04,mlb,BOS,STL,40.85080185053196,35.44000594157538,4.93,5.49,0.0,1.0,0.42857142857142855,0.6666666666666666,1.0
778460,2025,2025-04-04,mlb,CHC,SDP,46.04348923947511,39.95208039441178,3.73,3.84,1.0,1.0,0.5555555555555556,1.0,1.0
778465,2025,2025-04-04,mlb,NYM,TOR,44.13496149211463,43.134335054091295,3.95,3.59,1.0,1.0,0.5,0.7142857142857143,1.0
778456,2025,2025-04-04,mlb,COL,ATH,32.21076176814514,41.83351239972274,4.75,5.87,0.0,1.0,0.16666666666666666,0.2857142857142857,0.0
778461,2025,2025-04-04,mlb,PIT,NYY,33.19030182341987,48.53709649627505,4.19,2.86,1.0,0.0,0.2857142857142857,0.6666666666666666,0.0
778444,2025,2025-04-04,mlb,SFG,SEA,40.864388309944545,48.17227508833325,3.85,7.71,1.0,1.0,0.8333333333333334,0.42857142857142855,1.0
778457,2025,2025-04-04,mlb,WSN,ARI,34.519895280554,40.826578178179695,5.7,5.25,1.0,0.0,0.16666666666666666,0.5714285714285714,0.0
778459,2025,2025-04-04,mlb,PHI,LAD,46.07852610677368,44.479785357282616,3.92,2.49,0.0,1.0,0.8333333333333334,1.0,1.0
778464,2025,2025-04-04,mlb,ATL,MIA,38.84710898652087,35.446382737010744,3.09,4.73,1.0,1.0,0.0,0.5714285714285714,1.0
778455,2025,2025-04-04,mlb,KCR,BAL,37.56754839015402,32.680558253621186,4.15,4.19,1.0,0.0,0.3333333333333333,0.42857142857142855,1.0
778454,2025,2025-04-04,mlb,TEX,TBR,36.02502306287485,39.481233720516585,2.18,3.81,1.0,1.0,0.7142857142857143,0.6666666666666666,1.0
778467,2025,2025-04-03,mlb,PHI,COL,46.07852610677368,32.21076176814514,4.08,6.65,0.0,0.0,0.8,0.2,1.0
778453,2025,2025-04-04,mlb,MIL,CIN,40.99706517824004,37.42971480330227,4.98,4.45,0.0,0.0,0.42857142857142855,0.2857142857142857,1.0
778470,2025,2025-04-03,mlb,BAL,BOS,32.680558253621186,40.85080185053196,5.83,8.04,0.0,0.0,0.5,0.3333333333333333,0.0
778484,2025,2025-04-02,mlb,NYY,ARI,48.53709649627505,40.826578178179695,3.09,4.83,0.0,0.0,0.75,0.6,0.0
778494,2025,2025-04-01,mlb,ATH,CHC,41.83351239972274,46.04348923947511,4.54,4.76,0.0,0.0,0.4,0.42857142857142855,0.0
778487,2025,2025-04-01,mlb,LAD,ATL,44.479785357282616,38.84710898652087,4.96,2.58,0.0,0.0,1.0,0.0,1.0
778480,2025,2025-04-02,mlb,CIN,TEX,37.42971480330227,36.02502306287485,2.76,3.86,0.0,0.0,0.4,0.6666666666666666,0.0
778479,2025,2025-04-02,mlb,TBR,PIT,39.481233720516585,33.19030182341987,3.86,1.97,0.0,0.0,0.8,0.16666666666666666,0.0
778477,2025,2025-04-02,mlb,MIL,KCR,40.99706517824004,37.56754839015402,2.7,4.67,0.0,0.0,0.2,0.4,1.0
778473,2025,2025-04-02,mlb,STL,LAA,35.44000594157538,35.95784812425046,4.28,3.99,0.0,0.0,0.6,0.8,1.0
778474,2025,2025-04-02,mlb,CHW,MIN,32.93310700606492,34.49429336383309,4.22,2.74,0.0,0.0,0.4,0.2,0.0
778478,2025,2025-04-02,mlb,TOR,WSN,43.134335054091295,34.519895280554,6.66,4.17,0.0,0.0,0.6666666666666666,0.2,1.0
778471,2025,2025-04-02,mlb,ATH,CHC,41.83351239972274,46.04348923947511,4.11,3.68,0.0,0.0,0.3333333333333333,0.5,0.0
778476,2025,2025-04-02,mlb,SDP,CLE,39.95208039441178,35.133293372400495,4.55,3.22,0.0,0.0,1.0,0.4,1.0
778469,2025,2025-04-02,mlb,SEA,DET,48.17227508833325,41.930332091578485,3.54,2.21,0.0,0.0,0.3333333333333333,0.4,1.0
778475,2025,2025-04-02,mlb,HOU,SFG,38.34791246492824,40.864388309944545,3.66,3.8,0.0,0.0,0.4,0.8,0.0
778481,2025,2025-04-02,mlb,MIA,NYM,35.446382737010744,44.13496149211463,8.65,3.53,0.0,0.0,0.6666666666666666,0.4,0.0
778483,2025,2025-04-02,mlb,BAL,BOS,32.680558253621186,40.85080185053196,5.93,2.59,1.0,1.0,0.6,0.2,0.0
778482,2025,2025-04-02,mlb,PHI,COL,46.07852610677368,32.21076176814514,2.71,4.98,1.0,1.0,0.75,0.25,1.0
778472,2025,2025-04-02,mlb,LAD,ATL,44.479785357282616,38.84710898652087,2.35,5.3,0.0,0.0,1.0,0.0,1.0
778447,2025,2025-04-04,mlb,LAA,CLE,35.95784812425046,35.133293372400495,4.26,3.06,1.0,1.0,0.6666666666666666,0.3333333333333333,0.0
778445,2025,2025-04-05,mlb,DET,CHW,41.930332091578485,32.93310700606492,3.15,4.1,0.0,0.0,0.42857142857142855,0.2857142857142857,1.0
778440,2025,2025-04-05,mlb,MIN,HOU,34.49429336383309,38.34791246492824,5.1,5.35,1.0,1.0,0.2857142857142857,0.42857142857142855,1.0
778422,2025,2025-04-06,mlb,KCR,BAL,37.56754839015402,32.680558253621186,2.55,5.21,0.0,0.0,0.375,0.4444444444444444,1.0
778419,2025,2025-04-06,mlb,MIN,HOU,34.49429336383309,38.34791246492824,5.35,4.1,0.0,0.0,0.375,0.375,0.0
778421,2025,2025-04-06,mlb,MIL,CIN,40.99706517824004,37.42971480330227,3.53,6.08,0.0,0.0,0.4444444444444444,0.3333333333333333,1.0
778430,2025,2025-04-06,mlb,CHC,SDP,46.04348923947511,39.95208039441178,5.92,5.86,0.0,0.0,0.7,0.7777777777777778,0.0
778420,2025,2025-04-06,mlb,TEX,TBR,36.02502306287485,39.481233720516585,5.74,2.76,0.0,0.0,0.7777777777777778,0.5,1.0
778423,2025,2025-04-06,mlb,COL,ATH,32.21076176814514,41.83351239972274,6.52,9.82,0.0,0.0,0.125,0.4444444444444444,1.0
778427,2025,2025-04-06,mlb,SFG,SEA,40.864388309944545,48.17227508833325,6.95,2.94,0.0,0.0,0.875,0.3333333333333333,1.0
778425,2025,2025-04-06,mlb,LAA,CLE,35.95784812425046,35.133293372400495,4.56,4.36,0.0,0.0,0.625,0.375,1.0
778431,2025,2025-08-09,mlb,ATL,MIA,38.84710898652087,35.446382737010744,3.99,5.36,0.0,0.0,0.4,0.6,
778424,2025,2025-04-07,mlb,DET,NYY,41.930332091578485,48.53709649627505,3.87,3.09,0.0,0.0,0.5555555555555556,0.6666666666666666,1.0
778415,2025,2025-04-07,mlb,PIT,STL,33.19030182341987,35.44000594157538,3.55,4.21,0.0,0.0,0.3,0.4444444444444444,1.0
778418,2025,2025-04-07,mlb,WSN,LAD,34.519895280554,44.479785357282616,4.17,4.96,0.0,0.0,0.3333333333333333,0.8,1.0
778426,2025,2025-04-07,mlb,BOS,TOR,40.85080185053196,43.134335054091295,5.0,4.17,0.0,0.0,0.6,0.5,0.0
778416,2025,2025-04-07,mlb,NYM,MIA,44.13496149211463,35.446382737010744,3.02,4.65,0.0,1.0,0.6666666666666666,0.5555555555555556,1.0
778411,2025,2025-04-07,mlb,CHC,TEX,46.04348923947511,36.02502306287485,4.76,1.73,0.0,0.0,0.7,0.8,1.0
778433,2025,2025-04-06,mlb,DET,CHW,41.930332091578485,32.93310700606492,4.22,3.54,0.0,0.0,0.5,0.25,1.0
778435,2025,2025-04-06,mlb,NYM,TOR,44.13496149211463,43.134335054091295,4.22,6.05,0.0,0.0,0.625,0.5555555555555556,1.0
778428,2025,2025-04-06,mlb,PIT,NYY,33.19030182341987,48.53709649627505,5.52,4.44,0.0,0.0,0.2222222222222222,0.75,1.0
778434,2025,2025-04-06,mlb,PHI,LAD,46.07852610677368,44.479785357282616,2.5,3.19,0.0,0.0,0.75,0.9,1.0
778450,2025,2025-04-05,mlb,CHC,SDP,46.04348923947511,39.95208039441178,3.21,2.87,0.0,0.0,0.6,0.875,1.0
778452,2025,2025-04-05,mlb,WSN,ARI,34.519895280554,40.826578178179695,5.68,5.02,0.0,0.0,0.14285714285714285,0.625,1.0
778448,2025,2025-04-05,mlb,PHI,LAD,46.07852610677368,44.479785357282616,6.01,4.46,0.0,0.0,0.8571428571428571,0.8888888888888888,0.0
778449,2025,2025-04-05,mlb,PIT,NYY,33.19030182341987,48.53709649627505,4.45,6.23,0.0,0.0,0.25,0.7142857142857143,0.0
778441,2025,2025-04-05,mlb,KCR,BAL,37.56754839015402,32.680558253621186,3.86,4.64,0.0,0.0,0.42857142857142855,0.375,0.0
778438,2025,2025-04-05,mlb,TEX,TBR,36.02502306287485,39.481233720516585,2.97,5.05,0.0,0.0,0.75,0.5714285714285714,1.0
778446,2025,2025-04-05,mlb,NYM,TOR,44.13496149211463,43.134335054091295,3.77,3.96,0.0,0.0,0.5714285714285714,0.625,1.0
778486,2025,2025-04-01,mlb,SEA,DET,48.17227508833325,41.930332091578485,3.44,3.87,0.0,0.0,0.4,0.25,0.0
778439,2025,2025-04-05,mlb,MIL,CIN,40.99706517824004,37.42971480330227,9.15,4.03,0.0,0.0,0.5,0.25,0.0
778442,2025,2025-04-05,mlb,COL,ATH,32.21076176814514,41.83351239972274,6.7,5.04,0.0,0.0,0.14285714285714285,0.375,0.0
778436,2025,2025-04-05,mlb,SFG,SEA,40.864388309944545,48.17227508833325,3.65,5.68,0.0,0.0,0.8571428571428571,0.375,1.0
778437,2025,2025-04-05,mlb,LAA,CLE,35.95784812425046,35.133293372400495,6.81,4.24,0.0,0.0,0.5714285714285714,0.42857142857142855,1.0
778429,2025,2025-04-06,mlb,WSN,ARI,34.519895280554,40.826578178179695,6.21,2.66,0.0,0.0,0.25,0.5555555555555556,1.0
778443,2025,2025-04-06,mlb,BOS,STL,40.85080185053196,35.44000594157538,2.73,5.31,1.0,1.0,0.5,0.5714285714285714,1.0
778432,2025,2025-04-06,mlb,BOS,STL,40.85080185053196,35.44000594157538,4.13,4.84,0.0,0.0,0.5555555555555556,0.5,1.0
778451,2025,2025-04-05,mlb,ATL,MIA,38.84710898652087,35.446382737010744,3.86,6.04,0.0,0.0,0.125,0.5,0.0
778412,2025,2025-04-07,mlb,KCR,MIN,37.56754839015402,34.49429336383309,4.64,4.04,0.0,0.0,0.4444444444444444,0.3333333333333333,1.0
778485,2025,2025-04-01,mlb,SDP,CLE,39.95208039441178,35.133293372400495,3.44,4.25,0.0,0.0,1.0,0.5,1.0
778495,2025,2025-04-01,mlb,STL,LAA,35.44000594157538,35.95784812425046,4.21,4.76,0.0,0.0,0.75,0.75,0.0
778518,2025,2025-03-28,mlb,HOU,NYM,38.34791246492824,44.13496149211463,2.43,3.95,0.0,0.0,1.0,0.0,0.0
778543,2025,2025-03-28,mlb,ARI,CHC,40.826578178179695,46.04348923947511,3.52,3.68,0.0,0.0,0.0,0.3333333333333333,1.0
778541,2025,2025-03-28,mlb,SEA,ATH,48.17227508833325,41.83351239972274,3.54,4.11,0.0,0.0,1.0,0.0,0.0
778542,2025,2025-03-28,mlb,SDP,ATL,39.95208039441178,38.84710898652087,4.55,5.4,0.0,0.0,1.0,0.0,1.0
778544,2025,2025-03-28,mlb,LAD,DET,44.479785357282616,41.930332091578485,2.49,4.64,0.0,0.0,1.0,0.0,1.0
778538,2025,2025-03-29,mlb,NYY,MIL,48.53709649627505,40.99706517824004,2.86,6.29,1.0,1.0,1.0,0.0,1.0
778534,2025,2025-03-29,mlb,CHW,LAA,32.93310700606492,35.95784812425046,5.82,4.26,1.0,1.0,1.0,0.0,0.0
778528,2025,2025-03-29,mlb,STL,MIN,35.44000594157538,34.49429336383309,5.49,3.42,1.0,1.0,1.0,0.0,1.0
778536,2025,2025-03-29,mlb,TOR,BAL,43.134335054091295,32.680558253621186,5.19,4.19,0.0,0.0,0.5,0.5,0.0
778535,2025,2025-03-29,mlb,WSN,PHI,34.519895280554,46.07852610677368,5.7,3.92,1.0,1.0,0.0,1.0,0.0
778529,2025,2025-03-29,mlb,KCR,CLE,37.56754839015402,35.133293372400495,4.15,3.06,1.0,1.0,0.0,1.0,1.0
778540,2025,2025-03-29,mlb,CIN,SFG,37.42971480330227,40.864388309944545,3.33,3.85,1.0,1.0,0.0,1.0,1.0
778537,2025,2025-03-29,mlb,TBR,COL,39.481233720516585,32.21076176814514,3.81,6.65,0.0,0.0,1.0,0.0,0.0
778539,2025,2025-03-29,mlb,MIA,PIT,35.446382737010744,33.19030182341987,4.65,4.45,0.0,0.0,0.5,0.5,1.0
778531,2025,2025-03-29,mlb,TEX,BOS,36.02502306287485,40.85080185053196,2.18,4.93,0.0,0.0,0.5,0.5,1.0
778550,2025,2025-03-28,mlb,TEX,BOS,36.02502306287485,40.85080185053196,3.86,8.04,0.0,0.0,0.0,1.0,1.0
778530,2025,2025-03-29,mlb,HOU,NYM,38.34791246492824,44.13496149211463,5.35,3.77,0.0,0.0,0.5,0.5,1.0
778548,2025,2025-03-28,mlb,MIA,PIT,35.446382737010744,33.19030182341987,8.65,4.19,0.0,0.0,1.0,0.0,0.0
778560,2025,2025-03-28,mlb,TBR,COL,39.481233720516585,32.21076176814514,3.86,4.98,,,,,1.0
778564,2025,2025-03-19,mlb,CHC,LAD,46.04348923947511,44.479785357282616,4.76,4.46,0.0,0.0,0.0,1.0,0.0
778557,2025,2025-03-27,mlb,NYY,MIL,48.53709649627505,40.99706517824004,3.09,2.7,,,,,1.0
778556,2025,2025-03-27,mlb,TOR,BAL,43.134335054091295,32.680558253621186,4.17,5.93,,,,,0.0
778553,2025,2025-03-27,mlb,TEX,BOS,36.02502306287485,40.85080185053196,1.73,2.59,,,,,0.0
778555,2025,2025-03-27,mlb,WSN,PHI,34.519895280554,46.07852610677368,4.17,2.71,,,,,0.0
778558,2025,2025-03-27,mlb,KCR,CLE,37.56754839015402,35.133293372400495,4.67,3.22,,,,,0.0
778559,2025,2025-03-27,mlb,HOU,NYM,38.34791246492824,44.13496149211463,3.66,3.53,,,,,1.0
778561,2025,2025-03-27,mlb,CIN,SFG,37.42971480330227,40.864388309944545,2.76,3.22,,,,,0.0
778545,2025,2025-03-27,mlb,SDP,ATL,39.95208039441178,38.84710898652087,3.44,2.58,,,,,1.0
778554,2025,2025-03-27,mlb,CHW,LAA,32.93310700606492,35.95784812425046,4.22,3.99,,,,,1.0
778562,2025,2025-03-27,mlb,MIA,PIT,35.446382737010744,33.19030182341987,5.36,1.97,,,,,1.0
778551,2025,2025-03-27,mlb,STL,MIN,35.44000594157538,34.49429336383309,4.28,2.74,,,,,1.0
778546,2025,2025-03-27,mlb,LAD,DET,44.479785357282616,41.930332091578485,2.35,2.21,7.0,,1.0,,1.0
778552,2025,2025-03-27,mlb,ARI,CHC,40.826578178179695,46.04348923947511,4.83,4.76,,7.0,,0.0,0.0
778547,2025,2025-03-27,mlb,SEA,ATH,48.17227508833325,41.83351239972274,3.44,4.54,,,,,1.0
778549,2025,2025-03-28,mlb,TOR,BAL,43.134335054091295,32.680558253621186,3.59,5.83,0.0,0.0,0.0,1.0,1.0
778520,2025,2025-03-29,mlb,SDP,ATL,39.95208039441178,38.84710898652087,3.84,3.09,0.0,0.0,1.0,0.0,1.0
778532,2025,2025-03-29,mlb,ARI,CHC,40.826578178179695,46.04348923947511,5.25,3.73,0.0,0.0,0.5,0.25,0.0
778533,2025,2025-03-29,mlb,LAD,DET,44.479785357282616,41.930332091578485,4.46,3.15,0.0,0.0,1.0,0.0,1.0
778508,2025,2025-03-31,mlb,TBR,PIT,39.481233720516585,33.19030182341987,2.76,3.55,0.0,0.0,0.6666666666666666,0.25,1.0
778507,2025,2025-03-31,mlb,TOR,WSN,43.134335054091295,34.519895280554,6.05,4.52,0.0,0.0,0.5,0.3333333333333333,1.0
778503,2025,2025-03-31,mlb,STL,LAA,35.44000594157538,35.95784812425046,4.84,4.56,0.0,0.0,1.0,0.6666666666666666,0.0
778505,2025,2025-03-31,mlb,HOU,SFG,38.34791246492824,40.864388309944545,4.1,6.95,1.0,0.0,0.6666666666666666,0.6666666666666666,0.0
778499,2025,2025-03-31,mlb,SDP,CLE,39.95208039441178,35.133293372400495,5.86,4.36,0.0,0.0,1.0,0.6666666666666666,1.0
778496,2025,2025-03-31,mlb,SEA,DET,48.17227508833325,41.930332091578485,4.9,4.22,0.0,1.0,0.5,0.0,0.0
778501,2025,2025-03-31,mlb,ATH,CHC,41.83351239972274,46.04348923947511,9.82,5.92,0.0,0.0,0.5,0.3333333333333333,0.0
778500,2025,2025-03-31,mlb,LAD,ATL,44.479785357282616,38.84710898652087,3.19,3.99,1.0,0.0,1.0,0.0,1.0
778498,2025,2025-04-01,mlb,CIN,TEX,37.42971480330227,36.02502306287485,6.08,1.73,0.0,0.0,0.5,0.6,0.0
778497,2025,2025-04-01,mlb,MIA,NYM,35.446382737010744,44.13496149211463,5.36,3.02,0.0,0.0,0.6,0.5,1.0
778493,2025,2025-04-01,mlb,TBR,PIT,39.481233720516585,33.19030182341987,4.87,15.58,0.0,0.0,0.75,0.2,1.0
778492,2025,2025-04-01,mlb,NYY,ARI,48.53709649627505,40.826578178179695,4.44,2.66,1.0,1.0,1.0,0.5,0.0
778491,2025,2025-04-01,mlb,TOR,WSN,43.134335054091295,34.519895280554,4.17,6.21,0.0,0.0,0.6,0.25,1.0
778490,2025,2025-04-01,mlb,CHW,MIN,32.93310700606492,34.49429336383309,3.81,4.04,0.0,0.0,0.5,0.0,0.0
778488,2025,2025-04-01,mlb,MIL,KCR,40.99706517824004,37.56754839015402,3.53,4.64,0.0,0.0,0.0,0.5,1.0
778509,2025,2025-03-31,mlb,MIA,NYM,35.446382737010744,44.13496149211463,6.04,4.22,0.0,1.0,0.75,0.3333333333333333,0.0
778511,2025,2025-03-31,mlb,CIN,TEX,37.42971480330227,36.02502306287485,4.03,5.74,0.0,0.0,0.3333333333333333,0.75,1.0
778502,2025,2025-03-31,mlb,PHI,COL,46.07852610677368,32.21076176814514,2.5,6.7,0.0,0.0,0.6666666666666666,0.3333333333333333,1.0
778512,2025,2025-03-31,mlb,BAL,BOS,32.680558253621186,40.85080185053196,5.21,2.73,0.0,0.0,0.5,0.25,1.0
778521,2025,2025-03-29,mlb,SEA,ATH,48.17227508833325,41.83351239972274,5.68,5.87,0.0,0.0,0.5,0.5,0.0
778526,2025,2025-03-30,mlb,WSN,PHI,34.519895280554,46.07852610677368,5.68,6.01,0.0,0.0,0.0,1.0,1.0
778523,2025,2025-03-30,mlb,NYY,MIL,48.53709649627505,40.99706517824004,6.23,4.85,0.0,0.0,1.0,0.0,1.0
778525,2025,2025-03-30,mlb,TOR,BAL,43.134335054091295,32.680558253621186,3.96,4.64,0.0,0.0,0.3333333333333333,0.6666666666666666,1.0
778522,2025,2025-03-30,mlb,CIN,SFG,37.42971480330227,40.864388309944545,4.45,3.65,0.0,0.0,0.5,0.5,0.0
778524,2025,2025-03-30,mlb,TBR,COL,39.481233720516585,32.21076176814514,5.05,4.75,0.0,0.0,0.5,0.5,1.0
778519,2025,2025-03-30,mlb,MIA,PIT,35.446382737010744,33.19030182341987,4.73,5.52,0.0,0.0,0.6666666666666666,0.3333333333333333,1.0
778489,2025,2025-04-01,mlb,HOU,SFG,38.34791246492824,40.864388309944545,4.5,3.22,0.0,0.0,0.5,0.75,0.0
778510,2025,2025-03-30,mlb,KCR,CLE,37.56754839015402,35.133293372400495,3.86,4.24,0.0,0.0,0.5,0.5,0.0
778517,2025,2025-03-30,mlb,STL,MIN,35.44000594157538,34.49429336383309,5.31,5.1,0.0,0.0,1.0,0.0,1.0
778516,2025,2025-03-30,mlb,TEX,BOS,36.02502306287485,40.85080185053196,2.97,5.0,0.0,0.0,0.6666666666666666,0.3333333333333333,1.0
778515,2025,2025-03-30,mlb,ARI,CHC,40.826578178179695,46.04348923947511,5.02,3.21,0.0,0.0,0.3333333333333333,0.4,1.0
778513,2025,2025-03-30,mlb,SEA,ATH,48.17227508833325,41.83351239972274,2.94,5.04,0.0,0.0,0.3333333333333333,0.6666666666666666,1.0
778514,2025,2025-03-30,mlb,SDP,ATL,39.95208039441178,38.84710898652087,2.87,3.86,0.0,0.0,1.0,0.0,1.0
778506,2025,2025-03-31,mlb,CHW,MIN,32.93310700606492,34.49429336383309,3.54,5.35,0.0,0.0,0.3333333333333333,0.0,1.0
778504,2025,2025-03-31,mlb,MIL,KCR,40.99706517824004,37.56754839015402,9.15,2.55,0.0,0.0,0.0,0.3333333333333333,0.0
778527,2025,2025-03-30,mlb,CHW,LAA,32.93310700606492,35.95784812425046,4.1,6.81,0.0,0.0,0.5,0.5,0.0
778262,2025,2025-04-19,mlb,BAL,CIN,32.680558253621186,37.42971480330227,6.24,2.76,0.0,0.0,0.4,0.7,1.0
778413,2025,2025-04-07,mlb,ARI,BAL,40.826578178179695,32.680558253621186,4.83,5.93,0.0,0.0,0.5,0.4,0.0
778410,2025,2025-04-07,mlb,SFG,CIN,40.864388309944545,37.42971480330227,3.22,2.76,0.0,0.0,0.8888888888888888,0.3,0.0
778317,2025,2025-04-15,mlb,BAL,CLE,32.680558253621186,35.133293372400495,5.83,4.25,1.0,1.0,0.3,0.6,0.0
778319,2025,2025-04-15,mlb,TBR,BOS,39.481233720516585,40.85080185053196,3.86,4.93,0.0,0.0,0.4,0.4,0.0
778312,2025,2025-04-15,mlb,NYY,KCR,48.53709649627505,37.56754839015402,2.86,3.86,0.0,0.0,0.5,0.5,1.0
778311,2025,2025-04-15,mlb,TOR,ATL,43.134335054091295,38.84710898652087,3.59,3.09,0.0,0.0,0.4,0.5,1.0
778307,2025,2025-04-15,mlb,MIN,NYM,34.49429336383309,44.13496149211463,5.1,3.95,0.0,0.0,0.3,0.8,1.0
778309,2025,2025-04-15,mlb,CHW,ATH,32.93310700606492,41.83351239972274,4.22,4.11,1.0,1.0,0.2,0.4,0.0
778310,2025,2025-04-15,mlb,MIL,DET,40.99706517824004,41.930332091578485,3.32,4.64,0.0,0.0,0.5,0.8,1.0
778308,2025,2025-04-15,mlb,STL,HOU,35.44000594157538,38.34791246492824,5.49,2.43,0.0,0.0,0.4,0.5,0.0
778306,2025,2025-04-15,mlb,TEX,LAA,36.02502306287485,35.95784812425046,2.18,3.99,1.0,1.0,0.5,0.5,1.0
778305,2025,2025-04-15,mlb,SDP,CHC,39.95208039441178,46.04348923947511,3.84,3.73,0.0,0.0,0.7,0.6,0.0
778302,2025,2025-04-15,mlb,LAD,COL,44.479785357282616,32.21076176814514,4.89,4.75,0.0,0.0,0.4,0.2,1.0
778297,2025,2025-04-16,mlb,TOR,ATL,43.134335054091295,38.84710898652087,3.96,4.45,0.0,0.0,0.5,0.5,1.0
778299,2025,2025-04-16,mlb,MIN,NYM,34.49429336383309,44.13496149211463,5.4,3.57,0.0,0.0,0.3,0.7,1.0
778295,2025,2025-04-16,mlb,MIL,DET,40.99706517824004,41.930332091578485,3.96,4.37,0.0,0.0,0.5,0.7,1.0
778290,2025,2025-04-16,mlb,STL,HOU,35.44000594157538,38.34791246492824,3.05,4.1,0.0,0.0,0.4,0.5,1.0
778313,2025,2025-04-15,mlb,PHI,SFG,46.07852610677368,40.864388309944545,3.92,3.85,0.0,0.0,0.4,0.7,1.0
778288,2025,2025-04-16,mlb,SDP,CHC,39.95208039441178,46.04348923947511,2.87,3.21,0.0,0.0,0.7,0.6,1.0
778318,2025,2025-04-15,mlb,MIA,ARI,35.446382737010744,40.826578178179695,8.65,3.52,1.0,1.0,0.5,0.5,0.0
778314,2025,2025-04-15,mlb,PIT,WSN,33.19030182341987,34.519895280554,4.19,5.7,0.0,0.0,0.4,0.5,0.0
778333,2025,2025-04-13,mlb,ATH,NYM,41.83351239972274,44.13496149211463,4.54,3.02,0.0,0.0,0.4,0.7,0.0
778330,2025,2025-04-13,mlb,SDP,COL,39.95208039441178,32.21076176814514,3.44,4.98,0.0,0.0,0.7,0.2,1.0
778334,2025,2025-04-13,mlb,SEA,TEX,48.17227508833325,36.02502306287485,3.44,1.73,0.0,0.0,0.5,0.6,1.0
778332,2025,2025-04-13,mlb,ARI,MIL,40.826578178179695,40.99706517824004,4.83,2.7,0.0,0.0,0.5,0.7,1.0
778331,2025,2025-04-13,mlb,LAD,CHC,44.479785357282616,46.04348923947511,3.19,3.95,0.0,0.0,0.5,0.7,0.0
778321,2025,2025-04-14,mlb,PIT,WSN,33.19030182341987,34.519895280554,1.97,4.34,0.0,0.0,0.4,0.5,1.0
778320,2025,2025-04-14,mlb,PHI,SFG,46.07852610677368,40.864388309944545,4.08,3.8,0.0,0.0,0.5,0.7,0.0
778328,2025,2025-04-14,mlb,TBR,BOS,39.481233720516585,40.85080185053196,4.87,8.04,0.0,0.0,0.3,0.5,1.0
778327,2025,2025-04-14,mlb,NYY,KCR,48.53709649627505,37.56754839015402,7.09,4.15,0.0,0.0,0.5,0.6,1.0
778322,2025,2025-04-14,mlb,TOR,ATL,43.134335054091295,38.84710898652087,6.66,3.99,0.0,0.0,0.5,0.4,0.0
778324,2025,2025-04-14,mlb,MIN,NYM,34.49429336383309,44.13496149211463,3.42,3.53,0.0,0.0,0.3,0.8,0.0
778323,2025,2025-04-14,mlb,MIL,DET,40.99706517824004,41.930332091578485,4.98,2.21,0.0,0.0,0.6,0.7,0.0
778325,2025,2025-04-14,mlb,STL,HOU,35.44000594157538,38.34791246492824,4.28,3.66,0.0,0.0,0.4,0.5,1.0
778315,2025,2025-04-14,mlb,SDP,CHC,39.95208039441178,46.04348923947511,4.55,3.68,0.0,0.0,0.7,0.7,1.0
778326,2025,2025-04-14,mlb,LAD,COL,44.479785357282616,32.21076176814514,4.96,6.65,0.0,0.0,0.4,0.2,1.0
778316,2025,2025-04-15,mlb,CIN,SEA,37.42971480330227,48.17227508833325,3.33,3.54,1.0,1.0,0.6,0.6,1.0
778301,2025,2025-04-16,mlb,BAL,CLE,32.680558253621186,35.133293372400495,4.19,3.06,0.0,0.0,0.3,0.7,1.0
778293,2025,2025-04-16,mlb,PIT,WSN,33.19030182341987,34.519895280554,4.45,5.68,0.0,0.0,0.4,0.6,1.0
778304,2025,2025-04-16,mlb,CIN,SEA,37.42971480330227,48.17227508833325,4.45,5.68,0.0,0.0,0.7,0.5,0.0
778274,2025,2025-04-18,mlb,PHI,MIA,46.07852610677368,35.446382737010744,2.71,5.36,0.0,0.0,0.4,0.4,1.0
778276,2025,2025-04-18,mlb,BAL,CIN,32.680558253621186,37.42971480330227,5.21,2.87,0.0,0.0,0.5,0.6,0.0
778272,2025,2025-04-18,mlb,TBR,NYY,39.481233720516585,48.53709649627505,2.76,3.09,0.0,0.0,0.4,0.6,0.0
778273,2025,2025-04-18,mlb,TOR,SEA,43.134335054091295,48.17227508833325,6.05,2.94,1.0,0.0,0.6,0.7,1.0
778270,2025,2025-04-18,mlb,NYM,STL,44.13496149211463,35.44000594157538,4.22,4.84,0.0,0.0,0.6,0.5,1.0
778275,2025,2025-04-18,mlb,BOS,CHW,40.85080185053196,32.93310700606492,4.13,3.54,1.0,0.0,0.4,0.2,1.0
778284,2025,2025-04-18,mlb,ATL,MIN,38.84710898652087,34.49429336383309,5.3,5.35,1.0,1.0,0.4,0.4,1.0
778263,2025,2025-04-18,mlb,TEX,LAD,36.02502306287485,44.479785357282616,2.97,2.49,0.0,1.0,0.5,0.5,0.0
778269,2025,2025-04-18,mlb,HOU,SDP,38.34791246492824,39.95208039441178,5.67,5.86,1.0,1.0,0.5,0.8,1.0
778261,2025,2025-04-18,mlb,MIL,ATH,40.99706517824004,41.83351239972274,2.7,5.08,1.0,0.0,0.6,0.5,1.0
778260,2025,2025-04-18,mlb,LAA,SFG,35.95784812425046,40.864388309944545,4.56,3.22,0.0,0.0,0.4,0.5,1.0
778266,2025,2025-04-20,mlb,COL,WSN,32.21076176814514,34.519895280554,6.52,4.17,0.0,0.0,0.1,0.4,
778252,2025,2025-04-19,mlb,PHI,MIA,46.07852610677368,35.446382737010744,4.08,6.04,0.0,0.0,0.5,0.3,1.0
778265,2025,2025-04-19,mlb,DET,KCR,41.930332091578485,37.56754839015402,3.87,4.15,0.0,0.0,0.6,0.2,1.0
778257,2025,2025-04-19,mlb,CHC,ARI,46.04348923947511,40.826578178179695,5.92,4.83,0.0,0.0,0.6,0.7,1.0
778271,2025,2025-04-18,mlb,PIT,CLE,33.19030182341987,35.133293372400495,3.55,4.36,0.0,0.0,0.5,0.6,0.0
778277,2025,2025-04-18,mlb,DET,KCR,41.930332091578485,37.56754839015402,4.22,4.67,0.0,0.0,0.6,0.3,1.0
778268,2025,2025-04-18,mlb,CHC,ARI,46.04348923947511,40.826578178179695,3.95,2.66,1.0,0.0,0.5,0.7,1.0
778281,2025,2025-04-17,mlb,TEX,LAA,36.02502306287485,35.95784812425046,5.74,6.81,0.0,0.0,0.5,0.5,1.0
778303,2025,2025-04-16,mlb,MIA,ARI,35.446382737010744,40.826578178179695,4.73,5.25,0.0,0.0,0.4,0.6,0.0
778296,2025,2025-04-16,mlb,PHI,SFG,46.07852610677368,40.864388309944545,6.01,3.65,0.0,0.0,0.4,0.6,0.0
778298,2025,2025-04-16,mlb,TBR,BOS,39.481233720516585,40.85080185053196,3.81,2.73,0.0,0.0,0.4,0.4,0.0
778300,2025,2025-04-16,mlb,NYY,KCR,48.53709649627505,37.56754839015402,3.32,2.55,0.0,0.0,0.5,0.5,1.0
778294,2025,2025-04-16,mlb,CHW,ATH,32.93310700606492,41.83351239972274,5.82,5.87,0.0,0.0,0.2,0.5,0.0
778289,2025,2025-04-16,mlb,TEX,LAA,36.02502306287485,35.95784812425046,4.4,4.26,0.0,0.0,0.5,0.5,1.0
778287,2025,2025-04-16,mlb,LAD,COL,44.479785357282616,32.21076176814514,12.6,6.7,0.0,0.0,0.5,0.2,1.0
778336,2025,2025-04-13,mlb,STL,PHI,35.44000594157538,46.07852610677368,4.21,2.71,0.0,0.0,0.3,0.6,1.0
778291,2025,2025-04-17,mlb,MIA,ARI,35.446382737010744,40.826578178179695,3.53,5.02,0.0,0.0,0.4,0.6,0.0
778285,2025,2025-04-17,mlb,CIN,SEA,37.42971480330227,48.17227508833325,4.03,4.9,0.0,0.0,0.7,0.6,0.0
778283,2025,2025-04-17,mlb,CHW,ATH,32.93310700606492,41.83351239972274,4.1,5.04,0.0,0.0,0.2,0.5,0.0
778279,2025,2025-04-17,mlb,PHI,SFG,46.07852610677368,40.864388309944545,2.5,6.95,0.0,0.0,0.4,0.6,1.0
778292,2025,2025-04-17,mlb,BAL,CLE,32.680558253621186,35.133293372400495,4.64,4.24,0.0,0.0,0.4,0.6,1.0
778286,2025,2025-04-17,mlb,DET,KCR,41.930332091578485,37.56754839015402,3.15,4.64,0.0,0.0,0.6,0.4,1.0
778282,2025,2025-04-17,mlb,TBR,NYY,39.481233720516585,48.53709649627505,5.05,4.44,0.0,0.0,0.4,0.5,0.0
778278,2025,2025-04-17,mlb,NYM,STL,44.13496149211463,35.44000594157538,3.77,5.31,0.0,0.0,0.6,0.5,1.0
778280,2025,2025-04-17,mlb,PIT,WSN,33.19030182341987,34.519895280554,5.52,6.21,0.0,0.0,0.5,0.5,1.0
778405,2025,2025-04-07,mlb,SEA,HOU,48.17227508833325,38.34791246492824,3.44,4.5,0.0,0.0,0.3,0.4444444444444444,1.0
778338,2025,2025-04-13,mlb,CHW,BOS,32.93310700606492,40.85080185053196,3.81,2.59,0.0,0.0,0.2,0.5,0.0
778329,2025,2025-04-13,mlb,HOU,LAA,38.34791246492824,35.95784812425046,4.5,4.76,0.0,0.0,0.4,0.6,1.0
778385,2025,2025-04-09,mlb,CHC,TEX,46.04348923947511,36.02502306287485,3.73,2.18,0.0,0.0,0.8,0.7,0.0
778381,2025,2025-04-09,mlb,ATH,SDP,41.83351239972274,39.95208039441178,5.87,3.84,0.0,0.0,0.4,0.7,0.0
778380,2025,2025-04-09,mlb,ARI,BAL,40.826578178179695,32.680558253621186,5.25,4.19,0.0,0.0,0.5,0.4,1.0
778376,2025,2025-04-09,mlb,SFG,CIN,40.864388309944545,37.42971480330227,3.85,4.45,0.0,0.0,0.7,0.4,1.0
778392,2025,2025-04-09,mlb,WSN,LAD,34.519895280554,44.479785357282616,5.7,4.89,0.0,0.0,0.5,0.6,0.0
778383,2025,2025-04-09,mlb,SEA,HOU,48.17227508833325,38.34791246492824,7.71,2.43,0.0,0.0,0.3,0.4,1.0
778391,2025,2025-04-09,mlb,CLE,CHW,35.133293372400495,32.93310700606492,4.25,4.22,0.0,0.0,0.4,0.2,1.0
778386,2025,2025-04-09,mlb,BOS,TOR,40.85080185053196,43.134335054091295,8.04,3.59,0.0,0.0,0.5,0.6,0.0
778399,2025,2025-04-09,mlb,TBR,LAA,39.481233720516585,35.95784812425046,3.86,3.99,0.0,0.0,0.4,0.7,1.0
778393,2025,2025-04-09,mlb,ATL,PHI,38.84710898652087,46.07852610677368,3.99,4.08,0.0,0.0,0.2,0.7,0.0
778388,2025,2025-04-09,mlb,KCR,MIN,37.56754839015402,34.49429336383309,4.15,3.42,0.0,0.0,0.6,0.3,0.0
778379,2025,2025-04-09,mlb,COL,MIL,32.21076176814514,40.99706517824004,6.65,4.98,0.0,0.0,0.2,0.6,0.0
778382,2025,2025-04-10,mlb,TBR,LAA,39.481233720516585,35.95784812425046,3.81,4.26,0.0,0.0,0.4,0.7,0.0
778378,2025,2025-04-10,mlb,CLE,CHW,35.133293372400495,32.93310700606492,3.06,5.82,0.0,0.0,0.4,0.1,1.0
778373,2025,2025-04-10,mlb,KCR,MIN,37.56754839015402,34.49429336383309,3.86,5.1,0.0,0.0,0.5,0.4,1.0
778387,2025,2025-04-09,mlb,DET,NYY,41.930332091578485,48.53709649627505,4.64,2.86,0.0,0.0,0.7,0.5,0.0
778371,2025,2025-04-10,mlb,COL,MIL,32.21076176814514,40.99706517824004,4.75,3.32,0.0,0.0,0.2,0.7,1.0
778390,2025,2025-04-09,mlb,NYM,MIA,44.13496149211463,35.446382737010744,3.95,4.73,0.0,0.0,0.8,0.4,0.0
778395,2025,2025-04-08,mlb,ATH,SDP,41.83351239972274,39.95208039441178,4.11,4.55,0.0,0.0,0.4,0.8,1.0
778414,2025,2025-04-07,mlb,ATH,SDP,41.83351239972274,39.95208039441178,4.54,3.44,0.0,0.0,0.4,0.8,0.0
778403,2025,2025-04-08,mlb,DET,NYY,41.930332091578485,48.53709649627505,2.21,7.09,0.0,0.0,0.6,0.6,1.0
778402,2025,2025-04-08,mlb,CLE,CHW,35.133293372400495,32.93310700606492,3.22,3.81,1.0,1.0,0.3333333333333333,0.2222222222222222,1.0
778407,2025,2025-04-08,mlb,NYM,MIA,44.13496149211463,35.446382737010744,3.53,8.65,0.0,0.0,0.7,0.5,1.0
778408,2025,2025-04-08,mlb,PIT,STL,33.19030182341987,35.44000594157538,1.97,4.28,0.0,0.0,0.4,0.4,0.0
778409,2025,2025-04-08,mlb,WSN,LAD,34.519895280554,44.479785357282616,4.34,4.32,0.0,0.0,0.4,0.7,1.0
778404,2025,2025-04-08,mlb,BOS,TOR,40.85080185053196,43.134335054091295,2.59,6.66,0.0,0.0,0.5,0.6,0.0
778417,2025,2025-04-08,mlb,TBR,LAA,39.481233720516585,35.95784812425046,4.87,4.76,1.0,1.0,0.4444444444444444,0.6666666666666666,0.0
778406,2025,2025-04-08,mlb,ATL,PHI,38.84710898652087,46.07852610677368,2.58,2.71,2.0,1.0,0.1111111111111111,0.7777777777777778,1.0
778401,2025,2025-04-08,mlb,CHC,TEX,46.04348923947511,36.02502306287485,3.68,4.4,0.0,0.0,0.7,0.8,1.0
778400,2025,2025-04-08,mlb,KCR,MIN,37.56754839015402,34.49429336383309,4.67,2.74,0.0,0.0,0.5,0.3,1.0
778394,2025,2025-04-08,mlb,COL,MIL,32.21076176814514,40.99706517824004,4.98,2.7,1.0,1.0,0.2222222222222222,0.5,0.0
778396,2025,2025-04-08,mlb,ARI,BAL,40.826578178179695,32.680558253621186,3.52,5.83,0.0,0.0,0.5,0.4,1.0
778398,2025,2025-04-08,mlb,SEA,HOU,48.17227508833325,38.34791246492824,3.54,3.66,0.0,0.0,0.3,0.4,0.0
778397,2025,2025-04-08,mlb,SFG,CIN,40.864388309944545,37.42971480330227,3.8,3.33,0.0,0.0,0.8,0.4,0.0
778389,2025,2025-04-09,mlb,PIT,STL,33.19030182341987,35.44000594157538,4.19,5.49,0.0,0.0,0.3,0.4,1.0
778377,2025,2025-04-10,mlb,BOS,TOR,40.85080185053196,43.134335054091295,4.93,3.96,0.0,0.0,0.5,0.7,1.0
778384,2025,2025-04-10,mlb,ATL,PHI,38.84710898652087,46.07852610677368,3.09,3.92,0.0,0.0,0.2,0.7,1.0
778375,2025,2025-04-11,mlb,CLE,KCR,35.133293372400495,37.56754839015402,4.24,2.55,0.0,0.0,0.5,0.6,1.0
778349,2025,2025-04-12,mlb,CHW,BOS,32.93310700606492,40.85080185053196,3.54,5.0,0.0,0.0,0.2,0.6,1.0
778354,2025,2025-04-12,mlb,MIA,WSN,35.446382737010744,34.519895280554,5.36,6.21,0.0,0.0,0.4,0.5,1.0
778359,2025,2025-04-12,mlb,CLE,KCR,35.133293372400495,37.56754839015402,4.36,4.64,0.0,0.0,0.5,0.5,1.0
778357,2025,2025-04-12,mlb,CIN,PIT,37.42971480330227,33.19030182341987,2.87,5.52,0.0,0.0,0.4,0.4,1.0
778351,2025,2025-04-12,mlb,HOU,LAA,38.34791246492824,35.95784812425046,5.67,4.56,0.0,0.0,0.4,0.6,0.0
778350,2025,2025-04-12,mlb,ARI,MIL,40.826578178179695,40.99706517824004,2.66,3.53,0.0,0.0,0.5,0.8,1.0
778352,2025,2025-04-12,mlb,SDP,COL,39.95208039441178,32.21076176814514,5.86,6.52,0.0,0.0,0.7,0.2,1.0
778345,2025,2025-04-12,mlb,LAD,CHC,44.479785357282616,46.04348923947511,4.46,5.92,0.0,0.0,0.6,0.7,0.0
778341,2025,2025-04-12,mlb,SEA,TEX,48.17227508833325,36.02502306287485,2.94,5.74,0.0,0.0,0.4,0.6,1.0
778344,2025,2025-04-13,mlb,BAL,TOR,32.680558253621186,43.134335054091295,5.21,4.17,0.0,0.0,0.4,0.5,0.0
778339,2025,2025-04-13,mlb,NYY,SFG,48.53709649627505,40.864388309944545,3.09,3.22,0.0,0.0,0.5,0.7,0.0
778342,2025,2025-04-13,mlb,CLE,KCR,35.133293372400495,37.56754839015402,3.22,4.67,0.0,0.0,0.6,0.5,0.0
778343,2025,2025-04-13,mlb,CIN,PIT,37.42971480330227,33.19030182341987,2.76,3.55,0.0,0.0,0.5,0.4,1.0
778340,2025,2025-04-13,mlb,TBR,ATL,39.481233720516585,38.84710898652087,4.67,2.58,0.0,0.0,0.3,0.4,1.0
778337,2025,2025-04-13,mlb,MIA,WSN,35.446382737010744,34.519895280554,6.04,4.17,0.0,0.0,0.4,0.5,1.0
778353,2025,2025-04-12,mlb,TBR,ATL,39.481233720516585,38.84710898652087,2.76,3.86,0.0,0.0,0.4,0.3,0.0
778362,2025,2025-04-12,mlb,BAL,TOR,32.680558253621186,43.134335054091295,4.64,6.05,2.0,1.0,0.3,0.6,1.0
778346,2025,2025-04-12,mlb,ATH,NYM,41.83351239972274,44.13496149211463,5.08,4.22,0.0,0.0,0.3,0.8,1.0
778355,2025,2025-04-12,mlb,NYY,SFG,48.53709649627505,40.864388309944545,4.44,6.95,0.0,0.0,0.4,0.8,1.0
778374,2025,2025-04-11,mlb,CIN,PIT,37.42971480330227,33.19030182341987,4.03,4.45,1.0,1.0,0.4,0.4,1.0
778367,2025,2025-04-11,mlb,TBR,ATL,39.481233720516585,38.84710898652087,5.05,5.3,0.0,0.0,0.4,0.3,1.0
778370,2025,2025-04-11,mlb,NYY,SFG,48.53709649627505,40.864388309944545,6.23,3.65,1.0,1.0,0.5,0.8,0.0
778369,2025,2025-04-11,mlb,MIA,WSN,35.446382737010744,34.519895280554,3.53,5.68,1.0,1.0,0.5,0.5,0.0
778366,2025,2025-04-11,mlb,CHW,BOS,32.93310700606492,40.85080185053196,4.1,2.73,0.0,0.0,0.1,0.6,1.0
778368,2025,2025-04-11,mlb,HOU,LAA,38.34791246492824,35.95784812425046,4.1,6.81,1.0,0.0,0.4,0.7,1.0
778363,2025,2025-04-11,mlb,MIN,DET,34.49429336383309,41.930332091578485,5.4,3.15,0.0,1.0,0.4,0.7,0.0
778335,2025,2025-04-13,mlb,MIN,DET,34.49429336383309,41.930332091578485,4.04,3.87,0.0,0.0,0.3,0.8,1.0
778365,2025,2025-04-11,mlb,STL,PHI,35.44000594157538,46.07852610677368,5.31,6.01,1.0,0.0,0.3,0.6,1.0
778360,2025,2025-04-11,mlb,SEA,TEX,48.17227508833325,36.02502306287485,5.68,2.97,1.0,1.0,0.4,0.7,1.0
778364,2025,2025-04-11,mlb,ARI,MIL,40.826578178179695,40.99706517824004,5.02,3.96,1.0,0.0,0.6,0.7,0.0
778358,2025,2025-04-11,mlb,ATH,NYM,41.83351239972274,44.13496149211463,5.04,3.77,1.0,1.0,0.3,0.7,0.0
778356,2025,2025-04-11,mlb,LAD,CHC,44.479785357282616,46.04348923947511,2.49,3.21,1.0,1.0,0.6,0.7,1.0
778372,2025,2025-07-29,mlb,BAL,TOR,32.680558253621186,43.134335054091295,4.64,6.05,0.0,0.0,0.6,0.6,
778348,2025,2025-04-12,mlb,MIN,DET,34.49429336383309,41.930332091578485,5.35,4.22,0.0,0.0,0.4,0.8,0.0
778347,2025,2025-04-12,mlb,STL,PHI,35.44000594157538,46.07852610677368,4.84,2.5,0.0,0.0,0.3,0.6,0.0
778361,2025,2025-04-11,mlb,SDP,COL,39.95208039441178,32.21076176814514,2.87,6.7,1.0,0.0,0.7,0.2,1.0
777957,2025,2025-05-11,mlb,ATH,NYY,41.83351239972274,48.53709649627505,4.54,4.36,0.0,0.0,0.6,0.5,0.0
777961,2025,2025-05-11,mlb,LAA,BAL,35.95784812425046,32.680558253621186,4.56,5.93,0.0,0.0,0.4,0.3,0.0
777954,2025,2025-05-11,mlb,ARI,LAD,40.826578178179695,44.479785357282616,4.83,5.0,0.0,0.0,0.5,0.6,0.0
777560,2025,2025-06-10,mlb,SDP,LAD,39.95208039441178,44.479785357282616,4.55,3.97,0.0,0.0,0.5,0.5,1.0
777559,2025,2025-06-10,mlb,ARI,SEA,40.826578178179695,48.17227508833325,5.25,4.32,0.0,0.0,0.5,0.3,1.0
777552,2025,2025-06-11,mlb,PIT,MIA,33.19030182341987,35.446382737010744,4.45,6.04,0.0,0.0,0.6,0.3,1.0
777553,2025,2025-06-11,mlb,PHI,CHC,46.07852610677368,46.04348923947511,3.92,5.92,0.0,0.0,0.2,0.6,1.0
777549,2025,2025-06-11,mlb,CLE,CIN,35.133293372400495,37.42971480330227,4.25,3.33,0.0,0.0,0.4,0.6,1.0
777554,2025,2025-06-11,mlb,MIL,ATL,40.99706517824004,38.84710898652087,3.53,3.09,0.0,0.0,0.6,0.2,0.0
777545,2025,2025-06-11,mlb,STL,TOR,35.44000594157538,43.134335054091295,4.21,3.18,0.0,0.0,0.4,0.8,0.0
777548,2025,2025-06-11,mlb,ARI,SEA,40.826578178179695,48.17227508833325,5.02,2.94,0.0,0.0,0.6,0.3,1.0
777542,2025,2025-06-11,mlb,LAA,ATH,35.95784812425046,41.83351239972274,4.76,5.04,0.0,0.0,0.6,0.3,1.0
777543,2025,2025-06-11,mlb,SDP,LAD,39.95208039441178,44.479785357282616,3.84,4.64,0.0,0.0,0.6,0.4,0.0
777562,2025,2025-06-11,mlb,BAL,DET,32.680558253621186,41.930332091578485,5.93,3.87,0.0,0.0,0.7,0.6,1.0
777555,2025,2025-06-11,mlb,NYM,WSN,44.13496149211463,34.519895280554,4.22,5.7,0.0,0.0,0.8,0.4,1.0
777561,2025,2025-06-11,mlb,BOS,TBR,40.85080185053196,39.481233720516585,4.93,3.81,0.0,0.0,0.5,0.7,1.0
777556,2025,2025-06-11,mlb,MIN,TEX,34.49429336383309,36.02502306287485,5.4,3.86,0.0,0.0,0.4,0.5,1.0
777551,2025,2025-06-11,mlb,KCR,NYY,37.56754839015402,48.53709649627505,2.55,3.32,0.0,0.0,0.4,0.5,0.0
777564,2025,2025-06-10,mlb,LAA,ATH,35.95784812425046,41.83351239972274,4.26,5.1,0.0,0.0,0.6,0.3,1.0
777550,2025,2025-06-11,mlb,HOU,CHW,38.34791246492824,32.93310700606492,5.67,4.22,0.0,0.0,0.6,0.5,1.0
777563,2025,2025-06-10,mlb,COL,SFG,32.21076176814514,40.864388309944545,8.91,4.04,1.0,1.0,0.3,0.7,0.0
777558,2025,2025-06-10,mlb,STL,TOR,35.44000594157538,43.134335054091295,4.84,3.96,0.0,0.0,0.4,0.8,0.0
777584,2025,2025-06-09,mlb,BOS,TBR,40.85080185053196,39.481233720516585,3.35,4.87,0.0,0.0,0.5,0.7,0.0
777575,2025,2025-06-09,mlb,MIL,ATL,40.99706517824004,38.84710898652087,4.85,2.58,0.0,0.0,0.7,0.2,0.0
777581,2025,2025-06-09,mlb,STL,TOR,35.44000594157538,43.134335054091295,5.31,4.17,0.0,0.0,0.5,0.8,0.0
777576,2025,2025-06-09,mlb,LAA,ATH,35.95784812425046,41.83351239972274,3.99,5.09,0.0,0.0,0.5,0.3,1.0
777579,2025,2025-06-09,mlb,SDP,LAD,39.95208039441178,44.479785357282616,2.87,4.96,0.0,0.0,0.6,0.5,0.0
777577,2025,2025-06-09,mlb,ARI,SEA,40.826578178179695,48.17227508833325,3.52,4.9,0.0,0.0,0.4,0.3,1.0
777573,2025,2025-06-10,mlb,BAL,DET,32.680558253621186,41.930332091578485,5.21,2.43,1.0,1.0,0.7,0.6,0.0
777569,2025,2025-06-10,mlb,CLE,CIN,35.133293372400495,37.42971480330227,4.3,2.87,0.0,0.0,0.4,0.6,0.0
777566,2025,2025-06-10,mlb,PIT,MIA,33.19030182341987,35.446382737010744,4.19,5.36,0.0,0.0,0.6,0.2,0.0
777571,2025,2025-06-10,mlb,PHI,CHC,46.07852610677368,46.04348923947511,6.23,3.95,0.0,0.0,0.2,0.5,0.0
777570,2025,2025-06-10,mlb,NYM,WSN,44.13496149211463,34.519895280554,3.77,4.17,1.0,1.0,0.8,0.5,1.0
777565,2025,2025-06-10,mlb,BOS,TBR,40.85080185053196,39.481233720516585,3.41,3.86,0.0,0.0,0.5,0.7,1.0
777557,2025,2025-06-10,mlb,MIN,TEX,34.49429336383309,36.02502306287485,4.04,2.18,1.0,1.0,0.5,0.4,0.0
777572,2025,2025-06-10,mlb,KCR,NYY,37.56754839015402,48.53709649627505,2.99,2.86,1.0,1.0,0.5,0.5,0.0
777568,2025,2025-06-10,mlb,MIL,ATL,40.99706517824004,38.84710898652087,3.32,3.99,0.0,0.0,0.6,0.2,1.0
777567,2025,2025-06-10,mlb,HOU,CHW,38.34791246492824,32.93310700606492,6.51,3.81,1.0,1.0,0.6,0.4,0.0
777547,2025,2025-06-11,mlb,COL,SFG,32.21076176814514,40.864388309944545,4.98,3.65,0.0,0.0,0.3,0.7,0.0
777544,2025,2025-06-12,mlb,NYM,WSN,44.13496149211463,34.519895280554,3.02,4.52,0.0,0.0,0.8,0.3,1.0
777533,2025,2025-06-12,mlb,MIN,TEX,34.49429336383309,36.02502306287485,5.1,4.4,0.0,0.0,0.5,0.4,0.0
777522,2025,2025-06-13,mlb,LAD,SFG,44.479785357282616,40.864388309944545,2.49,3.22,1.0,0.0,0.5,0.7,0.0
777514,2025,2025-06-14,mlb,WSN,MIA,34.519895280554,35.446382737010744,6.21,2.63,0.0,0.0,0.2,0.3,0.0
777517,2025,2025-06-14,mlb,DET,CIN,41.930332091578485,37.42971480330227,4.64,4.03,0.0,0.0,0.6,0.6,0.0
777513,2025,2025-06-14,mlb,CHC,PIT,46.04348923947511,33.19030182341987,3.21,3.94,0.0,0.0,0.4,0.7,1.0
777519,2025,2025-06-14,mlb,BAL,LAA,32.680558253621186,35.95784812425046,4.64,4.56,0.0,0.0,0.6,0.7,1.0
777509,2025,2025-06-14,mlb,PHI,TOR,46.07852610677368,43.134335054091295,2.5,6.05,0.0,0.0,0.4,0.7,1.0
777508,2025,2025-06-14,mlb,TEX,CHW,36.02502306287485,32.93310700606492,2.97,2.5,0.0,0.0,0.5,0.5,1.0
777511,2025,2025-06-14,mlb,KCR,ATH,37.56754839015402,41.83351239972274,4.64,4.08,0.0,0.0,0.3,0.4,0.0
777518,2025,2025-06-14,mlb,NYM,TBR,44.13496149211463,39.481233720516585,3.95,2.76,0.0,0.0,0.7,0.7,0.0
777510,2025,2025-06-14,mlb,HOU,MIN,38.34791246492824,34.49429336383309,2.43,3.42,0.0,0.0,0.7,0.4,1.0
777523,2025,2025-06-14,mlb,ATL,COL,38.84710898652087,32.21076176814514,4.45,6.52,0.0,0.0,0.3,0.4,1.0
777512,2025,2025-06-14,mlb,MIL,STL,40.99706517824004,35.44000594157538,3.96,5.31,0.0,0.0,0.5,0.3,0.0
777515,2025,2025-06-14,mlb,ARI,SDP,40.826578178179695,39.95208039441178,4.83,3.66,0.0,0.0,0.7,0.4,1.0
777516,2025,2025-06-14,mlb,BOS,NYY,40.85080185053196,48.53709649627505,4.13,3.09,0.0,0.0,0.6,0.6,1.0
777507,2025,2025-06-14,mlb,SEA,CLE,48.17227508833325,35.133293372400495,4.21,4.24,0.0,0.0,0.2,0.3,1.0
777520,2025,2025-06-13,mlb,SEA,CLE,48.17227508833325,35.133293372400495,3.54,3.06,1.0,1.0,0.2,0.4,1.0
777521,2025,2025-06-13,mlb,ARI,SDP,40.826578178179695,39.95208039441178,3.39,3.51,1.0,1.0,0.7,0.5,1.0
777525,2025,2025-06-13,mlb,MIL,STL,40.99706517824004,35.44000594157538,2.7,5.49,0.0,0.0,0.5,0.3,1.0
777527,2025,2025-06-13,mlb,HOU,MIN,38.34791246492824,34.49429336383309,5.34,5.35,0.0,0.0,0.7,0.5,1.0
777534,2025,2025-06-12,mlb,COL,SFG,32.21076176814514,40.864388309944545,6.65,4.8,0.0,0.0,0.3,0.8,1.0
777540,2025,2025-06-12,mlb,BAL,DET,32.680558253621186,41.930332091578485,3.41,2.21,0.0,0.0,0.7,0.6,0.0
777536,2025,2025-06-12,mlb,KCR,NYY,37.56754839015402,48.53709649627505,4.15,4.44,0.0,0.0,0.4,0.6,0.0
777532,2025,2025-06-12,mlb,MIL,STL,40.99706517824004,35.44000594157538,4.36,4.28,0.0,0.0,0.5,0.3,1.0
777541,2025,2025-06-12,mlb,CHC,PIT,46.04348923947511,33.19030182341987,3.68,5.52,0.0,0.0,0.5,0.6,1.0
777546,2025,2025-06-12,mlb,HOU,CHW,38.34791246492824,32.93310700606492,3.66,4.1,0.0,0.0,0.6,0.5,1.0
777526,2025,2025-06-13,mlb,CHC,PIT,46.04348923947511,33.19030182341987,2.67,1.97,0.0,0.0,0.5,0.6,0.0
777578,2025,2025-06-09,mlb,PHI,CHC,46.07852610677368,46.04348923947511,2.71,3.21,0.0,0.0,0.1,0.6,1.0
777531,2025,2025-06-13,mlb,PHI,TOR,46.07852610677368,43.134335054091295,3.2,3.59,1.0,1.0,0.3,0.8,1.0
777539,2025,2025-06-13,mlb,BAL,LAA,32.680558253621186,35.95784812425046,5.83,6.81,0.0,1.0,0.6,0.7,1.0
777538,2025,2025-06-13,mlb,DET,CIN,41.930332091578485,37.42971480330227,2.43,4.45,0.0,1.0,0.6,0.6,1.0
777528,2025,2025-06-13,mlb,NYM,TBR,44.13496149211463,39.481233720516585,3.53,5.05,0.0,1.0,0.8,0.6,0.0
777537,2025,2025-06-13,mlb,BOS,NYY,40.85080185053196,48.53709649627505,2.59,4.36,1.0,0.0,0.6,0.7,1.0
777535,2025,2025-06-13,mlb,ATL,COL,38.84710898652087,32.21076176814514,5.3,6.7,1.0,0.0,0.2,0.4,1.0
777524,2025,2025-06-13,mlb,TEX,CHW,36.02502306287485,32.93310700606492,2.31,3.31,0.0,0.0,0.5,0.5,1.0
777529,2025,2025-06-13,mlb,KCR,ATH,37.56754839015402,41.83351239972274,3.86,4.54,0.0,1.0,0.3,0.3,0.0
777530,2025,2025-06-13,mlb,WSN,MIA,34.519895280554,35.446382737010744,5.68,3.53,0.0,1.0,0.2,0.2,0.0
777506,2025,2025-06-14,mlb,LAD,SFG,44.479785357282616,40.864388309944545,3.36,3.8,0.0,0.0,0.5,0.8,1.0
777574,2025,2025-06-09,mlb,PIT,MIA,33.19030182341987,35.446382737010744,3.94,4.25,0.0,0.0,0.6,0.3,1.0
777593,2025,2025-06-08,mlb,NYY,BOS,48.53709649627505,40.85080185053196,3.09,4.13,0.0,0.0,0.6,0.4,0.0
777637,2025,2025-06-05,mlb,TOR,PHI,43.134335054091295,46.07852610677368,3.96,3.92,0.0,0.0,0.7,0.4,1.0
777636,2025,2025-06-05,mlb,ATH,MIN,41.83351239972274,34.49429336383309,5.1,5.4,0.0,0.0,0.1,0.5,1.0
777628,2025,2025-06-05,mlb,SEA,BAL,48.17227508833325,32.680558253621186,2.94,5.93,0.0,0.0,0.3,0.8,0.0
777633,2025,2025-06-05,mlb,SFG,SDP,40.864388309944545,39.95208039441178,3.65,4.55,0.0,0.0,0.4,0.7,1.0
777631,2025,2025-06-05,mlb,LAD,NYM,44.479785357282616,44.13496149211463,4.89,4.22,0.0,0.0,0.5,0.8,1.0
777630,2025,2025-06-05,mlb,PIT,HOU,33.19030182341987,38.34791246492824,4.19,3.66,0.0,0.0,0.5,0.7,0.0
777632,2025,2025-06-05,mlb,WSN,CHC,34.519895280554,46.04348923947511,5.7,2.17,0.0,0.0,0.6,0.7,0.0
777644,2025,2025-06-05,mlb,NYY,CLE,48.53709649627505,35.133293372400495,2.86,4.3,0.0,0.0,0.7,0.5,1.0
777629,2025,2025-06-05,mlb,TBR,TEX,39.481233720516585,36.02502306287485,3.86,3.86,0.0,0.0,0.7,0.4,1.0
777625,2025,2025-06-06,mlb,TBR,MIA,39.481233720516585,35.446382737010744,3.81,3.53,0.0,1.0,0.7,0.3,1.0
777621,2025,2025-06-06,mlb,PIT,PHI,33.19030182341987,46.07852610677368,4.45,5.12,0.0,0.0,0.4,0.3,1.0
777624,2025,2025-06-06,mlb,WSN,TEX,34.519895280554,36.02502306287485,4.52,4.4,0.0,0.0,0.5,0.4,1.0
777627,2025,2025-06-06,mlb,NYY,BOS,48.53709649627505,40.85080185053196,4.44,4.93,0.0,1.0,0.7,0.3,1.0
777626,2025,2025-06-06,mlb,DET,CHC,41.930332091578485,46.04348923947511,2.21,5.92,0.0,0.0,0.7,0.8,1.0
777634,2025,2025-06-05,mlb,CHW,DET,32.93310700606492,41.930332091578485,4.22,3.87,0.0,0.0,0.2,0.8,1.0
777622,2025,2025-06-06,mlb,CLE,HOU,35.133293372400495,38.34791246492824,4.25,5.34,0.0,0.0,0.4,0.7,0.0
777635,2025,2025-06-05,mlb,STL,KCR,35.44000594157538,37.56754839015402,4.21,4.67,1.0,1.0,0.6,0.4,0.0
777640,2025,2025-06-05,mlb,ATL,ARI,38.84710898652087,40.826578178179695,3.99,5.25,0.0,0.0,0.3,0.4,0.0
777652,2025,2025-06-04,mlb,MIA,COL,35.446382737010744,32.21076176814514,6.04,4.98,0.0,0.0,0.4,0.2,0.0
777647,2025,2025-06-04,mlb,CIN,MIL,37.42971480330227,40.99706517824004,2.87,3.49,0.0,0.0,0.5,0.8,0.0
777649,2025,2025-06-04,mlb,BOS,LAA,40.85080185053196,35.95784812425046,3.41,4.26,0.0,0.0,0.2,0.3,1.0
777648,2025,2025-06-04,mlb,PIT,HOU,33.19030182341987,38.34791246492824,3.94,5.67,0.0,0.0,0.5,0.7,1.0
777650,2025,2025-06-04,mlb,WSN,CHC,34.519895280554,46.04348923947511,4.17,3.21,0.0,0.0,0.5,0.8,1.0
777653,2025,2025-06-04,mlb,NYY,CLE,48.53709649627505,35.133293372400495,3.32,4.36,0.0,0.0,0.7,0.5,0.0
777651,2025,2025-06-04,mlb,TOR,PHI,43.134335054091295,46.07852610677368,4.17,6.23,0.0,0.0,0.6,0.5,1.0
777654,2025,2025-06-04,mlb,ATL,ARI,38.84710898652087,40.826578178179695,2.58,3.52,0.0,0.0,0.3,0.3,0.0
777646,2025,2025-06-04,mlb,TBR,TEX,39.481233720516585,36.02502306287485,4.87,5.74,0.0,0.0,0.7,0.4,1.0
777639,2025,2025-06-04,mlb,CHW,DET,32.93310700606492,41.930332091578485,8.04,7.18,0.0,0.0,0.3,0.7,0.0
777645,2025,2025-06-04,mlb,SEA,BAL,48.17227508833325,32.680558253621186,4.9,5.21,0.0,0.0,0.4,0.7,0.0
777641,2025,2025-06-04,mlb,SFG,SDP,40.864388309944545,39.95208039441178,4.04,2.87,0.0,0.0,0.3,0.7,1.0
777643,2025,2025-06-04,mlb,ATH,MIN,41.83351239972274,34.49429336383309,,5.56,0.0,0.0,0.1,0.5,0.0
777638,2025,2025-06-04,mlb,LAD,NYM,44.479785357282616,44.13496149211463,5.0,3.77,0.0,0.0,0.5,0.8,0.0
777642,2025,2025-06-05,mlb,STL,KCR,35.44000594157538,37.56754839015402,4.84,2.99,0.0,0.0,0.5,0.5,1.0
777618,2025,2025-06-06,mlb,CHW,KCR,32.93310700606492,37.56754839015402,4.1,4.15,0.0,0.0,0.3,0.5,1.0
777615,2025,2025-06-06,mlb,MIN,TOR,34.49429336383309,43.134335054091295,5.1,4.38,0.0,0.0,0.5,0.8,0.0
777617,2025,2025-06-06,mlb,MIL,SDP,40.99706517824004,39.95208039441178,3.53,3.84,1.0,0.0,0.9,0.6,0.0
777599,2025,2025-06-07,mlb,ATH,BAL,41.83351239972274,32.680558253621186,4.54,5.83,0.0,0.0,0.2,0.7,0.0
777592,2025,2025-06-08,mlb,TBR,MIA,39.481233720516585,35.446382737010744,2.76,4.68,0.0,0.0,0.7,0.3,1.0
777586,2025,2025-06-08,mlb,MIL,SDP,40.99706517824004,39.95208039441178,2.7,3.66,0.0,0.0,0.8,0.5,0.0
777596,2025,2025-06-08,mlb,WSN,TEX,34.519895280554,36.02502306287485,6.21,2.84,0.0,0.0,0.6,0.4,0.0
777595,2025,2025-06-08,mlb,PIT,PHI,33.19030182341987,46.07852610677368,1.97,2.5,0.0,0.0,0.6,0.2,1.0
777602,2025,2025-06-08,mlb,CIN,ARI,37.42971480330227,40.826578178179695,4.03,4.83,0.0,0.0,0.5,0.4,1.0
777594,2025,2025-06-08,mlb,DET,CHC,41.930332091578485,46.04348923947511,4.64,2.67,0.0,0.0,0.6,0.7,1.0
777591,2025,2025-06-08,mlb,CLE,HOU,35.133293372400495,38.34791246492824,4.24,3.35,0.0,0.0,0.4,0.7,1.0
777585,2025,2025-06-08,mlb,MIN,TOR,34.49429336383309,43.134335054091295,3.42,6.05,0.0,0.0,0.4,0.9,1.0
777590,2025,2025-06-08,mlb,CHW,KCR,32.93310700606492,37.56754839015402,2.5,4.64,0.0,0.0,0.5,0.4,0.0
777582,2025,2025-06-08,mlb,STL,LAD,35.44000594157538,44.479785357282616,4.42,3.36,0.0,0.0,0.6,0.4,0.0
777583,2025,2025-06-08,mlb,COL,NYM,32.21076176814514,44.13496149211463,6.52,3.95,0.0,0.0,0.3,0.7,0.0
777588,2025,2025-06-08,mlb,ATH,BAL,41.83351239972274,32.680558253621186,4.08,4.64,0.0,0.0,0.2,0.7,1.0
777587,2025,2025-06-08,mlb,SFG,ATL,40.864388309944545,38.84710898652087,3.8,4.45,0.0,0.0,0.6,0.2,1.0
777589,2025,2025-06-08,mlb,LAA,SEA,35.95784812425046,48.17227508833325,4.56,4.21,0.0,0.0,0.5,0.2,0.0
777604,2025,2025-06-07,mlb,COL,NYM,32.21076176814514,44.13496149211463,6.7,3.53,0.0,0.0,0.3,0.7,0.0
777603,2025,2025-06-07,mlb,LAA,SEA,35.95784812425046,48.17227508833325,6.81,3.54,0.0,0.0,0.4,0.3,1.0
777597,2025,2025-06-07,mlb,MIL,SDP,40.99706517824004,39.95208039441178,3.96,3.51,0.0,0.0,0.8,0.6,1.0
777605,2025,2025-06-07,mlb,NYY,BOS,48.53709649627505,40.85080185053196,4.36,2.59,0.0,0.0,0.7,0.3,0.0
777620,2025,2025-06-06,mlb,STL,LAD,35.44000594157538,44.479785357282616,4.28,4.32,0.0,0.0,0.5,0.6,1.0
777616,2025,2025-06-06,mlb,COL,NYM,32.21076176814514,44.13496149211463,7.02,3.02,1.0,0.0,0.3,0.7,0.0
777614,2025,2025-06-06,mlb,LAA,SEA,35.95784812425046,48.17227508833325,4.76,5.68,1.0,0.0,0.3,0.3,1.0
777613,2025,2025-06-06,mlb,ATH,BAL,41.83351239972274,32.680558253621186,5.04,4.19,0.0,0.0,0.1,0.8,1.0
777619,2025,2025-06-06,mlb,SFG,ATL,40.864388309944545,38.84710898652087,4.8,3.09,0.0,0.0,0.4,0.2,1.0
777609,2025,2025-06-07,mlb,DET,CHC,41.930332091578485,46.04348923947511,3.66,3.68,0.0,0.0,0.7,0.7,0.0
777623,2025,2025-06-06,mlb,CIN,ARI,37.42971480330227,40.826578178179695,3.33,5.02,1.0,0.0,0.4,0.5,1.0
777580,2025,2025-06-09,mlb,CLE,CIN,35.133293372400495,37.42971480330227,4.36,6.75,0.0,0.0,0.5,0.5,0.0
777600,2025,2025-06-07,mlb,MIN,TOR,34.49429336383309,43.134335054091295,5.35,3.59,0.0,0.0,0.5,0.8,0.0
777610,2025,2025-06-07,mlb,WSN,TEX,34.519895280554,36.02502306287485,5.68,2.97,0.0,0.0,0.6,0.3,0.0
777607,2025,2025-06-07,mlb,PIT,PHI,33.19030182341987,46.07852610677368,5.52,3.2,0.0,0.0,0.5,0.3,1.0
777598,2025,2025-06-07,mlb,SFG,ATL,40.864388309944545,38.84710898652087,3.22,5.3,0.0,0.0,0.5,0.2,1.0
777612,2025,2025-06-07,mlb,CIN,ARI,37.42971480330227,40.826578178179695,4.45,3.39,0.0,0.0,0.5,0.5,1.0
777608,2025,2025-06-07,mlb,CLE,HOU,35.133293372400495,38.34791246492824,3.06,2.43,0.0,0.0,0.4,0.7,0.0
777606,2025,2025-06-07,mlb,CHW,KCR,32.93310700606492,37.56754839015402,3.31,3.86,0.0,0.0,0.4,0.4,1.0
777611,2025,2025-06-07,mlb,TBR,MIA,39.481233720516585,35.446382737010744,5.05,3.99,0.0,0.0,0.7,0.2,0.0
777601,2025,2025-06-07,mlb,STL,LAD,35.44000594157538,44.479785357282616,5.49,2.49,0.0,0.0,0.5,0.5,1.0
777657,2025,2025-06-03,mlb,LAD,NYM,44.479785357282616,44.13496149211463,3.36,3.95,0.0,0.0,0.5,0.8,1.0
777505,2025,2025-06-15,mlb,DET,CIN,41.930332091578485,37.42971480330227,3.66,6.75,0.0,0.0,0.6,0.7,0.0
777499,2025,2025-06-15,mlb,PHI,TOR,46.07852610677368,43.134335054091295,2.71,4.17,0.0,0.0,0.4,0.7,1.0
777409,2025,2025-06-22,mlb,TBR,DET,39.481233720516585,41.930332091578485,3.81,3.87,0.0,0.0,0.7,0.4444444444444444,0.0
777404,2025,2025-06-22,mlb,PIT,TEX,33.19030182341987,36.02502306287485,4.45,3.86,0.0,0.0,0.2222222222222222,0.6,1.0
777408,2025,2025-06-22,mlb,TOR,CHW,43.134335054091295,32.93310700606492,3.96,3.31,0.0,0.0,0.5,0.1111111111111111,0.0
777402,2025,2025-06-22,mlb,MIA,ATL,35.446382737010744,38.84710898652087,5.36,5.3,0.0,0.0,0.5,0.7,1.0
777401,2025,2025-06-22,mlb,MIN,MIL,34.49429336383309,40.99706517824004,2.3,3.32,0.0,0.0,0.2,0.7,0.0
777407,2025,2025-06-22,mlb,STL,CIN,35.44000594157538,37.42971480330227,4.84,2.87,0.0,0.0,0.5555555555555556,0.5,0.0
777403,2025,2025-06-22,mlb,CHC,SEA,46.04348923947511,48.17227508833325,3.95,3.44,0.0,0.0,0.6,0.5,0.0
777399,2025,2025-06-22,mlb,COL,ARI,32.21076176814514,40.826578178179695,6.65,5.25,0.0,0.0,0.5,0.7,1.0
777400,2025,2025-06-22,mlb,ATH,CLE,41.83351239972274,35.133293372400495,5.04,4.3,0.0,0.0,0.6,0.4,0.0
777395,2025,2025-06-22,mlb,SFG,BOS,40.864388309944545,40.85080185053196,3.65,3.41,0.0,0.0,0.4,0.8,1.0
777397,2025,2025-06-22,mlb,LAA,HOU,35.95784812425046,38.34791246492824,4.76,5.67,0.0,0.0,0.5,0.7,0.0
777398,2025,2025-06-22,mlb,LAD,WSN,44.479785357282616,34.519895280554,2.87,4.52,0.0,0.0,0.7,0.2,1.0
777396,2025,2025-06-22,mlb,SDP,KCR,39.95208039441178,37.56754839015402,3.84,4.15,0.0,0.0,0.3,0.4,1.0
777405,2025,2025-06-22,mlb,PHI,NYM,46.07852610677368,44.13496149211463,3.92,4.22,0.0,0.0,0.8,0.3,1.0
777394,2025,2025-06-23,mlb,BAL,TEX,32.680558253621186,36.02502306287485,1.81,4.4,0.0,0.0,0.6,0.6,1.0
777406,2025,2025-06-22,mlb,NYY,BAL,48.53709649627505,32.680558253621186,4.44,4.19,0.0,0.0,0.3,0.6,1.0
777389,2025,2025-06-23,mlb,NYM,ATL,44.13496149211463,38.84710898652087,6.23,3.09,0.0,0.0,0.2,0.7,0.0
777416,2025,2025-06-21,mlb,LAD,WSN,44.479785357282616,34.519895280554,4.96,5.7,0.0,0.0,0.7,0.1,0.0
777414,2025,2025-06-21,mlb,LAA,HOU,35.95784812425046,38.34791246492824,4.26,3.35,0.0,0.0,0.5,0.8,1.0
777429,2025,2025-06-20,mlb,ATH,CLE,41.83351239972274,35.133293372400495,4.11,4.24,0.0,0.0,0.5,0.4,1.0
777427,2025,2025-06-20,mlb,LAD,WSN,44.479785357282616,34.519895280554,3.36,4.17,0.0,0.0,0.7,0.1,1.0
777425,2025,2025-06-20,mlb,SFG,BOS,40.864388309944545,40.85080185053196,4.8,4.13,0.0,1.0,0.5,0.8,0.0
777420,2025,2025-06-21,mlb,TBR,DET,39.481233720516585,41.930332091578485,3.86,7.18,0.0,0.0,0.6,0.5555555555555556,1.0
777422,2025,2025-06-21,mlb,NYY,BAL,48.53709649627505,32.680558253621186,3.32,5.93,0.0,0.0,0.3,0.7,1.0
777412,2025,2025-06-21,mlb,MIN,MIL,34.49429336383309,40.99706517824004,4.04,3.96,0.0,0.0,0.2,0.6,0.0
777415,2025,2025-06-21,mlb,STL,CIN,35.44000594157538,37.42971480330227,4.28,4.52,0.0,0.0,0.4444444444444444,0.6,1.0
777419,2025,2025-06-21,mlb,CHC,SEA,46.04348923947511,48.17227508833325,2.67,4.9,0.0,0.0,0.5,0.5,1.0
777418,2025,2025-06-21,mlb,TOR,CHW,43.134335054091295,32.93310700606492,4.17,4.85,0.0,0.0,0.5,0.2222222222222222,1.0
777417,2025,2025-06-21,mlb,SFG,BOS,40.864388309944545,40.85080185053196,3.8,3.35,0.0,0.0,0.4,0.8,1.0
777421,2025,2025-06-21,mlb,PIT,TEX,33.19030182341987,36.02502306287485,4.19,5.74,0.0,0.0,0.2222222222222222,0.6,0.0
777424,2025,2025-06-21,mlb,MIA,ATL,35.446382737010744,38.84710898652087,4.25,3.99,0.0,0.0,0.6,0.7,0.0
777413,2025,2025-06-21,mlb,SDP,KCR,39.95208039441178,37.56754839015402,4.55,2.99,0.0,0.0,0.3,0.4,1.0
777423,2025,2025-06-21,mlb,PHI,NYM,46.07852610677368,44.13496149211463,6.23,3.77,0.0,0.0,0.8,0.3,0.0
777410,2025,2025-06-21,mlb,COL,ARI,32.21076176814514,40.826578178179695,8.91,3.52,0.0,0.0,0.5,0.7,0.0
777411,2025,2025-06-21,mlb,ATH,CLE,41.83351239972274,35.133293372400495,5.1,4.36,0.0,0.0,0.6,0.3,0.0
777390,2025,2025-06-23,mlb,CIN,NYY,37.42971480330227,48.53709649627505,3.33,8.68,0.0,0.0,0.5,0.3,1.0
777388,2025,2025-06-23,mlb,MIN,SEA,34.49429336383309,48.17227508833325,5.1,2.94,0.0,0.0,0.1,0.6,0.0
777393,2025,2025-06-23,mlb,CHW,ARI,32.93310700606492,40.826578178179695,3.81,5.02,0.0,0.0,0.2222222222222222,0.6,0.0
777361,2025,2025-06-25,mlb,MIL,PIT,40.99706517824004,33.19030182341987,4.36,1.97,0.0,0.0,0.7,0.2222222222222222,1.0
777362,2025,2025-06-25,mlb,LAA,BOS,35.95784812425046,40.85080185053196,3.99,5.0,0.0,0.0,0.6,0.5,1.0
777360,2025,2025-06-25,mlb,SDP,WSN,39.95208039441178,34.519895280554,2.87,4.17,0.0,0.0,0.5,0.3,1.0
777365,2025,2025-06-25,mlb,BAL,TEX,32.680558253621186,36.02502306287485,6.24,2.97,0.0,0.0,0.5,0.5,0.0
777371,2025,2025-06-25,mlb,DET,ATH,41.930332091578485,41.83351239972274,4.64,4.08,0.0,0.0,0.5555555555555556,0.5,0.0
777368,2025,2025-06-25,mlb,CLE,TOR,35.133293372400495,43.134335054091295,3.06,5.19,0.0,0.0,0.4,0.4,1.0
777369,2025,2025-06-25,mlb,NYM,ATL,44.13496149211463,38.84710898652087,3.53,13.85,0.0,0.0,0.1,0.7,1.0
777367,2025,2025-06-25,mlb,CIN,NYY,37.42971480330227,48.53709649627505,4.03,2.86,0.0,0.0,0.7,0.3,0.0
777359,2025,2025-06-25,mlb,KCR,TBR,37.56754839015402,39.481233720516585,3.86,2.76,0.0,0.0,0.4,0.7,0.0
777363,2025,2025-06-25,mlb,MIN,SEA,34.49429336383309,48.17227508833325,3.42,4.21,0.0,0.0,0.1,0.7,1.0
777357,2025,2025-06-25,mlb,STL,CHC,35.44000594157538,46.04348923947511,5.49,3.21,0.0,0.0,0.7777777777777778,0.4,0.0
777366,2025,2025-06-25,mlb,HOU,PHI,38.34791246492824,46.07852610677368,5.34,2.71,0.0,0.0,0.7,0.7,1.0
777358,2025,2025-06-25,mlb,COL,LAD,32.21076176814514,44.479785357282616,6.52,2.49,0.0,0.0,0.5,0.8,0.0
777355,2025,2025-06-25,mlb,SFG,MIA,40.864388309944545,35.446382737010744,3.22,3.53,0.0,0.0,0.4,0.6,0.0
777351,2025,2025-06-26,mlb,DET,ATH,41.930332091578485,41.83351239972274,4.08,4.11,0.0,0.0,0.4444444444444444,0.5,1.0
777370,2025,2025-06-25,mlb,CHW,ARI,32.93310700606492,40.826578178179695,4.22,4.83,0.0,0.0,0.2222222222222222,0.6,1.0
777364,2025,2025-06-24,mlb,SFG,MIA,40.864388309944545,35.446382737010744,3.85,6.04,1.0,1.0,0.4,0.6,0.0
777372,2025,2025-06-24,mlb,SDP,WSN,39.95208039441178,34.519895280554,3.66,6.21,0.0,0.0,0.4,0.3,1.0
777376,2025,2025-06-24,mlb,LAA,BOS,35.95784812425046,40.85080185053196,4.56,2.59,0.0,0.0,0.5,0.6,1.0
777391,2025,2025-06-23,mlb,MIL,PIT,40.99706517824004,33.19030182341987,3.53,2.71,0.0,0.0,0.7,0.2222222222222222,0.0
777392,2025,2025-06-23,mlb,STL,CHC,35.44000594157538,46.04348923947511,4.21,5.92,0.0,0.0,0.5555555555555556,0.5,1.0
777381,2025,2025-06-23,mlb,LAA,BOS,35.95784812425046,40.85080185053196,6.81,4.93,0.0,0.0,0.4,0.7,1.0
777382,2025,2025-06-23,mlb,SDP,WSN,39.95208039441178,34.519895280554,3.51,5.68,0.0,0.0,0.4,0.2,0.0
777380,2025,2025-06-24,mlb,BAL,TEX,32.680558253621186,36.02502306287485,5.83,2.84,0.0,0.0,0.6,0.5,0.0
777386,2025,2025-06-24,mlb,DET,ATH,41.930332091578485,41.83351239972274,2.21,4.54,1.0,1.0,0.5555555555555556,0.6,1.0
777384,2025,2025-06-24,mlb,CLE,TOR,35.133293372400495,43.134335054091295,4.25,3.18,1.0,1.0,0.5,0.4,0.0
777426,2025,2025-06-20,mlb,SDP,KCR,39.95208039441178,37.56754839015402,2.87,4.64,0.0,0.0,0.3,0.4,0.0
777387,2025,2025-06-24,mlb,NYM,ATL,44.13496149211463,38.84710898652087,6.28,4.45,0.0,0.0,0.1,0.7,0.0
777378,2025,2025-06-24,mlb,KCR,TBR,37.56754839015402,39.481233720516585,2.55,5.05,1.0,1.0,0.4,0.7,0.0
777375,2025,2025-06-24,mlb,MIN,SEA,34.49429336383309,48.17227508833325,5.35,3.54,0.0,0.0,0.1,0.7,0.0
777383,2025,2025-06-24,mlb,CHW,ARI,32.93310700606492,40.826578178179695,3.92,3.39,0.0,0.0,0.2222222222222222,0.6,0.0
777374,2025,2025-06-24,mlb,MIL,PIT,40.99706517824004,33.19030182341987,2.7,5.52,0.0,0.0,0.7,0.3333333333333333,1.0
777373,2025,2025-06-24,mlb,STL,CHC,35.44000594157538,46.04348923947511,4.42,3.68,0.0,0.0,0.6666666666666666,0.5,1.0
777377,2025,2025-06-24,mlb,HOU,PHI,38.34791246492824,46.07852610677368,3.66,3.2,1.0,1.0,0.7,0.8,1.0
777379,2025,2025-06-24,mlb,COL,LAD,32.21076176814514,44.479785357282616,6.7,2.95,1.0,1.0,0.5,0.7,0.0
777385,2025,2025-06-24,mlb,CIN,NYY,37.42971480330227,48.53709649627505,4.57,3.09,0.0,0.0,0.6,0.3,1.0
777501,2025,2025-06-15,mlb,BAL,LAA,32.680558253621186,35.95784812425046,5.48,3.99,0.0,0.0,0.6,0.6,1.0
777428,2025,2025-06-20,mlb,LAA,HOU,35.95784812425046,38.34791246492824,3.99,2.43,0.0,0.0,0.6,0.7,0.0
777434,2025,2025-06-20,mlb,MIN,MIL,34.49429336383309,40.99706517824004,3.42,4.36,0.0,0.0,0.3,0.5,0.0
777481,2025,2025-06-17,mlb,MIA,PHI,35.446382737010744,46.07852610677368,6.04,3.92,0.0,0.0,0.5,0.6,1.0
777475,2025,2025-06-17,mlb,DET,PIT,41.930332091578485,33.19030182341987,3.87,4.45,1.0,1.0,0.5,0.6,1.0
777480,2025,2025-06-17,mlb,WSN,COL,34.519895280554,32.21076176814514,4.52,6.65,0.0,0.0,0.1,0.3,0.0
777476,2025,2025-06-17,mlb,NYY,LAA,48.53709649627505,35.95784812425046,4.44,4.76,0.0,0.0,0.4,0.6,0.0
777479,2025,2025-06-17,mlb,TOR,ARI,43.134335054091295,40.826578178179695,3.96,5.25,1.0,1.0,0.6,0.6,1.0
777478,2025,2025-06-17,mlb,CIN,MIN,37.42971480330227,34.49429336383309,2.87,5.4,1.0,1.0,0.7,0.2,1.0
777489,2025,2025-06-17,mlb,ATL,NYM,38.84710898652087,44.13496149211463,3.09,4.22,1.0,1.0,0.4,0.6,1.0
777477,2025,2025-06-17,mlb,TBR,BAL,39.481233720516585,32.680558253621186,3.81,4.19,0.0,0.0,0.7,0.5,0.0
777467,2025,2025-06-17,mlb,CHW,STL,32.93310700606492,35.44000594157538,3.81,4.21,1.0,1.0,0.4,0.3,0.0
777468,2025,2025-06-17,mlb,TEX,KCR,36.02502306287485,37.56754839015402,3.86,4.15,1.0,1.0,0.7,0.1,0.0
777482,2025,2025-06-17,mlb,CHC,MIL,46.04348923947511,40.99706517824004,5.92,3.53,1.0,1.0,0.5,0.5,1.0
777473,2025,2025-06-17,mlb,SEA,BOS,48.17227508833325,40.85080185053196,2.94,4.93,0.0,0.0,0.4,0.8,1.0
777472,2025,2025-06-17,mlb,SFG,CLE,40.864388309944545,35.133293372400495,3.65,4.3,1.0,1.0,0.7,0.2,0.0
777469,2025,2025-06-17,mlb,ATH,HOU,41.83351239972274,38.34791246492824,5.04,4.77,0.0,0.0,0.6,0.7,0.0
777471,2025,2025-06-17,mlb,LAD,SDP,44.479785357282616,39.95208039441178,2.95,3.84,0.0,0.0,0.6,0.4,1.0
777490,2025,2025-06-16,mlb,LAD,SDP,44.479785357282616,39.95208039441178,2.87,4.55,0.0,0.0,0.6,0.4,1.0
777453,2025,2025-06-18,mlb,SEA,BOS,48.17227508833325,40.85080185053196,3.54,2.59,0.0,0.0,0.5,0.8,0.0
777485,2025,2025-06-16,mlb,ATH,HOU,41.83351239972274,38.34791246492824,5.1,5.67,0.0,0.0,0.6,0.8,1.0
777484,2025,2025-06-16,mlb,TBR,BAL,39.481233720516585,32.680558253621186,3.86,5.93,0.0,0.0,0.7,0.6,1.0
777504,2025,2025-06-15,mlb,ATL,COL,38.84710898652087,32.21076176814514,3.99,7.49,0.0,0.0,0.4,0.3,0.0
777503,2025,2025-06-15,mlb,WSN,MIA,34.519895280554,35.446382737010744,4.17,4.25,0.0,0.0,0.2,0.4,0.0
777500,2025,2025-06-15,mlb,BOS,NYY,40.85080185053196,48.53709649627505,3.35,2.86,0.0,0.0,0.7,0.5,1.0
777502,2025,2025-06-15,mlb,NYM,TBR,44.13496149211463,39.481233720516585,3.77,4.87,0.0,0.0,0.7,0.7,0.0
777496,2025,2025-06-15,mlb,KCR,ATH,37.56754839015402,41.83351239972274,2.99,4.11,0.0,0.0,0.2,0.5,0.0
777494,2025,2025-06-15,mlb,HOU,MIN,38.34791246492824,34.49429336383309,3.35,4.04,0.0,0.0,0.7,0.3,1.0
777492,2025,2025-06-15,mlb,MIL,STL,40.99706517824004,35.44000594157538,3.32,4.84,0.0,0.0,0.5,0.4,1.0
777497,2025,2025-06-15,mlb,CHC,PIT,46.04348923947511,33.19030182341987,3.95,4.19,0.0,0.0,0.5,0.6,1.0
777493,2025,2025-06-15,mlb,TEX,CHW,36.02502306287485,32.93310700606492,5.74,4.85,0.0,0.0,0.6,0.4,1.0
777491,2025,2025-06-15,mlb,ARI,SDP,40.826578178179695,39.95208039441178,3.52,2.87,0.0,0.0,0.7,0.3,0.0
777495,2025,2025-06-15,mlb,SEA,CLE,48.17227508833325,35.133293372400495,4.9,4.36,0.0,0.0,0.3,0.3,1.0
777498,2025,2025-06-15,mlb,LAD,SFG,44.479785357282616,40.864388309944545,4.96,7.8,0.0,0.0,0.5,0.8,1.0
777483,2025,2025-06-16,mlb,MIA,PHI,35.446382737010744,46.07852610677368,5.36,6.23,0.0,0.0,0.5,0.5,0.0
777488,2025,2025-06-16,mlb,WSN,COL,34.519895280554,32.21076176814514,5.7,8.91,0.0,0.0,0.1,0.3,0.0
777487,2025,2025-06-16,mlb,NYY,LAA,48.53709649627505,35.95784812425046,3.32,4.26,0.0,0.0,0.5,0.5,0.0
777486,2025,2025-06-16,mlb,SEA,BOS,48.17227508833325,40.85080185053196,3.44,3.41,0.0,0.0,0.4,0.8,0.0
777465,2025,2025-06-18,mlb,MIA,PHI,35.446382737010744,46.07852610677368,4.8,3.2,0.0,0.0,0.6,0.6,0.0
777461,2025,2025-06-18,mlb,WSN,COL,34.519895280554,32.21076176814514,5.68,6.7,0.0,0.0,0.0,0.4,0.0
777466,2025,2025-06-18,mlb,NYY,LAA,48.53709649627505,35.95784812425046,4.36,6.81,0.0,0.0,0.3,0.6,0.0
777448,2025,2025-06-19,mlb,TOR,ARI,43.134335054091295,40.826578178179695,3.59,3.39,0.0,0.0,0.6,0.5,0.0
777440,2025,2025-06-19,mlb,SFG,CLE,40.864388309944545,35.133293372400495,3.22,3.06,0.0,0.0,0.5,0.4,1.0
777444,2025,2025-06-19,mlb,MIA,PHI,35.446382737010744,46.07852610677368,3.53,2.5,0.0,0.0,0.5,0.7,0.0
777455,2025,2025-06-19,mlb,ATL,NYM,38.84710898652087,44.13496149211463,4.45,3.53,0.0,0.0,0.6,0.5,1.0
777446,2025,2025-06-19,mlb,TBR,BAL,39.481233720516585,32.680558253621186,2.76,5.83,0.0,0.0,0.7,0.5,0.0
777441,2025,2025-06-19,mlb,ATH,HOU,41.83351239972274,38.34791246492824,4.08,5.34,0.0,0.0,0.5,0.7,1.0
777442,2025,2025-06-19,mlb,LAD,SDP,44.479785357282616,39.95208039441178,2.49,3.66,0.0,0.0,0.8,0.3,0.0
777436,2025,2025-06-20,mlb,CHC,SEA,46.04348923947511,48.17227508833325,3.21,4.21,0.0,1.0,0.5,0.5,0.0
777432,2025,2025-06-20,mlb,PIT,TEX,33.19030182341987,36.02502306287485,3.94,2.97,0.0,0.0,0.3333333333333333,0.6,0.0
777431,2025,2025-06-20,mlb,TBR,DET,39.481233720516585,41.930332091578485,4.87,4.64,0.0,0.0,0.6,0.6666666666666666,1.0
777438,2025,2025-06-20,mlb,NYY,BAL,48.53709649627505,32.680558253621186,2.86,4.64,0.0,0.0,0.4,0.6,0.0
777435,2025,2025-06-20,mlb,TOR,CHW,43.134335054091295,32.93310700606492,7.11,4.91,0.0,0.0,0.5,0.1111111111111111,0.0
777439,2025,2025-06-20,mlb,MIA,ATL,35.446382737010744,38.84710898652087,4.17,13.85,0.0,0.0,0.5,0.7,1.0
777433,2025,2025-06-20,mlb,STL,CIN,35.44000594157538,37.42971480330227,5.31,4.03,0.0,0.0,0.3333333333333333,0.7,1.0
777437,2025,2025-06-20,mlb,PHI,NYM,46.07852610677368,44.13496149211463,2.71,9.0,0.0,0.0,0.8,0.4,1.0
777443,2025,2025-06-19,mlb,TEX,KCR,36.02502306287485,37.56754839015402,2.31,3.86,0.0,0.0,0.7,0.3,0.0
777450,2025,2025-06-19,mlb,CHC,MIL,46.04348923947511,40.99706517824004,3.68,2.7,1.0,1.0,0.6,0.5,0.0
777447,2025,2025-06-19,mlb,CHW,STL,32.93310700606492,35.44000594157538,4.22,5.49,1.0,1.0,0.3,0.3,0.0
777462,2025,2025-06-18,mlb,TOR,ARI,43.134335054091295,40.826578178179695,3.18,5.02,0.0,0.0,0.6,0.5,1.0
777474,2025,2025-06-18,mlb,CIN,MIN,37.42971480330227,34.49429336383309,3.33,5.1,0.0,0.0,0.8,0.2,1.0
777470,2025,2025-06-18,mlb,ATL,NYM,38.84710898652087,44.13496149211463,2.58,6.23,0.0,0.0,0.5,0.6,1.0
777463,2025,2025-06-18,mlb,TBR,BAL,39.481233720516585,32.680558253621186,5.05,1.81,0.0,0.0,0.6,0.6,1.0
777460,2025,2025-06-18,mlb,TEX,KCR,36.02502306287485,37.56754839015402,4.4,2.55,0.0,0.0,0.7,0.2,0.0
777454,2025,2025-06-18,mlb,SFG,CLE,40.864388309944545,35.133293372400495,3.85,4.25,0.0,0.0,0.6,0.3,0.0
777456,2025,2025-06-18,mlb,ATH,HOU,41.83351239972274,38.34791246492824,4.54,3.66,0.0,0.0,0.5,0.7,0.0
777430,2025,2025-06-20,mlb,COL,ARI,32.21076176814514,40.826578178179695,7.49,4.83,0.0,0.0,0.5,0.6,0.0
777457,2025,2025-06-18,mlb,LAD,SDP,44.479785357282616,39.95208039441178,2.82,3.51,0.0,0.0,0.7,0.3,1.0
777458,2025,2025-06-19,mlb,CHW,STL,32.93310700606492,35.44000594157538,4.22,4.28,0.0,0.0,0.2,0.3,
777459,2025,2025-08-18,mlb,CHC,MIL,46.04348923947511,40.99706517824004,3.68,4.36,0.0,0.0,0.5,0.9,
777452,2025,2025-06-19,mlb,CIN,MIN,37.42971480330227,34.49429336383309,4.45,5.35,0.0,0.0,0.8,0.2,0.0
777445,2025,2025-06-19,mlb,WSN,COL,34.519895280554,32.21076176814514,6.21,6.52,0.0,0.0,0.0,0.5,1.0
777449,2025,2025-06-19,mlb,NYY,LAA,48.53709649627505,35.95784812425046,3.09,4.56,0.0,0.0,0.3,0.6,1.0
777451,2025,2025-06-19,mlb,DET,PIT,41.930332091578485,33.19030182341987,2.21,5.52,1.0,1.0,0.6,0.5,1.0
777464,2025,2025-06-19,mlb,DET,PIT,41.930332091578485,33.19030182341987,2.21,5.52,0.0,0.0,0.6,0.4,
777658,2025,2025-06-03,mlb,ATH,MIN,41.83351239972274,34.49429336383309,5.09,2.74,0.0,0.0,0.1,0.5,0.0
777656,2025,2025-06-03,mlb,SFG,SDP,40.864388309944545,39.95208039441178,3.8,3.66,0.0,0.0,0.4,0.7,0.0
777655,2025,2025-06-03,mlb,SEA,BAL,48.17227508833325,32.680558253621186,4.21,4.64,1.0,1.0,0.4,0.6,0.0
777859,2025,2025-05-19,mlb,PIT,CIN,33.19030182341987,37.42971480330227,4.19,3.33,0.0,0.0,0.3,0.5,0.0
777863,2025,2025-05-19,mlb,MIA,CHC,35.446382737010744,46.04348923947511,3.53,5.92,0.0,0.0,0.4,0.6,1.0
777856,2025,2025-05-19,mlb,BOS,NYM,40.85080185053196,44.13496149211463,4.13,3.02,0.0,0.0,0.4,0.6,1.0
777858,2025,2025-05-19,mlb,TBR,HOU,39.481233720516585,38.34791246492824,3.86,5.34,0.0,0.0,0.5,0.6,0.0
777857,2025,2025-05-19,mlb,CHW,SEA,32.93310700606492,48.17227508833325,4.1,3.54,0.0,0.0,0.4,0.5,0.0
777860,2025,2025-05-19,mlb,MIL,BAL,40.99706517824004,32.680558253621186,2.45,4.19,0.0,0.0,0.3,0.2,1.0
777862,2025,2025-05-19,mlb,STL,DET,35.44000594157538,41.930332091578485,4.28,5.23,0.0,0.0,0.8,0.6666666666666666,1.0
777852,2025,2025-05-19,mlb,COL,PHI,32.21076176814514,46.07852610677368,4.98,2.5,0.0,0.0,0.2222222222222222,0.7,0.0
777855,2025,2025-05-19,mlb,SFG,KCR,40.864388309944545,37.56754839015402,3.65,2.55,0.0,0.0,0.5,0.4,0.0
777853,2025,2025-05-19,mlb,ATH,LAA,41.83351239972274,35.95784812425046,5.08,4.26,0.0,0.0,0.2,0.5,0.0
777854,2025,2025-05-19,mlb,LAD,ARI,44.479785357282616,40.826578178179695,2.95,5.25,0.0,0.0,0.4,0.6,0.0
777847,2025,2025-05-20,mlb,PIT,CIN,33.19030182341987,37.42971480330227,4.45,4.45,0.0,0.0,0.3,0.6,1.0
777850,2025,2025-05-20,mlb,MIA,CHC,35.446382737010744,46.04348923947511,3.99,3.68,0.0,0.0,0.5,0.6,0.0
777851,2025,2025-05-20,mlb,BOS,NYM,40.85080185053196,44.13496149211463,4.93,3.53,0.0,0.0,0.4,0.5,1.0
777878,2025,2025-05-18,mlb,NYY,NYM,48.53709649627505,44.13496149211463,2.86,4.22,0.0,0.0,0.7,0.6,1.0
777841,2025,2025-05-20,mlb,WSN,ATL,34.519895280554,38.84710898652087,5.68,4.45,1.0,1.0,0.4,0.6,1.0
777868,2025,2025-05-18,mlb,SDP,SEA,39.95208039441178,48.17227508833325,3.44,2.94,0.0,0.0,0.4,0.5,0.0
777870,2025,2025-05-18,mlb,ARI,COL,40.826578178179695,32.21076176814514,3.52,6.52,0.0,0.0,0.5,0.2222222222222222,1.0
777887,2025,2025-05-17,mlb,ARI,COL,40.826578178179695,32.21076176814514,4.83,6.7,0.0,0.0,0.6,0.1111111111111111,0.0
777875,2025,2025-05-17,mlb,SDP,SEA,39.95208039441178,48.17227508833325,2.87,4.9,0.0,0.0,0.5,0.4,0.0
777879,2025,2025-05-17,mlb,SFG,ATH,40.864388309944545,41.83351239972274,3.8,4.54,0.0,0.0,0.4,0.3,1.0
777884,2025,2025-05-17,mlb,LAD,LAA,44.479785357282616,35.95784812425046,3.36,4.56,0.0,0.0,0.5,0.5,0.0
777869,2025,2025-05-18,mlb,TEX,HOU,36.02502306287485,38.34791246492824,3.86,3.66,0.0,0.0,0.7,0.6,0.0
777873,2025,2025-05-18,mlb,BAL,WSN,32.680558253621186,34.519895280554,5.93,4.52,0.0,0.0,0.2,0.3,0.0
777880,2025,2025-05-18,mlb,PHI,PIT,46.07852610677368,33.19030182341987,6.23,1.97,0.0,0.0,0.7,0.3,1.0
777876,2025,2025-05-18,mlb,BOS,ATL,40.85080185053196,38.84710898652087,3.35,3.09,0.0,0.0,0.5,0.6,0.0
777871,2025,2025-05-18,mlb,TOR,DET,43.134335054091295,41.930332091578485,4.17,4.22,0.0,0.0,0.6,0.6666666666666666,0.0
777874,2025,2025-05-18,mlb,CIN,CLE,37.42971480330227,35.133293372400495,2.87,4.36,0.0,0.0,0.5,0.5,1.0
777877,2025,2025-05-18,mlb,MIA,TBR,35.446382737010744,39.481233720516585,6.04,4.87,0.0,0.0,0.4,0.5,1.0
777864,2025,2025-05-18,mlb,KCR,STL,37.56754839015402,35.44000594157538,3.86,4.21,0.0,0.0,0.4,0.9,1.0
777865,2025,2025-05-18,mlb,MIL,MIN,40.99706517824004,34.49429336383309,2.7,5.56,0.0,0.0,0.3,1.0,1.0
777872,2025,2025-05-18,mlb,CHC,CHW,46.04348923947511,32.93310700606492,3.95,5.82,0.0,0.0,0.5,0.4,1.0
777867,2025,2025-05-18,mlb,SFG,ATH,40.864388309944545,41.83351239972274,3.85,4.11,0.0,0.0,0.5,0.2,1.0
777866,2025,2025-05-18,mlb,LAD,LAA,44.479785357282616,35.95784812425046,5.0,3.99,0.0,0.0,0.5,0.5,0.0
777848,2025,2025-05-20,mlb,TBR,HOU,39.481233720516585,38.34791246492824,3.81,3.35,0.0,0.0,0.5,0.6,1.0
777849,2025,2025-05-20,mlb,NYY,TEX,48.53709649627505,36.02502306287485,4.44,4.4,1.0,1.0,0.7,0.7,1.0
777845,2025,2025-05-20,mlb,TOR,SDP,43.134335054091295,39.95208039441178,3.96,4.55,1.0,1.0,0.6,0.4,1.0
777823,2025,2025-05-21,mlb,COL,PHI,32.21076176814514,46.07852610677368,8.91,4.08,0.0,0.0,0.2,0.8,0.0
777828,2025,2025-05-21,mlb,ATH,LAA,41.83351239972274,35.95784812425046,5.04,6.81,0.0,0.0,0.2,0.7,0.0
777824,2025,2025-05-21,mlb,LAD,ARI,44.479785357282616,40.826578178179695,4.96,2.66,0.0,0.0,0.4,0.6,1.0
777825,2025,2025-09-16,mlb,WSN,ATL,34.519895280554,38.84710898652087,6.21,3.86,0.0,0.0,0.5,0.4,
777818,2025,2025-05-22,mlb,NYY,TEX,48.53709649627505,36.02502306287485,3.09,1.73,0.0,0.0,0.7,0.6,1.0
777816,2025,2025-05-22,mlb,TOR,SDP,43.134335054091295,39.95208039441178,6.05,3.51,0.0,0.0,0.6,0.3,1.0
777817,2025,2025-05-22,mlb,COL,PHI,32.21076176814514,46.07852610677368,6.7,3.2,0.0,0.0,0.2,0.8,0.0
777812,2025,2025-05-22,mlb,ATH,LAA,41.83351239972274,35.95784812425046,4.54,4.56,0.0,0.0,0.1,0.7,0.0
777821,2025,2025-05-22,mlb,DET,CLE,41.930332091578485,35.133293372400495,4.64,4.24,0.0,0.0,0.7,0.3,0.0
777814,2025,2025-05-22,mlb,PIT,MIL,33.19030182341987,40.99706517824004,3.94,4.85,0.0,0.0,0.4,0.5,0.0
777820,2025,2025-05-22,mlb,WSN,ATL,34.519895280554,38.84710898652087,6.21,3.86,1.0,1.0,0.5,0.6,1.0
777822,2025,2025-05-22,mlb,HOU,SEA,38.34791246492824,48.17227508833325,6.51,4.21,0.0,0.0,0.5,0.6,1.0
777815,2025,2025-05-23,mlb,BOS,BAL,40.85080185053196,32.680558253621186,3.35,5.21,1.0,1.0,0.4,0.2,1.0
777811,2025,2025-05-23,mlb,CIN,CHC,37.42971480330227,46.04348923947511,2.76,3.21,1.0,1.0,0.5,0.7,0.0
777837,2025,2025-05-21,mlb,TOR,SDP,43.134335054091295,39.95208039441178,3.59,3.84,0.0,0.0,0.6,0.4,1.0
777835,2025,2025-05-21,mlb,NYY,TEX,48.53709649627505,36.02502306287485,4.36,2.97,0.0,0.0,0.7,0.7,1.0
777831,2025,2025-05-21,mlb,BOS,NYM,40.85080185053196,44.13496149211463,2.59,3.95,0.0,0.0,0.5,0.4,0.0
777829,2025,2025-05-21,mlb,MIN,CLE,34.49429336383309,35.133293372400495,5.35,3.06,1.0,1.0,0.9,0.3,0.0
777846,2025,2025-05-20,mlb,CHW,SEA,32.93310700606492,48.17227508833325,3.31,5.62,0.0,0.0,0.4,0.5,1.0
777844,2025,2025-05-20,mlb,MIL,BAL,40.99706517824004,32.680558253621186,1.78,3.41,0.0,0.0,0.4,0.2,1.0
777840,2025,2025-05-20,mlb,STL,DET,35.44000594157538,41.930332091578485,5.49,2.21,0.0,0.0,0.8,0.6,0.0
777842,2025,2025-05-20,mlb,COL,PHI,32.21076176814514,46.07852610677368,6.65,3.92,0.0,0.0,0.2,0.7,0.0
777836,2025,2025-05-20,mlb,SFG,KCR,40.864388309944545,37.56754839015402,4.8,4.64,0.0,0.0,0.4,0.4,1.0
777843,2025,2025-05-20,mlb,ATH,LAA,41.83351239972274,35.95784812425046,6.4,4.76,0.0,0.0,0.2,0.6,0.0
777838,2025,2025-05-20,mlb,LAD,ARI,44.479785357282616,40.826578178179695,2.49,3.39,0.0,0.0,0.4,0.6,1.0
777883,2025,2025-05-17,mlb,MIL,MIN,40.99706517824004,34.49429336383309,3.55,2.74,0.0,0.0,0.4,1.0,0.0
777839,2025,2025-09-20,mlb,MIN,CLE,34.49429336383309,35.133293372400495,5.35,3.06,0.0,0.0,0.2,0.9,
777832,2025,2025-05-21,mlb,TBR,HOU,39.481233720516585,38.34791246492824,5.05,2.43,0.0,0.0,0.5,0.6,1.0
777861,2025,2025-05-19,mlb,MIN,CLE,34.49429336383309,35.133293372400495,3.42,,0.0,0.0,0.9,0.4,1.0
777833,2025,2025-05-21,mlb,MIA,CHC,35.446382737010744,46.04348923947511,4.73,2.67,0.0,0.0,0.5,0.7,0.0
777826,2025,2025-05-21,mlb,MIL,BAL,40.99706517824004,32.680558253621186,3.53,4.64,0.0,0.0,0.5,0.1,0.0
777827,2025,2025-05-21,mlb,STL,DET,35.44000594157538,41.930332091578485,5.31,2.43,0.0,0.0,0.7,0.6,0.0
777830,2025,2025-05-21,mlb,CHW,SEA,32.93310700606492,48.17227508833325,3.81,4.32,0.0,0.0,0.4,0.5,0.0
777819,2025,2025-05-21,mlb,SFG,KCR,40.864388309944545,37.56754839015402,3.22,3.06,0.0,0.0,0.5,0.3,0.0
777834,2025,2025-05-21,mlb,PIT,CIN,33.19030182341987,37.42971480330227,5.52,4.03,0.0,0.0,0.3,0.6,1.0
777806,2025,2025-05-23,mlb,PIT,MIL,33.19030182341987,40.99706517824004,1.97,2.7,0.0,0.0,0.3,0.5,1.0
777893,2025,2025-05-17,mlb,BOS,ATL,40.85080185053196,38.84710898652087,3.41,3.99,0.0,0.0,0.4,0.6,1.0
777882,2025,2025-05-17,mlb,TEX,HOU,36.02502306287485,38.34791246492824,2.18,4.1,0.0,0.0,0.6,0.6,1.0
777936,2025,2025-05-13,mlb,CHC,MIA,46.04348923947511,35.446382737010744,5.92,4.65,0.0,0.0,0.5,0.3,1.0
777934,2025,2025-05-13,mlb,TEX,COL,36.02502306287485,32.21076176814514,3.86,4.98,0.0,0.0,0.5,0.1111111111111111,1.0
777931,2025,2025-05-13,mlb,HOU,KCR,38.34791246492824,37.56754839015402,3.66,2.55,0.0,0.0,0.4,0.8,1.0
777932,2025,2025-05-13,mlb,SDP,LAA,39.95208039441178,35.95784812425046,4.55,4.26,0.0,0.0,0.6,0.5,1.0
777926,2025,2025-05-13,mlb,SEA,NYY,48.17227508833325,48.53709649627505,2.94,2.86,0.0,0.0,0.4,0.6,1.0
777930,2025,2025-05-13,mlb,SFG,ARI,40.864388309944545,40.826578178179695,3.65,5.25,0.0,0.0,0.5,0.5,1.0
777937,2025,2025-05-13,mlb,LAD,ATH,44.479785357282616,41.83351239972274,4.89,4.11,1.0,1.0,0.6,0.5,0.0
777924,2025,2025-05-14,mlb,BAL,MIN,32.680558253621186,34.49429336383309,4.19,5.1,2.0,2.0,0.4,0.8,0.0
777938,2025,2025-05-14,mlb,BAL,MIN,32.680558253621186,34.49429336383309,15.58,4.04,0.0,0.0,0.3,0.9,0.0
777922,2025,2025-05-14,mlb,PHI,STL,46.07852610677368,35.44000594157538,3.92,5.49,1.0,1.0,0.7,0.9,1.0
777933,2025,2025-05-14,mlb,PHI,STL,46.07852610677368,35.44000594157538,6.01,4.28,0.0,0.0,0.7,0.9,0.0
777925,2025,2025-05-14,mlb,CLE,MIL,35.133293372400495,40.99706517824004,3.06,1.78,0.0,0.0,0.7,0.4,0.0
777916,2025,2025-05-14,mlb,SFG,ARI,40.864388309944545,40.826578178179695,6.95,5.02,0.0,0.0,0.5,0.5,0.0
777942,2025,2025-05-13,mlb,ATL,WSN,38.84710898652087,34.519895280554,3.09,4.52,0.0,0.0,0.6,0.3,1.0
777915,2025,2025-05-14,mlb,SEA,NYY,48.17227508833325,48.53709649627505,3.54,4.44,0.0,0.0,0.4,0.5,0.0
777943,2025,2025-05-13,mlb,NYM,PIT,44.13496149211463,33.19030182341987,3.02,4.19,0.0,0.0,0.6,0.2,1.0
777945,2025,2025-05-13,mlb,CIN,CHW,37.42971480330227,32.93310700606492,2.87,5.82,1.0,1.0,0.3,0.4,0.0
777958,2025,2025-05-11,mlb,SEA,TOR,48.17227508833325,43.134335054091295,5.68,4.58,0.0,0.0,0.6,0.6,0.0
777971,2025,2025-05-11,mlb,CLE,PHI,35.133293372400495,46.07852610677368,4.36,2.71,0.0,0.0,0.7,0.7,0.0
777960,2025,2025-05-12,mlb,CLE,MIL,35.133293372400495,40.99706517824004,3.22,2.7,0.0,0.0,0.6,0.4,1.0
777951,2025,2025-05-12,mlb,DET,BOS,41.930332091578485,40.85080185053196,4.22,8.04,0.0,0.0,0.6666666666666666,0.5,1.0
777953,2025,2025-05-12,mlb,PHI,STL,46.07852610677368,35.44000594157538,2.5,4.21,0.0,0.0,0.7,0.8,0.0
777950,2025,2025-05-12,mlb,NYM,PIT,44.13496149211463,33.19030182341987,4.22,1.97,0.0,0.0,0.5,0.2,1.0
777959,2025,2025-05-12,mlb,ATL,WSN,38.84710898652087,34.519895280554,3.99,5.7,0.0,0.0,0.5,0.4,1.0
777952,2025,2025-05-12,mlb,CHC,MIA,46.04348923947511,35.446382737010744,3.95,6.04,0.0,0.0,0.5,0.3,1.0
777949,2025,2025-05-12,mlb,TEX,COL,36.02502306287485,32.21076176814514,2.18,6.52,0.0,0.0,0.4,0.2222222222222222,1.0
777948,2025,2025-05-12,mlb,HOU,KCR,38.34791246492824,37.56754839015402,5.67,3.86,0.0,0.0,0.4,0.7,0.0
777947,2025,2025-05-12,mlb,SDP,LAA,39.95208039441178,35.95784812425046,3.44,3.99,0.0,0.0,0.7,0.4,0.0
777941,2025,2025-05-12,mlb,SEA,NYY,48.17227508833325,48.53709649627505,4.9,3.32,0.0,0.0,0.5,0.5,0.0
777939,2025,2025-05-12,mlb,SFG,ARI,40.864388309944545,40.826578178179695,3.85,3.52,0.0,0.0,0.5,0.4,0.0
777944,2025,2025-05-13,mlb,CLE,MIL,35.133293372400495,40.99706517824004,4.25,3.32,0.0,0.0,0.6,0.4,1.0
777940,2025,2025-05-13,mlb,DET,BOS,41.930332091578485,40.85080185053196,3.66,3.35,0.0,0.0,0.6666666666666666,0.5,1.0
777935,2025,2025-05-13,mlb,TOR,TBR,43.134335054091295,39.481233720516585,4.17,4.87,1.0,1.0,0.6,0.4,0.0
777927,2025,2025-05-14,mlb,DET,BOS,41.930332091578485,40.85080185053196,2.21,4.13,0.0,0.0,0.6666666666666666,0.4,1.0
777923,2025,2025-05-14,mlb,TOR,TBR,43.134335054091295,39.481233720516585,3.96,3.86,0.0,0.0,0.5,0.5,1.0
777919,2025,2025-05-14,mlb,NYM,PIT,44.13496149211463,33.19030182341987,3.53,4.45,0.0,0.0,0.6,0.2,0.0
777903,2025,2025-05-16,mlb,MIA,TBR,35.446382737010744,39.481233720516585,4.73,5.05,1.0,0.0,0.3,0.5,1.0
777901,2025,2025-05-16,mlb,KCR,STL,37.56754839015402,35.44000594157538,4.67,5.31,1.0,1.0,0.6,0.9,0.0
777895,2025,2025-05-16,mlb,TEX,HOU,36.02502306287485,38.34791246492824,1.73,6.51,0.0,0.0,0.7,0.5,0.0
777898,2025,2025-05-16,mlb,MIL,MIN,40.99706517824004,34.49429336383309,3.53,3.42,1.0,0.0,0.5,1.0,0.0
777897,2025,2025-05-16,mlb,ARI,COL,40.826578178179695,32.21076176814514,2.66,8.91,1.0,1.0,0.5,0.1111111111111111,1.0
777896,2025,2025-05-16,mlb,SDP,SEA,39.95208039441178,48.17227508833325,3.51,4.32,1.0,1.0,0.6,0.3,0.0
777899,2025,2025-05-16,mlb,LAD,LAA,44.479785357282616,35.95784812425046,4.96,6.81,0.0,1.0,0.6,0.4,0.0
777891,2025,2025-05-16,mlb,SFG,ATH,40.864388309944545,41.83351239972274,3.22,5.04,1.0,0.0,0.4,0.4,1.0
777888,2025,2025-05-17,mlb,NYY,NYM,48.53709649627505,44.13496149211463,3.32,3.77,0.0,0.0,0.7,0.6,0.0
777881,2025,2025-05-17,mlb,CHC,CHW,46.04348923947511,32.93310700606492,3.21,4.22,0.0,0.0,0.5,0.4,1.0
777886,2025,2025-05-17,mlb,TOR,DET,43.134335054091295,41.930332091578485,3.18,3.15,0.0,0.0,0.5,0.7777777777777778,1.0
777890,2025,2025-05-17,mlb,BAL,WSN,32.680558253621186,34.519895280554,16.78,5.7,0.0,0.0,0.2,0.2,0.0
777889,2025,2025-05-17,mlb,MIA,TBR,35.446382737010744,39.481233720516585,5.36,2.76,0.0,0.0,0.4,0.4,0.0
777894,2025,2025-05-17,mlb,PHI,PIT,46.07852610677368,33.19030182341987,2.71,3.55,0.0,0.0,0.7,0.3,1.0
777892,2025,2025-05-17,mlb,CIN,CLE,37.42971480330227,35.133293372400495,4.52,4.3,0.0,0.0,0.4,0.5,1.0
777908,2025,2025-05-16,mlb,BOS,ATL,40.85080185053196,38.84710898652087,2.59,2.58,1.0,0.0,0.4,0.6,0.0
777906,2025,2025-05-16,mlb,TOR,DET,43.134335054091295,41.930332091578485,6.05,4.64,0.0,1.0,0.5,0.7777777777777778,0.0
777904,2025,2025-05-16,mlb,NYY,NYM,48.53709649627505,44.13496149211463,3.09,3.95,1.0,1.0,0.6,0.6,1.0
777907,2025,2025-05-16,mlb,BAL,WSN,32.680558253621186,34.519895280554,5.21,4.17,0.0,0.0,0.2,0.2,0.0
777928,2025,2025-05-14,mlb,CIN,CHW,37.42971480330227,32.93310700606492,3.33,4.1,0.0,0.0,0.2,0.4,0.0
777929,2025,2025-05-14,mlb,ATL,WSN,38.84710898652087,34.519895280554,5.3,5.68,0.0,0.0,0.7,0.3,0.0
777921,2025,2025-05-14,mlb,CHC,MIA,46.04348923947511,35.446382737010744,3.68,3.99,0.0,0.0,0.5,0.3,0.0
777918,2025,2025-05-14,mlb,TEX,COL,36.02502306287485,32.21076176814514,4.4,6.65,0.0,0.0,0.6,0.1111111111111111,1.0
777920,2025,2025-05-14,mlb,HOU,KCR,38.34791246492824,37.56754839015402,5.34,4.64,0.0,0.0,0.5,0.7,1.0
777914,2025,2025-05-14,mlb,SDP,LAA,39.95208039441178,35.95784812425046,3.84,4.76,0.0,0.0,0.6,0.5,1.0
777917,2025,2025-05-14,mlb,LAD,ATH,44.479785357282616,41.83351239972274,2.49,6.4,0.0,0.0,0.5,0.5,1.0
777885,2025,2025-05-17,mlb,KCR,STL,37.56754839015402,35.44000594157538,2.99,4.84,0.0,0.0,0.5,0.9,0.0
777909,2025,2025-05-15,mlb,ATL,WSN,38.84710898652087,34.519895280554,3.86,6.21,0.0,0.0,0.6,0.3,1.0
777912,2025,2025-05-15,mlb,CIN,CHW,37.42971480330227,32.93310700606492,4.45,6.65,0.0,0.0,0.2,0.5,1.0
777913,2025,2025-05-15,mlb,TOR,TBR,43.134335054091295,39.481233720516585,3.59,3.81,0.0,0.0,0.5,0.5,0.0
777910,2025,2025-05-15,mlb,TEX,HOU,36.02502306287485,38.34791246492824,2.97,2.43,0.0,0.0,0.7,0.5,1.0
777946,2025,2025-05-15,mlb,LAD,ATH,44.479785357282616,41.83351239972274,6.37,5.87,0.0,0.0,0.5,0.4,1.0
777900,2025,2025-05-16,mlb,CHC,CHW,46.04348923947511,32.93310700606492,2.67,3.81,1.0,0.0,0.4,0.4,1.0
777902,2025,2025-05-16,mlb,CIN,CLE,37.42971480330227,35.133293372400495,4.03,4.24,0.0,1.0,0.3,0.6,1.0
777905,2025,2025-05-16,mlb,PHI,PIT,46.07852610677368,33.19030182341987,3.2,5.52,1.0,1.0,0.6,0.3,1.0
777911,2025,2025-05-15,mlb,BAL,MIN,32.680558253621186,34.49429336383309,4.64,5.35,0.0,0.0,0.2,1.0,0.0
777801,2025,2025-05-23,mlb,WSN,SFG,34.519895280554,40.864388309944545,4.17,3.8,0.0,1.0,0.6,0.5,0.0
777810,2025,2025-05-23,mlb,TBR,TOR,39.481233720516585,43.134335054091295,2.76,3.18,1.0,0.0,0.5,0.6,1.0
777807,2025,2025-05-23,mlb,DET,CLE,41.930332091578485,35.133293372400495,4.22,4.3,0.0,0.0,0.7,0.4,0.0
777711,2025,2025-05-30,mlb,KCR,DET,37.56754839015402,41.930332091578485,4.15,3.87,1.0,1.0,0.5,0.6,0.0
777714,2025,2025-05-30,mlb,HOU,TBR,38.34791246492824,39.481233720516585,3.66,3.86,0.0,0.0,0.6,0.8,1.0
777710,2025,2025-05-30,mlb,ARI,WSN,40.826578178179695,34.519895280554,3.52,5.7,1.0,0.0,0.3,0.7,0.0
777707,2025,2025-05-30,mlb,SDP,PIT,39.95208039441178,33.19030182341987,2.87,4.19,1.0,1.0,0.4,0.6,1.0
777713,2025,2025-05-30,mlb,SEA,MIN,48.17227508833325,34.49429336383309,2.94,5.56,0.0,1.0,0.4,0.5,0.0
777708,2025,2025-05-30,mlb,LAD,NYY,44.479785357282616,48.53709649627505,5.0,2.86,1.0,1.0,0.5,0.9,1.0
777704,2025,2025-05-31,mlb,CHC,CIN,46.04348923947511,37.42971480330227,2.17,3.33,0.0,0.0,0.7,0.5,1.0
777701,2025,2025-05-31,mlb,TOR,ATH,43.134335054091295,41.83351239972274,2.7,6.4,0.0,0.0,0.6,0.1,1.0
777697,2025,2025-05-31,mlb,TEX,STL,36.02502306287485,35.44000594157538,4.4,4.28,0.0,0.0,0.3,0.6,0.0
777699,2025,2025-05-31,mlb,BAL,CHW,32.680558253621186,32.93310700606492,4.19,4.1,0.0,0.0,0.5,0.4,1.0
777702,2025,2025-05-31,mlb,PHI,MIL,46.07852610677368,40.99706517824004,3.92,3.53,0.0,0.0,0.7,0.7,0.0
777703,2025,2025-05-31,mlb,CLE,LAA,35.133293372400495,35.95784812425046,4.3,4.76,0.0,0.0,0.5,0.5,1.0
777694,2025,2025-05-31,mlb,KCR,DET,37.56754839015402,41.930332091578485,3.86,2.21,0.0,0.0,0.4,0.7,1.0
777700,2025,2025-05-31,mlb,NYM,COL,44.13496149211463,32.21076176814514,3.02,6.65,0.0,0.0,0.6,0.1,1.0
777693,2025,2025-05-31,mlb,HOU,TBR,38.34791246492824,39.481233720516585,5.34,3.81,0.0,0.0,0.6,0.8,0.0
777709,2025,2025-05-30,mlb,TEX,STL,36.02502306287485,35.44000594157538,3.86,4.21,1.0,1.0,0.2,0.6,1.0
777706,2025,2025-05-31,mlb,ATL,BOS,38.84710898652087,40.85080185053196,3.09,4.93,0.0,0.0,0.3,0.4,1.0
777719,2025,2025-05-30,mlb,ATL,BOS,38.84710898652087,40.85080185053196,3.99,3.41,0.0,1.0,0.3,0.4,0.0
777718,2025,2025-05-30,mlb,NYM,COL,44.13496149211463,32.21076176814514,4.22,4.98,1.0,1.0,0.5,0.1,1.0
777731,2025,2025-05-28,mlb,CHC,COL,46.04348923947511,32.21076176814514,3.21,6.33,0.0,0.0,0.8,0.1,1.0
777724,2025,2025-05-28,mlb,TEX,TOR,36.02502306287485,43.134335054091295,2.18,4.38,0.0,0.0,0.3,0.5,0.0
777728,2025,2025-05-28,mlb,LAA,NYY,35.95784812425046,48.53709649627505,3.99,3.32,0.0,0.0,0.6,0.8,0.0
777730,2025,2025-05-28,mlb,SEA,WSN,48.17227508833325,34.519895280554,4.21,6.21,0.0,0.0,0.6,0.6,0.0
777735,2025,2025-05-29,mlb,PHI,ATL,46.07852610677368,38.84710898652087,2.5,3.86,1.0,1.0,0.9,0.4,1.0
777723,2025,2025-05-29,mlb,PHI,ATL,46.07852610677368,38.84710898652087,2.71,2.58,0.0,0.0,0.9,0.3,0.0
777727,2025,2025-05-29,mlb,TOR,ATH,43.134335054091295,41.83351239972274,4.17,4.08,0.0,0.0,0.5,0.1,1.0
777725,2025,2025-05-29,mlb,HOU,TBR,38.34791246492824,39.481233720516585,5.67,4.87,0.0,0.0,0.7,0.7,0.0
777722,2025,2025-05-29,mlb,SEA,WSN,48.17227508833325,34.519895280554,4.9,4.17,0.0,0.0,0.5,0.7,0.0
777712,2025,2025-05-30,mlb,CHC,CIN,46.04348923947511,37.42971480330227,3.95,2.87,1.0,1.0,0.8,0.5,0.0
777720,2025,2025-05-30,mlb,BAL,CHW,32.680558253621186,32.93310700606492,5.93,8.04,1.0,1.0,0.4,0.4,1.0
777715,2025,2025-05-30,mlb,PHI,MIL,46.07852610677368,40.99706517824004,4.08,3.49,0.0,1.0,0.8,0.7,0.0
777716,2025,2025-05-30,mlb,TOR,ATH,43.134335054091295,41.83351239972274,3.96,4.11,0.0,0.0,0.6,0.1,1.0
777721,2025,2025-05-30,mlb,CLE,LAA,35.133293372400495,35.95784812425046,4.36,4.26,1.0,1.0,0.5,0.5,0.0
777717,2025,2025-05-30,mlb,MIA,SFG,35.446382737010744,40.864388309944545,6.04,4.04,1.0,1.0,0.5,0.4,0.0
777705,2025,2025-05-31,mlb,MIA,SFG,35.446382737010744,40.864388309944545,3.53,3.65,0.0,0.0,0.4,0.4,1.0
777695,2025,2025-05-31,mlb,SEA,MIN,48.17227508833325,34.49429336383309,5.68,5.1,0.0,0.0,0.3,0.5,1.0
777698,2025,2025-05-31,mlb,LAD,NYY,44.479785357282616,48.53709649627505,4.89,4.44,0.0,0.0,0.6,0.8,1.0
777674,2025,2025-06-02,mlb,CHW,DET,32.93310700606492,41.930332091578485,5.82,4.64,0.0,0.0,0.3,0.6,0.0
777676,2025,2025-06-02,mlb,SFG,SDP,40.864388309944545,39.95208039441178,3.22,3.51,0.0,0.0,0.4,0.6,0.0
777669,2025,2025-06-02,mlb,ATH,MIN,41.83351239972274,34.49429336383309,4.54,3.42,0.0,0.0,0.1,0.4,0.0
777675,2025,2025-06-02,mlb,LAD,NYM,44.479785357282616,44.13496149211463,4.96,6.23,0.0,0.0,0.6,0.8,0.0
777663,2025,2025-06-03,mlb,PIT,HOU,33.19030182341987,38.34791246492824,1.97,6.51,1.0,1.0,0.5,0.7,0.0
777666,2025,2025-06-03,mlb,MIA,COL,35.446382737010744,32.21076176814514,5.36,6.52,0.0,0.0,0.4,0.2,0.0
777659,2025,2025-06-03,mlb,WSN,CHC,34.519895280554,46.04348923947511,6.21,2.67,1.0,1.0,0.6,0.8,0.0
777664,2025,2025-06-03,mlb,NYY,CLE,48.53709649627505,35.133293372400495,3.09,4.24,1.0,1.0,0.7,0.6,1.0
777665,2025,2025-06-03,mlb,TOR,PHI,43.134335054091295,46.07852610677368,6.05,2.5,1.0,1.0,0.6,0.5,0.0
777667,2025,2025-06-03,mlb,BOS,LAA,40.85080185053196,35.95784812425046,3.35,3.99,0.0,0.0,0.3,0.3,0.0
777668,2025,2025-06-03,mlb,CIN,MIL,37.42971480330227,40.99706517824004,2.76,2.7,0.0,0.0,0.4,0.8,1.0
777672,2025,2025-06-03,mlb,ATL,ARI,38.84710898652087,40.826578178179695,4.45,4.83,1.0,1.0,0.3,0.2,0.0
777662,2025,2025-06-03,mlb,TBR,TEX,39.481233720516585,36.02502306287485,2.76,2.18,1.0,1.0,0.7,0.4,1.0
777661,2025,2025-06-03,mlb,CHW,DET,32.93310700606492,41.930332091578485,3.81,6.55,0.0,0.0,0.3,0.7,1.0
777660,2025,2025-06-03,mlb,STL,KCR,35.44000594157538,37.56754839015402,5.31,4.64,1.0,1.0,0.6,0.4,0.0
777671,2025,2025-06-02,mlb,CIN,MIL,37.42971480330227,40.99706517824004,4.03,4.85,0.0,0.0,0.4,0.8,0.0
777670,2025,2025-06-02,mlb,BOS,LAA,40.85080185053196,35.95784812425046,5.0,4.56,0.0,0.0,0.4,0.3,0.0
777673,2025,2025-06-02,mlb,MIA,COL,35.446382737010744,32.21076176814514,4.73,6.7,0.0,0.0,0.4,0.1,0.0
777682,2025,2025-06-01,mlb,LAD,NYY,44.479785357282616,48.53709649627505,2.49,4.36,0.0,0.0,0.7,0.7,0.0
777691,2025,2025-05-31,mlb,SDP,PIT,39.95208039441178,33.19030182341987,4.55,4.45,0.0,0.0,0.5,0.6,0.0
777696,2025,2025-05-31,mlb,ARI,WSN,40.826578178179695,34.519895280554,5.25,4.52,0.0,0.0,0.2,0.7,0.0
777678,2025,2025-06-01,mlb,TEX,STL,36.02502306287485,35.44000594157538,2.97,5.49,0.0,0.0,0.3,0.6,1.0
777692,2025,2025-06-01,mlb,ATL,BOS,38.84710898652087,40.85080185053196,5.3,2.59,0.0,0.0,0.3,0.3,0.0
777684,2025,2025-06-01,mlb,BAL,CHW,32.680558253621186,32.93310700606492,5.83,3.31,0.0,0.0,0.6,0.4,1.0
777688,2025,2025-06-01,mlb,PHI,MIL,46.07852610677368,40.99706517824004,3.2,3.96,0.0,0.0,0.6,0.7,0.0
777685,2025,2025-06-01,mlb,TOR,ATH,43.134335054091295,41.83351239972274,3.59,5.04,0.0,0.0,0.6,0.1,1.0
777733,2025,2025-05-28,mlb,KCR,CIN,37.56754839015402,37.42971480330227,2.99,2.76,0.0,0.0,0.4,0.6,1.0
777683,2025,2025-06-01,mlb,CLE,LAA,35.133293372400495,35.95784812425046,3.06,6.81,0.0,0.0,0.6,0.4,1.0
777689,2025,2025-06-01,mlb,MIA,SFG,35.446382737010744,40.864388309944545,3.99,4.8,0.0,0.0,0.4,0.4,0.0
777677,2025,2025-06-01,mlb,KCR,DET,37.56754839015402,41.930332091578485,2.55,4.37,0.0,0.0,0.4,0.6,0.0
777690,2025,2025-06-01,mlb,HOU,TBR,38.34791246492824,39.481233720516585,2.43,5.05,0.0,0.0,0.6,0.8,1.0
777687,2025,2025-06-01,mlb,CHC,CIN,46.04348923947511,37.42971480330227,3.68,4.45,0.0,0.0,0.8,0.4,1.0
777679,2025,2025-06-01,mlb,ARI,WSN,40.826578178179695,34.519895280554,2.66,5.68,0.0,0.0,0.1,0.7,1.0
777680,2025,2025-06-01,mlb,SEA,MIN,48.17227508833325,34.49429336383309,3.54,5.35,0.0,0.0,0.4,0.5,1.0
777681,2025,2025-06-01,mlb,SDP,PIT,39.95208039441178,33.19030182341987,3.84,5.52,0.0,0.0,0.5,0.6,1.0
777686,2025,2025-06-01,mlb,NYM,COL,44.13496149211463,32.21076176814514,3.53,8.91,0.0,0.0,0.7,0.1,1.0
777740,2025,2025-05-28,mlb,BAL,STL,32.680558253621186,35.44000594157538,5.21,4.84,0.0,0.0,0.4,0.6,0.0
777726,2025,2025-05-28,mlb,SDP,MIA,39.95208039441178,35.446382737010744,5.86,5.36,0.0,0.0,0.4,0.4,0.0
777729,2025,2025-05-28,mlb,ARI,PIT,40.826578178179695,33.19030182341987,4.83,1.97,0.0,0.0,0.3,0.5,0.0
777782,2025,2025-05-24,mlb,COL,NYY,32.21076176814514,48.53709649627505,4.98,2.86,0.0,0.0,0.2,0.7,0.0
777795,2025,2025-05-24,mlb,TBR,TOR,39.481233720516585,43.134335054091295,4.87,4.17,0.0,0.0,0.6,0.5,1.0
777796,2025,2025-05-24,mlb,DET,CLE,41.930332091578485,35.133293372400495,3.87,4.36,0.0,0.0,0.6,0.5,0.0
777789,2025,2025-05-24,mlb,NYM,LAD,44.13496149211463,44.479785357282616,4.22,5.0,0.0,0.0,0.4,0.5,1.0
777784,2025,2025-05-24,mlb,ATH,PHI,41.83351239972274,46.07852610677368,4.11,2.5,0.0,0.0,0.0,0.9,0.0
777781,2025,2025-05-24,mlb,LAA,MIA,35.95784812425046,35.446382737010744,4.26,6.04,0.0,0.0,0.8,0.4,0.0
777780,2025,2025-05-25,mlb,DET,CLE,41.930332091578485,35.133293372400495,2.21,4.25,0.0,0.0,0.5,0.5,1.0
777785,2025,2025-05-25,mlb,BOS,BAL,40.85080185053196,32.680558253621186,4.93,4.19,0.0,0.0,0.5,0.2,0.0
777778,2025,2025-05-25,mlb,WSN,SFG,34.519895280554,40.864388309944545,4.52,3.65,0.0,0.0,0.7,0.6,0.0
777776,2025,2025-05-25,mlb,PIT,MIL,33.19030182341987,40.99706517824004,4.45,1.78,0.0,0.0,0.5,0.5,0.0
777779,2025,2025-05-25,mlb,CIN,CHC,37.42971480330227,46.04348923947511,3.33,5.92,0.0,0.0,0.6,0.7,0.0
777775,2025,2025-05-25,mlb,TBR,TOR,39.481233720516585,43.134335054091295,3.86,3.96,0.0,0.0,0.6,0.5,1.0
777774,2025,2025-05-25,mlb,HOU,SEA,38.34791246492824,48.17227508833325,5.34,3.54,0.0,0.0,0.5,0.6,1.0
777772,2025,2025-05-25,mlb,MIN,KCR,34.49429336383309,37.56754839015402,5.1,2.55,0.0,0.0,0.8,0.3,0.0
777777,2025,2025-05-25,mlb,CHW,TEX,32.93310700606492,36.02502306287485,4.1,4.4,0.0,0.0,0.4,0.3,0.0
777792,2025,2025-05-24,mlb,CHW,TEX,32.93310700606492,36.02502306287485,6.65,3.86,0.0,0.0,0.4,0.4,1.0
777803,2025,2025-05-24,mlb,ATL,SDP,38.84710898652087,39.95208039441178,3.99,5.33,0.0,0.0,0.5,0.3,1.0
777787,2025,2025-05-24,mlb,HOU,SEA,38.34791246492824,48.17227508833325,3.66,2.94,0.0,0.0,0.5,0.7,1.0
777791,2025,2025-05-24,mlb,CIN,CHC,37.42971480330227,46.04348923947511,2.87,3.95,0.0,0.0,0.5,0.8,1.0
777808,2025,2025-05-23,mlb,NYM,LAD,44.13496149211463,44.479785357282616,3.77,3.36,1.0,1.0,0.5,0.5,0.0
777813,2025,2025-05-23,mlb,ATL,SDP,38.84710898652087,39.95208039441178,2.58,2.87,0.0,0.0,0.5,0.2,0.0
777805,2025,2025-05-23,mlb,CHW,TEX,32.93310700606492,36.02502306287485,4.22,2.18,1.0,0.0,0.4,0.5,1.0
777800,2025,2025-05-23,mlb,HOU,SEA,38.34791246492824,48.17227508833325,5.67,4.9,0.0,0.0,0.6,0.6,0.0
777799,2025,2025-05-23,mlb,MIN,KCR,34.49429336383309,37.56754839015402,2.74,2.99,1.0,1.0,0.8,0.4,1.0
777797,2025,2025-05-23,mlb,STL,ARI,35.44000594157538,40.826578178179695,4.84,4.83,1.0,1.0,0.6,0.5,1.0
777802,2025,2025-05-23,mlb,COL,NYY,32.21076176814514,48.53709649627505,6.33,3.32,0.0,0.0,0.1,0.8,1.0
777766,2025,2025-05-25,mlb,STL,ARI,35.44000594157538,40.826578178179695,4.28,5.25,0.0,0.0,0.6,0.4,1.0
777798,2025,2025-05-23,mlb,LAA,MIA,35.95784812425046,35.446382737010744,3.99,5.36,0.0,1.0,0.8,0.4,1.0
777809,2025,2025-05-24,mlb,BOS,BAL,40.85080185053196,32.680558253621186,4.13,5.93,0.0,0.0,0.4,0.1,1.0
777790,2025,2025-05-24,mlb,BOS,BAL,40.85080185053196,32.680558253621186,3.41,1.81,0.0,0.0,0.5,0.1,0.0
777788,2025,2025-05-24,mlb,MIN,KCR,34.49429336383309,37.56754839015402,5.56,3.86,0.0,0.0,0.8,0.4,1.0
777786,2025,2025-05-24,mlb,STL,ARI,35.44000594157538,40.826578178179695,4.21,3.52,0.0,0.0,0.6,0.5,1.0
777793,2025,2025-05-24,mlb,WSN,SFG,34.519895280554,40.864388309944545,5.7,4.04,0.0,0.0,0.6,0.6,1.0
777794,2025,2025-05-24,mlb,PIT,MIL,33.19030182341987,40.99706517824004,4.19,3.32,0.0,0.0,0.4,0.5,1.0
777804,2025,2025-05-23,mlb,ATH,PHI,41.83351239972274,46.07852610677368,4.08,2.71,0.0,0.0,0.1,0.8,0.0
776149,2025,2025-09-28,mlb,ATL,PIT,38.84710898652087,33.19030182341987,5.83,3.57,0.0,0.0,0.6666666666666666,0.6,1.0
777768,2025,2025-05-25,mlb,COL,NYY,32.21076176814514,48.53709649627505,6.65,4.44,0.0,0.0,0.2,0.7,0.0
777767,2025,2025-05-25,mlb,LAA,MIA,35.95784812425046,35.446382737010744,4.76,3.53,0.0,0.0,0.8,0.5,0.0
777750,2025,2025-05-27,mlb,KCR,CIN,37.56754839015402,37.42971480330227,3.06,4.03,0.0,0.0,0.4,0.6,0.0
777747,2025,2025-05-27,mlb,MIL,BOS,40.99706517824004,40.85080185053196,4.85,5.0,0.0,0.0,0.6,0.5,1.0
777751,2025,2025-05-27,mlb,CHC,COL,46.04348923947511,32.21076176814514,2.67,6.7,0.0,0.0,0.8,0.2,1.0
777741,2025,2025-05-27,mlb,TEX,TOR,36.02502306287485,43.134335054091295,1.73,6.05,0.0,0.0,0.2,0.5,1.0
777752,2025,2025-05-27,mlb,HOU,ATH,38.34791246492824,41.83351239972274,2.43,5.04,1.0,1.0,0.6,0.1,1.0
777745,2025,2025-05-27,mlb,LAA,NYY,35.95784812425046,48.53709649627505,4.56,3.09,0.0,0.0,0.7,0.8,0.0
777744,2025,2025-05-27,mlb,ARI,PIT,40.826578178179695,33.19030182341987,2.66,3.94,0.0,0.0,0.4,0.4,0.0
777743,2025,2025-05-27,mlb,SEA,WSN,48.17227508833325,34.519895280554,4.32,5.68,1.0,1.0,0.6,0.7,1.0
777742,2025,2025-05-27,mlb,SDP,MIA,39.95208039441178,35.446382737010744,3.51,4.73,0.0,0.0,0.3,0.5,1.0
777739,2025,2025-05-28,mlb,CLE,LAD,35.133293372400495,44.479785357282616,2.63,3.36,0.0,0.0,0.4,0.5,1.0
777738,2025,2025-05-28,mlb,DET,SFG,41.930332091578485,40.864388309944545,4.22,3.8,0.0,0.0,0.6,0.5,1.0
777732,2025,2025-05-28,mlb,TBR,MIN,39.481233720516585,34.49429336383309,2.76,2.74,0.0,0.0,0.7,0.6,1.0
777737,2025,2025-05-28,mlb,NYM,CHW,44.13496149211463,32.93310700606492,3.77,3.81,0.0,0.0,0.6,0.3,0.0
777736,2025,2025-05-28,mlb,MIL,BOS,40.99706517824004,40.85080185053196,2.7,3.35,0.0,0.0,0.7,0.4,1.0
777734,2025,2025-05-28,mlb,HOU,ATH,38.34791246492824,41.83351239972274,6.51,4.54,0.0,0.0,0.6,0.1,1.0
777749,2025,2025-05-27,mlb,NYM,CHW,44.13496149211463,32.93310700606492,3.95,5.82,0.0,0.0,0.5,0.3,1.0
777746,2025,2025-05-27,mlb,TBR,MIN,39.481233720516585,34.49429336383309,5.05,3.42,0.0,0.0,0.7,0.6,0.0
777748,2025,2025-05-27,mlb,PHI,ATL,46.07852610677368,38.84710898652087,3.2,4.45,1.0,1.0,0.9,0.4,1.0
777755,2025,2025-05-27,mlb,DET,SFG,41.930332091578485,40.864388309944545,4.64,3.22,0.0,0.0,0.5,0.6,1.0
777783,2025,2025-05-25,mlb,ATL,SDP,38.84710898652087,39.95208039441178,3.09,4.55,0.0,0.0,0.5,0.3,0.0
777773,2025,2025-05-25,mlb,NYM,LAD,44.13496149211463,44.479785357282616,3.02,4.89,0.0,0.0,0.4,0.5,1.0
777770,2025,2025-05-26,mlb,DET,SFG,41.930332091578485,40.864388309944545,4.37,4.8,0.0,0.0,0.5,0.6,1.0
777764,2025,2025-05-26,mlb,MIL,BOS,40.99706517824004,40.85080185053196,3.53,2.59,0.0,0.0,0.5,0.5,1.0
777757,2025,2025-05-26,mlb,CHC,COL,46.04348923947511,32.21076176814514,3.68,8.91,0.0,0.0,0.7,0.2,1.0
777771,2025,2025-05-26,mlb,BAL,STL,32.680558253621186,35.44000594157538,5.83,5.49,0.0,0.0,0.3,0.7,1.0
777759,2025,2025-05-26,mlb,TEX,TOR,36.02502306287485,43.134335054091295,2.97,3.59,0.0,0.0,0.3,0.4,0.0
777765,2025,2025-05-25,mlb,ATH,PHI,41.83351239972274,46.07852610677368,6.4,3.92,0.0,0.0,0.0,0.9,1.0
777760,2025,2025-05-26,mlb,KCR,CIN,37.56754839015402,37.42971480330227,4.64,4.45,0.0,0.0,0.4,0.6,0.0
777769,2025,2025-05-26,mlb,CLE,LAD,35.133293372400495,44.479785357282616,3.06,2.49,0.0,0.0,0.4,0.4,0.0
777762,2025,2025-05-26,mlb,TBR,MIN,39.481233720516585,34.49429336383309,3.81,5.35,0.0,0.0,0.7,0.7,1.0
777761,2025,2025-05-26,mlb,ARI,PIT,40.826578178179695,33.19030182341987,3.39,5.52,0.0,0.0,0.4,0.4,1.0
777756,2025,2025-05-26,mlb,SDP,MIA,39.95208039441178,35.446382737010744,3.84,3.99,0.0,0.0,0.3,0.6,1.0
777763,2025,2025-05-26,mlb,LAA,NYY,35.95784812425046,48.53709649627505,6.81,4.36,0.0,0.0,0.8,0.8,0.0
777753,2025,2025-05-27,mlb,CLE,LAD,35.133293372400495,44.479785357282616,4.24,4.96,0.0,0.0,0.4,0.4,0.0
777754,2025,2025-05-27,mlb,BAL,STL,32.680558253621186,35.44000594157538,4.64,5.31,0.0,0.0,0.4,0.6,0.0
777758,2025,2025-05-26,mlb,NYM,CHW,44.13496149211463,32.93310700606492,3.53,3.31,0.0,0.0,0.4,0.3,1.0
776142,2025,2025-09-28,mlb,CHC,STL,46.04348923947511,35.44000594157538,3.65,3.07,0.0,0.0,0.4,0.5,1.0
824897,2026,2026-07-19,mlb,ATL,TEX,38.84710898652087,36.02502306287485,3.64,4.21,0.0,0.0,0.4,0.5,1.0
823439,2026,2026-07-19,mlb,PHI,NYM,46.07852610677368,44.13496149211463,5.88,3.21,0.0,0.0,0.5,0.5,0.0
824739,2026,2026-07-19,mlb,BOS,TBR,40.85080185053196,39.481233720516585,2.82,3.1,0.0,0.0,1.0,0.4444444444444444,1.0
823521,2026,2026-07-19,mlb,NYY,LAD,48.53709649627505,44.479785357282616,3.42,3.67,1.0,1.0,0.5,0.5,1.0
822786,2026,2026-07-19,mlb,TOR,CHW,43.134335054091295,32.93310700606492,3.65,3.32,0.0,0.0,0.4,0.6,0.0
823523,2026,2026-07-19,mlb,NYY,LAD,48.53709649627505,44.479785357282616,3.6,5.29,0.0,0.0,0.6,0.4,
824008,2026,2026-07-18,mlb,LAA,DET,35.95784812425046,41.930332091578485,6.03,2.91,0.0,0.0,0.2,0.7,0.0
824979,2026,2026-07-18,mlb,ATH,WSN,41.83351239972274,34.519895280554,3.71,5.21,0.0,0.0,0.0,0.4,1.0
823116,2026,2026-07-18,mlb,SEA,SFG,48.17227508833325,40.864388309944545,4.36,3.72,0.0,0.0,0.3,0.6,1.0
823112,2026,2026-07-20,mlb,SEA,CIN,48.17227508833325,37.42971480330227,4.02,4.15,0.0,0.0,0.4,0.5,1.0
824899,2026,2026-07-18,mlb,ATL,TEX,38.84710898652087,36.02502306287485,4.05,4.4,0.0,0.0,0.5,0.5,0.0
824738,2026,2026-07-18,mlb,BOS,TBR,40.85080185053196,39.481233720516585,4.54,4.21,0.0,0.0,1.0,0.4444444444444444,1.0
825059,2026,2026-07-18,mlb,ARI,STL,40.826578178179695,35.44000594157538,3.51,4.56,0.0,0.0,0.6,0.4444444444444444,1.0
824088,2026,2026-07-18,mlb,KCR,SDP,37.56754839015402,39.95208039441178,1.92,6.19,0.0,0.0,0.4,0.5,1.0
824169,2026,2026-07-18,mlb,HOU,BAL,38.34791246492824,32.680558253621186,4.81,4.38,0.0,0.0,0.4,0.7,0.0
824331,2026,2026-07-18,mlb,COL,CIN,32.21076176814514,37.42971480330227,4.96,5.13,0.0,0.0,0.3,0.4,1.0
822790,2026,2026-07-18,mlb,TOR,CHW,43.134335054091295,32.93310700606492,4.37,4.32,0.0,0.0,0.4,0.6,1.0
823441,2026,2026-07-18,mlb,PHI,NYM,46.07852610677368,44.13496149211463,3.09,4.55,1.0,1.0,0.5,0.5,1.0
824657,2026,2026-07-18,mlb,CHC,MIN,46.04348923947511,34.49429336383309,3.99,3.97,0.0,0.0,0.5,0.7,1.0
824412,2026,2026-07-18,mlb,CLE,PIT,35.133293372400495,33.19030182341987,2.92,3.19,5.0,5.0,0.6,0.6666666666666666,1.0
824411,2026,2026-07-19,mlb,CLE,PIT,35.133293372400495,33.19030182341987,3.7,3.79,0.0,0.0,0.5555555555555556,0.625,0.0
823763,2026,2026-07-18,mlb,MIL,MIA,40.99706517824004,35.446382737010744,3.84,2.68,0.0,0.0,0.625,0.6,1.0
824168,2026,2026-07-19,mlb,HOU,BAL,38.34791246492824,32.680558253621186,3.51,3.5,0.0,0.0,0.4,0.7,0.0
824086,2026,2026-07-19,mlb,KCR,SDP,37.56754839015402,39.95208039441178,3.98,5.26,0.0,0.0,0.5,0.5,0.0
825058,2026,2026-07-20,mlb,ARI,ATH,40.826578178179695,41.83351239972274,4.54,6.08,0.0,0.0,0.7,0.1,0.0
824328,2026,2026-07-20,mlb,COL,WSN,32.21076176814514,34.519895280554,6.37,3.72,0.0,0.0,0.3,0.4,0.0
824167,2026,2026-07-20,mlb,HOU,MIA,38.34791246492824,35.446382737010744,7.71,4.21,0.0,0.0,0.3,0.4,1.0
822874,2026,2026-07-20,mlb,TEX,CHW,36.02502306287485,32.93310700606492,4.21,4.18,0.0,0.0,0.5,0.6,0.0
824654,2026,2026-07-20,mlb,CHC,DET,46.04348923947511,41.930332091578485,5.68,4.59,0.0,0.0,0.7,0.7,0.0
823762,2026,2026-07-20,mlb,MIL,NYM,40.99706517824004,44.13496149211463,1.73,5.11,0.0,0.0,0.625,0.5,1.0
824087,2026,2026-07-20,mlb,KCR,SFG,37.56754839015402,40.864388309944545,3.49,5.12,0.0,0.0,0.4,0.5,1.0
824898,2026,2026-07-20,mlb,ATL,SDP,38.84710898652087,39.95208039441178,3.95,4.68,0.0,0.0,0.5,0.5,1.0
823436,2026,2026-07-20,mlb,PHI,LAD,46.07852610677368,44.479785357282616,2.62,5.29,0.0,0.0,0.5,0.3333333333333333,1.0
824006,2026,2026-07-20,mlb,LAA,STL,35.95784812425046,35.44000594157538,3.43,3.13,0.0,0.0,0.3,0.4444444444444444,1.0
824736,2026,2026-07-20,mlb,BOS,BAL,40.85080185053196,32.680558253621186,3.09,4.04,0.0,0.0,1.0,0.7,1.0
823522,2026,2026-07-20,mlb,NYY,PIT,48.53709649627505,33.19030182341987,3.6,3.59,0.0,0.0,0.6666666666666666,0.625,1.0
824410,2026,2026-07-20,mlb,CLE,MIN,35.133293372400495,34.49429336383309,3.97,3.65,0.0,0.0,0.5555555555555556,0.6,1.0
825057,2026,2026-07-19,mlb,ARI,STL,40.826578178179695,35.44000594157538,2.5,3.57,0.0,0.0,0.6,0.4444444444444444,1.0
823113,2026,2026-07-19,mlb,SEA,SFG,48.17227508833325,40.864388309944545,3.36,3.21,0.0,0.0,0.4,0.5,1.0
824007,2026,2026-07-19,mlb,LAA,DET,35.95784812425046,41.930332091578485,5.75,3.44,0.0,0.0,0.2,0.8,1.0
824978,2026,2026-07-19,mlb,ATH,WSN,41.83351239972274,34.519895280554,4.98,3.19,0.0,0.0,0.1,0.3,0.0
824330,2026,2026-07-19,mlb,COL,CIN,32.21076176814514,37.42971480330227,6.08,6.83,0.0,0.0,0.4,0.4,0.0
824653,2026,2026-07-19,mlb,CHC,MIN,46.04348923947511,34.49429336383309,3.78,4.86,0.0,0.0,0.6,0.7,1.0
823764,2026,2026-07-19,mlb,MIL,MIA,40.99706517824004,35.446382737010744,4.59,3.17,0.0,0.0,0.625,0.5,1.0
822788,2026,2026-07-20,mlb,TOR,TBR,43.134335054091295,39.481233720516585,2.37,2.93,0.0,0.0,0.4,0.4444444444444444,0.0
822951,2026,2026-07-12,mlb,TBR,SEA,39.481233720516585,48.17227508833325,4.21,3.37,0.0,0.0,0.6,0.4,0.0
823115,2026,2026-07-17,mlb,SEA,SFG,48.17227508833325,40.864388309944545,4.12,4.34,4.0,4.0,0.4,0.5,0.0
824814,2026,2026-07-12,mlb,BAL,KCR,32.680558253621186,37.56754839015402,4.04,4.61,0.0,0.0,0.6,0.3,1.0
823358,2026,2026-07-12,mlb,PIT,MIL,33.19030182341987,40.99706517824004,3.79,4.59,0.0,0.0,0.5555555555555556,0.625,1.0
823926,2026,2026-07-11,mlb,LAD,ARI,44.479785357282616,40.826578178179695,2.56,3.51,0.0,0.0,0.6,0.5,0.0
823276,2026,2026-07-11,mlb,SDP,TOR,39.95208039441178,43.134335054091295,4.63,3.65,0.0,0.0,0.3,0.6,1.0
823030,2026,2026-07-11,mlb,STL,ATL,35.44000594157538,38.84710898652087,5.44,3.64,0.0,0.0,0.5555555555555556,0.5,1.0
824492,2026,2026-07-11,mlb,CIN,CHC,37.42971480330227,46.04348923947511,5.24,3.46,0.0,0.0,0.4,0.6,0.0
822875,2026,2026-07-11,mlb,TEX,HOU,36.02502306287485,38.34791246492824,4.41,3.66,0.0,0.0,0.6,0.4,0.0
824813,2026,2026-07-11,mlb,BAL,KCR,32.680558253621186,37.56754839015402,4.03,3.98,0.0,0.0,0.5,0.3,1.0
824249,2026,2026-07-11,mlb,DET,PHI,41.930332091578485,46.07852610677368,3.44,2.62,0.0,0.0,0.9,0.5,0.0
823844,2026,2026-07-11,mlb,MIA,CLE,35.446382737010744,35.133293372400495,3.17,3.97,0.0,0.0,0.7,0.5,0.0
822953,2026,2026-07-11,mlb,TBR,SEA,39.481233720516585,48.17227508833325,3.63,3.36,0.0,0.0,0.6,0.5,1.0
823603,2026,2026-07-11,mlb,NYM,BOS,44.13496149211463,40.85080185053196,5.11,6.3,0.0,0.0,0.5,0.8,0.0
822711,2026,2026-07-11,mlb,WSN,NYY,34.519895280554,48.53709649627505,2.7,2.16,0.0,0.0,0.5,0.4,0.0
823198,2026,2026-07-11,mlb,SFG,COL,40.864388309944545,32.21076176814514,4.41,6.37,0.0,0.0,0.4,0.6,1.0
824576,2026,2026-07-11,mlb,CHW,ATH,32.93310700606492,41.83351239972274,3.27,4.69,0.0,0.0,0.4,0.1,1.0
823682,2026,2026-07-11,mlb,MIN,LAA,34.49429336383309,35.95784812425046,3.65,5.75,0.0,0.0,0.6,0.2,1.0
823356,2026,2026-07-11,mlb,PIT,MIL,33.19030182341987,40.99706517824004,4.26,3.84,1.0,1.0,0.5,0.6666666666666666,1.0
823357,2026,2026-07-11,mlb,PIT,MIL,33.19030182341987,40.99706517824004,3.59,5.27,0.0,0.0,0.5,0.5555555555555556,
824409,2026,2026-07-21,mlb,CLE,MIN,35.133293372400495,34.49429336383309,2.5,3.34,0.0,0.0,0.6666666666666666,0.5,1.0
823200,2026,2026-07-10,mlb,SFG,COL,40.864388309944545,32.21076176814514,3.21,5.38,0.0,0.0,0.4,0.5,0.0
822708,2026,2026-07-12,mlb,WSN,NYY,34.519895280554,48.53709649627505,3.21,4.39,0.0,0.0,0.5,0.5,0.0
824491,2026,2026-07-12,mlb,CIN,CHC,37.42971480330227,46.04348923947511,4.15,3.99,0.0,0.0,0.4,0.6,0.0
823602,2026,2026-07-12,mlb,NYM,BOS,44.13496149211463,40.85080185053196,2.88,3.09,0.0,0.0,0.4,0.8,0.0
824250,2026,2026-07-12,mlb,DET,PHI,41.930332091578485,46.07852610677368,2.91,3.4,0.0,0.0,0.8,0.5,0.0
825060,2026,2026-07-17,mlb,ARI,STL,40.826578178179695,35.44000594157538,5.35,3.86,4.0,4.0,0.6,0.4444444444444444,0.0
824981,2026,2026-07-17,mlb,ATH,WSN,41.83351239972274,34.519895280554,4.69,3.21,4.0,4.0,0.1,0.4,0.0
824009,2026,2026-07-17,mlb,LAA,DET,35.95784812425046,41.930332091578485,3.62,1.86,4.0,4.0,0.2,0.7,0.0
824332,2026,2026-07-17,mlb,COL,CIN,32.21076176814514,37.42971480330227,6.61,4.72,4.0,4.0,0.4,0.4,0.0
824090,2026,2026-07-17,mlb,KCR,SDP,37.56754839015402,39.95208039441178,4.61,3.23,4.0,4.0,0.3,0.5,1.0
824170,2026,2026-07-17,mlb,HOU,BAL,38.34791246492824,32.680558253621186,3.66,5.22,4.0,4.0,0.4,0.7,0.0
824655,2026,2026-07-17,mlb,CHC,MIN,46.04348923947511,34.49429336383309,4.55,4.49,4.0,4.0,0.6,0.7,0.0
823766,2026,2026-07-17,mlb,MIL,MIA,40.99706517824004,35.446382737010744,2.6,3.38,4.0,4.0,0.5,0.6,1.0
822789,2026,2026-07-17,mlb,TOR,CHW,43.134335054091295,32.93310700606492,2.95,4.09,4.0,4.0,0.5,0.5,0.0
824901,2026,2026-07-17,mlb,ATL,TEX,38.84710898652087,36.02502306287485,2.07,2.9,4.0,4.0,0.5,0.5,1.0
824414,2026,2026-07-18,mlb,CLE,PIT,35.133293372400495,33.19030182341987,3.98,4.76,0.0,0.0,0.6,0.5555555555555556,
823524,2026,2026-07-17,mlb,NYY,LAD,48.53709649627505,44.479785357282616,3.19,4.6,4.0,4.0,0.6,0.5,0.0
823440,2026,2026-07-16,mlb,PHI,NYM,46.07852610677368,44.13496149211463,5.03,3.73,3.0,3.0,0.5,0.4,0.0
823274,2026,2026-07-12,mlb,SDP,TOR,39.95208039441178,43.134335054091295,5.26,4.37,0.0,0.0,0.4,0.5,1.0
823925,2026,2026-07-12,mlb,LAD,ARI,44.479785357282616,40.826578178179695,5.29,4.54,0.0,0.0,0.5,0.5,0.0
823199,2026,2026-07-12,mlb,SFG,COL,40.864388309944545,32.21076176814514,5.12,7.08,0.0,0.0,0.5,0.5,1.0
822876,2026,2026-07-12,mlb,TEX,HOU,36.02502306287485,38.34791246492824,4.4,6.47,0.0,0.0,0.5,0.5,1.0
823029,2026,2026-07-12,mlb,STL,ATL,35.44000594157538,38.84710898652087,4.56,8.03,0.0,0.0,0.5555555555555556,0.4,0.0
824574,2026,2026-07-12,mlb,CHW,ATH,32.93310700606492,41.83351239972274,6.06,3.71,0.0,0.0,0.4,0.1,1.0
823681,2026,2026-07-12,mlb,MIN,LAA,34.49429336383309,35.95784812425046,3.97,3.43,0.0,0.0,0.6,0.2,1.0
823842,2026,2026-07-12,mlb,MIA,CLE,35.446382737010744,35.133293372400495,3.59,3.7,0.0,0.0,0.6,0.6,0.0
824737,2026,2026-07-17,mlb,BOS,TBR,40.85080185053196,39.481233720516585,6.3,4.54,4.0,4.0,0.9,0.5,1.0
823437,2026,2026-07-21,mlb,PHI,LAD,46.07852610677368,44.479785357282616,3.4,3.56,0.0,0.0,0.6,0.3333333333333333,0.0
823197,2026,2026-07-25,mlb,SFG,LAA,40.864388309944545,35.95784812425046,3.21,5.75,0.0,0.0,0.4,0.4,1.0
824895,2026,2026-07-21,mlb,ATL,SDP,38.84710898652087,39.95208039441178,3.64,4.63,0.0,0.0,0.6,0.5,0.0
824572,2026,2026-07-26,mlb,CHW,HOU,32.93310700606492,38.34791246492824,4.18,7.71,0.0,0.0,0.6,0.6,1.0
823678,2026,2026-07-26,mlb,MIN,ATH,34.49429336383309,41.83351239972274,5.55,6.08,0.0,0.0,0.5,0.3,1.0
823840,2026,2026-07-26,mlb,MIA,SDP,35.446382737010744,39.95208039441178,4.21,4.63,0.0,0.0,0.0,0.5,0.0
823599,2026,2026-07-26,mlb,NYM,LAD,44.13496149211463,44.479785357282616,5.11,5.29,0.0,0.0,0.3,0.5555555555555556,1.0
824246,2026,2026-07-26,mlb,DET,KCR,41.930332091578485,37.56754839015402,4.35,5.53,0.0,0.0,0.6,0.6,0.0
824810,2026,2026-07-26,mlb,BAL,ATL,32.680558253621186,38.84710898652087,4.04,3.64,0.0,0.0,0.7777777777777778,0.7,0.0
824730,2026,2026-07-26,mlb,BOS,TOR,40.85080185053196,43.134335054091295,3.35,4.37,0.0,0.0,0.75,0.3,1.0
823354,2026,2026-07-26,mlb,PIT,CHC,33.19030182341987,46.04348923947511,3.59,5.68,0.0,0.0,0.42857142857142855,0.7,1.0
822706,2026,2026-07-26,mlb,WSN,ARI,34.519895280554,40.826578178179695,5.82,5.4,0.0,0.0,0.5,0.6666666666666666,1.0
822950,2026,2026-07-26,mlb,TBR,CLE,39.481233720516585,35.133293372400495,2.95,2.5,0.0,0.0,0.5555555555555556,0.4444444444444444,1.0
822869,2026,2026-07-25,mlb,TEX,SEA,36.02502306287485,48.17227508833325,4.21,4.36,0.0,0.0,0.5,0.4,1.0
823027,2026,2026-07-25,mlb,STL,CIN,35.44000594157538,37.42971480330227,3.57,6.83,0.0,0.0,0.3333333333333333,0.6,1.0
823600,2026,2026-07-25,mlb,NYM,LAD,44.13496149211463,44.479785357282616,3.21,2.56,0.0,0.0,0.3,0.4444444444444444,0.0
823758,2026,2026-07-25,mlb,MIL,COL,40.99706517824004,32.21076176814514,4.59,6.08,0.0,0.0,0.5555555555555556,0.4,1.0
824571,2026,2026-07-25,mlb,CHW,HOU,32.93310700606492,38.34791246492824,3.32,3.51,0.0,0.0,0.7,0.5,0.0
823679,2026,2026-07-25,mlb,MIN,ATH,34.49429336383309,41.83351239972274,3.34,4.5,0.0,0.0,0.5,0.3,1.0
824811,2026,2026-07-25,mlb,BAL,ATL,32.680558253621186,38.84710898652087,3.5,3.95,0.0,0.0,0.7777777777777778,0.7,1.0
823355,2026,2026-07-25,mlb,PIT,CHC,33.19030182341987,46.04348923947511,3.79,3.78,0.0,0.0,0.5714285714285714,0.6,0.0
822948,2026,2026-07-25,mlb,TBR,CLE,39.481233720516585,35.133293372400495,2.93,3.97,0.0,0.0,0.4444444444444444,0.5555555555555556,1.0
823435,2026,2026-07-25,mlb,PHI,NYY,46.07852610677368,48.53709649627505,3.34,3.6,0.0,0.0,0.4,0.75,0.0
823841,2026,2026-07-25,mlb,MIA,SDP,35.446382737010744,39.95208039441178,3.17,4.02,0.0,0.0,0.0,0.5,0.0
823755,2026,2026-07-26,mlb,MIL,COL,40.99706517824004,32.21076176814514,1.73,6.37,0.0,0.0,0.6666666666666666,0.3,1.0
824734,2026,2026-07-25,mlb,BOS,TOR,40.85080185053196,43.134335054091295,2.82,2.37,0.0,0.0,0.875,0.2,0.0
823028,2026,2026-07-26,mlb,STL,CIN,35.44000594157538,37.42971480330227,3.13,4.15,0.0,0.0,0.3333333333333333,0.5,0.0
823194,2026,2026-07-26,mlb,SFG,LAA,40.864388309944545,35.95784812425046,6.49,3.43,0.0,0.0,0.5,0.3,0.0
823927,2026,2026-07-10,mlb,LAD,ARI,44.479785357282616,40.826578178179695,4.61,2.5,1.0,0.0,0.7,0.5,0.0
822703,2026,2026-07-28,mlb,WSN,TOR,34.519895280554,43.134335054091295,3.21,4.37,0.0,0.0,0.6,0.4,1.0
823838,2026,2026-07-28,mlb,MIA,PHI,35.446382737010744,46.07852610677368,3.38,5.03,0.0,0.0,0.1,0.3,1.0
822949,2026,2026-07-28,mlb,TBR,TEX,39.481233720516585,36.02502306287485,3.63,2.9,1.0,0.0,0.6666666666666666,0.5,0.0
823350,2026,2026-07-28,mlb,PIT,ARI,33.19030182341987,40.826578178179695,4.26,3.51,0.0,0.0,0.5,0.5555555555555556,0.0
824243,2026,2026-07-28,mlb,DET,BAL,41.930332091578485,32.680558253621186,1.86,5.22,0.0,0.0,0.5,0.6666666666666666,1.0
824489,2026,2026-07-28,mlb,CIN,CLE,37.42971480330227,35.133293372400495,5.23,3.98,1.0,1.0,0.6,0.3333333333333333,1.0
824490,2026,2026-07-28,mlb,CIN,CLE,37.42971480330227,35.133293372400495,2.77,5.07,0.0,0.0,0.7,0.2222222222222222,
823195,2026,2026-07-27,mlb,SFG,MIL,40.864388309944545,40.99706517824004,4.41,5.27,0.0,0.0,0.4,0.7,1.0
824977,2026,2026-07-27,mlb,ATH,BOS,41.83351239972274,40.85080185053196,6.68,3.09,0.0,0.0,0.3,0.75,0.0
824001,2026,2026-07-27,mlb,LAA,HOU,35.95784812425046,38.34791246492824,2.94,5.32,0.0,0.0,0.4,0.5,0.0
823025,2026,2026-07-27,mlb,STL,CHC,35.44000594157538,46.04348923947511,5.44,5.17,0.0,0.0,0.3333333333333333,0.6,0.0
824570,2026,2026-07-27,mlb,CHW,NYY,32.93310700606492,48.53709649627505,6.06,2.81,0.0,0.0,0.6,0.625,0.0
823597,2026,2026-07-27,mlb,NYM,ATL,44.13496149211463,38.84710898652087,2.88,3.12,0.0,0.0,0.4,0.7,1.0
822705,2026,2026-07-27,mlb,WSN,TOR,34.519895280554,43.134335054091295,1.8,7.02,0.0,0.0,0.6,0.3,0.0
823839,2026,2026-07-27,mlb,MIA,PHI,35.446382737010744,46.07852610677368,3.59,3.4,0.0,0.0,0.0,0.4,1.0
823353,2026,2026-07-27,mlb,PIT,ARI,33.19030182341987,40.826578178179695,5.29,5.35,0.0,0.0,0.5,0.5555555555555556,1.0
824245,2026,2026-07-27,mlb,DET,BAL,41.930332091578485,32.680558253621186,3.3,4.03,0.0,0.0,0.6,0.6666666666666666,0.0
822868,2026,2026-07-27,mlb,TEX,SEA,36.02502306287485,48.17227508833325,4.41,4.02,0.0,0.0,0.5,0.5,1.0
823433,2026,2026-07-26,mlb,PHI,NYY,46.07852610677368,48.53709649627505,2.62,4.39,0.0,0.0,0.4,0.75,1.0
822870,2026,2026-07-26,mlb,TEX,SEA,36.02502306287485,48.17227508833325,4.21,3.36,0.0,0.0,0.5,0.4,0.0
822704,2026,2026-07-25,mlb,WSN,ARI,34.519895280554,40.826578178179695,3.19,4.54,0.0,0.0,0.4,0.7777777777777778,1.0
824244,2026,2026-07-25,mlb,DET,KCR,41.930332091578485,37.56754839015402,3.44,3.49,0.0,0.0,0.6,0.5,0.0
823196,2026,2026-07-24,mlb,SFG,LAA,40.864388309944545,35.95784812425046,3.72,6.03,1.0,1.0,0.4,0.4,1.0
824004,2026,2026-07-22,mlb,LAA,STL,35.95784812425046,35.44000594157538,3.62,3.67,0.0,0.0,0.5,0.4,0.0
823110,2026,2026-07-22,mlb,SEA,CIN,48.17227508833325,37.42971480330227,3.37,4.72,0.0,0.0,0.4,0.5,0.0
825055,2026,2026-07-22,mlb,ARI,ATH,40.826578178179695,41.83351239972274,5.35,4.69,0.0,0.0,0.7,0.2,1.0
824327,2026,2026-07-22,mlb,COL,WSN,32.21076176814514,34.519895280554,6.61,3.21,0.0,0.0,0.3,0.4,0.0
823761,2026,2026-07-22,mlb,MIL,NYM,40.99706517824004,44.13496149211463,2.6,3.73,0.0,0.0,0.5555555555555556,0.5,1.0
824083,2026,2026-07-22,mlb,KCR,SFG,37.56754839015402,40.864388309944545,4.61,4.34,0.0,0.0,0.4,0.4,1.0
824732,2026,2026-07-22,mlb,BOS,BAL,40.85080185053196,32.680558253621186,6.3,4.03,1.0,1.0,1.0,0.7,0.0
823518,2026,2026-07-22,mlb,NYY,PIT,48.53709649627505,33.19030182341987,3.19,5.29,1.0,1.0,0.6666666666666666,0.5,0.0
824735,2026,2026-07-22,mlb,BOS,BAL,40.85080185053196,32.680558253621186,6.3,4.03,0.0,0.0,0.8888888888888888,0.8,
823519,2026,2026-07-22,mlb,NYY,PIT,48.53709649627505,33.19030182341987,4.39,4.26,0.0,0.0,0.6666666666666666,0.5,
823114,2026,2026-07-21,mlb,SEA,CIN,48.17227508833325,37.42971480330227,5.19,2.77,0.0,0.0,0.4,0.4,0.0
825056,2026,2026-07-21,mlb,ARI,ATH,40.826578178179695,41.83351239972274,5.4,6.68,0.0,0.0,0.6,0.2,1.0
824005,2026,2026-07-21,mlb,LAA,STL,35.95784812425046,35.44000594157538,2.94,5.44,0.0,0.0,0.4,0.4444444444444444,1.0
824329,2026,2026-07-21,mlb,COL,WSN,32.21076176814514,34.519895280554,7.08,7.71,0.0,0.0,0.3,0.5,1.0
824165,2026,2026-07-21,mlb,HOU,MIA,38.34791246492824,35.446382737010744,5.32,3.59,0.0,0.0,0.3,0.3,1.0
822871,2026,2026-07-21,mlb,TEX,CHW,36.02502306287485,32.93310700606492,4.41,6.06,0.0,0.0,0.5,0.6,1.0
824652,2026,2026-07-21,mlb,CHC,DET,46.04348923947511,41.930332091578485,5.17,4.35,0.0,0.0,0.6,0.7,1.0
823760,2026,2026-07-21,mlb,MIL,NYM,40.99706517824004,44.13496149211463,5.27,2.88,0.0,0.0,0.625,0.4,0.0
824085,2026,2026-07-21,mlb,KCR,SFG,37.56754839015402,40.864388309944545,5.53,4.41,0.0,0.0,0.4,0.4,1.0
824408,2026,2026-07-22,mlb,CLE,MIN,35.133293372400495,34.49429336383309,5.07,4.49,0.0,0.0,0.7777777777777778,0.4,0.0
823438,2026,2026-07-22,mlb,PHI,LAD,46.07852610677368,44.479785357282616,5.03,4.78,0.0,0.0,0.5,0.3333333333333333,0.0
822784,2026,2026-07-22,mlb,TOR,TBR,43.134335054091295,39.481233720516585,3.36,3.63,0.0,0.0,0.4,0.4444444444444444,0.0
824896,2026,2026-07-22,mlb,ATL,SDP,38.84710898652087,39.95208039441178,3.12,3.23,0.0,0.0,0.6,0.5,1.0
823031,2026,2026-07-24,mlb,STL,CIN,35.44000594157538,37.42971480330227,4.56,5.13,0.0,1.0,0.4444444444444444,0.5,0.0
823680,2026,2026-07-24,mlb,MIN,ATH,34.49429336383309,41.83351239972274,4.86,4.98,0.0,1.0,0.5,0.2,0.0
822872,2026,2026-07-24,mlb,TEX,SEA,36.02502306287485,48.17227508833325,4.4,4.12,1.0,1.0,0.5,0.4,1.0
824573,2026,2026-07-24,mlb,CHW,HOU,32.93310700606492,38.34791246492824,4.32,4.81,1.0,1.0,0.7,0.4,0.0
824733,2026,2026-07-24,mlb,BOS,TOR,40.85080185053196,43.134335054091295,4.54,3.65,1.0,0.0,0.875,0.3,1.0
823843,2026,2026-07-24,mlb,MIA,SDP,35.446382737010744,39.95208039441178,3.98,5.26,1.0,0.0,0.1,0.4,0.0
822952,2026,2026-07-24,mlb,TBR,CLE,39.481233720516585,35.133293372400495,3.1,3.7,0.0,0.0,0.4444444444444444,0.6666666666666666,1.0
823601,2026,2026-07-24,mlb,NYM,LAD,44.13496149211463,44.479785357282616,4.55,4.6,1.0,1.0,0.4,0.4444444444444444,0.0
824812,2026,2026-07-24,mlb,BAL,ATL,32.680558253621186,38.84710898652087,4.38,3.64,1.0,0.0,0.8888888888888888,0.6,0.0
823434,2026,2026-07-24,mlb,PHI,NYY,46.07852610677368,48.53709649627505,3.09,2.16,1.0,1.0,0.5,0.75,0.0
822787,2026,2026-07-21,mlb,TOR,TBR,43.134335054091295,39.481233720516585,4.37,2.95,0.0,0.0,0.4,0.4444444444444444,0.0
822707,2026,2026-07-24,mlb,WSN,ARI,34.519895280554,40.826578178179695,7.71,2.5,1.0,0.0,0.5,0.7777777777777778,0.0
824248,2026,2026-07-24,mlb,DET,KCR,41.930332091578485,37.56754839015402,2.91,3.86,0.0,0.0,0.6,0.5,1.0
823759,2026,2026-07-24,mlb,MIL,COL,40.99706517824004,32.21076176814514,3.84,4.96,1.0,1.0,0.6666666666666666,0.3,0.0
824247,2026,2026-07-23,mlb,DET,KCR,41.930332091578485,37.56754839015402,1.86,1.92,0.0,0.0,0.6,0.5,1.0
822785,2026,2026-07-23,mlb,TOR,TBR,43.134335054091295,39.481233720516585,4.37,3.84,0.0,0.0,0.3,0.5555555555555556,1.0
824406,2026,2026-07-23,mlb,CLE,MIN,35.133293372400495,34.49429336383309,3.98,3.97,0.0,0.0,0.7777777777777778,0.4,0.0
824893,2026,2026-07-23,mlb,ATL,SDP,38.84710898652087,39.95208039441178,2.07,3.98,0.0,0.0,0.6,0.4,1.0
824166,2026,2026-07-22,mlb,HOU,MIA,38.34791246492824,35.446382737010744,3.66,3.38,0.0,0.0,0.4,0.2,1.0
824650,2026,2026-07-22,mlb,CHC,DET,46.04348923947511,41.930332091578485,4.55,3.3,0.0,0.0,0.6,0.6,0.0
822873,2026,2026-07-22,mlb,TEX,CHW,36.02502306287485,32.93310700606492,3.47,4.09,0.0,0.0,0.5,0.6,0.0
823352,2026,2026-07-24,mlb,PIT,CHC,33.19030182341987,46.04348923947511,4.76,3.99,1.0,1.0,0.5714285714285714,0.5,0.0
823278,2026,2026-07-10,mlb,SDP,TOR,39.95208039441178,43.134335054091295,4.68,4.37,0.0,1.0,0.3,0.5,0.0
824659,2026,2026-07-03,mlb,CHC,STL,46.04348923947511,35.44000594157538,5.17,3.57,1.0,0.0,0.9,0.5,0.0
823685,2026,2026-07-10,mlb,MIN,LAA,34.49429336383309,35.95784812425046,4.86,6.03,0.0,0.0,0.7,0.2,0.0
825066,2026,2026-06-30,mlb,ARI,SFG,40.826578178179695,40.864388309944545,3.51,4.34,0.0,0.0,0.4,0.4,1.0
823122,2026,2026-06-30,mlb,SEA,LAA,48.17227508833325,35.95784812425046,4.36,3.43,0.0,0.0,0.4,0.6,1.0
824984,2026,2026-06-30,mlb,ATH,LAD,41.83351239972274,44.479785357282616,6.08,3.56,0.0,0.0,0.3,0.7,0.0
824338,2026,2026-06-30,mlb,COL,MIA,32.21076176814514,35.446382737010744,5.38,3.17,0.0,0.0,0.5,0.8,0.0
824175,2026,2026-06-30,mlb,HOU,MIN,38.34791246492824,34.49429336383309,5.99,3.65,0.0,0.0,0.6,0.5,1.0
824661,2026,2026-06-30,mlb,CHC,SDP,46.04348923947511,39.95208039441178,3.99,4.68,0.0,0.0,0.8,0.5,1.0
823768,2026,2026-06-30,mlb,MIL,CIN,40.99706517824004,37.42971480330227,5.27,5.13,0.0,0.0,0.6,0.4,1.0
824096,2026,2026-06-30,mlb,KCR,TBR,37.56754839015402,39.481233720516585,3.98,3.63,1.0,1.0,0.5,0.7,0.0
824907,2026,2026-06-30,mlb,ATL,STL,38.84710898652087,35.44000594157538,3.12,5.44,1.0,1.0,0.3,0.3,0.0
824742,2026,2026-06-30,mlb,BOS,WSN,40.85080185053196,34.519895280554,3.44,3.21,0.0,0.0,0.7,0.4,0.0
822793,2026,2026-06-30,mlb,TOR,NYM,43.134335054091295,44.13496149211463,4.37,3.21,0.0,0.0,0.3,0.1,0.0
823528,2026,2026-06-30,mlb,NYY,DET,48.53709649627505,41.930332091578485,2.16,2.91,0.0,0.0,0.2,0.5,0.0
823445,2026,2026-06-30,mlb,PHI,PIT,46.07852610677368,33.19030182341987,2.62,4.26,0.0,0.0,0.7,0.5,1.0
824418,2026,2026-06-30,mlb,CLE,TEX,35.133293372400495,36.02502306287485,3.97,4.21,0.0,0.0,0.4,0.7,0.0
824819,2026,2026-06-30,mlb,BAL,CHW,32.680558253621186,32.93310700606492,7.36,4.18,0.0,0.0,0.4,0.5,0.0
825065,2026,2026-06-29,mlb,ARI,SFG,40.826578178179695,40.864388309944545,2.5,4.41,0.0,0.0,0.4,0.5,1.0
823121,2026,2026-06-29,mlb,SEA,LAA,48.17227508833325,35.95784812425046,4.02,5.75,0.0,0.0,0.4,0.6,1.0
824986,2026,2026-06-29,mlb,ATH,LAD,41.83351239972274,44.479785357282616,4.69,4.78,0.0,0.0,0.4,0.7,0.0
824339,2026,2026-06-29,mlb,COL,MIA,32.21076176814514,35.446382737010744,8.87,3.38,0.0,0.0,0.5,0.8,0.0
824176,2026,2026-06-29,mlb,HOU,MIN,38.34791246492824,34.49429336383309,3.66,4.86,0.0,0.0,0.7,0.5,0.0
824662,2026,2026-06-29,mlb,CHC,SDP,46.04348923947511,39.95208039441178,3.78,6.19,0.0,0.0,0.8,0.6,1.0
824818,2026,2026-07-01,mlb,BAL,CHW,32.680558253621186,32.93310700606492,5.22,6.06,0.0,0.0,0.4,0.6,1.0
823771,2026,2026-06-29,mlb,MIL,CIN,40.99706517824004,37.42971480330227,4.59,5.24,0.0,0.0,0.5,0.4,1.0
824419,2026,2026-07-01,mlb,CLE,TEX,35.133293372400495,36.02502306287485,3.7,4.4,0.0,0.0,0.4,0.8,1.0
823530,2026,2026-07-01,mlb,NYY,DET,48.53709649627505,41.930332091578485,4.39,1.86,0.0,0.0,0.2,0.5,0.0
822714,2026,2026-07-03,mlb,WSN,PIT,34.519895280554,33.19030182341987,3.19,5.29,1.0,0.0,0.5,0.5,1.0
823676,2026,2026-07-28,mlb,MIN,KCR,34.49429336383309,37.56754839015402,3.97,4.61,1.0,1.0,0.5,0.7,1.0
823935,2026,2026-07-02,mlb,LAD,SDP,44.479785357282616,39.95208039441178,4.6,4.02,0.0,0.0,0.7,0.4,1.0
823119,2026,2026-07-02,mlb,SEA,LAA,48.17227508833325,35.95784812425046,4.12,2.94,1.0,1.0,0.5,0.6,1.0
822884,2026,2026-07-02,mlb,TEX,DET,36.02502306287485,41.930332091578485,4.21,4.35,0.0,0.0,0.7,0.5,1.0
824093,2026,2026-07-02,mlb,KCR,TBR,37.56754839015402,39.481233720516585,4.5,4.21,0.0,0.0,0.3,0.8,0.0
824906,2026,2026-07-02,mlb,ATL,STL,38.84710898652087,35.44000594157538,8.44,4.56,0.0,0.0,0.3,0.4,0.0
824416,2026,2026-07-02,mlb,CLE,CHW,35.133293372400495,32.93310700606492,5.07,4.32,0.0,0.0,0.4,0.6,1.0
824335,2026,2026-07-02,mlb,COL,MIA,32.21076176814514,35.446382737010744,7.08,3.98,0.0,0.0,0.4,0.7,1.0
823765,2026,2026-07-02,mlb,MIL,CIN,40.99706517824004,37.42971480330227,1.73,2.77,0.0,0.0,0.8,0.3,0.0
823442,2026,2026-07-02,mlb,PHI,PIT,46.07852610677368,33.19030182341987,5.88,4.76,0.0,0.0,0.7,0.5,0.0
825064,2026,2026-07-01,mlb,ARI,SFG,40.826578178179695,40.864388309944545,6.34,5.12,0.0,0.0,0.4,0.4,0.0
824985,2026,2026-07-01,mlb,ATH,LAD,41.83351239972274,44.479785357282616,3.71,,0.0,0.0,0.2,0.7,1.0
824337,2026,2026-07-01,mlb,COL,MIA,32.21076176814514,35.446382737010744,6.37,2.68,0.0,0.0,0.4,0.8,1.0
823767,2026,2026-07-01,mlb,MIL,CIN,40.99706517824004,37.42971480330227,3.84,4.15,0.0,0.0,0.7,0.4,1.0
824174,2026,2026-07-01,mlb,HOU,MIN,38.34791246492824,34.49429336383309,5.32,3.97,0.0,0.0,0.7,0.5,0.0
824094,2026,2026-07-01,mlb,KCR,TBR,37.56754839015402,39.481233720516585,4.61,3.1,0.0,0.0,0.4,0.7,0.0
824905,2026,2026-07-01,mlb,ATL,STL,38.84710898652087,35.44000594157538,3.64,3.86,0.0,0.0,0.3,0.4,1.0
823446,2026,2026-07-01,mlb,PHI,PIT,46.07852610677368,33.19030182341987,3.4,3.79,0.0,0.0,0.7,0.5,1.0
822791,2026,2026-07-01,mlb,TOR,NYM,43.134335054091295,44.13496149211463,3.36,5.11,0.0,0.0,0.3,0.2,1.0
824660,2026,2026-07-01,mlb,CHC,SDP,46.04348923947511,39.95208039441178,4.55,4.63,0.0,0.0,0.8,0.5,1.0
824740,2026,2026-07-01,mlb,BOS,WSN,40.85080185053196,34.519895280554,3.09,3.74,0.0,0.0,0.6,0.4,0.0
824420,2026,2026-06-29,mlb,CLE,TEX,35.133293372400495,36.02502306287485,2.5,3.47,0.0,0.0,0.5,0.7,0.0
824741,2026,2026-06-29,mlb,BOS,WSN,40.85080185053196,34.519895280554,3.35,5.82,0.0,0.0,0.7,0.4,1.0
822792,2026,2026-06-29,mlb,TOR,NYM,43.134335054091295,44.13496149211463,3.65,4.55,0.0,0.0,0.3,0.2,1.0
822960,2026,2026-06-27,mlb,TBR,ARI,39.481233720516585,40.826578178179695,4.86,5.6,0.0,0.0,0.5,0.5,1.0
824581,2026,2026-06-27,mlb,CHW,KCR,32.93310700606492,37.56754839015402,4.32,3.49,0.0,0.0,0.4,0.5,1.0
823609,2026,2026-06-27,mlb,NYM,PHI,44.13496149211463,46.07852610677368,3.73,3.34,0.0,0.0,0.2,0.7,1.0
823364,2026,2026-06-27,mlb,PIT,CIN,33.19030182341987,37.42971480330227,4.76,2.77,0.0,0.0,0.5,0.5,0.0
822794,2026,2026-06-27,mlb,TOR,TEX,43.134335054091295,36.02502306287485,2.37,2.9,0.0,0.0,0.5,0.5,0.0
824745,2026,2026-06-27,mlb,BOS,NYY,40.85080185053196,48.53709649627505,3.49,3.19,0.0,0.0,0.5,0.4,1.0
824257,2026,2026-06-27,mlb,DET,HOU,41.930332091578485,38.34791246492824,4.35,4.22,0.0,0.0,0.5,0.7,0.0
823206,2026,2026-06-26,mlb,SFG,ATL,40.864388309944545,38.84710898652087,5.12,3.64,0.0,1.0,0.5,0.3,0.0
823285,2026,2026-06-26,mlb,SDP,LAD,39.95208039441178,44.479785357282616,4.63,4.6,1.0,1.0,0.6,0.7,1.0
824014,2026,2026-06-26,mlb,LAA,ATH,35.95784812425046,41.83351239972274,2.94,3.71,1.0,0.0,0.5,0.4,0.0
823039,2026,2026-06-26,mlb,STL,MIA,35.44000594157538,35.446382737010744,3.86,2.68,1.0,1.0,0.4,0.7,0.0
823688,2026,2026-06-26,mlb,MIN,COL,34.49429336383309,32.21076176814514,3.97,4.96,1.0,1.0,0.6,0.6,1.0
823773,2026,2026-06-26,mlb,MIL,CHC,40.99706517824004,46.04348923947511,1.73,4.55,1.0,0.0,0.7,0.7,1.0
824582,2026,2026-06-26,mlb,CHW,KCR,32.93310700606492,37.56754839015402,6.93,4.44,1.0,0.0,0.4,0.5,1.0
824743,2026,2026-06-26,mlb,BOS,NYY,40.85080185053196,48.53709649627505,3.09,4.39,0.0,0.0,0.4,0.5,1.0
823610,2026,2026-06-26,mlb,NYM,PHI,44.13496149211463,46.07852610677368,2.88,3.4,0.0,0.0,0.2,0.7,0.0
822962,2026,2026-06-26,mlb,TBR,ARI,39.481233720516585,40.826578178179695,2.93,6.34,0.0,1.0,0.4,0.6,1.0
824423,2026,2026-06-26,mlb,CLE,SEA,35.133293372400495,48.17227508833325,3.7,5.19,1.0,0.0,0.4,0.4,0.0
822796,2026,2026-06-26,mlb,TOR,TEX,43.134335054091295,36.02502306287485,5.51,4.21,0.0,0.0,0.5,0.4,0.0
824824,2026,2026-06-26,mlb,BAL,WSN,32.680558253621186,34.519895280554,4.38,3.72,1.0,0.0,0.4,0.4,1.0
823363,2026,2026-06-26,mlb,PIT,CIN,33.19030182341987,37.42971480330227,3.79,4.15,0.0,1.0,0.5,0.4,0.0
824825,2026,2026-06-27,mlb,BAL,WSN,32.680558253621186,34.519895280554,3.5,3.19,0.0,0.0,0.5,0.3,0.0
824421,2026,2026-06-27,mlb,CLE,SEA,35.133293372400495,48.17227508833325,5.07,3.36,0.0,0.0,0.3,0.5,1.0
823689,2026,2026-06-27,mlb,MIN,COL,34.49429336383309,32.21076176814514,4.72,7.08,0.0,0.0,0.6,0.5,0.0
823770,2026,2026-06-27,mlb,MIL,CHC,40.99706517824004,46.04348923947511,2.79,5.17,0.0,0.0,0.7,0.7,0.0
823529,2026,2026-06-29,mlb,NYY,DET,48.53709649627505,41.930332091578485,3.6,3.44,0.0,0.0,0.3,0.5,0.0
823444,2026,2026-06-29,mlb,PHI,PIT,46.07852610677368,33.19030182341987,5.03,3.59,0.0,0.0,0.7,0.5,0.0
824822,2026,2026-06-29,mlb,BAL,CHW,32.680558253621186,32.93310700606492,4.04,3.32,0.0,0.0,0.4,0.5,0.0
824744,2026,2026-06-28,mlb,BOS,NYY,40.85080185053196,48.53709649627505,2.82,3.15,0.0,0.0,0.6,0.3,1.0
823281,2026,2026-06-28,mlb,SDP,LAD,39.95208039441178,44.479785357282616,3.23,5.29,0.0,0.0,0.6,0.7,0.0
823204,2026,2026-06-28,mlb,SFG,ATL,40.864388309944545,38.84710898652087,3.21,2.07,0.0,0.0,0.5,0.3,1.0
824011,2026,2026-06-28,mlb,LAA,ATH,35.95784812425046,41.83351239972274,5.08,4.66,0.0,0.0,0.5,0.4,1.0
823037,2026,2026-06-28,mlb,STL,MIA,35.44000594157538,35.446382737010744,3.13,3.59,0.0,0.0,0.3,0.8,1.0
823769,2026,2026-06-28,mlb,MIL,CHC,40.99706517824004,46.04348923947511,2.98,2.82,0.0,0.0,0.6,0.7,0.0
824580,2026,2026-06-28,mlb,CHW,KCR,32.93310700606492,37.56754839015402,4.09,5.53,0.0,0.0,0.5,0.5,0.0
823527,2026,2026-07-03,mlb,NYY,MIN,48.53709649627505,34.49429336383309,3.19,4.72,1.0,1.0,0.2,0.5,1.0
823686,2026,2026-06-28,mlb,MIN,COL,34.49429336383309,32.21076176814514,5.55,6.08,0.0,0.0,0.5,0.6,1.0
822959,2026,2026-06-28,mlb,TBR,ARI,39.481233720516585,40.826578178179695,2.95,5.35,0.0,0.0,0.6,0.4,1.0
824422,2026,2026-06-28,mlb,CLE,SEA,35.133293372400495,48.17227508833325,3.98,3.37,0.0,0.0,0.4,0.4,1.0
824256,2026,2026-06-28,mlb,DET,HOU,41.930332091578485,38.34791246492824,4.59,3.51,0.0,0.0,0.5,0.7,0.0
822795,2026,2026-06-28,mlb,TOR,TEX,43.134335054091295,36.02502306287485,4.37,4.41,0.0,0.0,0.4,0.6,0.0
823362,2026,2026-06-28,mlb,PIT,CIN,33.19030182341987,37.42971480330227,5.29,4.72,0.0,0.0,0.5,0.5,1.0
824821,2026,2026-06-28,mlb,BAL,WSN,32.680558253621186,34.519895280554,4.03,5.21,0.0,0.0,0.5,0.3,0.0
824015,2026,2026-06-27,mlb,LAA,ATH,35.95784812425046,41.83351239972274,3.62,6.68,0.0,0.0,0.5,0.4,1.0
823207,2026,2026-06-27,mlb,SFG,ATL,40.864388309944545,38.84710898652087,3.72,3.95,0.0,0.0,0.5,0.3,1.0
823283,2026,2026-06-27,mlb,SDP,LAD,39.95208039441178,44.479785357282616,3.98,2.56,0.0,0.0,0.6,0.7,0.0
823038,2026,2026-06-27,mlb,STL,MIA,35.44000594157538,35.446382737010744,3.57,3.98,0.0,0.0,0.4,0.7,0.0
823608,2026,2026-06-28,mlb,NYM,PHI,44.13496149211463,46.07852610677368,4.97,3.09,0.0,0.0,0.3,0.6,0.0
824498,2026,2026-07-03,mlb,CIN,BAL,37.42971480330227,32.680558253621186,4.72,4.38,0.0,1.0,0.3,0.4,0.0
824417,2026,2026-07-03,mlb,CLE,CHW,35.133293372400495,32.93310700606492,3.98,4.09,0.0,0.0,0.5,0.6,1.0
824904,2026,2026-07-03,mlb,ATL,NYM,38.84710898652087,44.13496149211463,3.64,3.73,0.0,1.0,0.2,0.2,1.0
824578,2026,2026-07-08,mlb,CHW,BOS,32.93310700606492,40.85080185053196,4.32,3.49,0.0,0.0,0.5,0.8,0.0
823684,2026,2026-07-08,mlb,MIN,CLE,34.49429336383309,35.133293372400495,5.55,5.07,0.0,0.0,0.7,0.5,1.0
824496,2026,2026-07-08,mlb,CIN,PHI,37.42971480330227,46.07852610677368,2.77,5.88,0.0,0.0,0.3,0.5,1.0
823605,2026,2026-07-08,mlb,NYM,KCR,44.13496149211463,37.56754839015402,3.73,4.44,0.0,0.0,0.4,0.4,1.0
822710,2026,2026-07-08,mlb,WSN,HOU,34.519895280554,38.34791246492824,3.19,4.81,0.0,0.0,0.6,0.6,1.0
822957,2026,2026-07-08,mlb,TBR,NYY,39.481233720516585,48.53709649627505,3.1,3.19,0.0,0.0,0.7,0.2,1.0
823848,2026,2026-07-08,mlb,MIA,SEA,35.446382737010744,48.17227508833325,3.59,4.02,0.0,0.0,0.7,0.6,1.0
823360,2026,2026-07-08,mlb,PIT,ATL,33.19030182341987,38.84710898652087,4.76,3.64,0.0,0.0,0.6,0.3,0.0
824253,2026,2026-07-08,mlb,DET,ATH,41.930332091578485,41.83351239972274,1.86,6.08,0.0,0.0,0.7,0.2,1.0
824815,2026,2026-07-08,mlb,BAL,CHC,32.680558253621186,46.04348923947511,5.22,4.55,0.0,0.0,0.4,0.7,0.0
823202,2026,2026-07-08,mlb,SFG,TOR,40.864388309944545,43.134335054091295,3.72,2.37,0.0,0.0,0.5,0.4,0.0
823929,2026,2026-07-07,mlb,LAD,COL,44.479785357282616,32.21076176814514,3.56,7.08,0.0,0.0,0.8,0.5,0.0
823203,2026,2026-07-07,mlb,SFG,TOR,40.864388309944545,43.134335054091295,5.12,2.95,0.0,0.0,0.5,0.3,0.0
823280,2026,2026-07-07,mlb,SDP,ARI,39.95208039441178,40.826578178179695,5.26,6.34,0.0,0.0,0.1,0.4,1.0
822881,2026,2026-07-07,mlb,TEX,LAA,36.02502306287485,35.95784812425046,4.21,3.43,1.0,1.0,0.7,0.3,1.0
824579,2026,2026-07-07,mlb,CHW,BOS,32.93310700606492,40.85080185053196,6.06,3.09,1.0,1.0,0.6,0.8,0.0
823687,2026,2026-07-07,mlb,MIN,CLE,34.49429336383309,35.133293372400495,3.97,3.7,1.0,1.0,0.6,0.5,1.0
824495,2026,2026-07-07,mlb,CIN,PHI,37.42971480330227,46.07852610677368,4.15,3.4,1.0,0.0,0.4,0.5,0.0
823607,2026,2026-07-07,mlb,NYM,KCR,44.13496149211463,37.56754839015402,4.97,4.61,0.0,0.0,0.4,0.3,0.0
822713,2026,2026-07-07,mlb,WSN,HOU,34.519895280554,38.34791246492824,3.72,5.32,0.0,0.0,0.6,0.5,0.0
822956,2026,2026-07-07,mlb,TBR,NYY,39.481233720516585,48.53709649627505,4.21,4.39,0.0,0.0,0.7,0.2,1.0
823032,2026,2026-07-08,mlb,STL,MIL,35.44000594157538,40.99706517824004,3.86,2.79,0.0,0.0,0.5555555555555556,0.7777777777777778,1.0
822880,2026,2026-07-08,mlb,TEX,LAA,36.02502306287485,35.95784812425046,4.4,2.94,0.0,0.0,0.7,0.2,0.0
823928,2026,2026-07-08,mlb,LAD,COL,44.479785357282616,32.21076176814514,4.6,6.61,0.0,0.0,0.7,0.5,1.0
823279,2026,2026-07-08,mlb,SDP,ARI,39.95208039441178,40.826578178179695,3.23,5.6,0.0,0.0,0.2,0.4,1.0
822878,2026,2026-07-10,mlb,TEX,HOU,36.02502306287485,38.34791246492824,2.9,3.51,0.0,1.0,0.6,0.5,1.0
824575,2026,2026-07-10,mlb,CHW,ATH,32.93310700606492,41.83351239972274,3.32,4.98,0.0,0.0,0.4,0.1,1.0
823604,2026,2026-07-10,mlb,NYM,BOS,44.13496149211463,40.85080185053196,3.21,2.82,0.0,0.0,0.5,0.8,0.0
823845,2026,2026-07-10,mlb,MIA,CLE,35.446382737010744,35.133293372400495,3.38,2.5,0.0,0.0,0.8,0.4,0.0
822955,2026,2026-07-10,mlb,TBR,SEA,39.481233720516585,48.17227508833325,2.93,5.19,0.0,0.0,0.6,0.5,1.0
824493,2026,2026-07-10,mlb,CIN,CHC,37.42971480330227,46.04348923947511,6.83,3.78,0.0,0.0,0.3,0.7,1.0
824817,2026,2026-07-10,mlb,BAL,KCR,32.680558253621186,37.56754839015402,3.5,5.53,0.0,0.0,0.4,0.4,1.0
822709,2026,2026-07-10,mlb,WSN,NYY,34.519895280554,48.53709649627505,7.71,3.6,1.0,0.0,0.6,0.3,0.0
824252,2026,2026-07-10,mlb,DET,PHI,41.930332091578485,46.07852610677368,4.59,5.03,0.0,0.0,0.8,0.5,1.0
823201,2026,2026-07-09,mlb,SFG,COL,40.864388309944545,32.21076176814514,6.49,6.08,0.0,0.0,0.4,0.5,1.0
823847,2026,2026-07-07,mlb,MIA,SEA,35.446382737010744,48.17227508833325,2.68,4.36,1.0,1.0,0.7,0.6,1.0
823277,2026,2026-07-09,mlb,SDP,ARI,39.95208039441178,40.826578178179695,6.19,5.35,0.0,0.0,0.3,0.4,0.0
823034,2026,2026-07-09,mlb,STL,MIL,35.44000594157538,40.99706517824004,3.57,2.6,0.0,0.0,0.5555555555555556,0.6666666666666666,0.0
824494,2026,2026-07-09,mlb,CIN,PHI,37.42971480330227,46.07852610677368,4.72,3.09,0.0,0.0,0.3,0.5,0.0
823846,2026,2026-07-09,mlb,MIA,SEA,35.446382737010744,48.17227508833325,4.21,4.12,0.0,0.0,0.7,0.5,1.0
824251,2026,2026-07-09,mlb,DET,ATH,41.930332091578485,41.83351239972274,4.35,5.22,0.0,0.0,0.7,0.1,1.0
824577,2026,2026-07-09,mlb,CHW,BOS,32.93310700606492,40.85080185053196,4.09,4.54,0.0,0.0,0.4,0.8,0.0
823683,2026,2026-07-09,mlb,MIN,CLE,34.49429336383309,35.133293372400495,4.49,3.98,0.0,0.0,0.7,0.4,0.0
824816,2026,2026-07-09,mlb,BAL,CHC,32.680558253621186,46.04348923947511,4.38,5.17,0.0,0.0,0.3,0.8,1.0
822954,2026,2026-07-09,mlb,TBR,NYY,39.481233720516585,48.53709649627505,2.95,1.7,0.0,0.0,0.7,0.2,0.0
823606,2026,2026-07-09,mlb,NYM,KCR,44.13496149211463,37.56754839015402,4.55,3.49,0.0,0.0,0.4,0.4,1.0
823359,2026,2026-07-09,mlb,PIT,ATL,33.19030182341987,38.84710898652087,5.29,3.95,0.0,0.0,0.6,0.4,0.0
822877,2026,2026-07-09,mlb,TEX,LAA,36.02502306287485,35.95784812425046,4.21,3.62,0.0,0.0,0.6,0.3,1.0
823033,2026,2026-07-10,mlb,STL,ATL,35.44000594157538,38.84710898652087,3.13,2.07,0.0,0.0,0.4444444444444444,0.5,1.0
823361,2026,2026-07-07,mlb,PIT,ATL,33.19030182341987,38.84710898652087,3.79,8.44,1.0,0.0,0.5,0.4,1.0
824820,2026,2026-07-07,mlb,BAL,CHC,32.680558253621186,46.04348923947511,4.04,3.99,1.0,1.0,0.4,0.7,0.0
825063,2026,2026-07-04,mlb,ARI,MIL,40.826578178179695,40.99706517824004,5.35,2.98,0.0,0.0,0.4,0.7,1.0
824983,2026,2026-07-04,mlb,ATH,MIA,41.83351239972274,35.446382737010744,4.66,3.38,0.0,0.0,0.3,0.7,0.0
824012,2026,2026-07-04,mlb,LAA,BOS,35.95784812425046,40.85080185053196,5.08,2.82,0.0,0.0,0.4,0.7,0.0
824092,2026,2026-07-04,mlb,KCR,PHI,37.56754839015402,46.07852610677368,3.49,3.09,1.0,1.0,0.3,0.7,0.0
824334,2026,2026-07-04,mlb,COL,SFG,32.21076176814514,40.864388309944545,8.87,3.21,0.0,0.0,0.5,0.5,0.0
824903,2026,2026-07-04,mlb,ATL,NYM,38.84710898652087,44.13496149211463,2.07,4.55,0.0,0.0,0.3,0.2,1.0
824658,2026,2026-07-04,mlb,CHC,STL,46.04348923947511,35.44000594157538,3.78,3.13,0.0,0.0,0.8,0.5,0.0
824415,2026,2026-07-04,mlb,CLE,CHW,35.133293372400495,32.93310700606492,2.5,3.32,0.0,0.0,0.6,0.5,0.0
824171,2026,2026-07-04,mlb,HOU,TBR,38.34791246492824,39.481233720516585,3.51,2.95,0.0,0.0,0.6,0.9,1.0
824499,2026,2026-07-04,mlb,CIN,BAL,37.42971480330227,32.680558253621186,6.83,3.5,0.0,0.0,0.3,0.4,0.0
823118,2026,2026-07-04,mlb,SEA,TOR,48.17227508833325,43.134335054091295,3.36,4.37,0.0,0.0,0.5,0.3,1.0
822882,2026,2026-07-04,mlb,TEX,DET,36.02502306287485,41.930332091578485,2.9,4.59,1.0,1.0,0.7,0.4,0.0
823526,2026,2026-07-04,mlb,NYY,MIN,48.53709649627505,34.49429336383309,9.45,4.86,0.0,0.0,0.3,0.4,0.0
822716,2026,2026-07-04,mlb,WSN,PIT,34.519895280554,33.19030182341987,7.71,3.59,0.0,0.0,0.5,0.5,0.0
823120,2026,2026-07-03,mlb,SEA,TOR,48.17227508833325,43.134335054091295,5.19,2.37,0.0,1.0,0.6,0.3,0.0
823933,2026,2026-07-03,mlb,LAD,SDP,44.479785357282616,39.95208039441178,1.79,3.23,0.0,0.0,0.8,0.4,1.0
825062,2026,2026-07-03,mlb,ARI,MIL,40.826578178179695,40.99706517824004,5.6,2.79,1.0,0.0,0.4,0.7,0.0
824982,2026,2026-07-03,mlb,ATH,MIA,41.83351239972274,35.446382737010744,6.68,3.59,1.0,0.0,0.3,0.6,0.0
824013,2026,2026-07-03,mlb,LAA,BOS,35.95784812425046,40.85080185053196,3.62,3.49,0.0,1.0,0.5,0.6,0.0
824173,2026,2026-07-03,mlb,HOU,TBR,38.34791246492824,39.481233720516585,4.81,2.93,1.0,0.0,0.6,0.8,0.0
824336,2026,2026-07-03,mlb,COL,SFG,32.21076176814514,40.864388309944545,6.08,3.72,0.0,1.0,0.5,0.5,1.0
823932,2026,2026-07-04,mlb,LAD,SDP,44.479785357282616,39.95208039441178,2.56,3.38,0.0,0.0,0.8,0.3,1.0
824902,2026,2026-07-05,mlb,ATL,NYM,38.84710898652087,44.13496149211463,3.12,3.21,0.0,0.0,0.4,0.2,0.0
822715,2026,2026-07-05,mlb,WSN,PIT,34.519895280554,33.19030182341987,3.21,4.26,0.0,0.0,0.5,0.5,0.0
824497,2026,2026-07-05,mlb,CIN,BAL,37.42971480330227,32.680558253621186,5.24,4.03,0.0,0.0,0.3,0.4,1.0
823035,2026,2026-07-07,mlb,STL,MIL,35.44000594157538,40.99706517824004,3.67,4.59,0.0,0.0,0.5,0.6,0.0
823930,2026,2026-07-06,mlb,LAD,COL,44.479785357282616,32.21076176814514,4.78,6.37,0.0,0.0,0.7,0.5,1.0
823205,2026,2026-07-06,mlb,SFG,TOR,40.864388309944545,43.134335054091295,4.34,4.37,0.0,0.0,0.4,0.3,1.0
823282,2026,2026-07-06,mlb,SDP,ARI,39.95208039441178,40.826578178179695,4.63,3.51,0.0,0.0,0.2,0.4,0.0
823036,2026,2026-07-06,mlb,STL,MIL,35.44000594157538,40.99706517824004,4.56,3.84,0.0,0.0,0.5,0.6,0.0
824900,2026,2026-07-06,mlb,ATL,NYM,38.84710898652087,44.13496149211463,3.64,5.11,0.0,0.0,0.4,0.3,0.0
822712,2026,2026-07-06,mlb,WSN,HOU,34.519895280554,38.34791246492824,5.82,5.99,0.0,0.0,0.5,0.6,1.0
822958,2026,2026-07-06,mlb,TBR,NYY,39.481233720516585,48.53709649627505,3.63,2.16,0.0,0.0,0.8,0.1,0.0
824089,2026,2026-07-06,mlb,KCR,PHI,37.56754839015402,46.07852610677368,3.98,2.62,0.0,0.0,0.2,0.6,1.0
824254,2026,2026-07-07,mlb,DET,ATH,41.930332091578485,41.83351239972274,2.91,3.71,1.0,1.0,0.6,0.3,1.0
824010,2026,2026-07-05,mlb,LAA,BOS,35.95784812425046,40.85080185053196,5.75,3.35,0.0,0.0,0.4,0.7,0.0
823117,2026,2026-07-05,mlb,SEA,TOR,48.17227508833325,43.134335054091295,3.37,3.65,0.0,0.0,0.5,0.3,1.0
824980,2026,2026-07-05,mlb,ATH,MIA,41.83351239972274,35.446382737010744,4.69,3.17,0.0,0.0,0.3,0.7,0.0
825061,2026,2026-07-05,mlb,ARI,MIL,40.826578178179695,40.99706517824004,2.5,5.27,0.0,0.0,0.5,0.6,0.0
824333,2026,2026-07-05,mlb,COL,SFG,32.21076176814514,40.864388309944545,5.38,4.41,0.0,0.0,0.5,0.5,1.0
822879,2026,2026-07-05,mlb,TEX,DET,36.02502306287485,41.930332091578485,4.41,3.44,0.0,0.0,0.7,0.5,0.0
824172,2026,2026-07-05,mlb,HOU,TBR,38.34791246492824,39.481233720516585,3.66,4.54,0.0,0.0,0.6,0.9,1.0
824091,2026,2026-07-05,mlb,KCR,PHI,37.56754839015402,46.07852610677368,5.53,5.03,0.0,0.0,0.2,0.7,1.0
824656,2026,2026-07-05,mlb,CHC,STL,46.04348923947511,35.44000594157538,3.46,5.44,0.0,0.0,0.7,0.5,1.0
824413,2026,2026-07-05,mlb,CLE,CHW,35.133293372400495,32.93310700606492,3.97,4.2,0.0,0.0,0.6,0.5,0.0
823525,2026,2026-07-05,mlb,NYY,MIN,48.53709649627505,34.49429336383309,3.6,3.65,0.0,0.0,0.2,0.5,0.0
823931,2026,2026-07-05,mlb,LAD,SDP,44.479785357282616,39.95208039441178,5.29,4.68,0.0,0.0,0.8,0.2,0.0
824569,2026,2026-07-28,mlb,CHW,NYY,32.93310700606492,48.53709649627505,4.09,3.19,0.0,0.0,0.5,0.625,0.0
824806,2026,2026-08-05,mlb,BAL,LAA,32.680558253621186,35.95784812425046,4.38,3.62,0.0,0.0,0.5,0.2,1.0
824003,2026,2026-07-28,mlb,LAA,HOU,35.95784812425046,38.34791246492824,3.62,3.66,0.0,0.0,0.4,0.6,0.0
824803,2026,2026-08-18,mlb,BAL,NYY,32.680558253621186,48.53709649627505,4.04,3.15,0.0,1.0,0.5,0.5,0.0
824320,2026,2026-08-17,mlb,COL,LAD,32.21076176814514,44.479785357282616,4.96,2.57,0.0,0.0,0.5,0.5,0.0
824641,2026,2026-08-17,mlb,CHC,CHW,46.04348923947511,32.93310700606492,3.78,5.19,0.0,0.0,0.5555555555555556,0.6,1.0
823668,2026,2026-08-17,mlb,MIN,ATL,34.49429336383309,38.84710898652087,4.49,3.12,0.0,0.0,0.4,0.5,1.0
824077,2026,2026-08-17,mlb,KCR,ATH,37.56754839015402,41.83351239972274,3.49,7.08,0.0,0.0,0.3,0.4,1.0
823589,2026,2026-08-17,mlb,NYM,SDP,44.13496149211463,39.95208039441178,3.21,4.63,0.0,0.0,0.7,0.8,1.0
824725,2026,2026-08-17,mlb,BOS,ARI,40.85080185053196,40.826578178179695,1.31,4.54,0.0,0.0,0.3,0.5,1.0
823343,2026,2026-08-17,mlb,PIT,DET,33.19030182341987,41.930332091578485,4.17,4.35,0.0,0.0,0.4,0.5,0.0
823427,2026,2026-08-17,mlb,PHI,MIA,46.07852610677368,35.446382737010744,2.62,4.21,0.0,0.0,0.6,0.6,1.0
822939,2026,2026-08-17,mlb,TBR,BAL,39.481233720516585,32.680558253621186,3.1,3.5,0.0,0.0,0.7,0.5,1.0
824478,2026,2026-08-17,mlb,CIN,STL,37.42971480330227,35.44000594157538,5.13,3.57,0.0,0.0,0.4,0.7,1.0
824156,2026,2026-08-16,mlb,HOU,SEA,38.34791246492824,48.17227508833325,3.51,4.36,0.0,0.0,0.5,0.3,0.0
823912,2026,2026-08-16,mlb,LAD,MIL,44.479785357282616,40.99706517824004,2.91,2.6,0.0,0.0,0.5,0.5,0.0
823991,2026,2026-08-16,mlb,LAA,KCR,35.95784812425046,37.56754839015402,5.75,3.98,0.0,0.0,0.6,0.3,0.0
824965,2026,2026-08-16,mlb,ATH,TEX,41.83351239972274,36.02502306287485,4.98,3.05,0.0,0.0,0.3,0.5,1.0
823182,2026,2026-08-16,mlb,SFG,COL,40.864388309944545,32.21076176814514,3.58,6.61,0.0,0.0,0.3,0.4,0.0
824642,2026,2026-08-16,mlb,CHC,STL,46.04348923947511,35.44000594157538,5.68,3.67,0.0,0.0,0.6666666666666666,0.6,0.0
823670,2026,2026-08-16,mlb,MIN,PHI,34.49429336383309,46.07852610677368,5.22,6.04,0.0,0.0,0.4,0.5,0.0
824477,2026,2026-08-16,mlb,CIN,MIA,37.42971480330227,35.446382737010744,5.24,3.17,0.0,0.0,0.5,0.5,0.0
824236,2026,2026-08-16,mlb,DET,CHW,41.930332091578485,32.93310700606492,4.09,3.32,0.0,0.0,0.5,0.5,0.0
823341,2026,2026-08-18,mlb,PIT,DET,33.19030182341987,41.930332091578485,3.59,3.3,0.0,0.0,0.4,0.5,1.0
824397,2026,2026-08-16,mlb,CLE,SDP,35.133293372400495,39.95208039441178,3.97,3.44,0.0,0.0,0.3,0.7,0.0
824398,2026,2026-08-18,mlb,CLE,SFG,35.133293372400495,40.864388309944545,3.19,6.49,1.0,1.0,0.3,0.3,1.0
822938,2026,2026-08-18,mlb,TBR,TOR,39.481233720516585,43.134335054091295,2.93,3.43,0.0,1.0,0.7,0.7,0.0
824076,2026,2026-08-19,mlb,KCR,ATH,37.56754839015402,41.83351239972274,4.61,6.08,0.0,0.0,0.5,0.4,1.0
822937,2026,2026-08-19,mlb,TBR,TOR,39.481233720516585,43.134335054091295,2.95,7.02,0.0,0.0,0.6,0.7,1.0
824476,2026,2026-08-19,mlb,CIN,STL,37.42971480330227,35.44000594157538,2.77,5.44,0.0,0.0,0.4444444444444444,0.6666666666666666,1.0
824394,2026,2026-08-19,mlb,CLE,SFG,35.133293372400495,40.864388309944545,2.5,6.35,0.0,0.0,0.4,0.3,0.0
824801,2026,2026-08-19,mlb,BAL,NYY,32.680558253621186,48.53709649627505,4.74,4.39,0.0,0.0,0.5,0.6,0.0
823424,2026,2026-08-19,mlb,PHI,MIA,46.07852610677368,35.446382737010744,5.03,3.38,0.0,0.0,0.7,0.6,1.0
824722,2026,2026-08-19,mlb,BOS,ARI,40.85080185053196,40.826578178179695,3.09,3.51,0.0,0.0,0.4,0.4,0.0
824640,2026,2026-08-19,mlb,CHC,CHW,46.04348923947511,32.93310700606492,2.26,2.28,0.0,0.0,0.6,0.6,0.0
823664,2026,2026-08-19,mlb,MIN,ATL,34.49429336383309,38.84710898652087,3.97,5.93,0.0,0.0,0.4,0.4,1.0
823587,2026,2026-08-19,mlb,NYM,SDP,44.13496149211463,39.95208039441178,7.4,3.23,0.0,0.0,0.6,0.8,1.0
823342,2026,2026-08-19,mlb,PIT,DET,33.19030182341987,41.930332091578485,3.79,3.93,0.0,0.0,0.5,0.5,1.0
824319,2026,2026-08-18,mlb,COL,LAD,32.21076176814514,44.479785357282616,6.08,4.78,0.0,0.0,0.5,0.6,0.0
824154,2026,2026-08-18,mlb,HOU,LAA,38.34791246492824,35.95784812425046,6.47,3.67,1.0,1.0,0.4,0.5,0.0
824639,2026,2026-08-18,mlb,CHC,CHW,46.04348923947511,32.93310700606492,4.37,3.27,0.0,0.0,0.6,0.6,1.0
822859,2026,2026-08-18,mlb,TEX,WSN,36.02502306287485,34.519895280554,2.9,8.03,1.0,1.0,0.4,0.4,1.0
823749,2026,2026-08-18,mlb,MIL,SEA,40.99706517824004,48.17227508833325,2.79,4.12,1.0,1.0,0.5,0.3,1.0
823667,2026,2026-08-18,mlb,MIN,ATL,34.49429336383309,38.84710898652087,4.86,4.41,0.0,0.0,0.4,0.4,1.0
824075,2026,2026-08-18,mlb,KCR,ATH,37.56754839015402,41.83351239972274,2.93,4.5,0.0,0.0,0.4,0.4,1.0
823586,2026,2026-08-18,mlb,NYM,SDP,44.13496149211463,39.95208039441178,2.88,3.21,0.0,0.0,0.7,0.7,0.0
824723,2026,2026-08-18,mlb,BOS,ARI,40.85080185053196,40.826578178179695,3.35,5.35,0.0,0.0,0.3,0.5,1.0
823423,2026,2026-08-18,mlb,PHI,MIA,46.07852610677368,35.446382737010744,3.4,5.87,0.0,0.0,0.6,0.6,1.0
824475,2026,2026-08-18,mlb,CIN,STL,37.42971480330227,35.44000594157538,4.15,3.13,0.0,0.0,0.4444444444444444,0.5555555555555556,0.0
823590,2026,2026-08-16,mlb,NYM,WSN,44.13496149211463,34.519895280554,3.73,5.62,0.0,0.0,0.7,0.5,1.0
822774,2026,2026-08-16,mlb,TOR,NYY,43.134335054091295,48.53709649627505,2.37,3.6,0.0,0.0,0.7777777777777778,0.5,0.0
824880,2026,2026-08-16,mlb,ATL,ARI,38.84710898652087,40.826578178179695,3.95,3.4,0.0,0.0,0.5,0.6,1.0
823591,2026,2026-08-14,mlb,NYM,WSN,44.13496149211463,34.519895280554,7.4,3.72,1.0,0.0,0.6,0.5,1.0
824237,2026,2026-08-14,mlb,DET,CHW,41.930332091578485,32.93310700606492,3.93,2.28,0.0,0.0,0.7,0.4,0.0
823346,2026,2026-08-14,mlb,PIT,BOS,33.19030182341987,40.85080185053196,4.26,3.49,0.0,0.0,0.3,0.5,1.0
824479,2026,2026-08-14,mlb,CIN,MIA,37.42971480330227,35.446382737010744,2.77,3.38,0.0,0.0,0.6,0.5,1.0
824643,2026,2026-08-14,mlb,CHC,STL,46.04348923947511,35.44000594157538,2.26,5.44,0.0,1.0,0.7777777777777778,0.7,1.0
823915,2026,2026-08-13,mlb,LAD,MIL,44.479785357282616,40.99706517824004,4.6,3.84,0.0,0.0,0.4,0.5,0.0
823995,2026,2026-08-13,mlb,LAA,TEX,35.95784812425046,36.02502306287485,2.94,4.21,0.0,0.0,0.5,0.5,1.0
823669,2026,2026-08-13,mlb,MIN,PHI,34.49429336383309,46.07852610677368,3.97,5.03,0.0,0.0,0.4,0.5,0.0
822696,2026,2026-08-13,mlb,WSN,CHC,34.519895280554,46.04348923947511,3.21,4.37,0.0,0.0,0.4,0.7777777777777778,1.0
822776,2026,2026-08-13,mlb,TOR,BOS,43.134335054091295,40.85080185053196,7.02,3.09,0.0,0.0,0.7777777777777778,0.5,0.0
823508,2026,2026-08-13,mlb,NYY,SEA,48.53709649627505,48.17227508833325,2.81,3.36,0.0,0.0,0.6,0.3,0.0
823829,2026,2026-08-13,mlb,MIA,PIT,35.446382737010744,33.19030182341987,3.59,3.59,0.0,0.0,0.6,0.2,0.0
824561,2026,2026-08-13,mlb,CHW,CIN,32.93310700606492,37.42971480330227,4.32,4.15,0.0,0.0,0.4,0.5,0.0
824238,2026,2026-08-13,mlb,DET,CLE,41.930332091578485,35.133293372400495,3.3,2.5,0.0,0.0,0.7,0.3,1.0
823994,2026,2026-08-12,mlb,LAA,TEX,35.95784812425046,36.02502306287485,3.67,2.9,0.0,0.0,0.4,0.5,1.0
824255,2026,2026-06-26,mlb,DET,HOU,41.930332091578485,38.34791246492824,3.3,4.81,0.0,0.0,0.5,0.7,1.0
824562,2026,2026-08-12,mlb,CHW,CIN,32.93310700606492,37.42971480330227,5.19,5.13,0.0,0.0,0.4,0.6,1.0
824883,2026,2026-08-12,mlb,ATL,NYM,38.84710898652087,44.13496149211463,4.41,2.88,0.0,0.0,0.7,0.6,1.0
822779,2026,2026-08-12,mlb,TOR,BOS,43.134335054091295,40.85080185053196,3.43,3.35,0.0,0.0,0.6666666666666666,0.6,1.0
823511,2026,2026-08-12,mlb,NYY,SEA,48.53709649627505,48.17227508833325,4.39,4.12,0.0,0.0,0.6,0.3,1.0
822698,2026,2026-08-12,mlb,WSN,CHC,34.519895280554,46.04348923947511,8.03,5.17,0.0,0.0,0.4,0.7777777777777778,0.0
824399,2026,2026-08-14,mlb,CLE,SDP,35.133293372400495,39.95208039441178,3.98,3.23,0.0,1.0,0.3,0.7,0.0
822942,2026,2026-08-14,mlb,TBR,BAL,39.481233720516585,32.680558253621186,6.17,4.74,1.0,1.0,0.9,0.4,0.0
824882,2026,2026-08-14,mlb,ATL,ARI,38.84710898652087,40.826578178179695,2.07,3.51,1.0,1.0,0.7,0.5,0.0
822777,2026,2026-08-14,mlb,TOR,NYY,43.134335054091295,48.53709649627505,4.37,3.19,0.0,0.0,0.6666666666666666,0.6,1.0
823344,2026,2026-08-16,mlb,PIT,BOS,33.19030182341987,40.85080185053196,3.7,4.54,0.0,0.0,0.3,0.4,1.0
822940,2026,2026-08-16,mlb,TBR,BAL,39.481233720516585,32.680558253621186,5.11,4.38,0.0,0.0,0.8,0.5,0.0
824966,2026,2026-08-15,mlb,ATH,TEX,41.83351239972274,36.02502306287485,3.71,4.4,0.0,0.0,0.3,0.5,0.0
823990,2026,2026-08-15,mlb,LAA,KCR,35.95784812425046,37.56754839015402,3.62,1.92,0.0,0.0,0.5,0.4,1.0
823914,2026,2026-08-15,mlb,LAD,MIL,44.479785357282616,40.99706517824004,3.56,1.73,0.0,0.0,0.5,0.5,0.0
824884,2026,2026-08-15,mlb,ATL,ARI,38.84710898652087,40.826578178179695,3.64,2.5,0.0,0.0,0.6,0.5,0.0
823347,2026,2026-08-15,mlb,PIT,BOS,33.19030182341987,40.85080185053196,4.76,2.82,0.0,0.0,0.3,0.4,0.0
823671,2026,2026-08-15,mlb,MIN,PHI,34.49429336383309,46.07852610677368,5.55,3.09,1.0,1.0,0.4,0.5,0.0
824157,2026,2026-08-15,mlb,HOU,SEA,38.34791246492824,48.17227508833325,3.86,3.37,0.0,0.0,0.5,0.2,0.0
824400,2026,2026-08-15,mlb,CLE,SDP,35.133293372400495,39.95208039441178,3.7,3.38,0.0,0.0,0.2,0.8,1.0
823748,2026,2026-08-19,mlb,MIL,SEA,40.99706517824004,48.17227508833325,4.56,3.36,0.0,0.0,0.6,0.3,0.0
824480,2026,2026-08-15,mlb,CIN,MIA,37.42971480330227,35.446382737010744,4.72,3.98,0.0,0.0,0.6,0.4,0.0
823588,2026,2026-08-15,mlb,NYM,WSN,44.13496149211463,34.519895280554,4.55,3.74,0.0,0.0,0.7,0.5,1.0
823184,2026,2026-08-15,mlb,SFG,COL,40.864388309944545,32.21076176814514,3.72,7.08,0.0,0.0,0.3,0.4,1.0
822775,2026,2026-08-15,mlb,TOR,NYY,43.134335054091295,48.53709649627505,3.36,2.16,0.0,0.0,0.7777777777777778,0.5,1.0
824644,2026,2026-08-15,mlb,CHC,STL,46.04348923947511,35.44000594157538,3.99,3.86,0.0,0.0,0.7777777777777778,0.6,0.0
824239,2026,2026-08-15,mlb,DET,CHW,41.930332091578485,32.93310700606492,1.86,4.09,0.0,0.0,0.6,0.4,0.0
823185,2026,2026-08-14,mlb,SFG,COL,40.864388309944545,32.21076176814514,4.34,6.37,1.0,1.0,0.3,0.4,0.0
823913,2026,2026-08-14,mlb,LAD,MIL,44.479785357282616,40.99706517824004,2.56,4.59,0.0,0.0,0.4,0.6,1.0
824968,2026,2026-08-14,mlb,ATH,TEX,41.83351239972274,36.02502306287485,4.69,4.41,1.0,0.0,0.2,0.5,1.0
823993,2026,2026-08-14,mlb,LAA,KCR,35.95784812425046,37.56754839015402,6.03,4.61,0.0,1.0,0.5,0.3,0.0
824159,2026,2026-08-14,mlb,HOU,SEA,38.34791246492824,48.17227508833325,3.66,4.02,1.0,0.0,0.5,0.3,1.0
822941,2026,2026-08-15,mlb,TBR,BAL,39.481233720516585,32.680558253621186,4.21,4.03,0.0,0.0,0.9,0.5,0.0
823833,2026,2026-08-12,mlb,MIA,PIT,35.446382737010744,33.19030182341987,4.21,4.17,0.0,0.0,0.6,0.3,1.0
822860,2026,2026-08-19,mlb,TEX,WSN,36.02502306287485,34.519895280554,4.41,3.21,0.0,0.0,0.4,0.4,0.0
824318,2026,2026-08-19,mlb,COL,LAD,32.21076176814514,44.479785357282616,6.37,4.6,0.0,0.0,0.5,0.6,0.0
824556,2026,2026-08-25,mlb,CHW,TEX,32.93310700606492,36.02502306287485,4.09,4.21,0.0,0.0,0.5555555555555556,0.6,1.0
824881,2026,2026-08-25,mlb,ATL,LAD,38.84710898652087,44.479785357282616,3.95,3.02,1.0,1.0,0.2222222222222222,0.7,1.0
823585,2026,2026-08-25,mlb,NYM,MIL,44.13496149211463,40.99706517824004,2.88,2.79,1.0,1.0,0.6,0.7,1.0
822773,2026,2026-08-25,mlb,TOR,KCR,43.134335054091295,37.56754839015402,7.02,4.61,1.0,1.0,0.5,0.9,0.0
823505,2026,2026-08-25,mlb,NYY,HOU,48.53709649627505,38.34791246492824,4.39,7.88,1.0,1.0,0.6,0.4,0.0
822693,2026,2026-08-25,mlb,WSN,COL,34.519895280554,32.21076176814514,3.72,2.25,0.0,0.0,0.2,0.2,0.0
823826,2026,2026-08-25,mlb,MIA,BOS,35.446382737010744,40.85080185053196,3.59,3.09,0.0,0.0,0.5,0.7,0.0
824233,2026,2026-08-25,mlb,DET,TBR,41.930332091578485,39.481233720516585,3.93,3.84,0.0,0.0,0.1,0.4,1.0
823183,2026,2026-08-24,mlb,SFG,CIN,40.864388309944545,37.42971480330227,6.49,2.77,0.0,0.0,0.2,0.3333333333333333,1.0
823097,2026,2026-08-24,mlb,SEA,PHI,48.17227508833325,46.07852610677368,3.36,3.4,0.0,0.0,0.6,0.9,1.0
824964,2026,2026-08-24,mlb,ATH,MIN,41.83351239972274,34.49429336383309,6.08,4.86,0.0,0.0,0.4,0.4,0.0
823260,2026,2026-08-24,mlb,SDP,PIT,39.95208039441178,33.19030182341987,3.21,3.59,0.0,0.0,0.7,0.5,0.0
825041,2026,2026-08-24,mlb,ARI,CHC,40.826578178179695,46.04348923947511,5.35,4.37,0.0,0.0,0.5,0.4,0.0
823992,2026,2026-08-24,mlb,LAA,CLE,35.95784812425046,35.133293372400495,3.67,2.5,0.0,0.0,0.5,0.6,0.0
824557,2026,2026-08-24,mlb,CHW,TEX,32.93310700606492,36.02502306287485,6.63,4.41,0.0,0.0,0.6666666666666666,0.5,0.0
822695,2026,2026-08-24,mlb,WSN,COL,34.519895280554,32.21076176814514,3.21,6.08,0.0,0.0,0.2,0.3,1.0
823828,2026,2026-08-24,mlb,MIA,BOS,35.446382737010744,40.85080185053196,3.38,3.35,0.0,0.0,0.5,0.7,0.0
824235,2026,2026-08-24,mlb,DET,TBR,41.930332091578485,39.481233720516585,4.35,2.95,0.0,0.0,0.2,0.3,0.0
823745,2026,2026-08-23,mlb,MIL,ATL,40.99706517824004,38.84710898652087,3.84,4.41,0.0,0.0,0.7,0.2222222222222222,0.0
825043,2026,2026-08-23,mlb,ARI,CIN,40.826578178179695,37.42971480330227,4.54,4.15,0.0,0.0,0.4,0.4444444444444444,1.0
823258,2026,2026-08-23,mlb,SDP,MIN,39.95208039441178,34.49429336383309,4.63,4.49,0.0,0.0,0.7,0.4,1.0
823016,2026,2026-08-25,mlb,STL,BAL,35.44000594157538,32.680558253621186,5.44,4.74,1.0,1.0,0.4444444444444444,0.5,0.0
823099,2026,2026-08-23,mlb,SEA,CHC,48.17227508833325,46.04348923947511,4.12,3.78,0.0,0.0,0.6,0.4,0.0
823989,2026,2026-08-25,mlb,LAA,CLE,35.95784812425046,35.133293372400495,2.94,3.98,0.0,0.0,0.4,0.7,0.0
823259,2026,2026-08-25,mlb,SDP,PIT,39.95208039441178,33.19030182341987,3.23,3.79,0.0,0.0,0.6,0.5,0.0
824879,2026,2026-08-27,mlb,ATL,LAD,38.84710898652087,44.479785357282616,2.07,2.56,0.0,0.0,0.4444444444444444,0.6,1.0
823014,2026,2026-08-27,mlb,STL,BAL,35.44000594157538,32.680558253621186,2.98,4.38,0.0,0.0,0.2222222222222222,0.5,1.0
822694,2026,2026-08-27,mlb,WSN,COL,34.519895280554,32.21076176814514,5.62,6.61,0.0,0.0,0.2,0.3,1.0
824963,2026,2026-08-26,mlb,ATH,MIN,41.83351239972274,34.49429336383309,3.71,5.55,0.0,0.0,0.4,0.4,1.0
823015,2026,2026-08-26,mlb,STL,BAL,35.44000594157538,32.680558253621186,3.86,4.03,0.0,0.0,0.3333333333333333,0.5,0.0
824555,2026,2026-08-26,mlb,CHW,TEX,32.93310700606492,36.02502306287485,3.32,4.4,0.0,0.0,0.5555555555555556,0.6,1.0
824878,2026,2026-08-26,mlb,ATL,LAD,38.84710898652087,44.479785357282616,5.93,4.6,0.0,0.0,0.3333333333333333,0.7,1.0
823584,2026,2026-08-26,mlb,NYM,MIL,44.13496149211463,40.99706517824004,7.4,4.56,0.0,0.0,0.7,0.6,0.0
822772,2026,2026-08-26,mlb,TOR,KCR,43.134335054091295,37.56754839015402,2.95,1.92,0.0,0.0,0.5,0.9,1.0
823506,2026,2026-08-26,mlb,NYY,HOU,48.53709649627505,38.34791246492824,4.7,3.66,0.0,0.0,0.6,0.4,1.0
822692,2026,2026-08-26,mlb,WSN,COL,34.519895280554,32.21076176814514,7.15,5.38,0.0,0.0,0.2,0.2,0.0
823825,2026,2026-08-26,mlb,MIA,BOS,35.446382737010744,40.85080185053196,3.98,2.82,0.0,0.0,0.5,0.8,1.0
823096,2026,2026-08-26,mlb,SEA,PHI,48.17227508833325,46.07852610677368,4.36,3.09,0.0,0.0,0.7,0.8,0.0
823255,2026,2026-08-26,mlb,SDP,PIT,39.95208039441178,33.19030182341987,4.02,4.26,0.0,0.0,0.5,0.5,1.0
823988,2026,2026-08-26,mlb,LAA,CLE,35.95784812425046,35.133293372400495,6.03,3.7,0.0,0.0,0.4,0.8,0.0
823180,2026,2026-08-26,mlb,SFG,CIN,40.864388309944545,37.42971480330227,3.72,5.24,0.0,0.0,0.4,0.3333333333333333,0.0
825039,2026,2026-08-26,mlb,ARI,CHC,40.826578178179695,46.04348923947511,2.5,3.99,0.0,0.0,0.5,0.4,1.0
824234,2026,2026-08-26,mlb,DET,TBR,41.930332091578485,39.481233720516585,1.86,5.11,0.0,0.0,0.2,0.4,0.0
823181,2026,2026-08-25,mlb,SFG,CIN,40.864388309944545,37.42971480330227,4.02,4.72,0.0,0.0,0.3,0.3333333333333333,1.0
823098,2026,2026-08-25,mlb,SEA,PHI,48.17227508833325,46.07852610677368,4.02,5.03,0.0,0.0,0.6,0.9,1.0
824962,2026,2026-08-25,mlb,ATH,MIN,41.83351239972274,34.49429336383309,4.69,3.97,0.0,0.0,0.3,0.4,1.0
825042,2026,2026-08-25,mlb,ARI,CHC,40.826578178179695,46.04348923947511,3.51,2.26,0.0,0.0,0.5,0.5,1.0
823909,2026,2026-08-23,mlb,LAD,PIT,44.479785357282616,33.19030182341987,2.57,3.7,0.0,0.0,0.7,0.5,1.0
824720,2026,2026-08-23,mlb,BOS,SFG,40.85080185053196,40.864388309944545,3.49,6.35,0.0,0.0,0.6,0.3,1.0
824315,2026,2026-08-23,mlb,COL,CLE,32.21076176814514,35.133293372400495,4.96,3.19,0.0,0.0,0.4,0.6,0.0
825045,2026,2026-08-21,mlb,ARI,CIN,40.826578178179695,37.42971480330227,2.5,5.24,1.0,0.0,0.5,0.4444444444444444,1.0
824317,2026,2026-08-21,mlb,COL,CLE,32.21076176814514,35.133293372400495,5.38,3.7,1.0,0.0,0.4,0.4,0.0
822857,2026,2026-08-21,mlb,TEX,LAA,36.02502306287485,35.95784812425046,4.4,3.62,0.0,0.0,0.4,0.6,1.0
824152,2026,2026-08-21,mlb,HOU,ATH,38.34791246492824,41.83351239972274,3.86,3.71,0.0,0.0,0.4,0.2,1.0
824072,2026,2026-08-21,mlb,KCR,DET,37.56754839015402,41.930332091578485,3.98,1.86,0.0,1.0,0.6,0.4,1.0
824559,2026,2026-08-21,mlb,CHW,NYM,32.93310700606492,44.13496149211463,3.32,4.55,0.0,1.0,0.5555555555555556,0.7,1.0
824800,2026,2026-08-21,mlb,BAL,TBR,32.680558253621186,39.481233720516585,4.38,5.11,0.0,0.0,0.4,0.5,1.0
823830,2026,2026-08-21,mlb,MIA,WSN,35.446382737010744,34.519895280554,3.98,3.74,1.0,0.0,0.5,0.3,1.0
824721,2026,2026-08-21,mlb,BOS,SFG,40.85080185053196,40.864388309944545,2.82,3.72,1.0,0.0,0.4,0.3,1.0
823510,2026,2026-08-21,mlb,NYY,TOR,48.53709649627505,43.134335054091295,2.16,3.52,0.0,0.0,0.6,0.7,1.0
823420,2026,2026-08-21,mlb,PHI,STL,46.07852610677368,35.44000594157538,3.09,3.67,1.0,0.0,0.8,0.6666666666666666,1.0
823746,2026,2026-08-21,mlb,MIL,ATL,40.99706517824004,38.84710898652087,1.73,2.07,0.0,0.0,0.5,0.3333333333333333,1.0
824153,2026,2026-08-20,mlb,HOU,LAA,38.34791246492824,35.95784812425046,3.66,6.03,0.0,0.0,0.4,0.5,0.0
822861,2026,2026-08-20,mlb,TEX,WSN,36.02502306287485,34.519895280554,4.21,3.72,0.0,0.0,0.3,0.4,1.0
824802,2026,2026-08-20,mlb,BAL,NYY,32.680558253621186,48.53709649627505,4.03,3.19,0.0,0.0,0.5,0.6,0.0
823747,2026,2026-08-20,mlb,MIL,SEA,40.99706517824004,48.17227508833325,4.59,4.02,0.0,0.0,0.5,0.4,1.0
824074,2026,2026-08-20,mlb,KCR,ATH,37.56754839015402,41.83351239972274,1.92,4.69,0.0,0.0,0.5,0.3,1.0
822934,2026,2026-08-20,mlb,TBR,TOR,39.481233720516585,43.134335054091295,4.21,4.37,0.0,0.0,0.6,0.6,0.0
824395,2026,2026-08-20,mlb,CLE,SFG,35.133293372400495,40.864388309944545,3.98,4.34,0.0,0.0,0.3,0.3,1.0
824474,2026,2026-08-20,mlb,CIN,STL,37.42971480330227,35.44000594157538,4.72,3.86,0.0,0.0,0.5555555555555556,0.5555555555555556,0.0
823262,2026,2026-08-21,mlb,SDP,MIN,39.95208039441178,34.49429336383309,4.02,5.55,1.0,1.0,0.7,0.5,1.0
823911,2026,2026-08-21,mlb,LAD,PIT,44.479785357282616,33.19030182341987,2.56,4.26,1.0,1.0,0.7,0.5,1.0
823101,2026,2026-08-21,mlb,SEA,CHC,48.17227508833325,46.04348923947511,3.37,3.99,0.0,1.0,0.4,0.6,1.0
823509,2026,2026-08-22,mlb,NYY,TOR,48.53709649627505,43.134335054091295,3.6,2.37,0.0,0.0,0.7,0.6,0.0
822856,2026,2026-08-23,mlb,TEX,LAA,36.02502306287485,35.95784812425046,2.9,6.25,0.0,0.0,0.4,0.6,1.0
824558,2026,2026-08-23,mlb,CHW,NYM,32.93310700606492,44.13496149211463,2.28,3.21,0.0,0.0,0.5555555555555556,0.6,1.0
824150,2026,2026-08-23,mlb,HOU,ATH,38.34791246492824,41.83351239972274,6.47,4.5,0.0,0.0,0.4,0.3,0.0
824071,2026,2026-08-23,mlb,KCR,DET,37.56754839015402,41.930332091578485,2.93,2.4,0.0,0.0,0.8,0.2,1.0
823827,2026,2026-08-23,mlb,MIA,WSN,35.446382737010744,34.519895280554,4.21,8.03,0.0,0.0,0.5,0.2,1.0
823507,2026,2026-08-23,mlb,NYY,TOR,48.53709649627505,43.134335054091295,3.15,3.43,0.0,0.0,0.6,0.6,1.0
823421,2026,2026-08-23,mlb,PHI,STL,46.07852610677368,35.44000594157538,2.62,3.13,0.0,0.0,0.8,0.4444444444444444,1.0
824799,2026,2026-08-23,mlb,BAL,TBR,32.680558253621186,39.481233720516585,4.04,2.93,0.0,0.0,0.5,0.3,0.0
823261,2026,2026-08-22,mlb,SDP,MIN,39.95208039441178,34.49429336383309,3.44,5.22,0.0,0.0,0.7,0.5,1.0
824316,2026,2026-08-22,mlb,COL,CLE,32.21076176814514,35.133293372400495,6.61,3.97,0.0,0.0,0.4,0.5,0.0
824155,2026,2026-08-19,mlb,HOU,LAA,38.34791246492824,35.95784812425046,7.88,2.94,0.0,0.0,0.4,0.5,1.0
825044,2026,2026-08-22,mlb,ARI,CIN,40.826578178179695,37.42971480330227,3.4,5.13,0.0,0.0,0.5,0.4444444444444444,0.0
823100,2026,2026-08-22,mlb,SEA,CHC,48.17227508833325,46.04348923947511,4.76,5.17,0.0,0.0,0.5,0.5,1.0
823910,2026,2026-08-22,mlb,LAD,PIT,44.479785357282616,33.19030182341987,2.91,4.76,0.0,0.0,0.7,0.5,1.0
824073,2026,2026-08-22,mlb,KCR,DET,37.56754839015402,41.930332091578485,3.49,4.09,0.0,0.0,0.7,0.3,1.0
824560,2026,2026-08-22,mlb,CHW,NYM,32.93310700606492,44.13496149211463,5.19,3.73,0.0,0.0,0.6666666666666666,0.6,0.0
824151,2026,2026-08-22,mlb,HOU,ATH,38.34791246492824,41.83351239972274,3.51,4.98,0.0,0.0,0.5,0.2,0.0
822858,2026,2026-08-22,mlb,TEX,LAA,36.02502306287485,35.95784812425046,3.05,5.75,0.0,0.0,0.4,0.6,0.0
824798,2026,2026-08-22,mlb,BAL,TBR,32.680558253621186,39.481233720516585,3.5,3.1,0.0,0.0,0.5,0.4,1.0
823422,2026,2026-08-22,mlb,PHI,STL,46.07852610677368,35.44000594157538,6.04,6.43,0.0,0.0,0.8,0.5555555555555556,1.0
823831,2026,2026-08-22,mlb,MIA,WSN,35.446382737010744,34.519895280554,3.17,5.62,0.0,0.0,0.5,0.2,1.0
823743,2026,2026-08-22,mlb,MIL,ATL,40.99706517824004,38.84710898652087,2.6,3.12,0.0,0.0,0.6,0.3333333333333333,1.0
824718,2026,2026-08-22,mlb,BOS,SFG,40.85080185053196,40.864388309944545,4.54,3.58,0.0,0.0,0.5,0.3,1.0
823026,2026,2026-07-28,mlb,STL,CHC,35.44000594157538,46.04348923947511,3.86,4.55,0.0,0.0,0.2222222222222222,0.6,0.0
824241,2026,2026-08-12,mlb,DET,CLE,41.930332091578485,35.133293372400495,4.35,3.19,0.0,0.0,0.8,0.2,0.0
823187,2026,2026-08-12,mlb,SFG,HOU,40.864388309944545,38.34791246492824,4.02,4.75,0.0,0.0,0.3,0.5,0.0
823996,2026,2026-08-02,mlb,LAA,MIL,35.95784812425046,40.99706517824004,2.94,1.73,0.0,0.0,0.2,0.6,1.0
824323,2026,2026-08-02,mlb,COL,KCR,32.21076176814514,37.56754839015402,6.37,4.61,0.0,0.0,0.4,0.4,1.0
824648,2026,2026-08-02,mlb,CHC,NYY,46.04348923947511,48.53709649627505,4.55,3.19,0.0,0.0,0.6,0.5555555555555556,0.0
824163,2026,2026-08-02,mlb,HOU,TEX,38.34791246492824,36.02502306287485,3.66,4.41,0.0,0.0,0.9,0.4,1.0
823592,2026,2026-08-02,mlb,NYM,MIA,44.13496149211463,35.446382737010744,7.4,3.38,0.0,0.0,0.4444444444444444,0.5,0.0
822943,2026,2026-08-02,mlb,TBR,CHW,39.481233720516585,32.93310700606492,3.63,4.09,0.0,0.0,0.7,0.5,0.0
824483,2026,2026-08-02,mlb,CIN,PIT,37.42971480330227,33.19030182341987,2.77,5.29,0.0,0.0,0.6666666666666666,0.3333333333333333,1.0
824404,2026,2026-08-02,mlb,CLE,ARI,35.133293372400495,40.826578178179695,3.98,5.35,0.0,0.0,0.1111111111111111,0.6666666666666666,1.0
822783,2026,2026-08-02,mlb,TOR,STL,43.134335054091295,35.44000594157538,7.02,5.44,0.0,0.0,0.6,0.2222222222222222,0.0
824891,2026,2026-08-02,mlb,ATL,WSN,38.84710898652087,34.519895280554,4.5,3.21,0.0,0.0,0.6666666666666666,0.4,1.0
824807,2026,2026-08-02,mlb,BAL,PHI,32.680558253621186,46.07852610677368,4.03,3.4,0.0,0.0,0.5555555555555556,0.2,0.0
824972,2026,2026-08-01,mlb,ATH,DET,41.83351239972274,41.930332091578485,6.68,4.35,0.0,0.0,0.2,0.5,0.0
824000,2026,2026-08-01,mlb,LAA,MIL,35.95784812425046,40.99706517824004,3.7,4.59,0.0,0.0,0.3,0.6,0.0
823920,2026,2026-08-01,mlb,LAD,BOS,44.479785357282616,40.85080185053196,2.56,3.09,0.0,0.0,0.6,0.6666666666666666,0.0
823269,2026,2026-08-01,mlb,SDP,SFG,39.95208039441178,40.864388309944545,4.63,4.41,0.0,0.0,0.7,0.5,1.0
824326,2026,2026-08-01,mlb,COL,KCR,32.21076176814514,37.56754839015402,6.08,5.53,0.0,0.0,0.3,0.5,1.0
824649,2026,2026-08-01,mlb,CHC,NYY,46.04348923947511,48.53709649627505,5.17,2.81,0.0,0.0,0.6,0.5555555555555556,1.0
824890,2026,2026-08-01,mlb,ATL,WSN,38.84710898652087,34.519895280554,3.12,5.82,0.0,0.0,0.6666666666666666,0.4,1.0
824405,2026,2026-08-01,mlb,CLE,ARI,35.133293372400495,40.826578178179695,2.5,5.4,0.0,0.0,0.2222222222222222,0.6666666666666666,0.0
824162,2026,2026-08-01,mlb,HOU,TEX,38.34791246492824,36.02502306287485,7.71,4.21,0.0,0.0,0.9,0.5,1.0
824808,2026,2026-08-01,mlb,BAL,PHI,32.680558253621186,46.07852610677368,4.04,2.62,0.0,0.0,0.5555555555555556,0.2,0.0
824971,2026,2026-08-02,mlb,ATH,DET,41.83351239972274,41.930332091578485,4.69,3.3,0.0,0.0,0.2,0.6,0.0
824485,2026,2026-08-01,mlb,CIN,PIT,37.42971480330227,33.19030182341987,4.15,3.59,0.0,0.0,0.7777777777777778,0.3333333333333333,0.0
823270,2026,2026-08-02,mlb,SDP,SFG,39.95208039441178,40.864388309944545,3.98,4.34,0.0,0.0,0.7,0.5,1.0
823919,2026,2026-08-02,mlb,LAD,BOS,44.479785357282616,40.85080185053196,5.29,3.49,0.0,0.0,0.6,0.7777777777777778,0.0
824321,2026,2026-08-04,mlb,COL,TBR,32.21076176814514,39.481233720516585,6.61,5.11,0.0,0.0,0.4,0.7,0.0
824161,2026,2026-08-04,mlb,HOU,TOR,38.34791246492824,43.134335054091295,3.86,3.65,0.0,0.0,0.8,0.6,1.0
822865,2026,2026-08-04,mlb,TEX,SFG,36.02502306287485,40.864388309944545,4.4,3.58,0.0,0.0,0.3,0.5,1.0
824645,2026,2026-08-04,mlb,CHC,LAD,46.04348923947511,44.479785357282616,3.46,2.91,0.0,0.0,0.6,0.4,1.0
823756,2026,2026-08-04,mlb,MIL,PIT,40.99706517824004,33.19030182341987,2.6,4.76,0.0,0.0,0.5,0.4,1.0
824084,2026,2026-08-04,mlb,KCR,MIN,37.56754839015402,34.49429336383309,1.92,3.65,1.0,1.0,0.3,0.6,1.0
824888,2026,2026-08-04,mlb,ATL,MIA,38.84710898652087,35.446382737010744,3.64,3.98,1.0,1.0,0.6666666666666666,0.6,1.0
824731,2026,2026-08-04,mlb,BOS,CHW,40.85080185053196,32.93310700606492,4.54,4.32,1.0,1.0,0.8,0.5,1.0
823517,2026,2026-08-04,mlb,NYY,STL,48.53709649627505,35.44000594157538,3.6,3.67,0.0,0.0,0.5,0.4,1.0
823432,2026,2026-08-04,mlb,PHI,WSN,46.07852610677368,34.519895280554,3.09,7.71,0.0,0.0,0.4,0.3,1.0
824484,2026,2026-08-04,mlb,CIN,ATH,37.42971480330227,41.83351239972274,4.72,3.71,1.0,1.0,0.6666666666666666,0.2,1.0
824403,2026,2026-08-04,mlb,CLE,NYM,35.133293372400495,44.13496149211463,3.7,4.55,1.0,1.0,0.2222222222222222,0.4444444444444444,0.0
824805,2026,2026-08-04,mlb,BAL,LAA,32.680558253621186,35.95784812425046,4.45,6.03,1.0,1.0,0.4444444444444444,0.2,1.0
825095,2026,2026-08-03,mlb,ARI,SDP,40.826578178179695,39.95208039441178,3.51,3.23,0.0,0.0,0.5555555555555556,0.8,1.0
824324,2026,2026-08-03,mlb,COL,TBR,32.21076176814514,39.481233720516585,7.08,4.21,0.0,0.0,0.5,0.6,0.0
824160,2026,2026-08-03,mlb,HOU,TOR,38.34791246492824,43.134335054091295,6.47,4.37,0.0,0.0,0.9,0.6,0.0
822867,2026,2026-08-03,mlb,TEX,SFG,36.02502306287485,40.864388309944545,2.9,3.72,0.0,0.0,0.4,0.5,0.0
824647,2026,2026-08-03,mlb,CHC,LAD,46.04348923947511,44.479785357282616,3.99,3.56,0.0,0.0,0.6,0.5,1.0
823757,2026,2026-08-03,mlb,MIL,PIT,40.99706517824004,33.19030182341987,5.27,4.26,0.0,0.0,0.6,0.3,0.0
823520,2026,2026-08-03,mlb,NYY,STL,48.53709649627505,35.44000594157538,2.16,3.86,0.0,0.0,0.6,0.3,0.0
823431,2026,2026-08-03,mlb,PHI,WSN,46.07852610677368,34.519895280554,5.03,3.72,0.0,0.0,0.3,0.3,1.0
823107,2026,2026-08-02,mlb,SEA,MIN,48.17227508833325,34.49429336383309,4.02,3.97,0.0,0.0,0.3,0.7,1.0
823594,2026,2026-08-01,mlb,NYM,MIA,44.13496149211463,35.446382737010744,2.88,3.59,0.0,0.0,0.5555555555555556,0.4,0.0
822944,2026,2026-08-01,mlb,TBR,CHW,39.481233720516585,32.93310700606492,2.95,3.83,0.0,0.0,0.7,0.5,1.0
823109,2026,2026-08-01,mlb,SEA,MIN,48.17227508833325,34.49429336383309,3.36,5.55,0.0,0.0,0.2,0.7,1.0
823924,2026,2026-07-29,mlb,LAD,SEA,44.479785357282616,48.17227508833325,4.78,3.37,0.0,0.0,0.5555555555555556,0.5,1.0
824973,2026,2026-07-29,mlb,ATH,BOS,41.83351239972274,40.85080185053196,4.98,4.54,0.0,0.0,0.4,0.6666666666666666,0.0
824002,2026,2026-07-29,mlb,LAA,HOU,35.95784812425046,38.34791246492824,6.03,3.86,0.0,0.0,0.4,0.7,0.0
823022,2026,2026-07-29,mlb,STL,CHC,35.44000594157538,46.04348923947511,4.56,3.99,0.0,0.0,0.2222222222222222,0.7,1.0
824567,2026,2026-07-29,mlb,CHW,NYY,32.93310700606492,48.53709649627505,4.32,2.16,0.0,0.0,0.4,0.75,1.0
823677,2026,2026-07-29,mlb,MIN,KCR,34.49429336383309,37.56754839015402,3.65,1.92,0.0,0.0,0.5,0.6,0.0
824487,2026,2026-07-29,mlb,CIN,CLE,37.42971480330227,35.133293372400495,4.72,3.7,0.0,0.0,0.6666666666666666,0.2222222222222222,0.0
822947,2026,2026-07-29,mlb,TBR,TEX,39.481233720516585,36.02502306287485,3.84,4.4,0.0,0.0,0.6,0.6,1.0
823273,2026,2026-07-29,mlb,SDP,COL,39.95208039441178,32.21076176814514,3.98,6.61,0.0,0.0,0.6,0.3,1.0
823192,2026,2026-07-29,mlb,SFG,MIL,40.864388309944545,40.99706517824004,3.72,6.0,0.0,0.0,0.3,0.7,1.0
823596,2026,2026-07-29,mlb,NYM,ATL,44.13496149211463,38.84710898652087,4.55,5.93,1.0,1.0,0.5,0.6,1.0
824242,2026,2026-07-29,mlb,DET,BAL,41.930332091578485,32.680558253621186,2.91,4.38,0.0,0.0,0.5,0.5555555555555556,0.0
822702,2026,2026-07-29,mlb,WSN,TOR,34.519895280554,43.134335054091295,5.21,3.65,0.0,0.0,0.6,0.3,0.0
823351,2026,2026-07-29,mlb,PIT,ARI,33.19030182341987,40.826578178179695,4.76,2.5,0.0,0.0,0.5,0.5555555555555556,0.0
823837,2026,2026-07-29,mlb,MIA,PHI,35.446382737010744,46.07852610677368,3.98,3.09,0.0,0.0,0.2,0.3,1.0
823598,2026,2026-07-29,mlb,NYM,ATL,44.13496149211463,38.84710898652087,3.73,2.07,0.0,0.0,0.5,0.6,
823923,2026,2026-07-28,mlb,LAD,SEA,44.479785357282616,48.17227508833325,3.56,5.19,1.0,0.0,0.5555555555555556,0.4,0.0
823193,2026,2026-07-28,mlb,SFG,MIL,40.864388309944545,40.99706517824004,4.34,2.6,0.0,0.0,0.4,0.7,0.0
823275,2026,2026-07-28,mlb,SDP,COL,39.95208039441178,32.21076176814514,3.23,7.08,1.0,1.0,0.5,0.3,1.0
824976,2026,2026-07-28,mlb,ATH,BOS,41.83351239972274,40.85080185053196,4.69,3.49,0.0,0.0,0.3,0.75,1.0
822946,2026,2026-07-30,mlb,TBR,TEX,39.481233720516585,36.02502306287485,3.1,5.63,0.0,0.0,0.7,0.5,1.0
823674,2026,2026-07-30,mlb,MIN,KCR,34.49429336383309,37.56754839015402,4.49,3.98,0.0,0.0,0.5,0.6,1.0
824568,2026,2026-07-30,mlb,CHW,NYY,32.93310700606492,48.53709649627505,3.32,3.6,0.0,0.0,0.5,0.625,1.0
823023,2026,2026-07-30,mlb,STL,CHC,35.44000594157538,46.04348923947511,3.57,3.46,0.0,0.0,0.3333333333333333,0.6,0.0
822781,2026,2026-08-01,mlb,TOR,STL,43.134335054091295,35.44000594157538,4.37,6.43,0.0,0.0,0.5,0.3333333333333333,1.0
823111,2026,2026-07-31,mlb,SEA,MIN,48.17227508833325,34.49429336383309,4.12,4.86,0.0,0.0,0.3,0.6,0.0
823922,2026,2026-07-31,mlb,LAD,BOS,44.479785357282616,40.85080185053196,2.82,3.35,0.0,0.0,0.6666666666666666,0.6666666666666666,0.0
823272,2026,2026-07-31,mlb,SDP,SFG,39.95208039441178,40.864388309944545,1.95,6.49,0.0,0.0,0.6,0.5,1.0
824975,2026,2026-07-31,mlb,ATH,DET,41.83351239972274,41.930332091578485,6.08,3.06,0.0,1.0,0.3,0.5,0.0
823999,2026,2026-07-31,mlb,LAA,MIL,35.95784812425046,40.99706517824004,5.75,3.84,1.0,1.0,0.4,0.6,0.0
824325,2026,2026-07-31,mlb,COL,KCR,32.21076176814514,37.56754839015402,4.96,3.49,1.0,0.0,0.3,0.6,1.0
824164,2026,2026-07-31,mlb,HOU,TEX,38.34791246492824,36.02502306287485,3.51,4.21,1.0,0.0,0.8,0.5,1.0
824892,2026,2026-07-31,mlb,ATL,WSN,38.84710898652087,34.519895280554,3.95,3.19,0.0,0.0,0.5555555555555556,0.5,1.0
823593,2026,2026-07-31,mlb,NYM,MIA,44.13496149211463,35.446382737010744,7.79,4.21,0.0,0.0,0.5555555555555556,0.3,0.0
825054,2026,2026-08-04,mlb,ARI,SDP,40.826578178179695,39.95208039441178,2.5,4.02,0.0,0.0,0.6,0.8,0.0
822945,2026,2026-07-31,mlb,TBR,CHW,39.481233720516585,32.93310700606492,2.93,4.18,0.0,0.0,0.8,0.5,0.0
822782,2026,2026-07-31,mlb,TOR,STL,43.134335054091295,35.44000594157538,2.37,3.13,1.0,0.0,0.4,0.3333333333333333,1.0
824809,2026,2026-07-31,mlb,BAL,PHI,32.680558253621186,46.07852610677368,3.5,6.04,1.0,1.0,0.5555555555555556,0.2,1.0
824486,2026,2026-07-31,mlb,CIN,PIT,37.42971480330227,33.19030182341987,6.83,3.79,0.0,0.0,0.6666666666666666,0.3333333333333333,1.0
824651,2026,2026-07-31,mlb,CHC,NYY,46.04348923947511,48.53709649627505,3.78,4.39,0.0,0.0,0.6,0.5555555555555556,0.0
823921,2026,2026-07-30,mlb,LAD,SEA,44.479785357282616,48.17227508833325,4.6,4.36,0.0,0.0,0.5555555555555556,0.4,1.0
823271,2026,2026-07-30,mlb,SDP,SFG,39.95208039441178,40.864388309944545,4.68,3.21,0.0,0.0,0.7,0.4,0.0
824974,2026,2026-07-30,mlb,ATH,BOS,41.83351239972274,40.85080185053196,7.08,2.82,0.0,0.0,0.3,0.6666666666666666,0.0
824894,2026,2026-07-30,mlb,ATL,WSN,38.84710898652087,34.519895280554,3.64,5.62,0.0,0.0,0.5555555555555556,0.6,1.0
823595,2026,2026-07-30,mlb,NYM,MIA,44.13496149211463,35.446382737010744,3.21,3.17,0.0,0.0,0.5555555555555556,0.3,1.0
824488,2026,2026-07-30,mlb,CIN,PIT,37.42971480330227,33.19030182341987,5.13,3.15,0.0,0.0,0.6666666666666666,0.4444444444444444,1.0
824407,2026,2026-07-31,mlb,CLE,ARI,35.133293372400495,40.826578178179695,3.97,4.54,1.0,1.0,0.3333333333333333,0.5555555555555556,0.0
823263,2026,2026-08-12,mlb,SDP,MIL,39.95208039441178,40.99706517824004,3.21,4.56,0.0,0.0,0.7,0.5,1.0
823108,2026,2026-08-04,mlb,SEA,DET,48.17227508833325,41.930332091578485,3.37,1.86,1.0,1.0,0.4,0.6,0.0
824646,2026,2026-08-05,mlb,CHC,LAD,46.04348923947511,44.479785357282616,3.78,4.78,0.0,0.0,0.6,0.3,1.0
823018,2026,2026-08-10,mlb,STL,PHI,35.44000594157538,46.07852610677368,3.67,6.04,0.0,0.0,0.5,0.6,0.0
823675,2026,2026-08-10,mlb,MIN,BAL,34.49429336383309,32.680558253621186,5.22,4.38,0.0,0.0,0.4,0.5,1.0
824887,2026,2026-08-10,mlb,ATL,NYM,38.84710898652087,44.13496149211463,3.95,3.73,0.0,0.0,0.8,0.6,0.0
822780,2026,2026-08-10,mlb,TOR,BOS,43.134335054091295,40.85080185053196,5.68,2.82,0.0,0.0,0.6666666666666666,0.8,1.0
823268,2026,2026-08-09,mlb,SDP,HOU,39.95208039441178,38.34791246492824,4.02,6.47,0.0,0.0,0.6,0.7,1.0
823104,2026,2026-08-09,mlb,SEA,TBR,48.17227508833325,39.481233720516585,3.37,4.21,0.0,0.0,0.3,0.8,0.0
825050,2026,2026-08-09,mlb,ARI,LAD,40.826578178179695,44.479785357282616,2.5,3.56,0.0,0.0,0.6,0.3,1.0
823190,2026,2026-08-09,mlb,SFG,DET,40.864388309944545,41.930332091578485,3.72,1.86,0.0,0.0,0.4,0.7,0.0
822862,2026,2026-08-09,mlb,TEX,BAL,36.02502306287485,32.680558253621186,4.41,4.45,0.0,0.0,0.4,0.4,0.0
823020,2026,2026-08-09,mlb,STL,COL,35.44000594157538,32.21076176814514,3.86,7.08,0.0,0.0,0.5,0.4,1.0
823751,2026,2026-08-09,mlb,MIL,MIN,40.99706517824004,34.49429336383309,1.73,5.55,0.0,0.0,0.6,0.4,1.0
824564,2026,2026-08-09,mlb,CHW,CLE,32.93310700606492,35.133293372400495,4.32,3.7,0.0,0.0,0.5,0.3333333333333333,1.0
824078,2026,2026-08-09,mlb,KCR,CHC,37.56754839015402,46.04348923947511,1.92,3.99,0.0,0.0,0.4,0.6666666666666666,0.0
823835,2026,2026-08-09,mlb,MIA,LAA,35.446382737010744,35.95784812425046,3.98,6.03,0.0,0.0,0.5,0.3,1.0
823513,2026,2026-08-09,mlb,NYY,ATL,48.53709649627505,38.84710898652087,2.16,3.64,0.0,0.0,0.5,0.7777777777777778,0.0
823425,2026,2026-08-09,mlb,PHI,TOR,46.07852610677368,43.134335054091295,3.09,4.37,0.0,0.0,0.5,0.7777777777777778,1.0
823345,2026,2026-08-09,mlb,PIT,NYM,33.19030182341987,44.13496149211463,4.76,4.55,0.0,0.0,0.3,0.5555555555555556,0.0
824724,2026,2026-08-09,mlb,BOS,ATH,40.85080185053196,41.83351239972274,2.09,3.71,0.0,0.0,0.9,0.1,0.0
822700,2026,2026-08-09,mlb,WSN,CIN,34.519895280554,37.42971480330227,3.74,4.72,0.0,0.0,0.3,0.6,1.0
823102,2026,2026-08-08,mlb,SEA,TBR,48.17227508833325,39.481233720516585,4.02,3.84,0.0,0.0,0.4,0.7,0.0
825049,2026,2026-08-08,mlb,ARI,LAD,40.826578178179695,44.479785357282616,3.51,2.56,0.0,0.0,0.7,0.2,0.0
823998,2026,2026-08-10,mlb,LAA,TEX,35.95784812425046,36.02502306287485,3.62,4.4,0.0,0.0,0.3,0.4,0.0
824565,2026,2026-08-08,mlb,CHW,CLE,32.93310700606492,35.133293372400495,4.09,3.98,0.0,0.0,0.4,0.3333333333333333,1.0
825048,2026,2026-08-10,mlb,ARI,COL,40.826578178179695,32.21076176814514,3.4,6.61,0.0,0.0,0.6,0.4,1.0
823265,2026,2026-08-10,mlb,SDP,MIL,39.95208039441178,40.99706517824004,3.44,2.6,0.0,0.0,0.7,0.7,1.0
825047,2026,2026-08-12,mlb,ARI,COL,40.826578178179695,32.21076176814514,5.35,6.08,0.0,0.0,0.5,0.4,0.0
824967,2026,2026-08-12,mlb,ATH,TBR,41.83351239972274,39.481233720516585,6.68,2.95,0.0,0.0,0.2,0.9,0.0
823017,2026,2026-08-12,mlb,STL,PHI,35.44000594157538,46.07852610677368,3.13,3.4,0.0,0.0,0.6,0.6,1.0
823672,2026,2026-08-12,mlb,MIN,BAL,34.49429336383309,32.680558253621186,4.86,4.04,0.0,0.0,0.3,0.4,1.0
823917,2026,2026-08-11,mlb,LAD,KCR,44.479785357282616,37.56754839015402,2.57,3.49,0.0,0.0,0.2,0.3,1.0
823186,2026,2026-08-11,mlb,SFG,HOU,40.864388309944545,38.34791246492824,6.49,3.51,0.0,0.0,0.2,0.6,1.0
823264,2026,2026-08-11,mlb,SDP,MIL,39.95208039441178,40.99706517824004,4.63,2.79,0.0,0.0,0.7,0.6,1.0
824970,2026,2026-08-11,mlb,ATH,TBR,41.83351239972274,39.481233720516585,7.08,2.93,0.0,0.0,0.2,0.8,0.0
825046,2026,2026-08-11,mlb,ARI,COL,40.826578178179695,32.21076176814514,4.54,4.96,0.0,0.0,0.6,0.4,0.0
823997,2026,2026-08-11,mlb,LAA,TEX,35.95784812425046,36.02502306287485,5.75,3.05,0.0,0.0,0.3,0.5,1.0
823019,2026,2026-08-11,mlb,STL,PHI,35.44000594157538,46.07852610677368,3.57,2.62,0.0,0.0,0.5,0.7,1.0
824563,2026,2026-08-11,mlb,CHW,CIN,32.93310700606492,37.42971480330227,3.32,5.24,1.0,1.0,0.5,0.6,0.0
823673,2026,2026-08-11,mlb,MIN,BAL,34.49429336383309,32.680558253621186,4.49,3.5,0.0,0.0,0.4,0.4,0.0
824886,2026,2026-08-11,mlb,ATL,NYM,38.84710898652087,44.13496149211463,3.12,3.21,0.0,0.0,0.7,0.6,1.0
822778,2026,2026-08-11,mlb,TOR,BOS,43.134335054091295,40.85080185053196,2.37,4.54,0.0,0.0,0.6666666666666666,0.7,1.0
823512,2026,2026-08-11,mlb,NYY,SEA,48.53709649627505,48.17227508833325,3.6,4.36,1.0,1.0,0.5,0.3,1.0
822697,2026,2026-08-11,mlb,WSN,CHC,34.519895280554,46.04348923947511,5.62,3.78,1.0,1.0,0.4,0.6666666666666666,0.0
823832,2026,2026-08-11,mlb,MIA,PIT,35.446382737010744,33.19030182341987,3.17,3.79,1.0,1.0,0.5,0.3,1.0
824240,2026,2026-08-11,mlb,DET,CLE,41.930332091578485,35.133293372400495,4.09,3.97,1.0,1.0,0.7,0.3,1.0
823918,2026,2026-08-10,mlb,LAD,KCR,44.479785357282616,37.56754839015402,2.91,3.98,0.0,0.0,0.2,0.3,1.0
823189,2026,2026-08-10,mlb,SFG,HOU,40.864388309944545,38.34791246492824,3.58,3.86,0.0,0.0,0.3,0.6,0.0
824969,2026,2026-08-10,mlb,ATH,TBR,41.83351239972274,39.481233720516585,4.98,5.11,0.0,0.0,0.2,0.8,0.0
822864,2026,2026-08-08,mlb,TEX,BAL,36.02502306287485,32.680558253621186,4.21,4.03,0.0,0.0,0.4,0.5,1.0
823021,2026,2026-08-08,mlb,STL,COL,35.44000594157538,32.21076176814514,5.44,6.37,0.0,0.0,0.5,0.3,0.0
823188,2026,2026-08-08,mlb,SFG,DET,40.864388309944545,41.930332091578485,4.34,3.93,0.0,0.0,0.4,0.6,0.0
824885,2026,2026-08-06,mlb,ATL,MIA,38.84710898652087,35.446382737010744,3.12,4.21,0.0,0.0,0.7777777777777778,0.6,1.0
824729,2026,2026-08-06,mlb,BOS,CHW,40.85080185053196,32.93310700606492,3.35,5.19,0.0,0.0,0.9,0.5,1.0
823430,2026,2026-08-06,mlb,PHI,WSN,46.07852610677368,34.519895280554,2.62,5.82,0.0,0.0,0.5,0.2,1.0
823105,2026,2026-08-06,mlb,SEA,DET,48.17227508833325,41.930332091578485,4.12,4.35,0.0,0.0,0.5,0.5,0.0
823754,2026,2026-08-06,mlb,MIL,PIT,40.99706517824004,33.19030182341987,4.56,3.59,0.0,0.0,0.6,0.3,1.0
824401,2026,2026-08-06,mlb,CLE,NYM,35.133293372400495,44.13496149211463,3.19,3.21,0.0,0.0,0.2222222222222222,0.6666666666666666,0.0
824481,2026,2026-08-06,mlb,CIN,ATH,37.42971480330227,41.83351239972274,4.15,7.08,0.0,0.0,0.7777777777777778,0.1,1.0
824804,2026,2026-08-06,mlb,BAL,LAA,32.680558253621186,35.95784812425046,3.5,5.75,0.0,0.0,0.6,0.2,0.0
823106,2026,2026-08-05,mlb,SEA,DET,48.17227508833325,41.930332091578485,4.36,4.09,0.0,0.0,0.4,0.6,1.0
825052,2026,2026-08-05,mlb,ARI,SDP,40.826578178179695,39.95208039441178,4.54,3.44,0.0,0.0,0.5,0.8,1.0
823753,2026,2026-08-05,mlb,MIL,PIT,40.99706517824004,33.19030182341987,2.79,3.79,0.0,0.0,0.6,0.4,1.0
824082,2026,2026-08-05,mlb,KCR,MIN,37.56754839015402,34.49429336383309,3.98,5.22,0.0,0.0,0.4,0.5,1.0
824889,2026,2026-08-05,mlb,ATL,MIA,38.84710898652087,35.446382737010744,3.95,3.17,0.0,0.0,0.6666666666666666,0.6,1.0
824728,2026,2026-08-05,mlb,BOS,CHW,40.85080185053196,32.93310700606492,2.82,3.32,0.0,0.0,0.8,0.5,1.0
823516,2026,2026-08-05,mlb,NYY,STL,48.53709649627505,35.44000594157538,4.39,3.57,0.0,0.0,0.5,0.3,0.0
823429,2026,2026-08-05,mlb,PHI,WSN,46.07852610677368,34.519895280554,6.04,5.62,0.0,0.0,0.5,0.2,0.0
824482,2026,2026-08-05,mlb,CIN,ATH,37.42971480330227,41.83351239972274,5.13,4.98,0.0,0.0,0.6666666666666666,0.1,1.0
824402,2026,2026-08-05,mlb,CLE,NYM,35.133293372400495,44.13496149211463,3.97,3.73,0.0,0.0,0.2222222222222222,0.5555555555555556,0.0
824322,2026,2026-08-05,mlb,COL,TBR,32.21076176814514,39.481233720516585,4.96,2.93,0.0,0.0,0.4,0.7,0.0
822866,2026,2026-08-05,mlb,TEX,SFG,36.02502306287485,40.864388309944545,3.05,6.49,0.0,0.0,0.3,0.4,1.0
824080,2026,2026-08-06,mlb,KCR,MIN,37.56754839015402,34.49429336383309,3.49,4.49,0.0,0.0,0.5,0.5,0.0
825053,2026,2026-08-06,mlb,ARI,SDP,40.826578178179695,39.95208039441178,5.4,4.63,0.0,0.0,0.6,0.7,0.0
823349,2026,2026-08-07,mlb,PIT,NYM,33.19030182341987,44.13496149211463,4.17,2.88,0.0,0.0,0.2,0.6666666666666666,0.0
823428,2026,2026-08-07,mlb,PHI,TOR,46.07852610677368,43.134335054091295,3.4,3.43,0.0,0.0,0.5,0.6666666666666666,0.0
823267,2026,2026-08-08,mlb,SDP,HOU,39.95208039441178,38.34791246492824,3.23,3.66,0.0,0.0,0.6,0.8,1.0
823752,2026,2026-08-08,mlb,MIL,MIN,40.99706517824004,34.49429336383309,4.59,3.97,0.0,0.0,0.6,0.5,1.0
824079,2026,2026-08-08,mlb,KCR,CHC,37.56754839015402,46.04348923947511,4.61,2.26,0.0,0.0,0.3,0.6666666666666666,1.0
822701,2026,2026-08-08,mlb,WSN,CIN,34.519895280554,37.42971480330227,3.72,2.77,0.0,0.0,0.2,0.6666666666666666,1.0
823348,2026,2026-08-08,mlb,PIT,NYM,33.19030182341987,44.13496149211463,4.26,7.4,0.0,0.0,0.2,0.6666666666666666,1.0
823426,2026,2026-08-08,mlb,PHI,TOR,46.07852610677368,43.134335054091295,5.03,7.02,0.0,0.0,0.5,0.6666666666666666,0.0
823834,2026,2026-08-08,mlb,MIA,LAA,35.446382737010744,35.95784812425046,3.38,2.94,0.0,0.0,0.5,0.3,1.0
824726,2026,2026-08-08,mlb,BOS,ATH,40.85080185053196,41.83351239972274,3.49,4.69,0.0,0.0,0.9,0.1,0.0
823514,2026,2026-08-08,mlb,NYY,ATL,48.53709649627505,38.84710898652087,3.19,2.07,0.0,0.0,0.5,0.7777777777777778,1.0
823191,2026,2026-08-07,mlb,SFG,DET,40.864388309944545,41.930332091578485,3.58,3.3,1.0,0.0,0.4,0.6,1.0
824158,2026,2026-08-05,mlb,HOU,TOR,38.34791246492824,43.134335054091295,3.51,5.68,0.0,0.0,0.8,0.6,0.0
823103,2026,2026-08-07,mlb,SEA,TBR,48.17227508833325,39.481233720516585,3.36,2.95,0.0,1.0,0.4,0.7,0.0
825051,2026,2026-08-07,mlb,ARI,LAD,40.826578178179695,44.479785357282616,5.35,4.6,0.0,1.0,0.6,0.2,1.0
822863,2026,2026-08-07,mlb,TEX,BAL,36.02502306287485,32.680558253621186,4.21,4.04,1.0,0.0,0.4,0.5,1.0
823024,2026,2026-08-07,mlb,STL,COL,35.44000594157538,32.21076176814514,3.13,6.08,1.0,1.0,0.4,0.3,1.0
824081,2026,2026-08-07,mlb,KCR,CHC,37.56754839015402,46.04348923947511,2.93,4.37,0.0,0.0,0.4,0.6666666666666666,0.0
823750,2026,2026-08-07,mlb,MIL,MIN,40.99706517824004,34.49429336383309,3.84,4.86,0.0,0.0,0.6,0.5,0.0
824566,2026,2026-08-07,mlb,CHW,CLE,32.93310700606492,35.133293372400495,6.06,2.5,0.0,0.0,0.4,0.2222222222222222,0.0
823836,2026,2026-08-07,mlb,MIA,LAA,35.446382737010744,35.95784812425046,3.59,3.67,0.0,0.0,0.6,0.3,0.0
824727,2026,2026-08-07,mlb,BOS,ATH,40.85080185053196,41.83351239972274,3.09,6.68,0.0,0.0,0.9,0.1,1.0
823515,2026,2026-08-07,mlb,NYY,ATL,48.53709649627505,38.84710898652087,2.81,4.41,1.0,0.0,0.5,0.7777777777777778,1.0
822699,2026,2026-08-07,mlb,WSN,CIN,34.519895280554,37.42971480330227,3.21,4.83,0.0,0.0,0.2,0.7777777777777778,1.0
823266,2026,2026-08-07,mlb,SDP,HOU,39.95208039441178,38.34791246492824,3.21,7.71,0.0,1.0,0.7,0.7,0.0
823916,2026,2026-08-12,mlb,LAD,KCR,44.479785357282616,37.56754839015402,4.78,2.93,0.0,0.0,0.3,0.3,1.0
823244,2026,2026-03-25,mlb,SFG,NYY,40.864388309944545,48.53709649627505,3.72,2.81,,,,,0.0
823612,2026,2026-06-25,mlb,NYM,CHC,44.13496149211463,46.04348923947511,5.11,3.99,0.0,0.0,0.3,0.7,0.0
823799,2026,2026-04-25,mlb,MIL,PIT,40.99706517824004,33.19030182341987,1.73,5.29,0.0,0.0,0.5,0.5,0.0
824527,2026,2026-04-25,mlb,CIN,DET,37.42971480330227,41.930332091578485,4.72,4.59,0.0,0.0,0.8,0.6,1.0
823960,2026,2026-04-25,mlb,LAD,CHC,44.479785357282616,46.04348923947511,4.6,4.55,0.0,0.0,0.5,1.0,1.0
824933,2026,2026-04-25,mlb,ATL,PHI,38.84710898652087,46.07852610677368,3.95,3.4,0.0,0.0,0.9,0.0,0.0
824852,2026,2026-04-26,mlb,BAL,BOS,32.680558253621186,40.85080185053196,4.03,3.44,0.0,0.0,0.4,0.4,0.0
824934,2026,2026-04-26,mlb,ATL,PHI,38.84710898652087,46.07852610677368,2.07,5.03,0.0,0.0,0.8,0.1,1.0
822824,2026,2026-04-26,mlb,TOR,CLE,43.134335054091295,35.133293372400495,5.51,5.07,0.0,0.0,0.4,0.5,1.0
824528,2026,2026-04-26,mlb,CIN,DET,37.42971480330227,41.930332091578485,5.13,3.3,0.0,0.0,0.8,0.5,0.0
823635,2026,2026-04-26,mlb,NYM,COL,44.13496149211463,32.21076176814514,3.21,5.27,1.0,1.0,0.2,0.5,0.0
823637,2026,2026-04-26,mlb,NYM,COL,44.13496149211463,32.21076176814514,7.79,3.89,0.0,0.0,0.2,0.6,0.0
822991,2026,2026-04-26,mlb,TBR,MIN,39.481233720516585,34.49429336383309,3.63,6.68,0.0,0.0,0.6,0.2,1.0
824612,2026,2026-04-26,mlb,CHW,WSN,32.93310700606492,34.519895280554,3.27,3.19,0.0,0.0,0.5,0.4,0.0
824202,2026,2026-04-26,mlb,HOU,NYY,38.34791246492824,48.53709649627505,4.81,6.05,0.0,0.0,0.3,0.9,1.0
823797,2026,2026-04-26,mlb,MIL,PIT,40.99706517824004,33.19030182341987,2.79,4.17,0.0,0.0,0.5,0.6,1.0
824203,2026,2026-04-25,mlb,HOU,NYY,38.34791246492824,48.53709649627505,5.99,3.6,0.0,0.0,0.4,0.8,0.0
823068,2026,2026-04-26,mlb,STL,SEA,35.44000594157538,48.17227508833325,3.86,3.37,0.0,0.0,0.6,0.5,0.0
824121,2026,2026-04-25,mlb,KCR,LAA,37.56754839015402,35.95784812425046,4.84,2.94,0.0,0.0,0.2,0.4,1.0
825093,2026,2026-04-25,mlb,ARI,SDP,40.826578178179695,39.95208039441178,6.34,5.26,1.0,1.0,0.6,0.8,0.0
824932,2026,2026-04-24,mlb,ATL,PHI,38.84710898652087,46.07852610677368,3.64,6.04,0.0,0.0,0.8,0.1,1.0
824124,2026,2026-04-24,mlb,KCR,LAA,37.56754839015402,35.95784812425046,3.98,6.25,1.0,1.0,0.1,0.4,1.0
824611,2026,2026-04-24,mlb,CHW,WSN,32.93310700606492,34.519895280554,3.27,2.7,0.0,0.0,0.5,0.4,1.0
823800,2026,2026-04-24,mlb,MIL,PIT,40.99706517824004,33.19030182341987,2.98,3.79,0.0,0.0,0.5,0.5,0.0
822909,2026,2026-04-24,mlb,TEX,ATH,36.02502306287485,41.83351239972274,4.21,4.16,0.0,1.0,0.5,0.5,0.0
824204,2026,2026-04-24,mlb,HOU,NYY,38.34791246492824,48.53709649627505,6.55,4.39,1.0,0.0,0.4,0.8,0.0
823069,2026,2026-04-24,mlb,STL,SEA,35.44000594157538,48.17227508833325,3.57,4.02,1.0,1.0,0.6,0.4,0.0
823962,2026,2026-04-24,mlb,LAD,CHC,44.479785357282616,46.04348923947511,5.29,5.68,0.0,0.0,0.6,0.9,0.0
823232,2026,2026-04-24,mlb,SFG,MIA,40.864388309944545,35.446382737010744,4.02,3.38,0.0,1.0,0.5,0.4,0.0
824851,2026,2026-04-25,mlb,BAL,BOS,32.680558253621186,40.85080185053196,4.38,6.3,0.0,0.0,0.4,0.3,0.0
823070,2026,2026-04-25,mlb,STL,SEA,35.44000594157538,48.17227508833325,5.44,4.36,0.0,0.0,0.6,0.4,0.0
822826,2026,2026-04-25,mlb,TOR,CLE,43.134335054091295,35.133293372400495,4.37,3.7,0.0,0.0,0.4,0.5,1.0
823229,2026,2026-04-25,mlb,SFG,MIA,40.864388309944545,35.446382737010744,3.21,3.17,0.0,0.0,0.5,0.5,1.0
822989,2026,2026-04-25,mlb,TBR,MIN,39.481233720516585,34.49429336383309,3.1,4.49,0.0,0.0,0.6,0.3,1.0
824613,2026,2026-04-25,mlb,CHW,WSN,32.93310700606492,34.519895280554,6.06,5.62,0.0,0.0,0.5,0.3,0.0
822910,2026,2026-04-25,mlb,TEX,ATH,36.02502306287485,41.83351239972274,4.4,6.08,0.0,0.0,0.4,0.6,1.0
822992,2026,2026-04-24,mlb,TBR,MIN,39.481233720516585,34.49429336383309,2.95,3.97,1.0,0.0,0.6,0.4,1.0
822911,2026,2026-04-26,mlb,TEX,ATH,36.02502306287485,41.83351239972274,4.41,3.71,0.0,0.0,0.5,0.5,0.0
823230,2026,2026-04-26,mlb,SFG,MIA,40.864388309944545,35.446382737010744,4.34,2.68,0.0,0.0,0.6,0.4,1.0
824610,2026,2026-04-28,mlb,CHW,LAA,32.93310700606492,35.95784812425046,4.32,3.43,0.0,0.0,0.6,0.2,1.0
823798,2026,2026-04-28,mlb,MIL,ARI,40.99706517824004,40.826578178179695,3.34,5.35,1.0,1.0,0.5,0.6,1.0
822908,2026,2026-04-28,mlb,TEX,NYY,36.02502306287485,48.53709649627505,4.21,2.16,0.0,0.0,0.4,0.9,0.0
825017,2026,2026-04-28,mlb,ATH,KCR,41.83351239972274,37.56754839015402,4.66,4.11,1.0,1.0,0.5,0.4,0.0
823310,2026,2026-04-28,mlb,SDP,CHC,39.95208039441178,46.04348923947511,4.63,5.68,0.0,0.0,0.7,0.7,0.0
823956,2026,2026-04-28,mlb,LAD,MIA,44.479785357282616,35.446382737010744,1.79,4.21,0.0,0.0,0.5,0.4,0.0
824445,2026,2026-04-29,mlb,CLE,TBR,35.133293372400495,39.481233720516585,3.98,2.95,0.0,0.0,0.4,0.7,1.0
824608,2026,2026-04-29,mlb,CHW,LAA,32.93310700606492,35.95784812425046,4.18,6.25,0.0,0.0,0.6,0.1,1.0
823717,2026,2026-04-29,mlb,MIN,SEA,34.49429336383309,48.17227508833325,3.97,4.02,0.0,0.0,0.2,0.7,0.0
822907,2026,2026-04-29,mlb,TEX,NYY,36.02502306287485,48.53709649627505,4.21,4.7,0.0,0.0,0.3,0.9,1.0
822821,2026,2026-04-29,mlb,TOR,BOS,43.134335054091295,40.85080185053196,4.78,4.68,0.0,0.0,0.6,0.4,1.0
823958,2026,2026-04-29,mlb,LAD,MIA,44.479785357282616,35.446382737010744,3.02,3.38,0.0,0.0,0.5,0.5,0.0
823312,2026,2026-04-29,mlb,SDP,CHC,39.95208039441178,46.04348923947511,7.15,5.68,0.0,0.0,0.6,0.7,0.0
824525,2026,2026-04-29,mlb,CIN,COL,37.42971480330227,32.21076176814514,6.11,4.96,0.0,0.0,0.8,0.6,0.0
823392,2026,2026-04-29,mlb,PIT,STL,33.19030182341987,35.44000594157538,4.26,3.57,0.0,0.0,0.4,0.5,0.0
823716,2026,2026-04-28,mlb,MIN,SEA,34.49429336383309,48.17227508833325,3.65,3.36,0.0,0.0,0.2,0.6,0.0
825094,2026,2026-04-26,mlb,ARI,SDP,40.826578178179695,39.95208039441178,4.97,3.23,0.0,0.0,0.5,0.8,1.0
824931,2026,2026-04-28,mlb,ATL,DET,38.84710898652087,41.930332091578485,3.12,3.44,1.0,1.0,0.8,0.5,1.0
822823,2026,2026-04-28,mlb,TOR,BOS,43.134335054091295,40.85080185053196,3.65,3.09,0.0,0.0,0.5,0.4,1.0
824122,2026,2026-04-26,mlb,KCR,LAA,37.56754839015402,35.95784812425046,4.61,3.62,0.0,0.0,0.3,0.3,1.0
823959,2026,2026-04-26,mlb,LAD,CHC,44.479785357282616,46.04348923947511,3.56,3.78,0.0,0.0,0.5,0.9,1.0
824446,2026,2026-04-27,mlb,CLE,TBR,35.133293372400495,39.481233720516585,2.5,6.17,0.0,0.0,0.5,0.6,0.0
823395,2026,2026-04-27,mlb,PIT,STL,33.19030182341987,35.44000594157538,3.19,4.56,0.0,0.0,0.5,0.5,0.0
822825,2026,2026-04-27,mlb,TOR,BOS,43.134335054091295,40.85080185053196,2.37,3.35,0.0,0.0,0.5,0.4,0.0
823719,2026,2026-04-27,mlb,MIN,SEA,34.49429336383309,48.17227508833325,5.55,5.19,0.0,0.0,0.1,0.6,1.0
824609,2026,2026-04-27,mlb,CHW,LAA,32.93310700606492,35.95784812425046,4.09,6.19,0.0,0.0,0.5,0.3,1.0
822906,2026,2026-04-27,mlb,TEX,NYY,36.02502306287485,48.53709649627505,5.29,2.81,0.0,0.0,0.5,0.8,0.0
823311,2026,2026-04-27,mlb,SDP,CHC,39.95208039441178,46.04348923947511,4.02,3.99,0.0,0.0,0.7,0.8,1.0
823961,2026,2026-04-27,mlb,LAD,MIA,44.479785357282616,35.446382737010744,2.56,6.79,0.0,0.0,0.5,0.4,1.0
824447,2026,2026-04-28,mlb,CLE,TBR,35.133293372400495,39.481233720516585,3.97,2.93,0.0,0.0,0.4,0.6,0.0
824849,2026,2026-04-28,mlb,BAL,HOU,32.680558253621186,38.34791246492824,4.04,4.22,1.0,1.0,0.4,0.3,1.0
824526,2026,2026-04-28,mlb,CIN,COL,37.42971480330227,32.21076176814514,2.77,6.37,1.0,1.0,0.7,0.6,1.0
823390,2026,2026-04-28,mlb,PIT,STL,33.19030182341987,35.44000594157538,3.59,3.13,0.0,0.0,0.5,0.5,0.0
823473,2026,2026-04-28,mlb,PHI,SFG,46.07852610677368,40.864388309944545,3.09,4.41,1.0,1.0,0.1,0.7,1.0
823636,2026,2026-04-28,mlb,NYM,WSN,44.13496149211463,34.519895280554,2.26,5.21,1.0,1.0,0.2,0.4,1.0
823638,2026,2026-04-24,mlb,NYM,COL,44.13496149211463,32.21076176814514,5.11,7.08,0.0,0.0,0.2,0.4,0.0
822827,2026,2026-04-24,mlb,TOR,CLE,43.134335054091295,35.133293372400495,7.02,3.98,1.0,1.0,0.4,0.5,0.0
824854,2026,2026-04-24,mlb,BAL,BOS,32.680558253621186,40.85080185053196,3.5,4.68,1.0,0.0,0.4,0.3,1.0
823150,2026,2026-04-19,mlb,SEA,TEX,48.17227508833325,36.02502306287485,4.36,4.4,0.0,0.0,0.5,0.5,1.0
825100,2026,2026-04-19,mlb,ARI,TOR,40.826578178179695,43.134335054091295,4.97,4.37,0.0,0.0,0.8,0.3,0.0
824777,2026,2026-04-19,mlb,BOS,DET,40.85080185053196,41.930332091578485,6.3,4.35,0.0,0.0,0.6,0.7,0.0
823475,2026,2026-04-19,mlb,PHI,ATL,46.07852610677368,38.84710898652087,6.04,3.64,0.0,0.0,0.2,0.8,0.0
824776,2026,2026-04-20,mlb,BOS,DET,40.85080185053196,41.930332091578485,2.82,4.59,0.0,0.0,0.5,0.8,1.0
824450,2026,2026-04-20,mlb,CLE,HOU,35.133293372400495,38.34791246492824,5.07,4.81,0.0,0.0,0.5,0.2,0.0
822994,2026,2026-04-20,mlb,TBR,CIN,39.481233720516585,37.42971480330227,4.03,5.13,0.0,0.0,0.7,0.6,0.0
823879,2026,2026-04-20,mlb,MIA,STL,35.446382737010744,35.44000594157538,2.68,3.86,0.0,0.0,0.3,0.7,1.0
822749,2026,2026-04-20,mlb,WSN,ATL,34.519895280554,38.84710898652087,5.62,3.95,0.0,0.0,0.6,0.8,0.0
824125,2026,2026-04-20,mlb,KCR,BAL,37.56754839015402,32.680558253621186,4.61,4.03,0.0,0.0,0.2,0.4,0.0
824692,2026,2026-04-20,mlb,CHC,PHI,46.04348923947511,46.07852610677368,4.55,5.03,0.0,0.0,0.7,0.2,1.0
824370,2026,2026-04-20,mlb,COL,LAD,32.21076176814514,44.479785357282616,5.27,3.56,0.0,0.0,0.3,0.6,0.0
824046,2026,2026-04-20,mlb,LAA,TOR,35.95784812425046,43.134335054091295,3.62,2.37,0.0,0.0,0.5,0.4,0.0
823149,2026,2026-04-20,mlb,SEA,ATH,48.17227508833325,41.83351239972274,3.37,3.71,0.0,0.0,0.6,0.6,0.0
824448,2026,2026-04-21,mlb,CLE,HOU,35.133293372400495,38.34791246492824,2.5,7.62,0.0,0.0,0.5,0.3,1.0
824047,2026,2026-04-19,mlb,LAA,SDP,35.95784812425046,39.95208039441178,2.94,3.23,0.0,0.0,0.5,0.9,0.0
822995,2026,2026-04-21,mlb,TBR,CIN,39.481233720516585,37.42971480330227,6.17,2.77,0.0,0.0,0.7,0.7,0.0
825018,2026,2026-04-19,mlb,ATH,CHW,41.83351239972274,32.93310700606492,6.08,6.06,0.0,0.0,0.7,0.3,0.0
824691,2026,2026-04-19,mlb,CHC,NYM,46.04348923947511,44.13496149211463,3.46,6.26,0.0,0.0,0.7,0.0,1.0
823882,2026,2026-04-18,mlb,MIA,MIL,35.446382737010744,40.99706517824004,3.38,2.98,0.0,0.0,0.3,0.4,0.0
824451,2026,2026-04-18,mlb,CLE,BAL,35.133293372400495,32.680558253621186,3.98,5.22,0.0,0.0,0.5,0.6,1.0
824206,2026,2026-04-18,mlb,HOU,STL,38.34791246492824,35.44000594157538,6.55,3.57,0.0,0.0,0.2,0.6,0.0
823151,2026,2026-04-18,mlb,SEA,TEX,48.17227508833325,36.02502306287485,4.02,4.21,0.0,0.0,0.4,0.6,1.0
823474,2026,2026-04-18,mlb,PHI,ATL,46.07852610677368,38.84710898652087,2.62,2.07,0.0,0.0,0.3,0.7,0.0
824372,2026,2026-04-18,mlb,COL,LAD,32.21076176814514,44.479785357282616,6.08,5.29,0.0,0.0,0.3,0.8,1.0
825098,2026,2026-04-18,mlb,ARI,TOR,40.826578178179695,43.134335054091295,6.34,7.02,0.0,0.0,0.7,0.3,1.0
824049,2026,2026-04-18,mlb,LAA,SDP,35.95784812425046,39.95208039441178,6.25,5.26,0.0,0.0,0.5,0.8,0.0
822750,2026,2026-04-19,mlb,WSN,SFG,34.519895280554,40.864388309944545,2.7,3.21,0.0,0.0,0.5,0.6,1.0
823393,2026,2026-04-19,mlb,PIT,TBR,33.19030182341987,39.481233720516585,5.29,3.1,0.0,0.0,0.5,0.7,1.0
823556,2026,2026-04-19,mlb,NYY,KCR,48.53709649627505,37.56754839015402,3.6,4.84,0.0,0.0,0.4,0.2,1.0
824452,2026,2026-04-19,mlb,CLE,BAL,35.133293372400495,32.680558253621186,3.7,4.38,0.0,0.0,0.5,0.5,1.0
823881,2026,2026-04-19,mlb,MIA,MIL,35.446382737010744,40.99706517824004,3.17,1.73,0.0,0.0,0.3,0.4,1.0
824205,2026,2026-04-19,mlb,HOU,STL,38.34791246492824,35.44000594157538,5.99,5.44,0.0,0.0,0.2,0.7,0.0
823718,2026,2026-04-19,mlb,MIN,CIN,34.49429336383309,37.42971480330227,4.49,4.72,0.0,0.0,0.6,0.5,0.0
824371,2026,2026-04-19,mlb,COL,LAD,32.21076176814514,44.479785357282616,7.08,4.6,0.0,0.0,0.3,0.7,1.0
823880,2026,2026-04-21,mlb,MIA,STL,35.446382737010744,35.44000594157538,6.79,4.56,0.0,0.0,0.3,0.6,0.0
824290,2026,2026-04-21,mlb,DET,MIL,41.930332091578485,40.99706517824004,3.3,2.79,0.0,1.0,0.8,0.4,0.0
822747,2026,2026-04-21,mlb,WSN,ATL,34.519895280554,38.84710898652087,3.19,3.64,0.0,0.0,0.5,0.8,1.0
824688,2026,2026-04-22,mlb,CHC,PHI,46.04348923947511,46.07852610677368,3.99,4.95,0.0,0.0,0.8,0.2,1.0
822913,2026,2026-04-22,mlb,TEX,PIT,36.02502306287485,33.19030182341987,5.29,3.59,0.0,0.0,0.5,0.5,0.0
824367,2026,2026-04-22,mlb,COL,SDP,32.21076176814514,39.95208039441178,4.96,4.63,0.0,0.0,0.3,0.9,1.0
825097,2026,2026-04-22,mlb,ARI,CHW,40.826578178179695,32.93310700606492,2.5,4.09,0.0,0.0,0.6,0.4,1.0
823231,2026,2026-04-22,mlb,SFG,LAD,40.864388309944545,44.479785357282616,4.41,1.79,0.0,0.0,0.5,0.6,1.0
822745,2026,2026-04-23,mlb,WSN,ATL,34.519895280554,38.84710898652087,3.21,4.5,0.0,0.0,0.4,0.8,0.0
824288,2026,2026-04-23,mlb,DET,MIL,41.930332091578485,40.99706517824004,2.91,5.27,0.0,0.0,0.7,0.5,1.0
824689,2026,2026-04-23,mlb,CHC,PHI,46.04348923947511,46.07852610677368,5.68,2.62,0.0,0.0,0.9,0.1,1.0
824368,2026,2026-04-23,mlb,COL,SDP,32.21076176814514,39.95208039441178,6.08,7.15,0.0,0.0,0.4,0.8,0.0
825096,2026,2026-04-23,mlb,ARI,CHW,40.826578178179695,32.93310700606492,3.4,4.32,0.0,0.0,0.6,0.4,0.0
823233,2026,2026-04-23,mlb,SFG,LAD,40.864388309944545,44.479785357282616,3.72,3.02,0.0,0.0,0.5,0.5,0.0
824770,2026,2026-04-23,mlb,BOS,NYY,40.85080185053196,48.53709649627505,3.09,2.16,0.0,0.0,0.4,0.7,0.0
823639,2026,2026-04-23,mlb,NYM,MIN,44.13496149211463,34.49429336383309,3.73,3.65,0.0,0.0,0.1,0.5,1.0
822912,2026,2026-04-23,mlb,TEX,PIT,36.02502306287485,33.19030182341987,4.21,4.26,0.0,0.0,0.5,0.5,1.0
824529,2026,2026-04-24,mlb,CIN,DET,37.42971480330227,41.930332091578485,4.15,4.35,1.0,0.0,0.7,0.7,1.0
823641,2026,2026-04-22,mlb,NYM,MIN,44.13496149211463,34.49429336383309,2.26,5.55,0.0,0.0,0.0,0.5,1.0
824774,2026,2026-04-22,mlb,BOS,NYY,40.85080185053196,48.53709649627505,3.35,2.81,0.0,0.0,0.5,0.6,0.0
822748,2026,2026-04-22,mlb,WSN,ATL,34.519895280554,38.84710898652087,5.21,2.43,0.0,0.0,0.5,0.7,0.0
824286,2026,2026-04-22,mlb,DET,MIL,41.930332091578485,40.99706517824004,3.44,2.3,0.0,0.0,0.7,0.5,1.0
824773,2026,2026-04-21,mlb,BOS,NYY,40.85080185053196,48.53709649627505,3.44,6.05,0.0,1.0,0.5,0.5,0.0
823640,2026,2026-04-21,mlb,NYM,MIN,44.13496149211463,34.49429336383309,3.21,6.68,1.0,1.0,0.0,0.5,0.0
824127,2026,2026-04-21,mlb,KCR,BAL,37.56754839015402,32.680558253621186,4.11,4.04,0.0,0.0,0.2,0.5,1.0
824690,2026,2026-04-21,mlb,CHC,PHI,46.04348923947511,46.07852610677368,3.78,3.09,0.0,0.0,0.7,0.2,1.0
822914,2026,2026-04-21,mlb,TEX,PIT,36.02502306287485,33.19030182341987,4.41,4.17,1.0,1.0,0.4,0.6,1.0
824369,2026,2026-04-21,mlb,COL,SDP,32.21076176814514,39.95208039441178,6.2,4.02,0.0,1.0,0.3,0.9,0.0
824045,2026,2026-04-21,mlb,LAA,TOR,35.95784812425046,43.134335054091295,6.19,5.51,0.0,0.0,0.4,0.4,0.0
823633,2026,2026-04-29,mlb,NYM,WSN,44.13496149211463,34.519895280554,5.17,3.21,0.0,0.0,0.3,0.4,0.0
823148,2026,2026-04-21,mlb,SEA,ATH,48.17227508833325,41.83351239972274,5.19,4.98,0.0,0.0,0.5,0.6,0.0
823236,2026,2026-04-21,mlb,SFG,LAD,40.864388309944545,44.479785357282616,4.34,2.56,1.0,0.0,0.5,0.7,1.0
823878,2026,2026-04-22,mlb,MIA,STL,35.446382737010744,35.44000594157538,4.21,3.13,0.0,0.0,0.3,0.6,1.0
824449,2026,2026-04-22,mlb,CLE,HOU,35.133293372400495,38.34791246492824,3.97,3.66,0.0,0.0,0.5,0.3,0.0
822993,2026,2026-04-22,mlb,TBR,CIN,39.481233720516585,37.42971480330227,2.93,6.11,0.0,0.0,0.6,0.8,1.0
824123,2026,2026-04-22,mlb,KCR,BAL,37.56754839015402,32.680558253621186,3.49,4.74,0.0,0.0,0.2,0.4,0.0
824044,2026,2026-04-22,mlb,LAA,TOR,35.95784812425046,43.134335054091295,3.43,4.78,0.0,0.0,0.4,0.4,1.0
823147,2026,2026-04-22,mlb,SEA,ATH,48.17227508833325,41.83351239972274,3.36,4.66,0.0,0.0,0.4,0.6,1.0
825099,2026,2026-04-21,mlb,ARI,CHW,40.826578178179695,32.93310700606492,5.35,3.32,1.0,1.0,0.7,0.4,0.0
824930,2026,2026-04-29,mlb,ATL,DET,38.84710898652087,41.930332091578485,4.5,2.91,0.0,0.0,0.8,0.5,1.0
823796,2026,2026-04-29,mlb,MIL,ARI,40.99706517824004,40.826578178179695,5.27,2.5,0.0,0.0,0.5,0.5,0.0
825015,2026,2026-04-29,mlb,ATH,KCR,41.83351239972274,37.56754839015402,4.16,3.49,0.0,0.0,0.5,0.5,1.0
824683,2026,2026-05-06,mlb,CHC,CIN,46.04348923947511,37.42971480330227,4.55,4.72,0.0,0.0,0.7,0.3,1.0
824118,2026,2026-05-06,mlb,KCR,CLE,37.56754839015402,35.133293372400495,4.84,3.7,0.0,0.0,0.8,0.3,0.0
824361,2026,2026-05-06,mlb,COL,NYM,32.21076176814514,44.13496149211463,7.08,5.11,1.0,1.0,0.4,0.4,0.0
825091,2026,2026-05-06,mlb,ARI,PIT,40.826578178179695,33.19030182341987,3.4,3.79,0.0,0.0,0.3,0.4,0.0
823551,2026,2026-05-07,mlb,NYY,TEX,48.53709649627505,36.02502306287485,1.7,4.4,0.0,0.0,0.7,0.4,1.0
822741,2026,2026-05-07,mlb,WSN,MIN,34.519895280554,34.49429336383309,5.62,6.68,0.0,0.0,0.6,0.4,1.0
824117,2026,2026-05-07,mlb,KCR,CLE,37.56754839015402,35.133293372400495,4.61,5.07,0.0,0.0,0.7,0.4,0.0
824681,2026,2026-05-07,mlb,CHC,CIN,46.04348923947511,37.42971480330227,3.78,5.13,0.0,0.0,0.8,0.2,1.0
825090,2026,2026-05-07,mlb,ARI,PIT,40.826578178179695,33.19030182341987,6.34,5.29,0.0,0.0,0.3,0.4,0.0
823467,2026,2026-05-07,mlb,PHI,ATH,46.07852610677368,41.83351239972274,6.04,3.71,0.0,0.0,0.8,0.4,0.0
823870,2026,2026-05-07,mlb,MIA,BAL,35.446382737010744,32.680558253621186,2.68,4.45,0.0,0.0,0.3,0.4,1.0
824767,2026,2026-05-07,mlb,BOS,TBR,40.85080185053196,39.481233720516585,3.49,3.63,0.0,0.0,0.6,0.9,0.0
823306,2026,2026-05-07,mlb,SDP,STL,39.95208039441178,35.44000594157538,3.23,5.44,0.0,0.0,0.4,0.7,0.0
824522,2026,2026-05-08,mlb,CIN,HOU,37.42971480330227,38.34791246492824,5.24,5.99,0.0,1.0,0.2,0.5,0.0
823550,2026,2026-05-06,mlb,NYY,TEX,48.53709649627505,36.02502306287485,4.39,4.21,0.0,0.0,0.8,0.3,0.0
823466,2026,2026-05-08,mlb,PHI,COL,46.07852610677368,32.21076176814514,3.09,3.89,0.0,0.0,0.8,0.2222222222222222,0.0
822740,2026,2026-05-06,mlb,WSN,MIN,34.519895280554,34.49429336383309,5.82,4.49,0.0,0.0,0.5,0.4,1.0
823470,2026,2026-05-06,mlb,PHI,ATH,46.07852610677368,41.83351239972274,3.4,6.08,0.0,0.0,0.8,0.5,1.0
824119,2026,2026-05-05,mlb,KCR,CLE,37.56754839015402,35.133293372400495,4.5,3.98,0.0,0.0,0.8,0.4,1.0
824200,2026,2026-05-05,mlb,HOU,LAD,38.34791246492824,44.479785357282616,3.66,1.79,0.0,0.0,0.4,0.5,1.0
824040,2026,2026-05-05,mlb,LAA,CHW,35.95784812425046,32.93310700606492,5.08,4.18,0.0,0.0,0.1,0.7,1.0
825092,2026,2026-05-05,mlb,ARI,PIT,40.826578178179695,33.19030182341987,2.5,4.26,1.0,1.0,0.3,0.5,1.0
823142,2026,2026-05-05,mlb,SEA,ATL,48.17227508833325,38.84710898652087,4.02,3.95,0.0,0.0,0.6,0.7,0.0
823227,2026,2026-05-05,mlb,SFG,SDP,40.864388309944545,39.95208039441178,3.72,4.63,0.0,0.0,0.3,0.4,0.0
823062,2026,2026-07-07,mlb,STL,MIL,35.44000594157538,40.99706517824004,3.57,5.27,0.0,0.0,0.5,0.7,
824362,2026,2026-05-07,mlb,COL,NYM,32.21076176814514,44.13496149211463,7.08,5.11,0.0,0.0,0.3,0.5,
822985,2026,2026-05-06,mlb,TBR,TOR,39.481233720516585,43.134335054091295,3.1,5.51,0.0,0.0,0.9,0.5,1.0
823063,2026,2026-05-06,mlb,STL,MIL,35.44000594157538,40.99706517824004,3.57,5.27,1.0,1.0,0.7,0.5,0.0
824198,2026,2026-05-06,mlb,HOU,LAD,38.34791246492824,44.479785357282616,6.55,3.02,0.0,0.0,0.5,0.5,0.0
823226,2026,2026-05-06,mlb,SFG,SDP,40.864388309944545,39.95208039441178,4.02,1.95,0.0,0.0,0.3,0.4,0.0
824036,2026,2026-05-06,mlb,LAA,CHW,35.95784812425046,32.93310700606492,2.94,6.06,0.0,0.0,0.2,0.6,1.0
823141,2026,2026-05-06,mlb,SEA,ATL,48.17227508833325,38.84710898652087,4.36,3.12,0.0,0.0,0.5,0.7,1.0
824282,2026,2026-05-06,mlb,DET,BOS,41.930332091578485,40.85080185053196,4.59,2.82,0.0,0.0,0.4,0.6,0.0
823872,2026,2026-05-06,mlb,MIA,BAL,35.446382737010744,32.680558253621186,3.17,3.5,0.0,0.0,0.3,0.3,0.0
824846,2026,2026-05-08,mlb,BAL,ATH,32.680558253621186,41.83351239972274,4.03,4.98,0.0,0.0,0.4,0.5,0.0
822822,2026,2026-05-08,mlb,TOR,LAA,43.134335054091295,35.95784812425046,2.37,3.62,1.0,1.0,0.4,0.3,1.0
824768,2026,2026-05-08,mlb,BOS,TBR,40.85080185053196,39.481233720516585,3.44,4.03,0.0,0.0,0.5,0.9,1.0
825089,2026,2026-05-09,mlb,ARI,NYM,40.826578178179695,44.13496149211463,5.35,2.26,0.0,0.0,0.2,0.6666666666666666,1.0
823304,2026,2026-05-09,mlb,SDP,STL,39.95208039441178,35.44000594157538,4.02,4.56,0.0,0.0,0.3,0.8,1.0
823224,2026,2026-05-09,mlb,SFG,PIT,40.864388309944545,33.19030182341987,4.34,3.59,0.0,0.0,0.2,0.5,0.0
823955,2026,2026-05-09,mlb,LAD,ATL,44.479785357282616,38.84710898652087,2.57,5.31,0.0,0.0,0.5,0.6,0.0
824766,2026,2026-07-17,mlb,BOS,TBR,40.85080185053196,39.481233720516585,3.09,2.93,0.0,0.0,1.0,0.4,
823868,2026,2026-05-10,mlb,MIA,WSN,35.446382737010744,34.519895280554,3.38,3.21,0.0,0.0,0.4,0.6,1.0
824845,2026,2026-05-10,mlb,BAL,ATH,32.680558253621186,41.83351239972274,5.68,4.16,0.0,0.0,0.2,0.6,1.0
824765,2026,2026-05-10,mlb,BOS,TBR,40.85080185053196,39.481233720516585,3.09,2.93,1.0,1.0,0.5,0.8,0.0
823463,2026,2026-05-10,mlb,PHI,COL,46.07852610677368,32.21076176814514,2.62,4.96,0.0,0.0,0.7,0.2222222222222222,1.0
822819,2026,2026-05-10,mlb,TOR,LAA,43.134335054091295,35.95784812425046,2.95,3.43,0.0,0.0,0.5,0.3,0.0
824520,2026,2026-05-10,mlb,CIN,HOU,37.42971480330227,38.34791246492824,4.15,4.22,0.0,0.0,0.2,0.5,1.0
824440,2026,2026-05-10,mlb,CLE,MIN,35.133293372400495,34.49429336383309,3.98,3.79,0.0,0.0,0.6,0.4,0.0
824605,2026,2026-05-10,mlb,CHW,SEA,32.93310700606492,48.17227508833325,4.32,3.36,0.0,0.0,0.6,0.5,1.0
823793,2026,2026-05-10,mlb,MIL,NYY,40.99706517824004,48.53709649627505,2.6,3.15,0.0,0.0,0.7,0.6,1.0
822902,2026,2026-05-10,mlb,TEX,CHC,36.02502306287485,46.04348923947511,4.21,5.68,0.0,0.0,0.4,0.9,1.0
823792,2026,2026-05-09,mlb,MIL,NYY,40.99706517824004,48.53709649627505,2.79,2.16,0.0,0.0,0.7,0.7,1.0
824606,2026,2026-05-09,mlb,CHW,SEA,32.93310700606492,48.17227508833325,4.09,5.19,0.0,0.0,0.6,0.5,1.0
824115,2026,2026-05-09,mlb,KCR,DET,37.56754839015402,41.930332091578485,3.49,3.18,0.0,0.0,0.6,0.3,1.0
822905,2026,2026-05-09,mlb,TEX,CHC,36.02502306287485,46.04348923947511,5.29,5.68,0.0,0.0,0.3,1.0,1.0
823871,2026,2026-05-08,mlb,MIA,WSN,35.446382737010744,34.519895280554,5.4,3.19,0.0,0.0,0.4,0.6,0.0
824443,2026,2026-05-08,mlb,CLE,MIN,35.133293372400495,34.49429336383309,2.5,5.55,0.0,0.0,0.5,0.4,1.0
824116,2026,2026-05-08,mlb,KCR,DET,37.56754839015402,41.930332091578485,4.11,3.3,0.0,1.0,0.6,0.4,1.0
824607,2026,2026-05-08,mlb,CHW,SEA,32.93310700606492,48.17227508833325,3.32,3.37,1.0,1.0,0.6,0.5,0.0
823794,2026,2026-05-08,mlb,MIL,NYY,40.99706517824004,48.53709649627505,1.73,2.81,1.0,0.0,0.6,0.8,1.0
822904,2026,2026-05-08,mlb,TEX,CHC,36.02502306287485,46.04348923947511,4.41,1.85,0.0,0.0,0.3,0.9,0.0
825088,2026,2026-05-08,mlb,ARI,NYM,40.826578178179695,44.13496149211463,4.97,3.21,0.0,0.0,0.3,0.5555555555555556,0.0
824682,2026,2026-05-05,mlb,CHC,CIN,46.04348923947511,37.42971480330227,5.68,4.15,0.0,0.0,0.7,0.4,1.0
823303,2026,2026-05-08,mlb,SDP,STL,39.95208039441178,35.44000594157538,6.19,3.86,0.0,0.0,0.4,0.8,0.0
823225,2026,2026-05-08,mlb,SFG,PIT,40.864388309944545,33.19030182341987,3.21,4.17,1.0,0.0,0.2,0.5,1.0
822820,2026,2026-05-09,mlb,TOR,LAA,43.134335054091295,35.95784812425046,3.65,6.19,0.0,0.0,0.5,0.3,1.0
824847,2026,2026-05-09,mlb,BAL,ATH,32.680558253621186,41.83351239972274,4.04,4.66,0.0,0.0,0.3,0.5,0.0
824523,2026,2026-05-09,mlb,CIN,HOU,37.42971480330227,38.34791246492824,2.77,4.81,0.0,0.0,0.1,0.5,1.0
823869,2026,2026-05-09,mlb,MIA,WSN,35.446382737010744,34.519895280554,4.21,3.86,0.0,0.0,0.4,0.6,1.0
823468,2026,2026-05-09,mlb,PHI,COL,46.07852610677368,32.21076176814514,5.03,6.37,0.0,0.0,0.7,0.2222222222222222,1.0
824444,2026,2026-05-09,mlb,CLE,MIN,35.133293372400495,34.49429336383309,3.97,3.65,0.0,0.0,0.6,0.3,0.0
823957,2026,2026-05-08,mlb,LAD,ATL,44.479785357282616,38.84710898652087,5.29,2.07,1.0,1.0,0.5,0.7,1.0
824775,2026,2026-04-18,mlb,BOS,DET,40.85080185053196,41.930332091578485,4.68,2.91,0.0,0.0,0.6,0.6,0.0
823553,2026,2026-05-05,mlb,NYY,TEX,48.53709649627505,36.02502306287485,4.7,4.21,0.0,1.0,0.8,0.4,1.0
823873,2026,2026-05-05,mlb,MIA,BAL,35.446382737010744,32.680558253621186,3.38,4.74,0.0,0.0,0.4,0.3,0.0
822990,2026,2026-05-01,mlb,TBR,SFG,39.481233720516585,40.864388309944545,3.1,3.21,1.0,0.0,0.6,0.4,1.0
823877,2026,2026-05-01,mlb,MIA,PHI,35.446382737010744,46.07852610677368,3.17,3.4,1.0,0.0,0.6,0.4,0.0
823713,2026,2026-05-01,mlb,MIN,TOR,34.49429336383309,43.134335054091295,6.68,5.51,0.0,0.0,0.3,0.6,0.0
823066,2026,2026-05-01,mlb,STL,LAD,35.44000594157538,44.479785357282616,5.44,5.29,0.0,1.0,0.5,0.5,1.0
824366,2026,2026-05-01,mlb,COL,ATL,32.21076176814514,38.84710898652087,5.27,3.64,0.0,0.0,0.5,0.7,0.0
824041,2026,2026-05-01,mlb,LAA,NYM,35.95784812425046,44.13496149211463,2.94,3.73,1.0,0.0,0.1,0.3,0.0
825012,2026,2026-05-01,mlb,ATH,CLE,41.83351239972274,35.133293372400495,3.71,3.7,0.0,1.0,0.6,0.4,0.0
823309,2026,2026-05-01,mlb,SDP,CHW,39.95208039441178,32.93310700606492,5.26,6.06,1.0,1.0,0.6,0.7,0.0
823146,2026,2026-05-01,mlb,SEA,KCR,48.17227508833325,37.56754839015402,4.36,4.84,1.0,0.0,0.7,0.5,0.0
823554,2026,2026-05-02,mlb,NYY,BAL,48.53709649627505,32.680558253621186,3.6,4.03,0.0,0.0,0.8,0.5,1.0
823715,2026,2026-05-02,mlb,MIN,TOR,34.49429336383309,43.134335054091295,5.55,2.37,0.0,0.0,0.2,0.6,0.0
824685,2026,2026-05-02,mlb,CHC,ARI,46.04348923947511,40.826578178179695,3.78,4.97,0.0,0.0,0.7,0.3,1.0
825014,2026,2026-05-02,mlb,ATH,CLE,41.83351239972274,35.133293372400495,4.98,5.07,0.0,0.0,0.6,0.4,0.0
823388,2026,2026-05-02,mlb,PIT,CIN,33.19030182341987,37.42971480330227,4.17,5.13,0.0,0.0,0.4,0.6,1.0
822746,2026,2026-05-02,mlb,WSN,MIL,34.519895280554,40.99706517824004,3.19,2.79,0.0,0.0,0.5,0.5,0.0
824772,2026,2026-05-01,mlb,BOS,HOU,40.85080185053196,38.34791246492824,3.49,5.99,1.0,0.0,0.4,0.4,1.0
824771,2026,2026-05-02,mlb,BOS,HOU,40.85080185053196,38.34791246492824,3.44,4.81,0.0,0.0,0.4,0.4,0.0
823557,2026,2026-05-01,mlb,NYY,BAL,48.53709649627505,32.680558253621186,4.39,4.45,1.0,0.0,0.8,0.5,1.0
823389,2026,2026-05-01,mlb,PIT,CIN,33.19030182341987,37.42971480330227,5.29,4.72,0.0,0.0,0.3,0.7,1.0
824929,2026,2026-04-30,mlb,ATL,DET,38.84710898652087,41.930332091578485,3.95,4.35,0.0,0.0,0.8,0.4,0.0
824848,2026,2026-04-30,mlb,BAL,HOU,32.680558253621186,38.34791246492824,4.74,3.66,1.0,1.0,0.5,0.3,1.0
824850,2026,2026-04-30,mlb,BAL,HOU,32.680558253621186,38.34791246492824,3.5,6.55,0.0,0.0,0.5,0.3,0.0
823391,2026,2026-04-30,mlb,PIT,STL,33.19030182341987,35.44000594157538,3.79,3.67,0.0,0.0,0.4,0.5,0.0
823472,2026,2026-04-30,mlb,PHI,SFG,46.07852610677368,40.864388309944545,2.62,3.72,1.0,1.0,0.2,0.6,1.0
823471,2026,2026-04-30,mlb,PHI,SFG,46.07852610677368,40.864388309944545,3.34,4.02,0.0,0.0,0.3,0.5,1.0
824524,2026,2026-04-30,mlb,CIN,COL,37.42971480330227,32.21076176814514,4.15,7.08,0.0,0.0,0.7,0.6,1.0
823634,2026,2026-04-30,mlb,NYM,WSN,44.13496149211463,34.519895280554,5.11,5.82,0.0,0.0,0.3,0.5,0.0
823795,2026,2026-04-30,mlb,MIL,ARI,40.99706517824004,40.826578178179695,2.98,3.4,0.0,0.0,0.4,0.5,1.0
825016,2026,2026-04-30,mlb,ATH,KCR,41.83351239972274,37.56754839015402,6.08,3.98,0.0,0.0,0.6,0.5,1.0
823714,2026,2026-04-30,mlb,MIN,TOR,34.49429336383309,43.134335054091295,4.49,4.37,0.0,0.0,0.2,0.7,1.0
824686,2026,2026-05-01,mlb,CHC,ARI,46.04348923947511,40.826578178179695,4.55,6.34,1.0,0.0,0.7,0.4,1.0
824287,2026,2026-05-01,mlb,DET,TEX,41.930332091578485,36.02502306287485,4.59,4.4,0.0,1.0,0.4,0.4,0.0
822744,2026,2026-05-01,mlb,WSN,MIL,34.519895280554,40.99706517824004,5.62,1.73,0.0,0.0,0.5,0.4,0.0
823876,2026,2026-05-02,mlb,MIA,PHI,35.446382737010744,46.07852610677368,2.68,6.04,0.0,0.0,0.5,0.5,1.0
822988,2026,2026-05-02,mlb,TBR,SFG,39.481233720516585,40.864388309944545,3.63,4.34,0.0,0.0,0.7,0.4,1.0
823067,2026,2026-05-02,mlb,STL,LAD,35.44000594157538,44.479785357282616,3.86,4.6,0.0,0.0,0.6,0.4,1.0
824363,2026,2026-05-04,mlb,COL,NYM,32.21076176814514,44.13496149211463,4.96,3.16,0.0,0.0,0.4,0.4,0.0
824283,2026,2026-05-04,mlb,DET,BOS,41.930332091578485,40.85080185053196,3.06,3.09,0.0,0.0,0.5,0.4,0.0
822984,2026,2026-05-04,mlb,TBR,TOR,39.481233720516585,43.134335054091295,2.93,4.78,0.0,0.0,0.9,0.6,1.0
823874,2026,2026-05-04,mlb,MIA,PHI,35.446382737010744,46.07852610677368,4.21,5.03,0.0,0.0,0.5,0.6,0.0
823552,2026,2026-05-04,mlb,NYY,BAL,48.53709649627505,32.680558253621186,2.16,4.04,0.0,0.0,0.8,0.4,1.0
824684,2026,2026-05-04,mlb,CHC,CIN,46.04348923947511,37.42971480330227,5.68,4.83,0.0,0.0,0.7,0.4,1.0
824120,2026,2026-05-04,mlb,KCR,CLE,37.56754839015402,35.133293372400495,3.49,3.97,0.0,0.0,0.7,0.4,1.0
823064,2026,2026-05-04,mlb,STL,MIL,35.44000594157538,40.99706517824004,3.13,3.34,0.0,0.0,0.6,0.5,1.0
824201,2026,2026-05-04,mlb,HOU,LAD,38.34791246492824,44.479785357282616,2.17,2.56,0.0,0.0,0.5,0.5,0.0
824039,2026,2026-05-04,mlb,LAA,CHW,35.95784812425046,32.93310700606492,3.43,4.32,0.0,0.0,0.2,0.7,0.0
823143,2026,2026-05-04,mlb,SEA,ATL,48.17227508833325,38.84710898652087,3.36,4.5,0.0,0.0,0.6,0.8,1.0
823228,2026,2026-05-04,mlb,SFG,SDP,40.864388309944545,39.95208039441178,5.12,4.02,0.0,0.0,0.2,0.4,1.0
824281,2026,2026-05-05,mlb,DET,BOS,41.930332091578485,40.85080185053196,4.35,2.89,0.0,0.0,0.4,0.5,0.0
822986,2026,2026-05-05,mlb,TBR,TOR,39.481233720516585,43.134335054091295,2.95,4.37,0.0,0.0,0.9,0.6,1.0
823469,2026,2026-05-05,mlb,PHI,ATH,46.07852610677368,41.83351239972274,2.62,4.16,0.0,1.0,0.7,0.5,1.0
824285,2026,2026-05-03,mlb,DET,TEX,41.930332091578485,36.02502306287485,3.06,5.29,0.0,0.0,0.5,0.4,1.0
823307,2026,2026-05-03,mlb,SDP,CHW,39.95208039441178,32.93310700606492,6.19,4.09,0.0,0.0,0.4,0.7,1.0
823145,2026,2026-05-03,mlb,SEA,KCR,48.17227508833325,37.56754839015402,5.19,4.11,0.0,0.0,0.6,0.7,0.0
824043,2026,2026-05-03,mlb,LAA,NYM,35.95784812425046,44.13496149211463,6.19,2.26,0.0,0.0,0.2,0.4,0.0
824284,2026,2026-05-02,mlb,DET,TEX,41.930332091578485,36.02502306287485,3.3,4.41,0.0,0.0,0.4,0.5,1.0
824365,2026,2026-05-02,mlb,COL,ATL,32.21076176814514,38.84710898652087,2.72,2.07,0.0,0.0,0.5,0.7,0.0
823308,2026,2026-05-02,mlb,SDP,CHW,39.95208039441178,32.93310700606492,3.23,3.32,0.0,0.0,0.5,0.7,0.0
824042,2026,2026-05-02,mlb,LAA,NYM,35.95784812425046,44.13496149211463,3.62,3.21,0.0,0.0,0.1,0.4,1.0
823144,2026,2026-05-02,mlb,SEA,KCR,48.17227508833325,37.56754839015402,3.37,4.61,0.0,0.0,0.6,0.6,0.0
823711,2026,2026-05-03,mlb,MIN,TOR,34.49429336383309,43.134335054091295,3.65,3.65,0.0,0.0,0.2,0.6,1.0
824769,2026,2026-05-03,mlb,BOS,HOU,40.85080185053196,38.34791246492824,3.35,5.4,0.0,0.0,0.4,0.4,0.0
822743,2026,2026-05-05,mlb,WSN,MIN,34.519895280554,34.49429336383309,3.21,3.97,1.0,1.0,0.5,0.3,0.0
823387,2026,2026-05-03,mlb,PIT,CIN,33.19030182341987,37.42971480330227,3.59,2.77,0.0,0.0,0.4,0.5,1.0
822742,2026,2026-05-03,mlb,WSN,MIL,34.519895280554,40.99706517824004,2.7,2.6,0.0,0.0,0.4,0.5,1.0
822987,2026,2026-05-03,mlb,TBR,SFG,39.481233720516585,40.864388309944545,6.17,4.41,0.0,0.0,0.8,0.3,1.0
823875,2026,2026-05-03,mlb,MIA,PHI,35.446382737010744,46.07852610677368,6.79,3.09,0.0,0.0,0.5,0.5,0.0
823065,2026,2026-05-03,mlb,STL,LAD,35.44000594157538,44.479785357282616,4.56,3.56,0.0,0.0,0.6,0.4,0.0
824687,2026,2026-05-03,mlb,CHC,ARI,46.04348923947511,40.826578178179695,3.99,5.35,0.0,0.0,0.7,0.3,1.0
824364,2026,2026-05-03,mlb,COL,ATL,32.21076176814514,38.84710898652087,6.37,5.31,0.0,0.0,0.5,0.8,0.0
825013,2026,2026-05-03,mlb,ATH,CLE,41.83351239972274,35.133293372400495,4.66,2.5,0.0,0.0,0.5,0.5,1.0
823555,2026,2026-05-03,mlb,NYY,BAL,48.53709649627505,32.680558253621186,2.81,7.36,0.0,0.0,0.8,0.4,1.0
823221,2026,2026-05-10,mlb,SFG,PIT,40.864388309944545,33.19030182341987,4.41,4.26,0.0,0.0,0.2,0.6,1.0
825020,2026,2026-04-18,mlb,ATH,CHW,41.83351239972274,32.93310700606492,4.16,4.18,0.0,0.0,0.7,0.3,1.0
823394,2026,2026-04-18,mlb,PIT,TBR,33.19030182341987,39.481233720516585,3.79,2.95,0.0,0.0,0.6,0.7,0.0
823568,2026,2026-04-03,mlb,NYY,MIA,48.53709649627505,35.446382737010744,4.39,3.17,1.0,1.0,0.8333333333333334,0.8333333333333334,1.0
824786,2026,2026-04-03,mlb,BOS,SDP,40.85080185053196,39.95208039441178,2.82,3.23,1.0,1.0,0.16666666666666666,0.3333333333333333,1.0
822919,2026,2026-04-03,mlb,TEX,CIN,36.02502306287485,37.42971480330227,4.4,4.72,1.0,1.0,0.6666666666666666,0.5,0.0
824458,2026,2026-04-03,mlb,CLE,CHC,35.133293372400495,46.04348923947511,3.7,2.45,1.0,1.0,0.5714285714285714,0.5,1.0
823732,2026,2026-04-03,mlb,MIN,TBR,34.49429336383309,39.481233720516585,4.49,5.21,0.0,1.0,0.3333333333333333,0.3333333333333333,1.0
824377,2026,2026-04-03,mlb,COL,PHI,32.21076176814514,46.07852610677368,7.08,5.03,1.0,1.0,0.3333333333333333,0.5,0.0
823406,2026,2026-04-03,mlb,PIT,BAL,33.19030182341987,32.680558253621186,5.29,4.03,1.0,1.0,0.5,0.5,1.0
824056,2026,2026-04-03,mlb,LAA,SEA,35.95784812425046,48.17227508833325,3.62,4.36,1.0,1.0,0.42857142857142855,0.42857142857142855,0.0
825026,2026,2026-04-03,mlb,ATH,HOU,41.83351239972274,38.34791246492824,6.08,6.47,1.0,1.0,0.16666666666666666,0.7142857142857143,1.0
825103,2026,2026-04-03,mlb,ARI,ATL,40.826578178179695,38.84710898652087,2.5,3.64,0.0,0.0,0.42857142857142855,0.7142857142857143,0.0
823240,2026,2026-04-03,mlb,SFG,NYM,40.864388309944545,44.13496149211463,4.41,3.21,0.0,0.0,0.42857142857142855,0.42857142857142855,0.0
824295,2026,2026-04-04,mlb,DET,STL,41.930332091578485,35.44000594157538,4.59,4.56,0.0,0.0,0.42857142857142855,0.5714285714285714,1.0
824622,2026,2026-04-04,mlb,CHW,TOR,32.93310700606492,43.134335054091295,2.11,3.52,0.0,0.0,0.16666666666666666,0.6666666666666666,1.0
824299,2026,2026-04-03,mlb,DET,STL,41.930332091578485,35.44000594157538,4.35,3.86,1.0,1.0,0.3333333333333333,0.6666666666666666,1.0
824132,2026,2026-04-04,mlb,KCR,MIL,37.56754839015402,40.99706517824004,5.53,3.34,1.0,2.0,0.5,0.8333333333333334,0.0
822758,2026,2026-04-03,mlb,WSN,LAD,34.519895280554,44.479785357282616,5.82,5.29,1.0,1.0,0.5,0.6666666666666666,0.0
823242,2026,2026-04-02,mlb,SFG,NYM,40.864388309944545,44.13496149211463,3.21,5.17,0.0,0.0,0.3333333333333333,0.5,1.0
824536,2026,2026-04-01,mlb,CIN,PIT,37.42971480330227,33.19030182341987,4.15,3.79,0.0,0.0,0.6,0.4,0.0
823483,2026,2026-04-01,mlb,PHI,WSN,46.07852610677368,34.519895280554,2.62,3.21,0.0,0.0,0.4,0.6,1.0
822835,2026,2026-04-01,mlb,TOR,COL,43.134335054091295,32.21076176814514,4.37,6.37,0.0,0.0,0.8,0.2,0.0
823889,2026,2026-04-01,mlb,MIA,CHW,35.446382737010744,32.93310700606492,3.38,10.8,0.0,0.0,0.8,0.2,1.0
823078,2026,2026-04-01,mlb,STL,NYM,35.44000594157538,44.13496149211463,5.44,5.11,0.0,0.0,0.6,0.6,1.0
823806,2026,2026-04-01,mlb,MIL,TBR,40.99706517824004,39.481233720516585,1.73,2.95,0.0,0.0,0.8,0.4,1.0
824211,2026,2026-04-01,mlb,HOU,BOS,38.34791246492824,40.85080185053196,5.99,6.3,0.0,0.0,0.6666666666666666,0.2,1.0
824698,2026,2026-04-01,mlb,CHC,LAA,46.04348923947511,35.95784812425046,3.99,6.25,0.0,0.0,0.4,0.5,1.0
825106,2026,2026-04-01,mlb,ARI,DET,40.826578178179695,41.930332091578485,6.34,2.91,0.0,0.0,0.4,0.4,1.0
823321,2026,2026-04-01,mlb,SDP,SFG,39.95208039441178,40.864388309944545,4.5,4.02,0.0,0.0,0.2,0.4,1.0
823157,2026,2026-04-01,mlb,SEA,NYY,48.17227508833325,48.53709649627505,4.02,2.16,0.0,0.0,0.5,0.8,0.0
824136,2026,2026-04-01,mlb,KCR,MIN,37.56754839015402,34.49429336383309,3.98,3.65,1.0,1.0,0.5,0.25,1.0
823970,2026,2026-04-01,mlb,LAD,CLE,44.479785357282616,35.133293372400495,2.56,3.98,0.0,0.0,0.8,0.5,0.0
824133,2026,2026-04-02,mlb,KCR,MIN,37.56754839015402,34.49429336383309,4.84,3.97,0.0,0.0,0.6,0.2,0.0
825105,2026,2026-04-02,mlb,ARI,ATL,40.826578178179695,38.84710898652087,4.97,3.64,0.0,0.0,0.5,0.6666666666666666,0.0
824621,2026,2026-04-03,mlb,CHW,TOR,32.93310700606492,43.134335054091295,3.32,2.37,1.0,1.0,0.16666666666666666,0.6666666666666666,
824860,2026,2026-04-01,mlb,BAL,TEX,32.680558253621186,36.02502306287485,4.38,4.21,0.0,0.0,0.4,0.8,1.0
824134,2026,2026-04-04,mlb,KCR,MIL,37.56754839015402,40.99706517824004,4.61,2.6,0.0,0.0,0.42857142857142855,0.8571428571428571,1.0
825027,2026,2026-04-04,mlb,ATH,HOU,41.83351239972274,38.34791246492824,13.5,5.32,0.0,0.0,0.2857142857142857,0.625,0.0
822917,2026,2026-04-05,mlb,TEX,CIN,36.02502306287485,37.42971480330227,5.29,2.77,0.0,0.0,0.5,0.625,0.0
824379,2026,2026-04-05,mlb,COL,PHI,32.21076176814514,46.07852610677368,4.96,9.13,0.0,0.0,0.25,0.625,1.0
825025,2026,2026-04-05,mlb,ATH,HOU,41.83351239972274,38.34791246492824,4.98,6.55,0.0,0.0,0.25,0.6666666666666666,1.0
823238,2026,2026-04-05,mlb,SFG,NYM,40.864388309944545,44.13496149211463,3.72,7.79,0.0,0.0,0.3333333333333333,0.5555555555555556,0.0
824053,2026,2026-04-05,mlb,LAA,SEA,35.95784812425046,48.17227508833325,3.67,5.19,0.0,0.0,0.4444444444444444,0.4444444444444444,1.0
825102,2026,2026-04-05,mlb,ARI,ATL,40.826578178179695,38.84710898652087,3.51,3.12,0.0,0.0,0.4444444444444444,0.6666666666666666,1.0
824296,2026,2026-04-05,mlb,DET,STL,41.930332091578485,35.44000594157538,3.3,3.13,0.0,0.0,0.5,0.5,0.0
823002,2026,2026-04-06,mlb,TBR,CHC,39.481233720516585,46.04348923947511,3.1,5.68,0.0,0.0,0.4444444444444444,0.4444444444444444,1.0
824456,2026,2026-04-06,mlb,CLE,KCR,35.133293372400495,37.56754839015402,3.97,3.49,0.0,0.0,0.6,0.4444444444444444,0.0
823401,2026,2026-04-06,mlb,PIT,SDP,33.19030182341987,39.95208039441178,4.26,5.26,0.0,0.0,0.6666666666666666,0.4444444444444444,0.0
823886,2026,2026-04-06,mlb,MIA,CIN,35.446382737010744,37.42971480330227,4.21,6.11,0.0,0.0,0.6666666666666666,0.6666666666666666,0.0
822755,2026,2026-04-06,mlb,WSN,STL,34.519895280554,35.44000594157538,5.21,3.57,0.0,0.0,0.3333333333333333,0.5555555555555556,1.0
824783,2026,2026-04-06,mlb,BOS,MIL,40.85080185053196,40.99706517824004,4.68,2.98,0.0,0.0,0.2222222222222222,0.7777777777777778,0.0
822832,2026,2026-04-06,mlb,TOR,LAD,43.134335054091295,44.479785357282616,7.02,3.56,0.0,0.0,0.5,0.7777777777777778,0.0
823728,2026,2026-04-06,mlb,MIN,DET,34.49429336383309,41.930332091578485,3.65,3.44,0.0,0.0,0.3333333333333333,0.4444444444444444,1.0
824131,2026,2026-04-05,mlb,KCR,MIL,37.56754839015402,40.99706517824004,4.11,2.79,0.0,0.0,0.5,0.75,0.0
822757,2026,2026-04-04,mlb,WSN,LAD,34.519895280554,44.479785357282616,5.62,3.02,0.0,0.0,0.42857142857142855,0.7142857142857143,0.0
824620,2026,2026-04-05,mlb,CHW,TOR,32.93310700606492,43.134335054091295,4.32,4.78,0.0,0.0,0.2857142857142857,0.5714285714285714,1.0
823566,2026,2026-04-05,mlb,NYY,MIA,48.53709649627505,35.446382737010744,2.81,6.02,0.0,0.0,0.875,0.625,0.0
823404,2026,2026-04-04,mlb,PIT,BAL,33.19030182341987,32.680558253621186,4.17,4.04,0.0,0.0,0.5714285714285714,0.42857142857142855,1.0
824782,2026,2026-04-04,mlb,BOS,SDP,40.85080185053196,39.95208039441178,3.44,4.02,0.0,0.0,0.2857142857142857,0.2857142857142857,0.0
822920,2026,2026-04-04,mlb,TEX,CIN,36.02502306287485,37.42971480330227,4.41,5.13,0.0,0.0,0.5714285714285714,0.5714285714285714,0.0
823569,2026,2026-04-04,mlb,NYY,MIA,48.53709649627505,35.446382737010744,3.6,2.68,0.0,0.0,0.8571428571428571,0.7142857142857143,1.0
823730,2026,2026-04-04,mlb,MIN,TBR,34.49429336383309,39.481233720516585,3.98,6.17,0.0,0.0,0.42857142857142855,0.2857142857142857,0.0
825104,2026,2026-04-04,mlb,ARI,ATL,40.826578178179695,38.84710898652087,3.4,3.95,0.0,0.0,0.375,0.75,1.0
824378,2026,2026-04-04,mlb,COL,PHI,32.21076176814514,46.07852610677368,2.72,3.09,0.0,0.0,0.2857142857142857,0.5714285714285714,0.0
823239,2026,2026-04-04,mlb,SFG,NYM,40.864388309944545,44.13496149211463,4.34,2.26,0.0,0.0,0.375,0.5,0.0
824054,2026,2026-04-04,mlb,LAA,SEA,35.95784812425046,48.17227508833325,6.19,3.37,0.0,0.0,0.375,0.5,1.0
824459,2026,2026-04-05,mlb,CLE,CHC,35.133293372400495,46.04348923947511,5.07,5.68,1.0,1.0,0.625,0.42857142857142855,0.0
824460,2026,2026-04-05,mlb,CLE,CHC,35.133293372400495,46.04348923947511,2.5,3.78,0.0,0.0,0.5555555555555556,0.5,1.0
822756,2026,2026-04-05,mlb,WSN,LAD,34.519895280554,44.479785357282616,3.19,4.6,0.0,0.0,0.375,0.75,0.0
823405,2026,2026-04-05,mlb,PIT,BAL,33.19030182341987,32.680558253621186,3.59,4.74,0.0,0.0,0.625,0.375,1.0
824781,2026,2026-04-05,mlb,BOS,SDP,40.85080185053196,39.95208039441178,3.35,4.63,0.0,0.0,0.25,0.375,0.0
823729,2026,2026-04-05,mlb,MIN,TBR,34.49429336383309,39.481233720516585,6.68,2.93,0.0,0.0,0.375,0.375,0.0
824940,2026,2026-04-01,mlb,ATL,ATH,38.84710898652087,41.83351239972274,2.07,4.16,0.0,0.0,0.6,0.2,1.0
823969,2026,2026-03-31,mlb,LAD,CLE,44.479785357282616,35.133293372400495,1.79,3.97,0.0,0.0,0.75,0.6,1.0
823158,2026,2026-03-31,mlb,SEA,NYY,48.17227508833325,48.53709649627505,3.36,2.81,0.0,0.0,0.6,0.75,0.0
823082,2026,2026-03-28,mlb,STL,TBR,35.44000594157538,39.481233720516585,3.86,5.21,1.0,1.0,1.0,0.0,1.0
824701,2026,2026-03-28,mlb,CHC,WSN,46.04348923947511,34.519895280554,2.45,5.82,1.0,1.0,0.0,1.0,1.0
822838,2026,2026-03-28,mlb,TOR,ATH,43.134335054091295,41.83351239972274,2.37,6.08,0.0,0.0,1.0,0.0,1.0
824862,2026,2026-03-28,mlb,BAL,MIN,32.680558253621186,34.49429336383309,4.03,3.97,1.0,1.0,1.0,0.0,0.0
823488,2026,2026-03-28,mlb,PHI,TEX,46.07852610677368,36.02502306287485,5.03,1.68,1.0,1.0,1.0,0.0,0.0
824540,2026,2026-03-28,mlb,CIN,BOS,37.42971480330227,40.85080185053196,4.72,2.82,1.0,1.0,0.0,1.0,1.0
823651,2026,2026-03-28,mlb,NYM,PIT,44.13496149211463,33.19030182341987,5.17,5.29,1.0,1.0,1.0,0.0,1.0
823892,2026,2026-03-28,mlb,MIA,COL,35.446382737010744,32.21076176814514,3.17,7.08,0.0,0.0,1.0,0.0,1.0
824213,2026,2026-03-28,mlb,HOU,LAA,38.34791246492824,35.95784812425046,6.47,3.62,0.0,0.0,0.0,1.0,1.0
823811,2026,2026-03-28,mlb,MIL,CHW,40.99706517824004,32.93310700606492,3.34,3.32,1.0,1.0,1.0,0.0,1.0
824945,2026,2026-03-28,mlb,ATL,KCR,38.84710898652087,37.56754839015402,3.64,3.49,0.0,0.0,1.0,0.0,1.0
823241,2026,2026-03-28,mlb,SFG,NYY,40.864388309944545,48.53709649627505,4.41,4.39,0.0,0.0,0.0,1.0,0.0
823323,2026,2026-03-28,mlb,SDP,DET,39.95208039441178,41.930332091578485,4.02,4.59,0.0,0.0,0.0,1.0,1.0
823973,2026,2026-03-28,mlb,LAD,ARI,44.479785357282616,40.826578178179695,3.02,2.5,0.0,0.0,1.0,0.0,1.0
823161,2026,2026-03-28,mlb,SEA,CLE,48.17227508833325,35.133293372400495,4.36,3.7,0.0,0.0,0.5,0.5,0.0
823971,2026,2026-03-27,mlb,LAD,ARI,44.479785357282616,40.826578178179695,5.29,4.97,0.0,0.0,1.0,0.0,1.0
824864,2026,2026-03-29,mlb,BAL,MIN,32.680558253621186,34.49429336383309,4.04,4.49,0.0,0.0,0.5,0.5,1.0
823162,2026,2026-03-27,mlb,SEA,CLE,48.17227508833325,35.133293372400495,4.02,3.98,0.0,0.0,0.0,1.0,1.0
824216,2026,2026-03-27,mlb,HOU,LAA,38.34791246492824,35.95784812425046,5.99,6.25,0.0,0.0,0.0,1.0,0.0
823649,2026,2026-03-26,mlb,NYM,PIT,44.13496149211463,33.19030182341987,5.11,3.79,,,,,1.0
823812,2026,2026-03-26,mlb,MIL,CHW,40.99706517824004,32.93310700606492,1.73,10.8,,,,,1.0
824704,2026,2026-03-26,mlb,CHC,WSN,46.04348923947511,34.519895280554,3.99,3.21,,,,,0.0
824865,2026,2026-03-26,mlb,BAL,MIN,32.680558253621186,34.49429336383309,4.38,3.65,,,,,1.0
824541,2026,2026-03-26,mlb,CIN,BOS,37.42971480330227,40.85080185053196,4.15,6.3,,,,,0.0
824218,2026,2026-03-26,mlb,HOU,LAA,38.34791246492824,35.95784812425046,3.51,3.43,,,,,0.0
823325,2026,2026-03-26,mlb,SDP,DET,39.95208039441178,41.930332091578485,4.5,2.91,,,,,0.0
823081,2026,2026-03-26,mlb,STL,TBR,35.44000594157538,39.481233720516585,5.44,2.95,,,,,1.0
823486,2026,2026-03-26,mlb,PHI,TEX,46.07852610677368,36.02502306287485,2.62,4.21,,,,,1.0
823974,2026,2026-03-26,mlb,LAD,ARI,44.479785357282616,40.826578178179695,2.56,6.34,,,,,1.0
823163,2026,2026-03-26,mlb,SEA,CLE,48.17227508833325,35.133293372400495,3.36,3.97,,,,,0.0
823243,2026,2026-03-27,mlb,SFG,NYY,40.864388309944545,48.53709649627505,3.21,2.16,1.0,1.0,0.0,1.0,0.0
822839,2026,2026-03-27,mlb,TOR,ATH,43.134335054091295,41.83351239972274,4.37,4.16,,,,,1.0
823893,2026,2026-03-27,mlb,MIA,COL,35.446382737010744,32.21076176814514,3.38,6.37,,,,,1.0
824946,2026,2026-03-27,mlb,ATL,KCR,38.84710898652087,37.56754839015402,2.07,4.84,,,,,1.0
823324,2026,2026-03-27,mlb,SDP,DET,39.95208039441178,41.930332091578485,3.23,4.35,0.0,0.0,0.0,1.0,0.0
823487,2026,2026-03-29,mlb,PHI,TEX,46.07852610677368,36.02502306287485,3.09,4.4,0.0,0.0,0.5,0.5,0.0
824944,2026,2026-03-29,mlb,ATL,KCR,38.84710898652087,37.56754839015402,3.64,4.61,0.0,0.0,1.0,0.0,0.0
822837,2026,2026-03-29,mlb,TOR,ATH,43.134335054091295,41.83351239972274,4.78,13.5,0.0,0.0,1.0,0.0,1.0
823159,2026,2026-03-30,mlb,SEA,NYY,48.17227508833325,48.53709649627505,5.19,3.6,0.0,1.0,0.5,1.0,1.0
825108,2026,2026-03-30,mlb,ARI,DET,40.826578178179695,41.930332091578485,3.4,12.27,1.0,1.0,0.0,0.6666666666666666,1.0
823972,2026,2026-03-30,mlb,LAD,CLE,44.479785357282616,35.133293372400495,4.6,2.5,1.0,0.0,1.0,0.5,0.0
824861,2026,2026-03-31,mlb,BAL,TEX,32.680558253621186,36.02502306287485,2.45,4.21,0.0,0.0,0.5,0.75,0.0
824537,2026,2026-03-31,mlb,CIN,PIT,37.42971480330227,33.19030182341987,6.11,4.26,0.0,0.0,0.75,0.25,0.0
823485,2026,2026-03-31,mlb,PHI,WSN,46.07852610677368,34.519895280554,6.04,2.7,0.0,0.0,0.25,0.75,1.0
823888,2026,2026-03-31,mlb,MIA,CHW,35.446382737010744,32.93310700606492,4.21,4.18,0.0,0.0,0.75,0.25,1.0
822836,2026,2026-03-31,mlb,TOR,COL,43.134335054091295,32.21076176814514,7.02,6.08,0.0,0.0,0.75,0.25,1.0
824942,2026,2026-03-31,mlb,ATL,ATH,38.84710898652087,41.83351239972274,5.22,4.66,0.0,0.0,0.75,0.0,0.0
824699,2026,2026-03-31,mlb,CHC,LAA,46.04348923947511,35.95784812425046,5.68,3.43,0.0,0.0,0.5,0.4,0.0
823807,2026,2026-03-31,mlb,MIL,TBR,40.99706517824004,39.481233720516585,2.98,3.1,0.0,0.0,0.75,0.5,1.0
823077,2026,2026-03-31,mlb,STL,NYM,35.44000594157538,44.13496149211463,3.57,7.79,0.0,0.0,0.5,0.75,1.0
824212,2026,2026-03-31,mlb,HOU,BOS,38.34791246492824,40.85080185053196,3.51,4.68,0.0,0.0,0.6,0.25,1.0
825107,2026,2026-03-31,mlb,ARI,DET,40.826578178179695,41.930332091578485,3.51,3.44,0.0,0.0,0.25,0.5,1.0
823322,2026,2026-03-31,mlb,SDP,SFG,39.95208039441178,40.864388309944545,5.26,3.72,0.0,0.0,0.25,0.25,0.0
823320,2026,2026-03-30,mlb,SDP,SFG,39.95208039441178,40.864388309944545,4.63,4.34,1.0,1.0,0.3333333333333333,0.0,0.0
824214,2026,2026-03-30,mlb,HOU,BOS,38.34791246492824,40.85080185053196,6.55,3.35,0.0,0.0,0.5,0.3333333333333333,1.0
823080,2026,2026-03-30,mlb,STL,NYM,35.44000594157538,44.13496149211463,3.13,2.26,0.0,0.0,0.6666666666666666,0.6666666666666666,0.0
823809,2026,2026-03-30,mlb,MIL,TBR,40.99706517824004,39.481233720516585,2.79,2.93,0.0,0.0,1.0,0.3333333333333333,0.0
824538,2026,2026-03-29,mlb,CIN,BOS,37.42971480330227,40.85080185053196,5.13,3.44,0.0,0.0,0.5,0.5,1.0
823647,2026,2026-03-29,mlb,NYM,PIT,44.13496149211463,33.19030182341987,3.21,4.17,0.0,0.0,1.0,0.0,0.0
823891,2026,2026-03-29,mlb,MIA,COL,35.446382737010744,32.21076176814514,2.68,5.27,0.0,0.0,1.0,0.0,1.0
824215,2026,2026-03-29,mlb,HOU,LAA,38.34791246492824,35.95784812425046,5.32,6.19,0.0,0.0,0.3333333333333333,0.6666666666666666,1.0
823810,2026,2026-03-29,mlb,MIL,CHW,40.99706517824004,32.93310700606492,5.27,4.09,0.0,0.0,1.0,0.0,1.0
823079,2026,2026-03-29,mlb,STL,TBR,35.44000594157538,39.481233720516585,4.56,6.17,0.0,0.0,1.0,0.0,0.0
824700,2026,2026-03-29,mlb,CHC,WSN,46.04348923947511,34.519895280554,3.78,5.62,0.0,0.0,0.5,0.5,0.0
824619,2026,2026-04-06,mlb,CHW,BAL,32.93310700606492,32.680558253621186,2.11,3.5,0.0,0.0,0.375,0.3333333333333333,0.0
823160,2026,2026-03-29,mlb,SEA,CLE,48.17227508833325,35.133293372400495,3.37,5.07,0.0,0.0,0.3333333333333333,0.6666666666666666,1.0
824863,2026,2026-03-30,mlb,BAL,TEX,32.680558253621186,36.02502306287485,4.74,5.29,0.0,0.0,0.6666666666666666,0.6666666666666666,0.0
824539,2026,2026-03-30,mlb,CIN,PIT,37.42971480330227,33.19030182341987,2.77,3.59,0.0,0.0,0.6666666666666666,0.3333333333333333,1.0
823484,2026,2026-03-30,mlb,PHI,WSN,46.07852610677368,34.519895280554,9.13,3.19,0.0,0.0,0.3333333333333333,0.6666666666666666,0.0
823890,2026,2026-03-30,mlb,MIA,CHW,35.446382737010744,32.93310700606492,6.79,4.32,0.0,0.0,1.0,0.0,0.0
822834,2026,2026-03-30,mlb,TOR,COL,43.134335054091295,32.21076176814514,3.86,4.96,0.0,0.0,1.0,0.0,0.0
824943,2026,2026-03-30,mlb,ATL,ATH,38.84710898652087,41.83351239972274,3.95,4.98,0.0,0.0,0.6666666666666666,0.0,1.0
824702,2026,2026-03-30,mlb,CHC,LAA,46.04348923947511,35.95784812425046,5.68,5.75,0.0,0.0,0.3333333333333333,0.5,1.0
824135,2026,2026-03-30,mlb,KCR,MIN,37.56754839015402,34.49429336383309,4.11,6.68,0.0,0.0,0.3333333333333333,0.3333333333333333,1.0
822918,2026,2026-04-06,mlb,TEX,SEA,36.02502306287485,48.17227508833325,4.21,3.36,0.0,0.0,0.4444444444444444,0.4,1.0
824376,2026,2026-04-06,mlb,COL,HOU,32.21076176814514,38.34791246492824,6.08,5.4,0.0,0.0,0.3333333333333333,0.6,1.0
824052,2026,2026-04-06,mlb,LAA,ATL,35.95784812425046,38.84710898652087,3.43,2.07,0.0,0.0,0.5,0.6,1.0
823478,2026,2026-04-14,mlb,PHI,CHC,46.07852610677368,46.04348923947511,5.03,2.16,0.0,0.0,0.5,0.4,0.0
823562,2026,2026-04-14,mlb,NYY,LAA,48.53709649627505,35.95784812425046,3.6,3.62,0.0,0.0,0.4,0.5,0.0
824935,2026,2026-04-14,mlb,ATL,MIA,38.84710898652087,35.446382737010744,3.64,2.68,0.0,0.0,0.5,0.4,1.0
823723,2026,2026-04-14,mlb,MIN,BOS,34.49429336383309,40.85080185053196,3.98,2.82,0.0,0.0,0.7,0.5,1.0
824616,2026,2026-04-14,mlb,CHW,TBR,32.93310700606492,39.481233720516585,6.06,3.1,1.0,1.0,0.4444444444444444,0.6,0.0
823802,2026,2026-04-14,mlb,MIL,TOR,40.99706517824004,43.134335054091295,1.73,4.37,1.0,1.0,0.4,0.2222222222222222,0.0
823072,2026,2026-04-14,mlb,STL,CLE,35.44000594157538,35.133293372400495,3.86,3.7,0.0,0.0,0.4,0.6,1.0
824210,2026,2026-04-14,mlb,HOU,COL,38.34791246492824,32.21076176814514,4.81,7.08,0.0,1.0,0.1,0.4,1.0
823315,2026,2026-04-14,mlb,SDP,SEA,39.95208039441178,48.17227508833325,3.23,4.36,1.0,0.0,0.8,0.5,1.0
825022,2026,2026-04-14,mlb,ATH,TEX,41.83351239972274,36.02502306287485,6.08,4.4,0.0,0.0,0.7,0.5,1.0
823965,2026,2026-04-14,mlb,LAD,NYM,44.479785357282616,44.13496149211463,2.56,3.21,0.0,0.0,0.8,0.4,1.0
824855,2026,2026-04-15,mlb,BAL,ARI,32.680558253621186,40.826578178179695,4.03,2.5,0.0,0.0,0.6,0.7,0.0
823071,2026,2026-04-15,mlb,STL,CLE,35.44000594157538,35.133293372400495,4.56,5.07,0.0,0.0,0.5,0.5,1.0
823722,2026,2026-04-15,mlb,MIN,BOS,34.49429336383309,40.85080185053196,6.68,3.44,0.0,0.0,0.8,0.4,0.0
824291,2026,2026-04-15,mlb,DET,KCR,41.930332091578485,37.56754839015402,4.59,4.61,0.0,0.0,0.5,0.4,1.0
824531,2026,2026-04-14,mlb,CIN,SFG,37.42971480330227,40.864388309944545,4.72,3.21,1.0,1.0,0.6,0.4,1.0
823399,2026,2026-04-15,mlb,PIT,WSN,33.19030182341987,34.519895280554,3.19,5.62,0.0,0.0,0.6,0.5,1.0
823398,2026,2026-04-14,mlb,PIT,WSN,33.19030182341987,34.519895280554,5.29,2.7,0.0,0.0,0.7,0.4,0.0
824853,2026,2026-04-14,mlb,BAL,ARI,32.680558253621186,40.826578178179695,4.38,5.35,0.0,0.0,0.6,0.6,0.0
824696,2026,2026-04-12,mlb,CHC,PIT,46.04348923947511,33.19030182341987,5.68,4.26,0.0,0.0,0.4,0.8,1.0
823317,2026,2026-04-12,mlb,SDP,COL,39.95208039441178,32.21076176814514,4.5,6.37,0.0,0.0,0.8,0.5,1.0
823154,2026,2026-04-12,mlb,SEA,HOU,48.17227508833325,38.34791246492824,3.36,5.4,0.0,0.0,0.3,0.3,1.0
823966,2026,2026-04-12,mlb,LAD,TEX,44.479785357282616,36.02502306287485,4.6,4.21,0.0,0.0,0.8,0.4,0.0
824938,2026,2026-04-12,mlb,ATL,CLE,38.84710898652087,35.133293372400495,2.07,3.97,0.0,0.0,0.6,0.6,1.0
823153,2026,2026-04-13,mlb,SEA,HOU,48.17227508833325,38.34791246492824,4.02,5.99,0.0,0.0,0.4,0.2,1.0
824856,2026,2026-04-13,mlb,BAL,ARI,32.680558253621186,40.826578178179695,5.22,4.97,0.0,0.0,0.6,0.6,1.0
823400,2026,2026-04-13,mlb,PIT,WSN,33.19030182341987,34.519895280554,3.79,2.7,0.0,0.0,0.7,0.4,1.0
823481,2026,2026-04-13,mlb,PHI,CHC,46.07852610677368,46.04348923947511,2.62,3.46,0.0,0.0,0.5,0.5,1.0
823563,2026,2026-04-13,mlb,NYY,LAA,48.53709649627505,35.95784812425046,4.39,6.25,0.0,0.0,0.4,0.5,1.0
824937,2026,2026-04-13,mlb,ATL,MIA,38.84710898652087,35.446382737010744,3.64,3.17,0.0,0.0,0.6,0.3,0.0
823725,2026,2026-04-13,mlb,MIN,BOS,34.49429336383309,40.85080185053196,4.49,6.3,0.0,0.0,0.7,0.5,1.0
823073,2026,2026-04-13,mlb,STL,CLE,35.44000594157538,35.133293372400495,5.44,3.98,0.0,0.0,0.5,0.6,0.0
825024,2026,2026-04-13,mlb,ATH,TEX,41.83351239972274,36.02502306287485,4.16,4.21,0.0,0.0,0.7,0.4,0.0
823964,2026,2026-04-13,mlb,LAD,NYM,44.479785357282616,44.13496149211463,3.56,5.17,0.0,0.0,0.7,0.4,1.0
824292,2026,2026-04-14,mlb,DET,KCR,41.930332091578485,37.56754839015402,4.35,4.84,1.0,1.0,0.5,0.4,1.0
824532,2026,2026-04-15,mlb,CIN,SFG,37.42971480330227,40.864388309944545,5.13,4.41,0.0,0.0,0.6,0.3,1.0
823477,2026,2026-04-15,mlb,PHI,CHC,46.07852610677368,46.04348923947511,3.09,3.78,0.0,0.0,0.4,0.5,0.0
823561,2026,2026-04-15,mlb,NYY,LAA,48.53709649627505,35.95784812425046,6.05,6.19,0.0,0.0,0.3,0.6,1.0
822752,2026,2026-04-17,mlb,WSN,SFG,34.519895280554,40.864388309944545,5.21,3.72,0.0,0.0,0.6,0.4,0.0
823397,2026,2026-04-17,mlb,PIT,TBR,33.19030182341987,39.481233720516585,4.26,2.93,0.0,0.0,0.5,0.8,1.0
823559,2026,2026-04-17,mlb,NYY,KCR,48.53709649627505,37.56754839015402,2.16,3.49,0.0,0.0,0.3,0.3,1.0
823883,2026,2026-04-17,mlb,MIA,MIL,35.446382737010744,40.99706517824004,4.21,5.3,1.0,0.0,0.3,0.4,0.0
824778,2026,2026-04-17,mlb,BOS,DET,40.85080185053196,41.930332091578485,3.35,3.44,1.0,0.0,0.5,0.6,1.0
824207,2026,2026-04-17,mlb,HOU,STL,38.34791246492824,35.44000594157538,3.66,3.13,0.0,1.0,0.2,0.6,0.0
823720,2026,2026-04-17,mlb,MIN,CIN,34.49429336383309,37.42971480330227,3.65,6.11,1.0,0.0,0.8,0.5,0.0
824373,2026,2026-04-17,mlb,COL,LAD,32.21076176814514,44.479785357282616,4.96,3.02,0.0,1.0,0.4,0.8,0.0
824048,2026,2026-04-17,mlb,LAA,SDP,35.95784812425046,39.95208039441178,3.43,7.15,0.0,0.0,0.5,0.9,1.0
823152,2026,2026-04-17,mlb,SEA,TEX,48.17227508833325,36.02502306287485,3.36,4.21,0.0,0.0,0.4,0.6,0.0
825101,2026,2026-04-17,mlb,ARI,TOR,40.826578178179695,43.134335054091295,3.4,3.36,1.0,0.0,0.7,0.3,1.0
825019,2026,2026-04-17,mlb,ATH,CHW,41.83351239972274,32.93310700606492,4.66,4.32,0.0,0.0,0.7,0.2,0.0
823558,2026,2026-04-18,mlb,NYY,KCR,48.53709649627505,37.56754839015402,4.39,3.98,0.0,0.0,0.3,0.2,1.0
823721,2026,2026-04-18,mlb,MIN,CIN,34.49429336383309,37.42971480330227,3.97,4.15,0.0,0.0,0.7,0.5,0.0
824694,2026,2026-04-18,mlb,CHC,NYM,46.04348923947511,44.13496149211463,5.68,5.11,0.0,0.0,0.6,0.1,1.0
823476,2026,2026-04-17,mlb,PHI,ATL,46.07852610677368,38.84710898652087,9.13,3.12,1.0,1.0,0.3,0.6,0.0
824454,2026,2026-04-17,mlb,CLE,BAL,35.133293372400495,32.680558253621186,3.97,4.74,0.0,0.0,0.5,0.6,0.0
824693,2026,2026-04-17,mlb,CHC,NYM,46.04348923947511,44.13496149211463,5.68,7.79,1.0,1.0,0.5,0.2,1.0
823313,2026,2026-04-16,mlb,SDP,SEA,39.95208039441178,48.17227508833325,4.63,5.19,0.0,0.0,0.9,0.4,1.0
824936,2026,2026-04-15,mlb,ATL,MIA,38.84710898652087,35.446382737010744,3.95,6.79,0.0,0.0,0.5,0.4,1.0
824615,2026,2026-04-15,mlb,CHW,TBR,32.93310700606492,39.481233720516585,3.32,4.03,0.0,0.0,0.4,0.7,0.0
823803,2026,2026-04-15,mlb,MIL,TOR,40.99706517824004,43.134335054091295,3.34,2.37,0.0,0.0,0.3,0.3333333333333333,1.0
824209,2026,2026-04-15,mlb,HOU,COL,38.34791246492824,32.21076176814514,4.81,5.27,0.0,0.0,0.2,0.4,1.0
823314,2026,2026-04-15,mlb,SDP,SEA,39.95208039441178,48.17227508833325,4.02,3.37,0.0,0.0,0.9,0.4,1.0
825021,2026,2026-04-15,mlb,ATH,TEX,41.83351239972274,36.02502306287485,3.71,4.41,0.0,0.0,0.7,0.5,1.0
823963,2026,2026-04-15,mlb,LAD,NYM,44.479785357282616,44.13496149211463,1.79,2.26,0.0,0.0,0.8,0.3,1.0
823075,2026,2026-04-12,mlb,STL,BOS,35.44000594157538,40.85080185053196,3.57,4.68,0.0,0.0,0.6,0.4,0.0
823396,2026,2026-04-16,mlb,PIT,WSN,33.19030182341987,34.519895280554,3.59,3.19,0.0,0.0,0.6,0.5,0.0
824289,2026,2026-04-16,mlb,DET,KCR,41.930332091578485,37.56754839015402,3.3,4.11,0.0,0.0,0.5,0.3,1.0
823560,2026,2026-04-16,mlb,NYY,LAA,48.53709649627505,35.95784812425046,2.81,3.7,0.0,0.0,0.3,0.5,0.0
823801,2026,2026-04-16,mlb,MIL,TOR,40.99706517824004,43.134335054091295,5.27,5.51,0.0,0.0,0.3,0.3,1.0
824614,2026,2026-04-16,mlb,CHW,TBR,32.93310700606492,39.481233720516585,6.27,6.17,0.0,0.0,0.3,0.8,0.0
825023,2026,2026-04-16,mlb,ATH,TEX,41.83351239972274,36.02502306287485,4.98,5.29,0.0,0.0,0.8,0.5,0.0
824453,2026,2026-04-16,mlb,CLE,BAL,35.133293372400495,32.680558253621186,2.5,4.04,0.0,0.0,0.5,0.6,1.0
824208,2026,2026-04-16,mlb,HOU,COL,38.34791246492824,32.21076176814514,7.62,5.66,0.0,0.0,0.2,0.4,0.0
824530,2026,2026-04-16,mlb,CIN,SFG,37.42971480330227,40.864388309944545,2.77,4.34,0.0,0.0,0.6,0.3,0.0
822751,2026,2026-04-18,mlb,WSN,SFG,34.519895280554,40.864388309944545,3.21,4.02,0.0,0.0,0.5,0.5,0.0
823804,2026,2026-04-12,mlb,MIL,WSN,40.99706517824004,34.519895280554,2.98,5.21,0.0,0.0,0.5,0.3,0.0
822998,2026,2026-04-12,mlb,TBR,NYY,39.481233720516585,48.53709649627505,2.95,2.16,0.0,0.0,0.5,0.5,1.0
824617,2026,2026-04-08,mlb,CHW,BAL,32.93310700606492,32.680558253621186,3.32,4.03,0.0,0.0,0.3333333333333333,0.4,0.0
822915,2026,2026-04-08,mlb,TEX,SEA,36.02502306287485,48.17227508833325,4.4,4.36,0.0,0.0,0.6,0.3,1.0
822833,2026,2026-04-08,mlb,TOR,LAD,43.134335054091295,44.479785357282616,2.37,1.79,0.0,0.0,0.3333333333333333,0.8,1.0
824374,2026,2026-04-08,mlb,COL,HOU,32.21076176814514,38.34791246492824,7.08,6.47,0.0,0.0,0.5,0.6,1.0
823234,2026,2026-04-08,mlb,SFG,PHI,40.864388309944545,46.07852610677368,4.41,5.03,0.0,0.0,0.4,0.5,1.0
822753,2026,2026-04-08,mlb,WSN,STL,34.519895280554,35.44000594157538,5.82,3.86,0.0,0.0,0.3,0.5,0.0
824050,2026,2026-04-08,mlb,LAA,ATL,35.95784812425046,38.84710898652087,3.62,3.64,0.0,0.0,0.4,0.5,0.0
823646,2026,2026-04-08,mlb,NYM,ARI,44.13496149211463,40.826578178179695,5.17,4.97,0.0,0.0,0.6,0.5,0.0
823000,2026,2026-04-08,mlb,TBR,CHC,39.481233720516585,46.04348923947511,5.21,4.55,0.0,0.0,0.5,0.5,0.0
823885,2026,2026-04-08,mlb,MIA,CIN,35.446382737010744,37.42971480330227,3.17,4.72,0.0,0.0,0.5,0.8,1.0
823564,2026,2026-04-08,mlb,NYY,ATH,48.53709649627505,41.83351239972274,4.39,4.16,0.0,0.0,0.8,0.3,0.0
823726,2026,2026-04-08,mlb,MIN,DET,34.49429336383309,41.930332091578485,4.49,4.35,0.0,0.0,0.5,0.3,1.0
823884,2026,2026-04-09,mlb,MIA,CIN,35.446382737010744,37.42971480330227,2.68,5.13,0.0,0.0,0.5,0.7,1.0
823565,2026,2026-04-09,mlb,NYY,ATH,48.53709649627505,41.83351239972274,3.6,6.08,0.0,0.0,0.7,0.4,0.0
823724,2026,2026-04-09,mlb,MIN,DET,34.49429336383309,41.930332091578485,3.98,4.59,0.0,0.0,0.5,0.2,1.0
824779,2026,2026-04-08,mlb,BOS,MIL,40.85080185053196,40.99706517824004,2.82,3.84,0.0,0.0,0.2,0.7,1.0
823645,2026,2026-04-09,mlb,NYM,ARI,44.13496149211463,40.826578178179695,3.21,2.5,0.0,0.0,0.5,0.6,0.0
824455,2026,2026-04-08,mlb,CLE,KCR,35.133293372400495,37.56754839015402,3.7,4.84,0.0,0.0,0.6,0.5,1.0
823235,2026,2026-04-07,mlb,SFG,PHI,40.864388309944545,46.07852610677368,3.21,2.62,0.0,0.0,0.3,0.6,1.0
823237,2026,2026-04-06,mlb,SFG,PHI,40.864388309944545,46.07852610677368,4.02,6.04,0.0,0.0,0.3,0.5555555555555556,0.0
824457,2026,2026-04-07,mlb,CLE,KCR,35.133293372400495,37.56754839015402,3.98,3.98,0.0,0.0,0.5,0.5,1.0
824618,2026,2026-04-07,mlb,CHW,BAL,32.93310700606492,32.680558253621186,10.8,4.38,0.0,0.0,0.3333333333333333,0.4,0.0
823648,2026,2026-04-07,mlb,NYM,ARI,44.13496149211463,40.826578178179695,5.11,6.34,1.0,1.0,0.6,0.5,1.0
823402,2026,2026-04-07,mlb,PIT,SDP,33.19030182341987,39.95208039441178,3.79,4.5,0.0,0.0,0.6,0.5,1.0
822999,2026,2026-04-07,mlb,TBR,CHC,39.481233720516585,46.04348923947511,4.54,3.46,0.0,0.0,0.5,0.4,0.0
823887,2026,2026-04-07,mlb,MIA,CIN,35.446382737010744,37.42971480330227,3.38,4.15,0.0,0.0,0.6,0.7,0.0
822754,2026,2026-04-07,mlb,WSN,STL,34.519895280554,35.44000594157538,3.21,5.44,0.0,0.0,0.4,0.5,0.0
824780,2026,2026-04-07,mlb,BOS,MIL,40.85080185053196,40.99706517824004,6.3,1.73,0.0,0.0,0.2,0.8,1.0
823567,2026,2026-04-07,mlb,NYY,ATH,48.53709649627505,41.83351239972274,2.16,4.66,1.0,1.0,0.7777777777777778,0.3333333333333333,1.0
822831,2026,2026-04-07,mlb,TOR,LAD,43.134335054091295,44.479785357282616,4.37,2.56,0.0,0.0,0.4444444444444444,0.8,0.0
823727,2026,2026-04-07,mlb,MIN,DET,34.49429336383309,41.930332091578485,3.97,2.91,0.0,0.0,0.4,0.4,1.0
822916,2026,2026-04-07,mlb,TEX,SEA,36.02502306287485,48.17227508833325,4.21,4.02,0.0,0.0,0.5,0.4,1.0
824375,2026,2026-04-07,mlb,COL,HOU,32.21076176814514,38.34791246492824,6.37,5.99,0.0,0.0,0.4,0.6,1.0
824051,2026,2026-04-07,mlb,LAA,ATL,35.95784812425046,38.84710898652087,6.25,3.64,0.0,0.0,0.5,0.5,0.0
823403,2026,2026-04-08,mlb,PIT,SDP,33.19030182341987,39.95208039441178,5.29,3.23,0.0,0.0,0.7,0.5,0.0
824130,2026,2026-04-09,mlb,KCR,CHW,37.56754839015402,32.93310700606492,4.61,4.09,0.0,0.0,0.5,0.3333333333333333,0.0
823319,2026,2026-04-09,mlb,SDP,COL,39.95208039441178,32.21076176814514,4.02,6.2,0.0,0.0,0.6,0.6,1.0
824695,2026,2026-04-10,mlb,CHC,PIT,46.04348923947511,33.19030182341987,3.78,4.17,1.0,1.0,0.5,0.7,0.0
824129,2026,2026-04-11,mlb,KCR,CHW,37.56754839015402,32.93310700606492,3.49,4.18,0.0,0.0,0.4,0.3333333333333333,1.0
822996,2026,2026-04-11,mlb,TBR,NYY,39.481233720516585,48.53709649627505,2.93,2.81,0.0,0.0,0.5,0.5,1.0
823805,2026,2026-04-11,mlb,MIL,WSN,40.99706517824004,34.519895280554,2.79,3.19,0.0,0.0,0.5,0.3,0.0
824857,2026,2026-04-11,mlb,BAL,SFG,32.680558253621186,40.864388309944545,4.74,3.72,0.0,0.0,0.4,0.5,1.0
823074,2026,2026-04-11,mlb,STL,BOS,35.44000594157538,40.85080185053196,3.13,3.35,0.0,0.0,0.6,0.3,0.0
824939,2026,2026-04-11,mlb,ATL,CLE,38.84710898652087,35.133293372400495,3.12,2.5,0.0,0.0,0.6,0.6,0.0
823316,2026,2026-04-11,mlb,SDP,COL,39.95208039441178,32.21076176814514,5.26,6.08,0.0,0.0,0.7,0.5,1.0
823967,2026,2026-04-11,mlb,LAD,TEX,44.479785357282616,36.02502306287485,5.29,5.29,0.0,0.0,0.7,0.5,1.0
823155,2026,2026-04-11,mlb,SEA,HOU,48.17227508833325,38.34791246492824,5.19,6.55,0.0,0.0,0.3,0.4,1.0
824859,2026,2026-04-12,mlb,BAL,SFG,32.680558253621186,40.864388309944545,4.45,4.02,0.0,0.0,0.5,0.4,1.0
823479,2026,2026-04-12,mlb,PHI,ARI,46.07852610677368,40.826578178179695,3.68,6.34,0.0,0.0,0.6,0.6,0.0
822828,2026,2026-04-12,mlb,TOR,MIN,43.134335054091295,34.49429336383309,7.02,3.97,0.0,0.0,0.3333333333333333,0.7,0.0
824533,2026,2026-04-12,mlb,CIN,LAA,37.42971480330227,35.95784812425046,4.15,3.43,0.0,0.0,0.6,0.5,0.0
823642,2026,2026-04-12,mlb,NYM,ATH,44.13496149211463,41.83351239972274,5.11,4.66,0.0,0.0,0.4,0.7,0.0
824293,2026,2026-04-12,mlb,DET,MIA,41.930332091578485,35.446382737010744,2.91,3.38,0.0,0.0,0.4,0.4,1.0
823644,2026,2026-04-11,mlb,NYM,ATH,44.13496149211463,41.83351239972274,7.79,4.98,0.0,0.0,0.4,0.6,0.0
824535,2026,2026-04-11,mlb,CIN,LAA,37.42971480330227,35.95784812425046,6.11,3.67,0.0,0.0,0.5,0.5,1.0
822830,2026,2026-04-11,mlb,TOR,MIN,43.134335054091295,34.49429336383309,4.78,3.65,0.0,0.0,0.3333333333333333,0.6,0.0
824697,2026,2026-04-11,mlb,CHC,PIT,46.04348923947511,33.19030182341987,5.68,3.59,0.0,0.0,0.5,0.7,0.0
823482,2026,2026-04-10,mlb,PHI,ARI,46.07852610677368,40.826578178179695,3.09,3.4,1.0,0.0,0.5,0.7,0.0
824297,2026,2026-04-10,mlb,DET,MIA,41.930332091578485,35.446382737010744,3.3,6.79,0.0,0.0,0.2,0.5,1.0
824534,2026,2026-04-10,mlb,CIN,LAA,37.42971480330227,35.95784812425046,2.77,6.19,0.0,1.0,0.6,0.4,0.0
822829,2026,2026-04-10,mlb,TOR,MIN,43.134335054091295,34.49429336383309,5.51,6.68,1.0,0.0,0.3333333333333333,0.6,1.0
823643,2026,2026-04-10,mlb,NYM,ATH,44.13496149211463,41.83351239972274,2.26,3.71,0.0,0.0,0.5,0.5,0.0
822997,2026,2026-04-10,mlb,TBR,NYY,39.481233720516585,48.53709649627505,6.17,6.05,1.0,0.0,0.5,0.6,1.0
824858,2026,2026-04-10,mlb,BAL,SFG,32.680558253621186,40.864388309944545,4.04,4.34,1.0,1.0,0.5,0.5,0.0
824126,2026,2026-04-12,mlb,KCR,CHW,37.56754839015402,32.93310700606492,3.98,2.11,0.0,0.0,0.4,0.3333333333333333,0.0
824941,2026,2026-04-10,mlb,ATL,CLE,38.84710898652087,35.133293372400495,3.95,5.07,1.0,1.0,0.6,0.6,1.0
823808,2026,2026-04-10,mlb,MIL,WSN,40.99706517824004,34.519895280554,3.28,5.62,1.0,1.0,0.6,0.3,0.0
823076,2026,2026-04-10,mlb,STL,BOS,35.44000594157538,40.85080185053196,4.56,3.44,1.0,1.0,0.5,0.3,1.0
823318,2026,2026-04-10,mlb,SDP,COL,39.95208039441178,32.21076176814514,4.63,4.96,0.0,0.0,0.6,0.6,1.0
823156,2026,2026-04-10,mlb,SEA,HOU,48.17227508833325,38.34791246492824,3.37,5.32,1.0,1.0,0.3,0.5,1.0
823968,2026,2026-04-10,mlb,LAD,TEX,44.479785357282616,36.02502306287485,3.02,4.41,1.0,1.0,0.7,0.6,1.0
823480,2026,2026-04-11,mlb,PHI,ARI,46.07852610677368,40.826578178179695,9.13,3.51,0.0,0.0,0.5,0.7,1.0
824294,2026,2026-04-11,mlb,DET,MIA,41.930332091578485,35.446382737010744,3.44,4.21,0.0,0.0,0.3,0.5,1.0
824128,2026,2026-04-10,mlb,KCR,CHW,37.56754839015402,32.93310700606492,4.11,4.32,0.0,0.0,0.4,0.4444444444444444,1.0
825085,2026,2026-05-10,mlb,ARI,NYM,40.826578178179695,44.13496149211463,2.5,3.16,0.0,0.0,0.3,0.5555555555555556,1.0
823305,2026,2026-05-10,mlb,SDP,STL,39.95208039441178,35.44000594157538,4.63,3.13,0.0,0.0,0.4,0.7,1.0
823954,2026,2026-05-10,mlb,LAD,ATL,44.479785357282616,38.84710898652087,3.56,3.95,0.0,0.0,0.4,0.6,0.0
823287,2026,2026-06-10,mlb,SDP,CIN,39.95208039441178,37.42971480330227,3.23,4.72,0.0,0.0,0.2,0.3,1.0
824831,2026,2026-06-10,mlb,BAL,SEA,32.680558253621186,48.17227508833325,3.5,4.02,0.0,0.0,0.5,0.7,1.0
823372,2026,2026-06-10,mlb,PIT,LAD,33.19030182341987,44.479785357282616,4.76,1.79,0.0,0.0,0.5,0.6,1.0
824266,2026,2026-06-10,mlb,DET,MIN,41.930332091578485,34.49429336383309,4.35,4.72,0.0,0.0,0.6,0.3,0.0
823856,2026,2026-06-10,mlb,MIA,ARI,35.446382737010744,40.826578178179695,3.98,4.97,0.0,0.0,0.6,0.3,1.0
822804,2026,2026-06-10,mlb,TOR,PHI,43.134335054091295,46.07852610677368,7.02,3.09,0.0,0.0,0.4,0.7,0.0
823618,2026,2026-06-10,mlb,NYM,STL,44.13496149211463,35.44000594157538,4.5,3.57,0.0,0.0,0.6,0.7,0.0
824103,2026,2026-06-10,mlb,KCR,TEX,37.56754839015402,36.02502306287485,4.61,4.4,0.0,0.0,0.6,0.7,0.0
824590,2026,2026-06-10,mlb,CHW,ATL,32.93310700606492,38.84710898652087,4.32,2.07,0.0,0.0,0.6,0.7,1.0
824348,2026,2026-06-10,mlb,COL,CHC,32.21076176814514,46.04348923947511,7.08,3.78,0.0,0.0,0.5,0.3,1.0
824996,2026,2026-06-10,mlb,ATH,MIL,41.83351239972274,40.99706517824004,6.68,5.27,0.0,0.0,0.5,0.7,1.0
824022,2026,2026-06-10,mlb,LAA,HOU,35.95784812425046,38.34791246492824,3.62,3.66,0.0,0.0,0.4,0.5,1.0
823619,2026,2026-06-11,mlb,NYM,STL,44.13496149211463,35.44000594157538,3.73,3.67,0.0,0.0,0.5,0.7,1.0
824265,2026,2026-06-11,mlb,DET,MIN,41.930332091578485,34.49429336383309,3.3,4.86,0.0,0.0,0.6,0.4,1.0
823855,2026,2026-06-11,mlb,MIA,ARI,35.446382737010744,40.826578178179695,3.59,5.35,0.0,0.0,0.7,0.3,1.0
823215,2026,2026-06-10,mlb,SFG,WSN,40.864388309944545,34.519895280554,3.21,3.19,0.0,0.0,0.5,0.6,1.0
824101,2026,2026-06-11,mlb,KCR,TEX,37.56754839015402,36.02502306287485,3.49,4.41,0.0,0.0,0.6,0.7,0.0
824428,2026,2026-06-10,mlb,CLE,NYY,35.133293372400495,48.53709649627505,2.5,3.15,0.0,0.0,0.3,0.6,0.0
824999,2026,2026-06-09,mlb,ATH,MIL,41.83351239972274,40.99706517824004,3.71,4.59,0.0,0.0,0.4,0.7,1.0
824998,2026,2026-06-08,mlb,ATH,MIL,41.83351239972274,40.99706517824004,6.08,2.79,0.0,0.0,0.4,0.7,0.0
824830,2026,2026-06-09,mlb,BAL,SEA,32.680558253621186,48.17227508833325,4.38,3.36,0.0,0.0,0.5,0.7,0.0
823374,2026,2026-06-09,mlb,PIT,LAD,33.19030182341987,44.479785357282616,3.79,4.78,1.0,1.0,0.5,0.6,0.0
822969,2026,2026-06-09,mlb,TBR,BOS,39.481233720516585,40.85080185053196,2.93,3.09,0.0,0.0,0.4,0.4,1.0
824267,2026,2026-06-09,mlb,DET,MIN,41.930332091578485,34.49429336383309,1.86,3.97,1.0,1.0,0.5,0.3,1.0
823858,2026,2026-06-09,mlb,MIA,ARI,35.446382737010744,40.826578178179695,2.68,6.34,1.0,1.0,0.5,0.3,1.0
824429,2026,2026-06-09,mlb,CLE,NYY,35.133293372400495,48.53709649627505,5.07,3.19,0.0,0.0,0.4,0.6,0.0
822805,2026,2026-06-09,mlb,TOR,PHI,43.134335054091295,46.07852610677368,2.37,3.4,0.0,0.0,0.4,0.7,1.0
823620,2026,2026-06-09,mlb,NYM,STL,44.13496149211463,35.44000594157538,5.11,4.56,1.0,1.0,0.7,0.6,0.0
824105,2026,2026-06-09,mlb,KCR,TEX,37.56754839015402,36.02502306287485,4.5,4.21,1.0,1.0,0.5,0.7,1.0
824591,2026,2026-06-09,mlb,CHW,ATL,32.93310700606492,38.84710898652087,6.29,3.64,1.0,1.0,0.6,0.8,1.0
824347,2026,2026-06-09,mlb,COL,CHC,32.21076176814514,46.04348923947511,4.96,4.55,1.0,1.0,0.4,0.4,1.0
824023,2026,2026-06-09,mlb,LAA,HOU,35.95784812425046,38.34791246492824,2.94,4.22,0.0,0.0,0.3,0.5,1.0
823290,2026,2026-06-09,mlb,SDP,CIN,39.95208039441178,37.42971480330227,5.16,2.77,0.0,0.0,0.3,0.2,0.0
823214,2026,2026-06-09,mlb,SFG,WSN,40.864388309944545,34.519895280554,4.02,3.72,0.0,0.0,0.5,0.5,0.0
822970,2026,2026-06-10,mlb,TBR,BOS,39.481233720516585,40.85080185053196,2.95,3.49,0.0,0.0,0.4,0.4,1.0
823218,2026,2026-06-08,mlb,SFG,WSN,40.864388309944545,34.519895280554,3.72,3.86,0.0,0.0,0.5,0.4,0.0
824346,2026,2026-06-11,mlb,COL,CHC,32.21076176814514,46.04348923947511,6.08,5.68,0.0,0.0,0.5,0.3,0.0
824827,2026,2026-06-11,mlb,BAL,SEA,32.680558253621186,48.17227508833325,4.03,4.36,0.0,0.0,0.5,0.6,1.0
822725,2026,2026-06-13,mlb,WSN,SEA,34.519895280554,48.17227508833325,3.21,5.19,0.0,0.0,0.4,0.5,1.0
823369,2026,2026-06-13,mlb,PIT,MIA,33.19030182341987,35.446382737010744,4.26,3.7,0.0,0.0,0.3,0.9,1.0
824508,2026,2026-06-13,mlb,CIN,ARI,37.42971480330227,40.826578178179695,5.13,3.4,0.0,0.0,0.2,0.3,1.0
824426,2026,2026-06-13,mlb,CLE,DET,35.133293372400495,41.930332091578485,3.7,2.91,0.0,0.0,0.4,0.7,1.0
824749,2026,2026-06-13,mlb,BOS,TEX,40.85080185053196,36.02502306287485,3.35,4.21,0.0,0.0,0.4,0.6,1.0
823616,2026,2026-06-13,mlb,NYM,ATL,44.13496149211463,38.84710898652087,4.55,3.12,0.0,0.0,0.5,0.5,0.0
824587,2026,2026-06-13,mlb,CHW,LAD,32.93310700606492,44.479785357282616,3.32,2.56,0.0,0.0,0.6,0.6,0.0
824100,2026,2026-06-13,mlb,KCR,HOU,37.56754839015402,38.34791246492824,3.98,5.99,0.0,0.0,0.5,0.5,0.0
823776,2026,2026-06-13,mlb,MIL,PHI,40.99706517824004,46.07852610677368,3.84,5.03,0.0,0.0,0.6,0.7,0.0
824995,2026,2026-06-13,mlb,ATH,COL,41.83351239972274,32.21076176814514,8.31,6.37,0.0,0.0,0.6,0.4,1.0
823213,2026,2026-06-13,mlb,SFG,CHC,40.864388309944545,46.04348923947511,5.12,1.85,0.0,0.0,0.5,0.4,0.0
824019,2026,2026-06-13,mlb,LAA,TBR,35.95784812425046,39.481233720516585,3.43,3.63,0.0,0.0,0.5,0.4,1.0
823368,2026,2026-06-14,mlb,PIT,MIA,33.19030182341987,35.446382737010744,3.79,2.68,0.0,0.0,0.3,0.8,0.0
824823,2026,2026-06-14,mlb,BAL,SDP,32.680558253621186,39.95208039441178,4.38,4.63,0.0,0.0,0.5,0.4,0.0
822722,2026,2026-06-14,mlb,WSN,SEA,34.519895280554,48.17227508833325,2.7,3.37,0.0,0.0,0.5,0.4,1.0
824828,2026,2026-06-13,mlb,BAL,SDP,32.680558253621186,39.95208039441178,7.36,4.02,0.0,0.0,0.5,0.3,0.0
823371,2026,2026-06-11,mlb,PIT,LAD,33.19030182341987,44.479785357282616,5.29,3.56,0.0,0.0,0.5,0.6,0.0
822802,2026,2026-06-13,mlb,TOR,NYY,43.134335054091295,48.53709649627505,4.37,2.16,0.0,0.0,0.5,0.6,0.0
823211,2026,2026-06-12,mlb,SFG,CHC,40.864388309944545,46.04348923947511,4.34,3.46,1.0,0.0,0.5,0.3,0.0
824589,2026,2026-08-20,mlb,CHW,ATL,32.93310700606492,38.84710898652087,4.09,3.12,0.0,0.0,0.6,0.4,
823370,2026,2026-06-12,mlb,PIT,MIA,33.19030182341987,35.446382737010744,3.59,3.38,0.0,0.0,0.4,0.8,0.0
822726,2026,2026-06-12,mlb,WSN,SEA,34.519895280554,48.17227508833325,5.21,4.12,1.0,0.0,0.5,0.5,0.0
824826,2026,2026-06-12,mlb,BAL,SDP,32.680558253621186,39.95208039441178,4.04,6.19,0.0,1.0,0.5,0.3,1.0
824425,2026,2026-06-12,mlb,CLE,DET,35.133293372400495,41.930332091578485,3.97,4.59,1.0,0.0,0.3,0.7,1.0
824752,2026,2026-06-12,mlb,BOS,TEX,40.85080185053196,36.02502306287485,2.82,5.29,1.0,0.0,0.4,0.7,1.0
824507,2026,2026-06-12,mlb,CIN,ARI,37.42971480330227,40.826578178179695,5.24,2.5,1.0,0.0,0.3,0.3,0.0
823617,2026,2026-06-12,mlb,NYM,ATL,44.13496149211463,38.84710898652087,3.21,5.31,0.0,1.0,0.5,0.6,1.0
822803,2026,2026-06-12,mlb,TOR,NYY,43.134335054091295,48.53709649627505,3.65,3.6,1.0,1.0,0.4,0.6,1.0
824588,2026,2026-06-12,mlb,CHW,LAD,32.93310700606492,44.479785357282616,4.09,4.6,1.0,0.0,0.6,0.6,1.0
823778,2026,2026-06-12,mlb,MIL,PHI,40.99706517824004,46.07852610677368,1.73,7.14,1.0,1.0,0.6,0.7,1.0
824102,2026,2026-06-12,mlb,KCR,HOU,37.56754839015402,38.34791246492824,5.53,5.32,0.0,1.0,0.6,0.4,0.0
823695,2026,2026-06-12,mlb,MIN,STL,34.49429336383309,35.44000594157538,3.65,3.13,0.0,0.0,0.4,0.7,1.0
824020,2026,2026-06-12,mlb,LAA,TBR,35.95784812425046,39.481233720516585,5.08,3.1,1.0,1.0,0.4,0.5,1.0
824997,2026,2026-06-12,mlb,ATH,COL,41.83351239972274,32.21076176814514,4.69,8.87,1.0,0.0,0.5,0.4,1.0
823694,2026,2026-06-13,mlb,MIN,STL,34.49429336383309,35.44000594157538,5.55,5.44,0.0,0.0,0.4,0.6,0.0
823289,2026,2026-06-08,mlb,SDP,CIN,39.95208039441178,37.42971480330227,4.63,4.15,0.0,0.0,0.2,0.2,1.0
824025,2026,2026-06-08,mlb,LAA,HOU,35.95784812425046,38.34791246492824,6.03,4.81,0.0,0.0,0.4,0.5,0.0
822806,2026,2026-06-08,mlb,TOR,PHI,43.134335054091295,46.07852610677368,5.51,2.62,0.0,0.0,0.5,0.7,0.0
823779,2026,2026-06-04,mlb,MIL,SFG,40.99706517824004,40.864388309944545,5.3,4.02,0.0,0.0,0.7,0.3,0.0
824919,2026,2026-06-04,mlb,ATL,TOR,38.84710898652087,43.134335054091295,2.07,3.52,0.0,0.0,0.6,0.4,0.0
823698,2026,2026-06-04,mlb,MIN,KCR,34.49429336383309,37.56754839015402,3.79,4.61,0.0,0.0,0.3,0.3,0.0
824672,2026,2026-06-04,mlb,CHC,ATH,46.04348923947511,41.83351239972274,3.78,3.71,0.0,0.0,0.3,0.4,1.0
824185,2026,2026-06-04,mlb,HOU,PIT,38.34791246492824,33.19030182341987,4.22,4.76,0.0,0.0,0.6,0.7,0.0
825076,2026,2026-06-04,mlb,ARI,LAD,40.826578178179695,44.479785357282616,4.97,3.56,0.0,0.0,0.5,0.8,1.0
824673,2026,2026-06-05,mlb,CHC,SFG,46.04348923947511,40.864388309944545,5.68,3.21,0.0,0.0,0.4,0.3,0.0
824271,2026,2026-06-05,mlb,DET,SEA,41.930332091578485,48.17227508833325,4.35,4.36,1.0,1.0,0.5,0.8,1.0
823455,2026,2026-06-05,mlb,PHI,CHW,46.07852610677368,32.93310700606492,3.09,4.09,0.0,1.0,0.7,0.7,1.0
823538,2026,2026-06-05,mlb,NYY,BOS,48.53709649627505,40.85080185053196,3.6,2.82,0.0,0.0,0.7,0.4,0.0
822810,2026,2026-06-05,mlb,TOR,BAL,43.134335054091295,32.680558253621186,3.65,3.5,0.0,0.0,0.5,0.7,0.0
823860,2026,2026-06-05,mlb,MIA,TBR,35.446382737010744,39.481233720516585,3.98,2.95,1.0,1.0,0.5,0.2,0.0
824914,2026,2026-06-05,mlb,ATL,PIT,38.84710898652087,33.19030182341987,3.12,5.29,0.0,0.0,0.6,0.7,1.0
824186,2026,2026-06-05,mlb,HOU,ATH,38.34791246492824,41.83351239972274,3.66,6.68,0.0,0.0,0.5,0.4,1.0
823049,2026,2026-06-05,mlb,STL,CIN,35.44000594157538,37.42971480330227,3.13,4.72,1.0,1.0,0.3,0.5,1.0
823542,2026,2026-06-04,mlb,NYY,CLE,48.53709649627505,35.133293372400495,3.15,5.07,0.0,0.0,0.6,0.5,1.0
822892,2026,2026-06-05,mlb,TEX,CLE,36.02502306287485,35.133293372400495,4.41,2.5,1.0,0.0,0.6,0.5,1.0
824753,2026,2026-06-04,mlb,BOS,BAL,40.85080185053196,32.680558253621186,4.68,4.38,0.0,0.0,0.4,0.6,0.0
825077,2026,2026-06-03,mlb,ARI,LAD,40.826578178179695,44.479785357282616,6.34,1.79,0.0,0.0,0.6,0.8,0.0
823129,2026,2026-06-02,mlb,SEA,NYM,48.17227508833325,44.13496149211463,3.36,3.16,0.0,0.0,0.8,0.4,1.0
822727,2026,2026-06-03,mlb,WSN,MIA,34.519895280554,35.446382737010744,3.72,2.68,0.0,0.0,0.6,0.5,0.0
822973,2026,2026-06-03,mlb,TBR,DET,39.481233720516585,41.930332091578485,2.93,1.86,0.0,0.0,0.3,0.4,0.0
823701,2026,2026-06-03,mlb,MIN,CHW,34.49429336383309,32.93310700606492,3.97,4.18,0.0,0.0,0.4,0.6,0.0
823130,2026,2026-06-03,mlb,SEA,NYM,48.17227508833325,44.13496149211463,4.02,5.11,0.0,0.0,0.8,0.4,0.0
823456,2026,2026-06-03,mlb,PHI,SDP,46.07852610677368,39.95208039441178,2.62,4.63,0.0,0.0,0.6,0.3,1.0
824755,2026,2026-06-03,mlb,BOS,BAL,40.85080185053196,32.680558253621186,3.09,4.74,0.0,0.0,0.3,0.7,1.0
823540,2026,2026-06-03,mlb,NYY,CLE,48.53709649627505,35.133293372400495,3.19,3.98,0.0,0.0,0.6,0.5,0.0
824509,2026,2026-06-03,mlb,CIN,KCR,37.42971480330227,37.56754839015402,2.77,4.5,0.0,0.0,0.5,0.3,0.0
824917,2026,2026-06-03,mlb,ATL,TOR,38.84710898652087,43.134335054091295,3.64,5.51,0.0,0.0,0.6,0.5,1.0
823780,2026,2026-06-03,mlb,MIL,SFG,40.99706517824004,40.864388309944545,4.59,3.72,0.0,0.0,0.7,0.3,0.0
823051,2026,2026-06-03,mlb,STL,TEX,35.44000594157538,36.02502306287485,3.57,4.4,0.0,0.0,0.3,0.6,1.0
824671,2026,2026-06-03,mlb,CHC,ATH,46.04348923947511,41.83351239972274,4.55,6.08,0.0,0.0,0.3,0.3,0.0
824188,2026,2026-06-03,mlb,HOU,PIT,38.34791246492824,33.19030182341987,4.81,3.79,0.0,0.0,0.6,0.7,1.0
824024,2026,2026-06-03,mlb,LAA,COL,35.95784812425046,32.21076176814514,2.94,7.08,0.0,0.0,0.5,0.4,1.0
823457,2026,2026-06-04,mlb,PHI,SDP,46.07852610677368,39.95208039441178,3.4,5.16,0.0,0.0,0.7,0.2,1.0
823699,2026,2026-06-05,mlb,MIN,KCR,34.49429336383309,37.56754839015402,4.86,3.49,0.0,0.0,0.3,0.3,1.0
824350,2026,2026-06-05,mlb,COL,MIL,32.21076176814514,40.99706517824004,6.08,5.27,1.0,0.0,0.4,0.7,0.0
825073,2026,2026-06-05,mlb,ARI,WSN,40.826578178179695,34.519895280554,5.35,3.19,0.0,1.0,0.5,0.5,0.0
822807,2026,2026-06-07,mlb,TOR,BAL,43.134335054091295,32.680558253621186,4.37,4.04,0.0,0.0,0.5,0.6,1.0
824268,2026,2026-06-07,mlb,DET,SEA,41.930332091578485,48.17227508833325,4.59,5.19,0.0,0.0,0.5,0.8,1.0
823857,2026,2026-06-07,mlb,MIA,TBR,35.446382737010744,39.481233720516585,3.38,3.63,0.0,0.0,0.4,0.3,1.0
824183,2026,2026-06-07,mlb,HOU,ATH,38.34791246492824,41.83351239972274,5.99,4.69,0.0,0.0,0.6,0.3,0.0
823696,2026,2026-06-07,mlb,MIN,KCR,34.49429336383309,37.56754839015402,5.55,3.98,0.0,0.0,0.3,0.4,0.0
823047,2026,2026-06-07,mlb,STL,CIN,35.44000594157538,37.42971480330227,3.86,5.13,0.0,0.0,0.5,0.3,1.0
822890,2026,2026-06-07,mlb,TEX,CLE,36.02502306287485,35.133293372400495,4.21,3.7,0.0,0.0,0.6,0.5,1.0
824349,2026,2026-06-07,mlb,COL,MIL,32.21076176814514,40.99706517824004,6.37,3.84,0.0,0.0,0.4,0.7,0.0
825074,2026,2026-06-07,mlb,ARI,WSN,40.826578178179695,34.519895280554,3.4,3.21,0.0,0.0,0.3,0.5,1.0
823941,2026,2026-06-07,mlb,LAD,LAA,44.479785357282616,35.95784812425046,5.29,3.43,0.0,0.0,0.7,0.3,0.0
823291,2026,2026-06-07,mlb,SDP,NYM,39.95208039441178,44.13496149211463,4.02,3.16,0.0,0.0,0.2,0.6,0.0
824670,2026,2026-06-07,mlb,CHC,SFG,46.04348923947511,40.864388309944545,5.68,5.12,0.0,0.0,0.5,0.4,0.0
824829,2026,2026-06-08,mlb,BAL,SEA,32.680558253621186,48.17227508833325,7.36,3.37,0.0,0.0,0.5,0.7,0.0
822972,2026,2026-06-08,mlb,TBR,BOS,39.481233720516585,40.85080185053196,4.21,3.44,0.0,0.0,0.3,0.5,1.0
824427,2026,2026-06-08,mlb,CLE,NYY,35.133293372400495,48.53709649627505,3.98,4.39,0.0,0.0,0.5,0.6,0.0
823537,2026,2026-06-07,mlb,NYY,BOS,48.53709649627505,40.85080185053196,2.16,3.35,1.0,1.0,0.6,0.5,1.0
823453,2026,2026-06-07,mlb,PHI,CHW,46.07852610677368,32.93310700606492,5.03,17.18,0.0,0.0,0.7,0.7,1.0
824916,2026,2026-06-07,mlb,ATL,PIT,38.84710898652087,33.19030182341987,3.95,3.19,0.0,0.0,0.7,0.5,1.0
823539,2026,2026-08-29,mlb,NYY,BOS,48.53709649627505,40.85080185053196,4.39,3.35,2.0,2.0,0.7,0.7,
823293,2026,2026-06-05,mlb,SDP,NYM,39.95208039441178,44.13496149211463,3.23,3.73,0.0,1.0,0.1,0.5,0.0
823943,2026,2026-06-05,mlb,LAD,LAA,44.479785357282616,35.95784812425046,4.6,3.62,0.0,1.0,0.7,0.5,1.0
824269,2026,2026-06-06,mlb,DET,SEA,41.930332091578485,48.17227508833325,3.3,4.12,0.0,0.0,0.5,0.8,0.0
823697,2026,2026-06-06,mlb,MIN,KCR,34.49429336383309,37.56754839015402,3.65,5.53,0.0,0.0,0.3,0.3,0.0
823048,2026,2026-06-06,mlb,STL,CIN,35.44000594157538,37.42971480330227,5.44,5.24,0.0,0.0,0.4,0.4,1.0
824669,2026,2026-06-06,mlb,CHC,SFG,46.04348923947511,40.864388309944545,1.85,4.34,0.0,0.0,0.4,0.4,1.0
822808,2026,2026-06-06,mlb,TOR,BAL,43.134335054091295,32.680558253621186,3.36,4.03,0.0,0.0,0.5,0.7,1.0
822801,2026,2026-06-14,mlb,TOR,NYY,43.134335054091295,48.53709649627505,5.51,4.39,0.0,0.0,0.5,0.6,0.0
823454,2026,2026-06-06,mlb,PHI,CHW,46.07852610677368,32.93310700606492,6.04,6.29,0.0,0.0,0.8,0.6,0.0
824184,2026,2026-06-06,mlb,HOU,ATH,38.34791246492824,41.83351239972274,5.32,10.66,0.0,0.0,0.5,0.3,1.0
824915,2026,2026-06-06,mlb,ATL,PIT,38.84710898652087,33.19030182341987,5.31,3.59,0.0,0.0,0.7,0.6,1.0
823859,2026,2026-06-06,mlb,MIA,TBR,35.446382737010744,39.481233720516585,3.7,3.1,0.0,0.0,0.4,0.3,1.0
822891,2026,2026-06-06,mlb,TEX,CLE,36.02502306287485,35.133293372400495,5.29,3.97,0.0,0.0,0.7,0.4,0.0
824351,2026,2026-06-06,mlb,COL,MIL,32.21076176814514,40.99706517824004,5.68,1.73,0.0,0.0,0.4,0.7,0.0
823942,2026,2026-06-06,mlb,LAD,LAA,44.479785357282616,35.95784812425046,2.56,6.19,0.0,0.0,0.7,0.4,1.0
823292,2026,2026-06-06,mlb,SDP,NYM,39.95208039441178,44.13496149211463,6.19,3.21,0.0,0.0,0.1,0.6,1.0
825075,2026,2026-06-06,mlb,ARI,WSN,40.826578178179695,34.519895280554,2.5,5.21,0.0,0.0,0.4,0.5,0.0
824506,2026,2026-06-14,mlb,CIN,ARI,37.42971480330227,40.826578178179695,4.15,6.34,0.0,0.0,0.3,0.3,0.0
823615,2026,2026-06-14,mlb,NYM,ATL,44.13496149211463,38.84710898652087,5.11,3.95,0.0,0.0,0.5,0.6,1.0
824099,2026,2026-06-14,mlb,KCR,HOU,37.56754839015402,38.34791246492824,4.5,4.81,0.0,0.0,0.5,0.6,1.0
823934,2026,2026-06-21,mlb,LAD,BAL,44.479785357282616,32.680558253621186,5.29,3.5,0.0,0.0,0.6,0.5,0.0
823123,2026,2026-06-21,mlb,SEA,BOS,48.17227508833325,40.85080185053196,3.36,3.09,0.0,0.0,0.3,0.4,1.0
823449,2026,2026-06-21,mlb,PHI,NYM,46.07852610677368,44.13496149211463,3.4,5.17,0.0,0.0,0.5,0.5,1.0
824664,2026,2026-08-06,mlb,CHC,TOR,46.04348923947511,43.134335054091295,3.78,2.37,0.0,0.0,0.7,0.6,
824261,2026,2026-06-22,mlb,DET,NYY,41.930332091578485,48.53709649627505,4.35,3.19,0.0,0.0,0.5,0.6,1.0
822964,2026,2026-06-22,mlb,TBR,KCR,39.481233720516585,37.56754839015402,2.95,3.49,0.0,0.0,0.4,0.4,0.0
823851,2026,2026-06-22,mlb,MIA,TEX,35.446382737010744,36.02502306287485,3.59,3.47,0.0,0.0,0.7,0.4,0.0
822720,2026,2026-06-22,mlb,WSN,PHI,34.519895280554,46.07852610677368,3.19,3.34,0.0,0.0,0.5,0.6,1.0
822800,2026,2026-06-22,mlb,TOR,HOU,43.134335054091295,38.34791246492824,2.37,3.51,1.0,0.0,0.6,0.6,1.0
824502,2026,2026-06-22,mlb,CIN,MIL,37.42971480330227,40.99706517824004,4.72,2.98,0.0,0.0,0.5,0.5,0.0
823692,2026,2026-06-22,mlb,MIN,LAD,34.49429336383309,44.479785357282616,4.86,3.67,0.0,0.0,0.7,0.6,0.0
824585,2026,2026-06-22,mlb,CHW,CLE,32.93310700606492,35.133293372400495,4.09,3.98,0.0,0.0,0.4,0.4,1.0
823040,2026,2026-06-22,mlb,STL,ARI,35.44000594157538,40.826578178179695,3.57,5.35,0.0,0.0,0.4,0.5,1.0
824344,2026,2026-06-22,mlb,COL,BOS,32.21076176814514,40.85080185053196,6.08,3.49,0.0,0.0,0.4,0.4,1.0
824016,2026,2026-06-22,mlb,LAA,BAL,35.95784812425046,32.680558253621186,5.08,4.03,0.0,0.0,0.5,0.5,0.0
824987,2026,2026-06-21,mlb,ATH,LAA,41.83351239972274,35.95784812425046,6.68,3.62,0.0,0.0,0.6,0.5,0.0
823288,2026,2026-06-22,mlb,SDP,ATL,39.95208039441178,38.84710898652087,3.23,3.64,0.0,0.0,0.5,0.3,1.0
825067,2026,2026-06-21,mlb,ARI,MIN,40.826578178179695,34.49429336383309,5.6,4.72,0.0,0.0,0.5,0.7,0.0
822883,2026,2026-06-21,mlb,TEX,SDP,36.02502306287485,39.95208039441178,4.21,3.38,0.0,0.0,0.4,0.5,1.0
824909,2026,2026-06-20,mlb,ATL,MIL,38.84710898652087,40.99706517824004,2.07,2.79,0.0,0.0,0.4,0.5,1.0
824180,2026,2026-06-20,mlb,HOU,CLE,38.34791246492824,35.133293372400495,4.81,3.7,0.0,0.0,0.6,0.3,0.0
823447,2026,2026-06-20,mlb,PHI,NYM,46.07852610677368,44.13496149211463,2.62,5.11,1.0,1.0,0.5,0.5,1.0
824342,2026,2026-06-20,mlb,COL,PIT,32.21076176814514,33.19030182341987,4.96,3.79,0.0,0.0,0.5,0.4,1.0
824988,2026,2026-06-20,mlb,ATH,LAA,41.83351239972274,35.95784812425046,3.71,2.94,0.0,0.0,0.7,0.5,0.0
823937,2026,2026-06-20,mlb,LAD,BAL,44.479785357282616,32.680558253621186,2.56,4.38,0.0,0.0,0.7,0.4,0.0
823126,2026,2026-06-20,mlb,SEA,BOS,48.17227508833325,40.85080185053196,3.37,3.44,0.0,0.0,0.4,0.3,0.0
825068,2026,2026-06-20,mlb,ARI,MIN,40.826578178179695,34.49429336383309,6.34,3.97,0.0,0.0,0.5,0.6,0.0
823531,2026,2026-06-21,mlb,NYY,CIN,48.53709649627505,37.42971480330227,4.7,2.77,0.0,0.0,0.7,0.5,0.0
824908,2026,2026-06-21,mlb,ATL,MIL,38.84710898652087,40.99706517824004,3.95,4.59,0.0,0.0,0.4,0.4,0.0
822968,2026,2026-06-21,mlb,TBR,WSN,39.481233720516585,34.519895280554,2.93,3.72,0.0,0.0,0.4,0.6,1.0
824260,2026,2026-06-21,mlb,DET,CHW,41.930332091578485,32.93310700606492,3.3,4.32,0.0,0.0,0.5,0.5,1.0
823852,2026,2026-06-21,mlb,MIA,SFG,35.446382737010744,40.864388309944545,3.98,3.72,0.0,0.0,0.7,0.4,1.0
824177,2026,2026-06-21,mlb,HOU,CLE,38.34791246492824,35.133293372400495,4.22,5.07,0.0,0.0,0.5,0.4,1.0
824095,2026,2026-06-21,mlb,KCR,STL,37.56754839015402,35.44000594157538,4.5,4.56,1.0,1.0,0.4,0.4,0.0
824343,2026,2026-06-21,mlb,COL,PIT,32.21076176814514,33.19030182341987,7.08,4.76,0.0,0.0,0.5,0.4,0.0
822799,2026,2026-06-23,mlb,TOR,HOU,43.134335054091295,38.34791246492824,4.37,3.66,0.0,0.0,0.6,0.6,0.0
823365,2026,2026-06-23,mlb,PIT,SEA,33.19030182341987,48.17227508833325,5.29,4.02,1.0,1.0,0.4,0.4,0.0
822965,2026,2026-06-24,mlb,TBR,KCR,39.481233720516585,37.56754839015402,3.63,3.98,0.0,0.0,0.3,0.6,1.0
824259,2026,2026-06-24,mlb,DET,NYY,41.930332091578485,48.53709649627505,2.91,3.6,0.0,0.0,0.5,0.6,0.0
822719,2026,2026-06-24,mlb,WSN,PHI,34.519895280554,46.07852610677368,7.71,5.03,0.0,0.0,0.6,0.6,0.0
822798,2026,2026-06-24,mlb,TOR,HOU,43.134335054091295,38.34791246492824,3.65,5.99,0.0,0.0,0.6,0.6,0.0
824500,2026,2026-06-24,mlb,CIN,MIL,37.42971480330227,40.99706517824004,5.13,3.84,0.0,0.0,0.5,0.6,0.0
823691,2026,2026-06-24,mlb,MIN,LAD,34.49429336383309,44.479785357282616,3.65,1.79,0.0,0.0,0.6,0.7,0.0
823041,2026,2026-06-24,mlb,STL,ARI,35.44000594157538,40.826578178179695,5.44,4.54,0.0,0.0,0.5,0.5,0.0
823284,2026,2026-06-24,mlb,SDP,ATL,39.95208039441178,38.84710898652087,4.68,3.12,0.0,0.0,0.6,0.3,1.0
823208,2026,2026-06-24,mlb,SFG,ATH,40.864388309944545,41.83351239972274,4.41,4.69,0.0,0.0,0.5,0.4,1.0
822961,2026,2026-06-25,mlb,TBR,KCR,39.481233720516585,37.56754839015402,3.84,4.61,0.0,0.0,0.4,0.6,1.0
823366,2026,2026-06-25,mlb,PIT,SEA,33.19030182341987,48.17227508833325,4.26,4.12,0.0,0.0,0.5,0.4,1.0
823209,2026,2026-06-25,mlb,SFG,ATH,40.864388309944545,41.83351239972274,4.34,6.08,0.0,0.0,0.5,0.3,0.0
824258,2026,2026-06-25,mlb,DET,HOU,41.930332091578485,38.34791246492824,1.86,5.32,0.0,0.0,0.5,0.6,0.0
822717,2026,2026-06-25,mlb,WSN,PHI,34.519895280554,46.07852610677368,3.21,2.62,0.0,0.0,0.5,0.6,0.0
822797,2026,2026-06-25,mlb,TOR,TEX,43.134335054091295,36.02502306287485,4.37,4.4,0.0,0.0,0.5,0.4,0.0
823367,2026,2026-06-24,mlb,PIT,SEA,33.19030182341987,48.17227508833325,3.59,4.36,0.0,0.0,0.4,0.5,1.0
824018,2026,2026-06-24,mlb,LAA,BAL,35.95784812425046,32.680558253621186,3.43,7.36,0.0,0.0,0.4,0.4,1.0
824341,2026,2026-06-24,mlb,COL,BOS,32.21076176814514,40.85080185053196,6.37,3.35,0.0,0.0,0.5,0.4,1.0
824583,2026,2026-06-24,mlb,CHW,CLE,32.93310700606492,35.133293372400495,4.18,3.97,0.0,0.0,0.4,0.4,0.0
822963,2026,2026-06-23,mlb,TBR,KCR,39.481233720516585,37.56754839015402,3.1,5.53,0.0,0.0,0.3,0.5,0.0
823849,2026,2026-06-23,mlb,MIA,TEX,35.446382737010744,36.02502306287485,3.38,2.9,0.0,0.0,0.6,0.4,1.0
824262,2026,2026-06-23,mlb,DET,NYY,41.930332091578485,48.53709649627505,3.44,3.15,0.0,0.0,0.6,0.5,0.0
822718,2026,2026-06-23,mlb,WSN,PHI,34.519895280554,46.07852610677368,2.7,3.09,0.0,0.0,0.6,0.5,0.0
823614,2026,2026-06-23,mlb,NYM,CHC,44.13496149211463,46.04348923947511,7.79,5.68,1.0,2.0,0.5,0.6,0.0
824501,2026,2026-06-23,mlb,CIN,MIL,37.42971480330227,40.99706517824004,5.24,5.27,0.0,0.0,0.5,0.6,0.0
823690,2026,2026-06-23,mlb,MIN,LAD,34.49429336383309,44.479785357282616,3.34,3.56,0.0,0.0,0.7,0.6,0.0
823854,2026,2026-06-20,mlb,MIA,SFG,35.446382737010744,40.864388309944545,2.68,5.12,0.0,0.0,0.7,0.5,1.0
824584,2026,2026-06-23,mlb,CHW,CLE,32.93310700606492,35.133293372400495,3.32,2.5,0.0,0.0,0.4,0.4,1.0
824340,2026,2026-06-23,mlb,COL,BOS,32.21076176814514,40.85080185053196,8.87,2.82,0.0,0.0,0.5,0.4,0.0
824017,2026,2026-06-23,mlb,LAA,BAL,35.95784812425046,32.680558253621186,5.75,4.04,0.0,0.0,0.4,0.5,1.0
823286,2026,2026-06-23,mlb,SDP,ATL,39.95208039441178,38.84710898652087,3.38,4.5,0.0,0.0,0.5,0.3,1.0
823210,2026,2026-06-23,mlb,SFG,ATH,40.864388309944545,41.83351239972274,3.21,4.66,1.0,1.0,0.4,0.5,1.0
823850,2026,2026-06-24,mlb,MIA,TEX,35.446382737010744,36.02502306287485,3.17,4.21,0.0,0.0,0.6,0.4,1.0
823613,2026,2026-06-24,mlb,NYM,CHC,44.13496149211463,46.04348923947511,3.21,3.46,0.0,0.0,0.4,0.7,0.0
823611,2026,2026-06-24,mlb,NYM,CHC,44.13496149211463,46.04348923947511,4.55,3.78,0.0,0.0,0.3,0.7,0.0
823043,2026,2026-06-23,mlb,STL,ARI,35.44000594157538,40.826578178179695,3.13,2.5,0.0,0.0,0.5,0.5,0.0
825079,2026,2026-06-02,mlb,ARI,LAD,40.826578178179695,44.479785357282616,3.4,4.78,0.0,0.0,0.6,0.7,0.0
822967,2026,2026-06-20,mlb,TBR,WSN,39.481233720516585,34.519895280554,4.21,3.21,0.0,0.0,0.5,0.6,0.0
824665,2026,2026-06-20,mlb,CHC,TOR,46.04348923947511,43.134335054091295,4.55,5.51,0.0,0.0,0.6,0.5,0.0
822723,2026,2026-06-16,mlb,WSN,KCR,34.519895280554,37.56754839015402,3.19,3.49,0.0,0.0,0.7,0.4,1.0
824750,2026,2026-06-16,mlb,BOS,TOR,40.85080185053196,43.134335054091295,3.09,2.37,1.0,1.0,0.4,0.5,0.0
823535,2026,2026-06-16,mlb,NYY,CHW,48.53709649627505,32.93310700606492,3.19,4.32,1.0,1.0,0.7,0.6,1.0
824504,2026,2026-06-16,mlb,CIN,NYM,37.42971480330227,44.13496149211463,4.72,7.79,0.0,0.0,0.3,0.5,1.0
823775,2026,2026-06-16,mlb,MIL,CLE,40.99706517824004,35.133293372400495,4.59,5.07,1.0,2.0,0.6,0.4,1.0
823045,2026,2026-06-16,mlb,STL,SDP,35.44000594157538,39.95208039441178,3.57,3.23,0.0,0.0,0.7,0.5,1.0
824667,2026,2026-06-16,mlb,CHC,COL,46.04348923947511,32.21076176814514,5.68,6.08,0.0,0.0,0.5,0.3,0.0
822888,2026,2026-06-16,mlb,TEX,MIN,36.02502306287485,34.49429336383309,4.41,4.86,0.0,0.0,0.5,0.5,0.0
824182,2026,2026-06-16,mlb,HOU,DET,38.34791246492824,41.930332091578485,3.51,4.35,0.0,0.0,0.5,0.6,1.0
825070,2026,2026-06-16,mlb,ARI,LAA,40.826578178179695,35.95784812425046,5.35,3.62,0.0,0.0,0.4,0.5,0.0
824991,2026,2026-06-16,mlb,ATH,PIT,41.83351239972274,33.19030182341987,6.68,5.29,0.0,0.0,0.6,0.2,0.0
823128,2026,2026-06-16,mlb,SEA,BAL,48.17227508833325,32.680558253621186,3.36,3.5,1.0,1.0,0.4,0.4,1.0
823939,2026,2026-06-16,mlb,LAD,TBR,44.479785357282616,39.481233720516585,3.56,2.95,0.0,0.0,0.6,0.5,1.0
824503,2026,2026-06-17,mlb,CIN,NYM,37.42971480330227,44.13496149211463,5.24,3.21,0.0,0.0,0.4,0.4,0.0
823451,2026,2026-06-16,mlb,PHI,MIA,46.07852610677368,35.446382737010744,3.09,3.59,0.0,0.0,0.6,0.7,1.0
822721,2026,2026-06-17,mlb,WSN,KCR,34.519895280554,37.56754839015402,5.21,5.53,0.0,0.0,0.7,0.4,0.0
823938,2026,2026-06-15,mlb,LAD,TBR,44.479785357282616,39.481233720516585,4.78,2.93,0.0,0.0,0.5,0.5,1.0
825071,2026,2026-06-15,mlb,ARI,LAA,40.826578178179695,35.95784812425046,4.97,2.94,0.0,0.0,0.4,0.6,1.0
823693,2026,2026-06-14,mlb,MIN,STL,34.49429336383309,35.44000594157538,3.97,3.86,0.0,0.0,0.3,0.7,1.0
824586,2026,2026-06-14,mlb,CHW,LAD,32.93310700606492,44.479785357282616,3.27,5.29,0.0,0.0,0.5,0.6,1.0
823777,2026,2026-06-14,mlb,MIL,PHI,40.99706517824004,46.07852610677368,2.79,2.62,0.0,0.0,0.5,0.7,1.0
824994,2026,2026-06-14,mlb,ATH,COL,41.83351239972274,32.21076176814514,6.08,4.96,0.0,0.0,0.6,0.3,0.0
823212,2026,2026-06-14,mlb,SFG,CHC,40.864388309944545,46.04348923947511,3.72,2.82,0.0,0.0,0.5,0.5,1.0
824021,2026,2026-06-14,mlb,LAA,TBR,35.95784812425046,39.481233720516585,6.03,3.84,0.0,0.0,0.6,0.4,0.0
824751,2026,2026-06-14,mlb,BOS,TEX,40.85080185053196,36.02502306287485,3.44,4.21,0.0,0.0,0.4,0.5,0.0
824424,2026,2026-09-04,mlb,CLE,DET,35.133293372400495,41.930332091578485,3.98,3.44,8.0,8.0,0.8,0.2,
823452,2026,2026-06-15,mlb,PHI,MIA,46.07852610677368,35.446382737010744,3.4,3.98,0.0,0.0,0.6,0.8,1.0
822724,2026,2026-06-15,mlb,WSN,KCR,34.519895280554,37.56754839015402,3.72,21.21,0.0,0.0,0.6,0.5,1.0
824505,2026,2026-06-15,mlb,CIN,NYM,37.42971480330227,44.13496149211463,2.77,6.26,0.0,0.0,0.2,0.6,1.0
823046,2026,2026-06-15,mlb,STL,SDP,35.44000594157538,39.95208039441178,4.56,3.38,0.0,0.0,0.7,0.5,1.0
824666,2026,2026-06-15,mlb,CHC,COL,46.04348923947511,32.21076176814514,3.78,7.08,0.0,0.0,0.5,0.3,1.0
822887,2026,2026-06-15,mlb,TEX,MIN,36.02502306287485,34.49429336383309,4.4,4.72,0.0,0.0,0.5,0.4,0.0
824181,2026,2026-06-15,mlb,HOU,DET,38.34791246492824,41.930332091578485,4.22,4.09,0.0,1.0,0.5,0.6,0.0
824993,2026,2026-06-15,mlb,ATH,PIT,41.83351239972274,33.19030182341987,3.71,4.76,0.0,0.0,0.5,0.3,1.0
823450,2026,2026-06-17,mlb,PHI,MIA,46.07852610677368,35.446382737010744,6.04,3.38,0.0,0.0,0.6,0.7,0.0
824912,2026,2026-06-16,mlb,ATL,SFG,38.84710898652087,40.864388309944545,3.64,4.02,1.0,1.0,0.5,0.5,0.0
824178,2026,2026-06-17,mlb,HOU,DET,38.34791246492824,41.930332091578485,3.66,3.44,0.0,0.0,0.5,0.5,1.0
824264,2026,2026-06-19,mlb,DET,CHW,41.930332091578485,32.93310700606492,2.91,6.29,1.0,0.0,0.4,0.6,1.0
823534,2026,2026-06-19,mlb,NYY,CIN,48.53709649627505,37.42971480330227,2.16,5.13,0.0,1.0,0.8,0.4,1.0
822966,2026,2026-06-19,mlb,TBR,WSN,39.481233720516585,34.519895280554,3.63,2.7,1.0,1.0,0.4,0.6,1.0
823853,2026,2026-06-19,mlb,MIA,SFG,35.446382737010744,40.864388309944545,3.7,4.34,1.0,1.0,0.7,0.5,1.0
824910,2026,2026-06-19,mlb,ATL,MIL,38.84710898652087,40.99706517824004,3.12,1.73,1.0,0.0,0.4,0.6,1.0
822886,2026,2026-06-19,mlb,TEX,SDP,36.02502306287485,39.95208039441178,4.21,4.02,0.0,1.0,0.4,0.5,1.0
824179,2026,2026-06-19,mlb,HOU,CLE,38.34791246492824,35.133293372400495,5.32,3.97,1.0,0.0,0.5,0.4,1.0
824097,2026,2026-06-19,mlb,KCR,STL,37.56754839015402,35.44000594157538,4.61,3.86,0.0,0.0,0.4,0.5,1.0
824345,2026,2026-06-19,mlb,COL,PIT,32.21076176814514,33.19030182341987,6.37,4.26,1.0,1.0,0.4,0.4,1.0
824990,2026,2026-06-19,mlb,ATH,LAA,41.83351239972274,35.95784812425046,6.08,3.43,0.0,0.0,0.6,0.5,1.0
825069,2026,2026-06-19,mlb,ARI,MIN,40.826578178179695,34.49429336383309,3.4,5.55,1.0,0.0,0.5,0.6,1.0
823936,2026,2026-06-19,mlb,LAD,BAL,44.479785357282616,32.680558253621186,4.6,7.36,1.0,0.0,0.6,0.4,1.0
823124,2026,2026-06-19,mlb,SEA,BOS,48.17227508833325,40.85080185053196,4.12,3.35,0.0,0.0,0.5,0.2,0.0
824263,2026,2026-06-20,mlb,DET,CHW,41.930332091578485,32.93310700606492,1.86,2.28,0.0,0.0,0.5,0.5,1.0
823532,2026,2026-06-20,mlb,NYY,CIN,48.53709649627505,37.42971480330227,4.39,4.15,0.0,0.0,0.8,0.4,0.0
824663,2026,2026-06-19,mlb,CHC,TOR,46.04348923947511,43.134335054091295,1.85,4.37,1.0,0.0,0.5,0.6,1.0
824911,2026,2026-08-31,mlb,ATL,SFG,38.84710898652087,40.864388309944545,3.12,4.34,3.0,4.0,0.4444444444444444,0.3,
824989,2026,2026-06-18,mlb,ATH,LAA,41.83351239972274,35.95784812425046,4.69,5.75,0.0,0.0,0.6,0.6,1.0
824098,2026,2026-06-18,mlb,KCR,STL,37.56754839015402,35.44000594157538,3.98,5.44,0.0,0.0,0.4,0.6,1.0
823044,2026,2026-06-17,mlb,STL,SDP,35.44000594157538,39.95208039441178,3.13,1.95,0.0,0.0,0.7,0.5,0.0
823940,2026,2026-06-17,mlb,LAD,TBR,44.479785357282616,39.481233720516585,1.79,3.1,0.0,0.0,0.6,0.4,1.0
825072,2026,2026-06-17,mlb,ARI,LAA,40.826578178179695,35.95784812425046,2.5,5.08,0.0,0.0,0.4,0.6,1.0
824746,2026,2026-06-17,mlb,BOS,TOR,40.85080185053196,43.134335054091295,3.49,3.36,0.0,0.0,0.3,0.5,0.0
823536,2026,2026-06-17,mlb,NYY,CHW,48.53709649627505,32.93310700606492,3.15,4.09,0.0,0.0,0.8,0.6,1.0
824913,2026,2026-06-17,mlb,ATL,SFG,38.84710898652087,40.864388309944545,4.5,6.49,0.0,0.0,0.4,0.5,0.0
823774,2026,2026-06-17,mlb,MIL,CLE,40.99706517824004,35.133293372400495,5.27,3.98,0.0,0.0,0.7,0.3,1.0
822885,2026,2026-06-20,mlb,TEX,SDP,36.02502306287485,39.95208039441178,4.4,4.63,0.0,0.0,0.4,0.5,0.0
824668,2026,2026-06-17,mlb,CHC,COL,46.04348923947511,32.21076176814514,3.46,8.87,0.0,0.0,0.5,0.4,1.0
823127,2026,2026-06-17,mlb,SEA,BAL,48.17227508833325,32.680558253621186,4.02,4.03,0.0,0.0,0.5,0.3,0.0
824748,2026,2026-06-18,mlb,BOS,TOR,40.85080185053196,43.134335054091295,2.82,3.65,0.0,0.0,0.3,0.6,0.0
823772,2026,2026-06-18,mlb,MIL,CLE,40.99706517824004,35.133293372400495,3.84,2.5,0.0,0.0,0.7,0.3,0.0
822889,2026,2026-06-18,mlb,TEX,MIN,36.02502306287485,34.49429336383309,5.29,3.65,1.0,1.0,0.4,0.5,0.0
823125,2026,2026-06-18,mlb,SEA,BAL,48.17227508833325,32.680558253621186,4.36,4.04,0.0,0.0,0.4,0.4,1.0
823448,2026,2026-06-18,mlb,PHI,NYM,46.07852610677368,44.13496149211463,5.03,4.55,0.0,0.0,0.6,0.5,0.0
823533,2026,2026-06-18,mlb,NYY,CHW,48.53709649627505,32.93310700606492,3.6,3.27,0.0,0.0,0.8,0.5,0.0
824992,2026,2026-06-17,mlb,ATH,PIT,41.83351239972274,33.19030182341987,4.66,3.59,0.0,0.0,0.6,0.3,0.0
824026,2026,2026-06-02,mlb,LAA,COL,35.95784812425046,32.21076176814514,6.03,4.96,0.0,0.0,0.6,0.4,0.0
824189,2026,2026-06-02,mlb,HOU,PIT,38.34791246492824,33.19030182341987,5.99,4.26,1.0,1.0,0.7,0.6,0.0
824675,2026,2026-06-02,mlb,CHC,ATH,46.04348923947511,41.83351239972274,5.68,4.69,1.0,1.0,0.3,0.3,0.0
823867,2026,2026-05-18,mlb,MIA,ATL,35.446382737010744,38.84710898652087,2.68,4.5,0.0,0.0,0.5,0.6,1.0
822734,2026,2026-05-18,mlb,WSN,NYM,34.519895280554,44.13496149211463,5.62,3.73,0.0,0.0,0.6,0.6666666666666666,0.0
823549,2026,2026-05-18,mlb,NYY,TOR,48.53709649627505,43.134335054091295,3.6,5.51,0.0,0.0,0.3,0.5,1.0
824114,2026,2026-05-18,mlb,KCR,BOS,37.56754839015402,40.85080185053196,4.61,2.82,0.0,0.0,0.3,0.4,0.0
823705,2026,2026-05-18,mlb,MIN,HOU,34.49429336383309,38.34791246492824,3.34,5.32,0.0,0.0,0.5,0.4,1.0
824680,2026,2026-05-18,mlb,CHC,MIL,46.04348923947511,40.99706517824004,3.78,5.27,0.0,0.0,0.4,0.8,0.0
824357,2026,2026-05-18,mlb,COL,TEX,32.21076176814514,36.02502306287485,5.27,4.4,0.0,0.0,0.3333333333333333,0.5,1.0
824035,2026,2026-05-18,mlb,LAA,ATH,35.95784812425046,41.83351239972274,2.94,3.71,0.0,0.0,0.2,0.5,1.0
823301,2026,2026-05-18,mlb,SDP,LAD,39.95208039441178,44.479785357282616,3.23,2.56,0.0,0.0,0.6,0.6,1.0
825087,2026,2026-05-18,mlb,ARI,SFG,40.826578178179695,40.864388309944545,6.34,3.21,0.0,0.0,0.5,0.6,1.0
823137,2026,2026-05-18,mlb,SEA,CHW,48.17227508833325,32.93310700606492,4.36,6.06,0.0,0.0,0.4,0.7,1.0
823865,2026,2026-05-19,mlb,MIA,ATL,35.446382737010744,38.84710898652087,14.54,3.12,0.0,0.0,0.5,0.6,0.0
824276,2026,2026-05-19,mlb,DET,CLE,41.930332091578485,35.133293372400495,3.3,2.5,0.0,0.0,0.2,0.7,0.0
822979,2026,2026-05-19,mlb,TBR,BAL,39.481233720516585,32.680558253621186,3.63,4.03,0.0,0.0,0.7,0.4,1.0
823464,2026,2026-05-19,mlb,PHI,CIN,46.07852610677368,37.42971480330227,3.09,2.77,0.0,0.0,0.8,0.4,0.0
823465,2026,2026-05-18,mlb,PHI,CIN,46.07852610677368,37.42971480330227,6.04,5.24,0.0,0.0,0.7,0.4,1.0
822736,2026,2026-05-19,mlb,WSN,NYM,34.519895280554,44.13496149211463,3.19,3.21,0.0,0.0,0.5,0.7,1.0
822980,2026,2026-05-18,mlb,TBR,BAL,39.481233720516585,32.680558253621186,3.1,4.38,0.0,0.0,0.7,0.4,1.0
823138,2026,2026-05-17,mlb,SEA,SDP,48.17227508833325,39.95208039441178,4.02,5.16,0.0,0.0,0.5,0.6,0.0
825007,2026,2026-05-16,mlb,ATH,SFG,41.83351239972274,40.864388309944545,4.16,5.12,0.0,0.0,0.5,0.4,0.0
822982,2026,2026-05-17,mlb,TBR,MIA,39.481233720516585,35.446382737010744,2.95,3.17,0.0,0.0,0.7,0.5,1.0
822738,2026,2026-05-17,mlb,WSN,BAL,34.519895280554,32.680558253621186,3.86,3.5,0.0,0.0,0.7,0.4,0.0
823381,2026,2026-05-17,mlb,PIT,PHI,33.19030182341987,46.07852610677368,3.79,3.4,0.0,0.0,0.5,0.7,0.0
824923,2026,2026-05-17,mlb,ATL,BOS,38.84710898652087,40.85080185053196,3.64,4.68,0.0,0.0,0.6,0.5,1.0
824436,2026,2026-05-17,mlb,CLE,CIN,35.133293372400495,37.42971480330227,3.98,4.72,0.0,0.0,0.7,0.4,1.0
824279,2026,2026-05-17,mlb,DET,TOR,41.930332091578485,43.134335054091295,4.59,4.37,0.0,0.0,0.2,0.4,0.0
823628,2026,2026-05-17,mlb,NYM,NYY,44.13496149211463,48.53709649627505,5.11,4.7,0.0,0.0,0.6666666666666666,0.3,1.0
824192,2026,2026-05-17,mlb,HOU,TEX,38.34791246492824,36.02502306287485,3.66,4.21,0.0,0.0,0.4,0.5,0.0
824599,2026,2026-05-17,mlb,CHW,CHC,32.93310700606492,46.04348923947511,4.18,4.55,0.0,0.0,0.6,0.5,1.0
823708,2026,2026-05-17,mlb,MIN,MIL,34.49429336383309,40.99706517824004,4.49,4.59,0.0,0.0,0.4,0.8,1.0
823058,2026,2026-05-17,mlb,STL,KCR,35.44000594157538,37.56754839015402,3.57,4.5,0.0,0.0,0.6,0.2,0.0
824358,2026,2026-05-17,mlb,COL,ARI,32.21076176814514,40.826578178179695,7.08,3.4,0.0,0.0,0.3333333333333333,0.4,0.0
825006,2026,2026-05-17,mlb,ATH,SFG,41.83351239972274,40.864388309944545,6.08,4.02,0.0,0.0,0.5,0.5,0.0
824034,2026,2026-05-17,mlb,LAA,LAD,35.95784812425046,44.479785357282616,6.03,4.6,0.0,0.0,0.3,0.6,0.0
824277,2026,2026-05-18,mlb,DET,CLE,41.930332091578485,35.133293372400495,4.35,5.07,0.0,0.0,0.2,0.7,0.0
823548,2026,2026-05-19,mlb,NYY,TOR,48.53709649627505,43.134335054091295,4.39,2.37,0.0,0.0,0.3,0.5,1.0
824112,2026,2026-05-19,mlb,KCR,BOS,37.56754839015402,40.85080185053196,13.97,3.35,0.0,0.0,0.3,0.4,0.0
823704,2026,2026-05-19,mlb,MIN,HOU,34.49429336383309,38.34791246492824,4.86,9.33,0.0,0.0,0.6,0.3,0.0
823299,2026,2026-05-20,mlb,SDP,LAD,39.95208039441178,44.479785357282616,4.02,1.79,0.0,0.0,0.7,0.6,0.0
824032,2026,2026-05-20,mlb,LAA,ATH,35.95784812425046,41.83351239972274,6.19,4.66,0.0,0.0,0.2,0.4,0.0
824274,2026,2026-05-21,mlb,DET,CLE,41.930332091578485,35.133293372400495,3.44,3.7,0.0,0.0,0.2,0.8,0.0
823056,2026,2026-05-21,mlb,STL,PIT,35.44000594157538,33.19030182341987,4.56,3.59,0.0,0.0,0.5,0.4,0.0
822733,2026,2026-05-21,mlb,WSN,NYM,34.519895280554,44.13496149211463,3.21,5.17,0.0,0.0,0.6,0.6,0.0
823864,2026,2026-05-21,mlb,MIA,ATL,35.446382737010744,38.84710898652087,3.38,5.31,0.0,0.0,0.4,0.7,0.0
823545,2026,2026-05-21,mlb,NYY,TOR,48.53709649627505,43.134335054091295,3.15,3.36,0.0,0.0,0.4,0.4,0.0
824031,2026,2026-05-21,mlb,LAA,ATH,35.95784812425046,41.83351239972274,3.43,4.16,0.0,0.0,0.2,0.4,0.0
825083,2026,2026-05-21,mlb,ARI,COL,40.826578178179695,32.21076176814514,2.5,5.68,0.0,0.0,0.7,0.3,1.0
824679,2026,2026-05-22,mlb,CHC,HOU,46.04348923947511,38.34791246492824,5.68,4.81,1.0,1.0,0.2,0.4,0.0
823461,2026,2026-05-22,mlb,PHI,CLE,46.07852610677368,35.133293372400495,2.62,3.98,1.0,0.0,0.7,0.9,0.0
823546,2026,2026-05-22,mlb,NYY,TBR,48.53709649627505,39.481233720516585,3.19,2.93,0.0,1.0,0.4,0.8,0.0
822816,2026,2026-05-22,mlb,TOR,PIT,43.134335054091295,33.19030182341987,4.37,4.26,0.0,0.0,0.5,0.4,1.0
824761,2026,2026-05-22,mlb,BOS,MIN,40.85080185053196,34.49429336383309,3.09,5.55,1.0,1.0,0.5,0.6,0.0
823863,2026,2026-05-22,mlb,MIA,NYM,35.446382737010744,44.13496149211463,3.17,6.26,0.0,0.0,0.3,0.7,1.0
823057,2026,2026-05-20,mlb,STL,PIT,35.44000594157538,33.19030182341987,3.86,4.17,0.0,0.0,0.6,0.3,0.0
824678,2026,2026-05-20,mlb,CHC,MIL,46.04348923947511,40.99706517824004,5.68,2.79,0.0,0.0,0.2,0.8,0.0
824111,2026,2026-05-20,mlb,KCR,BOS,37.56754839015402,40.85080185053196,3.49,3.44,0.0,0.0,0.2,0.5,0.0
823547,2026,2026-05-20,mlb,NYY,TOR,48.53709649627505,43.134335054091295,2.16,3.65,0.0,0.0,0.4,0.4,0.0
824677,2026,2026-05-19,mlb,CHC,MIL,46.04348923947511,40.99706517824004,1.85,1.73,0.0,0.0,0.3,0.8,0.0
823059,2026,2026-05-19,mlb,STL,PIT,35.44000594157538,33.19030182341987,5.44,5.29,1.0,1.0,0.6,0.4,1.0
824356,2026,2026-05-19,mlb,COL,TEX,32.21076176814514,36.02502306287485,5.4,3.47,0.0,0.0,0.4,0.5,0.0
824033,2026,2026-05-19,mlb,LAA,ATH,35.95784812425046,41.83351239972274,3.62,4.98,0.0,0.0,0.2,0.4,0.0
823302,2026,2026-05-19,mlb,SDP,LAD,39.95208039441178,44.479785357282616,6.19,5.29,0.0,0.0,0.7,0.5,0.0
825086,2026,2026-05-19,mlb,ARI,SFG,40.826578178179695,40.864388309944545,4.97,4.34,0.0,0.0,0.6,0.5,1.0
823136,2026,2026-05-19,mlb,SEA,CHW,48.17227508833325,32.93310700606492,4.12,4.09,0.0,0.0,0.4,0.7,0.0
824038,2026,2026-05-16,mlb,LAA,LAD,35.95784812425046,44.479785357282616,3.43,3.56,0.0,0.0,0.3,0.5,0.0
823462,2026,2026-05-20,mlb,PHI,CIN,46.07852610677368,37.42971480330227,5.03,4.15,0.0,0.0,0.8,0.5,0.0
823703,2026,2026-05-20,mlb,MIN,HOU,34.49429336383309,38.34791246492824,3.65,5.99,0.0,0.0,0.6,0.4,1.0
824355,2026,2026-05-20,mlb,COL,TEX,32.21076176814514,36.02502306287485,6.37,5.29,0.0,0.0,0.3,0.6,0.0
825084,2026,2026-05-20,mlb,ARI,SFG,40.826578178179695,40.864388309944545,5.35,4.41,0.0,0.0,0.7,0.5,1.0
823134,2026,2026-05-20,mlb,SEA,CHW,48.17227508833325,32.93310700606492,3.37,3.32,0.0,0.0,0.4,0.8,1.0
824273,2026,2026-05-20,mlb,DET,CLE,41.930332091578485,35.133293372400495,,3.97,0.0,0.0,0.2,0.7,0.0
823866,2026,2026-05-20,mlb,MIA,ATL,35.446382737010744,38.84710898652087,4.21,2.07,0.0,0.0,0.5,0.7,0.0
822735,2026,2026-05-20,mlb,WSN,NYM,34.519895280554,44.13496149211463,5.21,2.88,0.0,0.0,0.5,0.6,1.0
822977,2026,2026-05-20,mlb,TBR,BAL,39.481233720516585,32.680558253621186,6.17,4.04,0.0,0.0,0.7,0.4,1.0
824842,2026,2026-05-22,mlb,BAL,DET,32.680558253621186,41.930332091578485,5.68,4.59,1.0,0.0,0.4,0.1,1.0
823627,2026,2026-05-16,mlb,NYM,NYY,44.13496149211463,48.53709649627505,3.16,3.15,0.0,0.0,0.6666666666666666,0.4,1.0
823139,2026,2026-05-16,mlb,SEA,SDP,48.17227508833325,39.95208039441178,3.36,4.63,0.0,0.0,0.5,0.6,0.0
824197,2026,2026-05-12,mlb,HOU,SEA,38.34791246492824,48.17227508833325,5.32,4.36,0.0,0.0,0.4,0.4,0.0
825011,2026,2026-05-12,mlb,ATH,STL,41.83351239972274,35.44000594157538,6.08,3.57,1.0,1.0,0.5,0.6,0.0
823951,2026,2026-05-12,mlb,LAD,SFG,44.479785357282616,40.864388309944545,2.56,4.02,0.0,0.0,0.4,0.4,0.0
824841,2026,2026-05-13,mlb,BAL,NYY,32.680558253621186,48.53709649627505,4.03,2.81,0.0,0.0,0.4,0.5,1.0
824438,2026,2026-05-13,mlb,CLE,LAA,35.133293372400495,35.95784812425046,2.5,3.62,0.0,0.0,0.5,0.4,1.0
824519,2026,2026-05-13,mlb,CIN,WSN,37.42971480330227,34.519895280554,5.24,5.62,0.0,0.0,0.2,0.5,0.0
823386,2026,2026-05-13,mlb,PIT,COL,33.19030182341987,32.21076176814514,5.29,5.27,0.0,0.0,0.7,0.1111111111111111,0.0
824763,2026,2026-05-13,mlb,BOS,PHI,40.85080185053196,46.07852610677368,2.82,6.04,0.0,0.0,0.5,0.7,1.0
822815,2026,2026-05-13,mlb,TOR,TBR,43.134335054091295,39.481233720516585,2.37,3.63,0.0,0.0,0.3,0.9,1.0
823631,2026,2026-05-13,mlb,NYM,DET,44.13496149211463,41.930332091578485,3.73,4.35,0.0,0.0,0.6666666666666666,0.3,1.0
824928,2026,2026-05-13,mlb,ATL,CHC,38.84710898652087,46.04348923947511,4.5,3.78,0.0,0.0,0.7,0.7,1.0
824603,2026,2026-05-13,mlb,CHW,KCR,32.93310700606492,37.56754839015402,6.06,4.61,0.0,0.0,0.6,0.6,1.0
823710,2026,2026-05-13,mlb,MIN,MIA,34.49429336383309,35.446382737010744,6.68,2.68,0.0,0.0,0.5,0.4,0.0
823791,2026,2026-05-13,mlb,MIL,SDP,40.99706517824004,39.95208039441178,1.73,3.23,0.0,0.0,0.8,0.5,0.0
822900,2026,2026-05-13,mlb,TEX,ARI,36.02502306287485,40.826578178179695,4.41,4.97,0.0,0.0,0.4,0.4,1.0
822903,2026,2026-05-12,mlb,TEX,ARI,36.02502306287485,40.826578178179695,4.4,6.34,0.0,0.0,0.4,0.4,1.0
824195,2026,2026-05-13,mlb,HOU,SEA,38.34791246492824,48.17227508833325,6.55,4.12,0.0,0.0,0.4,0.5,1.0
823790,2026,2026-05-12,mlb,MIL,SDP,40.99706517824004,39.95208039441178,5.27,1.95,1.0,1.0,0.7,0.5,1.0
824604,2026,2026-05-12,mlb,CHW,KCR,32.93310700606492,37.56754839015402,4.18,4.5,1.0,1.0,0.6,0.7,1.0
824113,2026,2026-05-10,mlb,KCR,DET,37.56754839015402,41.930332091578485,3.98,5.06,0.0,0.0,0.7,0.3,0.0
824441,2026,2026-05-11,mlb,CLE,LAA,35.133293372400495,35.95784812425046,3.7,3.7,0.0,0.0,0.5,0.4,1.0
824844,2026,2026-05-11,mlb,BAL,NYY,32.680558253621186,48.53709649627505,3.5,3.6,0.0,0.0,0.3,0.6,1.0
822818,2026,2026-05-11,mlb,TOR,TBR,43.134335054091295,39.481233720516585,4.37,2.95,0.0,0.0,0.4,0.8,0.0
822901,2026,2026-05-11,mlb,TEX,ARI,36.02502306287485,40.826578178179695,2.84,3.4,0.0,0.0,0.5,0.3,0.0
824199,2026,2026-05-11,mlb,HOU,SEA,38.34791246492824,48.17227508833325,3.66,4.02,0.0,0.0,0.5,0.4,0.0
823953,2026,2026-05-11,mlb,LAD,SFG,44.479785357282616,40.864388309944545,4.6,5.12,0.0,0.0,0.4,0.3,0.0
824442,2026,2026-05-12,mlb,CLE,LAA,35.133293372400495,35.95784812425046,5.07,2.94,0.0,0.0,0.5,0.4,1.0
824843,2026,2026-05-12,mlb,BAL,NYY,32.680558253621186,48.53709649627505,4.38,4.39,0.0,0.0,0.4,0.5,0.0
824521,2026,2026-05-12,mlb,CIN,WSN,37.42971480330227,34.519895280554,4.72,5.82,1.0,1.0,0.2,0.5,0.0
823385,2026,2026-05-12,mlb,PIT,COL,33.19030182341987,32.21076176814514,3.79,7.08,1.0,1.0,0.6,0.1111111111111111,1.0
824764,2026,2026-05-12,mlb,BOS,PHI,40.85080185053196,46.07852610677368,2.89,3.4,1.0,1.0,0.5,0.7,0.0
822817,2026,2026-05-12,mlb,TOR,TBR,43.134335054091295,39.481233720516585,5.51,3.1,0.0,0.0,0.4,0.9,0.0
823632,2026,2026-05-12,mlb,NYM,DET,44.13496149211463,41.930332091578485,5.11,4.59,1.0,1.0,0.5555555555555556,0.4,1.0
824927,2026,2026-05-12,mlb,ATL,CHC,38.84710898652087,46.04348923947511,3.64,4.55,1.0,1.0,0.6,0.8,1.0
823712,2026,2026-05-12,mlb,MIN,MIA,34.49429336383309,35.446382737010744,4.49,3.17,1.0,1.0,0.5,0.4,1.0
825010,2026,2026-05-13,mlb,ATH,STL,41.83351239972274,35.44000594157538,3.71,5.44,0.0,0.0,0.4,0.6,1.0
823952,2026,2026-05-13,mlb,LAD,SFG,44.479785357282616,40.864388309944545,1.79,3.21,0.0,0.0,0.4,0.5,1.0
823383,2026,2026-05-14,mlb,PIT,COL,33.19030182341987,32.21076176814514,3.19,3.89,0.0,0.0,0.6,0.2222222222222222,1.0
823061,2026,2026-05-15,mlb,STL,KCR,35.44000594157538,37.56754839015402,4.56,3.49,0.0,0.0,0.5,0.4,1.0
824360,2026,2026-05-15,mlb,COL,ARI,32.21076176814514,40.826578178179695,6.37,5.35,0.0,1.0,0.2222222222222222,0.4,0.0
824037,2026,2026-05-15,mlb,LAA,LAD,35.95784812425046,44.479785357282616,6.19,3.67,1.0,0.0,0.3,0.5,0.0
823140,2026,2026-05-15,mlb,SEA,SDP,48.17227508833325,39.95208039441178,3.37,4.02,0.0,0.0,0.6,0.5,0.0
825009,2026,2026-05-15,mlb,ATH,SFG,41.83351239972274,40.864388309944545,4.66,4.41,0.0,0.0,0.5,0.5,1.0
824278,2026,2026-05-16,mlb,DET,TOR,41.930332091578485,43.134335054091295,3.44,3.52,0.0,0.0,0.2,0.3,0.0
823060,2026,2026-05-16,mlb,STL,KCR,35.44000594157538,37.56754839015402,3.13,3.98,0.0,0.0,0.6,0.3,1.0
824359,2026,2026-05-16,mlb,COL,ARI,32.21076176814514,40.826578178179695,4.96,2.5,0.0,0.0,0.2222222222222222,0.5,1.0
822737,2026,2026-05-16,mlb,WSN,BAL,34.519895280554,32.680558253621186,3.21,4.74,0.0,0.0,0.6,0.5,1.0
823382,2026,2026-05-16,mlb,PIT,PHI,33.19030182341987,46.07852610677368,4.26,2.62,0.0,0.0,0.5,0.7,0.0
822981,2026,2026-05-16,mlb,TBR,MIA,39.481233720516585,35.446382737010744,2.93,3.38,0.0,0.0,0.8,0.4,0.0
824435,2026,2026-05-16,mlb,CLE,CIN,35.133293372400495,37.42971480330227,3.7,6.79,0.0,0.0,0.6,0.4,1.0
824193,2026,2026-05-16,mlb,HOU,TEX,38.34791246492824,36.02502306287485,4.22,4.21,0.0,0.0,0.4,0.5,1.0
824600,2026,2026-05-16,mlb,CHW,CHC,32.93310700606492,46.04348923947511,4.32,5.68,0.0,0.0,0.6,0.6,1.0
823706,2026,2026-05-16,mlb,MIN,MIL,34.49429336383309,40.99706517824004,5.55,2.6,0.0,0.0,0.5,0.7,0.0
824194,2026,2026-05-15,mlb,HOU,TEX,38.34791246492824,36.02502306287485,4.81,5.29,0.0,1.0,0.3,0.5,1.0
824601,2026,2026-05-15,mlb,CHW,CHC,32.93310700606492,46.04348923947511,3.32,5.68,0.0,0.0,0.6,0.6,0.0
823629,2026,2026-05-15,mlb,NYM,NYY,44.13496149211463,48.53709649627505,2.26,2.16,0.0,1.0,0.7777777777777778,0.4,0.0
824925,2026,2026-05-15,mlb,ATL,BOS,38.84710898652087,40.85080185053196,5.31,3.44,0.0,0.0,0.6,0.5,1.0
824517,2026,2026-05-14,mlb,CIN,WSN,37.42971480330227,34.519895280554,2.77,3.19,0.0,0.0,0.2,0.6,1.0
823630,2026,2026-05-14,mlb,NYM,DET,44.13496149211463,41.930332091578485,3.21,3.3,0.0,0.0,0.6666666666666666,0.3,1.0
823709,2026,2026-05-14,mlb,MIN,MIA,34.49429336383309,35.446382737010744,4.86,14.54,0.0,0.0,0.5,0.4,1.0
823789,2026,2026-05-14,mlb,MIL,SDP,40.99706517824004,39.95208039441178,2.79,6.19,0.0,0.0,0.7,0.6,1.0
824196,2026,2026-05-14,mlb,HOU,SEA,38.34791246492824,48.17227508833325,5.99,5.19,0.0,0.0,0.4,0.5,0.0
825008,2026,2026-05-14,mlb,ATH,STL,41.83351239972274,35.44000594157538,4.98,3.86,0.0,0.0,0.5,0.5,0.0
824762,2026,2026-05-14,mlb,BOS,PHI,40.85080185053196,46.07852610677368,3.35,3.09,0.0,0.0,0.5,0.7,0.0
824924,2026,2026-05-16,mlb,ATL,BOS,38.84710898652087,40.85080185053196,3.95,3.09,0.0,0.0,0.6,0.5,0.0
824926,2026,2026-05-14,mlb,ATL,CHC,38.84710898652087,46.04348923947511,2.07,1.85,0.0,0.0,0.7,0.6,0.0
823950,2026,2026-05-14,mlb,LAD,SFG,44.479785357282616,40.864388309944545,5.29,4.34,0.0,0.0,0.5,0.5,1.0
823384,2026,2026-05-15,mlb,PIT,PHI,33.19030182341987,46.07852610677368,3.59,5.03,0.0,0.0,0.6,0.7,0.0
822739,2026,2026-05-15,mlb,WSN,BAL,34.519895280554,32.680558253621186,5.21,4.04,0.0,1.0,0.6,0.5,1.0
824280,2026,2026-05-15,mlb,DET,TOR,41.930332091578485,43.134335054091295,5.06,3.65,0.0,1.0,0.2,0.3,1.0
824439,2026,2026-05-15,mlb,CLE,CIN,35.133293372400495,37.42971480330227,3.97,4.15,1.0,0.0,0.6,0.3,0.0
822983,2026,2026-05-15,mlb,TBR,MIA,39.481233720516585,35.446382737010744,4.21,4.21,1.0,0.0,0.8,0.4,1.0
823707,2026,2026-05-15,mlb,MIN,MIL,34.49429336383309,40.99706517824004,3.65,5.3,0.0,0.0,0.6,0.7,0.0
824602,2026,2026-05-14,mlb,CHW,KCR,32.93310700606492,37.56754839015402,4.09,4.11,0.0,0.0,0.6,0.5,1.0
824747,2026,2026-06-25,mlb,BOS,NYY,40.85080185053196,48.53709649627505,3.44,2.16,0.0,0.0,0.3,0.6,1.0
824922,2026,2026-05-22,mlb,ATL,WSN,38.84710898652087,34.519895280554,3.95,3.86,0.0,0.0,0.7,0.6,1.0
823788,2026,2026-05-22,mlb,MIL,LAD,40.99706517824004,44.479785357282616,2.6,3.56,1.0,1.0,0.8,0.7,1.0
824191,2026,2026-05-29,mlb,HOU,MIL,38.34791246492824,40.99706517824004,4.22,5.3,0.0,1.0,0.7,0.7,0.0
824353,2026,2026-05-29,mlb,COL,SFG,32.21076176814514,40.864388309944545,7.08,3.72,1.0,1.0,0.2,0.3,1.0
825002,2026,2026-05-29,mlb,ATH,NYY,41.83351239972274,48.53709649627505,4.16,3.15,1.0,1.0,0.4,0.6,0.0
823135,2026,2026-05-29,mlb,SEA,ARI,48.17227508833325,40.826578178179695,4.02,6.34,1.0,1.0,0.6,0.9,1.0
823946,2026,2026-05-29,mlb,LAD,PHI,44.479785357282616,46.07852610677368,3.56,3.4,1.0,1.0,0.8,0.6,1.0
824593,2026,2026-05-30,mlb,CHW,DET,32.93310700606492,41.930332091578485,4.09,4.35,0.0,0.0,0.6,0.2,1.0
822731,2026,2026-05-30,mlb,WSN,SDP,34.519895280554,39.95208039441178,3.19,3.23,0.0,0.0,0.6,0.4,1.0
822893,2026,2026-05-30,mlb,TEX,KCR,36.02502306287485,37.56754839015402,4.41,4.61,0.0,0.0,0.4,0.2,1.0
824833,2026,2026-05-30,mlb,BAL,TOR,32.680558253621186,43.134335054091295,3.5,3.65,0.0,0.0,0.5,0.8,1.0
823375,2026,2026-05-30,mlb,PIT,MIN,33.19030182341987,34.49429336383309,5.29,4.49,0.0,0.0,0.6,0.5,1.0
824431,2026,2026-05-30,mlb,CLE,BOS,35.133293372400495,40.85080185053196,2.5,2.82,0.0,0.0,0.7,0.4,0.0
822975,2026,2026-05-30,mlb,TBR,LAA,39.481233720516585,35.95784812425046,2.95,3.62,0.0,0.0,0.6,0.5,0.0
823622,2026,2026-05-30,mlb,NYM,MIA,44.13496149211463,35.446382737010744,3.73,3.59,0.0,0.0,0.3,0.4,1.0
824190,2026,2026-05-30,mlb,HOU,MIL,38.34791246492824,40.99706517824004,3.66,5.27,0.0,0.0,0.7,0.8,1.0
823054,2026,2026-05-30,mlb,STL,CHC,35.44000594157538,46.04348923947511,3.13,1.85,0.0,0.0,0.3,0.2,0.0
822894,2026,2026-05-29,mlb,TEX,KCR,36.02502306287485,37.56754839015402,4.4,4.5,0.0,1.0,0.3,0.3,1.0
824513,2026,2026-05-30,mlb,CIN,ATL,37.42971480330227,38.84710898652087,4.72,3.12,0.0,0.0,0.5,0.7,0.0
824594,2026,2026-05-29,mlb,CHW,DET,32.93310700606492,41.930332091578485,4.18,1.86,0.0,0.0,0.5,0.2,1.0
823623,2026,2026-05-29,mlb,NYM,MIA,44.13496149211463,35.446382737010744,5.11,2.68,1.0,1.0,0.3,0.5,1.0
824104,2026,2026-05-27,mlb,KCR,NYY,37.56754839015402,48.53709649627505,3.98,3.19,0.0,0.0,0.3,0.5,0.0
822897,2026,2026-05-27,mlb,TEX,HOU,36.02502306287485,38.34791246492824,4.21,5.99,0.0,0.0,0.4,0.6,0.0
823947,2026,2026-05-27,mlb,LAD,COL,44.479785357282616,32.21076176814514,1.79,4.96,0.0,0.0,0.8,0.2,1.0
824272,2026,2026-05-28,mlb,DET,LAA,41.930332091578485,35.95784812425046,4.59,6.03,0.0,0.0,0.2,0.5,0.0
824595,2026,2026-05-28,mlb,CHW,MIN,32.93310700606492,34.49429336383309,4.32,6.68,0.0,0.0,0.5,0.7,1.0
824757,2026,2026-05-28,mlb,BOS,ATL,40.85080185053196,38.84710898652087,3.09,2.07,0.0,0.0,0.5,0.6,0.0
824834,2026,2026-05-28,mlb,BAL,TOR,32.680558253621186,43.134335054091295,4.74,5.51,0.0,0.0,0.6,0.6,0.0
823378,2026,2026-05-28,mlb,PIT,CHC,33.19030182341987,46.04348923947511,3.79,4.55,0.0,0.0,0.5,0.1,0.0
822896,2026,2026-05-28,mlb,TEX,HOU,36.02502306287485,38.34791246492824,4.21,4.81,0.0,0.0,0.4,0.6,0.0
824515,2026,2026-05-29,mlb,CIN,ATL,37.42971480330227,38.84710898652087,6.79,3.64,1.0,0.0,0.5,0.6,0.0
822732,2026,2026-05-29,mlb,WSN,SDP,34.519895280554,39.95208039441178,6.4,5.16,1.0,1.0,0.6,0.4,0.0
823377,2026,2026-05-29,mlb,PIT,MIN,33.19030182341987,34.49429336383309,4.76,3.97,0.0,0.0,0.5,0.6,1.0
824835,2026,2026-05-29,mlb,BAL,TOR,32.680558253621186,43.134335054091295,4.38,4.91,0.0,0.0,0.5,0.7,0.0
824433,2026,2026-05-29,mlb,CLE,BOS,35.133293372400495,40.85080185053196,5.07,2.66,1.0,0.0,0.7,0.4,1.0
822978,2026,2026-05-29,mlb,TBR,LAA,39.481233720516585,35.95784812425046,2.93,2.94,1.0,0.0,0.5,0.6,1.0
823055,2026,2026-05-29,mlb,STL,CHC,35.44000594157538,46.04348923947511,3.57,3.78,1.0,0.0,0.3,0.2,1.0
824352,2026,2026-05-30,mlb,COL,SFG,32.21076176814514,40.864388309944545,6.08,4.02,0.0,0.0,0.2,0.2,1.0
825000,2026,2026-05-30,mlb,ATH,NYY,41.83351239972274,48.53709649627505,3.71,3.6,0.0,0.0,0.4,0.7,1.0
823132,2026,2026-05-30,mlb,SEA,ARI,48.17227508833325,40.826578178179695,4.36,4.97,0.0,0.0,0.7,0.8,1.0
823781,2026,2026-06-01,mlb,MIL,SFG,40.99706517824004,40.864388309944545,3.84,4.34,0.0,0.0,0.7,0.3,1.0
823050,2026,2026-06-01,mlb,STL,TEX,35.44000594157538,36.02502306287485,3.86,4.21,0.0,0.0,0.3,0.4,0.0
824027,2026,2026-06-01,mlb,LAA,COL,35.95784812425046,32.21076176814514,3.43,6.37,0.0,0.0,0.6,0.3,0.0
825078,2026,2026-06-01,mlb,ARI,LAD,40.826578178179695,44.479785357282616,2.5,5.29,0.0,0.0,0.6,0.8,1.0
823131,2026,2026-06-01,mlb,SEA,NYM,48.17227508833325,44.13496149211463,3.37,4.5,0.0,0.0,0.8,0.5,1.0
822971,2026,2026-06-02,mlb,TBR,DET,39.481233720516585,41.930332091578485,6.17,4.59,0.0,0.0,0.4,0.3,0.0
823460,2026,2026-06-02,mlb,PHI,SDP,46.07852610677368,39.95208039441178,5.03,4.02,1.0,1.0,0.5,0.3,1.0
824754,2026,2026-06-02,mlb,BOS,BAL,40.85080185053196,32.680558253621186,3.44,4.04,1.0,1.0,0.4,0.7,0.0
822728,2026,2026-06-02,mlb,WSN,MIA,34.519895280554,35.446382737010744,3.86,3.7,0.0,0.0,0.6,0.5,0.0
823541,2026,2026-06-02,mlb,NYY,CLE,48.53709649627505,35.133293372400495,2.16,3.7,1.0,1.0,0.6,0.5,0.0
824511,2026,2026-06-02,mlb,CIN,KCR,37.42971480330227,37.56754839015402,4.15,3.98,0.0,0.0,0.5,0.3,1.0
824918,2026,2026-06-02,mlb,ATL,TOR,38.84710898652087,43.134335054091295,3.95,4.37,1.0,1.0,0.6,0.6,1.0
823700,2026,2026-06-02,mlb,MIN,CHW,34.49429336383309,32.93310700606492,5.55,4.32,0.0,0.0,0.4,0.6,1.0
823782,2026,2026-06-02,mlb,MIL,SFG,40.99706517824004,40.864388309944545,2.79,5.12,0.0,0.0,0.7,0.3,1.0
823052,2026,2026-06-02,mlb,STL,TEX,35.44000594157538,36.02502306287485,4.56,4.21,0.0,0.0,0.3,0.5,0.0
823702,2026,2026-06-01,mlb,MIN,CHW,34.49429336383309,32.93310700606492,3.65,6.93,0.0,0.0,0.4,0.7,1.0
824510,2026,2026-06-01,mlb,CIN,KCR,37.42971480330227,37.56754839015402,13.5,5.53,0.0,0.0,0.6,0.2,0.0
822730,2026,2026-06-01,mlb,WSN,MIA,34.519895280554,35.446382737010744,3.21,3.38,0.0,0.0,0.6,0.4,0.0
822974,2026,2026-06-01,mlb,TBR,DET,39.481233720516585,41.930332091578485,3.63,3.46,0.0,0.0,0.5,0.2,0.0
823945,2026,2026-05-30,mlb,LAD,PHI,44.479785357282616,46.07852610677368,4.6,3.09,0.0,0.0,0.8,0.5,0.0
824832,2026,2026-05-31,mlb,BAL,TOR,32.680558253621186,43.134335054091295,4.03,2.95,0.0,0.0,0.6,0.7,1.0
822729,2026,2026-05-31,mlb,WSN,SDP,34.519895280554,39.95208039441178,5.21,6.19,0.0,0.0,0.6,0.3,1.0
823373,2026,2026-05-31,mlb,PIT,MIN,33.19030182341987,34.49429336383309,3.59,4.86,0.0,0.0,0.6,0.5,1.0
824430,2026,2026-05-31,mlb,CLE,BOS,35.133293372400495,40.85080185053196,3.97,3.35,0.0,0.0,0.6,0.4,0.0
822976,2026,2026-05-31,mlb,TBR,LAA,39.481233720516585,35.95784812425046,3.1,6.19,0.0,0.0,0.5,0.6,1.0
824512,2026,2026-05-31,mlb,CIN,ATL,37.42971480330227,38.84710898652087,5.24,5.31,0.0,0.0,0.5,0.7,1.0
824596,2026,2026-05-27,mlb,CHW,MIN,32.93310700606492,34.49429336383309,6.93,5.55,0.0,0.0,0.5,0.7,1.0
823621,2026,2026-05-31,mlb,NYM,MIA,44.13496149211463,35.446382737010744,3.21,3.99,0.0,0.0,0.4,0.4,1.0
824187,2026,2026-05-31,mlb,HOU,MIL,38.34791246492824,40.99706517824004,5.32,1.73,0.0,0.0,0.7,0.7,0.0
822895,2026,2026-05-31,mlb,TEX,KCR,36.02502306287485,37.56754839015402,5.29,3.49,0.0,0.0,0.4,0.2,1.0
824354,2026,2026-05-31,mlb,COL,SFG,32.21076176814514,40.864388309944545,5.38,3.21,0.0,0.0,0.3,0.2,0.0
825001,2026,2026-05-31,mlb,ATH,NYY,41.83351239972274,48.53709649627505,4.98,4.39,0.0,0.0,0.4,0.6,0.0
823133,2026,2026-05-31,mlb,SEA,ARI,48.17227508833325,40.826578178179695,4.12,5.35,0.0,0.0,0.7,0.7,1.0
823944,2026,2026-05-31,mlb,LAD,PHI,44.479785357282616,46.07852610677368,2.56,6.04,0.0,0.0,0.8,0.5,1.0
823053,2026,2026-05-31,mlb,STL,CHC,35.44000594157538,46.04348923947511,5.44,10.45,0.0,0.0,0.3,0.3,1.0
824592,2026,2026-05-31,mlb,CHW,DET,32.93310700606492,41.930332091578485,3.32,3.3,0.0,0.0,0.6,0.2,1.0
824110,2026,2026-05-22,mlb,KCR,SEA,37.56754839015402,48.17227508833325,3.98,3.36,1.0,1.0,0.1,0.5,0.0
823626,2026,2026-05-27,mlb,NYM,CIN,44.13496149211463,37.42971480330227,3.16,4.15,0.0,0.0,0.3,0.6,1.0
823376,2026,2026-05-27,mlb,PIT,CHC,33.19030182341987,46.04348923947511,3.59,5.68,0.0,0.0,0.5,0.0,0.0
823543,2026,2026-09-22,mlb,NYY,TBR,48.53709649627505,39.481233720516585,3.6,2.95,23.0,26.0,0.7777777777777778,0.5,
822813,2026,2026-05-24,mlb,TOR,PIT,43.134335054091295,33.19030182341987,2.37,5.29,0.0,0.0,0.7,0.3,0.0
824839,2026,2026-05-24,mlb,BAL,DET,32.680558253621186,41.930332091578485,3.5,4.35,1.0,1.0,0.4,0.1,1.0
824840,2026,2026-05-24,mlb,BAL,DET,32.680558253621186,41.930332091578485,4.38,1.86,0.0,0.0,0.4,0.1,0.0
824759,2026,2026-05-24,mlb,BOS,MIN,40.85080185053196,34.49429336383309,2.82,4.49,0.0,0.0,0.5,0.6,0.0
823459,2026,2026-05-24,mlb,PHI,CLE,46.07852610677368,35.133293372400495,6.04,2.5,0.0,0.0,0.6,0.8,0.0
823544,2026,2026-05-24,mlb,NYY,TBR,48.53709649627505,39.481233720516585,3.6,2.95,1.0,1.0,0.4,0.8,1.0
823861,2026,2026-05-24,mlb,MIA,NYM,35.446382737010744,44.13496149211463,3.59,3.73,0.0,0.0,0.4,0.5,1.0
824108,2026,2026-05-24,mlb,KCR,SEA,37.56754839015402,48.17227508833325,4.61,4.36,0.0,0.0,0.2,0.4,1.0
823786,2026,2026-05-24,mlb,MIL,LAD,40.99706517824004,44.479785357282616,5.27,2.56,0.0,0.0,0.7,0.8,0.0
824676,2026,2026-05-24,mlb,CHC,HOU,46.04348923947511,38.34791246492824,3.78,3.66,0.0,0.0,0.2,0.6,0.0
823220,2026,2026-05-24,mlb,SFG,CHW,40.864388309944545,32.93310700606492,3.21,6.06,0.0,0.0,0.3,0.6,1.0
825081,2026,2026-05-24,mlb,ARI,COL,40.826578178179695,32.21076176814514,4.97,5.27,0.0,0.0,0.7,0.3,1.0
823297,2026,2026-05-24,mlb,SDP,ATH,39.95208039441178,41.83351239972274,3.23,3.64,0.0,0.0,0.7,0.4,0.0
825080,2026,2026-05-23,mlb,ARI,COL,40.826578178179695,32.21076176814514,6.34,7.08,0.0,0.0,0.6,0.4,1.0
824921,2026,2026-05-24,mlb,ATL,WSN,38.84710898652087,34.519895280554,3.12,3.19,0.0,0.0,0.6,0.5,0.0
824030,2026,2026-05-23,mlb,LAA,TEX,35.95784812425046,36.02502306287485,2.94,4.21,0.0,0.0,0.2,0.5,1.0
823787,2026,2026-05-23,mlb,MIL,LAD,40.99706517824004,44.479785357282616,4.59,4.6,0.0,0.0,0.8,0.7,0.0
824029,2026,2026-05-22,mlb,LAA,TEX,35.95784812425046,36.02502306287485,6.03,4.21,0.0,1.0,0.1,0.6,1.0
825082,2026,2026-05-22,mlb,ARI,COL,40.826578178179695,32.21076176814514,3.4,4.96,0.0,0.0,0.7,0.3,0.0
823298,2026,2026-05-22,mlb,SDP,ATH,39.95208039441178,41.83351239972274,4.63,6.08,1.0,0.0,0.6,0.5,1.0
823223,2026,2026-05-22,mlb,SFG,CHW,40.864388309944545,32.93310700606492,5.12,4.32,1.0,1.0,0.4,0.7,0.0
824518,2026,2026-05-23,mlb,CIN,STL,37.42971480330227,35.44000594157538,6.79,3.57,2.0,1.0,0.5,0.5,0.0
824516,2026,2026-05-23,mlb,CIN,STL,37.42971480330227,35.44000594157538,4.83,3.13,0.0,0.0,0.4,0.6,1.0
824674,2026,2026-05-23,mlb,CHC,HOU,46.04348923947511,38.34791246492824,4.55,4.22,0.0,0.0,0.2,0.5,0.0
822814,2026,2026-05-23,mlb,TOR,PIT,43.134335054091295,33.19030182341987,5.51,3.79,0.0,0.0,0.6,0.4,1.0
823458,2026,2026-05-23,mlb,PHI,CLE,46.07852610677368,35.133293372400495,3.4,5.07,0.0,0.0,0.6,0.9,1.0
823222,2026,2026-05-23,mlb,SFG,CHW,40.864388309944545,32.93310700606492,4.02,3.27,0.0,0.0,0.3,0.7,1.0
824109,2026,2026-05-23,mlb,KCR,SEA,37.56754839015402,48.17227508833325,4.5,4.02,0.0,0.0,0.1,0.5,1.0
824760,2026,2026-05-23,mlb,BOS,MIN,40.85080185053196,34.49429336383309,2.89,3.97,0.0,0.0,0.5,0.6,0.0
824920,2026,2026-05-23,mlb,ATL,WSN,38.84710898652087,34.519895280554,3.64,5.62,0.0,0.0,0.7,0.5,0.0
823862,2026,2026-05-23,mlb,MIA,NYM,35.446382737010744,44.13496149211463,2.68,5.11,0.0,0.0,0.4,0.6,1.0
823300,2026,2026-05-23,mlb,SDP,ATH,39.95208039441178,41.83351239972274,5.16,3.71,0.0,0.0,0.6,0.5,1.0
824028,2026,2026-05-24,mlb,LAA,TEX,35.95784812425046,36.02502306287485,3.62,4.4,0.0,0.0,0.3,0.5,1.0
824514,2026,2026-08-17,mlb,CIN,STL,37.42971480330227,35.44000594157538,4.72,6.0,0.0,0.0,0.4,0.6,
823380,2026,2026-05-25,mlb,PIT,CHC,33.19030182341987,46.04348923947511,4.17,1.85,0.0,0.0,0.4,0.2,1.0
824106,2026,2026-05-26,mlb,KCR,NYY,37.56754839015402,48.53709649627505,13.97,2.16,0.0,0.0,0.3,0.5,0.0
823785,2026,2026-05-26,mlb,MIL,STL,40.99706517824004,35.44000594157538,2.79,3.86,0.0,0.0,0.7,0.5,1.0
822898,2026,2026-05-26,mlb,TEX,HOU,36.02502306287485,38.34791246492824,5.29,9.33,0.0,0.0,0.3,0.7,1.0
825004,2026,2026-05-26,mlb,ATH,SEA,41.83351239972274,48.17227508833325,4.69,3.37,0.0,0.0,0.4,0.4,0.0
823294,2026,2026-05-26,mlb,SDP,PHI,39.95208039441178,46.07852610677368,4.02,5.03,0.0,0.0,0.6,0.6,0.0
823216,2026,2026-05-26,mlb,SFG,ARI,40.864388309944545,40.826578178179695,4.41,2.5,0.0,0.0,0.4,0.8,0.0
823949,2026,2026-05-26,mlb,LAD,COL,44.479785357282616,32.21076176814514,4.78,6.37,0.0,0.0,0.8,0.3,1.0
822809,2026,2026-05-27,mlb,TOR,MIA,43.134335054091295,35.446382737010744,4.37,3.17,0.0,0.0,0.6,0.5,1.0
824432,2026,2026-05-27,mlb,CLE,WSN,35.133293372400495,34.519895280554,3.98,2.7,0.0,0.0,0.7,0.6,1.0
823783,2026,2026-05-27,mlb,MIL,STL,40.99706517824004,35.44000594157538,3.34,4.56,0.0,0.0,0.7,0.4,1.0
825003,2026,2026-05-27,mlb,ATH,SEA,41.83351239972274,48.17227508833325,6.08,3.36,0.0,0.0,0.4,0.5,0.0
823217,2026,2026-05-27,mlb,SFG,ARI,40.864388309944545,40.826578178179695,5.12,3.4,0.0,0.0,0.4,0.9,0.0
823295,2026,2026-05-27,mlb,SDP,PHI,39.95208039441178,46.07852610677368,4.63,2.62,0.0,0.0,0.5,0.6,0.0
824836,2026,2026-05-27,mlb,BAL,TBR,32.680558253621186,39.481233720516585,7.36,6.17,0.0,0.0,0.5,0.6,1.0
824270,2026,2026-05-27,mlb,DET,LAA,41.930332091578485,35.95784812425046,3.44,3.43,0.0,0.0,0.1,0.5,1.0
824597,2026,2026-05-26,mlb,CHW,MIN,32.93310700606492,34.49429336383309,3.32,3.65,0.0,0.0,0.5,0.6,0.0
823624,2026,2026-05-26,mlb,NYM,CIN,44.13496149211463,37.42971480330227,5.17,2.77,0.0,0.0,0.4,0.6,0.0
822811,2026,2026-05-26,mlb,TOR,MIA,43.134335054091295,35.446382737010744,3.36,3.38,0.0,0.0,0.6,0.6,1.0
824758,2026,2026-05-26,mlb,BOS,ATL,40.85080185053196,38.84710898652087,3.35,5.31,1.0,1.0,0.4,0.6,0.0
824838,2026,2026-05-25,mlb,BAL,TBR,32.680558253621186,39.481233720516585,4.03,3.1,0.0,0.0,0.4,0.7,1.0
824598,2026,2026-05-25,mlb,CHW,MIN,32.93310700606492,34.49429336383309,4.09,4.86,0.0,0.0,0.5,0.7,1.0
823784,2026,2026-05-25,mlb,MIL,STL,40.99706517824004,35.44000594157538,1.73,5.44,0.0,1.0,0.7,0.5,1.0
824107,2026,2026-05-25,mlb,KCR,NYY,37.56754839015402,48.53709649627505,3.49,4.39,0.0,0.0,0.3,0.4,0.0
823625,2026,2026-05-25,mlb,NYM,CIN,44.13496149211463,37.42971480330227,3.21,5.24,0.0,1.0,0.4,0.5,0.0
823219,2026,2026-05-25,mlb,SFG,ARI,40.864388309944545,40.826578178179695,4.34,5.35,0.0,0.0,0.4,0.8,0.0
824437,2026,2026-05-25,mlb,CLE,WSN,35.133293372400495,34.519895280554,3.97,2.7,0.0,0.0,0.8,0.6,0.0
824756,2026,2026-05-27,mlb,BOS,ATL,40.85080185053196,38.84710898652087,3.44,3.95,0.0,0.0,0.4,0.6,1.0
823296,2026,2026-05-25,mlb,SDP,PHI,39.95208039441178,46.07852610677368,6.19,3.09,0.0,0.0,0.6,0.6,0.0
822812,2026,2026-05-25,mlb,TOR,MIA,43.134335054091295,35.446382737010744,3.65,4.21,0.0,0.0,0.6,0.5,0.0
823948,2026,2026-05-25,mlb,LAD,COL,44.479785357282616,32.21076176814514,5.29,5.38,0.0,0.0,0.8,0.3,1.0
825005,2026,2026-05-25,mlb,ATH,SEA,41.83351239972274,48.17227508833325,4.66,5.19,0.0,0.0,0.5,0.4,0.0
824434,2026,2026-05-26,mlb,CLE,WSN,35.133293372400495,34.519895280554,3.7,3.21,0.0,0.0,0.8,0.6,0.0
824837,2026,2026-05-26,mlb,BAL,TBR,32.680558253621186,39.481233720516585,4.04,3.63,0.0,0.0,0.4,0.6,1.0
824275,2026,2026-05-26,mlb,DET,LAA,41.930332091578485,35.95784812425046,3.3,6.19,1.0,1.0,0.2,0.4,0.0
823379,2026,2026-05-26,mlb,PIT,CHC,33.19030182341987,46.04348923947511,5.29,10.45,0.0,0.0,0.4,0.1,1.0
822899,2026,2026-05-25,mlb,TEX,HOU,36.02502306287485,38.34791246492824,4.41,5.32,0.0,0.0,0.4,0.6,0.0
823042,2026,2026-07-23,mlb,STL,ARI,35.44000594157538,40.826578178179695,3.86,6.34,0.0,0.0,0.4,0.8,
