player_id,player_name,team_id,team_name,season,age,gamesPlayed,gamesStarted,groundOuts,airOuts,runs,doubles,triples,homeRuns,strikeOuts,baseOnBalls,intentionalWalks,hits,hitByPitch,avg,atBats,obp,slg,ops,caughtStealing,stolenBases,stolenBasePercentage,caughtStealingPercentage,groundIntoDoublePlay,numberOfPitches,era,inningsPitched,wins,losses,saves,saveOpportunities,holds,blownSaves,earnedRuns,whip,battersFaced,outs,gamesPitched,completeGames,shutouts,strikes,strikePercentage,hitBatsmen,balks,wildPitches,pickoffs,totalBases,groundOutsToAirouts,winPercentage,pitchesPerInning,gamesFinished,strikeoutWalkRatio,strikeoutsPer9Inn,walksPer9Inn,hitsPer9Inn,runsScoredPer9,homeRunsPer9,inheritedRunners,inheritedRunnersScored,catchersInterference,sacBunts,sacFlies
681084,Tanner Andrews,141,Toronto Blue Jays,2026,30,2,0,3,4,0,0,0,0,1,2,0,1,0,.111,9,.273,.111,.384,0,0,.---,.---,1,43,0.00,3.0,0,0,0,0,0,0,0,1.00,11,9,2,0,0,22,.510,0,0,0,0,1,0.75,.---,14.33,2,0.50,3.00,6.00,3.00,0.00,0.00,0,0,0,0,0
621389,Ty Blach,112,Chicago Cubs,2026,35,1,0,4,2,0,0,0,0,2,0,0,1,0,.111,9,.111,.111,.222,0,0,.---,.---,0,30,0.00,3.0,0,0,0,0,0,0,0,0.33,9,9,1,0,0,22,.730,0,0,0,0,1,2.00,.---,10.00,1,-.--,6.00,0.00,3.00,0.00,0.00,0,0,0,0,0
682997,Tyler Callihan,134,Pittsburgh Pirates,2026,26,4,0,2,6,0,0,0,0,1,3,0,3,0,.250,12,.400,.250,.650,0,0,.---,.---,0,53,0.00,3.0,0,0,0,0,0,0,0,2.00,15,9,4,0,0,26,.490,0,0,0,0,3,0.33,.---,17.67,4,0.33,3.00,9.00,9.00,0.00,0.00,2,0,0,0,0
682769,Eiberson Castellano,115,Colorado Rockies,2026,25,1,0,3,2,0,1,0,0,2,0,0,4,1,.364,11,.417,.455,.872,0,0,.---,.---,1,35,0.00,3.0,0,0,1,1,0,0,0,1.33,12,9,1,0,0,24,.690,1,0,0,0,5,1.50,.---,11.67,1,-.--,6.00,0.00,12.00,0.00,0.00,0,0,0,0,0
694753,Khristian Curtis,134,Pittsburgh Pirates,2026,24,2,0,7,10,0,0,0,0,5,3,0,2,0,.083,24,.185,.083,.268,0,0,.---,.---,2,109,0.00,8.0,0,0,0,0,0,0,0,0.63,27,24,2,0,0,67,.610,0,0,1,0,2,0.70,.---,13.63,1,1.67,5.63,3.38,2.25,0.00,0.00,0,0,0,0,0
664744,Jose Espada,110,Baltimore Orioles,2026,29,1,0,1,1,0,0,0,0,0,0,0,2,0,.500,4,.500,.500,1.000,0,0,.---,.---,1,15,0.00,1.0,0,0,0,0,0,0,0,2.00,4,3,1,0,0,10,.670,0,0,0,0,2,1.00,.---,15.00,1,-.--,0.00,0.00,18.00,0.00,0.00,0,0,0,0,0
804668,Rafael Flores Jr.,134,Pittsburgh Pirates,2026,25,1,0,1,2,0,0,0,0,0,0,0,2,0,.400,5,.400,.400,.800,0,0,.---,.---,0,8,0.00,1.0,0,0,0,0,0,0,0,2.00,5,3,1,0,0,7,.880,0,0,0,0,2,0.50,.---,8.00,1,-.--,0.00,0.00,18.00,0.00,0.00,0,0,0,0,0
605242,Michael Fulmer,147,New York Yankees,2026,33,4,0,6,3,0,0,0,0,5,2,1,2,0,.125,16,.222,.125,.347,0,0,.---,.---,0,70,0.00,4.2,0,0,0,0,1,0,0,0.86,18,14,4,0,0,47,.670,0,0,0,0,2,2.00,.---,15.00,0,2.50,9.64,3.86,3.86,0.00,0.00,1,0,0,0,0
543238,Anthony Gose,118,Kansas City Royals,2026,35,1,0,1,2,0,0,0,0,0,0,0,0,0,.000,3,.000,.000,.000,0,0,.---,.---,0,12,0.00,1.0,0,0,0,0,0,0,0,0.00,3,3,1,0,0,7,.580,0,0,0,0,0,0.50,.---,12.00,1,-.--,0.00,0.00,0.00,0.00,0.00,0,0,0,0,0
664059,Sam Haggerty,140,Texas Rangers,2026,32,1,0,2,0,0,0,0,0,0,0,0,0,1,.000,2,.333,.000,.333,0,0,.---,.---,1,6,0.00,1.0,0,0,0,0,0,0,0,0.00,3,3,1,0,0,5,.830,1,0,0,0,0,2.00,.---,6.00,1,-.--,0.00,0.00,0.00,0.00,0.00,0,0,0,0,0
643361,Kevin Herget,121,New York Mets,2026,35,1,0,1,2,0,0,0,0,0,0,0,0,0,.000,3,.000,.000,.000,0,0,.---,.---,0,11,0.00,1.0,0,0,0,0,0,0,0,0.00,3,3,1,0,0,7,.640,0,0,0,0,0,0.50,.---,11.00,1,-.--,0.00,0.00,0.00,0.00,0.00,0,0,0,0,0
700327,Welinton Herrera,115,Colorado Rockies,2026,22,3,0,2,3,0,0,0,0,2,1,0,2,0,.222,9,.300,.222,.522,0,0,.---,.---,0,45,0.00,2.1,0,0,0,0,0,0,0,1.29,10,7,3,0,0,28,.620,0,0,0,0,2,0.67,.---,19.29,1,2.00,7.71,3.86,7.71,0.00,0.00,0,0,0,0,0
664731,P.J. Higgins,113,Cincinnati Reds,2026,33,1,0,0,2,0,0,0,0,1,0,0,0,0,.000,3,.000,.000,.000,0,0,.---,.---,0,10,0.00,1.0,0,0,0,0,0,0,0,0.00,3,3,1,0,0,7,.700,0,0,0,0,0,0.00,.---,10.00,1,-.--,9.00,0.00,0.00,0.00,0.00,0,0,0,0,0
687859,Troy Johnston,115,Colorado Rockies,2026,29,2,0,3,3,0,0,0,0,0,1,0,1,1,.143,7,.333,.143,.476,0,0,.---,.---,0,35,0.00,2.0,0,0,0,0,0,0,0,1.00,9,6,2,0,0,24,.690,1,0,0,0,1,1.00,.---,17.50,2,0.00,0.00,4.50,4.50,0.00,0.00,1,0,0,0,0
690829,Ben Joyce,108,Los Angeles Angels,2026,25,8,0,3,7,2,1,0,0,12,3,1,3,0,.120,25,.214,.160,.374,1,0,.000,1.000,0,110,0.00,7.2,0,1,3,4,1,1,0,0.78,28,23,8,0,0,71,.650,0,0,0,0,4,0.43,.000,14.35,4,4.00,14.09,3.52,3.52,2.35,0.00,0,0,0,0,0
681520,Antoine Kelly,112,Chicago Cubs,2026,26,1,0,2,0,0,0,0,0,1,1,0,0,0,.000,3,.250,.000,.250,0,0,.---,.---,1,18,0.00,1.1,0,0,0,0,0,0,0,0.75,4,4,1,0,0,10,.560,0,0,0,0,0,2.00,.---,13.50,1,1.00,6.75,6.75,0.00,0.00,0.00,2,0,0,0,0
678061,Ray Kerr,144,Atlanta Braves,2026,31,2,0,5,3,0,0,0,0,0,0,0,1,1,.125,8,.222,.125,.347,0,0,.---,.---,0,34,0.00,2.1,0,0,0,0,0,0,0,0.43,10,7,2,0,0,22,.650,1,0,0,0,1,1.67,.---,14.57,2,-.--,0.00,0.00,3.86,0.00,0.00,2,0,0,1,0
621139,Brooks Kriske,133,Athletics,2026,32,2,0,2,4,0,0,0,0,2,1,0,2,0,.200,10,.273,.200,.473,0,0,.---,.---,0,38,0.00,2.2,0,0,0,0,0,0,0,1.13,11,8,2,0,0,25,.660,0,0,0,0,2,0.50,.---,14.25,1,2.00,6.75,3.38,6.75,0.00,0.00,1,0,0,0,0
681320,Nate Lavender,121,New York Mets,2026,26,9,0,5,12,0,1,0,0,11,2,0,1,0,.034,29,.097,.069,.166,0,0,.---,.---,1,107,0.00,9.2,1,0,0,0,6,0,0,0.31,31,29,9,0,0,78,.730,0,0,0,0,2,0.42,1.000,11.07,0,5.50,10.24,1.86,0.93,0.00,0.00,7,0,0,0,0
679885,Justin Martinez,109,Arizona Diamondbacks,2026,24,3,0,3,3,0,0,0,0,2,2,0,1,1,.111,9,.333,.111,.444,1,0,.000,1.000,0,56,0.00,3.0,1,0,0,0,0,0,0,1.00,12,9,3,0,0,33,.590,1,0,1,0,1,1.00,1.000,18.67,2,1.00,6.00,6.00,3.00,0.00,0.00,0,0,0,0,0
624512,Reese McGuire,145,Chicago White Sox,2026,31,1,0,0,3,0,0,0,0,0,0,0,0,0,.000,3,.000,.000,.000,0,0,.---,.---,0,9,0.00,1.0,0,0,0,0,0,0,0,0.00,3,3,1,0,0,8,.890,0,0,0,0,0,0.00,.---,9.00,1,-.--,0.00,0.00,0.00,0.00,0.00,0,0,0,0,0
676694,Jake Meyers,117,Houston Astros,2026,30,1,0,3,0,0,0,0,0,0,0,0,0,0,.000,3,.000,.000,.000,0,0,.---,.---,0,9,0.00,1.0,0,0,0,0,0,0,0,0.00,3,3,1,0,0,5,.560,0,0,0,0,0,3.00,.---,9.00,1,-.--,0.00,0.00,0.00,0.00,0.00,0,0,0,0,0
668716,Noah Murdock,134,Pittsburgh Pirates,2026,27,3,0,3,2,0,0,0,0,4,3,0,3,0,.273,11,.400,.273,.673,0,0,.---,.---,1,64,0.00,3.1,0,0,0,0,0,0,0,1.80,15,10,3,0,0,38,.590,0,0,1,0,3,1.50,.---,19.20,1,1.33,10.80,8.10,8.10,0.00,0.00,6,3,0,0,1
681544,Wyatt Olds,111,Boston Red Sox,2026,26,5,0,6,5,3,0,0,0,6,3,0,4,0,.190,21,.292,.190,.482,0,4,1.000,.000,1,91,0.00,5.0,1,0,0,1,0,1,0,1.40,24,15,5,0,0,57,.630,0,0,1,0,4,1.20,1.000,18.20,4,2.00,10.80,5.40,7.20,5.40,0.00,2,0,0,0,0
663432,Tanner Rainey,116,Detroit Tigers,2026,33,5,0,3,9,0,0,0,0,6,6,0,1,0,.053,19,.280,.053,.333,2,0,.000,1.000,0,101,0.00,6.2,0,0,0,0,0,0,0,1.05,25,20,5,0,0,56,.550,0,0,2,0,1,0.33,.---,15.15,2,1.00,8.10,8.10,1.35,0.00,0.00,2,1,0,0,0
667652,Jack Ralston,146,Miami Marlins,2026,28,2,0,5,2,0,0,0,0,2,0,0,2,0,.182,11,.182,.182,.364,0,0,.---,.---,0,41,0.00,3.0,0,0,0,0,1,0,0,0.67,11,9,2,0,0,32,.780,0,0,0,0,2,2.50,.---,13.67,0,-.--,6.00,0.00,6.00,0.00,0.00,0,0,0,0,0
655889,Manuel Rodríguez,139,Tampa Bay Rays,2026,29,1,0,0,0,0,1,0,0,3,1,0,1,0,.250,4,.400,.500,.900,0,0,.---,.---,0,23,0.00,1.0,0,0,0,0,1,0,0,2.00,5,3,1,0,0,14,.610,0,0,0,0,2,-.--,.---,23.00,0,3.00,27.00,9.00,9.00,0.00,0.00,0,0,0,0,0
668670,Jake Rogers,116,Detroit Tigers,2026,31,3,0,2,2,0,1,0,0,3,1,0,3,1,.300,10,.417,.400,.817,0,0,.---,.---,0,43,0.00,2.1,0,0,0,0,0,0,0,1.71,12,7,3,0,0,23,.530,1,0,0,0,4,1.00,.---,18.43,3,3.00,11.57,3.86,11.57,0.00,0.00,3,0,0,0,0
668942,Josh Rojas,118,Kansas City Royals,2026,32,1,0,1,2,0,0,0,0,0,0,0,1,0,.250,4,.250,.250,.500,0,0,.---,.---,0,13,0.00,1.0,0,0,0,0,0,0,0,1.00,4,3,1,0,0,7,.540,0,0,0,0,1,0.50,.---,13.00,1,-.--,0.00,0.00,9.00,0.00,0.00,0,0,0,0,0
605441,Yacksel Ríos,112,Chicago Cubs,2026,33,1,0,1,2,0,0,0,0,2,0,0,0,0,.000,5,.000,.000,.000,0,0,.---,.---,0,13,0.00,1.2,0,0,0,0,0,0,0,0.00,5,5,1,0,0,10,.770,0,0,0,0,0,0.50,.---,7.80,1,-.--,10.80,0.00,0.00,0.00,0.00,0,0,0,0,0
680474,Max Schuemann,147,New York Yankees,2026,29,1,0,1,2,0,0,0,0,0,1,0,1,0,.250,4,.400,.250,.650,0,0,.---,.---,0,14,0.00,1.0,0,0,0,0,0,0,0,2.00,5,3,1,0,0,7,.500,0,0,0,0,1,0.50,.---,14.00,1,0.00,0.00,9.00,9.00,0.00,0.00,0,0,0,0,0
670097,Zack Short,121,New York Mets,2026,31,1,0,1,2,0,0,0,0,0,0,0,0,0,.000,3,.000,.000,.000,0,0,.---,.---,0,10,0.00,1.0,0,0,0,0,0,0,0,0.00,3,3,1,0,0,7,.700,0,0,0,0,0,0.50,.---,10.00,1,-.--,0.00,0.00,0.00,0.00,0.00,0,0,0,0,0
668831,Garrett Stallings,158,Milwaukee Brewers,2026,28,4,0,5,10,0,0,0,0,9,3,0,3,0,.111,27,.200,.111,.311,0,1,1.000,.000,0,122,0.00,8.0,0,0,0,0,0,0,0,0.75,30,24,4,0,0,76,.620,0,0,0,0,3,0.50,.---,15.25,3,3.00,10.13,3.38,3.38,0.00,0.00,1,1,0,0,0
596142,Gary Sánchez,158,Milwaukee Brewers,2026,33,2,0,4,2,0,0,0,0,0,0,0,4,0,.400,10,.400,.400,.800,0,0,.---,.---,0,33,0.00,2.0,0,0,0,0,0,0,0,2.00,10,6,2,0,0,20,.610,0,0,0,0,4,2.00,.---,16.50,2,-.--,0.00,0.00,18.00,0.00,0.00,0,0,0,0,0
680899,Erik Tolman,120,Washington Nationals,2026,27,3,0,3,2,0,0,0,0,2,2,0,2,0,.222,9,.364,.222,.586,0,0,.---,.---,1,48,0.00,2.2,0,0,0,0,1,0,0,1.50,11,8,3,0,0,29,.600,0,0,0,0,2,1.50,.---,18.00,0,1.00,6.75,6.75,6.75,0.00,0.00,0,0,0,0,0
663494,Bryan Torres,138,St. Louis Cardinals,2026,28,1,0,0,6,0,0,0,0,0,1,0,1,0,.143,7,.250,.143,.393,0,0,.---,.---,0,18,0.00,2.0,0,0,0,0,0,0,0,1.00,8,6,1,0,0,10,.560,0,0,0,0,1,0.00,.---,9.00,1,0.00,0.00,4.50,4.50,0.00,0.00,0,0,0,0,0
592826,Vince Velasquez,112,Chicago Cubs,2026,34,2,0,3,6,0,1,0,0,1,0,0,1,0,.091,11,.091,.182,.273,0,0,.---,.---,0,43,0.00,3.1,0,0,0,0,0,0,0,0.30,11,10,2,0,0,29,.670,0,0,1,0,2,0.50,.---,12.90,2,-.--,2.70,0.00,2.70,0.00,0.00,1,1,0,0,0
687721,Cameron Weston,110,Baltimore Orioles,2026,25,1,0,1,0,0,0,0,0,1,1,0,0,0,.000,2,.333,.000,.333,0,0,.---,.---,1,17,0.00,1.0,0,0,0,0,0,0,0,1.00,3,3,1,0,0,11,.650,0,0,0,0,0,1.00,.---,17.00,1,1.00,9.00,9.00,0.00,0.00,0.00,0,0,0,0,0
670871,Guillo Zuñiga,121,New York Mets,2026,27,1,0,0,2,0,0,0,0,1,1,0,0,0,.000,3,.250,.000,.250,0,0,.---,.---,0,18,0.00,1.0,0,0,0,0,0,0,0,1.00,4,3,1,0,0,11,.610,0,0,0,0,0,0.00,.---,18.00,0,1.00,9.00,9.00,0.00,0.00,0.00,0,0,0,0,0
666374,Matt Brash,136,Seattle Mariners,2026,28,20,0,16,16,2,2,0,0,15,6,1,8,3,.151,53,.270,.189,.459,1,0,.000,1.000,1,262,0.54,16.2,3,0,0,2,6,2,1,0.84,64,50,20,0,0,155,.590,3,0,1,0,10,1.00,1.000,15.72,1,2.50,8.10,3.24,4.32,1.08,0.00,8,2,0,1,1
663158,Robert Suarez,144,Atlanta Braves,2026,35,31,0,36,31,2,1,0,1,26,6,0,21,0,.184,114,.225,.219,.444,0,3,1.000,.000,4,466,0.56,32.0,4,0,4,5,12,1,2,0.84,121,96,31,0,0,308,.660,0,0,1,0,25,1.16,1.000,14.56,6,4.33,7.31,1.69,5.91,0.56,0.28,8,1,1,0,0
672629,Gerardo Carrillo,109,Arizona Diamondbacks,2026,27,9,0,14,11,2,3,0,0,18,10,1,8,0,.157,51,.295,.216,.511,0,2,1.000,.000,3,242,0.59,15.1,2,1,0,0,0,0,1,1.17,62,46,9,0,0,141,.580,0,0,1,0,11,1.27,.667,15.78,2,1.80,10.57,5.87,4.70,1.17,0.00,0,0,1,0,0
623352,Josh Hader,117,Houston Astros,2026,32,35,0,22,35,3,2,0,1,46,11,0,13,0,.112,116,.189,.155,.344,0,1,1.000,.000,0,509,0.79,34.1,4,1,19,19,0,0,3,0.70,127,103,35,0,0,353,.690,0,0,0,0,18,0.63,.800,14.83,28,4.18,12.06,2.88,3.41,0.79,0.26,3,0,0,0,0
696146,Hagen Smith,145,Chicago White Sox,2026,22,7,0,8,7,2,1,0,1,14,9,0,2,0,.065,31,.275,.194,.469,0,0,.---,.---,0,176,0.93,9.2,2,1,0,0,1,0,1,1.14,40,29,7,0,0,104,.590,0,0,1,0,6,1.14,.667,18.21,1,1.56,13.03,8.38,1.86,1.86,0.93,5,0,0,0,0
695243,Mason Miller,135,San Diego Padres,2026,27,54,0,34,30,8,2,0,1,102,20,1,26,2,.136,191,.224,.162,.386,1,7,.875,.125,2,921,0.96,56.1,4,2,32,33,0,1,6,0.82,214,169,54,0,0,600,.650,2,0,5,0,31,1.13,.667,16.35,47,5.10,16.30,3.20,4.15,1.28,0.16,12,3,0,0,1
650960,Daniel Duarte,121,New York Mets,2026,29,18,0,16,28,3,2,0,1,23,5,0,10,1,.130,77,.193,.195,.388,2,1,.333,.667,1,348,1.17,23.0,1,0,2,2,4,0,3,0.65,83,69,18,0,0,241,.690,1,0,1,0,15,0.57,1.000,15.13,7,4.60,9.00,1.96,3.91,1.17,0.39,6,0,0,0,0
695001,Alimber Santa,117,Houston Astros,2026,23,10,0,19,17,6,1,0,1,9,6,0,8,0,.160,50,.237,.240,.477,1,0,.000,1.000,1,238,1.17,15.1,0,1,0,0,0,0,2,0.91,59,46,10,0,0,147,.620,0,1,0,0,12,1.12,.000,15.52,4,1.50,5.28,3.52,4.70,3.52,0.59,4,2,0,0,3
686973,Louis Varland,141,Toronto Blue Jays,2026,28,61,0,71,43,18,8,0,2,83,18,1,49,0,.202,242,.255,.260,.515,2,5,.714,.286,7,1065,1.20,67.2,5,4,30,31,5,1,9,0.99,264,203,61,0,0,718,.670,0,0,3,0,63,1.65,.556,15.74,43,4.61,11.04,2.39,6.52,2.39,0.27,30,4,0,1,3
686934,Alex McFarlane,143,Philadelphia Phillies,2026,25,7,0,9,5,3,0,0,0,7,3,0,5,0,.192,26,.276,.192,.468,0,1,1.000,.000,1,107,1.23,7.1,3,1,0,0,0,0,1,1.09,29,22,7,0,0,67,.630,0,0,0,0,5,1.80,.750,14.59,3,2.33,8.59,3.68,6.14,3.68,0.00,1,0,0,0,0
687941,Alec Gamboa,111,Boston Red Sox,2026,29,12,1,26,20,4,5,0,1,14,6,0,14,0,.197,71,.253,.310,.563,0,1,1.000,.000,2,280,1.31,20.2,1,0,1,1,1,0,3,0.97,80,62,12,0,0,189,.680,0,0,0,0,22,1.30,1.000,13.55,10,2.33,6.10,2.61,6.10,1.74,0.44,8,5,0,1,2
702153,Brian Fitzpatrick,158,Milwaukee Brewers,2026,26,5,0,8,7,2,1,0,0,5,3,0,7,0,.259,27,.333,.296,.629,0,0,.---,.---,1,109,1.35,6.2,0,0,0,0,0,0,1,1.50,30,20,5,0,0,71,.650,0,1,0,0,8,1.14,.---,16.35,1,1.67,6.75,4.05,9.45,2.70,0.00,2,0,0,0,0
594835,Marco Gonzales,140,Texas Rangers,2026,34,3,0,6,9,1,2,0,0,3,4,1,7,0,.280,25,.379,.360,.739,0,0,.---,.---,2,118,1.35,6.2,0,0,1,1,0,0,1,1.65,29,20,3,0,0,74,.630,0,0,0,0,9,0.67,.---,17.70,2,0.75,4.05,5.40,9.45,1.35,0.00,3,0,0,0,0
665645,Kervin Castro,147,New York Yankees,2026,27,5,0,6,4,1,1,0,0,8,2,0,3,0,.143,21,.217,.190,.407,1,0,.000,1.000,0,94,1.42,6.1,0,0,0,0,0,0,1,0.79,23,19,5,0,0,62,.660,0,0,0,0,4,1.50,.---,14.84,2,4.00,11.37,2.84,4.26,1.42,0.00,4,0,0,0,0
660787,Yerry De los Santos,147,New York Yankees,2026,28,13,0,22,21,7,1,0,2,13,8,1,15,0,.217,69,.299,.319,.618,0,2,1.000,.000,2,292,1.45,18.2,1,0,0,0,0,0,3,1.23,79,56,13,0,0,193,.660,0,0,0,0,22,1.05,1.000,15.64,3,1.63,6.27,3.86,7.23,3.37,0.96,8,1,0,2,0
605218,Carl Edwards Jr.,121,New York Mets,2026,34,2,0,3,4,1,0,0,1,11,4,0,3,0,.143,21,.280,.286,.566,0,0,.---,.---,0,99,1.50,6.0,0,0,0,0,0,0,1,1.17,25,18,2,0,0,62,.630,0,0,0,0,6,0.75,.---,16.50,1,2.75,16.50,6.00,4.50,1.50,1.50,3,1,0,0,0
622694,Elieser Hernández,144,Atlanta Braves,2026,31,2,0,4,8,1,0,0,1,6,4,1,6,0,.250,24,.357,.375,.732,0,1,1.000,.000,0,110,1.50,6.0,1,0,1,1,0,0,1,1.67,28,18,2,0,0,68,.620,0,0,0,0,9,0.50,1.000,18.33,1,1.50,9.00,6.00,9.00,1.50,1.50,0,0,0,0,0
701121,Logan VanWey,117,Houston Astros,2026,27,5,0,5,7,2,0,0,0,5,0,0,5,0,.250,20,.238,.250,.488,0,0,.---,.---,1,80,1.50,6.0,1,0,0,0,0,0,1,0.83,22,18,5,0,0,56,.700,0,0,0,0,5,0.71,1.000,13.33,5,-.--,7.50,0.00,7.50,3.00,0.00,0,0,0,1,1
641329,Bryan Baker,139,Tampa Bay Rays,2026,31,54,0,45,53,11,8,0,4,58,16,1,30,2,.163,184,.236,.272,.508,0,2,1.000,.000,2,818,1.56,52.0,1,2,38,41,2,3,9,0.88,204,156,54,0,0,571,.700,2,1,0,0,50,0.85,.333,15.73,43,3.63,10.04,2.77,5.19,1.90,0.69,7,0,0,1,1
694795,Josh Ekness,146,Miami Marlins,2026,24,16,0,15,23,6,1,0,1,11,8,0,11,1,.186,59,.294,.254,.548,1,0,.000,1.000,2,292,1.59,17.0,1,1,1,3,1,2,3,1.12,69,51,16,0,0,183,.630,1,0,2,0,15,0.65,.500,17.18,5,1.38,5.82,4.24,5.82,3.18,0.53,3,0,0,1,0
684665,Luke Murphy,108,Los Angeles Angels,2026,26,11,0,8,12,3,0,0,0,10,8,0,5,1,.143,35,.318,.143,.461,2,1,.333,.667,1,197,1.59,11.1,0,1,0,0,4,0,2,1.15,44,34,11,0,0,111,.560,1,0,0,1,5,0.67,.000,17.38,2,1.25,7.94,6.35,3.97,2.38,0.00,4,3,0,0,0
656641,Jacob Latz,140,Texas Rangers,2026,30,47,1,49,60,12,11,0,3,65,18,3,27,0,.136,199,.205,.236,.441,1,3,.750,.250,2,942,1.68,59.0,3,1,26,29,2,3,11,0.76,219,177,47,0,0,627,.670,0,0,3,0,47,0.82,.750,15.97,36,3.61,9.92,2.75,4.12,1.83,0.46,13,6,0,0,2
621112,Paul Blackburn,147,New York Yankees,2026,32,51,2,91,61,16,7,0,6,60,28,1,49,1,.188,261,.269,.284,.553,4,4,.500,.500,7,1064,1.70,74.0,6,2,1,4,8,3,14,1.04,290,222,51,0,0,661,.620,1,0,0,1,74,1.49,.750,14.38,15,2.14,7.30,3.41,5.96,1.95,0.73,23,10,0,0,0
661395,Jhoan Duran,143,Philadelphia Phillies,2026,28,50,0,44,26,10,3,0,1,67,8,0,41,3,.230,178,.275,.264,.539,0,6,1.000,.000,2,764,1.71,47.1,1,4,28,30,0,2,9,1.04,189,142,50,0,0,498,.650,3,0,2,0,47,1.69,.200,16.14,45,8.38,12.74,1.52,7.80,1.90,0.19,1,1,0,0,0
694819,Jacob Misiorowski,158,Milwaukee Brewers,2026,24,25,25,107,119,37,7,1,13,222,35,0,79,9,.150,525,.216,.242,.458,1,1,.500,.500,9,2268,1.73,151.0,14,5,0,0,0,0,29,0.75,571,453,25,1,1,1537,.680,9,1,5,0,127,0.90,.737,15.02,0,6.34,13.23,2.09,4.71,2.21,0.77,0,0,0,1,1
660271,Shohei Ohtani,119,Los Angeles Dodgers,2026,31,14,14,87,71,21,13,0,4,95,26,0,55,6,.180,305,.257,.262,.519,0,3,1.000,.000,3,1335,1.79,85.2,8,2,0,0,0,0,17,0.95,340,257,14,0,0,862,.650,6,1,0,0,80,1.23,.800,15.58,0,3.65,9.98,2.73,5.78,2.21,0.42,0,0,0,1,2
678868,Eddy Yean,120,Washington Nationals,2026,25,7,1,15,10,2,3,0,1,6,2,0,5,1,.139,36,.205,.306,.511,0,1,1.000,.000,0,140,1.80,10.0,0,1,0,0,1,0,2,0.70,39,30,7,0,0,89,.640,1,0,1,0,11,1.50,.000,14.00,2,3.00,5.40,1.80,4.50,1.80,0.90,8,3,0,0,0
547973,Aroldis Chapman,111,Boston Red Sox,2026,38,46,0,40,35,11,9,1,2,58,20,0,32,1,.195,164,.286,.299,.585,1,9,.900,.100,3,730,1.81,44.2,2,4,30,32,0,2,9,1.16,186,134,46,0,0,489,.670,1,0,2,0,49,1.14,.333,16.34,37,2.90,11.69,4.03,6.45,2.22,0.40,2,2,0,1,0
676962,Ben Brown,112,Chicago Cubs,2026,26,20,8,65,69,16,7,1,2,65,19,0,45,2,.186,242,.249,.248,.497,0,6,1.000,.000,4,1004,1.85,68.0,4,2,1,2,2,1,14,0.94,265,204,20,0,0,651,.650,2,0,6,0,60,0.94,.667,14.76,2,3.42,8.60,2.51,5.96,2.12,0.26,8,4,0,0,2
675512,Troy Melton,116,Detroit Tigers,2026,25,16,16,93,108,24,17,1,10,80,28,0,70,3,.201,348,.265,.342,.607,2,1,.333,.667,8,1427,1.86,97.0,7,3,0,0,0,0,20,1.01,382,291,16,0,0,923,.650,3,0,2,2,119,0.86,.700,14.71,0,2.86,7.42,2.60,6.49,2.23,0.93,0,0,0,1,2
675916,James Karinchak,144,Atlanta Braves,2026,30,9,0,7,13,2,1,0,1,8,5,0,4,0,.129,31,.243,.258,.501,1,5,.833,.167,0,162,1.86,9.2,0,0,0,0,1,0,2,0.93,37,29,9,0,0,96,.590,0,0,2,0,8,0.54,.---,16.76,2,1.60,7.45,4.66,3.72,1.86,0.93,2,1,0,0,1
621345,A.J. Minter,142,Minnesota Twins,2026,32,35,0,32,40,9,2,2,5,28,4,1,27,1,.214,126,.244,.381,.625,1,5,.833,.167,1,479,1.87,33.2,2,2,0,0,6,0,7,0.92,132,101,35,0,0,315,.660,1,0,0,0,48,0.80,.500,14.23,9,7.00,7.49,1.07,7.22,2.41,1.34,12,2,0,1,0
687396,Brent Headrick,147,New York Yankees,2026,28,68,0,46,67,15,11,4,4,84,20,1,59,0,.234,252,.290,.357,.647,0,2,1.000,.000,4,1071,1.88,67.0,7,3,0,2,21,2,14,1.18,276,201,68,0,0,724,.680,0,0,3,0,90,0.69,.700,15.99,7,4.20,11.28,2.69,7.93,2.01,0.54,40,4,0,4,0
677976,Randy Dobnak,118,Kansas City Royals,2026,31,10,8,72,44,11,9,0,3,34,21,0,50,0,.254,197,.323,.345,.668,1,5,.833,.167,2,897,1.92,51.2,2,2,0,0,0,0,11,1.37,221,155,10,0,0,557,.620,0,0,0,1,68,1.64,.500,17.36,0,1.62,5.92,3.66,8.71,1.92,0.52,0,0,0,1,2
643511,Tyler Rogers,141,Toronto Blue Jays,2026,35,63,0,99,47,21,6,1,1,33,20,5,53,1,.230,230,.294,.278,.572,4,2,.333,.667,4,877,1.92,61.0,2,2,4,7,28,3,13,1.20,255,183,63,0,0,613,.700,1,0,0,0,64,2.11,.500,14.38,11,1.65,4.87,2.95,7.82,3.10,0.15,7,1,2,1,1
621016,Jose Cuas,118,Kansas City Royals,2026,32,13,0,9,16,3,5,0,0,14,8,1,15,0,.278,54,.371,.370,.741,1,1,.500,.500,2,275,1.93,14.0,0,0,0,0,3,0,3,1.64,62,42,13,0,0,168,.610,0,0,2,0,20,0.56,.---,19.64,5,1.75,9.00,5.14,9.64,1.93,0.00,5,4,0,0,0
699134,Bradgley Rodriguez,135,San Diego Padres,2026,22,55,4,62,55,17,12,1,3,65,17,1,46,0,.204,225,.259,.307,.566,0,3,1.000,.000,3,965,1.95,60.0,3,2,2,6,10,4,13,1.05,245,180,55,0,0,651,.670,0,1,0,0,69,1.13,.600,16.08,8,3.82,9.75,2.55,6.90,2.55,0.45,26,14,0,2,1
592779,Brock Stewart,119,Los Angeles Dodgers,2026,34,18,0,20,16,5,2,0,2,18,6,1,8,0,.129,62,.206,.258,.464,0,1,1.000,.000,2,256,1.96,18.1,0,1,1,1,6,0,4,0.76,68,55,18,0,0,165,.640,0,0,0,0,16,1.25,.000,13.96,3,3.00,8.84,2.95,3.93,2.45,0.98,7,1,0,0,0
696519,Samy Natera Jr.,108,Los Angeles Angels,2026,26,23,0,8,30,6,5,0,1,42,10,0,13,1,.140,93,.231,.226,.457,0,0,.---,.---,0,462,2.00,27.0,1,1,3,3,4,0,6,0.85,104,81,23,0,0,294,.640,1,0,3,0,21,0.27,.500,17.11,5,4.20,14.00,3.33,4.33,2.00,0.33,14,3,0,0,0
592155,Cam Booser,139,Tampa Bay Rays,2026,34,30,0,14,40,7,2,0,5,38,6,0,19,0,.173,110,.214,.327,.541,1,1,.500,.500,0,452,2.03,31.0,1,0,0,0,9,0,7,0.81,117,93,30,0,0,311,.690,0,0,1,0,36,0.35,1.000,14.58,6,6.33,11.03,1.74,5.52,2.03,1.45,12,1,0,0,1
573009,Joe Mantiply,141,Toronto Blue Jays,2026,35,17,0,20,14,4,3,0,1,16,4,0,16,1,.254,63,.304,.349,.653,1,1,.500,.500,2,264,2.04,17.2,1,0,0,0,0,0,4,1.13,71,53,17,0,0,175,.660,1,0,0,0,22,1.43,1.000,14.94,4,4.00,8.15,2.04,8.15,2.04,0.51,14,6,0,2,1
687330,Kevin Kelly,139,Tampa Bay Rays,2026,28,57,0,79,47,16,7,0,5,48,9,2,42,3,.196,214,.238,.299,.537,3,4,.571,.429,9,807,2.04,61.2,5,3,4,7,27,3,14,0.83,228,185,57,0,0,548,.680,3,0,1,0,64,1.68,.625,13.09,12,5.33,7.01,1.31,6.13,2.34,0.73,39,7,0,1,1
676477,Garrett Whitlock,111,Boston Red Sox,2026,30,45,0,36,44,12,6,0,3,49,7,0,32,0,.203,158,.234,.297,.531,0,3,1.000,.000,1,621,2.05,44.0,6,1,2,5,21,3,10,0.89,168,132,45,0,0,444,.710,0,0,2,0,47,0.82,.857,14.11,8,7.00,10.02,1.43,6.55,2.45,0.61,4,2,0,1,2
682842,Abner Uribe,158,Milwaukee Brewers,2026,26,49,0,57,35,11,2,0,3,48,18,2,32,1,.188,170,.270,.253,.523,0,1,1.000,.000,7,758,2.05,48.1,4,2,6,8,18,2,11,1.03,191,145,49,0,0,487,.640,1,0,2,1,43,1.63,.667,15.68,14,2.67,8.94,3.35,5.96,2.05,0.56,17,5,0,2,0
519242,Chris Sale,144,Atlanta Braves,2026,37,24,24,117,126,38,17,1,8,177,28,0,116,12,.218,533,.271,.298,.569,2,7,.778,.222,11,2280,2.06,144.0,13,9,0,0,0,0,33,1.00,576,432,24,1,1,1557,.680,12,1,0,1,159,0.93,.591,15.83,0,6.32,11.06,1.75,7.25,2.38,0.50,0,0,0,1,2
686228,Juan Burgos,109,Arizona Diamondbacks,2026,26,4,0,6,7,1,1,0,0,0,0,0,3,1,.214,14,.267,.286,.553,0,0,.---,.---,0,53,2.08,4.1,0,0,0,0,0,0,1,0.69,17,13,4,0,0,35,.660,1,0,0,0,4,0.86,.---,12.23,3,-.--,0.00,0.00,6.23,2.08,0.00,5,2,0,2,0
672841,Carlos Vargas,136,Seattle Mariners,2026,26,3,0,3,4,1,2,0,0,6,1,0,4,0,.235,17,.278,.353,.631,0,0,.---,.---,0,74,2.08,4.1,0,0,0,0,0,0,1,1.15,18,13,3,0,0,55,.740,0,0,1,0,6,0.75,.---,17.08,2,6.00,12.46,2.08,8.31,2.08,0.00,0,0,0,0,0
674073,Jack Weisenburger,121,New York Mets,2026,28,3,0,1,8,1,1,0,0,4,2,0,3,0,.188,16,.278,.250,.528,0,0,.---,.---,0,79,2.08,4.1,0,0,0,0,0,0,1,1.15,18,13,3,0,0,48,.610,0,0,0,0,4,0.13,.---,18.23,2,2.00,8.31,4.15,6.23,2.08,0.00,0,0,0,0,0
669062,Erik Miller,111,Boston Red Sox,2026,28,48,1,36,27,11,5,0,2,63,25,2,30,3,.195,154,.317,.266,.583,0,9,1.000,.000,1,804,2.09,43.0,3,0,4,5,12,1,10,1.28,184,129,48,0,0,470,.580,3,0,3,0,41,1.33,1.000,18.70,11,2.52,13.19,5.23,6.28,2.30,0.42,23,9,0,1,1
673513,Yuki Matsui,135,San Diego Padres,2026,30,40,0,32,61,13,7,0,6,55,29,2,30,2,.173,173,.292,.318,.610,4,3,.429,.571,1,855,2.10,51.1,3,1,0,0,8,0,12,1.15,209,154,40,0,0,535,.630,2,0,3,0,55,0.52,.750,16.66,8,1.90,9.64,5.08,5.26,2.28,1.05,33,9,0,0,5
691799,Grant Taylor,145,Chicago White Sox,2026,24,51,4,60,53,22,9,0,4,89,24,0,48,1,.194,248,.265,.278,.543,0,3,1.000,.000,4,1102,2.11,68.1,6,2,8,14,10,6,16,1.05,275,205,51,0,0,731,.660,1,0,4,0,69,1.13,.750,16.13,16,3.71,11.72,3.16,6.32,2.90,0.53,20,6,0,0,2
689266,Dylan Dodd,144,Atlanta Braves,2026,28,40,0,26,54,10,7,0,4,43,13,1,25,2,.170,147,.247,.299,.546,0,2,1.000,.000,3,664,2.14,42.0,4,1,1,1,12,0,10,0.90,163,126,40,0,0,427,.640,2,0,1,0,44,0.48,.800,15.81,5,3.31,9.21,2.79,5.36,2.14,0.86,21,4,0,1,0
702303,Riley Martin,112,Chicago Cubs,2026,28,8,1,4,10,2,0,0,1,10,2,0,5,0,.179,28,.233,.286,.519,0,0,.---,.---,1,118,2.16,8.1,0,0,0,0,0,0,2,0.84,31,25,8,0,0,82,.690,0,0,0,0,8,0.40,.---,14.16,2,5.00,10.80,2.16,5.40,2.16,1.08,1,0,0,1,0
693645,Cam Schlittler,147,New York Yankees,2026,25,27,27,129,146,45,24,2,14,193,37,0,115,6,.199,577,.254,.321,.575,2,5,.714,.286,10,2482,2.16,158.0,11,6,0,0,0,0,38,0.96,627,474,27,0,0,1663,.670,6,0,0,0,185,0.88,.647,15.71,0,5.22,10.99,2.11,6.55,2.56,0.80,0,0,1,3,3
595345,Steven Okert,117,Houston Astros,2026,34,66,1,39,89,17,7,2,7,66,14,0,44,4,.190,232,.245,.328,.573,2,6,.750,.250,3,1026,2.17,66.1,6,2,0,1,19,1,16,0.87,256,199,66,0,0,682,.660,4,0,1,2,76,0.44,.750,15.47,1,4.71,8.95,1.90,5.97,2.31,0.95,34,10,0,3,3
681252,Jack Anderson,142,Minnesota Twins,2026,26,7,0,10,13,3,2,0,1,12,3,0,10,0,.222,45,.271,.333,.604,0,0,.---,.---,1,180,2.19,12.1,1,0,1,1,0,0,3,1.05,48,37,7,0,0,122,.680,0,0,0,0,15,0.77,1.000,14.59,5,4.00,8.76,2.19,7.30,2.19,0.73,3,0,0,0,0
548384,Brooks Raley,143,Philadelphia Phillies,2026,38,54,0,42,53,15,10,1,4,48,16,1,37,3,.211,175,.284,.349,.633,2,0,.000,1.000,2,739,2.22,48.2,5,5,1,4,15,3,12,1.09,199,146,54,0,0,487,.660,3,0,1,1,61,0.79,.500,15.18,6,3.00,8.88,2.96,6.84,2.77,0.74,22,7,0,2,3
666661,Juan Morillo,109,Arizona Diamondbacks,2026,27,56,0,52,42,15,7,1,2,60,18,1,35,3,.189,185,.268,.270,.538,0,2,1.000,.000,3,834,2.24,52.1,3,4,2,6,17,4,13,1.01,210,157,56,0,0,543,.650,3,0,4,0,50,1.24,.429,15.94,12,3.33,10.32,3.10,6.02,2.58,0.34,22,4,0,1,3
690279,Mason Adams,115,Colorado Rockies,2026,26,1,1,3,4,1,1,0,1,5,3,0,3,0,.200,15,.333,.467,.800,0,0,.---,.---,0,75,2.25,4.0,0,0,0,0,0,0,1,1.50,18,12,1,0,0,48,.640,0,0,0,0,7,0.75,.---,18.75,0,1.67,11.25,6.75,6.75,2.25,2.25,0,0,0,0,0
671109,Jake Eder,119,Los Angeles Dodgers,2026,27,4,0,2,8,1,1,0,0,1,1,0,3,0,.231,13,.267,.308,.575,0,0,.---,.---,1,56,2.25,4.0,1,0,0,0,0,0,1,1.00,15,12,4,0,0,36,.640,0,0,0,0,4,0.25,1.000,14.00,4,1.00,2.25,2.25,6.75,2.25,0.00,0,0,0,0,1
642759,Julian Fernández,120,Washington Nationals,2026,30,3,0,3,7,3,0,0,1,3,2,0,3,0,.200,15,.278,.400,.678,0,1,1.000,.000,0,71,2.25,4.0,0,0,0,0,0,0,1,1.25,18,12,3,0,0,40,.560,0,0,1,0,6,0.43,.---,17.75,3,1.50,6.75,4.50,6.75,6.75,2.25,0,0,0,0,1
669084,DL Hall,158,Milwaukee Brewers,2026,27,34,1,41,36,11,3,0,3,47,28,0,20,1,.140,143,.283,.224,.507,1,0,.000,1.000,7,735,2.25,44.0,2,0,0,1,5,1,11,1.09,173,132,34,0,0,441,.600,1,0,5,1,32,1.14,1.000,16.70,8,1.68,9.61,5.73,4.09,2.25,0.61,16,6,0,0,1
670059,Colin Holderman,114,Cleveland Guardians,2026,30,52,0,57,46,14,5,1,1,50,19,1,30,10,.166,181,.280,.221,.501,1,4,.800,.200,2,823,2.25,52.0,6,3,1,2,11,1,13,0.94,212,156,52,0,0,507,.620,10,0,2,0,40,1.24,.667,15.83,9,2.63,8.65,3.29,5.19,2.42,0.17,24,4,0,1,1
815081,Mark Manfredi,115,Colorado Rockies,2026,26,4,0,2,3,1,0,1,0,7,3,0,4,0,.250,16,.368,.375,.743,0,2,1.000,.000,0,82,2.25,4.0,1,0,0,0,0,0,1,1.75,19,12,4,0,0,48,.590,0,0,0,0,6,0.67,1.000,20.50,0,2.33,15.75,6.75,9.00,2.25,0.00,2,1,0,0,0
605280,Clay Holmes,112,Chicago Cubs,2026,33,13,13,107,59,19,10,0,4,55,25,0,55,1,.201,274,.269,.281,.550,1,1,.500,.500,6,1157,2.26,75.2,5,6,0,0,0,0,19,1.06,303,227,13,0,0,744,.640,1,1,2,0,77,1.81,.455,15.29,0,2.20,6.54,2.97,6.54,2.26,0.48,0,0,1,1,1
656730,Trevor Megill,158,Milwaukee Brewers,2026,32,52,0,34,64,15,7,0,0,57,14,3,30,1,.165,182,.227,.203,.430,0,8,1.000,.000,0,726,2.28,51.1,2,3,24,26,7,2,13,0.86,200,154,52,0,0,503,.690,1,0,3,1,37,0.53,.400,14.14,32,4.07,9.99,2.45,5.26,2.63,0.00,3,1,0,2,1
656794,Sean Newcomb,145,Chicago White Sox,2026,33,49,4,79,68,23,8,5,2,68,27,3,54,6,.203,266,.290,.293,.583,2,6,.750,.250,6,1175,2.28,75.0,2,3,4,5,10,1,19,1.08,302,225,49,0,0,762,.650,6,0,0,1,78,1.16,.400,15.67,8,2.52,8.16,3.24,6.48,2.76,0.24,31,3,0,2,1
663423,Trent Thornton,112,Chicago Cubs,2026,32,41,0,51,43,14,7,0,4,25,15,2,30,1,.203,148,.280,.331,.611,3,6,.667,.333,5,609,2.32,42.2,5,4,3,4,5,1,11,1.05,165,128,41,0,0,390,.640,1,0,1,0,49,1.19,.556,14.27,12,1.67,5.27,3.16,6.33,2.95,0.84,18,4,0,1,0
801434,Paul Gervase,119,Los Angeles Dodgers,2026,26,4,0,5,9,2,0,0,0,8,5,0,7,0,.241,29,.353,.241,.594,1,3,.750,.250,0,124,2.35,7.2,0,0,0,0,0,0,2,1.57,34,23,4,0,0,75,.600,0,0,0,0,7,0.56,.---,16.17,2,1.60,9.39,5.87,8.22,2.35,0.00,0,0,0,0,0
670280,David Bednar,147,New York Yankees,2026,31,53,0,62,45,19,5,2,3,65,18,2,39,2,.187,209,.255,.273,.528,0,6,1.000,.000,4,963,2.35,57.1,6,3,30,33,0,3,15,0.99,231,172,53,0,0,651,.680,2,0,1,0,57,1.38,.667,16.80,48,3.61,10.20,2.83,6.12,2.98,0.47,16,2,0,0,2
596133,Luke Weaver,134,Pittsburgh Pirates,2026,32,48,0,40,55,14,5,1,3,53,14,1,32,2,.180,178,.246,.270,.516,0,0,.---,.---,3,751,2.36,49.2,2,1,1,4,15,3,13,0.93,196,149,48,0,0,504,.670,2,0,0,1,48,0.73,.667,15.12,6,3.79,9.60,2.54,5.80,2.54,0.54,11,2,0,1,1
805299,Brandyn Garcia,109,Arizona Diamondbacks,2026,26,45,0,41,24,11,3,0,2,44,10,1,22,4,.169,130,.250,.238,.488,0,0,.---,.---,7,530,2.37,38.0,0,1,4,4,15,0,10,0.84,145,114,45,0,0,346,.650,4,0,1,0,31,1.71,.000,13.95,12,4.40,10.42,2.37,5.21,2.61,0.47,24,2,0,1,0
656302,Dylan Cease,141,Toronto Blue Jays,2026,30,24,24,107,107,43,16,0,9,209,64,0,89,3,.175,508,.270,.260,.530,4,26,.867,.133,6,2458,2.37,144.1,8,5,0,0,0,0,38,1.06,579,433,24,1,1,1525,.620,3,1,5,0,132,1.00,.615,17.03,0,3.27,13.03,3.99,5.55,2.68,0.56,0,0,0,1,3
666711,Joel Peguero,137,San Francisco Giants,2026,29,11,0,16,11,5,3,0,0,5,4,0,10,2,.238,42,.333,.310,.643,1,0,.000,1.000,2,169,2.38,11.1,0,0,0,0,1,0,3,1.24,48,34,11,0,0,115,.680,2,0,1,0,13,1.45,.---,14.91,5,1.25,3.97,3.18,7.94,3.97,0.00,2,0,0,0,0
671922,Cade Smith,114,Cleveland Guardians,2026,27,57,0,40,55,20,10,0,5,84,20,1,45,3,.205,219,.276,.320,.596,0,3,1.000,.000,5,1044,2.40,60.0,3,1,35,40,0,5,16,1.08,247,180,57,0,0,680,.650,3,0,6,0,70,0.73,.750,17.40,49,4.20,12.60,3.00,6.75,3.00,0.75,18,4,0,1,4
621097,Jacob Waguespack,116,Detroit Tigers,2026,32,23,1,39,33,9,0,0,5,18,11,0,15,1,.147,102,.235,.294,.529,0,2,1.000,.000,1,434,2.40,30.0,1,1,0,0,4,0,8,0.87,117,90,23,0,0,276,.640,1,0,1,0,30,1.18,.500,14.47,7,1.64,5.40,3.30,4.50,2.70,1.50,4,1,0,2,1
663878,Nate Pearson,118,Kansas City Royals,2026,29,30,0,31,36,11,5,0,1,28,18,0,23,4,.195,118,.321,.263,.584,3,5,.625,.375,3,555,2.41,33.2,2,1,3,4,4,1,9,1.22,140,101,30,0,0,332,.600,4,0,3,0,31,0.86,.667,16.49,9,1.56,7.49,4.81,6.15,2.94,0.27,5,3,0,0,0
669276,Dylan Lee,144,Atlanta Braves,2026,31,63,0,38,66,18,6,4,3,73,15,1,36,0,.171,210,.225,.281,.506,0,3,1.000,.000,1,936,2.41,59.2,5,0,0,1,30,1,16,0.85,228,179,63,0,0,636,.680,0,0,0,0,59,0.58,1.000,15.69,2,4.87,11.01,2.26,5.43,2.72,0.45,23,5,0,1,2
800311,Didier Fuentes,144,Atlanta Braves,2026,21,48,1,40,59,16,8,0,4,75,18,2,48,2,.221,217,.283,.313,.596,0,6,1.000,.000,5,995,2.43,59.1,5,1,2,8,15,6,16,1.11,242,178,48,0,0,666,.670,2,0,0,0,68,0.68,.833,16.77,7,4.17,11.38,2.73,7.28,2.43,0.61,32,7,0,2,3
656240,Scott Blewett,133,Athletics,2026,30,12,0,22,19,7,4,0,0,12,5,0,20,0,.290,69,.325,.348,.673,1,2,.667,.333,2,295,2.45,18.1,0,0,0,0,2,0,5,1.36,78,55,12,0,0,192,.650,0,0,1,1,24,1.16,.---,16.09,5,2.40,5.89,2.45,9.82,3.44,0.00,5,3,0,1,3
621107,Zach Eflin,110,Baltimore Orioles,2026,32,1,1,2,2,1,1,0,1,7,2,0,4,0,.267,15,.353,.533,.886,0,0,.---,.---,0,74,2.45,3.2,0,0,0,0,0,0,1,1.64,17,11,1,0,0,44,.590,0,0,0,0,8,1.00,.---,20.18,0,3.50,17.18,4.91,9.82,2.45,2.45,0,0,0,0,0
690990,Cade Horton,112,Chicago Cubs,2026,24,2,2,11,5,2,0,0,1,4,2,0,4,0,.167,24,.231,.292,.523,0,0,.---,.---,2,92,2.45,7.1,1,0,0,0,0,0,2,0.82,26,22,2,0,0,61,.660,0,0,0,0,7,2.20,1.000,12.55,0,2.00,4.91,2.45,4.91,2.45,1.23,0,0,0,0,0
677020,Josh Walker,110,Baltimore Orioles,2026,31,18,0,18,18,6,4,0,2,17,6,1,17,1,.246,69,.312,.391,.703,1,1,.500,.500,2,296,2.45,18.1,1,0,0,1,2,1,5,1.25,77,55,18,0,0,195,.660,1,0,0,0,27,1.00,1.000,16.15,4,2.83,8.35,2.95,8.35,2.95,0.98,17,7,0,0,1
800048,Parker Messick,114,Cleveland Guardians,2026,25,26,26,149,148,47,24,4,14,156,41,2,116,2,.206,563,.261,.337,.598,0,2,1.000,.000,7,2399,2.50,155.0,10,8,0,0,0,0,43,1.01,612,465,26,0,0,1541,.640,2,1,6,2,190,1.01,.556,15.48,0,3.80,9.06,2.38,6.74,2.73,0.81,0,0,0,3,3
593958,Eduardo Rodriguez,109,Arizona Diamondbacks,2026,33,27,27,159,191,49,31,4,14,119,52,0,140,0,.231,606,.292,.365,.657,1,9,.900,.100,17,2574,2.50,162.0,14,4,0,0,0,0,45,1.19,661,486,27,0,0,1639,.640,0,1,0,0,221,0.83,.778,15.89,0,2.29,6.61,2.89,7.78,2.72,0.78,0,0,0,3,0
656945,Tanner Scott,119,Los Angeles Dodgers,2026,31,58,0,40,52,15,11,0,4,65,12,4,40,1,.205,195,.255,.323,.578,0,2,1.000,.000,3,801,2.50,54.0,1,5,19,21,12,2,15,0.96,210,162,58,0,0,562,.700,1,0,1,0,63,0.77,.167,14.83,28,5.42,10.83,2.00,6.67,2.50,0.67,21,7,0,2,0
642100,Gabe Speier,136,Seattle Mariners,2026,31,43,0,38,36,12,7,0,3,31,13,2,27,5,.211,128,.304,.336,.640,0,9,1.000,.000,3,543,2.50,36.0,2,3,1,2,17,1,10,1.11,150,108,43,0,0,362,.670,5,0,0,0,43,1.06,.400,15.08,5,2.38,7.75,3.25,6.75,3.00,0.75,13,2,0,2,2
592094,Jason Adam,135,San Diego Padres,2026,34,36,0,34,38,9,5,0,5,22,8,0,30,2,.242,124,.299,.403,.702,0,3,1.000,.000,2,551,2.51,32.1,2,2,2,2,17,0,9,1.18,134,97,36,0,0,363,.660,2,0,0,0,50,0.89,.500,17.04,5,2.75,6.12,2.23,8.35,2.51,1.39,8,0,0,0,0
668970,Gavin Hollowell,112,Chicago Cubs,2026,28,14,0,5,24,5,3,0,2,13,8,0,11,1,.208,53,.323,.377,.700,1,0,.000,1.000,0,253,2.51,14.1,0,0,1,1,1,0,4,1.33,62,43,14,0,0,158,.620,1,0,2,0,20,0.21,.---,17.65,2,1.63,8.16,5.02,6.91,3.14,1.26,3,1,0,0,0
687239,Ben Peoples,140,Texas Rangers,2026,25,14,0,16,15,4,0,0,3,8,6,0,11,1,.220,50,.316,.400,.716,0,3,1.000,.000,3,241,2.51,14.1,0,1,0,0,0,0,4,1.19,57,43,14,0,0,157,.650,1,0,0,0,20,1.07,.000,16.81,5,1.33,5.02,3.77,6.91,2.51,1.88,3,0,0,0,0
642528,Jonathan Loáisiga,109,Arizona Diamondbacks,2026,31,55,0,66,48,17,10,0,3,38,11,2,45,1,.234,192,.275,.333,.608,0,4,1.000,.000,6,778,2.53,53.1,5,3,1,5,8,4,15,1.05,209,160,55,0,0,522,.670,1,0,0,0,64,1.38,.625,14.59,14,3.45,6.41,1.86,7.59,2.87,0.51,21,4,0,2,3
664199,Taylor Clarke,109,Arizona Diamondbacks,2026,33,60,0,72,68,20,6,1,6,34,10,1,42,3,.200,210,.242,.324,.566,1,1,.500,.500,4,843,2.54,60.1,2,3,0,2,13,2,17,0.86,229,181,60,0,0,532,.630,3,0,1,4,68,1.06,.400,13.97,9,3.40,5.07,1.49,6.27,2.98,0.90,17,9,0,2,4
808967,Yoshinobu Yamamoto,119,Los Angeles Dodgers,2026,27,24,24,162,145,46,19,1,16,153,36,1,105,6,.187,562,.242,.310,.552,4,4,.500,.500,10,2372,2.56,158.0,12,8,0,0,0,0,45,0.89,607,474,24,1,0,1562,.660,6,0,2,1,174,1.12,.600,15.01,0,4.25,8.72,2.05,5.98,2.62,0.91,0,0,0,0,3
605483,Blake Snell,119,Los Angeles Dodgers,2026,33,4,4,20,18,7,1,0,0,26,9,0,13,1,.171,76,.264,.184,.448,0,6,1.000,.000,0,345,2.57,21.0,2,1,0,0,0,0,6,1.05,87,63,4,0,0,231,.670,1,0,1,0,14,1.11,.667,16.43,0,2.89,11.14,3.86,5.57,3.00,0.00,0,0,0,0,1
701656,Logan Henderson,158,Milwaukee Brewers,2026,24,13,13,42,80,20,9,1,10,79,14,0,48,1,.194,248,.240,.359,.599,2,2,.500,.500,5,1043,2.60,69.1,8,2,0,0,0,0,20,0.89,264,208,13,0,0,719,.690,1,0,1,0,89,0.53,.800,15.04,0,5.64,10.25,1.82,6.23,2.60,1.30,0,0,0,1,0
650911,Cristopher Sánchez,143,Philadelphia Phillies,2026,29,27,27,188,108,55,27,0,14,194,38,0,168,5,.256,656,.301,.361,.662,4,6,.600,.400,13,2582,2.62,168.1,16,4,0,0,0,0,49,1.22,701,505,27,1,1,1715,.660,5,0,4,1,237,1.74,.800,15.34,0,5.11,10.37,2.03,8.98,2.94,0.75,0,0,0,1,1
669622,Anthony Bender,146,Miami Marlins,2026,31,35,0,28,35,10,4,0,1,41,12,1,21,3,.169,124,.257,.226,.483,0,9,1.000,.000,1,539,2.62,34.1,1,1,2,4,8,2,10,0.96,140,103,35,0,0,363,.670,3,0,3,0,28,0.80,.500,15.70,6,3.42,10.75,3.15,5.50,2.62,0.26,18,6,0,0,1
670970,Adrian Morejon,135,San Diego Padres,2026,27,61,0,83,43,25,7,0,4,87,20,5,55,4,.206,267,.271,.277,.548,3,11,.786,.214,6,1111,2.63,72.0,9,2,2,7,21,5,21,1.04,292,216,61,0,0,758,.680,4,0,2,1,74,1.93,.818,15.43,8,4.35,10.88,2.50,6.88,3.13,0.50,35,9,0,0,1
592866,Trevor Williams,120,Washington Nationals,2026,34,8,0,16,11,5,3,0,2,22,6,0,15,1,.238,63,.310,.381,.691,0,0,.---,.---,3,311,2.65,17.0,0,0,0,0,1,0,5,1.24,71,51,8,0,0,197,.630,1,0,0,0,24,1.45,.---,18.29,5,3.67,11.65,3.18,7.94,2.65,1.06,7,3,0,0,1
701719,Tyler Samaniego,111,Boston Red Sox,2026,27,20,1,20,21,8,2,0,1,17,8,0,22,2,.286,77,.364,.351,.715,1,1,.500,.500,1,314,2.66,20.1,0,3,0,0,1,0,6,1.48,90,61,20,0,0,195,.620,2,0,0,0,27,0.95,.000,15.44,6,2.13,7.52,3.54,9.74,3.54,0.44,7,1,0,2,1
681895,Evan Sisk,134,Pittsburgh Pirates,2026,29,36,0,33,35,12,9,0,2,47,18,0,33,8,.229,144,.343,.333,.676,6,7,.538,.462,1,743,2.66,40.2,1,0,0,3,5,3,12,1.25,174,122,36,0,0,439,.590,8,0,1,1,48,0.94,1.000,18.27,6,2.61,10.40,3.98,7.30,2.66,0.44,25,15,0,2,2
669330,Tyler Wells,139,Tampa Bay Rays,2026,31,51,0,35,89,22,10,1,8,63,16,1,46,2,.200,230,.256,.357,.613,2,2,.500,.500,3,972,2.66,64.1,2,2,5,5,14,0,19,0.96,251,193,51,0,0,665,.680,2,0,1,1,82,0.39,.500,15.11,16,3.94,8.81,2.24,6.44,3.08,1.12,13,1,0,1,2
676974,Max Meyer,146,Miami Marlins,2026,27,20,20,99,109,39,17,2,11,121,41,0,85,7,.207,410,.289,.339,.628,6,7,.538,.462,5,1789,2.68,111.0,9,1,0,0,0,0,33,1.14,462,333,20,0,0,1143,.640,7,0,5,0,139,0.91,.900,16.12,0,2.95,9.81,3.32,6.89,3.16,0.89,0,0,0,1,3
656271,Brock Burke,113,Cincinnati Reds,2026,29,66,0,55,67,32,10,2,5,64,37,5,47,4,.203,231,.322,.329,.651,3,7,.700,.300,5,1041,2.69,63.2,5,5,2,3,15,1,19,1.32,274,191,66,0,0,643,.620,4,0,2,0,76,0.82,.500,16.35,11,1.73,9.05,5.23,6.64,4.52,0.71,28,7,0,1,1
670183,Garrett Acton,142,Minnesota Twins,2026,28,4,0,4,7,5,2,0,0,9,3,1,4,1,.174,23,.286,.261,.547,0,0,.---,.---,1,115,2.70,6.2,1,1,0,1,0,1,2,1.05,28,20,4,0,0,73,.630,1,0,0,0,6,0.57,.500,17.25,3,3.00,12.15,4.05,5.40,6.75,0.00,1,0,0,0,1
670103,Raymond Burgos,111,Boston Red Sox,2026,27,3,0,14,10,3,0,0,2,5,1,0,4,0,.121,33,.147,.303,.450,0,1,1.000,.000,1,119,2.70,10.0,0,0,1,1,0,0,3,0.50,34,30,3,0,0,86,.720,0,0,0,0,10,1.40,.---,11.90,3,5.00,4.50,0.90,3.60,2.70,1.80,0,0,0,0,0
656786,Parker Mushinski,115,Colorado Rockies,2026,30,8,0,9,11,2,2,0,0,0,5,0,9,0,.310,29,.412,.379,.791,0,1,1.000,.000,1,139,2.70,6.2,1,0,0,0,2,0,2,2.10,34,20,8,0,0,84,.600,0,0,1,0,11,0.82,1.000,20.85,1,0.00,0.00,6.75,12.15,2.70,0.00,7,5,0,0,0
676571,PJ Poulin,120,Washington Nationals,2026,29,35,11,39,40,12,7,0,4,25,21,1,27,1,.206,131,.320,.351,.671,0,3,1.000,.000,5,635,2.70,36.2,3,0,3,5,7,2,11,1.31,153,110,35,0,0,382,.600,1,0,1,1,46,0.98,1.000,17.32,5,1.19,6.14,5.15,6.63,2.95,0.98,16,8,0,0,0
657514,Brennan Bernardino,115,Colorado Rockies,2026,34,61,2,54,61,21,12,1,4,40,14,1,49,3,.246,199,.303,.377,.680,1,9,.900,.100,2,840,2.72,53.0,3,3,1,5,11,4,16,1.19,222,159,61,0,0,521,.620,3,0,1,3,75,0.89,.500,15.85,9,2.86,6.79,2.38,8.32,3.57,0.68,40,12,1,3,2
594027,Tyron Guerrero,111,Boston Red Sox,2026,35,35,0,41,30,15,3,0,2,35,6,1,33,2,.239,138,.281,.304,.585,0,2,1.000,.000,3,536,2.72,36.1,1,2,0,0,17,0,11,1.07,147,109,35,0,0,391,.730,2,0,1,0,42,1.37,.333,14.75,2,5.83,8.67,1.49,8.17,3.72,0.50,15,2,0,1,0
695505,Chase Burns,113,Cincinnati Reds,2026,23,25,25,95,145,47,24,3,14,164,49,0,112,1,.218,514,.286,.358,.644,6,22,.786,.214,8,2302,2.77,139.2,14,3,0,0,0,0,43,1.15,567,419,25,0,0,1456,.630,1,0,5,2,184,0.66,.824,16.48,0,3.35,10.57,3.16,7.22,3.03,0.90,0,0,1,0,2
690986,Kyle Harrison,158,Milwaukee Brewers,2026,24,21,21,75,101,37,16,1,14,127,27,0,89,4,.227,392,.284,.380,.664,2,3,.600,.400,5,1785,2.79,103.1,10,3,0,0,0,0,32,1.12,423,310,21,0,0,1185,.660,4,0,3,1,149,0.74,.769,17.27,0,4.70,11.06,2.35,7.75,3.22,1.22,0,0,0,0,0
608331,Max Fried,147,New York Yankees,2026,32,15,15,85,80,27,10,1,2,79,27,0,59,2,.197,299,.266,.258,.524,1,3,.750,.250,11,1296,2.81,86.1,4,4,0,0,0,0,27,1.00,332,259,15,0,0,812,.630,2,1,2,2,77,1.06,.500,15.01,0,2.93,8.24,2.81,6.15,2.81,0.21,0,0,0,1,3
683618,Edgardo Henriquez,119,Los Angeles Dodgers,2026,24,54,1,48,47,23,7,1,1,62,23,0,31,5,.167,186,.276,.231,.507,2,3,.600,.400,6,863,2.82,54.1,4,1,1,2,9,1,17,0.99,216,163,54,0,0,543,.630,5,1,3,1,43,1.02,.800,15.88,7,2.70,10.27,3.81,5.13,3.81,0.17,12,4,0,2,0
543243,Sonny Gray,111,Boston Red Sox,2026,36,25,25,142,142,46,30,1,15,128,37,0,132,5,.244,541,.297,.386,.683,3,15,.833,.167,11,2113,2.82,143.2,16,4,0,0,0,0,45,1.18,586,431,25,0,0,1354,.640,5,1,1,1,209,1.00,.800,14.71,0,3.46,8.02,2.32,8.27,2.88,0.94,0,0,0,0,3
669020,Ryan Rolison,112,Chicago Cubs,2026,28,47,2,46,46,18,7,0,5,48,23,0,41,0,.229,179,.315,.352,.667,2,1,.333,.667,9,801,2.82,51.0,7,1,1,3,7,2,16,1.25,204,153,47,0,0,503,.630,0,0,4,2,63,1.00,.875,15.71,13,2.09,8.47,4.06,7.24,3.18,0.88,30,10,0,1,1
681217,Chase Silseth,140,Texas Rangers,2026,26,60,0,40,51,18,5,2,5,58,30,4,41,2,.220,186,.332,.349,.681,1,11,.917,.083,3,898,2.82,51.0,3,3,0,4,13,4,16,1.39,222,153,60,0,0,558,.620,2,0,5,0,65,0.78,.500,17.61,10,1.93,10.24,5.29,7.24,3.18,0.88,45,19,0,2,2
680742,Jonathan Bowlan,143,Philadelphia Phillies,2026,29,50,0,42,40,17,3,1,4,58,14,0,35,2,.202,173,.267,.301,.568,3,4,.571,.429,4,790,2.83,47.2,2,1,1,4,11,3,15,1.03,191,143,50,0,0,506,.640,2,0,0,0,52,1.05,.667,16.57,6,4.14,10.95,2.64,6.61,3.21,0.76,23,7,0,0,2
676263,Jack Dreyer,119,Los Angeles Dodgers,2026,27,57,1,48,44,17,5,0,7,66,18,2,37,1,.192,193,.264,.326,.590,1,3,.750,.250,3,863,2.83,54.0,5,1,1,4,10,3,17,1.02,214,162,57,0,0,568,.660,1,0,4,0,63,1.09,.833,15.98,14,3.67,11.00,3.00,6.17,2.83,1.17,39,13,0,2,0
676428,Brant Hurter,116,Detroit Tigers,2026,27,21,0,38,17,9,5,0,1,18,12,1,15,1,.174,86,.280,.267,.547,0,2,1.000,.000,5,360,2.84,25.1,4,1,0,0,1,0,8,1.07,101,76,21,0,0,224,.620,1,0,0,0,23,2.24,.800,14.21,4,1.50,6.39,4.26,5.33,3.20,0.36,27,5,0,1,1
596001,Jakob Junis,140,Texas Rangers,2026,33,41,1,41,56,14,5,0,3,33,9,1,39,3,.231,169,.282,.314,.596,1,3,.750,.250,2,642,2.84,44.1,1,2,5,6,16,1,14,1.08,181,133,41,0,0,434,.680,3,0,2,0,53,0.73,.333,14.48,10,3.67,6.70,1.83,7.92,2.84,0.61,10,4,0,0,0
804267,Zac Thornton,121,New York Mets,2026,24,10,10,57,60,19,6,0,6,40,14,0,51,1,.248,206,.297,.364,.661,1,3,.750,.250,9,827,2.88,56.1,3,4,0,0,0,0,18,1.15,223,169,10,0,0,546,.660,1,0,1,1,75,0.95,.429,14.68,0,2.86,6.39,2.24,8.15,3.04,0.96,0,0,0,1,1
670062,Julian Garcia,113,Cincinnati Reds,2026,31,24,0,27,38,12,5,0,6,31,13,0,18,1,.161,112,.250,.366,.616,2,2,.500,.500,3,517,2.88,34.1,2,3,2,2,3,0,11,0.90,128,103,24,0,0,336,.650,1,0,1,1,41,0.71,.400,15.06,4,2.38,8.13,3.41,4.72,3.15,1.57,18,5,0,0,2
683627,Anthony Molina,137,San Francisco Giants,2026,24,4,0,12,11,4,0,0,1,3,2,0,7,0,.212,33,.257,.303,.560,0,0,.---,.---,1,140,2.89,9.1,1,0,0,0,0,0,3,0.96,35,28,4,0,0,89,.640,0,0,0,0,10,1.09,1.000,15.00,2,1.50,2.89,1.93,6.75,3.86,0.96,0,0,0,0,0
663558,Jovani Morán,111,Boston Red Sox,2026,29,41,3,51,55,19,6,1,7,61,27,1,33,2,.168,196,.273,.316,.589,0,6,1.000,.000,2,893,2.89,56.0,2,3,0,1,4,1,18,1.07,229,168,41,0,0,553,.620,2,1,2,0,62,0.93,.400,15.95,9,2.26,9.80,4.34,5.30,3.05,1.13,9,2,0,2,2
615698,Cal Quantrill,140,Texas Rangers,2026,31,27,10,76,110,33,12,0,9,60,22,1,73,5,.230,317,.289,.353,.642,0,9,1.000,.000,7,1311,2.90,83.2,6,4,0,0,0,0,27,1.14,347,251,27,0,0,839,.640,5,0,2,0,112,0.69,.600,15.67,8,2.73,6.45,2.37,7.85,3.55,0.97,8,2,1,0,2
669373,Tarik Skubal,119,Los Angeles Dodgers,2026,29,20,20,113,94,43,20,2,12,146,21,0,94,5,.212,443,.255,.348,.603,1,6,.857,.143,14,1826,2.91,120.2,8,7,0,0,0,0,39,0.95,473,362,20,0,0,1245,.680,5,0,0,0,154,1.20,.533,15.13,0,6.95,10.89,1.57,7.01,3.21,0.90,0,0,0,3,1
657097,Jacob Webb,112,Chicago Cubs,2026,32,59,0,52,58,22,4,0,8,64,21,0,51,0,.229,223,.293,.354,.647,1,3,.750,.250,2,988,2.91,58.2,6,4,9,15,8,6,19,1.23,246,176,59,0,0,660,.670,0,0,0,1,79,0.90,.600,16.84,24,3.05,9.82,3.22,7.82,3.38,1.23,21,6,0,0,2
671106,Logan Allen,114,Cleveland Guardians,2026,27,5,1,13,12,7,4,0,2,13,4,0,14,2,.275,51,.345,.471,.816,0,0,.---,.---,0,237,2.92,12.1,0,0,0,0,0,0,4,1.46,58,37,5,0,0,148,.620,2,0,0,0,24,1.08,.---,19.22,2,3.25,9.49,2.92,10.22,5.11,1.46,1,0,0,0,1
687531,William Kempner,146,Miami Marlins,2026,25,9,0,9,13,4,2,0,1,14,4,0,8,2,.182,44,.280,.295,.575,0,1,1.000,.000,1,199,2.92,12.1,1,0,0,0,0,0,4,0.97,50,37,9,0,0,127,.640,2,0,0,0,13,0.69,1.000,16.14,3,3.50,10.22,2.92,5.84,2.92,0.73,5,0,0,0,0
607259,Nick Martinez,139,Tampa Bay Rays,2026,35,25,25,138,203,48,28,2,17,87,22,0,140,3,.249,563,.279,.396,.675,3,8,.727,.273,10,2069,2.93,147.2,13,4,0,0,0,0,48,1.10,593,443,25,1,0,1407,.680,3,0,5,0,223,0.68,.765,14.01,0,3.95,5.30,1.34,8.53,2.93,1.04,0,0,0,2,3
805427,Drew Sommers,116,Detroit Tigers,2026,25,32,0,25,12,11,2,0,2,43,11,2,22,1,.218,101,.301,.297,.598,0,1,1.000,.000,2,457,2.93,27.2,1,3,0,1,10,1,9,1.19,114,83,32,0,0,308,.670,1,0,1,0,30,2.08,.250,16.52,2,3.91,13.99,3.58,7.16,3.58,0.65,17,4,0,1,0
663738,Daniel Lynch IV,118,Kansas City Royals,2026,29,50,4,64,66,23,12,1,4,43,17,0,43,2,.200,215,.264,.321,.585,0,2,1.000,.000,2,853,2.93,58.1,4,4,1,3,13,2,19,1.03,235,175,50,0,0,539,.630,2,0,1,0,69,0.97,.500,14.62,2,2.53,6.63,2.62,6.63,3.55,0.62,20,4,0,0,1
628452,Raisel Iglesias,144,Atlanta Braves,2026,36,48,0,39,50,19,8,1,5,52,16,1,43,1,.234,184,.299,.370,.669,1,1,.500,.500,6,758,2.94,49.0,1,2,28,31,0,3,16,1.20,201,147,48,0,0,531,.700,1,1,0,0,68,0.78,.333,15.47,41,3.25,9.55,2.94,7.90,3.49,0.92,4,1,0,0,0
700712,Walbert Ureña,108,Los Angeles Angels,2026,22,24,22,127,103,45,17,0,7,112,64,1,86,8,.203,424,.317,.292,.609,3,7,.700,.300,10,2025,2.94,116.1,8,9,0,0,1,0,38,1.29,500,349,24,0,0,1246,.620,8,1,6,1,124,1.23,.471,17.41,0,1.75,8.66,4.95,6.65,3.48,0.54,1,1,0,1,3
656876,Drew Rasmussen,139,Tampa Bay Rays,2026,30,25,25,135,135,48,16,1,13,143,25,0,105,7,.204,515,.249,.315,.564,5,19,.792,.208,6,2184,2.95,140.1,14,5,0,0,0,0,46,0.93,550,421,25,0,0,1460,.670,7,0,3,0,162,1.00,.737,15.56,0,5.72,9.17,1.60,6.73,3.08,0.83,0,0,0,0,3
693686,Spencer Miles,141,Toronto Blue Jays,2026,25,41,5,93,74,29,9,1,5,74,20,1,70,1,.227,309,.275,.311,.586,4,9,.692,.308,2,1277,2.95,82.1,5,2,1,1,4,0,27,1.09,332,247,41,0,0,847,.660,1,0,1,0,96,1.26,.714,15.51,8,3.70,8.09,2.19,7.65,3.17,0.55,20,4,0,1,1
605540,Brandon Woodruff,158,Milwaukee Brewers,2026,33,9,9,25,63,16,6,0,5,47,10,1,28,1,.174,161,.224,.304,.528,1,3,.750,.250,1,639,2.98,45.1,2,2,0,0,0,0,15,0.84,174,136,9,0,0,439,.690,1,0,0,0,49,0.40,.500,14.10,0,4.70,9.33,1.99,5.56,3.18,0.99,0,0,0,0,2
700669,Gordon Graceffo,138,St. Louis Cardinals,2026,26,53,1,73,74,24,12,0,5,42,30,2,41,2,.182,225,.279,.302,.581,0,3,1.000,.000,8,975,2.98,66.1,7,1,1,3,6,2,22,1.07,262,199,53,0,0,588,.600,2,1,2,0,68,0.99,.875,14.70,14,1.40,5.70,4.07,5.56,3.26,0.68,39,11,0,0,5
660825,Eduard Bazardo,136,Seattle Mariners,2026,30,63,0,47,68,23,11,0,9,60,18,2,60,1,.263,228,.313,.430,.743,1,5,.833,.167,6,963,3.00,60.0,3,3,0,3,25,3,20,1.30,254,180,63,0,0,643,.670,1,0,0,2,98,0.69,.500,16.05,2,3.33,9.00,2.70,9.00,3.45,1.35,36,14,0,2,5
694350,Zach Brzykcy,146,Miami Marlins,2026,26,2,0,4,1,1,1,0,0,2,2,0,3,0,.300,10,.417,.400,.817,0,0,.---,.---,0,48,3.00,3.0,0,0,0,0,0,0,1,1.67,12,9,2,0,0,27,.560,0,0,0,0,4,4.00,.---,16.00,1,1.00,6.00,6.00,9.00,3.00,0.00,0,0,0,0,0
662144,Brian Keller,143,Philadelphia Phillies,2026,32,1,0,1,5,1,0,0,1,3,0,0,2,0,.182,11,.182,.455,.637,0,0,.---,.---,0,39,3.00,3.0,0,0,0,0,0,0,1,0.67,11,9,1,0,0,29,.740,0,0,0,0,5,0.20,.---,13.00,0,-.--,9.00,0.00,6.00,3.00,3.00,0,0,0,0,0
694397,Marco Raya,142,Minnesota Twins,2026,23,3,0,7,6,2,0,0,1,4,3,0,5,0,.227,22,.320,.364,.684,0,0,.---,.---,1,100,3.00,6.0,0,0,0,0,0,0,2,1.33,25,18,3,0,0,58,.580,0,0,0,0,8,1.17,.---,16.67,3,1.33,6.00,4.50,7.50,3.00,1.50,0,0,0,0,0
681870,Erik Sabrowski,114,Cleveland Guardians,2026,28,50,0,8,43,16,5,2,3,65,25,2,24,1,.174,138,.301,.304,.605,0,3,1.000,.000,0,690,3.00,39.0,5,2,1,3,23,2,13,1.26,166,117,50,0,0,436,.630,1,0,5,0,42,0.19,.714,17.69,5,2.60,15.00,5.77,5.54,3.69,0.69,30,8,0,0,2
676620,Blake Weiman,108,Los Angeles Angels,2026,30,8,0,9,11,5,3,0,1,8,1,1,14,0,.350,40,.357,.500,.857,0,2,1.000,.000,0,159,3.00,9.0,0,1,0,0,2,0,3,1.67,43,27,8,0,0,108,.680,0,0,1,0,20,0.82,.000,17.67,3,8.00,8.00,1.00,14.00,5.00,1.00,4,4,0,1,1
642376,Jefry Yan,121,New York Mets,2026,29,9,0,8,8,3,0,0,1,10,8,0,6,0,.207,29,.359,.310,.669,0,0,.---,.---,0,149,3.00,9.0,1,1,0,0,1,0,3,1.56,40,27,9,0,0,89,.600,0,0,1,0,9,1.00,.500,16.56,2,1.25,10.00,8.00,6.00,3.00,1.00,8,4,0,1,2
607192,Tyler Glasnow,119,Los Angeles Dodgers,2026,32,8,8,35,39,15,5,1,5,56,13,1,26,0,.169,154,.231,.312,.543,2,8,.800,.200,3,688,3.02,44.2,3,0,0,0,0,0,15,0.87,169,134,8,0,0,434,.630,0,0,1,1,48,0.90,1.000,15.40,0,4.31,11.28,2.62,5.24,3.02,1.01,0,0,0,0,2
674003,Cody Bradford,140,Texas Rangers,2026,28,4,4,14,30,7,7,0,1,13,4,0,25,1,.313,80,.349,.438,.787,2,4,.667,.333,3,306,3.05,20.2,0,2,0,0,0,0,7,1.40,87,62,4,0,0,213,.700,1,0,0,0,35,0.47,.000,14.81,0,3.25,5.66,1.74,10.89,3.05,0.44,0,0,0,1,1
663947,Tyler Holton,116,Detroit Tigers,2026,30,57,3,79,49,26,10,1,8,49,14,0,64,4,.267,240,.318,.417,.735,2,0,.000,1.000,4,965,3.06,61.2,1,5,2,4,14,2,21,1.26,259,185,57,0,0,625,.650,4,0,2,1,100,1.61,.167,15.65,10,3.50,7.15,2.04,9.34,3.79,1.17,25,5,0,1,0
801139,Payton Tolle,111,Boston Red Sox,2026,23,22,22,84,141,47,26,1,14,141,35,1,101,3,.218,464,.276,.369,.645,4,4,.500,.500,5,1908,3.09,125.1,8,6,0,0,0,0,43,1.09,505,376,22,0,0,1310,.690,3,1,2,1,171,0.60,.571,15.22,0,4.03,10.13,2.51,7.25,3.38,1.01,0,0,0,1,2
666200,Jesús Luzardo,143,Philadelphia Phillies,2026,28,27,27,157,118,64,29,1,14,203,50,0,133,9,.220,604,.288,.341,.629,7,13,.650,.350,6,2652,3.09,163.0,12,5,0,0,0,0,56,1.12,670,489,27,0,0,1704,.640,9,1,8,1,206,1.33,.706,16.27,0,4.06,11.21,2.76,7.34,3.53,0.77,0,0,0,4,3
663556,Shane McClanahan,139,Tampa Bay Rays,2026,29,22,22,107,112,44,17,1,8,99,36,0,84,4,.209,401,.281,.317,.598,3,14,.824,.176,5,1678,3.10,107.1,9,6,0,0,0,0,37,1.12,443,322,22,0,0,1089,.650,4,0,3,1,127,0.96,.600,15.63,0,2.75,8.30,3.02,7.04,3.69,0.67,0,0,1,1,0
681911,Alex Vesia,119,Los Angeles Dodgers,2026,30,59,0,26,56,17,5,1,3,59,31,3,25,0,.152,165,.284,.248,.532,0,4,1.000,.000,0,842,3.11,46.1,1,1,3,5,17,2,16,1.21,197,139,59,0,0,526,.620,0,1,0,0,41,0.46,.500,18.17,9,1.90,11.46,6.02,4.86,3.30,0.58,28,7,0,0,1
527048,Martín Pérez,144,Atlanta Braves,2026,35,25,21,135,113,44,16,4,12,85,48,1,92,2,.220,419,.300,.363,.663,0,3,1.000,.000,16,1818,3.12,115.1,8,8,0,0,0,0,40,1.21,475,346,25,0,0,1112,.610,2,0,0,0,152,1.19,.500,15.76,2,1.77,6.63,3.75,7.18,3.43,0.94,0,0,0,1,5
518585,Fernando Cruz,147,New York Yankees,2026,36,61,0,29,63,23,11,0,7,67,32,2,41,2,.207,198,.321,.369,.690,0,3,1.000,.000,3,944,3.13,54.2,4,6,2,8,19,6,19,1.34,234,164,61,0,0,568,.600,2,0,4,0,73,0.46,.400,17.27,9,2.09,11.03,5.27,6.75,3.79,1.15,46,6,0,0,2
681517,Kyle Leahy,138,St. Louis Cardinals,2026,29,25,25,131,115,44,30,1,12,115,37,0,127,5,.262,485,.320,.402,.722,5,7,.583,.417,13,2086,3.13,126.1,10,4,0,0,0,0,44,1.30,531,379,25,0,0,1315,.630,5,0,4,0,195,1.14,.714,16.51,0,3.11,8.19,2.64,9.05,3.13,0.85,0,0,1,2,1
607074,Carlos Rodón,147,New York Yankees,2026,33,11,11,42,61,23,11,0,4,58,30,0,36,1,.188,192,.295,.307,.602,1,5,.833,.167,2,970,3.15,54.1,4,2,0,0,0,0,19,1.21,228,163,11,0,0,586,.600,1,0,3,0,59,0.69,.667,17.85,0,1.93,9.61,4.97,5.96,3.81,0.66,0,0,0,1,4
670990,Yohan Ramírez,134,Pittsburgh Pirates,2026,31,53,1,67,54,29,16,0,4,85,42,9,50,11,.195,256,.333,.305,.638,2,4,.667,.333,9,1190,3.15,71.1,6,4,2,4,6,2,25,1.29,309,214,53,0,0,742,.620,11,0,7,0,78,1.24,.600,16.68,12,2.02,10.72,5.30,6.31,3.66,0.50,24,6,0,0,0
670329,Rico Garcia,110,Baltimore Orioles,2026,32,62,0,51,59,23,6,0,9,59,19,2,32,1,.160,200,.236,.325,.561,1,5,.833,.167,1,841,3.16,57.0,5,1,6,11,15,5,20,0.89,221,171,62,0,0,536,.640,1,0,0,0,65,0.86,.833,14.75,20,3.11,9.32,3.00,5.05,3.63,1.42,26,5,0,1,0
623211,Huascar Brazobán,145,Chicago White Sox,2026,36,56,6,68,58,23,13,1,5,54,29,1,42,1,.193,218,.288,.330,.618,6,5,.455,.545,4,981,3.16,62.2,5,2,0,4,11,4,22,1.13,252,188,56,0,0,625,.640,1,0,1,2,72,1.17,.714,15.65,3,1.86,7.76,4.16,6.03,3.30,0.72,40,13,0,2,2
805123,AJ Blubaugh,117,Houston Astros,2026,25,51,0,58,99,31,12,1,10,84,34,0,62,2,.210,295,.291,.359,.650,2,6,.750,.250,6,1398,3.17,82.1,4,2,1,1,8,0,29,1.17,339,247,51,0,0,864,.620,2,0,7,0,106,0.59,.667,16.98,8,2.47,9.18,3.72,6.78,3.39,1.09,24,4,0,2,6
691587,Eury Pérez,146,Miami Marlins,2026,23,23,23,98,130,51,22,1,13,137,52,0,90,8,.199,453,.291,.338,.629,5,25,.833,.167,9,2093,3.17,127.2,7,9,0,0,0,0,45,1.11,515,383,23,0,0,1336,.640,8,1,3,0,153,0.75,.438,16.39,0,2.63,9.66,3.67,6.34,3.60,0.92,0,0,0,0,2
691945,Carter Baumler,140,Texas Rangers,2026,24,4,0,3,7,2,1,0,1,6,6,0,4,1,.200,20,.407,.400,.807,0,0,.---,.---,1,117,3.18,5.2,0,0,0,0,0,0,2,1.76,27,17,4,0,0,68,.580,1,0,0,0,8,0.43,.---,20.65,1,1.00,9.53,9.53,6.35,3.18,1.59,0,0,0,0,0
683769,Hunter Gaddis,114,Cleveland Guardians,2026,28,53,0,33,59,16,4,0,5,44,19,0,42,2,.239,176,.317,.347,.664,0,2,1.000,.000,1,766,3.18,45.1,2,3,1,3,27,2,16,1.35,199,136,53,0,0,494,.640,2,0,1,0,61,0.56,.400,16.90,3,2.32,8.74,3.77,8.34,3.18,0.99,21,2,0,0,2
572143,Burch Smith,116,Detroit Tigers,2026,36,13,1,16,12,8,6,0,2,20,7,0,18,0,.277,65,.347,.462,.809,0,1,1.000,.000,3,287,3.18,17.0,0,2,0,0,0,0,6,1.47,73,51,13,0,0,185,.640,0,0,0,1,30,1.33,.000,16.88,4,2.86,10.59,3.71,9.53,4.24,1.06,1,0,0,1,0
682254,Mason Montgomery,134,Pittsburgh Pirates,2026,26,55,5,46,29,20,7,0,5,87,22,2,37,0,.187,198,.267,.298,.565,0,6,1.000,.000,2,931,3.19,53.2,5,3,6,8,9,2,19,1.10,221,161,55,0,0,611,.660,0,0,2,0,59,1.59,.625,17.35,16,3.95,14.59,3.69,6.20,3.35,0.84,27,5,0,0,1
543037,Gerrit Cole,147,New York Yankees,2026,35,17,17,70,117,36,19,1,13,105,21,0,85,2,.225,377,.270,.385,.655,1,4,.800,.200,2,1505,3.19,98.2,7,7,0,0,0,0,35,1.07,402,296,17,0,0,1030,.680,2,1,0,1,145,0.60,.500,15.25,0,5.00,9.58,1.92,7.75,3.28,1.19,0,0,2,0,0
656492,Foster Griffin,114,Cleveland Guardians,2026,30,26,26,154,146,60,23,1,23,135,38,0,130,8,.232,561,.289,.399,.688,2,6,.750,.250,17,2431,3.19,149.1,15,4,0,0,0,0,53,1.13,611,448,26,0,0,1610,.660,8,1,3,1,224,1.05,.789,16.28,0,3.55,8.14,2.29,7.83,3.62,1.39,0,0,0,2,2
676917,Cade Cavalli,120,Washington Nationals,2026,27,28,28,149,114,64,22,0,17,169,43,0,137,12,.243,564,.308,.372,.680,2,8,.800,.200,14,2435,3.21,148.2,12,5,0,0,0,0,53,1.21,624,446,28,0,0,1599,.660,12,1,4,1,210,1.31,.706,16.38,0,3.93,10.23,2.60,8.29,3.87,1.03,0,0,0,1,4
690997,Nolan McLean,121,New York Mets,2026,24,26,26,148,117,64,22,0,15,168,58,0,112,15,.208,539,.301,.332,.633,2,5,.714,.286,8,2451,3.21,148.2,9,8,0,0,0,0,53,1.14,618,446,26,0,0,1546,.630,15,0,2,3,179,1.26,.529,16.49,0,2.90,10.17,3.51,6.78,3.87,0.91,0,0,0,3,3
592662,Robbie Ray,135,San Diego Padres,2026,34,26,25,115,174,59,22,1,19,122,70,0,118,1,.226,521,.316,.382,.698,8,18,.692,.308,12,2427,3.21,143.0,11,7,0,0,0,0,51,1.31,600,429,26,0,0,1457,.600,1,0,5,5,199,0.66,.611,16.97,0,1.74,7.68,4.41,7.43,3.71,1.20,0,0,0,2,6
666974,Yennier Cano,110,Baltimore Orioles,2026,32,56,0,57,31,18,6,0,1,38,10,0,36,2,.224,161,.276,.280,.556,2,5,.714,.286,1,668,3.21,42.0,2,3,2,4,11,2,15,1.10,174,126,56,0,0,426,.640,2,0,2,0,45,1.84,.400,15.90,8,3.80,8.14,2.14,7.71,3.86,0.21,26,7,0,0,1
650633,Michael King,135,San Diego Padres,2026,31,27,27,155,153,58,17,1,18,135,60,0,122,10,.217,562,.303,.347,.650,8,6,.429,.571,18,2508,3.23,156.0,8,9,0,0,0,0,56,1.17,636,468,27,0,0,1593,.640,10,1,2,0,195,1.01,.471,16.08,0,2.25,7.79,3.46,7.04,3.35,1.04,0,0,1,2,1
656529,Sam Hentges,137,San Francisco Giants,2026,29,40,0,31,31,15,5,0,0,35,23,2,30,4,.240,125,.370,.280,.650,2,2,.500,.500,2,617,3.27,33.0,1,6,0,3,10,3,12,1.61,154,99,40,0,0,368,.600,4,0,4,0,35,1.00,.143,18.70,3,1.52,9.55,6.27,8.18,4.09,0.00,29,10,0,0,2
663542,Bryan Hudson,145,Chicago White Sox,2026,29,57,7,50,56,22,6,0,4,52,17,2,51,4,.256,199,.319,.347,.666,1,7,.875,.125,4,884,3.27,55.0,4,4,5,8,8,3,20,1.24,231,165,57,0,0,592,.670,4,2,0,2,69,0.89,.500,16.07,11,3.06,8.51,2.78,8.35,3.60,0.65,19,11,1,4,6
682120,Tim Herrin,114,Cleveland Guardians,2026,29,56,0,41,49,18,6,2,5,42,24,3,34,5,.214,159,.325,.371,.696,1,8,.889,.111,5,781,3.28,46.2,2,4,0,1,15,1,17,1.24,195,140,56,0,0,478,.610,5,0,3,0,59,0.84,.333,16.74,8,1.75,8.10,4.63,6.56,3.47,0.96,34,11,0,1,6
676879,Aaron Ashby,158,Milwaukee Brewers,2026,28,62,1,72,45,32,9,0,6,102,36,1,65,2,.230,282,.320,.326,.646,1,3,.750,.250,7,1322,3.28,74.0,13,2,2,8,12,6,27,1.36,322,222,62,0,0,814,.620,2,1,9,1,92,1.60,.867,17.86,8,2.83,12.41,4.38,7.91,3.89,0.73,20,9,0,0,2
682989,Victor Mederos,144,Atlanta Braves,2026,25,19,0,16,33,9,5,2,1,25,9,0,19,2,.209,91,.291,.341,.632,0,3,1.000,.000,1,421,3.28,24.2,3,1,1,1,0,0,9,1.14,104,74,19,0,0,261,.620,2,0,1,0,31,0.48,.750,17.07,7,2.78,9.12,3.28,6.93,3.28,0.36,4,0,0,1,1
622088,Tejay Antone,113,Cincinnati Reds,2026,32,44,0,47,45,19,10,1,5,41,13,2,34,5,.209,163,.286,.374,.660,2,5,.714,.286,1,723,3.30,43.2,2,2,1,4,8,3,16,1.08,186,131,44,0,0,485,.670,5,0,0,1,61,1.04,.500,16.56,9,3.15,8.45,2.68,7.01,3.92,1.03,17,2,1,3,1
672456,Keider Montero,116,Detroit Tigers,2026,25,27,21,139,169,53,21,2,14,89,30,2,103,5,.209,494,.260,.344,.604,0,2,1.000,.000,7,1929,3.30,133.2,9,8,1,1,0,0,49,1.00,535,401,27,0,0,1276,.660,5,0,1,0,170,0.82,.529,14.43,3,2.97,5.99,2.02,6.94,3.57,0.94,2,1,0,4,2
694477,Chad Patrick,158,Milwaukee Brewers,2026,27,46,6,81,102,34,16,2,9,82,35,2,79,2,.233,339,.307,.372,.679,3,4,.571,.429,11,1504,3.30,92.2,7,4,5,6,9,1,34,1.23,381,278,46,0,0,964,.640,2,0,2,0,126,0.79,.636,16.23,8,2.34,7.96,3.40,7.67,3.30,0.87,19,5,0,3,2
677161,Zack Kelly,111,Boston Red Sox,2026,31,17,0,19,16,8,1,0,1,14,7,0,14,1,.233,60,.314,.300,.614,0,1,1.000,.000,1,283,3.31,16.1,0,2,0,1,3,1,6,1.29,71,49,17,0,0,170,.600,1,0,1,0,18,1.19,.000,17.33,5,2.00,7.71,3.86,7.71,4.41,0.55,9,3,0,1,2
640448,Kyle Finnegan,116,Detroit Tigers,2026,34,55,0,60,49,20,9,1,8,41,32,0,53,1,.264,201,.368,.438,.806,3,13,.813,.188,10,907,3.31,54.1,2,0,2,10,14,8,20,1.56,236,163,55,0,0,555,.610,1,0,0,1,88,1.22,1.000,16.69,6,1.28,6.79,5.30,8.78,3.31,1.33,36,7,0,2,0
642397,Gregory Soto,134,Pittsburgh Pirates,2026,31,57,0,48,53,25,9,1,5,68,24,2,40,4,.193,207,.289,.319,.608,0,6,1.000,.000,4,966,3.32,57.0,6,4,14,19,9,5,21,1.12,238,171,57,0,0,603,.620,4,1,7,0,66,0.91,.600,16.95,25,2.83,10.74,3.79,6.32,3.95,0.79,18,5,1,2,0
680732,Sean Burke,145,Chicago White Sox,2026,26,27,23,102,169,57,25,4,18,161,50,0,122,8,.222,550,.295,.380,.675,7,18,.720,.280,5,2446,3.32,149.0,7,6,0,0,0,0,55,1.15,613,447,27,0,0,1624,.660,8,2,10,2,209,0.60,.538,16.42,1,3.22,9.72,3.02,7.37,3.44,1.09,1,0,1,2,2
668933,Graham Ashcraft,113,Cincinnati Reds,2026,28,26,0,27,17,11,4,1,2,32,16,1,17,0,.183,93,.303,.312,.615,1,0,.000,1.000,4,450,3.33,27.0,1,1,1,3,10,2,10,1.22,109,81,26,0,0,281,.620,0,0,2,0,29,1.59,.500,16.67,5,2.00,10.67,5.33,5.67,3.67,0.67,5,0,0,0,0
641835,Tim Mayza,143,Philadelphia Phillies,2026,34,52,4,61,52,24,9,2,6,59,15,2,49,1,.225,218,.277,.367,.644,2,5,.714,.286,7,954,3.34,59.1,3,3,0,0,1,0,22,1.08,237,178,52,0,0,605,.630,1,1,2,1,80,1.17,.500,16.08,11,3.93,8.95,2.28,7.43,3.64,0.91,20,7,0,2,1
696070,Kendry Rojas,142,Minnesota Twins,2026,23,12,4,23,27,11,5,0,2,34,22,0,23,1,.221,104,.362,.327,.689,0,1,1.000,.000,3,521,3.34,29.2,1,1,0,0,1,0,11,1.52,130,89,12,0,0,305,.590,1,0,1,1,34,0.85,.500,17.56,3,1.55,10.31,6.67,6.98,3.34,0.61,0,0,0,3,0
624133,Ranger Suarez,111,Boston Red Sox,2026,30,23,23,109,117,47,23,1,7,117,37,0,105,6,.236,444,.301,.340,.641,1,6,.857,.143,9,1912,3.35,118.1,5,3,0,0,0,0,44,1.20,491,355,23,0,0,1211,.630,6,0,0,1,151,0.93,.625,16.16,0,3.16,8.90,2.81,7.99,3.57,0.53,0,0,0,0,4
552640,Andrew Kittredge,110,Baltimore Orioles,2026,36,46,0,46,45,25,7,0,5,33,11,2,44,0,.265,166,.309,.398,.707,1,11,.917,.083,1,597,3.35,40.1,2,3,7,11,9,4,15,1.36,179,121,46,0,0,422,.710,0,0,2,0,66,1.02,.400,14.80,16,3.00,7.36,2.45,9.82,5.58,1.12,18,7,0,1,1
668941,JoJo Romero,138,St. Louis Cardinals,2026,29,44,0,45,38,17,6,1,5,43,16,2,40,4,.244,164,.326,.384,.710,1,3,.750,.250,3,721,3.35,43.0,1,3,0,2,20,2,16,1.30,186,129,44,0,0,453,.630,4,0,0,0,63,1.18,.250,16.77,4,2.69,9.00,3.35,8.37,3.56,1.05,28,8,0,2,0
676775,Keaton Winn,137,San Francisco Giants,2026,28,44,0,52,37,17,7,1,3,33,17,1,34,3,.222,153,.309,.340,.649,2,4,.667,.333,6,644,3.35,43.0,2,3,1,4,14,3,16,1.19,176,129,44,0,0,412,.640,3,1,1,0,52,1.41,.400,14.98,5,1.94,6.91,3.56,7.12,3.56,0.63,24,9,0,1,2
667297,Tommy Nance,142,Minnesota Twins,2026,35,48,0,51,37,19,3,0,5,53,19,1,46,0,.251,183,.317,.350,.667,4,10,.714,.286,3,787,3.35,48.1,2,2,0,3,6,3,18,1.34,206,145,48,0,0,527,.670,0,1,3,0,64,1.38,.500,16.28,6,2.79,9.87,3.54,8.57,3.54,0.93,18,12,0,1,3
680755,Braydon Fisher,141,Toronto Blue Jays,2026,25,65,8,60,64,32,7,1,7,63,36,5,47,3,.207,227,.320,.339,.659,2,2,.500,.500,7,1079,3.36,67.0,3,4,1,1,12,0,25,1.24,273,201,65,0,0,670,.620,3,0,3,2,77,0.94,.429,16.10,8,1.75,8.46,4.84,6.31,4.30,0.94,27,6,0,4,3
669302,Logan Gilbert,136,Seattle Mariners,2026,29,26,26,120,170,58,34,0,21,162,39,1,120,5,.212,566,.268,.383,.651,2,11,.846,.154,9,2459,3.36,155.1,11,7,0,0,0,0,58,1.02,616,466,26,0,0,1603,.650,5,0,3,3,217,0.71,.611,15.83,0,4.15,9.39,2.26,6.95,3.36,1.22,0,0,0,3,3
676106,Emerson Hancock,136,Seattle Mariners,2026,27,24,24,116,146,51,21,0,18,125,32,1,118,6,.235,503,.287,.384,.671,3,8,.727,.273,12,2104,3.37,133.2,7,7,0,0,0,0,50,1.12,543,401,24,0,0,1372,.650,6,0,4,2,193,0.79,.500,15.74,0,3.91,8.42,2.15,7.95,3.43,1.21,0,0,0,0,2
680916,Franco Aleman,114,Cleveland Guardians,2026,26,18,0,8,23,7,2,0,2,22,8,0,19,2,.264,72,.354,.375,.729,1,2,.667,.333,2,334,3.38,18.2,0,0,0,0,3,0,7,1.45,82,56,18,0,0,206,.620,2,0,1,0,27,0.35,.---,17.89,2,2.75,10.61,3.86,9.16,3.37,0.96,4,4,0,0,0
681982,Grant Anderson,158,Milwaukee Brewers,2026,29,49,0,45,59,23,12,2,7,46,21,2,38,1,.203,187,.286,.401,.687,3,3,.500,.500,5,815,3.38,53.1,3,3,0,0,5,0,20,1.11,210,160,49,0,0,516,.630,1,0,0,1,75,0.76,.500,15.28,8,2.19,7.76,3.54,6.41,3.88,1.18,24,8,0,0,1
666745,Jhony Brito,135,San Diego Padres,2026,28,3,0,3,8,2,1,0,1,4,1,0,4,0,.211,19,.250,.421,.671,0,0,.---,.---,1,78,3.38,5.1,0,0,0,0,1,0,2,0.94,20,16,3,0,0,56,.720,0,0,0,0,8,0.38,.---,14.63,1,4.00,6.75,1.69,6.75,3.38,1.69,4,2,0,0,0
676395,Robert Garcia,140,Texas Rangers,2026,30,9,0,9,7,5,1,0,0,6,7,0,5,0,.185,27,.353,.222,.575,0,3,1.000,.000,2,153,3.38,8.0,0,1,0,1,2,1,3,1.50,34,24,9,0,0,90,.590,0,0,0,0,6,1.29,.000,19.13,1,0.86,6.75,7.88,5.63,5.63,0.00,1,0,0,0,0
593974,Wandy Peralta,135,San Diego Padres,2026,34,55,5,78,59,24,14,1,5,40,22,1,66,2,.275,240,.340,.404,.744,4,0,.000,1.000,9,1017,3.38,64.0,2,2,0,2,4,2,24,1.38,267,192,55,0,0,647,.640,2,0,1,0,97,1.32,.500,15.89,16,1.82,5.63,3.09,9.28,3.38,0.70,29,7,0,2,1
700413,Tyler Uberstine,111,Boston Red Sox,2026,27,1,0,1,4,1,1,0,1,2,1,0,3,0,.300,10,.364,.700,1.064,0,0,.---,.---,1,45,3.38,2.2,0,1,0,0,0,0,1,1.50,11,8,1,0,0,34,.760,0,0,0,0,7,0.25,.000,16.88,0,2.00,6.75,3.38,10.13,3.38,3.38,0,0,0,0,0
645261,Sandy Alcantara,146,Miami Marlins,2026,30,28,28,189,208,74,29,2,18,137,49,0,167,7,.240,697,.295,.364,.659,6,12,.667,.333,12,2769,3.38,183.2,13,8,0,0,0,0,69,1.18,757,551,28,1,1,1847,.670,7,2,1,0,254,0.91,.619,15.08,0,2.80,6.71,2.40,8.18,3.63,0.88,0,0,0,1,3
677865,Justin Bruihl,138,St. Louis Cardinals,2026,29,60,0,82,68,31,16,0,3,44,25,2,66,8,.262,252,.339,.361,.700,2,9,.818,.182,6,1122,3.39,66.1,0,1,0,1,10,1,25,1.37,293,199,60,0,0,719,.640,8,0,3,0,91,1.21,.000,16.91,9,1.76,5.97,3.39,8.95,4.21,0.41,27,13,0,1,7
647336,Michael Soroka,109,Arizona Diamondbacks,2026,28,18,18,83,104,36,20,3,6,91,24,1,87,6,.240,362,.297,.362,.659,3,14,.824,.176,3,1531,3.40,95.1,8,4,0,0,0,0,36,1.16,395,286,18,0,0,1009,.660,6,0,1,0,131,0.80,.667,16.06,0,3.79,8.59,2.27,8.21,3.40,0.57,0,0,0,1,2
820862,José Fermin,108,Los Angeles Angels,2026,24,42,0,41,38,20,8,0,6,54,20,1,39,4,.227,172,.321,.378,.699,0,7,1.000,.000,2,805,3.40,45.0,4,2,1,2,6,1,17,1.31,196,135,42,0,0,528,.660,4,0,3,0,65,1.08,.667,17.89,10,2.70,10.80,4.00,7.80,4.00,1.20,22,8,0,0,0
554430,Zack Wheeler,143,Philadelphia Phillies,2026,36,22,22,110,103,48,19,1,19,148,38,0,97,3,.213,456,.277,.384,.661,3,6,.667,.333,9,2047,3.40,124.1,10,5,0,0,0,0,47,1.09,499,373,22,0,0,1304,.640,3,0,2,2,175,1.07,.667,16.46,0,3.89,10.71,2.75,7.02,3.47,1.38,0,0,0,0,2
642232,Ryan Yarbrough,147,New York Yankees,2026,34,31,1,44,67,26,7,3,3,37,19,1,40,4,.215,186,.301,.333,.634,2,3,.600,.400,3,818,3.42,50.0,2,1,3,3,1,0,19,1.18,211,150,31,0,0,527,.640,4,1,0,3,62,0.66,.667,16.36,17,1.95,6.66,3.42,7.20,4.68,0.54,16,6,0,2,0
667755,José Soriano,141,Toronto Blue Jays,2026,27,26,26,158,110,60,14,0,13,143,65,1,121,6,.229,528,.320,.330,.650,5,5,.500,.500,12,2417,3.43,144.1,10,7,0,0,0,0,55,1.29,603,433,26,0,0,1508,.620,6,0,3,1,174,1.44,.588,16.75,0,2.20,8.92,4.05,7.55,3.74,0.81,0,0,0,3,1
675540,Xzavion Curry,121,New York Mets,2026,27,8,0,9,32,7,3,0,3,12,8,0,16,1,.232,69,.321,.406,.727,1,2,.667,.333,0,287,3.44,18.1,0,0,0,0,0,0,7,1.31,78,55,8,0,0,177,.620,1,0,1,0,28,0.28,.---,15.65,6,1.50,5.89,3.93,7.85,3.44,1.47,11,4,0,0,0
813349,Connelly Early,111,Boston Red Sox,2026,24,17,17,82,91,35,12,0,15,93,34,0,81,9,.235,344,.319,.401,.720,1,8,.889,.111,11,1528,3.44,91.2,7,5,0,0,0,0,35,1.25,390,275,17,0,0,981,.640,9,1,4,0,138,0.90,.583,16.67,0,2.74,9.13,3.34,7.95,3.44,1.47,0,0,0,1,2
663554,Casey Mize,135,San Diego Padres,2026,29,20,20,73,138,41,26,1,10,95,26,0,88,1,.227,387,.274,.377,.651,7,11,.611,.389,4,1611,3.44,104.2,5,7,0,0,0,0,40,1.09,421,314,20,0,0,1045,.650,1,0,1,0,146,0.53,.417,15.39,0,3.65,8.17,2.24,7.57,3.53,0.86,0,0,0,2,5
681916,Dylan Smith,137,San Francisco Giants,2026,26,31,0,16,34,13,5,0,3,36,14,3,25,2,.234,107,.328,.364,.692,0,3,1.000,.000,0,509,3.45,28.2,0,5,3,6,7,3,11,1.36,127,86,31,0,0,328,.640,2,0,3,0,39,0.47,.000,17.76,11,2.57,11.30,4.40,7.85,4.08,0.94,18,5,0,2,2
665871,Javier Assad,112,Chicago Cubs,2026,28,22,10,96,86,33,7,0,15,55,21,1,71,3,.233,305,.288,.403,.691,2,4,.667,.333,12,1305,3.46,83.1,6,1,2,2,0,0,32,1.10,332,250,22,0,0,817,.630,3,0,2,1,123,1.12,.857,15.66,6,2.62,5.94,2.27,7.67,3.56,1.62,10,4,0,2,1
656848,Michael Petersen,146,Miami Marlins,2026,32,54,0,35,60,23,9,1,5,64,24,1,37,3,.189,196,.287,.321,.608,5,2,.286,.714,0,938,3.46,54.2,3,3,1,2,22,1,21,1.12,223,164,54,0,0,611,.650,3,0,1,0,63,0.58,.500,17.16,4,2.67,10.54,3.95,6.09,3.79,0.82,26,2,0,0,0
680744,Ty Madden,116,Detroit Tigers,2026,26,17,1,32,44,15,6,0,4,40,13,0,29,2,.200,145,.275,.324,.599,2,3,.600,.400,0,646,3.46,39.0,1,0,0,0,1,0,15,1.08,160,117,17,0,0,403,.620,2,0,3,1,47,0.73,1.000,16.56,7,3.08,9.23,3.00,6.69,3.46,0.92,9,3,0,0,0
641302,Tyler Alexander,140,Texas Rangers,2026,31,60,4,62,53,26,11,1,2,51,17,0,60,3,.270,222,.328,.356,.684,2,5,.714,.286,7,947,3.47,57.0,4,2,4,6,11,2,22,1.35,246,171,60,0,0,609,.640,3,0,1,0,79,1.17,.667,16.61,15,3.00,8.05,2.68,9.47,4.11,0.32,21,6,0,2,2
669093,Jeremiah Estrada,135,San Diego Padres,2026,27,33,0,21,31,16,3,0,2,38,16,0,20,0,.183,109,.288,.266,.554,0,1,1.000,.000,2,512,3.48,31.0,2,3,1,3,12,2,12,1.16,126,93,33,0,0,310,.610,0,0,3,0,29,0.68,.400,16.52,5,2.38,11.03,4.65,5.81,4.65,0.58,10,1,0,1,0
697812,Joe Rock,145,Chicago White Sox,2026,25,4,0,5,12,5,1,0,0,12,11,0,11,2,.275,40,.453,.300,.753,0,0,.---,.---,2,195,3.48,10.1,0,1,0,1,0,1,4,2.13,53,31,4,0,0,115,.590,2,0,1,0,12,0.42,.000,18.87,0,1.09,10.45,9.58,9.58,4.35,0.00,3,0,0,0,0
608379,Michael Wacha,118,Kansas City Royals,2026,34,26,26,148,195,67,35,4,22,126,42,1,141,6,.233,606,.288,.413,.701,3,7,.700,.300,14,2434,3.49,162.2,7,8,0,0,0,0,63,1.13,658,488,26,0,0,1578,.650,6,0,4,1,250,0.76,.467,14.96,0,3.00,6.97,2.32,7.80,3.71,1.22,0,0,0,2,2
687562,Jake Bennett,111,Boston Red Sox,2026,25,15,15,85,103,35,11,0,7,67,18,2,76,3,.234,325,.278,.332,.610,0,9,1.000,.000,8,1233,3.49,87.2,8,6,0,0,0,0,34,1.07,352,263,15,0,0,831,.670,3,0,2,0,108,0.83,.571,14.06,0,3.72,6.88,1.85,7.80,3.59,0.72,0,0,0,3,3
489446,Kirby Yates,134,Pittsburgh Pirates,2026,39,43,0,23,45,16,8,0,3,46,17,0,31,4,.218,142,.315,.338,.653,0,11,1.000,.000,1,676,3.49,38.2,2,5,3,6,0,3,15,1.24,166,116,43,0,0,444,.660,4,1,1,0,48,0.51,.286,17.48,20,2.71,10.71,3.96,7.22,3.72,0.70,3,3,0,1,2
687064,Brandon Young,110,Baltimore Orioles,2026,27,22,22,122,136,57,21,1,16,99,45,0,123,2,.259,475,.323,.408,.731,4,5,.556,.444,8,1983,3.50,123.1,9,3,0,0,0,0,48,1.36,529,370,22,0,0,1274,.640,2,0,2,0,194,0.90,.750,16.08,0,2.20,7.22,3.28,8.98,4.16,1.17,0,0,2,1,4
686613,Hunter Brown,117,Houston Astros,2026,27,14,14,85,51,31,8,0,10,76,43,0,56,4,.210,267,.327,.352,.679,6,13,.684,.316,8,1299,3.51,74.1,3,3,0,0,0,0,29,1.33,315,223,14,0,0,778,.600,4,0,2,0,94,1.67,.500,17.48,0,1.77,9.20,5.21,6.78,3.75,1.21,0,0,0,0,1
694297,Brandon Pfaadt,109,Arizona Diamondbacks,2026,27,24,14,115,119,45,18,1,12,72,26,0,94,5,.237,397,.290,.378,.668,0,1,1.000,.000,9,1584,3.51,105.0,7,1,0,0,2,0,41,1.14,431,315,24,0,0,1035,.650,5,1,2,0,150,0.97,.875,15.09,2,2.77,6.17,2.23,8.06,3.86,1.03,2,1,0,0,3
681867,Cooper Criswell,136,Seattle Mariners,2026,29,26,0,39,22,13,3,1,3,23,8,1,28,1,.257,109,.308,.385,.693,2,3,.600,.400,6,462,3.52,30.2,2,1,1,2,3,1,12,1.17,121,92,26,0,0,307,.660,1,0,1,0,42,1.77,.667,15.07,12,2.88,6.75,2.35,8.22,3.82,0.88,6,2,0,1,2
689254,Mason Fluharty,141,Toronto Blue Jays,2026,24,71,4,37,64,21,5,0,6,57,23,2,44,1,.223,197,.305,.340,.645,4,1,.200,.800,0,880,3.52,53.2,5,1,1,1,14,0,21,1.25,226,161,71,0,0,572,.650,1,0,1,0,67,0.58,.833,16.40,7,2.48,9.56,3.86,7.38,3.52,1.01,40,14,0,3,2
595014,Blake Treinen,119,Los Angeles Dodgers,2026,38,29,0,27,16,9,6,1,2,25,10,2,21,1,.239,88,.323,.398,.721,0,5,1.000,.000,1,374,3.52,23.0,4,1,1,3,6,2,9,1.35,100,69,29,0,0,244,.650,1,0,0,0,35,1.69,.800,16.26,5,2.50,9.78,3.91,8.22,3.52,0.78,14,5,0,1,0
571948,Hoby Milner,112,Chicago Cubs,2026,35,38,0,42,43,14,7,0,4,18,9,1,34,3,.256,133,.313,.398,.711,0,3,1.000,.000,3,568,3.53,35.2,1,0,1,3,6,2,14,1.21,149,107,38,0,0,372,.650,3,0,0,0,53,0.98,1.000,15.93,7,2.00,4.54,2.27,8.58,3.53,1.01,23,8,0,2,2
682825,Luis Mey,113,Cincinnati Reds,2026,25,15,0,13,14,8,1,1,2,33,14,0,15,3,.203,74,.348,.324,.672,0,1,1.000,.000,0,393,3.54,20.1,0,0,0,1,3,1,8,1.43,92,61,15,0,0,232,.590,3,0,4,1,24,0.93,.---,19.33,0,2.36,14.61,6.20,6.64,3.54,0.89,7,7,0,0,1
678606,José A. Ferrer,136,Seattle Mariners,2026,26,61,0,76,43,23,10,0,6,44,14,2,60,6,.271,221,.332,.398,.730,2,2,.500,.500,7,891,3.56,55.2,4,2,3,6,13,3,22,1.33,243,167,61,0,0,605,.680,6,0,5,0,88,1.77,.667,16.01,7,3.14,7.11,2.26,9.70,3.72,0.97,24,8,0,2,0
680736,Justin Wrobleski,119,Los Angeles Dodgers,2026,25,21,20,120,152,51,20,0,19,100,28,0,111,5,.231,481,.280,.391,.671,2,2,.500,.500,10,1900,3.56,126.1,11,5,0,0,0,0,50,1.10,516,379,21,0,0,1281,.670,5,0,1,0,188,0.79,.688,15.04,1,3.57,7.12,1.99,7.91,3.63,1.35,0,0,0,1,1
669467,Andre Pallante,138,St. Louis Cardinals,2026,27,24,24,180,112,56,24,1,10,97,41,0,128,6,.249,515,.310,.357,.667,1,13,.929,.071,17,2203,3.57,136.0,12,6,0,0,0,0,54,1.24,564,408,24,0,0,1374,.620,6,0,5,2,184,1.61,.667,16.20,0,2.37,6.42,2.71,8.47,3.71,0.66,0,0,0,0,2
664141,JT Brubaker,137,San Francisco Giants,2026,32,41,1,62,72,27,8,2,5,39,26,0,49,2,.225,218,.308,.349,.657,3,4,.571,.429,5,1000,3.58,60.1,0,0,2,4,3,2,24,1.24,250,181,41,0,0,625,.630,2,0,6,1,76,0.86,.---,16.57,15,1.50,5.82,3.88,7.31,4.03,0.75,20,7,0,0,4
694918,Blade Tidwell,137,San Francisco Giants,2026,25,12,4,26,38,13,3,0,2,27,12,0,26,2,.224,116,.305,.302,.607,0,4,1.000,.000,4,534,3.58,32.2,0,0,1,1,1,0,13,1.16,131,98,12,0,0,333,.620,2,0,0,0,35,0.68,.---,16.35,6,2.25,7.44,3.31,7.16,3.58,0.55,0,0,0,0,1
663969,Tyler Phillips,146,Miami Marlins,2026,28,32,15,116,104,45,12,3,14,86,45,0,99,3,.245,404,.325,.394,.719,4,13,.765,.235,9,1701,3.59,105.1,3,6,2,3,0,1,42,1.37,454,316,32,0,0,1090,.640,3,1,6,0,159,1.12,.333,16.15,8,1.91,7.35,3.84,8.46,3.84,1.20,8,3,1,1,0
677952,Braxton Ashcraft,134,Pittsburgh Pirates,2026,26,26,26,159,130,68,22,2,21,161,34,0,132,7,.230,574,.278,.385,.663,4,12,.750,.250,20,2275,3.59,155.1,13,5,0,0,0,0,62,1.07,623,466,26,1,0,1582,.700,7,1,2,1,221,1.22,.722,14.65,0,4.74,9.33,1.97,7.65,3.94,1.22,0,0,0,1,7
592288,Kent Emanuel,113,Cincinnati Reds,2026,34,1,1,4,6,2,2,1,0,4,3,0,5,1,.263,19,.391,.474,.865,0,0,.---,.---,1,96,3.60,5.0,0,1,0,0,0,0,2,1.60,23,15,1,0,0,60,.630,1,0,0,0,9,0.67,.000,19.20,0,1.33,7.20,5.40,9.00,3.60,0.00,0,0,0,0,0
666619,Gregory Santos,137,San Francisco Giants,2026,26,3,0,7,6,5,2,1,0,1,3,0,5,0,.263,19,.364,.474,.838,2,2,.500,.500,0,86,3.60,5.0,0,0,0,0,0,0,2,1.60,22,15,3,0,0,54,.630,0,1,0,0,9,1.17,.---,17.20,1,0.33,1.80,5.40,9.00,9.00,0.00,1,1,0,0,0
804636,Jonah Tong,121,New York Mets,2026,23,3,0,9,16,6,0,0,1,7,7,0,8,0,.205,39,.319,.282,.601,0,0,.---,.---,1,187,3.60,10.0,1,1,0,0,0,0,4,1.50,47,30,3,0,0,115,.610,0,0,0,0,11,0.56,.500,18.70,1,1.00,6.30,6.30,7.20,5.40,0.90,1,0,0,0,1
810938,Ben Williamson,139,Tampa Bay Rays,2026,25,5,0,4,11,2,1,0,1,0,1,0,5,0,.250,20,.286,.450,.736,0,0,.---,.---,0,50,3.60,5.0,0,0,0,0,0,0,2,1.20,21,15,5,0,0,33,.660,0,0,0,0,9,0.36,.---,10.00,5,0.00,0.00,1.80,9.00,3.60,1.80,0,0,0,0,0
677960,Ryan Weathers,147,New York Yankees,2026,26,25,25,138,116,61,18,2,18,143,38,0,130,3,.249,523,.302,.394,.696,4,1,.200,.800,12,2281,3.60,137.1,5,8,0,0,0,0,55,1.22,568,412,25,0,0,1449,.640,3,0,5,2,206,1.19,.385,16.61,0,3.76,9.37,2.49,8.52,4.00,1.18,0,0,0,1,3
663687,Hogan Harris,133,Athletics,2026,29,61,0,43,50,25,7,0,6,76,36,2,52,5,.236,220,.355,.350,.705,0,1,1.000,.000,4,1118,3.61,57.1,3,2,13,19,12,6,23,1.53,263,172,61,0,0,681,.610,5,0,2,0,77,0.86,.600,19.50,21,2.11,11.93,5.65,8.16,3.92,0.94,38,9,1,0,1
690925,Clayton Beeter,120,Washington Nationals,2026,27,45,0,47,33,18,3,0,6,42,29,4,29,3,.197,147,.337,.340,.677,3,9,.750,.250,1,707,3.61,42.1,5,4,12,18,7,6,17,1.37,183,127,45,0,0,423,.600,3,0,10,0,50,1.42,.556,16.70,18,1.45,8.93,6.17,6.17,3.83,1.28,33,11,0,2,2
672282,Reid Detmers,108,Los Angeles Angels,2026,26,26,26,105,163,63,21,2,17,172,44,0,114,4,.209,545,.270,.349,.619,2,12,.857,.143,10,2399,3.62,149.0,4,8,0,0,0,0,60,1.06,603,447,26,0,0,1574,.660,4,0,3,1,190,0.64,.333,16.10,0,3.91,10.39,2.66,6.89,3.81,1.03,0,0,1,2,7
664076,Garrett Cleavinger,139,Tampa Bay Rays,2026,32,47,0,31,32,17,6,1,5,52,17,2,33,2,.231,143,.311,.392,.703,1,2,.667,.333,2,673,3.63,39.2,4,4,2,5,23,3,16,1.26,167,119,47,0,0,434,.640,2,0,1,1,56,0.97,.500,16.97,5,3.06,11.80,3.86,7.49,3.86,1.13,21,7,0,0,5
643377,Griffin Jax,139,Tampa Bay Rays,2026,31,29,18,85,81,49,12,0,14,100,30,1,81,2,.240,337,.301,.401,.702,3,10,.769,.231,10,1406,3.63,91.2,6,9,0,2,2,2,37,1.21,379,275,29,0,0,909,.650,2,0,3,1,135,1.05,.400,15.34,1,3.33,9.82,2.95,7.95,4.81,1.37,5,4,0,4,6
656550,Grant Holmes,144,Atlanta Braves,2026,30,25,24,124,139,52,19,1,19,100,54,0,109,3,.234,466,.314,.401,.715,2,4,.667,.333,8,1971,3.64,123.2,8,5,0,0,0,0,50,1.32,529,371,25,0,0,1238,.630,3,0,5,0,187,0.89,.615,15.94,1,1.85,7.28,3.93,7.93,3.78,1.38,0,0,0,1,5
665622,Luis Medina,133,Athletics,2026,27,46,1,47,52,29,11,1,7,72,32,3,57,3,.256,223,.352,.408,.760,1,2,.667,.333,6,1042,3.64,59.1,5,3,0,4,9,4,24,1.50,263,178,46,0,0,637,.610,3,0,3,0,91,0.90,.625,17.56,13,2.25,10.92,4.85,8.65,4.40,1.06,13,5,0,2,3
805326,Tyler Schweitzer,145,Chicago White Sox,2026,25,14,0,26,43,12,10,0,3,16,10,0,30,0,.263,114,.323,.430,.753,1,0,.000,1.000,3,475,3.64,29.2,1,0,1,1,2,0,12,1.35,125,89,14,0,0,318,.670,0,0,1,0,49,0.60,1.000,16.01,8,1.60,4.85,3.03,9.10,3.64,0.91,9,4,0,1,0
625643,Reynaldo López,144,Atlanta Braves,2026,32,24,11,61,81,33,14,1,10,66,29,0,67,1,.245,274,.318,.412,.730,3,12,.800,.200,4,1226,3.64,71.2,4,3,0,0,1,0,29,1.34,306,215,24,0,0,763,.620,1,0,4,0,113,0.75,.571,17.11,5,2.28,8.29,3.64,8.41,4.14,1.26,0,0,1,0,1
702056,Trey Yesavage,141,Toronto Blue Jays,2026,22,18,18,70,116,39,21,0,10,91,46,0,61,2,.185,330,.285,.339,.624,0,3,1.000,.000,4,1549,3.65,93.2,5,5,0,0,0,0,38,1.14,386,281,18,0,0,958,.620,2,0,4,0,112,0.60,.500,16.54,0,1.98,8.74,4.42,5.86,3.75,0.96,0,0,0,3,5
657746,Joe Ryan,142,Minnesota Twins,2026,30,23,23,96,141,63,28,1,17,138,27,0,116,5,.239,486,.283,.405,.688,4,16,.800,.200,3,2089,3.65,125.2,6,8,0,0,0,0,51,1.14,523,377,23,0,0,1405,.670,5,0,2,1,197,0.68,.429,16.62,0,5.11,9.88,1.93,8.31,4.51,1.22,0,0,0,0,5
663567,Peter Lambert,117,Houston Astros,2026,29,23,23,97,154,54,17,0,13,125,51,0,106,9,.222,478,.307,.339,.646,4,12,.750,.250,8,2166,3.66,128.0,8,7,0,0,0,0,52,1.23,542,384,23,0,0,1374,.630,9,0,6,0,162,0.63,.533,16.92,0,2.45,8.79,3.59,7.45,3.80,0.91,0,0,0,2,2
670950,Trevor Richards,145,Chicago White Sox,2026,33,42,0,42,91,28,11,1,10,58,21,3,53,0,.221,240,.280,.400,.680,0,4,1.000,.000,0,1007,3.66,64.0,0,1,1,3,1,2,26,1.16,265,192,42,0,0,649,.640,0,0,10,0,96,0.46,.000,15.73,22,2.76,8.16,2.95,7.45,3.94,1.41,18,3,0,1,3
690928,Hunter Dobbins,138,St. Louis Cardinals,2026,26,11,8,52,52,24,9,1,7,52,24,0,49,2,.240,204,.326,.397,.723,0,0,.---,.---,5,932,3.67,54.0,3,3,1,1,0,0,22,1.35,231,162,11,0,0,569,.610,2,0,0,0,81,1.00,.500,17.26,3,2.17,8.67,4.00,8.17,4.00,1.17,2,0,0,1,0
691946,George Klassen,108,Los Angeles Angels,2026,24,6,6,30,26,13,4,0,2,24,21,0,23,1,.225,102,.360,.324,.684,2,2,.500,.500,2,491,3.67,27.0,2,2,0,0,0,0,11,1.63,125,81,6,0,0,288,.590,1,0,2,1,33,1.15,.500,18.19,0,1.14,8.00,7.00,7.67,4.33,0.67,0,0,0,0,1
702021,Will Dion,120,Washington Nationals,2026,26,18,0,23,35,18,5,0,6,41,9,0,30,1,.233,129,.288,.411,.699,1,2,.667,.333,3,535,3.67,34.1,1,1,0,0,0,0,14,1.14,139,103,18,0,0,359,.670,1,0,0,0,53,0.66,.500,15.58,9,4.56,10.75,2.36,7.86,4.72,1.57,10,1,0,0,0
694361,Will Klein,119,Los Angeles Dodgers,2026,26,36,3,44,28,22,4,0,3,49,21,2,44,3,.267,165,.360,.345,.705,2,2,.500,.500,4,762,3.67,41.2,3,4,2,3,12,1,17,1.56,189,125,36,0,0,478,.630,3,0,2,0,57,1.57,.429,18.29,4,2.33,10.58,4.54,9.50,4.75,0.65,15,8,0,0,0
647315,Zach Pop,143,Philadelphia Phillies,2026,29,7,1,10,6,3,3,0,0,6,3,0,5,1,.200,25,.290,.320,.610,0,0,.---,.---,0,130,3.68,7.1,0,0,0,0,0,0,3,1.09,31,22,7,0,0,79,.610,1,0,0,0,8,1.67,.---,17.73,2,2.00,7.36,3.68,6.14,3.68,0.00,3,1,0,0,2
670036,Matt Festa,114,Cleveland Guardians,2026,33,57,0,41,61,27,15,0,6,62,16,0,58,6,.264,220,.328,.414,.742,1,4,.800,.200,3,914,3.70,56.0,2,3,1,2,7,1,23,1.32,244,168,57,0,0,583,.640,6,1,0,2,91,0.67,.400,16.32,17,3.88,9.96,2.57,9.32,4.34,0.96,42,12,0,0,2
676282,Joey Cantillo,114,Cleveland Guardians,2026,26,28,28,114,129,66,26,2,15,145,70,0,128,3,.250,511,.342,.397,.739,6,15,.714,.286,14,2357,3.70,136.1,9,7,0,0,0,0,56,1.45,589,409,28,0,0,1465,.620,3,0,5,0,203,0.88,.563,17.29,0,2.07,9.57,4.62,8.45,4.36,0.99,0,0,0,2,3
669199,Lake Bachar,134,Pittsburgh Pirates,2026,31,45,6,63,76,32,7,0,12,75,30,0,51,4,.194,263,.284,.357,.641,0,7,1.000,.000,4,1212,3.70,73.0,1,3,2,3,1,1,30,1.11,300,219,45,0,0,741,.610,4,0,3,0,94,0.83,.250,16.60,11,2.50,9.25,3.70,6.29,3.95,1.48,11,1,1,0,2
608718,Brent Suter,144,Atlanta Braves,2026,36,46,3,86,69,37,13,5,8,62,21,1,74,1,.256,289,.309,.419,.728,2,4,.667,.333,5,1285,3.70,75.1,1,2,0,1,3,1,31,1.26,314,226,46,0,0,833,.650,1,0,1,6,121,1.25,.333,17.06,16,2.95,7.41,2.51,8.84,4.42,0.96,20,10,1,2,0
669372,J.T. Ginn,133,Athletics,2026,27,27,24,142,137,63,21,0,17,121,57,1,114,9,.225,506,.311,.368,.679,4,8,.667,.333,14,2185,3.71,138.1,9,8,0,1,0,1,57,1.24,580,415,27,1,0,1327,.610,9,1,3,0,186,1.04,.529,15.80,2,2.12,7.87,3.71,7.42,4.10,1.11,4,1,0,2,6
657277,Logan Webb,137,San Francisco Giants,2026,29,24,24,183,129,64,15,7,11,118,36,0,127,9,.229,554,.287,.341,.628,5,18,.783,.217,13,2232,3.72,147.2,8,8,0,0,0,0,61,1.10,603,443,24,1,0,1463,.660,9,0,1,0,189,1.42,.500,15.12,0,3.28,7.19,2.19,7.74,3.90,0.67,0,0,1,2,1
674841,Andrew Alvarez,120,Washington Nationals,2026,27,20,12,94,68,35,16,3,5,80,38,0,76,3,.241,315,.327,.359,.686,4,7,.636,.364,7,1392,3.72,84.2,2,6,1,1,2,0,35,1.35,359,254,20,0,0,854,.610,3,0,5,1,113,1.38,.250,16.44,2,2.11,8.50,4.04,8.08,3.72,0.53,3,0,0,1,2
670167,John Schreiber,118,Kansas City Royals,2026,32,54,0,52,48,23,9,0,7,36,22,3,41,1,.236,174,.322,.408,.730,1,4,.800,.200,6,812,3.72,48.1,1,3,1,4,14,3,20,1.30,200,145,54,0,0,501,.620,1,0,3,0,71,1.08,.250,16.80,5,1.64,6.70,4.10,7.63,4.28,1.30,25,7,0,1,2
681035,Christian Scott,121,New York Mets,2026,27,19,19,57,95,38,15,1,10,111,39,0,79,9,.232,341,.326,.370,.696,1,2,.667,.333,3,1627,3.73,89.1,4,3,0,0,0,0,37,1.32,390,268,19,0,0,1050,.650,9,1,1,0,126,0.60,.571,18.21,0,2.85,11.18,3.93,7.96,3.83,1.01,0,0,0,0,1
695418,Brad Lord,120,Washington Nationals,2026,26,32,4,86,53,29,6,0,7,60,27,2,53,7,.212,250,.304,.320,.624,2,1,.333,.667,7,1210,3.74,67.1,5,2,1,2,6,1,28,1.19,287,202,32,0,0,808,.670,7,0,2,0,80,1.62,.714,17.97,5,2.22,8.02,3.61,7.08,3.88,0.94,17,7,1,0,2
622608,Antonio Senzatela,158,Milwaukee Brewers,2026,31,44,0,64,61,30,6,3,5,54,21,2,61,2,.257,237,.321,.371,.692,1,2,.667,.333,8,982,3.75,62.1,9,4,3,10,8,7,26,1.32,263,187,44,0,0,640,.650,2,0,0,0,88,1.05,.692,15.75,13,2.57,7.80,3.03,8.81,4.33,0.72,19,7,0,1,2
684007,Shota Imanaga,112,Chicago Cubs,2026,32,26,26,111,168,63,18,1,30,144,34,0,129,6,.235,550,.286,.435,.721,0,5,1.000,.000,11,2328,3.78,145.1,8,9,0,0,0,0,61,1.12,592,436,26,0,0,1518,.650,6,0,4,4,239,0.66,.471,16.02,0,4.24,8.92,2.11,7.99,3.90,1.86,0,0,0,1,1
683409,Angel Chivilli,147,New York Yankees,2026,23,15,0,15,20,9,2,0,4,16,7,0,14,1,.215,65,.301,.431,.732,0,2,1.000,.000,0,285,3.78,16.2,1,1,0,1,2,1,7,1.26,73,50,15,0,0,176,.620,1,0,1,0,28,0.75,.500,17.10,3,2.29,8.64,3.78,7.56,4.86,2.16,5,1,0,0,0
694973,Paul Skenes,134,Pittsburgh Pirates,2026,24,27,27,107,140,69,30,2,14,175,41,0,121,9,.226,536,.289,.368,.657,3,3,.500,.500,9,2441,3.79,145.0,9,11,0,0,0,0,61,1.12,594,435,27,0,0,1571,.640,9,0,2,2,197,0.76,.450,16.83,0,4.27,10.86,2.54,7.51,4.28,0.87,0,0,1,2,5
672782,Yoendrys Gómez,142,Minnesota Twins,2026,26,54,0,35,81,27,9,1,7,52,30,3,49,3,.228,215,.329,.377,.706,0,6,1.000,.000,1,962,3.79,57.0,2,2,20,20,6,0,24,1.39,250,171,54,0,0,602,.630,3,2,2,1,81,0.43,.500,16.88,38,1.73,8.21,4.74,7.74,4.26,1.11,14,3,0,1,1
702193,Andrew Morris,142,Minnesota Twins,2026,24,52,2,64,60,32,10,2,3,57,22,3,62,2,.258,240,.323,.354,.677,1,2,.667,.333,6,1064,3.79,61.2,4,6,4,9,20,5,26,1.36,268,185,52,0,0,696,.650,2,1,7,0,85,1.07,.400,17.25,8,2.59,8.32,3.21,9.05,4.67,0.44,17,4,1,1,2
656222,Jalen Beeks,140,Texas Rangers,2026,32,29,0,25,31,11,5,0,6,21,8,1,28,0,.272,103,.324,.495,.819,0,3,1.000,.000,1,407,3.81,26.0,2,1,0,1,6,1,11,1.38,113,78,29,0,0,265,.650,0,0,0,0,51,0.81,.667,15.65,3,2.63,7.27,2.77,9.69,3.81,2.08,19,8,0,2,0
676604,Tyler Zuber,146,Miami Marlins,2026,31,32,0,28,24,14,4,1,6,30,6,0,32,2,.281,114,.328,.491,.819,0,4,1.000,.000,6,483,3.81,28.1,2,1,1,2,8,1,12,1.34,122,85,32,0,0,327,.680,2,0,1,0,56,1.17,.667,17.05,6,5.00,9.53,1.91,10.16,4.45,1.91,11,5,0,0,0
663855,Jordan Hicks,145,Chicago White Sox,2026,29,43,1,35,33,17,9,0,3,49,25,4,36,1,.238,151,.346,.358,.704,2,2,.500,.500,2,697,3.83,40.0,2,1,1,3,8,2,17,1.53,179,120,43,0,0,441,.630,1,0,4,0,54,1.06,.667,17.43,8,1.96,11.03,5.63,8.10,3.83,0.68,18,5,0,0,2
646241,Enmanuel De Jesus,116,Detroit Tigers,2026,29,30,0,37,47,21,4,3,3,39,15,0,38,2,.239,159,.313,.358,.671,2,1,.333,.667,5,669,3.83,42.1,2,0,1,1,0,0,18,1.25,178,127,30,0,0,436,.650,2,0,0,1,57,0.79,1.000,15.80,16,2.60,8.29,3.19,8.08,4.46,0.64,16,7,0,2,0
666808,Camilo Doval,134,Pittsburgh Pirates,2026,28,56,0,59,41,31,6,0,7,53,27,1,44,3,.230,191,.326,.372,.698,1,13,.929,.071,2,870,3.83,51.2,3,1,1,5,5,4,22,1.37,227,155,56,0,0,532,.610,3,0,2,1,71,1.44,.750,16.84,13,1.96,9.23,4.70,7.66,5.40,1.22,18,8,0,0,6
689147,Orion Kerkering,143,Philadelphia Phillies,2026,25,56,0,40,63,25,9,3,3,55,27,1,38,6,.196,194,.311,.320,.631,0,2,1.000,.000,0,950,3.83,51.2,7,1,1,4,16,3,22,1.26,229,155,56,0,0,584,.610,6,0,1,0,62,0.63,.875,18.39,6,2.04,9.58,4.70,6.62,4.35,0.52,19,7,0,1,1
682608,Peyton Gray,140,Texas Rangers,2026,31,47,0,50,58,27,9,2,9,57,16,3,52,3,.244,213,.303,.432,.735,1,4,.800,.200,2,908,3.83,54.0,6,0,0,2,8,2,23,1.26,237,162,47,0,0,610,.670,3,0,1,0,92,0.86,1.000,16.81,7,3.56,9.50,2.67,8.67,4.50,1.50,22,10,1,2,2
668984,Casey Legumina,139,Tampa Bay Rays,2026,29,45,6,54,68,25,16,0,4,45,14,3,58,8,.266,218,.327,.394,.721,1,1,.500,.500,8,935,3.84,58.2,2,2,0,0,7,0,25,1.23,247,176,45,0,0,636,.680,8,0,0,1,86,0.79,.500,15.94,7,3.21,6.90,2.15,8.90,3.84,0.61,18,5,0,2,5
675660,Shane Drohan,158,Milwaukee Brewers,2026,27,26,15,93,108,50,24,2,9,104,36,0,100,3,.250,400,.314,.388,.702,2,7,.778,.222,10,1662,3.84,105.1,6,5,1,1,2,0,45,1.29,444,316,26,0,0,1075,.650,3,0,0,1,155,0.86,.545,15.78,3,2.89,8.89,3.08,8.54,4.27,0.77,4,2,0,1,4
682668,Luisangel Acuña,145,Chicago White Sox,2026,24,3,0,4,3,1,0,0,1,0,1,0,2,0,.222,9,.300,.556,.856,0,0,.---,.---,0,28,3.86,2.1,0,0,0,0,0,0,1,1.29,10,7,3,0,0,14,.500,0,0,0,0,5,1.33,.---,12.00,3,0.00,0.00,3.86,7.71,3.86,3.86,0,0,0,0,0
681892,Kody Funderburk,142,Minnesota Twins,2026,29,45,0,56,32,18,2,0,3,35,24,1,32,2,.213,150,.326,.287,.613,2,8,.800,.200,0,703,3.86,42.0,3,2,1,1,10,0,18,1.33,181,126,45,0,0,428,.610,2,0,0,2,43,1.75,.600,16.74,1,1.46,7.50,5.14,6.86,3.86,0.64,20,4,0,3,2
676510,Nolan Hoffman,143,Philadelphia Phillies,2026,28,3,0,3,7,2,0,0,0,2,3,0,6,0,.375,16,.429,.375,.804,0,0,.---,.---,1,82,3.86,4.2,0,0,0,0,0,0,2,1.93,21,14,3,0,0,46,.560,0,0,0,0,6,0.43,.---,17.57,2,0.67,3.86,5.79,11.57,3.86,0.00,1,0,0,0,2
663992,Richard Lovelady,120,Washington Nationals,2026,30,33,5,34,27,15,7,0,4,27,21,4,34,3,.286,119,.406,.445,.851,0,1,1.000,.000,3,539,3.86,30.1,2,4,4,7,9,3,13,1.81,146,91,33,0,0,340,.630,3,0,0,0,53,1.26,.333,17.77,11,1.29,8.01,6.23,10.09,4.45,1.19,19,9,0,3,0
622761,Jorge Mateo,144,Atlanta Braves,2026,31,3,0,1,4,1,0,0,0,1,1,0,5,0,.455,11,.500,.455,.955,0,0,.---,.---,1,41,3.86,2.1,0,0,0,0,0,0,1,2.57,12,7,3,0,0,25,.610,0,0,0,0,5,0.25,.---,17.57,3,1.00,3.86,3.86,19.29,3.86,0.00,0,0,0,0,0
700241,Michael McGreevy,138,St. Louis Cardinals,2026,25,26,26,160,149,65,29,2,20,98,38,0,140,1,.258,543,.305,.429,.734,1,3,.750,.250,15,2309,3.86,142.1,5,9,0,0,0,0,61,1.25,586,427,26,0,0,1417,.610,1,0,2,1,233,1.07,.357,16.22,0,2.58,6.20,2.40,8.85,4.11,1.26,0,0,0,0,4
702752,Jonathan Pintaro,121,New York Mets,2026,28,12,0,20,18,9,1,0,3,21,12,0,13,2,.186,70,.321,.329,.650,0,1,1.000,.000,4,350,3.86,21.0,2,0,0,0,1,0,9,1.19,86,63,12,0,0,207,.590,2,0,1,0,23,1.11,1.000,16.67,3,1.75,9.00,5.14,5.57,3.86,1.29,7,3,0,2,0
664074,Cody Ponce,141,Toronto Blue Jays,2026,32,1,1,3,2,1,1,0,0,3,1,0,1,0,.111,9,.200,.222,.422,0,0,.---,.---,0,47,3.86,2.1,0,0,0,0,0,0,1,0.86,10,7,1,0,0,30,.640,0,1,1,0,2,1.50,.---,20.14,0,3.00,11.57,3.86,3.86,3.86,0.00,0,0,0,0,0
692230,Carlos Rodriguez,158,Milwaukee Brewers,2026,24,4,0,4,16,4,2,0,1,8,4,0,10,0,.263,38,.333,.395,.728,0,0,.---,.---,0,182,3.86,9.1,0,0,0,0,0,0,4,1.50,42,28,4,0,0,109,.600,0,0,0,0,15,0.25,.---,19.50,3,2.00,7.71,3.86,9.64,3.86,0.96,2,2,0,0,0
694360,Beck Way,118,Kansas City Royals,2026,26,19,1,26,20,13,1,0,4,21,10,0,27,1,.293,92,.362,.435,.797,1,2,.667,.333,3,389,3.86,23.1,1,1,0,0,1,0,10,1.59,105,70,19,0,0,247,.630,1,0,3,0,40,1.30,.500,16.67,8,2.10,8.10,3.86,10.41,5.01,1.54,6,1,0,0,2
669713,Hayden Wesneski,117,Houston Astros,2026,28,6,6,28,37,14,5,2,2,28,12,0,27,1,.229,118,.303,.356,.659,0,3,1.000,.000,5,503,3.86,32.2,4,1,0,0,0,0,14,1.19,133,98,6,0,0,320,.640,1,0,2,0,42,0.76,.800,15.40,0,2.33,7.71,3.31,7.44,3.86,0.55,0,0,0,1,1
801403,Chase Dollander,115,Colorado Rockies,2026,24,10,3,42,40,19,10,0,6,47,18,0,39,3,.238,164,.319,.409,.728,2,2,.500,.500,2,743,3.89,44.0,3,3,0,0,0,0,19,1.30,189,132,10,0,0,471,.630,3,0,0,0,67,1.05,.500,16.89,1,2.61,9.61,3.68,7.98,3.89,1.23,3,0,0,1,3
641755,Tyler Kinley,116,Detroit Tigers,2026,35,50,0,28,55,21,6,0,9,42,20,4,35,2,.222,158,.315,.430,.745,1,7,.875,.125,4,708,3.92,43.2,6,5,1,5,11,4,19,1.26,182,131,50,0,0,443,.630,2,0,1,0,68,0.51,.545,16.21,15,2.10,8.66,4.12,7.21,4.33,1.85,14,5,0,1,1
680604,Blas Castaño,115,Colorado Rockies,2026,27,10,0,20,18,9,2,2,4,17,6,0,22,2,.289,76,.353,.526,.879,0,4,1.000,.000,4,343,3.92,20.2,1,0,0,0,0,0,9,1.35,85,62,10,0,0,225,.660,2,0,0,3,40,1.11,1.000,16.60,2,2.83,7.40,2.61,9.58,3.92,1.74,6,3,0,0,1
695549,Jackson Jobe,116,Detroit Tigers,2026,23,4,4,24,12,8,2,1,2,15,8,0,18,3,.261,69,.363,.406,.769,1,0,.000,1.000,3,317,3.93,18.1,1,1,0,0,0,0,8,1.42,80,55,4,0,0,193,.610,3,0,0,0,28,2.00,.500,17.29,0,1.88,7.36,3.93,8.84,3.93,0.98,0,0,0,0,0
694037,Daniel Palencia,112,Chicago Cubs,2026,26,21,0,11,20,8,3,0,2,22,7,1,19,1,.268,71,.338,.394,.732,0,2,1.000,.000,0,321,3.93,18.1,2,1,3,3,0,0,8,1.42,80,55,21,0,0,204,.640,1,0,0,0,28,0.55,.667,17.51,12,3.14,10.80,3.44,9.33,3.93,0.98,3,0,0,0,1
544150,Albert Suárez,110,Baltimore Orioles,2026,36,25,0,48,75,29,11,3,7,38,19,0,50,0,.240,208,.300,.423,.723,3,2,.400,.600,1,840,3.93,55.0,2,0,1,1,0,0,24,1.25,230,165,25,0,0,517,.620,0,0,1,0,88,0.64,1.000,15.27,16,2.00,6.22,3.11,8.18,4.75,1.15,0,0,0,0,3
669711,Greg Weissert,111,Boston Red Sox,2026,31,53,0,46,50,23,7,0,8,50,16,1,47,2,.245,192,.308,.406,.714,2,3,.600,.400,2,830,3.93,50.1,3,2,1,3,6,2,22,1.25,212,151,53,0,0,546,.660,2,0,0,0,78,0.92,.600,16.49,6,3.13,8.94,2.86,8.40,4.11,1.43,30,13,1,0,1
608650,Dietrich Enns,110,Baltimore Orioles,2026,35,13,0,9,24,8,5,0,0,13,11,0,13,0,.236,55,.348,.327,.675,1,2,.667,.333,0,291,3.94,16.0,3,0,0,0,0,0,7,1.50,70,48,13,0,0,179,.620,0,0,1,0,18,0.38,1.000,18.19,3,1.18,7.31,6.19,7.31,4.50,0.00,8,2,0,1,3
693821,Bryce Elder,144,Atlanta Braves,2026,27,25,25,149,157,69,16,2,22,118,46,0,132,3,.240,550,.301,.396,.697,2,11,.846,.154,8,2161,3.95,143.2,8,7,0,0,0,0,63,1.24,606,431,25,0,0,1358,.630,3,0,1,2,218,0.95,.533,15.04,0,2.57,7.39,2.88,8.27,4.32,1.38,0,0,1,3,3
695049,Brett Kerry,108,Los Angeles Angels,2026,27,3,0,15,14,6,4,1,1,12,2,0,11,0,.212,52,.241,.385,.626,0,0,.---,.---,0,212,3.95,13.2,0,0,0,0,0,0,6,0.95,54,41,3,0,0,140,.660,0,0,0,0,20,1.07,.---,15.51,2,6.00,7.90,1.32,7.24,3.95,0.66,2,0,0,0,0
676617,Riley O'Brien,138,St. Louis Cardinals,2026,31,56,0,58,46,26,9,0,3,54,23,2,44,10,.221,199,.330,.312,.642,0,2,1.000,.000,6,922,3.95,54.2,3,6,34,39,1,5,24,1.23,235,164,56,0,0,567,.610,10,0,6,2,62,1.26,.333,16.87,46,2.35,8.89,3.79,7.24,4.28,0.49,12,7,0,2,1
687377,Orlando Ribalta,120,Washington Nationals,2026,28,43,0,33,49,21,5,0,5,38,18,0,33,0,.220,150,.300,.353,.653,1,4,.800,.200,3,724,3.95,41.0,0,2,2,5,12,3,18,1.24,171,123,43,0,0,469,.650,0,0,2,0,53,0.67,.000,17.66,7,2.11,8.34,3.95,7.24,4.61,1.10,21,5,0,1,2
671737,Taj Bradley,142,Minnesota Twins,2026,25,26,26,105,162,65,26,1,20,169,63,0,125,3,.224,558,.305,.382,.687,0,11,1.000,.000,7,2517,3.97,147.1,9,6,0,0,0,0,65,1.28,627,442,26,0,0,1590,.630,3,0,6,0,213,0.65,.600,17.08,0,2.68,10.32,3.85,7.64,3.97,1.22,0,0,0,1,2
694680,Trevor Martin,139,Tampa Bay Rays,2026,25,6,0,12,15,8,2,0,4,7,4,0,14,2,.292,48,.370,.583,.953,0,2,1.000,.000,1,180,3.97,11.1,0,0,0,0,0,0,5,1.59,54,34,6,0,0,112,.620,2,0,2,0,28,0.80,.---,15.88,2,1.75,5.56,3.18,11.12,6.35,3.18,1,0,0,0,0
676440,Tanner Bibee,114,Cleveland Guardians,2026,27,27,27,133,197,73,20,1,26,123,44,0,135,5,.232,582,.289,.404,.693,1,6,.857,.143,8,2439,3.97,156.1,5,13,0,0,0,0,69,1.14,637,469,27,0,0,1564,.640,5,0,4,4,235,0.68,.278,15.60,0,2.80,7.08,2.53,7.77,4.20,1.50,0,0,0,1,5
606996,Kyle Hart,135,San Diego Padres,2026,33,37,4,60,49,26,13,1,4,50,18,0,44,3,.222,198,.293,.359,.652,2,2,.500,.500,0,896,3.98,54.1,0,3,0,1,7,1,24,1.14,224,163,37,0,0,565,.630,3,1,2,4,71,1.22,.000,16.49,6,2.78,8.28,2.98,7.29,4.31,0.66,20,9,0,2,3
702070,Noah Cameron,118,Kansas City Royals,2026,26,26,25,140,169,71,33,2,15,131,48,1,134,3,.237,566,.297,.382,.679,5,4,.444,.556,8,2428,3.98,149.1,9,8,0,0,0,0,66,1.22,625,448,26,1,1,1527,.630,3,0,3,3,216,0.83,.529,16.26,1,2.73,7.90,2.89,8.08,4.28,0.90,0,0,0,3,5
687473,Ryan Gusto,146,Miami Marlins,2026,27,18,13,71,68,31,13,2,8,53,18,0,66,4,.257,257,.314,.416,.730,0,3,1.000,.000,3,1009,3.98,63.1,1,3,0,0,1,0,28,1.33,280,190,18,0,0,689,.680,4,0,0,0,107,1.04,.250,15.93,2,2.94,7.53,2.56,9.38,4.41,1.14,1,0,0,0,1
669060,Bryse Wilson,158,Milwaukee Brewers,2026,28,14,0,28,35,14,2,2,3,28,2,0,40,2,.305,131,.326,.420,.746,1,1,.500,.500,3,491,3.98,31.2,0,0,0,0,0,0,14,1.33,135,95,14,0,0,351,.710,2,0,0,0,55,0.80,.---,15.51,8,14.00,7.96,0.57,11.37,3.98,0.85,5,4,0,0,0
668909,Gavin Williams,114,Cleveland Guardians,2026,26,27,27,128,122,72,23,1,27,204,49,0,126,3,.218,577,.283,.402,.685,4,12,.750,.250,8,2519,3.98,156.0,12,7,0,0,0,0,69,1.12,632,468,27,0,0,1681,.670,3,0,6,4,232,1.05,.632,16.15,0,4.16,11.77,2.83,7.27,4.15,1.56,0,0,0,3,0
690953,Mick Abel,142,Minnesota Twins,2026,24,4,3,19,16,9,6,0,0,23,10,1,22,3,.275,80,.376,.350,.726,1,1,.500,.500,2,357,3.98,20.1,1,2,0,0,0,0,9,1.57,93,61,4,0,0,239,.670,3,0,0,0,28,1.19,.333,17.56,0,2.30,10.18,4.43,9.74,3.98,0.00,0,0,0,0,0
667463,John King,146,Miami Marlins,2026,31,50,1,57,53,24,8,1,7,33,17,2,33,4,.192,172,.276,.372,.648,1,5,.833,.167,6,714,3.99,49.2,6,2,1,1,4,0,22,1.01,197,149,50,0,0,460,.640,4,0,0,0,64,1.08,.750,14.38,12,1.94,5.98,3.08,5.98,4.35,1.27,27,2,0,1,3
571510,Matthew Boyd,112,Chicago Cubs,2026,35,17,17,102,98,46,11,1,15,76,30,0,88,7,.242,364,.312,.401,.713,2,0,.000,1.000,6,1511,3.99,97.0,8,3,0,0,0,0,43,1.22,401,291,17,0,0,991,.660,7,1,1,4,146,1.04,.727,15.58,0,2.53,7.05,2.78,8.16,4.27,1.39,0,0,0,0,0
676534,Calvin Faucher,146,Miami Marlins,2026,30,57,0,62,39,31,10,0,1,63,32,1,45,3,.218,206,.329,.282,.611,1,5,.833,.167,5,973,3.99,56.1,5,5,2,7,14,5,25,1.37,244,169,57,0,0,596,.610,3,0,5,0,58,1.59,.500,17.27,12,1.97,10.07,5.11,7.19,4.95,0.16,22,8,0,1,2
677961,Cole Wilcox,136,Seattle Mariners,2026,26,23,0,26,23,13,2,0,2,28,17,1,27,2,.262,103,.374,.340,.714,1,2,.667,.333,2,488,4.00,27.0,0,0,0,0,0,0,12,1.63,123,81,23,0,0,312,.640,2,0,1,0,35,1.13,.---,18.07,8,1.65,9.33,5.67,9.00,4.33,0.67,6,1,0,0,1
656546,Jeff Hoffman,142,Minnesota Twins,2026,33,60,0,42,40,32,13,2,4,86,25,4,55,6,.251,219,.339,.384,.723,3,15,.833,.167,2,1048,4.02,56.0,6,8,5,9,16,4,25,1.43,254,168,60,0,0,688,.660,6,1,4,0,84,1.05,.429,18.71,21,3.44,13.82,4.02,8.84,5.14,0.64,12,3,0,0,4
605288,Adrian Houser,137,San Francisco Giants,2026,33,26,16,128,120,54,26,2,15,75,34,0,109,4,.257,424,.315,.434,.749,1,7,.875,.125,10,1731,4.02,109.2,4,7,0,0,1,0,49,1.30,470,329,26,0,0,1096,.630,4,0,2,0,184,1.07,.364,15.78,5,2.21,6.16,2.79,8.95,4.43,1.23,10,3,0,3,5
641745,Brad Keller,143,Philadelphia Phillies,2026,30,32,0,28,31,15,2,0,4,32,13,0,29,2,.246,118,.326,.364,.690,1,2,.667,.333,1,533,4.02,31.1,2,1,3,4,13,1,14,1.34,135,94,32,0,0,329,.620,2,0,3,1,43,0.90,.667,17.01,6,2.46,9.19,3.73,8.33,4.31,1.15,10,3,0,0,2
641941,Emilio Pagán,113,Cincinnati Reds,2026,35,33,0,14,46,14,4,1,5,33,9,1,25,4,.217,115,.290,.400,.690,0,2,1.000,.000,1,511,4.02,31.1,5,1,17,20,0,3,14,1.09,131,94,33,0,0,331,.650,4,0,3,0,46,0.30,.833,16.31,29,3.67,9.48,2.59,7.18,4.02,1.44,3,0,0,0,3
669923,George Kirby,136,Seattle Mariners,2026,28,25,25,138,153,70,31,3,17,126,34,1,163,3,.282,579,.324,.434,.758,4,20,.833,.167,16,2282,4.02,147.2,9,10,0,0,0,0,66,1.33,617,443,25,1,0,1541,.680,3,1,1,2,251,0.90,.474,15.45,0,3.71,7.68,2.07,9.93,4.27,1.04,0,0,0,0,1
681190,Randy Vásquez,135,San Diego Padres,2026,27,26,21,123,154,59,26,4,15,76,34,1,124,5,.264,470,.317,.432,.749,4,12,.750,.250,11,1971,4.02,123.0,10,6,0,0,1,0,55,1.28,516,369,26,0,0,1281,.650,5,1,1,0,203,0.80,.625,16.02,2,2.24,5.56,2.49,9.07,4.32,1.10,4,3,0,1,6
680694,Kyle Bradish,110,Baltimore Orioles,2026,29,26,26,149,123,73,26,4,16,133,62,1,140,3,.259,540,.336,.411,.747,4,3,.429,.571,17,2393,4.03,143.0,7,12,0,0,0,0,64,1.41,610,429,26,0,0,1477,.620,3,0,9,1,222,1.21,.368,16.73,0,2.15,8.37,3.90,8.81,4.59,1.01,0,0,0,0,5
669947,Jesse Scholtens,139,Tampa Bay Rays,2026,32,11,2,45,54,22,9,1,10,34,14,1,46,3,.260,177,.321,.492,.813,2,0,.000,1.000,3,723,4.03,44.2,5,3,0,1,0,1,20,1.34,196,134,11,0,0,469,.650,3,1,0,0,87,0.83,.625,16.19,3,2.43,6.85,2.82,9.27,4.43,2.01,2,0,0,0,2
669358,Shane Baz,110,Baltimore Orioles,2026,27,26,26,132,171,78,41,2,11,135,52,1,152,3,.264,576,.322,.399,.721,2,6,.750,.250,11,2472,4.04,151.1,4,14,0,0,0,0,68,1.35,645,454,26,1,0,1590,.640,3,0,6,0,230,0.77,.222,16.33,0,2.60,8.03,3.09,9.04,4.64,0.65,0,0,0,2,12
671345,Jason Foley,137,San Francisco Giants,2026,30,13,0,17,12,7,2,1,1,10,5,1,13,0,.255,51,.316,.392,.708,0,0,.---,.---,1,211,4.05,13.1,1,1,0,1,0,1,6,1.35,57,40,13,0,0,126,.600,0,0,2,0,20,1.42,.500,15.83,5,2.00,6.75,3.38,8.78,4.72,0.67,8,3,0,0,1
702566,Owen Murphy,144,Atlanta Braves,2026,22,3,1,3,11,5,1,0,1,6,2,0,6,1,.231,26,.310,.385,.695,0,0,.---,.---,1,116,4.05,6.2,0,1,0,0,0,0,3,1.20,29,20,3,0,0,84,.720,1,0,0,0,10,0.27,.000,17.40,2,3.00,8.10,2.70,8.10,6.75,1.35,0,0,0,0,0
666171,Ryan Zeferjahn,112,Chicago Cubs,2026,28,54,0,45,49,30,7,1,7,82,36,4,41,9,.192,214,.330,.332,.662,0,10,1.000,.000,2,1104,4.07,59.2,4,4,4,7,12,3,27,1.29,263,179,54,0,0,648,.590,9,0,2,0,71,0.92,.500,18.50,19,2.28,12.37,5.43,6.18,4.53,1.06,16,3,1,1,2
445276,Kenley Jansen,116,Detroit Tigers,2026,38,39,0,15,49,17,2,0,7,41,20,1,22,0,.176,125,.286,.360,.646,0,10,1.000,.000,0,592,4.08,35.1,3,5,17,22,1,5,16,1.19,147,106,39,0,0,382,.650,0,1,1,0,45,0.31,.375,16.75,30,2.05,10.44,5.09,5.60,4.33,1.78,6,2,0,0,2
665660,Elvis Alvarado,133,Athletics,2026,27,44,0,30,41,20,9,0,8,53,20,0,32,2,.206,155,.303,.419,.722,4,2,.333,.667,5,745,4.09,44.0,4,3,5,6,8,1,20,1.18,178,132,44,0,0,479,.640,2,1,1,0,65,0.73,.571,16.93,17,2.65,10.84,4.09,6.55,4.09,1.64,31,11,0,0,1
641743,Anthony Kay,145,Chicago White Sox,2026,31,27,25,141,140,64,23,3,18,108,47,0,130,22,.256,508,.342,.419,.761,3,8,.727,.273,8,2345,4.09,132.0,9,6,0,0,0,0,60,1.34,588,396,27,0,0,1459,.620,22,2,5,0,213,1.01,.600,17.77,0,2.30,7.36,3.20,8.86,4.36,1.23,1,0,0,6,5
623454,Drew Anderson,116,Detroit Tigers,2026,32,44,6,76,72,40,13,1,13,91,30,1,75,4,.241,311,.315,.415,.730,3,7,.700,.300,5,1346,4.09,81.1,4,5,2,8,6,6,37,1.29,348,244,44,0,0,870,.650,4,1,4,0,129,1.06,.444,16.55,9,3.03,10.07,3.32,8.30,4.43,1.44,19,4,0,2,1
689546,Nick Davila,136,Seattle Mariners,2026,27,23,0,37,26,14,3,0,2,13,11,0,21,3,.221,95,.315,.316,.631,1,0,.000,1.000,2,418,4.10,26.1,0,0,1,1,2,0,12,1.22,111,79,23,0,0,275,.660,3,2,0,0,30,1.42,.---,15.87,9,1.18,4.44,3.76,7.18,4.78,0.68,6,2,0,0,2
699823,Tyler Davis,145,Chicago White Sox,2026,27,24,0,23,29,14,2,0,2,22,15,2,17,0,.191,89,.302,.281,.583,1,2,.667,.333,5,394,4.10,26.1,2,3,1,2,0,1,12,1.22,106,79,24,0,0,256,.650,0,0,0,0,25,0.79,.400,14.96,6,1.47,7.52,5.13,5.81,4.78,0.68,12,5,0,0,2
664854,Ryan Helsley,110,Baltimore Orioles,2026,31,17,0,17,8,9,2,0,3,21,9,1,13,0,.220,59,.324,.407,.731,0,0,.---,.---,1,273,4.11,15.1,0,4,8,9,0,1,7,1.43,68,46,17,0,0,167,.610,0,0,3,0,24,2.13,.000,17.80,14,2.33,12.33,5.28,7.63,5.28,1.76,0,0,0,0,0
663460,Kris Bubic,118,Kansas City Royals,2026,28,9,9,49,44,23,8,1,4,51,26,0,36,1,.200,180,.304,.322,.626,2,5,.714,.286,4,811,4.11,50.1,3,2,0,0,0,0,23,1.23,207,151,9,0,0,507,.630,1,0,4,2,58,1.11,.600,16.11,0,1.96,9.12,4.65,6.44,4.11,0.72,0,0,0,0,0
682243,Bryce Miller,136,Seattle Mariners,2026,27,17,16,74,107,47,13,2,17,92,25,1,77,1,.221,348,.275,.417,.692,1,6,.857,.143,6,1464,4.12,94.0,4,8,0,0,0,0,43,1.09,376,282,17,0,0,997,.680,1,0,0,1,145,0.69,.333,15.57,1,3.68,8.81,2.39,7.37,4.50,1.63,0,0,0,1,1
666277,George Soriano,138,St. Louis Cardinals,2026,27,61,0,53,64,28,11,0,9,58,27,2,48,2,.219,219,.307,.393,.700,1,10,.909,.091,2,989,4.12,59.0,6,3,2,9,20,7,27,1.27,252,177,61,0,0,640,.650,2,0,1,0,86,0.83,.667,16.76,7,2.15,8.85,4.12,7.32,4.27,1.37,23,9,0,1,3
696147,Sam Bachman,108,Los Angeles Angels,2026,26,41,0,49,39,22,7,0,6,46,27,1,34,3,.202,168,.323,.351,.674,1,5,.833,.167,1,761,4.14,45.2,1,2,1,4,17,3,21,1.34,198,137,41,0,0,473,.620,3,0,2,1,59,1.26,.333,16.66,6,1.70,9.07,5.32,6.70,4.34,1.18,22,4,0,0,0
671096,Andrew Abbott,113,Cincinnati Reds,2026,27,27,27,134,176,71,24,2,18,114,68,0,136,0,.246,553,.325,.394,.719,4,21,.840,.160,7,2502,4.15,145.1,6,9,0,0,0,0,67,1.40,630,436,27,0,0,1565,.630,0,0,0,2,218,0.76,.400,17.22,0,1.68,7.06,4.21,8.42,4.40,1.11,0,0,2,1,6
681676,Ryan Fernandez,138,St. Louis Cardinals,2026,28,13,0,16,14,13,5,0,2,23,7,0,16,0,.235,68,.303,.397,.700,0,2,1.000,.000,1,293,4.15,17.1,1,2,0,0,1,0,8,1.33,76,52,13,0,0,186,.630,0,0,3,0,27,1.14,.333,16.90,4,3.29,11.94,3.63,8.31,6.75,1.04,11,5,0,0,1
518886,Craig Kimbrel,118,Kansas City Royals,2026,38,38,0,25,50,20,9,1,4,35,18,1,30,2,.217,138,.314,.384,.698,3,6,.667,.333,4,656,4.15,39.0,1,2,1,2,1,1,18,1.23,160,117,38,0,0,398,.610,2,1,4,1,53,0.50,.333,16.82,17,1.94,8.08,4.15,6.92,4.62,0.92,10,5,0,1,1
804619,John Klein,142,Minnesota Twins,2026,24,3,0,4,6,2,1,0,1,2,4,0,3,0,.214,14,.368,.500,.868,0,3,1.000,.000,1,82,4.15,4.1,0,1,0,0,0,0,2,1.62,19,13,3,0,0,52,.630,0,0,0,0,7,0.67,.000,18.92,2,0.50,4.15,8.31,6.23,4.15,2.08,2,2,0,0,1
685112,Zach McCambley,113,Cincinnati Reds,2026,27,8,0,10,7,4,2,0,0,9,6,1,10,1,.278,36,.395,.333,.728,0,3,1.000,.000,0,173,4.15,8.2,0,0,0,0,0,0,4,1.85,43,26,8,0,0,110,.640,1,0,1,0,12,1.43,.---,19.96,5,1.50,9.35,6.23,10.38,4.15,0.00,8,0,0,0,0
622663,Luis Severino,133,Athletics,2026,32,12,12,59,53,33,10,2,9,65,31,0,61,2,.258,236,.349,.432,.781,1,3,.750,.250,9,1086,4.16,62.2,2,6,0,0,0,0,29,1.47,271,188,12,0,0,690,.640,2,1,0,2,102,1.11,.250,17.33,0,2.10,9.34,4.45,8.76,4.74,1.29,0,0,0,2,0
650556,Bryan Abreu,117,Houston Astros,2026,29,52,0,37,41,25,8,1,7,63,36,0,36,4,.206,175,.353,.383,.736,1,6,.857,.143,3,902,4.17,49.2,5,3,7,8,10,1,23,1.45,217,149,52,0,0,526,.580,4,0,4,1,67,0.90,.625,18.16,24,1.75,11.42,6.52,6.52,4.53,1.27,13,1,0,2,0
669387,Carmen Mlodzinski,134,Pittsburgh Pirates,2026,27,29,12,103,120,56,24,1,9,85,36,0,118,3,.278,424,.338,.403,.741,1,5,.833,.167,9,1815,4.17,105.2,6,6,2,3,3,1,49,1.46,466,317,29,0,0,1162,.640,3,0,0,0,171,0.86,.500,17.18,4,2.36,7.24,3.07,10.05,4.77,0.77,0,0,1,0,2
815083,Mitch Farris,108,Los Angeles Angels,2026,25,26,0,39,43,24,11,0,9,49,23,1,49,1,.272,180,.358,.483,.841,1,2,.667,.333,7,792,4.18,47.1,1,3,1,2,1,1,22,1.52,204,142,26,0,0,484,.610,1,0,6,0,87,0.91,.250,16.73,9,2.13,9.32,4.37,9.32,4.56,1.71,13,7,0,0,0
607200,Erick Fedde,145,Chicago White Sox,2026,33,28,12,118,141,63,18,1,22,84,43,2,121,3,.263,460,.327,.450,.777,4,11,.733,.267,6,2008,4.18,118.1,6,8,0,0,0,0,55,1.39,512,355,28,0,0,1214,.600,3,0,2,1,207,0.84,.429,16.97,3,1.95,6.39,3.27,9.20,4.79,1.67,8,4,2,0,4
690978,Dax Fulton,146,Miami Marlins,2026,24,7,0,19,9,7,1,2,0,13,10,0,10,0,.196,51,.328,.294,.622,0,2,1.000,.000,3,249,4.20,15.0,0,0,0,0,0,0,7,1.33,61,45,7,0,0,142,.570,0,0,1,0,15,2.11,.---,16.60,5,1.30,7.80,6.00,6.00,4.20,0.00,2,0,0,0,0
669684,Chris Murphy,145,Chicago White Sox,2026,28,29,2,17,41,17,6,1,2,29,15,0,26,4,.234,111,.341,.360,.701,2,5,.714,.286,2,527,4.20,30.0,3,0,1,1,1,0,14,1.37,132,90,29,0,0,340,.650,4,0,3,1,40,0.41,1.000,17.57,8,1.93,8.70,4.50,7.80,5.10,0.60,13,4,0,0,2
693855,Ian Seymour,139,Tampa Bay Rays,2026,27,41,11,74,117,54,18,5,19,128,32,4,91,4,.225,404,.286,.436,.722,1,8,.889,.111,5,1734,4.21,107.0,9,5,2,2,10,0,50,1.15,446,321,41,0,0,1175,.680,4,1,2,0,176,0.63,.643,16.21,7,4.00,10.77,2.69,7.65,4.54,1.60,8,0,0,2,4
543135,Nathan Eovaldi,140,Texas Rangers,2026,36,22,22,138,112,65,21,2,24,137,32,0,128,7,.250,512,.302,.439,.741,4,3,.429,.571,7,2007,4.21,132.2,10,9,0,0,0,0,62,1.21,555,398,22,0,0,1345,.670,7,0,5,0,225,1.23,.526,15.13,0,4.28,9.29,2.17,8.68,4.41,1.63,0,0,1,1,2
681799,Ethan Roberts,112,Chicago Cubs,2026,28,23,0,28,26,14,2,1,3,17,14,0,22,3,.237,93,.355,.376,.731,1,3,.750,.250,4,436,4.21,25.2,0,2,0,1,0,1,12,1.40,110,77,23,0,0,261,.600,3,0,0,0,35,1.08,.000,16.99,5,1.21,5.96,4.91,7.71,4.91,1.05,10,5,0,0,0
676083,Janson Junk,146,Miami Marlins,2026,30,20,19,108,109,51,19,2,12,68,26,0,102,3,.266,383,.316,.420,.736,3,7,.700,.300,10,1561,4.21,98.1,6,8,0,0,1,0,46,1.30,417,295,20,0,0,1027,.660,3,0,1,0,161,0.99,.429,15.87,0,2.62,6.22,2.38,9.34,4.67,1.10,0,0,1,1,3
594798,Jacob deGrom,140,Texas Rangers,2026,38,25,25,95,132,61,21,1,17,159,37,3,117,0,.234,501,.286,.381,.667,4,4,.500,.500,3,2205,4.21,130.1,9,9,0,0,0,0,61,1.18,540,391,25,0,0,1431,.650,0,0,3,0,191,0.72,.500,16.92,0,4.30,10.98,2.55,8.08,4.21,1.17,0,0,0,1,1
678906,Kai-Wei Teng,117,Houston Astros,2026,27,27,10,59,74,37,11,2,10,71,30,0,63,12,.236,267,.340,.404,.744,1,0,.000,1.000,5,1195,4.22,70.1,5,6,0,0,3,0,33,1.32,309,211,27,0,0,751,.630,12,0,5,1,108,0.80,.455,16.99,1,2.37,9.09,3.84,8.06,4.73,1.28,13,2,0,0,0
694738,Landen Roupp,137,San Francisco Giants,2026,27,26,26,158,116,71,25,3,11,133,66,0,117,5,.225,519,.317,.349,.666,4,12,.750,.250,13,2468,4.25,139.2,8,13,0,0,0,0,66,1.31,595,419,26,0,0,1492,.600,5,0,2,0,181,1.36,.381,17.67,0,2.02,8.57,4.25,7.54,4.58,0.71,0,0,0,2,3
696149,Bubba Chandler,134,Pittsburgh Pirates,2026,23,26,25,116,151,72,25,3,11,117,68,1,110,6,.224,490,.325,.355,.680,3,9,.750,.250,12,2246,4.26,131.0,6,9,0,0,0,0,62,1.36,569,393,26,0,0,1411,.630,6,0,4,0,174,0.77,.400,17.15,0,1.72,8.04,4.67,7.56,4.95,0.76,0,0,1,1,3
643410,Mark Leiter Jr.,133,Athletics,2026,35,36,0,27,31,16,5,0,2,38,11,1,33,4,.258,128,.333,.344,.677,2,4,.667,.333,2,551,4.28,33.2,0,1,4,6,5,2,16,1.31,144,101,36,0,0,353,.640,4,0,2,1,44,0.87,.000,16.37,8,3.45,10.16,2.94,8.82,4.28,0.53,5,3,0,0,1
662253,Andrés Muñoz,136,Seattle Mariners,2026,27,51,0,36,31,25,4,0,7,77,20,0,39,1,.214,182,.294,.352,.646,2,6,.750,.250,1,819,4.28,48.1,5,5,24,32,0,8,23,1.22,204,145,51,0,0,529,.650,1,1,2,1,64,1.16,.500,16.94,40,3.85,14.34,3.72,7.26,4.66,1.30,7,2,0,0,1
684974,Craig Yoho,114,Cleveland Guardians,2026,26,25,0,30,28,14,6,0,5,29,14,0,20,3,.189,106,.301,.387,.688,1,1,.500,.500,0,485,4.30,29.1,2,1,0,1,1,1,14,1.16,124,88,25,0,0,302,.620,3,0,2,0,41,1.07,.667,16.53,7,2.07,8.90,4.30,6.14,4.30,1.53,7,0,0,1,0
696131,Mason Black,118,Kansas City Royals,2026,26,17,0,25,46,16,3,0,6,19,20,0,30,2,.252,119,.366,.429,.795,0,0,.---,.---,1,556,4.31,31.1,0,0,0,0,0,0,15,1.60,142,94,17,0,0,334,.600,2,0,1,0,51,0.54,.---,17.74,5,0.95,5.46,5.74,8.62,4.60,1.72,8,7,0,0,1
680702,Joey Gerber,121,New York Mets,2026,29,7,0,4,12,4,3,0,1,8,4,0,6,0,.200,30,.294,.400,.694,0,0,.---,.---,1,129,4.32,8.1,0,0,0,0,0,0,4,1.20,34,25,7,0,0,80,.620,0,0,0,0,12,0.33,.---,15.48,4,2.00,8.64,4.32,6.48,4.32,1.08,3,0,0,0,0
657612,Tim Hill,147,New York Yankees,2026,36,58,0,92,28,27,4,0,9,23,11,2,45,6,.242,186,.304,.409,.713,1,2,.667,.333,8,691,4.32,50.0,4,2,2,6,9,4,24,1.12,205,150,58,0,0,472,.680,6,0,1,0,76,3.29,.667,13.82,9,2.09,4.14,1.98,8.10,4.86,1.62,30,2,0,1,1
663436,Davis Martin,145,Chicago White Sox,2026,29,24,24,118,126,62,29,0,12,111,39,0,127,9,.266,478,.331,.402,.733,3,10,.769,.231,14,2035,4.32,125.0,9,6,0,0,0,0,60,1.33,530,375,24,0,0,1304,.640,9,1,7,1,192,0.94,.600,16.28,0,2.85,7.99,2.81,9.14,4.46,0.86,0,0,0,1,3
623465,Evan Phillips,119,Los Angeles Dodgers,2026,31,21,0,13,18,9,2,0,4,18,5,2,18,0,.273,66,.319,.485,.804,0,3,1.000,.000,1,290,4.32,16.2,1,2,0,2,5,2,8,1.38,72,50,21,0,0,192,.660,0,0,1,0,32,0.72,.333,17.40,5,3.60,9.72,2.70,9.72,4.86,2.16,9,4,0,0,1
664285,Framber Valdez,116,Detroit Tigers,2026,32,26,26,190,121,78,24,2,14,111,56,0,148,13,.261,566,.340,.385,.725,0,13,1.000,.000,16,2302,4.35,144.2,8,9,0,0,0,0,70,1.41,639,434,26,0,0,1478,.640,13,0,4,0,218,1.57,.471,15.91,0,1.98,6.91,3.48,9.21,4.85,0.87,0,0,0,1,3
693433,Bryan Woo,136,Seattle Mariners,2026,26,25,25,111,165,73,23,3,17,142,30,1,126,7,.233,540,.281,.381,.662,2,6,.750,.250,8,2194,4.36,142.1,9,9,0,0,0,0,69,1.10,581,427,25,0,0,1479,.670,7,1,2,1,206,0.67,.500,15.41,0,4.73,8.98,1.90,7.97,4.62,1.07,0,0,0,0,4
669456,Shane Bieber,141,Toronto Blue Jays,2026,31,11,11,61,58,28,10,0,10,44,24,0,55,0,.253,217,.326,.438,.764,0,1,1.000,.000,3,930,4.37,55.2,5,2,0,0,0,0,27,1.42,242,167,11,0,0,561,.600,0,0,1,0,95,1.05,.714,16.71,0,1.83,7.11,3.88,8.89,4.53,1.62,0,0,0,0,1
592332,Kevin Gausman,112,Chicago Cubs,2026,35,27,27,132,161,79,25,3,18,149,41,1,149,1,.256,581,.305,.403,.708,3,15,.833,.167,8,2509,4.37,150.1,7,11,0,0,0,0,73,1.26,633,451,27,0,0,1644,.660,1,3,1,2,234,0.82,.389,16.69,0,3.63,8.92,2.45,8.92,4.73,1.08,0,0,0,6,4
642048,Tayler Saucedo,108,Los Angeles Angels,2026,33,15,0,6,13,6,2,0,1,16,3,0,12,1,.255,47,.314,.362,.676,0,0,.---,.---,1,204,4.38,12.1,0,1,0,2,4,2,6,1.22,51,37,15,0,0,127,.620,1,0,1,0,17,0.46,.000,16.54,0,5.33,11.68,2.19,8.76,4.38,0.73,10,1,0,0,0
669432,Trevor Rogers,110,Baltimore Orioles,2026,28,25,25,118,165,72,30,3,16,121,37,0,135,3,.253,533,.302,.411,.713,2,13,.867,.133,13,2242,4.38,137.2,9,9,0,0,0,0,67,1.25,579,413,25,0,0,1537,.690,3,0,2,0,219,0.72,.500,16.29,0,3.27,7.91,2.42,8.83,4.71,1.05,0,0,0,0,6
681810,Austin Warren,121,New York Mets,2026,30,30,2,34,35,20,13,0,5,45,20,0,39,3,.257,152,.352,.441,.793,0,2,1.000,.000,2,742,4.38,39.0,2,3,0,2,1,2,19,1.51,176,117,30,0,0,457,.620,3,0,0,0,67,0.97,.400,19.03,10,2.25,10.38,4.62,9.00,4.62,1.15,15,1,0,0,1
656464,Kevin Ginkel,109,Arizona Diamondbacks,2026,32,60,0,48,61,30,11,1,7,53,16,1,50,0,.242,207,.291,.406,.697,2,5,.714,.286,3,888,4.39,55.1,5,4,2,3,11,1,27,1.19,228,166,60,0,0,570,.640,0,1,3,1,84,0.79,.556,16.05,11,3.31,8.62,2.60,8.13,4.88,1.14,22,8,0,1,4
701542,Will Warren,147,New York Yankees,2026,27,26,25,127,120,75,32,2,20,126,45,1,135,4,.269,501,.331,.461,.792,0,3,1.000,.000,11,2192,4.39,127.0,8,6,0,0,1,0,62,1.42,559,381,26,0,0,1366,.620,4,1,4,2,231,1.06,.571,17.26,0,2.80,8.93,3.19,9.57,5.31,1.42,0,0,2,1,6
669022,MacKenzie Gore,140,Texas Rangers,2026,27,28,28,119,157,73,33,3,18,165,56,1,135,7,.236,571,.311,.399,.710,1,6,.857,.143,7,2552,4.40,149.1,7,10,0,0,0,0,73,1.28,639,448,28,0,0,1622,.640,7,0,2,1,228,0.76,.412,17.09,0,2.95,9.94,3.38,8.14,4.40,1.08,0,0,0,2,3
677958,Kumar Rocker,140,Texas Rangers,2026,26,25,23,120,135,63,22,4,18,117,51,0,126,4,.255,494,.327,.425,.752,2,11,.846,.154,7,2122,4.41,126.2,5,10,0,0,0,0,62,1.40,553,380,25,0,0,1308,.620,4,0,8,0,210,0.89,.333,16.75,0,2.29,8.31,3.62,8.95,4.48,1.28,0,0,0,0,4
689296,Anthony Nunez,110,Baltimore Orioles,2026,24,43,0,44,49,28,7,2,5,53,25,2,41,2,.224,183,.322,.366,.688,1,4,.800,.200,0,846,4.41,49.0,3,2,3,6,6,3,24,1.35,214,147,43,0,0,530,.630,2,1,4,1,67,0.90,.600,17.27,10,2.12,9.73,4.59,7.53,5.14,0.92,14,5,0,3,1
641816,Tyler Mahle,144,Atlanta Braves,2026,31,22,22,114,112,59,18,2,16,112,42,0,114,3,.256,445,.322,.413,.735,1,1,.500,.500,12,1933,4.41,118.1,5,10,0,0,0,0,58,1.32,497,355,22,0,0,1215,.630,3,1,3,1,184,1.02,.333,16.34,0,2.67,8.52,3.19,8.67,4.49,1.22,0,0,0,3,4
683742,Jose Franco,113,Cincinnati Reds,2026,25,10,0,16,27,11,5,1,3,15,16,0,19,0,.250,76,.376,.461,.837,0,3,1.000,.000,2,348,4.43,20.1,1,0,0,0,1,0,10,1.72,93,61,10,0,0,204,.590,0,0,0,0,35,0.59,1.000,17.11,4,0.94,6.64,7.08,8.41,4.87,1.33,0,0,0,0,1
657044,Ryan Thompson,109,Arizona Diamondbacks,2026,34,46,0,52,38,23,13,0,3,29,13,3,51,3,.304,168,.362,.435,.797,1,7,.875,.125,2,654,4.43,40.2,4,2,0,1,7,1,20,1.57,186,122,46,0,0,438,.670,3,2,2,1,73,1.37,.667,16.08,8,2.23,6.42,2.88,11.29,5.09,0.66,29,7,0,1,1
670245,Ryan Watson,108,Los Angeles Angels,2026,28,43,0,62,73,32,14,2,8,52,21,2,62,3,.253,245,.317,.424,.741,0,4,1.000,.000,3,1005,4.43,63.0,1,1,2,4,3,2,31,1.32,273,189,43,0,0,653,.650,3,0,3,0,104,0.85,.500,15.95,26,2.48,7.43,3.00,8.86,4.57,1.14,11,3,0,2,2
674444,Steven Cruz,118,Kansas City Royals,2026,27,48,2,50,42,26,6,0,12,54,19,2,44,2,.233,189,.310,.455,.765,0,2,1.000,.000,7,795,4.44,50.2,2,3,5,6,5,1,25,1.24,211,152,48,0,0,522,.660,2,0,1,0,86,1.19,.400,15.69,18,2.84,9.59,3.38,7.82,4.62,2.13,15,2,0,1,0
700249,Cade Povich,110,Baltimore Orioles,2026,26,6,5,26,32,14,5,0,5,21,10,0,30,1,.275,109,.342,.459,.801,0,0,.---,.---,4,453,4.45,28.1,2,1,0,0,0,0,14,1.41,120,85,6,0,0,284,.630,1,0,0,2,50,0.81,.667,15.99,0,2.10,6.67,3.18,9.53,4.45,1.59,0,0,0,0,0
607455,Anthony Banda,142,Minnesota Twins,2026,32,39,0,28,41,19,13,0,3,33,15,1,31,8,.235,132,.348,.402,.750,2,9,.818,.182,2,608,4.46,34.1,2,0,2,4,10,2,17,1.34,156,103,39,0,0,366,.600,8,0,4,1,53,0.68,1.000,17.71,5,2.20,8.65,3.93,8.13,4.98,0.79,26,8,0,1,0
572955,Pierce Johnson,113,Cincinnati Reds,2026,35,44,0,36,44,19,6,1,6,34,15,0,35,0,.240,146,.307,.418,.725,0,2,1.000,.000,0,647,4.46,38.1,2,1,1,2,7,1,19,1.30,164,115,44,0,0,429,.660,0,0,2,0,61,0.82,.667,16.88,10,2.27,7.98,3.52,8.22,4.46,1.41,23,5,0,1,2
641927,Bailey Ober,142,Minnesota Twins,2026,30,20,20,91,153,57,25,0,18,74,29,0,107,2,.252,424,.303,.439,.742,1,12,.923,.077,5,1717,4.49,108.1,7,4,0,0,0,0,54,1.26,457,325,20,1,1,1114,.650,2,0,0,0,186,0.59,.636,15.85,0,2.55,6.15,2.41,8.89,4.74,1.50,0,0,1,1,0
669620,Brady Basso,133,Athletics,2026,28,18,3,24,35,13,11,1,3,19,3,0,33,0,.303,109,.316,.505,.821,0,2,1.000,.000,0,394,4.50,26.0,0,0,0,1,3,1,13,1.38,114,78,18,0,0,270,.690,0,0,0,0,55,0.69,.---,15.15,0,6.33,6.58,1.04,11.42,4.50,1.04,4,2,0,0,2
543056,Danny Coulombe,111,Boston Red Sox,2026,36,29,0,25,27,11,1,0,1,10,15,0,18,1,.225,80,.354,.275,.629,0,1,1.000,.000,3,386,4.50,22.0,0,2,0,1,7,1,11,1.50,96,66,29,0,0,230,.600,1,0,0,0,22,0.93,.000,17.55,4,0.67,4.09,6.14,7.36,4.50,0.41,18,4,0,0,0
676105,Jeff Criswell,115,Colorado Rockies,2026,27,3,0,3,5,2,0,0,2,3,3,0,4,0,.267,15,.389,.667,1.056,0,0,.---,.---,0,79,4.50,4.0,0,0,0,0,0,0,2,1.75,18,12,3,0,0,44,.560,0,0,0,0,10,0.60,.---,19.75,1,1.00,6.75,6.75,9.00,4.50,4.50,0,0,0,0,0
701474,Duncan Davitt,145,Chicago White Sox,2026,26,2,0,2,2,1,1,0,1,1,1,0,2,0,.286,7,.375,.857,1.232,0,0,.---,.---,1,28,4.50,2.0,0,0,0,0,0,0,1,1.50,8,6,2,0,0,17,.610,0,0,0,0,6,1.00,.---,14.00,2,1.00,4.50,4.50,9.00,4.50,4.50,0,0,0,0,0
682982,Daniel Espino,114,Cleveland Guardians,2026,25,6,0,3,3,3,1,0,1,12,4,0,5,0,.217,23,.333,.391,.724,0,2,1.000,.000,0,120,4.50,6.0,0,0,0,0,0,0,3,1.50,27,18,6,0,0,72,.600,0,0,0,0,9,1.00,.---,20.00,2,3.00,18.00,6.00,7.50,4.50,1.50,0,0,0,0,0
678020,Seth Halvorsen,119,Los Angeles Dodgers,2026,26,22,0,20,25,10,4,1,3,17,16,2,22,0,.262,84,.380,.440,.820,0,3,1.000,.000,0,386,4.50,20.0,1,1,0,1,2,1,10,1.90,100,60,22,0,0,230,.600,0,0,2,0,37,0.80,.500,19.30,5,1.06,7.65,7.20,9.90,4.50,1.35,10,3,0,0,0
805345,Trent Harris,137,San Francisco Giants,2026,27,8,0,10,5,5,3,1,0,15,5,0,9,0,.231,39,.318,.359,.677,0,0,.---,.---,0,188,4.50,10.0,0,0,0,0,2,0,5,1.40,44,30,8,0,0,120,.640,0,0,0,0,14,2.00,.---,18.80,1,3.00,13.50,4.50,8.10,4.50,0.00,0,0,0,0,0
663568,Stephen Kolek,118,Kansas City Royals,2026,29,10,10,68,53,30,11,2,8,34,12,0,55,2,.262,210,.308,.448,.756,0,3,1.000,.000,7,837,4.50,54.0,4,3,0,0,0,0,27,1.24,224,162,10,1,1,536,.640,2,0,2,1,94,1.28,.571,15.50,0,2.83,5.67,2.00,9.17,5.00,1.33,0,0,0,0,0
688158,David Morgan,135,San Diego Padres,2026,26,18,0,23,14,12,6,0,2,26,13,1,26,3,.295,88,.404,.432,.836,1,1,.500,.500,2,398,4.50,22.0,2,0,0,0,1,0,11,1.77,105,66,18,0,0,259,.650,3,0,2,0,38,1.64,1.000,18.09,5,2.00,10.64,5.32,10.64,4.91,0.82,12,7,0,1,0
680951,Doug Nikhazy,145,Chicago White Sox,2026,26,1,0,4,1,1,0,0,0,1,2,0,1,0,.143,7,.333,.143,.476,0,0,.---,.---,0,39,4.50,2.0,0,0,0,0,0,0,1,1.50,9,6,1,0,0,17,.440,0,0,2,0,1,4.00,.---,19.50,1,0.50,4.50,9.00,4.50,4.50,0.00,0,0,0,0,0
686780,Pedro Pagés,138,St. Louis Cardinals,2026,27,2,0,2,3,1,0,0,1,0,0,0,2,0,.286,7,.286,.714,1.000,0,0,.---,.---,1,16,4.50,2.0,0,0,0,0,0,0,1,1.00,7,6,2,0,0,12,.750,0,0,0,0,5,0.67,.---,8.00,2,-.--,0.00,0.00,9.00,4.50,4.50,0,0,0,0,0
601713,Nick Pivetta,135,San Diego Padres,2026,33,4,4,7,17,8,4,0,0,24,6,0,12,0,.200,60,.273,.267,.540,0,1,1.000,.000,0,283,4.50,16.0,1,2,0,0,0,0,8,1.13,66,48,4,0,0,184,.650,0,0,0,0,16,0.41,.333,17.69,0,4.00,13.50,3.38,6.75,4.50,0.00,0,0,0,0,0
702275,JR Ritchie,144,Atlanta Braves,2026,23,14,8,57,58,32,6,0,9,53,36,1,47,5,.221,213,.344,.376,.720,2,7,.778,.222,4,1023,4.50,58.0,1,2,1,1,2,0,29,1.43,256,174,14,0,0,593,.580,5,0,1,0,80,0.98,.333,17.64,2,1.47,8.22,5.59,7.29,4.97,1.40,4,1,0,0,2
608371,Lucas Sims,145,Chicago White Sox,2026,32,9,0,8,11,7,2,0,1,10,7,0,9,1,.257,35,.386,.400,.786,1,0,.000,1.000,0,171,4.50,10.0,0,2,0,0,2,0,5,1.60,46,30,9,0,0,104,.610,1,0,0,0,14,0.73,.000,17.10,3,1.43,9.00,6.30,8.10,6.30,0.90,3,2,0,2,1
592773,Ryne Stanek,138,St. Louis Cardinals,2026,34,58,0,43,52,28,7,1,9,53,28,1,46,1,.237,194,.336,.423,.759,1,2,.667,.333,7,916,4.50,52.0,2,2,1,5,24,4,26,1.42,224,156,58,0,0,560,.610,1,0,3,0,82,0.83,.500,17.62,5,1.89,9.17,4.85,7.96,4.85,1.56,19,10,1,0,0
664702,Myles Straw,141,Toronto Blue Jays,2026,31,4,0,8,3,2,0,0,1,0,1,0,8,0,.421,19,.450,.579,1.029,0,0,.---,.---,1,54,4.50,4.0,0,0,0,0,0,0,2,2.25,20,12,4,0,0,31,.570,0,0,0,0,11,2.67,.---,13.50,4,0.00,0.00,2.25,18.00,4.50,2.25,2,1,0,0,0
699044,Miguel Ullola,117,Houston Astros,2026,24,4,0,2,7,3,0,0,2,9,1,0,4,0,.182,22,.217,.455,.672,0,1,1.000,.000,0,88,4.50,6.0,0,0,0,0,0,0,3,0.83,23,18,4,0,0,59,.670,0,0,0,0,10,0.29,.---,14.67,3,9.00,13.50,1.50,6.00,4.50,3.00,0,0,0,0,0
622554,Seranthony Domínguez,136,Seattle Mariners,2026,31,54,0,39,42,27,4,1,8,57,28,2,38,3,.217,175,.333,.389,.722,3,9,.750,.250,3,899,4.53,47.2,5,3,12,17,5,5,24,1.38,207,143,54,0,0,539,.600,3,0,5,2,68,0.93,.625,18.86,25,2.04,10.76,5.29,7.17,5.10,1.51,17,6,0,0,1
683352,Mitch Bratt,109,Arizona Diamondbacks,2026,22,9,9,25,60,20,11,1,5,28,25,1,37,1,.248,149,.360,.436,.796,2,6,.750,.250,4,674,4.54,39.2,1,2,0,0,0,0,20,1.56,176,119,9,0,0,421,.620,1,0,1,0,65,0.42,.333,16.99,0,1.12,6.35,5.67,8.39,4.54,1.13,0,0,0,1,0
663776,Patrick Sandoval,111,Boston Red Sox,2026,29,8,8,29,43,23,10,0,5,41,18,0,52,1,.323,161,.388,.478,.866,1,2,.667,.333,4,672,4.54,39.2,1,2,0,0,0,0,20,1.76,184,119,8,0,0,425,.630,1,0,2,0,77,0.67,.333,16.94,0,2.28,9.30,4.08,11.80,5.22,1.13,0,0,0,1,3
669438,Mason Englert,139,Tampa Bay Rays,2026,26,14,3,26,47,19,10,0,9,32,8,3,43,1,.297,145,.333,.552,.885,2,3,.600,.400,1,596,4.54,35.2,0,3,1,1,0,0,18,1.43,157,107,14,0,0,406,.680,1,0,3,0,80,0.55,.000,16.71,6,4.00,8.07,2.02,10.85,4.79,2.27,6,3,0,1,2
607067,Colin Rea,112,Chicago Cubs,2026,35,26,19,134,137,65,21,1,20,92,44,0,125,7,.259,483,.328,.431,.759,5,5,.500,.500,5,2046,4.55,124.2,8,8,1,1,0,0,63,1.36,539,374,26,0,0,1305,.640,7,1,1,4,208,0.98,.500,16.41,3,2.09,6.64,3.18,9.02,4.69,1.44,1,0,0,3,2
640455,Sean Manaea,121,New York Mets,2026,34,28,14,105,132,69,26,6,20,120,40,0,122,14,.258,472,.331,.466,.797,4,7,.636,.364,8,2080,4.55,122.2,4,6,0,0,0,0,62,1.32,533,368,28,0,0,1379,.660,14,0,2,2,220,0.80,.400,16.96,6,3.00,8.80,2.93,8.95,5.06,1.47,11,7,0,2,5
677955,Jaden Hill,115,Colorado Rockies,2026,26,35,0,28,29,15,4,2,2,31,17,2,27,3,.237,114,.348,.360,.708,1,5,.833,.167,0,508,4.55,29.2,0,2,2,5,12,3,15,1.48,136,89,35,0,0,328,.650,3,0,2,0,41,0.97,.000,17.12,4,1.82,9.40,5.16,8.19,4.55,0.61,36,10,1,0,1
594580,Sam Moll,113,Cincinnati Reds,2026,34,62,0,63,41,33,6,1,5,53,30,2,51,5,.252,202,.360,.366,.726,1,8,.889,.111,4,1019,4.56,53.1,2,7,1,5,6,4,27,1.52,244,160,62,0,0,611,.600,5,0,1,0,74,1.54,.222,19.11,7,1.77,8.94,5.06,8.61,5.57,0.84,39,12,1,4,2
669160,Dustin May,158,Milwaukee Brewers,2026,28,25,25,110,125,66,22,1,9,118,42,0,119,9,.255,467,.326,.364,.690,4,6,.600,.400,13,1998,4.56,124.1,6,8,0,0,0,0,63,1.29,524,373,25,1,1,1295,.650,9,1,7,1,170,0.88,.429,16.07,0,2.81,8.54,3.04,8.61,4.78,0.65,0,0,1,1,4
695380,Alex Hoppe,110,Baltimore Orioles,2026,27,32,0,34,32,21,9,0,2,39,13,0,31,1,.230,135,.300,.341,.641,1,5,.833,.167,2,573,4.58,35.1,0,1,0,0,3,0,18,1.25,150,106,32,0,0,354,.620,1,0,6,0,46,1.06,.000,16.22,16,3.00,9.93,3.31,7.90,5.35,0.51,6,3,0,0,1
656427,Jack Flaherty,116,Detroit Tigers,2026,30,19,19,57,101,52,20,3,11,102,42,1,80,7,.240,334,.333,.416,.749,1,3,.750,.250,2,1639,4.59,86.1,3,8,0,0,0,0,44,1.41,389,259,19,0,0,1003,.610,7,1,5,0,139,0.56,.273,18.98,0,2.43,10.63,4.38,8.34,5.42,1.15,0,0,0,2,4
688107,Robert Gasser,158,Milwaukee Brewers,2026,27,16,15,62,103,43,17,1,13,78,25,0,82,8,.255,322,.323,.435,.758,1,5,.833,.167,4,1375,4.59,82.1,4,5,0,0,0,0,42,1.30,358,247,16,0,0,921,.670,8,1,0,0,140,0.60,.444,16.70,0,3.12,8.53,2.73,8.96,4.70,1.42,0,0,0,2,1
686580,Justin Slaten,111,Boston Red Sox,2026,28,36,0,30,25,20,6,0,4,39,8,0,35,0,.276,127,.319,.417,.736,0,7,1.000,.000,1,508,4.60,31.1,2,4,0,1,17,1,16,1.37,137,94,36,0,0,341,.670,0,0,0,0,53,1.20,.333,16.21,3,4.88,11.20,2.30,10.05,5.74,1.15,16,3,0,2,0
808963,Roki Sasaki,119,Los Angeles Dodgers,2026,24,23,23,121,109,63,32,2,22,117,48,0,111,5,.244,455,.322,.468,.790,2,10,.833,.167,8,2052,4.60,119.1,5,5,0,0,0,0,61,1.33,511,358,23,0,0,1320,.640,5,0,8,0,213,1.11,.500,17.20,0,2.44,8.82,3.62,8.37,4.75,1.66,0,0,0,1,2
669165,Kyle Hurt,119,Los Angeles Dodgers,2026,28,40,1,33,36,23,7,0,5,52,22,1,36,1,.231,156,.330,.372,.702,2,3,.600,.400,3,666,4.61,41.0,4,1,1,3,9,2,21,1.41,180,123,40,0,0,441,.660,1,0,1,0,58,0.92,.800,16.24,10,2.36,11.41,4.83,7.90,5.05,1.10,2,1,0,1,0
607625,Seth Lugo,118,Kansas City Royals,2026,36,27,27,143,166,85,37,5,16,116,47,0,161,7,.279,577,.338,.444,.782,4,6,.600,.400,18,2427,4.61,150.1,6,7,0,0,0,0,77,1.38,640,451,27,0,0,1547,.640,7,1,2,3,256,0.86,.462,16.14,0,2.47,6.94,2.81,9.64,5.09,0.96,0,0,0,3,6
621111,Walker Buehler,135,San Diego Padres,2026,31,26,26,129,125,66,21,3,15,108,49,2,122,5,.253,482,.328,.402,.730,4,11,.733,.267,9,2147,4.63,126.1,8,6,0,0,0,0,65,1.35,538,379,26,0,0,1342,.630,5,0,3,2,194,1.03,.571,16.99,0,2.20,7.69,3.49,8.69,4.70,1.07,0,0,0,1,1
676051,Codi Heuer,114,Cleveland Guardians,2026,29,8,0,9,13,5,2,1,0,6,5,0,12,1,.308,39,.391,.410,.801,0,6,1.000,.000,1,189,4.66,9.2,0,1,0,0,1,0,5,1.76,46,29,8,0,0,112,.590,1,0,2,0,16,0.69,.000,19.55,2,1.20,5.59,4.66,11.17,4.66,0.00,4,3,0,0,1
642207,Devin Williams,121,New York Mets,2026,31,42,0,30,33,25,9,0,3,51,21,1,43,0,.277,155,.364,.394,.758,3,9,.750,.250,1,728,4.66,38.2,3,2,16,19,0,3,20,1.66,178,116,42,0,0,478,.660,0,0,1,0,61,0.91,.600,18.83,30,2.43,11.87,4.89,10.01,5.82,0.70,5,1,0,2,0
650644,Aaron Civale,112,Chicago Cubs,2026,31,25,15,70,131,50,25,1,17,76,28,2,114,3,.295,387,.345,.496,.841,2,5,.714,.286,1,1613,4.66,94.2,6,7,1,1,0,0,49,1.50,423,284,25,0,0,1052,.650,3,0,3,2,192,0.53,.462,17.04,5,2.71,7.23,2.66,10.84,4.75,1.62,6,0,1,2,2
660853,Enyel De Los Santos,117,Houston Astros,2026,30,58,0,48,77,36,13,1,8,57,14,1,59,1,.248,238,.291,.412,.703,1,5,.833,.167,3,986,4.67,61.2,2,3,5,7,9,2,32,1.18,256,185,58,0,0,663,.670,1,0,1,3,98,0.62,.400,15.99,17,4.07,8.32,2.04,8.61,5.25,1.17,22,5,0,2,1
678394,Brayan Bello,111,Boston Red Sox,2026,27,20,8,121,74,52,16,1,11,68,30,2,98,4,.276,355,.335,.420,.755,2,8,.800,.200,6,1470,4.68,90.1,5,6,1,1,0,0,47,1.42,395,271,20,0,0,945,.640,4,0,2,0,149,1.64,.455,16.27,4,2.27,6.77,2.99,9.76,5.18,1.10,4,0,0,1,5
676664,JP Sears,135,San Diego Padres,2026,30,8,6,32,39,19,3,0,6,25,11,0,33,2,.258,128,.324,.422,.746,0,1,1.000,.000,3,529,4.68,32.2,3,4,0,0,0,0,17,1.35,143,98,8,0,0,328,.620,2,0,0,0,54,0.82,.429,16.19,0,2.27,6.89,3.03,9.09,5.23,1.65,0,0,1,0,1
695611,Gage Jump,133,Athletics,2026,23,17,17,68,88,48,21,1,9,97,42,2,87,3,.259,336,.343,.408,.751,3,11,.786,.214,10,1539,4.69,88.1,6,8,0,0,0,0,46,1.46,385,265,17,0,0,992,.640,3,0,5,1,137,0.77,.429,17.42,0,2.31,9.88,4.28,8.86,4.89,0.92,0,0,0,0,4
682445,Domingo Gonzalez,136,Seattle Mariners,2026,26,5,0,6,10,4,2,0,1,5,5,0,9,0,.300,30,.400,.467,.867,1,0,.000,1.000,0,129,4.70,7.2,0,0,0,0,0,0,4,1.83,36,23,5,0,0,77,.600,0,0,0,0,14,0.60,.---,16.83,5,1.00,5.87,5.87,10.57,4.70,1.17,1,0,1,0,0
695684,Elmer Rodríguez,147,New York Yankees,2026,22,5,5,29,21,12,3,0,2,16,13,0,22,3,.253,87,.365,.356,.721,1,1,.500,.500,2,406,4.70,23.0,0,2,0,0,0,0,12,1.52,105,69,5,0,0,238,.590,3,0,2,0,31,1.38,.000,17.65,0,1.23,6.26,5.09,8.61,4.70,0.78,0,0,1,0,1
664954,Brett Sullivan,115,Colorado Rockies,2026,32,7,0,10,10,4,5,0,1,1,2,0,11,0,.355,31,.382,.613,.995,0,0,.---,.---,2,94,4.70,7.2,0,0,0,0,0,0,4,1.70,34,23,7,0,0,64,.680,0,0,0,0,19,1.00,.---,12.26,7,0.50,1.17,2.35,12.91,4.70,1.17,1,0,0,0,1
663767,Chase Shugart,143,Philadelphia Phillies,2026,29,37,0,30,44,25,5,2,10,53,18,1,39,4,.241,162,.324,.481,.805,2,3,.600,.400,3,742,4.70,44.0,2,1,0,1,0,1,23,1.30,188,132,37,0,0,451,.610,4,0,0,0,78,0.68,.667,16.86,19,2.94,10.84,3.68,7.98,5.11,2.05,11,4,0,0,4
696062,Wilber Dotel,134,Pittsburgh Pirates,2026,23,15,0,27,25,17,4,0,2,31,13,1,27,0,.250,108,.328,.343,.671,0,1,1.000,.000,3,487,4.71,28.2,1,4,0,1,2,1,15,1.40,123,86,15,0,0,309,.630,0,0,0,0,37,1.08,.200,16.99,2,2.38,9.73,4.08,8.48,5.34,0.63,1,1,0,1,1
702474,Mike Paredes,142,Minnesota Twins,2026,25,9,5,36,46,19,5,2,6,19,13,0,36,3,.269,134,.342,.470,.812,0,2,1.000,.000,3,551,4.72,34.1,0,3,0,0,0,0,18,1.43,154,103,9,0,0,350,.640,3,0,0,0,63,0.78,.000,16.05,1,1.46,4.98,3.41,9.44,4.98,1.57,3,3,1,1,2
663903,Brady Singer,113,Cincinnati Reds,2026,29,26,26,139,152,77,20,2,26,112,45,0,150,13,.274,548,.342,.460,.802,4,11,.733,.267,8,2363,4.72,137.1,5,12,0,0,0,0,72,1.42,611,412,26,0,0,1469,.620,13,0,2,1,252,0.91,.294,17.21,0,2.49,7.34,2.95,9.83,5.05,1.70,0,0,0,2,3
605135,Chris Bassitt,110,Baltimore Orioles,2026,37,15,13,80,80,40,15,0,8,51,26,0,89,9,.301,296,.370,.432,.802,4,8,.667,.333,6,1261,4.74,74.0,5,4,0,0,0,0,39,1.55,335,222,15,0,0,788,.620,9,0,2,0,128,1.00,.556,17.04,0,1.96,6.20,3.16,10.82,4.86,0.97,0,0,0,0,4
687911,Bryan King,117,Houston Astros,2026,29,51,1,61,51,30,7,1,8,44,19,1,57,6,.271,210,.346,.429,.775,0,2,1.000,.000,5,911,4.75,53.0,2,3,6,10,12,4,28,1.43,238,159,51,0,0,600,.660,6,0,2,0,90,1.20,.400,17.19,14,2.32,7.47,3.23,9.68,5.09,1.36,30,13,0,1,2
807739,Kade Anderson,136,Seattle Mariners,2026,21,1,1,4,6,3,1,0,2,5,2,0,5,0,.263,19,.318,.632,.950,0,1,1.000,.000,1,81,4.76,5.2,0,0,0,0,0,0,3,1.24,22,17,1,0,0,53,.650,0,0,0,0,12,0.67,.---,14.29,0,2.50,7.94,3.18,7.94,4.76,3.18,0,0,0,0,1
683003,Jared Jones,134,Pittsburgh Pirates,2026,24,15,15,50,75,37,14,2,11,77,26,0,59,2,.228,259,.302,.425,.727,1,1,.500,.500,2,1135,4.76,68.0,2,5,0,0,0,0,36,1.25,289,204,15,0,0,713,.630,2,2,3,1,110,0.67,.286,16.69,0,2.96,10.19,3.44,7.81,4.90,1.46,0,0,0,1,1
669310,CJ Van Eyk,141,Toronto Blue Jays,2026,27,3,0,8,9,4,2,0,1,1,1,0,11,1,.393,28,.419,.571,.990,0,0,.---,.---,0,128,4.76,5.2,0,1,0,0,0,0,3,2.12,31,17,3,0,0,79,.620,1,0,0,0,16,0.89,.000,22.59,1,1.00,1.59,1.59,17.47,6.35,1.59,0,0,0,0,1
641778,Eric Lauer,119,Los Angeles Dodgers,2026,31,21,17,84,156,57,16,1,24,70,34,0,99,4,.246,403,.309,.469,.778,2,8,.800,.200,2,1751,4.78,105.1,8,6,0,1,0,1,56,1.26,448,316,21,0,0,1150,.660,4,1,1,1,189,0.54,.571,16.62,1,2.06,5.98,2.91,8.46,4.87,2.05,0,0,1,3,3
676680,Tom Cosgrove,120,Washington Nationals,2026,30,16,0,11,20,10,3,2,2,13,4,0,15,1,.268,56,.313,.500,.813,0,0,.---,.---,2,228,4.80,15.0,1,2,1,3,3,2,8,1.27,64,45,16,0,0,160,.700,1,0,0,0,28,0.55,.333,15.20,3,3.25,7.80,2.40,9.00,6.00,1.20,10,4,0,0,3
681293,Spencer Arrighetti,141,Toronto Blue Jays,2026,26,19,18,74,108,54,10,0,14,95,54,0,76,14,.219,347,.344,.369,.713,3,21,.875,.125,6,1644,4.81,95.1,7,7,0,0,0,0,51,1.36,421,286,19,0,0,982,.600,14,1,2,0,128,0.69,.500,17.24,0,1.76,8.97,5.10,7.17,5.10,1.32,2,0,0,2,4
695534,Chase Petty,113,Cincinnati Reds,2026,23,16,3,33,48,19,7,0,6,15,9,0,31,3,.248,125,.309,.448,.757,0,1,1.000,.000,2,477,4.83,31.2,1,2,1,2,0,1,17,1.26,139,95,16,0,0,304,.640,3,0,1,0,56,0.69,.333,15.06,8,1.67,4.26,2.56,8.81,5.40,1.71,5,0,0,0,2
680767,Victor Vodnik,146,Miami Marlins,2026,26,41,0,60,36,28,9,2,3,33,24,1,46,3,.269,171,.361,.398,.759,2,0,.000,1.000,3,780,4.84,44.2,3,3,4,7,6,3,24,1.57,202,134,41,0,0,475,.610,3,0,5,0,68,1.67,.500,17.46,15,1.38,6.65,4.84,9.27,5.64,0.60,21,6,0,0,4
669270,Joel Kuhnel,158,Milwaukee Brewers,2026,31,35,0,50,29,21,7,0,6,22,12,1,40,4,.288,139,.357,.468,.825,1,2,.667,.333,4,562,4.84,35.1,1,3,6,7,5,1,19,1.47,157,106,35,0,0,349,.620,4,0,1,0,65,1.72,.250,15.91,16,1.83,5.60,3.06,10.19,5.35,1.53,11,2,0,0,2
666142,Cole Ragans,118,Kansas City Royals,2026,28,8,8,23,33,20,5,0,10,45,23,0,27,0,.213,127,.331,.488,.819,2,3,.600,.400,3,639,4.84,35.1,1,4,0,0,0,0,19,1.42,151,106,8,0,0,386,.600,0,0,0,0,62,0.70,.200,18.08,0,1.96,11.46,5.86,6.88,5.09,2.55,0,0,0,0,1
642121,Cole Sulser,139,Tampa Bay Rays,2026,36,41,2,42,46,29,13,0,6,48,14,3,47,0,.261,180,.313,.433,.746,2,4,.667,.333,1,776,4.86,46.1,1,0,2,2,11,0,25,1.32,197,139,41,0,0,490,.630,0,0,3,0,78,0.91,1.000,16.75,9,3.43,9.32,2.72,9.13,5.63,1.17,16,6,0,2,1
689520,Cody Laweryson,142,Minnesota Twins,2026,28,15,0,17,18,12,3,0,3,18,8,0,15,2,.227,66,.321,.409,.730,0,1,1.000,.000,0,296,4.86,16.2,1,0,1,1,2,0,9,1.38,78,50,15,0,0,194,.660,2,0,0,0,27,0.94,1.000,17.76,7,2.25,9.72,4.32,8.10,6.48,1.62,4,0,0,0,2
805673,Zebby Matthews,142,Minnesota Twins,2026,26,18,18,107,102,61,19,1,19,88,32,0,104,4,.262,397,.320,.458,.778,0,5,1.000,.000,11,1675,4.86,103.2,8,8,0,0,0,0,56,1.31,437,311,18,0,0,1067,.640,4,2,3,0,182,1.05,.500,16.16,0,2.75,7.64,2.78,9.03,5.30,1.65,0,0,0,0,4
703725,Luis Gastelum,138,St. Louis Cardinals,2026,24,21,0,22,17,17,6,1,5,30,6,0,20,1,.227,88,.281,.489,.770,0,1,1.000,.000,3,371,4.88,24.0,4,3,0,1,1,1,13,1.08,96,72,21,0,0,245,.660,1,0,1,0,43,1.29,.571,15.46,6,5.00,11.25,2.25,7.50,6.38,1.88,6,1,0,0,1
542888,Shawn Armstrong,114,Cleveland Guardians,2026,35,38,0,26,37,19,6,0,4,33,19,1,29,2,.236,123,.345,.382,.727,1,8,.889,.111,1,597,4.91,33.0,2,1,0,0,8,0,18,1.45,146,99,38,0,0,375,.630,2,0,1,0,47,0.70,.667,18.09,8,1.74,9.00,5.18,7.91,5.18,1.09,11,2,0,1,1
668873,Caleb Kilian,143,Philadelphia Phillies,2026,29,49,0,45,41,30,2,1,6,56,22,2,43,1,.238,181,.322,.359,.681,1,4,.800,.200,4,786,4.91,47.2,4,7,8,11,4,3,26,1.36,209,143,49,0,0,509,.650,1,0,1,0,65,1.10,.364,16.49,25,2.55,10.57,4.15,8.12,5.66,1.13,22,6,1,3,1
671936,Adam Macko,141,Toronto Blue Jays,2026,25,22,1,14,25,12,2,0,3,23,10,3,24,3,.279,86,.374,.407,.781,2,2,.500,.500,3,400,4.91,22.0,2,0,0,0,4,0,12,1.55,99,66,22,0,0,255,.640,3,0,1,0,35,0.56,1.000,18.18,4,2.30,9.41,4.09,9.82,4.91,1.23,12,4,0,0,0
676755,Isaac Mattson,134,Pittsburgh Pirates,2026,30,37,0,21,52,20,13,0,3,34,18,0,40,1,.274,146,.355,.425,.780,1,0,.000,1.000,0,689,4.91,36.2,0,0,0,2,8,2,20,1.58,166,110,37,0,0,444,.640,1,0,1,1,62,0.40,.---,18.79,7,1.89,8.35,4.42,9.82,4.91,0.74,16,8,0,0,1
573124,Taylor Rogers,142,Minnesota Twins,2026,35,54,0,42,56,26,10,1,4,41,22,3,52,3,.280,186,.362,.409,.771,2,8,.800,.200,2,848,4.91,47.2,6,3,2,3,9,1,26,1.55,216,143,54,0,0,538,.630,3,0,0,2,76,0.75,.667,17.79,16,1.86,7.74,4.15,9.82,4.91,0.76,36,11,0,3,2
693313,Carson Seymour,137,San Francisco Giants,2026,27,11,0,18,19,10,4,0,3,14,8,0,20,1,.282,71,.363,.465,.828,2,2,.500,.500,2,313,4.91,18.1,0,0,1,1,4,0,10,1.53,80,55,11,0,0,190,.610,1,0,3,0,33,0.95,.---,17.07,2,1.75,6.87,3.93,9.82,4.91,1.47,5,2,0,0,0
545121,Ildemaro Vargas,109,Arizona Diamondbacks,2026,34,3,0,3,7,2,1,0,0,0,3,0,3,1,.250,12,.412,.333,.745,0,0,.---,.---,1,48,4.91,3.2,0,0,0,0,0,0,2,1.64,17,11,3,0,0,23,.480,1,0,0,0,4,0.43,.---,13.09,3,0.00,0.00,7.36,7.36,4.91,0.00,2,0,0,0,1
621366,Ryan Borucki,137,San Francisco Giants,2026,32,21,0,23,28,14,8,0,3,15,9,1,27,2,.293,92,.365,.478,.843,0,5,1.000,.000,5,380,4.94,23.2,1,1,0,1,1,1,13,1.52,104,71,21,0,0,238,.630,2,0,1,0,44,0.82,.500,16.06,7,1.67,5.70,3.42,10.27,5.32,1.14,19,8,0,0,1
605447,Jordan Romano,115,Colorado Rockies,2026,33,27,0,14,30,13,4,0,1,27,14,1,23,1,.247,93,.349,.323,.672,0,10,1.000,.000,0,471,4.94,23.2,0,2,13,16,1,3,13,1.56,109,71,27,0,0,298,.630,1,0,1,0,30,0.47,.000,19.90,22,1.93,10.27,5.32,8.75,4.94,0.38,2,0,0,0,1
679775,Kyle Backhus,143,Philadelphia Phillies,2026,28,21,1,20,21,12,2,1,3,20,6,0,25,2,.294,85,.351,.447,.798,0,0,.---,.---,0,354,4.95,20.0,2,1,0,0,1,0,11,1.55,94,60,21,0,0,228,.640,2,0,1,0,38,0.95,.667,17.70,5,3.33,9.00,2.70,11.25,5.40,1.35,14,6,0,0,1
608372,Tomoyuki Sugano,115,Colorado Rockies,2026,36,23,23,129,154,70,33,6,26,71,28,0,132,2,.276,479,.315,.532,.847,2,11,.846,.154,7,1992,4.96,121.2,12,7,0,0,0,0,67,1.32,516,365,23,0,0,1223,.610,2,0,1,1,255,0.84,.632,16.37,0,2.54,5.25,2.07,9.76,5.18,1.92,0,0,0,1,6
669194,Ryne Nelson,109,Arizona Diamondbacks,2026,28,15,15,62,122,53,16,2,18,62,22,1,81,5,.249,325,.305,.477,.782,0,0,.---,.---,7,1292,4.97,83.1,3,5,0,0,0,0,46,1.24,355,250,15,0,0,869,.670,5,0,2,1,155,0.51,.375,15.50,0,2.82,6.70,2.38,8.75,5.72,1.94,0,0,1,0,2
672335,Cionel Pérez,121,New York Mets,2026,30,36,2,51,29,24,2,1,7,41,16,0,44,0,.267,165,.331,.418,.749,0,1,1.000,.000,4,702,4.97,41.2,4,3,0,0,5,0,23,1.44,181,125,36,0,0,446,.640,0,1,4,0,69,1.76,.571,16.85,7,2.56,8.86,3.46,9.50,5.18,1.51,11,2,0,0,0
682052,Jacob Lopez,133,Athletics,2026,28,21,18,62,125,54,16,0,15,90,47,0,92,3,.254,362,.341,.423,.764,3,16,.842,.158,2,1689,4.98,94.0,5,4,0,0,1,0,52,1.48,419,282,21,0,0,1042,.620,3,0,1,1,153,0.50,.556,17.97,0,1.91,8.62,4.50,8.81,5.17,1.44,1,0,0,3,4
693308,Nick Frasso,115,Colorado Rockies,2026,27,8,0,4,15,6,4,0,0,9,2,0,13,1,.333,39,.372,.436,.808,0,1,1.000,.000,0,163,5.00,9.0,1,1,0,0,0,0,5,1.67,44,27,8,0,0,106,.650,1,0,2,0,17,0.27,.500,18.11,3,4.50,9.00,2.00,13.00,6.00,0.00,1,1,0,1,1
691008,Max Rajcic,138,St. Louis Cardinals,2026,24,6,0,7,12,5,2,1,1,8,6,0,6,0,.182,33,.308,.394,.702,0,2,1.000,.000,0,163,5.00,9.0,0,0,0,0,0,0,5,1.33,39,27,6,0,0,96,.590,0,0,1,0,13,0.58,.---,18.11,0,1.33,8.00,6.00,6.00,5.00,1.00,4,2,0,0,0
605400,Aaron Nola,143,Philadelphia Phillies,2026,33,27,27,121,141,82,24,3,32,153,49,2,151,1,.270,560,.327,.495,.822,5,10,.667,.333,7,2458,5.03,143.0,5,10,0,0,0,0,80,1.40,616,429,27,0,0,1555,.630,1,0,2,1,277,0.86,.333,17.19,0,3.12,9.63,3.08,9.50,5.16,2.01,0,0,0,2,4
664991,Grant Wolfram,110,Baltimore Orioles,2026,29,49,0,41,36,26,12,2,3,45,14,1,42,4,.261,161,.333,.416,.749,1,1,.500,.500,3,714,5.05,41.0,5,2,1,1,12,0,23,1.37,182,123,49,0,0,462,.650,4,0,1,0,67,1.14,.714,17.41,5,3.21,9.88,3.07,9.22,5.71,0.66,25,7,0,2,1
669724,Brenan Hanifee,116,Detroit Tigers,2026,28,23,2,36,15,12,4,0,5,10,7,1,24,1,.286,84,.348,.512,.860,1,2,.667,.333,2,321,5.06,21.1,0,1,0,0,3,0,12,1.45,93,64,23,0,0,207,.640,1,0,0,0,43,2.40,.000,15.05,7,1.43,4.22,2.95,10.13,5.06,2.11,11,1,0,1,0
677944,Slade Cecconi,114,Cleveland Guardians,2026,27,23,21,116,116,68,26,0,17,88,37,1,128,3,.290,441,.345,.465,.810,1,8,.889,.111,9,1854,5.07,110.0,4,7,0,0,0,0,62,1.50,488,330,23,0,0,1181,.640,3,0,4,0,205,1.00,.364,16.85,0,2.38,7.20,3.03,10.47,5.56,1.39,0,0,0,1,6
691951,Sam Aldegheri,108,Los Angeles Angels,2026,24,9,6,30,50,21,4,1,5,22,17,0,31,1,.238,130,.325,.400,.725,1,1,.500,.500,1,610,5.08,33.2,3,4,0,0,0,0,19,1.43,151,101,9,0,0,377,.620,1,0,1,0,52,0.60,.429,18.12,2,1.29,5.88,4.54,8.29,5.61,1.34,0,0,0,0,3
686560,Gavin Collyer,140,Texas Rangers,2026,25,23,0,17,26,14,4,0,1,22,19,1,15,6,.188,80,.381,.275,.656,2,3,.600,.400,2,446,5.09,23.0,1,1,0,0,0,0,13,1.48,105,69,23,0,0,254,.570,6,0,1,0,22,0.65,.500,19.39,10,1.16,8.61,7.43,5.87,5.48,0.39,8,0,0,0,0
573204,Caleb Thielbar,112,Chicago Cubs,2026,39,48,0,22,49,24,5,0,10,48,14,2,39,1,.248,157,.314,.471,.785,0,3,1.000,.000,2,702,5.09,40.2,3,2,3,7,7,4,23,1.30,173,122,48,0,0,473,.670,1,0,1,1,74,0.45,.600,17.26,8,3.43,10.62,3.10,8.63,5.31,2.21,16,1,0,1,0
642547,Freddy Peralta,139,Tampa Bay Rays,2026,30,27,27,128,154,88,33,2,22,133,54,0,145,7,.261,555,.333,.447,.780,2,7,.778,.222,6,2517,5.11,141.0,6,11,0,0,0,0,80,1.41,621,423,27,0,0,1533,.610,7,0,7,0,248,0.83,.353,17.85,0,2.46,8.49,3.45,9.26,5.62,1.40,0,0,0,2,3
686790,Trevor McDonald,137,San Francisco Giants,2026,25,14,14,90,58,43,12,1,7,57,23,0,69,12,.255,271,.338,.384,.722,1,8,.889,.111,6,1137,5.12,70.1,3,7,0,0,0,0,40,1.31,310,211,14,0,0,718,.630,12,1,5,0,104,1.55,.300,16.17,0,2.48,7.29,2.94,8.83,5.50,0.90,0,0,1,1,2
686753,Drey Jameson,109,Arizona Diamondbacks,2026,28,12,0,18,25,11,4,1,1,13,10,0,19,1,.257,74,.349,.378,.727,1,1,.500,.500,1,306,5.12,19.1,0,0,0,0,0,0,11,1.50,86,58,12,0,0,197,.640,1,0,1,0,28,0.72,.---,15.83,8,1.30,6.05,4.66,8.84,5.12,0.47,2,0,0,0,1
683232,Nick Mears,118,Kansas City Royals,2026,29,21,0,18,21,11,5,1,2,15,11,1,18,0,.257,70,.354,.443,.797,1,0,.000,1.000,3,341,5.12,19.1,2,3,0,2,5,2,11,1.50,83,58,21,0,0,209,.610,0,0,1,0,31,0.86,.400,17.64,2,1.36,6.98,5.12,8.38,5.12,0.93,7,4,0,1,1
669212,Eli Morgan,118,Kansas City Royals,2026,30,16,0,17,23,11,3,0,5,16,9,0,24,2,.300,80,.385,.525,.910,0,2,1.000,.000,2,339,5.12,19.1,0,1,1,1,0,0,11,1.71,91,58,16,0,0,216,.640,2,0,0,0,42,0.74,.000,17.53,9,1.78,7.45,4.19,11.17,5.12,2.33,2,1,0,0,0
695076,Rhett Lowder,113,Cincinnati Reds,2026,24,23,20,111,121,63,22,2,15,83,43,1,114,4,.267,427,.339,.433,.772,0,6,1.000,.000,7,1794,5.13,107.0,5,8,0,0,0,0,61,1.47,478,321,23,0,0,1126,.630,4,1,1,0,185,0.92,.385,16.77,3,1.93,6.98,3.62,9.59,5.30,1.26,0,0,2,1,1
675627,Michael Grove,139,Tampa Bay Rays,2026,29,3,0,4,11,5,1,0,3,6,0,0,7,0,.259,27,.250,.630,.880,0,0,.---,.---,0,89,5.14,7.0,1,0,0,0,0,0,4,1.00,28,21,3,0,0,64,.720,0,0,0,0,17,0.36,1.000,12.71,1,-.--,7.71,0.00,9.00,6.43,3.86,0,0,0,0,1
690155,Matt Pushard,138,St. Louis Cardinals,2026,28,6,0,6,8,5,1,0,0,6,4,0,6,1,.240,25,.355,.280,.635,0,0,.---,.---,2,120,5.14,7.0,0,0,0,0,0,0,4,1.43,32,21,6,0,0,71,.590,1,0,2,0,7,0.75,.---,17.14,5,1.50,7.71,5.14,7.71,6.43,0.00,3,0,1,0,1
608337,Lucas Giolito,135,San Diego Padres,2026,31,7,5,23,41,19,3,0,4,18,23,0,32,1,.281,114,.406,.412,.818,1,3,.750,.250,4,551,5.16,29.2,2,3,0,0,0,0,17,1.85,138,89,7,0,0,309,.560,1,0,3,0,47,0.56,.400,18.57,0,0.78,5.46,6.98,9.71,5.76,1.21,0,0,0,0,0
677053,Andrew Nardi,146,Miami Marlins,2026,27,25,0,18,21,13,5,0,4,27,11,0,21,1,.244,86,.337,.442,.779,0,0,.---,.---,2,378,5.16,22.2,3,3,0,1,8,1,13,1.41,99,68,25,0,0,245,.650,1,0,1,0,38,0.86,.500,16.68,4,2.45,10.72,4.37,8.34,5.16,1.59,6,3,0,1,0
656849,David Peterson,112,Chicago Cubs,2026,30,26,17,148,99,75,21,4,12,103,49,0,129,4,.273,473,.343,.410,.753,4,7,.636,.364,9,1950,5.17,118.1,7,7,1,1,1,0,68,1.50,532,355,26,0,0,1236,.630,4,1,3,0,194,1.49,.500,16.48,2,2.10,7.83,3.73,9.81,5.70,0.91,2,1,0,1,5
622491,Luis Castillo,145,Chicago White Sox,2026,33,24,21,108,139,78,25,2,21,105,37,1,130,5,.274,474,.331,.468,.799,4,10,.714,.286,3,2121,5.19,118.0,4,10,0,1,1,1,68,1.42,525,354,24,0,0,1388,.650,5,0,2,2,222,0.78,.286,17.97,2,2.84,8.01,2.82,9.92,5.95,1.60,0,0,1,4,4
685005,Christian Roa,117,Houston Astros,2026,27,7,0,6,11,5,1,1,1,6,7,0,10,3,.313,32,.465,.500,.965,1,2,.667,.333,0,178,5.19,8.2,0,1,0,0,0,0,5,1.96,43,26,7,0,0,99,.560,3,0,0,1,16,0.55,.000,20.54,2,0.86,6.23,7.27,10.38,5.19,1.04,5,2,0,0,1
671212,Joe Boyle,139,Tampa Bay Rays,2026,26,4,3,18,20,13,6,0,1,21,9,0,13,0,.186,70,.275,.314,.589,1,3,.750,.250,0,347,5.21,19.0,0,1,0,0,0,0,11,1.16,81,57,4,0,0,218,.630,0,0,1,0,22,0.90,.000,18.26,1,2.33,9.95,4.26,6.16,6.16,0.47,1,1,0,0,1
641793,Zack Littell,109,Arizona Diamondbacks,2026,30,26,14,113,176,81,22,1,30,73,39,0,136,3,.278,489,.330,.511,.841,6,10,.625,.375,9,1977,5.21,124.1,8,8,0,0,0,0,72,1.41,540,373,26,0,0,1280,.650,3,0,1,1,250,0.64,.500,15.90,2,1.87,5.28,2.82,9.84,5.86,2.17,11,7,0,1,8
665152,Dean Kremer,142,Minnesota Twins,2026,30,11,11,52,60,36,8,3,14,58,19,0,50,0,.230,217,.289,.488,.777,3,2,.400,.600,3,964,5.22,58.2,2,4,0,0,0,0,34,1.18,239,176,11,0,0,599,.620,0,0,1,0,106,0.87,.333,16.43,0,3.05,8.90,2.91,7.67,5.52,2.15,0,0,0,0,3
660761,José Suarez,133,Athletics,2026,28,42,2,49,58,37,15,0,6,60,25,1,63,3,.278,227,.355,.423,.778,2,3,.600,.400,5,1016,5.22,58.2,1,4,1,3,3,2,34,1.50,258,176,42,0,0,634,.620,3,3,3,1,96,0.84,.200,17.32,14,2.40,9.20,3.84,9.66,5.68,0.92,31,17,0,2,1
688883,Peyton Pallette,114,Cleveland Guardians,2026,25,16,0,18,21,13,4,0,2,22,16,0,17,3,.218,78,.371,.346,.717,0,1,1.000,.000,1,442,5.23,20.2,1,2,0,0,1,0,12,1.60,97,62,16,0,0,257,.580,3,0,2,0,27,0.86,.333,21.39,8,1.38,9.58,6.97,7.40,5.66,0.87,1,0,0,0,0
657571,Caleb Ferguson,138,St. Louis Cardinals,2026,29,34,1,34,28,19,7,1,5,31,19,2,36,0,.281,128,.372,.469,.841,0,1,1.000,.000,5,584,5.23,32.2,1,0,1,1,4,0,19,1.68,149,98,34,0,0,375,.640,0,0,0,0,60,1.21,1.000,17.88,5,1.63,8.54,5.23,9.92,5.23,1.38,18,6,1,0,1
666157,Nick Lodolo,113,Cincinnati Reds,2026,28,16,16,82,80,46,16,1,15,64,33,0,89,11,.291,306,.373,.497,.870,2,13,.867,.133,10,1416,5.24,79.0,3,3,0,0,0,0,46,1.54,359,237,16,0,0,878,.620,11,1,2,0,152,1.03,.500,17.92,0,1.94,7.29,3.76,10.14,5.24,1.71,0,0,0,2,7
657756,Connor Seabold,118,Kansas City Royals,2026,30,21,0,24,27,15,6,0,2,20,11,0,30,3,.306,98,.383,.429,.812,1,1,.500,.500,0,476,5.25,24.0,1,0,0,1,1,1,14,1.71,115,72,21,0,0,304,.640,3,0,1,0,42,0.89,1.000,19.83,9,1.82,7.50,4.13,11.25,5.63,0.75,18,11,0,0,3
608566,Germán Márquez,135,San Diego Padres,2026,31,13,10,52,66,32,11,0,14,37,24,0,55,2,.264,208,.343,.519,.862,3,5,.625,.375,2,918,5.26,53.0,4,2,1,1,0,0,31,1.49,236,159,13,0,0,573,.620,2,0,2,0,108,0.79,.667,17.32,2,1.54,6.28,4.08,9.34,5.43,2.38,0,0,0,0,2
500779,Jose Quintana,115,Colorado Rockies,2026,37,9,9,41,57,27,11,2,6,20,17,0,45,1,.288,156,.352,.500,.852,0,4,1.000,.000,4,687,5.27,41.0,2,3,0,0,0,0,24,1.51,181,123,9,0,0,409,.600,1,1,1,1,78,0.72,.400,16.76,0,1.18,4.39,3.73,9.88,5.93,1.32,0,0,0,2,5
687075,Brandon Sproat,158,Milwaukee Brewers,2026,25,21,19,81,88,57,17,0,17,100,48,0,88,9,.248,355,.352,.439,.791,7,12,.632,.368,7,1718,5.27,95.2,3,7,0,0,0,0,56,1.42,414,287,21,0,0,1060,.620,9,0,9,6,156,0.92,.300,17.96,0,2.08,9.41,4.52,8.28,5.36,1.60,0,0,0,2,0
641401,Connor Brogdon,114,Cleveland Guardians,2026,31,15,0,17,19,12,3,0,5,14,3,0,14,0,.230,61,.266,.525,.791,0,2,1.000,.000,0,267,5.28,15.1,2,2,1,2,4,1,9,1.11,67,46,15,0,0,162,.610,0,0,2,0,32,0.89,.500,17.41,4,4.67,8.22,1.76,8.22,7.04,2.93,7,2,0,3,0
686218,Emmet Sheehan,119,Los Angeles Dodgers,2026,26,20,20,67,106,57,26,0,20,108,30,1,93,8,.252,369,.319,.485,.804,1,4,.800,.200,2,1698,5.29,95.1,4,8,0,0,0,0,56,1.29,412,286,20,0,0,1093,.640,8,2,3,0,179,0.63,.333,17.81,0,3.60,10.20,2.83,8.78,5.38,1.89,0,0,0,1,4
683004,Jack Leiter,140,Texas Rangers,2026,26,15,15,65,88,50,12,2,14,83,35,0,80,4,.255,314,.335,.439,.774,1,8,.889,.111,5,1397,5.29,80.0,3,7,0,0,0,0,47,1.44,355,240,15,0,0,888,.640,4,0,2,1,138,0.74,.300,17.46,0,2.37,9.34,3.94,9.00,5.63,1.58,0,0,0,0,2
656605,Mitch Keller,134,Pittsburgh Pirates,2026,30,22,22,112,135,73,26,2,15,89,42,0,117,8,.259,451,.332,.426,.758,3,12,.800,.200,10,1887,5.29,115.2,6,8,0,0,0,0,68,1.37,503,347,22,0,0,1200,.640,8,1,4,1,192,0.83,.429,16.31,0,2.12,6.93,3.27,9.10,5.68,1.17,0,0,0,0,2
621053,Tyler Ferguson,112,Chicago Cubs,2026,32,17,0,11,20,10,3,0,5,20,2,0,14,3,.215,65,.271,.492,.763,0,0,.---,.---,0,256,5.29,17.0,0,1,0,1,4,1,10,0.94,70,51,17,0,0,175,.680,3,0,0,0,32,0.55,.000,15.06,5,10.00,10.59,1.06,7.41,5.29,2.65,6,3,0,0,0
689441,Coleman Crow,158,Milwaukee Brewers,2026,25,5,4,20,27,13,7,1,2,10,6,1,21,1,.276,76,.329,.474,.803,1,0,.000,1.000,1,295,5.30,18.2,0,1,0,0,0,0,11,1.45,85,56,5,0,0,203,.690,1,0,0,0,36,0.74,.000,15.80,1,1.67,4.82,2.89,10.13,6.27,0.96,0,0,0,0,2
675911,Spencer Strider,144,Atlanta Braves,2026,27,8,8,23,42,24,9,1,9,46,20,0,33,1,.232,142,.327,.500,.827,2,6,.750,.250,2,691,5.31,39.0,4,2,0,0,0,0,23,1.36,165,117,8,0,0,427,.620,1,0,2,1,71,0.55,.667,17.72,0,2.30,10.62,4.62,7.62,5.54,2.08,0,0,0,0,2
703615,Jose Cabrera,109,Arizona Diamondbacks,2026,24,5,5,23,26,13,3,0,4,16,8,0,23,3,.264,87,.347,.437,.784,1,5,.833,.167,0,349,5.32,22.0,0,3,0,0,0,0,13,1.41,99,66,5,0,0,215,.620,3,1,0,0,38,0.88,.000,15.86,0,2.00,6.55,3.27,9.41,5.32,1.64,0,0,0,1,0
837227,Tatsuya Imai,117,Houston Astros,2026,28,18,15,57,58,40,8,0,9,83,44,0,55,4,.220,250,.343,.360,.703,1,6,.857,.143,4,1297,5.32,67.2,6,4,0,0,0,0,40,1.46,301,203,18,0,0,769,.590,4,3,1,0,90,0.98,.600,19.17,1,1.89,11.04,5.85,7.32,5.32,1.20,0,0,0,1,2
518876,Merrill Kelly,109,Arizona Diamondbacks,2026,37,24,24,139,155,83,25,4,26,88,60,2,144,3,.277,519,.353,.491,.844,4,12,.750,.250,11,2178,5.35,134.2,8,12,0,0,0,0,80,1.51,590,404,24,1,0,1363,.630,3,1,1,4,255,0.90,.400,16.17,0,1.47,5.88,4.01,9.62,5.55,1.74,0,0,1,2,5
656234,Jake Bird,120,Washington Nationals,2026,30,44,0,31,40,23,9,0,6,41,13,0,42,5,.276,152,.349,.454,.803,0,2,1.000,.000,4,678,5.35,38.2,1,1,0,3,7,3,23,1.42,172,116,44,0,0,428,.630,5,0,1,0,69,0.78,.500,17.53,10,3.15,9.54,3.03,9.78,5.35,1.40,22,11,0,0,2
685299,Tanner Gordon,115,Colorado Rockies,2026,28,19,7,64,110,52,26,2,17,69,15,2,105,2,.307,342,.337,.544,.881,0,3,1.000,.000,7,1283,5.38,83.2,1,4,0,0,0,0,50,1.43,365,251,19,0,0,883,.690,2,2,1,0,186,0.58,.200,15.33,8,4.60,7.42,1.61,11.29,5.59,1.83,8,1,0,3,3
675989,Cody Bolton,117,Houston Astros,2026,28,8,3,18,19,12,6,0,3,22,14,0,21,1,.269,78,.383,.462,.845,0,2,1.000,.000,1,391,5.40,20.0,0,1,1,1,0,0,12,1.75,95,60,8,0,0,234,.600,1,0,0,0,36,0.95,.000,19.55,4,1.57,9.90,6.30,9.45,5.40,1.35,4,3,0,1,1
683000,Riley Cornelio,120,Washington Nationals,2026,26,11,0,15,24,17,4,0,1,20,20,0,17,0,.239,71,.389,.338,.727,0,1,1.000,.000,1,410,5.40,20.0,2,1,0,1,0,1,12,1.85,96,60,11,0,0,246,.600,0,0,2,0,24,0.63,.667,20.50,3,1.00,9.00,9.00,7.65,7.65,0.45,4,0,0,1,4
680728,Adrian Del Castillo,109,Arizona Diamondbacks,2026,26,1,0,0,5,1,0,0,0,0,0,0,4,1,.444,9,.500,.444,.944,0,0,.---,.---,0,17,5.40,1.2,0,0,0,0,0,0,1,2.40,10,5,1,0,0,14,.820,1,0,0,0,4,0.00,.---,10.20,1,-.--,0.00,0.00,21.60,5.40,0.00,3,1,0,0,0
684442,Kohl Drake,109,Arizona Diamondbacks,2026,25,4,4,8,27,10,6,1,3,13,6,0,20,3,.299,67,.377,.552,.929,0,0,.---,.---,2,325,5.40,16.2,0,1,0,0,0,0,10,1.56,77,50,4,0,0,188,.580,3,0,0,0,37,0.30,.000,19.50,0,2.17,7.02,3.24,10.80,5.40,1.62,0,0,0,0,1
689690,Alek Jacob,135,San Diego Padres,2026,28,3,0,4,5,3,1,0,1,6,2,0,5,1,.250,20,.348,.450,.798,0,3,1.000,.000,0,87,5.40,5.0,1,0,0,0,0,0,3,1.40,23,15,3,0,0,57,.660,1,0,0,0,9,0.80,1.000,17.40,1,3.00,10.80,3.60,9.00,5.40,1.80,0,0,0,0,0
699008,Antwone Kelly,134,Pittsburgh Pirates,2026,22,4,0,13,6,5,2,0,2,5,4,0,8,0,.250,32,.333,.500,.833,0,0,.---,.---,2,141,5.40,8.1,0,0,0,0,0,0,5,1.44,36,25,4,0,0,95,.670,0,0,0,0,16,2.17,.---,16.92,2,1.25,5.40,4.32,8.64,5.40,2.16,1,0,0,0,0
664238,Dylan Moore,143,Philadelphia Phillies,2026,33,2,0,3,2,1,0,0,0,0,1,0,1,1,.167,6,.375,.167,.542,0,0,.---,.---,0,21,5.40,1.2,0,0,0,0,0,0,1,1.20,8,5,2,0,0,11,.520,1,0,0,0,1,1.50,.---,12.60,2,0.00,0.00,5.40,5.40,5.40,0.00,2,1,0,0,0
671111,Sammy Peralta,108,Los Angeles Angels,2026,28,7,1,6,9,6,3,0,2,14,3,0,10,3,.263,38,.364,.500,.864,1,0,.000,1.000,0,150,5.40,10.0,0,1,0,0,1,0,6,1.30,45,30,7,0,0,104,.690,3,0,0,0,19,0.67,.000,15.00,3,4.67,12.60,2.70,9.00,5.40,1.80,1,0,0,1,0
665665,Reiver Sanmartin,137,San Francisco Giants,2026,30,13,0,20,8,9,3,1,3,10,4,1,16,0,.296,54,.345,.556,.901,0,1,1.000,.000,2,212,5.40,13.1,1,0,0,0,1,0,8,1.50,58,40,13,0,0,131,.620,0,0,0,0,30,2.50,1.000,15.90,5,2.50,6.75,2.70,10.80,6.07,2.02,14,5,0,0,0
702281,Robby Snelling,146,Miami Marlins,2026,22,1,1,7,4,3,1,0,1,2,4,0,5,0,.278,18,.409,.500,.909,0,0,.---,.---,2,86,5.40,5.0,0,1,0,0,0,0,3,1.80,22,15,1,0,0,54,.630,0,0,0,0,9,1.75,.000,17.20,0,0.50,3.60,7.20,9.00,5.40,1.80,0,0,0,0,0
676702,Hunter Stratton,134,Pittsburgh Pirates,2026,29,3,0,5,1,2,1,0,0,3,0,0,6,0,.400,15,.400,.467,.867,0,0,.---,.---,1,56,5.40,3.1,0,0,0,0,0,0,2,1.80,15,10,3,0,0,41,.730,0,0,0,0,7,5.00,.---,16.80,2,-.--,8.10,0.00,16.20,5.40,0.00,2,0,0,0,0
596117,Garrett Stubbs,143,Philadelphia Phillies,2026,33,4,0,1,9,2,0,0,0,0,1,0,4,0,.286,14,.333,.286,.619,0,0,.---,.---,0,31,5.40,3.1,0,0,0,0,0,0,2,1.50,15,10,4,0,0,21,.680,0,0,0,0,4,0.11,.---,9.30,4,0.00,0.00,2.70,10.80,5.40,0.00,1,0,0,0,0
694357,Ricky Tiedemann,141,Toronto Blue Jays,2026,23,1,0,0,3,1,0,0,0,2,0,0,2,0,.286,7,.286,.286,.572,0,1,1.000,.000,0,27,5.40,1.2,0,0,0,0,0,0,1,1.20,7,5,1,0,0,18,.670,0,0,0,0,2,0.00,.---,16.20,0,-.--,10.80,0.00,10.80,5.40,0.00,0,0,0,0,0
669145,Bruce Zimmermann,138,St. Louis Cardinals,2026,31,1,0,4,8,3,3,0,0,2,1,0,6,0,.300,20,.333,.450,.783,0,0,.---,.---,1,72,5.40,5.0,0,0,0,0,0,0,3,1.40,21,15,1,0,0,46,.640,0,0,0,0,9,0.50,.---,14.40,0,2.00,3.60,1.80,10.80,5.40,0.00,0,0,0,0,0
669461,Matthew Liberatore,138,St. Louis Cardinals,2026,26,26,26,94,143,83,22,1,23,132,45,0,144,5,.285,506,.345,.468,.813,5,20,.800,.200,11,2200,5.44,129.0,5,12,0,0,0,0,78,1.47,563,387,26,0,0,1406,.640,5,0,5,4,237,0.66,.294,17.05,0,2.93,9.21,3.14,10.05,5.79,1.60,0,0,0,1,6
676742,Cam Sanders,110,Baltimore Orioles,2026,29,19,0,17,20,13,3,0,1,27,14,1,15,3,.192,78,.337,.269,.606,0,0,.---,.---,0,401,5.48,21.1,1,1,3,3,0,0,13,1.36,96,64,19,0,0,245,.610,3,0,1,0,21,0.85,.500,18.80,8,1.93,11.39,5.91,6.33,5.48,0.42,6,0,0,1,0
571578,Patrick Corbin,141,Toronto Blue Jays,2026,36,19,15,86,82,50,21,0,12,63,25,0,98,6,.302,325,.359,.477,.836,4,11,.733,.267,5,1412,5.51,80.0,3,4,1,1,0,0,49,1.54,360,240,19,0,0,872,.620,6,0,1,2,155,1.05,.429,17.65,1,2.52,7.09,2.81,11.03,5.63,1.35,0,0,0,1,3
679883,Luinder Avila,118,Kansas City Royals,2026,24,21,12,75,58,43,17,1,7,61,42,0,71,2,.272,261,.375,.425,.800,5,4,.444,.556,7,1293,5.53,70.0,5,4,0,0,0,0,43,1.61,309,210,21,0,0,768,.590,2,1,1,2,111,1.29,.556,18.47,0,1.45,7.84,5.40,9.13,5.53,0.90,3,3,0,2,2
683175,Connor Phillips,113,Cincinnati Reds,2026,25,25,0,15,38,18,4,1,3,28,28,0,21,3,.208,101,.391,.356,.747,1,6,.857,.143,1,546,5.53,27.2,1,0,1,1,5,0,17,1.77,133,83,25,0,0,314,.580,3,0,1,0,36,0.39,1.000,19.73,6,1.00,9.11,9.11,6.83,5.86,0.98,16,7,0,0,1
681751,Lazaro Estrada,141,Toronto Blue Jays,2026,27,8,0,12,17,9,0,0,2,9,10,1,8,1,.178,45,.333,.311,.644,0,1,1.000,.000,1,228,5.54,13.0,1,1,1,2,0,1,8,1.38,57,39,8,0,0,138,.610,1,1,1,0,14,0.71,.500,17.54,4,0.90,6.23,6.92,5.54,6.23,1.38,3,0,0,0,1
687570,Connor Prielipp,142,Minnesota Twins,2026,25,19,19,88,92,69,18,2,13,106,39,0,99,5,.263,376,.336,.426,.762,3,5,.625,.375,9,1680,5.55,99.0,3,7,0,0,0,0,61,1.39,430,297,19,0,0,1073,.640,5,2,1,0,160,0.96,.300,16.97,0,2.72,9.64,3.55,9.00,6.27,1.18,0,0,1,3,6
623149,Paul Sewald,141,Toronto Blue Jays,2026,36,50,0,14,70,29,5,2,12,48,11,0,36,2,.218,165,.272,.491,.763,0,4,1.000,.000,0,702,5.56,43.2,2,5,24,27,1,3,27,1.08,181,131,50,0,0,476,.680,2,0,2,0,81,0.20,.286,16.08,35,4.36,9.89,2.27,7.42,5.98,2.47,8,0,0,1,2
519141,Drew Pomeranz,112,Chicago Cubs,2026,37,31,0,18,50,19,4,0,7,17,16,4,32,2,.278,115,.373,.496,.869,0,6,1.000,.000,1,478,5.59,29.0,2,3,0,3,8,3,18,1.66,135,87,31,0,0,303,.630,2,0,0,0,57,0.36,.400,16.48,8,1.06,5.28,4.97,9.93,5.90,2.17,13,8,0,1,1
657424,Matt Gage,137,San Francisco Giants,2026,33,34,0,31,27,18,5,1,6,22,17,0,28,1,.267,105,.368,.505,.873,1,3,.750,.250,2,526,5.60,27.1,4,1,1,2,5,1,17,1.65,126,82,34,0,0,315,.600,1,0,0,0,53,1.15,.800,19.24,5,1.29,7.24,5.60,9.22,5.93,1.98,27,11,0,1,2
663623,Jake Irvin,120,Washington Nationals,2026,29,17,17,67,90,55,14,0,14,82,39,0,75,9,.242,310,.340,.423,.763,2,11,.846,.154,5,1477,5.62,81.2,2,8,0,0,0,0,51,1.40,362,245,17,0,0,928,.630,9,0,2,3,131,0.74,.200,18.09,0,2.10,9.04,4.30,8.27,6.06,1.54,0,0,0,0,4
676661,Max Lazar,143,Philadelphia Phillies,2026,27,6,0,10,9,5,0,0,3,5,3,0,8,0,.250,32,.314,.531,.845,0,0,.---,.---,0,128,5.63,8.0,0,0,0,0,0,0,5,1.38,35,24,6,0,0,83,.650,0,0,0,0,17,1.11,.---,16.00,1,1.67,5.63,3.38,9.00,5.63,3.38,2,0,0,0,0
668390,Cole Winn,140,Texas Rangers,2026,26,51,1,41,54,32,8,3,7,49,16,1,54,1,.277,195,.333,.456,.789,0,1,1.000,.000,3,787,5.63,48.0,5,3,1,3,9,2,30,1.46,215,144,51,0,0,525,.670,1,0,4,0,89,0.76,.625,16.40,9,3.06,9.19,3.00,10.13,6.00,1.31,32,11,0,2,1
675848,Juan Mejia,115,Colorado Rockies,2026,25,52,1,52,57,38,5,1,5,52,34,3,60,2,.279,215,.378,.381,.759,1,5,.833,.167,3,1052,5.66,55.2,3,6,4,5,8,1,35,1.69,257,167,52,0,0,666,.630,2,0,2,1,82,0.91,.333,18.90,17,1.53,8.41,5.50,9.70,6.14,0.81,30,10,0,3,3
679358,Eric Orze,142,Minnesota Twins,2026,28,36,0,45,43,27,13,1,1,36,21,2,42,2,.264,159,.348,.377,.725,0,8,1.000,.000,2,677,5.66,41.1,2,2,1,5,7,4,26,1.52,189,124,36,0,0,432,.640,2,0,0,0,60,1.05,.500,16.38,5,1.71,7.84,4.57,9.15,5.88,0.22,18,7,0,2,5
592791,Jameson Taillon,141,Toronto Blue Jays,2026,34,17,17,65,105,54,11,0,26,75,32,1,83,2,.253,328,.323,.524,.847,2,9,.818,.182,4,1414,5.68,84.0,2,6,0,0,0,0,53,1.37,362,252,17,0,0,882,.620,2,0,2,0,172,0.62,.250,16.83,0,2.34,8.04,3.43,8.89,5.79,2.79,0,0,0,0,0
688642,Zach Agnos,115,Colorado Rockies,2026,25,34,2,79,91,52,22,2,9,51,26,2,83,5,.278,299,.341,.455,.796,2,3,.600,.400,8,1240,5.68,76.0,0,2,2,2,0,0,48,1.43,335,228,34,0,0,797,.640,5,0,2,0,136,0.87,.000,16.32,15,1.96,6.04,3.08,9.83,6.16,1.07,10,3,0,1,4
669211,Keegan Akin,110,Baltimore Orioles,2026,31,24,2,22,37,18,3,2,3,17,9,0,29,0,.284,102,.336,.441,.777,0,0,.---,.---,2,443,5.68,25.1,0,1,0,1,0,1,16,1.50,114,76,24,0,0,292,.660,0,0,0,0,45,0.59,.000,17.49,3,1.89,6.04,3.20,10.30,6.39,1.07,9,4,0,1,2
665795,Edward Cabrera,112,Chicago Cubs,2026,28,15,15,78,72,53,12,0,15,67,32,0,78,1,.268,291,.339,.464,.803,3,10,.769,.231,6,1280,5.68,76.0,5,5,0,0,0,0,48,1.45,329,228,15,0,0,782,.610,1,0,1,3,135,1.08,.500,16.84,0,2.09,7.93,3.79,9.24,6.28,1.78,0,0,1,1,3
642546,Jonathan Hernández,119,Los Angeles Dodgers,2026,29,16,0,25,28,16,4,0,4,22,13,2,21,0,.219,96,.312,.385,.697,0,2,1.000,.000,0,413,5.68,25.1,0,0,0,0,0,0,16,1.34,109,76,16,0,0,257,.620,0,0,1,0,37,0.89,.---,16.30,10,1.69,7.82,4.62,7.46,5.68,1.42,5,2,0,0,0
670090,Wyatt Mills,119,Los Angeles Dodgers,2026,31,6,0,5,10,5,0,0,0,5,9,1,5,2,.208,24,.457,.208,.665,0,1,1.000,.000,0,149,5.68,6.1,0,0,0,0,0,0,4,2.21,36,19,6,0,0,83,.560,2,0,1,0,5,0.50,.---,23.53,4,0.56,7.11,12.79,7.11,7.11,0.00,1,1,0,1,0
642701,Dennis Santana,109,Arizona Diamondbacks,2026,30,48,0,34,58,31,13,0,9,41,21,2,44,3,.250,176,.340,.477,.817,0,5,1.000,.000,2,761,5.72,45.2,2,5,2,4,5,2,29,1.42,201,137,48,0,0,486,.640,3,1,1,0,84,0.59,.286,16.66,22,1.95,8.08,4.14,8.67,6.11,1.77,10,0,0,1,0
656756,Jordan Montgomery,140,Texas Rangers,2026,33,5,0,15,9,7,1,0,2,9,1,0,13,0,.283,46,.298,.435,.733,0,3,1.000,.000,0,199,5.73,11.0,0,0,0,0,0,0,7,1.27,47,33,5,0,0,129,.650,0,0,0,0,20,1.67,.---,18.09,2,9.00,7.36,0.82,10.64,5.73,1.64,1,1,0,0,0
696270,Ryan Johnson,108,Los Angeles Angels,2026,23,16,13,60,85,48,6,0,16,50,31,0,65,4,.253,257,.339,.463,.802,1,0,.000,1.000,8,1175,5.75,67.1,3,7,0,0,0,0,43,1.43,295,202,16,0,0,731,.620,4,0,3,0,119,0.71,.300,17.45,1,1.61,6.68,4.14,8.69,6.42,2.14,0,0,0,0,3
656638,Alex Lange,118,Kansas City Royals,2026,30,50,0,52,42,35,9,2,6,53,27,0,50,5,.255,196,.358,.413,.771,2,8,.800,.200,3,944,5.75,51.2,2,7,10,13,3,3,33,1.49,229,155,50,0,0,584,.620,5,0,5,1,81,1.24,.222,18.27,23,1.96,9.23,4.70,8.71,6.10,1.05,10,4,0,0,1
701519,Travis Adams,142,Minnesota Twins,2026,26,31,0,32,43,27,7,3,7,48,20,0,42,0,.256,164,.337,.463,.800,0,0,.---,.---,3,730,5.79,42.0,3,0,2,2,1,0,27,1.48,185,126,31,0,0,454,.620,0,0,2,0,76,0.74,1.000,17.38,7,2.40,10.29,4.29,9.00,5.79,1.50,12,7,0,1,0
672442,Yovanny Cruz,120,Washington Nationals,2026,26,10,0,6,9,6,2,0,1,10,6,0,12,1,.324,37,.432,.459,.891,0,0,.---,.---,3,161,5.79,9.1,0,1,0,2,1,2,6,1.93,44,28,10,0,0,104,.650,1,0,0,0,17,0.67,.000,17.25,4,1.67,9.64,5.79,11.57,5.79,0.96,4,2,0,0,0
657265,Peter Strzelecki,138,St. Louis Cardinals,2026,31,8,0,10,22,9,4,0,1,8,6,0,13,2,.250,52,.344,.385,.729,0,2,1.000,.000,2,251,5.79,14.0,1,1,0,0,0,0,9,1.36,61,42,8,0,0,147,.590,2,1,0,0,20,0.45,.500,17.93,3,1.33,5.14,3.86,8.36,5.79,0.64,7,5,0,0,1
571945,Miles Mikolas,120,Washington Nationals,2026,37,25,11,141,137,80,28,0,27,58,23,0,137,2,.293,467,.325,.527,.852,2,9,.818,.182,9,1827,5.82,116.0,3,9,0,0,0,0,75,1.38,498,348,25,0,0,1197,.660,2,0,1,1,246,1.03,.250,15.75,2,2.52,4.50,1.78,10.63,6.21,2.09,6,2,0,0,6
806188,Cade Gibson,146,Miami Marlins,2026,28,33,1,43,36,29,6,0,3,32,19,1,40,6,.276,145,.374,.379,.753,1,4,.800,.200,3,696,5.87,38.1,2,1,0,0,4,0,25,1.54,176,115,33,0,0,449,.650,6,1,0,0,55,1.19,.667,18.16,10,1.68,7.51,4.46,9.39,6.81,0.70,19,5,0,2,4
682274,Yaramil Hiraldo,110,Baltimore Orioles,2026,30,7,0,2,8,5,2,0,2,13,6,0,7,1,.241,29,.378,.517,.895,0,1,1.000,.000,0,144,5.87,7.2,1,0,0,1,0,1,5,1.70,37,23,7,0,0,90,.630,1,1,0,0,15,0.25,1.000,18.78,1,2.17,15.26,7.04,8.22,5.87,2.35,5,2,0,0,1
689017,Landon Knack,119,Los Angeles Dodgers,2026,28,3,0,7,11,5,1,0,4,6,2,0,8,1,.258,31,.314,.677,.991,0,1,1.000,.000,0,126,5.87,7.2,0,0,1,1,0,0,5,1.30,35,23,3,0,0,82,.650,1,0,0,0,21,0.64,.---,16.43,3,3.00,7.04,2.35,9.39,5.87,4.70,0,0,0,0,1
694646,Chayce McDermott,121,New York Mets,2026,27,5,0,5,13,5,1,1,2,6,4,0,8,0,.258,31,.343,.548,.891,0,0,.---,.---,0,155,5.87,7.2,1,0,0,0,0,0,5,1.57,36,23,5,0,0,91,.590,0,0,2,0,17,0.38,1.000,20.22,2,1.50,7.04,4.70,9.39,5.87,2.35,2,0,0,1,0
660604,Alan Rangel,143,Philadelphia Phillies,2026,28,7,3,16,32,17,8,1,4,29,13,0,31,2,.290,107,.374,.495,.869,0,3,1.000,.000,1,491,5.88,26.0,0,3,0,0,1,0,17,1.69,123,78,7,0,0,322,.660,2,1,0,0,53,0.50,.000,18.88,1,2.23,10.04,4.50,10.73,5.88,1.38,1,0,0,0,1
700363,AJ Smith-Shawver,144,Atlanta Braves,2026,23,3,3,13,18,9,3,0,1,10,8,0,14,0,.259,54,.349,.370,.719,1,4,.800,.200,1,234,5.93,13.2,0,0,0,0,0,0,9,1.61,63,41,3,0,0,144,.620,0,0,0,0,20,0.72,.---,17.12,0,1.25,6.59,5.27,9.22,5.93,0.66,0,0,0,0,1
621237,José Alvarado,143,Philadelphia Phillies,2026,31,54,0,31,48,33,8,3,5,59,22,2,50,8,.267,187,.369,.422,.791,2,12,.857,.143,1,915,5.94,47.0,3,3,1,3,11,2,31,1.53,218,141,54,0,0,559,.610,8,0,4,1,79,0.65,.500,19.47,4,2.68,11.30,4.21,9.57,6.32,0.96,6,2,0,1,0
471911,Carlos Carrasco,144,Atlanta Braves,2026,39,8,0,21,19,11,2,0,3,7,3,0,21,2,.318,66,.366,.485,.851,0,2,1.000,.000,2,246,5.94,16.2,0,0,0,2,0,2,11,1.44,73,50,8,0,0,168,.680,2,0,0,0,32,1.11,.---,14.76,6,2.33,3.78,1.62,11.34,5.94,1.62,4,0,0,2,0
681347,Mike Burrows,117,Houston Astros,2026,26,18,17,85,112,69,18,1,21,75,35,0,112,4,.292,384,.357,.508,.865,2,6,.750,.250,11,1567,5.99,94.2,4,9,0,0,0,0,63,1.55,423,284,18,0,0,1015,.650,4,0,1,0,195,0.76,.308,16.55,1,2.14,7.13,3.33,10.65,6.56,2.00,0,0,0,0,0
608348,Carson Kelly,112,Chicago Cubs,2026,31,3,0,2,7,2,0,0,2,0,0,0,4,0,.308,13,.308,.769,1.077,0,0,.---,.---,0,29,6.00,3.0,0,0,0,0,0,0,2,1.33,13,9,3,0,0,20,.690,0,0,0,0,10,0.29,.---,9.67,3,-.--,0.00,0.00,12.00,6.00,6.00,0,0,0,0,0
802408,Brycen Mautz,138,St. Louis Cardinals,2026,24,1,0,2,4,2,1,0,0,2,2,0,4,0,.333,12,.429,.417,.846,0,0,.---,.---,0,59,6.00,3.0,0,0,0,0,0,0,2,2.00,14,9,1,0,0,33,.560,0,0,2,0,5,0.50,.---,19.67,1,1.00,6.00,6.00,12.00,6.00,0.00,0,0,0,0,0
623381,Thomas Pannone,158,Milwaukee Brewers,2026,32,1,1,3,4,3,0,0,1,2,2,0,3,0,.250,12,.357,.500,.857,1,1,.500,.500,0,56,6.00,3.0,0,1,0,0,0,0,2,1.67,14,9,1,0,0,36,.640,0,0,0,0,6,0.75,.000,18.67,0,1.00,6.00,6.00,9.00,9.00,3.00,0,0,0,0,0
663574,Tony Santillan,113,Cincinnati Reds,2026,29,36,0,29,38,24,4,0,9,30,18,2,32,1,.256,125,.352,.504,.856,0,0,.---,.---,2,541,6.00,33.0,2,4,5,9,11,4,22,1.52,148,99,36,0,0,335,.620,1,0,2,2,63,0.76,.333,16.39,11,1.67,8.18,4.91,8.73,6.55,2.45,11,3,0,3,1
686678,Chase Solesky,139,Tampa Bay Rays,2026,28,1,0,4,2,2,2,0,1,4,1,0,6,0,.375,16,.412,.688,1.100,0,0,.---,.---,0,58,6.00,3.0,0,0,0,0,1,0,2,2.33,17,9,1,0,0,39,.670,0,0,0,0,11,2.00,.---,19.33,0,4.00,12.00,3.00,18.00,6.00,3.00,0,0,0,0,0
664126,Pete Fairbanks,146,Miami Marlins,2026,32,44,1,17,47,30,4,2,8,57,19,1,34,3,.221,154,.316,.429,.745,1,3,.750,.250,0,738,6.02,40.1,4,5,18,22,2,4,27,1.31,177,121,44,0,0,486,.660,3,0,3,0,66,0.36,.444,18.30,36,3.00,12.72,4.24,7.59,6.69,1.79,1,0,0,0,1
680570,Grayson Rodriguez,108,Los Angeles Angels,2026,26,15,15,61,81,53,19,3,10,65,31,2,78,6,.280,279,.357,.477,.834,1,1,.500,.500,9,1299,6.03,71.2,4,5,0,0,0,0,48,1.52,322,215,15,0,0,836,.640,6,0,2,0,133,0.75,.444,18.13,0,2.10,8.16,3.89,9.80,6.66,1.26,0,0,0,0,6
695239,Robby Ahlstrom,140,Texas Rangers,2026,27,36,0,26,36,22,4,2,5,28,10,2,33,2,.268,123,.333,.455,.788,1,3,.750,.250,3,538,6.03,31.1,3,1,0,1,6,1,21,1.37,136,94,36,0,0,343,.640,2,0,2,1,56,0.72,.750,17.17,3,2.80,8.04,2.87,9.48,6.32,1.44,20,5,1,0,0
691725,Andrew Painter,143,Philadelphia Phillies,2026,23,19,17,79,110,62,15,1,17,79,34,0,103,5,.282,365,.349,.468,.817,2,5,.714,.286,8,1576,6.04,92.1,3,8,0,0,0,0,62,1.48,410,277,19,0,0,1012,.640,5,0,3,0,171,0.72,.273,17.07,0,2.32,7.70,3.31,10.04,6.04,1.66,0,0,0,3,3
661563,Luis Gil,147,New York Yankees,2026,28,4,4,25,22,13,3,0,6,9,11,0,15,3,.211,71,.341,.507,.848,0,1,1.000,.000,1,337,6.05,19.1,1,2,0,0,0,0,13,1.34,85,58,4,0,0,193,.570,3,0,2,1,36,1.14,.333,17.43,0,0.82,4.19,5.12,6.98,6.05,2.79,0,0,0,0,0
702273,Noah Schultz,145,Chicago White Sox,2026,22,15,14,58,73,45,12,2,9,59,31,0,62,8,.251,247,.352,.425,.777,5,6,.545,.455,4,1147,6.06,65.1,3,9,0,0,0,0,44,1.42,291,196,15,0,0,717,.630,8,1,2,0,105,0.79,.250,17.56,0,1.90,8.13,4.27,8.54,6.20,1.24,0,0,0,4,1
664129,Geoff Hartlieb,133,Athletics,2026,32,8,0,11,21,9,3,2,1,6,9,0,17,0,.327,52,.406,.519,.925,0,1,1.000,.000,1,217,6.08,13.1,1,1,0,0,1,0,9,1.95,64,40,8,0,0,127,.590,0,0,4,0,27,0.52,.500,16.28,4,0.67,4.05,6.08,11.48,6.07,0.67,0,0,0,0,3
676684,Will Vest,116,Detroit Tigers,2026,31,27,0,35,14,22,5,0,2,27,10,0,28,2,.275,102,.348,.382,.730,1,1,.500,.500,4,484,6.08,26.2,3,5,2,7,7,5,18,1.43,116,80,27,0,0,313,.650,2,0,1,0,39,2.50,.375,18.15,9,2.70,9.11,3.38,9.45,7.42,0.67,13,7,0,1,1
663372,Ryan Feltner,115,Colorado Rockies,2026,29,20,20,109,105,71,29,4,19,70,43,0,108,1,.281,385,.349,.525,.874,3,15,.833,.167,7,1614,6.08,97.2,5,8,0,0,0,0,66,1.55,436,293,20,0,0,1016,.630,1,0,2,1,202,1.04,.385,16.53,0,1.63,6.45,3.96,9.95,6.54,1.75,0,0,0,1,6
605488,Jeffrey Springs,133,Athletics,2026,33,24,24,100,155,87,22,4,30,92,49,0,128,3,.273,469,.342,.529,.871,3,5,.625,.375,7,2049,6.08,118.1,3,12,0,0,0,0,80,1.50,527,355,24,0,0,1287,.630,3,3,0,4,248,0.65,.200,17.32,0,1.88,7.00,3.73,9.74,6.62,2.28,0,0,0,0,6
676760,Ron Marinaccio,113,Cincinnati Reds,2026,30,41,0,50,67,39,11,2,11,48,27,0,61,7,.270,226,.365,.482,.847,1,10,.909,.091,7,1042,6.09,57.2,1,0,0,0,1,0,39,1.53,260,173,41,0,0,627,.600,7,1,6,0,109,0.75,1.000,18.07,16,1.78,7.49,4.21,9.52,6.09,1.72,19,3,0,0,0
689149,Chad Dallas,141,Toronto Blue Jays,2026,26,4,0,7,14,7,1,0,1,10,6,0,10,0,.250,40,.340,.350,.690,0,1,1.000,.000,0,193,6.10,10.1,2,1,0,0,1,0,7,1.55,47,31,4,0,0,119,.620,0,0,1,0,14,0.50,.667,18.68,0,1.67,8.71,5.23,8.71,6.10,0.87,4,0,0,0,1
682227,Brandon Williamson,113,Cincinnati Reds,2026,28,6,6,20,40,19,4,1,4,19,20,0,26,3,.255,102,.383,.431,.814,0,0,.---,.---,5,518,6.11,28.0,2,3,0,0,0,0,19,1.64,128,84,6,0,0,298,.580,3,0,1,0,44,0.50,.400,18.50,0,0.95,6.11,6.43,8.36,6.11,1.29,0,0,0,0,3
686993,Justin Sterner,133,Athletics,2026,29,46,0,36,49,31,9,0,11,40,13,1,46,0,.274,168,.322,.524,.846,0,4,1.000,.000,2,726,6.12,42.2,2,3,1,3,12,2,29,1.38,184,128,46,0,0,465,.640,0,0,1,0,88,0.73,.400,17.02,6,3.08,8.44,2.74,9.70,6.54,2.32,23,6,0,1,2
668820,Max Kranick,120,Washington Nationals,2026,28,14,0,14,20,10,5,1,2,9,7,0,20,1,.323,62,.400,.532,.932,0,0,.---,.---,1,254,6.14,14.2,0,0,0,1,1,1,10,1.84,71,44,14,0,0,163,.640,1,0,2,0,33,0.70,.---,17.32,5,1.29,5.52,4.30,12.27,6.14,1.23,5,2,0,1,0
571927,Steven Matz,139,Tampa Bay Rays,2026,35,25,11,66,80,46,12,2,14,49,21,0,64,2,.251,255,.310,.478,.788,0,7,1.000,.000,4,1114,6.17,65.2,5,4,1,1,1,0,45,1.29,282,197,25,0,0,719,.650,2,0,3,0,122,0.83,.556,16.96,2,2.33,6.72,2.88,8.77,6.30,1.92,3,1,0,1,3
664208,Phil Maton,112,Chicago Cubs,2026,33,31,0,26,24,19,4,2,5,31,16,0,34,5,.306,111,.407,.514,.921,0,1,1.000,.000,1,546,6.18,27.2,0,1,0,2,5,2,19,1.81,136,83,31,0,0,359,.660,5,0,1,0,57,1.08,.000,19.73,4,1.94,10.08,5.20,11.06,6.18,1.63,13,3,0,1,3
656288,Griffin Canning,135,San Diego Padres,2026,30,23,11,69,72,53,11,1,13,74,35,0,81,5,.276,293,.361,.454,.815,2,1,.333,.667,6,1328,6.19,75.2,4,9,0,0,1,0,52,1.53,337,227,23,0,0,802,.600,5,0,2,3,133,0.96,.308,17.55,4,2.11,8.80,4.16,9.63,6.30,1.55,2,0,1,1,2
686799,Jack Kochanowicz,108,Los Angeles Angels,2026,25,13,13,88,55,47,6,2,7,47,36,1,65,5,.259,251,.358,.382,.740,0,1,1.000,.000,5,1106,6.19,64.0,2,5,0,0,0,0,44,1.58,296,192,13,0,0,672,.610,5,0,6,0,96,1.60,.286,17.28,0,1.31,6.61,5.06,9.14,6.61,0.98,0,0,0,0,4
623474,Jimmy Herget,115,Colorado Rockies,2026,32,42,3,22,57,31,11,1,7,37,22,2,44,2,.288,153,.374,.510,.884,1,7,.875,.125,3,741,6.20,40.2,0,5,3,5,8,2,28,1.62,184,122,42,0,0,465,.630,2,0,3,0,78,0.39,.000,18.22,13,1.68,8.19,4.87,9.74,6.86,1.55,16,6,0,2,5
668674,Lucas Erceg,118,Kansas City Royals,2026,31,47,0,52,37,35,11,0,5,31,29,2,53,6,.312,170,.425,.465,.890,2,0,.000,1.000,6,824,6.23,43.1,4,4,12,18,4,6,30,1.89,208,130,47,0,0,502,.610,6,0,4,2,79,1.41,.500,19.02,27,1.07,6.44,6.02,11.01,7.27,1.04,8,4,0,1,2
579328,Yusei Kikuchi,108,Los Angeles Angels,2026,35,8,8,29,40,25,12,1,5,37,15,0,42,2,.294,143,.358,.497,.855,1,2,.667,.333,1,656,6.25,36.0,0,4,0,0,0,0,25,1.58,165,108,8,0,0,419,.640,2,1,3,0,71,0.73,.000,18.22,0,2.47,9.25,3.75,10.50,6.25,1.25,0,0,0,0,5
668964,Tobias Myers,121,New York Mets,2026,27,26,3,43,58,34,15,1,9,33,13,1,51,0,.279,183,.325,.519,.844,0,6,1.000,.000,2,710,6.26,46.0,0,2,1,4,3,3,32,1.39,198,138,26,0,0,476,.670,0,0,1,1,95,0.74,.000,15.43,5,2.54,6.46,2.54,9.98,6.65,1.76,12,4,0,1,1
674370,Osvaldo Bido,145,Chicago White Sox,2026,30,11,0,15,26,13,3,0,3,11,10,0,15,4,.224,67,.358,.403,.761,0,2,1.000,.000,4,317,6.27,18.2,2,0,1,1,0,0,13,1.34,81,56,11,0,0,198,.620,4,0,4,0,27,0.58,1.000,16.98,6,1.10,5.30,4.82,7.23,6.27,1.45,5,2,0,0,0
673929,Jordan Leasure,145,Chicago White Sox,2026,27,18,1,9,28,14,2,0,6,18,8,1,15,0,.217,69,.295,.507,.802,0,2,1.000,.000,0,313,6.27,18.2,2,1,0,3,3,3,13,1.23,78,56,18,0,0,196,.630,0,1,1,0,35,0.32,.667,16.77,2,2.25,8.68,3.86,7.23,6.75,2.89,9,4,0,0,1
656986,Bennett Sousa,117,Houston Astros,2026,31,22,0,10,23,15,4,0,2,21,10,0,24,0,.312,77,.391,.442,.833,2,3,.600,.400,0,321,6.27,18.2,1,3,0,1,6,1,13,1.82,88,56,22,0,0,215,.670,0,0,1,0,34,0.43,.250,17.20,3,2.10,10.13,4.82,11.57,7.23,0.96,8,1,0,1,0
691769,Philip Abner,109,Arizona Diamondbacks,2026,24,8,0,17,19,10,3,0,2,6,8,0,14,0,.250,56,.344,.411,.755,0,0,.---,.---,1,245,6.28,14.1,0,0,0,0,0,0,10,1.53,64,43,8,0,0,151,.620,0,0,1,0,23,0.89,.---,17.09,2,0.75,3.77,5.02,8.79,6.28,1.26,6,2,0,0,0
687849,Zak Kent,120,Washington Nationals,2026,28,10,0,15,18,13,7,1,3,11,7,0,18,0,.295,61,.362,.590,.952,0,3,1.000,.000,1,260,6.28,14.1,0,0,0,0,0,0,10,1.74,69,43,10,0,0,169,.650,0,0,0,1,36,0.83,.---,18.14,7,1.57,6.91,4.40,11.30,8.16,1.88,3,3,0,0,1
685126,Brandon Eisert,134,Pittsburgh Pirates,2026,28,32,4,29,33,25,11,0,6,40,12,0,36,0,.265,136,.324,.478,.802,0,2,1.000,.000,2,640,6.29,34.1,2,2,0,1,2,1,24,1.40,150,103,32,0,0,387,.600,0,0,0,1,65,0.88,.500,18.64,5,3.33,10.49,3.15,9.44,6.55,1.57,14,1,0,2,0
676979,Garrett Crochet,111,Boston Red Sox,2026,27,6,6,23,30,23,9,0,5,37,11,0,33,4,.270,122,.350,.467,.817,0,0,.---,.---,3,518,6.30,30.0,3,3,0,0,0,0,21,1.47,138,90,6,0,0,329,.640,4,0,2,0,57,0.77,.500,17.27,0,3.36,11.10,3.30,9.90,6.90,1.50,0,0,0,1,0
700842,Eduardo Rivera,111,Boston Red Sox,2026,23,4,3,11,9,7,2,0,1,10,6,0,8,0,.211,38,.318,.342,.660,0,1,1.000,.000,1,210,6.30,10.0,0,1,0,0,0,0,7,1.40,44,30,4,0,0,127,.600,0,0,1,0,13,1.22,.000,21.00,1,1.67,9.00,5.40,7.20,6.30,0.90,0,0,0,0,0
621074,Michael Rucker,136,Seattle Mariners,2026,32,28,0,31,22,25,3,0,4,36,12,0,29,2,.248,117,.328,.376,.704,0,4,1.000,.000,2,525,6.30,30.0,1,4,0,1,1,1,21,1.37,132,90,28,0,0,339,.650,2,0,1,0,44,1.41,.200,17.50,10,3.00,10.80,3.60,8.70,7.50,1.20,3,0,0,1,0
684049,Brandan Bidois,134,Pittsburgh Pirates,2026,25,15,0,8,20,16,1,0,5,20,12,0,19,1,.297,64,.405,.547,.952,1,1,.500,.500,0,325,6.32,15.2,0,0,0,0,0,0,11,1.98,80,47,15,0,0,206,.630,1,0,3,0,35,0.40,.---,20.74,5,1.67,11.49,6.89,10.91,9.19,2.87,12,2,0,1,2
668678,Zac Gallen,109,Arizona Diamondbacks,2026,30,19,19,112,110,74,19,4,18,61,31,1,122,4,.304,401,.358,.506,.864,0,7,1.000,.000,11,1644,6.34,98.0,3,9,0,0,0,0,69,1.56,440,294,19,0,0,1043,.630,4,0,1,0,203,1.02,.250,16.78,0,1.97,5.60,2.85,11.20,6.80,1.65,0,0,0,1,3
680723,Drew Rom,133,Athletics,2026,26,12,0,5,13,8,7,0,1,16,7,1,15,0,.319,47,.400,.532,.932,0,0,.---,.---,0,213,6.35,11.1,1,1,0,1,3,1,8,1.94,56,34,12,0,0,127,.600,0,1,3,0,25,0.38,.500,18.79,3,2.29,12.71,5.56,11.91,6.35,0.79,5,3,0,1,1
683363,Matt Wilkinson,137,San Francisco Giants,2026,23,2,2,5,10,4,2,1,1,2,0,0,8,0,.320,25,.320,.600,.920,0,2,1.000,.000,0,91,6.35,5.2,0,1,0,0,0,0,4,1.41,25,17,2,0,0,61,.670,0,0,0,0,15,0.50,.000,16.06,0,-.--,3.18,0.00,12.71,6.35,1.59,0,0,0,0,0
607536,Kyle Freeland,115,Colorado Rockies,2026,33,23,23,134,130,92,38,5,24,103,28,0,153,6,.296,517,.338,.528,.866,3,10,.769,.231,8,2006,6.37,124.1,4,10,0,0,0,0,88,1.46,554,373,23,1,0,1346,.670,6,0,3,1,273,1.03,.286,16.13,0,3.68,7.46,2.03,11.08,6.66,1.74,0,0,0,0,3
672582,Angel Zerpa,158,Milwaukee Brewers,2026,26,12,0,19,6,11,3,0,2,8,6,0,16,0,.333,48,.407,.521,.928,1,2,.667,.333,2,216,6.39,12.2,0,2,2,5,2,3,9,1.74,55,38,12,0,0,137,.630,0,0,1,1,25,3.17,.000,17.05,3,1.33,5.68,4.26,11.37,7.82,1.42,7,3,0,1,0
687606,Paxton Schultz,120,Washington Nationals,2026,28,27,1,26,38,26,7,1,5,32,12,1,43,1,.314,137,.371,.489,.860,2,6,.750,.250,0,610,6.40,32.1,1,2,1,2,0,1,23,1.70,153,97,27,0,0,382,.630,1,0,1,0,67,0.68,.333,18.87,10,2.67,8.91,3.34,11.97,7.24,1.39,7,1,1,1,1
687273,Quinn Mathews,138,St. Louis Cardinals,2026,25,3,3,12,16,10,3,0,1,13,7,0,18,0,.316,57,.379,.421,.800,0,0,.---,.---,1,291,6.43,14.0,0,2,0,0,0,0,10,1.79,66,42,3,0,0,185,.640,0,0,0,0,24,0.75,.000,20.79,0,1.86,8.36,4.50,11.57,6.43,0.64,0,0,0,0,2
664299,Cristian Javier,117,Houston Astros,2026,29,12,8,20,58,29,6,1,8,38,19,0,48,2,.294,163,.373,.491,.864,0,4,1.000,.000,4,743,6.47,40.1,1,4,0,0,0,0,29,1.66,185,121,12,0,0,474,.640,2,0,0,0,80,0.34,.200,18.42,2,2.00,8.48,4.24,10.71,6.47,1.79,0,0,0,0,1
605130,Scott Barlow,133,Athletics,2026,33,36,0,31,40,26,7,0,7,29,19,2,26,7,.210,124,.342,.435,.777,1,2,.667,.333,0,581,6.48,33.1,2,0,2,3,10,1,24,1.35,152,100,36,0,0,345,.590,7,0,1,0,54,0.78,1.000,17.43,4,1.53,7.83,5.13,7.02,7.02,1.89,16,6,0,0,2
673380,Dedniel Núñez,121,New York Mets,2026,30,8,0,8,9,8,3,0,3,7,0,0,13,0,.351,37,.351,.676,1.027,0,1,1.000,.000,0,106,6.48,8.1,0,0,0,1,1,1,6,1.56,37,25,8,0,0,77,.730,0,0,0,0,25,0.89,.---,12.72,2,-.--,7.56,0.00,14.04,8.64,3.24,1,0,0,0,0
687931,Carson Whisenhunt,137,San Francisco Giants,2026,25,8,8,29,46,26,7,1,5,26,21,0,41,1,.293,140,.384,.464,.848,0,0,.---,.---,2,617,6.49,34.2,3,4,0,0,0,0,25,1.79,164,104,8,0,0,379,.610,1,0,2,0,65,0.63,.429,17.80,0,1.24,6.75,5.45,10.64,6.75,1.30,0,0,0,0,2
621121,Lance McCullers Jr.,158,Milwaukee Brewers,2026,32,10,8,37,40,37,12,1,7,48,27,0,41,2,.247,166,.359,.458,.817,1,3,.750,.250,6,793,6.55,44.0,2,3,0,0,1,0,32,1.55,195,132,10,0,0,464,.590,2,0,4,0,76,0.93,.400,18.02,0,1.78,9.82,5.52,8.39,7.57,1.43,0,0,0,0,0
680730,Mitchell Parker,120,Washington Nationals,2026,26,22,0,38,45,31,5,1,9,34,13,0,46,2,.289,159,.351,.503,.854,0,0,.---,.---,4,664,6.58,39.2,3,3,1,6,7,5,29,1.49,178,119,22,0,0,438,.660,2,0,3,0,80,0.84,.500,16.74,3,2.62,7.71,2.95,10.44,7.03,2.04,7,4,0,4,0
676254,Ryan Walker,137,San Francisco Giants,2026,30,30,0,33,32,23,2,2,4,22,16,3,37,1,.306,121,.388,.455,.843,1,1,.500,.500,2,552,6.60,30.0,0,1,3,6,4,3,22,1.77,141,90,30,0,0,343,.620,1,0,4,0,55,1.03,.000,18.40,11,1.38,6.60,4.80,11.10,6.90,1.20,11,4,0,2,1
687312,Gabriel Hughes,115,Colorado Rockies,2026,24,10,9,47,55,35,10,2,5,38,19,1,50,2,.270,185,.340,.427,.767,1,5,.833,.167,2,820,6.61,47.2,0,6,1,1,0,0,35,1.45,211,143,10,0,0,523,.640,2,0,3,2,79,0.85,.000,17.20,1,2.00,7.17,3.59,9.44,6.61,0.94,0,0,0,2,3
664353,José Urquidy,145,Chicago White Sox,2026,31,8,1,15,22,18,8,0,2,19,6,0,28,2,.333,84,.391,.500,.891,0,3,1.000,.000,1,344,6.63,19.0,2,2,1,1,0,0,14,1.79,92,57,8,0,0,235,.680,2,0,0,0,42,0.68,.500,18.11,4,3.17,9.00,2.84,13.26,8.53,0.95,0,0,0,0,0
678022,Jack Perkins,133,Athletics,2026,26,31,11,65,99,72,18,2,17,104,38,2,96,9,.267,360,.349,.469,.818,1,4,.800,.200,5,1593,6.68,90.1,3,9,3,5,2,2,67,1.48,411,271,31,0,0,1029,.650,9,0,4,0,169,0.66,.250,17.63,5,2.74,10.36,3.79,9.56,7.17,1.69,5,0,0,1,3
680573,Simeon Woods Richardson,141,Toronto Blue Jays,2026,25,20,10,60,85,54,19,0,11,40,37,0,79,2,.304,260,.392,.504,.896,2,6,.750,.250,10,1161,6.68,66.0,2,7,0,0,0,0,49,1.76,303,198,20,0,0,686,.590,2,1,2,0,131,0.71,.222,17.59,4,1.08,5.45,5.05,10.77,7.36,1.50,0,0,0,2,2
689225,Beau Brieske,116,Detroit Tigers,2026,28,8,0,6,12,7,0,0,3,8,4,0,9,0,.257,35,.333,.514,.847,0,0,.---,.---,1,149,6.75,9.1,0,0,0,0,0,0,7,1.39,39,28,8,0,0,99,.660,0,0,0,0,18,0.50,.---,15.96,6,2.00,7.71,3.86,8.68,6.75,2.89,3,0,0,0,0
646242,Jhonathan Díaz,136,Seattle Mariners,2026,29,1,0,2,1,1,0,0,1,1,0,0,2,0,.333,6,.333,.833,1.166,0,0,.---,.---,0,25,6.75,1.1,0,0,0,0,0,0,1,1.50,6,4,1,0,0,17,.680,0,0,0,0,5,2.00,.---,18.75,1,-.--,6.75,0.00,13.50,6.75,6.75,1,0,0,0,0
690440,Bradley Hanner,147,New York Yankees,2026,27,3,0,3,3,3,0,1,2,6,0,0,6,0,.333,18,.333,.778,1.111,0,0,.---,.---,0,71,6.75,4.0,0,0,0,0,0,0,3,1.50,18,12,3,0,0,47,.660,0,0,0,0,14,1.00,.---,17.75,2,-.--,13.50,0.00,13.50,6.75,4.50,1,0,0,0,0
640451,Hunter Harvey,112,Chicago Cubs,2026,31,4,0,4,4,3,0,0,2,4,1,0,5,0,.294,17,.333,.647,.980,1,1,.500,.500,0,76,6.75,4.0,0,1,0,0,0,0,3,1.50,18,12,4,0,0,52,.680,0,0,0,0,11,1.00,.000,19.00,1,4.00,9.00,2.25,11.25,6.75,4.50,2,2,0,0,0
595978,Austin Hedges,114,Cleveland Guardians,2026,33,3,0,4,3,2,0,0,0,1,0,0,4,0,.333,12,.333,.333,.666,0,0,.---,.---,0,30,6.75,2.2,0,0,0,0,0,0,2,1.50,12,8,3,0,0,23,.770,0,0,0,0,4,1.33,.---,11.25,3,-.--,3.38,0.00,13.50,6.75,0.00,5,0,0,0,0
686610,Ken Waldichuk,120,Washington Nationals,2026,28,5,0,8,10,7,0,0,4,8,6,0,8,1,.235,34,.366,.588,.954,1,0,.000,1.000,2,149,6.75,9.1,0,0,0,1,0,1,7,1.50,41,28,5,0,0,88,.590,1,0,0,1,20,0.80,.---,15.96,1,1.33,7.71,5.79,7.71,6.75,3.86,2,2,0,0,0
663978,Chris Paddack,140,Texas Rangers,2026,30,14,9,62,68,44,12,1,9,40,19,0,76,2,.314,242,.366,.483,.849,1,2,.667,.333,4,1015,6.79,57.0,0,7,0,1,0,1,43,1.67,267,171,14,0,0,653,.640,2,0,4,0,117,0.91,.000,17.81,2,2.11,6.32,3.00,12.00,6.95,1.42,1,0,0,2,2
681402,Gus Varland,120,Washington Nationals,2026,29,33,0,22,41,26,12,1,7,30,15,1,43,0,.326,132,.387,.591,.978,1,7,.875,.125,2,565,6.82,31.2,1,2,6,8,6,2,24,1.83,151,95,33,0,0,379,.670,0,0,2,0,78,0.54,.333,17.84,11,2.00,8.53,4.26,12.22,7.39,1.99,11,7,0,1,3
668881,Hunter Greene,113,Cincinnati Reds,2026,26,5,5,17,33,22,6,0,4,33,9,0,29,0,.261,111,.314,.423,.737,0,2,1.000,.000,1,456,6.83,27.2,2,2,0,0,0,0,21,1.37,121,83,5,0,0,306,.670,0,0,1,0,47,0.52,.500,16.48,0,3.67,10.73,2.93,9.43,7.16,1.30,0,0,0,0,1
656212,Charlie Barnes,119,Los Angeles Dodgers,2026,30,5,0,17,15,11,3,0,3,6,7,0,17,1,.309,55,.397,.527,.924,0,0,.---,.---,1,201,6.92,13.0,0,1,0,0,0,0,10,1.85,63,39,5,0,0,118,.590,1,0,0,0,29,1.13,.000,15.46,5,0.86,4.15,4.85,11.77,7.62,2.08,0,0,0,0,0
689818,David Sandlin,145,Chicago White Sox,2026,25,5,3,26,21,19,1,1,6,24,12,0,22,1,.237,93,.330,.462,.792,0,3,1.000,.000,2,409,6.93,24.2,2,1,0,0,0,0,19,1.38,106,74,5,0,0,251,.610,1,0,2,0,43,1.24,.667,16.58,0,2.00,8.76,4.38,8.03,6.93,2.19,3,0,0,0,0
685801,Hunter Bigge,139,Tampa Bay Rays,2026,28,18,0,18,25,17,6,0,1,14,14,1,14,0,.200,70,.329,.329,.658,1,4,.800,.200,0,319,6.98,19.1,1,1,0,1,5,1,15,1.45,85,58,18,0,0,188,.590,0,0,0,1,23,0.72,.500,16.50,2,1.00,6.52,6.52,6.52,7.91,0.47,6,1,0,0,1
453286,Max Scherzer,141,Toronto Blue Jays,2026,41,12,12,43,68,39,7,0,12,36,25,0,52,1,.264,197,.348,.482,.830,0,6,1.000,.000,2,925,7.02,50.0,1,7,0,0,0,0,39,1.54,225,150,12,0,0,587,.630,1,0,2,0,95,0.63,.125,18.50,0,1.44,6.48,4.50,9.36,7.02,2.16,0,0,0,1,1
547179,Michael Lorenzen,141,Toronto Blue Jays,2026,34,27,25,131,130,103,31,6,19,84,50,0,171,6,.338,506,.398,.536,.934,1,6,.857,.143,10,2230,7.04,117.2,3,11,0,0,0,0,92,1.88,572,353,27,0,0,1372,.620,6,1,3,0,271,1.01,.214,18.95,0,1.68,6.42,3.82,13.08,7.88,1.45,0,0,0,1,9
663941,Tristan Beck,137,San Francisco Giants,2026,30,11,0,19,16,11,2,1,2,6,5,0,17,1,.304,56,.365,.482,.847,0,0,.---,.---,1,247,7.07,14.0,0,0,1,1,0,0,11,1.57,64,42,11,0,0,159,.640,1,0,1,0,27,1.19,.---,17.64,7,1.20,3.86,3.21,10.93,7.07,1.29,2,1,0,1,1
686930,Mason Barnett,133,Athletics,2026,25,18,4,29,50,33,5,1,12,38,24,1,42,2,.266,158,.368,.538,.906,3,4,.571,.429,2,743,7.08,40.2,1,4,2,2,0,0,32,1.62,185,122,18,0,0,443,.600,2,0,3,0,85,0.58,.200,18.27,6,1.58,8.41,5.31,9.30,7.30,2.66,6,2,0,0,1
621383,Tanner Banks,143,Philadelphia Phillies,2026,34,28,1,21,35,27,8,2,7,32,13,1,45,0,.344,131,.400,.595,.995,0,1,1.000,.000,1,551,7.14,29.0,0,4,0,1,2,1,23,2.00,146,87,28,0,0,365,.660,0,0,0,0,78,0.60,.000,19.00,6,2.46,9.93,4.03,13.97,8.38,2.17,6,2,0,1,1
663362,Matt Waldron,120,Washington Nationals,2026,29,15,4,36,45,31,10,2,7,32,11,0,52,2,.323,161,.367,.540,.907,1,2,.667,.333,2,644,7.15,39.0,1,2,0,0,1,0,31,1.62,178,117,15,0,0,423,.660,2,1,0,0,87,0.80,.333,16.51,2,2.91,7.38,2.54,12.00,7.15,1.62,1,0,0,1,3
663765,Jake Woodford,112,Chicago Cubs,2026,29,18,0,26,30,21,4,2,4,23,7,0,40,0,.348,115,.376,.522,.898,0,0,.---,.---,2,457,7.18,26.1,1,0,1,1,0,0,21,1.78,126,79,18,0,0,294,.640,0,0,0,0,60,0.87,1.000,17.35,16,3.29,7.86,2.39,13.67,7.18,1.37,8,6,0,1,3
694335,Matt Svanson,138,St. Louis Cardinals,2026,27,41,1,36,52,39,11,0,5,41,21,0,55,2,.306,180,.379,.450,.829,0,2,1.000,.000,2,788,7.27,43.1,2,3,0,2,2,2,35,1.75,207,130,41,0,0,497,.630,2,1,5,0,81,0.69,.400,18.18,14,1.95,8.52,4.36,11.42,8.10,1.04,13,7,0,1,3
686751,Seth Johnson,133,Athletics,2026,27,21,0,18,19,19,8,0,3,26,17,0,25,1,.284,88,.406,.477,.883,0,2,1.000,.000,1,427,7.29,21.0,1,0,0,1,0,1,17,2.00,106,63,21,0,0,262,.610,1,0,1,0,42,0.95,1.000,20.33,7,1.53,11.14,7.29,10.71,8.14,1.29,11,6,0,0,0
623437,Justin Topa,147,New York Yankees,2026,35,24,0,26,20,19,4,0,4,14,12,0,29,2,.333,87,.417,.517,.934,0,3,1.000,.000,5,393,7.29,21.0,0,1,2,2,4,0,17,1.95,103,63,24,0,0,241,.610,2,0,1,0,45,1.30,.000,18.71,9,1.17,6.00,5.14,12.43,8.14,1.71,9,3,0,0,2
621381,Matt Strahm,118,Kansas City Royals,2026,34,41,0,21,55,29,8,0,12,30,14,1,39,2,.269,145,.342,.572,.914,0,1,1.000,.000,0,633,7.32,35.2,3,4,0,4,13,4,29,1.49,161,107,41,0,0,420,.660,2,1,4,0,83,0.38,.429,17.75,4,2.14,7.57,3.53,9.84,7.32,3.03,10,7,0,0,0
664875,Justin Lawrence,120,Washington Nationals,2026,31,37,0,36,25,35,10,1,9,43,28,1,39,6,.275,142,.412,.549,.961,0,4,1.000,.000,3,684,7.34,34.1,0,3,1,2,2,1,28,1.95,177,103,37,0,0,401,.590,6,0,3,0,78,1.44,.000,19.92,13,1.54,11.27,7.34,10.22,9.17,2.36,9,5,0,0,1
702047,Alex Cook,139,Tampa Bay Rays,2026,25,2,0,1,8,3,1,0,1,2,2,0,4,0,.267,15,.353,.533,.886,0,0,.---,.---,0,72,7.36,3.2,0,0,0,0,0,0,3,1.64,17,11,2,0,0,41,.570,0,0,0,0,8,0.13,.---,19.64,0,1.00,4.91,4.91,9.82,7.36,2.45,0,0,0,0,0
694346,Trey Gibson,110,Baltimore Orioles,2026,24,8,7,43,24,27,5,0,7,30,25,0,38,1,.284,134,.398,.478,.876,1,0,.000,1.000,3,619,7.36,33.0,1,3,0,0,0,0,27,1.91,161,99,8,0,0,372,.600,1,0,2,1,64,1.79,.250,18.76,1,1.20,8.18,6.82,10.36,7.36,1.91,0,0,0,0,1
675919,Nick Raquet,110,Baltimore Orioles,2026,30,4,0,3,7,3,1,0,1,1,2,0,3,1,.214,14,.353,.500,.853,0,0,.---,.---,0,75,7.36,3.2,0,0,0,0,0,0,3,1.36,17,11,4,0,0,46,.610,1,0,0,0,7,0.43,.---,20.45,3,0.50,2.45,4.91,7.36,7.36,2.45,0,0,0,0,0
476594,Robert Stock,121,New York Mets,2026,36,5,5,14,26,18,6,0,2,21,13,0,27,3,.307,88,.413,.443,.856,2,4,.667,.333,0,404,7.40,20.2,0,3,0,0,0,0,17,1.94,104,62,5,0,0,257,.640,3,0,1,0,39,0.54,.000,19.55,0,1.62,9.15,5.66,11.76,7.84,0.87,0,0,0,0,0
605335,Brandon Leibrandt,113,Cincinnati Reds,2026,33,1,0,5,9,5,2,0,2,3,3,1,10,0,.385,26,.433,.692,1.125,0,0,.---,.---,1,99,7.50,6.0,0,0,0,0,0,0,5,2.17,30,18,1,0,0,60,.610,0,0,0,0,18,0.56,.---,16.50,1,1.00,4.50,4.50,15.00,7.50,3.00,0,0,0,0,1
678368,Valente Bellozo,115,Colorado Rockies,2026,26,3,0,6,16,10,0,0,5,8,7,2,10,1,.256,39,.383,.641,1.024,0,1,1.000,.000,1,170,7.59,10.2,0,1,0,0,0,0,9,1.59,48,32,3,0,0,101,.590,1,0,0,0,25,0.38,.000,15.94,2,1.14,6.75,5.91,8.44,8.44,4.22,0,0,0,1,0
680802,Ryan Weiss,117,Houston Astros,2026,29,9,2,18,28,24,2,1,8,30,20,0,35,0,.315,111,.420,.568,.988,0,1,1.000,.000,2,530,7.62,26.0,0,3,0,0,0,0,22,2.12,131,78,9,0,0,323,.610,0,0,0,0,63,0.64,.000,20.38,3,1.50,10.38,6.92,12.12,8.31,2.77,7,2,0,0,0
682995,Hunter Barco,134,Pittsburgh Pirates,2026,25,7,0,18,19,17,5,0,4,14,13,0,21,2,.296,71,.414,.535,.949,2,2,.500,.500,0,351,7.64,17.2,0,1,0,1,1,1,15,1.92,87,53,7,0,0,199,.570,2,0,1,0,38,0.95,.000,19.87,2,1.08,7.13,6.62,10.70,8.66,2.04,2,1,0,0,1
641312,Shaun Anderson,108,Los Angeles Angels,2026,31,12,0,23,17,19,1,0,4,17,10,0,25,1,.309,81,.391,.469,.860,0,1,1.000,.000,2,351,7.65,20.0,2,0,0,0,0,0,17,1.75,93,60,12,0,0,212,.600,1,0,1,0,38,1.35,1.000,17.55,4,1.70,7.65,4.50,11.25,8.55,1.80,4,1,0,1,0
669854,Ronel Blanco,117,Houston Astros,2026,32,5,4,22,24,20,3,1,7,20,12,0,22,1,.253,87,.350,.552,.902,1,1,.500,.500,3,390,7.71,23.1,0,1,0,0,0,0,20,1.46,101,70,5,0,0,255,.650,1,0,0,0,48,0.92,.000,16.71,1,1.67,7.71,4.63,8.49,7.71,2.70,0,0,0,1,0
606965,Chris Devenski,134,Pittsburgh Pirates,2026,35,3,0,2,2,2,0,0,1,3,0,0,5,0,.417,12,.417,.667,1.084,0,1,1.000,.000,0,39,7.71,2.1,0,0,0,0,0,0,2,2.14,12,7,3,0,0,28,.720,0,0,0,0,8,1.00,.---,16.71,1,-.--,11.57,0.00,19.29,7.71,3.86,5,5,0,0,0
641656,Ian Hamilton,144,Atlanta Braves,2026,31,4,0,8,2,4,2,0,0,4,3,0,6,0,.300,20,.391,.400,.791,0,0,.---,.---,2,92,7.71,4.2,0,0,0,0,0,0,4,1.93,23,14,4,0,0,60,.650,0,0,0,0,8,4.00,.---,19.71,1,1.33,7.71,5.79,11.57,7.71,0.00,2,2,0,0,0
694851,Andrew Hoffmann,109,Arizona Diamondbacks,2026,26,8,0,7,14,12,3,0,3,12,8,0,16,1,.333,48,.431,.583,1.014,1,0,.000,1.000,2,230,7.71,11.2,1,0,0,0,0,0,10,2.06,59,35,8,0,0,129,.560,1,0,0,0,28,0.50,1.000,19.71,3,1.50,9.26,6.17,12.34,9.26,2.31,2,0,1,0,1
687223,Carson Palmquist,120,Washington Nationals,2026,25,11,6,12,19,14,4,0,1,15,8,0,21,3,.323,65,.416,.431,.847,1,4,.800,.200,1,313,7.71,16.1,0,2,0,0,0,0,14,1.78,78,49,11,0,0,202,.650,3,0,0,1,28,0.63,.000,19.16,3,1.88,8.27,4.41,11.57,7.71,0.55,5,4,0,1,1
684320,Yariel Rodríguez,141,Toronto Blue Jays,2026,29,10,0,9,10,11,1,0,2,6,7,0,12,1,.324,37,.444,.514,.958,1,3,.750,.250,2,172,7.71,9.1,0,1,0,1,1,1,8,2.04,45,28,10,0,0,98,.570,1,0,1,0,19,0.90,.000,18.43,2,0.86,5.79,6.75,11.57,10.61,1.93,0,0,0,0,0
620443,Luis Torrens,121,New York Mets,2026,30,2,0,5,2,2,0,0,2,0,0,0,4,0,.364,11,.364,.909,1.273,0,0,.---,.---,1,22,7.71,2.1,0,0,0,0,0,0,2,1.71,11,7,2,0,0,13,.590,0,0,0,0,10,2.50,.---,9.43,2,-.--,0.00,0.00,15.43,7.71,7.71,0,0,0,0,0
673540,Kodai Senga,121,New York Mets,2026,33,21,8,34,54,46,8,1,13,62,36,0,52,3,.259,201,.378,.502,.880,1,2,.667,.333,3,963,7.79,52.0,0,9,4,4,0,0,45,1.69,241,156,21,0,0,567,.590,3,0,1,0,101,0.63,.000,18.52,8,1.72,10.73,6.23,9.00,7.96,2.25,2,0,0,0,1
695445,Chase Lee,141,Toronto Blue Jays,2026,27,7,0,10,9,8,0,0,3,2,8,2,8,0,.286,28,.444,.607,1.051,0,1,1.000,.000,2,127,7.88,8.0,1,0,1,1,0,0,7,2.00,37,24,7,0,0,76,.600,0,0,1,0,17,1.11,1.000,15.88,1,0.25,2.25,9.00,9.00,9.00,3.38,2,0,0,1,0
814490,Ethan Pecko,117,Houston Astros,2026,23,2,2,5,13,7,1,0,2,5,7,0,8,1,.258,31,.410,.484,.894,1,1,.500,.500,0,177,7.88,8.0,0,0,0,0,0,0,7,1.88,39,24,2,0,0,97,.550,1,0,0,0,15,0.38,.---,22.13,0,0.71,5.63,7.88,9.00,7.88,2.25,0,0,0,0,0
669371,Cole Henry,120,Washington Nationals,2026,26,11,0,7,20,14,3,0,4,15,7,0,17,3,.288,59,.391,.542,.933,0,1,1.000,.000,0,282,7.90,13.2,0,2,0,2,0,2,12,1.76,70,41,11,0,0,173,.610,3,0,1,0,32,0.35,.000,20.63,8,2.14,9.88,4.61,11.20,9.22,2.63,4,3,1,0,0
688497,Taylor Rashi,133,Athletics,2026,30,4,0,6,6,5,1,0,1,5,3,0,6,0,.261,23,.346,.435,.781,0,0,.---,.---,0,88,7.94,5.2,1,0,0,0,0,0,5,1.59,26,17,4,0,0,59,.670,0,0,0,0,10,1.00,1.000,15.53,2,1.67,7.94,4.76,9.53,7.94,1.59,1,1,0,0,0
592454,Tommy Kahnle,111,Boston Red Sox,2026,36,8,0,9,11,8,4,0,2,5,6,0,12,0,.324,37,.419,.595,1.014,0,0,.---,.---,0,168,8.00,9.0,0,0,0,0,0,0,8,2.00,43,27,8,0,0,110,.650,0,0,0,0,22,0.82,.---,18.67,4,0.83,5.00,6.00,12.00,8.00,2.00,0,0,0,0,0
800600,Jackson Kent,120,Washington Nationals,2026,23,3,3,10,11,11,4,0,1,14,11,0,15,0,.300,50,.426,.440,.866,0,2,1.000,.000,2,252,8.03,12.1,0,2,0,0,0,0,11,2.11,61,37,3,0,0,147,.580,0,0,0,0,22,0.91,.000,20.43,0,1.27,10.22,8.03,10.95,8.03,0.73,0,0,0,0,0
664849,Danny Young,144,Atlanta Braves,2026,32,16,1,11,8,11,3,0,3,15,13,2,15,3,.313,48,.484,.563,1.047,0,2,1.000,.000,2,265,8.03,12.1,0,1,0,0,4,0,11,2.27,65,37,16,0,0,144,.540,3,0,1,0,27,1.38,.000,21.49,3,1.15,10.95,9.49,10.95,8.03,2.19,6,0,0,1,0
641585,J.P. France,117,Houston Astros,2026,31,3,0,8,7,6,1,0,1,4,5,0,6,1,.240,25,.387,.400,.787,1,0,.000,1.000,0,117,8.10,6.2,0,0,0,0,0,0,6,1.65,31,20,3,0,0,70,.600,1,0,1,0,10,1.14,.---,17.55,2,0.80,5.40,6.75,8.10,8.10,1.35,1,0,0,0,0
606303,Joel Payamps,144,Atlanta Braves,2026,32,12,0,3,11,9,2,1,2,9,4,0,9,0,.281,32,.361,.594,.955,0,3,1.000,.000,0,151,8.22,7.2,0,2,0,1,2,1,7,1.70,36,23,12,0,0,93,.620,0,0,0,0,19,0.27,.000,19.70,3,2.25,10.57,4.70,10.57,10.57,2.35,5,0,0,0,0
669298,TJ Shook,115,Colorado Rockies,2026,28,5,0,7,8,7,5,0,3,7,2,0,12,0,.353,34,.389,.765,1.154,0,0,.---,.---,0,134,8.22,7.2,0,0,0,0,0,0,7,1.83,36,23,5,0,0,87,.650,0,0,0,0,26,0.88,.---,17.48,2,3.50,8.22,2.35,14.09,8.22,3.52,1,0,0,0,0
663485,Cole Sands,142,Minnesota Twins,2026,28,13,0,11,13,11,2,1,3,11,5,0,15,1,.313,48,.382,.583,.965,0,0,.---,.---,1,209,8.25,12.0,1,1,1,1,3,0,11,1.67,56,36,13,0,0,135,.650,1,0,1,0,28,0.85,.500,17.42,6,2.20,8.25,3.75,11.25,8.25,2.25,3,3,0,1,1
624522,Keegan Thompson,115,Colorado Rockies,2026,31,5,0,9,16,11,7,1,1,11,2,0,19,0,.365,52,.375,.596,.971,0,0,.---,.---,0,195,8.25,12.0,0,0,0,0,0,0,11,1.75,57,36,5,0,0,128,.660,0,0,3,0,31,0.56,.---,16.25,1,5.50,8.25,1.50,14.25,8.25,0.75,2,1,0,1,2
663893,Brendon Little,141,Toronto Blue Jays,2026,29,22,0,15,8,21,6,0,5,32,20,5,26,0,.325,80,.460,.588,1.048,2,14,.875,.125,3,423,8.27,20.2,0,3,0,2,3,2,19,2.23,101,62,22,0,0,243,.570,0,0,0,0,47,1.88,.000,20.47,3,1.60,13.94,8.71,11.32,9.15,2.18,16,6,0,1,0
683155,Joey Estes,133,Athletics,2026,24,1,1,2,6,4,2,1,1,4,1,0,5,0,.313,16,.333,.750,1.083,0,0,.---,.---,0,71,8.31,4.1,0,0,0,0,0,0,4,1.38,18,13,1,0,0,47,.660,0,0,0,0,12,0.33,.---,16.38,0,4.00,8.31,2.08,10.38,8.31,2.08,0,0,0,0,1
687209,Zach Maxwell,113,Cincinnati Reds,2026,25,12,0,7,20,12,2,0,3,12,10,0,18,0,.321,56,.418,.518,.936,0,5,1.000,.000,0,293,8.31,13.0,0,1,1,1,1,0,12,2.15,67,39,12,0,0,180,.610,0,0,2,0,29,0.35,.000,22.54,5,1.20,8.31,6.92,12.46,8.31,2.08,5,2,0,0,1
688297,Chris Roycroft,139,Tampa Bay Rays,2026,29,18,0,34,21,23,3,0,8,18,12,1,37,3,.343,108,.419,.593,1.012,0,1,1.000,.000,2,440,8.39,24.2,1,0,1,1,0,0,23,1.99,125,74,18,0,0,279,.630,3,0,0,0,64,1.62,1.000,17.84,11,1.50,6.57,4.38,13.50,8.39,2.92,8,6,0,1,1
694462,Hurston Waldrep,144,Atlanta Braves,2026,24,3,2,17,5,10,0,0,3,9,10,0,13,2,.295,44,.446,.500,.946,0,0,.---,.---,1,215,8.44,10.2,0,1,0,0,1,0,10,2.16,56,32,3,0,0,120,.560,2,0,0,0,22,3.40,.000,20.16,0,0.90,7.59,8.44,10.97,8.44,2.53,0,0,0,0,0
668834,Easton McGee,118,Kansas City Royals,2026,28,6,0,7,5,7,4,0,2,7,4,0,12,0,.387,31,.457,.710,1.167,0,0,.---,.---,2,119,8.59,7.1,0,0,0,0,0,0,7,2.18,35,22,6,0,0,83,.700,0,0,1,0,22,1.40,.---,16.23,4,1.75,8.59,4.91,14.73,8.59,2.45,3,1,0,0,0
693312,Kyle Nicolas,113,Cincinnati Reds,2026,27,7,0,4,10,7,1,0,1,7,13,0,8,0,.276,29,.500,.414,.914,0,1,1.000,.000,1,198,8.59,7.1,1,0,0,0,0,0,7,2.86,42,22,7,0,0,95,.480,0,0,2,0,12,0.40,1.000,27.00,2,0.54,8.59,15.95,9.82,8.59,1.23,4,3,0,0,0
807743,Sean Sullivan,115,Colorado Rockies,2026,23,5,5,11,39,22,14,2,5,16,11,0,34,3,.343,99,.421,.677,1.098,0,3,1.000,.000,0,412,8.87,22.1,0,3,0,0,0,0,22,2.01,114,67,5,0,0,271,.660,3,1,0,0,67,0.28,.000,18.45,0,1.45,6.45,4.43,13.70,8.87,2.01,0,0,0,0,1
606115,Orlando Arcia,142,Minnesota Twins,2026,31,1,0,2,0,1,0,0,0,0,2,0,1,0,.333,3,.600,.333,.933,0,0,.---,.---,1,14,9.00,1.0,0,0,0,0,0,0,1,3.00,5,3,1,0,0,6,.430,0,0,0,0,1,2.00,.---,14.00,1,0.00,0.00,18.00,9.00,9.00,0.00,0,0,0,0,0
686563,Jonathan Cannon,145,Chicago White Sox,2026,25,2,0,2,3,3,2,0,0,4,5,0,4,0,.308,13,.500,.462,.962,0,0,.---,.---,0,80,9.00,3.0,0,0,1,2,0,1,3,3.00,18,9,2,0,0,46,.580,0,0,0,0,6,0.67,.---,26.67,1,0.80,12.00,15.00,12.00,9.00,0.00,2,2,0,0,0
666126,Carlos Cortes,133,Athletics,2026,29,8,0,9,13,9,2,0,4,1,5,0,13,0,.361,36,.439,.750,1.189,0,0,.---,.---,1,133,9.00,8.0,0,0,0,0,0,0,8,2.25,41,24,8,0,0,77,.580,0,0,1,0,27,0.69,.---,16.63,8,0.20,1.13,5.63,14.63,10.13,4.50,2,0,0,0,0
671382,Cameron Foster,110,Baltimore Orioles,2026,27,6,0,6,9,10,2,0,1,9,8,0,17,0,.415,41,.510,.537,1.047,0,0,.---,.---,2,189,9.00,9.0,0,0,0,0,0,0,9,2.78,49,27,6,0,0,116,.610,0,0,2,0,22,0.67,.---,21.00,3,1.13,9.00,8.00,17.00,10.00,1.00,1,1,0,0,0
472610,Luis García,142,Minnesota Twins,2026,39,15,0,15,23,16,7,0,2,6,6,0,23,1,.348,66,.411,.545,.956,0,3,1.000,.000,1,265,9.00,15.0,0,1,2,3,1,1,15,1.93,74,45,15,0,0,174,.660,1,0,0,0,36,0.65,.000,17.67,10,1.00,3.60,3.60,13.80,9.60,1.20,3,3,0,1,0
808970,Woo-Suk Go,142,Minnesota Twins,2026,27,4,0,4,3,4,3,0,2,5,2,0,8,0,.400,20,.455,.850,1.305,0,0,.---,.---,0,86,9.00,4.0,0,0,0,0,1,0,4,2.50,22,12,4,0,0,55,.640,0,0,0,0,17,1.33,.---,21.50,2,2.50,11.25,4.50,18.00,9.00,4.50,0,0,0,0,0
608344,Cole Irvin,119,Los Angeles Dodgers,2026,32,1,0,8,5,6,2,0,1,5,3,0,8,1,.308,26,.400,.500,.900,0,0,.---,.---,1,102,9.00,6.0,0,1,0,0,0,0,6,1.83,30,18,1,0,0,67,.660,1,0,0,0,13,1.60,.000,17.00,0,1.67,7.50,4.50,12.00,9.00,1.50,3,2,0,0,0
696522,Hayden Juenger,133,Athletics,2026,25,15,0,15,26,16,6,1,0,6,8,0,24,1,.358,67,.418,.478,.896,0,1,1.000,.000,1,292,9.00,16.0,0,1,0,1,0,1,16,2.00,81,48,15,0,0,180,.620,1,0,0,0,32,0.58,.000,18.25,2,0.75,3.38,4.50,13.50,9.00,0.00,9,4,1,1,3
663884,Nolan Kingham,140,Texas Rangers,2026,29,1,0,0,2,1,0,0,0,1,2,0,1,0,.333,3,.500,.333,.833,0,0,.---,.---,0,22,9.00,1.0,0,0,0,0,0,0,1,3.00,6,3,1,0,0,11,.500,0,0,0,0,1,0.00,.---,22.00,1,0.50,9.00,18.00,9.00,9.00,0.00,0,0,0,0,1
657649,Jared Koenig,158,Milwaukee Brewers,2026,32,9,0,7,7,9,4,0,1,7,7,3,12,1,.364,33,.488,.576,1.064,0,1,1.000,.000,1,161,9.00,7.0,0,0,0,0,1,0,7,2.71,41,21,9,0,0,101,.630,1,0,1,0,19,1.00,.---,23.00,1,1.00,9.00,9.00,15.43,11.57,1.29,4,4,0,0,0
681432,Luke Little,112,Chicago Cubs,2026,25,1,0,2,0,1,0,0,1,1,0,0,2,0,.400,5,.400,1.000,1.400,0,0,.---,.---,0,19,9.00,1.0,0,0,0,0,0,0,1,2.00,5,3,1,0,0,14,.740,0,0,0,0,5,2.00,.---,19.00,1,-.--,9.00,0.00,18.00,9.00,9.00,0,0,0,0,0
670032,Nicky Lopez,140,Texas Rangers,2026,31,1,0,1,1,1,0,0,0,1,0,0,4,0,.571,7,.571,.571,1.142,0,0,.---,.---,0,24,9.00,1.0,0,0,0,0,0,0,1,4.00,7,3,1,0,0,15,.630,0,0,0,0,4,1.00,.---,24.00,1,-.--,9.00,0.00,36.00,9.00,0.00,0,0,0,0,0
455119,Chris Martin,140,Texas Rangers,2026,40,16,0,9,20,15,7,0,4,9,2,0,25,1,.403,62,.424,.710,1.134,1,1,.500,.500,2,248,9.00,14.0,1,1,0,2,1,2,14,1.93,66,42,16,0,0,171,.690,1,1,1,0,44,0.45,.500,17.71,6,4.50,5.79,1.29,16.07,9.64,2.57,8,2,0,0,1
661527,Seth Martinez,111,Boston Red Sox,2026,31,1,0,1,1,1,1,0,0,1,0,0,2,1,.400,5,.500,.600,1.100,0,0,.---,.---,0,22,9.00,1.0,0,0,0,0,0,0,1,2.00,6,3,1,0,0,17,.770,1,0,0,0,3,1.00,.---,22.00,1,-.--,9.00,0.00,18.00,9.00,0.00,0,0,0,0,0
663967,César Salazar,117,Houston Astros,2026,30,1,0,1,2,1,0,0,1,0,0,0,1,0,.250,4,.250,1.000,1.250,0,0,.---,.---,0,10,9.00,1.0,0,0,0,0,0,0,1,1.00,4,3,1,0,0,6,.600,0,0,0,0,4,0.50,.---,10.00,1,-.--,0.00,0.00,9.00,9.00,9.00,0,0,0,0,0
692437,Winston Santos,140,Texas Rangers,2026,24,1,0,1,4,2,0,0,1,1,1,0,2,0,.250,8,.333,.625,.958,0,1,1.000,.000,0,33,9.00,2.0,0,0,0,0,0,0,2,1.50,9,6,1,0,0,21,.640,0,0,2,0,5,0.25,.---,16.50,1,1.00,4.50,4.50,9.00,9.00,4.50,1,1,0,0,0
694363,Jared Shuster,138,St. Louis Cardinals,2026,27,5,0,11,12,10,3,0,1,4,6,1,11,0,.289,38,.386,.447,.833,0,1,1.000,.000,1,166,9.00,9.0,0,0,0,0,0,0,9,1.89,44,27,5,0,0,95,.570,0,0,1,0,17,0.92,.---,18.44,3,0.67,4.00,6.00,11.00,10.00,1.00,3,0,0,0,0
669704,Kade Strowd,109,Arizona Diamondbacks,2026,28,1,0,0,2,1,0,0,0,1,3,0,1,0,.250,4,.571,.250,.821,0,0,.---,.---,0,32,9.00,1.0,0,0,0,0,0,0,1,4.00,7,3,1,0,0,12,.380,0,0,0,0,1,0.00,.---,32.00,0,0.33,9.00,27.00,9.00,9.00,0.00,1,0,0,0,0
592836,Taijuan Walker,143,Philadelphia Phillies,2026,33,5,4,26,24,25,5,1,8,17,11,0,36,1,.353,102,.417,.657,1.074,2,0,.000,1.000,2,424,9.13,22.2,1,4,0,0,0,0,23,2.07,115,68,5,0,0,263,.620,1,0,0,2,67,1.08,.200,18.71,0,1.55,6.75,4.37,14.29,9.93,3.18,0,0,0,0,1
605452,Joe Ross,140,Texas Rangers,2026,33,8,0,13,15,13,3,0,3,7,6,0,16,0,.314,51,.386,.549,.935,0,0,.---,.---,1,205,9.26,11.2,0,1,0,0,1,0,12,1.89,57,35,8,0,0,125,.610,0,0,1,0,28,0.87,.000,17.57,3,1.17,5.40,4.63,12.34,10.03,2.31,2,0,0,0,0
669920,Jason Alexander,117,Houston Astros,2026,33,4,2,21,19,19,3,3,4,14,8,0,21,1,.280,75,.357,.560,.917,0,1,1.000,.000,1,299,9.33,18.1,1,1,0,0,0,0,19,1.58,84,55,4,0,0,187,.630,1,0,0,0,42,1.11,.500,16.31,1,1.75,6.87,3.93,10.31,9.33,1.96,0,0,0,0,0
681151,Jayden Murray,112,Chicago Cubs,2026,29,10,0,9,22,17,7,0,3,14,9,0,25,0,.362,69,.430,.594,1.024,1,3,.750,.250,1,304,9.37,16.1,0,0,0,0,0,0,17,2.08,79,49,10,0,0,189,.620,0,0,0,1,41,0.41,.---,18.61,4,1.56,7.71,4.96,13.78,9.37,1.65,4,1,0,0,1
694341,Brendan Beck,147,New York Yankees,2026,27,2,1,4,11,7,2,0,4,4,5,0,7,0,.269,26,.387,.808,1.195,0,0,.---,.---,1,139,9.45,6.2,0,1,0,0,0,0,7,1.80,31,20,2,0,0,79,.570,0,0,0,0,21,0.36,.000,20.85,0,0.80,5.40,6.75,9.45,9.45,5.40,0,0,0,0,0
681168,Luis Curvelo,140,Texas Rangers,2026,25,9,0,8,17,12,5,0,4,6,7,2,17,0,.354,48,.436,.708,1.144,0,1,1.000,.000,0,187,9.58,10.1,0,0,0,0,1,0,11,2.32,55,31,9,0,0,127,.680,0,0,1,0,34,0.47,.---,18.10,3,0.86,5.23,6.10,14.81,10.45,3.48,2,0,0,0,0
676508,Ben Casparius,119,Los Angeles Dodgers,2026,27,5,0,3,6,5,0,0,1,4,4,0,6,0,.316,19,.435,.474,.909,0,1,1.000,.000,1,99,9.64,4.2,0,1,0,0,0,0,5,2.14,23,14,5,0,0,60,.610,0,0,0,0,9,0.50,.000,21.21,2,1.00,7.71,7.71,11.57,9.64,1.93,0,0,0,0,0
701552,Andre Granillo,120,Washington Nationals,2026,26,8,0,7,18,12,2,0,2,3,8,0,13,1,.333,39,.449,.538,.987,0,0,.---,.---,1,198,9.64,9.1,0,0,0,0,0,0,10,2.25,50,28,8,0,0,111,.560,1,0,0,0,21,0.39,.---,21.21,3,0.38,2.89,7.71,12.54,11.57,1.93,0,0,0,1,1
666201,Alek Manoah,108,Los Angeles Angels,2026,28,3,0,6,12,9,3,1,1,5,8,0,8,0,.258,31,.410,.516,.926,0,0,.---,.---,0,161,9.82,7.1,0,0,0,0,0,0,8,2.18,39,22,3,0,0,87,.540,0,0,0,0,16,0.50,.---,21.95,2,0.63,6.14,9.82,9.82,11.05,1.23,0,0,0,0,0
670912,Johan Oviedo,111,Boston Red Sox,2026,28,1,0,4,3,4,2,0,2,3,1,0,6,1,.400,15,.444,.933,1.377,1,0,.000,1.000,0,72,9.82,3.2,0,0,0,0,0,0,4,1.91,18,11,1,0,0,47,.650,1,0,1,0,14,1.33,.---,19.64,1,3.00,7.36,2.45,14.73,9.82,4.91,1,0,0,0,1
681006,Josh Simpson,136,Seattle Mariners,2026,28,8,0,4,8,8,1,0,4,10,4,0,11,1,.333,33,.421,.727,1.148,0,0,.---,.---,0,153,9.82,7.1,0,0,0,1,0,1,8,2.05,38,22,8,0,0,93,.610,1,0,0,0,24,0.50,.---,20.86,2,2.50,12.27,4.91,13.50,9.82,4.91,7,4,0,0,0
608723,Austin Voth,142,Minnesota Twins,2026,34,3,0,6,22,12,3,0,3,3,6,0,19,0,.396,48,.446,.646,1.092,0,0,.---,.---,0,215,9.90,10.0,0,1,0,0,0,0,11,2.50,56,30,3,0,0,125,.580,0,0,3,0,31,0.27,.000,21.50,0,0.50,2.70,5.40,17.10,10.80,2.70,3,1,0,0,2
672021,Eric Cerantola,118,Kansas City Royals,2026,26,4,0,3,3,6,0,0,2,7,10,0,4,0,.235,17,.519,.588,1.107,1,3,.750,.250,1,122,10.13,5.1,0,0,0,0,0,0,6,2.63,27,16,4,0,0,56,.460,0,0,1,0,10,1.00,.---,22.88,2,0.70,11.81,16.88,6.75,10.13,3.38,2,2,0,0,0
623168,Tyler Heineman,108,Los Angeles Angels,2026,35,5,0,7,9,6,3,0,2,0,1,0,9,0,.360,25,.385,.720,1.105,0,0,.---,.---,0,64,10.13,5.1,0,0,0,0,0,0,6,1.88,26,16,5,0,0,47,.730,0,0,0,0,18,0.78,.---,12.00,5,0.00,0.00,1.69,15.19,10.13,3.38,2,0,0,0,0
607481,Aaron Bummer,118,Kansas City Royals,2026,32,21,0,19,20,21,5,0,7,13,11,0,24,1,.324,74,.414,.676,1.090,0,4,1.000,.000,0,328,10.26,16.2,1,2,0,0,5,0,19,2.10,88,50,21,0,0,209,.640,1,0,0,0,50,0.95,.333,19.68,3,1.18,7.02,5.94,12.96,11.34,3.78,14,7,0,1,1
663465,Kolby Allard,114,Cleveland Guardians,2026,28,4,0,10,6,10,5,0,2,9,3,1,16,1,.390,41,.444,.659,1.103,0,0,.---,.---,0,177,10.38,8.2,0,0,0,0,0,0,10,2.19,45,26,4,0,0,124,.700,1,0,0,0,27,1.67,.---,20.42,2,3.00,9.35,3.12,16.62,10.38,2.08,2,2,0,0,0
605154,John Brebbia,115,Colorado Rockies,2026,36,3,0,4,8,5,1,0,2,2,0,0,7,0,.333,21,.333,.667,1.000,0,0,.---,.---,1,94,10.38,4.1,0,0,0,0,0,0,5,1.62,21,13,3,0,0,68,.720,0,0,0,0,14,0.50,.---,21.69,1,-.--,4.15,0.00,14.54,10.38,4.15,0,0,0,0,0
696136,Jordan Wicks,112,Chicago Cubs,2026,26,4,2,11,10,12,3,1,1,8,2,0,18,1,.383,47,.420,.553,.973,0,1,1.000,.000,2,180,10.45,10.1,0,2,2,2,0,0,12,1.94,50,31,4,0,0,118,.660,1,0,0,0,26,1.10,.000,17.42,2,4.00,6.97,1.74,15.68,10.45,0.87,3,1,0,0,0
695034,Kade Morris,133,Athletics,2026,24,4,1,14,14,15,1,0,4,8,6,0,24,1,.414,58,.463,.638,1.101,0,0,.---,.---,1,250,10.66,12.2,0,1,0,0,0,0,15,2.37,67,38,4,0,0,153,.610,1,0,1,0,37,1.00,.000,19.74,2,1.33,5.68,4.26,17.05,10.66,2.84,3,1,0,0,2
640454,Matt Krook,120,Washington Nationals,2026,31,11,0,12,4,11,0,1,2,9,10,0,9,2,.265,34,.457,.500,.957,2,1,.333,.667,0,179,10.80,8.1,0,1,0,2,2,2,10,2.28,46,25,11,0,0,103,.580,2,0,0,0,17,3.00,.000,21.48,1,0.90,9.72,10.80,9.72,11.88,2.16,5,2,0,0,0
656686,Corbin Martin,112,Chicago Cubs,2026,30,7,0,3,8,6,0,0,2,4,5,0,5,0,.250,20,.400,.550,.950,0,0,.---,.---,0,111,10.80,5.0,0,0,1,1,0,0,6,2.00,25,15,7,0,0,66,.590,0,0,1,0,11,0.38,.---,22.20,3,0.80,7.20,9.00,9.00,10.80,3.60,0,0,0,0,0
681343,Shane Smith,145,Chicago White Sox,2026,26,3,3,9,6,12,4,0,1,11,9,0,12,1,.316,38,.458,.500,.958,0,0,.---,.---,0,225,10.80,8.1,0,2,0,0,0,0,10,2.52,49,25,3,0,0,138,.610,1,0,0,0,19,1.50,.000,27.00,0,1.22,11.88,9.72,12.96,12.96,1.08,0,0,1,0,0
693713,Emiliano Teodo,140,Texas Rangers,2026,25,1,0,1,3,2,1,0,0,1,2,0,3,0,.375,8,.500,.500,1.000,0,0,.---,.---,0,43,10.80,1.2,0,0,0,0,0,0,2,3.00,10,5,1,0,0,27,.630,0,0,1,0,4,0.33,.---,25.80,0,0.50,5.40,10.80,16.20,10.80,0.00,0,0,0,0,0
669169,Jonathan Heasley,139,Tampa Bay Rays,2026,29,1,0,2,7,5,2,0,2,2,0,0,8,0,.421,19,.421,.842,1.263,0,1,1.000,.000,1,64,11.25,4.0,0,0,0,0,0,0,5,2.00,19,12,1,0,0,47,.730,0,0,0,0,16,0.29,.---,16.00,1,-.--,4.50,0.00,18.00,11.25,4.50,0,0,0,0,0
543510,James McCann,109,Arizona Diamondbacks,2026,36,4,0,7,4,6,2,0,1,0,3,0,9,0,.474,19,.522,.737,1.259,0,0,.---,.---,2,63,11.25,4.0,0,0,0,0,0,0,5,3.00,23,12,4,0,0,34,.540,0,0,0,0,14,1.75,.---,15.75,4,0.00,0.00,6.75,20.25,13.50,2.25,1,1,0,0,1
808825,Andrew Sears,116,Detroit Tigers,2026,23,1,0,2,6,5,2,0,1,3,1,0,6,0,.353,17,.389,.647,1.036,0,0,.---,.---,0,74,11.25,4.0,0,1,0,0,0,0,5,1.75,18,12,1,0,0,45,.610,0,0,0,0,11,0.33,.000,18.50,0,3.00,6.75,2.25,13.50,11.25,2.25,0,0,0,0,0
680704,Nick Sandlin,108,Los Angeles Angels,2026,29,8,0,8,9,11,2,0,2,6,5,0,9,3,.290,31,.425,.548,.973,3,2,.400,.600,1,157,11.42,8.2,0,1,0,0,0,0,11,1.62,40,26,8,0,0,85,.540,3,0,0,0,17,0.89,.000,18.12,2,1.20,6.23,5.19,9.35,11.42,2.08,9,3,0,0,1
676467,Colton Gordon,117,Houston Astros,2026,27,4,1,7,7,12,1,1,6,11,3,1,21,1,.467,45,.500,.933,1.433,1,0,.000,1.000,2,202,11.57,9.1,0,0,0,0,0,0,12,2.57,50,28,4,0,0,130,.640,1,0,1,0,42,1.00,.---,21.64,0,3.67,10.61,2.89,20.25,11.57,5.79,3,1,0,0,1
621242,Edwin Díaz,119,Los Angeles Dodgers,2026,32,16,0,6,16,18,3,2,3,19,10,2,25,3,.385,65,.481,.631,1.112,0,5,1.000,.000,0,312,11.85,13.2,2,2,7,11,0,4,18,2.56,79,41,16,0,0,198,.630,3,0,1,0,41,0.38,.500,22.83,12,1.90,12.51,6.59,16.46,11.85,1.98,0,0,0,0,1
702352,Spencer Bivens,137,San Francisco Giants,2026,32,3,0,1,3,6,0,0,1,5,3,0,6,0,.400,15,.500,.600,1.100,0,0,.---,.---,0,77,12.00,3.0,0,0,0,0,1,0,4,3.00,18,9,3,0,0,48,.620,0,0,2,0,9,0.33,.---,25.67,1,1.67,15.00,9.00,18.00,18.00,3.00,0,0,0,0,0
676596,Josh Fleming,141,Toronto Blue Jays,2026,30,1,0,5,3,4,0,0,1,1,2,0,6,1,.429,14,.500,.643,1.143,0,0,.---,.---,1,77,12.00,3.0,0,0,0,0,0,0,4,2.67,18,9,1,0,0,45,.580,1,0,0,0,9,1.67,.---,25.67,0,0.50,3.00,6.00,18.00,12.00,3.00,0,0,0,0,1
434378,Justin Verlander,116,Detroit Tigers,2026,43,1,1,2,8,5,1,1,1,1,2,0,6,0,.353,17,.421,.706,1.127,0,0,.---,.---,0,80,12.27,3.2,0,1,0,0,0,0,5,2.18,19,11,1,0,0,53,.660,0,0,1,0,12,0.25,.000,21.82,0,0.50,2.45,4.91,14.73,12.27,2.45,0,0,0,0,0
671162,Connor Thomas,118,Kansas City Royals,2026,28,6,0,12,11,15,1,0,4,7,6,0,17,2,.378,45,.455,.667,1.122,0,0,.---,.---,2,188,13.06,10.1,1,1,0,0,2,0,15,2.23,55,31,6,0,0,112,.600,2,0,0,0,30,1.09,.500,18.19,0,1.17,6.10,5.23,14.81,13.06,3.48,6,2,0,0,2
679922,Carlos Duran,118,Kansas City Royals,2026,24,2,0,3,0,2,0,0,0,1,3,0,2,0,.333,6,.556,.333,.889,0,0,.---,.---,0,35,13.50,1.1,1,0,0,0,0,0,2,3.75,9,4,2,0,0,16,.460,0,0,1,0,2,3.00,1.000,26.25,1,0.33,6.75,20.25,13.50,13.50,0.00,0,0,0,0,0
656577,Alex Jackson,142,Minnesota Twins,2026,30,2,0,2,4,3,0,0,2,0,1,0,3,0,.333,9,.400,1.000,1.400,0,0,.---,.---,0,26,13.50,2.0,0,0,0,0,0,0,3,2.00,10,6,2,0,0,15,.580,0,0,0,0,9,0.50,.---,13.00,2,0.00,0.00,4.50,13.50,13.50,9.00,0,0,0,0,0
683766,Christian Koss,137,San Francisco Giants,2026,28,2,0,2,3,3,2,0,0,0,0,0,5,0,.500,10,.500,.700,1.200,0,0,.---,.---,1,28,13.50,2.0,0,0,0,0,0,0,3,2.50,10,6,2,0,0,17,.610,0,0,0,0,7,0.67,.---,14.00,2,-.--,0.00,0.00,22.50,13.50,0.00,0,0,0,0,0
664192,Joey Lucchesi,108,Los Angeles Angels,2026,33,5,0,5,1,6,1,0,1,4,6,0,7,1,.412,17,.583,.647,1.230,0,1,1.000,.000,0,111,13.50,3.1,0,1,0,1,1,1,5,3.90,24,10,5,0,0,61,.550,1,0,0,0,11,5.00,.000,33.30,1,0.67,10.80,16.20,18.90,16.20,2.70,4,2,0,0,0
806960,Luis Morales,133,Athletics,2026,23,5,2,16,19,26,6,0,7,13,14,0,27,1,.365,74,.467,.730,1.197,0,3,1.000,.000,3,346,13.50,16.0,0,2,0,0,0,0,24,2.56,90,48,5,0,0,206,.600,1,1,1,0,54,0.84,.000,21.63,2,0.93,7.31,7.88,15.19,14.63,3.94,4,4,0,0,1
691548,Rolddy Muñoz,144,Atlanta Braves,2026,26,1,0,2,1,3,0,0,1,3,1,0,5,0,.455,11,.500,.727,1.227,0,2,1.000,.000,0,49,13.50,2.0,0,0,0,0,0,0,3,3.00,12,6,1,0,0,30,.610,0,0,0,0,8,2.00,.---,24.50,0,3.00,13.50,4.50,22.50,13.50,4.50,0,0,0,0,0
680689,Lyon Richardson,158,Milwaukee Brewers,2026,26,3,1,5,1,5,0,0,2,4,3,0,2,1,.167,12,.375,.667,1.042,0,0,.---,.---,0,68,13.50,3.1,0,1,0,0,0,0,5,1.50,16,10,3,0,0,35,.510,1,0,0,0,8,5.00,.000,20.40,1,1.33,10.80,8.10,5.40,13.50,5.40,1,0,0,0,0
500743,Miguel Rojas,119,Los Angeles Dodgers,2026,37,4,0,7,5,6,2,0,2,0,1,0,9,1,.429,21,.478,.810,1.288,0,0,.---,.---,0,53,13.50,4.0,0,0,0,0,0,0,6,2.50,23,12,4,0,0,33,.620,1,0,0,0,17,1.40,.---,13.25,4,0.00,0.00,2.25,20.25,13.50,4.50,0,0,0,0,0
691594,Javier Sanoja,146,Miami Marlins,2026,23,5,0,2,11,7,3,0,2,1,1,0,11,1,.458,24,.481,.833,1.314,0,0,.---,.---,0,73,13.50,4.2,0,0,0,0,0,0,7,2.57,27,14,5,0,0,47,.640,1,0,0,0,20,0.18,.---,15.64,5,1.00,1.93,1.93,21.21,13.50,3.86,1,1,0,0,1
678391,Jorbit Vivas,120,Washington Nationals,2026,25,4,0,5,7,7,3,0,1,0,1,0,11,3,.478,23,.556,.739,1.295,0,0,.---,.---,1,54,13.50,4.0,0,0,0,0,0,0,6,3.00,27,12,4,0,0,32,.590,3,0,0,0,17,0.71,.---,13.50,4,0.00,0.00,2.25,24.75,15.75,2.25,4,4,0,0,0
663559,Bailey Falter,118,Kansas City Royals,2026,29,5,2,8,13,15,3,0,4,6,6,0,24,0,.471,51,.526,.765,1.291,0,1,1.000,.000,2,180,13.97,9.2,0,2,0,0,0,0,15,3.10,57,29,5,0,0,109,.610,0,0,1,0,39,0.62,.000,18.62,1,1.00,5.59,5.59,22.34,13.97,3.72,0,0,0,0,0
624431,Jose Trevino,113,Cincinnati Reds,2026,33,4,0,6,6,8,2,0,0,1,1,0,14,1,.519,27,.552,.593,1.145,0,0,.---,.---,2,72,14.40,5.0,0,0,0,0,0,0,8,3.00,29,15,4,0,0,44,.610,1,0,0,0,16,1.00,.---,14.40,4,1.00,1.80,1.80,25.20,14.40,0.00,0,0,0,0,0
666129,Braxton Garrett,146,Miami Marlins,2026,28,2,2,3,5,7,4,0,0,5,8,0,7,0,.368,19,.536,.579,1.115,0,2,1.000,.000,0,129,14.54,4.1,0,1,0,0,0,0,7,3.46,28,13,2,0,0,65,.500,0,0,0,0,11,0.60,.000,29.77,0,0.63,10.38,16.62,14.54,14.54,0.00,0,0,0,0,1
681806,Andrew Wantz,112,Chicago Cubs,2026,30,2,0,3,6,6,1,0,1,1,3,0,5,2,.333,15,.500,.600,1.100,0,1,1.000,.000,1,81,14.73,3.2,0,0,0,0,0,0,6,2.18,20,11,2,0,0,52,.640,2,0,0,0,9,0.50,.---,22.09,1,0.33,2.45,7.36,12.27,14.73,2.45,0,0,0,0,0
642152,Lou Trivino III,143,Philadelphia Phillies,2026,34,5,0,4,7,10,1,1,1,7,7,0,10,1,.370,27,.500,.593,1.093,0,1,1.000,.000,0,144,15.00,6.0,0,0,0,0,0,0,10,2.83,36,18,5,0,0,80,.560,1,0,1,0,16,0.57,.---,24.00,1,1.00,10.50,10.50,15.00,15.00,1.50,1,0,0,0,1
676568,Ricky Vanasco,116,Detroit Tigers,2026,27,5,0,7,9,12,4,0,2,4,6,0,14,0,.412,34,.500,.706,1.206,1,0,.000,1.000,0,170,15.63,6.1,0,1,0,1,1,1,11,3.16,40,19,5,0,0,102,.600,0,0,1,1,24,0.78,.000,26.84,2,0.67,5.68,8.53,19.89,17.05,2.84,1,1,0,0,0
682610,Roddery Muñoz,117,Houston Astros,2026,26,3,0,2,4,7,2,0,3,6,6,0,7,0,.368,19,.520,.947,1.467,0,0,.---,.---,0,112,15.75,4.0,0,0,0,0,0,0,7,3.25,25,12,3,0,0,61,.540,0,0,2,0,18,0.50,.---,28.00,0,1.00,13.50,13.50,15.75,15.75,6.75,3,1,0,0,0
547184,Michael Kelly,133,Athletics,2026,33,5,0,2,6,9,1,2,1,6,6,0,12,0,.462,26,.563,.769,1.332,1,3,.750,.250,0,121,16.20,5.0,0,0,0,1,0,1,9,3.60,32,15,5,0,0,79,.650,0,0,0,0,20,0.33,.---,24.20,2,1.00,10.80,10.80,21.60,16.20,1.80,6,3,0,0,0
656457,Tyler Gilbert,145,Chicago White Sox,2026,32,4,1,4,4,7,3,0,2,3,4,0,7,0,.389,18,.500,.889,1.389,0,1,1.000,.000,0,94,17.18,3.2,0,0,0,0,0,0,7,3.00,22,11,4,0,0,58,.620,0,0,0,0,16,1.00,.---,25.64,0,0.75,7.36,9.82,17.18,17.18,4.91,3,0,0,0,0
624428,Adam Frazier,108,Los Angeles Angels,2026,34,3,0,4,1,4,1,0,1,0,2,0,7,0,.583,12,.643,.917,1.560,0,0,.---,.---,1,45,18.00,2.0,0,0,0,0,0,0,4,4.50,14,6,3,0,0,25,.560,0,0,0,0,11,4.00,.---,22.50,3,0.00,0.00,9.00,31.50,18.00,4.50,4,2,0,0,0
656716,Zach McKinstry,116,Detroit Tigers,2026,31,1,0,1,2,2,0,0,0,0,3,0,2,0,.400,5,.625,.400,1.025,0,0,.---,.---,0,28,18.00,1.0,0,0,0,0,0,0,2,5.00,8,3,1,0,0,13,.460,0,0,0,0,2,0.50,.---,28.00,0,0.00,0.00,27.00,18.00,18.00,0.00,0,0,0,0,0
699151,Jedixson Paez,145,Chicago White Sox,2026,22,3,0,3,6,6,0,0,2,0,3,0,4,0,.333,12,.438,.833,1.271,0,0,.---,.---,0,65,18.00,3.0,0,0,0,0,0,0,6,2.33,16,9,3,0,0,36,.550,0,0,0,0,10,0.50,.---,21.67,1,0.00,0.00,9.00,12.00,18.00,6.00,7,1,0,0,1
691384,Luis Perales,120,Washington Nationals,2026,23,1,0,2,1,4,0,0,1,3,3,0,4,0,.400,10,.538,.700,1.238,0,1,1.000,.000,0,53,18.00,2.0,0,0,0,0,0,0,4,3.50,13,6,1,0,0,27,.510,0,0,0,0,7,2.00,.---,26.50,0,1.00,13.50,13.50,18.00,18.00,4.50,1,0,0,0,0
644433,Chadwick Tromp,110,Baltimore Orioles,2026,31,1,0,1,1,2,1,0,1,0,1,0,3,0,.600,5,.667,1.400,2.067,0,0,.---,.---,1,16,18.00,1.0,0,0,0,0,0,0,2,4.00,6,3,1,0,0,8,.500,0,0,0,0,7,1.00,.---,16.00,1,0.00,0.00,9.00,27.00,18.00,9.00,0,0,0,0,0
664774,LaMonte Wade Jr.,117,Houston Astros,2026,32,1,0,1,2,2,1,0,1,0,0,0,3,0,.500,6,.500,1.167,1.667,0,0,.---,.---,0,11,18.00,1.0,0,0,0,0,0,0,2,3.00,6,3,1,0,0,8,.730,0,0,0,0,7,0.50,.---,11.00,1,-.--,0.00,0.00,27.00,18.00,9.00,0,0,0,0,0
642215,Weston Wilson,136,Seattle Mariners,2026,31,4,0,3,7,7,0,0,2,0,0,0,11,0,.550,20,.524,.850,1.374,0,0,.---,.---,1,60,18.90,3.1,0,0,0,0,0,0,7,3.30,21,10,4,0,0,42,.700,0,0,0,0,17,0.43,.---,18.00,4,-.--,0.00,0.00,29.70,18.90,5.40,2,1,0,0,1
692030,Jose Corniell,140,Texas Rangers,2026,23,2,0,2,7,10,5,1,2,4,4,1,11,0,.478,23,.556,1.043,1.599,0,0,.---,.---,0,104,20.77,4.1,0,1,0,0,0,0,10,3.46,28,13,2,0,0,62,.600,0,0,0,0,24,0.29,.000,24.00,1,1.00,8.31,8.31,22.85,20.77,4.15,0,0,0,1,0
543309,Kyle Higashioka,140,Texas Rangers,2026,36,3,0,2,6,7,4,0,1,0,1,0,8,1,.571,14,.556,1.071,1.627,0,0,.---,.---,1,51,21.00,3.0,0,0,0,0,0,0,7,3.00,18,9,3,0,0,28,.550,1,0,0,0,15,0.33,.---,17.00,3,0.00,0.00,3.00,24.00,21.00,3.00,0,0,0,0,2
687765,Mitch Spence,118,Kansas City Royals,2026,28,3,1,11,11,22,3,1,3,6,9,0,19,0,.413,46,.500,.717,1.217,0,0,.---,.---,0,200,21.21,9.1,0,2,0,0,0,0,22,3.00,56,28,3,0,0,119,.600,0,0,0,0,33,1.00,.000,21.43,1,0.67,5.79,8.68,18.32,21.21,2.89,1,0,0,0,1
676130,José Buttó,137,San Francisco Giants,2026,28,3,0,0,1,5,1,0,2,5,4,0,6,0,.500,12,.625,1.083,1.708,0,0,.---,.---,0,63,22.50,2.0,0,0,0,0,0,0,5,5.00,16,6,3,0,0,30,.480,0,0,0,0,13,0.00,.---,31.50,1,1.25,22.50,18.00,27.00,22.50,9.00,0,0,0,0,0
678576,Wilkin Ramos,137,San Francisco Giants,2026,25,2,0,2,3,5,1,0,0,1,4,0,5,0,.455,11,.600,.545,1.145,0,0,.---,.---,0,61,22.50,2.0,0,0,0,0,0,0,5,4.50,15,6,2,0,0,36,.590,0,0,0,0,6,0.67,.---,30.50,0,0.25,4.50,18.00,22.50,22.50,0.00,0,0,0,0,0
686894,Joey Wiemer,120,Washington Nationals,2026,27,2,0,1,5,5,1,0,1,0,2,0,7,1,.583,12,.625,.917,1.542,0,0,.---,.---,0,45,22.50,2.0,0,0,0,0,0,0,5,4.50,16,6,2,0,0,25,.560,1,0,1,0,11,0.20,.---,22.50,2,0.00,0.00,9.00,31.50,22.50,4.50,0,0,0,0,1
686475,Tyler Tolbert,118,Kansas City Royals,2026,28,5,0,9,3,13,1,0,4,0,3,0,17,1,.586,29,.636,1.034,1.670,0,0,.---,.---,2,106,25.07,4.2,0,0,0,0,0,0,13,4.29,33,14,5,0,0,60,.570,1,0,0,0,30,3.00,.---,22.71,5,0.00,0.00,5.79,32.79,25.07,7.71,0,0,0,0,0
660710,Rodolfo Durán,135,San Diego Padres,2026,28,2,0,2,7,9,2,0,2,0,1,0,9,0,.500,18,.526,.944,1.470,0,0,.---,.---,0,45,27.00,3.0,0,0,0,0,0,0,9,3.33,19,9,2,0,0,31,.690,0,0,0,0,17,0.29,.---,15.00,2,0.00,0.00,3.00,27.00,27.00,6.00,0,0,0,0,0
686747,Joe La Sorsa,111,Boston Red Sox,2026,28,1,0,0,0,1,0,0,1,1,0,0,1,0,.500,2,.500,2.000,2.500,0,0,.---,.---,0,8,27.00,0.1,0,0,0,0,0,0,1,3.00,2,1,1,0,0,5,.630,0,0,0,0,4,-.--,.---,24.00,1,-.--,27.00,0.00,27.00,27.00,27.00,2,2,0,0,0
701780,Tanner McDougal,145,Chicago White Sox,2026,23,1,0,1,0,1,0,0,0,0,3,0,0,1,.000,1,.800,.000,.800,0,0,.---,.---,0,25,27.00,0.1,0,0,0,0,0,0,1,9.00,5,1,1,0,0,8,.320,1,0,0,0,0,1.00,.---,75.00,0,0.00,0.00,81.00,0.00,27.00,0.00,0,0,0,0,0
645302,Victor Robles,136,Seattle Mariners,2026,29,1,0,0,3,3,0,0,0,0,1,0,5,0,.625,8,.667,.625,1.292,0,0,.---,.---,0,26,27.00,1.0,0,0,0,0,0,0,3,6.00,9,3,1,0,0,17,.650,0,0,0,0,5,0.00,.---,26.00,1,0.00,0.00,9.00,45.00,27.00,0.00,0,0,0,0,0
683734,Andrew Vaughn,158,Milwaukee Brewers,2026,28,1,0,2,0,3,0,0,1,1,2,0,3,0,.500,6,.625,1.000,1.625,0,0,.---,.---,0,29,27.00,1.0,0,0,0,0,0,0,3,5.00,8,3,1,0,0,16,.550,0,0,0,0,6,2.00,.---,29.00,1,0.50,9.00,18.00,27.00,27.00,9.00,0,0,0,0,0
676910,Matt Seelinger,121,New York Mets,2026,31,1,0,2,2,7,3,0,1,2,4,0,5,0,.455,11,.600,1.000,1.600,0,0,.---,.---,0,52,31.50,2.0,0,1,0,0,0,0,7,4.50,15,6,1,0,0,31,.600,0,0,0,0,11,1.00,.000,26.00,0,0.50,9.00,18.00,22.50,31.50,4.50,0,0,0,0,0
814305,Yunior Tur,133,Athletics,2026,26,3,0,5,4,17,2,1,4,6,4,0,14,1,.483,29,.559,1.034,1.593,0,0,.---,.---,0,120,32.79,4.2,0,0,0,0,0,0,17,3.86,34,14,3,0,0,77,.640,1,0,1,0,30,1.25,.---,25.71,1,1.50,11.57,7.71,27.00,32.79,7.71,3,3,0,0,0
641386,Ben Bowden,133,Athletics,2026,31,1,0,1,2,4,1,0,0,0,2,0,2,1,.400,5,.625,.600,1.225,0,0,.---,.---,0,40,36.00,1.0,0,0,0,0,0,0,4,4.00,8,3,1,0,0,19,.480,1,0,1,0,3,0.50,.---,40.00,0,0.00,0.00,18.00,18.00,36.00,0.00,0,0,0,0,0
671083,Buddy Kennedy,137,San Francisco Giants,2026,27,1,0,1,2,4,2,0,0,0,2,0,4,0,.667,6,.667,1.000,1.667,0,0,.---,.---,0,39,36.00,1.0,0,0,0,0,0,0,4,6.00,9,3,1,0,0,21,.540,0,0,1,0,6,0.50,.---,39.00,1,0.00,0.00,18.00,36.00,36.00,0.00,0,0,0,0,1
700270,Yilber Díaz,116,Detroit Tigers,2026,25,2,0,0,2,7,1,1,1,3,2,0,8,0,.615,13,.667,1.077,1.744,0,0,.---,.---,0,74,37.80,1.2,0,0,0,0,0,0,7,6.00,15,5,2,0,0,45,.610,0,0,0,0,14,0.00,.---,44.40,1,1.50,16.20,10.80,43.20,37.80,5.40,2,2,0,0,0
687060,Blake Adams,115,Colorado Rockies,2026,25,1,0,1,1,5,1,0,1,0,2,0,5,0,.714,7,.778,1.286,2.064,0,0,.---,.---,1,37,45.00,1.0,0,0,0,0,0,0,5,7.00,9,3,1,0,0,22,.590,0,0,0,0,9,1.00,.---,37.00,0,0.00,0.00,18.00,45.00,45.00,9.00,0,0,0,0,0
671131,Jackson Rutledge,120,Washington Nationals,2026,27,1,0,2,0,7,1,1,0,2,2,0,6,0,.600,10,.667,.900,1.567,0,1,1.000,.000,0,44,47.25,1.1,0,0,0,0,0,0,7,6.00,12,4,1,0,0,30,.680,0,0,0,0,9,2.00,.---,33.00,0,1.00,13.50,13.50,40.50,47.25,0.00,0,0,0,0,0
640902,Jhonny Pereda,136,Seattle Mariners,2026,30,1,0,0,1,2,0,0,1,0,0,0,3,0,.750,4,.750,1.500,2.250,0,0,.---,.---,0,16,54.00,0.1,0,0,0,0,0,0,2,9.00,4,1,1,0,0,10,.630,0,0,0,0,6,0.00,.---,48.00,0,-.--,0.00,0.00,81.00,54.00,27.00,3,3,0,0,0
660844,Leo Rivas,136,Seattle Mariners,2026,28,1,0,0,3,9,1,0,1,0,1,0,9,0,.818,11,.769,1.182,1.951,0,0,.---,.---,0,31,63.00,1.0,0,0,0,0,0,0,7,10.00,13,3,1,0,0,17,.550,0,0,0,0,13,0.00,.---,31.00,1,0.00,0.00,9.00,81.00,81.00,9.00,0,0,0,0,1
687985,Josh White,146,Miami Marlins,2026,25,1,0,0,1,5,0,0,1,1,4,0,1,1,.333,3,.750,1.333,2.083,0,0,.---,.---,0,43,67.50,0.2,0,0,0,0,0,0,5,7.50,8,2,1,0,0,20,.470,1,0,0,0,4,0.00,.---,64.50,0,0.25,13.50,54.00,13.50,67.50,13.50,0,0,0,0,0
605156,Aaron Brooks,139,Tampa Bay Rays,2026,36,1,0,0,1,4,0,0,1,0,2,0,1,0,.500,2,.750,2.000,2.750,0,0,.---,.---,0,17,81.00,0.1,0,1,0,1,0,1,3,9.00,4,1,1,0,0,7,.410,0,0,0,0,4,0.00,.000,51.00,1,0.00,0.00,54.00,27.00,108.00,27.00,0,0,0,0,0
628708,Yunior Marte,113,Cincinnati Reds,2026,31,1,0,0,0,4,1,0,0,1,1,1,3,1,.750,4,.833,1.000,1.833,0,0,.---,.---,0,21,108.00,0.1,0,0,0,0,0,0,4,12.00,6,1,1,0,0,14,.670,1,0,0,0,4,-.--,.---,63.00,0,1.00,27.00,27.00,81.00,108.00,0.00,0,0,0,0,0
608032,Carlos Estévez,118,Kansas City Royals,2026,33,1,0,0,1,6,0,0,1,0,2,0,4,0,.800,5,.857,1.400,2.257,0,0,.---,.---,0,27,162.00,0.1,0,1,0,1,0,1,6,18.00,7,1,1,0,0,12,.440,0,0,0,0,7,0.00,.000,81.00,1,0.00,0.00,54.00,108.00,162.00,27.00,0,0,0,0,0
