player_id,year,stint,team_id,g,gs,ipouts,era,h,bb,so
aardsda01,2004,1,SFN,11,0,32,6.75,20,10,5
aardsda01,2006,1,CHN,45,0,159,4.08,41,28,49
aardsda01,2007,1,CHA,25,0,97,6.4,39,17,36
aardsda01,2008,1,BOS,47,0,146,5.55,49,35,49
aardsda01,2009,1,SEA,73,0,214,2.52,49,34,80
aardsda01,2010,1,SEA,53,0,149,3.44,33,25,49
aardsda01,2012,1,NYA,1,0,3,9.0,1,1,1
aardsda01,2013,1,NYN,43,0,119,4.31,39,19,36
aardsda01,2015,1,ATL,33,0,92,4.7,25,14,35
abadfe01,2010,1,HOU,22,0,57,2.84,14,5,12
abadfe01,2011,1,HOU,29,0,59,7.32,28,9,15
abadfe01,2012,1,HOU,37,6,138,5.09,57,19,38
abadfe01,2013,1,WAS,39,0,113,3.35,42,10,32
abadfe01,2014,1,ATH,69,0,172,1.57,34,15,51
abadfe01,2015,1,ATH,62,0,143,4.15,45,19,45
abadfe01,2016,1,MIN,39,0,102,2.65,27,14,29
abadfe01,2016,2,BOS,18,0,38,6.39,13,8,12
abadfe01,2017,1,BOS,48,0,131,3.3,40,14,37
abadfe01,2019,1,SFN,21,0,39,4.15,9,3,9
abadfe01,2021,1,BAL,16,0,53,5.6,23,7,10
abadfe01,2023,1,COL,6,0,19,4.26,11,3,2
abbotan01,2023,1,CIN,21,21,328,3.87,100,44,120
abbotan01,2024,1,CIN,25,25,414,3.72,127,52,114
abbotan01,2025,1,CIN,29,29,499,2.87,148,43,149
abbotco01,2021,1,CHN,7,1,52,6.75,20,11,12
abbotco01,2022,1,WAS,16,9,144,5.25,44,25,45
abbotco01,2023,1,WAS,22,0,118,6.64,48,19,40
abbotpa01,2000,1,SEA,35,27,537,4.22,164,80,100
abbotpa01,2001,1,SEA,28,27,489,4.25,145,87,118
abbotpa01,2002,1,SEA,7,5,79,11.96,40,20,22
abbotpa01,2003,1,KCA,10,8,143,5.29,47,26,32
abbotpa01,2004,1,TB,10,9,141,6.7,49,27,25
abbotpa01,2004,2,PHI,10,10,147,6.24,57,31,21
abelmi01,2025,1,PHI,6,6,75,5.04,25,9,21
abelmi01,2025,2,MIN,4,2,42,8.36,18,7,18
abnerph01,2025,1,ARI,5,0,11,4.91,5,3,5
abreual01,2020,1,NYA,2,0,4,20.25,4,2,2
abreual01,2021,1,NYA,28,0,110,5.15,27,19,35
abreual01,2022,1,TEX,7,0,26,3.12,4,12,9
abreual01,2022,2,KCA,4,0,13,4.15,6,4,3
abreual01,2022,3,NYA,22,0,77,3.16,25,6,26
abreual01,2023,1,NYA,45,0,177,4.73,52,35,61
abreubr01,2019,1,HOU,7,0,26,1.04,4,3,13
abreubr01,2020,1,HOU,4,0,10,2.7,1,7,3
abreubr01,2021,1,HOU,31,0,108,5.75,35,18,36
abreubr01,2022,1,HOU,55,0,181,1.94,45,26,88
abreubr01,2023,1,HOU,72,0,216,1.75,44,31,100
abreubr01,2024,1,HOU,78,0,235,3.1,59,32,103
abreubr01,2025,1,HOU,70,0,213,2.28,51,31,105
abreuju01,2011,1,HOU,7,0,20,2.7,6,3,12
abreuwi01,2006,1,BAL,7,0,24,10.13,10,6,6
abreuwi01,2007,1,WAS,26,0,91,5.93,37,9,26
abreuwi01,2009,1,TB,2,0,11,2.45,3,2,3
abreuwi01,2009,2,CLE,3,0,7,23.14,7,2,3
accarje01,2005,1,SFN,28,0,89,3.94,26,9,16
accarje01,2006,1,SFN,38,0,121,4.91,38,11,40
accarje01,2006,2,TOR,27,0,86,5.97,38,9,14
accarje01,2007,1,TOR,64,0,202,2.14,51,24,57
accarje01,2008,1,TOR,16,0,37,6.57,15,4,5
accarje01,2009,1,TOR,26,0,74,2.55,23,17,18
accarje01,2010,1,TOR,5,0,20,8.1,12,3,3
accarje01,2011,1,BAL,31,0,113,5.73,43,18,23
accarje01,2012,1,CLE,26,0,106,4.58,38,16,28
accarje01,2012,2,ATH,1,0,6,9.0,4,0,1
aceveal01,2008,1,NYA,6,4,90,2.4,25,10,16
aceveal01,2009,1,NYA,43,1,252,3.54,69,16,69
aceveal01,2010,1,NYA,10,0,36,3.0,10,4,2
aceveal01,2011,1,BOS,55,4,342,2.61,84,42,80
aceveal01,2012,1,BOS,69,0,252,5.36,80,31,75
aceveal01,2013,1,BOS,11,6,111,4.86,42,22,24
aceveal01,2014,1,NYA,10,0,58,6.52,23,4,16
acevedo01,2021,1,ATH,10,0,33,3.27,9,4,9
acevedo01,2022,1,ATH,70,0,203,3.33,50,17,58
acevedo01,2023,1,ATH,9,0,28,10.61,16,2,7
acevejo01,2001,1,CIN,18,18,288,5.44,101,34,68
acevejo01,2002,1,CIN,6,5,71,7.23,28,12,14
acevejo01,2003,1,CIN,5,4,81,2.67,17,6,23
acevejo01,2004,1,CIN,39,27,473,5.94,188,45,117
acevejo01,2005,1,COL,36,5,192,6.47,86,16,31
aceveju01,2000,1,MIL,62,0,248,3.81,77,31,51
aceveju01,2001,1,COL,39,0,96,5.63,37,19,26
aceveju01,2001,2,MIA,20,0,85,2.54,31,16,21
aceveju01,2002,1,DET,65,0,224,2.65,68,23,43
aceveju01,2003,1,NYA,25,0,77,7.71,34,10,19
aceveju01,2003,2,TOR,14,0,38,4.26,18,8,9
achteaj01,2014,1,MIN,7,0,33,3.27,14,3,5
achteaj01,2015,1,MIN,11,0,40,6.75,12,6,14
achteaj01,2016,1,LAA,27,0,113,3.11,43,12,14
acostma01,2007,1,ATL,21,0,71,2.28,13,14,22
acostma01,2008,1,ATL,46,0,159,3.57,48,26,31
acostma01,2009,1,ATL,36,0,112,4.34,45,19,32
acostma01,2010,1,NYN,41,0,119,2.95,30,18,42
acostma01,2011,1,NYN,44,0,141,3.45,50,15,46
acostma01,2012,1,NYN,45,0,142,6.46,48,25,46
actonga01,2023,1,ATH,6,0,17,12.71,9,5,5
actonga01,2025,1,TB,1,0,3,0.0,0,2,0
adamja01,2018,1,KCA,31,0,97,6.12,30,15,37
adamja01,2019,1,TOR,23,0,65,2.91,15,10,18
adamja01,2020,1,CHN,13,0,41,3.29,9,8,21
adamja01,2021,1,CHN,12,0,32,5.91,10,6,19
adamja01,2022,1,TB,67,0,190,1.56,31,17,75
adamja01,2023,1,TB,56,0,163,2.98,35,20,69
adamja01,2024,1,TB,47,0,141,2.49,26,16,50
adamja01,2024,2,SDN,27,0,80,1.01,14,7,31
adamja01,2025,1,SDN,65,0,196,1.93,50,25,70
adamsau01,2014,1,CLE,6,0,21,9.0,9,1,4
adamsau01,2015,1,CLE,28,0,100,3.78,37,13,23
adamsau01,2016,1,CLE,19,0,55,9.82,27,7,17
adamsau01,2019,1,MIN,2,0,8,16.88,4,3,5
adamsau01,2019,2,DET,13,0,42,5.14,14,10,9
adamsau02,2017,1,WAS,6,0,15,3.6,4,8,10
adamsau02,2018,1,WAS,2,0,3,0.0,1,3,0
adamsau02,2019,1,WAS,1,0,3,9.0,0,2,2
adamsau02,2019,2,SEA,29,2,93,3.77,20,14,51
adamsau02,2020,1,SDN,3,0,12,4.5,3,2,7
adamsau02,2021,1,SDN,65,0,158,4.1,28,35,76
adamsau02,2022,1,SDN,2,0,7,0.0,0,3,2
adamsau02,2023,1,ARI,24,0,52,5.71,16,8,22
adamsau02,2024,1,ATH,56,0,124,3.92,38,23,53
adamsch01,2018,1,NYA,3,1,23,7.04,8,4,4
adamsch01,2019,1,NYA,13,0,76,8.53,39,11,23
adamsch01,2020,1,KCA,6,0,26,9.35,15,0,6
adamsmi03,2004,1,MIL,46,0,159,3.4,50,14,39
adamsmi03,2005,1,MIL,13,0,40,2.7,12,10,14
adamsmi03,2006,1,MIL,2,0,7,11.57,4,2,1
adamsmi03,2008,1,SDN,54,0,196,2.48,49,19,74
adamsmi03,2009,1,SDN,37,0,111,0.73,14,8,45
adamsmi03,2010,1,SDN,70,0,200,1.76,48,23,73
adamsmi03,2011,1,SDN,48,0,144,1.13,26,9,49
adamsmi03,2011,2,TEX,27,0,77,2.1,18,5,25
adamsmi03,2012,1,TEX,61,0,157,3.27,56,17,45
adamsmi03,2013,1,PHI,28,0,75,3.96,23,11,23
adamsmi03,2014,1,PHI,22,0,56,2.89,16,8,21
adamste01,2000,1,LAN,66,0,253,3.52,80,39,56
adamste01,2001,1,LAN,43,22,499,4.33,172,54,141
adamste01,2002,1,PHI,46,19,410,4.35,132,58,96
adamste01,2003,1,PHI,66,0,204,2.65,68,23,51
adamste01,2004,1,TOR,42,0,129,3.98,49,22,35
adamste01,2004,2,BOS,19,0,81,6.0,35,6,21
adamste01,2005,1,PHI,16,0,40,12.83,25,10,4
adamstr01,2025,1,MIN,18,2,101,7.49,39,17,31
adcocna01,2011,1,KCA,24,3,181,4.62,63,26,36
adcocna01,2012,1,KCA,12,2,104,2.34,37,13,22
adcocna01,2014,1,TEX,7,0,30,4.5,11,5,9
adcocna01,2015,1,CIN,13,0,54,6.0,15,12,13
adcocty01,2023,1,SEA,12,0,47,3.45,11,0,11
adcocty01,2024,1,NYN,3,0,13,14.54,7,2,3
adcocty01,2025,1,NYN,3,0,9,3.0,2,2,5
adenhni01,2008,1,LAA,3,3,36,9.0,18,13,4
adenhni01,2009,1,LAA,1,1,18,0.0,7,3,5
adkinjo01,2003,1,CHA,4,0,28,4.82,8,7,3
adkinjo01,2004,1,CHA,50,0,186,4.65,75,20,44
adkinjo01,2005,1,CHA,5,0,25,8.64,13,4,1
adkinjo01,2006,1,SDN,55,0,163,3.98,55,20,30
adkinjo01,2007,1,NYN,1,0,3,0.0,0,0,0
adkinjo01,2008,1,CIN,4,0,11,2.45,4,3,3
adlemti01,2016,1,CIN,13,13,209,4.0,64,20,47
adlemti01,2017,1,CIN,30,20,367,5.52,124,51,108
adonjo01,2021,1,WAS,1,1,16,3.38,6,3,9
adonjo01,2022,1,WAS,14,14,194,7.1,76,39,55
adonjo01,2023,1,WAS,12,10,155,6.45,60,24,48
adonjo01,2024,1,WAS,8,1,32,6.75,12,4,6
adriaeh01,2019,1,MIN,1,0,3,27.0,5,0,1
adriaeh01,2020,1,MIN,1,0,3,9.0,1,0,0
adriaeh01,2022,1,WAS,1,0,3,0.0,0,1,1
affelje01,2002,1,KCA,34,7,233,4.64,85,37,67
affelje01,2003,1,KCA,36,18,378,3.93,126,38,98
affelje01,2004,1,KCA,38,8,229,4.95,91,32,49
affelje01,2005,1,KCA,49,0,149,5.26,56,29,39
affelje01,2006,1,KCA,27,9,210,5.91,71,42,28
affelje01,2006,2,COL,27,0,82,6.91,31,13,20
affelje01,2007,1,COL,75,0,177,3.51,47,33,46
affelje01,2008,1,CIN,74,0,235,3.33,78,25,80
affelje01,2009,1,SFN,74,0,187,1.73,42,31,55
affelje01,2010,1,SFN,53,0,150,4.14,56,24,44
affelje01,2011,1,SFN,67,0,185,2.63,47,24,54
affelje01,2012,1,SFN,67,0,190,2.7,57,23,57
affelje01,2013,1,SFN,39,0,101,3.74,27,17,21
affelje01,2014,1,SFN,62,0,166,2.28,47,14,41
affelje01,2015,1,SFN,52,0,106,5.86,43,14,21
agnosza01,2025,1,COL,30,0,94,6.61,31,17,19
agrazda01,2019,1,PIT,15,14,220,4.91,82,18,41
aguiaju01,2024,1,CIN,7,7,95,6.25,30,12,19
aguilmi01,2021,1,ARI,9,0,21,6.43,6,4,3
aguilri01,2000,1,CHN,54,0,143,4.91,47,18,38
ainswku01,2001,1,SFN,2,0,6,13.5,3,2,3
ainswku01,2002,1,SFN,6,4,77,2.1,22,12,15
ainswku01,2003,1,SFN,11,11,198,3.82,66,26,48
ainswku01,2003,2,BAL,3,0,7,11.57,6,1,4
ainswku01,2004,1,BAL,7,7,92,9.68,39,20,20
akinke01,2020,1,BAL,8,6,77,4.56,27,10,35
akinke01,2021,1,BAL,24,17,285,6.63,110,40,82
akinke01,2022,1,BAL,45,1,245,3.2,69,20,77
akinke01,2023,1,BAL,24,1,71,6.85,35,7,27
akinke01,2024,1,BAL,66,0,236,3.32,55,19,97
akinke01,2025,1,BAL,64,3,190,3.41,54,33,59
alanirj01,2019,1,SEA,4,0,12,20.25,11,3,6
alanirj01,2019,2,CIN,8,0,35,5.4,8,4,7
alanirj01,2021,1,CIN,3,0,8,3.38,1,3,3
albaljo01,2007,1,WAS,14,0,43,1.88,7,2,12
albaljo01,2008,1,NYA,7,0,41,3.95,15,6,13
albaljo01,2009,1,NYA,32,0,103,5.24,41,16,21
albaljo01,2010,1,NYA,10,0,34,3.97,9,8,8
albaljo01,2012,1,ARI,3,0,9,9.0,5,0,2
alberan01,2013,1,MIN,10,10,180,4.05,64,7,25
alberan01,2015,1,TOR,1,0,8,3.38,1,2,1
alberan01,2016,1,MIN,6,2,51,5.82,27,6,16
alberan01,2017,1,SEA,9,6,123,3.51,43,10,37
alberan01,2021,1,MIN,5,3,57,7.58,24,9,12
alberha01,2019,1,BAL,1,0,3,18.0,1,2,0
alberha01,2021,1,KCA,1,0,1,0.0,0,0,0
alberha01,2022,1,LAN,10,0,33,4.09,10,3,1
alberha01,2023,1,CHA,2,0,5,21.6,6,1,1
alberma01,2006,1,HOU,4,2,45,6.0,17,7,11
alberma01,2007,1,HOU,31,18,332,5.86,127,50,71
alberma01,2008,1,BAL,28,3,147,3.49,43,22,26
alberma01,2009,1,BAL,56,0,201,5.51,80,36,49
alberma01,2010,1,BAL,62,0,227,4.52,78,34,49
alberma01,2011,1,BOS,56,0,194,4.73,62,31,68
alberma01,2012,1,BOS,40,0,118,2.29,30,15,25
alberma01,2012,2,ARI,23,0,63,2.57,16,7,19
alberma01,2013,1,CLE,56,0,189,3.14,57,23,35
alberma01,2014,1,HOU,8,0,30,0.9,10,3,8
alberma01,2015,1,CHA,30,0,112,1.21,31,9,28
alberma01,2016,1,CHA,58,1,154,6.31,67,19,30
alberma01,2017,1,WAS,63,0,183,1.62,35,17,63
alberma01,2018,1,MIL,34,0,103,7.34,45,12,32
alberma01,2019,1,MIL,67,0,179,5.13,53,29,57
albural01,2011,1,DET,41,0,130,1.87,21,29,67
albural01,2012,1,DET,8,0,40,0.68,6,8,18
albural01,2013,1,DET,53,0,147,4.59,39,34,70
albural01,2014,1,DET,72,0,172,2.51,46,21,63
albural01,2015,1,DET,67,0,186,4.21,63,33,58
albural01,2016,1,LAA,2,0,6,4.5,2,2,1
albural01,2017,1,KCA,11,0,30,3.6,7,6,9
albural01,2017,2,CHA,10,0,24,1.13,3,2,5
alcaljo01,2019,1,MIN,2,0,5,0.0,1,1,1
alcaljo01,2020,1,MIN,16,0,72,2.63,21,8,27
alcaljo01,2021,1,MIN,59,0,179,3.92,45,13,61
alcaljo01,2022,1,MIN,2,0,7,0.0,2,2,2
alcaljo01,2023,1,MIN,11,0,52,6.23,14,10,16
alcaljo01,2024,1,MIN,54,0,175,3.24,40,20,58
alcaljo01,2025,1,MIN,22,0,73,8.88,29,15,28
alcaljo01,2025,2,BOS,19,0,49,3.31,19,8,18
alcaljo01,2025,3,SLN,15,0,43,5.02,18,7,15
alcanra01,2016,1,ATH,5,5,67,7.25,31,4,14
alcanra01,2017,1,ATH,8,4,72,7.13,22,12,12
alcansa01,2017,1,SLN,8,0,25,4.32,9,6,10
alcansa01,2018,1,MIA,6,6,102,3.44,25,23,30
alcansa01,2019,1,MIA,32,32,592,3.88,179,81,151
alcansa01,2020,1,MIA,7,7,126,3.0,35,15,39
alcansa01,2021,1,MIA,33,33,617,3.19,171,50,201
alcansa01,2022,1,MIA,32,32,686,2.28,174,50,207
alcansa01,2023,1,MIA,28,28,554,4.14,176,48,151
alcansa01,2025,1,MIA,31,31,524,5.36,165,57,142
alcanse01,2021,1,CHN,1,0,1,0.0,0,0,0
alcanvi01,2017,1,DET,6,0,22,8.59,12,4,5
alcanvi01,2018,1,DET,27,0,90,2.4,25,6,21
alcanvi01,2019,1,DET,46,0,128,4.85,45,15,24
aldegsa01,2024,1,LAA,3,3,39,4.85,15,10,10
aldegsa01,2025,1,LAA,4,2,41,7.9,20,10,12
aldresc01,2000,1,PHI,23,0,61,5.75,23,10,21
alexaja01,2022,1,MIL,18,11,215,5.4,88,28,46
alexaja01,2025,1,ATH,4,0,18,18.0,12,5,5
alexaja01,2025,2,HOU,14,13,214,3.66,68,21,60
alexasc01,2015,1,KCA,4,0,18,4.5,5,3,3
alexasc01,2016,1,KCA,17,0,57,3.32,24,7,16
alexasc01,2017,1,KCA,58,0,207,2.48,62,28,59
alexasc01,2018,1,LAN,73,1,198,3.68,57,27,56
alexasc01,2019,1,LAN,28,0,52,3.63,17,7,9
alexasc01,2020,1,LAN,13,0,37,2.92,9,9,9
alexasc01,2021,1,LAN,18,0,46,2.93,15,4,8
alexasc01,2022,1,SFN,17,4,52,1.04,12,1,10
alexasc01,2023,1,SFN,55,8,145,4.66,55,11,31
alexasc01,2024,1,ATH,45,0,116,2.56,31,15,31
alexasc01,2025,1,COL,19,0,49,6.06,20,7,6
alexasc01,2025,2,SFN,2,0,4,6.75,3,2,2
alexaty01,2019,1,DET,13,8,161,4.86,68,7,47
alexaty01,2020,1,DET,14,2,109,3.96,39,9,34
alexaty01,2021,1,DET,41,15,319,3.81,106,28,87
alexaty01,2022,1,DET,27,17,303,4.81,108,25,61
alexaty01,2023,1,DET,25,1,132,4.5,44,5,44
alexaty01,2024,1,TB,23,9,323,5.1,110,24,90
alexaty01,2025,1,MIL,21,4,109,6.19,42,12,30
alexaty01,2025,2,CHA,31,1,184,4.26,65,18,52
alexyaj01,2021,1,TEX,5,4,69,4.7,13,17,17
alexyaj01,2022,1,TEX,4,0,21,11.57,10,9,6
alfonan01,2000,1,MIA,68,0,210,4.24,82,24,47
alfonan01,2001,1,MIA,58,0,185,3.06,68,15,40
alfonan01,2002,1,CHN,66,0,223,4.0,73,36,61
alfonan01,2003,1,CHN,60,0,199,5.83,76,27,51
alfonan01,2004,1,ATL,79,0,221,2.57,71,28,45
alfonan01,2005,1,MIA,33,0,82,4.94,29,14,16
alfonan01,2006,1,TEX,19,0,48,5.63,23,7,5
alfonan01,2007,1,PHI,61,0,149,5.44,65,27,24
allarko01,2018,1,ATL,3,1,24,12.38,19,4,3
allarko01,2019,1,TEX,9,9,136,4.96,52,19,33
allarko01,2020,1,TEX,11,8,101,7.75,31,20,32
allarko01,2021,1,TEX,32,17,374,5.41,128,31,104
allarko01,2022,1,TEX,10,0,63,7.29,21,6,19
allarko01,2023,1,ATL,4,3,37,6.57,16,4,13
allarko01,2024,1,PHI,7,4,81,5.0,34,8,23
allarko01,2025,1,CLE,33,2,195,2.63,64,14,42
alldrca01,2022,1,PIT,1,0,3,0.0,1,0,1
allenco01,2012,1,CLE,27,0,87,3.72,29,15,27
allenco01,2013,1,CLE,77,0,211,2.43,62,26,88
allenco01,2014,1,CLE,76,0,209,2.07,48,26,91
allenco01,2015,1,CLE,70,0,208,2.99,56,25,99
allenco01,2016,1,CLE,67,0,204,2.51,41,27,87
allenco01,2017,1,CLE,69,0,202,2.94,57,21,92
allenco01,2018,1,CLE,70,0,201,4.7,58,33,80
allenco01,2019,1,LAA,25,0,69,6.26,24,20,29
allenlo01,2019,1,SDN,8,4,76,6.75,33,13,14
allenlo01,2019,2,CLE,1,0,7,0.0,3,0,3
allenlo01,2020,1,CLE,3,0,32,3.38,12,7,7
allenlo01,2021,1,CLE,14,11,151,6.26,58,17,37
allenlo01,2022,1,CLE,4,0,18,4.5,9,3,6
allenlo01,2022,2,BAL,3,0,5,10.8,3,2,1
allenlo01,2024,1,ARI,12,0,84,5.46,32,10,21
allenlo02,2023,1,CLE,24,24,376,3.81,127,48,119
allenlo02,2024,1,CLE,20,20,292,5.73,113,41,79
allenlo02,2025,1,CLE,30,29,470,4.25,157,62,122
allgeni01,2021,1,TOR,1,0,3,0.0,0,0,0
almanar01,2000,1,MIA,67,0,139,4.86,38,43,46
almanar01,2001,1,MIA,52,0,123,4.83,34,26,45
almanar01,2002,1,MIA,51,0,137,4.34,36,23,57
almanar01,2003,1,MIA,51,0,151,6.08,59,25,49
almanar01,2004,1,ATL,13,0,35,6.17,9,7,13
almanar01,2005,1,ARI,6,0,12,2.25,5,3,2
almanca01,2000,1,SDN,62,0,209,4.39,73,25,56
almanca01,2001,1,NYA,10,0,32,3.38,14,2,6
almanca01,2002,1,CIN,8,1,35,2.31,6,5,7
almanca01,2004,1,TEX,67,0,218,3.72,66,19,44
almanca01,2005,1,TEX,6,0,15,14.4,10,7,3
almoned01,2003,1,NYN,12,0,34,11.12,21,5,7
almonhe01,2003,1,BOS,7,0,23,8.22,9,7,6
almonhe01,2003,2,WAS,28,0,87,6.83,34,17,26
almonmi01,2015,1,KCA,9,0,26,6.23,7,7,10
almonmi01,2017,1,KCA,2,0,6,13.5,5,2,0
almonmi01,2018,1,LAA,8,0,21,10.29,9,3,7
almonye01,2018,1,COL,14,0,44,1.84,15,4,14
almonye01,2019,1,COL,28,0,102,5.56,39,14,29
almonye01,2020,1,COL,24,0,83,2.93,25,6,23
almonye01,2021,1,COL,48,0,143,7.55,47,29,47
almonye01,2022,1,LAN,33,0,106,1.02,18,10,33
almonye01,2023,1,LAN,49,0,144,5.06,43,24,49
almonye01,2024,1,CHN,17,0,47,3.45,9,8,20
almoral01,2021,1,NYN,1,0,3,27.0,1,1,0
altavda01,2016,1,SEA,15,0,37,0.73,11,1,10
altavda01,2017,1,SEA,41,0,140,4.24,43,20,52
altavda01,2018,1,SEA,22,0,62,2.61,11,15,23
altavda01,2019,1,SEA,17,0,44,5.52,9,12,18
altavda01,2020,1,SEA,13,0,35,7.71,12,7,14
altavda01,2020,2,SDN,9,0,26,3.12,6,5,10
altavda01,2021,1,SDN,2,0,4,6.75,1,0,2
altavda01,2024,1,KCA,5,1,11,14.73,5,3,5
altavda01,2025,1,CHA,28,0,87,2.48,19,15,21
altheaa01,2019,1,PHI,1,0,3,9.0,2,0,2
alvarab01,2004,1,BOS,1,1,15,9.0,8,5,2
alvarab01,2005,1,BOS,2,0,7,15.43,6,0,1
alvarab01,2006,1,BOS,1,0,9,12.0,5,2,2
alvaran01,2025,1,WAS,5,5,70,2.31,16,10,20
alvarda01,2014,1,NYN,4,0,4,13.5,4,0,1
alvarda01,2015,1,NYN,6,0,11,12.27,5,1,2
alvarda01,2016,1,ATL,16,0,45,3.0,11,5,28
alvarda01,2016,2,TEX,10,0,35,7.71,17,2,13
alvarda01,2017,1,TEX,20,0,49,2.76,19,14,17
alvared01,2024,1,NYN,1,0,3,0.0,1,0,1
alvarel01,2025,1,ATH,37,0,127,3.19,34,22,50
alvarhe01,2011,1,TOR,10,10,191,3.53,64,8,40
alvarhe01,2012,1,TOR,31,31,562,4.85,216,54,79
alvarhe01,2013,1,MIA,17,17,308,3.59,90,27,57
alvarhe01,2014,1,MIA,30,30,561,2.65,198,33,111
alvarhe01,2015,1,MIA,4,4,67,6.45,28,7,9
alvarhe01,2017,1,PHI,3,3,44,4.3,14,11,6
alvarjo02,2013,1,DET,14,6,116,5.82,42,16,31
alvarjo02,2014,1,LAA,2,0,2,0.0,1,0,1
alvarjo02,2015,1,LAA,64,0,201,3.49,58,23,59
alvarjo02,2016,1,LAA,64,0,172,3.45,71,15,51
alvarjo02,2017,1,LAA,64,0,146,3.88,50,12,45
alvarjo02,2018,1,LAA,76,0,189,2.71,51,22,59
alvarjo02,2019,1,PHI,67,1,177,3.36,66,18,51
alvarjo02,2020,1,PHI,8,0,19,1.42,7,3,6
alvarjo02,2021,1,SFN,67,1,194,2.37,53,19,42
alvarjo02,2022,1,SFN,21,0,46,5.28,17,9,15
alvarjo03,2017,1,TB,35,0,89,3.64,24,9,29
alvarjo03,2018,1,TB,70,0,192,2.39,42,29,80
alvarjo03,2019,1,TB,35,1,90,4.8,29,27,39
alvarjo03,2020,1,TB,9,0,27,6.0,9,6,13
alvarjo03,2021,1,PHI,64,0,167,4.2,42,47,68
alvarjo03,2022,1,PHI,59,0,153,3.18,38,24,81
alvarjo03,2023,1,PHI,42,0,124,1.74,30,18,64
alvarjo03,2024,1,PHI,66,0,185,4.09,49,28,63
alvarjo03,2025,1,PHI,28,0,78,3.81,27,7,32
alvarju01,2000,1,LAA,11,0,18,13.5,14,7,2
alvarju01,2002,1,TEX,52,0,119,4.76,35,21,30
alvarju01,2003,1,MIA,9,0,35,3.09,8,8,6
alvarrj01,2014,1,SDN,10,0,24,1.13,3,5,9
alvarrj01,2015,1,ATH,21,0,60,9.9,27,13,23
alvarrj01,2022,1,NYN,1,0,7,11.57,4,3,2
alvarvi01,2002,1,LAN,4,1,31,4.35,9,2,7
alvarvi01,2003,1,LAN,5,0,17,12.71,9,6,3
alvarwi01,2002,1,TB,23,10,225,5.28,80,36,56
alvarwi01,2003,1,LAN,21,12,285,2.37,80,23,82
alvarwi01,2004,1,LAN,40,15,362,4.03,109,31,102
alvarwi01,2005,1,LAN,21,2,72,5.63,31,7,16
alzolad01,2019,1,CHN,4,2,37,7.3,13,9,13
alzolad01,2020,1,CHN,6,4,64,2.95,12,13,29
alzolad01,2021,1,CHN,29,21,377,4.58,112,34,128
alzolad01,2022,1,CHN,6,0,40,3.38,9,2,19
alzolad01,2023,1,CHN,58,0,192,2.67,52,13,67
alzolad01,2024,1,CHN,18,0,52,4.67,19,6,13
amarial01,2015,1,SDN,1,0,1,0.0,0,0,0
amarial01,2016,1,SDN,1,0,1,0.0,0,0,0
amayaja01,2025,1,CHA,1,0,3,0.0,0,0,0
ambrihe01,2010,1,CLE,34,0,145,5.59,68,17,37
ambrihe01,2012,1,HOU,18,0,58,4.19,14,11,22
ambrihe01,2013,1,HOU,43,0,109,5.7,50,14,27
ambrihe01,2014,1,SDN,1,0,6,4.5,2,2,1
amesst01,2013,1,MIA,4,0,12,4.5,6,2,4
anderbr02,2000,1,ARI,33,32,640,4.05,226,39,104
anderbr02,2001,1,ARI,29,22,400,5.2,156,30,55
anderbr02,2002,1,ARI,35,24,468,4.79,174,32,81
anderbr02,2003,1,CLE,25,24,444,3.71,162,32,72
anderbr02,2003,2,KCA,7,7,149,3.99,50,11,15
anderbr02,2004,1,KCA,35,26,498,5.64,217,53,70
anderbr02,2005,1,KCA,6,6,92,6.75,39,4,17
anderbr04,2009,1,ATH,30,30,526,4.06,180,45,150
anderbr04,2010,1,ATH,19,19,337,2.8,112,22,75
anderbr04,2011,1,ATH,13,13,250,4.0,86,25,61
anderbr04,2012,1,ATH,6,6,105,2.57,29,7,25
anderbr04,2013,1,ATH,16,5,134,6.04,51,21,46
anderbr04,2014,1,COL,8,8,130,2.91,44,13,29
anderbr04,2015,1,LAN,31,31,541,3.69,194,46,116
anderbr04,2016,1,LAN,4,3,34,11.91,25,4,5
anderbr04,2017,1,CHN,6,6,66,8.18,34,12,16
anderbr04,2017,2,TOR,7,7,100,5.13,39,9,22
anderbr04,2018,1,ATH,17,17,241,4.48,90,13,47
anderbr04,2019,1,ATH,31,31,528,3.89,181,49,90
anderbr04,2020,1,MIL,10,10,141,4.21,50,10,32
anderbr04,2021,1,MIL,24,24,288,4.22,102,28,58
anderch01,2014,1,ARI,21,21,343,4.01,117,40,105
anderch01,2015,1,ARI,27,27,458,4.3,158,40,111
anderch01,2016,1,MIL,31,30,455,4.39,155,53,120
anderch01,2017,1,MIL,25,25,424,2.74,113,41,133
anderch01,2018,1,MIL,30,30,474,3.93,131,57,128
anderch01,2019,1,MIL,32,27,417,4.21,126,50,124
anderch01,2020,1,TOR,10,7,101,7.22,45,10,38
anderch01,2021,1,PHI,14,9,144,6.75,51,20,35
anderch01,2022,1,CIN,9,7,72,6.38,17,15,23
anderch01,2023,1,TB,2,0,15,0.0,2,1,2
anderch01,2023,2,COL,17,17,244,5.75,88,32,62
anderch01,2024,1,BOS,27,1,156,4.85,46,19,35
anderch01,2024,2,TEX,2,0,19,9.95,9,2,7
anderco01,2015,1,CLE,15,15,274,3.05,77,24,44
anderco01,2016,1,CLE,19,9,182,6.68,85,13,54
anderco01,2019,1,CLE,5,2,26,9.35,12,8,9
anderdr02,2017,1,PHI,2,0,7,23.14,6,1,2
anderdr02,2018,1,PHI,5,1,38,4.97,17,2,11
anderdr02,2019,1,PHI,2,0,18,7.5,6,6,6
anderdr02,2020,1,CHA,1,0,4,40.5,4,2,2
anderdr02,2021,1,TEX,9,1,66,3.27,20,6,9
andergr01,2023,1,TEX,26,0,107,5.05,38,14,30
andergr01,2024,1,TEX,23,0,80,8.1,33,10,29
andergr01,2025,1,MIL,66,0,209,3.23,59,29,74
anderia01,2020,1,ATL,6,6,97,1.95,21,14,41
anderia01,2021,1,ATL,24,24,385,3.58,105,53,124
anderia01,2022,1,ATL,22,22,335,5.0,115,54,97
anderia01,2025,1,LAA,7,0,28,11.57,17,7,8
anderja01,2003,1,NYA,22,0,62,4.79,23,14,9
anderja01,2003,2,NYN,6,0,32,5.06,10,5,7
anderja01,2004,1,CLE,1,0,3,45.0,1,4,1
anderja01,2005,1,NYA,3,0,17,7.94,4,7,2
anderji02,2000,1,PIT,27,26,432,5.25,169,58,73
anderji02,2001,1,PIT,34,34,619,5.1,232,83,89
anderji02,2002,1,PIT,28,25,422,5.44,167,63,47
anderji02,2003,1,CIN,8,7,116,8.84,60,14,13
anderji02,2004,1,CHN,7,0,29,4.66,9,3,3
anderji02,2004,2,BOS,5,0,18,6.0,10,3,3
anderju01,2018,1,LAA,57,0,166,4.07,42,40,67
anderju01,2019,1,LAA,54,0,141,5.55,42,32,60
anderju01,2024,1,CHA,56,0,160,4.39,48,32,57
anderma01,2000,1,DET,69,0,223,4.72,61,45,71
anderma01,2001,1,DET,62,0,168,4.82,56,18,52
anderma01,2002,1,DET,12,0,33,9.0,17,8,8
anderma01,2003,1,DET,23,0,70,5.4,25,9,13
anderma01,2005,1,COL,12,0,30,12.6,19,11,4
anderni01,2019,1,MIA,45,0,131,3.92,40,16,69
anderni01,2019,2,TB,23,0,64,2.11,12,2,41
anderni01,2020,1,TB,19,0,49,0.55,5,3,26
anderni01,2021,1,TB,6,0,18,4.5,4,2,1
anderni01,2023,1,ATL,35,0,106,3.06,30,9,36
anderni01,2024,1,KCA,37,0,107,4.04,35,15,29
anderni01,2025,1,COL,12,0,44,6.14,17,2,10
andersh01,2019,1,SFN,28,16,288,5.44,111,38,70
andersh01,2020,1,SFN,18,0,46,3.52,10,12,18
andersh01,2021,1,MIN,4,0,26,9.35,13,5,8
andersh01,2021,2,BAL,7,0,30,9.0,17,5,7
andersh01,2021,3,SDN,5,0,14,5.79,6,2,4
andersh01,2022,1,TOR,1,0,3,18.0,4,0,0
andersh01,2024,1,TEX,2,0,10,5.4,6,1,3
andersh01,2024,2,MIA,4,2,39,9.0,28,0,7
andersh01,2025,1,LAA,7,0,34,10.32,20,3,11
anderta01,2018,1,PIT,6,0,34,6.35,15,8,6
anderta01,2019,1,ATH,5,5,67,6.04,30,7,18
anderta01,2021,1,PIT,1,0,15,3.6,5,0,1
anderty01,2016,1,COL,19,19,343,3.54,119,28,99
anderty01,2017,1,COL,17,15,258,4.81,88,26,81
anderty01,2018,1,COL,32,32,528,4.55,165,59,164
anderty01,2019,1,COL,5,5,62,11.76,33,11,23
anderty01,2020,1,SFN,13,11,179,4.37,58,25,41
anderty01,2021,1,PIT,18,18,310,4.35,99,25,86
anderty01,2021,2,SEA,13,13,191,4.81,71,13,48
anderty01,2022,1,LAN,30,28,536,2.57,145,34,138
anderty01,2023,1,LAA,27,25,423,5.43,146,64,119
anderty01,2024,1,LAA,31,31,538,3.81,158,73,142
anderty01,2025,1,LAA,26,26,409,4.56,135,57,104
andrast01,2006,1,KCA,4,0,14,9.64,5,4,5
andrecl01,2000,1,TOR,8,2,62,10.02,34,9,12
andrecl02,2023,1,MIL,4,0,10,27.0,10,2,4
andrecl02,2024,1,NYA,1,0,1,27.0,1,0,1
andrima01,2015,1,TB,25,8,197,4.11,69,18,49
andrima01,2016,1,TB,29,19,383,4.37,131,25,109
andrima01,2017,1,TB,18,17,258,4.5,90,28,76
andrima01,2018,1,TB,27,4,179,4.07,55,18,59
andrima01,2018,2,ARI,14,1,57,9.0,29,7,19
andrima01,2019,1,ARI,54,0,212,4.71,72,27,79
andrima01,2020,1,LAA,16,1,96,4.5,21,11,33
andrima01,2021,1,BOS,26,0,112,6.03,55,11,38
andrima01,2021,2,SEA,8,0,33,2.45,10,2,12
andrima01,2024,1,MIA,4,0,18,6.0,7,1,7
ankieri01,2000,1,SLN,31,30,525,3.5,137,90,194
ankieri01,2001,1,SLN,6,6,72,7.13,25,25,27
ankieri01,2004,1,SLN,5,0,30,5.4,10,1,9
annade01,2014,1,NYA,1,0,3,18.0,3,0,0
antoldu01,2016,1,TOR,1,0,6,13.5,4,1,1
antonte01,2020,1,CIN,13,4,106,2.8,20,16,45
antonte01,2021,1,CIN,23,0,101,2.14,17,13,42
antonte01,2023,1,CIN,5,1,17,1.59,3,2,7
antonte01,2024,1,CIN,4,0,6,4.5,2,4,2
aokino01,2017,1,HOU,1,0,3,27.0,1,2,0
appelma01,2022,1,PHI,6,0,31,1.74,9,3,5
appieke01,2000,1,ATH,31,31,586,4.52,200,102,129
appieke01,2001,1,NYN,33,33,620,3.57,181,64,172
appieke01,2002,1,LAA,32,32,565,3.92,191,64,132
appieke01,2003,1,LAA,19,19,278,5.63,105,36,50
appieke01,2003,2,KCA,4,4,57,4.26,15,7,5
appieke01,2004,1,KCA,2,2,12,13.5,7,3,2
aquingr01,2004,1,ARI,34,0,106,3.06,24,17,26
aquingr01,2005,1,ARI,35,0,94,7.76,42,17,34
aquingr01,2006,1,ARI,42,0,145,4.47,54,24,51
aquingr01,2007,1,MIL,15,0,42,4.5,13,5,12
aquingr01,2008,1,BAL,9,0,28,12.54,17,9,9
aquingr01,2009,1,CLE,10,0,48,4.5,13,15,11
aquinja01,2016,1,BAL,3,0,7,0.0,1,0,3
aquinja01,2017,1,BAL,4,2,40,7.43,15,6,13
aranovi01,2017,1,PHI,10,0,32,1.69,6,4,13
aranovi01,2018,1,PHI,60,0,178,2.73,54,17,60
aranovi01,2019,1,PHI,3,0,14,3.86,2,2,7
aranovi01,2022,1,WAS,43,0,126,4.5,47,12,44
araujel01,2015,1,PHI,40,0,104,3.38,29,19,34
araujel01,2016,1,PHI,32,0,82,5.6,35,17,29
araujpe01,2018,1,BAL,20,0,84,7.71,29,18,29
araujpe01,2019,1,BAL,1,0,2,27.0,2,1,0
arauzjo01,2021,1,BOS,1,0,3,9.0,2,0,0
archech01,2012,1,TB,6,4,88,4.6,23,13,36
archech01,2013,1,TB,23,23,386,3.22,107,38,101
archech01,2014,1,TB,32,32,584,3.33,177,72,173
archech01,2015,1,TB,34,34,636,3.23,175,66,252
archech01,2016,1,TB,33,33,604,4.02,183,67,233
archech01,2017,1,TB,34,34,603,4.07,193,60,249
archech01,2018,1,TB,17,17,288,4.31,102,31,102
archech01,2018,2,PIT,10,10,157,4.3,53,18,60
archech01,2019,1,PIT,23,23,359,5.19,114,55,143
archech01,2021,1,TB,6,5,58,4.66,18,8,21
archech01,2022,1,MIN,25,25,308,4.56,87,48,84
arciafr01,2018,1,LAA,2,0,9,9.0,5,0,0
arciaor01,2020,1,MIL,2,0,6,18.0,4,1,0
arciaor01,2022,1,ATL,1,0,3,0.0,0,1,0
arencjp01,2014,1,TEX,1,0,3,0.0,1,0,0
ariasal02,2007,1,COL,6,0,22,4.91,8,5,3
ariasal02,2008,1,COL,12,0,41,2.63,12,4,5
ariasal02,2008,2,HOU,3,2,24,6.75,11,6,8
ariasal02,2009,1,HOU,42,0,137,3.35,49,19,39
ariaslu01,2025,1,MIA,7,0,31,11.32,17,5,10
arihako01,2021,1,TEX,10,10,122,6.64,45,13,24
arihako01,2022,1,TEX,5,4,60,9.45,36,11,14
armasto02,2000,1,WAS,17,17,285,4.36,74,50,59
armasto02,2001,1,WAS,34,34,590,4.03,180,91,176
armasto02,2002,1,WAS,29,29,493,4.44,149,78,131
armasto02,2003,1,WAS,5,5,93,2.61,25,8,23
armasto02,2004,1,WAS,16,16,216,4.88,66,45,54
armasto02,2005,1,WAS,19,19,304,4.97,100,54,59
armasto02,2006,1,WAS,30,30,462,5.03,167,64,97
armasto02,2007,1,PIT,31,15,291,6.03,111,38,73
armasto02,2008,1,NYN,3,1,25,7.56,11,1,6
armenro01,2019,1,HOU,5,2,54,4.0,17,5,18
armstsh01,2015,1,CLE,8,0,24,2.25,5,2,11
armstsh01,2016,1,CLE,10,0,32,2.53,9,5,7
armstsh01,2017,1,CLE,21,0,74,4.38,23,10,20
armstsh01,2018,1,SEA,14,0,44,1.23,9,3,15
armstsh01,2019,1,SEA,4,0,11,14.73,8,3,3
armstsh01,2019,2,BAL,51,0,163,5.13,58,26,60
armstsh01,2020,1,BAL,14,0,45,1.8,9,3,14
armstsh01,2021,1,BAL,20,0,60,8.55,28,10,22
armstsh01,2021,2,TB,11,0,48,4.5,11,5,22
armstsh01,2022,1,MIA,7,0,20,10.8,10,3,5
armstsh01,2022,2,TB,43,3,165,3.6,56,14,61
armstsh01,2023,1,TB,39,6,156,1.38,36,11,54
armstsh01,2024,1,TB,38,7,140,5.4,56,19,50
armstsh01,2024,2,SLN,11,0,38,2.84,11,2,12
armstsh01,2024,3,CHN,8,0,22,4.91,10,4,4
armstsh01,2025,1,TEX,71,2,222,2.31,40,20,74
arnolja01,2000,1,LAN,2,0,20,4.05,4,5,3
arnolja01,2000,2,CHN,12,4,98,6.61,34,19,13
arojo01,2015,1,BOS,6,0,31,6.97,15,4,8
arojo01,2016,1,SEA,1,0,2,0.0,1,1,0
arredjo01,2008,1,LAA,52,0,183,1.62,42,22,55
arredjo01,2009,1,LAA,43,0,135,6.0,47,23,47
arredjo01,2011,1,CIN,53,0,159,3.23,43,31,48
arredjo01,2012,1,CIN,66,0,183,2.95,50,34,62
arrieja01,2010,1,BAL,18,18,301,4.66,106,48,52
arrieja01,2011,1,BAL,22,22,358,5.05,115,59,93
arrieja01,2012,1,BAL,24,18,344,6.2,122,35,109
arrieja01,2013,1,BAL,5,5,71,7.23,25,17,23
arrieja01,2013,2,CHN,9,9,155,3.66,34,24,37
arrieja01,2014,1,CHN,25,25,470,2.53,114,41,167
arrieja01,2015,1,CHN,33,33,687,1.77,150,48,236
arrieja01,2016,1,CHN,31,31,592,3.1,138,76,190
arrieja01,2017,1,CHN,30,30,505,3.53,150,55,163
arrieja01,2018,1,PHI,31,31,518,3.96,165,57,138
arrieja01,2019,1,PHI,24,24,407,4.64,149,51,110
arrieja01,2020,1,PHI,9,9,133,5.08,51,16,32
arrieja01,2021,1,CHN,20,20,259,6.88,113,39,74
arrieja01,2021,2,SDN,4,4,37,10.95,18,5,9
arrigsp01,2024,1,HOU,29,28,435,4.53,139,65,171
arrigsp01,2025,1,HOU,7,7,106,5.35,30,20,31
arrojro01,2000,1,COL,19,19,304,6.04,120,46,80
arrojro01,2000,2,BOS,13,13,214,5.05,67,22,44
arrojro01,2001,1,BOS,41,9,310,3.48,88,35,78
arrojro01,2002,1,BOS,29,8,244,4.98,83,27,51
arroybr01,2000,1,PIT,20,12,215,6.4,88,36,50
arroybr01,2001,1,PIT,24,13,265,5.09,99,34,39
arroybr01,2002,1,PIT,9,4,81,4.0,30,15,22
arroybr01,2003,1,BOS,6,0,52,2.08,10,4,14
arroybr01,2004,1,BOS,32,29,536,4.03,171,47,142
arroybr01,2005,1,BOS,35,32,616,4.51,213,54,100
arroybr01,2006,1,CIN,35,35,722,3.29,222,64,184
arroybr01,2007,1,CIN,34,34,632,4.23,232,63,156
arroybr01,2008,1,CIN,34,34,600,4.77,219,68,163
arroybr01,2009,1,CIN,33,33,661,3.84,214,65,127
arroybr01,2010,1,CIN,33,33,647,3.88,188,59,121
arroybr01,2011,1,CIN,32,32,597,5.07,227,45,108
arroybr01,2012,1,CIN,32,32,606,3.74,209,35,129
arroybr01,2013,1,CIN,32,32,606,3.79,199,34,124
arroybr01,2014,1,ARI,14,14,258,4.08,92,19,47
arroybr01,2017,1,CIN,14,14,213,7.35,94,19,45
arroych01,2021,1,BOS,1,0,3,0.0,1,1,0
arteahu01,2019,1,KCA,1,0,5,5.4,2,1,0
ascanjo01,2007,1,ATL,13,0,48,5.06,17,6,13
ascanjo01,2008,1,CHN,6,0,17,7.94,8,4,3
ascanjo01,2009,1,CHN,14,0,46,3.52,18,9,18
ascanjo01,2009,2,PIT,2,0,8,6.75,4,0,2
ascanjo01,2011,1,PIT,8,0,19,7.11,10,2,5
asencmi01,2002,1,KCA,31,21,370,5.11,136,64,58
asencmi01,2003,1,KCA,8,8,145,5.21,54,21,27
asencmi01,2006,1,COL,3,1,23,4.7,9,4,7
ashbyaa01,2021,1,MIL,13,4,95,4.55,25,12,39
ashbyaa01,2022,1,MIL,27,19,322,4.44,106,47,126
ashbyaa01,2024,1,MIL,14,2,85,2.86,20,10,33
ashbyaa01,2025,1,MIL,43,1,200,2.16,54,24,76
ashbyan01,2000,1,PHI,16,16,304,5.68,113,38,51
ashbyan01,2000,2,ATL,15,15,294,4.13,103,23,55
ashbyan01,2001,1,LAN,2,2,35,3.86,14,1,7
ashbyan01,2002,1,LAN,30,30,545,3.91,179,65,107
ashbyan01,2003,1,LAN,21,12,219,5.18,90,17,41
ashbyan01,2004,1,SDN,2,0,6,0.0,1,0,2
ashcrbr01,2025,1,PIT,26,8,209,2.71,63,24,71
ashcrgr01,2022,1,CIN,19,19,315,4.89,119,30,71
ashcrgr01,2023,1,CIN,26,26,437,4.76,148,52,111
ashcrgr01,2024,1,CIN,15,15,232,5.24,89,27,57
ashcrgr01,2025,1,CIN,62,0,196,3.99,68,25,64
asheral01,2015,1,PHI,7,7,87,9.31,42,10,16
asheral01,2016,1,PHI,5,5,83,2.28,22,4,13
asheral01,2017,1,BAL,24,6,180,5.25,61,23,47
asheral01,2018,1,MIL,2,0,9,0.0,2,1,2
assadja01,2022,1,CHN,9,8,113,3.11,35,20,30
assadja01,2023,1,CHN,32,10,328,3.05,93,41,94
assadja01,2024,1,CHN,29,29,441,3.73,143,63,124
assadja01,2025,1,CHN,8,7,111,3.65,33,12,23
astacez01,2005,1,HOU,22,14,243,5.67,100,25,66
astacez01,2006,1,HOU,6,0,17,11.12,7,6,6
astacpe01,2000,1,COL,32,32,589,5.27,217,77,193
astacpe01,2001,1,COL,22,22,423,5.49,151,50,125
astacpe01,2001,2,HOU,4,4,86,3.14,30,4,19
astacpe01,2002,1,NYN,31,31,575,4.79,192,63,152
astacpe01,2003,1,NYN,7,7,110,7.36,47,18,20
astacpe01,2004,1,BOS,5,1,26,10.38,13,5,6
astacpe01,2005,1,TEX,12,12,201,6.04,79,11,45
astacpe01,2005,2,SDN,12,10,179,3.17,54,26,33
astacpe01,2006,1,WAS,17,17,271,5.98,109,31,42
astinba01,2017,1,CIN,6,0,24,6.75,9,7,2
astudwi01,2018,1,MIN,1,0,3,45.0,5,0,0
astudwi01,2021,1,MIN,4,0,12,2.25,1,2,0
astudwi01,2022,1,MIA,2,0,6,0.0,0,2,0
atchisc01,2004,1,SEA,25,0,92,3.52,29,14,36
atchisc01,2005,1,SEA,6,0,20,6.75,7,1,9
atchisc01,2007,1,SFN,22,0,92,4.11,32,10,25
atchisc01,2010,1,BOS,43,1,180,4.5,58,19,41
atchisc01,2011,1,BOS,17,0,91,3.26,31,6,17
atchisc01,2012,1,BOS,42,0,154,1.58,42,9,36
atchisc01,2013,1,NYN,50,0,136,4.37,45,12,28
atchisc01,2014,1,CLE,70,0,216,2.75,60,14,49
atchisc01,2015,1,CLE,23,0,59,6.86,23,4,12
atchlju01,2001,1,CIN,15,0,31,6.1,12,5,8
atilalu01,2010,1,WAS,16,16,257,5.15,96,32,40
atkinmi01,2009,1,CHN,2,0,6,0.0,1,0,0
atkinmi01,2010,1,CHN,5,0,30,6.3,12,6,10
atkinmi01,2011,1,BAL,3,3,32,8.44,21,3,7
augenbr01,2009,1,ARI,7,2,51,7.94,23,6,6
augenbr01,2011,1,SLN,5,0,17,9.53,11,3,6
aumonph01,2012,1,PHI,18,0,44,3.68,10,9,14
aumonph01,2013,1,PHI,22,0,58,4.19,24,13,19
aumonph01,2014,1,PHI,5,0,17,19.06,14,5,6
aumonph01,2015,1,PHI,1,1,12,13.5,5,7,3
austije01,2001,1,KCA,21,0,78,5.54,27,14,27
austije01,2002,1,KCA,10,0,33,4.91,14,6,6
austije01,2003,1,CIN,7,7,85,8.58,28,21,22
averyst01,2003,1,DET,19,0,48,5.63,19,7,6
avilaal01,2018,1,ARI,1,0,6,0.0,1,0,0
avilaal01,2019,1,ARI,2,0,6,4.5,2,1,1
avilalu01,2012,1,ATL,31,0,108,2.0,27,10,33
avilalu01,2013,1,ATL,75,0,195,1.52,40,22,38
avilalu01,2014,1,ATL,62,0,130,4.57,47,21,25
avilalu01,2015,1,ATL,50,0,113,3.58,35,10,31
avilalu01,2015,2,LAN,23,0,47,5.17,13,5,18
avilalu01,2016,1,LAN,27,0,59,3.2,12,10,28
avilalu01,2017,1,LAN,61,0,138,2.93,42,22,52
avilalu01,2018,1,CHA,58,0,119,3.86,40,14,46
avilalu01,2018,2,PHI,12,0,17,3.18,4,4,5
avilalu01,2019,1,NYN,45,0,96,5.06,33,14,30
avilalu01,2020,1,NYA,10,0,25,4.32,9,5,9
avilalu01,2021,1,WAS,4,0,15,12.6,7,3,4
avilalu02,2025,1,KCA,13,0,42,1.29,7,6,16
avilani01,2024,1,SFN,8,0,35,8.49,17,3,14
avilape01,2019,1,SDN,1,1,16,1.69,4,2,5
avilape01,2021,1,SDN,1,1,12,2.25,4,3,5
avilape01,2022,1,SDN,2,0,12,4.5,3,1,5
avilape01,2023,1,SDN,14,6,151,3.22,43,25,54
avilape01,2024,1,SDN,4,0,24,9.0,5,6,9
avilape01,2024,2,CLE,50,0,224,3.25,68,30,73
axelrdy01,2011,1,CHA,4,3,56,2.89,18,9,19
axelrdy01,2012,1,CHA,14,7,153,5.47,56,21,40
axelrdy01,2013,1,CHA,30,20,385,5.68,170,43,73
axelrdy01,2014,1,CIN,5,4,55,2.95,14,4,20
axelrdy01,2015,1,CIN,6,0,37,7.3,11,8,12
axforjo01,2009,1,MIL,7,0,23,3.52,5,6,9
axforjo01,2010,1,MIL,50,0,174,2.48,42,27,76
axforjo01,2011,1,MIL,74,0,221,1.95,59,25,86
axforjo01,2012,1,MIL,75,0,208,4.67,61,39,93
axforjo01,2013,1,MIL,62,0,164,4.45,62,23,54
axforjo01,2013,2,SLN,13,0,31,1.74,11,3,11
axforjo01,2014,1,CLE,49,0,131,3.92,34,30,51
axforjo01,2014,2,PIT,13,0,33,4.09,9,6,12
axforjo01,2015,1,COL,60,0,167,4.2,56,32,62
axforjo01,2016,1,ATH,68,0,197,3.97,65,30,60
axforjo01,2017,1,ATH,22,0,63,6.43,27,17,21
axforjo01,2018,1,TOR,45,1,153,4.41,44,20,50
axforjo01,2018,2,LAN,5,0,11,17.18,8,2,4
axforjo01,2021,1,MIL,1,0,1,54.0,2,1,0
ayalalu01,2003,1,WAS,65,0,213,2.92,65,13,46
ayalalu01,2004,1,WAS,81,0,271,2.69,92,15,63
ayalalu01,2005,1,WAS,68,0,213,2.66,75,14,40
ayalalu01,2007,1,WAS,44,0,127,3.19,43,12,28
ayalalu01,2008,1,WAS,62,0,173,5.77,63,22,36
ayalalu01,2008,2,NYN,19,0,54,5.5,23,2,14
ayalalu01,2009,1,MIN,28,0,97,4.18,38,8,21
ayalalu01,2009,2,MIA,10,0,23,11.74,12,6,7
ayalalu01,2011,1,NYA,52,0,168,2.09,51,20,39
ayalalu01,2012,1,BAL,66,0,225,2.64,81,14,51
ayalalu01,2013,1,BAL,2,0,6,9.0,4,0,2
ayalalu01,2013,2,ATL,37,0,93,2.9,34,13,20
aybarer01,2017,1,SDN,2,0,4,0.0,0,1,0
aybarma01,2000,1,COL,1,0,5,16.2,5,0,0
aybarma01,2000,2,CIN,32,0,151,4.83,51,22,31
aybarma01,2000,3,MIA,21,0,82,2.63,18,13,14
aybarma01,2001,1,CHN,17,1,68,6.35,28,17,16
aybarma01,2002,1,SFN,15,0,43,2.51,16,3,11
aybarma01,2003,1,SFN,3,0,9,6.0,4,3,2
aybarma01,2005,1,NYN,22,0,76,6.04,31,7,27
bachala01,2024,1,MIA,10,0,28,3.86,10,4,11
bachala01,2025,1,MIA,53,1,213,3.93,55,30,75
bachmsa01,2023,1,LAA,11,0,51,3.18,17,11,14
bachmsa01,2025,1,LAA,23,0,61,6.2,22,10,18
backebr01,2002,1,TB,9,0,39,6.92,15,7,6
backebr01,2003,1,TB,28,0,134,5.44,40,25,36
backebr01,2004,1,HOU,33,9,201,4.3,75,27,54
backebr01,2005,1,HOU,26,25,448,4.76,151,67,97
backebr01,2006,1,HOU,8,8,129,3.77,43,18,19
backebr01,2007,1,HOU,5,5,86,3.77,27,11,11
backebr01,2008,1,HOU,31,31,500,6.05,202,77,127
backebr01,2009,1,HOU,5,1,39,10.38,21,6,10
backhky01,2025,1,ARI,32,0,76,4.62,28,8,22
bacsimi02,2001,1,CLE,3,0,27,9.0,13,3,4
bacsimi02,2002,1,NYN,11,9,167,4.37,63,19,30
bacsimi02,2003,1,NYN,5,3,53,10.19,28,8,12
bacsimi02,2004,1,TEX,3,3,47,4.6,16,1,6
bacsimi02,2007,1,WAS,29,20,354,5.11,141,29,45
bacusda01,2020,1,WAS,11,0,34,7.94,14,9,7
badenbu01,2008,1,MIA,13,8,142,6.08,55,21,35
badenbu01,2009,1,MIA,35,2,216,3.75,71,24,57
badenbu01,2010,1,MIA,53,0,203,3.99,62,21,47
badenbu01,2011,1,MIA,50,0,191,4.1,65,24,51
badenbu01,2012,1,TB,66,0,187,3.03,63,12,42
badenbu01,2013,1,MIL,63,0,187,3.47,62,12,42
badenbu01,2014,1,BOS,70,0,212,2.29,70,19,40
badenbu01,2015,1,CIN,68,0,199,3.93,71,20,36
baekch01,2004,1,SEA,7,5,93,5.52,35,11,20
baekch01,2006,1,SEA,6,6,103,3.67,26,13,23
baekch01,2007,1,SEA,14,12,220,5.15,87,14,49
baekch01,2008,1,SEA,10,1,90,5.4,28,13,15
baekch01,2008,2,SDN,22,20,333,4.62,118,30,77
baezbe01,2001,1,MIA,8,0,28,13.5,22,6,14
baezda01,2001,1,CLE,43,0,151,2.5,34,20,52
baezda01,2002,1,CLE,39,26,496,4.41,160,82,130
baezda01,2003,1,CLE,73,0,227,3.81,65,23,66
baezda01,2004,1,TB,62,0,204,3.57,60,29,52
baezda01,2005,1,TB,67,0,217,2.86,66,30,51
baezda01,2006,1,LAN,46,0,149,4.35,53,11,29
baezda01,2006,2,ATL,11,0,30,5.4,7,6,10
baezda01,2007,1,BAL,53,0,151,6.44,50,29,29
baezda01,2009,1,BAL,59,0,215,4.02,59,22,40
baezda01,2010,1,PHI,51,0,143,5.48,55,23,28
baezda01,2011,1,PHI,29,0,108,6.25,43,13,18
baezmi01,2019,1,SDN,24,1,89,3.03,25,14,28
baezmi01,2020,1,SDN,3,1,14,7.71,7,2,7
baezmi01,2022,1,SDN,2,0,6,0.0,1,0,2
baezpe01,2014,1,LAN,20,0,72,2.63,16,5,18
baezpe01,2015,1,LAN,52,0,153,3.35,47,11,60
baezpe01,2016,1,LAN,73,0,222,3.04,52,22,83
baezpe01,2017,1,LAN,66,0,192,2.95,56,29,64
baezpe01,2018,1,LAN,55,0,169,2.88,46,23,62
baezpe01,2019,1,LAN,71,0,209,3.1,43,23,69
baezpe01,2020,1,LAN,18,0,51,3.18,10,7,13
baezpe01,2021,1,HOU,4,0,13,2.08,2,1,5
baezpe01,2022,1,HOU,3,0,7,11.57,5,3,2
baezsa01,2018,1,DET,9,0,43,5.02,12,9,10
baezsa01,2019,1,DET,1,0,3,9.0,2,0,0
bailean01,2009,1,ATH,68,0,250,1.84,49,24,91
bailean01,2010,1,ATH,47,0,147,1.47,34,13,42
bailean01,2011,1,ATH,42,0,125,3.24,34,12,41
bailean01,2012,1,BOS,19,0,46,7.04,21,8,14
bailean01,2013,1,BOS,30,0,86,3.77,23,12,39
bailean01,2015,1,NYA,10,0,26,5.19,9,5,6
bailean01,2016,1,PHI,33,0,97,6.4,32,15,33
bailean01,2016,2,LAA,12,0,34,2.38,9,2,8
bailean01,2017,1,LAA,4,0,12,0.0,1,0,2
bailebr01,2020,1,HOU,5,0,22,2.45,6,3,4
baileco01,2001,1,KCA,53,0,202,3.48,57,33,61
baileco01,2002,1,KCA,37,0,138,4.11,53,31,24
baileho02,2007,1,CIN,9,9,136,5.76,43,28,28
baileho02,2008,1,CIN,8,8,109,7.93,59,17,18
baileho02,2009,1,CIN,20,20,340,4.53,115,52,86
baileho02,2010,1,CIN,19,19,327,4.46,109,40,100
baileho02,2011,1,CIN,22,22,396,4.43,136,33,106
baileho02,2012,1,CIN,33,33,624,3.68,206,52,168
baileho02,2013,1,CIN,32,32,627,3.49,181,54,199
baileho02,2014,1,CIN,23,23,437,3.71,134,45,124
baileho02,2015,1,CIN,2,2,34,5.56,16,4,3
baileho02,2016,1,CIN,6,6,69,6.65,35,7,27
baileho02,2017,1,CIN,18,18,273,6.43,112,42,67
baileho02,2018,1,CIN,20,20,319,6.09,141,33,75
baileho02,2019,1,KCA,18,18,270,4.8,89,38,81
baileho02,2019,2,ATH,13,13,220,4.3,73,15,68
baileho02,2020,1,MIN,2,2,24,3.38,6,3,7
bajenje01,2004,1,CHA,9,0,25,10.8,15,6,8
bajenje01,2005,1,CHA,4,0,13,6.23,4,0,3
bajenje01,2006,1,ARI,1,0,3,36.0,4,0,0
bakerbr01,2021,1,TOR,1,0,3,0.0,1,0,1
bakerbr01,2022,1,BAL,66,2,209,3.49,60,26,76
bakerbr01,2023,1,BAL,46,0,135,3.6,33,24,51
bakerbr01,2024,1,BAL,19,0,70,5.01,20,7,23
bakerbr01,2025,1,BAL,42,0,115,3.52,33,9,49
bakerbr01,2025,2,TB,31,0,91,4.75,26,8,34
bakerjo01,2014,1,CHN,1,0,3,0.0,0,1,0
bakersc02,2005,1,MIN,10,9,161,3.35,48,14,32
bakersc02,2006,1,MIN,16,16,250,6.37,114,16,62
bakersc02,2007,1,MIN,24,23,431,4.26,162,29,102
bakersc02,2008,1,MIN,28,28,517,3.45,161,42,141
bakersc02,2009,1,MIN,33,33,600,4.37,190,48,162
bakersc02,2010,1,MIN,29,29,511,4.49,186,43,148
bakersc02,2011,1,MIN,23,21,404,3.14,126,32,123
bakersc02,2013,1,CHN,3,3,45,3.6,9,4,6
bakersc02,2014,1,TEX,25,8,242,5.47,82,14,55
bakersc02,2015,1,LAN,2,2,33,5.73,11,3,8
balazjo02,2023,1,MIN,18,0,73,4.44,26,12,17
baldoal01,2021,1,WAS,14,0,32,8.44,10,7,12
baldwja01,2000,1,CHA,29,28,534,4.65,185,59,116
baldwja01,2001,1,CHA,17,16,287,4.61,109,38,42
baldwja01,2001,2,LAN,12,12,238,4.2,82,25,53
baldwja01,2002,1,SEA,30,23,450,5.28,179,49,88
baldwja01,2003,1,MIN,10,0,45,5.4,21,4,7
baldwja01,2004,1,NYN,2,2,18,15.0,13,5,1
baldwja01,2005,1,BAL,12,0,67,1.61,17,3,12
baldwja01,2005,2,TEX,8,0,52,5.19,18,7,9
baldwja01,2005,3,BAL,8,0,51,5.29,19,6,8
balejo01,2000,1,TOR,2,0,11,14.73,5,3,6
balejo01,2001,1,BAL,14,0,80,3.04,18,17,21
balejo01,2003,1,CIN,10,9,139,4.47,50,12,37
balejo01,2007,1,KCA,26,0,120,4.05,45,17,42
balejo01,2008,1,KCA,13,3,80,4.39,29,6,14
balejo01,2009,1,KCA,43,0,85,5.72,34,18,24
balesco01,2008,1,WAS,15,15,240,5.51,92,28,50
balesco01,2009,1,WAS,7,7,91,6.82,34,14,20
balesco01,2010,1,WAS,17,0,63,2.57,15,11,28
balesco01,2011,1,WAS,23,0,107,4.54,38,14,34
balesco01,2012,1,DET,11,0,54,6.5,14,11,12
balesco01,2015,1,CIN,15,0,47,7.47,17,13,13
balfogr01,2001,1,MIN,2,0,8,13.5,3,3,2
balfogr01,2003,1,MIN,17,1,78,4.15,23,14,30
balfogr01,2004,1,MIN,36,0,118,4.35,35,21,42
balfogr01,2007,1,MIL,3,0,8,20.25,4,4,3
balfogr01,2007,2,TB,22,0,66,6.14,26,16,27
balfogr01,2008,1,TB,51,0,175,1.54,28,24,82
balfogr01,2009,1,TB,73,0,202,4.81,59,33,69
balfogr01,2010,1,TB,57,0,166,2.28,43,17,56
balfogr01,2011,1,ATH,62,0,186,2.47,44,20,59
balfogr01,2012,1,ATH,75,0,224,2.53,41,28,72
balfogr01,2013,1,ATH,65,0,188,2.59,48,27,72
balfogr01,2014,1,TB,65,0,187,4.91,49,41,57
balfogr01,2015,1,TB,6,0,13,6.23,3,4,0
bandaan01,2017,1,ARI,8,4,77,5.96,26,10,25
bandaan01,2018,1,TB,3,1,44,3.68,12,3,10
bandaan01,2019,1,TB,3,0,12,6.75,6,0,2
bandaan01,2020,1,TB,4,0,21,10.29,10,5,4
bandaan01,2021,1,NYN,5,0,22,7.36,14,1,7
bandaan01,2021,2,PIT,25,0,79,3.42,25,12,25
bandaan01,2022,1,PIT,23,0,59,6.41,34,5,22
bandaan01,2022,2,TOR,7,1,19,4.26,7,3,7
bandaan01,2022,3,NYA,2,0,2,40.5,2,5,1
bandaan01,2023,1,WAS,10,0,21,6.43,9,5,6
bandaan01,2024,1,LAN,48,2,149,3.08,44,18,50
bandaan01,2025,1,LAN,71,1,195,3.18,45,34,61
banksjo01,2007,1,TOR,3,1,22,7.36,11,2,2
banksjo01,2008,1,SDN,17,14,256,4.75,94,32,43
banksjo01,2009,1,SDN,6,3,68,7.15,30,4,9
banksjo01,2010,1,HOU,1,1,12,13.5,8,4,1
banksta01,2022,1,CHA,35,0,159,3.06,42,18,49
banksta01,2023,1,CHA,32,3,183,4.43,59,16,51
banksta01,2024,1,CHA,41,1,144,4.13,47,15,55
banksta01,2024,2,PHI,22,1,73,3.7,22,10,23
banksta01,2025,1,PHI,69,1,202,3.07,56,12,61
bankswi01,2001,1,BOS,5,0,32,0.84,5,4,10
bankswi01,2002,1,BOS,29,0,117,3.23,32,14,26
bannibr01,2006,1,NYN,8,6,114,4.26,34,22,19
bannibr01,2007,1,KCA,27,27,495,3.87,156,44,77
bannibr01,2008,1,KCA,32,32,548,5.76,215,58,113
bannibr01,2009,1,KCA,26,26,462,4.73,161,50,98
bannibr01,2010,1,KCA,24,23,383,6.34,158,50,77
banuema01,2015,1,ATL,7,6,79,5.13,30,12,19
banuema01,2019,1,CHA,16,8,152,6.93,60,33,44
banuema01,2022,1,NYA,4,0,25,2.16,7,3,8
banuema01,2022,2,PIT,31,0,98,4.96,25,18,34
baragca01,2020,1,SFN,24,1,67,4.03,17,5,19
baragca01,2021,1,SFN,25,0,69,1.57,19,12,16
barbajo01,2016,1,NYA,13,0,39,7.62,13,5,15
barbajo01,2017,1,PIT,24,0,86,4.08,25,18,23
barbajo01,2018,1,DET,7,0,20,12.15,11,5,2
barcelo01,2000,1,CHA,22,1,117,3.69,34,9,26
barcelo01,2001,1,CHA,17,0,63,4.71,24,8,15
barcelo01,2002,1,CHA,4,0,18,9.0,9,1,1
barcohu01,2025,1,PIT,2,0,9,0.0,3,0,3
bardda01,2009,1,BOS,49,0,148,3.65,41,22,63
bardda01,2010,1,BOS,73,0,224,1.93,45,30,76
bardda01,2011,1,BOS,70,0,219,3.33,46,24,74
bardda01,2012,1,BOS,17,10,178,6.22,60,43,38
bardda01,2013,1,BOS,2,0,3,9.0,1,2,1
bardda01,2020,1,COL,23,0,74,3.65,22,10,27
bardda01,2021,1,COL,67,0,197,5.21,69,36,80
bardda01,2022,1,COL,57,0,181,1.79,35,25,69
bardda01,2023,1,COL,50,0,148,4.56,35,49,47
bardlu01,2018,1,LAA,8,0,35,5.4,10,5,13
bardlu01,2019,1,LAA,32,3,147,4.78,41,13,40
bardlu01,2020,1,LAA,6,0,16,6.75,7,0,7
bardlu01,2022,1,TB,8,0,42,1.93,7,7,8
bardlu01,2022,2,NYA,1,0,3,0.0,0,0,0
barkelu01,2022,1,MIL,3,0,12,11.25,7,0,3
barlojo01,2021,1,TEX,31,0,87,1.55,12,12,27
barlojo01,2022,1,TEX,35,0,105,3.86,27,13,28
barlojo01,2023,1,TEX,13,0,29,4.66,13,2,6
barlosc01,2018,1,KCA,6,0,45,3.6,16,3,15
barlosc01,2019,1,KCA,61,0,211,4.22,64,37,92
barlosc01,2020,1,KCA,32,0,90,4.2,27,9,39
barlosc01,2021,1,KCA,71,0,223,2.42,61,28,91
barlosc01,2022,1,KCA,69,0,223,2.18,52,22,77
barlosc01,2023,1,KCA,38,0,116,5.35,38,22,47
barlosc01,2023,2,SDN,25,0,88,3.07,23,12,32
barlosc01,2024,1,CLE,63,0,165,4.25,44,31,68
barlosc01,2025,1,CIN,75,1,205,4.21,50,45,75
barnech01,2021,1,MIN,9,8,114,5.92,46,16,20
barneda01,2016,1,TOR,1,0,3,9.0,1,0,1
barneda02,2016,1,TOR,12,0,41,3.95,14,5,14
barneda02,2017,1,TOR,60,0,198,3.55,48,24,62
barneda02,2018,1,TOR,47,0,123,5.71,47,22,38
barneja01,2016,1,MIL,27,0,80,2.7,24,6,26
barneja01,2017,1,MIL,73,0,216,4.0,57,33,80
barneja01,2018,1,MIL,49,0,146,3.33,51,23,47
barneja01,2019,1,MIL,18,1,59,6.86,22,11,22
barneja01,2019,2,KCA,15,0,39,8.31,14,11,10
barneja01,2020,1,LAA,18,0,54,5.5,19,4,24
barneja01,2021,1,NYN,19,0,56,6.27,19,5,18
barneja01,2021,2,TOR,10,0,30,6.3,12,6,15
barneja01,2022,1,DET,22,0,62,6.1,21,9,10
barneja01,2022,2,NYA,1,0,5,0.0,2,0,2
barneja01,2023,1,SLN,13,0,41,5.93,18,3,8
barneja01,2024,1,WAS,63,0,198,4.36,67,20,55
barneja01,2025,1,TOR,6,0,24,9.0,10,3,5
barnema01,2014,1,BOS,5,0,27,4.0,11,2,8
barnema01,2015,1,BOS,32,2,129,5.44,56,15,39
barnema01,2016,1,BOS,62,0,200,4.05,62,31,71
barnema01,2017,1,BOS,70,0,209,3.88,57,28,83
barnema01,2018,1,BOS,62,0,185,3.65,47,31,96
barnema01,2019,1,BOS,70,0,193,3.78,51,38,110
barnema01,2020,1,BOS,24,0,69,4.3,18,14,31
barnema01,2021,1,BOS,60,0,164,3.79,41,20,84
barnema01,2022,1,BOS,44,0,119,4.31,36,21,34
barnema01,2023,1,MIA,24,1,64,5.48,25,10,20
barnema01,2024,1,WAS,14,0,40,6.75,16,4,10
barnema02,2025,1,ATH,5,5,67,6.85,26,11,18
barnesc01,2012,1,CLE,16,0,57,4.26,17,7,16
barnesc01,2013,1,CLE,6,0,26,7.27,8,3,10
barneto01,2016,1,TEX,53,0,181,2.09,54,16,49
barneto01,2017,1,TEX,50,0,172,5.49,64,22,57
barneto01,2018,1,TEX,22,0,79,2.39,19,5,26
barneto01,2019,1,CHN,2,0,4,6.75,2,0,0
barnhtu01,2022,1,DET,1,0,3,9.0,3,0,0
barnhtu01,2023,1,CHN,4,0,12,2.25,7,0,0
barnhtu01,2024,1,ARI,1,0,3,18.0,4,0,0
barnhtu01,2025,1,TEX,1,0,6,13.5,5,0,0
baronda01,2007,1,MIA,16,6,123,5.71,50,19,18
barraky01,2015,1,MIA,25,0,73,2.59,12,18,30
barraky01,2016,1,MIA,75,0,218,2.85,45,44,113
barraky01,2017,1,MIA,66,0,198,3.0,53,38,76
barraky01,2018,1,MIA,61,0,167,4.2,40,34,60
barraky01,2019,1,WAS,33,0,77,6.66,33,12,30
barraky01,2019,2,SFN,10,0,24,2.25,5,9,10
barraky01,2021,1,MIN,10,0,39,5.54,12,8,18
barraky01,2022,1,LAA,8,0,27,3.0,7,4,9
barraky01,2023,1,BOS,3,0,23,12.91,14,6,4
barreaa01,2014,1,WAS,50,0,122,2.66,33,20,49
barreaa01,2015,1,WAS,40,0,88,4.6,28,7,35
barreaa01,2019,1,WAS,3,0,7,15.43,5,4,1
barreaa01,2020,1,WAS,2,0,5,10.8,2,2,1
barreja01,2016,1,ARI,68,0,178,3.49,47,28,56
barreja01,2017,1,ARI,28,0,81,5.0,27,15,26
barreja01,2018,1,ARI,7,0,21,5.14,8,2,6
barreja01,2019,1,NYA,2,0,11,14.73,6,2,4
barrema03,2021,1,BAL,3,0,8,13.5,4,2,2
barrija01,2018,1,LAA,26,26,388,3.41,117,47,98
barrija01,2019,1,LAA,19,13,248,6.42,92,27,75
barrija01,2020,1,LAA,7,5,97,3.62,27,9,27
barrija01,2021,1,LAA,13,11,170,4.61,70,19,35
barrija01,2022,1,LAA,35,1,238,2.61,63,19,54
barrija01,2023,1,LAA,34,6,247,5.68,91,30,62
barriyh01,2015,1,MIL,5,0,20,0.0,3,0,7
barryke01,2006,1,ATL,19,1,77,5.61,24,14,19
barryke01,2007,1,ATL,1,0,6,22.5,6,2,4
barthji01,2008,1,PIT,3,3,31,10.45,16,8,6
bartocl01,2004,1,CLE,34,0,58,4.66,22,11,25
bartocl01,2005,1,CHN,19,0,59,5.49,23,11,15
barziph01,2006,1,HOU,1,0,1,0.0,1,0,0
bashlty01,2018,1,NYN,24,0,96,4.22,26,12,25
bashlty01,2019,1,NYN,24,0,66,6.95,21,17,20
bashlty01,2020,1,PIT,8,0,25,8.64,9,4,6
bassan01,2011,1,SDN,27,3,145,1.68,41,21,24
bassan01,2012,1,SDN,24,15,291,4.73,89,39,80
bassan01,2013,1,SDN,24,0,126,5.36,51,20,31
bassan01,2014,1,HOU,21,0,81,6.33,32,7,7
bassan01,2015,1,TEX,33,0,192,4.5,66,20,45
bassan01,2017,1,TEX,2,0,17,14.29,14,0,1
bassan01,2018,1,CHN,16,0,46,2.93,18,3,14
bassan01,2019,1,SEA,44,0,144,3.56,30,17,43
bassan01,2020,1,TOR,26,0,77,3.51,17,9,21
bassan01,2021,1,MIA,70,1,184,3.82,55,24,58
bassan01,2022,1,MIA,45,0,134,1.41,32,10,45
bassan01,2022,2,TOR,28,0,77,1.75,19,10,28
bassan01,2023,1,TOR,22,0,60,4.95,19,9,19
bassbr01,2008,1,MIN,44,0,205,4.87,84,22,32
bassbr01,2008,2,BAL,5,4,63,4.71,14,9,13
bassbr01,2009,1,BAL,48,0,259,4.9,106,44,54
bassbr01,2010,1,PIT,4,0,22,12.27,9,10,5
bassich01,2014,1,CHA,6,5,89,3.94,34,13,21
bassich01,2015,1,ATH,18,13,258,3.56,78,30,64
bassich01,2016,1,ATH,5,5,84,6.11,35,14,23
bassich01,2018,1,ATH,11,7,143,3.02,40,19,41
bassich01,2019,1,ATH,28,25,432,3.81,125,47,141
bassich01,2020,1,ATH,11,11,189,2.29,56,17,55
bassich01,2021,1,ATH,27,27,472,3.15,127,39,159
bassich01,2022,1,NYN,30,30,545,3.42,159,49,167
bassich01,2023,1,TOR,33,33,600,3.6,176,59,186
bassich01,2024,1,TOR,31,31,513,4.16,180,70,168
bassich01,2025,1,TOR,32,31,511,3.96,174,52,166
bassobr01,2024,1,ATH,7,4,67,4.03,23,5,19
bassobr01,2025,1,ATH,11,1,35,2.31,12,9,8
bastaan01,2009,1,PHI,6,5,71,6.46,26,9,19
bastaan01,2010,1,PHI,25,0,56,4.34,19,9,26
bastaan01,2011,1,PHI,64,0,174,2.64,28,26,70
bastaan01,2012,1,PHI,65,0,156,4.33,40,26,81
bastaan01,2013,1,PHI,48,0,128,2.32,33,21,47
bastaan01,2014,1,PHI,67,0,192,3.94,43,34,81
bastaan01,2015,1,PIT,66,0,172,2.98,39,26,64
bastaan01,2016,1,NYN,41,0,131,4.74,41,21,46
bastaan01,2016,2,PIT,28,0,72,4.13,19,11,28
bastaan01,2017,1,PIT,9,0,27,15.0,16,9,8
batismi01,2000,1,WAS,4,0,25,14.04,19,3,7
batismi01,2000,2,KCA,14,9,171,7.74,66,34,30
batismi01,2001,1,ARI,48,18,418,3.36,113,60,90
batismi01,2002,1,ARI,36,29,554,4.29,172,70,112
batismi01,2003,1,ARI,36,29,580,3.54,197,60,142
batismi01,2004,1,TOR,38,31,596,4.8,206,96,104
batismi01,2005,1,TOR,71,0,224,4.1,80,27,54
batismi01,2006,1,ARI,34,33,619,4.58,231,84,110
batismi01,2007,1,SEA,33,32,579,4.29,209,85,133
batismi01,2008,1,SEA,44,20,345,6.26,135,79,73
batismi01,2009,1,SEA,56,0,214,4.04,79,39,52
batismi01,2010,1,WAS,58,1,248,3.7,71,39,55
batismi01,2011,1,SLN,26,1,88,4.6,27,19,16
batismi01,2011,2,NYN,9,4,92,2.64,22,14,15
batismi01,2012,1,NYN,30,5,140,4.82,53,31,34
batismi01,2012,2,ATL,5,0,18,3.0,5,2,2
battema01,2022,1,SDN,2,0,6,4.5,2,0,1
battepe01,2023,1,CLE,7,6,104,5.19,34,12,27
bauerja01,2024,1,MIL,4,0,12,4.5,5,4,1
bauerja01,2025,1,MIL,5,0,15,3.6,8,3,1
bauerri01,2001,1,BAL,6,6,99,4.64,35,9,16
bauerri01,2002,1,BAL,56,1,251,3.98,84,36,45
bauerri01,2003,1,BAL,35,0,184,4.55,58,24,43
bauerri01,2004,1,BAL,23,2,161,4.7,49,20,37
bauerri01,2005,1,BAL,5,0,25,9.72,13,4,5
bauerri01,2006,1,TEX,58,1,213,3.55,73,25,35
bauerri01,2008,1,CLE,4,0,18,13.5,10,3,4
bauertr01,2012,1,ARI,4,4,49,6.06,14,13,17
bauertr01,2013,1,CLE,4,4,51,5.29,15,16,11
bauertr01,2014,1,CLE,26,26,459,4.18,151,60,143
bauertr01,2015,1,CLE,31,30,528,4.55,152,79,170
bauertr01,2016,1,CLE,35,28,570,4.26,179,70,168
bauertr01,2017,1,CLE,32,31,529,4.19,181,60,196
bauertr01,2018,1,CLE,28,27,526,2.21,134,57,221
bauertr01,2019,1,CLE,24,24,470,3.79,127,63,185
bauertr01,2019,2,CIN,10,10,169,6.39,57,19,68
bauertr01,2020,1,CIN,11,11,219,1.73,41,17,100
bauertr01,2021,1,LAN,17,17,323,2.59,71,37,137
baumabu01,2016,1,SDN,11,0,29,3.72,7,4,10
baumabu01,2017,1,SDN,23,0,53,2.55,11,7,21
baumabu01,2018,1,SDN,1,0,1,54.0,2,2,0
baumabu01,2018,2,NYN,3,0,9,24.0,7,5,4
baumami01,2021,1,BAL,4,0,30,9.9,13,6,5
baumami01,2022,1,BAL,13,4,103,4.72,43,9,23
baumami01,2023,1,BAL,60,0,194,3.76,52,33,61
baumami01,2024,1,BAL,17,0,55,3.44,18,9,16
baumami01,2024,2,SEA,18,0,49,5.51,13,8,16
baumami01,2024,3,SFN,1,0,2,27.0,3,0,1
baumami01,2024,4,LAA,10,0,28,6.75,14,4,7
baumami01,2024,5,MIA,11,0,41,6.59,11,7,18
bautide01,2004,1,BAL,2,0,6,36.0,6,2,1
bautide01,2004,2,KCA,5,5,83,6.51,38,11,18
bautide01,2005,1,KCA,7,7,107,5.8,36,17,23
bautide01,2006,1,KCA,8,7,105,5.66,38,17,22
bautide01,2006,2,COL,4,1,20,5.4,9,4,5
bautide01,2007,1,COL,9,1,26,12.46,18,4,8
bautide01,2008,1,DET,16,0,57,3.32,15,14,10
bautide01,2008,2,PIT,35,0,124,6.1,46,28,34
bautide01,2009,1,PIT,14,0,41,5.27,15,7,15
bautide01,2010,1,SFN,31,0,101,3.74,25,27,44
bautife01,2022,1,BAL,65,0,197,2.19,38,23,88
bautife01,2023,1,BAL,56,0,183,1.48,30,26,110
bautife01,2025,1,BAL,35,0,104,2.6,16,23,50
bautige01,2018,1,NYN,5,0,13,12.46,8,5,3
bautige01,2019,1,SEA,8,2,27,11.0,13,9,7
baylijo01,2005,1,KCA,11,0,35,4.63,7,4,10
baylijo01,2006,1,PIT,11,0,44,4.3,13,11,15
baylijo01,2007,1,PIT,39,0,113,8.36,51,18,29
bazared01,2021,1,BOS,2,0,9,0.0,1,2,3
bazared01,2022,1,BOS,12,0,49,2.76,12,4,11
bazared01,2023,1,BAL,3,0,7,15.43,6,0,1
bazared01,2023,2,SEA,9,0,41,2.63,9,4,14
bazared01,2024,1,SEA,23,0,83,4.88,20,9,33
bazared01,2025,1,SEA,73,0,236,2.52,53,27,82
bazaryo01,2005,1,MIA,1,0,5,21.6,5,2,2
bazaryo01,2007,1,DET,11,2,71,2.28,19,5,15
bazaryo01,2008,1,DET,3,0,9,24.0,7,5,3
bazaryo01,2009,1,HOU,10,6,96,7.88,37,22,17
bazsh01,2021,1,TB,3,3,40,2.03,6,3,18
bazsh01,2022,1,TB,6,6,81,5.0,27,9,30
bazsh01,2024,1,TB,14,14,238,3.06,57,27,69
bazsh01,2025,1,TB,31,31,499,4.87,158,64,176
beachbr01,2010,1,ATL,3,3,45,3.0,16,7,15
beachbr01,2011,1,ATL,25,25,425,3.68,125,46,169
beachbr01,2012,1,ATL,13,13,243,2.0,49,29,68
beachbr01,2013,1,ATL,5,5,90,4.5,27,4,23
beachbr01,2015,1,LAN,2,2,24,7.88,10,6,5
beamtj01,2006,1,NYA,20,0,54,8.5,26,6,12
beamtj01,2008,1,PIT,32,0,137,4.14,43,20,24
beanco01,2005,1,NYA,1,0,6,4.5,1,2,2
beanco01,2006,1,NYA,2,0,6,9.0,2,2,1
beanco01,2007,1,NYA,3,0,9,12.0,5,5,2
beaslje01,2020,1,ARI,1,0,1,0.0,2,0,1
beaslje01,2021,1,TOR,8,0,28,7.71,7,9,13
beaslje01,2022,1,TOR,9,0,45,4.8,14,5,19
beatope01,2011,1,NYN,60,0,201,4.3,59,27,39
beatope01,2012,1,NYN,7,0,13,10.38,5,2,5
beatope01,2012,2,BOS,4,0,23,4.7,6,3,7
beatope01,2013,1,BOS,10,0,30,3.6,12,2,5
beatope01,2014,1,ATL,3,0,13,0.0,3,3,3
beatope01,2017,1,PHI,1,0,2,0.0,0,0,1
beatyma01,2023,1,SFN,1,0,3,27.0,3,1,1
beavabl01,2011,1,SEA,15,15,291,4.27,106,15,42
beavabl01,2012,1,SEA,26,26,457,4.43,168,24,67
beavabl01,2013,1,SEA,12,2,119,6.13,46,8,27
beavabl01,2014,1,SEA,1,1,12,4.5,6,0,1
bechlst01,2002,1,BAL,3,0,14,13.5,6,4,3
beckch01,2011,1,TOR,3,0,7,0.0,1,0,3
beckch01,2012,1,TOR,14,0,47,6.32,21,5,9
beckch02,2015,1,CHA,1,1,18,6.0,10,4,3
beckch02,2016,1,CHA,25,0,76,6.39,31,17,20
beckch02,2017,1,CHA,57,0,194,6.4,73,34,42
beckch02,2018,1,CHA,14,0,71,4.18,24,11,16
beckch02,2018,2,NYN,6,0,31,5.23,10,9,5
beckejo02,2001,1,MIA,4,4,72,1.5,14,11,24
beckejo02,2002,1,MIA,23,21,323,4.1,93,44,113
beckejo02,2003,1,MIA,24,23,426,3.04,132,56,152
beckejo02,2004,1,MIA,26,26,470,3.79,137,54,152
beckejo02,2005,1,MIA,29,29,536,3.38,153,58,166
beckejo02,2006,1,BOS,33,33,614,5.01,191,74,158
beckejo02,2007,1,BOS,30,30,602,3.27,189,40,194
beckejo02,2008,1,BOS,27,27,523,4.03,173,34,172
beckejo02,2009,1,BOS,32,32,637,3.86,198,55,199
beckejo02,2010,1,BOS,21,21,383,5.78,151,45,116
beckejo02,2011,1,BOS,30,30,579,2.89,146,52,175
beckejo02,2012,1,BOS,21,21,382,5.23,131,38,94
beckejo02,2012,2,LAN,7,7,129,2.93,43,14,38
beckejo02,2013,1,LAN,8,8,130,5.19,50,15,41
beckejo02,2014,1,LAN,20,20,347,2.88,96,39,107
beckro01,2000,1,BOS,34,0,122,3.1,34,12,35
beckro01,2001,1,BOS,68,0,242,3.9,77,28,63
beckro01,2003,1,SDN,36,0,106,1.78,25,11,32
beckro01,2004,1,SDN,26,0,72,6.38,27,9,15
becktr01,2023,1,SFN,33,3,255,3.92,83,21,68
becktr01,2024,1,SFN,7,1,48,1.69,14,4,14
becktr01,2025,1,SFN,31,1,170,4.61,47,16,41
bedarer01,2002,1,BAL,2,0,2,13.5,2,0,1
bedarer01,2004,1,BAL,27,26,412,4.59,149,71,121
bedarer01,2005,1,BAL,24,24,425,4.0,139,57,125
bedarer01,2006,1,BAL,33,33,589,3.76,196,69,171
bedarer01,2007,1,BAL,28,28,546,3.16,141,57,221
bedarer01,2008,1,SEA,15,15,243,3.67,70,37,72
bedarer01,2009,1,SEA,15,15,249,2.82,65,34,90
bedarer01,2011,1,SEA,16,16,274,3.45,77,30,87
bedarer01,2011,2,BOS,8,8,114,4.03,41,18,38
bedarer01,2012,1,PIT,24,24,377,5.01,129,56,118
bedarer01,2013,1,HOU,32,26,453,4.59,149,75,138
bedarer01,2014,1,TB,17,15,227,4.76,84,29,64
bednada01,2019,1,SDN,13,0,33,6.55,10,5,14
bednada01,2020,1,SDN,4,0,19,7.11,11,2,5
bednada01,2021,1,PIT,61,0,182,2.23,40,19,77
bednada01,2022,1,PIT,45,0,155,2.61,42,16,69
bednada01,2023,1,PIT,66,0,202,2.0,53,21,80
bednada01,2024,1,PIT,62,0,173,5.77,54,28,58
bednada01,2025,1,PIT,42,0,114,2.37,32,10,51
bednada01,2025,2,NYA,22,0,74,2.19,14,9,35
bedroca01,2014,1,LAA,17,0,58,6.52,23,12,20
bedroca01,2015,1,LAA,34,0,100,5.4,40,19,34
bedroca01,2016,1,LAA,45,0,121,1.12,30,14,51
bedroca01,2017,1,LAA,48,0,134,4.43,41,17,53
bedroca01,2018,1,LAA,71,0,192,3.8,63,26,57
bedroca01,2019,1,LAA,59,7,184,3.23,48,22,64
bedroca01,2020,1,LAA,11,0,44,2.45,10,6,11
bedroca01,2021,1,CIN,6,0,17,11.12,10,6,7
bedroca01,2021,2,ATH,9,0,27,2.0,9,4,8
bedroca01,2021,3,PHI,11,1,31,4.35,8,7,8
beedety01,2018,1,SFN,2,2,23,8.22,9,8,9
beedety01,2019,1,SFN,24,22,351,5.08,127,46,113
beedety01,2021,1,SFN,1,0,3,27.0,2,0,2
beedety01,2022,1,SFN,6,0,29,4.66,14,6,4
beedety01,2022,2,PIT,25,5,155,5.23,57,23,35
beedety01,2024,1,CLE,13,0,42,8.36,16,9,18
beeksja01,2018,1,BOS,2,1,19,12.79,11,4,5
beeksja01,2018,2,TB,12,0,133,4.47,41,20,37
beeksja01,2019,1,TB,33,3,313,4.31,115,40,89
beeksja01,2020,1,TB,12,0,58,3.26,21,4,26
beeksja01,2022,1,TB,42,7,183,2.8,49,22,70
beeksja01,2023,1,TB,30,8,127,5.95,42,21,47
beeksja01,2024,1,COL,45,0,148,4.74,49,18,38
beeksja01,2024,2,PIT,26,0,62,3.92,28,9,17
beeksja01,2025,1,ARI,61,2,172,3.77,42,20,47
beeleda01,2014,1,CHN,2,2,33,3.27,10,7,6
beeleda01,2015,1,CHN,3,3,25,9.72,14,7,7
beetecl01,2024,1,NYA,3,0,11,4.91,4,1,5
beetecl01,2025,1,NYA,2,0,11,14.73,5,4,1
beetecl01,2025,2,WAS,24,0,65,2.49,8,14,32
beimejo01,2001,1,PIT,42,15,346,5.23,131,49,58
beimejo01,2002,1,PIT,53,8,256,4.64,88,45,53
beimejo01,2003,1,PIT,69,0,187,5.05,69,33,42
beimejo01,2004,1,MIN,3,0,5,43.2,8,2,2
beimejo01,2005,1,TB,7,0,33,3.27,15,4,3
beimejo01,2006,1,LAN,62,0,210,2.96,70,21,30
beimejo01,2007,1,LAN,83,0,202,3.88,63,24,39
beimejo01,2008,1,LAN,71,0,147,2.02,50,21,32
beimejo01,2009,1,WAS,45,0,119,3.4,38,15,24
beimejo01,2009,2,COL,26,0,47,4.02,19,4,11
beimejo01,2010,1,COL,71,0,135,3.4,46,15,21
beimejo01,2011,1,PIT,35,0,76,5.33,34,9,17
beimejo01,2014,1,SEA,56,0,135,2.2,39,14,25
beimejo01,2015,1,SEA,53,0,142,3.99,49,16,22
beirnke01,2000,1,CHA,29,1,149,6.7,50,20,41
beirnke01,2001,1,TOR,5,0,21,12.86,13,6,5
beirnke01,2002,1,LAN,12,3,87,3.41,26,17,17
belchti01,2000,1,LAA,9,9,122,6.86,45,22,22
belfimi01,2013,1,BAL,1,0,4,13.5,3,1,0
belinst01,2000,1,COL,46,0,107,7.07,39,17,40
belinst01,2000,2,ATL,10,0,33,9.82,16,5,11
belisma01,2003,1,CIN,6,0,26,5.19,10,2,6
belisma01,2005,1,CIN,60,5,257,4.41,101,26,59
belisma01,2006,1,CIN,30,2,120,3.6,43,19,26
belisma01,2007,1,CIN,30,30,533,5.32,212,43,125
belisma01,2008,1,CIN,6,6,89,7.28,47,6,14
belisma01,2009,1,COL,24,0,93,5.52,35,5,22
belisma01,2010,1,COL,76,0,276,2.93,84,16,91
belisma01,2011,1,COL,74,0,216,3.25,77,14,58
belisma01,2012,1,COL,80,0,240,3.71,91,18,69
belisma01,2013,1,COL,72,0,219,4.32,76,15,62
belisma01,2014,1,COL,66,1,194,4.87,74,19,43
belisma01,2015,1,SLN,34,0,101,2.67,34,15,25
belisma01,2016,1,WAS,40,0,138,1.76,43,7,32
belisma01,2017,1,MIN,62,0,181,4.03,48,22,54
belisma01,2018,1,CLE,8,0,32,5.06,9,1,4
belisma01,2018,2,MIN,25,0,71,9.13,40,10,21
belisro01,2009,1,LAN,69,0,212,2.04,52,29,64
belisro01,2010,1,LAN,59,0,166,5.04,52,19,38
belisro01,2012,1,LAN,68,0,213,2.54,47,29,69
belisro01,2013,1,LAN,77,0,204,3.97,72,28,49
belisro01,2014,1,CHA,62,0,199,5.56,78,18,47
belisro01,2015,1,TB,6,0,24,7.88,8,4,6
belitto01,2000,1,ATH,5,0,10,2.7,4,4,3
belitto01,2001,1,COL,8,0,28,7.71,9,3,5
belivje01,2012,1,CHN,22,0,53,4.58,21,12,17
belivje01,2013,1,TB,1,0,2,0.0,1,1,0
belivje01,2014,1,TB,30,0,72,2.63,19,7,28
belivje01,2015,1,TB,5,0,8,13.5,6,1,2
belivje01,2017,1,TOR,19,0,47,7.47,17,6,17
belivje01,2018,1,CLE,9,0,14,11.57,7,5,2
bellaan01,2015,1,TB,17,0,70,2.31,16,10,18
bellaan01,2021,1,MIA,3,0,10,13.5,6,2,4
bellaan01,2022,1,PHI,59,1,163,3.31,47,25,78
bellaan01,2023,1,PHI,27,0,74,5.11,25,12,25
bellch02,2017,1,DET,28,4,187,6.93,81,31,57
bellch02,2018,1,DET,3,0,22,8.59,14,2,7
bellde01,2000,1,NYN,1,0,3,36.0,3,3,0
bellhe01,2004,1,NYN,17,0,73,3.33,22,6,27
bellhe01,2005,1,NYN,42,0,140,5.59,56,13,43
bellhe01,2006,1,NYN,22,0,111,5.11,51,11,35
bellhe01,2007,1,SDN,81,0,281,2.02,60,30,102
bellhe01,2008,1,SDN,74,0,234,3.58,66,28,71
bellhe01,2009,1,SDN,68,0,209,2.71,54,24,79
bellhe01,2010,1,SDN,67,0,210,1.93,56,28,86
bellhe01,2011,1,SDN,64,0,188,2.44,51,21,51
bellhe01,2012,1,MIA,73,0,191,5.09,70,29,59
bellhe01,2013,1,ARI,69,0,197,4.11,74,16,72
bellhe01,2014,1,TB,13,0,52,7.27,24,8,12
bellobr01,2022,1,BOS,13,11,172,4.71,75,27,55
bellobr01,2023,1,BOS,28,28,471,4.24,165,45,132
bellobr01,2024,1,BOS,30,30,487,4.49,157,64,153
bellobr01,2025,1,BOS,29,28,500,3.35,147,59,124
bellova01,2024,1,MIA,13,13,206,3.67,69,21,44
bellova01,2025,1,MIA,32,6,244,4.65,85,23,54
bellro01,2000,1,CIN,26,26,421,5.0,130,73,112
bellro01,2001,1,CIN,9,9,133,5.48,46,17,33
bellro01,2001,2,TEX,18,18,316,7.18,130,47,64
bellro01,2002,1,TEX,17,15,282,6.22,113,35,70
bellro01,2003,1,TB,19,18,303,5.52,103,39,44
bellro01,2004,1,TB,24,19,369,4.46,121,41,57
bellro01,2005,1,TB,8,3,75,8.28,41,12,13
bellro01,2007,1,BAL,30,0,159,5.94,73,24,28
belltr01,2009,1,LAA,8,4,61,9.74,40,11,14
belltr01,2010,1,LAA,25,7,183,4.72,77,21,45
belltr01,2011,1,LAA,19,0,103,3.41,39,10,17
belltr01,2014,1,CIN,2,0,2,67.5,5,2,0
belowdu01,2011,1,DET,14,2,87,4.34,28,11,14
belowdu01,2012,1,DET,27,1,139,3.88,49,8,29
belowdu01,2013,1,MIA,2,0,8,10.13,6,2,2
beltrfr01,2002,1,CHN,11,0,36,7.5,14,16,11
beltrfr01,2004,1,CHN,34,0,105,4.63,27,22,40
beltrfr01,2004,2,WAS,11,0,43,7.53,20,5,8
beltrfr01,2008,1,DET,11,0,39,4.85,13,6,9
beltrom01,2010,1,TEX,2,2,21,9.0,9,7,9
beltrri01,2000,1,COL,1,1,4,40.5,6,3,1
beltrri01,2004,1,WAS,2,0,2,13.5,1,0,0
bemboan01,2020,1,LAA,1,0,3,0.0,0,1,0
bemboan01,2021,1,LAA,1,0,3,18.0,3,0,0
bendean01,2021,1,MIA,60,1,184,2.79,45,20,71
bendean01,2022,1,MIA,22,0,58,3.26,17,8,17
bendean01,2024,1,MIA,59,0,159,4.08,50,18,59
bendean01,2025,1,MIA,51,0,150,2.16,32,21,42
benesal01,2000,1,SLN,30,0,138,5.67,54,23,26
benesal01,2001,1,SLN,9,1,44,7.36,14,12,10
benesal01,2002,1,CHN,7,7,118,4.35,42,12,32
benesal01,2003,1,CHN,3,0,25,2.16,8,6,9
benesal01,2003,2,TEX,4,4,45,11.4,29,8,11
benesan01,2000,1,SLN,30,27,498,4.88,174,68,137
benesan01,2001,1,SLN,27,19,322,7.38,122,61,78
benesan01,2002,1,SLN,18,17,291,2.78,80,51,64
benitar01,2000,1,NYN,76,0,228,2.61,39,38,106
benitar01,2001,1,NYN,73,0,229,3.77,59,40,93
benitar01,2002,1,NYN,62,0,202,2.27,46,25,79
benitar01,2003,1,NYN,45,0,148,3.1,41,24,50
benitar01,2003,2,NYA,9,0,28,1.93,8,6,10
benitar01,2003,3,SEA,15,0,43,3.14,10,11,15
benitar01,2004,1,MIA,64,0,209,1.29,36,21,62
benitar01,2005,1,SFN,30,0,90,4.5,25,16,23
benitar01,2006,1,SFN,41,0,115,3.52,39,21,31
benitar01,2007,1,SFN,19,0,52,4.67,17,9,18
benitar01,2007,2,MIA,36,0,99,5.73,32,20,39
benitar01,2008,1,TOR,8,0,19,5.68,4,2,9
benjawe01,2020,1,TEX,8,1,67,4.84,24,7,21
benjawe01,2021,1,TEX,13,2,68,8.74,29,17,19
benneje01,2004,1,MIL,60,0,214,4.79,78,26,45
benneje01,2007,1,ATL,3,2,39,3.46,14,3,14
benneje01,2008,1,ATL,72,4,292,3.7,86,47,68
benneje01,2009,1,ATL,33,0,102,3.18,42,21,23
benneje01,2009,2,TB,11,0,38,9.95,24,11,4
benoijo01,2001,1,TEX,1,1,15,10.8,8,3,4
benoijo01,2002,1,TEX,17,13,254,5.31,91,58,59
benoijo01,2003,1,TEX,25,17,315,5.49,99,51,87
benoijo01,2004,1,TEX,28,15,309,5.68,113,31,95
benoijo01,2005,1,TEX,32,9,261,3.72,69,38,78
benoijo01,2006,1,TEX,56,0,239,4.86,68,38,85
benoijo01,2007,1,TEX,70,0,246,2.85,68,28,87
benoijo01,2008,1,TEX,44,0,135,5.0,40,35,43
benoijo01,2010,1,TB,63,0,181,1.34,30,11,75
benoijo01,2011,1,DET,66,0,183,2.95,47,17,63
benoijo01,2012,1,DET,73,0,213,3.68,59,22,84
benoijo01,2013,1,DET,66,0,201,2.01,47,22,73
benoijo01,2014,1,SDN,53,0,163,1.49,28,14,64
benoijo01,2015,1,SDN,67,0,196,2.34,36,23,63
benoijo01,2016,1,SEA,26,0,73,5.18,20,15,28
benoijo01,2016,2,TOR,25,0,71,0.38,17,9,24
benoijo01,2017,1,PHI,44,0,126,4.07,32,16,43
benoijo01,2017,2,PIT,8,0,25,7.56,11,6,3
bensokr01,2000,1,PIT,32,32,653,3.85,206,86,184
bensokr01,2002,1,PIT,25,25,391,4.7,152,50,79
bensokr01,2003,1,PIT,18,18,315,4.97,127,36,68
bensokr01,2004,1,PIT,20,20,397,4.22,137,44,83
bensokr01,2004,2,NYN,11,11,204,4.5,65,17,51
bensokr01,2005,1,NYN,28,28,523,4.13,171,49,95
bensokr01,2006,1,BAL,30,30,549,4.82,199,58,88
bensokr01,2009,1,TEX,8,2,67,8.46,33,12,11
bensokr01,2010,1,ARI,3,3,42,5.14,18,6,8
bentzch01,2004,1,WAS,36,0,83,5.86,23,23,18
bentzch01,2005,1,MIA,4,0,6,31.5,8,0,0
bereja01,2000,1,MIL,20,20,345,4.93,115,63,98
bereja01,2000,2,CLE,11,11,163,6.63,65,26,44
bereja01,2001,1,CHN,32,32,564,4.31,171,77,175
bereja01,2002,1,CHN,16,16,257,5.67,98,28,65
bereja01,2003,1,CLE,2,2,20,4.05,5,2,1
bergebr02,2009,1,BAL,19,19,370,3.43,126,32,65
bergebr02,2010,1,BAL,30,28,510,4.98,193,51,81
bergebr02,2011,1,BAL,34,12,303,5.7,119,32,61
bergebr02,2012,1,ARI,19,0,89,3.64,29,7,18
bergery01,2025,1,SDN,11,7,107,2.78,24,18,34
bergery01,2025,2,KCA,8,8,122,4.43,37,17,39
bergetr01,2019,1,SFN,21,0,59,5.49,18,9,18
bergetr01,2020,1,TOR,1,0,5,0.0,1,1,3
bergetr01,2020,2,ARI,7,0,20,4.05,4,8,8
bergetr01,2021,1,TOR,10,1,32,1.69,5,8,6
bergju01,2009,1,CHN,11,0,36,0.75,10,1,7
bergju01,2010,1,CHN,41,0,120,5.18,45,20,14
bergju01,2011,1,CHN,8,0,36,3.75,11,6,6
bergmch01,2014,1,COL,10,10,164,5.93,75,10,31
bergmch01,2015,1,COL,30,4,205,4.74,82,15,37
bergmch01,2016,1,COL,15,1,74,8.39,39,6,22
bergmch01,2017,1,SEA,13,8,162,5.0,61,15,33
bergmch01,2018,1,SEA,3,2,42,5.79,12,3,7
bergmdu01,2004,1,LAA,1,0,6,13.5,4,1,1
bergmja01,2005,1,WAS,15,1,59,2.75,14,11,21
bergmja01,2006,1,WAS,29,6,194,6.68,81,27,54
bergmja01,2007,1,WAS,21,21,346,4.45,99,42,86
bergmja01,2008,1,WAS,30,22,419,5.09,153,47,96
bergmja01,2009,1,WAS,56,0,144,4.5,50,25,40
bergmja01,2010,1,WAS,4,0,7,15.43,3,1,2
bergmse01,2000,1,MIN,15,14,204,9.66,111,33,35
berkeja01,2009,1,BAL,24,24,359,6.54,164,44,66
berkeja01,2010,1,BAL,41,0,187,3.03,64,19,45
berkeja01,2011,1,BAL,40,0,141,5.36,63,21,41
berkeja01,2012,1,BAL,1,0,3,18.0,6,1,0
berkeja01,2012,2,CHN,4,4,56,4.82,23,6,11
bermujo01,2024,1,MIA,3,1,20,8.1,11,2,4
bernabr01,2022,1,SEA,2,0,7,3.86,3,2,0
bernabr01,2023,1,BOS,55,6,152,3.2,48,18,58
bernabr01,2024,1,BOS,57,3,153,4.06,50,22,56
bernabr01,2025,1,BOS,55,3,155,3.14,39,26,43
bernead01,2000,1,DET,12,4,103,4.19,33,13,20
bernead01,2001,1,DET,5,0,37,7.3,13,4,8
bernead01,2002,1,DET,28,11,305,6.2,128,31,69
bernead01,2003,1,DET,18,17,302,6.08,104,41,54
bernead01,2003,2,COL,31,0,98,5.23,33,13,26
bernead01,2004,1,COL,16,2,97,5.57,36,17,21
bernead01,2005,1,ATL,36,0,141,6.51,61,12,37
bernead01,2006,1,PHI,1,1,6,36.0,7,2,0
bernead01,2006,2,KCA,3,2,39,1.38,15,0,12
berrijo01,2016,1,MIN,14,14,175,8.02,74,35,49
berrijo01,2017,1,MIN,26,25,437,3.89,131,48,139
berrijo01,2018,1,MIN,32,32,577,3.84,159,61,202
berrijo01,2019,1,MIN,32,32,601,3.68,194,51,195
berrijo01,2020,1,MIN,12,12,189,4.0,57,26,68
berrijo01,2021,1,MIN,20,20,365,3.48,95,32,126
berrijo01,2021,2,TOR,12,12,211,3.58,64,13,78
berrijo01,2022,1,TOR,32,32,516,5.23,199,45,149
berrijo01,2023,1,TOR,32,32,569,3.65,173,52,184
berrijo01,2024,1,TOR,32,32,577,3.6,168,54,153
berrijo01,2025,1,TOR,31,30,498,4.17,160,56,138
berropr01,2023,1,SEA,2,0,5,0.0,0,3,3
berropr01,2024,1,CHA,17,0,57,3.32,15,13,26
bertijo01,2025,1,CHN,4,0,11,7.36,4,4,0
betande01,2011,1,NYA,2,1,8,6.75,1,6,2
betande01,2013,1,NYA,6,0,15,10.8,9,2,10
betande01,2014,1,NYA,70,0,270,1.4,46,24,135
betande01,2015,1,NYA,74,0,252,1.5,45,40,131
betande01,2016,1,NYA,73,0,219,3.08,54,28,126
betande01,2017,1,NYA,66,0,179,2.87,29,44,100
betande01,2018,1,NYA,66,0,200,2.7,44,26,115
betande01,2019,1,NYA,1,0,2,0.0,0,0,2
betande01,2020,1,NYN,15,0,35,7.71,12,12,11
betande01,2021,1,NYN,1,0,3,9.0,0,1,1
betanra01,2003,1,CLE,33,0,114,2.13,27,13,36
betanra01,2004,1,CLE,68,0,200,3.92,71,18,76
betanra01,2005,1,CLE,54,0,203,2.79,57,17,73
betanra01,2006,1,CLE,50,0,170,3.81,52,11,48
betanra01,2007,1,CLE,68,0,238,1.47,51,9,80
betanra01,2008,1,CLE,69,0,213,5.07,76,25,64
betanra01,2009,1,CLE,29,0,92,3.52,25,15,32
betanra01,2009,2,COL,32,0,76,1.78,17,5,29
betanra01,2010,1,COL,72,0,187,3.61,52,8,89
betanra01,2011,1,COL,68,0,187,2.89,46,8,73
betanra01,2012,1,COL,60,0,173,2.81,53,12,57
betanra01,2013,1,COL,32,0,86,4.08,26,11,27
betanra01,2015,1,COL,45,0,118,6.18,43,12,40
bethach01,2016,1,SDN,2,0,5,0.0,1,3,1
bethach01,2017,1,SDN,4,0,11,14.73,6,8,2
bethach01,2022,1,ATH,1,0,3,0.0,0,1,0
bethach01,2022,2,TB,3,0,9,3.0,6,0,1
bethach01,2023,1,TB,1,0,1,81.0,3,0,0
bettial01,2021,1,MIL,4,1,30,13.5,18,3,5
bettich01,2013,1,COL,16,8,134,5.64,55,20,30
bettich01,2014,1,COL,21,0,74,9.12,42,10,13
bettich01,2015,1,COL,20,20,345,4.23,120,42,98
bettich01,2016,1,COL,32,32,558,4.79,204,59,138
bettich01,2017,1,COL,9,9,139,5.05,52,11,30
bettich01,2018,1,COL,27,20,361,5.01,121,47,80
bettich01,2019,1,COL,39,3,191,6.08,78,21,42
beverja01,2002,1,CLE,4,0,22,7.36,9,4,9
beverja01,2002,2,DET,3,3,37,9.49,18,5,7
biagijo01,2016,1,TOR,60,0,203,3.06,69,19,62
biagijo01,2017,1,TOR,44,18,359,5.34,125,42,97
biagijo01,2018,1,TOR,50,4,216,6.0,96,24,53
biagijo01,2019,1,TOR,50,0,150,3.78,50,17,50
biagijo01,2019,2,HOU,13,0,44,7.36,21,9,10
biagijo01,2020,1,HOU,4,0,13,20.77,10,4,4
biagijo01,2021,1,CHN,1,0,9,0.0,2,1,2
bibeeta01,2023,1,CLE,25,25,426,2.98,122,45,141
bibeeta01,2024,1,CLE,31,31,521,3.47,150,44,187
bibeeta01,2025,1,CLE,31,31,547,4.24,170,54,162
bibenau01,2017,1,TEX,24,6,208,4.67,74,20,38
bibenau01,2018,1,TEX,13,6,135,6.2,56,14,33
bickfph01,2020,1,MIL,1,0,3,36.0,4,0,2
bickfph01,2021,1,MIL,1,0,3,18.0,2,1,0
bickfph01,2021,2,LAN,56,0,151,2.5,34,18,59
bickfph01,2022,1,LAN,60,0,183,4.72,53,14,67
bickfph01,2023,1,LAN,36,0,126,5.14,38,26,48
bickfph01,2023,2,NYN,25,0,76,4.62,21,13,28
bickfph01,2024,1,NYA,8,0,25,8.64,10,1,6
biddlje01,2018,1,ATL,60,0,191,3.11,50,31,67
biddlje01,2019,1,ATL,15,0,35,5.4,18,10,11
biddlje01,2019,2,SEA,11,0,33,9.82,20,7,8
biddlje01,2019,3,TEX,4,0,16,11.81,4,5,7
biddlje01,2020,1,CIN,1,0,2,0.0,1,1,1
biddlje01,2021,1,ATL,8,0,32,8.44,10,8,11
biddlro01,2000,1,CHA,4,4,68,8.34,31,8,7
biddlro01,2001,1,CHA,30,21,386,5.39,137,52,85
biddlro01,2002,1,CHA,44,7,233,4.06,72,39,64
biddlro01,2003,1,WAS,73,0,215,4.65,71,40,54
biddlro01,2004,1,WAS,47,9,234,6.92,98,31,51
bidoos01,2023,1,PIT,16,9,152,5.86,55,21,48
bidoos01,2024,1,ATH,16,9,190,3.41,43,26,63
bidoos01,2025,1,ATH,26,10,239,5.87,93,35,68
biebesh01,2018,1,CLE,20,19,344,4.55,130,23,118
biebesh01,2019,1,CLE,34,33,643,3.28,186,40,259
biebesh01,2020,1,CLE,12,12,232,1.63,46,21,122
biebesh01,2021,1,CLE,16,16,290,3.17,84,33,134
biebesh01,2022,1,CLE,31,31,600,2.88,172,36,198
biebesh01,2023,1,CLE,21,21,384,3.8,124,34,107
biebesh01,2024,1,CLE,2,2,36,0.0,10,1,20
biebesh01,2025,1,TOR,7,7,121,3.57,34,7,37
bielabr01,2020,1,HOU,12,6,96,6.75,39,17,26
bielabr01,2021,1,HOU,28,2,150,4.5,48,21,46
bielabr01,2022,1,HOU,5,0,37,3.65,11,4,12
bielabr01,2023,1,HOU,15,13,240,3.83,86,36,62
bielabr01,2024,1,HOU,10,0,52,5.71,22,7,9
bielabr01,2024,2,ATH,6,0,37,4.38,17,6,5
bierbni01,2001,1,ARI,5,5,69,8.22,29,12,17
bierbni01,2001,2,TB,11,11,184,4.55,71,27,56
bierbni01,2003,1,TB,13,5,106,9.68,59,23,20
bierbni01,2003,2,CLE,5,0,24,6.75,5,4,9
bierbni01,2004,1,TEX,4,4,51,5.82,14,19,10
bierdra01,2008,1,BAL,29,0,110,4.91,48,19,25
biggehu01,2024,1,CHN,4,0,10,2.7,3,2,5
biggehu01,2024,2,TB,15,1,42,2.57,14,3,19
biggehu01,2025,1,TB,13,0,45,2.4,11,5,12
billibr02,2011,1,COL,1,0,6,4.5,5,0,0
billibr02,2011,2,ATH,3,0,15,12.6,8,6,7
billibr02,2014,1,NYA,1,0,12,9.0,4,1,7
billich01,2006,1,LAN,18,16,270,3.8,92,58,59
billich01,2007,1,LAN,43,20,441,3.31,131,64,141
billich01,2008,1,LAN,35,32,602,3.14,188,80,201
billich01,2009,1,LAN,33,32,589,4.03,173,86,179
billich01,2010,1,LAN,31,31,575,3.57,176,69,171
billich01,2011,1,LAN,32,32,564,4.21,189,84,152
billich01,2012,1,LAN,25,25,449,3.55,148,45,128
billich01,2013,1,LAN,2,2,36,3.0,12,5,6
billich01,2015,1,PHI,7,7,111,5.84,53,8,15
birdja01,2022,1,COL,38,0,143,4.91,45,23,42
birdja01,2023,1,COL,70,3,268,4.33,94,27,77
birdja01,2024,1,COL,35,0,120,4.5,43,25,31
birdja01,2025,1,COL,45,0,160,4.73,56,23,62
birdja01,2025,2,NYA,3,0,6,27.0,4,2,4
birdky01,2019,1,TEX,12,0,38,7.82,11,15,10
birdsha01,2024,1,SFN,16,16,216,4.75,57,43,88
birdsha01,2025,1,SFN,21,10,197,4.8,61,37,68
birkiku01,2006,1,BAL,35,0,93,4.94,25,16,27
birkiku01,2007,1,BAL,19,2,103,8.13,52,14,30
birkiku01,2008,1,TB,6,0,30,0.9,5,5,7
bisenjo01,2007,1,PHI,2,0,6,0.0,2,2,3
bisenjo01,2010,1,WAS,5,0,14,9.64,6,6,5
bivensp01,2024,1,SFN,27,2,146,3.14,47,11,37
bivensp01,2025,1,SFN,54,0,243,4.0,83,25,61
blachty01,2016,1,SFN,4,2,51,1.06,8,5,10
blachty01,2017,1,SFN,34,24,491,4.78,179,43,73
blachty01,2018,1,SFN,47,13,356,4.25,133,41,75
blachty01,2019,1,SFN,2,0,19,14.21,14,4,3
blachty01,2019,2,BAL,5,5,62,11.32,32,13,17
blachty01,2022,1,COL,24,1,133,5.89,51,11,29
blachty01,2023,1,COL,20,13,234,5.54,104,24,50
blachty01,2024,1,COL,20,12,214,6.94,103,18,36
blackma01,2024,1,SFN,9,8,109,6.44,46,15,31
blackma01,2025,1,SFN,1,0,12,6.75,5,0,5
blackni01,2007,1,MIN,6,0,35,7.71,19,2,8
blackni01,2008,1,MIN,33,33,580,4.05,224,39,96
blackni01,2009,1,MIN,33,33,617,4.03,240,41,98
blackni01,2010,1,MIN,28,26,483,5.42,194,40,68
blackni01,2011,1,MIN,26,26,445,4.49,183,54,76
blackni01,2012,1,MIN,19,19,296,7.39,143,26,42
blackpa01,2017,1,ATH,10,10,176,3.22,58,16,22
blackpa01,2018,1,ATH,6,6,83,7.16,33,6,19
blackpa01,2019,1,ATH,4,1,33,10.64,19,4,8
blackpa01,2020,1,ATH,1,1,7,27.0,5,2,2
blackpa01,2021,1,ATH,9,9,115,5.87,52,10,26
blackpa01,2022,1,ATH,21,21,334,4.28,110,30,89
blackpa01,2023,1,ATH,21,20,311,4.43,117,43,104
blackpa01,2024,1,ATH,9,9,153,4.41,45,14,38
blackpa01,2024,2,NYN,5,5,73,5.18,31,7,21
blackpa01,2025,1,NYN,7,4,71,6.85,31,8,18
blackpa01,2025,2,NYA,8,0,46,5.28,16,4,16
blackra01,2018,1,SFN,26,0,70,6.17,17,10,33
blackra01,2019,1,SFN,2,0,6,4.5,4,1,5
blackra01,2019,2,MIL,15,0,42,5.14,10,8,13
blackra01,2020,1,MIL,3,0,9,3.0,2,3,3
blacktr01,2004,1,SEA,6,6,78,10.04,35,22,16
blacktr01,2007,1,SFN,2,2,26,7.27,10,5,5
blacktr01,2012,1,SFN,4,0,15,9.0,7,2,2
blacktr01,2012,2,ATH,24,15,308,3.86,91,30,69
blacktr01,2013,1,HOU,42,0,105,4.89,30,20,29
blacktr01,2013,2,TEX,4,3,46,4.7,16,2,11
blackvi01,2013,1,PIT,3,0,12,4.5,6,2,3
blackvi01,2013,2,NYN,15,0,39,3.46,11,4,12
blackvi01,2014,1,NYN,41,0,104,2.6,26,19,32
blairaa01,2016,1,ATL,15,15,210,7.59,82,34,46
blairaa01,2017,1,ATL,1,1,9,15.0,5,5,3
blairwi01,2000,1,DET,47,17,470,4.88,185,35,74
blairwi01,2001,1,DET,9,4,72,10.5,38,11,15
blalobr01,2024,1,MIL,1,0,3,0.0,0,1,0
blalobr01,2024,2,COL,6,6,89,6.07,35,19,20
blalobr01,2025,1,COL,14,12,176,9.36,85,23,27
blancan01,2017,1,PHI,1,0,1,27.0,1,0,0
blancro01,2022,1,HOU,7,0,19,7.11,8,4,7
blancro01,2023,1,HOU,17,7,156,4.5,49,28,52
blancro01,2024,1,HOU,30,29,502,2.8,114,68,166
blancro01,2025,1,HOU,9,9,145,4.1,37,20,48
blandal01,2018,1,CIN,1,0,3,0.0,1,0,2
blandal01,2021,1,CIN,4,0,11,9.82,4,4,1
blandna01,2003,1,HOU,22,0,61,5.75,22,12,18
blankma01,2000,1,WAS,13,0,42,5.14,12,5,4
blankma01,2001,1,WAS,5,4,68,5.16,23,13,11
blantjo01,2004,1,ATH,3,0,24,5.63,6,2,6
blantjo01,2005,1,ATH,33,33,604,3.53,178,67,116
blantjo01,2006,1,ATH,32,31,583,4.82,241,58,107
blantjo01,2007,1,ATH,34,34,690,3.95,240,40,140
blantjo01,2008,1,ATH,20,20,381,4.96,145,35,62
blantjo01,2008,2,PHI,13,13,212,4.2,66,31,49
blantjo01,2009,1,PHI,31,31,586,4.05,198,59,163
blantjo01,2010,1,PHI,29,28,527,4.82,206,43,134
blantjo01,2011,1,PHI,11,8,124,5.01,52,9,35
blantjo01,2012,1,PHI,21,20,400,4.59,141,18,115
blantjo01,2012,2,LAN,10,10,173,4.99,66,16,51
blantjo01,2013,1,LAA,28,20,398,6.04,180,34,108
blantjo01,2015,1,KCA,15,4,125,3.89,43,7,40
blantjo01,2015,2,PIT,21,0,103,1.57,26,9,39
blantjo01,2016,1,LAN,75,0,240,2.48,55,26,80
blantjo01,2017,1,WAS,51,0,133,5.68,53,13,39
blazemi01,2013,1,SLN,11,0,31,6.97,10,10,10
blazemi01,2013,2,MIL,7,0,21,3.86,6,3,4
blazemi01,2015,1,MIL,45,0,167,2.43,40,18,47
blazemi01,2016,1,MIL,41,0,124,5.66,52,27,36
blazemi01,2017,1,MIL,5,1,26,8.31,12,1,7
blazemi01,2019,1,WAS,4,0,15,7.2,6,5,0
bleicje01,2018,1,ATH,2,0,1,54.0,2,0,1
bleieri01,2016,1,NYA,23,0,69,1.96,20,4,13
bleieri01,2017,1,BAL,57,0,190,1.99,62,13,26
bleieri01,2018,1,BAL,31,0,98,1.93,36,4,15
bleieri01,2019,1,BAL,53,1,166,5.37,65,8,30
bleieri01,2020,1,BAL,2,0,9,0.0,1,0,4
bleieri01,2020,2,MIA,19,0,41,2.63,13,4,7
bleieri01,2021,1,MIA,68,0,174,2.95,51,6,44
bleieri01,2022,1,MIA,55,1,152,3.55,63,10,32
bleieri01,2023,1,BOS,27,0,92,5.28,37,5,16
blevije01,2007,1,ATH,6,0,14,9.64,8,2,3
blevije01,2008,1,ATH,36,0,113,3.11,32,13,35
blevije01,2009,1,ATH,20,0,67,4.84,19,6,23
blevije01,2010,1,ATH,63,0,146,3.7,54,18,46
blevije01,2011,1,ATH,26,0,85,2.86,24,14,26
blevije01,2012,1,ATH,63,0,196,2.48,45,25,54
blevije01,2013,1,ATH,67,0,180,3.15,47,17,52
blevije01,2014,1,WAS,64,0,172,4.87,48,23,66
blevije01,2015,1,NYN,7,0,15,0.0,0,0,4
blevije01,2016,1,NYN,73,0,126,2.79,36,15,52
blevije01,2017,1,NYN,75,0,147,2.94,43,24,69
blevije01,2018,1,NYN,64,1,128,4.85,36,22,41
blevije01,2019,1,ATL,45,0,97,3.9,25,16,37
blewesc01,2020,1,KCA,2,0,9,6.0,6,1,4
blewesc01,2021,1,KCA,3,0,15,1.8,3,5,4
blewesc01,2024,1,MIN,12,0,61,1.77,17,8,18
blewesc01,2025,1,MIN,2,0,14,1.93,4,0,5
blewesc01,2025,2,BAL,13,1,70,6.17,25,8,17
blewesc01,2025,3,ATL,11,1,49,5.51,16,10,13
blossja01,2024,1,HOU,3,3,35,6.94,16,3,11
blubaaj01,2025,1,HOU,11,3,96,1.69,17,11,35
bochtdo01,2000,1,KCA,6,0,25,6.48,13,10,4
bochybr02,2014,1,SFN,3,0,10,5.4,1,2,3
bochybr02,2015,1,SFN,4,0,9,0.0,1,1,3
boehrbr01,2000,1,SDN,7,3,47,5.74,18,10,9
boehrbr01,2001,1,NYA,22,0,104,3.12,35,12,33
boehrbr01,2001,2,SFN,29,0,103,4.19,32,17,27
boehrbr01,2002,1,PIT,70,0,239,3.39,65,33,65
boehrbr01,2003,1,PIT,62,0,187,5.49,64,30,47
boehrbr01,2004,1,PIT,21,0,76,4.62,27,17,20
bogarti01,2000,1,HOU,2,0,6,4.5,2,1,1
boggsmi01,2008,1,SLN,8,6,102,7.41,42,22,13
boggsmi01,2009,1,SLN,16,9,174,4.19,71,33,46
boggsmi01,2010,1,SLN,61,0,202,3.61,60,27,52
boggsmi01,2011,1,SLN,51,0,182,3.56,62,21,48
boggsmi01,2012,1,SLN,78,0,220,2.21,56,21,58
boggsmi01,2013,1,SLN,18,0,44,11.05,21,15,11
boggsmi01,2013,2,COL,9,0,26,3.12,7,5,5
bogusbr01,2012,1,HOU,1,0,3,18.0,3,0,0
bohanbr01,2000,1,COL,34,26,531,4.68,181,79,98
bohanbr01,2001,1,COL,20,19,291,7.14,127,47,47
bolanro01,2019,1,SDN,5,3,59,5.95,17,12,19
bolanro01,2020,1,KCA,2,2,11,12.27,8,3,2
bolanro01,2021,1,KCA,3,0,19,1.42,4,2,10
bolanro01,2022,1,KCA,8,0,55,4.42,20,12,12
bolsimi01,2014,1,ARI,10,9,157,5.5,66,17,48
bolsimi01,2015,1,LAN,21,21,328,3.62,104,45,98
bolsimi01,2016,1,LAN,6,6,83,6.83,33,9,25
bolsimi01,2017,1,TOR,11,5,124,6.31,48,27,39
boltoco01,2023,1,PIT,16,0,64,6.33,30,15,22
boltoco01,2024,1,SEA,17,0,56,4.34,18,9,17
boltoco01,2025,1,CLE,1,0,6,13.5,4,0,1
bondeje01,2003,1,DET,33,28,486,5.56,193,58,108
bondeje01,2004,1,DET,33,32,552,4.89,168,73,168
bondeje01,2005,1,DET,29,29,567,4.57,199,57,145
bondeje01,2006,1,DET,34,34,642,4.08,214,64,202
bondeje01,2007,1,DET,28,28,523,5.01,193,48,145
bondeje01,2008,1,DET,12,12,214,4.29,75,36,44
bondeje01,2009,1,DET,8,1,31,8.71,16,8,5
bondeje01,2010,1,DET,30,29,513,5.53,187,60,112
bondeje01,2013,1,SEA,7,7,115,4.93,40,17,16
bondeje01,2013,2,DET,11,0,50,6.48,18,10,16
bonesri01,2000,1,MIA,56,0,232,4.54,94,27,59
bonesri01,2001,1,MIA,61,0,192,5.06,71,33,41
bongju01,2002,1,ATL,1,1,18,7.5,8,2,4
bongju01,2003,1,ATL,44,0,171,5.05,56,31,47
bongju01,2004,1,CIN,3,3,46,4.7,17,10,11
bonilbo01,2001,1,SLN,1,0,3,18.0,3,1,0
bonilli01,2014,1,TEX,5,3,62,3.05,13,12,17
bonilli01,2017,1,CIN,10,4,110,8.1,42,22,28
bonined01,2008,1,DET,5,5,80,5.4,36,5,9
bonined01,2009,1,DET,10,4,103,4.46,40,12,19
bonined01,2010,1,DET,47,1,204,4.63,84,22,26
bonsebo01,2006,1,MIN,18,18,301,4.22,104,24,84
bonsebo01,2007,1,MIN,31,30,519,5.1,199,65,136
bonsebo01,2008,1,MIN,47,12,355,5.93,139,36,97
bonsebo01,2010,1,BOS,2,0,6,18.0,6,2,0
bonsebo01,2010,2,ATH,13,0,69,5.09,27,6,17
bookech01,2005,1,CIN,3,0,6,31.5,6,4,2
bookech01,2006,1,KCA,1,0,3,54.0,5,3,0
bookech01,2006,2,WAS,10,0,22,3.68,5,1,7
bookech01,2007,1,WAS,3,0,3,18.0,1,1,1
booseca01,2024,1,BOS,43,0,128,3.38,41,16,43
booseca01,2025,1,CHA,39,0,93,5.52,28,19,35
bootcch01,2003,1,LAA,4,1,31,9.58,16,6,7
bootcch01,2005,1,LAA,5,2,56,3.38,19,4,8
bootcch01,2006,1,LAA,7,0,31,10.45,16,9,7
bootcch01,2007,1,LAA,51,0,232,4.77,81,24,56
bootcch01,2008,1,LAA,10,0,48,10.13,30,12,14
bootcch01,2009,1,PIT,13,0,44,11.05,16,9,13
bootcch01,2013,1,NYA,1,0,3,9.0,2,2,1
borbope02,2000,1,TOR,59,0,125,6.48,45,38,29
borbope02,2001,1,TOR,71,0,160,3.71,48,12,45
borbope02,2002,1,TOR,16,0,38,4.97,12,6,11
borbope02,2002,2,HOU,56,0,113,5.5,41,19,39
borbope02,2003,1,SLN,7,0,12,20.25,14,2,0
borkoda01,2000,1,DET,2,1,16,21.94,11,7,1
borkoda01,2001,1,DET,15,0,89,6.37,30,15,30
borkoda01,2004,1,BAL,17,8,168,5.14,65,15,45
borkoda01,2006,1,HOU,40,0,213,4.69,70,23,52
borkoda01,2007,1,HOU,64,0,215,5.15,76,34,63
borkoda01,2008,1,HOU,26,0,108,7.5,54,14,24
borlato02,2001,1,LAA,2,0,10,10.8,8,1,0
borlato02,2002,1,MIA,15,0,41,5.27,14,5,11
borlato02,2003,1,MIA,7,0,29,1.86,3,8,4
borlato02,2004,1,MIA,18,0,55,5.4,18,12,18
borowjo01,2001,1,CHN,1,1,5,32.4,6,3,1
borowjo01,2002,1,CHN,73,0,287,2.73,84,29,97
borowjo01,2003,1,CHN,68,0,205,2.63,53,19,66
borowjo01,2004,1,CHN,22,0,64,8.02,27,15,17
borowjo01,2005,1,CHN,11,0,33,6.55,12,1,11
borowjo01,2005,2,TB,32,0,106,3.82,26,11,16
borowjo01,2006,1,MIA,72,0,209,3.75,63,33,64
borowjo01,2007,1,CLE,69,0,197,5.07,77,17,58
borowjo01,2008,1,CLE,18,0,50,7.56,24,8,9
borucry01,2018,1,TOR,17,17,293,3.87,96,33,67
borucry01,2019,1,TOR,2,2,20,10.8,15,6,6
borucry01,2020,1,TOR,21,0,50,2.7,12,12,21
borucry01,2021,1,TOR,24,0,71,4.94,18,11,21
borucry01,2022,1,TOR,11,0,19,9.95,7,5,8
borucry01,2022,2,SEA,21,0,57,4.26,17,6,13
borucry01,2023,1,PIT,38,2,121,2.45,26,4,33
borucry01,2024,1,PIT,14,0,33,7.36,14,4,13
borucry01,2025,1,PIT,35,0,92,5.28,26,12,27
borucry01,2025,2,TOR,4,0,13,0.0,3,4,5
boscawi01,2016,1,PIT,6,1,46,6.46,15,7,8
boshebu01,2013,1,LAA,25,0,46,4.7,13,8,13
boshebu01,2016,1,MIN,37,0,108,4.25,35,7,37
boshebu01,2017,1,MIN,38,0,105,4.89,37,10,28
boshebu01,2019,1,TOR,28,1,60,4.05,20,10,26
bostiak01,2021,1,NYN,1,0,3,0.0,0,1,0
boteda01,2024,1,CHN,1,0,3,0.0,1,1,0
bottari01,2000,1,KCA,62,0,218,4.83,65,41,56
bottari01,2001,1,PHI,66,0,201,3.9,58,25,57
bottari01,2002,1,PHI,30,0,82,4.61,33,13,24
bottari01,2003,1,ARI,2,0,5,5.4,3,2,2
bottari01,2004,1,NYN,60,0,208,3.38,54,34,61
bottari01,2005,1,MIL,40,0,125,4.54,43,19,29
botteke01,2000,1,LAA,21,21,383,5.71,144,56,75
botteke01,2000,2,PHI,8,8,132,4.5,41,21,31
botteke01,2001,1,HOU,13,9,156,6.4,61,16,39
bourqja01,2019,1,WAS,1,0,2,54.0,3,2,0
bourqja01,2020,1,WAS,6,0,12,6.75,3,5,1
boushca01,2023,1,MIL,1,0,7,3.86,1,2,5
boushca01,2024,1,MIN,2,0,12,4.5,6,2,1
boushca01,2025,1,TEX,25,1,130,6.02,54,14,41
bowdebe01,2021,1,COL,39,0,107,6.56,44,21,42
bowdebe01,2025,1,ATH,11,0,32,4.22,9,5,7
bowdemi01,2008,1,BOS,1,1,15,3.6,7,1,3
bowdemi01,2009,1,BOS,8,1,48,9.56,23,6,12
bowdemi01,2010,1,BOS,14,0,46,4.7,20,4,13
bowdemi01,2011,1,BOS,14,0,60,4.05,19,11,17
bowdemi01,2012,1,BOS,2,0,9,3.0,2,1,3
bowdemi01,2012,2,CHN,30,0,110,2.95,30,16,29
bowdemi01,2013,1,CHN,34,0,113,4.3,32,15,23
bowerce01,2008,1,COL,5,0,20,13.5,11,5,5
bowerce01,2010,1,ATH,14,0,42,4.5,12,6,18
bowiemi01,2002,1,ATH,13,0,36,1.5,12,8,8
bowiemi01,2003,1,ATH,6,0,25,7.56,13,2,4
bowiemi01,2006,1,WAS,15,0,59,1.37,11,7,11
bowiemi01,2007,1,WAS,30,8,172,4.55,55,27,42
bowiemi01,2008,1,COL,10,0,24,9.0,11,3,5
bowlajo01,2023,1,KCA,2,1,9,3.0,5,0,3
bowlajo01,2024,1,KCA,1,1,8,13.5,6,3,3
bowlajo01,2025,1,KCA,34,1,133,3.86,37,17,46
bowlebr01,2001,1,TOR,2,0,11,0.0,4,1,4
bowlebr01,2002,1,TOR,17,0,60,4.05,13,14,19
bowlebr01,2003,1,TOR,5,0,21,2.57,8,2,2
bowmama01,2016,1,SLN,59,0,203,3.46,59,20,52
bowmama01,2017,1,SLN,75,0,176,3.99,52,18,46
bowmama01,2018,1,SLN,22,0,69,6.26,29,11,26
bowmama01,2019,1,CIN,27,0,96,3.66,27,13,25
bowmama01,2023,1,NYA,3,0,12,9.0,6,2,3
bowmama01,2024,1,MIN,5,0,23,2.35,2,4,6
bowmama01,2024,2,ARI,4,0,20,8.1,8,2,4
bowmama01,2024,3,SEA,1,0,2,13.5,1,1,0
bowmama01,2024,4,BAL,15,1,47,3.45,15,6,14
bowmama01,2025,1,BAL,20,0,74,6.2,31,6,18
bowyetr01,2005,1,MIN,8,0,29,5.59,10,3,12
boxbebr01,2012,1,SDN,24,0,83,2.6,22,18,33
boxbebr01,2013,1,SDN,18,0,66,2.86,19,13,24
boxbebr01,2014,1,TB,63,0,194,2.37,34,20,104
boxbebr01,2015,1,TB,69,0,189,3.71,54,32,74
boxbebr01,2016,1,TB,27,0,73,4.81,23,19,22
boxbebr01,2017,1,TB,30,0,88,3.38,23,11,40
boxbebr01,2018,1,ARI,60,0,160,4.39,44,32,71
boxbebr01,2019,1,KCA,29,0,80,5.4,25,17,27
boxbebr01,2020,1,MIA,23,0,54,3.0,17,8,18
boxbebr01,2021,1,MIL,71,0,194,3.34,44,25,83
boxbebr01,2022,1,MIL,70,0,192,2.95,52,27,68
boxbebr01,2023,1,CHN,22,0,60,4.95,15,11,17
boydja02,2000,1,PHI,30,0,103,6.55,39,24,32
boydja02,2002,1,SDN,23,0,85,7.94,33,15,18
boydja02,2003,1,CLE,44,0,157,4.3,38,26,31
boydja02,2004,1,PIT,12,0,39,5.54,13,8,12
boydma01,2015,1,TOR,2,2,20,14.85,15,1,7
boydma01,2015,2,DET,11,10,152,6.57,56,19,36
boydma01,2016,1,DET,20,18,292,4.53,97,29,82
boydma01,2017,1,DET,26,25,405,5.27,157,53,110
boydma01,2018,1,DET,31,31,511,4.39,146,51,159
boydma01,2019,1,DET,32,32,556,4.56,178,50,238
boydma01,2020,1,DET,12,12,181,6.71,67,22,60
boydma01,2021,1,DET,15,15,236,3.89,77,23,67
boydma01,2022,1,SEA,10,0,40,1.35,5,8,13
boydma01,2023,1,DET,15,15,213,5.45,69,25,73
boydma01,2024,1,CLE,8,8,119,2.72,32,13,46
boydma01,2025,1,CHN,31,31,539,3.21,154,42,154
boyerbl01,2005,1,ATL,43,0,113,3.11,32,17,33
boyerbl01,2006,1,ATL,2,0,2,40.5,4,1,0
boyerbl01,2007,1,ATL,5,0,16,3.38,10,1,3
boyerbl01,2008,1,ATL,76,0,216,5.88,73,25,67
boyerbl01,2009,1,ATL,3,0,4,40.5,3,3,2
boyerbl01,2009,2,SLN,15,0,49,4.41,14,5,9
boyerbl01,2009,3,ARI,30,0,111,2.68,39,12,18
boyerbl01,2010,1,ARI,54,0,171,4.26,59,29,29
boyerbl01,2011,1,NYN,5,0,20,10.8,13,1,1
boyerbl01,2014,1,SDN,32,0,121,3.57,34,8,29
boyerbl01,2015,1,MIN,68,0,195,2.49,62,19,33
boyerbl01,2016,1,MIL,61,0,198,3.95,80,17,26
boyerbl01,2017,1,BOS,32,0,124,4.35,50,14,33
boyerbl01,2018,1,KCA,21,0,65,12.05,32,13,9
boylejo01,2023,1,ATH,3,3,48,1.69,8,5,15
boylejo01,2024,1,ATH,13,10,143,6.42,42,40,56
boylejo01,2025,1,TB,13,9,156,4.67,43,28,58
brachbr01,2011,1,SDN,9,0,21,5.14,9,7,11
brachbr01,2012,1,SDN,67,0,200,3.78,50,33,75
brachbr01,2013,1,SDN,33,0,93,3.19,36,19,31
brachbr01,2014,1,BAL,46,0,187,3.18,48,25,54
brachbr01,2015,1,BAL,62,0,238,2.72,57,38,89
brachbr01,2016,1,BAL,71,0,237,2.05,57,25,92
brachbr01,2017,1,BAL,67,0,204,3.18,51,26,70
brachbr01,2018,1,BAL,42,0,117,4.85,50,19,38
brachbr01,2018,2,ATL,27,0,71,1.52,22,9,22
brachbr01,2019,1,CHN,42,0,119,6.13,42,28,45
brachbr01,2019,2,NYN,16,0,44,3.68,15,3,15
brachbr01,2020,1,NYN,14,0,37,5.84,8,14,14
brachbr01,2021,1,CIN,35,0,90,6.3,30,18,33
brachsi01,2015,1,ARI,13,0,37,1.46,9,4,17
brachsi01,2016,1,ARI,26,0,74,7.3,31,10,17
brachsi01,2017,1,ARI,21,0,62,5.66,18,7,25
brachsi01,2018,1,ARI,31,0,93,3.19,25,12,34
brachsi01,2020,1,ARI,1,0,3,18.0,2,0,1
brachsi01,2022,1,ATL,3,0,13,6.23,3,1,4
brachsi01,2023,1,CIN,5,0,22,3.68,5,6,6
brackan01,2011,1,NYA,3,0,7,0.0,1,3,0
braddza01,2010,1,MIL,46,0,101,2.94,29,19,41
braddza01,2011,1,MIL,25,0,52,7.27,16,11,18
bradeda01,2007,1,ATH,20,14,217,6.72,91,26,55
bradeda01,2008,1,ATH,19,10,215,4.14,77,25,41
bradeda01,2009,1,ATH,22,22,410,3.89,144,42,81
bradeda01,2010,1,ATH,30,30,578,3.5,180,43,113
bradeda01,2011,1,ATH,3,3,54,3.0,18,5,15
bradfch01,2000,1,CHA,12,0,41,1.98,13,1,9
bradfch01,2001,1,ATH,35,0,110,2.7,41,6,34
bradfch01,2002,1,ATH,75,0,226,3.11,73,14,56
bradfch01,2003,1,ATH,72,0,231,3.04,67,30,62
bradfch01,2004,1,ATH,68,0,177,4.42,51,24,34
bradfch01,2005,1,BOS,31,0,70,3.86,29,4,10
bradfch01,2006,1,NYN,70,0,186,2.9,59,13,45
bradfch01,2007,1,BAL,78,0,194,3.34,77,16,29
bradfch01,2008,1,BAL,47,0,121,2.45,41,7,13
bradfch01,2008,2,TB,21,0,57,1.42,18,8,4
bradfch01,2009,1,TB,20,0,31,4.35,22,2,6
bradfch02,2017,1,NYN,28,0,101,3.74,30,13,27
bradfch02,2018,1,SEA,46,0,161,3.69,55,14,38
bradfch02,2019,1,SEA,12,0,50,4.86,17,4,11
bradfco01,2023,1,TEX,20,8,168,5.3,56,12,51
bradfco01,2024,1,TEX,14,13,229,3.54,64,13,70
bradiky01,2022,1,BAL,23,23,353,4.9,119,46,111
bradiky01,2023,1,BAL,30,30,506,2.83,132,44,168
bradiky01,2024,1,BAL,8,8,118,2.75,27,15,53
bradiky01,2025,1,BAL,6,6,96,2.53,23,10,47
bradlar01,2015,1,ARI,8,8,107,5.8,36,22,23
bradlar01,2016,1,ARI,26,26,425,5.02,154,67,143
bradlar01,2017,1,ARI,63,0,219,1.73,55,21,79
bradlar01,2018,1,ARI,76,0,215,3.64,62,20,75
bradlar01,2019,1,ARI,66,1,215,3.52,67,36,87
bradlar01,2020,1,ARI,10,0,32,4.22,13,3,12
bradlar01,2020,2,CIN,6,0,23,1.17,4,0,6
bradlar01,2021,1,PHI,53,0,153,3.71,51,22,40
bradlar01,2022,1,LAA,21,0,56,4.82,17,7,15
bradlar01,2023,1,MIA,4,0,22,11.05,13,3,7
bradlja02,2022,1,BOS,1,0,3,9.0,1,3,1
bradlje01,2016,1,ATL,6,0,21,5.14,7,6,4
bradlta01,2023,1,TB,23,21,314,5.59,106,39,129
bradlta01,2024,1,TB,25,25,414,4.11,122,47,154
bradlta01,2025,1,TB,21,21,334,4.61,99,44,95
bradlta01,2025,2,MIN,6,6,94,6.61,32,12,32
bradymi01,2017,1,ATH,16,0,95,5.68,33,6,24
brantje01,2000,1,PHI,55,0,166,5.86,64,29,57
brantje01,2001,1,TEX,18,0,63,5.14,26,9,11
brantro01,2017,1,CHA,1,0,3,9.0,1,0,0
brashma01,2022,1,SEA,39,5,152,4.44,46,33,62
brashma01,2023,1,SEA,78,0,212,3.06,65,29,107
brashma01,2025,1,SEA,53,0,142,2.47,41,18,58
brasiry01,2013,1,LAA,7,0,27,2.0,7,4,7
brasiry01,2018,1,BOS,34,0,101,1.6,19,7,29
brasiry01,2019,1,BOS,62,0,167,4.85,51,21,61
brasiry01,2020,1,BOS,25,1,75,3.96,24,11,30
brasiry01,2021,1,BOS,13,0,36,1.5,12,4,9
brasiry01,2022,1,BOS,68,0,187,5.78,68,13,64
brasiry01,2023,1,BOS,20,0,63,7.29,24,9,18
brasiry01,2023,2,LAN,39,0,116,0.7,18,10,38
brasiry01,2024,1,LAN,29,4,84,3.54,22,5,25
brasiry01,2025,1,CHN,28,1,78,4.5,27,5,20
braulst01,2016,1,PIT,8,7,100,4.86,45,17,29
braulst01,2017,1,PIT,11,4,104,4.67,41,14,23
braulst01,2018,1,PIT,45,5,275,4.61,84,57,82
braulst01,2019,1,PIT,25,19,340,5.16,117,53,100
braulst01,2020,1,PIT,11,10,128,3.38,29,22,38
braulst01,2021,1,PIT,7,7,83,5.86,33,12,19
braulst01,2022,1,CHN,9,0,27,3.0,8,5,8
braunry01,2006,1,KCA,9,0,32,6.75,13,3,6
braunry01,2007,1,KCA,26,0,118,6.64,46,22,24
braybi01,2006,1,WAS,19,0,69,3.91,24,9,16
braybi01,2006,2,CIN,29,0,83,4.23,33,9,23
braybi01,2007,1,CIN,19,0,43,6.28,16,5,14
braybi01,2008,1,CIN,63,0,141,2.87,50,24,54
braybi01,2010,1,CIN,35,0,85,4.13,21,10,30
braybi01,2011,1,CIN,79,0,145,2.98,35,17,44
braybi01,2012,1,CIN,14,0,26,5.19,6,14,7
braymbe01,2020,1,WAS,3,1,22,1.23,7,5,8
brazede01,2002,1,TB,2,2,39,4.85,12,6,5
brazede01,2003,1,TB,10,10,145,6.89,57,23,24
brazede01,2004,1,TB,22,21,362,4.77,121,53,64
brazede01,2005,1,TB,20,8,213,7.61,87,60,43
brazede01,2006,1,SDN,9,2,54,12.0,28,9,9
brazohu01,2022,1,MIA,27,0,96,3.09,26,21,40
brazohu01,2023,1,MIA,50,0,176,4.14,53,31,65
brazohu01,2024,1,MIA,20,0,92,2.93,20,11,34
brazohu01,2024,2,NYN,19,0,63,5.14,18,14,17
brazohu01,2025,1,NYN,52,3,189,3.57,51,27,57
brazoyh01,2004,1,LAN,31,0,98,2.48,25,15,27
brazoyh01,2005,1,LAN,74,0,218,5.33,70,32,61
brazoyh01,2006,1,LAN,5,0,15,5.4,7,2,4
brazoyh01,2007,1,LAN,4,0,5,16.2,3,3,5
brazoyh01,2008,1,LAN,2,0,9,6.0,4,3,3
brazoyh01,2011,1,ARI,6,0,18,6.0,8,4,8
breale01,2000,1,BAL,6,1,27,11.0,12,10,5
breale01,2001,1,BAL,2,0,6,18.0,6,3,0
brebbjo01,2017,1,SLN,50,0,155,2.44,37,11,51
brebbjo01,2018,1,SLN,45,0,152,3.2,43,16,60
brebbjo01,2019,1,SLN,66,0,218,3.59,59,27,87
brebbjo01,2021,1,SFN,18,0,55,5.89,25,4,22
brebbjo01,2022,1,SFN,76,11,204,3.18,71,18,54
brebbjo01,2023,1,SFN,40,10,115,3.99,31,14,47
brebbjo01,2024,1,CHA,54,0,146,6.29,52,17,58
brebbjo01,2024,2,ATL,5,0,20,2.7,4,2,9
brebbjo01,2025,1,DET,19,0,56,7.71,22,11,20
brebbjo01,2025,2,ATL,3,0,14,7.71,6,1,6
brennbr01,2019,1,SEA,44,0,142,4.56,34,24,47
brennbr01,2020,1,SEA,5,0,22,3.68,7,5,7
brennbr01,2021,1,BOS,1,0,9,0.0,3,2,1
brentja01,2021,1,KCA,72,0,192,3.66,45,37,76
brentja01,2022,1,KCA,8,0,16,23.63,11,10,9
breslcr01,2005,1,SDN,14,0,49,2.2,15,13,14
breslcr01,2006,1,BOS,13,0,36,3.75,12,6,12
breslcr01,2008,1,CLE,7,0,25,3.24,10,5,7
breslcr01,2008,2,MIN,42,0,116,1.63,24,14,32
breslcr01,2009,1,MIN,17,0,43,6.28,11,11,11
breslcr01,2009,2,ATH,60,0,166,2.6,37,18,44
breslcr01,2010,1,ATH,75,0,224,3.01,53,29,71
breslcr01,2011,1,ATH,67,0,178,3.79,69,21,44
breslcr01,2012,1,ARI,40,0,130,2.7,38,13,42
breslcr01,2012,2,BOS,23,0,60,2.7,14,9,19
breslcr01,2013,1,BOS,61,0,179,1.81,49,18,33
breslcr01,2014,1,BOS,60,0,163,5.96,73,28,37
breslcr01,2015,1,BOS,45,2,195,4.15,69,23,46
breslcr01,2016,1,MIA,15,0,42,4.5,21,4,7
breslcr01,2017,1,MIN,30,0,93,5.23,38,12,18
breslcr01,2017,2,CLE,7,0,13,4.15,3,2,5
brewech01,2013,1,ARI,4,0,18,3.0,8,2,5
breweco01,2018,1,SDN,11,0,29,5.59,15,7,10
breweco01,2019,1,BOS,58,0,164,4.12,59,34,52
breweco01,2020,1,BOS,11,4,77,5.61,31,14,25
breweco01,2021,1,BOS,1,0,3,36.0,4,3,1
breweco01,2023,1,NYA,3,0,25,4.32,6,3,4
breweco01,2024,1,CHN,16,0,62,5.66,24,9,22
brewija01,2000,1,CLE,26,0,136,5.36,56,19,34
briceau01,2016,1,MIA,15,0,42,7.07,9,5,14
briceau01,2017,1,CIN,22,0,98,4.96,33,7,26
briceau01,2018,1,CIN,33,0,112,5.79,39,13,32
briceau01,2019,1,MIA,36,0,134,3.43,37,18,46
briceau01,2020,1,BOS,21,1,59,5.95,17,13,25
briceau01,2021,1,BOS,13,0,41,6.59,14,7,12
briceau01,2022,1,PIT,4,0,20,4.05,4,3,5
bridejo01,2025,2,MIN,4,0,18,15.0,14,3,2
bridwpa01,2016,1,BAL,2,0,10,13.5,5,1,3
bridwpa01,2017,1,LAA,21,20,363,3.64,115,30,73
bridwpa01,2018,1,LAA,5,1,20,17.55,14,2,3
briesbe01,2022,1,DET,15,15,245,4.19,73,25,54
briesbe01,2023,1,DET,25,1,105,3.6,36,12,31
briesbe01,2024,1,DET,46,12,203,3.59,55,30,69
briesbe01,2025,1,DET,22,1,66,6.55,24,12,16
brighja01,2015,1,ATL,12,0,50,8.64,28,8,12
brighje01,2018,1,MIA,4,4,49,6.06,16,13,12
brighje01,2019,1,MIA,32,0,115,4.46,36,14,39
brighje01,2020,1,MIA,1,0,3,9.0,2,0,0
brighje01,2022,1,MIA,16,0,72,3.38,22,10,28
brighje01,2023,1,NYN,37,0,113,5.26,26,18,42
brighje01,2025,1,ARI,4,0,10,8.1,7,1,3
bristbr01,2023,1,TB,1,0,9,0.0,0,1,4
bristbr01,2023,2,DET,2,0,12,4.5,5,3,1
britoeu01,2005,1,PHI,6,5,66,3.68,20,11,15
britoeu01,2006,1,PHI,5,2,55,7.36,21,12,9
britojh01,2023,1,NYA,25,13,271,4.28,82,28,72
britojh01,2024,1,SDN,26,0,131,4.12,49,10,29
brittch01,2006,1,BAL,52,0,161,3.35,46,17,41
brittch01,2007,1,NYA,11,0,38,3.55,9,4,5
brittch01,2008,1,NYA,15,0,69,5.09,28,11,12
brittdr01,2013,1,BOS,18,0,63,3.86,21,7,17
brittdr01,2014,1,BOS,7,0,20,0.0,5,2,4
brittza01,2011,1,BAL,28,28,463,4.61,162,62,97
brittza01,2012,1,BAL,12,11,181,5.07,61,32,53
brittza01,2013,1,BAL,8,7,120,4.95,52,17,18
brittza01,2014,1,BAL,71,0,229,1.65,46,23,62
brittza01,2015,1,BAL,64,0,197,1.92,51,14,79
brittza01,2016,1,BAL,69,0,201,0.54,38,18,74
brittza01,2017,1,BAL,38,0,112,2.89,39,18,29
brittza01,2018,1,BAL,16,0,47,3.45,11,10,13
brittza01,2018,2,NYA,25,0,75,2.88,18,11,21
brittza01,2019,1,NYA,66,0,184,1.91,38,32,53
brittza01,2020,1,NYA,20,0,57,1.89,12,7,16
brittza01,2021,1,NYA,22,0,55,5.89,17,14,16
brittza01,2022,1,NYA,3,0,2,13.5,1,6,1
broadla01,2007,1,CHA,4,1,31,0.87,5,5,14
broadla01,2008,1,CHA,7,1,42,7.07,20,5,7
broadla01,2009,1,CHA,8,0,48,5.06,19,9,9
broadla01,2009,2,NYN,8,0,44,6.75,19,6,9
broadmi01,2015,1,SFN,21,0,52,5.19,20,7,13
broadmi01,2016,1,SFN,4,0,16,11.81,9,1,4
brocado01,2000,1,DET,49,0,152,4.09,57,14,41
brocado01,2004,1,TEX,43,0,157,4.13,54,20,43
brocado01,2005,1,TEX,61,0,220,5.52,90,34,61
brocado01,2006,1,SDN,25,0,85,4.76,27,8,19
brocado01,2007,1,SDN,67,0,230,3.05,66,24,43
brocado01,2008,1,HOU,72,0,206,3.93,63,21,64
brocado01,2009,1,HOU,20,0,53,4.58,21,13,9
brockch01,2000,1,PHI,63,5,280,4.34,85,41,69
brockch01,2001,1,PHI,24,0,98,4.13,35,15,26
brockch01,2002,1,BAL,22,0,132,4.7,52,14,21
brodebr01,2011,1,WAS,11,0,37,6.57,16,3,4
brogdco01,2020,1,PHI,9,0,34,3.97,5,5,17
brogdco01,2021,1,PHI,56,1,173,3.43,47,18,50
brogdco01,2022,1,PHI,47,0,132,3.27,44,11,50
brogdco01,2023,1,PHI,27,1,87,4.03,29,13,26
brogdco01,2024,1,PHI,3,0,6,27.0,3,6,3
brogdco01,2024,2,LAN,1,0,3,18.0,2,0,0
brogdco01,2025,1,LAA,43,0,141,5.55,45,18,49
brohatr01,2001,1,ARI,59,0,148,4.93,55,23,30
brohatr01,2002,1,SFN,11,0,17,6.35,5,1,3
brohatr01,2003,1,LAN,12,0,35,3.86,10,4,13
brookaa01,2014,1,KCA,2,1,8,43.88,12,3,2
brookaa01,2015,1,KCA,2,0,13,6.23,6,0,3
brookaa01,2015,2,ATH,11,9,153,6.71,67,14,35
brookaa01,2018,1,ATH,3,0,8,0.0,1,2,1
brookaa01,2019,1,ATH,15,6,151,5.01,49,14,43
brookaa01,2019,2,BAL,14,12,179,6.18,69,20,39
brookaa01,2022,1,SLN,5,0,28,7.71,11,2,7
brookaa01,2024,1,ATH,5,4,80,5.06,33,8,12
brookfr01,2004,1,PIT,11,1,52,4.67,13,9,18
brookfr01,2005,1,ATL,1,0,1,0.0,1,0,0
brossmi01,2019,1,TB,3,0,12,4.5,5,0,0
brossmi01,2020,1,TB,1,0,1,0.0,0,0,1
brossmi01,2022,1,MIL,3,0,9,0.0,2,1,0
brossmi01,2023,1,MIL,3,0,7,3.86,1,1,0
brothre01,2011,1,COL,48,0,122,2.88,33,20,59
brothre01,2012,1,COL,75,0,203,3.86,63,37,83
brothre01,2013,1,COL,72,0,202,1.74,51,36,76
brothre01,2014,1,COL,74,0,169,5.59,65,39,55
brothre01,2015,1,COL,17,0,31,1.74,9,8,5
brothre01,2017,1,ATL,27,0,71,7.23,23,12,33
brothre01,2018,1,ATL,1,0,0,,0,2,0
brothre01,2020,1,CHN,3,0,10,8.1,2,3,8
brothre01,2021,1,CHN,57,0,159,5.26,41,35,75
broweji01,2000,1,CLE,17,11,186,6.24,80,31,32
broweji01,2001,1,CIN,46,10,388,3.97,119,60,94
broweji01,2002,1,CIN,22,0,118,3.89,38,10,24
broweji01,2002,2,WAS,30,0,123,4.83,39,22,33
broweji01,2003,1,SFN,51,5,300,3.96,90,39,65
broweji01,2004,1,SFN,89,0,279,3.29,90,36,63
broweji01,2005,1,SFN,32,0,91,6.53,40,15,25
broweji01,2005,2,ATL,37,0,90,4.2,33,17,28
broweji01,2006,1,BAL,12,0,37,13.86,21,13,9
broweji01,2006,2,SDN,6,0,23,9.39,11,1,5
broweji01,2007,1,NYA,3,0,10,13.5,8,2,1
brownan01,2006,1,CLE,9,0,30,3.6,6,8,7
brownan01,2007,1,ATH,33,0,125,4.54,38,17,43
brownan01,2008,1,ATH,31,0,105,3.09,23,21,28
brownba01,2012,1,SLN,22,0,58,5.12,18,7,11
brownbe01,2024,1,CHN,15,8,166,3.58,41,19,64
brownbe01,2025,1,CHN,25,15,319,5.92,121,32,121
brownbr02,2014,1,COL,28,0,78,2.77,20,5,21
brownbr02,2015,1,COL,36,0,99,4.91,32,16,20
browndu01,2009,1,BOS,1,0,3,9.0,2,0,1
brownhu01,2022,1,HOU,7,2,61,0.89,15,7,22
brownhu01,2023,1,HOU,31,29,467,5.09,157,55,178
brownhu01,2024,1,HOU,31,30,510,3.49,156,60,179
brownhu01,2025,1,HOU,31,31,556,2.43,133,57,206
brownja04,2004,1,BOS,4,0,23,5.87,15,4,6
brownke01,2000,1,LAN,33,33,690,2.58,181,47,216
brownke01,2001,1,LAN,20,19,347,2.65,94,38,104
brownke01,2002,1,LAN,17,10,191,4.81,68,23,58
brownke01,2003,1,LAN,32,32,633,2.39,184,56,185
brownke01,2004,1,NYA,22,22,396,4.09,132,35,83
brownke01,2005,1,NYA,13,13,220,6.5,107,19,50
brownma04,2000,1,PHI,2,0,15,7.2,7,3,3
brownmc01,2025,1,COL,7,7,77,7.36,30,17,23
broxtjo01,2005,1,LAN,14,0,41,5.93,13,12,22
broxtjo01,2006,1,LAN,68,0,229,2.59,61,33,97
broxtjo01,2007,1,LAN,83,0,246,2.85,69,25,99
broxtjo01,2008,1,LAN,70,0,207,3.13,54,27,88
broxtjo01,2009,1,LAN,73,0,228,2.61,44,29,114
broxtjo01,2010,1,LAN,64,0,187,4.04,64,28,73
broxtjo01,2011,1,LAN,14,0,38,5.68,15,9,10
broxtjo01,2012,1,KCA,35,0,107,2.27,36,14,25
broxtjo01,2012,2,CIN,25,0,67,2.82,20,3,20
broxtjo01,2013,1,CIN,34,0,92,4.11,27,12,25
broxtjo01,2014,1,CIN,51,0,145,1.86,32,17,37
broxtjo01,2014,2,MIL,11,0,31,4.35,9,2,12
broxtjo01,2015,1,MIL,40,0,110,5.89,41,10,37
broxtjo01,2015,2,SLN,26,0,71,2.66,20,12,26
broxtjo01,2016,1,SLN,66,0,182,4.3,52,24,57
broxtjo01,2017,1,SLN,20,0,47,6.89,23,11,16
brubajt01,2020,1,PIT,11,9,142,4.94,48,17,48
brubajt01,2021,1,PIT,24,24,373,5.36,123,38,129
brubajt01,2022,1,PIT,28,28,432,4.69,157,54,147
brubajt01,2025,1,NYA,12,0,48,3.38,10,9,10
brubajt01,2025,2,SFN,5,1,38,4.26,13,3,12
bruihju01,2021,1,LAN,21,2,56,2.89,13,7,11
bruihju01,2022,1,LAN,24,0,71,3.8,22,6,13
bruihju01,2023,1,LAN,20,0,73,4.07,24,8,19
bruihju01,2023,2,COL,7,0,11,14.73,4,3,3
bruihju01,2024,1,PIT,7,0,17,9.53,9,1,5
bruihju01,2025,1,TOR,15,0,41,5.27,19,7,18
brujavi01,2024,1,MIA,2,0,5,43.2,7,3,1
brujavi01,2025,3,ATL,2,0,6,13.5,4,1,0
brummty01,2012,1,PHI,1,0,2,0.0,2,0,2
brunebr01,2004,1,ARI,30,0,94,4.31,20,27,34
brunebr01,2005,1,ARI,47,0,138,7.43,56,35,51
brunebr01,2006,1,NYA,19,0,62,0.87,14,15,25
brunebr01,2007,1,NYA,58,0,150,4.68,44,37,39
brunebr01,2008,1,NYA,32,1,103,1.83,18,16,33
brunebr01,2009,1,NYA,44,0,117,3.92,36,23,36
brunebr01,2010,1,WAS,19,0,53,7.64,21,20,16
brunebr01,2011,1,CHA,23,0,59,6.86,26,12,16
brunebr01,2012,1,CHA,1,0,3,0.0,0,2,2
bruneju01,2000,1,SLN,4,0,14,5.79,8,5,2
bruskji01,2000,1,MIL,15,0,50,6.48,22,12,8
brzykza01,2024,1,WAS,6,0,17,14.29,9,3,4
brzykza01,2025,1,WAS,26,0,69,9.0,28,12,24
bubickr01,2020,1,KCA,10,10,150,4.32,52,22,49
bubickr01,2021,1,KCA,29,20,390,4.43,121,59,114
bubickr01,2022,1,KCA,28,27,387,5.58,156,63,110
bubickr01,2023,1,KCA,3,3,48,3.94,19,2,16
bubickr01,2024,1,KCA,27,0,91,2.67,26,5,39
bubickr01,2025,1,KCA,20,20,349,2.55,98,39,116
buchada01,2014,1,PHI,20,20,353,3.75,120,32,71
buchada01,2015,1,PHI,15,15,224,6.99,109,29,44
buchada01,2024,1,CIN,1,0,10,2.7,2,2,1
buchaja01,2014,1,HOU,17,2,106,4.58,41,12,20
buchaja01,2015,1,HOU,5,0,27,2.0,5,4,5
buchaja01,2016,1,CHN,2,1,18,1.5,3,1,4
buchaja01,2017,1,CIN,5,0,43,8.16,24,7,4
buchhcl01,2007,1,BOS,4,3,68,1.59,14,10,22
buchhcl01,2008,1,BOS,16,15,228,6.75,93,41,72
buchhcl01,2009,1,BOS,16,16,276,4.21,91,36,68
buchhcl01,2010,1,BOS,28,28,521,2.33,142,67,120
buchhcl01,2011,1,BOS,14,14,248,3.48,76,31,60
buchhcl01,2012,1,BOS,29,29,568,4.56,187,64,129
buchhcl01,2013,1,BOS,16,16,325,1.74,75,36,96
buchhcl01,2014,1,BOS,28,28,511,5.34,182,54,132
buchhcl01,2015,1,BOS,18,18,340,3.26,114,23,107
buchhcl01,2016,1,BOS,37,21,418,4.78,130,55,93
buchhcl01,2017,1,PHI,2,2,22,12.27,16,3,5
buchhcl01,2018,1,ARI,16,16,295,2.01,80,22,81
buchhcl01,2019,1,TOR,12,12,177,6.56,72,16,39
buchhta01,2006,1,HOU,22,19,339,5.89,107,34,77
buchhta01,2007,1,COL,41,8,281,4.23,105,20,61
buchhta01,2008,1,COL,63,0,199,2.17,45,18,56
buchhta01,2010,1,COL,7,0,30,4.5,10,6,9
buchhta01,2010,2,TOR,2,0,6,0.0,0,0,0
buchhta01,2011,1,NYN,23,0,78,3.12,22,7,26
buchtry01,2014,1,ATL,1,0,3,0.0,0,1,1
buchtry01,2016,1,SDN,67,0,189,2.86,34,31,78
buchtry01,2017,1,SDN,42,0,115,3.05,28,18,47
buchtry01,2017,2,KCA,29,0,81,2.67,16,8,18
buchtry01,2018,1,ATH,54,0,118,2.75,32,15,41
buchtry01,2019,1,ATH,64,0,136,2.98,42,23,50
buchtry01,2020,1,LAA,10,0,18,4.5,5,6,8
buchtry01,2021,1,ARI,18,0,49,6.61,16,13,16
bucknbi02,2007,1,KCA,7,5,102,5.29,37,16,17
bucknbi02,2008,1,ARI,10,0,42,3.21,16,4,11
bucknbi02,2009,1,ARI,16,13,232,6.4,94,29,64
bucknbi02,2010,1,ARI,3,3,39,11.08,26,5,11
bucknbi02,2013,1,LAA,7,2,52,4.67,17,7,7
bucknbi02,2014,1,SDN,1,1,17,4.76,6,4,4
buddimi01,2000,1,MIL,5,0,18,4.5,8,1,5
buddimi01,2001,1,MIL,31,0,125,3.89,34,17,22
buddimi01,2002,1,MIL,25,0,119,4.54,46,21,28
buehlwa01,2017,1,LAN,8,0,28,7.71,11,8,12
buehlwa01,2018,1,LAN,24,23,412,2.62,95,37,151
buehlwa01,2019,1,LAN,30,30,547,3.26,153,37,215
buehlwa01,2020,1,LAN,8,8,110,3.44,24,11,42
buehlwa01,2021,1,LAN,33,33,623,2.47,149,52,212
buehlwa01,2022,1,LAN,12,12,195,4.02,67,17,58
buehlwa01,2024,1,LAN,16,16,226,5.38,89,28,64
buehlwa01,2025,1,BOS,23,22,337,5.45,120,55,84
buehlwa01,2025,2,PHI,3,2,41,0.66,10,6,8
buehrma01,2000,1,CHA,28,3,154,4.21,55,19,37
buehrma01,2001,1,CHA,32,32,664,3.29,188,48,126
buehrma01,2002,1,CHA,34,34,717,3.58,236,61,134
buehrma01,2003,1,CHA,35,35,691,4.14,250,61,119
buehrma01,2004,1,CHA,35,35,736,3.89,257,51,165
buehrma01,2005,1,CHA,33,33,710,3.12,240,40,149
buehrma01,2006,1,CHA,32,32,612,4.99,247,48,98
buehrma01,2007,1,CHA,30,30,603,3.63,208,45,115
buehrma01,2008,1,CHA,34,34,656,3.79,240,52,140
buehrma01,2009,1,CHA,33,33,640,3.84,222,45,105
buehrma01,2010,1,CHA,33,33,631,4.28,246,49,99
buehrma01,2011,1,CHA,31,31,616,3.59,221,45,109
buehrma01,2012,1,MIA,31,31,607,3.74,197,40,125
buehrma01,2013,1,TOR,33,33,611,4.15,223,51,139
buehrma01,2014,1,TOR,32,32,606,3.39,228,46,119
buehrma01,2015,1,TOR,32,32,596,3.81,214,33,91
buenofr01,2008,1,ATL,1,0,7,7.71,5,1,1
buenofr01,2012,1,KCA,18,0,52,1.56,16,2,7
buenofr01,2013,1,KCA,7,0,25,0.0,4,2,5
buenofr01,2014,1,KCA,30,0,97,4.18,36,7,20
buentja01,2010,1,MIA,8,0,33,6.55,16,11,9
buentja01,2011,1,MIA,1,1,9,9.0,5,3,1
buentja01,2011,2,TB,1,0,6,9.0,2,2,1
bukaujb01,2021,1,ARI,21,0,52,7.79,24,7,14
bukaujb01,2023,1,SEA,1,0,3,9.0,2,2,1
bukaujb01,2023,2,MIL,5,0,18,0.0,4,1,6
bukaujb01,2024,1,MIL,6,0,18,1.5,3,1,6
bukviry01,2002,1,KCA,26,0,75,6.12,26,19,20
bukviry01,2003,1,KCA,9,0,31,9.58,12,9,8
bukviry01,2004,1,KCA,9,0,22,3.68,4,7,7
bukviry01,2005,1,TEX,4,0,12,11.25,2,6,4
bukviry01,2007,1,CHA,45,0,107,5.05,36,24,18
bukviry01,2008,1,BAL,4,0,16,6.75,9,6,5
bulgeja01,2005,1,ARI,9,0,30,5.4,14,5,9
bulgeja01,2006,1,LAA,2,0,5,16.2,1,3,1
bulgeja01,2007,1,LAA,6,0,19,2.84,5,3,8
bulgeja01,2008,1,LAA,14,0,48,7.31,15,9,20
bulgeja01,2009,1,LAA,64,0,197,3.56,46,30,68
bulgeja01,2010,1,LAA,25,0,72,4.88,25,15,25
bulgeja01,2011,1,LAA,5,0,28,0.96,6,10,7
bullibr01,2005,1,PIT,1,0,4,13.5,1,1,1
bullibr01,2007,1,PIT,5,3,51,5.29,24,5,7
bullibr01,2008,1,CLE,3,2,44,4.91,15,2,12
bullibr01,2009,1,TOR,4,0,18,3.0,7,6,5
bullibr01,2010,1,KCA,13,5,128,6.12,51,17,29
bulliki01,2000,1,PHI,3,0,10,5.4,4,0,4
bulliki01,2003,1,HOU,7,0,24,6.75,7,1,5
bulliki01,2004,1,HOU,27,0,92,6.16,36,10,11
bumgama01,2009,1,SFN,4,1,30,1.8,8,3,10
bumgama01,2010,1,SFN,18,18,333,3.0,119,26,86
bumgama01,2011,1,SFN,33,33,614,3.21,202,46,191
bumgama01,2012,1,SFN,32,32,625,3.37,183,49,191
bumgama01,2013,1,SFN,31,31,604,2.77,146,62,199
bumgama01,2014,1,SFN,33,33,652,2.98,194,43,219
bumgama01,2015,1,SFN,32,32,655,2.93,181,39,234
bumgama01,2016,1,SFN,34,34,680,2.74,179,54,251
bumgama01,2017,1,SFN,17,17,333,3.32,101,20,101
bumgama01,2018,1,SFN,21,21,389,3.26,118,43,109
bumgama01,2019,1,SFN,34,34,623,3.9,191,43,203
bumgama01,2020,1,ARI,9,9,125,6.48,47,13,30
bumgama01,2021,1,ARI,26,26,439,4.67,134,39,124
bumgama01,2022,1,ARI,30,30,476,4.88,179,49,112
bumgama01,2023,1,ARI,4,4,50,10.26,25,15,10
bummeaa01,2017,1,CHA,30,0,66,4.5,13,15,17
bummeaa01,2018,1,CHA,37,0,95,4.26,40,10,35
bummeaa01,2019,1,CHA,58,0,203,2.13,43,24,60
bummeaa01,2020,1,CHA,9,0,28,0.96,5,5,14
bummeaa01,2021,1,CHA,62,0,169,3.51,42,29,75
bummeaa01,2022,1,CHA,32,0,80,2.36,30,10,30
bummeaa01,2023,1,CHA,61,0,175,6.79,53,36,78
bummeaa01,2024,1,ATL,56,0,166,3.58,61,18,69
bummeaa01,2025,1,ATL,42,2,163,3.81,51,17,51
bumpna01,2003,1,MIA,32,0,109,4.71,34,20,17
bumpna01,2004,1,MIA,50,2,221,5.01,86,32,44
bumpna01,2005,1,MIA,31,0,114,4.03,43,12,18
bundydy01,2012,1,BAL,2,0,5,0.0,1,1,0
bundydy01,2016,1,BAL,36,14,329,4.02,109,42,104
bundydy01,2017,1,BAL,28,28,509,4.24,152,51,152
bundydy01,2018,1,BAL,31,31,515,5.45,188,54,184
bundydy01,2019,1,BAL,30,30,485,4.79,161,58,162
bundydy01,2020,1,LAA,11,11,197,3.29,51,17,72
bundydy01,2021,1,LAA,23,19,272,6.06,89,34,84
bundydy01,2022,1,MIN,29,29,420,4.89,151,28,94
burawda01,2015,1,NYA,1,0,2,54.0,3,1,1
burawda01,2015,2,ATL,12,0,37,3.65,8,4,10
burbada01,2000,1,CLE,32,32,574,4.47,199,91,180
burbada01,2001,1,CLE,32,27,452,6.21,188,54,118
burbada01,2002,1,TEX,23,18,334,5.42,125,40,70
burbada01,2002,2,CLE,12,3,102,4.5,30,17,25
burbada01,2003,1,MIL,17,2,130,3.53,42,19,35
burbada01,2004,1,MIL,45,0,212,4.08,63,24,47
burbada01,2004,2,SFN,6,0,19,5.68,7,2,3
burdini01,2018,1,PIT,2,0,4,20.25,3,2,2
burdini01,2019,1,PIT,11,0,26,9.35,11,3,17
burdini01,2020,1,PIT,3,0,7,3.86,2,2,4
burdini01,2023,1,CHN,3,0,9,9.0,3,3,4
burdini01,2024,1,NYA,12,0,29,1.86,5,9,12
burdini01,2025,1,BOS,4,0,16,0.0,5,2,5
burdiza01,2020,1,CHA,8,0,22,11.05,11,3,11
burdiza01,2021,1,CHA,6,0,27,6.0,13,4,6
burdiza01,2021,2,BAL,1,0,3,0.0,0,1,1
burdiza01,2023,1,TB,3,0,12,11.25,6,2,5
burgoam01,2005,1,KCA,59,0,190,3.98,60,31,65
burgoam01,2006,1,KCA,68,1,220,5.52,83,37,72
burgoam01,2007,1,NYN,17,0,71,3.42,17,9,19
burgoen02,2015,1,ARI,30,0,81,4.67,27,15,39
burgoen02,2016,1,ARI,43,0,124,5.66,38,23,43
burgohi01,2013,1,MIL,6,6,88,6.44,38,11,18
burgoju01,2025,1,SEA,4,0,20,4.05,7,2,8
burgoju01,2025,2,ARI,9,0,20,8.1,10,6,6
burgora01,2024,1,SFN,1,0,3,9.0,3,1,1
burkebr01,2019,1,TEX,6,6,80,7.43,30,11,14
burkebr01,2022,1,TEX,52,0,247,1.97,63,24,90
burkebr01,2023,1,TEX,53,0,179,4.37,64,9,52
burkebr01,2024,1,TEX,13,0,41,9.22,21,9,16
burkebr01,2024,2,LAA,21,1,61,3.54,16,7,25
burkebr01,2025,1,LAA,69,1,185,3.36,58,18,52
burkegr01,2009,1,SDN,48,0,137,4.14,48,23,33
burkegr01,2013,1,NYN,32,0,95,5.68,43,15,28
burkeja02,2008,1,SEA,1,0,3,9.0,1,0,0
burkejo03,2000,1,ATL,31,22,403,4.89,162,51,110
burkejo03,2001,1,ATL,34,34,658,3.04,187,70,187
burkejo03,2002,1,BOS,29,29,519,4.53,199,50,124
burkejo03,2003,1,BOS,32,30,545,5.15,202,47,107
burkese01,2024,1,CHA,4,3,57,1.42,12,7,22
burkese01,2025,1,CHA,28,22,403,4.22,131,63,133
burleal01,2023,1,SLN,2,0,5,21.6,8,0,1
burleal01,2025,1,SLN,1,0,3,0.0,1,0,0
burneaj01,2000,1,MIA,13,13,248,4.79,80,44,57
burneaj01,2001,1,MIA,27,27,520,4.05,145,83,128
burneaj01,2002,1,MIA,31,29,613,3.3,153,90,203
burneaj01,2003,1,MIA,4,4,69,4.7,18,18,21
burneaj01,2004,1,MIA,20,19,360,3.68,102,38,113
burneaj01,2005,1,MIA,32,32,627,3.44,184,79,198
burneaj01,2006,1,TOR,21,21,407,3.98,138,39,118
burneaj01,2007,1,TOR,25,25,497,3.75,131,66,176
burneaj01,2008,1,TOR,35,34,664,4.07,211,86,231
burneaj01,2009,1,NYA,33,33,621,4.04,193,97,195
burneaj01,2010,1,NYA,33,33,560,5.26,204,78,145
burneaj01,2011,1,NYA,33,32,571,5.15,190,83,173
burneaj01,2012,1,PIT,31,31,607,3.51,189,62,180
burneaj01,2013,1,PIT,30,30,573,3.3,165,67,209
burneaj01,2014,1,PHI,34,34,641,4.59,205,96,190
burneaj01,2015,1,PIT,26,26,492,3.18,174,49,143
burneal01,2010,1,MIN,41,0,143,5.29,52,23,37
burneal01,2011,1,MIN,66,0,152,5.51,50,21,33
burneal01,2012,1,MIN,67,0,215,3.52,71,26,36
burneal01,2013,1,BAL,2,0,4,20.25,4,2,2
burneal01,2013,2,CHN,1,0,3,0.0,1,0,0
burneco01,2018,1,MIL,30,0,114,2.61,27,11,35
burneco01,2019,1,MIL,32,4,147,8.82,70,20,70
burneco01,2020,1,MIL,12,9,179,2.11,37,24,88
burneco01,2021,1,MIL,28,28,501,2.43,123,34,234
burneco01,2022,1,MIL,33,33,606,2.94,144,51,243
burneco01,2023,1,MIL,32,32,581,3.39,141,66,200
burneco01,2024,1,BAL,32,32,583,2.92,165,48,181
burneco01,2025,1,ARI,11,11,193,2.66,49,26,63
burnese01,2004,1,PIT,13,13,215,5.02,86,28,30
burnese01,2008,1,PIT,58,0,170,4.76,57,34,42
burnese01,2009,1,PIT,38,0,97,3.06,22,15,23
burnese01,2009,2,WAS,33,0,76,3.2,14,13,20
burnese01,2010,1,WAS,73,0,189,2.14,52,20,62
burnese01,2011,1,WAS,69,0,170,3.81,54,21,33
burnese01,2012,1,WAS,70,0,170,2.38,58,12,57
burnese01,2013,1,LAA,13,0,29,0.93,9,4,7
burnese01,2014,1,LAA,3,0,2,13.5,1,0,0
burnese01,2016,1,WAS,10,0,17,3.18,5,1,3
burnsan01,2021,1,LAN,1,0,3,18.0,3,0,1
burnsch01,2025,1,CIN,13,8,130,4.57,41,16,67
burnsco01,2012,1,SDN,17,0,54,5.5,26,10,18
burnsco01,2013,1,TEX,10,0,34,3.18,12,7,5
burnsmi01,2005,1,HOU,27,0,93,4.94,29,8,20
burnsmi01,2006,1,CIN,11,0,40,8.78,30,3,9
burnsmi01,2006,2,BOS,7,0,23,4.7,10,1,7
burnsmi01,2009,1,MIL,15,8,155,5.75,60,17,39
burrebr01,2006,1,BAL,11,0,24,2.25,6,1,6
burrebr01,2007,1,BAL,37,17,363,5.95,140,66,96
burrebr01,2008,1,BAL,31,22,389,6.04,165,50,63
burrebr01,2009,1,TOR,2,2,19,14.21,12,5,4
burrebr01,2010,1,PIT,20,13,238,4.99,87,34,45
burrebr01,2011,1,PIT,5,2,42,3.86,12,4,10
burrobe01,2020,1,DET,5,0,20,5.4,8,1,3
burrobe01,2021,1,DET,1,0,5,21.6,2,2,3
burrobe01,2021,2,MIN,5,1,28,12.54,14,8,5
burromi01,2024,1,PIT,1,0,10,2.7,2,3,2
burromi01,2025,1,PIT,23,19,288,3.94,88,31,97
burrose01,2005,1,SDN,1,0,3,27.0,4,0,0
burrry01,2018,1,CHA,8,0,29,7.45,12,6,6
burrry01,2019,1,CHA,16,1,59,4.58,17,8,20
burrry01,2021,1,CHA,34,1,110,2.45,28,21,33
burrry01,2022,1,CHA,8,0,27,6.0,8,4,7
burrry01,2024,1,TOR,34,4,98,4.13,29,12,47
burrry01,2025,1,TOR,2,0,6,0.0,1,1,3
burtoja01,2007,1,CIN,47,0,129,2.51,28,22,36
burtoja01,2008,1,CIN,54,0,176,3.22,56,25,58
burtoja01,2009,1,CIN,53,0,178,4.4,61,23,45
burtoja01,2010,1,CIN,4,0,10,0.0,0,0,1
burtoja01,2011,1,CIN,6,0,14,3.86,6,3,3
burtoja01,2012,1,MIN,64,0,186,2.18,41,16,55
burtoja01,2013,1,MIN,71,0,198,3.82,61,22,61
burtoja01,2014,1,MIN,68,0,192,4.36,58,25,46
buschma01,2016,1,ARI,3,0,13,2.08,2,1,3
busenal01,2017,1,MIN,28,0,95,1.99,22,9,23
busenal01,2018,1,MIN,23,0,76,7.82,37,14,26
busenal01,2023,1,CIN,6,0,21,2.57,8,1,5
busenal01,2024,1,CIN,3,0,12,13.5,9,0,3
bushda01,2004,1,TOR,16,16,293,3.69,95,25,64
bushda01,2005,1,TOR,25,24,409,4.49,142,29,75
bushda01,2006,1,MIL,34,32,630,4.41,201,38,166
bushda01,2007,1,MIL,33,31,559,5.12,217,44,134
bushda01,2008,1,MIL,31,29,555,4.18,163,48,109
bushda01,2009,1,MIL,22,21,343,6.38,131,37,89
bushda01,2010,1,MIL,32,31,523,4.54,198,65,107
bushda01,2011,1,TEX,17,3,112,5.79,47,9,23
bushda01,2013,1,TOR,1,0,9,15.0,5,1,1
bushky01,2024,1,CHA,4,4,53,5.6,20,16,11
bushma01,2016,1,TEX,58,0,185,2.48,44,14,61
bushma01,2017,1,TEX,57,0,157,3.78,57,19,58
bushma01,2018,1,TEX,21,0,69,4.7,23,14,19
bushma01,2021,1,TEX,4,0,12,6.75,4,1,5
bushma01,2022,1,TEX,40,5,110,2.95,27,10,45
bushma01,2022,2,MIL,25,1,69,4.3,16,8,29
bushma01,2023,1,MIL,12,0,31,9.58,11,6,10
buterdr01,2012,1,MIN,1,0,3,0.0,0,1,1
buterdr01,2014,1,LAN,2,0,5,10.8,2,0,2
buterdr01,2016,1,KCA,2,0,4,0.0,1,0,1
buterdr01,2018,1,KCA,1,0,1,54.0,2,3,0
buterdr01,2020,1,COL,1,0,5,5.4,3,0,1
butleed01,2014,1,COL,3,3,48,6.75,23,7,3
butleed01,2015,1,COL,16,16,238,5.9,102,42,44
butleed01,2016,1,COL,17,9,192,7.17,87,21,47
butleed01,2017,1,CHN,13,11,164,3.95,50,28,30
butleed01,2018,1,CHN,8,0,53,4.08,16,7,11
butleed01,2018,2,TEX,22,0,96,6.47,43,12,18
butlejo03,2009,1,MIL,3,0,12,9.0,7,6,3
butleke01,2013,1,SLN,16,0,60,4.05,13,11,16
butleke01,2014,1,SLN,2,0,6,27.0,6,1,2
buttojo01,2022,1,NYN,1,1,12,15.75,9,2,5
buttojo01,2023,1,NYN,9,7,126,3.64,33,23,38
buttojo01,2024,1,NYN,30,7,222,2.55,41,38,79
buttojo01,2025,1,NYN,34,0,141,3.64,43,22,41
buttojo01,2025,2,SFN,21,0,60,4.5,19,10,17
buttrty01,2018,1,LAA,16,0,49,3.31,15,5,20
buttrty01,2019,1,LAA,72,0,217,3.98,69,23,84
buttrty01,2020,1,LAA,27,0,79,5.81,28,9,18
bynummi01,2002,1,SDN,14,3,82,5.27,33,15,17
bynummi01,2003,1,SDN,13,5,108,8.75,44,15,35
bynummi01,2004,1,SDN,2,0,2,54.0,1,3,0
byrdati01,2000,1,KCA,12,0,19,11.37,11,4,8
byrdati01,2005,1,BAL,41,0,80,4.05,27,21,31
byrdati01,2006,1,BAL,16,0,21,12.86,14,8,2
byrdati01,2007,1,DET,39,0,135,3.2,38,26,49
byrdati01,2008,1,HOU,59,0,166,3.9,45,29,47
byrdati01,2009,1,HOU,76,0,184,3.23,39,36,58
byrdati01,2010,1,HOU,64,0,116,3.49,40,20,29
byrdati01,2011,1,NYN,72,0,113,3.82,34,19,47
byrdati01,2012,1,NYN,56,0,92,4.4,18,18,34
byrdati01,2013,1,NYN,8,0,14,7.71,5,2,3
byrdpa01,2000,1,PHI,17,15,249,6.51,89,35,53
byrdpa01,2001,1,PHI,3,1,30,8.1,10,4,3
byrdpa01,2001,2,KCA,16,15,280,4.05,110,22,49
byrdpa01,2002,1,KCA,33,33,685,3.9,224,38,129
byrdpa01,2004,1,ATL,19,19,343,3.94,123,19,79
byrdpa01,2005,1,LAA,31,31,613,3.74,216,28,102
byrdpa01,2006,1,CLE,31,31,537,4.88,232,38,88
byrdpa01,2007,1,CLE,31,31,577,4.59,239,28,88
byrdpa01,2008,1,CLE,22,22,393,4.53,146,24,56
byrdpa01,2008,2,BOS,8,8,147,4.78,58,10,26
byrdpa01,2009,1,BOS,7,6,102,5.82,47,11,11
cabaljo01,2025,1,TB,1,0,3,54.0,5,1,0
cabrace01,2013,1,NYA,8,0,11,2.45,3,1,6
cabrace01,2014,1,NYA,4,0,3,27.0,4,2,2
cabrace01,2015,1,BAL,2,0,3,0.0,0,1,1
cabreal03,2012,1,CHN,25,0,65,5.4,16,18,27
cabreal03,2013,1,CHN,7,0,18,4.5,7,5,4
cabreas01,2021,1,ARI,2,0,4,0.0,1,0,0
cabreda01,2004,1,BAL,28,27,443,5.0,145,89,76
cabreda01,2005,1,BAL,29,29,484,4.52,144,87,157
cabreda01,2006,1,BAL,26,26,444,4.74,130,104,157
cabreda01,2007,1,BAL,34,34,613,5.55,207,108,166
cabreda01,2008,1,BAL,30,30,540,5.25,199,90,95
cabreda01,2009,1,WAS,9,8,120,5.85,48,35,16
cabreda01,2009,2,ARI,6,1,33,6.55,11,7,7
cabreed01,2012,1,COL,2,2,17,11.12,9,7,5
cabreed02,2021,1,MIA,7,7,79,5.81,24,19,28
cabreed02,2022,1,MIA,14,14,215,3.01,44,33,75
cabreed02,2023,1,MIA,22,20,299,4.24,78,66,118
cabreed02,2024,1,MIA,20,20,289,4.95,82,50,107
cabreed02,2025,1,MIA,26,26,413,3.53,121,48,150
cabrefe01,2004,1,CLE,4,0,16,3.38,3,1,6
cabrefe01,2005,1,CLE,15,0,92,1.47,24,11,29
cabrefe01,2006,1,CLE,51,0,182,5.19,53,32,71
cabrefe01,2007,1,CLE,24,0,101,5.61,38,22,39
cabrefe01,2007,2,BAL,9,0,30,12.6,12,9,9
cabrefe01,2008,1,BAL,22,0,85,5.4,32,17,31
cabrefe01,2009,1,BOS,6,0,16,8.44,7,4,8
cabrefe01,2010,1,BOS,1,0,4,20.25,2,2,0
cabrege01,2019,1,SLN,13,2,61,4.87,23,11,19
cabrege01,2020,1,SLN,19,0,67,2.42,10,16,32
cabrege01,2021,1,SLN,71,0,210,3.73,52,36,77
cabrege01,2022,1,SLN,39,0,134,4.63,39,20,32
cabrege01,2023,1,SLN,32,0,96,5.06,32,18,38
cabrege01,2023,2,TOR,29,0,71,2.66,17,6,20
cabrege01,2024,1,TOR,69,0,188,3.59,63,29,50
cabrege01,2025,1,NYN,6,0,23,3.52,7,3,7
cabrege01,2025,2,CHN,9,0,28,8.68,10,3,8
cabrege01,2025,3,PIT,9,0,33,4.91,12,1,7
cabrege01,2025,4,MIN,16,0,44,7.98,17,11,13
cabrejo01,2000,1,HOU,52,0,178,5.92,74,17,41
cabrejo01,2001,1,ATL,55,0,178,2.88,52,25,43
cabrejo01,2002,1,MIL,50,11,310,6.79,131,36,61
cabrema01,2016,1,ATL,41,0,115,2.82,31,19,32
cabreos01,2024,1,NYA,1,0,1,0.0,0,2,0
cacerke01,2023,1,LAA,2,0,4,6.75,2,2,1
cahiltr01,2009,1,ATH,32,32,536,4.63,185,72,90
cahiltr01,2010,1,ATH,30,30,590,2.97,155,63,118
cahiltr01,2011,1,ATH,34,34,623,4.16,214,82,147
cahiltr01,2012,1,ARI,32,32,600,3.78,184,74,156
cahiltr01,2013,1,ARI,26,25,440,3.99,143,65,102
cahiltr01,2014,1,ARI,32,17,332,5.61,123,55,105
cahiltr01,2015,1,ATL,15,3,79,7.52,36,11,14
cahiltr01,2015,2,CHN,11,0,51,2.12,8,5,22
cahiltr01,2016,1,CHN,50,1,197,2.74,49,35,66
cahiltr01,2017,1,SDN,11,11,183,3.69,58,24,72
cahiltr01,2017,2,KCA,10,3,69,8.22,33,21,15
cahiltr01,2018,1,ATH,21,20,330,3.76,90,41,100
cahiltr01,2019,1,LAA,37,11,307,5.98,111,39,81
cahiltr01,2020,1,SFN,11,6,75,3.24,16,14,31
cahiltr01,2021,1,PIT,9,8,111,6.57,42,14,32
cainma01,2005,1,SFN,7,7,139,2.33,24,19,30
cainma01,2006,1,SFN,32,31,572,4.15,157,87,179
cainma01,2007,1,SFN,32,32,600,3.65,173,79,163
cainma01,2008,1,SFN,34,34,653,3.76,206,91,186
cainma01,2009,1,SFN,33,33,653,2.89,184,73,171
cainma01,2010,1,SFN,33,33,670,3.14,181,61,177
cainma01,2011,1,SFN,33,33,665,2.88,177,63,179
cainma01,2012,1,SFN,32,32,658,2.79,177,51,193
cainma01,2013,1,SFN,30,30,553,4.0,158,55,158
cainma01,2014,1,SFN,15,15,271,4.18,81,32,70
cainma01,2015,1,SFN,13,11,182,5.79,71,20,41
cainma01,2016,1,SFN,21,17,268,5.64,103,32,72
cainma01,2017,1,SFN,27,23,373,5.43,157,49,75
cairnca01,2000,1,CLE,15,0,28,3.86,11,3,8
calerki01,2003,1,SLN,26,1,115,2.82,29,20,51
calerki01,2004,1,SLN,41,0,136,2.78,27,10,47
calerki01,2005,1,ATH,58,0,167,3.23,45,18,52
calerki01,2006,1,ATH,70,0,174,3.41,50,24,67
calerki01,2007,1,ATH,46,0,122,5.75,46,21,31
calerki01,2008,1,ATH,5,0,14,3.86,3,3,7
calerki01,2009,1,MIA,67,0,180,1.95,36,30,69
calica01,2004,1,SLN,10,0,22,8.59,13,6,8
calica01,2005,1,SLN,6,0,18,10.5,10,6,5
calica01,2007,1,MIN,24,0,63,4.71,22,16,14
callaja01,2017,1,NYN,9,0,20,4.05,7,1,5
callami01,2001,1,TB,2,0,15,7.2,3,2,2
callami01,2002,1,LAA,6,6,103,4.19,31,11,23
callami01,2003,1,LAA,17,4,115,6.81,57,16,22
callami01,2003,2,TEX,6,3,67,6.45,27,8,19
callami01,2004,1,TEX,4,3,34,7.94,18,7,9
calvobl01,2023,1,COL,1,0,3,0.0,0,0,0
camarda01,2021,1,SDN,6,0,28,9.64,16,3,7
camerke01,2007,1,SDN,48,0,174,2.79,55,36,50
camerke01,2008,1,SDN,10,0,30,3.6,10,6,5
camerke01,2009,1,ATH,11,0,55,3.44,15,6,15
camerno01,2025,1,KCA,24,24,415,2.99,109,43,114
caminar01,2013,1,MIA,13,0,39,2.77,10,3,12
caminar01,2014,1,MIA,6,0,20,10.8,8,4,8
caminar01,2015,1,PIT,73,0,224,3.62,63,29,73
caminar01,2016,1,PIT,39,0,123,3.51,46,22,32
caminar01,2016,2,SEA,18,0,59,3.66,21,11,18
cammaer01,2000,1,NYN,8,0,30,6.3,7,10,9
campbbr02,2006,1,WAS,4,0,13,10.38,4,2,4
campbis01,2023,1,SEA,27,0,86,2.83,22,13,33
campbis01,2024,1,BOS,8,0,20,16.2,14,2,6
campbis01,2025,1,BOS,6,0,23,7.04,13,1,3
campbpa02,2021,1,MIA,16,1,80,6.41,32,10,26
campijo01,2005,1,SEA,2,1,6,0.0,1,1,1
campijo01,2006,1,SEA,1,0,7,15.43,4,0,1
campijo01,2007,1,SEA,5,0,40,6.75,18,6,9
campijo01,2008,1,ATL,39,25,476,3.91,158,38,107
campijo01,2009,1,ATL,5,0,13,4.15,7,3,3
campojo01,2016,1,ARI,1,0,17,3.18,4,2,4
campole01,2014,1,SDN,6,0,21,5.14,9,4,9
campole01,2015,1,SDN,1,0,3,9.0,1,1,1
campole01,2016,1,SDN,18,0,66,5.73,18,14,24
campole01,2017,1,TOR,13,0,41,2.63,11,8,15
campsh01,2004,1,KCA,42,0,200,3.92,74,16,51
campsh01,2005,1,KCA,29,0,147,6.43,69,13,28
campsh01,2006,1,TB,75,0,225,4.68,93,19,53
campsh01,2007,1,TB,50,0,120,7.2,63,18,36
campsh01,2008,1,TOR,40,0,118,4.12,40,11,31
campsh01,2009,1,TOR,59,0,239,3.5,73,29,58
campsh01,2010,1,TOR,70,0,217,2.99,71,18,46
campsh01,2011,1,TOR,67,0,199,4.21,79,22,32
campsh01,2012,1,CHN,80,0,233,3.59,79,21,54
campsh01,2013,1,CHN,26,0,69,7.04,34,9,13
campsh01,2014,1,PHI,3,0,10,5.4,7,0,1
cannigr01,2019,1,LAA,18,17,271,4.58,80,30,96
cannigr01,2020,1,LAA,11,11,169,3.99,54,23,56
cannigr01,2021,1,LAA,14,13,188,5.6,65,28,62
cannigr01,2023,1,LAA,24,22,381,4.32,121,36,139
cannigr01,2024,1,LAA,32,31,515,5.19,174,66,130
cannigr01,2025,1,NYN,16,16,229,3.77,70,35,70
cannojo02,2024,1,CHA,23,21,373,4.49,125,40,91
cannojo02,2025,1,CHA,22,17,311,5.82,116,38,86
canoye01,2022,1,MIN,10,0,41,9.22,17,11,14
canoye01,2022,2,BAL,3,0,13,18.69,9,5,7
canoye01,2023,1,BAL,72,0,218,2.11,60,13,65
canoye01,2024,1,BAL,70,0,180,3.15,54,24,65
canoye01,2025,1,BAL,65,0,174,5.12,62,24,53
cantijo01,2024,1,CLE,9,8,116,4.89,35,15,44
cantijo01,2025,1,CLE,34,13,286,3.21,78,42,108
capeljo01,2004,1,ATL,3,2,24,11.25,14,5,4
capeljo01,2005,1,MIL,17,0,47,2.87,17,5,14
capeljo01,2006,1,MIL,61,0,215,4.4,65,31,58
capeljo01,2007,1,MIL,7,0,36,4.5,10,6,8
capeljo01,2007,2,DET,10,0,42,6.43,18,3,12
capeljo01,2008,1,COL,1,0,6,4.5,3,0,2
cappsca01,2012,1,SEA,18,0,75,3.96,25,11,28
cappsca01,2013,1,SEA,53,0,177,5.49,73,23,66
cappsca01,2014,1,MIA,17,0,61,3.98,19,5,25
cappsca01,2015,1,MIA,30,0,93,1.16,18,7,58
cappsca01,2017,1,SDN,11,0,37,6.57,12,2,7
cappsma01,2005,1,PIT,4,0,12,4.5,5,0,3
cappsma01,2006,1,PIT,85,0,242,3.79,81,12,56
cappsma01,2007,1,PIT,76,0,237,2.28,64,16,64
cappsma01,2008,1,PIT,49,0,161,3.02,47,5,39
cappsma01,2009,1,PIT,57,0,163,5.8,73,17,46
cappsma01,2010,1,WAS,47,0,138,2.74,51,9,38
cappsma01,2010,2,MIN,27,0,81,2.0,24,8,21
cappsma01,2011,1,MIN,69,0,197,4.25,66,13,34
cappsma01,2012,1,MIN,30,0,88,3.68,28,4,18
capravi01,2025,2,CHA,3,0,9,6.0,5,0,1
capuach01,2003,1,ARI,9,5,99,4.64,27,11,23
capuach01,2004,1,MIL,17,17,265,4.99,91,37,80
capuach01,2005,1,MIL,35,35,657,3.99,212,91,176
capuach01,2006,1,MIL,34,34,664,4.03,229,47,174
capuach01,2007,1,MIL,29,25,450,5.1,170,54,132
capuach01,2010,1,MIL,24,9,198,3.95,65,21,54
capuach01,2011,1,NYN,33,31,558,4.55,198,53,168
capuach01,2012,1,LAN,33,33,595,3.72,188,54,162
capuach01,2013,1,LAN,24,20,317,4.26,125,24,81
capuach01,2014,1,BOS,28,0,95,4.55,34,15,29
capuach01,2014,2,NYA,12,12,197,4.25,67,19,55
capuach01,2015,1,NYA,22,4,122,7.97,52,22,38
capuach01,2016,1,MIL,16,0,72,4.13,23,15,27
carasma01,2016,1,COL,19,0,47,9.19,25,11,17
carasma01,2019,1,SEA,11,5,29,4.66,11,5,10
carasma01,2023,1,COL,16,0,73,6.29,28,11,16
carasma01,2024,1,COL,7,0,26,10.38,16,3,7
caratvi01,2018,1,CHN,2,0,6,9.0,3,0,0
caratvi01,2019,1,CHN,2,0,6,9.0,2,1,0
caratvi01,2022,1,MIL,1,0,3,27.0,2,1,0
carides01,2009,1,CHN,14,0,58,1.4,15,3,17
carides01,2010,1,CHN,8,0,12,11.25,4,5,4
carigan01,2011,1,ATH,6,0,19,4.26,8,2,5
carigan01,2012,1,ATH,11,0,29,4.66,8,10,8
carlesh01,2017,1,COL,3,0,12,6.75,6,0,4
carlesh01,2018,1,ATL,53,0,189,2.86,50,27,43
carlesh01,2019,1,ATL,6,0,28,9.64,11,9,6
carlsje01,2008,1,TOR,69,0,180,2.25,41,21,55
carlsje01,2009,1,TOR,73,0,203,4.66,67,21,51
carlsje01,2010,1,TOR,20,0,41,4.61,13,5,8
carltdr01,2021,1,DET,4,0,11,4.91,6,4,1
carltdr01,2022,1,DET,5,0,26,2.08,4,0,7
carltdr01,2023,1,SDN,11,0,62,4.35,18,6,18
carlybu01,2000,1,SDN,4,0,9,21.0,6,3,2
carlybu01,2005,1,LAN,10,0,42,8.36,16,4,13
carlybu01,2007,1,ATL,22,20,321,5.21,117,32,74
carlybu01,2008,1,ATL,45,0,188,3.59,52,26,59
carlybu01,2009,1,ATL,16,0,64,8.86,35,12,12
carlybu01,2011,1,NYA,8,0,23,4.7,5,7,9
carlybu01,2014,1,NYN,27,0,93,1.45,23,5,28
carlybu01,2015,1,NYN,11,0,24,5.63,8,1,6
carmofa01,2006,1,CLE,38,7,224,5.42,88,31,58
carmofa01,2007,1,CLE,32,32,645,3.06,199,61,137
carmofa01,2008,1,CLE,22,22,362,5.44,126,70,58
carmofa01,2009,1,CLE,24,24,376,6.32,151,70,79
carmofa01,2010,1,CLE,33,33,631,3.77,203,72,124
carmofa01,2011,1,CLE,32,32,566,5.25,205,60,109
carmofa01,2012,1,CLE,3,3,43,7.53,17,3,2
carmofa01,2013,1,TB,32,24,453,4.89,164,38,113
carmofa01,2014,1,PHI,23,20,363,3.87,108,55,75
carmofa01,2014,2,LAN,9,9,131,4.74,48,18,30
carmofa01,2015,1,HOU,20,11,254,4.36,90,26,42
carmofa01,2016,1,ATL,2,2,27,8.0,13,1,6
carpean01,2008,1,PHI,1,0,3,0.0,1,1,1
carpean01,2009,1,PHI,3,1,17,11.12,11,4,5
carpean01,2010,1,PHI,1,0,9,9.0,5,0,2
carpean01,2011,1,PHI,6,0,28,7.71,13,4,10
carpean01,2011,2,SDN,6,0,16,8.44,6,3,6
carpean01,2012,1,TOR,6,0,27,5.0,7,6,9
carpech01,2000,1,TOR,34,27,526,6.26,204,83,113
carpech01,2001,1,TOR,34,34,647,4.09,229,75,157
carpech01,2002,1,TOR,13,13,220,5.28,89,27,45
carpech01,2004,1,SLN,28,28,546,3.46,169,38,152
carpech01,2005,1,SLN,33,33,725,2.83,204,51,213
carpech01,2006,1,SLN,32,32,665,3.09,194,43,184
carpech01,2007,1,SLN,1,1,18,7.5,9,1,3
carpech01,2008,1,SLN,4,3,46,1.76,16,4,7
carpech01,2009,1,SLN,28,28,578,2.24,156,38,144
carpech01,2010,1,SLN,35,35,705,3.22,214,63,179
carpech01,2011,1,SLN,34,34,712,3.45,243,55,191
carpech01,2012,1,SLN,3,3,51,3.71,16,3,12
carpech02,2011,1,CHN,10,0,29,2.79,12,7,8
carpech02,2012,1,BOS,8,0,18,9.0,7,10,2
carpeda01,2011,1,HOU,34,0,83,2.93,28,13,29
carpeda01,2012,1,HOU,30,0,89,6.07,43,14,27
carpeda01,2012,2,TOR,3,0,8,30.38,8,2,4
carpeda01,2013,1,ATL,56,0,197,1.78,45,20,74
carpeda01,2014,1,ATL,65,0,183,3.54,61,16,67
carpeda01,2015,1,NYA,22,0,56,4.82,20,7,11
carpeda01,2015,2,WAS,8,0,18,1.5,5,2,4
carpeda01,2019,1,TEX,4,0,10,5.4,4,4,2
carpeda02,2012,1,LAA,28,0,119,4.76,42,17,28
carpeda02,2013,1,LAA,1,0,1,108.0,2,2,1
carpeda02,2014,1,LAA,1,0,9,0.0,1,0,0
carpeda02,2015,1,ATL,4,0,11,7.36,6,0,5
carpema01,2021,1,SLN,1,0,4,0.0,2,0,0
carpery01,2018,1,DET,6,5,67,7.25,34,4,15
carpery01,2019,1,DET,9,9,122,9.3,61,13,25
carpmi01,2014,1,BOS,1,0,3,9.0,0,5,0
carraca01,2009,1,CLE,5,5,67,8.87,40,11,11
carraca01,2010,1,CLE,7,7,134,3.83,47,14,38
carraca01,2011,1,CLE,21,21,374,4.62,130,40,85
carraca01,2013,1,CLE,15,7,140,6.75,64,18,30
carraca01,2014,1,CLE,40,14,402,2.55,103,29,140
carraca01,2015,1,CLE,30,30,551,3.63,154,43,216
carraca01,2016,1,CLE,25,25,439,3.32,134,34,150
carraca01,2017,1,CLE,32,32,600,3.29,173,46,226
carraca01,2018,1,CLE,32,30,576,3.38,173,43,231
carraca01,2019,1,CLE,23,12,240,5.29,92,16,96
carraca01,2020,1,CLE,12,12,204,2.91,55,27,82
carraca01,2021,1,NYN,12,12,161,6.04,59,18,50
carraca01,2022,1,NYN,29,29,456,3.97,161,41,152
carraca01,2023,1,NYN,20,20,270,6.8,115,38,66
carraca01,2024,1,CLE,21,21,311,5.64,112,33,89
carraca01,2025,1,NYA,8,6,96,5.91,39,10,25
carraca01,2025,2,ATL,3,3,41,9.88,22,7,9
carradj01,2003,1,KCA,50,2,241,4.82,82,40,57
carradj01,2004,1,KCA,30,0,106,4.84,41,15,22
carradj01,2005,1,KCA,21,20,344,4.79,129,51,49
carradj01,2008,1,CHA,31,0,116,3.96,30,14,30
carradj01,2009,1,CHA,49,1,280,3.76,103,29,62
carradj01,2010,1,PIT,45,0,167,3.88,50,22,45
carradj01,2010,2,ARI,18,0,68,3.18,18,12,20
carradj01,2011,1,NYN,42,1,148,6.02,67,16,27
carradj01,2012,1,NYN,4,0,11,7.36,6,0,3
carragi01,2000,1,COL,8,0,40,12.83,21,11,15
carragi01,2001,1,LAN,47,3,256,3.16,73,24,70
carragi01,2002,1,LAN,63,1,272,3.28,83,32,56
carragi01,2003,1,SEA,23,0,87,6.83,40,14,13
carragi01,2004,1,LAN,42,0,161,2.18,46,20,48
carragi01,2005,1,LAN,72,0,227,3.93,65,38,56
carragi01,2006,1,LAN,25,0,83,4.55,27,7,25
carrahe01,2000,1,MIN,61,0,216,4.25,75,33,57
carrahe01,2000,2,BOS,8,1,20,9.45,15,5,7
carrahe01,2001,1,MIN,56,0,221,4.64,77,30,70
carrahe01,2003,1,BAL,40,0,115,4.93,40,20,27
carrahe01,2005,1,WAS,64,5,265,2.04,59,38,75
carrahe01,2006,1,LAA,56,3,301,3.41,93,27,72
carrahe01,2007,1,LAA,29,1,115,6.57,44,23,33
carrejo01,2011,1,TOR,11,0,47,1.15,11,4,14
carrejo01,2012,1,TOR,11,2,66,6.14,22,14,16
carrial01,2025,1,NYN,3,0,14,13.5,6,2,4
carrice01,2009,1,SDN,3,3,31,13.06,16,12,4
carroco01,2018,1,BAL,15,0,51,9.0,21,13,16
carroco01,2020,1,BAL,3,0,6,54.0,9,5,3
carroja01,2013,1,MIN,1,0,3,0.0,0,0,0
carrosc02,2014,1,CHA,26,19,388,4.8,147,45,64
carrosc02,2015,1,CHA,18,0,110,3.44,40,13,27
carrosc02,2016,1,CHA,3,0,7,11.57,2,1,2
carsoro01,2012,1,NYN,17,0,40,4.73,13,4,5
carsoro01,2013,1,NYN,14,0,59,8.24,21,7,8
cartela02,2002,1,TB,8,0,61,1.33,15,5,14
cartela02,2003,1,TB,62,0,237,4.33,72,19,47
cartela02,2004,1,TB,56,0,241,3.47,77,23,36
cartela02,2005,1,TB,39,0,171,4.89,61,15,22
cartela02,2006,1,LAN,10,0,35,8.49,17,8,5
carvama01,2005,1,COL,39,0,159,5.09,52,21,47
carvama01,2007,1,MIA,3,0,12,6.75,8,2,2
cashke01,2010,1,HOU,1,0,3,9.0,3,0,0
cashnan01,2010,1,CHN,53,0,163,4.8,55,30,50
cashnan01,2011,1,CHN,7,1,32,1.69,3,4,8
cashnan01,2012,1,SDN,33,5,139,4.27,42,19,52
cashnan01,2013,1,SDN,31,26,525,3.09,151,47,128
cashnan01,2014,1,SDN,19,19,370,2.55,110,29,93
cashnan01,2015,1,SDN,31,31,554,4.34,200,66,165
cashnan01,2016,1,SDN,16,16,238,4.76,80,30,67
cashnan01,2016,2,MIA,12,11,158,5.98,62,30,45
cashnan01,2017,1,TEX,28,28,500,3.4,156,64,86
cashnan01,2018,1,BAL,28,28,459,5.29,177,65,99
cashnan01,2019,1,BAL,17,17,289,3.83,86,29,66
cashnan01,2019,2,BOS,25,6,161,6.2,58,29,42
caspabe01,2024,1,LAN,3,0,25,2.16,9,4,12
caspabe01,2025,1,LAN,46,3,233,4.64,78,21,71
cassebo01,2010,1,LAA,16,0,60,3.15,23,8,8
cassebo01,2011,1,LAA,30,0,119,2.72,28,19,24
cassebo01,2012,1,LAA,4,0,15,7.2,5,6,2
casseja01,2007,1,SDN,6,4,68,3.97,30,5,11
casseja01,2008,1,HOU,9,3,91,5.64,38,8,14
cassisc01,2002,1,TOR,58,0,198,5.73,52,32,48
cassisc01,2005,1,BOS,1,0,2,40.5,4,0,0
cassisc01,2005,2,SDN,10,0,37,6.57,15,3,12
cassisc01,2006,1,SDN,42,0,128,2.53,39,19,49
castabl01,2025,1,SEA,1,0,9,9.0,4,2,1
castada01,2020,1,MIA,7,6,89,3.03,30,11,12
castada01,2021,1,MIA,5,4,61,4.87,22,8,13
castada01,2022,1,MIA,10,7,107,4.04,42,9,20
castada01,2023,1,MIA,2,0,9,21.0,7,3,4
castehu01,2020,1,HOU,8,0,32,6.75,12,5,12
castehu01,2021,1,ARI,14,7,137,4.93,48,15,29
castehu01,2022,1,ARI,11,9,133,5.68,50,12,32
castehu01,2024,1,ARI,7,0,31,5.23,11,4,7
castery01,2020,1,COL,10,9,130,5.82,37,26,25
castery01,2021,1,COL,1,1,10,5.4,5,4,2
castery01,2022,1,ATH,3,0,8,0.0,2,0,1
castial02,2008,1,BAL,28,0,78,3.81,27,10,23
castial02,2009,1,BAL,20,0,36,2.25,12,4,8
castial02,2010,1,BAL,14,0,32,10.13,16,6,11
castial02,2011,1,ARI,17,0,35,2.31,10,7,6
castica02,2001,1,BOS,2,0,9,6.0,3,0,0
castidi01,2018,1,TB,43,11,170,3.18,36,18,65
castidi01,2019,1,TB,65,6,206,3.41,59,26,81
castidi01,2020,1,TB,22,0,65,1.66,12,11,23
castidi01,2021,1,TB,37,0,109,2.72,26,10,49
castidi01,2021,2,SEA,24,0,66,2.86,14,7,26
castidi01,2022,1,SEA,59,0,163,3.64,40,22,53
castidi01,2023,1,SEA,8,0,26,6.23,7,7,7
castidi01,2024,1,MIN,7,0,30,2.7,8,8,6
castidi02,2022,1,PIT,2,0,6,36.0,6,3,1
castifa01,2017,1,LAN,2,0,4,13.5,3,1,2
castifr01,2000,1,TOR,25,24,414,3.59,112,56,104
castifr01,2001,1,BOS,26,26,410,4.21,138,35,89
castifr01,2002,1,BOS,36,23,490,5.07,174,58,112
castifr01,2004,1,BOS,2,0,3,0.0,1,1,0
castifr01,2005,1,MIA,1,1,13,10.38,4,5,4
castijo03,2018,1,SDN,37,0,115,3.29,23,12,52
castijo03,2019,1,SDN,1,0,2,0.0,0,1,2
castijo03,2022,1,SDN,1,0,3,9.0,1,1,1
castijo03,2023,1,SDN,1,0,1,108.0,2,2,0
castijo03,2025,1,ARI,5,0,19,11.37,10,3,3
castijo03,2025,2,NYN,16,0,46,2.35,21,6,19
castijo03,2025,3,SEA,3,0,9,0.0,3,2,1
castijo03,2025,4,BAL,5,0,22,2.45,6,3,7
castile01,2012,1,CHN,13,0,48,7.88,24,12,13
castilu02,2017,1,CIN,15,15,268,3.12,64,32,98
castilu02,2018,1,CIN,31,31,509,4.3,158,49,165
castilu02,2019,1,CIN,32,32,572,3.4,139,79,226
castilu02,2020,1,CIN,12,12,210,3.21,62,24,89
castilu02,2021,1,CIN,33,33,563,3.98,181,75,192
castilu02,2022,1,CIN,14,14,255,2.86,63,28,90
castilu02,2022,2,SEA,11,11,196,3.17,55,17,77
castilu02,2023,1,SEA,33,33,591,3.34,160,56,219
castilu02,2024,1,SEA,30,30,526,3.64,158,47,175
castilu02,2025,1,SEA,32,32,542,3.54,168,46,162
castilu03,2022,1,DET,3,0,11,0.0,2,0,4
castilu03,2025,1,SEA,2,2,21,7.71,12,7,5
castima03,2022,1,TOR,9,2,62,3.05,15,5,20
castima03,2022,2,KCA,5,4,56,9.16,23,10,17
castima03,2023,1,KCA,7,0,61,4.43,20,9,10
castran01,2015,1,ATH,5,0,12,2.25,8,3,4
castran02,2020,1,DET,1,0,3,18.0,1,1,1
castran02,2021,1,TOR,25,0,74,4.74,23,8,32
castran02,2022,1,CLE,12,0,40,7.43,19,10,12
castrfa01,2006,1,TEX,4,0,25,4.32,6,7,5
castrfa01,2006,2,PHI,16,0,70,1.54,12,6,13
castrfa01,2007,1,PHI,10,1,36,6.0,9,13,14
castrha01,2021,1,DET,3,0,8,0.0,0,3,0
castrha01,2022,1,DET,4,0,12,4.5,6,1,1
castrha01,2023,1,COL,2,0,6,9.0,4,1,0
castrke01,2021,1,SFN,10,0,40,0.0,13,4,13
castrke01,2022,1,SFN,2,0,5,27.0,4,2,4
castrke01,2022,2,CHN,8,0,32,7.59,11,5,7
castrmi01,2015,1,TOR,13,0,37,4.38,15,6,12
castrmi01,2015,2,COL,5,0,16,10.13,6,4,6
castrmi01,2016,1,COL,19,0,44,6.14,18,5,12
castrmi01,2017,1,BAL,39,1,199,3.53,53,28,38
castrmi01,2018,1,BAL,63,1,259,3.96,75,50,57
castrmi01,2019,1,BAL,65,0,220,4.66,63,41,71
castrmi01,2020,1,BAL,16,0,47,4.02,17,5,24
castrmi01,2020,2,NYN,10,0,27,4.0,11,8,14
castrmi01,2021,1,NYN,69,2,211,3.45,48,43,77
castrmi01,2022,1,NYA,34,0,87,4.03,27,15,31
castrmi01,2023,1,ARI,75,0,194,4.31,51,25,60
castrmi01,2024,1,ARI,11,0,41,5.93,20,3,8
castrmi01,2025,1,CHA,6,0,18,7.5,5,5,4
castrsi01,2013,1,CHA,4,0,20,2.7,5,3,6
castrsi01,2015,1,COL,11,0,31,6.1,11,5,9
castrsi01,2017,1,ATH,26,0,111,4.38,32,14,35
castrwi01,2023,1,MIN,3,0,7,11.57,3,2,0
castrwi01,2024,1,MIN,2,0,4,0.0,0,0,0
castrwi01,2025,1,MIN,1,0,3,0.0,1,0,0
catetr01,2007,1,SLN,14,0,48,3.38,18,9,12
cavalca01,2022,1,WAS,1,1,13,14.54,6,2,6
cavalca01,2025,1,WAS,10,10,146,4.25,57,15,40
cavazan01,2007,1,SLN,17,0,60,10.35,27,16,15
ceasedy01,2019,1,CHA,14,14,219,5.79,78,35,81
ceasedy01,2020,1,CHA,12,12,175,4.01,50,34,44
ceasedy01,2021,1,CHA,32,32,497,3.91,139,68,226
ceasedy01,2022,1,CHA,32,32,552,2.2,126,78,227
ceasedy01,2023,1,CHA,33,33,531,4.58,172,79,214
ceasedy01,2024,1,SDN,33,33,568,3.47,137,65,224
ceasedy01,2025,1,SDN,32,32,504,4.55,152,71,215
ceccosl01,2023,1,ARI,7,4,81,4.33,27,4,20
ceccosl01,2024,1,ARI,20,13,231,6.66,92,17,64
ceccosl01,2025,1,CLE,23,23,396,4.3,125,32,109
cecilbr01,2009,1,TOR,18,17,280,5.3,116,38,69
cecilbr01,2010,1,TOR,28,28,518,4.22,175,54,117
cecilbr01,2011,1,TOR,20,20,371,4.73,122,42,87
cecilbr01,2012,1,TOR,21,9,184,5.72,70,23,51
cecilbr01,2013,1,TOR,60,0,182,2.82,44,23,70
cecilbr01,2014,1,TOR,66,0,160,2.7,46,27,76
cecilbr01,2015,1,TOR,63,0,163,2.48,39,13,70
cecilbr01,2016,1,TOR,54,0,110,3.93,39,8,45
cecilbr01,2017,1,SLN,73,0,202,3.88,67,16,66
cecilbr01,2018,1,SLN,40,0,98,6.89,39,25,19
cedajo01,2010,1,MIA,8,0,26,5.19,8,11,9
cedajo01,2011,1,MIA,17,0,61,4.43,16,12,21
cedenxa01,2011,1,HOU,3,0,5,27.0,7,0,0
cedenxa01,2012,1,HOU,44,0,93,3.77,30,14,36
cedenxa01,2013,1,HOU,5,0,19,11.37,10,7,3
cedenxa01,2013,2,WAS,11,0,18,1.5,5,1,6
cedenxa01,2014,1,WAS,9,0,21,3.86,10,0,5
cedenxa01,2015,1,WAS,5,0,9,6.0,3,2,4
cedenxa01,2015,2,TB,61,0,129,2.09,37,12,43
cedenxa01,2016,1,TB,54,0,124,3.7,36,13,43
cedenxa01,2017,1,TB,9,0,9,12.0,7,4,0
cedenxa01,2018,1,CHA,33,0,76,2.84,19,13,28
cedenxa01,2018,2,MIL,15,0,24,1.13,7,3,6
cedenxa01,2019,1,CHN,5,0,6,0.0,4,3,1
cederbl01,2020,1,PIT,5,0,12,4.5,3,1,4
cerdaja01,2002,1,NYN,32,0,77,2.45,22,14,21
cerdaja01,2003,1,NYN,27,0,97,5.85,32,20,19
cerdaja01,2004,1,KCA,53,0,137,3.15,41,30,33
cerdaja01,2005,1,KCA,20,0,57,6.63,21,11,18
cerroju01,2003,1,CIN,11,0,39,4.85,11,5,9
cervehu01,2016,1,ATL,50,0,102,3.18,20,23,35
cervehu01,2016,2,MIA,18,0,28,4.82,11,5,7
cervehu01,2017,1,MIA,5,0,14,15.43,1,8,6
cessalu01,2016,1,NYA,17,9,211,4.35,64,14,46
cessalu01,2017,1,NYA,10,5,108,4.75,36,17,30
cessalu01,2018,1,NYA,16,5,134,5.24,51,13,39
cessalu01,2019,1,NYA,43,0,243,4.11,75,31,75
cessalu01,2020,1,NYA,16,0,65,3.32,20,7,17
cessalu01,2021,1,NYA,29,0,115,2.82,31,17,31
cessalu01,2021,2,CIN,24,0,79,2.05,24,2,23
cessalu01,2022,1,CIN,46,10,242,4.57,76,28,59
cessalu01,2023,1,CIN,7,6,78,9.0,46,12,11
chacial01,2017,1,CIN,6,0,18,10.5,11,4,6
chacigu01,2004,1,TOR,2,2,42,2.57,8,3,6
chacigu01,2005,1,TOR,34,34,609,3.72,213,70,121
chacigu01,2006,1,TOR,17,17,262,5.05,90,38,47
chacigu01,2007,1,TOR,5,5,82,5.6,29,7,11
chacigu01,2010,1,HOU,44,0,115,4.7,51,20,31
chacijh01,2009,1,COL,9,1,33,4.91,6,11,13
chacijh01,2010,1,COL,28,21,412,3.28,114,61,138
chacijh01,2011,1,COL,31,31,582,3.62,168,87,150
chacijh01,2012,1,COL,14,14,207,4.43,80,32,45
chacijh01,2013,1,COL,31,31,592,3.47,188,61,126
chacijh01,2014,1,COL,11,11,190,5.4,63,28,42
chacijh01,2015,1,ARI,5,4,80,3.38,24,10,21
chacijh01,2016,1,ATL,5,5,80,5.4,29,8,27
chacijh01,2016,2,LAA,29,17,352,4.68,124,47,92
chacijh01,2017,1,SDN,32,32,541,3.89,157,72,153
chacijh01,2018,1,MIL,35,35,578,3.5,153,71,156
chacijh01,2019,1,MIL,19,19,266,5.79,99,39,80
chacijh01,2019,2,BOS,6,5,44,7.36,16,7,21
chacijh01,2020,1,ATL,2,0,15,7.2,6,3,3
chacijh01,2021,1,COL,46,1,193,4.34,53,28,47
chacijh01,2022,1,COL,35,0,142,7.61,55,21,37
chacosh01,2001,1,COL,27,27,480,5.06,157,87,134
chacosh01,2002,1,COL,21,21,358,5.73,122,60,67
chacosh01,2003,1,COL,23,23,411,4.6,124,58,93
chacosh01,2004,1,COL,66,0,190,7.11,71,52,52
chacosh01,2005,1,COL,13,12,218,4.09,69,36,39
chacosh01,2005,2,NYA,14,12,237,2.85,66,30,40
chacosh01,2006,1,NYA,17,11,189,7.0,77,36,35
chacosh01,2006,2,PIT,9,9,138,5.48,47,27,27
chacosh01,2007,1,PIT,64,4,288,3.94,95,48,79
chacosh01,2008,1,HOU,15,15,257,5.04,88,41,53
chafian01,2014,1,ARI,3,3,42,3.86,13,8,10
chafian01,2015,1,ARI,66,0,225,2.76,56,30,58
chafian01,2016,1,ARI,32,0,68,6.75,22,11,28
chafian01,2017,1,ARI,71,0,154,3.51,48,21,61
chafian01,2018,1,ARI,77,0,148,3.1,41,25,53
chafian01,2019,1,ARI,77,0,158,3.76,52,18,68
chafian01,2020,1,ARI,11,0,20,8.1,9,4,10
chafian01,2020,2,CHN,4,0,9,3.0,2,1,3
chafian01,2021,1,CHN,43,0,118,2.06,21,12,37
chafian01,2021,2,ATH,28,0,88,1.53,24,7,27
chafian01,2022,1,DET,64,0,172,2.83,48,19,67
chafian01,2023,1,ARI,43,0,103,4.19,31,18,49
chafian01,2023,2,MIL,20,0,51,5.82,14,10,14
chafian01,2024,1,DET,41,0,111,3.16,35,16,50
chafian01,2024,2,TEX,21,0,58,4.19,17,15,20
chafian01,2025,1,WAS,26,0,60,2.7,20,12,18
chafian01,2025,2,LAA,16,0,41,1.98,9,7,18
chambjo03,2007,1,NYA,19,0,72,0.38,12,6,34
chambjo03,2008,1,NYA,42,12,301,2.6,87,39,118
chambjo03,2009,1,NYA,32,31,472,4.75,167,76,133
chambjo03,2010,1,NYA,73,0,215,4.4,71,22,77
chambjo03,2011,1,NYA,27,0,86,2.83,23,7,24
chambjo03,2012,1,NYA,22,0,62,4.35,26,6,22
chambjo03,2013,1,NYA,45,0,126,4.93,47,26,38
chambjo03,2014,1,DET,69,0,189,3.57,57,24,59
chambjo03,2015,1,DET,30,0,66,4.09,32,5,15
chambjo03,2015,2,KCA,6,0,17,7.94,6,4,8
chambjo03,2016,1,CLE,20,0,60,2.25,12,11,18
chandbu01,2025,1,PIT,7,4,94,4.02,25,4,31
changyu01,2022,3,TB,2,0,6,13.5,6,0,0
chapmar01,2010,1,CIN,15,0,40,2.03,9,5,19
chapmar01,2011,1,CIN,54,0,150,3.6,24,41,71
chapmar01,2012,1,CIN,68,0,215,1.51,35,23,122
chapmar01,2013,1,CIN,68,0,191,2.54,37,29,112
chapmar01,2014,1,CIN,54,0,162,2.0,21,24,106
chapmar01,2015,1,CIN,65,0,199,1.63,43,33,116
chapmar01,2016,1,NYA,31,0,94,2.01,20,8,44
chapmar01,2016,2,CHN,28,0,80,1.01,12,10,46
chapmar01,2017,1,NYA,52,0,151,3.22,37,20,69
chapmar01,2018,1,NYA,55,0,154,2.45,24,30,93
chapmar01,2019,1,NYA,60,0,171,2.21,38,25,85
chapmar01,2020,1,NYA,13,0,35,3.09,6,4,22
chapmar01,2021,1,NYA,61,0,169,3.36,36,38,97
chapmar01,2022,1,NYA,43,0,109,4.46,24,28,43
chapmar01,2023,1,KCA,31,0,88,2.45,16,20,53
chapmar01,2023,2,TEX,30,0,87,3.72,21,16,50
chapmar01,2024,1,PIT,68,0,185,3.79,44,39,98
chapmar01,2025,1,BOS,67,0,184,1.17,28,15,85
chapmja02,2012,1,CHN,14,0,36,3.75,8,10,12
chapmke02,2013,1,HOU,25,0,61,1.77,13,13,15
chapmke02,2014,1,HOU,21,0,64,4.64,22,11,19
chapmke02,2015,1,HOU,3,0,16,3.38,4,3,8
chapmke02,2016,1,HOU,9,0,24,9.0,15,4,6
chargjt01,2016,1,MIN,25,0,69,4.7,25,12,17
chargjt01,2018,1,LAN,39,0,97,3.34,26,15,40
chargjt01,2019,1,LAN,21,0,64,6.33,21,5,28
chargjt01,2021,1,SEA,31,0,90,3.0,23,6,29
chargjt01,2021,2,TB,25,0,71,1.9,15,14,24
chargjt01,2022,1,TB,21,3,67,2.42,16,5,17
chargjt01,2023,1,MIA,46,5,127,3.61,35,18,35
chargjt01,2024,1,MIA,15,0,50,1.62,15,7,12
chargjt01,2024,2,SEA,21,0,59,2.75,9,6,18
charlno01,2000,1,CIN,2,0,9,27.0,6,6,1
charlno01,2001,1,SEA,44,0,143,3.02,36,11,48
chatwty01,2011,1,LAA,27,25,426,4.75,166,71,74
chatwty01,2012,1,COL,19,12,194,5.43,74,33,41
chatwty01,2013,1,COL,20,20,334,3.15,118,41,66
chatwty01,2014,1,COL,4,4,72,4.5,21,8,20
chatwty01,2016,1,COL,27,27,474,3.87,147,70,117
chatwty01,2017,1,COL,33,25,443,4.69,136,77,120
chatwty01,2018,1,CHN,24,20,311,5.3,92,95,85
chatwty01,2019,1,CHN,38,5,230,3.76,65,37,74
chatwty01,2020,1,CHN,5,5,56,5.3,22,9,25
chatwty01,2021,1,TOR,30,0,84,5.46,20,20,32
chatwty01,2021,2,SFN,2,0,12,6.75,6,1,6
chaveje01,2008,1,PIT,15,0,45,6.6,20,9,16
chaveje01,2009,1,PIT,73,0,202,4.01,69,22,47
chaveje01,2010,1,ATL,28,0,110,5.89,40,12,29
chaveje01,2010,2,KCA,23,0,78,5.88,29,11,16
chaveje01,2011,1,KCA,4,0,23,10.57,12,5,8
chaveje01,2012,1,TOR,9,2,64,8.44,25,10,27
chaveje01,2012,2,ATH,4,0,10,18.9,9,1,3
chaveje01,2013,1,ATH,35,0,172,3.92,50,20,55
chaveje01,2014,1,ATH,32,21,438,3.45,142,49,136
chaveje01,2015,1,ATH,30,26,471,4.18,164,48,136
chaveje01,2016,1,TOR,39,0,124,4.57,43,10,42
chaveje01,2016,2,LAN,23,0,77,4.21,28,8,21
chaveje01,2017,1,LAA,38,21,414,5.35,148,45,119
chaveje01,2018,1,TEX,30,0,169,3.51,58,12,50
chaveje01,2018,2,CHN,32,0,117,1.15,26,5,42
chaveje01,2019,1,TEX,48,9,234,4.85,82,22,72
chaveje01,2020,1,TEX,18,0,51,6.88,20,7,13
chaveje01,2021,1,ATL,30,4,101,2.14,23,11,36
chaveje01,2022,1,CHN,3,0,17,6.35,7,2,3
chaveje01,2022,2,LAA,11,0,32,7.59,15,4,10
chaveje01,2022,3,ATL,46,1,159,2.72,49,14,61
chaveje01,2023,1,ATL,36,1,104,1.56,26,12,39
chaveje01,2024,1,ATL,46,0,190,3.13,60,19,55
chaveje01,2025,1,ATL,4,0,24,9.0,14,5,8
chenbr01,2000,1,ATL,22,0,119,2.5,35,19,32
chenbr01,2000,2,PHI,15,15,283,3.63,81,27,80
chenbr01,2001,1,PHI,16,16,259,5.0,90,31,79
chenbr01,2001,2,NYN,11,11,179,4.68,56,28,47
chenbr01,2002,1,NYN,1,0,2,0.0,1,0,0
chenbr01,2002,2,WAS,15,5,112,6.99,47,23,43
chenbr01,2002,3,CIN,39,1,119,4.31,37,20,37
chenbr01,2003,1,HOU,11,0,36,6.0,14,8,8
chenbr01,2003,2,BOS,5,2,37,5.11,12,2,12
chenbr01,2004,1,BAL,8,7,143,3.02,39,16,32
chenbr01,2005,1,BAL,34,32,592,3.83,187,63,133
chenbr01,2006,1,BAL,40,12,296,6.93,137,35,70
chenbr01,2007,1,TEX,5,0,30,7.2,11,6,7
chenbr01,2009,1,KCA,17,9,187,5.78,74,25,45
chenbr01,2010,1,KCA,33,23,421,4.17,136,57,98
chenbr01,2011,1,KCA,25,25,465,3.77,152,50,97
chenbr01,2012,1,KCA,34,34,575,5.07,215,47,140
chenbr01,2013,1,KCA,34,15,363,3.27,107,36,78
chenbr01,2014,1,KCA,13,7,145,7.45,69,16,36
chenbr01,2015,1,CLE,2,2,19,12.79,17,1,4
chenwe02,2012,1,BAL,32,32,578,4.02,186,57,154
chenwe02,2013,1,BAL,23,23,411,4.07,142,39,104
chenwe02,2014,1,BAL,31,31,557,3.54,193,35,136
chenwe02,2015,1,BAL,31,31,574,3.34,192,41,153
chenwe02,2016,1,MIA,22,22,370,4.96,134,24,100
chenwe02,2017,1,MIA,9,5,99,3.82,25,9,25
chenwe02,2018,1,MIA,26,26,400,4.79,131,47,111
chenwe02,2019,1,MIA,45,0,205,6.59,87,18,63
cherrro01,2007,1,CHN,12,0,45,3.0,13,6,13
cherrro01,2007,2,BAL,10,0,49,7.71,17,13,10
cherrro01,2008,1,BAL,18,0,51,6.35,15,16,15
chiassc01,2001,1,CHN,6,0,20,2.7,5,2,6
chiassc01,2002,1,CHN,4,0,14,23.14,11,6,3
chicktr01,2006,1,SEA,3,0,15,12.6,7,10,2
chicoma01,2007,1,WAS,31,31,501,4.63,183,74,94
chicoma01,2008,1,WAS,11,8,144,6.19,63,17,31
chicoma01,2010,1,WAS,1,1,15,3.6,6,0,3
childja01,2006,1,TB,5,0,23,4.7,12,4,5
childma01,2002,1,MIL,8,0,27,12.0,13,8,6
childma01,2005,1,ATL,3,0,12,4.5,5,3,2
chiriyo01,2018,1,TB,18,7,269,3.51,84,25,75
chiriyo01,2019,1,TB,26,18,400,3.85,112,28,114
chiriyo01,2020,1,TB,3,3,34,2.38,14,4,10
chiriyo01,2022,1,TB,2,1,21,0.0,7,1,6
chiriyo01,2023,1,TB,15,4,188,4.02,58,20,31
chiriyo01,2023,2,ATL,5,5,67,9.27,33,7,22
chiriyo01,2024,1,MIA,6,6,90,6.3,43,13,25
chivian01,2024,1,COL,30,0,95,4.55,31,10,28
chivian01,2025,1,COL,43,0,176,7.06,76,23,43
choatra01,2000,1,NYA,22,0,51,4.76,14,8,12
choatra01,2001,1,NYA,37,0,145,3.35,34,27,35
choatra01,2002,1,NYA,18,0,67,6.04,18,15,17
choatra01,2003,1,NYA,5,0,11,7.36,7,1,0
choatra01,2004,1,ARI,74,0,152,4.62,52,28,49
choatra01,2005,1,ARI,8,0,21,9.0,8,5,4
choatra01,2006,1,ARI,30,0,48,3.94,21,3,12
choatra01,2007,1,ARI,2,0,0,,3,0,0
choatra01,2009,1,TB,61,0,109,3.47,28,11,28
choatra01,2010,1,TB,85,0,134,4.23,41,17,40
choatra01,2011,1,MIA,54,0,74,1.82,13,13,31
choatra01,2012,1,MIA,44,0,76,2.49,16,9,27
choatra01,2012,2,LAN,36,0,40,4.05,13,9,11
choatra01,2013,1,SLN,64,0,106,2.29,26,11,28
choatra01,2014,1,SLN,61,0,108,4.5,27,13,32
choatra01,2015,1,SLN,71,0,82,3.95,29,5,22
chouibo01,2000,1,COL,31,0,98,3.86,35,9,23
chouibo01,2001,1,COL,8,0,23,8.22,10,1,5
chrisja01,2000,1,PIT,44,0,114,4.97,28,25,41
chrisja01,2000,2,SLN,21,0,30,5.4,13,2,12
chrisja01,2001,1,SLN,30,0,58,4.66,15,10,19
chrisja01,2001,2,SFN,25,0,51,1.59,14,5,12
chrisja01,2002,1,SFN,6,0,15,5.4,6,2,1
chrisja01,2003,1,SFN,40,0,78,5.19,25,11,22
chrisja01,2004,1,SFN,60,0,108,4.5,34,26,22
chrisja01,2005,1,SFN,56,0,126,5.36,48,15,17
chrisja01,2005,2,LAA,12,0,11,2.45,7,2,4
chrisni01,2013,1,CIN,3,0,12,2.25,2,2,1
chrisni01,2014,1,CIN,10,0,39,5.54,12,6,8
christi01,2001,1,COL,1,0,6,4.5,1,0,2
chulkvi01,2003,1,TOR,3,0,16,5.06,6,3,2
chulkvi01,2004,1,TOR,47,0,168,4.66,59,27,44
chulkvi01,2005,1,TOR,62,0,216,3.88,68,26,39
chulkvi01,2006,1,TOR,20,0,72,5.25,29,5,18
chulkvi01,2006,2,SFN,28,0,67,5.24,17,15,25
chulkvi01,2007,1,SFN,57,0,159,3.57,53,14,41
chulkvi01,2008,1,SFN,27,0,95,4.83,33,8,16
chulkvi01,2009,1,CLE,8,0,36,3.75,10,10,4
chulkvi01,2012,1,MIL,7,0,27,10.0,17,4,10
churcma01,2024,1,TEX,1,0,3,0.0,1,0,1
churcma01,2025,1,TEX,5,0,14,3.86,4,6,5
cimbead01,2018,1,SDN,42,0,145,3.17,42,10,51
cimbead01,2018,2,CLE,28,0,60,4.05,26,7,7
cimbead01,2019,1,CLE,68,0,170,4.45,56,19,41
cimbead01,2020,1,CLE,14,0,34,3.97,13,2,5
cimbead01,2021,1,MIA,33,0,103,2.88,30,11,21
cimbead01,2021,2,TOR,39,0,112,1.69,31,5,30
cimbead01,2022,1,TOR,77,0,212,2.8,66,13,58
cimbead01,2023,1,TOR,22,0,62,7.4,25,7,12
cimbead01,2024,1,LAA,28,0,73,7.03,20,14,19
cingrto01,2012,1,CIN,3,0,15,1.8,4,2,9
cingrto01,2013,1,CIN,23,18,314,2.92,72,43,120
cingrto01,2014,1,CIN,13,11,190,4.55,62,35,61
cingrto01,2015,1,CIN,35,1,100,5.67,31,25,39
cingrto01,2016,1,CIN,65,0,189,4.14,54,37,49
cingrto01,2017,1,CIN,25,0,70,5.4,25,6,24
cingrto01,2017,2,LAN,22,0,58,2.79,15,6,28
cingrto01,2018,1,LAN,30,0,68,4.76,19,6,36
cirilje01,2007,2,ARI,1,0,3,0.0,0,2,1
cishest01,2010,1,MIA,3,0,13,0.0,1,1,3
cishest01,2011,1,MIA,45,0,164,2.63,45,19,55
cishest01,2012,1,MIA,68,0,191,2.69,54,29,68
cishest01,2013,1,MIA,69,0,209,2.33,53,22,74
cishest01,2014,1,MIA,67,0,196,3.17,58,21,84
cishest01,2015,1,MIA,32,0,96,4.5,37,14,28
cishest01,2015,2,SLN,27,0,70,2.31,18,13,20
cishest01,2016,1,SEA,62,0,192,2.81,44,21,76
cishest01,2017,1,SEA,23,0,60,3.15,13,7,15
cishest01,2017,2,TB,26,0,74,1.09,13,7,26
cishest01,2018,1,CHN,80,0,211,2.18,45,28,78
cishest01,2019,1,CHN,70,0,192,2.95,48,29,57
cishest01,2020,1,CHA,22,0,60,5.4,21,9,21
cishest01,2021,1,LAA,74,0,205,3.42,61,41,64
cishest01,2022,1,WAS,69,0,199,4.21,54,27,74
cisnejo01,2013,1,HOU,28,0,131,4.12,49,22,41
cisnejo01,2014,1,HOU,5,0,14,9.64,8,4,5
cisnejo01,2019,1,DET,35,0,106,4.33,35,19,40
cisnejo01,2020,1,DET,29,0,89,3.03,23,10,34
cisnejo01,2021,1,DET,67,0,185,3.65,51,31,62
cisnejo01,2022,1,DET,28,0,75,1.08,15,19,23
cisnejo01,2023,1,DET,63,0,178,5.31,63,25,70
cisnejo01,2024,1,LAA,15,0,47,6.89,18,8,17
civalaa01,2019,1,CLE,10,10,173,2.34,44,16,46
civalaa01,2020,1,CLE,12,12,222,4.74,82,16,69
civalaa01,2021,1,CLE,21,21,373,3.84,108,31,99
civalaa01,2022,1,CLE,20,20,291,4.92,93,22,98
civalaa01,2023,1,CLE,13,13,231,2.34,58,22,58
civalaa01,2023,2,TB,10,10,136,5.36,51,11,58
civalaa01,2024,1,TB,17,17,261,5.07,93,27,84
civalaa01,2024,2,MIL,14,14,222,3.53,65,25,65
civalaa01,2025,1,MIL,5,5,66,4.91,23,7,19
civalaa01,2025,2,CHA,13,13,201,5.37,66,26,55
civalaa01,2025,3,CHN,5,0,39,2.08,7,0,14
claggan01,2009,1,NYA,2,0,8,33.75,11,4,3
claggan01,2009,2,PIT,1,0,3,9.0,2,0,0
claibpr01,2013,1,NYA,44,0,151,4.11,51,14,42
claibpr01,2014,1,NYA,18,0,63,3.0,24,10,16
claibpr01,2017,1,TEX,1,0,6,13.5,5,0,2
clarkda06,2007,1,COL,2,0,4,0.0,2,1,1
clarkma01,2000,1,TEX,12,8,132,7.98,66,24,16
clarkta01,2019,1,ARI,23,15,254,5.31,86,30,68
clarkta01,2020,1,ARI,12,5,130,4.36,35,21,40
clarkta01,2021,1,ARI,43,0,130,4.98,52,14,39
clarkta01,2022,1,KCA,47,0,147,4.04,50,8,48
clarkta01,2023,1,KCA,58,2,177,5.95,71,24,65
clarkta01,2025,1,KCA,51,0,166,3.25,38,9,44
clarkza01,2013,1,BAL,1,0,5,16.2,3,2,1
claseem01,2019,1,TEX,21,1,70,2.31,20,6,21
claseem01,2021,1,CLE,71,0,209,1.29,51,16,74
claseem01,2022,1,CLE,77,0,218,1.36,43,10,77
claseem01,2023,1,CLE,75,0,218,3.22,68,16,64
claseem01,2024,1,CLE,74,0,223,0.61,39,10,66
claseem01,2025,1,CLE,48,0,142,3.23,46,12,47
claudal01,2014,1,TEX,15,0,37,2.92,14,4,14
claudal01,2015,1,TEX,18,0,47,2.87,12,6,13
claudal01,2016,1,TEX,39,0,155,2.79,55,10,34
claudal01,2017,1,TEX,70,1,248,2.5,71,15,56
claudal01,2018,1,TEX,66,1,205,4.48,91,13,41
claudal01,2019,1,MIL,83,0,186,4.06,57,24,44
claudal01,2020,1,MIL,20,0,57,4.26,18,6,15
claudal01,2021,1,LAA,41,0,98,5.51,37,15,30
claudal01,2022,1,NYN,3,0,10,0.0,1,2,2
claudal01,2023,1,MIL,1,0,1,0.0,2,0,0
clausbr01,2003,1,NYA,1,1,19,1.42,8,1,5
clausbr01,2004,1,CIN,14,14,198,6.14,80,35,45
clausbr01,2005,1,CIN,29,29,500,4.21,178,57,121
clausbr01,2006,1,CIN,14,14,231,6.19,93,28,57
claysa01,2021,1,WAS,58,0,135,5.6,55,22,34
claysa01,2022,1,WAS,6,0,13,10.38,3,3,3
claysa01,2022,2,NYN,1,0,3,0.0,1,1,2
cleavga01,2020,1,PHI,1,0,2,13.5,2,0,1
cleavga01,2021,1,LAN,22,1,54,3.0,20,12,21
cleavga01,2022,1,LAN,4,0,13,10.38,6,3,7
cleavga01,2022,2,TB,13,0,56,2.41,8,4,25
cleavga01,2023,1,TB,15,0,36,3.0,6,6,14
cleavga01,2024,1,TB,68,0,180,3.75,52,31,71
cleavga01,2025,1,TB,67,0,184,2.35,40,18,82
clemeer01,2022,1,CLE,2,0,6,18.0,6,0,0
clemeer01,2023,1,TOR,1,0,3,9.0,3,0,0
clemeer01,2024,1,TOR,1,0,3,9.0,2,0,0
clemeko01,2022,1,DET,7,0,21,3.86,12,1,1
clemeko01,2023,1,PHI,4,0,8,3.38,4,3,1
clemeko01,2024,1,PHI,1,0,3,9.0,2,1,0
clemeko01,2025,2,MIN,1,0,3,18.0,3,0,0
clemema01,2000,1,SDN,34,34,615,5.14,194,125,170
clemema01,2001,1,MIA,31,31,508,5.05,172,85,134
clemema01,2002,1,CHN,32,32,615,3.6,162,85,215
clemema01,2003,1,CHN,32,32,605,4.11,169,79,171
clemema01,2004,1,CHN,30,30,543,3.68,155,77,190
clemema01,2005,1,BOS,32,32,573,4.57,192,68,146
clemema01,2006,1,BOS,12,12,196,6.61,77,38,43
clemepa02,2013,1,HOU,35,5,220,5.4,82,26,49
clemepa02,2014,1,HOU,13,0,74,5.84,28,13,16
clemepa02,2016,1,MIA,2,2,30,6.3,11,8,6
clemepa02,2016,2,SDN,16,12,184,3.67,61,23,47
clemero02,2000,1,NYA,32,32,613,3.7,184,84,188
clemero02,2001,1,NYA,33,33,661,3.51,205,72,213
clemero02,2002,1,NYA,29,29,540,4.35,172,63,192
clemero02,2003,1,NYA,33,33,635,3.91,199,58,190
clemero02,2004,1,HOU,33,33,643,2.98,169,79,218
clemero02,2005,1,HOU,32,32,634,1.87,151,62,185
clemero02,2006,1,HOU,19,19,340,2.3,89,29,102
clemero02,2007,1,NYA,18,17,297,4.18,99,31,68
cletoma01,2011,1,SLN,3,0,13,12.46,7,4,6
cletoma01,2012,1,SLN,9,0,27,7.0,13,2,15
cletoma01,2013,1,SLN,1,0,7,19.29,5,1,5
cletoma01,2014,1,CHA,28,0,88,4.6,24,23,32
clevimi01,2016,1,CLE,17,10,159,5.26,50,29,50
clevimi01,2017,1,CLE,27,21,365,3.11,92,60,137
clevimi01,2018,1,CLE,32,32,600,3.02,164,67,207
clevimi01,2019,1,CLE,21,21,378,2.71,96,37,169
clevimi01,2020,1,CLE,4,4,68,3.18,20,11,21
clevimi01,2020,2,SDN,4,4,57,2.84,14,3,19
clevimi01,2022,1,SDN,23,22,343,4.33,102,35,91
clevimi01,2023,1,CHA,24,24,394,3.77,121,40,110
clevimi01,2024,1,CHA,4,4,48,6.75,22,9,15
clevimi01,2025,1,CHA,8,0,17,7.94,5,8,3
clippty01,2007,1,NYA,6,6,81,6.33,29,17,18
clippty01,2008,1,WAS,2,2,31,4.35,12,7,8
clippty01,2009,1,WAS,41,0,181,2.69,36,32,67
clippty01,2010,1,WAS,78,0,273,3.07,69,41,112
clippty01,2011,1,WAS,72,0,265,1.83,48,26,104
clippty01,2012,1,WAS,74,0,218,3.72,55,29,84
clippty01,2013,1,WAS,72,0,213,2.41,37,24,73
clippty01,2014,1,WAS,75,0,211,2.18,47,23,82
clippty01,2015,1,ATH,37,0,116,2.79,25,21,38
clippty01,2015,2,NYN,32,0,97,3.06,24,10,26
clippty01,2016,1,ARI,40,0,113,4.3,34,15,46
clippty01,2016,2,NYA,29,0,76,2.49,20,11,26
clippty01,2017,1,NYA,40,0,109,4.95,28,19,42
clippty01,2017,2,CHA,11,0,30,1.8,8,5,12
clippty01,2017,3,HOU,16,0,42,6.43,11,7,18
clippty01,2018,1,TOR,73,1,206,3.67,57,23,85
clippty01,2019,1,CLE,53,3,186,2.9,38,15,64
clippty01,2020,1,MIN,26,2,78,2.77,19,4,26
clippty01,2021,1,ARI,26,0,76,3.2,22,11,21
clippty01,2022,1,WAS,4,0,15,7.2,6,4,4
clontbr01,2000,1,PIT,5,0,21,5.14,7,11,8
cloydty01,2012,1,PHI,6,6,99,4.91,33,7,30
cloydty01,2013,1,PHI,13,11,181,6.56,83,25,41
cloydty01,2017,1,SEA,1,0,3,0.0,2,0,1
cloydty01,2018,1,MIA,7,0,53,8.66,25,10,13
cobbal01,2011,1,TB,9,9,158,3.42,49,21,37
cobbal01,2012,1,TB,23,23,409,4.03,130,40,106
cobbal01,2013,1,TB,22,22,430,2.76,120,45,134
cobbal01,2014,1,TB,27,27,499,2.87,142,47,149
cobbal01,2016,1,TB,5,5,66,8.59,32,7,16
cobbal01,2017,1,TB,29,29,538,3.66,175,44,128
cobbal01,2018,1,BAL,28,28,457,4.9,172,43,102
cobbal01,2019,1,BAL,3,3,37,10.95,21,2,8
cobbal01,2020,1,BAL,10,10,157,4.3,52,18,38
cobbal01,2021,1,LAA,18,18,280,3.76,85,33,98
cobbal01,2022,1,SFN,28,28,449,3.73,152,43,151
cobbal01,2023,1,SFN,28,28,454,3.87,163,37,131
cobbal01,2024,1,CLE,3,3,49,2.76,14,3,10
cocopa01,2000,1,TOR,1,1,12,9.0,5,5,2
cocopa01,2001,1,TOR,7,1,43,4.4,12,6,9
cocopa01,2002,1,TOR,2,0,3,18.0,4,3,0
codyky01,2020,1,TEX,8,5,68,1.59,15,13,18
codyky01,2021,1,TEX,7,0,34,7.94,16,2,14
coellro01,2010,1,BOS,6,0,17,4.76,4,5,5
coellro01,2012,1,TOR,6,0,19,12.79,10,4,11
coellro01,2013,1,LAA,16,0,51,3.71,14,8,23
coffeto01,2005,1,CIN,57,0,174,4.5,84,11,26
coffeto01,2006,1,CIN,81,0,234,3.58,85,27,60
coffeto01,2007,1,CIN,58,0,153,5.82,70,19,43
coffeto01,2008,1,CIN,17,0,58,6.05,25,6,8
coffeto01,2008,2,MIL,9,0,22,0.0,6,2,7
coffeto01,2009,1,MIL,78,0,251,2.9,76,21,65
coffeto01,2010,1,MIL,69,0,187,4.76,65,23,56
coffeto01,2011,1,WAS,69,0,179,3.62,55,20,46
coffeto01,2012,1,LAN,23,0,58,4.66,17,9,18
coganto01,2001,1,KCA,39,0,74,5.84,32,13,17
coggida01,2000,1,PHI,5,5,81,5.33,35,12,17
coggida01,2001,1,PHI,17,17,285,4.17,99,39,62
coggida01,2002,1,PHI,38,7,231,4.68,65,51,64
cokeph01,2008,1,NYA,12,0,44,0.61,8,2,14
cokeph01,2009,1,NYA,72,0,180,4.5,44,20,49
cokeph01,2010,1,DET,74,1,194,3.76,67,26,53
cokeph01,2011,1,DET,48,14,326,4.47,118,40,69
cokeph01,2012,1,DET,66,0,162,4.0,71,18,51
cokeph01,2013,1,DET,49,0,115,5.4,43,21,30
cokeph01,2014,1,DET,62,0,174,3.88,69,20,41
cokeph01,2015,1,CHN,16,0,30,6.3,14,3,9
cokeph01,2015,2,TOR,2,0,8,3.38,1,2,3
cokeph01,2016,1,NYA,3,0,18,6.0,7,4,1
cokeph01,2016,2,PIT,3,0,12,0.0,3,3,3
coleaj01,2015,1,WAS,3,1,28,5.79,14,1,9
coleaj01,2016,1,WAS,8,8,115,5.17,37,14,39
coleaj01,2017,1,WAS,11,8,156,3.81,51,27,44
coleaj01,2018,1,WAS,4,2,31,13.06,16,6,10
coleaj01,2018,2,NYA,28,0,114,4.26,39,16,49
coleaj01,2019,1,CLE,25,0,78,3.81,31,8,30
coleaj01,2020,1,TOR,24,0,70,3.09,19,9,20
coleaj01,2021,1,TOR,6,0,24,1.13,6,1,7
colege01,2013,1,PIT,19,19,352,3.22,109,28,100
colege01,2014,1,PIT,22,22,414,3.65,127,40,138
colege01,2015,1,PIT,32,32,624,2.6,183,44,202
colege01,2016,1,PIT,21,21,348,3.88,131,36,98
colege01,2017,1,PIT,33,33,609,4.26,199,55,196
colege01,2018,1,HOU,32,32,601,2.88,143,64,276
colege01,2019,1,HOU,33,33,637,2.5,142,48,326
colege01,2020,1,NYA,12,12,219,2.84,53,17,94
colege01,2021,1,NYA,30,30,544,3.23,151,41,243
colege01,2022,1,NYA,33,33,602,3.5,154,50,257
colege01,2023,1,NYA,33,33,627,2.63,157,48,222
colege01,2024,1,NYA,17,17,285,3.41,78,29,99
colemca01,2010,1,CHN,12,8,171,4.11,56,25,27
colemca01,2011,1,CHN,19,17,253,6.4,102,46,75
colemca01,2012,1,CHN,17,1,73,7.4,37,12,16
colemca01,2014,1,KCA,10,0,36,5.25,16,6,5
colemdy01,2021,1,KCA,5,0,19,1.42,5,1,7
colemdy01,2022,1,KCA,68,0,204,2.78,47,37,71
colemdy01,2023,1,KCA,23,1,55,8.84,18,19,21
colemdy01,2024,1,HOU,1,0,3,0.0,0,1,1
colemlo01,2011,1,KCA,48,0,179,2.87,44,26,64
colemlo01,2012,1,KCA,42,0,153,3.71,41,26,65
colemlo01,2013,1,KCA,27,0,89,0.61,19,6,32
colemlo01,2014,1,KCA,31,0,102,5.56,39,18,24
colemlo01,2015,1,KCA,4,0,9,0.0,1,2,1
colemlo01,2016,1,LAN,61,0,144,4.69,45,24,45
colemlo01,2018,1,DET,51,0,154,3.51,43,24,41
coleta01,2017,1,TOR,1,0,3,36.0,6,1,1
coleta01,2018,1,LAA,18,2,108,2.75,20,12,39
coleta01,2019,1,LAA,38,6,155,5.92,58,24,50
colined01,2020,1,MIN,1,0,1,81.0,4,2,0
collawi01,2007,1,NYN,6,0,17,6.35,7,5,0
colliti01,2011,1,KCA,68,0,201,3.63,52,48,60
colliti01,2012,1,KCA,72,0,209,3.36,55,34,93
colliti01,2013,1,KCA,66,0,160,3.54,49,28,52
colliti01,2014,1,KCA,22,0,63,3.86,18,11,15
colliti01,2018,1,WAS,38,0,68,4.37,23,12,21
colliti01,2019,1,CHN,9,0,26,3.12,9,3,4
collmjo01,2011,1,ARI,31,24,463,3.38,137,28,100
collmjo01,2012,1,ARI,28,11,271,3.69,92,22,80
collmjo01,2013,1,ARI,49,0,276,3.13,79,33,85
collmjo01,2014,1,ARI,33,28,538,3.46,163,39,115
collmjo01,2015,1,ARI,44,12,363,3.79,129,24,63
collmjo01,2016,1,ARI,15,0,67,4.84,21,11,17
collmjo01,2016,2,ATL,3,3,57,2.37,15,5,16
collmjo01,2017,1,ATL,11,0,51,9.0,29,6,18
colomal01,2013,1,TB,3,3,48,2.25,14,9,12
colomal01,2014,1,TB,5,3,71,2.66,19,10,13
colomal01,2015,1,TB,43,13,329,3.94,112,31,88
colomal01,2016,1,TB,57,0,170,1.91,43,15,71
colomal01,2017,1,TB,65,0,200,3.24,57,23,58
colomal01,2018,1,TB,23,0,65,4.15,24,8,23
colomal01,2018,2,SEA,47,0,139,2.53,35,13,49
colomal01,2019,1,CHA,62,0,183,2.8,42,23,55
colomal01,2020,1,CHA,21,0,67,0.81,13,8,16
colomal01,2021,1,MIN,67,0,195,4.15,68,23,58
colomal01,2022,1,COL,53,0,141,5.74,57,22,32
colomal01,2023,1,CHA,4,0,9,6.0,2,3,2
colomje01,2001,1,TB,30,0,146,3.33,37,25,31
colomje01,2002,1,TB,32,0,124,8.27,56,33,33
colomje01,2003,1,TB,54,0,222,4.5,69,46,69
colomje01,2004,1,TB,33,0,124,3.27,28,18,40
colomje01,2005,1,TB,36,0,136,4.57,54,18,28
colomje01,2006,1,TB,1,0,1,27.0,0,1,0
colomje01,2007,1,WAS,61,0,198,3.82,64,27,43
colomje01,2008,1,WAS,61,0,213,4.31,61,39,55
colomje01,2009,1,WAS,16,0,45,8.4,23,6,12
colomje01,2009,2,MIL,5,0,19,5.68,11,0,3
colomje01,2010,1,SEA,12,0,51,5.29,15,11,16
colonba01,2000,1,CLE,30,30,564,3.88,163,98,212
colonba01,2001,1,CLE,34,34,667,4.09,220,90,201
colonba01,2002,1,CLE,16,16,349,2.55,104,31,75
colonba01,2002,2,WAS,17,17,351,3.31,115,39,74
colonba01,2003,1,CHA,34,34,726,3.87,223,67,173
colonba01,2004,1,LAA,34,34,625,5.01,215,71,158
colonba01,2005,1,LAA,33,33,668,3.48,215,43,157
colonba01,2006,1,LAA,10,10,169,5.11,71,11,31
colonba01,2007,1,LAA,19,18,298,6.34,132,29,76
colonba01,2008,1,BOS,7,7,117,3.92,44,10,27
colonba01,2009,1,CHA,12,12,187,4.19,69,21,38
colonba01,2011,1,NYA,29,26,493,4.0,172,40,135
colonba01,2012,1,ATH,24,24,457,3.43,161,23,91
colonba01,2013,1,ATH,30,30,571,2.65,193,29,117
colonba01,2014,1,NYN,31,31,607,4.09,218,30,151
colonba01,2015,1,NYN,33,31,584,4.16,217,24,136
colonba01,2016,1,NYN,34,33,575,3.43,200,32,128
colonba01,2017,1,ATL,13,13,189,8.14,92,20,42
colonba01,2017,2,MIN,15,15,240,5.18,100,15,47
colonba01,2018,1,TEX,28,24,439,5.78,172,25,81
colonjo01,2016,1,CLE,11,0,30,7.2,12,7,10
colonro01,2004,1,ATL,18,0,57,3.32,18,8,15
colonro01,2005,1,ATL,23,4,133,5.28,47,14,30
colonro01,2005,2,DET,12,3,75,6.12,35,7,17
colonro01,2006,1,DET,20,1,116,4.89,46,14,25
colonro01,2009,1,KCA,43,0,151,4.83,50,22,29
colonro01,2010,1,KCA,5,0,6,18.0,5,2,1
colonro01,2012,1,KCA,3,0,24,6.75,12,3,3
colyest01,2003,1,LAN,13,0,59,2.75,22,9,16
colyest01,2004,1,DET,41,0,96,6.47,33,24,31
colyest01,2007,1,ATL,7,0,11,4.91,9,4,4
concege01,2016,1,CHN,3,0,7,3.86,2,1,2
condrcl01,2002,1,SDN,9,3,80,1.69,20,8,16
condrcl01,2003,1,SDN,9,6,102,8.47,43,21,25
condrcl01,2006,1,PHI,21,0,86,3.14,35,9,16
condrcl01,2007,1,PHI,39,0,150,5.04,61,16,27
condrcl01,2008,1,PHI,56,0,207,3.26,85,19,34
condrcl01,2009,1,PHI,45,0,126,3.0,37,14,25
coneda01,2000,1,NYA,30,29,465,6.91,192,82,120
coneda01,2001,1,BOS,25,25,407,4.31,148,57,115
coneda01,2003,1,NYN,5,4,54,6.5,20,13,13
conlead01,2015,1,MIA,15,11,201,3.76,65,21,59
conlead01,2016,1,MIA,25,25,400,3.85,125,62,124
conlead01,2017,1,MIA,22,20,308,6.14,114,42,72
conlead01,2018,1,MIA,52,0,152,4.09,37,18,50
conlead01,2019,1,MIA,60,0,182,6.53,76,29,53
conlead01,2021,1,TB,17,0,59,2.29,14,6,16
conlopj01,2018,1,NYN,3,2,23,8.22,15,2,5
contrca01,2014,1,CIN,17,0,58,6.52,19,17,19
contrca01,2015,1,CIN,22,0,84,4.82,22,20,19
contrjo01,2003,1,NYA,18,9,213,3.3,52,30,72
contrjo01,2004,1,NYA,18,18,287,5.64,93,42,82
contrjo01,2004,2,CHA,13,13,224,5.3,73,42,68
contrjo01,2005,1,CHA,32,32,614,3.61,177,75,154
contrjo01,2006,1,CHA,30,30,588,4.27,194,55,134
contrjo01,2007,1,CHA,32,30,567,5.57,232,62,113
contrjo01,2008,1,CHA,20,20,363,4.54,130,35,70
contrjo01,2009,1,CHA,21,21,344,5.42,121,45,89
contrjo01,2009,2,COL,7,2,51,1.59,20,8,17
contrjo01,2010,1,PHI,67,0,170,3.34,53,16,57
contrjo01,2011,1,PHI,17,0,42,3.86,11,8,13
contrjo01,2012,1,PHI,17,0,41,5.27,13,3,15
contrjo01,2013,1,PIT,7,0,15,9.0,7,6,5
contrlu01,2024,1,HOU,5,0,18,9.0,7,2,6
contrlu01,2025,1,HOU,9,0,36,6.75,11,8,13
contrro01,2021,1,PIT,1,1,9,0.0,3,1,4
contrro01,2022,1,PIT,21,18,285,3.79,82,39,86
contrro01,2023,1,PIT,19,11,205,6.59,75,32,55
contrro01,2024,1,PIT,12,0,49,4.41,19,8,16
contrro01,2024,2,LAA,37,3,156,4.33,44,23,40
contrro01,2025,1,BAL,1,0,13,0.0,3,1,2
contrro01,2025,2,COL,4,0,25,8.64,9,1,4
cookaa01,2002,1,COL,9,5,107,4.54,41,13,14
cookaa01,2003,1,COL,43,16,372,6.02,160,57,43
cookaa01,2004,1,COL,16,16,290,4.28,112,39,40
cookaa01,2005,1,COL,13,13,250,3.67,101,16,24
cookaa01,2006,1,COL,32,32,638,4.23,242,55,92
cookaa01,2007,1,COL,25,25,498,4.12,178,44,61
cookaa01,2008,1,COL,32,32,634,3.96,236,48,96
cookaa01,2009,1,COL,27,27,474,4.16,175,47,78
cookaa01,2010,1,COL,23,23,383,5.08,147,52,62
cookaa01,2011,1,COL,18,17,291,6.03,127,37,48
cookaa01,2012,1,BOS,18,18,282,5.65,117,21,20
cookde01,2000,1,NYN,68,0,177,5.34,63,31,53
cookde01,2001,1,NYN,43,0,108,4.25,28,10,34
cookde01,2001,2,PHI,19,0,29,5.59,15,4,4
cookde01,2002,1,LAA,37,0,72,3.38,21,10,13
cookry01,2011,1,ARI,12,0,23,7.04,11,8,7
cookry01,2012,1,ATH,71,0,220,2.09,42,27,80
cookry01,2013,1,ATH,71,0,202,2.54,62,25,67
cookry01,2014,1,ATH,54,0,150,3.42,32,22,50
cookry01,2015,1,ATH,4,0,13,10.38,7,3,3
cookry01,2015,2,BOS,5,0,13,27.0,13,4,3
cookry01,2018,1,SEA,19,0,51,5.29,15,7,23
cooneti01,2015,1,SLN,6,6,94,3.16,28,10,29
coonrsa01,2019,1,SFN,33,0,83,3.58,19,15,20
coonrsa01,2020,1,SFN,18,0,44,9.82,17,7,15
coonrsa01,2021,1,PHI,42,2,127,4.04,41,15,48
coonrsa01,2022,1,PHI,12,0,38,7.82,12,7,12
coonrsa01,2023,1,NYN,10,0,20,9.45,5,8,6
coopebr01,2000,1,LAA,15,15,261,5.9,105,35,36
coopebr01,2001,1,LAA,7,1,41,2.63,10,4,7
coopebr01,2002,1,TOR,2,2,25,14.04,14,4,3
coopebr01,2004,1,SFN,5,2,40,8.78,15,5,7
coopebr01,2005,1,SFN,8,1,53,3.06,15,8,7
copelsc01,2015,1,TOR,5,3,46,6.46,24,2,6
copelsc01,2018,1,NYN,1,0,4,0.0,1,0,2
coppiro01,2001,1,MIL,8,3,68,6.75,24,15,15
corbipa01,2012,1,ARI,22,17,321,4.54,117,25,86
corbipa01,2013,1,ARI,32,32,625,3.41,189,54,178
corbipa01,2015,1,ARI,16,16,255,3.6,91,17,78
corbipa01,2016,1,ARI,36,24,467,5.15,177,66,131
corbipa01,2017,1,ARI,33,32,569,4.03,208,61,178
corbipa01,2018,1,ARI,33,33,600,3.15,162,48,246
corbipa01,2019,1,WAS,33,33,606,3.25,169,70,238
corbipa01,2020,1,WAS,11,11,197,4.66,85,18,60
corbipa01,2021,1,WAS,31,31,515,5.82,192,60,143
corbipa01,2022,1,WAS,31,31,458,6.31,210,49,128
corbipa01,2023,1,WAS,32,32,540,5.2,210,57,124
corbipa01,2024,1,WAS,32,32,524,5.62,208,54,139
corbipa01,2025,1,TEX,31,30,466,4.4,161,51,131
corcida01,2014,1,CIN,5,3,56,4.34,13,10,15
corcida01,2018,1,LAN,2,0,12,2.25,2,3,1
corcoro01,2003,1,WAS,5,0,22,1.23,7,3,2
corcoro01,2004,1,WAS,5,0,16,6.75,7,5,4
corcoro01,2006,1,WAS,6,0,17,11.12,12,4,6
corcoro01,2008,1,SEA,50,0,218,3.22,65,36,39
corcoro01,2009,1,SEA,16,0,57,6.16,25,17,6
corcoti02,2005,1,TB,10,1,68,5.96,19,12,13
corcoti02,2006,1,TB,21,16,271,4.38,92,48,59
corcoti02,2007,1,TB,9,0,52,6.75,17,12,6
cordech01,2003,1,WAS,12,0,33,1.64,4,3,12
cordech01,2004,1,WAS,69,0,248,2.94,68,43,83
cordech01,2005,1,WAS,74,0,223,1.82,55,17,61
cordech01,2006,1,WAS,68,0,220,3.19,59,22,69
cordech01,2007,1,WAS,76,0,225,3.36,75,29,62
cordech01,2008,1,WAS,6,0,13,2.08,6,3,5
cordech01,2010,1,SEA,9,0,29,6.52,10,5,6
cordefr01,2000,1,TEX,56,0,232,5.35,87,48,49
cordefr01,2001,1,TEX,3,0,7,3.86,3,2,1
cordefr01,2002,1,TEX,39,0,136,1.79,33,13,41
cordefr01,2003,1,TEX,73,0,248,2.94,70,38,90
cordefr01,2004,1,TEX,67,0,215,2.13,60,32,79
cordefr01,2005,1,TEX,69,0,207,3.39,61,30,79
cordefr01,2006,1,TEX,49,0,146,4.81,49,16,54
cordefr01,2006,2,MIL,28,0,80,1.69,20,16,30
cordefr01,2007,1,MIL,66,0,190,2.98,52,18,86
cordefr01,2008,1,CIN,72,0,211,3.33,61,38,78
cordefr01,2009,1,CIN,68,0,200,2.16,58,30,58
cordefr01,2010,1,CIN,75,0,218,3.84,68,36,59
cordefr01,2011,1,CIN,68,0,209,2.45,49,22,42
cordefr01,2012,1,TOR,41,0,103,5.77,48,14,26
cordefr01,2012,2,HOU,6,0,15,19.8,13,4,5
cordeji01,2018,1,WAS,22,0,57,5.68,23,12,12
cordeji01,2019,1,TOR,1,0,4,6.75,2,0,0
cordeji01,2019,2,CHA,30,0,108,2.75,24,11,31
cordeji01,2020,1,CHA,30,0,80,6.08,33,9,22
cordeji01,2023,1,NYA,31,1,98,3.86,25,10,34
cordier01,2014,1,SFN,7,0,18,1.5,5,2,9
cordier01,2015,1,MIA,8,0,37,5.84,13,6,7
cordofr01,2000,1,PIT,18,17,285,5.21,107,38,66
coreybr01,2002,1,LAN,1,0,3,0.0,0,0,0
coreybr01,2006,1,TEX,16,0,52,2.6,15,8,13
coreybr01,2006,2,BOS,16,0,65,4.57,20,7,15
coreybr01,2007,1,BOS,9,0,28,1.93,6,4,6
coreybr01,2008,1,BOS,7,0,18,10.5,11,3,4
coreybr01,2008,2,SDN,39,0,117,6.23,42,9,18
coreyma02,2001,1,NYN,2,0,5,16.2,5,3,3
coreyma02,2002,1,NYN,12,0,30,4.5,10,8,9
coreyma02,2002,2,COL,14,0,36,12.0,22,8,12
coreyma02,2003,1,PIT,22,0,91,5.34,29,11,27
coreyma02,2004,1,PIT,31,0,107,4.54,39,19,28
cormila01,2004,1,ARI,17,5,136,8.14,62,25,24
cormila01,2005,1,ARI,67,0,238,5.11,86,43,63
cormila01,2006,1,ATL,29,9,221,4.89,90,39,43
cormila01,2007,1,ATL,10,9,137,7.09,56,22,27
cormila01,2008,1,BAL,45,1,215,4.02,78,34,46
cormila01,2009,1,TB,53,0,232,3.26,75,25,36
cormila01,2010,1,TB,60,0,186,3.92,68,34,30
cormila01,2011,1,LAN,9,0,41,9.88,22,5,7
cormirh01,2000,1,BOS,64,0,205,4.61,74,17,43
cormirh01,2001,1,PHI,60,0,154,4.21,49,17,37
cormirh01,2002,1,PHI,54,0,180,5.25,61,32,49
cormirh01,2003,1,PHI,65,0,254,1.7,54,25,67
cormirh01,2004,1,PHI,84,0,243,3.56,70,26,46
cormirh01,2005,1,PHI,57,0,142,5.89,56,16,34
cormirh01,2006,1,PHI,43,0,102,1.59,27,13,13
cormirh01,2006,2,CIN,21,0,42,4.5,21,4,6
cormirh01,2007,1,CIN,6,0,9,9.0,4,1,1
cornejo01,2015,1,ATL,1,0,3,36.0,3,1,1
cornena01,2001,1,DET,10,10,128,7.38,63,28,22
cornena01,2002,1,DET,9,9,150,5.04,63,18,23
cornena01,2003,1,DET,32,32,584,4.67,236,58,46
cornena01,2004,1,DET,5,5,77,8.42,42,11,12
cornere01,2000,1,MIA,22,21,375,4.82,135,50,50
cornijo01,2025,1,TEX,1,0,5,16.2,3,1,1
corpama01,2006,1,COL,35,0,97,3.62,36,8,27
corpama01,2007,1,COL,78,0,234,2.08,63,20,58
corpama01,2008,1,COL,76,0,239,4.52,93,23,50
corpama01,2009,1,COL,35,0,101,5.88,44,7,24
corpama01,2010,1,COL,56,0,187,4.62,66,22,47
corpama01,2012,1,CHN,48,0,140,5.01,50,16,28
corpama01,2013,1,COL,31,0,125,4.54,40,16,30
correke01,2003,1,SFN,10,7,118,3.66,41,18,28
correke01,2004,1,SFN,12,1,57,8.05,25,10,14
correke01,2005,1,SFN,16,11,175,4.63,61,31,44
correke01,2006,1,SFN,48,0,209,3.49,64,22,57
correke01,2007,1,SFN,59,8,305,3.45,94,40,80
correke01,2008,1,SFN,25,19,330,6.05,141,47,66
correke01,2009,1,SDN,33,33,594,3.91,194,64,142
correke01,2010,1,SDN,28,26,435,5.4,152,64,115
correke01,2011,1,PIT,27,26,462,4.79,175,39,77
correke01,2012,1,PIT,32,28,513,4.21,176,46,89
correke01,2013,1,MIN,31,31,556,4.18,218,45,101
correke01,2014,1,MIN,23,23,388,4.94,157,32,61
correke01,2014,2,LAN,9,3,74,8.03,34,8,18
correke01,2015,1,PHI,5,5,70,6.56,37,8,14
corteda01,2003,1,CLE,2,0,9,12.0,8,0,1
corteda01,2005,1,COL,50,0,158,4.1,50,10,36
corteda01,2006,1,COL,30,0,88,4.3,35,6,14
corteda02,2010,1,SEA,4,0,16,3.38,3,3,6
corteda02,2011,1,SEA,10,0,32,5.91,13,6,3
cortene01,2018,1,BAL,4,0,14,7.71,10,4,3
cortene01,2019,1,NYA,33,1,200,5.67,75,28,69
cortene01,2020,1,SEA,5,1,23,15.26,12,6,8
cortene01,2021,1,NYA,22,14,279,2.9,75,25,103
cortene01,2022,1,NYA,28,28,475,2.44,108,38,163
cortene01,2023,1,NYA,12,12,190,4.97,59,20,67
cortene01,2024,1,NYA,31,30,523,3.77,162,39,162
cortene01,2025,1,MIL,2,2,24,9.0,7,7,8
cortene01,2025,2,SDN,6,6,79,5.47,29,13,21
cosarja01,2013,1,HOU,10,10,180,1.95,46,35,33
cosarja01,2014,1,HOU,20,20,349,4.41,119,51,75
cosarja01,2014,2,MIA,10,10,192,2.39,54,22,40
cosarja01,2015,1,MIA,14,13,209,4.52,63,33,47
cosarja01,2016,1,MIA,4,4,59,5.95,19,16,11
cosarja01,2016,2,SDN,9,9,112,6.03,42,23,27
cosarja01,2017,1,SDN,7,6,72,4.88,26,19,15
cosgrto01,2023,1,SDN,54,0,154,1.75,31,19,44
cosgrto01,2024,1,SDN,18,0,44,11.66,23,6,15
cosgrto01,2025,1,CHN,2,0,12,2.25,3,1,3
cothaca01,2015,1,NYA,12,0,29,6.52,14,1,11
cothaca01,2016,1,CIN,23,0,73,7.4,32,12,21
cottojh01,2016,1,ATH,5,5,88,2.15,20,4,23
cottojh01,2017,1,ATH,24,24,387,5.58,133,53,105
cottojh01,2021,1,TEX,23,0,92,3.52,28,15,30
cottojh01,2022,1,MIN,25,0,105,2.83,23,16,31
cottojh01,2022,2,SFN,5,0,24,6.75,11,4,8
cottsne01,2003,1,CHA,4,4,40,8.1,15,17,10
cottsne01,2004,1,CHA,56,1,196,5.65,61,30,58
cottsne01,2005,1,CHA,69,0,181,1.94,38,29,58
cottsne01,2006,1,CHA,70,0,162,5.17,64,24,43
cottsne01,2007,1,CHN,16,0,50,4.86,15,9,14
cottsne01,2008,1,CHN,50,0,107,4.29,38,13,43
cottsne01,2009,1,CHN,19,0,33,7.36,14,9,9
cottsne01,2013,1,TEX,58,0,171,1.11,36,18,65
cottsne01,2014,1,TEX,73,0,200,4.32,66,23,63
cottsne01,2015,1,MIL,51,0,149,3.26,44,17,49
cottsne01,2015,2,MIN,17,0,41,3.95,14,5,9
couloda01,2014,1,LAN,5,0,13,4.15,5,2,4
couloda01,2015,1,LAN,5,0,25,7.56,9,6,7
couloda01,2015,2,ATH,9,0,23,3.52,8,3,4
couloda01,2016,1,ATH,35,0,143,4.53,37,17,54
couloda01,2017,1,ATH,72,0,155,3.48,46,22,39
couloda01,2018,1,ATH,27,0,71,4.56,24,11,26
couloda01,2020,1,MIN,2,0,8,0.0,2,3,3
couloda01,2021,1,MIN,29,1,103,3.67,35,7,33
couloda01,2022,1,MIN,10,0,37,1.46,7,9,9
couloda01,2023,1,BAL,61,0,154,2.81,45,12,58
couloda01,2024,1,BAL,33,0,89,2.12,15,5,32
couloda01,2025,1,MIN,40,1,93,1.16,21,9,31
couloda01,2025,2,TEX,15,0,36,5.25,11,9,12
cousija01,2021,1,MIL,30,0,90,2.7,16,19,44
cousija01,2022,1,MIL,12,0,40,2.7,10,8,21
cousija01,2023,1,MIL,9,0,28,4.82,10,10,7
cousija01,2024,1,NYA,37,0,114,2.37,20,20,53
coutljo01,2007,1,CIN,64,0,123,4.39,38,27,38
coveydy01,2017,1,CHA,18,12,210,7.71,83,34,41
coveydy01,2018,1,CHA,27,21,365,5.18,129,52,91
coveydy01,2019,1,CHA,18,12,176,7.98,75,28,41
coveydy01,2020,1,BOS,8,0,42,7.07,18,2,11
coveydy01,2023,1,LAN,1,0,12,4.5,5,1,3
coveydy01,2023,2,PHI,28,1,117,3.69,43,16,27
coxau01,2023,1,KCA,24,3,107,4.54,28,17,33
coxau01,2025,1,ATL,13,1,64,8.86,30,7,22
crabtti01,2000,1,TEX,68,0,241,5.15,86,31,54
crabtti01,2001,1,TEX,21,0,70,6.56,37,14,16
crainje01,2004,1,MIN,22,0,81,2.0,17,12,14
crainje01,2005,1,MIN,75,0,239,2.71,61,29,25
crainje01,2006,1,MIN,68,0,230,3.52,79,18,60
crainje01,2007,1,MIN,18,0,49,5.51,19,4,10
crainje01,2008,1,MIN,66,0,188,3.59,62,24,50
crainje01,2009,1,MIN,56,0,155,4.7,48,27,43
crainje01,2010,1,MIN,71,0,204,3.04,53,27,62
crainje01,2011,1,CHA,67,0,196,2.62,50,31,70
crainje01,2012,1,CHA,51,0,144,2.44,29,23,60
crainje01,2013,1,CHA,38,0,110,0.74,31,11,46
cramebo01,2010,1,ATH,4,4,71,3.04,20,6,13
cramebo01,2011,1,ATH,5,0,25,1.08,6,1,6
cravyty01,2015,1,MIL,14,7,128,5.7,47,22,35
cravyty01,2016,1,MIL,20,2,85,2.86,21,12,22
crawfbr01,2023,1,SFN,1,0,3,0.0,1,1,0
crawfbr01,2024,1,SLN,1,0,4,27.0,3,2,0
crawfev01,2012,1,TOR,10,0,24,6.75,10,4,5
crawfku01,2021,1,BOS,1,1,6,22.5,5,2,2
crawfku01,2022,1,BOS,21,12,232,5.47,81,29,77
crawfku01,2023,1,BOS,31,23,388,4.04,107,36,135
crawfku01,2024,1,BOS,33,33,551,4.36,155,51,175
crawfpa02,2000,1,BOS,7,4,87,3.41,25,13,17
crawfpa02,2001,1,BOS,8,7,108,4.75,40,13,25
creekdo01,2000,1,TB,45,0,182,4.6,49,39,73
creekdo01,2001,1,TB,66,0,188,4.31,51,49,66
creekdo01,2002,1,TB,29,0,112,6.27,39,21,37
creekdo01,2002,2,SEA,23,0,55,4.91,18,14,19
creekdo01,2003,1,TOR,21,0,41,3.29,14,12,11
creekdo01,2005,1,DET,20,0,67,6.85,27,7,18
cressja01,2000,1,MIN,11,0,41,5.27,20,6,6
cressja01,2001,1,MIN,44,0,169,3.67,50,16,40
cressja01,2002,1,MIN,23,0,96,5.91,40,19,22
cressja01,2003,1,CLE,33,0,129,2.51,40,9,28
cressja01,2004,1,CLE,11,0,47,6.32,22,10,8
crichst01,2017,1,BAL,8,0,37,8.03,26,4,8
crichst01,2019,1,ARI,28,0,91,3.56,23,8,33
crichst01,2020,1,ARI,26,0,78,2.42,22,9,23
crichst01,2021,1,ARI,31,0,70,7.33,33,12,17
crickky01,2017,1,SFN,30,0,97,3.06,22,17,28
crickky01,2018,1,PIT,64,0,181,2.39,45,23,65
crickky01,2019,1,PIT,52,0,147,4.96,41,35,61
crickky01,2020,1,PIT,7,0,17,1.59,7,4,7
crickky01,2021,1,PIT,27,0,73,4.44,14,19,21
crickky01,2022,1,CHA,14,0,47,4.02,10,11,19
crismna01,2020,1,SLN,6,0,25,3.24,6,1,8
crismna01,2021,1,SDN,45,0,244,3.76,87,24,71
crismna01,2022,1,SDN,50,1,202,2.94,57,22,65
crismna01,2023,1,SDN,7,0,33,9.82,17,7,9
crismna01,2023,2,ARI,1,0,6,0.0,2,0,3
crismna01,2024,1,LAN,5,0,21,2.57,7,0,6
crismna01,2025,1,ARI,8,5,102,3.71,40,9,25
criswco01,2021,1,LAA,1,1,4,20.25,6,0,0
criswco01,2022,1,TB,1,1,10,2.7,2,1,4
criswco01,2023,1,TB,10,0,99,5.73,40,11,27
criswco01,2024,1,BOS,26,18,298,4.08,103,31,73
criswco01,2025,1,BOS,7,1,53,3.57,23,5,9
criswje01,2024,1,COL,13,0,59,2.75,20,9,27
crochga01,2020,1,CHA,5,0,18,0.0,3,0,8
crochga01,2021,1,CHA,54,0,163,2.82,42,27,65
crochga01,2023,1,CHA,13,0,38,3.55,12,13,12
crochga01,2024,1,CHA,32,32,438,3.58,123,33,209
crochga01,2025,1,BOS,32,32,616,2.59,165,46,255
crockky01,2014,1,CLE,43,0,90,1.8,26,8,28
crockky01,2015,1,CLE,31,0,53,4.08,17,7,15
crockky01,2016,1,CLE,29,0,48,5.06,16,7,17
crockky01,2017,1,CLE,4,0,5,10.8,4,1,2
crockky01,2018,1,CIN,15,0,28,5.79,16,2,11
croneja01,2021,1,SDN,1,0,2,0.0,1,0,1
cronide01,2023,1,CHA,9,0,33,9.0,11,7,8
cronide01,2024,1,MIA,56,0,211,4.35,75,25,72
crosbca01,2012,1,DET,3,3,37,9.49,15,11,9
crottmi01,2011,1,PIT,15,0,32,9.28,20,5,7
crousha01,2021,1,PHI,2,2,21,5.14,4,7,2
crousha01,2024,1,LAA,25,0,76,2.84,14,17,34
crousri01,2000,1,COL,6,0,34,8.74,15,6,11
crousri01,2000,2,BOS,5,0,14,5.79,4,5,3
crowaa01,2011,1,KCA,57,0,186,2.76,55,31,65
crowaa01,2012,1,KCA,73,0,194,3.48,54,22,65
crowaa01,2013,1,KCA,57,0,144,3.38,49,22,44
crowaa01,2014,1,KCA,67,0,177,4.12,52,24,34
croweji01,2004,1,PHI,4,0,9,3.0,6,0,1
croweji01,2005,1,MIA,4,0,10,21.6,10,0,2
crowewi01,2020,1,WAS,3,3,25,11.88,14,8,8
crowewi01,2021,1,PIT,26,25,350,5.48,126,57,111
crowewi01,2022,1,PIT,60,1,228,4.38,68,38,68
crowewi01,2023,1,PIT,5,0,29,4.66,9,9,9
crucefr01,2004,1,CLE,2,2,23,9.39,10,4,9
crucefr01,2006,1,SEA,4,1,20,10.8,10,6,2
crucefr01,2008,1,DET,13,0,35,5.4,13,10,11
crudami01,2002,1,SLN,49,1,158,1.88,43,14,47
crudami01,2003,1,SLN,13,0,34,2.38,11,12,6
crudami01,2003,2,MIL,9,0,28,2.89,1,6,7
cruzfe01,2022,1,CIN,14,2,44,1.23,9,9,21
cruzfe01,2023,1,CIN,58,2,198,4.91,52,28,98
cruzfe01,2024,1,CIN,69,3,200,4.86,54,35,109
cruzfe01,2025,1,NYA,49,0,144,3.56,33,24,72
cruzje01,2020,1,SLN,1,0,3,18.0,3,1,2
cruzje01,2022,1,ATL,7,0,26,6.23,8,4,6
cruzju02,2001,1,CHN,8,8,134,3.22,40,17,39
cruzju02,2002,1,CHN,45,9,292,3.98,84,59,81
cruzju02,2003,1,CHN,25,6,183,6.05,66,28,65
cruzju02,2004,1,ATL,50,0,216,2.75,59,30,70
cruzju02,2005,1,ATH,28,0,98,7.44,38,22,34
cruzju02,2006,1,ARI,31,15,284,4.18,80,47,88
cruzju02,2007,1,ARI,53,0,183,3.1,45,32,87
cruzju02,2008,1,ARI,57,0,155,2.61,34,31,71
cruzju02,2009,1,KCA,46,0,151,5.72,46,29,38
cruzju02,2010,1,KCA,5,0,16,3.38,9,4,7
cruzju02,2011,1,TB,56,0,146,3.88,36,28,46
cruzju02,2012,1,PIT,43,0,107,2.78,39,19,33
cruzne01,2000,1,DET,27,0,123,3.07,39,13,34
cruzne01,2001,1,HOU,66,0,247,4.15,72,24,75
cruzne01,2002,1,HOU,43,5,235,4.48,90,29,61
cruzne01,2003,1,COL,20,7,161,7.21,65,11,38
cruzom01,2025,1,SDN,2,0,11,4.91,4,3,5
cruzrh01,2012,1,HOU,52,0,165,6.05,65,29,46
cruzrh01,2013,1,HOU,20,0,64,3.38,25,11,10
cruzrh01,2018,1,TOR,2,0,10,2.7,3,2,4
cruzst01,2023,1,KCA,10,4,38,4.97,11,11,15
cruzst01,2024,1,KCA,5,0,17,0.0,1,0,4
cruzst01,2025,1,KCA,47,0,137,3.74,36,18,38
cuasjo01,2022,1,KCA,47,0,113,3.58,39,24,34
cuasjo01,2023,1,KCA,45,1,125,4.54,46,21,52
cuasjo01,2023,2,CHN,27,1,71,3.04,17,14,19
cuasjo01,2024,1,CHN,9,0,40,7.43,16,6,14
cuasjo01,2024,2,TOR,4,0,9,9.0,3,4,3
cubilda01,2000,1,TOR,7,0,47,8.04,20,11,14
cubilda01,2000,2,TEX,13,0,53,10.7,32,14,13
cubilda01,2001,1,WAS,29,0,79,4.1,31,12,19
cubilda01,2004,1,BAL,7,0,30,5.4,13,7,8
cuddymi01,2011,1,MIN,1,0,3,0.0,2,1,0
cuetojo01,2008,1,CIN,31,31,522,4.81,178,68,158
cuetojo01,2009,1,CIN,30,30,514,4.41,172,61,132
cuetojo01,2010,1,CIN,31,31,557,3.64,181,56,138
cuetojo01,2011,1,CIN,24,24,468,2.31,123,47,104
cuetojo01,2012,1,CIN,33,33,651,2.78,205,49,170
cuetojo01,2013,1,CIN,11,11,182,2.82,46,18,51
cuetojo01,2014,1,CIN,34,34,731,2.25,169,65,242
cuetojo01,2015,1,CIN,19,19,392,2.62,93,29,120
cuetojo01,2015,2,KCA,13,13,244,4.76,101,17,56
cuetojo01,2016,1,SFN,32,32,659,2.79,195,45,198
cuetojo01,2017,1,SFN,25,25,442,4.52,160,53,136
cuetojo01,2018,1,SFN,9,9,159,3.23,46,13,38
cuetojo01,2019,1,SFN,4,4,48,5.06,11,9,13
cuetojo01,2020,1,SFN,12,12,190,5.4,61,26,56
cuetojo01,2021,1,SFN,22,21,344,4.08,127,30,98
cuetojo01,2022,1,CHA,25,24,475,3.35,161,33,102
cuetojo01,2023,1,MIA,13,10,157,6.02,51,15,39
cuetojo01,2024,1,LAA,2,2,34,7.15,14,3,6
cuevawi01,2016,1,BOS,3,0,15,3.6,5,6,3
cuevawi01,2017,1,DET,1,0,1,108.0,3,0,1
cuevawi01,2018,1,BOS,9,1,51,7.41,20,11,20
culbech01,2018,1,ATL,1,0,3,9.0,2,0,0
culbech01,2019,1,ATL,2,0,6,0.0,2,2,1
culbech01,2020,1,ATL,1,0,1,0.0,0,0,0
culbech01,2021,1,TEX,2,0,6,0.0,2,0,0
culbech01,2022,1,TEX,2,0,6,0.0,1,1,0
cumptbr01,2013,1,PIT,6,5,92,2.05,26,5,22
cumptbr01,2014,1,PIT,16,10,210,4.89,82,18,46
cumptbr01,2018,1,TOR,1,0,5,5.4,3,2,2
cunnawi01,2000,1,SDN,27,3,115,4.23,35,21,34
cunnawi01,2001,1,MIL,31,1,155,5.4,66,22,37
cunnawi01,2002,1,CHN,16,0,79,5.47,27,13,30
cunnawi01,2003,1,ATL,20,0,60,2.7,14,6,20
cunnawi01,2004,1,ATL,9,0,37,7.3,18,4,11
cunnibr02,2015,1,ATL,39,0,105,4.63,27,22,37
cunnibr02,2016,1,ATL,15,0,51,4.24,14,9,16
curryxz01,2022,1,CLE,2,2,28,5.79,13,6,3
curryxz01,2023,1,CLE,41,9,285,4.07,98,30,67
curryxz01,2024,1,CLE,7,4,74,5.84,29,5,15
curryxz01,2024,2,MIA,9,1,54,3.0,9,2,13
curryxz01,2025,1,MIA,3,0,9,6.0,4,3,1
curtijo02,2017,1,MIN,9,0,26,8.31,9,2,10
curtijo02,2018,1,MIN,8,0,19,5.68,8,4,7
curtijo02,2019,1,LAA,1,0,7,3.86,2,3,1
curtijo02,2020,1,TB,17,3,75,1.8,21,3,25
curtijo02,2021,1,MIA,35,2,120,2.48,34,9,40
curtijo02,2021,2,MIL,6,0,13,12.46,8,3,4
curtijo02,2023,1,NYN,15,0,59,4.58,17,8,16
curtijo02,2024,1,COL,3,0,7,15.43,6,0,1
curtijo02,2025,1,ARI,30,0,110,3.93,29,5,24
curtiza01,2016,1,ARI,21,0,40,6.75,13,13,10
curtiza01,2017,1,SEA,3,0,14,0.0,3,1,2
curtiza01,2017,2,PHI,3,0,11,2.45,3,2,4
curtiza01,2018,1,PHI,7,0,29,1.86,6,10,10
curtiza01,2018,2,TEX,8,0,20,9.45,6,9,8
curvelu01,2025,1,TEX,17,0,57,5.68,17,10,20
cyrer01,2002,1,SDN,5,0,18,10.5,6,6,4
cyrty01,2022,1,PHI,1,0,1,27.0,2,0,0
cyrty01,2022,2,ATH,11,0,39,2.08,9,5,16
cyrty01,2023,1,LAN,2,0,5,0.0,1,0,2
daalom01,2000,1,ARI,20,16,288,7.22,127,42,45
daalom01,2000,2,PHI,12,12,213,4.69,81,30,51
daalom01,2001,1,PHI,32,32,557,4.46,199,56,107
daalom01,2002,1,LAN,39,23,484,3.9,142,54,105
daalom01,2003,1,BAL,19,17,281,6.34,134,30,53
daiglca01,2004,1,ARI,10,10,147,7.16,63,27,17
daiglca01,2006,1,ARI,10,0,37,3.65,14,6,7
daiglca01,2010,1,HOU,13,0,31,11.32,25,6,6
daleyma01,2009,1,COL,57,0,153,4.24,43,18,55
daleyma01,2010,1,COL,28,0,70,4.24,27,10,18
daleyma01,2011,1,COL,7,0,18,10.5,8,2,7
daleyma01,2013,1,NYA,7,0,18,0.0,2,0,8
daleyma01,2014,1,NYA,13,0,43,5.02,12,6,10
damicje01,2000,1,MIL,23,23,487,2.66,143,46,101
damicje01,2001,1,MIL,10,10,142,6.08,60,16,32
damicje01,2002,1,NYN,29,22,437,4.94,152,37,101
damicje01,2003,1,PIT,29,29,526,4.77,204,42,100
damicje01,2004,1,CLE,7,7,92,7.63,45,6,16
damicje02,2000,1,KCA,7,1,41,9.22,19,15,9
danaca01,2024,1,LAA,3,3,31,9.58,14,7,8
danaca01,2025,1,LAA,7,5,97,6.4,30,18,33
danieda01,2023,1,LAA,3,0,37,2.19,7,9,9
danieda01,2024,1,LAA,6,6,91,6.23,39,6,28
danieda01,2025,1,ATL,3,2,30,5.4,9,7,9
danisty01,2016,1,CHA,3,0,5,10.8,6,3,0
danisty01,2017,1,CHA,1,1,15,0.0,3,6,6
danisty01,2018,1,CHA,7,0,19,7.11,8,4,5
danisty01,2022,1,BOS,32,0,121,5.13,40,12,32
danksjo01,2007,1,CHA,26,26,417,5.5,160,54,109
danksjo01,2008,1,CHA,33,33,585,3.32,182,57,159
danksjo01,2009,1,CHA,32,32,601,3.77,184,73,149
danksjo01,2010,1,CHA,32,32,639,3.72,189,70,162
danksjo01,2011,1,CHA,27,27,511,4.33,182,46,135
danksjo01,2012,1,CHA,9,9,161,5.7,57,23,30
danksjo01,2013,1,CHA,22,22,415,4.75,151,27,89
danksjo01,2014,1,CHA,32,32,581,4.74,205,74,129
danksjo01,2015,1,CHA,30,30,533,4.71,195,56,124
danksjo01,2016,1,CHA,4,4,67,7.25,28,11,16
danneha01,2023,1,TOR,1,0,1,0.0,0,0,0
darenvi01,2000,1,MIA,56,0,186,4.06,61,28,59
darenvi01,2001,1,MIA,58,0,146,4.25,52,10,33
darenvi01,2002,1,MIA,42,0,145,6.14,61,26,33
darenvi01,2003,1,COL,3,0,7,0.0,4,0,0
darenvi01,2003,2,WAS,6,0,20,10.8,13,1,4
darenvi01,2004,1,CHA,2,0,4,0.0,1,1,0
darenvi01,2004,2,NYN,5,0,17,7.94,10,2,1
darenvi01,2005,1,DET,22,0,67,2.82,24,7,9
darnach01,2018,1,SFN,1,0,3,0.0,1,0,0
darnedu01,2025,1,COL,9,0,35,3.86,10,7,5
darnelo01,2014,1,MIN,7,4,72,7.13,31,8,22
darremi01,2025,1,LAA,6,0,23,9.39,10,4,6
darremi01,2025,2,PIT,1,0,6,0.0,0,0,2
darviyu01,2012,1,TEX,29,29,574,3.9,156,89,221
darviyu01,2013,1,TEX,32,32,629,2.83,145,80,277
darviyu01,2014,1,TEX,22,22,433,3.06,133,49,182
darviyu01,2016,1,TEX,17,17,301,3.41,81,31,132
darviyu01,2017,1,TEX,22,22,411,4.01,115,45,148
darviyu01,2017,2,LAN,9,9,149,3.44,44,13,61
darviyu01,2018,1,CHN,8,8,120,4.95,36,21,49
darviyu01,2019,1,CHN,31,31,536,3.98,140,56,229
darviyu01,2020,1,CHN,12,12,228,2.01,59,14,93
darviyu01,2021,1,SDN,30,30,499,4.22,138,44,199
darviyu01,2022,1,SDN,30,30,584,3.1,148,37,197
darviyu01,2023,1,SDN,24,24,409,4.56,134,43,141
darviyu01,2024,1,SDN,16,16,245,3.31,65,22,78
darviyu01,2025,1,SDN,15,15,216,5.38,66,19,68
davenjo01,2001,1,COL,7,0,31,3.48,8,7,8
daveyto01,2000,1,SDN,11,0,38,0.71,12,2,6
daveyto01,2001,1,SDN,39,0,114,4.5,41,17,37
daveyto01,2002,1,SDN,19,0,63,5.57,23,11,21
davidda01,2007,1,PIT,2,0,6,22.5,6,2,0
davidda01,2009,1,MIA,1,0,3,45.0,4,4,3
davidda02,2009,1,LAA,4,0,5,5.4,3,3,0
davidlo01,2025,2,LAA,1,0,3,0.0,0,0,1
davidma02,2018,1,CHA,3,0,9,0.0,1,1,2
davidma02,2020,1,CIN,3,0,10,5.4,4,2,1
davidtu01,2020,1,ATL,1,1,5,10.8,3,4,2
davidtu01,2021,1,ATL,4,4,60,3.6,15,8,18
davidtu01,2022,1,ATL,4,3,46,6.46,15,13,10
davidtu01,2022,2,LAA,8,8,110,6.87,39,22,23
davidtu01,2023,1,LAA,18,0,95,6.54,44,11,31
davidtu01,2023,2,KCA,20,1,59,5.03,20,8,15
davidtu01,2024,1,BAL,1,0,14,0.0,4,2,1
davieky01,2005,1,ATL,21,14,263,4.93,98,49,62
davieky01,2006,1,ATL,14,14,190,8.38,90,33,51
davieky01,2007,1,ATL,17,17,258,5.76,92,44,59
davieky01,2007,2,KCA,11,11,150,6.66,63,26,40
davieky01,2008,1,KCA,21,21,339,4.06,121,43,71
davieky01,2009,1,KCA,22,22,369,5.27,122,66,86
davieky01,2010,1,KCA,32,32,551,5.34,206,80,126
davieky01,2011,1,KCA,13,13,184,6.75,84,26,50
davieky01,2015,1,NYA,1,0,7,0.0,3,0,2
davieza01,2015,1,MIL,6,6,102,3.71,26,15,24
davieza01,2016,1,MIL,28,28,490,3.97,166,38,135
davieza01,2017,1,MIL,33,33,574,3.9,204,55,124
davieza01,2018,1,MIL,13,13,198,4.77,67,21,49
davieza01,2019,1,MIL,31,31,479,3.55,155,51,102
davieza01,2020,1,SDN,12,12,208,2.73,55,19,63
davieza01,2021,1,CHN,32,32,444,5.78,162,75,114
davieza01,2022,1,ARI,27,27,403,4.09,122,52,102
davieza01,2023,1,ARI,18,18,247,7.0,98,39,72
davisau01,2018,1,PHI,32,0,104,4.15,35,12,38
davisau01,2019,1,PHI,14,0,62,6.53,22,14,24
davisau01,2020,1,PHI,4,0,9,21.0,10,1,2
davisau01,2020,2,PIT,5,0,11,2.45,1,1,3
davisau01,2021,1,PIT,10,0,29,5.59,6,5,11
davisau01,2021,2,BOS,19,0,50,4.86,18,7,17
davisau01,2022,1,BOS,50,3,163,5.47,56,29,61
davisau01,2022,2,MIN,2,0,5,16.2,1,4,3
davisau01,2024,1,SDN,7,0,21,9.0,6,5,6
davisch02,2012,1,BAL,1,0,6,0.0,2,1,2
davisch02,2019,1,BAL,1,0,3,9.0,2,0,1
davisdo02,2000,1,TEX,30,13,296,5.38,109,58,66
davisdo02,2001,1,TEX,30,30,558,4.45,220,69,115
davisdo02,2002,1,TEX,10,10,179,4.98,67,22,28
davisdo02,2003,1,TEX,1,1,9,12.0,4,4,2
davisdo02,2003,2,TOR,12,11,162,5.0,70,26,25
davisdo02,2003,3,MIL,8,8,157,2.58,49,21,35
davisdo02,2004,1,MIL,34,34,622,3.39,192,79,166
davisdo02,2005,1,MIL,35,35,668,3.84,196,93,208
davisdo02,2006,1,MIL,34,34,610,4.91,206,102,159
davisdo02,2007,1,ARI,33,33,578,4.25,211,95,144
davisdo02,2008,1,ARI,26,26,438,4.32,160,64,112
davisdo02,2009,1,ARI,34,34,610,4.12,203,103,146
davisdo02,2010,1,MIL,8,8,115,7.51,55,21,34
davisdo02,2011,1,CHN,9,9,137,6.5,59,26,36
daviser02,2013,1,WAS,10,0,26,3.12,10,1,12
davisik02,2015,1,ATH,2,0,6,0.0,1,1,1
davisja02,2002,1,CLE,3,2,44,1.84,12,4,11
davisja02,2003,1,CLE,27,27,496,4.68,172,47,85
davisja02,2004,1,CLE,26,19,343,5.51,148,51,72
davisja02,2005,1,CLE,11,4,121,4.69,44,20,32
davisja02,2006,1,CLE,39,0,166,3.74,67,14,37
davisja02,2007,1,CLE,8,0,34,4.76,13,9,5
davisja02,2007,2,SEA,16,0,77,6.31,29,16,14
davisja02,2008,1,PIT,14,4,102,5.29,38,17,13
davisjd01,2017,1,HOU,2,0,5,0.0,1,1,3
davisjd01,2018,1,HOU,1,0,3,9.0,1,0,1
daviska01,2000,1,CLE,5,2,33,14.73,20,8,2
daviska01,2000,2,MIL,3,0,12,6.75,7,5,2
daviska01,2001,1,COL,57,0,205,4.35,66,32,47
daviska01,2002,1,NYN,16,0,42,7.07,15,11,24
daviska01,2005,1,MIL,15,0,50,2.7,10,10,11
daviska01,2007,1,PHI,11,0,34,5.56,17,8,10
davisla01,2001,1,CIN,20,20,319,4.74,124,34,53
davisno01,2022,1,COL,1,0,3,18.0,3,1,2
davisno01,2023,1,COL,8,6,90,8.7,43,15,26
davisno01,2024,1,COL,9,0,61,5.75,31,7,15
davisno01,2025,1,LAN,5,0,18,19.5,10,5,8
davisno01,2025,2,MIN,4,0,15,16.2,12,1,7
davisro03,2017,1,CIN,7,6,72,8.63,38,14,20
davisro03,2019,1,PIT,5,1,32,6.75,12,8,10
davista01,2019,1,CHN,1,0,3,0.0,3,0,0
daviswa01,2009,1,TB,6,6,109,3.72,33,13,36
daviswa01,2010,1,TB,29,29,504,4.07,165,62,113
daviswa01,2011,1,TB,29,29,552,4.45,190,63,105
daviswa01,2012,1,TB,54,0,211,2.43,48,29,87
daviswa01,2013,1,KCA,31,24,406,5.32,169,58,114
daviswa01,2014,1,KCA,71,0,216,1.0,38,23,109
daviswa01,2015,1,KCA,69,0,202,0.94,33,20,78
daviswa01,2016,1,KCA,45,0,130,1.87,33,16,47
daviswa01,2017,1,CHN,59,0,176,2.3,39,28,79
daviswa01,2018,1,COL,69,0,196,4.13,43,26,78
daviswa01,2019,1,COL,50,0,128,8.65,51,29,42
daviswa01,2020,1,COL,5,0,13,20.77,9,3,3
daviswa01,2021,1,KCA,40,0,128,6.75,44,19,38
dawlejo01,2002,1,ATL,1,0,1,0.0,0,0,1
dawlejo01,2003,1,ATL,5,0,21,18.0,15,3,8
dawlejo01,2004,1,CLE,2,2,25,5.4,7,7,8
dayde01,2007,1,CHA,13,0,36,11.25,19,9,7
daytogr01,2016,1,LAN,25,0,79,2.05,14,6,39
daytogr01,2017,1,LAN,29,0,71,4.94,19,12,20
daytogr01,2019,1,ATL,14,0,36,3.0,12,4,14
daytogr01,2020,1,ATL,18,0,82,2.3,22,11,32
daytogr01,2021,1,ATL,13,0,39,6.23,15,6,14
dayza01,2002,1,WAS,19,2,112,3.62,28,15,25
dayza01,2003,1,WAS,23,23,394,4.18,132,59,61
dayza01,2004,1,WAS,19,19,350,3.93,117,45,61
dayza01,2005,1,WAS,12,5,108,6.75,41,25,16
dayza01,2005,2,COL,5,3,34,7.15,20,7,7
dayza01,2006,1,COL,3,3,40,10.8,22,10,6
dayza01,2006,2,WAS,5,5,80,4.73,29,11,13
deagoro01,2003,1,SDN,2,2,31,7.84,11,8,10
deanpa02,2016,1,MIN,19,9,202,6.28,88,23,50
deckeja01,2015,1,PIT,1,0,3,0.0,2,0,0
dedunsa01,2010,1,COL,4,0,8,3.38,3,1,3
dedunsa01,2011,1,SDN,2,0,9,3.0,5,3,4
dedunsa01,2012,1,MIN,15,15,237,4.44,69,53,57
dedunsa01,2013,1,MIN,18,18,324,3.83,105,41,67
dedunsa01,2014,1,MIN,30,8,276,4.6,92,41,74
dedunsa01,2014,2,HOU,5,1,26,3.12,5,5,9
dedunsa01,2015,1,HOU,9,2,63,6.86,24,9,17
deetzde01,2018,1,HOU,4,0,10,5.4,4,1,3
defraju01,2011,1,PHI,5,0,12,2.25,1,3,3
defraju01,2012,1,PHI,13,0,32,3.38,7,5,8
defraju01,2013,1,PHI,58,0,140,3.86,45,25,42
defraju01,2014,1,PHI,54,0,158,2.39,45,12,49
defraju01,2015,1,PHI,61,0,240,5.51,92,32,68
degeubr01,2021,1,TEX,19,0,80,8.44,31,13,26
degeubr01,2021,2,ARI,28,0,70,6.56,31,12,15
degeubr01,2024,1,SEA,4,0,10,2.7,4,0,2
degeubr01,2024,2,MIA,7,0,17,6.35,7,2,4
degeubr01,2024,3,TOR,2,0,7,15.43,3,2,1
degeubr01,2025,1,PHI,1,0,6,4.5,1,3,0
degroja01,2014,1,NYN,22,22,421,2.69,117,43,144
degroja01,2015,1,NYN,30,30,573,2.54,149,38,205
degroja01,2016,1,NYN,24,24,444,3.04,142,36,143
degroja01,2017,1,NYN,31,31,604,3.53,180,59,239
degroja01,2018,1,NYN,32,32,651,1.7,152,46,269
degroja01,2019,1,NYN,32,32,612,2.43,154,44,255
degroja01,2020,1,NYN,12,12,204,2.38,47,18,104
degroja01,2021,1,NYN,15,15,276,1.08,40,11,146
degroja01,2022,1,NYN,11,11,193,3.08,40,8,102
degroja01,2023,1,TEX,6,6,91,2.67,19,4,45
degroja01,2024,1,TEX,3,3,32,1.69,11,1,14
degroja01,2025,1,TEX,30,30,518,2.97,122,37,185
deharri01,2003,1,KCA,4,0,12,13.5,8,2,1
dejeami01,2000,1,COL,54,0,160,4.89,54,30,34
dejeami01,2001,1,MIL,75,0,253,2.77,75,39,68
dejeami01,2002,1,MIL,68,0,225,3.12,66,39,65
dejeami01,2003,1,MIL,58,0,194,4.87,69,27,58
dejeami01,2003,2,SLN,18,0,54,4.0,17,12,13
dejeami01,2004,1,BAL,37,0,119,6.13,49,28,36
dejeami01,2004,2,NYN,17,0,64,1.69,21,5,24
dejeami01,2005,1,NYN,28,0,77,6.31,36,18,17
dejeami01,2005,2,COL,38,0,110,3.19,26,12,35
dejeami01,2006,1,COL,2,0,5,0.0,1,2,0
dejesan01,2022,1,DET,8,0,38,2.13,9,4,7
dejesen01,2023,1,MIA,2,0,19,11.37,9,4,5
dejonch01,2017,1,SEA,7,4,85,6.35,31,13,13
dejonch01,2018,1,MIN,4,4,53,3.57,18,6,13
dejonch01,2019,1,MIN,1,0,3,36.0,3,3,0
dejonch01,2020,1,HOU,3,2,22,14.73,12,4,9
dejonch01,2021,1,PIT,9,9,131,5.77,49,19,39
dejonch01,2022,1,PIT,42,0,215,2.64,52,30,59
dejonch01,2023,1,PIT,6,0,34,13.5,18,6,7
dejonjo01,2007,1,TOR,6,0,27,8.0,11,5,7
delabst01,2011,1,SEA,6,0,21,2.57,5,4,7
delabst01,2012,1,SEA,34,0,110,4.17,23,11,46
delabst01,2012,2,TOR,27,0,88,3.38,23,15,46
delabst01,2013,1,TOR,55,0,176,3.22,50,29,82
delabst01,2014,1,TOR,30,0,77,4.91,19,19,21
delabst01,2015,1,TOR,31,0,88,5.22,28,14,30
delabst01,2016,1,CIN,7,0,24,6.75,5,10,10
delaceu01,2007,1,DET,6,0,20,6.75,10,4,5
delaceu01,2008,1,MIA,6,1,27,18.0,15,11,4
delaceu01,2009,1,SDN,3,0,10,5.4,2,6,2
delaceu01,2011,1,MIL,11,0,39,2.77,10,5,9
delacjo01,2016,1,ATL,22,9,188,4.88,65,22,37
delanro01,2010,1,MIN,1,0,3,9.0,2,1,0
delanro01,2011,1,TB,4,0,15,10.8,4,7,3
delarda01,2011,1,TB,7,0,22,9.82,10,3,8
delarda01,2012,1,TB,5,0,15,12.6,7,2,5
delarda01,2013,1,LAA,75,0,217,2.86,56,28,65
delarda01,2014,1,LAA,3,0,7,11.57,3,3,0
delareu01,2013,1,ARI,19,0,44,7.36,13,5,16
delareu01,2014,1,ARI,25,0,110,2.95,37,14,32
delarjo01,2004,1,MIL,5,5,68,6.35,29,14,5
delarjo01,2005,1,MIL,38,0,127,4.46,48,38,42
delarjo01,2006,1,MIL,18,3,91,8.6,32,22,31
delarjo01,2006,2,KCA,10,10,146,5.18,49,32,36
delarjo01,2007,1,KCA,26,23,390,5.82,160,53,82
delarjo01,2008,1,COL,28,23,390,4.92,128,62,128
delarjo01,2009,1,COL,33,32,555,4.38,172,83,193
delarjo01,2010,1,COL,20,20,365,4.22,105,55,113
delarjo01,2011,1,COL,10,10,177,3.51,48,22,52
delarjo01,2012,1,COL,3,3,32,9.28,17,2,6
delarjo01,2013,1,COL,30,30,503,3.49,170,62,112
delarjo01,2014,1,COL,32,32,553,4.1,161,67,139
delarjo01,2015,1,COL,26,26,447,4.17,137,65,134
delarjo01,2016,1,COL,27,24,402,5.51,157,63,108
delarjo01,2017,1,ARI,65,0,154,4.21,46,21,45
delarjo01,2018,1,ARI,42,0,105,4.63,37,19,27
delarjo01,2018,2,CHN,17,0,63,1.29,14,8,20
delarru01,2011,1,LAN,13,10,182,3.71,54,31,60
delarru01,2012,1,LAN,1,0,2,27.0,0,2,0
delarru01,2013,1,BOS,11,0,34,5.56,15,2,6
delarru01,2014,1,BOS,19,18,305,4.43,116,35,74
delarru01,2015,1,ARI,32,32,566,4.67,193,63,150
delarru01,2016,1,ARI,13,10,152,4.26,43,20,54
delarru01,2017,1,ARI,9,0,23,4.7,7,4,12
delatjo01,2013,1,BOS,7,0,34,6.35,10,10,15
delcama01,2005,1,BOS,10,0,27,3.0,8,7,9
delcama01,2006,1,BOS,50,0,160,5.06,68,17,45
delcama01,2007,1,BOS,44,0,132,2.05,28,17,41
delcama01,2008,1,BOS,73,0,223,3.27,55,28,72
delcama01,2009,1,BOS,64,0,179,4.53,64,34,44
delcama01,2010,1,BOS,48,0,132,4.7,33,28,32
delcama01,2010,2,COL,9,0,25,6.48,12,4,6
deleojo02,2013,1,HOU,11,0,30,5.4,12,7,6
deleojo02,2014,1,HOU,8,0,22,4.91,9,3,4
deleojo03,2016,1,LAN,4,4,51,6.35,19,7,15
deleojo03,2017,1,TB,1,0,8,10.13,4,3,2
deleojo03,2019,1,TB,3,0,12,2.25,3,3,7
deleojo03,2020,1,CIN,5,0,18,18.0,6,11,10
deleojo03,2021,1,CIN,9,2,55,8.35,22,11,33
deleojo03,2023,1,MIN,13,1,52,4.67,16,5,17
deleojo03,2025,1,BOS,1,1,20,4.05,8,3,8
delgaje01,2008,1,MIA,2,0,6,4.5,1,3,0
delgara01,2011,1,ATL,7,7,105,2.83,29,14,18
delgara01,2012,1,ATL,18,17,278,4.37,89,42,76
delgara01,2013,1,ARI,20,19,349,4.26,116,23,79
delgara01,2014,1,ARI,47,4,233,4.87,71,35,86
delgara01,2015,1,ARI,64,1,216,3.25,63,33,73
delgara01,2016,1,ARI,79,0,225,4.44,77,36,68
delgara01,2017,1,ARI,26,5,188,3.59,60,14,60
delgara01,2018,1,ARI,10,0,34,4.76,11,6,5
delosab01,2015,1,WAS,2,0,5,5.4,2,1,3
delosab01,2016,1,CIN,5,0,17,11.12,7,4,2
delosen01,2018,1,PHI,7,2,57,4.74,19,8,15
delosen01,2019,1,PHI,5,1,33,7.36,13,5,9
delosen01,2021,1,PHI,26,0,84,6.75,34,14,42
delosen01,2021,2,PIT,7,0,22,4.91,9,4,6
delosen01,2022,1,CLE,50,0,160,3.04,40,17,61
delosen01,2023,1,CLE,70,0,197,3.29,50,25,62
delosen01,2024,1,SDN,44,0,121,4.46,39,13,48
delosen01,2024,2,NYA,5,0,19,14.21,13,3,5
delosen01,2024,3,CHA,15,0,52,3.63,13,9,13
delosen01,2025,1,ATL,43,0,131,4.53,39,18,38
delosen01,2025,2,HOU,22,0,67,4.03,22,6,24
delosfa01,2011,1,ATH,34,0,100,4.32,27,17,43
delosfa01,2012,1,ATH,6,0,9,3.0,7,3,3
deloslu02,2002,1,TB,3,3,42,11.57,24,4,7
delosva01,2000,1,MIL,66,2,221,5.13,72,33,70
delosva01,2001,1,MIL,1,0,3,9.0,1,1,1
delosva01,2002,1,MIL,51,0,173,3.12,42,26,38
delosva01,2003,1,MIL,45,0,144,4.13,38,22,35
delosva01,2003,2,PHI,6,0,12,9.0,7,3,4
delosva01,2004,1,TOR,17,0,35,6.17,11,10,10
delosva01,2005,1,MIA,27,0,66,6.14,25,12,16
delosva01,2008,1,COL,2,2,24,5.63,6,11,10
delosye01,2022,1,PIT,26,0,77,4.91,22,11,26
delosye01,2023,1,PIT,22,0,73,3.33,17,13,18
delosye01,2025,1,NYA,25,0,107,3.28,37,17,28
delpomi01,2019,1,LAA,17,0,28,10.61,10,8,11
delpomi01,2020,1,PIT,5,0,11,17.18,7,8,2
delpomi01,2021,1,DET,5,0,16,3.38,8,2,4
delroen01,2010,1,CIN,9,0,26,2.08,13,4,3
delroen01,2010,2,HOU,2,0,4,20.25,4,0,1
delroen01,2011,1,HOU,54,0,159,4.58,59,31,31
delroen01,2012,1,HOU,19,0,57,9.0,34,7,11
deltomi01,2000,1,SFN,9,1,52,5.19,17,6,16
demarch01,2005,1,KCA,8,0,27,9.0,14,5,11
demarch01,2006,1,MIL,10,0,41,5.93,10,9,11
demelsa01,2010,1,ARI,37,0,111,5.35,42,12,33
demelsa01,2011,1,ARI,34,0,77,4.21,31,13,15
demelsa01,2012,1,ARI,1,0,3,9.0,2,1,0
demertr01,2020,1,DET,1,0,3,36.0,4,0,0
dempsry01,2000,1,MIA,33,33,679,3.66,210,97,209
dempsry01,2001,1,MIA,34,34,634,4.94,218,112,171
dempsry01,2002,1,MIA,18,18,361,4.79,126,55,87
dempsry01,2002,2,CIN,15,15,266,6.19,102,38,66
dempsry01,2003,1,CIN,22,20,347,6.54,134,70,84
dempsry01,2004,1,CHN,23,0,62,3.92,16,13,18
dempsry01,2005,1,CHN,63,6,276,3.13,83,49,89
dempsry01,2006,1,CHN,74,0,225,4.8,77,36,67
dempsry01,2007,1,CHN,66,0,200,4.73,59,30,55
dempsry01,2008,1,CHN,33,33,620,2.96,174,76,187
dempsry01,2009,1,CHN,31,31,600,3.65,196,65,172
dempsry01,2010,1,CHN,34,34,646,3.85,198,86,208
dempsry01,2011,1,CHN,34,34,607,4.8,211,82,191
dempsry01,2012,1,CHN,16,16,312,2.25,81,27,83
dempsry01,2012,2,TEX,12,12,207,5.09,74,25,70
dempsry01,2013,1,BOS,32,29,514,4.57,170,79,157
denneky01,2004,1,CLE,4,4,48,9.56,32,8,13
denniry01,2014,1,CIN,8,0,14,11.57,7,4,3
denorch01,2015,1,CHN,1,0,1,0.0,0,0,0
depaujo01,2003,1,NYA,4,1,34,0.79,3,1,7
depaujo01,2004,1,NYA,3,1,27,5.0,9,4,2
depaujo01,2005,1,NYA,3,0,20,8.1,8,3,3
depaujo02,2015,1,NYA,1,0,10,2.7,2,4,2
depauju01,2007,1,MIN,16,0,60,8.55,30,10,8
depause01,2000,1,CLE,13,0,50,5.94,20,14,16
depause01,2002,1,CLE,5,0,19,12.79,11,3,8
dermoma01,2016,1,TOR,5,0,9,12.0,6,0,5
dermoma01,2017,1,TOR,23,0,67,4.43,23,5,15
dermoma01,2020,1,CHN,1,0,3,0.0,0,0,1
dermoma01,2022,1,CHN,1,0,3,18.0,2,2,1
dermoma01,2023,1,BOS,1,1,12,6.75,4,1,1
desalma01,2007,1,NYA,7,6,83,6.18,34,18,10
desalma01,2008,1,ATL,2,0,6,31.5,11,2,2
descada01,2014,1,SLN,1,0,1,0.0,0,0,0
descada01,2017,1,ARI,2,0,6,0.0,0,0,0
descada01,2018,1,ARI,2,0,10,8.1,4,1,2
descada01,2019,1,CHN,1,0,3,18.0,2,0,0
desclan01,2014,1,MIA,13,5,99,6.27,40,5,26
desclan01,2015,1,CIN,31,31,554,4.05,194,55,151
desclan01,2016,1,CIN,20,20,370,3.28,120,30,105
desclan01,2018,1,CIN,21,21,345,4.93,118,30,108
desclan01,2019,1,CIN,31,31,500,3.89,151,49,167
desclan01,2020,1,CIN,9,7,101,7.22,41,16,25
desclan01,2021,1,SFN,31,31,503,3.17,141,42,152
desclan01,2022,1,SFN,5,5,57,6.63,34,4,17
desclan01,2023,1,SFN,19,18,299,4.88,105,20,79
desclan01,2025,1,ARI,13,4,116,5.12,37,12,36
desmoia01,2019,1,COL,1,0,3,0.0,1,0,0
despaod01,2014,1,SDN,16,16,289,3.36,85,32,65
despaod01,2015,1,SDN,34,18,377,5.8,142,32,69
despaod01,2016,1,BAL,16,0,82,5.6,32,15,17
despaod01,2016,2,MIA,3,0,9,9.0,4,1,0
despaod01,2017,1,MIA,18,8,175,4.01,57,24,31
despaod01,2018,1,MIA,11,1,61,5.31,22,8,18
despaod01,2018,2,LAA,8,4,56,8.2,30,11,17
despaod01,2019,1,CHA,3,3,40,9.45,24,7,7
desseel01,2000,1,CIN,40,16,442,4.28,170,43,85
desseel01,2001,1,CIN,34,34,615,4.48,221,56,128
desseel01,2002,1,CIN,30,30,534,3.03,173,49,93
desseel01,2003,1,ARI,34,30,527,5.07,212,57,113
desseel01,2004,1,ARI,38,9,256,4.75,107,23,55
desseel01,2004,2,LAN,12,1,59,3.2,16,8,18
desseel01,2005,1,LAN,28,7,197,3.56,63,19,37
desseel01,2006,1,KCA,43,0,162,4.5,63,13,36
desseel01,2006,2,LAN,19,0,69,4.7,23,9,16
desseel01,2007,1,MIL,12,0,45,6.6,24,3,12
desseel01,2007,2,COL,5,5,57,7.58,21,9,10
desseel01,2008,1,ATL,4,0,12,22.5,10,4,2
desseel01,2009,1,NYN,28,0,98,3.31,24,10,14
desseel01,2010,1,NYN,53,0,141,2.3,41,16,16
detmere01,2021,1,LAA,5,5,62,7.4,26,11,19
detmere01,2022,1,LAA,25,25,387,3.77,110,46,122
detmere01,2023,1,LAA,28,28,446,4.48,141,60,168
detmere01,2024,1,LAA,17,17,262,6.7,98,38,109
detmere01,2025,1,LAA,61,0,191,3.96,58,25,80
detwiro01,2007,1,WAS,1,0,3,0.0,0,0,1
detwiro01,2009,1,WAS,15,14,227,5.0,87,33,43
detwiro01,2010,1,WAS,8,5,89,4.25,34,14,17
detwiro01,2011,1,WAS,15,10,198,3.0,63,20,41
detwiro01,2012,1,WAS,33,27,493,3.4,149,52,105
detwiro01,2013,1,WAS,13,13,214,4.04,92,14,39
detwiro01,2014,1,WAS,47,0,189,4.0,68,21,39
detwiro01,2015,1,TEX,17,7,129,7.12,62,20,28
detwiro01,2015,2,ATL,24,0,46,7.63,20,16,13
detwiro01,2016,1,CLE,7,0,14,5.79,3,4,3
detwiro01,2016,2,ATH,9,7,132,6.14,56,15,23
detwiro01,2018,1,SEA,1,0,18,4.5,8,2,2
detwiro01,2019,1,CHA,18,12,209,6.59,86,27,46
detwiro01,2020,1,CHA,16,0,59,3.2,19,5,15
detwiro01,2021,1,MIA,46,5,136,4.96,41,15,56
detwiro01,2021,2,SDN,7,0,21,2.57,3,5,6
detwiro01,2022,1,CIN,30,0,79,4.44,31,10,28
devench02,2016,1,HOU,48,5,325,2.16,79,20,104
devench02,2017,1,HOU,62,0,242,2.68,50,26,100
devench02,2018,1,HOU,50,1,142,4.18,42,13,51
devench02,2019,1,HOU,61,1,207,4.83,69,21,72
devench02,2020,1,HOU,4,0,11,14.73,7,3,5
devench02,2021,1,ARI,8,0,22,8.59,11,2,5
devench02,2022,1,ARI,10,0,32,7.59,14,1,9
devench02,2022,2,PHI,3,0,12,11.25,7,0,3
devench02,2023,1,LAA,29,0,101,5.08,31,9,33
devench02,2023,2,TB,9,0,26,2.08,5,2,9
devench02,2024,1,TB,19,0,80,6.75,28,14,24
devench02,2025,1,NYN,13,1,50,2.16,10,5,14
devinjo01,2005,1,ATL,5,0,15,12.6,6,5,3
devinjo01,2006,1,ATL,10,0,19,9.95,8,9,10
devinjo01,2007,1,ATL,10,0,25,1.08,7,8,7
devinjo01,2008,1,ATH,42,0,137,0.59,23,15,49
devinjo01,2011,1,ATH,26,0,69,3.52,18,11,20
devrico01,2012,1,MIN,17,16,263,4.11,88,18,58
devrico01,2013,1,MIN,4,2,45,10.8,22,9,12
dewitma01,2000,1,TOR,8,0,41,8.56,20,9,6
dewitma01,2001,1,TOR,16,0,57,3.79,22,10,13
dewitma01,2002,1,SDN,5,0,22,1.23,6,3,5
diamosc01,2011,1,MIN,7,7,117,5.08,51,17,19
diamosc01,2012,1,MIN,27,27,519,3.54,184,31,90
diamosc01,2013,1,MIN,24,24,393,5.43,163,36,52
diamosc01,2016,1,TOR,1,0,3,27.0,2,2,0
diamoth01,2010,1,CHN,16,3,87,6.83,33,18,36
diazal03,2022,1,CIN,59,0,191,1.84,28,33,83
diazal03,2023,1,CIN,71,0,202,3.07,44,36,86
diazal03,2024,1,CIN,60,0,169,3.99,42,31,55
diazal03,2025,1,CIN,6,0,18,12.0,8,5,3
diazal03,2025,2,LAN,9,0,27,5.0,7,2,9
diazal03,2025,3,ATL,3,0,8,10.13,0,5,5
diazda01,2016,1,CIN,6,0,20,9.45,10,7,3
diazda01,2017,1,HOU,10,1,39,9.0,17,4,20
diazed04,2016,1,SEA,49,0,155,2.79,45,15,88
diazed04,2017,1,SEA,66,0,198,3.27,44,32,89
diazed04,2018,1,SEA,73,0,220,1.96,41,17,124
diazed04,2019,1,NYN,66,0,174,5.59,58,22,99
diazed04,2020,1,NYN,26,0,77,1.75,18,14,50
diazed04,2021,1,NYN,63,0,188,3.45,43,23,89
diazed04,2022,1,NYN,61,0,186,1.31,34,18,118
diazed04,2024,1,NYN,54,0,161,3.52,36,20,84
diazed04,2025,1,NYN,62,0,199,1.63,37,21,98
diazfe01,2004,1,CHA,18,7,148,6.75,62,16,33
diazja01,2014,1,LAA,5,0,17,3.18,4,3,8
diazja01,2015,1,COL,21,0,57,2.37,16,6,18
diazja01,2017,1,COL,4,0,15,9.0,12,5,2
diazja01,2019,1,COL,56,0,173,4.53,56,19,63
diazja01,2020,1,COL,24,0,60,7.65,31,14,17
diazjh01,2021,1,LAA,3,2,39,4.15,11,7,9
diazjh01,2022,1,LAA,4,3,46,2.93,13,10,11
diazjh01,2023,1,LAA,4,1,21,10.29,13,7,4
diazjh01,2024,1,SEA,5,1,29,4.66,14,3,8
diazjh01,2025,1,SEA,1,0,4,0.0,1,0,1
diazjo01,2006,1,KCA,4,0,20,10.8,10,8,3
diazjo01,2008,1,TEX,1,0,3,0.0,1,1,2
diazju03,2014,1,CIN,36,0,104,3.38,29,14,37
diazju03,2015,1,CIN,61,0,181,4.18,58,18,70
diazju03,2016,1,CIN,45,0,129,3.14,36,19,37
diazju03,2017,1,TB,31,0,90,5.7,32,15,28
diazmi02,2017,1,SDN,31,3,125,7.34,44,25,33
diazmi02,2018,1,SDN,11,0,56,4.82,16,12,30
diazmi02,2019,1,SDN,5,0,19,7.11,9,1,4
diazmi02,2021,1,SDN,25,2,126,3.64,31,19,46
diazmi02,2022,1,DET,3,0,11,2.45,1,2,3
diazmi02,2023,1,DET,12,3,42,0.64,8,5,16
diazmi02,2024,1,HOU,1,0,3,0.0,0,0,0
diazye01,2019,1,TOR,1,0,2,27.0,1,4,0
diazye01,2021,1,NYN,20,0,75,5.4,25,12,21
diazyi01,2024,1,ARI,7,4,85,3.81,27,12,19
diazyi01,2025,1,ARI,1,0,9,9.0,4,3,1
dickeco01,2022,1,SLN,1,0,3,0.0,2,1,0
dickera01,2001,1,TEX,4,0,36,6.75,13,7,4
dickera01,2003,1,TEX,38,13,350,5.09,135,38,94
dickera01,2004,1,TEX,25,15,313,5.61,136,33,57
dickera01,2005,1,TEX,9,4,89,6.67,29,17,15
dickera01,2006,1,TEX,1,1,10,18.9,8,1,1
dickera01,2008,1,SEA,32,14,337,5.21,124,51,58
dickera01,2009,1,MIN,35,1,193,4.62,74,30,42
dickera01,2010,1,NYN,27,26,523,2.84,165,42,104
dickera01,2011,1,NYN,33,32,626,3.28,202,54,134
dickera01,2012,1,NYN,34,33,701,2.73,192,54,230
dickera01,2013,1,TOR,34,34,674,4.21,207,71,177
dickera01,2014,1,TOR,34,34,647,3.71,191,74,173
dickera01,2015,1,TOR,33,33,643,3.91,195,61,126
dickera01,2016,1,TOR,30,29,509,4.46,169,63,126
dickera01,2017,1,ATL,31,31,570,4.26,193,67,136
dicksbr01,2011,1,SLN,4,1,25,3.24,9,3,7
dicksbr01,2012,1,SLN,4,0,19,7.11,10,2,6
dicksbr01,2021,1,SLN,2,0,6,13.5,5,0,1
dicksja01,2000,1,LAA,6,6,84,6.11,39,7,18
diehlph01,2019,1,COL,10,0,22,7.36,10,2,8
diehlph01,2020,1,COL,6,0,18,10.5,7,1,4
diehlph01,2022,1,CIN,5,0,17,11.12,8,3,3
diekmja01,2012,1,PHI,32,0,82,3.95,25,20,35
diekmja01,2013,1,PHI,45,0,115,2.58,34,16,41
diekmja01,2014,1,PHI,73,0,213,3.8,66,35,100
diekmja01,2015,1,PHI,41,0,110,5.15,40,24,49
diekmja01,2015,2,TEX,26,0,65,2.08,13,7,20
diekmja01,2016,1,TEX,66,0,159,3.4,36,26,59
diekmja01,2017,1,TEX,11,0,32,2.53,4,10,13
diekmja01,2018,1,TEX,47,0,117,3.69,31,23,48
diekmja01,2018,2,ARI,24,0,43,7.53,18,8,18
diekmja01,2019,1,KCA,48,0,125,4.75,33,23,63
diekmja01,2019,2,ATH,28,0,61,4.43,16,16,21
diekmja01,2020,1,ATH,21,0,64,0.42,8,12,31
diekmja01,2021,1,ATH,67,0,182,3.86,47,34,83
diekmja01,2022,1,BOS,44,0,115,4.23,27,30,51
diekmja01,2022,2,CHA,26,0,58,6.52,25,12,28
diekmja01,2023,1,CHA,13,0,34,7.94,11,13,11
diekmja01,2023,2,TB,50,0,136,2.18,26,25,53
diekmja01,2024,1,NYN,43,0,96,5.63,23,24,40
difelma01,2008,1,MIL,15,0,57,2.84,17,4,20
difelma01,2009,1,MIL,59,0,155,3.66,49,15,48
difelma01,2011,1,MIL,3,0,9,12.0,3,2,3
difowi01,2021,1,PIT,2,0,6,36.0,9,3,1
diggibe01,2002,1,MIL,5,5,72,8.63,28,18,15
dillati01,2008,1,MIL,13,0,43,4.4,17,6,5
dillati01,2009,1,MIL,2,0,13,12.46,7,5,1
dillati01,2011,1,MIL,24,0,86,4.08,26,4,27
dillati01,2012,1,MIL,34,0,111,4.38,45,14,29
dinarle01,2004,1,BOS,22,0,83,4.23,34,12,21
dinarle01,2005,1,BOS,8,1,44,1.84,13,5,15
dinarle01,2006,1,BOS,13,6,117,7.85,61,20,17
dinarle01,2007,1,ATH,35,20,394,4.11,136,50,59
dinarle01,2008,1,ATH,11,2,69,7.43,31,13,12
dinarle01,2009,1,KCA,5,5,64,10.13,41,15,8
dingmcr01,2000,1,NYA,10,0,33,6.55,18,3,8
dingmcr01,2001,1,COL,7,0,22,13.5,11,3,2
dingmcr01,2004,1,DET,24,0,88,6.75,33,22,16
dingmcr01,2005,1,DET,34,0,96,3.66,30,9,24
diplama01,2021,1,BAL,23,0,90,4.5,22,15,24
diplama01,2022,1,BAL,5,0,17,1.59,4,5,8
dipotje01,2000,1,COL,17,0,41,3.95,16,5,9
dixonbr01,2018,1,CIN,2,0,4,0.0,0,0,1
dixonbr01,2019,1,DET,2,0,6,9.0,1,0,1
dixonbr01,2023,1,SDN,1,0,3,0.0,0,0,0
dobbihu01,2025,1,BOS,13,11,183,4.13,61,17,45
dobnara01,2019,1,MIN,9,5,85,1.59,27,5,23
dobnara01,2020,1,MIN,10,10,140,4.05,50,13,27
dobnara01,2021,1,MIN,14,6,152,7.64,66,12,27
dobnara01,2024,1,MIN,5,0,29,5.59,11,5,7
dobnara01,2025,1,MIN,1,0,16,1.69,2,2,1
dodddy01,2023,1,ATL,7,7,103,7.6,53,12,15
dodddy01,2024,1,ATL,1,0,6,9.0,4,1,2
dodddy01,2025,1,ATL,28,0,105,3.6,28,5,30
dohmasc01,2004,1,COL,41,0,138,4.11,41,19,49
dohmasc01,2005,1,COL,32,0,93,6.1,33,19,35
dohmasc01,2006,1,COL,27,0,74,6.2,26,15,22
dohmasc01,2006,2,KCA,21,0,71,7.99,33,18,22
dohmasc01,2007,1,TB,31,0,98,3.31,29,18,26
dohmasc01,2008,1,TB,12,0,44,6.14,18,7,12
dohyky01,2021,1,PHI,1,0,3,0.0,1,1,1
dolisra01,2011,1,CHN,1,0,4,0.0,0,1,1
dolisra01,2012,1,CHN,34,0,114,6.39,40,23,24
dolisra01,2013,1,CHN,5,0,15,0.0,3,2,0
dolisra01,2020,1,TOR,24,0,72,1.5,16,14,31
dolisra01,2021,1,TOR,39,0,96,5.63,29,27,39
dollach01,2025,1,COL,21,21,294,6.52,103,49,82
dolsifr01,2008,1,DET,42,0,143,3.97,50,28,29
dolsifr01,2009,1,DET,6,0,32,1.69,13,4,3
dominjo01,2013,1,LAN,9,0,25,2.16,11,3,4
dominjo01,2014,1,LAN,5,0,19,11.37,7,3,8
dominjo01,2015,1,TB,4,0,17,0.0,2,2,5
dominjo01,2016,1,SDN,34,0,107,5.05,34,17,20
dominju01,2003,1,TEX,6,3,49,7.16,16,12,13
dominju01,2004,1,TEX,4,4,69,3.91,25,5,14
dominju01,2005,1,TEX,22,10,211,4.22,78,25,45
dominse01,2018,1,PHI,53,0,174,2.95,32,22,74
dominse01,2019,1,PHI,27,0,74,4.01,24,12,29
dominse01,2021,1,PHI,1,0,3,0.0,0,0,1
dominse01,2022,1,PHI,54,0,153,3.0,36,22,61
dominse01,2023,1,PHI,57,0,150,3.78,48,22,48
dominse01,2024,1,PHI,38,0,108,4.75,32,12,40
dominse01,2024,2,BAL,25,0,68,3.97,20,9,28
dominse01,2025,1,BAL,43,0,125,3.24,32,24,54
dominse01,2025,2,TOR,24,0,63,3.0,12,12,25
donaljo02,2023,1,NYA,1,0,3,0.0,0,0,0
donnebr01,2002,1,LAA,46,0,149,2.17,32,19,54
donnebr01,2003,1,LAA,63,0,222,1.58,55,24,79
donnebr01,2004,1,LAA,40,0,126,3.0,34,15,56
donnebr01,2005,1,LAA,65,0,196,3.72,60,19,53
donnebr01,2006,1,LAA,62,0,192,3.94,58,28,53
donnebr01,2007,1,BOS,27,0,62,3.05,19,5,15
donnebr01,2008,1,CLE,15,0,41,8.56,20,10,8
donnebr01,2009,1,MIA,30,0,76,1.78,22,9,25
donnebr01,2010,1,PIT,38,0,92,5.58,26,25,26
donnech01,2001,1,LAN,1,0,1,0.0,0,0,0
doolise01,2012,1,ATH,44,0,142,3.04,40,11,60
doolise01,2013,1,ATH,70,0,207,3.13,53,13,60
doolise01,2014,1,ATH,61,0,188,2.73,38,8,89
doolise01,2015,1,ATH,12,0,41,3.95,12,5,15
doolise01,2016,1,ATH,44,0,117,3.23,33,8,45
doolise01,2017,1,ATH,23,0,64,3.38,12,2,31
doolise01,2017,2,WAS,30,0,90,2.4,22,8,31
doolise01,2018,1,WAS,43,0,135,1.6,21,6,60
doolise01,2019,1,WAS,63,0,180,4.05,63,15,66
doolise01,2020,1,WAS,11,0,23,5.87,9,4,6
doolise01,2021,1,CIN,45,0,115,4.46,40,18,41
doolise01,2021,2,SEA,11,0,34,4.76,10,5,12
doolise01,2022,1,WAS,6,0,16,0.0,1,0,6
doteloc01,2000,1,HOU,50,16,375,5.4,127,61,142
doteloc01,2001,1,HOU,61,4,315,2.66,79,47,145
doteloc01,2002,1,HOU,83,0,292,1.85,58,27,118
doteloc01,2003,1,HOU,76,0,261,2.48,53,31,97
doteloc01,2004,1,HOU,32,0,104,3.12,27,15,50
doteloc01,2004,2,ATH,45,0,152,4.09,41,18,72
doteloc01,2005,1,ATH,15,0,46,3.52,10,11,16
doteloc01,2006,1,NYA,14,0,30,10.8,18,11,7
doteloc01,2007,1,KCA,24,0,69,3.91,24,11,29
doteloc01,2007,2,ATL,9,0,23,4.7,5,1,12
doteloc01,2008,1,CHA,72,0,201,3.76,52,29,92
doteloc01,2009,1,CHA,62,0,187,3.32,54,36,75
doteloc01,2010,1,PIT,41,0,120,4.28,35,17,48
doteloc01,2010,2,LAN,19,0,56,3.38,11,11,21
doteloc01,2010,3,COL,8,0,16,5.06,6,4,6
doteloc01,2011,1,TOR,36,0,88,3.68,20,12,30
doteloc01,2011,2,SLN,29,0,74,3.28,16,5,32
doteloc01,2012,1,DET,57,0,174,3.57,50,12,62
doteloc01,2013,1,DET,6,0,14,13.5,10,4,4
doubrfe01,2010,1,BOS,12,3,75,4.32,27,10,23
doubrfe01,2011,1,BOS,11,0,31,6.1,12,8,6
doubrfe01,2012,1,BOS,29,29,483,4.86,162,71,167
doubrfe01,2013,1,BOS,29,27,487,4.32,161,71,139
doubrfe01,2014,1,BOS,17,10,178,6.07,69,26,43
doubrfe01,2014,2,CHN,4,4,61,3.98,22,7,8
doubrfe01,2015,1,TOR,5,4,68,4.76,32,5,13
doubrfe01,2015,2,ATH,11,8,158,5.81,55,21,43
douglse01,2001,1,BAL,4,4,61,5.31,21,11,17
douglse01,2002,1,BAL,15,8,160,6.08,58,35,44
douglse01,2003,1,BAL,3,0,24,13.5,14,6,3
douglse01,2004,1,TOR,14,3,116,6.28,37,28,36
douglse01,2005,1,DET,18,16,262,5.56,92,33,55
dovalca01,2021,1,SFN,29,0,81,3.0,19,9,37
dovalca01,2022,1,SFN,68,0,203,2.53,54,30,80
dovalca01,2023,1,SFN,69,0,203,2.93,51,26,87
dovalca01,2024,1,SFN,62,0,177,4.88,54,39,78
dovalca01,2025,1,SFN,47,0,140,3.09,32,24,50
dovalca01,2025,2,NYA,22,0,56,4.82,19,11,22
dovede01,2007,1,SLN,3,0,9,15.0,5,1,1
dowdyky01,2019,1,TEX,13,1,67,7.25,26,18,17
dowdyky01,2022,1,CIN,2,0,19,0.0,5,3,3
downsda02,2012,1,DET,18,0,62,3.48,18,9,20
downsda02,2013,1,DET,29,0,106,4.84,36,11,37
downsda02,2014,1,HOU,45,0,104,5.45,28,19,27
downssc01,2000,1,CHN,18,18,282,5.17,117,37,63
downssc01,2000,2,WAS,1,1,9,9.0,5,3,0
downssc01,2003,1,WAS,1,1,9,15.0,5,3,4
downssc01,2004,1,WAS,12,12,189,5.14,79,23,38
downssc01,2005,1,TOR,26,13,282,4.31,93,34,75
downssc01,2006,1,TOR,59,5,231,4.09,73,30,61
downssc01,2007,1,TOR,81,0,174,2.17,47,24,57
downssc01,2008,1,TOR,66,0,212,1.78,54,27,57
downssc01,2009,1,TOR,48,0,140,3.09,46,13,43
downssc01,2010,1,TOR,67,0,184,2.64,47,14,48
downssc01,2011,1,LAA,60,0,161,1.34,39,15,35
downssc01,2012,1,LAA,57,0,137,3.15,43,17,32
downssc01,2013,1,LAA,43,0,88,1.84,26,11,22
downssc01,2013,2,ATL,25,0,42,3.86,19,8,15
downssc01,2014,1,CHA,38,0,71,6.08,24,15,22
downssc01,2014,2,KCA,17,0,43,3.14,12,5,3
doyleto01,2020,1,COL,3,0,7,23.14,6,4,2
doyleto01,2023,1,COL,15,0,71,6.85,23,13,18
doyneco01,2007,1,BAL,5,0,11,14.73,7,3,2
doziebr01,2019,1,WAS,1,0,3,18.0,2,0,0
doziehu01,2022,1,KCA,1,0,3,18.0,2,1,0
drabeky01,2010,1,TOR,3,3,51,4.76,18,5,12
drabeky01,2011,1,TOR,18,14,236,6.06,87,55,51
drabeky01,2012,1,TOR,13,13,214,4.67,67,47,47
drabeky01,2013,1,TOR,3,0,7,7.71,4,2,3
drabeky01,2014,1,TOR,2,0,9,0.0,2,2,5
drabeky01,2015,1,CHA,3,0,16,5.06,9,2,3
drabeky01,2016,1,ARI,1,0,6,4.5,1,4,2
drakeol01,2015,1,BAL,13,0,47,2.87,16,9,17
drakeol01,2016,1,BAL,14,0,54,4.0,11,7,21
drakeol01,2017,1,BAL,3,0,10,8.1,6,3,3
drakeol01,2017,2,MIL,61,0,158,4.44,57,22,59
drakeol01,2018,1,MIL,11,0,38,6.39,14,8,15
drakeol01,2018,2,CLE,4,0,13,12.46,7,1,4
drakeol01,2018,3,LAA,8,0,26,5.19,15,1,8
drakeol01,2018,4,TOR,2,0,5,16.2,4,0,2
drakeol01,2018,5,MIN,19,0,61,2.21,12,7,22
drakeol01,2019,1,TB,50,0,168,3.21,36,19,70
drakeol01,2020,1,TB,11,0,33,5.73,7,6,7
dreifda01,2000,1,LAN,32,32,578,4.16,175,87,164
dreifda01,2001,1,LAN,16,16,284,5.13,89,47,91
dreifda01,2003,1,LAN,10,10,181,4.03,58,25,67
dreifda01,2004,1,LAN,60,0,152,4.44,43,36,63
dresery01,2001,1,CLE,9,4,110,3.44,32,15,24
dresery01,2002,1,CLE,26,26,412,6.55,176,62,102
dresery01,2003,1,TEX,11,8,138,6.85,61,24,26
dresery01,2004,1,TEX,34,33,623,4.2,233,58,98
dresery01,2005,1,TEX,12,12,209,6.46,96,24,20
dresery01,2005,2,WAS,11,11,179,4.98,66,22,26
dresery01,2006,1,WAS,2,2,26,5.19,9,8,5
drewti01,2000,1,CLE,3,3,27,10.0,17,8,5
drewti01,2001,1,CLE,8,6,105,7.97,51,16,15
drewti01,2002,1,WAS,7,1,48,2.81,12,2,10
drewti01,2003,1,WAS,6,1,26,12.46,12,8,3
drewti01,2004,1,ATL,11,0,48,4.5,21,5,7
dreyeja01,2025,1,LAN,67,5,229,2.95,56,24,74
drisktr01,2002,1,BAL,29,19,398,4.95,150,48,78
drisktr01,2003,1,BAL,20,0,144,6.0,62,9,33
drisktr01,2004,1,COL,5,0,25,6.48,13,3,6
drisktr01,2005,1,HOU,1,0,3,0.0,1,0,2
drisktr01,2007,1,HOU,2,0,18,4.5,10,1,4
drurybr01,2021,1,NYN,1,0,2,27.0,3,1,0
duartda01,2022,1,CIN,3,0,8,10.13,3,3,2
duartda01,2023,1,CIN,31,0,95,3.69,24,20,23
duartda01,2024,1,MIN,2,0,12,2.25,2,1,3
dubinsh01,2023,1,HOU,3,1,27,7.0,12,3,11
dubinsh01,2024,1,HOU,31,2,136,4.17,45,26,49
dubinsh01,2025,1,HOU,23,0,77,5.61,30,8,21
dubinsh01,2025,2,BAL,7,0,24,3.38,7,3,7
duboser01,2002,1,BAL,4,0,18,3.0,7,1,4
duboser01,2003,1,BAL,17,10,221,3.79,60,25,44
duboser01,2004,1,BAL,14,14,224,6.39,76,44,48
duboser01,2005,1,BAL,15,3,88,5.52,28,19,17
duboser01,2006,1,BAL,2,0,14,9.64,10,3,2
duchsju01,2001,1,TEX,5,2,44,12.27,24,4,11
duchsju01,2003,1,ATH,4,3,49,3.31,17,3,15
duchsju01,2004,1,ATH,53,0,289,3.27,85,32,59
duchsju01,2005,1,ATH,65,0,257,2.21,67,19,85
duchsju01,2006,1,ATH,53,0,167,2.91,52,9,51
duchsju01,2007,1,ATH,17,0,49,4.96,18,8,13
duchsju01,2008,1,ATH,22,22,425,2.54,107,34,95
duchsju01,2010,1,ATH,5,5,84,2.89,26,12,18
duckwbr01,2001,1,PHI,11,11,207,3.52,57,29,40
duckwbr01,2002,1,PHI,30,29,489,5.41,167,69,167
duckwbr01,2003,1,PHI,24,18,279,4.94,98,44,68
duckwbr01,2004,1,HOU,19,6,118,6.86,55,13,23
duckwbr01,2005,1,HOU,7,2,49,11.02,24,7,10
duckwbr01,2006,1,KCA,10,8,137,6.11,62,24,27
duckwbr01,2007,1,KCA,26,3,140,4.63,51,23,21
duckwbr01,2008,1,KCA,7,7,114,4.5,38,19,20
duensbr01,2009,1,MIN,24,9,252,3.64,84,31,53
duensbr01,2010,1,MIN,53,13,392,2.62,122,35,78
duensbr01,2011,1,MIN,32,28,485,5.23,193,52,115
duensbr01,2012,1,MIN,55,11,327,5.12,126,27,69
duensbr01,2013,1,MIN,73,0,183,3.98,68,22,56
duensbr01,2014,1,MIN,62,0,163,3.31,52,20,33
duensbr01,2015,1,MIN,55,0,146,4.25,46,21,24
duensbr01,2016,1,BAL,14,0,40,4.05,13,3,10
duensbr01,2017,1,CHN,68,0,187,2.74,58,18,61
duensbr01,2018,1,CHN,48,0,113,7.65,42,29,24
duffety01,2015,1,MIN,10,10,174,3.1,56,20,53
duffety01,2016,1,MIN,26,26,399,6.43,167,32,114
duffety01,2017,1,MIN,56,0,213,4.94,79,18,67
duffety01,2018,1,MIN,19,1,75,7.2,26,4,19
duffety01,2019,1,MIN,58,0,173,2.5,44,14,82
duffety01,2020,1,MIN,22,0,72,1.88,13,6,31
duffety01,2021,1,MIN,64,0,187,3.18,48,28,61
duffety01,2022,1,MIN,40,0,132,4.91,45,15,39
duffety01,2023,1,CHN,1,0,6,4.5,1,0,3
duffety01,2024,1,KCA,9,0,27,5.0,7,8,10
duffma01,2002,1,SLN,7,0,17,4.76,3,8,4
duffyda01,2011,1,KCA,20,20,316,5.64,119,51,87
duffyda01,2012,1,KCA,6,6,83,3.9,26,18,28
duffyda01,2013,1,KCA,5,5,73,1.85,19,14,22
duffyda01,2014,1,KCA,31,25,448,2.53,113,53,113
duffyda01,2015,1,KCA,30,24,410,4.08,137,53,102
duffyda01,2016,1,KCA,42,26,539,3.51,163,42,188
duffyda01,2017,1,KCA,24,24,439,3.81,143,41,130
duffyda01,2018,1,KCA,28,28,465,4.88,161,70,141
duffyda01,2019,1,KCA,23,23,392,4.34,125,46,115
duffyda01,2020,1,KCA,12,11,169,4.95,53,22,57
duffyda01,2021,1,KCA,13,12,183,2.51,52,22,65
duffyma01,2021,1,CHN,1,0,1,0.0,0,0,0
duffyma01,2023,1,KCA,2,0,6,4.5,3,0,0
duggero01,2019,1,MIA,7,7,103,5.77,33,17,25
duggero01,2020,1,MIA,4,1,32,12.66,21,3,4
duggero01,2021,1,SEA,12,4,77,7.36,34,12,19
duggero01,2022,1,TB,1,0,16,5.06,8,0,7
duggero01,2022,2,CIN,3,1,32,6.75,11,7,12
dukeza01,2005,1,PIT,14,14,254,1.81,79,23,58
dukeza01,2006,1,PIT,34,34,646,4.47,255,68,117
dukeza01,2007,1,PIT,20,19,322,5.53,161,25,41
dukeza01,2008,1,PIT,31,31,555,4.82,230,47,87
dukeza01,2009,1,PIT,32,32,639,4.06,231,49,106
dukeza01,2010,1,PIT,29,29,477,5.72,212,51,96
dukeza01,2011,1,ARI,21,9,230,4.93,101,19,32
dukeza01,2012,1,WAS,8,0,41,1.32,11,4,10
dukeza01,2013,1,WAS,12,1,62,8.71,31,8,11
dukeza01,2013,2,CIN,14,0,32,0.84,8,2,7
dukeza01,2014,1,MIL,74,0,176,2.45,49,17,74
dukeza01,2015,1,CHA,71,0,182,3.41,47,32,66
dukeza01,2016,1,CHA,53,0,113,2.63,31,16,42
dukeza01,2016,2,SLN,28,0,70,1.93,17,13,26
dukeza01,2017,1,SLN,27,0,55,3.93,13,6,12
dukeza01,2018,1,MIN,45,0,112,3.62,44,15,39
dukeza01,2018,2,SEA,27,0,44,5.52,13,6,12
dukeza01,2019,1,CIN,30,0,70,5.01,21,18,18
dullry01,2015,1,ATH,13,0,51,4.24,12,6,16
dullry01,2016,1,ATH,70,0,223,2.42,50,15,73
dullry01,2017,1,ATH,49,0,126,5.14,37,16,45
dullry01,2018,1,ATH,28,0,76,4.26,22,7,21
dullry01,2019,1,ATH,7,0,27,12.0,19,4,8
dullry01,2019,2,NYA,3,0,7,19.29,5,3,4
dullry01,2019,3,TOR,1,0,4,6.75,1,0,3
dumatph01,2007,1,CIN,6,6,54,15.0,39,12,9
dumatph01,2008,1,PIT,21,11,236,5.26,82,42,52
dumatph01,2009,1,PIT,15,0,39,6.92,13,11,7
dumatph01,2011,1,MIN,45,0,124,3.92,45,25,29
duncaco01,2001,1,CHN,36,0,128,5.06,42,25,49
duncaco01,2002,1,CHN,2,0,7,0.0,2,1,1
dunnad01,2014,1,CHA,1,0,3,9.0,2,1,0
dunnida01,2020,1,CHA,7,7,102,3.97,25,13,35
dunnida01,2021,1,TEX,27,25,353,4.51,126,43,114
dunnida01,2022,1,TEX,29,29,460,4.46,158,62,137
dunnida01,2023,1,TEX,35,26,518,3.7,163,55,140
dunnida01,2024,1,TEX,26,15,285,5.31,97,40,91
dunnida01,2025,1,TEX,5,0,32,3.38,9,5,10
dunnida01,2025,2,ATL,7,0,30,10.8,15,2,11
dunnija01,2013,1,SFN,29,0,76,2.84,20,11,16
dunnija01,2014,1,SFN,1,0,2,0.0,0,1,0
dunnju01,2019,1,SEA,4,4,20,2.7,2,9,5
dunnju01,2020,1,SEA,10,10,137,4.34,31,31,38
dunnju01,2021,1,SEA,11,11,151,3.75,37,29,49
dunnju01,2022,1,CIN,7,7,93,6.1,32,17,21
dunnmi01,2009,1,NYA,4,0,12,6.75,3,5,5
dunnmi01,2010,1,ATL,25,0,57,1.89,15,17,27
dunnmi01,2011,1,MIA,72,0,189,3.43,51,31,68
dunnmi01,2012,1,MIA,60,0,132,4.91,49,29,47
dunnmi01,2013,1,MIA,75,0,203,2.66,53,28,72
dunnmi01,2014,1,MIA,75,0,171,3.16,47,22,67
dunnmi01,2015,1,MIA,72,0,162,4.5,46,29,65
dunnmi01,2016,1,MIA,51,0,127,3.4,43,11,38
dunnmi01,2017,1,COL,68,0,151,4.47,43,28,57
dunnmi01,2018,1,COL,25,0,51,9.0,22,18,12
dunnmi01,2019,1,COL,28,0,53,7.13,17,6,15
dunnsc01,2004,1,LAA,3,0,9,9.0,7,1,2
dunnsc01,2006,1,TB,7,0,23,11.74,17,4,4
dunshpa01,2024,1,ATL,1,0,7,19.29,4,2,3
duplajo01,2019,1,ARI,15,3,110,4.42,39,18,34
duplajo01,2021,1,ARI,4,4,39,13.15,19,8,12
duranca01,2025,1,ATH,1,0,1,81.0,1,3,0
duranez01,2025,1,TEX,4,0,10,0.0,1,0,0
duranjh01,2022,1,MIN,57,0,203,1.86,50,16,89
duranjh01,2023,1,MIN,59,0,187,2.45,46,25,84
duranjh01,2024,1,MIN,58,0,163,3.64,48,15,66
duranjh01,2025,1,MIN,49,0,148,2.01,40,18,53
duranjh01,2025,2,PHI,23,0,62,2.18,18,1,27
durapmo01,2019,1,PIT,14,2,52,9.35,27,9,22
durbich01,2000,1,KCA,16,16,217,8.21,91,43,37
durbich01,2001,1,KCA,29,29,537,4.93,201,58,95
durbich01,2002,1,KCA,2,2,25,11.88,13,4,5
durbich01,2003,1,CLE,3,1,26,7.27,18,3,8
durbich01,2004,1,CLE,17,8,154,6.66,63,24,38
durbich01,2004,2,ARI,7,0,28,8.68,9,11,10
durbich01,2006,1,DET,3,0,18,1.5,6,0,3
durbich01,2007,1,DET,36,19,383,4.72,133,49,66
durbich01,2008,1,PHI,71,0,263,2.87,81,35,63
durbich01,2009,1,PHI,59,0,209,4.39,56,47,62
durbich01,2010,1,PHI,64,0,206,3.8,63,27,63
durbich01,2011,1,CLE,56,0,205,5.53,86,26,59
durbich01,2012,1,ATL,76,0,183,3.1,52,28,49
durbich01,2013,1,PHI,16,0,48,9.0,25,9,16
durbijd01,2004,1,MIN,4,1,22,7.36,12,6,6
durbijd01,2007,1,ARI,1,0,2,94.5,7,1,1
durbijd01,2007,2,PHI,18,10,194,5.15,71,36,39
durocja01,2002,1,MIL,39,0,144,1.88,27,21,44
durocja01,2003,1,MIL,6,0,22,11.05,9,2,7
duronni01,2022,1,PHI,1,0,3,0.0,2,0,1
durritr01,2004,1,MIL,1,0,1,0.0,0,0,0
duvalmi01,2000,1,TB,2,0,7,7.71,5,1,0
duvalmi01,2001,1,MIN,8,0,14,7.71,7,2,4
dwyerch01,2013,1,KCA,2,0,9,0.0,2,1,2
dysonsa01,2012,1,TOR,2,0,2,40.5,4,2,1
dysonsa01,2013,1,MIA,5,1,33,9.0,16,5,5
dysonsa01,2014,1,MIA,31,0,126,2.14,41,15,33
dysonsa01,2015,1,MIA,44,0,132,3.68,41,17,41
dysonsa01,2015,2,TEX,31,0,94,1.15,24,4,30
dysonsa01,2016,1,TEX,73,0,211,2.43,63,23,55
dysonsa01,2017,1,TEX,17,0,50,10.8,31,12,7
dysonsa01,2017,2,SFN,38,0,114,4.03,36,18,27
dysonsa01,2018,1,SFN,74,0,211,2.69,56,20,56
dysonsa01,2019,1,SFN,49,0,153,2.47,39,7,47
dysonsa01,2019,2,MIN,12,0,34,7.15,14,6,8
eadesry01,2019,1,MIN,2,0,11,0.0,4,2,5
eadesry01,2019,2,BAL,6,0,23,3.52,7,4,5
earlyco01,2025,1,BOS,4,4,58,2.33,17,4,29
eatonad01,2000,1,SDN,22,22,405,4.13,134,61,90
eatonad01,2001,1,SDN,17,17,350,4.32,108,40,109
eatonad01,2002,1,SDN,6,6,100,5.4,28,17,25
eatonad01,2003,1,SDN,31,31,549,4.08,173,68,146
eatonad01,2004,1,SDN,33,33,598,4.61,204,52,153
eatonad01,2005,1,SDN,24,22,386,4.27,140,44,100
eatonad01,2006,1,TEX,13,13,195,5.12,78,24,43
eatonad01,2007,1,PHI,30,30,485,6.29,192,71,97
eatonad01,2008,1,PHI,21,19,321,5.8,131,44,57
eatonad01,2009,1,BAL,8,8,123,8.56,56,19,28
eatonad01,2009,2,COL,4,0,24,5.63,9,8,7
eatonad02,2021,2,LAA,1,0,3,0.0,2,0,0
eatonna01,2023,1,KCA,1,0,3,0.0,2,0,1
eatonna01,2025,1,BOS,1,0,3,0.0,2,0,0
eckener01,2002,1,DET,7,0,24,5.63,14,2,13
eckener01,2003,1,DET,20,0,47,2.87,9,15,12
ederja01,2024,1,CHA,1,0,6,4.5,2,1,1
ederja01,2025,1,LAA,8,0,55,4.91,15,9,15
edginjo01,2012,1,NYN,34,0,77,4.56,19,10,30
edginjo01,2013,1,NYN,34,0,86,3.77,26,12,20
edginjo01,2014,1,NYN,47,0,82,1.32,19,6,28
edginjo01,2016,1,NYN,16,0,31,5.23,10,6,11
edginjo01,2017,1,NYN,46,0,111,3.65,39,18,27
edlefst01,2011,1,SFN,13,0,34,9.53,17,10,6
edlefst01,2012,1,SFN,14,0,46,4.7,20,6,9
edwarca01,2015,1,CHN,5,0,14,3.86,3,3,4
edwarca01,2016,1,CHN,36,0,108,3.75,15,14,52
edwarca01,2017,1,CHN,73,0,199,2.98,29,38,94
edwarca01,2018,1,CHN,58,0,156,2.6,36,32,67
edwarca01,2019,1,CHN,20,0,46,5.87,8,9,17
edwarca01,2019,2,SDN,2,0,5,32.4,4,4,2
edwarca01,2020,1,SEA,5,0,14,1.93,2,1,6
edwarca01,2021,1,ATL,1,0,1,81.0,3,1,1
edwarca01,2021,2,TOR,6,0,16,6.75,8,2,5
edwarca01,2022,1,WAS,57,0,186,2.76,51,25,56
edwarca01,2023,1,WAS,32,0,95,3.69,31,17,24
edwarca01,2024,1,SDN,1,0,0,,1,2,0
edwarca01,2025,1,LAA,2,0,9,9.0,4,1,2
edwarca01,2025,2,TEX,2,0,9,0.0,0,2,4
edwarjo02,2014,1,TEX,9,0,25,4.32,13,5,9
edwarjo02,2015,1,TEX,11,0,18,6.0,6,8,6
edwarjo02,2015,2,SDN,11,0,32,3.38,6,8,16
edwarjo02,2018,1,CLE,9,0,26,3.12,6,4,10
edwarjo02,2019,1,CLE,9,0,24,2.25,5,6,5
effrosc01,2021,1,CHN,14,0,44,3.68,13,1,18
effrosc01,2022,1,CHN,47,1,132,2.66,36,11,50
effrosc01,2022,2,NYA,13,0,38,2.13,9,4,12
effrosc01,2024,1,NYA,3,0,10,5.4,3,2,2
effrosc01,2025,1,NYA,11,0,32,8.44,16,3,6
eflinza01,2016,1,PHI,11,11,190,5.54,67,17,31
eflinza01,2017,1,PHI,11,11,193,6.16,79,12,35
eflinza01,2018,1,PHI,24,24,384,4.36,130,37,123
eflinza01,2019,1,PHI,32,28,490,4.13,172,48,129
eflinza01,2020,1,PHI,11,10,177,3.97,60,15,70
eflinza01,2021,1,PHI,18,18,317,4.17,116,16,99
eflinza01,2022,1,PHI,20,13,227,4.04,70,15,65
eflinza01,2023,1,TB,31,31,533,3.5,158,24,186
eflinza01,2024,1,TB,19,19,330,4.09,115,13,87
eflinza01,2024,2,BAL,9,9,166,2.6,51,11,47
eflinza01,2025,1,BAL,14,14,214,5.93,88,13,50
egberja01,2009,1,CHA,2,0,8,27.0,8,2,0
egberja01,2012,1,NYN,1,0,2,0.0,0,0,0
egeco01,2016,1,MIA,5,0,9,12.0,8,2,2
egeco01,2016,2,LAA,13,0,26,1.04,8,3,9
eibnebr01,2020,1,MIA,3,0,10,13.5,7,4,4
eickhje01,2015,1,PHI,8,8,153,2.65,40,13,49
eickhje01,2016,1,PHI,33,33,592,3.65,187,42,167
eickhje01,2017,1,PHI,24,24,384,4.71,142,53,118
eickhje01,2018,1,PHI,3,1,16,6.75,10,0,11
eickhje01,2019,1,PHI,12,10,175,5.71,58,18,51
eickhje01,2021,1,NYN,5,4,59,8.69,30,10,13
eickhje01,2022,1,PIT,1,1,13,20.77,10,1,4
eilanda01,2000,1,TB,17,10,164,7.24,77,18,17
einerda01,2000,1,NYA,11,0,38,3.55,16,4,3
eischjo01,2001,1,WAS,24,0,89,4.85,29,16,19
eischjo01,2002,1,WAS,59,0,161,1.34,43,18,51
eischjo01,2003,1,WAS,70,0,159,3.06,57,13,40
eischjo01,2004,1,WAS,21,0,55,3.93,16,8,17
eischjo01,2005,1,WAS,57,0,109,3.22,34,19,30
eischjo01,2006,1,WAS,22,0,44,8.59,18,19,18
eiserbr01,2024,1,TOR,3,0,20,4.05,5,4,2
eiserbr01,2025,1,CHA,72,3,209,4.39,75,25,74
ekstrmi01,2008,1,SDN,8,0,29,7.45,14,7,6
ekstrmi01,2009,1,SDN,12,0,55,6.38,21,8,19
ekstrmi01,2010,1,TB,15,0,49,3.31,12,9,10
ekstrmi01,2011,1,TB,1,0,3,0.0,1,0,1
ekstrmi01,2012,1,COL,15,0,47,6.32,21,2,9
elartsc01,2000,1,HOU,30,30,578,4.81,198,84,131
elartsc01,2001,1,HOU,20,20,329,7.14,126,49,76
elartsc01,2001,2,COL,4,4,69,6.65,20,10,11
elartsc01,2003,1,COL,11,10,155,6.27,73,20,20
elartsc01,2004,1,COL,8,8,124,9.8,57,20,23
elartsc01,2004,2,CLE,21,21,352,4.53,107,42,80
elartsc01,2005,1,CLE,31,31,545,4.61,189,48,103
elartsc01,2006,1,KCA,20,20,344,5.34,117,52,49
elartsc01,2007,1,KCA,9,9,111,10.46,53,21,13
elartsc01,2008,1,CLE,8,0,46,3.52,16,9,15
elbersc01,2008,1,LAN,10,0,18,12.0,9,4,8
elbersc01,2009,1,LAN,19,0,59,5.03,19,7,21
elbersc01,2010,1,LAN,1,0,2,13.5,1,3,0
elbersc01,2011,1,LAN,47,0,100,2.43,27,14,34
elbersc01,2012,1,LAN,43,0,98,2.2,27,13,29
elbersc01,2014,1,LAN,7,0,13,2.08,4,1,2
elderbr01,2022,1,ATL,10,9,162,3.17,44,23,47
elderbr01,2023,1,ATL,31,31,524,3.81,160,63,128
elderbr01,2024,1,ATL,10,10,149,6.52,64,17,46
elderbr01,2025,1,ATL,28,28,469,5.3,167,51,131
elderda01,2002,1,CLE,15,0,69,3.13,18,14,23
elderda01,2003,1,CLE,4,0,7,19.29,5,4,3
eldreca01,2000,1,CHA,20,20,336,4.58,103,59,97
eldreca01,2001,1,CHA,2,2,18,13.5,12,3,6
eldreca01,2003,1,SLN,62,0,202,3.74,62,31,67
eldreca01,2004,1,SLN,52,0,201,3.76,71,17,54
eldreca01,2005,1,SLN,31,1,111,2.19,35,18,29
eliasro01,2014,1,SEA,29,29,491,3.85,151,64,143
eliasro01,2015,1,SEA,22,20,346,4.14,106,44,97
eliasro01,2016,1,BOS,3,1,23,12.91,15,5,3
eliasro01,2017,1,BOS,1,0,1,0.0,0,1,1
eliasro01,2018,1,SEA,23,4,153,2.65,46,16,34
eliasro01,2019,1,SEA,44,0,141,3.64,41,17,45
eliasro01,2019,2,WAS,4,0,9,9.0,5,1,2
eliasro01,2022,1,SEA,7,0,23,3.52,7,3,6
ellarfr01,2024,1,CHA,25,0,72,3.75,18,12,26
ellarfr01,2025,1,CHA,18,3,51,4.24,8,19,22
elledse01,2020,1,SLN,12,0,35,4.63,11,8,14
elledse01,2021,1,SLN,11,0,35,4.63,13,7,11
ellinbr02,2015,1,MIA,23,0,75,2.88,17,13,18
ellinbr02,2016,1,MIA,32,0,99,2.45,27,16,32
ellinbr02,2017,1,MIA,42,0,134,7.25,48,35,48
ellisch01,2019,1,KCA,1,0,3,0.0,1,1,0
ellisch01,2021,1,TB,1,0,12,0.0,3,1,7
ellisch01,2021,2,BAL,6,6,76,2.49,18,13,16
ellisch01,2022,1,BAL,2,2,13,10.38,5,6,2
ellisro02,2001,1,ARI,19,17,276,5.77,106,34,41
ellisro02,2002,1,LAN,3,0,8,10.13,6,0,0
ellisro02,2003,1,TEX,4,4,55,8.35,26,10,8
elmorja01,2013,1,HOU,1,0,3,0.0,0,0,0
elmorja01,2015,1,TB,1,0,3,9.0,3,0,0
elyjo01,2010,1,LAN,18,18,300,5.49,105,40,76
elyjo01,2011,1,LAN,5,1,38,4.26,12,7,13
elyjo01,2012,1,LAN,2,0,8,20.25,6,4,3
emanuke01,2021,1,HOU,10,0,53,2.55,12,4,13
emanuke01,2024,1,MIA,12,0,53,6.62,20,7,12
embreal01,2000,1,SFN,63,0,180,4.95,62,25,49
embreal01,2001,1,SFN,22,0,60,11.25,34,10,25
embreal01,2001,2,CHA,39,0,102,5.03,31,7,34
embreal01,2002,1,SDN,36,0,86,1.26,23,9,38
embreal01,2002,2,BOS,32,0,100,2.97,24,11,43
embreal01,2003,1,BOS,65,0,165,4.25,49,16,45
embreal01,2004,1,BOS,71,0,157,4.13,49,11,37
embreal01,2005,1,BOS,43,0,113,7.65,42,11,30
embreal01,2005,2,NYA,24,0,43,7.53,20,3,8
embreal01,2006,1,SDN,73,0,157,3.27,50,15,53
embreal01,2007,1,ATH,68,0,204,3.97,67,19,51
embreal01,2008,1,ATH,70,0,185,4.96,59,30,57
embreal01,2009,1,COL,36,0,74,5.84,28,12,12
endertr01,2000,1,TB,9,0,28,10.61,14,5,5
englema01,2023,1,DET,31,1,168,5.46,67,17,41
englema01,2024,1,DET,12,1,65,5.4,23,5,16
englema01,2025,1,TB,29,0,134,3.83,43,11,44
englije01,2010,1,WAS,7,0,21,3.86,10,2,4
ennisjo01,2002,1,ATL,1,1,12,4.5,5,3,1
ennisjo01,2004,1,DET,12,0,48,8.44,20,5,13
ennisjo01,2007,1,PHI,3,1,23,8.22,12,3,8
ennsdi01,2017,1,MIN,2,1,12,6.75,7,1,2
ennsdi01,2021,1,TB,9,0,67,2.82,17,6,25
ennsdi01,2025,1,DET,7,2,53,5.6,23,4,15
ennsdi01,2025,2,BAL,17,1,86,3.14,27,11,34
enrigba01,2010,1,ARI,17,17,297,3.91,97,29,49
enrigba01,2011,1,ARI,7,7,113,7.41,50,15,21
enrigba01,2012,1,LAA,3,0,11,14.73,7,1,0
enrigba01,2013,1,LAA,4,2,25,12.96,12,7,6
enrigni01,2025,1,CLE,27,0,93,2.03,24,12,30
eovalna01,2011,1,LAN,10,6,104,3.63,28,20,23
eovalna01,2012,1,LAN,10,10,169,4.15,63,20,34
eovalna01,2012,2,MIA,12,12,189,4.43,70,27,44
eovalna01,2013,1,MIA,18,18,319,3.39,100,40,78
eovalna01,2014,1,MIA,33,33,599,4.37,223,43,142
eovalna01,2015,1,NYA,27,27,463,4.2,175,49,121
eovalna01,2016,1,NYA,24,21,374,4.76,123,40,97
eovalna01,2018,1,TB,10,10,171,4.26,48,8,53
eovalna01,2018,2,BOS,12,11,162,3.33,57,12,48
eovalna01,2019,1,BOS,23,12,203,5.99,72,35,70
eovalna01,2020,1,BOS,9,9,145,3.72,51,7,52
eovalna01,2021,1,BOS,32,32,547,3.75,182,35,195
eovalna01,2022,1,BOS,20,20,328,3.87,115,20,103
eovalna01,2023,1,TEX,25,25,432,3.63,117,47,132
eovalna01,2024,1,TEX,29,29,512,3.8,147,42,166
eovalna01,2025,1,TEX,22,22,390,1.73,90,21,129
eppleco01,2011,1,TEX,10,0,27,8.0,11,5,6
eppleco01,2012,1,NYA,59,0,138,3.33,46,17,32
eppleco01,2013,1,NYA,2,0,5,21.6,4,0,1
erceglu01,2023,1,ATH,50,0,165,4.75,51,36,68
erceglu01,2024,1,ATH,38,0,110,3.68,31,13,41
erceglu01,2024,2,KCA,23,0,75,2.88,18,3,31
erceglu01,2025,1,KCA,61,0,184,2.64,54,18,48
erdosto01,2000,1,NYA,14,0,75,5.04,31,11,18
erdosto01,2000,2,SDN,22,0,89,6.67,32,17,16
erdosto01,2001,1,BOS,10,0,49,4.96,15,8,7
ericksc01,2000,1,BAL,16,16,278,7.87,127,48,41
ericksc01,2002,1,BAL,29,28,482,5.55,192,68,74
ericksc01,2004,1,NYN,2,2,24,7.88,15,4,3
ericksc01,2004,2,TEX,4,4,57,6.16,23,16,6
ericksc01,2005,1,LAN,19,8,166,6.02,62,25,15
ericksc01,2006,1,NYA,9,0,34,7.94,13,7,2
erlinro01,2013,1,SDN,11,9,164,4.12,53,15,40
erlinro01,2014,1,SDN,13,11,184,4.99,71,15,46
erlinro01,2015,1,SDN,3,3,51,4.76,16,2,10
erlinro01,2016,1,SDN,3,2,47,4.02,12,3,13
erlinro01,2018,1,SDN,39,12,327,4.21,112,12,88
erlinro01,2019,1,SDN,37,1,166,5.37,72,15,52
erlinro01,2020,1,PIT,2,0,10,5.4,5,1,4
erlinro01,2020,2,ATL,7,5,70,8.49,28,6,21
erlinro01,2022,1,LAN,2,0,6,9.0,2,1,1
ervinph01,2018,1,CIN,1,0,1,0.0,0,0,0
escaled01,2010,1,COL,5,0,18,1.5,4,4,2
escaled01,2011,1,COL,14,0,77,1.75,17,7,14
escaled01,2012,1,COL,22,0,67,6.04,23,7,21
escaled01,2013,1,COL,37,0,138,5.67,52,14,34
escalse01,2009,1,PHI,14,0,41,4.61,12,5,10
escalse01,2011,1,HOU,49,0,83,2.93,24,11,25
eschja01,2016,1,MIA,3,3,39,5.54,17,6,10
eschja01,2017,1,SDN,1,0,0,,0,2,0
escobal02,2022,1,WAS,2,0,5,10.8,3,1,0
escobed01,2016,1,MIN,1,0,3,0.0,1,0,0
escobed01,2023,2,LAA,3,0,11,2.45,2,1,0
escobed02,2014,1,BOS,2,0,6,4.5,1,0,2
escobed02,2016,1,ARI,25,2,71,7.23,33,12,17
escobke01,2000,1,TOR,43,24,540,5.35,186,85,142
escobke01,2001,1,TOR,59,11,378,3.5,93,52,121
escobke01,2002,1,TOR,76,0,234,4.27,75,44,85
escobke01,2003,1,TOR,41,26,541,4.29,189,78,159
escobke01,2004,1,LAA,33,33,625,3.93,192,76,191
escobke01,2005,1,LAA,16,7,179,3.02,45,21,63
escobke01,2006,1,LAA,30,30,568,3.61,192,50,147
escobke01,2007,1,LAA,30,30,587,3.4,182,66,160
escobke01,2009,1,LAA,1,1,15,3.6,4,4,5
escoblu01,2019,1,PIT,4,0,17,7.94,10,4,2
eshelto01,2019,1,BAL,10,4,108,6.5,47,11,22
eshelto01,2020,1,BAL,12,4,104,3.89,34,9,16
eshelto01,2021,1,BAL,9,6,83,7.16,34,10,11
espadjo01,2023,1,SDN,1,0,3,0.0,0,2,2
espadjo01,2025,1,BAL,1,0,9,0.0,1,0,4
espinan01,2022,1,CHN,7,0,55,5.4,14,16,19
espinge01,2008,1,SFN,15,0,48,5.06,17,8,8
espinpa01,2017,1,MIL,6,2,53,6.11,17,8,13
espinpa01,2017,2,TEX,6,0,19,5.68,6,2,7
espinpa01,2020,1,WAS,2,1,18,4.5,8,2,7
espinpa01,2021,1,WAS,35,19,329,4.27,108,25,92
espinpa01,2022,1,WAS,42,19,340,4.84,131,24,92
espinpa01,2023,1,WAS,3,0,12,24.75,14,3,3
espinpa01,2024,1,TOR,3,1,26,8.31,14,5,3
espinra01,2021,1,BOS,1,0,6,9.0,2,1,0
espinra01,2022,1,CIN,2,0,14,7.71,6,1,5
espinsa01,2020,1,TOR,2,0,6,9.0,3,1,0
esposmi01,2005,1,COL,3,3,44,6.75,21,9,5
estesjo01,2023,1,ATH,2,2,30,7.2,12,2,7
estesjo01,2024,1,ATH,25,24,383,5.01,130,27,92
estesjo01,2025,1,ATH,3,2,33,9.82,16,6,6
estessh01,2000,1,SFN,30,30,571,4.26,194,108,136
estessh01,2001,1,SFN,27,27,477,4.02,151,77,109
estessh01,2002,1,NYN,23,23,398,4.55,133,66,92
estessh01,2002,2,CIN,6,6,84,7.71,38,17,17
estessh01,2003,1,CHN,29,28,457,5.73,182,83,103
estessh01,2004,1,COL,34,34,606,5.84,223,105,117
estessh01,2005,1,ARI,21,21,371,4.8,132,45,63
estessh01,2006,1,SDN,1,1,18,4.5,5,3,4
estessh01,2008,1,SDN,9,8,131,4.74,50,18,19
estevca01,2016,1,COL,63,0,165,5.24,50,28,59
estevca01,2017,1,COL,35,0,97,5.57,39,14,31
estevca01,2019,1,COL,71,0,216,3.75,70,23,81
estevca01,2020,1,COL,26,0,72,7.5,33,9,27
estevca01,2021,1,COL,64,0,185,4.38,71,21,60
estevca01,2022,1,COL,62,0,171,3.47,44,23,54
estevca01,2023,1,LAA,63,0,187,3.9,62,31,78
estevca01,2024,1,LAA,34,0,102,2.38,20,5,32
estevca01,2024,2,PHI,20,0,63,2.57,18,7,18
estevca01,2025,1,KCA,67,0,198,2.45,48,22,54
estraho01,2000,1,MIL,7,4,73,6.29,30,20,13
estraho01,2001,1,COL,4,0,13,14.54,8,1,4
estraje01,2022,1,CHN,5,0,17,3.18,6,3,8
estraje01,2023,1,CHN,12,0,32,6.75,12,12,13
estraje01,2024,1,SDN,62,0,183,2.95,42,23,94
estraje01,2025,1,SDN,77,0,219,3.45,58,27,108
estrala01,2025,1,TOR,2,0,22,8.59,10,1,10
estrama01,2008,1,WAS,11,0,38,7.82,17,5,10
estrama01,2009,1,WAS,4,1,22,6.14,6,4,9
estrama01,2010,1,MIL,7,1,34,9.53,14,6,13
estrama01,2011,1,MIL,43,7,278,4.08,83,29,88
estrama01,2012,1,MIL,29,23,415,3.64,129,29,143
estrama01,2013,1,MIL,21,21,384,3.87,109,29,118
estrama01,2014,1,MIL,39,18,452,4.36,137,44,127
estrama01,2015,1,TOR,34,28,543,3.13,134,55,131
estrama01,2016,1,TOR,29,29,528,3.48,132,65,165
estrama01,2017,1,TOR,33,33,558,4.98,186,71,176
estrama01,2018,1,TOR,28,28,431,5.64,155,50,103
estrama01,2019,1,ATH,5,5,71,6.85,23,8,11
estrele01,2000,1,TOR,2,0,14,5.79,9,0,3
estrele01,2003,1,MIL,58,0,198,4.36,75,21,25
estrele01,2004,1,SFN,2,0,4,27.0,8,1,0
etherse01,2000,1,LAA,11,11,181,5.52,68,22,32
etherse01,2003,1,CIN,7,7,90,6.9,39,15,17
etherse01,2005,1,ATH,3,3,53,6.62,16,5,10
etherse01,2006,1,KCA,2,2,23,9.39,10,6,4
evansde01,2020,1,TEX,4,0,12,2.25,3,0,4
evansde01,2021,1,TEX,25,0,79,5.13,24,16,33
evanslo01,2025,1,SEA,16,15,244,4.32,82,31,59
evansph01,2021,1,PIT,1,0,3,0.0,0,0,0
evelada01,2005,1,MIL,27,0,95,5.97,40,18,23
evelada01,2006,1,MIL,9,5,83,8.13,39,16,32
evelada01,2007,1,ARI,5,1,15,14.4,8,5,3
evelada01,2008,1,ATH,29,29,504,4.34,172,77,118
evelada01,2009,1,ATH,13,9,132,7.16,70,26,22
evelada01,2010,1,TOR,9,9,134,6.45,57,27,21
evelada01,2010,2,PIT,3,1,29,8.38,15,5,3
evelada01,2011,1,LAN,5,5,89,3.03,28,6,16
evelada01,2012,1,BAL,14,2,97,4.73,32,13,18
evelada01,2014,1,NYN,30,0,82,2.63,24,6,27
evelada01,2015,1,ATL,10,0,10,5.4,5,3,4
evelada01,2016,1,TB,33,0,69,9.0,32,19,21
eyresc01,2000,1,CHA,13,1,57,6.63,29,12,16
eyresc01,2001,1,TOR,17,0,47,3.45,15,7,16
eyresc01,2002,1,TOR,49,3,190,4.97,69,29,51
eyresc01,2002,2,SFN,21,0,34,1.59,11,7,7
eyresc01,2003,1,SFN,74,0,171,3.32,60,26,35
eyresc01,2004,1,SFN,83,0,158,4.1,43,27,49
eyresc01,2005,1,SFN,86,0,205,2.63,48,26,65
eyresc01,2006,1,CHN,74,0,184,3.38,61,30,73
eyresc01,2007,1,CHN,55,0,157,4.13,59,35,45
eyresc01,2008,1,CHN,19,0,34,7.15,15,4,14
eyresc01,2008,2,PHI,19,0,43,1.88,8,3,18
eyresc01,2009,1,PHI,42,0,90,1.5,22,16,22
eyrewi01,2006,1,MIN,42,0,178,5.31,75,22,26
eyrewi01,2007,1,TEX,33,2,204,5.16,78,32,42
eyrewi01,2009,1,TEX,17,0,54,4.5,18,6,8
eyrewi01,2011,1,BAL,19,0,55,3.44,12,5,10
faedoal01,2022,1,DET,12,12,161,5.53,63,25,44
faedoal01,2023,1,DET,15,12,194,4.45,48,20,58
faedoal01,2024,1,DET,37,6,172,3.61,49,28,55
fairbpe01,2019,1,TEX,8,0,26,9.35,8,7,15
fairbpe01,2019,2,TB,13,0,37,5.11,17,3,13
fairbpe01,2020,1,TB,27,2,80,2.7,23,14,39
fairbpe01,2021,1,TB,47,0,128,3.59,40,21,56
fairbpe01,2022,1,TB,24,0,72,1.13,13,3,38
fairbpe01,2023,1,TB,49,0,136,2.58,26,20,68
fairbpe01,2024,1,TB,46,0,136,3.57,36,17,44
fairbpe01,2025,1,TB,61,0,181,2.83,45,18,59
falkebr01,2004,1,LAN,6,0,43,7.53,19,9,11
falkebr01,2005,1,SDN,10,0,33,8.18,17,5,10
falkebr01,2006,1,SLN,5,0,19,2.84,5,0,5
falkebr01,2007,1,SLN,16,0,56,4.82,22,8,16
falkebr01,2008,1,LAN,16,0,35,6.17,11,4,9
falkebr01,2008,2,SDN,9,0,32,4.22,15,8,10
falteba01,2021,1,PHI,22,1,101,5.61,34,6,34
falteba01,2022,1,PHI,20,16,252,3.86,85,17,74
falteba01,2023,1,PHI,8,7,121,5.13,50,8,28
falteba01,2023,2,PIT,10,7,121,5.58,44,12,32
falteba01,2024,1,PIT,28,28,427,4.43,138,45,97
falteba01,2025,1,PIT,22,22,340,3.73,95,39,70
falteba01,2025,2,KCA,4,2,36,11.25,20,7,11
familje01,2012,1,NYN,8,1,37,5.84,10,9,10
familje01,2013,1,NYN,9,0,32,4.22,12,9,8
familje01,2014,1,NYN,76,0,232,2.21,59,32,73
familje01,2015,1,NYN,76,0,234,1.85,59,19,86
familje01,2016,1,NYN,78,0,233,2.55,63,31,84
familje01,2017,1,NYN,26,0,74,4.38,21,15,25
familje01,2018,1,NYN,40,0,122,2.88,36,14,43
familje01,2018,2,ATH,30,0,94,3.45,24,14,40
familje01,2019,1,NYN,66,0,180,5.7,62,42,63
familje01,2020,1,NYN,25,0,80,3.71,20,19,23
familje01,2021,1,NYN,65,0,178,3.94,57,27,72
familje01,2022,1,PHI,38,0,102,6.09,48,15,33
familje01,2022,2,BOS,10,0,31,6.1,10,7,8
familje01,2023,1,ATH,14,0,38,6.39,13,13,9
fariaja01,2017,1,TB,16,14,260,3.43,71,31,84
fariaja01,2018,1,TB,17,12,195,5.4,60,33,50
fariaja01,2019,1,TB,7,0,30,2.7,10,7,11
fariaja01,2019,2,MIL,9,0,26,11.42,18,5,8
fariaja01,2021,1,ARI,23,3,98,5.51,39,13,32
fariaja01,2023,1,BOS,1,0,6,22.5,4,4,3
farmebu01,2014,1,DET,4,2,28,11.57,12,5,11
farmebu01,2015,1,DET,14,5,121,7.36,53,17,24
farmebu01,2016,1,DET,14,1,88,4.6,25,20,27
farmebu01,2017,1,DET,11,11,144,6.75,55,20,49
farmebu01,2018,1,DET,66,1,208,4.15,67,41,57
farmebu01,2019,1,DET,73,1,203,3.72,62,24,73
farmebu01,2020,1,DET,23,0,64,3.8,20,5,14
farmebu01,2021,1,DET,36,0,106,6.37,40,21,37
farmebu01,2022,1,CIN,44,0,141,3.83,36,25,54
farmebu01,2023,1,CIN,71,0,225,4.2,58,29,70
farmebu01,2024,1,CIN,61,1,213,3.04,56,29,70
farmeky01,2019,1,CIN,1,0,4,0.0,1,0,0
farmeky01,2024,1,MIN,3,0,12,6.75,7,1,0
farmeky01,2025,1,COL,1,0,3,9.0,3,0,0
farnsje01,2002,1,DET,44,0,210,5.79,100,29,28
farnsky01,2000,1,CHN,46,5,231,6.43,90,50,74
farnsky01,2001,1,CHN,76,0,246,2.74,65,29,107
farnsky01,2002,1,CHN,45,0,140,7.33,53,24,46
farnsky01,2003,1,CHN,77,0,229,3.3,53,36,92
farnsky01,2004,1,CHN,72,0,200,4.73,67,33,78
farnsky01,2005,1,DET,46,0,128,2.32,29,20,55
farnsky01,2005,2,ATL,26,0,82,1.98,15,7,32
farnsky01,2006,1,NYA,72,0,198,4.36,62,28,75
farnsky01,2007,1,NYA,64,0,180,4.8,60,27,48
farnsky01,2008,1,NYA,45,0,133,3.65,43,17,43
farnsky01,2008,2,DET,16,0,48,6.75,27,5,18
farnsky01,2009,1,KCA,41,0,112,4.58,43,14,42
farnsky01,2010,1,KCA,37,0,134,2.42,40,12,36
farnsky01,2010,2,ATL,23,0,60,5.4,15,7,25
farnsky01,2011,1,TB,63,0,173,2.18,45,12,51
farnsky01,2012,1,TB,34,0,81,4.0,22,14,25
farnsky01,2013,1,TB,39,0,89,5.76,37,7,19
farnsky01,2013,2,PIT,9,0,26,1.04,6,3,9
farnsky01,2014,1,NYN,19,0,51,3.18,18,6,10
farnsky01,2014,2,HOU,16,0,35,6.17,14,9,8
farquda01,2011,1,TOR,3,0,6,13.5,4,2,1
farquda01,2013,1,SEA,46,0,167,4.2,44,22,79
farquda01,2014,1,SEA,66,0,213,2.66,58,22,81
farquda01,2015,1,SEA,43,0,153,5.12,53,17,48
farquda01,2016,1,TB,35,0,106,3.06,33,15,46
farquda01,2017,1,TB,37,0,105,4.11,28,22,33
farquda01,2017,2,CHA,15,0,43,4.4,11,6,12
farquda01,2018,1,CHA,8,0,24,5.63,6,0,9
farrelu01,2017,1,KCA,1,1,8,16.88,7,3,2
farrelu01,2017,2,CIN,9,0,31,2.61,5,7,7
farrelu01,2018,1,CHN,20,2,94,5.17,30,16,39
farrelu01,2019,1,TEX,9,1,40,2.7,6,3,12
farrelu01,2020,1,TEX,4,0,16,8.44,5,5,8
farrelu01,2021,1,MIN,20,1,74,4.74,28,13,25
farrelu01,2022,1,CHN,4,2,33,4.09,12,3,9
farrelu01,2022,2,CIN,2,0,12,9.0,6,4,5
farrimi01,2025,1,LAA,5,5,73,6.66,24,11,24
fasseje01,2000,1,BOS,38,23,390,4.78,153,50,97
fasseje01,2001,1,CHN,82,0,221,3.42,66,23,79
fasseje01,2002,1,CHN,57,0,153,6.18,65,22,44
fasseje01,2002,2,SLN,16,0,54,3.0,16,5,12
fasseje01,2003,1,SLN,62,6,233,5.68,93,34,55
fasseje01,2004,1,COL,40,12,333,5.51,136,44,59
fasseje01,2004,2,ARI,1,0,3,0.0,0,0,1
fasseje01,2005,1,SFN,48,6,273,4.05,92,31,60
fasseje01,2006,1,SFN,10,1,45,7.8,23,8,7
fauchca01,2022,1,TB,22,0,64,5.48,26,10,21
fauchca01,2023,1,TB,17,4,77,7.01,31,12,25
fauchca01,2024,1,MIA,53,0,161,3.19,49,26,63
fauchca01,2025,1,MIA,65,0,181,3.28,53,24,59
faulkan01,2015,1,TEX,11,0,29,2.79,8,3,10
faulkan01,2016,1,TEX,9,0,20,6.75,8,4,1
feddeer01,2017,1,WAS,3,3,46,9.39,25,8,15
feddeer01,2018,1,WAS,11,11,151,5.54,55,22,46
feddeer01,2019,1,WAS,21,12,234,4.5,81,33,41
feddeer01,2020,1,WAS,11,8,151,4.29,47,22,28
feddeer01,2021,1,WAS,29,27,400,5.47,144,48,128
feddeer01,2022,1,WAS,27,27,381,5.81,149,58,94
feddeer01,2024,1,CHA,21,21,365,3.11,105,34,108
feddeer01,2024,2,SLN,10,10,167,3.72,49,18,46
feddeer01,2025,1,SLN,20,20,305,5.22,106,47,63
feddeer01,2025,2,ATL,5,4,70,8.1,30,13,13
feddeer01,2025,3,MIL,7,0,48,3.38,11,7,7
federti01,2019,1,TEX,1,0,3,9.0,3,0,0
feierry01,2006,1,SEA,4,2,51,3.71,15,7,11
feierry01,2007,1,SEA,13,9,148,8.03,73,23,27
feierry01,2008,1,SEA,8,8,119,7.71,59,14,26
feierry01,2014,1,TEX,6,0,22,6.14,12,2,4
feierry01,2019,1,TOR,2,1,17,11.12,11,1,4
feiglbr01,2024,1,PIT,1,0,5,32.4,7,0,0
feldmsc01,2005,1,TEX,8,0,28,0.96,9,2,4
feldmsc01,2006,1,TEX,36,0,124,3.92,42,10,30
feldmsc01,2007,1,TEX,29,0,117,5.77,44,32,19
feldmsc01,2008,1,TEX,28,25,454,5.29,161,56,74
feldmsc01,2009,1,TEX,34,31,569,4.08,178,65,113
feldmsc01,2010,1,TEX,29,22,424,5.48,181,45,75
feldmsc01,2011,1,TEX,11,2,96,3.94,25,10,22
feldmsc01,2012,1,TEX,29,21,371,5.09,139,32,96
feldmsc01,2013,1,CHN,15,15,273,3.46,79,25,67
feldmsc01,2013,2,BAL,15,15,272,4.27,80,31,65
feldmsc01,2014,1,HOU,29,29,541,3.74,185,50,107
feldmsc01,2015,1,HOU,18,18,325,3.9,115,27,61
feldmsc01,2016,1,HOU,26,5,186,2.9,64,13,42
feldmsc01,2016,2,TOR,14,0,45,8.4,23,6,14
feldmsc01,2017,1,CIN,21,21,334,4.77,116,35,93
felicpe01,2002,1,NYN,6,0,18,7.5,9,1,4
felicpe01,2003,1,NYN,23,0,145,3.35,52,21,43
felicpe01,2004,1,NYN,22,0,55,5.4,14,12,14
felicpe01,2006,1,NYN,64,0,181,2.09,56,20,54
felicpe01,2007,1,NYN,78,0,192,3.09,47,31,61
felicpe01,2008,1,NYN,86,0,160,4.05,57,26,50
felicpe01,2009,1,NYN,88,0,178,3.03,51,18,59
felicpe01,2010,1,NYN,92,0,188,3.3,66,30,56
felicpe01,2013,1,NYN,25,0,34,3.97,11,6,9
felipan01,2023,1,ATH,14,0,45,4.2,6,13,19
felizmi01,2015,1,HOU,5,0,24,7.88,9,4,7
felizmi01,2016,1,HOU,47,0,195,4.43,55,22,95
felizmi01,2017,1,HOU,46,0,144,5.63,53,22,70
felizmi01,2018,1,PIT,47,0,143,5.66,49,23,55
felizmi01,2019,1,PIT,58,1,169,3.99,44,27,73
felizmi01,2020,1,PIT,3,0,5,32.4,4,2,2
felizmi01,2021,1,PIT,7,0,23,2.35,8,1,8
felizmi01,2021,2,CIN,9,0,20,16.2,13,4,9
felizmi01,2021,3,BOS,4,0,16,3.38,4,1,5
felizmi01,2021,4,ATH,1,0,1,0.0,1,1,0
felizmi01,2022,1,BOS,1,0,10,2.7,1,2,4
felizne01,2009,1,TEX,20,0,93,1.74,13,8,39
felizne01,2010,1,TEX,70,0,208,2.73,43,18,71
felizne01,2011,1,TEX,64,0,187,2.74,42,30,54
felizne01,2012,1,TEX,8,7,128,3.16,28,23,37
felizne01,2013,1,TEX,6,0,14,0.0,5,2,4
felizne01,2014,1,TEX,30,0,95,1.99,20,11,21
felizne01,2015,1,TEX,18,0,59,4.58,24,9,16
felizne01,2015,2,DET,30,0,85,7.62,33,9,23
felizne01,2016,1,PIT,62,0,161,3.52,40,21,61
felizne01,2017,1,MIL,29,0,81,6.0,23,15,21
felizne01,2017,2,KCA,20,0,57,4.74,17,8,16
felizne01,2021,1,PHI,2,0,3,36.0,4,1,2
felizne01,2021,2,LAN,3,0,9,0.0,1,0,1
feltnry01,2021,1,COL,2,2,19,11.37,9,5,6
feltnry01,2022,1,COL,20,19,292,5.83,102,35,84
feltnry01,2023,1,COL,10,10,130,5.82,45,28,38
feltnry01,2024,1,COL,30,30,487,4.49,165,52,138
feltnry01,2025,1,COL,6,6,91,4.75,33,12,25
ferguca01,2018,1,LAN,29,3,147,3.49,43,12,59
ferguca01,2019,1,LAN,46,2,134,4.84,39,27,54
ferguca01,2020,1,LAN,21,1,56,2.89,16,3,27
ferguca01,2022,1,LAN,37,1,104,1.82,23,17,37
ferguca01,2023,1,LAN,68,7,181,3.43,64,23,70
ferguca01,2024,1,NYA,42,0,100,5.13,34,16,41
ferguca01,2024,2,HOU,20,0,63,3.86,22,9,26
ferguca01,2025,1,PIT,45,0,130,3.74,33,14,34
ferguca01,2025,2,SEA,25,0,66,3.27,21,8,17
ferguty01,2024,1,ATH,48,0,154,3.68,32,24,62
ferguty01,2025,1,ATH,56,0,174,4.66,43,34,54
fermijo02,2025,1,LAA,40,0,103,4.46,25,23,39
fernaal01,2000,1,MIA,8,8,157,4.13,59,16,27
fernaja01,2001,1,CIN,5,2,37,4.38,13,6,5
fernaja01,2002,1,CIN,14,8,152,4.44,59,24,36
fernaja01,2003,1,HOU,12,6,115,3.99,37,12,19
fernaja01,2004,1,HOU,2,1,3,54.0,6,5,0
fernaja01,2006,1,MIL,4,0,19,9.95,11,1,1
fernajo02,2013,1,MIA,28,28,518,2.19,111,58,187
fernajo02,2014,1,MIA,8,8,155,2.44,36,13,70
fernajo02,2015,1,MIA,11,11,194,2.92,61,14,79
fernajo02,2016,1,MIA,29,29,547,2.86,149,55,253
fernajo04,2018,1,TOR,13,0,31,6.1,10,4,6
fernajo04,2019,1,DET,4,0,11,17.18,6,5,2
fernaju01,2019,1,SLN,13,0,35,5.4,9,6,16
fernaju01,2020,1,SLN,3,0,9,18.0,6,2,2
fernaju01,2021,1,SLN,18,0,62,5.66,25,15,15
fernaju01,2022,1,SLN,13,0,46,2.93,17,8,12
fernaju01,2022,2,PIT,3,0,10,0.0,1,4,2
fernaju02,2021,1,COL,6,0,20,10.8,9,4,4
fernaju02,2025,1,LAN,1,0,6,9.0,2,1,1
fernaju02,2025,2,WAS,3,0,9,3.0,1,1,4
fernaos01,2000,1,CIN,15,14,239,3.62,69,31,36
fernaos01,2001,1,CIN,20,14,238,6.92,103,33,35
fernary01,2024,1,SLN,62,0,200,3.51,58,32,71
fernary01,2025,1,SLN,32,0,91,7.71,36,16,34
ferraan01,2003,1,WAS,4,0,12,6.75,4,5,1
ferreje01,2015,1,DET,9,0,34,6.35,12,4,6
ferreje01,2017,1,DET,11,0,28,6.75,17,5,6
ferrejo01,2023,1,WAS,39,0,102,5.03,37,13,25
ferrejo01,2024,1,WAS,31,0,96,3.38,27,6,25
ferrejo01,2025,1,WAS,72,0,229,4.48,81,16,71
festada01,2024,1,MIN,14,13,193,4.9,62,23,77
festada01,2025,1,MIN,11,10,160,5.4,49,19,53
festama01,2018,1,SEA,8,1,25,2.16,13,2,4
festama01,2019,1,SEA,20,0,67,5.64,20,12,21
festama01,2022,1,SEA,53,0,162,4.17,43,18,64
festama01,2023,1,SEA,8,0,27,4.0,4,12,13
festama01,2024,1,NYN,1,0,3,36.0,4,1,1
festama01,2024,2,TEX,18,0,68,4.37,17,7,23
festama01,2025,1,CLE,63,0,164,4.12,44,15,56
fettemi01,2000,1,LAN,51,0,150,3.24,35,25,40
fettemi01,2001,1,LAN,34,0,89,6.07,33,13,26
fettemi01,2001,2,PIT,20,0,53,4.58,16,13,11
fettemi01,2002,1,PIT,32,0,91,3.26,25,18,29
fettemi01,2002,2,ARI,33,0,74,5.11,28,19,24
fettemi01,2003,1,MIN,5,0,18,0.0,2,1,1
fettemi01,2004,1,ARI,23,0,56,8.68,23,14,14
feyerjo01,2020,1,MIL,6,0,28,5.79,4,5,7
feyerjo01,2021,1,MIL,21,0,58,3.26,10,11,20
feyerjo01,2021,2,TB,34,0,110,2.45,26,22,33
feyerjo01,2022,1,TB,22,2,73,0.0,7,5,25
feyerjo01,2024,1,LAN,10,0,33,8.18,11,5,9
feyerjo01,2025,1,ARI,2,0,6,9.0,3,0,2
feyerjo01,2025,2,LAN,2,0,6,13.5,8,1,2
fickch01,2012,1,SLN,2,0,5,5.4,3,1,0
fickch01,2012,2,HOU,18,0,69,4.3,24,17,17
fieldjo03,2013,1,HOU,41,0,114,4.97,31,18,40
fieldjo03,2014,1,HOU,54,0,164,4.45,50,17,70
fieldjo03,2015,1,HOU,54,0,152,3.55,39,19,67
fieldjo03,2016,1,HOU,15,0,47,6.89,23,3,20
fieldjo03,2016,2,LAN,22,0,58,2.79,20,8,22
fieldjo03,2017,1,LAN,57,0,171,2.84,40,15,60
fieldjo03,2018,1,LAN,45,0,123,2.2,28,11,33
fieldjo04,2018,1,TB,1,0,3,0.0,0,1,0
fieldna01,2002,1,KCA,5,0,15,9.0,8,3,3
fieldna01,2003,1,KCA,19,0,65,4.15,19,14,19
fieldna01,2004,1,KCA,43,0,133,4.26,40,19,30
fieldna01,2005,1,KCA,7,0,20,9.45,13,5,4
fieldna01,2006,1,COL,14,0,27,4.0,9,5,14
fieldna01,2007,1,MIA,1,0,3,27.0,3,1,2
fienca01,2009,1,DET,9,0,34,7.94,13,6,9
fienca01,2010,1,DET,2,0,8,10.13,4,0,0
fienca01,2012,1,MIN,35,0,105,2.06,25,9,32
fienca01,2013,1,MIN,73,0,186,3.92,51,12,73
fienca01,2014,1,MIN,73,0,190,3.98,64,10,51
fienca01,2015,1,MIN,62,0,190,3.55,61,8,41
fienca01,2016,1,MIN,14,0,41,7.9,21,3,12
fienca01,2016,2,LAN,25,0,77,4.21,24,7,23
fienca01,2017,1,SEA,6,0,18,15.0,9,4,6
fienca01,2017,2,PHI,4,0,18,10.5,14,2,4
fiersmi01,2011,1,MIL,2,0,6,0.0,2,3,2
fiersmi01,2012,1,MIL,23,22,383,3.74,125,36,135
fiersmi01,2013,1,MIL,11,3,67,7.25,28,6,15
fiersmi01,2014,1,MIL,14,10,215,2.13,46,17,76
fiersmi01,2015,1,MIL,21,21,354,3.89,117,43,121
fiersmi01,2015,2,HOU,10,9,187,3.32,45,21,59
fiersmi01,2016,1,HOU,31,30,506,4.48,187,42,134
fiersmi01,2017,1,HOU,29,28,460,5.22,157,62,146
fiersmi01,2018,1,DET,21,21,357,3.48,121,26,87
fiersmi01,2018,2,ATH,10,9,159,3.74,45,11,52
fiersmi01,2019,1,ATH,33,33,554,3.9,166,53,126
fiersmi01,2020,1,ATH,11,11,177,4.58,65,16,37
fiersmi01,2021,1,ATH,2,2,28,7.71,15,4,5
fifest01,2012,1,LAN,5,5,80,2.7,25,12,20
fifest01,2013,1,LAN,12,10,175,3.86,69,20,45
fifest01,2014,1,LAN,1,1,18,6.0,7,1,5
figaral01,2009,1,DET,5,3,51,6.35,23,10,16
figaral01,2010,1,DET,8,1,44,6.75,18,8,5
figaral01,2013,1,MIL,33,5,222,4.14,77,15,54
figaral01,2014,1,MIL,6,0,26,7.27,11,1,8
figuene01,2000,1,ARI,3,3,47,7.47,17,5,7
figuene01,2001,1,PHI,19,13,267,3.94,95,37,61
figuene01,2002,1,MIL,30,11,279,5.03,96,37,51
figuene01,2003,1,PIT,12,3,106,3.31,28,13,23
figuene01,2004,1,PIT,10,3,85,5.72,32,11,10
figuene01,2008,1,NYN,16,6,136,4.57,48,26,36
figuene01,2009,1,NYN,16,10,211,4.09,80,24,59
figuene01,2010,1,PHI,13,1,78,3.46,20,9,15
figuene01,2010,2,HOU,18,10,201,3.22,64,25,58
figuene01,2011,1,HOU,8,5,87,8.69,45,16,17
figuepe01,2012,1,ATH,19,0,65,3.32,16,15,14
figuepe01,2013,1,ATH,5,0,9,12.0,6,3,3
figuepe01,2014,1,TEX,10,0,27,4.0,10,3,3
fikacje01,2001,1,SDN,23,0,79,1.37,15,5,19
fikacje01,2002,1,SDN,65,0,207,5.35,74,34,66
fikacje01,2003,1,ATH,14,0,48,4.5,14,11,9
fikacje01,2004,1,WAS,19,0,75,5.4,26,13,22
filebo01,2001,1,TOR,60,0,223,3.27,57,29,38
filebo01,2002,1,TOR,5,0,10,18.9,8,2,2
filebo01,2004,1,TOR,24,0,101,4.81,45,12,15
fillmhe01,2018,1,KCA,17,13,247,4.26,78,32,57
fillmhe01,2019,1,KCA,12,3,67,8.06,28,12,15
finlech01,2000,1,CLE,34,34,654,4.17,211,101,189
finlech01,2001,1,CLE,22,22,341,5.54,131,35,96
finlech01,2002,1,CLE,18,18,316,4.44,114,48,91
finlech01,2002,2,SLN,14,14,256,3.8,69,30,83
finlest01,2001,1,ARI,1,0,3,0.0,0,1,0
finnebr01,2014,1,KCA,7,0,21,1.29,6,1,10
finnebr01,2015,1,KCA,14,0,73,2.96,16,13,21
finnebr01,2015,2,CIN,6,4,71,4.18,21,8,24
finnebr01,2016,1,CIN,31,31,516,3.98,150,84,145
finnebr01,2017,1,CIN,4,4,39,4.15,9,13,16
finnebr01,2018,1,CIN,5,5,62,7.4,27,15,14
finneky01,2020,1,WAS,25,0,74,2.92,21,13,27
finneky01,2021,1,WAS,68,0,198,3.55,64,34,68
finneky01,2022,1,WAS,66,0,200,3.51,54,22,70
finneky01,2023,1,WAS,67,0,208,3.76,66,24,63
finneky01,2024,1,WAS,65,0,191,3.68,61,24,60
finneky01,2025,1,WAS,40,0,117,4.38,36,14,32
finneky01,2025,2,DET,16,0,54,1.5,9,4,23
fioreto01,2000,1,TB,11,0,45,8.4,21,9,8
fioreto01,2001,1,TB,3,0,10,5.4,4,1,3
fioreto01,2001,2,MIN,4,0,19,5.68,5,2,5
fioreto01,2002,1,MIN,48,2,273,3.16,74,43,55
fioreto01,2003,1,MIN,21,0,108,5.5,32,21,23
fishebr02,2025,1,TOR,52,1,150,2.7,32,19,62
fisheca01,2009,1,CIN,39,0,157,4.47,50,31,48
fisheca01,2010,1,CIN,18,0,67,5.64,22,13,21
fisheca01,2011,1,CIN,17,0,72,4.5,25,11,17
fishena01,2022,1,NYN,1,0,9,0.0,1,2,1
fishmja01,2022,1,MIA,7,0,33,4.09,13,0,6
fistedo01,2009,1,SEA,11,10,183,4.13,63,15,36
fistedo01,2010,1,SEA,28,28,513,4.11,187,32,93
fistedo01,2011,1,SEA,21,21,438,3.33,139,32,89
fistedo01,2011,2,DET,11,10,211,1.79,54,5,57
fistedo01,2012,1,DET,26,26,485,3.45,156,37,137
fistedo01,2013,1,DET,33,32,626,3.67,229,44,159
fistedo01,2014,1,WAS,25,25,492,2.41,153,24,98
fistedo01,2015,1,WAS,25,15,309,4.19,120,24,63
fistedo01,2016,1,HOU,32,32,541,4.64,195,62,115
fistedo01,2017,1,BOS,18,15,271,4.88,87,38,83
fistedo01,2018,1,TEX,12,12,198,4.5,73,19,40
fittsri01,2024,1,BOS,4,4,62,1.74,19,7,9
fittsri01,2025,1,BOS,11,10,135,5.0,43,16,40
fitzgbr01,2002,1,SEA,6,0,19,8.53,11,2,3
fitzgry01,2025,1,MIN,2,0,6,0.0,2,0,0
fitzgty01,2024,1,SFN,3,0,9,9.0,6,0,0
flaaja01,2021,1,BAL,1,0,4,0.0,0,2,1
flaaja01,2021,2,ATL,1,0,4,27.0,3,1,2
flaheja01,2017,1,SLN,6,5,64,6.33,23,10,20
flaheja01,2018,1,SLN,28,28,453,3.34,108,59,182
flaheja01,2019,1,SLN,33,33,589,2.75,135,55,231
flaheja01,2020,1,SLN,9,9,121,4.91,33,16,49
flaheja01,2021,1,SLN,17,15,235,3.22,57,26,85
flaheja01,2022,1,SLN,9,8,108,4.25,36,22,33
flaheja01,2023,1,SLN,20,20,329,4.43,116,54,106
flaheja01,2023,2,BAL,9,7,104,6.75,46,12,42
flaheja01,2024,1,DET,18,18,320,2.95,83,19,133
flaheja01,2024,2,LAN,10,10,166,3.58,52,19,61
flaheja01,2025,1,DET,31,31,483,4.64,147,59,188
flahery01,2016,1,BAL,1,0,3,18.0,3,0,0
flandyo01,2014,1,COL,16,10,177,5.19,55,16,34
flandyo01,2015,1,COL,19,10,205,4.74,73,25,43
flandyo01,2016,1,COL,2,0,11,12.27,8,3,0
flemijo01,2020,1,TB,7,5,97,2.78,28,7,25
flemijo01,2021,1,TB,26,11,313,5.09,110,31,65
flemijo01,2022,1,TB,10,3,105,6.43,54,12,29
flemijo01,2023,1,TB,12,3,155,4.7,56,19,25
flemijo01,2024,1,PIT,25,3,94,4.02,34,14,17
fletcaa01,2020,1,SEA,6,0,13,12.46,7,7,7
fletcaa01,2021,1,SEA,4,0,11,12.27,7,1,2
fletcaa01,2022,1,PIT,9,0,35,6.94,10,4,6
flexech01,2017,1,NYN,14,9,144,7.88,62,35,36
flexech01,2018,1,NYN,4,1,19,12.79,14,6,3
flexech01,2019,1,NYN,9,1,41,6.59,15,13,10
flexech01,2021,1,SEA,31,31,539,3.61,185,40,125
flexech01,2022,1,SEA,33,22,413,3.73,132,51,95
flexech01,2023,1,SEA,17,4,126,7.71,59,19,29
flexech01,2023,2,COL,12,12,181,6.27,74,19,45
flexech01,2024,1,CHA,33,30,480,4.95,180,63,123
flexech01,2025,1,CHN,21,1,131,3.09,38,12,22
florebe01,2020,1,CHA,2,0,6,9.0,4,0,2
florebe01,2021,1,SLN,1,0,0,,1,2,0
floreke01,2015,1,MIA,7,1,38,4.97,16,4,9
floreke01,2016,1,MIA,1,1,9,0.0,1,3,1
florera01,2002,1,TEX,20,0,36,4.5,11,8,7
florera01,2002,2,COL,8,2,51,9.53,29,8,7
florera01,2004,1,SLN,9,1,42,1.93,13,3,7
florera01,2005,1,SLN,50,0,125,3.46,37,13,43
florera01,2006,1,SLN,65,0,125,5.62,49,22,40
florera01,2007,1,SLN,70,0,165,4.25,71,15,47
florera01,2008,1,SLN,43,0,77,5.26,34,20,17
florera01,2009,1,COL,27,0,36,5.25,14,2,14
florera01,2010,1,COL,47,0,82,2.96,22,13,18
florera01,2010,2,MIN,11,0,11,4.91,10,2,2
florero01,2005,1,ATH,11,0,26,1.04,8,0,6
florero01,2006,1,ATH,25,0,89,3.34,28,10,20
florero01,2007,1,ATH,17,0,53,3.57,16,12,15
floribr01,2000,1,BOS,29,0,148,4.56,57,19,34
floribr01,2001,1,BOS,7,0,26,11.42,12,7,7
floripe01,2018,1,PHI,2,0,6,9.0,1,1,0
florody01,2016,1,TB,12,0,45,4.2,23,5,14
florody01,2017,1,CHN,3,0,29,6.52,15,2,6
florody01,2018,1,CIN,25,0,109,2.72,39,12,27
florody01,2018,2,LAN,29,0,83,1.63,18,11,31
florody01,2019,1,LAN,50,0,140,4.24,46,14,42
florody01,2020,1,LAN,25,0,73,2.59,23,4,19
florody01,2021,1,MIA,68,0,192,2.81,53,25,62
florody01,2022,1,MIA,56,0,161,3.02,48,15,48
florody01,2023,1,MIA,43,0,119,4.54,48,11,41
florody01,2023,2,MIN,19,0,51,5.29,22,6,17
florody01,2024,1,WAS,51,0,157,2.06,42,13,40
florody01,2024,2,ARI,15,0,49,9.37,23,4,8
floydga01,2004,1,PHI,6,4,85,3.49,25,16,24
floydga01,2005,1,PHI,7,4,78,10.04,30,16,17
floydga01,2006,1,PHI,11,11,163,7.29,70,32,34
floydga01,2007,1,CHA,16,10,210,5.27,85,19,49
floydga01,2008,1,CHA,33,33,619,3.84,190,70,145
floydga01,2009,1,CHA,30,30,579,4.06,178,59,163
floydga01,2010,1,CHA,31,31,562,4.08,199,58,151
floydga01,2011,1,CHA,31,30,581,4.37,180,45,151
floydga01,2012,1,CHA,29,29,504,4.29,166,63,144
floydga01,2013,1,CHA,5,5,73,5.18,27,12,25
floydga01,2014,1,ATL,9,9,163,2.65,55,13,45
floydga01,2015,1,CLE,7,0,40,2.7,11,4,7
floydga01,2016,1,TOR,28,0,93,4.06,23,8,30
fluhama01,2025,1,TOR,55,0,158,4.44,36,24,56
flynnbr01,2013,1,MIA,4,4,54,8.5,27,13,15
flynnbr01,2014,1,MIA,2,1,21,9.0,12,3,6
flynnbr01,2016,1,KCA,36,1,166,2.6,38,23,44
flynnbr01,2017,1,KCA,1,0,7,3.86,3,0,0
flynnbr01,2018,1,KCA,48,0,227,4.04,87,35,47
flynnbr01,2019,1,KCA,11,1,88,5.22,38,17,22
foggjo01,2001,1,CHA,11,0,40,2.03,10,3,17
foggjo01,2002,1,PIT,33,33,583,4.35,199,69,113
foggjo01,2003,1,PIT,26,26,426,5.26,166,40,71
foggjo01,2004,1,PIT,32,32,535,4.64,193,66,82
foggjo01,2005,1,PIT,34,28,508,5.05,196,53,85
foggjo01,2006,1,COL,31,31,516,5.49,206,60,93
foggjo01,2007,1,COL,30,29,497,4.94,194,59,94
foggjo01,2008,1,CIN,22,14,235,7.58,97,27,45
foggjo01,2009,1,COL,24,1,137,3.74,32,20,27
foleyja01,2021,1,DET,11,0,31,2.61,8,5,6
foleyja01,2022,1,DET,60,0,181,3.88,72,11,43
foleyja01,2023,1,DET,70,0,207,2.61,65,15,55
foleyja01,2024,1,DET,69,0,180,3.15,51,20,46
foltymi01,2014,1,HOU,16,0,56,5.3,23,7,14
foltymi01,2015,1,ATL,18,15,260,5.71,112,29,77
foltymi01,2016,1,ATL,22,22,370,4.31,125,35,111
foltymi01,2017,1,ATL,29,28,462,4.79,169,59,143
foltymi01,2018,1,ATL,31,31,549,2.85,130,68,202
foltymi01,2019,1,ATL,21,21,351,4.54,109,37,105
foltymi01,2020,1,ATL,1,1,10,16.2,4,4,3
foltymi01,2021,1,TEX,28,24,417,5.44,139,36,97
fontwi01,2012,1,TEX,3,0,6,9.0,0,4,1
fontwi01,2013,1,TEX,2,0,4,0.0,1,2,0
fontwi01,2017,1,LAN,3,0,11,17.18,7,4,3
fontwi01,2018,1,LAN,6,0,31,11.32,18,1,7
fontwi01,2018,2,ATH,4,0,20,14.85,13,4,9
fontwi01,2018,3,TB,9,5,81,1.67,15,11,20
fontwi01,2019,1,TB,10,0,42,5.79,15,5,18
fontwi01,2019,2,NYN,15,3,93,4.94,29,13,24
fontwi01,2019,3,TOR,23,14,118,3.66,34,11,53
fontwi01,2020,1,TOR,21,0,49,9.92,28,9,15
foppeje01,2003,1,SFN,23,21,333,5.03,103,69,101
foppeje01,2004,1,SFN,1,0,3,0.0,1,0,2
foppeje01,2005,1,SFN,3,2,31,5.23,11,13,6
fordbe01,2000,1,NYA,4,2,33,9.0,14,7,5
fordbe01,2004,1,MIL,19,0,72,6.38,25,10,13
fordma01,2003,1,MIL,25,4,131,4.33,46,21,26
fordmi01,2019,1,NYA,1,0,6,22.5,6,0,1
fordmi01,2022,3,ATL,1,0,3,18.0,1,1,0
fordmi01,2023,1,SEA,2,0,6,18.0,5,1,0
fornaer01,2014,1,SLN,8,0,29,4.66,11,1,3
forstsc01,2000,1,WAS,42,0,96,7.88,28,25,23
forsylo01,2020,1,MIA,1,0,3,9.0,2,1,0
fortuba01,2004,1,TB,3,0,22,3.68,10,2,5
fortuba01,2004,2,NYN,15,0,56,3.86,14,13,20
fortuba01,2006,1,NYN,2,0,9,27.0,7,2,0
fossuca01,2001,1,BOS,13,7,133,4.87,44,20,26
fossuca01,2002,1,BOS,43,12,320,3.46,113,30,101
fossuca01,2003,1,BOS,19,14,237,5.47,82,34,63
fossuca01,2004,1,ARI,27,27,426,6.65,171,63,117
fossuca01,2005,1,TB,36,25,488,4.92,170,60,128
fossuca01,2006,1,TB,25,25,390,5.33,136,63,88
fossuca01,2007,1,TB,40,10,228,7.7,109,27,53
fossuca01,2008,1,DET,31,0,124,5.66,44,18,28
fossuca01,2009,1,NYN,3,0,12,2.25,4,4,3
fostejo01,2002,1,ATL,5,0,15,10.8,6,6,6
fostejo01,2003,1,MIL,23,0,63,4.71,30,8,16
fostejo01,2005,1,ATL,62,0,104,4.15,27,19,32
fosteke01,2001,1,TEX,9,0,53,6.62,21,10,16
fostekr01,2001,1,BAL,7,0,30,2.7,9,8,8
fostema01,2020,1,CHA,23,2,86,2.2,16,9,31
fostema01,2021,1,CHA,37,0,117,6.0,43,13,40
fostema01,2022,1,CHA,48,0,135,4.4,43,17,42
fostema01,2024,1,CHA,6,1,20,2.7,5,5,4
foulkke01,2000,1,CHA,72,0,264,2.97,66,22,91
foulkke01,2001,1,CHA,72,0,243,2.33,57,22,75
foulkke01,2002,1,CHA,65,0,233,2.9,65,13,58
foulkke01,2003,1,ATH,72,0,260,2.08,57,20,88
foulkke01,2004,1,BOS,72,0,249,2.17,63,15,79
foulkke01,2005,1,BOS,43,0,137,5.91,53,18,34
foulkke01,2006,1,BOS,44,0,149,4.35,52,7,36
foulkke01,2008,1,ATH,31,0,93,4.06,28,13,23
foxch02,2001,1,MIL,65,0,200,1.89,44,36,80
foxch02,2002,1,MIL,3,0,14,5.79,6,5,3
foxch02,2003,1,BOS,17,0,54,4.5,19,17,19
foxch02,2003,2,MIA,21,0,76,2.13,16,14,27
foxch02,2004,1,MIA,12,0,32,6.75,9,8,17
foxch02,2005,1,CHN,11,0,24,6.75,8,8,11
foxch02,2008,1,CHN,3,0,10,5.4,2,3,1
foxch02,2009,1,CHN,2,0,1,135.0,2,3,0
foxma01,2010,1,MIN,1,1,17,3.18,4,1,0
foxma01,2010,2,BOS,3,0,5,10.8,4,1,0
francbo01,2022,1,TOR,1,0,2,0.0,1,0,1
francbo01,2023,1,TOR,20,0,109,1.73,22,8,35
francbo01,2024,1,TOR,27,13,311,3.3,74,22,92
francbo01,2025,1,TOR,14,14,192,6.05,71,27,54
francen01,2019,1,SFN,5,0,16,3.38,4,1,4
francfr01,2004,1,TEX,45,0,154,3.33,36,28,60
francfr01,2006,1,TEX,8,0,22,4.91,8,2,6
francfr01,2007,1,TEX,59,0,178,4.55,57,38,49
francfr01,2008,1,TEX,58,0,190,3.13,47,26,83
francfr01,2009,1,TEX,51,0,148,3.83,40,15,57
francfr01,2010,1,TEX,56,0,158,3.76,49,18,60
francfr01,2011,1,TOR,54,0,152,3.55,49,18,53
francfr01,2012,1,NYN,48,0,127,5.53,47,21,47
francfr01,2013,1,NYN,8,0,19,4.26,4,3,6
francfr01,2014,1,CHA,4,0,11,12.27,7,3,5
francje01,2004,1,COL,7,7,110,5.15,42,13,32
francje01,2005,1,COL,33,33,551,5.68,228,70,128
francje01,2006,1,COL,32,32,597,4.16,187,69,117
francje01,2007,1,COL,34,34,646,4.22,234,63,165
francje01,2008,1,COL,24,24,431,5.01,164,49,94
francje01,2010,1,COL,20,19,313,5.0,119,23,67
francje01,2011,1,KCA,31,31,549,4.82,224,39,91
francje01,2012,1,COL,24,24,339,5.58,145,22,76
francje01,2013,1,COL,23,12,211,6.27,89,24,63
francje01,2014,1,CIN,1,1,15,5.4,5,0,4
francje01,2014,2,ATH,9,0,40,6.08,11,3,10
francje01,2014,3,NYA,2,0,5,5.4,2,0,1
francje01,2015,1,TOR,14,0,66,6.14,27,9,21
francje02,2015,1,PHI,1,0,6,9.0,1,3,1
francjo01,2000,1,NYN,62,0,167,3.4,46,26,56
francjo01,2001,1,NYN,58,0,160,4.05,55,19,50
francjo01,2003,1,NYN,38,0,103,2.62,35,13,16
francjo01,2004,1,NYN,52,0,138,5.28,46,24,36
francjo01,2005,1,HOU,31,0,45,7.2,23,9,16
francjp01,2023,1,HOU,24,23,409,3.83,138,47,101
francjp01,2024,1,HOU,5,5,76,7.46,31,12,22
francjp01,2025,1,HOU,2,0,12,2.25,2,2,5
francty01,2019,1,SDN,2,0,6,4.5,2,0,0
frankni01,2015,1,TB,1,0,3,18.0,3,0,0
frankry01,2001,1,SEA,38,0,235,3.56,76,24,60
frankry01,2002,1,SEA,41,12,356,4.02,117,22,65
frankry01,2003,1,SEA,32,32,636,3.57,199,61,99
frankry01,2004,1,SEA,32,32,601,4.9,224,61,104
frankry01,2005,1,SEA,32,30,572,5.1,212,62,93
frankry01,2006,1,PHI,46,0,159,4.58,59,17,25
frankry01,2006,2,CIN,20,0,73,4.44,27,16,18
frankry01,2007,1,SLN,69,0,240,3.04,70,11,44
frankry01,2008,1,SLN,74,0,236,3.55,86,30,51
frankry01,2009,1,SLN,62,0,183,1.92,49,24,44
frankry01,2010,1,SLN,59,0,195,3.46,57,10,42
frankry01,2011,1,SLN,21,0,83,8.46,44,7,17
frankse01,2017,1,CHN,1,0,6,9.0,4,0,2
frankse01,2020,1,SEA,2,0,8,16.88,6,2,0
frankse01,2021,1,ARI,4,3,44,9.2,20,9,11
frankwa01,2000,1,HOU,25,0,64,5.48,24,12,21
frankwa01,2001,1,HOU,11,0,36,6.75,17,9,9
frankwa01,2002,1,MIL,4,4,72,2.63,16,17,17
frankwa01,2003,1,MIL,36,34,584,5.5,201,94,116
frankwa01,2004,1,SFN,43,2,152,6.39,55,22,40
frankwa01,2005,1,NYA,13,0,38,6.39,11,8,10
frankwa01,2006,1,ATL,11,0,23,7.04,8,6,3
frareca01,2018,1,CHA,11,0,21,5.14,6,4,9
frareca01,2019,1,CHA,5,0,8,10.13,2,4,3
frascjo01,2000,1,TOR,60,0,219,5.42,87,33,30
frascjo01,2001,1,TOR,12,0,49,2.2,16,4,9
frasoja01,2004,1,TOR,63,0,205,4.08,64,36,54
frasoja01,2005,1,TOR,67,0,224,3.25,67,28,62
frasoja01,2006,1,TOR,51,0,150,4.32,47,17,51
frasoja01,2007,1,TOR,51,0,171,4.58,47,23,59
frasoja01,2008,1,TOR,49,0,142,4.18,36,32,42
frasoja01,2009,1,TOR,61,0,173,2.5,43,16,56
frasoja01,2010,1,TOR,69,0,191,3.68,61,27,65
frasoja01,2011,1,TOR,44,0,127,2.98,38,15,37
frasoja01,2011,2,CHA,20,0,53,5.09,20,11,20
frasoja01,2012,1,TOR,50,0,131,4.12,42,22,53
frasoja01,2013,1,TEX,61,0,147,2.57,36,20,48
frasoja01,2014,1,TEX,38,0,89,3.34,27,14,30
frasoja01,2014,2,KCA,23,0,53,1.53,13,4,16
frasoja01,2015,1,KCA,26,0,70,1.54,24,15,18
frasoja01,2015,2,ATL,6,0,14,0.0,3,3,4
frazito01,2020,2,NYN,1,0,3,0.0,0,0,1
fredeke01,2002,1,MIN,8,0,35,10.03,13,10,5
fredeke01,2004,1,TOR,22,0,86,6.59,32,16,22
freelky01,2017,1,COL,33,28,468,4.1,169,63,107
freelky01,2018,1,COL,33,33,607,2.85,182,70,173
freelky01,2019,1,COL,22,22,313,6.73,126,39,79
freelky01,2020,1,COL,13,13,212,4.33,77,23,46
freelky01,2021,1,COL,23,23,362,4.33,133,38,105
freelky01,2022,1,COL,31,31,524,4.53,193,53,131
freelky01,2023,1,COL,29,29,467,5.03,187,42,94
freelky01,2024,1,COL,21,21,340,5.24,134,26,85
freelky01,2025,1,COL,31,31,488,4.98,193,38,124
freemca01,2025,1,CHA,5,0,10,5.4,5,1,3
freemju02,2013,1,CIN,1,0,3,18.0,2,0,0
freemmi01,2017,1,SEA,1,0,3,9.0,3,0,0
freemmi01,2019,1,CLE,1,0,6,9.0,2,0,0
freemmi01,2021,1,CIN,1,0,1,0.0,0,0,1
freemsa01,2012,1,SLN,24,0,60,5.4,17,10,18
freemsa01,2013,1,SLN,13,0,37,2.19,8,5,8
freemsa01,2014,1,SLN,44,0,114,2.61,34,19,35
freemsa01,2015,1,TEX,54,0,115,3.05,31,25,40
freemsa01,2016,1,MIL,7,0,23,12.91,13,9,8
freemsa01,2017,1,ATL,58,0,180,2.55,48,27,59
freemsa01,2018,1,ATL,63,0,151,4.29,41,32,58
freemsa01,2019,1,LAA,1,0,6,4.5,3,2,0
freemsa01,2020,1,WAS,7,0,15,1.8,2,7,6
frenclu01,2009,1,DET,7,5,88,3.38,33,11,19
frenclu01,2009,2,SEA,8,7,114,6.63,54,17,23
frenclu01,2010,1,SEA,16,13,263,4.83,88,29,37
friasca01,2014,1,LAN,15,2,97,6.12,33,7,29
friasca01,2015,1,LAN,17,13,233,4.06,88,26,43
friasca01,2016,1,LAN,1,0,12,0.0,2,1,3
friaslu01,2021,1,ARI,3,0,10,2.7,2,5,3
friaslu01,2022,1,ARI,15,0,51,10.59,23,17,14
friaslu01,2023,1,ARI,29,0,93,4.06,30,17,26
friaslu01,2024,1,ARI,7,0,19,9.95,11,4,7
friaslu01,2024,2,TOR,4,0,10,21.6,8,3,5
friedch01,2012,1,COL,16,16,254,6.17,102,30,74
friedch01,2014,1,COL,16,3,73,5.92,25,10,27
friedch01,2015,1,COL,68,0,175,5.25,75,25,45
friedch01,2016,1,SDN,24,23,388,4.8,131,52,100
friedma01,2017,1,ATL,9,4,78,3.81,30,12,22
friedma01,2018,1,ATL,14,5,101,2.94,26,20,44
friedma01,2019,1,ATL,33,30,497,4.02,174,47,173
friedma01,2020,1,ATL,11,11,168,2.25,42,19,50
friedma01,2021,1,ATL,28,28,497,3.04,139,41,158
friedma01,2022,1,ATL,30,30,556,2.48,156,32,170
friedma01,2023,1,ATL,14,14,233,2.55,70,18,80
friedma01,2024,1,ATL,29,29,523,3.25,146,57,166
friedma01,2025,1,NYA,32,32,586,2.86,164,51,189
frierer01,2009,1,SDN,2,0,6,0.0,0,1,2
frierer01,2010,1,SDN,33,0,95,1.71,18,17,41
frierer01,2011,1,SDN,59,0,189,2.71,51,34,76
frierer01,2012,1,SDN,11,0,35,2.31,9,4,18
frierer01,2012,2,LAA,56,0,163,2.32,26,26,80
frierer01,2013,1,LAA,67,0,206,3.8,55,30,98
frierer01,2014,1,LAA,34,0,93,6.39,33,9,38
frierer01,2014,2,PIT,14,0,32,10.13,14,5,10
frierer01,2015,1,TB,22,0,70,4.63,20,11,19
frierer01,2017,1,TEX,6,0,21,5.14,6,6,5
frutoem01,2006,1,SEA,23,0,108,5.5,34,24,34
fryda01,2023,1,CLE,2,0,15,12.6,10,1,0
fryja01,2017,1,CHA,11,0,20,10.8,12,5,3
fryja01,2018,1,CHA,59,1,154,4.38,37,20,70
fryja01,2019,1,CHA,68,0,165,4.75,44,43,68
fryja01,2020,1,CHA,18,0,59,3.66,16,12,24
fryja01,2021,1,CHA,6,0,20,10.8,10,6,3
frypa01,2018,1,BAL,35,0,113,3.35,33,15,36
frypa01,2019,1,BAL,66,0,172,5.34,54,29,55
frypa01,2020,1,BAL,22,0,66,2.45,22,9,29
frypa01,2021,1,BAL,52,0,142,6.08,37,35,60
frypa01,2022,1,BAL,12,0,36,6.0,9,7,12
frypa01,2022,2,ARI,1,0,3,9.0,2,2,2
fuentbr01,2001,1,SEA,10,0,35,4.63,6,8,10
fuentbr01,2002,1,COL,31,0,80,4.73,25,13,38
fuentbr01,2003,1,COL,75,0,226,2.75,64,34,82
fuentbr01,2004,1,COL,47,0,134,5.64,46,19,48
fuentbr01,2005,1,COL,78,0,223,2.91,59,34,91
fuentbr01,2006,1,COL,66,0,196,3.44,50,26,73
fuentbr01,2007,1,COL,64,0,184,3.08,46,23,56
fuentbr01,2008,1,COL,67,0,188,2.73,47,22,82
fuentbr01,2009,1,LAA,65,0,165,3.93,53,24,46
fuentbr01,2010,1,LAA,39,0,115,3.52,28,18,39
fuentbr01,2010,2,MIN,9,0,29,0.0,3,2,8
fuentbr01,2011,1,ATH,67,0,175,3.7,52,20,42
fuentbr01,2012,1,ATH,26,0,75,6.84,30,10,18
fuentbr01,2012,2,SLN,6,0,15,9.0,6,5,6
fuentdi01,2025,1,ATL,4,4,39,13.85,23,6,12
fuentjo01,2021,1,COL,1,0,3,0.0,1,0,0
fujikky01,2013,1,CHN,12,0,36,5.25,11,2,14
fujikky01,2014,1,CHN,15,0,39,4.85,18,6,17
fujikky01,2015,1,TEX,2,0,5,16.2,2,0,1
fujinsh01,2023,1,ATH,34,7,148,8.57,52,30,51
fujinsh01,2023,2,BAL,30,0,89,4.85,21,15,32
fukumka01,2008,1,TEX,4,0,12,20.25,11,4,1
fulchje01,2006,1,MIA,1,0,1,0.0,0,1,0
fulchje01,2008,1,KCA,12,0,42,9.0,21,8,12
fulchje01,2009,1,HOU,61,0,246,3.4,70,27,71
fulchje01,2010,1,HOU,50,0,142,5.51,53,22,46
fulchje01,2011,1,HOU,36,0,99,5.18,34,18,31
fulchje01,2011,2,SDN,3,0,5,16.2,3,4,2
fuldsa01,2013,1,TB,1,0,1,0.0,0,0,0
fulmeca01,2016,1,CHA,8,0,35,8.49,12,7,10
fulmeca01,2017,1,CHA,7,5,70,3.86,16,13,19
fulmeca01,2018,1,CHA,9,8,97,8.07,37,24,29
fulmeca01,2019,1,CHA,20,2,82,6.26,26,20,25
fulmeca01,2020,1,DET,7,0,20,6.75,8,3,7
fulmeca01,2020,2,BAL,3,0,11,0.0,0,2,4
fulmeca01,2021,1,CIN,20,0,77,6.66,26,13,24
fulmeca01,2023,1,LAA,3,1,30,2.7,6,4,6
fulmeca01,2024,1,LAA,37,8,260,4.15,81,40,81
fulmeca01,2025,1,LAA,13,0,88,5.83,25,11,26
fulmemi01,2016,1,DET,26,26,477,3.06,136,42,132
fulmemi01,2017,1,DET,25,25,494,3.83,150,40,114
fulmemi01,2018,1,DET,24,24,397,4.69,128,46,110
fulmemi01,2020,1,DET,10,10,83,8.78,45,12,20
fulmemi01,2021,1,DET,52,4,209,2.97,69,20,73
fulmemi01,2022,1,DET,41,0,118,3.2,29,20,39
fulmemi01,2022,2,MIN,26,0,73,3.7,30,8,22
fulmemi01,2023,1,CHN,58,1,171,4.42,48,28,65
fulmemi01,2025,1,BOS,1,0,8,10.13,4,2,2
fulmemi01,2025,2,CHN,2,0,9,0.0,2,0,1
fultzaa01,2000,1,SFN,58,0,208,4.67,67,28,62
fultzaa01,2001,1,SFN,66,0,213,4.56,70,21,67
fultzaa01,2002,1,SFN,43,0,124,4.79,47,19,31
fultzaa01,2003,1,TEX,64,0,202,5.21,75,27,53
fultzaa01,2004,1,MIN,55,0,150,5.04,50,23,37
fultzaa01,2005,1,PHI,62,0,217,2.24,47,23,54
fultzaa01,2006,1,PHI,66,1,214,4.54,80,28,62
fultzaa01,2007,1,CLE,49,0,111,2.92,31,18,28
fundeko01,2023,1,MIN,11,0,36,0.75,6,5,19
fundeko01,2024,1,MIN,27,0,104,6.49,41,15,32
fundeko01,2025,1,MIN,39,0,123,3.51,44,18,40
funkhky01,2020,1,DET,13,0,52,7.27,22,11,12
funkhky01,2021,1,DET,57,2,205,3.42,58,38,63
furbuch01,2011,1,DET,17,2,97,3.62,36,14,26
furbuch01,2011,2,SEA,11,10,159,6.62,61,16,41
furbuch01,2012,1,SEA,48,0,139,2.72,28,16,53
furbuch01,2013,1,SEA,71,0,195,3.74,48,29,80
furbuch01,2014,1,SEA,67,0,127,3.61,40,9,51
furbuch01,2015,1,SEA,33,0,65,2.08,9,5,17
fussech01,2000,1,KCA,20,9,210,6.3,76,44,46
fyhrimi01,2000,1,LAA,32,0,158,2.39,54,15,43
fyhrimi01,2001,1,CHN,15,0,45,4.2,16,7,6
fyhrimi01,2001,2,ATH,3,0,15,0.0,2,1,5
fyhrimi01,2002,1,ATH,16,4,146,4.44,46,20,29
gabbaka01,2006,1,BOS,7,4,77,3.51,24,16,15
gabbaka01,2007,1,BOS,7,7,123,3.73,28,18,29
gabbaka01,2007,2,TEX,8,8,121,5.58,40,23,26
gabbaka01,2008,1,TEX,12,12,168,4.82,64,39,33
gabinar01,2009,1,MIN,2,1,11,17.18,9,5,2
gabinar01,2010,1,BAL,5,0,14,13.5,9,3,2
gaddihu01,2022,1,CLE,2,2,22,18.41,15,3,5
gaddihu01,2023,1,CLE,11,7,126,4.5,41,14,24
gaddihu01,2024,1,CLE,78,0,224,1.57,43,14,66
gaddihu01,2025,1,CLE,73,0,200,3.11,58,21,73
gagema01,2022,1,TOR,11,0,39,1.38,6,6,12
gagema01,2023,1,HOU,5,0,20,2.7,6,3,8
gagema01,2025,1,DET,6,0,17,0.0,7,2,3
gagema01,2025,2,SFN,27,2,76,3.91,28,10,24
gagneer01,2000,1,LAN,20,19,304,5.15,106,60,79
gagneer01,2001,1,LAN,33,24,455,4.75,144,46,130
gagneer01,2002,1,LAN,77,0,247,1.97,55,16,114
gagneer01,2003,1,LAN,77,0,247,1.2,37,20,137
gagneer01,2004,1,LAN,70,0,247,2.19,53,22,114
gagneer01,2005,1,LAN,14,0,40,2.7,10,3,22
gagneer01,2006,1,LAN,2,0,6,0.0,0,1,3
gagneer01,2007,1,TEX,34,0,100,2.16,23,12,29
gagneer01,2007,2,BOS,20,0,56,6.75,26,9,22
gagneer01,2008,1,MIL,50,0,139,5.44,46,22,38
gagnodr01,2018,1,NYN,5,1,36,5.25,15,5,8
gagnodr01,2019,1,NYN,18,0,71,8.37,34,7,17
galarar01,2007,1,TEX,3,1,26,6.23,8,7,6
galarar01,2008,1,DET,30,28,536,3.73,152,61,126
galarar01,2009,1,DET,29,25,431,5.64,158,67,95
galarar01,2010,1,DET,25,24,433,4.49,143,51,74
galarar01,2011,1,ARI,8,8,128,5.91,47,22,28
galarar01,2012,1,HOU,5,5,72,6.75,28,18,17
gallase01,2007,1,CHN,8,0,44,8.59,19,12,5
gallase01,2008,1,CHN,12,10,176,4.45,58,22,49
gallase01,2008,2,ATH,11,11,170,5.88,60,36,54
gallase01,2009,1,ATH,6,2,43,8.16,21,7,10
gallase01,2009,2,SDN,8,0,16,0.0,5,5,4
gallase01,2010,1,SDN,15,0,70,5.4,24,19,21
gallase01,2010,2,PIT,31,0,103,6.03,38,22,22
gallayo01,2007,1,MIL,20,17,331,3.67,103,37,101
gallayo01,2008,1,MIL,4,4,72,1.88,22,8,20
gallayo01,2009,1,MIL,30,30,557,3.73,150,94,204
gallayo01,2010,1,MIL,31,31,555,3.84,178,75,200
gallayo01,2011,1,MIL,33,33,622,3.52,193,59,207
gallayo01,2012,1,MIL,33,33,612,3.66,185,81,204
gallayo01,2013,1,MIL,31,31,542,4.18,180,66,144
gallayo01,2014,1,MIL,32,32,577,3.51,195,54,146
gallayo01,2015,1,TEX,33,33,553,3.42,193,68,121
gallayo01,2016,1,BAL,23,23,354,5.42,126,61,85
gallayo01,2017,1,SEA,28,22,392,5.72,138,60,94
gallayo01,2018,1,CIN,3,0,7,30.86,8,4,2
gallayo01,2018,2,TEX,18,18,276,5.77,99,43,56
gallegi01,2017,1,NYA,16,0,61,4.87,21,5,22
gallegi01,2018,1,NYA,4,0,30,4.5,10,3,10
gallegi01,2018,2,SLN,2,0,4,0.0,1,0,2
gallegi01,2019,1,SLN,66,0,222,2.31,44,16,93
gallegi01,2020,1,SLN,16,0,45,3.6,9,4,21
gallegi01,2021,1,SLN,73,0,241,3.02,51,20,95
gallegi01,2022,1,SLN,57,0,177,3.05,42,18,73
gallegi01,2023,1,SLN,56,0,165,4.42,54,12,59
gallegi01,2024,1,SLN,21,0,62,6.53,24,10,21
galleza01,2019,1,MIA,7,7,109,2.72,25,18,43
galleza01,2019,2,ARI,8,8,131,2.89,37,18,53
galleza01,2020,1,ARI,12,12,216,2.75,55,25,82
galleza01,2021,1,ARI,23,23,364,4.3,108,49,139
galleza01,2022,1,ARI,31,31,552,2.54,121,47,192
galleza01,2023,1,ARI,34,34,630,3.47,188,47,220
galleza01,2024,1,ARI,28,28,444,3.65,133,54,156
galleza01,2025,1,ARI,33,33,576,4.83,176,66,175
gallomi01,2003,1,HOU,32,0,90,3.0,28,10,16
gallomi01,2004,1,HOU,69,0,148,4.74,55,20,34
gallomi01,2005,1,HOU,36,0,61,2.66,18,10,12
gallomi01,2006,1,HOU,23,0,49,6.06,28,7,7
gamboed01,2016,1,TB,7,0,40,1.35,9,8,11
gandagu01,2001,1,MIL,16,0,59,5.49,25,10,7
gantjo01,2016,1,ATL,20,7,150,4.86,54,21,49
gantjo01,2017,1,SLN,7,2,52,4.67,17,10,11
gantjo01,2018,1,SLN,26,19,342,3.47,91,57,95
gantjo01,2019,1,SLN,64,0,199,3.66,51,34,60
gantjo01,2020,1,SLN,17,0,45,2.4,9,7,18
gantjo01,2021,1,SLN,25,14,229,3.42,64,56,56
gantjo01,2021,2,MIN,14,7,101,5.61,31,15,36
garabge01,2024,1,TEX,18,2,79,4.78,23,12,22
garabge01,2025,1,TEX,3,0,24,9.0,15,1,8
garatvi01,2009,1,WAS,4,0,6,22.5,5,3,0
garcefr01,2014,1,SDN,15,0,27,2.0,8,1,10
garcefr01,2015,1,SDN,40,1,114,5.21,41,22,30
garceri01,2000,1,BOS,64,0,224,3.25,64,23,69
garceri01,2001,1,BOS,62,0,201,3.9,55,25,51
garceri01,2002,1,BOS,26,0,64,7.59,21,12,16
garcian01,2007,1,PHI,1,0,2,13.5,2,0,0
garcibr01,2019,1,DET,7,0,20,12.15,9,5,7
garcibr01,2020,1,DET,26,0,65,1.66,18,10,12
garcibr01,2021,1,DET,39,0,118,7.55,48,25,32
garcibr01,2022,1,DET,4,4,61,3.54,14,10,17
garcibr02,2025,1,SEA,2,0,6,4.5,4,3,1
garcibr02,2025,2,ARI,12,0,37,5.84,14,5,13
garcich02,2012,1,WAS,13,0,38,2.13,8,2,15
garcide01,2020,1,NYA,6,6,103,4.98,35,6,33
garcide01,2021,1,NYA,2,2,25,6.48,8,4,7
garcide01,2023,1,NYA,2,0,17,1.59,4,4,3
garcide01,2023,2,CHA,6,0,28,2.89,5,8,7
garcide01,2024,1,CHA,14,0,42,7.07,16,11,15
garcied01,2019,1,PHI,37,0,117,5.77,38,26,45
garcied01,2020,1,TB,4,0,10,10.8,3,4,1
garcied01,2021,1,CIN,5,0,13,16.62,10,1,4
garcied01,2021,2,MIN,6,0,31,10.45,9,7,8
garcifr02,2000,1,SEA,21,20,373,3.91,112,64,79
garcifr02,2001,1,SEA,34,34,716,3.05,199,69,163
garcifr02,2002,1,SEA,34,34,671,4.39,227,63,181
garcifr02,2003,1,SEA,33,33,604,4.51,196,71,144
garcifr02,2004,1,SEA,15,15,321,3.2,96,32,82
garcifr02,2004,2,CHA,16,16,309,4.46,96,32,102
garcifr02,2005,1,CHA,33,33,684,3.87,225,60,146
garcifr02,2006,1,CHA,33,33,649,4.53,228,48,135
garcifr02,2007,1,PHI,11,11,174,5.9,74,19,50
garcifr02,2008,1,DET,3,3,45,4.2,11,6,12
garcifr02,2009,1,CHA,9,9,168,4.34,56,12,37
garcifr02,2010,1,CHA,28,28,471,4.64,171,45,89
garcifr02,2011,1,NYA,26,25,440,3.62,152,45,96
garcifr02,2012,1,NYA,30,17,322,5.2,112,35,89
garcifr02,2013,1,BAL,11,10,159,5.77,60,12,26
garcifr02,2013,2,ATL,6,3,82,1.65,23,5,20
garcigr01,2018,1,SLN,1,0,3,0.0,1,0,0
garciha01,2007,1,MIA,8,0,37,4.38,14,7,15
garcija01,2004,1,ATH,4,0,17,12.71,5,9,5
garcija01,2005,1,ATH,3,0,9,3.0,2,1,1
garcija01,2006,1,ATH,2,0,7,11.57,2,2,2
garcija01,2007,1,ATH,46,0,152,4.44,43,23,52
garcija01,2008,1,ATH,51,0,151,3.93,60,20,43
garcija01,2009,1,ATH,46,0,145,5.96,61,25,35
garcija01,2010,1,SFN,52,0,166,1.95,40,26,56
garcija01,2011,1,SFN,49,0,155,1.74,33,25,45
garcija01,2012,1,SFN,73,0,190,2.84,55,22,55
garcija01,2013,1,SFN,57,0,150,2.16,39,25,38
garcija01,2014,1,SFN,54,0,175,1.7,35,15,45
garcija01,2015,1,SFN,67,0,174,2.79,51,23,62
garcija01,2016,1,SFN,62,0,174,3.57,50,19,65
garcija01,2017,1,ATH,63,0,177,4.27,58,22,57
garcija01,2018,1,ATH,26,0,94,3.16,18,20,22
garcija02,2008,1,SLN,10,1,48,5.63,14,8,8
garcija02,2010,1,SLN,28,28,490,2.7,151,64,132
garcija02,2011,1,SLN,32,32,584,3.56,207,50,156
garcija02,2012,1,SLN,20,20,365,3.92,136,30,98
garcija02,2013,1,SLN,9,9,166,3.58,57,15,43
garcija02,2014,1,SLN,7,7,131,4.12,39,7,39
garcija02,2015,1,SLN,20,20,389,2.43,106,30,97
garcija02,2016,1,SLN,32,30,515,4.67,179,57,150
garcija02,2017,1,ATL,18,18,339,4.3,108,41,85
garcija02,2017,2,MIN,1,1,20,4.05,8,3,7
garcija02,2017,3,NYA,8,8,112,4.82,41,20,37
garcija02,2018,1,TOR,25,13,223,5.93,76,38,69
garcija02,2018,2,CHN,8,1,23,4.7,6,6,4
garcija03,2015,1,BAL,21,0,89,4.25,25,17,22
garcija04,2017,1,MIA,68,0,160,4.73,47,17,42
garcija04,2018,1,MIA,29,7,198,4.91,59,28,40
garcija04,2019,1,MIA,53,0,152,3.02,40,16,39
garcija04,2020,1,SFN,19,0,55,0.49,11,7,14
garcija04,2021,1,SFN,58,0,206,2.62,48,18,68
garcija04,2022,1,SFN,58,0,195,3.74,60,18,56
garcijo01,2006,1,MIA,5,0,33,4.91,10,5,8
garcile02,2014,1,CHA,1,0,3,18.0,1,2,0
garcile02,2015,1,CHA,1,0,3,0.0,1,0,1
garcilu03,2013,1,PHI,24,0,94,3.73,27,23,23
garcilu03,2014,1,PHI,13,0,42,6.43,14,13,12
garcilu03,2015,1,PHI,72,0,200,3.51,72,37,63
garcilu03,2016,1,PHI,17,0,46,6.46,21,8,14
garcilu03,2017,1,PHI,66,0,214,2.65,61,26,60
garcilu03,2018,1,PHI,59,0,138,6.07,49,18,51
garcilu03,2019,1,LAA,64,2,186,4.35,61,33,57
garcilu03,2020,1,TEX,11,2,25,7.56,10,9,11
garcilu03,2021,1,SLN,34,0,100,3.24,25,8,34
garcilu03,2022,1,SDN,64,0,183,3.39,57,17,68
garcilu03,2023,1,SDN,61,0,179,4.07,59,24,53
garcilu03,2024,1,LAA,45,0,131,3.71,37,14,40
garcilu03,2024,2,BOS,15,0,46,8.22,24,1,13
garcilu03,2025,1,LAN,28,0,82,5.27,34,16,24
garcilu03,2025,2,WAS,10,0,30,0.9,5,2,7
garcilu03,2025,3,LAA,20,0,54,2.0,16,8,17
garcilu05,2020,1,HOU,5,1,37,2.92,7,5,9
garcilu05,2021,1,HOU,30,28,466,3.48,133,50,167
garcilu05,2022,1,HOU,28,28,472,3.72,131,47,157
garcilu05,2023,1,HOU,6,6,81,4.0,25,10,31
garcilu05,2025,1,HOU,2,2,23,3.52,3,1,7
garcimi03,2000,1,PIT,13,0,34,11.12,21,7,9
garcion01,2013,1,LAN,3,0,4,13.5,1,4,1
garcion01,2017,1,KCA,2,1,18,13.5,12,5,2
garcire01,2002,1,TEX,3,0,6,31.5,7,1,2
garcire01,2003,1,TEX,17,0,54,9.0,19,14,15
garciri01,2019,1,COL,2,1,18,10.5,9,5,2
garciri01,2020,1,SFN,12,0,30,5.4,13,4,7
garciri01,2022,1,BAL,6,0,24,4.5,8,3,2
garciri01,2023,1,ATH,7,0,26,8.31,13,5,6
garciri01,2023,2,WAS,3,0,9,12.0,6,1,4
garciri01,2025,1,NYN,8,0,38,2.13,7,2,16
garciri01,2025,2,NYA,1,0,8,10.13,3,2,2
garciri01,2025,3,BAL,20,1,57,2.84,21,6,20
garciro01,2003,1,TEX,46,0,139,6.02,63,23,25
garciro01,2004,1,TEX,4,0,20,5.4,9,5,5
garciro02,2021,1,HOU,1,0,3,36.0,5,0,0
garciro03,2020,1,DET,15,2,63,8.14,25,9,14
garciro03,2021,1,DET,2,0,11,2.45,1,2,2
garciro03,2022,1,DET,16,8,153,4.41,40,13,48
garciro04,2023,1,MIA,1,0,1,0.0,1,1,0
garciro04,2023,2,WAS,24,0,95,3.69,25,11,33
garciro04,2024,1,WAS,72,0,179,4.22,55,16,75
garciro04,2025,1,TEX,71,0,192,2.95,58,22,68
garciyi01,2014,1,LAN,8,0,30,1.8,6,1,9
garciyi01,2015,1,LAN,59,1,170,3.34,44,10,68
garciyi01,2016,1,LAN,9,0,25,3.24,9,1,4
garciyi01,2018,1,LAN,25,0,67,5.64,29,4,19
garciyi01,2019,1,LAN,64,0,187,3.61,40,14,66
garciyi01,2020,1,MIA,14,0,45,0.6,9,5,19
garciyi01,2021,1,MIA,39,0,109,3.47,31,13,35
garciyi01,2021,2,HOU,23,0,64,5.48,18,5,25
garciyi01,2022,1,TOR,61,0,183,3.1,48,16,58
garciyi01,2023,1,TOR,73,0,198,4.09,67,15,79
garciyi01,2024,1,TOR,29,0,90,2.7,16,8,42
garciyi01,2024,2,SEA,10,0,27,6.0,7,4,7
garciyi01,2025,1,TOR,22,0,63,3.86,13,12,25
gardeni01,2017,1,TEX,12,0,24,5.63,10,7,3
gardeni01,2018,1,TEX,3,0,15,3.6,7,0,4
gardnle01,2002,1,TB,12,0,40,4.05,12,8,8
gardnle01,2005,1,TB,5,0,22,4.91,12,2,4
gardnle01,2007,1,MIA,62,0,223,1.94,72,18,52
gardnle01,2008,1,MIA,7,0,20,10.8,14,4,4
gardnma01,2000,1,SFN,30,20,447,4.05,155,42,92
gardnma01,2001,1,SFN,23,15,275,5.4,93,34,53
garibda01,2000,1,CHN,30,8,224,6.03,88,39,46
garlajo01,2000,1,CHA,15,13,209,6.46,82,40,42
garlajo01,2001,1,CHA,35,16,351,3.69,123,55,61
garlajo01,2002,1,CHA,33,33,578,4.58,188,83,112
garlajo01,2003,1,CHA,32,32,575,4.51,188,74,108
garlajo01,2004,1,CHA,34,33,651,4.89,223,76,113
garlajo01,2005,1,CHA,32,32,663,3.5,212,47,115
garlajo01,2006,1,CHA,33,32,634,4.51,247,41,112
garlajo01,2007,1,CHA,32,32,625,4.23,219,57,98
garlajo01,2008,1,LAA,32,32,590,4.9,237,59,90
garlajo01,2009,1,ARI,27,27,503,4.29,188,52,83
garlajo01,2009,2,LAN,6,6,109,2.72,37,9,26
garlajo01,2010,1,SDN,33,33,600,3.47,176,87,136
garlajo01,2011,1,LAN,9,9,162,4.33,55,20,28
garlajo01,2013,1,COL,12,12,204,5.82,85,23,32
garnepe01,2016,1,CLE,8,0,28,4.82,12,5,12
garream01,2017,1,CIN,16,14,212,7.39,74,40,63
garream01,2018,1,CIN,66,0,189,4.29,56,25,71
garream01,2019,1,CIN,69,0,168,3.21,44,35,78
garream01,2020,1,CIN,21,0,55,2.45,10,7,26
garream01,2021,1,CIN,63,0,143,6.04,46,29,61
garream01,2022,1,KCA,60,0,136,4.96,28,32,49
garream01,2023,1,KCA,27,0,73,3.33,22,20,28
garream01,2024,1,LAA,6,0,16,5.06,4,5,11
garrebr01,2020,1,MIA,2,2,23,5.87,8,5,8
garrebr01,2021,1,MIA,8,7,102,5.03,42,20,32
garrebr01,2022,1,MIA,17,17,264,3.58,86,24,90
garrebr01,2023,1,MIA,31,30,479,3.66,154,29,156
garrebr01,2024,1,MIA,7,7,111,5.35,40,4,34
garrere01,2019,1,DET,13,0,46,8.22,24,13,10
garrere01,2022,1,WAS,7,0,28,6.75,13,8,6
garrere01,2023,1,BAL,2,0,8,10.13,7,1,0
garrere01,2023,2,NYN,9,0,51,5.82,15,6,16
garrere01,2024,1,NYN,53,0,172,3.77,50,30,83
garrere01,2025,1,NYN,58,1,166,3.9,47,26,64
garrist01,2011,1,NYA,1,0,2,0.0,0,0,0
gartory01,2016,1,TB,37,0,118,4.35,44,11,33
gartory01,2017,1,TB,7,0,31,8.71,13,5,9
gartory01,2017,2,SEA,13,0,35,1.54,5,1,7
gartory01,2019,1,SEA,2,0,9,12.0,4,1,1
garvemi01,2018,1,MIN,1,0,3,0.0,1,0,0
garzaju01,2021,1,CLE,21,0,86,4.71,27,18,29
garzaju01,2023,1,BOS,17,1,55,7.36,22,12,17
garzaju01,2025,1,NYN,5,0,20,5.4,8,1,3
garzama01,2006,1,MIN,10,9,150,5.76,62,23,38
garzama01,2007,1,MIN,16,15,249,3.69,96,32,67
garzama01,2008,1,TB,30,30,554,3.7,170,59,128
garzama01,2009,1,TB,32,32,609,3.95,177,79,189
garzama01,2010,1,TB,33,32,614,3.91,193,63,150
garzama01,2011,1,CHN,31,31,594,3.32,186,63,197
garzama01,2012,1,CHN,18,18,311,3.91,90,32,96
garzama01,2013,1,CHN,11,11,213,3.17,61,20,62
garzama01,2013,2,TEX,13,13,253,4.38,89,22,74
garzama01,2014,1,MIL,27,27,490,3.64,143,50,126
garzama01,2015,1,MIL,26,25,446,5.63,176,57,104
garzama01,2016,1,MIL,19,19,305,4.51,117,36,70
garzama01,2017,1,MIL,24,22,344,4.94,121,45,79
garzara01,2021,1,HOU,9,0,33,4.09,11,7,14
garzara01,2021,2,MIN,18,0,58,3.26,13,7,15
garzara01,2022,1,TB,19,0,105,3.34,38,16,17
gassero01,2024,1,MIL,5,5,84,2.57,28,1,16
gassero01,2025,1,MIL,2,2,17,3.18,5,4,5
gassnda01,2005,1,MIN,2,2,23,5.87,9,1,2
gastjo01,2013,1,SLN,3,3,37,5.11,11,5,8
gaubjo01,2011,1,CHN,4,0,8,6.75,2,2,3
gaudich01,2003,1,TB,15,3,120,3.6,37,16,23
gaudich01,2004,1,TB,26,4,128,4.85,59,16,30
gaudich01,2005,1,TOR,5,3,39,13.15,31,6,12
gaudich01,2006,1,ATH,55,0,192,3.09,51,42,36
gaudich01,2007,1,ATH,34,34,598,4.42,205,100,154
gaudich01,2008,1,ATH,26,6,188,3.59,63,17,44
gaudich01,2008,2,CHN,24,0,82,6.26,29,10,27
gaudich01,2009,1,SDN,20,19,316,5.13,105,56,105
gaudich01,2009,2,NYA,11,6,126,3.43,41,20,34
gaudich01,2010,1,ATH,12,0,52,8.83,27,5,20
gaudich01,2010,2,NYA,30,0,144,4.5,46,20,33
gaudich01,2011,1,WAS,10,0,25,6.48,12,8,10
gaudich01,2012,1,MIA,46,0,208,4.54,72,26,57
gaudich01,2013,1,SFN,30,12,291,3.06,81,40,88
gausmke01,2013,1,BAL,20,5,143,5.66,51,13,49
gausmke01,2014,1,BAL,20,20,340,3.57,111,38,88
gausmke01,2015,1,BAL,25,17,337,4.25,109,29,103
gausmke01,2016,1,BAL,30,30,539,3.61,183,47,174
gausmke01,2017,1,BAL,34,34,560,4.68,208,71,179
gausmke01,2018,1,BAL,21,21,372,4.43,139,32,104
gausmke01,2018,2,ATL,10,10,179,2.87,50,18,44
gausmke01,2019,1,ATL,16,16,240,6.19,92,27,85
gausmke01,2019,2,CIN,15,1,67,4.03,21,5,29
gausmke01,2020,1,SFN,12,10,179,3.62,50,16,79
gausmke01,2021,1,SFN,33,33,576,2.81,150,50,227
gausmke01,2022,1,TOR,31,31,524,3.35,188,28,205
gausmke01,2023,1,TOR,31,31,555,3.16,163,55,237
gausmke01,2024,1,TOR,31,31,543,3.83,165,56,162
gausmke01,2025,1,TOR,32,32,579,3.59,155,50,189
gavigsa01,2017,1,SEA,12,11,187,4.62,63,21,40
gavigsa01,2017,2,KCA,4,2,36,3.0,13,5,9
gavigsa01,2018,1,TOR,26,24,371,5.31,140,38,105
gavigsa01,2019,1,TOR,52,0,287,4.61,85,22,88
gavigsa01,2020,1,TOR,4,0,9,9.0,3,5,1
gearrco01,2011,1,ATL,18,0,55,7.85,17,12,25
gearrco01,2012,1,ATL,22,0,60,1.8,17,5,20
gearrco01,2013,1,ATL,37,0,93,3.77,30,16,23
gearrco01,2015,1,SFN,7,0,11,4.91,1,1,5
gearrco01,2016,1,SFN,56,0,145,4.28,42,14,45
gearrco01,2017,1,SFN,68,0,204,1.99,50,35,64
gearrco01,2018,1,SFN,35,0,90,4.2,33,13,31
gearrco01,2018,2,TEX,21,0,64,2.53,13,6,20
gearrco01,2018,3,ATH,6,0,18,6.0,10,2,2
gearrco01,2019,1,SEA,48,2,124,3.92,38,21,39
gearrco01,2019,2,NYA,18,0,42,4.5,17,4,8
gearrco01,2020,1,MIN,1,0,6,0.0,0,2,1
gearyge01,2003,1,PHI,5,0,18,4.5,8,3,3
gearyge01,2004,1,PHI,33,0,134,5.44,52,16,30
gearyge01,2005,1,PHI,40,0,174,3.72,54,21,42
gearyge01,2006,1,PHI,81,0,274,2.96,103,20,60
gearyge01,2007,1,PHI,57,0,202,4.41,72,25,38
gearyge01,2008,1,HOU,55,0,192,2.53,45,28,45
gearyge01,2009,1,HOU,16,0,60,8.1,30,10,12
geedi01,2010,1,NYN,5,5,99,2.18,25,15,17
geedi01,2011,1,NYN,30,27,482,4.43,150,71,114
geedi01,2012,1,NYN,17,17,329,4.1,108,29,97
geedi01,2013,1,NYN,32,32,597,3.62,208,47,142
geedi01,2014,1,NYN,22,22,412,4.0,128,43,94
geedi01,2015,1,NYN,8,7,119,5.9,55,11,25
geedi01,2016,1,KCA,33,14,375,4.68,146,37,89
geedi01,2017,1,TEX,4,1,39,4.15,17,6,10
geedi01,2017,2,MIN,14,3,109,3.22,37,9,31
geerjo01,2008,1,SDN,5,5,81,2.67,29,9,16
geerjo01,2009,1,SDN,19,17,308,5.96,116,23,54
geltzst01,2012,1,LAA,2,0,6,4.5,2,3,1
geltzst01,2014,1,TB,11,0,25,3.24,6,5,14
geltzst01,2015,1,TB,70,2,202,3.74,45,26,61
geltzst01,2016,1,TB,27,0,80,5.74,24,9,23
gennesc01,2017,1,CIN,1,0,3,18.0,2,1,0
gentrcr01,2012,1,TEX,1,0,3,18.0,3,1,0
georgch02,2001,1,KCA,13,13,222,5.59,83,18,32
georgch02,2002,1,KCA,6,6,82,5.6,37,8,13
georgch02,2003,1,KCA,18,18,281,7.11,120,44,39
georgch02,2004,1,KCA,10,7,127,7.23,60,25,15
gerbejo01,2020,1,SEA,17,0,47,4.02,13,5,6
gerbejo01,2025,1,TB,2,0,13,2.08,3,0,4
germado01,2017,1,NYA,7,0,43,3.14,11,9,18
germado01,2018,1,NYA,21,14,257,5.57,81,33,102
germado01,2019,1,NYA,27,24,429,4.03,125,39,153
germado01,2021,1,NYA,22,18,295,4.58,89,27,98
germado01,2022,1,NYA,15,14,217,3.61,65,19,58
germado01,2023,1,NYA,20,19,326,4.56,83,34,114
germado01,2024,1,PIT,7,2,62,7.84,25,13,18
germafr01,2002,1,DET,7,0,20,0.0,3,2,6
germafr01,2003,1,DET,45,0,134,6.04,47,45,41
germafr01,2004,1,DET,16,0,44,7.36,17,11,8
germafr01,2005,1,DET,58,0,177,3.66,63,34,38
germafr01,2006,1,MIA,12,0,36,3.0,7,14,6
germafr01,2008,1,TEX,17,0,65,2.08,18,13,15
germafr02,2022,1,BOS,5,0,12,18.0,7,4,4
germaju01,2004,1,SDN,7,5,64,8.86,31,14,16
germaju01,2006,1,CIN,2,1,20,5.4,8,3,8
germaju01,2007,1,SDN,26,23,400,4.46,133,40,78
germaju01,2008,1,SDN,12,6,131,5.98,54,13,17
germaju01,2010,1,CLE,23,1,106,3.31,27,8,29
germaju01,2011,1,CLE,9,0,38,5.68,15,5,5
germaju01,2012,1,BOS,1,0,17,0.0,5,2,7
germaju01,2012,2,CHN,13,12,192,6.75,81,19,45
germaju01,2013,1,TOR,1,0,6,9.0,6,0,1
germaju01,2014,1,TEX,2,0,16,11.81,8,3,3
germego01,2013,1,NYN,29,0,103,3.93,32,16,33
germego01,2014,1,NYN,25,0,91,4.75,30,14,31
germego01,2015,1,CHN,6,0,18,7.5,8,5,8
germego01,2015,2,COL,29,1,98,3.86,33,21,25
germego01,2016,1,COL,40,0,122,5.31,41,25,32
gervapa01,2025,1,TB,5,0,19,4.26,6,5,6
gervapa01,2025,2,LAN,1,0,6,4.5,2,1,2
gervasa01,2009,1,HOU,29,0,63,2.14,16,8,25
gervasa01,2010,1,HOU,6,0,11,12.27,4,5,3
gibauia01,2019,1,TB,1,0,6,9.0,1,2,2
gibauia01,2019,2,TEX,9,0,37,5.11,11,8,14
gibauia01,2020,1,TEX,14,0,37,6.57,11,9,14
gibauia01,2021,1,MIN,3,0,20,2.7,7,2,4
gibauia01,2022,1,CLE,1,0,4,0.0,1,0,0
gibauia01,2022,2,CIN,33,0,104,4.67,38,18,48
gibauia01,2023,1,CIN,74,0,227,3.33,69,28,69
gibauia01,2024,1,CIN,2,0,6,4.5,3,1,1
gibauia01,2025,1,CIN,25,0,76,4.62,26,8,15
gibsoca01,2025,1,MIA,44,1,164,2.63,44,21,43
gibsoky01,2013,1,MIN,10,10,153,6.53,69,20,29
gibsoky01,2014,1,MIN,31,31,538,4.47,178,57,107
gibsoky01,2015,1,MIN,32,32,584,3.84,186,65,145
gibsoky01,2016,1,MIN,25,25,442,5.07,175,55,104
gibsoky01,2017,1,MIN,29,29,474,5.07,182,60,121
gibsoky01,2018,1,MIN,32,32,590,3.62,177,79,179
gibsoky01,2019,1,MIN,34,29,480,4.84,175,56,160
gibsoky01,2020,1,TEX,12,12,202,5.35,73,30,58
gibsoky01,2021,1,TEX,19,19,339,2.87,92,41,94
gibsoky01,2021,2,PHI,12,11,207,5.09,66,23,61
gibsoky01,2022,1,PHI,31,31,503,5.05,176,48,144
gibsoky01,2023,1,BAL,33,33,576,4.73,198,55,157
gibsoky01,2024,1,SLN,30,30,509,4.24,161,68,151
gibsoky01,2025,1,BAL,4,4,37,16.78,29,7,10
gieseda01,2007,1,SFN,8,0,28,4.82,8,2,7
gieseda01,2008,1,NYA,20,3,130,3.53,39,14,29
gieseda01,2009,1,ATH,7,1,66,5.32,22,9,11
gilbelo01,2021,1,SEA,24,24,358,4.68,112,28,128
gilbelo01,2022,1,SEA,32,32,557,3.2,170,49,174
gilbelo01,2023,1,SEA,32,32,572,3.73,169,36,189
gilbelo01,2024,1,SEA,33,33,626,3.23,148,37,220
gilbelo01,2025,1,SEA,25,25,393,3.44,104,31,173
gilbety01,2021,1,ARI,9,6,120,3.15,28,13,25
gilbety01,2022,1,ARI,8,7,103,5.24,33,10,20
gilbety01,2023,1,ARI,11,0,52,5.19,21,5,19
gilbety01,2024,1,PHI,6,0,25,3.24,10,2,4
gilbety01,2025,1,CHA,46,5,153,3.88,40,24,49
gilbrlu01,2021,1,COL,47,1,128,3.38,33,23,44
gilbrlu01,2022,1,COL,47,0,129,4.19,37,26,49
gilbrlu01,2024,1,COL,3,0,3,54.0,7,1,0
gilbrlu01,2025,1,COL,1,0,3,9.0,1,0,2
gileske01,2014,1,PHI,44,0,137,1.18,25,11,64
gileske01,2015,1,PHI,69,0,210,1.8,59,25,87
gileske01,2016,1,HOU,69,0,197,4.11,60,25,102
gileske01,2017,1,HOU,63,0,188,2.3,44,21,83
gileske01,2018,1,HOU,34,0,92,4.99,36,3,31
gileske01,2018,2,TOR,21,0,59,4.12,18,4,22
gileske01,2019,1,TOR,53,0,159,1.87,36,17,83
gileske01,2020,1,TOR,4,0,11,9.82,4,4,6
gileske01,2022,1,SEA,5,0,13,0.0,1,4,6
gilfija01,2003,1,KCA,13,0,49,7.71,22,10,12
gillalo01,2022,1,BAL,17,0,52,3.12,20,3,10
gillalo01,2023,1,BAL,11,0,27,6.0,14,5,8
gillalo01,2024,1,SDN,9,0,34,7.15,15,0,7
gillalo01,2025,1,SDN,3,0,21,2.57,7,4,4
gillico01,2024,1,CLE,3,0,24,2.25,4,5,8
gillico01,2025,1,MIA,6,6,78,8.65,32,11,23
gillu01,2021,1,NYA,6,6,88,3.07,20,19,38
gillu01,2022,1,NYA,1,1,12,9.0,5,2,5
gillu01,2024,1,NYA,29,29,455,3.5,104,77,171
gillu01,2025,1,NYA,11,11,171,3.32,47,33,41
gilmase01,2015,1,NYN,50,1,172,2.67,50,18,54
gilmase01,2016,1,NYN,14,1,53,7.13,21,7,11
gilmase01,2017,1,NYN,2,0,10,13.5,8,1,4
gilmase01,2018,1,BAL,12,0,81,3.0,23,11,15
gilmase01,2019,1,BAL,1,1,7,19.29,7,2,1
gilmase01,2020,1,TB,2,0,13,8.31,7,4,5
gimench01,2014,1,TEX,1,0,3,0.0,0,0,1
gimench01,2016,1,CLE,2,0,9,12.0,4,0,0
gimench01,2017,1,MIN,6,0,15,7.2,7,0,0
gimench01,2018,1,CHN,1,0,3,27.0,2,1,1
gimench01,2018,2,MIN,1,0,3,45.0,6,0,1
ginkeke01,2019,1,ARI,25,0,73,1.48,15,9,28
ginkeke01,2020,1,ARI,19,0,48,6.75,21,13,18
ginkeke01,2021,1,ARI,32,0,85,6.35,30,14,31
ginkeke01,2022,1,ARI,30,0,88,3.38,27,11,30
ginkeke01,2023,1,ARI,60,0,196,2.48,41,23,70
ginkeke01,2024,1,ARI,72,0,210,3.21,69,15,77
ginkeke01,2025,1,ARI,29,0,77,7.36,29,13,29
ginnjt01,2024,1,ATH,8,6,102,4.24,36,9,29
ginnjt01,2025,1,ATH,23,16,271,5.08,92,31,99
gintema01,2000,1,CHA,7,0,28,13.5,18,7,6
gintema01,2001,1,CHA,20,0,119,5.22,34,14,24
gintema01,2002,1,CHA,33,0,163,4.47,59,21,37
gintema01,2003,1,CHA,3,0,10,13.5,2,1,0
gintema01,2004,1,NYN,15,14,208,4.54,82,20,38
gintema01,2005,1,DET,14,1,105,6.17,49,9,15
gintema01,2008,1,CLE,4,4,63,5.14,25,3,12
giolilu01,2016,1,WAS,6,4,64,6.75,26,12,11
giolilu01,2017,1,CHA,7,7,136,2.38,31,12,34
giolilu01,2018,1,CHA,32,32,520,6.13,166,90,125
giolilu01,2019,1,CHA,29,29,530,3.41,131,57,228
giolilu01,2020,1,CHA,12,12,217,3.48,47,28,97
giolilu01,2021,1,CHA,31,31,536,3.53,145,52,201
giolilu01,2022,1,CHA,30,30,485,4.9,171,61,177
giolilu01,2023,1,CHA,21,21,363,3.79,106,42,131
giolilu01,2023,2,LAA,6,6,98,6.89,33,15,34
giolilu01,2023,3,CLE,6,6,92,7.04,30,16,39
giolilu01,2025,1,BOS,26,26,435,3.41,131,56,121
gipsosa01,2023,1,DET,4,4,60,2.7,14,8,26
gipsosa01,2025,1,DET,8,3,94,7.18,34,6,26
girodch01,2016,1,TOR,14,0,31,4.35,11,2,5
gissech01,2004,1,COL,5,1,26,14.54,20,3,11
givenmy01,2015,1,BAL,22,0,90,1.8,20,6,38
givenmy01,2016,1,BAL,66,0,224,3.13,59,36,96
givenmy01,2017,1,BAL,69,0,236,2.75,57,25,88
givenmy01,2018,1,BAL,69,0,230,3.99,61,30,79
givenmy01,2019,1,BAL,58,0,189,4.57,49,26,86
givenmy01,2020,1,BAL,12,0,39,1.38,7,6,19
givenmy01,2020,2,COL,10,0,28,6.75,9,4,6
givenmy01,2021,1,COL,31,0,89,2.73,25,14,34
givenmy01,2021,2,CIN,23,0,64,4.22,18,13,20
givenmy01,2022,1,CHN,40,0,122,2.66,32,19,51
givenmy01,2022,2,NYN,19,1,62,4.79,24,6,20
givenmy01,2023,1,BAL,6,0,12,11.25,4,6,2
glasnty01,2016,1,PIT,7,4,70,4.24,22,13,24
glasnty01,2017,1,PIT,15,13,186,7.69,81,44,56
glasnty01,2018,1,PIT,34,0,168,4.34,47,34,72
glasnty01,2018,2,TB,11,11,167,4.2,42,19,64
glasnty01,2019,1,TB,12,12,182,1.78,40,14,76
glasnty01,2020,1,TB,11,11,172,4.08,43,22,91
glasnty01,2021,1,TB,14,14,264,2.66,55,27,123
glasnty01,2022,1,TB,2,2,20,1.35,4,2,10
glasnty01,2023,1,TB,21,21,360,3.53,93,37,162
glasnty01,2024,1,LAN,22,22,402,3.49,92,35,168
glasnty01,2025,1,LAN,18,18,271,3.19,56,43,106
glaubke01,2000,1,CIN,4,0,22,3.68,5,2,4
glavito02,2000,1,ATL,35,35,723,3.4,222,65,152
glavito02,2001,1,ATL,35,35,658,3.57,213,97,116
glavito02,2002,1,ATL,36,36,674,2.96,210,78,127
glavito02,2003,1,NYN,32,32,550,4.52,205,66,82
glavito02,2004,1,NYN,33,33,637,3.6,204,70,109
glavito02,2005,1,NYN,33,33,634,3.53,227,61,105
glavito02,2006,1,NYN,32,32,594,3.82,202,62,131
glavito02,2007,1,NYN,34,34,601,4.45,219,64,89
glavito02,2008,1,ATL,13,13,190,5.54,67,37,37
gloadro01,2009,1,MIA,1,0,3,0.0,0,2,0
glovega01,2001,1,CHA,46,11,301,4.93,98,32,63
glovega01,2002,1,CHA,41,22,415,5.2,136,52,70
glovega01,2003,1,CHA,24,0,107,4.54,43,14,23
glovega01,2003,2,LAA,18,0,81,5.0,34,8,14
glovega01,2004,1,MIL,4,3,54,3.5,18,8,8
glovega01,2005,1,MIL,15,11,194,5.57,74,20,58
glovega01,2007,1,TB,67,0,232,4.89,87,27,51
glovega01,2008,1,TB,29,0,102,5.82,42,18,22
glovega01,2008,2,DET,18,0,61,4.43,22,4,15
gloveko01,2016,1,WAS,19,0,59,5.03,15,7,16
gloveko01,2017,1,WAS,23,0,58,5.12,20,4,17
gloveko01,2018,1,WAS,21,0,49,3.31,13,10,9
glynnry01,2000,1,TEX,16,16,266,5.58,107,41,33
glynnry01,2001,1,TEX,12,9,138,7.04,59,26,15
glynnry01,2004,1,TOR,6,2,60,4.05,19,8,14
glynnry01,2005,1,ATH,5,3,51,6.88,24,7,15
gobblji01,2003,1,KCA,9,9,158,4.61,56,15,31
gobblji01,2004,1,KCA,25,24,444,5.35,157,43,49
gobblji01,2005,1,KCA,28,4,161,5.7,64,30,38
gobblji01,2006,1,KCA,60,6,252,5.14,95,29,80
gobblji01,2007,1,KCA,74,0,161,3.02,56,23,50
gobblji01,2008,1,KCA,39,0,95,8.81,39,23,27
gobblji01,2009,1,CHA,12,0,36,7.5,14,7,10
godfrgr01,2011,1,ATH,5,4,75,3.96,32,5,13
godfrgr01,2012,1,ATH,5,4,63,6.43,26,10,10
godleza01,2015,1,ARI,9,6,110,3.19,29,17,34
godleza01,2016,1,ARI,27,9,224,6.39,86,25,60
godleza01,2017,1,ARI,26,25,465,3.37,124,53,165
godleza01,2018,1,ARI,33,32,535,4.74,177,81,185
godleza01,2019,1,ARI,27,9,228,6.39,81,35,58
godleza01,2019,2,TOR,6,0,48,3.94,15,7,12
godleza01,2020,1,BOS,8,7,86,8.16,42,14,28
godleza01,2021,1,MIL,2,1,10,16.2,4,5,5
goedder01,2014,1,NYN,6,0,20,2.7,3,4,6
goedder01,2015,1,NYN,35,0,100,2.43,24,9,34
goedder01,2016,1,NYN,36,0,107,4.54,33,14,36
goedder01,2017,1,NYN,33,0,87,5.28,28,11,33
goedder01,2018,1,SEA,5,0,22,1.23,4,5,9
goedder01,2018,2,LAN,26,0,88,3.38,22,15,35
goforda01,2015,1,MIL,20,0,74,4.01,32,8,24
goforda01,2016,1,MIL,10,0,32,10.97,18,4,9
goforda01,2017,1,MIL,1,0,3,0.0,0,1,0
goharlu01,2017,1,ATL,5,5,88,4.91,32,8,31
goharlu01,2018,1,ATL,9,1,59,5.95,16,8,18
goinsry01,2016,1,TOR,1,0,3,0.0,2,1,0
goldbbr01,2017,1,CHA,11,0,36,8.25,14,14,3
gombeau01,2018,1,SLN,29,11,225,4.44,81,32,67
gombeau01,2020,1,SLN,14,4,87,1.86,19,15,27
gombeau01,2021,1,COL,23,23,346,4.53,102,41,113
gombeau01,2022,1,COL,33,17,374,5.56,137,34,95
gombeau01,2023,1,COL,27,27,417,5.5,164,43,87
gombeau01,2024,1,COL,30,30,495,4.75,178,38,116
gombeau01,2025,1,COL,12,12,173,7.49,82,17,34
gomesbr01,2011,1,TB,40,0,111,2.92,34,16,32
gomesbr01,2012,1,TB,15,0,53,5.09,16,12,15
gomesbr01,2013,1,TB,26,0,58,6.52,18,7,29
gomesbr01,2014,1,TB,29,0,102,3.71,28,11,24
gomesbr01,2015,1,TB,63,0,177,4.27,55,15,44
gomesjo01,2015,1,ATL,1,0,3,18.0,3,0,1
gomeswa01,2000,1,PHI,65,0,221,4.4,72,35,49
gomeswa01,2001,1,PHI,42,0,144,4.31,51,22,35
gomeswa01,2001,2,SFN,13,0,45,8.4,21,7,17
gomeswa01,2002,1,BOS,20,0,64,4.64,20,12,15
gomezca01,2018,1,TB,1,0,1,81.0,0,4,0
gomezje01,2010,1,CLE,11,11,173,4.68,73,22,34
gomezje01,2011,1,CLE,11,10,175,4.47,73,15,31
gomezje01,2012,1,CLE,20,17,272,5.96,95,34,47
gomezje01,2013,1,PIT,34,8,242,3.35,65,28,53
gomezje01,2014,1,PIT,44,0,186,3.19,70,23,38
gomezje01,2015,1,PHI,65,0,224,3.01,82,17,50
gomezje01,2016,1,PHI,70,0,206,4.85,78,22,47
gomezje01,2017,1,PHI,18,0,67,7.25,31,7,21
gomezje01,2018,1,CHA,26,0,75,4.68,29,10,27
gomezje01,2019,1,TEX,16,0,46,8.22,23,6,10
gomezro01,2017,1,SFN,4,0,16,8.44,9,1,6
gomezro01,2018,1,SFN,5,0,28,7.71,20,1,8
gomezyo01,2023,1,NYA,1,0,6,0.0,1,0,4
gomezyo01,2024,1,NYA,5,0,34,3.97,11,7,10
gomezyo01,2025,1,NYA,6,0,30,2.7,5,9,5
gomezyo01,2025,2,LAN,3,0,13,14.54,10,2,6
gomezyo01,2025,3,CHA,12,9,145,4.84,45,16,47
gonsast01,2018,1,MIN,7,4,74,6.57,28,22,16
gonsast01,2021,1,BOS,3,0,13,4.15,2,2,4
gonsoto01,2019,1,LAN,11,6,120,2.93,26,15,37
gonsoto01,2020,1,LAN,9,8,140,2.31,32,7,46
gonsoto01,2021,1,LAN,15,13,167,3.23,41,34,65
gonsoto01,2022,1,LAN,24,24,391,2.14,79,35,119
gonsoto01,2023,1,LAN,20,20,309,4.98,86,40,82
gonsoto01,2025,1,LAN,7,7,108,5.0,33,18,38
gonzaal03,2013,2,NYA,1,0,1,0.0,0,0,0
gonzach01,2015,1,TEX,14,10,201,3.9,49,32,30
gonzach01,2016,1,TEX,3,3,31,8.71,21,9,7
gonzach01,2019,1,COL,14,12,189,5.29,59,33,46
gonzach01,2020,1,COL,6,4,59,6.86,22,10,16
gonzach01,2021,1,COL,24,18,305,6.46,127,28,56
gonzach01,2022,1,MIN,2,2,21,7.71,12,0,4
gonzach01,2022,2,MIL,4,2,34,6.35,12,4,8
gonzach01,2022,3,NYA,1,1,14,1.93,4,3,3
gonzach01,2023,1,MIA,3,0,11,7.36,7,1,3
gonzadi01,2001,1,NYN,16,7,177,4.88,72,17,31
gonzadi01,2004,1,TB,4,0,22,6.14,9,2,7
gonzaed01,2003,1,ARI,9,2,55,4.91,28,7,14
gonzaed01,2004,1,ARI,10,10,139,9.32,72,18,31
gonzaed01,2005,1,ARI,1,0,1,108.0,2,2,1
gonzaed01,2006,1,ARI,11,5,128,4.22,45,9,28
gonzaed01,2007,1,ARI,32,12,306,5.03,110,28,62
gonzaed01,2008,1,ARI,17,6,144,6.0,58,21,32
gonzaed01,2009,1,ATH,26,6,196,5.51,76,28,39
gonzaed01,2011,1,COL,1,0,6,9.0,5,1,1
gonzaed01,2012,1,HOU,6,6,75,5.04,23,8,18
gonzaed01,2013,1,TOR,3,0,24,7.88,9,5,3
gonzaed01,2013,2,HOU,5,0,30,7.2,17,3,8
gonzaen01,2006,1,ARI,22,18,319,5.67,114,34,66
gonzaen01,2007,1,ARI,1,0,6,13.5,4,1,0
gonzaen01,2008,1,SDN,4,0,10,10.8,4,2,1
gonzaen01,2009,1,BOS,2,0,11,4.91,5,2,1
gonzaen01,2010,1,DET,18,0,78,3.81,21,17,13
gonzaen01,2011,1,DET,8,0,27,10.0,12,7,3
gonzagi01,2008,1,ATH,10,7,102,7.68,32,25,34
gonzagi01,2009,1,ATH,20,17,296,5.75,113,56,109
gonzagi01,2010,1,ATH,33,33,602,3.23,171,92,171
gonzagi01,2011,1,ATH,32,32,606,3.12,175,91,197
gonzagi01,2012,1,WAS,32,32,598,2.89,149,76,207
gonzagi01,2013,1,WAS,32,32,587,3.36,169,76,192
gonzagi01,2014,1,WAS,27,27,476,3.57,134,56,162
gonzagi01,2015,1,WAS,31,31,527,3.79,181,69,169
gonzagi01,2016,1,WAS,32,32,532,4.57,179,59,171
gonzagi01,2017,1,WAS,32,32,603,2.96,158,79,188
gonzagi01,2018,1,WAS,27,27,437,4.57,153,70,126
gonzagi01,2018,2,MIL,5,5,76,2.13,14,10,22
gonzagi01,2019,1,MIL,19,17,262,3.5,76,37,78
gonzagi01,2020,1,CHA,12,4,95,4.83,40,19,34
gonzaje01,2003,1,TB,25,25,469,3.91,131,69,97
gonzaje01,2004,1,TB,11,8,151,6.97,72,20,22
gonzaje01,2005,1,BOS,28,3,168,6.11,64,16,28
gonzaje01,2006,1,NYN,3,3,42,7.71,21,6,8
gonzaje01,2006,2,MIL,21,1,126,5.14,50,17,36
gonzalu03,2022,1,SFN,5,0,19,5.68,9,1,0
gonzama01,2021,1,BOS,1,0,3,0.0,0,0,0
gonzama01,2022,1,NYA,1,0,1,0.0,0,0,0
gonzama02,2014,1,SLN,10,5,104,4.15,32,21,31
gonzama02,2015,1,SLN,1,1,8,13.5,7,1,1
gonzama02,2017,1,SLN,1,1,10,13.5,6,0,2
gonzama02,2017,2,SEA,10,7,110,5.4,53,11,30
gonzama02,2018,1,SEA,29,29,500,4.0,172,32,145
gonzama02,2019,1,SEA,34,34,609,3.99,210,56,147
gonzama02,2020,1,SEA,11,11,209,3.1,59,7,64
gonzama02,2021,1,SEA,25,25,430,3.96,125,42,108
gonzama02,2022,1,SEA,32,32,549,4.13,194,50,103
gonzama02,2023,1,SEA,10,10,150,5.22,55,18,34
gonzama02,2024,1,PIT,7,7,101,4.54,43,11,23
gonzame01,2018,1,MIA,8,1,66,5.73,31,8,19
gonzami02,2003,1,PIT,16,0,25,7.56,7,6,6
gonzami02,2004,1,PIT,47,0,130,1.25,32,6,55
gonzami02,2005,1,PIT,51,0,150,2.7,35,31,58
gonzami02,2006,1,PIT,54,0,162,2.17,42,31,64
gonzami02,2007,1,ATL,18,0,51,1.59,15,8,13
gonzami02,2008,1,ATL,36,0,101,4.28,26,14,44
gonzami02,2009,1,ATL,80,0,223,2.42,56,33,90
gonzami02,2010,1,BAL,29,0,74,4.01,18,14,31
gonzami02,2011,1,BAL,49,0,139,4.27,46,18,46
gonzami02,2011,2,TEX,7,0,21,5.14,5,3,5
gonzami02,2012,1,WAS,47,0,107,3.03,31,16,39
gonzami02,2013,1,MIL,75,0,150,4.68,58,25,60
gonzami03,2012,1,BAL,18,15,316,3.25,92,35,77
gonzami03,2013,1,BAL,30,28,514,3.78,157,53,120
gonzami03,2014,1,BAL,27,26,477,3.23,155,51,111
gonzami03,2015,1,BAL,26,26,434,4.91,151,51,109
gonzami03,2016,1,CHA,24,23,405,3.73,132,35,95
gonzami03,2017,1,CHA,22,22,401,4.31,145,47,85
gonzami03,2017,2,TEX,5,5,67,6.45,22,8,15
gonzami03,2018,1,CHA,3,3,37,12.41,24,6,5
gonzami05,2014,1,PHI,6,0,16,6.75,9,3,5
gonzaro01,2021,1,CHA,1,0,1,0.0,0,0,1
gonzase01,2015,1,PHI,7,7,92,7.92,44,7,28
gonzase01,2016,1,PHI,27,0,106,5.6,40,7,34
gonzavi02,2020,1,LAN,15,1,61,1.33,13,2,23
gonzavi02,2021,1,LAN,44,1,106,3.57,32,19,33
gonzavi02,2023,1,LAN,34,1,101,4.01,27,10,30
gonzavi02,2024,1,NYA,27,0,70,3.86,13,13,11
gonzawi01,2003,1,SDN,1,0,3,0.0,0,1,0
gonzawi02,2025,1,CHA,16,0,61,2.66,13,12,25
goodan01,2003,1,ARI,16,10,199,5.29,74,16,42
goodan01,2004,1,ARI,17,2,122,5.31,43,13,26
goodan01,2005,1,DET,2,0,15,5.4,4,1,7
goodedw01,2000,1,HOU,1,1,12,9.0,6,3,1
goodedw01,2000,2,TB,8,8,110,6.63,47,20,23
goodedw01,2000,3,NYA,18,5,193,3.36,66,21,31
goodyni01,2015,1,NYA,7,0,17,4.76,6,3,3
goodyni01,2016,1,NYA,27,0,87,4.66,30,12,34
goodyni01,2017,1,CLE,56,0,164,2.8,39,20,72
goodyni01,2018,1,CLE,12,0,35,6.94,15,5,12
goodyni01,2019,1,CLE,39,0,122,3.54,30,22,50
goodyni01,2020,1,TEX,17,1,33,9.0,14,8,13
gordoal01,2019,1,KCA,2,0,7,19.29,8,2,0
gordobr01,2008,1,TEX,3,0,12,2.25,4,0,1
gordobr01,2011,1,NYA,2,2,31,5.23,12,3,4
gordoco01,2025,1,HOU,20,14,258,5.34,103,19,72
gordode01,2022,1,WAS,1,0,3,27.0,2,3,0
gordoni01,2022,1,MIN,4,0,11,22.09,10,4,0
gordota01,2024,1,COL,8,8,103,8.65,53,6,26
gordota01,2025,1,COL,15,15,226,6.33,96,17,62
gordoto01,2001,1,CHN,47,0,136,3.38,32,16,67
gordoto01,2002,1,CHN,19,0,71,3.42,27,10,31
gordoto01,2002,2,HOU,15,0,57,3.32,15,6,17
gordoto01,2003,1,CHA,66,0,222,3.16,57,31,91
gordoto01,2004,1,NYA,80,0,269,2.21,56,23,96
gordoto01,2005,1,NYA,79,0,242,2.57,59,29,69
gordoto01,2006,1,PHI,59,0,178,3.34,53,22,68
gordoto01,2007,1,PHI,44,0,120,4.73,40,13,32
gordoto01,2008,1,PHI,34,0,89,5.16,31,17,26
gordoto01,2009,1,ARI,3,0,5,21.6,3,3,0
gorema01,2022,1,SDN,16,13,210,4.5,66,37,72
gorema01,2023,1,WAS,27,27,409,4.42,134,57,151
gorema01,2024,1,WAS,32,32,499,3.9,171,65,181
gorema01,2025,1,WAS,30,30,479,4.17,152,64,185
gorzeto01,2005,1,PIT,3,1,18,12.0,10,3,3
gorzeto01,2006,1,PIT,11,11,185,3.79,50,31,40
gorzeto01,2007,1,PIT,32,32,605,3.88,214,68,135
gorzeto01,2008,1,PIT,21,21,316,6.66,120,70,67
gorzeto01,2009,1,PIT,9,0,26,5.19,6,4,7
gorzeto01,2009,2,CHN,13,7,115,5.63,39,13,40
gorzeto01,2010,1,CHN,29,23,409,4.09,136,68,119
gorzeto01,2011,1,WAS,30,15,315,4.03,102,33,95
gorzeto01,2012,1,WAS,45,1,216,2.88,65,30,62
gorzeto01,2013,1,MIL,43,10,256,3.9,77,31,83
gorzeto01,2014,1,MIL,23,0,63,0.86,22,8,23
gorzeto01,2015,1,DET,48,0,118,5.95,45,23,36
gorzeto01,2016,1,CLE,7,0,9,21.0,4,5,4
gosean01,2021,1,CLE,6,0,20,1.35,2,2,9
gosean01,2022,1,CLE,22,0,63,4.71,15,14,28
gosean01,2024,1,CLE,3,0,13,10.38,9,1,4
goslimi01,2004,1,ARI,6,4,76,4.62,26,13,14
goslimi01,2005,1,ARI,13,5,97,4.45,40,19,14
goslimi01,2006,1,CIN,1,0,4,13.5,1,1,1
goslimi01,2007,1,CIN,23,0,99,4.91,42,28,32
goslimi01,2009,1,CLE,15,0,75,5.04,30,11,13
gosseda01,2017,1,ATH,18,18,274,6.11,116,31,72
gosseda01,2018,1,ATH,5,5,73,5.18,25,8,12
gosseph01,2022,2,LAA,1,0,3,0.0,0,0,0
gotttr01,2015,1,LAA,48,0,143,3.02,43,16,27
gotttr01,2016,1,WAS,9,0,18,1.5,6,3,6
gotttr01,2017,1,WAS,4,0,9,30.0,11,3,3
gotttr01,2018,1,WAS,20,0,57,5.68,19,10,15
gotttr01,2019,1,SFN,50,0,158,4.44,41,17,57
gotttr01,2020,1,SFN,15,0,35,10.03,13,8,8
gotttr01,2022,1,MIL,45,0,137,4.14,35,12,44
gotttr01,2023,1,SEA,30,0,87,4.03,33,8,32
gotttr01,2023,2,NYN,34,0,87,4.34,30,11,30
goudeas01,2020,1,COL,4,0,25,7.56,15,2,2
goudeas01,2021,1,CIN,5,0,27,4.0,8,9,5
goudeas01,2021,2,COL,11,1,76,4.26,16,8,17
goudeas01,2022,1,COL,12,0,61,7.08,25,10,16
grabojo02,2003,1,PIT,5,0,15,3.6,6,0,9
grabojo02,2004,1,PIT,68,0,185,5.11,81,28,64
grabojo02,2005,1,PIT,63,0,156,4.85,46,25,42
grabojo02,2006,1,PIT,72,0,209,4.13,68,30,66
grabojo02,2007,1,PIT,63,0,155,4.53,56,19,42
grabojo02,2008,1,PIT,74,0,228,2.84,60,37,62
grabojo02,2009,1,PIT,45,0,142,3.42,43,28,41
grabojo02,2009,2,CHN,30,0,75,3.24,19,12,16
grabojo02,2010,1,CHN,28,0,77,7.36,35,13,20
grabojo02,2011,1,CHN,58,0,187,4.76,67,28,38
gracefr01,2004,1,MIA,7,0,12,11.25,6,3,1
gracego01,2024,1,SLN,2,1,23,4.7,7,2,6
gracego01,2025,1,SLN,26,0,129,6.28,50,13,40
gracema01,2002,1,ARI,1,0,3,9.0,1,0,0
gracema02,2015,1,WAS,26,0,51,4.24,26,8,14
gracema02,2016,1,WAS,5,0,9,0.0,1,0,4
gracema02,2017,1,WAS,40,1,150,4.32,50,18,31
gracema02,2018,1,WAS,56,0,179,2.87,55,13,48
gracema02,2019,1,WAS,51,1,140,6.36,61,10,35
gracema02,2020,1,ARI,3,0,3,54.0,5,2,2
grahajr01,2015,1,MIN,39,1,191,4.95,73,21,53
grahajr01,2016,1,MIN,1,0,5,10.8,3,1,2
gramaal01,2004,1,NYA,3,2,15,19.8,14,2,4
gramaal01,2005,1,NYA,2,0,4,13.5,3,2,0
granian01,2025,1,SLN,14,0,63,4.71,22,7,18
gratebr01,2019,1,MIN,10,0,29,4.66,10,2,10
gratebr01,2020,1,LAN,23,2,70,3.09,18,3,13
gratebr01,2021,1,LAN,34,1,100,4.59,34,13,27
gratebr01,2022,1,LAN,46,1,149,3.26,39,10,43
gratebr01,2023,1,LAN,68,1,202,1.2,53,12,48
gratebr01,2024,1,LAN,7,0,22,2.45,3,2,7
gravebr01,2018,1,MIA,21,0,100,5.4,41,12,21
graveda01,2000,1,CIN,66,0,274,2.56,81,42,53
graveda01,2001,1,CIN,66,0,241,4.15,83,18,49
graveda01,2002,1,CIN,68,4,296,3.19,99,25,58
graveda01,2003,1,CIN,30,26,507,5.33,204,41,60
graveda01,2004,1,CIN,68,0,205,3.95,77,13,40
graveda01,2005,1,CIN,20,0,55,7.36,30,12,8
graveda01,2005,2,NYN,20,0,61,5.75,29,8,12
graveda01,2006,1,CLE,13,0,42,5.79,18,5,3
graveke01,2014,1,TOR,5,0,14,3.86,4,0,4
graveke01,2015,1,ATH,21,21,347,4.05,126,38,77
graveke01,2016,1,ATH,31,31,558,4.11,196,47,108
graveke01,2017,1,ATH,19,19,316,4.19,114,32,70
graveke01,2018,1,ATH,7,7,103,7.6,44,13,27
graveke01,2020,1,SEA,11,2,56,5.79,15,8,15
graveke01,2021,1,SEA,30,0,99,0.82,15,8,34
graveke01,2021,2,HOU,23,0,69,3.13,20,12,27
graveke01,2022,1,CHA,65,0,195,3.18,65,26,66
graveke01,2023,1,CHA,45,0,132,3.48,33,20,42
graveke01,2023,2,HOU,23,0,67,2.42,18,16,24
graveke01,2025,1,ARI,19,0,53,7.13,23,12,9
grayje02,2008,1,ATH,5,0,14,7.71,8,1,4
grayje02,2009,1,ATH,24,0,79,3.76,30,4,19
grayje02,2010,1,CHN,7,0,28,6.75,12,5,4
grayje02,2011,1,CHA,6,0,40,2.7,13,4,7
grayje02,2011,2,SEA,24,0,105,4.89,39,17,16
grayje02,2012,1,MIN,49,0,156,5.71,58,22,26
grayjo02,2015,1,COL,9,9,122,5.53,52,14,40
grayjo02,2016,1,COL,29,29,504,4.61,153,59,185
grayjo02,2017,1,COL,20,20,331,3.67,113,30,112
grayjo02,2018,1,COL,31,31,517,5.12,180,52,183
grayjo02,2019,1,COL,26,25,450,3.84,147,56,150
grayjo02,2020,1,COL,8,8,117,6.69,45,11,22
grayjo02,2021,1,COL,29,29,447,4.59,140,58,157
grayjo02,2022,1,TEX,24,24,382,3.96,105,39,134
grayjo02,2023,1,TEX,29,29,472,4.12,149,54,142
grayjo02,2024,1,TEX,23,19,308,4.47,107,28,86
grayjo02,2025,1,TEX,6,0,42,7.71,15,6,12
grayjo03,2021,1,LAN,2,1,24,6.75,7,5,13
grayjo03,2021,2,WAS,12,12,188,5.31,56,28,63
grayjo03,2022,1,WAS,28,28,446,5.02,136,66,154
grayjo03,2023,1,WAS,30,30,477,3.91,152,80,143
grayjo03,2024,1,WAS,2,2,25,14.04,15,5,9
grayso01,2013,1,ATH,12,10,192,2.67,51,20,67
grayso01,2014,1,ATH,33,33,657,3.08,187,74,183
grayso01,2015,1,ATH,31,31,624,2.73,166,59,169
grayso01,2016,1,ATH,22,22,351,5.69,133,42,94
grayso01,2017,1,ATH,16,16,291,3.43,84,30,94
grayso01,2017,2,NYA,11,11,196,3.72,55,27,59
grayso01,2018,1,NYA,30,23,391,4.9,138,57,123
grayso01,2019,1,CIN,31,31,526,2.87,122,68,205
grayso01,2020,1,CIN,11,11,168,3.7,42,26,72
grayso01,2021,1,CIN,26,26,406,4.19,115,50,155
grayso01,2022,1,MIN,24,24,359,3.08,99,36,117
grayso01,2023,1,MIN,32,32,552,2.79,156,55,183
grayso01,2024,1,SLN,28,28,499,3.84,142,39,203
grayso01,2025,1,SLN,32,32,542,4.28,185,38,201
greench03,2016,1,NYA,12,8,137,4.73,49,15,52
greench03,2017,1,NYA,40,1,207,1.83,34,17,103
greench03,2018,1,NYA,63,0,227,2.5,64,15,94
greench03,2019,1,NYA,54,15,207,4.17,66,19,98
greench03,2020,1,NYA,22,0,77,3.51,13,8,32
greench03,2021,1,NYA,67,0,251,3.12,57,17,99
greench03,2022,1,NYA,14,0,45,3.0,13,5,16
greench03,2023,1,TOR,12,0,36,5.25,12,4,16
greench03,2024,1,TOR,53,0,160,3.21,41,14,46
greench03,2025,1,TOR,45,0,131,5.56,51,13,35
greenco01,2021,1,BAL,3,0,11,14.73,7,1,5
greenco01,2021,2,LAN,2,0,6,0.0,2,0,2
greenco01,2021,3,BAL,19,1,59,6.41,23,11,19
greenhu01,2022,1,CIN,24,24,377,4.44,104,48,164
greenhu01,2023,1,CIN,22,22,336,4.82,111,48,152
greenhu01,2024,1,CIN,26,26,451,2.75,96,57,169
greenhu01,2025,1,CIN,19,19,323,2.76,75,26,132
greenja01,2000,1,HOU,14,0,53,6.62,15,20,19
greenni01,2009,1,BOS,1,0,6,0.0,0,3,0
greenni02,2014,1,SLN,19,1,108,4.75,36,5,17
greenni02,2015,1,SLN,1,0,0,,2,0,0
greense01,2006,1,SEA,24,0,96,4.5,34,13,15
greense01,2007,1,SEA,64,0,204,3.84,77,34,53
greense01,2008,1,SEA,72,0,237,4.67,80,36,62
greense01,2009,1,NYN,79,0,209,4.52,64,36,54
greense01,2010,1,NYN,11,0,28,3.86,7,8,12
greense01,2011,1,MIL,14,0,35,5.4,14,6,7
greensh02,2014,1,NYA,15,14,236,3.78,81,29,81
greensh02,2015,1,DET,18,16,251,6.88,103,27,50
greensh02,2016,1,DET,50,3,181,5.82,58,22,59
greensh02,2017,1,DET,71,0,203,2.66,50,34,73
greensh02,2018,1,DET,66,0,190,5.12,68,19,65
greensh02,2019,1,DET,38,0,114,1.18,21,12,43
greensh02,2019,2,ATL,27,0,74,4.01,25,5,21
greensh02,2020,1,ATL,28,0,83,2.6,22,9,21
greensh02,2021,1,ATL,19,0,51,8.47,22,9,17
greensh02,2021,2,LAN,9,0,20,4.05,3,5,7
greensh02,2022,1,LAN,1,0,6,0.0,2,0,1
greensh02,2022,2,NYA,1,0,3,18.0,1,1,1
greensh02,2023,1,CHN,2,0,9,0.0,2,2,3
greenst01,2001,1,LAA,1,1,18,3.0,4,6,4
gregelu01,2009,1,SDN,72,0,225,3.24,62,31,93
gregelu01,2010,1,SDN,80,0,235,3.22,47,18,89
gregelu01,2011,1,SDN,61,0,167,2.75,57,19,34
gregelu01,2012,1,SDN,77,0,215,2.39,57,21,72
gregelu01,2013,1,SDN,73,0,199,2.71,49,18,64
gregelu01,2014,1,ATH,72,0,217,2.12,58,15,59
gregelu01,2015,1,HOU,64,0,183,3.1,48,10,59
gregelu01,2016,1,HOU,59,0,173,3.28,38,18,67
gregelu01,2017,1,HOU,65,0,183,4.57,62,20,70
gregelu01,2018,1,SLN,17,0,38,7.11,14,6,12
gregelu01,2019,1,SLN,6,0,17,7.94,11,1,2
greggke01,2003,1,LAA,5,3,74,3.28,18,8,14
greggke01,2004,1,LAA,55,0,263,4.21,86,28,84
greggke01,2005,1,LAA,33,2,193,5.04,70,29,52
greggke01,2006,1,LAA,32,3,235,4.14,88,21,71
greggke01,2007,1,MIA,74,0,252,3.54,63,40,87
greggke01,2008,1,MIA,72,0,206,3.41,51,37,58
greggke01,2009,1,CHN,72,0,206,4.72,60,30,71
greggke01,2010,1,TOR,63,0,177,3.51,52,30,58
greggke01,2011,1,BAL,63,0,179,4.37,58,40,53
greggke01,2012,1,BAL,40,0,131,4.95,50,24,37
greggke01,2013,1,CHN,62,0,186,3.48,53,32,56
greggke01,2014,1,MIA,12,0,27,10.0,11,5,6
greggke01,2015,1,CIN,11,0,32,10.13,13,5,14
greinza01,2004,1,KCA,24,24,435,3.97,143,26,100
greinza01,2005,1,KCA,33,33,549,5.8,233,53,114
greinza01,2006,1,KCA,3,0,19,4.26,7,3,5
greinza01,2007,1,KCA,52,14,366,3.69,122,36,106
greinza01,2008,1,KCA,32,32,607,3.47,202,56,183
greinza01,2009,1,KCA,33,33,688,2.16,195,51,242
greinza01,2010,1,KCA,33,33,660,4.17,219,55,181
greinza01,2011,1,MIL,28,28,515,3.83,161,45,201
greinza01,2012,1,MIL,21,21,369,3.44,120,28,122
greinza01,2012,2,LAA,13,13,268,3.53,80,26,78
greinza01,2013,1,LAN,28,28,533,2.63,152,46,148
greinza01,2014,1,LAN,32,32,607,2.71,190,43,207
greinza01,2015,1,LAN,32,32,668,1.66,148,40,200
greinza01,2016,1,ARI,26,26,476,4.37,161,41,134
greinza01,2017,1,ARI,32,32,607,3.2,172,45,215
greinza01,2018,1,ARI,33,33,623,3.21,181,43,199
greinza01,2019,1,ARI,23,23,438,2.9,117,21,135
greinza01,2019,2,HOU,10,10,188,3.02,58,9,52
greinza01,2020,1,HOU,12,12,201,4.03,67,9,67
greinza01,2021,1,HOU,30,29,513,4.16,164,36,120
greinza01,2022,1,KCA,26,26,411,3.68,157,27,73
greinza01,2023,1,KCA,30,27,427,5.06,158,23,97
greisse01,2002,1,DET,8,8,113,6.21,46,13,14
greisse01,2004,1,MIN,12,9,153,6.18,68,15,36
greisse01,2005,1,ATL,1,1,15,3.6,7,1,2
grichra01,2022,1,COL,1,0,3,0.0,0,0,0
griffaj01,2012,1,ATH,15,15,247,3.06,74,19,64
griffaj01,2013,1,ATH,32,32,600,3.83,171,54,171
griffaj01,2016,1,TEX,23,23,357,5.07,116,46,107
griffaj01,2017,1,TEX,18,15,232,5.94,76,28,61
grifffo01,2020,1,KCA,1,0,5,0.0,0,0,1
grifffo01,2022,1,KCA,5,0,13,12.46,6,4,2
grifffo01,2022,2,TOR,1,0,6,0.0,1,1,2
griffje01,2003,1,NYN,9,6,123,7.02,57,19,25
griffje01,2004,1,HOU,1,1,13,10.38,4,3,5
grillja01,2000,1,MIA,1,1,20,5.4,11,2,3
grillja01,2001,1,MIA,6,5,80,6.08,30,11,17
grillja01,2004,1,CHA,8,8,135,7.4,52,20,26
grillja01,2005,1,DET,3,2,48,3.38,14,6,5
grillja01,2006,1,DET,51,0,186,4.21,61,25,31
grillja01,2007,1,DET,57,0,239,4.74,81,32,62
grillja01,2008,1,DET,9,0,41,3.29,12,7,10
grillja01,2008,2,COL,51,0,184,2.93,55,31,59
grillja01,2009,1,COL,22,0,58,6.05,29,13,22
grillja01,2009,2,TEX,30,0,79,4.78,21,14,27
grillja01,2011,1,PIT,28,0,98,2.48,24,15,37
grillja01,2012,1,PIT,64,0,176,2.91,45,22,90
grillja01,2013,1,PIT,54,0,150,2.7,40,13,74
grillja01,2014,1,PIT,22,0,61,4.87,22,11,21
grillja01,2014,2,LAA,40,0,101,3.48,29,10,36
grillja01,2015,1,ATL,36,0,101,2.94,28,10,45
grillja01,2016,1,ATL,21,0,51,5.29,16,13,23
grillja01,2016,2,TOR,46,0,126,3.64,28,19,58
grillja01,2017,1,TOR,26,0,62,6.97,24,9,23
grillja01,2017,2,TEX,20,0,58,5.59,22,9,25
grimmju01,2012,1,TEX,5,2,42,9.0,22,3,13
grimmju01,2013,1,TEX,17,17,267,6.37,116,31,68
grimmju01,2013,2,CHN,10,0,27,2.0,4,3,8
grimmju01,2014,1,CHN,73,0,207,3.78,59,27,70
grimmju01,2015,1,CHN,62,0,149,1.99,31,26,67
grimmju01,2016,1,CHN,68,0,158,4.1,47,23,65
grimmju01,2017,1,CHN,50,0,166,5.53,47,27,59
grimmju01,2018,1,KCA,16,0,38,13.5,17,14,8
grimmju01,2018,2,SEA,5,0,14,1.93,2,0,3
grimmju01,2020,1,MIL,4,0,14,17.36,9,4,6
grimmju01,2022,1,ATH,15,0,46,4.11,18,7,11
grimsja01,2000,1,NYA,63,4,289,5.04,100,42,53
grimsja01,2001,1,KCA,73,0,241,3.02,71,28,61
grimsja01,2002,1,KCA,70,0,214,3.91,64,37,59
grimsja01,2003,1,KCA,76,0,225,5.16,88,36,58
grimsja01,2004,1,KCA,32,0,80,3.38,24,15,18
grimsja01,2004,2,BAL,41,0,109,4.21,37,20,21
grimsja01,2005,1,BAL,22,0,66,5.73,24,9,10
grimsja01,2006,1,ARI,19,0,83,4.88,30,8,10
gronkle01,2007,1,TOR,1,0,12,2.25,2,2,2
groombu01,2000,1,BAL,70,0,178,4.85,63,21,44
groombu01,2001,1,BAL,70,0,198,3.55,64,9,54
groombu01,2002,1,BAL,70,0,186,1.6,44,12,48
groombu01,2003,1,BAL,60,0,136,5.36,58,14,34
groombu01,2004,1,BAL,60,0,158,4.78,67,16,32
groombu01,2005,1,NYA,24,0,77,4.91,32,7,13
groombu01,2005,2,ARI,23,0,46,4.7,19,5,7
grosski01,2000,1,HOU,2,1,13,10.38,9,2,3
grotzza01,2019,1,SEA,14,0,52,4.15,14,8,18
grotzza01,2020,1,SEA,5,0,22,14.73,11,11,4
grovemi01,2022,1,LAN,7,6,88,4.6,32,10,24
grovemi01,2023,1,LAN,18,12,207,6.13,83,19,73
grovemi01,2024,1,LAN,39,2,153,5.12,46,16,54
grubeja01,2014,1,LAA,1,0,2,13.5,1,0,0
gryboke01,2002,1,ATL,57,0,155,3.48,50,37,33
gryboke01,2003,1,ATL,64,0,133,3.86,44,23,32
gryboke01,2004,1,ATL,69,0,152,2.84,54,23,24
gryboke01,2005,1,ATL,31,0,64,2.95,24,12,8
gryboke01,2005,2,TEX,11,0,29,11.17,17,8,2
gryboke01,2006,1,WAS,6,0,17,14.29,14,2,4
gsellro01,2016,1,NYN,8,7,134,2.42,42,15,42
gsellro01,2017,1,NYN,25,22,359,5.19,138,42,82
gsellro01,2018,1,NYN,68,0,240,4.28,76,28,70
gsellro01,2019,1,NYN,52,0,191,4.66,64,23,60
gsellro01,2020,1,NYN,6,4,42,9.64,22,8,9
gsellro01,2021,1,NYN,17,1,86,3.77,27,7,17
gsellro01,2022,1,CHN,8,0,46,4.7,17,3,9
guaipma01,2015,1,SEA,21,0,80,5.4,34,13,22
guaipma01,2016,1,SEA,5,0,22,4.91,8,4,5
guarded01,2000,1,MIN,70,0,185,3.94,55,25,52
guarded01,2001,1,MIN,67,0,200,3.51,47,23,67
guarded01,2002,1,MIN,68,0,203,2.93,53,18,70
guarded01,2003,1,MIN,66,0,196,2.89,50,14,60
guarded01,2004,1,SEA,41,0,136,2.78,31,14,45
guarded01,2005,1,SEA,58,0,169,2.72,52,15,48
guarded01,2006,1,SEA,28,0,69,5.48,29,11,22
guarded01,2006,2,CIN,15,0,42,1.29,15,2,17
guarded01,2007,1,CIN,15,0,41,7.24,16,4,8
guarded01,2008,1,TEX,55,0,148,3.65,38,17,28
guarded01,2008,2,MIN,9,0,21,7.71,12,2,5
guarded01,2009,1,TEX,48,0,115,4.46,39,15,20
guduare01,2017,1,HOU,22,0,48,7.88,24,12,16
guduare01,2018,1,HOU,3,0,10,2.7,1,0,4
guduare01,2019,1,HOU,7,0,16,11.81,8,4,6
guduare01,2021,1,ATH,11,0,43,6.28,19,5,5
guentse01,2021,1,MIA,14,0,61,9.3,31,10,15
guentse01,2024,1,DET,17,0,63,0.86,9,2,12
guentse01,2025,1,DET,9,1,31,5.23,10,5,8
guerrde01,2015,1,PIT,10,0,50,6.48,26,3,17
guerrde01,2016,1,LAA,44,0,160,3.21,52,7,36
guerrde01,2017,1,LAA,19,0,75,4.68,20,12,22
guerrde01,2019,1,MIL,1,0,2,54.0,4,0,0
guerrde01,2020,1,PHI,9,0,22,8.59,10,2,8
guerrde01,2021,1,ATH,53,0,197,4.11,53,20,62
guerrja01,2011,1,LAN,47,0,140,2.31,37,18,38
guerrja01,2012,1,LAN,45,0,135,2.6,44,23,37
guerrja01,2013,1,LAN,9,0,32,6.75,15,6,12
guerrja01,2014,1,CHA,42,0,139,2.91,41,20,38
guerrja01,2015,1,CHA,3,0,5,0.0,2,1,0
guerrja01,2016,1,LAA,7,0,19,5.68,5,7,4
guerrja01,2017,1,MIA,16,0,63,3.0,23,7,12
guerrja01,2018,1,MIA,32,0,107,5.55,42,12,30
guerrja01,2019,1,TOR,11,0,42,3.86,12,5,15
guerrja01,2019,2,WAS,40,0,161,4.86,55,12,42
guerrja01,2020,1,WAS,14,0,47,4.02,19,7,13
guerrja01,2021,1,WAS,6,0,18,16.5,12,3,4
guerrja02,2019,1,SDN,8,0,26,5.19,7,3,6
guerrja02,2020,1,SDN,14,0,40,10.13,25,5,12
guerrja02,2021,1,SDN,4,0,11,4.91,4,2,3
guerrja02,2022,1,SDN,1,0,6,18.0,3,3,1
guerrja02,2022,2,TB,17,0,48,3.38,13,8,9
guerrja02,2023,1,MIL,8,0,25,8.64,10,9,5
guerrja02,2023,2,TB,9,2,33,4.09,7,13,9
guerrju02,2015,1,CHA,3,0,12,6.75,7,1,3
guerrju02,2016,1,MIL,20,20,365,2.81,94,43,100
guerrju02,2017,1,MIL,21,14,211,5.12,61,43,67
guerrju02,2018,1,MIL,31,26,423,4.09,143,55,136
guerrju02,2019,1,MIL,72,0,251,3.55,58,36,77
guerrju02,2020,1,ARI,25,0,71,3.04,17,15,21
guerrju02,2021,1,LAA,41,1,196,6.06,67,46,61
guerrlu01,2024,1,BOS,9,0,30,0.0,6,2,9
guerrlu01,2025,1,BOS,13,0,52,4.15,9,14,10
guerrma02,2004,1,MIN,9,2,57,5.68,22,6,11
guerrma02,2005,1,MIN,43,0,215,3.39,71,24,46
guerrma02,2006,1,MIN,39,1,209,3.36,78,21,37
guerrma02,2007,1,MIN,73,0,264,2.35,71,21,68
guerrma02,2008,1,MIN,76,0,229,5.19,84,37,59
guerrma02,2009,1,MIN,79,0,229,2.36,58,16,47
guerrma02,2010,1,MIN,74,0,213,3.17,56,22,42
guerrma02,2011,1,LAN,70,0,199,4.07,59,25,50
guerrma02,2012,1,LAN,16,0,42,3.86,8,7,9
guerrma02,2013,1,LAN,34,0,90,4.8,32,12,21
guerrma02,2013,2,CHN,15,0,38,2.13,11,5,9
guerrma02,2014,1,MIN,27,0,84,3.86,30,10,12
guerrta01,2016,1,SDN,1,0,6,4.5,3,1,0
guerrta01,2018,1,MIA,60,0,174,5.43,64,30,68
guerrta01,2019,1,MIA,52,0,138,6.26,42,36,43
guerrta02,2018,1,TOR,9,0,29,4.66,9,4,8
guerrta02,2019,1,TEX,20,0,79,5.81,26,22,27
guevaca01,2008,1,SDN,10,0,37,5.84,13,9,11
guilbta01,2019,1,SEA,17,0,37,3.65,10,3,7
guilbta01,2020,1,SEA,8,0,23,1.17,8,6,3
guilllu01,2020,1,NYN,1,0,3,0.0,0,0,0
guilllu01,2021,1,NYN,1,0,3,18.0,3,1,0
guilllu01,2023,1,NYN,1,0,3,0.0,1,0,0
guilllu01,2024,1,ATL,1,0,3,36.0,3,1,0
guilllu01,2024,2,LAA,2,0,6,0.0,1,1,0
guilmpr01,2013,1,CLE,4,0,16,10.13,8,3,1
guilmpr01,2014,1,BAL,10,0,31,5.23,8,2,12
guilmpr01,2015,1,TB,3,0,16,5.06,5,2,5
guilmpr01,2015,2,MIL,2,0,6,27.0,4,2,1
guilmpr01,2018,1,SLN,2,0,6,22.5,7,0,3
guilmpr01,2018,2,TOR,6,0,24,9.0,11,4,5
guilmpr01,2021,1,MIA,2,0,6,4.5,2,0,1
gundeer01,2000,1,TOR,6,0,19,7.11,15,2,2
gurkaja01,2015,1,COL,9,0,23,9.39,16,2,7
gurkaja01,2016,1,COL,6,0,29,9.31,16,2,7
gurkaja01,2017,1,LAA,3,0,2,0.0,2,1,0
gustaja01,2016,1,HOU,14,0,46,3.52,13,4,16
gustaja01,2017,1,HOU,6,0,15,5.4,5,7,2
gustaja01,2019,1,SFN,23,0,73,2.96,18,9,14
gustaja01,2021,1,MIL,14,0,55,3.44,15,5,13
gustaja01,2022,1,MIL,27,0,84,3.86,25,11,27
gustory01,2025,1,HOU,24,14,258,4.92,95,28,87
gustory01,2025,2,MIA,3,3,47,9.77,19,8,10
guthrje01,2004,1,CLE,6,0,35,4.63,9,6,7
guthrje01,2005,1,CLE,1,0,18,6.0,9,2,3
guthrje01,2006,1,CLE,9,1,58,6.98,24,15,14
guthrje01,2007,1,BAL,32,26,526,3.7,165,47,123
guthrje01,2008,1,BAL,30,30,572,3.63,176,58,120
guthrje01,2009,1,BAL,33,33,600,5.04,224,60,110
guthrje01,2010,1,BAL,32,32,628,3.83,193,50,119
guthrje01,2011,1,BAL,34,32,624,4.33,213,66,130
guthrje01,2012,1,COL,19,15,272,6.35,122,31,45
guthrje01,2012,2,KCA,14,14,273,3.16,84,19,56
guthrje01,2013,1,KCA,33,33,635,4.04,236,59,111
guthrje01,2014,1,KCA,32,32,608,4.13,215,49,124
guthrje01,2015,1,KCA,30,24,445,5.95,186,44,84
guthrje01,2017,1,WAS,1,1,2,135.0,6,4,0
guthrma01,2000,1,CHN,19,0,56,4.82,17,10,17
guthrma01,2000,2,TB,34,0,96,4.5,33,18,26
guthrma01,2000,3,TOR,23,0,62,4.79,20,9,20
guthrma01,2001,1,ATH,54,0,157,4.47,49,20,52
guthrma01,2002,1,NYN,68,0,144,2.44,35,19,44
guthrma01,2003,1,CHN,65,0,128,2.74,40,22,24
gutieju01,2007,1,HOU,7,3,64,5.91,25,6,16
gutieju01,2009,1,ARI,65,0,213,4.06,67,30,66
gutieju01,2010,1,ARI,58,0,170,5.08,55,23,47
gutieju01,2011,1,ARI,20,0,55,5.4,22,9,23
gutieju01,2013,1,KCA,25,0,88,3.38,30,8,17
gutieju01,2013,2,LAA,28,0,78,5.19,26,12,28
gutieju01,2014,1,SFN,61,0,191,3.96,60,16,44
gutievl01,2021,1,CIN,22,22,342,4.74,115,46,88
gutievl01,2022,1,CIN,10,8,110,7.61,46,24,29
gutievl01,2024,1,MIA,1,0,12,6.75,3,2,4
guyerbr01,2018,1,CLE,1,0,3,0.0,0,0,0
guzmaan01,2006,1,CHN,15,10,168,7.39,68,37,60
guzmaan01,2007,1,CHN,12,3,91,3.56,32,9,26
guzmaan01,2008,1,CHN,6,1,29,5.59,10,4,10
guzmaan01,2009,1,CHN,55,0,183,2.95,41,23,47
guzmado01,2000,1,SDN,1,0,3,9.0,1,1,0
guzmage01,2000,1,ARI,13,10,181,5.37,66,22,52
guzmage01,2001,1,ARI,4,0,28,2.89,7,3,4
guzmajo04,2020,1,MIA,1,0,3,18.0,2,1,0
guzmajo04,2021,1,MIA,2,0,5,32.4,4,6,3
guzmaju01,2000,1,TB,1,1,5,43.2,7,2,3
gwynma01,2007,1,LAA,3,0,16,11.81,9,5,3
gyorkje01,2018,1,SLN,1,0,3,9.0,2,0,0
gyorkje01,2019,1,SLN,1,0,1,0.0,0,0,1
gyorkje01,2020,1,MIL,1,0,3,0.0,1,0,0
hackeer01,2009,1,PIT,3,0,9,6.0,4,2,1
hackeer01,2011,1,MIN,2,0,16,0.0,4,4,2
hackeer01,2012,1,SFN,4,1,29,5.59,14,2,8
hackmlu01,2000,1,SLN,1,0,8,10.13,4,4,0
hackmlu01,2001,1,SLN,35,0,107,4.29,28,14,24
hackmlu01,2002,1,SLN,43,6,243,4.11,90,39,46
hackmlu01,2003,1,SDN,65,0,230,5.17,78,36,48
haderjo01,2017,1,MIL,35,0,143,2.08,25,22,68
haderjo01,2018,1,MIL,55,0,244,2.43,36,30,143
haderjo01,2019,1,MIL,61,0,227,2.62,41,20,138
haderjo01,2020,1,MIL,21,0,57,3.79,8,10,31
haderjo01,2021,1,MIL,60,0,176,1.23,25,24,102
haderjo01,2022,1,MIL,37,0,102,4.24,26,12,59
haderjo01,2022,2,SDN,19,0,48,7.31,17,9,22
haderjo01,2023,1,SDN,61,0,169,1.28,32,30,85
haderjo01,2024,1,HOU,71,0,213,3.8,43,25,105
haderjo01,2025,1,HOU,48,0,158,2.05,29,16,76
haegech01,2006,1,CHA,7,1,55,3.44,12,13,19
haegech01,2007,1,CHA,8,0,34,7.15,17,8,1
haegech01,2008,1,SDN,4,0,13,16.62,8,5,4
haegech01,2009,1,LAN,6,3,57,3.32,13,7,15
haegech01,2010,1,LAN,9,6,90,8.4,36,26,30
hagadni01,2011,1,CLE,9,0,33,4.09,4,6,11
hagadni01,2012,1,CLE,27,0,76,6.39,26,15,26
hagadni01,2013,1,CLE,36,0,94,5.46,24,21,30
hagadni01,2014,1,CLE,35,0,70,2.7,18,6,27
hagadni01,2015,1,CLE,36,0,82,4.28,30,12,28
hagenbr01,2014,1,ARI,2,0,8,3.38,4,3,2
hagenju01,2025,1,NYN,9,1,71,4.56,24,2,23
hagerja01,2022,1,ARI,3,0,7,7.71,3,0,1
hahnje01,2014,1,SDN,14,12,220,3.07,57,32,70
hahnje01,2015,1,ATH,16,16,290,3.35,88,25,64
hahnje01,2016,1,ATH,9,9,139,6.02,57,19,23
hahnje01,2017,1,ATH,14,13,209,5.3,78,27,55
hahnje01,2019,1,KCA,6,0,14,13.5,7,6,7
hahnje01,2020,1,KCA,18,0,52,0.52,4,8,19
hahnje01,2021,1,KCA,5,0,10,13.5,5,4,3
hahnje01,2025,1,SEA,3,0,15,5.4,6,5,3
halamjo01,2000,1,SEA,30,30,500,5.08,206,56,87
halamjo01,2001,1,SEA,31,17,331,4.73,132,26,50
halamjo01,2002,1,SEA,31,10,303,3.56,112,33,70
halamjo01,2003,1,ATH,35,13,326,4.22,117,36,51
halamjo01,2004,1,TB,34,14,356,4.7,134,27,59
halamjo01,2005,1,BOS,30,1,131,6.18,56,9,26
halamjo01,2005,2,WAS,10,3,64,4.64,23,8,11
halamjo01,2006,1,BAL,17,1,88,6.14,38,13,12
haleda02,2013,1,ATL,2,2,33,0.82,11,1,14
haleda02,2014,1,ATL,45,6,262,3.3,89,39,44
haleda02,2015,1,COL,17,12,235,6.09,95,20,61
haleda02,2016,1,COL,2,0,6,13.5,4,2,1
haleda02,2018,1,NYA,1,0,6,0.0,3,0,3
haleda02,2018,2,MIN,1,0,9,12.0,4,4,2
haleda02,2018,3,NYA,2,0,26,3.12,9,1,3
haleda02,2019,1,NYA,20,0,113,3.11,39,7,23
haleda02,2020,1,NYA,5,0,18,3.0,7,3,7
haleda02,2020,2,PHI,6,2,33,4.09,16,1,7
haleda02,2021,1,PHI,17,1,80,6.41,30,9,21
haleyju01,2017,1,MIN,10,0,54,6.0,22,6,14
haleyju01,2018,1,BOS,4,0,23,4.7,10,3,0
hallaro01,2000,1,TOR,19,13,203,10.64,107,42,44
hallaro01,2001,1,TOR,17,16,316,3.16,97,25,96
hallaro01,2002,1,TOR,34,34,718,2.93,223,62,168
hallaro01,2003,1,TOR,36,36,798,3.25,253,32,204
hallaro01,2004,1,TOR,21,21,399,4.2,140,39,95
hallaro01,2005,1,TOR,19,19,425,2.41,118,18,108
hallaro01,2006,1,TOR,32,32,660,3.19,208,34,132
hallaro01,2007,1,TOR,31,31,676,3.71,232,48,139
hallaro01,2008,1,TOR,34,33,738,2.78,220,39,206
hallaro01,2009,1,TOR,32,32,717,2.79,234,35,208
hallaro01,2010,1,PHI,33,33,752,2.44,231,30,219
hallaro01,2011,1,PHI,32,32,701,2.35,208,35,220
hallaro01,2012,1,PHI,25,25,469,4.49,155,36,132
hallaro01,2013,1,PHI,13,13,186,6.82,55,36,51
hallbi03,2010,1,BOS,1,0,3,0.0,0,0,0
hallco01,2015,1,SFN,7,0,25,6.48,10,4,7
hallco01,2016,1,MIA,2,0,9,12.0,4,3,3
hallda02,2022,1,PHI,1,0,1,0.0,1,0,0
halldl01,2022,1,BAL,11,1,41,5.93,17,6,19
halldl01,2023,1,BAL,18,0,58,3.26,18,5,23
halldl01,2024,1,MIL,13,7,129,5.02,48,21,44
halldl01,2025,1,MIL,20,3,116,3.49,24,17,27
halljo03,2003,1,CIN,6,5,74,6.57,33,15,18
hallma02,2018,1,DET,5,0,24,14.63,19,3,5
hallma02,2019,1,DET,16,0,70,7.71,28,15,27
hallma02,2020,1,BOS,4,1,26,18.69,17,10,9
halsebr01,2004,1,NYA,8,7,96,6.47,41,14,25
halsebr01,2005,1,ARI,28,26,480,4.61,191,39,82
halsebr01,2006,1,ATH,52,7,283,4.67,108,46,53
haltesh01,2000,1,DET,1,0,0,,0,1,0
halvose01,2024,1,COL,12,0,37,1.46,8,2,13
halvose01,2025,1,COL,42,0,119,4.99,41,21,36
hambuma01,2011,1,TEX,5,0,24,4.5,5,3,6
hamelco01,2006,1,PHI,23,23,397,4.08,117,48,145
hamelco01,2007,1,PHI,28,28,550,3.39,163,43,177
hamelco01,2008,1,PHI,33,33,682,3.09,193,53,196
hamelco01,2009,1,PHI,32,32,581,4.32,206,43,168
hamelco01,2010,1,PHI,33,33,626,3.06,185,61,211
hamelco01,2011,1,PHI,32,31,648,2.79,169,44,194
hamelco01,2012,1,PHI,31,31,646,3.05,190,52,216
hamelco01,2013,1,PHI,33,33,660,3.6,205,50,202
hamelco01,2014,1,PHI,30,30,614,2.46,176,59,198
hamelco01,2015,1,PHI,20,20,386,3.64,113,39,137
hamelco01,2015,2,TEX,12,12,251,3.66,77,23,78
hamelco01,2016,1,TEX,32,32,602,3.32,185,77,200
hamelco01,2017,1,TEX,24,24,444,4.2,125,53,105
hamelco01,2018,1,TEX,20,20,343,4.72,115,42,114
hamelco01,2018,2,CHN,12,12,229,2.36,61,23,74
hamelco01,2019,1,CHN,27,27,425,3.81,141,56,143
hamelco01,2020,1,ATL,1,1,10,8.1,3,1,2
hameldo01,2025,1,NYN,1,0,3,0.0,3,0,0
hamilia01,2018,1,CHA,10,0,24,4.5,6,2,5
hamilia01,2020,1,CHA,4,0,12,4.5,4,5,4
hamilia01,2022,1,MIN,1,0,8,6.75,3,1,0
hamilia01,2023,1,NYA,39,3,174,2.64,45,26,69
hamilia01,2024,1,NYA,35,0,113,3.82,37,14,41
hamilia01,2025,1,NYA,36,1,120,4.28,28,22,42
hamiljo02,2000,1,TOR,6,6,99,3.55,28,12,15
hamiljo02,2001,1,TOR,22,22,367,5.89,170,38,82
hamiljo02,2001,2,CIN,4,4,52,6.23,23,6,10
hamiljo02,2002,1,CIN,39,17,374,5.27,136,50,85
hamiljo02,2003,1,CIN,3,0,32,12.66,21,5,7
hammeja01,2006,1,TB,9,9,132,7.77,61,21,32
hammeja01,2007,1,TB,24,14,255,6.14,100,40,64
hammeja01,2008,1,TB,40,5,235,4.6,83,35,44
hammeja01,2009,1,COL,34,30,530,4.33,203,42,133
hammeja01,2010,1,COL,30,30,533,4.81,201,47,141
hammeja01,2011,1,COL,32,27,511,4.76,175,68,94
hammeja01,2012,1,BAL,20,20,354,3.43,104,42,113
hammeja01,2013,1,BAL,26,23,418,4.97,155,48,96
hammeja01,2014,1,CHN,17,17,326,2.98,88,23,104
hammeja01,2014,2,ATH,13,12,203,4.26,66,21,54
hammeja01,2015,1,CHN,31,31,512,3.74,158,40,172
hammeja01,2016,1,CHN,30,30,500,3.83,148,53,144
hammeja01,2017,1,KCA,32,32,541,5.29,209,48,145
hammeja01,2018,1,KCA,39,18,381,6.02,168,39,92
hammejd01,2019,1,PHI,20,0,57,3.79,15,12,13
hammejd01,2021,1,PHI,20,0,60,4.95,21,11,22
hammoch01,2002,1,ATL,63,0,228,0.95,53,31,63
hammoch01,2003,1,NYA,62,0,189,2.86,65,11,45
hammoch01,2004,1,ATH,41,0,161,2.68,56,13,34
hammoch01,2005,1,SDN,55,0,176,3.84,51,14,34
hammoch01,2006,1,CIN,29,0,86,6.91,36,5,23
hampsga01,2024,1,KCA,1,0,3,0.0,0,0,0
hampsga01,2025,3,SLN,1,0,3,0.0,0,0,0
hampsju01,2006,1,COL,5,1,36,7.5,19,5,9
hampsju01,2007,1,SDN,39,0,160,2.7,48,16,34
hampsju01,2008,1,SDN,35,0,92,2.93,31,10,19
hampsju01,2012,1,NYN,13,0,30,1.8,6,5,4
hamptmi01,2000,1,NYN,33,33,653,3.14,194,99,151
hamptmi01,2001,1,COL,32,32,609,5.41,236,85,122
hamptmi01,2002,1,COL,30,30,536,6.15,228,91,74
hamptmi01,2003,1,ATL,31,31,570,3.84,186,78,110
hamptmi01,2004,1,ATL,29,29,517,4.28,198,65,87
hamptmi01,2005,1,ATL,12,12,208,3.5,74,18,27
hamptmi01,2008,1,ATL,13,13,234,4.85,83,28,38
hamptmi01,2009,1,HOU,21,21,336,5.3,128,46,74
hamptmi01,2010,1,ARI,10,0,13,0.0,3,1,3
hamreer01,2011,1,SDN,14,0,37,4.38,10,9,10
hamulti01,2005,1,NYN,6,0,7,23.14,7,1,2
hamulti01,2006,1,LAN,33,0,102,6.35,36,22,34
hancoem01,2023,1,SEA,3,3,36,4.5,13,3,6
hancoem01,2024,1,SEA,12,12,182,4.75,62,19,39
hancoem01,2025,1,SEA,22,16,270,4.9,93,31,64
hancojo01,2002,1,BOS,3,1,22,3.68,5,2,6
hancojo01,2003,1,PHI,2,0,9,3.0,2,0,4
hancojo01,2004,1,PHI,4,2,27,9.0,13,3,5
hancojo01,2004,2,CIN,12,9,164,4.45,60,25,31
hancojo01,2005,1,CIN,11,0,42,1.93,11,1,5
hancojo01,2006,1,SLN,62,0,231,4.09,70,23,50
hancojo01,2007,1,SLN,8,0,38,3.55,14,5,9
hancoju01,2018,1,CHN,10,0,37,1.46,5,9,11
handbr01,2011,1,MIA,12,12,180,4.2,53,35,38
handbr01,2012,1,MIA,1,1,11,17.18,6,6,3
handbr01,2013,1,MIA,7,2,62,3.05,13,8,15
handbr01,2014,1,MIA,32,16,333,4.38,112,39,67
handbr01,2015,1,MIA,38,12,280,5.3,107,32,67
handbr01,2016,1,SDN,82,0,268,2.92,63,36,111
handbr01,2017,1,SDN,72,0,238,2.16,54,20,104
handbr01,2018,1,SDN,41,0,133,3.05,33,15,65
handbr01,2018,2,CLE,28,0,83,2.28,19,13,41
handbr01,2019,1,CLE,60,0,172,3.3,53,18,84
handbr01,2020,1,CLE,23,0,66,2.05,13,4,29
handbr01,2021,1,WAS,41,0,128,3.59,31,18,42
handbr01,2021,2,NYN,16,0,40,2.7,12,5,14
handbr01,2021,3,TOR,11,0,26,7.27,13,3,5
handbr01,2022,1,PHI,55,0,135,2.8,37,23,38
handbr01,2023,1,COL,40,0,107,4.54,35,16,41
handbr01,2023,2,ATL,20,0,54,7.5,19,6,18
handdo01,2013,1,MIL,31,7,205,3.69,71,21,37
handdo01,2015,1,CIN,1,0,9,0.0,2,1,3
haneych01,2000,1,CLE,1,0,3,9.0,1,1,0
haneych01,2002,1,BOS,24,0,90,4.2,32,10,15
hanhoer01,2018,1,NYN,3,0,7,7.71,4,1,2
hanhoer01,2021,1,BAL,10,0,31,6.97,13,3,6
hanifbr01,2023,1,DET,3,0,15,5.4,8,0,3
hanifbr01,2024,1,DET,21,3,88,1.84,27,6,23
hanifbr01,2025,1,DET,54,0,180,3.0,65,14,40
hanrajo01,2007,1,WAS,12,11,153,6.0,59,38,43
hanrajo01,2008,1,WAS,69,0,253,3.95,73,42,93
hanrajo01,2009,1,WAS,34,0,98,7.71,50,14,35
hanrajo01,2009,2,PIT,33,0,94,1.72,23,20,37
hanrajo01,2010,1,PIT,72,0,209,3.62,58,26,100
hanrajo01,2011,1,PIT,70,0,206,1.83,56,16,61
hanrajo01,2012,1,PIT,63,0,179,2.72,40,36,67
hanrajo01,2013,1,BOS,9,0,22,9.82,10,6,5
hansade01,2006,1,BOS,2,2,30,2.7,6,1,8
hansade01,2007,1,BOS,3,1,23,4.7,9,5,5
hansade01,2008,1,BOS,4,0,20,4.05,6,1,5
hansecr01,2005,1,BOS,4,0,9,6.0,6,1,3
hansecr01,2006,1,BOS,38,0,114,6.63,46,15,30
hansecr01,2008,1,BOS,32,0,92,5.58,29,23,25
hansecr01,2008,2,PIT,16,0,47,7.47,11,20,7
hansecr01,2009,1,PIT,5,0,19,5.68,6,4,5
hansoto01,2009,1,ATL,21,21,383,2.89,105,46,116
hansoto01,2010,1,ATL,34,34,608,3.33,182,56,173
hansoto01,2011,1,ATL,22,22,390,3.6,106,46,142
hansoto01,2012,1,ATL,31,31,524,4.48,183,71,161
hansoto01,2013,1,LAA,15,13,219,5.42,83,30,56
happia01,2018,1,CHN,1,0,3,0.0,1,0,0
happja01,2007,1,PHI,1,1,12,11.25,7,2,5
happja01,2008,1,PHI,8,4,95,3.69,28,14,26
happja01,2009,1,PHI,35,23,498,2.93,149,56,119
happja01,2010,1,PHI,3,3,46,1.76,13,12,9
happja01,2010,2,HOU,13,13,216,3.75,60,35,61
happja01,2011,1,HOU,28,28,469,5.35,157,83,134
happja01,2012,1,HOU,18,18,313,4.83,112,39,98
happja01,2012,2,TOR,10,6,121,4.69,35,17,46
happja01,2013,1,TOR,18,18,278,4.56,91,45,77
happja01,2014,1,TOR,30,26,474,4.22,160,51,133
happja01,2015,1,SEA,21,20,326,4.64,121,32,82
happja01,2015,2,PIT,11,11,190,1.85,52,13,69
happja01,2016,1,TOR,32,32,585,3.18,168,60,163
happja01,2017,1,TOR,25,25,436,3.53,145,46,142
happja01,2018,1,TOR,20,20,342,4.18,99,35,130
happja01,2018,2,NYA,11,11,191,2.69,51,16,63
happja01,2019,1,NYA,31,30,484,4.91,160,49,140
happja01,2020,1,NYA,9,9,148,3.47,37,15,42
happja01,2021,1,MIN,19,19,295,6.77,125,31,77
happja01,2021,2,SLN,11,11,162,4.0,52,17,45
haranaa01,2002,1,ATH,16,15,235,4.83,78,45,64
haranaa01,2003,1,ATH,7,6,91,5.34,41,9,16
haranaa01,2003,2,CIN,9,9,138,5.28,48,10,26
haranaa01,2004,1,CIN,28,28,483,4.86,177,53,125
haranaa01,2005,1,CIN,32,32,635,3.83,217,51,163
haranaa01,2006,1,CIN,36,35,703,3.76,242,56,216
haranaa01,2007,1,CIN,34,34,695,3.73,213,52,218
haranaa01,2008,1,CIN,30,29,553,4.78,205,50,153
haranaa01,2009,1,CIN,26,26,487,4.21,186,43,142
haranaa01,2010,1,CIN,22,20,335,5.32,139,38,82
haranaa01,2011,1,SDN,28,28,512,3.64,175,58,124
haranaa01,2012,1,LAN,31,31,539,3.61,167,85,131
haranaa01,2013,1,SEA,22,22,361,5.76,133,28,87
haranaa01,2013,2,NYN,4,4,69,3.52,20,12,26
haranaa01,2014,1,ATL,33,33,613,3.57,215,71,161
haranaa01,2015,1,PHI,29,29,517,4.86,189,51,108
harderi01,2003,1,ATH,15,13,224,4.46,72,40,67
harderi01,2004,1,ATH,31,31,569,3.99,171,81,167
harderi01,2005,1,ATH,22,19,384,2.53,93,43,121
harderi01,2006,1,ATH,9,9,140,4.24,31,26,49
harderi01,2007,1,ATH,7,4,77,2.45,18,11,27
harderi01,2008,1,ATH,13,13,231,2.34,57,31,92
harderi01,2008,2,CHN,12,12,213,1.77,39,30,89
harderi01,2009,1,CHN,26,26,423,4.09,122,67,171
harderi01,2010,1,TEX,20,18,276,5.58,91,62,75
harderi01,2011,1,ATH,15,15,248,5.12,87,31,91
hardybl01,2014,1,DET,38,0,117,2.54,34,20,31
hardybl01,2015,1,DET,70,0,184,3.08,61,22,55
hardybl01,2016,1,DET,21,0,77,3.51,25,12,20
hardybl01,2017,1,DET,35,0,100,5.94,46,13,28
hardybl01,2018,1,DET,30,13,258,3.56,79,22,66
hardybl01,2019,1,DET,39,0,133,4.47,38,13,29
hardybl01,2021,1,MIL,1,0,3,18.0,3,1,1
harenda01,2003,1,SLN,14,14,218,5.08,84,22,43
harenda01,2004,1,SLN,14,5,138,4.5,45,17,32
harenda01,2005,1,ATH,34,34,651,3.73,212,53,163
harenda01,2006,1,ATH,34,34,669,4.12,224,45,176
harenda01,2007,1,ATH,34,34,668,3.07,214,55,192
harenda01,2008,1,ARI,33,33,648,3.33,204,40,206
harenda01,2009,1,ARI,33,33,688,3.14,192,38,223
harenda01,2010,1,ARI,21,21,423,4.6,161,29,141
harenda01,2010,2,LAA,14,14,282,2.87,84,25,75
harenda01,2011,1,LAA,35,34,715,3.17,211,33,192
harenda01,2012,1,LAA,30,30,530,4.33,190,38,142
harenda01,2013,1,WAS,31,30,509,4.67,179,31,151
harenda01,2014,1,LAN,32,32,558,4.02,183,36,145
harenda01,2015,1,MIA,21,21,387,3.42,116,25,88
harenda01,2015,2,CHN,11,11,175,4.01,58,13,44
harikti01,2004,1,COL,55,0,188,4.74,55,23,30
harikti01,2005,1,ATH,8,0,38,6.39,16,4,7
harikti01,2007,1,COL,1,1,10,8.1,9,1,2
harnipe01,2000,1,CIN,22,22,393,4.74,133,46,71
harnipe01,2001,1,CIN,7,7,106,6.37,48,17,17
harpery01,2019,1,MIN,61,0,163,3.81,54,10,50
harpery01,2020,1,WAS,23,0,71,7.61,29,9,25
harpery01,2021,1,WAS,34,0,107,4.04,28,14,31
harpetr01,2000,1,TB,6,5,96,4.78,30,15,14
harpetr01,2001,1,TB,2,2,21,7.71,15,3,2
harpetr01,2002,1,TB,37,7,257,5.46,101,27,60
harpetr01,2003,1,TB,61,0,279,3.77,86,31,64
harpetr01,2004,1,TB,52,0,236,3.89,69,23,59
harpetr01,2005,1,TB,52,0,220,6.75,88,24,40
harpetr01,2006,1,TB,30,0,126,4.93,62,13,32
harrelu01,2010,1,CHA,8,3,72,4.88,34,17,15
harrelu01,2011,1,CHA,3,0,15,7.2,11,1,5
harrelu01,2011,2,HOU,6,2,39,3.46,12,7,10
harrelu01,2012,1,HOU,32,32,581,3.76,185,78,140
harrelu01,2013,1,HOU,36,22,461,5.86,174,88,89
harrelu01,2014,1,HOU,3,3,37,9.49,19,9,9
harrelu01,2016,1,ATL,5,5,88,3.38,25,12,21
harrelu01,2016,2,TEX,4,4,53,5.6,21,13,15
harrelu01,2017,1,TOR,4,0,19,7.11,10,4,6
harriha01,2025,1,ATL,3,0,8,3.38,3,2,0
harriho01,2023,1,WAS,16,0,58,5.12,21,13,9
harriho02,2023,1,ATH,14,6,189,7.14,67,28,56
harriho02,2024,1,ATH,21,9,217,2.86,65,33,61
harriho02,2025,1,ATH,48,0,194,3.2,54,33,65
harrije02,2005,1,SEA,11,8,161,4.19,48,20,25
harrije02,2006,1,SEA,3,0,10,5.4,3,0,1
harrijo05,2013,1,PIT,1,0,1,0.0,0,0,0
harrijo05,2022,1,CHA,3,0,9,18.0,9,2,2
harrijo05,2023,1,PHI,2,0,5,27.0,8,2,0
harriky01,2023,1,SFN,7,7,104,4.15,29,11,35
harriky01,2024,1,SFN,24,24,373,4.56,125,42,118
harriky01,2025,1,SFN,8,4,71,4.56,21,9,25
harriky01,2025,2,BOS,3,2,36,3.0,14,5,13
harrima01,2008,1,TEX,15,15,251,5.49,100,31,42
harrima01,2009,1,TEX,11,11,190,6.11,81,23,34
harrima01,2010,1,TEX,37,6,235,4.71,80,39,46
harrima01,2011,1,TEX,31,30,557,3.39,180,57,126
harrima01,2012,1,TEX,32,32,640,3.29,210,59,133
harrima01,2013,1,TEX,2,2,32,8.44,14,7,12
harrima01,2014,1,TEX,4,4,52,4.15,20,12,10
harrima01,2015,1,TEX,3,3,48,6.75,19,6,5
harrimi03,2015,1,SLN,26,0,81,3.67,30,13,15
harrito03,2025,1,PIT,3,1,26,15.58,18,7,7
harriwi02,2012,1,COL,20,0,53,8.15,27,6,19
harriwi02,2013,1,ARI,61,0,158,2.91,50,15,53
harriwi02,2014,1,ARI,29,0,87,4.34,27,9,35
harriwi02,2015,1,HOU,68,0,213,1.9,42,22,68
harriwi02,2016,1,HOU,66,0,192,2.25,52,15,69
harriwi02,2017,1,HOU,46,0,136,2.98,37,7,52
harriwi02,2018,1,HOU,61,0,170,3.49,48,14,64
harriwi02,2019,1,HOU,68,0,180,1.5,42,14,62
harriwi02,2020,1,WAS,20,0,53,3.06,21,9,21
harriwi02,2021,1,WAS,8,0,18,9.0,7,3,9
hartdo01,2016,1,BAL,22,0,55,0.49,12,6,12
hartdo01,2017,1,BAL,51,0,131,3.71,48,13,29
hartdo01,2018,1,BAL,20,0,58,5.59,31,12,13
hartdo01,2019,1,MIL,4,0,20,0.0,4,4,3
hartdo01,2019,2,NYN,1,0,3,0.0,0,0,0
hartke01,2007,1,CHN,8,0,33,0.82,7,4,13
hartke01,2008,1,CHN,21,0,83,6.51,39,18,23
hartke01,2009,1,CHN,8,4,83,2.6,23,18,13
hartke01,2009,2,PIT,10,10,160,6.92,74,26,39
hartky01,2020,1,BOS,4,3,33,15.55,24,10,13
hartky01,2025,1,SDN,20,6,129,5.86,38,13,37
hartlge01,2019,1,PIT,29,0,105,9.0,52,18,38
hartlge01,2020,1,PIT,21,0,67,3.63,16,19,19
hartlge01,2021,1,PIT,4,0,14,7.71,3,5,4
hartlge01,2021,2,NYN,3,0,13,14.54,7,6,5
hartlge01,2023,1,MIA,2,0,12,2.25,2,3,3
hartlge01,2024,1,COL,5,0,27,9.0,13,4,7
hartlge01,2025,1,NYA,2,0,4,40.5,5,4,4
hartlge01,2025,2,DET,2,0,6,9.0,3,2,1
hartmry01,2021,1,HOU,1,0,7,3.86,3,0,2
hartwgr01,2023,1,NYN,28,0,106,4.84,34,15,30
hartwgr01,2024,1,NYN,4,0,20,6.75,6,4,4
harvehu01,2019,1,BAL,7,0,19,1.42,3,4,11
harvehu01,2020,1,BAL,10,0,26,4.15,8,2,6
harvehu01,2021,1,BAL,9,0,26,4.15,8,3,6
harvehu01,2022,1,WAS,38,0,118,2.52,33,12,45
harvehu01,2023,1,WAS,57,0,182,2.82,44,13,67
harvehu01,2024,1,WAS,43,0,135,4.2,43,12,50
harvehu01,2024,2,KCA,6,0,17,6.35,8,4,5
harvehu01,2025,1,KCA,12,0,32,0.0,6,1,11
harvejo01,2019,1,NYA,9,0,30,4.5,11,7,11
harvejo01,2019,2,COL,9,0,24,5.63,7,6,6
harvejo01,2020,1,COL,4,0,10,0.0,3,0,2
harvema01,2012,1,NYN,10,10,178,2.73,42,26,70
harvema01,2013,1,NYN,26,26,535,2.27,135,31,191
harvema01,2015,1,NYN,29,29,568,2.71,156,37,188
harvema01,2016,1,NYN,17,17,278,4.86,111,25,76
harvema01,2017,1,NYN,19,18,278,6.7,110,47,67
harvema01,2018,1,NYN,8,4,81,7.0,33,9,20
harvema01,2018,2,CIN,24,24,384,4.5,132,28,111
harvema01,2019,1,LAA,12,12,179,7.09,63,29,39
harvema01,2020,1,KCA,7,4,35,11.57,27,5,10
harvema01,2021,1,BAL,28,28,383,6.27,160,37,95
harvich01,2001,1,ATH,3,0,9,0.0,2,0,2
harvich01,2003,1,ATH,21,0,65,5.82,25,17,18
harvich01,2004,1,ATH,3,0,8,3.38,2,1,0
harvich01,2004,2,HOU,56,0,159,4.75,54,26,46
harvich01,2005,1,HOU,37,0,115,4.46,36,24,33
harvich01,2005,2,BOS,8,0,21,6.43,7,3,3
harvich01,2006,1,TB,32,0,123,5.93,44,22,30
hasegsh01,2000,1,LAA,66,0,287,3.48,100,38,59
hasegsh01,2001,1,LAA,46,0,167,4.04,52,20,41
hasegsh01,2002,1,SEA,53,0,211,3.2,60,30,39
hasegsh01,2003,1,SEA,63,0,219,1.48,62,18,32
hasegsh01,2004,1,SEA,68,0,204,5.16,67,31,46
hasegsh01,2005,1,SEA,46,0,200,4.19,66,16,30
hatchch02,2011,1,MIA,11,0,31,6.97,14,4,8
hatchch02,2012,1,MIA,11,0,44,4.3,17,6,10
hatchch02,2013,1,MIA,7,0,26,12.46,13,4,7
hatchch02,2014,1,MIA,52,0,168,3.38,55,12,60
hatchch02,2015,1,LAN,49,0,117,3.69,35,13,45
hatchch02,2016,1,LAN,37,0,122,5.53,40,21,43
hatchch02,2017,1,LAN,26,0,110,4.66,37,12,43
hatchch02,2017,2,ATH,23,0,69,3.52,21,9,20
hatchch02,2018,1,ATH,34,0,109,4.95,43,17,30
hatchto01,2020,1,TOR,17,1,79,2.73,18,13,23
hatchto01,2021,1,TOR,3,2,28,6.75,11,6,8
hatchto01,2022,1,TOR,1,1,14,19.29,12,2,4
hatchto01,2023,1,TOR,6,0,19,4.26,10,5,10
hatchto01,2023,2,PIT,12,2,67,4.03,23,7,16
hatchto01,2025,1,KCA,1,0,3,18.0,2,0,1
hatchto01,2025,2,MIN,11,1,99,5.45,38,17,21
hathast01,2016,1,ARI,24,0,44,4.91,18,6,15
hatlema01,2015,1,SLN,2,0,4,0.0,1,2,2
hauscmi01,2017,1,TEX,4,0,24,11.25,14,2,7
hauscmi01,2018,1,TOR,2,1,25,4.32,7,4,5
hawkila01,2000,1,MIN,66,0,263,3.39,85,32,59
hawkila01,2001,1,MIN,62,0,154,5.96,59,39,36
hawkila01,2002,1,MIN,65,0,241,2.13,63,15,63
hawkila01,2003,1,MIN,74,0,232,1.86,69,15,75
hawkila01,2004,1,CHN,77,0,246,2.63,72,14,69
hawkila01,2005,1,CHN,21,0,57,3.32,18,7,13
hawkila01,2005,2,SFN,45,0,112,4.1,40,17,30
hawkila01,2006,1,BAL,60,0,181,4.48,73,15,27
hawkila01,2007,1,COL,62,0,166,3.42,52,16,29
hawkila01,2008,1,NYA,33,0,123,5.71,42,17,23
hawkila01,2008,2,HOU,24,0,63,0.43,11,5,25
hawkila01,2009,1,HOU,65,0,190,2.13,60,16,45
hawkila01,2010,1,MIL,18,0,48,8.44,21,6,18
hawkila01,2011,1,MIL,52,0,145,2.42,50,10,28
hawkila01,2012,1,LAA,48,0,126,3.64,45,13,23
hawkila01,2013,1,NYN,72,0,212,2.93,71,10,55
hawkila01,2014,1,COL,57,0,163,3.31,52,13,32
hawkila01,2015,1,COL,24,0,67,3.63,22,4,20
hawkila01,2015,2,TOR,18,0,49,2.76,22,3,14
hawksbl01,2009,1,SLN,30,0,120,2.03,29,15,20
hawksbl01,2010,1,SLN,45,8,271,4.98,113,35,61
hawksbl01,2011,1,LAN,49,0,159,4.08,45,17,43
hayesdr01,2016,1,CIN,6,0,29,8.38,15,6,8
hayhudi01,2008,1,SDN,10,3,50,9.72,27,10,14
hayhudi01,2009,1,TOR,15,0,68,2.78,23,9,13
hayneji01,2000,1,MIL,33,33,598,5.33,228,100,88
hayneji01,2001,1,MIL,31,29,518,4.85,182,78,112
hayneji01,2002,1,CIN,34,34,590,4.12,210,81,126
hayneji01,2003,1,CIN,18,18,283,6.3,118,57,49
hayneji01,2004,1,CIN,5,4,45,9.6,26,7,8
headlo01,2021,1,TB,27,2,105,2.31,21,9,32
headlo01,2022,1,MIA,23,0,71,7.23,26,11,23
headlo01,2022,2,BAL,5,0,15,1.8,6,4,3
headrbr01,2023,1,MIN,14,0,77,6.31,27,10,30
headrbr01,2024,1,MIN,1,0,9,3.0,2,2,5
headrbr01,2025,1,NYA,17,0,69,3.13,17,7,30
heanean01,2014,1,MIA,7,5,88,5.83,32,7,20
heanean01,2015,1,LAA,18,18,317,3.49,99,28,78
heanean01,2016,1,LAA,1,1,18,6.0,7,0,7
heanean01,2017,1,LAA,5,5,65,7.06,27,9,27
heanean01,2018,1,LAA,30,30,540,4.15,171,45,180
heanean01,2019,1,LAA,18,18,286,4.91,93,30,118
heanean01,2020,1,LAA,12,12,200,4.46,63,19,70
heanean01,2021,1,LAA,18,18,282,5.27,92,31,113
heanean01,2021,2,NYA,12,5,107,7.32,38,10,37
heanean01,2022,1,LAN,16,14,218,3.1,60,19,110
heanean01,2023,1,TEX,34,28,442,4.15,143,60,151
heanean01,2024,1,TEX,32,31,480,4.28,159,41,159
heanean01,2025,1,PIT,26,23,361,5.39,125,39,84
heanean01,2025,2,LAN,1,0,6,13.5,4,1,2
hearnta01,2019,1,TEX,1,1,1,108.0,3,4,0
hearnta01,2020,1,TEX,14,0,52,3.63,13,11,23
hearnta01,2021,1,TEX,42,11,313,4.66,96,42,92
hearnta01,2022,1,TEX,31,13,300,5.13,107,43,97
hearnta01,2023,1,TEX,4,0,21,10.29,9,4,7
hearnta01,2023,2,ATL,1,0,1,108.0,2,2,0
hearnta01,2023,3,KCA,8,0,23,8.22,12,2,8
heasljo01,2021,1,KCA,3,3,44,4.91,15,3,6
heasljo01,2022,1,KCA,21,21,312,5.28,108,47,70
heasljo01,2023,1,KCA,12,0,45,7.2,17,2,9
heasljo01,2024,1,BAL,4,0,16,16.88,10,3,4
heathde01,2012,1,CHA,3,0,6,4.5,1,1,1
heathde01,2013,1,CHA,5,0,23,11.74,8,12,3
hebsobr01,2003,1,WAS,2,0,6,13.5,4,1,1
hedgeau01,2023,2,TEX,4,0,11,4.91,5,0,1
hedgeau01,2024,1,CLE,1,0,6,0.0,0,1,0
hedgeau01,2025,1,CLE,3,0,9,6.0,6,1,1
hefneje01,2012,1,NYN,26,13,281,5.09,110,18,62
hefneje01,2013,1,NYN,24,23,392,4.34,132,37,99
heilmaa01,2003,1,NYN,14,13,196,6.75,79,41,51
heilmaa01,2004,1,NYN,5,5,84,5.46,27,13,22
heilmaa01,2005,1,NYN,53,7,324,3.17,87,37,106
heilmaa01,2006,1,NYN,74,0,261,3.62,73,28,73
heilmaa01,2007,1,NYN,81,0,258,3.03,72,20,63
heilmaa01,2008,1,NYN,78,0,228,5.21,75,46,80
heilmaa01,2009,1,CHN,70,0,217,4.11,68,34,65
heilmaa01,2010,1,ARI,70,0,216,4.5,73,26,55
heilmaa01,2011,1,ARI,32,0,106,6.88,48,11,33
heinety01,2020,1,SFN,1,0,3,0.0,1,0,0
heinety01,2024,2,TOR,1,0,3,0.0,1,0,0
heinety01,2025,1,TOR,3,0,10,32.4,15,0,0
hellebe01,2016,1,NYA,10,0,21,6.43,11,4,6
hellebe01,2017,1,NYA,9,0,33,0.82,5,6,9
hellebe01,2019,1,NYA,6,0,22,1.23,6,3,9
hellebe01,2020,1,NYA,6,0,18,3.0,5,2,6
hellebe01,2023,1,ATL,19,0,56,3.86,16,11,16
hellebe01,2024,1,PIT,8,0,36,11.25,19,6,15
hellije01,2010,1,TB,10,4,109,3.47,32,8,33
hellije01,2011,1,TB,29,29,567,2.95,146,72,117
hellije01,2012,1,TB,31,31,531,3.1,163,59,124
hellije01,2013,1,TB,32,31,522,5.17,185,50,135
hellije01,2014,1,TB,13,13,191,4.52,71,21,54
hellije01,2015,1,ARI,27,27,438,4.62,151,43,121
hellije01,2016,1,PHI,32,32,567,3.71,173,45,154
hellije01,2017,1,PHI,20,20,337,4.73,111,30,65
hellije01,2017,2,BAL,10,10,155,6.97,49,17,31
hellije01,2018,1,WAS,19,19,274,3.45,78,20,65
hellije01,2019,1,WAS,9,8,117,6.23,47,20,30
helliri01,2000,1,TEX,35,35,651,4.48,212,99,146
helliri01,2001,1,TEX,34,34,647,5.17,256,63,154
helliri01,2002,1,ARI,30,30,527,4.51,180,48,120
helliri01,2003,1,BAL,24,24,416,5.71,156,40,86
helliri01,2003,2,MIA,11,0,49,0.55,11,5,12
helliri01,2005,1,MIL,15,7,147,2.39,39,18,42
helliri01,2006,1,MIL,20,2,105,4.11,25,15,32
hellwjo01,2013,1,MIL,8,7,92,6.75,40,26,9
helslry01,2019,1,SLN,24,0,110,2.95,34,12,32
helslry01,2020,1,SLN,12,0,36,5.25,8,8,10
helslry01,2021,1,SLN,51,0,142,4.56,40,27,47
helslry01,2022,1,SLN,54,0,194,1.25,28,20,94
helslry01,2023,1,SLN,33,0,110,2.45,22,17,52
helslry01,2024,1,SLN,65,0,199,2.04,50,23,79
helslry01,2025,1,SLN,36,0,108,3.0,36,14,41
helslry01,2025,2,NYN,22,0,60,7.2,25,11,22
hembrhe01,2013,1,SFN,9,0,23,0.0,4,2,12
hembrhe01,2014,1,BOS,6,0,30,4.5,11,5,6
hembrhe01,2015,1,BOS,22,0,76,3.55,25,9,15
hembrhe01,2016,1,BOS,38,0,153,2.65,51,17,47
hembrhe01,2017,1,BOS,62,0,186,3.63,72,18,70
hembrhe01,2018,1,BOS,67,0,180,4.2,53,27,76
hembrhe01,2019,1,BOS,45,0,119,3.86,34,18,46
hembrhe01,2020,1,BOS,11,0,29,5.59,9,3,10
hembrhe01,2020,2,PHI,11,0,28,12.54,17,5,10
hembrhe01,2021,1,NYN,15,0,47,3.45,13,5,15
hembrhe01,2021,2,CIN,45,0,127,6.38,32,19,68
hembrhe01,2022,1,PIT,20,0,49,7.16,17,14,12
hembrhe01,2022,2,LAN,6,0,17,7.94,9,3,5
hembrhe01,2023,1,TB,1,0,4,0.0,0,1,2
hendeji01,2012,1,MIL,36,0,92,3.52,26,13,45
hendeji01,2013,1,MIL,61,0,180,2.7,44,24,75
hendeji01,2014,1,MIL,14,0,34,7.15,14,4,17
hendeji01,2016,1,NYN,44,0,105,4.11,34,14,40
hendelo01,2025,1,MIL,5,5,76,1.78,17,8,33
hendrbe01,2004,1,MIL,10,9,139,6.22,58,20,29
hendrbe01,2006,1,MIL,4,3,36,12.0,21,9,8
hendrky01,2014,1,CHN,13,13,241,2.46,72,15,47
hendrky01,2015,1,CHN,32,32,540,3.95,166,43,167
hendrky01,2016,1,CHN,31,30,570,2.13,142,44,170
hendrky01,2017,1,CHN,24,24,419,3.03,126,40,123
hendrky01,2018,1,CHN,33,33,597,3.44,184,44,161
hendrky01,2019,1,CHN,30,30,531,3.46,168,32,150
hendrky01,2020,1,CHN,12,12,244,2.88,73,8,64
hendrky01,2021,1,CHN,32,32,543,4.77,200,44,131
hendrky01,2022,1,CHN,16,16,253,4.8,85,24,66
hendrky01,2023,1,CHN,24,24,411,3.74,138,27,93
hendrky01,2024,1,CHN,29,24,392,5.92,147,43,87
hendrky01,2025,1,LAA,31,31,494,4.76,167,43,114
hendrli01,2011,1,MIN,4,4,70,6.17,29,6,16
hendrli01,2012,1,MIN,16,16,256,5.59,106,26,50
hendrli01,2013,1,MIN,10,8,142,6.85,67,14,34
hendrli01,2014,1,TOR,3,3,40,6.08,12,4,8
hendrli01,2014,2,KCA,6,3,58,4.66,26,3,15
hendrli01,2015,1,TOR,58,0,194,2.92,59,11,71
hendrli01,2016,1,ATH,53,0,194,3.76,69,14,71
hendrli01,2017,1,ATH,70,0,192,4.22,57,23,78
hendrli01,2018,1,ATH,25,8,72,4.13,25,10,22
hendrli01,2019,1,ATH,75,2,255,1.8,61,21,124
hendrli01,2020,1,ATH,24,0,76,1.78,14,3,37
hendrli01,2021,1,CHA,69,0,213,2.54,45,7,113
hendrli01,2022,1,CHA,58,0,173,2.81,44,16,85
hendrli01,2023,1,CHA,5,0,15,5.4,4,1,3
hendrli01,2025,1,BOS,14,0,41,6.59,12,7,12
hendrma01,2002,1,TOR,16,4,110,2.45,25,12,21
hendrma01,2003,1,TOR,30,30,475,5.51,207,40,76
hendrma01,2004,1,TB,32,30,550,4.81,211,46,87
hendrma01,2005,1,TB,31,31,535,5.9,227,49,89
hendrma01,2006,1,TB,13,13,269,3.81,81,34,51
hendrma01,2006,2,LAN,18,12,225,4.68,92,28,48
hendrma01,2007,1,LAN,39,15,368,5.21,142,29,92
hendrma01,2008,1,MIA,36,19,401,5.45,148,48,81
hendrma01,2009,1,BAL,53,11,315,4.37,116,33,61
hendrma01,2010,1,BAL,52,1,226,5.26,97,20,55
hendrma01,2011,1,BAL,8,0,33,5.73,15,6,5
hendrry01,2021,1,CIN,36,0,95,5.97,33,16,35
hendrry01,2022,1,CIN,9,0,25,5.4,9,6,9
henlebl01,2024,1,HOU,1,1,1,135.0,4,3,0
hennebr01,2004,1,SFN,7,7,103,4.98,42,15,25
hennebr01,2005,1,SFN,21,21,355,4.64,127,52,64
hennebr01,2006,1,SFN,34,12,298,4.26,92,42,42
hennebr01,2007,1,SFN,69,0,205,3.42,66,23,40
hennebr01,2008,1,SFN,17,4,121,7.81,63,15,21
hennse01,2005,1,NYA,3,3,34,11.12,18,11,3
hennse01,2006,1,NYA,4,1,28,4.82,11,5,7
hennse01,2007,1,NYA,29,1,110,7.12,44,27,28
hennse01,2008,1,SDN,4,0,28,7.71,11,9,9
hennse01,2009,1,MIN,14,0,34,7.15,9,8,9
hennse01,2009,2,BAL,6,0,9,9.0,6,4,6
hennse01,2013,1,NYN,4,0,8,3.38,3,3,1
henried01,2024,1,LAN,3,0,10,2.7,2,2,5
henried01,2025,1,LAN,22,0,57,2.37,17,5,18
henrios01,2002,1,DET,30,0,84,4.5,19,15,23
henriro01,2022,1,MIN,3,0,35,2.31,8,3,9
henriro01,2024,1,MIN,16,1,58,3.26,20,5,15
henriro01,2025,1,MIA,69,0,219,2.22,53,27,98
henryco01,2025,1,WAS,57,0,158,4.27,43,32,52
henrydo01,2000,1,HOU,45,0,159,4.42,39,28,46
henrydo01,2000,2,SFN,27,0,76,2.49,18,21,16
henrydo01,2001,1,KCA,53,0,227,6.07,75,45,57
henryto01,2022,1,ARI,9,9,141,5.36,47,21,36
henryto01,2023,1,ARI,17,16,267,4.15,86,35,64
henryto01,2024,1,ARI,9,7,115,7.04,49,18,30
henryto01,2025,1,ARI,2,0,20,4.05,6,1,8
henslcl01,2005,1,SDN,24,1,143,1.7,33,17,28
henslcl01,2006,1,SDN,37,29,561,3.71,174,76,122
henslcl01,2007,1,SDN,13,9,150,6.84,62,32,30
henslcl01,2008,1,SDN,32,1,117,5.31,36,25,26
henslcl01,2010,1,MIA,68,0,225,2.16,54,29,77
henslcl01,2011,1,MIA,37,9,203,5.19,62,30,46
henslcl01,2012,1,SFN,60,0,152,4.62,50,30,42
henslda01,2024,1,MIA,1,0,6,9.0,2,1,0
henslma01,2004,1,LAA,16,0,83,4.88,32,7,30
hentgpa01,2000,1,SLN,33,33,583,4.72,202,89,118
hentgpa01,2001,1,BAL,9,9,187,3.47,51,19,33
hentgpa01,2002,1,BAL,4,4,66,7.77,31,10,11
hentgpa01,2003,1,BAL,28,22,482,4.09,150,58,100
hentgpa01,2004,1,TOR,18,16,241,6.95,90,42,33
hentgsa01,2021,1,CLE,30,12,206,6.68,90,32,68
hentgsa01,2022,1,CLE,57,0,186,2.32,41,19,72
hentgsa01,2023,1,CLE,56,0,157,3.61,53,18,56
hentgsa01,2024,1,CLE,25,0,71,3.04,18,5,27
heredfe01,2000,1,CHN,74,0,176,4.76,46,33,52
heredfe01,2001,1,CHN,48,0,105,6.17,45,16,28
heredfe01,2002,1,TOR,53,0,157,3.61,51,26,31
heredfe01,2003,1,CIN,57,0,216,3.0,61,28,41
heredfe01,2003,2,NYA,12,0,45,1.2,13,5,4
heredfe01,2004,1,NYA,47,0,116,6.28,44,20,25
heredfe01,2005,1,NYN,3,0,8,0.0,1,1,2
heredgi01,2000,1,ATH,32,32,596,4.12,214,66,101
heredgi01,2001,1,ATH,24,18,329,5.58,144,29,48
hergeji01,2019,1,CIN,5,0,19,4.26,8,3,0
hergeji01,2020,1,TEX,20,1,59,3.2,13,14,17
hergeji01,2021,1,TEX,4,0,12,9.0,5,0,2
hergeji01,2021,2,LAA,14,0,44,4.3,15,4,18
hergeji01,2022,1,LAA,49,1,207,2.48,48,15,63
hergeji01,2023,1,LAA,29,1,87,4.66,33,8,26
hergeji01,2024,1,ATL,8,0,37,4.38,13,3,15
hergeji01,2025,1,COL,59,0,250,2.48,72,26,81
hergeke01,2022,1,TB,3,0,21,7.71,9,0,4
hergeke01,2023,1,CIN,14,0,73,5.18,26,6,13
hergeke01,2024,1,MIL,7,0,34,1.59,6,3,9
hergeke01,2025,1,NYN,6,0,36,3.0,11,3,6
hergeke01,2025,2,ATL,1,0,3,0.0,1,2,0
hergema01,2000,1,LAN,59,4,332,3.17,100,40,75
hergema01,2001,1,LAN,75,0,298,3.44,97,46,76
hergema01,2002,1,WAS,62,0,194,4.04,80,26,50
hergema01,2003,1,SDN,40,0,132,2.86,40,20,40
hergema01,2003,2,SFN,27,0,105,2.31,28,9,28
hergema01,2004,1,SFN,70,0,196,5.23,90,21,39
hergema01,2005,1,SFN,21,0,63,4.71,23,7,6
hergema01,2005,2,ARI,7,0,24,13.5,12,5,3
hergema01,2006,1,MIA,66,0,213,4.31,94,28,36
hergema01,2007,1,COL,35,0,146,2.96,34,15,30
hergema01,2008,1,COL,58,0,193,5.04,79,24,46
hergema01,2009,1,CLE,21,0,76,3.55,24,6,18
hergema01,2009,2,COL,9,0,28,2.89,10,2,8
hermadu01,2000,1,WAS,38,30,594,4.77,226,75,94
hermadu01,2001,1,SLN,33,33,577,4.45,195,73,123
hermadu01,2002,1,BOS,12,1,66,7.77,35,7,13
hermadu01,2003,1,SLN,23,0,89,5.46,35,14,12
hermadu01,2003,2,SFN,9,6,117,3.0,35,10,27
hermadu01,2004,1,SFN,47,18,393,4.53,132,46,102
hermadu01,2005,1,CHA,57,0,172,2.04,46,17,33
hermadu01,2006,1,CHA,6,0,20,4.05,6,1,5
hernaad01,2001,1,NYA,6,3,66,3.68,15,10,10
hernaad01,2002,1,NYA,2,1,18,12.0,10,6,9
hernaad01,2004,1,MIL,6,1,48,8.44,20,14,14
hernaar01,2017,1,CIN,19,0,73,5.18,14,22,29
hernaca03,2001,1,HOU,3,3,53,1.02,11,7,17
hernaca03,2002,1,HOU,23,21,333,4.38,112,61,93
hernaca03,2004,1,HOU,9,9,126,6.43,50,23,26
hernaca04,2020,1,KCA,5,3,44,4.91,19,6,13
hernaca04,2021,1,KCA,24,11,257,3.68,69,41,74
hernaca04,2022,1,KCA,27,7,168,7.39,72,31,35
hernaca04,2023,1,KCA,67,4,210,5.27,62,31,77
hernaca04,2024,1,KCA,27,0,90,3.3,24,16,27
hernaca04,2025,1,PHI,25,0,77,5.26,32,13,23
hernaca04,2025,2,DET,11,0,32,10.13,14,6,13
hernaca04,2025,3,CLE,5,0,21,3.86,4,3,3
hernada01,2009,1,BAL,20,19,304,5.42,118,46,68
hernada01,2010,1,BAL,41,8,238,4.31,72,42,72
hernada01,2011,1,ARI,74,0,208,3.38,49,30,77
hernada01,2012,1,ARI,72,0,205,2.5,48,22,98
hernada01,2013,1,ARI,62,0,187,4.48,50,24,66
hernada01,2015,1,ARI,40,0,101,4.28,33,11,33
hernada01,2016,1,PHI,70,0,218,3.84,77,32,80
hernada01,2017,1,LAA,38,0,109,2.23,29,8,37
hernada01,2017,2,ARI,26,0,56,4.82,19,1,15
hernada01,2018,1,CIN,57,0,192,2.53,46,17,65
hernada01,2019,1,CIN,47,0,128,8.02,53,20,53
hernada02,2019,1,BOS,29,1,91,4.45,27,26,57
hernada02,2020,1,BOS,7,0,25,2.16,5,8,13
hernada02,2021,1,BOS,48,0,120,3.38,29,31,54
hernada02,2022,1,BOS,7,0,20,21.6,14,8,9
hernada03,2023,1,ATL,4,0,11,7.36,6,3,6
hernada03,2024,1,ATL,16,0,54,2.5,10,10,26
hernada03,2025,1,ATL,39,0,111,3.41,27,30,33
hernael01,2018,1,MIA,32,6,197,5.21,68,27,45
hernael01,2019,1,MIA,21,15,247,5.03,76,26,85
hernael01,2020,1,MIA,6,6,77,3.16,21,5,34
hernael01,2021,1,MIA,11,11,155,4.18,54,14,53
hernael01,2022,1,MIA,20,10,187,6.35,67,22,60
hernael01,2024,1,LAN,5,1,29,8.38,9,3,6
hernael01,2024,2,MIL,4,0,18,3.0,5,2,2
hernaen02,2018,1,LAN,1,0,1,81.0,1,2,0
hernaen02,2024,1,LAN,4,0,13,4.15,5,0,0
hernaen02,2025,1,LAN,5,0,16,15.19,11,8,1
hernafe02,2005,1,SEA,12,12,253,2.67,61,23,77
hernafe02,2006,1,SEA,31,31,573,4.52,195,60,176
hernafe02,2007,1,SEA,30,30,571,3.92,209,53,165
hernafe02,2008,1,SEA,31,31,602,3.45,198,80,175
hernafe02,2009,1,SEA,34,34,716,2.49,200,71,217
hernafe02,2010,1,SEA,34,34,749,2.27,194,70,232
hernafe02,2011,1,SEA,33,33,701,3.47,218,67,222
hernafe02,2012,1,SEA,33,33,696,3.06,209,56,223
hernafe02,2013,1,SEA,31,31,613,3.04,185,46,216
hernafe02,2014,1,SEA,34,34,708,2.14,170,46,248
hernafe02,2015,1,SEA,31,31,605,3.53,180,58,191
hernafe02,2016,1,SEA,25,25,460,3.82,138,65,122
hernafe02,2017,1,SEA,16,16,260,4.36,86,26,78
hernafe02,2018,1,SEA,29,28,467,5.55,159,59,125
hernafe02,2019,1,SEA,15,15,215,6.4,85,25,57
hernafe03,2008,1,ATH,3,0,9,18.0,4,5,2
hernajo02,2019,1,TEX,9,2,50,4.32,14,13,19
hernajo02,2020,1,TEX,27,0,93,2.9,24,8,31
hernajo02,2022,1,TEX,29,0,91,2.97,26,17,27
hernajo02,2023,1,TEX,33,0,95,5.4,35,15,34
hernajo02,2024,1,TEX,26,1,123,5.05,39,26,36
hernajo02,2024,2,SEA,3,0,7,11.57,2,2,3
hernajo03,2023,1,PIT,50,0,152,4.97,47,22,62
hernajo03,2024,1,PIT,7,0,16,3.38,5,4,4
hernali01,2000,1,SFN,33,33,720,3.75,254,73,165
hernali01,2001,1,SFN,34,34,680,5.24,266,85,138
hernali01,2002,1,SFN,33,33,648,4.38,233,71,134
hernali01,2003,1,WAS,33,33,700,3.2,225,57,178
hernali01,2004,1,WAS,35,35,765,3.6,234,83,186
hernali01,2005,1,WAS,35,35,739,3.98,268,84,147
hernali01,2006,1,WAS,24,24,440,5.34,176,52,89
hernali01,2006,2,ARI,10,10,208,3.76,70,26,39
hernali01,2007,1,ARI,33,33,613,4.93,247,79,90
hernali01,2008,1,MIN,23,23,419,5.48,199,29,54
hernali01,2008,2,COL,8,8,121,8.03,58,14,13
hernali01,2009,1,NYN,23,23,405,5.47,164,51,75
hernali01,2009,2,WAS,8,8,146,5.36,56,16,27
hernali01,2010,1,WAS,33,33,635,3.66,216,64,114
hernali01,2011,1,WAS,29,29,526,4.47,199,46,99
hernali01,2012,1,ATL,18,0,93,4.94,40,8,19
hernali01,2012,2,MIL,26,0,109,7.68,44,8,29
hernani01,2023,1,SDN,2,0,9,12.0,3,4,5
hernani01,2024,1,HOU,5,0,24,7.88,10,1,10
hernani01,2025,1,HOU,10,0,32,5.06,12,8,11
hernaor01,2000,1,NYA,29,29,587,4.51,186,51,141
hernaor01,2001,1,NYA,17,16,284,4.85,90,42,77
hernaor01,2002,1,NYA,24,22,438,3.64,131,36,113
hernaor01,2004,1,NYA,15,15,254,3.3,73,36,84
hernaor01,2005,1,CHA,24,22,385,5.12,137,50,91
hernaor01,2006,1,ARI,9,9,137,6.11,52,20,52
hernaor01,2006,2,NYN,20,20,350,4.09,103,41,112
hernaor01,2007,1,NYN,27,24,443,3.72,109,64,128
hernape02,2012,1,CHA,1,1,12,18.0,12,1,2
hernape02,2013,1,MIN,14,12,170,6.83,80,23,29
hernape02,2014,1,COL,1,1,17,4.76,6,2,2
hernaro01,2000,1,TB,68,0,220,3.19,76,23,61
hernaro01,2001,1,KCA,63,0,203,4.12,69,26,46
hernaro01,2002,1,KCA,53,0,156,4.33,62,12,39
hernaro01,2003,1,ATL,66,0,180,4.35,61,43,45
hernaro01,2004,1,PHI,63,0,170,4.76,66,29,44
hernaro01,2005,1,NYN,67,0,209,2.58,57,28,61
hernaro01,2006,1,PIT,46,0,129,2.93,46,24,33
hernaro01,2006,2,NYN,22,0,62,3.48,15,8,15
hernaro01,2007,1,CLE,28,0,78,6.23,33,16,18
hernaro01,2007,2,LAN,22,0,61,6.64,26,9,13
hernaru03,2002,1,KCA,12,12,223,4.36,79,22,45
hernaru03,2003,1,KCA,16,16,275,4.61,87,37,48
hernaru03,2005,1,KCA,29,29,479,5.52,172,70,88
hernaru03,2006,1,KCA,21,21,329,6.48,145,48,50
hernaru03,2008,1,HOU,4,4,58,8.38,32,11,15
hernayo01,2007,1,PHI,14,0,46,5.28,20,1,13
hernayo02,2023,1,LAN,1,0,3,0.0,1,0,0
herndda01,2010,1,PHI,47,0,157,4.3,67,17,29
herndda01,2011,1,PHI,45,0,171,3.32,54,24,39
herndda01,2012,1,PHI,5,0,23,4.7,10,1,8
herndju01,2001,1,SDN,12,8,128,6.33,55,25,14
herreal01,2002,1,CLE,5,0,16,0.0,3,1,5
herreal01,2003,1,CLE,10,0,21,9.0,7,8,6
herreda01,2008,1,CIN,7,0,22,7.36,10,3,8
herreda01,2009,1,CIN,70,0,185,3.06,63,24,44
herreda01,2010,1,CIN,36,0,69,3.91,31,6,14
herreda01,2011,1,MIL,2,0,5,21.6,6,1,0
herreda01,2011,2,NYN,16,0,24,1.13,7,2,5
herrejo04,2023,1,ARI,2,0,6,9.0,4,0,0
herrejo04,2025,1,ARI,2,0,6,4.5,4,0,0
herreke01,2011,1,KCA,2,0,6,13.5,2,0,0
herreke01,2012,1,KCA,76,0,253,2.35,79,21,77
herreke01,2013,1,KCA,59,0,175,3.86,48,21,74
herreke01,2014,1,KCA,70,0,210,1.41,54,26,59
herreke01,2015,1,KCA,72,0,209,2.71,52,26,64
herreke01,2016,1,KCA,72,0,216,2.75,57,12,86
herreke01,2017,1,KCA,64,0,178,4.25,60,20,56
herreke01,2018,1,KCA,27,0,77,1.05,19,2,22
herreke01,2018,2,WAS,21,0,56,4.34,24,8,16
herreke01,2019,1,CHA,57,0,154,6.14,60,23,53
herreke01,2020,1,CHA,2,0,7,15.43,3,1,3
herrero01,2017,1,NYA,2,0,9,6.0,3,1,3
herreyo01,2008,1,PIT,5,5,55,9.82,35,12,10
herreyo01,2014,1,LAA,20,0,50,2.7,22,9,13
herriti01,2023,1,CLE,23,0,83,5.53,29,12,32
herriti01,2024,1,CLE,75,0,197,1.92,39,25,68
herriti01,2025,1,CLE,54,0,128,4.85,37,30,45
herrmfr01,2010,1,CLE,40,0,134,4.03,48,9,24
herrmfr01,2011,1,CLE,40,0,169,5.11,71,16,34
herrmfr01,2012,1,CLE,15,0,58,2.33,12,4,14
herrmfr01,2016,1,PHI,14,0,45,8.4,20,5,14
hershor01,2000,1,LAN,10,6,74,13.14,42,14,13
herzdj01,2024,1,WAS,19,19,266,4.16,76,36,106
hessda01,2018,1,BAL,21,19,310,4.88,106,37,74
hessda01,2019,1,BAL,23,14,240,7.09,94,30,68
hessda01,2020,1,BAL,3,0,21,6.43,10,2,1
hessda01,2021,1,MIA,14,1,54,8.0,24,10,16
hessda01,2021,2,TB,1,0,6,27.0,8,1,2
hesslke01,2015,1,ARI,18,0,37,8.03,16,4,12
hesslke01,2016,1,ARI,2,0,9,9.0,5,2,2
hesslke01,2016,2,SDN,15,0,56,3.38,19,11,9
hestoch01,2014,1,SFN,3,1,16,5.06,6,3,4
hestoch01,2015,1,SFN,31,31,533,3.95,169,64,141
hestoch01,2016,1,SFN,4,0,15,10.8,9,6,3
hestoch01,2017,1,SEA,2,1,15,19.8,14,5,3
hestoch01,2017,2,MIN,1,0,3,0.0,1,0,0
heuerco01,2020,1,CHA,21,0,71,1.52,12,9,25
heuerco01,2021,1,CHA,40,0,116,5.12,45,10,39
heuerco01,2021,2,CHN,25,0,86,3.14,20,13,17
heuerco01,2025,1,TEX,1,0,4,6.75,1,0,1
heuerco01,2025,2,DET,2,0,10,5.4,3,2,4
hicksaa01,2024,1,LAA,1,0,3,18.0,2,1,0
hicksjo03,2018,1,SLN,73,0,233,3.59,59,45,70
hicksjo03,2019,1,SLN,29,0,86,3.14,16,11,31
hicksjo03,2021,1,SLN,10,0,30,5.4,5,10,10
hicksjo03,2022,1,SLN,35,8,184,4.84,46,35,63
hicksjo03,2023,1,SLN,40,0,125,3.67,39,24,59
hicksjo03,2023,2,TOR,25,0,72,2.63,18,8,22
hicksjo03,2024,1,SFN,29,20,329,4.1,112,47,96
hicksjo03,2025,1,SFN,13,9,146,6.47,55,20,43
hicksjo03,2025,2,BOS,21,0,56,8.2,25,12,15
hildetr01,2017,1,MIN,37,0,126,3.21,38,6,44
hildetr01,2018,1,MIN,73,0,219,5.42,75,26,70
hildetr01,2019,1,MIN,22,0,49,10.47,30,7,15
hildetr01,2021,1,NYN,2,0,7,15.43,3,3,4
hiljuer01,2000,1,DET,3,0,11,7.36,5,1,2
hiljuer01,2001,1,ATH,16,11,198,3.41,70,21,67
hiljuer01,2002,1,ATH,9,9,137,6.5,52,21,29
hillca02,2020,1,CLE,18,0,55,4.91,11,5,16
hillga02,2022,1,DET,17,8,181,4.03,53,29,40
hillga02,2023,1,DET,9,0,47,9.19,19,14,14
hillja01,2024,1,COL,9,0,32,5.06,8,4,6
hillja01,2025,1,COL,28,0,88,3.38,27,12,31
hillje02,2002,1,KCA,10,0,28,3.86,8,8,7
hillje02,2003,1,KCA,1,0,3,0.0,1,0,0
hillke01,2000,1,LAA,16,16,236,6.52,102,53,50
hillke01,2000,2,CHA,2,1,9,24.0,5,6,0
hillke01,2001,1,TB,5,0,22,12.27,10,5,2
hillri01,2005,1,CHN,10,4,71,9.13,25,17,21
hillri01,2006,1,CHN,17,16,298,4.17,83,39,90
hillri01,2007,1,CHN,32,32,585,3.92,170,63,183
hillri01,2008,1,CHN,5,5,59,4.12,13,18,15
hillri01,2009,1,BAL,14,13,173,7.8,68,40,46
hillri01,2010,1,BOS,6,0,12,0.0,5,1,3
hillri01,2011,1,BOS,9,0,24,0.0,3,3,12
hillri01,2012,1,BOS,25,0,59,1.83,17,11,21
hillri01,2013,1,CLE,63,0,116,6.28,38,29,51
hillri01,2014,1,LAA,2,0,0,,1,3,0
hillri01,2014,2,NYA,14,0,16,1.69,6,3,9
hillri01,2015,1,BOS,4,4,87,1.55,14,5,36
hillri01,2016,1,ATH,14,14,228,2.25,55,28,90
hillri01,2016,2,LAN,6,6,103,1.83,22,5,39
hillri01,2017,1,LAN,25,25,407,3.32,99,49,166
hillri01,2018,1,LAN,25,24,398,3.66,108,41,150
hillri01,2019,1,LAN,13,13,176,2.45,48,18,72
hillri01,2020,1,MIN,8,8,116,3.03,28,17,31
hillri01,2021,1,TB,19,19,286,3.87,75,36,91
hillri01,2021,2,NYN,13,12,190,3.84,62,19,59
hillri01,2022,1,BOS,26,26,373,4.27,125,37,109
hillri01,2023,1,PIT,22,22,357,4.76,129,47,104
hillri01,2023,2,SDN,10,5,82,8.23,36,11,25
hillri01,2024,1,BOS,4,0,11,4.91,1,3,5
hillri01,2025,1,KCA,2,2,27,5.0,9,8,4
hillsh01,2004,1,WAS,3,3,27,16.0,17,7,10
hillsh01,2006,1,WAS,6,6,110,4.66,43,12,16
hillsh01,2007,1,WAS,16,16,292,3.42,86,25,65
hillsh01,2008,1,WAS,12,12,190,5.83,88,23,39
hillsh01,2009,1,SDN,3,3,36,5.25,15,3,7
hillsh01,2010,1,TOR,4,4,62,2.61,24,4,14
hillsh01,2012,1,TOR,1,0,9,0.0,0,2,0
hillta01,2014,1,WAS,3,1,27,9.0,16,3,5
hillta01,2015,1,WAS,6,0,36,3.75,14,4,9
hillti01,2018,1,KCA,70,0,137,4.53,46,14,42
hillti01,2019,1,KCA,46,0,119,3.63,31,13,39
hillti01,2020,1,SDN,23,0,54,4.5,17,6,20
hillti01,2021,1,SDN,78,0,179,3.62,51,23,56
hillti01,2022,1,SDN,55,0,144,3.56,45,14,25
hillti01,2023,1,SDN,48,0,133,5.48,59,14,26
hillti01,2024,1,CHA,27,0,69,5.87,41,10,13
hillti01,2024,2,NYA,35,0,132,2.05,36,9,18
hillti01,2025,1,NYA,70,0,201,3.09,58,16,37
hinchbr01,2000,1,LAA,2,0,5,5.4,1,1,0
hinchbr01,2001,1,NYN,1,1,6,36.0,9,1,2
hinckmi01,2008,1,WAS,14,0,41,0.0,8,3,9
hinckmi01,2009,1,WAS,14,0,29,4.66,8,11,3
hinojda01,2015,1,BOS,1,0,5,0.0,0,3,2
hinojda01,2015,2,PHI,18,0,69,0.78,15,8,21
hinojda01,2016,1,PHI,10,0,33,3.27,10,3,8
hinshal01,2008,1,SFN,48,0,119,3.4,31,29,47
hinshal01,2009,1,SFN,9,0,18,12.0,10,7,2
hinshal01,2012,1,SDN,31,0,84,4.5,23,20,36
hinshal01,2012,2,CHN,2,0,1,135.0,4,1,0
hiralya01,2025,1,BAL,18,0,59,4.58,17,9,21
hiranyo01,2018,1,ARI,75,0,199,2.44,49,23,59
hiranyo01,2019,1,ARI,62,0,159,4.75,51,22,61
hiranyo01,2020,1,SEA,13,0,37,5.84,18,8,11
hirshja01,2006,1,HOU,9,9,134,6.04,48,22,29
hirshja01,2007,1,COL,19,19,337,4.81,103,48,75
hirshja01,2008,1,COL,4,1,26,8.31,15,4,6
hitchst01,2000,1,SDN,11,11,197,4.93,69,26,61
hitchst01,2001,1,SDN,3,3,57,3.32,22,3,15
hitchst01,2001,2,NYA,10,9,154,6.49,67,18,28
hitchst01,2002,1,NYA,20,2,118,5.49,57,15,31
hitchst01,2003,1,NYA,27,1,149,5.44,57,18,36
hitchst01,2003,2,SLN,8,6,114,3.79,34,14,32
hitchst01,2004,1,SDN,4,4,64,6.33,22,8,14
hjellse01,2022,1,SFN,8,0,75,5.76,33,8,28
hjellse01,2023,1,SFN,15,0,87,6.52,38,13,31
hjellse01,2024,1,SFN,58,0,242,3.9,84,14,75
hjellse01,2025,1,SFN,12,1,45,7.8,21,9,11
hochelu01,2007,1,KCA,4,1,38,2.13,11,4,5
hochelu01,2008,1,KCA,22,22,387,5.51,143,47,72
hochelu01,2009,1,KCA,25,25,429,6.55,167,46,106
hochelu01,2010,1,KCA,18,17,309,4.81,110,37,76
hochelu01,2011,1,KCA,31,31,594,4.68,192,62,128
hochelu01,2012,1,KCA,32,32,556,5.73,202,61,144
hochelu01,2013,1,KCA,58,0,211,1.92,41,17,82
hochelu01,2015,1,KCA,49,0,152,3.73,49,16,49
hochelu01,2016,1,KCA,40,0,112,3.86,31,9,40
hodgeke01,2000,1,SEA,13,0,52,5.19,18,12,7
hodgepo01,2024,1,CHN,39,0,129,1.88,19,19,52
hodgepo01,2025,1,CHN,36,0,99,6.27,34,18,40
hodgetr01,2002,1,ATL,4,0,35,5.4,16,2,6
hodgetr01,2003,1,ATL,52,1,197,4.66,69,31,66
hoeinbr01,2022,1,MIA,8,1,38,12.08,19,5,6
hoeinbr01,2023,1,MIA,33,7,212,5.48,71,25,53
hoeinbr01,2024,1,MIA,16,2,90,2.7,29,9,25
hoeinbr01,2024,2,SDN,18,0,71,1.52,14,5,18
hoeinbr01,2025,1,SDN,7,0,24,3.38,9,3,5
hoeyja02,2006,1,BAL,12,0,29,10.24,14,5,6
hoeyja02,2007,1,BAL,23,0,74,7.3,25,18,18
hoeyja02,2011,1,MIN,26,0,74,5.47,34,13,14
hoffman01,2025,1,KCA,3,0,14,3.86,7,4,5
hoffman01,2025,2,ARI,8,0,22,7.36,7,6,7
hoffmje02,2016,1,COL,8,6,94,4.88,37,17,22
hoffmje02,2017,1,COL,23,16,298,5.89,106,40,82
hoffmje02,2018,1,COL,6,1,26,9.35,15,7,5
hoffmje02,2019,1,COL,15,15,210,6.56,77,34,68
hoffmje02,2020,1,COL,16,0,64,9.28,32,9,20
hoffmje02,2021,1,CIN,31,11,219,4.56,70,45,79
hoffmje02,2022,1,CIN,35,1,134,3.83,40,23,45
hoffmje02,2023,1,PHI,54,0,157,2.41,29,19,69
hoffmje02,2024,1,PHI,68,0,199,2.17,48,16,89
hoffmje02,2025,1,TOR,71,0,204,4.37,54,27,84
hoffmno01,2025,1,PHI,1,0,3,27.0,3,1,2
hoffmtr01,2000,1,SDN,70,0,217,2.99,61,11,85
hoffmtr01,2001,1,SDN,62,0,181,3.43,48,21,63
hoffmtr01,2002,1,SDN,61,0,178,2.73,52,18,69
hoffmtr01,2003,1,SDN,9,0,27,2.0,7,3,11
hoffmtr01,2004,1,SDN,55,0,164,2.3,42,8,53
hoffmtr01,2005,1,SDN,60,0,173,2.97,52,12,54
hoffmtr01,2006,1,SDN,65,0,189,2.14,48,13,50
hoffmtr01,2007,1,SDN,61,0,172,2.98,49,15,44
hoffmtr01,2008,1,SDN,48,0,136,3.77,38,9,46
hoffmtr01,2009,1,MIL,55,0,162,1.83,35,14,48
hoffmtr01,2010,1,MIL,50,0,142,5.89,49,19,30
hoglugu01,2025,1,ATH,6,6,97,6.4,38,11,23
holadbr01,2016,1,TEX,1,0,4,0.0,0,0,0
holadbr01,2018,1,MIA,2,0,6,13.5,4,0,1
holadbr01,2019,1,MIA,1,0,1,0.0,0,0,0
holadbr01,2020,1,BAL,1,0,1,0.0,2,0,0
holadbr01,2021,1,ARI,1,0,3,9.0,1,1,0
holdeco01,2022,1,NYN,15,0,53,2.04,11,7,18
holdeco01,2022,2,PIT,9,0,32,6.75,9,7,6
holdeco01,2023,1,PIT,58,0,168,3.86,55,20,58
holdeco01,2024,1,PIT,55,0,154,3.16,42,25,56
holdeco01,2025,1,PIT,24,0,77,7.01,34,16,18
holdejo02,2016,1,NYA,8,0,25,5.4,8,4,5
holdejo02,2017,1,NYA,37,0,118,3.89,45,8,40
holdejo02,2018,1,NYA,60,1,198,3.14,53,19,60
holdejo02,2019,1,NYA,34,1,124,6.31,43,11,46
holdejo02,2020,1,NYA,18,0,65,4.98,25,11,14
holdzjo01,2014,1,PIT,9,0,27,2.0,4,2,14
hollade01,2009,1,TEX,33,21,415,6.12,160,47,107
hollade01,2010,1,TEX,14,10,172,4.08,55,24,54
hollade01,2011,1,TEX,32,32,594,3.95,201,67,162
hollade01,2012,1,TEX,29,27,526,4.67,162,52,145
hollade01,2013,1,TEX,33,33,639,3.42,210,64,189
hollade01,2014,1,TEX,6,5,111,1.46,34,5,25
hollade01,2015,1,TEX,10,10,176,4.91,59,17,41
hollade01,2016,1,TEX,22,20,322,4.95,116,35,67
hollade01,2017,1,CHA,29,26,405,6.2,156,75,104
hollade01,2018,1,SFN,36,30,514,3.57,154,67,169
hollade01,2019,1,SFN,31,7,206,5.9,68,35,71
hollade01,2019,2,CHN,20,1,47,6.89,14,10,11
hollade01,2020,1,PIT,12,5,122,6.86,42,15,45
hollade01,2021,1,DET,39,1,149,5.07,58,20,51
hollagr01,2010,1,KCA,15,0,56,6.75,23,8,23
hollagr01,2011,1,KCA,46,0,180,1.8,37,19,74
hollagr01,2012,1,KCA,67,0,201,2.96,58,34,91
hollagr01,2013,1,KCA,68,0,201,1.21,40,18,103
hollagr01,2014,1,KCA,65,0,187,1.44,37,20,90
hollagr01,2015,1,KCA,48,0,134,3.83,39,26,49
hollagr01,2017,1,COL,61,0,172,3.61,40,26,70
hollagr01,2018,1,SLN,32,0,75,7.92,34,22,22
hollagr01,2018,2,WAS,24,0,64,0.84,9,10,25
hollagr01,2019,1,ARI,40,0,107,4.54,25,24,41
hollagr01,2020,1,KCA,28,0,85,1.91,20,7,31
hollagr01,2021,1,KCA,57,0,167,4.85,49,26,53
hollagr01,2022,1,TEX,5,0,14,7.71,6,1,5
hollama01,2014,1,PHI,50,0,141,4.4,45,21,35
holloga01,2022,1,COL,6,0,21,7.71,7,4,8
holloga01,2023,1,COL,26,0,101,5.88,31,18,32
holloga01,2024,1,CHN,1,0,4,0.0,2,0,1
holloga01,2025,1,CHN,7,0,28,4.82,9,7,10
hollojo01,2020,1,MIA,1,0,1,0.0,2,1,0
hollojo01,2021,1,MIA,13,4,108,4.0,23,26,36
hollojo01,2022,1,MIA,1,0,8,3.38,3,1,2
holmagr01,2024,1,ATH,18,0,47,4.02,17,9,16
holmagr01,2025,1,ATH,22,2,69,5.09,26,9,17
holmbda01,2013,1,ARI,1,1,11,7.36,6,3,0
holmbda01,2014,1,CIN,7,5,90,4.8,27,16,18
holmbda01,2015,1,CIN,6,6,85,7.62,36,16,15
holmbda01,2017,1,CHA,37,7,173,4.68,63,34,33
holmecl01,2018,1,PIT,11,4,79,6.84,30,23,21
holmecl01,2019,1,PIT,35,0,150,5.58,45,36,56
holmecl01,2020,1,PIT,1,0,4,0.0,2,0,1
holmecl01,2021,1,PIT,44,0,126,4.93,35,25,44
holmecl01,2021,2,NYA,25,0,84,1.61,18,4,34
holmecl01,2022,1,NYA,62,0,191,2.54,45,20,65
holmecl01,2023,1,NYA,66,0,189,2.86,51,23,71
holmecl01,2024,1,NYA,67,0,189,3.14,60,22,68
holmecl01,2025,1,NYN,33,31,497,3.53,150,66,129
holmeda01,2000,1,ARI,4,0,7,11.57,5,1,2
holmeda01,2000,2,SLN,5,0,25,9.72,12,3,5
holmeda01,2000,3,BAL,5,0,14,25.07,13,5,6
holmeda01,2000,4,ARI,4,0,12,6.75,7,0,3
holmeda01,2002,1,ATL,55,0,164,1.81,41,12,47
holmeda01,2003,1,ATL,48,0,126,4.29,47,11,46
holmegr01,2024,1,ATL,26,7,205,3.56,66,15,70
holmegr01,2025,1,ATL,22,21,345,3.99,100,54,123
holtbr01,2020,2,WAS,2,0,4,13.5,5,0,0
holtbr01,2021,1,TEX,1,0,3,0.0,1,0,0
holtch01,2000,1,HOU,34,32,621,5.35,247,75,136
holtch01,2001,1,DET,30,22,454,5.77,197,57,80
holtoty01,2022,1,ARI,10,0,27,3.0,8,2,6
holtoty01,2023,1,DET,59,1,256,2.11,56,18,74
holtoty01,2024,1,DET,66,9,283,2.19,57,17,77
holtoty01,2025,1,DET,70,6,236,3.66,65,17,64
holtty01,2016,1,CIN,1,0,3,0.0,0,0,0
holtzmi01,2000,1,LAA,61,0,123,5.05,37,18,40
holtzmi01,2001,1,LAA,63,0,111,4.86,40,15,38
holtzmi01,2002,1,ATH,16,0,42,6.43,24,9,7
holtzmi01,2002,2,SDN,33,0,63,4.71,18,21,19
holtzmi01,2006,1,BOS,3,0,5,16.2,3,4,2
holzema01,2000,1,PHI,25,0,77,7.71,36,8,19
honeybr01,2021,1,TB,3,2,13,8.31,5,3,4
honeybr01,2023,1,SDN,36,0,140,4.05,44,20,42
honeybr01,2023,2,CHA,4,0,17,11.12,9,3,3
honeybr01,2024,1,PIT,2,0,10,2.7,3,2,1
honeybr01,2024,2,LAN,18,1,103,2.62,29,9,17
hoovejj01,2012,1,CIN,28,0,92,2.05,17,13,31
hoovejj01,2013,1,CIN,69,0,198,2.86,47,26,67
hoovejj01,2014,1,CIN,54,0,188,4.88,56,31,75
hoovejj01,2015,1,CIN,67,0,193,2.94,44,31,52
hoovejj01,2016,1,CIN,18,0,56,13.5,29,12,15
hoovejj01,2017,1,ARI,52,0,124,3.92,47,26,54
hoovejj01,2018,1,MIL,2,0,4,20.25,4,2,0
horgajo01,2004,1,WAS,47,0,120,3.15,35,22,30
horgajo01,2005,1,WAS,8,0,18,21.0,19,4,5
hornba01,2024,1,BOS,18,0,54,6.5,22,10,13
hornba01,2025,1,DET,10,0,34,1.59,11,7,10
horstje01,2011,1,CIN,12,0,46,2.93,18,6,9
horstje01,2012,1,PHI,32,0,94,1.15,21,14,40
horstje01,2013,1,PHI,28,0,78,6.23,35,12,21
hortoca01,2025,1,CHN,23,22,354,2.67,95,33,97
hottoto01,2011,1,BOS,8,0,12,6.75,4,3,2
hottoto01,2012,1,KCA,9,0,28,2.89,11,5,6
houckta01,2020,1,BOS,3,3,51,0.53,6,9,21
houckta01,2021,1,BOS,18,13,207,3.52,57,21,87
houckta01,2022,1,BOS,32,4,180,3.15,49,22,56
houckta01,2023,1,BOS,21,21,318,5.01,104,41,99
houckta01,2024,1,BOS,30,30,536,3.12,156,48,154
houckta01,2025,1,BOS,9,9,131,8.04,57,17,32
houltdj01,2005,1,LAN,35,19,387,5.16,145,52,90
houltdj01,2007,1,LAN,18,0,84,4.18,28,7,21
housead01,2015,1,MIL,2,0,6,0.0,1,2,0
housead01,2018,1,MIL,7,0,41,3.29,13,7,8
housead01,2019,1,MIL,35,18,334,3.72,101,37,117
housead01,2020,1,MIL,12,11,168,5.3,63,21,44
housead01,2021,1,MIL,28,26,427,3.22,118,64,105
housead01,2022,1,MIL,22,21,308,4.73,103,47,69
housead01,2023,1,MIL,23,21,334,4.12,121,34,96
housead01,2024,1,NYN,23,7,208,5.84,74,32,45
housead01,2025,1,CHA,11,11,206,2.1,62,22,47
housead01,2025,2,TB,10,10,169,4.79,60,16,45
housecr01,2000,1,COL,16,0,41,7.24,13,17,8
houseja01,2010,1,MIA,1,0,4,20.25,3,1,1
housetj01,2014,1,CLE,19,18,306,3.35,113,22,80
housetj01,2015,1,CLE,4,4,39,13.15,21,12,7
housetj01,2016,1,CLE,4,0,8,3.38,6,0,2
housetj01,2017,1,TOR,2,0,6,4.5,3,1,1
howarbe01,2002,1,SDN,3,2,32,9.28,13,14,10
howarbe01,2003,1,SDN,6,6,104,3.63,31,15,24
howarbe01,2004,1,MIA,31,0,113,5.5,37,21,33
howarsa01,2018,1,COL,4,0,12,2.25,5,3,1
howarsa01,2019,1,COL,20,0,57,6.63,21,10,23
howarsa01,2020,1,PIT,22,0,63,3.86,17,9,27
howarsa01,2021,1,PIT,54,1,135,5.6,34,32,60
howarsa01,2022,1,PIT,3,0,6,9.0,2,4,1
howarsp01,2020,1,PHI,6,6,73,5.92,30,10,23
howarsp01,2021,1,PHI,11,7,85,5.72,25,17,31
howarsp01,2021,2,TEX,8,8,64,9.7,28,10,21
howarsp01,2022,1,TEX,10,8,113,7.41,50,15,32
howarsp01,2023,1,TEX,3,0,10,10.8,4,3,2
howarsp01,2024,1,SFN,7,2,72,5.63,33,11,21
howarsp01,2024,2,CLE,2,1,15,9.0,11,3,6
howeljp01,2005,1,KCA,15,15,218,6.19,73,39,54
howeljp01,2006,1,TB,8,8,127,5.1,52,14,33
howeljp01,2007,1,TB,10,10,153,7.59,69,21,49
howeljp01,2008,1,TB,64,0,268,2.22,62,39,92
howeljp01,2009,1,TB,69,0,200,2.84,47,33,79
howeljp01,2011,1,TB,46,0,92,6.16,30,18,26
howeljp01,2012,1,TB,55,0,151,3.04,39,22,42
howeljp01,2013,1,LAN,67,0,186,2.03,42,23,54
howeljp01,2014,1,LAN,68,0,147,2.39,31,25,48
howeljp01,2015,1,LAN,65,0,132,1.43,47,14,39
howeljp01,2016,1,LAN,64,0,152,4.09,56,15,44
howeljp01,2017,1,TOR,16,0,33,7.36,13,7,6
howrybo01,2000,1,CHA,65,0,213,3.17,54,29,60
howrybo01,2001,1,CHA,69,0,236,4.69,85,30,64
howrybo01,2002,1,CHA,47,0,152,3.91,45,17,31
howrybo01,2002,2,BOS,20,0,54,5.0,22,4,14
howrybo01,2003,1,BOS,4,0,13,12.46,11,3,4
howrybo01,2004,1,CLE,37,0,128,2.74,37,12,39
howrybo01,2005,1,CLE,79,0,219,2.47,49,16,48
howrybo01,2006,1,CHN,84,0,230,3.17,70,17,71
howrybo01,2007,1,CHN,78,0,244,3.32,76,19,72
howrybo01,2008,1,CHN,72,0,212,5.35,90,13,59
howrybo01,2009,1,SFN,63,0,191,3.39,50,23,46
howrybo01,2010,1,ARI,14,0,43,10.67,18,6,6
howrybo01,2010,2,CHN,24,0,62,5.66,29,7,8
hoyinja01,2016,1,TEX,1,0,3,9.0,1,0,0
hoytja01,2016,1,HOU,22,0,66,4.5,16,9,28
hoytja01,2017,1,HOU,43,0,148,4.38,51,14,66
hoytja01,2018,1,HOU,1,0,1,0.0,1,1,0
hoytja01,2019,1,CLE,8,0,25,2.16,6,2,10
hoytja01,2020,1,MIA,24,0,44,1.23,9,8,20
hoytja01,2021,1,LAA,9,0,24,6.75,12,7,11
huangwe01,2019,1,TEX,4,0,17,3.18,8,5,2
huberjo01,2006,1,SEA,16,0,50,1.08,10,6,11
huberjo01,2007,1,SEA,9,0,34,4.76,13,4,8
huch02,2017,1,TB,6,0,30,2.7,5,4,9
huch02,2018,1,TB,5,0,39,4.15,7,3,12
hudsobr01,2023,1,LAN,6,0,26,7.27,12,4,7
hudsobr01,2024,1,MIL,43,0,187,1.73,28,17,62
hudsobr01,2025,1,MIL,12,0,31,4.35,8,12,13
hudsobr01,2025,2,CHA,4,0,14,5.79,7,1,6
hudsoda01,2009,1,CHA,6,2,56,3.38,16,9,14
hudsoda01,2010,1,CHA,3,3,47,6.32,17,11,14
hudsoda01,2010,2,ARI,11,11,239,1.69,51,16,70
hudsoda01,2011,1,ARI,33,33,666,3.49,217,50,169
hudsoda01,2012,1,ARI,9,9,136,7.35,62,12,37
hudsoda01,2014,1,ARI,3,0,8,13.5,4,0,2
hudsoda01,2015,1,ARI,64,1,203,3.86,64,25,71
hudsoda01,2016,1,ARI,70,0,181,5.22,65,22,58
hudsoda01,2017,1,PIT,71,0,185,4.38,57,33,66
hudsoda01,2018,1,LAN,40,1,138,4.11,38,18,44
hudsoda01,2019,1,TOR,45,1,144,3.0,38,23,48
hudsoda01,2019,2,WAS,24,0,75,1.44,18,4,23
hudsoda01,2020,1,WAS,21,0,62,6.1,15,11,28
hudsoda01,2021,1,WAS,31,0,98,2.2,23,7,48
hudsoda01,2021,2,SDN,23,0,57,5.21,17,9,27
hudsoda01,2022,1,LAN,25,0,73,2.22,17,5,30
hudsoda01,2023,1,LAN,3,0,9,0.0,2,3,5
hudsoda01,2024,1,LAN,65,0,189,3.0,46,19,63
hudsoda02,2018,1,SLN,26,0,82,2.63,19,18,19
hudsoda02,2019,1,SLN,33,32,524,3.35,160,86,136
hudsoda02,2020,1,SLN,8,8,117,2.77,24,15,31
hudsoda02,2021,1,SLN,2,1,26,2.08,7,1,6
hudsoda02,2022,1,SLN,27,26,419,4.45,141,61,78
hudsoda02,2023,1,SLN,18,12,244,4.98,88,34,45
hudsoda02,2024,1,COL,18,18,267,6.17,99,50,49
hudsolu01,2002,1,CIN,3,0,18,4.5,5,6,7
hudsolu01,2004,1,CIN,9,9,145,2.42,36,25,38
hudsolu01,2005,1,CIN,19,16,254,6.38,83,50,53
hudsolu01,2006,1,KCA,26,15,306,5.12,109,38,64
hudsolu01,2007,1,KCA,1,1,6,18.0,2,4,0
hudsoti01,2000,1,ATH,32,32,607,4.14,169,82,169
hudsoti01,2001,1,ATH,35,35,705,3.37,216,71,181
hudsoti01,2002,1,ATH,34,34,715,2.98,237,62,152
hudsoti01,2003,1,ATH,34,34,720,2.7,197,61,162
hudsoti01,2004,1,ATH,27,27,566,3.53,194,44,103
hudsoti01,2005,1,ATL,29,29,576,3.52,194,65,115
hudsoti01,2006,1,ATL,35,35,655,4.86,235,79,141
hudsoti01,2007,1,ATL,34,34,673,3.33,221,53,132
hudsoti01,2008,1,ATL,23,22,426,3.17,125,40,85
hudsoti01,2009,1,ATL,7,7,127,3.61,49,13,30
hudsoti01,2010,1,ATL,34,34,686,2.83,189,74,139
hudsoti01,2011,1,ATL,33,33,645,3.22,189,56,158
hudsoti01,2012,1,ATL,28,28,537,3.62,168,48,102
hudsoti01,2013,1,ATL,21,21,394,3.97,120,36,95
hudsoti01,2014,1,SFN,31,31,568,3.57,199,34,120
hudsoti01,2015,1,SFN,24,22,371,4.44,134,37,64
huffda01,2009,1,CLE,23,23,385,5.61,159,41,65
huffda01,2010,1,CLE,15,15,239,6.21,101,34,37
huffda01,2011,1,CLE,11,10,152,4.09,55,17,36
huffda01,2012,1,CLE,6,4,80,3.38,30,5,19
huffda01,2013,1,CLE,3,0,9,15.0,7,1,5
huffda01,2013,2,NYA,11,2,104,4.67,26,8,26
huffda01,2014,1,SFN,16,0,60,6.3,27,6,11
huffda01,2014,2,NYA,30,0,117,1.85,34,17,28
huffda01,2015,1,LAN,3,1,18,9.0,11,1,4
huffda01,2016,1,LAA,2,2,16,11.81,13,2,3
hughebr01,2022,1,CHN,57,0,173,3.12,42,21,68
hughebr01,2023,1,CHN,17,0,41,7.24,14,8,17
hughebr01,2024,1,ARI,15,2,53,8.15,24,10,21
hughedu01,2009,1,KCA,8,1,42,5.14,13,8,15
hughedu01,2010,1,KCA,57,0,169,3.83,59,24,34
hughedu01,2011,1,MIN,15,0,38,9.95,19,8,11
hugheja02,2011,1,PIT,12,0,33,4.09,9,4,10
hugheja02,2012,1,PIT,66,0,227,2.85,65,22,50
hugheja02,2013,1,PIT,29,0,96,4.78,37,16,23
hugheja02,2014,1,PIT,63,0,193,1.96,51,19,36
hugheja02,2015,1,PIT,76,0,201,2.28,70,19,36
hugheja02,2016,1,PIT,67,0,178,3.03,62,22,34
hugheja02,2017,1,MIL,67,0,179,3.02,49,24,48
hugheja02,2018,1,CIN,72,0,236,1.94,57,23,59
hugheja02,2019,1,CIN,47,0,145,4.1,41,19,34
hugheja02,2019,2,PHI,25,0,69,3.91,16,8,20
hugheja02,2020,1,NYN,18,0,67,4.84,23,14,21
hugheph01,2007,1,NYA,13,13,218,4.46,64,29,58
hugheph01,2008,1,NYA,8,8,102,6.62,43,15,23
hugheph01,2009,1,NYA,51,7,258,3.03,68,28,96
hugheph01,2010,1,NYA,31,29,529,4.19,162,58,146
hugheph01,2011,1,NYA,17,14,224,5.79,84,27,47
hugheph01,2012,1,NYA,32,32,574,4.19,196,46,165
hugheph01,2013,1,NYA,30,29,437,5.19,170,42,121
hugheph01,2014,1,MIN,32,32,629,3.52,221,16,186
hugheph01,2015,1,MIN,27,25,466,4.4,184,16,94
hugheph01,2016,1,MIN,12,11,177,5.95,76,13,34
hugheph01,2017,1,MIN,14,9,161,5.87,72,13,38
hugheph01,2018,1,MIN,7,2,36,6.75,14,5,8
hugheph01,2018,2,SDN,16,0,62,6.1,30,5,24
hughetr01,2004,1,TEX,2,0,4,13.5,4,2,4
hughetr01,2005,1,WAS,14,0,39,5.54,18,8,8
hughetr01,2006,1,WAS,8,0,34,6.35,13,6,4
huismju01,2004,1,KCA,14,0,75,6.84,36,8,13
huller01,2007,1,LAN,5,0,20,4.05,4,3,5
hultzda01,2019,1,CHN,6,0,10,0.0,4,2,5
humbeph01,2006,1,NYN,2,0,6,0.0,0,1,2
humbeph01,2007,1,NYN,3,1,21,7.71,9,2,2
humbeph01,2008,1,MIN,5,0,35,4.63,11,5,6
humbeph01,2009,1,MIN,8,0,27,8.0,17,9,9
humbeph01,2010,1,KCA,8,1,65,4.15,22,7,16
humbeph01,2011,1,CHA,28,26,489,3.75,151,41,116
humbeph01,2012,1,CHA,26,16,306,6.44,113,44,85
humbeph01,2013,1,HOU,17,7,164,7.9,75,20,36
hummeco01,2025,2,HOU,1,0,3,36.0,5,0,0
hunteto02,2008,1,TEX,3,3,33,16.36,23,3,9
hunteto02,2009,1,TEX,19,19,336,4.1,113,33,64
hunteto02,2010,1,TEX,23,22,384,3.73,126,33,68
hunteto02,2011,1,TEX,8,0,46,2.93,12,5,10
hunteto02,2011,2,BAL,12,11,208,5.06,88,10,35
hunteto02,2012,1,BAL,33,20,401,5.45,161,27,77
hunteto02,2013,1,BAL,68,0,259,2.81,71,14,68
hunteto02,2014,1,BAL,60,0,182,2.97,55,12,45
hunteto02,2015,1,BAL,39,0,134,3.63,41,11,32
hunteto02,2015,2,CHN,19,0,47,5.74,20,3,15
hunteto02,2016,1,CLE,21,0,65,3.74,21,5,17
hunteto02,2016,2,BAL,12,0,37,2.19,14,3,6
hunteto02,2017,1,TB,61,0,176,2.61,43,14,64
hunteto02,2018,1,PHI,65,0,192,3.8,65,15,51
hunteto02,2019,1,PHI,5,0,16,0.0,2,0,5
hunteto02,2020,1,PHI,24,0,74,4.01,22,6,25
hunteto02,2021,1,NYN,4,1,24,0.0,4,3,6
hunteto02,2022,1,NYN,18,0,67,2.42,21,6,22
hunteto02,2023,1,NYN,14,0,71,6.85,28,5,20
hurleer01,2008,1,TEX,5,5,74,5.47,26,9,13
hurshja01,2016,1,ATL,2,0,4,33.75,4,3,1
hurshja01,2017,1,ATL,9,0,32,5.06,13,4,7
hurtebr01,2024,1,DET,10,1,136,2.58,34,6,38
hurtebr01,2025,1,DET,43,4,189,2.43,57,27,68
hurtky01,2023,1,LAN,1,0,6,0.0,0,0,3
hurtky01,2024,1,LAN,3,1,20,1.35,8,1,3
hutchch01,2001,1,SLN,3,0,12,24.75,9,6,2
hutchdr01,2012,1,TOR,11,11,176,4.6,59,20,49
hutchdr01,2014,1,TOR,32,32,554,4.48,173,60,184
hutchdr01,2015,1,TOR,30,28,451,5.57,179,44,129
hutchdr01,2016,1,TOR,3,2,38,4.97,13,4,12
hutchdr01,2016,2,PIT,6,1,34,5.56,15,3,10
hutchdr01,2018,1,PHI,11,0,64,4.64,21,13,19
hutchdr01,2018,2,TEX,5,5,64,8.86,29,13,12
hutchdr01,2021,1,DET,9,2,64,2.11,20,11,10
hutchdr01,2022,1,DET,28,18,316,4.53,114,42,68
hynesco01,2013,1,SDN,22,0,51,9.0,25,9,13
hynesco01,2015,1,TOR,5,0,9,6.0,8,2,4
ibarred01,2015,1,LAA,2,0,12,2.25,4,3,3
igarary01,2010,1,NYN,34,0,91,7.12,29,18,25
igarary01,2011,1,NYN,45,0,116,4.66,43,28,42
igarary01,2012,1,TOR,2,0,3,36.0,5,2,2
igarary01,2012,2,NYA,2,0,9,12.0,4,3,3
igawake01,2007,1,NYA,14,12,203,6.25,76,37,53
igawake01,2008,1,NYA,2,1,12,13.5,13,0,0
iglesra01,2015,1,CIN,18,16,286,4.15,81,28,104
iglesra01,2016,1,CIN,37,5,235,2.53,63,26,83
iglesra01,2017,1,CIN,63,0,228,2.49,57,27,92
iglesra01,2018,1,CIN,66,0,216,2.38,52,25,80
iglesra01,2019,1,CIN,68,0,201,4.16,61,21,89
iglesra01,2020,1,CIN,22,0,69,2.74,16,5,31
iglesra01,2021,1,LAA,65,0,210,2.57,53,12,103
iglesra01,2022,1,LAA,39,0,107,4.04,29,9,48
iglesra01,2022,2,ATL,28,0,79,0.34,17,5,30
iglesra01,2023,1,ATL,58,0,167,2.75,51,15,68
iglesra01,2024,1,ATL,66,0,208,1.95,38,13,68
iglesra01,2025,1,ATL,70,0,202,3.21,51,16,73
imanash01,2024,1,CHN,29,29,520,2.91,149,28,174
imanash01,2025,1,CHN,25,25,434,3.73,117,26,117
infangr01,2010,1,CHA,5,0,14,0.0,2,4,5
infangr01,2017,1,CHA,52,0,164,3.13,45,20,49
infangr01,2018,1,CHA,10,0,27,8.0,12,8,6
inglejo01,2010,1,MIL,1,0,3,0.0,0,0,0
ingrako01,2023,1,LAA,5,0,16,8.44,8,5,7
irabuhi01,2000,1,WAS,11,11,164,7.24,77,14,42
irabuhi01,2001,1,WAS,3,3,50,4.86,22,3,18
irabuhi01,2002,1,TEX,38,2,141,5.74,51,16,30
iriarja01,2024,1,CHA,6,0,18,1.5,3,8,6
irvinco01,2019,1,PHI,16,3,125,5.83,45,13,31
irvinco01,2020,1,PHI,3,0,11,17.18,11,1,4
irvinco01,2021,1,ATH,32,32,535,4.24,195,42,125
irvinco01,2022,1,ATH,30,30,543,3.98,174,36,128
irvinco01,2023,1,BAL,24,12,232,4.42,78,21,68
irvinco01,2024,1,BAL,25,16,322,4.86,126,25,76
irvinco01,2024,2,MIN,4,0,11,12.27,6,4,2
irvinja01,2023,1,WAS,24,24,363,4.61,118,54,99
irvinja01,2024,1,WAS,33,33,563,4.41,173,52,156
irvinja01,2025,1,WAS,33,33,540,5.7,195,62,124
irwinph01,2013,1,PIT,1,1,14,7.71,6,4,4
irwinph01,2014,1,TEX,1,1,12,6.75,6,2,2
ishiika01,2002,1,LAN,28,28,462,4.27,137,106,143
ishiika01,2003,1,LAN,27,27,441,3.86,129,101,140
ishiika01,2004,1,LAN,31,31,516,4.71,155,98,99
ishiika01,2005,1,NYN,19,16,273,5.14,87,49,53
isrinja01,2000,1,ATH,66,0,207,3.78,67,32,57
isrinja01,2001,1,ATH,65,0,214,2.65,54,23,74
isrinja01,2002,1,SLN,60,0,196,2.48,46,18,68
isrinja01,2003,1,SLN,40,0,126,2.36,31,18,41
isrinja01,2004,1,SLN,74,0,226,2.87,55,23,71
isrinja01,2005,1,SLN,63,0,177,2.14,43,27,51
isrinja01,2006,1,SLN,59,0,175,3.55,47,38,52
isrinja01,2007,1,SLN,63,0,196,2.48,42,28,54
isrinja01,2008,1,SLN,42,0,128,5.7,48,22,36
isrinja01,2009,1,TB,9,0,24,2.25,6,5,6
isrinja01,2011,1,NYN,53,0,140,4.05,36,24,44
isrinja01,2012,1,LAA,50,0,137,4.14,44,19,31
iveyty01,2021,1,HOU,1,1,14,7.71,6,1,3
iwakuhi01,2012,1,SEA,30,16,376,3.16,117,43,101
iwakuhi01,2013,1,SEA,33,33,659,2.66,179,42,185
iwakuhi01,2014,1,SEA,28,28,537,3.52,167,21,154
iwakuhi01,2015,1,SEA,20,20,389,3.54,117,21,111
iwakuhi01,2016,1,SEA,33,33,597,4.12,218,46,147
iwakuhi01,2017,1,SEA,6,6,93,4.35,27,12,16
izquiha02,2002,1,MIA,20,2,89,4.55,33,21,20
jacksal02,2025,1,BAL,1,0,3,27.0,3,2,0
jacksan01,2021,1,LAN,3,0,35,2.31,10,6,10
jacksan01,2022,1,LAN,4,0,29,1.86,9,4,9
jacksan01,2023,1,LAN,7,0,53,6.62,22,3,16
jacksan01,2023,2,PIT,12,7,131,4.33,30,19,41
jacksed01,2003,1,LAN,4,3,66,2.45,17,11,19
jacksed01,2004,1,LAN,8,5,74,7.3,31,11,16
jacksed01,2005,1,LAN,7,6,86,6.28,31,17,13
jacksed01,2006,1,TB,23,1,109,5.45,42,25,27
jacksed01,2007,1,TB,32,31,483,5.76,195,88,128
jacksed01,2008,1,TB,32,31,550,4.42,199,77,108
jacksed01,2009,1,DET,33,33,642,3.62,200,70,161
jacksed01,2010,1,ARI,21,21,403,5.16,141,60,104
jacksed01,2010,2,CHA,11,11,225,3.24,73,18,77
jacksed01,2011,1,CHA,19,19,365,3.92,134,39,97
jacksed01,2011,2,SLN,13,12,234,3.58,91,23,51
jacksed01,2012,1,WAS,31,31,569,4.03,173,58,168
jacksed01,2013,1,CHN,31,31,526,4.98,197,59,135
jacksed01,2014,1,CHN,28,27,422,6.33,168,63,123
jacksed01,2015,1,CHN,23,0,93,3.19,30,12,23
jacksed01,2015,2,ATL,24,0,74,2.92,14,9,17
jacksed01,2016,1,MIA,8,0,32,5.91,13,6,7
jacksed01,2016,2,SDN,13,13,220,5.89,79,35,54
jacksed01,2017,1,BAL,3,0,15,7.2,11,4,2
jacksed01,2017,2,WAS,13,13,213,5.07,75,25,58
jacksed01,2018,1,ATH,17,17,276,3.33,75,37,68
jacksed01,2019,1,TOR,8,5,85,11.12,49,13,19
jacksed01,2019,2,DET,10,8,118,8.47,56,19,33
jacksja01,2015,1,SDN,6,0,13,6.23,7,1,4
jacksja01,2019,1,MIL,28,0,91,4.45,22,18,47
jacksja01,2021,1,SFN,23,1,65,3.74,15,12,28
jacksja01,2022,1,ATL,2,0,4,0.0,1,0,1
jacksja01,2023,1,TOR,25,0,89,2.12,18,9,27
jacksja01,2024,1,MIN,20,0,79,7.52,28,9,29
jackslu01,2015,1,TEX,7,0,19,4.26,5,2,6
jackslu01,2016,1,TEX,8,0,35,10.8,22,8,3
jackslu01,2017,1,ATL,43,0,152,4.62,55,19,33
jackslu01,2018,1,ATL,35,0,122,4.43,41,21,46
jackslu01,2019,1,ATL,70,0,218,3.84,76,26,106
jackslu01,2020,1,ATL,19,0,79,6.84,39,13,20
jackslu01,2021,1,ATL,71,0,191,1.98,45,29,70
jackslu01,2023,1,SFN,33,0,100,2.97,26,15,43
jackslu01,2024,1,SFN,36,0,105,5.4,35,15,33
jackslu01,2024,2,ATL,16,0,54,4.5,17,11,26
jackslu01,2025,1,TEX,39,0,105,4.11,32,19,24
jackslu01,2025,2,DET,3,0,14,7.71,3,5,4
jackslu01,2025,3,SEA,10,0,34,2.38,6,4,10
jacksmi02,2001,1,HOU,67,0,207,4.7,68,22,46
jacksmi02,2002,1,MIN,58,0,165,3.27,59,13,29
jacksmi02,2004,1,CHA,45,0,140,5.01,55,15,26
jacksst01,2009,1,PIT,40,0,129,3.14,38,22,21
jacksst01,2010,1,PIT,11,0,34,8.74,17,6,7
jacksza01,2006,1,MIL,8,7,115,5.4,48,14,22
jacksza01,2008,1,MIL,2,0,11,4.91,5,2,1
jacksza01,2008,2,CLE,9,9,164,5.6,64,14,30
jacksza01,2009,1,CLE,3,1,26,9.35,14,4,10
jacksza02,2022,1,ATH,54,0,144,3.0,28,33,67
jacksza02,2023,1,ATH,19,0,54,2.5,18,10,23
jacobal01,2023,1,SDN,3,0,9,0.0,0,1,5
jacobal01,2024,1,SDN,7,0,44,2.45,9,2,19
jacobal01,2025,1,SDN,29,0,100,5.13,36,14,23
jacqujo01,2023,1,BOS,23,1,80,5.06,32,10,20
jacqujo01,2024,1,BOS,1,0,5,5.4,3,0,2
jacqujo01,2024,2,ARI,1,0,4,13.5,3,1,0
jacquto01,2000,1,PHI,9,0,22,11.05,10,3,6
jaimeju01,2014,1,ATL,16,0,37,5.84,14,9,18
jaimeju01,2015,1,ATL,2,0,4,6.75,0,4,1
jakubch01,2009,1,SEA,35,8,279,5.32,91,27,47
jakubch01,2010,1,PIT,1,1,2,27.0,2,0,0
jakubch01,2011,1,BAL,33,6,217,5.72,93,29,52
jamesch03,2005,1,ATL,2,0,17,1.59,4,3,5
jamesch03,2006,1,ATL,25,18,357,3.78,101,47,91
jamesch03,2007,1,ATL,30,30,484,4.24,164,58,116
jamesch03,2008,1,ATL,7,7,89,9.1,36,20,22
jamesch03,2011,1,MIN,8,0,31,6.1,12,4,8
jamesde01,2002,1,TB,8,6,103,6.55,40,15,17
jamesdr01,2022,1,ARI,4,4,73,1.48,20,7,24
jamesdr01,2023,1,ARI,15,3,122,3.32,40,18,37
jamesdr01,2025,1,ARI,3,0,9,3.0,4,3,0
jamesjo02,2018,1,HOU,6,3,69,2.35,15,7,29
jamesjo02,2019,1,HOU,49,1,184,4.7,46,35,100
jamesjo02,2020,1,HOU,13,2,52,7.27,15,17,21
jamesjo02,2021,1,HOU,5,0,15,5.4,4,2,8
jamesju01,2010,1,ATH,5,0,12,4.5,7,4,5
jamesmi01,2000,1,SLN,51,0,154,3.16,40,24,41
jamesmi01,2001,1,SLN,40,0,114,5.21,43,17,26
jamesmi01,2002,1,COL,13,0,34,5.56,12,5,10
janispa01,2009,1,CIN,2,0,6,49.5,9,2,3
jankojo01,2017,1,HOU,3,0,13,12.46,7,2,5
jankotr01,2025,3,NYN,1,0,3,18.0,2,1,0
jannimi01,2021,1,BAL,1,0,10,18.9,8,4,1
janseke01,2010,1,LAN,25,0,81,0.67,12,15,41
janseke01,2011,1,LAN,51,0,161,2.85,30,26,96
janseke01,2012,1,LAN,65,0,195,2.35,33,22,99
janseke01,2013,1,LAN,75,0,230,1.88,48,18,111
janseke01,2014,1,LAN,68,0,196,2.76,55,19,101
janseke01,2015,1,LAN,54,0,157,2.41,33,8,80
janseke01,2016,1,LAN,71,0,206,1.83,35,11,104
janseke01,2017,1,LAN,65,0,205,1.32,44,7,109
janseke01,2018,1,LAN,69,0,215,3.01,54,17,82
janseke01,2019,1,LAN,62,0,189,3.71,51,16,80
janseke01,2020,1,LAN,27,0,73,3.33,19,9,33
janseke01,2021,1,LAN,69,0,207,2.22,36,36,86
janseke01,2022,1,ATL,65,0,192,3.38,45,22,85
janseke01,2023,1,BOS,51,0,134,3.63,40,17,52
janseke01,2024,1,BOS,54,0,164,3.29,38,20,62
janseke01,2025,1,LAA,62,0,177,2.59,37,19,57
janssca01,2006,1,TOR,19,17,282,5.07,103,21,44
janssca01,2007,1,TOR,70,0,218,2.35,67,20,39
janssca01,2009,1,TOR,21,5,120,5.85,59,14,24
janssca01,2010,1,TOR,56,0,206,3.67,74,21,63
janssca01,2011,1,TOR,55,0,167,2.26,47,14,53
janssca01,2012,1,TOR,62,0,191,2.54,44,11,67
janssca01,2013,1,TOR,56,0,158,2.56,39,13,50
janssca01,2014,1,TOR,50,0,137,3.94,47,7,28
janssca01,2015,1,WAS,48,0,120,4.95,38,8,27
jarvibr01,2023,1,ARI,11,1,71,3.04,14,9,12
jarvibr01,2024,1,ARI,44,0,178,3.19,52,33,38
jarvibr01,2025,1,ARI,12,0,66,5.73,23,10,21
jarvike01,2000,1,COL,24,19,345,5.95,138,33,60
jarvike01,2001,1,SDN,32,32,580,4.79,189,49,133
jarvike01,2002,1,SDN,7,7,105,4.37,36,10,24
jarvike01,2003,1,SDN,16,16,276,5.87,113,32,49
jarvike01,2004,1,SEA,8,0,39,8.31,20,5,7
jarvike01,2004,2,COL,2,0,6,27.0,6,4,0
jarvike01,2005,1,SLN,4,0,10,13.5,3,3,2
jarvike01,2006,1,ARI,5,1,34,11.91,18,5,6
jarvike01,2006,2,BOS,4,3,50,4.86,22,6,7
javiecr01,2020,1,HOU,12,10,163,3.48,36,18,54
javiecr01,2021,1,HOU,36,9,304,3.55,67,53,130
javiecr01,2022,1,HOU,30,25,446,2.54,89,52,194
javiecr01,2023,1,HOU,31,31,486,4.56,143,62,159
javiecr01,2024,1,HOU,7,7,104,3.89,30,19,27
javiecr01,2025,1,HOU,8,8,111,4.62,32,15,34
jaxgr01,2021,1,MIN,18,14,246,6.37,82,29,65
jaxgr01,2022,1,MIN,65,0,217,3.36,56,20,78
jaxgr01,2023,1,MIN,71,0,196,3.86,58,19,68
jaxgr01,2024,1,MIN,72,0,213,2.03,47,15,95
jaxgr01,2025,1,MIN,50,0,138,4.5,46,13,72
jaxgr01,2025,2,TB,23,2,60,3.6,18,8,27
jayemy01,2017,1,DET,5,2,38,12.08,18,10,4
jayjo02,2017,1,CHN,1,0,3,0.0,1,0,0
jayty01,2024,1,NYN,3,0,14,7.71,7,3,3
jayty01,2024,2,MIL,2,0,9,0.0,2,3,3
jeffeda01,2020,1,ATH,1,1,6,22.5,5,2,1
jeffeda01,2021,1,ATH,5,1,45,3.6,11,4,8
jeffeda01,2022,1,ATH,8,8,118,5.72,46,8,28
jeffeda01,2024,1,SFN,2,1,14,17.36,14,2,4
jeffeda01,2024,2,PIT,4,0,30,6.3,10,2,8
jeffrje01,2010,1,MIL,10,0,30,2.7,8,6,8
jeffrje01,2011,1,KCA,14,0,46,4.7,12,11,13
jeffrje01,2012,1,KCA,13,0,40,6.75,19,13,13
jeffrje01,2013,1,TOR,10,0,31,0.87,8,5,12
jeffrje01,2014,1,TOR,3,0,10,10.8,8,3,4
jeffrje01,2014,2,MIL,29,0,86,1.88,27,7,25
jeffrje01,2015,1,MIL,72,0,204,2.65,64,22,67
jeffrje01,2016,1,MIL,47,0,134,2.22,45,11,35
jeffrje01,2016,2,TEX,12,0,40,2.7,10,7,7
jeffrje01,2017,1,TEX,39,0,122,5.31,49,19,29
jeffrje01,2017,2,MIL,22,1,74,3.65,24,15,22
jeffrje01,2018,1,MIL,73,0,230,1.29,49,27,89
jeffrje01,2019,1,MIL,48,0,156,5.02,54,17,46
jeffrje01,2020,1,CHN,22,0,70,1.54,10,12,17
jenkich01,2012,1,TOR,13,3,96,4.5,32,11,16
jenkich01,2013,1,TOR,10,3,100,2.7,31,6,15
jenkich01,2014,1,TOR,21,0,95,2.56,34,6,18
jenkich01,2015,1,TOR,2,0,11,4.91,3,3,2
jenkity01,2016,1,ATL,14,8,156,5.88,55,33,26
jenksbo01,2005,1,CHA,32,0,118,2.75,34,15,50
jenksbo01,2006,1,CHA,67,0,209,4.0,66,31,80
jenksbo01,2007,1,CHA,66,0,195,2.77,45,13,56
jenksbo01,2008,1,CHA,57,0,185,2.63,51,17,38
jenksbo01,2009,1,CHA,52,0,160,3.71,52,16,49
jenksbo01,2010,1,CHA,55,0,158,4.44,54,18,61
jenksbo01,2011,1,BOS,19,0,47,6.32,22,13,17
jennida01,2012,1,MIA,22,0,57,1.89,18,11,8
jennida01,2013,1,MIA,47,0,122,3.76,39,16,38
jennida01,2014,1,MIA,47,0,121,1.34,45,17,38
jennida01,2015,1,CHA,53,0,169,3.99,55,24,46
jennida01,2016,1,CHA,64,0,182,2.08,57,28,46
jennida01,2017,1,CHA,48,0,133,3.45,35,19,38
jennida01,2017,2,TB,29,0,55,3.44,18,12,13
jennida01,2018,1,MIL,72,1,193,3.22,66,23,45
jennida01,2019,1,WAS,8,0,14,13.5,8,7,9
jennija01,2001,1,COL,7,7,118,4.58,42,19,26
jennija01,2002,1,COL,32,32,556,4.52,201,70,127
jennija01,2003,1,COL,32,32,544,5.11,212,88,119
jennija01,2004,1,COL,33,33,603,5.51,241,101,133
jennija01,2005,1,COL,20,20,366,5.02,130,62,75
jennija01,2006,1,COL,32,32,636,3.78,206,85,142
jennija01,2007,1,HOU,19,18,297,6.45,119,34,71
jennija01,2008,1,TEX,6,6,82,8.56,35,18,12
jennija01,2009,1,TEX,44,0,183,4.13,67,28,44
jensery01,2001,1,SFN,10,7,127,4.25,44,25,26
jensery01,2002,1,SFN,32,30,515,4.51,183,66,105
jensery01,2003,1,SFN,6,2,40,10.8,21,5,3
jensery01,2005,1,KCA,9,3,76,7.11,31,7,18
jepseke01,2008,1,LAA,9,0,25,4.32,8,4,7
jepseke01,2009,1,LAA,54,0,164,4.94,63,19,48
jepseke01,2010,1,LAA,68,0,177,3.97,54,29,61
jepseke01,2011,1,LAA,16,0,39,7.62,21,9,6
jepseke01,2012,1,LAA,49,0,134,3.02,39,12,38
jepseke01,2013,1,LAA,45,0,108,4.5,41,14,36
jepseke01,2014,1,LAA,74,0,195,2.63,45,23,75
jepseke01,2015,1,TB,46,0,125,2.81,34,20,34
jepseke01,2015,2,MIN,29,0,84,1.61,18,7,25
jepseke01,2016,1,MIN,33,0,92,6.16,42,12,22
jepseke01,2016,2,TB,25,0,57,5.68,20,9,13
jepseke01,2018,1,TEX,21,0,50,5.94,15,11,8
jerezwi01,2018,1,LAA,17,0,45,6.0,17,8,15
jerezwi01,2019,1,SFN,6,0,20,2.7,7,6,4
jerezwi01,2019,2,PIT,6,0,11,7.36,5,3,5
jewelja01,2018,1,LAA,3,0,6,9.0,2,1,1
jewelja01,2019,1,LAA,18,0,79,6.84,28,8,23
jewelja01,2021,1,CHN,10,0,30,9.9,18,5,10
jimence01,2006,1,SEA,4,1,22,14.73,13,4,3
jimence01,2008,1,SEA,31,2,103,3.41,32,13,26
jimence01,2011,1,SEA,8,0,20,5.4,6,3,7
jimence01,2013,1,PHI,19,0,51,3.71,14,10,11
jimence01,2014,1,PHI,16,0,48,1.69,14,7,8
jimence01,2015,1,PHI,3,0,10,0.0,1,0,4
jimence01,2015,2,MIL,16,0,59,3.66,16,8,21
jimenda01,2002,1,SDN,1,0,4,0.0,0,0,0
jimenda02,2020,1,SFN,2,0,4,6.75,1,3,1
jimenda02,2022,1,ATH,34,0,103,3.41,23,18,34
jimenda02,2023,1,ATH,25,1,70,3.47,11,14,21
jimenda02,2024,1,ATH,25,0,77,4.91,21,19,25
jimened01,2019,1,DET,8,0,32,5.91,12,5,8
jimenja01,2002,1,TB,5,0,20,5.4,9,1,5
jimenja01,2002,2,DET,1,0,2,27.0,3,1,0
jimenjo01,2000,1,COL,72,0,212,3.18,63,28,44
jimenjo01,2001,1,COL,56,0,165,4.09,56,22,37
jimenjo01,2002,1,COL,74,0,220,3.56,76,11,47
jimenjo01,2003,1,COL,63,7,305,5.22,137,32,45
jimenjo01,2004,1,CLE,31,0,109,8.42,45,14,21
jimenjo02,2017,1,DET,24,0,57,12.32,31,9,17
jimenjo02,2018,1,DET,68,0,188,4.31,53,22,78
jimenjo02,2019,1,DET,66,0,179,4.37,56,23,82
jimenjo02,2020,1,DET,25,0,68,7.15,25,6,22
jimenjo02,2021,1,DET,52,0,136,5.96,34,35,57
jimenjo02,2022,1,DET,62,0,170,3.49,49,13,77
jimenjo02,2023,1,ATL,59,0,169,3.04,51,14,73
jimenjo02,2024,1,ATL,69,0,206,2.62,45,23,82
jimenke01,2007,1,SLN,34,0,126,7.5,56,17,24
jimenke01,2008,1,SLN,15,0,72,5.63,28,15,11
jimenub01,2006,1,COL,2,1,23,3.52,5,3,3
jimenub01,2007,1,COL,15,15,246,4.28,70,37,68
jimenub01,2008,1,COL,34,34,596,3.99,182,103,172
jimenub01,2009,1,COL,33,33,654,3.47,183,85,198
jimenub01,2010,1,COL,33,33,665,2.88,164,92,214
jimenub01,2011,1,COL,21,21,369,4.46,118,51,118
jimenub01,2011,2,CLE,11,11,196,5.1,68,27,62
jimenub01,2012,1,CLE,31,31,530,5.4,190,95,143
jimenub01,2013,1,CLE,32,32,548,3.3,163,80,194
jimenub01,2014,1,BAL,25,22,376,4.81,113,77,116
jimenub01,2015,1,BAL,32,32,552,4.11,182,68,168
jimenub01,2016,1,BAL,29,25,427,5.44,150,72,125
jimenub01,2017,1,BAL,31,25,428,6.81,169,58,139
joaquwa01,2009,1,SFN,10,0,32,4.22,10,7,12
joaquwa01,2010,1,SFN,4,0,14,9.64,6,7,2
joaquwa01,2011,1,SFN,5,0,19,4.26,6,3,3
jobeja01,2024,1,DET,2,0,12,0.0,1,1,2
jobeja01,2025,1,DET,10,10,147,4.22,46,27,39
jodiebr01,2001,1,NYA,1,1,6,27.0,7,1,0
jodiebr01,2001,2,SDN,7,2,70,4.63,19,12,13
johnsad01,2001,1,MIN,7,4,75,8.28,32,13,17
johnsad01,2003,1,MIN,2,0,4,47.25,8,1,0
johnsal02,2011,1,COL,1,1,12,9.0,6,3,3
johnsbr02,2015,1,BOS,1,1,13,8.31,3,4,3
johnsbr02,2017,1,BOS,5,5,81,4.33,32,8,21
johnsbr02,2018,1,BOS,38,13,298,4.17,104,38,87
johnsbr02,2019,1,BOS,21,7,121,6.02,53,23,31
johnsdj01,2018,1,COL,7,0,19,4.26,6,2,9
johnsdj01,2019,1,COL,28,0,75,5.04,23,19,24
johnsdj01,2021,1,CLE,1,0,5,5.4,2,0,3
johnsdj01,2021,2,TB,3,0,8,0.0,0,0,2
johnser04,2013,1,CHA,5,5,83,3.25,32,11,18
johnser04,2014,1,CHA,5,5,71,6.46,27,15,18
johnser04,2015,1,CHA,6,6,105,3.34,32,17,30
johnser04,2016,1,CHA,2,2,35,6.94,14,6,11
johnser04,2016,2,SDN,4,4,59,9.15,32,5,10
johnsja02,2000,1,BAL,25,13,323,7.02,119,61,79
johnsja02,2001,1,BAL,32,32,588,4.09,194,77,114
johnsja02,2002,1,BAL,22,22,394,4.59,141,41,97
johnsja02,2003,1,BAL,32,32,569,4.18,216,80,118
johnsja02,2004,1,DET,33,33,590,5.13,222,60,125
johnsja02,2005,1,DET,33,33,630,4.54,233,49,93
johnsja02,2006,1,CLE,14,14,231,5.96,108,22,32
johnsja02,2006,2,BOS,6,6,88,7.36,41,13,18
johnsja02,2006,3,CIN,4,0,26,3.12,11,0,4
johnsja02,2008,1,LAN,16,2,88,5.22,32,12,20
johnsji04,2006,1,BAL,1,1,9,24.0,9,3,0
johnsji04,2007,1,BAL,1,0,6,9.0,3,2,1
johnsji04,2008,1,BAL,54,0,206,2.23,54,28,38
johnsji04,2009,1,BAL,64,0,210,4.11,73,23,49
johnsji04,2010,1,BAL,26,0,79,3.42,32,5,22
johnsji04,2011,1,BAL,69,0,273,2.67,80,21,58
johnsji04,2012,1,BAL,71,0,206,2.49,55,15,41
johnsji04,2013,1,BAL,74,0,211,2.94,72,18,56
johnsji04,2014,1,ATH,38,0,121,7.14,60,23,28
johnsji04,2014,2,DET,16,0,39,6.92,9,12,14
johnsji04,2015,1,ATL,49,0,144,2.25,45,14,33
johnsji04,2015,2,LAN,23,0,56,10.13,32,6,17
johnsji04,2016,1,ATL,65,0,194,3.06,57,20,68
johnsji04,2017,1,ATL,61,0,170,5.56,59,25,61
johnsji04,2018,1,LAA,62,1,190,3.84,64,22,45
johnsjo07,2000,1,SFN,47,0,150,6.3,64,13,37
johnsjo08,2000,1,TEX,15,0,87,6.21,34,19,23
johnsjo08,2001,1,TEX,5,0,31,9.58,13,7,11
johnsjo08,2002,1,SDN,16,0,46,4.11,15,5,21
johnsjo08,2003,1,HOU,4,3,46,5.87,20,15,7
johnsjo09,2005,1,MIA,4,1,37,3.65,11,10,10
johnsjo09,2006,1,MIA,31,24,471,3.1,136,68,133
johnsjo09,2007,1,MIA,4,4,47,7.47,26,12,14
johnsjo09,2008,1,MIA,14,14,262,3.61,91,27,77
johnsjo09,2009,1,MIA,33,33,627,3.23,184,58,191
johnsjo09,2010,1,MIA,28,28,551,2.3,155,48,186
johnsjo09,2011,1,MIA,9,9,181,1.64,39,20,56
johnsjo09,2012,1,MIA,31,31,574,3.81,180,65,165
johnsjo09,2013,1,TOR,16,16,244,6.2,105,30,83
johnskr01,2013,1,PIT,4,1,31,6.1,12,4,9
johnskr01,2014,1,MIN,3,3,40,4.73,17,9,12
johnsma03,2000,1,DET,9,3,72,7.5,25,16,11
johnsmi02,2000,1,WAS,41,13,304,6.39,107,53,70
johnsmi02,2001,1,WAS,10,0,34,4.76,13,4,10
johnsmi03,2004,1,PIT,24,0,68,4.37,29,15,18
johnsmi03,2005,1,PIT,1,0,3,36.0,4,0,2
johnspi01,2017,1,CHN,1,0,3,0.0,2,1,2
johnspi01,2018,1,SFN,37,0,131,5.56,38,22,36
johnspi01,2020,1,SDN,24,0,60,2.7,15,9,27
johnspi01,2021,1,SDN,63,2,176,3.22,47,27,77
johnspi01,2022,1,SDN,15,0,43,5.02,14,8,21
johnspi01,2023,1,COL,43,0,117,6.0,47,25,58
johnspi01,2023,2,ATL,24,0,71,0.76,16,5,32
johnspi01,2024,1,ATL,58,0,169,3.67,48,25,67
johnspi01,2025,1,ATL,65,0,177,3.05,52,19,59
johnsra05,2000,1,ARI,35,35,746,2.64,202,76,347
johnsra05,2001,1,ARI,35,34,749,2.49,181,71,372
johnsra05,2002,1,ARI,35,35,780,2.32,197,71,334
johnsra05,2003,1,ARI,18,18,342,4.26,125,27,125
johnsra05,2004,1,ARI,35,35,737,2.6,177,44,290
johnsra05,2005,1,NYA,34,34,677,3.79,207,47,211
johnsra05,2006,1,NYA,33,33,615,5.0,194,60,172
johnsra05,2007,1,ARI,10,10,170,3.81,52,13,72
johnsra05,2008,1,ARI,30,30,552,3.91,184,44,173
johnsra05,2009,1,SFN,22,17,288,4.88,97,31,86
johnsro07,2012,1,NYN,1,0,3,0.0,0,0,1
johnsro07,2013,1,SLN,1,0,1,0.0,0,0,1
johnsry01,2025,1,LAA,14,0,44,7.36,24,5,16
johnsse01,2024,1,PHI,1,1,7,34.71,8,3,0
johnsse01,2025,1,PHI,10,0,38,4.26,11,4,17
johnsst02,2012,1,BAL,12,4,115,2.11,23,18,46
johnsst02,2013,1,BAL,9,1,47,7.47,14,13,20
johnsst02,2015,1,BAL,6,0,16,10.13,8,5,3
johnsst02,2016,1,SEA,16,0,50,4.32,13,11,17
johnsty01,2005,1,SLN,5,0,8,0.0,3,3,4
johnsty01,2006,1,SLN,56,0,109,4.95,33,23,37
johnsty01,2007,1,SLN,55,0,114,4.03,31,16,24
jokiser01,2014,1,CHN,4,1,43,1.88,18,4,10
jonesbo03,2000,1,NYN,27,27,464,5.06,171,49,85
jonesbo03,2001,1,SDN,33,33,585,5.12,250,38,113
jonesbo03,2002,1,SDN,19,18,324,5.5,134,21,60
jonesbo04,2000,1,NYN,11,1,65,4.15,18,14,20
jonesbo04,2002,1,NYN,12,0,51,5.29,20,11,11
jonesbo04,2002,2,SDN,4,2,29,6.52,10,7,7
jonesbo04,2004,1,BOS,3,0,10,5.4,3,8,3
jonesda07,2021,1,PHI,1,0,1,0.0,1,2,0
jonesda07,2022,1,PHI,4,0,14,9.64,4,5,5
jonesdo01,2000,1,ATH,54,0,220,3.93,86,18,54
jonesga02,2015,1,NYA,1,0,2,0.0,0,1,0
jonesgr01,2003,1,LAA,18,0,83,4.88,29,14,28
jonesgr01,2005,1,LAA,6,0,16,6.75,7,2,6
jonesgr01,2006,1,LAA,5,0,18,6.0,8,2,1
jonesgr01,2007,1,LAA,9,0,26,6.23,10,5,5
joneshu01,2009,1,BOS,11,0,38,9.24,16,7,9
joneshu01,2010,1,MIA,3,0,5,0.0,0,1,3
jonesja09,2024,1,PIT,22,22,365,4.14,106,39,132
jonesma02,2000,1,ATH,1,1,7,15.43,5,3,1
jonesna01,2012,1,CHA,65,0,215,2.39,67,32,65
jonesna01,2013,1,CHA,70,0,234,4.15,69,26,89
jonesna01,2014,1,CHA,2,0,0,,2,3,0
jonesna01,2015,1,CHA,19,0,57,3.32,12,6,27
jonesna01,2016,1,CHA,71,0,212,2.29,48,15,80
jonesna01,2017,1,CHA,11,0,35,2.31,9,6,15
jonesna01,2018,1,CHA,33,0,90,3.0,28,15,32
jonesna01,2019,1,CHA,13,0,31,3.48,10,7,10
jonesna01,2020,1,CIN,21,0,56,6.27,25,6,23
jonesna01,2021,1,ATL,12,0,31,3.48,8,10,7
jonesna01,2021,2,LAN,8,0,26,8.31,8,2,7
jonesto02,2000,1,DET,67,0,192,3.52,67,25,67
jonesto02,2001,1,DET,45,0,146,4.62,60,22,39
jonesto02,2001,2,MIN,24,0,58,3.26,27,7,15
jonesto02,2002,1,COL,79,0,247,4.7,84,28,73
jonesto02,2003,1,COL,33,1,118,8.24,61,18,28
jonesto02,2003,2,BOS,26,0,88,5.52,32,13,31
jonesto02,2004,1,CIN,51,0,171,3.79,49,25,37
jonesto02,2004,2,PHI,27,0,76,4.97,35,8,22
jonesto02,2005,1,MIA,68,0,219,2.1,61,14,62
jonesto02,2006,1,DET,62,0,192,3.94,70,11,28
jonesto02,2007,1,DET,63,0,184,4.26,64,23,33
jonesto02,2008,1,DET,45,0,125,4.97,50,18,14
jordata01,2013,1,WAS,9,9,155,3.66,59,11,29
jordata01,2014,1,WAS,5,5,77,5.61,34,8,17
jordata01,2015,1,WAS,4,1,51,5.29,20,6,11
jorgefe01,2017,1,MIN,2,2,23,10.57,14,2,4
josepca01,2019,1,ARI,2,0,4,0.0,0,0,0
josepdo01,2013,1,KCA,6,0,17,0.0,4,4,7
josepdo01,2014,1,KCA,1,0,2,81.0,5,1,2
josepke01,2002,1,SLN,11,0,33,4.91,16,6,2
journji01,2003,1,SLN,7,0,27,6.0,10,11,8
journji01,2005,1,SLN,5,0,13,10.38,6,5,5
joycebe01,2023,1,LAA,12,0,30,5.4,9,9,10
joycebe01,2024,1,LAA,31,1,104,2.08,26,14,33
joycebe01,2025,1,LAA,5,0,13,6.23,5,1,1
juddmi01,2000,1,LAN,1,1,12,15.75,4,3,5
juddmi01,2001,1,TB,8,2,60,4.05,19,10,11
juddmi01,2001,2,TEX,4,1,27,8.0,15,5,5
judyjo01,2011,1,CLE,12,0,42,7.07,18,4,10
juliojo01,2001,1,BAL,18,0,64,3.8,25,9,22
juliojo01,2002,1,BAL,67,0,204,1.99,55,27,55
juliojo01,2003,1,BAL,64,0,185,4.38,60,34,52
juliojo01,2004,1,BAL,65,0,207,4.57,59,39,70
juliojo01,2005,1,BAL,67,0,215,5.9,76,24,58
juliojo01,2006,1,NYN,18,0,64,5.06,21,10,33
juliojo01,2006,2,ARI,44,0,134,3.83,31,25,55
juliojo01,2007,1,MIA,10,0,28,12.54,18,11,6
juliojo01,2007,2,COL,58,0,158,3.93,50,20,50
juliojo01,2008,1,CLE,15,0,53,5.6,18,11,15
juliojo01,2008,2,ATL,12,0,37,0.73,9,8,19
juliojo01,2009,1,MIL,15,0,52,7.79,15,15,13
jungeer01,2002,1,PHI,4,1,38,1.42,14,5,11
jungeer01,2003,1,PHI,6,0,23,3.52,5,1,5
jungmta01,2015,1,MIL,21,21,358,3.77,106,47,107
jungmta01,2016,1,MIL,8,6,80,7.76,30,17,18
jungmta01,2017,1,MIL,1,0,2,13.5,2,1,1
junisja01,2017,1,KCA,20,16,295,4.3,101,25,80
junisja01,2018,1,KCA,30,30,531,4.37,182,43,164
junisja01,2019,1,KCA,31,31,526,5.24,192,58,164
junisja01,2020,1,KCA,8,6,76,6.39,35,6,19
junisja01,2021,1,KCA,16,6,118,5.26,43,12,41
junisja01,2022,1,SFN,23,17,336,4.42,120,25,98
junisja01,2023,1,SFN,40,4,258,3.87,90,21,96
junisja01,2024,1,MIL,10,1,78,2.42,20,5,19
junisja01,2024,2,CIN,14,5,123,2.85,29,3,32
junisja01,2025,1,CLE,57,0,200,2.97,64,18,55
junkja01,2021,1,LAA,4,4,49,3.86,20,2,10
junkja01,2022,1,LAA,3,2,25,6.48,10,3,11
junkja01,2023,1,MIL,2,1,22,4.91,8,2,5
junkja01,2024,1,MIL,5,0,24,6.75,16,2,8
junkja01,2024,2,ATH,1,0,0,,6,2,0
junkja01,2025,1,MIA,21,16,330,4.17,112,13,77
juradar01,2018,1,TEX,12,8,164,5.93,66,18,22
juradar01,2019,1,TEX,32,18,367,5.81,148,36,81
juradar01,2020,1,NYN,1,1,12,11.25,9,0,2
jurrjja01,2007,1,DET,7,7,92,4.7,24,11,13
jurrjja01,2008,1,ATL,31,31,565,3.68,188,70,139
jurrjja01,2009,1,ATL,34,34,645,2.6,186,75,152
jurrjja01,2010,1,ATL,20,20,349,4.64,120,42,86
jurrjja01,2011,1,ATL,23,23,456,2.96,142,44,90
jurrjja01,2012,1,ATL,11,10,145,6.89,72,18,19
jurrjja01,2013,1,BAL,2,1,22,4.91,9,1,6
jurrjja01,2014,1,COL,2,2,28,10.61,20,3,9
justiev01,2023,1,COL,9,0,22,8.59,14,8,7
justiev01,2024,1,COL,1,0,1,0.0,0,1,1
kahnlto01,2014,1,COL,54,0,206,4.19,51,31,63
kahnlto01,2015,1,COL,36,0,100,4.86,31,28,39
kahnlto01,2016,1,CHA,29,0,82,2.63,21,20,25
kahnlto01,2017,1,CHA,37,0,108,2.5,28,7,60
kahnlto01,2017,2,NYA,32,0,80,2.7,25,10,36
kahnlto01,2018,1,NYA,24,0,70,6.56,23,15,30
kahnlto01,2019,1,NYA,72,0,184,3.67,45,20,88
kahnlto01,2020,1,NYA,1,0,3,0.0,1,1,3
kahnlto01,2022,1,LAN,13,0,38,2.84,5,3,14
kahnlto01,2023,1,NYA,42,0,122,2.66,26,19,48
kahnlto01,2024,1,NYA,50,0,128,2.11,30,19,46
kahnlto01,2025,1,DET,66,0,189,4.43,51,31,50
kamiesc01,2000,1,CLE,26,0,100,5.67,42,20,29
kamiesc01,2000,2,ATL,26,0,74,5.47,22,22,17
kaminro01,2020,1,SLN,5,0,14,1.93,3,2,3
kaprija01,2020,1,ATH,2,0,11,7.36,4,2,4
kaprija01,2021,1,ATH,24,21,358,4.07,105,41,123
kaprija01,2022,1,ATH,26,26,402,4.23,121,59,98
kaprija01,2023,1,ATH,14,11,183,6.34,66,31,57
karchma01,2000,1,CHN,13,0,44,6.14,19,11,5
karchri01,2023,1,CIN,1,0,3,0.0,0,1,0
karinja01,2019,1,CLE,5,0,16,1.69,3,1,8
karinja01,2020,1,CLE,27,0,81,2.67,14,16,53
karinja01,2021,1,CLE,60,0,166,4.07,35,32,78
karinja01,2022,1,CLE,38,0,117,2.08,22,21,62
karinja01,2023,1,CLE,44,0,117,3.23,24,28,52
karlsc01,2000,1,COL,17,9,197,7.68,95,33,29
karlsc01,2000,2,LAA,6,4,65,6.65,31,12,9
karnsna01,2013,1,WAS,3,3,36,7.5,17,6,11
karnsna01,2014,1,TB,2,2,36,4.5,7,4,13
karnsna01,2015,1,TB,27,26,441,3.67,132,56,145
karnsna01,2016,1,SEA,22,15,283,5.15,95,45,101
karnsna01,2017,1,KCA,9,8,136,4.17,41,13,51
karnsna01,2019,1,BAL,4,2,16,0.0,7,3,5
karnuja01,2001,1,SLN,4,0,15,1.8,6,4,1
karnuja01,2005,1,DET,3,0,5,5.4,2,0,0
karsast01,2000,1,CLE,72,0,230,3.76,79,25,66
karsast01,2001,1,CLE,31,0,130,1.25,29,8,44
karsast01,2001,2,ATL,43,0,134,3.43,44,17,39
karsast01,2002,1,NYA,78,0,265,3.26,87,30,65
karsast01,2004,1,NYA,7,0,20,2.7,5,2,4
karsast01,2005,1,NYA,6,0,18,6.0,10,2,5
karsast01,2005,2,TEX,14,0,47,7.47,26,5,9
karsast01,2006,1,ATH,9,0,28,5.79,13,3,5
karstje01,2006,1,NYA,8,6,128,3.8,40,11,16
karstje01,2007,1,NYA,7,3,44,11.05,27,9,5
karstje01,2008,1,PIT,9,9,154,4.03,56,13,23
karstje01,2009,1,PIT,39,13,324,5.42,115,45,52
karstje01,2010,1,PIT,26,19,368,4.92,146,27,72
karstje01,2011,1,PIT,30,26,487,3.38,163,33,96
karstje01,2012,1,PIT,19,15,272,3.97,89,15,66
kauffka01,2023,1,COL,11,3,105,8.23,42,16,16
kavadni01,2025,1,LAA,1,0,5,0.0,3,1,1
kawakke01,2009,1,ATL,32,25,469,3.86,153,57,105
kawakke01,2010,1,ATL,18,16,262,5.15,98,32,59
kayan01,2019,1,TOR,3,2,42,5.79,15,5,13
kayan01,2020,1,TOR,13,0,63,5.14,22,14,22
kayan01,2021,1,TOR,11,5,101,5.61,38,18,39
kayan01,2022,1,TOR,1,0,6,4.5,2,1,3
kayan01,2023,1,CHN,13,0,34,6.35,12,8,8
kayan01,2023,2,NYN,3,0,10,5.4,1,1,3
kayeju01,2002,1,SEA,3,0,9,12.0,6,1,3
kazmisc01,2004,1,TB,8,7,100,5.67,33,21,41
kazmisc01,2005,1,TB,32,32,558,3.77,172,100,174
kazmisc01,2006,1,TB,24,24,434,3.24,132,52,163
kazmisc01,2007,1,TB,34,34,620,3.48,196,89,239
kazmisc01,2008,1,TB,27,27,457,3.49,123,70,166
kazmisc01,2009,1,TB,20,20,333,5.92,121,50,91
kazmisc01,2009,2,LAA,6,6,109,1.73,28,10,26
kazmisc01,2010,1,LAA,28,28,450,5.94,158,79,93
kazmisc01,2011,1,LAA,1,1,5,27.0,5,2,0
kazmisc01,2013,1,CLE,29,29,474,4.04,162,47,162
kazmisc01,2014,1,ATH,32,32,571,3.55,171,50,164
kazmisc01,2015,1,ATH,18,18,329,2.38,84,35,101
kazmisc01,2015,2,HOU,13,13,220,4.17,78,24,54
kazmisc01,2016,1,LAN,26,26,409,4.56,133,52,134
kazmisc01,2021,1,SFN,5,4,34,6.35,15,6,10
keislra01,2000,1,NYA,4,1,32,11.81,16,8,6
keislra01,2001,1,NYA,10,10,152,6.22,52,34,36
keislra01,2003,1,SDN,2,2,18,12.0,7,7,5
keislra01,2005,1,CIN,24,4,168,6.27,64,28,43
keislra01,2006,1,ATH,11,0,30,4.5,14,2,5
keislra01,2007,1,SLN,4,3,52,5.19,21,5,5
kelake01,2015,1,TEX,68,0,181,2.39,52,18,68
kelake01,2016,1,TEX,35,0,102,6.09,30,17,45
kelake01,2017,1,TEX,39,0,116,2.79,18,17,51
kelake01,2018,1,TEX,38,0,110,3.44,28,14,44
kelake01,2018,2,PIT,16,0,46,2.93,10,5,22
kelake01,2019,1,PIT,32,0,89,2.12,19,11,33
kelake01,2020,1,PIT,3,0,6,4.5,3,1,3
kelake01,2021,1,SDN,12,0,32,5.06,11,3,13
kellebr01,2018,1,KCA,41,20,421,3.08,133,50,96
kellebr01,2019,1,KCA,28,28,496,4.19,154,70,122
kellebr01,2020,1,KCA,9,9,164,2.47,39,17,35
kellebr01,2021,1,KCA,26,26,401,5.39,158,64,120
kellebr01,2022,1,KCA,35,22,419,5.09,153,57,102
kellebr01,2023,1,KCA,11,9,136,4.57,42,45,31
kellebr01,2024,1,CHA,5,2,50,4.86,17,6,13
kellebr01,2024,2,BOS,11,0,74,5.84,31,9,19
kellebr01,2025,1,CHN,68,1,209,2.07,45,22,75
kellekr01,2002,1,DET,1,0,3,27.0,2,3,1
kelleky01,2019,1,MIA,10,0,32,3.38,5,8,11
kelleky01,2020,1,LAA,2,0,7,7.71,3,2,1
kelleky01,2021,1,PIT,32,0,100,6.48,30,22,36
kellemi03,2019,1,PIT,11,11,144,7.13,72,16,65
kellemi03,2020,1,PIT,5,5,65,2.91,9,18,16
kellemi03,2021,1,PIT,23,23,302,6.17,131,49,92
kellemi03,2022,1,PIT,31,29,477,3.91,162,60,138
kellemi03,2023,1,PIT,32,32,583,4.21,187,55,210
kellemi03,2024,1,PIT,31,31,534,4.25,182,50,166
kellemi03,2025,1,PIT,32,32,529,4.19,171,51,150
kellesh01,2009,1,SEA,41,0,138,4.5,45,9,41
kellesh01,2010,1,SEA,22,0,75,3.96,26,12,26
kellesh01,2011,1,SEA,10,0,38,0.0,7,3,10
kellesh01,2012,1,SEA,47,0,133,3.25,43,15,45
kellesh01,2013,1,NYA,57,0,160,4.39,47,23,71
kellesh01,2014,1,NYA,59,0,155,4.53,45,20,67
kellesh01,2015,1,SDN,53,0,154,2.45,41,15,63
kellesh01,2016,1,WAS,67,0,174,2.64,41,11,80
kellesh01,2017,1,WAS,33,0,78,7.27,29,11,25
kellesh01,2018,1,WAS,35,0,97,3.34,26,5,32
kellesh01,2018,2,ATH,19,0,50,2.16,7,6,18
kellesh01,2019,1,TEX,50,0,142,4.94,55,11,43
kelletr01,2019,1,BOS,10,0,25,8.64,9,5,6
kelletr01,2020,1,PHI,4,0,10,10.8,8,1,5
kelletr01,2022,1,MIL,18,0,71,6.08,25,9,23
kelletr01,2023,1,TB,10,3,46,5.87,16,6,11
kellyca01,2012,1,SDN,6,6,87,6.21,39,10,26
kellyca01,2015,1,SDN,3,2,34,7.94,19,3,7
kellyca01,2016,1,ATL,10,1,65,5.82,30,7,7
kellyca01,2018,1,SFN,7,3,71,3.04,28,5,16
kellyca01,2024,1,CIN,2,0,16,5.06,5,1,4
kellyca01,2025,1,ARI,2,0,5,0.0,1,1,0
kellyca02,2020,1,ARI,1,0,3,0.0,1,0,0
kellyca02,2022,1,ARI,4,0,14,7.71,9,2,0
kellyca02,2023,1,ARI,2,0,6,9.0,5,1,0
kellyca02,2023,2,DET,1,0,2,13.5,4,0,1
kellydo01,2011,1,DET,1,0,1,0.0,0,0,0
kellyjo05,2012,1,SLN,24,16,321,3.53,112,36,75
kellyjo05,2013,1,SLN,37,15,372,2.69,124,44,79
kellyjo05,2014,1,SLN,7,7,105,4.37,41,10,25
kellyjo05,2014,2,BOS,10,10,184,4.11,47,32,41
kellyjo05,2015,1,BOS,25,25,403,4.82,145,49,110
kellyjo05,2016,1,BOS,20,6,120,5.18,44,24,48
kellyjo05,2017,1,BOS,54,0,174,2.79,42,27,52
kellyjo05,2018,1,BOS,73,0,197,4.39,57,32,68
kellyjo05,2019,1,LAN,55,0,154,4.56,49,22,62
kellyjo05,2020,1,LAN,12,1,30,1.8,8,7,9
kellyjo05,2021,1,LAN,48,0,132,2.86,28,15,50
kellyjo05,2022,1,CHA,43,1,111,6.08,36,23,53
kellyjo05,2023,1,CHA,31,0,87,4.97,26,12,41
kellyjo05,2023,2,LAN,11,0,31,1.74,3,6,19
kellyjo05,2024,1,LAN,35,0,96,4.78,31,16,35
kellyke02,2023,1,TB,57,0,201,3.09,53,15,56
kellyke02,2024,1,TB,68,0,212,2.67,59,9,63
kellyke02,2025,1,TB,41,0,119,5.9,45,9,35
kellyme01,2019,1,ARI,32,32,550,4.42,184,57,158
kellyme01,2020,1,ARI,5,5,94,2.59,26,5,29
kellyme01,2021,1,ARI,27,27,474,4.44,163,41,130
kellyme01,2022,1,ARI,33,33,601,3.37,167,61,177
kellyme01,2023,1,ARI,30,30,533,3.29,143,69,187
kellyme01,2024,1,ARI,13,13,221,4.03,67,19,63
kellyme01,2025,1,ARI,22,22,386,3.22,98,38,121
kellyme01,2025,2,TEX,10,10,166,4.23,59,10,46
kellymi03,2022,1,PHI,4,0,12,2.25,3,1,4
kellymi03,2023,1,CLE,14,0,50,3.78,13,9,16
kellymi03,2024,1,ATH,28,0,94,2.59,27,10,22
kellymi03,2025,1,ATH,42,0,119,3.18,32,19,29
kellyry01,2015,1,ATL,17,0,50,7.02,21,6,10
kellyza01,2022,1,BOS,13,0,41,3.95,14,4,11
kellyza01,2023,1,BOS,8,0,28,3.86,7,8,6
kellyza01,2024,1,BOS,49,3,170,3.97,44,27,61
kellyza01,2025,1,BOS,28,0,106,4.58,35,12,35
kendrky01,2007,1,PHI,20,20,363,3.87,129,25,49
kendrky01,2008,1,PHI,31,30,467,5.49,194,57,68
kendrky01,2009,1,PHI,9,2,79,3.42,27,9,15
kendrky01,2010,1,PHI,33,31,542,4.73,199,49,84
kendrky01,2011,1,PHI,34,15,344,3.22,110,30,59
kendrky01,2012,1,PHI,37,25,478,3.9,154,49,116
kendrky01,2013,1,PHI,30,30,546,4.7,207,47,110
kendrky01,2014,1,PHI,32,32,597,4.61,214,57,121
kendrky01,2015,1,COL,27,27,427,6.32,172,45,80
kendrky01,2017,1,BOS,2,2,25,12.96,18,3,3
kennebr02,2018,1,SDN,6,6,80,6.75,36,12,18
kennebr02,2023,1,CIN,5,2,54,6.5,19,7,9
kenneia01,2007,1,NYA,3,3,57,1.89,13,9,15
kenneia01,2008,1,NYA,10,9,119,8.17,50,26,27
kenneia01,2009,1,NYA,1,0,3,0.0,0,2,1
kenneia01,2010,1,ARI,32,32,582,3.8,163,70,168
kenneia01,2011,1,ARI,33,33,666,2.88,186,55,198
kenneia01,2012,1,ARI,33,33,625,4.02,216,55,187
kenneia01,2013,1,ARI,21,21,372,5.23,128,48,108
kenneia01,2013,2,SDN,10,10,172,4.24,52,25,55
kenneia01,2014,1,SDN,33,33,603,3.63,189,70,207
kenneia01,2015,1,SDN,30,30,505,4.28,166,52,174
kenneia01,2016,1,KCA,33,33,587,3.68,173,66,184
kenneia01,2017,1,KCA,30,30,462,5.38,143,61,131
kenneia01,2018,1,KCA,22,22,359,4.66,125,40,105
kenneia01,2019,1,KCA,63,0,190,3.41,64,17,73
kenneia01,2020,1,KCA,15,1,42,9.0,20,5,15
kenneia01,2021,1,TEX,32,0,97,2.51,27,7,35
kenneia01,2021,2,PHI,23,0,72,4.13,18,10,27
kenneia01,2022,1,ARI,57,0,151,5.36,57,22,44
kenneia01,2023,1,TEX,16,0,49,7.16,16,7,21
kennejo04,2001,1,TB,20,20,353,4.44,122,34,78
kennejo04,2002,1,TB,30,30,590,4.53,204,55,109
kennejo04,2003,1,TB,32,22,401,6.13,167,47,77
kennejo04,2004,1,COL,27,27,487,3.66,163,67,117
kennejo04,2005,1,COL,16,16,276,7.04,128,44,52
kennejo04,2005,2,ATH,19,8,182,4.45,64,20,45
kennejo04,2006,1,ATH,39,0,105,2.31,34,13,29
kennejo04,2007,1,ATH,27,16,303,4.37,109,48,42
kennejo04,2007,2,ARI,3,0,8,20.25,4,2,1
kennejo04,2007,3,TOR,9,0,21,5.14,6,5,8
kensilo01,2004,1,MIA,5,3,41,9.88,19,9,7
kensilo01,2005,1,MIA,3,0,17,11.12,11,3,4
kensilo01,2006,1,MIA,37,0,113,4.54,30,19,45
kensilo01,2007,1,MIA,9,0,40,1.35,11,7,13
kensilo01,2008,1,MIA,48,0,166,4.23,50,33,55
kensilo01,2009,1,MIA,6,0,22,9.82,14,5,7
kensilo01,2009,2,WAS,26,0,84,8.68,40,12,12
kensilo01,2013,1,COL,1,0,2,0.0,0,1,1
kensilo01,2015,1,SEA,19,0,46,5.87,12,7,13
kensilo01,2016,1,DET,3,0,14,1.93,8,2,1
kentst01,2002,1,TB,34,0,172,5.65,67,38,41
kentza01,2025,1,CLE,12,0,53,4.58,17,8,16
keppebo01,2006,1,KCA,8,6,103,5.5,45,15,20
keppebo01,2007,1,COL,4,0,12,11.25,6,3,1
keppebo01,2009,1,MIN,37,0,162,4.83,63,21,32
kerkeor01,2023,1,PHI,3,0,9,3.0,3,2,6
kerkeor01,2024,1,PHI,64,2,189,2.29,51,17,74
kerkeor01,2025,1,PHI,69,0,180,3.3,55,27,65
kerrra01,2022,1,SDN,7,0,15,9.0,3,4,3
kerrra01,2023,1,SDN,22,0,81,4.33,25,9,35
kerrra01,2024,1,ATL,10,2,67,5.64,29,7,27
kershcl01,2008,1,LAN,22,21,323,4.26,109,52,100
kershcl01,2009,1,LAN,31,30,513,2.79,119,91,185
kershcl01,2010,1,LAN,32,32,613,2.91,160,81,212
kershcl01,2011,1,LAN,33,33,700,2.28,174,54,248
kershcl01,2012,1,LAN,33,33,683,2.53,170,63,229
kershcl01,2013,1,LAN,33,33,708,1.83,164,52,232
kershcl01,2014,1,LAN,27,27,595,1.77,139,31,239
kershcl01,2015,1,LAN,33,33,698,2.13,163,42,301
kershcl01,2016,1,LAN,21,21,447,1.69,97,11,172
kershcl01,2017,1,LAN,27,27,525,2.31,136,30,202
kershcl01,2018,1,LAN,26,26,484,2.73,139,29,155
kershcl01,2019,1,LAN,29,28,535,3.03,145,41,189
kershcl01,2020,1,LAN,10,10,175,2.16,41,8,62
kershcl01,2021,1,LAN,22,22,365,3.55,103,21,144
kershcl01,2022,1,LAN,22,22,379,2.28,96,23,137
kershcl01,2023,1,LAN,24,24,395,2.46,100,40,137
kershcl01,2024,1,LAN,7,7,90,4.5,36,9,24
kershcl01,2025,1,LAN,23,22,338,3.36,102,35,84
kershja01,2002,1,SDN,15,0,56,5.79,15,10,11
kershja01,2002,2,TOR,10,0,16,1.69,5,4,7
kershja01,2003,1,TOR,40,0,162,3.17,43,15,32
kershja01,2004,1,TOR,24,2,67,6.04,30,8,15
kessigr01,2024,1,HOU,1,0,3,0.0,0,0,0
keuchda01,2012,1,HOU,16,16,256,5.27,93,39,38
keuchda01,2013,1,HOU,31,22,461,5.15,184,52,123
keuchda01,2014,1,HOU,29,29,600,2.93,187,48,146
keuchda01,2015,1,HOU,33,33,696,2.48,185,51,216
keuchda01,2016,1,HOU,26,26,504,4.55,168,48,144
keuchda01,2017,1,HOU,23,23,437,2.9,116,47,125
keuchda01,2018,1,HOU,34,34,614,3.74,211,58,153
keuchda01,2019,1,ATL,19,19,338,3.75,115,39,91
keuchda01,2020,1,CHA,11,11,190,1.99,52,17,42
keuchda01,2021,1,CHA,32,30,486,5.28,189,59,95
keuchda01,2022,1,CHA,8,8,96,7.88,49,20,20
keuchda01,2022,2,ARI,4,4,56,9.64,27,7,18
keuchda01,2022,3,TEX,2,2,30,12.6,18,4,7
keuchda01,2023,1,MIN,10,6,113,5.97,45,18,25
keuchda01,2024,1,MIL,4,4,50,5.4,23,8,11
kickhmi01,2013,1,SFN,12,3,85,10.16,46,10,29
kickhmi01,2014,1,SFN,2,0,6,22.5,8,1,1
kickhmi01,2020,1,BOS,6,2,42,7.71,21,5,17
kickhmi01,2021,1,LAN,1,0,6,13.5,5,1,2
kidama01,2000,1,DET,2,0,8,10.13,5,0,0
kidama01,2003,1,LAN,3,2,36,3.0,15,3,8
kidama01,2004,1,LAN,3,0,14,0.0,4,1,5
kidama01,2004,2,SEA,7,0,29,8.38,15,5,5
kidama01,2005,1,SEA,1,0,6,4.5,2,0,0
kiekhde01,2016,1,SLN,26,0,66,5.32,24,7,14
kiekhde01,2018,1,ATH,4,0,6,18.0,7,1,1
kiescbr01,2003,1,MIL,42,0,159,5.26,66,13,39
kiescbr01,2004,1,MIL,32,0,129,3.77,44,13,28
kikucyu01,2019,1,SEA,32,32,485,5.46,195,50,116
kikucyu01,2020,1,SEA,9,9,141,5.17,41,20,47
kikucyu01,2021,1,SEA,29,29,471,4.41,145,62,163
kikucyu01,2022,1,TOR,32,20,302,5.19,93,58,124
kikucyu01,2023,1,TOR,32,32,503,3.86,165,48,181
kikucyu01,2024,1,TOR,22,22,347,4.75,125,30,130
kikucyu01,2024,2,HOU,10,10,180,2.7,42,14,76
kikucyu01,2025,1,LAA,33,33,535,3.99,180,74,174
kilbybr01,2009,1,ATH,11,1,51,0.53,10,4,20
kilbybr01,2010,1,ATH,5,0,25,2.16,7,0,8
kileda01,2000,1,SLN,34,34,697,3.91,215,58,192
kileda01,2001,1,SLN,34,34,682,3.09,228,65,179
kileda01,2002,1,SLN,14,14,254,3.72,82,28,50
kiliaca01,2022,1,CHN,3,3,34,10.32,11,12,9
kiliaca01,2023,1,CHN,3,1,16,16.88,13,2,5
kiliaca01,2024,1,CHN,2,1,32,4.22,11,6,7
kilomfr01,2020,1,NYN,4,0,34,11.12,14,9,13
kimbaco01,2011,1,WAS,12,0,42,1.93,8,11,11
kimbrcr01,2010,1,ATL,21,0,62,0.44,9,16,40
kimbrcr01,2011,1,ATL,79,0,231,2.1,48,32,127
kimbrcr01,2012,1,ATL,63,0,188,1.01,27,14,116
kimbrcr01,2013,1,ATL,68,0,201,1.21,39,20,98
kimbrcr01,2014,1,ATL,63,0,185,1.61,30,26,95
kimbrcr01,2015,1,SDN,61,0,178,2.58,40,22,87
kimbrcr01,2016,1,BOS,57,0,159,3.4,28,30,83
kimbrcr01,2017,1,BOS,67,0,207,1.43,33,14,126
kimbrcr01,2018,1,BOS,63,0,187,2.74,31,31,96
kimbrcr01,2019,1,CHN,23,0,62,6.53,21,12,30
kimbrcr01,2020,1,CHN,18,0,46,5.28,10,12,28
kimbrcr01,2021,1,CHN,39,0,110,0.49,13,13,64
kimbrcr01,2021,2,CHA,24,0,69,5.09,18,10,36
kimbrcr01,2022,1,LAN,63,0,180,3.75,51,28,72
kimbrcr01,2023,1,PHI,71,0,207,3.26,44,28,94
kimbrcr01,2024,1,BAL,57,0,157,5.33,40,31,73
kimbrcr01,2025,1,ATL,1,0,3,0.0,1,1,1
kimbrcr01,2025,2,HOU,13,0,33,2.45,9,6,16
kimby01,2000,1,ARI,61,1,212,4.46,52,46,111
kimby01,2001,1,ARI,78,0,294,2.94,58,44,113
kimby01,2002,1,ARI,72,0,252,2.04,64,26,92
kimby01,2003,1,ARI,7,7,129,3.56,34,15,33
kimby01,2003,2,BOS,49,5,238,3.18,70,18,69
kimby01,2004,1,BOS,7,3,52,6.23,17,7,6
kimby01,2005,1,COL,40,22,444,4.86,156,71,115
kimby01,2006,1,COL,27,27,465,5.57,179,61,129
kimby01,2007,1,COL,3,1,18,10.5,6,4,2
kimby01,2007,2,MIA,14,13,227,4.16,65,53,68
kimby01,2007,3,ARI,2,2,8,23.63,11,2,3
kimby01,2007,4,MIA,9,6,102,8.21,49,9,34
kimkw01,2020,1,SLN,8,7,117,1.62,28,12,24
kimkw01,2021,1,SLN,27,21,320,3.46,98,39,80
kimsu01,2001,1,BOS,20,2,125,5.83,54,21,27
kimsu01,2002,1,BOS,15,2,87,7.45,34,7,18
kimsu01,2002,2,WAS,4,3,61,0.89,18,7,11
kimsu01,2003,1,WAS,4,3,42,8.36,24,8,5
kimsu01,2004,1,WAS,43,17,407,4.58,145,55,87
kimsu01,2005,1,WAS,12,2,88,6.14,41,8,17
kimsu01,2005,2,COL,12,8,160,4.22,56,13,38
kimsu01,2006,1,COL,6,0,21,19.29,17,8,4
kimsu01,2006,2,CIN,2,1,20,5.4,7,0,4
kineris01,2023,1,NYA,4,0,12,2.25,4,0,1
kineris01,2024,1,TOR,2,0,6,4.5,1,2,0
kineris01,2025,2,TOR,1,0,2,0.0,0,0,0
kingbr01,2024,1,HOU,28,0,79,2.39,20,10,32
kingbr01,2025,1,HOU,68,0,204,2.78,60,11,69
kingesc01,2018,1,PHI,1,0,4,13.5,4,0,0
kingesc01,2025,1,LAA,1,0,6,36.0,12,0,1
kinghni01,2018,1,PIT,18,15,228,5.21,79,26,69
kinghni01,2019,1,PIT,14,4,104,9.87,54,17,32
kinghni01,2019,2,TOR,11,0,63,3.0,24,8,14
kingjo01,2020,1,TEX,6,0,31,6.1,13,4,9
kingjo01,2021,1,TEX,27,0,138,3.52,41,12,40
kingjo01,2022,1,TEX,39,0,154,4.03,61,14,30
kingjo01,2023,1,TEX,15,0,56,5.79,26,4,10
kingjo01,2023,2,SLN,20,0,56,1.45,19,6,10
kingjo01,2024,1,SLN,56,0,180,2.85,58,14,38
kingjo01,2025,1,SLN,51,0,145,4.66,65,14,28
kingmi01,2019,1,NYA,1,0,6,0.0,2,0,1
kingmi01,2020,1,NYA,9,4,80,7.76,30,11,26
kingmi01,2021,1,NYA,22,6,190,3.55,57,24,62
kingmi01,2022,1,NYA,34,0,153,2.29,35,16,66
kingmi01,2023,1,NYA,49,9,314,2.75,88,32,127
kingmi01,2024,1,SDN,31,30,521,2.95,144,63,201
kingmi01,2025,1,SDN,15,15,220,3.44,62,26,76
kingra01,2000,1,MIL,36,0,86,1.26,18,10,19
kingra01,2001,1,MIL,82,0,165,3.6,49,25,49
kingra01,2002,1,MIL,76,0,195,3.05,61,24,50
kingra01,2003,1,ATL,80,0,177,3.51,46,27,43
kingra01,2004,1,SLN,86,0,186,2.61,43,24,40
kingra01,2005,1,SLN,77,0,120,3.38,46,16,23
kingra01,2006,1,COL,67,0,134,4.43,56,20,23
kingra01,2007,1,WAS,55,0,101,4.54,31,18,18
kingra01,2007,2,MIL,12,0,18,6.0,6,3,7
kingra01,2008,1,WAS,12,0,19,5.68,9,4,1
kinlety01,2018,1,MIN,4,0,10,24.3,9,4,4
kinlety01,2018,2,MIA,9,0,23,7.04,6,4,9
kinlety01,2019,1,MIA,52,0,148,3.65,43,36,46
kinlety01,2020,1,COL,24,0,71,5.32,13,12,26
kinlety01,2021,1,COL,70,0,211,4.73,59,26,68
kinlety01,2022,1,COL,25,0,72,0.75,21,6,27
kinlety01,2023,1,COL,18,0,49,6.06,21,6,17
kinlety01,2024,1,COL,67,0,192,6.19,61,33,72
kinlety01,2025,1,COL,49,0,143,5.66,42,27,51
kinlety01,2025,2,ATL,24,0,75,0.72,11,6,22
kinnejo01,2006,1,SLN,21,0,75,3.24,17,8,22
kinnejo01,2008,1,SLN,7,0,21,0.0,3,1,8
kinnejo01,2009,1,SLN,17,0,46,8.8,23,11,8
kinnejo01,2011,1,CHA,13,0,53,6.62,23,7,20
kinnejo01,2012,1,SEA,35,0,96,3.94,24,15,36
kinnema01,2000,1,MIN,8,8,127,5.1,41,25,24
kinnema01,2002,1,MIN,14,12,198,4.64,78,33,45
kinnema01,2003,1,MIL,33,31,572,5.19,201,80,152
kinnema01,2004,1,MIL,32,6,187,5.78,77,23,52
kinnema01,2004,2,KCA,11,0,49,7.16,27,7,21
kinnema01,2005,1,SFN,5,1,36,6.0,18,6,3
kinslia01,2019,1,SDN,1,0,3,0.0,1,2,0
kintzbr01,2010,1,MIL,7,0,22,7.36,10,4,9
kintzbr01,2011,1,MIL,9,0,44,3.68,14,3,15
kintzbr01,2012,1,MIL,14,0,50,3.78,18,7,14
kintzbr01,2013,1,MIL,71,0,231,2.69,66,16,58
kintzbr01,2014,1,MIL,64,0,175,3.24,62,16,31
kintzbr01,2015,1,MIL,7,0,21,6.43,12,5,7
kintzbr01,2016,1,MIN,54,0,163,3.15,59,8,35
kintzbr01,2017,1,MIN,45,0,136,2.78,41,11,27
kintzbr01,2017,2,WAS,27,0,78,3.46,25,5,12
kintzbr01,2018,1,WAS,45,0,128,3.59,40,13,31
kintzbr01,2018,2,CHN,25,0,54,7.0,27,9,12
kintzbr01,2019,1,CHN,62,0,171,2.68,45,13,48
kintzbr01,2020,1,MIA,24,0,73,2.22,21,11,14
kintzbr01,2021,1,PHI,29,1,89,6.37,45,8,22
kirbyge01,2022,1,SEA,25,25,390,3.39,135,22,133
kirbyge01,2023,1,SEA,31,31,572,3.35,179,19,172
kirbyge01,2024,1,SEA,33,33,573,3.53,181,23,179
kirbyge01,2025,1,SEA,23,23,378,4.21,121,29,137
kirkmmi01,2010,1,TEX,14,0,49,1.65,9,10,16
kirkmmi01,2011,1,TEX,15,0,82,6.59,26,12,21
kirkmmi01,2012,1,TEX,28,0,106,3.82,24,17,38
kirkmmi01,2013,1,TEX,25,0,66,8.18,36,15,25
kirkmmi01,2014,1,TEX,12,0,17,1.59,5,1,3
kirkmmi01,2016,1,SDN,1,0,4,27.0,6,0,0
kirkmmi01,2016,2,MIL,1,0,3,9.0,1,1,1
kitchau01,2024,1,MIA,4,1,21,14.14,16,3,4
kittran01,2017,1,TB,15,0,46,1.76,13,6,14
kittran01,2018,1,TB,33,3,115,7.75,54,17,30
kittran01,2019,1,TB,37,7,149,4.17,51,12,58
kittran01,2020,1,TB,8,1,24,2.25,8,2,3
kittran01,2021,1,TB,57,4,215,1.88,55,15,77
kittran01,2022,1,TB,17,0,60,3.15,15,2,14
kittran01,2023,1,TB,14,0,35,3.09,12,2,10
kittran01,2024,1,SLN,74,0,212,2.8,60,20,67
kittran01,2025,1,BAL,31,0,94,3.45,26,8,32
kittran01,2025,2,CHN,23,0,65,3.32,15,3,32
kleinph01,2014,1,TEX,17,0,57,2.84,11,10,23
kleinph01,2015,1,TEX,11,2,52,6.75,23,10,12
kleinph01,2016,1,TEX,8,0,26,5.19,8,2,12
kleinph01,2016,2,PHI,4,2,32,8.44,15,7,7
kleinwi01,2024,1,KCA,5,0,17,6.35,10,2,6
kleinwi01,2024,2,ATH,3,0,5,27.0,2,4,1
kleinwi01,2025,1,LAN,14,0,46,2.35,14,10,21
klinebr01,2019,1,BAL,34,0,123,5.93,44,19,34
klinebr01,2020,1,BAL,3,0,15,1.8,2,3,7
klinest02,2000,1,WAS,83,0,247,3.5,88,27,64
klinest02,2001,1,SLN,89,0,225,1.8,53,29,54
klinest02,2002,1,SLN,66,0,175,3.39,54,21,41
klinest02,2003,1,SLN,78,0,191,3.82,56,30,31
klinest02,2004,1,SLN,67,0,151,1.79,37,17,35
klinest02,2005,1,BAL,67,0,183,4.28,59,30,36
klinest02,2006,1,SFN,72,0,155,3.66,53,26,33
klinest02,2007,1,SFN,68,0,138,4.7,58,18,17
kloboga01,2021,1,WAS,11,0,34,5.56,13,5,5
kloffad01,2024,1,SLN,1,0,3,0.0,0,0,0
klubeco01,2011,1,CLE,3,0,13,8.31,6,3,5
klubeco01,2012,1,CLE,12,12,189,5.14,76,18,54
klubeco01,2013,1,CLE,26,24,442,3.85,153,33,136
klubeco01,2014,1,CLE,34,34,707,2.44,207,51,269
klubeco01,2015,1,CLE,32,32,666,3.49,189,45,245
klubeco01,2016,1,CLE,32,32,645,3.14,170,57,227
klubeco01,2017,1,CLE,29,29,611,2.25,141,36,265
klubeco01,2018,1,CLE,33,33,645,2.89,179,34,222
klubeco01,2019,1,CLE,7,7,107,5.8,44,15,38
klubeco01,2020,1,TEX,1,1,3,0.0,0,1,1
klubeco01,2021,1,NYA,16,16,240,3.83,74,33,82
klubeco01,2022,1,TB,31,31,492,4.34,178,21,139
klubeco01,2023,1,BOS,15,9,165,7.04,69,21,42
knackla01,2024,1,LAN,15,12,207,3.65,58,18,69
knackla01,2025,1,LAN,10,7,127,4.89,40,19,42
knappan01,2021,1,PHI,1,0,1,0.0,0,0,0
knebeco01,2014,1,DET,8,0,26,6.23,11,3,11
knebeco01,2015,1,MIL,48,0,151,3.22,44,17,58
knebeco01,2016,1,MIL,35,0,98,4.68,32,16,38
knebeco01,2017,1,MIL,76,0,228,1.78,48,40,126
knebeco01,2018,1,MIL,57,0,166,3.58,38,22,88
knebeco01,2020,1,MIL,15,0,40,6.08,15,8,15
knebeco01,2021,1,LAN,27,4,77,2.45,16,9,30
knebeco01,2022,1,PHI,46,0,134,3.43,33,28,41
knehrre01,2021,1,SDN,12,5,87,4.97,23,20,20
knehrre01,2022,1,SDN,5,1,41,3.95,11,4,10
knehrre01,2023,1,SDN,4,1,17,15.88,10,5,4
knighbr01,2001,1,NYA,4,0,32,10.13,18,3,7
knighbr01,2002,1,NYA,7,0,26,11.42,11,5,7
knighbr01,2008,1,NYN,4,2,36,5.25,14,7,10
knighdu01,2021,1,BAL,7,0,26,9.35,11,5,11
knighdu01,2022,1,TB,6,0,33,5.73,11,4,9
kniznan01,2022,1,SLN,1,0,2,0.0,1,0,0
kniznan01,2024,1,TEX,2,0,9,0.0,1,2,0
knotter01,2001,1,ARI,3,1,14,1.93,8,0,4
knotter01,2003,1,WAS,13,1,58,5.12,23,6,17
knottga01,2001,1,MIA,2,1,18,6.0,7,1,9
knottga01,2002,1,MIA,28,0,92,4.4,21,16,21
knottga01,2003,1,DET,20,18,286,6.04,111,47,51
knottga01,2004,1,DET,36,19,406,5.25,142,58,81
knudsgu01,2015,1,DET,4,0,15,18.0,13,3,6
kobayma01,2008,1,CLE,57,0,167,4.53,65,14,35
kobayma01,2009,1,CLE,10,0,29,8.38,12,4,4
kochaja01,2024,1,LAA,11,11,196,3.99,68,10,25
kochaja01,2025,1,LAA,23,23,333,6.81,136,58,72
kochbi01,2000,1,TOR,68,0,236,2.63,78,18,60
kochbi01,2001,1,TOR,69,0,208,4.8,69,33,55
kochbi01,2002,1,ATH,84,0,281,3.27,73,46,93
kochbi01,2003,1,CHA,55,0,159,5.77,59,28,42
kochbi01,2004,1,CHA,24,0,70,5.4,24,16,25
kochbi01,2004,2,MIA,23,0,77,3.51,21,20,25
kochma01,2016,1,ARI,7,2,54,2.0,9,4,10
kochma01,2017,1,ARI,1,0,0,,2,1,0
kochma01,2018,1,ARI,19,14,260,4.15,88,22,50
kochma01,2019,1,ARI,9,0,62,9.15,29,4,9
kochma01,2022,1,SEA,4,0,13,8.31,5,1,3
kochma01,2023,1,COL,39,1,116,5.12,41,9,27
kochma01,2024,1,COL,2,0,1,81.0,3,1,0
koehlto01,2012,1,MIA,8,1,40,5.4,15,2,13
koehlto01,2013,1,MIA,29,23,429,4.41,140,54,92
koehlto01,2014,1,MIA,32,32,574,3.81,177,71,153
koehlto01,2015,1,MIA,32,31,562,4.08,180,77,137
koehlto01,2016,1,MIA,33,33,530,4.33,176,83,147
koehlto01,2017,1,MIA,12,12,167,7.92,67,29,44
koehlto01,2017,2,TOR,15,1,51,2.65,16,6,18
koenija01,2022,1,ATH,10,5,118,5.72,40,15,22
koenija01,2024,1,MIL,55,6,186,2.47,54,23,63
koenija01,2025,1,MIL,72,0,198,2.86,57,20,68
koernbr01,2021,1,NYA,2,0,9,3.0,2,2,1
kohlmry01,2000,1,BAL,25,0,79,2.39,30,15,17
kohlmry01,2001,1,BAL,34,1,122,7.3,48,19,29
kohnmi01,2010,1,LAA,24,0,64,2.11,17,16,20
kohnmi01,2011,1,LAA,14,0,37,7.3,14,9,9
kohnmi01,2013,1,LAA,63,0,159,3.74,42,28,52
kohnmi01,2014,1,LAA,25,0,71,3.04,11,20,26
kohnmi01,2015,1,ATL,6,0,14,0.0,0,6,4
kolarad01,2017,1,TB,12,0,25,6.48,9,4,4
kolarad01,2018,1,TB,31,0,103,3.93,38,5,19
kolarad01,2019,1,TB,54,0,130,3.95,39,14,36
kolarad01,2019,2,LAN,26,0,35,0.77,9,2,9
kolarad01,2020,1,LAN,20,0,57,0.95,11,4,13
kolarad01,2021,1,ATH,12,0,27,8.0,15,5,4
kolarad01,2022,1,ATH,15,0,53,4.58,20,8,9
kolarad01,2023,1,LAN,1,0,4,0.0,1,0,2
kolarad01,2023,2,NYN,4,0,14,0.0,1,1,5
kolbbr01,2000,1,SDN,11,0,42,4.5,16,11,12
kolbbr01,2001,1,MIL,10,0,29,13.03,16,8,8
kolbda01,2000,1,TEX,1,0,2,67.5,5,2,0
kolbda01,2001,1,TEX,17,0,46,4.7,15,10,15
kolbda01,2002,1,TEX,34,0,96,4.22,27,22,20
kolbda01,2003,1,MIL,37,0,124,1.96,34,19,39
kolbda01,2004,1,MIL,64,0,172,2.98,50,15,21
kolbda01,2005,1,ATL,65,0,173,5.93,78,29,39
kolbda01,2006,1,MIL,53,0,145,4.84,53,20,26
kolbda01,2007,1,PIT,3,0,9,9.0,6,2,2
kolekst01,2024,1,SDN,42,0,140,5.21,59,12,39
kolekst01,2025,1,SDN,14,14,239,4.18,78,26,56
kolekst01,2025,2,KCA,5,5,99,1.91,20,5,21
kominsh01,2006,1,ATH,2,2,27,5.0,10,8,1
kominsh01,2007,1,ATH,2,0,23,4.7,6,1,1
komiysa01,2002,1,NYN,25,0,130,5.61,53,12,33
kontoge01,2011,1,NYA,7,0,18,3.0,4,3,6
kontoge01,2012,1,SFN,44,0,131,2.47,34,12,44
kontoge01,2013,1,SFN,52,0,166,4.39,60,18,47
kontoge01,2014,1,SFN,24,0,97,2.78,24,11,27
kontoge01,2015,1,SFN,73,0,220,2.33,57,12,44
kontoge01,2016,1,SFN,57,0,160,2.53,42,20,35
kontoge01,2017,1,SFN,50,0,155,3.83,52,17,55
kontoge01,2017,2,PIT,15,0,44,1.84,9,3,15
kontoge01,2018,1,PIT,21,0,59,5.03,23,5,9
kontoge01,2018,2,CLE,6,0,16,3.38,3,2,4
kontoge01,2018,3,NYA,1,0,5,0.0,1,0,2
kooda01,2005,1,NYN,33,0,69,3.91,22,13,23
kopecmi01,2018,1,CHA,4,4,43,5.02,20,2,15
kopecmi01,2021,1,CHA,44,4,208,3.5,54,24,103
kopecmi01,2022,1,CHA,25,25,358,3.54,85,57,105
kopecmi01,2023,1,CHA,30,27,388,5.43,115,91,134
kopecmi01,2024,1,CHA,43,0,131,4.74,35,24,59
kopecmi01,2024,2,LAN,24,0,72,1.13,9,10,29
kopecmi01,2025,1,LAN,14,0,33,2.45,6,13,12
koplomi01,2001,1,ARI,9,0,30,3.6,8,9,14
koplomi01,2002,1,ARI,55,0,185,3.36,47,23,46
koplomi01,2003,1,ARI,31,0,113,2.15,31,10,27
koplomi01,2004,1,ARI,76,0,260,4.05,86,37,55
koplomi01,2005,1,ARI,44,0,149,5.07,48,20,28
koplomi01,2006,1,ARI,2,0,9,3.0,5,2,1
koplomi01,2007,1,CLE,5,0,18,6.0,6,2,4
korecbo01,2008,1,MIN,16,0,53,4.58,19,8,6
korecbo01,2009,1,ARI,5,0,18,13.5,11,4,3
korecbo01,2012,1,TOR,1,0,3,18.0,1,1,0
korecbo01,2014,1,TOR,2,0,10,8.1,4,1,2
koronjo01,2005,1,CHN,4,3,47,7.47,19,8,10
koronjo01,2006,1,TEX,23,23,375,5.69,145,47,61
koronjo01,2007,1,TEX,2,2,31,7.84,16,5,2
koronjo01,2009,1,MIA,2,2,22,11.05,11,7,4
kossch01,2025,1,SFN,4,0,12,0.0,4,0,0
kowarja01,2021,1,KCA,9,8,91,11.27,43,20,29
kowarja01,2022,1,KCA,7,0,47,9.77,27,11,17
kowarja01,2023,1,KCA,23,0,84,6.43,34,20,29
kowarja01,2025,1,SEA,15,0,51,4.24,14,7,15
kozlobe01,2002,1,TEX,2,2,30,6.3,11,11,6
kranima01,2021,1,PIT,9,9,116,6.28,47,19,32
kranima01,2022,1,PIT,2,0,15,0.0,3,3,4
kranima01,2025,1,NYN,24,0,111,3.65,34,5,25
kratzer01,2016,1,HOU,1,0,3,9.0,3,0,0
kratzer01,2016,2,PIT,1,0,3,0.0,2,0,1
kratzer01,2018,1,MIL,3,0,9,3.0,3,1,2
kratzer01,2020,1,NYA,2,0,6,9.0,2,0,0
kraveev01,2024,1,CIN,1,0,2,0.0,0,0,0
krehbjo01,2018,1,ARI,2,0,9,0.0,1,2,0
krehbjo01,2021,1,TB,1,0,3,0.0,0,1,2
krehbjo01,2021,2,BAL,5,0,22,4.91,5,4,5
krehbjo01,2022,1,BAL,56,0,173,3.9,53,18,45
krehbjo01,2023,1,BAL,6,0,15,1.8,2,2,5
kremede01,2020,1,BAL,4,4,56,4.82,15,12,22
kremede01,2021,1,BAL,13,13,161,7.55,63,25,47
kremede01,2022,1,BAL,22,21,376,3.23,123,34,87
kremede01,2023,1,BAL,32,32,518,4.12,171,55,157
kremede01,2024,1,BAL,24,24,389,4.1,110,51,123
kremede01,2025,1,BAL,31,29,515,4.19,163,45,142
kriskbr01,2020,1,NYA,4,0,11,14.73,3,7,8
kriskbr01,2021,1,NYA,8,0,23,15.26,12,6,7
kriskbr01,2021,2,BAL,4,0,11,12.27,5,0,4
kriskbr01,2023,1,KCA,4,0,20,4.05,3,4,6
kriskbr01,2025,1,CHN,4,0,18,0.0,2,5,4
kriskbr01,2025,2,MIN,12,0,36,11.25,18,10,14
kristza01,2024,1,LAA,1,0,6,0.0,3,2,2
kroenza01,2010,1,ARI,3,1,20,6.75,9,4,2
kroenza01,2011,1,ARI,4,0,12,9.0,6,1,3
krolia01,2013,1,WAS,32,0,82,3.95,28,8,22
krolia01,2014,1,DET,45,0,98,4.96,42,13,28
krolia01,2015,1,DET,33,0,84,5.79,31,17,26
krolia01,2016,1,ATL,63,0,153,3.18,54,13,56
krolia01,2017,1,ATL,51,0,147,5.33,50,21,44
krolia01,2018,1,LAA,1,0,6,0.0,1,1,2
krolia01,2021,1,DET,18,0,56,4.34,23,8,18
krookma01,2023,1,NYA,4,0,12,24.75,8,6,3
krookma01,2024,1,BAL,1,0,3,18.0,1,1,2
krookma01,2025,1,ATH,3,0,10,5.4,5,1,3
kroonma01,2004,1,COL,6,0,18,6.0,7,10,3
kuhlch01,2016,1,PIT,14,14,212,4.2,73,20,53
kuhlch01,2017,1,PIT,31,31,472,4.35,159,72,142
kuhlch01,2018,1,PIT,16,16,255,4.55,89,33,81
kuhlch01,2020,1,PIT,11,9,139,4.27,35,28,44
kuhlch01,2021,1,PIT,28,14,241,4.82,73,42,75
kuhlch01,2022,1,COL,27,27,411,5.72,155,58,110
kuhlch01,2023,1,WAS,16,5,115,8.45,47,28,31
kuhlch01,2024,1,CHA,31,1,160,5.06,56,25,54
kuhnejo01,2019,1,CIN,11,0,29,4.66,8,5,9
kuhnejo01,2020,1,CIN,3,0,9,6.0,4,0,3
kuhnejo01,2022,1,CIN,53,0,174,6.36,67,14,56
kuhnejo01,2023,1,CIN,2,0,10,8.1,6,2,0
kuhnejo01,2023,2,HOU,7,0,29,4.66,10,3,3
kuhnejo01,2024,1,HOU,1,0,6,18.0,4,0,1
kuhnejo01,2024,2,TB,5,0,24,1.13,4,0,4
kunzed01,2008,1,NYN,4,0,8,13.5,5,1,1
kuoho01,2005,1,LAN,9,0,16,6.75,5,5,10
kuoho01,2006,1,LAN,28,5,179,4.22,54,33,71
kuoho01,2007,1,LAN,8,6,91,7.42,35,14,27
kuoho01,2008,1,LAN,42,3,240,2.14,60,21,96
kuoho01,2009,1,LAN,35,0,90,3.0,21,13,32
kuoho01,2010,1,LAN,56,0,180,1.2,29,18,73
kuoho01,2011,1,LAN,40,0,81,9.0,24,23,36
kurodhi01,2008,1,LAN,31,31,550,3.73,181,42,116
kurodhi01,2009,1,LAN,21,20,352,3.76,110,24,87
kurodhi01,2010,1,LAN,31,31,589,3.39,180,48,159
kurodhi01,2011,1,LAN,32,32,606,3.07,196,49,161
kurodhi01,2012,1,NYA,33,33,659,3.32,205,51,167
kurodhi01,2013,1,NYA,32,32,604,3.31,191,43,150
kurodhi01,2014,1,NYA,32,32,597,3.71,191,35,146
kuwatma01,2007,1,PIT,19,0,63,9.43,25,15,12
labouja01,2017,1,DET,6,0,18,4.5,4,7,4
lackejo01,2002,1,LAA,18,18,325,3.66,113,33,69
lackejo01,2003,1,LAA,33,33,612,4.63,223,66,151
lackejo01,2004,1,LAA,33,32,595,4.67,215,60,144
lackejo01,2005,1,LAA,33,33,627,3.44,208,71,199
lackejo01,2006,1,LAA,33,33,653,3.56,203,72,190
lackejo01,2007,1,LAA,33,33,672,3.01,219,52,179
lackejo01,2008,1,LAA,24,24,490,3.75,161,40,130
lackejo01,2009,1,LAA,27,27,529,3.83,177,47,139
lackejo01,2010,1,BOS,33,33,645,4.4,233,72,156
lackejo01,2011,1,BOS,28,28,480,6.41,203,56,108
lackejo01,2013,1,BOS,29,29,568,3.52,179,40,161
lackejo01,2014,1,BOS,21,21,412,3.6,137,32,116
lackejo01,2014,2,SLN,10,10,182,4.3,69,15,48
lackejo01,2015,1,SLN,33,33,654,2.77,211,53,175
lackejo01,2016,1,CHN,29,29,565,3.35,146,53,180
lackejo01,2017,1,CHN,31,30,512,4.59,165,53,149
ladenty01,2016,1,ATH,1,0,3,0.0,1,1,0
ladwiaj01,2022,1,MIA,1,0,10,10.8,6,0,0
laffeaa01,2007,1,CLE,9,9,148,4.56,54,12,25
laffeaa01,2008,1,CLE,16,16,281,4.23,103,31,43
laffeaa01,2009,1,CLE,25,19,365,4.44,140,57,59
laffeaa01,2010,1,CLE,29,5,167,4.53,62,28,28
laffeaa01,2011,1,SEA,36,0,128,4.01,54,16,24
laffeaa01,2011,2,NYA,11,0,32,3.38,13,5,6
laffeaa01,2012,1,TOR,22,16,302,4.56,100,37,48
laffeaa01,2013,1,NYN,4,2,30,7.2,16,5,9
laffeaa01,2013,2,TOR,1,1,8,6.75,2,5,0
laffeaa01,2015,1,COL,3,0,22,3.68,8,3,3
lafrobo01,2013,1,SEA,10,0,32,5.91,12,4,11
lafrobo01,2014,1,PIT,6,0,11,2.45,3,0,4
lafrobo01,2015,1,PIT,11,0,24,1.13,5,1,8
lailbr01,2019,1,NYA,1,0,8,10.13,2,1,2
lailbr01,2020,1,CHA,1,0,4,0.0,2,0,1
lailbr01,2020,2,SEA,7,0,45,4.8,12,7,11
lailbr01,2021,1,SEA,2,0,6,13.5,4,0,1
lakerti01,2001,1,CLE,1,0,3,0.0,1,1,1
lakerti01,2004,1,CLE,1,0,3,0.0,1,1,0
lakintr01,2019,1,BOS,16,3,70,3.86,23,10,18
lakintr01,2020,1,BAL,22,0,77,2.81,25,13,25
lakintr01,2021,1,BAL,24,1,84,5.79,23,17,24
lakintr01,2022,1,BAL,6,0,31,9.58,14,6,8
lamarry01,2016,1,BOS,1,0,3,0.0,2,0,0
lamarry01,2018,1,MIN,1,0,2,13.5,1,0,0
lambech01,2008,1,DET,8,3,62,5.66,31,7,15
lambech01,2009,1,DET,2,0,20,14.85,12,6,4
lambech01,2009,2,BAL,4,0,17,4.76,8,1,7
lambeji01,2020,1,CHA,2,0,6,0.0,2,0,2
lambeji01,2021,1,CHA,4,3,39,6.23,16,6,10
lambeji01,2022,1,CHA,42,2,141,3.26,40,24,45
lambeji01,2023,1,CHA,35,1,113,5.26,41,20,41
lambepe01,2019,1,COL,19,19,268,7.25,119,36,57
lambepe01,2021,1,COL,2,2,17,11.12,12,2,3
lambepe01,2023,1,COL,25,11,262,5.36,93,28,71
lambepe01,2024,1,COL,28,3,184,5.72,73,29,50
lambja01,2023,1,LAA,1,0,3,0.0,1,0,0
lambjo02,2015,1,CIN,10,10,149,5.8,58,19,58
lambjo02,2016,1,CIN,14,14,210,6.43,84,31,58
lambjo02,2018,1,LAA,3,3,30,7.2,15,4,11
lametdi01,2017,1,SDN,21,21,343,4.57,88,54,139
lametdi01,2019,1,SDN,14,14,219,4.07,62,30,105
lametdi01,2020,1,SDN,12,12,207,2.09,39,20,93
lametdi01,2021,1,SDN,22,9,141,4.4,48,22,57
lametdi01,2022,1,SDN,13,0,37,9.49,16,9,16
lametdi01,2022,2,COL,19,0,60,4.05,14,10,29
lametdi01,2023,1,COL,16,4,77,11.57,38,22,31
lametdi01,2023,2,BOS,1,0,6,13.5,4,1,1
lametdi01,2024,1,LAN,3,0,13,2.08,2,2,3
laneja01,2014,1,SDN,3,1,31,0.87,7,0,6
langeal01,2021,1,DET,36,0,107,4.04,37,16,39
langeal01,2022,1,DET,71,0,190,3.41,47,31,82
langeal01,2023,1,DET,67,0,198,3.68,43,45,79
langeal01,2024,1,DET,21,0,56,4.34,16,17,21
langeal01,2025,1,DET,1,0,3,0.0,2,1,1
langwma01,2013,1,CLE,5,0,16,5.06,5,2,6
langwma01,2013,2,ARI,8,0,26,5.19,8,5,6
lannajo01,2007,1,WAS,6,6,104,4.15,36,17,10
lannajo01,2008,1,WAS,31,31,546,3.91,172,72,117
lannajo01,2009,1,WAS,33,33,619,3.88,210,68,89
lannajo01,2010,1,WAS,25,25,430,4.65,175,49,71
lannajo01,2011,1,WAS,33,33,554,3.7,194,76,106
lannajo01,2012,1,WAS,6,6,98,4.13,33,14,17
lannajo01,2013,1,PHI,14,14,223,5.33,86,27,38
lannajo01,2014,1,NYN,5,0,12,15.75,7,2,2
laosa01,2025,1,SEA,2,0,10,8.1,6,1,4
laosa01,2025,2,WAS,6,0,23,3.52,8,1,5
laraan01,2025,1,WAS,9,0,43,8.79,27,8,10
laraju01,2006,1,CLE,9,0,15,1.8,4,1,2
laraju01,2007,1,CLE,1,0,4,13.5,2,1,2
larayo01,2000,1,WAS,6,0,17,6.35,5,8,3
larkian01,2000,1,CIN,3,0,20,5.4,6,5,7
larkian01,2000,2,KCA,18,0,58,8.84,29,11,17
larocad01,2015,1,CHA,1,0,3,0.0,0,0,1
lasorjo01,2023,1,TB,2,0,13,2.08,3,3,3
lasorjo01,2023,2,WAS,23,0,85,4.76,29,6,25
lasorjo01,2024,1,WAS,16,0,53,4.58,17,5,14
lasorjo01,2025,1,CIN,5,0,20,10.8,13,2,2
lasteto01,2018,1,CHN,1,0,4,6.75,3,0,0
latosma01,2009,1,SDN,10,10,152,4.62,43,23,39
latosma01,2010,1,SDN,31,31,554,2.92,150,50,189
latosma01,2011,1,SDN,31,31,583,3.47,168,62,185
latosma01,2012,1,CIN,33,33,628,3.48,179,64,185
latosma01,2013,1,CIN,32,32,632,3.16,197,58,187
latosma01,2014,1,CIN,16,16,307,3.25,92,26,74
latosma01,2015,1,MIA,16,16,265,4.48,85,25,79
latosma01,2015,2,LAN,6,5,73,6.66,31,6,18
latosma01,2015,3,LAA,2,0,11,4.91,4,1,3
latosma01,2016,1,CHA,11,11,181,4.62,63,25,32
latosma01,2016,2,WAS,6,1,29,6.52,11,5,10
latosma01,2017,1,TOR,3,3,45,6.6,19,8,10
latzja01,2021,1,TEX,1,1,14,5.79,5,0,4
latzja01,2023,1,TEX,3,0,19,0.0,1,3,5
latzja01,2024,1,TEX,46,0,131,3.71,39,27,40
latzja01,2025,1,TEX,33,8,257,2.84,69,37,76
lauerer01,2018,1,SDN,23,23,336,4.34,127,46,100
lauerer01,2019,1,SDN,30,29,449,4.45,158,51,138
lauerer01,2020,1,MIL,4,2,33,13.09,17,9,12
lauerer01,2021,1,MIL,24,20,356,3.19,94,41,117
lauerer01,2022,1,MIL,29,29,476,3.69,135,59,157
lauerer01,2023,1,MIL,10,9,140,6.56,54,24,43
lauerer01,2025,1,TOR,28,15,314,3.18,90,26,102
lawde01,2016,1,SFN,61,0,165,2.13,44,9,50
lawde01,2017,1,SFN,41,0,112,5.06,45,14,35
lawde01,2018,1,SFN,7,0,40,7.43,16,8,12
lawde01,2019,1,TOR,58,4,182,4.9,61,40,67
lawde01,2021,1,MIN,9,0,45,4.2,16,8,14
lawde01,2022,1,DET,2,0,6,4.5,4,1,2
lawde01,2022,2,CIN,15,0,53,4.08,19,7,15
lawde01,2023,1,CIN,54,3,165,3.6,50,26,45
lawde01,2024,1,WAS,75,0,270,2.6,82,24,76
lawerco01,2025,1,MIN,5,0,23,1.17,4,0,7
lawrebr02,2001,1,SDN,27,15,344,3.45,107,34,84
lawrebr02,2002,1,SDN,35,31,630,3.69,230,52,149
lawrebr02,2003,1,SDN,33,33,632,4.19,206,57,116
lawrebr02,2004,1,SDN,34,34,609,4.12,226,55,121
lawrebr02,2005,1,SDN,33,33,587,4.83,211,57,109
lawrebr02,2007,1,NYN,6,6,87,6.83,43,13,18
lawreca01,2017,1,TOR,4,2,40,8.78,21,11,7
lawreca01,2017,2,SEA,23,0,126,5.57,56,14,45
lawreca01,2018,1,SEA,11,0,70,7.33,28,10,14
lawreca01,2022,1,TOR,6,0,54,7.5,23,4,11
lawreca01,2023,1,SLN,15,0,82,6.59,32,10,20
lawreca01,2025,1,SEA,5,0,45,3.0,20,1,6
lawreca01,2025,2,TOR,1,0,8,10.13,6,0,1
lawreju01,2021,1,COL,19,0,50,8.64,21,19,17
lawreju01,2022,1,COL,38,0,128,5.7,44,22,48
lawreju01,2023,1,COL,69,0,225,3.72,65,36,78
lawreju01,2024,1,COL,56,0,179,6.49,73,33,45
lawreju01,2025,1,PIT,17,0,53,0.51,9,8,23
laxtobr01,2000,1,KCA,6,1,50,8.1,23,10,14
layneto01,2012,1,SDN,26,0,50,3.24,9,3,25
layneto01,2013,1,SDN,14,0,26,2.08,10,5,6
layneto01,2014,1,BOS,30,0,57,0.95,14,8,14
layneto01,2015,1,BOS,64,0,143,3.97,41,27,45
layneto01,2016,1,BOS,34,0,86,3.77,27,14,25
layneto01,2016,2,NYA,29,0,48,3.38,10,7,13
layneto01,2017,1,NYA,19,0,39,7.62,16,8,9
lazarma01,2024,1,PHI,11,0,41,4.61,13,2,9
lazarma01,2025,1,PHI,36,0,124,4.79,41,12,26
lazora01,2015,1,MIA,7,0,17,3.18,5,2,5
leachbr01,2009,1,LAN,38,0,61,5.75,16,12,19
leagubr01,2004,1,TOR,3,0,14,0.0,3,1,2
leagubr01,2005,1,TOR,20,0,107,6.56,42,20,17
leagubr01,2006,1,TOR,33,0,128,2.53,34,9,29
leagubr01,2007,1,TOR,14,0,35,6.17,19,7,7
leagubr01,2008,1,TOR,31,0,99,2.18,28,15,23
leagubr01,2009,1,TOR,67,0,224,4.58,72,21,76
leagubr01,2010,1,SEA,70,0,237,3.42,67,27,56
leagubr01,2011,1,SEA,65,0,184,2.79,56,10,45
leagubr01,2012,1,SEA,46,0,134,3.63,48,19,27
leagubr01,2012,2,LAN,28,0,82,2.3,17,14,27
leagubr01,2013,1,LAN,58,0,163,5.3,69,15,28
leagubr01,2014,1,LAN,63,0,189,2.57,65,27,38
leahyky01,2023,1,SLN,3,0,5,21.6,4,5,2
leahyky01,2024,1,SLN,33,0,146,4.07,40,10,33
leahyky01,2025,1,SLN,62,1,264,3.07,80,28,80
leakemi01,2010,1,CIN,24,22,415,4.23,158,49,91
leakemi01,2011,1,CIN,29,26,503,3.86,159,38,118
leakemi01,2012,1,CIN,30,30,537,4.58,201,41,116
leakemi01,2013,1,CIN,31,31,577,3.37,193,48,122
leakemi01,2014,1,CIN,33,33,643,3.7,217,50,164
leakemi01,2015,1,CIN,21,21,410,3.56,123,34,90
leakemi01,2015,2,SFN,9,9,166,4.07,51,15,29
leakemi01,2016,1,SLN,30,30,530,4.69,203,30,125
leakemi01,2017,1,SLN,26,26,462,4.21,169,35,103
leakemi01,2017,2,SEA,5,5,96,2.53,32,2,27
leakemi01,2018,1,SEA,31,31,557,4.36,207,34,119
leakemi01,2019,1,SEA,22,22,411,4.27,153,19,100
leakemi01,2019,2,ARI,10,10,180,4.35,74,8,27
leasujo01,2024,1,CHA,33,0,94,6.32,32,18,26
leasujo01,2025,1,CHA,68,1,193,3.92,49,30,81
leathja01,2015,1,NYN,17,0,35,2.31,12,7,14
leathja01,2017,1,CHN,1,0,2,27.0,1,4,1
leathja01,2017,2,PIT,6,0,13,0.0,3,2,6
leblawa01,2008,1,SDN,5,4,64,8.02,29,15,14
leblawa01,2009,1,SDN,9,9,139,3.69,35,19,30
leblawa01,2010,1,SDN,26,25,438,4.25,157,51,110
leblawa01,2011,1,SDN,14,14,239,4.63,84,28,51
leblawa01,2012,1,MIA,25,9,206,3.67,71,19,43
leblawa01,2013,1,MIA,13,7,146,5.18,63,15,31
leblawa01,2013,2,HOU,4,0,19,7.11,9,5,2
leblawa01,2014,1,LAA,1,0,19,5.68,6,2,4
leblawa01,2014,2,NYA,1,0,3,18.0,2,1,0
leblawa01,2014,3,LAA,9,3,67,2.82,19,4,17
leblawa01,2016,1,SEA,11,8,150,4.5,52,9,41
leblawa01,2016,2,PIT,8,0,36,0.75,7,2,10
leblawa01,2017,1,PIT,50,0,204,4.5,64,17,54
leblawa01,2018,1,SEA,32,27,486,3.72,151,40,130
leblawa01,2019,1,SEA,26,8,364,5.71,145,31,92
leblawa01,2020,1,BAL,6,6,67,8.06,27,8,13
leblawa01,2021,1,BAL,6,1,20,9.45,11,1,6
leblawa01,2021,2,SLN,12,8,127,3.61,45,16,23
leclejo01,2016,1,TEX,12,0,45,1.8,11,13,15
leclejo01,2017,1,TEX,47,0,137,3.94,23,40,60
leclejo01,2018,1,TEX,59,0,173,1.56,24,25,85
leclejo01,2019,1,TEX,70,3,206,4.33,52,39,100
leclejo01,2020,1,TEX,2,0,6,4.5,2,2,3
leclejo01,2022,1,TEX,39,0,143,2.83,33,21,54
leclejo01,2023,1,TEX,57,0,171,2.68,37,28,67
leclejo01,2024,1,TEX,64,0,200,4.32,56,32,89
leclejo01,2025,1,ATH,10,0,27,6.0,13,5,8
lecursa01,2010,1,CIN,15,6,144,4.5,50,25,37
lecursa01,2011,1,CIN,43,4,233,3.71,57,21,73
lecursa01,2012,1,CIN,48,0,172,3.14,46,23,61
lecursa01,2013,1,CIN,63,0,183,2.66,50,24,66
lecursa01,2014,1,CIN,62,0,170,3.81,62,24,48
lecursa01,2015,1,CIN,19,0,60,3.15,16,7,15
ledezwi01,2003,1,DET,34,8,252,5.79,99,35,49
ledezwi01,2004,1,DET,15,8,160,4.39,55,18,29
ledezwi01,2005,1,DET,10,10,149,7.07,61,24,30
ledezwi01,2006,1,DET,24,7,181,3.58,60,23,39
ledezwi01,2007,1,DET,23,0,107,4.79,38,26,24
ledezwi01,2007,2,ATL,12,0,28,7.71,12,4,7
ledezwi01,2007,3,SDN,9,1,43,6.28,20,8,16
ledezwi01,2008,1,SDN,25,6,163,4.47,49,38,49
ledezwi01,2008,2,ARI,3,0,12,0.0,2,3,4
ledezwi01,2009,1,WAS,5,0,17,9.53,8,4,8
ledezwi01,2010,1,PIT,27,0,59,6.86,25,6,22
ledezwi01,2011,1,TOR,5,0,18,15.0,11,7,6
leech01,2013,1,CLE,8,0,13,4.15,4,3,4
leech01,2014,1,CLE,37,0,84,4.5,30,12,26
leech01,2015,1,CLE,2,0,5,5.4,4,1,3
leech02,2025,1,DET,32,0,112,4.1,32,9,36
leecl02,2002,1,CLE,2,2,31,1.74,6,8,6
leecl02,2003,1,CLE,9,9,157,3.61,41,20,44
leecl02,2004,1,CLE,33,33,537,5.43,188,81,161
leecl02,2005,1,CLE,32,32,606,3.79,194,52,143
leecl02,2006,1,CLE,33,33,602,4.4,224,58,129
leecl02,2007,1,CLE,20,16,292,6.29,112,36,66
leecl02,2008,1,CLE,31,31,670,2.54,214,34,170
leecl02,2009,1,CLE,22,22,456,3.14,165,33,107
leecl02,2009,2,PHI,12,12,239,3.39,80,10,74
leecl02,2010,1,SEA,13,13,311,2.34,92,6,89
leecl02,2010,2,TEX,15,15,326,3.98,103,12,96
leecl02,2011,1,PHI,32,32,698,2.4,197,42,238
leecl02,2012,1,PHI,30,30,633,3.16,207,28,207
leecl02,2013,1,PHI,31,31,668,2.87,193,32,222
leecl02,2014,1,PHI,13,13,244,3.65,100,12,72
leeda01,2000,1,COL,7,0,17,11.12,10,6,6
leeda01,2001,1,SDN,41,0,146,3.7,52,27,42
leeda01,2003,1,CLE,8,0,23,4.7,4,6,7
leeda01,2004,1,CLE,4,0,13,10.38,8,4,4
leedy01,2021,1,ATL,2,0,6,9.0,3,0,3
leedy01,2022,1,ATL,46,0,152,2.13,40,10,59
leedy01,2023,1,ATL,24,1,71,4.18,24,8,24
leedy01,2024,1,ATL,52,0,179,2.11,49,17,76
leedy01,2025,1,ATL,74,0,205,3.29,53,14,76
leeev01,2022,1,WAS,4,1,26,4.15,9,7,7
leeko01,2025,1,CHA,2,0,9,3.0,4,2,0
leesa01,2000,1,BOS,9,0,35,3.09,11,4,6
leesmch01,2013,1,CHA,8,1,46,7.04,16,16,13
leesmch01,2014,1,CHA,1,1,8,20.25,9,1,0
leeza01,2015,1,LAN,1,1,14,13.5,11,1,3
leeza01,2017,1,SDN,3,1,24,5.63,8,8,6
legumca01,2023,1,CIN,11,0,38,5.68,16,9,11
legumca01,2024,1,CIN,6,0,28,8.68,15,2,7
legumca01,2025,1,SEA,48,1,149,5.62,47,25,55
lehrju01,2004,1,ATH,27,0,98,5.23,35,14,16
lehrju01,2005,1,MIL,23,0,104,3.89,32,18,23
lehrju01,2006,1,MIL,16,0,47,8.62,24,7,12
lehrju01,2009,1,CIN,11,11,196,5.37,72,28,33
leibrbr01,2020,1,MIA,5,0,27,2.0,3,7,3
leibrbr01,2024,1,CIN,2,0,19,9.95,11,2,5
leicejo01,2004,1,CHN,32,0,125,3.89,40,15,35
leicejo01,2005,1,CHN,6,1,27,9.0,11,9,7
leicejo01,2007,1,BAL,10,5,96,7.59,36,13,16
leiteal01,2000,1,NYN,31,31,624,3.2,176,76,200
leiteal01,2001,1,NYN,29,29,562,3.31,178,46,142
leiteal01,2002,1,NYN,33,33,613,3.48,194,69,172
leiteal01,2003,1,NYN,30,30,542,3.99,176,94,139
leiteal01,2004,1,NYN,30,30,521,3.21,138,97,117
leiteal01,2005,1,MIA,17,16,240,6.64,88,60,52
leiteal01,2005,2,NYA,16,10,187,5.49,66,38,45
leiteja01,2024,1,TEX,9,6,107,8.83,44,17,31
leiteja01,2025,1,TEX,29,29,455,3.86,127,67,148
leitema01,2001,1,MIL,20,3,108,3.75,32,8,26
leitema02,2017,1,PHI,27,11,272,4.96,90,31,84
leitema02,2018,1,PHI,12,0,50,5.4,22,8,13
leitema02,2018,2,TOR,8,0,20,13.5,13,4,9
leitema02,2022,1,CHN,35,4,203,3.99,52,25,73
leitema02,2023,1,CHN,69,0,193,3.5,48,24,77
leitema02,2024,1,CHN,39,0,109,4.21,27,13,53
leitema02,2024,2,NYA,21,0,65,4.98,28,9,33
leitema02,2025,1,NYA,59,0,145,4.84,57,17,54
lemoija01,2022,1,ATH,9,0,49,7.71,18,7,13
leonar01,2015,1,ATH,19,0,80,4.39,30,9,19
leonar01,2016,1,TOR,2,0,7,7.71,3,1,2
leonar02,2017,1,DET,6,0,20,12.15,7,6,2
leonedo01,2014,1,SEA,57,0,199,2.17,52,25,70
leonedo01,2015,1,SEA,10,0,34,6.35,11,9,7
leonedo01,2015,2,ARI,3,0,11,14.73,8,0,2
leonedo01,2016,1,ARI,25,0,81,6.33,45,12,23
leonedo01,2017,1,TOR,65,0,211,2.56,51,23,81
leonedo01,2018,1,SLN,29,0,72,4.5,27,8,26
leonedo01,2019,1,SLN,40,0,122,5.53,39,22,46
leonedo01,2020,1,CLE,12,0,29,8.38,14,5,16
leonedo01,2021,1,SFN,57,4,161,1.51,37,22,50
leonedo01,2022,1,SFN,55,0,148,4.01,55,24,52
leonedo01,2023,1,NYN,31,0,92,4.4,27,11,33
leonedo01,2023,2,LAA,11,0,39,5.54,15,9,11
leonedo01,2023,3,SEA,9,0,31,4.35,7,8,10
leonedo01,2024,1,CHA,23,0,57,6.63,20,14,17
leonsa01,2021,1,MIA,6,0,18,7.5,7,1,2
leonsa01,2022,1,CLE,1,0,6,0.0,0,0,0
leonsa01,2023,1,TEX,1,0,3,18.0,1,0,0
lerewan01,2005,1,ATL,7,0,24,5.63,9,5,5
lerewan01,2006,1,ATL,1,0,6,22.5,5,3,1
lerewan01,2007,1,ATL,3,3,35,7.71,14,7,9
lerewan01,2009,1,KCA,3,2,40,4.05,14,8,7
lerewan01,2010,1,KCA,6,6,79,8.54,34,9,18
lerouch01,2009,1,MIA,5,0,20,10.8,11,4,2
lerouch01,2010,1,MIA,17,0,54,7.0,24,11,18
lerouch01,2010,2,PIT,6,0,14,5.79,4,3,4
lerouch01,2011,1,PIT,23,0,75,2.88,26,7,24
lerouch01,2012,1,PIT,10,0,34,5.56,11,2,12
lerouch01,2013,1,PIT,2,0,12,6.75,4,6,3
lerouch01,2014,1,NYA,2,0,6,22.5,7,2,3
leskacu01,2000,1,MIL,73,0,232,2.56,58,51,75
leskacu01,2001,1,MIL,70,0,208,3.63,63,31,64
leskacu01,2003,1,MIL,26,0,80,2.7,22,18,28
leskacu01,2003,2,KCA,27,0,78,1.73,16,11,22
leskacu01,2004,1,KCA,19,0,47,8.04,23,14,15
leskacu01,2004,2,BOS,32,0,83,3.58,24,16,22
lestejo01,2006,1,BOS,15,15,244,4.76,91,43,60
lestejo01,2007,1,BOS,12,11,189,4.57,61,31,50
lestejo01,2008,1,BOS,33,33,631,3.21,202,66,152
lestejo01,2009,1,BOS,32,32,610,3.41,186,64,225
lestejo01,2010,1,BOS,32,32,624,3.25,167,83,225
lestejo01,2011,1,BOS,31,31,575,3.47,166,75,182
lestejo01,2012,1,BOS,33,33,616,4.82,216,68,166
lestejo01,2013,1,BOS,33,33,640,3.75,209,67,177
lestejo01,2014,1,BOS,21,21,429,2.52,128,32,149
lestejo01,2014,2,ATH,11,11,230,2.35,66,16,71
lestejo01,2015,1,CHN,32,32,615,3.34,183,47,207
lestejo01,2016,1,CHN,32,32,608,2.44,154,52,197
lestejo01,2017,1,CHN,32,32,542,4.33,179,60,180
lestejo01,2018,1,CHN,32,32,545,3.32,174,64,149
lestejo01,2019,1,CHN,31,31,515,4.46,205,52,165
lestejo01,2020,1,CHN,12,12,183,5.16,64,17,42
lestejo01,2021,1,WAS,16,16,226,5.02,91,29,51
lestejo01,2021,2,SLN,12,12,198,4.36,68,26,40
lestejo02,2023,1,BAL,1,0,3,0.0,1,1,1
levinal01,2000,1,LAA,51,5,286,3.87,98,49,42
levinal01,2001,1,LAA,64,1,227,2.38,71,28,40
levinal01,2002,1,LAA,52,0,191,4.24,61,34,40
levinal01,2003,1,TB,36,0,149,2.9,45,18,25
levinal01,2003,2,KCA,18,0,64,2.53,22,11,5
levinal01,2004,1,DET,65,0,212,4.58,83,24,32
levinal01,2005,1,SFN,9,0,31,9.58,16,4,4
levraal01,2000,1,MIL,5,1,36,4.5,10,7,9
levraal01,2001,1,MIL,32,20,392,6.06,146,59,80
levraal01,2003,1,MIA,19,0,84,3.86,38,15,21
lewicar01,2017,1,DET,4,1,31,6.1,19,4,6
lewicar01,2018,1,DET,13,3,116,4.89,48,14,30
lewicar01,2020,1,ARI,2,0,10,5.4,7,1,5
lewisco01,2002,1,TEX,15,4,103,6.29,42,26,28
lewisco01,2003,1,TEX,26,26,381,7.3,163,70,88
lewisco01,2004,1,TEX,3,3,46,4.11,13,13,11
lewisco01,2006,1,DET,2,0,9,3.0,8,1,5
lewisco01,2007,1,ATH,26,1,113,6.45,44,14,23
lewisco01,2010,1,TEX,32,32,603,3.72,174,65,196
lewisco01,2011,1,TEX,32,32,601,4.4,187,56,169
lewisco01,2012,1,TEX,16,16,315,3.43,99,14,93
lewisco01,2014,1,TEX,29,29,511,5.18,211,48,133
lewisco01,2015,1,TEX,33,33,614,4.66,211,42,142
lewisco01,2016,1,TEX,19,19,349,3.71,103,28,73
lewisje01,2007,1,CLE,26,0,88,2.15,26,10,34
lewisje01,2008,1,CLE,51,0,198,3.82,68,27,52
lewisje01,2009,1,CLE,47,0,199,4.61,62,29,62
lewisje01,2010,1,CLE,37,0,109,2.97,28,19,29
lewisro01,2010,1,TOR,14,0,56,6.75,20,8,15
lewisro01,2011,1,TOR,6,0,15,9.0,12,2,5
lewissc02,2008,1,CLE,4,4,72,2.63,20,6,15
lewissc02,2009,1,CLE,1,1,13,8.31,7,1,3
leyerro01,2020,1,BOS,6,1,14,21.21,12,8,9
liberad01,2015,1,LAN,39,0,89,4.25,26,9,29
liberad01,2016,1,LAN,58,0,128,3.38,34,17,47
liberad01,2017,1,LAN,4,0,10,2.7,3,2,5
liberad01,2018,1,LAN,17,0,39,2.77,10,8,12
liberma01,2022,1,SLN,9,7,104,5.97,42,18,28
liberma01,2023,1,SLN,22,11,185,5.25,66,25,46
liberma01,2024,1,SLN,60,6,258,4.4,81,28,76
liberma01,2025,1,SLN,29,29,455,4.21,158,40,122
lidgebr01,2002,1,HOU,6,1,26,6.23,12,9,12
lidgebr01,2003,1,HOU,78,0,255,3.6,60,42,97
lidgebr01,2004,1,HOU,80,0,284,1.9,57,30,157
lidgebr01,2005,1,HOU,70,0,212,2.29,58,23,103
lidgebr01,2006,1,HOU,78,0,225,5.28,69,36,104
lidgebr01,2007,1,HOU,66,0,201,3.36,54,30,88
lidgebr01,2008,1,PHI,72,0,208,1.95,50,35,92
lidgebr01,2009,1,PHI,67,0,176,7.21,72,34,61
lidgebr01,2010,1,PHI,50,0,137,2.96,32,24,52
lidgebr01,2011,1,PHI,25,0,58,1.4,16,13,23
lidgebr01,2012,1,WAS,11,0,28,9.64,12,11,10
lidleco01,2000,1,TB,31,11,290,5.03,114,29,62
lidleco01,2001,1,ATH,29,29,564,3.59,170,47,118
lidleco01,2002,1,ATH,31,30,576,3.89,191,39,111
lidleco01,2003,1,TOR,31,31,578,5.75,216,60,112
lidleco01,2004,1,CIN,24,24,447,5.32,170,44,93
lidleco01,2004,2,PHI,10,10,187,3.9,54,17,33
lidleco01,2005,1,PHI,31,31,554,4.53,210,40,121
lidleco01,2006,1,PHI,21,21,376,4.74,132,39,98
lidleco01,2006,2,NYA,10,9,136,5.16,49,19,32
liebejo01,2000,1,CHN,35,35,753,4.41,248,54,192
liebejo01,2001,1,CHN,34,34,697,3.8,226,41,148
liebejo01,2002,1,CHN,21,21,423,3.7,153,12,87
liebejo01,2004,1,NYA,27,27,530,4.33,216,18,102
liebejo01,2005,1,PHI,35,35,655,4.2,223,41,149
liebejo01,2006,1,PHI,27,27,504,4.93,196,24,100
liebejo01,2007,1,PHI,14,12,234,4.73,91,22,54
liebejo01,2008,1,CHN,26,1,140,4.05,59,6,27
lightpa01,2016,1,BOS,2,0,8,23.63,7,1,2
lightpa01,2016,2,MIN,15,0,42,9.0,15,15,14
ligteke01,2000,1,ATL,59,0,157,3.61,43,24,51
ligteke01,2001,1,ATL,53,0,179,3.02,50,30,56
ligteke01,2002,1,ATL,52,0,200,2.97,52,33,51
ligteke01,2003,1,BAL,68,0,178,3.34,60,14,47
ligteke01,2004,1,TOR,57,0,165,6.38,73,25,49
ligteke01,2005,1,ARI,7,0,29,13.97,16,4,5
lillyte01,2000,1,NYA,7,0,24,5.63,8,5,11
lillyte01,2001,1,NYA,26,21,362,5.37,126,51,112
lillyte01,2002,1,NYA,16,11,230,3.4,57,24,59
lillyte01,2002,2,ATH,6,5,70,4.63,23,7,18
lillyte01,2003,1,ATH,32,31,535,4.34,179,58,147
lillyte01,2004,1,TOR,32,32,592,4.06,171,89,168
lillyte01,2005,1,TOR,25,25,379,5.56,135,58,96
lillyte01,2006,1,TOR,32,32,545,4.31,179,81,160
lillyte01,2007,1,CHN,34,34,621,3.83,181,55,174
lillyte01,2008,1,CHN,34,34,614,4.09,187,64,184
lillyte01,2009,1,CHN,27,27,531,3.1,151,36,151
lillyte01,2010,1,CHN,18,18,351,3.69,104,29,89
lillyte01,2010,2,LAN,12,12,230,3.52,61,15,77
lillyte01,2011,1,LAN,33,33,578,3.97,172,51,158
lillyte01,2012,1,LAN,8,8,146,3.14,36,19,31
lillyte01,2013,1,LAN,5,5,69,5.09,27,10,18
limajo01,2000,1,HOU,33,33,589,6.65,251,68,124
limajo01,2001,1,HOU,14,9,159,7.3,77,16,41
limajo01,2001,2,DET,18,18,338,4.71,120,22,43
limajo01,2002,1,DET,20,12,205,7.77,86,21,33
limajo01,2003,1,KCA,14,14,220,4.91,80,26,32
limajo01,2004,1,LAN,36,24,511,4.07,178,34,93
limajo01,2005,1,KCA,32,32,506,6.99,219,61,80
limajo01,2006,1,NYN,4,4,52,9.87,25,10,12
limch01,2013,1,CHN,6,0,15,5.4,6,7,5
linceti01,2007,1,SFN,24,24,439,4.0,122,65,150
linceti01,2008,1,SFN,34,33,681,2.62,182,84,265
linceti01,2009,1,SFN,32,32,676,2.48,168,68,261
linceti01,2010,1,SFN,33,33,637,3.43,194,76,231
linceti01,2011,1,SFN,33,33,651,2.74,176,86,220
linceti01,2012,1,SFN,33,33,558,5.18,183,90,190
linceti01,2013,1,SFN,32,32,593,4.37,184,76,193
linceti01,2014,1,SFN,33,26,467,4.74,154,63,134
linceti01,2015,1,SFN,15,15,229,4.13,75,38,60
linceti01,2016,1,LAA,9,9,115,9.16,68,23,32
lincobr01,2010,1,PIT,11,9,158,6.66,66,15,25
lincobr01,2011,1,PIT,12,8,143,4.72,54,16,29
lincobr01,2012,1,PIT,28,5,178,2.73,51,14,60
lincobr01,2012,2,TOR,24,0,86,5.65,29,10,28
lincobr01,2013,1,TOR,22,0,95,3.98,28,22,25
lincobr01,2014,1,PHI,2,0,7,11.57,5,0,2
lincomi01,2000,1,MIN,8,4,62,10.89,36,13,15
lincomi01,2001,1,PIT,31,0,121,2.68,34,11,24
lincomi01,2002,1,PIT,55,0,217,3.11,80,27,50
lincomi01,2003,1,PIT,36,0,109,5.2,38,13,28
lincomi01,2004,1,SLN,13,0,52,5.19,10,6,14
lincomi01,2008,1,CIN,64,0,211,4.48,66,24,57
lincomi01,2009,1,CIN,19,0,69,8.22,29,19,9
lincomi01,2010,1,CIN,19,0,59,7.32,25,10,12
lindbjo01,2011,1,LAN,27,0,89,2.73,21,10,28
lindbjo01,2012,1,LAN,48,0,143,3.02,42,18,43
lindbjo01,2012,2,PHI,26,0,70,4.63,19,17,27
lindbjo01,2013,1,TEX,8,5,94,5.46,35,11,21
lindbjo01,2014,1,ATH,1,1,14,3.86,5,2,2
lindbjo01,2017,1,PIT,4,0,31,7.84,18,3,10
lindbjo01,2020,1,MIL,12,10,136,5.16,42,16,52
lindbjo01,2021,1,MIL,8,0,50,9.72,23,10,17
lindgja01,2015,1,NYA,7,0,21,5.14,5,4,8
lindgje01,2023,1,MIA,3,0,21,5.14,4,4,1
lindsma01,2007,1,MIA,71,0,201,3.09,66,21,62
lindsma01,2008,1,MIA,66,0,172,3.14,57,26,43
lindsma01,2009,1,MIA,54,0,142,5.89,54,24,39
lindsma01,2010,1,HOU,58,0,160,4.39,68,20,43
lindsma01,2011,1,COL,63,0,162,3.0,52,14,36
lindsma01,2012,1,BAL,34,0,109,2.72,35,12,30
lindsma01,2012,2,ARI,12,0,32,2.53,10,2,10
lindsma01,2013,1,CHA,76,0,182,3.12,64,23,46
lindsma01,2014,1,CHA,35,0,102,5.03,47,12,18
lindssh01,2011,1,CHA,4,0,18,12.0,11,5,6
linebsc01,2000,1,SFN,3,0,7,11.57,7,2,0
linebsc01,2000,2,HOU,8,0,29,4.66,11,6,6
linebsc01,2001,1,HOU,9,0,31,2.61,6,6,9
linebsc01,2002,1,HOU,22,0,73,7.03,31,13,24
linebsc01,2003,1,HOU,9,6,95,4.26,38,14,17
linebsc01,2003,2,SDN,43,0,182,2.82,55,22,51
linebsc01,2004,1,SDN,73,0,252,2.14,61,26,83
linebsc01,2005,1,SDN,73,0,221,1.83,55,23,70
linebsc01,2006,1,SDN,73,0,227,3.57,70,22,68
linebsc01,2007,1,SDN,44,0,135,3.8,41,14,25
linebsc01,2007,2,MIL,27,0,76,3.55,27,11,25
linebsc01,2008,1,CHA,50,0,139,3.69,41,9,40
linebsc01,2009,1,CHA,57,0,168,4.66,70,23,55
linebsc01,2010,1,CHA,52,0,172,4.4,59,17,52
linebsc01,2011,1,ATL,64,0,163,3.64,58,21,42
linkjo01,2010,1,LAN,9,0,26,4.15,12,4,4
lintodo01,2003,1,TOR,7,0,27,3.0,7,4,7
lintz01,2020,1,BOS,1,0,3,27.0,4,0,0
lirafe01,2000,1,WAS,53,7,305,5.4,129,36,51
lirafe01,2001,1,WAS,4,0,15,12.6,11,2,3
liriafr01,2005,1,MIN,6,4,71,5.7,19,7,33
liriafr01,2006,1,MIN,28,16,363,2.16,89,32,144
liriafr01,2008,1,MIN,14,14,228,3.91,74,32,67
liriafr01,2009,1,MIN,29,24,410,5.8,147,65,122
liriafr01,2010,1,MIN,31,31,575,3.62,184,58,201
liriafr01,2011,1,MIN,26,24,403,5.09,125,75,112
liriafr01,2012,1,MIN,22,17,300,5.31,89,55,109
liriafr01,2012,2,CHA,12,11,170,5.4,54,32,58
liriafr01,2013,1,PIT,26,26,483,3.02,134,63,163
liriafr01,2014,1,PIT,29,29,487,3.38,130,81,175
liriafr01,2015,1,PIT,31,31,560,3.38,155,70,205
liriafr01,2016,1,PIT,21,21,341,5.46,115,69,116
liriafr01,2016,2,TOR,10,8,148,2.92,42,16,52
liriafr01,2017,1,TOR,18,18,248,5.88,91,43,74
liriafr01,2017,2,HOU,20,0,43,4.4,14,10,11
liriafr01,2018,1,DET,27,26,401,4.58,127,73,110
liriafr01,2019,1,PIT,69,0,210,3.47,60,35,63
liriape01,2004,1,MIL,11,0,47,4.02,15,3,10
liriape01,2005,1,PHI,5,0,23,10.57,10,6,6
litscje01,2007,1,TOR,20,20,333,3.81,116,36,50
litscje01,2008,1,TOR,29,28,528,3.58,178,39,99
litscje01,2009,1,TOR,2,2,27,9.0,14,1,8
litscje01,2010,1,TOR,9,9,140,5.79,53,15,16
litscje01,2011,1,TOR,28,8,225,4.44,69,28,66
litteza01,2018,1,MIN,8,2,61,6.2,25,11,14
litteza01,2019,1,MIN,29,0,111,2.68,34,9,32
litteza01,2020,1,MIN,6,0,19,9.95,12,3,3
litteza01,2021,1,SFN,63,2,185,2.92,46,24,63
litteza01,2022,1,SFN,39,0,133,5.08,48,13,39
litteza01,2023,1,BOS,2,0,9,9.0,3,3,2
litteza01,2023,2,TB,26,14,261,3.93,91,9,72
litteza01,2024,1,TB,29,29,469,3.63,164,31,141
litteza01,2025,1,TB,22,22,400,3.58,128,21,89
litteza01,2025,2,CIN,10,10,160,4.39,46,11,41
littlbr02,2022,1,CHN,1,0,2,40.5,2,1,0
littlbr02,2024,1,TOR,49,0,137,3.74,41,19,36
littlbr02,2025,1,TOR,79,0,205,3.03,48,45,91
littlja02,2025,1,LAN,2,0,9,6.0,4,1,2
littllu01,2023,1,CHN,7,0,20,0.0,5,4,12
littllu01,2024,1,CHN,30,1,78,3.46,15,18,28
littllu01,2025,1,CHN,2,0,8,3.38,1,6,4
littlwe01,2006,1,TEX,33,0,109,1.73,23,13,17
littlwe01,2007,1,TEX,35,0,144,4.31,48,16,24
littlwe01,2008,1,TEX,12,0,54,6.0,18,8,14
livelbe01,2017,1,PHI,15,15,266,4.26,90,24,52
livelbe01,2018,1,PHI,5,5,71,6.85,34,10,22
livelbe01,2018,2,KCA,5,0,20,1.35,7,5,5
livelbe01,2019,1,KCA,1,0,3,27.0,3,0,1
livelbe01,2023,1,CIN,19,12,266,5.38,96,25,79
livelbe01,2024,1,CLE,29,29,453,3.81,139,49,118
livelbe01,2025,1,CLE,9,9,134,3.22,38,15,29
livinbo01,2006,1,SEA,3,0,15,18.0,9,6,3
livinbo01,2007,1,CIN,10,10,169,5.27,77,8,27
lizra01,2007,1,BAL,9,4,74,6.93,25,23,24
lizra01,2008,1,BAL,17,17,253,6.72,99,51,57
lizra01,2009,1,BAL,2,0,4,67.5,8,2,1
lizra01,2015,1,PIT,14,0,70,4.24,26,12,27
llovema01,2020,1,PHI,1,0,3,36.0,5,1,1
llovema01,2021,1,PHI,6,0,20,9.45,10,4,7
llovema01,2022,1,SFN,17,1,49,4.41,14,8,20
llovema01,2023,1,SFN,5,0,16,1.69,4,2,5
llovema01,2023,2,BOS,25,0,89,5.46,32,13,24
lloydgr01,2001,1,WAS,84,0,211,4.35,74,21,44
lloydgr01,2002,1,WAS,41,0,92,5.87,41,8,17
lloydgr01,2002,2,MIA,25,0,79,4.44,26,11,20
lloydgr01,2003,1,NYN,36,0,106,3.31,39,7,17
lloydgr01,2003,2,KCA,16,0,37,10.95,29,7,8
lloydky01,2017,1,SDN,1,1,12,9.0,6,2,2
loaisjo01,2018,1,NYA,9,4,74,5.11,26,12,33
loaisjo01,2019,1,NYA,15,4,95,4.55,31,16,37
loaisjo01,2020,1,NYA,12,3,69,3.52,21,7,22
loaisjo01,2021,1,NYA,57,0,212,2.17,56,16,69
loaisjo01,2022,1,NYA,50,0,144,4.13,43,19,37
loaisjo01,2023,1,NYA,17,0,53,3.06,14,1,6
loaisjo01,2024,1,NYA,3,0,12,0.0,7,1,3
loaisjo01,2025,1,NYA,30,0,89,4.25,34,10,25
loaizes01,2000,1,TEX,20,17,322,5.37,133,31,75
loaizes01,2000,2,TOR,14,14,276,3.62,95,26,62
loaizes01,2001,1,TOR,36,30,570,5.02,239,40,110
loaizes01,2002,1,TOR,25,25,454,5.71,192,38,87
loaizes01,2003,1,CHA,34,34,679,2.9,196,56,207
loaizes01,2004,1,CHA,21,21,422,4.86,156,45,83
loaizes01,2004,2,NYA,10,6,127,8.5,61,26,34
loaizes01,2005,1,WAS,34,34,651,3.77,227,55,173
loaizes01,2006,1,ATH,26,26,464,4.89,179,40,97
loaizes01,2007,1,ATH,2,2,44,1.84,10,4,5
loaizes01,2007,2,LAN,5,5,68,8.34,26,16,15
loaizes01,2008,1,LAN,7,3,72,5.63,24,5,9
loaizes01,2008,2,CHA,3,0,9,3.0,3,0,1
lobstky01,2014,1,DET,7,6,118,4.35,35,14,27
lobstky01,2015,1,DET,13,11,191,5.94,78,23,32
lobstky01,2016,1,PIT,14,0,75,3.96,25,12,15
lobstky01,2021,1,WAS,3,0,4,20.25,3,1,1
loch02,2013,1,HOU,19,0,58,4.19,14,13,16
lockean01,2018,1,SDN,4,3,45,9.6,22,10,12
lockean01,2019,1,NYN,9,4,68,8.34,33,6,16
lockean01,2020,1,NYN,2,1,24,5.63,9,3,8
lockean01,2020,2,SEA,5,0,25,4.32,12,1,3
lockeje01,2011,1,PIT,4,4,50,6.48,21,10,5
lockeje01,2012,1,PIT,8,6,103,5.5,36,11,34
lockeje01,2013,1,PIT,30,30,499,3.52,146,84,125
lockeje01,2014,1,PIT,21,21,394,3.91,127,40,89
lockeje01,2015,1,PIT,30,30,505,4.49,179,60,129
lockeje01,2016,1,PIT,30,19,382,5.44,151,44,73
lockeje01,2017,1,MIA,7,7,96,8.16,42,15,26
lodolni01,2022,1,CIN,19,19,310,3.66,90,39,131
lodolni01,2023,1,CIN,7,7,103,6.29,50,10,47
lodolni01,2024,1,CIN,21,21,346,4.76,101,37,122
lodolni01,2025,1,CIN,29,28,470,3.33,138,31,156
loeka01,2004,1,TEX,2,1,20,5.4,6,6,3
loeka01,2005,1,TEX,48,8,276,3.42,89,31,45
loeka01,2006,1,TEX,15,15,235,5.86,105,22,34
loeka01,2007,1,TEX,28,23,408,5.36,162,56,78
loeka01,2008,1,TEX,14,0,92,3.23,36,8,20
loeka01,2010,1,MIL,53,0,175,2.78,54,15,46
loeka01,2011,1,MIL,72,0,216,3.5,65,16,61
loeka01,2012,1,MIL,70,0,205,4.61,78,20,55
loeka01,2013,1,SEA,4,0,20,10.8,11,1,3
loeka01,2013,2,CHN,7,0,25,5.4,12,4,4
loeka01,2013,3,ATL,9,1,35,6.17,17,5,8
loewead01,2006,1,BAL,22,19,337,5.37,111,62,98
loewead01,2007,1,BAL,6,6,91,3.56,27,26,22
loewead01,2008,1,BAL,7,4,64,8.02,25,18,14
loewead01,2015,1,PHI,20,0,58,6.98,20,17,22
loewead01,2016,1,ARI,8,0,18,15.0,7,6,3
loeweca01,2001,1,SDN,2,2,13,24.92,13,3,1
loeweca01,2003,1,SDN,5,5,65,6.65,35,8,11
loftini01,2024,1,KCA,1,0,3,0.0,1,0,0
loganbo02,2006,1,CHA,21,0,52,8.31,21,15,15
loganbo02,2007,1,CHA,68,0,152,4.97,59,20,35
loganbo02,2008,1,CHA,55,0,127,5.95,57,14,42
loganbo02,2009,1,ATL,20,0,52,5.19,21,9,10
loganbo02,2010,1,NYA,51,0,120,2.93,34,20,38
loganbo02,2011,1,NYA,64,0,125,3.46,43,13,46
loganbo02,2012,1,NYA,80,0,166,3.74,48,28,68
loganbo02,2013,1,NYA,61,0,117,3.23,33,13,50
loganbo02,2014,1,COL,35,0,75,6.84,31,11,32
loganbo02,2015,1,COL,60,0,106,4.33,40,17,44
loganbo02,2016,1,COL,66,0,139,3.69,27,20,57
loganbo02,2017,1,CLE,38,0,63,4.71,20,9,28
loganbo02,2018,1,MIL,16,0,32,5.91,15,10,14
logueza01,2022,1,ATH,14,10,171,6.79,68,20,42
logueza01,2023,1,DET,3,0,33,7.36,13,2,10
logueza01,2024,1,LAN,2,0,6,18.0,6,0,4
lohseky01,2001,1,MIN,19,16,271,5.68,102,29,64
lohseky01,2002,1,MIN,32,31,542,4.23,181,70,124
lohseky01,2003,1,MIN,33,33,603,4.61,211,45,130
lohseky01,2004,1,MIN,35,34,582,5.34,240,76,111
lohseky01,2005,1,MIN,31,30,536,4.18,211,44,86
lohseky01,2006,1,MIN,22,8,191,7.07,80,25,46
lohseky01,2006,2,CIN,12,11,189,4.57,70,19,51
lohseky01,2007,1,CIN,21,21,395,4.58,143,33,80
lohseky01,2007,2,PHI,13,11,183,4.72,64,24,42
lohseky01,2008,1,SLN,33,33,600,3.78,211,49,119
lohseky01,2009,1,SLN,23,22,353,4.74,125,36,77
lohseky01,2010,1,SLN,18,18,276,6.55,129,35,54
lohseky01,2011,1,SLN,30,30,565,3.39,178,42,111
lohseky01,2012,1,SLN,33,33,633,2.86,192,38,143
lohseky01,2013,1,MIL,32,32,596,3.35,196,36,125
lohseky01,2014,1,MIL,31,31,595,3.54,183,45,141
lohseky01,2015,1,MIL,37,22,457,5.85,180,43,108
lohseky01,2016,1,TEX,2,2,28,12.54,15,5,3
loiseri01,2000,1,PIT,40,0,127,5.1,43,30,32
loiseri01,2001,1,PIT,18,0,54,11.5,28,17,9
longsa01,2021,1,SFN,12,5,122,5.53,37,15,38
longsa01,2022,1,SFN,28,6,127,3.61,39,14,33
longsa01,2023,1,ATH,40,1,135,5.6,49,21,32
longsa01,2024,1,KCA,43,0,128,3.16,34,17,44
longsa01,2025,1,KCA,39,0,121,5.36,48,22,33
loopeaa01,2003,1,SEA,6,0,21,5.14,7,2,6
loopebr01,2000,1,MIA,73,0,202,4.41,71,36,29
loopebr01,2001,1,MIA,71,0,213,3.55,63,30,52
loopebr01,2002,1,MIA,78,0,258,3.14,73,28,55
loopebr01,2003,1,MIA,74,0,242,3.68,82,29,56
loopebr01,2004,1,NYN,71,0,250,2.7,86,16,60
loopebr01,2005,1,NYN,60,0,178,3.94,65,22,27
loopebr01,2006,1,SLN,69,0,220,3.56,76,20,41
loopebr01,2007,1,SLN,31,30,525,4.94,183,51,87
loopebr01,2008,1,SLN,33,33,597,4.16,216,45,108
loopebr01,2009,1,MIL,34,34,584,5.22,226,64,100
lopesti01,2020,1,SEA,1,0,3,18.0,2,1,0
lopezal02,2000,1,TB,45,24,556,4.13,199,70,96
lopezal02,2001,1,TB,20,20,374,5.34,152,51,67
lopezal02,2001,2,ARI,13,13,243,4.0,74,24,69
lopezal02,2002,1,ATL,30,4,167,4.37,66,18,39
lopezal02,2003,1,KCA,15,0,68,12.71,41,17,15
lopezal03,2022,1,CIN,3,0,8,6.75,2,0,0
lopezaq01,2003,1,TOR,72,0,221,3.42,58,34,64
lopezaq01,2004,1,TOR,18,0,63,6.0,21,13,13
lopezaq01,2005,1,COL,1,0,12,2.25,3,0,6
lopezaq01,2005,2,PHI,10,0,38,2.13,13,7,16
lopezaq01,2007,1,DET,10,0,52,5.19,18,6,7
lopezaq01,2008,1,DET,48,0,236,3.55,86,22,61
lopezar02,2009,1,SDN,4,0,7,19.29,7,3,0
lopezfe01,2010,1,SLN,1,0,3,0.0,1,1,0
lopezja02,2003,1,COL,75,0,175,3.7,58,12,40
lopezja02,2004,1,COL,64,0,122,7.52,45,26,20
lopezja02,2005,1,COL,3,0,6,22.5,7,0,1
lopezja02,2005,2,ARI,29,0,43,9.42,19,11,11
lopezja02,2006,1,BOS,27,0,50,2.7,13,10,11
lopezja02,2007,1,BOS,61,0,122,3.1,36,18,26
lopezja02,2008,1,BOS,70,0,178,2.43,53,27,38
lopezja02,2009,1,BOS,14,0,35,9.26,20,9,5
lopezja02,2010,1,PIT,50,0,116,2.79,39,18,22
lopezja02,2010,2,SFN,27,0,57,1.42,11,2,16
lopezja02,2011,1,SFN,70,0,159,2.72,42,26,40
lopezja02,2012,1,SFN,70,0,108,2.5,37,14,28
lopezja02,2013,1,SFN,69,0,118,1.83,30,12,37
lopezja02,2014,1,SFN,65,0,113,3.11,31,19,22
lopezja02,2015,1,SFN,77,0,118,1.6,19,16,26
lopezja02,2016,1,SFN,68,0,80,4.05,24,15,15
lopezja04,2023,1,TB,4,1,37,4.38,14,2,8
lopezja04,2024,1,TB,4,1,31,5.23,5,7,8
lopezja04,2025,1,ATH,21,17,278,4.08,81,37,113
lopezjo02,2015,1,MIL,2,2,30,5.4,14,5,10
lopezjo02,2017,1,MIL,1,0,6,4.5,4,1,0
lopezjo02,2018,1,MIL,10,0,59,2.75,16,13,15
lopezjo02,2018,2,KCA,7,7,102,6.35,41,9,23
lopezjo02,2019,1,KCA,39,18,371,6.33,140,42,109
lopezjo02,2020,1,KCA,1,0,2,27.0,3,0,0
lopezjo02,2020,2,BAL,9,6,115,6.34,43,12,28
lopezjo02,2021,1,BAL,33,25,365,6.07,142,56,112
lopezjo02,2022,1,BAL,44,0,145,1.68,30,17,54
lopezjo02,2022,2,MIN,23,0,68,4.37,23,14,18
lopezjo02,2023,1,MIN,37,0,106,5.09,34,11,27
lopezjo02,2023,2,MIA,12,0,35,9.26,20,9,8
lopezjo02,2023,3,BAL,12,0,36,5.25,13,2,14
lopezjo02,2024,1,NYN,28,0,79,3.76,25,11,19
lopezjo02,2024,2,CHN,24,0,80,2.03,21,8,31
lopezjo02,2025,1,WAS,26,0,74,6.57,25,7,17
lopezjo03,2023,1,TB,1,0,6,4.5,3,1,2
lopezni01,2022,1,KCA,1,0,3,18.0,3,0,0
lopezni01,2023,2,ATL,2,0,7,7.71,4,2,0
lopezni01,2025,1,LAA,1,0,1,0.0,0,1,0
lopezpa01,2018,1,MIA,10,10,176,4.14,56,18,46
lopezpa01,2019,1,MIA,21,21,334,5.09,111,27,95
lopezpa01,2020,1,MIA,11,11,172,3.61,50,18,59
lopezpa01,2021,1,MIA,20,20,308,3.07,89,26,115
lopezpa01,2022,1,MIA,32,32,540,3.75,157,53,174
lopezpa01,2023,1,MIN,32,32,582,3.66,176,48,234
lopezpa01,2024,1,MIN,32,32,556,4.08,180,41,198
lopezpa01,2025,1,MIN,14,14,227,2.74,64,20,73
lopezre01,2016,1,WAS,11,6,132,4.91,47,22,42
lopezre01,2017,1,CHA,8,8,143,4.72,49,14,30
lopezre01,2018,1,CHA,32,32,566,3.91,165,75,151
lopezre01,2019,1,CHA,33,33,552,5.38,203,65,169
lopezre01,2020,1,CHA,8,8,79,6.49,28,15,24
lopezre01,2021,1,CHA,20,9,173,3.43,42,13,55
lopezre01,2022,1,CHA,61,1,196,2.76,51,11,63
lopezre01,2023,1,CHA,43,0,126,4.29,33,22,52
lopezre01,2023,2,LAA,13,0,39,2.77,12,8,19
lopezre01,2023,3,CLE,12,0,33,0.0,5,4,12
lopezre01,2024,1,ATL,26,25,407,1.99,108,42,148
lopezre01,2025,1,ATL,1,1,15,5.4,9,2,1
lopezro01,2000,1,SDN,6,6,74,8.76,40,13,17
lopezro01,2002,1,BAL,33,28,590,3.57,172,62,136
lopezro01,2003,1,BAL,26,26,441,5.82,188,43,103
lopezro01,2004,1,BAL,37,23,512,3.59,164,54,121
lopezro01,2005,1,BAL,35,35,628,4.9,232,63,118
lopezro01,2006,1,BAL,36,29,567,5.9,234,59,136
lopezro01,2007,1,COL,14,14,238,4.42,83,21,43
lopezro01,2009,1,PHI,7,5,90,5.7,42,11,19
lopezro01,2010,1,ARI,33,33,600,5.0,227,56,116
lopezro01,2011,1,CHN,26,16,293,4.42,116,29,54
lopezro01,2012,1,CHN,4,0,19,5.68,8,5,2
lopezwi01,2009,1,HOU,8,2,58,8.38,32,8,9
lopezwi01,2010,1,HOU,68,0,201,2.96,66,5,50
lopezwi01,2011,1,HOU,73,0,213,2.79,72,18,56
lopezwi01,2012,1,HOU,64,0,199,2.17,61,8,54
lopezwi01,2013,1,COL,75,0,226,4.06,88,18,48
lopezwi01,2014,1,COL,4,0,19,11.37,18,0,4
lopezyo01,2018,1,ARI,10,0,27,3.0,7,1,11
lopezyo01,2019,1,ARI,70,0,182,3.41,52,17,42
lopezyo01,2020,1,ARI,20,0,59,5.95,21,9,16
lopezyo01,2021,1,ARI,13,0,37,6.57,18,6,13
lopezyo01,2022,1,NYN,8,0,33,5.73,14,5,10
lordbr02,2025,1,WAS,48,19,392,4.34,126,43,108
lorenmi01,2015,1,CIN,27,21,340,5.4,131,57,83
lorenmi01,2016,1,CIN,35,0,150,2.88,41,13,48
lorenmi01,2017,1,CIN,70,0,249,4.45,78,34,80
lorenmi01,2018,1,CIN,45,3,243,3.11,78,34,54
lorenmi01,2019,1,CIN,73,0,250,2.92,68,28,85
lorenmi01,2020,1,CIN,18,2,101,4.28,30,17,35
lorenmi01,2021,1,CIN,27,0,87,5.59,26,14,21
lorenmi01,2022,1,LAA,18,18,293,4.24,81,44,85
lorenmi01,2023,1,DET,18,18,317,3.58,89,27,83
lorenmi01,2023,2,PHI,11,7,142,5.51,49,20,28
lorenmi01,2024,1,TEX,19,18,305,3.81,82,48,75
lorenmi01,2024,2,KCA,7,6,86,1.57,19,12,22
lorenmi01,2025,1,KCA,27,26,425,4.64,149,39,127
loretma01,2001,1,MIL,1,0,3,0.0,1,1,2
loretma01,2009,1,LAN,1,0,1,0.0,0,0,0
lorraan01,2000,1,CHN,8,5,96,6.47,36,18,25
lorraan01,2000,2,CLE,10,0,28,3.86,8,5,5
lorraan01,2002,1,MIL,5,1,36,11.25,22,6,10
loupaa01,2012,1,TOR,33,0,92,2.64,26,2,21
loupaa01,2013,1,TOR,64,0,208,2.47,66,13,53
loupaa01,2014,1,TOR,71,0,206,3.15,50,30,56
loupaa01,2015,1,TOR,60,0,127,4.46,47,7,46
loupaa01,2016,1,TOR,21,0,43,5.02,15,4,15
loupaa01,2017,1,TOR,70,0,173,3.75,59,29,64
loupaa01,2018,1,TOR,50,0,107,4.54,44,13,42
loupaa01,2018,2,PHI,9,0,12,4.5,4,1,2
loupaa01,2019,1,SDN,4,0,10,0.0,2,1,5
loupaa01,2020,1,TB,24,0,75,2.52,17,4,22
loupaa01,2021,1,NYN,65,2,170,0.95,37,16,57
loupaa01,2022,1,LAA,65,0,176,3.84,54,22,52
loupaa01,2023,1,LAA,55,0,146,6.1,65,20,45
loutory01,2024,1,SLN,3,0,7,0.0,2,1,0
loutory01,2025,1,LAN,2,0,9,15.0,4,2,2
loutory01,2025,2,WAS,10,0,27,12.0,16,6,6
louxsh01,2002,1,DET,3,3,42,9.0,19,3,7
louxsh01,2003,1,DET,11,4,91,7.12,37,12,8
louxsh01,2008,1,LAA,7,0,48,2.81,16,2,4
louxsh01,2009,1,LAA,18,6,175,5.86,84,19,19
louxsh01,2012,1,SFN,19,0,76,4.97,32,9,9
lovelri01,2019,1,KCA,25,0,60,7.65,30,8,17
lovelri01,2020,1,KCA,1,0,3,9.0,1,1,0
lovelri01,2021,1,KCA,20,0,62,3.48,16,6,23
lovelri01,2023,1,ATH,27,0,70,4.63,15,10,24
lovelri01,2024,1,CHN,7,0,17,7.94,9,2,6
lovelri01,2024,2,TB,28,0,86,3.77,25,9,20
lovelri01,2025,1,TOR,2,0,5,21.6,2,2,3
lovelri01,2025,2,NYN,8,0,30,6.3,10,4,9
lowderh01,2024,1,CIN,6,6,92,1.17,25,14,22
lowede01,2000,1,BOS,74,0,274,2.56,90,22,79
lowede01,2001,1,BOS,67,3,275,3.53,103,29,82
lowede01,2002,1,BOS,32,32,659,2.58,166,48,127
lowede01,2003,1,BOS,33,33,610,4.47,216,72,110
lowede01,2004,1,BOS,33,33,548,5.42,224,71,105
lowede01,2005,1,LAN,35,35,666,3.61,223,55,146
lowede01,2006,1,LAN,35,34,654,3.63,221,55,123
lowede01,2007,1,LAN,33,32,598,3.88,194,59,147
lowede01,2008,1,LAN,34,34,633,3.24,194,45,147
lowede01,2009,1,ATL,34,34,584,4.67,232,63,111
lowede01,2010,1,ATL,33,33,581,4.0,204,61,136
lowede01,2011,1,ATL,34,34,561,5.05,212,70,137
lowede01,2012,1,CLE,21,21,357,5.52,156,45,41
lowede01,2012,2,NYA,17,0,71,3.04,24,6,14
lowede01,2013,1,TEX,9,0,39,9.0,16,3,8
lowema01,2006,1,SEA,15,0,56,1.93,12,9,20
lowema01,2007,1,SEA,4,0,8,6.75,2,3,3
lowema01,2008,1,SEA,57,0,191,5.37,78,34,55
lowema01,2009,1,SEA,75,0,240,3.26,71,29,69
lowema01,2010,1,SEA,11,0,31,3.48,11,5,7
lowema01,2010,2,TEX,3,0,9,12.0,7,1,5
lowema01,2011,1,TEX,52,0,135,3.8,46,19,42
lowema01,2012,1,TEX,36,0,118,3.43,35,13,28
lowema01,2013,1,LAA,11,0,35,9.26,11,11,7
lowema01,2014,1,CLE,7,0,21,3.86,10,6,6
lowema01,2015,1,SEA,34,0,108,1.0,31,11,47
lowema01,2015,2,TOR,23,0,57,3.79,15,1,14
lowema01,2016,1,DET,54,0,148,7.11,57,21,49
lowerde01,2008,1,KCA,5,0,13,10.38,6,2,6
lowese01,2000,1,CHA,50,5,212,5.48,78,39,53
lowese01,2001,1,CHA,45,11,381,3.61,123,32,71
lowese01,2002,1,PIT,43,1,207,5.35,85,34,57
lowese01,2002,2,COL,8,0,31,8.71,16,7,7
lowese01,2003,1,KCA,28,0,134,6.25,55,21,28
lowryno01,2003,1,SFN,4,0,19,0.0,1,2,5
lowryno01,2004,1,SFN,16,14,276,3.82,91,28,72
lowryno01,2005,1,SFN,33,33,614,3.78,193,76,172
lowryno01,2006,1,SFN,27,27,478,4.74,166,56,84
lowryno01,2007,1,SFN,26,26,468,3.92,155,87,87
lowthza01,2021,1,BAL,10,6,89,6.67,36,13,30
lowthza01,2022,1,BAL,1,0,16,8.44,8,2,1
lucasea01,2023,1,ATH,6,0,20,8.1,10,4,7
lucasea01,2024,1,ATH,3,0,11,14.73,8,3,6
lucasea01,2024,2,DET,3,0,10,5.4,3,2,2
lucasea01,2024,3,TOR,2,0,14,11.57,6,4,2
lucasea01,2025,1,TOR,6,5,73,6.66,25,12,23
lucasjo02,2017,1,SLN,5,0,22,3.68,7,4,7
lucasjo02,2018,1,ATH,8,1,43,6.28,16,9,14
lucasjo02,2019,1,BAL,9,0,47,5.74,14,7,16
lucchjo01,2018,1,SDN,26,26,390,4.08,125,43,145
lucchjo01,2019,1,SDN,30,30,491,4.18,144,56,158
lucchjo01,2020,1,SDN,3,2,17,7.94,13,2,5
lucchjo01,2021,1,NYN,11,8,115,4.46,34,11,41
lucchjo01,2023,1,NYN,9,9,140,2.89,44,17,32
lucchjo01,2024,1,NYN,2,2,31,5.23,8,8,7
lucchjo01,2025,1,SFN,38,0,115,3.76,35,12,31
luciael01,2019,1,TOR,25,0,101,5.35,36,24,27
luebbla01,2000,1,CIN,14,1,61,6.2,27,12,9
luebkco01,2010,1,SDN,4,3,53,4.08,17,6,18
luebkco01,2011,1,SDN,46,17,419,3.29,105,44,154
luebkco01,2012,1,SDN,5,5,93,2.61,28,8,23
luebkco01,2016,1,PIT,9,0,26,9.35,15,11,9
luekejo01,2011,1,SEA,25,0,98,6.06,34,13,29
luekejo01,2012,1,TB,3,0,10,18.9,9,3,2
luekejo01,2013,1,TB,19,0,64,5.06,23,12,25
luekejo01,2014,1,TB,25,0,91,5.64,38,5,19
luetglu01,2012,1,SEA,63,0,122,3.98,37,24,38
luetglu01,2013,1,SEA,35,0,111,4.86,42,16,27
luetglu01,2014,1,SEA,12,0,27,5.0,6,5,7
luetglu01,2015,1,SEA,1,0,7,0.0,0,2,2
luetglu01,2021,1,NYA,57,1,217,2.74,67,15,78
luetglu01,2022,1,NYA,50,0,172,2.67,63,17,60
luetglu01,2023,1,ATL,12,0,41,7.24,17,7,14
lugoru01,2006,1,TB,64,0,255,3.81,75,37,48
lugoru01,2007,1,TB,11,0,32,9.28,17,13,8
lugoru01,2007,2,ATH,27,0,113,4.3,31,24,26
lugose01,2016,1,NYN,17,8,192,2.67,49,21,45
lugose01,2017,1,NYN,19,18,304,4.71,114,25,85
lugose01,2018,1,NYN,54,5,304,2.66,81,28,103
lugose01,2019,1,NYN,61,0,240,2.7,56,16,104
lugose01,2020,1,NYN,16,7,110,5.15,40,10,47
lugose01,2021,1,NYN,46,0,139,3.5,41,19,55
lugose01,2022,1,NYN,62,0,195,3.6,58,18,69
lugose01,2023,1,SDN,26,26,439,3.57,140,36,140
lugose01,2024,1,KCA,33,33,620,3.0,177,48,181
lugose01,2025,1,KCA,26,26,436,4.15,133,55,125
lukasma01,2001,1,LAA,24,0,67,6.04,21,9,25
lukasma01,2002,1,LAA,17,0,42,3.86,17,9,15
lundqda01,2001,1,SDN,17,0,59,5.95,20,7,19
lundqda01,2002,1,SDN,3,0,8,16.88,8,5,0
luplojo01,2021,2,TB,1,0,3,9.0,2,0,0
luplojo01,2023,2,MIN,2,0,4,13.5,1,0,0
luzarje01,2019,1,ATH,6,0,36,1.5,5,3,16
luzarje01,2020,1,ATH,12,9,177,4.12,58,17,59
luzarje01,2021,1,ATH,13,6,114,6.87,46,16,40
luzarje01,2021,2,MIA,12,12,172,6.44,60,32,58
luzarje01,2022,1,MIA,18,18,301,3.32,69,35,120
luzarje01,2023,1,MIA,32,32,536,3.58,162,55,208
luzarje01,2024,1,MIA,12,12,200,5.0,61,22,58
luzarje01,2025,1,PHI,32,32,551,3.92,167,57,216
lylesjo01,2011,1,HOU,20,15,282,5.36,107,26,67
lylesjo01,2012,1,HOU,25,25,424,5.09,159,42,99
lylesjo01,2013,1,HOU,27,25,425,5.59,165,49,93
lylesjo01,2014,1,COL,22,22,380,4.33,127,46,90
lylesjo01,2015,1,COL,10,10,147,5.14,54,19,30
lylesjo01,2016,1,COL,40,5,176,5.83,69,28,32
lylesjo01,2017,1,COL,33,0,140,6.94,61,12,33
lylesjo01,2017,2,SDN,5,5,69,9.39,35,10,22
lylesjo01,2018,1,SDN,24,8,214,4.29,71,19,62
lylesjo01,2018,2,MIL,11,0,49,3.31,12,9,22
lylesjo01,2019,1,PIT,17,17,247,5.36,88,33,90
lylesjo01,2019,2,MIL,11,11,176,2.45,43,22,56
lylesjo01,2020,1,TEX,12,9,173,7.02,67,23,36
lylesjo01,2021,1,TEX,32,30,540,5.15,194,56,146
lylesjo01,2022,1,BAL,32,32,537,4.42,196,52,144
lylesjo01,2023,1,KCA,31,31,533,6.28,176,45,120
lylesjo01,2024,1,KCA,5,0,15,0.0,2,2,3
lynchda02,2021,1,KCA,15,15,204,5.69,80,31,55
lynchda02,2022,1,KCA,27,27,395,5.13,155,52,122
lynchda02,2023,1,KCA,9,9,157,4.64,50,16,34
lynchda02,2024,1,KCA,16,3,130,3.32,29,14,39
lynchda02,2025,1,KCA,57,2,203,3.06,66,26,45
lynnla01,2011,1,SLN,18,2,104,3.12,25,11,40
lynnla01,2012,1,SLN,35,29,528,3.78,168,64,180
lynnla01,2013,1,SLN,33,33,605,3.97,189,76,198
lynnla01,2014,1,SLN,33,33,611,2.74,185,72,181
lynnla01,2015,1,SLN,31,31,526,3.03,172,68,167
lynnla01,2017,1,SLN,33,33,559,3.43,151,78,153
lynnla01,2018,1,MIN,20,20,307,5.1,105,62,100
lynnla01,2018,2,NYA,11,9,163,4.14,58,14,61
lynnla01,2019,1,TEX,33,33,625,3.67,195,59,246
lynnla01,2020,1,TEX,13,13,252,3.32,64,25,89
lynnla01,2021,1,CHA,28,28,471,2.69,123,45,176
lynnla01,2022,1,CHA,21,21,365,3.99,119,19,124
lynnla01,2023,1,CHA,21,21,359,6.47,130,45,144
lynnla01,2023,2,LAN,11,11,192,4.36,59,22,47
lynnla01,2024,1,SLN,23,23,352,3.84,113,44,109
lyonbr01,2001,1,TOR,11,11,189,4.29,63,15,35
lyonbr01,2002,1,TOR,15,10,186,6.53,78,19,30
lyonbr01,2003,1,BOS,49,0,177,4.12,73,19,50
lyonbr01,2005,1,ARI,32,0,88,6.44,44,10,17
lyonbr01,2006,1,ARI,68,0,208,3.89,68,22,46
lyonbr01,2007,1,ARI,73,0,222,2.68,70,22,40
lyonbr01,2008,1,ARI,61,0,178,4.7,75,13,44
lyonbr01,2009,1,DET,65,0,236,2.86,56,31,57
lyonbr01,2010,1,HOU,79,0,234,3.12,68,31,54
lyonbr01,2011,1,HOU,15,0,40,11.48,27,5,6
lyonbr01,2012,1,HOU,37,0,108,3.25,37,11,35
lyonbr01,2012,2,TOR,30,0,75,2.88,19,9,28
lyonbr01,2013,1,NYN,37,0,103,4.98,43,13,23
lyonsty01,2013,1,SLN,12,8,159,4.75,49,16,43
lyonsty01,2014,1,SLN,11,4,110,4.42,33,11,36
lyonsty01,2015,1,SLN,17,8,180,3.75,59,15,60
lyonsty01,2016,1,SLN,30,0,144,3.38,35,14,46
lyonsty01,2017,1,SLN,50,0,162,2.83,39,20,68
lyonsty01,2018,1,SLN,27,0,50,8.64,24,8,19
lyonsty01,2019,1,PIT,3,0,12,11.25,6,3,5
lyonsty01,2019,2,NYA,11,0,26,4.15,7,2,12
lyonsty01,2020,1,NYA,1,0,5,21.6,3,1,0
mabeuch01,2006,1,MIL,1,0,5,21.6,4,3,2
mabryjo01,2000,1,SEA,1,0,2,27.0,3,1,0
mabryjo01,2001,2,MIA,1,0,1,135.0,3,3,0
macdomi01,2001,1,KCA,3,3,46,4.7,18,4,7
macdomi01,2002,1,KCA,6,0,27,5.0,5,7,10
macdomi01,2003,1,KCA,68,0,192,4.08,64,32,57
macdomi01,2004,1,KCA,13,0,34,5.56,16,9,14
macdomi01,2005,1,KCA,68,0,211,3.33,69,24,72
macdomi01,2006,1,KCA,4,0,12,0.0,2,0,2
macdomi01,2006,2,CHA,25,0,75,1.8,19,6,19
macdomi01,2007,1,CHA,54,0,127,6.8,50,33,39
macdomi01,2008,1,CHA,16,0,51,2.12,16,12,12
macdomi01,2009,1,CHA,5,0,13,12.46,7,7,3
macdomi01,2009,2,WAS,52,0,150,3.6,45,31,31
macdomi01,2010,1,SLN,17,0,56,7.23,23,12,14
macdomi01,2011,1,LAN,69,0,171,2.05,54,29,41
macdomi01,2012,1,LAN,7,0,17,7.94,9,6,4
machaan02,2017,1,KCA,2,0,11,22.09,10,3,1
machaan02,2021,1,WAS,40,0,107,3.53,30,15,30
machaan02,2022,1,WAS,51,0,178,3.34,55,26,46
machaan02,2023,1,WAS,44,0,150,5.22,53,13,43
machije01,2012,1,SFN,8,0,20,6.75,7,1,4
machije01,2013,1,SFN,51,0,159,2.38,46,12,51
machije01,2014,1,SFN,71,0,199,2.58,45,18,51
machije01,2015,1,SFN,33,0,105,5.14,38,14,22
machije01,2015,2,BOS,26,0,69,5.09,21,8,20
machije01,2017,1,SEA,5,0,23,1.17,7,4,4
maciejo01,2024,1,NYA,4,0,21,2.57,4,2,7
macivwi01,2025,1,ATH,2,0,6,0.0,4,0,0
maclaev01,2010,1,SLN,2,0,3,9.0,1,1,0
macrasc01,2001,1,CIN,24,0,94,4.02,33,8,18
maddety01,2024,1,DET,6,1,69,4.3,25,8,17
maddoau01,2017,1,BOS,13,0,52,0.52,13,2,14
maddugr01,2000,1,ATL,35,35,748,3.0,225,42,190
maddugr01,2001,1,ATL,34,34,699,3.05,220,27,173
maddugr01,2002,1,ATL,34,34,598,2.62,194,45,118
maddugr01,2003,1,ATL,36,36,655,3.96,225,33,124
maddugr01,2004,1,CHN,33,33,638,4.02,218,33,151
maddugr01,2005,1,CHN,35,35,675,4.24,239,36,136
maddugr01,2006,1,CHN,22,22,409,4.69,153,23,81
maddugr01,2006,2,LAN,12,12,221,3.3,66,14,36
maddugr01,2007,1,SDN,34,34,594,4.14,221,25,104
maddugr01,2008,1,SDN,26,26,460,3.99,161,26,80
maddugr01,2008,2,LAN,7,7,122,5.09,43,4,18
maddumi01,2000,1,HOU,21,0,82,6.26,31,12,17
maderlu01,2021,1,MIA,6,0,36,9.0,13,8,4
madribl01,2023,1,HOU,1,0,3,9.0,1,1,0
madribo01,2004,1,SEA,15,11,264,3.27,74,33,60
madribo01,2005,1,SEA,1,1,13,6.23,4,1,1
madriwa01,2008,1,TEX,31,1,108,4.75,36,14,22
madriwa01,2009,1,TEX,13,0,38,9.95,18,12,5
madsory01,2003,1,PHI,1,0,6,0.0,0,0,0
madsory01,2004,1,PHI,52,1,231,2.34,68,19,55
madsory01,2005,1,PHI,78,0,261,4.14,84,25,79
madsory01,2006,1,PHI,50,17,403,5.69,176,50,99
madsory01,2007,1,PHI,38,0,168,3.05,48,23,43
madsory01,2008,1,PHI,76,0,248,3.05,79,23,67
madsory01,2009,1,PHI,79,0,232,3.26,73,22,78
madsory01,2010,1,PHI,55,0,159,2.55,42,13,64
madsory01,2011,1,PHI,62,0,182,2.37,54,16,62
madsory01,2015,1,KCA,68,0,190,2.13,47,14,58
madsory01,2016,1,ATH,63,0,194,3.62,63,20,49
madsory01,2017,1,ATH,40,0,118,2.06,25,6,39
madsory01,2017,2,WAS,20,0,59,1.37,13,3,28
madsory01,2018,1,WAS,49,0,133,5.28,48,15,41
madsory01,2018,2,LAN,9,0,25,6.48,10,1,13
madurca01,2000,1,BAL,15,2,70,9.64,29,16,18
madurca01,2001,1,BAL,22,12,281,4.23,83,36,51
madurca01,2002,1,BAL,12,10,170,5.56,64,22,29
maedake01,2016,1,LAN,32,32,527,3.48,150,50,179
maedake01,2017,1,LAN,29,25,403,4.22,121,34,140
maedake01,2018,1,LAN,39,20,376,3.81,115,43,153
maedake01,2019,1,LAN,37,26,461,4.04,114,51,169
maedake01,2020,1,MIN,11,11,200,2.7,40,10,80
maedake01,2021,1,MIN,21,21,319,4.66,106,32,113
maedake01,2023,1,MIN,21,20,313,4.23,94,28,117
maedake01,2024,1,DET,29,17,337,6.09,124,31,96
maedake01,2025,1,DET,7,0,24,7.88,9,6,8
magilma01,2013,1,LAN,6,6,83,6.51,27,28,26
magilma01,2016,1,CIN,5,0,13,6.23,5,5,1
magilma01,2018,1,MIN,40,0,170,3.81,58,23,56
magilma01,2019,1,MIN,28,0,85,4.45,30,15,36
magilma01,2019,2,SEA,22,0,67,3.63,21,5,28
magilma01,2020,1,SEA,11,0,31,6.1,9,6,11
magnami01,2000,1,ATH,55,0,119,4.31,50,19,17
magnami01,2001,1,ATH,65,0,166,2.77,50,13,23
magnami01,2002,1,ATH,32,0,86,5.97,38,11,11
magnida01,2016,1,MIL,3,0,9,6.0,2,3,0
magnida01,2017,1,LAA,1,0,1,0.0,0,2,1
magnutr01,2011,1,ATH,9,0,44,6.14,15,5,11
mahayro01,2000,1,ATH,5,2,48,9.0,26,9,5
mahayro01,2000,2,MIA,18,0,76,6.04,31,16,27
mahayro01,2001,1,CHN,17,0,62,2.61,14,15,24
mahayro01,2002,1,CHN,11,0,44,8.59,13,8,14
mahayro01,2003,1,TEX,35,0,136,3.18,33,20,38
mahayro01,2004,1,TEX,60,0,201,2.55,60,29,54
mahayro01,2005,1,TEX,30,0,107,6.81,47,16,30
mahayro01,2006,1,TEX,62,0,171,3.95,54,28,56
mahayro01,2007,1,TEX,28,0,117,2.77,33,21,32
mahayro01,2007,2,ATL,30,0,84,2.25,19,16,23
mahayro01,2008,1,KCA,57,0,194,3.48,61,29,49
mahayro01,2009,1,KCA,41,0,124,4.79,55,19,34
mahayro01,2009,2,MIN,16,0,27,2.0,7,3,8
mahayro01,2010,1,MIN,41,0,102,3.44,33,8,25
mahlegr01,2016,1,LAA,24,0,55,5.4,23,10,14
mahlety01,2017,1,CIN,4,4,60,2.7,19,11,14
mahlety01,2018,1,CIN,23,23,336,4.98,125,53,110
mahlety01,2019,1,CIN,25,25,389,5.14,136,34,129
mahlety01,2020,1,CIN,10,9,143,3.59,34,21,60
mahlety01,2021,1,CIN,33,33,540,3.75,158,64,210
mahlety01,2022,1,CIN,19,19,313,4.4,91,39,114
mahlety01,2022,2,MIN,4,4,49,4.41,13,4,12
mahlety01,2023,1,MIN,5,5,77,3.16,22,5,28
mahlety01,2024,1,TEX,3,3,38,4.97,14,4,10
mahlety01,2025,1,TEX,16,16,260,2.18,69,29,66
maholpa01,2005,1,PIT,6,6,124,2.18,31,17,26
maholpa01,2006,1,PIT,30,30,528,4.76,202,81,117
maholpa01,2007,1,PIT,29,29,533,5.02,204,49,105
maholpa01,2008,1,PIT,31,31,619,3.71,201,63,139
maholpa01,2009,1,PIT,31,31,584,4.44,221,60,119
maholpa01,2010,1,PIT,32,32,556,5.1,228,62,102
maholpa01,2011,1,PIT,26,26,487,3.66,160,50,97
maholpa01,2012,1,CHN,21,20,361,3.74,115,34,81
maholpa01,2012,2,ATL,11,11,206,3.54,63,19,59
maholpa01,2013,1,ATL,26,26,459,4.41,169,47,105
maholpa01,2014,1,LAN,30,8,212,4.84,82,28,34
mahompa01,2000,1,NYN,53,5,282,5.46,96,66,76
mahompa01,2001,1,TEX,56,4,322,5.7,115,55,61
mahompa01,2002,1,CHN,16,2,98,3.86,36,17,23
mahompa01,2003,1,PIT,9,1,67,4.84,19,12,13
maiermi01,2011,1,KCA,1,0,3,0.0,1,0,0
maiermi01,2012,1,KCA,1,0,3,0.0,1,0,0
mailelu01,2019,1,TOR,2,0,6,0.0,1,0,3
mailelu01,2021,1,MIL,1,0,3,9.0,2,0,0
mailelu01,2023,1,CIN,4,0,13,16.62,12,0,0
mailelu01,2024,1,CIN,3,0,11,14.73,6,0,0
mailelu01,2025,1,KCA,1,0,3,0.0,0,1,0
mainejo01,2004,1,BAL,1,1,11,9.82,7,3,1
mainejo01,2005,1,BAL,10,8,120,6.3,39,24,24
mainejo01,2006,1,NYN,16,15,270,3.6,69,33,71
mainejo01,2007,1,NYN,32,32,573,3.91,168,75,180
mainejo01,2008,1,NYN,25,25,420,4.18,122,67,122
mainejo01,2009,1,NYN,15,15,244,4.43,67,38,55
mainejo01,2010,1,NYN,9,9,119,6.13,47,25,39
mainejo01,2013,1,MIA,4,0,22,12.27,15,5,7
mainesc01,2010,1,CHN,13,0,39,2.08,9,5,11
mainesc01,2011,1,CHN,7,0,21,10.29,11,5,5
mainesc01,2012,1,CHN,21,0,62,4.79,17,12,26
mainesc01,2012,2,CLE,9,0,18,10.5,13,3,6
maireos01,2000,1,CHN,2,0,6,18.0,7,2,0
maireos01,2002,1,MIA,31,0,101,5.35,38,12,21
majewga01,2004,1,WAS,16,0,63,3.86,28,5,12
majewga01,2005,1,WAS,79,0,258,2.93,80,37,50
majewga01,2006,1,WAS,46,0,166,3.58,49,25,34
majewga01,2006,2,CIN,19,0,45,8.4,30,4,9
majewga01,2007,1,CIN,32,0,69,8.22,43,3,10
majewga01,2008,1,CIN,37,0,120,6.53,61,15,27
majewga01,2010,1,HOU,2,0,6,22.5,5,1,1
makitka01,2018,1,SDN,27,0,105,5.4,32,12,37
malasma01,2003,1,TB,22,0,48,2.81,13,12,17
malasma01,2004,1,BOS,19,0,60,4.5,21,12,12
maldoan01,2024,1,MIA,16,1,57,5.68,21,7,11
maldoan01,2025,1,ATH,6,0,18,12.0,10,5,7
maldoma01,2014,1,MIL,1,0,3,0.0,1,0,0
maldoma01,2023,1,HOU,1,0,3,36.0,5,1,0
mallebr01,2002,1,MIL,5,0,15,10.8,7,3,5
malonma02,2009,1,CIN,7,7,122,4.87,43,8,28
malonma02,2010,1,CIN,7,2,62,3.05,20,5,13
malonma02,2011,1,CIN,8,2,56,9.16,36,4,13
malonma02,2012,1,MIN,9,0,33,8.18,17,1,5
manaese01,2016,1,ATH,25,24,434,3.86,135,37,124
manaese01,2017,1,ATH,29,29,476,4.37,167,55,140
manaese01,2018,1,ATH,27,27,482,3.59,141,32,108
manaese01,2019,1,ATH,5,5,89,1.21,16,7,30
manaese01,2020,1,ATH,11,11,162,4.5,57,8,45
manaese01,2021,1,ATH,32,32,538,3.91,179,41,194
manaese01,2022,1,SDN,30,28,474,4.96,155,50,156
manaese01,2023,1,SFN,37,10,353,4.44,104,42,128
manaese01,2024,1,NYN,32,32,545,3.47,134,63,184
manaese01,2025,1,NYN,15,12,182,5.64,62,12,75
manesse01,2013,1,SLN,66,0,186,2.32,65,13,35
manesse01,2014,1,SLN,73,0,241,2.91,77,11,55
manesse01,2015,1,SLN,76,0,190,4.26,77,13,46
manesse01,2016,1,SLN,29,0,95,3.41,34,8,16
manesse01,2017,1,KCA,8,0,29,3.72,16,2,4
mannbr01,2018,1,TEX,7,0,25,5.4,7,4,3
mannich01,2008,1,WAS,57,0,126,5.14,35,31,37
mannida01,2003,1,MIL,2,2,20,16.2,11,8,2
mannima01,2021,1,DET,18,18,256,5.8,96,33,57
mannima01,2022,1,DET,12,12,189,3.43,55,19,48
mannima01,2023,1,DET,15,15,234,3.58,60,21,50
mannima01,2024,1,DET,5,5,83,4.88,31,12,23
mannji01,2000,1,NYN,2,0,8,10.13,6,1,0
mannji01,2001,1,HOU,4,0,16,3.38,3,4,5
mannji01,2002,1,HOU,17,0,66,4.09,19,7,19
mannji01,2003,1,PIT,2,0,5,10.8,5,1,1
manoaal01,2021,1,TOR,20,20,335,3.22,77,40,127
manoaal01,2022,1,TOR,31,31,590,2.24,144,51,180
manoaal01,2023,1,TOR,19,19,262,5.87,93,59,79
manoaal01,2024,1,TOR,5,5,73,3.7,17,8,26
manonju01,2003,1,WAS,23,0,85,4.13,26,17,15
manonju01,2006,1,BAL,22,0,60,5.4,23,16,22
manshje01,2009,1,MIN,11,5,95,5.68,39,15,21
manshje01,2010,1,MIN,13,1,87,5.28,34,6,21
manshje01,2011,1,MIN,5,0,10,8.1,5,4,2
manshje01,2012,1,MIN,12,0,65,7.89,29,7,12
manshje01,2013,1,COL,11,4,92,7.04,37,12,18
manshje01,2014,1,PHI,20,0,69,6.65,24,14,16
manshje01,2015,1,CLE,32,0,118,0.92,20,10,33
manshje01,2016,1,CLE,53,0,130,3.12,40,22,36
mantema01,2000,1,ARI,47,0,136,4.57,31,35,53
mantema01,2001,1,ARI,8,0,21,2.57,6,4,12
mantema01,2002,1,ARI,31,0,80,4.73,28,12,26
mantema01,2003,1,ARI,50,0,165,2.62,37,18,68
mantema01,2004,1,ARI,12,0,32,11.81,17,6,13
mantema01,2005,1,BOS,34,0,79,6.49,23,24,22
mantijo01,2016,1,DET,5,0,8,16.88,7,2,2
mantijo01,2019,1,NYA,1,0,9,9.0,3,2,2
mantijo01,2020,1,ARI,4,0,7,15.43,3,4,2
mantijo01,2021,1,ARI,57,0,119,3.4,45,17,38
mantijo01,2022,1,ARI,69,0,180,2.85,59,6,61
mantijo01,2023,1,ARI,35,3,117,4.62,35,9,28
mantijo01,2024,1,ARI,75,2,179,3.92,52,18,53
mantijo01,2025,1,ARI,10,0,29,15.83,26,3,8
manuero01,2009,1,CIN,3,0,13,0.0,5,1,2
manuero01,2010,1,BOS,10,0,38,4.26,10,7,5
manzajo01,2000,1,PIT,43,0,176,3.38,50,32,39
manzajo01,2001,1,PIT,71,0,239,3.39,60,26,80
manzajo01,2002,1,PIT,13,0,39,7.62,20,5,4
manzajo01,2003,1,CIN,9,0,32,12.66,21,4,12
manzajo01,2004,1,MIA,26,0,97,6.12,38,15,27
mapledi01,2017,1,CHN,6,0,16,10.13,6,6,11
mapledi01,2018,1,CHN,9,0,16,11.81,7,5,9
mapledi01,2019,1,CHN,14,0,35,5.4,6,10,18
mapledi01,2020,1,CHN,2,0,3,18.0,1,4,1
mapledi01,2021,1,CHN,28,0,94,2.59,15,25,40
marcush01,2005,1,TOR,5,0,24,0.0,6,4,4
marcush01,2006,1,TOR,21,14,235,5.06,87,38,65
marcush01,2007,1,TOR,38,25,477,4.13,149,49,122
marcush01,2008,1,TOR,25,25,454,3.39,126,50,123
marcush01,2010,1,TOR,31,31,586,3.64,181,43,165
marcush01,2011,1,MIL,33,33,602,3.54,175,57,158
marcush01,2012,1,MIL,21,21,372,3.7,116,41,109
marcush01,2013,1,NYN,14,12,235,5.29,85,21,60
marcush01,2015,1,CLE,7,6,105,5.4,32,11,30
margeni01,2019,1,SDN,17,12,171,6.79,73,19,42
margeni01,2020,1,SEA,10,7,124,4.57,38,14,36
margeni01,2021,1,SEA,5,3,36,8.25,13,7,12
marimsu01,2015,1,ATL,16,0,77,7.36,30,14,14
marinjh01,2010,1,MIA,4,0,8,6.75,3,3,3
marinjh01,2012,1,CHA,2,0,8,0.0,2,2,1
marinjh01,2016,1,TB,3,0,11,2.45,2,0,3
marinjh01,2016,2,MIL,43,0,176,3.22,60,21,47
marinjh01,2017,1,MIL,15,0,50,5.4,23,11,14
marinjh01,2017,2,PIT,24,0,102,3.18,34,12,26
marinjh01,2017,3,TEX,4,0,23,2.35,7,3,5
marinjh01,2018,1,BAL,8,0,24,5.63,9,9,3
marinro01,2022,1,NYA,40,0,132,2.05,22,24,56
marinro01,2023,1,NYA,45,0,142,3.99,35,27,56
marinro01,2024,1,NYA,16,0,70,3.86,18,10,25
marinro01,2025,1,SDN,7,0,32,0.84,6,4,12
mariomi01,2014,1,KCA,17,0,75,6.48,31,12,21
mariomi01,2015,1,KCA,2,0,9,3.0,2,2,1
mariomi01,2016,1,PHI,25,0,65,5.82,18,14,23
mariomi01,2023,1,CIN,1,0,8,3.38,4,1,2
markepa01,2019,1,SEA,5,0,14,15.43,10,4,3
markepa01,2019,2,PIT,15,0,52,5.71,16,13,21
markepa01,2022,1,ATH,3,0,9,0.0,1,5,3
marksju01,2014,1,KCA,1,0,6,13.5,4,3,2
marksju01,2016,1,TB,4,0,27,1.0,7,9,6
marksju01,2017,1,TB,1,0,4,6.75,2,1,1
marksma01,2015,1,ATL,31,0,70,5.01,22,16,21
marksma01,2016,1,ATL,4,0,10,5.4,5,1,2
marmoca01,2006,1,CHN,19,13,231,6.08,71,59,59
marmoca01,2007,1,CHN,59,0,208,1.43,41,35,96
marmoca01,2008,1,CHN,82,0,262,2.68,40,41,114
marmoca01,2009,1,CHN,79,0,222,3.41,43,65,93
marmoca01,2010,1,CHN,77,0,233,2.55,40,52,138
marmoca01,2011,1,CHN,75,0,222,4.01,54,48,99
marmoca01,2012,1,CHN,61,0,166,3.42,40,45,72
marmoca01,2013,1,CHN,31,0,83,5.86,26,21,32
marmoca01,2013,2,LAN,21,0,64,2.53,14,19,27
marmoca01,2014,1,MIA,15,0,40,8.1,16,10,14
maronni01,2012,1,LAA,12,0,18,1.5,6,3,7
maronni01,2013,1,LAA,10,0,16,6.75,4,8,5
maronni01,2014,1,LAA,11,0,19,12.79,12,7,7
marotmi01,2002,1,DET,21,21,386,4.48,136,36,58
marotmi01,2003,1,DET,33,33,580,5.73,231,50,87
marotmi01,2004,1,DET,33,33,651,4.31,244,59,108
marotmi01,2005,1,DET,34,34,627,4.74,235,51,115
marotmi01,2006,1,DET,13,9,161,4.19,64,16,24
marotmi01,2007,1,DET,13,13,235,5.06,97,33,28
marotmi01,2007,2,SLN,14,7,114,10.66,71,17,23
marqubr01,2020,1,CHN,1,0,2,67.5,2,3,1
marquge01,2016,1,COL,6,3,62,5.23,28,6,15
marquge01,2017,1,COL,29,29,486,4.39,174,49,147
marquge01,2018,1,COL,33,33,588,3.77,179,57,230
marquge01,2019,1,COL,28,28,522,4.76,174,35,175
marquge01,2020,1,COL,13,13,245,3.75,78,25,73
marquge01,2021,1,COL,32,32,540,4.4,165,64,176
marquge01,2022,1,COL,31,31,545,4.95,185,63,150
marquge01,2023,1,COL,4,4,60,4.95,19,3,17
marquge01,2024,1,COL,1,1,12,6.75,5,4,3
marquge01,2025,1,COL,26,26,379,6.7,168,48,83
marquja01,2000,1,ATL,15,0,70,5.01,23,12,17
marquja01,2001,1,ATL,38,16,388,3.48,113,59,98
marquja01,2002,1,ATL,22,22,343,5.04,127,49,84
marquja01,2003,1,ATL,21,2,122,5.53,43,18,19
marquja01,2004,1,SLN,32,32,604,3.71,215,70,138
marquja01,2005,1,SLN,33,32,621,4.13,206,69,100
marquja01,2006,1,SLN,33,33,583,6.02,221,75,96
marquja01,2007,1,CHN,34,33,575,4.6,190,76,109
marquja01,2008,1,CHN,29,28,501,4.53,172,70,91
marquja01,2009,1,COL,33,33,648,4.04,218,80,115
marquja01,2010,1,WAS,13,13,176,6.6,76,24,31
marquja01,2011,1,WAS,20,20,362,3.95,132,39,71
marquja01,2011,2,ARI,3,3,34,9.53,22,4,5
marquja01,2012,1,MIN,7,7,102,8.47,52,14,12
marquja01,2012,2,SDN,15,15,281,4.04,94,28,79
marquja01,2013,1,SDN,20,20,353,4.05,111,68,72
marquja01,2015,1,CIN,9,9,142,6.46,64,14,37
marquje01,2010,1,CHA,1,0,3,18.0,2,0,0
marquje01,2011,1,NYA,3,0,12,2.25,5,0,2
marshal01,2023,1,KCA,17,8,223,5.69,77,39,85
marshal01,2024,1,KCA,26,25,387,4.53,123,39,123
marshbr01,2013,1,NYA,3,0,36,4.5,13,7,7
marshev01,2014,1,ARI,57,0,148,2.74,50,17,54
marshev01,2015,1,ARI,13,0,40,6.08,20,5,7
marshev01,2016,1,ARI,15,0,46,8.8,28,8,9
marshev01,2017,1,SEA,6,0,23,9.39,12,5,4
marshev01,2018,1,CLE,10,0,21,7.71,12,4,9
marshev01,2019,1,CHA,55,0,152,2.49,42,24,41
marshev01,2020,1,CHA,23,0,68,2.38,17,7,30
marshev01,2021,1,CHA,27,0,82,5.6,28,9,26
marshja01,2007,1,ATH,51,0,126,6.43,50,22,18
marshja01,2009,1,ATH,10,0,22,14.73,13,0,1
marshse01,2006,1,CHN,24,24,377,5.59,132,59,77
marshse01,2007,1,CHN,21,19,310,3.92,107,35,67
marshse01,2008,1,CHN,34,7,196,3.86,60,23,58
marshse01,2009,1,CHN,55,9,256,4.32,91,32,68
marshse01,2010,1,CHN,80,0,224,2.65,58,25,90
marshse01,2011,1,CHN,78,0,227,2.26,66,17,79
marshse01,2012,1,CIN,73,0,183,2.51,55,16,74
marshse01,2013,1,CIN,16,0,31,1.74,4,2,10
marshse01,2014,1,CIN,15,0,42,7.71,23,12,14
marsosa01,2004,1,NYA,1,0,4,0.0,2,0,0
martean01,2010,1,CLE,1,0,3,0.0,0,0,1
marteda01,2001,1,PIT,23,0,109,4.71,34,12,39
marteda01,2002,1,CHA,68,0,181,2.83,44,18,72
marteda01,2003,1,CHA,71,0,239,1.58,50,34,87
marteda01,2004,1,CHA,74,0,221,3.42,56,34,68
marteda01,2005,1,CHA,66,0,136,3.77,45,33,54
marteda01,2006,1,PIT,75,0,175,3.7,51,31,63
marteda01,2007,1,PIT,65,0,136,2.38,32,18,51
marteda01,2008,1,PIT,47,0,140,3.47,38,16,47
marteda01,2008,2,NYA,25,0,55,5.4,14,10,24
marteda01,2009,1,NYA,21,0,40,9.45,15,6,13
marteda01,2010,1,NYA,30,0,53,4.08,10,11,12
martefr01,2017,1,HOU,32,4,163,5.8,51,31,69
martejo01,2021,1,LAA,4,0,12,9.0,4,3,5
martejo01,2022,1,LAA,11,0,33,7.36,8,18,15
martejo01,2023,1,LAA,10,0,28,8.68,14,7,7
martejo01,2024,1,LAA,14,0,58,2.33,14,10,14
marteke02,2016,1,PIT,2,0,10,0.0,5,2,1
martelu01,2011,1,DET,4,0,11,2.45,6,1,3
martelu01,2012,1,DET,13,0,67,2.82,19,9,19
martevi01,2009,1,KCA,8,0,36,8.25,13,12,7
martevi01,2010,1,KCA,22,0,83,9.76,38,15,19
martevi01,2012,1,SLN,48,0,121,4.91,51,14,36
martevi01,2013,1,SLN,4,0,9,6.0,4,3,2
marteyu01,2022,1,SFN,39,0,144,5.44,47,22,44
marteyu01,2023,1,PHI,40,0,118,5.03,47,17,38
marteyu01,2024,1,PHI,23,0,78,6.92,34,15,23
martiad01,2022,1,ATH,12,12,173,6.24,69,19,53
martiad01,2023,1,ATH,22,1,165,4.75,59,19,47
martian01,2004,1,BOS,11,0,32,8.44,13,6,5
martibr01,2019,1,TEX,51,2,187,4.76,72,18,62
martibr01,2020,1,TEX,15,0,44,1.84,8,9,8
martibr01,2021,1,TEX,66,0,187,3.18,67,14,42
martibr01,2022,1,TEX,55,1,150,4.14,50,18,40
martica03,2006,1,MIA,12,0,31,1.74,9,6,11
martica03,2007,1,MIA,2,0,8,13.5,4,1,2
martica03,2009,1,MIA,2,0,7,3.86,3,2,2
martica04,2013,1,SLN,21,1,85,5.08,31,9,24
martica04,2014,1,SLN,57,7,268,4.03,90,36,84
martica04,2015,1,SLN,31,29,539,3.01,168,63,184
martica04,2016,1,SLN,31,31,586,3.04,169,70,174
martica04,2017,1,SLN,32,32,615,3.64,179,71,217
martica04,2018,1,SLN,33,18,356,3.11,100,60,117
martica04,2019,1,SLN,48,0,145,3.17,39,18,53
martica04,2020,1,SLN,5,5,60,9.9,32,10,17
martica04,2021,1,SLN,16,16,247,6.23,77,36,57
martich02,2014,1,COL,16,0,47,6.89,22,4,14
martich02,2015,1,NYA,24,0,62,5.66,28,6,18
martich02,2018,1,TEX,46,0,125,4.54,46,5,37
martich02,2019,1,TEX,38,0,114,3.08,35,4,43
martich02,2019,2,ATL,20,0,53,4.08,17,1,22
martich02,2020,1,ATL,19,0,54,1.0,8,3,20
martich02,2021,1,ATL,46,0,130,3.95,49,6,33
martich02,2022,1,CHN,34,0,94,4.31,38,4,40
martich02,2022,2,LAN,26,0,74,1.46,12,1,34
martich02,2023,1,BOS,55,0,154,1.05,45,8,46
martich02,2024,1,BOS,45,0,133,3.45,47,3,50
martich02,2025,1,TEX,49,0,127,2.98,43,8,43
martico01,2015,1,ATL,21,0,65,5.4,24,7,24
martico01,2015,2,ATH,4,2,27,14.0,16,5,3
martico01,2016,1,SEA,9,2,77,3.86,28,9,15
martico01,2017,1,SEA,1,0,6,13.5,5,2,0
martico02,2019,1,HOU,5,5,58,5.59,23,12,19
martico02,2021,1,ARI,5,3,48,10.69,23,14,13
martico02,2022,1,ARI,7,2,67,4.84,25,12,21
martico02,2025,1,BAL,17,0,54,6.0,22,9,23
marticr01,2009,1,MIA,15,0,79,5.13,27,8,18
marticr01,2010,1,ATL,18,0,78,4.85,28,6,22
marticr01,2011,1,ATL,46,0,233,3.36,56,19,58
marticr01,2012,1,ATL,54,0,221,3.91,80,19,65
marticr01,2013,1,ATL,2,0,7,7.71,5,0,0
martida02,2013,1,HOU,4,0,34,7.15,16,3,6
martida02,2014,1,HOU,3,0,21,5.14,5,2,6
martida03,2022,1,CHA,14,9,190,4.83,63,19,48
martida03,2024,1,CHA,11,10,150,4.32,50,23,47
martida03,2025,1,CHA,26,25,428,4.1,136,48,104
martiet01,2013,1,PHI,15,8,120,6.08,42,26,47
martiet01,2014,1,PHI,2,0,12,4.5,1,3,4
martijd01,2009,1,WAS,15,15,231,4.44,85,24,37
martijd01,2010,1,WAS,9,9,144,4.13,56,11,31
martijo07,2009,1,SFN,9,5,90,7.5,46,12,19
martijo07,2010,1,SFN,4,1,33,4.91,15,6,3
martijo07,2010,2,PIT,5,0,26,3.12,11,3,6
martijo07,2012,1,ARI,1,0,3,9.0,2,0,1
martijo07,2013,1,CLE,2,0,15,1.8,4,0,3
martiju01,2023,1,ARI,10,0,30,12.6,13,11,14
martiju01,2024,1,ARI,64,0,218,2.48,59,36,91
martiju01,2025,1,ARI,17,0,46,4.11,7,12,22
martiky01,2017,1,BOS,2,0,7,3.86,2,2,1
martile01,2017,2,CHN,1,0,2,27.0,3,0,0
martilu01,2003,1,MIL,4,4,49,9.92,25,15,10
martimi02,2017,1,CLE,1,0,3,0.0,1,0,0
martini01,2014,1,TEX,29,24,421,4.55,150,55,77
martini01,2015,1,TEX,24,21,375,3.96,135,46,77
martini01,2016,1,TEX,12,5,116,5.59,45,19,16
martini01,2017,1,TEX,23,18,334,5.66,124,28,67
martini01,2022,1,SDN,47,10,319,3.47,96,41,95
martini01,2023,1,SDN,63,9,331,3.43,99,40,106
martini01,2024,1,CIN,42,16,427,3.1,128,18,116
martini01,2025,1,CIN,40,26,497,4.45,158,42,116
martini02,2019,1,ATH,1,0,3,0.0,0,2,1
martipe02,2000,1,BOS,29,29,651,1.74,128,32,284
martipe02,2001,1,BOS,18,18,350,2.39,84,25,163
martipe02,2002,1,BOS,30,30,598,2.26,144,40,239
martipe02,2003,1,BOS,29,29,560,2.22,147,47,206
martipe02,2004,1,BOS,33,33,651,3.9,193,61,227
martipe02,2005,1,NYN,31,31,651,2.82,159,47,208
martipe02,2006,1,NYN,23,23,398,4.48,108,39,137
martipe02,2007,1,NYN,5,5,84,2.57,33,7,32
martipe02,2008,1,NYN,20,20,327,5.61,127,44,87
martipe02,2009,1,PHI,9,9,134,3.63,48,8,37
martira02,2000,1,BOS,27,27,383,6.13,143,67,89
martira02,2001,1,PIT,4,4,47,8.62,16,16,9
martira04,2015,1,WAS,13,0,37,5.11,12,5,25
martira04,2016,1,WAS,8,0,11,2.45,0,1,5
martiru01,2019,1,LAN,4,0,12,0.0,2,0,2
martise01,2021,1,HOU,3,0,9,15.0,5,3,3
martise01,2022,1,HOU,29,0,116,2.09,26,14,38
martise01,2023,1,HOU,35,0,129,5.23,45,19,45
martise01,2024,1,HOU,44,0,158,3.59,49,18,36
martise01,2025,1,MIA,6,0,20,5.4,4,3,4
martish01,2008,1,WAS,5,4,62,5.66,18,12,23
martish01,2009,1,WAS,15,15,257,5.25,83,39,34
martish01,2013,1,MIN,6,0,29,5.59,6,4,7
martito02,2000,1,CLE,31,0,100,4.05,32,15,21
martito02,2001,1,NYN,14,0,51,10.06,23,10,12
martito02,2002,1,TB,2,0,5,16.2,5,1,1
martito02,2003,1,LAN,80,0,153,3.53,36,24,51
martito02,2004,1,LAN,47,0,85,4.13,32,14,18
martito02,2004,2,ATL,29,0,51,3.71,17,5,12
martito02,2005,1,ATL,4,0,7,19.29,6,2,0
martito02,2006,1,COL,68,0,181,5.07,62,25,46
martito02,2007,1,COL,26,0,77,4.91,32,9,10
martiwi01,2000,1,CLE,1,0,9,3.0,1,1,1
marveja01,2019,1,PIT,4,4,52,8.31,25,6,9
masaoon01,2000,1,LAN,29,0,81,4.0,23,15,27
masseni01,2006,1,TEX,8,0,26,4.15,9,2,4
masseni01,2007,1,CHA,27,1,118,7.09,52,26,21
masseni01,2008,1,CHA,32,1,134,4.63,55,21,32
masseni01,2008,2,CIN,10,0,52,2.08,16,5,11
masseni01,2009,1,CIN,74,0,228,2.37,54,24,70
masseni01,2010,1,CIN,82,0,230,3.4,64,33,85
masseni01,2011,1,CIN,75,0,211,3.71,76,31,62
masseni01,2014,1,COL,51,0,135,5.8,56,24,36
masseni01,2015,1,MIA,8,0,29,1.86,12,1,6
masseni01,2015,2,ATL,20,0,46,6.46,18,8,12
masteju01,2008,1,BOS,36,9,265,3.16,68,40,68
masteju01,2009,1,BOS,31,6,216,4.5,72,25,67
masteju01,2009,2,CLE,11,10,172,4.55,56,35,52
masteju01,2010,1,CLE,34,29,540,4.7,197,73,140
masteju01,2011,1,CLE,34,33,648,3.21,211,65,158
masteju01,2012,1,CLE,34,34,619,4.93,212,88,159
masteju01,2013,1,CLE,32,29,579,3.45,156,76,195
masteju01,2014,1,CLE,19,19,294,5.51,106,56,93
masteju01,2014,2,SLN,9,6,92,7.04,35,13,23
masteju01,2015,1,BOS,18,9,178,5.61,68,27,49
mastnto01,2006,1,CLE,15,0,49,5.51,17,8,14
mastnto01,2007,1,CLE,51,0,173,4.68,63,32,52
mastnto01,2008,1,CLE,14,1,60,10.8,28,11,19
mastrmi01,2023,1,CHN,1,0,1,108.0,4,0,0
mastrmi01,2025,1,SEA,1,0,3,0.0,1,2,0
matafr01,2010,1,BAL,15,0,52,7.79,24,8,9
mateojo01,2025,1,BAL,1,0,3,45.0,5,2,0
mateoju01,2002,1,SEA,12,0,63,4.29,20,12,15
mateoju01,2003,1,SEA,50,0,257,3.15,69,13,71
mateoju01,2004,1,SEA,45,0,173,4.68,56,16,43
mateoju01,2005,1,SEA,55,1,265,3.06,79,17,52
mateoju01,2006,1,SEA,48,0,161,4.19,62,22,31
mateoju01,2007,1,SEA,9,0,36,3.75,12,5,4
mateoju02,2006,1,CHN,11,10,137,5.32,51,23,35
mateoma01,2010,1,CHN,21,0,65,5.82,20,9,26
mateoma01,2011,1,CHN,23,0,69,4.3,24,10,25
mateoma01,2015,1,SDN,26,0,81,4.0,22,9,33
mathejo02,2010,1,SLN,1,0,6,9.0,2,3,0
mathejo02,2012,1,CHN,1,0,1,0.0,1,0,0
mathetj01,2000,1,ATH,50,0,179,6.03,73,25,42
mathetj01,2001,1,ATH,20,0,69,5.09,28,11,19
mathetj01,2001,2,SLN,10,0,44,3.07,11,1,10
mathetj01,2002,1,HOU,12,0,55,3.44,19,5,13
mathido01,2008,1,TEX,8,4,67,6.85,37,14,9
mathido01,2009,1,TEX,24,2,128,3.16,39,10,25
mathido01,2010,1,TEX,13,0,67,6.04,30,11,10
mathije01,2012,1,TOR,2,0,6,9.0,4,1,0
mathije01,2018,1,ARI,1,0,3,9.0,1,0,1
mathije01,2019,1,TEX,2,0,6,9.0,3,0,1
mathisc01,2006,1,PHI,9,8,112,7.47,48,16,28
mathisc01,2010,1,PHI,2,0,5,10.8,5,2,1
mathisc01,2011,1,PHI,4,0,15,0.0,9,3,5
mathiwy01,2021,1,ARI,1,0,3,0.0,1,0,0
matonni01,2021,1,PHI,1,0,1,0.0,0,0,1
matonni01,2022,1,PHI,2,0,4,20.25,4,0,0
matonph01,2017,1,SDN,46,0,129,4.19,41,14,46
matonph01,2018,1,SDN,45,0,142,4.37,50,23,55
matonph01,2019,1,SDN,21,0,73,7.77,34,6,20
matonph01,2019,2,CLE,9,0,37,2.92,4,6,13
matonph01,2020,1,CLE,23,0,65,4.57,23,6,32
matonph01,2021,1,CLE,38,1,124,4.57,36,20,61
matonph01,2021,2,HOU,27,0,76,4.97,29,12,24
matonph01,2022,1,HOU,67,0,197,3.84,58,24,73
matonph01,2023,1,HOU,68,0,198,3.0,49,25,74
matonph01,2024,1,TB,40,0,106,4.58,29,18,30
matonph01,2024,2,NYN,31,0,86,2.51,18,6,30
matonph01,2025,1,SLN,40,0,115,2.35,28,15,48
matonph01,2025,2,TEX,23,0,69,3.52,14,8,33
matosos01,2008,1,SFN,20,0,62,4.79,26,9,16
matosos01,2009,1,SFN,5,0,18,9.0,11,1,5
matsuda01,2007,1,BOS,32,32,614,4.4,191,80,201
matsuda01,2008,1,BOS,29,29,503,2.9,128,94,154
matsuda01,2009,1,BOS,12,12,178,5.76,81,30,54
matsuda01,2010,1,BOS,25,25,461,4.69,137,74,133
matsuda01,2011,1,BOS,8,7,112,5.3,32,23,26
matsuda01,2012,1,BOS,11,11,137,8.28,58,20,41
matsuda01,2013,1,NYN,7,7,116,4.42,32,16,33
matsuda01,2014,1,NYN,34,9,250,3.89,62,50,78
matsuyu01,2024,1,SDN,64,0,188,3.73,46,27,69
matsuyu01,2025,1,SDN,61,0,190,3.98,53,33,61
mattetr01,2001,1,WAS,8,8,135,6.0,51,21,26
matthmi01,2000,1,SLN,14,0,28,11.57,15,10,8
matthmi01,2001,1,SLN,51,10,267,3.24,74,33,72
matthmi01,2002,1,SLN,43,0,125,3.89,40,22,32
matthmi01,2002,2,MIL,4,0,12,4.5,3,7,2
matthmi01,2003,1,SDN,77,0,194,4.45,65,29,44
matthmi01,2004,1,CIN,35,0,90,6.3,31,16,15
matthmi01,2005,1,NYN,6,0,15,10.8,9,4,2
matthry01,2011,1,WAS,35,0,96,2.81,26,15,12
matthry01,2012,1,WAS,66,0,199,2.85,57,19,41
matthry01,2013,1,WAS,37,0,106,6.37,52,15,22
matthry01,2014,1,WAS,7,0,26,1.04,7,4,4
matthry01,2015,1,LAA,1,0,3,0.0,0,1,2
matthry01,2015,2,CIN,57,0,165,4.09,67,17,35
matthze01,2024,1,MIN,9,9,113,6.69,51,11,43
matthze01,2025,1,MIN,16,16,238,5.56,94,24,88
mattsis01,2021,1,BAL,4,0,13,6.23,5,5,3
mattsis01,2024,1,PIT,3,0,16,5.06,1,5,6
mattsis01,2025,1,PIT,44,0,143,2.45,35,19,45
matusbr01,2009,1,BAL,8,8,134,4.63,52,14,38
matusbr01,2010,1,BAL,32,32,527,4.3,173,63,143
matusbr01,2011,1,BAL,12,12,149,10.69,81,24,38
matusbr01,2012,1,BAL,34,16,294,4.87,112,41,81
matusbr01,2013,1,BAL,65,0,153,3.53,43,16,50
matusbr01,2014,1,BAL,63,0,155,3.48,51,17,53
matusbr01,2015,1,BAL,58,0,147,2.94,38,20,56
matusbr01,2016,1,BAL,7,0,18,12.0,11,7,1
matusbr01,2016,2,CHN,1,1,9,18.0,6,2,2
matzety01,2014,1,COL,20,19,353,4.05,120,44,91
matzety01,2015,1,COL,5,5,66,4.09,21,19,15
matzety01,2020,1,ATL,21,0,87,2.79,23,10,43
matzety01,2021,1,ATL,69,0,189,2.57,40,37,77
matzety01,2022,1,ATL,42,0,131,3.5,26,29,36
matzety01,2024,1,ATL,11,0,30,9.9,16,3,10
matzety01,2025,1,NYA,7,0,19,4.26,11,5,7
matzst01,2015,1,NYN,6,6,107,2.27,34,10,34
matzst01,2016,1,NYN,22,22,397,3.4,129,31,129
matzst01,2017,1,NYN,13,13,200,6.08,83,19,48
matzst01,2018,1,NYN,30,30,462,3.97,134,58,152
matzst01,2019,1,NYN,32,30,481,4.21,163,52,153
matzst01,2020,1,NYN,9,6,92,9.68,42,10,36
matzst01,2021,1,TOR,29,29,452,3.82,158,43,144
matzst01,2022,1,SLN,15,10,144,5.25,50,10,54
matzst01,2023,1,SLN,25,17,315,3.86,108,32,98
matzst01,2024,1,SLN,12,7,133,5.08,49,15,33
matzst01,2025,1,SLN,32,2,165,3.44,56,9,47
matzst01,2025,2,BOS,21,0,65,2.08,17,2,12
maurebr01,2013,1,SEA,22,14,270,6.3,114,27,70
maurebr01,2014,1,SEA,38,7,209,4.65,74,19,55
maurebr01,2015,1,SDN,53,0,153,3.0,39,15,39
maurebr01,2016,1,SDN,71,0,209,4.52,65,23,72
maurebr01,2017,1,SDN,42,0,118,5.72,39,8,38
maurebr01,2017,2,KCA,26,0,60,8.1,34,11,21
maurebr01,2018,1,KCA,37,0,94,7.76,42,25,31
maureda01,2000,1,SDN,14,0,44,3.68,15,5,13
maureda01,2001,1,SDN,3,0,15,10.8,8,4,4
maureda01,2002,1,CLE,2,0,4,13.5,3,0,0
maureda01,2004,1,TOR,3,0,4,54.0,6,5,1
maxweza01,2025,1,CIN,8,0,30,4.5,10,4,13
mayayu01,2010,1,WAS,5,5,78,5.88,30,11,12
mayayu01,2011,1,WAS,10,5,98,5.23,40,10,15
mayayu01,2013,1,WAS,1,0,1,54.0,2,0,0
mayda02,2002,1,KCA,30,21,394,5.35,144,50,95
mayda02,2003,1,KCA,35,32,630,3.77,197,53,115
mayda02,2004,1,KCA,31,31,558,5.61,234,55,120
mayda02,2005,1,SDN,22,8,178,5.61,73,20,32
mayda02,2005,2,NYA,2,1,21,16.71,14,3,3
maydu01,2019,1,LAN,14,4,104,3.63,33,5,32
maydu01,2020,1,LAN,12,10,168,2.57,45,16,44
maydu01,2021,1,LAN,5,5,69,2.74,16,6,35
maydu01,2022,1,LAN,6,6,90,4.5,21,14,29
maydu01,2023,1,LAN,9,9,144,2.63,29,16,34
maydu01,2025,1,LAN,19,18,312,4.85,97,43,97
maydu01,2025,2,BOS,6,5,85,5.4,35,13,26
mayermi01,2016,1,SLN,4,1,16,27.0,16,3,2
mayermi01,2017,1,SLN,3,0,14,11.57,8,4,3
mayermi01,2018,1,SLN,50,0,155,4.7,59,15,49
mayermi01,2019,1,SLN,16,0,57,6.63,21,11,16
mayermi01,2020,1,LAA,29,0,90,2.1,18,9,43
mayermi01,2021,1,LAA,72,2,225,3.84,71,26,90
mayermi01,2022,1,LAA,24,3,152,5.68,52,18,45
mayermi01,2023,1,KCA,6,2,79,6.15,34,10,17
mayfija01,2021,2,SEA,1,0,1,0.0,0,0,0
mayfija01,2022,1,LAA,1,0,3,0.0,1,0,0
maynebr01,2000,1,COL,1,0,3,0.0,1,1,0
maysjo01,2000,1,MIN,31,28,481,5.56,193,67,102
maysjo01,2001,1,MIN,34,34,701,3.16,205,64,123
maysjo01,2002,1,MIN,17,17,286,5.38,113,25,38
maysjo01,2003,1,MIN,31,21,390,6.3,159,39,50
maysjo01,2005,1,MIN,31,26,468,5.65,203,41,59
maysjo01,2006,1,KCA,6,6,71,10.27,38,14,9
maysjo01,2006,2,CIN,7,4,81,7.33,40,12,16
maytr01,2014,1,MIN,10,9,137,7.88,59,22,44
maytr01,2015,1,MIN,48,16,344,4.0,127,26,110
maytr01,2016,1,MIN,44,0,128,5.27,39,17,60
maytr01,2018,1,MIN,24,1,76,3.2,21,5,36
maytr01,2019,1,MIN,65,0,193,2.94,43,26,79
maytr01,2020,1,MIN,24,0,70,3.86,20,7,38
maytr01,2021,1,NYN,68,0,188,3.59,55,24,83
maytr01,2022,1,NYN,26,0,75,5.04,27,9,30
maytr01,2023,1,ATH,49,0,140,3.28,35,29,40
mayzati01,2017,1,TOR,19,0,51,6.88,24,4,27
mayzati01,2018,1,TOR,37,0,107,3.28,33,14,40
mayzati01,2019,1,TOR,68,0,154,4.91,45,27,55
mayzati01,2021,1,TOR,61,0,159,3.4,40,12,57
mayzati01,2022,1,TOR,63,0,146,3.14,42,12,44
mayzati01,2023,1,TOR,69,0,160,1.52,50,15,53
mayzati01,2024,1,TOR,35,0,74,8.03,36,12,16
mayzati01,2024,2,NYA,15,0,54,4.0,18,3,12
mayzati01,2025,1,PIT,7,0,28,2.89,9,1,8
mayzati01,2025,2,PHI,8,0,22,4.91,8,4,7
mazurad01,2024,1,SDN,8,8,101,7.49,40,21,22
mazurad01,2025,1,MIA,6,6,90,4.8,33,12,19
mazzach01,2019,1,NYN,9,0,49,5.51,21,5,11
mazzach01,2020,1,BOS,9,6,90,4.8,34,15,29
mazzach01,2021,1,TB,14,0,82,4.61,26,7,21
mazzach01,2022,1,TB,2,0,16,11.81,9,6,5
mazzavi01,2009,1,ATH,17,17,274,5.32,120,39,59
mazzavi01,2010,1,ATH,24,18,367,4.27,127,50,79
mazzavi01,2011,1,KCA,7,4,85,8.26,39,15,10
mazzavi01,2012,1,KCA,18,6,132,5.73,55,19,26
mazzavi01,2013,1,PIT,57,0,221,2.81,68,21,46
mazzavi01,2014,1,PIT,5,0,31,3.48,8,5,7
mazzavi01,2015,1,MIA,10,0,36,3.75,15,6,6
mazzavi01,2016,1,SFN,2,0,3,54.0,7,1,0
mazzoco01,2015,1,SDN,8,0,26,20.77,23,5,8
mazzoco01,2017,1,SDN,6,0,24,13.5,17,4,4
mazzoco01,2018,1,CHN,8,0,26,1.04,5,5,7
mcallza01,2011,1,CLE,4,4,53,6.11,26,7,14
mcallza01,2012,1,CLE,22,22,376,4.24,133,38,110
mcallza01,2013,1,CLE,24,24,403,3.75,134,49,101
mcallza01,2014,1,CLE,22,15,258,5.23,96,28,74
mcallza01,2015,1,CLE,61,1,207,3.0,70,23,84
mcallza01,2016,1,CLE,53,2,157,3.44,53,23,54
mcallza01,2017,1,CLE,50,0,186,2.61,53,21,66
mcallza01,2018,1,CLE,41,0,125,4.97,47,10,34
mcallza01,2018,2,DET,3,0,10,21.6,10,0,5
mcallza01,2023,1,NYA,7,0,16,10.13,9,2,5
mcartja01,2023,1,KCA,18,2,70,4.63,20,2,23
mcartja01,2024,1,KCA,57,0,170,4.92,68,14,49
mcbetma01,2007,1,CIN,23,0,59,5.95,22,7,17
mcbrima01,2005,1,ATL,23,0,42,5.79,18,7,22
mcbrima01,2006,1,ATL,71,0,170,3.65,53,32,46
mcbrima01,2007,1,ATL,18,0,45,3.6,14,15,17
mcbrima01,2007,2,DET,20,0,53,6.11,19,10,13
mccanja02,2023,1,BAL,1,0,3,0.0,2,0,0
mccanja02,2024,1,BAL,1,0,3,18.0,2,0,0
mccarbr01,2005,1,CHA,12,10,201,4.03,62,17,48
mccarbr01,2006,1,CHA,53,2,254,4.68,77,33,69
mccarbr01,2007,1,TEX,23,22,305,4.87,111,48,59
mccarbr01,2008,1,TEX,5,5,66,4.09,20,8,10
mccarbr01,2009,1,TEX,17,17,292,4.62,96,36,65
mccarbr01,2011,1,ATH,25,25,512,3.32,168,25,123
mccarbr01,2012,1,ATH,18,18,333,3.24,115,24,73
mccarbr01,2013,1,ARI,22,22,405,4.53,161,21,76
mccarbr01,2014,1,ARI,18,18,329,5.01,131,20,93
mccarbr01,2014,2,NYA,14,14,271,2.89,91,13,82
mccarbr01,2015,1,LAN,4,4,69,5.87,24,4,29
mccarbr01,2016,1,LAN,10,9,120,4.95,29,26,44
mccarbr01,2017,1,LAN,19,16,278,3.98,89,27,72
mccarbr01,2018,1,ATL,15,15,236,4.92,94,21,65
mccarda01,2004,1,BOS,3,0,11,2.45,2,1,4
mccarke01,2016,1,KCA,10,0,25,6.48,11,5,7
mccarke01,2017,1,KCA,33,0,135,3.2,50,13,27
mccarke01,2018,1,KCA,65,0,216,3.25,70,20,46
mccarke01,2019,1,KCA,56,0,181,4.48,68,21,38
mccarke01,2020,1,KCA,5,0,18,4.5,10,2,2
mccarki01,2022,1,CLE,13,2,113,4.54,37,13,26
mccauda01,2021,1,SEA,2,1,27,8.0,8,4,2
mccauda01,2023,1,SEA,3,0,15,5.4,7,3,10
mccauda01,2024,1,MIA,10,5,108,5.75,44,9,27
mccauda01,2024,2,CLE,2,0,18,9.0,9,6,1
mccauda01,2025,1,MIN,3,0,16,1.69,5,1,6
mcclare01,2019,1,SEA,14,2,63,6.0,22,13,11
mcclare01,2020,1,PHI,5,0,16,5.06,9,3,2
mcclash01,2021,1,TB,25,25,370,3.43,120,37,141
mcclash01,2022,1,TB,28,28,499,2.54,116,38,194
mcclash01,2023,1,TB,21,21,345,3.29,95,41,121
mccleky01,2008,1,SLN,68,0,227,4.04,79,26,59
mccleky01,2009,1,SLN,66,0,200,3.38,56,34,51
mccleky01,2010,1,SLN,68,0,226,2.27,58,23,60
mccleky01,2011,1,SLN,43,17,425,4.19,143,43,76
mccleky01,2012,1,SLN,16,0,56,5.3,16,9,11
mccleky01,2013,1,TEX,7,0,28,7.71,7,5,3
mcclemi01,2010,1,MIL,17,0,63,3.0,15,7,21
mcclemi01,2011,1,MIL,9,0,41,2.63,15,3,10
mcclemi01,2012,1,MIL,9,0,42,6.43,20,5,4
mccleza01,2007,1,COL,12,0,42,5.79,20,5,13
mccluse01,2003,1,TB,12,5,116,5.35,33,25,25
mccluse01,2005,1,TB,34,17,328,6.59,106,62,92
mccluse01,2006,1,TB,39,15,309,6.29,120,68,59
mccluse01,2007,1,MIL,14,0,36,3.75,11,5,11
mccluse01,2008,1,MIL,37,12,316,4.02,93,55,87
mccluse01,2009,1,MIL,41,2,186,4.94,62,39,40
mcconsa02,2004,1,ATL,10,0,28,3.86,11,4,4
mccorch01,2025,1,HOU,3,0,9,6.0,3,2,1
mccoymi01,2011,1,TOR,1,0,3,0.0,0,0,0
mccoypa01,2014,1,DET,14,0,42,3.86,21,13,11
mccread01,2018,1,ATL,1,0,3,18.0,4,0,2
mccrobo01,2008,1,BAL,8,0,19,15.63,10,8,5
mccrobo01,2009,1,BAL,7,0,22,17.18,17,10,4
mcculla02,2015,1,HOU,22,22,377,3.22,106,43,129
mcculla02,2016,1,HOU,14,14,243,3.22,80,45,106
mcculla02,2017,1,HOU,22,22,356,4.25,114,40,132
mcculla02,2018,1,HOU,25,22,385,3.86,100,50,142
mcculla02,2020,1,HOU,11,11,165,3.93,44,20,56
mcculla02,2021,1,HOU,28,28,487,3.16,122,76,185
mcculla02,2022,1,HOU,8,8,143,2.27,37,22,50
mcculla02,2025,1,HOU,16,13,166,6.51,61,39,61
mccutda01,2009,1,PIT,6,6,109,4.21,38,11,19
mccutda01,2010,1,PIT,28,9,203,6.12,83,28,38
mccutda01,2011,1,PIT,73,0,254,3.72,87,33,47
mccutda01,2012,1,PIT,1,0,0,,1,1,0
mccutda01,2014,1,TEX,1,0,7,7.71,4,2,0
mcdanga01,2025,1,LAA,10,0,32,5.91,13,8,6
mcderch01,2024,1,BAL,1,1,12,6.75,5,2,3
mcderch01,2025,1,BAL,4,1,26,15.58,12,12,9
mcdilal01,2000,1,DET,13,0,30,7.2,13,1,7
mcdilal01,2001,1,BOS,15,0,44,5.52,13,7,16
mcdonda02,2011,1,BOS,1,0,3,18.0,1,2,0
mcdonda02,2012,1,BOS,1,0,3,27.0,2,2,0
mcdonja03,2008,1,LAN,4,0,18,0.0,5,1,2
mcdonja03,2009,1,LAN,45,4,189,4.0,60,34,54
mcdonja03,2010,1,LAN,4,1,23,8.22,11,5,7
mcdonja03,2010,2,PIT,11,11,192,3.52,59,24,61
mcdonja03,2011,1,PIT,31,31,513,4.21,176,78,142
mcdonja03,2012,1,PIT,30,29,513,4.21,147,69,151
mcdonja03,2013,1,PIT,6,6,89,5.76,29,20,25
mcdonjo03,2013,3,PHI,1,0,1,0.0,2,0,1
mcdontr01,2024,1,SFN,1,0,9,0.0,0,1,1
mcdontr01,2025,1,SFN,3,2,45,1.8,13,2,14
mcelrch01,2000,1,BAL,43,2,190,4.69,60,34,50
mcelrch01,2001,1,BAL,18,5,136,5.36,49,28,22
mcelrch01,2001,2,SDN,31,0,89,5.16,38,18,25
mcfartj01,2013,1,BAL,38,1,224,4.22,83,28,58
mcfartj01,2014,1,BAL,37,1,176,2.76,70,13,34
mcfartj01,2015,1,BAL,30,0,121,4.91,52,18,26
mcfartj01,2016,1,BAL,16,0,74,6.93,33,10,7
mcfartj01,2017,1,ARI,43,1,162,5.33,65,17,29
mcfartj01,2018,1,ARI,47,0,216,2.0,64,22,42
mcfartj01,2019,1,ARI,51,0,168,4.82,71,20,35
mcfartj01,2020,1,ATH,23,0,62,4.35,26,5,9
mcfartj01,2021,1,SLN,38,0,116,2.56,32,9,21
mcfartj01,2022,1,SLN,28,0,98,6.61,42,11,16
mcfartj01,2023,1,NYN,3,0,5,5.4,4,1,2
mcfartj01,2024,1,ATH,79,0,170,3.81,53,17,39
mcfartj01,2025,1,ATH,27,0,47,6.89,26,3,7
mcgeeea01,2022,1,TB,1,0,9,0.0,4,0,1
mcgeeea01,2023,1,SEA,1,1,20,0.0,1,1,2
mcgeeea01,2025,1,MIL,9,0,44,5.52,15,5,13
mcgeeja01,2010,1,TB,8,0,15,1.8,2,3,6
mcgeeja01,2011,1,TB,37,0,84,4.5,30,12,27
mcgeeja01,2012,1,TB,69,0,166,1.95,33,11,73
mcgeeja01,2013,1,TB,71,0,188,4.02,52,22,75
mcgeeja01,2014,1,TB,73,0,214,1.89,48,16,90
mcgeeja01,2015,1,TB,39,0,112,2.41,27,8,48
mcgeeja01,2016,1,COL,57,0,137,4.73,56,16,38
mcgeeja01,2017,1,COL,62,0,172,3.61,47,16,58
mcgeeja01,2018,1,COL,61,0,154,6.49,59,16,47
mcgeeja01,2019,1,COL,45,0,124,4.35,47,11,35
mcgeeja01,2020,1,LAN,24,0,61,2.66,14,3,33
mcgeeja01,2021,1,SFN,62,0,179,2.72,44,10,58
mcgeeja01,2022,1,SFN,24,0,64,7.17,27,6,11
mcgeeja01,2022,2,MIL,6,0,17,6.35,7,1,4
mcgeeja01,2022,3,WAS,12,0,30,6.3,7,5,10
mcglike01,2000,1,ATL,10,0,25,2.16,11,6,9
mcgousc01,2015,1,MIA,6,0,20,9.45,12,4,4
mcgousc01,2023,1,ARI,63,1,211,4.73,60,30,86
mcgousc01,2024,1,ARI,26,2,98,7.44,34,21,25
mcgousc01,2025,1,ARI,7,0,21,6.43,6,6,5
mcgousc01,2025,2,ATH,6,0,27,7.0,12,1,11
mcgowdu01,2005,1,TOR,13,7,136,6.35,49,17,34
mcgowdu01,2006,1,TOR,16,3,82,7.24,35,25,22
mcgowdu01,2007,1,TOR,27,27,509,4.08,146,61,144
mcgowdu01,2008,1,TOR,19,19,334,4.37,115,38,85
mcgowdu01,2011,1,TOR,5,4,63,6.43,20,13,20
mcgowdu01,2013,1,TOR,25,0,77,2.45,19,12,26
mcgowdu01,2014,1,TOR,53,8,246,4.17,80,33,61
mcgowdu01,2015,1,PHI,14,1,70,6.94,29,20,21
mcgowdu01,2016,1,MIA,55,0,201,2.82,49,33,63
mcgowdu01,2017,1,MIA,63,0,233,4.75,77,27,64
mcgowke01,2017,1,NYN,8,0,26,5.19,8,6,8
mcgowky01,2018,1,WAS,5,1,23,5.87,6,5,8
mcgowky01,2019,1,WAS,7,1,48,10.13,22,4,18
mcgowky01,2020,1,WAS,9,0,33,4.91,9,5,16
mcgowky01,2021,1,WAS,27,0,90,4.2,21,14,35
mcgraky01,2017,1,SDN,17,0,57,2.84,14,6,16
mcgraky01,2018,1,SDN,4,0,12,4.5,3,3,4
mcgremi01,2024,1,SLN,4,3,69,1.96,16,2,18
mcgremi01,2025,1,SLN,17,16,287,4.42,100,20,58
mcguide02,2017,1,CIN,6,2,41,2.63,10,2,11
mcguide02,2018,1,TOR,4,0,25,6.48,9,5,7
mcguide02,2018,2,LAA,17,4,89,6.07,29,21,26
mcguire01,2022,2,BOS,1,0,3,0.0,0,0,0
mcguire01,2025,1,CHN,1,0,3,9.0,2,1,0
mchugco01,2012,1,NYN,8,4,64,7.59,27,8,17
mchugco01,2013,1,NYN,3,1,21,10.29,12,3,3
mchugco01,2013,2,COL,4,4,57,9.95,33,2,8
mchugco01,2014,1,HOU,25,25,464,2.73,117,41,157
mchugco01,2015,1,HOU,32,32,611,3.89,207,53,171
mchugco01,2016,1,HOU,33,33,554,4.34,206,54,177
mchugco01,2017,1,HOU,12,12,190,3.55,62,20,62
mchugco01,2018,1,HOU,58,0,217,1.99,45,21,94
mchugco01,2019,1,HOU,35,8,224,4.7,62,30,82
mchugco01,2021,1,TB,37,7,192,1.55,48,12,74
mchugco01,2022,1,ATL,58,0,208,2.6,51,14,75
mchugco01,2023,1,ATL,41,1,176,4.3,70,22,47
mckaybr01,2019,1,TB,13,11,147,5.14,53,16,56
mckayco01,2004,1,SLN,1,0,6,0.0,0,1,0
mckayda02,2019,1,SEA,7,0,21,5.14,5,8,5
mckayda02,2019,2,DET,18,0,58,5.59,15,9,29
mckayda02,2020,1,DET,1,0,1,54.0,1,1,0
mckayda02,2022,1,NYA,2,0,6,0.0,1,2,1
mckayda02,2022,2,TB,1,0,6,18.0,3,2,0
mckayda02,2022,3,ATH,1,0,8,3.38,4,0,2
mckenry01,2022,1,BAL,2,0,4,13.5,5,1,0
mckenry01,2023,1,BAL,1,0,3,18.0,4,0,0
mckentr01,2020,1,CLE,8,6,100,3.24,21,9,42
mckentr01,2021,1,CLE,25,24,360,4.95,84,58,136
mckentr01,2022,1,CLE,31,30,574,2.96,138,44,190
mckentr01,2023,1,CLE,4,4,48,5.06,12,13,16
mckentr01,2024,1,CLE,16,16,227,5.11,69,49,74
mckentr01,2025,1,CLE,4,0,17,11.12,7,7,4
mckinza01,2023,1,DET,1,0,3,18.0,3,0,0
mckinza01,2024,1,DET,3,0,6,9.0,1,1,0
mckinza01,2025,1,DET,1,0,1,0.0,0,0,0
mckiran01,2015,1,ATL,27,0,82,5.93,40,10,22
mcknito01,2000,1,HOU,6,6,105,3.86,35,9,23
mcknito01,2001,1,HOU,3,3,54,4.0,21,3,10
mcknito01,2001,2,PIT,12,12,208,5.19,88,21,36
mcleama01,2004,1,SDN,3,0,11,14.73,7,2,4
mcleama01,2006,1,PIT,5,2,53,2.04,17,6,8
mcleama01,2007,1,PIT,4,0,23,8.22,9,2,5
mcleano01,2025,1,NYN,8,8,144,2.06,34,16,57
mclemma02,2007,1,HOU,29,0,105,3.86,38,18,35
mcmicgr01,2000,1,ATL,15,0,49,4.41,12,4,14
mcmiljo01,2023,1,KCA,4,0,12,2.25,1,0,8
mcmiljo01,2024,1,MIA,10,0,36,1.5,7,5,13
mcpheky01,2012,1,PIT,10,3,79,2.73,24,7,21
mcraeal01,2018,1,PIT,2,0,19,5.68,8,5,5
mcraeal01,2019,1,PIT,11,2,80,8.78,36,16,19
mcraeal01,2020,1,CHA,2,0,9,0.0,1,0,2
mcraeal01,2021,1,CHA,2,0,6,4.5,3,1,1
meachru01,2000,1,HOU,5,0,14,11.57,8,2,3
meachru01,2001,1,TB,24,0,106,5.6,39,10,13
meadobr01,2000,1,SDN,22,22,374,5.34,150,50,53
meadobr01,2000,2,KCA,11,10,215,4.77,84,14,26
meadobr01,2001,1,KCA,10,10,151,6.97,73,12,21
meadobr01,2002,1,PIT,11,11,188,3.88,62,14,31
meadobr01,2003,1,PIT,34,7,229,4.72,91,11,38
meadobr01,2004,1,PIT,68,0,234,3.58,76,19,46
meadobr01,2005,1,PIT,65,0,224,4.58,84,21,44
meadobr01,2006,1,TB,53,0,209,5.17,90,15,35
meansjo01,2018,1,BAL,1,0,10,13.5,6,0,4
meansjo01,2019,1,BAL,31,27,465,3.6,138,38,121
meansjo01,2020,1,BAL,10,10,131,4.53,36,7,42
meansjo01,2021,1,BAL,26,26,440,3.62,125,26,134
meansjo01,2022,1,BAL,2,2,24,3.38,8,2,7
meansjo01,2023,1,BAL,4,4,71,2.66,13,4,10
meansjo01,2024,1,BAL,4,4,62,2.61,16,2,16
mearsch01,2003,1,DET,29,3,124,5.44,50,11,21
mearsni01,2020,1,PIT,4,0,15,5.4,4,7,7
mearsni01,2021,1,PIT,30,0,70,5.01,25,13,23
mearsni01,2022,1,PIT,2,0,6,0.0,1,1,2
mearsni01,2023,1,COL,16,0,58,3.72,14,14,21
mearsni01,2024,1,COL,41,0,136,5.56,47,21,57
mearsni01,2024,2,MIL,13,0,37,7.3,14,3,18
mearsni01,2025,1,MIL,63,0,170,3.49,42,13,46
mechegi01,2000,1,SEA,15,15,257,3.78,75,40,60
mechegi01,2003,1,SEA,32,32,559,4.59,187,63,130
mechegi01,2004,1,SEA,23,23,383,5.01,139,47,99
mechegi01,2005,1,SEA,29,26,430,5.09,153,72,83
mechegi01,2006,1,SEA,32,32,560,4.48,183,84,156
mechegi01,2007,1,KCA,34,34,648,3.67,218,62,156
mechegi01,2008,1,KCA,34,34,631,3.98,204,73,183
mechegi01,2009,1,KCA,23,23,387,5.09,144,58,95
mechegi01,2010,1,KCA,20,9,185,5.69,65,38,41
mecirji01,2000,1,TB,38,0,149,3.08,35,22,33
mecirji01,2000,2,ATH,25,0,106,2.8,35,14,37
mecirji01,2001,1,ATH,54,0,189,3.43,54,26,61
mecirji01,2002,1,ATH,61,0,203,4.26,68,29,53
mecirji01,2003,1,ATH,41,0,111,5.59,40,16,25
mecirji01,2004,1,ATH,65,0,143,3.59,45,19,49
mecirji01,2005,1,MIA,52,0,130,3.12,39,17,34
meddebr01,2005,1,ARI,27,0,91,1.78,21,11,31
meddebr01,2006,1,ARI,60,0,215,3.64,76,28,47
meddebr01,2007,1,ARI,30,0,88,4.3,30,16,23
meddebr01,2008,1,ARI,18,0,59,4.58,17,11,8
meddebr01,2009,1,SFN,61,0,206,3.01,63,32,58
meddebr01,2010,1,SFN,14,0,45,7.2,26,6,8
medervi01,2023,1,LAA,3,0,9,9.0,5,3,3
medervi01,2024,1,LAA,4,0,16,11.81,7,6,5
medervi01,2025,1,LAA,5,3,51,7.41,18,12,14
medinad01,2020,1,PHI,1,1,12,4.5,3,3,4
medinad01,2021,1,PHI,4,1,23,3.52,9,4,6
medinad01,2022,1,NYN,14,0,71,6.08,30,6,17
medinlu02,2023,1,ATH,23,17,329,5.42,109,57,106
medinlu02,2024,1,ATH,8,8,120,5.18,43,20,32
medinyo01,2013,1,SEA,63,0,204,2.91,49,40,71
medinyo01,2014,1,SEA,66,0,171,2.68,48,28,60
medinyo01,2015,1,SEA,12,0,36,3.0,11,7,9
medinyo01,2015,2,CHN,5,0,27,7.0,12,4,7
medlekr01,2009,1,ATL,37,4,203,4.26,65,30,72
medlekr01,2010,1,ATL,31,14,323,3.68,108,21,83
medlekr01,2011,1,ATL,2,0,7,0.0,1,0,2
medlekr01,2012,1,ATL,50,12,414,1.57,103,23,120
medlekr01,2013,1,ATL,32,31,591,3.11,194,47,157
medlekr01,2015,1,KCA,15,8,175,4.01,56,18,40
medlekr01,2016,1,KCA,6,6,73,7.77,30,20,18
medlekr01,2018,1,ARI,1,1,12,15.75,9,4,4
meekeja01,2024,1,MIL,1,0,3,0.0,1,1,0
meekev01,2008,1,PIT,9,0,39,6.92,11,12,7
meekev01,2009,1,PIT,41,0,141,3.45,34,29,42
meekev01,2010,1,PIT,70,0,240,2.14,53,31,70
meekev01,2011,1,PIT,24,0,62,3.48,27,12,17
meekev01,2012,1,PIT,12,0,36,6.75,14,6,8
meekev01,2014,1,BAL,23,0,70,5.79,26,11,16
megiltr01,2021,1,CHN,28,0,71,8.37,36,8,30
megiltr01,2022,1,MIN,39,0,135,4.8,50,17,49
megiltr01,2023,1,MIL,31,2,104,3.63,35,12,52
megiltr01,2024,1,MIL,48,0,139,2.72,33,14,50
megiltr01,2025,1,MIL,50,0,141,2.49,36,17,60
megilty01,2021,1,NYN,18,18,269,4.52,88,27,99
megilty01,2022,1,NYN,15,9,142,5.13,46,13,51
megilty01,2023,1,NYN,25,25,379,4.7,141,58,105
megilty01,2024,1,NYN,16,15,234,4.04,70,32,91
megilty01,2025,1,NYN,14,14,205,3.95,60,33,89
meisiry01,2018,1,BAL,18,1,63,6.43,18,10,21
meisiry01,2020,1,SLN,2,0,8,0.0,1,4,3
meisiry01,2021,1,CHN,7,0,22,12.27,11,5,6
mejiaad01,2016,1,MIN,1,0,7,7.71,5,1,0
mejiaad01,2017,1,MIN,21,21,294,4.5,110,44,85
mejiaad01,2018,1,MIN,5,4,67,2.01,17,9,13
mejiaad01,2019,1,MIN,13,0,46,8.8,16,12,15
mejiaad01,2019,2,LAA,4,0,13,2.08,4,1,6
mejiaad01,2019,3,SLN,2,0,9,9.0,8,1,2
mejiaad01,2019,4,LAA,16,0,26,4.15,5,7,7
mejiafr01,2021,1,TB,2,0,6,27.0,6,0,0
mejiahu01,2020,1,MIA,3,3,30,5.4,13,6,11
mejiahu01,2021,1,ARI,5,5,67,7.25,32,9,20
mejiaje01,2010,1,NYN,33,3,117,4.62,46,20,22
mejiaje01,2012,1,NYN,5,3,48,5.63,20,9,8
mejiaje01,2013,1,NYN,5,5,82,2.3,28,4,27
mejiaje01,2014,1,NYN,63,7,281,3.65,98,41,98
mejiaje01,2015,1,NYN,7,0,22,0.0,4,2,7
mejiaje02,2021,1,CLE,17,11,157,8.25,60,24,47
mejiaje02,2022,1,MIL,2,0,7,23.14,5,5,1
mejiaje02,2023,1,MIL,9,0,34,5.56,15,3,13
mejiaju01,2025,1,COL,55,0,184,3.96,52,25,68
melanma01,2009,1,NYA,13,0,49,3.86,13,10,10
melanma01,2010,1,NYA,2,0,12,9.0,7,0,3
melanma01,2010,2,HOU,20,0,52,3.12,12,8,19
melanma01,2011,1,HOU,71,0,223,2.78,65,26,66
melanma01,2012,1,BOS,41,0,135,6.2,45,12,41
melanma01,2013,1,PIT,72,0,213,1.39,60,8,70
melanma01,2014,1,PIT,72,0,213,1.9,51,11,71
melanma01,2015,1,PIT,78,0,230,2.23,57,14,62
melanma01,2016,1,PIT,45,0,125,1.51,31,9,38
melanma01,2016,2,WAS,30,0,89,1.82,21,3,27
melanma01,2017,1,SFN,32,0,90,4.5,37,6,29
melanma01,2018,1,SFN,41,0,117,3.23,48,14,31
melanma01,2019,1,SFN,43,0,139,3.5,49,16,44
melanma01,2019,2,ATL,23,0,63,3.86,22,2,24
melanma01,2020,1,ATL,23,0,68,2.78,22,7,14
melanma01,2021,1,SDN,64,0,194,2.23,54,25,59
melanma01,2022,1,ARI,62,0,168,4.66,63,21,35
mellake01,2017,1,CIN,2,0,12,6.75,5,2,1
mellake01,2018,1,CIN,4,0,28,8.68,13,8,8
mellake01,2019,1,CIN,2,0,11,7.36,5,2,4
mellake01,2020,1,ARI,11,0,30,1.8,10,3,10
mellake01,2021,1,ARI,2,0,5,32.4,8,2,2
meloajo01,2007,1,LAN,5,0,22,11.05,8,8,7
meloajo01,2008,1,CLE,2,0,6,0.0,0,1,2
meloajo01,2009,1,ATH,6,0,25,0.0,3,2,11
meltotr01,2025,1,DET,16,4,137,2.76,31,15,36
melviti01,2016,1,CIN,3,2,27,11.0,16,9,8
melviti01,2017,1,MIN,1,1,10,13.5,4,3,4
melviti01,2017,2,SDN,2,0,7,7.71,3,3,3
melviti01,2019,1,COL,7,7,100,4.86,34,14,24
menacr01,2024,1,ARI,1,1,9,12.0,4,3,2
menacr01,2025,1,ARI,3,0,20,1.35,3,3,8
mendead01,2010,1,MIA,5,5,74,5.11,28,12,11
mendero01,2014,1,TEX,30,0,99,2.18,20,17,22
mendero01,2015,1,TEX,12,0,35,5.4,11,7,9
mendero01,2015,2,BOS,3,0,6,4.5,3,1,1
mendeyo01,2016,1,TEX,2,0,9,18.0,5,2,0
mendeyo01,2017,1,TEX,7,0,37,5.11,13,3,7
mendeyo01,2018,1,TEX,8,5,83,5.53,28,15,18
mendeyo01,2019,1,TEX,3,0,14,5.79,4,5,8
mendida01,2021,1,CHA,1,0,3,0.0,1,0,1
mendida01,2023,1,NYN,2,0,6,36.0,9,0,0
mendida01,2024,1,CHA,1,0,3,0.0,2,0,0
mendolu01,2007,1,TEX,6,3,48,2.25,13,4,7
mendolu01,2008,1,TEX,25,11,190,8.67,97,25,35
mendolu01,2009,1,TEX,1,0,3,36.0,2,1,0
mendolu01,2010,1,KCA,4,0,12,22.5,10,3,1
mendolu01,2011,1,KCA,2,2,44,1.23,11,5,7
mendolu01,2012,1,KCA,30,25,498,4.23,176,59,104
mendolu01,2013,1,KCA,22,15,282,5.36,106,43,54
mendora01,2000,1,NYA,14,9,197,4.25,66,20,30
mendora01,2001,1,NYA,56,2,302,3.75,89,23,70
mendora01,2002,1,NYA,62,0,275,3.44,102,16,61
mendora01,2003,1,BOS,37,5,200,6.75,98,20,36
mendora01,2004,1,BOS,27,0,92,3.52,25,7,13
mendora01,2005,1,NYA,1,0,3,18.0,2,0,1
menecfr01,2000,1,ATH,1,0,3,36.0,6,0,0
menecfr01,2004,2,TOR,1,0,1,0.0,2,0,0
menezco01,2019,1,SFN,8,3,51,5.29,13,12,22
menezco01,2020,1,SFN,7,0,34,2.38,6,5,8
menezco01,2021,1,SFN,8,1,42,3.86,16,3,15
menezco01,2022,1,CHN,1,0,3,0.0,1,0,1
mengdda01,2016,1,ATH,14,14,216,6.5,83,33,71
mengdda01,2017,1,ATH,7,7,129,3.14,36,9,29
mengdda01,2018,1,ATH,22,17,347,4.05,103,26,72
mengdda01,2019,1,ATH,13,9,179,4.83,59,27,42
mengdda01,2020,1,ATH,4,1,37,3.65,14,7,10
mengdda01,2022,1,KCA,5,1,21,5.14,10,1,8
mercahe01,2000,1,CIN,12,0,42,4.5,12,8,13
mercahe01,2001,1,CIN,56,0,159,4.08,55,30,59
mercahe01,2002,1,PHI,31,3,117,4.62,32,25,40
mercahe01,2003,1,PHI,13,0,56,5.79,18,12,15
mercami01,2024,1,PHI,5,2,39,11.08,16,9,10
mercami01,2025,1,PHI,3,0,9,15.0,7,4,4
mercejo02,2000,1,BAL,36,20,437,4.02,150,64,70
mercejo02,2001,1,BAL,33,31,552,5.82,219,63,123
mercejo02,2003,1,WAS,5,0,22,0.0,6,5,3
merceme01,2014,1,DET,1,0,6,0.0,0,0,2
merceye01,2021,1,CHA,1,0,3,9.0,3,2,0
merckke01,2000,1,LAA,21,7,145,6.52,57,29,30
merckke01,2002,1,COL,58,0,132,6.14,55,22,37
merckke01,2003,1,CIN,49,0,115,2.35,31,25,41
merckke01,2003,2,ATL,18,0,51,1.06,15,7,7
merckke01,2004,1,CHN,71,0,159,2.55,39,27,51
merckke01,2005,1,CIN,78,0,185,3.65,64,19,45
merckke01,2006,1,CIN,37,0,85,4.13,28,11,17
merckke01,2008,1,CIN,15,0,41,3.29,13,8,6
meredcl01,2005,1,BOS,3,0,7,27.0,6,4,0
meredcl01,2006,1,SDN,45,0,152,1.07,30,6,37
meredcl01,2007,1,SDN,80,0,239,3.5,94,17,59
meredcl01,2008,1,SDN,73,0,211,4.09,79,24,49
meredcl01,2009,1,SDN,35,0,110,4.17,47,13,20
meredcl01,2009,2,BAL,29,0,86,3.77,26,12,17
meredcl01,2010,1,BAL,21,0,45,5.4,18,4,7
merriry01,2016,1,CLE,4,1,33,1.64,6,0,6
merriry01,2017,1,CLE,5,4,62,1.74,26,4,7
merriwh01,2022,2,TOR,1,0,3,18.0,2,0,0
merryju01,2020,1,TOR,8,3,39,4.15,11,6,15
merryju01,2021,1,TOR,13,1,39,4.85,13,4,12
merryju01,2022,1,TOR,26,1,80,6.75,31,7,23
merryju01,2023,1,CHN,69,0,216,3.38,58,36,98
merryju01,2024,1,CHN,15,0,45,6.6,18,9,14
merryju01,2025,1,CHN,21,0,56,5.79,23,11,15
mervima01,2024,1,CHN,1,0,2,81.0,7,0,0
mesajo01,2000,1,SEA,66,0,242,5.36,89,41,84
mesajo01,2001,1,PHI,71,0,208,2.34,65,20,59
mesajo01,2002,1,PHI,74,0,227,2.97,65,39,64
mesajo01,2003,1,PHI,61,0,174,6.52,71,31,45
mesajo01,2004,1,PIT,70,0,208,3.25,78,20,37
mesajo01,2005,1,PIT,55,0,170,4.76,61,26,37
mesajo01,2006,1,COL,79,0,217,3.86,73,36,39
mesajo01,2007,1,DET,16,0,35,12.34,19,6,9
mesajo01,2007,2,PHI,40,0,117,5.54,34,19,20
messera01,2005,1,MIA,29,0,111,5.35,39,30,29
messera01,2006,1,MIA,59,0,181,5.67,72,24,45
messera01,2007,1,MIA,23,0,71,2.66,27,9,12
messera01,2007,2,SFN,37,0,122,5.09,58,12,22
messera01,2008,1,SEA,13,0,38,3.55,16,5,7
messera01,2009,1,SEA,12,0,31,4.35,13,0,5
messipa01,2025,1,CLE,7,7,119,2.72,46,6,38
meyeral01,2015,1,MIN,2,0,8,16.88,4,3,3
meyeral01,2016,1,MIN,2,1,11,12.27,8,4,5
meyeral01,2016,2,LAA,5,5,65,4.57,17,13,24
meyeral01,2017,1,LAA,13,13,202,3.74,48,42,75
meyerbe02,2018,1,MIA,13,0,57,10.42,26,14,9
meyerda02,2004,1,ATL,2,0,6,0.0,2,1,1
meyerda02,2007,1,ATH,6,3,49,8.82,20,9,11
meyerda02,2008,1,ATH,11,4,83,7.48,35,14,20
meyerda02,2009,1,MIA,71,0,175,3.09,47,21,56
meyerda02,2010,1,MIA,13,0,28,9.64,15,12,4
meyerma01,2022,1,MIA,2,2,18,7.5,7,2,6
meyerma01,2024,1,MIA,11,11,171,5.68,62,19,46
meyerma01,2025,1,MIA,12,12,194,4.73,72,20,68
meylu01,2025,1,CIN,23,0,63,3.43,17,17,21
miadiba01,2001,1,LAA,11,0,30,4.5,6,8,11
miadiba01,2003,1,LAA,1,0,6,18.0,5,1,3
micelda01,2000,1,MIA,45,0,146,4.25,45,18,40
micelda01,2001,1,MIA,29,0,74,6.93,29,11,31
micelda01,2001,2,COL,22,0,61,2.21,18,5,17
micelda01,2002,1,TEX,9,0,25,8.64,13,3,5
micelda01,2003,1,COL,14,0,62,5.66,24,9,18
micelda01,2003,2,CLE,13,0,45,1.2,9,6,19
micelda01,2003,3,NYA,7,0,14,5.79,4,3,1
micelda01,2003,4,HOU,23,0,90,2.1,22,7,20
micelda01,2004,1,HOU,74,0,233,3.59,74,27,83
micelda01,2005,1,COL,19,0,55,5.89,19,13,19
micelda01,2006,1,TB,33,0,96,3.94,25,20,18
michach01,2001,1,TOR,24,18,345,4.62,133,49,57
michach01,2001,2,TEX,11,0,65,3.32,24,6,10
michach01,2002,1,TEX,13,0,43,4.4,20,10,5
michach01,2006,1,CIN,8,6,105,4.89,42,16,10
mickoka01,2008,1,BAL,9,0,23,5.87,8,4,8
mickoka01,2009,1,BAL,11,0,41,2.63,11,7,14
mickoka01,2010,1,BAL,3,0,11,7.36,5,3,4
mickoka01,2011,1,ARI,6,0,20,6.75,10,3,7
middlja01,2001,1,SDN,4,3,58,5.12,18,10,10
middlja01,2002,1,SDN,12,2,106,5.09,31,15,28
middlja01,2002,2,NYN,3,3,48,3.94,13,7,14
middlja01,2003,1,NYN,5,0,21,10.29,13,4,3
middlke01,2017,1,LAA,64,0,175,3.86,60,18,63
middlke01,2018,1,LAA,16,0,53,2.04,14,9,16
middlke01,2019,1,LAA,11,0,23,1.17,4,7,6
middlke01,2020,1,LAA,13,0,36,5.25,12,6,11
middlke01,2021,1,SEA,32,1,93,4.94,30,19,24
middlke01,2022,1,ARI,18,0,51,5.29,16,3,15
middlke01,2023,1,CHA,39,0,109,3.96,33,16,47
middlke01,2023,2,NYA,12,0,43,1.88,7,7,17
mijarjo01,2008,1,MIN,10,0,31,0.87,3,0,5
mijarjo01,2009,1,MIN,71,0,185,2.34,50,23,55
mijarjo01,2010,1,MIN,47,0,98,3.31,34,9,28
mijarjo01,2011,1,MIN,58,0,147,4.59,53,30,30
mijarjo01,2012,1,KCA,51,0,116,2.56,36,13,37
mijarjo01,2012,2,SFN,27,0,53,2.55,14,8,20
mijarjo01,2013,1,SFN,60,0,147,4.22,67,20,54
mikolmi01,2012,1,SDN,25,0,97,3.62,32,15,23
mikolmi01,2013,1,SDN,2,0,5,0.0,0,1,1
mikolmi01,2014,1,TEX,10,10,172,6.44,64,18,38
mikolmi01,2018,1,SLN,32,32,602,2.83,186,29,146
mikolmi01,2019,1,SLN,32,32,552,4.16,193,32,144
mikolmi01,2021,1,SLN,9,9,134,4.23,43,11,31
mikolmi01,2022,1,SLN,33,32,607,3.29,170,39,153
mikolmi01,2023,1,SLN,35,35,604,4.78,226,39,137
mikolmi01,2024,1,SLN,32,32,515,5.35,194,25,122
mikolmi01,2025,1,SLN,31,31,469,4.84,169,37,100
milesaa01,2007,1,SLN,2,0,6,9.0,3,0,0
milesaa01,2008,1,SLN,1,0,3,0.0,0,0,0
milesaa01,2010,1,SLN,2,0,6,0.0,2,0,0
mileywa01,2011,1,ARI,8,7,120,4.5,48,18,25
mileywa01,2012,1,ARI,32,29,584,3.33,193,37,144
mileywa01,2013,1,ARI,33,33,608,3.55,201,66,147
mileywa01,2014,1,ARI,33,33,604,4.34,207,75,183
mileywa01,2015,1,BOS,32,32,581,4.46,201,64,147
mileywa01,2016,1,SEA,19,19,336,4.98,117,34,82
mileywa01,2016,2,BAL,11,11,162,6.17,70,15,55
mileywa01,2017,1,BAL,32,32,472,5.61,179,93,142
mileywa01,2018,1,MIL,16,16,242,2.57,71,27,50
mileywa01,2019,1,HOU,33,33,502,3.98,164,61,140
mileywa01,2020,1,CIN,6,4,43,5.65,15,9,12
mileywa01,2021,1,CIN,28,28,489,3.37,166,50,125
mileywa01,2022,1,CHN,9,8,111,3.16,31,14,28
mileywa01,2023,1,MIL,23,23,361,3.14,99,38,79
mileywa01,2024,1,MIL,2,2,21,6.43,6,4,2
mileywa01,2025,1,CIN,3,2,36,6.75,15,6,7
millean01,2006,1,DET,8,0,31,6.1,8,10,6
millean01,2007,1,DET,13,13,192,5.63,73,39,56
millean01,2008,1,MIA,29,20,322,5.87,120,56,89
millean01,2009,1,MIA,20,14,240,4.84,85,43,59
millean01,2010,1,MIA,9,7,98,8.54,51,26,28
millean01,2011,1,BOS,17,12,195,5.54,77,41,50
millean01,2012,1,BOS,53,0,121,3.35,28,20,51
millean01,2013,1,BOS,37,0,92,2.64,25,17,48
millean01,2014,1,BOS,50,0,127,2.34,25,13,69
millean01,2014,2,BAL,23,0,60,1.35,8,4,34
millean01,2015,1,NYA,60,0,185,2.04,33,20,100
millean01,2016,1,NYA,44,0,136,1.39,28,7,77
millean01,2016,2,CLE,26,0,87,1.55,14,2,46
millean01,2017,1,CLE,57,0,188,1.44,31,21,95
millean01,2018,1,CLE,37,0,102,4.24,31,16,45
millean01,2019,1,SLN,73,0,164,4.45,45,27,70
millean01,2020,1,SLN,16,0,39,2.77,9,5,16
millean01,2021,1,SLN,40,0,108,4.75,41,16,40
millebo05,2023,1,LAN,22,22,373,3.76,105,32,119
millebo05,2024,1,LAN,13,13,168,8.52,69,30,52
millebo05,2025,1,LAN,2,1,15,12.6,11,2,7
millebr02,2023,1,TEX,1,0,6,13.5,2,2,0
millebr04,2023,1,SEA,25,25,394,4.32,124,26,119
millebr04,2024,1,SEA,31,31,541,2.94,131,45,171
millebr04,2025,1,SEA,18,18,271,5.68,93,34,74
milleer01,2024,1,SFN,73,10,202,3.88,50,38,87
milleer01,2025,1,SFN,36,0,90,1.5,24,20,22
milleja03,2007,1,MIN,4,0,12,18.0,7,3,2
milleji02,2008,1,BAL,8,0,23,1.17,9,5,8
milleji02,2011,1,COL,6,0,21,2.57,3,4,5
milleji02,2012,1,ATH,33,0,146,2.59,39,27,44
milleji02,2013,1,NYA,1,0,4,20.25,3,1,0
milleji02,2014,1,NYA,2,0,8,20.25,7,2,2
milleju01,2002,1,TOR,25,18,307,5.54,103,66,68
milleju01,2004,1,TOR,19,15,245,6.06,101,42,47
milleju01,2005,1,TOR,1,0,7,15.43,5,0,2
milleju01,2007,1,MIA,62,0,185,3.65,53,24,74
milleju01,2008,1,MIA,46,0,140,4.24,46,20,43
milleju01,2009,1,SFN,44,0,170,3.18,47,27,36
milleju01,2010,1,LAN,19,0,73,4.44,22,8,30
milleju02,2014,1,DET,8,0,37,5.11,14,2,5
milleju02,2015,1,COL,34,0,100,4.05,21,11,38
milleju02,2016,1,COL,40,0,128,5.7,50,20,45
milleju02,2018,1,WAS,51,0,157,3.61,42,17,60
milleju02,2019,1,WAS,17,0,47,4.02,16,4,11
milleju02,2021,1,WAS,5,0,9,15.0,5,1,4
milleju02,2021,2,SLN,18,0,48,4.5,15,5,9
millema01,2001,1,DET,13,0,29,7.45,16,4,6
millema01,2002,1,DET,2,0,2,13.5,4,1,1
millema02,2003,1,COL,4,0,13,2.08,5,2,5
millema02,2004,1,CLE,57,0,166,3.09,42,23,55
millema02,2005,1,CLE,23,0,89,1.82,22,10,23
millema02,2006,1,CLE,14,0,47,3.45,11,9,12
millema02,2007,1,CLE,2,0,3,0.0,2,0,0
millema03,2023,1,ATH,10,6,100,3.78,24,16,38
millema03,2024,1,ATH,55,0,195,2.49,36,21,104
millema03,2025,1,ATH,38,0,115,3.76,21,18,59
millema03,2025,2,SDN,22,0,70,0.77,7,10,45
milleow01,2024,1,MIL,1,0,6,18.0,5,1,0
millery01,2024,1,LAA,13,0,39,4.15,13,8,11
millesh01,2012,1,SLN,6,1,41,1.32,9,4,16
millesh01,2013,1,SLN,31,31,520,3.06,152,57,169
millesh01,2014,1,SLN,32,31,549,3.74,160,73,127
millesh01,2015,1,ATL,33,33,616,3.02,183,73,171
millesh01,2016,1,ARI,20,20,303,6.15,127,42,70
millesh01,2017,1,ARI,4,4,66,4.09,20,12,20
millesh01,2018,1,ARI,5,4,48,10.69,24,8,19
millesh01,2019,1,TEX,19,8,132,8.59,58,29,30
millesh01,2021,1,CHN,3,0,6,31.5,7,5,1
millesh01,2021,2,PIT,10,0,32,5.06,9,6,7
millesh01,2022,1,SFN,4,0,21,6.43,6,3,14
millesh01,2023,1,LAN,36,1,126,1.71,19,19,42
millesh01,2024,1,DET,51,0,167,4.53,41,13,49
millesh01,2025,1,ARI,37,0,109,1.98,24,11,40
millesh01,2025,2,MIL,11,0,29,5.59,9,4,14
milletr01,2000,1,MIN,67,0,201,3.9,83,32,62
milletr01,2001,1,MIN,45,0,146,4.81,54,20,30
milletr01,2002,1,MIN,5,0,12,4.5,5,2,3
milletr02,2000,1,PHI,14,0,42,8.36,19,9,10
milletr02,2000,2,LAN,2,0,7,23.14,8,3,1
milletr02,2003,1,TOR,79,0,158,4.61,46,28,44
milletr02,2004,1,TB,60,0,147,3.12,48,15,43
milletr02,2005,1,TB,61,0,133,4.06,45,29,35
milletr02,2006,1,HOU,70,0,152,3.02,42,13,56
milletr02,2007,1,HOU,76,0,139,4.86,45,23,46
milletr02,2008,1,TB,68,0,130,4.15,39,20,44
milletr02,2009,1,SLN,70,0,131,2.06,31,11,46
milletr02,2010,1,SLN,57,0,108,4.0,30,16,22
milletr02,2011,1,SLN,39,0,47,4.02,19,10,9
milletr02,2011,2,TOR,6,0,11,4.91,6,2,2
milletr02,2011,3,BOS,3,0,6,0.0,0,0,1
millety01,2020,1,CHN,2,1,15,5.4,2,3,0
millety01,2022,1,TEX,4,2,32,10.97,16,8,8
millety01,2023,1,MIL,7,0,28,5.79,9,3,7
millety01,2023,2,LAN,1,0,6,9.0,3,1,1
millety01,2023,3,NYN,1,0,6,0.0,0,2,0
millety01,2023,4,LAN,1,0,6,0.0,1,0,2
millety01,2024,1,SEA,9,0,35,3.09,8,1,12
millety01,2024,2,CHN,49,0,151,2.15,31,10,42
millewa04,2000,1,HOU,16,16,315,5.14,104,42,89
millewa04,2001,1,HOU,32,32,636,3.4,183,76,183
millewa04,2002,1,HOU,26,26,494,3.28,151,62,144
millewa04,2003,1,HOU,33,33,562,4.13,168,77,161
millewa04,2004,1,HOU,15,15,266,3.35,76,44,74
millewa04,2005,1,BOS,16,16,273,4.95,96,47,64
millewa04,2006,1,CHN,5,5,65,4.57,19,18,20
millewa04,2007,1,CHN,3,3,41,10.54,24,6,6
millsal01,2000,1,LAN,18,0,77,4.21,31,16,18
millsal01,2000,2,BAL,23,0,71,6.46,25,19,18
millsal01,2001,1,BAL,15,0,42,9.64,20,11,9
millsal02,2016,1,KCA,3,0,10,13.5,3,5,4
millsal02,2018,1,CHN,7,2,54,4.0,11,7,23
millsal02,2019,1,CHN,9,4,108,2.75,31,11,42
millsal02,2020,1,CHN,11,11,187,4.48,53,19,46
millsal02,2021,1,CHN,32,20,357,5.07,137,34,87
millsal02,2022,1,CHN,7,2,53,9.68,28,3,11
millsal02,2023,1,CIN,1,0,3,18.0,4,1,0
millsbr02,2009,1,TOR,2,2,23,14.09,14,6,9
millsbr02,2010,1,TOR,7,3,67,5.64,20,13,18
millsbr02,2011,1,TOR,5,4,55,9.82,23,12,18
millsbr02,2012,1,LAA,1,1,15,0.0,3,0,6
millsbr02,2014,1,ATH,3,3,49,4.41,19,7,14
millsbr02,2014,2,TOR,2,0,13,27.0,10,4,5
millsbr02,2015,1,ATH,1,1,15,5.4,7,1,1
millswy01,2021,1,SEA,11,0,38,9.95,19,7,11
millswy01,2022,1,SEA,8,0,26,4.15,5,3,6
millswy01,2022,2,KCA,19,0,62,4.79,21,10,20
millwke01,2000,1,ATL,36,35,638,4.66,213,62,168
millwke01,2001,1,ATL,21,21,363,4.31,121,40,84
millwke01,2002,1,ATL,35,34,651,3.24,186,65,178
millwke01,2003,1,PHI,35,35,666,4.01,210,68,169
millwke01,2004,1,PHI,25,25,423,4.85,155,51,125
millwke01,2005,1,CLE,30,30,576,2.86,182,52,146
millwke01,2006,1,TEX,34,34,645,4.52,228,53,157
millwke01,2007,1,TEX,31,31,518,5.16,213,67,123
millwke01,2008,1,TEX,29,29,506,5.07,220,49,125
millwke01,2009,1,TEX,31,31,596,3.67,195,71,123
millwke01,2010,1,BAL,31,31,572,5.1,223,65,132
millwke01,2011,1,COL,9,9,163,3.98,58,8,36
millwke01,2012,1,SEA,28,28,483,4.25,168,56,107
milneho01,2017,1,PHI,37,0,94,2.01,30,16,22
milneho01,2018,1,PHI,10,0,14,7.71,6,3,4
milneho01,2018,2,TB,4,0,8,6.75,3,2,4
milneho01,2019,1,TB,4,0,11,7.36,4,1,3
milneho01,2020,1,LAA,19,0,40,8.1,13,6,13
milneho01,2021,1,MIL,19,0,65,5.4,30,3,30
milneho01,2022,1,MIL,67,0,194,3.76,61,15,64
milneho01,2023,1,MIL,73,0,193,1.82,49,13,59
milneho01,2024,1,MIL,61,1,194,4.73,63,14,64
milneho01,2025,1,TEX,73,0,211,3.84,68,21,58
milonto01,2011,1,WAS,5,5,78,3.81,28,4,15
milonto01,2012,1,ATH,31,31,570,3.74,207,36,137
milonto01,2013,1,ATH,28,26,469,4.14,160,39,126
milonto01,2014,1,ATH,16,16,289,3.55,91,26,61
milonto01,2014,2,MIN,6,5,65,7.06,37,11,14
milonto01,2015,1,MIN,24,23,386,3.92,128,36,91
milonto01,2016,1,MIN,19,12,208,5.71,84,22,49
milonto01,2017,1,MIL,6,3,63,6.43,29,2,16
milonto01,2017,2,NYN,11,5,82,8.56,36,12,22
milonto01,2018,1,WAS,5,4,79,5.81,37,1,23
milonto01,2019,1,SEA,23,6,335,4.76,102,23,94
milonto01,2020,1,BAL,6,6,88,3.99,33,4,31
milonto01,2020,2,ATL,3,3,29,14.9,22,2,9
milonto01,2021,1,TOR,6,1,42,6.43,20,3,17
milonto01,2022,1,SEA,7,0,50,5.4,14,6,5
milonto01,2023,1,SEA,2,2,27,2.0,7,6,3
miltoer01,2000,1,MIN,33,33,600,4.86,205,44,160
miltoer01,2001,1,MIN,35,34,662,4.32,222,61,157
miltoer01,2002,1,MIN,29,29,513,4.84,173,30,121
miltoer01,2003,1,MIN,3,3,51,2.65,15,1,7
miltoer01,2004,1,PHI,34,34,603,4.75,196,75,161
miltoer01,2005,1,CIN,34,34,559,6.47,237,52,123
miltoer01,2006,1,CIN,26,26,458,5.19,163,42,90
miltoer01,2007,1,CIN,6,6,94,5.17,39,9,18
miltoer01,2009,1,LAN,5,5,71,3.8,30,6,20
minayju01,2016,1,CHA,11,0,31,4.35,10,5,6
minayju01,2017,1,CHA,40,0,131,4.53,38,20,51
minayju01,2018,1,CHA,52,0,140,3.28,39,29,58
minayju01,2019,1,CHA,22,0,83,3.9,31,12,27
minayju01,2021,1,MIN,29,0,120,2.48,27,20,43
minayju01,2022,1,MIN,6,0,29,5.59,8,5,11
minerza01,2006,1,DET,27,16,279,4.84,100,32,59
minerza01,2007,1,DET,34,1,161,3.02,56,22,34
minerza01,2008,1,DET,45,13,354,4.27,118,46,62
minerza01,2009,1,DET,51,5,277,4.29,101,45,62
minerza01,2013,1,PHI,16,3,86,4.4,33,17,20
minormi01,2010,1,ATL,9,8,122,5.98,53,11,43
minormi01,2011,1,ATL,15,15,248,4.14,93,30,77
minormi01,2012,1,ATL,30,30,538,4.12,151,56,145
minormi01,2013,1,ATL,32,32,614,3.21,177,46,181
minormi01,2014,1,ATL,25,25,436,4.77,165,44,120
minormi01,2017,1,KCA,65,0,233,2.55,57,22,88
minormi01,2018,1,TEX,28,28,471,4.18,138,38,132
minormi01,2019,1,TEX,32,32,625,3.59,190,68,200
minormi01,2020,1,TEX,7,7,106,5.6,35,13,35
minormi01,2020,2,ATH,5,4,64,5.48,15,7,27
minormi01,2021,1,KCA,28,28,476,5.05,156,41,149
minormi01,2022,1,CIN,19,19,294,6.06,120,40,76
minteaj01,2017,1,ATL,16,0,45,3.0,13,2,26
minteaj01,2018,1,ATL,65,0,184,3.23,57,22,69
minteaj01,2019,1,ATL,36,0,88,7.06,36,23,35
minteaj01,2020,1,ATL,22,0,65,0.83,15,9,24
minteaj01,2021,1,ATL,61,0,157,3.78,44,20,57
minteaj01,2022,1,ATL,75,0,210,2.06,49,15,94
minteaj01,2023,1,ATL,70,0,194,3.76,56,21,82
minteaj01,2024,1,ATL,39,0,103,2.62,24,11,35
minteaj01,2025,1,NYN,13,0,33,1.64,6,5,14
miranar01,2016,1,BAL,1,0,6,13.5,4,0,4
miranar01,2016,2,SEA,11,10,168,3.54,43,18,40
miranar01,2017,1,SEA,31,29,480,5.12,140,63,137
miranar01,2018,1,SEA,1,1,15,1.8,6,4,5
mischpa01,2006,1,SFN,1,0,3,0.0,2,0,1
mischpa01,2007,1,SFN,18,4,121,4.24,47,12,26
mischpa01,2008,1,SFN,15,7,157,5.68,56,15,38
mischpa01,2009,1,SFN,4,0,10,10.8,6,3,0
mischpa01,2009,2,NYN,22,7,177,4.12,62,19,23
mischpa01,2010,1,NYN,12,6,113,3.82,43,4,23
mischpa01,2011,1,NYN,6,0,21,10.29,11,4,5
misiean01,2020,1,SEA,21,0,60,4.05,20,6,25
misiean01,2021,1,SEA,66,0,164,4.61,61,15,53
misiean01,2022,1,SEA,17,0,41,4.61,14,6,8
misiean01,2022,2,KCA,15,0,46,4.11,13,4,19
misiean01,2023,1,ARI,7,0,24,5.63,11,3,6
misiean01,2023,2,DET,1,0,1,81.0,4,0,0
misiean01,2023,3,NYA,3,0,8,3.38,2,3,2
misiean01,2024,1,NYA,1,0,3,0.0,2,1,1
misiean01,2025,1,MIN,5,0,14,9.64,5,4,5
misioja01,2025,1,MIL,15,14,198,4.36,51,31,87
mitchbr01,2014,1,NYA,3,1,33,2.45,10,3,7
mitchbr01,2015,1,NYA,20,2,89,6.37,37,16,29
mitchbr01,2016,1,NYA,5,5,75,3.24,26,12,11
mitchbr01,2017,1,NYA,20,1,98,5.79,42,13,17
mitchbr01,2018,1,SDN,16,11,219,5.42,85,43,38
mitchbr01,2021,1,MIA,2,0,12,4.5,5,2,4
mitchdj01,2012,1,NYA,4,0,14,3.86,7,3,2
mitrese01,2003,1,CHN,3,2,26,8.31,15,4,3
mitrese01,2004,1,CHN,12,9,155,6.62,71,20,37
mitrese01,2005,1,CHN,21,7,181,5.37,62,23,37
mitrese01,2006,1,MIA,15,7,123,5.71,44,20,31
mitrese01,2007,1,MIA,27,27,447,4.65,180,41,80
mitrese01,2009,1,NYA,12,9,155,6.79,71,13,32
mitrese01,2010,1,NYA,27,3,162,3.33,43,16,29
mitrese01,2011,1,MIL,22,0,99,3.27,30,10,14
mitrese01,2011,2,NYA,4,0,16,11.81,9,4,2
mizeca01,2020,1,DET,7,7,85,6.99,29,13,26
mizeca01,2021,1,DET,30,30,451,3.71,130,41,118
mizeca01,2022,1,DET,2,2,30,5.4,13,2,4
mizeca01,2024,1,DET,22,20,307,4.49,121,29,78
mizeca01,2025,1,DET,28,28,447,3.87,153,36,139
mlickda01,2000,1,DET,24,21,358,5.58,143,44,57
mlickda01,2001,1,DET,15,15,243,7.33,118,41,48
mlickda01,2001,2,HOU,19,14,260,5.09,85,33,49
mlickda01,2002,1,HOU,22,16,258,5.34,101,34,57
mlodzca01,2023,1,PIT,35,1,108,2.25,28,18,34
mlodzca01,2024,1,PIT,40,4,152,3.38,41,19,46
mlodzca01,2025,1,PIT,34,12,297,3.55,102,27,89
mockga01,2008,1,WAS,26,3,123,4.17,37,23,46
mockga01,2009,1,WAS,28,15,274,5.62,114,44,72
mockga01,2010,1,WAS,1,1,10,5.4,4,5,3
moehlbr01,2000,1,DET,29,29,534,4.5,222,40,103
moehlbr01,2001,1,DET,1,1,24,3.38,6,1,2
moehlbr01,2002,1,DET,3,3,59,2.29,17,2,13
moehlbr01,2002,2,CIN,10,9,130,6.02,61,11,18
moehlbr01,2003,1,HOU,3,3,41,7.9,22,6,5
moehlbr01,2005,1,MIA,37,25,475,4.55,198,42,95
moehlbr01,2006,1,MIA,29,21,366,6.57,164,38,58
moehlbr01,2007,1,HOU,42,0,179,4.07,67,17,36
moehlbr01,2008,1,HOU,31,26,450,4.56,166,36,82
moehlbr01,2009,1,HOU,29,29,464,5.47,187,51,91
moehlbr01,2010,1,HOU,20,8,170,4.92,66,26,28
mohlemi01,2000,1,SLN,22,0,57,9.0,26,15,8
mohlemi01,2000,2,CLE,2,0,3,9.0,1,0,2
mohlemi01,2001,1,ARI,13,0,41,7.24,14,9,7
molinan01,2024,1,COL,35,1,179,6.79,72,22,41
molinan01,2025,1,COL,17,1,104,7.27,52,6,24
molinga01,2000,1,BAL,9,0,39,9.0,25,9,8
molinga01,2000,2,ATL,2,0,6,9.0,3,1,1
molinga01,2002,1,SLN,12,0,34,1.59,6,6,4
molinga01,2003,1,SLN,3,0,8,13.5,5,1,1
molinya01,2022,1,SLN,2,0,6,18.0,6,0,1
molledu01,2016,1,DET,4,0,25,4.32,12,5,8
mollsa01,2017,1,ATH,11,0,20,10.8,13,3,7
mollsa01,2021,1,ATH,8,0,31,3.48,8,5,8
mollsa01,2022,1,ATH,53,0,130,2.91,33,22,46
mollsa01,2023,1,ATH,45,1,113,4.54,34,19,46
mollsa01,2023,2,CIN,25,0,74,0.73,13,11,22
mollsa01,2024,1,CIN,48,0,113,3.35,27,14,38
mollsa01,2025,1,CIN,23,0,55,6.38,16,10,22
monasca01,2010,1,LAN,32,13,265,4.38,99,29,52
montafr01,2015,1,CHA,7,2,45,4.8,14,9,20
montafr01,2017,1,ATH,23,0,96,7.03,39,20,36
montafr01,2018,1,ATH,13,11,195,3.88,74,21,43
montafr01,2019,1,ATH,16,16,288,2.63,84,23,103
montafr01,2020,1,ATH,11,11,159,5.6,57,23,60
montafr01,2021,1,ATH,32,32,561,3.37,164,57,207
montafr01,2022,1,ATH,19,19,314,3.18,91,28,109
montafr01,2022,2,NYA,8,8,119,6.35,46,15,33
montafr01,2023,1,NYA,1,0,4,0.0,2,1,1
montafr01,2024,1,CIN,19,19,280,5.01,93,41,78
montafr01,2024,2,MIL,11,11,172,4.55,47,25,70
montafr01,2025,1,NYN,9,7,116,6.28,48,14,32
monteag01,2006,1,CHA,11,0,42,5.14,15,2,7
montebr01,2022,1,NYN,3,0,10,10.8,7,2,6
montech01,2025,1,ARI,1,0,8,0.0,0,1,2
monteke01,2024,1,DET,19,16,295,4.76,100,31,77
monteke01,2025,1,DET,20,12,272,4.37,95,31,72
montemi01,2016,1,CHN,1,0,4,6.75,4,0,0
montemi01,2017,1,CHN,1,0,3,0.0,0,2,0
montepa01,2025,1,MIA,1,0,11,9.82,9,1,4
montera01,2014,1,NYN,10,8,133,4.06,44,23,42
montera01,2015,1,NYN,5,1,30,4.5,9,5,13
montera01,2016,1,NYN,9,3,57,8.05,23,16,20
montera01,2017,1,NYN,34,18,357,5.52,141,67,114
montera01,2019,1,TEX,22,0,87,2.48,23,5,34
montera01,2020,1,TEX,17,0,53,4.08,12,6,19
montera01,2021,1,SEA,40,0,130,7.27,56,15,37
montera01,2021,2,HOU,4,0,18,0.0,3,2,5
montera01,2022,1,HOU,71,0,205,2.37,47,23,73
montera01,2023,1,HOU,68,0,202,5.08,74,29,79
montera01,2024,1,HOU,41,0,115,4.7,35,19,23
montera01,2025,1,HOU,3,0,12,4.5,3,2,5
montera01,2025,2,ATL,36,0,103,5.5,27,21,34
montera01,2025,3,DET,20,0,66,2.86,12,14,19
montgjo01,2017,1,NYA,29,29,466,3.88,140,51,144
montgjo01,2018,1,NYA,6,6,82,3.62,25,12,23
montgjo01,2019,1,NYA,2,1,12,6.75,7,0,5
montgjo01,2020,1,NYA,10,10,132,5.11,48,9,47
montgjo01,2021,1,NYA,30,30,472,3.83,150,51,162
montgjo01,2022,1,NYA,21,21,344,3.69,103,23,97
montgjo01,2022,2,SLN,11,11,191,3.11,56,13,61
montgjo01,2023,1,SLN,21,21,363,3.42,116,35,108
montgjo01,2023,2,TEX,11,11,203,2.79,61,13,58
montgjo01,2024,1,ARI,25,21,351,6.23,149,44,83
montgma01,2024,1,TB,9,0,29,1.86,6,5,17
montgma01,2025,1,TB,57,0,138,5.67,49,27,63
montgmi01,2015,1,SEA,16,16,270,4.6,92,37,64
montgmi01,2016,1,SEA,32,2,185,2.34,49,18,54
montgmi01,2016,2,CHN,17,5,115,2.82,30,20,38
montgmi01,2017,1,CHN,44,14,392,3.38,103,55,100
montgmi01,2018,1,CHN,38,19,372,3.99,131,39,86
montgmi01,2019,1,CHN,20,0,81,5.67,35,13,18
montgmi01,2019,2,KCA,13,13,192,4.64,78,21,51
montgmi01,2020,1,KCA,3,1,16,5.06,6,1,4
montgst01,2000,1,SDN,7,0,17,7.94,6,4,3
moorean02,2017,1,SEA,11,9,177,5.34,60,8,31
moorean02,2019,1,SEA,1,1,14,7.71,6,1,2
mooredy01,2019,1,SEA,1,0,3,36.0,5,2,0
moorema02,2011,1,TB,3,1,28,2.89,9,3,15
moorema02,2012,1,TB,31,31,532,3.81,158,81,175
moorema02,2013,1,TB,27,27,451,3.29,119,76,143
moorema02,2014,1,TB,2,2,30,2.7,10,5,6
moorema02,2015,1,TB,12,12,189,5.43,74,23,46
moorema02,2016,1,TB,21,21,390,4.08,125,40,109
moorema02,2016,2,SFN,12,12,205,4.08,59,32,69
moorema02,2017,1,SFN,32,31,523,5.52,200,67,148
moorema02,2018,1,TEX,39,12,306,6.79,128,41,86
moorema02,2019,1,DET,2,2,30,0.0,3,1,9
moorema02,2021,1,PHI,24,13,219,6.29,78,38,63
moorema02,2022,1,TEX,63,0,222,1.95,49,38,83
moorema02,2023,1,LAA,41,0,132,2.66,33,12,49
moorema02,2023,2,CLE,5,0,14,3.86,9,2,8
moorema02,2023,3,MIA,4,0,12,0.0,4,1,3
moorema02,2024,1,LAA,51,0,145,5.03,39,26,41
mooremc01,2023,1,PHI,3,0,10,18.9,5,5,2
mooretr01,2000,1,WAS,8,8,106,6.62,55,21,24
mooretr01,2001,1,ATL,2,0,12,11.25,7,2,1
moorety01,2015,1,WAS,1,0,2,0.0,0,0,0
moragda01,2000,1,WAS,3,0,5,37.8,6,2,2
moragda01,2000,2,COL,1,0,3,45.0,4,0,0
moralfr01,2007,1,COL,8,8,118,3.43,34,14,26
moralfr01,2008,1,COL,5,5,76,6.39,28,17,9
moralfr01,2009,1,COL,40,2,120,4.5,38,23,41
moralfr01,2010,1,COL,35,0,86,6.28,28,24,27
moralfr01,2011,1,COL,14,0,42,3.86,10,8,11
moralfr01,2011,2,BOS,36,0,97,3.62,30,11,31
moralfr01,2012,1,BOS,37,9,229,3.77,64,30,76
moralfr01,2013,1,BOS,20,1,76,4.62,24,15,21
moralfr01,2014,1,COL,38,22,427,5.37,166,65,100
moralfr01,2015,1,KCA,67,0,187,3.18,58,14,41
moralfr01,2016,1,TOR,5,0,12,9.0,3,2,2
moralfr02,2022,1,PHI,3,0,15,7.2,2,6,3
moralke01,2018,1,TOR,1,0,3,0.0,0,1,0
moralke01,2019,1,ATH,1,0,3,9.0,1,2,0
morallu01,2025,1,ATH,10,9,146,3.14,38,18,43
moralos01,2018,1,LAA,1,0,1,0.0,1,0,0
moranbr01,2019,1,MIA,10,0,19,4.26,6,2,10
moranbr01,2020,1,TOR,2,0,3,0.0,1,0,1
moranbr01,2020,2,MIA,5,0,11,12.27,5,6,6
moranbr01,2022,1,LAA,1,0,1,54.0,3,1,0
moranjo01,2021,1,MIN,5,0,24,7.88,9,7,10
moranjo01,2022,1,MIN,31,0,122,2.21,25,18,54
moranjo01,2023,1,MIN,43,0,127,5.31,35,27,48
moranjo01,2025,1,BOS,2,0,12,6.75,5,3,5
morejad01,2019,1,SDN,5,2,24,10.13,15,3,9
morejad01,2020,1,SDN,9,4,58,4.66,20,4,25
morejad01,2021,1,SDN,2,2,14,3.86,5,2,3
morejad01,2022,1,SDN,26,0,102,4.24,31,9,28
morejad01,2023,1,SDN,8,1,27,7.0,14,5,8
morejad01,2024,1,SDN,60,0,191,2.83,63,21,71
morejad01,2025,1,SDN,75,0,221,2.08,49,17,70
morelmi01,2014,1,TEX,1,0,3,0.0,0,0,0
morelmi01,2017,1,BOS,1,0,3,0.0,2,0,1
morelmi01,2021,1,ATH,1,0,3,0.0,1,0,1
morendi01,2015,1,NYA,4,0,31,5.23,9,3,8
morendi01,2017,1,TB,5,0,17,4.76,6,2,6
morened01,2009,1,SDN,19,0,67,4.84,28,15,15
morenju02,2001,1,TEX,45,0,124,3.92,22,28,36
morenju02,2002,1,SDN,4,0,18,7.5,6,10,3
morenor01,2003,1,NYN,7,0,24,7.88,10,3,5
morenor01,2004,1,NYN,33,0,104,3.38,29,11,29
moretda01,2021,1,CIN,4,0,11,2.45,2,1,4
moretda01,2022,1,CIN,35,1,115,5.4,32,13,39
moretda01,2023,1,PIT,55,0,174,3.72,39,24,76
moretda01,2025,1,PIT,18,0,50,3.24,16,7,19
morgaad01,2015,1,PHI,15,15,253,4.48,88,17,49
morgaad01,2016,1,PHI,23,21,340,6.04,141,29,95
morgaad01,2017,1,PHI,37,0,164,4.12,51,18,63
morgaad01,2018,1,PHI,67,0,148,3.83,49,22,50
morgaad01,2019,1,PHI,40,0,89,3.94,20,10,29
morgaad01,2020,1,PHI,17,0,39,5.54,14,6,16
morgaad01,2021,1,CHN,34,0,76,4.26,22,12,28
morgada01,2025,1,SDN,41,2,142,2.66,35,23,50
morgael01,2021,1,CLE,18,18,268,5.34,90,22,81
morgael01,2022,1,CLE,50,1,200,3.38,46,13,72
morgael01,2023,1,CLE,61,0,202,4.01,73,24,75
morgael01,2024,1,CLE,32,0,126,1.93,30,11,34
morgael01,2025,1,CHN,7,0,22,12.27,12,3,4
morgami01,2000,1,ARI,60,4,305,4.87,123,40,56
morgami01,2001,1,ARI,31,1,114,4.26,45,17,24
morgami01,2002,1,ARI,29,0,102,5.29,41,9,13
morilju01,2006,1,COL,1,1,12,15.75,8,3,4
morilju01,2007,1,COL,4,0,11,9.82,3,1,3
morilju01,2008,1,COL,1,0,3,0.0,1,0,0
morilju01,2009,1,MIN,3,0,6,22.5,3,3,1
morilju02,2025,1,ARI,42,0,103,4.19,38,20,36
morimsh01,2016,1,CLE,2,0,14,11.57,9,5,5
morimsh01,2021,1,MIA,4,0,31,9.58,18,5,9
morinmi01,2014,1,LAA,60,0,177,2.9,51,19,54
morinmi01,2015,1,LAA,47,0,106,6.37,36,9,41
morinmi01,2016,1,LAA,60,0,167,4.37,52,15,49
morinmi01,2017,1,LAA,10,0,43,6.91,21,2,10
morinmi01,2017,2,KCA,6,0,17,7.94,8,3,6
morinmi01,2018,1,SEA,3,0,12,6.75,6,1,6
morinmi01,2019,1,MIN,23,0,68,3.18,20,2,11
morinmi01,2019,2,PHI,29,0,84,5.79,26,8,15
morinmi01,2020,1,MIA,3,0,12,0.0,1,1,2
moronre01,2017,1,SFN,7,0,20,2.7,6,3,11
moronre01,2018,1,SFN,69,0,195,2.49,34,37,79
moronre01,2019,1,SFN,56,0,170,2.86,41,33,70
moronre01,2021,1,SFN,4,0,12,2.25,1,0,2
moronre01,2022,1,LAN,22,0,71,4.18,17,10,27
moronre01,2022,2,ARI,17,0,42,4.5,13,8,11
moronre01,2023,1,LAA,2,0,4,6.75,4,3,2
morriaj01,2016,1,CIN,7,0,30,6.3,9,8,9
morriak01,2015,1,NYN,1,0,2,67.5,3,3,0
morriak01,2017,1,ATL,8,0,22,1.23,6,4,9
morriak01,2018,1,LAA,9,0,42,5.79,18,8,7
morribr01,2012,1,PIT,5,0,15,1.8,2,2,6
morribr01,2013,1,PIT,55,0,195,3.46,57,28,37
morribr01,2014,1,PIT,21,0,71,3.8,25,12,14
morribr01,2014,2,MIA,39,0,122,0.66,33,12,36
morribr01,2015,1,MIA,67,0,189,3.14,67,26,47
morribr01,2016,1,MIA,24,0,53,3.06,15,10,13
morribr01,2017,1,SFN,20,0,63,6.43,24,11,15
morrico01,2022,1,CLE,7,5,71,2.28,21,12,23
morrico01,2023,1,CLE,6,0,24,6.75,10,6,9
morriji02,2000,1,TB,16,0,31,4.35,10,7,10
morrima01,2000,1,SLN,31,0,159,3.57,53,17,34
morrima01,2001,1,SLN,34,34,649,3.16,218,54,185
morrima01,2002,1,SLN,32,32,631,3.42,210,64,171
morrima01,2003,1,SLN,27,27,517,3.76,164,39,120
morrima01,2004,1,SLN,32,32,606,4.72,205,56,131
morrima01,2005,1,SLN,31,31,578,4.11,209,37,117
morrima01,2006,1,SFN,33,33,623,4.98,218,63,117
morrima01,2007,1,SFN,21,21,410,4.35,162,39,73
morrima01,2007,2,PIT,11,11,186,6.1,78,22,29
morrima01,2008,1,PIT,5,5,67,9.67,41,7,9
morrobr01,2007,1,SEA,60,0,190,4.12,56,50,66
morrobr01,2008,1,SEA,45,5,194,3.34,40,34,75
morrobr01,2009,1,SEA,26,10,209,4.39,66,44,63
morrobr01,2010,1,TOR,26,26,439,4.49,136,66,178
morrobr01,2011,1,TOR,30,30,538,4.72,162,69,203
morrobr01,2012,1,TOR,21,21,374,2.96,98,41,108
morrobr01,2013,1,TOR,10,10,163,5.63,63,18,42
morrobr01,2014,1,TOR,13,6,100,5.67,37,18,30
morrobr01,2015,1,SDN,5,5,99,2.73,29,7,23
morrobr01,2016,1,SDN,18,0,48,1.69,19,3,8
morrobr01,2017,1,LAN,45,0,131,2.06,31,9,50
morrobr01,2018,1,CHN,35,0,92,1.47,24,9,31
mortecl01,2009,1,SLN,1,0,9,6.0,5,1,2
mortecl01,2009,2,ATH,6,6,83,7.81,37,12,11
mortecl01,2010,1,ATH,1,1,18,4.5,6,2,7
mortecl01,2011,1,COL,16,6,175,3.86,55,24,30
mortecl01,2012,1,BOS,26,0,126,3.21,32,19,41
mortecl01,2013,1,BOS,24,0,91,5.34,32,16,21
mortoch02,2008,1,ATL,16,15,224,6.15,80,41,48
mortoch02,2009,1,PIT,18,18,291,4.55,102,40,62
mortoch02,2010,1,PIT,17,17,239,7.57,112,26,59
mortoch02,2011,1,PIT,29,29,515,3.83,186,77,110
mortoch02,2012,1,PIT,9,9,151,4.65,62,11,25
mortoch02,2013,1,PIT,20,20,348,3.26,113,36,85
mortoch02,2014,1,PIT,26,26,472,3.72,143,57,126
mortoch02,2015,1,PIT,23,23,387,4.81,137,41,96
mortoch02,2016,1,PHI,4,4,52,4.15,15,8,19
mortoch02,2017,1,HOU,25,25,440,3.62,125,50,163
mortoch02,2018,1,HOU,30,30,501,3.13,130,64,201
mortoch02,2019,1,TB,33,33,584,3.05,154,57,240
mortoch02,2020,1,TB,9,9,114,4.74,43,10,42
mortoch02,2021,1,ATL,33,33,557,3.34,136,58,216
mortoch02,2022,1,ATL,31,31,516,4.34,149,63,205
mortoch02,2023,1,ATL,30,30,490,3.64,150,83,183
mortoch02,2024,1,ATL,30,30,496,4.19,154,65,167
mortoch02,2025,1,BAL,23,17,304,5.42,110,48,101
mortoch02,2025,2,DET,9,9,118,7.09,40,23,47
mortoch02,2025,3,ATL,1,1,4,0.0,2,1,1
moscogu01,2009,1,TEX,10,0,42,3.21,15,6,12
moscogu01,2010,1,TEX,1,0,2,27.0,2,2,2
moscogu01,2011,1,ATH,23,21,384,3.38,102,38,74
moscogu01,2012,1,COL,23,3,150,6.12,67,19,47
moscogu01,2013,1,SFN,13,2,90,5.1,20,21,31
moscojo01,2015,1,CIN,3,3,35,4.63,11,5,6
moscojo01,2016,1,CIN,5,5,64,8.02,26,10,10
mosebro01,2009,1,LAA,3,0,7,7.71,4,3,2
moseldu01,2006,1,LAA,3,2,33,9.0,22,2,3
moseldu01,2007,1,LAA,46,8,276,4.4,97,27,50
moseldu01,2008,1,LAA,12,10,151,6.79,70,20,37
moseldu01,2009,1,LAA,3,3,44,4.3,20,3,8
moseldu01,2010,1,NYA,16,9,196,4.96,66,27,33
moseldu01,2011,1,SDN,20,20,360,3.3,117,36,64
moseldu01,2012,1,SDN,1,1,15,9.0,5,2,4
moskoda01,2011,1,PIT,31,0,73,2.96,29,9,11
mossda01,2001,1,ATL,5,1,27,3.0,3,9,8
mossda01,2002,1,ATL,33,29,537,3.42,140,89,111
mossda01,2003,1,SFN,21,20,345,4.7,121,63,57
mossda01,2003,2,BAL,10,9,152,6.22,63,29,22
mossda01,2004,1,TB,5,2,24,16.88,13,5,6
motada01,2000,1,MIN,4,0,16,8.44,10,1,3
motagu01,2000,1,WAS,29,0,90,6.0,27,12,24
motagu01,2001,1,WAS,53,0,149,5.26,51,18,31
motagu01,2002,1,LAN,43,0,182,4.15,45,27,49
motagu01,2003,1,LAN,76,0,315,1.97,78,26,99
motagu01,2004,1,LAN,52,0,189,2.14,51,27,52
motagu01,2004,2,MIA,26,0,101,4.81,24,10,33
motagu01,2005,1,MIA,56,0,201,4.7,65,32,60
motagu01,2006,1,CLE,34,0,113,6.21,45,19,27
motagu01,2006,2,NYN,18,0,54,1.0,10,5,19
motagu01,2007,1,NYN,52,0,178,5.76,63,18,47
motagu01,2008,1,MIL,58,0,171,4.11,52,28,50
motagu01,2009,1,LAN,61,0,196,3.44,53,24,39
motagu01,2010,1,SFN,56,0,162,4.33,49,22,38
motagu01,2011,1,SFN,52,0,241,3.81,71,30,77
motagu01,2012,1,SFN,26,0,62,5.23,24,8,24
motteja01,2008,1,SLN,12,0,33,0.82,5,3,16
motteja01,2009,1,SLN,69,0,170,4.76,57,23,54
motteja01,2010,1,SLN,56,0,157,2.24,41,18,54
motteja01,2011,1,SLN,78,0,204,2.25,49,16,63
motteja01,2012,1,SLN,67,0,216,2.75,49,17,86
motteja01,2014,1,SLN,29,0,75,4.68,29,9,17
motteja01,2015,1,CHN,57,0,145,3.91,48,11,34
motteja01,2016,1,COL,30,0,71,4.94,28,8,24
motteja01,2017,1,ATL,46,0,122,3.54,28,20,27
motteta01,2016,1,TB,1,0,1,0.0,1,0,0
motteta01,2018,1,SEA,1,0,3,9.0,1,1,1
mouncto01,2003,1,TEX,11,11,152,7.11,65,25,30
moyaga01,2017,1,MIN,7,0,19,4.26,5,2,5
moyaga01,2018,1,MIN,35,6,109,4.71,35,13,31
moyerja01,2000,1,SEA,26,26,462,5.49,173,53,98
moyerja01,2001,1,SEA,33,33,629,3.43,187,44,119
moyerja01,2002,1,SEA,34,34,692,3.32,198,50,147
moyerja01,2003,1,SEA,33,33,645,3.27,199,66,129
moyerja01,2004,1,SEA,34,33,606,5.21,217,63,125
moyerja01,2005,1,SEA,32,32,600,4.28,225,52,102
moyerja01,2006,1,SEA,25,25,480,4.39,179,44,82
moyerja01,2006,2,PHI,8,8,154,4.03,49,7,26
moyerja01,2007,1,PHI,33,33,598,5.01,222,66,133
moyerja01,2008,1,PHI,33,33,589,3.71,199,62,123
moyerja01,2009,1,PHI,30,25,486,4.94,177,43,94
moyerja01,2010,1,PHI,19,19,335,4.84,103,20,63
moyerja01,2012,1,COL,10,10,161,5.7,75,18,36
moylape01,2006,1,ATL,15,0,45,4.8,18,5,14
moylape01,2007,1,ATL,80,0,270,1.8,65,31,63
moylape01,2008,1,ATL,7,0,17,1.59,5,1,5
moylape01,2009,1,ATL,87,0,219,2.84,65,35,61
moylape01,2010,1,ATL,85,0,191,2.97,53,37,52
moylape01,2011,1,ATL,13,0,25,3.24,12,3,10
moylape01,2012,1,ATL,8,0,15,1.8,3,2,2
moylape01,2013,1,LAN,14,0,46,6.46,23,7,6
moylape01,2015,1,ATL,22,0,31,3.48,12,0,8
moylape01,2016,1,KCA,50,0,134,3.43,42,16,34
moylape01,2017,1,KCA,79,0,178,3.49,40,25,46
moylape01,2018,1,ATL,39,0,85,4.45,32,18,23
muckeza01,2023,1,NYN,3,0,18,6.0,11,2,3
mujiced01,2006,1,CLE,10,0,55,2.95,25,0,12
mujiced01,2007,1,CLE,10,0,39,8.31,19,2,7
mujiced01,2008,1,CLE,33,0,116,6.75,46,10,27
mujiced01,2009,1,SDN,67,4,281,3.94,101,19,76
mujiced01,2010,1,SDN,59,0,209,3.62,59,6,72
mujiced01,2011,1,MIA,67,0,228,2.96,64,14,63
mujiced01,2012,1,MIA,41,0,117,4.38,36,9,26
mujiced01,2012,2,SLN,29,0,79,1.03,20,3,21
mujiced01,2013,1,SLN,65,0,194,2.78,60,5,46
mujiced01,2014,1,BOS,64,0,180,3.9,69,14,43
mujiced01,2015,1,BOS,11,0,41,4.61,15,3,8
mujiced01,2015,2,ATH,38,0,101,4.81,37,4,22
mujiced01,2017,1,DET,5,0,19,9.95,11,0,7
mujicjo01,2020,1,COL,2,0,13,12.46,10,2,1
muldema01,2000,1,ATH,27,27,462,5.44,191,69,88
muldema01,2001,1,ATH,34,34,688,3.45,214,51,153
muldema01,2002,1,ATH,30,30,622,3.47,182,55,159
muldema01,2003,1,ATH,26,26,560,3.13,180,40,128
muldema01,2004,1,ATH,33,33,677,4.43,223,83,140
muldema01,2005,1,SLN,32,32,615,3.64,212,70,111
muldema01,2006,1,SLN,17,17,280,7.14,124,35,50
muldema01,2007,1,SLN,3,3,33,12.27,22,7,3
muldema01,2008,1,SLN,3,1,5,10.8,4,2,2
mulhote01,2000,1,ATL,54,20,470,5.11,198,41,78
mulhote01,2001,1,PIT,22,1,109,3.72,38,10,17
mulhote01,2001,2,LAN,19,3,88,5.83,40,7,25
mulhote01,2002,1,LAN,21,0,96,7.31,45,7,17
mulhote01,2002,2,CLE,16,3,141,4.6,56,14,21
mulhote01,2003,1,CLE,45,3,297,4.91,117,37,42
mulhote01,2004,1,MIN,39,15,370,5.18,163,33,60
mulhote01,2005,1,MIN,49,0,177,4.27,61,17,18
mulhote01,2006,1,ARI,5,0,9,9.0,7,1,1
mulleco01,2016,1,NYA,3,0,9,3.0,0,4,4
mulleky01,2021,1,ATL,9,8,110,4.17,26,20,37
mulleky01,2022,1,ATL,3,3,37,8.03,13,8,12
mulleky01,2023,1,ATH,21,13,231,7.6,112,39,56
mulleky01,2024,1,ATH,21,0,148,4.01,48,10,36
mullesc01,2000,1,KCA,11,0,31,4.35,10,3,7
mullesc01,2001,1,KCA,17,0,30,4.5,13,9,3
mullesc01,2002,1,KCA,44,0,120,3.15,40,13,21
mullesc01,2003,1,KCA,2,0,13,16.62,11,5,3
mullesc01,2003,2,LAN,1,1,9,9.0,2,5,1
mulveke01,2009,1,MIN,2,0,4,27.0,6,0,0
mulveke01,2009,2,ARI,6,4,69,7.04,23,12,18
mulveke01,2010,1,ARI,2,0,9,6.0,5,2,1
munizca01,2007,1,NYN,2,0,7,7.71,1,2,2
munizca01,2008,1,NYN,18,0,70,5.4,24,7,16
munozan01,2019,1,SDN,22,0,69,3.91,16,11,30
munozan01,2021,1,SEA,1,0,2,0.0,0,2,1
munozan01,2022,1,SEA,64,0,195,2.49,43,15,96
munozan01,2023,1,SEA,52,0,147,2.94,40,22,67
munozan01,2024,1,SEA,60,0,178,2.12,31,26,77
munozan01,2025,1,SEA,64,0,187,1.73,36,28,83
munozar01,2004,1,CHA,11,1,43,10.05,20,12,11
munozar01,2007,1,WAS,13,0,16,6.75,6,7,3
munozbo01,2001,1,WAS,15,7,126,5.14,53,21,21
munozmi01,2000,1,TEX,7,0,12,13.5,11,3,1
munozro01,2024,1,MIA,18,17,248,6.53,89,42,70
munozro01,2025,1,SLN,9,0,33,8.18,9,9,14
munozro02,2025,1,ATL,3,0,11,12.27,4,5,5
munrope01,2000,1,TOR,9,3,77,5.96,38,16,16
munrope01,2002,1,HOU,19,14,242,3.57,89,23,45
munrope01,2003,1,HOU,40,2,162,4.67,63,26,27
munrope01,2004,1,HOU,21,19,299,5.15,120,26,63
muntesc01,2005,1,SFN,45,0,116,2.56,40,12,11
muntesc01,2006,1,SFN,27,0,68,8.74,30,18,7
muntesc01,2007,1,SFN,12,0,32,4.22,14,4,4
muratto01,2015,1,CLE,1,1,10,8.1,4,1,2
murdono01,2025,1,ATH,14,0,51,13.24,26,20,21
murfepe01,2022,1,SEA,64,1,208,2.99,48,18,76
murfepe01,2023,1,SEA,16,0,42,1.29,5,10,16
murfepe01,2025,1,CHA,15,0,38,7.82,19,5,13
murphbi02,2007,1,ARI,10,0,19,5.68,9,7,2
murphbi02,2009,1,TOR,8,0,34,3.18,4,8,6
murphch01,2023,1,BOS,20,0,143,4.91,50,17,49
murphch01,2025,1,BOS,23,0,104,3.12,21,20,30
murphda07,2013,1,TEX,1,0,3,0.0,1,0,1
murphda07,2015,1,CLE,1,0,1,0.0,2,1,0
murphjr01,2019,1,ARI,2,0,9,27.0,10,3,0
murphjr01,2020,1,PIT,1,0,3,0.0,0,0,0
murphpa02,2020,1,TOR,4,0,18,1.5,6,2,5
murphpa02,2021,1,TOR,8,0,28,4.82,12,4,6
murphpa02,2021,2,WAS,17,0,56,5.3,19,6,23
murphpa02,2022,1,WAS,6,0,17,6.35,8,8,4
murphto04,2019,1,SEA,3,0,9,6.0,1,1,2
murraaj01,2007,1,TEX,14,2,84,4.5,25,15,18
murraaj01,2008,1,TEX,2,2,23,3.52,12,3,5
murraco01,2015,1,PHI,8,0,23,5.87,11,2,9
murraco01,2016,1,PHI,24,0,95,6.25,34,13,31
murrada02,2000,1,KCA,10,0,58,4.66,20,10,16
murrahe01,2001,1,DET,40,4,190,6.54,82,40,42
murrahe01,2002,1,CLE,9,0,36,7.5,12,7,11
murraja01,2025,1,HOU,9,1,35,1.54,10,3,8
musgrha01,2018,1,COL,35,0,134,4.63,36,22,32
musgrha01,2019,1,COL,10,0,30,3.6,9,7,12
musgrjo01,2016,1,HOU,11,10,186,4.06,59,16,55
musgrjo01,2017,1,HOU,38,15,328,4.77,117,28,98
musgrjo01,2018,1,PIT,19,19,346,4.06,113,23,100
musgrjo01,2019,1,PIT,32,31,511,4.44,168,39,157
musgrjo01,2020,1,PIT,8,8,119,3.86,33,16,55
musgrjo01,2021,1,SDN,32,31,544,3.18,142,54,203
musgrjo01,2022,1,SDN,30,30,543,2.93,154,42,184
musgrjo01,2023,1,SDN,17,17,292,3.05,90,21,97
musgrjo01,2024,1,SDN,19,19,299,3.88,94,23,101
mushipa01,2022,1,HOU,7,0,22,3.68,5,3,8
mushipa01,2023,1,HOU,14,0,44,5.52,19,4,15
mushipa01,2024,1,HOU,10,0,33,6.55,11,5,3
mussene01,2007,1,KCA,17,0,74,4.38,32,14,19
mussene01,2008,1,KCA,1,0,3,0.0,0,1,0
mussimi01,2000,1,BAL,34,34,713,3.79,236,46,210
mussimi01,2001,1,NYA,34,34,686,3.15,202,42,214
mussimi01,2002,1,NYA,33,33,647,4.05,208,48,182
mussimi01,2003,1,NYA,31,31,644,3.4,192,40,195
mussimi01,2004,1,NYA,27,27,494,4.59,178,40,132
mussimi01,2005,1,NYA,30,30,539,4.41,199,47,142
mussimi01,2006,1,NYA,32,32,592,3.51,184,35,172
mussimi01,2007,1,NYA,28,27,456,5.15,188,35,91
mussimi01,2008,1,NYA,34,34,601,3.37,214,31,150
myersbr01,2002,1,PHI,12,12,216,4.25,73,29,34
myersbr01,2003,1,PHI,32,32,579,4.43,205,76,143
myersbr01,2004,1,PHI,32,31,528,5.52,196,62,116
myersbr01,2005,1,PHI,34,34,646,3.72,193,68,208
myersbr01,2006,1,PHI,31,31,594,3.91,194,63,189
myersbr01,2007,1,PHI,51,3,206,4.33,61,27,83
myersbr01,2008,1,PHI,30,30,570,4.55,197,65,163
myersbr01,2009,1,PHI,18,10,212,4.84,74,23,50
myersbr01,2010,1,HOU,33,33,671,3.14,212,66,180
myersbr01,2011,1,HOU,34,33,648,4.46,226,57,160
myersbr01,2012,1,HOU,35,0,92,3.52,35,6,20
myersbr01,2012,2,CHA,35,0,104,3.12,30,9,21
myersbr01,2013,1,CLE,4,3,64,8.02,29,5,12
myersmi01,2000,1,COL,78,0,136,1.99,24,24,41
myersmi01,2001,1,COL,73,0,120,3.6,32,24,36
myersmi01,2002,1,ARI,69,0,111,4.38,39,17,31
myersmi01,2003,1,ARI,64,0,109,5.7,38,21,21
myersmi01,2004,1,SEA,50,0,83,4.88,29,17,23
myersmi01,2004,2,BOS,25,0,45,4.2,16,6,9
myersmi01,2005,1,BOS,65,0,112,3.13,30,13,21
myersmi01,2006,1,NYA,62,0,92,3.23,29,10,22
myersmi01,2007,1,NYA,55,0,122,2.66,38,16,21
myersmi01,2007,2,CHA,17,0,41,11.2,21,7,6
myersro01,2000,1,SDN,3,0,6,4.5,2,0,3
myersro01,2001,1,SDN,37,0,142,5.32,53,20,29
myersro01,2002,1,SDN,14,0,64,5.91,29,10,11
myersro01,2003,1,LAN,4,0,27,6.0,10,4,5
myersro01,2004,1,LAN,1,0,6,0.0,1,0,1
myersto01,2024,1,MIL,27,25,414,3.0,126,36,127
myersto01,2025,1,MIL,22,6,152,3.55,54,15,38
myerswi01,2022,1,SDN,4,0,11,7.36,4,0,0
myettaa01,2000,1,CHA,2,0,8,0.0,0,4,1
myettaa01,2001,1,TEX,19,15,242,7.14,94,37,67
myettaa01,2002,1,TEX,15,12,145,10.06,64,41,48
myettaa01,2003,1,CLE,2,0,8,23.63,7,2,1
myettaa01,2004,1,CIN,5,0,13,8.31,3,8,6
nageocl01,2004,1,SEA,12,5,110,7.36,48,27,24
nageocl01,2005,1,SEA,3,0,12,6.75,6,1,1
nageocl01,2006,1,SEA,1,0,3,27.0,2,2,1
nagych01,2000,1,CLE,11,11,171,8.21,71,21,41
nagych01,2001,1,CLE,15,13,211,6.4,102,20,29
nagych01,2002,1,CLE,19,7,146,8.88,76,13,22
nagych01,2003,1,SDN,5,0,37,4.38,15,3,7
naileja01,2022,1,SLN,7,0,27,5.0,8,2,5
naileja01,2023,1,SLN,10,0,46,8.8,27,9,7
nakammi01,2003,1,MIN,12,0,38,7.82,20,2,14
nakammi01,2004,1,TOR,19,0,77,7.36,27,7,24
nancesh01,2002,1,MIL,4,0,19,4.26,4,4,5
nancesh01,2003,1,MIL,26,0,73,4.81,34,10,25
nancesh01,2004,1,ARI,19,0,37,5.84,19,12,9
nanceto01,2021,1,CHN,27,0,86,7.22,25,13,30
nanceto01,2022,1,MIA,35,2,131,4.33,45,21,57
nanceto01,2024,1,TOR,20,0,66,4.09,18,9,19
nanceto01,2025,1,TOR,30,0,95,1.99,25,7,32
nardian01,2022,1,MIA,13,0,44,9.82,25,14,24
nardian01,2023,1,MIA,63,0,172,2.67,45,21,73
nardian01,2024,1,MIA,59,0,149,5.07,44,18,70
narrosa02,2004,1,TEX,1,1,8,13.5,5,4,1
narvech01,2006,1,SLN,5,1,28,4.82,6,5,12
narvech01,2009,1,MIL,21,4,141,3.83,45,16,46
narvech01,2010,1,MIL,37,28,503,4.99,172,59,137
narvech01,2011,1,MIL,30,28,485,4.45,160,65,126
narvech01,2012,1,MIL,2,2,27,7.0,10,4,5
narvech01,2013,1,MIL,2,0,6,0.0,1,1,0
narvech01,2015,1,MIA,15,2,91,4.45,24,9,32
narvech01,2016,1,MIA,6,0,25,8.64,10,2,6
nastrni01,2024,1,CHA,9,8,107,7.07,32,36,26
nathajo01,2000,1,SFN,20,15,280,5.21,89,63,61
nathajo01,2002,1,SFN,4,0,11,0.0,1,0,2
nathajo01,2003,1,SFN,78,0,237,2.96,51,33,83
nathajo01,2004,1,MIN,73,0,217,1.62,48,23,89
nathajo01,2005,1,MIN,69,0,210,2.7,46,22,94
nathajo01,2006,1,MIN,64,0,205,1.58,38,16,95
nathajo01,2007,1,MIN,68,0,215,1.88,54,19,77
nathajo01,2008,1,MIN,68,0,203,1.33,43,18,74
nathajo01,2009,1,MIN,70,0,206,2.1,42,22,89
nathajo01,2011,1,MIN,48,0,134,4.84,38,14,43
nathajo01,2012,1,TEX,66,0,193,2.8,55,13,78
nathajo01,2013,1,TEX,67,0,194,1.39,36,22,73
nathajo01,2014,1,DET,62,0,174,4.81,60,29,54
nathajo01,2015,1,DET,1,0,1,0.0,0,0,1
nathajo01,2016,1,CHN,3,0,6,0.0,2,2,4
nathajo01,2016,2,SFN,7,0,13,0.0,3,2,5
natiojo01,2000,1,CHN,2,2,35,6.94,12,8,8
naughpa01,2021,1,LAA,7,5,68,6.35,27,14,12
naughpa01,2022,1,SLN,26,3,96,4.78,39,7,31
naughpa01,2023,1,SLN,4,0,15,0.0,2,1,5
navared01,2023,1,CHA,8,0,26,7.27,11,2,9
navarja01,2000,1,MIL,5,5,56,12.54,34,18,7
navarja01,2000,2,CLE,7,2,44,7.98,20,5,9
neaglde01,2000,1,CIN,18,18,353,3.52,111,50,88
neaglde01,2000,2,NYA,16,15,274,5.81,99,31,58
neaglde01,2001,1,COL,30,30,512,5.38,192,60,139
neaglde01,2002,1,COL,35,28,493,5.26,170,63,111
neaglde01,2003,1,COL,7,7,106,7.9,47,12,21
nealbl01,2001,1,MIA,4,0,16,6.75,7,5,3
nealbl01,2002,1,MIA,32,0,99,2.73,32,14,33
nealbl01,2003,1,MIA,18,0,63,8.14,38,9,10
nealbl01,2004,1,SDN,40,0,126,4.07,49,11,36
nealbl01,2005,1,BOS,8,0,24,9.0,15,3,3
nealbl01,2005,2,COL,11,0,44,6.14,20,9,8
nealza01,2016,1,ATH,24,6,210,4.24,72,6,27
nealza01,2017,1,ATH,6,0,44,7.98,19,1,10
nealza01,2018,1,LAN,1,0,3,9.0,2,0,0
nealza01,2023,1,ATH,14,2,81,6.67,30,14,25
neelyja01,2024,1,CHN,6,0,18,9.0,8,2,7
neideni01,2020,1,MIA,4,0,25,5.4,10,2,4
neideni01,2021,1,MIA,8,7,107,4.54,31,23,21
neideni01,2022,1,MIA,1,1,15,3.6,5,0,3
nelsoje01,2000,1,NYA,73,0,209,2.45,44,45,71
nelsoje01,2001,1,SEA,69,0,196,2.76,30,44,88
nelsoje01,2002,1,SEA,41,0,137,3.94,36,27,55
nelsoje01,2003,1,SEA,46,0,113,3.35,34,14,47
nelsoje01,2003,2,NYA,24,0,53,4.58,17,10,21
nelsoje01,2004,1,TEX,29,0,71,5.32,17,19,22
nelsoje01,2005,1,SEA,49,0,110,3.93,32,22,34
nelsoje01,2006,1,CHA,6,0,8,3.38,3,5,2
nelsoji02,2013,1,MIL,4,1,30,0.9,2,5,8
nelsoji02,2014,1,MIL,14,12,208,4.93,82,19,57
nelsoji02,2015,1,MIL,30,30,532,4.11,163,65,148
nelsoji02,2016,1,MIL,32,32,538,4.62,186,86,140
nelsoji02,2017,1,MIL,29,29,526,3.49,171,48,199
nelsoji02,2019,1,MIL,10,3,66,6.95,25,17,26
nelsoji02,2021,1,LAN,28,1,87,1.86,14,13,44
nelsojo01,2001,1,ATL,2,0,6,36.0,7,2,0
nelsojo01,2004,1,BOS,3,0,8,16.88,4,3,5
nelsojo01,2006,1,KCA,43,0,134,4.43,37,24,44
nelsojo01,2008,1,MIA,59,0,162,2.0,42,22,60
nelsojo01,2009,1,TB,42,0,121,4.02,32,27,36
nelsojo01,2010,1,BOS,8,0,25,9.72,14,6,9
nelsoky01,2020,1,CLE,1,0,2,54.0,3,1,0
nelsoky01,2021,1,CLE,10,0,29,9.31,10,8,8
nelsoky01,2022,1,ARI,43,1,111,2.19,26,14,30
nelsoky01,2023,1,ARI,68,2,168,4.18,59,14,67
nelsoky01,2024,1,ARI,11,0,32,4.22,8,4,8
nelsoky01,2025,1,ARI,3,0,6,9.0,1,4,2
nelsoni01,2020,1,NYA,11,0,62,4.79,20,11,18
nelsoni01,2021,1,NYA,11,2,43,8.79,15,16,22
nelsoni01,2022,1,PHI,47,2,206,4.85,66,36,69
nelsoni01,2023,1,PHI,1,0,16,1.69,2,2,3
nelsoni01,2024,1,PHI,4,0,16,5.06,8,2,8
nelsory01,2022,1,ARI,3,3,55,1.47,9,6,16
nelsory01,2023,1,ARI,29,27,432,5.31,159,46,96
nelsory01,2024,1,ARI,28,25,452,4.24,155,34,126
nelsory01,2025,1,ARI,33,23,462,3.39,124,41,132
nenro01,2000,1,SFN,68,0,198,1.5,37,19,92
nenro01,2001,1,SFN,79,0,233,3.01,58,22,93
nenro01,2002,1,SFN,68,0,221,2.2,64,20,81
nerishe01,2014,1,PHI,1,0,3,0.0,0,0,1
nerishe01,2015,1,PHI,32,0,121,3.79,38,10,41
nerishe01,2016,1,PHI,79,0,241,2.58,59,30,102
nerishe01,2017,1,PHI,74,0,224,3.01,68,26,86
nerishe01,2018,1,PHI,53,0,143,5.1,46,16,76
nerishe01,2019,1,PHI,68,0,203,2.93,45,24,89
nerishe01,2020,1,PHI,24,0,65,4.57,24,13,27
nerishe01,2021,1,PHI,74,0,223,3.63,55,32,98
nerishe01,2022,1,HOU,70,0,196,3.72,49,17,79
nerishe01,2023,1,HOU,71,0,205,1.71,41,31,77
nerishe01,2024,1,CHN,46,0,132,3.89,41,26,46
nerishe01,2024,2,HOU,16,0,46,4.7,14,2,18
nerishe01,2025,1,ATL,2,0,3,45.0,5,1,1
nerishe01,2025,2,LAA,21,0,42,5.14,11,7,19
nerishe01,2025,3,HOU,12,0,35,5.4,13,8,15
nesbian01,2015,1,DET,24,0,65,5.4,22,8,14
neshepa01,2006,1,MIN,32,0,111,2.19,23,6,53
neshepa01,2007,1,MIN,74,0,211,2.94,44,27,74
neshepa01,2008,1,MIN,15,0,40,4.73,12,4,15
neshepa01,2010,1,MIN,11,0,27,5.0,7,8,9
neshepa01,2011,1,SDN,25,0,74,4.01,19,22,20
neshepa01,2012,1,ATH,24,0,59,1.37,10,6,16
neshepa01,2013,1,ATH,45,0,121,3.35,40,15,29
neshepa01,2014,1,SLN,71,0,202,1.87,44,9,68
neshepa01,2015,1,HOU,66,0,164,3.62,49,12,51
neshepa01,2016,1,HOU,60,0,141,3.06,33,11,43
neshepa01,2017,1,PHI,43,0,121,1.12,28,5,45
neshepa01,2017,2,COL,28,0,66,2.45,20,1,24
neshepa01,2018,1,PHI,30,0,73,2.59,23,5,15
neshepa01,2019,1,PHI,20,0,54,5.0,23,2,9
neugeni01,2001,1,MIL,2,2,18,7.5,6,6,11
neugeni01,2002,1,MIL,12,12,166,4.72,56,44,47
neumi01,2003,1,ATH,32,0,126,3.64,43,26,20
neumi01,2004,1,MIA,1,0,12,4.5,5,2,2
neusesh01,2022,1,ATH,3,0,11,0.0,1,0,0
neverdo01,2017,1,PIT,24,0,76,3.91,24,8,17
neverdo01,2018,1,PIT,25,0,81,8.0,30,10,27
neverdo01,2019,1,PIT,10,0,28,10.61,15,7,10
neverdo01,2020,1,PIT,17,0,57,7.11,24,10,23
newbeja01,2018,1,KCA,14,0,40,4.73,13,9,11
newbeja01,2019,1,KCA,27,0,93,3.77,29,16,29
newbeja01,2020,1,KCA,20,0,66,4.09,20,12,24
newbeja01,2021,1,KCA,4,0,13,16.62,10,3,5
newcose01,2017,1,ATL,19,19,300,4.32,100,57,108
newcose01,2018,1,ATL,31,30,492,3.9,137,81,160
newcose01,2019,1,ATL,55,4,205,3.16,61,29,65
newcose01,2020,1,ATL,4,4,41,11.2,20,6,10
newcose01,2021,1,ATL,32,0,97,4.73,28,27,43
newcose01,2022,1,ATL,3,0,15,7.2,7,4,4
newcose01,2022,2,CHN,17,1,68,9.13,26,15,24
newcose01,2023,1,ATH,7,2,45,3.0,8,9,17
newcose01,2024,1,ATH,7,0,30,6.3,9,8,7
newcose01,2025,1,BOS,12,5,123,3.95,55,17,41
newcose01,2025,2,ATH,36,0,154,1.75,39,14,50
newmaal02,2000,1,CLE,1,0,4,20.25,6,1,0
newmajo01,2007,1,COL,2,0,6,4.5,2,0,3
newmajo01,2008,1,COL,8,0,26,9.35,15,6,6
newmajo01,2008,2,KCA,4,0,21,7.71,10,6,2
newmake01,2025,1,LAA,2,0,12,6.75,4,0,0
newsolj01,2020,1,SEA,5,4,47,5.17,20,1,9
newsolj01,2021,1,SEA,7,1,44,7.98,20,3,16
nicasju01,2011,1,COL,13,13,215,4.14,73,18,58
nicasju01,2012,1,COL,11,11,174,5.28,72,22,54
nicasju01,2013,1,COL,31,31,473,5.14,168,64,119
nicasju01,2014,1,COL,33,14,281,5.38,107,31,63
nicasju01,2015,1,LAN,53,1,175,3.86,59,32,65
nicasju01,2016,1,PIT,52,12,354,4.5,117,45,138
nicasju01,2017,1,PIT,65,0,180,2.85,49,18,60
nicasju01,2017,2,PHI,2,0,4,0.0,0,0,1
nicasju01,2017,3,SLN,9,0,33,1.64,9,2,11
nicasju01,2018,1,SEA,46,0,126,6.0,53,5,53
nicasju01,2019,1,PHI,47,0,142,4.75,57,21,45
nicasju01,2020,1,TEX,2,0,4,40.5,5,2,1
nichobr01,2017,1,TEX,1,0,3,36.0,5,0,0
nichtch01,2000,1,CLE,7,0,27,7.0,13,5,7
nichtch01,2001,1,CIN,36,0,109,4.46,46,8,33
nichtch01,2001,2,COL,7,0,18,4.5,9,0,7
nichtch01,2002,1,COL,29,0,109,4.46,40,5,25
nickldo01,2000,1,PHI,4,0,8,13.5,5,2,0
nickldo01,2001,1,PHI,2,0,6,0.0,1,0,1
nickldo01,2002,1,PHI,4,0,13,6.23,6,4,2
nickldo01,2002,2,SDN,10,0,35,8.49,20,9,7
nicolju01,2015,1,MIA,12,12,222,4.01,72,20,23
nicolju01,2016,1,MIA,18,13,238,4.99,96,20,37
nicolju01,2017,1,MIA,20,8,144,5.06,66,20,26
nicolky01,2023,1,PIT,4,0,16,11.81,7,4,7
nicolky01,2024,1,PIT,51,0,164,3.95,51,31,55
nicolky01,2025,1,PIT,31,0,114,4.74,34,18,34
nidoto01,2025,1,DET,1,0,5,0.0,0,0,0
niemaje01,2008,1,TB,5,2,48,5.06,18,8,14
niemaje01,2009,1,TB,31,30,542,3.94,185,59,125
niemaje01,2010,1,TB,30,29,523,4.39,159,61,131
niemaje01,2011,1,TB,23,23,406,4.06,131,37,105
niemaje01,2012,1,TB,8,8,114,3.08,30,12,34
niesejo01,2008,1,NYN,3,3,42,7.07,20,8,11
niesejo01,2009,1,NYN,5,5,77,4.21,27,9,18
niesejo01,2010,1,NYN,30,30,521,4.2,192,62,148
niesejo01,2011,1,NYN,27,26,472,4.4,178,44,138
niesejo01,2012,1,NYN,30,30,571,3.4,174,49,155
niesejo01,2013,1,NYN,24,24,429,3.71,158,48,105
niesejo01,2014,1,NYN,30,30,563,3.4,193,45,138
niesejo01,2015,1,NYN,33,29,530,4.13,192,55,113
niesejo01,2016,1,PIT,23,18,330,4.91,132,38,76
niesejo01,2016,2,NYN,6,2,33,11.45,13,9,12
nievefe01,2006,1,HOU,40,11,289,4.2,87,41,70
nievefe01,2008,1,HOU,11,0,32,8.44,17,2,12
nievefe01,2009,1,NYN,8,7,110,2.95,36,19,23
nievefe01,2010,1,NYN,40,1,126,6.0,37,22,38
nifu01,2009,1,DET,36,0,93,2.61,20,11,21
nifu01,2010,1,DET,22,0,69,6.65,27,19,22
nikhado01,2025,1,CLE,2,1,12,13.5,5,6,5
nippedu01,2005,1,ARI,3,3,44,5.52,10,13,11
nippedu01,2006,1,ARI,2,2,30,11.7,15,7,9
nippedu01,2007,1,ARI,36,0,136,5.56,48,16,38
nippedu01,2008,1,TEX,20,6,215,6.4,92,37,55
nippedu01,2009,1,TEX,20,10,209,3.88,64,29,54
nippedu01,2010,1,TEX,38,2,170,4.29,61,34,47
nitkocj01,2000,1,DET,67,11,329,5.25,124,49,81
nitkocj01,2001,1,DET,56,0,136,5.56,51,31,38
nitkocj01,2001,2,NYN,5,0,17,0.0,3,3,4
nitkocj01,2002,1,TEX,12,0,41,2.63,11,13,14
nitkocj01,2003,1,TEX,6,0,29,7.45,17,8,5
nitkocj01,2004,1,ATL,22,0,60,4.5,22,10,16
nitkocj01,2004,2,NYA,19,0,39,7.62,18,6,10
nitkocj01,2005,1,WAS,7,0,10,8.1,5,2,2
nittovi01,2021,1,SEA,1,0,3,18.0,1,2,1
nittovi01,2022,1,PHI,2,0,6,0.0,0,1,1
nittovi01,2023,1,NYN,3,0,11,2.45,4,0,3
nittovi01,2024,1,ATH,7,0,24,2.25,8,2,5
nittovi01,2024,2,BAL,2,0,12,0.0,2,0,3
nixja02,2018,1,SDN,9,9,127,7.02,52,13,21
noesihe01,2011,1,NYA,30,2,169,4.47,63,22,45
noesihe01,2012,1,SEA,22,18,320,5.82,107,39,68
noesihe01,2013,1,SEA,12,1,82,6.59,42,12,21
noesihe01,2014,1,SEA,2,0,3,27.0,2,0,2
noesihe01,2014,2,TEX,3,0,16,11.81,11,2,4
noesihe01,2014,3,CHA,28,27,498,4.39,167,54,117
noesihe01,2015,1,CHA,10,5,98,6.89,41,17,22
noesihe01,2019,1,MIA,12,4,83,8.46,30,14,24
nogosst01,2019,1,NYN,7,0,20,10.8,12,2,6
nogosst01,2021,1,NYN,1,0,9,6.0,3,0,5
nogosst01,2022,1,NYN,12,0,66,2.45,20,7,21
nogosst01,2023,1,NYN,13,0,77,5.61,28,14,25
nogowjo01,2021,2,PIT,3,0,9,15.0,8,0,0
nolaaa01,2015,1,PHI,13,13,233,3.59,74,19,68
nolaaa01,2016,1,PHI,20,20,333,4.78,116,29,121
nolaaa01,2017,1,PHI,27,27,504,3.54,154,49,184
nolaaa01,2018,1,PHI,33,33,637,2.37,149,58,224
nolaaa01,2019,1,PHI,34,34,607,3.87,176,80,229
nolaaa01,2020,1,PHI,12,12,214,3.28,54,23,96
nolaaa01,2021,1,PHI,32,32,542,4.63,165,39,223
nolaaa01,2022,1,PHI,32,32,615,3.25,168,29,235
nolaaa01,2023,1,PHI,32,32,581,4.46,178,45,202
nolaaa01,2024,1,PHI,33,33,598,3.57,189,50,197
nolaaa01,2025,1,PHI,17,17,283,6.01,99,28,97
nolaau01,2025,1,COL,1,0,3,72.0,8,0,0
nolasri01,2006,1,MIA,35,22,420,4.82,157,41,99
nolasri01,2007,1,MIA,5,4,64,5.48,26,9,11
nolasri01,2008,1,MIA,34,32,637,3.52,192,42,186
nolasri01,2009,1,MIA,31,31,555,5.06,188,44,195
nolasri01,2010,1,MIA,26,26,473,4.51,169,33,147
nolasri01,2011,1,MIA,33,33,618,4.67,244,44,148
nolasri01,2012,1,MIA,31,31,573,4.48,214,47,125
nolasri01,2013,1,MIA,18,18,337,3.85,112,25,90
nolasri01,2013,2,LAN,16,15,261,3.52,83,21,75
nolasri01,2014,1,MIN,27,27,477,5.38,203,38,115
nolasri01,2015,1,MIN,9,8,112,6.75,50,14,35
nolasri01,2016,1,MIN,21,21,374,5.13,139,29,93
nolasri01,2016,2,LAA,11,11,219,3.21,63,15,51
nolasri01,2017,1,LAA,33,33,543,4.92,205,58,143
nolinse01,2013,1,TOR,1,1,4,40.5,7,1,0
nolinse01,2014,1,TOR,1,0,3,9.0,1,0,0
nolinse01,2015,1,ATH,6,6,87,5.28,35,12,15
nolinse01,2021,1,WAS,10,5,80,4.39,32,13,20
nolinse01,2023,1,MIA,1,0,9,18.0,7,2,2
nomohi01,2000,1,DET,32,31,570,4.74,191,89,181
nomohi01,2001,1,BOS,33,33,594,4.5,171,96,220
nomohi01,2002,1,LAN,34,34,661,3.39,189,101,193
nomohi01,2003,1,LAN,33,33,655,3.09,175,98,177
nomohi01,2004,1,LAN,18,18,252,8.25,105,42,54
nomohi01,2005,1,TB,19,19,302,7.24,127,51,59
nomohi01,2008,1,KCA,3,0,13,18.69,10,4,3
nomurta01,2002,1,MIL,21,0,41,8.56,11,18,9
norbejo01,2010,1,ARI,33,0,60,5.85,16,22,15
norbejo01,2011,1,ATH,6,0,20,8.1,8,7,4
norbejo01,2012,1,ATH,39,0,156,2.77,37,22,46
norribu01,2009,1,HOU,11,10,167,4.53,59,25,54
norribu01,2010,1,HOU,27,27,461,4.92,151,77,158
norribu01,2011,1,HOU,31,31,558,3.77,177,70,176
norribu01,2012,1,HOU,29,29,505,4.65,165,66,165
norribu01,2013,1,HOU,21,21,378,3.93,135,43,90
norribu01,2013,2,BAL,11,9,152,4.8,61,24,57
norribu01,2014,1,BAL,28,28,496,3.65,149,52,139
norribu01,2015,1,BAL,18,11,199,7.06,84,25,50
norribu01,2015,2,SDN,20,0,50,5.4,16,6,21
norribu01,2016,1,ATL,22,10,211,4.22,68,28,60
norribu01,2016,2,LAN,13,9,128,6.54,48,21,42
norribu01,2017,1,LAA,60,3,186,4.21,56,27,74
norribu01,2018,1,SLN,64,0,173,3.59,51,21,67
norrida01,2014,1,TOR,5,1,20,5.4,5,5,4
norrida01,2015,1,TOR,5,5,70,3.86,23,12,18
norrida01,2015,2,DET,8,8,110,3.68,30,7,27
norrida01,2016,1,DET,14,13,208,3.38,75,22,71
norrida01,2017,1,DET,22,18,305,5.31,120,44,86
norrida01,2018,1,DET,11,8,133,5.68,46,19,51
norrida01,2019,1,DET,32,29,433,4.49,154,38,125
norrida01,2020,1,DET,14,1,83,3.25,25,7,28
norrida01,2021,1,DET,38,0,110,5.89,38,15,40
norrida01,2021,2,MIL,18,0,61,6.64,17,15,18
norrida01,2022,1,CHN,27,1,90,6.9,23,21,43
norrida01,2022,2,DET,14,2,86,3.45,22,8,23
norrida01,2023,1,CLE,7,0,38,5.68,10,12,11
northaa01,2021,1,SDN,5,0,24,2.25,5,8,5
nortoph01,2000,1,CHN,2,2,26,9.35,14,7,6
nortoph01,2003,1,CHN,4,0,10,5.4,2,3,0
nortoph01,2003,2,CIN,17,0,44,2.45,7,6,7
nortoph01,2004,1,CIN,69,0,197,5.07,71,38,48
norwoja01,2018,1,CHN,11,0,33,4.09,14,5,10
norwoja01,2019,1,CHN,9,0,28,2.89,9,8,11
norwoja01,2020,1,CHN,3,0,5,16.2,4,1,0
norwoja01,2021,1,SDN,5,0,15,0.0,6,3,3
norwoja01,2022,1,PHI,20,0,52,8.31,24,9,22
novaiv01,2010,1,NYA,10,7,126,4.5,44,17,26
novaiv01,2011,1,NYA,28,27,496,3.7,163,57,98
novaiv01,2012,1,NYA,28,28,511,5.02,194,56,153
novaiv01,2013,1,NYA,23,20,418,3.1,135,44,116
novaiv01,2014,1,NYA,4,4,62,8.27,32,6,12
novaiv01,2015,1,NYA,17,17,282,5.07,99,33,63
novaiv01,2016,1,NYA,21,15,292,4.9,107,25,75
novaiv01,2016,2,PIT,11,11,194,3.06,68,3,52
novaiv01,2017,1,PIT,31,31,561,4.14,203,36,131
novaiv01,2018,1,PIT,29,29,483,4.19,171,35,114
novaiv01,2019,1,CHA,34,34,561,4.72,225,47,114
novaiv01,2020,1,DET,4,4,57,8.53,22,9,9
novoaro01,2004,1,DET,16,0,63,5.57,25,6,15
novoaro01,2005,1,CHN,49,0,134,4.43,47,25,47
novoaro01,2006,1,CHN,66,0,228,4.26,77,32,53
nunezab01,2004,1,PIT,1,0,1,0.0,0,0,0
nunezda01,2021,1,LAN,6,1,23,8.22,8,4,8
nunezde01,2024,1,NYN,25,0,105,2.31,24,8,48
nunezde01,2025,1,NYN,10,0,29,4.66,6,6,11
nunezed02,2019,1,BOS,1,0,3,9.0,1,0,0
nunezed03,2025,1,SDN,4,0,14,3.86,4,4,2
nunezed03,2025,2,ATH,6,0,24,9.0,9,7,9
nunezfr01,2004,1,TB,8,0,32,5.91,11,7,14
nunezfr01,2005,1,TB,5,0,15,10.8,5,4,2
nunezjh01,2009,1,CHA,7,0,17,9.53,10,2,3
nunezjo02,2001,1,LAN,6,0,22,13.5,14,5,11
nunezjo02,2001,2,SDN,56,0,155,3.31,48,20,49
nunezjo02,2002,1,SDN,1,0,3,0.0,0,1,0
nunezle01,2005,1,KCA,41,0,161,7.55,73,18,32
nunezle01,2006,1,KCA,7,0,40,4.73,15,5,7
nunezle01,2007,1,KCA,13,6,131,3.92,44,10,37
nunezle01,2008,1,KCA,45,0,145,2.98,45,15,26
nunezle01,2009,1,MIA,75,0,206,4.06,59,27,60
nunezle01,2010,1,MIA,68,0,195,3.46,62,21,71
nunezle01,2011,1,MIA,68,0,193,4.06,57,21,55
nunezle01,2014,1,TB,32,0,95,3.69,27,16,26
nunezvl01,2000,1,MIA,17,12,205,7.9,88,34,45
nunezvl01,2001,1,MIA,52,3,276,2.74,79,30,64
nunezvl01,2002,1,MIA,77,0,293,3.41,80,37,73
nunezvl01,2003,1,MIA,14,0,32,16.03,21,7,10
nunezvl01,2004,1,COL,22,0,77,7.01,26,14,22
nunezvl01,2008,1,ATL,23,0,98,3.86,32,19,24
nunezvl01,2009,1,ATL,1,0,3,36.0,2,2,1
nunovi01,2013,1,NYA,5,3,60,2.25,16,6,9
nunovi01,2014,1,NYA,17,14,234,5.42,86,26,60
nunovi01,2014,2,ARI,14,14,251,3.76,71,20,69
nunovi01,2015,1,ARI,3,0,43,1.88,10,5,19
nunovi01,2015,2,SEA,32,10,224,4.1,80,17,62
nunovi01,2016,1,SEA,55,1,176,3.53,67,11,51
nunovi01,2017,1,BAL,12,0,44,10.43,23,10,13
nunovi01,2018,1,TB,17,0,99,1.64,24,10,29
oakstr01,2018,1,KCA,4,2,41,7.24,21,6,10
oberba01,2021,1,MIN,20,20,277,4.19,92,19,96
oberba01,2022,1,MIN,11,11,168,3.21,48,11,51
oberba01,2023,1,MIN,26,26,433,3.43,125,29,146
oberba01,2024,1,MIN,31,31,536,3.98,136,43,191
oberba01,2025,1,MIN,27,27,439,5.1,159,31,120
obergsc01,2015,1,COL,64,0,175,5.09,58,31,44
obergsc01,2016,1,COL,24,0,78,5.19,26,11,20
obergsc01,2017,1,COL,66,0,175,4.94,70,24,55
obergsc01,2018,1,COL,56,0,176,2.45,45,12,57
obergsc01,2019,1,COL,49,0,168,2.25,39,23,58
oberhbr01,2013,1,HOU,13,10,215,2.76,66,13,45
oberhbr01,2014,1,HOU,24,24,431,4.39,170,28,94
oberhbr01,2015,1,HOU,8,8,115,4.46,44,17,27
oberhbr01,2016,1,PHI,26,0,151,4.83,58,20,38
oberhbr01,2016,2,LAA,11,2,60,8.55,27,9,16
obermwe01,2002,1,KCA,2,2,23,11.74,14,2,5
obermwe01,2003,1,MIL,12,11,197,5.07,81,25,34
obermwe01,2004,1,MIL,25,20,354,5.8,138,42,59
obermwe01,2005,1,MIL,23,8,195,5.26,74,36,33
obermwe01,2007,1,MIA,18,7,177,6.56,72,36,35
obrieri01,2021,1,CIN,1,1,4,13.5,2,3,2
obrieri01,2022,1,SEA,1,0,3,0.0,1,1,1
obrieri01,2024,1,SLN,8,0,24,11.25,13,8,11
obrieri01,2025,1,SLN,42,0,144,2.06,33,22,45
oconnbr01,2000,1,PIT,6,1,37,5.11,12,11,7
oconnmi01,2006,1,WAS,21,20,315,4.8,96,45,59
oconnmi01,2008,1,WAS,5,1,27,13.0,11,11,4
oconnmi01,2011,1,NYN,9,0,20,2.7,5,3,8
odayda01,2008,1,LAA,30,0,130,4.57,49,14,29
odayda01,2009,1,NYN,4,0,9,0.0,5,1,2
odayda01,2009,2,TEX,64,0,167,1.94,36,17,54
odayda01,2010,1,TEX,72,0,186,2.03,43,12,45
odayda01,2011,1,TEX,16,0,50,5.4,17,5,18
odayda01,2012,1,BAL,69,0,201,2.28,49,14,69
odayda01,2013,1,BAL,68,0,186,2.18,47,15,59
odayda01,2014,1,BAL,68,0,206,1.7,42,19,73
odayda01,2015,1,BAL,68,0,196,1.52,47,14,82
odayda01,2016,1,BAL,34,0,93,3.77,25,13,38
odayda01,2017,1,BAL,64,0,181,3.43,41,24,76
odayda01,2018,1,BAL,20,0,60,3.6,18,4,27
odayda01,2019,1,ATL,8,0,16,1.69,3,1,6
odayda01,2020,1,ATL,19,0,49,1.1,8,5,22
odayda01,2021,1,NYA,12,0,32,3.38,9,4,11
odayda01,2022,1,ATL,28,0,65,4.15,19,10,26
odorija01,2012,1,KCA,2,2,22,4.91,8,4,4
odorija01,2013,1,TB,7,4,89,3.94,28,8,22
odorija01,2014,1,TB,31,31,504,4.13,156,59,174
odorija01,2015,1,TB,28,28,508,3.35,149,46,150
odorija01,2016,1,TB,33,33,563,3.69,170,54,166
odorija01,2017,1,TB,28,28,430,4.14,117,61,127
odorija01,2018,1,MIN,32,32,493,4.49,151,70,162
odorija01,2019,1,MIN,30,30,477,3.51,139,53,178
odorija01,2020,1,MIN,4,4,41,6.59,16,3,12
odorija01,2021,1,HOU,24,23,314,4.21,97,34,91
odorija01,2022,1,HOU,12,12,180,3.75,52,17,46
odorija01,2022,2,ATL,10,10,139,5.24,54,18,40
oflaher01,2006,1,SEA,15,0,33,4.09,18,6,6
oflaher01,2007,1,SEA,56,0,157,4.47,45,20,36
oflaher01,2008,1,SEA,7,0,20,20.25,16,4,4
oflaher01,2009,1,ATL,78,0,169,3.04,52,18,39
oflaher01,2010,1,ATL,56,0,132,2.45,37,18,36
oflaher01,2011,1,ATL,78,0,221,0.98,59,21,67
oflaher01,2012,1,ATL,64,0,172,1.73,47,19,46
oflaher01,2013,1,ATL,19,0,54,2.5,12,5,11
oflaher01,2014,1,ATH,21,0,60,2.25,15,4,15
oflaher01,2015,1,ATH,25,0,64,5.91,29,13,15
oflaher01,2015,2,NYN,16,0,26,13.5,18,5,6
oflaher01,2016,1,ATL,39,0,86,6.91,39,11,22
oflaher01,2017,1,ATL,22,0,55,7.85,20,9,15
ogandal01,2010,1,TEX,44,0,125,1.3,31,16,39
ogandal01,2011,1,TEX,31,29,507,3.51,149,43,126
ogandal01,2012,1,TEX,58,1,198,3.27,49,17,66
ogandal01,2013,1,TEX,23,18,313,3.11,87,41,72
ogandal01,2014,1,TEX,27,0,75,6.84,33,15,22
ogandal01,2015,1,BOS,64,0,196,3.99,59,28,53
ogandal01,2016,1,ATL,36,0,96,3.94,32,23,29
ogandal01,2018,1,CLE,1,0,3,18.0,2,3,1
ogandcr01,2022,1,TB,3,0,13,4.15,4,1,2
ogandne01,2015,1,PHI,4,0,12,9.0,7,2,2
ogandne01,2016,1,MIA,14,0,47,2.3,10,8,8
ogasash01,2025,1,WAS,23,2,116,6.98,43,17,30
ogradch01,2017,1,MIA,13,6,99,4.36,33,18,30
ogradch01,2018,1,MIA,8,0,21,6.43,7,4,8
ohkato01,2000,1,BOS,13,12,208,3.12,70,26,40
ohkato01,2001,1,BOS,12,11,157,6.19,69,19,37
ohkato01,2001,2,WAS,10,10,164,4.77,65,10,31
ohkato01,2002,1,WAS,32,31,578,3.18,194,45,118
ohkato01,2003,1,WAS,34,34,597,4.16,233,45,118
ohkato01,2004,1,WAS,15,15,254,3.4,98,20,38
ohkato01,2005,1,WAS,10,9,162,3.33,44,27,17
ohkato01,2005,2,MIL,22,20,379,4.35,145,28,81
ohkato01,2006,1,MIL,18,18,291,4.82,98,35,50
ohkato01,2007,1,TOR,10,10,168,5.79,68,22,21
ohkato01,2009,1,CLE,18,6,213,5.96,77,19,31
ohlenro01,2007,1,NYA,6,0,19,2.84,5,2,9
ohlenro01,2008,1,NYA,25,0,120,6.53,50,19,36
ohlenro01,2008,2,PIT,5,5,68,6.35,36,12,13
ohlenro01,2009,1,PIT,29,29,530,3.92,165,53,109
ohlenro01,2010,1,PIT,21,21,325,4.07,106,44,79
ohlenro01,2011,1,PIT,9,9,116,8.15,60,15,27
ohlenro01,2012,1,SDN,13,9,146,7.77,62,24,39
ohlenro01,2013,1,WAS,16,7,181,3.28,56,14,45
ohlenro01,2015,1,TEX,21,0,58,3.72,21,7,19
ohlenro01,2016,1,CIN,64,0,197,4.66,59,32,68
ohlpi01,2025,1,MIN,14,3,90,5.1,38,7,27
ohmanwi01,2000,1,CHN,6,0,10,8.1,4,4,2
ohmanwi01,2001,1,CHN,11,0,35,7.71,14,6,12
ohmanwi01,2005,1,CHN,69,0,130,2.91,32,24,45
ohmanwi01,2006,1,CHN,78,0,196,4.13,51,34,74
ohmanwi01,2007,1,CHN,56,0,109,4.95,42,16,33
ohmanwi01,2008,1,ATL,83,0,176,3.68,51,22,53
ohmanwi01,2009,1,LAN,21,0,37,5.84,12,8,7
ohmanwi01,2010,1,BAL,51,0,90,3.3,30,18,29
ohmanwi01,2010,2,MIA,17,0,36,3.0,10,5,14
ohmanwi01,2011,1,CHA,59,0,160,4.22,53,17,54
ohmanwi01,2012,1,CHA,32,0,80,6.41,23,5,13
ohmeke01,2003,1,SLN,2,0,13,0.0,3,1,2
ohse01,2016,1,SLN,76,0,239,1.92,55,18,103
ohse01,2017,1,SLN,62,0,178,4.1,68,15,54
ohse01,2018,1,TOR,48,0,141,2.68,37,10,55
ohse01,2018,2,COL,25,0,64,2.53,15,7,24
ohse01,2019,1,COL,21,0,55,9.33,29,6,16
ohtansh01,2018,1,LAA,10,10,155,3.31,38,22,63
ohtansh01,2020,1,LAA,2,2,5,37.8,3,8,3
ohtansh01,2021,1,LAA,23,23,391,3.18,98,44,156
ohtansh01,2022,1,LAA,28,28,498,2.33,124,44,219
ohtansh01,2023,1,LAA,23,23,396,3.14,85,55,167
ohtansh01,2025,1,LAN,14,14,141,2.87,40,9,62
ojedaau01,2007,1,ARI,1,0,3,0.0,0,0,0
okajihi01,2007,1,BOS,66,0,207,2.22,50,17,63
okajihi01,2008,1,BOS,64,0,186,2.61,49,23,60
okajihi01,2009,1,BOS,68,0,183,3.39,56,21,53
okajihi01,2010,1,BOS,56,0,138,4.5,59,20,33
okajihi01,2011,1,BOS,7,0,25,4.32,7,5,6
okajihi01,2013,1,ATH,5,0,12,2.25,7,2,1
okertst01,2016,1,SFN,16,0,42,3.21,14,4,14
okertst01,2017,1,SFN,44,0,81,5.67,24,11,22
okertst01,2018,1,SFN,10,0,22,1.23,4,0,8
okertst01,2021,1,MIA,34,0,108,2.75,22,15,40
okertst01,2022,1,MIA,60,0,154,2.98,34,26,63
okertst01,2023,1,MIA,64,2,176,4.45,50,24,73
okertst01,2024,1,MIN,44,1,106,5.09,37,16,33
okertst01,2025,1,HOU,68,1,215,3.01,45,19,84
olivaom01,2000,1,ATH,21,16,324,6.75,134,60,57
olivaom01,2001,1,PIT,45,12,330,6.55,123,42,69
olivean01,2010,1,DET,5,5,66,7.36,26,13,18
olivean01,2011,1,DET,2,2,29,6.52,11,8,5
oliveda02,2000,1,TEX,21,21,324,7.42,151,42,49
oliveda02,2001,1,TEX,28,28,462,6.02,189,65,104
oliveda02,2002,1,BOS,14,9,174,4.66,70,27,32
oliveda02,2003,1,COL,33,32,541,5.04,201,61,88
oliveda02,2004,1,MIA,18,8,176,6.44,75,17,33
oliveda02,2004,2,HOU,9,2,42,3.86,12,4,13
oliveda02,2006,1,NYN,45,0,243,3.44,70,21,60
oliveda02,2007,1,LAA,61,0,193,3.78,58,23,51
oliveda02,2008,1,LAA,54,0,216,2.88,67,16,48
oliveda02,2009,1,LAA,63,1,219,2.71,61,22,65
oliveda02,2010,1,TEX,64,0,185,2.48,53,15,65
oliveda02,2011,1,TEX,61,0,153,2.29,47,11,44
oliveda02,2012,1,TOR,62,0,170,2.06,43,15,52
oliveda02,2013,1,TOR,50,0,147,3.86,47,15,40
olivele01,2011,1,DET,9,0,24,5.63,8,4,4
olivele01,2011,2,MIN,10,0,40,4.05,13,7,9
olivele01,2012,1,MIN,1,0,5,5.4,1,1,1
olivele01,2014,1,MIN,7,0,19,7.11,6,3,5
ollerad01,2022,1,ATH,19,14,223,6.3,82,39,46
ollerad01,2023,1,ATH,9,1,59,10.07,29,12,13
ollerad01,2024,1,MIA,8,8,127,5.31,43,22,36
olmosed01,2013,1,MIA,5,0,15,7.2,7,3,2
olmosed01,2015,1,SEA,6,2,42,4.5,16,8,4
olougja01,2024,1,ATH,4,0,29,4.66,13,5,6
olsenke01,2001,1,MIA,4,2,45,1.2,11,2,13
olsenke01,2002,1,MIA,17,8,167,4.53,57,31,38
olsenke01,2003,1,MIA,7,0,36,12.75,25,4,12
olsensc01,2005,1,MIA,5,4,61,3.98,21,10,21
olsensc01,2006,1,MIA,31,31,542,4.04,160,75,166
olsensc01,2007,1,MIA,33,33,530,5.81,226,85,133
olsensc01,2008,1,MIA,33,33,605,4.2,195,69,113
olsensc01,2009,1,WAS,11,11,188,6.03,83,25,42
olsensc01,2010,1,WAS,17,15,243,5.56,93,27,53
olsonga01,2007,1,BAL,7,7,97,7.79,42,28,28
olsonga01,2008,1,BAL,26,26,398,6.65,168,62,83
olsonga01,2009,1,SEA,31,11,241,5.6,79,34,47
olsonga01,2010,1,SEA,35,0,113,4.54,42,15,31
olsonga01,2011,1,PIT,4,0,13,2.08,2,3,4
olsonga01,2012,1,NYN,1,0,1,108.0,3,1,0
olsongr01,2000,1,LAN,13,0,53,5.09,21,7,15
olsongr01,2001,1,LAN,28,0,74,8.03,26,20,24
olsonre01,2023,1,DET,21,18,311,3.99,83,33,103
olsonre01,2024,1,DET,22,22,337,3.53,100,33,101
olsonre01,2025,1,DET,13,13,206,3.15,58,25,65
olsonty01,2015,1,SEA,11,0,40,5.4,18,10,8
olsonty01,2016,1,NYA,1,0,8,6.75,3,2,0
olsonty01,2017,1,CLE,30,0,60,0.0,13,6,18
olsonty01,2018,1,CLE,43,0,82,4.94,26,12,40
olsonty01,2019,1,CLE,39,0,92,4.4,34,16,28
omallry01,2006,1,CHN,2,2,38,2.13,10,7,4
omogrbr01,2012,1,CHA,17,0,63,2.57,20,9,18
omogrbr01,2013,1,CHA,12,0,49,9.37,28,9,16
ondrulo01,2010,1,CIN,60,0,176,3.68,49,20,39
ondrulo01,2011,1,CIN,66,0,184,3.23,55,28,41
ondrulo01,2012,1,CIN,63,0,164,3.46,51,31,39
ondrulo01,2013,1,CIN,52,0,165,4.09,53,16,53
ondrulo01,2014,1,CIN,40,0,123,5.49,50,16,42
ondrulo01,2016,1,BAL,7,0,19,9.95,9,3,4
ontivst02,2000,1,BOS,3,1,16,10.13,9,4,1
oropeed01,2001,1,PHI,30,0,57,4.74,16,17,15
oropeed01,2002,1,ARI,32,0,76,10.3,39,15,18
oropeed01,2003,1,ARI,47,0,116,5.82,38,27,39
oropeed01,2004,1,SDN,16,0,27,11.0,6,13,6
oroscje01,2000,1,SLN,6,0,7,3.86,3,3,4
oroscje01,2001,1,LAN,35,0,48,3.94,17,7,21
oroscje01,2002,1,LAN,56,0,81,3.0,24,12,22
oroscje01,2003,1,SDN,42,0,75,7.56,33,10,22
oroscje01,2003,2,NYA,15,0,13,10.38,4,6,4
oroscje01,2003,3,MIN,8,0,14,5.79,4,5,3
orourry01,2015,1,MIN,28,0,66,6.14,16,15,24
orourry01,2016,1,MIN,26,0,75,3.96,18,10,24
orourry01,2019,1,NYN,2,0,4,0.0,0,3,1
ortegan01,2009,1,LAA,3,3,38,9.24,19,6,7
ortegjo01,2012,1,DET,2,0,8,3.38,3,1,4
ortegjo01,2013,1,DET,11,0,35,3.86,10,6,10
ortegjo01,2014,1,DET,1,0,4,27.0,0,4,1
ortegol01,2021,1,LAA,8,0,28,4.82,12,2,4
ortegol01,2022,1,LAA,27,0,102,3.71,32,18,33
ortegol01,2023,1,MIN,10,0,44,4.3,11,7,14
ortizjo05,2013,1,TEX,32,0,134,4.23,46,10,27
ortizlu02,2018,1,BAL,2,1,7,15.43,7,3,0
ortizlu02,2019,1,BAL,1,1,10,10.8,4,5,3
ortizlu02,2022,1,SFN,6,0,26,1.04,5,3,6
ortizlu02,2023,1,PHI,14,0,57,3.32,23,5,16
ortizlu02,2024,1,PHI,1,0,2,27.0,3,0,0
ortizlu03,2022,1,PIT,4,4,48,4.5,8,10,17
ortizlu03,2023,1,PIT,18,15,260,4.78,99,48,59
ortizlu03,2024,1,PIT,37,15,407,3.32,109,42,107
ortizlu03,2025,1,CLE,16,16,266,4.36,80,42,96
ortizra01,2000,1,LAA,18,18,334,5.09,96,55,73
ortizra01,2001,1,LAA,32,32,626,4.36,223,76,135
ortizra01,2002,1,LAA,32,32,652,3.77,188,68,162
ortizra01,2003,1,LAA,32,32,540,5.2,209,63,94
ortizra01,2004,1,LAA,34,14,384,4.43,139,38,82
ortizra01,2005,1,CIN,30,30,514,5.36,206,51,96
ortizra01,2006,1,WAS,33,33,572,5.57,230,64,104
ortizra01,2007,1,MIN,28,10,273,5.14,112,15,44
ortizra01,2007,2,COL,10,0,39,7.62,15,7,7
ortizra01,2010,1,LAN,16,2,90,6.3,33,16,21
ortizra01,2011,1,CHN,22,2,100,4.86,31,11,25
ortizra01,2013,1,TOR,7,4,76,6.04,34,11,8
ortizru01,2000,1,SFN,33,32,587,5.01,192,112,167
ortizru01,2001,1,SFN,33,33,656,3.29,187,91,169
ortizru01,2002,1,SFN,33,33,643,3.61,191,94,137
ortizru01,2003,1,ATL,34,34,637,3.81,177,102,149
ortizru01,2004,1,ATL,34,34,614,4.13,197,112,143
ortizru01,2005,1,ARI,22,22,345,6.89,147,65,46
ortizru01,2006,1,ARI,6,6,68,7.54,27,22,21
ortizru01,2006,2,BAL,20,5,121,8.48,59,18,23
ortizru01,2007,1,SFN,12,8,147,5.51,57,20,27
ortizru01,2009,1,HOU,23,13,257,5.57,95,48,65
ortizru01,2010,1,LAN,6,0,21,10.29,10,5,6
ortka01,2021,1,BOS,1,0,1,0.0,1,1,0
ortka01,2022,1,BOS,25,0,85,6.35,35,15,27
ortka01,2023,1,BOS,21,2,69,6.26,27,9,24
ortka01,2024,1,HOU,22,0,74,2.55,16,4,26
ortka01,2025,1,HOU,49,0,138,4.89,35,27,49
orvelch01,2005,1,TB,37,0,150,3.6,47,23,43
orvelch01,2006,1,TB,22,0,73,7.4,36,20,17
orvelch01,2007,1,TB,10,0,24,14.63,18,10,6
orzeer01,2024,1,NYN,2,0,5,21.6,3,2,1
orzeer01,2025,1,TB,33,0,125,3.02,38,19,40
osbordo01,2002,1,CHN,11,0,48,6.19,19,10,13
osbordo01,2004,1,NYA,9,2,53,7.13,25,5,10
osichjo01,2015,1,SFN,35,0,86,2.2,24,8,27
osichjo01,2016,1,SFN,59,0,109,4.71,31,19,25
osichjo01,2017,1,SFN,54,0,130,6.23,48,27,43
osichjo01,2018,1,SFN,12,0,36,8.25,20,7,10
osichjo01,2019,1,CHA,57,0,203,4.66,62,15,61
osichjo01,2020,1,BOS,13,1,47,5.74,16,5,20
osichjo01,2020,2,CHN,4,0,8,10.13,5,0,4
osichjo01,2021,1,CIN,17,0,43,5.02,15,5,9
osikke01,2000,1,PIT,1,0,3,45.0,5,0,1
osorifr01,2005,1,LAN,24,0,89,3.94,28,8,15
osorifr01,2006,1,LAN,12,0,53,7.13,27,9,13
osorifr01,2007,1,PIT,25,0,85,4.76,33,8,13
osorifr01,2008,1,PIT,43,0,182,6.08,87,12,31
ostinji01,2001,1,SDN,3,0,6,0.0,1,2,3
ostinji01,2002,1,MIL,3,3,36,7.5,18,10,7
osullse01,2009,1,LAA,12,10,155,5.92,60,16,29
osullse01,2010,1,LAA,5,1,39,2.08,7,4,6
osullse01,2010,2,KCA,14,13,212,6.11,83,27,37
osullse01,2011,1,KCA,12,10,175,7.25,78,26,19
osullse01,2013,1,SDN,7,3,75,3.96,31,14,12
osullse01,2014,1,PHI,3,2,38,6.39,15,2,7
osullse01,2015,1,PHI,13,13,213,6.08,94,20,35
osullse01,2016,1,BOS,5,4,64,6.75,30,6,13
osunaan01,2000,1,LAN,46,0,202,3.74,57,35,70
osunaan01,2001,1,CHA,4,0,13,20.77,8,2,6
osunaan01,2002,1,CHA,59,0,203,3.86,64,28,66
osunaan01,2003,1,NYA,48,0,152,3.73,58,20,47
osunaan01,2004,1,SDN,31,0,110,2.45,32,11,36
osunaan01,2005,1,WAS,4,0,7,42.43,9,7,0
osunajo01,2019,1,PIT,2,0,7,3.86,3,0,0
osunaro01,2015,1,TOR,68,0,209,2.58,48,16,75
osunaro01,2016,1,TOR,72,0,222,2.68,55,14,82
osunaro01,2017,1,TOR,66,0,192,3.38,46,9,83
osunaro01,2018,1,TOR,15,0,46,2.93,16,1,13
osunaro01,2018,2,HOU,23,0,68,1.99,17,3,19
osunaro01,2019,1,HOU,66,0,195,2.63,45,12,73
osunaro01,2020,1,HOU,4,0,13,2.08,3,0,3
oswalco01,2018,1,NYN,17,12,194,5.85,69,20,45
oswalco01,2019,1,NYN,2,0,20,12.15,9,6,5
oswalco01,2020,1,NYN,4,1,39,4.85,14,2,11
oswalco01,2021,1,NYN,3,1,31,3.48,12,2,10
oswalro01,2001,1,HOU,28,20,425,2.73,126,24,144
oswalro01,2002,1,HOU,35,34,699,3.01,215,62,208
oswalro01,2003,1,HOU,21,21,382,2.97,116,29,108
oswalro01,2004,1,HOU,36,35,711,3.49,233,62,206
oswalro01,2005,1,HOU,35,35,725,2.94,243,48,184
oswalro01,2006,1,HOU,33,32,662,2.98,220,38,166
oswalro01,2007,1,HOU,33,32,636,3.18,221,60,154
oswalro01,2008,1,HOU,32,32,626,3.54,199,47,165
oswalro01,2009,1,HOU,30,30,544,4.12,183,42,138
oswalro01,2010,1,HOU,20,20,387,3.42,109,34,120
oswalro01,2010,2,PHI,13,12,248,1.74,53,21,73
oswalro01,2011,1,PHI,23,23,417,3.69,153,33,93
oswalro01,2012,1,TEX,17,9,177,5.8,79,11,59
oswalro01,2013,1,COL,9,6,97,8.63,49,9,34
otanemi01,2024,1,ATH,36,0,102,3.44,27,20,55
otanemi01,2025,1,ATH,6,0,16,13.5,7,5,6
oteroda01,2012,1,SFN,12,0,37,5.84,19,2,8
oteroda01,2013,1,ATH,33,0,117,1.38,42,6,27
oteroda01,2014,1,ATH,72,0,260,2.28,80,15,45
oteroda01,2015,1,ATH,41,0,140,6.75,64,6,28
oteroda01,2016,1,CLE,62,0,212,1.53,54,10,57
oteroda01,2017,1,CLE,52,0,180,2.85,63,9,38
oteroda01,2018,1,CLE,61,0,176,5.22,69,5,43
oteroda01,2019,1,CLE,25,0,89,4.85,42,3,16
otsukak01,2004,1,SDN,73,0,232,1.75,56,26,87
otsukak01,2005,1,SDN,66,0,188,3.59,55,34,60
otsukak01,2006,1,TEX,63,0,179,2.11,53,11,47
otsukak01,2007,1,TEX,34,0,97,2.51,26,9,23
ottavad01,2010,1,SLN,5,3,67,8.46,37,9,12
ottavad01,2012,1,COL,53,0,237,4.56,76,34,81
ottavad01,2013,1,COL,51,0,235,2.64,73,31,78
ottavad01,2014,1,COL,75,0,195,3.6,67,16,70
ottavad01,2015,1,COL,10,0,31,0.0,3,2,13
ottavad01,2016,1,COL,34,0,81,2.67,18,7,35
ottavad01,2017,1,COL,63,0,160,5.06,48,39,63
ottavad01,2018,1,COL,75,0,233,2.43,41,36,112
ottavad01,2019,1,NYA,73,0,199,1.9,47,40,88
ottavad01,2020,1,NYA,24,0,55,5.89,20,9,25
ottavad01,2021,1,BOS,69,0,186,4.21,55,35,71
ottavad01,2022,1,NYN,66,0,197,2.06,48,16,79
ottavad01,2023,1,NYN,66,0,185,3.21,46,29,62
ottavad01,2024,1,NYN,60,0,168,4.34,49,23,70
ottavad01,2025,1,NYA,3,0,5,0.0,0,4,3
ottogl01,2021,1,TEX,6,6,70,9.26,32,8,28
ottogl01,2022,1,TEX,27,27,407,4.64,119,62,107
ottogl01,2023,1,TEX,6,0,32,10.13,14,6,11
outmajo01,2008,1,ATH,6,4,77,4.56,34,8,19
outmajo01,2009,1,ATH,14,12,202,3.48,53,25,53
outmajo01,2011,1,ATH,13,9,175,3.7,62,23,35
outmajo01,2012,1,COL,27,7,122,8.19,47,20,40
outmajo01,2013,1,COL,61,0,162,4.33,56,23,53
outmajo01,2014,1,CLE,31,0,74,3.28,22,16,24
outmajo01,2014,2,NYA,9,0,11,0.0,2,0,2
overbly01,2014,1,MIL,1,0,1,0.0,0,0,0
overtco01,2021,1,TOR,4,0,20,0.0,4,2,4
overtco01,2021,2,PIT,5,3,26,8.31,10,3,11
overtco01,2022,1,CIN,6,4,99,2.73,21,11,14
overtco01,2023,1,CIN,3,3,33,11.45,19,7,9
overtdi01,2016,1,ATH,7,5,73,11.47,48,7,17
overtdi01,2017,1,SEA,9,1,55,6.38,21,2,8
overtdi01,2017,2,SDN,1,1,14,7.71,9,2,3
oviedjo01,2020,1,SLN,5,5,74,5.47,24,10,16
oviedjo01,2021,1,SLN,14,13,187,4.91,61,37,51
oviedjo01,2022,1,SLN,14,1,76,3.2,26,7,26
oviedjo01,2022,2,PIT,7,7,92,3.23,23,16,28
oviedjo01,2023,1,PIT,32,32,533,4.31,161,83,158
oviedjo01,2025,1,PIT,9,9,121,3.57,26,23,42
oviedlu01,2021,1,PIT,22,1,89,8.8,33,26,31
owenshe01,2006,1,NYN,3,0,12,9.0,4,4,2
owenshe01,2007,1,MIA,22,0,69,1.96,19,10,16
owenshe02,2015,1,BOS,11,11,189,4.57,62,24,50
owenshe02,2016,1,BOS,5,5,66,6.95,23,20,21
owensru01,2014,1,HOU,1,1,17,7.94,9,2,1
owensty01,2025,1,DET,3,0,9,3.0,3,3,1
owingch01,2019,1,KCA,1,0,5,21.6,6,1,0
owingch01,2022,1,BAL,1,0,3,9.0,2,0,0
owingch01,2023,1,PIT,1,0,3,0.0,2,0,0
owingmi01,2007,1,ARI,29,27,458,4.3,146,50,106
owingmi01,2008,1,ARI,22,18,314,5.93,104,41,87
owingmi01,2009,1,CIN,26,19,359,5.34,126,64,68
owingmi01,2010,1,CIN,22,0,100,5.4,28,25,35
owingmi01,2011,1,ARI,33,4,189,3.57,56,23,44
owingmi01,2012,1,SDN,6,0,29,2.79,8,5,7
oxsprch01,2005,1,SDN,5,0,36,3.75,9,6,11
paddach01,2019,1,SDN,26,26,422,3.33,107,31,153
paddach01,2020,1,SDN,12,12,177,4.73,60,12,58
paddach01,2021,1,SDN,23,22,325,5.07,115,22,99
paddach01,2022,1,MIN,5,5,67,4.03,25,2,20
paddach01,2023,1,MIN,3,0,15,5.4,6,1,8
paddach01,2024,1,MIN,17,17,265,4.99,102,21,79
paddach01,2025,1,MIN,21,21,333,4.95,115,27,83
paddach01,2025,2,DET,12,7,141,6.32,51,10,29
padilju01,2004,1,NYA,6,0,34,3.97,16,4,5
padilju01,2004,2,CIN,12,0,43,10.67,23,8,12
padilju01,2005,1,NYN,24,0,109,1.49,24,13,17
padilni01,2022,1,CHN,1,0,5,5.4,2,2,1
padilni01,2023,1,CHA,3,0,14,5.79,9,1,6
padilvi01,2000,1,ARI,27,0,105,2.31,32,10,30
padilvi01,2000,2,PHI,28,0,91,5.34,40,18,21
padilvi01,2001,1,PHI,23,0,102,4.24,36,12,29
padilvi01,2002,1,PHI,32,32,618,3.28,198,53,128
padilvi01,2003,1,PHI,32,32,626,3.62,196,62,133
padilvi01,2004,1,PHI,20,20,346,4.53,119,36,82
padilvi01,2005,1,PHI,27,27,441,4.71,146,74,103
padilvi01,2006,1,TEX,33,33,600,4.5,206,70,156
padilvi01,2007,1,TEX,23,23,361,5.76,146,50,71
padilvi01,2008,1,TEX,29,29,513,4.74,185,65,127
padilvi01,2009,1,TEX,18,18,324,4.92,120,42,59
padilvi01,2009,2,LAN,8,7,118,3.2,36,12,38
padilvi01,2010,1,LAN,16,16,285,4.07,79,24,84
padilvi01,2011,1,LAN,9,0,26,4.15,7,5,9
padilvi01,2012,1,BOS,56,0,150,4.5,59,15,51
paganem01,2017,1,SEA,34,0,151,3.22,39,8,56
paganem01,2018,1,ATH,55,0,186,4.35,55,19,63
paganem01,2019,1,TB,66,0,210,2.31,45,13,96
paganem01,2020,1,SDN,22,0,66,4.5,14,9,23
paganem01,2021,1,SDN,67,0,190,4.83,56,18,69
paganem01,2022,1,MIN,59,0,189,4.43,60,26,84
paganem01,2023,1,MIN,66,1,208,2.99,45,21,65
paganem01,2024,1,CIN,38,1,114,4.5,40,11,44
paganem01,2025,1,CIN,70,0,206,2.88,41,22,81
paintla01,2000,1,TOR,42,2,200,4.73,69,22,53
paintla01,2001,1,TOR,10,0,55,7.85,27,11,14
paintla01,2001,2,MIL,13,0,32,4.22,11,7,6
paintla01,2003,1,SLN,22,0,54,5.5,17,7,11
palacje01,2022,1,MIN,2,0,2,0.0,1,0,1
palacvi01,2000,1,SDN,7,0,32,6.75,12,5,8
palenda01,2023,1,CHN,27,0,85,4.45,22,14,33
palenda01,2024,1,CHN,10,0,44,6.14,14,12,16
palenda01,2025,1,CHN,54,0,158,2.91,44,16,61
palisja01,2025,1,CHA,1,0,3,18.0,3,0,0
pallaan01,2022,1,SLN,47,10,324,3.17,113,40,73
pallaan01,2023,1,SLN,62,0,204,4.76,76,30,43
pallaan01,2024,1,SLN,29,20,364,3.78,110,48,94
pallaan01,2025,1,SLN,31,31,488,5.31,173,62,111
palmema01,2008,1,SFN,3,3,38,8.53,17,13,3
palmema01,2009,1,LAA,40,13,364,3.93,105,55,69
palmema01,2010,1,LAA,14,1,101,4.54,38,20,17
palmema01,2011,1,LAA,3,3,47,5.74,19,4,7
palmema01,2012,1,SDN,3,0,6,9.0,2,2,2
palmqca01,2025,1,COL,9,7,103,8.91,45,25,27
palumjo01,2019,1,TEX,7,4,50,9.18,21,8,21
palumjo01,2020,1,TEX,2,0,7,11.57,3,3,5
paniajo01,2000,1,SEA,69,0,241,3.47,68,38,71
paniajo01,2001,1,SEA,60,0,198,4.36,59,38,46
paniajo01,2002,1,DET,41,0,125,5.83,50,15,34
paniajo01,2003,1,CHA,1,0,1,108.0,3,1,0
pannoth01,2018,1,TOR,12,6,129,4.19,37,15,29
pannoth01,2019,1,TOR,37,7,219,6.16,73,31,69
pannoth01,2023,1,MIL,1,0,8,6.75,5,1,4
papeljo01,2005,1,BOS,17,3,102,2.65,33,17,34
papeljo01,2006,1,BOS,59,0,205,0.92,40,13,75
papeljo01,2007,1,BOS,59,0,175,1.85,30,15,84
papeljo01,2008,1,BOS,67,0,208,2.34,58,8,77
papeljo01,2009,1,BOS,66,0,204,1.85,54,24,76
papeljo01,2010,1,BOS,65,0,201,3.9,57,28,76
papeljo01,2011,1,BOS,63,0,193,2.94,50,10,87
papeljo01,2012,1,PHI,70,0,210,2.44,56,18,92
papeljo01,2013,1,PHI,61,0,185,2.92,59,11,57
papeljo01,2014,1,PHI,66,0,199,2.04,45,15,63
papeljo01,2015,1,PHI,37,0,119,1.59,31,8,40
papeljo01,2015,2,WAS,22,0,71,3.04,22,4,16
papeljo01,2016,1,WAS,37,0,105,4.37,37,14,31
pareded01,2017,1,LAA,18,0,67,4.43,21,6,17
pareded01,2018,1,LAA,14,0,55,6.87,25,7,15
pareded02,2017,1,LAN,10,0,25,3.24,8,0,11
pareded02,2018,1,LAN,15,0,23,5.87,7,2,8
pareden01,2020,1,HOU,22,0,62,3.05,18,11,20
pareden01,2021,1,HOU,12,0,26,6.23,7,17,15
pareden01,2022,1,HOU,3,0,9,3.0,3,3,2
pareden01,2024,1,MIL,17,0,62,1.74,13,10,14
pareden01,2024,2,CHN,1,0,3,0.0,0,0,2
parismi01,2008,1,SLN,12,2,69,8.22,37,15,13
parkch01,2000,1,LAN,34,34,678,3.27,173,124,217
parkch01,2001,1,LAN,36,35,702,3.5,183,91,218
parkch01,2002,1,TEX,25,25,437,5.75,154,78,121
parkch01,2003,1,TEX,7,7,89,7.58,34,25,16
parkch01,2004,1,TEX,16,16,287,5.46,105,33,63
parkch01,2005,1,TEX,20,20,329,5.66,130,54,80
parkch01,2005,2,SDN,10,9,137,5.91,50,26,33
parkch01,2006,1,SDN,24,21,410,4.81,146,44,96
parkch01,2007,1,NYN,1,1,12,15.75,6,2,4
parkch01,2008,1,LAN,54,5,286,3.4,97,36,79
parkch01,2009,1,PHI,45,7,250,4.43,84,33,73
parkch01,2010,1,NYA,27,0,106,5.6,40,12,29
parkch01,2010,2,PIT,26,0,85,3.49,25,7,23
parkebl01,2012,1,CHN,7,0,18,6.0,10,5,6
parkebl01,2013,1,CHN,49,0,139,2.72,39,15,55
parkebl01,2014,1,CHN,18,0,63,5.14,24,4,24
parkebl01,2016,1,SEA,1,0,3,0.0,1,1,0
parkebl01,2016,2,NYA,16,0,49,4.96,16,8,15
parkebl01,2017,1,LAA,71,0,202,2.54,40,16,86
parkebl01,2018,1,LAA,67,0,199,3.26,63,19,70
parkebl01,2019,1,MIN,37,0,109,4.21,34,16,34
parkebl01,2019,2,PHI,23,2,75,5.04,19,6,31
parkebl01,2020,1,PHI,14,1,48,2.81,12,9,25
parkebl01,2021,1,CLE,47,0,131,3.09,43,14,37
parkech01,2001,1,NYA,1,1,9,21.0,8,1,1
parkeja02,2011,1,ARI,1,1,17,0.0,4,1,1
parkeja02,2012,1,ATH,29,29,544,3.47,166,63,140
parkeja02,2013,1,ATH,32,32,591,3.97,178,63,134
parkemi01,2024,1,WAS,29,29,453,4.29,154,43,133
parkemi01,2025,1,WAS,33,30,494,5.68,178,58,103
parnebo01,2008,1,NYN,6,0,15,5.4,3,2,3
parnebo01,2009,1,NYN,68,8,265,5.3,101,46,74
parnebo01,2010,1,NYN,41,0,105,2.83,41,8,33
parnebo01,2011,1,NYN,60,0,178,3.64,60,27,64
parnebo01,2012,1,NYN,74,0,206,2.49,65,20,61
parnebo01,2013,1,NYN,49,0,150,2.16,38,12,44
parnebo01,2014,1,NYN,1,0,3,9.0,2,1,1
parnebo01,2015,1,NYN,30,0,72,6.38,30,17,13
parnebo01,2016,1,DET,6,0,16,6.75,7,5,4
paronch01,2001,1,BAL,24,0,81,5.0,33,11,16
paronch01,2002,1,CLE,29,0,107,4.04,34,11,23
paronch01,2003,1,CLE,6,0,20,9.45,7,3,6
paronch01,2006,1,ATL,65,0,170,3.18,53,19,41
paronch01,2007,1,ATL,41,0,121,3.57,47,19,14
paronch01,2008,1,HOU,6,0,31,4.35,11,2,4
paronch01,2009,1,HOU,6,0,20,12.15,15,1,3
parquji01,2000,1,CHA,33,32,561,4.28,208,71,111
parquji01,2001,1,CHA,5,5,84,8.04,36,10,15
parquji01,2002,1,CHA,8,4,76,9.95,34,16,13
parquji01,2003,1,TB,5,5,52,11.94,27,16,8
parrage01,2019,2,WAS,1,0,0,,1,4,0
parrajo01,2000,1,PIT,6,2,35,6.94,17,7,9
parrajo01,2002,1,ARI,16,0,42,3.21,13,11,8
parrajo01,2004,1,NYN,13,0,42,3.21,14,6,14
parrama01,2007,1,MIL,9,2,79,3.76,25,12,26
parrama01,2008,1,MIL,32,29,498,4.39,181,75,147
parrama01,2009,1,MIL,27,27,420,6.36,179,77,116
parrama01,2010,1,MIL,42,16,366,5.02,135,63,129
parrama01,2012,1,MIL,62,0,176,5.06,62,35,61
parrama01,2013,1,CIN,57,0,138,3.33,40,15,56
parrama01,2014,1,CIN,53,0,110,4.66,39,18,34
parrama01,2015,1,CIN,40,0,97,3.9,32,6,23
parrijo01,2000,1,BAL,8,8,109,7.18,40,35,28
parrijo01,2001,1,BAL,16,1,66,6.14,22,17,20
parrijo01,2003,1,BAL,14,0,71,1.9,17,8,15
parrijo01,2004,1,BAL,56,1,234,3.46,68,55,71
parrijo01,2005,1,BAL,14,0,52,3.12,19,17,25
parrijo01,2007,1,BAL,45,0,125,5.4,41,33,36
parrijo01,2007,2,SEA,8,0,31,6.97,22,4,5
parrijo01,2008,1,TOR,13,6,127,4.04,47,15,21
parrijo01,2010,1,KCA,9,0,18,3.0,4,5,4
parrist01,2000,1,CIN,33,33,578,4.81,227,71,117
parrist01,2001,1,TOR,19,19,317,4.6,126,41,49
parrist01,2002,1,TOR,14,14,226,5.97,96,35,48
parrist01,2003,1,TB,10,7,131,6.18,60,13,14
parrja01,2008,1,ATL,5,5,67,4.84,29,9,14
parrja01,2009,1,ATL,8,0,42,5.79,17,5,12
parsowe01,2018,1,ATL,1,0,15,7.2,6,3,3
parsowe01,2019,1,ATL,17,0,46,3.52,11,13,12
parsowe01,2019,2,COL,15,0,58,6.98,21,16,14
parsowe01,2023,1,TOR,1,1,12,20.25,10,3,3
parsowe01,2024,1,TOR,2,0,15,10.8,6,2,2
parsowe01,2024,2,CLE,2,0,12,0.0,4,0,5
partccu01,2013,1,CIN,14,0,70,6.17,17,17,16
partccu01,2014,1,CIN,6,0,21,0.0,2,7,6
partccu01,2016,1,PIT,2,0,2,40.5,2,2,0
paterjo01,2011,1,ARI,62,0,102,2.91,28,15,28
paterjo01,2012,1,ARI,6,0,8,37.13,15,3,0
paterjo01,2013,1,ARI,2,0,7,3.86,2,0,2
paterjo01,2014,1,ARI,3,0,4,33.75,4,1,0
patinlu01,2020,1,SDN,11,1,52,5.19,18,14,21
patinlu01,2021,1,TB,19,15,232,4.31,69,29,74
patinlu01,2022,1,TB,6,6,60,8.1,26,13,11
patinlu01,2023,1,TB,2,0,12,9.0,5,2,5
patinlu01,2023,2,CHA,7,1,53,3.57,16,12,13
patrich01,2025,1,MIL,27,23,359,3.53,113,40,127
patteda04,2000,1,DET,58,0,170,3.97,69,14,29
patteda04,2001,1,DET,60,0,194,3.06,64,12,27
patteda04,2002,1,DET,6,0,9,15.0,5,2,1
patteda04,2003,1,DET,19,0,53,4.08,15,4,19
patteda04,2004,1,DET,37,0,125,4.75,44,16,24
pattejo02,2002,1,ARI,7,5,92,3.23,27,7,31
pattejo02,2003,1,ARI,16,8,165,6.05,61,30,43
pattejo02,2004,1,WAS,19,19,295,5.03,100,46,99
pattejo02,2005,1,WAS,31,31,595,3.13,172,65,185
pattejo02,2006,1,WAS,8,8,122,4.43,36,9,42
pattejo02,2007,1,WAS,7,7,94,7.47,39,22,15
pattere02,2014,1,LAN,1,1,14,1.93,2,3,1
pattesc01,2008,1,NYA,1,0,4,6.75,1,2,2
pattesc01,2008,2,SDN,3,0,10,0.0,1,4,5
pattoda01,2009,1,CHN,20,0,83,6.83,31,19,23
pattosp01,2014,1,TEX,9,0,28,0.96,6,2,8
pattosp01,2015,1,TEX,27,0,72,9.0,24,12,28
pattosp01,2016,1,CHN,16,0,64,5.48,20,14,22
pattosp01,2021,1,TEX,42,0,127,3.83,36,15,48
pattosp01,2022,1,TEX,7,0,21,3.86,4,3,5
pattosp01,2023,1,ATH,12,0,37,5.11,13,6,7
pattotr01,2007,1,HOU,3,2,38,3.55,10,4,8
pattotr01,2010,1,BAL,1,0,2,0.0,1,1,1
pattotr01,2011,1,BAL,20,0,90,3.0,25,5,22
pattotr01,2012,1,BAL,54,0,167,2.43,45,12,49
pattotr01,2013,1,BAL,56,0,168,3.7,57,16,42
pattotr01,2014,1,BAL,9,0,20,8.1,9,4,5
pattotr01,2014,2,SDN,8,0,22,2.45,7,1,8
pauleda01,2006,1,BOS,3,3,48,7.88,31,6,10
pauleda01,2008,1,BOS,6,2,37,11.68,23,5,11
pauleda01,2010,1,SEA,19,15,272,4.07,89,30,51
pauleda01,2011,1,SEA,39,0,163,2.15,38,16,34
pauleda01,2011,2,DET,14,0,59,5.95,26,6,10
pauleda01,2012,1,LAA,5,0,31,4.35,16,3,4
pauleda01,2012,2,TOR,5,0,19,9.95,11,2,2
paulida01,2016,1,HOU,3,1,21,5.14,6,3,2
paulida01,2017,1,HOU,6,6,87,6.52,36,7,34
paulida01,2018,1,TOR,7,0,20,1.35,6,2,6
paulida01,2021,1,PHI,1,0,6,9.0,3,0,0
paulife01,2007,1,HOU,5,3,57,7.11,22,7,11
paulife01,2009,1,HOU,23,17,293,6.27,126,37,93
paulife01,2010,1,HOU,19,14,275,5.11,95,46,83
paulife01,2011,1,COL,18,0,44,7.36,23,7,14
paulife01,2011,2,KCA,21,20,374,4.11,123,48,119
paulife01,2012,1,KCA,7,7,113,1.67,31,15,39
paulife01,2014,1,CHA,4,4,55,11.29,35,12,14
pavanca01,2000,1,WAS,15,15,291,3.06,89,34,64
pavanca01,2001,1,WAS,8,8,128,6.33,59,16,36
pavanca01,2002,1,WAS,15,14,223,6.3,98,31,51
pavanca01,2002,2,MIA,22,8,185,3.79,76,14,41
pavanca01,2003,1,MIA,33,32,603,4.3,204,49,133
pavanca01,2004,1,MIA,31,31,667,3.0,212,49,139
pavanca01,2005,1,NYA,17,17,300,4.77,129,18,56
pavanca01,2007,1,NYA,2,2,34,4.76,12,2,4
pavanca01,2008,1,NYA,7,7,103,5.77,41,10,15
pavanca01,2009,1,CLE,21,21,377,5.37,150,23,88
pavanca01,2009,2,MIN,12,12,221,4.64,85,16,59
pavanca01,2010,1,MIN,32,32,663,3.75,227,37,117
pavanca01,2011,1,MIN,33,33,666,4.3,262,40,102
pavanca01,2012,1,MIN,11,11,189,6.0,80,8,33
paxtoja01,2013,1,SEA,4,4,72,1.5,15,7,21
paxtoja01,2014,1,SEA,13,13,222,3.04,60,29,59
paxtoja01,2015,1,SEA,13,13,201,3.9,67,29,56
paxtoja01,2016,1,SEA,20,20,363,3.79,134,24,117
paxtoja01,2017,1,SEA,24,24,408,2.98,113,37,156
paxtoja01,2018,1,SEA,28,28,481,3.76,134,42,208
paxtoja01,2019,1,NYA,29,29,452,3.82,138,55,186
paxtoja01,2020,1,NYA,5,5,61,6.64,23,7,26
paxtoja01,2021,1,SEA,1,1,4,6.75,0,1,2
paxtoja01,2023,1,BOS,19,19,288,4.5,93,33,101
paxtoja01,2024,1,LAN,18,18,268,4.43,82,48,64
paxtoja01,2024,2,BOS,3,3,33,4.09,13,2,9
payamjo01,2019,1,ARI,2,0,12,4.5,4,3,3
payamjo01,2020,1,ARI,2,0,9,3.0,2,3,2
payamjo01,2021,1,TOR,22,0,90,2.7,21,11,22
payamjo01,2021,2,KCA,15,1,61,4.43,23,3,16
payamjo01,2022,1,KCA,29,0,128,3.16,46,16,33
payamjo01,2022,2,ATH,12,0,39,3.46,14,0,8
payamjo01,2023,1,MIL,69,0,212,2.55,57,17,77
payamjo01,2024,1,MIL,68,0,177,3.05,39,18,59
payamjo01,2025,1,MIL,28,0,71,7.23,29,9,22
payamjo01,2025,2,ATL,2,0,8,3.38,2,0,2
payanpe01,2019,1,TEX,6,4,66,5.73,26,15,17
pazosja01,2015,1,NYA,11,0,15,0.0,3,3,3
pazosja01,2016,1,NYA,7,0,10,13.5,7,1,3
pazosja01,2017,1,SEA,59,0,161,3.86,51,24,65
pazosja01,2018,1,SEA,60,0,150,2.88,47,15,45
pazosja01,2019,1,COL,12,0,31,1.74,7,4,10
pazosja01,2020,1,COL,6,0,16,16.88,10,5,1
peacobr01,2011,1,WAS,3,2,36,0.75,7,6,4
peacobr01,2013,1,HOU,18,14,250,5.18,78,37,77
peacobr01,2014,1,HOU,28,24,395,4.72,136,70,119
peacobr01,2015,1,HOU,1,1,15,5.4,5,2,3
peacobr01,2016,1,HOU,10,5,95,3.69,21,14,28
peacobr01,2017,1,HOU,34,21,396,3.0,100,57,161
peacobr01,2018,1,HOU,61,1,195,3.46,56,20,96
peacobr01,2019,1,HOU,23,15,275,4.12,78,31,96
peacobr01,2020,1,HOU,3,0,7,7.71,3,1,3
peacobr01,2021,1,BOS,2,1,16,15.19,6,3,3
peacoma01,2021,1,ARI,35,8,259,4.9,107,28,50
peacoma01,2022,1,ARI,2,0,8,6.75,3,2,2
peacoma01,2022,2,KCA,7,0,22,4.91,9,2,4
pearcjo01,2002,1,SLN,3,3,39,7.62,20,8,1
pearcjo01,2003,1,SLN,7,0,27,3.0,11,2,4
pearcjo01,2004,1,SLN,3,0,7,3.86,3,0,0
pearsja01,2002,1,SDN,2,0,5,0.0,1,0,3
pearsja01,2003,1,SLN,2,0,3,63.0,4,3,1
pearsna01,2020,1,TOR,5,4,54,6.0,14,13,16
pearsna01,2021,1,TOR,12,1,45,4.2,14,12,20
pearsna01,2023,1,TOR,35,0,128,4.85,36,18,43
pearsna01,2024,1,TOR,41,0,120,5.63,45,17,51
pearsna01,2024,2,CHN,19,1,79,2.73,22,4,23
pearsna01,2025,1,CHN,11,0,44,9.2,22,10,7
pearste01,2002,1,DET,4,0,18,10.5,8,2,4
peavyja01,2002,1,SDN,17,17,293,4.52,106,33,90
peavyja01,2003,1,SDN,32,32,584,4.11,173,82,156
peavyja01,2004,1,SDN,27,27,499,2.27,146,53,173
peavyja01,2005,1,SDN,30,30,609,2.88,162,50,216
peavyja01,2006,1,SDN,32,32,607,4.09,187,62,215
peavyja01,2007,1,SDN,34,34,670,2.54,169,68,240
peavyja01,2008,1,SDN,27,27,521,2.85,146,59,166
peavyja01,2009,1,SDN,13,13,245,3.97,69,28,92
peavyja01,2009,2,CHA,3,3,60,1.35,11,6,18
peavyja01,2010,1,CHA,17,17,321,4.63,98,34,93
peavyja01,2011,1,CHA,19,18,335,4.92,117,24,95
peavyja01,2012,1,CHA,32,32,657,3.37,191,49,194
peavyja01,2013,1,CHA,13,13,240,4.28,74,17,76
peavyja01,2013,2,BOS,10,10,194,4.04,56,19,45
peavyja01,2014,1,BOS,20,20,372,4.72,131,46,100
peavyja01,2014,2,SFN,12,12,236,2.17,65,17,58
peavyja01,2015,1,SFN,19,19,332,3.58,99,25,78
peavyja01,2016,1,SFN,31,21,356,5.54,134,36,102
pegueel01,2021,1,LAA,3,0,7,27.0,7,3,0
pegueel01,2022,1,LAA,13,0,52,6.75,23,5,12
pegueel01,2023,1,MIL,59,0,184,3.38,49,26,54
pegueel01,2024,1,MIL,52,0,154,2.98,52,27,47
pegueel01,2025,1,MIL,6,0,22,4.91,8,4,5
pegueel01,2025,2,CHA,2,1,6,13.5,4,2,3
pegueja01,2007,1,ARI,18,0,44,9.2,17,13,9
pegueja01,2008,1,ARI,7,0,28,4.82,9,4,5
peguejo01,2025,1,SFN,17,0,67,2.42,15,8,17
pelfrmi01,2006,1,NYN,4,4,64,5.48,25,12,13
pelfrmi01,2007,1,NYN,15,13,218,5.57,85,39,45
pelfrmi01,2008,1,NYN,32,32,602,3.72,209,64,110
pelfrmi01,2009,1,NYN,31,31,553,5.03,213,66,107
pelfrmi01,2010,1,NYN,34,33,612,3.66,213,68,113
pelfrmi01,2011,1,NYN,34,33,581,4.74,220,65,105
pelfrmi01,2012,1,NYN,3,3,59,2.29,24,4,13
pelfrmi01,2013,1,MIN,29,29,458,5.19,184,53,101
pelfrmi01,2014,1,MIN,5,5,71,7.99,29,18,10
pelfrmi01,2015,1,MIN,30,30,494,4.26,198,45,86
pelfrmi01,2016,1,DET,24,22,357,5.07,160,46,56
pelfrmi01,2017,1,CHA,34,21,360,5.93,127,62,79
pelhacd01,2018,1,TEX,10,0,23,7.04,12,4,7
pembeda01,2002,1,MIL,4,1,26,5.19,7,6,5
penaar01,2015,1,MIL,6,5,82,4.28,24,14,27
penaar01,2016,1,MIL,1,0,5,27.0,5,2,0
penafe01,2016,1,CHN,11,0,27,4.0,5,3,13
penafe01,2017,1,CHN,25,0,103,5.24,35,18,37
penafe01,2018,1,LAA,19,17,278,4.18,87,28,85
penafe01,2019,1,LAA,22,7,289,4.58,80,34,101
penafe01,2020,1,LAA,25,0,80,4.05,27,8,29
penafe01,2021,1,LAA,2,0,5,37.8,7,4,2
penaje01,2000,1,CHA,20,0,70,5.4,25,16,19
penaje01,2000,2,BOS,2,0,9,3.0,3,3,1
penato02,2008,1,KCA,1,0,3,0.0,0,0,1
penato03,2006,1,ARI,25,0,92,5.58,36,8,21
penato03,2007,1,ARI,75,0,256,3.27,63,31,63
penato03,2008,1,ARI,72,0,218,4.33,80,17,52
penato03,2009,1,ARI,37,0,102,4.24,41,11,26
penato03,2009,2,CHA,35,0,108,3.75,40,9,29
penato03,2010,1,CHA,52,3,302,5.1,108,45,56
penato03,2011,1,CHA,17,0,61,6.2,25,10,17
pendlla01,2011,1,NYA,11,0,42,3.21,10,10,8
pendlla01,2011,2,HOU,4,0,14,17.36,10,1,5
pennha01,2005,1,BAL,8,8,115,6.34,46,21,18
pennha01,2006,1,BAL,6,6,59,15.1,38,13,8
pennha01,2009,1,MIA,16,1,66,7.77,30,20,27
pennha01,2010,1,PIT,3,0,7,30.86,8,3,0
pennicl01,2018,1,CIN,1,0,3,9.0,1,2,1
penniwa01,2024,1,KCA,1,0,2,0.0,0,0,1
penniwa01,2024,2,TEX,15,1,52,3.12,19,11,16
pennybr01,2000,1,MIA,23,22,359,4.81,120,60,80
pennybr01,2001,1,MIA,31,31,615,3.69,183,54,154
pennybr01,2002,1,MIA,24,24,388,4.66,148,50,93
pennybr01,2003,1,MIA,32,32,589,4.13,195,56,138
pennybr01,2004,1,MIA,21,21,394,3.15,124,39,105
pennybr01,2004,2,LAN,3,3,35,3.09,6,6,6
pennybr01,2005,1,LAN,29,29,526,3.9,185,41,122
pennybr01,2006,1,LAN,34,33,567,4.33,206,54,148
pennybr01,2007,1,LAN,33,33,624,3.03,199,73,135
pennybr01,2008,1,LAN,19,17,284,6.27,112,42,51
pennybr01,2009,1,BOS,24,24,395,5.61,160,42,89
pennybr01,2009,2,SFN,6,6,125,2.59,31,9,20
pennybr01,2010,1,SLN,9,9,167,3.23,63,9,35
pennybr01,2011,1,DET,31,31,545,5.3,222,62,74
pennybr01,2012,1,SFN,22,0,84,6.11,42,9,10
pennybr01,2014,1,MIA,8,4,78,6.58,34,13,13
penroza01,2024,1,BOS,7,0,12,2.25,3,4,3
pepiory01,2022,1,LAN,9,7,109,3.47,26,27,42
pepiory01,2023,1,LAN,8,3,126,2.14,27,5,38
pepiory01,2024,1,TB,26,26,390,3.6,102,48,142
pepiory01,2025,1,TB,31,31,503,3.86,134,61,167
peralda01,2021,1,ARI,1,0,3,27.0,4,0,1
peralfr01,2018,1,MIL,16,14,235,4.25,49,40,96
peralfr01,2019,1,MIL,39,8,255,5.29,87,37,115
peralfr01,2020,1,MIL,15,1,88,3.99,22,12,47
peralfr01,2021,1,MIL,28,27,433,2.81,84,56,195
peralfr01,2022,1,MIL,18,17,234,3.58,54,27,86
peralfr01,2023,1,MIL,30,30,497,3.86,131,54,210
peralfr01,2024,1,MIL,32,32,521,3.68,143,68,200
peralfr01,2025,1,MIL,33,33,530,2.7,124,66,204
peraljo01,2005,1,LAA,28,0,104,3.89,28,14,30
peraljo01,2006,1,KCA,64,0,221,4.4,74,17,57
peraljo01,2007,1,KCA,62,0,263,3.8,93,19,66
peraljo01,2008,1,KCA,40,0,158,5.98,56,14,38
peraljo01,2009,1,COL,27,0,74,6.2,27,12,22
peraljo01,2010,1,WAS,39,0,147,2.02,30,9,49
peraljo01,2011,1,TB,71,0,203,2.93,44,18,61
peraljo01,2012,1,TB,76,0,201,3.63,49,17,84
peraljo01,2013,1,TB,80,0,214,3.41,47,34,74
peraljo01,2014,1,TB,69,0,190,4.41,60,15,74
peraljo01,2015,1,LAN,33,0,87,4.34,28,8,24
peraljo01,2016,1,SEA,26,0,70,5.4,24,7,28
peraljo01,2016,2,CHN,5,0,12,9.0,6,1,5
perallu01,2024,1,COL,15,0,37,0.73,7,5,14
perallu01,2025,1,COL,22,0,57,9.47,26,18,16
peralsa01,2023,1,CHA,16,0,60,4.05,19,11,18
peralsa01,2024,1,CHA,9,0,45,4.8,21,7,11
peralsa01,2025,1,LAA,5,0,32,7.59,14,6,8
peralwa01,2016,1,CIN,10,0,22,8.59,11,7,5
peralwa01,2017,1,CIN,69,0,194,3.76,53,24,57
peralwa01,2018,1,CIN,59,0,136,5.36,58,31,31
peralwa01,2019,1,CIN,39,0,102,6.09,36,15,27
peralwa01,2019,2,SFN,8,0,17,3.18,4,1,5
peralwa01,2020,1,SFN,25,0,82,3.29,22,11,25
peralwa01,2021,1,SFN,10,0,25,5.4,11,3,8
peralwa01,2021,2,NYA,46,1,128,2.95,38,18,35
peralwa01,2022,1,NYA,56,0,169,2.72,42,17,47
peralwa01,2023,1,NYA,63,0,162,2.83,36,30,51
peralwa01,2024,1,SDN,46,0,115,3.99,33,13,22
peralwa01,2025,1,SDN,71,1,215,3.14,66,30,63
peralwi01,2012,1,MIL,6,5,87,2.48,24,11,23
peralwi01,2013,1,MIL,32,32,550,4.37,187,73,129
peralwi01,2014,1,MIL,32,32,596,3.53,198,61,154
peralwi01,2015,1,MIL,20,20,326,4.72,130,37,60
peralwi01,2016,1,MIL,23,23,383,4.86,152,43,93
peralwi01,2017,1,MIL,19,8,172,7.85,73,32,52
peralwi01,2018,1,KCA,37,0,103,3.67,28,23,35
peralwi01,2019,1,KCA,42,0,121,5.8,45,19,24
peralwi01,2021,1,DET,19,18,281,3.07,87,38,58
peralwi01,2022,1,DET,28,1,115,2.58,34,24,32
perazjo01,2019,1,CIN,2,0,4,0.0,1,0,0
perazjo01,2020,1,BOS,1,0,1,27.0,2,0,0
perazos02,2025,2,LAA,2,0,7,30.86,9,0,0
percitr01,2000,1,LAA,54,0,150,4.5,42,30,49
percitr01,2001,1,LAA,57,0,173,2.65,39,18,71
percitr01,2002,1,LAA,58,0,169,1.92,38,25,68
percitr01,2003,1,LAA,52,0,148,3.47,33,23,48
percitr01,2004,1,LAA,52,0,149,2.9,43,19,33
percitr01,2005,1,DET,26,0,75,5.76,19,11,20
percitr01,2007,1,SLN,34,1,120,1.8,24,10,36
percitr01,2008,1,TB,50,0,137,4.53,29,27,38
percitr01,2009,1,TB,14,0,34,6.35,14,5,7
perdoan01,2020,1,MIL,3,0,8,20.25,3,7,5
perdoan01,2021,1,MIL,19,0,51,6.35,12,16,28
perdoan01,2023,1,PIT,30,0,87,3.72,21,11,44
perdoan01,2025,1,ATH,4,0,10,5.4,2,3,2
perdolu01,2009,1,SDN,35,0,180,4.8,57,34,55
perdolu01,2010,1,SDN,1,0,3,9.0,1,0,0
perdolu01,2012,1,MIN,15,0,51,3.18,15,12,8
perdolu02,2016,1,SDN,35,20,440,5.71,187,46,105
perdolu02,2017,1,SDN,29,29,491,4.67,182,65,118
perdolu02,2018,1,SDN,12,10,134,7.05,62,22,39
perdolu02,2019,1,SDN,47,1,216,4.0,69,18,55
perdolu02,2020,1,SDN,10,1,52,5.71,13,10,16
perdolu02,2022,1,MIL,14,0,71,3.8,24,3,12
peredjh01,2024,1,MIA,1,0,1,0.0,0,0,0
peredjh01,2025,1,ATH,3,0,9,21.0,9,2,3
perezbe01,2006,1,WAS,8,3,63,3.86,16,13,9
perezca01,2000,1,LAN,30,22,432,5.56,192,33,64
perezca02,2023,1,ATH,2,0,5,10.8,4,2,0
perezch01,2008,1,SLN,41,0,125,3.46,34,22,42
perezch01,2009,1,SLN,29,0,71,4.18,17,15,30
perezch01,2009,2,CLE,32,0,100,4.32,24,12,38
perezch01,2010,1,CLE,63,0,189,1.71,40,28,61
perezch01,2011,1,CLE,64,0,179,3.32,46,26,39
perezch01,2012,1,CLE,61,0,173,3.59,49,16,59
perezch01,2013,1,CLE,54,0,162,4.33,56,21,54
perezch01,2014,1,LAN,49,0,139,4.27,38,25,39
perezci01,2018,1,HOU,8,0,34,3.97,6,7,12
perezci01,2019,1,HOU,5,0,27,10.0,11,2,7
perezci01,2020,1,HOU,7,0,19,2.84,7,6,8
perezci01,2021,1,CIN,25,0,72,6.38,21,20,25
perezci01,2022,1,BAL,66,0,173,1.4,46,21,55
perezci01,2023,1,BAL,65,0,160,3.54,56,27,44
perezci01,2024,1,BAL,62,0,161,4.53,47,28,46
perezci01,2025,1,BAL,19,0,65,8.31,28,18,21
perezeu02,2023,1,MIA,19,19,274,3.15,72,31,108
perezeu02,2025,1,MIA,20,20,286,4.25,68,32,105
perezfr01,2021,1,CLE,4,0,20,4.05,6,3,5
perezfr01,2022,1,WAS,10,0,26,7.27,13,9,7
perezfr01,2023,1,ATH,17,1,50,5.94,17,8,14
perezhe01,2017,1,MIL,1,0,3,0.0,1,1,0
perezhe01,2018,1,MIL,3,0,10,13.5,7,1,2
perezhe01,2019,1,MIL,3,0,9,3.0,2,2,1
perezhe01,2021,1,WAS,2,0,6,0.0,1,0,2
perezhe02,2020,1,TOR,1,0,5,10.8,3,3,1
perezhe02,2023,1,TB,1,0,1,27.0,3,1,0
perezju01,2006,1,PIT,7,0,10,8.1,5,1,3
perezju01,2007,1,PIT,17,0,37,4.38,14,8,10
perezju01,2011,1,PHI,8,0,15,3.6,1,5,8
perezju01,2012,1,MIL,10,0,21,5.14,6,8,10
perezju01,2013,1,TOR,19,0,95,3.69,23,15,33
perezlu01,2011,1,TOR,37,4,195,5.12,74,27,54
perezlu01,2012,1,TOR,35,0,126,3.43,38,16,39
perezlu01,2013,1,TOR,6,0,15,5.4,4,2,6
perezma02,2012,1,TEX,12,6,114,5.45,47,15,25
perezma02,2013,1,TEX,20,20,373,3.62,129,37,84
perezma02,2014,1,TEX,8,8,154,4.38,50,19,35
perezma02,2015,1,TEX,14,14,236,4.46,88,24,48
perezma02,2016,1,TEX,33,33,596,4.39,205,76,103
perezma02,2017,1,TEX,32,32,555,4.82,221,63,115
perezma02,2018,1,TEX,22,15,256,6.22,116,36,52
perezma02,2019,1,MIN,32,29,496,5.12,184,67,135
perezma02,2020,1,BOS,12,12,186,4.5,55,28,46
perezma02,2021,1,BOS,36,22,342,4.74,136,36,97
perezma02,2022,1,TEX,32,32,589,2.89,178,69,169
perezma02,2023,1,TEX,35,20,425,4.45,150,49,93
perezma02,2024,1,PIT,16,16,249,5.2,105,32,63
perezma02,2024,2,SDN,10,10,156,3.46,46,17,44
perezma02,2025,1,CHA,11,10,168,3.54,40,22,44
perezod01,2001,1,ATL,24,16,286,4.91,108,39,71
perezod01,2002,1,LAN,32,32,667,3.0,182,38,155
perezod01,2003,1,LAN,30,30,556,4.52,191,46,141
perezod01,2004,1,LAN,31,31,589,3.25,180,44,128
perezod01,2005,1,LAN,19,19,326,4.56,109,28,74
perezod01,2006,1,LAN,20,8,178,6.83,89,13,33
perezod01,2006,2,KCA,12,12,201,5.64,80,18,48
perezod01,2007,1,KCA,26,26,412,5.57,178,50,64
perezod01,2008,1,WAS,30,30,479,4.34,182,55,119
perezol01,2002,1,SDN,16,15,270,3.5,71,48,94
perezol01,2003,1,SDN,19,19,311,5.38,103,65,117
perezol01,2003,2,PIT,5,5,69,5.87,26,12,24
perezol01,2004,1,PIT,30,30,588,2.98,145,81,239
perezol01,2005,1,PIT,20,20,309,5.85,102,70,97
perezol01,2006,1,PIT,15,15,228,6.63,88,51,61
perezol01,2006,2,NYN,7,7,110,6.38,41,17,41
perezol01,2007,1,NYN,29,29,531,3.56,153,79,174
perezol01,2008,1,NYN,34,34,582,4.22,167,105,180
perezol01,2009,1,NYN,14,14,198,6.82,69,58,62
perezol01,2010,1,NYN,17,7,139,6.8,54,42,37
perezol01,2012,1,SEA,33,0,89,2.12,27,10,24
perezol01,2013,1,SEA,61,0,159,3.74,50,26,74
perezol01,2014,1,ARI,68,0,176,2.91,50,24,76
perezol01,2015,1,ARI,48,0,87,3.1,25,11,37
perezol01,2015,2,HOU,22,0,36,6.75,14,4,14
perezol01,2016,1,WAS,64,0,120,4.95,38,20,46
perezol01,2017,1,WAS,50,0,99,4.64,32,12,39
perezol01,2018,1,CLE,51,0,97,1.39,17,7,43
perezol01,2019,1,CLE,67,0,122,3.98,38,12,48
perezol01,2020,1,CLE,21,0,54,2.0,13,6,14
perezol01,2021,1,CLE,5,0,11,0.0,5,1,4
perezol01,2022,1,ARI,7,0,12,15.75,8,1,1
perezra01,2006,1,CLE,18,0,37,4.38,10,6,15
perezra01,2007,1,CLE,44,0,182,1.78,41,15,62
perezra01,2008,1,CLE,73,0,229,3.54,67,23,86
perezra01,2009,1,CLE,54,0,144,7.31,66,25,32
perezra01,2010,1,CLE,70,0,183,3.25,72,25,36
perezra01,2011,1,CLE,71,0,189,3.0,59,19,33
perezra01,2012,1,CLE,8,0,23,3.52,5,4,4
perezto03,2002,1,PHI,1,0,1,0.0,0,0,0
perezwi01,2015,1,ATL,23,20,350,4.78,130,51,73
perezwi01,2016,1,ATL,11,11,161,6.04,57,15,27
perezyo01,2000,1,HOU,33,0,68,5.16,25,14,21
perezyo01,2002,1,BAL,23,0,82,3.29,21,14,25
perisma01,2000,1,TEX,34,13,315,7.37,136,67,74
perisma01,2001,1,DET,30,4,118,5.72,54,14,19
perisma01,2002,1,DET,5,0,31,8.71,16,6,3
perisma01,2004,1,MIA,66,0,141,4.4,45,26,42
perisma01,2005,1,MIA,24,0,42,1.93,12,11,10
perisma01,2005,2,BOS,1,0,0,,1,0,0
perkigl01,2006,1,MIN,4,0,17,1.59,3,0,6
perkigl01,2007,1,MIN,19,0,86,3.14,23,12,20
perkigl01,2008,1,MIN,26,26,453,4.41,183,39,74
perkigl01,2009,1,MIN,18,17,289,5.89,120,23,45
perkigl01,2010,1,MIN,13,1,65,5.82,29,5,14
perkigl01,2011,1,MIN,65,0,185,2.48,55,21,65
perkigl01,2012,1,MIN,70,0,211,2.56,57,16,78
perkigl01,2013,1,MIN,61,0,188,2.3,43,15,77
perkigl01,2014,1,MIN,63,0,185,3.65,62,11,66
perkigl01,2015,1,MIN,60,0,171,3.32,58,10,54
perkigl01,2016,1,MIN,2,0,6,9.0,5,1,3
perkigl01,2017,1,MIN,8,0,17,9.53,8,5,2
perkija01,2025,1,ATH,12,4,116,4.19,27,18,37
perryry01,2009,1,DET,53,0,185,3.79,56,38,60
perryry01,2010,1,DET,60,0,188,3.59,55,23,45
perryry01,2011,1,DET,36,0,111,5.35,39,21,24
perryry01,2012,1,WAS,7,0,24,10.13,12,2,3
persoro01,2000,1,PHI,28,28,520,3.63,144,95,164
persoro01,2001,1,PHI,33,33,625,4.19,179,80,183
persoro01,2002,1,PHI,16,16,263,5.44,79,51,61
persoro01,2003,1,BOS,7,0,35,7.71,11,8,10
pestavi01,2010,1,CLE,5,0,15,3.6,4,5,8
pestavi01,2011,1,CLE,67,0,186,2.32,41,24,84
pestavi01,2012,1,CLE,70,0,210,2.57,53,24,76
pestavi01,2013,1,CLE,37,0,106,4.08,37,21,37
pestavi01,2014,1,CLE,13,0,27,5.0,13,1,13
pestavi01,2014,2,LAA,12,0,29,0.93,5,4,13
pestavi01,2015,1,LAA,19,0,35,5.4,15,8,13
peterad02,2004,1,TOR,3,0,8,16.88,7,3,2
peterbr01,2011,1,MIA,1,0,3,0.0,0,1,0
peterch01,2000,1,PIT,18,0,85,2.86,23,14,16
peterch01,2001,1,WAS,13,6,93,7.55,47,15,14
peterda01,2020,1,NYN,10,9,149,3.44,36,24,40
peterda01,2021,1,NYN,15,15,200,5.54,64,29,69
peterda01,2022,1,NYN,28,19,317,3.83,93,48,126
peterda01,2023,1,NYN,27,21,333,5.03,124,50,128
peterda01,2024,1,NYN,21,21,363,2.9,110,46,101
peterda01,2025,1,NYN,30,30,506,4.22,166,65,150
peterdi01,2017,1,MIA,6,6,94,5.17,32,19,27
peterdi01,2018,1,MIA,7,5,83,7.16,34,15,17
peterdi01,2019,1,LAA,17,12,216,5.38,85,26,55
peterdi01,2020,1,LAA,1,1,5,16.2,3,0,2
peterdi01,2021,1,PIT,6,6,80,3.71,26,10,23
peterdi01,2022,1,PIT,22,4,118,4.58,35,17,26
peterja01,2018,2,BAL,1,0,3,36.0,6,0,1
peterja01,2021,1,MIL,2,0,6,9.0,4,1,2
peterja01,2022,1,MIL,1,0,3,0.0,0,0,0
peterja01,2023,1,ATH,2,0,6,9.0,3,3,1
peterky01,2001,1,MIL,3,2,44,5.52,19,4,12
petermi01,2024,1,LAN,11,0,42,6.43,14,8,11
petermi01,2024,2,MIA,5,0,17,4.76,7,3,3
petermi01,2025,1,ATL,4,0,20,4.05,7,2,5
petermi01,2025,2,MIA,11,0,34,3.97,11,5,12
peterti01,2018,1,NYN,22,0,83,6.18,29,5,25
peterti01,2019,1,NYN,6,0,22,4.91,7,7,3
petityu01,2006,1,MIA,15,1,79,9.57,46,9,20
petityu01,2007,1,ARI,14,10,171,4.58,58,18,40
petityu01,2008,1,ARI,19,8,169,4.31,45,14,42
petityu01,2009,1,ARI,23,17,269,5.82,102,34,74
petityu01,2012,1,SFN,1,1,14,3.86,7,4,1
petityu01,2013,1,SFN,8,7,144,3.56,46,11,47
petityu01,2014,1,SFN,39,12,351,3.69,97,22,133
petityu01,2015,1,SFN,42,1,228,3.67,75,15,59
petityu01,2016,1,WAS,36,1,186,4.5,67,15,49
petityu01,2017,1,LAA,60,1,274,2.76,69,18,101
petityu01,2018,1,ATH,74,0,279,3.0,76,18,76
petityu01,2019,1,ATH,80,0,249,2.71,57,10,71
petityu01,2020,1,ATH,26,0,65,1.66,19,5,17
petityu01,2021,1,ATH,78,0,234,3.92,69,12,37
petkoma01,2000,1,LAA,64,1,243,4.33,86,23,31
petkoma01,2001,1,TEX,55,0,230,6.69,103,28,42
petribi01,2007,1,CHN,8,0,29,7.45,8,7,6
petrija01,2013,1,CHA,16,0,58,3.26,20,10,10
petrija01,2014,1,CHA,67,0,219,2.96,67,33,55
petrija01,2015,1,CHA,62,0,156,3.63,56,18,33
petrija01,2016,1,CHA,9,0,24,4.5,8,8,7
petrija01,2017,1,CHA,27,0,77,7.01,39,6,26
petrija01,2018,1,TOR,41,0,137,4.53,59,16,41
petrija01,2019,1,MIL,6,0,24,3.38,6,6,3
petrija01,2021,1,LAA,7,0,18,15.0,6,7,8
pettian01,2000,1,NYA,32,32,614,4.35,219,80,125
pettian01,2001,1,NYA,31,31,602,3.99,224,41,164
pettian01,2002,1,NYA,22,22,404,3.27,144,32,97
pettian01,2003,1,NYA,33,33,625,4.02,227,50,180
pettian01,2004,1,HOU,15,15,249,3.9,71,31,79
pettian01,2005,1,HOU,33,33,667,2.39,188,41,171
pettian01,2006,1,HOU,36,35,643,4.2,238,70,178
pettian01,2007,1,NYA,36,34,646,4.05,238,69,141
pettian01,2008,1,NYA,33,33,612,4.54,233,55,158
pettian01,2009,1,NYA,32,32,584,4.16,193,76,148
pettian01,2010,1,NYA,21,21,387,3.28,123,41,101
pettian01,2012,1,NYA,12,12,226,2.87,65,21,69
pettian01,2013,1,NYA,30,30,556,3.74,198,48,128
pettijo02,2013,1,PHI,18,18,301,4.04,109,38,66
pettijo02,2014,1,PHI,2,2,27,9.0,17,3,6
pettyad01,2001,1,DET,16,9,195,5.82,81,21,40
pettyad01,2008,1,CIN,3,1,12,20.25,11,2,1
pettych02,2025,1,CIN,3,2,18,19.5,14,8,7
pfaadbr01,2023,1,ARI,19,18,288,5.72,109,26,94
pfaadbr01,2024,1,ARI,32,32,545,4.71,183,42,185
pfaadbr01,2025,1,ARI,33,33,530,5.25,198,37,147
phegljo01,2016,1,ATH,1,0,2,0.0,0,0,1
phelpda01,2012,1,NYA,33,11,299,3.34,81,38,96
phelpda01,2013,1,NYA,22,12,260,4.98,88,35,79
phelpda01,2014,1,NYA,32,17,339,4.38,115,46,92
phelpda01,2015,1,MIA,23,19,336,4.5,119,33,77
phelpda01,2016,1,MIA,64,5,260,2.28,61,38,114
phelpda01,2017,1,MIA,44,0,141,3.45,42,21,51
phelpda01,2017,2,SEA,10,0,26,3.12,9,5,11
phelpda01,2019,1,TOR,17,1,52,3.63,14,7,18
phelpda01,2019,2,CHN,24,0,51,3.18,17,10,18
phelpda01,2020,1,MIL,12,0,39,2.77,7,2,20
phelpda01,2020,2,PHI,10,0,23,12.91,12,3,11
phelpda01,2021,1,TOR,11,1,31,0.87,8,4,15
phelpda01,2022,1,TOR,65,1,191,2.83,52,31,64
phelpto01,2003,1,MIA,27,7,189,4.0,70,23,43
phelpto01,2004,1,MIA,19,4,102,4.76,34,12,28
phelpto01,2005,1,MIL,29,0,70,4.63,25,12,14
phelptr01,2001,1,TB,49,0,186,3.48,53,24,54
phelptr01,2002,1,TB,26,0,113,4.78,30,27,36
phelptr01,2004,1,MIL,4,0,18,10.5,8,3,3
phillbr02,2021,1,TB,1,0,3,9.0,2,2,0
phillbr02,2022,1,TB,3,0,12,18.0,9,2,0
phillbr02,2023,1,LAA,1,0,1,0.0,1,1,0
phillco01,2023,1,CIN,5,5,62,6.97,18,13,26
phillco01,2025,1,CIN,21,0,75,2.88,11,12,32
phillev01,2018,1,ATL,4,0,19,8.53,6,4,3
phillev01,2018,2,BAL,5,1,16,18.56,7,6,5
phillev01,2019,1,BAL,25,0,84,6.43,32,20,40
phillev01,2020,1,BAL,14,0,43,5.02,14,10,20
phillev01,2021,1,TB,1,0,9,3.0,3,0,2
phillev01,2021,2,LAN,7,0,31,3.48,8,5,9
phillev01,2022,1,LAN,64,0,189,1.14,33,15,77
phillev01,2023,1,LAN,62,0,184,2.05,38,13,66
phillev01,2024,1,LAN,61,0,164,3.62,48,17,63
phillev01,2025,1,LAN,7,0,17,0.0,4,2,6
phillhe01,2007,1,CHA,6,0,22,3.68,10,4,2
phillja03,2002,1,CLE,8,6,125,4.97,41,20,23
phillja03,2003,1,CLE,3,0,15,9.0,9,2,2
phillty01,2024,1,PHI,8,7,110,6.87,45,7,28
phillty01,2025,1,MIA,54,1,233,2.78,65,24,52
phillza01,2011,1,BAL,10,0,24,1.13,6,2,8
phillza01,2012,1,BAL,6,0,18,6.0,7,3,5
phillza01,2013,1,MIA,3,0,5,5.4,3,3,1
phillza01,2016,1,PIT,8,0,20,2.7,8,1,6
pichahi01,2000,1,BOS,38,1,195,3.46,63,26,37
pichahi01,2001,1,BOS,30,0,104,4.93,42,10,17
pichahi01,2002,1,HOU,1,0,1,81.0,3,2,0
pickfke01,2002,1,SDN,16,4,90,6.0,37,20,18
piersch01,2001,1,CIN,11,0,34,2.38,12,6,7
pignaca01,2007,1,CHN,4,0,6,4.5,3,0,3
pignaca01,2008,1,CHN,2,0,2,13.5,2,2,0
pilkiko01,2022,1,CLE,15,11,174,3.88,53,32,50
pilkiko01,2023,1,CLE,1,0,6,0.0,1,1,2
pilkiko01,2025,1,WAS,32,0,85,4.45,22,17,34
pillake01,2021,1,NYN,1,0,1,0.0,0,0,0
pillty01,2017,1,NYN,7,3,66,5.32,22,10,16
pimenst01,2013,1,PIT,5,0,28,1.93,6,2,9
pimenst01,2014,1,PIT,20,0,98,5.23,34,16,38
pimenst01,2015,1,TEX,8,0,34,3.97,11,3,7
pinaro01,2025,1,MIA,1,0,3,9.0,1,0,0
pinaro01,2025,2,TOR,1,0,4,6.75,4,1,1
pindebr01,2015,1,NYA,25,0,83,2.93,28,14,25
pindebr01,2016,1,NYA,1,0,3,18.0,3,1,1
pindech01,2022,1,ATH,1,0,3,27.0,2,2,0
pinedlu01,2001,1,DET,16,0,55,4.91,16,14,13
pinedlu01,2002,1,CIN,26,2,97,4.18,25,24,31
pinedmi01,2011,1,SEA,28,28,513,3.74,133,55,173
pinedmi01,2014,1,NYA,13,13,229,1.89,56,7,59
pinedmi01,2015,1,NYA,27,27,482,4.37,176,21,156
pinedmi01,2016,1,NYA,32,32,527,4.82,184,53,207
pinedmi01,2017,1,NYA,17,17,289,4.39,103,21,92
pinedmi01,2019,1,MIN,26,26,438,4.01,141,28,140
pinedmi01,2020,1,MIN,5,5,80,3.38,25,7,25
pinedmi01,2021,1,MIN,22,21,328,3.62,114,21,88
pinedmi01,2022,1,DET,11,11,140,5.79,58,8,26
pineijo01,2000,1,SEA,8,1,58,5.59,25,13,10
pineijo01,2001,1,SEA,17,11,226,2.03,50,21,56
pineijo01,2002,1,SEA,37,28,583,3.24,189,54,136
pineijo01,2003,1,SEA,32,32,635,3.78,192,76,151
pineijo01,2004,1,SEA,21,21,422,4.67,144,43,111
pineijo01,2005,1,SEA,30,30,567,5.62,224,56,107
pineijo01,2006,1,SEA,40,25,497,6.36,209,64,87
pineijo01,2007,1,BOS,31,0,102,5.03,41,14,20
pineijo01,2007,2,SLN,11,11,191,3.96,69,12,40
pineijo01,2008,1,SLN,26,25,446,5.15,180,35,81
pineijo01,2009,1,SLN,32,32,642,3.49,218,27,105
pineijo01,2010,1,LAA,23,23,457,3.84,155,34,92
pineijo01,2011,1,LAA,27,24,437,5.13,182,38,62
pinoyo01,2014,1,MIN,11,11,181,5.07,66,14,50
pinoyo01,2015,1,KCA,7,1,58,3.26,23,3,13
pintajo01,2025,1,NYN,1,0,2,27.0,2,2,1
pintore01,2006,1,MIA,27,0,89,3.03,20,27,36
pintore01,2007,1,MIA,57,0,176,3.68,45,32,56
pintore01,2008,1,MIA,67,0,194,4.45,52,39,56
pintore01,2009,1,MIA,73,0,184,3.23,53,45,58
pintore01,2010,1,MIA,20,0,50,2.7,16,9,16
pintore02,2023,1,TB,1,0,3,45.0,5,0,0
pintori01,2017,1,PHI,25,0,89,7.89,39,17,25
pintori01,2019,1,TB,2,0,7,15.43,4,2,0
pintori01,2024,1,PHI,6,0,32,10.97,19,5,8
pintri01,2023,1,COL,1,0,1,27.0,1,3,0
pintri01,2024,1,COL,4,0,10,21.6,5,5,7
pivetni01,2017,1,PHI,26,26,399,6.02,144,57,140
pivetni01,2018,1,PHI,33,32,492,4.77,163,51,188
pivetni01,2019,1,PHI,30,13,281,5.38,103,39,89
pivetni01,2020,1,PHI,3,0,17,15.88,10,1,4
pivetni01,2020,2,BOS,2,2,30,1.8,8,5,13
pivetni01,2021,1,BOS,31,30,465,4.53,137,65,175
pivetni01,2022,1,BOS,33,33,539,4.56,175,73,175
pivetni01,2023,1,BOS,38,16,428,4.04,110,50,183
pivetni01,2024,1,BOS,27,26,437,4.14,128,36,172
pivetni01,2025,1,SDN,31,31,545,2.87,129,50,190
plassmi01,2022,1,PHI,2,0,22,3.68,9,1,7
plassmi01,2023,1,PHI,1,1,11,22.09,8,0,4
plaweke01,2017,1,NYN,2,0,9,12.0,5,0,0
plaweke01,2019,1,CLE,2,0,6,0.0,0,0,0
plaweke01,2020,1,BOS,1,0,2,0.0,0,1,0
plaweke01,2021,1,BOS,1,0,3,0.0,0,0,0
plaweke01,2022,1,BOS,1,0,3,0.0,1,0,0
plesada01,2000,1,ARI,62,0,120,3.15,34,26,45
plesada01,2001,1,TOR,62,0,136,3.57,34,24,68
plesada01,2002,1,TOR,19,0,40,3.38,11,6,14
plesada01,2002,2,PHI,41,0,69,4.7,16,12,27
plesada01,2003,1,PHI,58,0,100,2.7,29,11,37
plesaza01,2019,1,CLE,21,21,347,3.81,102,40,88
plesaza01,2020,1,CLE,8,8,166,2.28,38,6,57
plesaza01,2021,1,CLE,25,25,428,4.67,137,34,100
plesaza01,2022,1,CLE,25,24,395,4.31,136,38,100
plesaza01,2023,1,CLE,5,5,64,7.59,37,5,14
plesaza01,2024,1,LAA,3,3,36,8.25,12,7,5
plutkad01,2016,1,CLE,2,0,11,7.36,5,2,3
plutkad01,2018,1,CLE,17,12,230,5.28,78,23,60
plutkad01,2019,1,CLE,21,20,328,4.86,115,26,78
plutkad01,2020,1,CLE,10,4,83,4.88,30,7,15
plutkad01,2021,1,BAL,38,1,169,6.71,65,27,44
pocheco01,2019,1,TB,51,0,155,4.7,33,19,72
pocheco01,2022,1,TB,65,0,176,3.99,46,22,64
pocheco01,2023,1,TB,66,0,182,2.23,42,24,61
pocheco01,2024,1,TB,43,0,112,3.86,30,13,33
pocheco01,2025,1,WAS,13,0,26,11.42,10,12,10
pocheco01,2025,2,NYN,1,0,2,27.0,2,2,1
politcl01,2000,1,PHI,12,8,177,3.66,55,27,50
politcl01,2001,1,PHI,23,0,78,2.42,24,8,23
politcl01,2002,1,PHI,13,0,49,3.86,19,9,15
politcl01,2002,2,TOR,55,0,172,3.61,38,19,57
politcl01,2003,1,TOR,54,0,148,5.66,52,17,40
politcl01,2004,1,CHA,54,0,154,4.38,52,22,48
politcl01,2005,1,CHA,68,0,202,2.0,42,21,57
politcl01,2006,1,CHA,30,0,90,8.7,47,15,15
pomerdr01,2011,1,COL,4,4,55,5.4,19,5,13
pomerdr01,2012,1,COL,22,22,290,4.93,97,46,83
pomerdr01,2013,1,COL,8,4,65,6.23,25,19,19
pomerdr01,2014,1,ATH,20,10,207,2.35,51,26,64
pomerdr01,2015,1,ATH,53,9,258,3.66,71,31,82
pomerdr01,2016,1,SDN,17,17,306,2.47,67,41,115
pomerdr01,2016,2,BOS,14,13,206,4.59,70,24,71
pomerdr01,2017,1,BOS,32,32,521,3.32,166,69,174
pomerdr01,2018,1,BOS,26,11,222,6.08,87,44,66
pomerdr01,2019,1,SFN,21,17,233,5.68,89,36,92
pomerdr01,2019,2,MIL,25,1,79,2.39,16,8,45
pomerdr01,2020,1,SDN,20,0,56,1.45,9,10,29
pomerdr01,2021,1,SDN,27,0,77,1.75,19,10,30
pomerdr01,2025,1,CHN,57,4,149,2.17,38,15,57
pomerst01,2012,1,BAL,3,0,18,3.0,7,1,3
ponceco01,2020,1,PIT,5,3,51,3.18,12,6,12
ponceco01,2021,1,PIT,15,2,115,7.04,56,11,36
ponceda01,2018,1,SLN,11,4,99,2.73,24,13,31
ponceda01,2019,1,SLN,13,8,146,3.7,36,26,52
ponceda01,2020,1,SLN,9,8,98,4.96,23,20,45
ponceda01,2021,1,SLN,24,2,100,6.21,32,22,24
ponsosi01,2000,1,BAL,32,32,666,4.82,223,83,152
ponsosi01,2001,1,BAL,23,23,415,4.94,161,37,84
ponsosi01,2002,1,BAL,28,28,528,4.09,172,63,120
ponsosi01,2003,1,BAL,21,21,444,3.77,147,43,100
ponsosi01,2003,2,SFN,10,10,204,3.71,64,18,34
ponsosi01,2004,1,BAL,33,33,647,5.3,265,69,115
ponsosi01,2005,1,BAL,23,23,391,6.21,177,48,68
ponsosi01,2006,1,SLN,14,13,206,5.24,82,29,33
ponsosi01,2006,2,NYA,5,3,49,10.47,26,7,15
ponsosi01,2007,1,MIN,7,7,113,6.93,54,17,23
ponsosi01,2008,1,TEX,9,9,167,3.88,71,16,25
ponsosi01,2008,2,NYA,16,15,240,5.85,99,32,33
ponsosi01,2009,1,KCA,14,9,176,7.36,79,25,32
pooleji02,2000,1,DET,18,0,26,7.27,13,1,5
pooleji02,2000,2,WAS,5,0,6,27.0,8,3,3
popeau01,2025,1,ARI,1,0,6,0.0,2,1,1
poppese01,2019,1,MIN,4,0,25,7.56,10,5,9
poppese01,2020,1,MIN,6,0,23,4.7,9,4,10
poppese01,2021,1,PIT,3,0,14,7.71,11,2,4
poppese01,2021,2,TB,1,0,2,0.0,0,0,1
poppese01,2021,3,ARI,20,0,52,4.67,20,7,21
poppese01,2022,1,ARI,29,0,86,4.4,27,12,22
popza01,2021,1,MIA,50,0,164,4.12,54,24,51
popza01,2022,1,MIA,18,0,60,3.6,23,2,14
popza01,2022,2,TOR,17,0,57,1.89,18,2,11
popza01,2023,1,TOR,15,0,41,6.59,11,6,14
popza01,2024,1,TOR,58,0,145,5.59,45,19,33
popza01,2025,1,SEA,4,0,16,13.5,10,2,3
popza01,2025,2,NYN,1,0,4,20.25,5,0,0
porceri01,2009,1,DET,31,31,512,3.96,176,52,89
porceri01,2010,1,DET,27,27,488,4.92,188,38,84
porceri01,2011,1,DET,31,31,546,4.75,210,46,104
porceri01,2012,1,DET,31,31,529,4.59,226,44,107
porceri01,2013,1,DET,32,29,531,4.32,185,42,142
porceri01,2014,1,DET,32,31,614,3.43,211,41,129
porceri01,2015,1,BOS,28,28,516,4.92,196,38,149
porceri01,2016,1,BOS,33,33,669,3.15,193,32,189
porceri01,2017,1,BOS,33,33,610,4.65,236,48,181
porceri01,2018,1,BOS,33,33,574,4.28,177,48,190
porceri01,2019,1,BOS,32,32,523,5.52,198,45,143
porceri01,2020,1,NYN,12,12,177,5.64,74,15,54
poredaa01,2009,1,CHA,10,0,33,2.45,9,8,12
poredaa01,2009,2,SDN,4,0,7,3.86,1,5,0
poredaa01,2014,1,TEX,26,0,64,5.91,30,7,21
portelo01,2025,1,SFN,1,0,3,9.0,2,0,0
porzimi01,2002,1,CHA,32,0,129,4.81,40,23,33
porzimi01,2003,1,CHA,3,3,42,6.43,18,1,9
poteeco01,2021,1,MIA,7,7,92,4.99,25,16,32
poteeco01,2022,1,MIA,12,2,84,3.86,23,11,21
poteeco01,2024,1,NYA,5,4,73,2.22,18,8,16
poteeco01,2025,1,BAL,1,0,8,16.88,6,2,1
potelo01,2000,1,LAA,32,1,151,3.4,52,17,44
potelo01,2001,1,LAA,44,1,260,4.15,88,32,66
potelo01,2002,1,LAA,31,0,151,3.22,33,26,32
potelo01,2004,1,CLE,2,0,9,9.0,3,1,5
poulipj01,2025,1,WAS,28,0,74,3.65,23,13,27
poundbr01,2016,1,KCA,13,0,38,9.24,19,3,13
poundbr01,2017,1,LAA,11,0,31,10.45,17,5,12
poundbr01,2018,1,COL,14,0,46,7.63,25,2,17
poundbr01,2019,1,NYN,7,0,22,6.14,9,2,5
povicca01,2024,1,BAL,16,16,239,5.2,80,34,69
povicca01,2025,1,BAL,22,20,337,5.21,125,43,118
povsema01,2017,1,SEA,3,0,11,7.36,9,1,2
powelbr01,2000,1,HOU,9,5,94,5.74,34,13,14
powelbr01,2001,1,HOU,1,1,9,18.0,5,3,3
powelbr01,2002,1,DET,13,9,173,4.84,64,21,30
powelbr01,2003,1,SFN,1,1,14,13.5,8,1,3
powelbr01,2004,1,PHI,17,2,118,5.03,39,16,24
powelja04,2000,1,HOU,29,0,81,5.67,29,19,16
powelja04,2001,1,HOU,35,0,109,3.72,41,19,28
powelja04,2001,2,COL,39,0,116,2.79,34,12,26
powelja04,2002,1,TEX,51,0,149,3.44,50,24,35
powelja04,2003,1,TEX,51,0,176,7.82,75,34,40
powelja04,2004,1,TEX,23,0,72,3.38,24,11,17
powelja04,2005,1,ATL,5,0,10,0.0,1,4,1
powelje01,2000,1,WAS,11,4,78,7.96,35,9,19
poynebo01,2018,1,BOS,20,0,67,3.22,22,3,24
poynebo01,2019,1,BOS,13,1,35,6.94,10,5,11
prattan01,2002,1,ATL,1,0,4,6.75,1,4,1
prattan01,2004,1,CHN,4,0,5,21.6,0,7,1
prattni01,2024,1,KCA,1,0,3,0.0,1,0,1
pressry01,2013,1,MIN,49,0,230,3.87,71,27,49
pressry01,2014,1,MIN,25,0,85,2.86,30,8,14
pressry01,2015,1,MIN,27,0,83,2.93,27,12,22
pressry01,2016,1,MIN,72,0,226,3.7,79,23,67
pressry01,2017,1,MIN,57,0,184,4.7,52,19,61
pressry01,2018,1,MIN,51,0,143,3.4,46,19,69
pressry01,2018,2,HOU,26,0,70,0.77,11,3,32
pressry01,2019,1,HOU,55,0,163,2.32,37,12,72
pressry01,2020,1,HOU,23,0,63,3.43,21,7,29
pressry01,2021,1,HOU,64,0,192,2.25,49,13,81
pressry01,2022,1,HOU,50,0,145,2.98,30,13,65
pressry01,2023,1,HOU,65,0,196,3.58,54,16,74
pressry01,2024,1,HOU,59,0,170,3.49,58,18,58
pressry01,2025,1,CHN,44,0,124,4.35,46,17,28
pricebr01,2014,1,CLE,3,0,8,20.25,8,1,1
priceda01,2008,1,TB,5,1,42,1.93,9,4,12
priceda01,2009,1,TB,23,23,385,4.42,119,54,102
priceda01,2010,1,TB,32,31,626,2.72,170,79,188
priceda01,2011,1,TB,34,34,673,3.49,192,63,218
priceda01,2012,1,TB,31,31,633,2.56,173,59,205
priceda01,2013,1,TB,27,27,560,3.33,178,27,151
priceda01,2014,1,TB,23,23,512,3.11,156,23,189
priceda01,2014,2,DET,11,11,233,3.59,74,15,82
priceda01,2015,1,DET,21,21,438,2.53,133,29,138
priceda01,2015,2,TOR,11,11,223,2.3,57,18,87
priceda01,2016,1,BOS,35,35,690,3.99,227,50,228
priceda01,2017,1,BOS,16,11,224,3.38,65,24,76
priceda01,2018,1,BOS,30,30,528,3.58,151,50,177
priceda01,2019,1,BOS,22,22,322,4.28,109,32,128
priceda01,2021,1,LAN,39,11,221,4.03,79,26,58
priceda01,2022,1,LAN,40,0,121,2.45,38,9,37
priesqu01,2023,1,PIT,10,8,150,7.74,58,27,36
priesqu01,2024,1,PIT,10,6,134,5.04,52,13,31
priesqu01,2024,2,BOS,1,1,15,1.8,4,1,2
priesqu01,2025,1,MIL,29,24,472,3.32,145,50,132
prietar01,2000,1,ATH,8,6,95,5.12,42,13,19
prietar01,2001,1,TB,3,0,11,2.45,6,2,2
prinzbr01,2001,1,ARI,46,0,123,2.63,33,19,27
prinzbr01,2002,1,ARI,20,0,40,9.45,23,10,10
prinzbr01,2003,1,ARI,1,0,3,0.0,1,1,1
prinzbr01,2003,2,NYA,2,0,6,18.0,6,3,2
prinzbr01,2004,1,NYA,26,0,85,5.08,28,14,22
prinzbr01,2005,1,LAA,3,0,9,3.0,4,1,1
prinzbr01,2007,1,CHA,4,0,10,8.1,4,2,1
priorma01,2002,1,CHN,19,19,350,3.32,98,38,147
priorma01,2003,1,CHN,30,30,634,2.43,183,50,245
priorma01,2004,1,CHN,21,21,356,4.02,112,48,139
priorma01,2005,1,CHN,27,27,500,3.67,143,59,188
priorma01,2006,1,CHN,9,9,131,7.21,46,28,38
proctsc01,2004,1,NYA,26,0,75,5.4,29,14,21
proctsc01,2005,1,NYA,29,1,134,6.04,46,17,36
proctsc01,2006,1,NYA,83,0,307,3.52,89,33,89
proctsc01,2007,1,NYA,52,0,163,3.81,53,29,37
proctsc01,2007,2,LAN,31,0,96,3.38,25,15,27
proctsc01,2008,1,LAN,41,0,116,6.05,41,24,46
proctsc01,2010,1,ATL,6,0,17,6.35,4,4,6
proctsc01,2011,1,ATL,31,0,88,6.44,31,19,18
proctsc01,2011,2,NYA,8,0,33,9.0,19,12,11
prokolu01,2000,1,LAN,5,3,63,3.0,19,9,12
prokolu01,2001,1,LAN,29,22,415,4.88,146,40,91
prokolu01,2002,1,TOR,22,12,215,6.78,90,25,41
pruitau01,2017,1,TB,30,8,249,5.31,103,22,66
pruitau01,2018,1,TB,23,0,209,4.65,72,16,42
pruitau01,2019,1,TB,14,2,141,4.4,47,12,39
pruitau01,2021,1,HOU,2,0,8,6.75,3,0,1
pruitau01,2021,2,MIA,4,0,14,1.93,4,0,4
pruitau01,2022,1,ATH,39,1,166,4.23,48,9,38
pruitau01,2023,1,ATH,38,6,145,2.98,44,12,30
pruitau01,2024,1,TEX,4,0,13,12.46,8,3,1
pryorst01,2012,1,SEA,26,0,69,3.91,22,13,27
pryorst01,2013,1,SEA,7,0,22,0.0,3,1,7
pryorst01,2014,1,SEA,1,0,5,0.0,1,2,1
puffebr01,2002,1,HOU,55,0,207,4.43,67,38,48
puffebr01,2003,1,HOU,13,0,63,5.14,24,16,10
puffebr01,2004,1,SDN,14,0,54,5.5,24,11,12
puffebr01,2005,1,SFN,3,0,21,10.29,9,2,1
pujolal01,2022,1,SLN,1,0,3,36.0,3,1,0
pukaj01,2019,1,ATH,10,0,34,3.18,10,5,13
pukaj01,2021,1,ATH,12,0,40,6.08,18,6,16
pukaj01,2022,1,ATH,62,0,199,3.12,53,23,76
pukaj01,2023,1,MIA,58,0,170,3.97,54,13,78
pukaj01,2024,1,MIA,32,4,132,4.3,36,23,45
pukaj01,2024,2,ARI,30,0,82,1.32,15,5,43
pukaj01,2025,1,ARI,8,0,24,3.38,8,2,12
pulidca01,2003,1,MIN,7,1,47,4.02,15,3,6
pulidca01,2004,1,MIN,6,0,34,8.74,16,4,9
pulsibi01,2000,1,NYN,2,2,20,12.15,12,6,7
pulsibi01,2001,1,BOS,23,0,66,5.32,25,14,16
pulsibi01,2001,2,CHA,14,0,24,7.88,11,7,4
pulsibi01,2005,1,SLN,5,0,12,6.75,5,2,1
purceda01,2008,1,TOR,12,12,195,5.54,67,29,58
purceda01,2009,1,TOR,9,9,144,6.19,54,30,39
purceda01,2010,1,TOR,33,0,102,3.71,26,15,32
purceda01,2011,1,TOR,5,0,7,11.57,3,4,3
purceda01,2011,2,ATH,9,0,38,2.13,9,3,7
purceda01,2011,3,DET,19,0,56,7.23,21,20,12
purceda01,2013,1,CHA,24,0,76,2.13,19,17,23
purkema01,2016,1,CHA,12,0,54,5.5,20,12,15
putkolu01,2012,1,DET,12,0,48,3.94,19,8,10
putkolu01,2013,1,DET,30,0,89,3.03,30,9,28
putkolu01,2014,1,DET,2,0,8,27.0,6,2,1
putnaza01,2011,1,CLE,8,0,22,6.14,10,0,9
putnaza01,2012,1,COL,2,0,6,0.0,3,1,0
putnaza01,2013,1,CHN,5,0,10,18.9,9,0,4
putnaza01,2014,1,CHA,49,0,164,1.98,39,20,46
putnaza01,2015,1,CHA,49,0,146,4.07,42,24,64
putnaza01,2016,1,CHA,25,0,82,2.3,25,11,30
putnaza01,2017,1,CHA,7,0,26,1.04,2,1,9
putzjj01,2003,1,SEA,3,0,11,4.91,4,3,3
putzjj01,2004,1,SEA,54,0,189,4.71,66,24,47
putzjj01,2005,1,SEA,64,0,180,3.6,58,23,45
putzjj01,2006,1,SEA,72,0,235,2.3,59,13,104
putzjj01,2007,1,SEA,68,0,215,1.38,37,13,82
putzjj01,2008,1,SEA,47,0,139,3.88,46,28,56
putzjj01,2009,1,NYN,29,0,88,5.22,29,19,19
putzjj01,2010,1,CHA,60,0,162,2.83,41,15,65
putzjj01,2011,1,ARI,60,0,174,2.17,41,12,61
putzjj01,2012,1,ARI,57,0,163,2.82,45,11,65
putzjj01,2013,1,ARI,40,0,103,2.36,26,17,38
putzjj01,2014,1,ARI,18,0,41,6.59,17,6,14
quackke01,2014,1,SDN,56,0,163,2.48,42,18,56
quackke01,2015,1,SDN,57,0,175,4.01,52,20,58
quackke01,2016,1,SDN,60,0,179,3.92,55,22,42
quackke01,2017,1,SDN,20,0,79,7.86,32,16,23
quackke01,2018,1,CIN,10,0,27,11.0,13,6,7
quackke01,2021,1,LAN,1,0,1,27.0,3,0,1
quallch01,2004,1,HOU,25,0,99,3.55,34,8,24
quallch01,2005,1,HOU,77,0,239,3.28,73,23,60
quallch01,2006,1,HOU,81,0,266,3.76,76,28,56
quallch01,2007,1,HOU,79,0,248,3.05,84,25,78
quallch01,2008,1,ARI,77,0,221,2.81,61,18,71
quallch01,2009,1,ARI,51,0,156,3.63,53,7,45
quallch01,2010,1,ARI,43,0,114,8.29,61,15,34
quallch01,2010,2,TB,27,0,63,5.57,24,6,15
quallch01,2011,1,SDN,77,0,223,3.51,73,20,43
quallch01,2012,1,PHI,35,0,94,4.6,39,9,19
quallch01,2012,2,NYA,8,0,22,6.14,10,3,2
quallch01,2012,3,PIT,17,0,41,6.59,14,2,6
quallch01,2013,1,MIA,66,0,186,2.61,57,19,49
quallch01,2014,1,HOU,58,0,154,3.33,54,5,43
quallch01,2015,1,HOU,60,0,148,4.38,46,9,46
quallch01,2016,1,COL,44,0,98,5.23,43,9,22
quallch01,2017,1,COL,19,0,50,5.4,17,5,11
quantca01,2019,1,SDN,23,18,309,5.16,106,28,89
quantca01,2020,1,SDN,10,1,52,2.6,17,6,18
quantca01,2020,2,CLE,8,2,44,1.84,14,2,13
quantca01,2021,1,CLE,40,22,449,2.89,129,47,121
quantca01,2022,1,CLE,32,32,559,3.38,178,47,128
quantca01,2023,1,CLE,19,19,299,5.24,111,35,58
quantca01,2024,1,COL,29,29,445,4.98,156,69,110
quantca01,2025,1,MIA,24,24,329,5.5,122,30,82
quantca01,2025,2,ATL,2,2,24,13.5,14,5,3
quantpa01,2000,1,TOR,68,0,251,4.52,100,25,47
quantpa01,2001,1,TOR,80,0,249,3.04,86,12,58
quantpa01,2002,1,LAN,86,0,230,2.7,80,25,53
quantpa01,2003,1,LAN,89,0,232,1.75,61,15,44
quantpa01,2004,1,NYA,86,0,286,4.72,124,20,37
quantpa01,2005,1,NYA,22,0,96,6.75,48,7,11
quantpa01,2005,2,SDN,22,0,95,3.41,37,2,24
quantpa01,2005,3,MIA,6,0,16,8.44,8,5,1
queveru01,2000,1,CHN,21,15,264,7.47,96,54,65
queveru01,2001,1,MIL,10,10,170,4.61,56,30,60
queveru01,2002,1,MIL,26,25,417,5.76,159,68,93
queveru01,2003,1,MIL,9,8,128,6.75,53,23,19
quezajo01,2020,1,MIA,3,0,9,9.0,4,1,2
quezajo01,2023,1,MIA,1,0,2,40.5,1,5,0
quijajo01,2019,1,MIA,34,0,89,5.76,27,26,44
quijajo01,2020,1,LAA,6,0,11,7.36,6,2,6
quijajo01,2021,1,LAA,26,0,77,4.56,20,15,38
quijajo01,2022,1,LAA,42,0,122,3.98,25,21,52
quijajo01,2023,1,LAA,10,0,27,6.0,8,3,8
quijajo01,2024,1,LAA,22,0,58,3.26,12,17,24
quijajo01,2025,1,LAA,2,0,4,0.0,1,2,3
quinnro01,2018,1,PHI,1,0,5,37.8,6,2,0
quinnro01,2019,1,PHI,2,0,10,8.1,7,3,1
quintjo01,2012,1,CHA,25,22,409,3.76,142,42,81
quintjo01,2013,1,CHA,33,33,600,3.51,188,56,164
quintjo01,2014,1,CHA,32,32,601,3.32,197,52,178
quintjo01,2015,1,CHA,32,32,619,3.36,218,44,177
quintjo01,2016,1,CHA,32,32,624,3.2,192,50,181
quintjo01,2017,1,CHA,18,18,313,4.49,98,40,109
quintjo01,2017,2,CHN,14,14,253,3.74,72,21,98
quintjo01,2018,1,CHN,32,32,523,4.03,162,68,158
quintjo01,2019,1,CHN,32,31,513,4.68,191,46,152
quintjo01,2020,1,CHN,4,1,30,4.5,10,3,12
quintjo01,2021,1,LAA,24,10,160,6.75,66,29,73
quintjo01,2021,2,SFN,5,0,29,4.66,8,6,12
quintjo01,2022,1,PIT,20,20,309,3.5,100,31,89
quintjo01,2022,2,SLN,12,12,188,2.01,54,16,48
quintjo01,2023,1,NYN,13,13,227,3.57,75,24,60
quintjo01,2024,1,NYN,31,31,511,3.75,150,63,135
quintjo01,2025,1,MIL,24,24,395,3.96,120,50,89
raburry01,2013,1,CLE,1,0,3,0.0,0,0,1
raburry01,2015,1,CLE,1,0,2,0.0,1,1,0
radinsc01,2000,1,SLN,1,0,0,,0,1,0
radinsc01,2001,1,CLE,2,0,6,27.0,4,3,3
radkebr01,2000,1,MIN,34,34,680,4.45,261,51,141
radkebr01,2001,1,MIN,33,33,678,3.94,235,26,137
radkebr01,2002,1,MIN,21,21,355,4.72,124,20,62
radkebr01,2003,1,MIN,33,33,637,4.49,242,28,120
radkebr01,2004,1,MIN,34,34,659,3.48,229,26,143
radkebr01,2005,1,MIN,31,31,602,4.04,214,23,117
radkebr01,2006,1,MIN,28,28,487,4.32,197,32,83
raganco01,2022,1,TEX,9,9,120,4.95,43,16,27
raganco01,2023,1,TEX,17,0,73,5.92,20,14,24
raganco01,2023,2,KCA,12,12,215,2.64,50,27,89
raganco01,2024,1,KCA,32,32,559,3.14,146,67,223
raganco01,2025,1,KCA,13,13,185,4.67,53,20,98
raggibr01,2003,1,ARI,10,0,25,6.48,9,6,8
ragsdca01,2025,1,BAL,2,0,15,14.4,10,1,4
raineta01,2018,1,CIN,8,0,21,24.43,13,12,7
raineta01,2019,1,WAS,52,0,145,3.91,32,38,74
raineta01,2020,1,WAS,20,0,61,2.66,8,7,32
raineta01,2021,1,WAS,38,0,95,7.39,29,25,42
raineta01,2022,1,WAS,29,0,90,3.3,26,13,36
raineta01,2023,1,WAS,1,0,3,0.0,1,1,1
raineta01,2024,1,WAS,50,0,153,4.76,47,29,44
raineta01,2025,1,PIT,11,0,23,10.57,7,6,9
raineta01,2025,2,DET,2,0,6,13.5,1,3,2
rainst01,2000,1,CHN,37,0,149,4.35,46,27,54
rakeraa01,2004,1,BAL,3,0,13,4.15,5,1,3
rakeraa01,2005,1,BAL,10,0,41,3.29,11,3,11
rakeraa01,2007,1,SDN,1,0,3,0.0,1,0,0
rakerja01,2000,1,KCA,11,0,65,9.14,33,7,16
raleybr01,2012,1,CHN,5,5,73,8.14,33,11,16
raleybr01,2013,1,CHN,9,0,42,5.14,11,8,14
raleybr01,2020,1,CIN,4,0,12,9.0,5,2,6
raleybr01,2020,2,HOU,17,0,48,3.94,8,4,21
raleybr01,2021,1,HOU,58,0,147,4.78,43,16,65
raleybr01,2022,1,TB,60,0,161,2.68,37,15,61
raleybr01,2023,1,NYN,66,0,164,2.8,44,25,61
raleybr01,2024,1,NYN,8,0,21,0.0,2,3,9
raleybr01,2025,1,NYN,30,0,77,2.45,14,6,25
raleylu01,2023,1,TB,2,0,8,30.38,11,0,1
ramiral03,2015,1,CHA,1,0,3,0.0,1,0,0
ramirca01,2017,1,TOR,12,0,50,2.7,6,3,14
ramirca01,2018,1,TOR,2,0,7,3.86,1,5,3
ramirca01,2018,2,ATH,3,0,18,3.0,2,4,2
ramired01,2007,1,NYA,21,0,63,8.14,24,14,31
ramired01,2008,1,NYA,55,0,166,3.9,44,24,63
ramired01,2009,1,NYA,20,0,66,5.73,25,18,22
ramired01,2010,1,ATH,7,0,33,4.91,9,10,10
ramirel01,2004,1,PHI,7,0,45,4.8,17,5,9
ramirel01,2005,1,CIN,6,4,67,8.46,33,10,9
ramirel01,2006,1,CIN,21,19,312,5.37,123,29,69
ramirel01,2007,1,CIN,4,3,49,7.71,20,8,8
ramirel01,2008,1,TEX,1,0,8,30.38,8,2,1
ramirel02,2012,1,NYN,20,0,64,5.48,24,20,22
ramirem01,2024,1,MIA,15,0,62,6.97,21,8,21
ramirer01,2003,1,TEX,34,0,147,3.86,46,9,28
ramirer01,2004,1,TEX,34,0,107,4.29,34,7,21
ramirer01,2005,1,TEX,16,0,69,3.91,24,3,6
ramirer01,2007,1,ATH,3,0,9,0.0,3,1,0
ramirer01,2007,2,MIA,4,0,10,5.4,4,2,1
ramirer02,2012,1,SEA,16,8,177,3.36,47,12,48
ramirer02,2013,1,SEA,14,13,217,4.98,79,26,57
ramirer02,2014,1,SEA,17,14,226,5.26,82,34,60
ramirer02,2015,1,TB,34,27,490,3.75,145,40,126
ramirer02,2016,1,TB,64,1,272,3.77,90,26,63
ramirer02,2017,1,TB,26,8,208,4.8,66,16,55
ramirer02,2017,2,SEA,11,11,186,3.92,57,15,54
ramirer02,2018,1,SEA,10,10,137,6.5,52,12,33
ramirer02,2019,1,BOS,1,0,9,12.0,4,1,1
ramirer02,2020,1,NYN,6,0,43,0.63,8,4,9
ramirer02,2021,1,DET,17,0,80,5.74,24,5,20
ramirer02,2022,1,WAS,60,2,259,2.92,79,14,61
ramirer02,2023,1,WAS,23,0,81,6.33,36,6,13
ramirer02,2023,2,TB,15,2,100,6.48,46,7,30
ramirer02,2024,1,TB,13,0,62,4.35,12,10,15
ramirer02,2025,1,MIN,9,0,33,2.45,10,2,5
ramirhe01,2000,1,MIL,6,0,27,10.0,11,5,4
ramirho01,2003,1,ATL,29,29,547,4.0,181,72,100
ramirho01,2004,1,ATL,10,9,181,2.39,51,30,31
ramirho01,2005,1,ATL,33,32,607,4.63,214,67,80
ramirho01,2006,1,ATL,14,14,229,4.48,85,31,37
ramirho01,2007,1,SEA,20,20,294,7.16,139,42,40
ramirho01,2008,1,KCA,15,0,73,2.59,21,1,11
ramirho01,2008,2,CHA,17,0,39,7.62,24,8,2
ramirho01,2009,1,KCA,19,1,68,5.96,27,11,13
ramirho01,2011,1,LAA,12,0,27,6.0,16,2,4
ramirjc01,2013,1,PHI,18,0,72,7.5,30,15,16
ramirjc01,2015,1,ARI,12,0,46,4.11,15,4,11
ramirjc01,2015,2,SEA,8,0,25,7.56,10,7,5
ramirjc01,2016,1,CIN,27,0,97,6.4,35,9,28
ramirjc01,2016,2,LAA,43,0,139,2.91,42,13,31
ramirjc01,2017,1,LAA,27,24,442,4.15,149,49,105
ramirjc01,2018,1,LAA,2,2,20,9.45,7,7,4
ramirjc01,2019,1,LAA,5,0,24,4.5,8,1,4
ramirjo02,2014,1,NYA,8,0,30,5.4,11,7,10
ramirjo02,2015,1,NYA,3,0,9,15.0,6,4,2
ramirjo02,2015,2,SEA,5,0,14,11.57,9,6,3
ramirjo02,2016,1,ATL,33,0,98,3.58,26,18,33
ramirjo02,2017,1,ATL,68,0,186,3.19,45,29,56
ramirjo02,2018,1,ATL,7,0,19,17.05,9,8,7
ramirne01,2014,1,CHN,50,0,131,1.44,29,17,53
ramirne01,2015,1,CHN,19,0,42,3.21,12,6,15
ramirne01,2016,1,CHN,8,0,23,4.7,5,8,10
ramirne01,2016,2,MIL,2,0,5,10.8,2,0,3
ramirne01,2016,3,MIN,8,0,44,6.14,15,10,11
ramirne01,2017,1,SFN,9,0,31,8.71,15,4,18
ramirne01,2017,2,NYN,20,0,63,6.43,20,17,26
ramirne01,2018,1,CLE,47,0,125,4.54,36,18,51
ramirne01,2019,1,CLE,16,0,50,5.4,18,9,18
ramirne01,2019,2,TOR,6,1,25,5.4,8,6,6
ramirni01,2019,1,DET,46,0,239,4.07,76,35,74
ramirni01,2020,1,DET,5,0,32,5.91,8,4,11
ramirni01,2021,1,SDN,13,0,61,5.75,23,7,14
ramirni01,2023,1,NYA,32,0,122,2.66,41,9,28
ramirni01,2024,1,LAN,8,0,40,6.08,18,7,5
ramirno01,2015,1,BOS,17,0,39,4.15,13,7,13
ramirno01,2016,1,BOS,14,0,39,6.23,16,8,15
ramirno01,2017,1,BOS,2,0,14,3.86,3,1,4
ramirno01,2017,2,LAA,10,0,25,2.16,3,4,10
ramirno01,2018,1,LAA,69,1,250,4.54,75,30,95
ramirno01,2019,1,LAA,51,7,203,3.99,59,20,79
ramirno01,2020,1,LAA,21,0,63,3.0,15,9,14
ramirno01,2021,1,LAA,2,0,10,5.4,5,1,0
ramirno01,2021,2,ARI,36,0,98,2.76,18,11,29
ramirno01,2022,1,ARI,55,0,150,5.22,45,26,51
ramirra02,2006,1,COL,61,0,203,3.46,58,27,61
ramirra02,2007,1,COL,22,0,52,8.31,21,6,15
ramirra02,2008,1,KCA,71,0,215,2.64,57,31,70
ramirra02,2009,1,BOS,70,0,209,2.84,61,32,52
ramirra02,2010,1,BOS,44,0,127,4.46,39,16,31
ramirra02,2010,2,SFN,25,0,81,0.67,13,11,15
ramirra02,2011,1,SFN,66,0,206,2.62,54,26,66
ramirra02,2012,1,NYN,58,0,191,4.24,58,35,52
ramirra02,2013,1,SFN,6,0,17,11.12,9,5,0
ramirra02,2014,1,BAL,1,0,3,0.0,0,1,2
ramirra03,2008,1,CIN,5,4,81,2.67,17,11,21
ramirra03,2009,1,CIN,11,0,37,3.65,8,4,8
ramirro02,2020,1,SLN,1,0,2,81.0,6,1,1
ramirro02,2021,1,SLN,1,0,1,81.0,1,2,0
ramirsa01,2006,1,WAS,4,0,10,8.1,6,2,1
ramirye01,2018,1,BAL,17,12,196,5.92,64,36,62
ramirye01,2019,1,BAL,4,1,31,6.97,11,9,11
ramirye01,2019,2,PIT,9,0,42,7.71,19,7,16
ramirye01,2021,1,LAN,1,0,6,0.0,0,1,2
ramiryo01,2020,1,SEA,16,0,62,2.61,9,20,26
ramiryo01,2021,1,SEA,25,0,83,3.9,18,12,35
ramiryo01,2022,1,SEA,7,0,25,7.56,7,6,10
ramiryo01,2022,2,CLE,1,0,6,4.5,3,1,1
ramiryo01,2022,3,PIT,22,0,81,3.67,22,13,21
ramiryo01,2023,1,PIT,26,0,103,3.67,34,14,31
ramiryo01,2023,2,CHA,5,0,12,9.0,5,3,4
ramiryo01,2024,1,NYN,5,0,25,7.56,11,4,11
ramiryo01,2024,2,BAL,5,0,18,6.0,3,2,6
ramiryo01,2024,3,LAN,27,0,88,5.52,32,11,27
ramiryo01,2024,4,BOS,1,0,4,13.5,3,0,1
ramiryo01,2025,1,PIT,24,0,100,5.4,33,16,45
ramosaj01,2012,1,MIA,11,0,28,3.86,8,4,13
ramosaj01,2013,1,MIA,68,0,240,3.15,58,43,86
ramosaj01,2014,1,MIA,68,0,192,2.11,36,43,73
ramosaj01,2015,1,MIA,71,0,211,2.3,45,26,87
ramosaj01,2016,1,MIA,67,0,192,2.81,52,35,73
ramosaj01,2017,1,MIA,40,0,119,3.63,30,22,47
ramosaj01,2017,2,NYN,21,0,57,4.74,19,12,25
ramosaj01,2018,1,NYN,28,0,59,6.41,17,15,22
ramosaj01,2020,1,COL,3,0,8,3.38,4,3,1
ramosaj01,2021,1,LAA,4,0,14,0.0,0,2,3
ramosce01,2009,1,SDN,5,2,44,3.07,19,4,10
ramosce01,2010,1,SDN,14,0,25,11.88,18,4,9
ramosce01,2011,1,TB,59,0,131,3.92,36,25,31
ramosce01,2012,1,TB,17,1,90,2.1,19,10,29
ramosce01,2013,1,TB,48,0,202,4.14,66,22,53
ramosce01,2014,1,TB,43,7,248,3.7,73,39,66
ramosce01,2015,1,LAA,65,0,157,2.75,55,15,43
ramosce01,2016,1,TEX,16,4,143,6.04,60,20,27
ramosed02,2016,1,PHI,42,0,120,3.83,36,11,40
ramosed02,2017,1,PHI,59,0,173,4.21,57,28,75
ramosed02,2018,1,PHI,52,0,128,2.32,34,15,42
ramosed02,2019,1,PHI,20,0,45,5.4,19,7,11
ramosma01,2003,1,TEX,3,3,39,6.23,11,13,8
ramsaro01,2000,1,SEA,37,1,151,3.4,43,40,32
ramsela01,2023,1,CHA,21,0,60,5.85,25,9,18
ramsema01,2019,1,LAA,1,0,3,0.0,0,0,1
ranauan01,2014,1,BOS,7,7,118,4.81,39,16,15
ranauan01,2015,1,TEX,4,2,46,7.63,18,8,11
ranauan01,2016,1,TEX,2,0,11,17.18,2,8,2
ranauan01,2016,2,CHA,7,5,83,8.46,34,12,16
randasc01,2003,1,CIN,15,2,83,6.51,34,11,25
randost01,2003,1,ARI,50,0,180,4.05,50,43,50
randost01,2004,1,ARI,45,6,245,5.51,73,76,62
randost01,2007,1,HOU,14,0,40,12.15,21,17,22
rangeal01,2025,1,PHI,5,0,33,2.45,10,6,8
rapadcl01,2007,1,CHN,1,0,1,0.0,0,0,0
rapadcl01,2007,2,DET,4,0,7,11.57,3,2,4
rapadcl01,2008,1,DET,25,0,64,4.22,19,14,15
rapadcl01,2009,1,DET,3,0,10,5.4,4,2,2
rapadcl01,2010,1,TEX,13,0,27,4.0,6,7,5
rapadcl01,2011,1,BAL,32,0,49,6.06,14,7,18
rapadcl01,2012,1,NYA,70,0,115,2.82,29,17,38
rapadcl01,2013,1,CLE,4,0,6,0.0,1,2,0
rapppa01,2000,1,BAL,31,30,522,5.9,203,83,106
rapppa01,2001,1,LAA,31,28,510,4.76,169,71,82
raqueni01,2025,1,SLN,2,0,6,0.0,0,1,1
rashita01,2025,1,ARI,10,0,49,4.41,16,8,22
rasmuco02,2013,1,ATL,3,0,20,8.1,8,3,6
rasmuco02,2013,2,LAA,16,0,45,4.2,16,10,14
rasmuco02,2014,1,LAA,30,6,168,2.57,42,17,57
rasmuco02,2015,1,LAA,16,1,62,5.23,15,11,27
rasmuco02,2016,1,LAA,19,1,74,5.84,25,16,17
rasmudr01,2020,1,MIL,12,0,46,5.87,17,9,21
rasmudr01,2021,1,MIL,15,0,51,4.24,13,12,25
rasmudr01,2021,2,TB,20,10,177,2.44,44,13,48
rasmudr01,2022,1,TB,28,28,438,2.84,121,31,125
rasmudr01,2023,1,TB,8,8,134,2.62,36,11,47
rasmudr01,2024,1,TB,16,4,86,2.83,25,6,35
rasmudr01,2025,1,TB,31,31,450,2.76,116,37,127
rasmuro01,2014,1,TOR,10,0,34,3.18,8,7,13
rasmuro01,2015,1,TOR,1,0,3,0.0,1,0,1
rasmuro01,2015,2,SEA,19,0,43,10.67,25,8,16
rasneda01,2005,1,WAS,5,1,22,3.68,5,2,4
rasneda01,2006,1,NYA,6,3,61,4.43,18,5,11
rasneda01,2007,1,NYA,6,6,74,4.01,29,8,11
rasneda01,2008,1,NYA,24,20,340,5.4,135,39,67
ratlijo01,2000,1,ATH,1,0,3,0.0,0,0,0
rauchjo01,2002,1,CHA,8,6,86,6.59,28,14,19
rauchjo01,2004,1,CHA,2,2,26,6.23,16,4,4
rauchjo01,2004,2,WAS,9,2,70,1.54,14,7,18
rauchjo01,2005,1,WAS,15,1,90,3.6,24,11,23
rauchjo01,2006,1,WAS,85,0,274,3.35,78,36,86
rauchjo01,2007,1,WAS,88,0,262,3.61,75,21,71
rauchjo01,2008,1,WAS,48,0,145,2.98,42,7,44
rauchjo01,2008,2,ARI,26,0,70,6.56,27,9,22
rauchjo01,2009,1,ARI,58,0,163,4.14,57,17,35
rauchjo01,2009,2,MIN,17,0,47,1.72,13,6,14
rauchjo01,2010,1,MIN,59,0,173,3.12,61,14,46
rauchjo01,2011,1,TOR,53,0,156,4.85,56,14,36
rauchjo01,2012,1,NYN,73,0,173,3.59,45,12,42
rauchjo01,2013,1,MIA,15,0,50,7.56,23,7,15
ravinjo01,2015,1,LAN,9,0,28,6.75,13,4,12
ravinjo01,2016,1,LAN,10,0,29,0.93,2,4,13
ravinjo01,2017,1,LAN,14,0,50,6.48,12,9,19
ravinjo01,2018,1,ATL,2,0,9,6.0,2,2,1
raych01,2005,1,BAL,41,0,122,2.66,34,18,43
raych01,2006,1,BAL,61,0,198,2.73,45,27,51
raych01,2007,1,BAL,43,0,128,4.43,35,18,44
raych01,2009,1,BAL,46,0,130,7.27,64,23,39
raych01,2010,1,TEX,35,0,95,3.41,24,16,16
raych01,2010,2,SFN,28,0,72,4.13,24,9,15
raych01,2011,1,SEA,29,0,98,4.68,33,12,22
rayke01,2006,1,ATL,69,0,203,4.52,66,38,50
rayro01,2009,1,TOR,4,4,73,4.44,23,6,13
rayro01,2010,1,TOR,3,0,11,2.45,2,5,3
rayro02,2014,1,DET,9,6,86,8.16,43,11,19
rayro02,2015,1,ARI,23,23,383,3.52,121,49,119
rayro02,2016,1,ARI,32,32,523,4.9,185,71,218
rayro02,2017,1,ARI,28,28,486,2.89,116,71,218
rayro02,2018,1,ARI,24,24,371,3.93,97,70,165
rayro02,2019,1,ARI,33,33,523,4.34,150,84,235
rayro02,2020,1,ARI,7,7,93,7.84,31,31,43
rayro02,2020,2,TOR,5,4,62,4.79,22,14,25
rayro02,2021,1,TOR,32,32,580,2.84,150,52,248
rayro02,2022,1,SEA,32,32,567,3.71,163,62,212
rayro02,2023,1,SEA,1,1,10,8.1,4,5,3
rayro02,2024,1,SFN,7,7,92,4.7,20,15,43
rayro02,2025,1,SFN,32,32,547,3.65,148,73,186
reaco01,2015,1,SDN,6,6,95,4.26,29,11,26
reaco01,2016,1,SDN,19,18,298,4.98,101,44,76
reaco01,2016,2,MIA,1,1,10,0.0,1,0,4
reaco01,2020,1,CHN,9,2,42,5.79,15,2,10
reaco01,2021,1,MIL,1,0,18,7.5,7,0,5
reaco01,2023,1,MIL,26,22,374,4.55,110,38,110
reaco01,2024,1,MIL,32,27,503,4.29,169,43,135
reaco01,2025,1,CHN,32,27,478,3.95,155,44,127
reamebr01,2000,1,SLN,8,7,122,2.88,30,23,31
reamebr01,2001,1,WAS,41,13,285,5.59,101,48,86
reamebr01,2002,1,WAS,42,6,204,5.03,70,38,76
reamebr01,2003,1,WAS,2,0,4,27.0,4,2,1
reamebr01,2005,1,ATH,2,0,17,9.53,10,2,4
reamebr01,2006,1,PIT,6,0,22,9.82,11,5,6
rearich01,2015,1,SDN,5,0,9,12.0,6,2,4
reckean01,2013,1,NYN,1,0,3,18.0,1,1,0
reddijo01,2021,1,ARI,1,0,2,13.5,2,1,0
redditi01,2001,1,HOU,13,9,167,5.5,62,24,55
redditi01,2002,1,HOU,18,14,220,5.4,78,35,63
redditi01,2003,1,HOU,33,32,528,3.68,179,65,116
redditi01,2004,1,HOU,27,17,302,5.72,125,43,56
redditi01,2005,1,SDN,9,6,89,9.1,40,13,17
redditi01,2005,2,NYA,1,1,3,54.0,4,4,2
redditi01,2007,1,WAS,15,15,252,3.64,84,38,47
redditi01,2008,1,WAS,33,33,546,4.95,195,65,120
redditi01,2009,1,NYN,30,17,360,5.1,122,50,76
redmama01,2000,1,MIN,32,24,454,4.76,168,45,117
redmama01,2001,1,MIN,9,9,147,4.22,57,19,29
redmama01,2001,2,DET,2,2,27,6.0,11,4,4
redmama01,2002,1,DET,30,30,609,4.21,211,51,109
redmama01,2003,1,MIA,29,29,572,3.59,172,61,151
redmama01,2004,1,ATH,32,32,573,4.71,218,68,102
redmama01,2005,1,PIT,30,30,535,4.9,188,56,101
redmama01,2006,1,KCA,29,29,501,5.71,202,63,76
redmama01,2007,1,ATL,6,5,65,11.63,38,11,13
redmama01,2007,2,COL,5,3,59,3.2,21,6,14
redmama01,2008,1,COL,10,9,136,7.54,61,16,20
redmoto01,2012,1,CIN,1,1,10,10.8,7,5,2
redmoto01,2013,1,TOR,17,14,231,4.32,70,23,76
redmoto01,2014,1,TOR,42,0,225,3.24,73,27,60
redmoto01,2015,1,TOR,7,1,48,7.31,17,7,13
reedad01,2011,1,CHA,6,0,22,3.68,10,1,12
reedad01,2012,1,CHA,62,0,165,4.75,57,18,54
reedad01,2013,1,CHA,68,0,214,3.79,56,23,72
reedad01,2014,1,ARI,62,0,178,4.25,57,15,69
reedad01,2015,1,ARI,38,0,122,4.2,47,14,34
reedad01,2015,2,NYN,17,0,46,1.17,11,5,17
reedad01,2016,1,NYN,80,0,233,1.97,60,13,91
reedad01,2017,1,NYN,48,0,147,2.57,49,6,48
reedad01,2017,2,BOS,29,0,81,3.33,16,9,28
reedad01,2018,1,MIN,55,0,168,4.5,65,15,44
reedaj01,2019,1,CHA,1,0,3,0.0,0,0,0
reedch01,2015,1,MIA,2,0,12,4.5,6,1,1
reedco01,2016,1,CIN,10,10,143,7.36,67,19,43
reedco01,2017,1,CIN,12,1,53,5.09,11,19,17
reedco01,2018,1,CIN,17,7,129,3.98,45,15,42
reedco01,2019,1,CIN,3,0,19,1.42,6,1,7
reedco01,2020,1,CIN,9,0,28,5.79,10,8,10
reedco01,2020,2,TB,2,0,8,0.0,1,0,2
reedco01,2021,1,TB,12,0,29,3.72,8,6,7
reedev01,2013,1,DET,16,0,70,4.24,28,8,17
reedev01,2014,1,DET,32,0,97,4.18,39,12,26
reedja02,2021,1,LAN,6,1,16,3.38,5,2,5
reedja02,2021,2,NYN,4,0,14,3.86,5,0,5
reedja02,2022,1,NYN,5,0,19,11.37,4,6,6
reedja02,2022,2,LAN,5,0,14,1.93,6,1,2
reedja02,2022,3,BAL,8,0,17,6.35,7,1,5
reedja02,2023,1,LAN,1,0,2,81.0,5,1,1
reedri01,2000,1,NYN,30,30,552,4.11,192,34,121
reedri01,2001,1,NYN,20,20,404,3.48,119,17,99
reedri01,2001,2,MIN,12,12,203,5.19,92,14,43
reedri01,2002,1,MIN,33,32,564,3.78,192,26,121
reedri01,2003,1,MIN,27,21,405,5.07,155,29,71
reedst01,2000,1,CLE,57,0,168,4.34,58,21,39
reedst01,2001,1,CLE,31,0,82,3.62,22,10,21
reedst01,2001,2,ATL,39,0,93,3.48,30,13,25
reedst01,2002,1,SDN,40,0,123,1.98,33,10,36
reedst01,2002,2,NYN,24,0,78,2.08,23,4,14
reedst01,2003,1,COL,67,0,190,3.27,59,26,39
reedst01,2004,1,COL,65,0,198,3.68,72,17,38
reedst01,2005,1,BAL,30,0,98,6.61,41,11,15
regilni01,2004,1,TEX,6,4,58,6.05,20,15,12
regilni01,2005,1,TEX,18,0,53,4.58,22,7,14
regisst01,2008,1,COL,10,0,30,9.0,13,6,8
regisst01,2009,1,PHI,1,0,6,4.5,3,1,1
reichda01,2000,1,KCA,44,18,460,4.7,157,91,94
reichda01,2001,1,KCA,27,19,369,5.63,131,67,77
reichda01,2002,1,KCA,30,6,198,5.32,77,25,36
reichda01,2003,1,TOR,15,0,49,6.06,28,8,13
reidfse01,2018,1,TOR,7,7,100,5.13,31,21,42
reidfse01,2019,1,TOR,9,6,95,4.26,33,21,28
reidfse01,2020,1,TOR,5,0,20,1.35,3,6,6
reidfse01,2021,1,NYN,12,0,62,5.23,22,9,26
reidfse01,2022,1,NYN,7,0,30,5.4,7,7,8
reidfse01,2023,1,NYN,8,0,23,3.52,4,6,16
reidfse01,2024,1,NYN,23,0,65,1.66,13,14,25
reidry01,2013,1,PIT,7,0,33,1.64,9,3,7
reinech01,2008,1,SDN,4,3,54,5.0,14,12,13
reinech01,2009,1,ATH,1,1,15,7.2,7,0,1
reinech01,2011,1,CIN,2,1,20,6.75,5,6,3
reiniza01,2017,1,DET,10,0,29,7.45,16,3,5
reiniza01,2018,1,DET,18,0,64,7.59,28,9,18
reiniza01,2019,1,DET,25,1,84,8.68,44,16,17
reithbr01,2001,1,CIN,9,8,121,7.81,56,16,22
reithbr01,2003,1,CIN,42,1,184,4.11,61,36,39
reithbr01,2004,1,CIN,22,0,78,7.27,30,19,24
reitsch01,2001,1,CIN,36,29,546,5.29,209,49,96
reitsch01,2002,1,CIN,32,21,415,3.64,144,45,84
reitsch01,2003,1,CIN,57,3,252,4.29,92,19,53
reitsch01,2004,1,ATL,84,0,239,4.07,89,20,60
reitsch01,2005,1,ATL,76,0,220,3.93,79,14,42
reitsch01,2006,1,ATL,27,0,84,8.68,46,8,13
reitsch01,2007,1,SEA,26,0,71,7.61,37,9,11
rekarbr01,2000,1,TB,30,27,520,4.41,200,39,95
rekarbr01,2001,1,TB,25,25,422,5.89,167,45,87
rekarbr01,2002,1,KCA,2,2,21,15.43,12,6,2
relafde01,2001,1,NYN,1,0,3,0.0,0,0,1
remlimi01,2000,1,ATL,71,0,218,3.47,55,37,72
remlimi01,2001,1,ATL,74,0,225,2.76,67,23,93
remlimi01,2002,1,ATL,73,0,204,1.99,48,28,69
remlimi01,2003,1,CHN,73,0,207,3.65,54,39,83
remlimi01,2004,1,CHN,48,0,110,3.44,33,16,35
remlimi01,2005,1,CHN,35,0,99,4.91,31,12,30
remlimi01,2005,2,BOS,8,0,20,14.85,15,5,5
remlimi01,2006,1,ATL,36,0,67,4.03,27,9,19
resopch01,2005,1,MIA,15,0,51,8.47,22,9,15
resopch01,2006,1,MIA,22,0,64,3.38,26,16,10
resopch01,2007,1,LAA,4,0,13,4.15,4,1,2
resopch01,2008,1,ATL,16,0,55,5.89,16,10,13
resopch01,2010,1,ATL,1,0,6,22.5,5,3,2
resopch01,2010,2,PIT,22,0,57,1.89,10,10,24
resopch01,2011,1,PIT,76,0,209,4.39,73,30,79
resopch01,2012,1,PIT,61,0,221,3.91,81,24,46
resopch01,2013,1,ATH,18,0,54,6.0,22,10,13
reyesal01,2000,1,BAL,13,0,39,6.92,13,11,10
reyesal01,2000,2,LAN,6,0,20,0.0,2,1,8
reyesal01,2001,1,LAN,19,0,77,3.86,28,13,23
reyesal01,2002,1,PIT,15,0,51,2.65,9,7,21
reyesal01,2003,1,NYA,13,0,51,3.18,13,9,9
reyesal01,2004,1,SLN,12,2,36,0.75,3,2,11
reyesal01,2005,1,SLN,65,0,188,2.15,38,20,67
reyesal01,2007,1,TB,61,0,182,4.9,49,21,70
reyesal01,2008,1,TB,26,0,68,4.37,21,10,19
reyesal02,2016,1,SLN,12,5,138,1.57,33,23,52
reyesal02,2018,1,SLN,1,1,12,0.0,3,2,2
reyesal02,2019,1,SLN,4,0,9,15.0,2,6,1
reyesal02,2020,1,SLN,15,1,59,3.2,14,14,27
reyesal02,2021,1,SLN,69,0,217,3.24,46,52,95
reyesan01,2005,1,SLN,4,1,40,2.7,6,4,12
reyesan01,2006,1,SLN,17,17,256,5.06,84,34,72
reyesan01,2007,1,SLN,22,20,322,6.04,108,43,74
reyesan01,2008,1,SLN,10,0,44,4.91,16,3,10
reyesan01,2008,2,CLE,6,6,103,1.83,31,12,15
reyesan01,2009,1,CLE,8,8,115,6.57,40,23,22
reyesca01,2000,1,PHI,10,0,31,5.23,10,5,4
reyesca01,2000,2,SDN,12,0,54,6.0,15,8,13
reyesca01,2003,1,TB,10,3,119,5.22,40,5,13
reyesde01,2000,1,CIN,62,0,131,4.53,43,29,36
reyesde01,2001,1,CIN,35,6,159,4.92,51,35,52
reyesde01,2002,1,COL,43,0,121,4.24,43,24,30
reyesde01,2002,2,TEX,15,5,127,6.38,55,21,29
reyesde01,2003,1,PIT,12,0,31,10.45,10,9,11
reyesde01,2003,2,ARI,3,0,7,11.57,5,1,5
reyesde01,2004,1,KCA,40,12,324,4.75,114,50,91
reyesde01,2005,1,SDN,36,1,131,5.15,57,32,35
reyesde01,2006,1,MIN,66,0,152,0.89,35,15,49
reyesde01,2007,1,MIN,50,0,88,3.99,34,21,21
reyesde01,2008,1,MIN,75,0,139,2.33,40,15,39
reyesde01,2009,1,SLN,75,0,123,3.29,35,21,33
reyesde01,2010,1,SLN,59,0,114,3.55,34,21,25
reyesde01,2011,1,BOS,4,0,5,16.2,2,2,1
reyesde02,2022,1,BAL,3,1,23,2.35,8,1,3
reyesde02,2023,1,NYN,9,3,59,7.78,25,8,17
reyesfr01,2022,2,CHN,1,0,3,0.0,0,0,1
reyesge01,2019,1,SDN,27,0,78,7.62,24,11,38
reyesge01,2022,1,LAA,2,0,6,4.5,3,3,0
reyesge01,2023,1,LAA,8,0,29,7.45,11,6,10
reyesge01,2024,1,ATH,3,0,12,4.5,4,3,2
reyesje01,2018,1,CIN,5,0,17,3.18,4,2,2
reyesjo01,2018,1,NYN,1,0,3,54.0,5,2,0
reyesjo03,2007,1,ATL,11,10,152,6.22,55,30,27
reyesjo03,2008,1,ATL,23,22,339,5.81,134,52,78
reyesjo03,2009,1,ATL,6,5,81,7.0,27,13,21
reyesjo03,2010,1,ATL,1,0,10,24.3,10,3,2
reyesjo03,2011,1,TOR,20,20,330,5.4,140,35,64
reyesjo03,2011,2,BAL,9,5,92,6.16,36,13,23
reyesjo03,2015,1,LAA,1,0,1,0.0,0,0,0
reyesjo03,2016,1,MIA,1,0,6,9.0,3,1,0
reyespa01,2022,1,MIL,1,0,3,0.0,0,0,0
reyespa01,2023,1,BOS,2,0,6,4.5,3,4,0
reyespa01,2024,1,BOS,1,0,3,0.0,1,1,0
reyespa01,2025,1,NYA,1,0,3,27.0,5,0,0
reynoar02,2000,1,ARI,31,30,512,5.27,179,52,89
reynoar02,2001,1,ARI,9,9,140,5.98,58,13,15
reynoar02,2002,1,ARI,2,0,5,10.8,3,1,2
reynogr01,2008,1,COL,14,13,186,8.13,83,26,22
reynogr01,2011,1,COL,13,3,96,6.19,40,10,18
reynogr01,2013,1,CIN,6,5,88,5.52,38,6,13
reynoma01,2018,1,WAS,1,0,1,0.0,0,0,0
reynoma01,2019,1,COL,1,0,3,18.0,2,1,0
reynoma02,2010,1,COL,21,0,54,2.0,10,5,17
reynoma02,2011,1,COL,73,0,152,4.09,48,18,50
reynoma02,2012,1,COL,71,0,172,4.4,65,17,51
reynoma02,2013,1,ARI,30,0,82,1.98,25,5,23
reynoma02,2015,1,ARI,18,0,41,4.61,14,7,18
reynoma02,2016,1,SFN,8,0,18,7.5,7,5,3
reynoma03,2022,2,CIN,2,0,4,6.75,3,0,0
reynose01,2024,1,SDN,9,0,33,0.82,10,5,21
reynose01,2025,1,SDN,19,1,81,5.33,20,17,25
reynosh01,2000,1,HOU,22,22,393,5.22,150,45,93
reynosh01,2001,1,HOU,28,28,548,4.34,208,36,102
reynosh01,2002,1,HOU,13,13,222,4.86,80,26,47
reynosh01,2003,1,ATL,30,29,502,5.43,191,59,94
reynosh01,2004,1,ARI,1,1,6,4.5,6,2,0
rhameja01,2017,1,NYN,9,0,27,9.0,12,7,7
rhameja01,2018,1,NYN,30,0,97,5.85,38,8,28
rhameja01,2019,1,NYN,5,0,19,4.26,3,9,5
rheinjo01,2006,1,TEX,21,13,212,5.86,104,19,28
rheinjo01,2007,1,TEX,23,7,151,5.36,61,28,40
rhodear01,2000,1,SEA,72,0,208,4.28,51,29,77
rhodear01,2001,1,SEA,71,0,204,1.72,46,12,83
rhodear01,2002,1,SEA,66,0,209,2.33,45,13,81
rhodear01,2003,1,SEA,67,0,162,4.17,53,18,48
rhodear01,2004,1,ATH,37,0,116,5.12,46,21,34
rhodear01,2005,1,CLE,47,0,130,2.08,33,12,43
rhodear01,2006,1,PHI,55,0,137,5.32,47,30,48
rhodear01,2008,1,SEA,36,0,66,2.86,17,13,26
rhodear01,2008,2,MIA,25,0,40,0.68,11,3,14
rhodear01,2009,1,CIN,66,0,160,2.53,37,20,48
rhodear01,2010,1,CIN,69,0,165,2.29,38,18,50
rhodear01,2011,1,TEX,32,0,73,4.81,28,8,15
rhodear01,2011,2,SLN,19,0,26,4.15,6,3,6
ribalor01,2024,1,WAS,4,0,10,13.5,10,2,3
ribalor01,2025,1,WAS,22,0,73,7.03,28,17,25
ricesc01,2013,1,NYN,73,0,153,3.71,42,27,41
ricesc01,2014,1,NYN,32,0,41,5.93,15,12,13
richacl01,2008,1,CHA,13,8,143,6.04,61,13,29
richacl01,2009,1,CHA,26,14,267,4.65,94,37,66
richacl01,2009,2,SDN,12,12,192,4.08,60,34,48
richacl01,2010,1,SDN,33,33,605,3.75,206,78,153
richacl01,2011,1,SDN,18,18,299,3.88,104,38,53
richacl01,2012,1,SDN,33,33,656,3.99,228,42,107
richacl01,2013,1,SDN,12,11,158,7.01,65,21,24
richacl01,2015,1,CHN,23,3,127,3.83,47,7,22
richacl01,2016,1,CHN,25,0,42,6.43,23,7,7
richacl01,2016,2,SDN,11,9,161,2.52,58,24,34
richacl01,2017,1,SDN,32,32,592,4.79,240,59,151
richacl01,2018,1,SDN,27,27,476,5.33,159,60,108
richacl01,2019,1,TOR,10,10,136,5.96,53,18,22
richadu02,2009,1,BOS,3,0,10,0.0,3,1,0
richadu02,2010,1,BOS,26,0,39,4.15,15,14,12
richaga01,2011,1,LAA,7,3,42,5.79,16,7,9
richaga01,2012,1,LAA,30,9,213,4.69,77,34,47
richaga01,2013,1,LAA,47,17,435,4.16,151,44,101
richaga01,2014,1,LAA,26,26,506,2.61,124,51,164
richaga01,2015,1,LAA,32,32,622,3.65,181,76,176
richaga01,2016,1,LAA,6,6,104,2.34,31,15,34
richaga01,2017,1,LAA,6,6,83,2.28,18,7,27
richaga01,2018,1,LAA,16,16,229,3.66,64,34,87
richaga01,2019,1,SDN,3,3,26,8.31,10,6,11
richaga01,2020,1,SDN,14,10,154,4.03,47,17,46
richaga01,2021,1,BOS,40,22,410,4.87,158,60,115
richaga01,2022,1,TEX,32,2,128,5.27,44,13,36
richaly01,2023,1,CIN,4,4,50,8.64,17,15,12
richaly01,2024,1,CIN,1,0,2,27.0,2,1,1
richaly01,2025,1,CIN,34,0,113,4.54,37,21,30
richatr01,2018,1,MIA,25,25,379,4.42,121,54,130
richatr01,2019,1,MIA,23,20,336,4.5,104,51,103
richatr01,2019,2,TB,7,3,70,1.93,23,5,24
richatr01,2020,1,TB,9,4,96,5.91,44,11,27
richatr01,2021,1,TB,6,0,36,4.5,9,3,16
richatr01,2021,2,MIL,15,0,59,3.2,15,9,25
richatr01,2021,3,TOR,32,0,98,3.31,16,10,37
richatr01,2022,1,TOR,62,4,192,5.34,57,35,82
richatr01,2023,1,TOR,56,3,218,4.95,63,35,105
richatr01,2024,1,TOR,45,2,157,4.64,36,24,49
richatr01,2024,2,MIN,10,0,39,4.15,8,11,13
richatr01,2025,1,KCA,3,0,9,12.0,7,2,2
richatr01,2025,2,ARI,2,0,8,3.38,4,0,3
richmsc01,2008,1,TOR,5,5,81,4.0,32,2,20
richmsc01,2009,1,TOR,27,24,416,5.52,147,59,117
richmsc01,2011,1,TOR,1,0,1,0.0,0,0,0
richmsc01,2012,1,TOR,3,0,9,6.0,5,0,2
ridgwje01,2007,1,TB,3,0,1,189.0,7,1,0
ridgwje01,2008,1,ATL,10,0,29,3.72,7,1,8
ridinst01,2021,1,NYA,5,0,15,1.8,4,2,7
riedljo01,2000,1,CIN,13,0,46,2.35,11,8,18
riedljo01,2001,1,CIN,29,0,101,2.41,22,14,23
riedljo01,2002,1,CIN,33,0,140,2.7,39,26,30
riedljo01,2003,1,CIN,55,8,303,4.9,107,47,65
riedljo01,2004,1,CIN,70,0,233,5.1,90,40,46
riedljo01,2005,1,MIA,29,0,83,7.16,34,13,16
riefecj01,2014,1,TB,7,0,16,8.44,6,3,2
riefecj01,2015,1,TB,17,0,44,5.52,15,7,7
rienzan01,2013,1,CHA,10,10,168,4.82,55,28,38
rienzan01,2014,1,CHA,18,11,194,6.82,82,33,51
rienzan01,2015,1,MIA,14,0,59,5.95,17,13,15
rigbybr01,2000,1,KCA,4,0,25,16.2,19,5,3
rigbybr01,2000,2,WAS,6,0,16,5.06,8,3,2
rigdopa01,2000,1,CLE,5,4,53,7.64,21,9,15
rigdopa01,2000,2,MIL,12,12,209,4.52,68,26,48
rigdopa01,2001,1,MIL,15,15,238,5.79,86,46,49
riggaje01,2000,1,NYN,1,0,6,0.0,3,0,1
riggaje01,2001,1,NYN,35,0,143,3.4,42,24,41
riggaje01,2002,1,CLE,29,0,99,7.64,53,18,22
riggaje01,2003,1,CLE,2,0,12,9.0,7,1,2
rijojo01,2001,1,CIN,13,0,51,2.12,19,9,12
rijojo01,2002,1,CIN,31,9,231,5.14,89,20,38
rileyma01,2003,1,BAL,2,2,30,1.8,7,5,8
rileyma01,2004,1,BAL,14,13,192,5.63,60,44,60
rileyma01,2005,1,TEX,7,0,38,9.95,16,10,4
rincoju01,2001,1,MIN,4,0,17,6.35,7,5,4
rincoju01,2002,1,MIN,10,3,86,6.28,44,9,21
rincoju01,2003,1,MIN,58,0,257,3.68,74,38,63
rincoju01,2004,1,MIN,77,0,246,2.63,52,32,106
rincoju01,2005,1,MIN,75,0,231,2.45,63,30,84
rincoju01,2006,1,MIN,75,0,223,2.91,76,24,65
rincoju01,2007,1,MIN,63,0,179,5.13,65,28,49
rincoju01,2008,1,MIN,24,0,84,6.11,33,16,20
rincoju01,2008,2,CLE,23,0,82,5.6,34,8,19
rincoju01,2009,1,DET,7,0,31,5.23,12,6,10
rincoju01,2009,2,COL,26,0,79,7.52,18,20,25
rincoju01,2010,1,COL,2,0,6,4.5,3,2,3
rincori01,2000,1,CLE,35,0,60,2.7,17,13,20
rincori01,2001,1,CLE,67,0,162,2.83,44,21,50
rincori01,2002,1,CLE,46,0,107,4.79,36,8,30
rincori01,2002,2,ATH,25,0,61,3.1,11,3,19
rincori01,2003,1,ATH,64,0,166,3.25,45,32,40
rincori01,2004,1,ATH,67,0,132,3.68,45,22,40
rincori01,2005,1,ATH,67,0,112,4.34,34,20,27
rincori01,2006,1,SLN,5,0,10,10.8,6,4,6
rincori01,2008,1,NYN,8,0,12,4.5,4,1,3
ringro01,2005,1,NYN,15,0,32,5.06,10,10,8
ringro01,2006,1,NYN,11,0,38,2.13,7,3,8
ringro01,2007,1,SDN,15,0,45,3.6,11,14,17
ringro01,2007,2,ATL,11,0,15,0.0,2,3,4
ringro01,2008,1,ATL,42,0,67,8.46,32,10,16
ringro01,2010,1,NYA,5,0,7,15.43,3,2,2
riosya01,2017,1,PHI,13,0,49,4.41,15,9,17
riosya01,2018,1,PHI,36,0,108,6.75,43,15,36
riosya01,2019,1,PHI,4,0,8,13.5,6,3,2
riosya01,2019,2,PIT,10,0,31,5.23,10,5,10
riosya01,2020,1,PIT,3,0,12,9.0,3,2,3
riosya01,2021,1,SEA,3,0,9,9.0,5,2,2
riosya01,2021,2,BOS,20,0,73,3.7,13,14,21
riosya01,2023,1,ATH,3,0,5,37.8,3,6,2
riskeda01,2001,1,CLE,26,0,82,1.98,20,18,29
riskeda01,2002,1,CLE,51,0,154,5.26,49,35,65
riskeda01,2003,1,CLE,68,0,224,2.29,52,20,82
riskeda01,2004,1,CLE,72,0,232,3.72,69,41,78
riskeda01,2005,1,CLE,58,0,218,3.1,55,15,48
riskeda01,2006,1,BOS,8,0,29,3.72,8,3,5
riskeda01,2006,2,CHA,33,0,103,3.93,32,14,23
riskeda01,2007,1,KCA,65,0,209,2.45,61,27,52
riskeda01,2008,1,MIL,45,0,127,5.31,47,25,27
riskeda01,2009,1,MIL,1,0,3,18.0,4,0,0
riskeda01,2010,1,MIL,23,0,70,5.01,25,8,16
ritchto01,2000,1,PIT,31,31,561,4.81,208,51,124
ritchto01,2001,1,PIT,33,33,622,4.47,211,52,124
ritchto01,2002,1,CHA,26,23,401,6.06,176,52,77
ritchto01,2003,1,MIL,5,5,85,5.08,36,10,15
ritchto01,2004,1,TB,4,2,24,9.0,12,6,4
rivasle01,2024,1,SEA,2,0,6,0.0,2,0,0
rivasle01,2025,1,SEA,1,0,3,0.0,3,1,0
riverem01,2024,1,MIA,4,0,12,9.0,7,0,0
riverem01,2025,1,BAL,1,0,3,72.0,8,2,0
riverfe01,2015,1,WAS,49,0,145,2.79,35,11,43
riverfe01,2016,1,WAS,47,0,149,4.53,43,15,53
riverfe01,2016,2,PIT,28,0,82,3.29,23,18,39
riverfe01,2017,1,PIT,73,0,226,1.67,47,20,88
riverfe01,2018,1,PIT,70,0,210,2.7,63,24,89
riverfe01,2019,1,PIT,56,0,180,1.65,43,13,90
riverlu02,2000,1,ATL,5,0,20,1.35,4,5,5
riverlu02,2000,2,BAL,1,0,2,0.0,1,1,0
riverma01,2000,1,NYA,66,0,227,2.85,58,25,58
riverma01,2001,1,NYA,71,0,242,2.34,61,12,83
riverma01,2002,1,NYA,45,0,138,2.74,35,11,41
riverma01,2003,1,NYA,64,0,212,1.66,61,10,63
riverma01,2004,1,NYA,74,0,236,1.94,65,20,66
riverma01,2005,1,NYA,71,0,235,1.38,50,18,80
riverma01,2006,1,NYA,63,0,225,1.8,61,11,55
riverma01,2007,1,NYA,67,0,214,3.15,68,12,74
riverma01,2008,1,NYA,64,0,212,1.4,41,6,77
riverma01,2009,1,NYA,66,0,199,1.76,48,12,72
riverma01,2010,1,NYA,61,0,180,1.8,39,11,45
riverma01,2011,1,NYA,64,0,184,1.91,47,8,60
riverma01,2012,1,NYA,9,0,25,2.16,6,2,8
riverma01,2013,1,NYA,64,0,192,2.11,58,9,54
riversa01,2006,1,WAS,54,0,181,3.43,59,32,41
riversa01,2007,1,WAS,85,0,279,3.68,88,42,64
riversa01,2008,1,WAS,76,0,252,3.96,90,35,65
riversa01,2009,1,WAS,30,0,115,6.1,48,14,21
riversa01,2010,1,ARI,4,0,11,22.09,11,3,1
rizzoan01,2018,1,CHN,1,0,1,0.0,0,0,0
rizzoan01,2021,1,CHN,1,0,2,0.0,0,1,1
rlealse01,2006,1,BAL,42,0,140,4.44,48,23,19
roach01,2025,1,MIA,2,0,9,0.0,1,3,3
roachdo01,2014,1,SDN,16,1,91,4.75,36,15,17
roachdo01,2015,1,CHN,1,1,10,10.8,8,1,1
roachdo01,2016,1,SEA,4,0,16,8.44,7,2,2
roachja01,2003,1,NYN,2,2,27,12.0,14,4,2
roajo01,2002,1,PHI,14,11,214,4.04,78,13,35
roajo01,2003,1,PHI,6,3,58,6.05,28,4,16
roajo01,2003,2,COL,4,0,20,4.05,7,0,4
roajo01,2003,3,SDN,18,1,76,6.75,34,6,18
roajo01,2004,1,MIN,48,0,210,4.5,84,24,47
roarkta01,2013,1,WAS,14,5,161,1.51,38,11,40
roarkta01,2014,1,WAS,31,31,596,2.85,178,39,138
roarkta01,2015,1,WAS,40,12,333,4.38,119,26,70
roarkta01,2016,1,WAS,34,33,630,2.83,173,73,172
roarkta01,2017,1,WAS,32,30,544,4.67,178,64,166
roarkta01,2018,1,WAS,31,30,541,4.34,181,50,146
roarkta01,2019,1,CIN,21,21,331,4.24,119,38,108
roarkta01,2019,2,ATH,10,10,165,4.58,61,13,50
roarkta01,2020,1,TOR,11,11,143,6.8,60,23,41
roarkta01,2021,1,TOR,3,1,21,6.43,7,2,5
robbija01,2004,1,CLE,2,0,5,5.4,3,0,0
roberco01,2007,1,ATH,3,0,6,18.0,6,2,2
roberco01,2008,1,ARI,6,0,21,5.14,8,2,2
roberda08,2008,1,NYA,25,0,91,5.34,29,15,36
roberda08,2009,1,NYA,45,0,131,3.3,36,23,63
roberda08,2010,1,NYA,64,0,184,3.82,59,33,71
roberda08,2011,1,NYA,70,0,200,1.08,40,35,100
roberda08,2012,1,NYA,65,0,182,2.67,52,19,81
roberda08,2013,1,NYA,70,0,199,2.04,51,18,77
roberda08,2014,1,NYA,63,0,193,3.08,45,23,96
roberda08,2015,1,CHA,60,0,190,3.41,46,13,86
roberda08,2016,1,CHA,62,0,187,3.47,53,32,75
roberda08,2017,1,CHA,31,0,100,2.7,21,11,47
roberda08,2017,2,NYA,30,0,105,1.03,14,12,51
roberda08,2018,1,NYA,69,0,209,3.23,46,26,91
roberda08,2019,1,PHI,7,0,20,5.4,8,6,6
roberda08,2021,1,TB,12,1,36,4.5,11,4,16
roberda08,2022,1,CHN,36,0,121,2.23,23,19,51
roberda08,2022,2,PHI,22,0,70,2.7,16,16,30
roberda08,2023,1,NYN,40,0,132,2.05,31,13,48
roberda08,2023,2,MIA,22,0,64,5.06,22,12,30
roberda08,2024,1,TEX,68,0,216,3.0,53,27,99
roberda08,2025,1,PHI,20,0,53,4.08,18,8,22
roberda10,2018,1,TB,1,0,3,0.0,0,0,0
roberda10,2019,1,TB,1,0,3,0.0,1,0,0
roberda10,2021,1,MIL,1,0,3,0.0,1,0,0
roberda11,2024,1,TEX,4,0,17,3.18,6,2,6
roberda11,2025,1,PHI,15,0,39,4.15,11,10,15
roberet01,2022,1,CHN,9,0,23,8.22,10,6,9
roberet01,2024,1,CHN,21,0,80,3.71,31,10,26
roberet01,2025,1,CHN,10,0,27,6.0,10,2,6
robergr01,2000,1,NYN,4,1,21,11.57,11,4,6
robergr01,2001,1,NYN,16,0,78,3.81,24,8,29
robergr01,2002,1,NYN,34,0,135,2.2,43,16,31
robergr01,2003,1,NYN,18,0,57,3.79,19,3,10
robergr01,2004,1,NYN,4,0,14,17.36,9,6,1
roberje02,2002,1,HOU,11,1,29,6.52,13,5,6
roberje02,2003,1,HOU,32,31,482,5.1,180,64,99
roberje02,2004,1,CLE,8,0,42,12.21,22,9,6
roberke02,2015,1,COL,9,0,28,5.79,13,2,5
roberke02,2015,2,PHI,6,0,13,10.38,9,1,1
roberna01,2002,1,MIA,6,1,25,11.88,15,4,3
roberna01,2003,1,DET,8,8,134,5.44,55,23,33
roberna01,2004,1,DET,34,32,590,4.9,210,66,155
roberna01,2005,1,DET,32,32,590,4.48,202,65,122
roberna01,2006,1,DET,32,32,626,3.84,206,67,137
roberna01,2007,1,DET,30,30,533,4.76,199,63,119
roberna01,2008,1,DET,32,28,506,6.35,218,62,108
roberna01,2009,1,DET,28,6,149,5.44,59,28,35
roberna01,2010,1,MIA,19,18,301,5.47,110,40,61
roberna01,2010,2,PHI,2,0,3,54.0,5,2,2
roberni01,2023,1,LAN,9,0,31,6.1,17,4,13
roberni01,2023,2,BOS,9,1,36,6.0,13,5,13
roberni01,2024,1,SLN,8,0,37,4.38,15,2,14
roberni01,2024,2,TOR,1,0,3,0.0,0,0,0
roberty01,2012,1,MIN,40,0,75,5.4,21,14,26
roberty01,2013,1,MIN,2,0,3,9.0,1,0,2
roberwi01,2001,1,BAL,46,18,396,4.91,142,55,95
roberwi01,2002,1,BAL,66,0,225,3.36,79,32,51
roberwi01,2003,1,BAL,26,0,118,5.72,41,16,26
roberwi01,2004,1,PIT,9,0,36,5.25,12,9,7
robincl01,2015,1,WAS,1,0,3,0.0,1,0,1
robinsh01,2015,1,MIN,1,0,3,0.0,0,1,1
robleha01,2015,1,NYN,57,0,162,3.67,37,18,61
robleha01,2016,1,NYN,68,0,233,3.48,69,36,85
robleha01,2017,1,NYN,46,0,170,4.92,47,29,60
robleha01,2018,1,NYN,16,0,59,5.03,21,10,23
robleha01,2018,2,LAA,37,0,109,2.97,32,15,36
robleha01,2019,1,LAA,71,1,218,2.48,58,16,75
robleha01,2020,1,LAA,18,0,50,10.26,19,10,20
robleha01,2021,1,MIN,45,0,132,4.91,37,24,43
robleha01,2021,2,BOS,27,0,75,3.6,21,13,33
robleha01,2022,1,BOS,26,0,74,5.84,25,14,21
roblema01,2013,1,PHI,3,0,14,1.93,7,3,6
rockejo01,2000,1,ATL,59,0,159,2.89,42,48,77
rockejo01,2001,1,ATL,30,0,96,3.09,25,16,36
rockejo01,2001,2,CLE,38,0,104,5.45,33,25,43
rockejo01,2002,1,TEX,30,0,73,6.66,29,13,30
rockejo01,2003,1,TB,2,0,3,9.0,2,3,0
rockeku01,2024,1,TEX,3,3,35,3.86,12,6,14
rockeku01,2025,1,TEX,14,14,193,5.74,71,23,56
rockjo01,2025,1,TB,3,0,23,2.35,7,2,11
rodgebr01,2016,1,HOU,5,1,25,15.12,15,7,3
rodgebr01,2019,1,HOU,3,0,15,16.2,7,3,4
rodnefe01,2002,1,DET,20,0,54,6.0,25,10,10
rodnefe01,2003,1,DET,27,0,89,6.07,35,17,33
rodnefe01,2005,1,DET,39,0,132,2.86,39,17,42
rodnefe01,2006,1,DET,63,0,215,3.52,51,34,65
rodnefe01,2007,1,DET,48,0,152,4.26,46,21,54
rodnefe01,2008,1,DET,38,0,121,4.91,34,30,49
rodnefe01,2009,1,DET,73,0,227,4.4,70,41,61
rodnefe01,2010,1,LAA,72,0,204,4.24,70,35,53
rodnefe01,2011,1,LAA,39,0,96,4.5,26,28,26
rodnefe01,2012,1,TB,76,0,224,0.6,43,15,76
rodnefe01,2013,1,TB,68,0,200,3.38,53,36,82
rodnefe01,2014,1,SEA,69,0,199,2.85,61,28,76
rodnefe01,2015,1,SEA,54,0,152,5.68,51,25,43
rodnefe01,2015,2,CHN,14,0,36,0.75,8,4,15
rodnefe01,2016,1,SDN,28,0,86,0.31,13,12,33
rodnefe01,2016,2,MIA,39,0,110,5.89,41,25,41
rodnefe01,2017,1,ARI,61,0,166,4.23,40,26,65
rodnefe01,2018,1,MIN,46,0,131,3.09,42,19,50
rodnefe01,2018,2,ATH,22,0,62,3.92,20,13,20
rodnefe01,2019,1,ATH,17,0,43,9.42,20,12,14
rodnefe01,2019,2,WAS,38,0,100,4.05,29,16,35
rodonca01,2015,1,CHA,26,23,418,3.75,130,71,139
rodonca01,2016,1,CHA,28,28,495,4.04,176,54,168
rodonca01,2017,1,CHA,12,12,208,4.15,64,31,76
rodonca01,2018,1,CHA,20,20,362,4.18,97,55,90
rodonca01,2019,1,CHA,7,7,104,5.19,33,17,46
rodonca01,2020,1,CHA,4,2,23,8.22,9,3,6
rodonca01,2021,1,CHA,24,24,398,2.37,91,36,185
rodonca01,2022,1,SFN,31,31,534,2.88,131,52,237
rodonca01,2023,1,NYA,14,14,193,6.85,65,28,64
rodonca01,2024,1,NYA,32,32,525,3.96,157,57,195
rodonca01,2025,1,NYA,33,33,586,3.09,132,73,203
rodrian01,2011,1,HOU,43,8,256,5.27,83,32,64
rodrian01,2012,1,HOU,1,1,18,3.0,2,2,6
rodribr01,2025,1,SDN,7,0,23,1.17,4,3,9
rodrica02,2024,1,MIL,3,3,37,7.3,19,3,9
rodrica02,2025,1,MIL,4,0,29,6.52,13,9,11
rodrich01,2021,1,LAA,15,2,89,3.64,28,15,29
rodride01,2018,1,SFN,21,19,355,2.81,98,36,89
rodride01,2019,1,SFN,28,16,297,5.64,108,36,71
rodride01,2020,1,SFN,2,0,12,13.5,10,3,2
rodride01,2022,1,MIN,2,0,23,3.52,7,4,4
rodride01,2023,1,MIN,1,0,2,13.5,1,1,0
rodride01,2023,2,ATL,3,0,14,15.43,8,4,1
rodried03,2004,1,BAL,29,0,130,4.78,36,30,37
rodried03,2006,1,BAL,9,0,45,7.2,17,10,11
rodried05,2015,1,BOS,21,21,365,3.85,120,37,98
rodried05,2016,1,BOS,20,20,321,4.71,99,40,100
rodried05,2017,1,BOS,25,24,412,4.19,126,50,150
rodried05,2018,1,BOS,27,23,389,3.82,119,45,146
rodried05,2019,1,BOS,34,34,610,3.81,195,75,213
rodried05,2021,1,BOS,32,31,473,4.74,172,47,185
rodried05,2022,1,DET,17,17,273,4.05,87,34,72
rodried05,2023,1,DET,26,26,458,3.3,128,48,143
rodried05,2024,1,ARI,10,10,150,5.04,56,19,47
rodried05,2025,1,ARI,29,29,463,5.02,178,60,143
rodriel02,2022,1,DET,7,5,89,10.62,42,15,25
rodriel02,2023,1,TB,1,0,10,0.0,0,0,5
rodriel02,2025,1,MIL,6,2,56,8.68,23,7,17
rodriel02,2025,2,BAL,1,0,3,18.0,3,0,1
rodrife01,2000,1,SFN,76,0,245,2.64,65,42,95
rodrife01,2001,1,SFN,80,0,241,1.68,53,27,91
rodrife01,2002,1,SFN,71,0,207,4.17,53,29,58
rodrife01,2003,1,SFN,68,0,183,3.1,59,29,46
rodrife01,2004,1,SFN,53,0,134,3.43,43,19,31
rodrife01,2004,2,PHI,23,0,63,3.0,18,10,28
rodrife01,2005,1,NYA,34,0,97,5.01,33,20,18
rodrife01,2006,1,WAS,31,0,88,7.67,32,16,15
rodrife02,2009,1,LAA,1,0,2,27.0,1,2,1
rodrife02,2011,1,HOU,47,0,157,3.96,51,30,57
rodrife02,2012,1,HOU,71,0,211,5.37,68,34,78
rodrife02,2014,1,ATH,7,0,27,1.0,4,2,4
rodrife02,2015,1,ATH,56,0,176,3.84,43,24,65
rodrife02,2016,1,ATH,34,0,122,4.2,30,17,37
rodrifr02,2000,1,SEA,23,0,142,6.27,60,22,19
rodrifr02,2001,1,CIN,7,0,26,11.42,16,5,9
rodrifr03,2002,1,LAA,5,0,17,0.0,3,2,13
rodrifr03,2003,1,LAA,59,0,258,3.03,50,35,95
rodrifr03,2004,1,LAA,69,0,252,1.82,51,33,123
rodrifr03,2005,1,LAA,66,0,202,2.67,45,32,91
rodrifr03,2006,1,LAA,69,0,219,1.73,52,28,98
rodrifr03,2007,1,LAA,64,0,202,2.81,50,34,90
rodrifr03,2008,1,LAA,76,0,205,2.24,54,34,77
rodrifr03,2009,1,NYN,70,0,204,3.71,51,38,73
rodrifr03,2010,1,NYN,53,0,172,2.2,45,21,67
rodrifr03,2011,1,NYN,42,0,128,3.16,44,16,46
rodrifr03,2011,2,MIL,31,0,87,1.86,23,10,33
rodrifr03,2012,1,MIL,78,0,216,4.38,65,31,72
rodrifr03,2013,1,MIL,25,0,74,1.09,17,9,26
rodrifr03,2013,2,BAL,23,0,66,4.5,25,5,28
rodrifr03,2014,1,MIL,69,0,204,3.04,49,18,73
rodrifr03,2015,1,MIL,60,0,171,2.21,38,11,62
rodrifr03,2016,1,DET,61,0,175,3.24,45,21,52
rodrifr03,2017,1,DET,28,0,76,7.82,31,11,23
rodrifr04,2010,1,LAA,43,0,142,4.37,46,26,36
rodrifr04,2011,1,LAA,10,0,41,4.61,13,5,7
rodrigr01,2023,1,BAL,23,23,366,4.35,121,42,129
rodrigr01,2024,1,BAL,20,20,350,3.86,109,36,130
rodrihe03,2009,1,ATH,3,0,12,2.25,4,2,4
rodrihe03,2010,1,ATH,29,0,83,4.55,25,13,33
rodrihe03,2011,1,WAS,59,0,197,3.56,54,45,70
rodrihe03,2012,1,WAS,35,0,88,5.83,19,22,31
rodrihe03,2013,1,WAS,17,0,54,4.0,14,16,11
rodrihe03,2013,2,CHN,5,0,12,4.5,6,4,1
rodrihe03,2014,1,MIA,2,0,5,10.8,2,5,1
rodrije01,2018,1,WAS,14,8,156,5.71,43,37,39
rodrije01,2019,1,CLE,10,8,140,4.63,48,21,33
rodrije01,2021,1,WAS,14,1,73,5.92,25,17,20
rodrijo02,2000,1,SLN,6,0,12,0.0,2,3,2
rodrijo02,2002,1,SLN,2,0,1,54.0,4,2,0
rodrijo02,2002,2,MIN,4,0,11,14.73,8,4,1
rodrijo04,2016,1,PHI,12,0,29,2.79,8,4,7
rodrijo04,2017,1,PHI,26,0,81,6.33,37,15,18
rodrijo04,2020,1,TEX,12,0,38,2.13,8,5,17
rodrijo04,2021,1,TEX,31,0,82,5.93,32,12,30
rodrijo04,2021,2,NYA,21,0,57,2.84,21,6,17
rodrijo04,2022,1,NYN,55,0,151,4.47,42,26,57
rodrijo04,2023,1,BOS,11,0,33,6.55,13,6,14
rodrijo04,2024,1,BOS,14,0,41,5.93,19,2,12
rodrijo06,2019,1,LAA,9,1,59,2.75,17,11,13
rodrijo06,2020,1,LAA,1,0,5,0.0,2,1,0
rodrijo06,2023,1,SEA,1,0,9,9.0,3,1,1
rodrima01,2021,1,CHN,20,0,53,6.11,18,12,16
rodrima01,2022,1,CHN,14,0,41,3.29,10,9,8
rodrima01,2024,1,TB,40,0,113,2.15,29,11,34
rodrima01,2025,1,TB,31,0,91,2.08,26,6,25
rodrine01,2002,1,CLE,1,0,1,0.0,0,0,0
rodrine01,2002,2,SLN,2,0,13,4.15,4,1,2
rodrini01,2020,1,HOU,5,0,26,6.23,15,6,8
rodrini01,2021,1,HOU,4,0,22,2.45,4,4,3
rodrira01,2009,1,LAA,18,0,92,5.58,47,9,10
rodrira01,2010,1,LAA,1,0,6,4.5,1,2,1
rodrira01,2010,2,ARI,2,0,8,6.75,4,1,2
rodrira02,2024,1,SFN,35,1,157,4.3,47,18,53
rodrira02,2025,1,SFN,50,0,152,1.78,34,11,67
rodriri02,2000,1,NYN,32,0,111,7.78,59,15,18
rodriri02,2001,1,CLE,53,0,117,4.15,41,17,31
rodriri02,2002,1,TEX,36,0,50,5.4,14,11,12
rodriri02,2003,1,LAA,3,0,11,2.45,4,1,3
rodriri03,2002,1,CLE,7,7,124,5.66,40,18,24
rodriri03,2003,1,CLE,15,15,245,5.73,89,28,41
rodriri03,2004,1,TEX,5,4,80,2.03,28,12,15
rodriri03,2005,1,TEX,12,10,171,5.53,67,17,24
rodriri04,2017,1,TEX,16,0,39,6.23,17,4,11
rodriri04,2018,1,TEX,4,0,20,4.05,11,1,3
rodriri05,2017,1,BAL,5,0,17,14.29,12,3,3
rodriri05,2018,1,PIT,63,0,208,2.47,55,19,88
rodriri05,2019,1,PIT,72,0,196,3.72,65,23,63
rodriri05,2020,1,PIT,24,0,70,2.7,15,5,34
rodriri05,2021,1,PIT,37,0,115,2.82,27,5,33
rodriri05,2021,2,ATL,27,0,78,3.12,23,5,9
rodrise01,2019,1,PHI,2,0,4,0.0,0,0,1
rodrist02,2012,1,LAN,11,0,20,1.35,3,4,6
rodrist02,2013,1,LAN,76,0,163,2.32,30,19,63
rodrist02,2014,1,LAN,19,0,42,3.86,12,4,14
rodrist02,2015,1,LAN,18,0,31,2.61,10,3,8
rodriwa01,2005,1,HOU,25,22,386,5.53,135,53,80
rodriwa01,2006,1,HOU,30,24,407,5.64,154,63,98
rodriwa01,2007,1,HOU,31,31,548,4.58,179,62,158
rodriwa01,2008,1,HOU,25,25,412,3.54,136,44,131
rodriwa01,2009,1,HOU,33,33,617,3.02,192,63,193
rodriwa01,2010,1,HOU,32,32,585,3.6,183,68,178
rodriwa01,2011,1,HOU,30,30,573,3.49,182,69,166
rodriwa01,2012,1,HOU,21,21,392,3.79,134,32,89
rodriwa01,2012,2,PIT,13,12,225,3.72,71,24,50
rodriwa01,2013,1,PIT,12,12,188,3.59,58,12,46
rodriwa01,2014,1,PIT,6,6,80,6.75,37,8,20
rodriwa01,2015,1,TEX,17,15,259,4.9,99,36,72
rodriwi01,2001,1,HOU,2,0,9,15.0,6,1,3
rodriwi02,2014,1,KCA,2,0,6,0.0,1,1,1
rodriya01,2024,1,TOR,21,21,260,4.47,74,40,85
rodriya01,2025,1,TOR,66,1,219,3.08,50,34,66
rodriye01,2022,1,TEX,1,0,3,0.0,1,0,1
rodriye01,2023,1,TEX,13,1,41,7.9,20,6,15
rodriye01,2024,1,TEX,12,0,51,6.88,16,11,12
rodriye01,2024,2,TOR,4,0,14,15.43,10,2,5
roech01,2013,1,ARI,21,0,67,4.03,18,13,24
roech01,2014,1,NYA,3,0,6,9.0,3,3,4
roech01,2015,1,BAL,36,0,124,4.14,44,17,38
roech01,2016,1,BAL,9,0,29,3.72,8,7,11
roech01,2016,2,ATL,21,0,60,3.6,14,7,26
roech01,2017,1,ATL,3,0,6,9.0,3,2,1
roech01,2017,2,TB,9,0,26,1.04,4,3,12
roech01,2018,1,TB,61,0,151,3.58,35,16,53
roech01,2019,1,TB,71,0,153,4.06,49,31,65
roech01,2020,1,TB,10,0,28,2.89,10,3,9
roech01,2021,1,TB,1,0,2,27.0,1,1,2
roenijo01,2008,1,CIN,5,0,9,9.0,6,2,6
roenijo01,2009,1,CIN,11,0,40,2.7,13,4,14
roenijo01,2009,2,TOR,13,0,53,7.13,19,12,19
roenijo01,2010,1,TOR,16,0,57,5.68,18,13,18
roenijo01,2011,1,COL,19,0,50,3.78,14,7,12
roenijo01,2012,1,COL,63,0,266,3.25,85,43,54
roenijo01,2013,1,MIN,63,0,186,4.35,63,36,45
rogerbr01,2006,1,PIT,10,0,26,8.31,11,2,7
rogerbr01,2007,1,PIT,3,0,6,13.5,3,1,1
rogeres01,2009,1,COL,1,1,12,4.5,3,2,3
rogeres01,2010,1,COL,28,8,216,6.13,94,26,66
rogeres01,2011,1,COL,18,13,249,7.05,110,47,63
rogeres01,2012,1,COL,23,0,77,8.06,36,18,29
rogeres01,2012,2,CLE,44,0,159,3.06,47,12,54
rogeres01,2013,1,TOR,44,20,413,4.77,152,44,96
rogeres01,2014,1,TOR,16,0,62,6.97,28,7,21
rogeres01,2014,2,NYA,18,1,75,4.68,22,10,23
rogeres01,2015,1,NYA,18,0,99,6.27,41,14,31
rogerja03,2021,1,DET,1,0,3,18.0,2,1,0
rogerja03,2025,1,DET,4,0,11,2.45,5,0,0
rogerjo01,2018,1,BAL,3,3,35,8.49,17,5,6
rogerjo01,2019,1,BAL,5,0,43,8.79,18,6,5
rogerjo01,2021,1,WAS,6,6,107,3.28,32,14,22
rogerjo01,2022,1,WAS,16,3,79,5.13,24,11,12
rogerjo01,2024,1,COL,6,0,33,6.55,15,3,3
rogerke01,2000,1,TEX,34,34,682,4.55,257,78,127
rogerke01,2001,1,TEX,20,20,362,6.19,150,49,74
rogerke01,2002,1,TEX,33,33,632,3.84,212,70,107
rogerke01,2003,1,MIN,33,31,585,4.57,227,50,116
rogerke01,2004,1,TEX,35,35,635,4.76,248,66,126
rogerke01,2005,1,TEX,30,30,586,3.46,205,53,87
rogerke01,2006,1,DET,34,33,612,3.84,195,62,99
rogerke01,2007,1,DET,11,11,189,4.43,65,25,36
rogerke01,2008,1,DET,30,30,521,5.7,212,71,82
rogerma01,2010,1,MIL,4,2,30,1.8,2,3,11
rogerma01,2012,1,MIL,7,7,117,3.92,36,14,41
rogerta01,2016,1,MIN,57,0,184,3.96,63,16,64
rogerta01,2017,1,MIN,69,0,167,3.07,52,21,49
rogerta01,2018,1,MIN,72,0,205,2.63,49,16,75
rogerta01,2019,1,MIN,60,0,207,2.61,58,11,90
rogerta01,2020,1,MIN,21,0,60,4.05,26,4,24
rogerta01,2021,1,MIN,40,0,121,3.35,38,8,59
rogerta01,2022,1,SDN,42,0,124,4.35,37,9,48
rogerta01,2022,2,MIL,24,0,69,5.48,20,10,36
rogerta01,2023,1,SFN,60,0,155,3.83,39,25,64
rogerta01,2024,1,SFN,64,0,180,2.4,53,22,64
rogerta01,2025,1,CIN,40,0,99,2.45,29,19,34
rogerta01,2025,2,CHN,17,0,53,5.09,18,4,19
rogertr01,2020,1,MIA,7,7,84,6.11,32,13,39
rogertr01,2021,1,MIA,25,25,399,2.64,107,46,157
rogertr01,2022,1,MIA,23,23,321,5.47,116,45,106
rogertr01,2023,1,MIA,4,4,54,4.0,16,6,19
rogertr01,2024,1,MIA,21,21,316,4.53,115,46,85
rogertr01,2024,2,BAL,4,4,57,7.11,25,10,12
rogertr01,2025,1,BAL,18,18,329,1.81,70,29,103
rogerty01,2019,1,SFN,17,0,53,1.02,12,3,16
rogerty01,2020,1,SFN,29,0,84,4.5,31,6,27
rogerty01,2021,1,SFN,80,0,243,2.22,74,13,55
rogerty01,2022,1,SFN,68,0,227,3.57,73,23,49
rogerty01,2023,1,SFN,68,0,222,3.04,66,19,60
rogerty01,2024,1,SFN,77,0,211,2.82,67,6,51
rogerty01,2025,1,SFN,53,0,150,1.8,39,4,38
rogerty01,2025,2,NYN,28,0,82,2.3,27,3,10
rojasjo01,2023,1,ARI,2,0,6,18.0,6,1,1
rojasjo01,2024,1,SEA,2,0,6,9.0,1,2,0
rojasmi02,2023,1,LAN,3,0,9,6.0,3,1,0
rojasmi02,2024,1,LAN,1,0,3,0.0,1,0,0
rojasmi02,2025,1,LAN,4,0,15,12.6,11,2,0
rolisry01,2025,1,COL,31,1,127,7.02,55,20,25
rollida01,2015,1,SEA,20,0,75,7.56,37,8,21
rollida01,2016,1,SEA,11,0,28,7.71,12,7,6
romanjo03,2019,1,TOR,17,0,46,7.63,17,9,21
romanjo03,2020,1,TOR,15,0,44,1.23,8,5,21
romanjo03,2021,1,TOR,62,0,189,2.14,41,25,85
romanjo03,2022,1,TOR,63,0,192,2.11,44,21,73
romanjo03,2023,1,TOR,59,0,177,2.9,48,24,72
romanjo03,2024,1,TOR,15,0,41,6.59,16,4,13
romanjo03,2025,1,PHI,49,0,128,8.23,45,17,47
romansa01,2017,1,CIN,16,16,261,4.45,91,37,73
romansa01,2018,1,CIN,39,25,437,5.31,155,53,105
romansa01,2019,1,CIN,12,0,49,7.71,22,8,16
romansa01,2020,1,CIN,2,0,4,0.0,0,0,0
romansa01,2021,1,CIN,14,0,62,5.23,20,9,12
romansa01,2021,2,MIL,1,0,3,27.0,4,0,0
romansa01,2021,3,NYA,4,0,10,5.4,7,2,5
romdr01,2023,1,SLN,8,8,101,8.02,51,19,32
romerda01,2006,1,TOR,7,0,49,3.86,19,6,10
romeren01,2013,1,TB,1,1,14,0.0,1,4,0
romeren01,2015,1,TB,23,0,90,5.1,39,13,31
romeren01,2016,1,TB,52,0,137,5.91,42,28,50
romeren01,2017,1,WAS,53,0,167,3.56,55,23,65
romeren01,2018,1,WAS,2,0,6,13.5,5,1,2
romeren01,2018,2,PIT,2,0,12,4.5,7,3,5
romeren01,2018,3,KCA,4,0,12,20.25,11,2,3
romerfe01,2018,1,MIN,11,11,167,4.69,60,19,45
romerfe01,2019,1,MIN,15,0,42,7.07,19,11,18
romerjc01,2000,1,MIN,12,11,173,7.02,72,30,50
romerjc01,2001,1,MIN,14,11,195,6.23,71,24,39
romerjc01,2002,1,MIN,81,0,243,1.89,62,36,76
romerjc01,2003,1,MIN,73,0,189,5.0,66,42,50
romerjc01,2004,1,MIN,74,0,223,3.51,61,38,69
romerjc01,2005,1,MIN,68,0,171,3.47,50,39,48
romerjc01,2006,1,LAA,65,0,145,6.7,57,28,31
romerjc01,2007,1,BOS,23,0,60,3.15,24,15,11
romerjc01,2007,2,PHI,51,0,109,1.24,15,25,31
romerjc01,2008,1,PHI,81,0,177,2.75,41,38,52
romerjc01,2009,1,PHI,21,0,50,2.7,13,13,12
romerjc01,2010,1,PHI,60,0,110,3.68,30,29,28
romerjc01,2011,1,PHI,24,0,49,3.86,16,12,10
romerjc01,2011,2,COL,12,0,25,4.32,12,3,9
romerjc01,2012,1,SLN,11,0,24,10.13,14,2,5
romerjc01,2012,2,BAL,5,0,12,6.75,7,1,1
romerjh01,2021,1,WAS,5,0,12,4.5,5,0,3
romerjh01,2022,1,MIN,4,0,15,3.6,9,1,6
romerjo01,2020,1,PHI,12,0,32,7.59,13,2,10
romerjo01,2021,1,PHI,11,0,27,7.0,12,4,8
romerjo01,2022,1,PHI,2,0,6,13.5,4,1,1
romerjo01,2022,2,SLN,15,0,43,3.77,9,9,16
romerjo01,2023,1,SLN,27,0,110,3.68,29,10,42
romerjo01,2024,1,SLN,65,0,177,3.36,52,16,51
romerjo01,2025,1,SLN,65,0,183,2.07,47,29,55
romerri01,2009,1,TOR,29,29,534,4.3,192,79,141
romerri01,2010,1,TOR,32,32,630,3.73,189,82,174
romerri01,2011,1,TOR,32,32,675,2.92,176,80,178
romerri01,2012,1,TOR,32,32,543,5.77,198,105,124
romerri01,2013,1,TOR,4,2,22,11.05,11,8,5
romerse01,2020,1,WAS,3,0,8,13.5,5,3,5
romerto01,2022,1,TB,3,1,14,7.71,3,5,5
romerto01,2022,2,WAS,1,1,11,14.73,8,4,2
rominan01,2014,1,DET,1,0,3,27.0,4,0,1
rominan01,2016,1,DET,1,0,2,0.0,0,2,0
rominan01,2017,1,DET,2,0,3,0.0,1,1,0
rominan01,2018,1,SEA,3,0,9,15.0,5,2,0
rominan01,2021,1,CHN,1,0,3,9.0,2,0,1
rominau01,2019,1,NYA,1,0,3,27.0,4,0,0
romose01,2008,1,SFN,29,0,102,2.12,16,8,33
romose01,2009,1,SFN,45,0,102,3.97,30,11,41
romose01,2010,1,SFN,68,0,186,2.18,46,14,70
romose01,2011,1,SFN,65,0,144,1.5,29,5,70
romose01,2012,1,SFN,69,0,166,1.79,37,10,63
romose01,2013,1,SFN,65,0,181,2.54,53,12,58
romose01,2014,1,SFN,64,0,174,3.72,43,12,59
romose01,2015,1,SFN,70,0,172,2.98,51,10,71
romose01,2016,1,SFN,40,0,92,2.64,26,7,33
romose01,2017,1,LAN,30,0,75,6.12,23,12,31
romose01,2017,2,TB,25,0,92,1.47,19,7,28
romose01,2018,1,TB,73,5,202,4.14,65,20,75
romose01,2019,1,MIA,38,0,113,3.58,33,13,33
romose01,2019,2,MIN,27,0,68,3.18,17,4,27
romose01,2020,1,MIN,24,0,60,4.05,16,7,23
romose01,2021,1,ATH,66,0,185,4.67,56,21,60
romose01,2022,1,SEA,17,0,43,8.16,18,4,11
romose01,2022,2,TOR,6,0,11,4.91,1,2,3
rondoan01,2021,1,SLN,2,0,6,0.0,1,1,1
rondoan01,2022,1,SLN,1,0,15,0.0,1,3,4
rondobr01,2013,1,DET,30,0,86,3.45,28,11,30
rondobr01,2015,1,DET,35,0,93,5.81,31,19,36
rondobr01,2016,1,DET,37,0,109,2.97,23,12,45
rondobr01,2017,1,DET,21,0,47,10.91,21,10,22
rondobr01,2018,1,CHA,35,0,89,8.49,37,27,40
rondohe01,2013,1,CHN,45,0,164,4.77,52,25,44
rondohe01,2014,1,CHN,64,0,190,2.42,52,15,63
rondohe01,2015,1,CHN,72,0,210,1.67,55,15,69
rondohe01,2016,1,CHN,54,0,153,3.53,42,8,58
rondohe01,2017,1,CHN,61,0,172,4.24,50,20,69
rondohe01,2018,1,HOU,63,0,177,3.2,58,20,67
rondohe01,2019,1,HOU,62,1,182,3.71,56,20,48
rondohe01,2020,1,ARI,23,0,60,7.65,25,11,23
rondojo01,2014,1,SLN,1,0,3,0.0,0,1,0
rondojo01,2015,1,COL,2,0,3,90.0,8,3,1
rondojo01,2015,2,BAL,8,0,40,7.43,20,6,8
rondojo01,2016,1,PIT,2,0,11,17.18,9,1,4
rondojo02,2019,1,CHA,1,0,3,0.0,2,0,0
roneyma01,2003,1,DET,45,11,302,5.45,102,48,47
roneyma01,2006,1,ATH,3,0,12,4.5,5,1,0
roonejo01,2025,1,HOU,1,0,4,6.75,1,1,2
roquera01,2000,1,MIL,4,0,16,10.13,7,7,4
rortvbe01,2024,1,TB,1,0,6,4.5,3,2,1
rosaad01,2019,1,NYA,1,0,6,4.5,1,0,2
rosaca01,2008,1,KCA,2,0,10,2.7,3,0,3
rosaca01,2009,1,KCA,7,0,32,3.38,10,3,4
rosaca01,2010,1,ARI,22,0,60,4.5,20,12,9
rosadjo01,2000,1,KCA,5,5,83,5.86,29,9,15
rosalad01,2015,1,TEX,2,0,6,9.0,2,1,1
rosalle01,2008,1,ARI,27,0,90,4.2,32,15,18
rosalle01,2009,1,ARI,33,0,136,4.76,40,12,31
rosalle01,2010,1,ARI,16,0,49,7.16,25,9,12
rosaram01,2025,1,WAS,1,0,3,36.0,5,2,0
rosarfr01,2006,1,TOR,17,1,69,6.65,24,16,21
rosarfr01,2007,1,PHI,23,0,79,5.47,34,13,25
rosarra01,2017,1,MIN,2,0,7,30.86,7,0,2
rosarra01,2018,1,CHN,44,0,140,3.66,47,22,30
rosarra01,2019,1,CHN,13,0,32,5.91,12,5,10
rosarra01,2019,2,KCA,6,0,11,0.0,3,0,3
rosarra01,2020,1,KCA,4,0,10,8.1,7,3,4
rosarro01,2003,1,HOU,2,2,24,1.13,5,3,6
rosarsa02,2010,1,MIA,2,0,3,54.0,9,1,0
rosarsa02,2011,1,MIA,4,0,11,2.45,5,2,2
rosarsa02,2012,1,MIA,4,0,9,18.0,8,0,2
rosarsa02,2013,1,SFN,43,0,125,3.02,38,20,24
rosebr01,2000,1,BOS,15,12,159,6.11,58,21,24
rosebr01,2000,2,COL,12,12,191,5.51,72,30,40
rosebr01,2001,1,NYN,3,0,26,4.15,10,2,4
rosebr01,2001,2,TB,7,3,61,8.85,31,12,11
rosenbj01,2012,1,PHI,22,1,75,6.12,18,14,24
rosenbj01,2013,1,PHI,22,0,59,4.58,20,9,19
rosenbj01,2014,1,PHI,13,0,36,6.75,20,7,9
rosenke01,2022,1,LAA,3,1,32,4.22,9,6,8
rosenke01,2023,1,LAA,7,3,99,3.82,35,14,29
rosenke01,2024,1,LAA,7,1,72,6.0,28,8,17
rosentr01,2012,1,SLN,19,0,68,2.78,14,7,25
rosentr01,2013,1,SLN,74,0,226,2.63,63,20,108
rosentr01,2014,1,SLN,72,0,211,3.2,57,42,87
rosentr01,2015,1,SLN,68,0,206,2.1,62,25,83
rosentr01,2016,1,SLN,45,0,121,4.46,48,29,56
rosentr01,2017,1,SLN,50,0,143,3.4,37,20,76
rosentr01,2019,1,WAS,12,0,19,22.74,8,15,5
rosentr01,2019,2,DET,10,0,27,7.0,3,11,12
rosentr01,2020,1,KCA,14,0,41,3.29,9,7,21
rosentr01,2020,2,SDN,9,0,30,0.0,3,1,17
rosinse01,2014,1,TEX,3,0,12,6.75,6,1,3
rosinse01,2015,1,PHI,1,0,6,22.5,7,1,0
rossco01,2009,1,MIA,1,0,3,0.0,1,0,0
rosscza01,2013,1,CHN,10,0,20,1.35,3,7,7
rosscza01,2014,1,CHN,18,0,40,9.45,14,12,21
rosscza01,2015,1,CHN,33,0,80,4.39,26,13,29
rosscza01,2017,1,CHN,1,0,2,0.0,0,0,0
rosscza01,2017,2,COL,9,0,21,5.14,9,0,10
rosscza01,2018,1,LAN,17,0,34,4.76,9,4,20
rosscza01,2019,1,SEA,19,0,42,3.21,13,14,20
rosscza01,2019,2,TOR,2,0,3,27.0,3,2,2
rosscza01,2019,3,LAN,7,0,9,6.0,6,3,4
rosscza01,2021,1,COL,4,0,9,3.0,3,1,4
rossda01,2015,1,CHN,2,0,6,0.0,0,0,0
rossjo01,2015,1,WAS,16,13,230,3.64,64,21,69
rossjo01,2016,1,WAS,19,19,315,3.43,108,29,93
rossjo01,2017,1,WAS,13,13,221,5.01,88,20,68
rossjo01,2018,1,WAS,3,3,48,5.06,17,4,7
rossjo01,2019,1,WAS,27,9,192,5.48,74,33,57
rossjo01,2021,1,WAS,20,19,324,4.17,98,34,109
rossjo01,2024,1,MIL,25,10,222,3.77,72,29,66
rossjo01,2025,1,PHI,37,1,153,5.12,57,18,39
rossmbu01,2022,1,PHI,1,0,3,18.0,1,1,1
rossora01,2020,1,PHI,7,1,29,6.52,9,8,11
rossora01,2021,1,PHI,7,0,24,5.63,10,3,7
rossro01,2012,1,TEX,58,0,195,2.22,55,23,47
rossro01,2013,1,TEX,65,0,187,3.03,63,19,58
rossro01,2014,1,TEX,27,12,235,6.2,103,30,51
rossro01,2015,1,BOS,54,0,182,3.86,59,20,53
rossro01,2016,1,BOS,54,0,166,3.25,47,23,56
rossro01,2017,1,BOS,8,0,27,7.0,12,5,9
rossty01,2010,1,ATH,26,2,118,5.49,39,20,32
rossty01,2011,1,ATH,9,6,108,2.75,33,13,24
rossty01,2012,1,ATH,18,13,220,6.5,96,37,46
rossty01,2013,1,SDN,35,16,375,3.17,100,44,119
rossty01,2014,1,SDN,31,31,587,2.81,165,72,195
rossty01,2015,1,SDN,33,33,588,3.26,172,84,212
rossty01,2016,1,SDN,1,1,16,11.81,9,1,5
rossty01,2017,1,TEX,12,10,147,7.71,53,37,36
rossty01,2018,1,SDN,22,22,370,4.45,112,52,107
rossty01,2018,2,SLN,9,1,79,2.73,20,10,15
rossty01,2019,1,DET,7,7,106,6.11,41,18,25
rothmi01,2013,1,LAA,15,1,60,7.2,24,6,17
rothmi01,2014,1,LAA,7,0,37,8.76,16,9,9
rothmi01,2016,1,TEX,1,0,11,14.73,10,1,3
rouppla01,2024,1,SFN,23,4,151,3.58,43,26,47
rouppla01,2025,1,SFN,22,22,320,3.8,113,45,102
rowenbe01,2014,1,TEX,8,0,26,4.15,10,4,7
rowenbe01,2016,1,MIL,4,0,9,15.0,10,0,2
rowenbe01,2021,1,LAA,8,0,34,5.56,12,2,8
rowlary01,2007,1,SEA,26,0,116,3.96,39,15,42
rowlary01,2008,1,SEA,47,12,355,3.42,114,48,77
rowlary01,2009,1,SEA,15,15,289,3.74,87,27,52
rowlary01,2010,1,SEA,27,20,328,6.75,141,44,49
rowlary01,2014,1,ARI,6,0,22,4.91,7,4,9
rowlech01,2017,1,TOR,6,3,56,6.75,24,10,11
rowlech01,2018,1,TOR,2,0,2,40.5,2,1,0
roycrch01,2024,1,SLN,27,0,103,4.19,31,17,33
roycrch01,2025,1,SLN,20,0,62,7.84,26,12,15
ruary01,2018,1,TEX,1,0,3,0.0,0,0,1
rucindr01,2014,1,LAA,3,0,22,4.91,9,2,8
rucindr01,2015,1,LAA,4,1,21,7.71,10,6,4
rucindr01,2017,1,MIN,2,0,13,10.38,10,2,5
rucindr01,2018,1,MIA,32,0,106,4.33,34,13,27
rucindr01,2023,1,ATH,4,4,54,9.0,27,14,6
ruckemi01,2021,1,CHN,20,0,85,6.99,32,11,30
ruckemi01,2022,1,CHN,41,0,164,3.95,50,20,50
ruckemi01,2023,1,CHN,35,0,121,4.91,39,19,40
rueteki01,2000,1,SFN,32,31,552,3.96,205,62,71
rueteki01,2001,1,SFN,34,34,586,4.42,213,66,83
rueteki01,2002,1,SFN,33,33,611,3.23,204,54,76
rueteki01,2003,1,SFN,27,27,441,4.53,170,47,41
rueteki01,2004,1,SFN,33,33,571,4.73,225,66,56
rueteki01,2005,1,SFN,20,18,322,5.95,131,47,25
rufda01,2021,1,SFN,1,0,3,18.0,3,0,0
rufda01,2022,2,NYN,1,0,6,0.0,1,0,0
ruffich01,2011,1,DET,2,0,11,4.91,5,0,3
ruffich01,2011,2,SEA,13,0,42,3.86,13,9,15
ruffich01,2013,1,SEA,9,0,29,8.38,14,5,15
ruffijo01,2000,1,ARI,5,0,27,9.0,14,3,5
ruffijo01,2001,1,MIA,3,0,11,4.91,5,4,4
ruizca01,2017,1,SEA,1,0,3,9.0,2,2,1
ruizjo01,2017,1,SDN,1,0,3,0.0,0,1,1
ruizjo01,2018,1,CHA,6,0,13,4.15,5,3,6
ruizjo01,2019,1,CHA,40,1,120,5.63,56,24,35
ruizjo01,2020,1,CHA,5,0,12,2.25,2,0,5
ruizjo01,2021,1,CHA,59,0,195,3.05,51,25,63
ruizjo01,2022,1,CHA,63,0,182,4.6,53,33,68
ruizjo01,2023,1,CHA,4,0,11,22.09,8,4,3
ruizjo01,2023,2,ARI,34,1,122,4.43,44,17,36
ruizjo01,2024,1,PHI,52,0,153,3.71,51,17,52
ruizjo01,2025,1,PHI,16,0,43,8.16,21,6,12
ruizjo01,2025,2,ATL,2,0,6,13.5,2,3,3
ruizno01,2022,1,ATH,14,0,57,7.11,30,7,18
rumbeni01,2015,1,NYA,17,0,47,4.02,16,5,15
rumbeni01,2018,1,SEA,13,0,53,6.11,19,6,16
rumbeni01,2019,1,SEA,3,0,4,27.0,3,1,2
rundlri01,2008,1,CLE,8,0,15,1.8,5,3,6
rundlri01,2009,1,CLE,1,0,3,0.0,1,1,1
runyase01,2000,1,DET,3,0,9,6.0,2,2,1
runzlda01,2009,1,SFN,11,0,26,1.04,6,5,11
runzlda01,2010,1,SFN,41,0,98,3.03,29,20,37
runzlda01,2011,1,SFN,31,1,82,6.26,29,16,25
runzlda01,2012,1,SFN,6,0,11,0.0,1,3,5
runzlda01,2017,1,PIT,8,0,12,4.5,7,2,4
rupejo01,2005,1,TEX,4,1,29,2.79,7,4,6
rupejo01,2006,1,TEX,16,0,87,3.41,33,9,14
rupejo01,2008,1,TEX,46,0,268,5.14,93,46,53
rupejo01,2009,1,TEX,4,0,14,15.43,12,5,2
rupejo01,2010,1,KCA,11,0,29,5.59,14,7,8
rupejo01,2011,1,BAL,9,0,43,5.65,16,6,7
rupery01,2000,1,TB,18,18,273,6.92,121,31,61
rupery01,2001,1,TB,28,26,430,6.59,161,48,123
rupery01,2002,1,TB,15,15,270,5.6,83,25,67
rupery01,2003,1,BOS,4,1,30,6.3,13,1,7
ruschgl01,2000,1,NYN,31,30,572,4.01,196,44,157
ruschgl01,2001,1,NYN,33,33,537,4.63,216,43,156
ruschgl01,2002,1,MIL,34,34,632,4.7,227,76,140
ruschgl01,2003,1,MIL,32,19,370,6.42,171,45,93
ruschgl01,2004,1,CHN,32,16,389,3.47,127,33,90
ruschgl01,2005,1,CHN,46,19,436,4.52,175,53,111
ruschgl01,2006,1,CHN,25,9,199,7.46,86,33,59
ruschgl01,2008,1,SDN,12,0,59,6.41,22,11,12
ruschgl01,2008,2,COL,23,9,192,4.78,72,14,43
ruschgl01,2009,1,COL,11,0,56,6.75,35,3,13
rusinch01,2012,1,CHN,7,7,89,6.37,38,11,21
rusinch01,2013,1,CHN,13,13,199,3.93,66,24,36
rusinch01,2014,1,CHN,4,0,38,7.11,16,5,8
rusinch01,2015,1,COL,24,22,395,5.33,170,41,86
rusinch01,2016,1,COL,29,7,253,3.74,82,23,69
rusinch01,2017,1,COL,60,0,255,2.65,75,19,71
rusinch01,2018,1,COL,49,0,164,6.09,56,26,47
rusinch01,2019,1,COL,2,0,3,36.0,5,1,0
rusinch01,2020,1,ATL,1,0,10,8.1,6,3,3
russead01,2008,1,CHA,22,0,78,5.19,30,10,22
russead01,2009,1,SDN,15,0,37,3.65,13,11,14
russead01,2010,1,SDN,12,0,47,4.02,14,5,18
russead01,2011,1,TB,36,0,98,3.03,31,20,13
russeja02,2010,1,CHN,57,0,147,4.96,55,11,42
russeja02,2011,1,CHN,64,5,203,4.12,76,14,43
russeja02,2012,1,CHN,77,0,208,3.25,67,23,55
russeja02,2013,1,CHN,74,0,158,3.59,46,18,37
russeja02,2014,1,CHN,44,0,100,3.51,24,16,26
russeja02,2014,2,ATL,22,1,73,2.22,21,4,16
russeja02,2015,1,CHN,49,0,102,5.29,42,9,20
russeja02,2016,1,PHI,7,0,13,18.69,9,5,4
rutleja01,2023,1,WAS,4,4,60,6.75,24,6,12
rutleja01,2024,1,WAS,3,1,25,3.24,8,2,9
rutleja01,2025,1,WAS,63,0,220,5.77,87,24,65
ryanbj01,2000,1,BAL,42,0,128,5.91,36,31,41
ryanbj01,2001,1,BAL,61,0,159,4.25,47,30,54
ryanbj01,2002,1,BAL,67,0,173,4.68,51,33,56
ryanbj01,2003,1,BAL,76,0,151,3.4,42,27,63
ryanbj01,2004,1,BAL,76,0,261,2.28,64,35,122
ryanbj01,2005,1,BAL,69,0,211,2.43,54,26,100
ryanbj01,2006,1,TOR,65,0,217,1.37,42,20,86
ryanbj01,2007,1,TOR,5,0,13,12.46,7,4,3
ryanbj01,2008,1,TOR,60,0,174,2.95,46,28,58
ryanbj01,2009,1,TOR,25,0,62,6.53,22,17,13
ryanbr01,2015,1,NYA,1,0,6,0.0,2,0,0
ryanja04,2000,1,MIN,16,1,78,7.62,37,10,19
ryanjo04,2021,1,MIN,5,5,80,4.05,16,5,30
ryanjo04,2022,1,MIN,27,27,441,3.55,115,47,151
ryanjo04,2023,1,MIN,29,29,485,4.51,155,34,197
ryanjo04,2024,1,MIN,23,23,405,3.6,110,23,147
ryanjo04,2025,1,MIN,31,30,513,3.42,138,39,194
ryanky01,2014,1,DET,6,1,31,2.61,10,2,4
ryanky01,2015,1,DET,16,6,169,4.47,60,20,30
ryanky01,2016,1,DET,56,0,167,3.07,48,15,35
ryanky01,2017,1,DET,8,0,17,7.94,9,7,1
ryanky01,2019,1,CHN,73,0,183,3.54,55,29,58
ryanky01,2020,1,CHN,18,0,47,5.17,16,6,11
ryanky01,2021,1,CHN,13,0,40,6.75,17,6,8
ryanri01,2024,1,LAN,4,4,61,1.33,15,9,18
ryanry01,2023,1,SEA,1,0,3,0.0,0,1,2
ryanry01,2024,1,PIT,15,0,62,5.66,21,9,17
ryuhy01,2013,1,LAN,30,30,576,3.0,182,49,154
ryuhy01,2014,1,LAN,26,26,456,3.38,152,29,139
ryuhy01,2016,1,LAN,1,1,14,11.57,8,2,4
ryuhy01,2017,1,LAN,25,24,380,3.77,128,45,116
ryuhy01,2018,1,LAN,15,15,247,1.97,68,15,89
ryuhy01,2019,1,LAN,29,29,548,2.32,160,24,163
ryuhy01,2020,1,TOR,12,12,201,2.69,60,17,72
ryuhy01,2021,1,TOR,31,31,507,4.37,170,37,143
ryuhy01,2022,1,TOR,6,6,81,5.67,32,4,16
ryuhy01,2023,1,TOR,11,11,156,3.46,53,14,38
ryuja01,2006,1,CHN,10,1,45,8.4,23,6,17
ryuja01,2007,1,TB,17,0,70,7.33,31,11,14
ryuja01,2008,1,TB,1,0,4,0.0,0,1,1
rzepcma01,2009,1,TOR,11,11,184,3.67,51,30,60
rzepcma01,2010,1,TOR,14,12,191,4.95,72,30,57
rzepcma01,2011,1,TOR,43,0,118,2.97,28,15,33
rzepcma01,2011,2,SLN,28,0,68,3.97,22,11,28
rzepcma01,2012,1,SLN,70,0,140,4.24,46,17,33
rzepcma01,2013,1,SLN,11,0,31,7.84,16,4,9
rzepcma01,2013,2,CLE,27,0,61,0.89,11,6,20
rzepcma01,2014,1,CLE,73,0,138,2.74,42,19,46
rzepcma01,2015,1,CLE,45,0,61,4.43,23,10,24
rzepcma01,2015,2,SDN,27,0,44,7.36,17,4,17
rzepcma01,2016,1,ATH,56,0,108,3.0,38,24,37
rzepcma01,2016,2,WAS,14,0,35,1.54,8,5,9
rzepcma01,2017,1,SEA,64,0,94,4.02,29,20,25
rzepcma01,2018,1,SEA,18,0,23,9.39,13,9,10
rzepcma01,2018,2,CLE,5,0,8,0.0,3,1,1
saalfan01,2023,1,ARI,10,0,31,0.0,7,4,6
saalfan01,2024,1,ARI,2,0,3,36.0,2,4,0
saalfan01,2025,1,ARI,28,0,87,1.24,19,10,19
saarlki01,2002,1,HOU,17,17,256,6.01,100,27,54
saarlki01,2003,1,HOU,36,4,148,4.93,55,17,43
saarlki01,2004,1,ATH,6,5,73,4.44,27,12,10
saarlki01,2005,1,ATH,29,27,479,4.17,170,54,53
saarlki01,2006,1,ATH,35,16,364,4.75,149,53,52
saarlki01,2007,1,CIN,34,3,128,7.17,54,19,27
saarlki01,2008,1,ATH,8,1,79,5.47,37,4,12
sabatcc01,2001,1,CLE,33,33,541,4.39,149,95,171
sabatcc01,2002,1,CLE,33,33,630,4.37,198,88,149
sabatcc01,2003,1,CLE,30,30,593,3.6,190,66,141
sabatcc01,2004,1,CLE,30,30,564,4.12,176,72,139
sabatcc01,2005,1,CLE,31,31,590,4.03,185,62,161
sabatcc01,2006,1,CLE,28,28,578,3.22,182,44,172
sabatcc01,2007,1,CLE,34,34,723,3.21,238,37,209
sabatcc01,2008,1,CLE,18,18,367,3.83,117,34,123
sabatcc01,2008,2,MIL,17,17,392,1.65,106,25,128
sabatcc01,2009,1,NYA,34,34,690,3.37,197,67,197
sabatcc01,2010,1,NYA,34,34,713,3.18,209,74,197
sabatcc01,2011,1,NYA,33,33,712,3.0,230,61,230
sabatcc01,2012,1,NYA,28,28,600,3.38,184,44,197
sabatcc01,2013,1,NYA,32,32,633,4.78,224,65,175
sabatcc01,2014,1,NYA,8,8,138,5.28,58,10,48
sabatcc01,2015,1,NYA,29,29,502,4.73,188,50,137
sabatcc01,2016,1,NYA,30,30,539,3.91,172,65,152
sabatcc01,2017,1,NYA,27,27,446,3.69,139,50,120
sabatcc01,2018,1,NYA,29,29,459,3.65,150,51,140
sabatcc01,2019,1,NYA,23,22,322,4.95,112,39,107
sabeler01,2001,1,ARI,42,0,154,4.38,57,12,25
sabeler01,2002,1,DET,1,0,0,,2,0,0
saberbr01,2001,1,BOS,3,3,45,6.0,19,0,10
sabroer01,2024,1,CLE,8,0,38,0.0,6,4,19
sabroer01,2025,1,CLE,33,0,88,1.84,14,21,42
sadlebi01,2006,1,SFN,5,0,12,6.75,5,2,6
sadlebi01,2008,1,SFN,33,0,133,4.06,34,27,42
sadlebi01,2009,1,HOU,1,0,4,13.5,2,1,2
sadleca01,2002,1,CLE,24,0,61,4.43,15,11,23
sadleca01,2003,1,CLE,18,0,29,1.86,11,5,10
sadleca02,2014,1,PIT,6,0,31,7.84,12,5,7
sadleca02,2015,1,PIT,1,1,15,3.6,4,1,5
sadleca02,2018,1,PIT,2,0,13,8.31,9,3,3
sadleca02,2019,1,TB,9,0,58,1.86,16,5,11
sadleca02,2019,2,LAN,24,1,81,2.33,25,8,20
sadleca02,2020,1,CHN,10,0,28,5.79,8,8,9
sadleca02,2020,2,SEA,7,0,30,4.5,7,4,12
sadleca02,2021,1,SEA,42,0,121,0.67,19,10,37
sadowry01,2009,1,SFN,6,6,85,4.45,28,17,17
sadzeco01,2018,1,TEX,13,2,28,0.96,6,11,7
sadzeco01,2019,1,SEA,20,0,71,2.66,18,15,27
sadzeco01,2022,1,MIL,2,0,9,9.0,4,1,2
saenzch01,2004,1,MIL,1,1,18,0.0,2,3,7
saitota01,2006,1,LAN,72,0,235,2.07,48,23,107
saitota01,2007,1,LAN,63,0,193,1.4,33,13,78
saitota01,2008,1,LAN,45,0,141,2.49,40,16,60
saitota01,2009,1,BOS,56,0,167,2.43,50,25,52
saitota01,2010,1,ATL,56,0,162,2.83,41,17,69
saitota01,2011,1,MIL,30,0,80,2.03,21,9,23
saitota01,2012,1,ARI,16,0,36,6.75,17,5,11
salasfe01,2010,1,SLN,27,0,92,3.52,28,15,29
salasfe01,2011,1,SLN,68,0,225,2.28,50,21,75
salasfe01,2012,1,SLN,65,0,176,4.3,56,27,60
salasfe01,2013,1,SLN,27,0,84,4.5,27,6,22
salasfe01,2014,1,LAA,57,0,176,3.38,50,14,61
salasfe01,2015,1,LAA,72,0,191,4.24,61,12,74
salasfe01,2016,1,LAA,58,0,169,4.47,52,19,45
salasfe01,2016,2,NYN,17,0,52,2.08,11,0,19
salasfe01,2017,1,NYN,48,0,135,6.0,60,20,47
salasfe01,2017,2,LAA,13,0,41,2.63,7,2,9
salasfe01,2018,1,ARI,41,0,120,4.5,40,13,30
salasfe01,2019,1,PHI,3,0,8,6.75,8,0,3
salasju01,2006,1,TB,8,0,30,5.4,13,3,8
salasju01,2007,1,TB,34,0,109,3.72,36,17,26
salasju01,2008,1,TB,5,0,19,7.11,5,4,8
salasma02,2008,1,PIT,13,0,51,8.47,25,14,9
salazce01,2025,1,HOU,1,0,3,0.0,0,0,0
salazda01,2013,1,CLE,10,10,156,3.12,44,15,65
salazda01,2014,1,CLE,20,20,330,4.25,117,35,120
salazda01,2015,1,CLE,30,30,555,3.45,156,53,195
salazda01,2016,1,CLE,25,25,412,3.87,121,63,161
salazda01,2017,1,CLE,23,19,309,4.28,94,44,145
salazda01,2019,1,CLE,1,1,12,4.5,4,3,2
salazed01,2023,1,CIN,8,0,37,8.03,16,5,5
salazed01,2024,1,LAN,1,0,6,0.0,3,2,3
salazed01,2024,2,WAS,25,0,82,2.96,31,12,24
salazed01,2025,1,WAS,30,0,87,8.38,47,16,23
salech01,2010,1,CHA,21,0,70,1.93,15,10,32
salech01,2011,1,CHA,58,0,213,2.79,52,27,79
salech01,2012,1,CHA,30,29,576,3.05,167,51,192
salech01,2013,1,CHA,30,30,643,3.07,184,46,226
salech01,2014,1,CHA,26,26,522,2.17,129,39,208
salech01,2015,1,CHA,31,31,626,3.41,185,42,274
salech01,2016,1,CHA,32,32,680,3.34,190,45,233
salech01,2017,1,BOS,32,32,643,2.9,165,43,308
salech01,2018,1,BOS,27,27,474,2.11,102,34,237
salech01,2019,1,BOS,25,25,442,4.4,123,37,218
salech01,2021,1,BOS,9,9,128,3.16,45,12,52
salech01,2022,1,BOS,2,2,17,3.18,5,1,5
salech01,2023,1,BOS,20,20,308,4.3,87,29,125
salech01,2024,1,ATL,29,29,533,2.38,141,39,225
salech01,2025,1,ATL,21,20,377,2.58,102,32,165
salmobr01,2007,1,CIN,26,0,72,4.13,22,10,22
samarje01,2008,1,CHN,26,0,83,2.28,24,15,25
samarje01,2009,1,CHN,20,2,104,7.53,46,15,21
samarje01,2010,1,CHN,7,3,58,8.38,21,20,9
samarje01,2011,1,CHN,75,0,264,2.97,64,50,87
samarje01,2012,1,CHN,28,28,524,3.81,157,56,180
samarje01,2013,1,CHN,33,33,641,4.34,210,78,214
samarje01,2014,1,CHN,17,17,324,2.83,99,31,103
samarje01,2014,2,ATH,16,16,335,3.14,92,12,99
samarje01,2015,1,CHA,32,32,642,4.96,228,49,163
samarje01,2016,1,SFN,32,32,610,3.81,190,54,167
samarje01,2017,1,SFN,32,32,623,4.42,204,32,205
samarje01,2018,1,SFN,10,10,134,6.25,47,26,30
samarje01,2019,1,SFN,32,32,544,3.52,152,49,140
samarje01,2020,1,SFN,4,4,50,9.72,21,4,6
sammobr01,2024,1,DET,6,0,82,3.62,16,9,18
sampsad01,2016,1,SEA,1,1,14,7.71,8,1,2
sampsad01,2018,1,TEX,5,4,69,4.3,24,4,15
sampsad01,2019,1,TEX,35,15,376,5.89,156,36,101
sampsad01,2021,1,CHN,10,5,106,2.8,30,8,28
sampsad01,2022,1,CHN,21,19,313,3.11,101,27,73
sampsch01,2006,1,HOU,12,3,102,2.12,25,5,15
sampsch01,2007,1,HOU,24,19,365,4.59,138,30,51
sampsch01,2008,1,HOU,54,11,352,4.22,118,23,61
sampsch01,2009,1,HOU,49,0,166,5.04,66,21,33
sampsch01,2010,1,HOU,35,0,91,5.93,43,8,16
sampske01,2015,1,CIN,13,12,157,6.54,67,26,42
sampske01,2016,1,CIN,18,2,118,4.35,40,27,42
sanabal01,2010,1,MIA,15,12,217,3.73,74,16,47
sanabal01,2011,1,MIA,3,2,33,3.27,13,3,8
sanabal01,2013,1,MIA,10,10,166,4.88,69,25,31
sanabca01,2020,1,HOU,2,0,6,9.0,3,3,2
sanchaa01,2014,1,TOR,24,0,99,1.09,14,9,27
sanchaa01,2015,1,TOR,41,11,277,3.22,74,44,61
sanchaa01,2016,1,TOR,30,30,576,3.0,161,63,161
sanchaa01,2017,1,TOR,8,8,108,4.25,42,20,24
sanchaa01,2018,1,TOR,20,20,315,4.89,106,58,86
sanchaa01,2019,1,TOR,23,23,338,6.07,131,59,99
sanchaa01,2019,2,HOU,4,4,56,4.82,14,9,16
sanchaa01,2021,1,SFN,9,7,106,3.06,32,15,26
sanchaa01,2022,1,WAS,7,7,94,8.33,47,8,16
sanchaa01,2022,2,MIN,8,3,86,4.71,31,7,25
sanchal04,2025,1,TOR,1,0,3,18.0,3,0,1
sanchan01,2006,1,MIA,18,17,343,2.83,90,46,72
sanchan01,2007,1,MIA,6,6,90,4.8,43,19,14
sanchan01,2008,1,MIA,10,10,155,5.57,54,27,50
sanchan01,2009,1,MIA,16,16,258,3.87,84,46,71
sanchan01,2010,1,MIA,32,32,585,3.55,192,70,157
sanchan01,2011,1,MIA,32,32,589,3.67,187,64,202
sanchan01,2012,1,MIA,19,19,363,3.94,119,33,110
sanchan01,2012,2,DET,12,12,224,3.74,81,15,57
sanchan01,2013,1,DET,29,29,546,2.57,156,54,202
sanchan01,2014,1,DET,22,21,378,3.43,108,30,102
sanchan01,2015,1,DET,25,25,471,4.99,152,49,138
sanchan01,2016,1,DET,35,26,460,5.87,171,53,135
sanchan01,2017,1,DET,28,17,316,6.41,139,29,104
sanchan01,2018,1,ATL,25,24,410,2.83,106,42,135
sanchan01,2019,1,WAS,30,30,498,3.85,153,58,134
sanchan01,2020,1,WAS,11,11,159,6.62,70,18,43
sanchan01,2022,1,WAS,14,14,208,4.28,55,33,48
sanchan03,2017,1,PIT,8,0,37,8.76,16,1,10
sanchbr01,2006,1,PHI,18,0,64,5.91,23,13,22
sanchbr01,2007,1,PHI,12,0,44,5.52,13,12,9
sanchbr01,2008,1,WAS,12,0,33,7.36,16,5,10
sanchbr01,2009,1,MIA,47,0,169,2.56,50,26,51
sanchbr01,2010,1,MIA,61,0,191,2.26,43,27,54
sanchbr01,2011,1,MIA,39,2,185,3.94,52,36,53
sanchbr01,2012,1,PHI,6,0,19,9.95,12,3,5
sanchca01,2020,1,CHA,1,0,3,9.0,2,0,0
sanchca01,2022,1,BOS,1,0,3,9.0,3,0,0
sanchcr01,2021,1,PHI,7,1,38,4.97,16,7,13
sanchcr01,2022,1,PHI,15,3,120,5.63,38,17,35
sanchcr01,2023,1,PHI,19,18,298,3.44,88,16,96
sanchcr01,2024,1,PHI,31,31,545,3.32,182,44,153
sanchcr01,2025,1,PHI,32,32,606,2.5,171,44,212
sanchdu01,2002,1,ARI,6,0,11,4.91,3,5,4
sanchdu01,2002,2,PIT,3,0,7,15.43,3,2,2
sanchdu01,2003,1,PIT,6,0,18,16.5,15,1,3
sanchdu01,2004,1,LAN,67,0,240,3.38,81,27,44
sanchdu01,2005,1,LAN,79,0,246,3.73,75,36,71
sanchdu01,2006,1,NYN,49,0,166,2.6,43,24,44
sanchdu01,2008,1,NYN,66,0,175,4.32,54,23,44
sanchdu01,2009,1,SDN,12,0,33,9.0,18,8,2
sanched01,2011,1,SLN,26,0,90,1.8,14,16,35
sanched01,2012,1,SLN,17,0,45,6.6,11,13,13
sanched01,2013,1,CHN,4,0,19,5.68,5,5,5
sanchfe01,2003,1,CHN,3,0,5,10.8,2,3,2
sanchga02,2025,1,BAL,1,0,3,36.0,2,1,0
sanchhu01,2008,1,NYA,2,0,6,4.5,1,2,1
sanchje01,2000,1,MIA,32,32,546,5.34,197,76,123
sanchje01,2001,1,MIA,16,9,188,4.74,61,31,46
sanchje01,2002,1,CHN,8,0,25,12.96,15,10,6
sanchje01,2003,1,COL,9,0,24,9.0,11,4,2
sanchje01,2004,1,CIN,3,3,43,7.53,18,9,8
sanchjo01,2006,1,SFN,27,4,120,4.95,39,23,33
sanchjo01,2007,1,SFN,33,4,156,5.88,57,28,62
sanchjo01,2008,1,SFN,29,29,474,5.01,154,75,157
sanchjo01,2009,1,SFN,32,29,490,4.24,135,88,177
sanchjo01,2010,1,SFN,34,33,580,3.07,142,96,205
sanchjo01,2011,1,SFN,19,19,304,4.26,80,66,102
sanchjo01,2012,1,KCA,12,12,160,7.76,65,44,36
sanchjo01,2012,2,COL,3,3,34,9.53,17,9,9
sanchjo01,2013,1,PIT,5,4,41,11.85,25,8,15
sanchmi01,2021,1,MIL,28,0,78,4.15,27,14,23
sanchmi01,2022,1,MIL,12,0,40,4.05,12,8,9
sanchri01,2020,1,SLN,3,0,16,6.75,5,5,4
sanchro01,2007,1,PIT,16,0,54,5.0,16,8,11
sanchro01,2008,1,PIT,10,0,40,4.05,14,6,3
sanchro01,2010,1,NYA,2,0,13,0.0,1,3,5
sanchsi01,2020,1,MIA,7,7,117,3.46,36,11,33
sanchsi01,2024,1,MIA,14,7,107,6.06,43,14,17
sandeca01,2025,1,PIT,6,0,20,8.1,9,5,4
sandeda01,2003,1,CHA,20,0,66,6.14,25,11,14
sandeda01,2005,1,CHA,2,0,6,13.5,3,1,1
sandeph01,2022,1,TB,8,0,44,3.07,12,3,12
sandlni01,2021,1,CLE,34,0,101,2.94,21,17,48
sandlni01,2022,1,CLE,46,0,132,2.25,27,24,41
sandlni01,2023,1,CLE,61,0,180,3.75,38,24,66
sandlni01,2024,1,CLE,68,1,173,3.75,46,27,68
sandlni01,2025,1,TOR,19,0,49,2.2,11,8,16
sandopa01,2018,1,SFN,1,0,3,0.0,0,0,0
sandopa01,2019,1,SFN,1,0,3,0.0,0,0,0
sandopa02,2019,1,LAA,10,9,118,5.03,35,19,42
sandopa02,2020,1,LAA,9,6,110,5.65,37,12,33
sandopa02,2021,1,LAA,17,14,261,3.62,69,36,94
sandopa02,2022,1,LAA,27,27,446,2.91,139,60,151
sandopa02,2023,1,LAA,28,28,434,4.11,145,74,128
sandopa02,2024,1,LAA,16,16,239,5.08,85,35,81
sandrja01,2025,1,NYA,1,0,2,27.0,1,2,2
sandsco01,2022,1,MIN,11,3,92,5.87,35,13,28
sandsco01,2023,1,MIN,15,0,65,3.74,20,13,21
sandsco01,2024,1,MIN,62,0,214,3.28,59,12,85
sandsco01,2025,1,MIN,69,3,216,4.5,65,19,64
sanitam01,2011,1,NYA,4,0,21,12.86,12,3,4
sanmare01,2021,1,CIN,2,2,35,1.54,12,2,11
sanmare01,2022,1,CIN,45,4,171,6.32,66,29,47
sanmare01,2023,1,CIN,14,0,42,7.07,17,10,13
sanmare01,2025,1,CIN,1,0,5,0.0,2,1,2
sanojja01,2025,1,MIA,8,0,28,16.39,24,5,1
sanomi01,2024,1,LAA,1,0,1,0.0,0,0,0
santade01,2018,1,LAN,1,0,11,12.27,6,1,4
santade01,2019,1,LAN,3,0,15,7.2,6,4,6
santade01,2020,1,LAN,12,0,51,5.29,15,7,18
santade01,2021,1,LAN,16,0,45,6.0,18,11,8
santade01,2021,2,TEX,39,0,119,3.63,30,21,38
santade01,2022,1,TEX,63,1,176,5.22,50,28,54
santade01,2023,1,NYN,9,0,32,5.91,10,7,12
santade01,2024,1,NYA,23,0,82,6.26,27,10,19
santade01,2024,2,PIT,39,0,133,2.44,30,11,50
santade01,2025,1,PIT,70,0,211,2.18,44,17,60
santaed01,2017,1,PIT,19,0,54,3.5,16,12,20
santaed01,2018,1,PIT,69,0,199,3.26,61,12,54
santaed01,2021,1,ATL,41,0,128,3.59,37,12,33
santaer01,2005,1,LAA,23,23,401,4.65,139,47,99
santaer01,2006,1,LAA,33,33,612,4.28,181,70,141
santaer01,2007,1,LAA,28,26,450,5.76,174,58,126
santaer01,2008,1,LAA,32,32,657,3.49,198,47,214
santaer01,2009,1,LAA,24,23,419,5.03,159,47,107
santaer01,2010,1,LAA,33,33,668,3.92,221,73,169
santaer01,2011,1,LAA,33,33,686,3.38,207,72,178
santaer01,2012,1,LAA,30,30,534,5.16,165,61,133
santaer01,2013,1,KCA,32,32,633,3.24,190,51,161
santaer01,2014,1,ATL,31,31,588,3.95,193,63,179
santaer01,2015,1,MIN,17,17,324,4.0,104,36,82
santaer01,2016,1,MIN,30,30,544,3.38,168,53,149
santaer01,2017,1,MIN,33,33,634,3.28,177,61,167
santaer01,2018,1,MIN,5,5,74,8.03,31,9,16
santaer01,2019,1,CHA,3,3,40,9.45,19,6,5
santaer01,2021,1,KCA,38,2,196,4.68,65,22,52
santajo01,2000,1,MIN,30,5,258,6.49,102,54,64
santajo01,2001,1,MIN,15,4,131,4.74,50,16,28
santajo01,2002,1,MIN,27,14,325,2.99,84,49,137
santajo01,2003,1,MIN,45,18,475,3.07,127,47,169
santajo01,2004,1,MIN,34,34,684,2.61,156,54,265
santajo01,2005,1,MIN,33,33,695,2.87,180,45,238
santajo01,2006,1,MIN,34,34,701,2.77,186,47,245
santajo01,2007,1,MIN,33,33,657,3.33,183,52,235
santajo01,2008,1,NYN,34,34,703,2.53,206,63,206
santajo01,2009,1,NYN,25,25,500,3.13,156,46,146
santajo01,2010,1,NYN,29,29,597,2.98,179,55,144
santajo01,2012,1,NYN,21,21,351,4.85,117,39,111
santaju01,2000,1,WAS,36,4,200,5.67,69,33,58
santaju01,2002,1,DET,38,0,171,2.84,49,28,38
santaju01,2005,1,MIL,41,0,126,4.5,34,19,49
santaju01,2006,1,PHI,7,0,25,7.56,8,9,4
santihe01,2011,1,CHA,2,0,16,0.0,1,1,2
santihe01,2012,1,CHA,42,4,211,3.33,54,40,79
santihe01,2013,1,CHA,34,23,447,3.56,137,72,137
santihe01,2014,1,LAA,30,24,382,3.75,120,53,108
santihe01,2015,1,LAA,33,32,542,3.59,156,71,162
santihe01,2016,1,LAA,22,22,362,4.25,104,57,107
santihe01,2016,2,MIN,11,11,184,5.58,65,22,37
santihe01,2017,1,MIN,15,14,211,5.63,70,31,51
santihe01,2018,1,CHA,49,7,306,4.41,101,60,103
santihe01,2019,1,NYN,8,0,24,6.75,10,5,6
santihe01,2019,2,CHA,11,2,77,6.66,32,17,34
santihe01,2021,1,SEA,13,1,79,3.42,27,11,30
santijo03,2000,1,KCA,45,0,207,3.91,70,26,44
santijo03,2001,1,KCA,20,0,88,6.75,40,9,15
santijo03,2001,2,PHI,53,0,187,3.61,66,13,28
santijo03,2002,1,PHI,42,0,141,6.7,56,15,30
santijo03,2003,1,CLE,25,0,95,2.84,37,14,15
santijo03,2005,1,NYN,4,0,17,3.18,10,2,3
santito01,2021,1,CIN,26,4,130,2.91,34,21,56
santito01,2022,1,CIN,21,0,59,5.49,23,12,21
santito01,2023,1,CIN,3,0,10,2.7,4,5,1
santito01,2024,1,CIN,29,1,90,3.0,21,9,46
santito01,2025,1,CIN,80,0,221,2.44,53,29,75
santoan02,2020,1,COL,3,1,18,16.5,14,4,4
santoan02,2021,1,COL,7,0,34,4.76,9,5,10
santogr01,2021,1,SFN,3,0,6,22.5,5,2,3
santogr01,2022,1,SFN,2,0,11,4.91,3,3,2
santogr01,2023,1,CHA,60,0,199,3.39,69,17,66
santogr01,2024,1,SEA,8,0,22,4.91,7,1,6
santogr01,2025,1,SEA,8,0,21,5.14,8,8,0
santolu01,2017,1,TOR,10,0,50,2.7,15,4,16
santolu01,2018,1,TOR,15,1,60,7.2,26,10,24
santose01,2010,1,CHA,56,0,155,2.96,53,26,56
santose01,2011,1,CHA,63,0,190,3.55,41,29,92
santose01,2012,1,TOR,6,0,15,9.0,6,4,4
santose01,2013,1,TOR,29,0,77,1.75,11,4,28
santose01,2014,1,TOR,26,0,63,8.57,28,18,29
santose01,2015,1,LAN,12,0,40,4.73,13,7,15
santose01,2015,2,NYA,2,0,9,6.0,3,0,3
santovi01,2001,1,DET,33,7,229,3.3,62,49,52
santovi01,2002,1,COL,24,2,78,10.38,41,22,25
santovi01,2003,1,TEX,8,4,77,7.01,29,16,15
santovi01,2004,1,MIL,31,28,462,4.97,169,57,115
santovi01,2005,1,MIL,29,24,425,4.57,153,60,89
santovi01,2006,1,PIT,25,19,346,5.7,150,42,81
santovi01,2007,1,CIN,32,0,147,5.14,51,23,44
santovi01,2007,2,BAL,4,3,43,8.16,20,10,4
sardilu01,2016,1,SEA,1,0,3,0.0,0,0,0
sardilu01,2017,1,SDN,1,0,3,0.0,1,0,0
sarfade01,2006,1,MIL,8,0,25,4.32,9,4,11
sarfade01,2007,1,HOU,7,0,25,1.08,5,1,14
sarfade01,2008,1,BAL,57,4,239,4.74,62,62,86
sarfade01,2009,1,BAL,20,0,69,5.09,21,14,20
sasakka01,2000,1,SEA,63,0,188,3.16,42,31,78
sasakka01,2001,1,SEA,69,0,200,3.24,48,11,62
sasakka01,2002,1,SEA,61,0,182,2.52,44,20,73
sasakka01,2003,1,SEA,35,0,100,4.05,31,15,29
sasakro01,2025,1,LAN,10,8,109,4.46,30,22,28
sauceta01,2021,1,TOR,29,0,77,4.56,22,10,19
sauceta01,2022,1,TOR,4,0,8,13.5,6,1,0
sauceta01,2023,1,SEA,52,0,143,3.59,41,23,43
sauceta01,2024,1,SEA,53,0,116,3.49,35,18,38
sauceta01,2025,1,SEA,10,0,40,7.43,19,6,12
sauerma01,2024,1,KCA,14,0,49,7.71,23,11,9
sauerma01,2025,1,LAN,10,1,89,6.37,35,8,24
sauersc01,2000,1,PIT,75,0,227,4.04,76,61,83
sauersc01,2001,1,PIT,70,0,188,5.6,61,40,79
sauersc01,2002,1,PIT,78,0,188,2.3,50,27,70
sauersc01,2003,1,PIT,53,0,120,4.05,30,25,32
sauersc01,2003,2,BOS,26,0,50,6.48,17,18,18
sauersc01,2005,1,CLE,58,0,107,4.04,35,16,35
sauersc01,2006,1,CLE,24,0,39,6.23,9,9,11
sauersc01,2006,2,ATH,22,0,37,3.65,13,9,6
saundjo01,2005,1,LAA,2,2,28,7.71,10,4,4
saundjo01,2006,1,LAA,13,13,212,4.71,71,29,51
saundjo01,2007,1,LAA,18,18,322,4.44,129,34,69
saundjo01,2008,1,LAA,31,31,594,3.41,187,53,103
saundjo01,2009,1,LAA,31,31,558,4.6,202,64,101
saundjo01,2010,1,LAA,20,20,362,4.62,135,45,64
saundjo01,2010,2,ARI,13,13,248,4.25,97,19,50
saundjo01,2011,1,ARI,33,33,636,3.69,210,67,108
saundjo01,2012,1,ARI,21,21,390,4.22,146,31,89
saundjo01,2012,2,BAL,7,7,134,3.63,49,8,23
saundjo01,2013,1,SEA,32,32,549,5.26,232,61,107
saundjo01,2014,1,TEX,8,8,119,6.13,62,20,22
saundjo01,2014,2,BAL,6,0,10,13.5,3,4,1
saupowa01,2016,1,DET,6,0,29,7.45,17,3,10
saupowa01,2017,1,DET,45,0,188,4.88,64,31,44
saupowa01,2018,1,DET,31,0,103,4.46,41,13,16
sauveri01,2000,1,ATH,10,0,31,4.35,13,1,7
saverjo01,2011,1,PHI,4,0,8,0.0,1,0,2
saverjo01,2012,1,PHI,19,0,75,5.4,26,8,16
saverjo01,2013,1,PHI,18,0,60,3.15,15,11,14
saverjo01,2014,1,ATH,3,0,12,0.0,3,1,0
sawamhi01,2021,1,BOS,55,0,159,3.06,45,32,61
sawamhi01,2022,1,BOS,49,0,152,3.73,45,27,40
sborzja01,2010,1,DET,1,0,2,67.5,3,0,1
sborzjo01,2019,1,LAN,7,0,27,8.0,10,4,7
sborzjo01,2020,1,LAN,4,0,13,2.08,2,1,2
sborzjo01,2021,1,TEX,63,0,177,3.97,52,32,69
sborzjo01,2022,1,TEX,19,1,67,6.45,25,11,32
sborzjo01,2023,1,TEX,44,0,157,5.5,43,17,66
sborzjo01,2024,1,TEX,17,0,49,3.86,16,4,17
scahiro01,2012,1,COL,6,0,26,1.04,7,3,4
scahiro01,2013,1,COL,23,0,100,5.13,40,9,20
scahiro01,2014,1,COL,12,0,45,4.8,17,9,11
scahiro01,2015,1,PIT,28,0,92,2.64,33,16,24
scahiro01,2016,1,PIT,15,0,49,4.41,18,6,13
scahiro01,2016,2,MIL,16,0,55,2.45,16,3,14
scahiro01,2017,1,MIL,18,0,67,4.43,21,10,10
scahiro01,2018,1,CHA,6,0,15,5.4,5,3,3
scanlbo01,2000,1,MIL,2,0,5,27.0,6,0,1
scanlbo01,2001,1,WAS,18,0,79,7.86,37,14,5
sceroma01,2021,1,BAL,5,0,23,14.09,15,7,11
schepta01,2012,1,TEX,39,0,97,4.45,47,9,30
schepta01,2013,1,TEX,76,0,230,1.88,58,24,59
schepta01,2014,1,TEX,8,4,69,9.0,31,10,17
schepta01,2015,1,TEX,42,0,115,5.63,37,23,32
schepta01,2016,1,TEX,10,0,26,4.15,6,3,5
schepta01,2017,1,TEX,5,0,12,6.75,5,3,5
scherma01,2008,1,ARI,16,7,168,3.05,48,21,66
scherma01,2009,1,ARI,30,30,511,4.12,166,63,174
scherma01,2010,1,DET,31,31,587,3.5,174,70,184
scherma01,2011,1,DET,33,33,585,4.43,207,56,174
scherma01,2012,1,DET,32,32,563,3.74,179,60,231
scherma01,2013,1,DET,32,32,643,2.9,152,56,240
scherma01,2014,1,DET,33,33,661,3.15,196,63,252
scherma01,2015,1,WAS,33,33,686,2.79,176,34,276
scherma01,2016,1,WAS,34,34,685,2.96,165,56,284
scherma01,2017,1,WAS,31,31,602,2.51,126,55,268
scherma01,2018,1,WAS,33,33,662,2.53,150,51,300
scherma01,2019,1,WAS,27,27,517,2.92,144,33,243
scherma01,2020,1,WAS,12,12,202,3.74,70,23,92
scherma01,2021,1,WAS,19,19,333,2.76,71,28,147
scherma01,2021,2,LAN,11,11,205,1.98,48,8,89
scherma01,2022,1,NYN,23,23,436,2.29,108,24,173
scherma01,2023,1,NYN,19,19,323,4.01,98,30,121
scherma01,2023,2,TEX,8,8,135,3.2,28,15,53
scherma01,2024,1,TEX,9,9,130,3.95,40,10,40
scherma01,2025,1,TOR,17,17,255,5.19,87,23,82
schilcu01,2000,1,PHI,16,16,338,3.91,110,32,96
schilcu01,2000,2,ARI,13,13,293,3.69,94,13,72
schilcu01,2001,1,ARI,35,35,770,2.98,237,39,293
schilcu01,2002,1,ARI,36,35,778,3.23,218,33,316
schilcu01,2003,1,ARI,24,24,504,2.95,144,32,194
schilcu01,2004,1,BOS,32,32,680,3.26,206,35,203
schilcu01,2005,1,BOS,32,11,280,5.69,121,22,87
schilcu01,2006,1,BOS,31,31,612,3.97,220,28,183
schilcu01,2007,1,BOS,24,24,453,3.87,165,23,101
schleda01,2009,1,ARI,21,0,55,5.89,15,15,22
schleda01,2010,1,DET,18,0,56,2.89,20,10,19
schleda01,2011,1,DET,49,0,147,3.49,36,31,44
schleda01,2012,1,DET,6,0,21,10.29,14,5,6
schlibr01,2010,1,CHN,7,0,24,12.38,18,5,7
schlibr01,2014,1,CHN,61,0,169,4.15,58,19,31
schlibr01,2015,1,CHN,10,0,22,7.36,12,2,4
schlibr01,2019,1,ATH,6,0,29,3.72,12,4,6
schlica01,2025,1,NYA,14,14,219,2.96,58,31,84
schlitr01,2009,1,LAN,2,0,8,3.38,1,5,2
schlitr01,2010,1,LAN,14,0,68,3.57,20,10,14
schlogu01,2014,1,ATL,15,0,53,7.64,23,6,8
schmabr01,2003,1,DET,11,0,39,3.46,14,4,4
schmicl01,2020,1,NYA,3,1,19,7.11,7,5,7
schmicl01,2021,1,NYA,2,1,19,5.68,11,5,6
schmicl01,2022,1,NYA,29,3,173,3.12,46,23,56
schmicl01,2023,1,NYA,33,32,477,4.64,169,46,149
schmicl01,2024,1,NYA,16,16,256,2.85,71,30,93
schmicl01,2025,1,NYA,14,14,236,3.32,56,30,73
schmija01,2000,1,PIT,11,11,190,5.4,71,41,51
schmija01,2001,1,PIT,14,14,252,4.61,81,28,77
schmija01,2001,2,SFN,11,11,199,3.39,57,33,65
schmija01,2002,1,SFN,29,29,556,3.45,148,73,196
schmija01,2003,1,SFN,29,29,623,2.34,152,46,208
schmija01,2004,1,SFN,32,32,675,3.2,165,77,251
schmija01,2005,1,SFN,29,29,516,4.4,160,85,165
schmija01,2006,1,SFN,32,32,640,3.59,189,80,180
schmija01,2007,1,LAN,6,6,77,6.31,32,14,22
schmija01,2009,1,LAN,4,4,53,5.6,16,12,8
schmost01,2005,1,LAN,48,0,140,5.01,47,22,29
schoesc01,2000,1,LAA,27,27,510,5.45,183,67,78
schoesc01,2001,1,LAA,32,32,616,5.08,227,77,104
schoesc01,2002,1,LAA,54,15,354,4.88,119,49,65
schoesc01,2003,1,LAA,39,0,116,3.96,37,10,29
schoesc01,2003,2,CHA,20,0,78,4.5,26,9,27
schoesc01,2004,1,CHA,20,19,338,5.59,129,49,69
schoesc01,2005,1,TOR,80,0,171,3.32,54,25,43
schoesc01,2006,1,TOR,55,0,112,6.51,39,16,18
schoesc01,2006,2,CIN,16,0,43,0.63,9,8,11
schoesc01,2007,1,NYN,70,0,177,5.03,62,28,41
schoesc01,2008,1,NYN,73,0,170,3.34,55,23,34
schoesc01,2009,1,ARI,45,0,72,7.13,29,13,14
schoesc01,2010,1,BOS,15,0,41,7.9,19,10,13
scholje01,2023,1,CHA,26,11,255,5.29,100,30,58
scholje01,2025,1,TB,2,0,25,5.4,9,3,12
schoojo01,2023,1,DET,1,0,4,0.0,1,0,1
schoupe01,2000,1,BOS,21,21,322,5.11,116,38,63
schoupe01,2001,1,BOS,33,0,91,4.45,35,15,20
schrejo01,2019,1,DET,13,0,39,6.23,16,4,19
schrejo01,2020,1,DET,15,0,47,6.32,19,4,14
schrejo01,2021,1,BOS,1,0,9,3.0,4,1,5
schrejo01,2022,1,BOS,64,0,195,2.22,45,19,74
schrejo01,2023,1,BOS,46,2,140,3.86,41,25,53
schrejo01,2024,1,KCA,59,0,155,3.66,48,20,46
schrejo01,2025,1,KCA,74,0,192,3.8,57,19,62
schrest01,2000,1,PHI,20,0,70,7.33,25,13,19
schroch01,2006,1,WAS,21,0,85,6.35,23,15,39
schroch01,2007,1,WAS,37,0,136,3.18,36,15,43
schroch01,2008,1,WAS,4,0,15,5.4,6,6,3
schroma01,2020,1,SLN,1,0,3,0.0,0,0,0
schroma01,2021,1,CIN,2,0,5,0.0,0,0,1
schroma01,2022,1,CIN,1,0,3,45.0,7,0,0
schugaj01,2015,1,ARI,5,0,27,5.0,17,5,5
schugaj01,2016,1,PIT,36,0,156,3.63,41,13,46
schugaj01,2017,1,PIT,32,0,96,1.97,31,14,27
schulbo02,2014,1,ARI,4,0,24,7.88,13,1,5
schulbo02,2015,1,TOR,31,0,129,3.56,32,14,31
schulbo02,2016,1,TOR,16,0,49,5.51,17,3,10
schulja02,2018,1,TB,22,1,91,5.64,18,17,35
schulja02,2019,1,LAN,4,0,15,7.2,6,3,3
schulmi02,2007,1,ARI,1,0,3,0.0,1,0,1
schulpa01,2025,1,TOR,13,2,74,4.38,27,8,28
schumsk01,2011,1,SLN,1,0,3,18.0,1,1,2
schumsk01,2013,1,LAN,2,0,6,0.0,3,3,1
schumsk01,2014,1,CIN,1,0,3,0.0,0,1,0
schuspa01,2016,1,ATH,5,0,20,10.8,9,6,6
schuspa01,2016,2,PHI,6,0,6,45.0,6,4,2
schwesp01,2024,1,ATL,21,21,371,3.35,106,23,127
schwesp01,2025,1,ATL,17,17,332,3.09,89,18,108
schwich01,2011,1,NYN,4,4,63,4.71,23,6,17
schwich01,2012,1,NYN,3,2,26,12.46,15,3,1
schwifr01,2022,1,CHN,3,0,9,18.0,8,1,0
schwimi01,2011,1,PHI,12,0,43,5.02,15,7,16
schwimi01,2012,1,PHI,35,0,103,4.46,30,16,36
scottch01,2024,1,NYN,9,9,142,4.56,45,12,39
scottro02,2016,1,BOS,7,0,18,0.0,6,2,5
scottro02,2017,1,BOS,57,0,107,3.79,22,13,31
scottro02,2018,1,BOS,9,0,20,8.1,10,5,8
scottro02,2019,1,ARI,11,0,22,4.91,8,7,9
scottta01,2017,1,BAL,2,0,5,10.8,2,2,2
scottta01,2018,1,BAL,53,0,160,5.4,55,28,76
scottta01,2019,1,BAL,28,0,79,4.78,28,19,37
scottta01,2020,1,BAL,25,0,62,1.31,12,10,23
scottta01,2021,1,BAL,62,0,162,5.17,48,37,70
scottta01,2022,1,MIA,67,0,188,4.31,55,46,90
scottta01,2023,1,MIA,74,0,234,2.31,53,24,104
scottta01,2024,1,MIA,44,0,137,1.18,19,27,53
scottta01,2024,2,SDN,28,0,79,2.73,26,9,31
scottta01,2025,1,LAN,61,0,171,4.74,54,18,60
scottta02,2019,1,SEA,5,2,23,9.39,11,6,7
scottta02,2019,2,BAL,8,0,26,18.69,20,5,7
scottta02,2022,1,SDN,8,0,36,6.75,19,6,13
scottta02,2023,1,LAN,6,0,18,9.0,6,4,8
scottta02,2023,2,BOS,4,1,11,4.91,6,4,2
scottta02,2023,3,ATH,8,1,24,3.38,11,2,7
scottta02,2024,1,HOU,62,1,206,2.23,45,35,71
scottta02,2025,1,HOU,18,0,55,7.36,21,14,17
scottta02,2025,2,ARI,6,0,27,9.0,13,4,7
scribev01,2011,1,SDN,10,0,42,7.07,18,4,10
scribev01,2012,1,ATH,30,0,106,2.55,30,12,30
scribev01,2013,1,ATH,18,0,80,4.39,26,7,19
scribev01,2014,1,ATH,13,0,35,4.63,11,0,11
scribev01,2015,1,ATH,54,0,180,4.35,58,4,64
scribev01,2016,1,SEA,12,0,42,0.0,5,2,15
scribev01,2017,1,SEA,8,0,22,11.05,13,0,6
scribtr01,2017,1,LAA,10,4,71,4.18,17,10,18
scribtr01,2018,1,ARI,1,1,11,4.91,4,6,4
scruban01,2020,1,HOU,20,0,71,1.9,15,20,24
scruban01,2021,1,HOU,18,0,59,5.03,15,14,21
seaboco01,2021,1,BOS,1,1,9,6.0,3,2,0
seaboco01,2022,1,BOS,5,5,55,11.29,35,8,19
seaboco01,2023,1,COL,27,13,262,7.52,116,28,67
seaboco01,2025,1,TB,3,0,20,1.35,7,3,5
seaboco01,2025,2,ATL,4,0,11,9.82,5,3,5
seaneru01,2000,1,ATL,23,0,63,4.29,15,9,20
seaneru01,2001,1,SDN,26,0,72,2.63,15,15,24
seaneru01,2001,2,ATL,12,0,36,3.0,8,4,17
seaneru01,2002,1,TEX,33,0,99,5.73,28,24,40
seaneru01,2003,1,BOS,9,0,26,6.23,11,6,9
seaneru01,2004,1,KCA,16,0,69,3.91,21,11,21
seaneru01,2004,2,MIA,23,0,69,2.74,18,8,25
seaneru01,2005,1,SDN,57,0,181,2.69,49,22,84
seaneru01,2006,1,BOS,41,0,140,4.82,51,26,48
seaneru01,2006,2,SDN,8,0,19,5.68,7,6,6
seaneru01,2007,1,LAN,73,0,228,3.79,78,27,73
seaneru01,2008,1,PHI,42,0,130,3.53,38,25,30
searsjp01,2022,1,NYA,7,2,66,2.05,14,5,15
searsjp01,2022,2,ATH,10,9,144,4.69,53,18,36
searsjp01,2023,1,ATH,32,32,517,4.54,165,53,161
searsjp01,2024,1,ATH,32,32,542,4.38,172,49,137
searsjp01,2025,1,ATH,22,22,333,4.95,112,29,97
searsjp01,2025,2,SDN,5,5,74,5.47,31,7,20
seaybo01,2001,1,TB,12,0,39,6.23,13,5,12
seaybo01,2003,1,TB,12,0,27,3.0,7,6,5
seaybo01,2004,1,TB,21,0,68,2.38,21,5,17
seaybo01,2005,1,COL,17,0,35,8.49,18,8,11
seaybo01,2006,1,DET,14,0,46,6.46,14,9,12
seaybo01,2007,1,DET,58,0,139,2.33,38,15,38
seaybo01,2008,1,DET,60,0,169,4.47,59,25,58
seaybo01,2009,1,DET,67,0,146,4.25,46,17,37
seddoch01,2007,1,MIA,7,4,52,8.83,29,5,10
seddoch01,2010,1,SEA,14,0,67,5.64,21,10,16
seddoch01,2012,1,CLE,17,2,103,3.67,35,13,18
sedlash01,2002,1,KCA,16,14,253,6.72,99,36,52
sedloco01,2022,1,BAL,1,0,9,15.0,6,1,3
seelbch02,2000,1,ATL,2,0,5,10.8,3,0,1
seelbch02,2001,1,ATL,5,0,24,7.88,9,5,8
segovza01,2007,1,PHI,1,1,15,9.0,8,1,2
segovza01,2009,1,WAS,8,0,31,7.84,11,6,4
seibeph01,2004,1,BOS,2,0,11,0.0,0,5,1
seiglan01,2025,1,MIL,1,0,3,0.0,1,0,0
selbyco01,2023,1,PIT,21,5,72,9.0,29,15,30
selbyco01,2024,1,KCA,2,0,9,6.0,2,2,0
selbyco01,2024,2,BAL,3,0,12,0.0,1,2,5
selbyco01,2025,1,BAL,11,0,42,3.21,16,2,14
seleaa01,2000,1,SEA,34,34,635,4.51,221,74,137
seleaa01,2001,1,SEA,34,33,645,3.6,216,51,114
seleaa01,2002,1,LAA,26,26,480,4.89,190,49,82
seleaa01,2003,1,LAA,25,25,365,5.77,135,58,53
seleaa01,2004,1,LAA,28,24,396,5.05,163,51,51
seleaa01,2005,1,SEA,21,21,348,5.66,147,41,53
seleaa01,2006,1,LAN,28,15,310,4.53,120,30,57
seleaa01,2007,1,NYN,34,0,161,5.37,78,21,29
selmasa01,2019,1,SFN,10,0,31,4.35,6,6,10
selmasa01,2020,1,SFN,24,0,58,3.72,13,9,23
selmasa01,2021,1,SFN,7,0,24,4.5,4,4,8
selmasa01,2021,2,LAA,18,0,51,6.35,16,8,11
selmasa01,2022,1,ATH,16,0,55,4.91,16,5,18
sengako01,2023,1,NYN,29,29,499,2.98,126,77,202
sengako01,2024,1,NYN,1,1,16,3.38,2,1,9
sengako01,2025,1,NYN,22,22,340,3.02,94,55,109
senzaan01,2017,1,COL,36,20,404,4.68,128,47,102
senzaan01,2018,1,COL,23,13,271,4.38,94,30,69
senzaan01,2019,1,COL,25,25,374,6.71,161,57,76
senzaan01,2020,1,COL,12,12,220,3.44,71,18,41
senzaan01,2021,1,COL,28,28,470,4.42,178,32,105
senzaan01,2022,1,COL,19,19,277,5.07,133,23,54
senzaan01,2023,1,COL,2,2,23,4.7,7,2,4
senzaan01,2024,1,COL,3,3,37,6.57,15,8,7
senzaan01,2025,1,COL,30,23,390,6.65,192,47,73
seoja01,2002,1,NYN,1,0,3,0.0,0,0,1
seoja01,2003,1,NYN,32,31,565,3.82,193,46,110
seoja01,2004,1,NYN,24,21,353,4.9,133,50,54
seoja01,2005,1,NYN,14,14,271,2.59,84,16,59
seoja01,2006,1,LAN,19,10,201,5.78,75,25,49
seoja01,2006,2,TB,17,16,270,5.0,122,31,39
seoja01,2007,1,TB,11,10,156,8.13,84,16,28
septile01,2012,1,CHA,21,0,43,5.02,8,6,14
serafda01,2000,1,SDN,3,0,9,18.0,9,2,3
serafda01,2000,2,PIT,11,11,187,4.91,70,26,32
serafda01,2003,1,CIN,10,4,90,5.4,41,14,13
serafda01,2007,1,COL,3,0,1,54.0,0,2,0
serraal01,2008,1,LAA,1,0,3,0.0,1,0,1
serraji01,2004,1,KCA,10,5,98,4.68,35,12,25
serrawa01,2001,1,SDN,20,5,140,6.56,60,21,39
servebr01,2022,1,COL,1,0,3,0.0,0,1,0
servisc01,2000,1,ATH,20,0,110,6.38,45,19,35
servisc01,2003,1,ARI,18,0,55,4.91,21,2,18
servisc01,2003,2,TOR,15,0,48,4.5,17,6,17
servisc01,2004,1,ARI,21,0,61,7.08,24,10,17
severan01,2022,1,CHA,6,0,22,6.14,7,4,9
severat01,2011,1,WAS,6,0,14,3.86,5,1,7
severlu01,2015,1,NYA,11,11,187,2.89,53,22,56
severlu01,2016,1,NYA,22,11,213,5.83,78,25,66
severlu01,2017,1,NYA,31,31,580,2.98,150,51,230
severlu01,2018,1,NYA,32,32,574,3.39,173,46,220
severlu01,2019,1,NYA,3,3,36,1.5,6,6,17
severlu01,2021,1,NYA,4,0,18,0.0,2,1,8
severlu01,2022,1,NYA,19,19,306,3.18,72,30,112
severlu01,2023,1,NYA,19,18,268,6.65,113,34,79
severlu01,2024,1,NYN,31,31,546,3.91,166,60,161
severlu01,2025,1,ATH,29,29,488,4.54,162,50,124
sewalpa01,2017,1,NYN,57,0,196,4.55,58,21,69
sewalpa01,2018,1,NYN,46,0,169,6.07,62,23,58
sewalpa01,2019,1,NYN,17,0,59,4.58,18,3,22
sewalpa01,2020,1,NYN,5,0,18,13.5,12,4,2
sewalpa01,2021,1,SEA,62,0,194,3.06,42,24,104
sewalpa01,2022,1,SEA,65,0,192,2.67,32,17,72
sewalpa01,2023,1,SEA,45,0,129,2.93,30,14,60
sewalpa01,2023,2,ARI,20,0,53,3.57,16,10,20
sewalpa01,2024,1,ARI,42,0,119,4.31,35,10,43
sewalpa01,2025,1,CLE,18,0,46,4.7,14,4,18
sewalpa01,2025,2,DET,4,0,13,4.15,4,2,2
seymoca01,2025,1,SFN,16,3,108,4.75,37,13,26
seymoia01,2025,1,TB,19,5,171,3.63,48,19,64
shackbr01,2005,1,CIN,37,0,89,2.43,21,9,17
shackbr01,2006,1,CIN,26,0,49,7.16,18,10,15
shackke01,2017,1,CIN,26,0,92,4.7,30,13,38
shackke01,2018,1,CIN,5,0,24,7.88,13,4,7
shafeju01,2018,1,TOR,6,0,25,3.24,6,7,2
shafeju01,2019,1,TOR,34,0,119,3.86,41,25,39
shafeju01,2020,1,MIA,5,0,17,12.71,8,4,5
sharpjo01,2006,1,PIT,14,0,36,1.5,7,11,7
sharpjo01,2007,1,PIT,6,0,13,12.46,7,1,1
sharpst01,2020,1,MIA,4,0,16,10.13,7,5,3
shawami01,2019,1,BOS,14,0,61,9.74,26,13,29
shawbr01,2011,1,ARI,33,0,85,2.54,30,8,24
shawbr01,2012,1,ARI,64,0,178,3.49,60,24,41
shawbr01,2013,1,CLE,70,0,225,3.24,60,28,73
shawbr01,2014,1,CLE,80,0,229,2.59,61,22,64
shawbr01,2015,1,CLE,74,0,192,2.95,59,19,54
shawbr01,2016,1,CLE,75,0,200,3.24,56,28,69
shawbr01,2017,1,CLE,79,0,230,3.52,71,22,73
shawbr01,2018,1,COL,61,0,164,5.93,70,28,54
shawbr01,2019,1,COL,70,0,216,5.38,69,29,58
shawbr01,2020,1,SEA,6,0,18,18.0,13,6,4
shawbr01,2021,1,CLE,81,0,232,3.49,69,38,71
shawbr01,2022,1,CLE,60,2,175,5.4,58,26,52
shawbr01,2023,1,CHA,38,0,137,4.14,39,17,40
shawbr01,2024,1,CHA,5,0,12,9.0,8,4,4
shawje01,2000,1,LAN,60,0,172,4.24,61,16,39
shawje01,2001,1,LAN,77,0,224,3.62,63,18,58
shearto01,2007,1,CIN,7,6,98,4.96,32,13,16
sheehem01,2023,1,LAN,13,11,181,4.92,46,26,64
sheehem01,2025,1,LAN,15,12,220,2.82,49,22,89
sheetbe01,2001,1,MIL,25,25,454,4.76,166,48,94
sheetbe01,2002,1,MIL,34,34,650,4.15,237,70,170
sheetbe01,2003,1,MIL,34,34,662,4.45,232,43,157
sheetbe01,2004,1,MIL,34,34,711,2.7,201,32,264
sheetbe01,2005,1,MIL,22,22,470,3.33,142,25,141
sheetbe01,2006,1,MIL,17,17,318,3.82,105,11,116
sheetbe01,2007,1,MIL,24,24,424,3.82,138,37,106
sheetbe01,2008,1,MIL,31,31,595,3.09,181,47,158
sheetbe01,2010,1,ATH,20,20,358,4.53,123,43,84
sheetbe01,2012,1,ATL,9,9,148,3.47,52,13,35
sheffjo01,2021,1,COL,30,0,88,3.38,19,13,20
sheffjo01,2022,1,COL,2,0,6,0.0,2,2,1
sheffju01,2018,1,NYA,3,0,8,10.13,4,3,0
sheffju01,2019,1,SEA,8,7,108,5.5,44,18,37
sheffju01,2020,1,SEA,10,10,166,3.58,52,20,48
sheffju01,2021,1,SEA,21,15,241,6.83,105,43,63
sheffju01,2022,1,SEA,6,1,35,3.86,9,6,7
sheldsc01,2000,1,TEX,1,0,1,0.0,0,0,1
shellst01,2008,1,WAS,39,0,150,2.16,34,20,41
shellst01,2009,1,WAS,4,0,15,5.4,5,2,5
shephch01,2019,1,BAL,5,3,57,6.63,23,6,17
sherfji01,2017,1,ARI,11,0,32,0.0,5,2,9
sherfji01,2018,1,ARI,15,0,49,1.65,8,10,17
sherfji01,2019,1,ARI,17,0,55,5.89,23,5,22
sherfji01,2021,1,SFN,10,0,32,4.22,9,4,9
sherfji01,2021,2,LAN,4,0,13,4.15,3,0,3
sherrge01,2004,1,SEA,21,0,71,3.8,24,9,16
sherrge01,2005,1,SEA,29,0,57,5.21,13,7,24
sherrge01,2006,1,SEA,72,0,120,4.28,30,27,42
sherrge01,2007,1,SEA,73,0,137,2.36,28,17,56
sherrge01,2008,1,BAL,57,0,160,4.73,47,33,58
sherrge01,2009,1,BAL,42,0,124,2.4,34,13,39
sherrge01,2009,2,LAN,30,0,83,0.65,19,11,22
sherrge01,2010,1,LAN,65,0,109,6.69,46,24,25
sherrge01,2011,1,ATL,51,0,108,3.0,33,12,38
sherrge01,2012,1,SEA,2,0,4,27.0,6,1,0
sherrry01,2017,1,SLN,13,0,43,3.14,13,4,15
sherrry01,2018,1,SLN,5,0,17,6.35,8,2,3
sherrry01,2020,1,TB,10,0,29,0.0,6,2,2
sherrry01,2021,1,TB,16,0,44,5.52,14,9,16
sherrry01,2023,1,BOS,5,0,20,2.7,6,2,5
shielja01,2002,1,SDN,3,0,4,27.0,7,3,1
shielja01,2003,1,BOS,17,0,70,4.63,23,17,23
shielja01,2006,1,ATL,4,3,47,8.62,23,9,14
shielja02,2006,1,TB,21,21,374,4.84,141,38,104
shielja02,2007,1,TB,31,31,645,3.85,202,36,184
shielja02,2008,1,TB,33,33,645,3.56,208,40,160
shielja02,2009,1,TB,33,33,659,4.14,239,52,167
shielja02,2010,1,TB,34,33,610,5.18,246,51,187
shielja02,2011,1,TB,33,33,748,2.82,195,65,225
shielja02,2012,1,TB,33,33,683,3.52,208,58,223
shielja02,2013,1,KCA,34,34,686,3.15,215,68,196
shielja02,2014,1,KCA,34,34,681,3.21,224,44,180
shielja02,2015,1,SDN,33,33,607,3.91,189,81,216
shielja02,2016,1,SDN,11,11,202,4.28,69,27,57
shielja02,2016,2,CHA,22,22,343,6.77,139,55,78
shielja02,2017,1,CHA,21,21,351,5.23,116,53,103
shielja02,2018,1,CHA,34,33,614,4.53,190,78,154
shielsc01,2001,1,LAA,8,0,33,0.0,8,7,7
shielsc01,2002,1,LAA,29,1,147,2.2,31,21,30
shielsc01,2003,1,LAA,44,13,445,2.85,138,38,111
shielsc01,2004,1,LAA,60,0,316,3.33,97,40,109
shielsc01,2005,1,LAA,78,0,275,2.75,66,37,98
shielsc01,2006,1,LAA,74,0,263,2.87,70,24,84
shielsc01,2007,1,LAA,71,0,231,3.86,62,33,77
shielsc01,2008,1,LAA,64,0,190,2.7,56,29,64
shielsc01,2009,1,LAA,20,0,53,6.62,16,15,12
shielsc01,2010,1,LAA,43,1,138,5.28,45,34,39
shiplbr01,2016,1,ARI,13,11,210,5.27,80,28,43
shiplbr01,2017,1,ARI,10,3,75,5.76,31,15,18
shiplbr01,2018,1,ARI,3,0,15,7.2,4,2,3
shoemma01,2013,1,LAA,1,1,15,0.0,2,2,5
shoemma01,2014,1,LAA,27,20,408,3.04,122,24,124
shoemma01,2015,1,LAA,25,24,406,4.46,135,35,116
shoemma01,2016,1,LAA,27,27,480,3.88,166,30,143
shoemma01,2017,1,LAA,14,14,233,4.52,73,28,69
shoemma01,2018,1,LAA,7,7,93,4.94,29,10,33
shoemma01,2019,1,TOR,5,5,86,1.57,16,9,24
shoemma01,2020,1,TOR,6,6,86,4.71,22,9,26
shoemma01,2021,1,MIN,16,11,181,8.06,73,27,40
shortza01,2023,1,DET,6,0,18,6.0,12,1,1
shousbr01,2002,1,KCA,23,0,44,6.14,15,9,11
shousbr01,2003,1,TEX,62,0,183,3.1,62,14,40
shousbr01,2004,1,TEX,53,0,133,2.23,36,18,34
shousbr01,2005,1,TEX,64,0,160,5.23,55,18,35
shousbr01,2006,1,TEX,6,0,13,4.15,6,1,3
shousbr01,2006,2,MIL,59,0,102,3.97,34,17,20
shousbr01,2007,1,MIL,73,0,143,3.02,46,14,32
shousbr01,2008,1,MIL,69,0,154,2.81,46,14,33
shousbr01,2009,1,TB,45,0,84,4.5,31,7,17
shrevch01,2014,1,ATL,15,0,37,0.73,10,3,15
shrevch01,2015,1,NYA,59,0,175,3.09,49,33,64
shrevch01,2016,1,NYA,37,0,99,5.18,29,13,33
shrevch01,2017,1,NYA,44,0,136,3.77,35,25,58
shrevch01,2018,1,NYA,40,0,114,4.26,39,18,46
shrevch01,2018,2,SLN,20,0,44,3.07,14,9,16
shrevch01,2019,1,SLN,3,0,6,9.0,2,1,2
shrevch01,2020,1,NYN,17,0,75,3.96,17,12,34
shrevch01,2021,1,PIT,57,0,169,3.2,43,28,45
shrevch01,2022,1,NYN,25,0,79,6.49,27,10,29
shrevch01,2023,1,DET,47,0,124,4.79,45,12,42
shrevch01,2023,2,CIN,3,0,10,2.7,1,2,3
shrevch01,2024,1,COL,1,0,3,0.0,1,0,0
shuckja01,2016,1,CHA,1,0,3,9.0,1,0,0
shuckja01,2019,1,PIT,1,0,3,0.0,1,1,0
shueypa01,2000,1,CLE,57,0,191,3.39,51,30,69
shueypa01,2001,1,CLE,47,0,163,2.82,53,26,70
shueypa01,2002,1,CLE,39,0,112,2.41,31,10,39
shueypa01,2002,2,LAN,28,0,92,4.4,25,21,24
shueypa01,2003,1,LAN,62,0,207,3.0,50,33,60
shueypa01,2007,1,BAL,25,0,77,9.82,33,21,22
shugach01,2024,1,BOS,6,0,26,4.15,8,3,8
shugach01,2025,1,PIT,35,0,135,3.4,33,17,31
shustja01,2023,1,ATL,11,11,158,5.81,53,26,30
shustja01,2024,1,CHA,39,4,220,4.3,74,33,56
shustja01,2025,1,CHA,12,2,47,8.04,27,5,12
siegrke01,2013,1,SLN,45,0,119,0.45,17,18,50
siegrke01,2014,1,SLN,37,0,91,6.82,32,16,37
siegrke01,2015,1,SLN,81,0,224,2.17,53,34,90
siegrke01,2016,1,SLN,67,0,185,2.77,42,26,66
siegrke01,2017,1,SLN,39,0,103,4.98,35,20,36
siegrke01,2017,2,PHI,7,0,15,3.6,4,2,7
sikorbr01,2000,1,TEX,10,5,113,5.73,46,25,32
sikorbr01,2006,1,SDN,13,0,43,5.65,16,3,14
sikorbr01,2006,2,CLE,17,0,59,4.58,20,4,24
silsech01,2022,1,LAA,7,7,86,6.59,33,12,24
silsech01,2023,1,LAA,16,8,157,3.96,41,26,56
silsech01,2024,1,LAA,2,2,24,6.75,8,4,12
silsech01,2025,1,LAA,10,0,33,1.64,10,6,13
silvaca01,2002,1,PHI,68,0,252,3.21,88,22,41
silvaca01,2003,1,PHI,62,1,262,4.43,92,37,48
silvaca01,2004,1,MIN,33,33,609,4.21,255,35,76
silvaca01,2005,1,MIN,27,27,565,3.44,212,9,71
silvaca01,2006,1,MIN,36,31,541,5.94,246,32,70
silvaca01,2007,1,MIN,33,33,606,4.19,229,36,89
silvaca01,2008,1,SEA,28,28,460,6.46,213,32,69
silvaca01,2009,1,SEA,8,6,91,8.6,41,11,10
silvaca01,2010,1,CHN,21,21,339,4.22,120,24,80
silvajo01,2000,1,PIT,51,19,408,5.56,178,50,98
silvajo01,2001,1,PIT,26,0,96,6.75,35,9,23
silvajo01,2002,1,CIN,12,0,70,4.24,25,10,6
silvawa01,2009,1,SDN,6,6,74,8.76,34,15,11
simasbi01,2000,1,CHA,60,0,203,3.46,69,22,49
simmoan01,2022,1,CHN,1,0,3,45.0,5,1,0
simmosh01,2014,1,ATL,26,0,65,2.91,15,11,23
simmosh01,2016,1,ATL,7,0,20,1.35,6,0,3
simmosh01,2017,1,SEA,9,0,23,7.04,4,4,8
simonal01,2008,1,BAL,4,1,39,6.23,16,2,8
simonal01,2009,1,BAL,2,2,19,9.95,8,2,3
simonal01,2010,1,BAL,49,0,148,4.93,54,22,37
simonal01,2011,1,BAL,23,16,347,4.9,128,40,83
simonal01,2012,1,CIN,36,0,183,2.66,65,22,52
simonal01,2013,1,CIN,63,0,263,2.87,68,26,63
simonal01,2014,1,CIN,32,32,589,3.44,181,56,127
simonal01,2015,1,DET,31,31,561,5.05,201,68,117
simonal01,2016,1,CIN,15,11,176,9.36,89,31,39
simonja01,2002,1,SLN,24,24,430,4.02,134,54,72
simonja01,2003,1,SLN,46,16,379,5.56,153,41,74
simonja01,2004,1,SLN,13,0,46,5.28,17,7,3
simonja01,2007,1,WAS,13,13,212,6.37,95,23,42
simpsal01,2004,1,COL,32,0,117,5.08,44,20,46
simpsal01,2005,1,COL,2,0,2,67.5,3,3,0
simpsal01,2005,2,CIN,9,0,20,6.75,3,5,6
simpsal01,2006,1,MIL,2,0,8,3.38,1,4,5
simpsjo02,2025,1,MIA,31,0,92,7.34,34,22,36
simslu01,2017,1,ATL,14,10,173,5.62,64,23,44
simslu01,2018,1,ATL,6,0,31,7.84,12,8,10
simslu01,2018,2,CIN,3,0,16,6.75,3,5,6
simslu01,2019,1,CIN,24,4,129,4.6,31,19,57
simslu01,2020,1,CIN,20,0,77,2.45,13,11,34
simslu01,2021,1,CIN,47,0,141,4.4,34,18,76
simslu01,2022,1,CIN,6,0,20,9.45,5,6,5
simslu01,2023,1,CIN,67,0,183,3.1,33,39,72
simslu01,2024,1,CIN,43,0,106,3.57,30,20,40
simslu01,2024,2,BOS,15,0,42,6.43,11,10,9
simslu01,2025,1,WAS,18,0,37,13.86,14,14,13
singebr01,2020,1,KCA,12,12,193,4.06,52,23,61
singebr01,2021,1,KCA,27,27,385,4.91,146,53,131
singebr01,2022,1,KCA,27,24,460,3.23,140,35,150
singebr01,2023,1,KCA,29,29,479,5.52,182,49,133
singebr01,2024,1,KCA,32,32,539,3.71,175,54,170
singebr01,2025,1,CIN,32,32,509,4.03,150,60,163
sinkbbr01,2010,1,MIA,3,0,6,13.5,2,5,1
sippto01,2009,1,CLE,46,0,120,2.93,27,25,48
sippto01,2010,1,CLE,70,0,189,4.14,48,39,69
sippto01,2011,1,CLE,69,0,187,3.03,45,24,57
sippto01,2012,1,CLE,63,0,165,4.42,47,23,51
sippto01,2013,1,ARI,56,0,113,4.78,35,22,42
sippto01,2014,1,HOU,56,0,152,3.38,28,17,63
sippto01,2015,1,HOU,60,0,163,1.99,41,15,62
sippto01,2016,1,HOU,60,0,131,4.95,52,18,40
sippto01,2017,1,HOU,46,0,112,5.79,36,16,39
sippto01,2018,1,HOU,54,0,116,1.86,27,13,42
sippto01,2019,1,WAS,36,0,63,4.71,19,9,18
sirotmi01,2000,1,CHA,32,32,591,3.79,203,69,128
siscoan01,2005,1,KCA,67,0,226,3.11,68,42,76
siscoan01,2006,1,KCA,65,0,175,7.1,66,40,52
siscoan01,2007,1,CHA,19,0,42,8.36,19,11,13
siskev01,2025,1,KCA,5,0,16,1.69,5,5,11
siskev01,2025,2,PIT,14,0,37,4.38,11,5,14
sittibr01,2021,1,ARI,5,0,14,7.71,5,2,1
skaggty01,2012,1,ARI,6,6,88,5.83,30,13,21
skaggty01,2013,1,ARI,7,7,116,5.12,38,15,36
skaggty01,2014,1,LAA,18,18,339,4.3,107,30,86
skaggty01,2016,1,LAA,10,10,149,4.17,51,23,50
skaggty01,2017,1,LAA,16,16,255,4.55,90,28,76
skaggty01,2018,1,LAA,24,24,376,4.02,127,40,129
skaggty01,2019,1,LAA,15,15,239,4.29,73,28,78
skenepa01,2024,1,PIT,23,23,399,1.96,94,32,170
skenepa01,2025,1,PIT,32,32,563,1.97,136,42,216
skogler01,2017,1,KCA,7,5,54,9.5,30,12,14
skogler01,2018,1,KCA,14,13,210,5.14,66,19,49
skogler01,2019,1,KCA,6,4,63,9.0,30,9,4
skrmema01,2000,1,WAS,6,0,16,15.19,6,6,4
skrmema01,2000,2,PIT,8,0,28,9.64,13,3,7
skubata01,2020,1,DET,8,7,96,5.63,28,11,37
skubata01,2021,1,DET,31,29,448,4.34,141,47,164
skubata01,2022,1,DET,21,21,353,3.52,104,32,117
skubata01,2023,1,DET,15,15,241,2.8,58,14,102
skubata01,2024,1,DET,31,31,576,2.39,142,35,228
skubata01,2025,1,DET,31,31,586,2.21,141,33,241
slamaan01,2010,1,MIN,5,0,14,7.71,6,5,5
slamaan01,2011,1,MIN,2,0,7,0.0,0,2,3
slanida01,2017,1,SFN,1,0,3,0.0,0,0,0
slateau01,2021,1,SFN,1,0,1,0.0,0,1,0
slateau01,2025,2,NYA,1,0,2,0.0,1,0,0
slatedo01,2006,1,ARI,9,0,17,0.0,3,2,3
slatedo01,2007,1,ARI,61,0,109,2.72,41,14,28
slatedo01,2008,1,ARI,45,0,97,4.73,33,14,20
slatedo01,2009,1,ARI,11,0,19,7.11,10,1,4
slatedo01,2010,1,WAS,49,0,122,3.1,34,19,36
slatedo01,2011,1,WAS,31,0,49,4.41,26,9,13
slatedo01,2012,1,PIT,10,0,39,2.77,9,8,6
slateju01,2024,1,BOS,44,0,166,2.93,47,9,58
slateju01,2025,1,BOS,36,0,102,4.24,27,10,25
slegeaa01,2017,1,MIN,4,3,46,6.46,12,6,9
slegeaa01,2018,1,MIN,4,2,41,5.27,17,2,6
slegeaa01,2019,1,TB,1,0,9,3.0,3,0,0
slegeaa01,2020,1,TB,11,1,78,3.46,18,5,19
slegeaa01,2021,1,LAA,29,0,93,6.97,43,15,25
slocubr01,2006,1,CLE,8,2,53,5.6,27,9,11
slocubr01,2008,1,CLE,2,0,6,27.0,8,0,1
slocuhe01,2000,1,SLN,43,0,149,5.44,50,24,34
slocuhe01,2000,2,SDN,22,0,57,3.79,19,13,12
sloweke01,2007,1,MIN,13,11,200,4.73,82,11,47
sloweke01,2008,1,MIN,27,27,481,3.99,161,24,123
sloweke01,2009,1,MIN,16,16,272,4.86,113,15,75
sloweke01,2010,1,MIN,30,28,467,4.45,172,29,116
sloweke01,2011,1,MIN,14,8,178,6.67,78,5,34
sloweke01,2013,1,MIA,20,14,276,4.11,106,18,76
sloweke01,2014,1,MIA,17,2,112,5.3,53,9,24
slusajo01,2000,1,HOU,54,0,231,4.21,80,22,54
slusajo01,2001,1,ATL,4,0,18,9.0,9,1,5
slusajo01,2001,2,HOU,8,0,30,9.0,16,3,6
smallaa01,2002,1,ATL,1,0,1,27.0,2,2,1
smallaa01,2004,1,MIA,7,0,49,8.27,24,7,8
smallaa01,2005,1,NYA,15,9,228,3.2,71,24,37
smallaa01,2006,1,NYA,11,3,83,8.46,42,12,12
smallet01,2022,1,MIL,2,2,19,7.11,8,8,7
smallet01,2023,1,MIL,2,0,12,11.25,9,2,6
smartjd01,2001,1,TEX,15,0,46,6.46,19,4,10
smeltde01,2019,1,MIN,11,6,147,3.86,50,12,38
smeltde01,2020,1,MIN,7,1,48,6.75,19,5,15
smeltde01,2021,1,MIN,1,0,14,0.0,1,1,3
smeltde01,2022,1,MIN,15,12,211,3.71,67,19,40
smeltde01,2023,1,MIA,9,1,67,6.45,29,4,16
smithaj01,2023,1,ATL,6,5,76,4.26,17,11,20
smithaj01,2024,1,ATL,1,1,13,0.0,3,2,4
smithaj01,2025,1,ATL,9,9,133,3.86,42,21,42
smithbl01,2016,1,CHA,5,0,13,6.23,7,0,1
smithbr03,2000,1,PIT,3,0,13,10.38,6,2,3
smithbu02,2001,1,SLN,16,14,254,3.83,79,24,59
smithbu02,2002,1,SLN,11,10,144,6.94,67,22,22
smithbu03,2013,1,SDN,10,7,109,6.44,39,21,46
smithbu03,2018,1,KCA,38,6,234,6.92,90,40,77
smithbu03,2019,1,MIL,7,0,38,7.82,16,10,14
smithbu03,2019,2,SFN,10,0,26,2.08,10,4,6
smithbu03,2020,1,ATH,6,0,36,2.25,7,1,13
smithbu03,2021,1,ATH,31,0,130,5.4,49,11,28
smithbu03,2024,1,MIA,25,0,89,4.25,39,9,23
smithbu03,2024,2,BAL,25,0,80,5.74,25,3,23
smithca02,2014,1,SEA,9,0,25,0.0,2,3,10
smithca02,2015,1,SEA,70,0,210,2.31,49,22,92
smithca02,2016,1,BOS,3,0,8,0.0,2,1,2
smithca02,2017,1,BOS,8,0,20,1.35,7,2,7
smithca02,2018,1,BOS,18,0,43,3.77,14,6,18
smithca03,2017,1,NYA,9,2,56,7.71,21,10,18
smithca03,2018,1,MIA,16,16,232,4.19,63,33,88
smithca03,2019,1,MIA,28,28,460,4.52,128,60,168
smithca03,2020,1,MIA,1,1,9,3.0,1,6,3
smithca03,2020,2,ARI,4,3,33,2.45,5,6,12
smithca03,2021,1,ARI,45,13,341,4.83,93,63,124
smithca03,2022,1,ARI,44,1,210,4.11,57,39,65
smithca05,2024,1,CLE,74,0,226,1.91,51,17,103
smithca05,2025,1,CLE,76,0,221,2.93,55,19,104
smithch06,2000,1,MIA,19,19,368,3.23,111,54,118
smithch06,2001,1,MIA,15,15,264,4.7,89,35,71
smithch07,2008,1,BOS,12,0,55,7.85,18,7,13
smithch07,2009,1,MIL,35,0,138,4.11,41,19,35
smithch07,2010,1,MIL,3,0,10,5.4,4,1,4
smithch07,2016,1,ATH,13,0,74,2.92,14,13,29
smithch07,2017,1,ATH,14,9,167,6.79,60,22,31
smithch08,2014,1,DET,10,0,35,5.4,15,3,9
smithch08,2015,1,ATH,2,0,4,33.75,5,3,2
smithch09,2017,1,TOR,4,0,15,5.4,7,1,1
smithch10,2022,1,COL,15,0,54,7.5,16,15,23
smithch10,2023,1,ATH,10,0,41,6.59,15,7,9
smithda06,2000,1,BOS,2,0,10,8.1,2,3,1
smithda06,2002,1,WAS,33,0,140,3.47,34,21,34
smithda06,2003,1,WAS,32,0,113,5.26,42,18,35
smithdo02,2024,1,BOS,3,0,9,0.0,2,1,0
smithdr01,2018,1,NYN,27,0,84,3.54,34,6,18
smithdr01,2020,1,NYN,8,0,21,6.43,6,2,7
smithdr01,2021,1,NYN,31,1,124,2.4,28,16,41
smithdr01,2022,1,NYN,44,0,138,3.33,38,15,53
smithdr01,2023,1,NYN,63,0,169,4.15,50,29,60
smithdr01,2024,1,NYN,19,0,53,3.06,18,9,23
smithdy01,2025,1,DET,7,0,39,1.38,6,5,4
smithgr02,2008,1,ATH,32,32,571,4.16,169,87,111
smithgr02,2010,1,COL,8,8,117,6.23,49,24,31
smithja06,2016,1,SDN,4,0,12,4.5,5,1,3
smithjo05,2007,1,NYN,54,0,133,3.45,48,21,45
smithjo05,2008,1,NYN,82,0,190,3.55,51,31,52
smithjo05,2009,1,CLE,37,0,102,3.44,30,13,30
smithjo05,2010,1,CLE,53,0,120,3.83,30,24,32
smithjo05,2011,1,CLE,71,0,201,2.01,52,21,45
smithjo05,2012,1,CLE,72,0,201,2.96,53,25,53
smithjo05,2013,1,CLE,70,0,189,2.29,54,23,54
smithjo05,2014,1,LAA,76,0,224,1.81,45,15,68
smithjo05,2015,1,LAA,70,0,196,3.58,64,19,57
smithjo05,2016,1,LAA,38,0,113,3.82,36,13,25
smithjo05,2016,2,CHN,16,0,43,2.51,11,5,15
smithjo05,2017,1,TOR,38,0,107,3.28,30,10,51
smithjo05,2017,2,CLE,21,0,55,3.44,16,0,20
smithjo05,2018,1,HOU,56,0,137,3.74,34,12,46
smithjo05,2019,1,HOU,28,0,75,1.8,19,5,22
smithjo05,2021,1,HOU,27,0,65,7.48,35,4,17
smithjo05,2021,2,SEA,23,0,54,2.0,12,4,17
smithjo05,2022,1,MIN,34,0,82,4.61,33,9,17
smithjo06,2010,1,CIN,37,0,126,3.86,45,11,26
smithjo06,2011,1,CIN,17,0,60,7.2,32,8,13
smithjo07,2015,1,CIN,9,7,98,6.89,42,21,30
smithjo07,2016,1,CIN,32,2,179,4.68,57,26,48
smithjo07,2017,1,ATH,26,0,105,4.89,35,15,25
smithjo07,2019,1,BOS,18,2,93,5.81,36,8,29
smithjo07,2020,1,MIA,16,1,79,6.84,33,11,18
smithjo08,2019,1,CLE,8,0,25,5.4,8,8,12
smithjo08,2019,2,MIA,6,0,13,8.31,3,3,2
smithjo08,2020,1,MIA,2,0,5,10.8,2,1,4
smithma04,2006,1,NYA,12,0,36,0.0,4,8,9
smithma04,2006,2,PHI,14,0,26,2.08,3,4,12
smithma04,2007,1,PHI,9,0,12,11.25,4,11,1
smithmi06,2002,1,TOR,14,6,106,6.62,43,20,16
smithmi06,2006,1,MIN,1,1,9,12.0,5,3,1
smithmu01,2018,1,TOR,3,0,10,8.1,5,1,0
smithpa04,2024,1,ARI,1,0,3,0.0,0,1,0
smithri01,2020,1,ARI,6,0,55,1.47,15,5,18
smithri01,2021,1,ARI,24,6,202,6.01,86,15,36
smithro03,2001,1,CLE,9,0,49,6.06,16,13,17
smithro03,2002,1,CLE,4,1,18,3.0,9,5,2
smithsh02,2025,1,CHA,29,29,439,3.81,117,58,145
smithtr01,2002,1,SLN,12,10,162,7.17,69,20,32
smithtr01,2004,1,ATL,16,4,122,6.2,48,12,26
smithtr01,2005,1,MIA,12,0,32,6.75,17,5,9
smithtr01,2006,1,ATL,1,1,13,4.15,5,1,1
smithwi04,2012,1,KCA,16,16,269,5.32,111,33,59
smithwi04,2013,1,KCA,19,1,100,3.24,24,7,43
smithwi04,2014,1,MIL,78,0,197,3.7,62,31,86
smithwi04,2015,1,MIL,76,0,190,2.7,52,24,91
smithwi04,2016,1,MIL,27,0,66,3.68,18,9,22
smithwi04,2016,2,SFN,26,0,55,2.95,13,9,26
smithwi04,2018,1,SFN,54,0,159,2.55,37,15,71
smithwi04,2019,1,SFN,63,0,196,2.76,46,21,96
smithwi04,2020,1,ATL,18,0,48,4.5,11,4,18
smithwi04,2021,1,ATL,71,0,204,3.44,49,28,87
smithwi04,2022,1,ATL,41,0,111,4.38,35,21,41
smithwi04,2022,2,HOU,24,0,66,3.27,23,4,24
smithwi04,2023,1,TEX,60,0,172,4.4,44,17,55
smithwi04,2024,1,KCA,45,0,124,6.53,45,15,29
smokejo01,2016,1,NYN,20,0,46,4.7,16,4,25
smokejo01,2017,1,NYN,54,0,169,5.11,64,32,68
smokejo01,2018,1,PIT,7,0,17,11.12,11,5,2
smokejo01,2018,2,DET,1,0,5,0.0,0,2,2
smolija01,2018,1,ATH,1,0,3,18.0,2,0,0
smoltjo01,2001,1,ATL,36,5,177,3.36,53,10,57
smoltjo01,2002,1,ATL,75,0,241,3.25,59,24,85
smoltjo01,2003,1,ATL,62,0,193,1.12,48,8,73
smoltjo01,2004,1,ATL,73,0,245,2.76,75,13,85
smoltjo01,2005,1,ATL,33,33,689,3.06,210,53,169
smoltjo01,2006,1,ATL,35,35,696,3.49,221,55,211
smoltjo01,2007,1,ATL,32,32,617,3.11,196,47,197
smoltjo01,2008,1,ATL,6,5,84,2.57,25,8,36
smoltjo01,2009,1,BOS,8,8,120,8.33,59,9,33
smoltjo01,2009,2,SLN,7,7,114,4.26,36,9,40
smylydr01,2012,1,DET,23,18,298,3.99,93,33,94
smylydr01,2013,1,DET,63,0,228,2.37,62,17,81
smylydr01,2014,1,DET,21,18,316,3.93,111,31,89
smylydr01,2014,2,TB,7,7,143,1.7,25,11,44
smylydr01,2015,1,TB,12,12,200,3.11,58,20,77
smylydr01,2016,1,TB,30,30,526,4.88,174,49,167
smylydr01,2019,1,TEX,13,9,154,8.42,64,34,52
smylydr01,2019,2,PHI,12,12,188,4.45,62,21,68
smylydr01,2020,1,SFN,7,5,79,3.42,20,9,42
smylydr01,2021,1,ATL,29,23,380,4.48,133,41,117
smylydr01,2022,1,CHN,22,22,319,3.47,101,26,91
smylydr01,2023,1,CHN,41,23,427,5.0,147,56,141
smylydr01,2024,1,CHN,50,0,176,3.84,57,25,56
smythst01,2002,1,CHN,8,7,78,9.35,34,10,16
snarery01,2004,1,TEX,1,0,10,10.8,5,2,0
sneadki01,2021,1,TOR,7,0,23,2.35,7,2,7
sneadki01,2022,1,ATH,46,0,134,5.84,56,22,35
sneadki01,2023,1,ATH,15,0,35,4.63,14,6,9
sneadki01,2024,1,SEA,11,0,31,4.35,12,7,7
sneedcy01,2019,1,HOU,8,0,64,5.48,26,5,23
sneedcy01,2020,1,HOU,18,0,52,5.71,22,10,21
snellbl01,2016,1,TB,19,19,267,3.54,93,51,98
snellbl01,2017,1,TB,24,24,388,4.04,113,59,119
snellbl01,2018,1,TB,31,31,542,1.89,112,64,221
snellbl01,2019,1,TB,23,23,321,4.29,96,40,147
snellbl01,2020,1,TB,11,11,150,3.24,42,18,63
snellbl01,2021,1,SDN,27,27,386,4.2,101,69,170
snellbl01,2022,1,SDN,24,24,384,3.38,103,51,171
snellbl01,2023,1,SDN,32,32,540,2.25,115,99,234
snellbl01,2024,1,SFN,20,20,312,3.12,65,44,145
snellbl01,2025,1,LAN,11,11,184,2.35,51,26,72
snellia01,2004,1,PIT,3,1,36,7.5,14,9,9
snellia01,2005,1,PIT,15,5,126,5.14,43,24,34
snellia01,2006,1,PIT,32,32,558,4.74,198,74,169
snellia01,2007,1,PIT,32,32,624,3.76,209,68,177
snellia01,2008,1,PIT,31,31,493,5.42,201,89,135
snellia01,2009,1,PIT,15,15,242,5.36,87,44,52
snellia01,2009,2,SEA,12,12,193,4.2,61,39,37
snellia01,2010,1,SEA,12,8,139,6.41,60,25,26
sneltdj01,2018,1,SFN,4,0,13,10.38,9,3,4
snideco01,2022,1,KCA,42,0,103,6.55,40,15,22
snideco01,2023,1,KCA,20,1,61,4.87,24,13,11
snideco01,2024,1,SEA,42,0,125,1.94,36,13,47
snideco01,2025,1,SEA,24,0,79,5.47,32,6,24
snidetr01,2014,1,PIT,1,0,3,18.0,1,2,1
snodgsc01,2014,1,CHA,4,0,7,15.43,8,3,1
snydejo02,2000,1,MIL,23,23,381,6.17,147,77,69
snydeky01,2003,1,KCA,15,15,256,5.17,94,21,39
snydeky01,2005,1,KCA,13,3,108,6.75,55,10,19
snydeky01,2006,1,KCA,1,1,6,22.5,10,1,2
snydeky01,2006,2,BOS,16,10,175,6.02,77,19,55
snydeky01,2007,1,BOS,46,0,163,3.81,45,32,41
snydeky01,2008,1,BOS,2,0,5,21.6,2,2,1
snydeni01,2021,1,TEX,4,0,11,4.91,3,3,1
snydeni01,2022,1,TEX,2,0,3,18.0,1,3,0
sobkosc01,2001,1,ATL,1,0,3,9.0,2,0,0
sobotch01,2018,1,ATL,14,0,43,1.88,5,9,21
sobotch01,2019,1,ATL,32,0,87,6.21,28,19,38
sobotch01,2020,1,ATL,4,0,11,12.27,6,2,2
socolmi01,2012,1,BAL,6,0,31,6.97,11,6,6
socolmi01,2012,2,CHN,6,0,18,4.5,4,3,6
socolmi01,2015,1,SLN,28,0,89,1.82,25,10,27
socolmi01,2016,1,SLN,15,0,54,2.0,5,5,16
socolmi01,2017,1,SLN,15,0,56,8.68,27,4,14
socolmi01,2018,1,ATL,4,0,15,10.8,8,2,4
sogarer01,2021,1,CHN,5,0,13,6.23,7,0,1
soleral01,2006,1,NYN,8,8,135,6.0,50,21,23
solissa01,2015,1,WAS,18,0,64,3.38,25,4,17
solissa01,2016,1,WAS,37,0,123,2.41,31,21,47
solissa01,2017,1,WAS,30,0,78,5.88,22,13,28
solissa01,2018,1,WAS,56,0,118,6.41,43,18,44
solomja01,2022,1,CIN,9,0,25,10.8,8,5,9
solompe01,2021,1,HOU,6,0,42,1.29,10,8,10
solompe01,2023,1,ARI,5,0,40,12.15,17,11,6
sommedr01,2025,1,DET,4,0,9,18.0,7,3,3
somsela01,2016,1,CIN,2,0,7,19.29,6,3,2
sonnaan01,2007,1,TB,22,22,392,5.85,151,26,97
sonnaan01,2008,1,TB,32,32,580,4.38,212,37,124
sonnaan01,2009,1,TB,22,18,299,6.77,131,34,60
sonnaan01,2010,1,TB,41,4,243,4.44,83,27,50
sonnaan01,2011,1,TB,15,4,107,5.55,40,12,12
soriage01,2023,1,MIA,26,1,156,3.81,46,23,52
soriage01,2024,1,MIA,22,0,88,6.75,27,13,29
soriage01,2025,1,MIA,24,0,110,8.35,46,19,36
soriajo01,2007,1,KCA,62,0,207,2.48,46,19,75
soriajo01,2008,1,KCA,63,0,202,1.6,39,19,66
soriajo01,2009,1,KCA,47,0,159,2.21,44,16,69
soriajo01,2010,1,KCA,66,0,197,1.78,53,16,71
soriajo01,2011,1,KCA,60,0,181,4.03,60,17,60
soriajo01,2013,1,TEX,26,0,71,3.8,18,14,28
soriajo01,2014,1,TEX,35,0,100,2.7,25,4,42
soriajo01,2014,2,DET,13,0,33,4.91,13,2,6
soriajo01,2015,1,DET,43,0,123,2.85,32,11,36
soriajo01,2015,2,PIT,29,0,80,2.03,23,8,28
soriajo01,2016,1,KCA,70,0,200,4.05,70,27,68
soriajo01,2017,1,KCA,59,0,168,3.7,49,20,64
soriajo01,2018,1,CHA,40,0,116,2.56,35,10,49
soriajo01,2018,2,MIL,26,0,66,4.09,18,6,26
soriajo01,2019,1,ATH,71,1,207,4.3,51,20,79
soriajo01,2020,1,ATH,22,0,67,2.82,18,10,24
soriajo01,2021,1,ARI,31,0,88,4.3,31,8,31
soriajo01,2021,2,TOR,10,0,24,7.88,8,4,9
soriajo02,2023,1,LAA,38,0,126,3.64,33,23,56
soriajo02,2024,1,LAA,22,20,339,3.42,91,45,97
soriajo02,2025,1,LAA,31,31,507,4.26,158,78,152
soriara01,2002,1,SEA,10,8,142,4.56,45,16,32
soriara01,2003,1,SEA,40,0,159,1.53,30,12,68
soriara01,2004,1,SEA,6,0,10,13.5,9,3,3
soriara01,2005,1,SEA,7,0,22,2.45,6,1,9
soriara01,2006,1,SEA,53,0,180,2.25,44,21,65
soriara01,2007,1,ATL,71,0,216,3.0,47,15,70
soriara01,2008,1,ATL,14,0,42,2.57,7,9,16
soriara01,2009,1,ATL,77,0,227,2.97,53,27,102
soriara01,2010,1,TB,64,0,187,1.73,36,14,57
soriara01,2011,1,NYA,42,0,118,4.12,33,18,36
soriara01,2012,1,NYA,69,0,203,2.26,55,24,69
soriara01,2013,1,WAS,68,0,200,3.11,65,17,51
soriara01,2014,1,WAS,64,0,186,3.19,51,19,59
soriara01,2015,1,CHN,6,0,17,6.35,8,1,4
sorokmi01,2018,1,ATL,5,5,77,3.51,30,7,21
sorokmi01,2019,1,ATL,29,29,524,2.68,153,41,142
sorokmi01,2020,1,ATL,3,3,41,3.95,11,7,8
sorokmi01,2023,1,ATL,7,6,97,6.4,36,12,29
sorokmi01,2024,1,CHA,25,9,239,4.74,66,44,84
sorokmi01,2025,1,WAS,16,16,244,4.87,68,24,87
sorokmi01,2025,2,CHN,6,1,25,1.08,4,5,8
sosahe01,2011,1,HOU,10,10,160,5.23,54,23,38
sosajo02,2002,1,TB,31,14,298,5.53,88,54,48
sosajo02,2003,1,TB,29,19,386,4.62,137,60,72
sosajo02,2004,1,TB,43,8,298,5.53,100,54,94
sosajo02,2005,1,ATL,44,20,402,2.55,122,64,85
sosajo02,2006,1,ATL,26,13,262,5.46,105,32,58
sosajo02,2006,2,SLN,19,0,92,5.28,33,8,17
sosajo02,2007,1,NYN,42,14,338,4.47,109,41,69
sosajo02,2008,1,NYN,20,0,65,7.06,30,11,12
sosajo02,2009,1,WAS,18,0,67,6.45,28,12,17
sosajo02,2010,1,MIA,22,2,110,4.66,39,18,19
sotogi01,2015,1,CLE,6,0,10,0.0,3,0,0
sotogr01,2019,1,DET,33,7,173,5.77,74,33,45
sotogr01,2020,1,DET,27,0,69,4.3,16,13,29
sotogr01,2021,1,DET,62,0,191,3.39,46,40,76
sotogr01,2022,1,DET,64,0,181,3.28,49,34,60
sotogr01,2023,1,PHI,69,0,181,4.62,47,22,65
sotogr01,2024,1,PHI,43,0,106,4.08,36,20,44
sotogr01,2024,2,BAL,23,0,53,5.09,20,7,21
sotogr01,2025,1,BAL,45,0,109,3.96,29,18,44
sotogr01,2025,2,NYN,25,0,72,4.5,33,6,26
sousabe01,2022,1,CHA,25,0,61,8.41,25,10,12
sousabe01,2023,1,MIL,2,0,8,13.5,5,2,2
sousabe01,2023,2,HOU,5,0,19,0.0,1,0,8
sousabe01,2025,1,HOU,44,0,152,2.84,37,15,59
sowerje01,2006,1,CLE,14,14,265,3.57,85,20,35
sowerje01,2007,1,CLE,13,13,202,6.42,84,21,24
sowerje01,2008,1,CLE,22,22,363,5.58,141,39,64
sowerje01,2009,1,CLE,23,22,370,5.25,134,52,51
spangco01,2018,1,SDN,2,0,6,13.5,4,3,0
sparkgl01,2017,1,TOR,2,0,3,63.0,9,1,1
sparkgl01,2018,1,KCA,15,3,115,4.46,47,15,27
sparkgl01,2019,1,KCA,31,23,408,6.02,164,41,81
sparkgl01,2020,1,KCA,4,0,15,5.4,9,1,2
sparkje01,2000,1,TB,15,0,61,3.54,13,18,24
sparkst01,2000,1,DET,20,15,312,4.07,108,29,53
sparkst01,2001,1,DET,35,33,696,3.65,244,64,116
sparkst01,2002,1,DET,32,30,567,5.52,238,67,98
sparkst01,2003,1,DET,42,0,269,4.72,95,34,49
sparkst01,2003,2,ATH,9,0,52,5.71,19,3,5
sparkst01,2004,1,ARI,29,18,362,6.04,139,45,57
sparkst02,2000,1,PIT,3,0,12,6.75,4,5,2
speasal01,2023,1,TEX,3,0,6,13.5,2,5,4
speasal01,2024,1,HOU,1,0,6,4.5,2,1,2
speiega01,2019,1,KCA,9,0,22,7.36,5,6,10
speiega01,2020,1,KCA,8,0,17,7.94,9,4,6
speiega01,2021,1,KCA,7,0,23,1.17,10,0,5
speiega01,2022,1,KCA,17,1,58,2.33,16,5,14
speiega01,2023,1,SEA,69,0,164,3.79,47,11,64
speiega01,2024,1,SEA,29,0,71,5.7,19,14,33
speiega01,2025,1,SEA,76,0,186,2.61,43,11,82
speieju01,2000,1,CLE,47,0,205,3.29,57,28,69
speieju01,2001,1,CLE,12,0,62,6.97,24,8,15
speieju01,2001,2,COL,42,0,168,3.7,47,12,47
speieju01,2002,1,COL,63,0,187,4.33,51,19,47
speieju01,2003,1,COL,72,0,220,4.05,73,23,66
speieju01,2004,1,TOR,62,0,207,3.91,61,25,52
speieju01,2005,1,TOR,65,0,200,2.57,48,15,56
speieju01,2006,1,TOR,58,0,154,2.98,47,21,55
speieju01,2007,1,LAA,51,0,150,2.88,36,12,47
speieju01,2008,1,LAA,62,0,204,5.03,69,27,56
speieju01,2009,1,LAA,41,0,120,5.18,44,15,39
speiery01,2005,1,COL,22,0,74,3.65,26,13,10
speiery01,2007,1,COL,20,0,54,4.0,20,8,13
speiery01,2008,1,COL,43,0,153,4.06,52,18,33
speiery01,2009,1,COL,5,0,17,4.76,6,3,2
speigle01,2007,1,WAS,19,6,120,8.78,58,23,19
speigle01,2008,1,WAS,7,0,24,11.25,13,6,1
spencjo01,2011,1,SDN,40,0,89,2.73,14,19,31
spencjo01,2012,1,SDN,11,0,31,4.35,13,5,10
spencmi01,2024,1,ATH,35,24,454,4.58,165,44,126
spencmi01,2025,1,ATH,32,8,254,5.1,96,26,66
spencse01,2000,1,WAS,8,0,20,5.4,7,3,6
spencst02,2000,1,SDN,8,8,149,3.26,44,19,40
spierca01,2023,1,CIN,4,2,39,6.92,18,7,12
spierca01,2024,1,CIN,22,10,272,5.46,112,27,80
spierca01,2025,1,CIN,3,2,40,6.08,13,7,11
spiezsc01,2007,1,SLN,1,0,3,0.0,0,1,0
spitzsh01,2021,1,PIT,5,0,15,3.6,4,2,1
spoljpa01,2000,1,KCA,13,0,29,6.52,9,5,6
spoonti01,2001,1,ATL,4,0,12,2.25,5,2,3
spoonti01,2002,1,ATL,51,0,154,2.63,38,26,33
spoonti01,2003,1,MIA,33,0,126,4.07,27,11,32
spradje01,2000,1,KCA,50,0,225,5.52,81,27,54
spradje01,2000,2,CHN,8,1,45,8.4,20,5,13
sprinde01,2000,1,NYN,2,2,34,8.74,20,5,5
sprinde01,2001,1,LAN,4,3,57,3.32,19,2,7
sprinde01,2002,1,LAN,1,0,4,6.75,1,2,1
sprinje01,2018,1,TEX,18,2,96,3.38,32,14,31
sprinje01,2019,1,TEX,25,0,97,6.4,38,23,32
sprinje01,2020,1,BOS,16,0,61,7.08,30,7,28
sprinje01,2021,1,TB,43,0,134,3.43,35,14,63
sprinje01,2022,1,TB,33,25,406,2.46,114,31,144
sprinje01,2023,1,TB,3,3,48,0.56,4,4,24
sprinje01,2024,1,TB,7,7,99,3.27,34,11,37
sprinje01,2025,1,ATH,32,30,513,4.11,153,54,138
sprinru01,2000,1,ARI,52,0,186,5.08,63,34,59
sprinru01,2001,1,ARI,18,0,53,7.13,20,4,12
sprinru01,2003,1,SLN,17,0,52,8.31,19,6,11
sprinru01,2004,1,HOU,16,0,41,2.63,15,6,9
sprinru01,2005,1,HOU,62,0,177,4.73,49,21,54
sprinru01,2006,1,HOU,72,0,179,3.47,46,16,46
sprinru01,2007,1,SLN,76,0,198,2.18,41,19,66
sprinru01,2008,1,SLN,70,0,151,2.32,39,18,45
sprinru01,2009,1,ATH,48,0,125,4.1,52,14,47
sprinru01,2009,2,TB,26,0,46,4.11,16,3,11
sprinru01,2010,1,CIN,2,0,5,5.4,2,0,1
sproabr01,2025,1,NYN,4,4,62,4.79,18,7,17
spruize01,2013,1,ARI,6,2,34,5.56,17,5,9
spruize01,2014,1,ARI,6,1,68,3.57,27,4,14
spurgja01,2000,1,BAL,7,4,72,6.0,26,15,11
spurlch01,2003,1,DET,66,0,231,4.68,78,22,38
spurlch01,2005,1,DET,56,0,212,3.44,58,22,26
spurlch01,2006,1,DET,9,0,34,3.18,13,4,4
spurlch01,2006,2,MIL,7,0,30,7.2,12,4,3
spurlch01,2007,1,MIL,49,0,150,4.68,63,14,28
stallja01,2019,1,PIT,1,0,3,0.0,0,0,0
stallja01,2023,1,MIA,7,0,24,4.5,12,0,1
stallja01,2025,1,COL,1,0,6,4.5,2,0,1
stammcr01,2009,1,WAS,19,19,317,5.11,112,24,48
stammcr01,2010,1,WAS,35,19,384,5.13,151,41,85
stammcr01,2011,1,WAS,7,0,31,0.87,3,4,12
stammcr01,2012,1,WAS,59,0,265,2.34,70,36,87
stammcr01,2013,1,WAS,55,0,245,2.76,78,27,79
stammcr01,2014,1,WAS,49,0,218,3.84,78,14,56
stammcr01,2015,1,WAS,5,0,12,0.0,2,3,3
stammcr01,2017,1,SDN,60,0,241,3.14,68,28,74
stammcr01,2018,1,SDN,73,0,237,2.73,65,17,88
stammcr01,2019,1,SDN,76,0,246,3.29,80,15,73
stammcr01,2020,1,SDN,24,0,72,5.63,27,4,20
stammcr01,2021,1,SDN,67,4,265,3.06,79,13,83
stammcr01,2022,1,SDN,33,1,122,4.43,45,10,35
standja01,2001,1,TB,9,1,58,4.66,19,14,9
standja01,2002,1,TB,1,0,9,9.0,7,4,1
standja01,2003,1,TB,8,7,106,6.37,38,16,20
standja01,2004,1,TB,3,1,30,9.0,14,4,7
standja01,2005,1,TEX,2,0,7,11.57,7,1,2
standja01,2005,2,CIN,32,0,93,4.06,38,16,17
standja01,2006,1,CIN,21,0,56,4.82,17,14,18
standja01,2007,1,KCA,4,0,23,8.22,11,5,6
stanery01,2017,1,TB,21,0,60,5.85,26,12,29
stanery01,2018,1,TB,59,29,199,2.98,45,27,81
stanery01,2019,1,TB,41,27,167,3.4,44,20,61
stanery01,2019,2,MIA,22,0,64,5.48,17,19,28
stanery01,2020,1,MIA,9,0,30,7.2,11,8,11
stanery01,2021,1,HOU,72,0,205,3.42,46,37,83
stanery01,2022,1,HOU,59,0,164,1.15,36,31,62
stanery01,2023,1,HOU,55,0,152,4.09,42,21,51
stanery01,2024,1,SEA,46,0,117,4.38,35,17,44
stanery01,2024,2,NYN,17,0,49,6.06,13,8,23
stanery01,2025,1,NYN,65,0,168,5.3,56,32,58
stanfja01,2003,1,CLE,13,8,150,3.6,48,16,30
stanfja01,2004,1,CLE,2,2,33,0.82,12,5,5
stanfja01,2007,1,CLE,8,2,79,4.78,32,7,16
stangda01,2010,1,ARI,4,0,12,13.5,4,6,2
stangda01,2013,1,LAA,3,0,5,16.2,2,2,1
staniro01,2000,1,BOS,8,0,39,7.62,22,4,3
stantmi02,2000,1,NYA,69,0,204,4.1,68,24,75
stantmi02,2001,1,NYA,76,0,241,2.58,80,29,78
stantmi02,2002,1,NYA,79,0,234,3.0,73,28,44
stantmi02,2003,1,NYN,50,0,136,4.57,37,19,34
stantmi02,2004,1,NYN,83,0,231,3.16,70,33,58
stantmi02,2005,1,NYA,28,0,42,7.07,17,6,12
stantmi02,2005,2,WAS,30,0,83,3.58,31,9,14
stantmi02,2005,3,BOS,1,0,3,0.0,1,0,1
stantmi02,2006,1,WAS,56,0,133,4.47,47,21,30
stantmi02,2006,2,SFN,26,0,70,3.09,23,6,18
stantmi02,2007,1,CIN,69,0,173,5.93,75,18,40
starkde01,2001,1,SEA,4,3,44,9.2,21,4,12
starkde01,2002,1,COL,32,20,385,4.0,108,64,64
starkde01,2003,1,COL,17,13,236,5.83,98,33,30
starkde01,2004,1,COL,6,6,78,11.42,53,18,10
starkde01,2009,1,SEA,9,0,33,6.55,13,10,7
stashco01,2019,1,MIN,18,1,75,3.24,29,1,25
stashco01,2020,1,MIN,11,0,45,3.0,11,3,17
stashco01,2021,1,MIN,15,0,47,6.89,16,10,26
stashco01,2022,1,MIN,11,0,49,3.86,16,0,15
stassma01,2019,1,HOU,1,0,1,0.0,0,0,0
staufti01,2005,1,SDN,15,14,243,5.33,92,29,49
staufti01,2006,1,SDN,1,1,18,1.5,3,1,2
staufti01,2007,1,SDN,2,2,23,21.13,15,6,6
staufti01,2009,1,SDN,14,14,219,3.58,71,34,53
staufti01,2010,1,SDN,32,7,248,1.85,65,24,61
staufti01,2011,1,SDN,31,31,557,3.73,180,53,128
staufti01,2012,1,SDN,1,1,15,5.4,7,3,5
staufti01,2013,1,SDN,43,0,209,3.75,59,20,64
staufti01,2014,1,SDN,44,3,193,3.5,67,23,67
staufti01,2015,1,MIN,13,0,45,6.6,24,7,6
staufti01,2015,2,NYN,5,0,17,7.94,8,2,8
staumjo01,2019,1,KCA,16,0,58,3.72,21,10,15
staumjo01,2020,1,KCA,26,0,77,2.45,20,16,37
staumjo01,2021,1,KCA,64,0,197,2.88,43,27,72
staumjo01,2022,1,KCA,42,0,113,6.45,37,29,43
staumjo01,2023,1,KCA,21,1,60,5.4,16,13,24
staumjo01,2024,1,MIN,25,0,73,3.7,17,14,18
stechge01,2000,1,SLN,20,0,77,6.31,24,17,12
stechge01,2001,1,SLN,67,0,210,3.86,71,30,51
stechge01,2002,1,SLN,29,0,96,4.78,27,17,21
steckdr01,2017,1,MIA,37,0,104,2.34,30,18,54
steckdr01,2018,1,MIA,71,0,194,3.9,55,27,74
steckdr01,2019,1,MIA,15,0,43,6.28,9,5,14
steckdr01,2021,1,SEA,62,0,203,2.0,52,17,58
steckdr01,2022,1,SEA,16,0,43,5.65,21,5,10
steelju01,2021,1,CHN,20,9,171,4.26,50,27,59
steelju01,2022,1,CHN,24,24,357,3.18,111,50,126
steelju01,2023,1,CHN,30,30,520,3.06,167,36,176
steelju01,2024,1,CHN,24,24,404,3.07,111,37,135
steelju01,2025,1,CHN,4,4,68,4.76,21,5,21
stefami01,2024,1,LAA,1,0,3,0.0,1,0,0
stefami01,2025,1,TOR,1,0,3,0.0,0,0,0
steinbl01,2000,1,KCA,17,17,323,4.68,98,57,78
steinbl01,2001,1,KCA,36,15,393,4.74,112,79,113
steinbl01,2002,1,KCA,27,2,140,7.91,59,27,42
stemlst01,2005,1,KCA,6,0,32,5.06,10,4,9
stemlst01,2006,1,KCA,5,0,18,15.0,15,3,0
stephga01,2000,1,SLN,32,31,601,4.49,209,63,123
stephga01,2002,1,SLN,12,10,135,5.4,48,25,34
stephga01,2003,1,SLN,32,27,523,4.59,167,60,91
stephja01,2017,1,CIN,7,4,75,4.68,19,9,21
stephja01,2018,1,CIN,29,0,115,4.93,50,15,33
stephja01,2022,1,ATL,39,1,161,3.69,49,23,47
stephja01,2023,1,ATL,5,0,36,3.0,13,5,11
stephja01,2024,1,ATL,3,0,10,2.7,5,1,2
stephjo03,2002,1,BAL,12,11,195,6.09,68,22,56
stephro01,2016,1,CIN,8,8,111,6.08,41,19,31
stephro01,2017,1,CIN,25,11,254,4.68,81,53,86
stephro01,2018,1,CIN,4,3,35,9.26,17,12,11
stephro01,2019,1,CIN,57,0,194,3.76,43,24,81
stephro01,2020,1,CIN,10,0,30,9.9,11,3,13
stephro01,2021,1,COL,49,0,138,3.13,42,18,52
stephro01,2022,1,COL,45,0,134,6.04,53,13,37
stephro01,2022,2,PIT,13,0,40,3.38,10,1,18
stephro01,2023,1,PIT,18,0,42,5.14,12,8,17
stephro01,2023,2,TB,42,0,115,2.35,18,8,60
stephro01,2025,1,LAA,12,0,30,2.7,7,3,10
stephtr01,2021,1,CLE,43,0,190,4.41,58,31,75
stephtr01,2022,1,CLE,66,0,191,2.69,57,18,82
stephtr01,2023,1,CLE,71,0,206,4.06,63,26,75
sternju01,2024,1,TB,2,0,12,2.25,5,1,4
sternju01,2025,1,ATH,59,1,195,3.18,47,21,70
stettmi01,2007,1,MIL,6,0,15,3.6,2,2,4
stettmi01,2008,1,MIL,30,0,76,3.2,14,19,31
stettmi01,2009,1,MIL,71,0,135,3.6,37,27,44
stettmi01,2010,1,MIL,9,0,11,14.73,7,3,3
stettmi01,2011,1,MIL,16,0,21,5.14,8,1,7
steveda01,2000,1,ATL,2,0,9,12.0,5,1,4
steveje01,2009,1,CHN,11,0,38,7.11,14,8,9
steveje01,2010,1,CHN,18,0,53,6.11,21,10,15
steveje01,2011,1,CHN,4,0,21,5.14,4,7,4
stewabr01,2016,1,LAN,7,5,84,5.79,33,12,25
stewabr01,2017,1,LAN,17,4,103,3.41,28,19,29
stewabr01,2018,1,LAN,9,2,53,6.11,23,9,14
stewabr01,2019,1,LAN,3,0,12,18.0,9,2,3
stewabr01,2019,2,TOR,10,0,65,8.31,28,6,16
stewabr01,2023,1,MIN,28,0,83,0.65,19,11,39
stewabr01,2024,1,MIN,16,0,47,5.17,15,8,20
stewabr01,2025,1,MIN,39,0,102,2.38,26,11,41
stewabr01,2025,2,LAN,4,0,11,4.91,6,2,3
stewajo02,2003,1,CHA,5,5,77,5.96,28,16,13
stewajo02,2004,1,CHA,3,2,23,15.26,16,3,5
stewako01,2018,1,MIN,8,4,110,3.68,34,18,24
stewako01,2019,1,MIN,9,2,76,6.39,29,8,10
stewako01,2021,1,CHN,4,3,41,5.27,17,6,11
stewasc01,2001,1,WAS,62,0,143,3.78,43,13,39
stewasc01,2002,1,WAS,67,0,192,3.09,49,22,67
stewasc01,2003,1,WAS,51,0,129,3.98,52,13,29
stewasc01,2004,1,CLE,23,0,41,7.24,23,6,18
stewasc01,2004,2,LAN,11,0,37,5.84,20,6,8
stewaza01,2011,1,TOR,3,3,50,4.86,26,5,10
stewaza01,2011,2,CHA,10,8,152,6.22,64,13,35
stewaza01,2012,1,CHA,18,1,90,6.0,41,4,16
stewaza01,2012,2,BOS,2,2,17,22.24,17,0,3
stievjo01,2020,1,CHA,2,2,19,9.95,7,4,3
stievjo01,2021,1,CHA,1,0,0,,4,0,0
stinsjo01,2011,1,NYN,14,0,39,6.92,14,7,8
stinsjo01,2012,1,MIL,6,1,28,0.96,7,5,3
stinsjo01,2013,1,BAL,11,1,51,3.18,10,3,12
stinsjo01,2014,1,BAL,8,0,39,6.23,16,6,6
stitema01,2014,1,ARI,37,0,99,5.73,33,16,26
stitema01,2015,1,ARI,11,0,26,12.46,14,5,6
stjohlo01,2019,1,TEX,7,0,20,5.4,7,4,5
stjohlo01,2022,1,CHN,1,0,6,13.5,3,0,4
stockph01,2006,1,ATL,4,0,12,2.25,3,4,4
stockph01,2008,1,ATL,6,0,22,0.0,2,4,9
stockro01,2018,1,SDN,32,0,119,2.5,37,13,38
stockro01,2019,1,SDN,10,0,32,10.13,14,8,15
stockro01,2020,1,BOS,10,0,40,4.73,16,10,14
stockro01,2021,1,CHN,1,1,12,11.25,4,6,3
stockro01,2021,2,NYN,2,2,15,5.4,6,3,6
stockro01,2025,1,BOS,2,0,8,10.13,4,4,1
stokebr01,2006,1,TB,5,4,72,4.88,31,9,15
stokebr01,2007,1,TB,59,0,187,7.07,90,25,35
stokebr01,2008,1,NYN,24,1,100,3.51,35,8,26
stokebr01,2009,1,NYN,69,0,211,3.97,72,38,45
stokebr01,2010,1,LAA,16,0,50,8.1,26,16,16
stonega01,2023,1,LAN,8,4,93,9.0,46,13,22
stonega01,2024,1,LAN,25,25,421,3.53,133,37,116
stoneri01,2001,1,HOU,6,0,23,2.35,8,2,4
stoneri01,2002,1,HOU,78,0,232,3.61,78,34,63
stoneri01,2003,1,HOU,65,0,249,3.69,76,31,47
stoneri01,2004,1,HOU,16,0,57,5.68,26,7,16
stoneri01,2004,2,SDN,27,0,98,6.89,40,9,22
stoneri01,2005,1,CIN,23,0,92,6.75,48,7,15
stoneri01,2007,1,CIN,5,0,16,10.13,7,0,3
stoneto01,2009,1,NYN,4,0,27,4.0,9,3,5
stoneto01,2010,1,NYN,1,0,7,3.86,3,1,0
storedr01,2010,1,WAS,54,0,166,3.58,48,22,52
storedr01,2011,1,WAS,73,0,226,2.75,57,20,74
storedr01,2012,1,WAS,37,0,91,2.37,22,8,24
storedr01,2013,1,WAS,68,0,185,4.52,65,19,58
storedr01,2014,1,WAS,65,0,169,1.12,44,11,46
storedr01,2015,1,WAS,58,0,165,3.44,45,16,67
storedr01,2016,1,TOR,38,0,100,6.21,43,10,32
storedr01,2016,2,SEA,19,0,55,3.44,13,3,16
storedr01,2017,1,CIN,58,0,164,4.45,57,23,48
storemi01,2012,1,HOU,26,0,91,3.86,27,10,34
storemi01,2013,1,TOR,3,0,12,6.75,6,1,6
stottto01,2000,1,ARI,18,18,286,4.91,98,36,76
stottto01,2002,1,ARI,5,4,61,7.52,26,7,12
stoudle01,2023,1,CIN,4,2,31,9.58,16,8,9
stouter01,2018,1,KCA,3,0,7,23.14,7,2,2
stouter01,2022,1,CHN,2,0,11,4.91,3,1,6
stouter01,2022,2,PIT,18,0,56,5.79,22,15,19
strahma01,2016,1,KCA,21,0,66,1.23,13,11,30
strahma01,2017,1,KCA,24,3,104,5.45,30,22,37
strahma01,2018,1,SDN,41,5,184,2.05,39,21,69
strahma01,2019,1,SDN,46,16,344,4.71,121,22,118
strahma01,2020,1,SDN,19,0,62,2.61,14,4,15
strahma01,2021,1,SDN,6,1,20,8.1,15,1,4
strahma01,2022,1,BOS,50,0,134,3.83,38,17,52
strahma01,2023,1,PHI,56,10,263,3.29,68,21,108
strahma01,2024,1,PHI,66,0,188,1.87,36,11,79
strahma01,2025,1,PHI,66,0,187,2.74,47,20,70
straida01,2012,1,ATH,7,7,118,3.89,36,16,32
straida01,2013,1,ATH,27,27,457,3.96,132,57,124
straida01,2014,1,ATH,7,7,115,4.93,33,15,34
straida01,2014,2,CHN,7,1,41,11.85,20,9,13
straida01,2015,1,HOU,4,3,50,5.4,16,8,14
straida01,2016,1,CIN,34,31,574,3.76,154,73,162
straida01,2017,1,MIA,33,33,545,4.26,176,60,170
straida01,2018,1,MIA,23,23,367,4.12,107,52,99
straida01,2019,1,BAL,14,8,143,9.82,73,22,33
stranpa02,2002,1,NYN,5,0,24,1.13,6,1,4
stranpa02,2003,1,NYN,6,0,27,11.0,13,11,5
strasst01,2010,1,WAS,12,12,204,2.91,56,17,92
strasst01,2011,1,WAS,5,5,72,1.5,15,2,24
strasst01,2012,1,WAS,28,28,478,3.16,136,48,197
strasst01,2013,1,WAS,30,30,549,3.0,136,56,191
strasst01,2014,1,WAS,34,34,645,3.14,198,43,242
strasst01,2015,1,WAS,23,23,382,3.46,115,26,155
strasst01,2016,1,WAS,24,24,443,3.6,119,44,183
strasst01,2017,1,WAS,28,28,526,2.52,131,47,204
strasst01,2018,1,WAS,22,22,390,3.74,118,38,156
strasst01,2019,1,WAS,33,33,627,3.32,161,56,251
strasst01,2020,1,WAS,2,2,15,10.8,8,1,2
strasst01,2021,1,WAS,5,5,65,4.57,16,14,21
strasst01,2022,1,WAS,1,1,14,13.5,8,2,5
stratch01,2016,1,SFN,7,0,30,3.6,11,5,6
stratch01,2017,1,SFN,13,10,176,3.68,59,28,51
stratch01,2018,1,SFN,28,26,435,5.09,153,54,112
stratch01,2019,1,LAA,7,5,88,8.59,43,18,22
stratch01,2019,2,PIT,28,0,140,3.66,50,15,47
stratch01,2020,1,PIT,27,0,90,3.9,26,13,39
stratch01,2021,1,PIT,68,0,238,3.63,70,33,86
stratch01,2022,1,PIT,40,1,122,5.09,50,13,37
stratch01,2022,2,SLN,20,0,68,2.78,22,12,23
stratch01,2023,1,SLN,42,0,161,4.19,45,17,59
stratch01,2023,2,TEX,22,0,87,3.41,24,8,22
stratch01,2024,1,KCA,57,0,175,5.55,53,33,44
stratch01,2025,1,KCA,12,0,51,7.94,29,8,16
stratch01,2025,2,LAN,3,0,12,6.75,3,2,6
strathu01,2023,1,PIT,8,0,36,2.25,9,3,10
strathu01,2024,1,PIT,36,0,113,3.58,37,7,33
strathu01,2025,1,PIT,3,0,8,23.63,10,2,1
strathu01,2025,2,ATL,12,0,49,2.2,13,5,15
streehu01,2005,1,ATH,67,0,235,1.72,53,26,72
streehu01,2006,1,ATH,69,0,212,3.31,64,13,67
streehu01,2007,1,ATH,48,0,150,2.88,35,12,63
streehu01,2008,1,ATH,63,0,210,3.73,58,27,69
streehu01,2009,1,COL,64,0,185,3.06,43,13,70
streehu01,2010,1,COL,44,0,142,3.61,39,11,45
streehu01,2011,1,COL,62,0,175,3.86,62,9,55
streehu01,2012,1,SDN,40,0,117,1.85,17,11,47
streehu01,2013,1,SDN,58,0,170,2.7,44,14,46
streehu01,2014,1,SDN,33,0,99,1.09,18,7,34
streehu01,2014,2,LAA,28,0,79,1.71,24,7,23
streehu01,2015,1,LAA,62,0,187,3.18,52,20,57
streehu01,2016,1,LAA,26,0,67,6.45,31,12,14
streehu01,2017,1,LAA,4,0,12,0.0,2,1,3
strichu01,2014,1,SFN,9,0,21,0.0,5,0,9
strichu01,2015,1,SFN,55,0,154,2.45,34,10,50
strichu01,2016,1,SFN,72,0,183,3.1,50,19,57
strichu01,2017,1,SFN,68,0,184,2.64,59,29,58
strichu01,2018,1,SFN,49,0,136,3.97,43,21,37
strichu01,2019,1,SEA,4,0,10,8.1,2,0,3
strichu01,2019,2,WAS,24,0,63,5.14,20,8,15
strichu01,2020,1,NYN,4,0,10,8.1,5,1,4
strichu01,2021,1,TB,13,0,48,1.69,14,6,16
strichu01,2021,2,LAA,9,0,19,9.95,11,4,4
strichu01,2021,3,MIL,35,0,109,1.73,21,12,38
strichu01,2022,1,CIN,66,0,187,4.91,61,33,60
strichu01,2024,1,LAA,72,0,220,3.31,56,24,57
strichu01,2025,1,LAA,19,0,66,3.27,17,10,14
stricsc01,2000,1,WAS,49,0,144,3.0,38,16,48
stricsc01,2001,1,WAS,77,0,244,3.21,67,41,85
stricsc01,2002,1,WAS,1,0,3,0.0,0,0,2
stricsc01,2002,2,NYN,68,0,203,3.59,61,33,67
stricsc01,2003,1,NYN,19,0,60,2.25,16,10,16
stricsc01,2005,1,HOU,5,0,12,6.75,4,0,2
stricsc01,2010,1,MIA,3,0,6,9.0,5,1,0
stridsp01,2021,1,ATL,2,0,7,3.86,2,1,0
stridsp01,2022,1,ATL,31,20,395,2.67,86,45,202
stridsp01,2023,1,ATL,32,32,560,3.86,146,58,281
stridsp01,2024,1,ATL,2,2,27,7.0,10,5,12
stridsp01,2025,1,ATL,23,23,376,4.45,124,51,131
stripro01,2016,1,LAN,22,14,300,3.96,96,30,74
stripro01,2017,1,LAN,49,2,223,3.75,69,19,74
stripro01,2018,1,LAN,33,21,366,3.02,123,22,136
stripro01,2019,1,LAN,32,15,272,3.47,84,20,93
stripro01,2020,1,LAN,7,7,101,5.61,38,11,27
stripro01,2020,2,TOR,5,2,47,6.32,18,7,13
stripro01,2021,1,TOR,24,19,304,4.8,99,30,94
stripro01,2022,1,TOR,32,24,403,3.01,117,20,111
stripro01,2023,1,SFN,22,11,267,5.36,104,16,70
stripro01,2024,1,ATH,22,14,256,6.01,109,22,49
stromma01,2014,1,TOR,26,20,392,3.65,125,28,111
stromma01,2015,1,TOR,4,4,81,1.67,20,6,18
stromma01,2016,1,TOR,32,32,612,4.37,209,54,166
stromma01,2017,1,TOR,33,33,603,3.09,201,62,164
stromma01,2018,1,TOR,19,19,307,5.54,115,36,77
stromma01,2019,1,TOR,21,21,374,2.96,118,35,99
stromma01,2019,2,NYN,11,11,179,3.77,65,23,60
stromma01,2021,1,NYN,33,33,537,3.02,161,44,158
stromma01,2022,1,CHN,25,25,416,3.5,123,36,119
stromma01,2023,1,CHN,27,25,410,3.95,120,52,119
stromma01,2024,1,NYA,30,29,464,4.31,167,60,113
stromma01,2025,1,NYA,9,9,117,6.23,44,16,26
stronjo01,2000,1,MIA,18,0,59,7.32,26,12,18
stronjo01,2001,1,MIA,5,0,20,1.35,3,3,4
stroppe01,2009,1,TEX,7,0,21,7.71,6,4,9
stroppe01,2010,1,TEX,15,0,32,10.13,17,11,11
stroppe01,2011,1,TEX,11,0,29,3.72,7,7,9
stroppe01,2011,2,BAL,12,0,37,0.73,8,3,12
stroppe01,2012,1,BAL,70,0,199,2.44,52,37,58
stroppe01,2013,1,BAL,29,0,67,7.25,23,15,24
stroppe01,2013,2,CHN,37,0,105,2.83,22,11,42
stroppe01,2014,1,CHN,65,0,183,2.21,40,25,71
stroppe01,2015,1,CHN,76,0,204,2.91,39,29,81
stroppe01,2016,1,CHN,54,0,142,2.85,27,15,60
stroppe01,2017,1,CHN,69,0,181,2.83,45,26,65
stroppe01,2018,1,CHN,60,0,179,2.26,38,21,57
stroppe01,2019,1,CHN,50,0,125,4.97,33,20,49
stroppe01,2020,1,CIN,4,0,7,3.86,1,6,3
stroppe01,2021,1,CHN,2,0,6,0.0,2,2,3
strowka01,2025,1,BAL,25,0,79,1.71,16,13,24
strzepe01,2022,1,MIL,30,0,105,2.83,28,15,40
strzepe01,2023,1,MIL,36,0,107,4.54,32,10,37
strzepe01,2023,2,ARI,1,0,4,0.0,1,2,0
strzepe01,2024,1,CLE,10,0,35,2.31,11,3,9
stubbga01,2022,1,PHI,4,0,11,17.18,7,1,1
stubbga01,2024,1,PHI,4,0,12,15.75,6,2,0
stullev01,2000,1,MIL,20,4,130,5.82,41,30,33
stullev01,2002,1,MIL,2,2,30,6.3,15,9,7
stulter01,2006,1,LAN,6,2,53,5.6,17,7,5
stulter01,2007,1,LAN,12,5,116,5.82,50,17,30
stulter01,2008,1,LAN,7,7,116,3.49,38,13,30
stulter01,2009,1,LAN,10,10,150,4.86,51,26,33
stulter01,2011,1,COL,6,0,36,6.0,11,4,7
stulter01,2012,1,CHA,2,1,20,2.7,6,4,4
stulter01,2012,2,SDN,18,14,277,2.92,86,23,51
stulter01,2013,1,SDN,33,33,611,3.93,219,40,131
stulter01,2014,1,SDN,32,32,528,4.3,197,45,111
stulter01,2015,1,ATL,9,8,143,5.85,48,13,31
stumpda01,2016,1,PHI,7,0,15,10.8,9,2,2
stumpda01,2017,1,DET,55,0,113,3.82,37,15,33
stumpda01,2018,1,DET,56,0,115,4.93,44,16,37
stumpda01,2019,1,DET,48,0,87,4.34,35,15,28
sturdty01,2016,1,TB,16,0,55,3.93,18,6,14
sturtta01,2000,1,CHA,10,1,47,12.06,25,15,6
sturtta01,2000,2,TB,19,5,158,2.56,47,14,38
sturtta01,2001,1,TB,39,27,586,4.42,200,79,110
sturtta01,2002,1,TB,33,33,672,5.18,271,89,137
sturtta01,2003,1,TOR,40,8,268,5.94,107,43,54
sturtta01,2004,1,NYA,28,3,232,5.47,75,33,56
sturtta01,2005,1,NYA,64,1,234,4.73,76,27,45
sturtta01,2006,1,NYA,18,0,32,7.59,17,6,6
sturtta01,2008,1,LAN,3,0,7,0.0,1,1,1
stutemi01,2011,1,PHI,57,0,186,3.63,49,28,58
stutemi01,2012,1,PHI,6,0,17,6.35,7,4,5
stutemi01,2013,1,PHI,16,0,53,4.58,14,8,9
suareal01,2016,1,SFN,22,12,252,4.29,84,26,54
suareal01,2017,1,SFN,18,0,95,5.12,28,11,34
suareal01,2024,1,BAL,32,24,401,3.7,130,43,108
suareal01,2025,1,BAL,5,1,35,2.31,9,2,10
suarean01,2018,1,SFN,29,29,481,4.49,163,45,130
suarean01,2019,1,SFN,21,2,98,5.79,39,14,25
suarean01,2020,1,SFN,6,0,29,3.72,9,6,5
suarean01,2023,1,SLN,13,0,83,7.16,33,15,17
suarejo01,2019,1,LAA,19,15,243,7.11,100,33,72
suarejo01,2020,1,LAA,2,2,7,38.57,10,5,2
suarejo01,2021,1,LAA,23,14,295,3.75,85,36,85
suarejo01,2022,1,LAA,22,20,327,3.96,103,33,103
suarejo01,2023,1,LAA,11,7,101,8.29,46,20,28
suarejo01,2024,1,LAA,22,3,157,6.02,57,27,56
suarejo01,2025,1,ATL,7,1,58,1.86,15,10,16
suarera01,2018,1,PHI,4,3,45,5.4,21,6,11
suarera01,2019,1,PHI,37,0,146,3.14,52,12,42
suarera01,2020,1,PHI,3,0,12,20.25,10,4,1
suarera01,2021,1,PHI,39,12,318,1.36,73,33,107
suarera01,2022,1,PHI,29,29,466,3.65,149,58,129
suarera01,2023,1,PHI,22,22,375,4.18,129,48,119
suarera01,2024,1,PHI,27,27,452,3.46,140,41,145
suarera01,2025,1,PHI,26,26,472,3.2,154,38,151
suarero01,2022,1,SDN,45,0,143,2.27,29,21,61
suarero01,2023,1,SDN,27,0,83,4.23,15,10,24
suarero01,2024,1,SDN,65,0,195,2.77,52,16,59
suarero01,2025,1,SDN,70,0,209,2.97,47,16,75
sucreje01,2015,1,SEA,2,0,6,13.5,6,0,0
sucreje01,2017,1,TB,1,0,3,27.0,2,2,0
sucreje01,2018,1,TB,2,0,3,18.0,4,0,0
sucreje01,2019,1,BAL,1,0,3,0.0,0,0,0
suerowa01,2018,1,WAS,40,0,143,3.59,43,15,47
suerowa01,2019,1,WAS,78,0,214,4.54,64,26,81
suerowa01,2020,1,WAS,22,0,71,3.8,20,10,28
suerowa01,2021,1,WAS,45,0,128,6.33,45,15,44
suerowa01,2023,1,LAN,5,0,24,7.88,6,5,9
suerowa01,2024,1,HOU,1,0,0,,1,0,0
suerowa01,2025,1,ATL,5,0,19,11.37,10,4,7
suganto01,2025,1,BAL,30,30,471,4.64,173,36,106
sullisc01,2000,1,CIN,79,0,319,3.47,87,38,96
sullisc01,2001,1,CIN,79,0,310,3.31,94,36,82
sullisc01,2002,1,CIN,71,0,236,6.06,93,31,78
sullisc01,2003,1,CIN,50,0,149,3.62,39,26,43
sullisc01,2003,2,CHA,15,0,43,3.77,9,6,13
sullisc01,2004,1,KCA,49,0,181,4.77,73,24,45
sulsebe01,2022,1,PIT,4,0,29,3.72,8,6,10
sulsebe01,2022,2,BAL,6,0,38,3.55,16,3,9
sulseco01,2019,1,TB,7,0,22,0.0,5,3,9
sulseco01,2020,1,BAL,19,0,68,5.56,17,17,19
sulseco01,2021,1,BAL,60,0,190,2.7,48,23,73
sulseco01,2022,1,MIA,39,0,102,5.29,39,16,38
sulseco01,2023,1,ARI,4,0,16,6.75,5,3,4
sulseco01,2024,1,NYN,4,0,14,9.64,6,3,7
sulseco01,2024,2,TB,6,2,35,0.0,3,6,8
sulseco01,2025,1,TB,18,0,68,1.99,20,7,22
suppaje01,2000,1,KCA,35,33,651,4.94,240,84,128
suppaje01,2001,1,KCA,34,34,655,4.37,227,74,120
suppaje01,2002,1,KCA,33,33,624,5.32,229,68,109
suppaje01,2003,1,PIT,21,21,423,3.57,147,31,78
suppaje01,2003,2,BOS,11,10,189,5.57,70,20,32
suppaje01,2004,1,SLN,31,31,564,4.16,192,65,110
suppaje01,2005,1,SLN,32,32,583,3.57,206,63,114
suppaje01,2006,1,SLN,32,32,570,4.12,207,69,104
suppaje01,2007,1,MIL,34,34,620,4.62,243,68,114
suppaje01,2008,1,MIL,31,31,533,4.96,207,67,90
suppaje01,2009,1,MIL,30,30,485,5.29,200,74,80
suppaje01,2010,1,MIL,15,2,93,7.84,50,12,18
suppaje01,2010,2,SLN,15,13,211,3.84,80,25,33
suppaje01,2012,1,SDN,6,6,92,5.28,34,13,7
surkaer01,2011,1,SFN,6,6,80,5.74,32,17,13
surkaer01,2013,1,SFN,1,1,8,23.63,9,0,0
surkaer01,2014,1,CHA,35,0,73,4.81,22,13,20
surkaer01,2015,1,LAN,1,0,10,10.8,4,1,4
surkaer01,2016,1,ATH,9,9,116,6.98,55,21,22
suterbr01,2016,1,MIL,14,2,65,3.32,25,5,15
suterbr01,2017,1,MIL,22,14,245,3.42,83,22,64
suterbr01,2018,1,MIL,20,18,304,4.44,102,19,84
suterbr01,2019,1,MIL,9,0,55,0.49,10,1,15
suterbr01,2020,1,MIL,16,4,95,3.13,30,5,38
suterbr01,2021,1,MIL,61,1,220,3.07,72,24,69
suterbr01,2022,1,MIL,54,0,200,3.78,58,22,53
suterbr01,2023,1,COL,57,2,208,3.38,65,25,55
suterbr01,2024,1,CIN,47,3,197,3.15,63,12,50
suterbr01,2025,1,CIN,48,3,203,4.52,69,18,53
suzukic01,2015,1,MIA,1,0,3,9.0,2,0,0
suzukma01,2000,1,KCA,32,29,566,4.34,195,94,135
suzukma01,2001,1,KCA,15,9,168,5.3,61,25,37
suzukma01,2001,2,COL,3,1,19,15.63,9,11,5
suzukma01,2001,3,MIL,15,9,168,5.3,52,37,47
suzukma01,2002,1,KCA,7,1,63,9.0,24,17,15
svansma01,2025,1,SLN,39,0,181,1.94,33,20,68
swanser01,2019,1,SEA,27,8,174,5.74,56,12,52
swanser01,2020,1,SEA,9,0,23,12.91,11,2,9
swanser01,2021,1,SEA,33,2,106,3.31,28,10,35
swanser01,2022,1,SEA,57,1,161,1.68,39,10,70
swanser01,2023,1,TOR,69,0,200,2.97,52,21,75
swanser01,2024,1,TOR,45,0,118,5.03,36,14,37
swanser01,2025,1,TOR,6,0,16,15.19,8,5,3
swarmma01,2022,1,CHN,11,5,102,5.03,33,20,36
swarzan01,2009,1,MIN,12,12,177,6.25,76,20,34
swarzan01,2011,1,MIN,27,11,306,4.32,111,26,55
swarzan01,2012,1,MIN,44,5,290,5.03,106,31,62
swarzan01,2013,1,MIN,48,0,288,2.91,89,22,69
swarzan01,2014,1,MIN,50,4,258,4.6,100,28,47
swarzan01,2015,1,CLE,10,0,40,3.38,18,4,13
swarzan01,2016,1,NYA,26,0,93,5.52,28,7,31
swarzan01,2017,1,CHA,41,0,145,2.23,37,13,52
swarzan01,2017,2,MIL,29,0,87,2.48,21,9,39
swarzan01,2018,1,NYN,29,0,79,6.15,28,14,31
swarzan01,2019,1,SEA,15,0,41,5.27,14,8,17
swarzan01,2019,2,ATL,44,0,119,4.31,38,19,35
swarzan01,2021,1,ARI,6,0,14,9.64,7,1,4
swarzan01,2021,2,KCA,7,0,23,9.39,13,0,5
sweenbr01,2003,1,SEA,5,0,28,1.93,7,1,7
sweenbr01,2004,1,SDN,7,2,43,5.65,20,2,10
sweenbr01,2006,1,SDN,37,0,169,3.2,53,16,23
sweenbr01,2010,1,SEA,24,0,111,3.16,33,6,14
sweetde01,2023,1,SEA,2,0,6,9.0,2,1,1
sweetde01,2023,2,ATH,5,0,20,10.8,8,5,5
swindgr01,2000,1,ARI,64,0,228,3.2,71,20,64
swindgr01,2001,1,ARI,64,0,161,4.53,51,8,42
swindgr01,2002,1,ARI,34,0,99,6.27,38,5,23
swindrj01,2008,1,PHI,3,0,14,7.71,9,2,4
swindrj01,2009,1,MIL,6,0,20,16.2,12,4,8
swishni01,2009,1,NYA,1,0,3,0.0,1,1,1
switzjo01,2003,1,TB,5,0,29,7.45,13,3,7
switzjo01,2005,1,TB,2,0,12,6.75,5,7,5
switzjo01,2006,1,TB,40,0,101,4.54,38,19,18
switzjo01,2007,1,TB,21,0,57,8.05,27,7,13
switzjo01,2009,1,NYN,4,0,10,8.1,4,2,3
syndeno01,2015,1,NYN,24,24,450,3.24,126,31,166
syndeno01,2016,1,NYN,31,30,551,2.6,168,43,218
syndeno01,2017,1,NYN,7,7,91,2.97,29,3,34
syndeno01,2018,1,NYN,25,25,463,3.03,148,39,155
syndeno01,2019,1,NYN,32,32,593,4.28,194,50,202
syndeno01,2021,1,NYN,2,2,6,9.0,3,0,2
syndeno01,2022,1,LAA,15,15,240,3.83,75,22,64
syndeno01,2022,2,PHI,10,9,164,4.12,63,9,31
syndeno01,2023,1,LAN,12,12,166,7.16,71,9,38
syndeno01,2023,2,CLE,6,6,100,5.4,33,10,18
szaputh01,2021,1,NYN,1,0,11,14.73,7,3,4
szaputh01,2022,1,NYN,1,1,4,60.75,7,3,2
szaputh01,2022,2,SFN,10,0,41,1.98,12,4,16
szumija01,2004,1,SDN,7,0,30,7.2,12,11,5
tabakje01,2001,1,SLN,8,0,11,7.36,6,1,3
tadanka01,2004,1,CLE,14,4,151,4.65,55,18,39
tadanka01,2005,1,CLE,1,0,12,2.25,4,0,1
taillja01,2016,1,PIT,18,18,312,3.38,99,17,85
taillja01,2017,1,PIT,25,25,401,4.44,152,46,125
taillja01,2018,1,PIT,32,32,573,3.2,179,46,179
taillja01,2019,1,PIT,7,7,112,4.1,34,8,30
taillja01,2021,1,NYA,29,29,433,4.3,130,44,140
taillja01,2022,1,NYA,32,32,532,3.91,168,32,151
taillja01,2023,1,CHN,30,29,463,4.84,156,41,140
taillja01,2024,1,CHN,28,28,496,3.27,154,33,125
taillja01,2025,1,CHN,23,23,389,3.68,110,27,98
takahhi01,2010,1,NYN,53,12,366,3.61,116,43,114
takahhi01,2011,1,LAA,61,0,204,3.44,58,25,52
takahhi01,2012,1,LAA,42,0,126,4.93,39,10,41
takahhi01,2012,2,PIT,9,0,25,8.64,10,4,11
takahhi01,2013,1,CHN,3,0,9,6.0,3,2,3
takahke01,2009,1,NYN,28,0,82,2.96,23,14,23
takatsh01,2004,1,CHA,59,0,187,2.31,40,21,50
takatsh01,2005,1,CHA,31,0,86,5.97,30,16,32
takatsh01,2005,2,NYN,9,0,23,2.35,11,3,6
talbomi01,2008,1,TB,3,1,29,11.17,16,11,5
talbomi01,2010,1,CLE,28,28,478,4.41,169,69,88
talbomi01,2011,1,CLE,12,12,191,6.64,90,28,36
tallebr01,2002,1,CLE,2,2,36,1.5,9,4,5
tallebr01,2003,1,CLE,5,3,57,4.74,23,8,9
tallebr01,2005,1,CLE,2,0,14,7.71,6,3,2
tallebr01,2006,1,TOR,44,1,163,3.81,45,31,37
tallebr01,2007,1,TOR,48,0,187,3.47,49,28,54
tallebr01,2008,1,TOR,51,0,169,2.88,52,22,47
tallebr01,2009,1,TOR,37,25,482,5.32,169,72,120
tallebr01,2010,1,TOR,34,5,232,6.4,84,38,53
tallebr01,2011,1,SLN,18,0,39,8.31,20,5,9
tallebr01,2011,2,TOR,1,0,1,54.0,2,2,1
tamje01,2000,1,ATH,72,0,257,2.63,86,23,46
tamje01,2001,1,ATH,70,0,224,3.01,68,29,44
tamje01,2002,1,ATH,40,0,121,5.13,56,13,14
tamje01,2003,1,TOR,44,0,134,5.64,58,25,26
tanakma01,2014,1,NYA,20,20,409,2.77,123,21,141
tanakma01,2015,1,NYA,24,24,462,3.51,126,27,139
tanakma01,2016,1,NYA,31,31,599,3.07,179,36,165
tanakma01,2017,1,NYA,30,30,535,4.74,180,41,194
tanakma01,2018,1,NYA,27,27,468,3.75,141,35,159
tanakma01,2019,1,NYA,32,31,546,4.45,186,40,149
tanakma01,2020,1,NYA,10,10,144,3.56,48,8,44
tankede01,2002,1,SDN,17,9,154,8.06,59,40,39
tankede01,2003,1,SDN,1,1,0,,3,4,0
tankede01,2004,1,SDN,9,6,105,5.14,35,17,29
tanketa01,2006,1,MIA,49,0,123,2.85,33,26,46
tanketa01,2007,1,MIA,67,0,142,3.99,42,29,49
tanketa01,2008,1,MIA,25,0,53,8.15,22,8,13
tanketa01,2010,1,MIA,27,0,36,7.5,12,7,7
tapanke01,2000,1,CHN,30,30,587,5.01,208,47,150
tapanke01,2001,1,CHN,29,29,505,4.49,186,40,149
tapiado01,2020,1,BOS,5,0,13,2.08,4,2,4
tapiado01,2021,1,SEA,2,0,6,0.0,4,1,1
tapiado01,2021,2,KCA,32,0,95,2.84,21,14,25
tapiado01,2022,1,ATH,11,0,51,8.47,25,14,12
tapiado01,2023,1,SDN,15,0,53,3.57,13,12,14
tarnofr01,2022,1,ATL,1,0,2,0.0,1,0,1
tarnofr01,2023,1,ATH,5,1,44,4.91,11,11,14
tarnofr01,2025,1,MIA,5,0,22,2.45,1,4,10
tarplst01,2018,1,NYA,10,0,27,3.0,6,6,13
tarplst01,2019,1,NYA,21,1,74,6.93,34,15,34
tarplst01,2020,1,MIA,12,0,33,9.0,11,8,11
tarplst01,2021,1,NYN,1,0,0,,1,2,0
taschja01,2005,1,SFN,24,0,68,1.59,15,13,19
taschja01,2006,1,SFN,24,0,58,8.38,31,7,15
taschja01,2007,1,SFN,63,0,150,5.4,44,29,51
taschja01,2008,1,SFN,67,0,144,4.88,57,24,39
taschja01,2009,1,PHI,24,0,88,4.91,38,20,19
taschja01,2010,1,PIT,17,0,58,6.05,22,8,17
taschja01,2010,2,LAN,3,0,1,27.0,1,3,0
tatajo01,2006,1,DET,8,0,44,6.14,14,7,6
tatajo01,2007,1,DET,3,3,42,7.71,16,8,8
tatedi01,2019,1,BAL,16,0,63,6.43,18,9,20
tatedi01,2020,1,BAL,12,0,50,3.24,9,5,14
tatedi01,2021,1,BAL,62,0,203,4.39,61,23,49
tatedi01,2022,1,BAL,67,0,221,3.05,57,16,60
tatedi01,2024,1,BAL,29,0,100,4.59,38,9,23
tatedi01,2024,2,TOR,4,0,10,5.4,4,3,4
tatedi01,2025,1,TOR,6,0,19,4.26,8,6,8
tateyyo01,2011,1,TEX,39,0,132,4.5,37,11,43
tateyyo01,2012,1,TEX,14,0,51,9.0,18,6,18
taubety01,2006,1,TOR,12,7,105,4.89,40,18,26
taubety01,2007,1,TOR,1,1,15,9.0,5,4,4
taubety01,2008,1,PIT,1,1,18,3.0,7,3,4
tauchmi01,2021,2,SFN,1,0,3,9.0,3,0,0
tavarju01,2000,1,COL,51,12,360,4.43,124,53,62
tavarju01,2001,1,CHN,34,28,484,4.52,172,69,107
tavarju01,2002,1,MIA,29,27,461,5.39,188,74,67
tavarju01,2003,1,PIT,64,0,251,3.66,75,27,39
tavarju01,2004,1,SLN,77,0,193,2.38,57,19,48
tavarju01,2005,1,SLN,74,0,197,3.43,68,19,47
tavarju01,2006,1,BOS,58,6,296,4.47,110,44,56
tavarju01,2007,1,BOS,34,23,404,5.15,151,51,77
tavarju01,2008,1,BOS,9,0,38,6.39,18,9,6
tavarju01,2008,2,MIL,7,0,22,8.59,13,5,10
tavarju01,2008,3,ATL,36,0,104,3.89,42,14,35
tavarju01,2009,1,WAS,42,0,105,4.89,34,27,32
tayloaa01,2002,1,SEA,5,0,15,9.0,8,0,6
tayloaa01,2003,1,SEA,10,0,38,8.53,17,6,9
tayloaa01,2004,1,SEA,5,0,11,9.82,5,3,4
tayloan01,2012,1,LAA,3,0,7,11.57,3,4,0
taylobe03,2017,1,BOS,14,0,52,5.19,20,9,18
taylobe03,2018,1,CLE,6,0,18,6.0,6,1,8
taylobi04,2000,1,TB,17,0,41,8.56,13,9,13
taylobi04,2001,1,PIT,1,0,6,4.5,2,0,3
taylobl01,2020,1,HOU,22,0,62,2.18,13,12,17
taylobl01,2021,1,HOU,51,0,128,3.16,38,22,41
taylobl01,2022,1,HOU,19,0,48,3.94,15,10,9
taylogr01,2009,1,MIA,3,3,33,8.18,16,12,5
taylogr02,2025,1,CHA,36,2,110,4.91,37,15,54
taylojo02,2019,1,BOS,52,1,142,3.04,40,16,62
taylojo02,2020,1,BOS,8,0,22,9.82,7,5,7
taylojo02,2021,1,BOS,61,0,143,3.4,45,23,60
taylojo02,2023,1,KCA,17,1,53,8.15,22,9,26
taylomi02,2022,1,KCA,1,0,6,9.0,5,2,2
taylotr01,2024,1,SEA,21,0,58,3.72,15,7,25
taylotr01,2025,1,SEA,8,0,20,12.15,14,3,2
tazawju01,2009,1,BOS,6,4,76,7.46,43,9,13
tazawju01,2011,1,BOS,3,0,9,6.0,3,1,4
tazawju01,2012,1,BOS,37,0,132,1.43,37,5,45
tazawju01,2013,1,BOS,71,0,205,3.16,70,12,72
tazawju01,2014,1,BOS,71,0,189,2.86,58,17,64
tazawju01,2015,1,BOS,61,0,176,4.14,65,13,56
tazawju01,2016,1,BOS,53,0,149,4.17,47,14,54
tazawju01,2017,1,MIA,55,0,166,5.69,55,22,38
tazawju01,2018,1,MIA,22,0,60,9.0,28,13,24
tazawju01,2018,2,LAA,9,0,24,2.25,7,3,4
teafoev01,2011,1,KCA,26,3,132,3.27,36,14,28
teafoev01,2012,1,KCA,18,5,184,4.99,68,21,35
teafoev01,2013,1,KCA,1,0,2,0.0,1,0,0
teafoev01,2015,1,TB,4,0,17,1.59,5,3,4
teherju01,2011,1,ATL,5,3,59,5.03,21,8,10
teherju01,2012,1,ATL,2,1,19,5.68,5,1,5
teherju01,2013,1,ATL,30,30,557,3.2,173,45,170
teherju01,2014,1,ATL,33,33,663,2.89,188,51,186
teherju01,2015,1,ATL,33,33,602,4.04,189,73,171
teherju01,2016,1,ATL,30,30,564,3.21,157,41,167
teherju01,2017,1,ATL,32,32,565,4.49,186,72,151
teherju01,2018,1,ATL,31,31,527,3.94,122,84,162
teherju01,2019,1,ATL,33,33,524,3.81,148,83,162
teherju01,2020,1,LAA,10,9,94,10.05,39,16,20
teherju01,2021,1,DET,1,1,15,1.8,4,3,3
teherju01,2023,1,MIL,14,11,215,4.4,68,13,50
teherju01,2024,1,NYN,1,1,8,13.5,6,2,3
tejadru01,2016,1,SLN,1,0,3,18.0,2,0,0
tejedro01,2005,1,PHI,26,13,257,3.57,67,51,72
tejedro01,2006,1,TEX,14,14,221,4.28,83,32,40
tejedro01,2007,1,TEX,19,19,286,6.61,110,60,69
tejedro01,2008,1,TEX,4,0,18,9.0,5,5,4
tejedro01,2008,2,KCA,25,1,118,3.2,22,19,41
tejedro01,2009,1,KCA,35,6,221,3.54,43,50,87
tejedro01,2010,1,KCA,54,0,183,3.54,55,26,56
tejedro01,2011,1,KCA,9,0,22,6.14,12,3,2
tejermi01,2002,1,MIA,47,18,419,4.45,144,60,95
tejermi01,2003,1,MIA,50,6,243,4.67,82,36,58
tejermi01,2004,1,MIA,2,2,12,18.0,6,6,3
tejermi01,2004,2,TEX,6,0,16,10.13,9,3,7
tejermi01,2005,1,TEX,3,0,6,13.5,5,1,2
telemam01,2000,1,PHI,13,2,73,6.66,25,14,22
telemam01,2001,1,PHI,24,14,268,5.54,93,32,59
telemam01,2003,1,PHI,8,8,136,3.97,41,11,29
telemam01,2004,1,PHI,42,0,163,4.31,51,19,32
telemam01,2005,1,PHI,7,0,32,4.22,5,4,8
telfoan01,2000,1,WAS,64,0,235,3.79,76,23,68
telfoan01,2001,1,WAS,8,0,21,10.29,14,5,5
telfoan01,2002,1,TEX,20,0,71,6.46,30,15,19
tellero01,2023,1,MIL,1,0,3,0.0,1,0,1
tellero01,2024,1,PIT,3,0,8,6.75,5,1,0
tellero01,2025,2,TEX,1,0,6,13.5,5,0,0
tengka01,2024,1,SFN,4,0,33,9.82,15,8,7
tengka01,2025,1,SFN,8,7,89,6.37,29,17,39
teperry01,2015,1,TOR,32,0,99,3.27,23,6,22
teperry01,2016,1,TOR,20,0,55,2.95,17,8,18
teperry01,2017,1,TOR,73,0,233,3.59,57,31,81
teperry01,2018,1,TOR,68,0,194,3.62,55,24,68
teperry01,2019,1,TOR,23,1,65,4.98,20,8,14
teperry01,2020,1,CHN,21,0,62,3.92,17,12,31
teperry01,2021,1,CHN,43,0,130,2.91,22,12,50
teperry01,2021,2,CHA,22,0,54,2.5,13,7,24
teperry01,2022,1,LAA,59,0,172,3.61,42,20,47
teperry01,2023,1,LAA,10,0,26,7.27,15,3,10
teperry01,2023,2,SLN,2,0,6,9.0,3,1,1
tepesni01,2013,1,TEX,19,17,279,4.84,100,27,76
tepesni01,2014,1,TEX,23,22,378,4.36,128,44,56
tepesni01,2016,1,LAN,1,1,12,11.25,7,0,3
tepesni01,2017,1,MIN,1,1,5,5.4,5,2,2
tepesni01,2017,2,TOR,3,3,42,5.14,17,7,7
tessmja01,2000,1,NYA,7,0,20,6.75,9,1,5
tessmja01,2002,1,NYA,2,0,4,6.75,0,2,0
tetreja01,2022,1,WAS,4,4,63,5.14,23,10,9
teutna01,2002,1,MIA,2,1,22,9.82,13,3,4
texeika01,2010,1,SEA,16,0,56,5.3,22,10,14
texeika01,2010,2,KCA,27,0,128,4.64,51,15,19
texeika01,2011,1,KCA,6,0,19,2.84,13,3,0
thatcjo01,2007,1,SDN,22,0,63,1.29,13,6,16
thatcjo01,2008,1,SDN,25,0,77,8.42,42,13,17
thatcjo01,2009,1,SDN,52,0,135,2.8,37,18,55
thatcjo01,2010,1,SDN,65,0,105,1.29,23,7,45
thatcjo01,2011,1,SDN,18,0,30,4.5,8,7,9
thatcjo01,2012,1,SDN,55,0,95,3.41,30,14,39
thatcjo01,2013,1,SDN,50,0,90,2.1,28,4,29
thatcjo01,2013,2,ARI,22,0,28,6.75,12,6,7
thatcjo01,2014,1,ARI,37,0,72,2.63,23,3,25
thatcjo01,2014,2,LAA,16,0,19,8.53,13,1,2
thatcjo01,2015,1,HOU,43,0,68,3.18,23,12,26
thayeda01,2009,1,TB,11,0,41,4.61,18,1,8
thayeda01,2010,1,TB,1,0,6,27.0,7,0,2
thayeda01,2011,1,NYN,11,0,31,3.48,12,0,5
thayeda01,2012,1,SDN,64,0,173,3.43,53,12,47
thayeda01,2013,1,SDN,69,0,195,3.32,59,22,64
thayeda01,2014,1,SDN,70,0,196,2.34,53,16,62
thayeda01,2015,1,SDN,38,0,113,4.06,37,15,25
thenju01,2023,1,SEA,9,0,33,4.91,14,2,5
therrje01,2017,1,PHI,15,0,55,8.35,24,7,10
thielca01,2013,1,MIN,49,0,138,1.76,24,14,39
thielca01,2014,1,MIN,54,0,143,3.4,51,16,35
thielca01,2015,1,MIN,6,0,15,5.4,5,0,5
thielca01,2020,1,MIN,17,0,60,2.25,14,9,22
thielca01,2021,1,MIN,59,0,192,3.23,55,20,77
thielca01,2022,1,MIN,67,0,178,3.49,51,18,80
thielca01,2023,1,MIN,36,0,92,3.23,23,6,36
thielca01,2024,1,MIN,59,0,142,5.32,50,24,53
thielca01,2025,1,CHN,67,0,174,2.64,38,13,56
thomabr01,2001,1,MIN,5,5,49,9.37,20,14,6
thomabr01,2003,1,MIN,3,0,14,7.71,6,3,2
thomabr01,2004,1,MIN,3,0,8,16.88,7,1,0
thomabr01,2010,1,DET,49,2,208,3.89,77,29,30
thomabr01,2011,1,DET,12,0,33,9.0,17,6,7
thomaco02,2025,1,MIL,2,0,16,20.25,12,2,5
thomaia01,2014,1,ATL,16,0,32,4.22,10,6,13
thomaia01,2015,1,ATL,5,0,16,3.38,4,5,5
thomaia01,2015,2,LAN,9,1,54,4.0,16,6,18
thomaju01,2008,1,SEA,8,0,12,6.75,9,2,2
thomaju01,2010,1,PIT,12,0,39,6.23,21,5,5
thomaju01,2012,1,BOS,7,0,14,7.71,10,2,4
thomaju01,2012,2,NYA,4,0,9,9.0,2,1,3
thomala02,2023,1,WAS,1,0,3,27.0,3,0,1
thompaa01,2011,1,PIT,4,1,23,7.04,13,6,1
thompaa01,2014,1,MIN,7,0,22,2.45,8,2,6
thompaa01,2015,1,MIN,41,0,97,5.01,32,11,17
thompbr01,2005,1,SLN,40,0,165,2.95,46,15,29
thompbr01,2006,1,SLN,43,1,170,3.34,58,20,32
thompbr01,2007,1,SLN,44,17,388,4.73,157,40,53
thompbr01,2008,1,SLN,26,6,194,5.15,72,19,32
thompbr01,2009,1,SLN,32,8,240,4.84,85,23,34
thompbr01,2010,1,KCA,16,0,59,6.41,25,4,10
thompda02,2008,1,CIN,3,3,43,6.91,20,7,6
thompda02,2011,1,CIN,1,0,9,15.0,6,5,0
thompde01,2005,1,LAN,4,3,54,3.5,16,10,13
thompja03,2016,1,PHI,10,10,161,5.7,53,28,32
thompja03,2017,1,PHI,11,8,139,3.88,50,22,35
thompja03,2018,1,PHI,9,0,49,4.96,14,11,14
thompju02,2005,1,TEX,2,0,5,21.6,4,0,1
thompke02,2021,1,CHN,32,6,160,3.38,48,31,55
thompke02,2022,1,CHN,29,17,345,3.76,103,43,108
thompke02,2023,1,CHN,19,0,86,4.71,20,19,26
thompke02,2024,1,CHN,24,0,91,2.67,19,18,36
thompma01,2000,1,SLN,20,0,75,5.04,24,15,19
thompma02,2021,1,SDN,4,0,9,3.0,4,1,2
thompma02,2021,2,WAS,27,0,65,4.15,28,14,21
thompma02,2022,1,WAS,24,0,74,2.92,19,9,15
thompma02,2023,1,WAS,51,0,162,5.5,62,22,44
thompma02,2025,1,WAS,14,0,32,11.81,16,12,11
thompmi03,2006,1,SDN,19,16,276,4.99,103,30,35
thompmi03,2007,1,SDN,7,0,47,6.89,19,7,5
thompri03,2007,1,LAA,7,0,20,10.8,10,3,9
thompri03,2008,1,LAA,2,0,6,22.5,4,2,1
thompri03,2009,1,LAA,13,0,58,5.12,27,7,21
thompri03,2010,1,LAA,13,0,59,1.37,12,4,15
thompri03,2011,1,LAA,44,0,162,3.0,46,20,56
thompri03,2012,1,LAA,2,0,7,15.43,5,1,3
thompri03,2012,2,ATH,1,0,2,0.0,1,0,0
thompry02,2020,1,TB,25,1,79,4.44,29,8,23
thompry02,2021,1,TB,36,0,102,2.38,26,9,37
thompry02,2022,1,TB,47,0,128,3.8,39,11,39
thompry02,2023,1,TB,18,0,53,6.11,14,7,12
thompry02,2023,2,ARI,13,0,39,0.69,6,1,9
thompry02,2024,1,ARI,67,0,199,3.26,64,15,52
thompry02,2025,1,ARI,48,0,124,3.92,42,13,36
thompta01,2014,1,CHA,5,0,16,10.13,9,4,4
thompza01,2021,1,MIA,26,14,225,3.24,63,28,66
thompza01,2022,1,PIT,29,22,365,5.18,138,46,90
thompza01,2025,1,ATL,2,0,11,0.0,0,1,3
thompza02,2022,1,SLN,22,1,104,2.08,20,14,27
thompza02,2023,1,SLN,25,9,199,4.48,69,25,72
thompza02,2024,1,SLN,5,2,51,9.53,24,8,20
thomsjo01,2001,1,COL,14,14,281,4.04,84,25,68
thomsjo01,2002,1,COL,21,21,382,4.88,136,27,76
thomsjo01,2002,2,NYN,9,9,163,4.31,65,17,31
thomsjo01,2003,1,TEX,35,35,651,4.85,234,49,136
thomsjo01,2004,1,ATL,33,33,595,3.72,210,52,133
thomsjo01,2005,1,ATL,17,17,296,4.47,111,28,61
thomsjo01,2006,1,ATL,18,15,241,4.82,93,32,46
thomsjo01,2007,1,KCA,2,2,32,3.38,13,3,3
thornma01,2004,1,SEA,19,1,98,4.13,30,25,30
thornma01,2005,1,SEA,55,0,171,5.21,54,42,57
thornma01,2006,1,CHA,63,0,162,3.33,46,21,49
thornma01,2007,1,CHA,68,0,169,4.79,59,26,55
thornma01,2008,1,CHA,74,0,202,2.67,48,19,77
thornma01,2009,1,CHA,70,0,217,2.74,58,20,87
thornma01,2010,1,CHA,61,0,182,2.67,41,20,81
thornma01,2011,1,CHA,62,0,179,3.32,60,21,63
thornma01,2012,1,CHA,74,0,195,3.46,63,17,53
thornma01,2013,1,CHA,40,0,84,3.86,25,10,21
thornma01,2013,2,BOS,20,0,46,3.52,22,5,9
thornma01,2014,1,NYA,46,0,74,2.55,23,6,20
thornma01,2014,2,WAS,18,0,34,0.0,10,2,8
thornma01,2015,1,WAS,60,0,124,2.18,33,11,23
thornma01,2016,1,SDN,18,0,51,5.82,22,6,9
thorntr01,2019,1,TOR,32,29,463,4.84,156,61,149
thorntr01,2020,1,TOR,3,3,17,11.12,15,3,6
thorntr01,2021,1,TOR,37,3,147,4.78,54,16,52
thorntr01,2022,1,TOR,32,0,138,4.11,40,17,37
thorntr01,2023,1,TOR,4,0,16,1.69,7,1,5
thorntr01,2023,2,SEA,23,1,78,2.08,23,5,21
thorntr01,2024,1,SEA,71,0,217,3.61,63,19,77
thorntr01,2025,1,SEA,33,0,127,4.68,41,14,32
thornty01,2012,1,MIL,8,3,66,4.5,24,7,20
thornty01,2013,1,MIL,18,7,200,2.03,53,26,48
thornty01,2014,1,MIL,27,0,89,4.25,24,21,28
thornty01,2015,1,MIL,24,0,103,3.67,31,12,34
thornty01,2016,1,MIL,67,0,201,2.15,38,25,90
thornty01,2018,1,BOS,25,0,72,5.63,28,10,21
thornty01,2019,1,BOS,16,0,56,7.71,21,10,22
thornty01,2020,1,CIN,7,0,21,3.86,6,5,10
thornty01,2022,1,ATL,9,0,28,3.86,12,5,10
thornty01,2022,2,MIN,5,0,29,2.79,4,6,4
thorpdr01,2024,1,CHA,9,9,133,5.48,35,21,25
thorple01,2019,1,MIN,12,2,83,6.18,38,10,31
thorple01,2020,1,MIN,7,1,49,6.06,24,10,10
thorple01,2021,1,MIN,5,4,46,4.7,14,7,6
threeer01,2007,1,SFN,3,0,7,19.29,5,3,1
threeer01,2008,1,SFN,7,0,30,3.6,11,9,6
threeer01,2010,1,CHA,11,0,37,0.0,9,3,6
thurmco01,2002,1,TOR,43,1,204,4.37,65,45,56
thurmco01,2003,1,TOR,6,3,46,6.46,21,9,11
thurmmi01,2000,1,WAS,17,17,265,6.42,112,46,52
thurmmi01,2001,1,WAS,28,26,441,5.33,172,50,96
thurmmi01,2002,1,NYA,12,2,99,5.18,45,12,23
ticety01,2021,1,TOR,4,0,21,5.14,9,4,6
ticety01,2021,2,ATL,1,0,3,0.0,1,1,0
tidwebl01,2025,1,NYN,4,2,45,9.0,23,10,10
tillmch01,2009,1,BAL,12,12,195,5.4,77,24,39
tillmch01,2010,1,BAL,11,11,161,5.87,51,31,31
tillmch01,2011,1,BAL,13,13,186,5.52,77,25,46
tillmch01,2012,1,BAL,15,15,258,2.93,66,24,66
tillmch01,2013,1,BAL,33,33,619,3.71,184,68,179
tillmch01,2014,1,BAL,34,34,622,3.34,189,66,150
tillmch01,2015,1,BAL,31,31,519,4.99,176,64,120
tillmch01,2016,1,BAL,30,30,516,3.77,155,66,140
tillmch01,2017,1,BAL,24,19,279,7.84,125,51,63
tillmch01,2018,1,BAL,7,7,80,10.46,42,17,13
timlimi01,2000,1,BAL,37,0,105,4.89,37,15,26
timlimi01,2000,2,SLN,25,0,89,3.34,30,20,26
timlimi01,2001,1,SLN,67,0,218,4.09,78,19,47
timlimi01,2002,1,SLN,42,1,183,2.51,48,7,35
timlimi01,2002,2,PHI,30,0,107,3.79,27,7,15
timlimi01,2003,1,BOS,72,0,251,3.55,77,9,65
timlimi01,2004,1,BOS,76,0,229,4.13,75,19,56
timlimi01,2005,1,BOS,81,0,241,2.24,86,20,59
timlimi01,2006,1,BOS,68,0,192,4.36,78,16,30
timlimi01,2007,1,BOS,50,0,166,3.42,46,14,31
timlimi01,2008,1,BOS,47,0,148,5.66,60,20,32
tinocje01,2019,1,COL,24,0,108,4.75,36,22,28
tinocje01,2020,1,MIA,3,0,15,0.0,0,3,3
tinocje01,2020,2,COL,3,0,11,2.45,3,4,3
tinocje01,2021,1,COL,1,0,4,33.75,5,1,0
tinocje01,2022,1,TEX,17,2,62,2.18,12,10,18
tinocje01,2024,1,TEX,9,0,30,8.1,11,7,9
tinocje01,2024,2,CHN,2,0,12,0.0,3,0,3
tinocje01,2024,3,MIA,21,0,80,2.03,13,5,30
tinocje01,2025,1,MIA,20,0,58,5.12,17,8,10
tobinma01,2011,1,TEX,4,0,16,6.75,5,5,0
toccica01,2018,1,TEX,1,0,2,0.0,0,0,0
toddje01,2009,1,SLN,1,0,5,10.8,3,2,2
toddje01,2009,2,CLE,19,0,62,7.4,31,7,18
toddje01,2010,1,CLE,5,0,18,7.5,9,3,9
tolarke01,2000,1,DET,5,0,9,3.0,1,1,3
tolarke01,2001,1,DET,9,0,32,6.75,7,13,11
tolarke01,2003,1,BOS,6,0,12,9.0,5,2,3
tollbbr01,2000,1,SDN,19,19,354,3.58,126,35,76
tollbbr01,2001,1,SDN,19,19,352,4.3,133,25,71
tollbbr01,2002,1,SDN,12,11,185,6.13,88,19,33
tollbbr01,2003,1,SDN,3,3,31,6.97,9,4,2
tollepa01,2025,1,BOS,7,3,49,6.06,18,8,19
tollesh01,2012,1,LAN,40,0,113,4.3,30,20,39
tollesh01,2013,1,LAN,1,0,0,,0,2,0
tollesh01,2014,1,TEX,64,0,215,2.76,56,28,69
tollesh01,2015,1,TEX,73,0,217,2.99,66,17,76
tollesh01,2016,1,TEX,37,0,109,7.68,53,10,29
tollest01,2014,1,TOR,2,0,3,0.0,1,0,1
tollias01,2016,1,BAL,5,0,14,5.79,5,3,5
tollias01,2017,1,HOU,3,0,15,3.6,4,4,5
tomka01,2021,1,ATH,1,0,3,0.0,1,0,0
tomkobr01,2000,1,SEA,32,8,277,4.68,92,40,59
tomkobr01,2001,1,SEA,11,4,104,5.19,42,15,22
tomkobr01,2002,1,SDN,32,32,613,4.49,212,60,126
tomkobr01,2003,1,SLN,33,32,608,5.28,252,57,114
tomkobr01,2004,1,SFN,32,31,582,4.04,196,64,108
tomkobr01,2005,1,SFN,33,30,572,4.48,205,57,114
tomkobr01,2006,1,LAN,44,15,337,4.73,123,29,76
tomkobr01,2007,1,LAN,33,15,312,5.8,124,42,79
tomkobr01,2007,2,SDN,7,4,82,4.61,25,6,26
tomkobr01,2008,1,KCA,16,10,182,6.97,80,13,40
tomkobr01,2008,2,SDN,6,0,28,1.93,3,5,9
tomkobr01,2009,1,NYA,15,0,62,5.23,19,7,11
tomkobr01,2009,2,ATH,6,6,110,2.95,31,6,22
tomkobr01,2011,1,TEX,8,0,53,4.58,15,10,14
tomlijo01,2010,1,CLE,12,12,219,4.56,72,19,43
tomlijo01,2011,1,CLE,26,26,496,4.25,157,21,89
tomlijo01,2012,1,CLE,21,16,310,6.36,126,25,56
tomlijo01,2013,1,CLE,1,0,6,0.0,2,0,0
tomlijo01,2014,1,CLE,25,16,312,4.76,120,14,94
tomlijo01,2015,1,CLE,10,10,197,3.02,47,8,57
tomlijo01,2016,1,CLE,30,29,522,4.4,187,20,118
tomlijo01,2017,1,CLE,26,26,423,4.98,166,14,109
tomlijo01,2018,1,CLE,32,9,211,6.14,92,12,46
tomlijo01,2019,1,ATL,51,1,238,3.74,82,7,51
tomlijo01,2020,1,ATL,17,5,119,4.76,40,8,36
tomlijo01,2021,1,ATL,35,0,148,6.57,69,5,37
tongjo01,2025,1,NYN,5,5,56,7.71,24,9,22
tonkimi01,2013,1,MIN,9,0,34,0.79,9,3,10
tonkimi01,2014,1,MIN,25,0,57,4.74,23,6,16
tonkimi01,2015,1,MIN,26,0,70,3.47,21,9,19
tonkimi01,2016,1,MIN,65,0,215,5.02,80,24,80
tonkimi01,2017,1,MIN,16,0,63,5.14,22,12,24
tonkimi01,2023,1,ATL,45,0,240,4.28,64,23,75
tonkimi01,2024,1,NYN,5,0,21,5.14,8,2,6
tonkimi01,2024,2,MIN,13,0,49,3.86,18,7,22
tonkimi01,2024,3,NYA,39,0,168,3.38,44,21,57
tonkimi01,2025,1,MIN,21,0,72,4.88,20,8,19
topaju01,2020,1,MIL,6,0,23,2.35,7,0,12
topaju01,2021,1,MIL,4,0,10,29.7,12,1,1
topaju01,2022,1,MIL,7,0,22,4.91,9,4,4
topaju01,2023,1,SEA,75,0,207,2.61,61,18,61
topaju01,2024,1,MIN,3,0,7,0.0,1,0,2
topaju01,2025,1,MIN,54,1,180,3.9,68,18,49
toroab01,2025,1,BOS,1,0,3,18.0,4,1,0
torreal01,2011,1,TB,4,0,24,3.38,8,7,9
torreal01,2013,1,TB,39,0,174,1.71,32,20,62
torreal01,2014,1,SDN,70,0,162,3.33,46,33,51
torreal01,2015,1,NYN,39,0,103,3.15,26,26,35
torreca01,2009,1,CHA,8,5,85,6.04,30,17,22
torreca01,2010,1,CHA,5,1,41,8.56,23,9,13
torreca01,2012,1,COL,31,0,159,5.26,49,26,42
torreca01,2013,1,NYN,33,9,259,3.44,79,17,75
torreca01,2014,1,NYN,73,1,291,3.06,89,38,96
torreca01,2015,1,NYN,59,0,173,4.68,61,18,48
torreca01,2016,1,MIL,72,0,247,2.73,65,30,78
torreca01,2017,1,MIL,67,0,218,4.21,78,33,56
torreca01,2018,1,WAS,10,0,29,6.52,9,3,9
torreca01,2019,1,DET,4,0,18,7.5,9,1,8
torrejo02,2016,1,SDN,4,0,9,0.0,3,2,3
torrejo02,2017,1,SDN,62,0,205,4.21,63,16,63
torrelu01,2022,1,SEA,2,0,6,4.5,3,0,0
torrelu01,2024,1,NYN,1,0,1,0.0,0,0,0
torrelu01,2025,1,NYN,2,0,2,54.0,5,1,0
torrero01,2021,1,PHI,2,0,8,13.5,6,0,1
torresa01,2002,1,PIT,5,5,90,2.7,28,13,12
torresa01,2003,1,PIT,41,16,363,4.76,128,42,84
torresa01,2004,1,PIT,84,0,276,2.64,87,22,62
torresa01,2005,1,PIT,78,0,284,2.76,76,36,55
torresa01,2006,1,PIT,94,0,280,3.28,98,38,72
torresa01,2007,1,PIT,56,0,158,5.47,57,17,45
torresa01,2008,1,MIL,71,0,240,3.49,75,33,51
toussto01,2018,1,ATL,7,5,87,4.03,18,21,32
toussto01,2019,1,ATL,24,1,125,5.62,44,26,45
toussto01,2020,1,ATL,7,5,73,8.88,27,16,30
toussto01,2021,1,ATL,11,10,150,4.5,43,22,48
toussto01,2022,1,LAA,8,2,76,4.62,15,19,26
toussto01,2023,1,CLE,1,1,11,4.91,3,5,2
toussto01,2023,2,CHA,19,15,250,4.97,66,52,83
toussto01,2024,1,CHA,11,0,69,7.43,35,18,26
toussto01,2025,1,LAA,1,0,6,9.0,4,1,3
towerjo01,2001,1,BAL,24,20,421,4.49,165,16,58
towerjo01,2002,1,BAL,5,3,82,7.9,42,5,13
towerjo01,2003,1,TOR,14,8,193,4.48,67,7,42
towerjo01,2004,1,TOR,21,21,349,5.11,148,26,51
towerjo01,2005,1,TOR,33,33,626,3.71,237,29,112
towerjo01,2006,1,TOR,15,12,186,8.42,93,17,35
towerjo01,2007,1,TOR,25,15,321,5.38,129,22,76
towerjo01,2009,1,NYA,2,0,16,3.38,6,1,2
trabebi01,2003,1,CLE,33,18,335,5.24,132,40,88
trabebi01,2006,1,WAS,15,8,130,6.44,53,14,25
trabebi01,2007,1,WAS,28,2,119,4.76,50,13,27
trabebi01,2008,1,NYA,19,0,50,7.02,23,7,11
trabebi01,2009,1,BOS,1,0,11,12.27,9,1,1
tracese01,2006,1,CHA,7,0,24,3.38,4,5,3
trachst01,2000,1,TB,23,23,413,4.58,160,49,78
trachst01,2000,2,TOR,11,11,189,5.29,72,25,32
trachst01,2001,1,NYN,28,28,521,4.46,168,47,144
trachst01,2002,1,NYN,30,30,521,3.37,170,69,105
trachst01,2003,1,NYN,33,33,614,3.78,204,65,111
trachst01,2004,1,NYN,33,33,608,4.0,203,83,117
trachst01,2005,1,NYN,6,6,111,4.14,37,12,24
trachst01,2006,1,NYN,30,30,494,4.97,185,78,79
trachst01,2007,1,BAL,25,25,422,4.48,151,69,45
trachst01,2007,2,CHN,4,4,52,8.31,25,7,11
trachst01,2008,1,BAL,10,8,119,8.39,53,27,16
tracyma01,2015,1,NYA,1,0,6,0.0,2,2,1
treinbl01,2014,1,WAS,15,7,152,2.49,57,13,30
treinbl01,2015,1,WAS,60,0,203,3.86,62,32,65
treinbl01,2016,1,WAS,73,0,201,2.28,51,31,63
treinbl01,2017,1,WAS,37,0,113,5.73,48,13,32
treinbl01,2017,2,ATH,35,0,114,2.13,32,12,42
treinbl01,2018,1,ATH,68,0,241,0.78,46,21,100
treinbl01,2019,1,ATH,57,0,176,4.91,58,37,59
treinbl01,2020,1,LAN,27,0,77,3.86,23,8,22
treinbl01,2021,1,LAN,72,0,217,1.99,46,25,85
treinbl01,2022,1,LAN,5,0,15,1.8,1,1,6
treinbl01,2024,1,LAN,50,0,140,1.93,33,11,56
treinbl01,2025,1,LAN,32,0,80,5.4,30,19,36
trejoal01,2023,1,COL,2,0,6,13.5,4,0,1
trejoal01,2025,1,COL,1,0,3,0.0,1,0,0
trevijo01,2024,1,NYA,2,0,6,13.5,5,2,0
trevijo01,2025,1,CIN,2,0,7,3.86,4,1,1
triggan01,2016,1,ATH,24,6,169,4.31,56,13,55
triggan01,2017,1,ATH,12,12,196,4.27,68,19,50
triggan01,2018,1,ATH,9,9,124,5.23,37,18,43
triggan01,2020,1,SFN,1,0,1,81.0,0,3,0
triggan01,2020,2,BOS,4,2,24,4.5,8,3,7
triolja01,2025,1,PIT,1,0,3,0.0,3,1,0
trivilo01,2018,1,ATH,69,1,222,2.92,53,31,82
trivilo01,2019,1,ATH,61,0,180,5.25,61,31,57
trivilo01,2020,1,ATH,20,0,70,3.86,16,10,26
trivilo01,2021,1,ATH,71,0,221,3.18,58,34,67
trivilo01,2022,1,ATH,39,0,96,6.47,46,14,45
trivilo01,2022,2,NYA,25,0,65,1.66,18,10,22
trivilo01,2025,1,SFN,11,0,37,5.84,11,5,11
trivilo01,2025,2,LAN,26,2,79,3.76,29,8,18
trivilo01,2025,3,PHI,10,0,27,2.0,6,5,8
trombmi01,2000,1,BAL,75,0,216,4.13,67,38,72
trombmi01,2001,1,BAL,50,0,164,3.46,38,27,45
trombmi01,2001,2,LAN,19,0,70,6.56,27,10,27
trombmi01,2002,1,MIN,5,0,12,15.75,10,1,3
troncra01,2008,1,LAN,32,0,114,4.26,37,12,38
troncra01,2009,1,LAN,73,0,248,2.72,83,34,55
troncra01,2010,1,LAN,52,0,162,4.33,55,18,34
troncra01,2011,1,LAN,18,0,68,6.75,38,4,14
troncra01,2013,1,CHA,29,0,90,4.5,30,16,18
tropeni01,2014,1,HOU,4,4,65,4.57,19,9,13
tropeni01,2015,1,LAA,8,7,113,3.82,40,10,38
tropeni01,2016,1,LAA,13,13,205,3.56,70,31,68
tropeni01,2018,1,LAA,14,14,228,4.74,68,31,64
tropeni01,2019,1,LAA,3,1,41,9.88,18,6,10
tropeni01,2020,1,PIT,7,0,47,1.15,14,4,19
tropeni01,2021,1,SFN,4,0,18,1.5,4,2,2
tropeni01,2021,2,NYN,1,0,6,4.5,4,1,0
trujijj01,2002,1,SDN,4,0,8,10.13,4,6,3
tsaoch01,2003,1,COL,9,8,130,6.02,48,20,29
tsaoch01,2004,1,COL,10,0,28,3.86,7,1,11
tsaoch01,2005,1,COL,10,0,33,6.55,16,5,4
tsaoch01,2007,1,LAN,21,0,74,4.38,18,8,16
tsaoch01,2015,1,LAN,5,0,21,10.29,15,3,7
tsaoch01,2016,1,LAN,2,0,5,5.4,1,3,0
tsengje01,2017,1,CHN,2,1,18,7.5,5,2,8
tsengje01,2018,1,CHN,1,1,6,13.5,4,0,3
tuckeco01,2024,1,LAA,1,0,3,0.0,1,1,0
tuckery01,2008,1,MIA,13,6,111,8.27,46,23,28
tuckery01,2011,1,TEX,5,0,15,7.2,6,4,4
tucketj01,2000,1,WAS,2,2,21,11.57,11,3,2
tucketj01,2002,1,WAS,57,0,184,4.11,69,31,42
tucketj01,2003,1,WAS,45,7,240,4.73,90,20,47
tucketj01,2004,1,WAS,54,1,203,3.72,73,17,44
tucketj01,2005,1,WAS,13,0,38,6.39,20,2,5
tuivasa01,2014,1,SLN,2,0,3,36.0,5,2,1
tuivasa01,2015,1,SLN,14,0,44,3.07,13,8,20
tuivasa01,2016,1,SLN,12,0,27,6.0,12,6,7
tuivasa01,2017,1,SLN,37,0,127,2.55,35,11,34
tuivasa01,2018,1,SLN,31,0,95,3.69,35,11,26
tuivasa01,2018,2,SEA,5,0,16,1.69,6,1,4
tuivasa01,2019,1,SEA,23,2,69,2.35,13,11,27
tullyta01,2022,1,CLE,3,0,18,6.0,8,6,2
turleni01,2017,1,MIN,10,3,53,11.21,30,8,13
turleni01,2020,1,PIT,25,0,65,4.98,13,11,20
turnbde01,2000,1,LAA,24,1,114,4.74,36,36,25
turnbde01,2003,1,LAA,11,0,46,0.59,7,3,15
turnbde01,2004,1,LAA,4,0,19,0.0,2,7,3
turnbde01,2005,1,MIL,69,0,202,1.74,49,24,64
turnbde01,2006,1,MIL,64,0,169,6.87,56,39,69
turnbde01,2007,1,MIL,77,0,204,4.63,44,46,84
turnbde01,2008,1,MIL,8,0,19,15.63,12,13,5
turnbsp01,2018,1,DET,4,3,49,6.06,17,4,15
turnbsp01,2019,1,DET,30,30,445,4.61,154,59,146
turnbsp01,2020,1,DET,11,11,170,3.97,47,29,51
turnbsp01,2021,1,DET,9,9,150,2.88,37,12,44
turnbsp01,2023,1,DET,7,7,93,7.26,37,15,24
turnbsp01,2024,1,PHI,17,7,163,2.65,37,20,58
turnbsp01,2025,1,TOR,3,1,19,7.11,12,4,4
turneja01,2011,1,DET,3,3,38,8.53,17,4,8
turneja01,2012,1,DET,3,3,37,8.03,17,7,7
turneja01,2012,2,MIA,7,7,128,3.38,33,9,29
turneja01,2013,1,MIA,20,20,354,3.74,116,54,77
turneja01,2014,1,MIA,20,12,235,5.97,106,23,54
turneja01,2014,2,CHN,8,6,104,6.49,42,10,17
turneja01,2016,1,CHA,18,2,74,6.57,33,16,18
turneja01,2017,1,WAS,18,2,117,5.08,43,15,23
turneja01,2018,1,MIA,4,0,17,15.88,13,5,2
turneja01,2018,2,DET,1,1,3,45.0,6,1,1
turneju01,2021,1,LAN,1,0,3,0.0,2,0,0
tylerky01,2021,1,LAA,5,0,37,2.92,8,6,6
tylerky01,2022,1,SDN,2,0,12,0.0,2,1,2
tylerky01,2024,1,MIA,8,7,95,5.4,37,18,25
ucetaed01,2021,1,LAN,14,1,61,6.64,19,12,25
ucetaed01,2022,1,ARI,10,0,51,5.82,14,7,13
ucetaed01,2023,1,NYN,1,0,9,0.0,0,2,3
ucetaed01,2024,1,TB,30,0,125,1.51,26,8,57
ucetaed01,2025,1,TB,70,0,228,3.79,62,27,103
ueharko01,2009,1,BAL,12,12,200,4.05,71,12,48
ueharko01,2010,1,BAL,43,0,132,2.86,37,5,55
ueharko01,2011,1,BAL,43,0,141,1.72,25,8,62
ueharko01,2011,2,TEX,22,0,54,4.0,13,1,23
ueharko01,2012,1,TEX,37,0,108,1.75,20,3,43
ueharko01,2013,1,BOS,73,0,223,1.09,33,9,101
ueharko01,2014,1,BOS,64,0,193,2.52,51,8,80
ueharko01,2015,1,BOS,43,0,121,2.23,28,9,47
ueharko01,2016,1,BOS,50,0,141,3.45,34,11,63
ueharko01,2017,1,CHN,49,0,129,3.98,38,12,50
uelmeer01,2022,1,CHN,25,0,81,4.67,25,12,21
uelmeer01,2023,1,PHI,1,0,3,36.0,3,2,1
underdu01,2018,1,CHN,1,1,12,2.25,2,3,3
underdu01,2019,1,CHN,12,0,35,5.4,13,3,13
underdu01,2020,1,CHN,17,0,62,5.66,25,6,27
underdu01,2021,1,PIT,43,0,218,4.33,77,27,65
underdu01,2022,1,PIT,51,1,172,4.4,58,25,57
underdu01,2023,1,PIT,20,0,73,5.18,24,11,14
urbinug01,2000,1,WAS,13,0,40,4.05,11,5,22
urbinug01,2001,1,WAS,45,0,140,4.24,42,21,57
urbinug01,2001,2,BOS,19,0,60,2.25,16,3,32
urbinug01,2002,1,BOS,61,0,180,3.0,44,20,71
urbinug01,2003,1,TEX,39,0,116,4.19,33,18,41
urbinug01,2003,2,MIA,33,0,115,1.41,23,13,37
urbinug01,2004,1,DET,54,0,162,4.5,38,32,56
urbinug01,2005,1,DET,25,0,82,2.63,21,14,31
urbinug01,2005,2,PHI,56,0,157,4.13,35,25,66
urdanli01,2004,1,DET,1,0,0,,5,1,0
urdanli01,2007,1,NYN,2,0,3,9.0,2,0,0
urenajo01,2015,1,MIA,20,9,185,5.25,73,25,28
urenajo01,2016,1,MIA,28,12,251,6.13,91,29,58
urenajo01,2017,1,MIA,34,28,509,3.82,152,64,113
urenajo01,2018,1,MIA,31,31,522,3.98,155,51,130
urenajo01,2019,1,MIA,24,13,254,5.21,99,26,62
urenajo01,2020,1,MIA,5,5,70,5.4,22,13,15
urenajo01,2021,1,DET,26,18,302,5.81,119,42,67
urenajo01,2022,1,MIL,4,0,23,3.52,7,5,3
urenajo01,2022,2,COL,17,17,268,5.14,102,38,60
urenajo01,2023,1,COL,5,5,55,9.82,27,14,9
urenajo01,2023,2,CHA,5,5,79,4.1,23,8,20
urenajo01,2024,1,TEX,33,9,327,3.8,105,39,70
urenajo01,2025,1,NYN,1,0,9,15.0,7,1,3
urenajo01,2025,2,TOR,6,2,37,3.65,12,3,5
urenajo01,2025,3,LAN,2,0,9,3.0,4,1,2
urenajo01,2025,4,MIN,4,3,53,4.58,17,8,10
urenajo01,2025,5,LAA,6,1,57,3.79,17,10,14
urenari01,2019,1,TOR,1,0,3,36.0,4,1,0
uriasju01,2016,1,LAN,18,15,231,3.39,81,31,84
uriasju01,2017,1,LAN,5,5,70,5.4,23,14,11
uriasju01,2018,1,LAN,3,0,12,0.0,1,0,7
uriasju01,2019,1,LAN,37,8,239,2.49,59,27,85
uriasju01,2020,1,LAN,11,10,165,3.27,45,18,45
uriasju01,2021,1,LAN,32,32,557,2.96,151,38,195
uriasju01,2022,1,LAN,31,31,525,2.16,127,41,166
uriasju01,2023,1,LAN,21,21,352,4.6,112,24,117
uribeab01,2023,1,MIL,32,0,92,1.76,16,20,39
uribeab01,2024,1,MIL,14,0,43,6.91,15,12,14
uribeab01,2025,1,MIL,75,0,226,1.67,51,27,90
urquijo01,2019,1,HOU,9,7,123,3.95,38,7,40
urquijo01,2020,1,HOU,5,5,89,2.73,22,8,17
urquijo01,2021,1,HOU,20,20,321,3.62,87,19,90
urquijo01,2022,1,HOU,29,28,493,3.94,154,38,134
urquijo01,2023,1,HOU,16,10,189,5.29,65,25,45
urquijo01,2025,1,DET,2,0,7,7.71,4,3,3
uwasana01,2024,1,BOS,2,0,12,2.25,2,2,3
valaipa01,2021,1,BAL,2,0,4,0.0,0,0,0
valdece01,2010,1,ARI,9,2,60,7.65,29,10,13
valdece01,2017,1,ATH,4,1,28,9.64,14,4,5
valdece01,2017,2,TOR,7,3,64,6.75,27,7,16
valdece01,2020,1,BAL,9,0,43,1.26,7,3,12
valdece01,2021,1,BAL,39,0,138,5.87,62,14,45
valdece01,2022,1,LAA,1,0,3,9.0,2,0,0
valdefr01,2018,1,HOU,8,5,111,2.19,22,24,34
valdefr01,2019,1,HOU,26,8,212,5.86,74,44,68
valdefr01,2020,1,HOU,11,10,212,3.57,63,16,76
valdefr01,2021,1,HOU,22,22,404,3.14,110,58,125
valdefr01,2022,1,HOU,31,31,604,2.82,166,67,194
valdefr01,2023,1,HOU,31,31,594,3.45,166,57,200
valdefr01,2024,1,HOU,28,28,529,2.91,140,55,169
valdefr01,2025,1,HOU,31,31,576,3.66,171,68,187
valdeis01,2000,1,CHN,12,12,201,5.37,71,27,45
valdeis01,2000,2,LAN,9,8,120,6.08,53,13,29
valdeis01,2001,1,LAA,27,27,491,4.45,177,50,100
valdeis01,2002,1,TEX,23,23,440,3.93,135,36,75
valdeis01,2002,2,SEA,8,8,148,4.93,59,11,27
valdeis01,2003,1,TEX,22,22,345,6.1,148,29,47
valdeis01,2004,1,SDN,23,20,342,5.53,141,31,37
valdeis01,2004,2,MIA,11,11,168,4.5,61,18,30
valdeis01,2005,1,MIA,14,7,152,5.33,64,22,27
valdejo01,2011,1,HOU,12,0,42,9.0,17,7,15
valdejo01,2012,1,HOU,12,0,36,2.25,12,8,10
valdejo03,2015,1,DET,7,0,27,4.0,10,4,4
valdejo03,2016,1,LAA,25,0,70,4.24,17,16,22
valdejo03,2017,1,LAA,1,0,3,18.0,1,1,1
valdejo03,2017,2,SDN,13,0,51,7.94,20,4,16
valdejo03,2018,1,SFN,4,0,15,12.6,8,1,4
valdelu01,2009,1,ATL,3,0,8,3.38,3,2,0
valdelu01,2011,1,ATL,6,0,31,6.97,16,5,8
valdelu01,2012,1,CLE,18,0,77,5.96,27,8,21
valdelu01,2012,2,CHN,12,0,44,3.07,12,11,8
valdelu01,2013,1,BAL,4,0,7,7.71,3,2,4
valdema01,2000,1,HOU,53,0,170,5.08,69,25,35
valdema01,2001,1,ATL,9,0,21,7.71,7,1,3
valdeme01,2004,1,SFN,2,0,5,27.0,4,3,2
valdeme01,2008,1,SFN,17,1,48,1.69,14,7,13
valdeme01,2009,1,SFN,48,0,148,5.66,57,28,38
valdeme01,2010,1,TOR,2,0,4,20.25,2,3,0
valdeme01,2011,1,TEX,5,0,13,6.23,7,1,6
valdeph01,2019,1,TEX,11,0,48,3.94,17,9,18
valdeph01,2020,1,BOS,24,0,91,3.26,33,16,30
valdeph01,2021,1,BOS,28,0,120,5.85,35,19,35
valdeph01,2022,1,BOS,13,0,49,4.41,12,7,13
valdera02,2010,1,NYN,38,1,176,4.91,59,27,56
valdera02,2011,1,SLN,7,0,16,3.38,6,4,7
valdera02,2011,2,NYA,6,0,20,2.7,8,2,8
valdera02,2012,1,PHI,27,1,93,2.9,18,5,35
valdera02,2013,1,PHI,17,1,105,7.46,42,8,37
valdera02,2014,1,HOU,8,0,11,12.27,5,3,4
valdewi01,2011,1,PHI,1,0,3,0.0,0,0,0
valenda01,2018,1,BAL,1,0,1,0.0,0,0,1
valenje01,2018,1,PHI,1,0,3,27.0,2,2,1
valenjo04,2003,1,CIN,2,0,6,18.0,5,1,1
valenjo04,2004,1,CIN,24,1,88,5.22,23,25,29
valenjo04,2005,1,CIN,16,0,43,8.16,18,11,9
vallich01,2023,1,BAL,1,0,2,0.0,1,0,1
valvejo01,2003,1,ARI,54,0,151,2.15,24,26,71
valvejo01,2004,1,ARI,29,0,89,4.25,23,17,38
valvejo01,2005,1,ARI,61,0,199,2.44,51,20,75
valvejo01,2006,1,ARI,44,0,148,5.84,50,22,69
valvejo01,2007,1,ARI,65,0,193,2.66,46,26,78
valvejo01,2008,1,HOU,74,0,216,3.38,62,23,83
valvejo01,2009,1,HOU,52,0,162,2.33,40,21,56
valvejo01,2010,1,DET,60,0,189,3.0,41,32,63
valvejo01,2011,1,DET,75,0,217,2.24,52,34,69
valvejo01,2012,1,DET,71,0,207,3.78,59,27,48
valvejo01,2013,1,DET,20,0,58,5.59,18,6,19
valvejo01,2014,1,NYN,21,0,62,5.66,24,10,23
vanasri01,2024,1,LAN,2,0,6,13.5,3,0,1
vanasri01,2024,2,DET,2,0,6,0.0,0,0,0
vanbebr01,2025,1,TB,4,0,25,5.4,13,0,6
vanbejo01,2004,1,PIT,6,5,86,6.91,33,19,18
vanbejo01,2007,1,PIT,11,9,117,10.15,55,29,26
vanbejo01,2008,1,PIT,9,5,67,10.48,37,20,21
vanbuje01,2005,1,CHN,6,0,18,3.0,2,9,3
vanbuje01,2006,1,BOS,10,0,39,11.77,14,15,8
vanceco01,2002,1,COL,2,1,12,6.75,4,4,1
vanceco01,2003,1,COL,9,3,82,5.6,31,10,12
vanderi01,2007,1,MIA,18,17,245,6.83,94,48,82
vanderi01,2008,1,MIA,4,4,42,7.71,20,10,20
vanderi01,2009,1,MIA,11,11,176,4.3,57,21,49
vanderi01,2010,1,MIA,2,0,4,6.75,3,1,1
vanderi01,2010,2,BAL,7,1,49,4.96,13,7,17
vanderi01,2011,1,BAL,4,2,27,8.0,12,8,7
vanderi01,2012,1,PIT,4,0,8,13.5,5,1,3
vanevjo01,2009,1,BOS,1,0,2,0.0,1,1,0
vanevjo01,2010,1,BOS,1,0,3,18.0,2,0,1
vanhean01,2002,1,DET,5,5,90,3.0,38,6,5
vanmejo01,2022,1,PIT,3,0,9,39.0,15,2,0
vanpoto01,2000,1,CHN,51,2,259,3.75,80,48,77
vanpoto01,2001,1,CHN,59,0,225,2.52,63,38,90
vanpoto01,2002,1,TEX,50,0,218,5.45,80,29,85
vanpoto01,2003,1,TEX,7,1,38,8.53,20,9,9
vanpoto01,2003,2,CIN,9,4,107,4.54,31,6,25
vanpoto01,2004,1,CIN,48,11,346,6.09,136,32,72
vanwelo01,2025,1,HOU,9,0,32,5.06,15,3,7
vargaca01,2023,1,ARI,5,0,14,5.79,5,4,7
vargaca01,2025,1,SEA,70,0,231,3.97,81,23,54
vargace01,2016,1,SDN,7,7,102,5.03,41,15,28
vargacl01,2003,1,WAS,23,20,342,4.34,111,41,62
vargacl01,2004,1,WAS,45,14,355,5.25,120,64,89
vargacl01,2005,1,WAS,4,4,38,9.24,22,7,5
vargacl01,2005,2,ARI,21,19,359,4.81,124,40,90
vargacl01,2006,1,ARI,31,30,503,4.83,185,52,123
vargacl01,2007,1,MIL,29,23,403,5.09,153,54,107
vargacl01,2008,1,NYN,11,4,111,4.62,33,11,20
vargacl01,2009,1,LAN,8,0,33,1.64,7,4,10
vargacl01,2009,2,MIL,28,0,91,1.78,18,11,20
vargacl01,2010,1,MIL,17,0,59,7.32,28,10,18
vargail01,2022,2,WAS,1,0,3,0.0,0,0,0
vargail01,2023,1,WAS,2,0,6,4.5,2,1,0
vargail01,2024,1,WAS,2,0,6,4.5,3,0,0
vargaja01,2005,1,MIA,17,13,221,4.03,71,31,59
vargaja01,2006,1,MIA,12,5,129,7.33,50,30,25
vargaja01,2007,1,NYN,2,2,31,12.19,17,2,4
vargaja01,2009,1,SEA,23,14,275,4.91,98,24,54
vargaja01,2010,1,SEA,31,31,578,3.78,187,54,116
vargaja01,2011,1,SEA,32,32,603,4.25,205,59,131
vargaja01,2012,1,SEA,33,33,652,3.85,201,55,141
vargaja01,2013,1,LAA,24,24,450,4.02,162,46,109
vargaja01,2014,1,KCA,30,30,561,3.71,197,41,128
vargaja01,2015,1,KCA,9,9,129,3.98,46,12,27
vargaja01,2016,1,KCA,3,3,36,2.25,8,3,11
vargaja01,2017,1,KCA,32,32,539,4.16,181,58,134
vargaja01,2018,1,NYN,20,20,276,5.77,100,30,84
vargaja01,2019,1,NYN,19,18,283,4.01,81,39,81
vargaja01,2019,2,PHI,11,11,166,5.37,60,24,43
varlagu01,2023,1,MIL,8,0,26,11.42,15,8,6
varlagu01,2023,2,LAN,8,0,35,3.09,12,8,14
varlagu01,2024,1,LAN,7,0,18,3.0,7,4,3
varlagu01,2024,2,CHA,19,0,61,3.54,23,4,24
varlalo01,2022,1,MIN,5,5,78,3.81,26,6,21
varlalo01,2023,1,MIN,17,10,204,4.63,66,17,71
varlalo01,2024,1,MIN,16,7,149,7.61,68,16,49
varlalo01,2025,1,MIN,51,0,147,2.02,41,13,47
varlalo01,2025,2,TOR,23,1,71,4.94,24,9,28
varvaan01,2010,1,SEA,4,0,12,11.25,6,6,5
varvaan01,2011,1,ATL,18,0,72,2.63,15,11,23
varvaan01,2012,1,ATL,12,0,50,5.4,16,9,21
varvaan01,2013,1,ATL,62,0,220,2.82,68,25,43
varvaan01,2014,1,ATL,61,0,164,2.63,46,13,50
varvaan01,2015,1,BOS,9,0,33,4.09,14,6,8
vasilmi01,2025,1,CHA,47,3,303,2.5,74,52,82
vasquan01,2011,1,SEA,7,7,88,8.9,46,10,13
vasquan02,2018,1,MIN,9,0,15,5.4,5,2,7
vasquan02,2019,1,MIN,1,0,0,,0,2,0
vasquan02,2021,1,LAN,2,0,5,0.0,1,0,3
vasquan02,2022,1,TOR,9,0,20,8.1,6,3,6
vasquan02,2022,2,SFN,1,0,6,0.0,0,1,4
vasquan02,2023,1,PHI,30,0,119,2.27,35,14,34
vasquan02,2023,2,DET,12,0,26,8.31,11,9,9
vasques01,2009,1,ARI,53,0,159,4.42,52,29,45
vasques01,2010,1,ARI,57,0,161,5.2,46,38,55
vasques01,2011,1,ARI,31,0,91,4.15,27,13,20
vasques01,2012,1,MIN,6,6,95,5.68,32,19,14
vasqujo01,2004,1,KCA,2,0,10,8.1,4,1,4
vasqujo01,2005,1,ATL,7,0,27,3.0,11,5,9
vasqura02,2023,1,NYA,11,5,113,2.87,30,18,33
vasqura02,2024,1,SDN,20,20,294,4.87,119,29,62
vasqura02,2025,1,SDN,28,26,401,3.84,125,52,78
vasquvi01,2007,1,DET,5,3,50,8.64,27,5,7
vasquvi01,2009,1,PIT,14,7,134,5.84,58,18,29
vastoje01,2018,1,COL,1,0,2,40.5,3,1,1
vastoje01,2018,2,KCA,5,0,11,2.45,3,1,3
vazquja01,2000,1,WAS,33,33,653,4.05,247,61,196
vazquja01,2001,1,WAS,32,32,671,3.42,197,44,208
vazquja01,2002,1,WAS,34,34,691,3.91,243,49,179
vazquja01,2003,1,WAS,34,34,692,3.24,198,57,241
vazquja01,2004,1,NYA,32,32,594,4.91,195,60,150
vazquja01,2005,1,ARI,33,33,647,4.42,223,46,192
vazquja01,2006,1,CHA,33,32,608,4.84,206,56,184
vazquja01,2007,1,CHA,32,32,650,3.74,197,50,213
vazquja01,2008,1,CHA,33,33,625,4.67,214,61,200
vazquja01,2009,1,ATL,32,32,658,2.87,181,44,238
vazquja01,2010,1,NYA,31,26,472,5.32,155,65,121
vazquja01,2011,1,MIA,32,32,578,3.69,178,50,162
vazqulu01,2025,1,BAL,4,0,13,0.0,3,1,0
vealdo01,2009,1,PIT,19,0,49,7.16,18,20,16
vealdo01,2012,1,CHA,24,0,39,1.38,5,4,19
vealdo01,2013,1,CHA,50,0,88,4.6,26,16,29
vealdo01,2014,1,CHA,7,0,18,7.5,6,7,6
vealdo01,2015,1,ATL,5,0,13,14.54,8,2,3
velasvi01,2015,1,HOU,19,7,167,4.37,50,21,58
velasvi01,2016,1,PHI,24,24,393,4.12,129,45,152
velasvi01,2017,1,PHI,15,15,216,5.13,74,34,68
velasvi01,2018,1,PHI,31,30,440,4.85,138,59,161
velasvi01,2019,1,PHI,33,23,352,4.91,120,43,130
velasvi01,2020,1,PHI,9,7,102,5.56,36,17,46
velasvi01,2021,1,PHI,21,17,245,5.95,76,45,85
velasvi01,2021,2,SDN,4,4,38,8.53,15,4,16
velasvi01,2022,1,CHA,27,9,226,4.78,68,25,69
velasvi01,2023,1,PIT,8,8,112,3.86,35,14,37
velazhe01,2017,1,BOS,8,3,74,2.92,21,7,19
velazhe01,2018,1,BOS,47,8,255,3.18,97,26,53
velazhe01,2019,1,BOS,34,8,169,5.43,58,28,49
venafmi01,2000,1,TEX,77,0,169,3.83,64,21,32
venafmi01,2001,1,TEX,70,0,180,4.8,54,28,29
venafmi01,2002,1,ATH,47,0,111,4.62,45,14,16
venafmi01,2003,1,TB,24,0,57,4.74,24,3,9
venafmi01,2004,1,LAN,17,0,27,4.0,11,3,6
venafmi01,2006,1,COL,7,0,11,2.45,3,3,2
vendipa01,2015,1,ATH,26,0,86,4.4,22,12,23
vendipa01,2016,1,TOR,8,0,26,5.19,11,4,7
vendipa01,2016,2,SEA,7,0,40,6.08,13,7,12
vendipa01,2018,1,LAN,15,0,42,2.57,11,3,9
vendipa01,2019,1,SFN,2,0,10,16.2,4,2,2
vendipa01,2020,1,MIA,3,0,13,0.0,1,0,5
venezan01,2023,1,KCA,2,0,7,0.0,2,2,1
venezan01,2024,1,KCA,2,0,6,4.5,4,1,2
venezan01,2024,2,MIA,10,0,34,3.18,12,2,12
venezan01,2025,1,MIA,24,1,63,4.71,25,10,20
venezan01,2025,2,SLN,2,0,12,4.5,3,1,5
ventejo01,2010,1,ATL,79,0,249,1.95,61,39,93
ventejo01,2011,1,ATL,85,0,264,1.84,53,43,96
ventejo01,2012,1,ATL,66,0,176,3.22,61,28,69
ventejo01,2018,1,TB,22,1,42,3.86,11,6,11
ventejo01,2018,2,ATL,28,0,61,3.54,15,10,16
ventejo01,2019,1,ATL,9,0,14,17.36,9,8,7
ventejo01,2019,2,WAS,3,0,10,5.4,3,2,5
venturo01,2004,1,LAN,1,0,3,0.0,1,0,0
ventuyo01,2013,1,KCA,3,3,46,3.52,13,6,11
ventuyo01,2014,1,KCA,31,30,549,3.2,168,69,159
ventuyo01,2015,1,KCA,28,28,490,4.08,154,58,156
ventuyo01,2016,1,KCA,32,32,558,4.45,190,78,144
verasjo01,2006,1,NYA,12,0,33,4.09,8,5,6
verasjo01,2007,1,NYA,9,0,28,5.79,6,7,7
verasjo01,2008,1,NYA,60,0,173,3.59,52,29,63
verasjo01,2009,1,NYA,25,0,77,5.96,23,14,18
verasjo01,2009,2,CLE,22,0,74,4.38,19,14,22
verasjo01,2010,1,MIA,48,0,144,3.75,32,29,54
verasjo01,2011,1,PIT,79,0,213,3.8,54,34,79
verasjo01,2012,1,MIL,72,0,201,3.63,61,40,79
verasjo01,2013,1,HOU,42,0,129,2.93,29,14,44
verasjo01,2013,2,DET,25,0,59,3.2,16,8,16
verasjo01,2014,1,CHN,12,0,40,8.1,12,11,13
verasjo01,2014,2,HOU,34,0,98,3.03,25,16,37
verdury01,2012,1,KCA,1,1,5,32.4,8,2,2
veresda01,2000,1,SLN,71,0,227,2.85,65,25,67
veresda01,2001,1,SLN,71,0,197,3.7,57,28,61
veresda01,2002,1,SLN,71,0,248,3.48,67,39,68
veresda01,2003,1,CHN,31,0,98,4.68,36,5,26
verhadr01,2014,1,DET,1,1,15,5.4,5,3,4
verhadr01,2015,1,DET,20,0,79,2.05,18,14,13
verhadr01,2016,1,DET,19,0,57,7.11,28,7,10
verhadr01,2017,1,DET,24,2,103,5.77,42,9,25
verhadr01,2018,1,DET,41,1,169,4.63,46,19,53
verhadr01,2019,1,DET,22,4,174,5.9,70,23,51
verhadr01,2022,1,SLN,19,0,65,6.65,27,14,18
verhadr01,2023,1,SLN,60,0,183,3.98,52,26,60
verlaju01,2005,1,DET,2,2,34,7.15,15,5,7
verlaju01,2006,1,DET,30,30,558,3.63,187,60,124
verlaju01,2007,1,DET,32,32,605,3.66,181,67,183
verlaju01,2008,1,DET,33,33,603,4.84,195,87,163
verlaju01,2009,1,DET,35,35,720,3.45,219,63,269
verlaju01,2010,1,DET,33,33,673,3.37,190,71,219
verlaju01,2011,1,DET,34,34,753,2.4,174,57,250
verlaju01,2012,1,DET,33,33,715,2.64,192,60,239
verlaju01,2013,1,DET,34,34,655,3.46,212,75,217
verlaju01,2014,1,DET,32,32,618,4.54,223,65,159
verlaju01,2015,1,DET,20,20,400,3.38,113,32,113
verlaju01,2016,1,DET,34,34,683,3.04,171,57,254
verlaju01,2017,1,DET,28,28,516,3.82,153,67,176
verlaju01,2017,2,HOU,5,5,102,1.06,17,5,43
verlaju01,2018,1,HOU,34,34,642,2.52,156,37,290
verlaju01,2019,1,HOU,34,34,669,2.58,137,42,300
verlaju01,2020,1,HOU,1,1,18,3.0,3,1,7
verlaju01,2022,1,HOU,28,28,525,1.75,116,29,185
verlaju01,2023,1,NYN,16,16,283,3.15,77,31,81
verlaju01,2023,2,HOU,11,11,204,3.31,62,14,63
verlaju01,2024,1,HOU,17,17,271,5.48,98,27,74
verlaju01,2025,1,SFN,29,29,456,3.85,155,52,137
vermija01,2007,1,TOR,2,0,18,0.0,5,0,2
verrelo01,2015,1,TEX,4,0,27,6.0,11,4,3
verrelo01,2015,2,NYN,14,4,116,3.03,23,11,36
verrelo01,2016,1,NYN,35,12,275,5.2,100,43,66
verrelo01,2017,1,BAL,4,0,32,4.22,11,3,9
vesiaal01,2020,1,MIA,5,0,13,18.69,7,7,5
vesiaal01,2021,1,LAN,41,0,120,2.25,17,22,54
vesiaal01,2022,1,LAN,63,0,163,2.15,37,24,79
vesiaal01,2023,1,LAN,56,1,149,4.35,52,17,64
vesiaal01,2024,1,LAN,67,0,199,1.76,33,33,87
vesiaal01,2025,1,LAN,68,0,179,3.02,37,22,80
vespini01,2022,1,BAL,25,0,79,4.1,29,8,28
vespini01,2023,1,BAL,9,0,44,4.3,16,2,9
vespini01,2024,1,BAL,11,0,37,2.92,10,3,9
vestwi01,2021,1,SEA,32,0,105,6.17,38,18,27
vestwi01,2022,1,DET,59,2,189,4.0,62,22,63
vestwi01,2023,1,DET,48,4,145,2.98,40,13,56
vestwi01,2024,1,DET,69,0,211,2.82,61,18,63
vestwi01,2025,1,DET,64,0,206,3.01,61,22,75
vieauca01,2022,1,PIT,8,0,26,10.38,15,5,15
vieirth01,2017,1,SEA,1,0,3,0.0,0,0,1
vieirth01,2018,1,CHA,16,0,53,7.13,21,9,15
vieirth01,2019,1,CHA,6,0,21,9.0,11,5,8
vieirth01,2023,1,MIL,2,0,9,0.0,0,1,2
vieirth01,2024,1,MIL,16,0,67,5.64,25,13,25
vieirth01,2024,2,BAL,1,0,0,,1,4,0
vieirth01,2024,3,ARI,11,0,47,2.87,11,9,14
villabr01,2000,1,DET,3,0,13,10.38,4,4,1
villabr01,2001,1,TEX,6,0,17,14.29,12,4,4
villabr01,2002,1,SDN,31,0,96,1.41,29,12,25
villabr01,2003,1,SDN,31,0,122,4.2,39,26,34
villabr01,2004,1,ARI,20,0,60,4.05,25,14,13
villabr02,2011,1,DET,16,0,48,6.75,21,10,14
villabr02,2012,1,DET,50,0,164,2.63,38,28,66
villabr02,2013,1,DET,7,0,13,20.77,8,8,6
villabr02,2013,2,BOS,1,0,0,,0,1,0
villaca01,2006,1,MIL,10,6,161,3.69,43,11,39
villaca01,2007,1,MIL,59,6,343,3.94,101,53,99
villaca01,2008,1,MIL,47,9,325,4.07,112,30,93
villaca01,2009,1,MIL,64,6,288,5.34,102,35,83
villaca01,2010,1,MIL,50,0,158,4.61,48,22,67
villaca01,2011,1,TOR,33,13,321,4.04,103,32,68
villaca01,2012,1,TOR,38,16,376,4.16,113,46,122
villaca01,2013,1,CHN,47,15,386,4.06,117,40,103
villaca01,2014,1,CHN,42,5,233,4.64,89,19,72
villaca01,2015,1,SLN,35,0,183,2.95,50,21,55
villaca01,2016,1,SDN,51,0,222,5.96,89,14,61
villada01,2023,1,SFN,1,0,3,0.0,0,1,0
villaed01,2004,1,KCA,1,1,10,13.5,6,4,0
villael01,2011,1,MIA,1,1,9,24.0,5,5,2
villael02,2024,1,MIA,3,0,13,2.08,3,2,3
villahe02,2010,1,HOU,8,0,18,4.5,5,3,3
villaos01,2003,1,ARI,86,1,294,2.57,80,46,80
villaos01,2004,1,ARI,17,0,54,7.0,25,7,17
villaos01,2005,1,ARI,11,0,41,5.27,11,6,5
villaos01,2006,1,ATL,58,4,277,3.61,93,27,55
villaos01,2007,1,ATL,51,0,229,4.24,75,32,58
villaos01,2008,1,HOU,35,0,113,5.02,42,17,21
villape01,2012,1,CIN,1,0,3,0.0,0,0,1
villape01,2013,1,CIN,2,1,17,12.71,13,3,4
villape01,2014,1,CIN,12,0,44,4.3,11,7,12
villape01,2015,1,CIN,29,0,150,3.42,57,12,29
villeis01,2000,1,ATL,1,0,8,13.5,4,2,2
villoro01,2000,1,CIN,35,23,423,5.43,154,78,77
villoro01,2001,1,COL,22,6,140,6.36,56,29,48
villoro01,2001,2,HOU,31,6,204,5.56,77,24,65
villoro01,2002,1,PIT,45,7,279,5.81,95,34,55
villoro01,2003,1,HOU,19,19,320,4.13,91,48,91
villoro01,2004,1,SEA,56,10,351,4.08,102,64,86
villoro01,2005,1,SEA,52,0,121,2.45,33,23,41
villoro01,2005,2,MIA,27,0,71,6.85,24,12,29
villoro01,2006,1,NYA,70,0,241,5.04,75,51,72
villoro01,2007,1,NYA,37,0,127,4.25,36,18,25
villoro01,2008,1,SLN,74,0,150,4.68,45,37,50
villoro01,2009,1,WAS,63,0,146,4.25,54,29,33
vinceni01,2012,1,SDN,27,0,79,1.71,19,7,28
vinceni01,2013,1,SDN,45,0,139,2.14,33,11,49
vinceni01,2014,1,SDN,63,0,165,3.6,44,11,62
vinceni01,2015,1,SDN,26,0,69,2.35,25,10,22
vinceni01,2016,1,SEA,60,0,181,3.73,53,15,65
vinceni01,2017,1,SEA,69,0,194,3.2,62,13,50
vinceni01,2018,1,SEA,62,1,169,3.99,50,15,56
vinceni01,2019,1,SFN,18,1,92,5.58,36,8,30
vinceni01,2019,2,PHI,14,0,42,1.93,11,4,17
vinceni01,2020,1,MIA,21,0,67,4.43,23,6,17
vinceni01,2021,1,MIN,7,0,38,0.71,6,5,9
vinesda01,2023,1,ATL,5,2,61,3.98,15,7,14
vinesda01,2024,1,ATL,4,2,41,8.56,21,4,9
vininke01,2001,1,CHA,8,0,20,17.55,15,7,3
violape01,2009,1,CIN,9,0,21,5.14,7,3,5
violape01,2010,1,BAL,2,0,4,13.5,1,1,3
violape01,2011,1,BAL,4,0,11,9.82,6,2,4
vizcaar01,2011,1,ATL,17,0,52,4.67,16,9,17
vizcaar01,2014,1,CHN,5,0,15,5.4,5,3,4
vizcaar01,2015,1,ATL,36,0,101,1.6,27,13,37
vizcaar01,2016,1,ATL,43,0,116,4.42,37,26,50
vizcaar01,2017,1,ATL,62,0,172,2.83,42,21,64
vizcaar01,2018,1,ATL,39,0,115,2.11,30,15,40
vizcaar01,2019,1,ATL,4,0,12,2.25,3,3,6
vizcaar01,2022,1,KCA,7,0,17,6.35,4,7,3
vizcalu01,2000,1,ATH,12,0,58,7.45,25,11,18
vizcalu01,2001,1,ATH,36,0,110,4.66,38,12,31
vizcalu01,2002,1,MIL,76,0,244,2.99,55,30,79
vizcalu01,2003,1,MIL,75,0,186,6.39,64,25,61
vizcalu01,2004,1,MIL,73,0,216,3.75,61,24,63
vizcalu01,2005,1,CHA,65,0,210,3.73,74,29,43
vizcalu01,2006,1,ARI,70,0,196,3.58,51,29,72
vizcalu01,2007,1,NYA,77,0,226,4.3,66,43,62
vizcalu01,2008,1,COL,43,0,138,5.28,48,19,49
vizcalu01,2009,1,CHN,4,0,11,0.0,2,0,3
vizcalu01,2009,2,CLE,11,0,35,5.4,8,12,9
vodnivi01,2023,1,COL,6,0,26,8.31,15,3,12
vodnivi01,2024,1,COL,64,0,221,4.28,72,37,65
vodnivi01,2025,1,COL,52,0,152,3.02,45,26,49
vogelry01,2000,1,SFN,4,0,18,0.0,4,2,6
vogelry01,2001,1,SFN,13,0,86,5.65,29,14,17
vogelry01,2001,2,PIT,2,2,18,12.0,10,6,7
vogelry01,2003,1,PIT,6,5,66,6.55,30,9,15
vogelry01,2004,1,PIT,31,26,399,6.5,148,67,92
vogelry01,2005,1,PIT,44,0,244,4.43,82,40,52
vogelry01,2006,1,PIT,20,0,114,6.39,44,16,27
vogelry01,2011,1,SFN,30,28,539,2.71,164,61,139
vogelry01,2012,1,SFN,31,31,569,3.37,171,62,158
vogelry01,2013,1,SFN,19,19,311,5.73,124,38,67
vogelry01,2014,1,SFN,32,32,554,4.0,178,58,151
vogelry01,2015,1,SFN,33,22,405,4.67,140,58,108
vogelry01,2016,1,PIT,24,14,247,4.81,80,40,61
volqued01,2005,1,TEX,6,3,38,14.21,25,10,11
volqued01,2006,1,TEX,8,8,100,7.29,52,17,15
volqued01,2007,1,TEX,6,6,102,4.5,34,15,29
volqued01,2008,1,CIN,33,32,588,3.21,167,93,206
volqued01,2009,1,CIN,9,9,149,4.35,34,32,47
volqued01,2010,1,CIN,12,12,188,4.31,59,35,67
volqued01,2011,1,CIN,20,20,326,5.71,106,65,104
volqued01,2012,1,SDN,32,32,548,4.14,160,105,174
volqued01,2013,1,SDN,27,27,427,6.01,168,69,116
volqued01,2013,2,LAN,6,5,84,4.18,25,8,26
volqued01,2014,1,PIT,32,31,578,3.04,166,71,140
volqued01,2015,1,KCA,34,33,601,3.55,190,72,155
volqued01,2016,1,KCA,34,34,568,5.37,217,76,139
volqued01,2017,1,MIA,17,17,277,4.19,78,53,81
volqued01,2019,1,TEX,11,4,48,6.75,20,12,10
volqued01,2020,1,TEX,7,0,17,6.35,6,2,3
volstch01,2008,1,MIA,15,14,253,2.88,76,36,52
volstch01,2009,1,MIA,29,29,477,5.21,169,59,107
volstch01,2010,1,MIA,30,30,525,4.58,187,60,102
volstch01,2011,1,MIA,29,29,497,4.89,187,49,117
volstch01,2012,1,CHN,21,21,334,6.31,137,43,61
volstch01,2013,1,COL,6,0,25,10.8,19,1,3
volstch01,2015,1,PIT,1,0,6,0.0,2,0,0
volstch01,2017,1,CHA,6,2,58,4.66,16,5,10
volstch01,2018,1,CHA,33,1,142,6.27,65,12,29
vosbeed01,2000,1,PHI,31,0,72,4.13,21,18,23
vosbeed01,2001,1,PHI,18,0,38,2.84,8,3,11
vosbeed01,2002,1,WAS,4,0,3,18.0,3,1,0
vosleja01,2023,1,CIN,2,0,6,4.5,5,0,0
vothau01,2018,1,WAS,4,2,37,6.57,12,6,11
vothau01,2019,1,WAS,9,8,131,3.3,33,13,44
vothau01,2020,1,WAS,11,11,149,6.34,57,18,44
vothau01,2021,1,WAS,49,1,172,5.34,57,28,59
vothau01,2022,1,WAS,19,0,56,10.13,34,6,18
vothau01,2022,2,BAL,22,17,249,3.04,77,25,72
vothau01,2023,1,BAL,25,0,104,5.19,39,15,34
vothau01,2024,1,SEA,68,0,183,3.69,46,18,61
voylebr01,2001,1,KCA,7,0,28,3.86,5,8,6
voylebr01,2002,1,KCA,22,0,83,6.51,31,18,26
voylebr01,2003,1,KCA,11,3,94,7.18,47,18,24
wachami01,2013,1,SLN,15,9,194,2.78,52,19,65
wachami01,2014,1,SLN,19,19,321,3.2,95,33,94
wachami01,2015,1,SLN,30,30,544,3.38,162,58,153
wachami01,2016,1,SLN,27,24,414,5.09,159,45,114
wachami01,2017,1,SLN,30,30,497,4.13,170,55,158
wachami01,2018,1,SLN,15,15,253,3.2,68,36,71
wachami01,2019,1,SLN,29,24,380,4.76,143,55,104
wachami01,2020,1,NYN,8,7,102,6.62,46,7,37
wachami01,2021,1,TB,29,23,374,5.05,132,31,121
wachami01,2022,1,BOS,23,23,382,3.32,111,31,104
wachami01,2023,1,SDN,24,24,403,3.22,113,43,124
wachami01,2024,1,KCA,29,29,500,3.35,154,45,145
wachami01,2025,1,KCA,31,31,518,3.86,166,45,126
wadats01,2014,1,CHN,13,13,208,3.25,67,19,57
wadats01,2015,1,CHN,8,7,97,3.62,30,11,31
waddebr01,2020,1,PIT,2,0,10,2.7,2,2,2
waddebr01,2021,1,MIN,4,0,12,11.25,10,3,1
waddebr01,2021,2,BAL,1,0,3,0.0,0,1,0
waddebr01,2021,3,SLN,4,0,13,4.15,4,5,6
waddebr01,2025,1,NYN,11,1,94,3.45,29,11,22
waddeja01,2009,1,CHN,3,0,5,5.4,3,0,2
wadeco01,2008,1,LAN,55,0,214,2.27,51,15,51
wadeco01,2009,1,LAN,27,0,83,5.53,28,10,18
wadeco01,2011,1,NYA,40,0,119,2.04,33,8,30
wadeco01,2012,1,NYA,39,0,117,6.46,46,8,38
wadeko01,2021,1,BAL,7,0,37,11.68,23,5,11
wadety01,2025,1,SDN,1,0,3,9.0,2,1,0
waechdo01,2003,1,TB,6,5,106,3.31,29,15,29
waechdo01,2004,1,TB,14,14,211,6.01,68,33,36
waechdo01,2005,1,TB,29,25,471,5.62,191,38,87
waechdo01,2006,1,TB,11,10,159,6.62,67,19,25
waechdo01,2008,1,MIA,48,0,190,3.69,63,21,46
waechdo01,2009,1,KCA,5,0,16,8.44,9,3,3
wagnebi02,2000,1,HOU,28,0,83,6.18,28,18,28
wagnebi02,2001,1,HOU,64,0,188,2.73,44,20,79
wagnebi02,2002,1,HOU,70,0,225,2.52,51,22,88
wagnebi02,2003,1,HOU,78,0,258,1.78,52,23,105
wagnebi02,2004,1,PHI,45,0,145,2.42,31,6,59
wagnebi02,2005,1,PHI,75,0,233,1.51,45,20,87
wagnebi02,2006,1,NYN,70,0,217,2.24,59,21,94
wagnebi02,2007,1,NYN,66,0,205,2.63,55,22,80
wagnebi02,2008,1,NYN,45,0,141,2.3,32,10,52
wagnebi02,2009,1,NYN,2,0,6,0.0,0,1,4
wagnebi02,2009,2,BOS,15,0,41,1.98,8,7,22
wagnebi02,2010,1,ATL,71,0,208,1.43,38,22,104
wagnene01,2011,1,ATH,6,0,15,7.2,6,3,4
wagnene01,2013,1,TOR,36,0,114,3.79,39,13,33
wagnene01,2014,1,TOR,10,0,30,8.1,12,4,6
wagnery01,2003,1,CIN,17,0,65,1.66,13,12,25
wagnery01,2004,1,CIN,49,0,155,4.7,59,27,37
wagnery01,2005,1,CIN,42,0,137,6.11,56,17,39
wagnery01,2006,1,WAS,26,0,92,4.7,36,15,20
wagnery01,2007,1,WAS,14,0,47,5.74,20,8,9
wagnety01,2015,1,MIL,3,3,41,7.24,22,7,5
wagnety01,2016,1,ARI,3,0,30,1.8,9,2,7
wagueja01,2019,1,TOR,16,13,234,4.38,75,29,63
wagueja01,2020,1,TOR,11,0,53,8.15,27,9,16
wagueja01,2024,1,TB,4,1,30,5.4,13,10,11
wahlbo01,2017,1,ATH,7,0,23,4.7,8,4,8
wahlbo01,2018,1,NYN,7,0,16,10.13,9,4,7
wahlbo01,2020,1,MIL,3,0,7,11.57,4,0,1
wainhda01,2000,1,SLN,9,0,26,9.35,13,4,5
wainwad01,2005,1,SLN,2,0,6,13.5,2,1,0
wainwad01,2006,1,SLN,61,0,225,3.12,64,22,72
wainwad01,2007,1,SLN,32,32,606,3.7,212,70,136
wainwad01,2008,1,SLN,20,20,396,3.2,122,34,91
wainwad01,2009,1,SLN,34,34,699,2.63,216,66,212
wainwad01,2010,1,SLN,33,33,691,2.42,186,56,213
wainwad01,2012,1,SLN,32,32,596,3.94,196,52,184
wainwad01,2013,1,SLN,34,34,725,2.94,223,35,219
wainwad01,2014,1,SLN,32,32,681,2.38,184,50,179
wainwad01,2015,1,SLN,7,4,84,1.61,25,4,20
wainwad01,2016,1,SLN,33,33,596,4.62,220,59,161
wainwad01,2017,1,SLN,24,23,370,5.11,140,45,96
wainwad01,2018,1,SLN,8,8,121,4.46,41,18,40
wainwad01,2019,1,SLN,31,31,515,4.19,181,64,153
wainwad01,2020,1,SLN,10,10,197,3.15,54,15,54
wainwad01,2021,1,SLN,32,32,619,3.05,168,50,174
wainwad01,2022,1,SLN,32,32,575,3.71,192,54,143
wainwad01,2023,1,SLN,21,21,303,7.4,151,41,55
waiteco01,2022,1,SFN,7,0,17,3.18,6,4,4
waiteco01,2023,1,SFN,3,0,7,15.43,6,2,2
wakefti01,2000,1,BOS,51,17,478,5.48,170,65,102
wakefti01,2001,1,BOS,45,17,506,3.9,156,73,148
wakefti01,2002,1,BOS,45,15,490,2.81,121,51,134
wakefti01,2003,1,BOS,35,33,607,4.09,193,71,169
wakefti01,2004,1,BOS,32,30,565,4.87,197,63,116
wakefti01,2005,1,BOS,33,33,676,4.15,210,68,151
wakefti01,2006,1,BOS,23,23,420,4.63,135,51,90
wakefti01,2007,1,BOS,31,31,567,4.76,191,64,110
wakefti01,2008,1,BOS,30,30,543,4.13,154,60,117
wakefti01,2009,1,BOS,21,21,389,4.58,137,50,72
wakefti01,2010,1,BOS,32,19,420,5.34,153,36,84
wakefti01,2011,1,BOS,33,23,464,5.12,163,47,93
waldejo01,2010,1,LAA,16,0,46,2.35,13,7,23
waldejo01,2011,1,LAA,62,0,181,2.98,49,26,67
waldejo01,2012,1,LAA,45,0,117,3.46,35,18,48
waldejo01,2013,1,ATL,50,0,141,3.45,39,14,54
waldejo01,2014,1,ATL,58,0,150,2.88,33,27,62
waldejo01,2015,1,SLN,12,0,31,0.87,7,4,12
waldema01,2018,1,BOS,8,0,44,3.68,14,3,14
waldema01,2019,1,BOS,70,0,234,3.81,61,32,76
waldema01,2020,1,BOS,15,0,40,9.45,23,9,10
waldike01,2022,1,ATH,7,7,104,4.93,32,10,33
waldike01,2023,1,ATH,35,22,423,5.36,149,71,132
waldrhu01,2024,1,ATL,2,2,21,16.71,9,8,3
waldrhu01,2025,1,ATL,10,9,169,2.88,45,22,55
waldrky01,2011,1,MIN,7,0,33,5.73,10,6,5
waldrky01,2012,1,MIN,17,0,64,2.53,27,6,7
waldrma01,2023,1,SDN,8,6,124,4.35,39,12,31
waldrma01,2024,1,SDN,27,26,440,4.91,145,40,133
waldrma01,2025,1,SDN,1,1,14,7.71,6,6,3
walkeja01,2002,1,DET,57,0,131,3.71,32,9,40
walkeja01,2003,1,DET,78,0,195,3.32,61,17,45
walkeja01,2004,1,DET,70,0,194,3.2,69,12,53
walkeja01,2005,1,DET,66,0,146,3.7,49,13,30
walkeja01,2006,1,DET,56,0,144,2.81,47,8,37
walkeja01,2007,1,BAL,81,0,184,3.23,57,17,41
walkeja01,2008,1,BAL,59,0,114,6.87,53,11,24
walkeja01,2009,1,BAL,22,0,37,5.11,19,0,9
walkeje02,2019,1,ATL,6,0,28,1.93,9,4,6
walkejo03,2023,1,NYN,14,0,30,8.1,12,6,12
walkejo03,2024,1,NYN,10,0,37,5.11,13,6,11
walkejo03,2025,1,TOR,3,0,15,7.2,8,2,8
walkeke01,2000,1,SDN,70,0,200,4.19,49,38,56
walkeke01,2001,1,SDN,16,0,36,3.0,5,8,17
walkeke01,2002,1,SDN,11,0,24,5.63,12,5,11
walkeke01,2003,1,SDN,11,0,20,5.4,5,5,5
walkeke01,2004,1,SFN,5,0,5,16.2,3,2,1
walkeke01,2005,1,CHA,9,0,21,9.0,10,5,5
walkene01,2020,1,PHI,1,0,2,0.0,0,1,0
walkepe01,2000,1,COL,3,0,14,17.36,10,4,2
walkepe01,2001,1,NYN,2,0,20,2.7,6,0,4
walkepe01,2002,1,NYN,1,0,3,9.0,2,0,0
walkepe01,2002,2,TOR,37,20,418,4.33,143,51,80
walkepe01,2003,1,TOR,23,7,166,4.88,59,24,29
walkepe01,2005,1,TOR,41,4,252,3.54,81,33,43
walkepe01,2006,1,TOR,23,0,90,5.4,37,13,27
walkery01,2023,1,SFN,49,13,184,3.23,61,24,78
walkery01,2024,1,SFN,76,1,240,1.91,50,18,99
walkery01,2025,1,SFN,68,0,184,4.11,60,18,60
walketa01,2013,1,SEA,3,3,45,3.6,11,4,12
walketa01,2014,1,SEA,8,5,114,2.61,31,18,34
walketa01,2015,1,SEA,29,29,509,4.56,163,40,157
walketa01,2016,1,SEA,25,25,403,4.22,129,37,119
walketa01,2017,1,ARI,28,28,472,3.49,148,61,146
walketa01,2018,1,ARI,3,3,39,3.46,15,5,9
walketa01,2019,1,ARI,1,1,3,0.0,1,0,1
walketa01,2020,1,SEA,5,5,81,4.0,21,8,25
walketa01,2020,2,TOR,6,6,79,1.37,22,11,25
walketa01,2021,1,NYN,30,29,477,4.47,133,55,146
walketa01,2022,1,NYN,29,29,472,3.49,143,45,132
walketa01,2023,1,PHI,31,31,518,4.38,155,71,138
walketa01,2024,1,PHI,19,15,251,7.1,107,37,58
walketa01,2025,1,PHI,34,21,371,4.08,132,42,86
walkety01,2002,1,NYN,5,1,32,5.91,11,5,7
walkety01,2004,1,SFN,52,0,191,4.24,69,24,48
walkety01,2005,1,SFN,67,0,185,4.23,68,27,54
walkety01,2006,1,SFN,6,0,16,15.19,9,5,3
walkety01,2006,2,TB,20,0,60,4.95,18,7,16
walkety01,2007,1,SFN,15,0,43,1.26,12,4,9
walkety01,2008,1,SFN,65,0,160,4.56,47,21,49
walkety01,2009,1,PHI,32,0,106,3.06,31,9,27
walkety01,2010,1,WAS,24,0,106,3.57,35,8,30
wallaje01,2000,1,PIT,38,0,107,7.07,42,34,27
wallaje01,2001,1,TB,29,1,151,3.4,43,37,38
walldo01,2000,1,SDN,44,0,161,3.35,36,21,29
walldo01,2001,1,NYN,32,0,128,4.85,51,17,31
walldo01,2002,1,LAA,17,0,63,6.43,17,7,13
walljo02,2012,1,LAN,7,0,17,4.76,3,1,4
walljo02,2013,1,LAN,6,0,21,18.0,17,6,7
walljo02,2014,1,LAA,2,0,3,54.0,5,3,0
wallnma01,2024,1,MIN,1,0,4,0.0,2,0,0
walrole01,2003,1,KCA,7,0,24,10.13,11,7,6
walrole01,2006,1,CHN,10,2,52,6.23,19,12,21
walrole01,2008,1,PHI,6,0,31,6.1,13,9,12
walshja01,2019,1,LAA,5,0,15,1.8,3,6,5
walshja02,2022,1,SLN,3,0,8,13.5,3,2,5
walstbl01,2024,1,ARI,7,2,55,4.42,16,10,18
waltean01,2024,1,CLE,9,1,26,0.0,1,5,6
waltean01,2025,1,CLE,2,0,4,13.5,2,0,2
waltebr01,2023,1,BOS,9,0,69,6.26,32,7,16
waltebr01,2025,1,HOU,9,9,161,3.35,46,4,52
waltena01,2022,1,LAA,1,0,1,0.0,1,1,0
waltepj01,2009,1,SLN,8,1,48,9.56,21,9,14
waltepj01,2010,1,SLN,7,3,90,6.0,32,10,22
waltepj01,2011,1,SLN,4,0,12,9.0,3,2,3
waltepj01,2011,2,TOR,1,0,3,0.0,0,1,1
waltepj01,2012,1,MIN,12,12,185,5.69,71,22,42
waltepj01,2013,1,MIN,8,8,118,5.95,51,18,22
waltodo01,2022,2,SFN,1,0,3,27.0,3,1,0
waltodo01,2024,1,SFN,1,0,3,0.0,2,0,0
wangch01,2005,1,NYA,18,17,349,4.02,113,32,47
wangch01,2006,1,NYA,34,33,654,3.63,233,52,76
wangch01,2007,1,NYA,30,30,598,3.7,199,59,104
wangch01,2008,1,NYA,15,15,285,4.07,90,35,54
wangch01,2009,1,NYA,12,9,126,9.64,66,19,29
wangch01,2011,1,WAS,11,11,187,4.04,67,13,25
wangch01,2012,1,WAS,10,5,97,6.68,50,15,15
wangch01,2013,1,TOR,6,6,81,7.67,40,9,14
wangch01,2016,1,KCA,38,0,160,4.22,60,18,30
wangwe01,2014,1,MIL,14,0,52,10.9,30,8,13
wangwe01,2017,1,MIL,8,0,4,13.5,5,0,2
wangwe01,2019,1,ATH,20,0,81,3.33,22,11,16
wangwe01,2019,2,PIT,5,0,12,6.75,5,3,2
wantzan01,2021,1,LAA,21,0,82,4.94,23,11,38
wantzan01,2022,1,LAA,42,1,151,3.22,37,21,52
wantzan01,2023,1,LAA,27,3,118,3.89,28,15,33
wantzan01,2024,1,LAA,1,0,4,6.75,1,1,3
wardbr01,2000,1,PHI,20,0,58,2.33,14,8,11
wardbr01,2000,2,LAA,7,0,24,5.63,8,2,3
wardth01,2023,1,WAS,26,0,106,6.37,29,28,30
warread01,2012,1,NYA,1,1,7,23.14,8,2,1
warread01,2013,1,NYA,34,2,231,3.39,80,30,64
warread01,2014,1,NYA,69,0,236,2.97,63,24,76
warread01,2015,1,NYA,43,17,394,3.29,114,39,104
warread01,2016,1,CHN,29,1,105,5.91,31,19,27
warread01,2016,2,NYA,29,0,91,3.26,28,10,25
warread01,2017,1,NYA,46,0,172,2.35,35,15,54
warread01,2018,1,NYA,24,0,90,2.7,26,12,37
warread01,2018,2,SEA,23,0,65,3.74,22,8,15
warread01,2019,1,SDN,25,0,86,5.34,28,12,25
warrear01,2019,1,SEA,6,0,16,0.0,2,2,5
warrear01,2021,1,CIN,26,0,63,1.29,11,8,34
warrear01,2022,1,CIN,39,0,108,6.5,37,22,40
warreau01,2021,1,LAA,16,0,61,1.77,16,5,20
warreau01,2022,1,LAA,14,0,48,5.63,19,5,9
warreau01,2023,1,LAA,2,0,5,5.4,2,0,2
warreau01,2024,1,SFN,6,0,32,1.69,9,5,7
warreau01,2025,1,NYN,5,0,28,0.96,5,4,9
warrewi01,2024,1,NYA,6,5,68,10.32,33,10,29
warrewi01,2025,1,NYA,33,33,487,4.44,158,65,171
wasdijo01,2000,1,BOS,25,1,134,5.04,48,15,36
wasdijo01,2000,2,COL,14,3,107,5.8,42,9,35
wasdijo01,2001,1,COL,18,0,73,7.03,32,8,17
wasdijo01,2001,2,BAL,26,0,149,4.17,54,16,47
wasdijo01,2003,1,TOR,3,2,15,23.4,16,4,5
wasdijo01,2004,1,TEX,15,10,195,6.78,83,23,36
wasdijo01,2005,1,TEX,31,6,227,4.28,77,20,44
wasdijo01,2006,1,TEX,9,5,90,5.1,33,13,16
wasdijo01,2007,1,PIT,12,0,59,5.95,32,8,10
washbja01,2000,1,LAA,14,14,253,3.74,64,37,49
washbja01,2001,1,LAA,30,30,580,3.77,196,54,126
washbja01,2002,1,LAA,32,32,618,3.15,183,59,139
washbja01,2003,1,LAA,32,32,622,4.43,205,54,118
washbja01,2004,1,LAA,25,25,448,4.64,159,40,86
washbja01,2005,1,LAA,29,29,532,3.2,184,51,94
washbja01,2006,1,SEA,31,31,561,4.67,198,55,103
washbja01,2007,1,SEA,32,32,581,4.32,201,67,114
washbja01,2008,1,SEA,28,26,461,4.69,174,50,87
washbja01,2009,1,SEA,20,20,399,2.64,109,33,79
washbja01,2009,2,DET,8,8,129,7.33,51,16,21
wasseeh01,2007,1,CHA,33,0,69,2.74,20,7,14
wasseeh01,2008,1,CHA,24,0,59,7.78,27,14,9
waterch01,2008,1,BAL,11,11,194,5.01,70,29,33
waterch01,2009,1,BAL,5,1,35,5.4,9,5,5
watkisp01,2021,1,BAL,16,10,164,8.07,74,19,35
watkisp01,2022,1,BAL,23,20,316,4.7,119,30,63
watkisp01,2023,1,ATH,1,1,13,10.38,7,2,4
watkist01,2004,1,SDN,11,0,43,6.28,17,4,7
watsoal01,2000,1,NYA,17,0,66,10.23,30,18,20
watsoma01,2000,1,CLE,6,0,19,8.53,12,2,4
watsoma01,2002,1,SEA,3,0,12,18.0,8,4,1
watsoma01,2003,1,CIN,2,0,6,4.5,2,1,2
watsoto01,2011,1,PIT,43,0,123,3.95,34,20,37
watsoto01,2012,1,PIT,68,0,160,3.38,37,23,53
watsoto01,2013,1,PIT,67,0,215,2.39,51,12,54
watsoto01,2014,1,PIT,78,0,232,1.63,64,15,81
watsoto01,2015,1,PIT,77,0,226,1.91,55,17,62
watsoto01,2016,1,PIT,70,0,203,3.06,52,20,58
watsoto01,2017,1,PIT,47,0,140,3.66,57,14,35
watsoto01,2017,2,LAN,24,0,60,2.7,15,6,18
watsoto01,2018,1,SFN,72,0,198,2.59,54,14,72
watsoto01,2019,1,SFN,60,0,162,4.17,56,12,41
watsoto01,2020,1,SFN,21,0,54,2.5,13,3,15
watsoto01,2021,1,LAA,36,0,99,4.64,25,14,25
watsoto01,2021,2,SFN,26,0,73,2.96,15,4,19
wayneju01,2002,1,MIA,5,5,71,5.32,22,13,16
wayneju01,2003,1,MIA,2,2,16,11.81,9,5,1
wayneju01,2004,1,MIA,19,1,98,5.79,35,18,20
weathda01,2000,1,MIL,69,0,229,3.07,73,32,50
weathda01,2001,1,MIL,52,0,173,2.03,37,25,46
weathda01,2001,2,CHN,28,0,85,3.18,28,9,20
weathda01,2002,1,NYN,71,0,232,2.91,69,36,61
weathda01,2003,1,NYN,77,0,263,3.08,87,40,75
weathda01,2004,1,NYN,32,0,101,4.28,41,15,25
weathda01,2004,2,HOU,26,0,96,4.78,31,13,26
weathda01,2004,3,MIA,8,2,50,2.7,13,7,10
weathda01,2005,1,CIN,73,0,233,3.94,71,29,61
weathda01,2006,1,CIN,67,0,221,3.54,61,34,50
weathda01,2007,1,CIN,70,0,233,3.59,67,27,48
weathda01,2008,1,CIN,72,0,208,3.25,76,30,46
weathda01,2009,1,CIN,43,0,114,3.32,27,17,27
weathda01,2009,2,MIL,25,0,72,4.88,26,11,10
weathry01,2021,1,SDN,30,18,284,5.32,101,30,72
weathry01,2022,1,SDN,1,1,11,9.82,6,4,3
weathry01,2023,1,SDN,12,10,134,6.25,55,17,29
weathry01,2023,2,MIA,3,2,39,7.62,13,12,14
weathry01,2024,1,MIA,16,16,260,3.63,78,24,80
weathry01,2025,1,MIA,8,8,115,3.99,37,12,37
weaveer01,2000,1,LAA,17,0,55,6.87,20,16,8
weaveje01,2000,1,DET,31,30,600,4.32,205,52,136
weaveje01,2001,1,DET,33,33,688,4.08,235,68,152
weaveje01,2002,1,DET,17,17,365,3.18,112,33,75
weaveje01,2002,2,NYA,15,8,234,4.04,81,15,57
weaveje01,2003,1,NYA,32,24,478,5.99,211,47,93
weaveje01,2004,1,LAN,34,34,660,4.01,219,67,153
weaveje01,2005,1,LAN,34,34,672,4.22,220,43,157
weaveje01,2006,1,LAA,16,16,266,6.29,114,21,62
weaveje01,2006,2,SLN,15,15,250,5.18,99,26,45
weaveje01,2007,1,SEA,27,27,440,6.2,190,35,80
weaveje01,2009,1,LAN,28,7,237,3.65,87,33,64
weaveje01,2010,1,LAN,43,0,133,6.09,48,20,26
weaveje02,2006,1,LAA,19,19,369,2.56,94,33,105
weaveje02,2007,1,LAA,28,28,483,3.91,178,45,115
weaveje02,2008,1,LAA,30,30,530,4.33,173,54,152
weaveje02,2009,1,LAA,33,33,633,3.75,196,66,174
weaveje02,2010,1,LAA,34,34,673,3.01,187,54,233
weaveje02,2011,1,LAA,33,33,707,2.41,182,56,198
weaveje02,2012,1,LAA,30,30,566,2.81,147,45,142
weaveje02,2013,1,LAA,24,24,463,3.27,139,37,117
weaveje02,2014,1,LAA,34,34,640,3.59,193,65,169
weaveje02,2015,1,LAA,26,26,477,4.64,163,33,90
weaveje02,2016,1,LAA,31,31,534,5.06,209,51,103
weaveje02,2017,1,SDN,9,9,127,7.44,51,12,23
weavelu01,2016,1,SLN,9,8,109,5.7,46,12,45
weavelu01,2017,1,SLN,13,10,181,3.88,59,17,72
weavelu01,2018,1,SLN,30,25,409,4.95,150,54,121
weavelu01,2019,1,ARI,12,12,193,2.94,55,14,69
weavelu01,2020,1,ARI,12,12,156,6.58,63,18,55
weavelu01,2021,1,ARI,13,13,197,4.25,58,20,62
weavelu01,2022,1,ARI,12,1,49,7.71,24,5,19
weavelu01,2022,2,KCA,14,0,58,5.59,28,8,19
weavelu01,2023,1,CIN,21,21,291,6.87,125,34,85
weavelu01,2023,2,SEA,5,1,40,6.08,16,3,8
weavelu01,2023,3,NYA,3,3,40,3.38,14,3,16
weavelu01,2024,1,NYA,62,0,252,2.89,52,26,103
weavelu01,2025,1,NYA,64,0,194,3.62,46,20,72
webbbr01,2003,1,ARI,29,28,542,2.84,140,68,172
webbbr01,2004,1,ARI,35,35,624,3.59,194,119,164
webbbr01,2005,1,ARI,33,33,687,3.54,229,59,172
webbbr01,2006,1,ARI,33,33,705,3.1,216,50,178
webbbr01,2007,1,ARI,34,34,709,3.01,209,72,194
webbbr01,2008,1,ARI,34,34,680,3.3,206,65,183
webbbr01,2009,1,ARI,1,1,12,13.5,6,2,2
webbda01,2013,1,CHA,9,0,34,3.18,9,4,10
webbda01,2014,1,CHA,57,0,203,3.99,59,42,58
webbda01,2015,1,CHA,27,0,90,6.3,41,22,22
webbda01,2016,1,CHA,1,0,3,0.0,2,1,3
webbja01,2019,1,ATL,36,0,97,1.39,24,12,28
webbja01,2020,1,ATL,8,0,30,0.0,7,5,10
webbja01,2021,1,ATL,34,0,103,4.19,38,14,33
webbja01,2023,1,LAA,29,0,95,3.98,23,20,34
webbja01,2023,2,BAL,25,0,66,3.27,16,10,23
webbja01,2024,1,BAL,60,0,170,3.02,40,27,58
webbja01,2025,1,TEX,55,0,198,3.0,49,19,58
webbjo01,2004,1,TB,4,0,27,7.0,12,7,9
webbjo01,2005,1,TB,1,1,12,18.0,6,4,2
webblo01,2019,1,SFN,8,8,119,5.22,44,14,37
webblo01,2020,1,SFN,13,11,163,5.47,61,24,46
webblo01,2021,1,SFN,27,26,445,3.03,128,36,158
webblo01,2022,1,SFN,32,32,577,2.9,174,49,163
webblo01,2023,1,SFN,33,33,648,3.25,201,31,194
webblo01,2024,1,SFN,33,33,614,3.47,202,50,172
webblo01,2025,1,SFN,34,34,621,3.22,210,46,224
webbry01,2009,1,SDN,28,0,77,3.86,27,11,19
webbry01,2010,1,SDN,54,0,177,2.9,64,19,44
webbry01,2011,1,MIA,53,0,152,3.2,48,20,31
webbry01,2012,1,MIA,65,0,181,4.03,72,20,44
webbry01,2013,1,MIA,66,0,241,2.91,70,27,54
webbry01,2014,1,BAL,51,0,148,3.83,50,12,37
webbry01,2015,1,CLE,40,0,152,3.2,46,12,31
webbry01,2016,1,TB,18,0,52,5.19,27,3,11
webbty01,2017,1,NYA,7,0,18,4.5,3,4,5
webbty01,2017,2,MIL,2,0,6,9.0,6,1,3
webbty01,2018,1,SDN,4,0,15,12.6,6,3,4
webbty01,2018,2,SLN,18,0,46,1.76,16,6,11
webbty01,2019,1,SLN,65,0,165,3.76,33,23,48
webbty01,2020,1,SLN,21,0,65,2.08,17,7,19
webbty01,2021,1,SLN,22,0,49,13.22,22,19,14
weberbe01,2000,1,SFN,9,0,24,14.63,16,4,6
weberbe01,2000,2,LAA,10,0,44,1.84,12,2,8
weberbe01,2001,1,LAA,56,0,205,3.42,66,31,40
weberbe01,2002,1,LAA,63,0,234,2.54,70,22,43
weberbe01,2003,1,LAA,62,0,241,2.69,84,22,46
weberbe01,2004,1,LAA,18,0,67,8.06,37,15,11
weberbe01,2005,1,CIN,10,0,37,8.03,20,9,8
weberry01,2015,1,ATL,5,5,85,4.76,25,6,19
weberry01,2016,1,ATL,16,2,109,5.45,46,5,23
weberry01,2017,1,SEA,1,1,11,2.45,3,0,0
weberry01,2018,1,TB,2,0,16,5.06,5,2,1
weberry01,2019,1,BOS,18,3,122,5.09,48,8,29
weberry01,2020,1,BOS,17,5,129,4.4,44,14,27
weberry01,2021,1,BOS,1,0,17,17.47,13,2,7
weberry01,2021,2,MIL,1,0,3,0.0,1,0,0
weberry01,2021,3,SEA,2,0,9,6.0,1,2,1
weberry01,2022,1,NYA,5,0,32,0.84,6,1,3
weberry01,2023,1,NYA,8,0,43,3.14,17,1,7
weberth01,2012,1,DET,2,0,12,9.0,10,2,1
weberth01,2013,1,SDN,3,0,27,2.0,5,5,6
weberth01,2013,2,TOR,5,0,18,3.0,7,3,4
webstal01,2013,1,BOS,8,7,91,8.6,37,18,23
webstal01,2014,1,BOS,11,11,177,5.03,58,28,36
webstal01,2015,1,ARI,9,5,93,5.81,32,20,17
webstal01,2018,1,CHN,3,0,9,6.0,2,1,3
webstal01,2019,1,CHN,12,0,33,4.91,14,5,9
weemsjo01,2020,1,ATH,9,0,42,3.21,10,7,18
weemsjo01,2021,1,ATH,5,0,13,6.23,2,3,4
weemsjo01,2021,2,ARI,2,0,4,47.25,4,3,3
weemsjo01,2022,1,WAS,32,0,119,5.22,35,12,41
weemsjo01,2023,1,WAS,51,0,164,3.62,38,28,60
weemsjo01,2024,1,WAS,41,0,125,6.7,49,24,35
weemsjo01,2025,1,HOU,4,0,13,14.54,9,3,0
weigepa01,2020,1,ATL,1,0,2,27.0,2,3,0
weigepa01,2021,1,MIL,3,0,12,4.5,4,4,9
weilaky01,2011,1,BOS,7,5,74,7.66,29,12,13
weilaky01,2012,1,HOU,3,3,53,6.62,24,7,13
weinhro01,2010,1,DET,28,0,88,6.14,40,8,21
weinhro01,2011,1,DET,2,0,5,10.8,4,0,1
weissgr01,2022,1,NYA,12,0,34,5.56,6,5,11
weissgr01,2023,1,NYA,17,0,60,4.05,21,8,22
weissgr01,2024,1,BOS,62,0,190,3.13,65,20,58
weissgr01,2025,1,BOS,72,0,201,2.82,57,21,57
weissza01,2018,1,CIN,1,0,0,,2,2,0
weissza01,2022,1,LAA,12,0,40,3.38,7,7,18
weissza01,2023,1,LAA,6,0,16,5.06,6,2,7
weissza01,2023,2,BOS,6,0,26,2.08,3,4,8
welkedu01,2013,1,PIT,2,0,4,0.0,0,0,1
welleto01,2003,1,CHN,15,0,83,6.51,25,19,30
welleto01,2004,1,CHN,20,0,73,5.92,27,20,30
welleto01,2005,1,CHN,22,0,97,6.12,32,22,32
welleto01,2006,1,MIA,18,0,64,5.48,20,13,17
welleto01,2006,2,KCA,28,0,171,3.63,48,37,37
welleto01,2007,1,KCA,12,0,47,10.34,25,11,9
welleto01,2007,2,SLN,20,11,191,3.11,52,29,51
welleto01,2008,1,SLN,32,32,575,3.71,178,62,134
welleto01,2009,1,SLN,28,21,367,5.89,160,57,78
welleto01,2010,1,SFN,13,11,176,5.68,57,35,41
wellsal01,2021,1,BAL,11,8,128,6.75,53,16,26
wellsal01,2022,1,BAL,2,0,11,4.91,5,0,6
wellsbo01,2000,1,MIN,76,0,259,3.65,80,15,76
wellsbo01,2001,1,MIN,65,0,206,5.11,72,18,49
wellsbo01,2002,1,MIN,48,0,174,5.9,78,16,30
wellsca01,2013,2,CHA,1,0,3,0.0,0,1,1
wellsca01,2013,3,PHI,1,0,2,67.5,3,3,0
wellsda01,2000,1,TOR,35,35,689,4.11,266,31,166
wellsda01,2001,1,CHA,16,16,302,4.47,120,21,59
wellsda01,2002,1,NYA,31,31,619,3.75,210,45,137
wellsda01,2003,1,NYA,31,30,639,4.14,242,20,101
wellsda01,2004,1,SDN,31,31,587,3.73,203,20,101
wellsda01,2005,1,BOS,30,30,552,4.45,220,21,107
wellsda01,2006,1,BOS,8,8,141,4.98,64,8,24
wellsda01,2006,2,SDN,5,5,85,3.49,33,4,14
wellsda01,2007,1,SDN,22,22,356,5.54,156,33,63
wellsda01,2007,2,LAN,7,7,116,5.12,45,9,19
wellsja02,2008,1,SDN,2,0,9,6.0,4,1,2
wellsja02,2008,2,SEA,6,0,16,10.13,7,6,3
wellski01,2000,1,CHA,20,20,296,6.02,126,58,71
wellski01,2001,1,CHA,40,20,400,4.79,145,61,99
wellski01,2002,1,PIT,33,33,595,3.58,197,71,134
wellski01,2003,1,PIT,31,31,592,3.28,171,76,147
wellski01,2004,1,PIT,24,24,415,4.55,145,66,116
wellski01,2005,1,PIT,33,33,546,5.09,186,99,132
wellski01,2006,1,PIT,7,7,109,6.69,46,18,16
wellski01,2006,2,TEX,2,2,24,5.63,15,3,4
wellski01,2007,1,SLN,34,26,488,5.7,186,78,122
wellski01,2008,1,COL,15,2,82,5.27,29,19,22
wellski01,2008,2,KCA,10,0,31,8.71,10,11,9
wellski01,2009,1,WAS,23,0,79,6.49,23,18,18
wellski01,2009,2,CIN,10,7,139,4.66,37,22,25
wellski01,2012,1,SDN,7,7,112,4.58,41,20,19
wellsra01,2008,1,TOR,1,0,3,0.0,0,1,0
wellsra01,2008,2,CHN,3,0,13,0.0,0,2,1
wellsra01,2009,1,CHN,27,27,496,3.05,165,46,104
wellsra01,2010,1,CHN,32,32,583,4.26,209,63,144
wellsra01,2011,1,CHN,23,23,406,4.99,141,47,82
wellsra01,2012,1,CHN,12,4,86,5.34,35,24,14
wellsty01,2021,1,BAL,44,0,171,4.11,40,12,65
wellsty01,2022,1,BAL,23,23,311,4.25,90,28,76
wellsty01,2023,1,BAL,25,20,356,3.64,83,34,117
wellsty01,2024,1,BAL,3,3,46,5.87,18,3,13
wellsty01,2025,1,BAL,4,4,65,2.91,17,2,18
wendejb01,2016,1,ATH,8,0,38,9.95,18,9,12
wendejb01,2018,1,ATH,13,0,50,0.54,8,5,14
wendejb01,2019,1,ATH,27,0,98,3.58,21,9,34
wendejb01,2020,1,ATH,21,0,75,1.8,17,11,31
wendejb01,2021,1,ATH,26,0,75,4.32,29,13,26
wendejb01,2021,2,ARI,20,0,56,4.34,15,9,13
wendejb01,2022,1,ARI,29,0,87,5.28,25,14,21
wendetu01,2000,1,NYN,77,0,248,3.59,60,41,73
wendetu01,2001,1,NYN,49,0,154,3.51,42,22,41
wendetu01,2001,2,PHI,21,0,47,7.47,21,12,15
wendetu01,2003,1,PHI,56,0,192,3.38,54,28,27
wendetu01,2004,1,COL,12,0,50,7.02,21,12,11
wengedo01,2000,1,ATL,10,0,30,7.2,12,5,7
wengedo01,2001,1,PIT,4,4,48,12.38,33,6,4
wentzjo01,2022,1,DET,7,7,98,3.03,23,13,27
wentzjo01,2023,1,DET,25,19,317,6.9,131,47,98
wentzjo01,2024,1,DET,38,0,166,5.37,60,27,60
wentzjo01,2024,2,PIT,8,0,36,1.5,6,6,13
wentzjo01,2025,1,PIT,19,0,78,4.15,25,11,22
wentzjo01,2025,2,MIN,6,0,24,15.75,17,9,6
wentzjo01,2025,3,ATL,14,13,192,4.92,68,23,64
wernean01,2012,1,SDN,8,8,121,5.58,45,14,35
wesneha01,2022,1,CHN,6,4,99,2.18,24,7,33
wesneha01,2023,1,CHN,34,11,268,4.63,82,32,83
wesneha01,2024,1,CHN,28,7,203,3.86,56,21,67
wesneha01,2025,1,HOU,6,6,96,4.5,29,6,29
westbja01,2000,1,NYA,3,2,20,13.5,15,4,1
westbja01,2001,1,CLE,23,6,194,5.85,79,22,48
westbja01,2002,1,CLE,11,4,125,5.83,50,12,20
westbja01,2003,1,CLE,34,22,399,4.33,142,56,58
westbja01,2004,1,CLE,33,30,647,3.38,208,61,116
westbja01,2005,1,CLE,34,34,632,4.49,218,56,119
westbja01,2006,1,CLE,32,32,634,4.17,247,55,109
westbja01,2007,1,CLE,25,25,456,4.32,159,55,93
westbja01,2008,1,CLE,5,5,104,3.12,33,7,19
westbja01,2010,1,CLE,21,21,383,4.65,133,44,73
westbja01,2010,2,SLN,12,12,225,3.48,70,24,55
westbja01,2011,1,SLN,33,33,550,4.66,208,73,104
westbja01,2012,1,SLN,28,28,524,3.97,191,52,106
westbja01,2013,1,SLN,21,19,350,4.63,132,50,44
westma03,2014,1,TEX,3,0,12,6.75,6,1,3
westma03,2015,1,LAN,2,0,9,0.0,2,1,2
westse01,2009,1,MIA,20,20,310,4.79,115,44,70
westse01,2010,1,MIA,2,2,28,7.71,15,4,8
wettejo01,2000,1,TEX,62,0,180,4.2,67,24,53
whalero01,2016,1,ATL,5,5,74,6.57,20,12,25
whalero01,2017,1,SEA,2,1,22,6.14,7,2,2
whalero01,2018,1,SEA,1,0,12,0.0,1,1,0
wheelda01,2000,1,TB,11,2,69,5.48,29,11,17
wheelda01,2001,1,TB,13,0,53,8.66,30,5,12
wheelda01,2003,1,NYN,35,0,153,3.71,49,17,35
wheelda01,2004,1,NYN,32,1,152,4.8,65,17,46
wheelda01,2004,2,HOU,14,0,43,2.51,11,3,9
wheelda01,2005,1,HOU,71,0,220,2.21,53,19,69
wheelda01,2006,1,HOU,75,0,214,2.52,58,24,68
wheelda01,2007,1,HOU,45,0,149,5.07,46,13,56
wheelda01,2007,2,TB,25,0,75,5.76,28,10,26
wheelda01,2008,1,TB,70,0,199,3.12,44,22,53
wheelda01,2009,1,TB,69,0,173,3.28,41,9,45
wheelda01,2010,1,TB,64,0,145,3.35,36,16,46
wheelda01,2011,1,BOS,47,0,148,4.38,47,8,39
wheelda01,2012,1,CLE,12,0,37,8.76,17,7,2
wheelja01,2017,1,MIN,2,0,9,9.0,6,4,0
wheelza01,2013,1,NYN,17,17,300,3.42,90,46,84
wheelza01,2014,1,NYN,32,32,556,3.54,167,79,187
wheelza01,2017,1,NYN,17,17,259,5.21,97,40,81
wheelza01,2018,1,NYN,29,29,547,3.31,150,55,179
wheelza01,2019,1,NYN,31,31,586,3.96,196,50,195
wheelza01,2020,1,PHI,11,11,213,2.92,67,16,53
wheelza01,2021,1,PHI,32,32,640,2.78,169,46,247
wheelza01,2022,1,PHI,26,26,459,2.82,125,34,163
wheelza01,2023,1,PHI,32,32,576,3.61,168,39,212
wheelza01,2024,1,PHI,32,32,600,2.57,139,52,224
wheelza01,2025,1,PHI,24,24,449,2.71,107,33,195
whelake01,2011,1,NYA,2,0,5,5.4,0,5,1
whelake01,2014,1,DET,1,0,4,13.5,3,2,1
whiseca01,2025,1,SFN,5,5,70,5.01,22,12,16
whisema01,2000,1,SDN,24,0,64,3.8,16,17,12
whislwe01,2009,1,CHA,3,0,4,13.5,0,3,2
whiteal01,2011,1,CLE,3,3,45,3.6,14,9,13
whiteal01,2011,2,COL,7,7,109,8.42,48,16,24
whiteal01,2012,1,COL,23,20,294,5.51,114,51,64
whitebi04,2007,1,TEX,9,0,28,4.82,8,7,9
whitebi04,2008,1,TEX,8,0,12,20.25,7,11,1
whitebr01,2023,1,DET,33,2,122,5.09,40,15,44
whitega01,2000,1,CIN,1,0,3,18.0,2,1,2
whitega01,2000,2,COL,67,0,249,2.17,62,14,82
whitega01,2001,1,COL,69,0,203,6.25,70,26,47
whitega01,2002,1,CIN,62,0,163,2.98,49,10,41
whitega01,2003,1,CIN,34,0,103,3.93,36,6,23
whitega01,2003,2,NYA,12,0,37,4.38,8,2,6
whitega01,2004,1,NYA,24,0,62,8.27,33,7,8
whitega01,2004,2,CIN,40,0,117,6.23,39,5,33
whitega01,2005,1,SLN,6,0,25,2.16,14,1,1
whitema02,2000,1,SDN,28,0,111,4.14,32,17,27
whitema02,2001,1,ATL,13,0,49,7.16,23,7,10
whitema02,2005,1,TOR,2,0,11,19.64,6,5,5
whitema03,2003,1,BOS,3,0,11,27.0,10,3,0
whitema03,2003,2,SEA,3,0,6,13.5,3,2,0
whitema03,2005,1,WAS,1,1,12,9.0,4,3,3
whitemi03,2020,1,LAN,2,0,9,0.0,1,1,2
whitemi03,2021,1,LAN,21,4,140,3.66,38,17,49
whitemi03,2022,1,LAN,15,10,168,3.7,51,19,47
whitemi03,2022,2,TOR,10,8,129,7.74,59,16,31
whitemi03,2023,1,TOR,10,0,38,7.11,15,7,13
whitemi03,2024,1,TOR,4,0,30,5.4,10,4,6
whitemi03,2024,2,SFN,3,0,16,11.81,8,5,1
whitemi03,2024,3,MIL,6,0,25,6.48,8,4,6
whiteow01,2023,1,TEX,2,0,12,11.25,5,2,4
whiteow01,2024,1,TEX,3,0,9,24.0,9,1,0
whiteow01,2025,1,CHA,3,0,21,9.0,14,3,6
whiteri01,2000,1,TB,44,0,214,3.41,57,26,47
whiteri01,2000,2,NYN,22,0,85,3.81,26,12,20
whiteri01,2001,1,NYN,55,0,209,3.88,71,17,51
whiteri01,2002,1,COL,41,0,122,6.2,49,18,27
whiteri01,2002,2,SLN,20,0,66,0.82,13,3,14
whiteri01,2003,1,CHA,34,0,143,6.61,56,13,37
whiteri01,2003,2,HOU,15,0,58,3.72,18,8,17
whiteri01,2004,1,CLE,59,0,235,5.29,88,29,44
whiteri01,2005,1,PIT,71,0,225,3.72,90,29,40
whiteri01,2006,1,CIN,26,0,82,6.26,34,5,17
whiteri01,2006,2,PHI,38,0,112,4.34,38,15,23
whiteri01,2007,1,HOU,23,0,88,7.67,36,14,15
whiteri01,2007,2,SEA,6,0,16,8.44,11,4,3
whitese02,2007,1,SEA,15,0,106,5.6,35,20,16
whitese02,2009,1,SEA,52,0,193,2.8,50,20,28
whitese02,2010,1,SEA,38,0,103,5.24,45,11,15
whitety01,2016,1,HOU,1,0,3,9.0,1,0,0
whitety01,2017,1,HOU,1,0,3,18.0,2,0,0
whitety01,2019,1,HOU,4,0,10,21.6,7,5,2
whitlch01,2014,1,NYA,24,12,227,5.23,94,18,60
whitlch01,2015,1,NYA,4,4,58,4.19,20,5,16
whitlch01,2016,1,TB,5,1,43,2.51,13,3,15
whitlch01,2017,1,TB,41,0,172,4.08,48,16,43
whitlch01,2018,1,ATL,1,0,3,18.0,2,1,1
whitlfo01,2024,1,HOU,3,0,10,0.0,5,3,5
whitlfo01,2025,1,HOU,5,0,22,12.27,9,6,8
whitlfo01,2025,2,TB,5,0,14,15.43,10,2,4
whitlga01,2021,1,BOS,46,0,220,1.96,64,17,81
whitlga01,2022,1,BOS,31,9,235,3.45,65,15,82
whitlga01,2023,1,BOS,22,10,215,5.15,82,13,72
whitlga01,2024,1,BOS,4,4,55,1.96,14,7,17
whitlga01,2025,1,BOS,62,0,216,2.25,54,24,91
whitlko01,2020,1,SLN,4,0,14,1.93,2,1,5
whitlko01,2021,1,SLN,25,0,76,2.49,15,12,27
whitlko01,2022,1,SLN,14,0,38,5.68,11,9,12
wickmbo01,2000,1,MIL,43,0,138,2.93,37,20,44
wickmbo01,2000,2,CLE,26,0,80,3.38,27,12,11
wickmbo01,2001,1,CLE,70,0,203,2.39,61,14,66
wickmbo01,2002,1,CLE,36,0,103,4.46,42,10,36
wickmbo01,2004,1,CLE,30,0,89,4.25,33,10,26
wickmbo01,2005,1,CLE,64,0,186,2.47,57,21,41
wickmbo01,2006,1,CLE,29,0,84,4.18,29,11,17
wickmbo01,2006,2,ATL,28,0,78,1.04,24,2,25
wickmbo01,2007,1,ATL,49,0,131,3.92,48,20,35
wickmbo01,2007,2,ARI,8,0,20,1.35,6,1,2
wickro01,2018,1,SDN,10,0,25,6.48,13,1,7
wickro01,2019,1,CHN,31,0,100,2.43,22,16,35
wickro01,2020,1,CHN,19,0,52,3.12,18,6,20
wickro01,2021,1,CHN,22,0,69,4.3,17,14,29
wickro01,2022,1,CHN,64,0,192,4.22,79,29,69
wicksjo01,2023,1,CHN,7,7,104,4.41,33,11,24
wicksjo01,2024,1,CHN,11,10,138,5.48,55,20,42
wicksjo01,2025,1,CHN,8,0,43,6.28,24,1,13
widenta01,2020,1,ARI,12,0,60,4.5,14,12,22
widenta01,2021,1,ARI,23,13,211,4.35,65,37,73
widenta01,2022,1,ARI,14,0,52,3.63,22,5,14
wieckbr01,2018,1,SDN,5,0,21,1.29,3,0,10
wieckbr01,2019,1,SDN,30,0,74,6.57,26,9,31
wieckbr01,2019,2,CHN,14,0,30,3.6,2,4,18
wieckbr01,2020,1,CHN,1,0,3,18.0,1,1,2
wieckbr01,2021,1,CHN,15,0,51,0.0,10,10,28
wielajo01,2012,1,SDN,5,5,83,4.55,26,9,24
wielajo01,2014,1,SDN,4,2,34,7.15,16,5,8
wielajo01,2015,1,LAN,2,2,26,8.31,10,5,4
wielajo01,2016,1,SEA,1,1,15,10.8,9,0,3
wiggisc01,2002,1,TOR,3,0,8,3.38,5,1,3
wilcoco01,2025,1,TB,1,0,3,27.0,4,3,1
wilesco01,2022,1,ATH,4,0,29,4.66,11,2,9
wilesna01,2025,1,ATL,1,0,3,27.0,4,0,1
wilheto01,2011,1,SEA,25,0,98,3.31,25,13,30
wilheto01,2012,1,SEA,73,0,238,2.5,59,29,87
wilheto01,2013,1,SEA,59,0,177,4.12,45,33,45
wilheto01,2014,1,SEA,57,2,238,2.27,47,36,72
wilheto01,2015,1,SEA,53,0,186,3.19,56,29,60
wilheto01,2016,1,TEX,21,0,64,10.55,38,9,11
wilheto01,2016,2,SEA,29,0,75,3.6,22,10,17
wilheto01,2017,1,ARI,27,0,79,4.44,25,12,17
wilkad01,2011,1,DET,5,0,40,5.4,14,3,10
wilkad01,2012,1,DET,3,3,33,8.18,21,3,7
wilkad01,2015,1,LAA,1,0,6,4.5,2,1,2
wilkad01,2017,1,NYN,1,1,11,12.27,8,1,2
wilkad01,2017,2,MIN,3,1,31,7.84,16,8,6
wilkeaa01,2017,1,MIL,3,2,31,3.48,6,1,7
wilkeaa01,2018,1,MIL,3,1,27,10.0,12,3,10
wilkeaa01,2019,1,MIL,8,0,48,7.31,25,9,11
wilkest01,2019,1,BAL,4,0,16,6.75,6,0,1
wilkest01,2021,1,BAL,1,0,3,9.0,2,0,0
wilkima01,2000,1,PIT,52,0,181,5.07,54,43,37
wilkima01,2001,1,PIT,14,0,52,6.75,22,8,11
william01,2023,1,WAS,18,0,73,6.66,35,9,15
william01,2024,1,WAS,1,0,3,18.0,2,0,1
williau01,2018,1,WAS,10,0,29,5.59,10,6,8
williau01,2019,1,WAS,2,0,1,162.0,5,1,1
willibr01,2000,1,CHN,22,0,73,9.62,28,23,14
willibr01,2000,2,CLE,7,0,54,4.0,23,8,6
willibr02,2023,1,CIN,23,23,351,4.46,111,39,98
willibr02,2024,1,CIN,4,3,43,3.77,10,5,12
willida07,2001,1,PIT,22,18,342,3.71,100,45,57
willida07,2002,1,PIT,9,9,130,4.98,38,24,33
willida07,2004,1,PIT,10,6,116,4.42,31,13,33
willida07,2005,1,PIT,25,25,416,4.41,137,58,88
willida07,2006,1,CIN,8,8,120,7.2,54,16,16
willida07,2006,2,NYN,6,5,87,5.59,39,4,16
willida07,2007,1,NYN,2,1,13,22.85,12,5,2
willide03,2019,1,MIL,13,0,41,3.95,18,6,14
willide03,2020,1,MIL,22,0,81,0.33,8,9,53
willide03,2021,1,MIL,58,0,162,2.5,36,28,87
willide03,2022,1,MIL,65,0,182,1.93,31,30,96
willide03,2023,1,MIL,61,0,176,1.53,26,28,87
willide03,2024,1,MIL,22,0,65,1.25,10,11,38
willide03,2025,1,NYA,67,0,186,4.79,45,25,90
willido03,2003,1,MIA,27,27,482,3.3,148,58,142
willido03,2004,1,MIA,32,32,591,4.02,210,61,139
willido03,2005,1,MIA,34,34,709,2.63,213,55,170
willido03,2006,1,MIA,34,34,670,3.87,234,83,160
willido03,2007,1,MIA,35,35,616,5.17,241,87,146
willido03,2008,1,DET,8,7,72,9.38,18,35,18
willido03,2009,1,DET,7,7,101,7.49,37,28,17
willido03,2010,1,DET,9,8,130,4.98,48,29,33
willido03,2010,2,ARI,6,5,67,6.85,24,27,14
willido03,2011,1,CIN,13,13,227,5.0,78,37,57
williga01,2023,1,CLE,16,16,246,3.29,66,37,81
williga01,2024,1,CLE,16,16,228,4.86,72,32,79
williga01,2025,1,CLE,31,31,503,3.06,130,83,173
willije01,2000,1,LAN,7,0,17,15.88,12,8,3
willije01,2001,1,LAN,15,1,73,6.29,26,17,9
willije01,2002,1,LAN,10,0,30,11.7,15,7,11
willije02,2003,1,SFN,21,21,393,3.3,116,49,88
willije02,2004,1,SFN,22,22,388,4.24,123,44,80
willije02,2005,1,SFN,4,3,50,6.48,21,4,11
willije02,2005,2,CHN,18,17,318,3.91,98,45,59
willije02,2006,1,CHN,5,2,37,7.3,15,11,5
willije02,2007,1,WAS,6,6,90,7.2,34,18,15
willije02,2011,1,LAA,10,6,132,3.68,45,15,28
willije02,2012,1,LAA,32,15,413,4.58,139,35,98
willije02,2013,1,LAA,37,25,508,4.57,181,55,107
willije02,2014,1,HOU,26,0,143,6.04,59,16,38
willije02,2014,2,TEX,2,2,30,9.9,18,3,6
willije02,2014,3,PHI,9,9,172,2.83,48,17,38
willije02,2015,1,PHI,33,21,363,5.8,161,34,74
willije02,2016,1,SLN,11,0,52,5.71,22,6,8
willilu01,2023,1,LAN,1,0,3,0.0,0,0,0
willilu01,2024,1,ATL,3,0,12,4.5,5,1,0
willilu01,2025,1,ATL,6,0,18,3.0,6,1,4
willima06,2000,1,MIL,11,0,27,7.0,7,13,7
willimi03,2000,1,PIT,72,0,216,3.5,56,40,71
willimi03,2001,1,PIT,40,0,125,3.67,39,21,43
willimi03,2001,2,HOU,25,0,67,4.03,21,14,16
willimi03,2002,1,PIT,59,0,184,2.93,54,21,43
willimi03,2003,1,PIT,40,0,112,6.27,42,22,20
willimi03,2003,2,PHI,28,0,77,5.96,24,19,19
willira01,2004,1,SEA,6,0,14,5.79,3,6,4
willira01,2005,1,SDN,2,0,13,12.46,7,4,2
willira01,2005,2,COL,30,0,66,5.73,26,9,19
willira01,2009,1,CHA,25,0,53,4.58,13,12,22
willira01,2010,1,CHA,27,0,75,5.4,37,21,22
willira01,2011,1,BOS,7,0,25,6.48,10,5,6
willisc01,2000,1,CIN,48,10,336,3.29,92,75,136
willisc01,2001,1,CIN,2,0,2,0.0,1,2,0
willisc01,2002,1,CIN,63,0,222,2.92,46,36,84
willisc01,2003,1,CIN,42,0,127,3.19,34,25,53
willisc01,2003,2,BOS,24,0,61,6.2,20,9,21
willisc01,2004,1,BOS,28,0,86,1.26,11,18,28
willisc01,2005,1,CHN,17,0,43,5.65,15,6,23
willisc01,2006,1,CHN,31,0,85,5.08,27,16,32
willisc01,2006,2,SDN,11,0,33,7.36,14,6,10
willisc01,2007,1,BAL,16,0,43,4.4,12,8,16
willita01,2017,1,MIL,5,0,14,1.93,4,2,4
willita01,2018,1,MIL,56,0,159,4.25,53,25,57
willita01,2019,1,MIL,10,0,44,9.82,22,7,15
willita01,2020,1,SEA,14,0,41,5.93,12,7,19
willita01,2020,2,SDN,1,0,3,9.0,2,0,1
willita01,2021,1,SDN,5,0,16,1.69,3,3,6
willita01,2021,2,MIA,6,0,19,7.11,9,5,3
willito02,2001,1,NYA,15,0,46,4.7,22,9,13
willito02,2004,1,BAL,29,0,94,2.87,26,9,13
willito02,2005,1,BAL,72,0,229,3.3,72,26,38
willito02,2006,1,BAL,62,0,171,4.74,76,19,24
willito02,2007,1,BAL,14,0,43,7.53,19,4,9
willitr01,2016,1,PIT,7,1,38,7.82,19,5,11
willitr01,2017,1,PIT,31,25,451,4.07,145,52,117
willitr01,2018,1,PIT,31,31,512,3.11,146,55,126
willitr01,2019,1,PIT,26,26,437,5.38,162,44,113
willitr01,2020,1,PIT,11,11,166,6.18,66,21,49
willitr01,2021,1,CHN,13,12,176,5.06,68,22,61
willitr01,2021,2,NYN,10,3,97,3.06,37,9,29
willitr01,2022,1,NYN,30,9,269,3.21,87,23,84
willitr01,2023,1,WAS,30,30,433,5.55,178,53,111
willitr01,2024,1,WAS,13,13,200,2.03,51,18,59
willitr01,2025,1,WAS,17,17,248,6.21,106,21,65
williwo02,2000,1,SDN,23,23,504,3.75,152,54,111
williwo02,2001,1,SDN,23,23,435,4.97,170,37,102
williwo02,2001,2,SLN,11,11,225,2.28,54,19,52
williwo02,2002,1,SLN,17,17,310,2.53,84,25,76
williwo02,2003,1,SLN,34,33,662,3.87,220,55,153
williwo02,2004,1,SLN,31,31,569,4.18,193,58,131
williwo02,2005,1,SDN,28,28,479,4.85,174,51,106
williwo02,2006,1,SDN,25,24,436,3.65,152,35,72
williwo02,2007,1,HOU,33,31,564,5.27,216,53,101
wilsoal01,2013,1,BOS,26,0,83,4.88,34,14,22
wilsoal01,2014,1,BOS,18,0,85,1.91,20,5,19
wilsoal01,2015,1,DET,59,1,210,2.19,61,11,38
wilsoal01,2016,1,DET,62,0,219,2.96,68,21,49
wilsoal01,2017,1,DET,66,0,180,4.5,67,15,42
wilsoal01,2018,1,DET,59,0,185,3.36,50,15,43
wilsoal01,2019,1,MIL,13,0,34,9.53,15,9,13
wilsobr01,2006,1,SFN,31,0,90,5.4,32,21,23
wilsobr01,2007,1,SFN,24,0,71,2.28,16,7,18
wilsobr01,2008,1,SFN,63,0,187,4.62,62,28,67
wilsobr01,2009,1,SFN,68,0,217,2.74,60,27,83
wilsobr01,2010,1,SFN,70,0,224,1.81,62,26,93
wilsobr01,2011,1,SFN,57,0,165,3.11,50,31,54
wilsobr01,2012,1,SFN,2,0,6,9.0,4,2,2
wilsobr01,2013,1,LAN,18,0,41,0.66,8,4,13
wilsobr01,2014,1,LAN,61,0,145,4.66,49,29,54
wilsobr02,2018,1,ATL,3,1,21,6.43,8,6,6
wilsobr02,2019,1,ATL,6,4,60,7.2,26,10,16
wilsobr02,2020,1,ATL,6,2,47,4.02,18,9,15
wilsobr02,2021,1,ATL,8,8,101,5.88,45,12,23
wilsobr02,2021,2,PIT,8,8,121,4.91,40,10,23
wilsobr02,2022,1,PIT,25,20,347,5.52,132,32,79
wilsobr02,2023,1,MIL,53,0,230,2.58,60,22,61
wilsobr02,2024,1,MIL,34,9,314,4.04,102,31,82
wilsobr02,2025,1,CHA,20,5,142,6.65,67,19,28
wilsocj01,2005,1,TEX,24,6,144,6.94,63,18,30
wilsocj01,2006,1,TEX,44,0,133,4.06,39,18,43
wilsocj01,2007,1,TEX,66,0,205,3.03,50,33,63
wilsocj01,2008,1,TEX,50,0,139,6.02,49,27,41
wilsocj01,2009,1,TEX,74,0,221,2.81,66,32,84
wilsocj01,2010,1,TEX,33,33,612,3.35,161,93,170
wilsocj01,2011,1,TEX,34,34,670,2.94,191,74,206
wilsocj01,2012,1,LAA,34,34,607,3.83,181,91,173
wilsocj01,2013,1,LAA,33,33,637,3.39,200,85,188
wilsocj01,2014,1,LAA,31,31,527,4.51,169,85,151
wilsocj01,2015,1,LAA,21,21,396,3.89,118,46,110
wilsojo03,2007,2,TB,1,0,3,0.0,1,1,0
wilsojo03,2009,1,ARI,1,0,3,0.0,0,1,0
wilsojo03,2009,2,SDN,1,0,3,27.0,3,1,0
wilsojo03,2015,1,DET,1,0,3,9.0,2,0,0
wilsoju10,2012,1,PIT,8,0,14,1.93,10,3,7
wilsoju10,2013,1,PIT,58,0,221,2.08,50,28,59
wilsoju10,2014,1,PIT,70,0,180,4.2,49,30,61
wilsoju10,2015,1,NYA,74,0,183,3.1,49,20,66
wilsoju10,2016,1,DET,66,0,176,4.14,61,17,65
wilsoju10,2017,1,DET,42,0,121,2.68,22,16,55
wilsoju10,2017,2,CHN,23,0,53,5.09,18,19,25
wilsoju10,2018,1,CHN,71,0,164,3.46,45,33,69
wilsoju10,2019,1,NYN,45,0,117,2.54,33,19,44
wilsoju10,2020,1,NYN,23,0,59,3.66,18,9,23
wilsoju10,2021,1,NYA,21,0,54,7.5,18,9,15
wilsoju10,2021,2,CIN,21,0,48,2.81,14,7,14
wilsoju10,2022,1,CIN,5,0,11,2.45,3,0,7
wilsoju10,2024,1,CIN,60,0,140,5.59,55,13,51
wilsoju10,2025,1,BOS,61,0,145,3.35,48,20,57
wilsokr01,2000,1,KCA,20,0,103,4.19,38,11,17
wilsokr01,2001,1,KCA,29,15,328,5.19,132,32,67
wilsokr01,2002,1,KCA,12,0,56,8.2,29,5,10
wilsokr01,2003,1,KCA,29,4,218,5.33,92,16,42
wilsokr01,2006,1,NYA,5,1,25,8.64,14,4,6
wilsopa02,2000,1,TB,11,7,153,3.35,38,16,40
wilsopa02,2001,1,TB,37,24,454,4.88,165,52,119
wilsopa02,2002,1,TB,30,30,581,4.83,219,67,111
wilsopa02,2003,1,CIN,28,28,500,4.64,190,50,93
wilsopa02,2004,1,CIN,29,29,551,4.36,192,63,117
wilsopa02,2005,1,CIN,9,9,139,7.77,68,17,30
wilsost02,2022,1,SDN,50,1,159,3.06,36,20,53
wilsost02,2023,1,SDN,52,0,159,3.91,35,27,57
wilsost02,2024,1,CHA,40,0,104,5.71,29,26,34
wilsost02,2025,1,CHA,59,0,166,3.42,50,22,51
wilsoty01,2015,1,BAL,9,5,108,3.5,39,11,13
wilsoty01,2016,1,BAL,24,13,282,5.27,110,24,55
wilsoty01,2017,1,BAL,9,1,46,7.04,22,4,9
wilsowe01,2024,1,PHI,1,0,3,0.0,1,0,0
wilsowe01,2025,1,PHI,2,0,9,0.0,3,0,0
wilsowi03,2025,1,CLE,1,0,6,9.0,2,0,0
wimmeal01,2016,1,MIN,16,0,52,4.15,14,11,14
wimmeal01,2017,1,MIN,6,0,22,4.91,8,8,7
winanal01,2023,1,ATL,6,6,97,5.29,37,8,34
winanal01,2024,1,ATL,2,2,23,15.26,14,4,4
winanal01,2025,1,NYA,3,1,28,8.68,13,3,6
winchsc01,2000,1,CIN,5,0,22,3.68,10,2,3
winchsc01,2001,1,CIN,12,1,72,4.5,29,4,9
winckjo01,2022,1,BOS,15,14,211,5.89,85,27,44
winckjo01,2023,1,BOS,60,1,253,2.88,89,31,82
winckjo01,2024,1,BOS,40,6,228,4.14,81,26,60
winckjo01,2025,1,BOS,6,0,35,3.86,11,5,9
windejo01,2022,1,MIN,15,11,201,4.7,69,18,47
windejo01,2023,1,MIN,19,0,104,4.15,35,14,28
windejo01,2024,1,MIN,4,0,27,3.0,7,1,10
windsja01,2006,1,ATH,4,3,41,6.59,21,5,6
wingetr01,2018,1,SDN,22,0,57,3.79,13,11,27
wingetr01,2019,1,SDN,51,1,153,5.65,34,28,72
wingetr01,2023,1,DET,17,0,51,5.82,16,7,22
wingetr01,2024,1,BOS,2,0,7,27.0,5,2,3
wingetr01,2024,2,CHN,5,0,18,3.0,8,2,3
winkejo01,2006,1,MIL,7,0,21,7.71,9,6,4
winklda01,2015,1,ATL,2,0,5,10.8,2,1,2
winklda01,2016,1,ATL,3,0,7,0.0,0,1,4
winklda01,2017,1,ATL,16,0,43,2.51,7,6,18
winklda01,2018,1,ATL,69,0,181,3.43,52,20,69
winklda01,2019,1,ATL,27,0,65,4.98,18,11,22
winklda01,2020,1,CHN,18,0,55,2.95,11,11,18
winklda01,2021,1,CHN,47,0,119,5.22,32,30,40
winnco01,2024,1,TEX,13,0,52,7.79,18,4,14
winnco01,2025,1,TEX,33,0,125,1.51,23,17,35
winnke01,2023,1,SFN,9,5,127,4.68,36,8,35
winnke01,2024,1,SFN,12,12,166,7.16,56,20,48
winnke01,2025,1,SFN,7,0,30,4.5,12,2,9
wisdopa01,2024,1,CHN,1,0,1,0.0,1,1,0
wisede01,2012,1,NYA,1,0,2,0.0,0,0,0
wisede01,2012,2,CHA,1,0,3,0.0,1,1,0
wiselbr01,2023,1,SFN,1,0,3,9.0,1,0,0
wisema01,2000,1,LAA,8,6,112,5.54,40,13,20
wisema01,2001,1,LAA,11,9,148,4.38,47,18,50
wisema01,2002,1,LAA,7,0,25,3.24,7,1,6
wisema01,2004,1,MIL,30,3,158,4.44,51,15,30
wisema01,2005,1,MIL,49,0,193,3.36,37,25,62
wisema01,2006,1,MIL,40,0,133,3.86,45,14,27
wisema01,2007,1,MIL,56,0,161,4.19,61,17,43
wisema01,2008,1,NYN,8,0,21,6.43,10,3,6
wislema01,2015,1,ATL,20,19,327,4.71,119,40,72
wislema01,2016,1,ATL,27,26,470,5.0,159,49,115
wislema01,2017,1,ATL,20,1,97,8.35,43,13,22
wislema01,2018,1,ATL,7,3,80,5.4,30,5,21
wislema01,2018,2,CIN,11,0,40,2.03,11,2,11
wislema01,2019,1,SDN,21,0,87,5.28,34,10,34
wislema01,2019,2,SEA,23,8,67,6.04,22,6,29
wislema01,2020,1,MIN,18,4,76,1.07,15,14,35
wislema01,2021,1,SFN,21,0,58,6.05,19,6,26
wislema01,2021,2,TB,27,0,88,2.15,22,5,36
wislema01,2022,1,TB,39,5,132,2.25,30,14,35
witasja01,2000,1,KCA,22,14,268,5.94,109,38,67
witasja01,2000,2,SDN,11,11,182,5.64,69,35,54
witasja01,2001,1,SDN,31,0,116,1.86,31,15,53
witasja01,2001,2,NYA,32,0,121,4.69,47,18,53
witasja01,2002,1,SFN,44,0,205,2.37,58,21,54
witasja01,2003,1,SDN,46,0,137,4.53,42,25,42
witasja01,2004,1,SDN,44,0,185,3.21,57,26,57
witasja01,2005,1,COL,32,0,107,2.52,27,12,40
witasja01,2005,2,ATH,28,0,83,3.25,26,17,33
witasja01,2006,1,ATH,20,0,68,6.75,25,21,23
witasja01,2007,1,ATH,16,0,45,3.6,14,9,10
witasja01,2007,2,TB,20,0,49,6.61,17,18,8
withrch01,2013,1,LAN,26,0,104,2.6,20,13,43
withrch01,2014,1,LAN,20,0,64,2.95,10,18,28
withrch01,2016,1,ATL,46,0,113,3.58,29,17,28
wittbo01,2000,1,CLE,7,2,46,7.63,28,6,6
wittbo01,2001,1,ARI,14,7,130,4.78,36,25,31
wittgni01,2016,1,MIA,48,0,155,3.14,50,10,42
wittgni01,2017,1,MIA,38,0,127,4.68,46,13,43
wittgni01,2018,1,MIA,32,0,101,2.94,29,15,31
wittgni01,2019,1,CLE,55,0,173,2.81,47,15,60
wittgni01,2020,1,CLE,25,0,71,3.42,18,6,28
wittgni01,2021,1,CLE,60,1,187,5.05,61,17,61
wittgni01,2022,1,SLN,29,0,87,5.9,35,10,17
wittgni01,2023,1,KCA,27,0,87,4.97,30,11,18
wohlema01,2000,1,CIN,20,0,84,4.5,19,17,20
wohlema01,2001,1,CIN,30,0,96,3.94,36,7,21
wohlema01,2001,2,NYA,31,0,107,4.54,33,18,33
wohlema01,2002,1,CLE,64,0,214,4.79,71,26,46
wojcias01,2015,1,HOU,5,3,49,7.16,23,7,16
wojcias01,2017,1,CIN,25,8,187,6.5,71,19,64
wojcias01,2019,1,BAL,17,16,247,4.92,80,28,80
wojcias01,2020,1,BAL,10,7,111,6.81,45,15,31
wojcias01,2021,1,NYA,1,1,12,4.5,3,3,4
wolfebr01,2007,1,TOR,38,0,136,2.98,36,9,22
wolfebr01,2008,1,TOR,20,0,66,2.45,18,6,14
wolfebr01,2009,1,TOR,14,0,46,8.22,25,7,11
wolfja01,2023,1,SDN,1,1,15,5.4,6,1,1
wolfra02,2000,1,PHI,32,32,619,4.36,210,83,160
wolfra02,2001,1,PHI,28,25,489,3.7,150,51,152
wolfra02,2002,1,PHI,31,31,632,3.2,172,63,172
wolfra02,2003,1,PHI,33,33,600,4.23,176,78,177
wolfra02,2004,1,PHI,23,23,410,4.28,145,36,89
wolfra02,2005,1,PHI,13,13,240,4.39,87,26,61
wolfra02,2006,1,PHI,12,12,170,5.56,63,33,44
wolfra02,2007,1,LAN,18,18,308,4.73,110,39,94
wolfra02,2008,1,SDN,21,21,359,4.74,123,47,105
wolfra02,2008,2,HOU,12,12,212,3.57,68,24,57
wolfra02,2009,1,LAN,34,34,643,3.23,178,58,160
wolfra02,2010,1,MIL,34,34,647,4.17,213,87,142
wolfra02,2011,1,MIL,33,33,637,3.69,214,66,134
wolfra02,2012,1,MIL,25,24,427,5.69,179,45,96
wolfra02,2012,2,BAL,5,2,46,5.28,17,7,8
wolfra02,2014,1,MIA,6,4,77,5.26,33,6,19
wolfra02,2015,1,DET,8,7,104,6.23,46,15,28
wolfrgr01,2025,1,BAL,21,0,80,5.4,35,15,31
wolfro01,2007,1,MIA,14,0,37,11.68,24,3,6
wolfro01,2010,1,ATH,11,0,38,4.26,12,6,9
wolfro01,2013,1,TEX,22,3,143,4.15,58,15,21
wongja01,2023,1,CIN,1,0,9,9.0,6,3,0
woobr01,2023,1,SEA,18,18,263,4.21,75,31,93
woobr01,2024,1,SEA,22,22,364,2.89,96,13,101
woobr01,2025,1,SEA,30,30,560,2.94,137,36,198
woodal02,2013,1,ATL,31,11,233,3.13,76,27,77
woodal02,2014,1,ATL,35,24,515,2.78,151,45,170
woodal02,2015,1,ATL,20,20,358,3.54,132,36,90
woodal02,2015,2,LAN,12,12,211,4.35,66,23,49
woodal02,2016,1,LAN,14,10,181,3.73,56,20,66
woodal02,2017,1,LAN,27,25,457,2.72,123,38,151
woodal02,2018,1,LAN,33,27,455,3.68,143,40,135
woodal02,2019,1,CIN,7,7,107,5.8,41,9,30
woodal02,2020,1,LAN,9,2,38,6.39,17,6,15
woodal02,2021,1,SFN,26,26,416,3.83,125,39,152
woodal02,2022,1,SFN,26,26,392,5.1,132,30,131
woodal02,2023,1,SFN,29,12,293,4.33,98,42,74
woodal02,2024,1,ATH,9,9,118,5.26,51,19,33
woodast01,2000,1,MIL,27,11,281,5.96,125,33,65
woodast01,2000,2,CLE,13,11,162,5.67,57,11,35
woodast01,2001,1,CLE,29,10,291,5.2,129,17,52
woodast01,2002,1,TEX,14,0,53,6.62,20,8,14
woodast01,2003,1,BOS,7,0,53,5.09,23,5,12
woodbl01,2010,1,KCA,51,0,149,5.07,54,22,31
woodbl01,2011,1,KCA,55,0,209,3.75,66,32,62
woodbl01,2013,1,CLE,2,0,4,0.0,1,3,1
woodbl01,2014,1,CLE,7,0,19,7.11,4,7,7
woodbl01,2016,1,CIN,70,0,230,3.99,72,38,81
woodbl01,2017,1,CIN,55,0,172,5.65,64,29,62
woodbl01,2017,2,LAA,17,0,51,4.76,20,4,22
woodbl01,2018,1,LAA,13,0,35,2.31,8,7,10
woodfja01,2020,1,SLN,12,1,63,5.57,20,5,16
woodfja01,2021,1,SLN,26,8,203,3.99,66,25,50
woodfja01,2022,1,SLN,27,1,145,2.23,43,11,24
woodfja01,2023,1,SLN,15,8,143,6.23,61,22,29
woodfja01,2024,1,CHA,2,2,25,10.8,15,5,7
woodfja01,2024,2,PIT,7,5,80,7.09,33,4,19
woodfja01,2025,1,ARI,22,0,109,6.44,45,13,23
woodhu01,2017,1,TB,1,0,1,0.0,0,0,0
woodhu01,2018,1,TB,29,8,123,3.73,42,18,42
woodhu01,2019,1,TB,19,2,87,2.48,26,7,24
woodhu01,2019,2,CLE,17,0,49,3.86,20,5,15
woodhu01,2021,1,TEX,5,0,15,3.6,2,2,5
woodja02,2007,1,MIA,1,0,3,0.0,0,0,0
woodke02,2000,1,CHN,23,23,411,4.8,112,87,132
woodke02,2001,1,CHN,28,28,523,3.36,127,92,217
woodke02,2002,1,CHN,33,33,641,3.66,169,97,217
woodke02,2003,1,CHN,32,32,633,3.2,152,100,266
woodke02,2004,1,CHN,22,22,421,3.72,127,51,144
woodke02,2005,1,CHN,21,10,198,4.23,52,26,77
woodke02,2006,1,CHN,4,4,59,4.12,19,8,13
woodke02,2007,1,CHN,22,0,73,3.33,18,13,24
woodke02,2008,1,CHN,65,0,199,3.26,54,18,84
woodke02,2009,1,CLE,58,0,165,4.25,48,28,63
woodke02,2010,1,CLE,23,0,60,6.3,21,11,18
woodke02,2010,2,NYA,24,0,78,0.69,14,18,31
woodke02,2011,1,CHN,55,0,153,3.35,45,21,57
woodke02,2012,1,CHN,10,0,26,8.31,8,11,6
woodmi01,2003,1,ATH,7,1,41,10.54,24,7,15
woodmi01,2004,1,KCA,17,17,300,5.94,112,28,54
woodmi01,2005,1,KCA,47,10,345,4.46,129,52,60
woodmi01,2006,1,KCA,23,7,194,5.71,86,23,29
woodmi01,2007,1,TEX,21,4,152,5.33,68,15,25
woodrbr01,2017,1,MIL,8,8,129,4.81,43,14,32
woodrbr01,2018,1,MIL,19,4,127,3.61,36,14,47
woodrbr01,2019,1,MIL,22,22,365,3.62,109,30,143
woodrbr01,2020,1,MIL,13,13,221,3.05,55,18,91
woodrbr01,2021,1,MIL,30,30,538,2.56,130,43,211
woodrbr01,2022,1,MIL,27,27,460,3.05,122,42,190
woodrbr01,2023,1,MIL,11,11,201,2.28,40,15,74
woodrbr01,2025,1,MIL,12,12,194,3.2,45,14,83
woodsja01,2005,1,LAA,28,0,83,4.55,30,8,20
woodsja01,2006,1,SEA,37,8,315,4.2,115,53,66
woodsja01,2007,1,SEA,4,0,32,5.91,9,7,4
woodsja01,2008,1,SEA,15,0,57,6.16,22,11,9
woodssi01,2022,1,MIN,1,1,15,3.6,3,2,3
woodssi01,2023,1,MIN,1,0,14,9.64,7,3,5
woodssi01,2024,1,MIN,28,28,401,4.17,125,48,117
woodssi01,2025,1,MIN,23,22,334,4.04,96,46,107
woodswi01,2022,1,ATL,2,0,6,0.0,2,1,2
woodti01,2009,1,MIA,18,0,67,2.82,22,10,16
woodti01,2010,1,MIA,26,0,83,5.53,33,15,10
woodti01,2011,1,PIT,13,0,24,5.63,8,8,2
woodtr01,2010,1,CIN,17,17,308,3.51,85,26,86
woodtr01,2011,1,CIN,22,18,318,4.84,118,40,76
woodtr01,2012,1,CHN,26,26,468,4.27,133,54,119
woodtr01,2013,1,CHN,32,32,600,3.11,163,66,144
woodtr01,2014,1,CHN,31,31,521,5.03,190,76,146
woodtr01,2015,1,CHN,54,9,302,3.84,86,39,118
woodtr01,2016,1,CHN,77,0,183,2.95,45,24,47
woodtr01,2017,1,KCA,28,3,125,6.91,56,20,29
woodtr01,2017,2,SDN,11,11,157,6.71,62,25,36
woodyma01,2005,1,DET,3,0,18,1.5,4,0,3
wootero01,2013,1,MIL,27,0,83,3.9,27,8,18
wootero01,2014,1,MIL,40,0,103,4.72,42,8,29
wootero01,2015,1,MIL,4,0,18,12.0,5,6,6
workmbr01,2013,1,BOS,20,3,125,4.97,44,15,47
workmbr01,2014,1,BOS,19,15,261,5.17,88,36,70
workmbr01,2017,1,BOS,33,0,119,3.18,37,11,37
workmbr01,2018,1,BOS,43,0,124,3.27,34,16,37
workmbr01,2019,1,BOS,73,0,215,1.88,29,45,104
workmbr01,2020,1,BOS,7,0,20,4.05,8,4,8
workmbr01,2020,2,PHI,14,0,39,6.92,23,9,15
workmbr01,2021,1,CHN,10,0,24,6.75,12,7,11
workmbr01,2021,2,BOS,19,0,60,4.95,24,14,14
worleva01,2010,1,PHI,5,2,39,1.38,8,4,12
worleva01,2011,1,PHI,25,21,395,3.01,116,46,119
worleva01,2012,1,PHI,23,23,399,4.2,154,47,107
worleva01,2013,1,MIN,10,10,146,7.21,82,15,25
worleva01,2014,1,PIT,18,17,332,2.85,112,22,79
worleva01,2015,1,PIT,23,8,215,4.02,81,21,49
worleva01,2016,1,BAL,35,4,260,3.53,84,35,56
worleva01,2017,1,MIA,24,12,215,6.91,99,30,50
worrema01,2008,1,SLN,4,0,17,7.94,8,4,4
worrema01,2011,1,BAL,4,0,6,36.0,6,2,3
worreti01,2000,1,BAL,5,0,22,7.36,12,5,5
worreti01,2000,2,CHN,54,0,186,2.47,60,24,52
worreti01,2001,1,SFN,73,0,235,3.45,71,33,63
worreti01,2002,1,SFN,80,0,216,2.25,55,30,55
worreti01,2003,1,SFN,76,0,235,2.87,74,28,65
worreti01,2004,1,PHI,77,0,235,3.68,75,21,64
worreti01,2005,1,PHI,19,0,51,7.41,29,3,17
worreti01,2005,2,ARI,32,0,95,2.27,30,9,22
worreti01,2006,1,SFN,23,0,61,7.52,28,7,12
worthda01,2014,1,DET,2,0,6,4.5,4,0,2
wothema01,2019,1,BAL,2,0,14,15.43,10,2,2
wrighch01,2007,1,NYA,3,2,30,7.2,12,6,8
wrighda02,2001,1,CHA,13,12,199,5.7,78,39,36
wrighda02,2002,1,CHA,33,33,589,5.18,200,71,136
wrighda02,2003,1,CHA,20,15,259,6.15,91,46,47
wrighda02,2004,1,CHA,4,4,53,8.15,24,11,6
wrighda04,2016,1,CIN,4,2,39,7.62,25,2,6
wrighda04,2016,2,LAA,5,5,80,5.4,32,6,15
wrighda04,2017,1,LAA,5,2,59,4.58,21,8,11
wrighja01,2000,1,MIL,26,25,494,4.1,157,88,96
wrighja01,2001,1,MIL,33,33,584,4.9,201,98,129
wrighja01,2002,1,MIL,19,19,343,5.35,115,63,69
wrighja01,2002,2,SLN,4,3,45,4.8,15,12,8
wrighja01,2003,1,KCA,4,4,76,4.26,23,11,19
wrighja01,2004,1,COL,14,14,236,4.12,82,45,41
wrighja01,2005,1,COL,34,27,514,5.46,201,81,101
wrighja01,2006,1,SFN,34,21,468,5.19,167,64,79
wrighja01,2007,1,TEX,20,9,231,3.62,72,41,39
wrighja01,2008,1,TEX,75,0,253,5.12,93,35,60
wrighja01,2009,1,KCA,65,0,237,4.33,73,44,60
wrighja01,2010,1,CLE,18,0,64,5.48,25,9,9
wrighja01,2010,2,SEA,28,0,111,3.41,30,16,19
wrighja01,2011,1,SEA,60,0,205,3.16,61,30,48
wrighja01,2012,1,LAN,66,0,203,3.72,72,30,54
wrighja01,2013,1,TB,66,1,210,3.09,61,23,65
wrighja01,2014,1,LAN,61,1,211,4.35,72,27,54
wrighja02,2000,1,CLE,9,9,155,4.7,44,28,36
wrighja02,2001,1,CLE,7,7,87,6.52,36,22,18
wrighja02,2002,1,CLE,8,6,55,15.71,40,19,12
wrighja02,2003,1,SDN,39,0,142,8.37,69,28,41
wrighja02,2003,2,ATL,11,0,27,2.0,7,3,9
wrighja02,2004,1,ATL,32,32,559,3.28,168,70,159
wrighja02,2005,1,NYA,13,13,191,6.08,81,32,34
wrighja02,2006,1,NYA,30,27,421,4.49,157,57,84
wrighja02,2007,1,BAL,3,3,31,6.97,12,9,7
wrighky01,2018,1,ATL,4,0,18,4.5,4,6,5
wrighky01,2019,1,ATL,7,4,59,8.69,24,13,18
wrighky01,2020,1,ATL,8,8,114,5.21,35,24,30
wrighky01,2021,1,ATL,2,2,19,9.95,7,5,6
wrighky01,2022,1,ATL,30,30,541,3.19,156,53,174
wrighky01,2023,1,ATL,9,7,93,6.97,40,17,34
wrighmi01,2015,1,BAL,12,9,134,6.04,52,18,26
wrighmi01,2016,1,BAL,18,12,224,5.79,81,26,50
wrighmi01,2017,1,BAL,13,0,75,5.76,26,7,28
wrighmi01,2018,1,BAL,48,2,253,5.55,101,36,74
wrighmi01,2019,1,BAL,10,0,40,9.45,20,7,14
wrighmi01,2019,2,SEA,9,0,48,6.75,24,5,16
wrighmi01,2021,1,CHA,13,0,54,5.5,17,11,11
wrighst01,2013,1,BOS,4,1,40,5.4,12,9,10
wrighst01,2014,1,BOS,6,1,63,2.57,21,4,22
wrighst01,2015,1,BOS,16,9,218,4.09,67,27,52
wrighst01,2016,1,BOS,24,24,470,3.33,138,57,127
wrighst01,2017,1,BOS,5,5,72,8.25,40,5,13
wrighst01,2018,1,BOS,20,4,161,2.68,41,26,42
wrighst01,2019,1,BOS,6,0,19,8.53,11,4,5
wrighwe01,2008,1,HOU,71,0,167,5.01,45,34,57
wrighwe01,2009,1,HOU,49,0,134,5.44,53,25,47
wrighwe01,2010,1,HOU,14,4,99,5.73,37,13,29
wrighwe01,2011,1,HOU,21,0,36,1.5,6,5,11
wrighwe01,2012,1,HOU,77,0,157,3.27,45,17,54
wrighwe01,2013,1,HOU,54,0,124,3.92,45,16,40
wrighwe01,2013,2,TB,16,0,37,2.92,9,3,15
wrighwe01,2014,1,CHN,58,0,145,3.17,48,19,37
wrighwe01,2015,1,BAL,2,0,5,5.4,2,0,0
wrighwe01,2015,2,LAA,9,0,17,3.18,4,3,5
wroblju01,2024,1,LAN,8,6,109,5.7,34,16,26
wroblju01,2025,1,LAN,24,2,200,4.32,65,17,76
wuertmi01,2004,1,CHN,31,0,87,4.34,22,17,30
wuertmi01,2005,1,CHN,75,0,227,3.81,60,40,89
wuertmi01,2006,1,CHN,41,0,122,2.66,35,16,42
wuertmi01,2007,1,CHN,73,0,217,3.48,64,35,79
wuertmi01,2008,1,CHN,45,0,134,3.63,44,20,30
wuertmi01,2009,1,ATH,74,0,236,2.63,52,23,102
wuertmi01,2010,1,ATH,48,0,119,4.31,35,21,40
wuertmi01,2011,1,ATH,39,0,101,6.68,37,26,32
wunscke01,2000,1,CHA,83,0,184,2.93,50,29,51
wunscke01,2001,1,CHA,33,0,67,7.66,21,9,16
wunscke01,2002,1,CHA,50,0,95,3.41,26,19,22
wunscke01,2003,1,CHA,43,0,108,2.75,17,25,33
wunscke01,2004,1,CHA,3,0,6,0.0,2,1,1
wunscke01,2005,1,LAN,45,0,71,4.56,20,14,22
wynnera01,2023,1,CIN,1,0,7,3.86,3,1,0
wynnera01,2025,1,CIN,1,0,9,3.0,3,1,3
wynnsau01,2021,1,BAL,1,0,3,9.0,1,0,0
wynnsau01,2022,1,SFN,2,0,6,13.5,3,1,0
yabuke01,2005,1,ATH,40,0,174,4.5,64,26,44
yabuke01,2008,1,SFN,60,0,204,3.57,63,32,48
yabutya01,2008,1,KCA,31,0,113,4.78,41,17,25
yabutya01,2009,1,KCA,12,0,42,13.5,29,7,9
yacabji01,2017,1,BAL,14,0,62,4.35,18,14,8
yacabji01,2018,1,BAL,12,7,120,5.4,40,18,33
yacabji01,2019,1,BAL,29,4,123,6.8,51,24,33
yacabji01,2020,1,SEA,2,1,7,3.86,2,3,1
yacabji01,2022,1,MIA,9,0,28,6.75,12,5,15
yacabji01,2022,2,TB,5,1,14,11.57,8,5,6
yacabji01,2023,1,NYN,7,0,41,6.59,14,6,11
yajurmi01,2020,1,NYA,3,0,21,1.29,3,5,8
yajurmi01,2021,1,PIT,4,3,45,8.4,17,7,11
yajurmi01,2022,1,PIT,12,1,73,8.88,31,16,16
yamagsh01,2020,1,TOR,17,0,77,8.06,28,17,26
yamamjo01,2019,1,MIA,15,15,236,4.46,54,36,82
yamamjo01,2020,1,MIA,4,3,34,18.26,27,7,13
yamamjo01,2021,1,NYN,2,1,20,4.05,10,2,3
yamamyo01,2024,1,LAN,18,18,270,3.0,78,22,105
yamamyo01,2025,1,LAN,30,30,521,2.49,113,59,201
yanes01,2000,1,TB,43,20,413,6.21,158,42,111
yanes01,2001,1,TB,54,0,187,3.9,64,11,64
yanes01,2002,1,TB,55,0,207,4.3,70,29,53
yanes01,2003,1,TEX,15,0,70,6.94,31,7,25
yanes01,2003,2,SLN,39,0,130,6.02,53,16,28
yanes01,2004,1,DET,69,0,261,3.83,92,32,69
yanes01,2005,1,LAA,49,0,200,4.59,66,30,45
yanes01,2006,1,LAA,13,0,67,6.85,19,13,16
yanes01,2006,2,CIN,14,0,45,3.6,13,7,8
yanghy01,2021,1,TEX,12,4,106,5.6,42,16,25
yarbrry01,2018,1,TB,38,6,442,3.91,140,50,128
yarbrry01,2019,1,TB,28,14,425,4.13,121,20,117
yarbrry01,2020,1,TB,11,9,167,3.56,54,12,44
yarbrry01,2021,1,TB,30,21,465,5.11,163,27,117
yarbrry01,2022,1,TB,20,9,240,4.5,88,22,61
yarbrry01,2023,1,KCA,14,7,153,4.24,52,9,29
yarbrry01,2023,2,LAN,11,2,116,4.89,44,5,38
yarbrry01,2024,1,LAN,32,0,202,3.74,52,25,39
yarbrry01,2024,2,TOR,12,0,94,2.01,18,7,26
yarbrry01,2025,1,NYA,19,8,192,4.36,58,19,55
yardler01,2019,1,SDN,10,0,35,2.31,12,3,7
yardler01,2020,1,MIL,24,0,70,1.54,19,10,19
yardler01,2021,1,MIL,17,0,56,6.75,24,10,5
yarnaed01,2000,1,NYA,2,1,9,15.0,5,3,1
yastrmi01,2024,1,SFN,1,0,3,18.0,2,3,0
yastrmi01,2025,1,SFN,1,0,3,18.0,2,1,0
yateski01,2014,1,TB,37,0,108,3.75,33,15,42
yateski01,2015,1,TB,20,0,61,7.97,23,7,21
yateski01,2016,1,NYA,41,0,124,5.23,41,19,50
yateski01,2017,1,LAA,1,0,3,18.0,2,0,1
yateski01,2017,2,SDN,61,0,167,3.72,42,19,87
yateski01,2018,1,SDN,65,0,189,2.14,41,17,90
yateski01,2019,1,SDN,60,0,182,1.19,41,13,101
yateski01,2020,1,SDN,6,0,13,12.46,7,4,8
yateski01,2022,1,ATL,9,0,21,5.14,6,5,6
yateski01,2023,1,ATL,61,0,181,3.28,35,37,80
yateski01,2024,1,TEX,61,0,185,1.17,23,28,85
yateski01,2025,1,LAN,50,0,124,5.23,38,17,52
yatesty01,2004,1,NYN,21,7,140,6.36,61,25,35
yatesty01,2006,1,ATL,56,0,150,3.96,42,31,46
yatesty01,2007,1,ATL,75,0,198,5.18,64,31,69
yatesty01,2008,1,PIT,72,0,220,4.66,72,41,63
yatesty01,2009,1,PIT,15,0,36,7.5,14,7,9
yesavtr01,2025,1,TOR,3,3,42,3.21,13,7,16
ynoaga01,2016,1,NYN,10,3,55,6.38,26,7,17
ynoaga01,2017,1,BAL,9,4,104,4.15,39,8,26
ynoaga01,2019,1,BAL,36,13,332,5.61,126,26,67
ynoahu01,2019,1,ATL,2,0,9,18.0,6,1,3
ynoahu01,2020,1,ATL,9,5,65,5.82,23,13,17
ynoahu01,2021,1,ATL,18,17,273,4.05,76,25,100
ynoahu01,2022,1,ATL,2,2,20,13.5,11,6,8
ynoami01,2016,1,CHA,23,0,90,3.0,20,17,30
ynoami01,2017,1,CHA,22,0,87,5.9,28,22,23
yohocr01,2025,1,MIL,8,0,26,7.27,8,9,7
yoshima01,2000,1,COL,29,29,502,5.86,201,53,88
yoshima01,2001,1,WAS,42,11,339,4.78,127,26,63
yoshima01,2002,1,WAS,31,20,394,4.11,143,32,74
youmash01,2006,1,PIT,5,3,65,2.91,15,10,5
youmash01,2007,1,PIT,16,8,172,5.97,65,23,29
youngal01,2019,1,ARI,17,15,250,3.56,72,27,71
youngal01,2020,1,ARI,15,7,139,5.44,51,14,39
youngal01,2021,1,ARI,30,2,125,6.26,50,20,38
youngal01,2021,2,CLE,10,0,31,7.84,15,7,5
youngal01,2022,1,CLE,1,0,1,0.0,1,0,1
youngal01,2022,2,SFN,24,1,79,2.39,28,11,20
youngal01,2023,1,CIN,63,0,161,3.86,53,20,50
youngal01,2024,1,CIN,3,0,6,0.0,4,0,2
youngal01,2024,2,NYN,14,0,41,3.29,11,7,13
youngbr01,2025,1,BAL,12,12,173,6.24,67,22,47
youngch03,2004,1,TEX,7,7,109,4.71,36,10,27
youngch03,2005,1,TEX,31,31,494,4.26,162,45,137
youngch03,2006,1,SDN,31,31,538,3.46,134,69,164
youngch03,2007,1,SDN,30,30,519,3.12,118,72,167
youngch03,2008,1,SDN,18,18,307,3.96,84,48,93
youngch03,2009,1,SDN,14,14,228,5.21,70,40,50
youngch03,2010,1,SDN,4,4,60,0.9,10,11,15
youngch03,2011,1,NYN,4,4,72,1.88,12,11,22
youngch03,2012,1,NYN,20,20,345,4.15,119,36,80
youngch03,2014,1,SEA,30,29,495,3.65,143,60,108
youngch03,2015,1,KCA,34,18,370,3.06,91,43,83
youngch03,2016,1,KCA,34,13,266,6.19,104,43,94
youngch03,2017,1,KCA,14,2,90,7.5,47,14,22
youngda01,2000,1,CHN,4,0,9,21.0,5,6,0
youngda02,2022,1,SEA,2,0,11,7.36,7,2,5
youngda02,2022,2,ATL,1,0,8,0.0,4,0,1
youngda02,2023,1,ATL,8,0,25,1.08,7,2,11
youngda02,2024,1,NYN,42,0,113,4.54,29,18,48
youngda02,2025,1,NYN,10,0,25,4.32,9,3,13
youngja01,2003,1,COL,8,3,64,8.44,34,9,18
youngja01,2004,1,COL,2,2,25,12.96,15,5,7
youngja02,2025,1,NYN,1,0,1,0.0,1,1,0
youngma03,2016,1,ATL,8,0,21,6.43,12,4,4
youngti01,2000,1,BOS,8,0,21,6.43,7,2,6
zabalan01,2022,1,MIA,2,0,8,0.0,3,1,2
zagurmi01,2007,1,PHI,25,0,64,5.91,25,11,21
zagurmi01,2010,1,PHI,8,0,21,10.29,8,5,11
zagurmi01,2011,1,PHI,4,0,10,5.4,4,3,4
zagurmi01,2012,1,ARI,45,0,112,5.54,37,19,34
zagurmi01,2013,1,PIT,6,0,18,15.0,10,8,5
zagurmi01,2013,2,NYA,1,0,1,54.0,1,0,0
zagurmi01,2018,1,MIL,2,0,3,63.0,5,2,2
zambrca01,2001,1,CHN,6,1,23,15.26,11,8,4
zambrca01,2002,1,CHN,32,16,325,3.66,94,63,93
zambrca01,2003,1,CHN,32,32,642,3.11,188,94,168
zambrca01,2004,1,CHN,31,31,629,2.75,174,81,188
zambrca01,2005,1,CHN,33,33,670,3.26,170,86,202
zambrca01,2006,1,CHN,33,33,642,3.41,162,115,210
zambrca01,2007,1,CHN,34,34,649,3.95,187,101,177
zambrca01,2008,1,CHN,30,30,566,3.91,172,72,130
zambrca01,2009,1,CHN,28,28,508,3.77,155,78,152
zambrca01,2010,1,CHN,36,20,389,3.33,119,69,117
zambrca01,2011,1,CHN,24,24,437,4.82,154,56,101
zambrca01,2012,1,MIA,35,20,397,4.49,123,75,95
zambrvi01,2001,1,TB,36,0,154,3.16,38,18,58
zambrvi01,2002,1,TB,42,11,342,5.53,120,68,73
zambrvi01,2003,1,TB,34,28,565,4.21,165,106,132
zambrvi01,2004,1,TB,23,22,384,4.43,107,96,109
zambrvi01,2004,2,NYN,3,3,42,3.86,12,6,14
zambrvi01,2005,1,NYN,31,27,499,4.17,170,77,112
zambrvi01,2006,1,NYN,5,5,64,6.75,25,11,15
zambrvi01,2007,1,TOR,8,2,32,10.97,20,11,5
zambrvi01,2007,2,BAL,5,2,37,9.49,12,11,11
zamorda01,2018,1,NYN,16,0,27,3.0,6,3,16
zamorda01,2019,1,NYN,17,0,26,5.19,10,5,8
zamorda01,2021,1,SEA,4,0,13,6.23,5,1,3
zaratma01,2007,1,MIA,4,0,15,10.8,11,1,3
zastrro01,2016,1,CHN,8,1,48,1.13,12,5,17
zastrro01,2017,1,CHN,4,0,39,8.31,19,7,11
zastrro01,2018,1,CHN,6,0,17,4.76,6,4,3
zastrro01,2022,1,NYN,1,0,3,9.0,1,0,1
zastrro01,2022,2,LAA,5,0,9,6.0,2,1,2
zastrro01,2023,1,PIT,21,1,62,4.79,24,13,15
zastrro01,2024,1,MIL,9,3,23,1.17,4,1,5
zastrro01,2025,1,MIL,26,1,66,2.45,16,10,20
zavadcl01,2009,1,ARI,49,0,153,3.35,45,24,52
zavalse01,2023,2,ARI,1,0,2,0.0,0,0,0
zeferry01,2024,1,LAA,12,0,51,2.12,7,6,18
zeferry01,2025,1,LAA,62,1,171,4.74,49,35,73
zeidjo01,2013,1,HOU,25,0,83,3.9,26,12,24
zeidjo01,2014,1,HOU,23,0,62,6.97,30,7,18
zeileto01,2002,1,COL,1,0,3,0.0,1,0,1
zeileto01,2004,1,NYN,1,0,3,45.0,4,2,0
zerbech01,2000,1,SFN,4,0,18,4.5,6,1,5
zerbech01,2001,1,SFN,27,1,117,3.92,41,10,22
zerbech01,2002,1,SFN,50,0,169,3.04,52,21,26
zerbech01,2003,1,SFN,33,1,149,4.71,60,14,17
zerpaan01,2021,1,KCA,1,1,15,0.0,3,1,4
zerpaan01,2022,1,KCA,3,2,33,1.64,9,3,3
zerpaan01,2023,1,KCA,15,3,128,4.85,46,8,36
zerpaan01,2024,1,KCA,60,0,161,3.86,59,19,49
zerpaan01,2025,1,KCA,69,2,194,4.18,67,22,58
zeuchtj01,2019,1,TOR,5,3,68,4.76,22,11,20
zeuchtj01,2020,1,TOR,3,1,34,1.59,9,4,3
zeuchtj01,2021,1,TOR,5,3,45,6.6,21,9,8
zeuchtj01,2022,1,CIN,3,3,32,15.19,24,7,5
zieglbr01,2008,1,ATH,47,0,179,1.06,47,22,30
zieglbr01,2009,1,ATH,69,0,220,3.07,82,28,54
zieglbr01,2010,1,ATH,64,0,182,3.26,54,28,41
zieglbr01,2011,1,ATH,43,0,113,2.39,38,13,29
zieglbr01,2011,2,ARI,23,0,62,1.74,15,6,15
zieglbr01,2012,1,ARI,77,0,206,2.49,54,21,42
zieglbr01,2013,1,ARI,78,0,219,2.22,61,22,44
zieglbr01,2014,1,ARI,68,0,201,3.49,60,24,54
zieglbr01,2015,1,ARI,66,0,204,1.85,48,17,36
zieglbr01,2016,1,ARI,36,0,115,2.82,41,15,27
zieglbr01,2016,2,BOS,33,0,89,1.52,26,11,31
zieglbr01,2017,1,MIA,53,0,141,4.79,57,16,26
zieglbr01,2018,1,MIA,53,0,156,3.98,49,17,37
zieglbr01,2018,2,ARI,29,0,65,3.74,22,8,13
zimmebr02,2020,1,BAL,2,1,21,7.71,6,2,7
zimmebr02,2021,1,BAL,14,13,193,5.04,75,22,56
zimmebr02,2022,1,BAL,15,13,221,5.99,97,12,49
zimmebr02,2023,1,BAL,7,0,40,4.73,17,0,14
zimmebr02,2025,1,MIL,1,1,18,7.5,7,2,1
zimmeje02,2000,1,TEX,65,0,209,5.3,80,34,74
zimmeje02,2001,1,TEX,66,0,214,2.4,48,16,72
zimmejo02,2009,1,WAS,16,16,274,4.63,95,29,92
zimmejo02,2010,1,WAS,7,7,93,4.94,31,10,27
zimmejo02,2011,1,WAS,26,26,484,3.18,154,31,124
zimmejo02,2012,1,WAS,32,32,587,2.94,186,43,153
zimmejo02,2013,1,WAS,32,32,640,3.25,192,40,161
zimmejo02,2014,1,WAS,32,32,599,2.66,185,29,182
zimmejo02,2015,1,WAS,33,33,605,3.66,204,39,164
zimmejo02,2016,1,DET,19,18,316,4.87,118,26,66
zimmejo02,2017,1,DET,29,29,480,6.08,204,44,103
zimmejo02,2018,1,DET,25,25,394,4.52,140,26,111
zimmejo02,2019,1,DET,23,23,336,6.91,145,25,82
zimmejo02,2020,1,DET,3,2,17,7.94,11,2,6
zimmejo02,2021,1,MIL,2,0,17,7.94,8,2,0
zimmeky01,2019,1,KCA,15,0,55,10.8,28,19,18
zimmeky01,2020,1,KCA,16,1,69,1.57,14,10,26
zimmeky01,2021,1,KCA,52,2,162,4.83,46,30,46
zinkch01,2008,1,BOS,1,1,13,16.62,11,1,1
zitoba01,2000,1,ATH,14,14,278,2.72,64,45,78
zitoba01,2001,1,ATH,35,35,643,3.49,184,80,205
zitoba01,2002,1,ATH,35,35,688,2.75,182,78,182
zitoba01,2003,1,ATH,35,35,695,3.3,186,88,146
zitoba01,2004,1,ATH,34,34,639,4.48,216,81,163
zitoba01,2005,1,ATH,35,35,685,3.86,185,89,171
zitoba01,2006,1,ATH,34,34,663,3.83,211,99,151
zitoba01,2007,1,SFN,34,33,590,4.53,182,83,131
zitoba01,2008,1,SFN,32,32,540,5.15,186,102,120
zitoba01,2009,1,SFN,33,33,576,4.03,179,81,154
zitoba01,2010,1,SFN,34,33,598,4.15,184,84,150
zitoba01,2011,1,SFN,13,9,161,5.87,51,24,32
zitoba01,2012,1,SFN,32,32,553,4.15,186,70,114
zitoba01,2013,1,SFN,30,25,400,5.74,173,54,86
zitoba01,2015,1,ATH,3,2,21,10.29,12,6,2
zobribe01,2019,1,CHN,1,0,3,0.0,0,2,1
zuberty01,2020,1,KCA,23,0,66,4.09,15,20,30
zuberty01,2021,1,KCA,31,0,82,6.26,26,17,25
zuberty01,2024,1,TB,2,0,10,2.7,3,2,4
zuberty01,2025,1,NYN,1,0,6,9.0,3,0,3
zuberty01,2025,2,MIA,9,0,30,11.7,14,6,11
zulueyo01,2024,1,CIN,12,0,49,4.96,15,7,20
zulueyo01,2025,1,CIN,7,0,22,6.14,5,4,5
zumayjo01,2006,1,DET,62,0,250,1.94,56,42,97
zumayjo01,2007,1,DET,28,0,101,4.28,23,17,27
zumayjo01,2008,1,DET,21,0,70,3.47,24,22,22
zumayjo01,2009,1,DET,29,0,93,4.94,34,22,30
zumayjo01,2010,1,DET,31,0,115,2.58,32,11,34
zuniggu01,2023,1,SLN,2,0,6,4.5,2,0,4
zuniggu01,2024,1,LAA,15,0,53,5.09,16,8,12
zychto01,2015,1,SEA,13,1,55,2.45,17,3,24
zychto01,2016,1,SEA,12,0,41,3.29,10,10,21
zychto01,2017,1,SEA,45,0,122,2.66,30,21,35
