playerID,yearid,votedBy,ballots,needed,votes,inducted,category,needed_note
abbotji01,2005,BBWAA,516.0,387.0,13.0,N,Player,
abreubo01,2020,BBWAA,397.0,298.0,22.0,N,Player,
abreubo01,2021,BBWAA,401.0,301.0,35.0,N,Player,
abreubo01,2022,BBWAA,394.0,296.0,34.0,N,Player,
abreubo01,2023,BBWAA,389.0,292.0,60.0,N,Player,
abreubo01,2024,BBWAA,385.0,289.0,57.0,N,Player,
abreubo01,2025,BBWAA,394.0,296.0,77.0,N,Player,
adamsba01,2003,Veterans - Players,,,,N,Player,Preliminary ballot (200 players)
adamsba01,2005,Veterans - Players,,,,N,Player,Preliminary ballot (200 players)
adamsba01,2007,Veterans - Players,,,,N,Player,Preliminary ballot (200 players)
adamsdo99,2016,Veterans - Pre-Integration Era,16.0,12.0,10.0,N,Pioneer,
adcocjo01,2003,Veterans - Players,,,,N,Player,Preliminary ballot (200 players)
adcocjo01,2005,Veterans - Players,,,,N,Player,Preliminary ballot (200 players)
adcocjo01,2007,Veterans - Players,,,,N,Player,Preliminary ballot (200 players)
aguilri01,2006,BBWAA,520.0,390.0,3.0,N,Player,
allendi01,2003,Veterans - Players,81.0,61.0,13.0,N,Player,
allendi01,2005,Veterans - Players,80.0,60.0,12.0,N,Player,
allendi01,2007,Veterans - Players,84.0,62.0,11.0,N,Player,
allendi01,2009,Veterans - 1943 and Later,64.0,48.0,7.0,N,Player,
allendi01,2015,Veterans - Golden Era,16.0,12.0,11.0,N,Player,
allendi01,2022,Veterans - Golden Age Era,16.0,12.0,11.0,N,Player,
allendi01,2025,Classic Baseball Era,16.0,12.0,13.0,Y,Player,
allenjo02,2003,Veterans - Players,,,,N,Player,Preliminary ballot (200 players)
allenne02,2006,Negro League,,,,N,Player,
alomaro01,2010,BBWAA,539.0,405.0,397.0,N,Player,
alomaro01,2011,BBWAA,581.0,436.0,523.0,Y,Player,
alomasa02,2013,BBWAA,569.0,427.0,16.0,N,Player,
aloufe01,2003,Veterans - Players,,,,N,Player,Preliminary ballot (200 players)
aloufe01,2005,Veterans - Players,,,,N,Player,Preliminary ballot (200 players)
aloufe01,2007,Veterans - Players,,,,N,Player,Preliminary ballot (200 players)
aloumo01,2014,BBWAA,571.0,429.0,6.0,N,Player,
anderbr01,2008,BBWAA,543.0,408.0,0.0,N,Player,
anderga01,2016,BBWAA,440.0,330.0,1.0,N,Player,
andersp01,2000,Veterans,,,,Y,Manager,
ankieri01,2019,BBWAA,425.0,319.0,0.0,N,Player,
appieke01,2010,BBWAA,539.0,405.0,1.0,N,Player,
arroybr01,2023,BBWAA,389.0,292.0,1.0,N,Player,
aurilri01,2015,BBWAA,549.0,412.0,0.0,N,Player,
ausmubr01,2016,BBWAA,440.0,330.0,0.0,N,Player,
autryge99,2003,Veterans - Contributors,,,,N,Executive,Preliminary ballot (60 contributors)
autryge99,2007,Veterans - Contributors,,,,N,Executive,Preliminary ballot (60 contributors)
autryge99,2010,Veterans - Executives,16.0,12.0,,N,Executive,<3 votes
avilabo01,2003,Veterans - Players,,,,N,Player,Preliminary ballot (200 players)
baergca01,2011,BBWAA,581.0,436.0,0.0,N,Player,
bagweje01,2011,BBWAA,581.0,436.0,242.0,N,Player,
bagweje01,2012,BBWAA,573.0,430.0,321.0,N,Player,
bagweje01,2013,BBWAA,569.0,427.0,339.0,N,Player,
bagweje01,2014,BBWAA,571.0,429.0,310.0,N,Player,
bagweje01,2015,BBWAA,549.0,412.0,306.0,N,Player,
bagweje01,2016,BBWAA,440.0,330.0,315.0,N,Player,
bagweje01,2017,BBWAA,442.0,332.0,381.0,Y,Player,
baineha01,2007,BBWAA,545.0,409.0,29.0,N,Player,
baineha01,2008,BBWAA,543.0,408.0,28.0,N,Player,
baineha01,2009,BBWAA,539.0,405.0,32.0,N,Player,
baineha01,2010,BBWAA,539.0,405.0,33.0,N,Player,
baineha01,2011,BBWAA,581.0,436.0,28.0,N,Player,
baineha01,2017,Veterans - Today's Game Era,16.0,12.0,,N,Player,<5 votes
baineha01,2019,Veterans - Today's Game Era,16.0,12.0,12.0,Y,Player,
bandosa01,2003,Veterans - Players,,,,N,Player,Preliminary ballot (200 players)
bandosa01,2005,Veterans - Players,,,,N,Player,Preliminary ballot (200 players)
bandosa01,2007,Veterans - Players,,,,N,Player,Preliminary ballot (200 players)
bartedi01,2003,Veterans - Players,,,,N,Player,Preliminary ballot (200 players)
bartedi01,2005,Veterans - Players,,,,N,Player,Preliminary ballot (200 players)
bartedi01,2007,Veterans - Players,,,,N,Player,Preliminary ballot (200 players)
bautijo02,2024,BBWAA,385.0,289.0,6.0,N,Player,
bavasbu99,2003,Veterans - Contributors,79.0,60.0,34.0,N,Executive,
bavasbu99,2007,Veterans - Contributors,81.0,61.0,30.0,,Executive,
bavasbu99,2008,Veterans - Executives,12.0,9.0,,N,Executive,<3 votes
bavasbu99,2012,Veterans - Golden Era,16.0,12.0,,N,Executive,<3 votes
bayja01,2019,BBWAA,425.0,319.0,0.0,N,Player,
beaumgi01,2003,Veterans - Players,,,,N,Player,Preliminary ballot (200 players)
beaumgi01,2005,Veterans - Players,,,,N,Player,Preliminary ballot (200 players)
beaumgi01,2007,Veterans - Players,,,,N,Player,Preliminary ballot (200 players)
beckegl01,2003,Veterans - Players,,,,N,Player,Preliminary ballot (200 players)
beckejo02,2020,BBWAA,397.0,298.0,0.0,N,Player,
beckro01,2008,BBWAA,543.0,408.0,2.0,N,Player,
beckwjo02,2006,Negro League,,,,N,Player,
bedrost01,2001,BBWAA,515.0,387.0,1.0,N,Player,
belanma01,2005,Veterans - Players,,,,N,Player,Preliminary ballot (200 players)
belanma01,2007,Veterans - Players,,,,N,Player,Preliminary ballot (200 players)
belleal01,2006,BBWAA,520.0,390.0,40.0,N,Player,
belleal01,2007,BBWAA,545.0,409.0,19.0,N,Player,
belleal01,2017,Veterans - Today's Game Era,16.0,12.0,,N,Player,<5 votes
belleal01,2019,Veterans - Today's Game Era,16.0,12.0,,N,Player,<5 votes
belleal01,2023,Contemporary Era,16.0,12.0,,N,Player,<4 votes
bellhe01,2020,BBWAA,397.0,298.0,0.0,N,Player,
bellja01,2009,BBWAA,539.0,405.0,2.0,N,Player,
bellwi01,2006,Negro League,,,,N,Player,
beltrad01,2024,BBWAA,385.0,289.0,366.0,Y,Player,
beltrca01,2023,BBWAA,389.0,292.0,181.0,N,Player,
beltrca01,2024,BBWAA,385.0,289.0,220.0,N,Player,
beltrca01,2025,BBWAA,394.0,296.0,277.0,N,Player,
benitar01,2014,BBWAA,571.0,429.0,1.0,N,Player,
bergewa01,2003,Veterans - Players,,,,N,Player,Preliminary ballot (200 players)
bergewa01,2005,Veterans - Players,,,,N,Player,Preliminary ballot (200 players)
bergewa01,2007,Veterans - Players,,,,N,Player,Preliminary ballot (200 players)
berkmla01,2019,BBWAA,425.0,319.0,5.0,N,Player,
bicheda01,2007,BBWAA,545.0,409.0,3.0,N,Player,
biggicr01,2013,BBWAA,569.0,427.0,388.0,N,Player,
biggicr01,2014,BBWAA,571.0,429.0,427.0,N,Player,
biggicr01,2015,BBWAA,549.0,412.0,454.0,Y,Player,
blakeca01,2017,BBWAA,442.0,332.0,0.0,N,Player,
bluevi01,2011,Veterans - Expansion Era,16.0,12.0,,N,Player,<8 votes
blylebe01,2000,BBWAA,499.0,375.0,87.0,N,Player,
blylebe01,2001,BBWAA,515.0,387.0,121.0,N,Player,
blylebe01,2002,BBWAA,472.0,354.0,124.0,N,Player,
blylebe01,2003,BBWAA,496.0,372.0,145.0,N,Player,
blylebe01,2004,BBWAA,506.0,380.0,179.0,N,Player,
blylebe01,2005,BBWAA,516.0,387.0,211.0,N,Player,
blylebe01,2006,BBWAA,520.0,390.0,277.0,N,Player,
blylebe01,2007,BBWAA,545.0,409.0,260.0,N,Player,
blylebe01,2008,BBWAA,543.0,408.0,336.0,N,Player,
blylebe01,2009,BBWAA,539.0,405.0,338.0,N,Player,
blylebe01,2010,BBWAA,539.0,405.0,400.0,N,Player,
blylebe01,2011,BBWAA,581.0,436.0,463.0,Y,Player,
boggswa01,2005,BBWAA,516.0,387.0,474.0,Y,Player,
bondsba01,2013,BBWAA,569.0,427.0,206.0,N,Player,
bondsba01,2014,BBWAA,571.0,429.0,198.0,N,Player,
bondsba01,2015,BBWAA,549.0,412.0,202.0,N,Player,
bondsba01,2016,BBWAA,440.0,330.0,195.0,N,Player,
bondsba01,2017,BBWAA,442.0,332.0,238.0,N,Player,
bondsba01,2018,BBWAA,422.0,317.0,238.0,N,Player,
bondsba01,2019,BBWAA,425.0,319.0,251.0,N,Player,
bondsba01,2020,BBWAA,397.0,298.0,241.0,N,Player,
bondsba01,2021,BBWAA,401.0,301.0,248.0,N,Player,
bondsba01,2022,BBWAA,394.0,296.0,260.0,N,Player,
bondsba01,2023,Contemporary Era,16.0,12.0,,N,Player,<4 votes
bondsba01,2026,Contemporary Baseball Era,16.0,12.0,,N,Player,<5 votes
bondsbo01,2003,Veterans - Players,81.0,61.0,5.0,N,Player,
bondsbo01,2005,Veterans - Players,80.0,60.0,4.0,N,Player,
bondsbo01,2007,Veterans - Players,84.0,62.0,1.0,N,Player,
bonilbo01,2007,BBWAA,545.0,409.0,2.0,N,Player,
booneaa01,2015,BBWAA,549.0,412.0,2.0,N,Player,
boonebo01,2000,BBWAA,499.0,375.0,21.0,N,Player,
boonebr01,2011,BBWAA,581.0,436.0,1.0,N,Player,
bowala01,2007,Veterans - Players,,,,N,Player,Preliminary ballot (200 players)
boyerke01,2003,Veterans - Players,81.0,61.0,11.0,N,Player,
boyerke01,2005,Veterans - Players,80.0,60.0,15.0,N,Player,
boyerke01,2007,Veterans - Players,84.0,62.0,9.0,N,Player,
boyerke01,2009,Veterans - 1943 and Later,,,,N,Player,Preliminary poll
boyerke01,2012,Veterans - Golden Era,16.0,12.0,,N,Player,<3 votes
boyerke01,2015,Veterans - Golden Era,16.0,12.0,,N,Player,<3 votes
boyerke01,2022,Veterans - Golden Age Era,16.0,12.0,,N,Player,<4 votes
boyerke01,2025,Classic Baseball Era,16.0,12.0,,N,Player,<5 votes
breadsa99,2003,Veterans - Contributors,,,,N,Executive,Preliminary ballot (60 contributors)
breadsa99,2007,Veterans - Contributors,,,,N,Executive,Preliminary ballot (60 contributors)
breadsa99,2010,Veterans - Executives,16.0,12.0,,N,Executive,<3 votes
breadsa99,2013,Veterans - Pre-Integration Era,16.0,12.0,,N,Executive,<3 votes
breadsa99,2016,Veterans - Pre-Integration Era,16.0,12.0,,N,Executive,<4 votes
brechha01,2003,Veterans - Players,,,,N,Player,Preliminary ballot (200 players)
brechha01,2005,Veterans - Players,,,,N,Player,Preliminary ballot (200 players)
brechha01,2007,Veterans - Players,,,,N,Player,Preliminary ballot (200 players)
brewech02,2006,Negro League,,,,N,Player,
bridgto01,2003,Veterans - Players,,,,N,Player,Preliminary ballot (200 players)
bridgto01,2005,Veterans - Players,,,,N,Player,Preliminary ballot (200 players)
bridgto01,2007,Veterans - Players,,,,N,Player,Preliminary ballot (200 players)
bronfch99,2003,Veterans - Contributors,,,,N,Executive,Preliminary ballot (60 contributors)
bronfch99,2007,Veterans - Contributors,,,,N,Executive,Preliminary ballot (60 contributors)
brookhu01,2000,BBWAA,499.0,375.0,0.0,N,Player,
brosisc01,2007,BBWAA,545.0,409.0,0.0,N,Player,
brownke01,2011,BBWAA,581.0,436.0,12.0,N,Player,
brownpe01,2003,Veterans - Players,,,,N,Player,Preliminary ballot (200 players)
brownpe01,2005,Veterans - Players,,,,N,Player,Preliminary ballot (200 players)
brownpe01,2007,Veterans - Players,,,,N,Player,Preliminary ballot (200 players)
brownra99,2006,Negro League,,,,Y,Player,
brownto05,2001,BBWAA,515.0,387.0,1.0,N,Player,
brownwi02,2006,Negro League,,,,Y,Player,
buehrma01,2021,BBWAA,401.0,301.0,44.0,N,Player,
buehrma01,2022,BBWAA,394.0,296.0,23.0,N,Player,
buehrma01,2023,BBWAA,389.0,292.0,42.0,N,Player,
buehrma01,2024,BBWAA,385.0,289.0,32.0,N,Player,
buehrma01,2025,BBWAA,394.0,296.0,45.0,N,Player,
buffich01,2003,Veterans - Players,,,,N,Player,Preliminary ballot (200 players)
buffich01,2005,Veterans - Players,,,,N,Player,Preliminary ballot (200 players)
buffich01,2007,Veterans - Players,,,,N,Player,Preliminary ballot (200 players)
buhneja01,2007,BBWAA,545.0,409.0,1.0,N,Player,
burdele01,2003,Veterans - Players,,,,N,Player,Preliminary ballot (200 players)
burdele01,2005,Veterans - Players,,,,N,Player,Preliminary ballot (200 players)
burdele01,2007,Veterans - Players,,,,N,Player,Preliminary ballot (200 players)
burksel01,2010,BBWAA,539.0,405.0,2.0,N,Player,
burneaj01,2021,BBWAA,401.0,301.0,0.0,N,Player,
burnije01,2012,BBWAA,573.0,430.0,0.0,N,Player,
burnsge01,2003,Veterans - Players,,,,N,Player,Preliminary ballot (200 players)
burnsge01,2005,Veterans - Players,,,,N,Player,Preliminary ballot (200 players)
burnsge01,2007,Veterans - Players,,,,N,Player,Preliminary ballot (200 players)
burnsge02,2003,Veterans - Players,,,,N,Player,Preliminary ballot (200 players)
burnsge02,2005,Veterans - Players,,,,N,Player,Preliminary ballot (200 players)
burnsge02,2007,Veterans - Players,,,,N,Player,Preliminary ballot (200 players)
burrepa01,2017,BBWAA,442.0,332.0,0.0,N,Player,
buschgu99,2003,Veterans - Contributors,79.0,60.0,11.0,N,Executive,
buschgu99,2007,Veterans - Contributors,81.0,61.0,13.0,,Executive,
bushge99,2003,Veterans - Contributors,,,,N,Executive,Preliminary ballot (60 contributors)
bushge99,2007,Veterans - Contributors,,,,N,Executive,Preliminary ballot (60 contributors)
bushgu01,2003,Veterans - Players,,,,N,Player,Preliminary ballot (200 players)
butlebr01,2003,BBWAA,496.0,372.0,2.0,N,Player,
byrdbi01,2006,Negro League,,,,N,Player,
cabreor01,2017,BBWAA,442.0,332.0,0.0,N,Player,
cainma01,2023,BBWAA,389.0,292.0,0.0,N,Player,
camermi01,2017,BBWAA,442.0,332.0,0.0,N,Player,
camildo01,2003,Veterans - Players,,,,N,Player,Preliminary ballot (200 players)
camildo01,2005,Veterans - Players,,,,N,Player,Preliminary ballot (200 players)
camildo01,2007,Veterans - Players,,,,N,Player,Preliminary ballot (200 players)
caminke01,2007,BBWAA,545.0,409.0,2.0,N,Player,
campabe01,2005,Veterans - Players,,,,N,Player,Preliminary ballot (200 players)
campabe01,2007,Veterans - Players,,,,N,Player,Preliminary ballot (200 players)
campabe01,2009,Veterans - 1943 and Later,,,,N,Player,Preliminary poll
candito01,2005,BBWAA,516.0,387.0,2.0,N,Player,
cansejo01,2007,BBWAA,545.0,409.0,6.0,N,Player,
cardele01,2003,Veterans - Players,,,,N,Player,Preliminary ballot (200 players)
carpech01,2018,BBWAA,422.0,317.0,2.0,N,Player,
cartega01,2000,BBWAA,499.0,375.0,248.0,N,Player,
cartega01,2001,BBWAA,515.0,387.0,334.0,N,Player,
cartega01,2002,BBWAA,472.0,354.0,343.0,N,Player,
cartega01,2003,BBWAA,496.0,372.0,387.0,Y,Player,
cartejo01,2004,BBWAA,506.0,380.0,19.0,N,Player,
cartejo01,2019,Veterans - Today's Game Era,16.0,12.0,,N,Player,<5 votes
carutbo01,2003,Veterans - Players,,,,N,Player,Preliminary ballot (200 players)
carutbo01,2005,Veterans - Players,,,,N,Player,Preliminary ballot (200 players)
carutbo01,2007,Veterans - Players,,,,N,Player,Preliminary ballot (200 players)
casege01,2003,Veterans - Players,,,,N,Player,Preliminary ballot (200 players)
casege01,2005,Veterans - Players,,,,N,Player,Preliminary ballot (200 players)
casege01,2007,Veterans - Players,,,,N,Player,Preliminary ballot (200 players)
caseyse01,2014,BBWAA,571.0,429.0,0.0,N,Player,
cashno01,2003,Veterans - Players,,,,N,Player,Preliminary ballot (200 players)
cashno01,2005,Veterans - Players,,,,N,Player,Preliminary ballot (200 players)
cashno01,2007,Veterans - Players,,,,N,Player,Preliminary ballot (200 players)
castilu01,2016,BBWAA,440.0,330.0,0.0,N,Player,
castivi02,2012,BBWAA,573.0,430.0,6.0,N,Player,
cavarph01,2003,Veterans - Players,,,,N,Player,Preliminary ballot (200 players)
cavarph01,2005,Veterans - Players,,,,N,Player,Preliminary ballot (200 players)
cavarph01,2007,Veterans - Players,,,,N,Player,Preliminary ballot (200 players)
chandsp01,2003,Veterans - Players,,,,N,Player,Preliminary ballot (200 players)
chandsp01,2005,Veterans - Players,,,,N,Player,Preliminary ballot (200 players)
chandsp01,2007,Veterans - Players,,,,N,Player,Preliminary ballot (200 players)
chapmbe01,2003,Veterans - Players,,,,N,Player,Preliminary ballot (200 players)
chapmbe01,2005,Veterans - Players,,,,N,Player,Preliminary ballot (200 players)
chapmbe01,2007,Veterans - Players,,,,N,Player,Preliminary ballot (200 players)
chaveer01,2020,BBWAA,397.0,298.0,2.0,N,Player,
cirilje01,2013,BBWAA,569.0,427.0,0.0,N,Player,
clarkto02,2015,BBWAA,549.0,412.0,0.0,N,Player,
clarkwi02,2006,BBWAA,520.0,390.0,23.0,N,Player,
clarkwi02,2017,Veterans - Today's Game Era,16.0,12.0,,N,Player,<5 votes
clarkwi02,2019,Veterans - Today's Game Era,16.0,12.0,,N,Player,<5 votes
claytro01,2013,BBWAA,569.0,427.0,0.0,N,Player,
clemero02,2013,BBWAA,569.0,427.0,214.0,N,Player,
clemero02,2014,BBWAA,571.0,429.0,202.0,N,Player,
clemero02,2015,BBWAA,549.0,412.0,206.0,N,Player,
clemero02,2016,BBWAA,440.0,330.0,199.0,N,Player,
clemero02,2017,BBWAA,442.0,332.0,239.0,N,Player,
clemero02,2018,BBWAA,422.0,317.0,242.0,N,Player,
clemero02,2019,BBWAA,425.0,319.0,253.0,N,Player,
clemero02,2020,BBWAA,397.0,298.0,242.0,N,Player,
clemero02,2021,BBWAA,401.0,301.0,247.0,N,Player,
clemero02,2022,BBWAA,394.0,296.0,257.0,N,Player,
clemero02,2023,Contemporary Era,16.0,12.0,,N,Player,<4 votes
clemero02,2026,Contemporary Baseball Era,16.0,12.0,,N,Player,<5 votes
colavro01,2003,Veterans - Players,81.0,61.0,7.0,N,Player,
colavro01,2005,Veterans - Players,80.0,60.0,4.0,N,Player,
colavro01,2007,Veterans - Players,84.0,62.0,5.0,N,Player,
colavro01,2009,Veterans - 1943 and Later,,,,N,Player,Preliminary poll
colemvi01,2003,BBWAA,496.0,372.0,3.0,N,Player,
colonba01,2024,BBWAA,385.0,289.0,5.0,N,Player,
conceda01,2000,BBWAA,499.0,375.0,67.0,N,Player,
conceda01,2001,BBWAA,515.0,387.0,74.0,N,Player,
conceda01,2002,BBWAA,472.0,354.0,56.0,N,Player,
conceda01,2003,BBWAA,496.0,372.0,55.0,N,Player,
conceda01,2004,BBWAA,506.0,380.0,57.0,N,Player,
conceda01,2005,BBWAA,516.0,387.0,55.0,N,Player,
conceda01,2006,BBWAA,520.0,390.0,65.0,N,Player,
conceda01,2007,BBWAA,545.0,409.0,74.0,N,Player,
conceda01,2008,BBWAA,543.0,408.0,88.0,N,Player,
conceda01,2011,Veterans - Expansion Era,16.0,12.0,8.0,N,Player,
conceda01,2014,Veterans - Expansion Era,16.0,12.0,,N,Player,<6 votes
coneda01,2009,BBWAA,539.0,405.0,21.0,N,Player,
coninje01,2013,BBWAA,569.0,427.0,0.0,N,Player,
coopean99,2006,Negro League,,,,Y,Player,
coopemo01,2003,Veterans - Players,,,,N,Player,Preliminary ballot (200 players)
coopemo01,2005,Veterans - Players,,,,N,Player,Preliminary ballot (200 players)
coopemo01,2007,Veterans - Players,,,,N,Player,Preliminary ballot (200 players)
coopewa01,2003,Veterans - Players,,,,N,Player,Preliminary ballot (200 players)
coopewa01,2005,Veterans - Players,,,,N,Player,Preliminary ballot (200 players)
coopewa01,2007,Veterans - Players,,,,N,Player,Preliminary ballot (200 players)
coopewi01,2003,Veterans - Players,,,,N,Player,Preliminary ballot (200 players)
coopewi01,2005,Veterans - Players,,,,N,Player,Preliminary ballot (200 players)
coopewi01,2007,Veterans - Players,,,,N,Player,Preliminary ballot (200 players)
coxbo01,2014,Veterans - Expansion Era,16.0,12.0,16.0,Y,Manager,
craigro01,2003,Veterans - Contributors,,,,N,Manager,Preliminary ballot (60 contributors)
craigro01,2007,Veterans - Contributors,,,,N,Manager,Preliminary ballot (60 contributors)
cramedo01,2003,Veterans - Players,,,,N,Player,Preliminary ballot (200 players)
cramedo01,2005,Veterans - Players,,,,N,Player,Preliminary ballot (200 players)
cramedo01,2007,Veterans - Players,,,,N,Player,Preliminary ballot (200 players)
crandde01,2003,Veterans - Players,,,,N,Player,Preliminary ballot (200 players)
crandde01,2005,Veterans - Players,,,,N,Player,Preliminary ballot (200 players)
crandde01,2007,Veterans - Players,,,,N,Player,Preliminary ballot (200 players)
cravaga01,2003,Veterans - Players,,,,N,Player,Preliminary ballot (200 players)
cravaga01,2005,Veterans - Players,,,,N,Player,Preliminary ballot (200 players)
cravaga01,2007,Veterans - Players,,,,N,Player,Preliminary ballot (200 players)
crawfca02,2022,BBWAA,394.0,296.0,0.0,N,Player,
crossla01,2003,Veterans - Players,,,,N,Player,Preliminary ballot (200 players)
crossla01,2005,Veterans - Players,,,,N,Player,Preliminary ballot (200 players)
crossla01,2007,Veterans - Players,,,,N,Player,Preliminary ballot (200 players)
cuddymi01,2021,BBWAA,401.0,301.0,0.0,N,Player,
cuellmi01,2003,Veterans - Players,,,,N,Player,Preliminary ballot (200 players)
cuellmi01,2005,Veterans - Players,,,,N,Player,Preliminary ballot (200 players)
cuellmi01,2007,Veterans - Players,,,,N,Player,Preliminary ballot (200 players)
cuellmi01,2009,Veterans - 1943 and Later,,,,N,Player,Preliminary poll
dahlebi01,2003,Veterans - Players,,,,N,Player,Preliminary ballot (200 players)
dahlebi01,2005,Veterans - Players,,,,N,Player,Preliminary ballot (200 players)
dahlebi01,2007,Veterans - Players,,,,N,Player,Preliminary ballot (200 players)
dahlebi01,2009,Veterans - Pre-1943,12.0,9.0,,N,Player,<3 votes
dahlebi01,2013,Veterans - Pre-Integration Era,16.0,12.0,10.0,N,Player,
dahlebi01,2016,Veterans - Pre-Integration Era,16.0,12.0,8.0,N,Player,
dahlebi01,2022,Veterans - Early Baseball Era,16.0,12.0,,N,Player,<4 votes
daltoha99,2003,Veterans - Contributors,79.0,60.0,6.0,N,Executive,
daltoha99,2007,Veterans - Contributors,81.0,61.0,8.0,,Executive,
damonjo01,2018,BBWAA,422.0,317.0,8.0,N,Player,
darkal01,2003,Veterans - Players,,,,N,Player,Preliminary ballot (200 players)
darkal01,2005,Veterans - Players,,,,N,Player,Preliminary ballot (200 players)
darkal01,2007,Veterans - Players,,,,N,Player,Preliminary ballot (200 players)
darliro01,2001,BBWAA,515.0,387.0,1.0,N,Player,
darwida01,2004,BBWAA,506.0,380.0,0.0,N,Player,
daubeja01,2003,Veterans - Players,,,,N,Player,Preliminary ballot (200 players)
daubeja01,2005,Veterans - Players,,,,N,Player,Preliminary ballot (200 players)
daubeja01,2007,Veterans - Players,,,,N,Player,Preliminary ballot (200 players)
daultda01,2003,BBWAA,496.0,372.0,1.0,N,Player,
davisch01,2005,BBWAA,516.0,387.0,3.0,N,Player,
daviser01,2007,BBWAA,545.0,409.0,3.0,N,Player,
davisma01,2003,BBWAA,496.0,372.0,1.0,N,Player,
davisto02,2003,Veterans - Players,,,,N,Player,Preliminary ballot (200 players)
davisto02,2005,Veterans - Players,,,,N,Player,Preliminary ballot (200 players)
davisto02,2007,Veterans - Players,,,,N,Player,Preliminary ballot (200 players)
daviswi02,2003,Veterans - Players,,,,N,Player,Preliminary ballot (200 players)
daviswi02,2005,Veterans - Players,,,,N,Player,Preliminary ballot (200 players)
daviswi02,2007,Veterans - Players,,,,N,Player,Preliminary ballot (200 players)
dawsoan01,2002,BBWAA,472.0,354.0,214.0,N,Player,
dawsoan01,2003,BBWAA,496.0,372.0,248.0,N,Player,
dawsoan01,2004,BBWAA,506.0,380.0,253.0,N,Player,
dawsoan01,2005,BBWAA,516.0,387.0,270.0,N,Player,
dawsoan01,2006,BBWAA,520.0,390.0,317.0,N,Player,
dawsoan01,2007,BBWAA,545.0,409.0,309.0,N,Player,
dawsoan01,2008,BBWAA,543.0,408.0,358.0,N,Player,
dawsoan01,2009,BBWAA,539.0,405.0,361.0,N,Player,
dawsoan01,2010,BBWAA,539.0,405.0,420.0,Y,Player,
delgaca01,2015,BBWAA,549.0,412.0,21.0,N,Player,
delgaca01,2026,Contemporary Baseball Era,16.0,12.0,9.0,N,Player,
derripa01,2003,Veterans - Players,,,,N,Player,Preliminary ballot (200 players)
derripa01,2005,Veterans - Players,,,,N,Player,Preliminary ballot (200 players)
derripa01,2007,Veterans - Players,,,,N,Player,Preliminary ballot (200 players)
deshaji01,2001,BBWAA,515.0,387.0,1.0,N,Player,
devinbi99,2007,Veterans - Contributors,,,,N,Executive,Preliminary ballot (60 contributors)
dickera01,2023,BBWAA,389.0,292.0,1.0,N,Player,
dimagdo01,2000,Veterans,,,,N,Player,
dimagdo01,2001,Veterans,,,,N,Player,
dimagdo01,2003,Veterans - Players,,,,N,Player,Preliminary ballot (200 players)
dimagdo01,2005,Veterans - Players,,,,N,Player,Preliminary ballot (200 players)
dimagdo01,2007,Veterans - Players,,,,N,Player,Preliminary ballot (200 players)
dinnebi01,2003,Veterans - Contributors,,,,N,Umpire,Preliminary ballot (60 contributors)
dinnebi01,2007,Veterans - Contributors,,,,N,Umpire,Preliminary ballot (60 contributors)
disarga01,2006,BBWAA,520.0,390.0,0.0,N,Player,
dixonra01,2006,Negro League,,,,N,Player,
donaljo01,2006,Negro League,,,,N,Player,
donaljo01,2022,Veterans - Early Baseball Era,16.0,12.0,8.0,N,Player,
donaljo03,2025,Classic Baseball Era,16.0,12.0,,N,Player,<5 votes
donovpa01,2003,Veterans - Players,,,,N,Player,Preliminary ballot (200 players)
donovpa01,2005,Veterans - Players,,,,N,Player,Preliminary ballot (200 players)
donovpa01,2007,Veterans - Players,,,,N,Player,Preliminary ballot (200 players)
doylela01,2005,Veterans - Players,,,,N,Player,Preliminary ballot (200 players)
doylela01,2007,Veterans - Players,,,,N,Player,Preliminary ballot (200 players)
drabedo01,2004,BBWAA,506.0,380.0,2.0,N,Player,
dressch01,2003,Veterans - Contributors,,,,N,Manager,Preliminary ballot (60 contributors)
dressch01,2007,Veterans - Contributors,,,,N,Manager,Preliminary ballot (60 contributors)
drewjd01,2017,BBWAA,442.0,332.0,0.0,N,Player,
dreyfba99,2000,Veterans,,,,N,Executive,
dreyfba99,2003,Veterans - Contributors,,,,N,Executive,Preliminary ballot (60 contributors)
dreyfba99,2007,Veterans - Contributors,,,,N,Executive,Preliminary ballot (60 contributors)
dreyfba99,2008,Veterans - Executives,12.0,9.0,10.0,Y,Executive,
dunnad01,2020,BBWAA,397.0,298.0,1.0,N,Player,
dunstsh01,2008,BBWAA,543.0,408.0,1.0,N,Player,
durhara01,2014,BBWAA,571.0,429.0,0.0,N,Player,
dyeje01,2015,BBWAA,549.0,412.0,0.0,N,Player,
dykesji01,2003,Veterans - Players,,,,N,Player,Preliminary ballot (200 players)
dykesji01,2005,Veterans - Players,,,,N,Player,Preliminary ballot (200 players)
dykesji01,2007,Veterans - Players,,,,N,Player,Preliminary ballot (200 players)
dykstle01,2002,BBWAA,472.0,354.0,1.0,N,Player,
eckerde01,2004,BBWAA,506.0,380.0,421.0,Y,Player,
eckstda01,2016,BBWAA,440.0,330.0,2.0,N,Player,
edmonji01,2016,BBWAA,440.0,330.0,11.0,N,Player,
eisenji01,2004,BBWAA,506.0,380.0,3.0,N,Player,
elliobo01,2003,Veterans - Players,,,,N,Player,Preliminary ballot (200 players)
elliobo01,2005,Veterans - Players,,,,N,Player,Preliminary ballot (200 players)
elliobo01,2007,Veterans - Players,,,,N,Player,Preliminary ballot (200 players)
ellsbja01,2023,BBWAA,389.0,292.0,0.0,N,Player,
ennisde01,2003,Veterans - Players,,,,N,Player,Preliminary ballot (200 players)
ennisde01,2005,Veterans - Players,,,,N,Player,Preliminary ballot (200 players)
ennisde01,2007,Veterans - Players,,,,N,Player,Preliminary ballot (200 players)
erskica01,2003,Veterans - Players,,,,N,Player,Preliminary ballot (200 players)
erskica01,2005,Veterans - Players,,,,N,Player,Preliminary ballot (200 players)
erskica01,2007,Veterans - Players,,,,N,Player,Preliminary ballot (200 players)
erstada01,2015,BBWAA,549.0,412.0,1.0,N,Player,
ethiean01,2023,BBWAA,389.0,292.0,0.0,N,Player,
evansdw01,2020,Veterans - Modern Baseball Era,16.0,12.0,8.0,N,Player,
facero01,2003,Veterans - Players,,,,N,Player,Preliminary ballot (200 players)
facero01,2005,Veterans - Players,,,,N,Player,Preliminary ballot (200 players)
facero01,2007,Veterans - Players,,,,N,Player,Preliminary ballot (200 players)
feenech99,2003,Veterans - Contributors,,,,N,Executive,Preliminary ballot (60 contributors)
feenech99,2007,Veterans - Contributors,,,,N,Executive,Preliminary ballot (60 contributors)
fernaal01,2006,BBWAA,520.0,390.0,0.0,N,Player,
fernasi01,2003,BBWAA,496.0,372.0,2.0,N,Player,
fernato01,2007,BBWAA,545.0,409.0,4.0,N,Player,
ferrewe01,2003,Veterans - Players,81.0,61.0,12.0,N,Player,
ferrewe01,2005,Veterans - Players,80.0,60.0,9.0,N,Player,
ferrewe01,2007,Veterans - Players,84.0,62.0,7.0,N,Player,
ferrewe01,2009,Veterans - Pre-1943,12.0,9.0,6.0,N,Player,
ferrewe01,2013,Veterans - Pre-Integration Era,16.0,12.0,,N,Player,<3 votes
ferrewe01,2016,Veterans - Pre-Integration Era,16.0,12.0,,N,Player,<4 votes
fetzejo99,2003,Veterans - Contributors,,,,N,Executive,Preliminary ballot (60 contributors)
fetzejo99,2007,Veterans - Contributors,,,,N,Executive,Preliminary ballot (60 contributors)
fetzejo99,2008,Veterans - Executives,12.0,9.0,4.0,N,Executive,
fetzejo99,2010,Veterans - Executives,16.0,12.0,8.0,N,Executive,
fieldce01,2004,BBWAA,506.0,380.0,1.0,N,Player,
fieldpr01,2022,BBWAA,394.0,296.0,2.0,N,Player,
figgich01,2020,BBWAA,397.0,298.0,0.0,N,Player,
finlech01,2008,BBWAA,543.0,408.0,1.0,N,Player,
finlech99,2003,Veterans - Contributors,79.0,60.0,9.0,N,Executive,
finlech99,2007,Veterans - Contributors,81.0,61.0,10.0,,Executive,
finlech99,2012,Veterans - Golden Era,16.0,12.0,,N,Executive,<3 votes
finlest01,2013,BBWAA,569.0,427.0,4.0,N,Player,
fiskca01,2000,BBWAA,499.0,375.0,397.0,Y,Player,
fitzsfr01,2003,Veterans - Players,,,,N,Player,Preliminary ballot (200 players)
fitzsfr01,2005,Veterans - Players,,,,N,Player,Preliminary ballot (200 players)
fitzsfr01,2007,Veterans - Players,,,,N,Player,Preliminary ballot (200 players)
floodcu01,2003,Veterans - Players,81.0,61.0,10.0,N,Player,
floodcu01,2005,Veterans - Players,80.0,60.0,10.0,N,Player,
floodcu01,2007,Veterans - Players,84.0,62.0,14.0,N,Player,
floydcl01,2015,BBWAA,549.0,412.0,0.0,N,Player,
fowlebu99,2022,Veterans - Early Baseball Era,16.0,12.0,12.0,Y,Executive,
francjo01,2011,BBWAA,581.0,436.0,27.0,N,Player,
francju02,2013,BBWAA,569.0,427.0,6.0,N,Player,
freehbi01,2003,Veterans - Players,,,,N,Player,Preliminary ballot (200 players)
freehbi01,2005,Veterans - Players,,,,N,Player,Preliminary ballot (200 players)
freehbi01,2007,Veterans - Players,,,,N,Player,Preliminary ballot (200 players)
fregoji01,2003,Veterans - Players,,,,N,Player,Preliminary ballot (200 players)
fregoji01,2005,Veterans - Players,,,,N,Player,Preliminary ballot (200 players)
fregoji01,2007,Veterans - Players,,,,N,Player,Preliminary ballot (200 players)
frencla01,2003,Veterans - Players,,,,N,Player,Preliminary ballot (200 players)
frymatr01,2008,BBWAA,543.0,408.0,2.0,N,Player,
furcara01,2020,BBWAA,397.0,298.0,0.0,N,Player,
furilca01,2003,Veterans - Players,,,,N,Player,Preliminary ballot (200 players)
furilca01,2005,Veterans - Players,,,,N,Player,Preliminary ballot (200 players)
furilca01,2007,Veterans - Players,,,,N,Player,Preliminary ballot (200 players)
gaettga01,2006,BBWAA,520.0,390.0,4.0,N,Player,
gagneer01,2014,BBWAA,571.0,429.0,2.0,N,Player,
galaran01,2010,BBWAA,539.0,405.0,22.0,N,Player,
galbrjo99,2003,Veterans - Contributors,,,,N,Executive,Preliminary ballot (60 contributors)
gantro01,2009,BBWAA,539.0,405.0,0.0,N,Player,
garcifr02,2019,BBWAA,425.0,319.0,0.0,N,Player,
garcimi01,2003,Veterans - Players,,,,N,Player,Preliminary ballot (200 players)
garcimi01,2005,Veterans - Players,,,,N,Player,Preliminary ballot (200 players)
garcimi01,2007,Veterans - Players,,,,N,Player,Preliminary ballot (200 players)
garcino01,2015,BBWAA,549.0,412.0,30.0,N,Player,
garcino01,2016,BBWAA,440.0,330.0,8.0,N,Player,
garlajo01,2019,BBWAA,425.0,319.0,0.0,N,Player,
garvest01,2000,BBWAA,499.0,375.0,160.0,N,Player,
garvest01,2001,BBWAA,515.0,387.0,176.0,N,Player,
garvest01,2002,BBWAA,472.0,354.0,134.0,N,Player,
garvest01,2003,BBWAA,496.0,372.0,138.0,N,Player,
garvest01,2004,BBWAA,506.0,380.0,123.0,N,Player,
garvest01,2005,BBWAA,516.0,387.0,106.0,N,Player,
garvest01,2006,BBWAA,520.0,390.0,135.0,N,Player,
garvest01,2007,BBWAA,545.0,409.0,115.0,N,Player,
garvest01,2009,Veterans - 1943 and Later,,,,N,Player,Preliminary poll
garvest01,2011,Veterans - Expansion Era,16.0,12.0,,N,Player,<8 votes
garvest01,2014,Veterans - Expansion Era,16.0,12.0,,N,Player,<6 votes
garvest01,2018,Veterans - Modern Baseball Era,16.0,12.0,,N,Player,<7 votes
garvest01,2020,Veterans - Modern Baseball Era,16.0,12.0,6.0,N,Player,
garvest01,2025,Classic Baseball Era,16.0,12.0,,N,Player,<5 votes
gastoci01,2024,Contemporary Baseball Era Non-Players,16.0,12.0,,N,Manager,<5 votes
giambja01,2020,BBWAA,397.0,298.0,6.0,N,Player,
gibsoki01,2001,BBWAA,515.0,387.0,13.0,N,Player,
gilesbr02,2015,BBWAA,549.0,412.0,0.0,N,Player,
gilliji01,2003,Veterans - Players,,,,N,Player,Preliminary ballot (200 players)
gilliji01,2005,Veterans - Players,,,,N,Player,Preliminary ballot (200 players)
gilliji01,2007,Veterans - Players,,,,N,Player,Preliminary ballot (200 players)
gillipa99,2011,Veterans - Expansion Era,16.0,12.0,13.0,Y,Executive,
glassja01,2003,Veterans - Players,,,,N,Player,Preliminary ballot (200 players)
glassja01,2005,Veterans - Players,,,,N,Player,Preliminary ballot (200 players)
glassja01,2007,Veterans - Players,,,,N,Player,Preliminary ballot (200 players)
glaustr01,2016,BBWAA,440.0,330.0,0.0,N,Player,
glavito02,2014,BBWAA,571.0,429.0,525.0,Y,Player,
goetzla99,2003,Veterans - Contributors,,,,N,Umpire,Preliminary ballot (60 contributors)
gonzaad01,2024,BBWAA,385.0,289.0,3.0,N,Player,
gonzaca01,2025,BBWAA,394.0,296.0,2.0,N,Player,
gonzaju03,2011,BBWAA,581.0,436.0,30.0,N,Player,
gonzaju03,2012,BBWAA,573.0,430.0,23.0,N,Player,
gonzalu01,2014,BBWAA,571.0,429.0,5.0,N,Player,
goodedw01,2006,BBWAA,520.0,390.0,17.0,N,Player,
gordojo01,2003,Veterans - Players,81.0,61.0,19.0,N,Player,
gordojo01,2005,Veterans - Players,80.0,60.0,14.0,N,Player,
gordojo01,2007,Veterans - Players,84.0,62.0,10.0,N,Player,
gordojo01,2009,Veterans - Pre-1943,12.0,9.0,10.0,Y,Player,
gordoto01,2015,BBWAA,549.0,412.0,2.0,N,Player,
gossari01,2000,BBWAA,499.0,375.0,166.0,N,Player,
gossari01,2001,BBWAA,515.0,387.0,228.0,N,Player,
gossari01,2002,BBWAA,472.0,354.0,203.0,N,Player,
gossari01,2003,BBWAA,496.0,372.0,209.0,N,Player,
gossari01,2004,BBWAA,506.0,380.0,206.0,N,Player,
gossari01,2005,BBWAA,516.0,387.0,285.0,N,Player,
gossari01,2006,BBWAA,520.0,390.0,336.0,N,Player,
gossari01,2007,BBWAA,545.0,409.0,388.0,N,Player,
gossari01,2008,BBWAA,543.0,408.0,466.0,Y,Player,
gracema01,2009,BBWAA,539.0,405.0,22.0,N,Player,
grandcu01,2025,BBWAA,394.0,296.0,3.0,N,Player,
grantfr99,2006,Negro League,,,,Y,Player,
greenmi01,2002,BBWAA,472.0,354.0,2.0,N,Player,
greensh01,2013,BBWAA,569.0,427.0,2.0,N,Player,
griffca99,2003,Veterans - Contributors,,,,N,Executive,Preliminary ballot (60 contributors)
griffca99,2007,Veterans - Contributors,,,,N,Executive,Preliminary ballot (60 contributors)
griffke02,2016,BBWAA,440.0,330.0,437.0,Y,Player,
grimmch01,2003,Veterans - Players,,,,N,Player,Preliminary ballot (200 players)
grimmch01,2005,Veterans - Players,,,,N,Player,Preliminary ballot (200 players)
grimmch01,2007,Veterans - Contributors,,,,N,Manager,Preliminary ballot (60 contributors)
grimmch01,2010,Veterans - Managers and Umpires,16.0,12.0,3.0,N,Manager,
grissma02,2011,BBWAA,581.0,436.0,4.0,N,Player,
groatdi01,2003,Veterans - Players,,,,N,Player,Preliminary ballot (200 players)
groatdi01,2005,Veterans - Players,,,,N,Player,Preliminary ballot (200 players)
groatdi01,2007,Veterans - Players,,,,N,Player,Preliminary ballot (200 players)
grohhe01,2003,Veterans - Players,,,,N,Player,Preliminary ballot (200 players)
grohhe01,2005,Veterans - Players,,,,N,Player,Preliminary ballot (200 players)
grohhe01,2007,Veterans - Players,,,,N,Player,Preliminary ballot (200 players)
grudzma01,2016,BBWAA,440.0,330.0,0.0,N,Player,
guarded01,2015,BBWAA,549.0,412.0,0.0,N,Player,
guerrvl01,2017,BBWAA,442.0,332.0,317.0,N,Player,
guerrvl01,2018,BBWAA,422.0,317.0,392.0,Y,Player,
guidrro01,2000,BBWAA,499.0,375.0,44.0,N,Player,
guidrro01,2001,BBWAA,515.0,387.0,27.0,N,Player,
guidrro01,2002,BBWAA,472.0,354.0,23.0,N,Player,
guidrro01,2011,Veterans - Expansion Era,16.0,12.0,,N,Player,<8 votes
guillca01,2017,BBWAA,442.0,332.0,0.0,N,Player,
guilloz01,2006,BBWAA,520.0,390.0,5.0,N,Player,
gullibi01,2000,BBWAA,499.0,375.0,1.0,N,Player,
gwynnto01,2007,BBWAA,545.0,409.0,532.0,Y,Player,
hackst01,2003,Veterans - Players,,,,N,Player,Preliminary ballot (200 players)
hackst01,2005,Veterans - Players,,,,N,Player,Preliminary ballot (200 players)
hackst01,2007,Veterans - Players,,,,N,Player,Preliminary ballot (200 players)
haddiha01,2003,Veterans - Players,,,,N,Player,Preliminary ballot (200 players)
haddiha01,2005,Veterans - Players,,,,N,Player,Preliminary ballot (200 players)
hafnetr01,2019,BBWAA,425.0,319.0,0.0,N,Player,
hallaro01,2019,BBWAA,425.0,319.0,363.0,Y,Player,
hamptmi01,2016,BBWAA,440.0,330.0,0.0,N,Player,
haneyfr01,2003,Veterans - Contributors,,,,N,Manager,Preliminary ballot (60 contributors)
hardeme01,2000,Veterans,,,,N,Player,
hardeme01,2003,Veterans - Players,,,,N,Player,Preliminary ballot (200 players)
hardeme01,2005,Veterans - Players,,,,N,Player,Preliminary ballot (200 players)
hardeme01,2007,Veterans - Players,,,,N,Player,Preliminary ballot (200 players)
hardyjj01,2023,BBWAA,389.0,292.0,0.0,N,Player,
harenda01,2021,BBWAA,401.0,301.0,0.0,N,Player,
harrile01,2011,BBWAA,581.0,436.0,0.0,N,Player,
harrivi01,2022,Veterans - Early Baseball Era,16.0,12.0,10.0,N,Player,
harrivi01,2025,Classic Baseball Era,16.0,12.0,,N,Player,<5 votes
harvedo99,2000,Veterans,,,,N,Umpire,
harvedo99,2003,Veterans - Contributors,79.0,60.0,48.0,N,Umpire,
harvedo99,2007,Veterans - Contributors,81.0,61.0,52.0,,Umpire,
harvedo99,2008,Veterans - Managers and Umpires,16.0,12.0,11.0,N,Umpire,
harvedo99,2010,Veterans - Managers and Umpires,16.0,12.0,15.0,Y,Umpire,
hawkila01,2021,BBWAA,401.0,301.0,2.0,N,Player,
heathje01,2003,Veterans - Players,,,,N,Player,Preliminary ballot (200 players)
heathje01,2005,Veterans - Players,,,,N,Player,Preliminary ballot (200 players)
heathje01,2007,Veterans - Players,,,,N,Player,Preliminary ballot (200 players)
heltoto01,2019,BBWAA,425.0,319.0,70.0,N,Player,
heltoto01,2020,BBWAA,397.0,298.0,116.0,N,Player,
heltoto01,2021,BBWAA,401.0,301.0,180.0,N,Player,
heltoto01,2022,BBWAA,394.0,296.0,205.0,N,Player,
heltoto01,2023,BBWAA,389.0,292.0,281.0,N,Player,
heltoto01,2024,BBWAA,385.0,289.0,307.0,Y,Player,
hendeda01,2000,BBWAA,499.0,375.0,2.0,N,Player,
henderi01,2009,BBWAA,539.0,405.0,511.0,Y,Player,
henketo01,2001,BBWAA,515.0,387.0,6.0,N,Player,
hennemi01,2002,BBWAA,472.0,354.0,0.0,N,Player,
henrito01,2003,Veterans - Players,,,,N,Player,Preliminary ballot (200 players)
henrito01,2005,Veterans - Players,,,,N,Player,Preliminary ballot (200 players)
henrito01,2007,Veterans - Players,,,,N,Player,Preliminary ballot (200 players)
hentgpa01,2010,BBWAA,539.0,405.0,1.0,N,Player,
hermaba01,2003,Veterans - Players,,,,N,Player,Preliminary ballot (200 players)
hermaba01,2005,Veterans - Players,,,,N,Player,Preliminary ballot (200 players)
hermaba01,2007,Veterans - Players,,,,N,Player,Preliminary ballot (200 players)
hernafe02,2025,BBWAA,394.0,296.0,81.0,N,Player,
hernake01,2000,BBWAA,499.0,375.0,52.0,N,Player,
hernake01,2001,BBWAA,515.0,387.0,41.0,N,Player,
hernake01,2002,BBWAA,472.0,354.0,29.0,N,Player,
hernake01,2003,BBWAA,496.0,372.0,30.0,N,Player,
hernake01,2004,BBWAA,506.0,380.0,22.0,N,Player,
hernali01,2018,BBWAA,422.0,317.0,1.0,N,Player,
hernaro01,2013,BBWAA,569.0,427.0,0.0,N,Player,
herrmau99,2003,Veterans - Contributors,,,,N,Executive,Preliminary ballot (60 contributors)
herrmau99,2007,Veterans - Contributors,,,,N,Executive,Preliminary ballot (60 contributors)
herrmau99,2016,Veterans - Pre-Integration Era,16.0,12.0,,N,Executive,<4 votes
hershor01,2006,BBWAA,520.0,390.0,58.0,N,Player,
hershor01,2007,BBWAA,545.0,409.0,24.0,N,Player,
hershor01,2017,Veterans - Today's Game Era,16.0,12.0,,N,Player,<5 votes
hershor01,2019,Veterans - Today's Game Era,16.0,12.0,,N,Player,<5 votes
herzowh01,2000,Veterans,,,,N,Manager,
herzowh01,2001,Veterans,,,,N,Manager,
herzowh01,2003,Veterans - Contributors,79.0,60.0,25.0,N,Manager,
herzowh01,2007,Veterans - Contributors,81.0,61.0,29.0,,Manager,
herzowh01,2008,Veterans - Managers and Umpires,16.0,12.0,11.0,N,Manager,
herzowh01,2010,Veterans - Managers and Umpires,16.0,12.0,14.0,Y,Manager,
heydljo99,2003,Veterans - Contributors,,,,N,Executive,Preliminary ballot (60 contributors)
heydljo99,2007,Veterans - Contributors,,,,N,Executive,Preliminary ballot (60 contributors)
higgibo02,2011,BBWAA,581.0,436.0,0.0,N,Player,
higgipi01,2003,Veterans - Players,,,,N,Player,Preliminary ballot (200 players)
higgipi01,2005,Veterans - Players,,,,N,Player,Preliminary ballot (200 players)
hillejo01,2003,Veterans - Players,,,,N,Player,Preliminary ballot (200 players)
hillejo01,2005,Veterans - Players,,,,N,Player,Preliminary ballot (200 players)
hillejo01,2007,Veterans - Players,,,,N,Player,Preliminary ballot (200 players)
hillpe99,2006,Negro League,,,,Y,Player,
hodgegi01,2000,Veterans,,,,N,Player,
hodgegi01,2001,Veterans,,,,N,Player,
hodgegi01,2003,Veterans - Players,81.0,61.0,50.0,N,Player,
hodgegi01,2005,Veterans - Players,80.0,60.0,52.0,N,Player,
hodgegi01,2007,Veterans - Players,84.0,62.0,50.0,N,Player,
hodgegi01,2009,Veterans - 1943 and Later,64.0,48.0,28.0,N,Player,
hodgegi01,2012,Veterans - Golden Era,16.0,12.0,9.0,N,Player,
hodgegi01,2015,Veterans - Golden Era,16.0,12.0,,N,Player,<3 votes
hodgegi01,2022,Veterans - Golden Age Era,16.0,12.0,12.0,Y,Player,
hoffmtr01,2016,BBWAA,440.0,330.0,296.0,N,Player,
hoffmtr01,2017,BBWAA,442.0,332.0,327.0,N,Player,
hoffmtr01,2018,BBWAA,422.0,317.0,337.0,Y,Player,
hollima01,2024,BBWAA,385.0,289.0,4.0,N,Player,
holtzke01,2003,Veterans - Players,,,,N,Player,Preliminary ballot (200 players)
holtzke01,2005,Veterans - Players,,,,N,Player,Preliminary ballot (200 players)
holtzke01,2007,Veterans - Players,,,,N,Player,Preliminary ballot (200 players)
honeyri01,2003,BBWAA,496.0,372.0,2.0,N,Player,
hootobu01,2007,Veterans - Players,,,,N,Player,Preliminary ballot (200 players)
hortowi01,2003,Veterans - Players,,,,N,Player,Preliminary ballot (200 players)
hortowi01,2005,Veterans - Players,,,,N,Player,Preliminary ballot (200 players)
hortowi01,2007,Veterans - Players,,,,N,Player,Preliminary ballot (200 players)
houghch01,2000,BBWAA,499.0,375.0,4.0,N,Player,
houkra01,2003,Veterans - Contributors,,,,N,Manager,Preliminary ballot (60 contributors)
houkra01,2007,Veterans - Contributors,,,,N,Manager,Preliminary ballot (60 contributors)
howarel01,2003,Veterans - Players,81.0,61.0,6.0,N,Player,
howarel01,2005,Veterans - Players,80.0,60.0,6.0,N,Player,
howarel01,2007,Veterans - Players,,,,N,Player,Preliminary ballot (200 players)
howarfr01,2003,Veterans - Players,,,,N,Player,Preliminary ballot (200 players)
howarfr01,2005,Veterans - Players,,,,N,Player,Preliminary ballot (200 players)
howarfr01,2007,Veterans - Players,,,,N,Player,Preliminary ballot (200 players)
howarry01,2022,BBWAA,394.0,296.0,8.0,N,Player,
howsabo99,2003,Veterans - Contributors,,,,N,Executive,Preliminary ballot (60 contributors)
howsabo99,2007,Veterans - Contributors,,,,N,Executive,Preliminary ballot (60 contributors)
howsabo99,2008,Veterans - Executives,12.0,9.0,3.0,N,Executive,
howsabo99,2010,Veterans - Executives,16.0,12.0,,N,Executive,<3 votes
howsabo99,2015,Veterans - Golden Era,16.0,12.0,,N,Executive,<3 votes
hoydu01,2003,Veterans - Players,,,,N,Player,Preliminary ballot (200 players)
hoydu01,2005,Veterans - Players,,,,N,Player,Preliminary ballot (200 players)
hoydu01,2007,Veterans - Players,,,,N,Player,Preliminary ballot (200 players)
hrbekke01,2000,BBWAA,499.0,375.0,5.0,N,Player,
hudsoor01,2018,BBWAA,422.0,317.0,0.0,N,Player,
hudsoti01,2021,BBWAA,401.0,301.0,21.0,N,Player,
hudsoti01,2022,BBWAA,394.0,296.0,12.0,N,Player,
huffau01,2018,BBWAA,422.0,317.0,0.0,N,Player,
hughesa01,2006,Negro League,,,,N,Player,
hunteto01,2021,BBWAA,401.0,301.0,38.0,N,Player,
hunteto01,2022,BBWAA,394.0,296.0,21.0,N,Player,
hunteto01,2023,BBWAA,389.0,292.0,27.0,N,Player,
hunteto01,2024,BBWAA,385.0,289.0,28.0,N,Player,
hunteto01,2025,BBWAA,394.0,296.0,20.0,N,Player,
hurstbr01,2000,BBWAA,499.0,375.0,1.0,N,Player,
hutchfr01,2003,Veterans - Contributors,,,,N,Manager,Preliminary ballot (60 contributors)
hutchfr01,2007,Veterans - Contributors,,,,N,Manager,Preliminary ballot (60 contributors)
ibanera01,2020,BBWAA,397.0,298.0,1.0,N,Player,
isrinja01,2018,BBWAA,422.0,317.0,0.0,N,Player,
jacksda02,2003,BBWAA,496.0,372.0,0.0,N,Player,
jacksla01,2003,Veterans - Players,,,,N,Player,Preliminary ballot (200 players)
jacksla01,2005,Veterans - Players,,,,N,Player,Preliminary ballot (200 players)
jacksla01,2007,Veterans - Players,,,,N,Player,Preliminary ballot (200 players)
jacksmi02,2010,BBWAA,539.0,405.0,0.0,N,Player,
javieju01,2003,Veterans - Players,,,,N,Player,Preliminary ballot (200 players)
jeffegr01,2006,BBWAA,520.0,390.0,2.0,N,Player,
jenkifa01,2006,Negro League,,,,N,Player,
jenseja01,2003,Veterans - Players,,,,N,Player,Preliminary ballot (200 players)
jenseja01,2005,Veterans - Players,,,,N,Player,Preliminary ballot (200 players)
jenseja01,2007,Veterans - Players,,,,N,Player,Preliminary ballot (200 players)
jeterde01,2020,BBWAA,397.0,298.0,396.0,Y,Player,
jethrsa01,2003,Veterans - Players,,,,N,Player,Preliminary ballot (200 players)
jethrsa01,2005,Veterans - Players,,,,N,Player,Preliminary ballot (200 players)
jethrsa01,2007,Veterans - Players,,,,N,Player,Preliminary ballot (200 players)
johnsbo01,2003,Veterans - Players,,,,N,Player,Preliminary ballot (200 players)
johnsbo01,2005,Veterans - Players,,,,N,Player,Preliminary ballot (200 players)
johnsbo01,2007,Veterans - Players,,,,N,Player,Preliminary ballot (200 players)
johnsch04,2011,BBWAA,581.0,436.0,0.0,N,Player,
johnsda02,2003,Veterans - Players,,,,N,Player,Preliminary ballot (200 players)
johnsda02,2005,Veterans - Players,,,,N,Player,Preliminary ballot (200 players)
johnsda02,2007,Veterans - Contributors,,,,N,Manager,Preliminary ballot (60 contributors)
johnsda02,2008,Veterans - Managers and Umpires,16.0,12.0,,N,Manager,<3 votes
johnsda02,2010,Veterans - Managers and Umpires,16.0,12.0,,N,Manager,<3 votes
johnsda02,2017,Veterans - Today's Game Era,16.0,12.0,,N,Manager,<5 votes
johnsda02,2019,Veterans - Today's Game Era,16.0,12.0,,N,Manager,<5 votes
johnsda02,2024,Contemporary Baseball Era Non-Players,16.0,12.0,,N,Manager,<5 votes
johnsgr02,2006,Negro League,,,,N,Player,
johnsgr02,2022,Veterans - Early Baseball Era,16.0,12.0,,N,Player,<4 votes
johnsho01,2001,BBWAA,515.0,387.0,0.0,N,Player,
johnsra05,2015,BBWAA,549.0,412.0,534.0,Y,Player,
johnto01,2000,BBWAA,499.0,375.0,135.0,N,Player,
johnto01,2001,BBWAA,515.0,387.0,146.0,N,Player,
johnto01,2002,BBWAA,472.0,354.0,127.0,N,Player,
johnto01,2003,BBWAA,496.0,372.0,116.0,N,Player,
johnto01,2004,BBWAA,506.0,380.0,111.0,N,Player,
johnto01,2005,BBWAA,516.0,387.0,123.0,N,Player,
johnto01,2006,BBWAA,520.0,390.0,154.0,N,Player,
johnto01,2007,BBWAA,545.0,409.0,125.0,N,Player,
johnto01,2008,BBWAA,543.0,408.0,158.0,N,Player,
johnto01,2009,BBWAA,539.0,405.0,171.0,N,Player,
johnto01,2011,Veterans - Expansion Era,16.0,12.0,,N,Player,<8 votes
johnto01,2014,Veterans - Expansion Era,16.0,12.0,,N,Player,<6 votes
johnto01,2018,Veterans - Modern Baseball Era,16.0,12.0,,N,Player,<7 votes
johnto01,2020,Veterans - Modern Baseball Era,16.0,12.0,,N,Player,<3 votes
johnto01,2025,Classic Baseball Era,16.0,12.0,7.0,N,Player,
jonesad01,2025,BBWAA,394.0,296.0,3.0,N,Player,
jonesan01,2018,BBWAA,422.0,317.0,31.0,N,Player,
jonesan01,2019,BBWAA,425.0,319.0,32.0,N,Player,
jonesan01,2020,BBWAA,397.0,298.0,77.0,N,Player,
jonesan01,2021,BBWAA,401.0,301.0,136.0,N,Player,
jonesan01,2022,BBWAA,394.0,296.0,163.0,N,Player,
jonesan01,2023,BBWAA,389.0,292.0,226.0,N,Player,
jonesan01,2024,BBWAA,385.0,289.0,237.0,N,Player,
jonesan01,2025,BBWAA,394.0,296.0,261.0,N,Player,
jonesch06,2018,BBWAA,422.0,317.0,410.0,Y,Player,
jonesdo01,2006,BBWAA,520.0,390.0,2.0,N,Player,
jonesja05,2014,BBWAA,571.0,429.0,1.0,N,Player,
jonesto02,2014,BBWAA,571.0,429.0,0.0,N,Player,
jordabr01,2012,BBWAA,573.0,430.0,0.0,N,Player,
joynewa01,2007,BBWAA,545.0,409.0,0.0,N,Player,
judgejo01,2003,Veterans - Players,,,,N,Player,Preliminary ballot (200 players)
judgejo01,2005,Veterans - Players,,,,N,Player,Preliminary ballot (200 players)
judgejo01,2007,Veterans - Players,,,,N,Player,Preliminary ballot (200 players)
justida01,2008,BBWAA,543.0,408.0,1.0,N,Player,
kaatji01,2000,BBWAA,499.0,375.0,125.0,N,Player,
kaatji01,2001,BBWAA,515.0,387.0,135.0,N,Player,
kaatji01,2002,BBWAA,472.0,354.0,109.0,N,Player,
kaatji01,2003,BBWAA,496.0,372.0,130.0,N,Player,
kaatji01,2005,Veterans - Players,80.0,60.0,43.0,N,Player,
kaatji01,2007,Veterans - Players,84.0,62.0,52.0,N,Player,
kaatji01,2009,Veterans - 1943 and Later,64.0,48.0,38.0,N,Player,
kaatji01,2012,Veterans - Golden Era,16.0,12.0,10.0,N,Player,
kaatji01,2015,Veterans - Golden Era,16.0,12.0,10.0,N,Player,
kaatji01,2022,Veterans - Golden Age Era,16.0,12.0,12.0,Y,Player,
kammwi01,2003,Veterans - Players,,,,N,Player,Preliminary ballot (200 players)
kammwi01,2005,Veterans - Players,,,,N,Player,Preliminary ballot (200 players)
karroer01,2010,BBWAA,539.0,405.0,2.0,N,Player,
kauffew99,2003,Veterans - Contributors,,,,N,Executive,Preliminary ballot (60 contributors)
kauffew99,2007,Veterans - Contributors,,,,N,Executive,Preliminary ballot (60 contributors)
kauffew99,2008,Veterans - Executives,12.0,9.0,5.0,N,Executive,
kauffew99,2010,Veterans - Executives,16.0,12.0,6.0,N,Executive,
kellyto01,2010,Veterans - Managers and Umpires,16.0,12.0,,N,Manager,<3 votes
keltnke01,2003,Veterans - Players,,,,N,Player,Preliminary ballot (200 players)
keltnke01,2005,Veterans - Players,,,,N,Player,Preliminary ballot (200 players)
keltnke01,2007,Veterans - Players,,,,N,Player,Preliminary ballot (200 players)
kendaja01,2016,BBWAA,440.0,330.0,2.0,N,Player,
kentje01,2014,BBWAA,571.0,429.0,87.0,N,Player,
kentje01,2015,BBWAA,549.0,412.0,77.0,N,Player,
kentje01,2016,BBWAA,440.0,330.0,73.0,N,Player,
kentje01,2017,BBWAA,442.0,332.0,74.0,N,Player,
kentje01,2018,BBWAA,422.0,317.0,61.0,N,Player,
kentje01,2019,BBWAA,425.0,319.0,77.0,N,Player,
kentje01,2020,BBWAA,397.0,298.0,109.0,N,Player,
kentje01,2021,BBWAA,401.0,301.0,130.0,N,Player,
kentje01,2022,BBWAA,394.0,296.0,129.0,N,Player,
kentje01,2023,BBWAA,389.0,292.0,181.0,N,Player,
kentje01,2026,Contemporary Baseball Era,16.0,12.0,14.0,Y,Player,
kessido01,2003,Veterans - Players,,,,N,Player,Preliminary ballot (200 players)
kessido01,2005,Veterans - Players,,,,N,Player,Preliminary ballot (200 players)
kessido01,2007,Veterans - Players,,,,N,Player,Preliminary ballot (200 players)
keyji01,2004,BBWAA,506.0,380.0,3.0,N,Player,
kileda01,2003,BBWAA,496.0,372.0,7.0,N,Player,
kinslia01,2025,BBWAA,394.0,296.0,10.0,N,Player,
kleskry01,2013,BBWAA,569.0,427.0,0.0,N,Player,
klingjo01,2003,Veterans - Players,,,,N,Player,Preliminary ballot (200 players)
klingjo01,2005,Veterans - Players,,,,N,Player,Preliminary ballot (200 players)
klingjo01,2007,Veterans - Players,,,,N,Player,Preliminary ballot (200 players)
kluszte01,2003,Veterans - Players,81.0,61.0,4.0,N,Player,
kluszte01,2005,Veterans - Players,,,,N,Player,Preliminary ballot (200 players)
kluszte01,2007,Veterans - Players,,,,N,Player,Preliminary ballot (200 players)
kluszte01,2009,Veterans - 1943 and Later,,,,N,Player,Preliminary poll
knoblch01,2008,BBWAA,543.0,408.0,1.0,N,Player,
konerpa01,2020,BBWAA,397.0,298.0,10.0,N,Player,
koosmje01,2007,Veterans - Players,,,,N,Player,Preliminary ballot (200 players)
kremera01,2003,Veterans - Players,,,,N,Player,Preliminary ballot (200 players)
kremera01,2005,Veterans - Players,,,,N,Player,Preliminary ballot (200 players)
kremera01,2007,Veterans - Players,,,,N,Player,Preliminary ballot (200 players)
krukjo01,2001,BBWAA,515.0,387.0,1.0,N,Player,
kuennha01,2003,Veterans - Players,,,,N,Player,Preliminary ballot (200 players)
kuennha01,2005,Veterans - Players,,,,N,Player,Preliminary ballot (200 players)
kuennha01,2007,Veterans - Players,,,,N,Player,Preliminary ballot (200 players)
kuheljo01,2003,Veterans - Players,,,,N,Player,Preliminary ballot (200 players)
kuheljo01,2005,Veterans - Players,,,,N,Player,Preliminary ballot (200 players)
kuhnbo99,2003,Veterans - Contributors,79.0,60.0,20.0,N,Executive,
kuhnbo99,2007,Veterans - Contributors,81.0,61.0,14.0,,Executive,
kuhnbo99,2008,Veterans - Executives,12.0,9.0,10.0,Y,Executive,
lackejo01,2023,BBWAA,389.0,292.0,1.0,N,Player,
lanefr99,2003,Veterans - Contributors,,,,N,Executive,Preliminary ballot (60 contributors)
lanefr99,2007,Veterans - Contributors,,,,N,Executive,Preliminary ballot (60 contributors)
langsma01,2005,BBWAA,516.0,387.0,0.0,N,Player,
lankfra01,2010,BBWAA,539.0,405.0,0.0,N,Player,
larkiba01,2010,BBWAA,539.0,405.0,278.0,N,Player,
larkiba01,2011,BBWAA,581.0,436.0,361.0,N,Player,
larkiba01,2012,BBWAA,573.0,430.0,495.0,Y,Player,
larusto01,2014,Veterans - Expansion Era,16.0,12.0,16.0,Y,Manager,
lawve01,2003,Veterans - Players,,,,N,Player,Preliminary ballot (200 players)
lawve01,2005,Veterans - Players,,,,N,Player,Preliminary ballot (200 players)
leeca01,2018,BBWAA,422.0,317.0,1.0,N,Player,
leecl02,2020,BBWAA,397.0,298.0,2.0,N,Player,
leede02,2017,BBWAA,442.0,332.0,0.0,N,Player,
leevesa01,2003,Veterans - Players,,,,N,Player,Preliminary ballot (200 players)
leevesa01,2005,Veterans - Players,,,,N,Player,Preliminary ballot (200 players)
leevesa01,2007,Veterans - Players,,,,N,Player,Preliminary ballot (200 players)
leiteal01,2011,BBWAA,581.0,436.0,4.0,N,Player,
leylaji99,2024,Contemporary Baseball Era Non-Players,16.0,12.0,15.0,Y,Manager,
lidgebr01,2018,BBWAA,422.0,317.0,0.0,N,Player,
lillyte01,2019,BBWAA,425.0,319.0,0.0,N,Player,
linceti01,2022,BBWAA,394.0,296.0,9.0,N,Player,
loducpa01,2014,BBWAA,571.0,429.0,0.0,N,Player,
loftoke01,2013,BBWAA,569.0,427.0,18.0,N,Player,
lolicmi01,2003,Veterans - Players,81.0,61.0,13.0,N,Player,
lolicmi01,2005,Veterans - Players,80.0,60.0,9.0,N,Player,
lolicmi01,2007,Veterans - Players,84.0,62.0,8.0,N,Player,
lolicmi01,2009,Veterans - 1943 and Later,,,,N,Player,Preliminary poll
lollash01,2003,Veterans - Players,,,,N,Player,Preliminary ballot (200 players)
lollash01,2005,Veterans - Players,,,,N,Player,Preliminary ballot (200 players)
lollash01,2007,Veterans - Players,,,,N,Player,Preliminary ballot (200 players)
longhe01,2003,Veterans - Players,,,,N,Player,Preliminary ballot (200 players)
longhe01,2005,Veterans - Players,,,,N,Player,Preliminary ballot (200 players)
lopated01,2003,Veterans - Players,,,,N,Player,Preliminary ballot (200 players)
lopated01,2005,Veterans - Players,,,,N,Player,Preliminary ballot (200 players)
lopated01,2007,Veterans - Players,,,,N,Player,Preliminary ballot (200 players)
lopezja01,2012,BBWAA,573.0,430.0,1.0,N,Player,
lowede01,2019,BBWAA,425.0,319.0,0.0,N,Player,
lowelmi01,2016,BBWAA,440.0,330.0,0.0,N,Player,
lundydi01,2006,Negro League,,,,N,Player,
luquedo01,2003,Veterans - Players,,,,N,Player,Preliminary ballot (200 players)
luquedo01,2005,Veterans - Players,,,,N,Player,Preliminary ballot (200 players)
luquedo01,2007,Veterans - Players,,,,N,Player,Preliminary ballot (200 players)
luzingr01,2007,Veterans - Players,,,,N,Player,Preliminary ballot (200 players)
lylesp01,2005,Veterans - Players,80.0,60.0,7.0,N,Player,
lylesp01,2007,Veterans - Players,84.0,62.0,6.0,N,Player,
mackebi99,2006,Negro League,,,,Y,Player,
maddugr01,2014,BBWAA,571.0,429.0,555.0,Y,Player,
mageesh01,2007,Veterans - Players,,,,N,Player,Preliminary ballot (200 players)
mageesh01,2009,Veterans - Pre-1943,12.0,9.0,3.0,N,Player,
maglisa01,2003,Veterans - Players,,,,N,Player,Preliminary ballot (200 players)
maglisa01,2005,Veterans - Players,,,,N,Player,Preliminary ballot (200 players)
maglisa01,2007,Veterans - Players,,,,N,Player,Preliminary ballot (200 players)
malonji01,2003,Veterans - Players,,,,N,Player,Preliminary ballot (200 players)
malonji01,2005,Veterans - Players,,,,N,Player,Preliminary ballot (200 players)
malonji01,2007,Veterans - Players,,,,N,Player,Preliminary ballot (200 players)
manleef99,2006,Negro League,,,,Y,Executive,
manuech01,2019,Veterans - Today's Game Era,16.0,12.0,,N,Manager,<5 votes
marbefi01,2003,Veterans - Players,,,,N,Player,Preliminary ballot (200 players)
marbefi01,2005,Veterans - Players,,,,N,Player,Preliminary ballot (200 players)
marbefi01,2007,Veterans - Players,,,,N,Player,Preliminary ballot (200 players)
marceol01,2006,Negro League,,,,N,Player,
marioma01,2003,Veterans - Players,81.0,61.0,17.0,N,Player,
marioma01,2005,Veterans - Players,80.0,60.0,16.0,N,Player,
marioma01,2007,Veterans - Players,84.0,62.0,11.0,N,Player,
marioma01,2013,Veterans - Pre-Integration Era,16.0,12.0,,N,Player,<3 votes
marioma01,2016,Veterans - Pre-Integration Era,16.0,12.0,,N,Player,<4 votes
marisro01,2000,Veterans,,,,N,Player,
marisro01,2003,Veterans - Players,81.0,61.0,18.0,N,Player,
marisro01,2005,Veterans - Players,80.0,60.0,19.0,N,Player,
marisro01,2007,Veterans - Players,84.0,62.0,15.0,N,Player,
marisro01,2009,Veterans - 1943 and Later,,,,N,Player,Preliminary poll
marisro01,2022,Veterans - Golden Age Era,16.0,12.0,,N,Player,<4 votes
marshmi01,2003,Veterans - Players,81.0,61.0,3.0,N,Player,
marshmi01,2005,Veterans - Players,,,,N,Player,Preliminary ballot (200 players)
marshmi01,2007,Veterans - Players,,,,N,Player,Preliminary ballot (200 players)
martibi01,2003,Veterans - Contributors,79.0,60.0,22.0,N,Manager,
martibi01,2007,Veterans - Contributors,81.0,61.0,12.0,,Manager,
martibi01,2008,Veterans - Managers and Umpires,16.0,12.0,,N,Manager,<3 votes
martibi01,2010,Veterans - Managers and Umpires,16.0,12.0,,N,Manager,<3 votes
martibi01,2011,Veterans - Expansion Era,16.0,12.0,,N,Manager,<8 votes
martibi01,2014,Veterans - Expansion Era,16.0,12.0,,N,Manager,<6 votes
martibi02,2000,Veterans,,,,N,Manager,
martide01,2004,BBWAA,506.0,380.0,16.0,N,Player,
martied01,2010,BBWAA,539.0,405.0,195.0,N,Player,
martied01,2011,BBWAA,581.0,436.0,191.0,N,Player,
martied01,2012,BBWAA,573.0,430.0,209.0,N,Player,
martied01,2013,BBWAA,569.0,427.0,204.0,N,Player,
martied01,2014,BBWAA,571.0,429.0,144.0,N,Player,
martied01,2015,BBWAA,549.0,412.0,148.0,N,Player,
martied01,2016,BBWAA,440.0,330.0,191.0,N,Player,
martied01,2017,BBWAA,442.0,332.0,259.0,N,Player,
martied01,2018,BBWAA,422.0,317.0,297.0,N,Player,
martied01,2019,BBWAA,425.0,319.0,363.0,Y,Player,
martipe01,2003,Veterans - Players,,,,N,Player,Preliminary ballot (200 players)
martipe01,2005,Veterans - Players,,,,N,Player,Preliminary ballot (200 players)
martipe01,2007,Veterans - Players,,,,N,Player,Preliminary ballot (200 players)
martipe02,2015,BBWAA,549.0,412.0,500.0,Y,Player,
martiru01,2025,BBWAA,394.0,296.0,9.0,N,Player,
martiti02,2011,BBWAA,581.0,436.0,6.0,N,Player,
martivi01,2024,BBWAA,385.0,289.0,6.0,N,Player,
matsuhi01,2018,BBWAA,422.0,317.0,4.0,N,Player,
mattido01,2001,BBWAA,515.0,387.0,145.0,N,Player,
mattido01,2002,BBWAA,472.0,354.0,96.0,N,Player,
mattido01,2003,BBWAA,496.0,372.0,68.0,N,Player,
mattido01,2004,BBWAA,506.0,380.0,65.0,N,Player,
mattido01,2005,BBWAA,516.0,387.0,59.0,N,Player,
mattido01,2006,BBWAA,520.0,390.0,64.0,N,Player,
mattido01,2007,BBWAA,545.0,409.0,54.0,N,Player,
mattido01,2008,BBWAA,543.0,408.0,86.0,N,Player,
mattido01,2009,BBWAA,539.0,405.0,64.0,N,Player,
mattido01,2010,BBWAA,539.0,405.0,87.0,N,Player,
mattido01,2011,BBWAA,581.0,436.0,79.0,N,Player,
mattido01,2012,BBWAA,573.0,430.0,102.0,N,Player,
mattido01,2013,BBWAA,569.0,427.0,75.0,N,Player,
mattido01,2014,BBWAA,571.0,429.0,47.0,N,Player,
mattido01,2015,BBWAA,549.0,412.0,50.0,N,Player,
mattido01,2018,Veterans - Modern Baseball Era,16.0,12.0,,N,Player,<7 votes
mattido01,2020,Veterans - Modern Baseball Era,16.0,12.0,,N,Player,<3 votes
mattido01,2023,Contemporary Era,16.0,12.0,8.0,N,Player,
mattido01,2026,Contemporary Baseball Era,16.0,12.0,6.0,N,Player,
mauchge01,2003,Veterans - Contributors,,,,N,Manager,Preliminary ballot (60 contributors)
mauchge01,2007,Veterans - Contributors,,,,N,Manager,Preliminary ballot (60 contributors)
mauchge01,2008,Veterans - Managers and Umpires,16.0,12.0,,N,Manager,<3 votes
mauchge01,2010,Veterans - Managers and Umpires,16.0,12.0,,N,Manager,<3 votes
mauerjo01,2024,BBWAA,385.0,289.0,293.0,Y,Player,
mayle01,2005,Veterans - Players,,,,N,Player,Preliminary ballot (200 players)
mayle01,2007,Veterans - Players,,,,N,Player,Preliminary ballot (200 players)
mayle01,2009,Veterans - 1943 and Later,,,,N,Player,Preliminary poll
maysca01,2003,Veterans - Players,81.0,61.0,16.0,N,Player,
maysca01,2005,Veterans - Players,80.0,60.0,12.0,N,Player,
maysca01,2007,Veterans - Players,84.0,62.0,6.0,N,Player,
maysca01,2009,Veterans - Pre-1943,12.0,9.0,,N,Player,<3 votes
mazerbi01,2000,Veterans,,,,N,Player,Missed by 1 vote
mazerbi01,2001,Veterans,,,,Y,Player,
mccanbr01,2025,BBWAA,394.0,296.0,7.0,N,Player,
mccarti01,2003,Veterans - Players,,,,N,Player,Preliminary ballot (200 players)
mccarti01,2005,Veterans - Players,,,,N,Player,Preliminary ballot (200 players)
mccarti01,2007,Veterans - Players,,,,N,Player,Preliminary ballot (200 players)
mccorfr01,2003,Veterans - Players,,,,N,Player,Preliminary ballot (200 players)
mccorfr01,2005,Veterans - Players,,,,N,Player,Preliminary ballot (200 players)
mccorfr01,2007,Veterans - Players,,,,N,Player,Preliminary ballot (200 players)
mccorfr01,2016,Veterans - Pre-Integration Era,16.0,12.0,,N,Player,<4 votes
mcdanli01,2003,Veterans - Players,,,,N,Player,Preliminary ballot (200 players)
mcdanli01,2005,Veterans - Players,,,,N,Player,Preliminary ballot (200 players)
mcdanli01,2007,Veterans - Players,,,,N,Player,Preliminary ballot (200 players)
mcdougi01,2003,Veterans - Players,,,,N,Player,Preliminary ballot (200 players)
mcdougi01,2005,Veterans - Players,,,,N,Player,Preliminary ballot (200 players)
mcdougi01,2007,Veterans - Players,,,,N,Player,Preliminary ballot (200 players)
mcdowja01,2005,BBWAA,516.0,387.0,4.0,N,Player,
mcdowsa01,2003,Veterans - Players,,,,N,Player,Preliminary ballot (200 players)
mcdowsa01,2005,Veterans - Players,,,,N,Player,Preliminary ballot (200 players)
mcdowsa01,2007,Veterans - Players,,,,N,Player,Preliminary ballot (200 players)
mcgeewi01,2005,BBWAA,516.0,387.0,26.0,N,Player,
mcgeewi01,2006,BBWAA,520.0,390.0,12.0,N,Player,
mcgratu01,2007,Veterans - Players,,,,N,Player,Preliminary ballot (200 players)
mcgrifr01,2010,BBWAA,539.0,405.0,116.0,N,Player,
mcgrifr01,2011,BBWAA,581.0,436.0,104.0,N,Player,
mcgrifr01,2012,BBWAA,573.0,430.0,137.0,N,Player,
mcgrifr01,2013,BBWAA,569.0,427.0,118.0,N,Player,
mcgrifr01,2014,BBWAA,571.0,429.0,67.0,N,Player,
mcgrifr01,2015,BBWAA,549.0,412.0,71.0,N,Player,
mcgrifr01,2016,BBWAA,440.0,330.0,92.0,N,Player,
mcgrifr01,2017,BBWAA,442.0,332.0,96.0,N,Player,
mcgrifr01,2018,BBWAA,422.0,317.0,98.0,N,Player,
mcgrifr01,2019,BBWAA,425.0,319.0,169.0,N,Player,
mcgrifr01,2023,Contemporary Era,16.0,12.0,16.0,Y,Player,
mcgwima01,2007,BBWAA,545.0,409.0,128.0,N,Player,
mcgwima01,2008,BBWAA,543.0,408.0,128.0,N,Player,
mcgwima01,2009,BBWAA,539.0,405.0,118.0,N,Player,
mcgwima01,2010,BBWAA,539.0,405.0,128.0,N,Player,
mcgwima01,2011,BBWAA,581.0,436.0,115.0,N,Player,
mcgwima01,2012,BBWAA,573.0,430.0,112.0,N,Player,
mcgwima01,2013,BBWAA,569.0,427.0,96.0,N,Player,
mcgwima01,2014,BBWAA,571.0,429.0,63.0,N,Player,
mcgwima01,2015,BBWAA,549.0,412.0,55.0,N,Player,
mcgwima01,2016,BBWAA,440.0,330.0,54.0,N,Player,
mcgwima01,2017,Veterans - Today's Game Era,16.0,12.0,,N,Player,<5 votes
mchaljo01,2008,Veterans - Executives,12.0,9.0,,N,Executive,<3 votes
mchaljo01,2010,Veterans - Executives,16.0,12.0,,N,Executive,<3 votes
mcinnst01,2003,Veterans - Players,,,,N,Player,Preliminary ballot (200 players)
mcinnst01,2005,Veterans - Players,,,,N,Player,Preliminary ballot (200 players)
mcinnst01,2007,Veterans - Players,,,,N,Player,Preliminary ballot (200 players)
mckeoja99,2007,Veterans - Contributors,,,,N,Executive,Preliminary ballot (60 contributors)
mclaide01,2003,Veterans - Players,,,,N,Player,Preliminary ballot (200 players)
mclaide01,2005,Veterans - Players,,,,N,Player,Preliminary ballot (200 players)
mclaide01,2007,Veterans - Players,,,,N,Player,Preliminary ballot (200 players)
mcmilro01,2003,Veterans - Players,,,,N,Player,Preliminary ballot (200 players)
mcmilro01,2005,Veterans - Players,,,,N,Player,Preliminary ballot (200 players)
mcmilro01,2007,Veterans - Players,,,,N,Player,Preliminary ballot (200 players)
mcnalda01,2003,Veterans - Players,,,,N,Player,Preliminary ballot (200 players)
mcnalda01,2005,Veterans - Players,,,,N,Player,Preliminary ballot (200 players)
mcnalda01,2007,Veterans - Players,,,,N,Player,Preliminary ballot (200 players)
mcphebi01,2000,Veterans,,,,Y,Player,
mcshejo99,2007,Veterans - Contributors,,,,N,Umpire,Preliminary ballot (60 contributors)
mendejo99,2006,Negro League,,,,Y,Player,
mesajo01,2013,BBWAA,569.0,427.0,0.0,N,Player,
messean01,2003,Veterans - Players,,,,N,Player,Preliminary ballot (200 players)
messean01,2005,Veterans - Players,,,,N,Player,Preliminary ballot (200 players)
messean01,2007,Veterans - Players,,,,N,Player,Preliminary ballot (200 players)
meusebo01,2003,Veterans - Players,81.0,61.0,6.0,N,Player,
meusebo01,2005,Veterans - Players,,,,N,Player,Preliminary ballot (200 players)
meusebo01,2007,Veterans - Players,,,,N,Player,Preliminary ballot (200 players)
meuseir01,2003,Veterans - Players,,,,N,Player,Preliminary ballot (200 players)
meuseir01,2005,Veterans - Players,,,,N,Player,Preliminary ballot (200 players)
meuseir01,2007,Veterans - Players,,,,N,Player,Preliminary ballot (200 players)
milancl01,2007,Veterans - Players,,,,N,Player,Preliminary ballot (200 players)
millebi02,2003,Veterans - Players,,,,N,Player,Preliminary ballot (200 players)
millebi02,2005,Veterans - Players,,,,N,Player,Preliminary ballot (200 players)
millebi02,2007,Veterans - Players,,,,N,Player,Preliminary ballot (200 players)
millema99,2001,Veterans,,,,N,Executive,
millema99,2003,Veterans - Contributors,79.0,60.0,35.0,N,Executive,
millema99,2007,Veterans - Contributors,81.0,61.0,51.0,,Executive,
millema99,2008,Veterans - Executives,12.0,9.0,3.0,N,Executive,
millema99,2010,Veterans - Executives,16.0,12.0,7.0,N,Executive,
millema99,2011,Veterans - Expansion Era,16.0,12.0,11.0,N,Executive,
millema99,2014,Veterans - Expansion Era,16.0,12.0,,N,Executive,<6 votes
millema99,2018,Veterans - Modern Baseball Era,16.0,12.0,7.0,N,Executive,
millema99,2020,Veterans - Modern Baseball Era,16.0,12.0,12.0,Y,Executive,
millest01,2003,Veterans - Players,,,,N,Player,Preliminary ballot (200 players)
millest01,2005,Veterans - Players,,,,N,Player,Preliminary ballot (200 players)
millest01,2007,Veterans - Players,,,,N,Player,Preliminary ballot (200 players)
millwke01,2018,BBWAA,422.0,317.0,0.0,N,Player,
minosmi01,2003,Veterans - Players,81.0,61.0,16.0,N,Player,
minosmi01,2005,Veterans - Players,80.0,60.0,12.0,N,Player,
minosmi01,2006,Negro League,,,,N,Player,
minosmi01,2007,Veterans - Players,84.0,62.0,12.0,N,Player,
minosmi01,2009,Veterans - 1943 and Later,,,,N,Player,Preliminary poll
minosmi01,2012,Veterans - Golden Era,16.0,12.0,9.0,N,Player,
minosmi01,2015,Veterans - Golden Era,16.0,12.0,8.0,N,Player,
minosmi01,2022,Veterans - Golden Age Era,16.0,12.0,14.0,Y,Player,
mitchke01,2004,BBWAA,506.0,380.0,2.0,N,Player,
molitpa01,2004,BBWAA,506.0,380.0,431.0,Y,Player,
mondera01,2011,BBWAA,581.0,436.0,0.0,N,Player,
montaed01,2024,Contemporary Baseball Era Non-Players,16.0,12.0,,N,Umpire,<5 votes
montgje01,2005,BBWAA,516.0,387.0,2.0,N,Player,
mooredo02,2006,Negro League,,,,N,Player,
moorete01,2003,Veterans - Players,,,,N,Player,Preliminary ballot (200 players)
moorete01,2005,Veterans - Players,,,,N,Player,Preliminary ballot (200 players)
moorete01,2007,Veterans - Players,,,,N,Player,Preliminary ballot (200 players)
morame01,2017,BBWAA,442.0,332.0,0.0,N,Player,
morneju01,2022,BBWAA,394.0,296.0,5.0,N,Player,
morriha02,2006,BBWAA,520.0,390.0,5.0,N,Player,
morrija02,2000,BBWAA,499.0,375.0,111.0,N,Player,
morrija02,2001,BBWAA,515.0,387.0,101.0,N,Player,
morrija02,2002,BBWAA,472.0,354.0,97.0,N,Player,
morrija02,2003,BBWAA,496.0,372.0,113.0,N,Player,
morrija02,2004,BBWAA,506.0,380.0,133.0,N,Player,
morrija02,2005,BBWAA,516.0,387.0,172.0,N,Player,
morrija02,2006,BBWAA,520.0,390.0,214.0,N,Player,
morrija02,2007,BBWAA,545.0,409.0,202.0,N,Player,
morrija02,2008,BBWAA,543.0,408.0,233.0,N,Player,
morrija02,2009,BBWAA,539.0,405.0,237.0,N,Player,
morrija02,2010,BBWAA,539.0,405.0,282.0,N,Player,
morrija02,2011,BBWAA,581.0,436.0,311.0,N,Player,
morrija02,2012,BBWAA,573.0,430.0,382.0,N,Player,
morrija02,2013,BBWAA,569.0,427.0,385.0,N,Player,
morrija02,2014,BBWAA,571.0,429.0,351.0,N,Player,
morrija02,2018,Veterans - Modern Baseball Era,16.0,12.0,14.0,Y,Player,
moyerja01,2018,BBWAA,422.0,317.0,10.0,N,Player,
muellbi02,2012,BBWAA,573.0,430.0,4.0,N,Player,
mulhote01,2012,BBWAA,573.0,430.0,0.0,N,Player,
mullato01,2003,Veterans - Players,,,,N,Player,Preliminary ballot (200 players)
mullato01,2005,Veterans - Players,,,,N,Player,Preliminary ballot (200 players)
mullato01,2007,Veterans - Players,,,,N,Player,Preliminary ballot (200 players)
mullato01,2013,Veterans - Pre-Integration Era,16.0,12.0,,N,Player,<3 votes
munsoth01,2003,Veterans - Players,81.0,61.0,4.0,N,Player,
munsoth01,2005,Veterans - Players,80.0,60.0,2.0,N,Player,
munsoth01,2007,Veterans - Players,84.0,62.0,6.0,N,Player,
munsoth01,2009,Veterans - 1943 and Later,,,,N,Player,Preliminary poll
munsoth01,2020,Veterans - Modern Baseball Era,16.0,12.0,,N,Player,<3 votes
murcebo01,2005,Veterans - Players,,,,N,Player,Preliminary ballot (200 players)
murcebo01,2007,Veterans - Players,,,,N,Player,Preliminary ballot (200 players)
murphda05,2000,BBWAA,499.0,375.0,116.0,N,Player,
murphda05,2001,BBWAA,515.0,387.0,93.0,N,Player,
murphda05,2002,BBWAA,472.0,354.0,70.0,N,Player,
murphda05,2003,BBWAA,496.0,372.0,58.0,N,Player,
murphda05,2004,BBWAA,506.0,380.0,43.0,N,Player,
murphda05,2005,BBWAA,516.0,387.0,54.0,N,Player,
murphda05,2006,BBWAA,520.0,390.0,56.0,N,Player,
murphda05,2007,BBWAA,545.0,409.0,50.0,N,Player,
murphda05,2008,BBWAA,543.0,408.0,75.0,N,Player,
murphda05,2009,BBWAA,539.0,405.0,62.0,N,Player,
murphda05,2010,BBWAA,539.0,405.0,63.0,N,Player,
murphda05,2011,BBWAA,581.0,436.0,73.0,N,Player,
murphda05,2012,BBWAA,573.0,430.0,83.0,N,Player,
murphda05,2013,BBWAA,569.0,427.0,106.0,N,Player,
murphda05,2018,Veterans - Modern Baseball Era,16.0,12.0,,N,Player,<7 votes
murphda05,2020,Veterans - Modern Baseball Era,16.0,12.0,,N,Player,<3 votes
murphda05,2023,Contemporary Era,16.0,12.0,6.0,N,Player,
murphda05,2026,Contemporary Baseball Era,16.0,12.0,6.0,N,Player,
murphjo04,2003,Veterans - Players,,,,N,Player,Preliminary ballot (200 players)
murphjo04,2005,Veterans - Players,,,,N,Player,Preliminary ballot (200 players)
murphjo04,2007,Veterans - Players,,,,N,Player,Preliminary ballot (200 players)
murraed02,2003,BBWAA,496.0,372.0,423.0,Y,Player,
murtada01,2003,Veterans - Contributors,,,,N,Manager,Preliminary ballot (60 contributors)
murtada01,2007,Veterans - Contributors,,,,N,Manager,Preliminary ballot (60 contributors)
murtada01,2008,Veterans - Managers and Umpires,16.0,12.0,6.0,N,Manager,
murtada01,2010,Veterans - Managers and Umpires,16.0,12.0,8.0,N,Manager,
murtada01,2022,Veterans - Golden Age Era,16.0,12.0,,N,Manager,<4 votes
mussimi01,2014,BBWAA,571.0,429.0,116.0,N,Player,
mussimi01,2015,BBWAA,549.0,412.0,135.0,N,Player,
mussimi01,2016,BBWAA,440.0,330.0,189.0,N,Player,
mussimi01,2017,BBWAA,442.0,332.0,229.0,N,Player,
mussimi01,2018,BBWAA,422.0,317.0,268.0,N,Player,
mussimi01,2019,BBWAA,425.0,319.0,326.0,Y,Player,
myerbu01,2003,Veterans - Players,,,,N,Player,Preliminary ballot (200 players)
myerbu01,2005,Veterans - Players,,,,N,Player,Preliminary ballot (200 players)
myerbu01,2007,Veterans - Players,,,,N,Player,Preliminary ballot (200 players)
myersra01,2004,BBWAA,506.0,380.0,1.0,N,Player,
napolmi01,2023,BBWAA,389.0,292.0,1.0,N,Player,
nathajo01,2022,BBWAA,394.0,296.0,17.0,N,Player,
nehfar01,2003,Veterans - Players,,,,N,Player,Preliminary ballot (200 players)
nehfar01,2005,Veterans - Players,,,,N,Player,Preliminary ballot (200 players)
nehfar01,2007,Veterans - Players,,,,N,Player,Preliminary ballot (200 players)
nenro01,2008,BBWAA,543.0,408.0,2.0,N,Player,
nevinph01,2012,BBWAA,573.0,430.0,0.0,N,Player,
newcodo01,2003,Veterans - Players,81.0,61.0,11.0,N,Player,
newcodo01,2005,Veterans - Players,80.0,60.0,8.0,N,Player,
newcodo01,2007,Veterans - Players,84.0,62.0,17.0,N,Player,
newsobo01,2003,Veterans - Players,,,,N,Player,Preliminary ballot (200 players)
newsobo01,2005,Veterans - Players,,,,N,Player,Preliminary ballot (200 players)
nixonot01,2005,BBWAA,516.0,387.0,0.0,N,Player,
nomohi01,2014,BBWAA,571.0,429.0,6.0,N,Player,
odayha01,2003,Veterans - Contributors,,,,N,Umpire,Preliminary ballot (60 contributors)
odayha01,2007,Veterans - Contributors,,,,N,Umpire,Preliminary ballot (60 contributors)
odayha01,2008,Veterans - Managers and Umpires,16.0,12.0,4.0,N,Umpire,
odayha01,2010,Veterans - Managers and Umpires,16.0,12.0,8.0,N,Umpire,
odayha01,2013,Veterans - Pre-Integration Era,16.0,12.0,15.0,Y,Umpire,
odoulle01,2003,Veterans - Players,,,,N,Player,Preliminary ballot (200 players)
odoulle01,2005,Veterans - Players,,,,N,Player,Preliminary ballot (200 players)
odoulle01,2007,Veterans - Players,84.0,62.0,15.0,N,Player,
odoulle01,2022,Veterans - Early Baseball Era,16.0,12.0,5.0,N,Player,
olerujo01,2011,BBWAA,581.0,436.0,4.0,N,Player,
olivato01,2000,Veterans,,,,N,Player,
olivato01,2001,Veterans,,,,N,Player,
olivato01,2003,Veterans - Players,81.0,61.0,48.0,N,Player,
olivato01,2005,Veterans - Players,80.0,60.0,45.0,N,Player,
olivato01,2007,Veterans - Players,84.0,62.0,47.0,N,Player,
olivato01,2009,Veterans - 1943 and Later,64.0,48.0,33.0,N,Player,
olivato01,2012,Veterans - Golden Era,16.0,12.0,8.0,N,Player,
olivato01,2015,Veterans - Golden Era,16.0,12.0,11.0,N,Player,
olivato01,2022,Veterans - Golden Age Era,16.0,12.0,12.0,Y,Player,
oliveal01,2007,Veterans - Players,84.0,62.0,14.0,N,Player,
oliveal01,2009,Veterans - 1943 and Later,64.0,48.0,9.0,N,Player,
oliveal01,2011,Veterans - Expansion Era,16.0,12.0,,N,Player,<8 votes
oliveda02,2019,BBWAA,425.0,319.0,0.0,N,Player,
omallwa99,2001,Veterans,,,,N,Executive,
omallwa99,2003,Veterans - Contributors,79.0,60.0,38.0,N,Executive,
omallwa99,2007,Veterans - Contributors,81.0,61.0,36.0,,Executive,
omallwa99,2008,Veterans - Executives,12.0,9.0,9.0,Y,Executive,
omsal01,2006,Negro League,,,,N,Player,
oneilbu01,2006,Negro League,,,,N,Player,
oneilbu01,2022,Veterans - Early Baseball Era,16.0,12.0,13.0,Y,Executive,
oneilpa01,2007,BBWAA,545.0,409.0,12.0,N,Player,
oneilst01,2003,Veterans - Contributors,,,,N,Manager,Preliminary ballot (60 contributors)
oneilst01,2007,Veterans - Contributors,,,,N,Manager,Preliminary ballot (60 contributors)
oneilst01,2010,Veterans - Managers and Umpires,16.0,12.0,,N,Manager,<3 votes
ordonma01,2017,BBWAA,442.0,332.0,3.0,N,Player,
oroscje01,2009,BBWAA,539.0,405.0,1.0,N,Player,
ortizda01,2022,BBWAA,394.0,296.0,307.0,Y,Player,
osteecl01,2003,Veterans - Players,,,,N,Player,Preliminary ballot (200 players)
osteecl01,2005,Veterans - Players,,,,N,Player,Preliminary ballot (200 players)
osteecl01,2007,Veterans - Players,,,,N,Player,Preliminary ballot (200 players)
oswalro01,2019,BBWAA,425.0,319.0,4.0,N,Player,
otisam01,2007,Veterans - Players,,,,N,Player,Preliminary ballot (200 players)
owenspa99,2003,Veterans - Contributors,,,,N,Executive,Preliminary ballot (60 contributors)
owenspa99,2007,Veterans - Contributors,,,,N,Executive,Preliminary ballot (60 contributors)
pafkoan01,2005,Veterans - Players,,,,N,Player,Preliminary ballot (200 players)
pafkoan01,2007,Veterans - Players,,,,N,Player,Preliminary ballot (200 players)
palerst99,2003,Veterans - Contributors,,,,N,Umpire,Preliminary ballot (60 contributors)
palerst99,2007,Veterans - Contributors,,,,N,Umpire,Preliminary ballot (60 contributors)
palmera01,2011,BBWAA,581.0,436.0,64.0,N,Player,
palmera01,2012,BBWAA,573.0,430.0,72.0,N,Player,
palmera01,2013,BBWAA,569.0,427.0,50.0,N,Player,
palmera01,2014,BBWAA,571.0,429.0,25.0,N,Player,
palmera01,2023,Contemporary Era,16.0,12.0,,N,Player,<4 votes
papeljo01,2022,BBWAA,394.0,296.0,5.0,N,Player,
pappami01,2003,Veterans - Players,,,,N,Player,Preliminary ballot (200 players)
pappami01,2005,Veterans - Players,,,,N,Player,Preliminary ballot (200 players)
pappami01,2007,Veterans - Players,,,,N,Player,Preliminary ballot (200 players)
parkeda01,2000,BBWAA,499.0,375.0,104.0,N,Player,
parkeda01,2001,BBWAA,515.0,387.0,84.0,N,Player,
parkeda01,2002,BBWAA,472.0,354.0,66.0,N,Player,
parkeda01,2003,BBWAA,496.0,372.0,51.0,N,Player,
parkeda01,2004,BBWAA,506.0,380.0,53.0,N,Player,
parkeda01,2005,BBWAA,516.0,387.0,65.0,N,Player,
parkeda01,2006,BBWAA,520.0,390.0,76.0,N,Player,
parkeda01,2007,BBWAA,545.0,409.0,62.0,N,Player,
parkeda01,2008,BBWAA,543.0,408.0,82.0,N,Player,
parkeda01,2009,BBWAA,539.0,405.0,81.0,N,Player,
parkeda01,2010,BBWAA,539.0,405.0,82.0,N,Player,
parkeda01,2011,BBWAA,581.0,436.0,89.0,N,Player,
parkeda01,2014,Veterans - Expansion Era,16.0,12.0,,N,Player,<6 votes
parkeda01,2018,Veterans - Modern Baseball Era,16.0,12.0,,N,Player,<7 votes
parkeda01,2020,Veterans - Modern Baseball Era,16.0,12.0,7.0,N,Player,
parkeda01,2025,Classic Baseball Era,16.0,12.0,14.0,Y,Player,
parneme01,2003,Veterans - Players,,,,N,Player,Preliminary ballot (200 players)
parnero01,2006,Negro League,,,,N,Player,
parrila02,2001,BBWAA,515.0,387.0,9.0,N,Player,
pascuca02,2003,Veterans - Players,,,,N,Player,Preliminary ballot (200 players)
pascuca02,2005,Veterans - Players,,,,N,Player,Preliminary ballot (200 players)
pascuca02,2007,Veterans - Players,,,,N,Player,Preliminary ballot (200 players)
paulga99,2003,Veterans - Contributors,79.0,60.0,13.0,N,Executive,
paulga99,2007,Veterans - Contributors,81.0,61.0,10.0,,Executive,
paulga99,2008,Veterans - Executives,12.0,9.0,,N,Executive,<3 votes
paulga99,2010,Veterans - Executives,16.0,12.0,,N,Executive,<3 votes
paysojo99,2003,Veterans - Contributors,,,,N,Executive,Preliminary ballot (60 contributors)
peavyja01,2022,BBWAA,394.0,296.0,0.0,N,Player,
pedrodu01,2025,BBWAA,394.0,296.0,47.0,N,Player,
penaca01,2020,BBWAA,397.0,298.0,0.0,N,Player,
penato01,2003,BBWAA,496.0,372.0,2.0,N,Player,
pendlte01,2004,BBWAA,506.0,380.0,1.0,N,Player,
pennybr01,2020,BBWAA,397.0,298.0,1.0,N,Player,
peraljh01,2023,BBWAA,389.0,292.0,0.0,N,Player,
percitr01,2015,BBWAA,549.0,412.0,4.0,N,Player,
perezto01,2000,BBWAA,499.0,375.0,385.0,Y,Player,
perraro01,2003,Veterans - Players,,,,N,Player,Preliminary ballot (200 players)
perraro01,2005,Veterans - Players,,,,N,Player,Preliminary ballot (200 players)
perraro01,2007,Veterans - Players,,,,N,Player,Preliminary ballot (200 players)
perryji01,2003,Veterans - Players,,,,N,Player,Preliminary ballot (200 players)
perryji01,2005,Veterans - Players,,,,N,Player,Preliminary ballot (200 players)
perryji01,2007,Veterans - Players,,,,N,Player,Preliminary ballot (200 players)
peskyjo01,2003,Veterans - Players,,,,N,Player,Preliminary ballot (200 players)
peskyjo01,2005,Veterans - Players,,,,N,Player,Preliminary ballot (200 players)
peskyjo01,2007,Veterans - Players,,,,N,Player,Preliminary ballot (200 players)
peterha99,2024,Contemporary Baseball Era Non-Players,16.0,12.0,,N,Executive,<5 votes
petrori01,2003,Veterans - Players,,,,N,Player,Preliminary ballot (200 players)
petrori01,2005,Veterans - Players,,,,N,Player,Preliminary ballot (200 players)
petrori01,2007,Veterans - Players,,,,N,Player,Preliminary ballot (200 players)
pettian01,2019,BBWAA,425.0,319.0,42.0,N,Player,
pettian01,2020,BBWAA,397.0,298.0,45.0,N,Player,
pettian01,2021,BBWAA,401.0,301.0,55.0,N,Player,
pettian01,2022,BBWAA,394.0,296.0,42.0,N,Player,
pettian01,2023,BBWAA,389.0,292.0,66.0,N,Player,
pettian01,2024,BBWAA,385.0,289.0,52.0,N,Player,
pettian01,2025,BBWAA,394.0,296.0,110.0,N,Player,
phillbr01,2024,BBWAA,385.0,289.0,1.0,N,Player,
phillde01,2003,Veterans - Players,,,,N,Player,Preliminary ballot (200 players)
phillde01,2005,Veterans - Players,,,,N,Player,Preliminary ballot (200 players)
phillde01,2007,Veterans - Players,,,,N,Player,Preliminary ballot (200 players)
phillto02,2005,BBWAA,516.0,387.0,1.0,N,Player,
piazzmi01,2013,BBWAA,569.0,427.0,329.0,N,Player,
piazzmi01,2014,BBWAA,571.0,429.0,355.0,N,Player,
piazzmi01,2015,BBWAA,549.0,412.0,384.0,N,Player,
piazzmi01,2016,BBWAA,440.0,330.0,365.0,Y,Player,
piercbi02,2003,Veterans - Players,,,,N,Player,Preliminary ballot (200 players)
piercbi02,2005,Veterans - Players,,,,N,Player,Preliminary ballot (200 players)
piercbi02,2007,Veterans - Players,,,,N,Player,Preliminary ballot (200 players)
piercbi02,2015,Veterans - Golden Era,16.0,12.0,,N,Player,<3 votes
piercbi02,2022,Veterans - Golden Age Era,16.0,12.0,,N,Player,<4 votes
pierrju01,2019,BBWAA,425.0,319.0,0.0,N,Player,
pierzaj01,2022,BBWAA,394.0,296.0,2.0,N,Player,
pinelba01,2003,Veterans - Contributors,,,,N,Umpire,Preliminary ballot (60 contributors)
pinelba01,2007,Veterans - Contributors,,,,N,Umpire,Preliminary ballot (60 contributors)
pinielo01,2017,Veterans - Today's Game Era,16.0,12.0,7.0,N,Manager,
pinielo01,2019,Veterans - Today's Game Era,16.0,12.0,11.0,N,Manager,
pinielo01,2024,Contemporary Baseball Era Non-Players,16.0,12.0,11.0,N,Manager,
pinsova01,2003,Veterans - Players,81.0,61.0,21.0,N,Player,
pinsova01,2005,Veterans - Players,80.0,60.0,23.0,N,Player,
pinsova01,2007,Veterans - Players,84.0,62.0,16.0,N,Player,
pinsova01,2009,Veterans - 1943 and Later,64.0,48.0,12.0,N,Player,
pippwa01,2003,Veterans - Players,,,,N,Player,Preliminary ballot (200 players)
pippwa01,2005,Veterans - Players,,,,N,Player,Preliminary ballot (200 players)
plesada01,2009,BBWAA,539.0,405.0,0.0,N,Player,
podrejo01,2003,Veterans - Players,,,,N,Player,Preliminary ballot (200 players)
podrejo01,2005,Veterans - Players,,,,N,Player,Preliminary ballot (200 players)
podrejo01,2007,Veterans - Players,,,,N,Player,Preliminary ballot (200 players)
polanpl01,2019,BBWAA,425.0,319.0,2.0,N,Player,
polessp01,2006,Negro League,,,,N,Player,
pompeal99,2006,Negro League,,,,Y,Executive,
posadjo01,2017,BBWAA,442.0,332.0,17.0,N,Player,
poseycu99,2006,Negro League,,,,Y,Executive,
powelbo01,2003,Veterans - Players,,,,N,Player,Preliminary ballot (200 players)
powelbo01,2005,Veterans - Players,,,,N,Player,Preliminary ballot (200 players)
powelbo01,2007,Veterans - Players,,,,N,Player,Preliminary ballot (200 players)
puckeki01,2001,BBWAA,515.0,387.0,423.0,Y,Player,
putzjj01,2020,BBWAA,397.0,298.0,1.0,N,Player,
quinnja01,2003,Veterans - Players,,,,N,Player,Preliminary ballot (200 players)
quinnja01,2005,Veterans - Players,,,,N,Player,Preliminary ballot (200 players)
quinnja01,2007,Veterans - Players,,,,N,Player,Preliminary ballot (200 players)
quinnja99,2003,Veterans - Contributors,,,,N,Executive,Preliminary ballot (60 contributors)
quinnja99,2007,Veterans - Contributors,,,,N,Executive,Preliminary ballot (60 contributors)
quiseda01,2014,Veterans - Expansion Era,16.0,12.0,,N,Player,<6 votes
radkebr01,2012,BBWAA,573.0,430.0,2.0,N,Player,
raineti01,2008,BBWAA,543.0,408.0,132.0,N,Player,
raineti01,2009,BBWAA,539.0,405.0,122.0,N,Player,
raineti01,2010,BBWAA,539.0,405.0,164.0,N,Player,
raineti01,2011,BBWAA,581.0,436.0,218.0,N,Player,
raineti01,2012,BBWAA,573.0,430.0,279.0,N,Player,
raineti01,2013,BBWAA,569.0,427.0,297.0,N,Player,
raineti01,2014,BBWAA,571.0,429.0,263.0,N,Player,
raineti01,2015,BBWAA,549.0,412.0,302.0,N,Player,
raineti01,2016,BBWAA,440.0,330.0,307.0,N,Player,
raineti01,2017,BBWAA,442.0,332.0,380.0,Y,Player,
ramirar01,2021,BBWAA,401.0,301.0,4.0,N,Player,
ramirha01,2025,BBWAA,394.0,296.0,0.0,N,Player,
ramirma02,2017,BBWAA,442.0,332.0,105.0,N,Player,
ramirma02,2018,BBWAA,422.0,317.0,93.0,N,Player,
ramirma02,2019,BBWAA,425.0,319.0,97.0,N,Player,
ramirma02,2020,BBWAA,397.0,298.0,112.0,N,Player,
ramirma02,2021,BBWAA,401.0,301.0,113.0,N,Player,
ramirma02,2022,BBWAA,394.0,296.0,114.0,N,Player,
ramirma02,2023,BBWAA,389.0,292.0,129.0,N,Player,
ramirma02,2024,BBWAA,385.0,289.0,125.0,N,Player,
ramirma02,2025,BBWAA,394.0,296.0,135.0,N,Player,
raschvi01,2003,Veterans - Players,,,,N,Player,Preliminary ballot (200 players)
raschvi01,2005,Veterans - Players,,,,N,Player,Preliminary ballot (200 players)
raschvi01,2007,Veterans - Players,,,,N,Player,Preliminary ballot (200 players)
reachal01,2003,Veterans - Contributors,,,,N,Pioneer,Preliminary ballot (60 contributors)
reachal01,2007,Veterans - Contributors,,,,N,Pioneer,Preliminary ballot (60 contributors)
reachal01,2013,Veterans - Pre-Integration Era,16.0,12.0,,N,Executive,<3 votes
reardbe99,2003,Veterans - Contributors,,,,N,Umpire,Preliminary ballot (60 contributors)
reardbe99,2007,Veterans - Contributors,,,,N,Umpire,Preliminary ballot (60 contributors)
reardje01,2000,BBWAA,499.0,375.0,24.0,N,Player,
reddidi01,2006,Negro League,,,,N,Player,
reddidi01,2022,Veterans - Early Baseball Era,16.0,12.0,,N,Player,<4 votes
renteed01,2017,BBWAA,442.0,332.0,2.0,N,Player,
reulbed01,2003,Veterans - Players,,,,N,Player,Preliminary ballot (200 players)
reulbed01,2005,Veterans - Players,,,,N,Player,Preliminary ballot (200 players)
reulbed01,2007,Veterans - Players,,,,N,Player,Preliminary ballot (200 players)
reyesjo01,2024,BBWAA,385.0,289.0,0.0,N,Player,
reynoal01,2000,Veterans,,,,N,Player,
reynoal01,2003,Veterans - Players,81.0,61.0,16.0,N,Player,
reynoal01,2005,Veterans - Players,,,,N,Player,Preliminary ballot (200 players)
reynoal01,2007,Veterans - Players,,,,N,Player,Preliminary ballot (200 players)
reynoal01,2009,Veterans - Pre-1943,12.0,9.0,8.0,N,Player,
reynoal01,2012,Veterans - Golden Era,16.0,12.0,,N,Player,<3 votes
reynoal01,2022,Veterans - Early Baseball Era,16.0,12.0,6.0,N,Player,
reynosh01,2010,BBWAA,539.0,405.0,0.0,N,Player,
rhodear01,2017,BBWAA,442.0,332.0,0.0,N,Player,
riceji01,2000,BBWAA,499.0,375.0,257.0,N,Player,
riceji01,2001,BBWAA,515.0,387.0,298.0,N,Player,
riceji01,2002,BBWAA,472.0,354.0,260.0,N,Player,
riceji01,2003,BBWAA,496.0,372.0,259.0,N,Player,
riceji01,2004,BBWAA,506.0,380.0,276.0,N,Player,
riceji01,2005,BBWAA,516.0,387.0,307.0,N,Player,
riceji01,2006,BBWAA,520.0,390.0,337.0,N,Player,
riceji01,2007,BBWAA,545.0,409.0,346.0,N,Player,
riceji01,2008,BBWAA,543.0,408.0,392.0,N,Player,
riceji01,2009,BBWAA,539.0,405.0,412.0,Y,Player,
richajr01,2003,Veterans - Players,,,,N,Player,Preliminary ballot (200 players)
richapa01,2003,Veterans - Contributors,79.0,60.0,10.0,N,Manager,
richapa01,2007,Veterans - Contributors,81.0,61.0,10.0,,Manager,
righeda01,2001,BBWAA,515.0,387.0,2.0,N,Player,
riglecy99,2003,Veterans - Contributors,,,,N,Umpire,Preliminary ballot (60 contributors)
riglecy99,2007,Veterans - Contributors,,,,N,Umpire,Preliminary ballot (60 contributors)
riglecy99,2008,Veterans - Managers and Umpires,16.0,12.0,,N,Umpire,<3 votes
rignebi01,2003,Veterans - Contributors,,,,N,Manager,Preliminary ballot (60 contributors)
rignebi01,2007,Veterans - Contributors,,,,N,Manager,Preliminary ballot (60 contributors)
rijojo01,2001,BBWAA,515.0,387.0,1.0,N,Player,
rijojo01,2008,BBWAA,543.0,408.0,0.0,N,Player,
ripkeca01,2007,BBWAA,545.0,409.0,537.0,Y,Player,
riverma01,2019,BBWAA,425.0,319.0,425.0,Y,Player,
rivermi01,2007,Veterans - Players,,,,N,Player,Preliminary ballot (200 players)
roberbr01,2020,BBWAA,397.0,298.0,0.0,N,Player,
rodnefe01,2025,BBWAA,394.0,296.0,0.0,N,Player,
rodrial01,2022,BBWAA,394.0,296.0,135.0,N,Player,
rodrial01,2023,BBWAA,389.0,292.0,139.0,N,Player,
rodrial01,2024,BBWAA,385.0,289.0,134.0,N,Player,
rodrial01,2025,BBWAA,394.0,296.0,146.0,N,Player,
rodrifr03,2023,BBWAA,389.0,292.0,42.0,N,Player,
rodrifr03,2024,BBWAA,385.0,289.0,30.0,N,Player,
rodrifr03,2025,BBWAA,394.0,296.0,40.0,N,Player,
rodriiv01,2017,BBWAA,442.0,332.0,336.0,Y,Player,
rogerke01,2014,BBWAA,571.0,429.0,1.0,N,Player,
rogerst01,2007,Veterans - Players,,,,N,Player,Preliminary ballot (200 players)
rolensc01,2018,BBWAA,422.0,317.0,43.0,N,Player,
rolensc01,2019,BBWAA,425.0,319.0,73.0,N,Player,
rolensc01,2020,BBWAA,397.0,298.0,140.0,N,Player,
rolensc01,2021,BBWAA,401.0,301.0,212.0,N,Player,
rolensc01,2022,BBWAA,394.0,296.0,249.0,N,Player,
rolensc01,2023,BBWAA,389.0,292.0,297.0,Y,Player,
rolliji01,2022,BBWAA,394.0,296.0,37.0,N,Player,
rolliji01,2023,BBWAA,389.0,292.0,50.0,N,Player,
rolliji01,2024,BBWAA,385.0,289.0,57.0,N,Player,
rolliji01,2025,BBWAA,394.0,296.0,71.0,N,Player,
rommeed01,2003,Veterans - Players,,,,N,Player,Preliminary ballot (200 players)
rommeed01,2005,Veterans - Players,,,,N,Player,Preliminary ballot (200 players)
rommeed01,2007,Veterans - Players,,,,N,Player,Preliminary ballot (200 players)
rootch01,2003,Veterans - Players,,,,N,Player,Preliminary ballot (200 players)
rootch01,2005,Veterans - Players,,,,N,Player,Preliminary ballot (200 players)
rootch01,2007,Veterans - Players,,,,N,Player,Preliminary ballot (200 players)
rosenal01,2003,Veterans - Players,,,,N,Player,Preliminary ballot (200 players)
rosenal01,2005,Veterans - Players,,,,N,Player,Preliminary ballot (200 players)
rosenal01,2007,Veterans - Players,,,,N,Player,Preliminary ballot (200 players)
rowesc01,2003,Veterans - Players,,,,N,Player,Preliminary ballot (200 players)
rowesc01,2005,Veterans - Players,,,,N,Player,Preliminary ballot (200 players)
rowesc01,2007,Veterans - Players,,,,N,Player,Preliminary ballot (200 players)
rueteki01,2011,BBWAA,581.0,436.0,0.0,N,Player,
runnepe01,2003,Veterans - Players,,,,N,Player,Preliminary ballot (200 players)
runnepe01,2005,Veterans - Players,,,,N,Player,Preliminary ballot (200 players)
ruperja99,2007,Veterans - Contributors,,,,N,Executive,Preliminary ballot (60 contributors)
ruperja99,2010,Veterans - Executives,16.0,12.0,7.0,N,Executive,
ruperja99,2013,Veterans - Pre-Integration Era,16.0,12.0,15.0,Y,Executive,
russeje01,2002,BBWAA,472.0,354.0,0.0,N,Player,
ryanji01,2000,Veterans,,,,N,Player,
ryanji01,2003,Veterans - Players,,,,N,Player,Preliminary ballot (200 players)
ryanji01,2005,Veterans - Players,,,,N,Player,Preliminary ballot (200 players)
ryanji01,2007,Veterans - Players,,,,N,Player,Preliminary ballot (200 players)
sabatcc01,2025,BBWAA,394.0,296.0,342.0,Y,Player,
saberbr01,2007,BBWAA,545.0,409.0,7.0,N,Player,
sainjo01,2003,Veterans - Players,,,,N,Player,Preliminary ballot (200 players)
sainjo01,2005,Veterans - Players,,,,N,Player,Preliminary ballot (200 players)
sainjo01,2007,Veterans - Players,,,,N,Player,Preliminary ballot (200 players)
sallesl01,2007,Veterans - Players,,,,N,Player,Preliminary ballot (200 players)
salmoti01,2012,BBWAA,573.0,430.0,5.0,N,Player,
samueju01,2004,BBWAA,506.0,380.0,2.0,N,Player,
sanchfr01,2017,BBWAA,442.0,332.0,0.0,N,Player,
sandbry01,2003,BBWAA,496.0,372.0,244.0,N,Player,
sandbry01,2004,BBWAA,506.0,380.0,309.0,N,Player,
sandbry01,2005,BBWAA,516.0,387.0,393.0,Y,Player,
sandere02,2013,BBWAA,569.0,427.0,0.0,N,Player,
sandesc02,2002,BBWAA,472.0,354.0,0.0,N,Player,
sanguma01,2003,Veterans - Players,,,,N,Player,Preliminary ballot (200 players)
santajo01,2018,BBWAA,422.0,317.0,10.0,N,Player,
santibe01,2011,BBWAA,581.0,436.0,1.0,N,Player,
santolo99,2006,Negro League,,,,Y,Player,
santoro01,2003,Veterans - Players,81.0,61.0,46.0,N,Player,
santoro01,2005,Veterans - Players,80.0,60.0,52.0,N,Player,
santoro01,2007,Veterans - Players,84.0,62.0,57.0,N,Player,
santoro01,2009,Veterans - 1943 and Later,64.0,48.0,39.0,N,Player,
santoro01,2012,Veterans - Golden Era,16.0,12.0,15.0,Y,Player,
sauerha01,2003,Veterans - Players,,,,N,Player,Preliminary ballot (200 players)
sauerha01,2005,Veterans - Players,,,,N,Player,Preliminary ballot (200 players)
saxst01,2000,BBWAA,499.0,375.0,2.0,N,Player,
scalege01,2006,Negro League,,,,N,Player,
scalege01,2022,Veterans - Early Baseball Era,16.0,12.0,4.0,N,Player,
schanwa01,2003,Veterans - Players,,,,N,Player,Preliminary ballot (200 players)
schanwa01,2005,Veterans - Players,,,,N,Player,Preliminary ballot (200 players)
schanwa01,2007,Veterans - Players,,,,N,Player,Preliminary ballot (200 players)
schilcu01,2013,BBWAA,569.0,427.0,221.0,N,Player,
schilcu01,2014,BBWAA,571.0,429.0,167.0,N,Player,
schilcu01,2015,BBWAA,549.0,412.0,215.0,N,Player,
schilcu01,2016,BBWAA,440.0,330.0,230.0,N,Player,
schilcu01,2017,BBWAA,442.0,332.0,199.0,N,Player,
schilcu01,2018,BBWAA,422.0,317.0,216.0,N,Player,
schilcu01,2019,BBWAA,425.0,319.0,259.0,N,Player,
schilcu01,2020,BBWAA,397.0,298.0,278.0,N,Player,
schilcu01,2021,BBWAA,401.0,301.0,285.0,N,Player,
schilcu01,2022,BBWAA,394.0,296.0,231.0,N,Player,
schilcu01,2023,Contemporary Era,16.0,12.0,7.0,N,Player,
schmija01,2015,BBWAA,549.0,412.0,0.0,N,Player,
schumha02,2003,Veterans - Players,,,,N,Player,Preliminary ballot (200 players)
schurjo99,2017,Veterans - Today's Game Era,16.0,12.0,16.0,Y,Executive,
scottge02,2003,Veterans - Players,,,,N,Player,Preliminary ballot (200 players)
scottge02,2005,Veterans - Players,,,,N,Player,Preliminary ballot (200 players)
scottge02,2007,Veterans - Players,,,,N,Player,Preliminary ballot (200 players)
seguida01,2010,BBWAA,539.0,405.0,1.0,N,Player,
seleaa01,2013,BBWAA,569.0,427.0,1.0,N,Player,
seligbu99,2017,Veterans - Today's Game Era,16.0,12.0,15.0,Y,Executive,
sewelri01,2003,Veterans - Players,,,,N,Player,Preliminary ballot (200 players)
sewelri01,2005,Veterans - Players,,,,N,Player,Preliminary ballot (200 players)
sewelri01,2007,Veterans - Players,,,,N,Player,Preliminary ballot (200 players)
sexsori01,2014,BBWAA,571.0,429.0,0.0,N,Player,
shawkbo01,2003,Veterans - Players,,,,N,Player,Preliminary ballot (200 players)
shawkbo01,2005,Veterans - Players,,,,N,Player,Preliminary ballot (200 players)
shawkbo01,2007,Veterans - Players,,,,N,Player,Preliminary ballot (200 players)
sheffga01,2015,BBWAA,549.0,412.0,64.0,N,Player,
sheffga01,2016,BBWAA,440.0,330.0,51.0,N,Player,
sheffga01,2017,BBWAA,442.0,332.0,59.0,N,Player,
sheffga01,2018,BBWAA,422.0,317.0,47.0,N,Player,
sheffga01,2019,BBWAA,425.0,319.0,58.0,N,Player,
sheffga01,2020,BBWAA,397.0,298.0,121.0,N,Player,
sheffga01,2021,BBWAA,401.0,301.0,163.0,N,Player,
sheffga01,2022,BBWAA,394.0,296.0,160.0,N,Player,
sheffga01,2023,BBWAA,389.0,292.0,214.0,N,Player,
sheffga01,2024,BBWAA,385.0,289.0,246.0,N,Player,
sheffga01,2026,Contemporary Baseball Era,16.0,12.0,,N,Player,<5 votes
shibebe99,2003,Veterans - Contributors,,,,N,Executive,Preliminary ballot (60 contributors)
shibebe99,2007,Veterans - Contributors,,,,N,Executive,Preliminary ballot (60 contributors)
shielja02,2024,BBWAA,385.0,289.0,0.0,N,Player,
shockur01,2003,Veterans - Players,,,,N,Player,Preliminary ballot (200 players)
shockur01,2005,Veterans - Players,,,,N,Player,Preliminary ballot (200 players)
shockur01,2007,Veterans - Players,,,,N,Player,Preliminary ballot (200 players)
sierrru01,2012,BBWAA,573.0,430.0,0.0,N,Player,
sievero01,2003,Veterans - Players,,,,N,Player,Preliminary ballot (200 players)
sievero01,2005,Veterans - Players,,,,N,Player,Preliminary ballot (200 players)
sievero01,2007,Veterans - Players,,,,N,Player,Preliminary ballot (200 players)
simmocu01,2003,Veterans - Players,,,,N,Player,Preliminary ballot (200 players)
simmocu01,2005,Veterans - Players,,,,N,Player,Preliminary ballot (200 players)
simmocu01,2007,Veterans - Players,,,,N,Player,Preliminary ballot (200 players)
simmote01,2011,Veterans - Expansion Era,16.0,12.0,,N,Player,<8 votes
simmote01,2014,Veterans - Expansion Era,16.0,12.0,,N,Player,<6 votes
simmote01,2018,Veterans - Modern Baseball Era,16.0,12.0,11.0,N,Player,
simmote01,2020,Veterans - Modern Baseball Era,16.0,12.0,13.0,Y,Player,
singlke01,2007,Veterans - Players,,,,N,Player,Preliminary ballot (200 players)
smithhi99,2001,Veterans,,,,Y,Player,
smithle02,2003,BBWAA,496.0,372.0,210.0,N,Player,
smithle02,2004,BBWAA,506.0,380.0,185.0,N,Player,
smithle02,2005,BBWAA,516.0,387.0,200.0,N,Player,
smithle02,2006,BBWAA,520.0,390.0,234.0,N,Player,
smithle02,2007,BBWAA,545.0,409.0,217.0,N,Player,
smithle02,2008,BBWAA,543.0,408.0,235.0,N,Player,
smithle02,2009,BBWAA,539.0,405.0,240.0,N,Player,
smithle02,2010,BBWAA,539.0,405.0,255.0,N,Player,
smithle02,2011,BBWAA,581.0,436.0,263.0,N,Player,
smithle02,2012,BBWAA,573.0,430.0,290.0,N,Player,
smithle02,2013,BBWAA,569.0,427.0,272.0,N,Player,
smithle02,2014,BBWAA,571.0,429.0,171.0,N,Player,
smithle02,2015,BBWAA,549.0,412.0,166.0,N,Player,
smithle02,2016,BBWAA,440.0,330.0,150.0,N,Player,
smithle02,2017,BBWAA,442.0,332.0,151.0,N,Player,
smithle02,2019,Veterans - Today's Game Era,16.0,12.0,16.0,Y,Player,
smithlo01,2000,BBWAA,499.0,375.0,1.0,N,Player,
smithoz01,2002,BBWAA,472.0,354.0,433.0,Y,Player,
smithre06,2005,Veterans - Players,,,,N,Player,Preliminary ballot (200 players)
smithre06,2007,Veterans - Players,,,,N,Player,Preliminary ballot (200 players)
smoltjo01,2015,BBWAA,549.0,412.0,455.0,Y,Player,
snowjt01,2014,BBWAA,571.0,429.0,2.0,N,Player,
somerch99,2003,Veterans - Contributors,,,,N,Executive,Preliminary ballot (60 contributors)
somerch99,2007,Veterans - Contributors,,,,N,Executive,Preliminary ballot (60 contributors)
soriaal01,2020,BBWAA,397.0,298.0,6.0,N,Player,
sosasa01,2013,BBWAA,569.0,427.0,71.0,N,Player,
sosasa01,2014,BBWAA,571.0,429.0,41.0,N,Player,
sosasa01,2015,BBWAA,549.0,412.0,36.0,N,Player,
sosasa01,2016,BBWAA,440.0,330.0,31.0,N,Player,
sosasa01,2017,BBWAA,442.0,332.0,38.0,N,Player,
sosasa01,2018,BBWAA,422.0,317.0,33.0,N,Player,
sosasa01,2019,BBWAA,425.0,319.0,36.0,N,Player,
sosasa01,2020,BBWAA,397.0,298.0,55.0,N,Player,
sosasa01,2021,BBWAA,401.0,301.0,68.0,N,Player,
sosasa01,2022,BBWAA,394.0,296.0,73.0,N,Player,
southbi01,2003,Veterans - Contributors,,,,N,Manager,Preliminary ballot (60 contributors)
southbi01,2007,Veterans - Contributors,,,,N,Manager,Preliminary ballot (60 contributors)
southbi01,2008,Veterans - Managers and Umpires,16.0,12.0,13.0,Y,Manager,
stairma01,2017,BBWAA,442.0,332.0,0.0,N,Player,
stallge01,2003,Veterans - Contributors,,,,N,Manager,Preliminary ballot (60 contributors)
stantmi01,2013,BBWAA,569.0,427.0,0.0,N,Player,
staubru01,2007,Veterans - Players,,,,N,Player,Preliminary ballot (200 players)
staubru01,2011,Veterans - Expansion Era,16.0,12.0,,N,Player,<8 votes
steartu99,2000,Veterans,,,,Y,Player,
steinge99,2011,Veterans - Expansion Era,16.0,12.0,,N,Executive,<8 votes
steinge99,2014,Veterans - Expansion Era,16.0,12.0,,N,Executive,<6 votes
steinge99,2017,Veterans - Today's Game Era,16.0,12.0,,N,Executive,<5 votes
steinge99,2019,Veterans - Today's Game Era,16.0,12.0,,N,Executive,<5 votes
steinte01,2005,BBWAA,516.0,387.0,1.0,N,Player,
stephri01,2003,Veterans - Players,,,,N,Player,Preliminary ballot (200 players)
stephri01,2005,Veterans - Players,,,,N,Player,Preliminary ballot (200 players)
stephri01,2007,Veterans - Players,,,,N,Player,Preliminary ballot (200 players)
stephve01,2003,Veterans - Players,,,,N,Player,Preliminary ballot (200 players)
stephve01,2005,Veterans - Players,,,,N,Player,Preliminary ballot (200 players)
stephve01,2007,Veterans - Players,,,,N,Player,Preliminary ballot (200 players)
stephve01,2009,Veterans - Pre-1943,12.0,9.0,,N,Player,<3 votes
stewada01,2001,BBWAA,515.0,387.0,38.0,N,Player,
stewada01,2002,BBWAA,472.0,354.0,23.0,N,Player,
stiebda01,2004,BBWAA,506.0,380.0,7.0,N,Player,
stottme01,2003,Veterans - Players,,,,N,Player,Preliminary ballot (200 players)
stottme01,2005,Veterans - Players,,,,N,Player,Preliminary ballot (200 players)
stottme01,2007,Veterans - Players,,,,N,Player,Preliminary ballot (200 players)
stottto01,2008,BBWAA,543.0,408.0,1.0,N,Player,
stoveha01,2003,Veterans - Players,,,,N,Player,Preliminary ballot (200 players)
stoveha01,2005,Veterans - Players,,,,N,Player,Preliminary ballot (200 players)
stoveha01,2007,Veterans - Players,,,,N,Player,Preliminary ballot (200 players)
stoveha01,2016,Veterans - Pre-Integration Era,16.0,12.0,8.0,N,Player,
strawda01,2005,BBWAA,516.0,387.0,6.0,N,Player,
streehu01,2023,BBWAA,389.0,292.0,1.0,N,Player,
summebi99,2003,Veterans - Contributors,,,,N,Umpire,Preliminary ballot (60 contributors)
summebi99,2007,Veterans - Contributors,,,,N,Umpire,Preliminary ballot (60 contributors)
surhobj01,2011,BBWAA,581.0,436.0,2.0,N,Player,
sutclri01,2000,BBWAA,499.0,375.0,9.0,N,Player,
suttebr01,2000,BBWAA,499.0,375.0,192.0,N,Player,
suttebr01,2001,BBWAA,515.0,387.0,245.0,N,Player,
suttebr01,2002,BBWAA,472.0,354.0,238.0,N,Player,
suttebr01,2003,BBWAA,496.0,372.0,266.0,N,Player,
suttebr01,2004,BBWAA,506.0,380.0,301.0,N,Player,
suttebr01,2005,BBWAA,516.0,387.0,344.0,N,Player,
suttebr01,2006,BBWAA,520.0,390.0,400.0,Y,Player,
suttlmu99,2006,Negro League,,,,Y,Player,
suzukic01,2025,BBWAA,394.0,296.0,393.0,Y,Player,
sweenmi01,2016,BBWAA,440.0,330.0,3.0,N,Player,
swishni01,2021,BBWAA,401.0,301.0,0.0,N,Player,
tallice99,2003,Veterans - Contributors,,,,N,Executive,Preliminary ballot (60 contributors)
tannech01,2003,Veterans - Contributors,,,,N,Manager,Preliminary ballot (60 contributors)
tannech01,2007,Veterans - Contributors,,,,N,Manager,Preliminary ballot (60 contributors)
tanneje01,2003,Veterans - Players,,,,N,Player,Preliminary ballot (200 players)
tanneje01,2005,Veterans - Players,,,,N,Player,Preliminary ballot (200 players)
tanneje01,2007,Veterans - Players,,,,N,Player,Preliminary ballot (200 players)
tartada01,2003,BBWAA,496.0,372.0,1.0,N,Player,
taylobe99,2006,Negro League,,,,Y,Player,
tayloca99,2006,Negro League,,,,N,Manager,
tayloci99,2006,Negro League,,,,N,Executive,
tayloto02,2003,Veterans - Players,,,,N,Player,Preliminary ballot (200 players)
tayloto02,2005,Veterans - Players,,,,N,Player,Preliminary ballot (200 players)
tebbebi01,2003,Veterans - Contributors,,,,N,Executive,Preliminary ballot (60 contributors)
tebbebi01,2007,Veterans - Contributors,,,,N,Executive,Preliminary ballot (60 contributors)
tebeapa01,2003,Veterans - Contributors,,,,N,Manager,Preliminary ballot (60 contributors)
teixema01,2022,BBWAA,394.0,296.0,6.0,N,Player,
tejadmi01,2019,BBWAA,425.0,319.0,5.0,N,Player,
templjo01,2003,Veterans - Players,,,,N,Player,Preliminary ballot (200 players)
templjo01,2005,Veterans - Players,,,,N,Player,Preliminary ballot (200 players)
tennefr02,2003,Veterans - Players,,,,N,Player,Preliminary ballot (200 players)
tennefr02,2005,Veterans - Players,,,,N,Player,Preliminary ballot (200 players)
tennefr02,2007,Veterans - Players,,,,N,Player,Preliminary ballot (200 players)
tettlmi01,2003,BBWAA,496.0,372.0,0.0,N,Player,
tewksbo01,2004,BBWAA,506.0,380.0,0.0,N,Player,
thomafr04,2014,BBWAA,571.0,429.0,478.0,Y,Player,
thomeji01,2018,BBWAA,422.0,317.0,379.0,Y,Player,
thompro01,2002,BBWAA,472.0,354.0,0.0,N,Player,
thomsbo01,2003,Veterans - Players,,,,N,Player,Preliminary ballot (200 players)
thomsbo01,2005,Veterans - Players,,,,N,Player,Preliminary ballot (200 players)
thomsbo01,2007,Veterans - Players,,,,N,Player,Preliminary ballot (200 players)
tiantlu01,2000,BBWAA,499.0,375.0,86.0,N,Player,
tiantlu01,2001,BBWAA,515.0,387.0,63.0,N,Player,
tiantlu01,2002,BBWAA,472.0,354.0,85.0,N,Player,
tiantlu01,2005,Veterans - Players,80.0,60.0,20.0,N,Player,
tiantlu01,2007,Veterans - Players,84.0,62.0,15.0,N,Player,
tiantlu01,2009,Veterans - 1943 and Later,64.0,48.0,13.0,N,Player,
tiantlu01,2012,Veterans - Golden Era,16.0,12.0,,N,Player,<3 votes
tiantlu01,2015,Veterans - Golden Era,16.0,12.0,,N,Player,<3 votes
tiantlu01,2018,Veterans - Modern Baseball Era,16.0,12.0,,N,Player,<7 votes
tiantlu01,2025,Classic Baseball Era,16.0,12.0,,N,Player,<5 votes
tiernmi01,2003,Veterans - Players,,,,N,Player,Preliminary ballot (200 players)
tiernmi01,2005,Veterans - Players,,,,N,Player,Preliminary ballot (200 players)
tiernmi01,2007,Veterans - Players,,,,N,Player,Preliminary ballot (200 players)
timlimi01,2014,BBWAA,571.0,429.0,0.0,N,Player,
torrejo01,2003,Veterans - Players,81.0,61.0,29.0,N,Player,
torrejo01,2005,Veterans - Players,80.0,60.0,36.0,N,Player,
torrejo01,2007,Veterans - Players,84.0,62.0,26.0,N,Player,
torrejo01,2009,Veterans - 1943 and Later,64.0,48.0,19.0,N,Player,
torrejo01,2014,Veterans - Expansion Era,16.0,12.0,16.0,Y,Manager,
torricr99,2006,Negro League,,,,Y,Player,
trammal01,2002,BBWAA,472.0,354.0,74.0,N,Player,
trammal01,2003,BBWAA,496.0,372.0,70.0,N,Player,
trammal01,2004,BBWAA,506.0,380.0,70.0,N,Player,
trammal01,2005,BBWAA,516.0,387.0,87.0,N,Player,
trammal01,2006,BBWAA,520.0,390.0,92.0,N,Player,
trammal01,2007,BBWAA,545.0,409.0,73.0,N,Player,
trammal01,2008,BBWAA,543.0,408.0,99.0,N,Player,
trammal01,2009,BBWAA,539.0,405.0,94.0,N,Player,
trammal01,2010,BBWAA,539.0,405.0,121.0,N,Player,
trammal01,2011,BBWAA,581.0,436.0,141.0,N,Player,
trammal01,2012,BBWAA,573.0,430.0,211.0,N,Player,
trammal01,2013,BBWAA,569.0,427.0,191.0,N,Player,
trammal01,2014,BBWAA,571.0,429.0,119.0,N,Player,
trammal01,2015,BBWAA,549.0,412.0,138.0,N,Player,
trammal01,2016,BBWAA,440.0,330.0,180.0,N,Player,
trammal01,2018,Veterans - Modern Baseball Era,16.0,12.0,13.0,Y,Player,
travice01,2003,Veterans - Players,,,,N,Player,Preliminary ballot (200 players)
travice01,2005,Veterans - Players,,,,N,Player,Preliminary ballot (200 players)
travice01,2007,Veterans - Players,84.0,62.0,12.0,N,Player,
troskha01,2003,Veterans - Players,,,,N,Player,Preliminary ballot (200 players)
troskha01,2005,Veterans - Players,,,,N,Player,Preliminary ballot (200 players)
troskha01,2007,Veterans - Players,,,,N,Player,Preliminary ballot (200 players)
truckvi01,2003,Veterans - Players,,,,N,Player,Preliminary ballot (200 players)
truckvi01,2005,Veterans - Players,,,,N,Player,Preliminary ballot (200 players)
truckvi01,2007,Veterans - Players,,,,N,Player,Preliminary ballot (200 players)
tulowtr01,2025,BBWAA,394.0,296.0,4.0,N,Player,
utleych01,2024,BBWAA,385.0,289.0,111.0,N,Player,
utleych01,2025,BBWAA,394.0,296.0,157.0,N,Player,
valenfe01,2003,BBWAA,496.0,372.0,31.0,N,Player,
valenfe01,2004,BBWAA,506.0,380.0,19.0,N,Player,
valenfe01,2026,Contemporary Baseball Era,16.0,12.0,,N,Player,<5 votes
valvejo01,2020,BBWAA,397.0,298.0,0.0,N,Player,
vandejo01,2003,Veterans - Players,,,,N,Player,Preliminary ballot (200 players)
vandejo01,2005,Veterans - Players,,,,N,Player,Preliminary ballot (200 players)
vandejo01,2007,Veterans - Players,,,,N,Player,Preliminary ballot (200 players)
vanhage01,2003,Veterans - Players,,,,N,Player,Preliminary ballot (200 players)
vanhage01,2005,Veterans - Players,,,,N,Player,Preliminary ballot (200 players)
vanhage01,2007,Veterans - Players,,,,N,Player,Preliminary ballot (200 players)
vanslan01,2001,BBWAA,515.0,387.0,0.0,N,Player,
varitja01,2017,BBWAA,442.0,332.0,2.0,N,Player,
vaughgr01,2009,BBWAA,539.0,405.0,0.0,N,Player,
vaughmo01,2009,BBWAA,539.0,405.0,6.0,N,Player,
veachbo01,2003,Veterans - Players,,,,N,Player,Preliminary ballot (200 players)
veachbo01,2005,Veterans - Players,,,,N,Player,Preliminary ballot (200 players)
veachbo01,2007,Veterans - Players,,,,N,Player,Preliminary ballot (200 players)
venturo01,2010,BBWAA,539.0,405.0,7.0,N,Player,
vernomi01,2003,Veterans - Players,,,,N,Player,Preliminary ballot (200 players)
vernomi01,2005,Veterans - Players,,,,N,Player,Preliminary ballot (200 players)
vernomi01,2007,Veterans - Players,84.0,62.0,14.0,N,Player,
vernomi01,2009,Veterans - Pre-1943,12.0,9.0,5.0,N,Player,
victosh01,2021,BBWAA,401.0,301.0,0.0,N,Player,
violafr01,2002,BBWAA,472.0,354.0,2.0,N,Player,
vizquom01,2018,BBWAA,422.0,317.0,156.0,N,Player,
vizquom01,2019,BBWAA,425.0,319.0,182.0,N,Player,
vizquom01,2020,BBWAA,397.0,298.0,209.0,N,Player,
vizquom01,2021,BBWAA,401.0,301.0,197.0,N,Player,
vizquom01,2022,BBWAA,394.0,296.0,94.0,N,Player,
vizquom01,2023,BBWAA,389.0,292.0,76.0,N,Player,
vizquom01,2024,BBWAA,385.0,289.0,68.0,N,Player,
vizquom01,2025,BBWAA,394.0,296.0,70.0,N,Player,
vondech99,2003,Veterans - Contributors,,,,N,Executive,Preliminary ballot (60 contributors)
vondech99,2007,Veterans - Contributors,,,,N,Executive,Preliminary ballot (60 contributors)
vondech99,2016,Veterans - Pre-Integration Era,16.0,12.0,,N,Executive,<4 votes
wagnebi02,2016,BBWAA,440.0,330.0,46.0,N,Player,
wagnebi02,2017,BBWAA,442.0,332.0,45.0,N,Player,
wagnebi02,2018,BBWAA,422.0,317.0,47.0,N,Player,
wagnebi02,2019,BBWAA,425.0,319.0,71.0,N,Player,
wagnebi02,2020,BBWAA,397.0,298.0,126.0,N,Player,
wagnebi02,2021,BBWAA,401.0,301.0,186.0,N,Player,
wagnebi02,2022,BBWAA,394.0,296.0,201.0,N,Player,
wagnebi02,2023,BBWAA,389.0,292.0,265.0,N,Player,
wagnebi02,2024,BBWAA,385.0,289.0,284.0,N,Player,
wagnebi02,2025,BBWAA,394.0,296.0,325.0,Y,Player,
wakefti01,2017,BBWAA,442.0,332.0,1.0,N,Player,
walkedi02,2003,Veterans - Players,,,,N,Player,Preliminary ballot (200 players)
walkedi02,2005,Veterans - Players,,,,N,Player,Preliminary ballot (200 players)
walkedi02,2007,Veterans - Players,,,,N,Player,Preliminary ballot (200 players)
walkela01,2011,BBWAA,581.0,436.0,118.0,N,Player,
walkela01,2012,BBWAA,573.0,430.0,131.0,N,Player,
walkela01,2013,BBWAA,569.0,427.0,123.0,N,Player,
walkela01,2014,BBWAA,571.0,429.0,58.0,N,Player,
walkela01,2015,BBWAA,549.0,412.0,65.0,N,Player,
walkela01,2016,BBWAA,440.0,330.0,68.0,N,Player,
walkela01,2017,BBWAA,442.0,332.0,97.0,N,Player,
walkela01,2018,BBWAA,422.0,317.0,144.0,N,Player,
walkela01,2019,BBWAA,425.0,319.0,232.0,N,Player,
walkela01,2020,BBWAA,397.0,298.0,304.0,Y,Player,
walketo04,2013,BBWAA,569.0,427.0,0.0,N,Player,
wallati01,2002,BBWAA,472.0,354.0,1.0,N,Player,
waltebu01,2003,Veterans - Players,,,,N,Player,Preliminary ballot (200 players)
waltebu01,2005,Veterans - Players,,,,N,Player,Preliminary ballot (200 players)
waltebu01,2007,Veterans - Players,,,,N,Player,Preliminary ballot (200 players)
waltebu01,2009,Veterans - Pre-1943,12.0,9.0,4.0,N,Player,
waltebu01,2013,Veterans - Pre-Integration Era,16.0,12.0,,N,Player,<3 votes
waltebu01,2016,Veterans - Pre-Integration Era,16.0,12.0,,N,Player,<4 votes
warnelo01,2003,Veterans - Players,,,,N,Player,Preliminary ballot (200 players)
warnelo01,2005,Veterans - Players,,,,N,Player,Preliminary ballot (200 players)
warnelo01,2007,Veterans - Players,,,,N,Player,Preliminary ballot (200 players)
watsobo01,2007,Veterans - Players,,,,N,Player,Preliminary ballot (200 players)
weaveje02,2023,BBWAA,389.0,292.0,0.0,N,Player,
weisswa01,2006,BBWAA,520.0,390.0,1.0,N,Player,
welchbo01,2000,BBWAA,499.0,375.0,1.0,N,Player,
wellsda01,2013,BBWAA,569.0,427.0,5.0,N,Player,
wellsve01,2019,BBWAA,425.0,319.0,0.0,N,Player,
werthja01,2023,BBWAA,389.0,292.0,0.0,N,Player,
westjo99,2024,Contemporary Baseball Era Non-Players,16.0,12.0,,N,Umpire,<5 votes
wettejo01,2006,BBWAA,520.0,390.0,4.0,N,Player,
weyerle99,2003,Veterans - Contributors,,,,N,Umpire,Preliminary ballot (60 contributors)
weyerle99,2007,Veterans - Contributors,,,,N,Umpire,Preliminary ballot (60 contributors)
whitalo01,2001,BBWAA,515.0,387.0,15.0,N,Player,
whitalo01,2020,Veterans - Modern Baseball Era,16.0,12.0,6.0,N,Player,
whitebi01,2003,Veterans - Contributors,79.0,60.0,22.0,N,Executive,
whitebi01,2007,Veterans - Contributors,81.0,61.0,24.0,,Executive,
whitebi01,2010,Veterans - Executives,16.0,12.0,,N,Executive,<3 votes
whitebi01,2024,Contemporary Baseball Era Non-Players,16.0,12.0,10.0,N,Executive,
whitede01,2009,Veterans - Pre-1943,12.0,9.0,5.0,N,Player,
whitede01,2013,Veterans - Pre-Integration Era,16.0,12.0,14.0,Y,Player,
whitede03,2007,BBWAA,545.0,409.0,0.0,N,Player,
whitero02,2013,BBWAA,569.0,427.0,0.0,N,Player,
whiteso99,2006,Negro League,,,,Y,Executive,
whitewi01,2003,Veterans - Players,,,,N,Player,Preliminary ballot (200 players)
whitewi01,2005,Veterans - Players,,,,N,Player,Preliminary ballot (200 players)
whitewi01,2007,Veterans - Players,,,,N,Player,Preliminary ballot (200 players)
wilkijl99,2006,Negro League,,,,Y,Executive,
willibe02,2012,BBWAA,573.0,430.0,55.0,N,Player,
willibe02,2013,BBWAA,569.0,427.0,19.0,N,Player,
willicy01,2003,Veterans - Players,,,,N,Player,Preliminary ballot (200 players)
willicy01,2005,Veterans - Players,,,,N,Player,Preliminary ballot (200 players)
willicy01,2007,Veterans - Players,,,,N,Player,Preliminary ballot (200 players)
willidi02,2000,Veterans,,,,N,Manager,
willidi02,2001,Veterans,,,,N,Manager,
willidi02,2003,Veterans - Contributors,79.0,60.0,33.0,N,Manager,
willidi02,2007,Veterans - Contributors,81.0,61.0,30.0,,Manager,
willidi02,2008,Veterans - Managers and Umpires,16.0,12.0,13.0,Y,Manager,
willike01,2003,Veterans - Players,81.0,61.0,8.0,N,Player,
willike01,2005,Veterans - Players,,,,N,Player,Preliminary ballot (200 players)
willike01,2007,Veterans - Players,,,,N,Player,Preliminary ballot (200 players)
willima04,2009,BBWAA,539.0,405.0,7.0,N,Player,
willimi02,2003,BBWAA,496.0,372.0,0.0,N,Player,
williwo02,2013,BBWAA,569.0,427.0,0.0,N,Player,
willsma01,2003,Veterans - Players,81.0,61.0,24.0,N,Player,
willsma01,2005,Veterans - Players,80.0,60.0,26.0,N,Player,
willsma01,2007,Veterans - Players,84.0,62.0,33.0,N,Player,
willsma01,2009,Veterans - 1943 and Later,64.0,48.0,15.0,N,Player,
willsma01,2015,Veterans - Golden Era,16.0,12.0,9.0,N,Player,
willsma01,2022,Veterans - Golden Age Era,16.0,12.0,,N,Player,<4 votes
wilsoju99,2006,Negro League,,,,Y,Player,
wilsowi02,2000,BBWAA,499.0,375.0,10.0,N,Player,
winfida01,2001,BBWAA,515.0,387.0,435.0,Y,Player,
winnra01,2016,BBWAA,440.0,330.0,0.0,N,Player,
wittbo01,2007,BBWAA,545.0,409.0,0.0,N,Player,
womacto01,2012,BBWAA,573.0,430.0,0.0,N,Player,
woodjo02,2005,Veterans - Players,80.0,60.0,2.0,N,Player,
woodjo02,2007,Veterans - Players,,,,N,Player,Preliminary ballot (200 players)
woodke02,2018,BBWAA,422.0,317.0,2.0,N,Player,
woodwi01,2003,Veterans - Players,,,,N,Player,Preliminary ballot (200 players)
woodwi01,2005,Veterans - Players,,,,N,Player,Preliminary ballot (200 players)
woodwi01,2007,Veterans - Players,,,,N,Player,Preliminary ballot (200 players)
worreto01,2003,BBWAA,496.0,372.0,0.0,N,Player,
wrighda03,2024,BBWAA,385.0,289.0,24.0,N,Player,
wrighda03,2025,BBWAA,394.0,296.0,32.0,N,Player,
wrighgl01,2003,Veterans - Players,,,,N,Player,Preliminary ballot (200 players)
wrighgl01,2005,Veterans - Players,,,,N,Player,Preliminary ballot (200 players)
wriglph99,2003,Veterans - Contributors,79.0,60.0,9.0,N,Executive,
wriglph99,2007,Veterans - Contributors,81.0,61.0,9.0,N,Executive,
wynnji01,2003,Veterans - Players,,,,N,Player,Preliminary ballot (200 players)
wynnji01,2005,Veterans - Players,,,,N,Player,Preliminary ballot (200 players)
wynnji01,2007,Veterans - Players,,,,N,Player,Preliminary ballot (200 players)
yorkru01,2003,Veterans - Players,,,,N,Player,Preliminary ballot (200 players)
yorkru01,2005,Veterans - Players,,,,N,Player,Preliminary ballot (200 players)
yorkru01,2007,Veterans - Players,,,,N,Player,Preliminary ballot (200 players)
youklke01,2019,BBWAA,425.0,319.0,0.0,N,Player,
younger01,2012,BBWAA,573.0,430.0,1.0,N,Player,
youngmi02,2019,BBWAA,425.0,319.0,9.0,N,Player,
zambrca01,2018,BBWAA,422.0,317.0,0.0,N,Player,
zeileto01,2010,BBWAA,539.0,405.0,0.0,N,Player,
zimmedo01,2007,Veterans - Contributors,,,,N,Manager,Preliminary ballot (60 contributors)
zitoba01,2021,BBWAA,401.0,301.0,1.0,N,Player,
zobribe01,2025,BBWAA,394.0,296.0,0.0,N,Player,
