Date,Start Time (Sask),Start Time (EDT),Away,Away Score,Home,Home Score,Status,Away Starter,Home Starter,Winner,Loser,Save
2026-03-25,6:05 PM,8:05 PM,New York Yankees,7,San Francisco Giants,0,Final,Max Fried,Logan Webb,Max Fried,Logan Webb,
2026-03-26,11:15 AM,1:15 PM,Pittsburgh Pirates,7,New York Mets,11,Final,Paul Skenes,Freddy Peralta,Freddy Peralta,Paul Skenes,
2026-03-26,12:10 PM,2:10 PM,Chicago White Sox,2,Milwaukee Brewers,14,Final,Shane Smith,Jacob Misiorowski,Jacob Misiorowski,Shane Smith,
2026-03-26,12:20 PM,2:20 PM,Washington Nationals,10,Chicago Cubs,4,Final,Cade Cavalli,Matthew Boyd,Brad Lord,Matthew Boyd,
2026-03-26,1:05 PM,3:05 PM,Minnesota Twins,1,Baltimore Orioles,2,Final,Joe Ryan,Trevor Rogers,Trevor Rogers,Kody Funderburk,Ryan Helsley
2026-03-26,2:10 PM,4:10 PM,Boston Red Sox,3,Cincinnati Reds,0,Final,Garrett Crochet,Andrew Abbott,Garrett Crochet,Pierce Johnson,Aroldis Chapman
2026-03-26,2:10 PM,4:10 PM,Los Angeles Angels,3,Houston Astros,0,Final,José Soriano,Hunter Brown,José Soriano,AJ Blubaugh,Jordan Romano
2026-03-26,2:10 PM,4:10 PM,Detroit Tigers,8,San Diego Padres,2,Final,Tarik Skubal,Nick Pivetta,Tarik Skubal,Nick Pivetta,
2026-03-26,2:15 PM,4:15 PM,Tampa Bay Rays,7,St. Louis Cardinals,9,Final,Drew Rasmussen,Matthew Liberatore,Riley O'Brien,Garrett Cleavinger,Ryne Stanek
2026-03-26,2:15 PM,4:15 PM,Texas Rangers,3,Philadelphia Phillies,5,Final,Nathan Eovaldi,Cristopher Sánchez,Cristopher Sánchez,Nathan Eovaldi,Jhoan Duran
2026-03-26,6:30 PM,8:30 PM,Arizona Diamondbacks,2,Los Angeles Dodgers,8,Final,Zac Gallen,Yoshinobu Yamamoto,Yoshinobu Yamamoto,Zac Gallen,
2026-03-26,8:10 PM,10:10 PM,Cleveland Guardians,6,Seattle Mariners,4,Final,Tanner Bibee,Logan Gilbert,Connor Brogdon,Gabe Speier,Cade Smith
2026-03-27,2:35 PM,4:35 PM,New York Yankees,3,San Francisco Giants,0,Final,Cam Schlittler,Robbie Ray,Cam Schlittler,Robbie Ray,David Bednar
2026-03-27,5:07 PM,7:07 PM,Athletics,2,Toronto Blue Jays,3,Final,Luis Severino,Kevin Gausman,Jeff Hoffman,Justin Sterner,
2026-03-27,5:10 PM,7:10 PM,Colorado Rockies,1,Miami Marlins,2,Final,Kyle Freeland,Sandy Alcantara,Sandy Alcantara,Kyle Freeland,Pete Fairbanks
2026-03-27,5:15 PM,7:15 PM,Kansas City Royals,0,Atlanta Braves,6,Final,Cole Ragans,Chris Sale,Chris Sale,Cole Ragans,
2026-03-27,6:15 PM,8:15 PM,Los Angeles Angels,6,Houston Astros,2,Final,Yusei Kikuchi,Mike Burrows,Ryan Zeferjahn,Mike Burrows,
2026-03-27,7:40 PM,9:40 PM,Detroit Tigers,5,San Diego Padres,2,Final,Framber Valdez,Michael King,Enmanuel De Jesus,Jeremiah Estrada,Kenley Jansen
2026-03-27,7:45 PM,9:45 PM,Cleveland Guardians,1,Seattle Mariners,5,Final,Gavin Williams,George Kirby,George Kirby,Gavin Williams,
2026-03-27,8:10 PM,10:10 PM,Arizona Diamondbacks,4,Los Angeles Dodgers,5,Final,Ryne Nelson,Emmet Sheehan,Edgardo Henriquez,Kevin Ginkel,Edwin Díaz
2026-03-28,12:15 PM,2:15 PM,Tampa Bay Rays,5,St. Louis Cardinals,6,Final,Joe Boyle,Michael McGreevy,Ryne Stanek,Griffin Jax,
2026-03-28,12:20 PM,2:20 PM,Washington Nationals,2,Chicago Cubs,10,Final,Miles Mikolas,Cade Horton,Cade Horton,Miles Mikolas,
2026-03-28,1:07 PM,3:07 PM,Athletics,7,Toronto Blue Jays,8,Final,Jeffrey Springs,Dylan Cease,Spencer Miles,Luis Medina,
2026-03-28,2:05 PM,4:05 PM,Minnesota Twins,4,Baltimore Orioles,1,Final,Taj Bradley,Kyle Bradish,Anthony Banda,Kyle Bradish,Cole Sands
2026-03-28,2:05 PM,4:05 PM,Texas Rangers,5,Philadelphia Phillies,4,Final,Jacob Latz,Aaron Nola,Chris Martin,Jhoan Duran,Tyler Alexander
2026-03-28,2:10 PM,4:10 PM,Boston Red Sox,5,Cincinnati Reds,6,Final,Sonny Gray,Brady Singer,Connor Phillips,Justin Slaten,
2026-03-28,2:10 PM,4:10 PM,Pittsburgh Pirates,2,New York Mets,4,Final,Mitch Keller,David Peterson,Richard Lovelady,Hunter Barco,
2026-03-28,2:10 PM,4:10 PM,Colorado Rockies,3,Miami Marlins,4,Final,Michael Lorenzen,Eury Pérez,Calvin Faucher,Jaden Hill,Pete Fairbanks
2026-03-28,5:10 PM,7:10 PM,Los Angeles Angels,9,Houston Astros,11,Final,Reid Detmers,Cristian Javier,Kai-Wei Teng,Walbert Urena,
2026-03-28,5:10 PM,7:10 PM,Chicago White Sox,1,Milwaukee Brewers,6,Final,Sean Burke,Chad Patrick,Aaron Ashby,Sean Burke,
2026-03-28,5:15 PM,7:15 PM,Kansas City Royals,2,Atlanta Braves,6,Final,Michael Wacha,Reynaldo López,Osvaldo Bido,Carlos Estévez,
2026-03-28,5:15 PM,7:15 PM,New York Yankees,3,San Francisco Giants,1,Final,Will Warren,Tyler Mahle,Jake Bird,Tyler Mahle,David Bednar
2026-03-28,6:40 PM,8:40 PM,Detroit Tigers,0,San Diego Padres,3,Final,Jack Flaherty,Randy Vásquez,Randy Vásquez,Jack Flaherty,Mason Miller
2026-03-28,7:10 PM,9:10 PM,Arizona Diamondbacks,2,Los Angeles Dodgers,3,Final,Eduardo Rodriguez,Tyler Glasnow,Will Klein,Juan Morillo,Edwin Díaz
2026-03-28,7:40 PM,9:40 PM,Cleveland Guardians,6,Seattle Mariners,5,Final,Joey Cantillo,Bryan Woo,Cade Smith,Andrés Muñoz,Connor Brogdon
2026-03-29,11:35 AM,1:35 PM,Minnesota Twins,6,Baltimore Orioles,8,Final,Bailey Ober,Shane Baz,Rico Garcia,Mick Abel,Ryan Helsley
2026-03-29,11:35 AM,1:35 PM,Texas Rangers,8,Philadelphia Phillies,3,Final,MacKenzie Gore,Jesús Luzardo,MacKenzie Gore,Jesús Luzardo,
2026-03-29,11:35 AM,1:35 PM,Kansas City Royals,4,Atlanta Braves,1,Final,Seth Lugo,Grant Holmes,Seth Lugo,Grant Holmes,Lucas Erceg
2026-03-29,11:37 AM,1:37 PM,Athletics,2,Toronto Blue Jays,5,Final,Luis Morales,Eric Lauer,Eric Lauer,Luis Morales,Jeff Hoffman
2026-03-29,11:40 AM,1:40 PM,Boston Red Sox,2,Cincinnati Reds,3,Final,Connelly Early,Rhett Lowder,Brock Burke,Greg Weissert,Emilio Pagán
2026-03-29,11:40 AM,1:40 PM,Pittsburgh Pirates,4,New York Mets,3,Final,Carmen Mlodzinski,Nolan McLean,Dennis Santana,Richard Lovelady,José Urquidy
2026-03-29,11:40 AM,1:40 PM,Colorado Rockies,3,Miami Marlins,4,Final,Jose Quintana,Max Meyer,Michael Petersen,Victor Vodnik,
2026-03-29,12:10 PM,2:10 PM,Los Angeles Angels,7,Houston Astros,9,Final,Jack Kochanowicz,Tatsuya Imai,AJ Blubaugh,Drew Pomeranz,Bryan King
2026-03-29,12:10 PM,2:10 PM,Chicago White Sox,7,Milwaukee Brewers,9,Final,Anthony Kay,Brandon Sproat,Jake Woodford,Seranthony Domínguez,Trevor Megill
2026-03-29,12:15 PM,2:15 PM,Tampa Bay Rays,11,St. Louis Cardinals,7,Final,Steven Matz,Dustin May,Steven Matz,Dustin May,
2026-03-29,12:20 PM,2:20 PM,Washington Nationals,6,Chicago Cubs,3,Final,Jake Irvin,Shota Imanaga,Jake Irvin,Shota Imanaga,Clayton Beeter
2026-03-29,5:20 PM,7:20 PM,Cleveland Guardians,0,Seattle Mariners,8,Final,Slade Cecconi,Emerson Hancock,Emerson Hancock,Slade Cecconi,Cooper Criswell
2026-03-30,2:10 PM,4:10 PM,Minnesota Twins,1,Kansas City Royals,3,Final,Simeon Woods Richardson,Kris Bubic,Kris Bubic,Simeon Woods Richardson,John Schreiber
2026-03-30,4:35 PM,6:35 PM,Texas Rangers,5,Baltimore Orioles,2,Final,Jack Leiter,Chris Bassitt,Jack Leiter,Chris Bassitt,Tyler Alexander
2026-03-30,4:40 PM,6:40 PM,Pittsburgh Pirates,0,Cincinnati Reds,2,Final,Braxton Ashcraft,Chase Burns,Chase Burns,Braxton Ashcraft,Connor Phillips
2026-03-30,4:40 PM,6:40 PM,Washington Nationals,13,Philadelphia Phillies,2,Final,Foster Griffin,Taijuan Walker,Foster Griffin,Taijuan Walker,
2026-03-30,4:40 PM,6:40 PM,Chicago White Sox,9,Miami Marlins,4,Final,Davis Martin,Chris Paddack,Davis Martin,Chris Paddack,Jordan Hicks
2026-03-30,5:07 PM,7:07 PM,Colorado Rockies,14,Toronto Blue Jays,5,Final,Tomoyuki Sugano,Cody Ponce,Chase Dollander,Louis Varland,
2026-03-30,5:15 PM,7:15 PM,Athletics,0,Atlanta Braves,4,Final,Jacob Lopez,Bryce Elder,Bryce Elder,Jacob Lopez,
2026-03-30,5:40 PM,7:40 PM,Los Angeles Angels,2,Chicago Cubs,7,Final,Ryan Johnson,Edward Cabrera,Edward Cabrera,Ryan Johnson,Colin Rea
2026-03-30,5:40 PM,7:40 PM,Tampa Bay Rays,3,Milwaukee Brewers,2,Final,Nick Martinez,Kyle Harrison,Garrett Cleavinger,Trevor Megill,Kevin Kelly
2026-03-30,5:45 PM,7:45 PM,New York Mets,4,St. Louis Cardinals,2,Final,Clay Holmes,Kyle Leahy,Clay Holmes,Kyle Leahy,Devin Williams
2026-03-30,6:10 PM,8:10 PM,Boston Red Sox,1,Houston Astros,8,Final,Ranger Suarez,Lance McCullers Jr.,Lance McCullers Jr.,Ranger Suarez,
2026-03-30,7:40 PM,9:40 PM,San Francisco Giants,3,San Diego Padres,2,Final,Landen Roupp,Walker Buehler,Landen Roupp,Walker Buehler,Ryan Walker
2026-03-30,7:40 PM,9:40 PM,New York Yankees,1,Seattle Mariners,2,Final,Ryan Weathers,Luis Castillo,Matt Brash,Paul Blackburn,
2026-03-30,8:10 PM,10:10 PM,Detroit Tigers,6,Arizona Diamondbacks,9,Final,Justin Verlander,Michael Soroka,Michael Soroka,Justin Verlander,Paul Sewald
2026-03-30,8:10 PM,10:10 PM,Cleveland Guardians,4,Los Angeles Dodgers,2,Final,Parker Messick,Roki Sasaki,Parker Messick,Roki Sasaki,
2026-03-31,4:35 PM,6:35 PM,Texas Rangers,8,Baltimore Orioles,5,Final,Jacob deGrom,Zach Eflin,Cole Winn,Yennier Cano,
2026-03-31,4:40 PM,6:40 PM,Pittsburgh Pirates,8,Cincinnati Reds,3,Final,Bubba Chandler,Brandon Williamson,Yohan Ramírez,Brandon Williamson,
2026-03-31,4:40 PM,6:40 PM,Washington Nationals,2,Philadelphia Phillies,3,Final,PJ Poulin,Andrew Painter,Andrew Painter,Zack Littell,Jhoan Duran
2026-03-31,4:40 PM,6:40 PM,Chicago White Sox,2,Miami Marlins,9,Final,Erick Fedde,Janson Junk,Anthony Bender,Erick Fedde,
2026-03-31,5:07 PM,7:07 PM,Colorado Rockies,1,Toronto Blue Jays,5,Final,Ryan Feltner,Max Scherzer,Max Scherzer,Juan Mejia,
2026-03-31,5:15 PM,7:15 PM,Athletics,5,Atlanta Braves,2,Final,Aaron Civale,José Suarez,Aaron Civale,José Suarez,Mark Leiter Jr.
2026-03-31,5:40 PM,7:40 PM,Los Angeles Angels,2,Chicago Cubs,0,Final,José Soriano,Jameson Taillon,José Soriano,Phil Maton,Jordan Romano
2026-03-31,5:40 PM,7:40 PM,Tampa Bay Rays,2,Milwaukee Brewers,6,Final,Shane McClanahan,Brandon Woodruff,Brandon Woodruff,Shane McClanahan,
2026-03-31,5:45 PM,7:45 PM,New York Mets,0,St. Louis Cardinals,3,Final,Kodai Senga,Andre Pallante,Andre Pallante,Kodai Senga,Riley O'Brien
2026-03-31,6:10 PM,8:10 PM,Boston Red Sox,2,Houston Astros,9,Final,Brayan Bello,Hunter Brown,Hunter Brown,Brayan Bello,Cody Bolton
2026-03-31,7:40 PM,9:40 PM,Detroit Tigers,5,Arizona Diamondbacks,7,Final,Casey Mize,Brandon Pfaadt,Andrew Hoffmann,Will Vest,Paul Sewald
2026-03-31,7:40 PM,9:40 PM,San Francisco Giants,9,San Diego Padres,3,Final,Logan Webb,Germán Márquez,Logan Webb,Germán Márquez,
2026-03-31,7:40 PM,9:40 PM,New York Yankees,5,Seattle Mariners,0,Final,Max Fried,Logan Gilbert,Max Fried,Logan Gilbert,
2026-03-31,8:10 PM,10:10 PM,Cleveland Guardians,1,Los Angeles Dodgers,4,Final,Tanner Bibee,Shohei Ohtani,Shohei Ohtani,Tanner Bibee,
2026-04-01,10:15 AM,12:15 PM,Athletics,1,Atlanta Braves,5,Final,Luis Severino,Chris Sale,Chris Sale,Luis Severino,
2026-04-01,10:35 AM,12:35 PM,Texas Rangers,3,Baltimore Orioles,8,Final,Nathan Eovaldi,Trevor Rogers,Trevor Rogers,Nathan Eovaldi,Albert Suárez
2026-04-01,10:40 AM,12:40 PM,Pittsburgh Pirates,8,Cincinnati Reds,3,Final,Paul Skenes,Andrew Abbott,Paul Skenes,Andrew Abbott,
2026-04-01,11:05 AM,1:05 PM,Washington Nationals,5,Philadelphia Phillies,6,Final,Cade Cavalli,Cristopher Sánchez,Jhoan Duran,Cole Henry,
2026-04-01,11:07 AM,1:07 PM,Colorado Rockies,2,Toronto Blue Jays,1,Final,Kyle Freeland,Kevin Gausman,Brennan Bernardino,Brendon Little,Jimmy Herget
2026-04-01,11:10 AM,1:10 PM,Chicago White Sox,0,Miami Marlins,10,Final,Shane Smith,Sandy Alcantara,Sandy Alcantara,Shane Smith,
2026-04-01,11:15 AM,1:15 PM,New York Mets,1,St. Louis Cardinals,2,Final,Freddy Peralta,Matthew Liberatore,Gordon Graceffo,Tobias Myers,
2026-04-01,11:40 AM,1:40 PM,Tampa Bay Rays,2,Milwaukee Brewers,8,Final,Drew Rasmussen,Jacob Misiorowski,Aaron Ashby,Griffin Jax,
2026-04-01,12:10 PM,2:10 PM,Boston Red Sox,4,Houston Astros,6,Final,Garrett Crochet,Mike Burrows,Mike Burrows,Garrett Crochet,Bryan Abreu
2026-04-01,12:20 PM,2:20 PM,Los Angeles Angels,2,Chicago Cubs,6,Final,Yusei Kikuchi,Matthew Boyd,Matthew Boyd,Yusei Kikuchi,
2026-04-01,1:40 PM,3:40 PM,Detroit Tigers,0,Arizona Diamondbacks,1,Final,Tarik Skubal,Zac Gallen,Zac Gallen,Tarik Skubal,Jonathan Loáisiga
2026-04-01,2:10 PM,4:10 PM,San Francisco Giants,1,San Diego Padres,7,Final,Adrian Houser,Nick Pivetta,Nick Pivetta,Adrian Houser,Mason Miller
2026-04-01,2:10 PM,4:10 PM,New York Yankees,5,Seattle Mariners,3,Final,Cam Schlittler,George Kirby,Cam Schlittler,George Kirby,David Bednar
2026-04-01,5:40 PM,7:40 PM,Minnesota Twins,9,Kansas City Royals,13,Final,Joe Ryan,Noah Cameron,Noah Cameron,Joe Ryan,Lucas Erceg
2026-04-01,6:20 PM,8:20 PM,Cleveland Guardians,4,Los Angeles Dodgers,1,Final,Gavin Williams,Yoshinobu Yamamoto,Gavin Williams,Yoshinobu Yamamoto,
2026-04-02,12:10 PM,2:10 PM,Minnesota Twins,5,Kansas City Royals,1,Final,Taj Bradley,Cole Ragans,Taj Bradley,Cole Ragans,
2026-04-02,7:40 PM,9:40 PM,Atlanta Braves,17,Arizona Diamondbacks,2,Final,Reynaldo López,Ryne Nelson,Reynaldo López,Ryne Nelson,Osvaldo Bido
2026-04-02,7:45 PM,9:45 PM,New York Mets,2,San Francisco Giants,7,Final,David Peterson,Robbie Ray,Robbie Ray,David Peterson,Blade Tidwell
2026-04-03,11:05 AM,1:05 PM,Los Angeles Dodgers,13,Washington Nationals,6,Final,Emmet Sheehan,Miles Mikolas,Emmet Sheehan,Miles Mikolas,
2026-04-03,11:10 AM,1:10 PM,St. Louis Cardinals,0,Detroit Tigers,4,Final,Michael McGreevy,Framber Valdez,Framber Valdez,Michael McGreevy,
2026-04-03,11:35 AM,1:35 PM,Miami Marlins,2,New York Yankees,8,Final,Eury Pérez,Will Warren,Will Warren,Eury Pérez,
2026-04-03,12:10 PM,2:10 PM,San Diego Padres,2,Boston Red Sox,5,Final,Michael King,Sonny Gray,Sonny Gray,Michael King,Aroldis Chapman
2026-04-03,12:10 PM,2:10 PM,Toronto Blue Jays,4,Chicago White Sox,5,Final,Dylan Cease,Grant Taylor,Seranthony Domínguez,Jeff Hoffman,
2026-04-03,2:05 PM,4:05 PM,Cincinnati Reds,5,Texas Rangers,3,Final,Brady Singer,MacKenzie Gore,Tony Santillan,Chris Martin,Emilio Pagán
2026-04-03,2:10 PM,4:10 PM,Chicago Cubs,1,Cleveland Guardians,4,Final,Cade Horton,Joey Cantillo,Connor Brogdon,Hunter Harvey,Cade Smith
2026-04-03,2:10 PM,4:10 PM,Tampa Bay Rays,4,Minnesota Twins,10,Final,Joe Boyle,Bailey Ober,Kody Funderburk,Kevin Kelly,
2026-04-03,2:10 PM,4:10 PM,Philadelphia Phillies,10,Colorado Rockies,1,Final,Aaron Nola,Michael Lorenzen,Aaron Nola,Michael Lorenzen,
2026-04-03,2:12 PM,4:12 PM,Baltimore Orioles,4,Pittsburgh Pirates,5,Final,Kyle Bradish,Mitch Keller,Mitch Keller,Kyle Bradish,Gregory Soto
2026-04-03,7:38 PM,9:38 PM,Seattle Mariners,3,Los Angeles Angels,1,Final,Bryan Woo,Reid Detmers,Andrés Muñoz,Brent Suter,Gabe Speier
2026-04-03,7:40 PM,9:40 PM,Houston Astros,4,Athletics,11,Final,Cristian Javier,Jeffrey Springs,Jeffrey Springs,Cristian Javier,
2026-04-03,7:45 PM,9:45 PM,Atlanta Braves,2,Arizona Diamondbacks,0,Final,Grant Holmes,Eduardo Rodriguez,Robert Suarez,Paul Sewald,Raisel Iglesias
2026-04-03,8:15 PM,10:15 PM,New York Mets,10,San Francisco Giants,3,Final,Nolan McLean,Tyler Mahle,Nolan McLean,Tyler Mahle,
2026-04-04,11:10 AM,1:10 PM,St. Louis Cardinals,6,Detroit Tigers,11,Final,Dustin May,Jack Flaherty,Brant Hurter,Dustin May,
2026-04-04,12:10 PM,2:10 PM,Toronto Blue Jays,3,Chicago White Sox,6,Final,Mason Fluharty,Grant Taylor,Chris Murphy,Brendon Little,Seranthony Domínguez
2026-04-04,12:10 PM,2:10 PM,Milwaukee Brewers,5,Kansas City Royals,2,Final,Chad Patrick,Luinder Avila,Chad Patrick,Luinder Avila,Trevor Megill
2026-04-04,2:05 PM,4:05 PM,Los Angeles Dodgers,10,Washington Nationals,5,Final,Tyler Glasnow,Jake Irvin,Tyler Glasnow,Jake Irvin,
2026-04-04,2:05 PM,4:05 PM,Houston Astros,11,Athletics,0,Final,Tatsuya Imai,Luis Morales,Tatsuya Imai,Luis Morales,
2026-04-04,2:05 PM,4:05 PM,Baltimore Orioles,2,Pittsburgh Pirates,3,Final,Shane Baz,Carmen Mlodzinski,Dennis Santana,Ryan Helsley,
2026-04-04,2:10 PM,4:10 PM,San Diego Padres,3,Boston Red Sox,2,Final,Randy Vásquez,Connelly Early,Adrian Morejon,Aroldis Chapman,Mason Miller
2026-04-04,5:05 PM,7:05 PM,Cincinnati Reds,2,Texas Rangers,0,Final,Rhett Lowder,Kumar Rocker,Rhett Lowder,Kumar Rocker,Emilio Pagán
2026-04-04,5:05 PM,7:05 PM,Miami Marlins,7,New York Yankees,9,Final,Max Meyer,Ryan Weathers,Brent Headrick,Michael Petersen,David Bednar
2026-04-04,5:10 PM,7:10 PM,Milwaukee Brewers,2,Kansas City Royals,8,Final,Logan Henderson,Seth Lugo,Nick Mears,Brandon Sproat,Eli Morgan
2026-04-04,5:10 PM,7:10 PM,Tampa Bay Rays,7,Minnesota Twins,1,Final,Steven Matz,Mick Abel,Steven Matz,Mick Abel,
2026-04-04,5:15 PM,7:15 PM,Atlanta Braves,1,Arizona Diamondbacks,2,Final,Bryce Elder,Michael Soroka,Michael Soroka,Bryce Elder,Paul Sewald
2026-04-04,6:10 PM,8:10 PM,Philadelphia Phillies,2,Colorado Rockies,1,Final,Jesús Luzardo,Brennan Bernardino,Jesús Luzardo,Chase Dollander,Jhoan Duran
2026-04-04,7:05 PM,9:05 PM,New York Mets,9,San Francisco Giants,0,Final,Clay Holmes,Landen Roupp,Clay Holmes,Landen Roupp,
2026-04-04,7:38 PM,9:38 PM,Seattle Mariners,0,Los Angeles Angels,1,Final,Emerson Hancock,Jack Kochanowicz,Jack Kochanowicz,Emerson Hancock,Jordan Romano
2026-04-05,11:10 AM,1:10 PM,Chicago Cubs,1,Cleveland Guardians,0,Final,Edward Cabrera,Slade Cecconi,Caleb Thielbar,Connor Brogdon,Daniel Palencia
2026-04-05,11:15 AM,1:15 PM,Chicago Cubs,5,Cleveland Guardians,6,Final,Shota Imanaga,Parker Messick,Shawn Armstrong,Jacob Webb,Cade Smith
2026-04-05,11:35 AM,1:35 PM,Los Angeles Dodgers,8,Washington Nationals,6,Final,Roki Sasaki,Foster Griffin,Jack Dreyer,Cionel Pérez,Edwin Díaz
2026-04-05,11:35 AM,1:35 PM,Baltimore Orioles,2,Pittsburgh Pirates,8,Final,Chris Bassitt,Braxton Ashcraft,Braxton Ashcraft,Chris Bassitt,
2026-04-05,11:35 AM,1:35 PM,San Diego Padres,8,Boston Red Sox,6,Final,Walker Buehler,Ranger Suarez,Jeremiah Estrada,Tyler Uberstine,Mason Miller
2026-04-05,11:35 AM,1:35 PM,Miami Marlins,7,New York Yankees,6,Final,Pete Fairbanks,Max Fried,John King,Jake Bird,Anthony Bender
2026-04-05,12:10 PM,2:10 PM,Tampa Bay Rays,4,Minnesota Twins,1,Final,Nick Martinez,Simeon Woods Richardson,Bryan Baker,Justin Topa,Kevin Kelly
2026-04-05,12:10 PM,2:10 PM,Toronto Blue Jays,0,Chicago White Sox,3,Final,Eric Lauer,Davis Martin,Davis Martin,Eric Lauer,Chris Murphy
2026-04-05,12:10 PM,2:10 PM,Milwaukee Brewers,8,Kansas City Royals,5,Final,Kyle Harrison,Kris Bubic,Kyle Harrison,Kris Bubic,Trevor Megill
2026-04-05,12:35 PM,2:35 PM,Cincinnati Reds,2,Texas Rangers,1,Final,Chase Burns,Jack Leiter,Sam Moll,Robert Garcia,Brock Burke
2026-04-05,1:10 PM,3:10 PM,Philadelphia Phillies,1,Colorado Rockies,4,Final,Taijuan Walker,Tomoyuki Sugano,Tomoyuki Sugano,Taijuan Walker,Victor Vodnik
2026-04-05,2:05 PM,4:05 PM,Houston Astros,10,Athletics,12,Final,Lance McCullers Jr.,Jacob Lopez,Elvis Alvarado,Bryan Abreu,
2026-04-05,2:05 PM,4:05 PM,New York Mets,5,San Francisco Giants,2,Final,Kodai Senga,Logan Webb,Huascar Brazobán,Keaton Winn,Devin Williams
2026-04-05,2:07 PM,4:07 PM,Seattle Mariners,7,Los Angeles Angels,8,Final,Luis Castillo,George Klassen,Shaun Anderson,Gabe Speier,
2026-04-05,2:10 PM,4:10 PM,Atlanta Braves,5,Arizona Diamondbacks,6,Final,Martín Pérez,Brandon Pfaadt,Taylor Rashi,Joel Payamps,
2026-04-05,5:20 PM,7:20 PM,St. Louis Cardinals,5,Detroit Tigers,3,Final,Kyle Leahy,Keider Montero,Kyle Leahy,Keider Montero,Riley O'Brien
2026-04-06,2:10 PM,4:10 PM,Chicago Cubs,4,Tampa Bay Rays,6,Final,Jameson Taillon,Shane McClanahan,Kevin Kelly,Jameson Taillon,Bryan Baker
2026-04-06,4:10 PM,6:10 PM,Kansas City Royals,4,Cleveland Guardians,2,Final,Michael Wacha,Tanner Bibee,Michael Wacha,Peyton Pallette,Lucas Erceg
2026-04-06,4:40 PM,6:40 PM,San Diego Padres,5,Pittsburgh Pirates,0,Final,Germán Márquez,Bubba Chandler,Germán Márquez,Bubba Chandler,
2026-04-06,4:40 PM,6:40 PM,Cincinnati Reds,2,Miami Marlins,0,Final,Brandon Williamson,Janson Junk,Brandon Williamson,Janson Junk,Emilio Pagán
2026-04-06,4:45 PM,6:45 PM,St. Louis Cardinals,6,Washington Nationals,9,Final,Andre Pallante,Zack Littell,Cionel Pérez,Matt Svanson,
2026-04-06,4:45 PM,6:45 PM,Milwaukee Brewers,8,Boston Red Sox,6,Final,Brandon Woodruff,Brayan Bello,Aaron Ashby,Garrett Whitlock,Angel Zerpa
2026-04-06,5:07 PM,7:07 PM,Los Angeles Dodgers,14,Toronto Blue Jays,2,Final,Justin Wrobleski,Max Scherzer,Justin Wrobleski,Max Scherzer,
2026-04-06,5:40 PM,7:40 PM,Detroit Tigers,3,Minnesota Twins,7,Final,Casey Mize,Joe Ryan,Joe Ryan,Casey Mize,Cody Laweryson
2026-04-06,5:40 PM,7:40 PM,Baltimore Orioles,2,Chicago White Sox,1,Final,Brandon Young,Grant Taylor,Brandon Young,Erick Fedde,Ryan Helsley
2026-04-06,6:05 PM,8:05 PM,Seattle Mariners,1,Texas Rangers,2,Final,Logan Gilbert,Jacob deGrom,Jalen Beeks,Logan Gilbert,Jakob Junis
2026-04-06,6:40 PM,8:40 PM,Houston Astros,7,Colorado Rockies,9,Final,Cody Bolton,Ryan Feltner,Ryan Feltner,Ryan Weiss,Juan Mejia
2026-04-06,7:38 PM,9:38 PM,Atlanta Braves,2,Los Angeles Angels,6,Final,Chris Sale,José Soriano,José Soriano,Chris Sale,Jordan Romano
2026-04-06,7:45 PM,9:45 PM,Philadelphia Phillies,6,San Francisco Giants,4,Final,Andrew Painter,Adrian Houser,Jonathan Bowlan,Ryan Borucki,Jhoan Duran
2026-04-07,11:10 AM,1:10 PM,Kansas City Royals,1,Cleveland Guardians,2,Final,Noah Cameron,Gavin Williams,Cade Smith,John Schreiber,
2026-04-07,1:10 PM,3:10 PM,Baltimore Orioles,4,Chicago White Sox,2,Final,Trevor Rogers,Shane Smith,Yennier Cano,Jordan Hicks,Ryan Helsley
2026-04-07,2:10 PM,4:10 PM,Arizona Diamondbacks,3,New York Mets,4,Final,Zac Gallen,Freddy Peralta,Luke Weaver,Paul Sewald,
2026-04-07,4:40 PM,6:40 PM,San Diego Padres,1,Pittsburgh Pirates,7,Final,Nick Pivetta,Paul Skenes,Paul Skenes,Nick Pivetta,
2026-04-07,4:40 PM,6:40 PM,Chicago Cubs,9,Tampa Bay Rays,2,Final,Javier Assad,Mason Englert,Javier Assad,Mason Englert,
2026-04-07,4:40 PM,6:40 PM,Cincinnati Reds,6,Miami Marlins,3,Final,Andrew Abbott,Sandy Alcantara,Emilio Pagán,Calvin Faucher,
2026-04-07,4:45 PM,6:45 PM,St. Louis Cardinals,7,Washington Nationals,6,Final,Matthew Liberatore,Cade Cavalli,George Soriano,Cole Henry,Riley O'Brien
2026-04-07,4:45 PM,6:45 PM,Milwaukee Brewers,2,Boston Red Sox,3,Final,Jacob Misiorowski,Garrett Crochet,Garrett Crochet,Jacob Misiorowski,Aroldis Chapman
2026-04-07,5:05 PM,7:05 PM,Athletics,3,New York Yankees,5,Final,Aaron Civale,Cam Schlittler,Fernando Cruz,Mark Leiter Jr.,David Bednar
2026-04-07,5:07 PM,7:07 PM,Los Angeles Dodgers,4,Toronto Blue Jays,1,Final,Yoshinobu Yamamoto,Kevin Gausman,Yoshinobu Yamamoto,Kevin Gausman,Edwin Díaz
2026-04-07,5:40 PM,7:40 PM,Detroit Tigers,2,Minnesota Twins,4,Final,Tarik Skubal,Taj Bradley,Taj Bradley,Tarik Skubal,Justin Topa
2026-04-07,6:05 PM,8:05 PM,Seattle Mariners,2,Texas Rangers,3,Final,George Kirby,Nathan Eovaldi,Nathan Eovaldi,George Kirby,Jakob Junis
2026-04-07,6:40 PM,8:40 PM,Houston Astros,1,Colorado Rockies,5,Final,Mike Burrows,Kyle Freeland,Kyle Freeland,Mike Burrows,Antonio Senzatela
2026-04-07,7:38 PM,9:38 PM,Atlanta Braves,7,Los Angeles Angels,2,Final,Reynaldo López,Yusei Kikuchi,Tyler Kinley,Yusei Kikuchi,Raisel Iglesias
2026-04-07,7:45 PM,9:45 PM,Philadelphia Phillies,0,San Francisco Giants,6,Final,Cristopher Sánchez,Robbie Ray,Robbie Ray,Cristopher Sánchez,
2026-04-08,10:35 AM,12:35 PM,San Diego Padres,8,Pittsburgh Pirates,2,Final,Michael King,Mitch Keller,Michael King,Justin Lawrence,
2026-04-08,11:10 AM,1:10 PM,Kansas City Royals,2,Cleveland Guardians,10,Final,Cole Ragans,Joey Cantillo,Joey Cantillo,Cole Ragans,Matt Festa
2026-04-08,11:35 AM,1:35 PM,Milwaukee Brewers,0,Boston Red Sox,5,Final,Shane Drohan,Sonny Gray,Sonny Gray,Shane Drohan,
2026-04-08,12:10 PM,2:10 PM,Baltimore Orioles,5,Chicago White Sox,3,Final,Kyle Bradish,Sean Burke,Kyle Bradish,Lucas Sims,Rico Garcia
2026-04-08,12:35 PM,2:35 PM,Seattle Mariners,0,Texas Rangers,3,Final,Bryan Woo,MacKenzie Gore,MacKenzie Gore,Bryan Woo,Cole Winn
2026-04-08,1:07 PM,3:07 PM,Los Angeles Dodgers,3,Toronto Blue Jays,4,Final,Shohei Ohtani,Dylan Cease,Tyler Rogers,Ben Casparius,Jeff Hoffman
2026-04-08,1:10 PM,3:10 PM,Houston Astros,1,Colorado Rockies,9,Final,Cristian Javier,Michael Lorenzen,Michael Lorenzen,AJ Blubaugh,Zach Agnos
2026-04-08,1:45 PM,3:45 PM,Philadelphia Phillies,0,San Francisco Giants,5,Final,Aaron Nola,Tyler Mahle,Matt Gage,Aaron Nola,
2026-04-08,2:05 PM,4:05 PM,St. Louis Cardinals,6,Washington Nationals,1,Final,Michael McGreevy,Miles Mikolas,Michael McGreevy,Miles Mikolas,
2026-04-08,2:07 PM,4:07 PM,Atlanta Braves,8,Los Angeles Angels,2,Final,Grant Holmes,Reid Detmers,Grant Holmes,Reid Detmers,
2026-04-08,2:10 PM,4:10 PM,Arizona Diamondbacks,7,New York Mets,2,Final,Ryne Nelson,David Peterson,Ryne Nelson,David Peterson,
2026-04-08,4:40 PM,6:40 PM,Chicago Cubs,6,Tampa Bay Rays,2,Final,Colin Rea,Joe Boyle,Colin Rea,Joe Boyle,
2026-04-08,4:40 PM,6:40 PM,Cincinnati Reds,4,Miami Marlins,7,Final,Brady Singer,Eury Pérez,Eury Pérez,Brady Singer,Michael Petersen
2026-04-08,5:05 PM,7:05 PM,Athletics,3,New York Yankees,2,Final,Luis Severino,Will Warren,Elvis Alvarado,David Bednar,Joel Kuhnel
2026-04-08,5:40 PM,7:40 PM,Detroit Tigers,6,Minnesota Twins,8,Final,Framber Valdez,Bailey Ober,Bailey Ober,Framber Valdez,Kody Funderburk
2026-04-09,10:10 AM,12:10 PM,Cincinnati Reds,1,Miami Marlins,8,Final,Rhett Lowder,Max Meyer,Max Meyer,Rhett Lowder,Tyler Phillips
2026-04-09,11:35 AM,1:35 PM,Athletics,1,New York Yankees,0,Final,Jeffrey Springs,Ryan Weathers,Jeffrey Springs,Ryan Weathers,Hogan Harris
2026-04-09,11:40 AM,1:40 PM,Detroit Tigers,1,Minnesota Twins,3,Final,Jack Flaherty,Mick Abel,Garrett Acton,Will Vest,Eric Orze
2026-04-09,5:10 PM,7:10 PM,Arizona Diamondbacks,7,New York Mets,1,Final,Eduardo Rodriguez,Nolan McLean,Eduardo Rodriguez,Nolan McLean,
2026-04-09,5:40 PM,7:40 PM,Chicago White Sox,2,Kansas City Royals,0,Final,Anthony Kay,Seth Lugo,Anthony Kay,Seth Lugo,Seranthony Domínguez
2026-04-09,7:40 PM,9:40 PM,Colorado Rockies,3,San Diego Padres,7,Final,Jimmy Herget,Randy Vásquez,David Morgan,Valente Bellozo,
2026-04-10,12:20 PM,2:20 PM,Pittsburgh Pirates,2,Chicago Cubs,0,Final,Carmen Mlodzinski,Shota Imanaga,Mason Montgomery,Caleb Thielbar,Dennis Santana
2026-04-10,4:40 PM,6:40 PM,Arizona Diamondbacks,5,Philadelphia Phillies,4,Final,Michael Soroka,Jesús Luzardo,Michael Soroka,Jesús Luzardo,Paul Sewald
2026-04-10,4:40 PM,6:40 PM,Miami Marlins,0,Detroit Tigers,2,Final,Chris Paddack,Keider Montero,Keider Montero,Chris Paddack,Kenley Jansen
2026-04-10,4:45 PM,6:45 PM,Los Angeles Angels,10,Cincinnati Reds,2,Final,Jack Kochanowicz,Chase Burns,Jack Kochanowicz,Chase Burns,
2026-04-10,5:07 PM,7:07 PM,Minnesota Twins,4,Toronto Blue Jays,10,Final,Simeon Woods Richardson,Patrick Corbin,Joe Mantiply,Simeon Woods Richardson,
2026-04-10,5:10 PM,7:10 PM,Athletics,4,New York Mets,0,Final,J.T. Ginn,Clay Holmes,Jack Perkins,Clay Holmes,
2026-04-10,5:10 PM,7:10 PM,New York Yankees,3,Tampa Bay Rays,5,Final,Luis Gil,Steven Matz,Steven Matz,Luis Gil,Bryan Baker
2026-04-10,5:15 PM,7:15 PM,San Francisco Giants,6,Baltimore Orioles,3,Final,Landen Roupp,Shane Baz,Landen Roupp,Shane Baz,
2026-04-10,5:15 PM,7:15 PM,Cleveland Guardians,5,Atlanta Braves,11,Final,Slade Cecconi,Bryce Elder,Tyler Kinley,Slade Cecconi,
2026-04-10,5:40 PM,7:40 PM,Chicago White Sox,0,Kansas City Royals,2,Final,Davis Martin,Kris Bubic,Kris Bubic,Davis Martin,Lucas Erceg
2026-04-10,5:40 PM,7:40 PM,Washington Nationals,7,Milwaukee Brewers,3,Final,Jake Irvin,Aaron Ashby,PJ Poulin,Trevor Megill,
2026-04-10,6:15 PM,8:15 PM,Boston Red Sox,2,St. Louis Cardinals,3,Final,Connelly Early,Dustin May,Dustin May,Zack Kelly,Riley O'Brien
2026-04-10,7:40 PM,9:40 PM,Colorado Rockies,2,San Diego Padres,5,Final,Tomoyuki Sugano,Walker Buehler,Mason Miller,Juan Mejia,
2026-04-10,7:40 PM,9:40 PM,Houston Astros,6,Seattle Mariners,9,Final,Tatsuya Imai,Emerson Hancock,Emerson Hancock,Ryan Weiss,Andrés Muñoz
2026-04-10,8:10 PM,10:10 PM,Texas Rangers,7,Los Angeles Dodgers,8,Final,Kumar Rocker,Tyler Glasnow,Edwin Díaz,Jacob Latz,
2026-04-11,11:05 AM,1:05 PM,Arizona Diamondbacks,3,Philadelphia Phillies,4,Final,Brandon Pfaadt,Taijuan Walker,Taijuan Walker,Brandon Pfaadt,Jhoan Duran
2026-04-11,11:10 AM,1:10 PM,Miami Marlins,1,Detroit Tigers,6,Final,Janson Junk,Casey Mize,Casey Mize,Janson Junk,Drew Anderson
2026-04-11,12:20 PM,2:20 PM,Pittsburgh Pirates,4,Chicago Cubs,3,Final,Braxton Ashcraft,Edward Cabrera,Yohan Ramírez,Caleb Thielbar,
2026-04-11,1:07 PM,3:07 PM,Minnesota Twins,7,Toronto Blue Jays,4,Final,Joe Ryan,Eric Lauer,Joe Ryan,Eric Lauer,
2026-04-11,2:10 PM,4:10 PM,Los Angeles Angels,3,Cincinnati Reds,7,Final,George Klassen,Brandon Williamson,Pierce Johnson,George Klassen,
2026-04-11,2:10 PM,4:10 PM,Athletics,11,New York Mets,6,Final,Jacob Lopez,Kodai Senga,Jacob Lopez,Kodai Senga,
2026-04-11,2:10 PM,4:10 PM,Chicago White Sox,0,Kansas City Royals,2,Final,Erick Fedde,Michael Wacha,Michael Wacha,Erick Fedde,Lucas Erceg
2026-04-11,4:10 PM,6:10 PM,New York Yankees,4,Tampa Bay Rays,5,Final,Max Fried,Nick Martinez,Cole Sulser,David Bednar,
2026-04-11,5:10 PM,7:10 PM,Washington Nationals,3,Milwaukee Brewers,1,Final,Foster Griffin,Kyle Harrison,Foster Griffin,Kyle Harrison,Clayton Beeter
2026-04-11,5:15 PM,7:15 PM,San Francisco Giants,2,Baltimore Orioles,6,Final,Logan Webb,Chris Bassitt,Grant Wolfram,Logan Webb,
2026-04-11,5:15 PM,7:15 PM,Boston Red Sox,7,St. Louis Cardinals,1,Final,Ranger Suarez,Kyle Leahy,Ranger Suarez,Kyle Leahy,
2026-04-11,5:15 PM,7:15 PM,Cleveland Guardians,6,Atlanta Braves,0,Final,Parker Messick,Martín Pérez,Parker Messick,Martín Pérez,
2026-04-11,6:40 PM,8:40 PM,Colorado Rockies,5,San Diego Padres,9,Final,Ryan Feltner,Germán Márquez,Germán Márquez,Ryan Feltner,Jason Adam
2026-04-11,7:10 PM,9:10 PM,Texas Rangers,3,Los Angeles Dodgers,6,Final,Jack Leiter,Emmet Sheehan,Emmet Sheehan,Jack Leiter,Alex Vesia
2026-04-11,7:40 PM,9:40 PM,Houston Astros,7,Seattle Mariners,8,Final,Lance McCullers Jr.,Luis Castillo,Andrés Muñoz,Bryan Abreu,
2026-04-12,11:35 AM,1:35 PM,San Francisco Giants,2,Baltimore Orioles,6,Final,Adrian Houser,Cade Povich,Cade Povich,Adrian Houser,
2026-04-12,11:35 AM,1:35 PM,Arizona Diamondbacks,4,Philadelphia Phillies,3,Final,Zac Gallen,Zach Pop,Taylor Clarke,José Alvarado,Paul Sewald
2026-04-12,11:37 AM,1:37 PM,Minnesota Twins,8,Toronto Blue Jays,2,Final,Taj Bradley,Max Scherzer,Taj Bradley,Max Scherzer,
2026-04-12,11:40 AM,1:40 PM,Los Angeles Angels,9,Cincinnati Reds,6,Final,José Soriano,Andrew Abbott,José Soriano,Andrew Abbott,
2026-04-12,11:40 AM,1:40 PM,Athletics,1,New York Mets,0,Final,Aaron Civale,Freddy Peralta,Aaron Civale,Freddy Peralta,Joel Kuhnel
2026-04-12,11:40 AM,1:40 PM,Miami Marlins,2,Detroit Tigers,8,Final,Sandy Alcantara,Tarik Skubal,Tarik Skubal,Sandy Alcantara,
2026-04-12,11:40 AM,1:40 PM,New York Yankees,4,Tampa Bay Rays,5,Final,Cam Schlittler,Drew Rasmussen,Drew Rasmussen,Cam Schlittler,Mason Englert
2026-04-12,12:10 PM,2:10 PM,Chicago White Sox,6,Kansas City Royals,5,Final,Grant Taylor,Noah Cameron,Jordan Leasure,John Schreiber,Seranthony Domínguez
2026-04-12,12:10 PM,2:10 PM,Washington Nationals,8,Milwaukee Brewers,6,Final,Zack Littell,Brandon Woodruff,PJ Poulin,Angel Zerpa,Gus Varland
2026-04-12,12:15 PM,2:15 PM,Boston Red Sox,9,St. Louis Cardinals,3,Final,Brayan Bello,Andre Pallante,Brayan Bello,Andre Pallante,
2026-04-12,12:20 PM,2:20 PM,Pittsburgh Pirates,6,Chicago Cubs,7,Final,Bubba Chandler,Jameson Taillon,Daniel Palencia,José Urquidy,
2026-04-12,2:10 PM,4:10 PM,Colorado Rockies,2,San Diego Padres,7,Final,Jimmy Herget,Nick Pivetta,David Morgan,Jimmy Herget,
2026-04-12,2:10 PM,4:10 PM,Houston Astros,1,Seattle Mariners,6,Final,Cody Bolton,Logan Gilbert,Logan Gilbert,Cody Bolton,
2026-04-12,2:10 PM,4:10 PM,Texas Rangers,5,Los Angeles Dodgers,2,Final,Jacob deGrom,Roki Sasaki,Jacob deGrom,Roki Sasaki,Jakob Junis
2026-04-12,5:20 PM,7:20 PM,Cleveland Guardians,1,Atlanta Braves,13,Final,Tanner Bibee,Chris Sale,Chris Sale,Tanner Bibee,Dylan Dodd
2026-04-13,2:10 PM,4:10 PM,Houston Astros,2,Seattle Mariners,6,Final,Mike Burrows,George Kirby,George Kirby,Mike Burrows,
2026-04-13,4:35 PM,6:35 PM,Arizona Diamondbacks,7,Baltimore Orioles,9,Final,Ryne Nelson,Dean Kremer,Albert Suárez,Jonathan Loáisiga,Ryan Helsley
2026-04-13,4:40 PM,6:40 PM,Washington Nationals,5,Pittsburgh Pirates,16,Final,Cade Cavalli,Paul Skenes,Paul Skenes,Cade Cavalli,
2026-04-13,4:40 PM,6:40 PM,Chicago Cubs,7,Philadelphia Phillies,13,Final,Javier Assad,Cristopher Sánchez,Cristopher Sánchez,Javier Assad,
2026-04-13,5:05 PM,7:05 PM,Los Angeles Angels,10,New York Yankees,11,Final,Yusei Kikuchi,Will Warren,Paul Blackburn,Jordan Romano,
2026-04-13,5:15 PM,7:15 PM,Miami Marlins,10,Atlanta Braves,4,Final,Eury Pérez,Grant Holmes,Andrew Nardi,Aaron Bummer,
2026-04-13,5:40 PM,7:40 PM,Boston Red Sox,6,Minnesota Twins,13,Final,Garrett Crochet,Bailey Ober,Bailey Ober,Garrett Crochet,
2026-04-13,5:45 PM,7:45 PM,Cleveland Guardians,9,St. Louis Cardinals,3,Final,Gavin Williams,Matthew Liberatore,Gavin Williams,Matthew Liberatore,
2026-04-13,7:40 PM,9:40 PM,Texas Rangers,8,Athletics,1,Final,Nathan Eovaldi,Luis Severino,Nathan Eovaldi,Luis Severino,
2026-04-13,8:10 PM,10:10 PM,New York Mets,0,Los Angeles Dodgers,4,Final,David Peterson,Justin Wrobleski,Justin Wrobleski,David Peterson,
2026-04-14,4:35 PM,6:35 PM,Arizona Diamondbacks,4,Baltimore Orioles,3,Final,Merrill Kelly,Trevor Rogers,Merrill Kelly,Trevor Rogers,Paul Sewald
2026-04-14,4:40 PM,6:40 PM,Kansas City Royals,1,Detroit Tigers,2,Final,Cole Ragans,Framber Valdez,Will Vest,Nick Mears,Kenley Jansen
2026-04-14,4:40 PM,6:40 PM,Washington Nationals,5,Pittsburgh Pirates,4,Final,PJ Poulin,Mitch Keller,Mitchell Parker,Mitch Keller,Gus Varland
2026-04-14,4:40 PM,6:40 PM,San Francisco Giants,1,Cincinnati Reds,2,Final,Robbie Ray,Brady Singer,Brady Singer,Robbie Ray,Emilio Pagán
2026-04-14,4:40 PM,6:40 PM,Chicago Cubs,10,Philadelphia Phillies,4,Final,Riley Martin,Aaron Nola,Colin Rea,Tim Mayza,
2026-04-14,5:05 PM,7:05 PM,Los Angeles Angels,7,New York Yankees,1,Final,Reid Detmers,Ryan Weathers,Reid Detmers,Ryan Weathers,
2026-04-14,5:15 PM,7:15 PM,Miami Marlins,5,Atlanta Braves,6,Final,Max Meyer,Reynaldo López,Robert Suarez,Pete Fairbanks,Raisel Iglesias
2026-04-14,5:40 PM,7:40 PM,Boston Red Sox,0,Minnesota Twins,6,Final,Sonny Gray,Mick Abel,Mick Abel,Sonny Gray,
2026-04-14,5:40 PM,7:40 PM,Tampa Bay Rays,8,Chicago White Sox,5,Final,Shane McClanahan,Noah Schultz,Shane McClanahan,Noah Schultz,Bryan Baker
2026-04-14,5:40 PM,7:40 PM,Toronto Blue Jays,9,Milwaukee Brewers,7,Final,Kevin Gausman,Jacob Misiorowski,Louis Varland,Grant Anderson,
2026-04-14,5:45 PM,7:45 PM,Cleveland Guardians,5,St. Louis Cardinals,6,Final,Joey Cantillo,Michael McGreevy,Riley O'Brien,Tim Herrin,
2026-04-14,6:10 PM,8:10 PM,Colorado Rockies,6,Houston Astros,7,Final,Michael Lorenzen,Colton Gordon,AJ Blubaugh,Michael Lorenzen,Enyel De Los Santos
2026-04-14,7:40 PM,9:40 PM,Seattle Mariners,1,San Diego Padres,4,Final,Bryan Woo,Michael King,Michael King,Bryan Woo,Mason Miller
2026-04-14,7:40 PM,9:40 PM,Texas Rangers,1,Athletics,2,Final,MacKenzie Gore,Jeffrey Springs,Jeffrey Springs,MacKenzie Gore,Mark Leiter Jr.
2026-04-14,8:10 PM,10:10 PM,New York Mets,1,Los Angeles Dodgers,2,Final,Nolan McLean,Yoshinobu Yamamoto,Blake Treinen,Brooks Raley,Alex Vesia
2026-04-15,10:35 AM,12:35 PM,Arizona Diamondbacks,8,Baltimore Orioles,5,Final,Eduardo Rodriguez,Kyle Bradish,Ryan Thompson,Tyler Wells,Juan Morillo
2026-04-15,11:15 AM,1:15 PM,Cleveland Guardians,3,St. Louis Cardinals,5,Final,Slade Cecconi,Dustin May,Dustin May,Connor Brogdon,Riley O'Brien
2026-04-15,11:40 AM,1:40 PM,Boston Red Sox,9,Minnesota Twins,5,Final,Connelly Early,Simeon Woods Richardson,Connelly Early,Simeon Woods Richardson,
2026-04-15,4:40 PM,6:40 PM,Kansas City Royals,1,Detroit Tigers,2,Final,Seth Lugo,Jack Flaherty,Kyle Finnegan,Eli Morgan,Kenley Jansen
2026-04-15,4:40 PM,6:40 PM,Washington Nationals,0,Pittsburgh Pirates,2,Final,Jake Irvin,Mason Montgomery,Carmen Mlodzinski,Jake Irvin,Dennis Santana
2026-04-15,4:40 PM,6:40 PM,San Francisco Giants,3,Cincinnati Reds,8,Final,Tyler Mahle,Rhett Lowder,Rhett Lowder,Tyler Mahle,
2026-04-15,4:40 PM,6:40 PM,Chicago Cubs,11,Philadelphia Phillies,2,Final,Shota Imanaga,Jesús Luzardo,Shota Imanaga,Jesús Luzardo,
2026-04-15,5:05 PM,7:05 PM,Los Angeles Angels,4,New York Yankees,5,Final,Jack Kochanowicz,Luis Gil,David Bednar,Jordan Romano,
2026-04-15,5:15 PM,7:15 PM,Miami Marlins,3,Atlanta Braves,6,Final,Chris Paddack,Bryce Elder,Bryce Elder,Chris Paddack,Raisel Iglesias
2026-04-15,5:40 PM,7:40 PM,Tampa Bay Rays,8,Chicago White Sox,3,Final,Cole Sulser,Sean Burke,Jesse Scholtens,Sean Burke,
2026-04-15,5:40 PM,7:40 PM,Toronto Blue Jays,1,Milwaukee Brewers,2,Final,Dylan Cease,Chad Patrick,Aaron Ashby,Tyler Rogers,Abner Uribe
2026-04-15,6:10 PM,8:10 PM,Colorado Rockies,1,Houston Astros,3,Final,Jose Quintana,Spencer Arrighetti,Spencer Arrighetti,Jose Quintana,Enyel De Los Santos
2026-04-15,7:40 PM,9:40 PM,Seattle Mariners,6,San Diego Padres,7,Final,Emerson Hancock,Randy Vásquez,Alek Jacob,Andrés Muñoz,
2026-04-15,7:40 PM,9:40 PM,Texas Rangers,5,Athletics,6,Final,Kumar Rocker,J.T. Ginn,Hogan Harris,Jalen Beeks,Joel Kuhnel
2026-04-15,8:10 PM,10:10 PM,New York Mets,2,Los Angeles Dodgers,8,Final,Clay Holmes,Shohei Ohtani,Shohei Ohtani,Clay Holmes,
2026-04-16,10:35 AM,12:35 PM,Washington Nationals,8,Pittsburgh Pirates,7,Final,Foster Griffin,Braxton Ashcraft,Clayton Beeter,Dennis Santana,Orlando Ribalta
2026-04-16,10:40 AM,12:40 PM,San Francisco Giants,3,Cincinnati Reds,0,Final,Landen Roupp,Chase Burns,Landen Roupp,Brock Burke,Erik Miller
2026-04-16,11:10 AM,1:10 PM,Kansas City Royals,9,Detroit Tigers,10,Final,Kris Bubic,Keider Montero,Connor Seabold,Lucas Erceg,
2026-04-16,11:35 AM,1:35 PM,Los Angeles Angels,11,New York Yankees,4,Final,Brent Suter,Max Fried,Sam Aldegheri,Max Fried,
2026-04-16,11:40 AM,1:40 PM,Toronto Blue Jays,1,Milwaukee Brewers,2,Final,Patrick Corbin,Brandon Sproat,Aaron Ashby,Tommy Nance,Angel Zerpa
2026-04-16,12:10 PM,2:10 PM,Tampa Bay Rays,5,Chicago White Sox,3,Final,Steven Matz,Jordan Leasure,Kevin Kelly,Seranthony Domínguez,Bryan Baker
2026-04-16,1:05 PM,3:05 PM,Texas Rangers,9,Athletics,6,Final,Jack Leiter,Jacob Lopez,Cal Quantrill,Justin Sterner,
2026-04-16,4:10 PM,6:10 PM,Baltimore Orioles,2,Cleveland Guardians,4,Final,Shane Baz,Parker Messick,Parker Messick,Shane Baz,Cade Smith
2026-04-16,6:10 PM,8:10 PM,Colorado Rockies,3,Houston Astros,2,Final,Juan Mejia,Ryan Weiss,Chase Dollander,Christian Roa,Victor Vodnik
2026-04-16,6:40 PM,8:40 PM,Seattle Mariners,2,San Diego Padres,5,Final,Luis Castillo,Walker Buehler,Walker Buehler,Luis Castillo,Mason Miller
2026-04-17,12:20 PM,2:20 PM,New York Mets,4,Chicago Cubs,12,Final,Kodai Senga,Edward Cabrera,Edward Cabrera,Kodai Senga,
2026-04-17,4:10 PM,6:10 PM,Baltimore Orioles,6,Cleveland Guardians,4,Final,Chris Bassitt,Tanner Bibee,Rico Garcia,Erik Sabrowski,Ryan Helsley
2026-04-17,4:40 PM,6:40 PM,Atlanta Braves,9,Philadelphia Phillies,0,Final,Martín Pérez,Taijuan Walker,Martín Pérez,Taijuan Walker,José Suarez
2026-04-17,4:45 PM,6:45 PM,San Francisco Giants,10,Washington Nationals,5,Final,Logan Webb,Zack Littell,Logan Webb,Zack Littell,
2026-04-17,4:45 PM,6:45 PM,Tampa Bay Rays,1,Pittsburgh Pirates,5,Final,Nick Martinez,Bubba Chandler,Bubba Chandler,Nick Martinez,
2026-04-17,5:05 PM,7:05 PM,Kansas City Royals,2,New York Yankees,4,Final,Michael Wacha,Cam Schlittler,Camilo Doval,Alex Lange,David Bednar
2026-04-17,5:10 PM,7:10 PM,Milwaukee Brewers,7,Miami Marlins,5,Final,Coleman Crow,Janson Junk,Abner Uribe,Calvin Faucher,Trevor Megill
2026-04-17,5:15 PM,7:15 PM,Detroit Tigers,0,Boston Red Sox,1,Final,Casey Mize,Ranger Suarez,Garrett Whitlock,Will Vest,
2026-04-17,6:10 PM,8:10 PM,St. Louis Cardinals,9,Houston Astros,4,Final,Kyle Leahy,Peter Lambert,Kyle Leahy,Peter Lambert,
2026-04-17,6:10 PM,8:10 PM,Cincinnati Reds,2,Minnesota Twins,1,Final,Brandon Williamson,Joe Ryan,Brandon Williamson,Joe Ryan,Emilio Pagán
2026-04-17,6:40 PM,8:40 PM,Los Angeles Dodgers,7,Colorado Rockies,1,Final,Tyler Glasnow,Tomoyuki Sugano,Tyler Glasnow,Tomoyuki Sugano,
2026-04-17,7:38 PM,9:38 PM,San Diego Padres,0,Los Angeles Angels,8,Final,Matt Waldron,José Soriano,José Soriano,Matt Waldron,
2026-04-17,7:40 PM,9:40 PM,Texas Rangers,5,Seattle Mariners,0,Final,Jacob deGrom,Logan Gilbert,Gavin Collyer,Logan Gilbert,
2026-04-17,7:40 PM,9:40 PM,Toronto Blue Jays,3,Arizona Diamondbacks,6,Final,Braydon Fisher,Michael Soroka,Michael Soroka,Eric Lauer,Paul Sewald
2026-04-17,7:40 PM,9:40 PM,Chicago White Sox,9,Athletics,2,Final,Davis Martin,Aaron Civale,Davis Martin,Aaron Civale,
2026-04-18,11:35 AM,1:35 PM,Kansas City Royals,4,New York Yankees,13,Final,Noah Cameron,Will Warren,Will Warren,Noah Cameron,
2026-04-18,12:10 PM,2:10 PM,Cincinnati Reds,5,Minnesota Twins,4,Final,Andrew Abbott,Taj Bradley,Kyle Nicolas,Cole Sands,Tony Santillan
2026-04-18,12:20 PM,2:20 PM,New York Mets,2,Chicago Cubs,4,Final,Freddy Peralta,Jameson Taillon,Jameson Taillon,Freddy Peralta,Caleb Thielbar
2026-04-18,1:30 PM,3:30 PM,Tampa Bay Rays,8,Pittsburgh Pirates,7,Final,Drew Rasmussen,Paul Skenes,Griffin Jax,Yohan Ramírez,Yoendrys Gómez
2026-04-18,2:05 PM,4:05 PM,San Francisco Giants,7,Washington Nationals,6,Final,Adrian Houser,Cade Cavalli,Caleb Kilian,Cionel Pérez,
2026-04-18,2:05 PM,4:05 PM,Chicago White Sox,6,Athletics,7,Final,Erick Fedde,Luis Severino,Jack Perkins,Lucas Sims,
2026-04-18,2:10 PM,4:10 PM,Detroit Tigers,4,Boston Red Sox,1,Final,Tarik Skubal,Brayan Bello,Tarik Skubal,Brayan Bello,Kenley Jansen
2026-04-18,2:10 PM,4:10 PM,Milwaukee Brewers,5,Miami Marlins,2,Final,Brandon Woodruff,Sandy Alcantara,Brandon Woodruff,Sandy Alcantara,Abner Uribe
2026-04-18,4:10 PM,6:10 PM,Baltimore Orioles,2,Cleveland Guardians,4,Final,Dean Kremer,Gavin Williams,Gavin Williams,Dean Kremer,Cade Smith
2026-04-18,5:10 PM,7:10 PM,St. Louis Cardinals,7,Houston Astros,5,Final,Andre Pallante,Lance McCullers Jr.,Andre Pallante,Lance McCullers Jr.,Riley O'Brien
2026-04-18,5:15 PM,7:15 PM,Texas Rangers,3,Seattle Mariners,7,Final,Nathan Eovaldi,George Kirby,George Kirby,Nathan Eovaldi,Andrés Muñoz
2026-04-18,5:15 PM,7:15 PM,Atlanta Braves,3,Philadelphia Phillies,1,Final,Chris Sale,Cristopher Sánchez,Chris Sale,Cristopher Sánchez,Robert Suarez
2026-04-18,6:10 PM,8:10 PM,Los Angeles Dodgers,3,Colorado Rockies,4,Final,Emmet Sheehan,Ryan Feltner,Brennan Bernardino,Will Klein,Victor Vodnik
2026-04-18,6:10 PM,8:10 PM,Toronto Blue Jays,2,Arizona Diamondbacks,6,Final,Max Scherzer,Zac Gallen,Juan Morillo,Jeff Hoffman,
2026-04-18,7:38 PM,9:38 PM,San Diego Padres,4,Los Angeles Angels,1,Final,Germán Márquez,Yusei Kikuchi,Adrian Morejon,Ryan Zeferjahn,Mason Miller
2026-04-19,11:35 AM,1:35 PM,San Francisco Giants,0,Washington Nationals,3,Final,Robbie Ray,PJ Poulin,Andrew Alvarez,Robbie Ray,
2026-04-19,11:35 AM,1:35 PM,Tampa Bay Rays,3,Pittsburgh Pirates,6,Final,Shane McClanahan,Mitch Keller,Mitch Keller,Shane McClanahan,
2026-04-19,11:35 AM,1:35 PM,Kansas City Royals,0,New York Yankees,7,Final,Cole Ragans,Ryan Weathers,Ryan Weathers,Cole Ragans,
2026-04-19,11:40 AM,1:40 PM,Baltimore Orioles,4,Cleveland Guardians,8,Final,Trevor Rogers,Joey Cantillo,Matt Festa,Trevor Rogers,
2026-04-19,11:40 AM,1:40 PM,Milwaukee Brewers,3,Miami Marlins,5,Final,Jacob Misiorowski,Eury Pérez,Eury Pérez,Jacob Misiorowski,Pete Fairbanks
2026-04-19,12:10 PM,2:10 PM,St. Louis Cardinals,7,Houston Astros,5,Final,Matthew Liberatore,Mike Burrows,Riley O'Brien,Bryan King,Gordon Graceffo
2026-04-19,12:10 PM,2:10 PM,Cincinnati Reds,7,Minnesota Twins,4,Final,Brady Singer,Bailey Ober,Emilio Pagán,Garrett Acton,Graham Ashcraft
2026-04-19,12:20 PM,2:20 PM,New York Mets,1,Chicago Cubs,2,Final,Tobias Myers,Javier Assad,Caleb Thielbar,Craig Kimbrel,
2026-04-19,1:10 PM,3:10 PM,Los Angeles Dodgers,6,Colorado Rockies,9,Final,Roki Sasaki,Michael Lorenzen,Antonio Senzatela,Blake Treinen,
2026-04-19,2:05 PM,4:05 PM,Chicago White Sox,7,Athletics,4,Final,Noah Schultz,Jeffrey Springs,Noah Schultz,Jeffrey Springs,Seranthony Domínguez
2026-04-19,2:07 PM,4:07 PM,San Diego Padres,2,Los Angeles Angels,1,Final,Michael King,Walbert Urena,Michael King,Walbert Urena,Mason Miller
2026-04-19,2:10 PM,4:10 PM,Texas Rangers,2,Seattle Mariners,5,Final,MacKenzie Gore,Bryan Woo,Bryan Woo,MacKenzie Gore,Andrés Muñoz
2026-04-19,2:10 PM,4:10 PM,Toronto Blue Jays,10,Arizona Diamondbacks,4,Final,Kevin Gausman,Ryne Nelson,Kevin Gausman,Ryne Nelson,
2026-04-19,2:35 PM,4:35 PM,Detroit Tigers,6,Boston Red Sox,2,Final,Framber Valdez,Garrett Crochet,Framber Valdez,Garrett Crochet,
2026-04-19,5:20 PM,7:20 PM,Atlanta Braves,4,Philadelphia Phillies,2,Final,Grant Holmes,Andrew Painter,Tyler Kinley,Andrew Painter,Raisel Iglesias
2026-04-20,9:10 AM,11:10 AM,Detroit Tigers,6,Boston Red Sox,8,Final,Jack Flaherty,Sonny Gray,Garrett Whitlock,Tyler Holton,Aroldis Chapman
2026-04-20,4:10 PM,6:10 PM,Houston Astros,9,Cleveland Guardians,2,Final,Spencer Arrighetti,Slade Cecconi,Spencer Arrighetti,Slade Cecconi,
2026-04-20,4:40 PM,6:40 PM,Cincinnati Reds,6,Tampa Bay Rays,1,Final,Rhett Lowder,Jesse Scholtens,Rhett Lowder,Jesse Scholtens,
2026-04-20,4:40 PM,6:40 PM,St. Louis Cardinals,3,Miami Marlins,5,Final,Michael McGreevy,Max Meyer,Calvin Faucher,Michael McGreevy,Pete Fairbanks
2026-04-20,4:45 PM,6:45 PM,Atlanta Braves,9,Washington Nationals,4,Final,Bryce Elder,Jake Irvin,Bryce Elder,Jake Irvin,
2026-04-20,5:40 PM,7:40 PM,Baltimore Orioles,7,Kansas City Royals,5,Final,Kyle Bradish,Seth Lugo,Anthony Nunez,Alex Lange,
2026-04-20,5:40 PM,7:40 PM,Philadelphia Phillies,1,Chicago Cubs,5,Final,Aaron Nola,Colin Rea,Colin Rea,Aaron Nola,
2026-04-20,6:40 PM,8:40 PM,Los Angeles Dodgers,12,Colorado Rockies,3,Final,Justin Wrobleski,Jose Quintana,Justin Wrobleski,Jose Quintana,
2026-04-20,7:38 PM,9:38 PM,Toronto Blue Jays,5,Los Angeles Angels,2,Final,Dylan Cease,Reid Detmers,Dylan Cease,Reid Detmers,Jeff Hoffman
2026-04-20,7:40 PM,9:40 PM,Athletics,6,Seattle Mariners,4,Final,J.T. Ginn,Emerson Hancock,Hogan Harris,Casey Legumina,Joel Kuhnel
2026-04-21,4:10 PM,6:10 PM,Houston Astros,5,Cleveland Guardians,8,Final,Ryan Weiss,Parker Messick,Peyton Pallette,Enyel De Los Santos,
2026-04-21,4:40 PM,6:40 PM,Cincinnati Reds,12,Tampa Bay Rays,6,Final,Chase Burns,Steven Matz,Chase Burns,Steven Matz,
2026-04-21,4:40 PM,6:40 PM,St. Louis Cardinals,5,Miami Marlins,3,Final,Dustin May,Chris Paddack,Dustin May,Chris Paddack,Riley O'Brien
2026-04-21,4:40 PM,6:40 PM,Milwaukee Brewers,12,Detroit Tigers,4,Final,Kyle Harrison,Keider Montero,Grant Anderson,Keider Montero,
2026-04-21,4:45 PM,6:45 PM,Atlanta Braves,4,Washington Nationals,11,Final,Reynaldo López,Foster Griffin,Foster Griffin,Reynaldo López,
2026-04-21,4:45 PM,6:45 PM,New York Yankees,4,Boston Red Sox,0,Final,Luis Gil,Connelly Early,Luis Gil,Connelly Early,
2026-04-21,5:10 PM,7:10 PM,Minnesota Twins,5,New York Mets,3,Final,Simeon Woods Richardson,Nolan McLean,Cole Sands,Devin Williams,
2026-04-21,5:40 PM,7:40 PM,Baltimore Orioles,5,Kansas City Royals,6,Final,Shane Baz,Kris Bubic,Lucas Erceg,Ryan Helsley,
2026-04-21,5:40 PM,7:40 PM,Philadelphia Phillies,4,Chicago Cubs,7,Final,Jesús Luzardo,Shota Imanaga,Shota Imanaga,Tanner Banks,Caleb Thielbar
2026-04-21,6:05 PM,8:05 PM,Pittsburgh Pirates,1,Texas Rangers,5,Final,Carmen Mlodzinski,Kumar Rocker,Kumar Rocker,Carmen Mlodzinski,
2026-04-21,6:40 PM,8:40 PM,San Diego Padres,1,Colorado Rockies,0,Final,Randy Vásquez,Jimmy Herget,Randy Vásquez,Chase Dollander,Adrian Morejon
2026-04-21,7:38 PM,9:38 PM,Toronto Blue Jays,4,Los Angeles Angels,2,Final,Patrick Corbin,Jack Kochanowicz,Mason Fluharty,Drew Pomeranz,Louis Varland
2026-04-21,7:40 PM,9:40 PM,Athletics,5,Seattle Mariners,2,Final,Jacob Lopez,Luis Castillo,Jacob Lopez,Eduard Bazardo,Jack Perkins
2026-04-21,7:40 PM,9:40 PM,Chicago White Sox,11,Arizona Diamondbacks,5,Final,Sean Burke,Merrill Kelly,Sean Burke,Merrill Kelly,
2026-04-21,7:45 PM,9:45 PM,Los Angeles Dodgers,1,San Francisco Giants,3,Final,Yoshinobu Yamamoto,Landen Roupp,Landen Roupp,Yoshinobu Yamamoto,Ryan Walker
2026-04-22,10:10 AM,12:10 PM,St. Louis Cardinals,1,Miami Marlins,4,Final,Kyle Leahy,Janson Junk,Janson Junk,Kyle Leahy,Pete Fairbanks
2026-04-22,11:10 AM,1:10 PM,Houston Astros,2,Cleveland Guardians,0,Final,Peter Lambert,Tanner Bibee,Peter Lambert,Tanner Bibee,Enyel De Los Santos
2026-04-22,11:10 AM,1:10 PM,Cincinnati Reds,1,Tampa Bay Rays,6,Final,Brandon Williamson,Nick Martinez,Nick Martinez,Brandon Williamson,
2026-04-22,12:10 PM,2:10 PM,Baltimore Orioles,8,Kansas City Royals,6,Final,Chris Bassitt,Michael Wacha,Chris Bassitt,Michael Wacha,Anthony Nunez
2026-04-22,1:07 PM,3:07 PM,Toronto Blue Jays,3,Los Angeles Angels,7,Final,Eric Lauer,José Soriano,Brent Suter,Tommy Nance,
2026-04-22,2:10 PM,4:10 PM,Athletics,4,Seattle Mariners,5,Final,Aaron Civale,Logan Gilbert,Andrés Muñoz,Joel Kuhnel,
2026-04-22,4:40 PM,6:40 PM,Milwaukee Brewers,2,Detroit Tigers,5,Final,DL Hall,Casey Mize,Casey Mize,Chad Patrick,Kenley Jansen
2026-04-22,4:45 PM,6:45 PM,Atlanta Braves,8,Washington Nationals,6,Final,Didier Fuentes,Zack Littell,Dylan Lee,Zack Littell,Robert Suarez
2026-04-22,4:45 PM,6:45 PM,New York Yankees,4,Boston Red Sox,1,Final,Max Fried,Ranger Suarez,Max Fried,Ranger Suarez,
2026-04-22,5:10 PM,7:10 PM,Minnesota Twins,2,New York Mets,3,Final,Connor Prielipp,Clay Holmes,Luke Weaver,Taylor Rogers,
2026-04-22,5:40 PM,7:40 PM,Philadelphia Phillies,2,Chicago Cubs,7,Final,Kyle Backhus,Matthew Boyd,Ben Brown,Taijuan Walker,
2026-04-22,6:05 PM,8:05 PM,Pittsburgh Pirates,8,Texas Rangers,4,Final,Braxton Ashcraft,Jack Leiter,Gregory Soto,Cole Winn,
2026-04-22,6:40 PM,8:40 PM,San Diego Padres,3,Colorado Rockies,8,Final,Walker Buehler,Tomoyuki Sugano,Tomoyuki Sugano,Walker Buehler,
2026-04-22,7:40 PM,9:40 PM,Chicago White Sox,7,Arizona Diamondbacks,11,Final,Anthony Kay,Eduardo Rodriguez,Eduardo Rodriguez,Anthony Kay,
2026-04-22,7:45 PM,9:45 PM,Los Angeles Dodgers,0,San Francisco Giants,3,Final,Shohei Ohtani,Tyler Mahle,Tyler Mahle,Jack Dreyer,Ryan Walker
2026-04-23,11:05 AM,1:05 PM,Atlanta Braves,7,Washington Nationals,2,Final,JR Ritchie,Cade Cavalli,JR Ritchie,Cionel Pérez,
2026-04-23,11:10 AM,1:10 PM,Milwaukee Brewers,4,Detroit Tigers,5,Final,Brandon Sproat,Tarik Skubal,Brant Hurter,Abner Uribe,
2026-04-23,12:20 PM,2:20 PM,Philadelphia Phillies,7,Chicago Cubs,8,Final,Cristopher Sánchez,Edward Cabrera,Javier Assad,Tanner Banks,
2026-04-23,1:10 PM,3:10 PM,San Diego Padres,10,Colorado Rockies,8,Final,Matt Waldron,Ryan Feltner,Ron Marinaccio,Victor Vodnik,Mason Miller
2026-04-23,1:40 PM,3:40 PM,Chicago White Sox,4,Arizona Diamondbacks,1,Final,Davis Martin,Michael Soroka,Grant Taylor,Paul Sewald,Seranthony Domínguez
2026-04-23,1:45 PM,3:45 PM,Los Angeles Dodgers,3,San Francisco Giants,0,Final,Tyler Glasnow,Logan Webb,Tyler Glasnow,Logan Webb,Tanner Scott
2026-04-23,4:10 PM,6:10 PM,New York Yankees,4,Boston Red Sox,2,Final,Cam Schlittler,Payton Tolle,Cam Schlittler,Danny Coulombe,David Bednar
2026-04-23,5:10 PM,7:10 PM,Minnesota Twins,8,New York Mets,10,Final,Joe Ryan,Christian Scott,Devin Williams,Andrew Morris,
2026-04-23,6:05 PM,8:05 PM,Pittsburgh Pirates,1,Texas Rangers,6,Final,Bubba Chandler,Jacob deGrom,Jacob deGrom,Bubba Chandler,
2026-04-24,4:40 PM,6:40 PM,Detroit Tigers,8,Cincinnati Reds,9,Final,Framber Valdez,Andrew Abbott,Graham Ashcraft,Kenley Jansen,
2026-04-24,5:05 PM,7:05 PM,Boston Red Sox,3,Baltimore Orioles,10,Final,Brayan Bello,Brandon Young,Brandon Young,Brayan Bello,
2026-04-24,5:07 PM,7:07 PM,Cleveland Guardians,8,Toronto Blue Jays,6,Final,Gavin Williams,Max Scherzer,Gavin Williams,Max Scherzer,Cade Smith
2026-04-24,5:10 PM,7:10 PM,Colorado Rockies,4,New York Mets,3,Final,Michael Lorenzen,Freddy Peralta,Michael Lorenzen,Freddy Peralta,Antonio Senzatela
2026-04-24,5:10 PM,7:10 PM,Minnesota Twins,2,Tampa Bay Rays,6,Final,Taj Bradley,Drew Rasmussen,Drew Rasmussen,Taj Bradley,Bryan Baker
2026-04-24,5:15 PM,7:15 PM,Philadelphia Phillies,3,Atlanta Braves,5,Final,Andrew Painter,Grant Holmes,Grant Holmes,Andrew Painter,Robert Suarez
2026-04-24,5:40 PM,7:40 PM,Los Angeles Angels,3,Kansas City Royals,6,Final,Yusei Kikuchi,Noah Cameron,Noah Cameron,Yusei Kikuchi,Lucas Erceg
2026-04-24,5:40 PM,7:40 PM,Washington Nationals,4,Chicago White Sox,5,Final,PJ Poulin,Bryan Hudson,Jordan Leasure,Riley Cornelio,Seranthony Domínguez
2026-04-24,5:40 PM,7:40 PM,Pittsburgh Pirates,6,Milwaukee Brewers,0,Final,Paul Skenes,Brandon Woodruff,Paul Skenes,Brandon Woodruff,
2026-04-24,6:05 PM,8:05 PM,Athletics,8,Texas Rangers,1,Final,Luis Severino,Nathan Eovaldi,Luis Severino,Nathan Eovaldi,
2026-04-24,6:10 PM,8:10 PM,New York Yankees,12,Houston Astros,4,Final,Will Warren,Lance McCullers Jr.,Will Warren,Lance McCullers Jr.,
2026-04-24,6:15 PM,8:15 PM,Seattle Mariners,3,St. Louis Cardinals,2,Final,George Kirby,Andre Pallante,George Kirby,Andre Pallante,Andrés Muñoz
2026-04-24,8:15 PM,10:15 PM,Chicago Cubs,6,Los Angeles Dodgers,4,Final,Jameson Taillon,Emmet Sheehan,Ryan Rolison,Tanner Scott,Corbin Martin
2026-04-24,8:15 PM,10:15 PM,Miami Marlins,9,San Francisco Giants,4,Final,Sandy Alcantara,Adrian Houser,Sandy Alcantara,Adrian Houser,
2026-04-25,10:05 AM,12:05 PM,Boston Red Sox,17,Baltimore Orioles,1,Final,Garrett Crochet,Trevor Rogers,Garrett Crochet,Trevor Rogers,
2026-04-25,12:15 PM,2:15 PM,Seattle Mariners,11,St. Louis Cardinals,9,Final,Bryan Woo,Matthew Liberatore,Matt Brash,Riley O'Brien,Andrés Muñoz
2026-04-25,1:07 PM,3:07 PM,Cleveland Guardians,3,Toronto Blue Jays,5,Final,Joey Cantillo,Kevin Gausman,Kevin Gausman,Joey Cantillo,Louis Varland
2026-04-25,2:05 PM,4:05 PM,Miami Marlins,2,San Francisco Giants,6,Final,Eury Pérez,Robbie Ray,Matt Gage,Eury Pérez,
2026-04-25,2:10 PM,4:10 PM,Minnesota Twins,1,Tampa Bay Rays,6,Final,Bailey Ober,Shane McClanahan,Shane McClanahan,Bailey Ober,
2026-04-25,2:10 PM,4:10 PM,Washington Nationals,6,Chicago White Sox,3,Final,Jake Irvin,Noah Schultz,Cionel Pérez,Jordan Leasure,
2026-04-25,4:05 PM,6:05 PM,San Diego Padres,6,Arizona Diamondbacks,4,Final,Germán Márquez,Zac Gallen,Germán Márquez,Taylor Clarke,Mason Miller
2026-04-25,5:05 PM,7:05 PM,Athletics,3,Texas Rangers,4,Final,Jeffrey Springs,MacKenzie Gore,Cole Winn,Jeffrey Springs,Jacob Latz
2026-04-25,5:10 PM,7:10 PM,Los Angeles Angels,1,Kansas City Royals,12,Final,Walbert Urena,Cole Ragans,Cole Ragans,Walbert Urena,
2026-04-25,5:10 PM,7:10 PM,New York Yankees,8,Houston Astros,3,Final,Ryan Weathers,Mike Burrows,Fernando Cruz,Kai-Wei Teng,
2026-04-25,5:10 PM,7:10 PM,Pittsburgh Pirates,6,Milwaukee Brewers,3,Final,Mitch Keller,Jacob Misiorowski,Gregory Soto,Angel Zerpa,Yohan Ramírez
2026-04-25,5:15 PM,7:15 PM,Detroit Tigers,2,Cincinnati Reds,9,Final,Jack Flaherty,Brady Singer,Brady Singer,Jack Flaherty,
2026-04-25,5:15 PM,7:15 PM,Chicago Cubs,4,Los Angeles Dodgers,12,Final,Colin Rea,Roki Sasaki,Roki Sasaki,Colin Rea,
2026-04-25,5:15 PM,7:15 PM,Philadelphia Phillies,8,Atlanta Braves,5,Final,Zack Wheeler,Bryce Elder,Brad Keller,Tyler Kinley,
2026-04-26,11:35 AM,1:35 PM,Boston Red Sox,5,Baltimore Orioles,3,Final,Connelly Early,Kyle Bradish,Connelly Early,Kyle Bradish,Aroldis Chapman
2026-04-26,11:35 AM,1:35 PM,Philadelphia Phillies,2,Atlanta Braves,6,Final,Aaron Nola,Chris Sale,Chris Sale,Aaron Nola,
2026-04-26,11:37 AM,1:37 PM,Cleveland Guardians,2,Toronto Blue Jays,4,Final,Slade Cecconi,Patrick Corbin,Braydon Fisher,Slade Cecconi,Louis Varland
2026-04-26,11:40 AM,1:40 PM,Detroit Tigers,8,Cincinnati Reds,3,Final,Keider Montero,Rhett Lowder,Brant Hurter,Sam Moll,
2026-04-26,11:40 AM,1:40 PM,Colorado Rockies,3,New York Mets,1,Final,Jose Quintana,Nolan McLean,Jose Quintana,Nolan McLean,Victor Vodnik
2026-04-26,11:40 AM,1:40 PM,Minnesota Twins,2,Tampa Bay Rays,4,Final,Simeon Woods Richardson,Griffin Jax,Jesse Scholtens,Simeon Woods Richardson,Bryan Baker
2026-04-26,11:45 AM,1:45 PM,Colorado Rockies,3,New York Mets,0,Final,Chase Dollander,Kodai Senga,Chase Dollander,Kodai Senga,Zach Agnos
2026-04-26,12:10 PM,2:10 PM,Washington Nationals,2,Chicago White Sox,1,Final,Foster Griffin,Bryan Hudson,Richard Lovelady,Seranthony Domínguez,Paxton Schultz
2026-04-26,12:10 PM,2:10 PM,New York Yankees,4,Houston Astros,7,Final,Luis Gil,Spencer Arrighetti,Spencer Arrighetti,Luis Gil,
2026-04-26,12:10 PM,2:10 PM,Pittsburgh Pirates,0,Milwaukee Brewers,5,Final,Carmen Mlodzinski,Kyle Harrison,Kyle Harrison,Carmen Mlodzinski,
2026-04-26,12:15 PM,2:15 PM,Seattle Mariners,3,St. Louis Cardinals,2,Final,Emerson Hancock,Michael McGreevy,Eduard Bazardo,JoJo Romero,Jose A. Ferrer
2026-04-26,12:35 PM,2:35 PM,Athletics,2,Texas Rangers,1,Final,J.T. Ginn,Kumar Rocker,Justin Sterner,Kumar Rocker,Jack Perkins
2026-04-26,2:05 PM,4:05 PM,San Diego Padres,7,Arizona Diamondbacks,12,Final,Michael King,Ryne Nelson,Ryan Thompson,Bradgley Rodriguez,
2026-04-26,2:05 PM,4:05 PM,Miami Marlins,3,San Francisco Giants,6,Final,Max Meyer,Landen Roupp,Landen Roupp,Andrew Nardi,Erik Miller
2026-04-26,2:10 PM,4:10 PM,Los Angeles Angels,9,Kansas City Royals,11,Final,Reid Detmers,Seth Lugo,Lucas Erceg,Joey Lucchesi,
2026-04-26,2:10 PM,4:10 PM,Chicago Cubs,0,Los Angeles Dodgers,6,Final,Shota Imanaga,Justin Wrobleski,Justin Wrobleski,Shota Imanaga,
2026-04-27,4:10 PM,6:10 PM,Tampa Bay Rays,3,Cleveland Guardians,2,Final,Steven Matz,Parker Messick,Steven Matz,Hunter Gaddis,Bryan Baker
2026-04-27,4:40 PM,6:40 PM,St. Louis Cardinals,4,Pittsburgh Pirates,2,Final,Dustin May,Mason Montgomery,Ryan Fernandez,Dennis Santana,George Soriano
2026-04-27,5:07 PM,7:07 PM,Boston Red Sox,5,Toronto Blue Jays,0,Final,Ranger Suarez,Dylan Cease,Ranger Suarez,Dylan Cease,
2026-04-27,5:40 PM,7:40 PM,Seattle Mariners,4,Minnesota Twins,11,Final,Luis Castillo,Connor Prielipp,Connor Prielipp,Luis Castillo,
2026-04-27,5:40 PM,7:40 PM,Los Angeles Angels,7,Chicago White Sox,8,Final,Jack Kochanowicz,Anthony Kay,Osvaldo Bido,Nick Sandlin,Bryan Hudson
2026-04-27,6:05 PM,8:05 PM,New York Yankees,4,Texas Rangers,2,Final,Max Fried,Jack Leiter,Max Fried,Jack Leiter,David Bednar
2026-04-27,7:40 PM,9:40 PM,Chicago Cubs,7,San Diego Padres,9,Final,Matthew Boyd,Randy Vásquez,Randy Vásquez,Ben Brown,
2026-04-27,8:10 PM,10:10 PM,Miami Marlins,4,Los Angeles Dodgers,5,Final,Chris Paddack,Yoshinobu Yamamoto,Jake Eder,Pete Fairbanks,
2026-04-28,4:10 PM,6:10 PM,Tampa Bay Rays,1,Cleveland Guardians,0,Final,Nick Martinez,Tanner Bibee,Nick Martinez,Tanner Bibee,Cole Sulser
2026-04-28,4:35 PM,6:35 PM,Houston Astros,3,Baltimore Orioles,5,Final,Kai-Wei Teng,Shane Baz,Shane Baz,Kai-Wei Teng,Ryan Helsley
2026-04-28,4:40 PM,6:40 PM,Colorado Rockies,2,Cincinnati Reds,7,Final,Kyle Freeland,Chase Burns,Chase Burns,Kyle Freeland,
2026-04-28,4:40 PM,6:40 PM,St. Louis Cardinals,11,Pittsburgh Pirates,7,Final,Kyle Leahy,Braxton Ashcraft,Kyle Leahy,Braxton Ashcraft,
2026-04-28,4:40 PM,6:40 PM,San Francisco Giants,0,Philadelphia Phillies,7,Final,Tyler Mahle,Jesús Luzardo,Jesús Luzardo,Tyler Mahle,
2026-04-28,5:07 PM,7:07 PM,Boston Red Sox,0,Toronto Blue Jays,3,Final,Payton Tolle,Trey Yesavage,Trey Yesavage,Payton Tolle,Louis Varland
2026-04-28,5:10 PM,7:10 PM,Washington Nationals,0,New York Mets,8,Final,Zack Littell,Clay Holmes,Clay Holmes,Zack Littell,
2026-04-28,5:15 PM,7:15 PM,Detroit Tigers,2,Atlanta Braves,5,Final,Casey Mize,Martín Pérez,Martín Pérez,Casey Mize,
2026-04-28,5:40 PM,7:40 PM,Seattle Mariners,7,Minnesota Twins,1,Final,Logan Gilbert,Joe Ryan,Eduard Bazardo,Joe Ryan,
2026-04-28,5:40 PM,7:40 PM,Los Angeles Angels,2,Chicago White Sox,5,Final,José Soriano,Davis Martin,Davis Martin,José Soriano,Seranthony Domínguez
2026-04-28,5:40 PM,7:40 PM,Arizona Diamondbacks,2,Milwaukee Brewers,13,Final,Merrill Kelly,Chad Patrick,Chad Patrick,Merrill Kelly,Jake Woodford
2026-04-28,6:05 PM,8:05 PM,New York Yankees,3,Texas Rangers,2,Final,Cam Schlittler,Jacob deGrom,Cam Schlittler,Jacob deGrom,David Bednar
2026-04-28,7:40 PM,9:40 PM,Kansas City Royals,4,Athletics,1,Final,Kris Bubic,Aaron Civale,Nick Mears,Justin Sterner,Lucas Erceg
2026-04-28,7:40 PM,9:40 PM,Chicago Cubs,8,San Diego Padres,3,Final,Edward Cabrera,Walker Buehler,Edward Cabrera,Kyle Hart,
2026-04-28,8:10 PM,10:10 PM,Miami Marlins,2,Los Angeles Dodgers,1,Final,Janson Junk,Shohei Ohtani,Janson Junk,Shohei Ohtani,Tyler Phillips
2026-04-29,11:10 AM,1:10 PM,Tampa Bay Rays,1,Cleveland Guardians,3,Final,Drew Rasmussen,Gavin Williams,Gavin Williams,Drew Rasmussen,Cade Smith
2026-04-29,11:10 AM,1:10 PM,Los Angeles Angels,2,Chicago White Sox,3,Final,Yusei Kikuchi,Erick Fedde,Seranthony Domínguez,Drew Pomeranz,
2026-04-29,11:40 AM,1:40 PM,Seattle Mariners,5,Minnesota Twins,3,Final,George Kirby,Taj Bradley,Cooper Criswell,Eric Orze,Andrés Muñoz
2026-04-29,12:35 PM,2:35 PM,New York Yankees,0,Texas Rangers,3,Final,Elmer Rodríguez,Nathan Eovaldi,Nathan Eovaldi,Elmer Rodríguez,Jacob Latz
2026-04-29,1:07 PM,3:07 PM,Boston Red Sox,1,Toronto Blue Jays,8,Final,Brayan Bello,Eric Lauer,Braydon Fisher,Brayan Bello,
2026-04-29,1:10 PM,3:10 PM,Miami Marlins,3,Los Angeles Dodgers,2,Final,Sandy Alcantara,Tyler Glasnow,Andrew Nardi,Will Klein,Calvin Faucher
2026-04-29,2:10 PM,4:10 PM,Chicago Cubs,5,San Diego Padres,4,Final,Jameson Taillon,Matt Waldron,Jameson Taillon,Adrian Morejon,Hoby Milner
2026-04-29,4:40 PM,6:40 PM,Colorado Rockies,13,Cincinnati Reds,2,Final,Tomoyuki Sugano,Brandon Williamson,Tomoyuki Sugano,Brandon Williamson,
2026-04-29,4:40 PM,6:40 PM,St. Louis Cardinals,5,Pittsburgh Pirates,4,Final,Andre Pallante,Bubba Chandler,Andre Pallante,Bubba Chandler,Riley O'Brien
2026-04-29,5:10 PM,7:10 PM,Washington Nationals,14,New York Mets,2,Final,Cade Cavalli,David Peterson,Cade Cavalli,David Peterson,
2026-04-29,5:15 PM,7:15 PM,Detroit Tigers,3,Atlanta Braves,4,Final,Tarik Skubal,JR Ritchie,Reynaldo López,Kenley Jansen,
2026-04-29,5:40 PM,7:40 PM,Arizona Diamondbacks,6,Milwaukee Brewers,2,Final,Eduardo Rodriguez,Brandon Sproat,Kevin Ginkel,Brandon Sproat,
2026-04-29,7:40 PM,9:40 PM,Kansas City Royals,2,Athletics,5,Final,Michael Wacha,Luis Severino,Luis Severino,Michael Wacha,Mark Leiter Jr.
2026-04-30,10:15 AM,12:15 PM,Detroit Tigers,5,Atlanta Braves,2,Final,Framber Valdez,Bryce Elder,Drew Anderson,Joel Payamps,Kyle Finnegan
2026-04-30,10:35 AM,12:35 PM,Houston Astros,3,Baltimore Orioles,10,Final,Peter Lambert,Chris Bassitt,Chris Bassitt,Peter Lambert,
2026-04-30,10:35 AM,12:35 PM,St. Louis Cardinals,10,Pittsburgh Pirates,5,Final,Hunter Dobbins,Paul Skenes,Gordon Graceffo,Paul Skenes,
2026-04-30,10:35 AM,12:35 PM,San Francisco Giants,2,Philadelphia Phillies,3,Final,Logan Webb,Cristopher Sánchez,Chase Shugart,Ryan Walker,
2026-04-30,10:40 AM,12:40 PM,Houston Astros,11,Baltimore Orioles,5,Final,Lance McCullers Jr.,Brandon Young,Lance McCullers Jr.,Brandon Young,
2026-04-30,10:40 AM,12:40 PM,Colorado Rockies,4,Cincinnati Reds,6,Final,Michael Lorenzen,Andrew Abbott,Andrew Abbott,Michael Lorenzen,
2026-04-30,11:10 AM,1:10 PM,Washington Nationals,5,New York Mets,4,Final,Miles Mikolas,Freddy Peralta,Mitchell Parker,Luke Weaver,Gus Varland
2026-04-30,11:40 AM,1:40 PM,Arizona Diamondbacks,1,Milwaukee Brewers,13,Final,Michael Soroka,Brandon Woodruff,Shane Drohan,Michael Soroka,
2026-04-30,1:05 PM,3:05 PM,Kansas City Royals,3,Athletics,6,Final,Noah Cameron,Jeffrey Springs,Luis Medina,Noah Cameron,Jack Perkins
2026-04-30,3:35 PM,5:35 PM,San Francisco Giants,5,Philadelphia Phillies,6,Final,Adrian Houser,Tim Mayza,Chase Shugart,Matt Gage,
2026-04-30,5:40 PM,7:40 PM,Toronto Blue Jays,1,Minnesota Twins,7,Final,Kevin Gausman,Bailey Ober,Bailey Ober,Kevin Gausman,
2026-05-01,12:20 PM,2:20 PM,Arizona Diamondbacks,5,Chicago Cubs,6,Final,Zac Gallen,Colin Rea,Colin Rea,Zac Gallen,Jacob Webb
2026-05-01,4:40 PM,6:40 PM,Texas Rangers,5,Detroit Tigers,4,Final,MacKenzie Gore,Jack Flaherty,Tyler Alexander,Burch Smith,Jacob Latz
2026-05-01,4:45 PM,6:45 PM,Cincinnati Reds,1,Pittsburgh Pirates,9,Final,Brady Singer,Mitch Keller,Mitch Keller,Brady Singer,
2026-05-01,4:45 PM,6:45 PM,Milwaukee Brewers,6,Washington Nationals,1,Final,Jacob Misiorowski,Jake Irvin,Jacob Misiorowski,Jake Irvin,
2026-05-01,5:05 PM,7:05 PM,Baltimore Orioles,2,New York Yankees,7,Final,Cade Povich,Will Warren,Will Warren,Cade Povich,
2026-05-01,5:10 PM,7:10 PM,Houston Astros,1,Boston Red Sox,3,Final,Mike Burrows,Jake Bennett,Jake Bennett,Mike Burrows,Aroldis Chapman
2026-05-01,5:10 PM,7:10 PM,San Francisco Giants,0,Tampa Bay Rays,3,Final,Robbie Ray,Shane McClanahan,Shane McClanahan,Robbie Ray,Bryan Baker
2026-05-01,5:10 PM,7:10 PM,Philadelphia Phillies,6,Miami Marlins,5,Final,Zack Wheeler,Eury Pérez,Zack Wheeler,Eury Pérez,Brad Keller
2026-05-01,6:10 PM,8:10 PM,Toronto Blue Jays,7,Minnesota Twins,3,Final,Patrick Corbin,Simeon Woods Richardson,Patrick Corbin,Simeon Woods Richardson,
2026-05-01,6:15 PM,8:15 PM,Los Angeles Dodgers,2,St. Louis Cardinals,7,Final,Emmet Sheehan,Matthew Liberatore,Matthew Liberatore,Emmet Sheehan,
2026-05-01,6:40 PM,8:40 PM,Atlanta Braves,8,Colorado Rockies,6,Final,Grant Holmes,Jose Quintana,Didier Fuentes,Juan Mejia,Robert Suarez
2026-05-01,7:38 PM,9:38 PM,New York Mets,4,Los Angeles Angels,3,Final,Christian Scott,Walbert Ureña,Huascar Brazobán,José Fermin,Devin Williams
2026-05-01,7:40 PM,9:40 PM,Cleveland Guardians,8,Athletics,5,Final,Joey Cantillo,J.T. Ginn,Erik Sabrowski,J.T. Ginn,Cade Smith
2026-05-01,7:40 PM,9:40 PM,Chicago White Sox,8,San Diego Padres,2,Final,Noah Schultz,Germán Márquez,Noah Schultz,Germán Márquez,
2026-05-01,7:45 PM,9:45 PM,Kansas City Royals,7,Seattle Mariners,6,Final,Cole Ragans,Bryan Woo,Daniel Lynch IV,Jose A. Ferrer,Lucas Erceg
2026-05-02,11:35 AM,1:35 PM,Baltimore Orioles,4,New York Yankees,9,Final,Kyle Bradish,Ryan Weathers,Ryan Weathers,Kyle Bradish,
2026-05-02,12:10 PM,2:10 PM,Toronto Blue Jays,11,Minnesota Twins,4,Final,Dylan Cease,Connor Prielipp,Dylan Cease,Luis García,
2026-05-02,12:20 PM,2:20 PM,Arizona Diamondbacks,0,Chicago Cubs,2,Final,Ryne Nelson,Shota Imanaga,Shota Imanaga,Ryne Nelson,Ben Brown
2026-05-02,2:05 PM,4:05 PM,Cleveland Guardians,14,Athletics,6,Final,Slade Cecconi,Jacob Lopez,Slade Cecconi,Jacob Lopez,
2026-05-02,2:05 PM,4:05 PM,Cincinnati Reds,7,Pittsburgh Pirates,17,Final,Rhett Lowder,Carmen Mlodzinski,Carmen Mlodzinski,Rhett Lowder,
2026-05-02,2:05 PM,4:05 PM,Milwaukee Brewers,4,Washington Nationals,1,Final,Kyle Harrison,Foster Griffin,Kyle Harrison,Foster Griffin,Abner Uribe
2026-05-02,2:10 PM,4:10 PM,Houston Astros,6,Boston Red Sox,3,Final,Spencer Arrighetti,Connelly Early,Spencer Arrighetti,Connelly Early,Bryan King
2026-05-02,2:10 PM,4:10 PM,Philadelphia Phillies,0,Miami Marlins,4,Final,Andrew Painter,Max Meyer,Max Meyer,Andrew Painter,
2026-05-02,4:10 PM,6:10 PM,San Francisco Giants,1,Tampa Bay Rays,5,Final,Landen Roupp,Griffin Jax,Jesse Scholtens,Landen Roupp,
2026-05-02,5:15 PM,7:15 PM,Los Angeles Dodgers,2,St. Louis Cardinals,3,Final,Roki Sasaki,Michael McGreevy,Michael McGreevy,Roki Sasaki,Riley O'Brien
2026-05-02,5:15 PM,7:15 PM,Texas Rangers,1,Detroit Tigers,5,Final,Kumar Rocker,Keider Montero,Keider Montero,Kumar Rocker,
2026-05-02,6:10 PM,8:10 PM,Atlanta Braves,9,Colorado Rockies,1,Final,Chris Sale,Brennan Bernardino,Chris Sale,Brennan Bernardino,
2026-05-02,6:40 PM,8:40 PM,Chicago White Sox,4,San Diego Padres,0,Final,Sean Burke,Michael King,Sean Burke,Michael King,Seranthony Domínguez
2026-05-02,7:38 PM,9:38 PM,New York Mets,3,Los Angeles Angels,4,Final,Nolan McLean,Reid Detmers,Ryan Zeferjahn,Austin Warren,
2026-05-02,7:40 PM,9:40 PM,Kansas City Royals,3,Seattle Mariners,2,Final,Seth Lugo,Emerson Hancock,Matt Strahm,Cooper Criswell,Lucas Erceg
2026-05-03,10:45 AM,12:45 PM,Toronto Blue Jays,3,Minnesota Twins,4,Final,Trey Yesavage,Joe Ryan,Andrew Morris,Trey Yesavage,Justin Topa
2026-05-03,11:35 AM,1:35 PM,Houston Astros,3,Boston Red Sox,1,Final,Cody Bolton,Ranger Suarez,Bryan Abreu,Zack Kelly,
2026-05-03,11:35 AM,1:35 PM,Cincinnati Reds,0,Pittsburgh Pirates,1,Final,Chase Burns,Braxton Ashcraft,Gregory Soto,Tony Santillan,
2026-05-03,11:35 AM,1:35 PM,Baltimore Orioles,3,New York Yankees,11,Final,Trey Gibson,Max Fried,Fernando Cruz,Grant Wolfram,
2026-05-03,11:35 AM,1:35 PM,Milwaukee Brewers,2,Washington Nationals,3,Final,Logan Henderson,PJ Poulin,Zack Littell,Logan Henderson,Richard Lovelady
2026-05-03,11:40 AM,1:40 PM,San Francisco Giants,1,Tampa Bay Rays,2,Final,Tyler Mahle,Steven Matz,Ian Seymour,Caleb Kilian,
2026-05-03,11:40 AM,1:40 PM,Philadelphia Phillies,7,Miami Marlins,2,Final,Jesús Luzardo,Chris Paddack,Jesús Luzardo,Chris Paddack,
2026-05-03,12:15 PM,2:15 PM,Los Angeles Dodgers,4,St. Louis Cardinals,1,Final,Justin Wrobleski,Dustin May,Justin Wrobleski,Dustin May,Tanner Scott
2026-05-03,12:20 PM,2:20 PM,Arizona Diamondbacks,4,Chicago Cubs,8,Final,Merrill Kelly,Matthew Boyd,Matthew Boyd,Merrill Kelly,
2026-05-03,1:10 PM,3:10 PM,Atlanta Braves,11,Colorado Rockies,6,Final,Spencer Strider,Kyle Freeland,Aaron Bummer,Kyle Freeland,
2026-05-03,2:05 PM,4:05 PM,Cleveland Guardians,1,Athletics,7,Final,Parker Messick,Aaron Civale,Aaron Civale,Parker Messick,
2026-05-03,2:07 PM,4:07 PM,New York Mets,5,Los Angeles Angels,1,Final,Clay Holmes,Jack Kochanowicz,Clay Holmes,Jack Kochanowicz,
2026-05-03,2:10 PM,4:10 PM,Kansas City Royals,4,Seattle Mariners,1,Final,Kris Bubic,Luis Castillo,Kris Bubic,Luis Castillo,Daniel Lynch IV
2026-05-03,2:10 PM,4:10 PM,Chicago White Sox,3,San Diego Padres,4,Final,Anthony Kay,Griffin Canning,Jason Adam,Tyler Davis,Mason Miller
2026-05-03,5:20 PM,7:20 PM,Texas Rangers,1,Detroit Tigers,7,Final,Jack Leiter,Tyler Holton,Brant Hurter,Jack Leiter,
2026-05-04,3:40 PM,5:40 PM,New York Mets,4,Colorado Rockies,2,Final,Huascar Brazobán,Tomoyuki Sugano,David Peterson,Tomoyuki Sugano,Devin Williams
2026-05-04,4:10 PM,6:10 PM,Boston Red Sox,5,Detroit Tigers,4,Final,Payton Tolle,Tyler Holton,Payton Tolle,Ricky Vanasco,Aroldis Chapman
2026-05-04,4:40 PM,6:40 PM,Toronto Blue Jays,1,Tampa Bay Rays,5,Final,Eric Lauer,Nick Martinez,Nick Martinez,Eric Lauer,Bryan Baker
2026-05-04,4:40 PM,6:40 PM,Philadelphia Phillies,1,Miami Marlins,0,Final,Aaron Nola,Janson Junk,Aaron Nola,Janson Junk,Brad Keller
2026-05-04,5:05 PM,7:05 PM,Baltimore Orioles,1,New York Yankees,12,Final,Shane Baz,Cam Schlittler,Cam Schlittler,Shane Baz,
2026-05-04,5:10 PM,7:10 PM,Cincinnati Reds,4,Chicago Cubs,5,Final,Chase Petty,Edward Cabrera,Ryan Rolison,Emilio Pagán,
2026-05-04,5:40 PM,7:40 PM,Cleveland Guardians,2,Kansas City Royals,6,Final,Tanner Bibee,Michael Wacha,Michael Wacha,Tanner Bibee,
2026-05-04,5:45 PM,7:45 PM,Milwaukee Brewers,3,St. Louis Cardinals,6,Final,Chad Patrick,Kyle Leahy,Kyle Leahy,Chad Patrick,Riley O'Brien
2026-05-04,6:10 PM,8:10 PM,Los Angeles Dodgers,8,Houston Astros,3,Final,Yoshinobu Yamamoto,Steven Okert,Yoshinobu Yamamoto,Ryan Weiss,
2026-05-04,7:38 PM,9:38 PM,Chicago White Sox,6,Los Angeles Angels,0,Final,Davis Martin,José Soriano,Davis Martin,José Soriano,
2026-05-04,7:40 PM,9:40 PM,Atlanta Braves,4,Seattle Mariners,5,Final,JR Ritchie,Logan Gilbert,Logan Gilbert,Tyler Kinley,Andrés Muñoz
2026-05-04,7:45 PM,9:45 PM,San Diego Padres,2,San Francisco Giants,3,Final,Randy Vásquez,Trevor McDonald,Trevor McDonald,Randy Vásquez,Caleb Kilian
2026-05-05,4:40 PM,6:40 PM,Boston Red Sox,10,Detroit Tigers,3,Final,Jovani Morán,Framber Valdez,Brayan Bello,Framber Valdez,
2026-05-05,4:40 PM,6:40 PM,Toronto Blue Jays,3,Tampa Bay Rays,4,Final,Kevin Gausman,Drew Rasmussen,Casey Legumina,Tyler Rogers,Cole Sulser
2026-05-05,4:40 PM,6:40 PM,Athletics,1,Philadelphia Phillies,9,Final,Luis Severino,Cristopher Sánchez,Cristopher Sánchez,Luis Severino,
2026-05-05,4:40 PM,6:40 PM,Baltimore Orioles,9,Miami Marlins,7,Final,Chris Bassitt,Sandy Alcantara,Rico Garcia,Andrew Nardi,
2026-05-05,4:45 PM,6:45 PM,Minnesota Twins,11,Washington Nationals,3,Final,Taj Bradley,Cade Cavalli,Taj Bradley,Cade Cavalli,
2026-05-05,5:05 PM,7:05 PM,Texas Rangers,4,New York Yankees,7,Final,Jacob deGrom,Elmer Rodríguez,Brent Headrick,Jacob deGrom,David Bednar
2026-05-05,5:40 PM,7:40 PM,Cincinnati Reds,2,Chicago Cubs,3,Final,Andrew Abbott,Jameson Taillon,Ryan Rolison,Sam Moll,
2026-05-05,5:40 PM,7:40 PM,Cleveland Guardians,3,Kansas City Royals,5,Final,Gavin Williams,Stephen Kolek,Stephen Kolek,Gavin Williams,Lucas Erceg
2026-05-05,6:10 PM,8:10 PM,Los Angeles Dodgers,1,Houston Astros,2,Final,Shohei Ohtani,Peter Lambert,Peter Lambert,Shohei Ohtani,Bryan King
2026-05-05,7:38 PM,9:38 PM,Chicago White Sox,3,Los Angeles Angels,4,Final,Erick Fedde,Sam Aldegheri,José Fermin,Erick Fedde,Ryan Zeferjahn
2026-05-05,7:40 PM,9:40 PM,Pittsburgh Pirates,0,Arizona Diamondbacks,9,Final,Bubba Chandler,Eduardo Rodriguez,Eduardo Rodriguez,Bubba Chandler,
2026-05-05,7:40 PM,9:40 PM,Atlanta Braves,3,Seattle Mariners,2,Final,Bryce Elder,George Kirby,Robert Suarez,Andrés Muñoz,Raisel Iglesias
2026-05-05,7:45 PM,9:45 PM,San Diego Padres,10,San Francisco Giants,5,Final,Walker Buehler,Logan Webb,Walker Buehler,Logan Webb,
2026-05-06,11:10 AM,1:10 PM,Toronto Blue Jays,0,Tampa Bay Rays,3,Final,Patrick Corbin,Shane McClanahan,Shane McClanahan,Patrick Corbin,Ian Seymour
2026-05-06,11:15 AM,1:15 PM,Milwaukee Brewers,6,St. Louis Cardinals,2,Final,Brandon Sproat,Andre Pallante,Aaron Ashby,Andre Pallante,
2026-05-06,12:10 PM,2:10 PM,Los Angeles Dodgers,12,Houston Astros,2,Final,Tyler Glasnow,Lance McCullers Jr.,Jack Dreyer,Lance McCullers Jr.,
2026-05-06,1:45 PM,3:45 PM,San Diego Padres,5,San Francisco Giants,1,Final,Bradgley Rodriguez,Adrian Houser,Matt Waldron,Adrian Houser,
2026-05-06,2:07 PM,4:07 PM,Chicago White Sox,2,Los Angeles Angels,8,Final,Noah Schultz,Walbert Ureña,Walbert Ureña,Noah Schultz,
2026-05-06,2:10 PM,4:10 PM,Atlanta Braves,1,Seattle Mariners,3,Final,Martín Pérez,Bryan Woo,Bryan Woo,Martín Pérez,Jose A. Ferrer
2026-05-06,4:40 PM,6:40 PM,Boston Red Sox,4,Detroit Tigers,0,Final,Sonny Gray,Jack Flaherty,Sonny Gray,Jack Flaherty,
2026-05-06,4:40 PM,6:40 PM,Athletics,3,Philadelphia Phillies,6,Final,Jeffrey Springs,Zack Wheeler,Orion Kerkering,Jack Perkins,Brad Keller
2026-05-06,4:40 PM,6:40 PM,Baltimore Orioles,7,Miami Marlins,4,Final,Brandon Young,Eury Pérez,Brandon Young,Eury Pérez,Rico Garcia
2026-05-06,4:45 PM,6:45 PM,Minnesota Twins,2,Washington Nationals,15,Final,Bailey Ober,Miles Mikolas,Miles Mikolas,Bailey Ober,
2026-05-06,5:05 PM,7:05 PM,Texas Rangers,6,New York Yankees,1,Final,Nathan Eovaldi,Will Warren,Nathan Eovaldi,Will Warren,
2026-05-06,5:40 PM,7:40 PM,Cincinnati Reds,6,Chicago Cubs,7,Final,Brady Singer,Colin Rea,Trent Thornton,Brock Burke,
2026-05-06,5:40 PM,7:40 PM,Cleveland Guardians,3,Kansas City Royals,1,Final,Joey Cantillo,Cole Ragans,Joey Cantillo,Luinder Avila,Cade Smith
2026-05-06,7:20 PM,9:20 PM,New York Mets,10,Colorado Rockies,5,Final,Freddy Peralta,Michael Lorenzen,Freddy Peralta,Michael Lorenzen,Devin Williams
2026-05-06,7:40 PM,9:40 PM,Pittsburgh Pirates,1,Arizona Diamondbacks,0,Final,Paul Skenes,Michael Soroka,Paul Skenes,Michael Soroka,Gregory Soto
2026-05-07,10:35 AM,12:35 PM,Texas Rangers,2,New York Yankees,9,Final,MacKenzie Gore,Paul Blackburn,Brent Headrick,MacKenzie Gore,
2026-05-07,11:05 AM,1:05 PM,Minnesota Twins,5,Washington Nationals,7,Final,Simeon Woods Richardson,Jake Irvin,PJ Poulin,John Klein,Gus Varland
2026-05-07,12:10 PM,2:10 PM,Cleveland Guardians,8,Kansas City Royals,5,Final,Slade Cecconi,Seth Lugo,Slade Cecconi,Seth Lugo,Cade Smith
2026-05-07,12:20 PM,2:20 PM,Cincinnati Reds,3,Chicago Cubs,8,Final,Rhett Lowder,Shota Imanaga,Shota Imanaga,Rhett Lowder,Daniel Palencia
2026-05-07,1:10 PM,3:10 PM,New York Mets,2,Colorado Rockies,6,Final,Christian Scott,Jose Quintana,Antonio Senzatela,Craig Kimbrel,
2026-05-07,1:40 PM,3:40 PM,Pittsburgh Pirates,4,Arizona Diamondbacks,2,Final,Mitch Keller,Zac Gallen,Mitch Keller,Zac Gallen,Gregory Soto
2026-05-07,4:40 PM,6:40 PM,Athletics,12,Philadelphia Phillies,1,Final,J.T. Ginn,Andrew Painter,J.T. Ginn,Andrew Painter,
2026-05-07,4:40 PM,6:40 PM,Baltimore Orioles,3,Miami Marlins,4,Final,Cade Povich,Max Meyer,Calvin Faucher,Andrew Kittredge,
2026-05-07,5:10 PM,7:10 PM,Tampa Bay Rays,8,Boston Red Sox,4,Final,Griffin Jax,Jake Bennett,Hunter Bigge,Jake Bennett,
2026-05-07,8:10 PM,10:10 PM,St. Louis Cardinals,2,San Diego Padres,1,Final,Matthew Liberatore,Michael King,Matthew Liberatore,Bradgley Rodriguez,Riley O'Brien
2026-05-08,4:10 PM,6:10 PM,Houston Astros,10,Cincinnati Reds,0,Final,Mike Burrows,Nick Lodolo,Mike Burrows,Nick Lodolo,
2026-05-08,4:40 PM,6:40 PM,Colorado Rockies,9,Philadelphia Phillies,7,Final,Chase Dollander,Jesús Luzardo,Victor Vodnik,Brad Keller,Juan Mejia
2026-05-08,5:05 PM,7:05 PM,Athletics,4,Baltimore Orioles,3,Final,Jacob Lopez,Kyle Bradish,Jacob Lopez,Kyle Bradish,Hogan Harris
2026-05-08,5:07 PM,7:07 PM,Los Angeles Angels,0,Toronto Blue Jays,2,Final,Reid Detmers,Dylan Cease,Dylan Cease,Reid Detmers,Louis Varland
2026-05-08,5:10 PM,7:10 PM,Tampa Bay Rays,0,Boston Red Sox,2,Final,Jesse Scholtens,Connelly Early,Connelly Early,Jesse Scholtens,Aroldis Chapman
2026-05-08,5:10 PM,7:10 PM,Washington Nationals,3,Miami Marlins,2,Final,Foster Griffin,Robby Snelling,Foster Griffin,Robby Snelling,PJ Poulin
2026-05-08,5:15 PM,7:15 PM,Minnesota Twins,4,Cleveland Guardians,6,Final,Connor Prielipp,Parker Messick,Parker Messick,Connor Prielipp,Cade Smith
2026-05-08,5:40 PM,7:40 PM,Detroit Tigers,3,Kansas City Royals,4,Final,Keider Montero,Kris Bubic,Lucas Erceg,Brant Hurter,
2026-05-08,5:40 PM,7:40 PM,Seattle Mariners,12,Chicago White Sox,8,Final,Emerson Hancock,Sean Burke,Emerson Hancock,Sean Burke,
2026-05-08,5:40 PM,7:40 PM,New York Yankees,0,Milwaukee Brewers,6,Final,Max Fried,Jacob Misiorowski,Jacob Misiorowski,Max Fried,Shane Drohan
2026-05-08,6:05 PM,8:05 PM,Chicago Cubs,7,Texas Rangers,1,Final,Ben Brown,Kumar Rocker,Javier Assad,Kumar Rocker,
2026-05-08,7:40 PM,9:40 PM,New York Mets,3,Arizona Diamondbacks,1,Final,Nolan McLean,Ryne Nelson,Devin Williams,Kevin Ginkel,Tobias Myers
2026-05-08,7:45 PM,9:45 PM,St. Louis Cardinals,6,San Diego Padres,0,Final,Michael McGreevy,Griffin Canning,Michael McGreevy,Griffin Canning,
2026-05-08,8:10 PM,10:10 PM,Atlanta Braves,1,Los Angeles Dodgers,3,Final,Chris Sale,Emmet Sheehan,Alex Vesia,Chris Sale,Tanner Scott
2026-05-08,8:15 PM,10:15 PM,Pittsburgh Pirates,2,San Francisco Giants,5,Final,Carmen Mlodzinski,Robbie Ray,Robbie Ray,Carmen Mlodzinski,
2026-05-09,1:07 PM,3:07 PM,Los Angeles Angels,1,Toronto Blue Jays,14,Final,Jack Kochanowicz,Trey Yesavage,Mason Fluharty,Jack Kochanowicz,
2026-05-09,2:05 PM,4:05 PM,Athletics,6,Baltimore Orioles,2,Final,Aaron Civale,Shane Baz,Aaron Civale,Shane Baz,
2026-05-09,2:10 PM,4:10 PM,Houston Astros,1,Cincinnati Reds,3,Final,Spencer Arrighetti,Chase Burns,Chase Burns,Spencer Arrighetti,Pierce Johnson
2026-05-09,2:10 PM,4:10 PM,Washington Nationals,7,Miami Marlins,8,Final,Richard Lovelady,Janson Junk,Andrew Nardi,Mitchell Parker,John King
2026-05-09,4:05 PM,6:05 PM,Colorado Rockies,3,Philadelphia Phillies,9,Final,Kyle Freeland,Aaron Nola,Tim Mayza,Kyle Freeland,
2026-05-09,4:10 PM,6:10 PM,Minnesota Twins,2,Cleveland Guardians,1,Final,Joe Ryan,Tanner Bibee,Eric Orze,Peyton Pallette,Luis García
2026-05-09,5:05 PM,7:05 PM,Chicago Cubs,0,Texas Rangers,6,Final,Edward Cabrera,Jack Leiter,Jalen Beeks,Edward Cabrera,
2026-05-09,5:10 PM,7:10 PM,Detroit Tigers,1,Kansas City Royals,5,Final,Burch Smith,Michael Wacha,Michael Wacha,Burch Smith,
2026-05-09,5:10 PM,7:10 PM,Seattle Mariners,1,Chicago White Sox,6,Final,Luis Castillo,Anthony Kay,Anthony Kay,Luis Castillo,
2026-05-09,5:10 PM,7:10 PM,New York Yankees,3,Milwaukee Brewers,4,Final,Cam Schlittler,Kyle Harrison,Aaron Ashby,Fernando Cruz,
2026-05-09,5:15 PM,7:15 PM,New York Mets,1,Arizona Diamondbacks,2,Final,Clay Holmes,Merrill Kelly,Merrill Kelly,Clay Holmes,Paul Sewald
2026-05-09,5:15 PM,7:15 PM,St. Louis Cardinals,2,San Diego Padres,4,Final,Dustin May,Randy Vásquez,Randy Vásquez,Dustin May,Mason Miller
2026-05-09,7:05 PM,9:05 PM,Pittsburgh Pirates,13,San Francisco Giants,3,Final,Braxton Ashcraft,Landen Roupp,Braxton Ashcraft,Landen Roupp,
2026-05-09,7:10 PM,9:10 PM,Atlanta Braves,7,Los Angeles Dodgers,2,Final,Spencer Strider,Blake Snell,Spencer Strider,Blake Snell,
2026-05-10,10:15 AM,12:15 PM,Washington Nationals,2,Miami Marlins,5,Final,Cade Cavalli,Sandy Alcantara,Calvin Faucher,Gus Varland,Josh Ekness
2026-05-10,11:35 AM,1:35 PM,Athletics,1,Baltimore Orioles,2,Final,Luis Severino,Keegan Akin,Chris Bassitt,Luis Severino,Rico Garcia
2026-05-10,11:35 AM,1:35 PM,Tampa Bay Rays,4,Boston Red Sox,1,Final,Nick Martinez,Payton Tolle,Nick Martinez,Payton Tolle,Bryan Baker
2026-05-10,11:35 AM,1:35 PM,Colorado Rockies,0,Philadelphia Phillies,6,Final,Tomoyuki Sugano,Cristopher Sánchez,Cristopher Sánchez,Tomoyuki Sugano,
2026-05-10,11:37 AM,1:37 PM,Los Angeles Angels,6,Toronto Blue Jays,1,Final,José Soriano,Spencer Miles,José Soriano,Eric Lauer,
2026-05-10,11:40 AM,1:40 PM,Houston Astros,0,Cincinnati Reds,5,Final,Kai-Wei Teng,Andrew Abbott,Andrew Abbott,Kai-Wei Teng,
2026-05-10,11:40 AM,1:40 PM,Minnesota Twins,5,Cleveland Guardians,4,Final,Andrew Morris,Gavin Williams,Kendry Rojas,Gavin Williams,Yoendrys Gómez
2026-05-10,12:10 PM,2:10 PM,Seattle Mariners,1,Chicago White Sox,2,Final,Logan Gilbert,Davis Martin,Bryan Hudson,Eduard Bazardo,Seranthony Domínguez
2026-05-10,12:10 PM,2:10 PM,New York Yankees,3,Milwaukee Brewers,4,Final,Carlos Rodón,Logan Henderson,Abner Uribe,David Bednar,
2026-05-10,12:35 PM,2:35 PM,Chicago Cubs,0,Texas Rangers,3,Final,Jameson Taillon,Jacob deGrom,Jacob deGrom,Jameson Taillon,Jacob Latz
2026-05-10,2:05 PM,4:05 PM,Pittsburgh Pirates,6,San Francisco Giants,7,Final,Bubba Chandler,Tyler Mahle,Ryan Borucki,Justin Lawrence,
2026-05-10,2:10 PM,4:10 PM,New York Mets,1,Arizona Diamondbacks,5,Final,Huascar Brazobán,Eduardo Rodriguez,Eduardo Rodriguez,Huascar Brazobán,
2026-05-10,2:10 PM,4:10 PM,St. Louis Cardinals,2,San Diego Padres,3,Final,Kyle Leahy,Walker Buehler,Adrian Morejon,Gordon Graceffo,
2026-05-10,2:10 PM,4:10 PM,Atlanta Braves,7,Los Angeles Dodgers,2,Final,Bryce Elder,Justin Wrobleski,Bryce Elder,Justin Wrobleski,
2026-05-10,5:20 PM,7:20 PM,Detroit Tigers,6,Kansas City Royals,3,Final,Brenan Hanifee,Noah Cameron,Enmanuel De Jesus,Nick Mears,Kenley Jansen
2026-05-11,4:10 PM,6:10 PM,Los Angeles Angels,2,Cleveland Guardians,7,Final,Brent Suter,Joey Cantillo,Joey Cantillo,Brent Suter,
2026-05-11,4:35 PM,6:35 PM,New York Yankees,2,Baltimore Orioles,3,Final,Ryan Weathers,Brandon Young,Dietrich Enns,Brent Headrick,Anthony Nunez
2026-05-11,5:07 PM,7:07 PM,Tampa Bay Rays,8,Toronto Blue Jays,5,Final,Drew Rasmussen,Kevin Gausman,Drew Rasmussen,Kevin Gausman,Bryan Baker
2026-05-11,6:05 PM,8:05 PM,Arizona Diamondbacks,1,Texas Rangers,0,Final,Michael Soroka,Jakob Junis,Michael Soroka,Jakob Junis,Paul Sewald
2026-05-11,6:10 PM,8:10 PM,Seattle Mariners,3,Houston Astros,1,Final,George Kirby,Peter Lambert,George Kirby,Peter Lambert,Andrés Muñoz
2026-05-11,8:10 PM,10:10 PM,San Francisco Giants,9,Los Angeles Dodgers,3,Final,Trevor McDonald,Roki Sasaki,Matt Gage,Alex Vesia,
2026-05-12,4:10 PM,6:10 PM,Los Angeles Angels,2,Cleveland Guardians,3,Final,Walbert Ureña,Slade Cecconi,Hunter Gaddis,Walbert Ureña,Cade Smith
2026-05-12,4:35 PM,6:35 PM,New York Yankees,6,Baltimore Orioles,2,Final,Will Warren,Trevor Rogers,Will Warren,Trevor Rogers,
2026-05-12,4:40 PM,6:40 PM,Washington Nationals,10,Cincinnati Reds,4,Final,Miles Mikolas,Brady Singer,Brad Lord,Brady Singer,
2026-05-12,4:40 PM,6:40 PM,Colorado Rockies,1,Pittsburgh Pirates,3,Final,Michael Lorenzen,Paul Skenes,Paul Skenes,Michael Lorenzen,Gregory Soto
2026-05-12,4:45 PM,6:45 PM,Philadelphia Phillies,2,Boston Red Sox,1,Final,Zack Wheeler,Jovani Morán,Zack Wheeler,Jovani Morán,Jhoan Duran
2026-05-12,5:07 PM,7:07 PM,Tampa Bay Rays,7,Toronto Blue Jays,6,Final,Shane McClanahan,Patrick Corbin,Ian Seymour,Braydon Fisher,Garrett Cleavinger
2026-05-12,5:10 PM,7:10 PM,Detroit Tigers,2,New York Mets,10,Final,Jack Flaherty,Freddy Peralta,Freddy Peralta,Jack Flaherty,
2026-05-12,5:15 PM,7:15 PM,Chicago Cubs,2,Atlanta Braves,5,Final,Colin Rea,Grant Holmes,Didier Fuentes,Colin Rea,Raisel Iglesias
2026-05-12,5:40 PM,7:40 PM,Kansas City Royals,5,Chicago White Sox,6,Final,Stephen Kolek,Erick Fedde,Seranthony Domínguez,Matt Strahm,Bryan Hudson
2026-05-12,5:40 PM,7:40 PM,Miami Marlins,0,Minnesota Twins,3,Final,Eury Pérez,Bailey Ober,Bailey Ober,Eury Pérez,
2026-05-12,5:40 PM,7:40 PM,San Diego Padres,4,Milwaukee Brewers,6,Final,Bradgley Rodriguez,Brandon Sproat,Brandon Sproat,Matt Waldron,Abner Uribe
2026-05-12,6:05 PM,8:05 PM,Arizona Diamondbacks,4,Texas Rangers,7,Final,Zac Gallen,MacKenzie Gore,MacKenzie Gore,Zac Gallen,Jacob Latz
2026-05-12,6:10 PM,8:10 PM,Seattle Mariners,10,Houston Astros,2,Final,Bryan Woo,Tatsuya Imai,Bryan Woo,Tatsuya Imai,
2026-05-12,7:40 PM,9:40 PM,St. Louis Cardinals,6,Athletics,4,Final,Andre Pallante,Jeffrey Springs,Andre Pallante,Jeffrey Springs,Riley O'Brien
2026-05-12,8:10 PM,10:10 PM,San Francisco Giants,6,Los Angeles Dodgers,2,Final,Adrian Houser,Yoshinobu Yamamoto,Adrian Houser,Yoshinobu Yamamoto,Caleb Kilian
2026-05-13,11:05 AM,1:05 PM,New York Yankees,0,Baltimore Orioles,7,Final,Max Fried,Kyle Bradish,Kyle Bradish,Max Fried,
2026-05-13,11:10 AM,1:10 PM,Los Angeles Angels,2,Cleveland Guardians,4,Final,Reid Detmers,Parker Messick,Parker Messick,Reid Detmers,Cade Smith
2026-05-13,4:40 PM,6:40 PM,Washington Nationals,8,Cincinnati Reds,7,Final,Jake Irvin,Nick Lodolo,Gus Varland,Tony Santillan,PJ Poulin
2026-05-13,4:40 PM,6:40 PM,Colorado Rockies,10,Pittsburgh Pirates,4,Final,Jose Quintana,Mitch Keller,Antonio Senzatela,Mitch Keller,
2026-05-13,4:45 PM,6:45 PM,Philadelphia Phillies,1,Boston Red Sox,3,Final,Andrew Painter,Sonny Gray,Sonny Gray,Tanner Banks,Aroldis Chapman
2026-05-13,5:07 PM,7:07 PM,Tampa Bay Rays,3,Toronto Blue Jays,5,Final,Griffin Jax,Dylan Cease,Jeff Hoffman,Aaron Brooks,
2026-05-13,5:10 PM,7:10 PM,Detroit Tigers,2,New York Mets,3,Final,Framber Valdez,Christian Scott,Brooks Raley,Drew Anderson,
2026-05-13,5:15 PM,7:15 PM,Chicago Cubs,1,Atlanta Braves,4,Final,Shota Imanaga,JR Ritchie,Robert Suarez,Shota Imanaga,Raisel Iglesias
2026-05-13,5:40 PM,7:40 PM,Kansas City Royals,5,Chicago White Sox,6,Final,Seth Lugo,Noah Schultz,Tyler Davis,Seth Lugo,Seranthony Domínguez
2026-05-13,5:40 PM,7:40 PM,Miami Marlins,9,Minnesota Twins,5,Final,Max Meyer,Simeon Woods Richardson,Max Meyer,Simeon Woods Richardson,
2026-05-13,5:40 PM,7:40 PM,San Diego Padres,3,Milwaukee Brewers,1,Final,Michael King,Jacob Misiorowski,Jason Adam,Abner Uribe,Mason Miller
2026-05-13,6:05 PM,8:05 PM,Arizona Diamondbacks,5,Texas Rangers,6,Final,Ryne Nelson,Kumar Rocker,Cal Quantrill,Paul Sewald,
2026-05-13,6:10 PM,8:10 PM,Seattle Mariners,3,Houston Astros,4,Final,Bryce Miller,Lance McCullers Jr.,Bryan Abreu,Alex Hoppe,
2026-05-13,7:40 PM,9:40 PM,St. Louis Cardinals,2,Athletics,6,Final,Matthew Liberatore,J.T. Ginn,J.T. Ginn,Matthew Liberatore,
2026-05-13,8:10 PM,10:10 PM,San Francisco Giants,0,Los Angeles Dodgers,4,Final,Robbie Ray,Shohei Ohtani,Shohei Ohtani,Robbie Ray,
2026-05-14,10:35 AM,12:35 PM,Colorado Rockies,2,Pittsburgh Pirates,7,Final,Chase Dollander,Mason Montgomery,Carmen Mlodzinski,Chase Dollander,
2026-05-14,10:40 AM,12:40 PM,Washington Nationals,1,Cincinnati Reds,15,Final,Foster Griffin,Chase Burns,Chase Burns,Foster Griffin,
2026-05-14,11:10 AM,1:10 PM,Detroit Tigers,4,New York Mets,9,Final,Keider Montero,Nolan McLean,Nolan McLean,Keider Montero,
2026-05-14,11:40 AM,1:40 PM,Miami Marlins,1,Minnesota Twins,9,Final,Braxton Garrett,Zebby Matthews,Zebby Matthews,Braxton Garrett,
2026-05-14,11:40 AM,1:40 PM,San Diego Padres,1,Milwaukee Brewers,7,Final,Griffin Canning,Kyle Harrison,Kyle Harrison,Griffin Canning,
2026-05-14,12:10 PM,2:10 PM,Seattle Mariners,8,Houston Astros,3,Final,Luis Castillo,Mike Burrows,Luis Castillo,Mike Burrows,
2026-05-14,1:05 PM,3:05 PM,St. Louis Cardinals,5,Athletics,4,Final,Michael McGreevy,Jacob Lopez,Matt Svanson,Jack Perkins,Riley O'Brien
2026-05-14,4:45 PM,6:45 PM,Philadelphia Phillies,3,Boston Red Sox,1,Final,Jesús Luzardo,Ranger Suarez,Brad Keller,Tyler Samaniego,Jhoan Duran
2026-05-14,5:15 PM,7:15 PM,Chicago Cubs,2,Atlanta Braves,0,Final,Ben Brown,Chris Sale,Hoby Milner,Chris Sale,Daniel Palencia
2026-05-14,5:40 PM,7:40 PM,Kansas City Royals,2,Chicago White Sox,6,Final,Kris Bubic,Anthony Kay,Anthony Kay,Kris Bubic,Sean Newcomb
2026-05-14,8:10 PM,10:10 PM,San Francisco Giants,2,Los Angeles Dodgers,5,Final,Landen Roupp,Emmet Sheehan,Emmet Sheehan,Landen Roupp,Tanner Scott
2026-05-15,4:40 PM,6:40 PM,Philadelphia Phillies,11,Pittsburgh Pirates,9,Final,Aaron Nola,Braxton Ashcraft,José Alvarado,Dennis Santana,Orion Kerkering
2026-05-15,4:45 PM,6:45 PM,Baltimore Orioles,2,Washington Nationals,3,Final,Shane Baz,Zack Littell,Zack Littell,Shane Baz,Richard Lovelady
2026-05-15,4:45 PM,6:45 PM,Toronto Blue Jays,2,Detroit Tigers,3,Final,Trey Yesavage,Brenan Hanifee,Kenley Jansen,Jeff Hoffman,
2026-05-15,5:10 PM,7:10 PM,Cincinnati Reds,7,Cleveland Guardians,6,Final,Andrew Abbott,Tanner Bibee,Andrew Abbott,Tanner Bibee,Tejay Antone
2026-05-15,5:10 PM,7:10 PM,Miami Marlins,2,Tampa Bay Rays,7,Final,Janson Junk,Ian Seymour,Jesse Scholtens,Janson Junk,
2026-05-15,5:10 PM,7:10 PM,Milwaukee Brewers,3,Minnesota Twins,2,Final,Coleman Crow,Joe Ryan,Aaron Ashby,Andrew Morris,Trevor Megill
2026-05-15,5:15 PM,7:15 PM,Boston Red Sox,2,Atlanta Braves,3,Final,Connelly Early,Spencer Strider,Didier Fuentes,Tyler Samaniego,
2026-05-15,5:15 PM,7:15 PM,New York Yankees,5,New York Mets,2,Final,Cam Schlittler,Clay Holmes,Cam Schlittler,Clay Holmes,
2026-05-15,5:40 PM,7:40 PM,Chicago Cubs,10,Chicago White Sox,5,Final,Edward Cabrera,Sean Burke,Trent Thornton,Bryan Hudson,
2026-05-15,6:10 PM,8:10 PM,Texas Rangers,0,Houston Astros,2,Final,Jack Leiter,Spencer Arrighetti,Spencer Arrighetti,Jack Leiter,Bryan King
2026-05-15,6:15 PM,8:15 PM,Kansas City Royals,4,St. Louis Cardinals,5,Final,Michael Wacha,Dustin May,Gordon Graceffo,Steven Cruz,
2026-05-15,6:40 PM,8:40 PM,Arizona Diamondbacks,9,Colorado Rockies,1,Final,Merrill Kelly,Kyle Freeland,Merrill Kelly,Kyle Freeland,
2026-05-15,7:38 PM,9:38 PM,Los Angeles Dodgers,6,Los Angeles Angels,0,Final,Will Klein,Jack Kochanowicz,Edgardo Henriquez,Jack Kochanowicz,
2026-05-15,7:40 PM,9:40 PM,San Diego Padres,2,Seattle Mariners,0,Final,Randy Vásquez,Emerson Hancock,Randy Vásquez,Emerson Hancock,Mason Miller
2026-05-15,7:40 PM,9:40 PM,San Francisco Giants,2,Athletics,5,Final,Tyler Mahle,Aaron Civale,Aaron Civale,Tyler Mahle,Hogan Harris
2026-05-16,11:10 AM,1:10 PM,Toronto Blue Jays,2,Detroit Tigers,1,Final,Mason Fluharty,Casey Mize,Louis Varland,Tyler Holton,
2026-05-16,12:15 PM,2:15 PM,Kansas City Royals,2,St. Louis Cardinals,4,Final,Noah Cameron,Kyle Leahy,Kyle Leahy,Noah Cameron,George Soriano
2026-05-16,1:10 PM,3:10 PM,Arizona Diamondbacks,2,Colorado Rockies,4,Final,Eduardo Rodriguez,Tomoyuki Sugano,Tomoyuki Sugano,Eduardo Rodriguez,Antonio Senzatela
2026-05-16,2:05 PM,4:05 PM,Baltimore Orioles,3,Washington Nationals,13,Final,Chris Bassitt,Cade Cavalli,Cade Cavalli,Chris Bassitt,
2026-05-16,2:05 PM,4:05 PM,Philadelphia Phillies,6,Pittsburgh Pirates,0,Final,Cristopher Sánchez,Bubba Chandler,Cristopher Sánchez,Bubba Chandler,
2026-05-16,2:10 PM,4:10 PM,Miami Marlins,10,Tampa Bay Rays,5,Final,Sandy Alcantara,Nick Martinez,Pete Fairbanks,Hunter Bigge,
2026-05-16,4:10 PM,6:10 PM,Cincinnati Reds,4,Cleveland Guardians,7,Final,Chris Paddack,Joey Cantillo,Erik Sabrowski,Sam Moll,Cade Smith
2026-05-16,5:10 PM,7:10 PM,Texas Rangers,1,Houston Astros,4,Final,Jacob deGrom,Kai-Wei Teng,Kai-Wei Teng,Jacob deGrom,Bryan Abreu
2026-05-16,5:10 PM,7:10 PM,Chicago Cubs,3,Chicago White Sox,8,Final,Jameson Taillon,Davis Martin,Davis Martin,Jameson Taillon,
2026-05-16,5:10 PM,7:10 PM,Milwaukee Brewers,2,Minnesota Twins,1,Final,Logan Henderson,Connor Prielipp,Logan Henderson,Connor Prielipp,Chad Patrick
2026-05-16,5:15 PM,7:15 PM,San Diego Padres,7,Seattle Mariners,4,Final,Walker Buehler,Logan Gilbert,Walker Buehler,Logan Gilbert,Jeremiah Estrada
2026-05-16,5:15 PM,7:15 PM,Boston Red Sox,3,Atlanta Braves,2,Final,Payton Tolle,Bryce Elder,Payton Tolle,Bryce Elder,Aroldis Chapman
2026-05-16,5:15 PM,7:15 PM,New York Yankees,3,New York Mets,6,Final,Carlos Rodón,Huascar Brazobán,David Peterson,Carlos Rodón,Devin Williams
2026-05-16,7:38 PM,9:38 PM,Los Angeles Dodgers,15,Los Angeles Angels,2,Final,Justin Wrobleski,José Soriano,Justin Wrobleski,José Soriano,
2026-05-16,7:40 PM,9:40 PM,San Francisco Giants,6,Athletics,4,Final,Trevor McDonald,Luis Severino,Trevor McDonald,Luis Severino,Matt Gage
2026-05-17,10:15 AM,12:15 PM,Miami Marlins,3,Tampa Bay Rays,6,Final,Eury Pérez,Drew Rasmussen,Drew Rasmussen,Eury Pérez,Bryan Baker
2026-05-17,11:35 AM,1:35 PM,Baltimore Orioles,7,Washington Nationals,3,Final,Brandon Young,Richard Lovelady,Anthony Nunez,Richard Lovelady,
2026-05-17,11:35 AM,1:35 PM,Philadelphia Phillies,6,Pittsburgh Pirates,0,Final,Zack Wheeler,Paul Skenes,Zack Wheeler,Paul Skenes,
2026-05-17,11:35 AM,1:35 PM,Boston Red Sox,1,Atlanta Braves,8,Final,Brayan Bello,Grant Holmes,Grant Holmes,Brayan Bello,
2026-05-17,11:40 AM,1:40 PM,Cincinnati Reds,3,Cleveland Guardians,10,Final,Brady Singer,Gavin Williams,Gavin Williams,Brady Singer,
2026-05-17,11:40 AM,1:40 PM,Toronto Blue Jays,4,Detroit Tigers,1,Final,Kevin Gausman,Jack Flaherty,Kevin Gausman,Jack Flaherty,Tyler Rogers
2026-05-17,11:40 AM,1:40 PM,New York Yankees,6,New York Mets,7,Final,Elmer Rodríguez,Freddy Peralta,Devin Williams,Tim Hill,
2026-05-17,12:10 PM,2:10 PM,Texas Rangers,8,Houston Astros,0,Final,Nathan Eovaldi,Peter Lambert,Nathan Eovaldi,Peter Lambert,
2026-05-17,12:10 PM,2:10 PM,Chicago Cubs,8,Chicago White Sox,9,Final,Colin Rea,Erick Fedde,Tyler Davis,Ryan Rolison,
2026-05-17,12:10 PM,2:10 PM,Milwaukee Brewers,4,Minnesota Twins,5,Final,Robert Gasser,Bailey Ober,Bailey Ober,Grant Anderson,Luis García
2026-05-17,12:15 PM,2:15 PM,Kansas City Royals,2,St. Louis Cardinals,0,Final,Stephen Kolek,Andre Pallante,Stephen Kolek,Andre Pallante,Lucas Erceg
2026-05-17,1:10 PM,3:10 PM,Arizona Diamondbacks,8,Colorado Rockies,6,Final,Michael Soroka,Michael Lorenzen,Michael Soroka,Michael Lorenzen,Paul Sewald
2026-05-17,2:05 PM,4:05 PM,San Francisco Giants,10,Athletics,1,Final,Adrian Houser,Jeffrey Springs,Adrian Houser,Jeffrey Springs,
2026-05-17,2:07 PM,4:07 PM,Los Angeles Dodgers,10,Los Angeles Angels,1,Final,Roki Sasaki,Grayson Rodriguez,Roki Sasaki,Grayson Rodriguez,
2026-05-17,5:20 PM,7:20 PM,San Diego Padres,8,Seattle Mariners,3,Final,Lucas Giolito,George Kirby,Lucas Giolito,George Kirby,
2026-05-18,4:40 PM,6:40 PM,Cleveland Guardians,8,Detroit Tigers,2,Final,Slade Cecconi,Framber Valdez,Slade Cecconi,Framber Valdez,
2026-05-18,4:40 PM,6:40 PM,Baltimore Orioles,6,Tampa Bay Rays,16,Final,Trevor Rogers,Shane McClanahan,Shane McClanahan,Trevor Rogers,
2026-05-18,4:40 PM,6:40 PM,Cincinnati Reds,4,Philadelphia Phillies,5,Final,Nick Lodolo,Andrew Painter,Orion Kerkering,Graham Ashcraft,Jhoan Duran
2026-05-18,4:40 PM,6:40 PM,Atlanta Braves,0,Miami Marlins,12,Final,JR Ritchie,Max Meyer,Max Meyer,JR Ritchie,
2026-05-18,4:45 PM,6:45 PM,New York Mets,16,Washington Nationals,7,Final,Christian Scott,Jake Irvin,Huascar Brazobán,Paxton Schultz,
2026-05-18,5:05 PM,7:05 PM,Toronto Blue Jays,6,New York Yankees,7,Final,Patrick Corbin,Ryan Weathers,Paul Blackburn,Yariel Rodríguez,David Bednar
2026-05-18,5:10 PM,7:10 PM,Boston Red Sox,3,Kansas City Royals,1,Final,Sonny Gray,Seth Lugo,Sonny Gray,Seth Lugo,Aroldis Chapman
2026-05-18,5:40 PM,7:40 PM,Houston Astros,3,Minnesota Twins,6,Final,Tatsuya Imai,Kendry Rojas,Eric Orze,Tatsuya Imai,Taylor Rogers
2026-05-18,5:40 PM,7:40 PM,Milwaukee Brewers,9,Chicago Cubs,3,Final,Brandon Sproat,Shota Imanaga,Shane Drohan,Shota Imanaga,
2026-05-18,6:40 PM,8:40 PM,Texas Rangers,6,Colorado Rockies,7,Final,MacKenzie Gore,Jose Quintana,Jose Quintana,MacKenzie Gore,Juan Mejia
2026-05-18,7:38 PM,9:38 PM,Athletics,1,Los Angeles Angels,2,Final,J.T. Ginn,Walbert Ureña,Chase Silseth,J.T. Ginn,
2026-05-18,7:40 PM,9:40 PM,Los Angeles Dodgers,0,San Diego Padres,1,Final,Yoshinobu Yamamoto,Michael King,Michael King,Yoshinobu Yamamoto,Mason Miller
2026-05-18,7:40 PM,9:40 PM,San Francisco Giants,2,Arizona Diamondbacks,12,Final,Robbie Ray,Zac Gallen,Zac Gallen,Robbie Ray,
2026-05-18,7:40 PM,9:40 PM,Chicago White Sox,1,Seattle Mariners,6,Final,Noah Schultz,Bryan Woo,Bryan Woo,Noah Schultz,
2026-05-19,2:10 PM,4:10 PM,Atlanta Braves,8,Miami Marlins,4,Final,Martín Pérez,Braxton Garrett,Dylan Lee,Calvin Faucher,
2026-05-19,4:40 PM,6:40 PM,Cleveland Guardians,4,Detroit Tigers,3,Final,Parker Messick,Keider Montero,Colin Holderman,Tyler Holton,Cade Smith
2026-05-19,4:40 PM,6:40 PM,Baltimore Orioles,1,Tampa Bay Rays,4,Final,Kyle Bradish,Griffin Jax,Kevin Kelly,Kyle Bradish,Bryan Baker
2026-05-19,4:40 PM,6:40 PM,Cincinnati Reds,4,Philadelphia Phillies,1,Final,Chase Burns,Jesús Luzardo,Chase Burns,Jesús Luzardo,Tony Santillan
2026-05-19,4:45 PM,6:45 PM,New York Mets,6,Washington Nationals,9,Final,Nolan McLean,Foster Griffin,Foster Griffin,Nolan McLean,Richard Lovelady
2026-05-19,5:05 PM,7:05 PM,Toronto Blue Jays,4,New York Yankees,5,Final,Dylan Cease,Will Warren,Will Warren,Dylan Cease,Camilo Doval
2026-05-19,5:40 PM,7:40 PM,Boston Red Sox,7,Kansas City Royals,1,Final,Ranger Suarez,Bailey Falter,Garrett Whitlock,Bailey Falter,
2026-05-19,5:40 PM,7:40 PM,Houston Astros,2,Minnesota Twins,1,Final,Jason Alexander,Zebby Matthews,Jason Alexander,Zebby Matthews,Bryan Abreu
2026-05-19,5:40 PM,7:40 PM,Milwaukee Brewers,5,Chicago Cubs,2,Final,Jacob Misiorowski,Ben Brown,Jacob Misiorowski,Ben Brown,Abner Uribe
2026-05-19,5:45 PM,7:45 PM,Pittsburgh Pirates,6,St. Louis Cardinals,9,Final,Mitch Keller,Matthew Liberatore,George Soriano,Mason Montgomery,
2026-05-19,6:40 PM,8:40 PM,Texas Rangers,10,Colorado Rockies,0,Final,Tyler Alexander,Sammy Peralta,Kumar Rocker,Sammy Peralta,
2026-05-19,7:38 PM,9:38 PM,Athletics,14,Los Angeles Angels,6,Final,Jacob Lopez,Reid Detmers,Justin Sterner,Reid Detmers,
2026-05-19,7:40 PM,9:40 PM,Los Angeles Dodgers,5,San Diego Padres,4,Final,Emmet Sheehan,Griffin Canning,Tanner Scott,Mason Miller,Will Klein
2026-05-19,7:40 PM,9:40 PM,San Francisco Giants,3,Arizona Diamondbacks,5,Final,Landen Roupp,Ryne Nelson,Jonathan Loáisiga,Caleb Kilian,
2026-05-19,7:40 PM,9:40 PM,Chicago White Sox,2,Seattle Mariners,1,Final,Anthony Kay,Bryce Miller,Bryan Hudson,Luis Castillo,Grant Taylor
2026-05-20,11:05 AM,1:05 PM,Cincinnati Reds,9,Philadelphia Phillies,4,Final,Andrew Abbott,Aaron Nola,Andrew Abbott,Aaron Nola,
2026-05-20,11:10 AM,1:10 PM,Baltimore Orioles,3,Tampa Bay Rays,5,Final,Shane Baz,Steven Matz,Jesse Scholtens,Anthony Nunez,Ian Seymour
2026-05-20,11:40 AM,1:40 PM,Houston Astros,1,Minnesota Twins,4,Final,Mike Burrows,Joe Ryan,Joe Ryan,Mike Burrows,Andrew Morris
2026-05-20,1:10 PM,3:10 PM,Texas Rangers,5,Colorado Rockies,4,Final,Jack Leiter,Kyle Freeland,Jacob Latz,Brennan Bernardino,
2026-05-20,1:40 PM,3:40 PM,San Francisco Giants,3,Arizona Diamondbacks,6,Final,Tyler Mahle,Merrill Kelly,Merrill Kelly,Tyler Mahle,Paul Sewald
2026-05-20,2:10 PM,4:10 PM,Chicago White Sox,4,Seattle Mariners,5,Final,Sean Burke,Emerson Hancock,Matt Brash,Sean Newcomb,José A. Ferrer
2026-05-20,4:40 PM,6:40 PM,Cleveland Guardians,3,Detroit Tigers,2,Final,Tanner Bibee,Drew Anderson,Colin Holderman,Tyler Holton,Cade Smith
2026-05-20,4:40 PM,6:40 PM,Atlanta Braves,9,Miami Marlins,1,Final,Chris Sale,Janson Junk,Chris Sale,Janson Junk,
2026-05-20,4:45 PM,6:45 PM,New York Mets,4,Washington Nationals,8,Final,Zach Thornton,Zack Littell,Zack Littell,Zach Thornton,Andrew Alvarez
2026-05-20,5:05 PM,7:05 PM,Toronto Blue Jays,2,New York Yankees,1,Final,Trey Yesavage,Cam Schlittler,Trey Yesavage,Cam Schlittler,Louis Varland
2026-05-20,5:40 PM,7:40 PM,Boston Red Sox,4,Kansas City Royals,3,Final,Connelly Early,Michael Wacha,Connelly Early,Steven Cruz,Aroldis Chapman
2026-05-20,5:40 PM,7:40 PM,Milwaukee Brewers,5,Chicago Cubs,0,Final,Kyle Harrison,Edward Cabrera,Kyle Harrison,Edward Cabrera,
2026-05-20,5:45 PM,7:45 PM,Pittsburgh Pirates,7,St. Louis Cardinals,0,Final,Carmen Mlodzinski,Michael McGreevy,Carmen Mlodzinski,Michael McGreevy,
2026-05-20,6:40 PM,8:40 PM,Los Angeles Dodgers,4,San Diego Padres,0,Final,Shohei Ohtani,Randy Vásquez,Shohei Ohtani,Randy Vásquez,
2026-05-20,7:38 PM,9:38 PM,Athletics,6,Los Angeles Angels,5,Final,Aaron Civale,Jack Kochanowicz,Scott Barlow,Chase Silseth,Hogan Harris
2026-05-21,11:10 AM,1:10 PM,Cleveland Guardians,3,Detroit Tigers,1,Final,Joey Cantillo,Casey Mize,Joey Cantillo,Casey Mize,Hunter Gaddis
2026-05-21,11:15 AM,1:15 PM,Pittsburgh Pirates,6,St. Louis Cardinals,2,Final,Braxton Ashcraft,Dustin May,Braxton Ashcraft,Dustin May,
2026-05-21,2:05 PM,4:05 PM,New York Mets,2,Washington Nationals,1,Final,David Peterson,Cade Cavalli,David Peterson,Cade Cavalli,Devin Williams
2026-05-21,4:40 PM,6:40 PM,Atlanta Braves,9,Miami Marlins,3,Final,Spencer Strider,Sandy Alcantara,Spencer Strider,Sandy Alcantara,
2026-05-21,5:05 PM,7:05 PM,Toronto Blue Jays,2,New York Yankees,0,Final,Braydon Fisher,Carlos Rodón,Adam Macko,Carlos Rodón,Jeff Hoffman
2026-05-21,7:38 PM,9:38 PM,Athletics,3,Los Angeles Angels,2,Final,Luis Severino,José Soriano,Joel Kuhnel,Ryan Zeferjahn,Mark Leiter Jr.
2026-05-21,7:40 PM,9:40 PM,Colorado Rockies,1,Arizona Diamondbacks,2,Final,Zach Agnos,Eduardo Rodriguez,Paul Sewald,Juan Mejia,
2026-05-22,12:20 PM,2:20 PM,Houston Astros,4,Chicago Cubs,2,Final,Spencer Arrighetti,Jameson Taillon,Spencer Arrighetti,Jameson Taillon,Bryan King
2026-05-22,4:40 PM,6:40 PM,Cleveland Guardians,1,Philadelphia Phillies,0,Final,Gavin Williams,Cristopher Sánchez,Gavin Williams,Jhoan Duran,Cade Smith
2026-05-22,5:05 PM,7:05 PM,Tampa Bay Rays,4,New York Yankees,2,Final,Nick Martinez,Gerrit Cole,Ian Seymour,Tim Hill,Bryan Baker
2026-05-22,5:07 PM,7:07 PM,Pittsburgh Pirates,2,Toronto Blue Jays,6,Final,Bubba Chandler,Kevin Gausman,Kevin Gausman,Bubba Chandler,Louis Varland
2026-05-22,5:10 PM,7:10 PM,Minnesota Twins,8,Boston Red Sox,6,Final,Connor Prielipp,Payton Tolle,Travis Adams,Justin Slaten,Anthony Banda
2026-05-22,5:10 PM,7:10 PM,New York Mets,1,Miami Marlins,2,Final,Tobias Myers,Eury Pérez,Eury Pérez,Sean Manaea,Pete Fairbanks
2026-05-22,5:15 PM,7:15 PM,Detroit Tigers,4,Baltimore Orioles,7,Final,Jack Flaherty,Keegan Akin,Chris Bassitt,Jack Flaherty,Anthony Nunez
2026-05-22,5:15 PM,7:15 PM,Washington Nationals,4,Atlanta Braves,5,Final,Richard Lovelady,Bryce Elder,Tyler Kinley,Paxton Schultz,
2026-05-22,5:40 PM,7:40 PM,Seattle Mariners,2,Kansas City Royals,0,Final,Logan Gilbert,Noah Cameron,Eduard Bazardo,Nick Mears,Andrés Muñoz
2026-05-22,5:40 PM,7:40 PM,Los Angeles Dodgers,1,Milwaukee Brewers,5,Final,Justin Wrobleski,Logan Henderson,Logan Henderson,Justin Wrobleski,Chad Patrick
2026-05-22,7:38 PM,9:38 PM,Texas Rangers,6,Los Angeles Angels,9,Final,Jacob deGrom,Grayson Rodriguez,Grayson Rodriguez,Jacob deGrom,
2026-05-22,7:40 PM,9:40 PM,Colorado Rockies,3,Arizona Diamondbacks,2,Final,Tomoyuki Sugano,Michael Soroka,Antonio Senzatela,Ryan Thompson,
2026-05-22,7:40 PM,9:40 PM,Athletics,3,San Diego Padres,7,Final,Jeffrey Springs,Walker Buehler,Adrian Morejon,Jeffrey Springs,
2026-05-22,8:15 PM,10:15 PM,Chicago White Sox,9,San Francisco Giants,4,Final,Davis Martin,Trevor McDonald,Davis Martin,Trevor McDonald,
2026-05-23,11:10 AM,1:10 PM,St. Louis Cardinals,8,Cincinnati Reds,1,Final,Andre Pallante,Chris Paddack,Andre Pallante,Chris Paddack,
2026-05-23,12:20 PM,2:20 PM,Houston Astros,3,Chicago Cubs,0,Final,Kai-Wei Teng,Colin Rea,Kai-Wei Teng,Colin Rea,Bryan King
2026-05-23,1:07 PM,3:07 PM,Pittsburgh Pirates,2,Toronto Blue Jays,5,Final,Paul Skenes,Patrick Corbin,Patrick Corbin,Paul Skenes,Jeff Hoffman
2026-05-23,2:05 PM,4:05 PM,Cleveland Guardians,0,Philadelphia Phillies,3,Final,Slade Cecconi,Zack Wheeler,Zack Wheeler,Slade Cecconi,Jhoan Duran
2026-05-23,2:05 PM,4:05 PM,Chicago White Sox,3,San Francisco Giants,10,Final,Bryan Hudson,Adrian Houser,Matt Gage,Erick Fedde,
2026-05-23,2:10 PM,4:10 PM,Seattle Mariners,0,Kansas City Royals,5,Final,George Kirby,Stephen Kolek,Stephen Kolek,George Kirby,
2026-05-23,2:10 PM,4:10 PM,Minnesota Twins,4,Boston Red Sox,2,Final,Taj Bradley,Jovani Morán,Taj Bradley,Jovani Morán,Taylor Rogers
2026-05-23,2:10 PM,4:10 PM,Washington Nationals,2,Atlanta Braves,0,Final,Jake Irvin,Grant Holmes,Jake Irvin,Grant Holmes,Richard Lovelady
2026-05-23,2:10 PM,4:10 PM,New York Mets,1,Miami Marlins,4,Final,Freddy Peralta,Max Meyer,Max Meyer,Freddy Peralta,
2026-05-23,5:15 PM,7:15 PM,St. Louis Cardinals,6,Cincinnati Reds,7,Final,Kyle Leahy,Chase Petty,Pierce Johnson,Riley O'Brien,
2026-05-23,5:15 PM,7:15 PM,Los Angeles Dodgers,11,Milwaukee Brewers,3,Final,Roki Sasaki,Robert Gasser,Roki Sasaki,Robert Gasser,
2026-05-23,7:40 PM,9:40 PM,Athletics,0,San Diego Padres,2,Final,J.T. Ginn,Lucas Giolito,Lucas Giolito,J.T. Ginn,Mason Miller
2026-05-23,8:05 PM,10:05 PM,Texas Rangers,2,Los Angeles Angels,5,Final,Nathan Eovaldi,Walbert Ureña,Walbert Ureña,Nathan Eovaldi,Kirby Yates
2026-05-23,8:10 PM,10:10 PM,Colorado Rockies,4,Arizona Diamondbacks,5,Final,Michael Lorenzen,Zac Gallen,Zac Gallen,Michael Lorenzen,Paul Sewald
2026-05-24,10:15 AM,12:15 PM,Pittsburgh Pirates,4,Toronto Blue Jays,1,Final,Mitch Keller,Dylan Cease,Mitch Keller,Dylan Cease,Gregory Soto
2026-05-24,10:35 AM,12:35 PM,Detroit Tigers,3,Baltimore Orioles,5,Final,Framber Valdez,Brandon Young,Dietrich Enns,Kenley Jansen,
2026-05-24,11:35 AM,1:35 PM,Minnesota Twins,6,Boston Red Sox,5,Final,Bailey Ober,Sonny Gray,Bailey Ober,Tyron Guerrero,Travis Adams
2026-05-24,11:35 AM,1:35 PM,Cleveland Guardians,3,Philadelphia Phillies,1,Final,Parker Messick,Andrew Painter,Parker Messick,Andrew Painter,Cade Smith
2026-05-24,11:35 AM,1:35 PM,Tampa Bay Rays,0,New York Yankees,2,Final,Drew Rasmussen,Ryan Weathers,Tim Hill,Kevin Kelly,
2026-05-24,11:40 AM,1:40 PM,New York Mets,0,Miami Marlins,4,Final,Christian Scott,Tyler Phillips,Pete Fairbanks,Devin Williams,
2026-05-24,12:10 PM,2:10 PM,Seattle Mariners,6,Kansas City Royals,8,Final,Bryan Woo,Seth Lugo,Seth Lugo,Bryan Woo,
2026-05-24,12:10 PM,2:10 PM,Los Angeles Dodgers,5,Milwaukee Brewers,1,Final,Yoshinobu Yamamoto,Brandon Sproat,Yoshinobu Yamamoto,Brandon Sproat,
2026-05-24,12:20 PM,2:20 PM,Houston Astros,8,Chicago Cubs,5,Final,Peter Lambert,Shota Imanaga,Peter Lambert,Shota Imanaga,Nate Pearson
2026-05-24,2:05 PM,4:05 PM,Chicago White Sox,5,San Francisco Giants,8,Final,Noah Schultz,Robbie Ray,Keaton Winn,Noah Schultz,Caleb Kilian
2026-05-24,2:10 PM,4:10 PM,Colorado Rockies,1,Arizona Diamondbacks,9,Final,Jose Quintana,Ryne Nelson,Ryne Nelson,Jose Quintana,
2026-05-24,2:10 PM,4:10 PM,Athletics,5,San Diego Padres,2,Final,Luis Medina,Michael King,Jacob Lopez,Michael King,Scott Barlow
2026-05-24,2:10 PM,4:10 PM,Washington Nationals,2,Atlanta Braves,1,Final,Foster Griffin,Martín Pérez,Foster Griffin,Martín Pérez,Orlando Ribalta
2026-05-24,4:05 PM,6:05 PM,Detroit Tigers,4,Baltimore Orioles,1,Final,Troy Melton,Trevor Rogers,Troy Melton,Trevor Rogers,Drew Anderson
2026-05-24,5:20 PM,7:20 PM,Texas Rangers,1,Los Angeles Angels,2,Final,MacKenzie Gore,Reid Detmers,Sam Bachman,Gavin Collyer,
2026-05-25,11:35 AM,1:35 PM,Chicago Cubs,1,Pittsburgh Pirates,2,Final,Ben Brown,Carmen Mlodzinski,Wilber Dotel,Trent Thornton,Gregory Soto
2026-05-25,11:35 AM,1:35 PM,Tampa Bay Rays,7,Baltimore Orioles,9,Final,Shane McClanahan,Kyle Bradish,Dietrich Enns,Jesse Scholtens,
2026-05-25,12:10 PM,2:10 PM,Minnesota Twins,1,Chicago White Sox,3,Final,Zebby Matthews,Anthony Kay,Anthony Kay,Zebby Matthews,Seranthony Domínguez
2026-05-25,12:10 PM,2:10 PM,St. Louis Cardinals,1,Milwaukee Brewers,5,Final,Matthew Liberatore,Jacob Misiorowski,Jacob Misiorowski,Matthew Liberatore,
2026-05-25,1:40 PM,3:40 PM,New York Yankees,4,Kansas City Royals,3,Final,Will Warren,Michael Wacha,Tim Hill,Lucas Erceg,David Bednar
2026-05-25,2:10 PM,4:10 PM,Cincinnati Reds,7,New York Mets,2,Final,Nick Lodolo,Nolan McLean,Nick Lodolo,Nolan McLean,
2026-05-25,3:05 PM,5:05 PM,Arizona Diamondbacks,6,San Francisco Giants,2,Final,Merrill Kelly,Landen Roupp,Merrill Kelly,Landen Roupp,
2026-05-25,4:10 PM,6:10 PM,Washington Nationals,10,Cleveland Guardians,2,Final,PJ Poulin,Tanner Bibee,Zack Littell,Tanner Bibee,
2026-05-25,4:40 PM,6:40 PM,Philadelphia Phillies,3,San Diego Padres,0,Final,Jesús Luzardo,Griffin Canning,Jesús Luzardo,Griffin Canning,Jhoan Duran
2026-05-25,5:05 PM,7:05 PM,Houston Astros,9,Texas Rangers,0,Final,Tatsuya Imai,Kumar Rocker,Tatsuya Imai,Kumar Rocker,
2026-05-25,5:07 PM,7:07 PM,Miami Marlins,8,Toronto Blue Jays,2,Final,Janson Junk,Trey Yesavage,Janson Junk,Trey Yesavage,
2026-05-25,7:10 PM,9:10 PM,Colorado Rockies,3,Los Angeles Dodgers,5,Final,Tanner Gordon,Emmet Sheehan,Kyle Hurt,Brennan Bernardino,Blake Treinen
2026-05-25,7:40 PM,9:40 PM,Seattle Mariners,9,Athletics,2,Final,Luis Castillo,Aaron Civale,Bryce Miller,Aaron Civale,
2026-05-26,4:10 PM,6:10 PM,Washington Nationals,6,Cleveland Guardians,3,Final,Cade Cavalli,Joey Cantillo,Cade Cavalli,Joey Cantillo,Mitchell Parker
2026-05-26,4:35 PM,6:35 PM,Tampa Bay Rays,1,Baltimore Orioles,6,Final,Griffin Jax,Shane Baz,Shane Baz,Griffin Jax,
2026-05-26,4:40 PM,6:40 PM,Los Angeles Angels,10,Detroit Tigers,6,Final,Jack Kochanowicz,Keider Montero,José Fermin,Will Vest,
2026-05-26,4:40 PM,6:40 PM,Chicago Cubs,1,Pittsburgh Pirates,12,Final,Jordan Wicks,Braxton Ashcraft,Braxton Ashcraft,Jordan Wicks,
2026-05-26,4:45 PM,6:45 PM,Atlanta Braves,7,Boston Red Sox,6,Final,Spencer Strider,Ranger Suarez,Spencer Strider,Ranger Suarez,Raisel Iglesias
2026-05-26,5:07 PM,7:07 PM,Miami Marlins,1,Toronto Blue Jays,8,Final,Sandy Alcantara,Braydon Fisher,Spencer Miles,Sandy Alcantara,
2026-05-26,5:10 PM,7:10 PM,Cincinnati Reds,7,New York Mets,2,Final,Chase Burns,David Peterson,Chase Burns,David Peterson,
2026-05-26,5:40 PM,7:40 PM,Minnesota Twins,5,Chicago White Sox,3,Final,Joe Ryan,Sean Burke,Taylor Rogers,Tyler Davis,Yoendrys Gómez
2026-05-26,5:40 PM,7:40 PM,New York Yankees,15,Kansas City Royals,1,Final,Cam Schlittler,Bailey Falter,Cam Schlittler,Bailey Falter,Ryan Yarbrough
2026-05-26,5:40 PM,7:40 PM,St. Louis Cardinals,0,Milwaukee Brewers,6,Final,Michael McGreevy,Kyle Harrison,Kyle Harrison,Michael McGreevy,
2026-05-26,6:05 PM,8:05 PM,Houston Astros,7,Texas Rangers,10,Final,Jason Alexander,Jack Leiter,Jack Leiter,Jason Alexander,Jacob Latz
2026-05-26,7:40 PM,9:40 PM,Seattle Mariners,4,Athletics,1,Final,Emerson Hancock,Gage Jump,Emerson Hancock,Gage Jump,
2026-05-26,7:40 PM,9:40 PM,Philadelphia Phillies,4,San Diego Padres,3,Final,Aaron Nola,Randy Vásquez,Aaron Nola,Randy Vásquez,Jhoan Duran
2026-05-26,7:45 PM,9:45 PM,Arizona Diamondbacks,7,San Francisco Giants,5,Final,Eduardo Rodriguez,Tyler Mahle,Eduardo Rodriguez,Tyler Mahle,Paul Sewald
2026-05-26,8:10 PM,10:10 PM,Colorado Rockies,6,Los Angeles Dodgers,15,Final,Kyle Freeland,Eric Lauer,Eric Lauer,Kyle Freeland,
2026-05-27,11:07 AM,1:07 PM,Miami Marlins,1,Toronto Blue Jays,2,Final,Eury Pérez,Kevin Gausman,Jeff Hoffman,Andrew Nardi,Tyler Rogers
2026-05-27,11:10 AM,1:10 PM,Washington Nationals,2,Cleveland Guardians,3,Final,PJ Poulin,Gavin Williams,Gavin Williams,Miles Mikolas,Cade Smith
2026-05-27,11:40 AM,1:40 PM,St. Louis Cardinals,1,Milwaukee Brewers,2,Final,Dustin May,Chad Patrick,Aaron Ashby,Dustin May,Trevor Megill
2026-05-27,1:05 PM,3:05 PM,Seattle Mariners,9,Athletics,1,Final,Logan Gilbert,Jeffrey Springs,Logan Gilbert,Jeffrey Springs,
2026-05-27,1:45 PM,3:45 PM,Arizona Diamondbacks,3,San Francisco Giants,2,Final,Michael Soroka,Trevor McDonald,Michael Soroka,Trevor McDonald,Paul Sewald
2026-05-27,2:10 PM,4:10 PM,Philadelphia Phillies,3,San Diego Padres,0,Final,Cristopher Sánchez,Walker Buehler,Cristopher Sánchez,Walker Buehler,José Alvarado
2026-05-27,4:35 PM,6:35 PM,Tampa Bay Rays,2,Baltimore Orioles,11,Final,Steven Matz,Trey Gibson,Trey Gibson,Steven Matz,
2026-05-27,4:40 PM,6:40 PM,Los Angeles Angels,0,Detroit Tigers,4,Final,José Soriano,Casey Mize,Drew Anderson,José Soriano,
2026-05-27,4:40 PM,6:40 PM,Chicago Cubs,10,Pittsburgh Pirates,4,Final,Jameson Taillon,Bubba Chandler,Jacob Webb,Yohan Ramírez,
2026-05-27,4:45 PM,6:45 PM,Atlanta Braves,0,Boston Red Sox,8,Final,Bryce Elder,Connelly Early,Connelly Early,Bryce Elder,
2026-05-27,5:10 PM,7:10 PM,Cincinnati Reds,2,New York Mets,4,Final,Andrew Abbott,Huascar Brazobán,Jonah Tong,Andrew Abbott,Devin Williams
2026-05-27,5:40 PM,7:40 PM,Minnesota Twins,2,Chicago White Sox,15,Final,Connor Prielipp,David Sandlin,David Sandlin,Connor Prielipp,
2026-05-27,5:40 PM,7:40 PM,New York Yankees,7,Kansas City Royals,0,Final,Gerrit Cole,Noah Cameron,Gerrit Cole,Noah Cameron,
2026-05-27,6:05 PM,8:05 PM,Houston Astros,4,Texas Rangers,3,Final,Mike Burrows,Jacob deGrom,Mike Burrows,Tyler Alexander,Enyel De Los Santos
2026-05-27,8:10 PM,10:10 PM,Colorado Rockies,1,Los Angeles Dodgers,4,Final,Tomoyuki Sugano,Shohei Ohtani,Shohei Ohtani,Tomoyuki Sugano,Kyle Hurt
2026-05-28,11:10 AM,1:10 PM,Los Angeles Angels,7,Detroit Tigers,1,Final,Grayson Rodriguez,Jack Flaherty,Grayson Rodriguez,Jack Flaherty,
2026-05-28,12:10 PM,2:10 PM,Minnesota Twins,2,Chicago White Sox,6,Final,Simeon Woods Richardson,Davis Martin,Davis Martin,Simeon Woods Richardson,
2026-05-28,2:10 PM,4:10 PM,Atlanta Braves,10,Boston Red Sox,2,Final,Chris Sale,Payton Tolle,Chris Sale,Danny Coulombe,
2026-05-28,4:35 PM,6:35 PM,Toronto Blue Jays,2,Baltimore Orioles,1,Final,Patrick Corbin,Chris Bassitt,Jeff Hoffman,Anthony Nunez,Louis Varland
2026-05-28,4:40 PM,6:40 PM,Chicago Cubs,7,Pittsburgh Pirates,2,Final,Colin Rea,Paul Skenes,Colin Rea,Paul Skenes,
2026-05-28,6:05 PM,8:05 PM,Houston Astros,5,Texas Rangers,1,Final,Spencer Arrighetti,Nathan Eovaldi,Spencer Arrighetti,Nathan Eovaldi,
2026-05-29,4:40 PM,6:40 PM,Atlanta Braves,8,Cincinnati Reds,3,Final,Grant Holmes,Chris Paddack,Didier Fuentes,Chris Paddack,
2026-05-29,4:45 PM,6:45 PM,San Diego Padres,7,Washington Nationals,5,Final,Lucas Giolito,Paxton Schultz,Jeremiah Estrada,Mitchell Parker,Mason Miller
2026-05-29,4:45 PM,6:45 PM,Minnesota Twins,5,Pittsburgh Pirates,6,Final,Taj Bradley,Jared Jones,Gregory Soto,Taylor Rogers,
2026-05-29,5:05 PM,7:05 PM,Toronto Blue Jays,6,Baltimore Orioles,5,Final,Adam Macko,Trevor Rogers,Mason Fluharty,Yennier Cano,Braydon Fisher
2026-05-29,5:10 PM,7:10 PM,Boston Red Sox,3,Cleveland Guardians,4,Final,Tyler Samaniego,Slade Cecconi,Colin Holderman,Tyler Samaniego,Cade Smith
2026-05-29,5:10 PM,7:10 PM,Los Angeles Angels,5,Tampa Bay Rays,8,Final,Walbert Ureña,Nick Martinez,Nick Martinez,Ryan Zeferjahn,Bryan Baker
2026-05-29,5:10 PM,7:10 PM,Miami Marlins,7,New York Mets,9,Final,Max Meyer,Freddy Peralta,Austin Warren,Pete Fairbanks,
2026-05-29,5:15 PM,7:15 PM,Chicago Cubs,5,St. Louis Cardinals,6,Final,Shota Imanaga,Andre Pallante,Gordon Graceffo,Shota Imanaga,Riley O'Brien
2026-05-29,5:40 PM,7:40 PM,Detroit Tigers,3,Chicago White Sox,4,Final,Troy Melton,Brandon Eisert,Bryan Hudson,Drew Anderson,
2026-05-29,6:05 PM,8:05 PM,Kansas City Royals,1,Texas Rangers,9,Final,Stephen Kolek,MacKenzie Gore,MacKenzie Gore,Stephen Kolek,
2026-05-29,6:10 PM,8:10 PM,Milwaukee Brewers,5,Houston Astros,4,Final,Coleman Crow,Kai-Wei Teng,Abner Uribe,Alimber Santa,Trevor Megill
2026-05-29,6:40 PM,8:40 PM,San Francisco Giants,6,Colorado Rockies,8,Final,Logan Webb,Michael Lorenzen,Juan Mejia,Caleb Kilian,
2026-05-29,7:40 PM,9:40 PM,New York Yankees,8,Athletics,2,Final,Carlos Rodón,Luis Severino,Carlos Rodón,Luis Severino,
2026-05-29,8:10 PM,10:10 PM,Arizona Diamondbacks,6,Seattle Mariners,7,Final,Zac Gallen,George Kirby,Cooper Criswell,Juan Morillo,
2026-05-29,8:15 PM,10:15 PM,Philadelphia Phillies,2,Los Angeles Dodgers,4,Final,Zack Wheeler,Justin Wrobleski,Justin Wrobleski,Zack Wheeler,Tanner Scott
2026-05-30,12:10 PM,2:10 PM,Detroit Tigers,1,Chicago White Sox,7,Final,Framber Valdez,Anthony Kay,Anthony Kay,Framber Valdez,
2026-05-30,2:05 PM,4:05 PM,San Diego Padres,4,Washington Nationals,9,Final,Michael King,Foster Griffin,Brad Lord,Michael King,Clayton Beeter
2026-05-30,2:05 PM,4:05 PM,Kansas City Royals,6,Texas Rangers,7,Final,Seth Lugo,Kumar Rocker,Peyton Gray,Lucas Erceg,
2026-05-30,2:05 PM,4:05 PM,Toronto Blue Jays,5,Baltimore Orioles,6,Final,Trey Yesavage,Brandon Young,Albert Suárez,Jeff Hoffman,
2026-05-30,2:05 PM,4:05 PM,Minnesota Twins,9,Pittsburgh Pirates,10,Final,Bailey Ober,Mitch Keller,Yohan Ramírez,Bailey Ober,Gregory Soto
2026-05-30,2:10 PM,4:10 PM,Boston Red Sox,9,Cleveland Guardians,1,Final,Sonny Gray,Parker Messick,Sonny Gray,Matt Festa,
2026-05-30,2:10 PM,4:10 PM,Los Angeles Angels,14,Tampa Bay Rays,3,Final,Reid Detmers,Drew Rasmussen,Reid Detmers,Drew Rasmussen,
2026-05-30,2:10 PM,4:10 PM,Miami Marlins,1,New York Mets,6,Final,Tyler Phillips,Christian Scott,Christian Scott,Tyler Phillips,
2026-05-30,2:10 PM,4:10 PM,Milwaukee Brewers,2,Houston Astros,9,Final,Brandon Sproat,Peter Lambert,Peter Lambert,Brandon Sproat,
2026-05-30,5:15 PM,7:15 PM,Chicago Cubs,6,St. Louis Cardinals,1,Final,Ben Brown,Kyle Leahy,Ben Brown,Ryan Fernandez,
2026-05-30,5:15 PM,7:15 PM,Atlanta Braves,5,Cincinnati Reds,2,Final,Martín Pérez,Brady Singer,Martín Pérez,Brady Singer,Raisel Iglesias
2026-05-30,7:10 PM,9:10 PM,San Francisco Giants,3,Colorado Rockies,8,Final,Adrian Houser,Ryan Feltner,Ryan Feltner,Adrian Houser,
2026-05-30,8:05 PM,10:05 PM,New York Yankees,4,Athletics,6,Final,Ryan Weathers,J.T. Ginn,J.T. Ginn,Ryan Weathers,Scott Barlow
2026-05-30,8:10 PM,10:10 PM,Arizona Diamondbacks,1,Seattle Mariners,5,Final,Ryne Nelson,Bryan Woo,Bryan Woo,Ryne Nelson,
2026-05-30,8:10 PM,10:10 PM,Philadelphia Phillies,4,Los Angeles Dodgers,3,Final,Jesús Luzardo,Roki Sasaki,Orion Kerkering,Tanner Scott,Jhoan Duran
2026-05-31,10:15 AM,12:15 PM,Toronto Blue Jays,5,Baltimore Orioles,9,Final,Spencer Miles,Kyle Bradish,Kyle Bradish,Spencer Miles,
2026-05-31,11:35 AM,1:35 PM,San Diego Padres,2,Washington Nationals,4,Final,Griffin Canning,Zack Littell,Zack Littell,Griffin Canning,Clayton Beeter
2026-05-31,11:35 AM,1:35 PM,Minnesota Twins,3,Pittsburgh Pirates,9,Final,Zebby Matthews,Braxton Ashcraft,Braxton Ashcraft,Zebby Matthews,
2026-05-31,11:40 AM,1:40 PM,Boston Red Sox,9,Cleveland Guardians,4,Final,Ranger Suarez,Tanner Bibee,Jovani Morán,Colin Holderman,
2026-05-31,11:40 AM,1:40 PM,Los Angeles Angels,2,Tampa Bay Rays,5,Final,Jack Kochanowicz,Shane McClanahan,Shane McClanahan,Jack Kochanowicz,Bryan Baker
2026-05-31,11:40 AM,1:40 PM,Atlanta Braves,4,Cincinnati Reds,6,Final,Spencer Strider,Nick Lodolo,Nick Lodolo,Spencer Strider,Sam Moll
2026-05-31,11:40 AM,1:40 PM,Miami Marlins,1,New York Mets,10,Final,John King,Nolan McLean,Nolan McLean,John King,David Peterson
2026-05-31,12:10 PM,2:10 PM,Detroit Tigers,1,Chicago White Sox,2,Final,Keider Montero,Sean Burke,Brandon Eisert,Drew Anderson,Tyler Davis
2026-05-31,12:10 PM,2:10 PM,Milwaukee Brewers,2,Houston Astros,0,Final,Jacob Misiorowski,Tatsuya Imai,Jacob Misiorowski,Tatsuya Imai,Trevor Megill
2026-05-31,12:35 PM,2:35 PM,Kansas City Royals,3,Texas Rangers,6,Final,Michael Wacha,Jack Leiter,Jack Leiter,Michael Wacha,Jacob Latz
2026-05-31,1:10 PM,3:10 PM,San Francisco Giants,19,Colorado Rockies,6,Final,Robbie Ray,Tanner Gordon,Caleb Kilian,Tanner Gordon,
2026-05-31,2:05 PM,4:05 PM,New York Yankees,13,Athletics,8,Final,Will Warren,Jacob Lopez,Will Warren,Jacob Lopez,
2026-05-31,2:10 PM,4:10 PM,Arizona Diamondbacks,2,Seattle Mariners,3,Final,Merrill Kelly,Bryce Miller,Luis Castillo,Jonathan Loáisiga,
2026-05-31,2:10 PM,4:10 PM,Philadelphia Phillies,1,Los Angeles Dodgers,9,Final,Andrew Painter,Yoshinobu Yamamoto,Yoshinobu Yamamoto,Andrew Painter,
2026-05-31,5:20 PM,7:20 PM,Chicago Cubs,1,St. Louis Cardinals,5,Final,Jordan Wicks,Matthew Liberatore,Matthew Liberatore,Jordan Wicks,Hunter Dobbins
2026-06-01,4:40 PM,6:40 PM,Detroit Tigers,10,Tampa Bay Rays,9,Final,Ty Madden,Griffin Jax,Tyler Holton,Griffin Jax,Will Vest
2026-06-01,4:45 PM,6:45 PM,Miami Marlins,7,Washington Nationals,3,Final,Sandy Alcantara,Cade Cavalli,Sandy Alcantara,Richard Lovelady,
2026-06-01,5:10 PM,7:10 PM,Kansas City Royals,9,Cincinnati Reds,2,Final,Luinder Avila,Lyon Richardson,Luinder Avila,Lyon Richardson,
2026-06-01,5:40 PM,7:40 PM,Chicago White Sox,6,Minnesota Twins,9,Final,David Sandlin,Joe Ryan,Joe Ryan,David Sandlin,
2026-06-01,5:40 PM,7:40 PM,San Francisco Giants,2,Milwaukee Brewers,16,Final,Landen Roupp,Shane Drohan,Chad Patrick,Landen Roupp,
2026-06-01,5:45 PM,7:45 PM,Texas Rangers,2,St. Louis Cardinals,1,Final,Jacob deGrom,Michael McGreevy,Jacob deGrom,Michael McGreevy,Jacob Latz
2026-06-01,7:38 PM,9:38 PM,Colorado Rockies,9,Los Angeles Angels,8,Final,Kyle Freeland,José Soriano,Antonio Senzatela,Kirby Yates,
2026-06-01,7:40 PM,9:40 PM,Los Angeles Dodgers,1,Arizona Diamondbacks,4,Final,Emmet Sheehan,Eduardo Rodriguez,Taylor Clarke,Emmet Sheehan,Paul Sewald
2026-06-01,7:40 PM,9:40 PM,New York Mets,2,Seattle Mariners,3,Final,Austin Warren,Emerson Hancock,Gabe Speier,A.J. Minter,
2026-06-02,4:40 PM,6:40 PM,Detroit Tigers,8,Tampa Bay Rays,0,Final,Jack Flaherty,Steven Matz,Jack Flaherty,Steven Matz,Enmanuel De Jesus
2026-06-02,4:40 PM,6:40 PM,San Diego Padres,2,Philadelphia Phillies,3,Final,Randy Vásquez,Aaron Nola,José Alvarado,Jeremiah Estrada,Jhoan Duran
2026-06-02,4:45 PM,6:45 PM,Baltimore Orioles,4,Boston Red Sox,2,Final,Shane Baz,Connelly Early,Shane Baz,Connelly Early,Rico Garcia
2026-06-02,4:45 PM,6:45 PM,Miami Marlins,7,Washington Nationals,3,Final,Lake Bachar,Richard Lovelady,John King,Miles Mikolas,
2026-06-02,5:05 PM,7:05 PM,Cleveland Guardians,9,New York Yankees,4,Final,Joey Cantillo,Cam Schlittler,Colin Holderman,Cam Schlittler,
2026-06-02,5:10 PM,7:10 PM,Kansas City Royals,3,Cincinnati Reds,4,Final,Noah Cameron,Andrew Abbott,Brock Burke,John Schreiber,
2026-06-02,5:15 PM,7:15 PM,Toronto Blue Jays,3,Atlanta Braves,4,Final,Kevin Gausman,Bryce Elder,Bryce Elder,Kevin Gausman,Raisel Iglesias
2026-06-02,5:40 PM,7:40 PM,Chicago White Sox,4,Minnesota Twins,6,Final,Davis Martin,Connor Prielipp,Connor Prielipp,Davis Martin,Yoendrys Gómez
2026-06-02,5:40 PM,7:40 PM,San Francisco Giants,3,Milwaukee Brewers,8,Final,Trevor McDonald,Kyle Harrison,Kyle Harrison,Trevor McDonald,
2026-06-02,5:45 PM,7:45 PM,Texas Rangers,7,St. Louis Cardinals,4,Final,Nathan Eovaldi,Dustin May,Cal Quantrill,Riley O'Brien,Jakob Junis
2026-06-02,6:05 PM,8:05 PM,Athletics,2,Chicago Cubs,1,Final,Gage Jump,Jameson Taillon,Gage Jump,Jameson Taillon,Hogan Harris
2026-06-02,6:10 PM,8:10 PM,Pittsburgh Pirates,10,Houston Astros,6,Final,Bubba Chandler,Mike Burrows,Bubba Chandler,Mike Burrows,Gregory Soto
2026-06-02,7:38 PM,9:38 PM,Colorado Rockies,8,Los Angeles Angels,2,Final,Tomoyuki Sugano,Grayson Rodriguez,Tomoyuki Sugano,Grayson Rodriguez,
2026-06-02,7:40 PM,9:40 PM,Los Angeles Dodgers,6,Arizona Diamondbacks,5,Final,Eric Lauer,Michael Soroka,Blake Treinen,Michael Soroka,Tanner Scott
2026-06-02,7:40 PM,9:40 PM,New York Mets,3,Seattle Mariners,8,Final,Huascar Brazobán,Logan Gilbert,Logan Gilbert,Jonah Tong,
2026-06-03,11:05 AM,1:05 PM,Miami Marlins,4,Washington Nationals,1,Final,Max Meyer,Andrew Alvarez,Max Meyer,Clayton Beeter,Pete Fairbanks
2026-06-03,11:10 AM,1:10 PM,Detroit Tigers,7,Tampa Bay Rays,2,Final,Troy Melton,Nick Martinez,Troy Melton,Nick Martinez,
2026-06-03,11:40 AM,1:40 PM,Chicago White Sox,8,Minnesota Twins,0,Final,Erick Fedde,Taj Bradley,Erick Fedde,Taj Bradley,
2026-06-03,1:40 PM,3:40 PM,New York Mets,7,Seattle Mariners,1,Final,Freddy Peralta,George Kirby,Freddy Peralta,George Kirby,
2026-06-03,4:40 PM,6:40 PM,San Diego Padres,2,Philadelphia Phillies,3,Final,Walker Buehler,Cristopher Sánchez,Cristopher Sánchez,Jason Adam,Jhoan Duran
2026-06-03,4:45 PM,6:45 PM,Baltimore Orioles,1,Boston Red Sox,8,Final,Chris Bassitt,Payton Tolle,Payton Tolle,Chris Bassitt,Ryan Watson
2026-06-03,5:05 PM,7:05 PM,Cleveland Guardians,5,New York Yankees,4,Final,Gavin Williams,Gerrit Cole,Gavin Williams,Gerrit Cole,Cade Smith
2026-06-03,5:10 PM,7:10 PM,Kansas City Royals,5,Cincinnati Reds,2,Final,Stephen Kolek,Chase Burns,Daniel Lynch IV,Tony Santillan,Alex Lange
2026-06-03,5:15 PM,7:15 PM,Toronto Blue Jays,3,Atlanta Braves,7,Final,Patrick Corbin,Grant Holmes,Grant Holmes,Patrick Corbin,
2026-06-03,5:40 PM,7:40 PM,San Francisco Giants,1,Milwaukee Brewers,0,Final,Logan Webb,Robert Gasser,Logan Webb,Robert Gasser,Keaton Winn
2026-06-03,5:45 PM,7:45 PM,Texas Rangers,3,St. Louis Cardinals,5,Final,MacKenzie Gore,Andre Pallante,Andre Pallante,MacKenzie Gore,Riley O'Brien
2026-06-03,6:05 PM,8:05 PM,Athletics,5,Chicago Cubs,4,Final,Jeffrey Springs,Colin Rea,Hogan Harris,Ethan Roberts,Justin Sterner
2026-06-03,6:10 PM,8:10 PM,Pittsburgh Pirates,9,Houston Astros,11,Final,Paul Skenes,Spencer Arrighetti,AJ Blubaugh,Gregory Soto,Josh Hader
2026-06-03,7:38 PM,9:38 PM,Colorado Rockies,4,Los Angeles Angels,11,Final,Michael Lorenzen,Walbert Ureña,Walbert Ureña,Michael Lorenzen,
2026-06-03,7:40 PM,9:40 PM,Los Angeles Dodgers,7,Arizona Diamondbacks,0,Final,Shohei Ohtani,Zac Gallen,Shohei Ohtani,Zac Gallen,
2026-06-04,11:05 AM,1:05 PM,San Diego Padres,4,Philadelphia Phillies,6,Final,Lucas Giolito,Zack Wheeler,Zack Wheeler,Lucas Giolito,
2026-06-04,11:35 AM,1:35 PM,Baltimore Orioles,8,Boston Red Sox,2,Final,Trevor Rogers,Brayan Bello,Trevor Rogers,Brayan Bello,
2026-06-04,11:35 AM,1:35 PM,Cleveland Guardians,1,New York Yankees,2,Final,Slade Cecconi,Carlos Rodón,Brent Headrick,Codi Heuer,David Bednar
2026-06-04,12:10 PM,2:10 PM,San Francisco Giants,12,Milwaukee Brewers,9,Final,Adrian Houser,Coleman Crow,Sam Hentges,Coleman Crow,Caleb Kilian
2026-06-04,5:15 PM,7:15 PM,Toronto Blue Jays,7,Atlanta Braves,2,Final,Mason Fluharty,Chris Sale,Chad Dallas,Chris Sale,Louis Varland
2026-06-04,5:40 PM,7:40 PM,Kansas City Royals,8,Minnesota Twins,6,Final,Seth Lugo,Andrew Morris,Matt Strahm,Taylor Rogers,Alex Lange
2026-06-04,6:05 PM,8:05 PM,Athletics,6,Chicago Cubs,7,Final,J.T. Ginn,Shota Imanaga,Ryan Rolison,Joel Kuhnel,
2026-06-04,6:10 PM,8:10 PM,Pittsburgh Pirates,5,Houston Astros,1,Final,Jared Jones,Kai-Wei Teng,Jared Jones,Kai-Wei Teng,Carmen Mlodzinski
2026-06-04,7:40 PM,9:40 PM,Los Angeles Dodgers,2,Arizona Diamondbacks,3,Final,Justin Wrobleski,Ryne Nelson,Paul Sewald,Tanner Scott,
2026-06-05,12:20 PM,2:20 PM,San Francisco Giants,18,Chicago Cubs,3,Final,Robbie Ray,Edward Cabrera,Robbie Ray,Edward Cabrera,
2026-06-05,4:40 PM,6:40 PM,Seattle Mariners,3,Detroit Tigers,7,Final,Bryan Woo,Framber Valdez,Framber Valdez,Bryan Woo,
2026-06-05,4:40 PM,6:40 PM,Chicago White Sox,6,Philadelphia Phillies,8,Final,Anthony Kay,Jesús Luzardo,Jonathan Bowlan,Bryan Hudson,Jhoan Duran
2026-06-05,5:05 PM,7:05 PM,Boston Red Sox,5,New York Yankees,3,Final,Sonny Gray,Ryan Weathers,Sonny Gray,Ryan Weathers,Aroldis Chapman
2026-06-05,5:07 PM,7:07 PM,Baltimore Orioles,13,Toronto Blue Jays,3,Final,Brandon Young,Trey Yesavage,Brandon Young,Trey Yesavage,
2026-06-05,5:10 PM,7:10 PM,Tampa Bay Rays,6,Miami Marlins,0,Final,Drew Rasmussen,Ryan Gusto,Drew Rasmussen,Ryan Gusto,
2026-06-05,5:15 PM,7:15 PM,Pittsburgh Pirates,3,Atlanta Braves,6,Final,Mitch Keller,Martín Pérez,Martín Pérez,Mitch Keller,Raisel Iglesias
2026-06-05,6:10 PM,8:10 PM,Athletics,1,Houston Astros,5,Final,Jack Perkins,Peter Lambert,Peter Lambert,Jack Perkins,
2026-06-05,6:15 PM,8:15 PM,Cincinnati Reds,3,St. Louis Cardinals,10,Final,Brady Singer,Kyle Leahy,Hunter Dobbins,Brady Singer,
2026-06-05,6:15 PM,8:15 PM,Cleveland Guardians,2,Texas Rangers,3,Final,Parker Messick,Kumar Rocker,Peyton Gray,Parker Messick,Jacob Latz
2026-06-05,6:15 PM,8:15 PM,Kansas City Royals,3,Minnesota Twins,5,Final,Michael Wacha,Zebby Matthews,Zebby Matthews,Michael Wacha,Travis Adams
2026-06-05,6:40 PM,8:40 PM,Milwaukee Brewers,9,Colorado Rockies,7,Final,Brandon Sproat,Ryan Feltner,Trevor Megill,Juan Mejia,
2026-06-05,7:40 PM,9:40 PM,Washington Nationals,14,Arizona Diamondbacks,1,Final,Foster Griffin,Merrill Kelly,Foster Griffin,Merrill Kelly,
2026-06-05,7:40 PM,9:40 PM,New York Mets,5,San Diego Padres,0,Final,Christian Scott,Michael King,Christian Scott,Michael King,
2026-06-05,8:10 PM,10:10 PM,Los Angeles Angels,0,Los Angeles Dodgers,1,Final,Reid Detmers,Roki Sasaki,Blake Treinen,Kirby Yates,
2026-06-06,11:10 AM,1:10 PM,Seattle Mariners,4,Detroit Tigers,0,Final,Bryce Miller,Keider Montero,Bryce Miller,Keider Montero,
2026-06-06,12:10 PM,2:10 PM,Kansas City Royals,3,Minnesota Twins,2,Final,Luinder Avila,Joe Ryan,Matt Strahm,Eric Orze,Alex Lange
2026-06-06,12:15 PM,2:15 PM,Cincinnati Reds,5,St. Louis Cardinals,6,Final,Nick Lodolo,Matthew Liberatore,George Soriano,Sam Moll,Riley O'Brien
2026-06-06,12:20 PM,2:20 PM,San Francisco Giants,2,Chicago Cubs,3,Final,Landen Roupp,Ben Brown,Ryan Rolison,Sam Hentges,
2026-06-06,1:07 PM,3:07 PM,Baltimore Orioles,4,Toronto Blue Jays,6,Final,Kyle Bradish,Braydon Fisher,Spencer Miles,Kyle Bradish,Louis Varland
2026-06-06,2:05 PM,4:05 PM,Chicago White Sox,6,Philadelphia Phillies,3,Final,Brandon Eisert,Andrew Painter,Sean Burke,Andrew Painter,Grant Taylor
2026-06-06,2:10 PM,4:10 PM,Washington Nationals,6,Arizona Diamondbacks,1,Final,Zack Littell,Eduardo Rodriguez,Zack Littell,Eduardo Rodriguez,Brad Lord
2026-06-06,2:10 PM,4:10 PM,Athletics,2,Houston Astros,13,Final,Kade Morris,Tatsuya Imai,Tatsuya Imai,Kade Morris,
2026-06-06,2:10 PM,4:10 PM,Pittsburgh Pirates,3,Atlanta Braves,6,Final,Braxton Ashcraft,Spencer Strider,Spencer Strider,Braxton Ashcraft,Raisel Iglesias
2026-06-06,2:10 PM,4:10 PM,Tampa Bay Rays,3,Miami Marlins,4,Final,Shane McClanahan,Lake Bachar,John King,Shane McClanahan,Tyler Zuber
2026-06-06,5:35 PM,7:35 PM,Cleveland Guardians,6,Texas Rangers,0,Final,Tanner Bibee,Jack Leiter,Tanner Bibee,Jack Leiter,
2026-06-06,7:10 PM,9:10 PM,Milwaukee Brewers,7,Colorado Rockies,1,Final,Jacob Misiorowski,Zach Agnos,Jacob Misiorowski,Zach Agnos,
2026-06-06,8:10 PM,10:10 PM,Los Angeles Angels,2,Los Angeles Dodgers,9,Final,Jack Kochanowicz,Yoshinobu Yamamoto,Yoshinobu Yamamoto,Jack Kochanowicz,
2026-06-06,8:10 PM,10:10 PM,New York Mets,2,San Diego Padres,3,Final,Nolan McLean,Griffin Canning,Bradgley Rodriguez,Austin Warren,Mason Miller
2026-06-07,11:35 AM,1:35 PM,Pittsburgh Pirates,2,Atlanta Braves,3,Final,Mason Montgomery,Bryce Elder,Reynaldo López,Bubba Chandler,Didier Fuentes
2026-06-07,11:35 AM,1:35 PM,Chicago White Sox,5,Philadelphia Phillies,9,Final,Tyler Gilbert,Aaron Nola,José Alvarado,Tyler Davis,
2026-06-07,11:35 AM,1:35 PM,Boston Red Sox,1,New York Yankees,6,Final,Ranger Suarez,Cam Schlittler,Tim Hill,Justin Slaten,
2026-06-07,11:37 AM,1:37 PM,Baltimore Orioles,4,Toronto Blue Jays,6,Final,Shane Baz,Kevin Gausman,Adam Macko,Shane Baz,Louis Varland
2026-06-07,11:40 AM,1:40 PM,Seattle Mariners,4,Detroit Tigers,5,Final,Luis Castillo,Jack Flaherty,Will Vest,Andrés Muñoz,
2026-06-07,11:40 AM,1:40 PM,Tampa Bay Rays,1,Miami Marlins,4,Final,Griffin Jax,Sandy Alcantara,Sandy Alcantara,Garrett Cleavinger,Anthony Bender
2026-06-07,12:10 PM,2:10 PM,Athletics,5,Houston Astros,0,Final,Gage Jump,Mike Burrows,Gage Jump,Mike Burrows,
2026-06-07,12:10 PM,2:10 PM,Kansas City Royals,6,Minnesota Twins,5,Final,Noah Cameron,Connor Prielipp,Noah Cameron,Connor Prielipp,Lucas Erceg
2026-06-07,12:15 PM,2:15 PM,Cincinnati Reds,3,St. Louis Cardinals,5,Final,Rhett Lowder,Michael McGreevy,Ryne Stanek,Sam Moll,Riley O'Brien
2026-06-07,12:35 PM,2:35 PM,Cleveland Guardians,0,Texas Rangers,10,Final,Joey Cantillo,Jacob deGrom,Jacob deGrom,Joey Cantillo,
2026-06-07,1:10 PM,3:10 PM,Milwaukee Brewers,12,Colorado Rockies,4,Final,Shane Drohan,Kyle Freeland,Shane Drohan,Jaden Hill,
2026-06-07,1:15 PM,3:15 PM,Washington Nationals,1,Arizona Diamondbacks,5,Final,Cade Cavalli,Michael Soroka,Michael Soroka,Cade Cavalli,
2026-06-07,2:10 PM,4:10 PM,Los Angeles Angels,13,Los Angeles Dodgers,5,Final,José Soriano,Emmet Sheehan,José Soriano,Emmet Sheehan,
2026-06-07,2:10 PM,4:10 PM,New York Mets,7,San Diego Padres,3,Final,Huascar Brazobán,Randy Vásquez,Sean Manaea,Randy Vásquez,
2026-06-07,6:30 PM,8:30 PM,San Francisco Giants,2,Chicago Cubs,1,Final,Trevor McDonald,Jameson Taillon,Keaton Winn,Trent Thornton,Dylan Smith
2026-06-08,4:35 PM,6:35 PM,Seattle Mariners,6,Baltimore Orioles,3,Final,Emerson Hancock,Trey Gibson,Emerson Hancock,Trey Gibson,Andrés Muñoz
2026-06-08,4:40 PM,6:40 PM,Boston Red Sox,1,Tampa Bay Rays,3,Final,Connelly Early,Ian Seymour,Casey Legumina,Connelly Early,Bryan Baker
2026-06-08,4:40 PM,6:40 PM,New York Yankees,7,Cleveland Guardians,5,Final,Will Warren,Gavin Williams,David Bednar,Shawn Armstrong,
2026-06-08,5:07 PM,7:07 PM,Philadelphia Phillies,5,Toronto Blue Jays,2,Final,Cristopher Sánchez,Patrick Corbin,Cristopher Sánchez,Patrick Corbin,Jhoan Duran
2026-06-08,7:38 PM,9:38 PM,Houston Astros,5,Los Angeles Angels,4,Final,Spencer Arrighetti,Grayson Rodriguez,Josh Hader,Sam Aldegheri,Bryan Abreu
2026-06-08,7:40 PM,9:40 PM,Cincinnati Reds,2,San Diego Padres,6,Final,Andrew Abbott,Walker Buehler,Adrian Morejon,Andrew Abbott,
2026-06-08,7:45 PM,9:45 PM,Washington Nationals,4,San Francisco Giants,3,Final,Richard Lovelady,Logan Webb,Clayton Beeter,Keaton Winn,Gus Varland
2026-06-08,8:05 PM,10:05 PM,Milwaukee Brewers,15,Athletics,14,Final,Kyle Harrison,Jeffrey Springs,Abner Uribe,José Suarez,Chad Patrick
2026-06-09,4:35 PM,6:35 PM,Seattle Mariners,6,Baltimore Orioles,5,Final,Logan Gilbert,Trevor Rogers,José A. Ferrer,Rico Garcia,Nick Davila
2026-06-09,4:40 PM,6:40 PM,Los Angeles Dodgers,12,Pittsburgh Pirates,3,Final,Eric Lauer,Paul Skenes,Will Klein,Wilber Dotel,
2026-06-09,4:40 PM,6:40 PM,Boston Red Sox,3,Tampa Bay Rays,4,Final,Payton Tolle,Nick Martinez,Nick Martinez,Payton Tolle,Bryan Baker
2026-06-09,4:40 PM,6:40 PM,Minnesota Twins,4,Detroit Tigers,10,Final,Taj Bradley,Troy Melton,Troy Melton,Taj Bradley,
2026-06-09,4:40 PM,6:40 PM,Arizona Diamondbacks,6,Miami Marlins,10,Final,Zac Gallen,Max Meyer,Pete Fairbanks,Brandyn Garcia,
2026-06-09,4:40 PM,6:40 PM,New York Yankees,3,Cleveland Guardians,2,Final,Gerrit Cole,Slade Cecconi,Camilo Doval,Tim Herrin,Fernando Cruz
2026-06-09,5:07 PM,7:07 PM,Philadelphia Phillies,2,Toronto Blue Jays,3,Final,Zack Wheeler,Dylan Cease,Louis Varland,Jhoan Duran,
2026-06-09,5:10 PM,7:10 PM,St. Louis Cardinals,7,New York Mets,0,Final,Dustin May,Freddy Peralta,Dustin May,Freddy Peralta,
2026-06-09,5:40 PM,7:40 PM,Texas Rangers,3,Kansas City Royals,5,Final,Nathan Eovaldi,Stephen Kolek,Steven Cruz,Nathan Eovaldi,Alex Lange
2026-06-09,5:40 PM,7:40 PM,Atlanta Braves,5,Chicago White Sox,6,Final,Grant Holmes,Brandon Eisert,Grant Taylor,Raisel Iglesias,
2026-06-09,6:40 PM,8:40 PM,Chicago Cubs,3,Colorado Rockies,7,Final,Colin Rea,Tomoyuki Sugano,Tomoyuki Sugano,Colin Rea,
2026-06-09,7:38 PM,9:38 PM,Houston Astros,1,Los Angeles Angels,10,Final,Kai-Wei Teng,Walbert Ureña,Walbert Ureña,Kai-Wei Teng,
2026-06-09,7:40 PM,9:40 PM,Cincinnati Reds,5,San Diego Padres,3,Final,Chase Burns,Lucas Giolito,Tejay Antone,Yuki Matsui,Zach Maxwell
2026-06-09,7:45 PM,9:45 PM,Washington Nationals,6,San Francisco Giants,3,Final,Andrew Alvarez,Adrian Houser,Brad Lord,Adrian Houser,
2026-06-09,8:05 PM,10:05 PM,Milwaukee Brewers,5,Athletics,7,Final,Robert Gasser,J.T. Ginn,J.T. Ginn,Robert Gasser,Mason Barnett
2026-06-10,11:10 AM,1:10 PM,Boston Red Sox,5,Tampa Bay Rays,7,Final,Jake Bennett,Drew Rasmussen,Drew Rasmussen,Jake Bennett,Garrett Cleavinger
2026-06-10,11:10 AM,1:10 PM,New York Yankees,8,Cleveland Guardians,4,Final,Carlos Rodón,Parker Messick,Carlos Rodón,Parker Messick,
2026-06-10,1:45 PM,3:45 PM,Washington Nationals,10,San Francisco Giants,11,Final,Foster Griffin,Robbie Ray,Reiver Sanmartin,Mitchell Parker,
2026-06-10,2:10 PM,4:10 PM,Cincinnati Reds,4,San Diego Padres,5,Final,Brady Singer,Michael King,Wandy Peralta,Chase Petty,
2026-06-10,4:35 PM,6:35 PM,Seattle Mariners,2,Baltimore Orioles,7,Final,George Kirby,Brandon Young,Brandon Young,George Kirby,
2026-06-10,4:40 PM,6:40 PM,Los Angeles Dodgers,8,Pittsburgh Pirates,9,Final,Shohei Ohtani,Jared Jones,Evan Sisk,Kyle Hurt,Gregory Soto
2026-06-10,4:40 PM,6:40 PM,Minnesota Twins,6,Detroit Tigers,4,Final,Mike Paredes,Framber Valdez,Taylor Rogers,Framber Valdez,Yoendrys Gómez
2026-06-10,4:40 PM,6:40 PM,Arizona Diamondbacks,0,Miami Marlins,8,Final,Ryne Nelson,Ryan Gusto,William Kempner,Ryne Nelson,
2026-06-10,5:07 PM,7:07 PM,Philadelphia Phillies,7,Toronto Blue Jays,4,Final,Jesús Luzardo,Max Scherzer,Jesús Luzardo,Max Scherzer,Jhoan Duran
2026-06-10,5:10 PM,7:10 PM,St. Louis Cardinals,9,New York Mets,2,Final,Andre Pallante,Austin Warren,Andre Pallante,Austin Warren,
2026-06-10,5:40 PM,7:40 PM,Texas Rangers,6,Kansas City Royals,4,Final,MacKenzie Gore,Seth Lugo,Jakob Junis,Alex Lange,Jacob Latz
2026-06-10,5:40 PM,7:40 PM,Atlanta Braves,1,Chicago White Sox,2,Final,Chris Sale,Davis Martin,Davis Martin,Chris Sale,Bryan Hudson
2026-06-10,6:40 PM,8:40 PM,Chicago Cubs,2,Colorado Rockies,3,Final,Shota Imanaga,Michael Lorenzen,Antonio Senzatela,Daniel Palencia,
2026-06-10,7:05 PM,9:05 PM,Milwaukee Brewers,3,Athletics,4,Final,Brandon Sproat,Jack Perkins,Scott Barlow,Chad Patrick,Elvis Alvarado
2026-06-10,7:38 PM,9:38 PM,Houston Astros,2,Los Angeles Angels,3,Final,Peter Lambert,Reid Detmers,Ryan Zeferjahn,Bryan Abreu,
2026-06-11,11:10 AM,1:10 PM,St. Louis Cardinals,4,New York Mets,5,Final,Hunter Dobbins,Christian Scott,Brooks Raley,JoJo Romero,Devin Williams
2026-06-11,11:10 AM,1:10 PM,Minnesota Twins,0,Detroit Tigers,11,Final,Zebby Matthews,Keider Montero,Keider Montero,Zebby Matthews,
2026-06-11,11:10 AM,1:10 PM,Arizona Diamondbacks,0,Miami Marlins,2,Final,Merrill Kelly,Tyler Phillips,Tyler Phillips,Merrill Kelly,Pete Fairbanks
2026-06-11,12:10 PM,2:10 PM,Texas Rangers,4,Kansas City Royals,2,Final,Kumar Rocker,Michael Wacha,Jacob Latz,Michael Wacha,
2026-06-11,1:10 PM,3:10 PM,Chicago Cubs,9,Colorado Rockies,3,Final,Edward Cabrera,Ryan Feltner,Edward Cabrera,Ryan Feltner,
2026-06-11,4:40 PM,6:40 PM,Los Angeles Dodgers,8,Pittsburgh Pirates,6,Final,Justin Wrobleski,Mitch Keller,Jack Dreyer,Mitch Keller,Tanner Scott
2026-06-11,5:05 PM,7:05 PM,Seattle Mariners,5,Baltimore Orioles,7,Final,Bryan Woo,Kyle Bradish,Tyler Wells,Bryan Woo,Andrew Kittredge
2026-06-12,4:40 PM,6:40 PM,Miami Marlins,8,Pittsburgh Pirates,3,Final,Sandy Alcantara,Braxton Ashcraft,Sandy Alcantara,Wilber Dotel,
2026-06-12,4:45 PM,6:45 PM,Seattle Mariners,10,Washington Nationals,2,Final,Bryce Miller,Zack Littell,Bryce Miller,Zack Littell,
2026-06-12,5:05 PM,7:05 PM,San Diego Padres,3,Baltimore Orioles,7,Final,Griffin Canning,Shane Baz,Shane Baz,Griffin Canning,
2026-06-12,5:10 PM,7:10 PM,Detroit Tigers,2,Cleveland Guardians,3,Final,Jack Flaherty,Tanner Bibee,Tanner Bibee,Jack Flaherty,Cade Smith
2026-06-12,5:10 PM,7:10 PM,Texas Rangers,1,Boston Red Sox,10,Final,Jack Leiter,Sonny Gray,Sonny Gray,Jack Leiter,
2026-06-12,5:15 PM,7:15 PM,Arizona Diamondbacks,5,Cincinnati Reds,2,Final,Eduardo Rodriguez,Nick Lodolo,Kevin Ginkel,Brock Burke,Paul Sewald
2026-06-12,5:15 PM,7:15 PM,Atlanta Braves,5,New York Mets,7,Final,Spencer Strider,Nolan McLean,Cionel Pérez,Spencer Strider,Devin Williams
2026-06-12,5:37 PM,7:37 PM,New York Yankees,5,Toronto Blue Jays,8,Final,Ryan Weathers,Trey Yesavage,Trey Yesavage,Ryan Weathers,Louis Varland
2026-06-12,5:40 PM,7:40 PM,Los Angeles Dodgers,2,Chicago White Sox,8,Final,Roki Sasaki,Anthony Kay,Anthony Kay,Roki Sasaki,
2026-06-12,5:40 PM,7:40 PM,Philadelphia Phillies,0,Milwaukee Brewers,6,Final,Tanner Banks,Jacob Misiorowski,Jacob Misiorowski,Tanner Banks,
2026-06-12,6:10 PM,8:10 PM,Houston Astros,10,Kansas City Royals,8,Final,Tatsuya Imai,Luinder Avila,Nate Pearson,Luinder Avila,Josh Hader
2026-06-12,6:10 PM,8:10 PM,St. Louis Cardinals,8,Minnesota Twins,9,Final,Kyle Leahy,Joe Ryan,Anthony Banda,Ryne Stanek,Andrew Morris
2026-06-12,7:38 PM,9:38 PM,Tampa Bay Rays,3,Los Angeles Angels,4,Final,Shane McClanahan,Sam Aldegheri,Sam Aldegheri,Shane McClanahan,Ryan Zeferjahn
2026-06-12,8:05 PM,10:05 PM,Colorado Rockies,4,Athletics,6,Final,Sean Sullivan,Gage Jump,Mason Barnett,Zach Agnos,Hogan Harris
2026-06-12,8:15 PM,10:15 PM,Chicago Cubs,5,San Francisco Giants,1,Final,Javier Assad,Landen Roupp,Javier Assad,Landen Roupp,
2026-06-13,12:10 PM,2:10 PM,St. Louis Cardinals,9,Minnesota Twins,6,Final,Matthew Liberatore,Connor Prielipp,Matt Svanson,Justin Lawrence,
2026-06-13,1:07 PM,3:07 PM,New York Yankees,3,Toronto Blue Jays,1,Final,Cam Schlittler,Kevin Gausman,Fernando Cruz,Louis Varland,David Bednar
2026-06-13,2:05 PM,4:05 PM,San Diego Padres,9,Baltimore Orioles,3,Final,Randy Vásquez,Trey Gibson,Randy Vásquez,Trey Gibson,
2026-06-13,2:05 PM,4:05 PM,Seattle Mariners,3,Washington Nationals,8,Final,Luis Castillo,Cade Cavalli,Cade Cavalli,Luis Castillo,
2026-06-13,2:05 PM,4:05 PM,Miami Marlins,2,Pittsburgh Pirates,3,Final,Lake Bachar,Bubba Chandler,Yohan Ramírez,Anthony Bender,Gregory Soto
2026-06-13,2:10 PM,4:10 PM,Arizona Diamondbacks,1,Cincinnati Reds,2,Final,Michael Soroka,Rhett Lowder,Chase Petty,Juan Morillo,Tony Santillan
2026-06-13,2:10 PM,4:10 PM,Detroit Tigers,1,Cleveland Guardians,3,Final,Tarik Skubal,Joey Cantillo,Joey Cantillo,Tarik Skubal,Cade Smith
2026-06-13,2:10 PM,4:10 PM,Texas Rangers,3,Boston Red Sox,6,Final,Jacob deGrom,Ranger Suarez,Garrett Whitlock,Cole Winn,Aroldis Chapman
2026-06-13,2:10 PM,4:10 PM,Atlanta Braves,3,New York Mets,1,Final,Martín Pérez,Sean Manaea,Martín Pérez,Sean Manaea,Raisel Iglesias
2026-06-13,2:10 PM,4:10 PM,Los Angeles Dodgers,7,Chicago White Sox,1,Final,Yoshinobu Yamamoto,Sean Burke,Yoshinobu Yamamoto,Sean Burke,
2026-06-13,5:10 PM,7:10 PM,Houston Astros,8,Kansas City Royals,7,Final,Mike Burrows,Noah Cameron,Bryan King,Alex Lange,Bryan Abreu
2026-06-13,5:10 PM,7:10 PM,Philadelphia Phillies,9,Milwaukee Brewers,8,Final,Aaron Nola,Shane Drohan,Tim Mayza,Shane Drohan,Jhoan Duran
2026-06-13,8:05 PM,10:05 PM,Colorado Rockies,5,Athletics,7,Final,Kyle Freeland,Joey Estes,José Suarez,Kyle Freeland,Elvis Alvarado
2026-06-13,8:05 PM,10:05 PM,Chicago Cubs,6,San Francisco Giants,1,Final,Ben Brown,Trevor McDonald,Ben Brown,Trevor McDonald,
2026-06-13,8:07 PM,10:07 PM,Tampa Bay Rays,0,Los Angeles Angels,8,Final,Griffin Jax,José Soriano,José Soriano,Griffin Jax,
2026-06-14,10:15 AM,12:15 PM,Miami Marlins,4,Pittsburgh Pirates,2,Final,Max Meyer,Paul Skenes,Max Meyer,Paul Skenes,Pete Fairbanks
2026-06-14,11:35 AM,1:35 PM,San Diego Padres,5,Baltimore Orioles,2,Final,Walker Buehler,Trevor Rogers,Walker Buehler,Trevor Rogers,Mason Miller
2026-06-14,11:35 AM,1:35 PM,Seattle Mariners,1,Washington Nationals,10,Final,Emerson Hancock,PJ Poulin,Miles Mikolas,Emerson Hancock,
2026-06-14,11:37 AM,1:37 PM,New York Yankees,8,Toronto Blue Jays,3,Final,Will Warren,Patrick Corbin,Camilo Doval,Braydon Fisher,
2026-06-14,11:40 AM,1:40 PM,Arizona Diamondbacks,5,Cincinnati Reds,3,Final,Zac Gallen,Andrew Abbott,Juan Morillo,Zach Maxwell,Paul Sewald
2026-06-14,11:40 AM,1:40 PM,Atlanta Braves,1,New York Mets,8,Final,Bryce Elder,Freddy Peralta,Freddy Peralta,Bryce Elder,
2026-06-14,12:10 PM,2:10 PM,Houston Astros,0,Kansas City Royals,4,Final,Spencer Arrighetti,Stephen Kolek,Stephen Kolek,Spencer Arrighetti,
2026-06-14,12:10 PM,2:10 PM,St. Louis Cardinals,4,Minnesota Twins,5,Final,Michael McGreevy,Taj Bradley,Andrew Morris,George Soriano,Yoendrys Gómez
2026-06-14,12:10 PM,2:10 PM,Los Angeles Dodgers,4,Chicago White Sox,6,Final,Emmet Sheehan,Bryan Hudson,Erick Fedde,Emmet Sheehan,Seranthony Domínguez
2026-06-14,12:10 PM,2:10 PM,Philadelphia Phillies,0,Milwaukee Brewers,4,Final,Cristopher Sánchez,Kyle Harrison,Kyle Harrison,Cristopher Sánchez,
2026-06-14,1:05 PM,3:05 PM,Colorado Rockies,23,Athletics,9,Final,Tomoyuki Sugano,Jeffrey Springs,Tomoyuki Sugano,Jeffrey Springs,Eiberson Castellano
2026-06-14,1:10 PM,3:10 PM,Chicago Cubs,1,San Francisco Giants,5,Final,Ryan Rolison,Logan Webb,Logan Webb,Colin Rea,
2026-06-14,2:07 PM,4:07 PM,Tampa Bay Rays,8,Los Angeles Angels,3,Final,Casey Legumina,Grayson Rodriguez,Kevin Kelly,Sam Bachman,
2026-06-14,5:20 PM,7:20 PM,Texas Rangers,6,Boston Red Sox,4,Final,Nathan Eovaldi,Connelly Early,Nathan Eovaldi,Connelly Early,Jacob Latz
2026-06-15,4:40 PM,6:40 PM,Miami Marlins,0,Philadelphia Phillies,7,Final,Ryan Gusto,Zack Wheeler,Zack Wheeler,Ryan Gusto,
2026-06-15,4:45 PM,6:45 PM,Kansas City Royals,3,Washington Nationals,7,Final,Mitch Spence,Andrew Alvarez,Brad Lord,Mitch Spence,
2026-06-15,5:10 PM,7:10 PM,New York Mets,0,Cincinnati Reds,12,Final,Tobias Myers,Chase Burns,Chase Burns,Tobias Myers,
2026-06-15,5:45 PM,7:45 PM,San Diego Padres,0,St. Louis Cardinals,3,Final,Wandy Peralta,Dustin May,Dustin May,Lucas Giolito,
2026-06-15,6:05 PM,8:05 PM,Colorado Rockies,4,Chicago Cubs,5,Final,Michael Lorenzen,Shota Imanaga,Daniel Palencia,Juan Mejia,
2026-06-15,6:05 PM,8:05 PM,Minnesota Twins,4,Texas Rangers,2,Final,Mike Paredes,MacKenzie Gore,Taylor Rogers,MacKenzie Gore,Yoendrys Gómez
2026-06-15,6:10 PM,8:10 PM,Detroit Tigers,9,Houston Astros,3,Final,Drew Anderson,Kai-Wei Teng,Kyle Finnegan,Kai-Wei Teng,
2026-06-15,7:40 PM,9:40 PM,Los Angeles Angels,3,Arizona Diamondbacks,4,Final,Walbert Ureña,Ryne Nelson,Ryne Nelson,Walbert Ureña,Paul Sewald
2026-06-15,7:40 PM,9:40 PM,Pittsburgh Pirates,2,Athletics,11,Final,Jared Jones,J.T. Ginn,J.T. Ginn,Jared Jones,
2026-06-15,8:10 PM,10:10 PM,Tampa Bay Rays,3,Los Angeles Dodgers,4,Final,Nick Martinez,Eric Lauer,Kyle Hurt,Steven Matz,Tanner Scott
2026-06-16,4:40 PM,6:40 PM,Miami Marlins,2,Philadelphia Phillies,8,Final,Tyler Phillips,Jesús Luzardo,Jesús Luzardo,Tyler Phillips,
2026-06-16,4:45 PM,6:45 PM,Kansas City Royals,4,Washington Nationals,6,Final,Michael Wacha,Foster Griffin,Paxton Schultz,Daniel Lynch IV,Gus Varland
2026-06-16,4:45 PM,6:45 PM,Toronto Blue Jays,6,Boston Red Sox,1,Final,Dylan Cease,Payton Tolle,Dylan Cease,Payton Tolle,Louis Varland
2026-06-16,5:05 PM,7:05 PM,Chicago White Sox,2,New York Yankees,12,Final,Davis Martin,Gerrit Cole,Gerrit Cole,Davis Martin,Ryan Yarbrough
2026-06-16,5:10 PM,7:10 PM,New York Mets,3,Cincinnati Reds,5,Final,Kodai Senga,Brady Singer,Brady Singer,Kodai Senga,Tony Santillan
2026-06-16,5:40 PM,7:40 PM,Cleveland Guardians,1,Milwaukee Brewers,2,Final,Slade Cecconi,Robert Gasser,Aaron Ashby,Hunter Gaddis,Trevor Megill
2026-06-16,5:45 PM,7:45 PM,San Diego Padres,2,St. Louis Cardinals,3,Final,Michael King,Andre Pallante,Andre Pallante,Michael King,Riley O'Brien
2026-06-16,6:05 PM,8:05 PM,Colorado Rockies,5,Chicago Cubs,2,Final,Ryan Feltner,Edward Cabrera,Blas Castaño,Edward Cabrera,Jaden Hill
2026-06-16,6:05 PM,8:05 PM,Minnesota Twins,12,Texas Rangers,2,Final,Zebby Matthews,Kumar Rocker,Zebby Matthews,Kumar Rocker,
2026-06-16,6:10 PM,8:10 PM,Detroit Tigers,2,Houston Astros,4,Final,Framber Valdez,Hunter Brown,Bryan King,Keider Montero,Josh Hader
2026-06-16,7:40 PM,9:40 PM,Los Angeles Angels,7,Arizona Diamondbacks,0,Final,Reid Detmers,Merrill Kelly,Reid Detmers,Merrill Kelly,
2026-06-16,7:40 PM,9:40 PM,Pittsburgh Pirates,6,Athletics,5,Final,Mitch Keller,Jack Perkins,Mason Montgomery,Elvis Alvarado,Gregory Soto
2026-06-16,7:40 PM,9:40 PM,Baltimore Orioles,1,Seattle Mariners,3,Final,Brandon Young,Logan Gilbert,Logan Gilbert,Brandon Young,Andrés Muñoz
2026-06-16,8:10 PM,10:10 PM,Tampa Bay Rays,0,Los Angeles Dodgers,1,Final,Drew Rasmussen,Justin Wrobleski,Justin Wrobleski,Drew Rasmussen,Tanner Scott
2026-06-17,10:40 AM,12:40 PM,New York Mets,9,Cincinnati Reds,1,Final,Nolan McLean,Nick Lodolo,Nolan McLean,Nick Lodolo,
2026-06-17,11:05 AM,1:05 PM,Kansas City Royals,6,Washington Nationals,2,Final,Luinder Avila,Zack Littell,Luinder Avila,Zack Littell,
2026-06-17,11:05 AM,1:05 PM,Miami Marlins,12,Philadelphia Phillies,4,Final,Sandy Alcantara,Andrew Painter,Sandy Alcantara,Andrew Painter,
2026-06-17,12:10 PM,2:10 PM,Detroit Tigers,2,Houston Astros,4,Final,Casey Mize,Peter Lambert,Peter Lambert,Casey Mize,Josh Hader
2026-06-17,12:15 PM,2:15 PM,San Diego Padres,6,St. Louis Cardinals,1,Final,Bradgley Rodriguez,Kyle Leahy,Griffin Canning,Kyle Leahy,
2026-06-17,1:10 PM,3:10 PM,Tampa Bay Rays,4,Los Angeles Dodgers,5,Final,Shane McClanahan,Shohei Ohtani,Shohei Ohtani,Kevin Kelly,Alex Vesia
2026-06-17,1:40 PM,3:40 PM,Los Angeles Angels,1,Arizona Diamondbacks,8,Final,Sam Aldegheri,Eduardo Rodriguez,Eduardo Rodriguez,Sam Aldegheri,
2026-06-17,4:45 PM,6:45 PM,Toronto Blue Jays,3,Boston Red Sox,0,Final,Braydon Fisher,Jake Bennett,Simeon Woods Richardson,Jake Bennett,Louis Varland
2026-06-17,5:05 PM,7:05 PM,Chicago White Sox,5,New York Yankees,10,Final,Anthony Kay,Carlos Rodón,Carlos Rodón,Anthony Kay,
2026-06-17,5:15 PM,7:15 PM,San Francisco Giants,7,Atlanta Braves,5,Final,Carson Whisenhunt,JR Ritchie,Carson Whisenhunt,JR Ritchie,Tristan Beck
2026-06-17,5:40 PM,7:40 PM,Cleveland Guardians,4,Milwaukee Brewers,9,Final,Gavin Williams,Brandon Sproat,Chad Patrick,Gavin Williams,
2026-06-17,6:05 PM,8:05 PM,Colorado Rockies,6,Chicago Cubs,8,Final,Sean Sullivan,Javier Assad,Javier Assad,Sean Sullivan,Jacob Webb
2026-06-17,7:40 PM,9:40 PM,Pittsburgh Pirates,12,Athletics,4,Final,Braxton Ashcraft,Aaron Civale,Braxton Ashcraft,Aaron Civale,
2026-06-17,7:40 PM,9:40 PM,Baltimore Orioles,5,Seattle Mariners,3,Final,Kyle Bradish,George Kirby,Kyle Bradish,George Kirby,
2026-06-18,11:35 AM,1:35 PM,Toronto Blue Jays,4,Boston Red Sox,3,Final,Trey Yesavage,Sonny Gray,Tommy Nance,Aroldis Chapman,Mason Fluharty
2026-06-18,12:10 PM,2:10 PM,Cleveland Guardians,4,Milwaukee Brewers,2,Final,Parker Messick,Shane Drohan,Parker Messick,Grant Anderson,Cade Smith
2026-06-18,12:35 PM,2:35 PM,Minnesota Twins,9,Texas Rangers,3,Final,Joe Ryan,Jack Leiter,Joe Ryan,Jack Leiter,
2026-06-18,2:10 PM,4:10 PM,Baltimore Orioles,0,Seattle Mariners,3,Final,Shane Baz,Bryan Woo,Bryan Woo,Shane Baz,Andrés Muñoz
2026-06-18,4:40 PM,6:40 PM,New York Mets,6,Philadelphia Phillies,4,Final,Sean Manaea,Aaron Nola,Huascar Brazobán,José Alvarado,Devin Williams
2026-06-18,5:05 PM,7:05 PM,Chicago White Sox,5,New York Yankees,1,Final,Bryan Hudson,Ryan Weathers,Sean Burke,Fernando Cruz,
2026-06-18,5:40 PM,7:40 PM,St. Louis Cardinals,6,Kansas City Royals,14,Final,Matthew Liberatore,Noah Cameron,Noah Cameron,Matthew Liberatore,
2026-06-18,7:40 PM,9:40 PM,Los Angeles Angels,0,Athletics,5,Final,Ryan Johnson,Gage Jump,Gage Jump,Ryan Johnson,
2026-06-19,12:20 PM,2:20 PM,Toronto Blue Jays,2,Chicago Cubs,16,Final,Kevin Gausman,Ben Brown,Ben Brown,Kevin Gausman,
2026-06-19,4:40 PM,6:40 PM,Chicago White Sox,3,Detroit Tigers,4,Final,Brandon Eisert,Tarik Skubal,Drew Anderson,Erick Fedde,Kenley Jansen
2026-06-19,5:05 PM,7:05 PM,Cincinnati Reds,0,New York Yankees,5,Final,Rhett Lowder,Cam Schlittler,Cam Schlittler,Rhett Lowder,
2026-06-19,5:10 PM,7:10 PM,Washington Nationals,2,Tampa Bay Rays,5,Final,PJ Poulin,Griffin Jax,Griffin Jax,Miles Mikolas,Bryan Baker
2026-06-19,5:10 PM,7:10 PM,San Francisco Giants,3,Miami Marlins,4,Final,Landen Roupp,Lake Bachar,Cade Gibson,Sam Hentges,Pete Fairbanks
2026-06-19,5:15 PM,7:15 PM,Milwaukee Brewers,2,Atlanta Braves,3,Final,Jacob Misiorowski,Martín Pérez,Martín Pérez,Jacob Misiorowski,Raisel Iglesias
2026-06-19,6:05 PM,8:05 PM,San Diego Padres,7,Texas Rangers,9,Final,Randy Vásquez,Jacob deGrom,Jacob deGrom,Randy Vásquez,Jacob Latz
2026-06-19,6:10 PM,8:10 PM,Cleveland Guardians,3,Houston Astros,9,Final,Tanner Bibee,Tatsuya Imai,Tatsuya Imai,Tanner Bibee,
2026-06-19,6:15 PM,8:15 PM,St. Louis Cardinals,5,Kansas City Royals,6,Final,Michael McGreevy,Seth Lugo,Seth Lugo,Michael McGreevy,Alex Lange
2026-06-19,6:40 PM,8:40 PM,Pittsburgh Pirates,3,Colorado Rockies,4,Final,Bubba Chandler,Kyle Freeland,Antonio Senzatela,Mason Montgomery,
2026-06-19,7:40 PM,9:40 PM,Los Angeles Angels,11,Athletics,12,Final,José Soriano,Jeffrey Springs,Elvis Alvarado,Kirby Yates,
2026-06-19,7:45 PM,9:45 PM,Minnesota Twins,5,Arizona Diamondbacks,9,Final,Connor Prielipp,Michael Soroka,Jonathan Loáisiga,Connor Prielipp,
2026-06-19,8:10 PM,10:10 PM,Baltimore Orioles,5,Los Angeles Dodgers,6,Final,Trey Gibson,Roki Sasaki,Blake Treinen,Ryan Helsley,
2026-06-19,8:10 PM,10:10 PM,Boston Red Sox,6,Seattle Mariners,2,Final,Ranger Suarez,Bryce Miller,Ranger Suarez,Bryce Miller,
2026-06-20,11:10 AM,1:10 PM,Chicago White Sox,1,Detroit Tigers,4,Final,Sean Newcomb,Troy Melton,Troy Melton,Joe Rock,Kenley Jansen
2026-06-20,11:35 AM,1:35 PM,Cincinnati Reds,10,New York Yankees,2,Final,Andrew Abbott,Will Warren,Andrew Abbott,Will Warren,
2026-06-20,12:20 PM,2:20 PM,Toronto Blue Jays,8,Chicago Cubs,6,Final,Patrick Corbin,Colin Rea,Jeff Hoffman,Jacob Webb,Louis Varland
2026-06-20,2:05 PM,4:05 PM,San Diego Padres,6,Texas Rangers,4,Final,Walker Buehler,MacKenzie Gore,Adrian Morejon,Joe Ross,Mason Miller
2026-06-20,2:10 PM,4:10 PM,Washington Nationals,4,Tampa Bay Rays,3,Final,Cade Cavalli,Ian Seymour,Mitchell Parker,Ian Seymour,Clayton Beeter
2026-06-20,2:10 PM,4:10 PM,San Francisco Giants,3,Miami Marlins,6,Final,Trevor McDonald,Max Meyer,Max Meyer,Trevor McDonald,Pete Fairbanks
2026-06-20,2:10 PM,4:10 PM,Milwaukee Brewers,3,Atlanta Braves,4,Final,Kyle Harrison,Chris Sale,Dylan Lee,Aaron Ashby,
2026-06-20,5:15 PM,7:15 PM,Cleveland Guardians,8,Houston Astros,1,Final,Joey Cantillo,Spencer Arrighetti,Joey Cantillo,Spencer Arrighetti,
2026-06-20,5:15 PM,7:15 PM,New York Mets,3,Philadelphia Phillies,15,Final,Freddy Peralta,Cristopher Sánchez,Cristopher Sánchez,Freddy Peralta,
2026-06-20,7:10 PM,9:10 PM,Pittsburgh Pirates,1,Colorado Rockies,2,Final,Paul Skenes,Tomoyuki Sugano,Tomoyuki Sugano,Paul Skenes,Jaden Hill
2026-06-20,8:05 PM,10:05 PM,Los Angeles Angels,7,Athletics,0,Final,Walbert Ureña,J.T. Ginn,Walbert Ureña,J.T. Ginn,
2026-06-20,8:10 PM,10:10 PM,Baltimore Orioles,3,Los Angeles Dodgers,2,Final,Trevor Rogers,Yoshinobu Yamamoto,Trevor Rogers,Yoshinobu Yamamoto,Yennier Cano
2026-06-20,8:10 PM,10:10 PM,Boston Red Sox,5,Seattle Mariners,1,Final,Connelly Early,Emerson Hancock,Connelly Early,Emerson Hancock,
2026-06-20,8:10 PM,10:10 PM,Minnesota Twins,16,Arizona Diamondbacks,8,Final,Taj Bradley,Zac Gallen,Taj Bradley,Zac Gallen,
2026-06-21,11:35 AM,1:35 PM,Cincinnati Reds,4,New York Yankees,1,Final,Chase Burns,Elmer Rodríguez,Chase Burns,Elmer Rodríguez,Tony Santillan
2026-06-21,11:35 AM,1:35 PM,Milwaukee Brewers,9,Atlanta Braves,4,Final,Robert Gasser,Bryce Elder,Robert Gasser,Bryce Elder,Chad Patrick
2026-06-21,11:40 AM,1:40 PM,Washington Nationals,3,Tampa Bay Rays,4,Final,Andrew Alvarez,Nick Martinez,Garrett Cleavinger,Orlando Ribalta,Kevin Kelly
2026-06-21,11:40 AM,1:40 PM,Chicago White Sox,4,Detroit Tigers,5,Final,Davis Martin,Keider Montero,Will Vest,Brandon Eisert,
2026-06-21,11:40 AM,1:40 PM,San Francisco Giants,1,Miami Marlins,2,Final,Logan Webb,Ryan Gusto,John King,Logan Webb,Lake Bachar
2026-06-21,12:10 PM,2:10 PM,Cleveland Guardians,1,Houston Astros,2,Final,Slade Cecconi,Kai-Wei Teng,Kai-Wei Teng,Slade Cecconi,Josh Hader
2026-06-21,12:10 PM,2:10 PM,St. Louis Cardinals,12,Kansas City Royals,10,Final,Dustin May,Stephen Kolek,Gordon Graceffo,Stephen Kolek,
2026-06-21,12:35 PM,2:35 PM,San Diego Padres,3,Texas Rangers,4,Final,Wandy Peralta,Nathan Eovaldi,Nathan Eovaldi,Lucas Giolito,Jakob Junis
2026-06-21,1:10 PM,3:10 PM,Pittsburgh Pirates,8,Colorado Rockies,6,Final,Jared Jones,Michael Lorenzen,Yohan Ramírez,Michael Lorenzen,
2026-06-21,1:15 PM,3:15 PM,Minnesota Twins,4,Arizona Diamondbacks,2,Final,Mike Paredes,Jose Cabrera,Cody Laweryson,Juan Morillo,Anthony Banda
2026-06-21,2:05 PM,4:05 PM,Los Angeles Angels,9,Athletics,7,Final,Reid Detmers,Jack Perkins,Chase Silseth,Elvis Alvarado,Sam Bachman
2026-06-21,2:10 PM,4:10 PM,Baltimore Orioles,12,Los Angeles Dodgers,1,Final,Brandon Young,Emmet Sheehan,Brandon Young,Emmet Sheehan,
2026-06-21,2:10 PM,4:10 PM,Boston Red Sox,1,Seattle Mariners,3,Final,Payton Tolle,Logan Gilbert,Logan Gilbert,Payton Tolle,Andrés Muñoz
2026-06-21,5:20 PM,7:20 PM,New York Mets,2,Philadelphia Phillies,6,Final,David Peterson,Zack Wheeler,Zack Wheeler,David Peterson,
2026-06-22,4:10 PM,6:10 PM,New York Yankees,3,Detroit Tigers,5,Final,Gerrit Cole,Framber Valdez,Framber Valdez,Gerrit Cole,Will Vest
2026-06-22,4:40 PM,6:40 PM,Kansas City Royals,2,Tampa Bay Rays,1,Final,Michael Wacha,Drew Rasmussen,Michael Wacha,Drew Rasmussen,Alex Lange
2026-06-22,4:40 PM,6:40 PM,Texas Rangers,4,Miami Marlins,3,Final,Tyler Alexander,Tyler Phillips,Robby Ahlstrom,Calvin Faucher,Jacob Latz
2026-06-22,4:45 PM,6:45 PM,Philadelphia Phillies,1,Washington Nationals,4,Final,Tim Mayza,Foster Griffin,Foster Griffin,Tim Mayza,Clayton Beeter
2026-06-22,5:07 PM,7:07 PM,Houston Astros,2,Toronto Blue Jays,4,Final,Hunter Brown,Dylan Cease,Braydon Fisher,Enyel De Los Santos,Louis Varland
2026-06-22,5:10 PM,7:10 PM,Milwaukee Brewers,2,Cincinnati Reds,1,Final,Brandon Woodruff,Brady Singer,Trevor Megill,Tony Santillan,Joel Kuhnel
2026-06-22,5:40 PM,7:40 PM,Los Angeles Dodgers,2,Minnesota Twins,1,Final,Will Klein,Zebby Matthews,Eric Lauer,Zebby Matthews,Tanner Scott
2026-06-22,5:40 PM,7:40 PM,Cleveland Guardians,5,Chicago White Sox,6,Final,Gavin Williams,Anthony Kay,Chris Murphy,Cade Smith,
2026-06-22,5:45 PM,7:45 PM,Arizona Diamondbacks,2,St. Louis Cardinals,3,Final,Merrill Kelly,Andre Pallante,Andre Pallante,Merrill Kelly,Riley O'Brien
2026-06-22,6:40 PM,8:40 PM,Boston Red Sox,2,Colorado Rockies,3,Final,Jake Bennett,Ryan Feltner,Victor Vodnik,Aroldis Chapman,
2026-06-22,7:38 PM,9:38 PM,Baltimore Orioles,6,Los Angeles Angels,1,Final,Kyle Bradish,Sam Aldegheri,Kyle Bradish,Sam Aldegheri,
2026-06-22,8:10 PM,10:10 PM,Atlanta Braves,0,San Diego Padres,1,Final,Grant Holmes,Michael King,Michael King,Grant Holmes,Mason Miller
2026-06-23,2:07 PM,4:07 PM,Houston Astros,9,Toronto Blue Jays,7,Final,Peter Lambert,Shane Bieber,Logan VanWey,Braydon Fisher,
2026-06-23,4:40 PM,6:40 PM,Seattle Mariners,3,Pittsburgh Pirates,2,Final,George Kirby,Mitch Keller,George Kirby,Mitch Keller,Andrés Muñoz
2026-06-23,4:40 PM,6:40 PM,Kansas City Royals,12,Tampa Bay Rays,5,Final,Luinder Avila,Shane McClanahan,Luinder Avila,Shane McClanahan,
2026-06-23,4:40 PM,6:40 PM,Texas Rangers,4,Miami Marlins,6,Final,Cal Quantrill,Sandy Alcantara,Sandy Alcantara,Jose Corniell,
2026-06-23,4:40 PM,6:40 PM,New York Yankees,4,Detroit Tigers,3,Final,Carlos Rodón,Casey Mize,Carlos Rodón,Casey Mize,David Bednar
2026-06-23,4:45 PM,6:45 PM,Philadelphia Phillies,14,Washington Nationals,9,Final,Jesús Luzardo,PJ Poulin,Orion Kerkering,Brad Lord,
2026-06-23,5:10 PM,7:10 PM,Chicago Cubs,9,New York Mets,6,Final,Edward Cabrera,Kodai Senga,Edward Cabrera,Kodai Senga,
2026-06-23,5:10 PM,7:10 PM,Milwaukee Brewers,2,Cincinnati Reds,0,Final,Brandon Sproat,Nick Lodolo,Brandon Sproat,Julian Garcia,Trevor Megill
2026-06-23,5:40 PM,7:40 PM,Los Angeles Dodgers,12,Minnesota Twins,3,Final,Justin Wrobleski,Kendry Rojas,Justin Wrobleski,Austin Voth,
2026-06-23,5:40 PM,7:40 PM,Cleveland Guardians,1,Chicago White Sox,2,Final,Parker Messick,Sean Burke,Sean Burke,Parker Messick,Sean Newcomb
2026-06-23,5:45 PM,7:45 PM,Arizona Diamondbacks,4,St. Louis Cardinals,3,Final,Eduardo Rodriguez,Kyle Leahy,Kevin Ginkel,Matt Svanson,Brandyn Garcia
2026-06-23,6:40 PM,8:40 PM,Boston Red Sox,5,Colorado Rockies,2,Final,Sonny Gray,Sean Sullivan,Sonny Gray,Sean Sullivan,
2026-06-23,7:38 PM,9:38 PM,Baltimore Orioles,1,Los Angeles Angels,5,Final,Shane Baz,Ryan Johnson,Ryan Johnson,Shane Baz,
2026-06-23,7:40 PM,9:40 PM,Atlanta Braves,6,San Diego Padres,7,Final,JR Ritchie,Wandy Peralta,Mason Miller,Raisel Iglesias,
2026-06-23,7:45 PM,9:45 PM,Athletics,1,San Francisco Giants,3,Final,Aaron Civale,Robbie Ray,Robbie Ray,Aaron Civale,Caleb Kilian
2026-06-24,10:10 AM,12:10 PM,Texas Rangers,2,Miami Marlins,4,Final,Jacob deGrom,Eury Pérez,John King,Jacob deGrom,Pete Fairbanks
2026-06-24,11:10 AM,1:10 PM,Chicago Cubs,10,New York Mets,3,Final,Javier Assad,Nolan McLean,Javier Assad,Nolan McLean,
2026-06-24,12:10 PM,2:10 PM,Cleveland Guardians,4,Chicago White Sox,3,Final,Tanner Bibee,Chris Murphy,Shawn Armstrong,Grant Taylor,
2026-06-24,1:10 PM,3:10 PM,Boston Red Sox,6,Colorado Rockies,8,Final,Ranger Suarez,Kyle Freeland,Antonio Senzatela,Justin Slaten,Jimmy Herget
2026-06-24,2:07 PM,4:07 PM,Baltimore Orioles,6,Los Angeles Angels,7,Final,Trey Gibson,José Soriano,Chase Silseth,Keegan Akin,
2026-06-24,4:40 PM,6:40 PM,Seattle Mariners,1,Pittsburgh Pirates,11,Final,Bryan Woo,Braxton Ashcraft,Braxton Ashcraft,Bryan Woo,Carmen Mlodzinski
2026-06-24,4:40 PM,6:40 PM,Kansas City Royals,3,Tampa Bay Rays,5,Final,Noah Cameron,Griffin Jax,Griffin Jax,Noah Cameron,Bryan Baker
2026-06-24,4:40 PM,6:40 PM,New York Yankees,4,Detroit Tigers,2,Final,Ryan Weathers,Tarik Skubal,Ryan Weathers,Tarik Skubal,David Bednar
2026-06-24,4:45 PM,6:45 PM,Philadelphia Phillies,5,Washington Nationals,4,Final,Aaron Nola,Carson Palmquist,Seth Johnson,Richard Lovelady,Jhoan Duran
2026-06-24,5:07 PM,7:07 PM,Houston Astros,3,Toronto Blue Jays,1,Final,Mike Burrows,Trey Yesavage,Steven Okert,Jeff Hoffman,Josh Hader
2026-06-24,5:10 PM,7:10 PM,Chicago Cubs,10,New York Mets,5,Final,Shota Imanaga,Sean Manaea,Shota Imanaga,Brooks Raley,
2026-06-24,5:10 PM,7:10 PM,Milwaukee Brewers,6,Cincinnati Reds,5,Final,Shane Drohan,Rhett Lowder,Chad Patrick,Rhett Lowder,Joel Kuhnel
2026-06-24,5:40 PM,7:40 PM,Los Angeles Dodgers,4,Minnesota Twins,3,Final,Shohei Ohtani,Joe Ryan,Shohei Ohtani,Joe Ryan,Tanner Scott
2026-06-24,5:45 PM,7:45 PM,Arizona Diamondbacks,9,St. Louis Cardinals,4,Final,Mitch Bratt,Matthew Liberatore,Ryan Thompson,Matthew Liberatore,
2026-06-24,6:40 PM,8:40 PM,Atlanta Braves,2,San Diego Padres,5,Final,Martín Pérez,JP Sears,JP Sears,Martín Pérez,Jason Adam
2026-06-24,7:45 PM,9:45 PM,Athletics,1,San Francisco Giants,2,Final,Gage Jump,Tyler Mahle,Erik Miller,Elvis Alvarado,
2026-06-25,10:10 AM,12:10 PM,Kansas City Royals,2,Tampa Bay Rays,13,Final,Seth Lugo,Casey Legumina,Ian Seymour,Seth Lugo,
2026-06-25,10:35 AM,12:35 PM,Seattle Mariners,1,Pittsburgh Pirates,5,Final,Bryce Miller,Bubba Chandler,Bubba Chandler,Bryce Miller,
2026-06-25,1:45 PM,3:45 PM,Athletics,9,San Francisco Giants,6,Final,Jeffrey Springs,Landen Roupp,Geoff Hartlieb,Caleb Kilian,Mason Barnett
2026-06-25,4:40 PM,6:40 PM,Houston Astros,2,Detroit Tigers,1,Final,Tatsuya Imai,Troy Melton,Tatsuya Imai,Troy Melton,Enyel De Los Santos
2026-06-25,4:45 PM,6:45 PM,Philadelphia Phillies,10,Washington Nationals,5,Final,Cristopher Sánchez,Cade Cavalli,Orion Kerkering,Gus Varland,
2026-06-25,5:07 PM,7:07 PM,Texas Rangers,6,Toronto Blue Jays,5,Final,MacKenzie Gore,Kevin Gausman,MacKenzie Gore,Kevin Gausman,Jacob Latz
2026-06-25,5:10 PM,7:10 PM,Chicago Cubs,4,New York Mets,3,Final,Matthew Boyd,Freddy Peralta,Jacob Webb,Brooks Raley,Trent Thornton
2026-06-25,5:10 PM,7:10 PM,New York Yankees,3,Boston Red Sox,6,Final,Cam Schlittler,Connelly Early,Connelly Early,Cam Schlittler,Aroldis Chapman
2026-06-26,4:40 PM,6:40 PM,Houston Astros,0,Detroit Tigers,8,Final,Spencer Arrighetti,Keider Montero,Keider Montero,Spencer Arrighetti,
2026-06-26,4:40 PM,6:40 PM,Cincinnati Reds,6,Pittsburgh Pirates,4,Final,Andrew Abbott,Paul Skenes,Brock Burke,Mason Montgomery,Caleb Ferguson
2026-06-26,5:05 PM,7:05 PM,Washington Nationals,1,Baltimore Orioles,3,Final,Andrew Alvarez,Trevor Rogers,Trevor Rogers,Andrew Alvarez,Ryan Helsley
2026-06-26,5:07 PM,7:07 PM,Texas Rangers,5,Toronto Blue Jays,4,Final,Nathan Eovaldi,Patrick Corbin,Nathan Eovaldi,Patrick Corbin,Jacob Latz
2026-06-26,5:10 PM,7:10 PM,Seattle Mariners,3,Cleveland Guardians,1,Final,Luis Castillo,Joey Cantillo,Luis Castillo,Tim Herrin,Andrés Muñoz
2026-06-26,5:10 PM,7:10 PM,Arizona Diamondbacks,1,Tampa Bay Rays,6,Final,Zac Gallen,Nick Martinez,Nick Martinez,Zac Gallen,
2026-06-26,5:10 PM,7:10 PM,Philadelphia Phillies,2,New York Mets,1,Final,Zack Wheeler,Zach Thornton,Zack Wheeler,Huascar Brazobán,Jhoan Duran
2026-06-26,5:10 PM,7:10 PM,New York Yankees,1,Boston Red Sox,6,Final,Will Warren,Payton Tolle,Payton Tolle,Will Warren,
2026-06-26,5:40 PM,7:40 PM,Kansas City Royals,1,Chicago White Sox,22,Final,Steven Cruz,David Sandlin,David Sandlin,Mitch Spence,
2026-06-26,5:45 PM,7:45 PM,Chicago Cubs,2,Milwaukee Brewers,6,Final,Colin Rea,Jacob Misiorowski,Jacob Misiorowski,Ethan Roberts,
2026-06-26,6:10 PM,8:10 PM,Colorado Rockies,8,Minnesota Twins,9,Final,Tomoyuki Sugano,Taj Bradley,Andrew Morris,Jimmy Herget,
2026-06-26,6:15 PM,8:15 PM,Miami Marlins,4,St. Louis Cardinals,0,Final,Max Meyer,Michael McGreevy,Max Meyer,George Soriano,
2026-06-26,7:38 PM,9:38 PM,Athletics,9,Los Angeles Angels,3,Final,J.T. Ginn,Walbert Ureña,J.T. Ginn,Walbert Ureña,
2026-06-26,7:45 PM,9:45 PM,Los Angeles Dodgers,1,San Diego Padres,7,Final,Roki Sasaki,Walker Buehler,Walker Buehler,Roki Sasaki,
2026-06-26,8:15 PM,10:15 PM,Atlanta Braves,3,San Francisco Giants,1,Final,Reynaldo López,Trevor McDonald,Dylan Lee,Trevor McDonald,Raisel Iglesias
2026-06-27,11:10 AM,1:10 PM,Houston Astros,8,Detroit Tigers,6,Final,Kai-Wei Teng,Framber Valdez,AJ Blubaugh,Will Vest,Josh Hader
2026-06-27,11:10 AM,1:10 PM,New York Yankees,1,Boston Red Sox,4,Final,Gerrit Cole,Jake Bennett,Jake Bennett,Gerrit Cole,Aroldis Chapman
2026-06-27,1:07 PM,3:07 PM,Texas Rangers,7,Toronto Blue Jays,4,Final,Cal Quantrill,Dylan Cease,Peyton Gray,Dylan Cease,Tyler Alexander
2026-06-27,2:05 PM,4:05 PM,Cincinnati Reds,9,Pittsburgh Pirates,7,Final,Chase Burns,Jared Jones,Caleb Ferguson,Gregory Soto,Chase Petty
2026-06-27,2:10 PM,4:10 PM,Philadelphia Phillies,2,New York Mets,6,Final,Tim Mayza,Christian Scott,A.J. Minter,Alan Rangel,
2026-06-27,2:10 PM,4:10 PM,Kansas City Royals,1,Chicago White Sox,2,Final,Michael Wacha,Davis Martin,Grant Taylor,Daniel Lynch IV,
2026-06-27,4:10 PM,6:10 PM,Arizona Diamondbacks,2,Tampa Bay Rays,4,Final,Jose Cabrera,Cole Sulser,Michael Grove,Jose Cabrera,Bryan Baker
2026-06-27,5:05 PM,7:05 PM,Washington Nationals,4,Baltimore Orioles,3,Final,Foster Griffin,Brandon Young,Clayton Beeter,Ryan Helsley,Justin Lawrence
2026-06-27,5:10 PM,7:10 PM,Seattle Mariners,3,Cleveland Guardians,4,Final,Logan Gilbert,Slade Cecconi,Slade Cecconi,Logan Gilbert,Cade Smith
2026-06-27,5:10 PM,7:10 PM,Colorado Rockies,8,Minnesota Twins,5,Final,Michael Lorenzen,Mike Paredes,Michael Lorenzen,Mike Paredes,Jimmy Herget
2026-06-27,5:10 PM,7:10 PM,Chicago Cubs,8,Milwaukee Brewers,2,Final,David Peterson,Kyle Harrison,David Peterson,Chad Patrick,
2026-06-27,5:15 PM,7:15 PM,Miami Marlins,5,St. Louis Cardinals,1,Final,Ryan Gusto,Andre Pallante,John King,Andre Pallante,
2026-06-27,6:40 PM,8:40 PM,Los Angeles Dodgers,15,San Diego Padres,3,Final,Yoshinobu Yamamoto,Kyle Hart,Yoshinobu Yamamoto,Randy Vásquez,
2026-06-27,7:05 PM,9:05 PM,Atlanta Braves,0,San Francisco Giants,5,Final,Bryce Elder,Logan Webb,Logan Webb,Bryce Elder,
2026-06-27,7:38 PM,9:38 PM,Athletics,2,Los Angeles Angels,5,Final,Jack Perkins,Reid Detmers,Ryan Zeferjahn,Geoff Hartlieb,Kirby Yates
2026-06-28,11:35 AM,1:35 PM,Washington Nationals,6,Baltimore Orioles,4,Final,Zack Littell,Kyle Bradish,Zack Littell,Kyle Bradish,PJ Poulin
2026-06-28,11:35 AM,1:35 PM,Cincinnati Reds,4,Pittsburgh Pirates,9,Final,Brady Singer,Mitch Keller,Mitch Keller,Brady Singer,
2026-06-28,11:37 AM,1:37 PM,Texas Rangers,3,Toronto Blue Jays,2,Final,Kumar Rocker,Shane Bieber,Cole Winn,Louis Varland,Tyler Alexander
2026-06-28,11:40 AM,1:40 PM,Houston Astros,7,Detroit Tigers,5,Final,Hunter Brown,Jack Flaherty,Josh Hader,Kenley Jansen,
2026-06-28,11:40 AM,1:40 PM,Seattle Mariners,5,Cleveland Guardians,6,Final,Emerson Hancock,Gavin Williams,Matt Festa,Michael Rucker,Cade Smith
2026-06-28,11:40 AM,1:40 PM,Arizona Diamondbacks,1,Tampa Bay Rays,5,Final,Merrill Kelly,Drew Rasmussen,Drew Rasmussen,Merrill Kelly,
2026-06-28,11:40 AM,1:40 PM,Philadelphia Phillies,5,New York Mets,4,Final,Jesús Luzardo,Cionel Pérez,Kyle Backhus,Kodai Senga,Jhoan Duran
2026-06-28,12:10 PM,2:10 PM,Colorado Rockies,2,Minnesota Twins,3,Final,Ryan Feltner,Connor Prielipp,Andrew Morris,Seth Halvorsen,Yoendrys Gómez
2026-06-28,12:10 PM,2:10 PM,Kansas City Royals,5,Chicago White Sox,4,Final,Luinder Avila,Anthony Kay,Steven Cruz,Anthony Kay,Alex Lange
2026-06-28,12:10 PM,2:10 PM,Chicago Cubs,4,Milwaukee Brewers,3,Final,Ryan Rolison,Brandon Woodruff,Jacob Webb,Joel Kuhnel,Jordan Wicks
2026-06-28,12:15 PM,2:15 PM,Miami Marlins,1,St. Louis Cardinals,2,Final,Tyler Phillips,Kyle Leahy,Kyle Leahy,Tyler Phillips,Riley O'Brien
2026-06-28,1:15 PM,3:15 PM,Athletics,1,Los Angeles Angels,4,Final,Aaron Civale,Sam Aldegheri,Sam Aldegheri,Aaron Civale,Samy Natera Jr.
2026-06-28,2:05 PM,4:05 PM,Atlanta Braves,2,San Francisco Giants,3,Final,Chris Sale,Robbie Ray,Robbie Ray,Chris Sale,Caleb Kilian
2026-06-28,2:10 PM,4:10 PM,Los Angeles Dodgers,4,San Diego Padres,2,Final,Emmet Sheehan,Michael King,Emmet Sheehan,Michael King,Edgardo Henriquez
2026-06-28,5:20 PM,7:20 PM,New York Yankees,4,Boston Red Sox,5,Final,Carlos Rodón,Sonny Gray,Justin Slaten,Fernando Cruz,
2026-06-29,4:35 PM,6:35 PM,Chicago White Sox,8,Baltimore Orioles,2,Final,Sean Burke,Shane Baz,Grant Taylor,Grant Wolfram,
2026-06-29,4:40 PM,6:40 PM,Pittsburgh Pirates,11,Philadelphia Phillies,7,Final,Braxton Ashcraft,Aaron Nola,Braxton Ashcraft,Aaron Nola,
2026-06-29,5:05 PM,7:05 PM,Detroit Tigers,7,New York Yankees,3,Final,Casey Mize,Ryan Weathers,Casey Mize,Ryan Weathers,
2026-06-29,5:07 PM,7:07 PM,New York Mets,1,Toronto Blue Jays,2,Final,Sean Manaea,Trey Yesavage,Trey Yesavage,Sean Manaea,Louis Varland
2026-06-29,5:10 PM,7:10 PM,Washington Nationals,3,Boston Red Sox,6,Final,Miles Mikolas,Ranger Suarez,Ranger Suarez,Miles Mikolas,Garrett Whitlock
2026-06-29,5:10 PM,7:10 PM,Texas Rangers,6,Cleveland Guardians,3,Final,Tyler Alexander,Parker Messick,Robby Ahlstrom,Parker Messick,Jacob Latz
2026-06-29,5:40 PM,7:40 PM,Cincinnati Reds,3,Milwaukee Brewers,5,Final,Nick Lodolo,Robert Gasser,Aaron Ashby,Sam Moll,Trevor Megill
2026-06-29,6:05 PM,8:05 PM,San Diego Padres,2,Chicago Cubs,3,Final,Griffin Canning,Shota Imanaga,Trent Thornton,Jason Adam,
2026-06-29,6:10 PM,8:10 PM,Minnesota Twins,5,Houston Astros,4,Final,Zebby Matthews,Peter Lambert,Zebby Matthews,Peter Lambert,Yoendrys Gómez
2026-06-29,6:40 PM,8:40 PM,Miami Marlins,10,Colorado Rockies,7,Final,Sandy Alcantara,Sean Sullivan,Sandy Alcantara,Victor Vodnik,
2026-06-29,7:40 PM,9:40 PM,Los Angeles Dodgers,9,Athletics,4,Final,Eric Lauer,Gage Jump,Eric Lauer,Gage Jump,
2026-06-29,7:40 PM,9:40 PM,Los Angeles Angels,2,Seattle Mariners,6,Final,Ryan Johnson,George Kirby,George Kirby,Ryan Johnson,
2026-06-29,7:40 PM,9:40 PM,San Francisco Giants,4,Arizona Diamondbacks,5,Final,Tyler Mahle,Eduardo Rodriguez,Eduardo Rodriguez,Tyler Mahle,Paul Sewald
2026-06-30,4:35 PM,6:35 PM,Chicago White Sox,9,Baltimore Orioles,3,Final,Erick Fedde,Trey Gibson,Erick Fedde,Trey Gibson,Tyler Schweitzer
2026-06-30,4:40 PM,6:40 PM,Texas Rangers,4,Cleveland Guardians,2,Final,Jacob deGrom,Tanner Bibee,Jacob deGrom,Tanner Bibee,Jacob Latz
2026-06-30,4:40 PM,6:40 PM,Pittsburgh Pirates,0,Philadelphia Phillies,8,Final,Bubba Chandler,Cristopher Sánchez,Cristopher Sánchez,Bubba Chandler,
2026-06-30,5:05 PM,7:05 PM,Detroit Tigers,9,New York Yankees,3,Final,Tarik Skubal,Cam Schlittler,Tarik Skubal,Cam Schlittler,
2026-06-30,5:07 PM,7:07 PM,New York Mets,3,Toronto Blue Jays,0,Final,Nolan McLean,Kevin Gausman,Nolan McLean,Kevin Gausman,Devin Williams
2026-06-30,5:10 PM,7:10 PM,Washington Nationals,8,Boston Red Sox,1,Final,Cade Cavalli,Connelly Early,Cade Cavalli,Greg Weissert,
2026-06-30,5:15 PM,7:15 PM,St. Louis Cardinals,5,Atlanta Braves,3,Final,Matthew Liberatore,Martín Pérez,Matthew Liberatore,Martín Pérez,Riley O'Brien
2026-06-30,5:40 PM,7:40 PM,Tampa Bay Rays,10,Kansas City Royals,4,Final,Griffin Jax,Noah Cameron,Griffin Jax,Noah Cameron,
2026-06-30,5:40 PM,7:40 PM,Cincinnati Reds,2,Milwaukee Brewers,7,Final,Rhett Lowder,Brandon Sproat,Brandon Sproat,Rhett Lowder,
2026-06-30,6:05 PM,8:05 PM,San Diego Padres,7,Chicago Cubs,9,Final,JP Sears,Matthew Boyd,Matthew Boyd,JP Sears,Ryan Rolison
2026-06-30,6:10 PM,8:10 PM,Minnesota Twins,4,Houston Astros,6,Final,Joe Ryan,Mike Burrows,Mike Burrows,Joe Ryan,Josh Hader
2026-06-30,6:40 PM,8:40 PM,Miami Marlins,14,Colorado Rockies,3,Final,Eury Pérez,Tanner Gordon,Eury Pérez,Tanner Gordon,
2026-06-30,7:40 PM,9:40 PM,Los Angeles Dodgers,9,Athletics,3,Final,Justin Wrobleski,Jeffrey Springs,Justin Wrobleski,Jeffrey Springs,
2026-06-30,7:40 PM,9:40 PM,Los Angeles Angels,3,Seattle Mariners,8,Final,José Soriano,Bryan Woo,Bryan Woo,José Soriano,
2026-06-30,7:40 PM,9:40 PM,San Francisco Giants,2,Arizona Diamondbacks,8,Final,Landen Roupp,Brandon Pfaadt,Brandon Pfaadt,Landen Roupp,
2026-07-01,10:35 AM,12:35 PM,Chicago White Sox,1,Baltimore Orioles,6,Final,Noah Schultz,Dean Kremer,Dean Kremer,Noah Schultz,
2026-07-01,11:10 AM,1:10 PM,Texas Rangers,4,Cleveland Guardians,9,Final,MacKenzie Gore,Joey Cantillo,Joey Cantillo,MacKenzie Gore,
2026-07-01,11:35 AM,1:35 PM,Washington Nationals,10,Boston Red Sox,2,Final,Brad Lord,Payton Tolle,Andrew Alvarez,Payton Tolle,
2026-07-01,11:35 AM,1:35 PM,Detroit Tigers,6,New York Yankees,2,Final,Troy Melton,Will Warren,Keider Montero,Camilo Doval,
2026-07-01,12:20 PM,2:20 PM,San Diego Padres,3,Chicago Cubs,23,Final,Walker Buehler,Colin Rea,Colin Rea,Walker Buehler,Jordan Wicks
2026-07-01,1:07 PM,3:07 PM,New York Mets,3,Toronto Blue Jays,9,Final,Freddy Peralta,Braydon Fisher,Spencer Miles,Freddy Peralta,Patrick Corbin
2026-07-01,4:40 PM,6:40 PM,Pittsburgh Pirates,6,Philadelphia Phillies,10,Final,Paul Skenes,Zack Wheeler,Orion Kerkering,Paul Skenes,
2026-07-01,5:15 PM,7:15 PM,St. Louis Cardinals,1,Atlanta Braves,5,Final,Michael McGreevy,Reynaldo López,Reynaldo López,Michael McGreevy,
2026-07-01,5:40 PM,7:40 PM,Tampa Bay Rays,4,Kansas City Royals,0,Final,Shane McClanahan,Seth Lugo,Shane McClanahan,Seth Lugo,Kevin Kelly
2026-07-01,6:10 PM,8:10 PM,Minnesota Twins,8,Houston Astros,3,Final,Taj Bradley,Tatsuya Imai,Taj Bradley,Tatsuya Imai,
2026-07-01,6:10 PM,8:10 PM,Cincinnati Reds,2,Milwaukee Brewers,4,Final,Andrew Abbott,Shane Drohan,Aaron Ashby,Brock Burke,Trevor Megill
2026-07-01,6:40 PM,8:40 PM,Miami Marlins,3,Colorado Rockies,6,Final,Max Meyer,Kyle Freeland,Kyle Freeland,Max Meyer,Brennan Bernardino
2026-07-01,7:40 PM,9:40 PM,Los Angeles Dodgers,1,Athletics,7,Final,Jack Dreyer,J.T. Ginn,J.T. Ginn,Charlie Barnes,
2026-07-01,7:40 PM,9:40 PM,San Francisco Giants,6,Arizona Diamondbacks,4,Final,Trevor McDonald,Zac Gallen,Trevor McDonald,Zac Gallen,Caleb Kilian
2026-07-02,10:35 AM,12:35 PM,Pittsburgh Pirates,6,Philadelphia Phillies,1,Final,Jared Jones,Alan Rangel,Carmen Mlodzinski,José Alvarado,
2026-07-02,12:10 PM,2:10 PM,Cincinnati Reds,7,Milwaukee Brewers,2,Final,Chase Burns,Jacob Misiorowski,Chase Burns,Jacob Misiorowski,
2026-07-02,1:10 PM,3:10 PM,Miami Marlins,4,Colorado Rockies,14,Final,Ryan Gusto,Michael Lorenzen,Brennan Bernardino,John King,
2026-07-02,4:40 PM,6:40 PM,Chicago White Sox,5,Cleveland Guardians,6,Final,Davis Martin,Slade Cecconi,Tim Herrin,Grant Taylor,
2026-07-02,5:15 PM,7:15 PM,St. Louis Cardinals,11,Atlanta Braves,5,Final,Dustin May,Hurston Waldrep,Gordon Graceffo,Tyler Kinley,
2026-07-02,5:40 PM,7:40 PM,Tampa Bay Rays,5,Kansas City Royals,2,Final,Ian Seymour,Stephen Kolek,Ian Seymour,Stephen Kolek,Bryan Baker
2026-07-02,6:05 PM,8:05 PM,Detroit Tigers,4,Texas Rangers,10,Final,Framber Valdez,Nathan Eovaldi,Nathan Eovaldi,Framber Valdez,
2026-07-02,7:40 PM,9:40 PM,Los Angeles Angels,0,Seattle Mariners,1,Final,Walbert Ureña,Bryce Miller,Bryce Miller,Walbert Ureña,Andrés Muñoz
2026-07-02,8:10 PM,10:10 PM,San Diego Padres,7,Los Angeles Dodgers,12,Final,Randy Vásquez,Roki Sasaki,Will Klein,Wandy Peralta,
2026-07-03,2:05 PM,4:05 PM,St. Louis Cardinals,17,Chicago Cubs,1,Final,Andre Pallante,David Peterson,Andre Pallante,David Peterson,
2026-07-03,4:45 PM,6:45 PM,Pittsburgh Pirates,5,Washington Nationals,9,Final,Mitch Keller,Foster Griffin,Foster Griffin,Mitch Keller,
2026-07-03,5:05 PM,7:05 PM,Minnesota Twins,2,New York Yankees,5,Final,Mike Paredes,Gerrit Cole,Gerrit Cole,Mike Paredes,David Bednar
2026-07-03,5:10 PM,7:10 PM,Baltimore Orioles,3,Cincinnati Reds,0,Final,Trevor Rogers,Brady Singer,Trevor Rogers,Brady Singer,Tyler Wells
2026-07-03,5:10 PM,7:10 PM,Chicago White Sox,3,Cleveland Guardians,4,Final,Anthony Kay,Gavin Williams,Erik Sabrowski,Sean Newcomb,
2026-07-03,5:15 PM,7:15 PM,New York Mets,3,Atlanta Braves,5,Final,Christian Scott,Grant Holmes,Grant Holmes,Christian Scott,Raisel Iglesias
2026-07-03,6:10 PM,8:10 PM,San Francisco Giants,3,Colorado Rockies,15,Final,Logan Webb,Ryan Feltner,Ryan Feltner,Logan Webb,Gabriel Hughes
2026-07-03,6:15 PM,8:15 PM,Tampa Bay Rays,3,Houston Astros,1,Final,Nick Martinez,Spencer Arrighetti,Kevin Kelly,Steven Okert,Bryan Baker
2026-07-03,7:38 PM,9:38 PM,Boston Red Sox,5,Los Angeles Angels,2,Final,Jake Bennett,Reid Detmers,Jake Bennett,Reid Detmers,Aroldis Chapman
2026-07-03,7:40 PM,9:40 PM,Miami Marlins,12,Athletics,5,Final,Tyler Phillips,Jack Perkins,Lake Bachar,Jack Perkins,
2026-07-03,7:45 PM,9:45 PM,Milwaukee Brewers,7,Arizona Diamondbacks,4,Final,Kyle Harrison,Jose Cabrera,Grant Anderson,Ryan Thompson,
2026-07-03,8:10 PM,10:10 PM,San Diego Padres,3,Los Angeles Dodgers,4,Final,Michael King,Shohei Ohtani,Kyle Hurt,Adrian Morejon,Tanner Scott
2026-07-03,8:10 PM,10:10 PM,Toronto Blue Jays,2,Seattle Mariners,0,Final,Dylan Cease,Luis Castillo,Dylan Cease,Luis Castillo,Louis Varland
2026-07-04,9:05 AM,11:05 AM,Pittsburgh Pirates,7,Washington Nationals,1,Final,Braxton Ashcraft,Carson Palmquist,Braxton Ashcraft,Carson Palmquist,
2026-07-04,11:35 AM,1:35 PM,Minnesota Twins,11,New York Yankees,4,Final,Zebby Matthews,Brendan Beck,Taylor Rogers,Brendan Beck,
2026-07-04,2:05 PM,4:05 PM,Detroit Tigers,3,Texas Rangers,0,Final,Jack Flaherty,Cal Quantrill,Jack Flaherty,Cal Quantrill,Keider Montero
2026-07-04,2:10 PM,4:10 PM,Toronto Blue Jays,0,Seattle Mariners,11,Final,Shane Bieber,Logan Gilbert,Logan Gilbert,Shane Bieber,
2026-07-04,5:10 PM,7:10 PM,Baltimore Orioles,8,Cincinnati Reds,5,Final,Brandon Young,Hunter Greene,Brandon Young,Hunter Greene,Tyler Wells
2026-07-04,5:10 PM,7:10 PM,Tampa Bay Rays,8,Houston Astros,10,Final,Drew Rasmussen,Hunter Brown,Josh Hader,Casey Legumina,
2026-07-04,5:10 PM,7:10 PM,Chicago White Sox,3,Cleveland Guardians,1,Final,Sean Burke,Parker Messick,Brandon Eisert,Tim Herrin,Grant Taylor
2026-07-04,6:08 PM,8:08 PM,St. Louis Cardinals,3,Chicago Cubs,0,Final,Kyle Leahy,Shota Imanaga,Kyle Leahy,Shota Imanaga,Riley O'Brien
2026-07-04,6:08 PM,8:08 PM,New York Mets,3,Atlanta Braves,14,Final,Sean Manaea,Chris Sale,Chris Sale,Sean Manaea,JR Ritchie
2026-07-04,6:10 PM,8:10 PM,San Francisco Giants,6,Colorado Rockies,4,Final,Robbie Ray,Sean Sullivan,Robbie Ray,Sean Sullivan,Caleb Kilian
2026-07-04,6:10 PM,8:10 PM,Philadelphia Phillies,6,Kansas City Royals,1,Final,Jesús Luzardo,Michael Wacha,Jesús Luzardo,Michael Wacha,
2026-07-04,7:38 PM,9:38 PM,Boston Red Sox,8,Los Angeles Angels,1,Final,Sonny Gray,Sam Aldegheri,Sonny Gray,Sam Aldegheri,
2026-07-04,7:40 PM,9:40 PM,Miami Marlins,7,Athletics,2,Final,Sandy Alcantara,Aaron Civale,Sandy Alcantara,Aaron Civale,
2026-07-04,7:40 PM,9:40 PM,Milwaukee Brewers,3,Arizona Diamondbacks,4,Final,Brandon Woodruff,Merrill Kelly,Merrill Kelly,Brandon Woodruff,Paul Sewald
2026-07-04,8:10 PM,10:10 PM,San Diego Padres,0,Los Angeles Dodgers,3,Final,Wandy Peralta,Yoshinobu Yamamoto,Yoshinobu Yamamoto,Griffin Canning,Will Klein
2026-07-05,10:30 AM,12:30 PM,New York Mets,10,Atlanta Braves,9,Final,Nolan McLean,Martín Pérez,Nolan McLean,Martín Pérez,Devin Williams
2026-07-05,11:00 AM,1:00 PM,Pittsburgh Pirates,11,Washington Nationals,5,Final,Bubba Chandler,Cade Cavalli,Gregory Soto,Brad Lord,
2026-07-05,11:05 AM,1:05 PM,Baltimore Orioles,2,Cincinnati Reds,3,Final,Kyle Bradish,Nick Lodolo,Nick Lodolo,Kyle Bradish,Emilio Pagán
2026-07-05,11:35 AM,1:35 PM,Minnesota Twins,6,New York Yankees,1,Final,Joe Ryan,Ryan Weathers,Joe Ryan,Ryan Weathers,
2026-07-05,12:00 PM,2:00 PM,Chicago White Sox,7,Cleveland Guardians,6,Final,Chris Murphy,Tanner Bibee,Erick Fedde,Colin Holderman,Sean Newcomb
2026-07-05,12:30 PM,2:30 PM,St. Louis Cardinals,4,Chicago Cubs,6,Final,Matthew Liberatore,Javier Assad,Drew Pomeranz,Matthew Liberatore,Jacob Webb
2026-07-05,1:00 PM,3:00 PM,Philadelphia Phillies,2,Kansas City Royals,5,Final,Aaron Nola,Luinder Avila,Luinder Avila,Aaron Nola,Alex Lange
2026-07-05,1:30 PM,3:30 PM,Tampa Bay Rays,0,Houston Astros,2,Final,Mason Englert,Peter Lambert,Peter Lambert,Mason Englert,Josh Hader
2026-07-05,1:30 PM,3:30 PM,Detroit Tigers,6,Texas Rangers,3,Final,Casey Mize,Kumar Rocker,Casey Mize,Kumar Rocker,Kenley Jansen
2026-07-05,2:00 PM,4:00 PM,San Francisco Giants,6,Colorado Rockies,7,Final,Tyler Mahle,Tanner Gordon,Victor Vodnik,Dylan Smith,Jordan Romano
2026-07-05,2:00 PM,4:00 PM,Milwaukee Brewers,3,Arizona Diamondbacks,2,Final,Brandon Sproat,Eduardo Rodriguez,Drew Rom,Eduardo Rodriguez,Trevor Megill
2026-07-05,2:30 PM,4:30 PM,Miami Marlins,9,Athletics,8,Final,Eury Pérez,Gage Jump,Eury Pérez,Gage Jump,
2026-07-05,3:00 PM,5:00 PM,Toronto Blue Jays,0,Seattle Mariners,4,Final,Trey Yesavage,Emerson Hancock,Emerson Hancock,Trey Yesavage,
2026-07-05,5:20 PM,7:20 PM,San Diego Padres,5,Los Angeles Dodgers,2,Final,JP Sears,Emmet Sheehan,JP Sears,Emmet Sheehan,Mason Miller
2026-07-05,7:30 PM,9:30 PM,Boston Red Sox,7,Los Angeles Angels,5,Final,Ranger Suarez,Ryan Johnson,Greg Weissert,Ryan Johnson,Aroldis Chapman
2026-07-06,12:10 PM,2:10 PM,Philadelphia Phillies,1,Kansas City Royals,15,Final,Cristopher Sánchez,Noah Cameron,Noah Cameron,Cristopher Sánchez,
2026-07-06,4:40 PM,6:40 PM,New York Yankees,5,Tampa Bay Rays,1,Final,Cam Schlittler,Griffin Jax,Cam Schlittler,Griffin Jax,
2026-07-06,4:45 PM,6:45 PM,Houston Astros,11,Washington Nationals,12,Final,Mike Burrows,Miles Mikolas,Miles Mikolas,Mike Burrows,Clayton Beeter
2026-07-06,5:15 PM,7:15 PM,New York Mets,7,Atlanta Braves,6,Final,Freddy Peralta,Reynaldo López,Brooks Raley,Owen Murphy,Luke Weaver
2026-07-06,5:45 PM,7:45 PM,Milwaukee Brewers,4,St. Louis Cardinals,3,Final,Shane Drohan,Dustin May,Shane Drohan,Ryan Fernandez,Trevor Megill
2026-07-06,7:40 PM,9:40 PM,Arizona Diamondbacks,8,San Diego Padres,0,Final,Brandon Pfaadt,Walker Buehler,Brandon Pfaadt,Walker Buehler,
2026-07-06,7:45 PM,9:45 PM,Toronto Blue Jays,1,San Francisco Giants,10,Final,Kevin Gausman,Landen Roupp,Landen Roupp,Kevin Gausman,
2026-07-06,8:10 PM,10:10 PM,Colorado Rockies,7,Los Angeles Dodgers,8,Final,Kyle Freeland,Eric Lauer,Edgardo Henriquez,Jimmy Herget,
2026-07-07,12:15 PM,2:15 PM,Milwaukee Brewers,4,St. Louis Cardinals,3,Final,Jacob Misiorowski,Matt Svanson,Jacob Misiorowski,Ryne Stanek,Abner Uribe
2026-07-07,4:35 PM,6:35 PM,Chicago Cubs,5,Baltimore Orioles,2,Final,Matthew Boyd,Shane Baz,Matthew Boyd,Shane Baz,Trent Thornton
2026-07-07,4:40 PM,6:40 PM,Athletics,2,Detroit Tigers,6,Final,J.T. Ginn,Tarik Skubal,Tarik Skubal,J.T. Ginn,
2026-07-07,4:40 PM,6:40 PM,Atlanta Braves,4,Pittsburgh Pirates,12,Final,Hurston Waldrep,Paul Skenes,Paul Skenes,Hurston Waldrep,
2026-07-07,4:40 PM,6:40 PM,Seattle Mariners,5,Miami Marlins,6,Final,Bryan Woo,Max Meyer,Cade Gibson,Michael Rucker,
2026-07-07,4:40 PM,6:40 PM,New York Yankees,4,Tampa Bay Rays,6,Final,Will Warren,Ian Seymour,Ian Seymour,Will Warren,Bryan Baker
2026-07-07,4:45 PM,6:45 PM,Houston Astros,6,Washington Nationals,3,Final,Tatsuya Imai,Andrew Alvarez,Steven Okert,Andrew Alvarez,Josh Hader
2026-07-07,5:10 PM,7:10 PM,Kansas City Royals,16,New York Mets,12,Final,Seth Lugo,Cionel Pérez,Beck Way,Matt Seelinger,
2026-07-07,5:10 PM,7:10 PM,Philadelphia Phillies,4,Cincinnati Reds,1,Final,Zack Wheeler,Andrew Abbott,Zack Wheeler,Andrew Abbott,Jhoan Duran
2026-07-07,5:40 PM,7:40 PM,Cleveland Guardians,1,Minnesota Twins,3,Final,Joey Cantillo,Taj Bradley,Taj Bradley,Joey Cantillo,Yoendrys Gómez
2026-07-07,5:40 PM,7:40 PM,Boston Red Sox,8,Chicago White Sox,1,Final,Payton Tolle,Noah Schultz,Payton Tolle,Noah Schultz,
2026-07-07,5:45 PM,7:45 PM,Milwaukee Brewers,10,St. Louis Cardinals,2,Final,Robert Gasser,Hunter Dobbins,Robert Gasser,Hunter Dobbins,
2026-07-07,6:05 PM,8:05 PM,Los Angeles Angels,3,Texas Rangers,8,Final,José Soriano,Jacob deGrom,Peyton Gray,Sam Bachman,
2026-07-07,7:40 PM,9:40 PM,Arizona Diamondbacks,1,San Diego Padres,4,Final,Zac Gallen,Germán Márquez,Germán Márquez,Zac Gallen,Mason Miller
2026-07-07,7:45 PM,9:45 PM,Toronto Blue Jays,9,San Francisco Giants,3,Final,Spencer Miles,Trevor McDonald,Patrick Corbin,Trevor McDonald,
2026-07-07,8:10 PM,10:10 PM,Colorado Rockies,4,Los Angeles Dodgers,3,Final,Michael Lorenzen,Justin Wrobleski,Juan Mejia,Will Klein,Jordan Romano
2026-07-08,1:45 PM,3:45 PM,Toronto Blue Jays,10,San Francisco Giants,0,Final,Dylan Cease,Logan Webb,Dylan Cease,Logan Webb,
2026-07-08,4:35 PM,6:35 PM,Chicago Cubs,9,Baltimore Orioles,7,Final,Colin Rea,Dean Kremer,Colin Rea,Dean Kremer,Jacob Webb
2026-07-08,4:40 PM,6:40 PM,Athletics,1,Detroit Tigers,6,Final,Jeffrey Springs,Troy Melton,Troy Melton,Jeffrey Springs,
2026-07-08,4:40 PM,6:40 PM,Atlanta Braves,3,Pittsburgh Pirates,0,Final,Grant Holmes,Jared Jones,Dylan Dodd,Dennis Santana,Raisel Iglesias
2026-07-08,4:40 PM,6:40 PM,Seattle Mariners,0,Miami Marlins,2,Final,George Kirby,Tyler Phillips,Tyler Phillips,George Kirby,Pete Fairbanks
2026-07-08,4:40 PM,6:40 PM,New York Yankees,0,Tampa Bay Rays,3,Final,Gerrit Cole,Shane McClanahan,Shane McClanahan,Gerrit Cole,Bryan Baker
2026-07-08,4:45 PM,6:45 PM,Houston Astros,2,Washington Nationals,8,Final,Spencer Arrighetti,Foster Griffin,Foster Griffin,Spencer Arrighetti,
2026-07-08,5:10 PM,7:10 PM,Kansas City Royals,2,New York Mets,6,Final,Steven Cruz,Christian Scott,Brooks Raley,Alex Lange,
2026-07-08,5:10 PM,7:10 PM,Philadelphia Phillies,5,Cincinnati Reds,11,Final,Alan Rangel,Chase Burns,Chase Burns,Alan Rangel,
2026-07-08,5:40 PM,7:40 PM,Cleveland Guardians,5,Minnesota Twins,6,Final,Slade Cecconi,Connor Prielipp,Yoendrys Gómez,Matt Festa,
2026-07-08,5:40 PM,7:40 PM,Boston Red Sox,5,Chicago White Sox,0,Final,Jake Bennett,Davis Martin,Jake Bennett,Davis Martin,
2026-07-08,5:45 PM,7:45 PM,Milwaukee Brewers,1,St. Louis Cardinals,5,Final,Kyle Harrison,Michael McGreevy,Michael McGreevy,Kyle Harrison,
2026-07-08,6:05 PM,8:05 PM,Los Angeles Angels,13,Texas Rangers,1,Final,Walbert Ureña,MacKenzie Gore,Samy Natera Jr.,MacKenzie Gore,
2026-07-08,8:10 PM,10:10 PM,Colorado Rockies,3,Los Angeles Dodgers,4,Final,Gabriel Hughes,Roki Sasaki,Edgardo Henriquez,Antonio Senzatela,Tanner Scott
2026-07-08,8:10 PM,10:10 PM,Arizona Diamondbacks,4,San Diego Padres,10,Final,Jose Cabrera,Michael King,Michael King,Jose Cabrera,
2026-07-09,10:35 AM,12:35 PM,Atlanta Braves,10,Pittsburgh Pirates,5,Final,Bryce Elder,Mitch Keller,Dylan Dodd,Mitch Keller,
2026-07-09,11:10 AM,1:10 PM,Kansas City Royals,3,New York Mets,7,Final,Michael Wacha,Sean Manaea,Sean Manaea,Michael Wacha,
2026-07-09,11:10 AM,1:10 PM,New York Yankees,12,Tampa Bay Rays,4,Final,Paul Blackburn,Drew Rasmussen,Ryan Yarbrough,Drew Rasmussen,
2026-07-09,11:35 AM,1:35 PM,Chicago Cubs,2,Baltimore Orioles,3,Final,David Peterson,Trevor Rogers,Tyler Wells,Tyler Ferguson,Andrew Kittredge
2026-07-09,11:40 AM,1:40 PM,Cleveland Guardians,5,Minnesota Twins,2,Final,Gavin Williams,Bailey Ober,Gavin Williams,Kendry Rojas,Cade Smith
2026-07-09,12:10 PM,2:10 PM,Boston Red Sox,2,Chicago White Sox,1,Final,Patrick Sandoval,Anthony Kay,Tyron Guerrero,Anthony Kay,Aroldis Chapman
2026-07-09,4:40 PM,6:40 PM,Athletics,1,Detroit Tigers,4,Final,José Suarez,Framber Valdez,Framber Valdez,Jack Perkins,Kenley Jansen
2026-07-09,4:40 PM,6:40 PM,Seattle Mariners,4,Miami Marlins,8,Final,Bryce Miller,Janson Junk,Janson Junk,Bryce Miller,
2026-07-09,5:10 PM,7:10 PM,Philadelphia Phillies,1,Cincinnati Reds,0,Final,Jesús Luzardo,Brady Singer,Jesús Luzardo,Brady Singer,Jhoan Duran
2026-07-09,5:45 PM,7:45 PM,Milwaukee Brewers,8,St. Louis Cardinals,4,Final,Logan Henderson,Andre Pallante,Logan Henderson,Andre Pallante,
2026-07-09,6:05 PM,8:05 PM,Los Angeles Angels,6,Texas Rangers,7,Final,Reid Detmers,Nathan Eovaldi,Cole Winn,Kirby Yates,
2026-07-09,7:40 PM,9:40 PM,Arizona Diamondbacks,3,San Diego Padres,1,Final,Merrill Kelly,Griffin Canning,Merrill Kelly,Griffin Canning,Paul Sewald
2026-07-09,7:45 PM,9:45 PM,Colorado Rockies,2,San Francisco Giants,8,Final,Ryan Feltner,Carson Whisenhunt,Carson Whisenhunt,Ryan Feltner,
2026-07-10,4:40 PM,6:40 PM,Philadelphia Phillies,2,Detroit Tigers,10,Final,Aaron Nola,Jack Flaherty,Jack Flaherty,Tim Mayza,
2026-07-10,4:45 PM,6:45 PM,New York Yankees,5,Washington Nationals,3,Final,Ryan Weathers,Carson Palmquist,David Bednar,Matt Krook,
2026-07-10,5:05 PM,7:05 PM,Kansas City Royals,3,Baltimore Orioles,5,Final,Luinder Avila,Brandon Young,Rico Garcia,Matt Strahm,Andrew Kittredge
2026-07-10,5:10 PM,7:10 PM,Chicago Cubs,0,Cincinnati Reds,4,Final,Shota Imanaga,Hunter Greene,Hunter Greene,Shota Imanaga,
2026-07-10,5:10 PM,7:10 PM,Seattle Mariners,2,Tampa Bay Rays,7,Final,Luis Castillo,Nick Martinez,Nick Martinez,Luis Castillo,
2026-07-10,5:10 PM,7:10 PM,Cleveland Guardians,3,Miami Marlins,2,Final,Parker Messick,Sandy Alcantara,Parker Messick,Sandy Alcantara,Cade Smith
2026-07-10,5:15 PM,7:15 PM,Boston Red Sox,6,New York Mets,2,Final,Sonny Gray,Nolan McLean,Sonny Gray,Nolan McLean,
2026-07-10,5:40 PM,7:40 PM,Athletics,1,Chicago White Sox,14,Final,Jacob Lopez,Sean Burke,Sean Burke,Aaron Civale,
2026-07-10,6:05 PM,8:05 PM,Houston Astros,3,Texas Rangers,7,Final,Hunter Brown,Cal Quantrill,Cole Winn,Bryan King,
2026-07-10,6:10 PM,8:10 PM,Los Angeles Angels,4,Minnesota Twins,3,Final,Grayson Rodriguez,Zebby Matthews,Grayson Rodriguez,Zebby Matthews,Kirby Yates
2026-07-10,6:15 PM,8:15 PM,Atlanta Braves,1,St. Louis Cardinals,2,Final,Chris Sale,Kyle Leahy,JoJo Romero,Danny Young,Riley O'Brien
2026-07-10,7:40 PM,9:40 PM,Toronto Blue Jays,5,San Diego Padres,3,Final,Shane Bieber,JP Sears,Mason Fluharty,JP Sears,Louis Varland
2026-07-10,8:10 PM,10:10 PM,Arizona Diamondbacks,9,Los Angeles Dodgers,3,Final,Eduardo Rodriguez,Kyle Hurt,Eduardo Rodriguez,Will Klein,
2026-07-10,8:15 PM,10:15 PM,Colorado Rockies,4,San Francisco Giants,3,Final,Tanner Gordon,Robbie Ray,Antonio Senzatela,Caleb Kilian,Juan Mejia
2026-07-11,10:05 AM,12:05 PM,Milwaukee Brewers,6,Pittsburgh Pirates,7,Final,Brandon Sproat,Braxton Ashcraft,Carmen Mlodzinski,Aaron Ashby,Gregory Soto
2026-07-11,12:10 PM,2:10 PM,Los Angeles Angels,3,Minnesota Twins,5,Final,Ryan Johnson,Joe Ryan,Tommy Nance,Mitch Farris,Yoendrys Gómez
2026-07-11,12:10 PM,2:10 PM,Athletics,0,Chicago White Sox,1,Final,Gage Jump,Bryan Hudson,Erick Fedde,Gage Jump,Grant Taylor
2026-07-11,2:05 PM,4:05 PM,Milwaukee Brewers,2,Pittsburgh Pirates,3,Final,Shane Drohan,Bubba Chandler,Yohan Ramírez,Shane Drohan,Mason Montgomery
2026-07-11,2:05 PM,4:05 PM,Colorado Rockies,2,San Francisco Giants,4,Final,Kyle Freeland,Tyler Mahle,Tyler Mahle,Kyle Freeland,JT Brubaker
2026-07-11,2:05 PM,4:05 PM,New York Yankees,4,Washington Nationals,2,Final,Cam Schlittler,PJ Poulin,Brent Headrick,Clayton Beeter,David Bednar
2026-07-11,2:10 PM,4:10 PM,Boston Red Sox,4,New York Mets,0,Final,Eduardo Rivera,Freddy Peralta,Jovani Morán,Freddy Peralta,
2026-07-11,2:10 PM,4:10 PM,Seattle Mariners,1,Tampa Bay Rays,6,Final,Logan Gilbert,Griffin Jax,Griffin Jax,Logan Gilbert,
2026-07-11,2:10 PM,4:10 PM,Cleveland Guardians,4,Miami Marlins,1,Final,Tanner Bibee,Eury Pérez,Tanner Bibee,Eury Pérez,Colin Holderman
2026-07-11,4:10 PM,6:10 PM,Philadelphia Phillies,4,Detroit Tigers,2,Final,Cristopher Sánchez,Casey Mize,Cristopher Sánchez,Casey Mize,Jhoan Duran
2026-07-11,5:05 PM,7:05 PM,Kansas City Royals,1,Baltimore Orioles,6,Final,Noah Cameron,Kyle Bradish,Kyle Bradish,Noah Cameron,
2026-07-11,5:05 PM,7:05 PM,Houston Astros,9,Texas Rangers,3,Final,Peter Lambert,Kumar Rocker,Peter Lambert,Kumar Rocker,
2026-07-11,5:10 PM,7:10 PM,Chicago Cubs,5,Cincinnati Reds,3,Final,Javier Assad,Nick Lodolo,Drew Pomeranz,Julian Garcia,Trent Thornton
2026-07-11,5:15 PM,7:15 PM,Atlanta Braves,1,St. Louis Cardinals,4,Final,Reynaldo López,Matthew Liberatore,Matthew Liberatore,Reynaldo López,Riley O'Brien
2026-07-11,6:40 PM,8:40 PM,Toronto Blue Jays,7,San Diego Padres,8,Final,Trey Yesavage,Walker Buehler,Bradgley Rodriguez,Mason Fluharty,Mason Miller
2026-07-11,7:10 PM,9:10 PM,Arizona Diamondbacks,9,Los Angeles Dodgers,2,Final,Brandon Pfaadt,Yoshinobu Yamamoto,Brandon Pfaadt,Yoshinobu Yamamoto,
2026-07-12,10:15 AM,12:15 PM,Milwaukee Brewers,5,Pittsburgh Pirates,14,Final,Robert Gasser,Paul Skenes,Paul Skenes,Robert Gasser,
2026-07-12,11:35 AM,1:35 PM,Kansas City Royals,2,Baltimore Orioles,8,Final,Seth Lugo,Shane Baz,Grant Wolfram,Matt Strahm,
2026-07-12,11:35 AM,1:35 PM,New York Yankees,5,Washington Nationals,3,Final,Will Warren,Cade Cavalli,Ryan Yarbrough,Andrew Alvarez,Paul Blackburn
2026-07-12,11:40 AM,1:40 PM,Chicago Cubs,8,Cincinnati Reds,4,Final,Matthew Boyd,Andrew Abbott,Matthew Boyd,Chase Petty,Jacob Webb
2026-07-12,11:40 AM,1:40 PM,Boston Red Sox,3,New York Mets,2,Final,Payton Tolle,Zach Thornton,Aroldis Chapman,Brooks Raley,Garrett Whitlock
2026-07-12,11:40 AM,1:40 PM,Seattle Mariners,8,Tampa Bay Rays,2,Final,Emerson Hancock,Ian Seymour,José A. Ferrer,Ian Seymour,
2026-07-12,11:40 AM,1:40 PM,Philadelphia Phillies,5,Detroit Tigers,0,Final,Zack Wheeler,Tarik Skubal,Zack Wheeler,Tarik Skubal,
2026-07-12,11:40 AM,1:40 PM,Cleveland Guardians,5,Miami Marlins,2,Final,Joey Cantillo,Tyler Phillips,Joey Cantillo,Tyler Phillips,
2026-07-12,12:10 PM,2:10 PM,Los Angeles Angels,2,Minnesota Twins,4,Final,José Soriano,Taj Bradley,Taj Bradley,José Soriano,Andrew Morris
2026-07-12,12:10 PM,2:10 PM,Athletics,1,Chicago White Sox,9,Final,J.T. Ginn,Noah Schultz,Noah Schultz,J.T. Ginn,
2026-07-12,12:15 PM,2:15 PM,Atlanta Braves,4,St. Louis Cardinals,3,Final,Danny Young,Dustin May,Tyler Kinley,JoJo Romero,Raisel Iglesias
2026-07-12,12:35 PM,2:35 PM,Houston Astros,5,Texas Rangers,6,Final,Cristian Javier,MacKenzie Gore,Jacob Latz,Josh Hader,
2026-07-12,2:05 PM,4:05 PM,Colorado Rockies,1,San Francisco Giants,3,Final,Michael Lorenzen,Trevor McDonald,Erik Miller,Antonio Senzatela,
2026-07-12,2:10 PM,4:10 PM,Arizona Diamondbacks,5,Los Angeles Dodgers,3,Final,Mitch Bratt,Emmet Sheehan,Ryan Thompson,Edgardo Henriquez,Paul Sewald
2026-07-12,2:10 PM,4:10 PM,Toronto Blue Jays,4,San Diego Padres,5,Final,Kevin Gausman,Germán Márquez,Adrian Morejon,Jeff Hoffman,Mason Miller
2026-07-16,4:10 PM,6:10 PM,New York Mets,4,Philadelphia Phillies,1,Final,Christian Scott,Aaron Nola,Christian Scott,Aaron Nola,Devin Williams
2026-07-17,11:35 AM,1:35 PM,Tampa Bay Rays,0,Boston Red Sox,10,Final,Griffin Jax,Jake Bennett,Jake Bennett,Griffin Jax,Alec Gamboa
2026-07-17,5:05 PM,7:05 PM,Los Angeles Dodgers,2,New York Yankees,1,Final,Roki Sasaki,Gerrit Cole,Jack Dreyer,Gerrit Cole,Tanner Scott
2026-07-17,5:10 PM,7:10 PM,Tampa Bay Rays,3,Boston Red Sox,5,Final,Mason Englert,Eduardo Rivera,Greg Weissert,Mason Englert,Aroldis Chapman
2026-07-17,5:15 PM,7:15 PM,Texas Rangers,1,Atlanta Braves,15,Final,Cal Quantrill,Chris Sale,Chris Sale,Cal Quantrill,
2026-07-17,5:15 PM,7:15 PM,Chicago White Sox,12,Toronto Blue Jays,4,Final,Anthony Kay,Spencer Miles,Tyler Schweitzer,Spencer Miles,
2026-07-17,5:40 PM,7:40 PM,Miami Marlins,1,Milwaukee Brewers,2,Final,Sandy Alcantara,Logan Henderson,Craig Yoho,Lake Bachar,
2026-07-17,6:05 PM,8:05 PM,Minnesota Twins,5,Chicago Cubs,2,Final,Bailey Ober,Colin Rea,Bailey Ober,Colin Rea,Yoendrys Gómez
2026-07-17,6:10 PM,8:10 PM,Baltimore Orioles,3,Houston Astros,2,Final,Dean Kremer,Peter Lambert,Cam Sanders,Bryan King,Tyler Wells
2026-07-17,6:10 PM,8:10 PM,San Diego Padres,6,Kansas City Royals,7,Final,Michael King,Seth Lugo,Lucas Erceg,Kyle Hart,
2026-07-17,6:40 PM,8:40 PM,Cincinnati Reds,7,Colorado Rockies,2,Final,Brady Singer,Gabriel Hughes,Brady Singer,Gabriel Hughes,
2026-07-17,7:38 PM,9:38 PM,Detroit Tigers,2,Los Angeles Angels,1,Final,Troy Melton,Reid Detmers,Keider Montero,Kirby Yates,
2026-07-17,7:40 PM,9:40 PM,Washington Nationals,23,Athletics,4,Final,Cade Cavalli,Gage Jump,Cade Cavalli,Gage Jump,
2026-07-17,7:40 PM,9:40 PM,St. Louis Cardinals,5,Arizona Diamondbacks,4,Final,Michael McGreevy,Merrill Kelly,Luis Gastelum,Paul Sewald,Riley O'Brien
2026-07-17,8:10 PM,10:10 PM,San Francisco Giants,7,Seattle Mariners,0,Final,Landen Roupp,Bryce Miller,Landen Roupp,Bryce Miller,
2026-07-18,11:10 AM,1:10 PM,Pittsburgh Pirates,7,Cleveland Guardians,1,Final,Jared Jones,Gavin Williams,Jared Jones,Gavin Williams,
2026-07-18,12:20 PM,2:20 PM,Minnesota Twins,2,Chicago Cubs,6,Final,Taj Bradley,Matthew Boyd,Matthew Boyd,Taj Bradley,
2026-07-18,1:05 PM,3:05 PM,New York Mets,1,Philadelphia Phillies,6,Final,Sean Manaea,Jesús Luzardo,Jesús Luzardo,Sean Manaea,
2026-07-18,1:07 PM,3:07 PM,Chicago White Sox,0,Toronto Blue Jays,1,Final,Davis Martin,Shane Bieber,Shane Bieber,Davis Martin,Louis Varland
2026-07-18,1:10 PM,3:10 PM,Cincinnati Reds,3,Colorado Rockies,10,Final,Rhett Lowder,Tomoyuki Sugano,Tomoyuki Sugano,Rhett Lowder,
2026-07-18,2:10 PM,4:10 PM,Baltimore Orioles,4,Houston Astros,2,Final,Trevor Rogers,Spencer Arrighetti,Andrew Kittredge,Enyel De Los Santos,Cam Sanders
2026-07-18,2:10 PM,4:10 PM,San Diego Padres,1,Kansas City Royals,6,Final,Griffin Canning,Randy Dobnak,Daniel Lynch IV,Griffin Canning,
2026-07-18,2:10 PM,4:10 PM,St. Louis Cardinals,3,Arizona Diamondbacks,5,Final,Dustin May,Brandon Pfaadt,Brandon Pfaadt,Dustin May,Paul Sewald
2026-07-18,2:10 PM,4:10 PM,Tampa Bay Rays,6,Boston Red Sox,7,Final,Ian Seymour,Patrick Sandoval,Ryan Watson,Garrett Cleavinger,Aroldis Chapman
2026-07-18,2:10 PM,4:10 PM,Texas Rangers,7,Atlanta Braves,6,Final,MacKenzie Gore,Owen Murphy,MacKenzie Gore,Tyler Kinley,Jacob Latz
2026-07-18,2:10 PM,4:10 PM,Miami Marlins,6,Milwaukee Brewers,8,Final,Max Meyer,Shane Drohan,Shane Drohan,Calvin Faucher,Trevor Megill
2026-07-18,5:10 PM,7:10 PM,Pittsburgh Pirates,3,Cleveland Guardians,5,Final,Mason Montgomery,Logan Allen,Cade Smith,Dennis Santana,
2026-07-18,6:08 PM,8:08 PM,San Francisco Giants,3,Seattle Mariners,4,Final,Logan Webb,Bryan Woo,José A. Ferrer,Dylan Smith,
2026-07-18,8:05 PM,10:05 PM,Washington Nationals,1,Athletics,15,Final,Zack Littell,J.T. Ginn,J.T. Ginn,Zack Littell,
2026-07-18,8:07 PM,10:07 PM,Detroit Tigers,7,Los Angeles Angels,0,Final,Tarik Skubal,Grayson Rodriguez,Tarik Skubal,Grayson Rodriguez,
2026-07-19,10:15 AM,12:15 PM,Chicago White Sox,3,Toronto Blue Jays,0,Final,Sean Burke,Trey Yesavage,Sean Burke,Trey Yesavage,Grant Taylor
2026-07-19,10:35 AM,12:35 PM,Los Angeles Dodgers,8,New York Yankees,2,Final,Yoshinobu Yamamoto,Cam Schlittler,Yoshinobu Yamamoto,Cam Schlittler,
2026-07-19,11:35 AM,1:35 PM,Tampa Bay Rays,1,Boston Red Sox,6,Final,Shane McClanahan,Sonny Gray,Sonny Gray,Shane McClanahan,
2026-07-19,11:35 AM,1:35 PM,New York Mets,6,Philadelphia Phillies,1,Final,Nolan McLean,Alan Rangel,Nolan McLean,Alan Rangel,
2026-07-19,11:35 AM,1:35 PM,Texas Rangers,5,Atlanta Braves,8,Final,Nathan Eovaldi,Grant Holmes,Grant Holmes,Nathan Eovaldi,
2026-07-19,11:40 AM,1:40 PM,Pittsburgh Pirates,7,Cleveland Guardians,1,Final,Paul Skenes,Joey Cantillo,Paul Skenes,Joey Cantillo,
2026-07-19,12:10 PM,2:10 PM,Baltimore Orioles,5,Houston Astros,2,Final,Brandon Young,Hunter Brown,Brandon Young,Hunter Brown,Grant Wolfram
2026-07-19,12:10 PM,2:10 PM,San Diego Padres,19,Kansas City Royals,2,Final,Germán Márquez,Noah Cameron,Yuki Matsui,Noah Cameron,
2026-07-19,12:10 PM,2:10 PM,Miami Marlins,1,Milwaukee Brewers,3,Final,Eury Pérez,Robert Gasser,Grant Anderson,Pete Fairbanks,
2026-07-19,12:20 PM,2:20 PM,Minnesota Twins,1,Chicago Cubs,10,Final,Zebby Matthews,Shota Imanaga,Shota Imanaga,Zebby Matthews,
2026-07-19,1:10 PM,3:10 PM,Cincinnati Reds,9,Colorado Rockies,6,Final,Hunter Greene,Ryan Feltner,Hunter Greene,Ryan Feltner,
2026-07-19,2:05 PM,4:05 PM,Washington Nationals,5,Athletics,2,Final,Foster Griffin,Jacob Lopez,Foster Griffin,Jacob Lopez,Clayton Beeter
2026-07-19,2:07 PM,4:07 PM,Detroit Tigers,2,Los Angeles Angels,3,Final,Casey Mize,Ryan Johnson,Ryan Johnson,Drew Anderson,Ryan Zeferjahn
2026-07-19,2:10 PM,4:10 PM,San Francisco Giants,3,Seattle Mariners,6,Final,Robbie Ray,Logan Gilbert,Logan Gilbert,Adrian Houser,Andrés Muñoz
2026-07-19,2:10 PM,4:10 PM,St. Louis Cardinals,7,Arizona Diamondbacks,8,Final,Andre Pallante,Eduardo Rodriguez,Juan Morillo,Luis Gastelum,
2026-07-19,5:20 PM,7:20 PM,Los Angeles Dodgers,1,New York Yankees,2,Final,Will Klein,Ryan Yarbrough,David Bednar,Evan Phillips,
2026-07-20,4:40 PM,6:40 PM,Minnesota Twins,4,Cleveland Guardians,13,Final,Joe Ryan,Tanner Bibee,Tanner Bibee,Joe Ryan,
2026-07-20,5:05 PM,7:05 PM,Pittsburgh Pirates,5,New York Yankees,8,Final,Braxton Ashcraft,Ryan Weathers,Angel Chivilli,Braxton Ashcraft,Fernando Cruz
2026-07-20,5:07 PM,7:07 PM,Tampa Bay Rays,7,Toronto Blue Jays,1,Final,Nick Martinez,Dylan Cease,Nick Martinez,Dylan Cease,
2026-07-20,5:10 PM,7:10 PM,Baltimore Orioles,5,Boston Red Sox,6,Final,Shane Baz,Payton Tolle,Garrett Whitlock,Tyler Wells,Aroldis Chapman
2026-07-20,5:10 PM,7:10 PM,Los Angeles Dodgers,7,Philadelphia Phillies,10,Final,Emmet Sheehan,Cristopher Sánchez,Cristopher Sánchez,Emmet Sheehan,
2026-07-20,5:15 PM,7:15 PM,San Diego Padres,2,Atlanta Braves,3,Final,JP Sears,Bryce Elder,Bryce Elder,JP Sears,Victor Mederos
2026-07-20,5:40 PM,7:40 PM,San Francisco Giants,3,Kansas City Royals,4,Final,Trevor McDonald,Michael Wacha,Alex Lange,Caleb Kilian,
2026-07-20,5:40 PM,7:40 PM,New York Mets,3,Milwaukee Brewers,8,Final,Freddy Peralta,Jacob Misiorowski,Craig Yoho,Freddy Peralta,
2026-07-20,6:05 PM,8:05 PM,Detroit Tigers,8,Chicago Cubs,6,Final,Jack Flaherty,Jameson Taillon,Kenley Jansen,Trent Thornton,Tyler Holton
2026-07-20,6:05 PM,8:05 PM,Chicago White Sox,10,Texas Rangers,3,Final,Erick Fedde,Jacob deGrom,Chris Murphy,Jacob deGrom,
2026-07-20,6:10 PM,8:10 PM,Miami Marlins,5,Houston Astros,8,Final,Janson Junk,Ronel Blanco,Enyel De Los Santos,Janson Junk,
2026-07-20,6:40 PM,8:40 PM,Washington Nationals,7,Colorado Rockies,3,Final,Andrew Alvarez,Kyle Freeland,Riley Cornelio,Kyle Freeland,Tom Cosgrove
2026-07-20,7:40 PM,9:40 PM,Athletics,5,Arizona Diamondbacks,2,Final,Jeffrey Springs,Mitch Bratt,Luis Medina,Kevin Ginkel,Hogan Harris
2026-07-20,7:40 PM,9:40 PM,Cincinnati Reds,0,Seattle Mariners,8,Final,Andrew Abbott,George Kirby,George Kirby,Andrew Abbott,
2026-07-20,8:10 PM,10:10 PM,St. Louis Cardinals,2,Los Angeles Angels,3,Final,Kyle Leahy,José Soriano,José Fermin,Riley O'Brien,
2026-07-21,4:40 PM,6:40 PM,Minnesota Twins,2,Cleveland Guardians,5,Final,Kendry Rojas,Parker Messick,Colin Holderman,Mike Paredes,Cade Smith
2026-07-21,4:40 PM,6:40 PM,Los Angeles Dodgers,2,Philadelphia Phillies,1,Final,Justin Wrobleski,Zack Wheeler,Justin Wrobleski,Zack Wheeler,Tanner Scott
2026-07-21,5:07 PM,7:07 PM,Tampa Bay Rays,12,Toronto Blue Jays,2,Final,Drew Rasmussen,Kevin Gausman,Drew Rasmussen,Kevin Gausman,
2026-07-21,5:15 PM,7:15 PM,San Diego Padres,8,Atlanta Braves,3,Final,Walker Buehler,Reynaldo López,Walker Buehler,Reynaldo López,
2026-07-21,5:40 PM,7:40 PM,San Francisco Giants,2,Kansas City Royals,3,Final,Tyler Mahle,Luinder Avila,Luinder Avila,Tyler Mahle,Alex Lange
2026-07-21,5:40 PM,7:40 PM,New York Mets,4,Milwaukee Brewers,0,Final,Zac Thornton,Brandon Sproat,Zac Thornton,Brandon Sproat,
2026-07-21,6:05 PM,8:05 PM,Detroit Tigers,2,Chicago Cubs,11,Final,Framber Valdez,David Peterson,David Peterson,Framber Valdez,
2026-07-21,6:05 PM,8:05 PM,Chicago White Sox,0,Texas Rangers,10,Final,Noah Schultz,Kumar Rocker,Kumar Rocker,Noah Schultz,Marco Gonzales
2026-07-21,6:10 PM,8:10 PM,Miami Marlins,3,Houston Astros,5,Final,Tyler Phillips,Tatsuya Imai,Tatsuya Imai,Tyler Phillips,Josh Hader
2026-07-21,6:40 PM,8:40 PM,Washington Nationals,7,Colorado Rockies,8,Final,Carson Palmquist,Michael Lorenzen,Juan Mejia,Clayton Beeter,Jordan Romano
2026-07-21,7:38 PM,9:38 PM,St. Louis Cardinals,1,Los Angeles Angels,5,Final,Matthew Liberatore,Walbert Ureña,Walbert Ureña,Matthew Liberatore,
2026-07-21,7:40 PM,9:40 PM,Athletics,5,Arizona Diamondbacks,6,Final,Jack Perkins,Kohl Drake,Kevin Ginkel,Luis Medina,
2026-07-21,7:40 PM,9:40 PM,Cincinnati Reds,4,Seattle Mariners,2,Final,Chase Burns,Luis Castillo,Chase Burns,Luis Castillo,Emilio Pagán
2026-07-22,11:05 AM,1:05 PM,Pittsburgh Pirates,5,New York Yankees,3,Final,Mitch Keller,Gerrit Cole,Mason Montgomery,Fernando Cruz,Gregory Soto
2026-07-22,11:35 AM,1:35 PM,Baltimore Orioles,3,Boston Red Sox,6,Final,Dean Kremer,Jake Bennett,Jake Bennett,Dean Kremer,Aroldis Chapman
2026-07-22,12:10 PM,2:10 PM,San Francisco Giants,4,Kansas City Royals,5,Final,Landen Roupp,Seth Lugo,Seth Lugo,Sam Hentges,Steven Cruz
2026-07-22,12:10 PM,2:10 PM,New York Mets,3,Milwaukee Brewers,4,Final,Christian Scott,Logan Henderson,Logan Henderson,Christian Scott,Trevor Megill
2026-07-22,1:10 PM,3:10 PM,Washington Nationals,8,Colorado Rockies,0,Final,Cade Cavalli,Gabriel Hughes,Cade Cavalli,Gabriel Hughes,
2026-07-22,1:40 PM,3:40 PM,Athletics,5,Arizona Diamondbacks,15,Final,Gage Jump,Merrill Kelly,Merrill Kelly,Gage Jump,
2026-07-22,1:40 PM,3:40 PM,Cincinnati Reds,5,Seattle Mariners,3,Final,Brady Singer,Emerson Hancock,Brady Singer,Eduard Bazardo,Emilio Pagán
2026-07-22,2:07 PM,4:07 PM,St. Louis Cardinals,1,Los Angeles Angels,0,Final,Hunter Dobbins,Reid Detmers,Hunter Dobbins,Reid Detmers,Riley O'Brien
2026-07-22,4:40 PM,6:40 PM,Minnesota Twins,10,Cleveland Guardians,6,Final,Bailey Ober,Slade Cecconi,Travis Adams,Slade Cecconi,
2026-07-22,4:40 PM,6:40 PM,Los Angeles Dodgers,9,Philadelphia Phillies,5,Final,Eric Lauer,Aaron Nola,Eric Lauer,Aaron Nola,
2026-07-22,5:05 PM,7:05 PM,Pittsburgh Pirates,0,New York Yankees,2,Final,Bubba Chandler,Max Fried,Paul Blackburn,Brandon Eisert,Tim Hill
2026-07-22,5:07 PM,7:07 PM,Tampa Bay Rays,4,Toronto Blue Jays,2,Final,Griffin Jax,Braydon Fisher,Griffin Jax,Jeff Hoffman,Bryan Baker
2026-07-22,5:10 PM,7:10 PM,Baltimore Orioles,5,Boston Red Sox,1,Final,Kyle Bradish,Eduardo Rivera,Kyle Bradish,Eduardo Rivera,
2026-07-22,5:15 PM,7:15 PM,San Diego Padres,6,Atlanta Braves,7,Final,Michael King,Martín Pérez,Dylan Lee,Wandy Peralta,Raisel Iglesias
2026-07-22,6:05 PM,8:05 PM,Chicago White Sox,4,Texas Rangers,2,Final,Anthony Kay,Tyler Alexander,Anthony Kay,Cal Quantrill,Bryan Hudson
2026-07-22,6:10 PM,8:10 PM,Detroit Tigers,5,Chicago Cubs,1,Final,Keider Montero,Colin Rea,Keider Montero,Colin Rea,
2026-07-22,6:10 PM,8:10 PM,Miami Marlins,2,Houston Astros,5,Final,Sandy Alcantara,Peter Lambert,Steven Okert,Sandy Alcantara,Bryan Abreu
2026-07-23,10:15 AM,12:15 PM,San Diego Padres,5,Atlanta Braves,6,Final,Kyle Hart,Chris Sale,Chris Sale,Griffin Canning,Raisel Iglesias
2026-07-23,11:10 AM,1:10 PM,Minnesota Twins,3,Cleveland Guardians,1,Final,Taj Bradley,Gavin Williams,Taylor Rogers,Erik Sabrowski,Jack Anderson
2026-07-23,1:07 PM,3:07 PM,Tampa Bay Rays,1,Toronto Blue Jays,3,Final,Casey Legumina,Shane Bieber,Shane Bieber,Ian Seymour,Louis Varland
2026-07-23,3:15 PM,5:15 PM,Arizona Diamondbacks,10,St. Louis Cardinals,6,Final,Brandon Pfaadt,Michael McGreevy,Brandon Pfaadt,Michael McGreevy,
2026-07-23,4:40 PM,6:40 PM,Kansas City Royals,3,Detroit Tigers,4,Final,Randy Dobnak,Troy Melton,Drew Anderson,Steven Cruz,Kyle Finnegan
2026-07-24,2:10 PM,4:10 PM,Colorado Rockies,5,Milwaukee Brewers,2,Final,Tomoyuki Sugano,Shane Drohan,Tomoyuki Sugano,Shane Drohan,Jordan Romano
2026-07-24,4:40 PM,6:40 PM,Kansas City Royals,1,Detroit Tigers,2,Final,Beck Way,Tarik Skubal,Tarik Skubal,Beck Way,Kenley Jansen
2026-07-24,4:40 PM,6:40 PM,Chicago Cubs,3,Pittsburgh Pirates,2,Final,Matthew Boyd,Jared Jones,Caleb Thielbar,Yohan Ramírez,Gavin Hollowell
2026-07-24,4:45 PM,6:45 PM,Arizona Diamondbacks,3,Washington Nationals,2,Final,Eduardo Rodriguez,Carson Palmquist,Eduardo Rodriguez,Zack Littell,Paul Sewald
2026-07-24,4:45 PM,6:45 PM,New York Yankees,1,Philadelphia Phillies,0,Final,Cam Schlittler,Jesús Luzardo,Cam Schlittler,Jesús Luzardo,David Bednar
2026-07-24,5:05 PM,7:05 PM,Atlanta Braves,7,Baltimore Orioles,6,Final,Grant Holmes,Trevor Rogers,Elieser Hernández,Andrew Kittredge,
2026-07-24,5:10 PM,7:10 PM,Los Angeles Dodgers,4,New York Mets,2,Final,Roki Sasaki,Sean Manaea,Roki Sasaki,Brooks Raley,Tanner Scott
2026-07-24,5:10 PM,7:10 PM,Cleveland Guardians,3,Tampa Bay Rays,11,Final,Joey Cantillo,Shane McClanahan,Shane McClanahan,Joey Cantillo,Chris Roycroft
2026-07-24,5:10 PM,7:10 PM,San Diego Padres,4,Miami Marlins,2,Final,Germán Márquez,Ryan Gusto,Adrian Morejon,Tyler Zuber,Mason Miller
2026-07-24,5:15 PM,7:15 PM,Toronto Blue Jays,4,Boston Red Sox,6,Final,Trey Yesavage,Patrick Sandoval,Garrett Whitlock,CJ Van Eyk,Aroldis Chapman
2026-07-24,5:40 PM,7:40 PM,Houston Astros,9,Chicago White Sox,5,Final,Spencer Arrighetti,Davis Martin,Kai-Wei Teng,Bryan Hudson,
2026-07-24,6:05 PM,8:05 PM,Seattle Mariners,4,Texas Rangers,5,Final,Bryce Miller,MacKenzie Gore,Peyton Gray,Bryce Miller,Jacob Latz
2026-07-24,6:10 PM,8:10 PM,Athletics,2,Minnesota Twins,0,Final,Jacob Lopez,Zebby Matthews,Jacob Lopez,Zebby Matthews,Hogan Harris
2026-07-24,6:15 PM,8:15 PM,Cincinnati Reds,4,St. Louis Cardinals,2,Final,Rhett Lowder,Dustin May,Julian Garcia,George Soriano,Emilio Pagán
2026-07-24,8:15 PM,10:15 PM,Los Angeles Angels,6,San Francisco Giants,7,Final,Grayson Rodriguez,Logan Webb,Caleb Kilian,Chase Silseth,
2026-07-25,11:10 AM,1:10 PM,Kansas City Royals,3,Detroit Tigers,2,Final,Michael Wacha,Casey Mize,Daniel Lynch IV,Jacob Waguespack,Alex Lange
2026-07-25,2:05 PM,4:05 PM,Arizona Diamondbacks,3,Washington Nationals,5,Final,Mitch Bratt,Foster Griffin,Foster Griffin,Mitch Bratt,Clayton Beeter
2026-07-25,2:05 PM,4:05 PM,Los Angeles Angels,2,San Francisco Giants,9,Final,Ryan Johnson,Robbie Ray,Robbie Ray,Ryan Johnson,
2026-07-25,2:10 PM,4:10 PM,Toronto Blue Jays,6,Boston Red Sox,0,Final,Dylan Cease,Sonny Gray,Dylan Cease,Sonny Gray,
2026-07-25,2:10 PM,4:10 PM,San Diego Padres,7,Miami Marlins,2,Final,Randy Vásquez,Eury Pérez,JP Sears,Eury Pérez,
2026-07-25,4:05 PM,6:05 PM,New York Yankees,3,Philadelphia Phillies,1,Final,Ryan Weathers,Tim Mayza,Ryan Weathers,Kyle Backhus,David Bednar
2026-07-25,4:10 PM,6:10 PM,Cleveland Guardians,0,Tampa Bay Rays,3,Final,Tanner Bibee,Nick Martinez,Nick Martinez,Tanner Bibee,Bryan Baker
2026-07-25,4:40 PM,6:40 PM,Chicago Cubs,11,Pittsburgh Pirates,0,Final,Shota Imanaga,Paul Skenes,Shota Imanaga,Paul Skenes,Javier Assad
2026-07-25,5:05 PM,7:05 PM,Atlanta Braves,2,Baltimore Orioles,3,Final,Bryce Elder,Brandon Young,Yennier Cano,Didier Fuentes,
2026-07-25,5:10 PM,7:10 PM,Athletics,0,Minnesota Twins,2,Final,Brady Basso,Kendry Rojas,Taylor Rogers,Mason Barnett,Yoendrys Gómez
2026-07-25,5:10 PM,7:10 PM,Houston Astros,4,Chicago White Sox,1,Final,Hunter Brown,Sean Burke,Hunter Brown,Sean Burke,Josh Hader
2026-07-25,5:10 PM,7:10 PM,Colorado Rockies,5,Milwaukee Brewers,8,Final,Ryan Feltner,Robert Gasser,Robert Gasser,Ryan Feltner,Trevor Megill
2026-07-25,5:15 PM,7:15 PM,Los Angeles Dodgers,4,New York Mets,3,Final,Yoshinobu Yamamoto,Nolan McLean,Yoshinobu Yamamoto,Nolan McLean,Brock Stewart
2026-07-25,5:15 PM,7:15 PM,Cincinnati Reds,0,St. Louis Cardinals,7,Final,Hunter Greene,Andre Pallante,Andre Pallante,Hunter Greene,
2026-07-25,5:15 PM,7:15 PM,Seattle Mariners,1,Texas Rangers,7,Final,Bryan Woo,Nathan Eovaldi,Nathan Eovaldi,Bryan Woo,
2026-07-26,10:15 AM,12:15 PM,Cleveland Guardians,0,Tampa Bay Rays,1,Final,Parker Messick,Drew Rasmussen,Drew Rasmussen,Parker Messick,Bryan Baker
2026-07-26,11:35 AM,1:35 PM,Arizona Diamondbacks,7,Washington Nationals,10,Final,Kohl Drake,Miles Mikolas,Riley Cornelio,Jonathan Loáisiga,Clayton Beeter
2026-07-26,11:35 AM,1:35 PM,Chicago Cubs,7,Pittsburgh Pirates,8,Final,Jameson Taillon,Braxton Ashcraft,Braxton Ashcraft,Jameson Taillon,Mason Montgomery
2026-07-26,11:35 AM,1:35 PM,Toronto Blue Jays,1,Boston Red Sox,6,Final,Kevin Gausman,Ranger Suarez,Greg Weissert,Kevin Gausman,
2026-07-26,11:35 AM,1:35 PM,Atlanta Braves,3,Baltimore Orioles,2,Final,Reynaldo López,Shane Baz,Tyler Kinley,Andrew Kittredge,
2026-07-26,11:40 AM,1:40 PM,Kansas City Royals,5,Detroit Tigers,4,Final,Luinder Avila,Framber Valdez,Nate Pearson,Drew Sommers,Steven Cruz
2026-07-26,11:40 AM,1:40 PM,Los Angeles Dodgers,3,New York Mets,8,Final,Emmet Sheehan,Freddy Peralta,Cionel Pérez,Evan Phillips,
2026-07-26,11:40 AM,1:40 PM,San Diego Padres,5,Miami Marlins,3,Final,Walker Buehler,Janson Junk,Wandy Peralta,Lake Bachar,Mason Miller
2026-07-26,12:10 PM,2:10 PM,Athletics,8,Minnesota Twins,11,Final,Jeffrey Springs,Connor Prielipp,Connor Prielipp,Jeffrey Springs,
2026-07-26,12:10 PM,2:10 PM,Houston Astros,3,Chicago White Sox,12,Final,Ronel Blanco,Erick Fedde,Sean Newcomb,Ronel Blanco,
2026-07-26,12:10 PM,2:10 PM,Colorado Rockies,2,Milwaukee Brewers,11,Final,Kyle Freeland,Jacob Misiorowski,Jacob Misiorowski,Kyle Freeland,
2026-07-26,12:15 PM,2:15 PM,Cincinnati Reds,5,St. Louis Cardinals,3,Final,Andrew Abbott,Kyle Leahy,Brock Burke,Matt Svanson,Julian Garcia
2026-07-26,12:35 PM,2:35 PM,Seattle Mariners,6,Texas Rangers,4,Final,Logan Gilbert,Jacob deGrom,Gabe Speier,Cole Winn,Andrés Muñoz
2026-07-26,2:05 PM,4:05 PM,Los Angeles Angels,4,San Francisco Giants,3,Final,José Soriano,Carson Whisenhunt,José Soriano,Carson Whisenhunt,Mitch Farris
2026-07-26,5:20 PM,7:20 PM,New York Yankees,4,Philadelphia Phillies,11,Final,Will Warren,Cristopher Sánchez,Cristopher Sánchez,Will Warren,
2026-07-27,12:35 PM,2:35 PM,Seattle Mariners,3,Texas Rangers,7,Final,George Kirby,Kumar Rocker,Kumar Rocker,George Kirby,
2026-07-27,4:40 PM,6:40 PM,Baltimore Orioles,8,Detroit Tigers,5,Final,Kyle Bradish,Keider Montero,Grant Wolfram,Keider Montero,Rico Garcia
2026-07-27,4:40 PM,6:40 PM,Arizona Diamondbacks,2,Pittsburgh Pirates,3,Final,Merrill Kelly,Mitch Keller,Mason Montgomery,Taylor Clarke,
2026-07-27,4:40 PM,6:40 PM,Philadelphia Phillies,7,Miami Marlins,8,Final,Zack Wheeler,Tyler Phillips,Calvin Faucher,Jhoan Duran,
2026-07-27,4:45 PM,6:45 PM,Toronto Blue Jays,3,Washington Nationals,2,Final,Max Scherzer,Eddy Yean,Mason Fluharty,Eddy Yean,Louis Varland
2026-07-27,5:10 PM,7:10 PM,Atlanta Braves,3,New York Mets,14,Final,Martín Pérez,Zac Thornton,Zac Thornton,Connor Thomas,
2026-07-27,5:40 PM,7:40 PM,New York Yankees,9,Chicago White Sox,5,Final,Max Fried,Noah Schultz,Brent Headrick,Bryan Hudson,David Bednar
2026-07-27,5:45 PM,7:45 PM,Chicago Cubs,7,St. Louis Cardinals,3,Final,David Peterson,Matthew Liberatore,David Peterson,Matthew Liberatore,
2026-07-27,7:38 PM,9:38 PM,Houston Astros,6,Los Angeles Angels,4,Final,Tatsuya Imai,Walbert Ureña,Cristian Javier,José Fermin,Josh Hader
2026-07-27,7:40 PM,9:40 PM,Boston Red Sox,4,Athletics,2,Final,Payton Tolle,Jack Perkins,Payton Tolle,Jack Perkins,Aroldis Chapman
2026-07-27,7:45 PM,9:45 PM,Milwaukee Brewers,0,San Francisco Giants,3,Final,Brandon Sproat,Tyler Mahle,Tyler Mahle,Brandon Sproat,Erik Miller
2026-07-28,11:40 AM,1:40 PM,Cleveland Guardians,6,Cincinnati Reds,5,Final,Slade Cecconi,Chase Burns,Colin Holderman,Sam Moll,Cade Smith
2026-07-28,4:40 PM,6:40 PM,Baltimore Orioles,0,Detroit Tigers,14,Final,Dean Kremer,Troy Melton,Troy Melton,Dean Kremer,
2026-07-28,4:40 PM,6:40 PM,Arizona Diamondbacks,8,Pittsburgh Pirates,7,Final,Brandon Pfaadt,Bubba Chandler,Gerardo Carrillo,Wilber Dotel,
2026-07-28,4:40 PM,6:40 PM,Texas Rangers,4,Tampa Bay Rays,1,Final,Cal Quantrill,Griffin Jax,Cal Quantrill,Griffin Jax,Jacob Latz
2026-07-28,4:40 PM,6:40 PM,Philadelphia Phillies,0,Miami Marlins,1,Final,Aaron Nola,Sandy Alcantara,Sandy Alcantara,Aaron Nola,Pete Fairbanks
2026-07-28,4:45 PM,6:45 PM,Toronto Blue Jays,6,Washington Nationals,8,Final,Shane Bieber,Cade Cavalli,Cade Cavalli,Shane Bieber,Clayton Beeter
2026-07-28,5:10 PM,7:10 PM,Cleveland Guardians,0,Cincinnati Reds,2,Final,Gavin Williams,Caleb Ferguson,Jose Franco,Gavin Williams,Emilio Pagán
2026-07-28,5:40 PM,7:40 PM,Kansas City Royals,2,Minnesota Twins,3,Final,Seth Lugo,Taj Bradley,Jack Anderson,Alex Lange,
2026-07-28,5:40 PM,7:40 PM,New York Yankees,3,Chicago White Sox,2,Final,Gerrit Cole,Anthony Kay,Gerrit Cole,Anthony Kay,David Bednar
2026-07-28,5:45 PM,7:45 PM,Chicago Cubs,10,St. Louis Cardinals,2,Final,Colin Rea,Michael McGreevy,Colin Rea,Michael McGreevy,
2026-07-28,7:38 PM,9:38 PM,Houston Astros,3,Los Angeles Angels,2,Final,Peter Lambert,Reid Detmers,Steven Okert,Mitch Farris,Josh Hader
2026-07-28,7:40 PM,9:40 PM,Boston Red Sox,3,Athletics,4,Final,Jake Bennett,Gage Jump,Gage Jump,Jake Bennett,Hogan Harris
2026-07-28,7:40 PM,9:40 PM,Colorado Rockies,7,San Diego Padres,8,Final,Michael Lorenzen,Michael King,Mason Miller,Jimmy Herget,
2026-07-28,7:45 PM,9:45 PM,Milwaukee Brewers,8,San Francisco Giants,2,Final,Logan Henderson,Landen Roupp,Logan Henderson,Landen Roupp,
2026-07-28,8:10 PM,10:10 PM,Seattle Mariners,7,Los Angeles Dodgers,6,Final,Luis Castillo,Justin Wrobleski,José A. Ferrer,Brock Stewart,Andrés Muñoz
2026-07-29,10:10 AM,12:10 PM,Philadelphia Phillies,6,Miami Marlins,8,Final,Jesús Luzardo,Ryan Gusto,Tyler Zuber,Jonathan Bowlan,Pete Fairbanks
2026-07-29,10:35 AM,12:35 PM,Arizona Diamondbacks,3,Pittsburgh Pirates,0,Final,Eduardo Rodriguez,Jared Jones,Eduardo Rodriguez,Jared Jones,Brandyn Garcia
2026-07-29,11:05 AM,1:05 PM,Toronto Blue Jays,5,Washington Nationals,2,Final,Trey Yesavage,Zack Littell,Trey Yesavage,Orlando Ribalta,Louis Varland
2026-07-29,11:10 AM,1:10 PM,Baltimore Orioles,10,Detroit Tigers,9,Final,Trevor Rogers,Tarik Skubal,Grant Wolfram,Drew Sommers,Andrew Kittredge
2026-07-29,11:10 AM,1:10 PM,Atlanta Braves,2,New York Mets,3,Final,AJ Smith-Shawver,Sean Manaea,Huascar Brazobán,Dylan Dodd,Devin Williams
2026-07-29,1:45 PM,3:45 PM,Milwaukee Brewers,3,San Francisco Giants,16,Final,Thomas Pannone,Logan Webb,Logan Webb,Thomas Pannone,
2026-07-29,2:10 PM,4:10 PM,Colorado Rockies,1,San Diego Padres,3,Final,Gabriel Hughes,Kyle Hart,Griffin Canning,Gabriel Hughes,Mason Miller
2026-07-29,4:40 PM,6:40 PM,Texas Rangers,0,Tampa Bay Rays,3,Final,MacKenzie Gore,Casey Legumina,Ian Seymour,MacKenzie Gore,Bryan Baker
2026-07-29,5:10 PM,7:10 PM,Atlanta Braves,1,New York Mets,0,Final,Chris Sale,Christian Scott,Chris Sale,Christian Scott,Raisel Iglesias
2026-07-29,5:10 PM,7:10 PM,Cleveland Guardians,6,Cincinnati Reds,1,Final,Joey Cantillo,Brady Singer,Erik Sabrowski,Brady Singer,
2026-07-29,5:40 PM,7:40 PM,Kansas City Royals,4,Minnesota Twins,0,Final,Randy Dobnak,Joe Ryan,Randy Dobnak,Joe Ryan,
2026-07-29,5:40 PM,7:40 PM,New York Yankees,5,Chicago White Sox,6,Final,Cam Schlittler,Davis Martin,Jordan Hicks,Ryan Yarbrough,
2026-07-29,5:45 PM,7:45 PM,Chicago Cubs,2,St. Louis Cardinals,3,Final,Matthew Boyd,Dustin May,Luis Gastelum,Trent Thornton,
2026-07-29,7:38 PM,9:38 PM,Houston Astros,7,Los Angeles Angels,4,Final,Hayden Wesneski,Grayson Rodriguez,Hayden Wesneski,Mitch Farris,Bryan Abreu
2026-07-29,7:40 PM,9:40 PM,Boston Red Sox,4,Athletics,2,Final,Patrick Sandoval,Jacob Lopez,Aroldis Chapman,José Suarez,Greg Weissert
2026-07-29,8:10 PM,10:10 PM,Seattle Mariners,2,Los Angeles Dodgers,4,Final,Emerson Hancock,Eric Lauer,Eric Lauer,Emerson Hancock,Edwin Díaz
2026-07-30,10:10 AM,12:10 PM,Texas Rangers,2,Tampa Bay Rays,3,Final,Cole Winn,Shane McClanahan,Garrett Cleavinger,Ben Peoples,Bryan Baker
2026-07-30,11:40 AM,1:40 PM,Kansas City Royals,3,Minnesota Twins,4,Final,Noah Cameron,Bailey Ober,Yoendrys Gómez,Matt Strahm,
2026-07-30,12:10 PM,2:10 PM,New York Yankees,1,Chicago White Sox,2,Final,Ryan Weathers,Sean Burke,Seranthony Domínguez,Fernando Cruz,
2026-07-30,12:15 PM,2:15 PM,Chicago Cubs,4,St. Louis Cardinals,2,Final,Javier Assad,Andre Pallante,Jacob Webb,Luis Gastelum,Aaron Civale
2026-07-30,5:10 PM,7:10 PM,Pittsburgh Pirates,2,Cincinnati Reds,3,Final,Yohan Ramírez,Rhett Lowder,Emilio Pagán,Gregory Soto,
2026-07-30,5:10 PM,7:10 PM,Miami Marlins,2,New York Mets,4,Final,Eury Pérez,Nolan McLean,Brooks Raley,Michael Petersen,Devin Williams
2026-07-30,5:15 PM,7:15 PM,Washington Nationals,4,Atlanta Braves,5,Final,Jake Irvin,Grant Holmes,Victor Mederos,Jake Irvin,Raisel Iglesias
2026-07-30,7:40 PM,9:40 PM,Boston Red Sox,5,Athletics,4,Final,Sonny Gray,Mason Barnett,Sonny Gray,Luis Medina,Aroldis Chapman
2026-07-30,7:40 PM,9:40 PM,San Francisco Giants,4,San Diego Padres,1,Final,Robbie Ray,JP Sears,Robbie Ray,JP Sears,Erik Miller
2026-07-30,8:10 PM,10:10 PM,Seattle Mariners,2,Los Angeles Dodgers,6,Final,Bryan Woo,Roki Sasaki,Roki Sasaki,Bryan Woo,
2026-07-31,12:20 PM,2:20 PM,New York Yankees,2,Chicago Cubs,0,Final,Will Warren,Shota Imanaga,Will Warren,Shota Imanaga,David Bednar
2026-07-31,4:10 PM,6:10 PM,Pittsburgh Pirates,7,Cincinnati Reds,8,Final,Paul Skenes,Hunter Greene,Emilio Pagán,Wilber Dotel,
2026-07-31,5:05 PM,7:05 PM,Philadelphia Phillies,4,Baltimore Orioles,6,Final,Andrew Painter,Brandon Young,Anthony Nunez,Orion Kerkering,Tyler Wells
2026-07-31,5:07 PM,7:07 PM,St. Louis Cardinals,1,Toronto Blue Jays,3,Final,Kyle Leahy,Dylan Cease,Jeff Hoffman,Peter Strzelecki,Louis Varland
2026-07-31,5:10 PM,7:10 PM,Arizona Diamondbacks,4,Cleveland Guardians,1,Final,Mitch Bratt,Tanner Bibee,Jonathan Loáisiga,Tanner Bibee,Brandyn Garcia
2026-07-31,5:10 PM,7:10 PM,Chicago White Sox,6,Tampa Bay Rays,1,Final,Erick Fedde,Nick Martinez,Erick Fedde,Nick Martinez,
2026-07-31,5:10 PM,7:10 PM,Miami Marlins,5,New York Mets,2,Final,Janson Junk,Kodai Senga,Janson Junk,Kodai Senga,Pete Fairbanks
2026-07-31,5:15 PM,7:15 PM,Washington Nationals,2,Atlanta Braves,6,Final,Foster Griffin,Bryce Elder,Bryce Elder,Foster Griffin,Elieser Hernández
2026-07-31,6:15 PM,8:15 PM,Texas Rangers,2,Houston Astros,11,Final,Nathan Eovaldi,Hunter Brown,Hunter Brown,Nathan Eovaldi,
2026-07-31,6:40 PM,8:40 PM,Kansas City Royals,1,Colorado Rockies,3,Final,Michael Wacha,Tomoyuki Sugano,Tomoyuki Sugano,Michael Wacha,Jordan Romano
2026-07-31,7:38 PM,9:38 PM,Milwaukee Brewers,6,Los Angeles Angels,2,Final,Shane Drohan,Ryan Johnson,Shane Drohan,Ryan Johnson,
2026-07-31,7:40 PM,9:40 PM,Detroit Tigers,13,Athletics,1,Final,Tyler Holton,Jeffrey Springs,Ty Madden,Jeffrey Springs,
2026-07-31,7:45 PM,9:45 PM,San Francisco Giants,0,San Diego Padres,7,Final,Carson Whisenhunt,Bradgley Rodriguez,Yuki Matsui,Carson Whisenhunt,Germán Márquez
2026-07-31,8:10 PM,10:10 PM,Boston Red Sox,9,Los Angeles Dodgers,4,Final,Ranger Suarez,Edgardo Henriquez,Brayan Bello,Cole Irvin,
2026-07-31,8:10 PM,10:10 PM,Minnesota Twins,5,Seattle Mariners,3,Final,Zebby Matthews,Bryce Miller,Kody Funderburk,José A. Ferrer,Yoendrys Gómez
2026-08-01,1:07 PM,3:07 PM,St. Louis Cardinals,1,Toronto Blue Jays,5,Final,Quinn Mathews,Kevin Gausman,Kevin Gausman,Quinn Mathews,
2026-08-01,2:10 PM,4:10 PM,Minnesota Twins,3,Seattle Mariners,4,Final,Connor Prielipp,Logan Gilbert,Andrés Muñoz,Andrew Morris,
2026-08-01,2:10 PM,4:10 PM,Chicago White Sox,0,Tampa Bay Rays,1,Final,Jordan Hicks,Drew Rasmussen,Drew Rasmussen,Noah Schultz,Bryan Baker
2026-08-01,2:10 PM,4:10 PM,Miami Marlins,6,New York Mets,2,Final,Tyler Phillips,Zac Thornton,Tyler Phillips,Zac Thornton,Lake Bachar
2026-08-01,4:40 PM,6:40 PM,Pittsburgh Pirates,4,Cincinnati Reds,1,Final,Braxton Ashcraft,Andrew Abbott,Braxton Ashcraft,Andrew Abbott,Gregory Soto
2026-08-01,5:05 PM,7:05 PM,Philadelphia Phillies,5,Baltimore Orioles,0,Final,Cristopher Sánchez,Shane Baz,Cristopher Sánchez,Shane Baz,
2026-08-01,5:10 PM,7:10 PM,Texas Rangers,4,Houston Astros,5,Final,Jacob deGrom,Ronel Blanco,Steven Okert,Jacob deGrom,Josh Hader
2026-08-01,5:15 PM,7:15 PM,Arizona Diamondbacks,12,Cleveland Guardians,8,Final,Kohl Drake,Parker Messick,Gerardo Carrillo,Hunter Gaddis,
2026-08-01,5:15 PM,7:15 PM,Washington Nationals,3,Atlanta Braves,8,Final,Miles Mikolas,Martín Pérez,Martín Pérez,Miles Mikolas,
2026-08-01,5:15 PM,7:15 PM,New York Yankees,2,Chicago Cubs,5,Final,Max Fried,David Peterson,Trent Thornton,Fernando Cruz,Caleb Thielbar
2026-08-01,6:10 PM,8:10 PM,Kansas City Royals,6,Colorado Rockies,12,Final,Luinder Avila,Ryan Feltner,Ryan Feltner,Luinder Avila,
2026-08-01,6:40 PM,8:40 PM,San Francisco Giants,5,San Diego Padres,6,Final,Tyler Mahle,Walker Buehler,Mason Miller,Dylan Smith,
2026-08-01,7:10 PM,9:10 PM,Boston Red Sox,3,Los Angeles Dodgers,2,Final,Payton Tolle,Yoshinobu Yamamoto,Justin Slaten,Yoshinobu Yamamoto,Aroldis Chapman
2026-08-01,7:38 PM,9:38 PM,Milwaukee Brewers,3,Los Angeles Angels,1,Final,Robert Gasser,Brent Suter,Chad Patrick,Samy Natera Jr.,Trevor Megill
2026-08-01,7:40 PM,9:40 PM,Detroit Tigers,8,Athletics,6,Final,Framber Valdez,Jack Perkins,Framber Valdez,Jack Perkins,Kenley Jansen
2026-08-02,11:35 AM,1:35 PM,Philadelphia Phillies,8,Baltimore Orioles,0,Final,Zack Wheeler,Kyle Bradish,Tim Mayza,Kyle Bradish,
2026-08-02,11:35 AM,1:35 PM,Washington Nationals,2,Atlanta Braves,4,Final,Cade Cavalli,JR Ritchie,Dylan Dodd,Cade Cavalli,Raisel Iglesias
2026-08-02,11:37 AM,1:37 PM,St. Louis Cardinals,5,Toronto Blue Jays,1,Final,Matthew Liberatore,Max Scherzer,George Soriano,Louis Varland,
2026-08-02,11:40 AM,1:40 PM,Arizona Diamondbacks,0,Cleveland Guardians,5,Final,Merrill Kelly,Gavin Williams,Gavin Williams,Merrill Kelly,
2026-08-02,11:40 AM,1:40 PM,Pittsburgh Pirates,2,Cincinnati Reds,10,Final,Mitch Keller,Chase Burns,Chase Burns,Mitch Keller,
2026-08-02,11:40 AM,1:40 PM,Chicago White Sox,9,Tampa Bay Rays,1,Final,Anthony Kay,Griffin Jax,Anthony Kay,Griffin Jax,
2026-08-02,11:40 AM,1:40 PM,Miami Marlins,2,New York Mets,0,Final,Sandy Alcantara,Robert Stock,Sandy Alcantara,Robert Stock,Pete Fairbanks
2026-08-02,12:10 PM,2:10 PM,Texas Rangers,3,Houston Astros,7,Final,Kumar Rocker,Peter Lambert,Bryan Abreu,Tyler Alexander,AJ Blubaugh
2026-08-02,12:20 PM,2:20 PM,New York Yankees,2,Chicago Cubs,1,Final,Gerrit Cole,Colin Rea,Gerrit Cole,Colin Rea,David Bednar
2026-08-02,1:10 PM,3:10 PM,Kansas City Royals,1,Colorado Rockies,8,Final,Seth Lugo,Kyle Freeland,Kyle Freeland,Seth Lugo,
2026-08-02,1:15 PM,3:15 PM,Milwaukee Brewers,0,Los Angeles Angels,3,Final,Jacob Misiorowski,Walbert Ureña,Walbert Ureña,Jacob Misiorowski,Ryan Zeferjahn
2026-08-02,2:05 PM,4:05 PM,Detroit Tigers,11,Athletics,0,Final,Keider Montero,Gage Jump,Keider Montero,Gage Jump,
2026-08-02,2:10 PM,4:10 PM,San Francisco Giants,4,San Diego Padres,5,Final,Landen Roupp,Kyle Hart,Griffin Canning,Landen Roupp,Adrian Morejon
2026-08-02,2:10 PM,4:10 PM,Minnesota Twins,6,Seattle Mariners,7,Final,Taj Bradley,George Kirby,Andrés Muñoz,Yoendrys Gómez,
2026-08-02,5:20 PM,7:20 PM,Boston Red Sox,8,Los Angeles Dodgers,4,Final,Jake Bennett,Emmet Sheehan,Jake Bennett,Emmet Sheehan,
2026-08-03,4:40 PM,6:40 PM,Washington Nationals,3,Philadelphia Phillies,6,Final,Andrew Alvarez,Aaron Nola,Kyle Backhus,Tom Cosgrove,Jhoan Duran
2026-08-03,5:05 PM,7:05 PM,St. Louis Cardinals,13,New York Yankees,7,Final,Michael McGreevy,Cam Schlittler,Gordon Graceffo,Angel Chivilli,
2026-08-03,5:40 PM,7:40 PM,Pittsburgh Pirates,4,Milwaukee Brewers,3,Final,Bubba Chandler,Brandon Sproat,Bubba Chandler,Brandon Sproat,Mason Montgomery
2026-08-03,6:05 PM,8:05 PM,Los Angeles Dodgers,5,Chicago Cubs,10,Final,Justin Wrobleski,Matthew Boyd,Matthew Boyd,Justin Wrobleski,
2026-08-03,6:05 PM,8:05 PM,San Francisco Giants,5,Texas Rangers,1,Final,Logan Webb,Cal Quantrill,Logan Webb,Cal Quantrill,
2026-08-03,6:10 PM,8:10 PM,Toronto Blue Jays,3,Houston Astros,1,Final,Shane Bieber,Cristian Javier,Shane Bieber,Cristian Javier,Tyler Rogers
2026-08-03,6:40 PM,8:40 PM,Tampa Bay Rays,13,Colorado Rockies,9,Final,Ian Seymour,Michael Lorenzen,Ian Seymour,Michael Lorenzen,
2026-08-03,7:40 PM,9:40 PM,San Diego Padres,1,Arizona Diamondbacks,5,Final,Michael King,Brandon Pfaadt,Brandon Pfaadt,Michael King,
2026-08-04,4:35 PM,6:35 PM,Los Angeles Angels,1,Baltimore Orioles,3,Final,Grayson Rodriguez,Cade Povich,Cade Povich,Grayson Rodriguez,Yennier Cano
2026-08-04,4:40 PM,6:40 PM,New York Mets,6,Cleveland Guardians,2,Final,Sean Manaea,Joey Cantillo,Sean Manaea,Joey Cantillo,
2026-08-04,4:40 PM,6:40 PM,Athletics,4,Cincinnati Reds,5,Final,J.T. Ginn,Brady Singer,Julian Garcia,Hogan Harris,Emilio Pagán
2026-08-04,4:40 PM,6:40 PM,Washington Nationals,0,Philadelphia Phillies,5,Final,Carson Palmquist,Jesús Luzardo,Jesús Luzardo,Carson Palmquist,
2026-08-04,5:05 PM,7:05 PM,St. Louis Cardinals,0,New York Yankees,2,Final,Hunter Dobbins,Ryan Weathers,Ryan Weathers,Hunter Dobbins,David Bednar
2026-08-04,5:10 PM,7:10 PM,Chicago White Sox,2,Boston Red Sox,14,Final,Davis Martin,Patrick Sandoval,Patrick Sandoval,Davis Martin,Brayan Bello
2026-08-04,5:15 PM,7:15 PM,Miami Marlins,2,Atlanta Braves,4,Final,Ryan Gusto,Grant Holmes,Grant Holmes,Ryan Gusto,
2026-08-04,5:40 PM,7:40 PM,Minnesota Twins,2,Kansas City Royals,8,Final,Joe Ryan,Randy Dobnak,Randy Dobnak,Joe Ryan,
2026-08-04,5:40 PM,7:40 PM,Pittsburgh Pirates,2,Milwaukee Brewers,4,Final,Jared Jones,Logan Henderson,Logan Henderson,Jared Jones,Trevor Megill
2026-08-04,6:05 PM,8:05 PM,Los Angeles Dodgers,1,Chicago Cubs,5,Final,Tarik Skubal,Javier Assad,Ryan Rolison,Tarik Skubal,
2026-08-04,6:05 PM,8:05 PM,San Francisco Giants,4,Texas Rangers,5,Final,Blade Tidwell,MacKenzie Gore,Jacob Latz,Dylan Smith,
2026-08-04,6:10 PM,8:10 PM,Toronto Blue Jays,2,Houston Astros,7,Final,Trey Yesavage,Hayden Wesneski,Hayden Wesneski,Chad Dallas,
2026-08-04,6:40 PM,8:40 PM,Tampa Bay Rays,9,Colorado Rockies,7,Final,Freddy Peralta,Gabriel Hughes,Garrett Cleavinger,Nick Frasso,Bryan Baker
2026-08-04,7:40 PM,9:40 PM,San Diego Padres,9,Arizona Diamondbacks,4,Final,Randy Vásquez,Eduardo Rodriguez,Randy Vásquez,Eduardo Rodriguez,
2026-08-04,7:40 PM,9:40 PM,Detroit Tigers,8,Seattle Mariners,0,Final,Troy Melton,Emerson Hancock,Troy Melton,Emerson Hancock,
2026-08-05,12:10 PM,2:10 PM,Toronto Blue Jays,5,Houston Astros,4,Final,Jameson Taillon,Hunter Brown,Louis Varland,Bennett Sousa,Chase Lee
2026-08-05,12:20 PM,2:20 PM,Los Angeles Dodgers,6,Chicago Cubs,7,Final,Eric Lauer,Shota Imanaga,Shota Imanaga,Eric Lauer,Jacob Webb
2026-08-05,12:35 PM,2:35 PM,San Francisco Giants,0,Texas Rangers,6,Final,Carson Whisenhunt,Cody Bradford,Tyler Alexander,Carson Whisenhunt,
2026-08-05,1:10 PM,3:10 PM,Tampa Bay Rays,4,Colorado Rockies,0,Final,Nick Martinez,Tomoyuki Sugano,Nick Martinez,Tomoyuki Sugano,
2026-08-05,4:35 PM,6:35 PM,Los Angeles Angels,2,Baltimore Orioles,5,Final,Reid Detmers,Trevor Rogers,Trevor Rogers,Reid Detmers,Andrew Kittredge
2026-08-05,4:40 PM,6:40 PM,New York Mets,6,Cleveland Guardians,5,Final,Christian Scott,Tanner Bibee,Chayce McDermott,Matt Festa,Daniel Duarte
2026-08-05,4:40 PM,6:40 PM,Athletics,2,Cincinnati Reds,3,Final,Jacob Lopez,Rhett Lowder,Rhett Lowder,Hayden Juenger,Emilio Pagán
2026-08-05,4:40 PM,6:40 PM,Washington Nationals,10,Philadelphia Phillies,4,Final,Jake Irvin,Andrew Painter,Clayton Beeter,Caleb Kilian,
2026-08-05,5:05 PM,7:05 PM,St. Louis Cardinals,3,New York Yankees,1,Final,Andre Pallante,Will Warren,Andre Pallante,Will Warren,Riley O'Brien
2026-08-05,5:10 PM,7:10 PM,Chicago White Sox,0,Boston Red Sox,4,Final,Sean Burke,Sonny Gray,Sonny Gray,Sean Burke,
2026-08-05,5:15 PM,7:15 PM,Miami Marlins,1,Atlanta Braves,4,Final,Eury Pérez,Bryce Elder,Bryce Elder,Eury Pérez,Didier Fuentes
2026-08-05,5:40 PM,7:40 PM,Minnesota Twins,1,Kansas City Royals,2,Final,Dean Kremer,Noah Cameron,Noah Cameron,A.J. Minter,Steven Cruz
2026-08-05,5:40 PM,7:40 PM,Pittsburgh Pirates,2,Milwaukee Brewers,4,Final,Paul Skenes,Kyle Harrison,Kyle Harrison,Paul Skenes,Trevor Megill
2026-08-05,7:40 PM,9:40 PM,San Diego Padres,4,Arizona Diamondbacks,10,Final,Casey Mize,Mitch Bratt,Mitch Bratt,Casey Mize,
2026-08-05,7:40 PM,9:40 PM,Detroit Tigers,2,Seattle Mariners,4,Final,Drew Anderson,Bryan Woo,Bryan Woo,Brenan Hanifee,Andrés Muñoz
2026-08-06,10:35 AM,12:35 PM,Los Angeles Angels,4,Baltimore Orioles,1,Final,Ryan Johnson,Brandon Young,Mitch Farris,Brandon Young,Samy Natera Jr.
2026-08-06,10:40 AM,12:40 PM,Athletics,5,Cincinnati Reds,6,Final,Mason Barnett,Andrew Abbott,Andrew Abbott,Mason Barnett,Brock Burke
2026-08-06,11:10 AM,1:10 PM,New York Mets,13,Cleveland Guardians,6,Final,Nolan McLean,Foster Griffin,Nolan McLean,Foster Griffin,
2026-08-06,12:10 PM,2:10 PM,Pittsburgh Pirates,2,Milwaukee Brewers,5,Final,Braxton Ashcraft,Dustin May,Dustin May,Braxton Ashcraft,Chad Patrick
2026-08-06,12:20 PM,2:20 PM,Toronto Blue Jays,2,Chicago Cubs,3,Final,Dylan Cease,David Peterson,Trent Thornton,Brendon Little,
2026-08-06,2:10 PM,4:10 PM,Detroit Tigers,11,Seattle Mariners,0,Final,Framber Valdez,Bryce Miller,Framber Valdez,Bryce Miller,
2026-08-06,4:05 PM,6:05 PM,Washington Nationals,3,Philadelphia Phillies,7,Final,Miles Mikolas,Cristopher Sánchez,Cristopher Sánchez,Miles Mikolas,
2026-08-06,5:10 PM,7:10 PM,Chicago White Sox,11,Boston Red Sox,12,Final,Luis Castillo,Ranger Suarez,Brayan Bello,Erick Fedde,
2026-08-06,5:15 PM,7:15 PM,Miami Marlins,3,Atlanta Braves,11,Final,Janson Junk,Martín Pérez,Victor Mederos,Janson Junk,
2026-08-06,5:40 PM,7:40 PM,Minnesota Twins,4,Kansas City Royals,3,Final,Bailey Ober,Michael Wacha,Kody Funderburk,Aaron Bummer,Yoendrys Gómez
2026-08-06,7:40 PM,9:40 PM,San Diego Padres,5,Arizona Diamondbacks,1,Final,Walker Buehler,Kohl Drake,Bradgley Rodriguez,Kohl Drake,
2026-08-07,4:40 PM,6:40 PM,New York Mets,6,Pittsburgh Pirates,4,Final,Zac Thornton,Carmen Mlodzinski,Zac Thornton,Carmen Mlodzinski,
2026-08-07,4:40 PM,6:40 PM,Toronto Blue Jays,5,Philadelphia Phillies,4,Final,José Soriano,Zack Wheeler,Lazaro Estrada,Zack Wheeler,Tyler Rogers
2026-08-07,4:45 PM,6:45 PM,Cincinnati Reds,3,Washington Nationals,5,Final,Chase Petty,Cade Cavalli,Cade Cavalli,Julian Garcia,Clayton Beeter
2026-08-07,5:05 PM,7:05 PM,Atlanta Braves,2,New York Yankees,3,Final,Tyler Mahle,Max Fried,David Bednar,Tyler Kinley,
2026-08-07,5:10 PM,7:10 PM,Athletics,1,Boston Red Sox,13,Final,Jack Perkins,Payton Tolle,Payton Tolle,Jack Perkins,Raymond Burgos
2026-08-07,5:10 PM,7:10 PM,Los Angeles Angels,4,Miami Marlins,3,Final,George Klassen,Tyler Phillips,Shaun Anderson,Josh Ekness,José Fermin
2026-08-07,5:40 PM,7:40 PM,Cleveland Guardians,8,Chicago White Sox,2,Final,Parker Messick,Noah Schultz,Parker Messick,Noah Schultz,
2026-08-07,5:40 PM,7:40 PM,Minnesota Twins,8,Milwaukee Brewers,6,Final,Zebby Matthews,Shane Drohan,Zebby Matthews,Antonio Senzatela,Yoendrys Gómez
2026-08-07,6:10 PM,8:10 PM,Chicago Cubs,6,Kansas City Royals,4,Final,Kevin Gausman,Daniel Lynch IV,Kevin Gausman,Daniel Lynch IV,Jacob Webb
2026-08-07,6:15 PM,8:15 PM,Colorado Rockies,2,St. Louis Cardinals,3,Final,Ryan Feltner,Kyle Leahy,Kyle Leahy,Ryan Feltner,Riley O'Brien
2026-08-07,6:15 PM,8:15 PM,Baltimore Orioles,1,Texas Rangers,2,Final,Shane Baz,Nathan Eovaldi,Tyler Alexander,Shane Baz,Jacob Latz
2026-08-07,7:40 PM,9:40 PM,Los Angeles Dodgers,3,Arizona Diamondbacks,4,Final,Roki Sasaki,Merrill Kelly,Kevin Ginkel,Edwin Díaz,
2026-08-07,7:40 PM,9:40 PM,Houston Astros,6,San Diego Padres,3,Final,Ronel Blanco,Robbie Ray,Bryan Abreu,Robbie Ray,Josh Hader
2026-08-07,7:45 PM,9:45 PM,Tampa Bay Rays,2,Seattle Mariners,1,Final,Drew Rasmussen,Logan Gilbert,Drew Rasmussen,Logan Gilbert,Bryan Baker
2026-08-07,8:15 PM,10:15 PM,Detroit Tigers,2,San Francisco Giants,5,Final,Keider Montero,JT Brubaker,Adrian Houser,Keider Montero,Dylan Smith
2026-08-08,1:05 PM,3:05 PM,Atlanta Braves,4,New York Yankees,5,Final,Chris Sale,Gerrit Cole,Gerrit Cole,Chris Sale,David Bednar
2026-08-08,2:10 PM,4:10 PM,Athletics,7,Boston Red Sox,3,Final,Gage Jump,Jake Bennett,Gage Jump,Jake Bennett,Hogan Harris
2026-08-08,2:10 PM,4:10 PM,Los Angeles Angels,0,Miami Marlins,7,Final,Walbert Ureña,Sandy Alcantara,Sandy Alcantara,Walbert Ureña,
2026-08-08,4:05 PM,6:05 PM,Toronto Blue Jays,7,Philadelphia Phillies,5,Final,Max Scherzer,Aaron Nola,Louis Varland,Chase Shugart,Lazaro Estrada
2026-08-08,4:40 PM,6:40 PM,New York Mets,0,Pittsburgh Pirates,9,Final,Robert Stock,Bubba Chandler,Bubba Chandler,Robert Stock,
2026-08-08,4:45 PM,6:45 PM,Cincinnati Reds,2,Washington Nationals,8,Final,Chase Burns,Andrew Alvarez,Clayton Beeter,Chase Burns,
2026-08-08,5:10 PM,7:10 PM,Chicago Cubs,3,Kansas City Royals,6,Final,Clay Holmes,Seth Lugo,Seth Lugo,Clay Holmes,Nate Pearson
2026-08-08,5:10 PM,7:10 PM,Minnesota Twins,3,Milwaukee Brewers,4,Final,Taj Bradley,Robert Gasser,Aaron Ashby,Jeff Hoffman,Trevor Megill
2026-08-08,5:15 PM,7:15 PM,Houston Astros,2,San Diego Padres,3,Final,Peter Lambert,Michael King,Michael King,Peter Lambert,Mason Miller
2026-08-08,5:15 PM,7:15 PM,Detroit Tigers,8,San Francisco Giants,0,Final,Jackson Jobe,Landen Roupp,Jackson Jobe,Landen Roupp,
2026-08-08,5:15 PM,7:15 PM,Colorado Rockies,8,St. Louis Cardinals,6,Final,Kyle Freeland,Matthew Liberatore,Parker Mushinski,Matthew Liberatore,Jordan Romano
2026-08-08,5:15 PM,7:15 PM,Baltimore Orioles,1,Texas Rangers,5,Final,Kyle Bradish,Jacob deGrom,Jacob deGrom,Kyle Bradish,
2026-08-08,5:15 PM,7:15 PM,Cleveland Guardians,3,Chicago White Sox,6,Final,Gavin Williams,Anthony Kay,Anthony Kay,Colin Holderman,Grant Taylor
2026-08-08,6:10 PM,8:10 PM,Los Angeles Dodgers,2,Arizona Diamondbacks,1,Final,Yoshinobu Yamamoto,Brandon Pfaadt,Edwin Díaz,Gerardo Carrillo,Jack Dreyer
2026-08-08,7:50 PM,9:50 PM,Tampa Bay Rays,3,Seattle Mariners,2,Final,Casey Legumina,George Kirby,Steven Matz,Michael Rucker,Bryan Baker
2026-08-09,10:15 AM,12:15 PM,Cincinnati Reds,1,Washington Nationals,7,Final,Brady Singer,Brad Lord,Will Dion,Brady Singer,
2026-08-09,11:35 AM,1:35 PM,Athletics,4,Boston Red Sox,3,Final,J.T. Ginn,Erik Miller,Elvis Alvarado,Aroldis Chapman,Hogan Harris
2026-08-09,11:35 AM,1:35 PM,New York Mets,11,Pittsburgh Pirates,1,Final,Sean Manaea,Jared Jones,Sean Manaea,Jared Jones,
2026-08-09,11:35 AM,1:35 PM,Toronto Blue Jays,6,Philadelphia Phillies,7,Final,Shane Bieber,Jesús Luzardo,Caleb Kilian,Lazaro Estrada,
2026-08-09,11:35 AM,1:35 PM,Atlanta Braves,2,New York Yankees,1,Final,Grant Holmes,Cam Schlittler,Raisel Iglesias,Paul Blackburn,Tyler Kinley
2026-08-09,11:40 AM,1:40 PM,Los Angeles Angels,3,Miami Marlins,12,Final,Grayson Rodriguez,Ryan Gusto,Michael Petersen,Grayson Rodriguez,
2026-08-09,12:10 PM,2:10 PM,Chicago Cubs,10,Kansas City Royals,2,Final,Matthew Boyd,Randy Dobnak,Matthew Boyd,Randy Dobnak,
2026-08-09,12:10 PM,2:10 PM,Cleveland Guardians,3,Chicago White Sox,5,Final,Joey Cantillo,Davis Martin,Hagen Smith,Craig Yoho,Trevor Richards
2026-08-09,12:10 PM,2:10 PM,Minnesota Twins,3,Milwaukee Brewers,4,Final,Connor Prielipp,Jacob Misiorowski,DL Hall,Yoendrys Gómez,
2026-08-09,12:15 PM,2:15 PM,Colorado Rockies,4,St. Louis Cardinals,7,Final,Michael Lorenzen,Michael McGreevy,George Soriano,Tanner Gordon,Riley O'Brien
2026-08-09,12:35 PM,2:35 PM,Baltimore Orioles,10,Texas Rangers,5,Final,Cade Povich,Kumar Rocker,Yaramil Hiraldo,Kumar Rocker,
2026-08-09,2:05 PM,4:05 PM,Detroit Tigers,3,San Francisco Giants,1,Final,Troy Melton,Logan Webb,Kenley Jansen,Sam Hentges,Tyler Holton
2026-08-09,2:10 PM,4:10 PM,Los Angeles Dodgers,2,Arizona Diamondbacks,4,Final,Justin Wrobleski,Eduardo Rodriguez,Eduardo Rodriguez,Justin Wrobleski,Kevin Ginkel
2026-08-09,2:10 PM,4:10 PM,Tampa Bay Rays,4,Seattle Mariners,1,Final,Ian Seymour,Emerson Hancock,Ian Seymour,Emerson Hancock,Steven Matz
2026-08-09,6:20 PM,8:20 PM,Houston Astros,2,San Diego Padres,7,Final,Cristian Javier,Randy Vásquez,Randy Vásquez,Cristian Javier,
2026-08-10,5:07 PM,7:07 PM,Boston Red Sox,1,Toronto Blue Jays,2,Final,Sonny Gray,Jameson Taillon,Simeon Woods Richardson,Sonny Gray,Louis Varland
2026-08-10,5:15 PM,7:15 PM,New York Mets,8,Atlanta Braves,5,Final,Christian Scott,Bryce Elder,Daniel Duarte,Bryce Elder,Kodai Senga
2026-08-10,5:40 PM,7:40 PM,Baltimore Orioles,5,Minnesota Twins,9,Final,Trevor Rogers,Dean Kremer,Dean Kremer,Trevor Rogers,
2026-08-10,5:45 PM,7:45 PM,Philadelphia Phillies,6,St. Louis Cardinals,5,Final,Andrew Painter,Hunter Dobbins,Andrew Painter,Hunter Dobbins,Jonathan Bowlan
2026-08-10,7:38 PM,9:38 PM,Texas Rangers,4,Los Angeles Angels,1,Final,MacKenzie Gore,Reid Detmers,Peyton Gray,Luke Murphy,Jacob Latz
2026-08-10,7:40 PM,9:40 PM,Colorado Rockies,0,Arizona Diamondbacks,9,Final,Gabriel Hughes,Michael Soroka,Zack Littell,Gabriel Hughes,
2026-08-10,7:40 PM,9:40 PM,Tampa Bay Rays,10,Athletics,6,Final,Freddy Peralta,Jacob Lopez,Chris Roycroft,José Suarez,
2026-08-10,7:40 PM,9:40 PM,Milwaukee Brewers,2,San Diego Padres,3,Final,Logan Henderson,Casey Mize,Yuki Matsui,Logan Henderson,Mason Miller
2026-08-10,7:45 PM,9:45 PM,Houston Astros,6,San Francisco Giants,3,Final,Hayden Wesneski,Blade Tidwell,Josh Hader,Jason Foley,
2026-08-10,8:10 PM,10:10 PM,Kansas City Royals,5,Los Angeles Dodgers,6,Final,Noah Cameron,Tarik Skubal,Jack Dreyer,Alex Lange,Edwin Díaz
2026-08-11,4:40 PM,6:40 PM,Cleveland Guardians,4,Detroit Tigers,6,Final,Tanner Bibee,Drew Anderson,Jacob Waguespack,Tanner Bibee,Kenley Jansen
2026-08-11,4:40 PM,6:40 PM,Pittsburgh Pirates,0,Miami Marlins,2,Final,Paul Skenes,Eury Pérez,Eury Pérez,Paul Skenes,Pete Fairbanks
2026-08-11,4:45 PM,6:45 PM,Chicago Cubs,8,Washington Nationals,6,Final,Shota Imanaga,Jake Irvin,Ryan Rolison,Jake Irvin,Jacob Webb
2026-08-11,5:05 PM,7:05 PM,Seattle Mariners,1,New York Yankees,4,Final,Bryan Woo,Ryan Weathers,Tim Hill,Michael Rucker,David Bednar
2026-08-11,5:07 PM,7:07 PM,Boston Red Sox,3,Toronto Blue Jays,5,Final,Patrick Sandoval,Dylan Cease,Chase Lee,Patrick Sandoval,Spencer Miles
2026-08-11,5:15 PM,7:15 PM,New York Mets,0,Atlanta Braves,4,Final,Nolan McLean,Martín Pérez,Martín Pérez,Nolan McLean,
2026-08-11,5:40 PM,7:40 PM,Baltimore Orioles,5,Minnesota Twins,2,Final,Brandon Young,Bailey Ober,Brandon Young,Bailey Ober,Andrew Kittredge
2026-08-11,5:40 PM,7:40 PM,Cincinnati Reds,5,Chicago White Sox,4,Final,Nick Lodolo,Sean Burke,Brock Burke,Sean Newcomb,Emilio Pagán
2026-08-11,5:45 PM,7:45 PM,Philadelphia Phillies,0,St. Louis Cardinals,2,Final,Cristopher Sánchez,Andre Pallante,George Soriano,Alex McFarlane,Riley O'Brien
2026-08-11,7:38 PM,9:38 PM,Texas Rangers,2,Los Angeles Angels,3,Final,Cody Bradford,Ryan Johnson,José Fermin,Cody Bradford,Samy Natera Jr.
2026-08-11,7:40 PM,9:40 PM,Colorado Rockies,3,Arizona Diamondbacks,2,Final,Tomoyuki Sugano,Mitch Bratt,Tomoyuki Sugano,Kevin Ginkel,Jordan Romano
2026-08-11,7:40 PM,9:40 PM,Tampa Bay Rays,12,Athletics,4,Final,Nick Martinez,Mason Barnett,Nick Martinez,Mason Barnett,
2026-08-11,7:40 PM,9:40 PM,Milwaukee Brewers,2,San Diego Padres,11,Final,Kyle Harrison,Walker Buehler,Walker Buehler,Kyle Harrison,
2026-08-11,7:45 PM,9:45 PM,Houston Astros,1,San Francisco Giants,4,Final,Hunter Brown,Carson Whisenhunt,Carson Whisenhunt,Hunter Brown,JT Brubaker
2026-08-11,8:10 PM,10:10 PM,Kansas City Royals,4,Los Angeles Dodgers,5,Final,Michael Wacha,Blake Snell,Seth Halvorsen,Lucas Erceg,
2026-08-12,11:40 AM,1:40 PM,Baltimore Orioles,5,Minnesota Twins,7,Final,Shane Baz,Zebby Matthews,Zebby Matthews,Shane Baz,Yoendrys Gómez
2026-08-12,12:15 PM,2:15 PM,Philadelphia Phillies,1,St. Louis Cardinals,7,Final,Zack Wheeler,Kyle Leahy,Kyle Leahy,Zack Wheeler,
2026-08-12,1:05 PM,3:05 PM,Tampa Bay Rays,8,Athletics,4,Final,Drew Rasmussen,Jack Perkins,Drew Rasmussen,Jack Perkins,
2026-08-12,1:40 PM,3:40 PM,Colorado Rockies,6,Arizona Diamondbacks,4,Final,Ryan Feltner,Merrill Kelly,Ryan Feltner,Merrill Kelly,Jordan Romano
2026-08-12,1:45 PM,3:45 PM,Houston Astros,2,San Francisco Giants,1,Final,Bryan King,Adrian Houser,Steven Okert,Keaton Winn,Josh Hader
2026-08-12,2:10 PM,4:10 PM,Milwaukee Brewers,3,San Diego Padres,4,Final,Dustin May,Robbie Ray,Adrian Morejon,Antonio Senzatela,
2026-08-12,4:40 PM,6:40 PM,Cleveland Guardians,6,Detroit Tigers,4,Final,Foster Griffin,Framber Valdez,Foster Griffin,Framber Valdez,Cade Smith
2026-08-12,4:40 PM,6:40 PM,Pittsburgh Pirates,2,Miami Marlins,8,Final,Carmen Mlodzinski,Janson Junk,Janson Junk,Carmen Mlodzinski,
2026-08-12,4:45 PM,6:45 PM,Chicago Cubs,12,Washington Nationals,6,Final,David Peterson,Jackson Kent,David Peterson,Tom Cosgrove,Javier Assad
2026-08-12,5:05 PM,7:05 PM,Seattle Mariners,5,New York Yankees,10,Final,Bryce Miller,Will Warren,Paul Blackburn,Gabe Speier,
2026-08-12,5:07 PM,7:07 PM,Boston Red Sox,4,Toronto Blue Jays,6,Final,Ranger Suarez,José Soriano,Tyler Rogers,Tyron Guerrero,Louis Varland
2026-08-12,5:15 PM,7:15 PM,New York Mets,3,Atlanta Braves,6,Final,Zac Thornton,Tyler Mahle,Tyler Mahle,Zac Thornton,
2026-08-12,5:40 PM,7:40 PM,Cincinnati Reds,0,Chicago White Sox,5,Final,Rhett Lowder,Luis Castillo,Luis Castillo,Rhett Lowder,
2026-08-12,8:10 PM,10:10 PM,Kansas City Royals,2,Los Angeles Dodgers,4,Final,Daniel Lynch IV,Eric Lauer,Eric Lauer,Daniel Lynch IV,Landon Knack
2026-08-12,8:10 PM,10:10 PM,Texas Rangers,2,Los Angeles Angels,5,Final,Cal Quantrill,George Klassen,George Klassen,Robby Ahlstrom,Ben Joyce
2026-08-13,11:10 AM,1:10 PM,Cleveland Guardians,0,Detroit Tigers,3,Final,Parker Messick,Keider Montero,Keider Montero,Parker Messick,Kenley Jansen
2026-08-13,11:10 AM,1:10 PM,Cincinnati Reds,9,Chicago White Sox,8,Final,Andrew Abbott,Davis Martin,Tejay Antone,Erick Fedde,Julian Garcia
2026-08-13,11:10 AM,1:10 PM,Pittsburgh Pirates,13,Miami Marlins,1,Final,Braxton Ashcraft,Tyler Phillips,Braxton Ashcraft,Tyler Phillips,
2026-08-13,11:35 AM,1:35 PM,Seattle Mariners,1,New York Yankees,0,Final,Logan Gilbert,Max Fried,Logan Gilbert,Max Fried,Andrés Muñoz
2026-08-13,1:07 PM,3:07 PM,Boston Red Sox,7,Toronto Blue Jays,0,Final,Payton Tolle,Max Scherzer,Payton Tolle,Max Scherzer,
2026-08-13,2:05 PM,4:05 PM,Chicago Cubs,0,Washington Nationals,7,Final,Kevin Gausman,Cade Cavalli,Cade Cavalli,Kevin Gausman,
2026-08-13,5:30 PM,7:30 PM,Philadelphia Phillies,7,Minnesota Twins,1,Final,Aaron Nola,Taj Bradley,Aaron Nola,Taj Bradley,
2026-08-13,8:07 PM,10:07 PM,Texas Rangers,0,Los Angeles Angels,7,Final,Jacob deGrom,Walbert Ureña,Walbert Ureña,Jacob deGrom,
2026-08-13,8:10 PM,10:10 PM,Milwaukee Brewers,5,Los Angeles Dodgers,4,Final,Shane Drohan,Roki Sasaki,DL Hall,Edwin Díaz,Trevor Megill
2026-08-14,12:20 PM,2:20 PM,St. Louis Cardinals,0,Chicago Cubs,3,Final,Matthew Liberatore,Clay Holmes,Clay Holmes,Matthew Liberatore,Jacob Webb
2026-08-14,4:10 PM,6:10 PM,Miami Marlins,0,Cincinnati Reds,1,Final,Sandy Alcantara,Chase Burns,Chase Burns,Sandy Alcantara,Emilio Pagán
2026-08-14,4:40 PM,6:40 PM,Boston Red Sox,4,Pittsburgh Pirates,8,Final,Jake Bennett,Bubba Chandler,Bubba Chandler,Jake Bennett,Mason Montgomery
2026-08-14,4:40 PM,6:40 PM,Chicago White Sox,9,Detroit Tigers,5,Final,Sean Newcomb,Jackson Jobe,José Urquidy,Jackson Jobe,
2026-08-14,5:10 PM,7:10 PM,Washington Nationals,1,New York Mets,4,Final,Andrew Alvarez,Robert Stock,Jonathan Pintaro,Andrew Alvarez,Kodai Senga
2026-08-14,5:10 PM,7:10 PM,San Diego Padres,7,Cleveland Guardians,5,Final,Michael King,Gavin Williams,Michael King,Gavin Williams,Bradgley Rodriguez
2026-08-14,5:10 PM,7:10 PM,Baltimore Orioles,6,Tampa Bay Rays,5,Final,Chris Bassitt,Steven Matz,Josh Walker,Garrett Cleavinger,Cam Sanders
2026-08-14,5:15 PM,7:15 PM,Arizona Diamondbacks,2,Atlanta Braves,0,Final,Brandon Pfaadt,Chris Sale,Brandon Pfaadt,Chris Sale,Brandyn Garcia
2026-08-14,5:15 PM,7:15 PM,New York Yankees,1,Toronto Blue Jays,3,Final,Gerrit Cole,Shane Bieber,Shane Bieber,Gerrit Cole,Louis Varland
2026-08-14,6:10 PM,8:10 PM,Seattle Mariners,7,Houston Astros,10,Final,George Kirby,Peter Lambert,Enyel De Los Santos,Andrés Muñoz,
2026-08-14,7:38 PM,9:38 PM,Kansas City Royals,7,Los Angeles Angels,6,Final,Seth Lugo,Grayson Rodriguez,Alex Lange,Tayler Saucedo,Steven Cruz
2026-08-14,7:40 PM,9:40 PM,Texas Rangers,3,Athletics,8,Final,Kumar Rocker,Gage Jump,Luis Medina,Chase Silseth,
2026-08-14,8:10 PM,10:10 PM,Milwaukee Brewers,1,Los Angeles Dodgers,3,Final,Robert Gasser,Yoshinobu Yamamoto,Yoshinobu Yamamoto,Robert Gasser,Edwin Díaz
2026-08-14,8:15 PM,10:15 PM,Colorado Rockies,5,San Francisco Giants,2,Final,Kyle Freeland,Landen Roupp,Kyle Freeland,Landen Roupp,
2026-08-15,11:10 AM,1:10 PM,Chicago White Sox,4,Detroit Tigers,3,Final,Anthony Kay,Troy Melton,Jordan Hicks,Drew Sommers,Bryan Hudson
2026-08-15,12:20 PM,2:20 PM,St. Louis Cardinals,8,Chicago Cubs,4,Final,Michael McGreevy,Matthew Boyd,Michael McGreevy,Matthew Boyd,
2026-08-15,1:07 PM,3:07 PM,New York Yankees,1,Toronto Blue Jays,4,Final,Cam Schlittler,Braydon Fisher,Spencer Miles,Brent Headrick,Louis Varland
2026-08-15,2:05 PM,4:05 PM,Colorado Rockies,1,San Francisco Giants,7,Final,Michael Lorenzen,Logan Webb,Logan Webb,Michael Lorenzen,
2026-08-15,2:10 PM,4:10 PM,Washington Nationals,4,New York Mets,5,Final,Brad Lord,Sean Manaea,Jefry Yan,Yovanny Cruz,
2026-08-15,4:10 PM,6:10 PM,Baltimore Orioles,4,Tampa Bay Rays,3,Final,Kyle Bradish,Ian Seymour,Andrew Kittredge,Bryan Baker,Cam Sanders
2026-08-15,4:40 PM,6:40 PM,Miami Marlins,8,Cincinnati Reds,4,Final,Ryan Gusto,Brady Singer,Tyler Zuber,Tejay Antone,
2026-08-15,5:10 PM,7:10 PM,San Diego Padres,1,Cleveland Guardians,6,Final,Wandy Peralta,Joey Cantillo,Joey Cantillo,Kyle Hart,
2026-08-15,5:10 PM,7:10 PM,Seattle Mariners,10,Houston Astros,5,Final,Emerson Hancock,Hayden Wesneski,Emerson Hancock,Hayden Wesneski,
2026-08-15,5:10 PM,7:10 PM,Philadelphia Phillies,9,Minnesota Twins,1,Final,Jesús Luzardo,Connor Prielipp,Jesús Luzardo,Connor Prielipp,
2026-08-15,5:15 PM,7:15 PM,Boston Red Sox,4,Pittsburgh Pirates,0,Final,Sonny Gray,Jared Jones,Sonny Gray,Jared Jones,
2026-08-15,5:15 PM,7:15 PM,Arizona Diamondbacks,10,Atlanta Braves,3,Final,Eduardo Rodriguez,Grant Holmes,Eduardo Rodriguez,Grant Holmes,
2026-08-15,5:15 PM,7:15 PM,Milwaukee Brewers,4,Los Angeles Dodgers,1,Final,Jacob Misiorowski,Justin Wrobleski,Jacob Misiorowski,Justin Wrobleski,Aaron Ashby
2026-08-15,7:38 PM,9:38 PM,Kansas City Royals,0,Los Angeles Angels,1,Final,Randy Dobnak,Reid Detmers,Reid Detmers,Nate Pearson,Ben Joyce
2026-08-15,7:40 PM,9:40 PM,Texas Rangers,5,Athletics,3,Final,MacKenzie Gore,J.T. Ginn,MacKenzie Gore,J.T. Ginn,Jacob Latz
2026-08-16,10:15 AM,12:15 PM,Baltimore Orioles,10,Tampa Bay Rays,2,Final,Trevor Rogers,Freddy Peralta,Trevor Rogers,Freddy Peralta,
2026-08-16,11:35 AM,1:35 PM,Boston Red Sox,3,Pittsburgh Pirates,8,Final,Patrick Sandoval,Lake Bachar,Kirby Yates,Patrick Sandoval,
2026-08-16,11:35 AM,1:35 PM,Arizona Diamondbacks,3,Atlanta Braves,5,Final,Michael Soroka,Bryce Elder,Didier Fuentes,Taylor Clarke,Raisel Iglesias
2026-08-16,11:37 AM,1:37 PM,New York Yankees,4,Toronto Blue Jays,3,Final,Ryan Weathers,Dylan Cease,David Bednar,Braydon Fisher,Tim Hill
2026-08-16,11:40 AM,1:40 PM,Washington Nationals,3,New York Mets,4,Final,Jake Irvin,Christian Scott,Christian Scott,Jake Irvin,Kodai Senga
2026-08-16,11:40 AM,1:40 PM,San Diego Padres,5,Cleveland Guardians,0,Final,Casey Mize,Tanner Bibee,Casey Mize,Tanner Bibee,
2026-08-16,11:40 AM,1:40 PM,Chicago White Sox,7,Detroit Tigers,5,Final,Sean Burke,Drew Anderson,Hagen Smith,Tyler Holton,Sean Newcomb
2026-08-16,11:40 AM,1:40 PM,Miami Marlins,7,Cincinnati Reds,1,Final,Eury Pérez,Nick Lodolo,Josh Ekness,Tejay Antone,
2026-08-16,12:10 PM,2:10 PM,Philadelphia Phillies,7,Minnesota Twins,5,Final,Andrew Painter,Dean Kremer,Orion Kerkering,Andrew Morris,Jhoan Duran
2026-08-16,1:15 PM,3:15 PM,St. Louis Cardinals,11,Chicago Cubs,4,Final,Hunter Dobbins,Edward Cabrera,Hunter Dobbins,Edward Cabrera,
2026-08-16,2:05 PM,4:05 PM,Colorado Rockies,13,San Francisco Giants,7,Final,Gabriel Hughes,Blade Tidwell,Nick Frasso,Sam Hentges,
2026-08-16,2:05 PM,4:05 PM,Texas Rangers,2,Athletics,5,Final,Cody Bradford,Jacob Lopez,Luis Medina,Jakob Junis,Hogan Harris
2026-08-16,2:07 PM,4:07 PM,Kansas City Royals,3,Los Angeles Angels,0,Final,Noah Cameron,Ryan Johnson,Noah Cameron,Ryan Johnson,
2026-08-16,2:10 PM,4:10 PM,Milwaukee Brewers,6,Los Angeles Dodgers,2,Final,Logan Henderson,Tarik Skubal,Logan Henderson,Tarik Skubal,
2026-08-16,5:20 PM,7:20 PM,Seattle Mariners,3,Houston Astros,2,Final,Bryan Woo,Hunter Brown,Bryan Woo,Hunter Brown,Andrés Muñoz
2026-08-17,11:40 AM,1:40 PM,St. Louis Cardinals,2,Cincinnati Reds,1,Final,Quinn Mathews,Kent Emanuel,Luis Gastelum,Kent Emanuel,Riley O'Brien
2026-08-17,4:05 PM,6:05 PM,Baltimore Orioles,6,Tampa Bay Rays,7,Final,Brandon Young,Shane McClanahan,Cam Booser,Yennier Cano,Bryan Baker
2026-08-17,4:40 PM,6:40 PM,St. Louis Cardinals,5,Cincinnati Reds,6,Final,Andre Pallante,Rhett Lowder,Emilio Pagán,Justin Bruihl,
2026-08-17,4:40 PM,6:40 PM,Miami Marlins,5,Philadelphia Phillies,6,Final,Janson Junk,Cristopher Sánchez,Cristopher Sánchez,Janson Junk,Jhoan Duran
2026-08-17,5:05 PM,7:05 PM,Detroit Tigers,8,Pittsburgh Pirates,5,Final,Framber Valdez,Carmen Mlodzinski,Framber Valdez,Carmen Mlodzinski,Kenley Jansen
2026-08-17,5:10 PM,7:10 PM,Arizona Diamondbacks,1,Boston Red Sox,11,Final,Mitch Bratt,Alec Gamboa,Brayan Bello,Mitch Bratt,
2026-08-17,5:10 PM,7:10 PM,San Diego Padres,1,New York Mets,2,Final,Walker Buehler,Nolan McLean,Nolan McLean,Walker Buehler,Daniel Duarte
2026-08-17,5:40 PM,7:40 PM,Athletics,5,Kansas City Royals,9,Final,Mason Barnett,Michael Wacha,Michael Wacha,Mason Barnett,Steven Cruz
2026-08-17,5:40 PM,7:40 PM,Atlanta Braves,2,Minnesota Twins,4,Final,Martín Pérez,Bailey Ober,Travis Adams,Martín Pérez,Yoendrys Gómez
2026-08-17,6:05 PM,8:05 PM,Chicago White Sox,5,Chicago Cubs,7,Final,Luis Castillo,Shota Imanaga,Jacob Webb,Hagen Smith,
2026-08-17,6:40 PM,8:40 PM,Los Angeles Dodgers,11,Colorado Rockies,5,Final,Blake Snell,Tomoyuki Sugano,Blake Snell,Tomoyuki Sugano,
2026-08-18,4:35 PM,6:35 PM,New York Yankees,3,Baltimore Orioles,1,Final,Carlos Rodón,Shane Baz,Yerry De los Santos,Shane Baz,David Bednar
2026-08-18,4:40 PM,6:40 PM,Detroit Tigers,1,Pittsburgh Pirates,4,Final,Keider Montero,Braxton Ashcraft,Braxton Ashcraft,Keider Montero,Mason Montgomery
2026-08-18,4:40 PM,6:40 PM,San Francisco Giants,1,Cleveland Guardians,8,Final,Carson Whisenhunt,Foster Griffin,Foster Griffin,Carson Whisenhunt,
2026-08-18,4:40 PM,6:40 PM,St. Louis Cardinals,3,Cincinnati Reds,0,Final,Kyle Leahy,Andrew Abbott,Kyle Leahy,Andrew Abbott,Riley O'Brien
2026-08-18,4:40 PM,6:40 PM,Toronto Blue Jays,10,Tampa Bay Rays,5,Final,José Soriano,Nick Martinez,José Soriano,Nick Martinez,
2026-08-18,4:40 PM,6:40 PM,Miami Marlins,4,Philadelphia Phillies,6,Final,Cade Gibson,Zack Wheeler,Alex McFarlane,Michael Petersen,Brooks Raley
2026-08-18,5:10 PM,7:10 PM,Arizona Diamondbacks,4,Boston Red Sox,9,Final,Merrill Kelly,Ranger Suarez,Ranger Suarez,Merrill Kelly,
2026-08-18,5:10 PM,7:10 PM,San Diego Padres,5,New York Mets,2,Final,Robbie Ray,Zac Thornton,Robbie Ray,Zac Thornton,Mason Miller
2026-08-18,5:40 PM,7:40 PM,Athletics,3,Kansas City Royals,4,Final,Brady Basso,Daniel Lynch IV,Carlos Duran,Hogan Harris,
2026-08-18,5:40 PM,7:40 PM,Atlanta Braves,1,Minnesota Twins,4,Final,Tyler Mahle,Zebby Matthews,Zebby Matthews,Tyler Mahle,Yoendrys Gómez
2026-08-18,5:40 PM,7:40 PM,Seattle Mariners,0,Milwaukee Brewers,22,Final,Bryce Miller,Kyle Harrison,Kyle Harrison,Bryce Miller,
2026-08-18,6:05 PM,8:05 PM,Washington Nationals,0,Texas Rangers,5,Final,Jackson Kent,Cal Quantrill,Cal Quantrill,Jackson Kent,
2026-08-18,6:05 PM,8:05 PM,Chicago White Sox,3,Chicago Cubs,4,Final,Bryan Hudson,Kevin Gausman,Jacob Webb,Trevor Richards,
2026-08-18,6:10 PM,8:10 PM,Los Angeles Angels,3,Houston Astros,1,Final,George Klassen,Cristian Javier,George Klassen,Cristian Javier,Ben Joyce
2026-08-18,6:40 PM,8:40 PM,Los Angeles Dodgers,7,Colorado Rockies,6,Final,Eric Lauer,Ryan Feltner,Eric Lauer,Ryan Feltner,Tanner Scott
2026-08-19,10:35 AM,12:35 PM,Detroit Tigers,3,Pittsburgh Pirates,4,Final,Jackson Jobe,Paul Skenes,Mason Montgomery,Kenley Jansen,
2026-08-19,11:10 AM,1:10 PM,San Diego Padres,2,New York Mets,4,Final,Michael King,Robert Stock,Nate Lavender,Michael King,Kodai Senga
2026-08-19,11:40 AM,1:40 PM,Atlanta Braves,4,Minnesota Twins,6,Final,AJ Smith-Shawver,Taj Bradley,A.J. Minter,Victor Mederos,Yoendrys Gómez
2026-08-19,12:20 PM,2:20 PM,Chicago White Sox,3,Chicago Cubs,0,Final,Sean Newcomb,Clay Holmes,José Urquidy,Clay Holmes,Grant Taylor
2026-08-19,2:10 PM,4:10 PM,Arizona Diamondbacks,7,Boston Red Sox,6,Final,Brandon Pfaadt,Payton Tolle,Jonathan Loáisiga,Jovani Morán,
2026-08-19,4:05 PM,6:05 PM,Miami Marlins,1,Philadelphia Phillies,4,Final,Sandy Alcantara,Aaron Nola,Aaron Nola,Sandy Alcantara,Jhoan Duran
2026-08-19,4:35 PM,6:35 PM,New York Yankees,5,Baltimore Orioles,3,Final,Will Warren,Chris Bassitt,Brent Headrick,Cam Sanders,David Bednar
2026-08-19,4:40 PM,6:40 PM,San Francisco Giants,1,Cleveland Guardians,0,Final,Matt Wilkinson,Parker Messick,Adrian Houser,Parker Messick,Dylan Smith
2026-08-19,4:40 PM,6:40 PM,St. Louis Cardinals,4,Cincinnati Reds,5,Final,Matthew Liberatore,Chase Burns,Sam Moll,Matthew Liberatore,Emilio Pagán
2026-08-19,4:40 PM,6:40 PM,Toronto Blue Jays,6,Tampa Bay Rays,7,Final,Max Scherzer,Drew Rasmussen,Drew Rasmussen,Max Scherzer,Bryan Baker
2026-08-19,5:40 PM,7:40 PM,Athletics,7,Kansas City Royals,9,Final,Jeffrey Springs,Seth Lugo,Craig Kimbrel,Drew Rom,
2026-08-19,5:40 PM,7:40 PM,Seattle Mariners,7,Milwaukee Brewers,5,Final,Logan Gilbert,Dustin May,Logan Gilbert,Dustin May,Andrés Muñoz
2026-08-19,6:05 PM,8:05 PM,Washington Nationals,6,Texas Rangers,0,Final,Cade Cavalli,Kumar Rocker,Cade Cavalli,Kumar Rocker,
2026-08-19,6:10 PM,8:10 PM,Los Angeles Angels,2,Houston Astros,3,Final,Walbert Ureña,Ethan Pecko,Bennett Sousa,Walbert Ureña,Josh Hader
2026-08-19,6:40 PM,8:40 PM,Los Angeles Dodgers,6,Colorado Rockies,4,Final,Roki Sasaki,Kyle Freeland,Kyle Hurt,Jimmy Herget,Tanner Scott
2026-08-20,10:40 AM,12:40 PM,St. Louis Cardinals,10,Cincinnati Reds,9,Final,Michael McGreevy,Brady Singer,Peter Strzelecki,Brock Burke,Riley O'Brien
2026-08-20,11:10 AM,1:10 PM,San Francisco Giants,2,Cleveland Guardians,5,Final,Landen Roupp,Gavin Williams,Gavin Williams,Landen Roupp,Cade Smith
2026-08-20,11:10 AM,1:10 PM,Toronto Blue Jays,5,Tampa Bay Rays,1,Final,Shane Bieber,Ian Seymour,Shane Bieber,Ian Seymour,
2026-08-20,12:10 PM,2:10 PM,Athletics,2,Kansas City Royals,6,Final,Gage Jump,Randy Dobnak,Connor Thomas,Gage Jump,
2026-08-20,12:10 PM,2:10 PM,Atlanta Braves,2,Chicago White Sox,0,Final,Grant Holmes,Anthony Kay,Grant Holmes,Anthony Kay,Raisel Iglesias
2026-08-20,12:10 PM,2:10 PM,Seattle Mariners,4,Milwaukee Brewers,7,Final,George Kirby,Robert Gasser,Chad Patrick,George Kirby,Trevor Megill
2026-08-20,4:35 PM,6:35 PM,New York Yankees,6,Baltimore Orioles,1,Final,Gerrit Cole,Kyle Bradish,Gerrit Cole,Kyle Bradish,Ryan Yarbrough
2026-08-20,6:05 PM,8:05 PM,Washington Nationals,0,Texas Rangers,2,Final,Andrew Alvarez,Jacob deGrom,Jacob deGrom,Andrew Alvarez,Jacob Latz
2026-08-20,6:10 PM,8:10 PM,Los Angeles Angels,18,Houston Astros,3,Final,Grayson Rodriguez,Peter Lambert,Grayson Rodriguez,Peter Lambert,
2026-08-21,2:10 PM,4:10 PM,Atlanta Braves,1,Milwaukee Brewers,2,Final,Chris Sale,Jacob Misiorowski,Jacob Misiorowski,Chris Sale,Trevor Megill
2026-08-21,4:40 PM,6:40 PM,St. Louis Cardinals,6,Philadelphia Phillies,7,Final,Hunter Dobbins,Jesús Luzardo,Alex McFarlane,Luis Gastelum,
2026-08-21,5:05 PM,7:05 PM,Toronto Blue Jays,1,New York Yankees,3,Final,Mason Fluharty,Cam Schlittler,Cam Schlittler,Spencer Arrighetti,David Bednar
2026-08-21,5:10 PM,7:10 PM,San Francisco Giants,4,Boston Red Sox,6,Final,Logan Webb,Sonny Gray,Sonny Gray,Logan Webb,Aroldis Chapman
2026-08-21,5:10 PM,7:10 PM,Washington Nationals,2,Miami Marlins,3,Final,Brad Lord,Ryan Gusto,Pete Fairbanks,Clayton Beeter,
2026-08-21,5:15 PM,7:15 PM,Tampa Bay Rays,3,Baltimore Orioles,5,Final,Freddy Peralta,Trevor Rogers,Trevor Rogers,Freddy Peralta,Rico Garcia
2026-08-21,5:40 PM,7:40 PM,New York Mets,4,Chicago White Sox,6,Final,Sean Manaea,Sean Burke,Grant Taylor,Jefry Yan,
2026-08-21,6:10 PM,8:10 PM,Detroit Tigers,2,Kansas City Royals,5,Final,Troy Melton,Noah Cameron,Noah Cameron,Troy Melton,Nate Pearson
2026-08-21,6:10 PM,8:10 PM,Athletics,0,Houston Astros,4,Final,J.T. Ginn,Hayden Wesneski,Hayden Wesneski,J.T. Ginn,
2026-08-21,6:15 PM,8:15 PM,Los Angeles Angels,1,Texas Rangers,2,Final,Reid Detmers,MacKenzie Gore,Tyler Alexander,Ben Joyce,
2026-08-21,6:40 PM,8:40 PM,Cleveland Guardians,9,Colorado Rockies,1,Final,Joey Cantillo,Tanner Gordon,Tim Herrin,Tanner Gordon,
2026-08-21,7:40 PM,9:40 PM,Cincinnati Reds,0,Arizona Diamondbacks,9,Final,Nick Lodolo,Eduardo Rodriguez,Eduardo Rodriguez,Nick Lodolo,
2026-08-21,7:40 PM,9:40 PM,Minnesota Twins,2,San Diego Padres,6,Final,Connor Prielipp,Randy Vásquez,Randy Vásquez,Connor Prielipp,
2026-08-21,8:10 PM,10:10 PM,Pittsburgh Pirates,4,Los Angeles Dodgers,5,Final,Bubba Chandler,Yoshinobu Yamamoto,Evan Phillips,Gregory Soto,
2026-08-21,8:10 PM,10:10 PM,Chicago Cubs,5,Seattle Mariners,6,Final,Matthew Boyd,Emerson Hancock,Seranthony Domínguez,Ryan Zeferjahn,
2026-08-22,11:35 AM,1:35 PM,Toronto Blue Jays,4,New York Yankees,3,Final,Dylan Cease,Ryan Weathers,Dylan Cease,Ryan Weathers,Louis Varland
2026-08-22,12:10 PM,2:10 PM,Atlanta Braves,1,Milwaukee Brewers,4,Final,Martín Pérez,Logan Henderson,Logan Henderson,Martín Pérez,Aaron Ashby
2026-08-22,2:10 PM,4:10 PM,Washington Nationals,2,Miami Marlins,4,Final,Jake Irvin,Eury Pérez,Eury Pérez,Jake Irvin,Calvin Faucher
2026-08-22,4:05 PM,6:05 PM,St. Louis Cardinals,3,Philadelphia Phillies,12,Final,Quinn Mathews,Andrew Painter,Andrew Painter,Quinn Mathews,
2026-08-22,5:05 PM,7:05 PM,Tampa Bay Rays,2,Baltimore Orioles,3,Final,Shane McClanahan,Brandon Young,Rico Garcia,Bryan Baker,
2026-08-22,5:05 PM,7:05 PM,Los Angeles Angels,3,Texas Rangers,0,Final,Ryan Johnson,Cody Bradford,Ryan Johnson,Cody Bradford,Ryan Watson
2026-08-22,5:10 PM,7:10 PM,Athletics,4,Houston Astros,3,Final,Jacob Lopez,Hunter Brown,Luis Medina,Bennett Sousa,Elvis Alvarado
2026-08-22,5:10 PM,7:10 PM,New York Mets,10,Chicago White Sox,5,Final,Christian Scott,Luis Castillo,Austin Warren,Luis Castillo,
2026-08-22,5:15 PM,7:15 PM,Detroit Tigers,1,Kansas City Royals,3,Final,Drew Anderson,Michael Wacha,Michael Wacha,Drew Anderson,Craig Kimbrel
2026-08-22,5:15 PM,7:15 PM,Pittsburgh Pirates,3,Los Angeles Dodgers,4,Final,Jared Jones,Tarik Skubal,Tarik Skubal,Yohan Ramírez,Tanner Scott
2026-08-22,5:15 PM,7:15 PM,Chicago Cubs,4,Seattle Mariners,5,Final,David Peterson,Kade Anderson,Michael Rucker,Jacob Webb,
2026-08-22,5:15 PM,7:15 PM,San Francisco Giants,2,Boston Red Sox,3,Final,Blade Tidwell,Patrick Sandoval,Wyatt Olds,Sam Hentges,
2026-08-22,6:10 PM,8:10 PM,Cincinnati Reds,11,Arizona Diamondbacks,5,Final,Rhett Lowder,Michael Soroka,Rhett Lowder,Michael Soroka,
2026-08-22,6:10 PM,8:10 PM,Cleveland Guardians,4,Colorado Rockies,3,Final,Tanner Bibee,Gabriel Hughes,Tanner Bibee,Gabriel Hughes,Cade Smith
2026-08-22,6:40 PM,8:40 PM,Minnesota Twins,5,San Diego Padres,7,Final,Dean Kremer,Casey Mize,Griffin Canning,Andrew Morris,Mason Miller
2026-08-23,11:35 AM,1:35 PM,Tampa Bay Rays,3,Baltimore Orioles,1,Final,Nick Martinez,Shane Baz,Nick Martinez,Shane Baz,Bryan Baker
2026-08-23,11:35 AM,1:35 PM,St. Louis Cardinals,4,Philadelphia Phillies,6,Final,Kyle Leahy,Cristopher Sánchez,Alex McFarlane,Riley O'Brien,
2026-08-23,11:35 AM,1:35 PM,Toronto Blue Jays,3,New York Yankees,8,Final,José Soriano,Carlos Rodón,Paul Blackburn,José Soriano,
2026-08-23,11:40 AM,1:40 PM,Washington Nationals,2,Miami Marlins,6,Final,Jackson Kent,Janson Junk,Michael Petersen,Jackson Kent,
2026-08-23,12:10 PM,2:10 PM,Detroit Tigers,7,Kansas City Royals,11,Final,Jacob Waguespack,Daniel Lynch IV,John Schreiber,Andrew Sears,
2026-08-23,12:10 PM,2:10 PM,Athletics,7,Houston Astros,6,Final,Brady Basso,Cristian Javier,Jack Perkins,Steven Okert,Hogan Harris
2026-08-23,12:10 PM,2:10 PM,New York Mets,1,Chicago White Sox,2,Final,Nolan McLean,Sean Newcomb,Grant Taylor,Kodai Senga,
2026-08-23,12:35 PM,2:35 PM,Los Angeles Angels,3,Texas Rangers,5,Final,Yusei Kikuchi,Cal Quantrill,Cal Quantrill,Yusei Kikuchi,Jacob Latz
2026-08-23,1:10 PM,3:10 PM,Cleveland Guardians,7,Colorado Rockies,2,Final,Foster Griffin,Tomoyuki Sugano,Foster Griffin,Tomoyuki Sugano,
2026-08-23,1:15 PM,3:15 PM,San Francisco Giants,4,Boston Red Sox,5,Final,Matt Wilkinson,Jake Bennett,Jake Bennett,Matt Wilkinson,Aroldis Chapman
2026-08-23,2:10 PM,4:10 PM,Pittsburgh Pirates,0,Los Angeles Dodgers,4,Final,Lake Bachar,Blake Snell,Blake Snell,Lake Bachar,
2026-08-23,2:10 PM,4:10 PM,Chicago Cubs,19,Seattle Mariners,2,Final,Shota Imanaga,Bryce Miller,Aaron Civale,Bryce Miller,
2026-08-23,2:10 PM,4:10 PM,Minnesota Twins,1,San Diego Padres,8,Final,Bailey Ober,Walker Buehler,Walker Buehler,Kody Funderburk,
2026-08-23,2:15 PM,4:15 PM,Cincinnati Reds,3,Arizona Diamondbacks,5,Final,Andrew Abbott,Mitch Bratt,Jonathan Loáisiga,Andrew Abbott,Kevin Ginkel
2026-08-23,5:10 PM,7:10 PM,Atlanta Braves,4,Milwaukee Brewers,2,Final,Tyler Mahle,Shane Drohan,Tyler Mahle,Shane Drohan,Raisel Iglesias
2026-08-24,4:40 PM,6:40 PM,Tampa Bay Rays,4,Detroit Tigers,1,Final,Drew Rasmussen,Framber Valdez,Drew Rasmussen,Framber Valdez,Bryan Baker
2026-08-24,4:40 PM,6:40 PM,Boston Red Sox,4,Miami Marlins,2,Final,Ranger Suarez,Sandy Alcantara,Erik Miller,Pete Fairbanks,Aroldis Chapman
2026-08-24,4:45 PM,6:45 PM,Colorado Rockies,3,Washington Nationals,13,Final,Ryan Feltner,Cade Cavalli,Cade Cavalli,Ryan Feltner,
2026-08-24,5:40 PM,7:40 PM,Texas Rangers,11,Chicago White Sox,2,Final,Kumar Rocker,José Urquidy,Kumar Rocker,José Urquidy,
2026-08-24,7:38 PM,9:38 PM,Cleveland Guardians,4,Los Angeles Angels,2,Final,Parker Messick,George Klassen,Parker Messick,George Klassen,Cade Smith
2026-08-24,7:40 PM,9:40 PM,Chicago Cubs,7,Arizona Diamondbacks,0,Final,Kevin Gausman,Merrill Kelly,Kevin Gausman,Merrill Kelly,
2026-08-24,7:40 PM,9:40 PM,Pittsburgh Pirates,3,San Diego Padres,2,Final,Braxton Ashcraft,Robbie Ray,Kirby Yates,Jeremiah Estrada,Yohan Ramírez
2026-08-24,7:40 PM,9:40 PM,Minnesota Twins,9,Athletics,6,Final,Zebby Matthews,Jeffrey Springs,Zebby Matthews,Jeffrey Springs,Andrew Morris
2026-08-24,7:40 PM,9:40 PM,Philadelphia Phillies,2,Seattle Mariners,9,Final,Zack Wheeler,Logan Gilbert,Logan Gilbert,Zack Wheeler,
2026-08-24,7:45 PM,9:45 PM,Cincinnati Reds,0,San Francisco Giants,5,Final,Chase Burns,Carson Whisenhunt,Jason Foley,Chase Burns,
2026-08-25,4:40 PM,6:40 PM,Tampa Bay Rays,1,Detroit Tigers,4,Final,Casey Legumina,Jackson Jobe,Drew Sommers,Ian Seymour,Kenley Jansen
2026-08-25,4:40 PM,6:40 PM,Boston Red Sox,7,Miami Marlins,3,Final,Payton Tolle,Tyler Phillips,Alec Gamboa,Cade Gibson,
2026-08-25,4:45 PM,6:45 PM,Colorado Rockies,3,Washington Nationals,1,Final,Mason Adams,Andrew Alvarez,Mark Manfredi,Andrew Alvarez,Jordan Romano
2026-08-25,5:05 PM,7:05 PM,Houston Astros,9,New York Yankees,7,Final,Ethan Pecko,Will Warren,Bryan Abreu,Brent Headrick,Josh Hader
2026-08-25,5:07 PM,7:07 PM,Kansas City Royals,5,Toronto Blue Jays,3,Final,Seth Lugo,Max Scherzer,Seth Lugo,Max Scherzer,
2026-08-25,5:10 PM,7:10 PM,Milwaukee Brewers,2,New York Mets,3,Final,Kyle Harrison,Zac Thornton,Jonathan Pintaro,Trevor Megill,
2026-08-25,5:15 PM,7:15 PM,Los Angeles Dodgers,3,Atlanta Braves,4,Final,Tyler Glasnow,Bryce Elder,Dylan Dodd,Tanner Scott,Raisel Iglesias
2026-08-25,5:40 PM,7:40 PM,Texas Rangers,7,Chicago White Sox,11,Final,Jacob deGrom,Anthony Kay,Bryan Hudson,Jacob deGrom,Grant Taylor
2026-08-25,5:45 PM,7:45 PM,Baltimore Orioles,13,St. Louis Cardinals,1,Final,Chris Bassitt,Matthew Liberatore,Chris Bassitt,Matthew Liberatore,
2026-08-25,7:38 PM,9:38 PM,Cleveland Guardians,8,Los Angeles Angels,6,Final,Gavin Williams,Walbert Ureña,Erik Sabrowski,Blake Weiman,Cade Smith
2026-08-25,7:40 PM,9:40 PM,Chicago Cubs,4,Arizona Diamondbacks,5,Final,Clay Holmes,Brandon Pfaadt,Justin Martinez,Jacob Webb,
2026-08-25,7:40 PM,9:40 PM,Pittsburgh Pirates,1,San Diego Padres,0,Final,Paul Skenes,Michael King,Gregory Soto,Mason Miller,Mason Montgomery
2026-08-25,7:40 PM,9:40 PM,Minnesota Twins,2,Athletics,4,Final,Taj Bradley,Gage Jump,Gage Jump,Taj Bradley,Elvis Alvarado
2026-08-25,7:40 PM,9:40 PM,Philadelphia Phillies,1,Seattle Mariners,4,Final,Aaron Nola,George Kirby,George Kirby,Aaron Nola,Andrés Muñoz
2026-08-25,7:45 PM,9:45 PM,Cincinnati Reds,1,San Francisco Giants,3,Final,Brady Singer,Adrian Houser,Anthony Molina,Brady Singer,Carson Seymour
2026-08-26,11:10 AM,1:10 PM,Tampa Bay Rays,3,Detroit Tigers,0,Final,Freddy Peralta,Troy Melton,Freddy Peralta,Troy Melton,Tyler Wells
2026-08-26,1:40 PM,3:40 PM,Chicago Cubs,0,Arizona Diamondbacks,2,Final,Matthew Boyd,Eduardo Rodriguez,Eduardo Rodriguez,Matthew Boyd,Juan Morillo
2026-08-26,1:45 PM,3:45 PM,Cincinnati Reds,10,San Francisco Giants,9,Final,Nick Lodolo,Logan Webb,Tony Santillan,Dylan Smith,Emilio Pagán
2026-08-26,2:07 PM,4:07 PM,Cleveland Guardians,4,Los Angeles Angels,3,Final,Joey Cantillo,Grayson Rodriguez,Hunter Gaddis,Ryan Watson,Erik Sabrowski
2026-08-26,2:10 PM,4:10 PM,Pittsburgh Pirates,0,San Diego Padres,3,Final,Bubba Chandler,Randy Vásquez,Randy Vásquez,Bubba Chandler,Bradgley Rodriguez
2026-08-26,2:10 PM,4:10 PM,Philadelphia Phillies,6,Seattle Mariners,0,Final,Jesús Luzardo,Bryan Woo,Jesús Luzardo,Bryan Woo,
2026-08-26,4:40 PM,6:40 PM,Boston Red Sox,0,Miami Marlins,4,Final,Sonny Gray,Ryan Gusto,Ryan Gusto,Sonny Gray,
2026-08-26,4:45 PM,6:45 PM,Colorado Rockies,13,Washington Nationals,1,Final,Tanner Gordon,Matt Waldron,Tanner Gordon,Will Dion,
2026-08-26,5:05 PM,7:05 PM,Houston Astros,3,New York Yankees,9,Final,Peter Lambert,Elmer Rodríguez,Paul Blackburn,Bennett Sousa,
2026-08-26,5:07 PM,7:07 PM,Kansas City Royals,0,Toronto Blue Jays,3,Final,Randy Dobnak,Spencer Miles,Chad Dallas,Randy Dobnak,Louis Varland
2026-08-26,5:10 PM,7:10 PM,Milwaukee Brewers,8,New York Mets,1,Final,Dustin May,Robert Stock,Robert Gasser,Robert Stock,
2026-08-26,5:15 PM,7:15 PM,Los Angeles Dodgers,5,Atlanta Braves,6,Final,Roki Sasaki,AJ Smith-Shawver,Victor Mederos,Tanner Scott,
2026-08-26,5:40 PM,7:40 PM,Texas Rangers,4,Chicago White Sox,10,Final,MacKenzie Gore,Sean Burke,Sean Newcomb,MacKenzie Gore,Jonathan Cannon
2026-08-26,5:45 PM,7:45 PM,Baltimore Orioles,8,St. Louis Cardinals,7,Final,Kyle Bradish,Michael McGreevy,Grant Wolfram,Riley O'Brien,Andrew Kittredge
2026-08-26,7:05 PM,9:05 PM,Minnesota Twins,4,Athletics,7,Final,Connor Prielipp,J.T. Ginn,J.T. Ginn,Andrew Morris,Elvis Alvarado
2026-08-27,11:05 AM,1:05 PM,Colorado Rockies,,Washington Nationals,,Scheduled,Gabriel Hughes,Jake Irvin,,,
2026-08-27,12:15 PM,2:15 PM,Baltimore Orioles,,St. Louis Cardinals,,Scheduled,Trevor Rogers,,,,
2026-08-27,5:05 PM,7:05 PM,Houston Astros,,New York Yankees,,Scheduled,Hayden Wesneski,Gerrit Cole,,,
2026-08-27,5:07 PM,7:07 PM,Kansas City Royals,,Toronto Blue Jays,,Scheduled,Noah Cameron,Spencer Arrighetti,,,
2026-08-27,5:10 PM,7:10 PM,Milwaukee Brewers,,New York Mets,,Scheduled,Jacob Misiorowski,Sean Manaea,,,
2026-08-27,5:15 PM,7:15 PM,Los Angeles Dodgers,,Atlanta Braves,,Scheduled,Yoshinobu Yamamoto,Chris Sale,,,
2026-08-27,7:45 PM,9:45 PM,Arizona Diamondbacks,,San Francisco Giants,,Scheduled,Jose Cabrera,Landen Roupp,,,
2026-08-28,12:20 PM,2:20 PM,Cincinnati Reds,,Chicago Cubs,,Scheduled,Rhett Lowder,David Peterson,,,
2026-08-28,4:40 PM,6:40 PM,Los Angeles Dodgers,,Detroit Tigers,,Scheduled,Tarik Skubal,Drew Anderson,,,
2026-08-28,4:45 PM,6:45 PM,Miami Marlins,,Washington Nationals,,Scheduled,Eury Pérez,,,,
2026-08-28,5:10 PM,7:10 PM,Kansas City Royals,,Cleveland Guardians,,Scheduled,,Tanner Bibee,,,
2026-08-28,5:10 PM,7:10 PM,Houston Astros,,New York Mets,,Scheduled,,Christian Scott,,,
2026-08-28,5:10 PM,7:10 PM,San Diego Padres,,Tampa Bay Rays,,Scheduled,Casey Mize,Shane McClanahan,,,
2026-08-28,5:15 PM,7:15 PM,Seattle Mariners,,Toronto Blue Jays,,Scheduled,,Dylan Cease,,,
2026-08-28,5:15 PM,7:15 PM,Colorado Rockies,,Atlanta Braves,,Scheduled,,,,,
2026-08-28,5:15 PM,7:15 PM,Boston Red Sox,,New York Yankees,,Scheduled,Patrick Sandoval,Cam Schlittler,,,
2026-08-28,5:40 PM,7:40 PM,Texas Rangers,,Milwaukee Brewers,,Scheduled,Cody Bradford,Logan Henderson,,,
2026-08-28,6:10 PM,8:10 PM,Chicago White Sox,,Minnesota Twins,,Scheduled,Luis Castillo,Dean Kremer,,,
2026-08-28,6:15 PM,8:15 PM,Pittsburgh Pirates,,St. Louis Cardinals,,Scheduled,Jared Jones,Quinn Mathews,,,
2026-08-28,7:38 PM,9:38 PM,Philadelphia Phillies,,Los Angeles Angels,,Scheduled,Andrew Painter,Reid Detmers,,,
2026-08-28,7:40 PM,9:40 PM,Baltimore Orioles,,Athletics,,Scheduled,,,,,
2026-08-28,8:15 PM,10:15 PM,Arizona Diamondbacks,,San Francisco Giants,,Scheduled,,Blade Tidwell,,,
2026-08-29,11:05 AM,1:05 PM,Boston Red Sox,,New York Yankees,,Scheduled,Jake Bennett,,,,
2026-08-29,11:10 AM,1:10 PM,Los Angeles Dodgers,,Detroit Tigers,,Scheduled,Blake Snell,Keider Montero,,,
2026-08-29,12:10 PM,2:10 PM,Chicago White Sox,,Minnesota Twins,,Scheduled,Erick Fedde,Bailey Ober,,,
2026-08-29,12:15 PM,2:15 PM,Pittsburgh Pirates,,St. Louis Cardinals,,Scheduled,,,,,
2026-08-29,12:20 PM,2:20 PM,Cincinnati Reds,,Chicago Cubs,,Scheduled,Andrew Abbott,Kevin Gausman,,,
2026-08-29,1:07 PM,3:07 PM,Seattle Mariners,,Toronto Blue Jays,,Scheduled,,,,,
2026-08-29,2:05 PM,4:05 PM,Arizona Diamondbacks,,San Francisco Giants,,Scheduled,Merrill Kelly,,,,
2026-08-29,2:05 PM,4:05 PM,Miami Marlins,,Washington Nationals,,Scheduled,Sandy Alcantara,,,,
2026-08-29,2:10 PM,4:10 PM,Kansas City Royals,,Cleveland Guardians,,Scheduled,,Foster Griffin,,,
2026-08-29,2:10 PM,4:10 PM,Houston Astros,,New York Mets,,Scheduled,,Nolan McLean,,,
2026-08-29,2:10 PM,4:10 PM,San Diego Padres,,Tampa Bay Rays,,Scheduled,Walker Buehler,Nick Martinez,,,
2026-08-29,2:10 PM,4:10 PM,Colorado Rockies,,Atlanta Braves,,Scheduled,,,,,
2026-08-29,5:15 PM,7:15 PM,Boston Red Sox,,New York Yankees,,Scheduled,,,,,
2026-08-29,5:15 PM,7:15 PM,Texas Rangers,,Milwaukee Brewers,,Scheduled,Cal Quantrill,Shane Drohan,,,
2026-08-29,8:05 PM,10:05 PM,Arizona Diamondbacks,,San Francisco Giants,,Scheduled,Merrill Kelly,,,,
2026-08-29,8:05 PM,10:05 PM,Baltimore Orioles,,Athletics,,Scheduled,,,,,
2026-08-29,8:07 PM,10:07 PM,Philadelphia Phillies,,Los Angeles Angels,,Scheduled,Cristopher Sánchez,Ryan Johnson,,,
2026-08-30,10:15 AM,12:15 PM,Miami Marlins,,Washington Nationals,,Scheduled,,,,,
2026-08-30,11:35 AM,1:35 PM,Colorado Rockies,,Atlanta Braves,,Scheduled,,,,,
2026-08-30,11:35 AM,1:35 PM,Boston Red Sox,,New York Yankees,,Scheduled,Ranger Suarez,,,,
2026-08-30,11:37 AM,1:37 PM,Seattle Mariners,,Toronto Blue Jays,,Scheduled,,,,,
2026-08-30,11:40 AM,1:40 PM,Kansas City Royals,,Cleveland Guardians,,Scheduled,,Parker Messick,,,
2026-08-30,11:40 AM,1:40 PM,Los Angeles Dodgers,,Detroit Tigers,,Scheduled,Tyler Glasnow,Framber Valdez,,,
2026-08-30,11:40 AM,1:40 PM,San Diego Padres,,Tampa Bay Rays,,Scheduled,Robbie Ray,Drew Rasmussen,,,
2026-08-30,12:10 PM,2:10 PM,Chicago White Sox,,Minnesota Twins,,Scheduled,,Zebby Matthews,,,
2026-08-30,12:10 PM,2:10 PM,Texas Rangers,,Milwaukee Brewers,,Scheduled,Kumar Rocker,Robert Gasser,,,
2026-08-30,12:15 PM,2:15 PM,Pittsburgh Pirates,,St. Louis Cardinals,,Scheduled,Braxton Ashcraft,,,,
2026-08-30,1:10 PM,3:10 PM,Houston Astros,,New York Mets,,Scheduled,,,,,
2026-08-30,2:05 PM,4:05 PM,Baltimore Orioles,,Athletics,,Scheduled,,,,,
2026-08-30,2:07 PM,4:07 PM,Philadelphia Phillies,,Los Angeles Angels,,Scheduled,Zack Wheeler,Yusei Kikuchi,,,
2026-08-30,5:20 PM,7:20 PM,Cincinnati Reds,,Chicago Cubs,,Scheduled,Chase Burns,Shota Imanaga,,,
2026-08-31,4:05 PM,6:05 PM,San Francisco Giants,,Atlanta Braves,,Scheduled,,,,,
2026-08-31,4:40 PM,6:40 PM,San Diego Padres,,Cincinnati Reds,,Scheduled,,,,,
2026-08-31,4:40 PM,6:40 PM,New York Mets,,Tampa Bay Rays,,Scheduled,,,,,
2026-08-31,4:45 PM,6:45 PM,Seattle Mariners,,Boston Red Sox,,Scheduled,,,,,
2026-08-31,4:45 PM,6:45 PM,Miami Marlins,,Washington Nationals,,Scheduled,,,,,
2026-08-31,5:40 PM,7:40 PM,Detroit Tigers,,Minnesota Twins,,Scheduled,,,,,
2026-08-31,5:40 PM,7:40 PM,Milwaukee Brewers,,Chicago Cubs,,Scheduled,,,,,
2026-08-31,6:05 PM,8:05 PM,Athletics,,Texas Rangers,,Scheduled,,,,,
2026-08-31,6:10 PM,8:10 PM,Chicago White Sox,,Houston Astros,,Scheduled,,,,,
2026-08-31,6:40 PM,8:40 PM,Baltimore Orioles,,Colorado Rockies,,Scheduled,,,,,
2026-08-31,7:38 PM,9:38 PM,New York Yankees,,Los Angeles Angels,,Scheduled,,,,,
2026-08-31,7:40 PM,9:40 PM,Philadelphia Phillies,,Arizona Diamondbacks,,Scheduled,,,,,
2026-09-01,4:40 PM,6:40 PM,San Diego Padres,,Cincinnati Reds,,Scheduled,,,,,
2026-09-01,4:40 PM,6:40 PM,San Francisco Giants,,Pittsburgh Pirates,,Scheduled,,,,,
2026-09-01,4:40 PM,6:40 PM,New York Mets,,Tampa Bay Rays,,Scheduled,,,,,
2026-09-01,4:40 PM,6:40 PM,Toronto Blue Jays,,Cleveland Guardians,,Scheduled,,,,,
2026-09-01,4:45 PM,6:45 PM,Seattle Mariners,,Boston Red Sox,,Scheduled,,,,,
2026-09-01,4:45 PM,6:45 PM,Atlanta Braves,,Washington Nationals,,Scheduled,,,,,
2026-09-01,5:40 PM,7:40 PM,Detroit Tigers,,Minnesota Twins,,Scheduled,,,,,
2026-09-01,5:40 PM,7:40 PM,Miami Marlins,,Kansas City Royals,,Scheduled,,,,,
2026-09-01,5:40 PM,7:40 PM,Milwaukee Brewers,,Chicago Cubs,,Scheduled,,,,,
2026-09-01,6:05 PM,8:05 PM,Athletics,,Texas Rangers,,Scheduled,,,,,
2026-09-01,6:10 PM,8:10 PM,Chicago White Sox,,Houston Astros,,Scheduled,,,,,
2026-09-01,6:40 PM,8:40 PM,Baltimore Orioles,,Colorado Rockies,,Scheduled,,,,,
2026-09-01,7:38 PM,9:38 PM,New York Yankees,,Los Angeles Angels,,Scheduled,,,,,
2026-09-01,7:40 PM,9:40 PM,Philadelphia Phillies,,Arizona Diamondbacks,,Scheduled,,,,,
2026-09-01,8:10 PM,10:10 PM,St. Louis Cardinals,,Los Angeles Dodgers,,Scheduled,,,,,
2026-09-02,10:40 AM,12:40 PM,San Diego Padres,,Cincinnati Reds,,Scheduled,,,,,
2026-09-02,11:05 AM,1:05 PM,Atlanta Braves,,Washington Nationals,,Scheduled,,,,,
2026-09-02,12:35 PM,2:35 PM,Athletics,,Texas Rangers,,Scheduled,,,,,
2026-09-02,1:10 PM,3:10 PM,Baltimore Orioles,,Colorado Rockies,,Scheduled,,,,,
2026-09-02,1:40 PM,3:40 PM,Philadelphia Phillies,,Arizona Diamondbacks,,Scheduled,,,,,
2026-09-02,2:10 PM,4:10 PM,Seattle Mariners,,Boston Red Sox,,Scheduled,,,,,
2026-09-02,4:40 PM,6:40 PM,San Francisco Giants,,Pittsburgh Pirates,,Scheduled,,,,,
2026-09-02,4:40 PM,6:40 PM,New York Mets,,Tampa Bay Rays,,Scheduled,,,,,
2026-09-02,4:40 PM,6:40 PM,Toronto Blue Jays,,Cleveland Guardians,,Scheduled,,,,,
2026-09-02,5:40 PM,7:40 PM,Detroit Tigers,,Minnesota Twins,,Scheduled,,,,,
2026-09-02,5:40 PM,7:40 PM,Miami Marlins,,Kansas City Royals,,Scheduled,,,,,
2026-09-02,5:40 PM,7:40 PM,Milwaukee Brewers,,Chicago Cubs,,Scheduled,,,,,
2026-09-02,6:10 PM,8:10 PM,Chicago White Sox,,Houston Astros,,Scheduled,,,,,
2026-09-02,7:38 PM,9:38 PM,New York Yankees,,Los Angeles Angels,,Scheduled,,,,,
2026-09-02,8:10 PM,10:10 PM,St. Louis Cardinals,,Los Angeles Dodgers,,Scheduled,,,,,
2026-09-03,10:35 AM,12:35 PM,San Francisco Giants,,Pittsburgh Pirates,,Scheduled,,,,,
2026-09-03,11:10 AM,1:10 PM,Toronto Blue Jays,,Cleveland Guardians,,Scheduled,,,,,
2026-09-03,12:10 PM,2:10 PM,Chicago White Sox,,Houston Astros,,Scheduled,,,,,
2026-09-03,5:15 PM,7:15 PM,Boston Red Sox,,Baltimore Orioles,,Scheduled,,,,,
2026-09-03,5:15 PM,7:15 PM,Milwaukee Brewers,,Chicago Cubs,,Scheduled,,,,,
2026-09-03,5:40 PM,7:40 PM,Miami Marlins,,Kansas City Royals,,Scheduled,,,,,
2026-09-03,6:05 PM,8:05 PM,Tampa Bay Rays,,Texas Rangers,,Scheduled,,,,,
2026-09-03,7:40 PM,9:40 PM,Athletics,,Seattle Mariners,,Scheduled,,,,,
2026-09-03,8:10 PM,10:10 PM,St. Louis Cardinals,,Los Angeles Dodgers,,Scheduled,,,,,
2026-09-04,12:10 PM,2:10 PM,Detroit Tigers,,Cleveland Guardians,,Scheduled,,,,,
2026-09-04,4:10 PM,6:10 PM,Milwaukee Brewers,,Cincinnati Reds,,Scheduled,,,,,
2026-09-04,4:40 PM,6:40 PM,Atlanta Braves,,Philadelphia Phillies,,Scheduled,,,,,
2026-09-04,4:45 PM,6:45 PM,Los Angeles Angels,,Pittsburgh Pirates,,Scheduled,,,,,
2026-09-04,5:05 PM,7:05 PM,Boston Red Sox,,Baltimore Orioles,,Scheduled,,,,,
2026-09-04,5:10 PM,7:10 PM,San Francisco Giants,,New York Mets,,Scheduled,,,,,
2026-09-04,5:10 PM,7:10 PM,Chicago Cubs,,Miami Marlins,,Scheduled,,,,,
2026-09-04,5:15 PM,7:15 PM,Detroit Tigers,,Cleveland Guardians,,Scheduled,,,,,
2026-09-04,5:40 PM,7:40 PM,Minnesota Twins,,Chicago White Sox,,Scheduled,,,,,
2026-09-04,6:05 PM,8:05 PM,Tampa Bay Rays,,Texas Rangers,,Scheduled,,,,,
2026-09-04,6:10 PM,8:10 PM,Arizona Diamondbacks,,Houston Astros,,Scheduled,,,,,
2026-09-04,6:10 PM,8:10 PM,Toronto Blue Jays,,Kansas City Royals,,Scheduled,,,,,
2026-09-04,6:40 PM,8:40 PM,St. Louis Cardinals,,Colorado Rockies,,Scheduled,,,,,
2026-09-04,7:40 PM,9:40 PM,New York Yankees,,San Diego Padres,,Scheduled,,,,,
2026-09-04,8:10 PM,10:10 PM,Washington Nationals,,Los Angeles Dodgers,,Scheduled,,,,,
2026-09-04,8:10 PM,10:10 PM,Athletics,,Seattle Mariners,,Scheduled,,,,,
2026-09-05,2:10 PM,4:10 PM,San Francisco Giants,,New York Mets,,Scheduled,,,,,
2026-09-05,2:10 PM,4:10 PM,Chicago Cubs,,Miami Marlins,,Scheduled,,,,,
2026-09-05,4:05 PM,6:05 PM,Atlanta Braves,,Philadelphia Phillies,,Scheduled,,,,,
2026-09-05,4:10 PM,6:10 PM,Detroit Tigers,,Cleveland Guardians,,Scheduled,,,,,
2026-09-05,4:40 PM,6:40 PM,Los Angeles Angels,,Pittsburgh Pirates,,Scheduled,,,,,
2026-09-05,4:40 PM,6:40 PM,Milwaukee Brewers,,Cincinnati Reds,,Scheduled,,,,,
2026-09-05,5:05 PM,7:05 PM,Boston Red Sox,,Baltimore Orioles,,Scheduled,,,,,
2026-09-05,5:05 PM,7:05 PM,Tampa Bay Rays,,Texas Rangers,,Scheduled,,,,,
2026-09-05,5:10 PM,7:10 PM,Toronto Blue Jays,,Kansas City Royals,,Scheduled,,,,,
2026-09-05,5:10 PM,7:10 PM,Minnesota Twins,,Chicago White Sox,,Scheduled,,,,,
2026-09-05,5:15 PM,7:15 PM,Arizona Diamondbacks,,Houston Astros,,Scheduled,,,,,
2026-09-05,5:15 PM,7:15 PM,New York Yankees,,San Diego Padres,,Scheduled,,,,,
2026-09-05,6:10 PM,8:10 PM,St. Louis Cardinals,,Colorado Rockies,,Scheduled,,,,,
2026-09-05,7:10 PM,9:10 PM,Washington Nationals,,Los Angeles Dodgers,,Scheduled,,,,,
2026-09-05,7:40 PM,9:40 PM,Athletics,,Seattle Mariners,,Scheduled,,,,,
2026-09-06,10:10 AM,12:10 PM,Milwaukee Brewers,,Cincinnati Reds,,Scheduled,,,,,
2026-09-06,11:10 AM,1:10 PM,Atlanta Braves,,Philadelphia Phillies,,Scheduled,,,,,
2026-09-06,11:35 AM,1:35 PM,Boston Red Sox,,Baltimore Orioles,,Scheduled,,,,,
2026-09-06,11:35 AM,1:35 PM,Los Angeles Angels,,Pittsburgh Pirates,,Scheduled,,,,,
2026-09-06,11:40 AM,1:40 PM,Detroit Tigers,,Cleveland Guardians,,Scheduled,,,,,
2026-09-06,11:40 AM,1:40 PM,San Francisco Giants,,New York Mets,,Scheduled,,,,,
2026-09-06,11:40 AM,1:40 PM,Chicago Cubs,,Miami Marlins,,Scheduled,,,,,
2026-09-06,12:10 PM,2:10 PM,Arizona Diamondbacks,,Houston Astros,,Scheduled,,,,,
2026-09-06,12:10 PM,2:10 PM,Toronto Blue Jays,,Kansas City Royals,,Scheduled,,,,,
2026-09-06,12:35 PM,2:35 PM,Tampa Bay Rays,,Texas Rangers,,Scheduled,,,,,
2026-09-06,1:10 PM,3:10 PM,St. Louis Cardinals,,Colorado Rockies,,Scheduled,,,,,
2026-09-06,2:10 PM,4:10 PM,Athletics,,Seattle Mariners,,Scheduled,,,,,
2026-09-06,2:10 PM,4:10 PM,New York Yankees,,San Diego Padres,,Scheduled,,,,,
2026-09-06,4:20 PM,6:20 PM,Minnesota Twins,,Chicago White Sox,,Scheduled,,,,,
2026-09-06,8:10 PM,10:10 PM,Washington Nationals,,Los Angeles Dodgers,,Scheduled,,,,,
2026-09-07,11:05 AM,1:05 PM,Atlanta Braves,,Philadelphia Phillies,,Scheduled,,,,,
2026-09-07,11:10 AM,1:10 PM,New York Mets,,Miami Marlins,,Scheduled,,,,,
2026-09-07,11:35 AM,1:35 PM,Los Angeles Angels,,Boston Red Sox,,Scheduled,,,,,
2026-09-07,11:35 AM,1:35 PM,Cleveland Guardians,,Baltimore Orioles,,Scheduled,,,,,
2026-09-07,12:10 PM,2:10 PM,Arizona Diamondbacks,,Kansas City Royals,,Scheduled,,,,,
2026-09-07,12:10 PM,2:10 PM,Chicago Cubs,,Milwaukee Brewers,,Scheduled,,,,,
2026-09-07,1:10 PM,3:10 PM,Minnesota Twins,,Detroit Tigers,,Scheduled,,,,,
2026-09-07,3:10 PM,5:10 PM,Washington Nationals,,San Diego Padres,,Scheduled,,,,,
2026-09-07,6:10 PM,8:10 PM,St. Louis Cardinals,,San Francisco Giants,,Scheduled,,,,,
2026-09-07,7:10 PM,9:10 PM,Cincinnati Reds,,Los Angeles Dodgers,,Scheduled,,,,,
2026-09-07,8:05 PM,10:05 PM,Toronto Blue Jays,,Athletics,,Scheduled,,,,,
2026-09-08,4:35 PM,6:35 PM,Cleveland Guardians,,Baltimore Orioles,,Scheduled,,,,,
2026-09-08,4:40 PM,6:40 PM,Minnesota Twins,,Detroit Tigers,,Scheduled,,,,,
2026-09-08,4:40 PM,6:40 PM,Houston Astros,,Philadelphia Phillies,,Scheduled,,,,,
2026-09-08,4:40 PM,6:40 PM,New York Mets,,Miami Marlins,,Scheduled,,,,,
2026-09-08,4:45 PM,6:45 PM,Los Angeles Angels,,Boston Red Sox,,Scheduled,,,,,
2026-09-08,5:05 PM,7:05 PM,Colorado Rockies,,New York Yankees,,Scheduled,,,,,
2026-09-08,5:15 PM,7:15 PM,Tampa Bay Rays,,Atlanta Braves,,Scheduled,,,,,
2026-09-08,5:40 PM,7:40 PM,Arizona Diamondbacks,,Kansas City Royals,,Scheduled,,,,,
2026-09-08,5:40 PM,7:40 PM,Pittsburgh Pirates,,Chicago White Sox,,Scheduled,,,,,
2026-09-08,5:40 PM,7:40 PM,Chicago Cubs,,Milwaukee Brewers,,Scheduled,,,,,
2026-09-08,7:40 PM,9:40 PM,Washington Nationals,,San Diego Padres,,Scheduled,,,,,
2026-09-08,7:40 PM,9:40 PM,Texas Rangers,,Seattle Mariners,,Scheduled,,,,,
2026-09-08,7:40 PM,9:40 PM,Toronto Blue Jays,,Athletics,,Scheduled,,,,,
2026-09-08,7:45 PM,9:45 PM,St. Louis Cardinals,,San Francisco Giants,,Scheduled,,,,,
2026-09-08,8:10 PM,10:10 PM,Cincinnati Reds,,Los Angeles Dodgers,,Scheduled,,,,,
2026-09-09,11:10 AM,1:10 PM,Minnesota Twins,,Detroit Tigers,,Scheduled,,,,,
2026-09-09,1:05 PM,3:05 PM,Toronto Blue Jays,,Athletics,,Scheduled,,,,,
2026-09-09,1:45 PM,3:45 PM,St. Louis Cardinals,,San Francisco Giants,,Scheduled,,,,,
2026-09-09,2:10 PM,4:10 PM,Washington Nationals,,San Diego Padres,,Scheduled,,,,,
2026-09-09,2:10 PM,4:10 PM,Texas Rangers,,Seattle Mariners,,Scheduled,,,,,
2026-09-09,4:35 PM,6:35 PM,Cleveland Guardians,,Baltimore Orioles,,Scheduled,,,,,
2026-09-09,4:40 PM,6:40 PM,Houston Astros,,Philadelphia Phillies,,Scheduled,,,,,
2026-09-09,4:40 PM,6:40 PM,New York Mets,,Miami Marlins,,Scheduled,,,,,
2026-09-09,4:45 PM,6:45 PM,Los Angeles Angels,,Boston Red Sox,,Scheduled,,,,,
2026-09-09,5:05 PM,7:05 PM,Colorado Rockies,,New York Yankees,,Scheduled,,,,,
2026-09-09,5:15 PM,7:15 PM,Tampa Bay Rays,,Atlanta Braves,,Scheduled,,,,,
2026-09-09,5:40 PM,7:40 PM,Arizona Diamondbacks,,Kansas City Royals,,Scheduled,,,,,
2026-09-09,5:40 PM,7:40 PM,Pittsburgh Pirates,,Chicago White Sox,,Scheduled,,,,,
2026-09-09,5:40 PM,7:40 PM,Chicago Cubs,,Milwaukee Brewers,,Scheduled,,,,,
2026-09-09,8:10 PM,10:10 PM,Cincinnati Reds,,Los Angeles Dodgers,,Scheduled,,,,,
2026-09-10,10:15 AM,12:15 PM,Tampa Bay Rays,,Atlanta Braves,,Scheduled,,,,,
2026-09-10,11:05 AM,1:05 PM,Houston Astros,,Philadelphia Phillies,,Scheduled,,,,,
2026-09-10,2:10 PM,4:10 PM,Texas Rangers,,Seattle Mariners,,Scheduled,,,,,
2026-09-10,5:05 PM,7:05 PM,Colorado Rockies,,New York Yankees,,Scheduled,,,,,
2026-09-10,5:40 PM,7:40 PM,Pittsburgh Pirates,,Chicago White Sox,,Scheduled,,,,,
2026-09-11,12:20 PM,2:20 PM,Pittsburgh Pirates,,Chicago Cubs,,Scheduled,,,,,
2026-09-11,4:40 PM,6:40 PM,Colorado Rockies,,Detroit Tigers,,Scheduled,,,,,
2026-09-11,4:45 PM,6:45 PM,Los Angeles Angels,,Washington Nationals,,Scheduled,,,,,
2026-09-11,5:05 PM,7:05 PM,New York Mets,,New York Yankees,,Scheduled,,,,,
2026-09-11,5:07 PM,7:07 PM,Baltimore Orioles,,Toronto Blue Jays,,Scheduled,,,,,
2026-09-11,5:10 PM,7:10 PM,Kansas City Royals,,Boston Red Sox,,Scheduled,,,,,
2026-09-11,5:10 PM,7:10 PM,Houston Astros,,Tampa Bay Rays,,Scheduled,,,,,
2026-09-11,5:10 PM,7:10 PM,Los Angeles Dodgers,,Miami Marlins,,Scheduled,,,,,
2026-09-11,5:15 PM,7:15 PM,Philadelphia Phillies,,Atlanta Braves,,Scheduled,,,,,
2026-09-11,5:45 PM,7:45 PM,Cincinnati Reds,,Milwaukee Brewers,,Scheduled,,,,,
2026-09-11,6:10 PM,8:10 PM,Cleveland Guardians,,Minnesota Twins,,Scheduled,,,,,
2026-09-11,6:15 PM,8:15 PM,Chicago White Sox,,St. Louis Cardinals,,Scheduled,,,,,
2026-09-11,7:40 PM,9:40 PM,Seattle Mariners,,Athletics,,Scheduled,,,,,
2026-09-11,7:40 PM,9:40 PM,Texas Rangers,,Arizona Diamondbacks,,Scheduled,,,,,
2026-09-11,8:15 PM,10:15 PM,San Diego Padres,,San Francisco Giants,,Scheduled,,,,,
2026-09-12,11:10 AM,1:10 PM,Colorado Rockies,,Detroit Tigers,,Scheduled,,,,,
2026-09-12,11:35 AM,1:35 PM,New York Mets,,New York Yankees,,Scheduled,,,,,
2026-09-12,12:20 PM,2:20 PM,Pittsburgh Pirates,,Chicago Cubs,,Scheduled,,,,,
2026-09-12,1:07 PM,3:07 PM,Baltimore Orioles,,Toronto Blue Jays,,Scheduled,,,,,
2026-09-12,2:05 PM,4:05 PM,Los Angeles Angels,,Washington Nationals,,Scheduled,,,,,
2026-09-12,2:05 PM,4:05 PM,San Diego Padres,,San Francisco Giants,,Scheduled,,,,,
2026-09-12,2:10 PM,4:10 PM,Kansas City Royals,,Boston Red Sox,,Scheduled,,,,,
2026-09-12,2:10 PM,4:10 PM,Cleveland Guardians,,Minnesota Twins,,Scheduled,,,,,
2026-09-12,2:10 PM,4:10 PM,Los Angeles Dodgers,,Miami Marlins,,Scheduled,,,,,
2026-09-12,4:10 PM,6:10 PM,Houston Astros,,Tampa Bay Rays,,Scheduled,,,,,
2026-09-12,5:10 PM,7:10 PM,Cincinnati Reds,,Milwaukee Brewers,,Scheduled,,,,,
2026-09-12,5:15 PM,7:15 PM,Philadelphia Phillies,,Atlanta Braves,,Scheduled,,,,,
2026-09-12,5:15 PM,7:15 PM,Chicago White Sox,,St. Louis Cardinals,,Scheduled,,,,,
2026-09-12,6:10 PM,8:10 PM,Texas Rangers,,Arizona Diamondbacks,,Scheduled,,,,,
2026-09-12,7:40 PM,9:40 PM,Seattle Mariners,,Athletics,,Scheduled,,,,,
2026-09-13,10:10 AM,12:10 PM,Colorado Rockies,,Detroit Tigers,,Scheduled,,,,,
2026-09-13,11:35 AM,1:35 PM,Kansas City Royals,,Boston Red Sox,,Scheduled,,,,,
2026-09-13,11:35 AM,1:35 PM,Los Angeles Angels,,Washington Nationals,,Scheduled,,,,,
2026-09-13,11:35 AM,1:35 PM,Philadelphia Phillies,,Atlanta Braves,,Scheduled,,,,,
2026-09-13,11:35 AM,1:35 PM,New York Mets,,New York Yankees,,Scheduled,,,,,
2026-09-13,11:37 AM,1:37 PM,Baltimore Orioles,,Toronto Blue Jays,,Scheduled,,,,,
2026-09-13,11:40 AM,1:40 PM,Houston Astros,,Tampa Bay Rays,,Scheduled,,,,,
2026-09-13,11:40 AM,1:40 PM,Los Angeles Dodgers,,Miami Marlins,,Scheduled,,,,,
2026-09-13,12:10 PM,2:10 PM,Cleveland Guardians,,Minnesota Twins,,Scheduled,,,,,
2026-09-13,12:10 PM,2:10 PM,Cincinnati Reds,,Milwaukee Brewers,,Scheduled,,,,,
2026-09-13,12:15 PM,2:15 PM,Chicago White Sox,,St. Louis Cardinals,,Scheduled,,,,,
2026-09-13,12:20 PM,2:20 PM,Pittsburgh Pirates,,Chicago Cubs,,Scheduled,,,,,
2026-09-13,2:05 PM,4:05 PM,Seattle Mariners,,Athletics,,Scheduled,,,,,
2026-09-13,2:10 PM,4:10 PM,Texas Rangers,,Arizona Diamondbacks,,Scheduled,,,,,
2026-09-13,5:20 PM,7:20 PM,San Diego Padres,,San Francisco Giants,,Scheduled,,,,,
2026-09-14,4:40 PM,6:40 PM,Los Angeles Dodgers,,Cincinnati Reds,,Scheduled,,,,,
2026-09-14,4:40 PM,6:40 PM,Chicago White Sox,,Cleveland Guardians,,Scheduled,,,,,
2026-09-14,5:07 PM,7:07 PM,Detroit Tigers,,Toronto Blue Jays,,Scheduled,,,,,
2026-09-14,5:10 PM,7:10 PM,Baltimore Orioles,,New York Mets,,Scheduled,,,,,
2026-09-14,5:40 PM,7:40 PM,Atlanta Braves,,Chicago Cubs,,Scheduled,,,,,
2026-09-14,5:40 PM,7:40 PM,New York Yankees,,Minnesota Twins,,Scheduled,,,,,
2026-09-14,5:45 PM,7:45 PM,San Francisco Giants,,St. Louis Cardinals,,Scheduled,,,,,
2026-09-14,6:40 PM,8:40 PM,San Diego Padres,,Colorado Rockies,,Scheduled,,,,,
2026-09-14,7:38 PM,9:38 PM,Seattle Mariners,,Los Angeles Angels,,Scheduled,,,,,
2026-09-14,7:40 PM,9:40 PM,Miami Marlins,,Arizona Diamondbacks,,Scheduled,,,,,
2026-09-15,4:40 PM,6:40 PM,Los Angeles Dodgers,,Cincinnati Reds,,Scheduled,,,,,
2026-09-15,4:40 PM,6:40 PM,Athletics,,Tampa Bay Rays,,Scheduled,,,,,
2026-09-15,4:40 PM,6:40 PM,Chicago White Sox,,Cleveland Guardians,,Scheduled,,,,,
2026-09-15,4:40 PM,6:40 PM,Milwaukee Brewers,,Pittsburgh Pirates,,Scheduled,,,,,
2026-09-15,4:45 PM,6:45 PM,Philadelphia Phillies,,Washington Nationals,,Scheduled,,,,,
2026-09-15,5:07 PM,7:07 PM,Detroit Tigers,,Toronto Blue Jays,,Scheduled,,,,,
2026-09-15,5:10 PM,7:10 PM,Baltimore Orioles,,New York Mets,,Scheduled,,,,,
2026-09-15,5:40 PM,7:40 PM,Atlanta Braves,,Chicago Cubs,,Scheduled,,,,,
2026-09-15,5:40 PM,7:40 PM,New York Yankees,,Minnesota Twins,,Scheduled,,,,,
2026-09-15,5:45 PM,7:45 PM,San Francisco Giants,,St. Louis Cardinals,,Scheduled,,,,,
2026-09-15,6:05 PM,8:05 PM,Boston Red Sox,,Texas Rangers,,Scheduled,,,,,
2026-09-15,6:10 PM,8:10 PM,Kansas City Royals,,Houston Astros,,Scheduled,,,,,
2026-09-15,6:40 PM,8:40 PM,San Diego Padres,,Colorado Rockies,,Scheduled,,,,,
2026-09-15,7:38 PM,9:38 PM,Seattle Mariners,,Los Angeles Angels,,Scheduled,,,,,
2026-09-15,7:40 PM,9:40 PM,Miami Marlins,,Arizona Diamondbacks,,Scheduled,,,,,
2026-09-16,11:10 AM,1:10 PM,Chicago White Sox,,Cleveland Guardians,,Scheduled,,,,,
2026-09-16,11:15 AM,1:15 PM,San Francisco Giants,,St. Louis Cardinals,,Scheduled,,,,,
2026-09-16,11:40 AM,1:40 PM,New York Yankees,,Minnesota Twins,,Scheduled,,,,,
2026-09-16,1:07 PM,3:07 PM,Detroit Tigers,,Toronto Blue Jays,,Scheduled,,,,,
2026-09-16,4:40 PM,6:40 PM,Los Angeles Dodgers,,Cincinnati Reds,,Scheduled,,,,,
2026-09-16,4:40 PM,6:40 PM,Athletics,,Tampa Bay Rays,,Scheduled,,,,,
2026-09-16,4:40 PM,6:40 PM,Milwaukee Brewers,,Pittsburgh Pirates,,Scheduled,,,,,
2026-09-16,4:45 PM,6:45 PM,Philadelphia Phillies,,Washington Nationals,,Scheduled,,,,,
2026-09-16,5:10 PM,7:10 PM,Baltimore Orioles,,New York Mets,,Scheduled,,,,,
2026-09-16,5:40 PM,7:40 PM,Atlanta Braves,,Chicago Cubs,,Scheduled,,,,,
2026-09-16,6:05 PM,8:05 PM,Boston Red Sox,,Texas Rangers,,Scheduled,,,,,
2026-09-16,6:10 PM,8:10 PM,Kansas City Royals,,Houston Astros,,Scheduled,,,,,
2026-09-16,6:40 PM,8:40 PM,San Diego Padres,,Colorado Rockies,,Scheduled,,,,,
2026-09-16,7:38 PM,9:38 PM,Seattle Mariners,,Los Angeles Angels,,Scheduled,,,,,
2026-09-16,7:40 PM,9:40 PM,Miami Marlins,,Arizona Diamondbacks,,Scheduled,,,,,
2026-09-17,10:35 AM,12:35 PM,Milwaukee Brewers,,Pittsburgh Pirates,,Scheduled,,,,,
2026-09-17,10:40 AM,12:40 PM,Los Angeles Dodgers,,Cincinnati Reds,,Scheduled,,,,,
2026-09-17,11:10 AM,1:10 PM,Athletics,,Tampa Bay Rays,,Scheduled,,,,,
2026-09-17,1:10 PM,3:10 PM,San Diego Padres,,Colorado Rockies,,Scheduled,,,,,
2026-09-17,5:15 PM,7:15 PM,Kansas City Royals,,Houston Astros,,Scheduled,,,,,
2026-09-17,5:15 PM,7:15 PM,Philadelphia Phillies,,New York Mets,,Scheduled,,,,,
2026-09-17,5:40 PM,7:40 PM,Detroit Tigers,,Chicago White Sox,,Scheduled,,,,,
2026-09-17,6:05 PM,8:05 PM,Boston Red Sox,,Texas Rangers,,Scheduled,,,,,
2026-09-17,7:38 PM,9:38 PM,Minnesota Twins,,Los Angeles Angels,,Scheduled,,,,,
2026-09-18,4:40 PM,6:40 PM,Chicago Cubs,,Cincinnati Reds,,Scheduled,,,,,
2026-09-18,4:40 PM,6:40 PM,Kansas City Royals,,Pittsburgh Pirates,,Scheduled,,,,,
2026-09-18,5:05 PM,7:05 PM,Milwaukee Brewers,,Baltimore Orioles,,Scheduled,,,,,
2026-09-18,5:10 PM,7:10 PM,Athletics,,Cleveland Guardians,,Scheduled,,,,,
2026-09-18,5:10 PM,7:10 PM,Boston Red Sox,,Tampa Bay Rays,,Scheduled,,,,,
2026-09-18,5:15 PM,7:15 PM,Philadelphia Phillies,,New York Mets,,Scheduled,,,,,
2026-09-18,5:40 PM,7:40 PM,Detroit Tigers,,Chicago White Sox,,Scheduled,,,,,
2026-09-18,6:05 PM,8:05 PM,Toronto Blue Jays,,Texas Rangers,,Scheduled,,,,,
2026-09-18,6:10 PM,8:10 PM,Seattle Mariners,,Colorado Rockies,,Scheduled,,,,,
2026-09-18,6:10 PM,8:10 PM,Atlanta Braves,,Houston Astros,,Scheduled,,,,,
2026-09-18,6:15 PM,8:15 PM,Washington Nationals,,St. Louis Cardinals,,Scheduled,,,,,
2026-09-18,7:38 PM,9:38 PM,Minnesota Twins,,Los Angeles Angels,,Scheduled,,,,,
2026-09-18,7:40 PM,9:40 PM,Miami Marlins,,San Diego Padres,,Scheduled,,,,,
2026-09-18,7:40 PM,9:40 PM,New York Yankees,,Arizona Diamondbacks,,Scheduled,,,,,
2026-09-18,8:15 PM,10:15 PM,San Francisco Giants,,Los Angeles Dodgers,,Scheduled,,,,,
2026-09-19,2:05 PM,4:05 PM,Milwaukee Brewers,,Baltimore Orioles,,Scheduled,,,,,
2026-09-19,2:10 PM,4:10 PM,Boston Red Sox,,Tampa Bay Rays,,Scheduled,,,,,
2026-09-19,2:10 PM,4:10 PM,Philadelphia Phillies,,New York Mets,,Scheduled,,,,,
2026-09-19,4:10 PM,6:10 PM,Athletics,,Cleveland Guardians,,Scheduled,,,,,
2026-09-19,4:40 PM,6:40 PM,Chicago Cubs,,Cincinnati Reds,,Scheduled,,,,,
2026-09-19,4:40 PM,6:40 PM,Kansas City Royals,,Pittsburgh Pirates,,Scheduled,,,,,
2026-09-19,5:05 PM,7:05 PM,Toronto Blue Jays,,Texas Rangers,,Scheduled,,,,,
2026-09-19,5:10 PM,7:10 PM,Atlanta Braves,,Houston Astros,,Scheduled,,,,,
2026-09-19,5:10 PM,7:10 PM,Detroit Tigers,,Chicago White Sox,,Scheduled,,,,,
2026-09-19,5:15 PM,7:15 PM,Washington Nationals,,St. Louis Cardinals,,Scheduled,,,,,
2026-09-19,6:10 PM,8:10 PM,Seattle Mariners,,Colorado Rockies,,Scheduled,,,,,
2026-09-19,6:10 PM,8:10 PM,New York Yankees,,Arizona Diamondbacks,,Scheduled,,,,,
2026-09-19,6:40 PM,8:40 PM,Miami Marlins,,San Diego Padres,,Scheduled,,,,,
2026-09-19,7:10 PM,9:10 PM,San Francisco Giants,,Los Angeles Dodgers,,Scheduled,,,,,
2026-09-19,7:38 PM,9:38 PM,Minnesota Twins,,Los Angeles Angels,,Scheduled,,,,,
2026-09-20,11:10 AM,1:10 PM,Philadelphia Phillies,,New York Mets,,Scheduled,,,,,
2026-09-20,11:35 AM,1:35 PM,Kansas City Royals,,Pittsburgh Pirates,,Scheduled,,,,,
2026-09-20,11:40 AM,1:40 PM,Chicago Cubs,,Cincinnati Reds,,Scheduled,,,,,
2026-09-20,11:40 AM,1:40 PM,Athletics,,Cleveland Guardians,,Scheduled,,,,,
2026-09-20,11:40 AM,1:40 PM,Boston Red Sox,,Tampa Bay Rays,,Scheduled,,,,,
2026-09-20,12:10 PM,2:10 PM,Atlanta Braves,,Houston Astros,,Scheduled,,,,,
2026-09-20,12:10 PM,2:10 PM,Detroit Tigers,,Chicago White Sox,,Scheduled,,,,,
2026-09-20,12:15 PM,2:15 PM,Washington Nationals,,St. Louis Cardinals,,Scheduled,,,,,
2026-09-20,12:35 PM,2:35 PM,Toronto Blue Jays,,Texas Rangers,,Scheduled,,,,,
2026-09-20,1:10 PM,3:10 PM,Seattle Mariners,,Colorado Rockies,,Scheduled,,,,,
2026-09-20,2:07 PM,4:07 PM,Minnesota Twins,,Los Angeles Angels,,Scheduled,,,,,
2026-09-20,2:10 PM,4:10 PM,San Francisco Giants,,Los Angeles Dodgers,,Scheduled,,,,,
2026-09-20,2:10 PM,4:10 PM,Miami Marlins,,San Diego Padres,,Scheduled,,,,,
2026-09-20,2:10 PM,4:10 PM,New York Yankees,,Arizona Diamondbacks,,Scheduled,,,,,
2026-09-20,5:20 PM,7:20 PM,Milwaukee Brewers,,Baltimore Orioles,,Scheduled,,,,,
2026-09-21,4:35 PM,6:35 PM,Toronto Blue Jays,,Baltimore Orioles,,Scheduled,,,,,
2026-09-21,4:40 PM,6:40 PM,Washington Nationals,,Detroit Tigers,,Scheduled,,,,,
2026-09-21,7:45 PM,9:45 PM,Minnesota Twins,,San Francisco Giants,,Scheduled,,,,,
2026-09-22,11:05 AM,1:05 PM,Tampa Bay Rays,,New York Yankees,,Scheduled,,,,,
2026-09-22,4:35 PM,6:35 PM,Toronto Blue Jays,,Baltimore Orioles,,Scheduled,,,,,
2026-09-22,4:40 PM,6:40 PM,Washington Nationals,,Detroit Tigers,,Scheduled,,,,,
2026-09-22,4:40 PM,6:40 PM,St. Louis Cardinals,,Pittsburgh Pirates,,Scheduled,,,,,
2026-09-22,4:40 PM,6:40 PM,Milwaukee Brewers,,Philadelphia Phillies,,Scheduled,,,,,
2026-09-22,4:45 PM,6:45 PM,Cleveland Guardians,,Boston Red Sox,,Scheduled,,,,,
2026-09-22,5:05 PM,7:05 PM,Tampa Bay Rays,,New York Yankees,,Scheduled,,,,,
2026-09-22,5:15 PM,7:15 PM,Cincinnati Reds,,Atlanta Braves,,Scheduled,,,,,
2026-09-22,5:40 PM,7:40 PM,Chicago White Sox,,Kansas City Royals,,Scheduled,,,,,
2026-09-22,5:40 PM,7:40 PM,Miami Marlins,,Chicago Cubs,,Scheduled,,,,,
2026-09-22,6:05 PM,8:05 PM,New York Mets,,Texas Rangers,,Scheduled,,,,,
2026-09-22,6:40 PM,8:40 PM,Arizona Diamondbacks,,Colorado Rockies,,Scheduled,,,,,
2026-09-22,7:40 PM,9:40 PM,Los Angeles Angels,,Athletics,,Scheduled,,,,,
2026-09-22,7:40 PM,9:40 PM,Houston Astros,,Seattle Mariners,,Scheduled,,,,,
2026-09-22,7:45 PM,9:45 PM,Minnesota Twins,,San Francisco Giants,,Scheduled,,,,,
2026-09-22,8:10 PM,10:10 PM,San Diego Padres,,Los Angeles Dodgers,,Scheduled,,,,,
2026-09-23,11:10 AM,1:10 PM,Washington Nationals,,Detroit Tigers,,Scheduled,,,,,
2026-09-23,1:45 PM,3:45 PM,Minnesota Twins,,San Francisco Giants,,Scheduled,,,,,
2026-09-23,4:35 PM,6:35 PM,Toronto Blue Jays,,Baltimore Orioles,,Scheduled,,,,,
2026-09-23,4:40 PM,6:40 PM,St. Louis Cardinals,,Pittsburgh Pirates,,Scheduled,,,,,
2026-09-23,4:40 PM,6:40 PM,Milwaukee Brewers,,Philadelphia Phillies,,Scheduled,,,,,
2026-09-23,5:05 PM,7:05 PM,Tampa Bay Rays,,New York Yankees,,Scheduled,,,,,
2026-09-23,5:10 PM,7:10 PM,Cleveland Guardians,,Boston Red Sox,,Scheduled,,,,,
2026-09-23,5:15 PM,7:15 PM,Cincinnati Reds,,Atlanta Braves,,Scheduled,,,,,
2026-09-23,5:40 PM,7:40 PM,Chicago White Sox,,Kansas City Royals,,Scheduled,,,,,
2026-09-23,5:40 PM,7:40 PM,Miami Marlins,,Chicago Cubs,,Scheduled,,,,,
2026-09-23,6:05 PM,8:05 PM,New York Mets,,Texas Rangers,,Scheduled,,,,,
2026-09-23,6:40 PM,8:40 PM,Arizona Diamondbacks,,Colorado Rockies,,Scheduled,,,,,
2026-09-23,7:40 PM,9:40 PM,Los Angeles Angels,,Athletics,,Scheduled,,,,,
2026-09-23,8:10 PM,10:10 PM,San Diego Padres,,Los Angeles Dodgers,,Scheduled,,,,,
2026-09-23,8:10 PM,10:10 PM,Houston Astros,,Seattle Mariners,,Scheduled,,,,,
2026-09-24,10:35 AM,12:35 PM,St. Louis Cardinals,,Pittsburgh Pirates,,Scheduled,,,,,
2026-09-24,12:10 PM,2:10 PM,Chicago White Sox,,Kansas City Royals,,Scheduled,,,,,
2026-09-24,12:20 PM,2:20 PM,Miami Marlins,,Chicago Cubs,,Scheduled,,,,,
2026-09-24,12:35 PM,2:35 PM,New York Mets,,Texas Rangers,,Scheduled,,,,,
2026-09-24,1:10 PM,3:10 PM,Arizona Diamondbacks,,Colorado Rockies,,Scheduled,,,,,
2026-09-24,4:05 PM,6:05 PM,Milwaukee Brewers,,Philadelphia Phillies,,Scheduled,,,,,
2026-09-24,4:45 PM,6:45 PM,Cleveland Guardians,,Boston Red Sox,,Scheduled,,,,,
2026-09-24,5:05 PM,7:05 PM,Tampa Bay Rays,,New York Yankees,,Scheduled,,,,,
2026-09-24,5:15 PM,7:15 PM,Cincinnati Reds,,Atlanta Braves,,Scheduled,,,,,
2026-09-24,7:40 PM,9:40 PM,Houston Astros,,Athletics,,Scheduled,,,,,
2026-09-24,7:40 PM,9:40 PM,Los Angeles Angels,,Seattle Mariners,,Scheduled,,,,,
2026-09-24,8:10 PM,10:10 PM,San Diego Padres,,Los Angeles Dodgers,,Scheduled,,,,,
2026-09-25,4:40 PM,6:40 PM,Pittsburgh Pirates,,Detroit Tigers,,Scheduled,,,,,
2026-09-25,4:40 PM,6:40 PM,Tampa Bay Rays,,Philadelphia Phillies,,Scheduled,,,,,
2026-09-25,4:45 PM,6:45 PM,New York Mets,,Washington Nationals,,Scheduled,,,,,
2026-09-25,5:05 PM,7:05 PM,Baltimore Orioles,,New York Yankees,,Scheduled,,,,,
2026-09-25,5:07 PM,7:07 PM,Cincinnati Reds,,Toronto Blue Jays,,Scheduled,,,,,
2026-09-25,5:10 PM,7:10 PM,Chicago Cubs,,Boston Red Sox,,Scheduled,,,,,
2026-09-25,5:10 PM,7:10 PM,Atlanta Braves,,Miami Marlins,,Scheduled,,,,,
2026-09-25,5:40 PM,7:40 PM,Cleveland Guardians,,Kansas City Royals,,Scheduled,,,,,
2026-09-25,5:40 PM,7:40 PM,Colorado Rockies,,Chicago White Sox,,Scheduled,,,,,
2026-09-25,5:40 PM,7:40 PM,St. Louis Cardinals,,Milwaukee Brewers,,Scheduled,,,,,
2026-09-25,6:10 PM,8:10 PM,Texas Rangers,,Minnesota Twins,,Scheduled,,,,,
2026-09-25,7:40 PM,9:40 PM,Houston Astros,,Athletics,,Scheduled,,,,,
2026-09-25,7:40 PM,9:40 PM,Arizona Diamondbacks,,San Diego Padres,,Scheduled,,,,,
2026-09-25,8:10 PM,10:10 PM,Los Angeles Angels,,Seattle Mariners,,Scheduled,,,,,
2026-09-25,8:15 PM,10:15 PM,Los Angeles Dodgers,,San Francisco Giants,,Scheduled,,,,,
2026-09-26,11:10 AM,1:10 PM,Pittsburgh Pirates,,Detroit Tigers,,Scheduled,,,,,
2026-09-26,1:07 PM,3:07 PM,Cincinnati Reds,,Toronto Blue Jays,,Scheduled,,,,,
2026-09-26,2:05 PM,4:05 PM,New York Mets,,Washington Nationals,,Scheduled,,,,,
2026-09-26,2:05 PM,4:05 PM,Los Angeles Dodgers,,San Francisco Giants,,Scheduled,,,,,
2026-09-26,2:10 PM,4:10 PM,Texas Rangers,,Minnesota Twins,,Scheduled,,,,,
2026-09-26,2:10 PM,4:10 PM,Atlanta Braves,,Miami Marlins,,Scheduled,,,,,
2026-09-26,5:10 PM,7:10 PM,Cleveland Guardians,,Kansas City Royals,,Scheduled,,,,,
2026-09-26,5:10 PM,7:10 PM,Colorado Rockies,,Chicago White Sox,,Scheduled,,,,,
2026-09-26,5:10 PM,7:10 PM,St. Louis Cardinals,,Milwaukee Brewers,,Scheduled,,,,,
2026-09-26,5:15 PM,7:15 PM,Chicago Cubs,,Boston Red Sox,,Scheduled,,,,,
2026-09-26,5:15 PM,7:15 PM,Tampa Bay Rays,,Philadelphia Phillies,,Scheduled,,,,,
2026-09-26,5:15 PM,7:15 PM,Baltimore Orioles,,New York Yankees,,Scheduled,,,,,
2026-09-26,6:40 PM,8:40 PM,Arizona Diamondbacks,,San Diego Padres,,Scheduled,,,,,
2026-09-26,7:40 PM,9:40 PM,Houston Astros,,Athletics,,Scheduled,,,,,
2026-09-26,7:40 PM,9:40 PM,Los Angeles Angels,,Seattle Mariners,,Scheduled,,,,,
2026-09-27,1:05 PM,3:05 PM,Chicago Cubs,,Boston Red Sox,,Scheduled,,,,,
2026-09-27,1:05 PM,3:05 PM,New York Mets,,Washington Nationals,,Scheduled,,,,,
2026-09-27,1:05 PM,3:05 PM,Houston Astros,,Athletics,,Scheduled,,,,,
2026-09-27,1:05 PM,3:05 PM,Los Angeles Dodgers,,San Francisco Giants,,Scheduled,,,,,
2026-09-27,1:05 PM,3:05 PM,Tampa Bay Rays,,Philadelphia Phillies,,Scheduled,,,,,
2026-09-27,1:07 PM,3:07 PM,Cincinnati Reds,,Toronto Blue Jays,,Scheduled,,,,,
2026-09-27,1:10 PM,3:10 PM,Cleveland Guardians,,Kansas City Royals,,Scheduled,,,,,
2026-09-27,1:10 PM,3:10 PM,Pittsburgh Pirates,,Detroit Tigers,,Scheduled,,,,,
2026-09-27,1:10 PM,3:10 PM,Arizona Diamondbacks,,San Diego Padres,,Scheduled,,,,,
2026-09-27,1:10 PM,3:10 PM,Los Angeles Angels,,Seattle Mariners,,Scheduled,,,,,
2026-09-27,1:10 PM,3:10 PM,Texas Rangers,,Minnesota Twins,,Scheduled,,,,,
2026-09-27,1:10 PM,3:10 PM,Colorado Rockies,,Chicago White Sox,,Scheduled,,,,,
2026-09-27,1:10 PM,3:10 PM,Atlanta Braves,,Miami Marlins,,Scheduled,,,,,
2026-09-27,1:10 PM,3:10 PM,St. Louis Cardinals,,Milwaukee Brewers,,Scheduled,,,,,
2026-09-27,1:20 PM,3:20 PM,Baltimore Orioles,,New York Yankees,,Scheduled,,,,,
